Running scope as unit: run-r688ec6f38f3842d3a90383a486aa8301.scope
chipdb: /home/kelvin/side-project/eisenjoch/chip_database/xc7_large.bin
design: /home/kelvin/side-project/eisenjoch/benchmark/ispd/generated/2016/FPGA01/FPGA01.json
RSS_SAMPLE t=0.0s rss=3MB hwm=3MB
RSS_SAMPLE t=0.3s rss=437MB hwm=437MB
RSS_SAMPLE t=0.5s rss=716MB hwm=716MB
RSS_SAMPLE t=0.8s rss=823MB hwm=823MB
RSS_SAMPLE t=1.0s rss=818MB hwm=823MB
RSS_SAMPLE t=1.3s rss=819MB hwm=823MB
RSS_SAMPLE t=1.5s rss=820MB hwm=823MB
cfg: max_outer_iters=20 blend_alpha=0.5 hardening_step=0 graph_model=TwoLevelPip
  topological compress: density=0.60 target_tiles=15971 final_tiles=15777 scale=1.851 center=(205.1,111.0)
  topological init: n_movable=76660, n_edges=229053, max_layer=26775, back_edges=54022, n_anchored=0
RSS_SAMPLE t=1.8s rss=820MB hwm=823MB
RSS_SAMPLE t=2.0s rss=820MB hwm=823MB
RSS_SAMPLE t=2.3s rss=820MB hwm=823MB
RSS_SAMPLE t=2.5s rss=820MB hwm=823MB
RSS_SAMPLE t=2.8s rss=820MB hwm=823MB
RSS_SAMPLE t=3.0s rss=820MB hwm=823MB
RSS_SAMPLE t=3.3s rss=820MB hwm=823MB
RSS_SAMPLE t=3.5s rss=820MB hwm=823MB
RSS_SAMPLE t=3.8s rss=820MB hwm=823MB
RSS_SAMPLE t=4.0s rss=820MB hwm=823MB
RSS_SAMPLE t=4.3s rss=820MB hwm=823MB
RSS_SAMPLE t=4.5s rss=820MB hwm=823MB
RSS_SAMPLE t=4.8s rss=820MB hwm=823MB
RSS_SAMPLE t=5.0s rss=820MB hwm=823MB
RSS_SAMPLE t=5.3s rss=820MB hwm=823MB
RSS_SAMPLE t=5.5s rss=820MB hwm=823MB
RSS_SAMPLE t=5.8s rss=820MB hwm=823MB
RSS_SAMPLE t=6.0s rss=820MB hwm=823MB
RSS_SAMPLE t=6.3s rss=820MB hwm=823MB
RSS_SAMPLE t=6.5s rss=820MB hwm=823MB
RSS_SAMPLE t=6.8s rss=820MB hwm=823MB
RSS_SAMPLE t=7.0s rss=820MB hwm=823MB
RSS_SAMPLE t=7.3s rss=820MB hwm=823MB
RSS_SAMPLE t=7.5s rss=820MB hwm=823MB
RSS_SAMPLE t=7.8s rss=820MB hwm=823MB
RSS_SAMPLE t=8.0s rss=820MB hwm=823MB
RSS_SAMPLE t=8.3s rss=820MB hwm=823MB
RSS_SAMPLE t=8.5s rss=820MB hwm=823MB
RSS_SAMPLE t=8.8s rss=820MB hwm=823MB
RSS_SAMPLE t=9.0s rss=820MB hwm=823MB
RSS_SAMPLE t=9.3s rss=820MB hwm=823MB
RSS_SAMPLE t=9.5s rss=820MB hwm=823MB
RSS_SAMPLE t=9.8s rss=820MB hwm=823MB
RSS_SAMPLE t=10.0s rss=820MB hwm=823MB
RSS_SAMPLE t=10.3s rss=820MB hwm=823MB
RSS_SAMPLE t=10.5s rss=820MB hwm=823MB
RSS_SAMPLE t=10.8s rss=820MB hwm=823MB
RSS_SAMPLE t=11.0s rss=820MB hwm=823MB
RSS_SAMPLE t=11.3s rss=820MB hwm=823MB
RSS_SAMPLE t=11.5s rss=820MB hwm=823MB
RSS_SAMPLE t=11.8s rss=820MB hwm=823MB
RSS_SAMPLE t=12.0s rss=820MB hwm=823MB
RSS_SAMPLE t=12.3s rss=820MB hwm=823MB
RSS_SAMPLE t=12.5s rss=820MB hwm=823MB
RSS_SAMPLE t=12.8s rss=820MB hwm=823MB
RSS_SAMPLE t=13.0s rss=820MB hwm=823MB
RSS_SAMPLE t=13.3s rss=820MB hwm=823MB
RSS_SAMPLE t=13.5s rss=820MB hwm=823MB
RSS_SAMPLE t=13.8s rss=820MB hwm=823MB
RSS_SAMPLE t=14.0s rss=820MB hwm=823MB
RSS_SAMPLE t=14.3s rss=820MB hwm=823MB
RSS_SAMPLE t=14.5s rss=820MB hwm=823MB
RSS_SAMPLE t=14.8s rss=820MB hwm=823MB
RSS_SAMPLE t=15.0s rss=820MB hwm=823MB
RSS_SAMPLE t=15.3s rss=820MB hwm=823MB
RSS_SAMPLE t=15.5s rss=820MB hwm=823MB
RSS_SAMPLE t=15.8s rss=820MB hwm=823MB
RSS_SAMPLE t=16.0s rss=820MB hwm=823MB
RSS_SAMPLE t=16.3s rss=820MB hwm=823MB
RSS_SAMPLE t=16.5s rss=820MB hwm=823MB
RSS_SAMPLE t=16.8s rss=820MB hwm=823MB
RSS_SAMPLE t=17.0s rss=820MB hwm=823MB
RSS_SAMPLE t=17.3s rss=820MB hwm=823MB
RSS_SAMPLE t=17.5s rss=820MB hwm=823MB
RSS_SAMPLE t=17.8s rss=820MB hwm=823MB
RSS_SAMPLE t=18.0s rss=820MB hwm=823MB
RSS_SAMPLE t=18.3s rss=820MB hwm=823MB
RSS_SAMPLE t=18.5s rss=820MB hwm=823MB
RSS_SAMPLE t=18.8s rss=820MB hwm=823MB
RSS_SAMPLE t=19.0s rss=820MB hwm=823MB
RSS_SAMPLE t=19.3s rss=820MB hwm=823MB
RSS_SAMPLE t=19.5s rss=820MB hwm=823MB
RSS_SAMPLE t=19.8s rss=820MB hwm=823MB
RSS_SAMPLE t=20.0s rss=820MB hwm=823MB
RSS_SAMPLE t=20.3s rss=820MB hwm=823MB
RSS_SAMPLE t=20.5s rss=820MB hwm=823MB
RSS_SAMPLE t=20.8s rss=820MB hwm=823MB
RSS_SAMPLE t=21.0s rss=820MB hwm=823MB
RSS_SAMPLE t=21.3s rss=820MB hwm=823MB
RSS_SAMPLE t=21.5s rss=820MB hwm=823MB
RSS_SAMPLE t=21.8s rss=820MB hwm=823MB
RSS_SAMPLE t=22.0s rss=820MB hwm=823MB
RSS_SAMPLE t=22.3s rss=820MB hwm=823MB
RSS_SAMPLE t=22.5s rss=820MB hwm=823MB
RSS_SAMPLE t=22.8s rss=820MB hwm=823MB
RSS_SAMPLE t=23.0s rss=820MB hwm=823MB
RSS_SAMPLE t=23.3s rss=820MB hwm=823MB
RSS_SAMPLE t=23.5s rss=820MB hwm=823MB
RSS_SAMPLE t=23.8s rss=820MB hwm=823MB
RSS_SAMPLE t=24.0s rss=820MB hwm=823MB
RSS_SAMPLE t=24.3s rss=820MB hwm=823MB
RSS_SAMPLE t=24.5s rss=820MB hwm=823MB
RSS_SAMPLE t=24.8s rss=820MB hwm=823MB
RSS_SAMPLE t=25.0s rss=820MB hwm=823MB
RSS_SAMPLE t=25.3s rss=820MB hwm=823MB
RSS_SAMPLE t=25.5s rss=820MB hwm=823MB
RSS_SAMPLE t=25.8s rss=820MB hwm=823MB
RSS_SAMPLE t=26.0s rss=820MB hwm=823MB
RSS_SAMPLE t=26.3s rss=820MB hwm=823MB
RSS_SAMPLE t=26.5s rss=820MB hwm=823MB
RSS_SAMPLE t=26.8s rss=820MB hwm=823MB
RSS_SAMPLE t=27.0s rss=820MB hwm=823MB
RSS_SAMPLE t=27.3s rss=820MB hwm=823MB
RSS_SAMPLE t=27.5s rss=820MB hwm=823MB
RSS_SAMPLE t=27.8s rss=820MB hwm=823MB
RSS_SAMPLE t=28.0s rss=820MB hwm=823MB
RSS_SAMPLE t=28.3s rss=820MB hwm=823MB
RSS_SAMPLE t=28.5s rss=820MB hwm=823MB
RSS_SAMPLE t=28.8s rss=820MB hwm=823MB
RSS_SAMPLE t=29.0s rss=820MB hwm=823MB
RSS_SAMPLE t=29.3s rss=820MB hwm=823MB
RSS_SAMPLE t=29.5s rss=820MB hwm=823MB
RSS_SAMPLE t=29.8s rss=820MB hwm=823MB
RSS_SAMPLE t=30.0s rss=820MB hwm=823MB
RSS_SAMPLE t=30.3s rss=820MB hwm=823MB
RSS_SAMPLE t=30.5s rss=820MB hwm=823MB
RSS_SAMPLE t=30.8s rss=820MB hwm=823MB
RSS_SAMPLE t=31.0s rss=820MB hwm=823MB
RSS_SAMPLE t=31.3s rss=820MB hwm=823MB
RSS_SAMPLE t=31.5s rss=820MB hwm=823MB
RSS_SAMPLE t=31.8s rss=820MB hwm=823MB
RSS_SAMPLE t=32.0s rss=820MB hwm=823MB
RSS_SAMPLE t=32.3s rss=820MB hwm=823MB
RSS_SAMPLE t=32.5s rss=820MB hwm=823MB
RSS_SAMPLE t=32.8s rss=820MB hwm=823MB
RSS_SAMPLE t=33.0s rss=820MB hwm=823MB
RSS_SAMPLE t=33.3s rss=820MB hwm=823MB
RSS_SAMPLE t=33.5s rss=820MB hwm=823MB
RSS_SAMPLE t=33.8s rss=820MB hwm=823MB
RSS_SAMPLE t=34.0s rss=820MB hwm=823MB
RSS_SAMPLE t=34.3s rss=820MB hwm=823MB
RSS_SAMPLE t=34.5s rss=820MB hwm=823MB
RSS_SAMPLE t=34.8s rss=820MB hwm=823MB
RSS_SAMPLE t=35.0s rss=820MB hwm=823MB
RSS_SAMPLE t=35.3s rss=820MB hwm=823MB
RSS_SAMPLE t=35.5s rss=820MB hwm=823MB
RSS_SAMPLE t=35.8s rss=820MB hwm=823MB
RSS_SAMPLE t=36.0s rss=820MB hwm=823MB
RSS_SAMPLE t=36.3s rss=820MB hwm=823MB
RSS_SAMPLE t=36.5s rss=820MB hwm=823MB
RSS_SAMPLE t=36.8s rss=820MB hwm=823MB
RSS_SAMPLE t=37.0s rss=820MB hwm=823MB
RSS_SAMPLE t=37.3s rss=820MB hwm=823MB
RSS_SAMPLE t=37.5s rss=820MB hwm=823MB
RSS_SAMPLE t=37.8s rss=820MB hwm=823MB
RSS_SAMPLE t=38.0s rss=820MB hwm=823MB
RSS_SAMPLE t=38.3s rss=820MB hwm=823MB
RSS_SAMPLE t=38.5s rss=820MB hwm=823MB
RSS_SAMPLE t=38.8s rss=820MB hwm=823MB
RSS_SAMPLE t=39.0s rss=820MB hwm=823MB
RSS_SAMPLE t=39.3s rss=820MB hwm=823MB
RSS_SAMPLE t=39.5s rss=820MB hwm=823MB
RSS_SAMPLE t=39.8s rss=820MB hwm=823MB
RSS_SAMPLE t=40.0s rss=820MB hwm=823MB
RSS_SAMPLE t=40.3s rss=820MB hwm=823MB
RSS_SAMPLE t=40.5s rss=820MB hwm=823MB
RSS_SAMPLE t=40.8s rss=820MB hwm=823MB
RSS_SAMPLE t=41.0s rss=820MB hwm=823MB
RSS_SAMPLE t=41.3s rss=820MB hwm=823MB
RSS_SAMPLE t=41.5s rss=820MB hwm=823MB
RSS_SAMPLE t=41.8s rss=820MB hwm=823MB
RSS_SAMPLE t=42.0s rss=820MB hwm=823MB
RSS_SAMPLE t=42.3s rss=820MB hwm=823MB
RSS_SAMPLE t=42.5s rss=820MB hwm=823MB
RSS_SAMPLE t=42.8s rss=820MB hwm=823MB
RSS_SAMPLE t=43.0s rss=820MB hwm=823MB
RSS_SAMPLE t=43.3s rss=820MB hwm=823MB
RSS_SAMPLE t=43.5s rss=820MB hwm=823MB
RSS_SAMPLE t=43.8s rss=820MB hwm=823MB
RSS_SAMPLE t=44.0s rss=820MB hwm=823MB
RSS_SAMPLE t=44.3s rss=820MB hwm=823MB
RSS_SAMPLE t=44.5s rss=820MB hwm=823MB
RSS_SAMPLE t=44.8s rss=820MB hwm=823MB
RSS_SAMPLE t=45.0s rss=820MB hwm=823MB
RSS_SAMPLE t=45.3s rss=820MB hwm=823MB
RSS_SAMPLE t=45.5s rss=820MB hwm=823MB
RSS_SAMPLE t=45.8s rss=820MB hwm=823MB
RSS_SAMPLE t=46.0s rss=820MB hwm=823MB
RSS_SAMPLE t=46.3s rss=820MB hwm=823MB
RSS_SAMPLE t=46.5s rss=820MB hwm=823MB
RSS_SAMPLE t=46.8s rss=820MB hwm=823MB
RSS_SAMPLE t=47.0s rss=820MB hwm=823MB
RSS_SAMPLE t=47.3s rss=820MB hwm=823MB
RSS_SAMPLE t=47.5s rss=820MB hwm=823MB
RSS_SAMPLE t=47.8s rss=820MB hwm=823MB
RSS_SAMPLE t=48.0s rss=820MB hwm=823MB
RSS_SAMPLE t=48.3s rss=820MB hwm=823MB
RSS_SAMPLE t=48.5s rss=820MB hwm=823MB
RSS_SAMPLE t=48.8s rss=820MB hwm=823MB
RSS_SAMPLE t=49.0s rss=820MB hwm=823MB
RSS_SAMPLE t=49.3s rss=820MB hwm=823MB
RSS_SAMPLE t=49.5s rss=820MB hwm=823MB
RSS_SAMPLE t=49.8s rss=820MB hwm=823MB
RSS_SAMPLE t=50.0s rss=820MB hwm=823MB
RSS_SAMPLE t=50.3s rss=820MB hwm=823MB
RSS_SAMPLE t=50.5s rss=820MB hwm=823MB
RSS_SAMPLE t=50.8s rss=820MB hwm=823MB
RSS_SAMPLE t=51.0s rss=820MB hwm=823MB
RSS_SAMPLE t=51.3s rss=820MB hwm=823MB
RSS_SAMPLE t=51.5s rss=820MB hwm=823MB
RSS_SAMPLE t=51.8s rss=820MB hwm=823MB
RSS_SAMPLE t=52.0s rss=820MB hwm=823MB
RSS_SAMPLE t=52.3s rss=820MB hwm=823MB
RSS_SAMPLE t=52.5s rss=820MB hwm=823MB
RSS_SAMPLE t=52.8s rss=820MB hwm=823MB
RSS_SAMPLE t=53.0s rss=820MB hwm=823MB
RSS_SAMPLE t=53.3s rss=820MB hwm=823MB
RSS_SAMPLE t=53.5s rss=820MB hwm=823MB
RSS_SAMPLE t=53.8s rss=820MB hwm=823MB
RSS_SAMPLE t=54.0s rss=820MB hwm=823MB
RSS_SAMPLE t=54.3s rss=820MB hwm=823MB
RSS_SAMPLE t=54.5s rss=820MB hwm=823MB
RSS_SAMPLE t=54.8s rss=820MB hwm=823MB
RSS_SAMPLE t=55.0s rss=820MB hwm=823MB
RSS_SAMPLE t=55.3s rss=820MB hwm=823MB
RSS_SAMPLE t=55.5s rss=820MB hwm=823MB
RSS_SAMPLE t=55.8s rss=820MB hwm=823MB
RSS_SAMPLE t=56.0s rss=867MB hwm=867MB
RSS_SAMPLE t=56.3s rss=909MB hwm=909MB
RSS_SAMPLE t=56.5s rss=933MB hwm=933MB
RSS_SAMPLE t=56.8s rss=933MB hwm=933MB
RSS_SAMPLE t=57.0s rss=933MB hwm=933MB
RSS_SAMPLE t=57.3s rss=933MB hwm=933MB
RSS_SAMPLE t=57.5s rss=933MB hwm=933MB
RSS_SAMPLE t=57.8s rss=933MB hwm=933MB
  Skipped truly-null coarse cells: 0 (of 69353 total); pruned pipes: src_null=0 dst_null=0
  Pipe capacity by span:
    span=  1: 138172 pipes, cap min=1 avg=134.5 max=432
    span=  2: 136455 pipes, cap min=2 avg=50.7 max=118
    span=  3: 135619 pipes, cap min=2 avg=26.1 max=52
    span=  4: 136319 pipes, cap min=2 avg=22.7 max=140
    span=  5: 135918 pipes, cap min=2 avg=66.1 max=124
    span=  6: 201217 pipes, cap min=2 avg=15.2 max=28
    span=  7: 200933 pipes, cap min=1 avg=7.3 max=20
    span=  8: 132748 pipes, cap min=2 avg=6.0 max=10
    span=  9: 130848 pipes, cap min=2 avg=6.0 max=10
    span= 10: 131090 pipes, cap min=2 avg=2.2 max=31
    span= 11: 129628 pipes, cap min=2 avg=2.0 max=4
    span= 12: 129018 pipes, cap min=2 avg=2.0 max=4
    span= 13: 128408 pipes, cap min=1 avg=1.5 max=4
    span= 14: 127798 pipes, cap min=1 avg=1.0 max=2
    span= 15: 127188 pipes, cap min=1 avg=1.0 max=2
    span= 16: 126578 pipes, cap min=1 avg=1.0 max=2
    span= 17: 125968 pipes, cap min=1 avg=1.0 max=2
    span= 18: 125358 pipes, cap min=1 avg=1.0 max=2
    span= 19: 63140 pipes, cap min=1 avg=1.0 max=2
  Thin span-1 pipes (cap<=2): 222 total, by tile-type pair (top 20):
    NULL <-> NULL: 220
    CLK_BUFG <-> NULL: 2
  Pipe cost: span^0.50 model (r1=1), span-1=1.000, span-12=3.464, 2×span-6=4.899, 12×span-1=12.000
RSS_SAMPLE t=58.0s rss=972MB hwm=972MB
  topological compress: density=0.60 target_tiles=15971 final_tiles=15777 scale=1.851 center=(205.1,111.0)
  topological init: n_movable=76660, n_edges=229053, max_layer=26775, back_edges=54022, n_anchored=0
  type DFF: 302 valid columns, 1077536 total BELs
  type LUT6: 302 valid columns, 538768 total BELs
TypeAwarePlacement: 2 cell types
Coordinate descent mode: 76660 cells, scale 1.00
CellValidityMask: 76660 cells, 311x223 grid, 2 bucket masks, per-cell valid positions: min=67346 avg=67346.0 max=67346, unmapped cells=0
RSS_SAMPLE t=58.3s rss=1041MB hwm=1041MB
MuxSlotTracker: 76660 cells (76660 with external fanout), 67346 tiles, total_cap=1077536, active_buckets=[DFF,LUT6], built in 71.6ms
MuxSlotTracker[post-seed]: populated_cells=27114, overflow_tiles=518, at_cap_tiles=50, peak_excess=41, capacity_hist={16:67346}
DCD placer: 76660 cells, 69353 nodes, outer_iters=20, dcd_iters_per_cell=8, graph_model=TwoLevelPip
MEM_STATIC: pipes=352MB nodes=1MB adjacency=78MB pipe_cost_vecs=59MB validity_mask=0MB n_pipes=2562403 n_edges=5124806 rss=1044MB
Softmin position update: enabled, theta 0.250 -> 5.000 (anneal over 20 iters)
RSS_SAMPLE t=58.5s rss=1071MB hwm=1071MB
RSS_SAMPLE t=58.8s rss=1071MB hwm=1071MB
RSS_SAMPLE t=59.0s rss=1071MB hwm=1071MB
RSS_SAMPLE t=59.3s rss=1071MB hwm=1071MB
RSS_SAMPLE t=59.5s rss=1071MB hwm=1071MB
RSS_SAMPLE t=59.8s rss=1071MB hwm=1071MB
RSS_SAMPLE t=60.0s rss=1071MB hwm=1071MB
RSS_SAMPLE t=60.3s rss=1071MB hwm=1071MB
RSS_SAMPLE t=60.5s rss=1071MB hwm=1071MB
RSS_SAMPLE t=60.8s rss=1071MB hwm=1071MB
    SwitchMatrix: type_usage_pairs=7 lookups=110 hits=103 dijkstra_calls=7 avg_us=10.6 total_ms=0.1
PHASE_MARK outer=0 enter=pre_solve rss=1074MB
RSS_SAMPLE t=61.0s rss=1201MB hwm=1201MB
RSS_SAMPLE t=61.3s rss=1223MB hwm=1223MB
RSS_SAMPLE t=61.5s rss=1230MB hwm=1230MB
RSS_SAMPLE t=61.8s rss=1239MB hwm=1239MB
RSS_SAMPLE t=62.0s rss=1247MB hwm=1247MB
RSS_SAMPLE t=62.3s rss=1252MB hwm=1252MB
RSS_SAMPLE t=62.5s rss=1258MB hwm=1258MB
RSS_SAMPLE t=62.8s rss=1267MB hwm=1267MB
RSS_SAMPLE t=63.0s rss=1274MB hwm=1274MB
RSS_SAMPLE t=63.3s rss=1279MB hwm=1279MB
RSS_SAMPLE t=63.5s rss=1286MB hwm=1286MB
RSS_SAMPLE t=63.8s rss=1292MB hwm=1292MB
RSS_SAMPLE t=64.0s rss=1297MB hwm=1297MB
RSS_SAMPLE t=64.3s rss=1305MB hwm=1305MB
RSS_SAMPLE t=64.5s rss=1313MB hwm=1313MB
RSS_SAMPLE t=64.8s rss=1319MB hwm=1319MB
RSS_SAMPLE t=65.0s rss=1325MB hwm=1325MB
RSS_SAMPLE t=65.3s rss=1331MB hwm=1331MB
RSS_SAMPLE t=65.5s rss=1336MB hwm=1336MB
RSS_SAMPLE t=65.8s rss=1342MB hwm=1342MB
RSS_SAMPLE t=66.0s rss=1349MB hwm=1349MB
RSS_SAMPLE t=66.3s rss=1355MB hwm=1355MB
RSS_SAMPLE t=66.5s rss=1363MB hwm=1363MB
RSS_SAMPLE t=66.8s rss=1368MB hwm=1368MB
RSS_SAMPLE t=67.0s rss=1373MB hwm=1373MB
RSS_SAMPLE t=67.3s rss=1379MB hwm=1379MB
RSS_SAMPLE t=67.5s rss=1385MB hwm=1385MB
RSS_SAMPLE t=67.8s rss=1392MB hwm=1392MB
RSS_SAMPLE t=68.0s rss=1398MB hwm=1398MB
RSS_SAMPLE t=68.3s rss=1405MB hwm=1405MB
RSS_SAMPLE t=68.5s rss=1411MB hwm=1411MB
RSS_SAMPLE t=68.8s rss=1417MB hwm=1417MB
RSS_SAMPLE t=69.0s rss=1422MB hwm=1422MB
RSS_SAMPLE t=69.3s rss=1427MB hwm=1427MB
RSS_SAMPLE t=69.5s rss=1434MB hwm=1434MB
RSS_SAMPLE t=69.8s rss=1438MB hwm=1438MB
RSS_SAMPLE t=70.0s rss=1445MB hwm=1445MB
RSS_SAMPLE t=70.3s rss=1451MB hwm=1451MB
RSS_SAMPLE t=70.5s rss=1457MB hwm=1457MB
RSS_SAMPLE t=70.8s rss=1463MB hwm=1463MB
RSS_SAMPLE t=71.0s rss=1470MB hwm=1470MB
RSS_SAMPLE t=71.3s rss=1474MB hwm=1474MB
RSS_SAMPLE t=71.5s rss=1480MB hwm=1480MB
RSS_SAMPLE t=71.8s rss=1488MB hwm=1488MB
RSS_SAMPLE t=72.0s rss=1494MB hwm=1494MB
RSS_SAMPLE t=72.3s rss=1500MB hwm=1500MB
RSS_SAMPLE t=72.5s rss=1506MB hwm=1506MB
RSS_SAMPLE t=72.8s rss=1512MB hwm=1512MB
RSS_SAMPLE t=73.0s rss=1518MB hwm=1518MB
RSS_SAMPLE t=73.3s rss=1524MB hwm=1524MB
RSS_SAMPLE t=73.5s rss=1529MB hwm=1529MB
RSS_SAMPLE t=73.8s rss=1536MB hwm=1536MB
RSS_SAMPLE t=74.0s rss=1543MB hwm=1543MB
RSS_SAMPLE t=74.3s rss=1550MB hwm=1550MB
RSS_SAMPLE t=74.5s rss=1556MB hwm=1556MB
RSS_SAMPLE t=74.8s rss=1563MB hwm=1563MB
RSS_SAMPLE t=75.0s rss=1570MB hwm=1570MB
RSS_SAMPLE t=75.3s rss=1577MB hwm=1577MB
RSS_SAMPLE t=75.5s rss=1584MB hwm=1584MB
RSS_SAMPLE t=75.8s rss=1591MB hwm=1591MB
RSS_SAMPLE t=76.0s rss=1598MB hwm=1598MB
RSS_SAMPLE t=76.3s rss=1604MB hwm=1604MB
RSS_SAMPLE t=76.5s rss=1610MB hwm=1610MB
RSS_SAMPLE t=76.8s rss=1616MB hwm=1616MB
RSS_SAMPLE t=77.0s rss=1623MB hwm=1623MB
RSS_SAMPLE t=77.3s rss=1631MB hwm=1631MB
RSS_SAMPLE t=77.5s rss=1638MB hwm=1638MB
RSS_SAMPLE t=77.8s rss=1643MB hwm=1643MB
RSS_SAMPLE t=78.0s rss=1649MB hwm=1649MB
RSS_SAMPLE t=78.3s rss=1656MB hwm=1656MB
RSS_SAMPLE t=78.5s rss=1662MB hwm=1662MB
RSS_SAMPLE t=78.8s rss=1670MB hwm=1670MB
RSS_SAMPLE t=79.0s rss=1677MB hwm=1677MB
RSS_SAMPLE t=79.3s rss=1684MB hwm=1684MB
RSS_SAMPLE t=79.5s rss=1692MB hwm=1692MB
RSS_SAMPLE t=79.8s rss=1699MB hwm=1699MB
RSS_SAMPLE t=80.0s rss=1705MB hwm=1705MB
RSS_SAMPLE t=80.3s rss=1712MB hwm=1712MB
RSS_SAMPLE t=80.5s rss=1718MB hwm=1718MB
RSS_SAMPLE t=80.8s rss=1726MB hwm=1726MB
RSS_SAMPLE t=81.1s rss=1733MB hwm=1733MB
RSS_SAMPLE t=81.3s rss=1739MB hwm=1739MB
RSS_SAMPLE t=81.6s rss=1747MB hwm=1747MB
RSS_SAMPLE t=81.8s rss=1753MB hwm=1753MB
RSS_SAMPLE t=82.1s rss=1760MB hwm=1760MB
RSS_SAMPLE t=82.3s rss=1768MB hwm=1768MB
RSS_SAMPLE t=82.6s rss=1774MB hwm=1774MB
RSS_SAMPLE t=82.8s rss=1780MB hwm=1780MB
RSS_SAMPLE t=83.1s rss=1788MB hwm=1788MB
RSS_SAMPLE t=83.3s rss=1795MB hwm=1795MB
RSS_SAMPLE t=83.6s rss=1801MB hwm=1801MB
RSS_SAMPLE t=83.8s rss=1809MB hwm=1809MB
RSS_SAMPLE t=84.1s rss=1815MB hwm=1815MB
RSS_SAMPLE t=84.3s rss=1822MB hwm=1822MB
RSS_SAMPLE t=84.6s rss=1829MB hwm=1829MB
RSS_SAMPLE t=84.8s rss=1838MB hwm=1838MB
RSS_SAMPLE t=85.1s rss=1844MB hwm=1844MB
RSS_SAMPLE t=85.3s rss=1851MB hwm=1851MB
RSS_SAMPLE t=85.6s rss=1856MB hwm=1856MB
RSS_SAMPLE t=85.8s rss=1862MB hwm=1862MB
RSS_SAMPLE t=86.1s rss=1869MB hwm=1869MB
RSS_SAMPLE t=86.3s rss=1874MB hwm=1874MB
RSS_SAMPLE t=86.6s rss=1879MB hwm=1879MB
RSS_SAMPLE t=86.8s rss=1882MB hwm=1882MB
RSS_SAMPLE t=87.1s rss=1883MB hwm=1883MB
RSS_SAMPLE t=87.3s rss=1884MB hwm=1884MB
RSS_SAMPLE t=87.6s rss=1884MB hwm=1884MB
RSS_SAMPLE t=87.8s rss=1885MB hwm=1885MB
RSS_SAMPLE t=88.1s rss=1885MB hwm=1885MB
RSS_SAMPLE t=88.3s rss=1885MB hwm=1885MB
RSS_SAMPLE t=88.6s rss=1885MB hwm=1885MB
RSS_SAMPLE t=88.8s rss=1886MB hwm=1886MB
RSS_SAMPLE t=89.1s rss=1886MB hwm=1886MB
RSS_SAMPLE t=89.3s rss=1886MB hwm=1886MB
RSS_SAMPLE t=89.6s rss=1886MB hwm=1886MB
RSS_SAMPLE t=89.8s rss=1887MB hwm=1887MB
RSS_SAMPLE t=90.1s rss=1887MB hwm=1887MB
RSS_SAMPLE t=90.3s rss=1887MB hwm=1887MB
RSS_SAMPLE t=90.6s rss=1888MB hwm=1888MB
RSS_SAMPLE t=90.8s rss=1888MB hwm=1888MB
RSS_SAMPLE t=91.1s rss=1888MB hwm=1888MB
RSS_SAMPLE t=91.3s rss=1888MB hwm=1888MB
RSS_SAMPLE t=91.6s rss=1889MB hwm=1889MB
RSS_SAMPLE t=91.8s rss=1889MB hwm=1889MB
RSS_SAMPLE t=92.1s rss=1890MB hwm=1890MB
RSS_SAMPLE t=92.3s rss=1890MB hwm=1890MB
RSS_SAMPLE t=92.6s rss=1890MB hwm=1890MB
RSS_SAMPLE t=92.8s rss=1890MB hwm=1890MB
RSS_SAMPLE t=93.1s rss=1891MB hwm=1891MB
RSS_SAMPLE t=93.3s rss=1891MB hwm=1891MB
RSS_SAMPLE t=93.6s rss=1891MB hwm=1891MB
RSS_SAMPLE t=93.8s rss=1891MB hwm=1891MB
RSS_SAMPLE t=94.1s rss=1892MB hwm=1892MB
RSS_SAMPLE t=94.3s rss=1892MB hwm=1892MB
RSS_SAMPLE t=94.6s rss=1893MB hwm=1893MB
RSS_SAMPLE t=94.8s rss=1893MB hwm=1893MB
RSS_SAMPLE t=95.1s rss=1893MB hwm=1893MB
RSS_SAMPLE t=95.3s rss=1894MB hwm=1894MB
RSS_SAMPLE t=95.6s rss=1894MB hwm=1894MB
RSS_SAMPLE t=95.8s rss=1894MB hwm=1894MB
RSS_SAMPLE t=96.1s rss=1894MB hwm=1894MB
RSS_SAMPLE t=96.3s rss=1895MB hwm=1895MB
RSS_SAMPLE t=96.6s rss=1895MB hwm=1895MB
RSS_SAMPLE t=96.8s rss=1895MB hwm=1895MB
RSS_SAMPLE t=97.1s rss=1896MB hwm=1896MB
RSS_SAMPLE t=97.3s rss=1896MB hwm=1896MB
RSS_SAMPLE t=97.6s rss=1896MB hwm=1896MB
RSS_SAMPLE t=97.8s rss=1896MB hwm=1896MB
RSS_SAMPLE t=98.1s rss=1896MB hwm=1896MB
RSS_SAMPLE t=98.3s rss=1897MB hwm=1897MB
RSS_SAMPLE t=98.6s rss=1897MB hwm=1897MB
RSS_SAMPLE t=98.8s rss=1897MB hwm=1897MB
RSS_SAMPLE t=99.1s rss=1897MB hwm=1897MB
RSS_SAMPLE t=99.3s rss=1898MB hwm=1898MB
RSS_SAMPLE t=99.6s rss=1898MB hwm=1898MB
RSS_SAMPLE t=99.8s rss=1898MB hwm=1898MB
RSS_SAMPLE t=100.1s rss=1899MB hwm=1899MB
RSS_SAMPLE t=100.3s rss=1899MB hwm=1899MB
RSS_SAMPLE t=100.6s rss=1900MB hwm=1900MB
RSS_SAMPLE t=100.8s rss=1900MB hwm=1900MB
RSS_SAMPLE t=101.1s rss=1900MB hwm=1900MB
RSS_SAMPLE t=101.3s rss=1901MB hwm=1901MB
RSS_SAMPLE t=101.6s rss=1901MB hwm=1901MB
RSS_SAMPLE t=101.8s rss=1901MB hwm=1901MB
RSS_SAMPLE t=102.1s rss=1902MB hwm=1902MB
RSS_SAMPLE t=102.3s rss=1902MB hwm=1902MB
RSS_SAMPLE t=102.6s rss=1902MB hwm=1902MB
RSS_SAMPLE t=102.8s rss=1903MB hwm=1903MB
RSS_SAMPLE t=103.1s rss=1903MB hwm=1903MB
RSS_SAMPLE t=103.3s rss=1903MB hwm=1903MB
RSS_SAMPLE t=103.6s rss=1904MB hwm=1904MB
RSS_SAMPLE t=103.8s rss=1904MB hwm=1904MB
RSS_SAMPLE t=104.1s rss=1904MB hwm=1904MB
RSS_SAMPLE t=104.3s rss=1905MB hwm=1905MB
RSS_SAMPLE t=104.6s rss=1905MB hwm=1905MB
RSS_SAMPLE t=104.8s rss=1905MB hwm=1905MB
RSS_SAMPLE t=105.1s rss=1905MB hwm=1905MB
RSS_SAMPLE t=105.3s rss=1906MB hwm=1906MB
RSS_SAMPLE t=105.6s rss=1906MB hwm=1906MB
RSS_SAMPLE t=105.8s rss=1906MB hwm=1906MB
RSS_SAMPLE t=106.1s rss=1906MB hwm=1906MB
    rss_probe[outer=0]: pre_refresh_rss=1074MB post_pre_solve_rss=1907MB cache_entries=42424857 cache_cap=69325648 cache_est_mb=600
    pre_solve_diag[outer=0]: solves=105117 fallback=0 (0.0%) cap_armed=105117 (100.0%) settle_avg=10344 settle_max=69353 init_count=254
  Cell placement by tile type (iter 0, 76660 cells):
    NULL: 31596
    CLB: 27114
    IOB_W: 15019
    CLK_BUFG: 2320
    BRAM: 351
    DSP: 182
    IOB_E: 78
    Overflow: over=0 (0.0% of used) avg_excess=0.00 max_excess=0.00 (nc=0.00 cap=0 span=0)  excess_buckets: <=1=0 1-5=0 5-20=0 >20=0  by_cap: cap1=0 cap2=0 cap3-5=0 cap>5=0  by_span: s1=0 s2-3=0 s4-6=0 s7-12=0 s>12=0  le1_cross: cap1=0 cap2-5=0 cap>5=0
    Congestion: pipes=2562403 used=0 congested(>50%)=0 saturated(>90%)=0 max_util=0.00 avg_util=0.0000
PHASE_MARK outer=0 enter=dcd_sweep rss=1907MB
RSS_SAMPLE t=106.3s rss=1907MB hwm=1907MB
RSS_SAMPLE t=106.6s rss=1907MB hwm=1907MB
RSS_SAMPLE t=106.8s rss=1907MB hwm=1907MB
RSS_SAMPLE t=107.1s rss=1907MB hwm=1907MB
RSS_SAMPLE t=107.3s rss=1908MB hwm=1908MB
RSS_SAMPLE t=107.6s rss=1908MB hwm=1908MB
RSS_SAMPLE t=107.8s rss=1908MB hwm=1908MB
RSS_SAMPLE t=108.1s rss=1908MB hwm=1908MB
RSS_SAMPLE t=108.3s rss=1908MB hwm=1908MB
RSS_SAMPLE t=108.6s rss=1909MB hwm=1909MB
RSS_SAMPLE t=108.8s rss=1909MB hwm=1909MB
RSS_SAMPLE t=109.1s rss=1909MB hwm=1909MB
RSS_SAMPLE t=109.3s rss=1909MB hwm=1909MB
RSS_SAMPLE t=109.6s rss=1909MB hwm=1909MB
RSS_SAMPLE t=109.8s rss=1909MB hwm=1909MB
RSS_SAMPLE t=110.1s rss=1910MB hwm=1910MB
RSS_SAMPLE t=110.3s rss=1910MB hwm=1910MB
RSS_SAMPLE t=110.6s rss=1910MB hwm=1910MB
RSS_SAMPLE t=110.8s rss=1910MB hwm=1910MB
RSS_SAMPLE t=111.1s rss=1910MB hwm=1910MB
RSS_SAMPLE t=111.3s rss=1910MB hwm=1910MB
RSS_SAMPLE t=111.6s rss=1911MB hwm=1911MB
RSS_SAMPLE t=111.8s rss=1911MB hwm=1911MB
RSS_SAMPLE t=112.1s rss=1911MB hwm=1911MB
RSS_SAMPLE t=112.3s rss=1911MB hwm=1911MB
RSS_SAMPLE t=112.6s rss=1911MB hwm=1911MB
RSS_SAMPLE t=112.8s rss=1911MB hwm=1911MB
PHASE_MARK outer=0 leave=dcd_sweep rss=1912MB
PHASE_MARK outer=0 enter=post_refresh rss=1912MB
RSS_SAMPLE t=113.1s rss=1941MB hwm=1941MB
RSS_SAMPLE t=113.3s rss=1941MB hwm=1941MB
RSS_SAMPLE t=113.6s rss=1941MB hwm=1941MB
RSS_SAMPLE t=113.8s rss=1941MB hwm=1941MB
RSS_SAMPLE t=114.1s rss=1942MB hwm=1942MB
RSS_SAMPLE t=114.3s rss=1942MB hwm=1942MB
RSS_SAMPLE t=114.6s rss=1942MB hwm=1942MB
RSS_SAMPLE t=114.8s rss=1942MB hwm=1942MB
RSS_SAMPLE t=115.1s rss=1942MB hwm=1942MB
RSS_SAMPLE t=115.3s rss=1942MB hwm=1942MB
RSS_SAMPLE t=115.6s rss=1942MB hwm=1942MB
RSS_SAMPLE t=115.8s rss=2287MB hwm=2287MB
RSS_SAMPLE t=116.1s rss=3291MB hwm=3291MB
RSS_SAMPLE t=116.3s rss=3554MB hwm=3554MB
RSS_SAMPLE t=116.6s rss=3671MB hwm=3671MB
RSS_SAMPLE t=116.8s rss=3734MB hwm=3734MB
RSS_SAMPLE t=117.1s rss=3753MB hwm=3753MB
RSS_SAMPLE t=117.3s rss=3777MB hwm=3777MB
RSS_SAMPLE t=117.6s rss=3796MB hwm=3796MB
RSS_SAMPLE t=117.8s rss=3825MB hwm=3825MB
RSS_SAMPLE t=118.1s rss=3839MB hwm=3839MB
RSS_SAMPLE t=118.3s rss=3843MB hwm=3843MB
RSS_SAMPLE t=118.6s rss=3849MB hwm=3849MB
RSS_SAMPLE t=118.8s rss=3852MB hwm=3852MB
RSS_SAMPLE t=119.1s rss=3852MB hwm=3852MB
RSS_SAMPLE t=119.3s rss=3852MB hwm=3852MB
RSS_SAMPLE t=119.6s rss=3857MB hwm=3857MB
RSS_SAMPLE t=119.8s rss=3868MB hwm=3868MB
RSS_SAMPLE t=120.1s rss=3870MB hwm=3870MB
RSS_SAMPLE t=120.3s rss=3878MB hwm=3878MB
RSS_SAMPLE t=120.6s rss=3881MB hwm=3881MB
RSS_SAMPLE t=120.8s rss=3884MB hwm=3884MB
RSS_SAMPLE t=121.1s rss=3888MB hwm=3888MB
RSS_SAMPLE t=121.3s rss=3893MB hwm=3893MB
RSS_SAMPLE t=121.6s rss=3893MB hwm=3893MB
RSS_SAMPLE t=121.8s rss=3894MB hwm=3894MB
RSS_SAMPLE t=122.1s rss=3900MB hwm=3900MB
RSS_SAMPLE t=122.3s rss=3900MB hwm=3900MB
RSS_SAMPLE t=122.6s rss=3906MB hwm=3906MB
RSS_SAMPLE t=122.8s rss=3906MB hwm=3906MB
RSS_SAMPLE t=123.1s rss=3906MB hwm=3906MB
RSS_SAMPLE t=123.3s rss=3906MB hwm=3906MB
RSS_SAMPLE t=123.6s rss=3907MB hwm=3907MB
RSS_SAMPLE t=123.8s rss=3911MB hwm=3911MB
RSS_SAMPLE t=124.1s rss=3911MB hwm=3911MB
RSS_SAMPLE t=124.3s rss=3911MB hwm=3911MB
RSS_SAMPLE t=124.6s rss=3911MB hwm=3911MB
RSS_SAMPLE t=124.8s rss=3911MB hwm=3911MB
RSS_SAMPLE t=125.1s rss=3912MB hwm=3912MB
RSS_SAMPLE t=125.3s rss=3912MB hwm=3912MB
RSS_SAMPLE t=125.6s rss=3912MB hwm=3912MB
RSS_SAMPLE t=125.8s rss=3912MB hwm=3912MB
RSS_SAMPLE t=126.1s rss=3914MB hwm=3914MB
RSS_SAMPLE t=126.3s rss=3914MB hwm=3914MB
RSS_SAMPLE t=126.6s rss=3916MB hwm=3916MB
RSS_SAMPLE t=126.8s rss=3917MB hwm=3917MB
RSS_SAMPLE t=127.1s rss=3917MB hwm=3917MB
RSS_SAMPLE t=127.3s rss=3922MB hwm=3922MB
RSS_SAMPLE t=127.6s rss=3931MB hwm=3931MB
RSS_SAMPLE t=127.8s rss=3932MB hwm=3932MB
RSS_SAMPLE t=128.1s rss=3932MB hwm=3932MB
RSS_SAMPLE t=128.3s rss=3933MB hwm=3933MB
RSS_SAMPLE t=128.6s rss=3935MB hwm=3935MB
RSS_SAMPLE t=128.8s rss=3935MB hwm=3935MB
RSS_SAMPLE t=129.1s rss=3936MB hwm=3936MB
RSS_SAMPLE t=129.3s rss=3936MB hwm=3936MB
RSS_SAMPLE t=129.6s rss=3937MB hwm=3937MB
RSS_SAMPLE t=129.8s rss=3938MB hwm=3938MB
RSS_SAMPLE t=130.1s rss=3939MB hwm=3939MB
RSS_SAMPLE t=130.3s rss=3939MB hwm=3939MB
RSS_SAMPLE t=130.6s rss=3940MB hwm=3940MB
RSS_SAMPLE t=130.9s rss=3941MB hwm=3941MB
RSS_SAMPLE t=131.1s rss=3942MB hwm=3942MB
RSS_SAMPLE t=131.4s rss=3942MB hwm=3942MB
RSS_SAMPLE t=131.6s rss=3949MB hwm=3949MB
RSS_SAMPLE t=131.9s rss=3949MB hwm=3949MB
RSS_SAMPLE t=132.1s rss=3950MB hwm=3950MB
RSS_SAMPLE t=132.4s rss=3950MB hwm=3950MB
RSS_SAMPLE t=132.6s rss=3951MB hwm=3951MB
RSS_SAMPLE t=132.9s rss=3953MB hwm=3953MB
RSS_SAMPLE t=133.1s rss=3957MB hwm=3957MB
RSS_SAMPLE t=133.4s rss=3957MB hwm=3957MB
RSS_SAMPLE t=133.6s rss=3960MB hwm=3960MB
RSS_SAMPLE t=133.9s rss=3960MB hwm=3960MB
RSS_SAMPLE t=134.1s rss=3962MB hwm=3962MB
RSS_SAMPLE t=134.4s rss=3962MB hwm=3962MB
RSS_SAMPLE t=134.6s rss=3963MB hwm=3963MB
RSS_SAMPLE t=134.9s rss=3964MB hwm=3964MB
RSS_SAMPLE t=135.1s rss=3965MB hwm=3965MB
RSS_SAMPLE t=135.4s rss=3966MB hwm=3966MB
RSS_SAMPLE t=135.6s rss=3966MB hwm=3966MB
RSS_SAMPLE t=135.9s rss=3967MB hwm=3967MB
RSS_SAMPLE t=136.1s rss=3967MB hwm=3967MB
RSS_SAMPLE t=136.4s rss=3968MB hwm=3968MB
RSS_SAMPLE t=136.6s rss=3970MB hwm=3970MB
RSS_SAMPLE t=136.9s rss=3971MB hwm=3971MB
RSS_SAMPLE t=137.1s rss=3972MB hwm=3972MB
RSS_SAMPLE t=137.4s rss=3972MB hwm=3972MB
RSS_SAMPLE t=137.6s rss=3972MB hwm=3972MB
RSS_SAMPLE t=137.9s rss=3973MB hwm=3973MB
RSS_SAMPLE t=138.1s rss=3973MB hwm=3973MB
RSS_SAMPLE t=138.4s rss=3974MB hwm=3974MB
RSS_SAMPLE t=138.6s rss=3974MB hwm=3974MB
RSS_SAMPLE t=138.9s rss=3974MB hwm=3974MB
RSS_SAMPLE t=139.1s rss=3975MB hwm=3975MB
RSS_SAMPLE t=139.4s rss=3975MB hwm=3975MB
RSS_SAMPLE t=139.6s rss=3976MB hwm=3976MB
RSS_SAMPLE t=139.9s rss=3977MB hwm=3977MB
RSS_SAMPLE t=140.1s rss=3978MB hwm=3978MB
RSS_SAMPLE t=140.4s rss=3979MB hwm=3979MB
RSS_SAMPLE t=140.6s rss=3979MB hwm=3979MB
RSS_SAMPLE t=140.9s rss=3980MB hwm=3980MB
RSS_SAMPLE t=141.1s rss=3980MB hwm=3980MB
RSS_SAMPLE t=141.4s rss=3981MB hwm=3981MB
RSS_SAMPLE t=141.6s rss=3981MB hwm=3981MB
RSS_SAMPLE t=141.9s rss=3982MB hwm=3982MB
RSS_SAMPLE t=142.1s rss=3983MB hwm=3983MB
RSS_SAMPLE t=142.4s rss=3983MB hwm=3983MB
RSS_SAMPLE t=142.6s rss=3983MB hwm=3983MB
RSS_SAMPLE t=142.9s rss=3984MB hwm=3984MB
RSS_SAMPLE t=143.1s rss=3985MB hwm=3985MB
RSS_SAMPLE t=143.4s rss=3985MB hwm=3985MB
RSS_SAMPLE t=143.6s rss=3985MB hwm=3985MB
RSS_SAMPLE t=143.9s rss=3986MB hwm=3986MB
RSS_SAMPLE t=144.1s rss=3987MB hwm=3987MB
RSS_SAMPLE t=144.4s rss=3988MB hwm=3988MB
RSS_SAMPLE t=144.6s rss=3988MB hwm=3988MB
RSS_SAMPLE t=144.9s rss=3989MB hwm=3989MB
RSS_SAMPLE t=145.1s rss=3990MB hwm=3990MB
RSS_SAMPLE t=145.4s rss=3990MB hwm=3990MB
RSS_SAMPLE t=145.6s rss=3991MB hwm=3991MB
RSS_SAMPLE t=145.9s rss=3991MB hwm=3991MB
RSS_SAMPLE t=146.1s rss=3992MB hwm=3992MB
RSS_SAMPLE t=146.4s rss=3992MB hwm=3992MB
RSS_SAMPLE t=146.6s rss=3993MB hwm=3993MB
RSS_SAMPLE t=146.9s rss=3994MB hwm=3994MB
RSS_SAMPLE t=147.1s rss=3995MB hwm=3995MB
RSS_SAMPLE t=147.4s rss=3995MB hwm=3995MB
RSS_SAMPLE t=147.6s rss=3996MB hwm=3996MB
RSS_SAMPLE t=147.9s rss=3997MB hwm=3997MB
RSS_SAMPLE t=148.1s rss=3998MB hwm=3998MB
RSS_SAMPLE t=148.4s rss=3998MB hwm=3998MB
RSS_SAMPLE t=148.6s rss=3998MB hwm=3998MB
RSS_SAMPLE t=148.9s rss=3999MB hwm=3999MB
RSS_SAMPLE t=149.1s rss=4000MB hwm=4000MB
RSS_SAMPLE t=149.4s rss=4000MB hwm=4000MB
RSS_SAMPLE t=149.6s rss=4001MB hwm=4001MB
RSS_SAMPLE t=149.9s rss=4002MB hwm=4002MB
RSS_SAMPLE t=150.1s rss=4002MB hwm=4002MB
RSS_SAMPLE t=150.4s rss=4003MB hwm=4003MB
RSS_SAMPLE t=150.6s rss=4003MB hwm=4003MB
RSS_SAMPLE t=150.9s rss=4004MB hwm=4004MB
RSS_SAMPLE t=151.1s rss=4005MB hwm=4005MB
RSS_SAMPLE t=151.4s rss=4006MB hwm=4006MB
RSS_SAMPLE t=151.6s rss=4006MB hwm=4006MB
RSS_SAMPLE t=151.9s rss=4007MB hwm=4007MB
RSS_SAMPLE t=152.1s rss=4008MB hwm=4008MB
RSS_SAMPLE t=152.4s rss=4008MB hwm=4008MB
RSS_SAMPLE t=152.6s rss=4009MB hwm=4009MB
RSS_SAMPLE t=152.9s rss=4010MB hwm=4010MB
RSS_SAMPLE t=153.1s rss=4010MB hwm=4010MB
RSS_SAMPLE t=153.4s rss=4012MB hwm=4012MB
RSS_SAMPLE t=153.6s rss=4012MB hwm=4012MB
RSS_SAMPLE t=153.9s rss=4013MB hwm=4013MB
RSS_SAMPLE t=154.1s rss=4014MB hwm=4014MB
RSS_SAMPLE t=154.4s rss=4015MB hwm=4015MB
RSS_SAMPLE t=154.6s rss=4016MB hwm=4016MB
RSS_SAMPLE t=154.9s rss=4016MB hwm=4016MB
RSS_SAMPLE t=155.1s rss=4018MB hwm=4018MB
RSS_SAMPLE t=155.4s rss=4018MB hwm=4018MB
RSS_SAMPLE t=155.6s rss=4019MB hwm=4019MB
RSS_SAMPLE t=155.9s rss=4020MB hwm=4020MB
RSS_SAMPLE t=156.1s rss=4021MB hwm=4021MB
RSS_SAMPLE t=156.4s rss=4021MB hwm=4021MB
RSS_SAMPLE t=156.6s rss=4022MB hwm=4022MB
RSS_SAMPLE t=156.9s rss=4023MB hwm=4023MB
RSS_SAMPLE t=157.1s rss=4024MB hwm=4024MB
RSS_SAMPLE t=157.4s rss=4025MB hwm=4025MB
RSS_SAMPLE t=157.6s rss=4026MB hwm=4026MB
RSS_SAMPLE t=157.9s rss=4027MB hwm=4027MB
RSS_SAMPLE t=158.1s rss=4028MB hwm=4028MB
RSS_SAMPLE t=158.4s rss=4029MB hwm=4029MB
RSS_SAMPLE t=158.6s rss=4030MB hwm=4030MB
RSS_SAMPLE t=158.9s rss=4031MB hwm=4031MB
RSS_SAMPLE t=159.1s rss=4033MB hwm=4033MB
RSS_SAMPLE t=159.4s rss=4034MB hwm=4034MB
RSS_SAMPLE t=159.6s rss=4035MB hwm=4035MB
RSS_SAMPLE t=159.9s rss=4036MB hwm=4036MB
RSS_SAMPLE t=160.1s rss=4038MB hwm=4038MB
RSS_SAMPLE t=160.4s rss=4038MB hwm=4038MB
RSS_SAMPLE t=160.6s rss=4039MB hwm=4039MB
RSS_SAMPLE t=160.9s rss=4040MB hwm=4040MB
RSS_SAMPLE t=161.1s rss=4041MB hwm=4041MB
RSS_SAMPLE t=161.4s rss=4042MB hwm=4042MB
RSS_SAMPLE t=161.6s rss=4043MB hwm=4043MB
RSS_SAMPLE t=161.9s rss=4044MB hwm=4044MB
RSS_SAMPLE t=162.1s rss=4045MB hwm=4045MB
RSS_SAMPLE t=162.4s rss=4046MB hwm=4046MB
RSS_SAMPLE t=162.6s rss=4047MB hwm=4047MB
RSS_SAMPLE t=162.9s rss=4048MB hwm=4048MB
RSS_SAMPLE t=163.1s rss=4048MB hwm=4048MB
RSS_SAMPLE t=163.4s rss=4050MB hwm=4050MB
RSS_SAMPLE t=163.6s rss=4051MB hwm=4051MB
RSS_SAMPLE t=163.9s rss=4051MB hwm=4051MB
RSS_SAMPLE t=164.1s rss=4052MB hwm=4052MB
RSS_SAMPLE t=164.4s rss=4053MB hwm=4053MB
RSS_SAMPLE t=164.6s rss=4054MB hwm=4054MB
RSS_SAMPLE t=164.9s rss=4055MB hwm=4055MB
RSS_SAMPLE t=165.1s rss=4056MB hwm=4056MB
RSS_SAMPLE t=165.4s rss=4058MB hwm=4058MB
RSS_SAMPLE t=165.6s rss=4058MB hwm=4058MB
RSS_SAMPLE t=165.9s rss=4059MB hwm=4059MB
RSS_SAMPLE t=166.1s rss=4061MB hwm=4061MB
RSS_SAMPLE t=166.4s rss=4062MB hwm=4062MB
RSS_SAMPLE t=166.6s rss=4063MB hwm=4063MB
RSS_SAMPLE t=166.9s rss=4063MB hwm=4063MB
RSS_SAMPLE t=167.1s rss=4064MB hwm=4064MB
RSS_SAMPLE t=167.4s rss=4065MB hwm=4065MB
RSS_SAMPLE t=167.6s rss=4065MB hwm=4065MB
RSS_SAMPLE t=167.9s rss=4066MB hwm=4066MB
RSS_SAMPLE t=168.1s rss=4066MB hwm=4066MB
RSS_SAMPLE t=168.4s rss=4066MB hwm=4066MB
RSS_SAMPLE t=168.6s rss=4066MB hwm=4066MB
RSS_SAMPLE t=168.9s rss=4067MB hwm=4067MB
RSS_SAMPLE t=169.1s rss=4067MB hwm=4067MB
RSS_SAMPLE t=169.4s rss=4067MB hwm=4067MB
RSS_SAMPLE t=169.6s rss=4067MB hwm=4067MB
RSS_SAMPLE t=169.9s rss=4067MB hwm=4067MB
RSS_SAMPLE t=170.1s rss=4067MB hwm=4067MB
RSS_SAMPLE t=170.4s rss=4067MB hwm=4067MB
RSS_SAMPLE t=170.6s rss=4067MB hwm=4067MB
RSS_SAMPLE t=170.9s rss=4067MB hwm=4067MB
RSS_SAMPLE t=171.1s rss=4067MB hwm=4067MB
RSS_SAMPLE t=171.4s rss=4067MB hwm=4067MB
RSS_SAMPLE t=171.7s rss=4067MB hwm=4067MB
RSS_SAMPLE t=171.9s rss=4067MB hwm=4067MB
RSS_SAMPLE t=172.2s rss=4067MB hwm=4067MB
RSS_SAMPLE t=172.4s rss=4067MB hwm=4067MB
RSS_SAMPLE t=172.7s rss=4067MB hwm=4067MB
RSS_SAMPLE t=172.9s rss=4067MB hwm=4067MB
RSS_SAMPLE t=173.2s rss=4067MB hwm=4067MB
RSS_SAMPLE t=173.4s rss=4067MB hwm=4067MB
RSS_SAMPLE t=173.7s rss=4068MB hwm=4068MB
RSS_SAMPLE t=173.9s rss=4068MB hwm=4068MB
RSS_SAMPLE t=174.2s rss=4068MB hwm=4068MB
RSS_SAMPLE t=174.4s rss=4068MB hwm=4068MB
RSS_SAMPLE t=174.7s rss=4068MB hwm=4068MB
RSS_SAMPLE t=174.9s rss=4068MB hwm=4068MB
RSS_SAMPLE t=175.2s rss=4068MB hwm=4068MB
RSS_SAMPLE t=175.4s rss=4068MB hwm=4068MB
RSS_SAMPLE t=175.7s rss=4068MB hwm=4068MB
RSS_SAMPLE t=175.9s rss=4069MB hwm=4069MB
RSS_SAMPLE t=176.2s rss=4069MB hwm=4069MB
RSS_SAMPLE t=176.4s rss=4069MB hwm=4069MB
RSS_SAMPLE t=176.7s rss=4069MB hwm=4069MB
RSS_SAMPLE t=176.9s rss=4069MB hwm=4069MB
RSS_SAMPLE t=177.2s rss=4069MB hwm=4069MB
RSS_SAMPLE t=177.4s rss=4069MB hwm=4069MB
RSS_SAMPLE t=177.7s rss=4069MB hwm=4069MB
RSS_SAMPLE t=177.9s rss=4069MB hwm=4069MB
RSS_SAMPLE t=178.2s rss=4069MB hwm=4069MB
RSS_SAMPLE t=178.4s rss=4070MB hwm=4070MB
RSS_SAMPLE t=178.7s rss=4070MB hwm=4070MB
RSS_SAMPLE t=178.9s rss=4070MB hwm=4070MB
RSS_SAMPLE t=179.2s rss=4070MB hwm=4070MB
RSS_SAMPLE t=179.4s rss=4070MB hwm=4070MB
RSS_SAMPLE t=179.7s rss=4070MB hwm=4070MB
RSS_SAMPLE t=179.9s rss=4070MB hwm=4070MB
RSS_SAMPLE t=180.2s rss=4070MB hwm=4070MB
RSS_SAMPLE t=180.4s rss=4070MB hwm=4070MB
RSS_SAMPLE t=180.7s rss=4070MB hwm=4070MB
RSS_SAMPLE t=180.9s rss=4070MB hwm=4070MB
RSS_SAMPLE t=181.2s rss=4070MB hwm=4070MB
RSS_SAMPLE t=181.4s rss=4070MB hwm=4070MB
RSS_SAMPLE t=181.7s rss=4070MB hwm=4070MB
RSS_SAMPLE t=181.9s rss=4070MB hwm=4070MB
RSS_SAMPLE t=182.2s rss=4070MB hwm=4070MB
RSS_SAMPLE t=182.4s rss=4071MB hwm=4071MB
RSS_SAMPLE t=182.7s rss=4071MB hwm=4071MB
RSS_SAMPLE t=182.9s rss=4071MB hwm=4071MB
RSS_SAMPLE t=183.2s rss=4071MB hwm=4071MB
RSS_SAMPLE t=183.4s rss=4071MB hwm=4071MB
RSS_SAMPLE t=183.7s rss=4071MB hwm=4071MB
RSS_SAMPLE t=183.9s rss=4071MB hwm=4071MB
RSS_SAMPLE t=184.2s rss=4071MB hwm=4071MB
RSS_SAMPLE t=184.4s rss=4071MB hwm=4071MB
RSS_SAMPLE t=184.7s rss=4071MB hwm=4071MB
RSS_SAMPLE t=184.9s rss=4071MB hwm=4071MB
RSS_SAMPLE t=185.2s rss=4071MB hwm=4071MB
RSS_SAMPLE t=185.4s rss=4071MB hwm=4071MB
RSS_SAMPLE t=185.7s rss=4072MB hwm=4072MB
RSS_SAMPLE t=185.9s rss=4072MB hwm=4072MB
RSS_SAMPLE t=186.2s rss=4072MB hwm=4072MB
RSS_SAMPLE t=186.4s rss=4072MB hwm=4072MB
RSS_SAMPLE t=186.7s rss=4072MB hwm=4072MB
RSS_SAMPLE t=186.9s rss=4072MB hwm=4072MB
RSS_SAMPLE t=187.2s rss=4072MB hwm=4072MB
RSS_SAMPLE t=187.4s rss=4072MB hwm=4072MB
RSS_SAMPLE t=187.7s rss=4072MB hwm=4072MB
RSS_SAMPLE t=187.9s rss=4072MB hwm=4072MB
RSS_SAMPLE t=188.2s rss=4072MB hwm=4072MB
RSS_SAMPLE t=188.4s rss=4073MB hwm=4073MB
RSS_SAMPLE t=188.7s rss=4073MB hwm=4073MB
RSS_SAMPLE t=188.9s rss=4073MB hwm=4073MB
RSS_SAMPLE t=189.2s rss=4073MB hwm=4073MB
RSS_SAMPLE t=189.4s rss=4073MB hwm=4073MB
RSS_SAMPLE t=189.7s rss=4073MB hwm=4073MB
RSS_SAMPLE t=189.9s rss=4073MB hwm=4073MB
RSS_SAMPLE t=190.2s rss=4073MB hwm=4073MB
RSS_SAMPLE t=190.4s rss=4073MB hwm=4073MB
RSS_SAMPLE t=190.7s rss=4073MB hwm=4073MB
RSS_SAMPLE t=190.9s rss=4073MB hwm=4073MB
RSS_SAMPLE t=191.2s rss=4074MB hwm=4074MB
RSS_SAMPLE t=191.4s rss=4074MB hwm=4074MB
RSS_SAMPLE t=191.7s rss=4074MB hwm=4074MB
RSS_SAMPLE t=191.9s rss=4074MB hwm=4074MB
RSS_SAMPLE t=192.2s rss=4074MB hwm=4074MB
RSS_SAMPLE t=192.4s rss=4074MB hwm=4074MB
RSS_SAMPLE t=192.7s rss=4074MB hwm=4074MB
RSS_SAMPLE t=192.9s rss=4074MB hwm=4074MB
MEM_POOL: workspaces=32 dense_usage_mb=1251 n_pipes=2562403
    post_solve_diag[outer=0]: solves=105117 cap_armed=105117 (100.0%) settle_avg=9383 above_sink_avg=228 (2.4%) settle_max=69353
    settle_hist[outer=0]: <100: 25225nets/0.1%work  <1k: 22141nets/0.7%work  <5k: 24009nets/6.3%work  <20k: 14241nets/15.8%work  <60k: 17151nets/61.1%work  >=60k: 2350nets/15.8%work
    fanout_hist[outer=0]: fan1: 43710nets/13.4%work  fan2-4: 48279nets/50.8%work  fan5-16: 12974nets/35.0%work  fan17-64: 154nets/0.8%work  fan65-256: 0nets/0.0%work  fan>256: 0nets/0.0%work
    rss_probe[outer=0]: pre_post_solve=1942MB post_post_solve=4094MB after_apply=4094MB
MuxSlotTracker[sweep 0 LEAK]: populated_cells=60095, overflow_tiles=3, at_cap_tiles=1509, peak_excess=8, capacity_hist={16:67346}
    E_decomp: base=10435063.2 eff=10963853.7 cong=528790.4 cong_share=4.8% sat_pipes=174612 max_util=1136.84  R_buckets: 1-2x=2562403 2-10x=0 10-100x=0 >=100x=0
    E_potential: beckmann=14577315091708.1 history_total=0.0
    SpanCache: epoch=1 entries=110 lookups=2562403 hits=2562293 misses=110 hit_rate=100.0%
  DCD   0: nets=105117 line=17110408 energy=2330545.734 dE=+0.000 friction=4366803.0 bins=2.4x(1086) excess=565.3 moved=59959 disp=inf solves=210234 skip=0 pops=2073669807 theta=0.250 refresh=125343ms dcd=6809ms total=134835ms
    cache_stats: entries=52737971 capacity=89134668 est_mb=770 rss_mb=4078
RSS_SAMPLE t=193.2s rss=4078MB hwm=4089MB
RSS_SAMPLE t=193.4s rss=4079MB hwm=4089MB
RSS_SAMPLE t=193.7s rss=4079MB hwm=4089MB
RSS_SAMPLE t=193.9s rss=4079MB hwm=4089MB
RSS_SAMPLE t=194.2s rss=4079MB hwm=4089MB
RSS_SAMPLE t=194.4s rss=4079MB hwm=4089MB
RSS_SAMPLE t=194.7s rss=4079MB hwm=4089MB
RSS_SAMPLE t=194.9s rss=4079MB hwm=4089MB
RSS_SAMPLE t=195.2s rss=4079MB hwm=4089MB
RSS_SAMPLE t=195.4s rss=4079MB hwm=4089MB
RSS_SAMPLE t=195.7s rss=4079MB hwm=4089MB
    SwitchMatrix: type_usage_pairs=869 lookups=2536 hits=1667 dijkstra_calls=869 avg_us=11.3 total_ms=9.8
PHASE_MARK outer=1 enter=pre_solve rss=4079MB
    rss_probe[outer=1]: pre_refresh_rss=4079MB post_pre_solve_rss=4079MB cache_entries=52737971 cache_cap=89134668 cache_est_mb=770
    pre_solve_diag[outer=1]: solves=0 fallback=0 (0.0%) cap_armed=0 (0.0%) settle_avg=0 settle_max=0 init_count=209
    Overflow: over=150527 (5.9% of used) avg_excess=2.32 max_excess=1519.25 (nc=1543.25 cap=24 span=1)  excess_buckets: <=1=78999 1-5=55772 5-20=14283 >20=1473  by_cap: cap1=78473 cap2=46275 cap3-5=142 cap>5=25637  by_span: s1=1504 s2-3=1839 s4-6=15708 s7-12=51200 s>12=80276  le1_cross: cap1=50308 cap2-5=25375 cap>5=3316
    Congestion: pipes=2562403 used=2562403 congested(>50%)=361107 saturated(>90%)=174612 max_util=1136.84 avg_util=0.2975
PHASE_MARK outer=1 enter=dcd_sweep rss=4079MB
RSS_SAMPLE t=195.9s rss=4079MB hwm=4089MB
RSS_SAMPLE t=196.2s rss=4079MB hwm=4089MB
RSS_SAMPLE t=196.4s rss=4079MB hwm=4089MB
RSS_SAMPLE t=196.7s rss=4079MB hwm=4089MB
RSS_SAMPLE t=196.9s rss=4079MB hwm=4089MB
RSS_SAMPLE t=197.2s rss=4079MB hwm=4089MB
RSS_SAMPLE t=197.4s rss=4079MB hwm=4089MB
RSS_SAMPLE t=197.7s rss=4079MB hwm=4089MB
RSS_SAMPLE t=197.9s rss=4079MB hwm=4089MB
RSS_SAMPLE t=198.2s rss=4079MB hwm=4089MB
RSS_SAMPLE t=198.4s rss=4079MB hwm=4089MB
RSS_SAMPLE t=198.7s rss=4079MB hwm=4089MB
RSS_SAMPLE t=198.9s rss=4079MB hwm=4089MB
RSS_SAMPLE t=199.2s rss=4079MB hwm=4089MB
RSS_SAMPLE t=199.4s rss=4079MB hwm=4089MB
RSS_SAMPLE t=199.7s rss=4079MB hwm=4089MB
RSS_SAMPLE t=199.9s rss=4079MB hwm=4089MB
RSS_SAMPLE t=200.2s rss=4079MB hwm=4089MB
RSS_SAMPLE t=200.4s rss=4079MB hwm=4089MB
RSS_SAMPLE t=200.7s rss=4079MB hwm=4089MB
RSS_SAMPLE t=200.9s rss=4079MB hwm=4089MB
RSS_SAMPLE t=201.2s rss=4079MB hwm=4089MB
RSS_SAMPLE t=201.4s rss=4079MB hwm=4089MB
RSS_SAMPLE t=201.7s rss=4079MB hwm=4089MB
RSS_SAMPLE t=201.9s rss=4079MB hwm=4089MB
RSS_SAMPLE t=202.2s rss=4079MB hwm=4089MB
RSS_SAMPLE t=202.4s rss=4079MB hwm=4089MB
PHASE_MARK outer=1 leave=dcd_sweep rss=4079MB
PHASE_MARK outer=1 enter=post_refresh rss=4079MB
RSS_SAMPLE t=202.7s rss=4088MB hwm=4089MB
RSS_SAMPLE t=202.9s rss=4088MB hwm=4089MB
RSS_SAMPLE t=203.2s rss=4088MB hwm=4089MB
RSS_SAMPLE t=203.4s rss=4088MB hwm=4089MB
RSS_SAMPLE t=203.7s rss=4088MB hwm=4089MB
RSS_SAMPLE t=203.9s rss=4088MB hwm=4089MB
RSS_SAMPLE t=204.2s rss=4088MB hwm=4089MB
RSS_SAMPLE t=204.4s rss=4088MB hwm=4089MB
RSS_SAMPLE t=204.7s rss=4088MB hwm=4089MB
RSS_SAMPLE t=204.9s rss=4088MB hwm=4089MB
RSS_SAMPLE t=205.2s rss=4088MB hwm=4089MB
RSS_SAMPLE t=205.4s rss=4138MB hwm=4138MB
RSS_SAMPLE t=205.7s rss=4159MB hwm=4159MB
RSS_SAMPLE t=205.9s rss=4167MB hwm=4167MB
RSS_SAMPLE t=206.2s rss=4174MB hwm=4174MB
RSS_SAMPLE t=206.4s rss=4177MB hwm=4177MB
RSS_SAMPLE t=206.7s rss=4182MB hwm=4182MB
RSS_SAMPLE t=206.9s rss=4184MB hwm=4184MB
RSS_SAMPLE t=207.2s rss=4186MB hwm=4186MB
RSS_SAMPLE t=207.4s rss=4188MB hwm=4188MB
RSS_SAMPLE t=207.7s rss=4190MB hwm=4190MB
RSS_SAMPLE t=207.9s rss=4192MB hwm=4192MB
RSS_SAMPLE t=208.2s rss=4194MB hwm=4194MB
RSS_SAMPLE t=208.4s rss=4194MB hwm=4194MB
RSS_SAMPLE t=208.7s rss=4195MB hwm=4195MB
RSS_SAMPLE t=208.9s rss=4196MB hwm=4196MB
RSS_SAMPLE t=209.2s rss=4198MB hwm=4198MB
RSS_SAMPLE t=209.4s rss=4199MB hwm=4199MB
RSS_SAMPLE t=209.7s rss=4201MB hwm=4201MB
RSS_SAMPLE t=209.9s rss=4203MB hwm=4203MB
RSS_SAMPLE t=210.2s rss=4205MB hwm=4205MB
RSS_SAMPLE t=210.4s rss=4207MB hwm=4207MB
RSS_SAMPLE t=210.7s rss=4209MB hwm=4209MB
RSS_SAMPLE t=210.9s rss=4211MB hwm=4211MB
RSS_SAMPLE t=211.2s rss=4214MB hwm=4214MB
RSS_SAMPLE t=211.4s rss=4216MB hwm=4216MB
RSS_SAMPLE t=211.7s rss=4218MB hwm=4218MB
RSS_SAMPLE t=211.9s rss=4219MB hwm=4219MB
RSS_SAMPLE t=212.2s rss=4222MB hwm=4222MB
RSS_SAMPLE t=212.4s rss=4223MB hwm=4223MB
RSS_SAMPLE t=212.7s rss=4224MB hwm=4224MB
RSS_SAMPLE t=212.9s rss=4227MB hwm=4227MB
RSS_SAMPLE t=213.2s rss=4228MB hwm=4228MB
RSS_SAMPLE t=213.4s rss=4230MB hwm=4230MB
RSS_SAMPLE t=213.7s rss=4232MB hwm=4232MB
RSS_SAMPLE t=213.9s rss=4233MB hwm=4233MB
RSS_SAMPLE t=214.2s rss=4235MB hwm=4235MB
RSS_SAMPLE t=214.4s rss=4236MB hwm=4236MB
RSS_SAMPLE t=214.7s rss=4237MB hwm=4237MB
RSS_SAMPLE t=214.9s rss=4238MB hwm=4238MB
RSS_SAMPLE t=215.2s rss=4240MB hwm=4240MB
RSS_SAMPLE t=215.4s rss=4240MB hwm=4240MB
RSS_SAMPLE t=215.7s rss=4241MB hwm=4241MB
RSS_SAMPLE t=215.9s rss=4243MB hwm=4243MB
RSS_SAMPLE t=216.2s rss=4243MB hwm=4243MB
RSS_SAMPLE t=216.4s rss=4244MB hwm=4244MB
RSS_SAMPLE t=216.7s rss=4245MB hwm=4245MB
RSS_SAMPLE t=216.9s rss=4245MB hwm=4245MB
RSS_SAMPLE t=217.2s rss=4245MB hwm=4245MB
RSS_SAMPLE t=217.4s rss=4246MB hwm=4246MB
RSS_SAMPLE t=217.7s rss=4247MB hwm=4247MB
RSS_SAMPLE t=217.9s rss=4247MB hwm=4247MB
RSS_SAMPLE t=218.2s rss=4247MB hwm=4247MB
RSS_SAMPLE t=218.4s rss=4247MB hwm=4247MB
RSS_SAMPLE t=218.7s rss=4247MB hwm=4247MB
RSS_SAMPLE t=218.9s rss=4248MB hwm=4248MB
RSS_SAMPLE t=219.2s rss=4249MB hwm=4249MB
RSS_SAMPLE t=219.4s rss=4249MB hwm=4249MB
RSS_SAMPLE t=219.7s rss=4250MB hwm=4250MB
RSS_SAMPLE t=219.9s rss=4251MB hwm=4251MB
RSS_SAMPLE t=220.2s rss=4252MB hwm=4252MB
RSS_SAMPLE t=220.4s rss=4252MB hwm=4252MB
RSS_SAMPLE t=220.7s rss=4253MB hwm=4253MB
RSS_SAMPLE t=220.9s rss=4253MB hwm=4253MB
RSS_SAMPLE t=221.2s rss=4254MB hwm=4254MB
RSS_SAMPLE t=221.4s rss=4254MB hwm=4254MB
RSS_SAMPLE t=221.7s rss=4255MB hwm=4255MB
RSS_SAMPLE t=221.9s rss=4255MB hwm=4255MB
RSS_SAMPLE t=222.2s rss=4256MB hwm=4256MB
RSS_SAMPLE t=222.4s rss=4256MB hwm=4256MB
RSS_SAMPLE t=222.7s rss=4256MB hwm=4256MB
RSS_SAMPLE t=222.9s rss=4257MB hwm=4257MB
RSS_SAMPLE t=223.2s rss=4258MB hwm=4258MB
RSS_SAMPLE t=223.4s rss=4259MB hwm=4259MB
RSS_SAMPLE t=223.7s rss=4260MB hwm=4260MB
RSS_SAMPLE t=223.9s rss=4261MB hwm=4261MB
RSS_SAMPLE t=224.2s rss=4261MB hwm=4261MB
RSS_SAMPLE t=224.4s rss=4263MB hwm=4263MB
RSS_SAMPLE t=224.7s rss=4264MB hwm=4264MB
RSS_SAMPLE t=224.9s rss=4264MB hwm=4264MB
RSS_SAMPLE t=225.2s rss=4266MB hwm=4266MB
RSS_SAMPLE t=225.4s rss=4266MB hwm=4266MB
RSS_SAMPLE t=225.7s rss=4267MB hwm=4267MB
RSS_SAMPLE t=225.9s rss=4267MB hwm=4267MB
RSS_SAMPLE t=226.2s rss=4267MB hwm=4267MB
RSS_SAMPLE t=226.4s rss=4267MB hwm=4267MB
RSS_SAMPLE t=226.7s rss=4267MB hwm=4267MB
RSS_SAMPLE t=226.9s rss=4267MB hwm=4267MB
RSS_SAMPLE t=227.2s rss=4267MB hwm=4267MB
RSS_SAMPLE t=227.4s rss=4267MB hwm=4267MB
RSS_SAMPLE t=227.7s rss=4267MB hwm=4267MB
RSS_SAMPLE t=227.9s rss=4267MB hwm=4267MB
RSS_SAMPLE t=228.2s rss=4268MB hwm=4268MB
RSS_SAMPLE t=228.4s rss=4268MB hwm=4268MB
RSS_SAMPLE t=228.7s rss=4268MB hwm=4268MB
RSS_SAMPLE t=228.9s rss=4268MB hwm=4268MB
RSS_SAMPLE t=229.2s rss=4268MB hwm=4268MB
RSS_SAMPLE t=229.4s rss=4268MB hwm=4268MB
RSS_SAMPLE t=229.7s rss=4268MB hwm=4268MB
RSS_SAMPLE t=229.9s rss=4268MB hwm=4268MB
RSS_SAMPLE t=230.2s rss=4268MB hwm=4268MB
RSS_SAMPLE t=230.4s rss=4268MB hwm=4268MB
RSS_SAMPLE t=230.7s rss=4268MB hwm=4268MB
RSS_SAMPLE t=230.9s rss=4268MB hwm=4268MB
RSS_SAMPLE t=231.2s rss=4268MB hwm=4268MB
RSS_SAMPLE t=231.4s rss=4268MB hwm=4268MB
RSS_SAMPLE t=231.7s rss=4269MB hwm=4269MB
RSS_SAMPLE t=231.9s rss=4269MB hwm=4269MB
RSS_SAMPLE t=232.2s rss=4269MB hwm=4269MB
RSS_SAMPLE t=232.4s rss=4269MB hwm=4269MB
RSS_SAMPLE t=232.7s rss=4269MB hwm=4269MB
RSS_SAMPLE t=232.9s rss=4269MB hwm=4269MB
RSS_SAMPLE t=233.2s rss=4269MB hwm=4269MB
RSS_SAMPLE t=233.4s rss=4269MB hwm=4269MB
RSS_SAMPLE t=233.7s rss=4269MB hwm=4269MB
RSS_SAMPLE t=233.9s rss=4269MB hwm=4269MB
RSS_SAMPLE t=234.2s rss=4269MB hwm=4269MB
RSS_SAMPLE t=234.4s rss=4269MB hwm=4269MB
RSS_SAMPLE t=234.7s rss=4269MB hwm=4269MB
RSS_SAMPLE t=234.9s rss=4269MB hwm=4269MB
RSS_SAMPLE t=235.2s rss=4269MB hwm=4269MB
RSS_SAMPLE t=235.4s rss=4269MB hwm=4269MB
RSS_SAMPLE t=235.7s rss=4269MB hwm=4269MB
RSS_SAMPLE t=235.9s rss=4269MB hwm=4269MB
RSS_SAMPLE t=236.2s rss=4269MB hwm=4269MB
RSS_SAMPLE t=236.4s rss=4269MB hwm=4269MB
RSS_SAMPLE t=236.7s rss=4270MB hwm=4270MB
RSS_SAMPLE t=236.9s rss=4270MB hwm=4270MB
RSS_SAMPLE t=237.2s rss=4270MB hwm=4270MB
RSS_SAMPLE t=237.4s rss=4270MB hwm=4270MB
RSS_SAMPLE t=237.7s rss=4270MB hwm=4270MB
RSS_SAMPLE t=237.9s rss=4270MB hwm=4270MB
RSS_SAMPLE t=238.2s rss=4270MB hwm=4270MB
RSS_SAMPLE t=238.4s rss=4270MB hwm=4270MB
RSS_SAMPLE t=238.7s rss=4270MB hwm=4270MB
RSS_SAMPLE t=238.9s rss=4270MB hwm=4270MB
RSS_SAMPLE t=239.2s rss=4270MB hwm=4270MB
RSS_SAMPLE t=239.4s rss=4270MB hwm=4270MB
RSS_SAMPLE t=239.7s rss=4270MB hwm=4270MB
RSS_SAMPLE t=239.9s rss=4270MB hwm=4270MB
RSS_SAMPLE t=240.2s rss=4270MB hwm=4270MB
RSS_SAMPLE t=240.4s rss=4270MB hwm=4270MB
RSS_SAMPLE t=240.7s rss=4270MB hwm=4270MB
RSS_SAMPLE t=240.9s rss=4270MB hwm=4270MB
RSS_SAMPLE t=241.2s rss=4270MB hwm=4270MB
RSS_SAMPLE t=241.4s rss=4270MB hwm=4270MB
RSS_SAMPLE t=241.7s rss=4270MB hwm=4270MB
RSS_SAMPLE t=241.9s rss=4271MB hwm=4271MB
RSS_SAMPLE t=242.2s rss=4271MB hwm=4271MB
RSS_SAMPLE t=242.4s rss=4271MB hwm=4271MB
RSS_SAMPLE t=242.7s rss=4271MB hwm=4271MB
RSS_SAMPLE t=242.9s rss=4271MB hwm=4271MB
RSS_SAMPLE t=243.2s rss=4271MB hwm=4271MB
RSS_SAMPLE t=243.4s rss=4271MB hwm=4271MB
RSS_SAMPLE t=243.7s rss=4271MB hwm=4271MB
RSS_SAMPLE t=243.9s rss=4271MB hwm=4271MB
RSS_SAMPLE t=244.2s rss=4271MB hwm=4271MB
RSS_SAMPLE t=244.4s rss=4271MB hwm=4271MB
RSS_SAMPLE t=244.7s rss=4271MB hwm=4271MB
MEM_POOL: workspaces=32 dense_usage_mb=1251 n_pipes=2562403
    post_solve_diag[outer=1]: solves=105117 cap_armed=105117 (100.0%) settle_avg=8182 above_sink_avg=135 (1.7%) settle_max=69353
    settle_hist[outer=1]: <100: 27582nets/0.1%work  <1k: 23616nets/0.9%work  <5k: 23462nets/6.8%work  <20k: 13611nets/17.5%work  <60k: 15101nets/61.3%work  >=60k: 1745nets/13.4%work
    fanout_hist[outer=1]: fan1: 43710nets/11.8%work  fan2-4: 48279nets/50.5%work  fan5-16: 12974nets/36.9%work  fan17-64: 154nets/0.9%work  fan65-256: 0nets/0.0%work  fan>256: 0nets/0.0%work
    rss_probe[outer=1]: pre_post_solve=4088MB post_post_solve=4291MB after_apply=4291MB
RSS_SAMPLE t=244.9s rss=4292MB hwm=4292MB
    E_decomp: base=8607302.2 eff=66938433202153.9 cong=66938424594851.7 cong_share=100.0% sat_pipes=119085 max_util=2528.47  R_buckets: 1-2x=133632 2-10x=1839 10-100x=565 >=100x=2426367
    E_potential: beckmann=8693355441933841.0 history_total=0.0
    SpanCache: epoch=2 entries=2536 lookups=2562403 hits=2559867 misses=2536 hit_rate=99.9%
  DCD   1: nets=105117 line=16390573 energy=5071481353.919 dE=+5069150808.185 friction=264082679.7 bins=2.5x(993) excess=393.1 moved=64919 disp=10.734 solves=105117 skip=105117 pops=860029055 theta=0.293 refresh=42357ms dcd=6801ms total=51829ms
    cache_stats: entries=50490734 capacity=88281707 est_mb=763 rss_mb=4292
RSS_SAMPLE t=245.2s rss=4296MB hwm=4296MB
RSS_SAMPLE t=245.4s rss=4296MB hwm=4296MB
RSS_SAMPLE t=245.7s rss=4296MB hwm=4296MB
RSS_SAMPLE t=245.9s rss=4296MB hwm=4296MB
RSS_SAMPLE t=246.2s rss=4296MB hwm=4296MB
RSS_SAMPLE t=246.4s rss=4296MB hwm=4296MB
RSS_SAMPLE t=246.7s rss=4296MB hwm=4296MB
RSS_SAMPLE t=246.9s rss=4296MB hwm=4296MB
RSS_SAMPLE t=247.2s rss=4296MB hwm=4296MB
RSS_SAMPLE t=247.4s rss=4296MB hwm=4296MB
    SwitchMatrix: type_usage_pairs=1355 lookups=3247 hits=1892 dijkstra_calls=1355 avg_us=8.0 total_ms=10.9
PHASE_MARK outer=2 enter=pre_solve rss=4296MB
    rss_probe[outer=2]: pre_refresh_rss=4296MB post_pre_solve_rss=4310MB cache_entries=50490734 cache_cap=88281707 cache_est_mb=763
    pre_solve_diag[outer=2]: solves=0 fallback=0 (0.0%) cap_armed=0 (0.0%) settle_avg=0 settle_max=0 init_count=254
    Overflow: over=107585 (4.2% of used) avg_excess=11.32 max_excess=3169.10 (nc=3193.10 cap=24 span=1)  excess_buckets: <=1=37694 1-5=50103 5-20=15100 >20=4688  by_cap: cap1=28342 cap2=71958 cap3-5=26 cap>5=7259  by_span: s1=694 s2-3=1551 s4-6=4510 s7-12=72281 s>12=28549  le1_cross: cap1=22074 cap2-5=14120 cap>5=1500
    Congestion: pipes=2562403 used=2562403 congested(>50%)=215118 saturated(>90%)=119085 max_util=2528.47 avg_util=0.3228
PHASE_MARK outer=2 enter=dcd_sweep rss=4310MB
RSS_SAMPLE t=247.7s rss=4310MB hwm=4310MB
RSS_SAMPLE t=247.9s rss=4310MB hwm=4310MB
RSS_SAMPLE t=248.2s rss=4310MB hwm=4310MB
RSS_SAMPLE t=248.5s rss=4310MB hwm=4310MB
RSS_SAMPLE t=248.7s rss=4310MB hwm=4310MB
RSS_SAMPLE t=249.0s rss=4310MB hwm=4310MB
RSS_SAMPLE t=249.2s rss=4310MB hwm=4310MB
RSS_SAMPLE t=249.5s rss=4310MB hwm=4310MB
RSS_SAMPLE t=249.7s rss=4310MB hwm=4310MB
RSS_SAMPLE t=250.0s rss=4310MB hwm=4310MB
RSS_SAMPLE t=250.2s rss=4310MB hwm=4310MB
RSS_SAMPLE t=250.5s rss=4310MB hwm=4310MB
RSS_SAMPLE t=250.7s rss=4310MB hwm=4310MB
RSS_SAMPLE t=251.0s rss=4310MB hwm=4310MB
RSS_SAMPLE t=251.2s rss=4310MB hwm=4310MB
RSS_SAMPLE t=251.5s rss=4310MB hwm=4310MB
RSS_SAMPLE t=251.7s rss=4310MB hwm=4310MB
RSS_SAMPLE t=252.0s rss=4310MB hwm=4310MB
RSS_SAMPLE t=252.2s rss=4310MB hwm=4310MB
RSS_SAMPLE t=252.5s rss=4310MB hwm=4310MB
RSS_SAMPLE t=252.7s rss=4310MB hwm=4310MB
RSS_SAMPLE t=253.0s rss=4310MB hwm=4310MB
RSS_SAMPLE t=253.2s rss=4310MB hwm=4310MB
RSS_SAMPLE t=253.5s rss=4310MB hwm=4310MB
RSS_SAMPLE t=253.7s rss=4310MB hwm=4310MB
RSS_SAMPLE t=254.0s rss=4310MB hwm=4310MB
RSS_SAMPLE t=254.2s rss=4310MB hwm=4310MB
RSS_SAMPLE t=254.5s rss=4310MB hwm=4310MB
PHASE_MARK outer=2 leave=dcd_sweep rss=4310MB
PHASE_MARK outer=2 enter=post_refresh rss=4310MB
RSS_SAMPLE t=254.7s rss=4312MB hwm=4312MB
RSS_SAMPLE t=255.0s rss=4312MB hwm=4312MB
RSS_SAMPLE t=255.2s rss=4312MB hwm=4312MB
RSS_SAMPLE t=255.5s rss=4312MB hwm=4312MB
RSS_SAMPLE t=255.7s rss=4312MB hwm=4312MB
RSS_SAMPLE t=256.0s rss=4312MB hwm=4312MB
RSS_SAMPLE t=256.2s rss=4312MB hwm=4312MB
RSS_SAMPLE t=256.5s rss=4312MB hwm=4312MB
RSS_SAMPLE t=256.7s rss=4312MB hwm=4312MB
RSS_SAMPLE t=257.0s rss=4312MB hwm=4312MB
RSS_SAMPLE t=257.2s rss=4312MB hwm=4312MB
RSS_SAMPLE t=257.5s rss=4312MB hwm=4312MB
RSS_SAMPLE t=257.7s rss=4313MB hwm=4313MB
RSS_SAMPLE t=258.0s rss=4314MB hwm=4314MB
RSS_SAMPLE t=258.2s rss=4314MB hwm=4314MB
RSS_SAMPLE t=258.5s rss=4314MB hwm=4314MB
RSS_SAMPLE t=258.7s rss=4316MB hwm=4316MB
RSS_SAMPLE t=259.0s rss=4316MB hwm=4316MB
RSS_SAMPLE t=259.2s rss=4317MB hwm=4317MB
RSS_SAMPLE t=259.5s rss=4317MB hwm=4317MB
RSS_SAMPLE t=259.7s rss=4317MB hwm=4317MB
RSS_SAMPLE t=260.0s rss=4318MB hwm=4318MB
RSS_SAMPLE t=260.2s rss=4318MB hwm=4318MB
RSS_SAMPLE t=260.5s rss=4318MB hwm=4318MB
RSS_SAMPLE t=260.7s rss=4319MB hwm=4319MB
RSS_SAMPLE t=261.0s rss=4319MB hwm=4319MB
RSS_SAMPLE t=261.2s rss=4319MB hwm=4319MB
RSS_SAMPLE t=261.5s rss=4320MB hwm=4320MB
RSS_SAMPLE t=261.7s rss=4320MB hwm=4320MB
RSS_SAMPLE t=262.0s rss=4320MB hwm=4320MB
RSS_SAMPLE t=262.2s rss=4321MB hwm=4321MB
RSS_SAMPLE t=262.5s rss=4321MB hwm=4321MB
RSS_SAMPLE t=262.7s rss=4321MB hwm=4321MB
RSS_SAMPLE t=263.0s rss=4322MB hwm=4322MB
RSS_SAMPLE t=263.2s rss=4322MB hwm=4322MB
RSS_SAMPLE t=263.5s rss=4322MB hwm=4322MB
RSS_SAMPLE t=263.7s rss=4322MB hwm=4322MB
RSS_SAMPLE t=264.0s rss=4322MB hwm=4322MB
RSS_SAMPLE t=264.2s rss=4322MB hwm=4322MB
RSS_SAMPLE t=264.5s rss=4322MB hwm=4322MB
RSS_SAMPLE t=264.7s rss=4322MB hwm=4322MB
RSS_SAMPLE t=265.0s rss=4323MB hwm=4323MB
RSS_SAMPLE t=265.2s rss=4323MB hwm=4323MB
RSS_SAMPLE t=265.5s rss=4323MB hwm=4323MB
RSS_SAMPLE t=265.7s rss=4323MB hwm=4323MB
RSS_SAMPLE t=266.0s rss=4323MB hwm=4323MB
RSS_SAMPLE t=266.2s rss=4324MB hwm=4324MB
RSS_SAMPLE t=266.5s rss=4324MB hwm=4324MB
RSS_SAMPLE t=266.7s rss=4324MB hwm=4324MB
RSS_SAMPLE t=267.0s rss=4324MB hwm=4324MB
RSS_SAMPLE t=267.2s rss=4325MB hwm=4325MB
RSS_SAMPLE t=267.5s rss=4325MB hwm=4325MB
RSS_SAMPLE t=267.7s rss=4326MB hwm=4326MB
RSS_SAMPLE t=268.0s rss=4326MB hwm=4326MB
RSS_SAMPLE t=268.2s rss=4327MB hwm=4327MB
RSS_SAMPLE t=268.5s rss=4327MB hwm=4327MB
RSS_SAMPLE t=268.7s rss=4327MB hwm=4327MB
RSS_SAMPLE t=269.0s rss=4327MB hwm=4327MB
RSS_SAMPLE t=269.2s rss=4327MB hwm=4327MB
RSS_SAMPLE t=269.5s rss=4327MB hwm=4327MB
RSS_SAMPLE t=269.7s rss=4327MB hwm=4327MB
RSS_SAMPLE t=270.0s rss=4328MB hwm=4328MB
RSS_SAMPLE t=270.2s rss=4328MB hwm=4328MB
RSS_SAMPLE t=270.5s rss=4328MB hwm=4328MB
RSS_SAMPLE t=270.7s rss=4328MB hwm=4328MB
RSS_SAMPLE t=271.0s rss=4328MB hwm=4328MB
RSS_SAMPLE t=271.2s rss=4328MB hwm=4328MB
RSS_SAMPLE t=271.5s rss=4328MB hwm=4328MB
RSS_SAMPLE t=271.7s rss=4328MB hwm=4328MB
RSS_SAMPLE t=272.0s rss=4328MB hwm=4328MB
RSS_SAMPLE t=272.2s rss=4328MB hwm=4328MB
RSS_SAMPLE t=272.5s rss=4329MB hwm=4329MB
RSS_SAMPLE t=272.7s rss=4329MB hwm=4329MB
RSS_SAMPLE t=273.0s rss=4329MB hwm=4329MB
RSS_SAMPLE t=273.2s rss=4329MB hwm=4329MB
RSS_SAMPLE t=273.5s rss=4329MB hwm=4329MB
RSS_SAMPLE t=273.7s rss=4329MB hwm=4329MB
RSS_SAMPLE t=274.0s rss=4329MB hwm=4329MB
RSS_SAMPLE t=274.2s rss=4329MB hwm=4329MB
RSS_SAMPLE t=274.5s rss=4329MB hwm=4329MB
RSS_SAMPLE t=274.7s rss=4330MB hwm=4330MB
RSS_SAMPLE t=275.0s rss=4330MB hwm=4330MB
RSS_SAMPLE t=275.2s rss=4330MB hwm=4330MB
RSS_SAMPLE t=275.5s rss=4330MB hwm=4330MB
RSS_SAMPLE t=275.7s rss=4331MB hwm=4331MB
RSS_SAMPLE t=276.0s rss=4331MB hwm=4331MB
RSS_SAMPLE t=276.2s rss=4331MB hwm=4331MB
RSS_SAMPLE t=276.5s rss=4331MB hwm=4331MB
RSS_SAMPLE t=276.7s rss=4332MB hwm=4332MB
RSS_SAMPLE t=277.0s rss=4332MB hwm=4332MB
RSS_SAMPLE t=277.2s rss=4332MB hwm=4332MB
RSS_SAMPLE t=277.5s rss=4332MB hwm=4332MB
RSS_SAMPLE t=277.7s rss=4332MB hwm=4332MB
RSS_SAMPLE t=278.0s rss=4332MB hwm=4332MB
RSS_SAMPLE t=278.2s rss=4333MB hwm=4333MB
RSS_SAMPLE t=278.5s rss=4333MB hwm=4333MB
RSS_SAMPLE t=278.7s rss=4333MB hwm=4333MB
RSS_SAMPLE t=279.0s rss=4333MB hwm=4333MB
RSS_SAMPLE t=279.2s rss=4333MB hwm=4333MB
RSS_SAMPLE t=279.5s rss=4333MB hwm=4333MB
RSS_SAMPLE t=279.7s rss=4333MB hwm=4333MB
RSS_SAMPLE t=280.0s rss=4333MB hwm=4333MB
RSS_SAMPLE t=280.2s rss=4333MB hwm=4333MB
RSS_SAMPLE t=280.5s rss=4334MB hwm=4334MB
RSS_SAMPLE t=280.7s rss=4335MB hwm=4335MB
RSS_SAMPLE t=281.0s rss=4335MB hwm=4335MB
RSS_SAMPLE t=281.2s rss=4336MB hwm=4336MB
RSS_SAMPLE t=281.5s rss=4337MB hwm=4337MB
RSS_SAMPLE t=281.7s rss=4337MB hwm=4337MB
RSS_SAMPLE t=282.0s rss=4338MB hwm=4338MB
RSS_SAMPLE t=282.2s rss=4338MB hwm=4338MB
RSS_SAMPLE t=282.5s rss=4338MB hwm=4338MB
RSS_SAMPLE t=282.7s rss=4338MB hwm=4338MB
RSS_SAMPLE t=283.0s rss=4338MB hwm=4338MB
RSS_SAMPLE t=283.2s rss=4338MB hwm=4338MB
RSS_SAMPLE t=283.5s rss=4338MB hwm=4338MB
RSS_SAMPLE t=283.7s rss=4338MB hwm=4338MB
RSS_SAMPLE t=284.0s rss=4338MB hwm=4338MB
RSS_SAMPLE t=284.2s rss=4338MB hwm=4338MB
RSS_SAMPLE t=284.5s rss=4338MB hwm=4338MB
RSS_SAMPLE t=284.7s rss=4338MB hwm=4338MB
RSS_SAMPLE t=285.0s rss=4338MB hwm=4338MB
RSS_SAMPLE t=285.2s rss=4338MB hwm=4338MB
RSS_SAMPLE t=285.5s rss=4338MB hwm=4338MB
RSS_SAMPLE t=285.7s rss=4338MB hwm=4338MB
RSS_SAMPLE t=286.0s rss=4338MB hwm=4338MB
RSS_SAMPLE t=286.2s rss=4338MB hwm=4338MB
RSS_SAMPLE t=286.5s rss=4338MB hwm=4338MB
RSS_SAMPLE t=286.7s rss=4338MB hwm=4338MB
RSS_SAMPLE t=287.0s rss=4338MB hwm=4338MB
RSS_SAMPLE t=287.2s rss=4338MB hwm=4338MB
RSS_SAMPLE t=287.5s rss=4338MB hwm=4338MB
RSS_SAMPLE t=287.7s rss=4338MB hwm=4338MB
RSS_SAMPLE t=288.0s rss=4338MB hwm=4338MB
RSS_SAMPLE t=288.2s rss=4338MB hwm=4338MB
RSS_SAMPLE t=288.5s rss=4338MB hwm=4338MB
RSS_SAMPLE t=288.7s rss=4338MB hwm=4338MB
RSS_SAMPLE t=289.0s rss=4338MB hwm=4338MB
RSS_SAMPLE t=289.2s rss=4338MB hwm=4338MB
RSS_SAMPLE t=289.5s rss=4338MB hwm=4338MB
RSS_SAMPLE t=289.7s rss=4338MB hwm=4338MB
RSS_SAMPLE t=290.0s rss=4338MB hwm=4338MB
RSS_SAMPLE t=290.2s rss=4338MB hwm=4338MB
RSS_SAMPLE t=290.5s rss=4338MB hwm=4338MB
RSS_SAMPLE t=290.7s rss=4338MB hwm=4338MB
RSS_SAMPLE t=291.0s rss=4338MB hwm=4338MB
RSS_SAMPLE t=291.2s rss=4338MB hwm=4338MB
RSS_SAMPLE t=291.5s rss=4338MB hwm=4338MB
RSS_SAMPLE t=291.7s rss=4338MB hwm=4338MB
RSS_SAMPLE t=292.0s rss=4338MB hwm=4338MB
RSS_SAMPLE t=292.2s rss=4338MB hwm=4338MB
RSS_SAMPLE t=292.5s rss=4338MB hwm=4338MB
RSS_SAMPLE t=292.7s rss=4338MB hwm=4338MB
RSS_SAMPLE t=293.0s rss=4338MB hwm=4338MB
RSS_SAMPLE t=293.2s rss=4338MB hwm=4338MB
RSS_SAMPLE t=293.5s rss=4338MB hwm=4338MB
RSS_SAMPLE t=293.7s rss=4338MB hwm=4338MB
RSS_SAMPLE t=294.0s rss=4338MB hwm=4338MB
RSS_SAMPLE t=294.2s rss=4338MB hwm=4338MB
RSS_SAMPLE t=294.5s rss=4338MB hwm=4338MB
RSS_SAMPLE t=294.7s rss=4338MB hwm=4338MB
RSS_SAMPLE t=295.0s rss=4338MB hwm=4338MB
RSS_SAMPLE t=295.2s rss=4338MB hwm=4338MB
RSS_SAMPLE t=295.5s rss=4338MB hwm=4338MB
RSS_SAMPLE t=295.7s rss=4338MB hwm=4338MB
RSS_SAMPLE t=296.0s rss=4338MB hwm=4338MB
RSS_SAMPLE t=296.2s rss=4338MB hwm=4338MB
RSS_SAMPLE t=296.5s rss=4338MB hwm=4338MB
RSS_SAMPLE t=296.7s rss=4338MB hwm=4338MB
RSS_SAMPLE t=297.0s rss=4338MB hwm=4338MB
RSS_SAMPLE t=297.2s rss=4338MB hwm=4338MB
RSS_SAMPLE t=297.5s rss=4338MB hwm=4338MB
RSS_SAMPLE t=297.7s rss=4338MB hwm=4338MB
RSS_SAMPLE t=298.0s rss=4339MB hwm=4339MB
RSS_SAMPLE t=298.2s rss=4339MB hwm=4339MB
RSS_SAMPLE t=298.5s rss=4339MB hwm=4339MB
RSS_SAMPLE t=298.7s rss=4339MB hwm=4339MB
RSS_SAMPLE t=299.0s rss=4339MB hwm=4339MB
RSS_SAMPLE t=299.2s rss=4339MB hwm=4339MB
RSS_SAMPLE t=299.5s rss=4339MB hwm=4339MB
RSS_SAMPLE t=299.7s rss=4339MB hwm=4339MB
RSS_SAMPLE t=300.0s rss=4339MB hwm=4339MB
RSS_SAMPLE t=300.2s rss=4339MB hwm=4339MB
RSS_SAMPLE t=300.5s rss=4339MB hwm=4339MB
RSS_SAMPLE t=300.7s rss=4339MB hwm=4339MB
RSS_SAMPLE t=301.0s rss=4339MB hwm=4339MB
RSS_SAMPLE t=301.2s rss=4339MB hwm=4339MB
RSS_SAMPLE t=301.5s rss=4339MB hwm=4339MB
RSS_SAMPLE t=301.7s rss=4339MB hwm=4339MB
RSS_SAMPLE t=302.0s rss=4339MB hwm=4339MB
RSS_SAMPLE t=302.2s rss=4339MB hwm=4339MB
RSS_SAMPLE t=302.5s rss=4339MB hwm=4339MB
RSS_SAMPLE t=302.7s rss=4339MB hwm=4339MB
RSS_SAMPLE t=303.0s rss=4339MB hwm=4339MB
RSS_SAMPLE t=303.2s rss=4339MB hwm=4339MB
RSS_SAMPLE t=303.5s rss=4339MB hwm=4339MB
RSS_SAMPLE t=303.7s rss=4339MB hwm=4339MB
RSS_SAMPLE t=304.0s rss=4339MB hwm=4339MB
RSS_SAMPLE t=304.2s rss=4339MB hwm=4339MB
RSS_SAMPLE t=304.5s rss=4339MB hwm=4339MB
RSS_SAMPLE t=304.7s rss=4339MB hwm=4339MB
RSS_SAMPLE t=305.0s rss=4339MB hwm=4339MB
RSS_SAMPLE t=305.2s rss=4339MB hwm=4339MB
RSS_SAMPLE t=305.5s rss=4339MB hwm=4339MB
RSS_SAMPLE t=305.7s rss=4339MB hwm=4339MB
RSS_SAMPLE t=306.0s rss=4339MB hwm=4339MB
RSS_SAMPLE t=306.2s rss=4339MB hwm=4339MB
RSS_SAMPLE t=306.5s rss=4339MB hwm=4339MB
RSS_SAMPLE t=306.7s rss=4339MB hwm=4339MB
RSS_SAMPLE t=307.0s rss=4339MB hwm=4339MB
RSS_SAMPLE t=307.3s rss=4339MB hwm=4339MB
RSS_SAMPLE t=307.5s rss=4339MB hwm=4339MB
RSS_SAMPLE t=307.8s rss=4339MB hwm=4339MB
MEM_POOL: workspaces=32 dense_usage_mb=1251 n_pipes=2562403
    post_solve_diag[outer=2]: solves=105117 cap_armed=105117 (100.0%) settle_avg=7423 above_sink_avg=109 (1.5%) settle_max=69353
    settle_hist[outer=2]: <100: 30410nets/0.1%work  <1k: 23145nets/1.0%work  <5k: 21897nets/7.2%work  <20k: 14541nets/20.3%work  <60k: 13942nets/61.5%work  >=60k: 1182nets/9.9%work
    fanout_hist[outer=2]: fan1: 43710nets/11.4%work  fan2-4: 48279nets/49.8%work  fan5-16: 12974nets/37.8%work  fan17-64: 154nets/0.9%work  fan65-256: 0nets/0.0%work  fan>256: 0nets/0.0%work
    rss_probe[outer=2]: pre_post_solve=4312MB post_post_solve=4339MB after_apply=4339MB
    E_decomp: base=8755140.5 eff=21740915895824592.0 cong=21740915887069452.0 cong_share=100.0% sat_pipes=85769 max_util=1974.18  R_buckets: 1-2x=98033 2-10x=22810 10-100x=8767 >=100x=2432793
    E_potential: beckmann=755339819598235.5 history_total=0.0
    SpanCache: epoch=3 entries=3247 lookups=2562403 hits=2559156 misses=3247 hit_rate=99.9%
  DCD   2: nets=105117 line=15961940 energy=36176830457.516 dE=+31105349103.598 friction=100331197.8 bins=2.0x(876) excess=338.8 moved=66754 disp=10.878 solves=105117 skip=105117 pops=780284597 theta=0.343 refresh=53444ms dcd=6842ms total=62982ms
    cache_stats: entries=48213326 capacity=86395221 est_mb=746 rss_mb=4340
RSS_SAMPLE t=308.0s rss=4340MB hwm=4340MB
RSS_SAMPLE t=308.3s rss=4340MB hwm=4340MB
RSS_SAMPLE t=308.5s rss=4340MB hwm=4340MB
RSS_SAMPLE t=308.8s rss=4340MB hwm=4340MB
RSS_SAMPLE t=309.0s rss=4340MB hwm=4340MB
RSS_SAMPLE t=309.3s rss=4340MB hwm=4340MB
RSS_SAMPLE t=309.5s rss=4340MB hwm=4340MB
RSS_SAMPLE t=309.8s rss=4340MB hwm=4340MB
RSS_SAMPLE t=310.0s rss=4340MB hwm=4340MB
RSS_SAMPLE t=310.3s rss=4340MB hwm=4340MB
RSS_SAMPLE t=310.5s rss=4340MB hwm=4340MB
RSS_SAMPLE t=310.8s rss=4340MB hwm=4340MB
    SwitchMatrix: type_usage_pairs=1556 lookups=3195 hits=1639 dijkstra_calls=1556 avg_us=10.8 total_ms=16.7
PHASE_MARK outer=3 enter=pre_solve rss=4340MB
    rss_probe[outer=3]: pre_refresh_rss=4340MB post_pre_solve_rss=4340MB cache_entries=48213326 cache_cap=86395221 cache_est_mb=746
    pre_solve_diag[outer=3]: solves=0 fallback=0 (0.0%) cap_armed=0 (0.0%) settle_avg=0 settle_max=0 init_count=248
    Overflow: over=82224 (3.2% of used) avg_excess=22.01 max_excess=3487.17 (nc=3511.17 cap=24 span=1)  excess_buckets: <=1=8419 1-5=36834 5-20=24175 >20=12796  by_cap: cap1=6304 cap2=67743 cap3-5=3 cap>5=8174  by_span: s1=679 s2-3=6875 s4-6=1856 s7-12=66720 s>12=6094  le1_cross: cap1=5513 cap2-5=2662 cap>5=244
    Congestion: pipes=2562403 used=2562403 congested(>50%)=124852 saturated(>90%)=85769 max_util=1974.18 avg_util=0.2880
PHASE_MARK outer=3 enter=dcd_sweep rss=4340MB
RSS_SAMPLE t=311.0s rss=4340MB hwm=4340MB
RSS_SAMPLE t=311.3s rss=4340MB hwm=4340MB
RSS_SAMPLE t=311.5s rss=4340MB hwm=4340MB
RSS_SAMPLE t=311.8s rss=4340MB hwm=4340MB
RSS_SAMPLE t=312.0s rss=4340MB hwm=4340MB
RSS_SAMPLE t=312.3s rss=4340MB hwm=4340MB
RSS_SAMPLE t=312.5s rss=4340MB hwm=4340MB
RSS_SAMPLE t=312.8s rss=4340MB hwm=4340MB
RSS_SAMPLE t=313.0s rss=4340MB hwm=4340MB
RSS_SAMPLE t=313.3s rss=4340MB hwm=4340MB
RSS_SAMPLE t=313.5s rss=4340MB hwm=4340MB
RSS_SAMPLE t=313.8s rss=4340MB hwm=4340MB
RSS_SAMPLE t=314.0s rss=4340MB hwm=4340MB
RSS_SAMPLE t=314.3s rss=4340MB hwm=4340MB
RSS_SAMPLE t=314.5s rss=4340MB hwm=4340MB
RSS_SAMPLE t=314.8s rss=4340MB hwm=4340MB
RSS_SAMPLE t=315.0s rss=4340MB hwm=4340MB
RSS_SAMPLE t=315.3s rss=4340MB hwm=4340MB
RSS_SAMPLE t=315.5s rss=4340MB hwm=4340MB
RSS_SAMPLE t=315.8s rss=4340MB hwm=4340MB
RSS_SAMPLE t=316.0s rss=4340MB hwm=4340MB
RSS_SAMPLE t=316.3s rss=4340MB hwm=4340MB
RSS_SAMPLE t=316.5s rss=4340MB hwm=4340MB
RSS_SAMPLE t=316.8s rss=4340MB hwm=4340MB
RSS_SAMPLE t=317.0s rss=4340MB hwm=4340MB
RSS_SAMPLE t=317.3s rss=4340MB hwm=4340MB
RSS_SAMPLE t=317.5s rss=4340MB hwm=4340MB
PHASE_MARK outer=3 leave=dcd_sweep rss=4340MB
PHASE_MARK outer=3 enter=post_refresh rss=4340MB
RSS_SAMPLE t=317.8s rss=4341MB hwm=4341MB
RSS_SAMPLE t=318.0s rss=4341MB hwm=4341MB
RSS_SAMPLE t=318.3s rss=4341MB hwm=4341MB
RSS_SAMPLE t=318.5s rss=4341MB hwm=4341MB
RSS_SAMPLE t=318.8s rss=4341MB hwm=4341MB
RSS_SAMPLE t=319.0s rss=4341MB hwm=4341MB
RSS_SAMPLE t=319.3s rss=4341MB hwm=4341MB
RSS_SAMPLE t=319.5s rss=4341MB hwm=4341MB
RSS_SAMPLE t=319.8s rss=4341MB hwm=4341MB
RSS_SAMPLE t=320.0s rss=4341MB hwm=4341MB
RSS_SAMPLE t=320.3s rss=4341MB hwm=4341MB
RSS_SAMPLE t=320.5s rss=4341MB hwm=4341MB
RSS_SAMPLE t=320.8s rss=4342MB hwm=4342MB
RSS_SAMPLE t=321.0s rss=4342MB hwm=4342MB
RSS_SAMPLE t=321.3s rss=4342MB hwm=4342MB
RSS_SAMPLE t=321.5s rss=4342MB hwm=4342MB
RSS_SAMPLE t=321.8s rss=4342MB hwm=4342MB
RSS_SAMPLE t=322.0s rss=4342MB hwm=4342MB
RSS_SAMPLE t=322.3s rss=4342MB hwm=4342MB
RSS_SAMPLE t=322.5s rss=4342MB hwm=4342MB
RSS_SAMPLE t=322.8s rss=4343MB hwm=4343MB
RSS_SAMPLE t=323.0s rss=4343MB hwm=4343MB
RSS_SAMPLE t=323.3s rss=4343MB hwm=4343MB
RSS_SAMPLE t=323.5s rss=4344MB hwm=4344MB
RSS_SAMPLE t=323.8s rss=4344MB hwm=4344MB
RSS_SAMPLE t=324.0s rss=4344MB hwm=4344MB
RSS_SAMPLE t=324.3s rss=4345MB hwm=4345MB
RSS_SAMPLE t=324.5s rss=4346MB hwm=4346MB
RSS_SAMPLE t=324.8s rss=4346MB hwm=4346MB
RSS_SAMPLE t=325.0s rss=4347MB hwm=4347MB
RSS_SAMPLE t=325.3s rss=4347MB hwm=4347MB
RSS_SAMPLE t=325.5s rss=4348MB hwm=4348MB
RSS_SAMPLE t=325.8s rss=4348MB hwm=4348MB
RSS_SAMPLE t=326.0s rss=4348MB hwm=4348MB
RSS_SAMPLE t=326.3s rss=4349MB hwm=4349MB
RSS_SAMPLE t=326.5s rss=4349MB hwm=4349MB
RSS_SAMPLE t=326.8s rss=4350MB hwm=4350MB
RSS_SAMPLE t=327.0s rss=4350MB hwm=4350MB
RSS_SAMPLE t=327.3s rss=4350MB hwm=4350MB
RSS_SAMPLE t=327.5s rss=4351MB hwm=4351MB
RSS_SAMPLE t=327.8s rss=4351MB hwm=4351MB
RSS_SAMPLE t=328.0s rss=4351MB hwm=4351MB
RSS_SAMPLE t=328.3s rss=4351MB hwm=4351MB
RSS_SAMPLE t=328.5s rss=4352MB hwm=4352MB
RSS_SAMPLE t=328.8s rss=4352MB hwm=4352MB
RSS_SAMPLE t=329.0s rss=4352MB hwm=4352MB
RSS_SAMPLE t=329.3s rss=4352MB hwm=4352MB
RSS_SAMPLE t=329.5s rss=4352MB hwm=4352MB
RSS_SAMPLE t=329.8s rss=4353MB hwm=4353MB
RSS_SAMPLE t=330.0s rss=4353MB hwm=4353MB
RSS_SAMPLE t=330.3s rss=4354MB hwm=4354MB
RSS_SAMPLE t=330.5s rss=4354MB hwm=4354MB
RSS_SAMPLE t=330.8s rss=4354MB hwm=4354MB
RSS_SAMPLE t=331.0s rss=4355MB hwm=4355MB
RSS_SAMPLE t=331.3s rss=4355MB hwm=4355MB
RSS_SAMPLE t=331.5s rss=4356MB hwm=4356MB
RSS_SAMPLE t=331.8s rss=4356MB hwm=4356MB
RSS_SAMPLE t=332.0s rss=4357MB hwm=4357MB
RSS_SAMPLE t=332.3s rss=4357MB hwm=4357MB
RSS_SAMPLE t=332.5s rss=4357MB hwm=4357MB
RSS_SAMPLE t=332.8s rss=4357MB hwm=4357MB
RSS_SAMPLE t=333.0s rss=4357MB hwm=4357MB
RSS_SAMPLE t=333.3s rss=4358MB hwm=4358MB
RSS_SAMPLE t=333.5s rss=4358MB hwm=4358MB
RSS_SAMPLE t=333.8s rss=4358MB hwm=4358MB
RSS_SAMPLE t=334.0s rss=4358MB hwm=4358MB
RSS_SAMPLE t=334.3s rss=4358MB hwm=4358MB
RSS_SAMPLE t=334.5s rss=4358MB hwm=4358MB
RSS_SAMPLE t=334.8s rss=4359MB hwm=4359MB
RSS_SAMPLE t=335.0s rss=4359MB hwm=4359MB
RSS_SAMPLE t=335.3s rss=4359MB hwm=4359MB
RSS_SAMPLE t=335.5s rss=4360MB hwm=4360MB
RSS_SAMPLE t=335.8s rss=4360MB hwm=4360MB
RSS_SAMPLE t=336.0s rss=4360MB hwm=4360MB
RSS_SAMPLE t=336.3s rss=4361MB hwm=4361MB
RSS_SAMPLE t=336.5s rss=4361MB hwm=4361MB
RSS_SAMPLE t=336.8s rss=4361MB hwm=4361MB
RSS_SAMPLE t=337.0s rss=4361MB hwm=4361MB
RSS_SAMPLE t=337.3s rss=4361MB hwm=4361MB
RSS_SAMPLE t=337.5s rss=4362MB hwm=4362MB
RSS_SAMPLE t=337.8s rss=4362MB hwm=4362MB
RSS_SAMPLE t=338.0s rss=4362MB hwm=4362MB
RSS_SAMPLE t=338.3s rss=4362MB hwm=4362MB
RSS_SAMPLE t=338.5s rss=4362MB hwm=4362MB
RSS_SAMPLE t=338.8s rss=4362MB hwm=4362MB
RSS_SAMPLE t=339.0s rss=4362MB hwm=4362MB
RSS_SAMPLE t=339.3s rss=4363MB hwm=4363MB
RSS_SAMPLE t=339.5s rss=4363MB hwm=4363MB
RSS_SAMPLE t=339.8s rss=4363MB hwm=4363MB
RSS_SAMPLE t=340.0s rss=4363MB hwm=4363MB
RSS_SAMPLE t=340.3s rss=4364MB hwm=4364MB
RSS_SAMPLE t=340.5s rss=4364MB hwm=4364MB
RSS_SAMPLE t=340.8s rss=4364MB hwm=4364MB
RSS_SAMPLE t=341.0s rss=4364MB hwm=4364MB
RSS_SAMPLE t=341.3s rss=4364MB hwm=4364MB
RSS_SAMPLE t=341.5s rss=4364MB hwm=4364MB
RSS_SAMPLE t=341.8s rss=4364MB hwm=4364MB
RSS_SAMPLE t=342.0s rss=4364MB hwm=4364MB
RSS_SAMPLE t=342.3s rss=4364MB hwm=4364MB
RSS_SAMPLE t=342.5s rss=4364MB hwm=4364MB
RSS_SAMPLE t=342.8s rss=4364MB hwm=4364MB
RSS_SAMPLE t=343.0s rss=4364MB hwm=4364MB
RSS_SAMPLE t=343.3s rss=4364MB hwm=4364MB
RSS_SAMPLE t=343.5s rss=4364MB hwm=4364MB
RSS_SAMPLE t=343.8s rss=4364MB hwm=4364MB
RSS_SAMPLE t=344.0s rss=4364MB hwm=4364MB
RSS_SAMPLE t=344.3s rss=4365MB hwm=4365MB
RSS_SAMPLE t=344.5s rss=4365MB hwm=4365MB
RSS_SAMPLE t=344.8s rss=4365MB hwm=4365MB
RSS_SAMPLE t=345.0s rss=4365MB hwm=4365MB
RSS_SAMPLE t=345.3s rss=4365MB hwm=4365MB
RSS_SAMPLE t=345.5s rss=4365MB hwm=4365MB
RSS_SAMPLE t=345.8s rss=4365MB hwm=4365MB
RSS_SAMPLE t=346.0s rss=4365MB hwm=4365MB
RSS_SAMPLE t=346.3s rss=4365MB hwm=4365MB
RSS_SAMPLE t=346.5s rss=4365MB hwm=4365MB
RSS_SAMPLE t=346.8s rss=4365MB hwm=4365MB
RSS_SAMPLE t=347.0s rss=4365MB hwm=4365MB
RSS_SAMPLE t=347.3s rss=4365MB hwm=4365MB
RSS_SAMPLE t=347.5s rss=4365MB hwm=4365MB
RSS_SAMPLE t=347.8s rss=4365MB hwm=4365MB
RSS_SAMPLE t=348.0s rss=4365MB hwm=4365MB
RSS_SAMPLE t=348.3s rss=4365MB hwm=4365MB
RSS_SAMPLE t=348.5s rss=4365MB hwm=4365MB
RSS_SAMPLE t=348.8s rss=4365MB hwm=4365MB
RSS_SAMPLE t=349.0s rss=4365MB hwm=4365MB
RSS_SAMPLE t=349.3s rss=4365MB hwm=4365MB
RSS_SAMPLE t=349.5s rss=4365MB hwm=4365MB
RSS_SAMPLE t=349.8s rss=4365MB hwm=4365MB
RSS_SAMPLE t=350.0s rss=4365MB hwm=4365MB
RSS_SAMPLE t=350.3s rss=4365MB hwm=4365MB
RSS_SAMPLE t=350.5s rss=4365MB hwm=4365MB
RSS_SAMPLE t=350.8s rss=4366MB hwm=4366MB
RSS_SAMPLE t=351.0s rss=4366MB hwm=4366MB
RSS_SAMPLE t=351.3s rss=4366MB hwm=4366MB
RSS_SAMPLE t=351.5s rss=4366MB hwm=4366MB
RSS_SAMPLE t=351.8s rss=4366MB hwm=4366MB
RSS_SAMPLE t=352.0s rss=4366MB hwm=4366MB
RSS_SAMPLE t=352.3s rss=4366MB hwm=4366MB
RSS_SAMPLE t=352.5s rss=4366MB hwm=4366MB
RSS_SAMPLE t=352.8s rss=4366MB hwm=4366MB
RSS_SAMPLE t=353.0s rss=4366MB hwm=4366MB
RSS_SAMPLE t=353.3s rss=4366MB hwm=4366MB
RSS_SAMPLE t=353.5s rss=4366MB hwm=4366MB
RSS_SAMPLE t=353.8s rss=4366MB hwm=4366MB
RSS_SAMPLE t=354.0s rss=4366MB hwm=4366MB
RSS_SAMPLE t=354.3s rss=4366MB hwm=4366MB
RSS_SAMPLE t=354.5s rss=4366MB hwm=4366MB
RSS_SAMPLE t=354.8s rss=4366MB hwm=4366MB
RSS_SAMPLE t=355.0s rss=4366MB hwm=4366MB
RSS_SAMPLE t=355.3s rss=4366MB hwm=4366MB
RSS_SAMPLE t=355.5s rss=4366MB hwm=4366MB
RSS_SAMPLE t=355.8s rss=4366MB hwm=4366MB
RSS_SAMPLE t=356.0s rss=4366MB hwm=4366MB
RSS_SAMPLE t=356.3s rss=4366MB hwm=4366MB
RSS_SAMPLE t=356.5s rss=4366MB hwm=4366MB
RSS_SAMPLE t=356.8s rss=4366MB hwm=4366MB
RSS_SAMPLE t=357.0s rss=4366MB hwm=4366MB
RSS_SAMPLE t=357.3s rss=4366MB hwm=4366MB
RSS_SAMPLE t=357.5s rss=4366MB hwm=4366MB
RSS_SAMPLE t=357.8s rss=4366MB hwm=4366MB
RSS_SAMPLE t=358.0s rss=4366MB hwm=4366MB
RSS_SAMPLE t=358.3s rss=4366MB hwm=4366MB
RSS_SAMPLE t=358.5s rss=4366MB hwm=4366MB
RSS_SAMPLE t=358.8s rss=4366MB hwm=4366MB
RSS_SAMPLE t=359.0s rss=4366MB hwm=4366MB
RSS_SAMPLE t=359.3s rss=4366MB hwm=4366MB
RSS_SAMPLE t=359.5s rss=4366MB hwm=4366MB
RSS_SAMPLE t=359.8s rss=4366MB hwm=4366MB
RSS_SAMPLE t=360.0s rss=4366MB hwm=4366MB
RSS_SAMPLE t=360.3s rss=4366MB hwm=4366MB
RSS_SAMPLE t=360.5s rss=4367MB hwm=4367MB
RSS_SAMPLE t=360.8s rss=4367MB hwm=4367MB
RSS_SAMPLE t=361.0s rss=4367MB hwm=4367MB
RSS_SAMPLE t=361.3s rss=4367MB hwm=4367MB
RSS_SAMPLE t=361.5s rss=4367MB hwm=4367MB
RSS_SAMPLE t=361.8s rss=4367MB hwm=4367MB
RSS_SAMPLE t=362.0s rss=4367MB hwm=4367MB
RSS_SAMPLE t=362.3s rss=4367MB hwm=4367MB
RSS_SAMPLE t=362.5s rss=4367MB hwm=4367MB
RSS_SAMPLE t=362.8s rss=4367MB hwm=4367MB
RSS_SAMPLE t=363.0s rss=4367MB hwm=4367MB
RSS_SAMPLE t=363.3s rss=4367MB hwm=4367MB
RSS_SAMPLE t=363.5s rss=4367MB hwm=4367MB
RSS_SAMPLE t=363.8s rss=4367MB hwm=4367MB
RSS_SAMPLE t=364.0s rss=4367MB hwm=4367MB
RSS_SAMPLE t=364.3s rss=4367MB hwm=4367MB
RSS_SAMPLE t=364.5s rss=4367MB hwm=4367MB
RSS_SAMPLE t=364.8s rss=4367MB hwm=4367MB
RSS_SAMPLE t=365.0s rss=4367MB hwm=4367MB
RSS_SAMPLE t=365.3s rss=4367MB hwm=4367MB
RSS_SAMPLE t=365.5s rss=4367MB hwm=4367MB
RSS_SAMPLE t=365.8s rss=4367MB hwm=4367MB
MEM_POOL: workspaces=32 dense_usage_mb=1251 n_pipes=2562403
    post_solve_diag[outer=3]: solves=105117 cap_armed=105117 (100.0%) settle_avg=6935 above_sink_avg=89 (1.3%) settle_max=69353
    settle_hist[outer=3]: <100: 31682nets/0.1%work  <1k: 22876nets/1.2%work  <5k: 21896nets/7.6%work  <20k: 14670nets/21.9%work  <60k: 13108nets/61.4%work  >=60k: 885nets/7.9%work
    fanout_hist[outer=3]: fan1: 43710nets/11.0%work  fan2-4: 48279nets/49.4%work  fan5-16: 12974nets/38.6%work  fan17-64: 154nets/1.0%work  fan65-256: 0nets/0.0%work  fan>256: 0nets/0.0%work
    rss_probe[outer=3]: pre_post_solve=4341MB post_post_solve=4368MB after_apply=4368MB
    E_decomp: base=8923040.9 eff=1892499764111984.5 cong=1892499755188943.5 cong_share=100.0% sat_pipes=81836 max_util=994.50  R_buckets: 1-2x=89142 2-10x=18156 10-100x=14083 >=100x=2441022
    E_potential: beckmann=219899824222216.3 history_total=0.0
    SpanCache: epoch=4 entries=3195 lookups=2562403 hits=2559208 misses=3195 hit_rate=99.9%
  DCD   3: nets=105117 line=15604138 energy=38648001225.448 dE=+2471170767.931 friction=43681456.9 bins=2.0x(738) excess=277.9 moved=67189 disp=8.544 solves=105117 skip=105117 pops=729031423 theta=0.401 refresh=48360ms dcd=6821ms total=58027ms
    cache_stats: entries=48050064 capacity=86387303 est_mb=746 rss_mb=4368
RSS_SAMPLE t=366.0s rss=4368MB hwm=4368MB
RSS_SAMPLE t=366.3s rss=4368MB hwm=4368MB
RSS_SAMPLE t=366.5s rss=4368MB hwm=4368MB
RSS_SAMPLE t=366.8s rss=4368MB hwm=4368MB
RSS_SAMPLE t=367.0s rss=4368MB hwm=4368MB
RSS_SAMPLE t=367.3s rss=4368MB hwm=4368MB
RSS_SAMPLE t=367.5s rss=4368MB hwm=4368MB
RSS_SAMPLE t=367.8s rss=4368MB hwm=4368MB
RSS_SAMPLE t=368.0s rss=4368MB hwm=4368MB
RSS_SAMPLE t=368.3s rss=4368MB hwm=4368MB
RSS_SAMPLE t=368.5s rss=4368MB hwm=4368MB
    SwitchMatrix: type_usage_pairs=1477 lookups=2900 hits=1423 dijkstra_calls=1477 avg_us=10.6 total_ms=15.6
PHASE_MARK outer=4 enter=pre_solve rss=4368MB
    rss_probe[outer=4]: pre_refresh_rss=4368MB post_pre_solve_rss=4368MB cache_entries=48050064 cache_cap=86387303 cache_est_mb=746
    pre_solve_diag[outer=4]: solves=0 fallback=0 (0.0%) cap_armed=0 (0.0%) settle_avg=0 settle_max=0 init_count=248
    Overflow: over=80220 (3.1% of used) avg_excess=27.28 max_excess=3651.40 (nc=3675.40 cap=24 span=1)  excess_buckets: <=1=2412 1-5=31838 5-20=27402 >20=18568  by_cap: cap1=1224 cap2=67417 cap3-5=0 cap>5=11579  by_span: s1=654 s2-3=10526 s4-6=1721 s7-12=66291 s>12=1028  le1_cross: cap1=836 cap2-5=1413 cap>5=163
    Congestion: pipes=2562403 used=2562403 congested(>50%)=101606 saturated(>90%)=81836 max_util=994.50 avg_util=0.2716
PHASE_MARK outer=4 enter=dcd_sweep rss=4368MB
RSS_SAMPLE t=368.8s rss=4368MB hwm=4368MB
RSS_SAMPLE t=369.0s rss=4368MB hwm=4368MB
RSS_SAMPLE t=369.3s rss=4368MB hwm=4368MB
RSS_SAMPLE t=369.5s rss=4368MB hwm=4368MB
RSS_SAMPLE t=369.8s rss=4368MB hwm=4368MB
RSS_SAMPLE t=370.0s rss=4368MB hwm=4368MB
RSS_SAMPLE t=370.3s rss=4368MB hwm=4368MB
RSS_SAMPLE t=370.6s rss=4368MB hwm=4368MB
RSS_SAMPLE t=370.8s rss=4368MB hwm=4368MB
RSS_SAMPLE t=371.1s rss=4368MB hwm=4368MB
RSS_SAMPLE t=371.3s rss=4368MB hwm=4368MB
RSS_SAMPLE t=371.6s rss=4368MB hwm=4368MB
RSS_SAMPLE t=371.8s rss=4368MB hwm=4368MB
RSS_SAMPLE t=372.1s rss=4368MB hwm=4368MB
RSS_SAMPLE t=372.3s rss=4368MB hwm=4368MB
RSS_SAMPLE t=372.6s rss=4368MB hwm=4368MB
RSS_SAMPLE t=372.8s rss=4368MB hwm=4368MB
RSS_SAMPLE t=373.1s rss=4368MB hwm=4368MB
RSS_SAMPLE t=373.3s rss=4368MB hwm=4368MB
RSS_SAMPLE t=373.6s rss=4368MB hwm=4368MB
RSS_SAMPLE t=373.8s rss=4368MB hwm=4368MB
RSS_SAMPLE t=374.1s rss=4368MB hwm=4368MB
RSS_SAMPLE t=374.3s rss=4368MB hwm=4368MB
RSS_SAMPLE t=374.6s rss=4368MB hwm=4368MB
RSS_SAMPLE t=374.8s rss=4368MB hwm=4368MB
RSS_SAMPLE t=375.1s rss=4368MB hwm=4368MB
RSS_SAMPLE t=375.3s rss=4368MB hwm=4368MB
PHASE_MARK outer=4 leave=dcd_sweep rss=4368MB
PHASE_MARK outer=4 enter=post_refresh rss=4368MB
RSS_SAMPLE t=375.6s rss=4368MB hwm=4368MB
RSS_SAMPLE t=375.8s rss=4368MB hwm=4368MB
RSS_SAMPLE t=376.1s rss=4368MB hwm=4368MB
RSS_SAMPLE t=376.3s rss=4368MB hwm=4368MB
RSS_SAMPLE t=376.6s rss=4368MB hwm=4368MB
RSS_SAMPLE t=376.8s rss=4368MB hwm=4368MB
RSS_SAMPLE t=377.1s rss=4368MB hwm=4368MB
RSS_SAMPLE t=377.3s rss=4368MB hwm=4368MB
RSS_SAMPLE t=377.6s rss=4368MB hwm=4368MB
RSS_SAMPLE t=377.8s rss=4368MB hwm=4368MB
RSS_SAMPLE t=378.1s rss=4368MB hwm=4368MB
RSS_SAMPLE t=378.3s rss=4369MB hwm=4369MB
RSS_SAMPLE t=378.6s rss=4369MB hwm=4369MB
RSS_SAMPLE t=378.8s rss=4369MB hwm=4369MB
RSS_SAMPLE t=379.1s rss=4369MB hwm=4369MB
RSS_SAMPLE t=379.3s rss=4369MB hwm=4369MB
RSS_SAMPLE t=379.6s rss=4369MB hwm=4369MB
RSS_SAMPLE t=379.8s rss=4369MB hwm=4369MB
RSS_SAMPLE t=380.1s rss=4370MB hwm=4370MB
RSS_SAMPLE t=380.3s rss=4370MB hwm=4370MB
RSS_SAMPLE t=380.6s rss=4370MB hwm=4370MB
RSS_SAMPLE t=380.8s rss=4370MB hwm=4370MB
RSS_SAMPLE t=381.1s rss=4371MB hwm=4371MB
RSS_SAMPLE t=381.3s rss=4371MB hwm=4371MB
RSS_SAMPLE t=381.6s rss=4371MB hwm=4371MB
RSS_SAMPLE t=381.8s rss=4371MB hwm=4371MB
RSS_SAMPLE t=382.1s rss=4371MB hwm=4371MB
RSS_SAMPLE t=382.3s rss=4372MB hwm=4372MB
RSS_SAMPLE t=382.6s rss=4372MB hwm=4372MB
RSS_SAMPLE t=382.8s rss=4372MB hwm=4372MB
RSS_SAMPLE t=383.1s rss=4372MB hwm=4372MB
RSS_SAMPLE t=383.3s rss=4373MB hwm=4373MB
RSS_SAMPLE t=383.6s rss=4373MB hwm=4373MB
RSS_SAMPLE t=383.8s rss=4373MB hwm=4373MB
RSS_SAMPLE t=384.1s rss=4373MB hwm=4373MB
RSS_SAMPLE t=384.3s rss=4374MB hwm=4374MB
RSS_SAMPLE t=384.6s rss=4374MB hwm=4374MB
RSS_SAMPLE t=384.8s rss=4374MB hwm=4374MB
RSS_SAMPLE t=385.1s rss=4375MB hwm=4375MB
RSS_SAMPLE t=385.3s rss=4375MB hwm=4375MB
RSS_SAMPLE t=385.6s rss=4376MB hwm=4376MB
RSS_SAMPLE t=385.8s rss=4376MB hwm=4376MB
RSS_SAMPLE t=386.1s rss=4377MB hwm=4377MB
RSS_SAMPLE t=386.3s rss=4377MB hwm=4377MB
RSS_SAMPLE t=386.6s rss=4378MB hwm=4378MB
RSS_SAMPLE t=386.8s rss=4378MB hwm=4378MB
RSS_SAMPLE t=387.1s rss=4379MB hwm=4379MB
RSS_SAMPLE t=387.3s rss=4379MB hwm=4379MB
RSS_SAMPLE t=387.6s rss=4379MB hwm=4379MB
RSS_SAMPLE t=387.8s rss=4380MB hwm=4380MB
RSS_SAMPLE t=388.1s rss=4380MB hwm=4380MB
RSS_SAMPLE t=388.3s rss=4380MB hwm=4380MB
RSS_SAMPLE t=388.6s rss=4380MB hwm=4380MB
RSS_SAMPLE t=388.8s rss=4381MB hwm=4381MB
RSS_SAMPLE t=389.1s rss=4381MB hwm=4381MB
RSS_SAMPLE t=389.3s rss=4382MB hwm=4382MB
RSS_SAMPLE t=389.6s rss=4382MB hwm=4382MB
RSS_SAMPLE t=389.8s rss=4382MB hwm=4382MB
RSS_SAMPLE t=390.1s rss=4383MB hwm=4383MB
RSS_SAMPLE t=390.3s rss=4383MB hwm=4383MB
RSS_SAMPLE t=390.6s rss=4383MB hwm=4383MB
RSS_SAMPLE t=390.8s rss=4383MB hwm=4383MB
RSS_SAMPLE t=391.1s rss=4383MB hwm=4383MB
RSS_SAMPLE t=391.3s rss=4384MB hwm=4384MB
RSS_SAMPLE t=391.6s rss=4384MB hwm=4384MB
RSS_SAMPLE t=391.8s rss=4385MB hwm=4385MB
RSS_SAMPLE t=392.1s rss=4385MB hwm=4385MB
RSS_SAMPLE t=392.3s rss=4386MB hwm=4386MB
RSS_SAMPLE t=392.6s rss=4386MB hwm=4386MB
RSS_SAMPLE t=392.8s rss=4386MB hwm=4386MB
RSS_SAMPLE t=393.1s rss=4387MB hwm=4387MB
RSS_SAMPLE t=393.3s rss=4387MB hwm=4387MB
RSS_SAMPLE t=393.6s rss=4387MB hwm=4387MB
RSS_SAMPLE t=393.8s rss=4387MB hwm=4387MB
RSS_SAMPLE t=394.1s rss=4387MB hwm=4387MB
RSS_SAMPLE t=394.3s rss=4387MB hwm=4387MB
RSS_SAMPLE t=394.6s rss=4388MB hwm=4388MB
RSS_SAMPLE t=394.8s rss=4388MB hwm=4388MB
RSS_SAMPLE t=395.1s rss=4388MB hwm=4388MB
RSS_SAMPLE t=395.3s rss=4388MB hwm=4388MB
RSS_SAMPLE t=395.6s rss=4388MB hwm=4388MB
RSS_SAMPLE t=395.8s rss=4389MB hwm=4389MB
RSS_SAMPLE t=396.1s rss=4390MB hwm=4390MB
RSS_SAMPLE t=396.3s rss=4390MB hwm=4390MB
RSS_SAMPLE t=396.6s rss=4390MB hwm=4390MB
RSS_SAMPLE t=396.8s rss=4391MB hwm=4391MB
RSS_SAMPLE t=397.1s rss=4391MB hwm=4391MB
RSS_SAMPLE t=397.3s rss=4391MB hwm=4391MB
RSS_SAMPLE t=397.6s rss=4392MB hwm=4392MB
RSS_SAMPLE t=397.8s rss=4393MB hwm=4393MB
RSS_SAMPLE t=398.1s rss=4393MB hwm=4393MB
RSS_SAMPLE t=398.3s rss=4393MB hwm=4393MB
RSS_SAMPLE t=398.6s rss=4393MB hwm=4393MB
RSS_SAMPLE t=398.8s rss=4394MB hwm=4394MB
RSS_SAMPLE t=399.1s rss=4394MB hwm=4394MB
RSS_SAMPLE t=399.3s rss=4394MB hwm=4394MB
RSS_SAMPLE t=399.6s rss=4394MB hwm=4394MB
RSS_SAMPLE t=399.8s rss=4394MB hwm=4394MB
RSS_SAMPLE t=400.1s rss=4394MB hwm=4394MB
RSS_SAMPLE t=400.3s rss=4394MB hwm=4394MB
RSS_SAMPLE t=400.6s rss=4394MB hwm=4394MB
RSS_SAMPLE t=400.8s rss=4394MB hwm=4394MB
RSS_SAMPLE t=401.1s rss=4394MB hwm=4394MB
RSS_SAMPLE t=401.3s rss=4394MB hwm=4394MB
RSS_SAMPLE t=401.6s rss=4394MB hwm=4394MB
RSS_SAMPLE t=401.8s rss=4394MB hwm=4394MB
RSS_SAMPLE t=402.1s rss=4394MB hwm=4394MB
RSS_SAMPLE t=402.3s rss=4394MB hwm=4394MB
RSS_SAMPLE t=402.6s rss=4394MB hwm=4394MB
RSS_SAMPLE t=402.8s rss=4394MB hwm=4394MB
RSS_SAMPLE t=403.1s rss=4394MB hwm=4394MB
RSS_SAMPLE t=403.3s rss=4394MB hwm=4394MB
RSS_SAMPLE t=403.6s rss=4394MB hwm=4394MB
RSS_SAMPLE t=403.8s rss=4394MB hwm=4394MB
RSS_SAMPLE t=404.1s rss=4394MB hwm=4394MB
RSS_SAMPLE t=404.3s rss=4394MB hwm=4394MB
RSS_SAMPLE t=404.6s rss=4394MB hwm=4394MB
RSS_SAMPLE t=404.8s rss=4394MB hwm=4394MB
RSS_SAMPLE t=405.1s rss=4394MB hwm=4394MB
RSS_SAMPLE t=405.3s rss=4394MB hwm=4394MB
RSS_SAMPLE t=405.6s rss=4394MB hwm=4394MB
RSS_SAMPLE t=405.8s rss=4394MB hwm=4394MB
RSS_SAMPLE t=406.1s rss=4394MB hwm=4394MB
RSS_SAMPLE t=406.3s rss=4394MB hwm=4394MB
RSS_SAMPLE t=406.6s rss=4394MB hwm=4394MB
RSS_SAMPLE t=406.8s rss=4394MB hwm=4394MB
RSS_SAMPLE t=407.1s rss=4394MB hwm=4394MB
RSS_SAMPLE t=407.3s rss=4394MB hwm=4394MB
RSS_SAMPLE t=407.6s rss=4394MB hwm=4394MB
RSS_SAMPLE t=407.8s rss=4394MB hwm=4394MB
RSS_SAMPLE t=408.1s rss=4394MB hwm=4394MB
RSS_SAMPLE t=408.3s rss=4394MB hwm=4394MB
RSS_SAMPLE t=408.6s rss=4394MB hwm=4394MB
RSS_SAMPLE t=408.8s rss=4394MB hwm=4394MB
RSS_SAMPLE t=409.1s rss=4394MB hwm=4394MB
RSS_SAMPLE t=409.3s rss=4394MB hwm=4394MB
RSS_SAMPLE t=409.6s rss=4394MB hwm=4394MB
RSS_SAMPLE t=409.8s rss=4394MB hwm=4394MB
RSS_SAMPLE t=410.1s rss=4394MB hwm=4394MB
RSS_SAMPLE t=410.3s rss=4394MB hwm=4394MB
RSS_SAMPLE t=410.6s rss=4394MB hwm=4394MB
RSS_SAMPLE t=410.8s rss=4394MB hwm=4394MB
RSS_SAMPLE t=411.1s rss=4394MB hwm=4394MB
RSS_SAMPLE t=411.3s rss=4394MB hwm=4394MB
RSS_SAMPLE t=411.6s rss=4394MB hwm=4394MB
RSS_SAMPLE t=411.8s rss=4394MB hwm=4394MB
RSS_SAMPLE t=412.1s rss=4394MB hwm=4394MB
RSS_SAMPLE t=412.3s rss=4394MB hwm=4394MB
RSS_SAMPLE t=412.6s rss=4394MB hwm=4394MB
RSS_SAMPLE t=412.8s rss=4394MB hwm=4394MB
RSS_SAMPLE t=413.1s rss=4394MB hwm=4394MB
RSS_SAMPLE t=413.3s rss=4394MB hwm=4394MB
RSS_SAMPLE t=413.6s rss=4394MB hwm=4394MB
RSS_SAMPLE t=413.8s rss=4394MB hwm=4394MB
RSS_SAMPLE t=414.1s rss=4395MB hwm=4395MB
RSS_SAMPLE t=414.3s rss=4395MB hwm=4395MB
RSS_SAMPLE t=414.6s rss=4395MB hwm=4395MB
RSS_SAMPLE t=414.8s rss=4395MB hwm=4395MB
RSS_SAMPLE t=415.1s rss=4395MB hwm=4395MB
RSS_SAMPLE t=415.3s rss=4395MB hwm=4395MB
RSS_SAMPLE t=415.6s rss=4395MB hwm=4395MB
RSS_SAMPLE t=415.8s rss=4395MB hwm=4395MB
RSS_SAMPLE t=416.1s rss=4395MB hwm=4395MB
RSS_SAMPLE t=416.3s rss=4395MB hwm=4395MB
RSS_SAMPLE t=416.6s rss=4395MB hwm=4395MB
RSS_SAMPLE t=416.8s rss=4395MB hwm=4395MB
RSS_SAMPLE t=417.1s rss=4395MB hwm=4395MB
RSS_SAMPLE t=417.3s rss=4395MB hwm=4395MB
RSS_SAMPLE t=417.6s rss=4395MB hwm=4395MB
RSS_SAMPLE t=417.8s rss=4395MB hwm=4395MB
RSS_SAMPLE t=418.1s rss=4395MB hwm=4395MB
RSS_SAMPLE t=418.3s rss=4395MB hwm=4395MB
RSS_SAMPLE t=418.6s rss=4395MB hwm=4395MB
RSS_SAMPLE t=418.8s rss=4395MB hwm=4395MB
RSS_SAMPLE t=419.1s rss=4395MB hwm=4395MB
MEM_POOL: workspaces=32 dense_usage_mb=1251 n_pipes=2562403
    post_solve_diag[outer=4]: solves=105117 cap_armed=105117 (100.0%) settle_avg=6836 above_sink_avg=87 (1.3%) settle_max=69353
    settle_hist[outer=4]: <100: 32291nets/0.1%work  <1k: 21982nets/1.2%work  <5k: 22143nets/7.8%work  <20k: 14949nets/22.4%work  <60k: 13025nets/61.9%work  >=60k: 727nets/6.6%work
    fanout_hist[outer=4]: fan1: 43710nets/11.2%work  fan2-4: 48279nets/49.5%work  fan5-16: 12974nets/38.4%work  fan17-64: 154nets/1.0%work  fan65-256: 0nets/0.0%work  fan>256: 0nets/0.0%work
    rss_probe[outer=4]: pre_post_solve=4368MB post_post_solve=4395MB after_apply=4395MB
    E_decomp: base=8518506.8 eff=551258653488527.8 cong=551258644970021.0 cong_share=100.0% sat_pipes=83125 max_util=1893.27  R_buckets: 1-2x=80584 2-10x=20942 10-100x=21335 >=100x=2439542
    E_potential: beckmann=392250201364663.4 history_total=0.0
    SpanCache: epoch=5 entries=2900 lookups=2562403 hits=2559503 misses=2900 hit_rate=99.9%
  DCD   4: nets=105117 line=15226948 energy=27003783156.995 dE=-11644218068.453 friction=39733166.4 bins=2.0x(568) excess=211.8 moved=66523 disp=7.352 solves=105117 skip=105117 pops=718540649 theta=0.470 refresh=43738ms dcd=6743ms total=53197ms
    cache_stats: entries=48809659 capacity=87759085 est_mb=758 rss_mb=4395
RSS_SAMPLE t=419.3s rss=4395MB hwm=4395MB
RSS_SAMPLE t=419.6s rss=4395MB hwm=4395MB
RSS_SAMPLE t=419.8s rss=4395MB hwm=4395MB
RSS_SAMPLE t=420.1s rss=4395MB hwm=4395MB
RSS_SAMPLE t=420.3s rss=4395MB hwm=4395MB
RSS_SAMPLE t=420.6s rss=4395MB hwm=4395MB
RSS_SAMPLE t=420.8s rss=4395MB hwm=4395MB
RSS_SAMPLE t=421.1s rss=4395MB hwm=4395MB
RSS_SAMPLE t=421.3s rss=4395MB hwm=4395MB
RSS_SAMPLE t=421.6s rss=4395MB hwm=4395MB
RSS_SAMPLE t=421.8s rss=4395MB hwm=4395MB
    SwitchMatrix: type_usage_pairs=1336 lookups=2613 hits=1277 dijkstra_calls=1336 avg_us=9.5 total_ms=12.7
PHASE_MARK outer=5 enter=pre_solve rss=4395MB
    rss_probe[outer=5]: pre_refresh_rss=4395MB post_pre_solve_rss=4395MB cache_entries=48809659 cache_cap=87759085 cache_est_mb=758
    pre_solve_diag[outer=5]: solves=0 fallback=0 (0.0%) cap_armed=0 (0.0%) settle_avg=0 settle_max=0 init_count=233
    Overflow: over=81666 (3.2% of used) avg_excess=26.06 max_excess=1940.90 (nc=1942.90 cap=2 span=7)  excess_buckets: <=1=1914 1-5=33189 5-20=26694 >20=19869  by_cap: cap1=902 cap2=67440 cap3-5=0 cap>5=13324  by_span: s1=617 s2-3=12275 s4-6=1759 s7-12=66269 s>12=746  le1_cross: cap1=384 cap2-5=1341 cap>5=189
    Congestion: pipes=2562403 used=2562403 congested(>50%)=98616 saturated(>90%)=83125 max_util=1893.27 avg_util=0.2513
PHASE_MARK outer=5 enter=dcd_sweep rss=4395MB
RSS_SAMPLE t=422.1s rss=4395MB hwm=4395MB
RSS_SAMPLE t=422.3s rss=4395MB hwm=4395MB
RSS_SAMPLE t=422.6s rss=4395MB hwm=4395MB
RSS_SAMPLE t=422.8s rss=4395MB hwm=4395MB
RSS_SAMPLE t=423.1s rss=4395MB hwm=4395MB
RSS_SAMPLE t=423.3s rss=4395MB hwm=4395MB
RSS_SAMPLE t=423.6s rss=4395MB hwm=4395MB
RSS_SAMPLE t=423.8s rss=4395MB hwm=4395MB
RSS_SAMPLE t=424.1s rss=4395MB hwm=4395MB
RSS_SAMPLE t=424.3s rss=4395MB hwm=4395MB
RSS_SAMPLE t=424.6s rss=4395MB hwm=4395MB
RSS_SAMPLE t=424.8s rss=4395MB hwm=4395MB
RSS_SAMPLE t=425.1s rss=4395MB hwm=4395MB
RSS_SAMPLE t=425.3s rss=4395MB hwm=4395MB
RSS_SAMPLE t=425.6s rss=4395MB hwm=4395MB
RSS_SAMPLE t=425.8s rss=4395MB hwm=4395MB
RSS_SAMPLE t=426.1s rss=4395MB hwm=4395MB
RSS_SAMPLE t=426.3s rss=4395MB hwm=4395MB
RSS_SAMPLE t=426.6s rss=4395MB hwm=4395MB
RSS_SAMPLE t=426.8s rss=4395MB hwm=4395MB
RSS_SAMPLE t=427.1s rss=4395MB hwm=4395MB
RSS_SAMPLE t=427.3s rss=4395MB hwm=4395MB
RSS_SAMPLE t=427.6s rss=4395MB hwm=4395MB
RSS_SAMPLE t=427.8s rss=4395MB hwm=4395MB
RSS_SAMPLE t=428.1s rss=4395MB hwm=4395MB
RSS_SAMPLE t=428.3s rss=4395MB hwm=4395MB
RSS_SAMPLE t=428.6s rss=4395MB hwm=4395MB
PHASE_MARK outer=5 leave=dcd_sweep rss=4395MB
PHASE_MARK outer=5 enter=post_refresh rss=4395MB
RSS_SAMPLE t=428.8s rss=4396MB hwm=4396MB
RSS_SAMPLE t=429.1s rss=4396MB hwm=4396MB
RSS_SAMPLE t=429.3s rss=4396MB hwm=4396MB
RSS_SAMPLE t=429.6s rss=4396MB hwm=4396MB
RSS_SAMPLE t=429.8s rss=4396MB hwm=4396MB
RSS_SAMPLE t=430.1s rss=4396MB hwm=4396MB
RSS_SAMPLE t=430.3s rss=4396MB hwm=4396MB
RSS_SAMPLE t=430.6s rss=4396MB hwm=4396MB
RSS_SAMPLE t=430.9s rss=4396MB hwm=4396MB
RSS_SAMPLE t=431.1s rss=4396MB hwm=4396MB
RSS_SAMPLE t=431.4s rss=4396MB hwm=4396MB
RSS_SAMPLE t=431.6s rss=4396MB hwm=4396MB
RSS_SAMPLE t=431.9s rss=4397MB hwm=4397MB
RSS_SAMPLE t=432.1s rss=4397MB hwm=4397MB
RSS_SAMPLE t=432.4s rss=4398MB hwm=4398MB
RSS_SAMPLE t=432.6s rss=4398MB hwm=4398MB
RSS_SAMPLE t=432.9s rss=4398MB hwm=4398MB
RSS_SAMPLE t=433.1s rss=4399MB hwm=4399MB
RSS_SAMPLE t=433.4s rss=4399MB hwm=4399MB
RSS_SAMPLE t=433.6s rss=4399MB hwm=4399MB
RSS_SAMPLE t=433.9s rss=4400MB hwm=4400MB
RSS_SAMPLE t=434.1s rss=4400MB hwm=4400MB
RSS_SAMPLE t=434.4s rss=4400MB hwm=4400MB
RSS_SAMPLE t=434.6s rss=4400MB hwm=4400MB
RSS_SAMPLE t=434.9s rss=4400MB hwm=4400MB
RSS_SAMPLE t=435.1s rss=4400MB hwm=4400MB
RSS_SAMPLE t=435.4s rss=4401MB hwm=4401MB
RSS_SAMPLE t=435.6s rss=4401MB hwm=4401MB
RSS_SAMPLE t=435.9s rss=4401MB hwm=4401MB
RSS_SAMPLE t=436.1s rss=4402MB hwm=4402MB
RSS_SAMPLE t=436.4s rss=4402MB hwm=4402MB
RSS_SAMPLE t=436.6s rss=4402MB hwm=4402MB
RSS_SAMPLE t=436.9s rss=4403MB hwm=4403MB
RSS_SAMPLE t=437.1s rss=4403MB hwm=4403MB
RSS_SAMPLE t=437.4s rss=4404MB hwm=4404MB
RSS_SAMPLE t=437.6s rss=4405MB hwm=4405MB
RSS_SAMPLE t=437.9s rss=4406MB hwm=4406MB
RSS_SAMPLE t=438.1s rss=4406MB hwm=4406MB
RSS_SAMPLE t=438.4s rss=4407MB hwm=4407MB
RSS_SAMPLE t=438.6s rss=4407MB hwm=4407MB
RSS_SAMPLE t=438.9s rss=4408MB hwm=4408MB
RSS_SAMPLE t=439.1s rss=4409MB hwm=4409MB
RSS_SAMPLE t=439.4s rss=4409MB hwm=4409MB
RSS_SAMPLE t=439.6s rss=4410MB hwm=4410MB
RSS_SAMPLE t=439.9s rss=4411MB hwm=4411MB
RSS_SAMPLE t=440.1s rss=4412MB hwm=4412MB
RSS_SAMPLE t=440.4s rss=4413MB hwm=4413MB
RSS_SAMPLE t=440.6s rss=4413MB hwm=4413MB
RSS_SAMPLE t=440.9s rss=4414MB hwm=4414MB
RSS_SAMPLE t=441.1s rss=4415MB hwm=4415MB
RSS_SAMPLE t=441.4s rss=4416MB hwm=4416MB
RSS_SAMPLE t=441.6s rss=4417MB hwm=4417MB
RSS_SAMPLE t=441.9s rss=4418MB hwm=4418MB
RSS_SAMPLE t=442.1s rss=4419MB hwm=4419MB
RSS_SAMPLE t=442.4s rss=4420MB hwm=4420MB
RSS_SAMPLE t=442.6s rss=4420MB hwm=4420MB
RSS_SAMPLE t=442.9s rss=4421MB hwm=4421MB
RSS_SAMPLE t=443.1s rss=4422MB hwm=4422MB
RSS_SAMPLE t=443.4s rss=4423MB hwm=4423MB
RSS_SAMPLE t=443.6s rss=4424MB hwm=4424MB
RSS_SAMPLE t=443.9s rss=4424MB hwm=4424MB
RSS_SAMPLE t=444.1s rss=4425MB hwm=4425MB
RSS_SAMPLE t=444.4s rss=4426MB hwm=4426MB
RSS_SAMPLE t=444.6s rss=4426MB hwm=4426MB
RSS_SAMPLE t=444.9s rss=4426MB hwm=4426MB
RSS_SAMPLE t=445.1s rss=4427MB hwm=4427MB
RSS_SAMPLE t=445.4s rss=4427MB hwm=4427MB
RSS_SAMPLE t=445.6s rss=4428MB hwm=4428MB
RSS_SAMPLE t=445.9s rss=4428MB hwm=4428MB
RSS_SAMPLE t=446.1s rss=4429MB hwm=4429MB
RSS_SAMPLE t=446.4s rss=4429MB hwm=4429MB
RSS_SAMPLE t=446.6s rss=4430MB hwm=4430MB
RSS_SAMPLE t=446.9s rss=4430MB hwm=4430MB
RSS_SAMPLE t=447.1s rss=4430MB hwm=4430MB
RSS_SAMPLE t=447.4s rss=4431MB hwm=4431MB
RSS_SAMPLE t=447.6s rss=4431MB hwm=4431MB
RSS_SAMPLE t=447.9s rss=4432MB hwm=4432MB
RSS_SAMPLE t=448.1s rss=4433MB hwm=4433MB
RSS_SAMPLE t=448.4s rss=4433MB hwm=4433MB
RSS_SAMPLE t=448.6s rss=4434MB hwm=4434MB
RSS_SAMPLE t=448.9s rss=4435MB hwm=4435MB
RSS_SAMPLE t=449.1s rss=4435MB hwm=4435MB
RSS_SAMPLE t=449.4s rss=4435MB hwm=4435MB
RSS_SAMPLE t=449.6s rss=4435MB hwm=4435MB
RSS_SAMPLE t=449.9s rss=4436MB hwm=4436MB
RSS_SAMPLE t=450.1s rss=4437MB hwm=4437MB
RSS_SAMPLE t=450.4s rss=4437MB hwm=4437MB
RSS_SAMPLE t=450.6s rss=4438MB hwm=4438MB
RSS_SAMPLE t=450.9s rss=4438MB hwm=4438MB
RSS_SAMPLE t=451.1s rss=4438MB hwm=4438MB
RSS_SAMPLE t=451.4s rss=4439MB hwm=4439MB
RSS_SAMPLE t=451.6s rss=4440MB hwm=4440MB
RSS_SAMPLE t=451.9s rss=4440MB hwm=4440MB
RSS_SAMPLE t=452.1s rss=4440MB hwm=4440MB
RSS_SAMPLE t=452.4s rss=4441MB hwm=4441MB
RSS_SAMPLE t=452.6s rss=4441MB hwm=4441MB
RSS_SAMPLE t=452.9s rss=4441MB hwm=4441MB
RSS_SAMPLE t=453.1s rss=4442MB hwm=4442MB
RSS_SAMPLE t=453.4s rss=4442MB hwm=4442MB
RSS_SAMPLE t=453.6s rss=4442MB hwm=4442MB
RSS_SAMPLE t=453.9s rss=4442MB hwm=4442MB
RSS_SAMPLE t=454.1s rss=4442MB hwm=4442MB
RSS_SAMPLE t=454.4s rss=4442MB hwm=4442MB
RSS_SAMPLE t=454.6s rss=4442MB hwm=4442MB
RSS_SAMPLE t=454.9s rss=4442MB hwm=4442MB
RSS_SAMPLE t=455.1s rss=4442MB hwm=4442MB
RSS_SAMPLE t=455.4s rss=4442MB hwm=4442MB
RSS_SAMPLE t=455.6s rss=4442MB hwm=4442MB
RSS_SAMPLE t=455.9s rss=4442MB hwm=4442MB
RSS_SAMPLE t=456.1s rss=4442MB hwm=4442MB
RSS_SAMPLE t=456.4s rss=4442MB hwm=4442MB
RSS_SAMPLE t=456.6s rss=4442MB hwm=4442MB
RSS_SAMPLE t=456.9s rss=4443MB hwm=4443MB
RSS_SAMPLE t=457.1s rss=4443MB hwm=4443MB
RSS_SAMPLE t=457.4s rss=4443MB hwm=4443MB
RSS_SAMPLE t=457.6s rss=4443MB hwm=4443MB
RSS_SAMPLE t=457.9s rss=4443MB hwm=4443MB
RSS_SAMPLE t=458.1s rss=4443MB hwm=4443MB
RSS_SAMPLE t=458.4s rss=4443MB hwm=4443MB
RSS_SAMPLE t=458.6s rss=4443MB hwm=4443MB
RSS_SAMPLE t=458.9s rss=4443MB hwm=4443MB
RSS_SAMPLE t=459.1s rss=4443MB hwm=4443MB
RSS_SAMPLE t=459.4s rss=4443MB hwm=4443MB
RSS_SAMPLE t=459.6s rss=4443MB hwm=4443MB
RSS_SAMPLE t=459.9s rss=4443MB hwm=4443MB
RSS_SAMPLE t=460.1s rss=4443MB hwm=4443MB
RSS_SAMPLE t=460.4s rss=4443MB hwm=4443MB
RSS_SAMPLE t=460.6s rss=4443MB hwm=4443MB
RSS_SAMPLE t=460.9s rss=4443MB hwm=4443MB
RSS_SAMPLE t=461.1s rss=4443MB hwm=4443MB
RSS_SAMPLE t=461.4s rss=4443MB hwm=4443MB
RSS_SAMPLE t=461.6s rss=4443MB hwm=4443MB
RSS_SAMPLE t=461.9s rss=4443MB hwm=4443MB
RSS_SAMPLE t=462.1s rss=4443MB hwm=4443MB
RSS_SAMPLE t=462.4s rss=4443MB hwm=4443MB
RSS_SAMPLE t=462.6s rss=4443MB hwm=4443MB
RSS_SAMPLE t=462.9s rss=4443MB hwm=4443MB
RSS_SAMPLE t=463.1s rss=4443MB hwm=4443MB
RSS_SAMPLE t=463.4s rss=4443MB hwm=4443MB
RSS_SAMPLE t=463.6s rss=4443MB hwm=4443MB
RSS_SAMPLE t=463.9s rss=4443MB hwm=4443MB
RSS_SAMPLE t=464.1s rss=4443MB hwm=4443MB
RSS_SAMPLE t=464.4s rss=4443MB hwm=4443MB
RSS_SAMPLE t=464.6s rss=4443MB hwm=4443MB
RSS_SAMPLE t=464.9s rss=4443MB hwm=4443MB
RSS_SAMPLE t=465.1s rss=4443MB hwm=4443MB
RSS_SAMPLE t=465.4s rss=4443MB hwm=4443MB
RSS_SAMPLE t=465.6s rss=4443MB hwm=4443MB
RSS_SAMPLE t=465.9s rss=4443MB hwm=4443MB
RSS_SAMPLE t=466.1s rss=4443MB hwm=4443MB
RSS_SAMPLE t=466.4s rss=4443MB hwm=4443MB
RSS_SAMPLE t=466.6s rss=4443MB hwm=4443MB
RSS_SAMPLE t=466.9s rss=4443MB hwm=4443MB
RSS_SAMPLE t=467.1s rss=4443MB hwm=4443MB
RSS_SAMPLE t=467.4s rss=4443MB hwm=4443MB
RSS_SAMPLE t=467.6s rss=4443MB hwm=4443MB
RSS_SAMPLE t=467.9s rss=4443MB hwm=4443MB
RSS_SAMPLE t=468.1s rss=4443MB hwm=4443MB
RSS_SAMPLE t=468.4s rss=4443MB hwm=4443MB
RSS_SAMPLE t=468.6s rss=4443MB hwm=4443MB
RSS_SAMPLE t=468.9s rss=4443MB hwm=4443MB
RSS_SAMPLE t=469.1s rss=4444MB hwm=4444MB
RSS_SAMPLE t=469.4s rss=4444MB hwm=4444MB
RSS_SAMPLE t=469.6s rss=4444MB hwm=4444MB
RSS_SAMPLE t=469.9s rss=4444MB hwm=4444MB
RSS_SAMPLE t=470.1s rss=4444MB hwm=4444MB
RSS_SAMPLE t=470.4s rss=4444MB hwm=4444MB
RSS_SAMPLE t=470.6s rss=4444MB hwm=4444MB
RSS_SAMPLE t=470.9s rss=4444MB hwm=4444MB
RSS_SAMPLE t=471.1s rss=4444MB hwm=4444MB
RSS_SAMPLE t=471.4s rss=4444MB hwm=4444MB
RSS_SAMPLE t=471.6s rss=4444MB hwm=4444MB
RSS_SAMPLE t=471.9s rss=4444MB hwm=4444MB
RSS_SAMPLE t=472.1s rss=4444MB hwm=4444MB
RSS_SAMPLE t=472.4s rss=4444MB hwm=4444MB
RSS_SAMPLE t=472.6s rss=4444MB hwm=4444MB
RSS_SAMPLE t=472.9s rss=4444MB hwm=4444MB
RSS_SAMPLE t=473.1s rss=4444MB hwm=4444MB
RSS_SAMPLE t=473.4s rss=4444MB hwm=4444MB
RSS_SAMPLE t=473.6s rss=4444MB hwm=4444MB
MEM_POOL: workspaces=32 dense_usage_mb=1251 n_pipes=2562403
    post_solve_diag[outer=5]: solves=105117 cap_armed=105117 (100.0%) settle_avg=6922 above_sink_avg=123 (1.8%) settle_max=69353
    settle_hist[outer=5]: <100: 32757nets/0.1%work  <1k: 20596nets/1.1%work  <5k: 21648nets/7.7%work  <20k: 16206nets/24.1%work  <60k: 13280nets/61.4%work  >=60k: 630nets/5.6%work
    fanout_hist[outer=5]: fan1: 43710nets/12.3%work  fan2-4: 48279nets/49.7%work  fan5-16: 12974nets/37.0%work  fan17-64: 154nets/1.0%work  fan65-256: 0nets/0.0%work  fan>256: 0nets/0.0%work
    rss_probe[outer=5]: pre_post_solve=4396MB post_post_solve=4444MB after_apply=4444MB
    E_decomp: base=7632318.4 eff=981154333199669.5 cong=981154325567351.1 cong_share=100.0% sat_pipes=83113 max_util=1882.32  R_buckets: 1-2x=81411 2-10x=21575 10-100x=39301 >=100x=2420116
    E_potential: beckmann=174321831473651.8 history_total=0.0
    SpanCache: epoch=6 entries=2613 lookups=2562403 hits=2559790 misses=2613 hit_rate=99.9%
  DCD   5: nets=105117 line=14864027 energy=2842981302.927 dE=-24160801854.068 friction=23500570.9 bins=2.0x(418) excess=159.2 moved=65815 disp=6.709 solves=105117 skip=105117 pops=727616045 theta=0.550 refresh=45026ms dcd=6859ms total=54554ms
    cache_stats: entries=51731386 capacity=94255360 est_mb=814 rss_mb=4444
RSS_SAMPLE t=473.9s rss=4444MB hwm=4444MB
RSS_SAMPLE t=474.1s rss=4444MB hwm=4444MB
RSS_SAMPLE t=474.4s rss=4444MB hwm=4444MB
RSS_SAMPLE t=474.6s rss=4444MB hwm=4444MB
RSS_SAMPLE t=474.9s rss=4444MB hwm=4444MB
RSS_SAMPLE t=475.1s rss=4444MB hwm=4444MB
RSS_SAMPLE t=475.4s rss=4444MB hwm=4444MB
RSS_SAMPLE t=475.6s rss=4444MB hwm=4444MB
RSS_SAMPLE t=475.9s rss=4444MB hwm=4444MB
RSS_SAMPLE t=476.1s rss=4444MB hwm=4444MB
RSS_SAMPLE t=476.4s rss=4444MB hwm=4444MB
    SwitchMatrix: type_usage_pairs=1151 lookups=2320 hits=1169 dijkstra_calls=1151 avg_us=10.3 total_ms=11.8
PHASE_MARK outer=6 enter=pre_solve rss=4444MB
    rss_probe[outer=6]: pre_refresh_rss=4444MB post_pre_solve_rss=4444MB cache_entries=51731386 cache_cap=94255360 cache_est_mb=814
    pre_solve_diag[outer=6]: solves=0 fallback=0 (0.0%) cap_armed=0 (0.0%) settle_avg=0 settle_max=0 init_count=254
    Overflow: over=81546 (3.2% of used) avg_excess=22.18 max_excess=2474.21 (nc=2498.21 cap=24 span=1)  excess_buckets: <=1=2197 1-5=33270 5-20=27335 >20=18744  by_cap: cap1=989 cap2=67699 cap3-5=29 cap>5=12829  by_span: s1=588 s2-3=11848 s4-6=1724 s7-12=66196 s>12=1190  le1_cross: cap1=364 cap2-5=1679 cap>5=154
    Congestion: pipes=2562403 used=2562403 congested(>50%)=98627 saturated(>90%)=83113 max_util=1882.32 avg_util=0.2185
PHASE_MARK outer=6 enter=dcd_sweep rss=4444MB
RSS_SAMPLE t=476.6s rss=4444MB hwm=4444MB
RSS_SAMPLE t=476.9s rss=4444MB hwm=4444MB
RSS_SAMPLE t=477.1s rss=4444MB hwm=4444MB
RSS_SAMPLE t=477.4s rss=4444MB hwm=4444MB
RSS_SAMPLE t=477.6s rss=4444MB hwm=4444MB
RSS_SAMPLE t=477.9s rss=4444MB hwm=4444MB
RSS_SAMPLE t=478.1s rss=4444MB hwm=4444MB
RSS_SAMPLE t=478.4s rss=4444MB hwm=4444MB
RSS_SAMPLE t=478.6s rss=4444MB hwm=4444MB
RSS_SAMPLE t=478.9s rss=4444MB hwm=4444MB
RSS_SAMPLE t=479.1s rss=4444MB hwm=4444MB
RSS_SAMPLE t=479.4s rss=4444MB hwm=4444MB
RSS_SAMPLE t=479.6s rss=4444MB hwm=4444MB
RSS_SAMPLE t=479.9s rss=4444MB hwm=4444MB
RSS_SAMPLE t=480.1s rss=4444MB hwm=4444MB
RSS_SAMPLE t=480.4s rss=4444MB hwm=4444MB
RSS_SAMPLE t=480.6s rss=4444MB hwm=4444MB
RSS_SAMPLE t=480.9s rss=4444MB hwm=4444MB
RSS_SAMPLE t=481.1s rss=4444MB hwm=4444MB
RSS_SAMPLE t=481.4s rss=4444MB hwm=4444MB
RSS_SAMPLE t=481.6s rss=4444MB hwm=4444MB
RSS_SAMPLE t=481.9s rss=4444MB hwm=4444MB
RSS_SAMPLE t=482.1s rss=4444MB hwm=4444MB
RSS_SAMPLE t=482.4s rss=4444MB hwm=4444MB
RSS_SAMPLE t=482.6s rss=4444MB hwm=4444MB
RSS_SAMPLE t=482.9s rss=4444MB hwm=4444MB
RSS_SAMPLE t=483.1s rss=4444MB hwm=4444MB
PHASE_MARK outer=6 leave=dcd_sweep rss=4444MB
PHASE_MARK outer=6 enter=post_refresh rss=4444MB
RSS_SAMPLE t=483.4s rss=4444MB hwm=4444MB
RSS_SAMPLE t=483.6s rss=4444MB hwm=4444MB
RSS_SAMPLE t=483.9s rss=4444MB hwm=4444MB
RSS_SAMPLE t=484.1s rss=4444MB hwm=4444MB
RSS_SAMPLE t=484.4s rss=4444MB hwm=4444MB
RSS_SAMPLE t=484.6s rss=4444MB hwm=4444MB
RSS_SAMPLE t=484.9s rss=4444MB hwm=4444MB
RSS_SAMPLE t=485.1s rss=4444MB hwm=4444MB
RSS_SAMPLE t=485.4s rss=4444MB hwm=4444MB
RSS_SAMPLE t=485.6s rss=4444MB hwm=4444MB
RSS_SAMPLE t=485.9s rss=4444MB hwm=4444MB
RSS_SAMPLE t=486.2s rss=4445MB hwm=4445MB
RSS_SAMPLE t=486.4s rss=4446MB hwm=4446MB
RSS_SAMPLE t=486.7s rss=4446MB hwm=4446MB
RSS_SAMPLE t=486.9s rss=4447MB hwm=4447MB
RSS_SAMPLE t=487.2s rss=4448MB hwm=4448MB
RSS_SAMPLE t=487.4s rss=4448MB hwm=4448MB
RSS_SAMPLE t=487.7s rss=4449MB hwm=4449MB
RSS_SAMPLE t=487.9s rss=4449MB hwm=4449MB
RSS_SAMPLE t=488.2s rss=4449MB hwm=4449MB
RSS_SAMPLE t=488.4s rss=4450MB hwm=4450MB
RSS_SAMPLE t=488.7s rss=4450MB hwm=4450MB
RSS_SAMPLE t=488.9s rss=4450MB hwm=4450MB
RSS_SAMPLE t=489.2s rss=4451MB hwm=4451MB
RSS_SAMPLE t=489.4s rss=4451MB hwm=4451MB
RSS_SAMPLE t=489.7s rss=4452MB hwm=4452MB
RSS_SAMPLE t=489.9s rss=4452MB hwm=4452MB
RSS_SAMPLE t=490.2s rss=4453MB hwm=4453MB
RSS_SAMPLE t=490.4s rss=4453MB hwm=4453MB
RSS_SAMPLE t=490.7s rss=4453MB hwm=4453MB
RSS_SAMPLE t=490.9s rss=4453MB hwm=4453MB
RSS_SAMPLE t=491.2s rss=4453MB hwm=4453MB
RSS_SAMPLE t=491.4s rss=4454MB hwm=4454MB
RSS_SAMPLE t=491.7s rss=4454MB hwm=4454MB
RSS_SAMPLE t=491.9s rss=4454MB hwm=4454MB
RSS_SAMPLE t=492.2s rss=4455MB hwm=4455MB
RSS_SAMPLE t=492.4s rss=4455MB hwm=4455MB
RSS_SAMPLE t=492.7s rss=4456MB hwm=4456MB
RSS_SAMPLE t=492.9s rss=4456MB hwm=4456MB
RSS_SAMPLE t=493.2s rss=4456MB hwm=4456MB
RSS_SAMPLE t=493.4s rss=4457MB hwm=4457MB
RSS_SAMPLE t=493.7s rss=4457MB hwm=4457MB
RSS_SAMPLE t=493.9s rss=4458MB hwm=4458MB
RSS_SAMPLE t=494.2s rss=4458MB hwm=4458MB
RSS_SAMPLE t=494.4s rss=4458MB hwm=4458MB
RSS_SAMPLE t=494.7s rss=4459MB hwm=4459MB
RSS_SAMPLE t=494.9s rss=4460MB hwm=4460MB
RSS_SAMPLE t=495.2s rss=4460MB hwm=4460MB
RSS_SAMPLE t=495.4s rss=4461MB hwm=4461MB
RSS_SAMPLE t=495.7s rss=4461MB hwm=4461MB
RSS_SAMPLE t=495.9s rss=4462MB hwm=4462MB
RSS_SAMPLE t=496.2s rss=4462MB hwm=4462MB
RSS_SAMPLE t=496.4s rss=4463MB hwm=4463MB
RSS_SAMPLE t=496.7s rss=4464MB hwm=4464MB
RSS_SAMPLE t=496.9s rss=4464MB hwm=4464MB
RSS_SAMPLE t=497.2s rss=4465MB hwm=4465MB
RSS_SAMPLE t=497.4s rss=4465MB hwm=4465MB
RSS_SAMPLE t=497.7s rss=4466MB hwm=4466MB
RSS_SAMPLE t=497.9s rss=4466MB hwm=4466MB
RSS_SAMPLE t=498.2s rss=4466MB hwm=4466MB
RSS_SAMPLE t=498.4s rss=4467MB hwm=4467MB
RSS_SAMPLE t=498.7s rss=4467MB hwm=4467MB
RSS_SAMPLE t=498.9s rss=4467MB hwm=4467MB
RSS_SAMPLE t=499.2s rss=4467MB hwm=4467MB
RSS_SAMPLE t=499.4s rss=4468MB hwm=4468MB
RSS_SAMPLE t=499.7s rss=4468MB hwm=4468MB
RSS_SAMPLE t=499.9s rss=4468MB hwm=4468MB
RSS_SAMPLE t=500.2s rss=4469MB hwm=4469MB
RSS_SAMPLE t=500.4s rss=4469MB hwm=4469MB
RSS_SAMPLE t=500.7s rss=4469MB hwm=4469MB
RSS_SAMPLE t=500.9s rss=4470MB hwm=4470MB
RSS_SAMPLE t=501.2s rss=4470MB hwm=4470MB
RSS_SAMPLE t=501.4s rss=4471MB hwm=4471MB
RSS_SAMPLE t=501.7s rss=4471MB hwm=4471MB
RSS_SAMPLE t=501.9s rss=4472MB hwm=4472MB
RSS_SAMPLE t=502.2s rss=4472MB hwm=4472MB
RSS_SAMPLE t=502.4s rss=4473MB hwm=4473MB
RSS_SAMPLE t=502.7s rss=4473MB hwm=4473MB
RSS_SAMPLE t=502.9s rss=4475MB hwm=4475MB
RSS_SAMPLE t=503.2s rss=4475MB hwm=4475MB
RSS_SAMPLE t=503.4s rss=4476MB hwm=4476MB
RSS_SAMPLE t=503.7s rss=4477MB hwm=4477MB
RSS_SAMPLE t=503.9s rss=4477MB hwm=4477MB
RSS_SAMPLE t=504.2s rss=4478MB hwm=4478MB
RSS_SAMPLE t=504.4s rss=4479MB hwm=4479MB
RSS_SAMPLE t=504.7s rss=4480MB hwm=4480MB
RSS_SAMPLE t=504.9s rss=4480MB hwm=4480MB
RSS_SAMPLE t=505.2s rss=4480MB hwm=4480MB
RSS_SAMPLE t=505.4s rss=4481MB hwm=4481MB
RSS_SAMPLE t=505.7s rss=4482MB hwm=4482MB
RSS_SAMPLE t=505.9s rss=4482MB hwm=4482MB
RSS_SAMPLE t=506.2s rss=4482MB hwm=4482MB
RSS_SAMPLE t=506.4s rss=4483MB hwm=4483MB
RSS_SAMPLE t=506.7s rss=4483MB hwm=4483MB
RSS_SAMPLE t=506.9s rss=4483MB hwm=4483MB
RSS_SAMPLE t=507.2s rss=4484MB hwm=4484MB
RSS_SAMPLE t=507.4s rss=4484MB hwm=4484MB
RSS_SAMPLE t=507.7s rss=4484MB hwm=4484MB
RSS_SAMPLE t=507.9s rss=4484MB hwm=4484MB
RSS_SAMPLE t=508.2s rss=4485MB hwm=4485MB
RSS_SAMPLE t=508.4s rss=4486MB hwm=4486MB
RSS_SAMPLE t=508.7s rss=4486MB hwm=4486MB
RSS_SAMPLE t=508.9s rss=4487MB hwm=4487MB
RSS_SAMPLE t=509.2s rss=4487MB hwm=4487MB
RSS_SAMPLE t=509.4s rss=4488MB hwm=4488MB
RSS_SAMPLE t=509.7s rss=4488MB hwm=4488MB
RSS_SAMPLE t=509.9s rss=4489MB hwm=4489MB
RSS_SAMPLE t=510.2s rss=4489MB hwm=4489MB
RSS_SAMPLE t=510.4s rss=4490MB hwm=4490MB
RSS_SAMPLE t=510.7s rss=4490MB hwm=4490MB
RSS_SAMPLE t=510.9s rss=4490MB hwm=4490MB
RSS_SAMPLE t=511.2s rss=4490MB hwm=4490MB
RSS_SAMPLE t=511.4s rss=4490MB hwm=4490MB
RSS_SAMPLE t=511.7s rss=4490MB hwm=4490MB
RSS_SAMPLE t=511.9s rss=4490MB hwm=4490MB
RSS_SAMPLE t=512.2s rss=4490MB hwm=4490MB
RSS_SAMPLE t=512.4s rss=4490MB hwm=4490MB
RSS_SAMPLE t=512.7s rss=4490MB hwm=4490MB
RSS_SAMPLE t=512.9s rss=4490MB hwm=4490MB
RSS_SAMPLE t=513.2s rss=4490MB hwm=4490MB
RSS_SAMPLE t=513.4s rss=4490MB hwm=4490MB
RSS_SAMPLE t=513.7s rss=4490MB hwm=4490MB
RSS_SAMPLE t=513.9s rss=4490MB hwm=4490MB
RSS_SAMPLE t=514.2s rss=4490MB hwm=4490MB
RSS_SAMPLE t=514.4s rss=4490MB hwm=4490MB
RSS_SAMPLE t=514.7s rss=4490MB hwm=4490MB
RSS_SAMPLE t=514.9s rss=4490MB hwm=4490MB
RSS_SAMPLE t=515.2s rss=4490MB hwm=4490MB
RSS_SAMPLE t=515.4s rss=4490MB hwm=4490MB
RSS_SAMPLE t=515.7s rss=4490MB hwm=4490MB
RSS_SAMPLE t=515.9s rss=4490MB hwm=4490MB
RSS_SAMPLE t=516.2s rss=4490MB hwm=4490MB
RSS_SAMPLE t=516.4s rss=4490MB hwm=4490MB
RSS_SAMPLE t=516.7s rss=4490MB hwm=4490MB
RSS_SAMPLE t=516.9s rss=4490MB hwm=4490MB
RSS_SAMPLE t=517.2s rss=4490MB hwm=4490MB
RSS_SAMPLE t=517.4s rss=4490MB hwm=4490MB
RSS_SAMPLE t=517.7s rss=4490MB hwm=4490MB
RSS_SAMPLE t=517.9s rss=4490MB hwm=4490MB
RSS_SAMPLE t=518.2s rss=4490MB hwm=4490MB
RSS_SAMPLE t=518.4s rss=4490MB hwm=4490MB
RSS_SAMPLE t=518.7s rss=4490MB hwm=4490MB
RSS_SAMPLE t=518.9s rss=4490MB hwm=4490MB
RSS_SAMPLE t=519.2s rss=4490MB hwm=4490MB
RSS_SAMPLE t=519.4s rss=4490MB hwm=4490MB
RSS_SAMPLE t=519.7s rss=4490MB hwm=4490MB
RSS_SAMPLE t=519.9s rss=4490MB hwm=4490MB
RSS_SAMPLE t=520.2s rss=4490MB hwm=4490MB
RSS_SAMPLE t=520.4s rss=4490MB hwm=4490MB
RSS_SAMPLE t=520.7s rss=4490MB hwm=4490MB
RSS_SAMPLE t=520.9s rss=4490MB hwm=4490MB
RSS_SAMPLE t=521.2s rss=4490MB hwm=4490MB
RSS_SAMPLE t=521.4s rss=4490MB hwm=4490MB
RSS_SAMPLE t=521.7s rss=4490MB hwm=4490MB
RSS_SAMPLE t=521.9s rss=4490MB hwm=4490MB
RSS_SAMPLE t=522.2s rss=4490MB hwm=4490MB
RSS_SAMPLE t=522.4s rss=4490MB hwm=4490MB
RSS_SAMPLE t=522.7s rss=4490MB hwm=4490MB
RSS_SAMPLE t=522.9s rss=4490MB hwm=4490MB
RSS_SAMPLE t=523.2s rss=4490MB hwm=4490MB
RSS_SAMPLE t=523.4s rss=4490MB hwm=4490MB
RSS_SAMPLE t=523.7s rss=4490MB hwm=4490MB
RSS_SAMPLE t=523.9s rss=4490MB hwm=4490MB
RSS_SAMPLE t=524.2s rss=4490MB hwm=4490MB
RSS_SAMPLE t=524.4s rss=4491MB hwm=4491MB
RSS_SAMPLE t=524.7s rss=4491MB hwm=4491MB
RSS_SAMPLE t=524.9s rss=4491MB hwm=4491MB
RSS_SAMPLE t=525.2s rss=4491MB hwm=4491MB
RSS_SAMPLE t=525.4s rss=4491MB hwm=4491MB
RSS_SAMPLE t=525.7s rss=4491MB hwm=4491MB
RSS_SAMPLE t=525.9s rss=4491MB hwm=4491MB
RSS_SAMPLE t=526.2s rss=4491MB hwm=4491MB
RSS_SAMPLE t=526.4s rss=4491MB hwm=4491MB
RSS_SAMPLE t=526.7s rss=4491MB hwm=4491MB
RSS_SAMPLE t=526.9s rss=4491MB hwm=4491MB
RSS_SAMPLE t=527.2s rss=4491MB hwm=4491MB
RSS_SAMPLE t=527.4s rss=4491MB hwm=4491MB
RSS_SAMPLE t=527.7s rss=4491MB hwm=4491MB
RSS_SAMPLE t=527.9s rss=4491MB hwm=4491MB
RSS_SAMPLE t=528.2s rss=4491MB hwm=4491MB
RSS_SAMPLE t=528.4s rss=4491MB hwm=4491MB
RSS_SAMPLE t=528.7s rss=4491MB hwm=4491MB
RSS_SAMPLE t=528.9s rss=4491MB hwm=4491MB
RSS_SAMPLE t=529.2s rss=4491MB hwm=4491MB
RSS_SAMPLE t=529.4s rss=4491MB hwm=4491MB
RSS_SAMPLE t=529.7s rss=4491MB hwm=4491MB
RSS_SAMPLE t=529.9s rss=4491MB hwm=4491MB
RSS_SAMPLE t=530.2s rss=4491MB hwm=4491MB
RSS_SAMPLE t=530.4s rss=4491MB hwm=4491MB
RSS_SAMPLE t=530.7s rss=4491MB hwm=4491MB
RSS_SAMPLE t=530.9s rss=4491MB hwm=4491MB
RSS_SAMPLE t=531.2s rss=4491MB hwm=4491MB
RSS_SAMPLE t=531.4s rss=4491MB hwm=4491MB
RSS_SAMPLE t=531.7s rss=4491MB hwm=4491MB
RSS_SAMPLE t=531.9s rss=4491MB hwm=4491MB
RSS_SAMPLE t=532.2s rss=4491MB hwm=4491MB
RSS_SAMPLE t=532.4s rss=4491MB hwm=4491MB
RSS_SAMPLE t=532.7s rss=4491MB hwm=4491MB
RSS_SAMPLE t=532.9s rss=4491MB hwm=4491MB
RSS_SAMPLE t=533.2s rss=4491MB hwm=4491MB
RSS_SAMPLE t=533.4s rss=4491MB hwm=4491MB
RSS_SAMPLE t=533.7s rss=4491MB hwm=4491MB
MEM_POOL: workspaces=32 dense_usage_mb=1251 n_pipes=2562403
    post_solve_diag[outer=6]: solves=105117 cap_armed=105117 (100.0%) settle_avg=7070 above_sink_avg=105 (1.5%) settle_max=69353
    settle_hist[outer=6]: <100: 32791nets/0.1%work  <1k: 18186nets/1.0%work  <5k: 22396nets/7.8%work  <20k: 17620nets/25.5%work  <60k: 13539nets/60.6%work  >=60k: 585nets/5.1%work
    fanout_hist[outer=6]: fan1: 43710nets/13.3%work  fan2-4: 48279nets/50.1%work  fan5-16: 12974nets/35.7%work  fan17-64: 154nets/0.9%work  fan65-256: 0nets/0.0%work  fan>256: 0nets/0.0%work
    rss_probe[outer=6]: pre_post_solve=4444MB post_post_solve=4491MB after_apply=4491MB
    E_decomp: base=6550836.2 eff=436098357362349.0 cong=436098350811512.8 cong_share=100.0% sat_pipes=84719 max_util=943.38  R_buckets: 1-2x=82473 2-10x=40669 10-100x=84577 >=100x=2354684
    E_potential: beckmann=94457007690761.5 history_total=0.0
    SpanCache: epoch=7 entries=2320 lookups=2562403 hits=2560083 misses=2320 hit_rate=99.9%
  DCD   6: nets=105117 line=14477506 energy=9017310134.972 dE=+6174328832.044 friction=15631428.6 bins=2.0x(300) excess=110.5 moved=66298 disp=5.931 solves=105117 skip=105117 pops=743207630 theta=0.644 refresh=50578ms dcd=6798ms total=60048ms
    cache_stats: entries=55127424 capacity=101179767 est_mb=873 rss_mb=4491
RSS_SAMPLE t=533.9s rss=4491MB hwm=4491MB
RSS_SAMPLE t=534.2s rss=4491MB hwm=4491MB
RSS_SAMPLE t=534.4s rss=4491MB hwm=4491MB
RSS_SAMPLE t=534.7s rss=4491MB hwm=4491MB
RSS_SAMPLE t=534.9s rss=4491MB hwm=4491MB
RSS_SAMPLE t=535.2s rss=4491MB hwm=4491MB
RSS_SAMPLE t=535.4s rss=4491MB hwm=4491MB
RSS_SAMPLE t=535.7s rss=4491MB hwm=4491MB
RSS_SAMPLE t=535.9s rss=4491MB hwm=4491MB
RSS_SAMPLE t=536.2s rss=4491MB hwm=4491MB
RSS_SAMPLE t=536.4s rss=4491MB hwm=4491MB
RSS_SAMPLE t=536.7s rss=4491MB hwm=4491MB
    SwitchMatrix: type_usage_pairs=1082 lookups=2397 hits=1315 dijkstra_calls=1082 avg_us=10.3 total_ms=11.1
PHASE_MARK outer=7 enter=pre_solve rss=4491MB
    rss_probe[outer=7]: pre_refresh_rss=4491MB post_pre_solve_rss=4491MB cache_entries=55127424 cache_cap=101179767 cache_est_mb=873
    pre_solve_diag[outer=7]: solves=0 fallback=0 (0.0%) cap_armed=0 (0.0%) settle_avg=0 settle_max=0 init_count=239
    Overflow: over=82840 (3.2% of used) avg_excess=16.95 max_excess=3054.83 (nc=3078.83 cap=24 span=1)  excess_buckets: <=1=4302 1-5=37031 5-20=25682 >20=15825  by_cap: cap1=642 cap2=69433 cap3-5=778 cap>5=11987  by_span: s1=575 s2-3=10636 s4-6=1831 s7-12=66996 s>12=2802  le1_cross: cap1=246 cap2-5=3787 cap>5=269
    Congestion: pipes=2562403 used=2562403 congested(>50%)=97153 saturated(>90%)=84719 max_util=943.38 avg_util=0.1892
PHASE_MARK outer=7 enter=dcd_sweep rss=4491MB
RSS_SAMPLE t=536.9s rss=4491MB hwm=4491MB
RSS_SAMPLE t=537.2s rss=4491MB hwm=4491MB
RSS_SAMPLE t=537.4s rss=4491MB hwm=4491MB
RSS_SAMPLE t=537.7s rss=4491MB hwm=4491MB
RSS_SAMPLE t=537.9s rss=4491MB hwm=4491MB
RSS_SAMPLE t=538.2s rss=4491MB hwm=4491MB
RSS_SAMPLE t=538.4s rss=4491MB hwm=4491MB
RSS_SAMPLE t=538.7s rss=4491MB hwm=4491MB
RSS_SAMPLE t=538.9s rss=4491MB hwm=4491MB
RSS_SAMPLE t=539.2s rss=4491MB hwm=4491MB
RSS_SAMPLE t=539.4s rss=4491MB hwm=4491MB
RSS_SAMPLE t=539.7s rss=4491MB hwm=4491MB
RSS_SAMPLE t=539.9s rss=4491MB hwm=4491MB
RSS_SAMPLE t=540.2s rss=4491MB hwm=4491MB
RSS_SAMPLE t=540.4s rss=4491MB hwm=4491MB
RSS_SAMPLE t=540.7s rss=4491MB hwm=4491MB
RSS_SAMPLE t=540.9s rss=4491MB hwm=4491MB
RSS_SAMPLE t=541.2s rss=4491MB hwm=4491MB
RSS_SAMPLE t=541.4s rss=4491MB hwm=4491MB
RSS_SAMPLE t=541.7s rss=4491MB hwm=4491MB
RSS_SAMPLE t=541.9s rss=4491MB hwm=4491MB
RSS_SAMPLE t=542.2s rss=4491MB hwm=4491MB
RSS_SAMPLE t=542.4s rss=4491MB hwm=4491MB
RSS_SAMPLE t=542.7s rss=4491MB hwm=4491MB
RSS_SAMPLE t=542.9s rss=4491MB hwm=4491MB
RSS_SAMPLE t=543.2s rss=4491MB hwm=4491MB
RSS_SAMPLE t=543.4s rss=4491MB hwm=4491MB
PHASE_MARK outer=7 leave=dcd_sweep rss=4491MB
PHASE_MARK outer=7 enter=post_refresh rss=4491MB
RSS_SAMPLE t=543.7s rss=4492MB hwm=4492MB
RSS_SAMPLE t=543.9s rss=4492MB hwm=4492MB
RSS_SAMPLE t=544.2s rss=4492MB hwm=4492MB
RSS_SAMPLE t=544.4s rss=4492MB hwm=4492MB
RSS_SAMPLE t=544.7s rss=4492MB hwm=4492MB
RSS_SAMPLE t=544.9s rss=4492MB hwm=4492MB
RSS_SAMPLE t=545.2s rss=4492MB hwm=4492MB
RSS_SAMPLE t=545.4s rss=4492MB hwm=4492MB
RSS_SAMPLE t=545.7s rss=4492MB hwm=4492MB
RSS_SAMPLE t=545.9s rss=4492MB hwm=4492MB
RSS_SAMPLE t=546.2s rss=4492MB hwm=4492MB
RSS_SAMPLE t=546.4s rss=4493MB hwm=4493MB
RSS_SAMPLE t=546.7s rss=4494MB hwm=4494MB
RSS_SAMPLE t=546.9s rss=4495MB hwm=4495MB
RSS_SAMPLE t=547.2s rss=4495MB hwm=4495MB
RSS_SAMPLE t=547.4s rss=4495MB hwm=4495MB
RSS_SAMPLE t=547.7s rss=4496MB hwm=4496MB
RSS_SAMPLE t=547.9s rss=4496MB hwm=4496MB
RSS_SAMPLE t=548.2s rss=4497MB hwm=4497MB
RSS_SAMPLE t=548.4s rss=4497MB hwm=4497MB
RSS_SAMPLE t=548.7s rss=4498MB hwm=4498MB
RSS_SAMPLE t=549.0s rss=4499MB hwm=4499MB
RSS_SAMPLE t=549.2s rss=4499MB hwm=4499MB
RSS_SAMPLE t=549.5s rss=4500MB hwm=4500MB
RSS_SAMPLE t=549.7s rss=4500MB hwm=4500MB
RSS_SAMPLE t=550.0s rss=4500MB hwm=4500MB
RSS_SAMPLE t=550.2s rss=4501MB hwm=4501MB
RSS_SAMPLE t=550.5s rss=4501MB hwm=4501MB
RSS_SAMPLE t=550.7s rss=4502MB hwm=4502MB
RSS_SAMPLE t=551.0s rss=4503MB hwm=4503MB
RSS_SAMPLE t=551.2s rss=4503MB hwm=4503MB
RSS_SAMPLE t=551.5s rss=4504MB hwm=4504MB
RSS_SAMPLE t=551.7s rss=4504MB hwm=4504MB
RSS_SAMPLE t=552.0s rss=4505MB hwm=4505MB
RSS_SAMPLE t=552.2s rss=4505MB hwm=4505MB
RSS_SAMPLE t=552.5s rss=4506MB hwm=4506MB
RSS_SAMPLE t=552.7s rss=4506MB hwm=4506MB
RSS_SAMPLE t=553.0s rss=4507MB hwm=4507MB
RSS_SAMPLE t=553.2s rss=4507MB hwm=4507MB
RSS_SAMPLE t=553.5s rss=4507MB hwm=4507MB
RSS_SAMPLE t=553.7s rss=4507MB hwm=4507MB
RSS_SAMPLE t=554.0s rss=4508MB hwm=4508MB
RSS_SAMPLE t=554.2s rss=4508MB hwm=4508MB
RSS_SAMPLE t=554.5s rss=4509MB hwm=4509MB
RSS_SAMPLE t=554.7s rss=4509MB hwm=4509MB
RSS_SAMPLE t=555.0s rss=4510MB hwm=4510MB
RSS_SAMPLE t=555.2s rss=4511MB hwm=4511MB
RSS_SAMPLE t=555.5s rss=4511MB hwm=4511MB
RSS_SAMPLE t=555.7s rss=4511MB hwm=4511MB
RSS_SAMPLE t=556.0s rss=4512MB hwm=4512MB
RSS_SAMPLE t=556.2s rss=4513MB hwm=4513MB
RSS_SAMPLE t=556.5s rss=4513MB hwm=4513MB
RSS_SAMPLE t=556.7s rss=4514MB hwm=4514MB
RSS_SAMPLE t=557.0s rss=4514MB hwm=4514MB
RSS_SAMPLE t=557.2s rss=4514MB hwm=4514MB
RSS_SAMPLE t=557.5s rss=4515MB hwm=4515MB
RSS_SAMPLE t=557.7s rss=4515MB hwm=4515MB
RSS_SAMPLE t=558.0s rss=4516MB hwm=4516MB
RSS_SAMPLE t=558.2s rss=4516MB hwm=4516MB
RSS_SAMPLE t=558.5s rss=4516MB hwm=4516MB
RSS_SAMPLE t=558.7s rss=4516MB hwm=4516MB
RSS_SAMPLE t=559.0s rss=4517MB hwm=4517MB
RSS_SAMPLE t=559.2s rss=4517MB hwm=4517MB
RSS_SAMPLE t=559.5s rss=4517MB hwm=4517MB
RSS_SAMPLE t=559.7s rss=4517MB hwm=4517MB
RSS_SAMPLE t=560.0s rss=4518MB hwm=4518MB
RSS_SAMPLE t=560.2s rss=4518MB hwm=4518MB
RSS_SAMPLE t=560.5s rss=4518MB hwm=4518MB
RSS_SAMPLE t=560.7s rss=4518MB hwm=4518MB
RSS_SAMPLE t=561.0s rss=4519MB hwm=4519MB
RSS_SAMPLE t=561.2s rss=4519MB hwm=4519MB
RSS_SAMPLE t=561.5s rss=4519MB hwm=4519MB
RSS_SAMPLE t=561.7s rss=4520MB hwm=4520MB
RSS_SAMPLE t=562.0s rss=4520MB hwm=4520MB
RSS_SAMPLE t=562.2s rss=4520MB hwm=4520MB
RSS_SAMPLE t=562.5s rss=4520MB hwm=4520MB
RSS_SAMPLE t=562.7s rss=4520MB hwm=4520MB
RSS_SAMPLE t=563.0s rss=4521MB hwm=4521MB
RSS_SAMPLE t=563.2s rss=4521MB hwm=4521MB
RSS_SAMPLE t=563.5s rss=4521MB hwm=4521MB
RSS_SAMPLE t=563.7s rss=4522MB hwm=4522MB
RSS_SAMPLE t=564.0s rss=4522MB hwm=4522MB
RSS_SAMPLE t=564.2s rss=4522MB hwm=4522MB
RSS_SAMPLE t=564.5s rss=4523MB hwm=4523MB
RSS_SAMPLE t=564.7s rss=4523MB hwm=4523MB
RSS_SAMPLE t=565.0s rss=4523MB hwm=4523MB
RSS_SAMPLE t=565.2s rss=4524MB hwm=4524MB
RSS_SAMPLE t=565.5s rss=4524MB hwm=4524MB
RSS_SAMPLE t=565.7s rss=4524MB hwm=4524MB
RSS_SAMPLE t=566.0s rss=4525MB hwm=4525MB
RSS_SAMPLE t=566.2s rss=4525MB hwm=4525MB
RSS_SAMPLE t=566.5s rss=4526MB hwm=4526MB
RSS_SAMPLE t=566.7s rss=4526MB hwm=4526MB
RSS_SAMPLE t=567.0s rss=4526MB hwm=4526MB
RSS_SAMPLE t=567.2s rss=4526MB hwm=4526MB
RSS_SAMPLE t=567.5s rss=4526MB hwm=4526MB
RSS_SAMPLE t=567.7s rss=4526MB hwm=4526MB
RSS_SAMPLE t=568.0s rss=4526MB hwm=4526MB
RSS_SAMPLE t=568.2s rss=4526MB hwm=4526MB
RSS_SAMPLE t=568.5s rss=4526MB hwm=4526MB
RSS_SAMPLE t=568.7s rss=4526MB hwm=4526MB
RSS_SAMPLE t=569.0s rss=4526MB hwm=4526MB
RSS_SAMPLE t=569.2s rss=4526MB hwm=4526MB
RSS_SAMPLE t=569.5s rss=4526MB hwm=4526MB
RSS_SAMPLE t=569.7s rss=4526MB hwm=4526MB
RSS_SAMPLE t=570.0s rss=4526MB hwm=4526MB
RSS_SAMPLE t=570.2s rss=4526MB hwm=4526MB
RSS_SAMPLE t=570.5s rss=4526MB hwm=4526MB
RSS_SAMPLE t=570.7s rss=4526MB hwm=4526MB
RSS_SAMPLE t=571.0s rss=4526MB hwm=4526MB
RSS_SAMPLE t=571.2s rss=4526MB hwm=4526MB
RSS_SAMPLE t=571.5s rss=4526MB hwm=4526MB
RSS_SAMPLE t=571.7s rss=4526MB hwm=4526MB
RSS_SAMPLE t=572.0s rss=4526MB hwm=4526MB
RSS_SAMPLE t=572.2s rss=4526MB hwm=4526MB
RSS_SAMPLE t=572.5s rss=4526MB hwm=4526MB
RSS_SAMPLE t=572.7s rss=4526MB hwm=4526MB
RSS_SAMPLE t=573.0s rss=4526MB hwm=4526MB
RSS_SAMPLE t=573.2s rss=4526MB hwm=4526MB
RSS_SAMPLE t=573.5s rss=4526MB hwm=4526MB
RSS_SAMPLE t=573.7s rss=4526MB hwm=4526MB
RSS_SAMPLE t=574.0s rss=4526MB hwm=4526MB
RSS_SAMPLE t=574.2s rss=4526MB hwm=4526MB
RSS_SAMPLE t=574.5s rss=4526MB hwm=4526MB
RSS_SAMPLE t=574.7s rss=4526MB hwm=4526MB
RSS_SAMPLE t=575.0s rss=4526MB hwm=4526MB
RSS_SAMPLE t=575.2s rss=4526MB hwm=4526MB
RSS_SAMPLE t=575.5s rss=4526MB hwm=4526MB
RSS_SAMPLE t=575.7s rss=4526MB hwm=4526MB
RSS_SAMPLE t=576.0s rss=4526MB hwm=4526MB
RSS_SAMPLE t=576.2s rss=4526MB hwm=4526MB
RSS_SAMPLE t=576.5s rss=4526MB hwm=4526MB
RSS_SAMPLE t=576.7s rss=4526MB hwm=4526MB
RSS_SAMPLE t=577.0s rss=4526MB hwm=4526MB
RSS_SAMPLE t=577.2s rss=4526MB hwm=4526MB
RSS_SAMPLE t=577.5s rss=4526MB hwm=4526MB
RSS_SAMPLE t=577.7s rss=4526MB hwm=4526MB
RSS_SAMPLE t=578.0s rss=4526MB hwm=4526MB
RSS_SAMPLE t=578.2s rss=4526MB hwm=4526MB
RSS_SAMPLE t=578.5s rss=4526MB hwm=4526MB
RSS_SAMPLE t=578.7s rss=4526MB hwm=4526MB
RSS_SAMPLE t=579.0s rss=4526MB hwm=4526MB
RSS_SAMPLE t=579.2s rss=4526MB hwm=4526MB
RSS_SAMPLE t=579.5s rss=4526MB hwm=4526MB
RSS_SAMPLE t=579.7s rss=4526MB hwm=4526MB
RSS_SAMPLE t=580.0s rss=4526MB hwm=4526MB
RSS_SAMPLE t=580.2s rss=4526MB hwm=4526MB
RSS_SAMPLE t=580.5s rss=4526MB hwm=4526MB
RSS_SAMPLE t=580.7s rss=4526MB hwm=4526MB
RSS_SAMPLE t=581.0s rss=4526MB hwm=4526MB
RSS_SAMPLE t=581.2s rss=4526MB hwm=4526MB
RSS_SAMPLE t=581.5s rss=4526MB hwm=4526MB
RSS_SAMPLE t=581.7s rss=4526MB hwm=4526MB
RSS_SAMPLE t=582.0s rss=4526MB hwm=4526MB
RSS_SAMPLE t=582.2s rss=4526MB hwm=4526MB
RSS_SAMPLE t=582.5s rss=4526MB hwm=4526MB
RSS_SAMPLE t=582.7s rss=4526MB hwm=4526MB
RSS_SAMPLE t=583.0s rss=4526MB hwm=4526MB
RSS_SAMPLE t=583.2s rss=4527MB hwm=4527MB
RSS_SAMPLE t=583.5s rss=4527MB hwm=4527MB
RSS_SAMPLE t=583.7s rss=4527MB hwm=4527MB
RSS_SAMPLE t=584.0s rss=4527MB hwm=4527MB
RSS_SAMPLE t=584.2s rss=4527MB hwm=4527MB
RSS_SAMPLE t=584.5s rss=4527MB hwm=4527MB
MEM_POOL: workspaces=32 dense_usage_mb=1251 n_pipes=2562403
    post_solve_diag[outer=7]: solves=105117 cap_armed=105117 (100.0%) settle_avg=6736 above_sink_avg=135 (2.0%) settle_max=69353
    settle_hist[outer=7]: <100: 32258nets/0.1%work  <1k: 18282nets/1.1%work  <5k: 23175nets/8.5%work  <20k: 18244nets/27.4%work  <60k: 12710nets/58.9%work  >=60k: 448nets/4.1%work
    fanout_hist[outer=7]: fan1: 43710nets/13.2%work  fan2-4: 48279nets/50.1%work  fan5-16: 12974nets/35.8%work  fan17-64: 154nets/0.9%work  fan65-256: 0nets/0.0%work  fan>256: 0nets/0.0%work
    rss_probe[outer=7]: pre_post_solve=4492MB post_post_solve=4527MB after_apply=4527MB
    E_decomp: base=6051833.4 eff=236993574901480.1 cong=236993568849646.7 cong_share=100.0% sat_pipes=85457 max_util=945.30  R_buckets: 1-2x=87533 2-10x=28973 10-100x=1618119 >=100x=827778
    E_potential: beckmann=94086701056119.9 history_total=0.0
    SpanCache: epoch=8 entries=2397 lookups=2562403 hits=2560006 misses=2397 hit_rate=99.9%
  DCD   7: nets=105117 line=14066338 energy=14679475404.053 dE=+5662165269.081 friction=12256286.1 bins=2.0x(270) excess=93.8 moved=67125 disp=5.730 solves=105117 skip=105117 pops=708110076 theta=0.754 refresh=41206ms dcd=6749ms total=50761ms
    cache_stats: entries=55694281 capacity=103529700 est_mb=893 rss_mb=4527
RSS_SAMPLE t=584.7s rss=4527MB hwm=4527MB
RSS_SAMPLE t=585.0s rss=4527MB hwm=4527MB
RSS_SAMPLE t=585.2s rss=4527MB hwm=4527MB
RSS_SAMPLE t=585.5s rss=4527MB hwm=4527MB
RSS_SAMPLE t=585.7s rss=4527MB hwm=4527MB
RSS_SAMPLE t=586.0s rss=4527MB hwm=4527MB
RSS_SAMPLE t=586.2s rss=4527MB hwm=4527MB
RSS_SAMPLE t=586.5s rss=4527MB hwm=4527MB
RSS_SAMPLE t=586.7s rss=4527MB hwm=4527MB
RSS_SAMPLE t=587.0s rss=4527MB hwm=4527MB
RSS_SAMPLE t=587.2s rss=4527MB hwm=4527MB
    SwitchMatrix: type_usage_pairs=1036 lookups=2492 hits=1456 dijkstra_calls=1036 avg_us=10.7 total_ms=11.0
PHASE_MARK outer=8 enter=pre_solve rss=4527MB
    rss_probe[outer=8]: pre_refresh_rss=4527MB post_pre_solve_rss=4527MB cache_entries=55694281 cache_cap=103529700 cache_est_mb=893
    pre_solve_diag[outer=8]: solves=0 fallback=0 (0.0%) cap_armed=0 (0.0%) settle_avg=0 settle_max=0 init_count=215
    Overflow: over=83547 (3.3% of used) avg_excess=14.11 max_excess=2968.50 (nc=2992.50 cap=24 span=1)  excess_buckets: <=1=4705 1-5=38599 5-20=26931 >20=13312  by_cap: cap1=2316 cap2=69826 cap3-5=121 cap>5=11284  by_span: s1=579 s2-3=9512 s4-6=1991 s7-12=68189 s>12=3276  le1_cross: cap1=459 cap2-5=3976 cap>5=270
    Congestion: pipes=2562403 used=2562403 congested(>50%)=99680 saturated(>90%)=85457 max_util=945.30 avg_util=0.1770
PHASE_MARK outer=8 enter=dcd_sweep rss=4527MB
RSS_SAMPLE t=587.5s rss=4527MB hwm=4527MB
RSS_SAMPLE t=587.7s rss=4527MB hwm=4527MB
RSS_SAMPLE t=588.0s rss=4527MB hwm=4527MB
RSS_SAMPLE t=588.2s rss=4527MB hwm=4527MB
RSS_SAMPLE t=588.5s rss=4527MB hwm=4527MB
RSS_SAMPLE t=588.7s rss=4527MB hwm=4527MB
RSS_SAMPLE t=589.0s rss=4527MB hwm=4527MB
RSS_SAMPLE t=589.2s rss=4527MB hwm=4527MB
RSS_SAMPLE t=589.5s rss=4527MB hwm=4527MB
RSS_SAMPLE t=589.7s rss=4527MB hwm=4527MB
RSS_SAMPLE t=590.0s rss=4527MB hwm=4527MB
RSS_SAMPLE t=590.2s rss=4527MB hwm=4527MB
RSS_SAMPLE t=590.5s rss=4527MB hwm=4527MB
RSS_SAMPLE t=590.7s rss=4527MB hwm=4527MB
RSS_SAMPLE t=591.0s rss=4527MB hwm=4527MB
RSS_SAMPLE t=591.2s rss=4527MB hwm=4527MB
RSS_SAMPLE t=591.5s rss=4527MB hwm=4527MB
RSS_SAMPLE t=591.7s rss=4527MB hwm=4527MB
RSS_SAMPLE t=592.0s rss=4527MB hwm=4527MB
RSS_SAMPLE t=592.2s rss=4527MB hwm=4527MB
RSS_SAMPLE t=592.5s rss=4527MB hwm=4527MB
RSS_SAMPLE t=592.7s rss=4527MB hwm=4527MB
RSS_SAMPLE t=593.0s rss=4527MB hwm=4527MB
RSS_SAMPLE t=593.2s rss=4527MB hwm=4527MB
RSS_SAMPLE t=593.5s rss=4527MB hwm=4527MB
RSS_SAMPLE t=593.7s rss=4527MB hwm=4527MB
RSS_SAMPLE t=594.0s rss=4527MB hwm=4527MB
RSS_SAMPLE t=594.2s rss=4527MB hwm=4527MB
PHASE_MARK outer=8 leave=dcd_sweep rss=4527MB
PHASE_MARK outer=8 enter=post_refresh rss=4527MB
RSS_SAMPLE t=594.5s rss=4527MB hwm=4527MB
RSS_SAMPLE t=594.7s rss=4527MB hwm=4527MB
RSS_SAMPLE t=595.0s rss=4527MB hwm=4527MB
RSS_SAMPLE t=595.2s rss=4527MB hwm=4527MB
RSS_SAMPLE t=595.5s rss=4527MB hwm=4527MB
RSS_SAMPLE t=595.7s rss=4527MB hwm=4527MB
RSS_SAMPLE t=596.0s rss=4527MB hwm=4527MB
RSS_SAMPLE t=596.2s rss=4527MB hwm=4527MB
RSS_SAMPLE t=596.5s rss=4527MB hwm=4527MB
RSS_SAMPLE t=596.7s rss=4527MB hwm=4527MB
RSS_SAMPLE t=597.0s rss=4527MB hwm=4527MB
RSS_SAMPLE t=597.2s rss=4527MB hwm=4527MB
RSS_SAMPLE t=597.5s rss=4528MB hwm=4528MB
RSS_SAMPLE t=597.7s rss=4528MB hwm=4528MB
RSS_SAMPLE t=598.0s rss=4528MB hwm=4528MB
RSS_SAMPLE t=598.2s rss=4529MB hwm=4529MB
RSS_SAMPLE t=598.5s rss=4529MB hwm=4529MB
RSS_SAMPLE t=598.7s rss=4530MB hwm=4530MB
RSS_SAMPLE t=599.0s rss=4531MB hwm=4531MB
RSS_SAMPLE t=599.2s rss=4531MB hwm=4531MB
RSS_SAMPLE t=599.5s rss=4532MB hwm=4532MB
RSS_SAMPLE t=599.7s rss=4532MB hwm=4532MB
RSS_SAMPLE t=600.0s rss=4534MB hwm=4534MB
RSS_SAMPLE t=600.2s rss=4535MB hwm=4535MB
RSS_SAMPLE t=600.5s rss=4535MB hwm=4535MB
RSS_SAMPLE t=600.7s rss=4536MB hwm=4536MB
RSS_SAMPLE t=601.0s rss=4537MB hwm=4537MB
RSS_SAMPLE t=601.2s rss=4538MB hwm=4538MB
RSS_SAMPLE t=601.5s rss=4539MB hwm=4539MB
RSS_SAMPLE t=601.7s rss=4539MB hwm=4539MB
RSS_SAMPLE t=602.0s rss=4540MB hwm=4540MB
RSS_SAMPLE t=602.2s rss=4541MB hwm=4541MB
RSS_SAMPLE t=602.5s rss=4541MB hwm=4541MB
RSS_SAMPLE t=602.7s rss=4542MB hwm=4542MB
RSS_SAMPLE t=603.0s rss=4542MB hwm=4542MB
RSS_SAMPLE t=603.2s rss=4543MB hwm=4543MB
RSS_SAMPLE t=603.5s rss=4543MB hwm=4543MB
RSS_SAMPLE t=603.7s rss=4544MB hwm=4544MB
RSS_SAMPLE t=604.0s rss=4544MB hwm=4544MB
RSS_SAMPLE t=604.2s rss=4545MB hwm=4545MB
RSS_SAMPLE t=604.5s rss=4546MB hwm=4546MB
RSS_SAMPLE t=604.7s rss=4546MB hwm=4546MB
RSS_SAMPLE t=605.0s rss=4547MB hwm=4547MB
RSS_SAMPLE t=605.2s rss=4547MB hwm=4547MB
RSS_SAMPLE t=605.5s rss=4547MB hwm=4547MB
RSS_SAMPLE t=605.7s rss=4548MB hwm=4548MB
RSS_SAMPLE t=606.0s rss=4548MB hwm=4548MB
RSS_SAMPLE t=606.2s rss=4549MB hwm=4549MB
RSS_SAMPLE t=606.5s rss=4549MB hwm=4549MB
RSS_SAMPLE t=606.7s rss=4549MB hwm=4549MB
RSS_SAMPLE t=607.0s rss=4549MB hwm=4549MB
RSS_SAMPLE t=607.2s rss=4550MB hwm=4550MB
RSS_SAMPLE t=607.5s rss=4550MB hwm=4550MB
RSS_SAMPLE t=607.7s rss=4550MB hwm=4550MB
RSS_SAMPLE t=608.0s rss=4550MB hwm=4550MB
RSS_SAMPLE t=608.2s rss=4551MB hwm=4551MB
RSS_SAMPLE t=608.5s rss=4551MB hwm=4551MB
RSS_SAMPLE t=608.7s rss=4551MB hwm=4551MB
RSS_SAMPLE t=609.0s rss=4551MB hwm=4551MB
RSS_SAMPLE t=609.2s rss=4552MB hwm=4552MB
RSS_SAMPLE t=609.5s rss=4552MB hwm=4552MB
RSS_SAMPLE t=609.7s rss=4552MB hwm=4552MB
RSS_SAMPLE t=610.0s rss=4552MB hwm=4552MB
RSS_SAMPLE t=610.2s rss=4552MB hwm=4552MB
RSS_SAMPLE t=610.5s rss=4552MB hwm=4552MB
RSS_SAMPLE t=610.8s rss=4552MB hwm=4552MB
RSS_SAMPLE t=611.0s rss=4553MB hwm=4553MB
RSS_SAMPLE t=611.3s rss=4554MB hwm=4554MB
RSS_SAMPLE t=611.5s rss=4554MB hwm=4554MB
RSS_SAMPLE t=611.8s rss=4554MB hwm=4554MB
RSS_SAMPLE t=612.0s rss=4554MB hwm=4554MB
RSS_SAMPLE t=612.3s rss=4554MB hwm=4554MB
RSS_SAMPLE t=612.5s rss=4554MB hwm=4554MB
RSS_SAMPLE t=612.8s rss=4555MB hwm=4555MB
RSS_SAMPLE t=613.0s rss=4555MB hwm=4555MB
RSS_SAMPLE t=613.3s rss=4555MB hwm=4555MB
RSS_SAMPLE t=613.5s rss=4556MB hwm=4556MB
RSS_SAMPLE t=613.8s rss=4556MB hwm=4556MB
RSS_SAMPLE t=614.0s rss=4556MB hwm=4556MB
RSS_SAMPLE t=614.3s rss=4557MB hwm=4557MB
RSS_SAMPLE t=614.5s rss=4557MB hwm=4557MB
RSS_SAMPLE t=614.8s rss=4557MB hwm=4557MB
RSS_SAMPLE t=615.0s rss=4557MB hwm=4557MB
RSS_SAMPLE t=615.3s rss=4558MB hwm=4558MB
RSS_SAMPLE t=615.5s rss=4559MB hwm=4559MB
RSS_SAMPLE t=615.8s rss=4559MB hwm=4559MB
RSS_SAMPLE t=616.0s rss=4559MB hwm=4559MB
RSS_SAMPLE t=616.3s rss=4559MB hwm=4559MB
RSS_SAMPLE t=616.5s rss=4559MB hwm=4559MB
RSS_SAMPLE t=616.8s rss=4559MB hwm=4559MB
RSS_SAMPLE t=617.0s rss=4559MB hwm=4559MB
RSS_SAMPLE t=617.3s rss=4559MB hwm=4559MB
RSS_SAMPLE t=617.5s rss=4560MB hwm=4560MB
RSS_SAMPLE t=617.8s rss=4560MB hwm=4560MB
RSS_SAMPLE t=618.0s rss=4560MB hwm=4560MB
RSS_SAMPLE t=618.3s rss=4560MB hwm=4560MB
RSS_SAMPLE t=618.5s rss=4560MB hwm=4560MB
RSS_SAMPLE t=618.8s rss=4560MB hwm=4560MB
RSS_SAMPLE t=619.0s rss=4560MB hwm=4560MB
RSS_SAMPLE t=619.3s rss=4560MB hwm=4560MB
RSS_SAMPLE t=619.5s rss=4560MB hwm=4560MB
RSS_SAMPLE t=619.8s rss=4560MB hwm=4560MB
RSS_SAMPLE t=620.0s rss=4560MB hwm=4560MB
RSS_SAMPLE t=620.3s rss=4560MB hwm=4560MB
RSS_SAMPLE t=620.5s rss=4560MB hwm=4560MB
RSS_SAMPLE t=620.8s rss=4560MB hwm=4560MB
RSS_SAMPLE t=621.0s rss=4560MB hwm=4560MB
RSS_SAMPLE t=621.3s rss=4560MB hwm=4560MB
RSS_SAMPLE t=621.5s rss=4560MB hwm=4560MB
RSS_SAMPLE t=621.8s rss=4560MB hwm=4560MB
RSS_SAMPLE t=622.0s rss=4560MB hwm=4560MB
RSS_SAMPLE t=622.3s rss=4560MB hwm=4560MB
RSS_SAMPLE t=622.5s rss=4560MB hwm=4560MB
RSS_SAMPLE t=622.8s rss=4560MB hwm=4560MB
RSS_SAMPLE t=623.0s rss=4560MB hwm=4560MB
RSS_SAMPLE t=623.3s rss=4560MB hwm=4560MB
RSS_SAMPLE t=623.5s rss=4560MB hwm=4560MB
RSS_SAMPLE t=623.8s rss=4560MB hwm=4560MB
RSS_SAMPLE t=624.0s rss=4560MB hwm=4560MB
RSS_SAMPLE t=624.3s rss=4560MB hwm=4560MB
RSS_SAMPLE t=624.5s rss=4560MB hwm=4560MB
RSS_SAMPLE t=624.8s rss=4560MB hwm=4560MB
RSS_SAMPLE t=625.0s rss=4560MB hwm=4560MB
RSS_SAMPLE t=625.3s rss=4560MB hwm=4560MB
RSS_SAMPLE t=625.5s rss=4560MB hwm=4560MB
RSS_SAMPLE t=625.8s rss=4560MB hwm=4560MB
RSS_SAMPLE t=626.0s rss=4560MB hwm=4560MB
RSS_SAMPLE t=626.3s rss=4560MB hwm=4560MB
RSS_SAMPLE t=626.5s rss=4560MB hwm=4560MB
RSS_SAMPLE t=626.8s rss=4560MB hwm=4560MB
RSS_SAMPLE t=627.0s rss=4560MB hwm=4560MB
RSS_SAMPLE t=627.3s rss=4560MB hwm=4560MB
RSS_SAMPLE t=627.5s rss=4560MB hwm=4560MB
RSS_SAMPLE t=627.8s rss=4560MB hwm=4560MB
RSS_SAMPLE t=628.0s rss=4560MB hwm=4560MB
RSS_SAMPLE t=628.3s rss=4560MB hwm=4560MB
RSS_SAMPLE t=628.5s rss=4560MB hwm=4560MB
RSS_SAMPLE t=628.8s rss=4560MB hwm=4560MB
RSS_SAMPLE t=629.0s rss=4560MB hwm=4560MB
RSS_SAMPLE t=629.3s rss=4560MB hwm=4560MB
RSS_SAMPLE t=629.5s rss=4560MB hwm=4560MB
RSS_SAMPLE t=629.8s rss=4560MB hwm=4560MB
RSS_SAMPLE t=630.0s rss=4560MB hwm=4560MB
RSS_SAMPLE t=630.3s rss=4560MB hwm=4560MB
RSS_SAMPLE t=630.5s rss=4560MB hwm=4560MB
RSS_SAMPLE t=630.8s rss=4560MB hwm=4560MB
RSS_SAMPLE t=631.0s rss=4560MB hwm=4560MB
RSS_SAMPLE t=631.3s rss=4560MB hwm=4560MB
RSS_SAMPLE t=631.5s rss=4560MB hwm=4560MB
RSS_SAMPLE t=631.8s rss=4560MB hwm=4560MB
RSS_SAMPLE t=632.0s rss=4560MB hwm=4560MB
RSS_SAMPLE t=632.3s rss=4560MB hwm=4560MB
RSS_SAMPLE t=632.5s rss=4560MB hwm=4560MB
RSS_SAMPLE t=632.8s rss=4560MB hwm=4560MB
RSS_SAMPLE t=633.0s rss=4560MB hwm=4560MB
RSS_SAMPLE t=633.3s rss=4560MB hwm=4560MB
RSS_SAMPLE t=633.5s rss=4560MB hwm=4560MB
RSS_SAMPLE t=633.8s rss=4560MB hwm=4560MB
RSS_SAMPLE t=634.0s rss=4560MB hwm=4560MB
RSS_SAMPLE t=634.3s rss=4560MB hwm=4560MB
RSS_SAMPLE t=634.5s rss=4560MB hwm=4560MB
RSS_SAMPLE t=634.8s rss=4560MB hwm=4560MB
RSS_SAMPLE t=635.0s rss=4560MB hwm=4560MB
RSS_SAMPLE t=635.3s rss=4560MB hwm=4560MB
RSS_SAMPLE t=635.5s rss=4560MB hwm=4560MB
RSS_SAMPLE t=635.8s rss=4560MB hwm=4560MB
RSS_SAMPLE t=636.0s rss=4560MB hwm=4560MB
RSS_SAMPLE t=636.3s rss=4560MB hwm=4560MB
RSS_SAMPLE t=636.5s rss=4560MB hwm=4560MB
RSS_SAMPLE t=636.8s rss=4560MB hwm=4560MB
RSS_SAMPLE t=637.0s rss=4560MB hwm=4560MB
MEM_POOL: workspaces=32 dense_usage_mb=1251 n_pipes=2562403
    post_solve_diag[outer=8]: solves=105117 cap_armed=105117 (100.0%) settle_avg=6443 above_sink_avg=135 (2.1%) settle_max=69353
    settle_hist[outer=8]: <100: 32229nets/0.1%work  <1k: 18834nets/1.1%work  <5k: 23148nets/9.0%work  <20k: 18587nets/29.2%work  <60k: 11955nets/57.2%work  >=60k: 364nets/3.5%work
    fanout_hist[outer=8]: fan1: 43710nets/13.2%work  fan2-4: 48279nets/50.1%work  fan5-16: 12974nets/35.7%work  fan17-64: 154nets/0.9%work  fan65-256: 0nets/0.0%work  fan>256: 0nets/0.0%work
    rss_probe[outer=8]: pre_post_solve=4527MB post_post_solve=4560MB after_apply=4560MB
    E_decomp: base=5890970.7 eff=236788324010769.0 cong=236788318119798.3 cong_share=100.0% sat_pipes=83257 max_util=809.87  R_buckets: 1-2x=76981 2-10x=32540 10-100x=2077332 >=100x=375550
    E_potential: beckmann=28113864802171.0 history_total=0.0
    SpanCache: epoch=9 entries=2492 lookups=2562403 hits=2559911 misses=2492 hit_rate=99.9%
  DCD   8: nets=105117 line=13652915 energy=18559895630.873 dE=+3880420226.821 friction=9281647.1 bins=2.0x(234) excess=75.1 moved=67586 disp=5.483 solves=105117 skip=105117 pops=677229038 theta=0.883 refresh=42937ms dcd=6846ms total=52486ms
    cache_stats: entries=55273347 capacity=104427946 est_mb=901 rss_mb=4560
RSS_SAMPLE t=637.3s rss=4560MB hwm=4560MB
RSS_SAMPLE t=637.5s rss=4560MB hwm=4560MB
RSS_SAMPLE t=637.8s rss=4560MB hwm=4560MB
RSS_SAMPLE t=638.0s rss=4560MB hwm=4560MB
RSS_SAMPLE t=638.3s rss=4560MB hwm=4560MB
RSS_SAMPLE t=638.5s rss=4560MB hwm=4560MB
RSS_SAMPLE t=638.8s rss=4560MB hwm=4560MB
RSS_SAMPLE t=639.0s rss=4560MB hwm=4560MB
RSS_SAMPLE t=639.3s rss=4560MB hwm=4560MB
RSS_SAMPLE t=639.5s rss=4560MB hwm=4560MB
RSS_SAMPLE t=639.8s rss=4560MB hwm=4560MB
RSS_SAMPLE t=640.0s rss=4560MB hwm=4560MB
    SwitchMatrix: type_usage_pairs=1007 lookups=2231 hits=1224 dijkstra_calls=1007 avg_us=11.4 total_ms=11.5
PHASE_MARK outer=9 enter=pre_solve rss=4560MB
    rss_probe[outer=9]: pre_refresh_rss=4560MB post_pre_solve_rss=4560MB cache_entries=55273347 cache_cap=104427946 cache_est_mb=901
    pre_solve_diag[outer=9]: solves=0 fallback=0 (0.0%) cap_armed=0 (0.0%) settle_avg=0 settle_max=0 init_count=242
    Overflow: over=81190 (3.2% of used) avg_excess=13.49 max_excess=3314.16 (nc=3338.16 cap=24 span=1)  excess_buckets: <=1=5067 1-5=37664 5-20=26076 >20=12383  by_cap: cap1=1863 cap2=68952 cap3-5=19 cap>5=10356  by_span: s1=541 s2-3=8859 s4-6=2129 s7-12=67185 s>12=2476  le1_cross: cap1=566 cap2-5=4229 cap>5=272
    Congestion: pipes=2562403 used=2562403 congested(>50%)=98861 saturated(>90%)=83257 max_util=809.87 avg_util=0.1694
PHASE_MARK outer=9 enter=dcd_sweep rss=4560MB
RSS_SAMPLE t=640.3s rss=4560MB hwm=4560MB
RSS_SAMPLE t=640.5s rss=4560MB hwm=4560MB
RSS_SAMPLE t=640.8s rss=4560MB hwm=4560MB
RSS_SAMPLE t=641.0s rss=4560MB hwm=4560MB
RSS_SAMPLE t=641.3s rss=4560MB hwm=4560MB
RSS_SAMPLE t=641.5s rss=4560MB hwm=4560MB
RSS_SAMPLE t=641.8s rss=4560MB hwm=4560MB
RSS_SAMPLE t=642.0s rss=4560MB hwm=4560MB
RSS_SAMPLE t=642.3s rss=4560MB hwm=4560MB
RSS_SAMPLE t=642.5s rss=4560MB hwm=4560MB
RSS_SAMPLE t=642.8s rss=4560MB hwm=4560MB
RSS_SAMPLE t=643.0s rss=4560MB hwm=4560MB
RSS_SAMPLE t=643.3s rss=4560MB hwm=4560MB
RSS_SAMPLE t=643.5s rss=4560MB hwm=4560MB
RSS_SAMPLE t=643.8s rss=4560MB hwm=4560MB
RSS_SAMPLE t=644.0s rss=4560MB hwm=4560MB
RSS_SAMPLE t=644.3s rss=4560MB hwm=4560MB
RSS_SAMPLE t=644.5s rss=4560MB hwm=4560MB
RSS_SAMPLE t=644.8s rss=4560MB hwm=4560MB
RSS_SAMPLE t=645.0s rss=4560MB hwm=4560MB
RSS_SAMPLE t=645.3s rss=4560MB hwm=4560MB
RSS_SAMPLE t=645.5s rss=4560MB hwm=4560MB
RSS_SAMPLE t=645.8s rss=4560MB hwm=4560MB
RSS_SAMPLE t=646.0s rss=4560MB hwm=4560MB
RSS_SAMPLE t=646.3s rss=4560MB hwm=4560MB
RSS_SAMPLE t=646.5s rss=4560MB hwm=4560MB
RSS_SAMPLE t=646.8s rss=4560MB hwm=4560MB
PHASE_MARK outer=9 leave=dcd_sweep rss=4560MB
PHASE_MARK outer=9 enter=post_refresh rss=4560MB
RSS_SAMPLE t=647.0s rss=4560MB hwm=4560MB
RSS_SAMPLE t=647.3s rss=4560MB hwm=4560MB
RSS_SAMPLE t=647.5s rss=4560MB hwm=4560MB
RSS_SAMPLE t=647.8s rss=4560MB hwm=4560MB
RSS_SAMPLE t=648.0s rss=4560MB hwm=4560MB
RSS_SAMPLE t=648.3s rss=4560MB hwm=4560MB
RSS_SAMPLE t=648.5s rss=4560MB hwm=4560MB
RSS_SAMPLE t=648.8s rss=4560MB hwm=4560MB
RSS_SAMPLE t=649.0s rss=4560MB hwm=4560MB
RSS_SAMPLE t=649.3s rss=4560MB hwm=4560MB
RSS_SAMPLE t=649.5s rss=4560MB hwm=4560MB
RSS_SAMPLE t=649.8s rss=4561MB hwm=4561MB
RSS_SAMPLE t=650.0s rss=4562MB hwm=4562MB
RSS_SAMPLE t=650.3s rss=4562MB hwm=4562MB
RSS_SAMPLE t=650.5s rss=4563MB hwm=4563MB
RSS_SAMPLE t=650.8s rss=4563MB hwm=4563MB
RSS_SAMPLE t=651.0s rss=4564MB hwm=4564MB
RSS_SAMPLE t=651.3s rss=4565MB hwm=4565MB
RSS_SAMPLE t=651.5s rss=4566MB hwm=4566MB
RSS_SAMPLE t=651.8s rss=4567MB hwm=4567MB
RSS_SAMPLE t=652.0s rss=4567MB hwm=4567MB
RSS_SAMPLE t=652.3s rss=4567MB hwm=4567MB
RSS_SAMPLE t=652.5s rss=4568MB hwm=4568MB
RSS_SAMPLE t=652.8s rss=4568MB hwm=4568MB
RSS_SAMPLE t=653.0s rss=4569MB hwm=4569MB
RSS_SAMPLE t=653.3s rss=4569MB hwm=4569MB
RSS_SAMPLE t=653.5s rss=4570MB hwm=4570MB
RSS_SAMPLE t=653.8s rss=4571MB hwm=4571MB
RSS_SAMPLE t=654.0s rss=4571MB hwm=4571MB
RSS_SAMPLE t=654.3s rss=4572MB hwm=4572MB
RSS_SAMPLE t=654.5s rss=4572MB hwm=4572MB
RSS_SAMPLE t=654.8s rss=4573MB hwm=4573MB
RSS_SAMPLE t=655.0s rss=4573MB hwm=4573MB
RSS_SAMPLE t=655.3s rss=4574MB hwm=4574MB
RSS_SAMPLE t=655.5s rss=4575MB hwm=4575MB
RSS_SAMPLE t=655.8s rss=4576MB hwm=4576MB
RSS_SAMPLE t=656.0s rss=4576MB hwm=4576MB
RSS_SAMPLE t=656.3s rss=4577MB hwm=4577MB
RSS_SAMPLE t=656.5s rss=4577MB hwm=4577MB
RSS_SAMPLE t=656.8s rss=4578MB hwm=4578MB
RSS_SAMPLE t=657.0s rss=4578MB hwm=4578MB
RSS_SAMPLE t=657.3s rss=4579MB hwm=4579MB
RSS_SAMPLE t=657.5s rss=4579MB hwm=4579MB
RSS_SAMPLE t=657.8s rss=4580MB hwm=4580MB
RSS_SAMPLE t=658.0s rss=4580MB hwm=4580MB
RSS_SAMPLE t=658.3s rss=4580MB hwm=4580MB
RSS_SAMPLE t=658.5s rss=4580MB hwm=4580MB
RSS_SAMPLE t=658.8s rss=4580MB hwm=4580MB
RSS_SAMPLE t=659.0s rss=4580MB hwm=4580MB
RSS_SAMPLE t=659.3s rss=4580MB hwm=4580MB
RSS_SAMPLE t=659.5s rss=4580MB hwm=4580MB
RSS_SAMPLE t=659.8s rss=4580MB hwm=4580MB
RSS_SAMPLE t=660.0s rss=4581MB hwm=4581MB
RSS_SAMPLE t=660.3s rss=4581MB hwm=4581MB
RSS_SAMPLE t=660.5s rss=4581MB hwm=4581MB
RSS_SAMPLE t=660.8s rss=4581MB hwm=4581MB
RSS_SAMPLE t=661.0s rss=4582MB hwm=4582MB
RSS_SAMPLE t=661.3s rss=4582MB hwm=4582MB
RSS_SAMPLE t=661.5s rss=4582MB hwm=4582MB
RSS_SAMPLE t=661.8s rss=4583MB hwm=4583MB
RSS_SAMPLE t=662.0s rss=4583MB hwm=4583MB
RSS_SAMPLE t=662.3s rss=4584MB hwm=4584MB
RSS_SAMPLE t=662.5s rss=4584MB hwm=4584MB
RSS_SAMPLE t=662.8s rss=4585MB hwm=4585MB
RSS_SAMPLE t=663.0s rss=4585MB hwm=4585MB
RSS_SAMPLE t=663.3s rss=4585MB hwm=4585MB
RSS_SAMPLE t=663.5s rss=4585MB hwm=4585MB
RSS_SAMPLE t=663.8s rss=4585MB hwm=4585MB
RSS_SAMPLE t=664.0s rss=4586MB hwm=4586MB
RSS_SAMPLE t=664.3s rss=4586MB hwm=4586MB
RSS_SAMPLE t=664.5s rss=4586MB hwm=4586MB
RSS_SAMPLE t=664.8s rss=4586MB hwm=4586MB
RSS_SAMPLE t=665.0s rss=4587MB hwm=4587MB
RSS_SAMPLE t=665.3s rss=4587MB hwm=4587MB
RSS_SAMPLE t=665.5s rss=4587MB hwm=4587MB
RSS_SAMPLE t=665.8s rss=4588MB hwm=4588MB
RSS_SAMPLE t=666.0s rss=4588MB hwm=4588MB
RSS_SAMPLE t=666.3s rss=4588MB hwm=4588MB
RSS_SAMPLE t=666.5s rss=4588MB hwm=4588MB
RSS_SAMPLE t=666.8s rss=4589MB hwm=4589MB
RSS_SAMPLE t=667.0s rss=4589MB hwm=4589MB
RSS_SAMPLE t=667.3s rss=4589MB hwm=4589MB
RSS_SAMPLE t=667.5s rss=4589MB hwm=4589MB
RSS_SAMPLE t=667.8s rss=4589MB hwm=4589MB
RSS_SAMPLE t=668.0s rss=4589MB hwm=4589MB
RSS_SAMPLE t=668.3s rss=4589MB hwm=4589MB
RSS_SAMPLE t=668.5s rss=4589MB hwm=4589MB
RSS_SAMPLE t=668.8s rss=4589MB hwm=4589MB
RSS_SAMPLE t=669.0s rss=4589MB hwm=4589MB
RSS_SAMPLE t=669.3s rss=4589MB hwm=4589MB
RSS_SAMPLE t=669.5s rss=4589MB hwm=4589MB
RSS_SAMPLE t=669.8s rss=4589MB hwm=4589MB
RSS_SAMPLE t=670.0s rss=4589MB hwm=4589MB
RSS_SAMPLE t=670.3s rss=4589MB hwm=4589MB
RSS_SAMPLE t=670.5s rss=4589MB hwm=4589MB
RSS_SAMPLE t=670.8s rss=4589MB hwm=4589MB
RSS_SAMPLE t=671.0s rss=4589MB hwm=4589MB
RSS_SAMPLE t=671.3s rss=4589MB hwm=4589MB
RSS_SAMPLE t=671.5s rss=4589MB hwm=4589MB
RSS_SAMPLE t=671.8s rss=4589MB hwm=4589MB
RSS_SAMPLE t=672.0s rss=4589MB hwm=4589MB
RSS_SAMPLE t=672.3s rss=4589MB hwm=4589MB
RSS_SAMPLE t=672.5s rss=4589MB hwm=4589MB
RSS_SAMPLE t=672.8s rss=4589MB hwm=4589MB
RSS_SAMPLE t=673.0s rss=4589MB hwm=4589MB
RSS_SAMPLE t=673.3s rss=4589MB hwm=4589MB
RSS_SAMPLE t=673.5s rss=4589MB hwm=4589MB
RSS_SAMPLE t=673.8s rss=4589MB hwm=4589MB
RSS_SAMPLE t=674.0s rss=4589MB hwm=4589MB
RSS_SAMPLE t=674.3s rss=4589MB hwm=4589MB
RSS_SAMPLE t=674.5s rss=4589MB hwm=4589MB
RSS_SAMPLE t=674.8s rss=4589MB hwm=4589MB
RSS_SAMPLE t=675.0s rss=4589MB hwm=4589MB
RSS_SAMPLE t=675.3s rss=4589MB hwm=4589MB
RSS_SAMPLE t=675.5s rss=4589MB hwm=4589MB
RSS_SAMPLE t=675.8s rss=4589MB hwm=4589MB
RSS_SAMPLE t=676.0s rss=4589MB hwm=4589MB
RSS_SAMPLE t=676.3s rss=4589MB hwm=4589MB
RSS_SAMPLE t=676.5s rss=4589MB hwm=4589MB
RSS_SAMPLE t=676.8s rss=4589MB hwm=4589MB
RSS_SAMPLE t=677.0s rss=4589MB hwm=4589MB
RSS_SAMPLE t=677.3s rss=4589MB hwm=4589MB
RSS_SAMPLE t=677.5s rss=4589MB hwm=4589MB
RSS_SAMPLE t=677.8s rss=4589MB hwm=4589MB
RSS_SAMPLE t=678.0s rss=4589MB hwm=4589MB
RSS_SAMPLE t=678.3s rss=4589MB hwm=4589MB
RSS_SAMPLE t=678.5s rss=4589MB hwm=4589MB
RSS_SAMPLE t=678.8s rss=4589MB hwm=4589MB
RSS_SAMPLE t=679.0s rss=4589MB hwm=4589MB
RSS_SAMPLE t=679.3s rss=4589MB hwm=4589MB
RSS_SAMPLE t=679.5s rss=4589MB hwm=4589MB
RSS_SAMPLE t=679.8s rss=4589MB hwm=4589MB
RSS_SAMPLE t=680.0s rss=4589MB hwm=4589MB
RSS_SAMPLE t=680.3s rss=4589MB hwm=4589MB
RSS_SAMPLE t=680.5s rss=4589MB hwm=4589MB
RSS_SAMPLE t=680.8s rss=4589MB hwm=4589MB
RSS_SAMPLE t=681.0s rss=4589MB hwm=4589MB
RSS_SAMPLE t=681.3s rss=4589MB hwm=4589MB
RSS_SAMPLE t=681.5s rss=4589MB hwm=4589MB
RSS_SAMPLE t=681.8s rss=4589MB hwm=4589MB
RSS_SAMPLE t=682.0s rss=4589MB hwm=4589MB
RSS_SAMPLE t=682.3s rss=4589MB hwm=4589MB
RSS_SAMPLE t=682.5s rss=4589MB hwm=4589MB
RSS_SAMPLE t=682.8s rss=4589MB hwm=4589MB
RSS_SAMPLE t=683.0s rss=4589MB hwm=4589MB
RSS_SAMPLE t=683.3s rss=4589MB hwm=4589MB
RSS_SAMPLE t=683.5s rss=4589MB hwm=4589MB
MEM_POOL: workspaces=32 dense_usage_mb=1251 n_pipes=2562403
    post_solve_diag[outer=9]: solves=105117 cap_armed=105117 (100.0%) settle_avg=6171 above_sink_avg=136 (2.2%) settle_max=69353
    settle_hist[outer=9]: <100: 31962nets/0.1%work  <1k: 19619nets/1.2%work  <5k: 23425nets/9.4%work  <20k: 18514nets/30.3%work  <60k: 11266nets/55.6%work  >=60k: 331nets/3.3%work
    fanout_hist[outer=9]: fan1: 43710nets/13.0%work  fan2-4: 48279nets/50.1%work  fan5-16: 12974nets/35.9%work  fan17-64: 154nets/1.0%work  fan65-256: 0nets/0.0%work  fan>256: 0nets/0.0%work
    rss_probe[outer=9]: pre_post_solve=4560MB post_post_solve=4589MB after_apply=4589MB
    E_decomp: base=5774952.4 eff=71175867030258.3 cong=71175861255305.9 cong_share=100.0% sat_pipes=80220 max_util=951.31  R_buckets: 1-2x=88811 2-10x=21177 10-100x=2070579 >=100x=381836
    E_potential: beckmann=44485212796137.7 history_total=0.0
    SpanCache: epoch=10 entries=2231 lookups=2562403 hits=2560172 misses=2231 hit_rate=99.9%
  DCD   9: nets=105117 line=13291580 energy=6710673861.602 dE=-11849221769.272 friction=9833144.6 bins=2.0x(212) excess=66.1 moved=67627 disp=5.173 solves=105117 skip=105117 pops=648695806 theta=1.033 refresh=36848ms dcd=6816ms total=46519ms
    cache_stats: entries=55043836 capacity=105386601 est_mb=909 rss_mb=4589
RSS_SAMPLE t=683.8s rss=4589MB hwm=4589MB
RSS_SAMPLE t=684.0s rss=4589MB hwm=4589MB
RSS_SAMPLE t=684.3s rss=4589MB hwm=4589MB
RSS_SAMPLE t=684.5s rss=4589MB hwm=4589MB
RSS_SAMPLE t=684.8s rss=4589MB hwm=4589MB
RSS_SAMPLE t=685.0s rss=4589MB hwm=4589MB
RSS_SAMPLE t=685.3s rss=4589MB hwm=4589MB
RSS_SAMPLE t=685.5s rss=4589MB hwm=4589MB
RSS_SAMPLE t=685.8s rss=4589MB hwm=4589MB
RSS_SAMPLE t=686.0s rss=4589MB hwm=4589MB
RSS_SAMPLE t=686.3s rss=4589MB hwm=4589MB
    SwitchMatrix: type_usage_pairs=1114 lookups=2236 hits=1122 dijkstra_calls=1114 avg_us=10.3 total_ms=11.4
PHASE_MARK outer=10 enter=pre_solve rss=4589MB
    rss_probe[outer=10]: pre_refresh_rss=4589MB post_pre_solve_rss=4589MB cache_entries=55043836 cache_cap=105386601 cache_est_mb=909
    pre_solve_diag[outer=10]: solves=0 fallback=0 (0.0%) cap_armed=0 (0.0%) settle_avg=0 settle_max=0 init_count=242
    Overflow: over=77766 (3.0% of used) avg_excess=13.31 max_excess=2190.96 (nc=2214.96 cap=24 span=1)  excess_buckets: <=1=4736 1-5=37598 5-20=24243 >20=11189  by_cap: cap1=1305 cap2=66879 cap3-5=2 cap>5=9580  by_span: s1=901 s2-3=8036 s4-6=1971 s7-12=65682 s>12=1176  le1_cross: cap1=622 cap2-5=3896 cap>5=218
    Congestion: pipes=2562403 used=2562403 congested(>50%)=97371 saturated(>90%)=80220 max_util=951.31 avg_util=0.1623
PHASE_MARK outer=10 enter=dcd_sweep rss=4589MB
RSS_SAMPLE t=686.5s rss=4589MB hwm=4589MB
RSS_SAMPLE t=686.8s rss=4589MB hwm=4589MB
RSS_SAMPLE t=687.1s rss=4589MB hwm=4589MB
RSS_SAMPLE t=687.3s rss=4589MB hwm=4589MB
RSS_SAMPLE t=687.6s rss=4589MB hwm=4589MB
RSS_SAMPLE t=687.8s rss=4589MB hwm=4589MB
RSS_SAMPLE t=688.1s rss=4589MB hwm=4589MB
RSS_SAMPLE t=688.3s rss=4589MB hwm=4589MB
RSS_SAMPLE t=688.6s rss=4589MB hwm=4589MB
RSS_SAMPLE t=688.8s rss=4589MB hwm=4589MB
RSS_SAMPLE t=689.1s rss=4589MB hwm=4589MB
RSS_SAMPLE t=689.3s rss=4589MB hwm=4589MB
RSS_SAMPLE t=689.6s rss=4589MB hwm=4589MB
RSS_SAMPLE t=689.8s rss=4589MB hwm=4589MB
RSS_SAMPLE t=690.1s rss=4589MB hwm=4589MB
RSS_SAMPLE t=690.3s rss=4589MB hwm=4589MB
RSS_SAMPLE t=690.6s rss=4589MB hwm=4589MB
RSS_SAMPLE t=690.8s rss=4589MB hwm=4589MB
RSS_SAMPLE t=691.1s rss=4589MB hwm=4589MB
RSS_SAMPLE t=691.3s rss=4589MB hwm=4589MB
RSS_SAMPLE t=691.6s rss=4589MB hwm=4589MB
RSS_SAMPLE t=691.8s rss=4589MB hwm=4589MB
RSS_SAMPLE t=692.1s rss=4589MB hwm=4589MB
RSS_SAMPLE t=692.3s rss=4589MB hwm=4589MB
RSS_SAMPLE t=692.6s rss=4589MB hwm=4589MB
RSS_SAMPLE t=692.8s rss=4589MB hwm=4589MB
RSS_SAMPLE t=693.1s rss=4589MB hwm=4589MB
PHASE_MARK outer=10 leave=dcd_sweep rss=4589MB
PHASE_MARK outer=10 enter=post_refresh rss=4589MB
RSS_SAMPLE t=693.3s rss=4589MB hwm=4589MB
RSS_SAMPLE t=693.6s rss=4589MB hwm=4589MB
RSS_SAMPLE t=693.8s rss=4589MB hwm=4589MB
RSS_SAMPLE t=694.1s rss=4589MB hwm=4589MB
RSS_SAMPLE t=694.3s rss=4589MB hwm=4589MB
RSS_SAMPLE t=694.6s rss=4589MB hwm=4589MB
RSS_SAMPLE t=694.8s rss=4589MB hwm=4589MB
RSS_SAMPLE t=695.1s rss=4589MB hwm=4589MB
RSS_SAMPLE t=695.3s rss=4589MB hwm=4589MB
RSS_SAMPLE t=695.6s rss=4589MB hwm=4589MB
RSS_SAMPLE t=695.8s rss=4589MB hwm=4589MB
RSS_SAMPLE t=696.1s rss=4589MB hwm=4589MB
RSS_SAMPLE t=696.3s rss=4589MB hwm=4589MB
RSS_SAMPLE t=696.6s rss=4589MB hwm=4589MB
RSS_SAMPLE t=696.8s rss=4589MB hwm=4589MB
RSS_SAMPLE t=697.1s rss=4589MB hwm=4589MB
RSS_SAMPLE t=697.3s rss=4589MB hwm=4589MB
RSS_SAMPLE t=697.6s rss=4589MB hwm=4589MB
RSS_SAMPLE t=697.8s rss=4590MB hwm=4590MB
RSS_SAMPLE t=698.1s rss=4590MB hwm=4590MB
RSS_SAMPLE t=698.3s rss=4590MB hwm=4590MB
RSS_SAMPLE t=698.6s rss=4590MB hwm=4590MB
RSS_SAMPLE t=698.8s rss=4590MB hwm=4590MB
RSS_SAMPLE t=699.1s rss=4590MB hwm=4590MB
RSS_SAMPLE t=699.3s rss=4590MB hwm=4590MB
RSS_SAMPLE t=699.6s rss=4590MB hwm=4590MB
RSS_SAMPLE t=699.8s rss=4590MB hwm=4590MB
RSS_SAMPLE t=700.1s rss=4590MB hwm=4590MB
RSS_SAMPLE t=700.3s rss=4590MB hwm=4590MB
RSS_SAMPLE t=700.6s rss=4590MB hwm=4590MB
RSS_SAMPLE t=700.8s rss=4590MB hwm=4590MB
RSS_SAMPLE t=701.1s rss=4591MB hwm=4591MB
RSS_SAMPLE t=701.3s rss=4591MB hwm=4591MB
RSS_SAMPLE t=701.6s rss=4591MB hwm=4591MB
RSS_SAMPLE t=701.8s rss=4591MB hwm=4591MB
RSS_SAMPLE t=702.1s rss=4591MB hwm=4591MB
RSS_SAMPLE t=702.3s rss=4591MB hwm=4591MB
RSS_SAMPLE t=702.6s rss=4591MB hwm=4591MB
RSS_SAMPLE t=702.8s rss=4591MB hwm=4591MB
RSS_SAMPLE t=703.1s rss=4591MB hwm=4591MB
RSS_SAMPLE t=703.3s rss=4591MB hwm=4591MB
RSS_SAMPLE t=703.6s rss=4591MB hwm=4591MB
RSS_SAMPLE t=703.8s rss=4591MB hwm=4591MB
RSS_SAMPLE t=704.1s rss=4591MB hwm=4591MB
RSS_SAMPLE t=704.3s rss=4592MB hwm=4592MB
RSS_SAMPLE t=704.6s rss=4592MB hwm=4592MB
RSS_SAMPLE t=704.8s rss=4592MB hwm=4592MB
RSS_SAMPLE t=705.1s rss=4592MB hwm=4592MB
RSS_SAMPLE t=705.3s rss=4592MB hwm=4592MB
RSS_SAMPLE t=705.6s rss=4592MB hwm=4592MB
RSS_SAMPLE t=705.8s rss=4592MB hwm=4592MB
RSS_SAMPLE t=706.1s rss=4592MB hwm=4592MB
RSS_SAMPLE t=706.3s rss=4592MB hwm=4592MB
RSS_SAMPLE t=706.6s rss=4592MB hwm=4592MB
RSS_SAMPLE t=706.8s rss=4592MB hwm=4592MB
RSS_SAMPLE t=707.1s rss=4592MB hwm=4592MB
RSS_SAMPLE t=707.3s rss=4592MB hwm=4592MB
RSS_SAMPLE t=707.6s rss=4592MB hwm=4592MB
RSS_SAMPLE t=707.8s rss=4592MB hwm=4592MB
RSS_SAMPLE t=708.1s rss=4592MB hwm=4592MB
RSS_SAMPLE t=708.3s rss=4592MB hwm=4592MB
RSS_SAMPLE t=708.6s rss=4592MB hwm=4592MB
RSS_SAMPLE t=708.8s rss=4592MB hwm=4592MB
RSS_SAMPLE t=709.1s rss=4592MB hwm=4592MB
RSS_SAMPLE t=709.3s rss=4592MB hwm=4592MB
RSS_SAMPLE t=709.6s rss=4592MB hwm=4592MB
RSS_SAMPLE t=709.8s rss=4592MB hwm=4592MB
RSS_SAMPLE t=710.1s rss=4592MB hwm=4592MB
RSS_SAMPLE t=710.3s rss=4592MB hwm=4592MB
RSS_SAMPLE t=710.6s rss=4592MB hwm=4592MB
RSS_SAMPLE t=710.8s rss=4592MB hwm=4592MB
RSS_SAMPLE t=711.1s rss=4592MB hwm=4592MB
RSS_SAMPLE t=711.3s rss=4592MB hwm=4592MB
RSS_SAMPLE t=711.6s rss=4592MB hwm=4592MB
RSS_SAMPLE t=711.8s rss=4592MB hwm=4592MB
RSS_SAMPLE t=712.1s rss=4592MB hwm=4592MB
RSS_SAMPLE t=712.3s rss=4592MB hwm=4592MB
RSS_SAMPLE t=712.6s rss=4593MB hwm=4593MB
RSS_SAMPLE t=712.8s rss=4593MB hwm=4593MB
RSS_SAMPLE t=713.1s rss=4593MB hwm=4593MB
RSS_SAMPLE t=713.3s rss=4593MB hwm=4593MB
RSS_SAMPLE t=713.6s rss=4593MB hwm=4593MB
RSS_SAMPLE t=713.8s rss=4593MB hwm=4593MB
RSS_SAMPLE t=714.1s rss=4593MB hwm=4593MB
RSS_SAMPLE t=714.3s rss=4593MB hwm=4593MB
RSS_SAMPLE t=714.6s rss=4594MB hwm=4594MB
RSS_SAMPLE t=714.8s rss=4594MB hwm=4594MB
RSS_SAMPLE t=715.1s rss=4594MB hwm=4594MB
RSS_SAMPLE t=715.3s rss=4594MB hwm=4594MB
RSS_SAMPLE t=715.6s rss=4594MB hwm=4594MB
RSS_SAMPLE t=715.8s rss=4594MB hwm=4594MB
RSS_SAMPLE t=716.1s rss=4594MB hwm=4594MB
RSS_SAMPLE t=716.3s rss=4594MB hwm=4594MB
RSS_SAMPLE t=716.6s rss=4594MB hwm=4594MB
RSS_SAMPLE t=716.8s rss=4594MB hwm=4594MB
RSS_SAMPLE t=717.1s rss=4594MB hwm=4594MB
RSS_SAMPLE t=717.3s rss=4594MB hwm=4594MB
RSS_SAMPLE t=717.6s rss=4594MB hwm=4594MB
RSS_SAMPLE t=717.8s rss=4594MB hwm=4594MB
RSS_SAMPLE t=718.1s rss=4594MB hwm=4594MB
RSS_SAMPLE t=718.3s rss=4594MB hwm=4594MB
RSS_SAMPLE t=718.6s rss=4594MB hwm=4594MB
RSS_SAMPLE t=718.8s rss=4594MB hwm=4594MB
RSS_SAMPLE t=719.1s rss=4594MB hwm=4594MB
RSS_SAMPLE t=719.3s rss=4594MB hwm=4594MB
RSS_SAMPLE t=719.6s rss=4594MB hwm=4594MB
RSS_SAMPLE t=719.8s rss=4594MB hwm=4594MB
RSS_SAMPLE t=720.1s rss=4594MB hwm=4594MB
RSS_SAMPLE t=720.3s rss=4594MB hwm=4594MB
RSS_SAMPLE t=720.6s rss=4594MB hwm=4594MB
RSS_SAMPLE t=720.8s rss=4594MB hwm=4594MB
RSS_SAMPLE t=721.1s rss=4594MB hwm=4594MB
RSS_SAMPLE t=721.3s rss=4594MB hwm=4594MB
RSS_SAMPLE t=721.6s rss=4594MB hwm=4594MB
RSS_SAMPLE t=721.8s rss=4594MB hwm=4594MB
RSS_SAMPLE t=722.1s rss=4594MB hwm=4594MB
RSS_SAMPLE t=722.3s rss=4594MB hwm=4594MB
RSS_SAMPLE t=722.6s rss=4594MB hwm=4594MB
RSS_SAMPLE t=722.8s rss=4594MB hwm=4594MB
RSS_SAMPLE t=723.1s rss=4594MB hwm=4594MB
RSS_SAMPLE t=723.3s rss=4594MB hwm=4594MB
RSS_SAMPLE t=723.6s rss=4594MB hwm=4594MB
RSS_SAMPLE t=723.8s rss=4594MB hwm=4594MB
RSS_SAMPLE t=724.1s rss=4594MB hwm=4594MB
RSS_SAMPLE t=724.3s rss=4594MB hwm=4594MB
RSS_SAMPLE t=724.6s rss=4594MB hwm=4594MB
RSS_SAMPLE t=724.8s rss=4594MB hwm=4594MB
RSS_SAMPLE t=725.1s rss=4594MB hwm=4594MB
RSS_SAMPLE t=725.3s rss=4594MB hwm=4594MB
RSS_SAMPLE t=725.6s rss=4594MB hwm=4594MB
RSS_SAMPLE t=725.8s rss=4594MB hwm=4594MB
RSS_SAMPLE t=726.1s rss=4594MB hwm=4594MB
RSS_SAMPLE t=726.3s rss=4594MB hwm=4594MB
RSS_SAMPLE t=726.6s rss=4595MB hwm=4595MB
RSS_SAMPLE t=726.8s rss=4595MB hwm=4595MB
RSS_SAMPLE t=727.1s rss=4595MB hwm=4595MB
RSS_SAMPLE t=727.3s rss=4595MB hwm=4595MB
RSS_SAMPLE t=727.6s rss=4595MB hwm=4595MB
RSS_SAMPLE t=727.8s rss=4595MB hwm=4595MB
RSS_SAMPLE t=728.1s rss=4595MB hwm=4595MB
RSS_SAMPLE t=728.3s rss=4595MB hwm=4595MB
RSS_SAMPLE t=728.6s rss=4595MB hwm=4595MB
RSS_SAMPLE t=728.8s rss=4595MB hwm=4595MB
RSS_SAMPLE t=729.1s rss=4595MB hwm=4595MB
RSS_SAMPLE t=729.3s rss=4595MB hwm=4595MB
RSS_SAMPLE t=729.6s rss=4595MB hwm=4595MB
RSS_SAMPLE t=729.8s rss=4595MB hwm=4595MB
RSS_SAMPLE t=730.1s rss=4595MB hwm=4595MB
RSS_SAMPLE t=730.3s rss=4595MB hwm=4595MB
RSS_SAMPLE t=730.6s rss=4595MB hwm=4595MB
RSS_SAMPLE t=730.8s rss=4595MB hwm=4595MB
RSS_SAMPLE t=731.1s rss=4595MB hwm=4595MB
RSS_SAMPLE t=731.3s rss=4595MB hwm=4595MB
RSS_SAMPLE t=731.6s rss=4595MB hwm=4595MB
RSS_SAMPLE t=731.8s rss=4595MB hwm=4595MB
RSS_SAMPLE t=732.1s rss=4595MB hwm=4595MB
RSS_SAMPLE t=732.3s rss=4595MB hwm=4595MB
RSS_SAMPLE t=732.6s rss=4595MB hwm=4595MB
RSS_SAMPLE t=732.8s rss=4595MB hwm=4595MB
RSS_SAMPLE t=733.1s rss=4595MB hwm=4595MB
RSS_SAMPLE t=733.3s rss=4595MB hwm=4595MB
RSS_SAMPLE t=733.6s rss=4595MB hwm=4595MB
RSS_SAMPLE t=733.8s rss=4595MB hwm=4595MB
RSS_SAMPLE t=734.1s rss=4595MB hwm=4595MB
MEM_POOL: workspaces=32 dense_usage_mb=1251 n_pipes=2562403
    post_solve_diag[outer=10]: solves=105117 cap_armed=105117 (100.0%) settle_avg=5965 above_sink_avg=130 (2.2%) settle_max=69353
    settle_hist[outer=10]: <100: 32446nets/0.1%work  <1k: 19442nets/1.2%work  <5k: 23385nets/9.9%work  <20k: 18939nets/32.0%work  <60k: 10621nets/53.9%work  >=60k: 284nets/2.9%work
    fanout_hist[outer=10]: fan1: 43710nets/13.0%work  fan2-4: 48279nets/50.1%work  fan5-16: 12974nets/35.9%work  fan17-64: 154nets/1.0%work  fan65-256: 0nets/0.0%work  fan>256: 0nets/0.0%work
    rss_probe[outer=10]: pre_post_solve=4589MB post_post_solve=4595MB after_apply=4595MB
    E_decomp: base=5617220.0 eff=113751196026230.7 cong=113751190409010.7 cong_share=100.0% sat_pipes=78528 max_util=1858.91  R_buckets: 1-2x=91381 2-10x=20806 10-100x=2067964 >=100x=382252
    E_potential: beckmann=203114506408665.2 history_total=0.0
    SpanCache: epoch=11 entries=2236 lookups=2562403 hits=2560167 misses=2236 hit_rate=99.9%
  DCD  10: nets=105117 line=12967004 energy=2719803307.156 dE=-3990870554.446 friction=17199517.7 bins=2.0x(251) excess=83.9 moved=67930 disp=4.881 solves=105117 skip=105117 pops=627018542 theta=1.210 refresh=40999ms dcd=6766ms total=50449ms
    cache_stats: entries=55156906 capacity=107103779 est_mb=924 rss_mb=4595
RSS_SAMPLE t=734.3s rss=4595MB hwm=4595MB
RSS_SAMPLE t=734.6s rss=4595MB hwm=4595MB
RSS_SAMPLE t=734.8s rss=4595MB hwm=4595MB
RSS_SAMPLE t=735.1s rss=4595MB hwm=4595MB
RSS_SAMPLE t=735.3s rss=4595MB hwm=4595MB
RSS_SAMPLE t=735.6s rss=4595MB hwm=4595MB
RSS_SAMPLE t=735.8s rss=4595MB hwm=4595MB
RSS_SAMPLE t=736.1s rss=4595MB hwm=4595MB
RSS_SAMPLE t=736.3s rss=4595MB hwm=4595MB
RSS_SAMPLE t=736.6s rss=4595MB hwm=4595MB
RSS_SAMPLE t=736.8s rss=4595MB hwm=4595MB
    SwitchMatrix: type_usage_pairs=1118 lookups=2301 hits=1183 dijkstra_calls=1118 avg_us=9.4 total_ms=10.5
PHASE_MARK outer=11 enter=pre_solve rss=4595MB
    rss_probe[outer=11]: pre_refresh_rss=4595MB post_pre_solve_rss=4595MB cache_entries=55156906 cache_cap=107103779 cache_est_mb=924
    pre_solve_diag[outer=11]: solves=0 fallback=0 (0.0%) cap_armed=0 (0.0%) settle_avg=0 settle_max=0 init_count=233
    Overflow: over=76213 (3.0% of used) avg_excess=13.03 max_excess=2652.44 (nc=2676.44 cap=24 span=1)  excess_buckets: <=1=5914 1-5=35786 5-20=23385 >20=11128  by_cap: cap1=691 cap2=66339 cap3-5=0 cap>5=9183  by_span: s1=756 s2-3=7466 s4-6=2208 s7-12=65352 s>12=431  le1_cross: cap1=424 cap2-5=5203 cap>5=287
    Congestion: pipes=2562403 used=2562403 congested(>50%)=95182 saturated(>90%)=78528 max_util=1858.91 avg_util=0.1629
PHASE_MARK outer=11 enter=dcd_sweep rss=4595MB
RSS_SAMPLE t=737.1s rss=4595MB hwm=4595MB
RSS_SAMPLE t=737.3s rss=4595MB hwm=4595MB
RSS_SAMPLE t=737.6s rss=4595MB hwm=4595MB
RSS_SAMPLE t=737.8s rss=4595MB hwm=4595MB
RSS_SAMPLE t=738.1s rss=4595MB hwm=4595MB
RSS_SAMPLE t=738.3s rss=4595MB hwm=4595MB
RSS_SAMPLE t=738.6s rss=4595MB hwm=4595MB
RSS_SAMPLE t=738.8s rss=4595MB hwm=4595MB
RSS_SAMPLE t=739.1s rss=4595MB hwm=4595MB
RSS_SAMPLE t=739.3s rss=4595MB hwm=4595MB
RSS_SAMPLE t=739.6s rss=4595MB hwm=4595MB
RSS_SAMPLE t=739.8s rss=4595MB hwm=4595MB
RSS_SAMPLE t=740.1s rss=4595MB hwm=4595MB
RSS_SAMPLE t=740.3s rss=4595MB hwm=4595MB
RSS_SAMPLE t=740.6s rss=4595MB hwm=4595MB
RSS_SAMPLE t=740.8s rss=4595MB hwm=4595MB
RSS_SAMPLE t=741.1s rss=4595MB hwm=4595MB
RSS_SAMPLE t=741.3s rss=4595MB hwm=4595MB
RSS_SAMPLE t=741.6s rss=4595MB hwm=4595MB
RSS_SAMPLE t=741.8s rss=4595MB hwm=4595MB
RSS_SAMPLE t=742.1s rss=4595MB hwm=4595MB
RSS_SAMPLE t=742.3s rss=4595MB hwm=4595MB
RSS_SAMPLE t=742.6s rss=4595MB hwm=4595MB
RSS_SAMPLE t=742.8s rss=4595MB hwm=4595MB
RSS_SAMPLE t=743.1s rss=4595MB hwm=4595MB
RSS_SAMPLE t=743.3s rss=4595MB hwm=4595MB
RSS_SAMPLE t=743.6s rss=4595MB hwm=4595MB
PHASE_MARK outer=11 leave=dcd_sweep rss=4595MB
PHASE_MARK outer=11 enter=post_refresh rss=4595MB
RSS_SAMPLE t=743.8s rss=4596MB hwm=4596MB
RSS_SAMPLE t=744.1s rss=4596MB hwm=4596MB
RSS_SAMPLE t=744.3s rss=4596MB hwm=4596MB
RSS_SAMPLE t=744.6s rss=4596MB hwm=4596MB
RSS_SAMPLE t=744.8s rss=4596MB hwm=4596MB
RSS_SAMPLE t=745.1s rss=4596MB hwm=4596MB
RSS_SAMPLE t=745.3s rss=4596MB hwm=4596MB
RSS_SAMPLE t=745.6s rss=4596MB hwm=4596MB
RSS_SAMPLE t=745.8s rss=4596MB hwm=4596MB
RSS_SAMPLE t=746.1s rss=4596MB hwm=4596MB
RSS_SAMPLE t=746.3s rss=4596MB hwm=4596MB
RSS_SAMPLE t=746.6s rss=4596MB hwm=4596MB
RSS_SAMPLE t=746.9s rss=4596MB hwm=4596MB
RSS_SAMPLE t=747.1s rss=4596MB hwm=4596MB
RSS_SAMPLE t=747.4s rss=4596MB hwm=4596MB
RSS_SAMPLE t=747.6s rss=4596MB hwm=4596MB
RSS_SAMPLE t=747.9s rss=4596MB hwm=4596MB
RSS_SAMPLE t=748.1s rss=4596MB hwm=4596MB
RSS_SAMPLE t=748.4s rss=4597MB hwm=4597MB
RSS_SAMPLE t=748.6s rss=4597MB hwm=4597MB
RSS_SAMPLE t=748.9s rss=4597MB hwm=4597MB
RSS_SAMPLE t=749.1s rss=4597MB hwm=4597MB
RSS_SAMPLE t=749.4s rss=4597MB hwm=4597MB
RSS_SAMPLE t=749.6s rss=4597MB hwm=4597MB
RSS_SAMPLE t=749.9s rss=4597MB hwm=4597MB
RSS_SAMPLE t=750.1s rss=4597MB hwm=4597MB
RSS_SAMPLE t=750.4s rss=4598MB hwm=4598MB
RSS_SAMPLE t=750.6s rss=4598MB hwm=4598MB
RSS_SAMPLE t=750.9s rss=4598MB hwm=4598MB
RSS_SAMPLE t=751.1s rss=4598MB hwm=4598MB
RSS_SAMPLE t=751.4s rss=4598MB hwm=4598MB
RSS_SAMPLE t=751.6s rss=4599MB hwm=4599MB
RSS_SAMPLE t=751.9s rss=4599MB hwm=4599MB
RSS_SAMPLE t=752.1s rss=4599MB hwm=4599MB
RSS_SAMPLE t=752.4s rss=4599MB hwm=4599MB
RSS_SAMPLE t=752.6s rss=4600MB hwm=4600MB
RSS_SAMPLE t=752.9s rss=4600MB hwm=4600MB
RSS_SAMPLE t=753.1s rss=4600MB hwm=4600MB
RSS_SAMPLE t=753.4s rss=4600MB hwm=4600MB
RSS_SAMPLE t=753.6s rss=4600MB hwm=4600MB
RSS_SAMPLE t=753.9s rss=4600MB hwm=4600MB
RSS_SAMPLE t=754.1s rss=4601MB hwm=4601MB
RSS_SAMPLE t=754.4s rss=4601MB hwm=4601MB
RSS_SAMPLE t=754.6s rss=4602MB hwm=4602MB
RSS_SAMPLE t=754.9s rss=4602MB hwm=4602MB
RSS_SAMPLE t=755.1s rss=4602MB hwm=4602MB
RSS_SAMPLE t=755.4s rss=4603MB hwm=4603MB
RSS_SAMPLE t=755.6s rss=4603MB hwm=4603MB
RSS_SAMPLE t=755.9s rss=4603MB hwm=4603MB
RSS_SAMPLE t=756.1s rss=4603MB hwm=4603MB
RSS_SAMPLE t=756.4s rss=4604MB hwm=4604MB
RSS_SAMPLE t=756.6s rss=4604MB hwm=4604MB
RSS_SAMPLE t=756.9s rss=4604MB hwm=4604MB
RSS_SAMPLE t=757.1s rss=4604MB hwm=4604MB
RSS_SAMPLE t=757.4s rss=4605MB hwm=4605MB
RSS_SAMPLE t=757.6s rss=4605MB hwm=4605MB
RSS_SAMPLE t=757.9s rss=4605MB hwm=4605MB
RSS_SAMPLE t=758.1s rss=4605MB hwm=4605MB
RSS_SAMPLE t=758.4s rss=4605MB hwm=4605MB
RSS_SAMPLE t=758.6s rss=4606MB hwm=4606MB
RSS_SAMPLE t=758.9s rss=4606MB hwm=4606MB
RSS_SAMPLE t=759.1s rss=4606MB hwm=4606MB
RSS_SAMPLE t=759.4s rss=4607MB hwm=4607MB
RSS_SAMPLE t=759.6s rss=4607MB hwm=4607MB
RSS_SAMPLE t=759.9s rss=4608MB hwm=4608MB
RSS_SAMPLE t=760.1s rss=4608MB hwm=4608MB
RSS_SAMPLE t=760.4s rss=4608MB hwm=4608MB
RSS_SAMPLE t=760.6s rss=4608MB hwm=4608MB
RSS_SAMPLE t=760.9s rss=4608MB hwm=4608MB
RSS_SAMPLE t=761.1s rss=4609MB hwm=4609MB
RSS_SAMPLE t=761.4s rss=4609MB hwm=4609MB
RSS_SAMPLE t=761.6s rss=4609MB hwm=4609MB
RSS_SAMPLE t=761.9s rss=4610MB hwm=4610MB
RSS_SAMPLE t=762.1s rss=4610MB hwm=4610MB
RSS_SAMPLE t=762.4s rss=4611MB hwm=4611MB
RSS_SAMPLE t=762.6s rss=4611MB hwm=4611MB
RSS_SAMPLE t=762.9s rss=4611MB hwm=4611MB
RSS_SAMPLE t=763.1s rss=4612MB hwm=4612MB
RSS_SAMPLE t=763.4s rss=4612MB hwm=4612MB
RSS_SAMPLE t=763.6s rss=4612MB hwm=4612MB
RSS_SAMPLE t=763.9s rss=4612MB hwm=4612MB
RSS_SAMPLE t=764.1s rss=4613MB hwm=4613MB
RSS_SAMPLE t=764.4s rss=4613MB hwm=4613MB
RSS_SAMPLE t=764.6s rss=4613MB hwm=4613MB
RSS_SAMPLE t=764.9s rss=4614MB hwm=4614MB
RSS_SAMPLE t=765.1s rss=4614MB hwm=4614MB
RSS_SAMPLE t=765.4s rss=4614MB hwm=4614MB
RSS_SAMPLE t=765.6s rss=4614MB hwm=4614MB
RSS_SAMPLE t=765.9s rss=4615MB hwm=4615MB
RSS_SAMPLE t=766.1s rss=4615MB hwm=4615MB
RSS_SAMPLE t=766.4s rss=4615MB hwm=4615MB
RSS_SAMPLE t=766.6s rss=4615MB hwm=4615MB
RSS_SAMPLE t=766.9s rss=4615MB hwm=4615MB
RSS_SAMPLE t=767.1s rss=4616MB hwm=4616MB
RSS_SAMPLE t=767.4s rss=4616MB hwm=4616MB
RSS_SAMPLE t=767.6s rss=4616MB hwm=4616MB
RSS_SAMPLE t=767.9s rss=4617MB hwm=4617MB
RSS_SAMPLE t=768.1s rss=4617MB hwm=4617MB
RSS_SAMPLE t=768.4s rss=4617MB hwm=4617MB
RSS_SAMPLE t=768.6s rss=4617MB hwm=4617MB
RSS_SAMPLE t=768.9s rss=4617MB hwm=4617MB
RSS_SAMPLE t=769.1s rss=4617MB hwm=4617MB
RSS_SAMPLE t=769.4s rss=4617MB hwm=4617MB
RSS_SAMPLE t=769.6s rss=4617MB hwm=4617MB
RSS_SAMPLE t=769.9s rss=4617MB hwm=4617MB
RSS_SAMPLE t=770.1s rss=4617MB hwm=4617MB
RSS_SAMPLE t=770.4s rss=4617MB hwm=4617MB
RSS_SAMPLE t=770.6s rss=4617MB hwm=4617MB
RSS_SAMPLE t=770.9s rss=4617MB hwm=4617MB
RSS_SAMPLE t=771.1s rss=4617MB hwm=4617MB
RSS_SAMPLE t=771.4s rss=4617MB hwm=4617MB
RSS_SAMPLE t=771.6s rss=4617MB hwm=4617MB
RSS_SAMPLE t=771.9s rss=4617MB hwm=4617MB
RSS_SAMPLE t=772.1s rss=4617MB hwm=4617MB
RSS_SAMPLE t=772.4s rss=4617MB hwm=4617MB
RSS_SAMPLE t=772.6s rss=4617MB hwm=4617MB
RSS_SAMPLE t=772.9s rss=4617MB hwm=4617MB
RSS_SAMPLE t=773.1s rss=4617MB hwm=4617MB
RSS_SAMPLE t=773.4s rss=4617MB hwm=4617MB
RSS_SAMPLE t=773.6s rss=4617MB hwm=4617MB
RSS_SAMPLE t=773.9s rss=4617MB hwm=4617MB
RSS_SAMPLE t=774.1s rss=4617MB hwm=4617MB
RSS_SAMPLE t=774.4s rss=4617MB hwm=4617MB
RSS_SAMPLE t=774.6s rss=4617MB hwm=4617MB
RSS_SAMPLE t=774.9s rss=4617MB hwm=4617MB
RSS_SAMPLE t=775.1s rss=4617MB hwm=4617MB
RSS_SAMPLE t=775.4s rss=4617MB hwm=4617MB
RSS_SAMPLE t=775.6s rss=4617MB hwm=4617MB
RSS_SAMPLE t=775.9s rss=4617MB hwm=4617MB
RSS_SAMPLE t=776.1s rss=4617MB hwm=4617MB
RSS_SAMPLE t=776.4s rss=4617MB hwm=4617MB
RSS_SAMPLE t=776.6s rss=4617MB hwm=4617MB
RSS_SAMPLE t=776.9s rss=4617MB hwm=4617MB
RSS_SAMPLE t=777.1s rss=4617MB hwm=4617MB
RSS_SAMPLE t=777.4s rss=4617MB hwm=4617MB
RSS_SAMPLE t=777.6s rss=4617MB hwm=4617MB
RSS_SAMPLE t=777.9s rss=4617MB hwm=4617MB
RSS_SAMPLE t=778.1s rss=4617MB hwm=4617MB
RSS_SAMPLE t=778.4s rss=4617MB hwm=4617MB
RSS_SAMPLE t=778.6s rss=4617MB hwm=4617MB
RSS_SAMPLE t=778.9s rss=4617MB hwm=4617MB
RSS_SAMPLE t=779.1s rss=4617MB hwm=4617MB
RSS_SAMPLE t=779.4s rss=4617MB hwm=4617MB
RSS_SAMPLE t=779.6s rss=4617MB hwm=4617MB
RSS_SAMPLE t=779.9s rss=4617MB hwm=4617MB
RSS_SAMPLE t=780.1s rss=4617MB hwm=4617MB
RSS_SAMPLE t=780.4s rss=4617MB hwm=4617MB
RSS_SAMPLE t=780.6s rss=4617MB hwm=4617MB
RSS_SAMPLE t=780.9s rss=4617MB hwm=4617MB
RSS_SAMPLE t=781.1s rss=4617MB hwm=4617MB
RSS_SAMPLE t=781.4s rss=4617MB hwm=4617MB
RSS_SAMPLE t=781.6s rss=4617MB hwm=4617MB
RSS_SAMPLE t=781.9s rss=4617MB hwm=4617MB
RSS_SAMPLE t=782.1s rss=4617MB hwm=4617MB
RSS_SAMPLE t=782.4s rss=4617MB hwm=4617MB
RSS_SAMPLE t=782.6s rss=4617MB hwm=4617MB
RSS_SAMPLE t=782.9s rss=4617MB hwm=4617MB
RSS_SAMPLE t=783.1s rss=4617MB hwm=4617MB
RSS_SAMPLE t=783.4s rss=4617MB hwm=4617MB
RSS_SAMPLE t=783.6s rss=4617MB hwm=4617MB
RSS_SAMPLE t=783.9s rss=4617MB hwm=4617MB
RSS_SAMPLE t=784.1s rss=4617MB hwm=4617MB
RSS_SAMPLE t=784.4s rss=4617MB hwm=4617MB
RSS_SAMPLE t=784.6s rss=4617MB hwm=4617MB
RSS_SAMPLE t=784.9s rss=4617MB hwm=4617MB
RSS_SAMPLE t=785.1s rss=4617MB hwm=4617MB
RSS_SAMPLE t=785.4s rss=4617MB hwm=4617MB
RSS_SAMPLE t=785.6s rss=4617MB hwm=4617MB
RSS_SAMPLE t=785.9s rss=4617MB hwm=4617MB
RSS_SAMPLE t=786.1s rss=4617MB hwm=4617MB
RSS_SAMPLE t=786.4s rss=4617MB hwm=4617MB
RSS_SAMPLE t=786.6s rss=4617MB hwm=4617MB
RSS_SAMPLE t=786.9s rss=4617MB hwm=4617MB
RSS_SAMPLE t=787.1s rss=4617MB hwm=4617MB
RSS_SAMPLE t=787.4s rss=4617MB hwm=4617MB
RSS_SAMPLE t=787.6s rss=4617MB hwm=4617MB
RSS_SAMPLE t=787.9s rss=4618MB hwm=4618MB
RSS_SAMPLE t=788.1s rss=4618MB hwm=4618MB
RSS_SAMPLE t=788.4s rss=4618MB hwm=4618MB
RSS_SAMPLE t=788.6s rss=4618MB hwm=4618MB
RSS_SAMPLE t=788.9s rss=4618MB hwm=4618MB
RSS_SAMPLE t=789.1s rss=4618MB hwm=4618MB
RSS_SAMPLE t=789.4s rss=4618MB hwm=4618MB
RSS_SAMPLE t=789.6s rss=4618MB hwm=4618MB
RSS_SAMPLE t=789.9s rss=4618MB hwm=4618MB
RSS_SAMPLE t=790.1s rss=4618MB hwm=4618MB
RSS_SAMPLE t=790.4s rss=4618MB hwm=4618MB
MEM_POOL: workspaces=32 dense_usage_mb=1251 n_pipes=2562403
    post_solve_diag[outer=11]: solves=105117 cap_armed=105117 (100.0%) settle_avg=5813 above_sink_avg=124 (2.1%) settle_max=69353
    settle_hist[outer=11]: <100: 33023nets/0.1%work  <1k: 18547nets/1.2%work  <5k: 23628nets/10.3%work  <20k: 19621nets/33.9%work  <60k: 10043nets/51.8%work  >=60k: 255nets/2.7%work
    fanout_hist[outer=11]: fan1: 43710nets/13.2%work  fan2-4: 48279nets/50.2%work  fan5-16: 12974nets/35.7%work  fan17-64: 154nets/1.0%work  fan65-256: 0nets/0.0%work  fan>256: 0nets/0.0%work
    rss_probe[outer=11]: pre_post_solve=4596MB post_post_solve=4618MB after_apply=4618MB
    E_decomp: base=5277634.5 eff=509171860763655.0 cong=509171855486020.5 cong_share=100.0% sat_pipes=78016 max_util=1871.31  R_buckets: 1-2x=92466 2-10x=26644 10-100x=2087897 >=100x=355396
    E_potential: beckmann=241181088810634.8 history_total=0.0
    SpanCache: epoch=12 entries=2301 lookups=2562403 hits=2560102 misses=2301 hit_rate=99.9%
  DCD  11: nets=105117 line=12673250 energy=1253880704.245 dE=-1465922602.911 friction=18259051.6 bins=2.0x(218) excess=79.3 moved=67722 disp=4.758 solves=105117 skip=105117 pops=611089474 theta=1.416 refresh=46722ms dcd=6852ms total=56260ms
    cache_stats: entries=55570387 capacity=109042928 est_mb=941 rss_mb=4618
RSS_SAMPLE t=790.6s rss=4618MB hwm=4618MB
RSS_SAMPLE t=790.9s rss=4618MB hwm=4618MB
RSS_SAMPLE t=791.1s rss=4618MB hwm=4618MB
RSS_SAMPLE t=791.4s rss=4618MB hwm=4618MB
RSS_SAMPLE t=791.6s rss=4618MB hwm=4618MB
RSS_SAMPLE t=791.9s rss=4618MB hwm=4618MB
RSS_SAMPLE t=792.1s rss=4618MB hwm=4618MB
RSS_SAMPLE t=792.4s rss=4618MB hwm=4618MB
RSS_SAMPLE t=792.6s rss=4618MB hwm=4618MB
RSS_SAMPLE t=792.9s rss=4618MB hwm=4618MB
RSS_SAMPLE t=793.1s rss=4618MB hwm=4618MB
    SwitchMatrix: type_usage_pairs=1030 lookups=2221 hits=1191 dijkstra_calls=1030 avg_us=9.8 total_ms=10.0
PHASE_MARK outer=12 enter=pre_solve rss=4618MB
    rss_probe[outer=12]: pre_refresh_rss=4618MB post_pre_solve_rss=4618MB cache_entries=55570387 cache_cap=109042928 cache_est_mb=941
    pre_solve_diag[outer=12]: solves=0 fallback=0 (0.0%) cap_armed=0 (0.0%) settle_avg=0 settle_max=0 init_count=248
    Overflow: over=75651 (3.0% of used) avg_excess=11.60 max_excess=2359.07 (nc=2383.07 cap=24 span=1)  excess_buckets: <=1=5145 1-5=36559 5-20=24359 >20=9588  by_cap: cap1=1165 cap2=66517 cap3-5=8 cap>5=7961  by_span: s1=621 s2-3=6632 s4-6=1983 s7-12=64848 s>12=1567  le1_cross: cap1=310 cap2-5=4600 cap>5=235
    Congestion: pipes=2562403 used=2562403 congested(>50%)=94285 saturated(>90%)=78016 max_util=1871.31 avg_util=0.1582
PHASE_MARK outer=12 enter=dcd_sweep rss=4618MB
RSS_SAMPLE t=793.4s rss=4618MB hwm=4618MB
RSS_SAMPLE t=793.6s rss=4618MB hwm=4618MB
RSS_SAMPLE t=793.9s rss=4618MB hwm=4618MB
RSS_SAMPLE t=794.1s rss=4618MB hwm=4618MB
RSS_SAMPLE t=794.4s rss=4618MB hwm=4618MB
RSS_SAMPLE t=794.6s rss=4618MB hwm=4618MB
RSS_SAMPLE t=794.9s rss=4618MB hwm=4618MB
RSS_SAMPLE t=795.1s rss=4618MB hwm=4618MB
RSS_SAMPLE t=795.4s rss=4618MB hwm=4618MB
RSS_SAMPLE t=795.6s rss=4618MB hwm=4618MB
RSS_SAMPLE t=795.9s rss=4618MB hwm=4618MB
RSS_SAMPLE t=796.1s rss=4618MB hwm=4618MB
RSS_SAMPLE t=796.4s rss=4618MB hwm=4618MB
RSS_SAMPLE t=796.6s rss=4618MB hwm=4618MB
RSS_SAMPLE t=796.9s rss=4618MB hwm=4618MB
RSS_SAMPLE t=797.1s rss=4618MB hwm=4618MB
RSS_SAMPLE t=797.4s rss=4618MB hwm=4618MB
RSS_SAMPLE t=797.6s rss=4618MB hwm=4618MB
RSS_SAMPLE t=797.9s rss=4618MB hwm=4618MB
RSS_SAMPLE t=798.1s rss=4618MB hwm=4618MB
RSS_SAMPLE t=798.4s rss=4618MB hwm=4618MB
RSS_SAMPLE t=798.6s rss=4618MB hwm=4618MB
RSS_SAMPLE t=798.9s rss=4618MB hwm=4618MB
RSS_SAMPLE t=799.1s rss=4618MB hwm=4618MB
RSS_SAMPLE t=799.4s rss=4618MB hwm=4618MB
RSS_SAMPLE t=799.6s rss=4618MB hwm=4618MB
RSS_SAMPLE t=799.9s rss=4618MB hwm=4618MB
PHASE_MARK outer=12 leave=dcd_sweep rss=4618MB
PHASE_MARK outer=12 enter=post_refresh rss=4618MB
RSS_SAMPLE t=800.1s rss=4618MB hwm=4618MB
RSS_SAMPLE t=800.4s rss=4618MB hwm=4618MB
RSS_SAMPLE t=800.6s rss=4618MB hwm=4618MB
RSS_SAMPLE t=800.9s rss=4618MB hwm=4618MB
RSS_SAMPLE t=801.1s rss=4618MB hwm=4618MB
RSS_SAMPLE t=801.4s rss=4618MB hwm=4618MB
RSS_SAMPLE t=801.6s rss=4618MB hwm=4618MB
RSS_SAMPLE t=801.9s rss=4618MB hwm=4618MB
RSS_SAMPLE t=802.1s rss=4618MB hwm=4618MB
RSS_SAMPLE t=802.4s rss=4618MB hwm=4618MB
RSS_SAMPLE t=802.6s rss=4618MB hwm=4618MB
RSS_SAMPLE t=802.9s rss=4618MB hwm=4618MB
RSS_SAMPLE t=803.1s rss=4618MB hwm=4618MB
RSS_SAMPLE t=803.4s rss=4618MB hwm=4618MB
RSS_SAMPLE t=803.6s rss=4618MB hwm=4618MB
RSS_SAMPLE t=803.9s rss=4618MB hwm=4618MB
RSS_SAMPLE t=804.1s rss=4618MB hwm=4618MB
RSS_SAMPLE t=804.4s rss=4618MB hwm=4618MB
RSS_SAMPLE t=804.7s rss=4618MB hwm=4618MB
RSS_SAMPLE t=804.9s rss=4618MB hwm=4618MB
RSS_SAMPLE t=805.2s rss=4618MB hwm=4618MB
RSS_SAMPLE t=805.4s rss=4618MB hwm=4618MB
RSS_SAMPLE t=805.7s rss=4618MB hwm=4618MB
RSS_SAMPLE t=805.9s rss=4618MB hwm=4618MB
RSS_SAMPLE t=806.2s rss=4618MB hwm=4618MB
RSS_SAMPLE t=806.4s rss=4618MB hwm=4618MB
RSS_SAMPLE t=806.7s rss=4619MB hwm=4619MB
RSS_SAMPLE t=806.9s rss=4619MB hwm=4619MB
RSS_SAMPLE t=807.2s rss=4619MB hwm=4619MB
RSS_SAMPLE t=807.4s rss=4619MB hwm=4619MB
RSS_SAMPLE t=807.7s rss=4619MB hwm=4619MB
RSS_SAMPLE t=807.9s rss=4619MB hwm=4619MB
RSS_SAMPLE t=808.2s rss=4619MB hwm=4619MB
RSS_SAMPLE t=808.4s rss=4619MB hwm=4619MB
RSS_SAMPLE t=808.7s rss=4619MB hwm=4619MB
RSS_SAMPLE t=808.9s rss=4619MB hwm=4619MB
RSS_SAMPLE t=809.2s rss=4619MB hwm=4619MB
RSS_SAMPLE t=809.4s rss=4619MB hwm=4619MB
RSS_SAMPLE t=809.7s rss=4619MB hwm=4619MB
RSS_SAMPLE t=809.9s rss=4619MB hwm=4619MB
RSS_SAMPLE t=810.2s rss=4619MB hwm=4619MB
RSS_SAMPLE t=810.4s rss=4619MB hwm=4619MB
RSS_SAMPLE t=810.7s rss=4619MB hwm=4619MB
RSS_SAMPLE t=810.9s rss=4620MB hwm=4620MB
RSS_SAMPLE t=811.2s rss=4620MB hwm=4620MB
RSS_SAMPLE t=811.4s rss=4620MB hwm=4620MB
RSS_SAMPLE t=811.7s rss=4620MB hwm=4620MB
RSS_SAMPLE t=811.9s rss=4620MB hwm=4620MB
RSS_SAMPLE t=812.2s rss=4620MB hwm=4620MB
RSS_SAMPLE t=812.4s rss=4620MB hwm=4620MB
RSS_SAMPLE t=812.7s rss=4621MB hwm=4621MB
RSS_SAMPLE t=812.9s rss=4621MB hwm=4621MB
RSS_SAMPLE t=813.2s rss=4621MB hwm=4621MB
RSS_SAMPLE t=813.4s rss=4621MB hwm=4621MB
RSS_SAMPLE t=813.7s rss=4621MB hwm=4621MB
RSS_SAMPLE t=813.9s rss=4621MB hwm=4621MB
RSS_SAMPLE t=814.2s rss=4621MB hwm=4621MB
RSS_SAMPLE t=814.4s rss=4621MB hwm=4621MB
RSS_SAMPLE t=814.7s rss=4622MB hwm=4622MB
RSS_SAMPLE t=814.9s rss=4622MB hwm=4622MB
RSS_SAMPLE t=815.2s rss=4622MB hwm=4622MB
RSS_SAMPLE t=815.4s rss=4622MB hwm=4622MB
RSS_SAMPLE t=815.7s rss=4622MB hwm=4622MB
RSS_SAMPLE t=815.9s rss=4622MB hwm=4622MB
RSS_SAMPLE t=816.2s rss=4623MB hwm=4623MB
RSS_SAMPLE t=816.4s rss=4623MB hwm=4623MB
RSS_SAMPLE t=816.7s rss=4623MB hwm=4623MB
RSS_SAMPLE t=816.9s rss=4623MB hwm=4623MB
RSS_SAMPLE t=817.2s rss=4623MB hwm=4623MB
RSS_SAMPLE t=817.4s rss=4623MB hwm=4623MB
RSS_SAMPLE t=817.7s rss=4623MB hwm=4623MB
RSS_SAMPLE t=817.9s rss=4624MB hwm=4624MB
RSS_SAMPLE t=818.2s rss=4624MB hwm=4624MB
RSS_SAMPLE t=818.4s rss=4624MB hwm=4624MB
RSS_SAMPLE t=818.7s rss=4624MB hwm=4624MB
RSS_SAMPLE t=818.9s rss=4624MB hwm=4624MB
RSS_SAMPLE t=819.2s rss=4625MB hwm=4625MB
RSS_SAMPLE t=819.4s rss=4625MB hwm=4625MB
RSS_SAMPLE t=819.7s rss=4625MB hwm=4625MB
RSS_SAMPLE t=819.9s rss=4625MB hwm=4625MB
RSS_SAMPLE t=820.2s rss=4625MB hwm=4625MB
RSS_SAMPLE t=820.4s rss=4626MB hwm=4626MB
RSS_SAMPLE t=820.7s rss=4626MB hwm=4626MB
RSS_SAMPLE t=820.9s rss=4627MB hwm=4627MB
RSS_SAMPLE t=821.2s rss=4627MB hwm=4627MB
RSS_SAMPLE t=821.4s rss=4627MB hwm=4627MB
RSS_SAMPLE t=821.7s rss=4627MB hwm=4627MB
RSS_SAMPLE t=821.9s rss=4627MB hwm=4627MB
RSS_SAMPLE t=822.2s rss=4627MB hwm=4627MB
RSS_SAMPLE t=822.4s rss=4627MB hwm=4627MB
RSS_SAMPLE t=822.7s rss=4627MB hwm=4627MB
RSS_SAMPLE t=822.9s rss=4627MB hwm=4627MB
RSS_SAMPLE t=823.2s rss=4627MB hwm=4627MB
RSS_SAMPLE t=823.4s rss=4627MB hwm=4627MB
RSS_SAMPLE t=823.7s rss=4627MB hwm=4627MB
RSS_SAMPLE t=823.9s rss=4627MB hwm=4627MB
RSS_SAMPLE t=824.2s rss=4627MB hwm=4627MB
RSS_SAMPLE t=824.4s rss=4627MB hwm=4627MB
RSS_SAMPLE t=824.7s rss=4628MB hwm=4628MB
RSS_SAMPLE t=824.9s rss=4628MB hwm=4628MB
RSS_SAMPLE t=825.2s rss=4628MB hwm=4628MB
RSS_SAMPLE t=825.4s rss=4628MB hwm=4628MB
RSS_SAMPLE t=825.7s rss=4628MB hwm=4628MB
RSS_SAMPLE t=825.9s rss=4628MB hwm=4628MB
RSS_SAMPLE t=826.2s rss=4628MB hwm=4628MB
RSS_SAMPLE t=826.4s rss=4628MB hwm=4628MB
RSS_SAMPLE t=826.7s rss=4628MB hwm=4628MB
RSS_SAMPLE t=826.9s rss=4628MB hwm=4628MB
RSS_SAMPLE t=827.2s rss=4628MB hwm=4628MB
RSS_SAMPLE t=827.4s rss=4628MB hwm=4628MB
RSS_SAMPLE t=827.7s rss=4628MB hwm=4628MB
RSS_SAMPLE t=827.9s rss=4628MB hwm=4628MB
RSS_SAMPLE t=828.2s rss=4628MB hwm=4628MB
RSS_SAMPLE t=828.4s rss=4628MB hwm=4628MB
RSS_SAMPLE t=828.7s rss=4628MB hwm=4628MB
RSS_SAMPLE t=828.9s rss=4628MB hwm=4628MB
RSS_SAMPLE t=829.2s rss=4628MB hwm=4628MB
RSS_SAMPLE t=829.4s rss=4628MB hwm=4628MB
RSS_SAMPLE t=829.7s rss=4628MB hwm=4628MB
RSS_SAMPLE t=829.9s rss=4628MB hwm=4628MB
RSS_SAMPLE t=830.2s rss=4628MB hwm=4628MB
RSS_SAMPLE t=830.4s rss=4628MB hwm=4628MB
RSS_SAMPLE t=830.7s rss=4628MB hwm=4628MB
RSS_SAMPLE t=830.9s rss=4628MB hwm=4628MB
RSS_SAMPLE t=831.2s rss=4628MB hwm=4628MB
RSS_SAMPLE t=831.4s rss=4628MB hwm=4628MB
RSS_SAMPLE t=831.7s rss=4628MB hwm=4628MB
RSS_SAMPLE t=831.9s rss=4628MB hwm=4628MB
RSS_SAMPLE t=832.2s rss=4628MB hwm=4628MB
RSS_SAMPLE t=832.4s rss=4628MB hwm=4628MB
RSS_SAMPLE t=832.7s rss=4628MB hwm=4628MB
RSS_SAMPLE t=832.9s rss=4628MB hwm=4628MB
RSS_SAMPLE t=833.2s rss=4628MB hwm=4628MB
RSS_SAMPLE t=833.4s rss=4628MB hwm=4628MB
RSS_SAMPLE t=833.7s rss=4628MB hwm=4628MB
RSS_SAMPLE t=833.9s rss=4628MB hwm=4628MB
RSS_SAMPLE t=834.2s rss=4628MB hwm=4628MB
RSS_SAMPLE t=834.4s rss=4628MB hwm=4628MB
RSS_SAMPLE t=834.7s rss=4628MB hwm=4628MB
RSS_SAMPLE t=834.9s rss=4628MB hwm=4628MB
RSS_SAMPLE t=835.2s rss=4628MB hwm=4628MB
RSS_SAMPLE t=835.4s rss=4629MB hwm=4629MB
RSS_SAMPLE t=835.7s rss=4629MB hwm=4629MB
RSS_SAMPLE t=835.9s rss=4629MB hwm=4629MB
RSS_SAMPLE t=836.2s rss=4629MB hwm=4629MB
RSS_SAMPLE t=836.4s rss=4629MB hwm=4629MB
RSS_SAMPLE t=836.7s rss=4629MB hwm=4629MB
RSS_SAMPLE t=836.9s rss=4629MB hwm=4629MB
RSS_SAMPLE t=837.2s rss=4629MB hwm=4629MB
RSS_SAMPLE t=837.4s rss=4629MB hwm=4629MB
RSS_SAMPLE t=837.7s rss=4629MB hwm=4629MB
RSS_SAMPLE t=837.9s rss=4629MB hwm=4629MB
RSS_SAMPLE t=838.2s rss=4629MB hwm=4629MB
RSS_SAMPLE t=838.4s rss=4629MB hwm=4629MB
RSS_SAMPLE t=838.7s rss=4629MB hwm=4629MB
RSS_SAMPLE t=838.9s rss=4629MB hwm=4629MB
MEM_POOL: workspaces=32 dense_usage_mb=1251 n_pipes=2562403
    post_solve_diag[outer=12]: solves=105117 cap_armed=105117 (100.0%) settle_avg=5675 above_sink_avg=131 (2.3%) settle_max=69353
    settle_hist[outer=12]: <100: 33519nets/0.1%work  <1k: 17842nets/1.2%work  <5k: 23882nets/10.7%work  <20k: 20114nets/35.5%work  <60k: 9534nets/50.1%work  >=60k: 226nets/2.5%work
    fanout_hist[outer=12]: fan1: 43710nets/13.2%work  fan2-4: 48279nets/50.2%work  fan5-16: 12974nets/35.6%work  fan17-64: 154nets/1.0%work  fan65-256: 0nets/0.0%work  fan>256: 0nets/0.0%work
    rss_probe[outer=12]: pre_post_solve=4618MB post_post_solve=4629MB after_apply=4629MB
    E_decomp: base=4787492.5 eff=603743725614115.2 cong=603743720826622.8 cong_share=100.0% sat_pipes=83168 max_util=943.00  R_buckets: 1-2x=78665 2-10x=57699 10-100x=2067198 >=100x=358841
    E_potential: beckmann=98879966925213.0 history_total=0.0
    SpanCache: epoch=13 entries=2221 lookups=2562403 hits=2560182 misses=2221 hit_rate=99.9%
  DCD  12: nets=105117 line=12376176 energy=6687864276.871 dE=+5433983572.627 friction=13718201.6 bins=2.0x(193) excess=64.6 moved=67907 disp=4.724 solves=105117 skip=105117 pops=596544089 theta=1.658 refresh=39022ms dcd=6829ms total=48603ms
    cache_stats: entries=56236580 capacity=112451627 est_mb=970 rss_mb=4629
RSS_SAMPLE t=839.2s rss=4629MB hwm=4629MB
RSS_SAMPLE t=839.4s rss=4629MB hwm=4629MB
RSS_SAMPLE t=839.7s rss=4629MB hwm=4629MB
RSS_SAMPLE t=839.9s rss=4629MB hwm=4629MB
RSS_SAMPLE t=840.2s rss=4629MB hwm=4629MB
RSS_SAMPLE t=840.4s rss=4629MB hwm=4629MB
RSS_SAMPLE t=840.7s rss=4629MB hwm=4629MB
RSS_SAMPLE t=840.9s rss=4629MB hwm=4629MB
RSS_SAMPLE t=841.2s rss=4629MB hwm=4629MB
RSS_SAMPLE t=841.4s rss=4629MB hwm=4629MB
RSS_SAMPLE t=841.7s rss=4629MB hwm=4629MB
RSS_SAMPLE t=841.9s rss=4629MB hwm=4629MB
    SwitchMatrix: type_usage_pairs=1128 lookups=3023 hits=1895 dijkstra_calls=1128 avg_us=9.9 total_ms=11.2
PHASE_MARK outer=13 enter=pre_solve rss=4629MB
    rss_probe[outer=13]: pre_refresh_rss=4629MB post_pre_solve_rss=4629MB cache_entries=56236580 cache_cap=112451627 cache_est_mb=970
    pre_solve_diag[outer=13]: solves=0 fallback=0 (0.0%) cap_armed=0 (0.0%) settle_avg=0 settle_max=0 init_count=227
    Overflow: over=80720 (3.2% of used) avg_excess=9.70 max_excess=2487.01 (nc=2511.01 cap=24 span=1)  excess_buckets: <=1=11665 1-5=39903 5-20=21315 >20=7837  by_cap: cap1=1818 cap2=69137 cap3-5=2147 cap>5=7618  by_span: s1=665 s2-3=4985 s4-6=2430 s7-12=68959 s>12=3681  le1_cross: cap1=548 cap2-5=10713 cap>5=404
    Congestion: pipes=2562403 used=2562403 congested(>50%)=97782 saturated(>90%)=83168 max_util=943.00 avg_util=0.1480
PHASE_MARK outer=13 enter=dcd_sweep rss=4629MB
RSS_SAMPLE t=842.2s rss=4629MB hwm=4629MB
RSS_SAMPLE t=842.4s rss=4629MB hwm=4629MB
RSS_SAMPLE t=842.7s rss=4629MB hwm=4629MB
RSS_SAMPLE t=842.9s rss=4629MB hwm=4629MB
RSS_SAMPLE t=843.2s rss=4629MB hwm=4629MB
RSS_SAMPLE t=843.4s rss=4629MB hwm=4629MB
RSS_SAMPLE t=843.7s rss=4629MB hwm=4629MB
RSS_SAMPLE t=843.9s rss=4629MB hwm=4629MB
RSS_SAMPLE t=844.2s rss=4629MB hwm=4629MB
RSS_SAMPLE t=844.4s rss=4629MB hwm=4629MB
RSS_SAMPLE t=844.7s rss=4629MB hwm=4629MB
RSS_SAMPLE t=844.9s rss=4629MB hwm=4629MB
RSS_SAMPLE t=845.2s rss=4629MB hwm=4629MB
RSS_SAMPLE t=845.4s rss=4629MB hwm=4629MB
RSS_SAMPLE t=845.7s rss=4629MB hwm=4629MB
RSS_SAMPLE t=845.9s rss=4629MB hwm=4629MB
RSS_SAMPLE t=846.2s rss=4629MB hwm=4629MB
RSS_SAMPLE t=846.4s rss=4629MB hwm=4629MB
RSS_SAMPLE t=846.7s rss=4629MB hwm=4629MB
RSS_SAMPLE t=846.9s rss=4629MB hwm=4629MB
RSS_SAMPLE t=847.2s rss=4629MB hwm=4629MB
RSS_SAMPLE t=847.4s rss=4629MB hwm=4629MB
RSS_SAMPLE t=847.7s rss=4629MB hwm=4629MB
RSS_SAMPLE t=847.9s rss=4629MB hwm=4629MB
RSS_SAMPLE t=848.2s rss=4629MB hwm=4629MB
RSS_SAMPLE t=848.4s rss=4629MB hwm=4629MB
RSS_SAMPLE t=848.7s rss=4629MB hwm=4629MB
PHASE_MARK outer=13 leave=dcd_sweep rss=4629MB
PHASE_MARK outer=13 enter=post_refresh rss=4629MB
RSS_SAMPLE t=848.9s rss=4631MB hwm=4631MB
RSS_SAMPLE t=849.2s rss=4631MB hwm=4631MB
RSS_SAMPLE t=849.4s rss=4631MB hwm=4631MB
RSS_SAMPLE t=849.7s rss=4631MB hwm=4631MB
RSS_SAMPLE t=849.9s rss=4631MB hwm=4631MB
RSS_SAMPLE t=850.2s rss=4631MB hwm=4631MB
RSS_SAMPLE t=850.4s rss=4631MB hwm=4631MB
RSS_SAMPLE t=850.7s rss=4631MB hwm=4631MB
RSS_SAMPLE t=850.9s rss=4631MB hwm=4631MB
RSS_SAMPLE t=851.2s rss=4631MB hwm=4631MB
RSS_SAMPLE t=851.4s rss=4631MB hwm=4631MB
RSS_SAMPLE t=851.7s rss=4631MB hwm=4631MB
RSS_SAMPLE t=851.9s rss=4631MB hwm=4631MB
RSS_SAMPLE t=852.2s rss=4631MB hwm=4631MB
RSS_SAMPLE t=852.4s rss=4631MB hwm=4631MB
RSS_SAMPLE t=852.7s rss=4631MB hwm=4631MB
RSS_SAMPLE t=852.9s rss=4631MB hwm=4631MB
RSS_SAMPLE t=853.2s rss=4631MB hwm=4631MB
RSS_SAMPLE t=853.4s rss=4632MB hwm=4632MB
RSS_SAMPLE t=853.7s rss=4632MB hwm=4632MB
RSS_SAMPLE t=853.9s rss=4632MB hwm=4632MB
RSS_SAMPLE t=854.2s rss=4632MB hwm=4632MB
RSS_SAMPLE t=854.4s rss=4632MB hwm=4632MB
RSS_SAMPLE t=854.7s rss=4632MB hwm=4632MB
RSS_SAMPLE t=854.9s rss=4632MB hwm=4632MB
RSS_SAMPLE t=855.2s rss=4632MB hwm=4632MB
RSS_SAMPLE t=855.4s rss=4632MB hwm=4632MB
RSS_SAMPLE t=855.7s rss=4632MB hwm=4632MB
RSS_SAMPLE t=855.9s rss=4632MB hwm=4632MB
RSS_SAMPLE t=856.2s rss=4632MB hwm=4632MB
RSS_SAMPLE t=856.4s rss=4632MB hwm=4632MB
RSS_SAMPLE t=856.7s rss=4632MB hwm=4632MB
RSS_SAMPLE t=856.9s rss=4632MB hwm=4632MB
RSS_SAMPLE t=857.2s rss=4632MB hwm=4632MB
RSS_SAMPLE t=857.4s rss=4632MB hwm=4632MB
RSS_SAMPLE t=857.7s rss=4632MB hwm=4632MB
RSS_SAMPLE t=857.9s rss=4632MB hwm=4632MB
RSS_SAMPLE t=858.2s rss=4632MB hwm=4632MB
RSS_SAMPLE t=858.4s rss=4632MB hwm=4632MB
RSS_SAMPLE t=858.7s rss=4632MB hwm=4632MB
RSS_SAMPLE t=858.9s rss=4632MB hwm=4632MB
RSS_SAMPLE t=859.2s rss=4632MB hwm=4632MB
RSS_SAMPLE t=859.5s rss=4632MB hwm=4632MB
RSS_SAMPLE t=859.7s rss=4632MB hwm=4632MB
RSS_SAMPLE t=860.0s rss=4632MB hwm=4632MB
RSS_SAMPLE t=860.2s rss=4632MB hwm=4632MB
RSS_SAMPLE t=860.5s rss=4632MB hwm=4632MB
RSS_SAMPLE t=860.7s rss=4632MB hwm=4632MB
RSS_SAMPLE t=861.0s rss=4632MB hwm=4632MB
RSS_SAMPLE t=861.2s rss=4632MB hwm=4632MB
RSS_SAMPLE t=861.5s rss=4632MB hwm=4632MB
RSS_SAMPLE t=861.7s rss=4632MB hwm=4632MB
RSS_SAMPLE t=862.0s rss=4632MB hwm=4632MB
RSS_SAMPLE t=862.2s rss=4632MB hwm=4632MB
RSS_SAMPLE t=862.5s rss=4632MB hwm=4632MB
RSS_SAMPLE t=862.7s rss=4632MB hwm=4632MB
RSS_SAMPLE t=863.0s rss=4632MB hwm=4632MB
RSS_SAMPLE t=863.2s rss=4632MB hwm=4632MB
RSS_SAMPLE t=863.5s rss=4632MB hwm=4632MB
RSS_SAMPLE t=863.7s rss=4632MB hwm=4632MB
RSS_SAMPLE t=864.0s rss=4632MB hwm=4632MB
RSS_SAMPLE t=864.2s rss=4633MB hwm=4633MB
RSS_SAMPLE t=864.5s rss=4633MB hwm=4633MB
RSS_SAMPLE t=864.7s rss=4633MB hwm=4633MB
RSS_SAMPLE t=865.0s rss=4633MB hwm=4633MB
RSS_SAMPLE t=865.2s rss=4633MB hwm=4633MB
RSS_SAMPLE t=865.5s rss=4633MB hwm=4633MB
RSS_SAMPLE t=865.7s rss=4633MB hwm=4633MB
RSS_SAMPLE t=866.0s rss=4633MB hwm=4633MB
RSS_SAMPLE t=866.2s rss=4633MB hwm=4633MB
RSS_SAMPLE t=866.5s rss=4633MB hwm=4633MB
RSS_SAMPLE t=866.7s rss=4633MB hwm=4633MB
RSS_SAMPLE t=867.0s rss=4633MB hwm=4633MB
RSS_SAMPLE t=867.2s rss=4633MB hwm=4633MB
RSS_SAMPLE t=867.5s rss=4633MB hwm=4633MB
RSS_SAMPLE t=867.7s rss=4634MB hwm=4634MB
RSS_SAMPLE t=868.0s rss=4634MB hwm=4634MB
RSS_SAMPLE t=868.2s rss=4634MB hwm=4634MB
RSS_SAMPLE t=868.5s rss=4634MB hwm=4634MB
RSS_SAMPLE t=868.7s rss=4634MB hwm=4634MB
RSS_SAMPLE t=869.0s rss=4634MB hwm=4634MB
RSS_SAMPLE t=869.2s rss=4634MB hwm=4634MB
RSS_SAMPLE t=869.5s rss=4634MB hwm=4634MB
RSS_SAMPLE t=869.7s rss=4634MB hwm=4634MB
RSS_SAMPLE t=870.0s rss=4634MB hwm=4634MB
RSS_SAMPLE t=870.2s rss=4634MB hwm=4634MB
RSS_SAMPLE t=870.5s rss=4634MB hwm=4634MB
RSS_SAMPLE t=870.7s rss=4634MB hwm=4634MB
RSS_SAMPLE t=871.0s rss=4634MB hwm=4634MB
RSS_SAMPLE t=871.2s rss=4634MB hwm=4634MB
RSS_SAMPLE t=871.5s rss=4634MB hwm=4634MB
RSS_SAMPLE t=871.7s rss=4634MB hwm=4634MB
RSS_SAMPLE t=872.0s rss=4634MB hwm=4634MB
RSS_SAMPLE t=872.2s rss=4635MB hwm=4635MB
RSS_SAMPLE t=872.5s rss=4635MB hwm=4635MB
RSS_SAMPLE t=872.7s rss=4635MB hwm=4635MB
RSS_SAMPLE t=873.0s rss=4635MB hwm=4635MB
RSS_SAMPLE t=873.2s rss=4635MB hwm=4635MB
RSS_SAMPLE t=873.5s rss=4635MB hwm=4635MB
RSS_SAMPLE t=873.7s rss=4635MB hwm=4635MB
RSS_SAMPLE t=874.0s rss=4635MB hwm=4635MB
RSS_SAMPLE t=874.2s rss=4635MB hwm=4635MB
RSS_SAMPLE t=874.5s rss=4635MB hwm=4635MB
RSS_SAMPLE t=874.7s rss=4635MB hwm=4635MB
RSS_SAMPLE t=875.0s rss=4635MB hwm=4635MB
RSS_SAMPLE t=875.2s rss=4635MB hwm=4635MB
RSS_SAMPLE t=875.5s rss=4635MB hwm=4635MB
RSS_SAMPLE t=875.7s rss=4635MB hwm=4635MB
RSS_SAMPLE t=876.0s rss=4635MB hwm=4635MB
RSS_SAMPLE t=876.2s rss=4635MB hwm=4635MB
RSS_SAMPLE t=876.5s rss=4635MB hwm=4635MB
RSS_SAMPLE t=876.7s rss=4636MB hwm=4636MB
RSS_SAMPLE t=877.0s rss=4636MB hwm=4636MB
RSS_SAMPLE t=877.2s rss=4636MB hwm=4636MB
RSS_SAMPLE t=877.5s rss=4636MB hwm=4636MB
RSS_SAMPLE t=877.7s rss=4636MB hwm=4636MB
RSS_SAMPLE t=878.0s rss=4636MB hwm=4636MB
RSS_SAMPLE t=878.2s rss=4636MB hwm=4636MB
RSS_SAMPLE t=878.5s rss=4636MB hwm=4636MB
RSS_SAMPLE t=878.7s rss=4636MB hwm=4636MB
RSS_SAMPLE t=879.0s rss=4636MB hwm=4636MB
RSS_SAMPLE t=879.2s rss=4636MB hwm=4636MB
RSS_SAMPLE t=879.5s rss=4636MB hwm=4636MB
RSS_SAMPLE t=879.7s rss=4636MB hwm=4636MB
RSS_SAMPLE t=880.0s rss=4636MB hwm=4636MB
RSS_SAMPLE t=880.2s rss=4636MB hwm=4636MB
RSS_SAMPLE t=880.5s rss=4636MB hwm=4636MB
RSS_SAMPLE t=880.7s rss=4636MB hwm=4636MB
RSS_SAMPLE t=881.0s rss=4636MB hwm=4636MB
RSS_SAMPLE t=881.2s rss=4636MB hwm=4636MB
RSS_SAMPLE t=881.5s rss=4636MB hwm=4636MB
RSS_SAMPLE t=881.7s rss=4636MB hwm=4636MB
RSS_SAMPLE t=882.0s rss=4636MB hwm=4636MB
RSS_SAMPLE t=882.2s rss=4636MB hwm=4636MB
RSS_SAMPLE t=882.5s rss=4636MB hwm=4636MB
RSS_SAMPLE t=882.7s rss=4636MB hwm=4636MB
RSS_SAMPLE t=883.0s rss=4636MB hwm=4636MB
RSS_SAMPLE t=883.2s rss=4637MB hwm=4637MB
RSS_SAMPLE t=883.5s rss=4637MB hwm=4637MB
RSS_SAMPLE t=883.7s rss=4637MB hwm=4637MB
RSS_SAMPLE t=884.0s rss=4637MB hwm=4637MB
RSS_SAMPLE t=884.2s rss=4637MB hwm=4637MB
RSS_SAMPLE t=884.5s rss=4637MB hwm=4637MB
RSS_SAMPLE t=884.7s rss=4637MB hwm=4637MB
RSS_SAMPLE t=885.0s rss=4637MB hwm=4637MB
RSS_SAMPLE t=885.2s rss=4637MB hwm=4637MB
RSS_SAMPLE t=885.5s rss=4637MB hwm=4637MB
RSS_SAMPLE t=885.7s rss=4637MB hwm=4637MB
RSS_SAMPLE t=886.0s rss=4637MB hwm=4637MB
RSS_SAMPLE t=886.2s rss=4637MB hwm=4637MB
RSS_SAMPLE t=886.5s rss=4637MB hwm=4637MB
RSS_SAMPLE t=886.7s rss=4637MB hwm=4637MB
RSS_SAMPLE t=887.0s rss=4637MB hwm=4637MB
RSS_SAMPLE t=887.2s rss=4637MB hwm=4637MB
RSS_SAMPLE t=887.5s rss=4637MB hwm=4637MB
RSS_SAMPLE t=887.7s rss=4637MB hwm=4637MB
RSS_SAMPLE t=888.0s rss=4637MB hwm=4637MB
RSS_SAMPLE t=888.2s rss=4637MB hwm=4637MB
RSS_SAMPLE t=888.5s rss=4637MB hwm=4637MB
RSS_SAMPLE t=888.7s rss=4637MB hwm=4637MB
RSS_SAMPLE t=889.0s rss=4637MB hwm=4637MB
RSS_SAMPLE t=889.2s rss=4637MB hwm=4637MB
RSS_SAMPLE t=889.5s rss=4637MB hwm=4637MB
RSS_SAMPLE t=889.7s rss=4637MB hwm=4637MB
RSS_SAMPLE t=890.0s rss=4637MB hwm=4637MB
RSS_SAMPLE t=890.2s rss=4637MB hwm=4637MB
RSS_SAMPLE t=890.5s rss=4637MB hwm=4637MB
RSS_SAMPLE t=890.7s rss=4637MB hwm=4637MB
RSS_SAMPLE t=891.0s rss=4637MB hwm=4637MB
RSS_SAMPLE t=891.2s rss=4637MB hwm=4637MB
RSS_SAMPLE t=891.5s rss=4637MB hwm=4637MB
RSS_SAMPLE t=891.7s rss=4637MB hwm=4637MB
RSS_SAMPLE t=892.0s rss=4637MB hwm=4637MB
RSS_SAMPLE t=892.2s rss=4637MB hwm=4637MB
RSS_SAMPLE t=892.5s rss=4637MB hwm=4637MB
RSS_SAMPLE t=892.7s rss=4637MB hwm=4637MB
RSS_SAMPLE t=893.0s rss=4637MB hwm=4637MB
RSS_SAMPLE t=893.2s rss=4637MB hwm=4637MB
RSS_SAMPLE t=893.5s rss=4637MB hwm=4637MB
RSS_SAMPLE t=893.7s rss=4637MB hwm=4637MB
RSS_SAMPLE t=894.0s rss=4637MB hwm=4637MB
RSS_SAMPLE t=894.2s rss=4637MB hwm=4637MB
RSS_SAMPLE t=894.5s rss=4637MB hwm=4637MB
RSS_SAMPLE t=894.7s rss=4637MB hwm=4637MB
RSS_SAMPLE t=895.0s rss=4637MB hwm=4637MB
RSS_SAMPLE t=895.2s rss=4637MB hwm=4637MB
RSS_SAMPLE t=895.5s rss=4637MB hwm=4637MB
RSS_SAMPLE t=895.7s rss=4637MB hwm=4637MB
RSS_SAMPLE t=896.0s rss=4637MB hwm=4637MB
RSS_SAMPLE t=896.2s rss=4637MB hwm=4637MB
RSS_SAMPLE t=896.5s rss=4637MB hwm=4637MB
RSS_SAMPLE t=896.7s rss=4637MB hwm=4637MB
RSS_SAMPLE t=897.0s rss=4637MB hwm=4637MB
RSS_SAMPLE t=897.2s rss=4637MB hwm=4637MB
RSS_SAMPLE t=897.5s rss=4637MB hwm=4637MB
RSS_SAMPLE t=897.7s rss=4637MB hwm=4637MB
RSS_SAMPLE t=898.0s rss=4637MB hwm=4637MB
RSS_SAMPLE t=898.2s rss=4637MB hwm=4637MB
RSS_SAMPLE t=898.5s rss=4637MB hwm=4637MB
RSS_SAMPLE t=898.7s rss=4637MB hwm=4637MB
RSS_SAMPLE t=899.0s rss=4637MB hwm=4637MB
RSS_SAMPLE t=899.2s rss=4637MB hwm=4637MB
RSS_SAMPLE t=899.5s rss=4637MB hwm=4637MB
RSS_SAMPLE t=899.7s rss=4637MB hwm=4637MB
RSS_SAMPLE t=900.0s rss=4637MB hwm=4637MB
RSS_SAMPLE t=900.2s rss=4637MB hwm=4637MB
RSS_SAMPLE t=900.5s rss=4637MB hwm=4637MB
RSS_SAMPLE t=900.7s rss=4637MB hwm=4637MB
RSS_SAMPLE t=901.0s rss=4637MB hwm=4637MB
RSS_SAMPLE t=901.2s rss=4637MB hwm=4637MB
RSS_SAMPLE t=901.5s rss=4637MB hwm=4637MB
RSS_SAMPLE t=901.7s rss=4637MB hwm=4637MB
RSS_SAMPLE t=902.0s rss=4637MB hwm=4637MB
RSS_SAMPLE t=902.2s rss=4637MB hwm=4637MB
RSS_SAMPLE t=902.5s rss=4637MB hwm=4637MB
RSS_SAMPLE t=902.7s rss=4637MB hwm=4637MB
RSS_SAMPLE t=903.0s rss=4637MB hwm=4637MB
RSS_SAMPLE t=903.2s rss=4637MB hwm=4637MB
RSS_SAMPLE t=903.5s rss=4637MB hwm=4637MB
RSS_SAMPLE t=903.7s rss=4637MB hwm=4637MB
RSS_SAMPLE t=904.0s rss=4637MB hwm=4637MB
RSS_SAMPLE t=904.2s rss=4637MB hwm=4637MB
RSS_SAMPLE t=904.5s rss=4637MB hwm=4637MB
RSS_SAMPLE t=904.7s rss=4637MB hwm=4637MB
RSS_SAMPLE t=905.0s rss=4637MB hwm=4637MB
RSS_SAMPLE t=905.2s rss=4637MB hwm=4637MB
RSS_SAMPLE t=905.5s rss=4637MB hwm=4637MB
RSS_SAMPLE t=905.7s rss=4637MB hwm=4637MB
RSS_SAMPLE t=906.0s rss=4637MB hwm=4637MB
RSS_SAMPLE t=906.2s rss=4637MB hwm=4637MB
RSS_SAMPLE t=906.5s rss=4637MB hwm=4637MB
RSS_SAMPLE t=906.7s rss=4637MB hwm=4637MB
RSS_SAMPLE t=907.0s rss=4637MB hwm=4637MB
RSS_SAMPLE t=907.2s rss=4637MB hwm=4637MB
RSS_SAMPLE t=907.5s rss=4637MB hwm=4637MB
RSS_SAMPLE t=907.7s rss=4637MB hwm=4637MB
RSS_SAMPLE t=908.0s rss=4637MB hwm=4637MB
RSS_SAMPLE t=908.2s rss=4637MB hwm=4637MB
RSS_SAMPLE t=908.5s rss=4637MB hwm=4637MB
RSS_SAMPLE t=908.7s rss=4637MB hwm=4637MB
RSS_SAMPLE t=909.0s rss=4637MB hwm=4637MB
RSS_SAMPLE t=909.2s rss=4637MB hwm=4637MB
RSS_SAMPLE t=909.5s rss=4637MB hwm=4637MB
RSS_SAMPLE t=909.7s rss=4637MB hwm=4637MB
RSS_SAMPLE t=910.0s rss=4637MB hwm=4637MB
RSS_SAMPLE t=910.2s rss=4637MB hwm=4637MB
RSS_SAMPLE t=910.5s rss=4637MB hwm=4637MB
RSS_SAMPLE t=910.7s rss=4637MB hwm=4637MB
RSS_SAMPLE t=911.0s rss=4637MB hwm=4637MB
RSS_SAMPLE t=911.2s rss=4637MB hwm=4637MB
RSS_SAMPLE t=911.5s rss=4637MB hwm=4637MB
RSS_SAMPLE t=911.7s rss=4637MB hwm=4637MB
RSS_SAMPLE t=912.0s rss=4637MB hwm=4637MB
RSS_SAMPLE t=912.2s rss=4637MB hwm=4637MB
RSS_SAMPLE t=912.5s rss=4637MB hwm=4637MB
RSS_SAMPLE t=912.7s rss=4637MB hwm=4637MB
RSS_SAMPLE t=913.0s rss=4637MB hwm=4637MB
RSS_SAMPLE t=913.2s rss=4637MB hwm=4637MB
RSS_SAMPLE t=913.5s rss=4637MB hwm=4637MB
RSS_SAMPLE t=913.7s rss=4637MB hwm=4637MB
RSS_SAMPLE t=914.0s rss=4637MB hwm=4637MB
RSS_SAMPLE t=914.2s rss=4637MB hwm=4637MB
RSS_SAMPLE t=914.5s rss=4637MB hwm=4637MB
RSS_SAMPLE t=914.7s rss=4637MB hwm=4637MB
RSS_SAMPLE t=915.0s rss=4637MB hwm=4637MB
RSS_SAMPLE t=915.2s rss=4637MB hwm=4637MB
RSS_SAMPLE t=915.5s rss=4637MB hwm=4637MB
RSS_SAMPLE t=915.7s rss=4637MB hwm=4637MB
RSS_SAMPLE t=916.0s rss=4637MB hwm=4637MB
RSS_SAMPLE t=916.2s rss=4637MB hwm=4637MB
RSS_SAMPLE t=916.5s rss=4637MB hwm=4637MB
RSS_SAMPLE t=916.7s rss=4637MB hwm=4637MB
RSS_SAMPLE t=917.0s rss=4637MB hwm=4637MB
RSS_SAMPLE t=917.2s rss=4637MB hwm=4637MB
RSS_SAMPLE t=917.5s rss=4637MB hwm=4637MB
RSS_SAMPLE t=917.7s rss=4637MB hwm=4637MB
RSS_SAMPLE t=918.0s rss=4637MB hwm=4637MB
RSS_SAMPLE t=918.2s rss=4637MB hwm=4637MB
RSS_SAMPLE t=918.5s rss=4637MB hwm=4637MB
RSS_SAMPLE t=918.7s rss=4637MB hwm=4637MB
RSS_SAMPLE t=919.0s rss=4637MB hwm=4637MB
RSS_SAMPLE t=919.2s rss=4637MB hwm=4637MB
RSS_SAMPLE t=919.5s rss=4637MB hwm=4637MB
RSS_SAMPLE t=919.7s rss=4637MB hwm=4637MB
RSS_SAMPLE t=920.0s rss=4637MB hwm=4637MB
RSS_SAMPLE t=920.2s rss=4637MB hwm=4637MB
RSS_SAMPLE t=920.5s rss=4637MB hwm=4637MB
RSS_SAMPLE t=920.8s rss=4637MB hwm=4637MB
MEM_POOL: workspaces=32 dense_usage_mb=1251 n_pipes=2562403
    post_solve_diag[outer=13]: solves=105117 cap_armed=105117 (100.0%) settle_avg=5475 above_sink_avg=125 (2.3%) settle_max=69353
    settle_hist[outer=13]: <100: 33729nets/0.1%work  <1k: 17677nets/1.2%work  <5k: 24491nets/11.4%work  <20k: 20096nets/36.6%work  <60k: 8915nets/48.4%work  >=60k: 209nets/2.4%work
    fanout_hist[outer=13]: fan1: 43710nets/13.2%work  fan2-4: 48279nets/50.2%work  fan5-16: 12974nets/35.7%work  fan17-64: 154nets/1.0%work  fan65-256: 0nets/0.0%work  fan>256: 0nets/0.0%work
    rss_probe[outer=13]: pre_post_solve=4631MB post_post_solve=4637MB after_apply=4637MB
    E_decomp: base=4704507.6 eff=249676223186913.2 cong=249676218482405.6 cong_share=100.0% sat_pipes=77559 max_util=942.08  R_buckets: 1-2x=99440 2-10x=16996 10-100x=2393324 >=100x=52643
    E_potential: beckmann=19115861992724.4 history_total=0.0
    SpanCache: epoch=14 entries=3023 lookups=2562403 hits=2559380 misses=3023 hit_rate=99.9%
  DCD  13: nets=105117 line=12083260 energy=13090308657.080 dE=+6402444380.208 friction=7209535.4 bins=2.0x(247) excess=91.9 moved=67883 disp=4.889 solves=105117 skip=105117 pops=575498687 theta=1.941 refresh=72127ms dcd=6816ms total=81792ms
    cache_stats: entries=55478194 capacity=110953544 est_mb=957 rss_mb=4638
RSS_SAMPLE t=921.0s rss=4638MB hwm=4638MB
RSS_SAMPLE t=921.3s rss=4638MB hwm=4638MB
RSS_SAMPLE t=921.5s rss=4638MB hwm=4638MB
RSS_SAMPLE t=921.8s rss=4638MB hwm=4638MB
RSS_SAMPLE t=922.0s rss=4638MB hwm=4638MB
RSS_SAMPLE t=922.3s rss=4638MB hwm=4638MB
RSS_SAMPLE t=922.5s rss=4638MB hwm=4638MB
RSS_SAMPLE t=922.8s rss=4638MB hwm=4638MB
RSS_SAMPLE t=923.0s rss=4638MB hwm=4638MB
RSS_SAMPLE t=923.3s rss=4638MB hwm=4638MB
RSS_SAMPLE t=923.5s rss=4638MB hwm=4638MB
    SwitchMatrix: type_usage_pairs=952 lookups=2303 hits=1351 dijkstra_calls=952 avg_us=10.6 total_ms=10.1
PHASE_MARK outer=14 enter=pre_solve rss=4638MB
    rss_probe[outer=14]: pre_refresh_rss=4638MB post_pre_solve_rss=4638MB cache_entries=55478194 cache_cap=110953544 cache_est_mb=957
    pre_solve_diag[outer=14]: solves=0 fallback=0 (0.0%) cap_armed=0 (0.0%) settle_avg=0 settle_max=0 init_count=248
    Overflow: over=75085 (2.9% of used) avg_excess=9.31 max_excess=3073.41 (nc=3097.41 cap=24 span=1)  excess_buckets: <=1=7825 1-5=36971 5-20=23006 >20=7283  by_cap: cap1=1441 cap2=66937 cap3-5=704 cap>5=6003  by_span: s1=559 s2-3=4516 s4-6=1935 s7-12=65749 s>12=2326  le1_cross: cap1=655 cap2-5=6884 cap>5=286
    Congestion: pipes=2562403 used=2562403 congested(>50%)=94135 saturated(>90%)=77559 max_util=942.08 avg_util=0.1455
PHASE_MARK outer=14 enter=dcd_sweep rss=4638MB
RSS_SAMPLE t=923.8s rss=4638MB hwm=4638MB
RSS_SAMPLE t=924.0s rss=4638MB hwm=4638MB
RSS_SAMPLE t=924.3s rss=4638MB hwm=4638MB
RSS_SAMPLE t=924.5s rss=4638MB hwm=4638MB
RSS_SAMPLE t=924.8s rss=4638MB hwm=4638MB
RSS_SAMPLE t=925.0s rss=4638MB hwm=4638MB
RSS_SAMPLE t=925.3s rss=4638MB hwm=4638MB
RSS_SAMPLE t=925.5s rss=4638MB hwm=4638MB
RSS_SAMPLE t=925.8s rss=4638MB hwm=4638MB
RSS_SAMPLE t=926.0s rss=4638MB hwm=4638MB
RSS_SAMPLE t=926.3s rss=4638MB hwm=4638MB
RSS_SAMPLE t=926.5s rss=4638MB hwm=4638MB
RSS_SAMPLE t=926.8s rss=4638MB hwm=4638MB
RSS_SAMPLE t=927.0s rss=4638MB hwm=4638MB
RSS_SAMPLE t=927.3s rss=4638MB hwm=4638MB
RSS_SAMPLE t=927.5s rss=4638MB hwm=4638MB
RSS_SAMPLE t=927.8s rss=4638MB hwm=4638MB
RSS_SAMPLE t=928.0s rss=4638MB hwm=4638MB
RSS_SAMPLE t=928.3s rss=4638MB hwm=4638MB
RSS_SAMPLE t=928.5s rss=4638MB hwm=4638MB
RSS_SAMPLE t=928.8s rss=4638MB hwm=4638MB
RSS_SAMPLE t=929.0s rss=4638MB hwm=4638MB
RSS_SAMPLE t=929.3s rss=4638MB hwm=4638MB
RSS_SAMPLE t=929.5s rss=4638MB hwm=4638MB
RSS_SAMPLE t=929.8s rss=4638MB hwm=4638MB
RSS_SAMPLE t=930.0s rss=4638MB hwm=4638MB
RSS_SAMPLE t=930.3s rss=4638MB hwm=4638MB
PHASE_MARK outer=14 leave=dcd_sweep rss=4638MB
PHASE_MARK outer=14 enter=post_refresh rss=4638MB
RSS_SAMPLE t=930.5s rss=4638MB hwm=4638MB
RSS_SAMPLE t=930.8s rss=4638MB hwm=4638MB
RSS_SAMPLE t=931.0s rss=4638MB hwm=4638MB
RSS_SAMPLE t=931.3s rss=4638MB hwm=4638MB
RSS_SAMPLE t=931.5s rss=4638MB hwm=4638MB
RSS_SAMPLE t=931.8s rss=4638MB hwm=4638MB
RSS_SAMPLE t=932.0s rss=4638MB hwm=4638MB
RSS_SAMPLE t=932.3s rss=4638MB hwm=4638MB
RSS_SAMPLE t=932.5s rss=4638MB hwm=4638MB
RSS_SAMPLE t=932.8s rss=4638MB hwm=4638MB
RSS_SAMPLE t=933.0s rss=4638MB hwm=4638MB
RSS_SAMPLE t=933.3s rss=4638MB hwm=4638MB
RSS_SAMPLE t=933.5s rss=4638MB hwm=4638MB
RSS_SAMPLE t=933.8s rss=4638MB hwm=4638MB
RSS_SAMPLE t=934.0s rss=4638MB hwm=4638MB
RSS_SAMPLE t=934.3s rss=4638MB hwm=4638MB
RSS_SAMPLE t=934.5s rss=4638MB hwm=4638MB
RSS_SAMPLE t=934.8s rss=4638MB hwm=4638MB
RSS_SAMPLE t=935.0s rss=4638MB hwm=4638MB
RSS_SAMPLE t=935.3s rss=4638MB hwm=4638MB
RSS_SAMPLE t=935.5s rss=4638MB hwm=4638MB
RSS_SAMPLE t=935.8s rss=4639MB hwm=4639MB
RSS_SAMPLE t=936.0s rss=4639MB hwm=4639MB
RSS_SAMPLE t=936.3s rss=4639MB hwm=4639MB
RSS_SAMPLE t=936.5s rss=4639MB hwm=4639MB
RSS_SAMPLE t=936.8s rss=4639MB hwm=4639MB
RSS_SAMPLE t=937.0s rss=4639MB hwm=4639MB
RSS_SAMPLE t=937.3s rss=4639MB hwm=4639MB
RSS_SAMPLE t=937.5s rss=4639MB hwm=4639MB
RSS_SAMPLE t=937.8s rss=4639MB hwm=4639MB
RSS_SAMPLE t=938.0s rss=4639MB hwm=4639MB
RSS_SAMPLE t=938.3s rss=4639MB hwm=4639MB
RSS_SAMPLE t=938.5s rss=4639MB hwm=4639MB
RSS_SAMPLE t=938.8s rss=4639MB hwm=4639MB
RSS_SAMPLE t=939.0s rss=4639MB hwm=4639MB
RSS_SAMPLE t=939.3s rss=4639MB hwm=4639MB
RSS_SAMPLE t=939.5s rss=4639MB hwm=4639MB
RSS_SAMPLE t=939.8s rss=4639MB hwm=4639MB
RSS_SAMPLE t=940.0s rss=4639MB hwm=4639MB
RSS_SAMPLE t=940.3s rss=4639MB hwm=4639MB
RSS_SAMPLE t=940.5s rss=4639MB hwm=4639MB
RSS_SAMPLE t=940.8s rss=4639MB hwm=4639MB
RSS_SAMPLE t=941.0s rss=4639MB hwm=4639MB
RSS_SAMPLE t=941.3s rss=4640MB hwm=4640MB
RSS_SAMPLE t=941.5s rss=4640MB hwm=4640MB
RSS_SAMPLE t=941.8s rss=4640MB hwm=4640MB
RSS_SAMPLE t=942.0s rss=4640MB hwm=4640MB
RSS_SAMPLE t=942.3s rss=4640MB hwm=4640MB
RSS_SAMPLE t=942.5s rss=4640MB hwm=4640MB
RSS_SAMPLE t=942.8s rss=4640MB hwm=4640MB
RSS_SAMPLE t=943.0s rss=4640MB hwm=4640MB
RSS_SAMPLE t=943.3s rss=4640MB hwm=4640MB
RSS_SAMPLE t=943.5s rss=4641MB hwm=4641MB
RSS_SAMPLE t=943.8s rss=4641MB hwm=4641MB
RSS_SAMPLE t=944.0s rss=4641MB hwm=4641MB
RSS_SAMPLE t=944.3s rss=4641MB hwm=4641MB
RSS_SAMPLE t=944.5s rss=4641MB hwm=4641MB
RSS_SAMPLE t=944.8s rss=4641MB hwm=4641MB
RSS_SAMPLE t=945.0s rss=4642MB hwm=4642MB
RSS_SAMPLE t=945.3s rss=4642MB hwm=4642MB
RSS_SAMPLE t=945.5s rss=4642MB hwm=4642MB
RSS_SAMPLE t=945.8s rss=4642MB hwm=4642MB
RSS_SAMPLE t=946.0s rss=4642MB hwm=4642MB
RSS_SAMPLE t=946.3s rss=4642MB hwm=4642MB
RSS_SAMPLE t=946.5s rss=4643MB hwm=4643MB
RSS_SAMPLE t=946.8s rss=4643MB hwm=4643MB
RSS_SAMPLE t=947.0s rss=4643MB hwm=4643MB
RSS_SAMPLE t=947.3s rss=4643MB hwm=4643MB
RSS_SAMPLE t=947.5s rss=4643MB hwm=4643MB
RSS_SAMPLE t=947.8s rss=4643MB hwm=4643MB
RSS_SAMPLE t=948.0s rss=4644MB hwm=4644MB
RSS_SAMPLE t=948.3s rss=4644MB hwm=4644MB
RSS_SAMPLE t=948.5s rss=4644MB hwm=4644MB
RSS_SAMPLE t=948.8s rss=4644MB hwm=4644MB
RSS_SAMPLE t=949.0s rss=4644MB hwm=4644MB
RSS_SAMPLE t=949.3s rss=4644MB hwm=4644MB
RSS_SAMPLE t=949.5s rss=4645MB hwm=4645MB
RSS_SAMPLE t=949.8s rss=4645MB hwm=4645MB
RSS_SAMPLE t=950.0s rss=4645MB hwm=4645MB
RSS_SAMPLE t=950.3s rss=4645MB hwm=4645MB
RSS_SAMPLE t=950.5s rss=4645MB hwm=4645MB
RSS_SAMPLE t=950.8s rss=4645MB hwm=4645MB
RSS_SAMPLE t=951.0s rss=4645MB hwm=4645MB
RSS_SAMPLE t=951.3s rss=4645MB hwm=4645MB
RSS_SAMPLE t=951.5s rss=4645MB hwm=4645MB
RSS_SAMPLE t=951.8s rss=4645MB hwm=4645MB
RSS_SAMPLE t=952.0s rss=4646MB hwm=4646MB
RSS_SAMPLE t=952.3s rss=4646MB hwm=4646MB
RSS_SAMPLE t=952.5s rss=4646MB hwm=4646MB
RSS_SAMPLE t=952.8s rss=4646MB hwm=4646MB
RSS_SAMPLE t=953.0s rss=4646MB hwm=4646MB
RSS_SAMPLE t=953.3s rss=4646MB hwm=4646MB
RSS_SAMPLE t=953.5s rss=4646MB hwm=4646MB
RSS_SAMPLE t=953.8s rss=4647MB hwm=4647MB
RSS_SAMPLE t=954.0s rss=4647MB hwm=4647MB
RSS_SAMPLE t=954.3s rss=4647MB hwm=4647MB
RSS_SAMPLE t=954.5s rss=4647MB hwm=4647MB
RSS_SAMPLE t=954.8s rss=4647MB hwm=4647MB
RSS_SAMPLE t=955.0s rss=4647MB hwm=4647MB
RSS_SAMPLE t=955.3s rss=4647MB hwm=4647MB
RSS_SAMPLE t=955.5s rss=4647MB hwm=4647MB
RSS_SAMPLE t=955.8s rss=4647MB hwm=4647MB
RSS_SAMPLE t=956.0s rss=4647MB hwm=4647MB
RSS_SAMPLE t=956.3s rss=4647MB hwm=4647MB
RSS_SAMPLE t=956.5s rss=4647MB hwm=4647MB
RSS_SAMPLE t=956.8s rss=4648MB hwm=4648MB
RSS_SAMPLE t=957.0s rss=4648MB hwm=4648MB
RSS_SAMPLE t=957.3s rss=4648MB hwm=4648MB
RSS_SAMPLE t=957.5s rss=4648MB hwm=4648MB
RSS_SAMPLE t=957.8s rss=4648MB hwm=4648MB
RSS_SAMPLE t=958.0s rss=4648MB hwm=4648MB
RSS_SAMPLE t=958.3s rss=4648MB hwm=4648MB
RSS_SAMPLE t=958.5s rss=4648MB hwm=4648MB
RSS_SAMPLE t=958.8s rss=4648MB hwm=4648MB
RSS_SAMPLE t=959.0s rss=4648MB hwm=4648MB
RSS_SAMPLE t=959.3s rss=4648MB hwm=4648MB
RSS_SAMPLE t=959.5s rss=4648MB hwm=4648MB
RSS_SAMPLE t=959.8s rss=4648MB hwm=4648MB
RSS_SAMPLE t=960.0s rss=4648MB hwm=4648MB
RSS_SAMPLE t=960.3s rss=4648MB hwm=4648MB
RSS_SAMPLE t=960.5s rss=4648MB hwm=4648MB
RSS_SAMPLE t=960.8s rss=4648MB hwm=4648MB
RSS_SAMPLE t=961.0s rss=4649MB hwm=4649MB
RSS_SAMPLE t=961.3s rss=4649MB hwm=4649MB
RSS_SAMPLE t=961.5s rss=4649MB hwm=4649MB
RSS_SAMPLE t=961.8s rss=4649MB hwm=4649MB
RSS_SAMPLE t=962.0s rss=4649MB hwm=4649MB
RSS_SAMPLE t=962.3s rss=4649MB hwm=4649MB
RSS_SAMPLE t=962.5s rss=4649MB hwm=4649MB
RSS_SAMPLE t=962.8s rss=4649MB hwm=4649MB
RSS_SAMPLE t=963.0s rss=4649MB hwm=4649MB
RSS_SAMPLE t=963.3s rss=4649MB hwm=4649MB
RSS_SAMPLE t=963.6s rss=4649MB hwm=4649MB
RSS_SAMPLE t=963.8s rss=4649MB hwm=4649MB
RSS_SAMPLE t=964.1s rss=4649MB hwm=4649MB
RSS_SAMPLE t=964.3s rss=4649MB hwm=4649MB
RSS_SAMPLE t=964.6s rss=4649MB hwm=4649MB
RSS_SAMPLE t=964.8s rss=4649MB hwm=4649MB
RSS_SAMPLE t=965.1s rss=4649MB hwm=4649MB
RSS_SAMPLE t=965.3s rss=4649MB hwm=4649MB
RSS_SAMPLE t=965.6s rss=4649MB hwm=4649MB
RSS_SAMPLE t=965.8s rss=4649MB hwm=4649MB
RSS_SAMPLE t=966.1s rss=4649MB hwm=4649MB
RSS_SAMPLE t=966.3s rss=4649MB hwm=4649MB
RSS_SAMPLE t=966.6s rss=4649MB hwm=4649MB
RSS_SAMPLE t=966.8s rss=4649MB hwm=4649MB
RSS_SAMPLE t=967.1s rss=4649MB hwm=4649MB
RSS_SAMPLE t=967.3s rss=4649MB hwm=4649MB
RSS_SAMPLE t=967.6s rss=4649MB hwm=4649MB
RSS_SAMPLE t=967.8s rss=4650MB hwm=4650MB
RSS_SAMPLE t=968.1s rss=4650MB hwm=4650MB
RSS_SAMPLE t=968.3s rss=4650MB hwm=4650MB
RSS_SAMPLE t=968.6s rss=4650MB hwm=4650MB
RSS_SAMPLE t=968.8s rss=4650MB hwm=4650MB
RSS_SAMPLE t=969.1s rss=4650MB hwm=4650MB
RSS_SAMPLE t=969.3s rss=4650MB hwm=4650MB
RSS_SAMPLE t=969.6s rss=4650MB hwm=4650MB
RSS_SAMPLE t=969.8s rss=4650MB hwm=4650MB
RSS_SAMPLE t=970.1s rss=4650MB hwm=4650MB
RSS_SAMPLE t=970.3s rss=4650MB hwm=4650MB
RSS_SAMPLE t=970.6s rss=4650MB hwm=4650MB
RSS_SAMPLE t=970.8s rss=4650MB hwm=4650MB
RSS_SAMPLE t=971.1s rss=4650MB hwm=4650MB
RSS_SAMPLE t=971.3s rss=4650MB hwm=4650MB
RSS_SAMPLE t=971.6s rss=4650MB hwm=4650MB
RSS_SAMPLE t=971.8s rss=4650MB hwm=4650MB
RSS_SAMPLE t=972.1s rss=4650MB hwm=4650MB
RSS_SAMPLE t=972.3s rss=4651MB hwm=4651MB
RSS_SAMPLE t=972.6s rss=4651MB hwm=4651MB
RSS_SAMPLE t=972.8s rss=4651MB hwm=4651MB
RSS_SAMPLE t=973.1s rss=4651MB hwm=4651MB
RSS_SAMPLE t=973.3s rss=4651MB hwm=4651MB
RSS_SAMPLE t=973.6s rss=4651MB hwm=4651MB
RSS_SAMPLE t=973.8s rss=4651MB hwm=4651MB
RSS_SAMPLE t=974.1s rss=4651MB hwm=4651MB
RSS_SAMPLE t=974.3s rss=4651MB hwm=4651MB
RSS_SAMPLE t=974.6s rss=4651MB hwm=4651MB
RSS_SAMPLE t=974.8s rss=4651MB hwm=4651MB
RSS_SAMPLE t=975.1s rss=4652MB hwm=4652MB
RSS_SAMPLE t=975.3s rss=4652MB hwm=4652MB
RSS_SAMPLE t=975.6s rss=4652MB hwm=4652MB
RSS_SAMPLE t=975.8s rss=4652MB hwm=4652MB
RSS_SAMPLE t=976.1s rss=4652MB hwm=4652MB
RSS_SAMPLE t=976.3s rss=4652MB hwm=4652MB
RSS_SAMPLE t=976.6s rss=4652MB hwm=4652MB
RSS_SAMPLE t=976.8s rss=4652MB hwm=4652MB
RSS_SAMPLE t=977.1s rss=4652MB hwm=4652MB
RSS_SAMPLE t=977.3s rss=4652MB hwm=4652MB
RSS_SAMPLE t=977.6s rss=4652MB hwm=4652MB
RSS_SAMPLE t=977.8s rss=4652MB hwm=4652MB
RSS_SAMPLE t=978.1s rss=4652MB hwm=4652MB
RSS_SAMPLE t=978.3s rss=4652MB hwm=4652MB
RSS_SAMPLE t=978.6s rss=4652MB hwm=4652MB
RSS_SAMPLE t=978.8s rss=4652MB hwm=4652MB
RSS_SAMPLE t=979.1s rss=4652MB hwm=4652MB
RSS_SAMPLE t=979.3s rss=4652MB hwm=4652MB
RSS_SAMPLE t=979.6s rss=4652MB hwm=4652MB
RSS_SAMPLE t=979.8s rss=4652MB hwm=4652MB
RSS_SAMPLE t=980.1s rss=4652MB hwm=4652MB
RSS_SAMPLE t=980.3s rss=4652MB hwm=4652MB
RSS_SAMPLE t=980.6s rss=4652MB hwm=4652MB
RSS_SAMPLE t=980.8s rss=4652MB hwm=4652MB
RSS_SAMPLE t=981.1s rss=4652MB hwm=4652MB
RSS_SAMPLE t=981.3s rss=4652MB hwm=4652MB
RSS_SAMPLE t=981.6s rss=4652MB hwm=4652MB
RSS_SAMPLE t=981.8s rss=4652MB hwm=4652MB
RSS_SAMPLE t=982.1s rss=4652MB hwm=4652MB
RSS_SAMPLE t=982.3s rss=4652MB hwm=4652MB
RSS_SAMPLE t=982.6s rss=4652MB hwm=4652MB
RSS_SAMPLE t=982.8s rss=4652MB hwm=4652MB
RSS_SAMPLE t=983.1s rss=4652MB hwm=4652MB
RSS_SAMPLE t=983.3s rss=4652MB hwm=4652MB
RSS_SAMPLE t=983.6s rss=4652MB hwm=4652MB
RSS_SAMPLE t=983.8s rss=4652MB hwm=4652MB
RSS_SAMPLE t=984.1s rss=4652MB hwm=4652MB
RSS_SAMPLE t=984.3s rss=4652MB hwm=4652MB
RSS_SAMPLE t=984.6s rss=4652MB hwm=4652MB
RSS_SAMPLE t=984.8s rss=4652MB hwm=4652MB
RSS_SAMPLE t=985.1s rss=4652MB hwm=4652MB
RSS_SAMPLE t=985.3s rss=4652MB hwm=4652MB
RSS_SAMPLE t=985.6s rss=4652MB hwm=4652MB
RSS_SAMPLE t=985.8s rss=4652MB hwm=4652MB
RSS_SAMPLE t=986.1s rss=4652MB hwm=4652MB
RSS_SAMPLE t=986.3s rss=4652MB hwm=4652MB
RSS_SAMPLE t=986.6s rss=4652MB hwm=4652MB
RSS_SAMPLE t=986.8s rss=4652MB hwm=4652MB
RSS_SAMPLE t=987.1s rss=4652MB hwm=4652MB
RSS_SAMPLE t=987.3s rss=4652MB hwm=4652MB
RSS_SAMPLE t=987.6s rss=4652MB hwm=4652MB
RSS_SAMPLE t=987.8s rss=4652MB hwm=4652MB
RSS_SAMPLE t=988.1s rss=4652MB hwm=4652MB
RSS_SAMPLE t=988.3s rss=4652MB hwm=4652MB
RSS_SAMPLE t=988.6s rss=4652MB hwm=4652MB
RSS_SAMPLE t=988.8s rss=4652MB hwm=4652MB
RSS_SAMPLE t=989.1s rss=4652MB hwm=4652MB
RSS_SAMPLE t=989.3s rss=4652MB hwm=4652MB
RSS_SAMPLE t=989.6s rss=4652MB hwm=4652MB
RSS_SAMPLE t=989.8s rss=4652MB hwm=4652MB
RSS_SAMPLE t=990.1s rss=4652MB hwm=4652MB
RSS_SAMPLE t=990.3s rss=4652MB hwm=4652MB
RSS_SAMPLE t=990.6s rss=4652MB hwm=4652MB
RSS_SAMPLE t=990.8s rss=4652MB hwm=4652MB
RSS_SAMPLE t=991.1s rss=4652MB hwm=4652MB
RSS_SAMPLE t=991.3s rss=4652MB hwm=4652MB
RSS_SAMPLE t=991.6s rss=4652MB hwm=4652MB
RSS_SAMPLE t=991.8s rss=4652MB hwm=4652MB
RSS_SAMPLE t=992.1s rss=4652MB hwm=4652MB
RSS_SAMPLE t=992.3s rss=4652MB hwm=4652MB
RSS_SAMPLE t=992.6s rss=4652MB hwm=4652MB
RSS_SAMPLE t=992.8s rss=4652MB hwm=4652MB
RSS_SAMPLE t=993.1s rss=4652MB hwm=4652MB
RSS_SAMPLE t=993.3s rss=4652MB hwm=4652MB
RSS_SAMPLE t=993.6s rss=4652MB hwm=4652MB
RSS_SAMPLE t=993.8s rss=4652MB hwm=4652MB
RSS_SAMPLE t=994.1s rss=4652MB hwm=4652MB
RSS_SAMPLE t=994.3s rss=4652MB hwm=4652MB
RSS_SAMPLE t=994.6s rss=4652MB hwm=4652MB
RSS_SAMPLE t=994.8s rss=4652MB hwm=4652MB
RSS_SAMPLE t=995.1s rss=4652MB hwm=4652MB
RSS_SAMPLE t=995.3s rss=4652MB hwm=4652MB
RSS_SAMPLE t=995.6s rss=4652MB hwm=4652MB
RSS_SAMPLE t=995.8s rss=4652MB hwm=4652MB
RSS_SAMPLE t=996.1s rss=4652MB hwm=4652MB
RSS_SAMPLE t=996.3s rss=4652MB hwm=4652MB
RSS_SAMPLE t=996.6s rss=4652MB hwm=4652MB
RSS_SAMPLE t=996.8s rss=4652MB hwm=4652MB
RSS_SAMPLE t=997.1s rss=4652MB hwm=4652MB
RSS_SAMPLE t=997.3s rss=4652MB hwm=4652MB
RSS_SAMPLE t=997.6s rss=4652MB hwm=4652MB
RSS_SAMPLE t=997.8s rss=4652MB hwm=4652MB
RSS_SAMPLE t=998.1s rss=4652MB hwm=4652MB
RSS_SAMPLE t=998.3s rss=4652MB hwm=4652MB
RSS_SAMPLE t=998.6s rss=4652MB hwm=4652MB
MEM_POOL: workspaces=32 dense_usage_mb=1251 n_pipes=2562403
    post_solve_diag[outer=14]: solves=105117 cap_armed=105117 (100.0%) settle_avg=5401 above_sink_avg=135 (2.5%) settle_max=69353
    settle_hist[outer=14]: <100: 32685nets/0.1%work  <1k: 18109nets/1.3%work  <5k: 24907nets/11.7%work  <20k: 20693nets/38.0%work  <60k: 8529nets/46.7%work  >=60k: 194nets/2.2%work
    fanout_hist[outer=14]: fan1: 43710nets/13.4%work  fan2-4: 48279nets/50.3%work  fan5-16: 12974nets/35.4%work  fan17-64: 154nets/1.0%work  fan65-256: 0nets/0.0%work  fan>256: 0nets/0.0%work
    rss_probe[outer=14]: pre_post_solve=4638MB post_post_solve=4652MB after_apply=4652MB
RSS_SAMPLE t=998.8s rss=4652MB hwm=4652MB
    E_decomp: base=3944401.1 eff=48495858085081.0 cong=48495854140679.9 cong_share=100.0% sat_pipes=71136 max_util=950.68  R_buckets: 1-2x=94698 2-10x=1805852 10-100x=612951 >=100x=48902
    E_potential: beckmann=64465236359921.3 history_total=0.0
    SpanCache: epoch=15 entries=2303 lookups=2562403 hits=2560100 misses=2303 hit_rate=99.9%
  DCD  14: nets=105117 line=11834191 energy=13923464342.228 dE=+833155685.148 friction=5946403.4 bins=2.0x(166) excess=51.4 moved=67984 disp=4.625 solves=105117 skip=105117 pops=567731771 theta=2.273 refresh=68380ms dcd=6821ms total=77866ms
    cache_stats: entries=57240379 capacity=114943977 est_mb=991 rss_mb=4652
RSS_SAMPLE t=999.1s rss=4652MB hwm=4652MB
RSS_SAMPLE t=999.3s rss=4652MB hwm=4652MB
RSS_SAMPLE t=999.6s rss=4652MB hwm=4652MB
RSS_SAMPLE t=999.8s rss=4652MB hwm=4652MB
RSS_SAMPLE t=1000.1s rss=4652MB hwm=4652MB
RSS_SAMPLE t=1000.3s rss=4652MB hwm=4652MB
RSS_SAMPLE t=1000.6s rss=4652MB hwm=4652MB
RSS_SAMPLE t=1000.8s rss=4652MB hwm=4652MB
RSS_SAMPLE t=1001.1s rss=4652MB hwm=4652MB
RSS_SAMPLE t=1001.3s rss=4652MB hwm=4652MB
    SwitchMatrix: type_usage_pairs=710 lookups=1776 hits=1066 dijkstra_calls=710 avg_us=10.2 total_ms=7.3
PHASE_MARK outer=15 enter=pre_solve rss=4652MB
    rss_probe[outer=15]: pre_refresh_rss=4652MB post_pre_solve_rss=4652MB cache_entries=57240379 cache_cap=114943977 cache_est_mb=991
    pre_solve_diag[outer=15]: solves=0 fallback=0 (0.0%) cap_armed=0 (0.0%) settle_avg=0 settle_max=0 init_count=245
    Overflow: over=69708 (2.7% of used) avg_excess=6.96 max_excess=3018.49 (nc=3042.49 cap=24 span=1)  excess_buckets: <=1=6485 1-5=39398 5-20=19909 >20=3916  by_cap: cap1=1112 cap2=65959 cap3-5=67 cap>5=2570  by_span: s1=508 s2-3=1541 s4-6=1777 s7-12=64548 s>12=1334  le1_cross: cap1=560 cap2-5=5764 cap>5=161
    Congestion: pipes=2562403 used=2562403 congested(>50%)=83864 saturated(>90%)=71136 max_util=950.68 avg_util=0.1400
PHASE_MARK outer=15 enter=dcd_sweep rss=4652MB
RSS_SAMPLE t=1001.6s rss=4652MB hwm=4652MB
RSS_SAMPLE t=1001.8s rss=4652MB hwm=4652MB
RSS_SAMPLE t=1002.1s rss=4652MB hwm=4652MB
RSS_SAMPLE t=1002.3s rss=4652MB hwm=4652MB
RSS_SAMPLE t=1002.6s rss=4652MB hwm=4652MB
RSS_SAMPLE t=1002.8s rss=4652MB hwm=4652MB
RSS_SAMPLE t=1003.1s rss=4652MB hwm=4652MB
RSS_SAMPLE t=1003.3s rss=4652MB hwm=4652MB
RSS_SAMPLE t=1003.6s rss=4652MB hwm=4652MB
RSS_SAMPLE t=1003.8s rss=4652MB hwm=4652MB
RSS_SAMPLE t=1004.1s rss=4652MB hwm=4652MB
RSS_SAMPLE t=1004.3s rss=4652MB hwm=4652MB
RSS_SAMPLE t=1004.6s rss=4652MB hwm=4652MB
RSS_SAMPLE t=1004.8s rss=4652MB hwm=4652MB
RSS_SAMPLE t=1005.1s rss=4652MB hwm=4652MB
RSS_SAMPLE t=1005.3s rss=4652MB hwm=4652MB
RSS_SAMPLE t=1005.6s rss=4652MB hwm=4652MB
RSS_SAMPLE t=1005.8s rss=4652MB hwm=4652MB
RSS_SAMPLE t=1006.1s rss=4652MB hwm=4652MB
RSS_SAMPLE t=1006.3s rss=4652MB hwm=4652MB
RSS_SAMPLE t=1006.6s rss=4652MB hwm=4652MB
RSS_SAMPLE t=1006.8s rss=4652MB hwm=4652MB
RSS_SAMPLE t=1007.1s rss=4652MB hwm=4652MB
RSS_SAMPLE t=1007.3s rss=4652MB hwm=4652MB
RSS_SAMPLE t=1007.6s rss=4652MB hwm=4652MB
RSS_SAMPLE t=1007.8s rss=4652MB hwm=4652MB
RSS_SAMPLE t=1008.1s rss=4652MB hwm=4652MB
RSS_SAMPLE t=1008.3s rss=4652MB hwm=4652MB
PHASE_MARK outer=15 leave=dcd_sweep rss=4652MB
PHASE_MARK outer=15 enter=post_refresh rss=4652MB
RSS_SAMPLE t=1008.6s rss=4653MB hwm=4653MB
RSS_SAMPLE t=1008.8s rss=4653MB hwm=4653MB
RSS_SAMPLE t=1009.1s rss=4653MB hwm=4653MB
RSS_SAMPLE t=1009.3s rss=4653MB hwm=4653MB
RSS_SAMPLE t=1009.6s rss=4653MB hwm=4653MB
RSS_SAMPLE t=1009.8s rss=4653MB hwm=4653MB
RSS_SAMPLE t=1010.1s rss=4653MB hwm=4653MB
RSS_SAMPLE t=1010.3s rss=4653MB hwm=4653MB
RSS_SAMPLE t=1010.6s rss=4653MB hwm=4653MB
RSS_SAMPLE t=1010.8s rss=4653MB hwm=4653MB
RSS_SAMPLE t=1011.1s rss=4653MB hwm=4653MB
RSS_SAMPLE t=1011.3s rss=4653MB hwm=4653MB
RSS_SAMPLE t=1011.6s rss=4653MB hwm=4653MB
RSS_SAMPLE t=1011.8s rss=4653MB hwm=4653MB
RSS_SAMPLE t=1012.1s rss=4653MB hwm=4653MB
RSS_SAMPLE t=1012.3s rss=4653MB hwm=4653MB
RSS_SAMPLE t=1012.6s rss=4653MB hwm=4653MB
RSS_SAMPLE t=1012.8s rss=4653MB hwm=4653MB
RSS_SAMPLE t=1013.1s rss=4653MB hwm=4653MB
RSS_SAMPLE t=1013.3s rss=4653MB hwm=4653MB
RSS_SAMPLE t=1013.6s rss=4653MB hwm=4653MB
RSS_SAMPLE t=1013.8s rss=4653MB hwm=4653MB
RSS_SAMPLE t=1014.1s rss=4653MB hwm=4653MB
RSS_SAMPLE t=1014.3s rss=4653MB hwm=4653MB
RSS_SAMPLE t=1014.6s rss=4653MB hwm=4653MB
RSS_SAMPLE t=1014.8s rss=4653MB hwm=4653MB
RSS_SAMPLE t=1015.1s rss=4653MB hwm=4653MB
RSS_SAMPLE t=1015.3s rss=4653MB hwm=4653MB
RSS_SAMPLE t=1015.6s rss=4653MB hwm=4653MB
RSS_SAMPLE t=1015.8s rss=4653MB hwm=4653MB
RSS_SAMPLE t=1016.1s rss=4654MB hwm=4654MB
RSS_SAMPLE t=1016.3s rss=4654MB hwm=4654MB
RSS_SAMPLE t=1016.6s rss=4654MB hwm=4654MB
RSS_SAMPLE t=1016.8s rss=4654MB hwm=4654MB
RSS_SAMPLE t=1017.1s rss=4654MB hwm=4654MB
RSS_SAMPLE t=1017.3s rss=4654MB hwm=4654MB
RSS_SAMPLE t=1017.6s rss=4654MB hwm=4654MB
RSS_SAMPLE t=1017.8s rss=4654MB hwm=4654MB
RSS_SAMPLE t=1018.1s rss=4654MB hwm=4654MB
RSS_SAMPLE t=1018.3s rss=4654MB hwm=4654MB
RSS_SAMPLE t=1018.6s rss=4655MB hwm=4655MB
RSS_SAMPLE t=1018.8s rss=4655MB hwm=4655MB
RSS_SAMPLE t=1019.1s rss=4655MB hwm=4655MB
RSS_SAMPLE t=1019.3s rss=4655MB hwm=4655MB
RSS_SAMPLE t=1019.6s rss=4655MB hwm=4655MB
RSS_SAMPLE t=1019.8s rss=4655MB hwm=4655MB
RSS_SAMPLE t=1020.1s rss=4655MB hwm=4655MB
RSS_SAMPLE t=1020.3s rss=4655MB hwm=4655MB
RSS_SAMPLE t=1020.6s rss=4655MB hwm=4655MB
RSS_SAMPLE t=1020.9s rss=4655MB hwm=4655MB
RSS_SAMPLE t=1021.1s rss=4655MB hwm=4655MB
RSS_SAMPLE t=1021.4s rss=4655MB hwm=4655MB
RSS_SAMPLE t=1021.6s rss=4655MB hwm=4655MB
RSS_SAMPLE t=1021.9s rss=4655MB hwm=4655MB
RSS_SAMPLE t=1022.1s rss=4656MB hwm=4656MB
RSS_SAMPLE t=1022.4s rss=4656MB hwm=4656MB
RSS_SAMPLE t=1022.6s rss=4656MB hwm=4656MB
RSS_SAMPLE t=1022.9s rss=4656MB hwm=4656MB
RSS_SAMPLE t=1023.1s rss=4656MB hwm=4656MB
RSS_SAMPLE t=1023.4s rss=4657MB hwm=4657MB
RSS_SAMPLE t=1023.6s rss=4657MB hwm=4657MB
RSS_SAMPLE t=1023.9s rss=4657MB hwm=4657MB
RSS_SAMPLE t=1024.1s rss=4657MB hwm=4657MB
RSS_SAMPLE t=1024.4s rss=4657MB hwm=4657MB
RSS_SAMPLE t=1024.6s rss=4657MB hwm=4657MB
RSS_SAMPLE t=1024.9s rss=4657MB hwm=4657MB
RSS_SAMPLE t=1025.1s rss=4657MB hwm=4657MB
RSS_SAMPLE t=1025.4s rss=4657MB hwm=4657MB
RSS_SAMPLE t=1025.6s rss=4658MB hwm=4658MB
RSS_SAMPLE t=1025.9s rss=4658MB hwm=4658MB
RSS_SAMPLE t=1026.1s rss=4658MB hwm=4658MB
RSS_SAMPLE t=1026.4s rss=4658MB hwm=4658MB
RSS_SAMPLE t=1026.6s rss=4658MB hwm=4658MB
RSS_SAMPLE t=1026.9s rss=4658MB hwm=4658MB
RSS_SAMPLE t=1027.1s rss=4658MB hwm=4658MB
RSS_SAMPLE t=1027.4s rss=4658MB hwm=4658MB
RSS_SAMPLE t=1027.6s rss=4659MB hwm=4659MB
RSS_SAMPLE t=1027.9s rss=4659MB hwm=4659MB
RSS_SAMPLE t=1028.1s rss=4659MB hwm=4659MB
RSS_SAMPLE t=1028.4s rss=4659MB hwm=4659MB
RSS_SAMPLE t=1028.6s rss=4659MB hwm=4659MB
RSS_SAMPLE t=1028.9s rss=4659MB hwm=4659MB
RSS_SAMPLE t=1029.1s rss=4660MB hwm=4660MB
RSS_SAMPLE t=1029.4s rss=4660MB hwm=4660MB
RSS_SAMPLE t=1029.6s rss=4660MB hwm=4660MB
RSS_SAMPLE t=1029.9s rss=4660MB hwm=4660MB
RSS_SAMPLE t=1030.1s rss=4660MB hwm=4660MB
RSS_SAMPLE t=1030.4s rss=4661MB hwm=4661MB
RSS_SAMPLE t=1030.6s rss=4661MB hwm=4661MB
RSS_SAMPLE t=1030.9s rss=4661MB hwm=4661MB
RSS_SAMPLE t=1031.1s rss=4661MB hwm=4661MB
RSS_SAMPLE t=1031.4s rss=4661MB hwm=4661MB
RSS_SAMPLE t=1031.6s rss=4661MB hwm=4661MB
RSS_SAMPLE t=1031.9s rss=4661MB hwm=4661MB
RSS_SAMPLE t=1032.1s rss=4661MB hwm=4661MB
RSS_SAMPLE t=1032.4s rss=4661MB hwm=4661MB
RSS_SAMPLE t=1032.6s rss=4661MB hwm=4661MB
RSS_SAMPLE t=1032.9s rss=4661MB hwm=4661MB
RSS_SAMPLE t=1033.1s rss=4661MB hwm=4661MB
RSS_SAMPLE t=1033.4s rss=4661MB hwm=4661MB
RSS_SAMPLE t=1033.6s rss=4661MB hwm=4661MB
RSS_SAMPLE t=1033.9s rss=4662MB hwm=4662MB
RSS_SAMPLE t=1034.1s rss=4662MB hwm=4662MB
RSS_SAMPLE t=1034.4s rss=4662MB hwm=4662MB
RSS_SAMPLE t=1034.6s rss=4662MB hwm=4662MB
RSS_SAMPLE t=1034.9s rss=4662MB hwm=4662MB
RSS_SAMPLE t=1035.1s rss=4662MB hwm=4662MB
RSS_SAMPLE t=1035.4s rss=4662MB hwm=4662MB
RSS_SAMPLE t=1035.6s rss=4662MB hwm=4662MB
RSS_SAMPLE t=1035.9s rss=4662MB hwm=4662MB
RSS_SAMPLE t=1036.1s rss=4662MB hwm=4662MB
RSS_SAMPLE t=1036.4s rss=4663MB hwm=4663MB
RSS_SAMPLE t=1036.6s rss=4663MB hwm=4663MB
RSS_SAMPLE t=1036.9s rss=4663MB hwm=4663MB
RSS_SAMPLE t=1037.1s rss=4663MB hwm=4663MB
RSS_SAMPLE t=1037.4s rss=4663MB hwm=4663MB
RSS_SAMPLE t=1037.6s rss=4663MB hwm=4663MB
RSS_SAMPLE t=1037.9s rss=4663MB hwm=4663MB
RSS_SAMPLE t=1038.1s rss=4663MB hwm=4663MB
RSS_SAMPLE t=1038.4s rss=4663MB hwm=4663MB
RSS_SAMPLE t=1038.6s rss=4663MB hwm=4663MB
RSS_SAMPLE t=1038.9s rss=4663MB hwm=4663MB
RSS_SAMPLE t=1039.1s rss=4663MB hwm=4663MB
RSS_SAMPLE t=1039.4s rss=4663MB hwm=4663MB
RSS_SAMPLE t=1039.6s rss=4663MB hwm=4663MB
RSS_SAMPLE t=1039.9s rss=4663MB hwm=4663MB
RSS_SAMPLE t=1040.1s rss=4663MB hwm=4663MB
RSS_SAMPLE t=1040.4s rss=4663MB hwm=4663MB
RSS_SAMPLE t=1040.6s rss=4664MB hwm=4664MB
RSS_SAMPLE t=1040.9s rss=4664MB hwm=4664MB
RSS_SAMPLE t=1041.1s rss=4664MB hwm=4664MB
RSS_SAMPLE t=1041.4s rss=4664MB hwm=4664MB
RSS_SAMPLE t=1041.6s rss=4664MB hwm=4664MB
RSS_SAMPLE t=1041.9s rss=4664MB hwm=4664MB
RSS_SAMPLE t=1042.1s rss=4664MB hwm=4664MB
RSS_SAMPLE t=1042.4s rss=4664MB hwm=4664MB
RSS_SAMPLE t=1042.6s rss=4664MB hwm=4664MB
RSS_SAMPLE t=1042.9s rss=4664MB hwm=4664MB
RSS_SAMPLE t=1043.1s rss=4664MB hwm=4664MB
RSS_SAMPLE t=1043.4s rss=4664MB hwm=4664MB
RSS_SAMPLE t=1043.6s rss=4664MB hwm=4664MB
RSS_SAMPLE t=1043.9s rss=4664MB hwm=4664MB
RSS_SAMPLE t=1044.1s rss=4665MB hwm=4665MB
RSS_SAMPLE t=1044.4s rss=4665MB hwm=4665MB
RSS_SAMPLE t=1044.6s rss=4665MB hwm=4665MB
RSS_SAMPLE t=1044.9s rss=4665MB hwm=4665MB
RSS_SAMPLE t=1045.1s rss=4665MB hwm=4665MB
RSS_SAMPLE t=1045.4s rss=4665MB hwm=4665MB
RSS_SAMPLE t=1045.6s rss=4665MB hwm=4665MB
RSS_SAMPLE t=1045.9s rss=4665MB hwm=4665MB
RSS_SAMPLE t=1046.1s rss=4665MB hwm=4665MB
RSS_SAMPLE t=1046.4s rss=4665MB hwm=4665MB
RSS_SAMPLE t=1046.6s rss=4665MB hwm=4665MB
RSS_SAMPLE t=1046.9s rss=4665MB hwm=4665MB
RSS_SAMPLE t=1047.1s rss=4665MB hwm=4665MB
RSS_SAMPLE t=1047.4s rss=4665MB hwm=4665MB
RSS_SAMPLE t=1047.6s rss=4665MB hwm=4665MB
RSS_SAMPLE t=1047.9s rss=4665MB hwm=4665MB
RSS_SAMPLE t=1048.1s rss=4665MB hwm=4665MB
RSS_SAMPLE t=1048.4s rss=4665MB hwm=4665MB
RSS_SAMPLE t=1048.6s rss=4665MB hwm=4665MB
RSS_SAMPLE t=1048.9s rss=4665MB hwm=4665MB
RSS_SAMPLE t=1049.1s rss=4665MB hwm=4665MB
RSS_SAMPLE t=1049.4s rss=4665MB hwm=4665MB
RSS_SAMPLE t=1049.6s rss=4665MB hwm=4665MB
RSS_SAMPLE t=1049.9s rss=4665MB hwm=4665MB
RSS_SAMPLE t=1050.1s rss=4665MB hwm=4665MB
RSS_SAMPLE t=1050.4s rss=4665MB hwm=4665MB
RSS_SAMPLE t=1050.6s rss=4665MB hwm=4665MB
RSS_SAMPLE t=1050.9s rss=4665MB hwm=4665MB
RSS_SAMPLE t=1051.1s rss=4665MB hwm=4665MB
RSS_SAMPLE t=1051.4s rss=4665MB hwm=4665MB
RSS_SAMPLE t=1051.6s rss=4665MB hwm=4665MB
RSS_SAMPLE t=1051.9s rss=4665MB hwm=4665MB
RSS_SAMPLE t=1052.1s rss=4665MB hwm=4665MB
RSS_SAMPLE t=1052.4s rss=4665MB hwm=4665MB
RSS_SAMPLE t=1052.6s rss=4665MB hwm=4665MB
RSS_SAMPLE t=1052.9s rss=4665MB hwm=4665MB
RSS_SAMPLE t=1053.1s rss=4665MB hwm=4665MB
RSS_SAMPLE t=1053.4s rss=4665MB hwm=4665MB
RSS_SAMPLE t=1053.6s rss=4665MB hwm=4665MB
RSS_SAMPLE t=1053.9s rss=4665MB hwm=4665MB
RSS_SAMPLE t=1054.1s rss=4665MB hwm=4665MB
RSS_SAMPLE t=1054.4s rss=4665MB hwm=4665MB
RSS_SAMPLE t=1054.6s rss=4665MB hwm=4665MB
RSS_SAMPLE t=1054.9s rss=4665MB hwm=4665MB
RSS_SAMPLE t=1055.1s rss=4665MB hwm=4665MB
RSS_SAMPLE t=1055.4s rss=4665MB hwm=4665MB
RSS_SAMPLE t=1055.6s rss=4665MB hwm=4665MB
RSS_SAMPLE t=1055.9s rss=4665MB hwm=4665MB
RSS_SAMPLE t=1056.1s rss=4665MB hwm=4665MB
RSS_SAMPLE t=1056.4s rss=4665MB hwm=4665MB
RSS_SAMPLE t=1056.6s rss=4665MB hwm=4665MB
RSS_SAMPLE t=1056.9s rss=4665MB hwm=4665MB
RSS_SAMPLE t=1057.1s rss=4665MB hwm=4665MB
RSS_SAMPLE t=1057.4s rss=4665MB hwm=4665MB
RSS_SAMPLE t=1057.6s rss=4665MB hwm=4665MB
RSS_SAMPLE t=1057.9s rss=4665MB hwm=4665MB
RSS_SAMPLE t=1058.1s rss=4665MB hwm=4665MB
RSS_SAMPLE t=1058.4s rss=4665MB hwm=4665MB
RSS_SAMPLE t=1058.6s rss=4665MB hwm=4665MB
RSS_SAMPLE t=1058.9s rss=4665MB hwm=4665MB
RSS_SAMPLE t=1059.1s rss=4665MB hwm=4665MB
RSS_SAMPLE t=1059.4s rss=4665MB hwm=4665MB
RSS_SAMPLE t=1059.6s rss=4665MB hwm=4665MB
RSS_SAMPLE t=1059.9s rss=4665MB hwm=4665MB
RSS_SAMPLE t=1060.1s rss=4665MB hwm=4665MB
RSS_SAMPLE t=1060.4s rss=4665MB hwm=4665MB
RSS_SAMPLE t=1060.6s rss=4665MB hwm=4665MB
RSS_SAMPLE t=1060.9s rss=4665MB hwm=4665MB
RSS_SAMPLE t=1061.1s rss=4665MB hwm=4665MB
RSS_SAMPLE t=1061.4s rss=4665MB hwm=4665MB
RSS_SAMPLE t=1061.6s rss=4665MB hwm=4665MB
RSS_SAMPLE t=1061.9s rss=4665MB hwm=4665MB
RSS_SAMPLE t=1062.1s rss=4665MB hwm=4665MB
RSS_SAMPLE t=1062.4s rss=4665MB hwm=4665MB
RSS_SAMPLE t=1062.6s rss=4665MB hwm=4665MB
RSS_SAMPLE t=1062.9s rss=4665MB hwm=4665MB
RSS_SAMPLE t=1063.1s rss=4665MB hwm=4665MB
RSS_SAMPLE t=1063.4s rss=4665MB hwm=4665MB
RSS_SAMPLE t=1063.6s rss=4665MB hwm=4665MB
RSS_SAMPLE t=1063.9s rss=4665MB hwm=4665MB
RSS_SAMPLE t=1064.1s rss=4665MB hwm=4665MB
RSS_SAMPLE t=1064.4s rss=4665MB hwm=4665MB
RSS_SAMPLE t=1064.6s rss=4665MB hwm=4665MB
RSS_SAMPLE t=1064.9s rss=4665MB hwm=4665MB
RSS_SAMPLE t=1065.1s rss=4665MB hwm=4665MB
RSS_SAMPLE t=1065.4s rss=4665MB hwm=4665MB
RSS_SAMPLE t=1065.6s rss=4665MB hwm=4665MB
RSS_SAMPLE t=1065.9s rss=4665MB hwm=4665MB
RSS_SAMPLE t=1066.1s rss=4665MB hwm=4665MB
RSS_SAMPLE t=1066.4s rss=4665MB hwm=4665MB
RSS_SAMPLE t=1066.6s rss=4665MB hwm=4665MB
RSS_SAMPLE t=1066.9s rss=4665MB hwm=4665MB
RSS_SAMPLE t=1067.1s rss=4665MB hwm=4665MB
RSS_SAMPLE t=1067.4s rss=4665MB hwm=4665MB
RSS_SAMPLE t=1067.6s rss=4665MB hwm=4665MB
RSS_SAMPLE t=1067.9s rss=4665MB hwm=4665MB
RSS_SAMPLE t=1068.1s rss=4665MB hwm=4665MB
RSS_SAMPLE t=1068.4s rss=4665MB hwm=4665MB
RSS_SAMPLE t=1068.6s rss=4665MB hwm=4665MB
RSS_SAMPLE t=1068.9s rss=4665MB hwm=4665MB
RSS_SAMPLE t=1069.1s rss=4665MB hwm=4665MB
RSS_SAMPLE t=1069.4s rss=4665MB hwm=4665MB
RSS_SAMPLE t=1069.6s rss=4665MB hwm=4665MB
RSS_SAMPLE t=1069.9s rss=4665MB hwm=4665MB
RSS_SAMPLE t=1070.1s rss=4665MB hwm=4665MB
RSS_SAMPLE t=1070.4s rss=4665MB hwm=4665MB
RSS_SAMPLE t=1070.6s rss=4665MB hwm=4665MB
RSS_SAMPLE t=1070.9s rss=4665MB hwm=4665MB
RSS_SAMPLE t=1071.1s rss=4665MB hwm=4665MB
RSS_SAMPLE t=1071.4s rss=4665MB hwm=4665MB
RSS_SAMPLE t=1071.6s rss=4665MB hwm=4665MB
RSS_SAMPLE t=1071.9s rss=4665MB hwm=4665MB
RSS_SAMPLE t=1072.1s rss=4665MB hwm=4665MB
RSS_SAMPLE t=1072.4s rss=4665MB hwm=4665MB
RSS_SAMPLE t=1072.6s rss=4665MB hwm=4665MB
RSS_SAMPLE t=1072.9s rss=4665MB hwm=4665MB
MEM_POOL: workspaces=32 dense_usage_mb=1251 n_pipes=2562403
    post_solve_diag[outer=15]: solves=105117 cap_armed=105117 (100.0%) settle_avg=5273 above_sink_avg=157 (3.0%) settle_max=69353
    settle_hist[outer=15]: <100: 30506nets/0.1%work  <1k: 20479nets/1.4%work  <5k: 24964nets/12.1%work  <20k: 20884nets/39.1%work  <60k: 8111nets/45.2%work  >=60k: 173nets/2.0%work
    fanout_hist[outer=15]: fan1: 43710nets/13.5%work  fan2-4: 48279nets/50.4%work  fan5-16: 12974nets/35.2%work  fan17-64: 154nets/1.0%work  fan65-256: 0nets/0.0%work  fan>256: 0nets/0.0%work
    rss_probe[outer=15]: pre_post_solve=4653MB post_post_solve=4665MB after_apply=4665MB
    E_decomp: base=3679437.2 eff=161508581468392.3 cong=161508577788955.1 cong_share=100.0% sat_pipes=70354 max_util=1887.42  R_buckets: 1-2x=98583 2-10x=2073092 10-100x=350728 >=100x=40000
    E_potential: beckmann=102797240152269.0 history_total=0.0
    SpanCache: epoch=16 entries=1776 lookups=2562403 hits=2560627 misses=1776 hit_rate=99.9%
  DCD  15: nets=105117 line=11566812 energy=15382685321.087 dE=+1459220978.859 friction=7170957.6 bins=2.0x(184) excess=57.5 moved=68008 disp=4.476 solves=105117 skip=105117 pops=554314194 theta=2.661 refresh=64651ms dcd=6841ms total=74188ms
    cache_stats: entries=58583224 capacity=118740130 est_mb=1024 rss_mb=4665
RSS_SAMPLE t=1073.1s rss=4665MB hwm=4665MB
RSS_SAMPLE t=1073.4s rss=4665MB hwm=4665MB
RSS_SAMPLE t=1073.7s rss=4665MB hwm=4665MB
RSS_SAMPLE t=1073.9s rss=4665MB hwm=4665MB
RSS_SAMPLE t=1074.2s rss=4665MB hwm=4665MB
RSS_SAMPLE t=1074.4s rss=4665MB hwm=4665MB
RSS_SAMPLE t=1074.7s rss=4665MB hwm=4665MB
RSS_SAMPLE t=1074.9s rss=4665MB hwm=4665MB
RSS_SAMPLE t=1075.2s rss=4665MB hwm=4665MB
RSS_SAMPLE t=1075.4s rss=4665MB hwm=4665MB
RSS_SAMPLE t=1075.7s rss=4665MB hwm=4665MB
RSS_SAMPLE t=1075.9s rss=4665MB hwm=4665MB
    SwitchMatrix: type_usage_pairs=617 lookups=1540 hits=923 dijkstra_calls=617 avg_us=12.2 total_ms=7.5
PHASE_MARK outer=16 enter=pre_solve rss=4665MB
    rss_probe[outer=16]: pre_refresh_rss=4665MB post_pre_solve_rss=4665MB cache_entries=58583224 cache_cap=118740130 cache_est_mb=1024
    pre_solve_diag[outer=16]: solves=0 fallback=0 (0.0%) cap_armed=0 (0.0%) settle_avg=0 settle_max=0 init_count=242
    Overflow: over=69502 (2.7% of used) avg_excess=5.67 max_excess=2592.26 (nc=2616.26 cap=24 span=1)  excess_buckets: <=1=9220 1-5=40859 5-20=16698 >20=2725  by_cap: cap1=1754 cap2=66032 cap3-5=0 cap>5=1716  by_span: s1=481 s2-3=911 s4-6=1556 s7-12=65194 s>12=1360  le1_cross: cap1=873 cap2-5=8185 cap>5=162
    Congestion: pipes=2562403 used=2562403 congested(>50%)=78113 saturated(>90%)=70354 max_util=1887.42 avg_util=0.1415
PHASE_MARK outer=16 enter=dcd_sweep rss=4665MB
RSS_SAMPLE t=1076.2s rss=4665MB hwm=4665MB
RSS_SAMPLE t=1076.4s rss=4665MB hwm=4665MB
RSS_SAMPLE t=1076.7s rss=4665MB hwm=4665MB
RSS_SAMPLE t=1076.9s rss=4665MB hwm=4665MB
RSS_SAMPLE t=1077.2s rss=4665MB hwm=4665MB
RSS_SAMPLE t=1077.4s rss=4665MB hwm=4665MB
RSS_SAMPLE t=1077.7s rss=4665MB hwm=4665MB
RSS_SAMPLE t=1077.9s rss=4665MB hwm=4665MB
RSS_SAMPLE t=1078.2s rss=4665MB hwm=4665MB
RSS_SAMPLE t=1078.4s rss=4665MB hwm=4665MB
RSS_SAMPLE t=1078.7s rss=4665MB hwm=4665MB
RSS_SAMPLE t=1078.9s rss=4665MB hwm=4665MB
RSS_SAMPLE t=1079.2s rss=4665MB hwm=4665MB
RSS_SAMPLE t=1079.4s rss=4665MB hwm=4665MB
RSS_SAMPLE t=1079.7s rss=4665MB hwm=4665MB
RSS_SAMPLE t=1079.9s rss=4665MB hwm=4665MB
RSS_SAMPLE t=1080.2s rss=4665MB hwm=4665MB
RSS_SAMPLE t=1080.4s rss=4665MB hwm=4665MB
RSS_SAMPLE t=1080.7s rss=4665MB hwm=4665MB
RSS_SAMPLE t=1080.9s rss=4665MB hwm=4665MB
RSS_SAMPLE t=1081.2s rss=4665MB hwm=4665MB
RSS_SAMPLE t=1081.4s rss=4665MB hwm=4665MB
RSS_SAMPLE t=1081.7s rss=4665MB hwm=4665MB
RSS_SAMPLE t=1081.9s rss=4665MB hwm=4665MB
RSS_SAMPLE t=1082.2s rss=4665MB hwm=4665MB
RSS_SAMPLE t=1082.4s rss=4665MB hwm=4665MB
RSS_SAMPLE t=1082.7s rss=4665MB hwm=4665MB
PHASE_MARK outer=16 leave=dcd_sweep rss=4665MB
PHASE_MARK outer=16 enter=post_refresh rss=4665MB
RSS_SAMPLE t=1082.9s rss=4665MB hwm=4665MB
RSS_SAMPLE t=1083.2s rss=4665MB hwm=4665MB
RSS_SAMPLE t=1083.4s rss=4665MB hwm=4665MB
RSS_SAMPLE t=1083.7s rss=4665MB hwm=4665MB
RSS_SAMPLE t=1083.9s rss=4665MB hwm=4665MB
RSS_SAMPLE t=1084.2s rss=4665MB hwm=4665MB
RSS_SAMPLE t=1084.4s rss=4665MB hwm=4665MB
RSS_SAMPLE t=1084.7s rss=4665MB hwm=4665MB
RSS_SAMPLE t=1084.9s rss=4665MB hwm=4665MB
RSS_SAMPLE t=1085.2s rss=4665MB hwm=4665MB
RSS_SAMPLE t=1085.4s rss=4665MB hwm=4665MB
RSS_SAMPLE t=1085.7s rss=4665MB hwm=4665MB
RSS_SAMPLE t=1085.9s rss=4665MB hwm=4665MB
RSS_SAMPLE t=1086.2s rss=4665MB hwm=4665MB
RSS_SAMPLE t=1086.4s rss=4665MB hwm=4665MB
RSS_SAMPLE t=1086.7s rss=4665MB hwm=4665MB
RSS_SAMPLE t=1086.9s rss=4665MB hwm=4665MB
RSS_SAMPLE t=1087.2s rss=4665MB hwm=4665MB
RSS_SAMPLE t=1087.4s rss=4665MB hwm=4665MB
RSS_SAMPLE t=1087.7s rss=4665MB hwm=4665MB
RSS_SAMPLE t=1087.9s rss=4665MB hwm=4665MB
RSS_SAMPLE t=1088.2s rss=4665MB hwm=4665MB
RSS_SAMPLE t=1088.4s rss=4665MB hwm=4665MB
RSS_SAMPLE t=1088.7s rss=4665MB hwm=4665MB
RSS_SAMPLE t=1088.9s rss=4665MB hwm=4665MB
RSS_SAMPLE t=1089.2s rss=4665MB hwm=4665MB
RSS_SAMPLE t=1089.4s rss=4665MB hwm=4665MB
RSS_SAMPLE t=1089.7s rss=4665MB hwm=4665MB
RSS_SAMPLE t=1089.9s rss=4665MB hwm=4665MB
RSS_SAMPLE t=1090.2s rss=4665MB hwm=4665MB
RSS_SAMPLE t=1090.4s rss=4665MB hwm=4665MB
RSS_SAMPLE t=1090.7s rss=4665MB hwm=4665MB
RSS_SAMPLE t=1090.9s rss=4665MB hwm=4665MB
RSS_SAMPLE t=1091.2s rss=4666MB hwm=4666MB
RSS_SAMPLE t=1091.4s rss=4666MB hwm=4666MB
RSS_SAMPLE t=1091.7s rss=4666MB hwm=4666MB
RSS_SAMPLE t=1091.9s rss=4666MB hwm=4666MB
RSS_SAMPLE t=1092.2s rss=4666MB hwm=4666MB
RSS_SAMPLE t=1092.4s rss=4666MB hwm=4666MB
RSS_SAMPLE t=1092.7s rss=4666MB hwm=4666MB
RSS_SAMPLE t=1092.9s rss=4666MB hwm=4666MB
RSS_SAMPLE t=1093.2s rss=4666MB hwm=4666MB
RSS_SAMPLE t=1093.4s rss=4666MB hwm=4666MB
RSS_SAMPLE t=1093.7s rss=4666MB hwm=4666MB
RSS_SAMPLE t=1093.9s rss=4666MB hwm=4666MB
RSS_SAMPLE t=1094.2s rss=4666MB hwm=4666MB
RSS_SAMPLE t=1094.4s rss=4666MB hwm=4666MB
RSS_SAMPLE t=1094.7s rss=4666MB hwm=4666MB
RSS_SAMPLE t=1094.9s rss=4666MB hwm=4666MB
RSS_SAMPLE t=1095.2s rss=4666MB hwm=4666MB
RSS_SAMPLE t=1095.4s rss=4666MB hwm=4666MB
RSS_SAMPLE t=1095.7s rss=4666MB hwm=4666MB
RSS_SAMPLE t=1095.9s rss=4666MB hwm=4666MB
RSS_SAMPLE t=1096.2s rss=4666MB hwm=4666MB
RSS_SAMPLE t=1096.4s rss=4666MB hwm=4666MB
RSS_SAMPLE t=1096.7s rss=4666MB hwm=4666MB
RSS_SAMPLE t=1096.9s rss=4666MB hwm=4666MB
RSS_SAMPLE t=1097.2s rss=4666MB hwm=4666MB
RSS_SAMPLE t=1097.4s rss=4666MB hwm=4666MB
RSS_SAMPLE t=1097.7s rss=4666MB hwm=4666MB
RSS_SAMPLE t=1097.9s rss=4666MB hwm=4666MB
RSS_SAMPLE t=1098.2s rss=4666MB hwm=4666MB
RSS_SAMPLE t=1098.4s rss=4666MB hwm=4666MB
RSS_SAMPLE t=1098.7s rss=4666MB hwm=4666MB
RSS_SAMPLE t=1098.9s rss=4666MB hwm=4666MB
RSS_SAMPLE t=1099.2s rss=4666MB hwm=4666MB
RSS_SAMPLE t=1099.4s rss=4666MB hwm=4666MB
RSS_SAMPLE t=1099.7s rss=4666MB hwm=4666MB
RSS_SAMPLE t=1099.9s rss=4666MB hwm=4666MB
RSS_SAMPLE t=1100.2s rss=4666MB hwm=4666MB
RSS_SAMPLE t=1100.4s rss=4666MB hwm=4666MB
RSS_SAMPLE t=1100.7s rss=4666MB hwm=4666MB
RSS_SAMPLE t=1100.9s rss=4666MB hwm=4666MB
RSS_SAMPLE t=1101.2s rss=4666MB hwm=4666MB
RSS_SAMPLE t=1101.4s rss=4666MB hwm=4666MB
RSS_SAMPLE t=1101.7s rss=4666MB hwm=4666MB
RSS_SAMPLE t=1101.9s rss=4666MB hwm=4666MB
RSS_SAMPLE t=1102.2s rss=4666MB hwm=4666MB
RSS_SAMPLE t=1102.4s rss=4666MB hwm=4666MB
RSS_SAMPLE t=1102.7s rss=4666MB hwm=4666MB
RSS_SAMPLE t=1102.9s rss=4666MB hwm=4666MB
RSS_SAMPLE t=1103.2s rss=4667MB hwm=4667MB
RSS_SAMPLE t=1103.4s rss=4667MB hwm=4667MB
RSS_SAMPLE t=1103.7s rss=4667MB hwm=4667MB
RSS_SAMPLE t=1103.9s rss=4667MB hwm=4667MB
RSS_SAMPLE t=1104.2s rss=4667MB hwm=4667MB
RSS_SAMPLE t=1104.4s rss=4667MB hwm=4667MB
RSS_SAMPLE t=1104.7s rss=4667MB hwm=4667MB
RSS_SAMPLE t=1104.9s rss=4667MB hwm=4667MB
RSS_SAMPLE t=1105.2s rss=4667MB hwm=4667MB
RSS_SAMPLE t=1105.4s rss=4667MB hwm=4667MB
RSS_SAMPLE t=1105.7s rss=4667MB hwm=4667MB
RSS_SAMPLE t=1105.9s rss=4667MB hwm=4667MB
RSS_SAMPLE t=1106.2s rss=4667MB hwm=4667MB
RSS_SAMPLE t=1106.4s rss=4667MB hwm=4667MB
RSS_SAMPLE t=1106.7s rss=4668MB hwm=4668MB
RSS_SAMPLE t=1106.9s rss=4668MB hwm=4668MB
RSS_SAMPLE t=1107.2s rss=4668MB hwm=4668MB
RSS_SAMPLE t=1107.4s rss=4668MB hwm=4668MB
RSS_SAMPLE t=1107.7s rss=4668MB hwm=4668MB
RSS_SAMPLE t=1107.9s rss=4668MB hwm=4668MB
RSS_SAMPLE t=1108.2s rss=4668MB hwm=4668MB
RSS_SAMPLE t=1108.4s rss=4668MB hwm=4668MB
RSS_SAMPLE t=1108.7s rss=4668MB hwm=4668MB
RSS_SAMPLE t=1108.9s rss=4668MB hwm=4668MB
RSS_SAMPLE t=1109.2s rss=4668MB hwm=4668MB
RSS_SAMPLE t=1109.4s rss=4668MB hwm=4668MB
RSS_SAMPLE t=1109.7s rss=4668MB hwm=4668MB
RSS_SAMPLE t=1109.9s rss=4668MB hwm=4668MB
RSS_SAMPLE t=1110.2s rss=4668MB hwm=4668MB
RSS_SAMPLE t=1110.4s rss=4668MB hwm=4668MB
RSS_SAMPLE t=1110.7s rss=4668MB hwm=4668MB
RSS_SAMPLE t=1110.9s rss=4668MB hwm=4668MB
RSS_SAMPLE t=1111.2s rss=4669MB hwm=4669MB
RSS_SAMPLE t=1111.4s rss=4669MB hwm=4669MB
RSS_SAMPLE t=1111.7s rss=4669MB hwm=4669MB
RSS_SAMPLE t=1111.9s rss=4669MB hwm=4669MB
RSS_SAMPLE t=1112.2s rss=4669MB hwm=4669MB
RSS_SAMPLE t=1112.4s rss=4669MB hwm=4669MB
RSS_SAMPLE t=1112.7s rss=4669MB hwm=4669MB
RSS_SAMPLE t=1113.0s rss=4669MB hwm=4669MB
RSS_SAMPLE t=1113.2s rss=4669MB hwm=4669MB
RSS_SAMPLE t=1113.5s rss=4670MB hwm=4670MB
RSS_SAMPLE t=1113.7s rss=4670MB hwm=4670MB
RSS_SAMPLE t=1114.0s rss=4670MB hwm=4670MB
RSS_SAMPLE t=1114.2s rss=4670MB hwm=4670MB
RSS_SAMPLE t=1114.5s rss=4670MB hwm=4670MB
RSS_SAMPLE t=1114.7s rss=4670MB hwm=4670MB
RSS_SAMPLE t=1115.0s rss=4670MB hwm=4670MB
RSS_SAMPLE t=1115.2s rss=4670MB hwm=4670MB
RSS_SAMPLE t=1115.5s rss=4670MB hwm=4670MB
RSS_SAMPLE t=1115.7s rss=4671MB hwm=4671MB
RSS_SAMPLE t=1116.0s rss=4671MB hwm=4671MB
RSS_SAMPLE t=1116.2s rss=4671MB hwm=4671MB
RSS_SAMPLE t=1116.5s rss=4671MB hwm=4671MB
RSS_SAMPLE t=1116.7s rss=4671MB hwm=4671MB
RSS_SAMPLE t=1117.0s rss=4671MB hwm=4671MB
RSS_SAMPLE t=1117.2s rss=4672MB hwm=4672MB
RSS_SAMPLE t=1117.5s rss=4672MB hwm=4672MB
RSS_SAMPLE t=1117.7s rss=4672MB hwm=4672MB
RSS_SAMPLE t=1118.0s rss=4672MB hwm=4672MB
RSS_SAMPLE t=1118.2s rss=4672MB hwm=4672MB
RSS_SAMPLE t=1118.5s rss=4672MB hwm=4672MB
RSS_SAMPLE t=1118.7s rss=4672MB hwm=4672MB
RSS_SAMPLE t=1119.0s rss=4672MB hwm=4672MB
RSS_SAMPLE t=1119.2s rss=4672MB hwm=4672MB
RSS_SAMPLE t=1119.5s rss=4672MB hwm=4672MB
RSS_SAMPLE t=1119.7s rss=4672MB hwm=4672MB
RSS_SAMPLE t=1120.0s rss=4673MB hwm=4673MB
RSS_SAMPLE t=1120.2s rss=4673MB hwm=4673MB
RSS_SAMPLE t=1120.5s rss=4673MB hwm=4673MB
RSS_SAMPLE t=1120.7s rss=4673MB hwm=4673MB
RSS_SAMPLE t=1121.0s rss=4674MB hwm=4674MB
RSS_SAMPLE t=1121.2s rss=4674MB hwm=4674MB
RSS_SAMPLE t=1121.5s rss=4674MB hwm=4674MB
RSS_SAMPLE t=1121.7s rss=4675MB hwm=4675MB
RSS_SAMPLE t=1122.0s rss=4675MB hwm=4675MB
RSS_SAMPLE t=1122.2s rss=4676MB hwm=4676MB
RSS_SAMPLE t=1122.5s rss=4676MB hwm=4676MB
RSS_SAMPLE t=1122.7s rss=4677MB hwm=4677MB
RSS_SAMPLE t=1123.0s rss=4677MB hwm=4677MB
RSS_SAMPLE t=1123.2s rss=4677MB hwm=4677MB
RSS_SAMPLE t=1123.5s rss=4677MB hwm=4677MB
RSS_SAMPLE t=1123.7s rss=4677MB hwm=4677MB
RSS_SAMPLE t=1124.0s rss=4678MB hwm=4678MB
RSS_SAMPLE t=1124.2s rss=4678MB hwm=4678MB
RSS_SAMPLE t=1124.5s rss=4678MB hwm=4678MB
RSS_SAMPLE t=1124.7s rss=4678MB hwm=4678MB
RSS_SAMPLE t=1125.0s rss=4678MB hwm=4678MB
RSS_SAMPLE t=1125.2s rss=4678MB hwm=4678MB
RSS_SAMPLE t=1125.5s rss=4678MB hwm=4678MB
RSS_SAMPLE t=1125.7s rss=4678MB hwm=4678MB
RSS_SAMPLE t=1126.0s rss=4678MB hwm=4678MB
RSS_SAMPLE t=1126.2s rss=4678MB hwm=4678MB
RSS_SAMPLE t=1126.5s rss=4678MB hwm=4678MB
RSS_SAMPLE t=1126.7s rss=4678MB hwm=4678MB
RSS_SAMPLE t=1127.0s rss=4678MB hwm=4678MB
RSS_SAMPLE t=1127.2s rss=4678MB hwm=4678MB
RSS_SAMPLE t=1127.5s rss=4678MB hwm=4678MB
RSS_SAMPLE t=1127.7s rss=4678MB hwm=4678MB
RSS_SAMPLE t=1128.0s rss=4678MB hwm=4678MB
RSS_SAMPLE t=1128.2s rss=4678MB hwm=4678MB
RSS_SAMPLE t=1128.5s rss=4678MB hwm=4678MB
RSS_SAMPLE t=1128.7s rss=4678MB hwm=4678MB
RSS_SAMPLE t=1129.0s rss=4678MB hwm=4678MB
RSS_SAMPLE t=1129.2s rss=4678MB hwm=4678MB
RSS_SAMPLE t=1129.5s rss=4678MB hwm=4678MB
RSS_SAMPLE t=1129.7s rss=4678MB hwm=4678MB
RSS_SAMPLE t=1130.0s rss=4678MB hwm=4678MB
RSS_SAMPLE t=1130.2s rss=4678MB hwm=4678MB
RSS_SAMPLE t=1130.5s rss=4678MB hwm=4678MB
RSS_SAMPLE t=1130.7s rss=4678MB hwm=4678MB
RSS_SAMPLE t=1131.0s rss=4678MB hwm=4678MB
RSS_SAMPLE t=1131.2s rss=4678MB hwm=4678MB
RSS_SAMPLE t=1131.5s rss=4678MB hwm=4678MB
RSS_SAMPLE t=1131.7s rss=4678MB hwm=4678MB
RSS_SAMPLE t=1132.0s rss=4678MB hwm=4678MB
RSS_SAMPLE t=1132.2s rss=4678MB hwm=4678MB
RSS_SAMPLE t=1132.5s rss=4678MB hwm=4678MB
RSS_SAMPLE t=1132.7s rss=4678MB hwm=4678MB
RSS_SAMPLE t=1133.0s rss=4678MB hwm=4678MB
RSS_SAMPLE t=1133.2s rss=4678MB hwm=4678MB
RSS_SAMPLE t=1133.5s rss=4678MB hwm=4678MB
RSS_SAMPLE t=1133.7s rss=4678MB hwm=4678MB
RSS_SAMPLE t=1134.0s rss=4678MB hwm=4678MB
RSS_SAMPLE t=1134.2s rss=4678MB hwm=4678MB
RSS_SAMPLE t=1134.5s rss=4678MB hwm=4678MB
RSS_SAMPLE t=1134.7s rss=4678MB hwm=4678MB
RSS_SAMPLE t=1135.0s rss=4678MB hwm=4678MB
RSS_SAMPLE t=1135.2s rss=4678MB hwm=4678MB
RSS_SAMPLE t=1135.5s rss=4678MB hwm=4678MB
RSS_SAMPLE t=1135.7s rss=4678MB hwm=4678MB
RSS_SAMPLE t=1136.0s rss=4678MB hwm=4678MB
RSS_SAMPLE t=1136.2s rss=4678MB hwm=4678MB
RSS_SAMPLE t=1136.5s rss=4678MB hwm=4678MB
RSS_SAMPLE t=1136.7s rss=4678MB hwm=4678MB
RSS_SAMPLE t=1137.0s rss=4678MB hwm=4678MB
RSS_SAMPLE t=1137.2s rss=4678MB hwm=4678MB
RSS_SAMPLE t=1137.5s rss=4678MB hwm=4678MB
RSS_SAMPLE t=1137.7s rss=4678MB hwm=4678MB
RSS_SAMPLE t=1138.0s rss=4678MB hwm=4678MB
RSS_SAMPLE t=1138.2s rss=4678MB hwm=4678MB
RSS_SAMPLE t=1138.5s rss=4678MB hwm=4678MB
RSS_SAMPLE t=1138.7s rss=4678MB hwm=4678MB
RSS_SAMPLE t=1139.0s rss=4678MB hwm=4678MB
RSS_SAMPLE t=1139.2s rss=4678MB hwm=4678MB
RSS_SAMPLE t=1139.5s rss=4678MB hwm=4678MB
RSS_SAMPLE t=1139.7s rss=4678MB hwm=4678MB
RSS_SAMPLE t=1140.0s rss=4678MB hwm=4678MB
RSS_SAMPLE t=1140.2s rss=4678MB hwm=4678MB
RSS_SAMPLE t=1140.5s rss=4678MB hwm=4678MB
RSS_SAMPLE t=1140.7s rss=4678MB hwm=4678MB
RSS_SAMPLE t=1141.0s rss=4678MB hwm=4678MB
RSS_SAMPLE t=1141.2s rss=4678MB hwm=4678MB
RSS_SAMPLE t=1141.5s rss=4678MB hwm=4678MB
RSS_SAMPLE t=1141.7s rss=4678MB hwm=4678MB
RSS_SAMPLE t=1142.0s rss=4678MB hwm=4678MB
RSS_SAMPLE t=1142.2s rss=4678MB hwm=4678MB
RSS_SAMPLE t=1142.5s rss=4678MB hwm=4678MB
RSS_SAMPLE t=1142.7s rss=4678MB hwm=4678MB
RSS_SAMPLE t=1143.0s rss=4678MB hwm=4678MB
RSS_SAMPLE t=1143.2s rss=4678MB hwm=4678MB
RSS_SAMPLE t=1143.5s rss=4678MB hwm=4678MB
RSS_SAMPLE t=1143.7s rss=4678MB hwm=4678MB
RSS_SAMPLE t=1144.0s rss=4678MB hwm=4678MB
RSS_SAMPLE t=1144.2s rss=4678MB hwm=4678MB
RSS_SAMPLE t=1144.5s rss=4678MB hwm=4678MB
RSS_SAMPLE t=1144.7s rss=4678MB hwm=4678MB
RSS_SAMPLE t=1145.0s rss=4678MB hwm=4678MB
RSS_SAMPLE t=1145.2s rss=4678MB hwm=4678MB
RSS_SAMPLE t=1145.5s rss=4678MB hwm=4678MB
RSS_SAMPLE t=1145.7s rss=4678MB hwm=4678MB
RSS_SAMPLE t=1146.0s rss=4678MB hwm=4678MB
RSS_SAMPLE t=1146.2s rss=4678MB hwm=4678MB
RSS_SAMPLE t=1146.5s rss=4678MB hwm=4678MB
RSS_SAMPLE t=1146.7s rss=4678MB hwm=4678MB
RSS_SAMPLE t=1147.0s rss=4678MB hwm=4678MB
RSS_SAMPLE t=1147.2s rss=4678MB hwm=4678MB
RSS_SAMPLE t=1147.5s rss=4678MB hwm=4678MB
MEM_POOL: workspaces=32 dense_usage_mb=1251 n_pipes=2562403
    post_solve_diag[outer=16]: solves=105117 cap_armed=105117 (100.0%) settle_avg=5107 above_sink_avg=142 (2.8%) settle_max=69353
    settle_hist[outer=16]: <100: 33178nets/0.1%work  <1k: 18615nets/1.4%work  <5k: 24810nets/12.4%work  <20k: 20662nets/39.9%work  <60k: 7694nets/44.3%work  >=60k: 158nets/1.9%work
    fanout_hist[outer=16]: fan1: 43710nets/13.3%work  fan2-4: 48279nets/50.3%work  fan5-16: 12974nets/35.3%work  fan17-64: 154nets/1.0%work  fan65-256: 0nets/0.0%work  fan>256: 0nets/0.0%work
    rss_probe[outer=16]: pre_post_solve=4665MB post_post_solve=4678MB after_apply=4678MB
    E_decomp: base=3451361.2 eff=257298738866554.7 cong=257298735415193.5 cong_share=100.0% sat_pipes=69428 max_util=943.71  R_buckets: 1-2x=102747 2-10x=1797098 10-100x=605126 >=100x=57432
    E_potential: beckmann=32675346760074.8 history_total=0.0
    SpanCache: epoch=17 entries=1540 lookups=2562403 hits=2560863 misses=1540 hit_rate=99.9%
  DCD  16: nets=105117 line=11301109 energy=11925793194.259 dE=-3456892126.828 friction=4648273.6 bins=2.0x(213) excess=65.4 moved=68151 disp=4.346 solves=105117 skip=105117 pops=536783718 theta=3.116 refresh=64789ms dcd=6840ms total=74471ms
    cache_stats: entries=56979064 capacity=117119674 est_mb=1010 rss_mb=4678
RSS_SAMPLE t=1147.7s rss=4678MB hwm=4678MB
RSS_SAMPLE t=1148.0s rss=4678MB hwm=4678MB
RSS_SAMPLE t=1148.2s rss=4678MB hwm=4678MB
RSS_SAMPLE t=1148.5s rss=4678MB hwm=4678MB
RSS_SAMPLE t=1148.7s rss=4678MB hwm=4678MB
RSS_SAMPLE t=1149.0s rss=4678MB hwm=4678MB
RSS_SAMPLE t=1149.2s rss=4678MB hwm=4678MB
RSS_SAMPLE t=1149.5s rss=4678MB hwm=4678MB
RSS_SAMPLE t=1149.7s rss=4678MB hwm=4678MB
RSS_SAMPLE t=1150.0s rss=4678MB hwm=4678MB
RSS_SAMPLE t=1150.2s rss=4678MB hwm=4678MB
    SwitchMatrix: type_usage_pairs=605 lookups=1398 hits=793 dijkstra_calls=605 avg_us=9.6 total_ms=5.8
PHASE_MARK outer=17 enter=pre_solve rss=4678MB
    rss_probe[outer=17]: pre_refresh_rss=4678MB post_pre_solve_rss=4678MB cache_entries=56979064 cache_cap=117119674 cache_est_mb=1010
    pre_solve_diag[outer=17]: solves=0 fallback=0 (0.0%) cap_armed=0 (0.0%) settle_avg=0 settle_max=0 init_count=248
    Overflow: over=68117 (2.7% of used) avg_excess=6.08 max_excess=3126.03 (nc=3150.03 cap=24 span=1)  excess_buckets: <=1=8702 1-5=38342 5-20=17996 >20=3077  by_cap: cap1=1187 cap2=64390 cap3-5=0 cap>5=2540  by_span: s1=487 s2-3=812 s4-6=2498 s7-12=63521 s>12=799  le1_cross: cap1=713 cap2-5=7798 cap>5=191
    Congestion: pipes=2562403 used=2562403 congested(>50%)=77033 saturated(>90%)=69428 max_util=943.71 avg_util=0.1365
PHASE_MARK outer=17 enter=dcd_sweep rss=4678MB
RSS_SAMPLE t=1150.5s rss=4678MB hwm=4678MB
RSS_SAMPLE t=1150.7s rss=4678MB hwm=4678MB
RSS_SAMPLE t=1151.0s rss=4678MB hwm=4678MB
RSS_SAMPLE t=1151.2s rss=4678MB hwm=4678MB
RSS_SAMPLE t=1151.5s rss=4678MB hwm=4678MB
RSS_SAMPLE t=1151.7s rss=4678MB hwm=4678MB
RSS_SAMPLE t=1152.0s rss=4678MB hwm=4678MB
RSS_SAMPLE t=1152.2s rss=4678MB hwm=4678MB
RSS_SAMPLE t=1152.5s rss=4678MB hwm=4678MB
RSS_SAMPLE t=1152.7s rss=4678MB hwm=4678MB
RSS_SAMPLE t=1153.0s rss=4678MB hwm=4678MB
RSS_SAMPLE t=1153.2s rss=4678MB hwm=4678MB
RSS_SAMPLE t=1153.5s rss=4678MB hwm=4678MB
RSS_SAMPLE t=1153.7s rss=4678MB hwm=4678MB
RSS_SAMPLE t=1154.0s rss=4678MB hwm=4678MB
RSS_SAMPLE t=1154.2s rss=4678MB hwm=4678MB
RSS_SAMPLE t=1154.5s rss=4678MB hwm=4678MB
RSS_SAMPLE t=1154.7s rss=4678MB hwm=4678MB
RSS_SAMPLE t=1155.0s rss=4678MB hwm=4678MB
RSS_SAMPLE t=1155.2s rss=4678MB hwm=4678MB
RSS_SAMPLE t=1155.5s rss=4678MB hwm=4678MB
RSS_SAMPLE t=1155.7s rss=4678MB hwm=4678MB
RSS_SAMPLE t=1156.0s rss=4678MB hwm=4678MB
RSS_SAMPLE t=1156.2s rss=4678MB hwm=4678MB
RSS_SAMPLE t=1156.5s rss=4678MB hwm=4678MB
RSS_SAMPLE t=1156.7s rss=4678MB hwm=4678MB
RSS_SAMPLE t=1157.0s rss=4678MB hwm=4678MB
PHASE_MARK outer=17 leave=dcd_sweep rss=4678MB
PHASE_MARK outer=17 enter=post_refresh rss=4678MB
RSS_SAMPLE t=1157.2s rss=4679MB hwm=4679MB
RSS_SAMPLE t=1157.5s rss=4679MB hwm=4679MB
RSS_SAMPLE t=1157.7s rss=4679MB hwm=4679MB
RSS_SAMPLE t=1158.0s rss=4679MB hwm=4679MB
RSS_SAMPLE t=1158.2s rss=4679MB hwm=4679MB
RSS_SAMPLE t=1158.5s rss=4679MB hwm=4679MB
RSS_SAMPLE t=1158.7s rss=4679MB hwm=4679MB
RSS_SAMPLE t=1159.0s rss=4679MB hwm=4679MB
RSS_SAMPLE t=1159.2s rss=4679MB hwm=4679MB
RSS_SAMPLE t=1159.5s rss=4679MB hwm=4679MB
RSS_SAMPLE t=1159.7s rss=4679MB hwm=4679MB
RSS_SAMPLE t=1160.0s rss=4679MB hwm=4679MB
RSS_SAMPLE t=1160.2s rss=4679MB hwm=4679MB
RSS_SAMPLE t=1160.5s rss=4679MB hwm=4679MB
RSS_SAMPLE t=1160.7s rss=4679MB hwm=4679MB
RSS_SAMPLE t=1161.0s rss=4679MB hwm=4679MB
RSS_SAMPLE t=1161.2s rss=4679MB hwm=4679MB
RSS_SAMPLE t=1161.5s rss=4679MB hwm=4679MB
RSS_SAMPLE t=1161.7s rss=4680MB hwm=4680MB
RSS_SAMPLE t=1162.0s rss=4680MB hwm=4680MB
RSS_SAMPLE t=1162.2s rss=4680MB hwm=4680MB
RSS_SAMPLE t=1162.5s rss=4680MB hwm=4680MB
RSS_SAMPLE t=1162.7s rss=4680MB hwm=4680MB
RSS_SAMPLE t=1163.0s rss=4680MB hwm=4680MB
RSS_SAMPLE t=1163.2s rss=4680MB hwm=4680MB
RSS_SAMPLE t=1163.5s rss=4680MB hwm=4680MB
RSS_SAMPLE t=1163.7s rss=4680MB hwm=4680MB
RSS_SAMPLE t=1164.0s rss=4680MB hwm=4680MB
RSS_SAMPLE t=1164.2s rss=4681MB hwm=4681MB
RSS_SAMPLE t=1164.5s rss=4681MB hwm=4681MB
RSS_SAMPLE t=1164.7s rss=4681MB hwm=4681MB
RSS_SAMPLE t=1165.0s rss=4681MB hwm=4681MB
RSS_SAMPLE t=1165.2s rss=4681MB hwm=4681MB
RSS_SAMPLE t=1165.5s rss=4681MB hwm=4681MB
RSS_SAMPLE t=1165.7s rss=4681MB hwm=4681MB
RSS_SAMPLE t=1166.0s rss=4682MB hwm=4682MB
RSS_SAMPLE t=1166.2s rss=4682MB hwm=4682MB
RSS_SAMPLE t=1166.5s rss=4682MB hwm=4682MB
RSS_SAMPLE t=1166.7s rss=4682MB hwm=4682MB
RSS_SAMPLE t=1167.0s rss=4682MB hwm=4682MB
RSS_SAMPLE t=1167.2s rss=4683MB hwm=4683MB
RSS_SAMPLE t=1167.5s rss=4683MB hwm=4683MB
RSS_SAMPLE t=1167.7s rss=4683MB hwm=4683MB
RSS_SAMPLE t=1168.0s rss=4683MB hwm=4683MB
RSS_SAMPLE t=1168.2s rss=4683MB hwm=4683MB
RSS_SAMPLE t=1168.5s rss=4683MB hwm=4683MB
RSS_SAMPLE t=1168.7s rss=4683MB hwm=4683MB
RSS_SAMPLE t=1169.0s rss=4684MB hwm=4684MB
RSS_SAMPLE t=1169.2s rss=4684MB hwm=4684MB
RSS_SAMPLE t=1169.5s rss=4684MB hwm=4684MB
RSS_SAMPLE t=1169.7s rss=4684MB hwm=4684MB
RSS_SAMPLE t=1170.0s rss=4684MB hwm=4684MB
RSS_SAMPLE t=1170.2s rss=4684MB hwm=4684MB
RSS_SAMPLE t=1170.5s rss=4684MB hwm=4684MB
RSS_SAMPLE t=1170.8s rss=4685MB hwm=4685MB
RSS_SAMPLE t=1171.0s rss=4685MB hwm=4685MB
RSS_SAMPLE t=1171.3s rss=4685MB hwm=4685MB
RSS_SAMPLE t=1171.5s rss=4685MB hwm=4685MB
RSS_SAMPLE t=1171.8s rss=4685MB hwm=4685MB
RSS_SAMPLE t=1172.0s rss=4685MB hwm=4685MB
RSS_SAMPLE t=1172.3s rss=4686MB hwm=4686MB
RSS_SAMPLE t=1172.5s rss=4686MB hwm=4686MB
RSS_SAMPLE t=1172.8s rss=4686MB hwm=4686MB
RSS_SAMPLE t=1173.0s rss=4686MB hwm=4686MB
RSS_SAMPLE t=1173.3s rss=4686MB hwm=4686MB
RSS_SAMPLE t=1173.5s rss=4686MB hwm=4686MB
RSS_SAMPLE t=1173.8s rss=4687MB hwm=4687MB
RSS_SAMPLE t=1174.0s rss=4687MB hwm=4687MB
RSS_SAMPLE t=1174.3s rss=4687MB hwm=4687MB
RSS_SAMPLE t=1174.5s rss=4687MB hwm=4687MB
RSS_SAMPLE t=1174.8s rss=4688MB hwm=4688MB
RSS_SAMPLE t=1175.0s rss=4688MB hwm=4688MB
RSS_SAMPLE t=1175.3s rss=4688MB hwm=4688MB
RSS_SAMPLE t=1175.5s rss=4688MB hwm=4688MB
RSS_SAMPLE t=1175.8s rss=4688MB hwm=4688MB
RSS_SAMPLE t=1176.0s rss=4688MB hwm=4688MB
RSS_SAMPLE t=1176.3s rss=4688MB hwm=4688MB
RSS_SAMPLE t=1176.5s rss=4689MB hwm=4689MB
RSS_SAMPLE t=1176.8s rss=4689MB hwm=4689MB
RSS_SAMPLE t=1177.0s rss=4689MB hwm=4689MB
RSS_SAMPLE t=1177.3s rss=4689MB hwm=4689MB
RSS_SAMPLE t=1177.5s rss=4689MB hwm=4689MB
RSS_SAMPLE t=1177.8s rss=4689MB hwm=4689MB
RSS_SAMPLE t=1178.0s rss=4689MB hwm=4689MB
RSS_SAMPLE t=1178.3s rss=4689MB hwm=4689MB
RSS_SAMPLE t=1178.5s rss=4689MB hwm=4689MB
RSS_SAMPLE t=1178.8s rss=4689MB hwm=4689MB
RSS_SAMPLE t=1179.0s rss=4689MB hwm=4689MB
RSS_SAMPLE t=1179.3s rss=4689MB hwm=4689MB
RSS_SAMPLE t=1179.5s rss=4689MB hwm=4689MB
RSS_SAMPLE t=1179.8s rss=4690MB hwm=4690MB
RSS_SAMPLE t=1180.0s rss=4690MB hwm=4690MB
RSS_SAMPLE t=1180.3s rss=4690MB hwm=4690MB
RSS_SAMPLE t=1180.5s rss=4690MB hwm=4690MB
RSS_SAMPLE t=1180.8s rss=4690MB hwm=4690MB
RSS_SAMPLE t=1181.0s rss=4690MB hwm=4690MB
RSS_SAMPLE t=1181.3s rss=4690MB hwm=4690MB
RSS_SAMPLE t=1181.5s rss=4690MB hwm=4690MB
RSS_SAMPLE t=1181.8s rss=4690MB hwm=4690MB
RSS_SAMPLE t=1182.0s rss=4690MB hwm=4690MB
RSS_SAMPLE t=1182.3s rss=4690MB hwm=4690MB
RSS_SAMPLE t=1182.5s rss=4690MB hwm=4690MB
RSS_SAMPLE t=1182.8s rss=4690MB hwm=4690MB
RSS_SAMPLE t=1183.0s rss=4690MB hwm=4690MB
RSS_SAMPLE t=1183.3s rss=4690MB hwm=4690MB
RSS_SAMPLE t=1183.5s rss=4690MB hwm=4690MB
RSS_SAMPLE t=1183.8s rss=4690MB hwm=4690MB
RSS_SAMPLE t=1184.0s rss=4690MB hwm=4690MB
RSS_SAMPLE t=1184.3s rss=4690MB hwm=4690MB
RSS_SAMPLE t=1184.5s rss=4690MB hwm=4690MB
RSS_SAMPLE t=1184.8s rss=4690MB hwm=4690MB
RSS_SAMPLE t=1185.0s rss=4690MB hwm=4690MB
RSS_SAMPLE t=1185.3s rss=4690MB hwm=4690MB
RSS_SAMPLE t=1185.5s rss=4690MB hwm=4690MB
RSS_SAMPLE t=1185.8s rss=4690MB hwm=4690MB
RSS_SAMPLE t=1186.0s rss=4690MB hwm=4690MB
RSS_SAMPLE t=1186.3s rss=4690MB hwm=4690MB
RSS_SAMPLE t=1186.5s rss=4690MB hwm=4690MB
RSS_SAMPLE t=1186.8s rss=4690MB hwm=4690MB
RSS_SAMPLE t=1187.0s rss=4690MB hwm=4690MB
RSS_SAMPLE t=1187.3s rss=4690MB hwm=4690MB
RSS_SAMPLE t=1187.5s rss=4690MB hwm=4690MB
RSS_SAMPLE t=1187.8s rss=4690MB hwm=4690MB
RSS_SAMPLE t=1188.0s rss=4690MB hwm=4690MB
RSS_SAMPLE t=1188.3s rss=4690MB hwm=4690MB
RSS_SAMPLE t=1188.5s rss=4690MB hwm=4690MB
RSS_SAMPLE t=1188.8s rss=4690MB hwm=4690MB
RSS_SAMPLE t=1189.0s rss=4690MB hwm=4690MB
RSS_SAMPLE t=1189.3s rss=4690MB hwm=4690MB
RSS_SAMPLE t=1189.5s rss=4690MB hwm=4690MB
RSS_SAMPLE t=1189.8s rss=4690MB hwm=4690MB
RSS_SAMPLE t=1190.0s rss=4690MB hwm=4690MB
RSS_SAMPLE t=1190.3s rss=4690MB hwm=4690MB
RSS_SAMPLE t=1190.5s rss=4690MB hwm=4690MB
RSS_SAMPLE t=1190.8s rss=4690MB hwm=4690MB
RSS_SAMPLE t=1191.0s rss=4690MB hwm=4690MB
RSS_SAMPLE t=1191.3s rss=4690MB hwm=4690MB
RSS_SAMPLE t=1191.5s rss=4690MB hwm=4690MB
RSS_SAMPLE t=1191.8s rss=4690MB hwm=4690MB
RSS_SAMPLE t=1192.0s rss=4690MB hwm=4690MB
RSS_SAMPLE t=1192.3s rss=4690MB hwm=4690MB
RSS_SAMPLE t=1192.5s rss=4690MB hwm=4690MB
RSS_SAMPLE t=1192.8s rss=4691MB hwm=4691MB
RSS_SAMPLE t=1193.0s rss=4691MB hwm=4691MB
RSS_SAMPLE t=1193.3s rss=4691MB hwm=4691MB
RSS_SAMPLE t=1193.5s rss=4691MB hwm=4691MB
RSS_SAMPLE t=1193.8s rss=4691MB hwm=4691MB
RSS_SAMPLE t=1194.0s rss=4691MB hwm=4691MB
RSS_SAMPLE t=1194.3s rss=4691MB hwm=4691MB
RSS_SAMPLE t=1194.5s rss=4691MB hwm=4691MB
RSS_SAMPLE t=1194.8s rss=4691MB hwm=4691MB
RSS_SAMPLE t=1195.0s rss=4691MB hwm=4691MB
RSS_SAMPLE t=1195.3s rss=4691MB hwm=4691MB
RSS_SAMPLE t=1195.5s rss=4691MB hwm=4691MB
RSS_SAMPLE t=1195.8s rss=4691MB hwm=4691MB
RSS_SAMPLE t=1196.0s rss=4691MB hwm=4691MB
RSS_SAMPLE t=1196.3s rss=4691MB hwm=4691MB
RSS_SAMPLE t=1196.5s rss=4691MB hwm=4691MB
RSS_SAMPLE t=1196.8s rss=4691MB hwm=4691MB
RSS_SAMPLE t=1197.0s rss=4691MB hwm=4691MB
RSS_SAMPLE t=1197.3s rss=4691MB hwm=4691MB
RSS_SAMPLE t=1197.5s rss=4691MB hwm=4691MB
RSS_SAMPLE t=1197.8s rss=4691MB hwm=4691MB
RSS_SAMPLE t=1198.0s rss=4691MB hwm=4691MB
RSS_SAMPLE t=1198.3s rss=4691MB hwm=4691MB
RSS_SAMPLE t=1198.5s rss=4691MB hwm=4691MB
RSS_SAMPLE t=1198.8s rss=4691MB hwm=4691MB
RSS_SAMPLE t=1199.0s rss=4691MB hwm=4691MB
RSS_SAMPLE t=1199.3s rss=4691MB hwm=4691MB
RSS_SAMPLE t=1199.5s rss=4691MB hwm=4691MB
RSS_SAMPLE t=1199.8s rss=4691MB hwm=4691MB
RSS_SAMPLE t=1200.0s rss=4691MB hwm=4691MB
RSS_SAMPLE t=1200.3s rss=4691MB hwm=4691MB
RSS_SAMPLE t=1200.5s rss=4691MB hwm=4691MB
RSS_SAMPLE t=1200.8s rss=4691MB hwm=4691MB
RSS_SAMPLE t=1201.0s rss=4691MB hwm=4691MB
RSS_SAMPLE t=1201.3s rss=4691MB hwm=4691MB
RSS_SAMPLE t=1201.5s rss=4691MB hwm=4691MB
RSS_SAMPLE t=1201.8s rss=4691MB hwm=4691MB
RSS_SAMPLE t=1202.0s rss=4691MB hwm=4691MB
RSS_SAMPLE t=1202.3s rss=4691MB hwm=4691MB
RSS_SAMPLE t=1202.5s rss=4691MB hwm=4691MB
RSS_SAMPLE t=1202.8s rss=4691MB hwm=4691MB
RSS_SAMPLE t=1203.0s rss=4691MB hwm=4691MB
RSS_SAMPLE t=1203.3s rss=4691MB hwm=4691MB
RSS_SAMPLE t=1203.5s rss=4691MB hwm=4691MB
RSS_SAMPLE t=1203.8s rss=4691MB hwm=4691MB
RSS_SAMPLE t=1204.0s rss=4691MB hwm=4691MB
RSS_SAMPLE t=1204.3s rss=4691MB hwm=4691MB
RSS_SAMPLE t=1204.5s rss=4691MB hwm=4691MB
RSS_SAMPLE t=1204.8s rss=4691MB hwm=4691MB
RSS_SAMPLE t=1205.0s rss=4691MB hwm=4691MB
RSS_SAMPLE t=1205.3s rss=4691MB hwm=4691MB
RSS_SAMPLE t=1205.5s rss=4691MB hwm=4691MB
RSS_SAMPLE t=1205.8s rss=4691MB hwm=4691MB
RSS_SAMPLE t=1206.0s rss=4691MB hwm=4691MB
RSS_SAMPLE t=1206.3s rss=4691MB hwm=4691MB
RSS_SAMPLE t=1206.5s rss=4691MB hwm=4691MB
RSS_SAMPLE t=1206.8s rss=4691MB hwm=4691MB
RSS_SAMPLE t=1207.0s rss=4691MB hwm=4691MB
RSS_SAMPLE t=1207.3s rss=4691MB hwm=4691MB
RSS_SAMPLE t=1207.5s rss=4691MB hwm=4691MB
RSS_SAMPLE t=1207.8s rss=4691MB hwm=4691MB
RSS_SAMPLE t=1208.0s rss=4691MB hwm=4691MB
RSS_SAMPLE t=1208.3s rss=4691MB hwm=4691MB
RSS_SAMPLE t=1208.5s rss=4691MB hwm=4691MB
RSS_SAMPLE t=1208.8s rss=4691MB hwm=4691MB
RSS_SAMPLE t=1209.0s rss=4691MB hwm=4691MB
RSS_SAMPLE t=1209.3s rss=4691MB hwm=4691MB
RSS_SAMPLE t=1209.5s rss=4691MB hwm=4691MB
RSS_SAMPLE t=1209.8s rss=4691MB hwm=4691MB
RSS_SAMPLE t=1210.0s rss=4691MB hwm=4691MB
RSS_SAMPLE t=1210.3s rss=4691MB hwm=4691MB
RSS_SAMPLE t=1210.5s rss=4691MB hwm=4691MB
RSS_SAMPLE t=1210.8s rss=4691MB hwm=4691MB
RSS_SAMPLE t=1211.0s rss=4691MB hwm=4691MB
RSS_SAMPLE t=1211.3s rss=4691MB hwm=4691MB
RSS_SAMPLE t=1211.5s rss=4691MB hwm=4691MB
RSS_SAMPLE t=1211.8s rss=4691MB hwm=4691MB
RSS_SAMPLE t=1212.0s rss=4691MB hwm=4691MB
RSS_SAMPLE t=1212.3s rss=4691MB hwm=4691MB
RSS_SAMPLE t=1212.5s rss=4691MB hwm=4691MB
RSS_SAMPLE t=1212.8s rss=4691MB hwm=4691MB
RSS_SAMPLE t=1213.0s rss=4691MB hwm=4691MB
RSS_SAMPLE t=1213.3s rss=4691MB hwm=4691MB
RSS_SAMPLE t=1213.5s rss=4691MB hwm=4691MB
RSS_SAMPLE t=1213.8s rss=4691MB hwm=4691MB
RSS_SAMPLE t=1214.0s rss=4691MB hwm=4691MB
RSS_SAMPLE t=1214.3s rss=4691MB hwm=4691MB
RSS_SAMPLE t=1214.5s rss=4691MB hwm=4691MB
RSS_SAMPLE t=1214.8s rss=4691MB hwm=4691MB
RSS_SAMPLE t=1215.0s rss=4691MB hwm=4691MB
RSS_SAMPLE t=1215.3s rss=4691MB hwm=4691MB
RSS_SAMPLE t=1215.5s rss=4691MB hwm=4691MB
RSS_SAMPLE t=1215.8s rss=4691MB hwm=4691MB
RSS_SAMPLE t=1216.0s rss=4691MB hwm=4691MB
RSS_SAMPLE t=1216.3s rss=4691MB hwm=4691MB
RSS_SAMPLE t=1216.5s rss=4691MB hwm=4691MB
RSS_SAMPLE t=1216.8s rss=4691MB hwm=4691MB
RSS_SAMPLE t=1217.0s rss=4691MB hwm=4691MB
RSS_SAMPLE t=1217.3s rss=4691MB hwm=4691MB
RSS_SAMPLE t=1217.5s rss=4691MB hwm=4691MB
RSS_SAMPLE t=1217.8s rss=4691MB hwm=4691MB
RSS_SAMPLE t=1218.0s rss=4691MB hwm=4691MB
RSS_SAMPLE t=1218.3s rss=4691MB hwm=4691MB
RSS_SAMPLE t=1218.5s rss=4691MB hwm=4691MB
RSS_SAMPLE t=1218.8s rss=4691MB hwm=4691MB
RSS_SAMPLE t=1219.0s rss=4691MB hwm=4691MB
RSS_SAMPLE t=1219.3s rss=4691MB hwm=4691MB
RSS_SAMPLE t=1219.5s rss=4691MB hwm=4691MB
RSS_SAMPLE t=1219.8s rss=4691MB hwm=4691MB
RSS_SAMPLE t=1220.0s rss=4691MB hwm=4691MB
MEM_POOL: workspaces=32 dense_usage_mb=1251 n_pipes=2562403
    post_solve_diag[outer=17]: solves=105117 cap_armed=105117 (100.0%) settle_avg=5019 above_sink_avg=149 (3.0%) settle_max=69353
    settle_hist[outer=17]: <100: 31164nets/0.1%work  <1k: 20729nets/1.5%work  <5k: 24794nets/12.6%work  <20k: 20934nets/40.9%work  <60k: 7345nets/43.0%work  >=60k: 151nets/1.8%work
    fanout_hist[outer=17]: fan1: 43710nets/13.4%work  fan2-4: 48279nets/50.4%work  fan5-16: 12974nets/35.2%work  fan17-64: 154nets/1.0%work  fan65-256: 0nets/0.0%work  fan>256: 0nets/0.0%work
    rss_probe[outer=17]: pre_post_solve=4679MB post_post_solve=4691MB after_apply=4691MB
RSS_SAMPLE t=1220.3s rss=4691MB hwm=4691MB
    E_decomp: base=3340726.3 eff=82131966545654.6 cong=82131963204928.3 cong_share=100.0% sat_pipes=68410 max_util=1871.14  R_buckets: 1-2x=100764 2-10x=2093870 10-100x=342269 >=100x=25500
    E_potential: beckmann=171842226023578.2 history_total=0.0
    SpanCache: epoch=18 entries=1398 lookups=2562403 hits=2561005 misses=1398 hit_rate=99.9%
  DCD  17: nets=105117 line=11084935 energy=6748513302.314 dE=-5177279891.945 friction=7770526.0 bins=2.0x(205) excess=69.7 moved=68195 disp=4.063 solves=105117 skip=105117 pops=527603171 theta=3.648 refresh=63209ms dcd=6801ms total=72739ms
    cache_stats: entries=58120555 capacity=120157565 est_mb=1036 rss_mb=4691
RSS_SAMPLE t=1220.5s rss=4691MB hwm=4691MB
RSS_SAMPLE t=1220.8s rss=4691MB hwm=4691MB
RSS_SAMPLE t=1221.0s rss=4691MB hwm=4691MB
RSS_SAMPLE t=1221.3s rss=4691MB hwm=4691MB
RSS_SAMPLE t=1221.5s rss=4691MB hwm=4691MB
RSS_SAMPLE t=1221.8s rss=4691MB hwm=4691MB
RSS_SAMPLE t=1222.0s rss=4691MB hwm=4691MB
RSS_SAMPLE t=1222.3s rss=4691MB hwm=4691MB
RSS_SAMPLE t=1222.5s rss=4691MB hwm=4691MB
RSS_SAMPLE t=1222.8s rss=4691MB hwm=4691MB
    SwitchMatrix: type_usage_pairs=518 lookups=1244 hits=726 dijkstra_calls=518 avg_us=12.0 total_ms=6.2
PHASE_MARK outer=18 enter=pre_solve rss=4691MB
    rss_probe[outer=18]: pre_refresh_rss=4691MB post_pre_solve_rss=4691MB cache_entries=58120555 cache_cap=120157565 cache_est_mb=1036
    pre_solve_diag[outer=18]: solves=0 fallback=0 (0.0%) cap_armed=0 (0.0%) settle_avg=0 settle_max=0 init_count=242
    Overflow: over=67426 (2.6% of used) avg_excess=5.38 max_excess=1889.82 (nc=1963.82 cap=74 span=2)  excess_buckets: <=1=7977 1-5=40558 5-20=16485 >20=2406  by_cap: cap1=745 cap2=64684 cap3-5=0 cap>5=1997  by_span: s1=472 s2-3=710 s4-6=2030 s7-12=63925 s>12=289  le1_cross: cap1=349 cap2-5=7442 cap>5=186
    Congestion: pipes=2562403 used=2562403 congested(>50%)=74033 saturated(>90%)=68410 max_util=1871.14 avg_util=0.1362
PHASE_MARK outer=18 enter=dcd_sweep rss=4691MB
RSS_SAMPLE t=1223.0s rss=4691MB hwm=4691MB
RSS_SAMPLE t=1223.3s rss=4691MB hwm=4691MB
RSS_SAMPLE t=1223.5s rss=4691MB hwm=4691MB
RSS_SAMPLE t=1223.8s rss=4691MB hwm=4691MB
RSS_SAMPLE t=1224.0s rss=4691MB hwm=4691MB
RSS_SAMPLE t=1224.3s rss=4691MB hwm=4691MB
RSS_SAMPLE t=1224.5s rss=4691MB hwm=4691MB
RSS_SAMPLE t=1224.8s rss=4691MB hwm=4691MB
RSS_SAMPLE t=1225.0s rss=4691MB hwm=4691MB
RSS_SAMPLE t=1225.3s rss=4691MB hwm=4691MB
RSS_SAMPLE t=1225.5s rss=4691MB hwm=4691MB
RSS_SAMPLE t=1225.8s rss=4691MB hwm=4691MB
RSS_SAMPLE t=1226.0s rss=4691MB hwm=4691MB
RSS_SAMPLE t=1226.3s rss=4691MB hwm=4691MB
RSS_SAMPLE t=1226.5s rss=4691MB hwm=4691MB
RSS_SAMPLE t=1226.8s rss=4691MB hwm=4691MB
RSS_SAMPLE t=1227.0s rss=4691MB hwm=4691MB
RSS_SAMPLE t=1227.3s rss=4691MB hwm=4691MB
RSS_SAMPLE t=1227.5s rss=4691MB hwm=4691MB
RSS_SAMPLE t=1227.8s rss=4691MB hwm=4691MB
RSS_SAMPLE t=1228.0s rss=4691MB hwm=4691MB
RSS_SAMPLE t=1228.3s rss=4691MB hwm=4691MB
RSS_SAMPLE t=1228.5s rss=4691MB hwm=4691MB
RSS_SAMPLE t=1228.8s rss=4691MB hwm=4691MB
RSS_SAMPLE t=1229.0s rss=4691MB hwm=4691MB
RSS_SAMPLE t=1229.3s rss=4691MB hwm=4691MB
RSS_SAMPLE t=1229.6s rss=4691MB hwm=4691MB
RSS_SAMPLE t=1229.8s rss=4691MB hwm=4691MB
PHASE_MARK outer=18 leave=dcd_sweep rss=4691MB
PHASE_MARK outer=18 enter=post_refresh rss=4691MB
RSS_SAMPLE t=1230.1s rss=4691MB hwm=4691MB
RSS_SAMPLE t=1230.3s rss=4691MB hwm=4691MB
RSS_SAMPLE t=1230.6s rss=4691MB hwm=4691MB
RSS_SAMPLE t=1230.8s rss=4691MB hwm=4691MB
RSS_SAMPLE t=1231.1s rss=4691MB hwm=4691MB
RSS_SAMPLE t=1231.3s rss=4691MB hwm=4691MB
RSS_SAMPLE t=1231.6s rss=4691MB hwm=4691MB
RSS_SAMPLE t=1231.8s rss=4691MB hwm=4691MB
RSS_SAMPLE t=1232.1s rss=4691MB hwm=4691MB
RSS_SAMPLE t=1232.3s rss=4691MB hwm=4691MB
RSS_SAMPLE t=1232.6s rss=4691MB hwm=4691MB
RSS_SAMPLE t=1232.8s rss=4691MB hwm=4691MB
RSS_SAMPLE t=1233.1s rss=4691MB hwm=4691MB
RSS_SAMPLE t=1233.3s rss=4691MB hwm=4691MB
RSS_SAMPLE t=1233.6s rss=4691MB hwm=4691MB
RSS_SAMPLE t=1233.8s rss=4691MB hwm=4691MB
RSS_SAMPLE t=1234.1s rss=4691MB hwm=4691MB
RSS_SAMPLE t=1234.3s rss=4691MB hwm=4691MB
RSS_SAMPLE t=1234.6s rss=4691MB hwm=4691MB
RSS_SAMPLE t=1234.8s rss=4691MB hwm=4691MB
RSS_SAMPLE t=1235.1s rss=4691MB hwm=4691MB
RSS_SAMPLE t=1235.3s rss=4691MB hwm=4691MB
RSS_SAMPLE t=1235.6s rss=4691MB hwm=4691MB
RSS_SAMPLE t=1235.8s rss=4691MB hwm=4691MB
RSS_SAMPLE t=1236.1s rss=4691MB hwm=4691MB
RSS_SAMPLE t=1236.3s rss=4692MB hwm=4692MB
RSS_SAMPLE t=1236.6s rss=4692MB hwm=4692MB
RSS_SAMPLE t=1236.8s rss=4692MB hwm=4692MB
RSS_SAMPLE t=1237.1s rss=4692MB hwm=4692MB
RSS_SAMPLE t=1237.3s rss=4692MB hwm=4692MB
RSS_SAMPLE t=1237.6s rss=4692MB hwm=4692MB
RSS_SAMPLE t=1237.8s rss=4692MB hwm=4692MB
RSS_SAMPLE t=1238.1s rss=4692MB hwm=4692MB
RSS_SAMPLE t=1238.3s rss=4692MB hwm=4692MB
RSS_SAMPLE t=1238.6s rss=4692MB hwm=4692MB
RSS_SAMPLE t=1238.8s rss=4692MB hwm=4692MB
RSS_SAMPLE t=1239.1s rss=4692MB hwm=4692MB
RSS_SAMPLE t=1239.3s rss=4692MB hwm=4692MB
RSS_SAMPLE t=1239.6s rss=4692MB hwm=4692MB
RSS_SAMPLE t=1239.8s rss=4692MB hwm=4692MB
RSS_SAMPLE t=1240.1s rss=4692MB hwm=4692MB
RSS_SAMPLE t=1240.3s rss=4693MB hwm=4693MB
RSS_SAMPLE t=1240.6s rss=4693MB hwm=4693MB
RSS_SAMPLE t=1240.8s rss=4693MB hwm=4693MB
RSS_SAMPLE t=1241.1s rss=4693MB hwm=4693MB
RSS_SAMPLE t=1241.3s rss=4693MB hwm=4693MB
RSS_SAMPLE t=1241.6s rss=4693MB hwm=4693MB
RSS_SAMPLE t=1241.8s rss=4693MB hwm=4693MB
RSS_SAMPLE t=1242.1s rss=4693MB hwm=4693MB
RSS_SAMPLE t=1242.3s rss=4693MB hwm=4693MB
RSS_SAMPLE t=1242.6s rss=4693MB hwm=4693MB
RSS_SAMPLE t=1242.8s rss=4693MB hwm=4693MB
RSS_SAMPLE t=1243.1s rss=4693MB hwm=4693MB
RSS_SAMPLE t=1243.3s rss=4694MB hwm=4694MB
RSS_SAMPLE t=1243.6s rss=4694MB hwm=4694MB
RSS_SAMPLE t=1243.8s rss=4694MB hwm=4694MB
RSS_SAMPLE t=1244.1s rss=4694MB hwm=4694MB
RSS_SAMPLE t=1244.3s rss=4694MB hwm=4694MB
RSS_SAMPLE t=1244.6s rss=4694MB hwm=4694MB
RSS_SAMPLE t=1244.8s rss=4694MB hwm=4694MB
RSS_SAMPLE t=1245.1s rss=4694MB hwm=4694MB
RSS_SAMPLE t=1245.3s rss=4694MB hwm=4694MB
RSS_SAMPLE t=1245.6s rss=4694MB hwm=4694MB
RSS_SAMPLE t=1245.8s rss=4695MB hwm=4695MB
RSS_SAMPLE t=1246.1s rss=4695MB hwm=4695MB
RSS_SAMPLE t=1246.3s rss=4695MB hwm=4695MB
RSS_SAMPLE t=1246.6s rss=4695MB hwm=4695MB
RSS_SAMPLE t=1246.8s rss=4695MB hwm=4695MB
RSS_SAMPLE t=1247.1s rss=4695MB hwm=4695MB
RSS_SAMPLE t=1247.3s rss=4695MB hwm=4695MB
RSS_SAMPLE t=1247.6s rss=4695MB hwm=4695MB
RSS_SAMPLE t=1247.8s rss=4695MB hwm=4695MB
RSS_SAMPLE t=1248.1s rss=4696MB hwm=4696MB
RSS_SAMPLE t=1248.3s rss=4696MB hwm=4696MB
RSS_SAMPLE t=1248.6s rss=4696MB hwm=4696MB
RSS_SAMPLE t=1248.8s rss=4696MB hwm=4696MB
RSS_SAMPLE t=1249.1s rss=4696MB hwm=4696MB
RSS_SAMPLE t=1249.3s rss=4696MB hwm=4696MB
RSS_SAMPLE t=1249.6s rss=4696MB hwm=4696MB
RSS_SAMPLE t=1249.8s rss=4696MB hwm=4696MB
RSS_SAMPLE t=1250.1s rss=4696MB hwm=4696MB
RSS_SAMPLE t=1250.3s rss=4696MB hwm=4696MB
RSS_SAMPLE t=1250.6s rss=4696MB hwm=4696MB
RSS_SAMPLE t=1250.8s rss=4696MB hwm=4696MB
RSS_SAMPLE t=1251.1s rss=4696MB hwm=4696MB
RSS_SAMPLE t=1251.3s rss=4696MB hwm=4696MB
RSS_SAMPLE t=1251.6s rss=4696MB hwm=4696MB
RSS_SAMPLE t=1251.8s rss=4696MB hwm=4696MB
RSS_SAMPLE t=1252.1s rss=4696MB hwm=4696MB
RSS_SAMPLE t=1252.3s rss=4696MB hwm=4696MB
RSS_SAMPLE t=1252.6s rss=4696MB hwm=4696MB
RSS_SAMPLE t=1252.8s rss=4696MB hwm=4696MB
RSS_SAMPLE t=1253.1s rss=4696MB hwm=4696MB
RSS_SAMPLE t=1253.3s rss=4696MB hwm=4696MB
RSS_SAMPLE t=1253.6s rss=4697MB hwm=4697MB
RSS_SAMPLE t=1253.8s rss=4697MB hwm=4697MB
RSS_SAMPLE t=1254.1s rss=4697MB hwm=4697MB
RSS_SAMPLE t=1254.3s rss=4697MB hwm=4697MB
RSS_SAMPLE t=1254.6s rss=4697MB hwm=4697MB
RSS_SAMPLE t=1254.8s rss=4697MB hwm=4697MB
RSS_SAMPLE t=1255.1s rss=4697MB hwm=4697MB
RSS_SAMPLE t=1255.3s rss=4697MB hwm=4697MB
RSS_SAMPLE t=1255.6s rss=4697MB hwm=4697MB
RSS_SAMPLE t=1255.8s rss=4697MB hwm=4697MB
RSS_SAMPLE t=1256.1s rss=4697MB hwm=4697MB
RSS_SAMPLE t=1256.3s rss=4697MB hwm=4697MB
RSS_SAMPLE t=1256.6s rss=4697MB hwm=4697MB
RSS_SAMPLE t=1256.8s rss=4697MB hwm=4697MB
RSS_SAMPLE t=1257.1s rss=4697MB hwm=4697MB
RSS_SAMPLE t=1257.3s rss=4697MB hwm=4697MB
RSS_SAMPLE t=1257.6s rss=4697MB hwm=4697MB
RSS_SAMPLE t=1257.8s rss=4697MB hwm=4697MB
RSS_SAMPLE t=1258.1s rss=4697MB hwm=4697MB
RSS_SAMPLE t=1258.3s rss=4697MB hwm=4697MB
RSS_SAMPLE t=1258.6s rss=4697MB hwm=4697MB
RSS_SAMPLE t=1258.8s rss=4697MB hwm=4697MB
RSS_SAMPLE t=1259.1s rss=4697MB hwm=4697MB
RSS_SAMPLE t=1259.3s rss=4697MB hwm=4697MB
RSS_SAMPLE t=1259.6s rss=4697MB hwm=4697MB
RSS_SAMPLE t=1259.8s rss=4697MB hwm=4697MB
RSS_SAMPLE t=1260.1s rss=4697MB hwm=4697MB
RSS_SAMPLE t=1260.3s rss=4697MB hwm=4697MB
RSS_SAMPLE t=1260.6s rss=4697MB hwm=4697MB
RSS_SAMPLE t=1260.8s rss=4698MB hwm=4698MB
RSS_SAMPLE t=1261.1s rss=4698MB hwm=4698MB
RSS_SAMPLE t=1261.3s rss=4698MB hwm=4698MB
RSS_SAMPLE t=1261.6s rss=4698MB hwm=4698MB
RSS_SAMPLE t=1261.8s rss=4698MB hwm=4698MB
RSS_SAMPLE t=1262.1s rss=4698MB hwm=4698MB
RSS_SAMPLE t=1262.3s rss=4698MB hwm=4698MB
RSS_SAMPLE t=1262.6s rss=4698MB hwm=4698MB
RSS_SAMPLE t=1262.8s rss=4698MB hwm=4698MB
RSS_SAMPLE t=1263.1s rss=4698MB hwm=4698MB
RSS_SAMPLE t=1263.3s rss=4698MB hwm=4698MB
RSS_SAMPLE t=1263.6s rss=4699MB hwm=4699MB
RSS_SAMPLE t=1263.8s rss=4699MB hwm=4699MB
RSS_SAMPLE t=1264.1s rss=4699MB hwm=4699MB
RSS_SAMPLE t=1264.3s rss=4699MB hwm=4699MB
RSS_SAMPLE t=1264.6s rss=4699MB hwm=4699MB
RSS_SAMPLE t=1264.8s rss=4699MB hwm=4699MB
RSS_SAMPLE t=1265.1s rss=4699MB hwm=4699MB
RSS_SAMPLE t=1265.3s rss=4699MB hwm=4699MB
RSS_SAMPLE t=1265.6s rss=4699MB hwm=4699MB
RSS_SAMPLE t=1265.8s rss=4699MB hwm=4699MB
RSS_SAMPLE t=1266.1s rss=4699MB hwm=4699MB
RSS_SAMPLE t=1266.3s rss=4699MB hwm=4699MB
RSS_SAMPLE t=1266.6s rss=4699MB hwm=4699MB
RSS_SAMPLE t=1266.8s rss=4699MB hwm=4699MB
RSS_SAMPLE t=1267.1s rss=4699MB hwm=4699MB
RSS_SAMPLE t=1267.3s rss=4699MB hwm=4699MB
RSS_SAMPLE t=1267.6s rss=4699MB hwm=4699MB
RSS_SAMPLE t=1267.8s rss=4699MB hwm=4699MB
RSS_SAMPLE t=1268.1s rss=4699MB hwm=4699MB
RSS_SAMPLE t=1268.3s rss=4699MB hwm=4699MB
RSS_SAMPLE t=1268.6s rss=4699MB hwm=4699MB
RSS_SAMPLE t=1268.8s rss=4699MB hwm=4699MB
RSS_SAMPLE t=1269.1s rss=4699MB hwm=4699MB
RSS_SAMPLE t=1269.3s rss=4699MB hwm=4699MB
RSS_SAMPLE t=1269.6s rss=4699MB hwm=4699MB
RSS_SAMPLE t=1269.8s rss=4699MB hwm=4699MB
RSS_SAMPLE t=1270.1s rss=4699MB hwm=4699MB
RSS_SAMPLE t=1270.3s rss=4699MB hwm=4699MB
RSS_SAMPLE t=1270.6s rss=4699MB hwm=4699MB
RSS_SAMPLE t=1270.8s rss=4699MB hwm=4699MB
RSS_SAMPLE t=1271.1s rss=4699MB hwm=4699MB
RSS_SAMPLE t=1271.3s rss=4699MB hwm=4699MB
RSS_SAMPLE t=1271.6s rss=4699MB hwm=4699MB
RSS_SAMPLE t=1271.8s rss=4699MB hwm=4699MB
RSS_SAMPLE t=1272.1s rss=4699MB hwm=4699MB
RSS_SAMPLE t=1272.3s rss=4699MB hwm=4699MB
RSS_SAMPLE t=1272.6s rss=4699MB hwm=4699MB
RSS_SAMPLE t=1272.8s rss=4699MB hwm=4699MB
RSS_SAMPLE t=1273.1s rss=4699MB hwm=4699MB
RSS_SAMPLE t=1273.3s rss=4699MB hwm=4699MB
RSS_SAMPLE t=1273.6s rss=4699MB hwm=4699MB
RSS_SAMPLE t=1273.8s rss=4699MB hwm=4699MB
RSS_SAMPLE t=1274.1s rss=4699MB hwm=4699MB
RSS_SAMPLE t=1274.3s rss=4699MB hwm=4699MB
RSS_SAMPLE t=1274.6s rss=4699MB hwm=4699MB
RSS_SAMPLE t=1274.8s rss=4699MB hwm=4699MB
RSS_SAMPLE t=1275.1s rss=4699MB hwm=4699MB
RSS_SAMPLE t=1275.3s rss=4699MB hwm=4699MB
RSS_SAMPLE t=1275.6s rss=4699MB hwm=4699MB
RSS_SAMPLE t=1275.8s rss=4699MB hwm=4699MB
RSS_SAMPLE t=1276.1s rss=4699MB hwm=4699MB
RSS_SAMPLE t=1276.3s rss=4699MB hwm=4699MB
RSS_SAMPLE t=1276.6s rss=4699MB hwm=4699MB
RSS_SAMPLE t=1276.8s rss=4699MB hwm=4699MB
RSS_SAMPLE t=1277.1s rss=4699MB hwm=4699MB
RSS_SAMPLE t=1277.3s rss=4699MB hwm=4699MB
RSS_SAMPLE t=1277.6s rss=4699MB hwm=4699MB
RSS_SAMPLE t=1277.8s rss=4699MB hwm=4699MB
RSS_SAMPLE t=1278.1s rss=4699MB hwm=4699MB
RSS_SAMPLE t=1278.3s rss=4699MB hwm=4699MB
RSS_SAMPLE t=1278.6s rss=4699MB hwm=4699MB
RSS_SAMPLE t=1278.8s rss=4699MB hwm=4699MB
RSS_SAMPLE t=1279.1s rss=4699MB hwm=4699MB
RSS_SAMPLE t=1279.3s rss=4699MB hwm=4699MB
RSS_SAMPLE t=1279.6s rss=4699MB hwm=4699MB
RSS_SAMPLE t=1279.8s rss=4699MB hwm=4699MB
RSS_SAMPLE t=1280.1s rss=4699MB hwm=4699MB
RSS_SAMPLE t=1280.3s rss=4699MB hwm=4699MB
RSS_SAMPLE t=1280.6s rss=4699MB hwm=4699MB
RSS_SAMPLE t=1280.9s rss=4699MB hwm=4699MB
RSS_SAMPLE t=1281.1s rss=4699MB hwm=4699MB
RSS_SAMPLE t=1281.4s rss=4699MB hwm=4699MB
RSS_SAMPLE t=1281.6s rss=4699MB hwm=4699MB
RSS_SAMPLE t=1281.9s rss=4699MB hwm=4699MB
RSS_SAMPLE t=1282.1s rss=4699MB hwm=4699MB
RSS_SAMPLE t=1282.4s rss=4699MB hwm=4699MB
RSS_SAMPLE t=1282.6s rss=4699MB hwm=4699MB
RSS_SAMPLE t=1282.9s rss=4699MB hwm=4699MB
RSS_SAMPLE t=1283.1s rss=4699MB hwm=4699MB
RSS_SAMPLE t=1283.4s rss=4699MB hwm=4699MB
RSS_SAMPLE t=1283.6s rss=4699MB hwm=4699MB
RSS_SAMPLE t=1283.9s rss=4699MB hwm=4699MB
RSS_SAMPLE t=1284.1s rss=4699MB hwm=4699MB
RSS_SAMPLE t=1284.4s rss=4699MB hwm=4699MB
RSS_SAMPLE t=1284.6s rss=4699MB hwm=4699MB
RSS_SAMPLE t=1284.9s rss=4699MB hwm=4699MB
RSS_SAMPLE t=1285.1s rss=4699MB hwm=4699MB
RSS_SAMPLE t=1285.4s rss=4699MB hwm=4699MB
RSS_SAMPLE t=1285.6s rss=4699MB hwm=4699MB
RSS_SAMPLE t=1285.9s rss=4699MB hwm=4699MB
RSS_SAMPLE t=1286.1s rss=4699MB hwm=4699MB
RSS_SAMPLE t=1286.4s rss=4699MB hwm=4699MB
RSS_SAMPLE t=1286.6s rss=4699MB hwm=4699MB
RSS_SAMPLE t=1286.9s rss=4699MB hwm=4699MB
RSS_SAMPLE t=1287.1s rss=4699MB hwm=4699MB
RSS_SAMPLE t=1287.4s rss=4699MB hwm=4699MB
RSS_SAMPLE t=1287.6s rss=4699MB hwm=4699MB
RSS_SAMPLE t=1287.9s rss=4699MB hwm=4699MB
RSS_SAMPLE t=1288.1s rss=4699MB hwm=4699MB
RSS_SAMPLE t=1288.4s rss=4699MB hwm=4699MB
MEM_POOL: workspaces=32 dense_usage_mb=1251 n_pipes=2562403
    post_solve_diag[outer=18]: solves=105117 cap_armed=105117 (100.0%) settle_avg=4927 above_sink_avg=193 (3.9%) settle_max=69353
    settle_hist[outer=18]: <100: 28092nets/0.2%work  <1k: 23927nets/1.7%work  <5k: 24910nets/13.0%work  <20k: 21074nets/41.9%work  <60k: 6972nets/41.5%work  >=60k: 142nets/1.8%work
    fanout_hist[outer=18]: fan1: 43710nets/13.6%work  fan2-4: 48279nets/50.4%work  fan5-16: 12974nets/35.0%work  fan17-64: 154nets/1.0%work  fan65-256: 0nets/0.0%work  fan>256: 0nets/0.0%work
    rss_probe[outer=18]: pre_post_solve=4691MB post_post_solve=4699MB after_apply=4699MB
    E_decomp: base=8981447.1 eff=429949985153244.4 cong=429949976171797.3 cong_share=100.0% sat_pipes=294397 max_util=935.57  R_buckets: 1-2x=1180587 2-10x=1288667 10-100x=15760 >=100x=77389
    E_potential: beckmann=41391286928747.9 history_total=0.0
    SpanCache: epoch=19 entries=1244 lookups=2562403 hits=2561159 misses=1244 hit_rate=100.0%
  DCD  18: nets=105117 line=10870356 energy=2041876023.014 dE=-4706637279.300 friction=4020798.4 bins=2.0x(245) excess=78.5 moved=68239 disp=3.920 solves=105117 skip=105117 pops=517871972 theta=4.271 refresh=58698ms dcd=6805ms total=68166ms
    cache_stats: entries=60084954 capacity=123734824 est_mb=1067 rss_mb=4699
RSS_SAMPLE t=1288.6s rss=4699MB hwm=4699MB
RSS_SAMPLE t=1288.9s rss=4699MB hwm=4699MB
RSS_SAMPLE t=1289.1s rss=4699MB hwm=4699MB
RSS_SAMPLE t=1289.4s rss=4699MB hwm=4699MB
RSS_SAMPLE t=1289.6s rss=4699MB hwm=4699MB
RSS_SAMPLE t=1289.9s rss=4699MB hwm=4699MB
RSS_SAMPLE t=1290.1s rss=4699MB hwm=4699MB
RSS_SAMPLE t=1290.4s rss=4699MB hwm=4699MB
RSS_SAMPLE t=1290.6s rss=4699MB hwm=4699MB
RSS_SAMPLE t=1290.9s rss=4699MB hwm=4699MB
RSS_SAMPLE t=1291.1s rss=4699MB hwm=4699MB
    SwitchMatrix: type_usage_pairs=629 lookups=1874 hits=1245 dijkstra_calls=629 avg_us=11.6 total_ms=7.3
PHASE_MARK outer=19 enter=pre_solve rss=4699MB
    rss_probe[outer=19]: pre_refresh_rss=4699MB post_pre_solve_rss=4699MB cache_entries=60084954 cache_cap=123734824 cache_est_mb=1067
    pre_solve_diag[outer=19]: solves=0 fallback=0 (0.0%) cap_armed=0 (0.0%) settle_avg=0 settle_max=0 init_count=242
    Overflow: over=245831 (9.6% of used) avg_excess=1.37 max_excess=2605.41 (nc=2629.41 cap=24 span=1)  excess_buckets: <=1=168078 1-5=67017 5-20=9804 >20=932  by_cap: cap1=109519 cap2=130360 cap3-5=0 cap>5=5952  by_span: s1=460 s2-3=511 s4-6=5596 s7-12=125793 s>12=113471  le1_cross: cap1=92982 cap2-5=73798 cap>5=1298
    Congestion: pipes=2562403 used=2562403 congested(>50%)=625904 saturated(>90%)=294397 max_util=935.57 avg_util=0.3792
PHASE_MARK outer=19 enter=dcd_sweep rss=4699MB
RSS_SAMPLE t=1291.4s rss=4699MB hwm=4699MB
RSS_SAMPLE t=1291.6s rss=4699MB hwm=4699MB
RSS_SAMPLE t=1291.9s rss=4699MB hwm=4699MB
RSS_SAMPLE t=1292.1s rss=4699MB hwm=4699MB
RSS_SAMPLE t=1292.4s rss=4699MB hwm=4699MB
RSS_SAMPLE t=1292.6s rss=4699MB hwm=4699MB
RSS_SAMPLE t=1292.9s rss=4699MB hwm=4699MB
RSS_SAMPLE t=1293.1s rss=4699MB hwm=4699MB
RSS_SAMPLE t=1293.4s rss=4699MB hwm=4699MB
RSS_SAMPLE t=1293.6s rss=4699MB hwm=4699MB
RSS_SAMPLE t=1293.9s rss=4699MB hwm=4699MB
RSS_SAMPLE t=1294.1s rss=4699MB hwm=4699MB
RSS_SAMPLE t=1294.4s rss=4699MB hwm=4699MB
RSS_SAMPLE t=1294.6s rss=4699MB hwm=4699MB
RSS_SAMPLE t=1294.9s rss=4699MB hwm=4699MB
RSS_SAMPLE t=1295.1s rss=4699MB hwm=4699MB
RSS_SAMPLE t=1295.4s rss=4699MB hwm=4699MB
RSS_SAMPLE t=1295.6s rss=4699MB hwm=4699MB
RSS_SAMPLE t=1295.9s rss=4699MB hwm=4699MB
RSS_SAMPLE t=1296.1s rss=4699MB hwm=4699MB
RSS_SAMPLE t=1296.4s rss=4699MB hwm=4699MB
RSS_SAMPLE t=1296.6s rss=4699MB hwm=4699MB
RSS_SAMPLE t=1296.9s rss=4699MB hwm=4699MB
RSS_SAMPLE t=1297.1s rss=4699MB hwm=4699MB
RSS_SAMPLE t=1297.4s rss=4699MB hwm=4699MB
RSS_SAMPLE t=1297.6s rss=4699MB hwm=4699MB
RSS_SAMPLE t=1297.9s rss=4699MB hwm=4699MB
PHASE_MARK outer=19 leave=dcd_sweep rss=4699MB
PHASE_MARK outer=19 enter=post_refresh rss=4699MB
RSS_SAMPLE t=1298.1s rss=4699MB hwm=4699MB
RSS_SAMPLE t=1298.4s rss=4699MB hwm=4699MB
RSS_SAMPLE t=1298.6s rss=4699MB hwm=4699MB
RSS_SAMPLE t=1298.9s rss=4699MB hwm=4699MB
RSS_SAMPLE t=1299.1s rss=4699MB hwm=4699MB
RSS_SAMPLE t=1299.4s rss=4699MB hwm=4699MB
RSS_SAMPLE t=1299.6s rss=4699MB hwm=4699MB
RSS_SAMPLE t=1299.9s rss=4699MB hwm=4699MB
RSS_SAMPLE t=1300.1s rss=4699MB hwm=4699MB
RSS_SAMPLE t=1300.4s rss=4699MB hwm=4699MB
RSS_SAMPLE t=1300.6s rss=4699MB hwm=4699MB
RSS_SAMPLE t=1300.9s rss=4699MB hwm=4699MB
RSS_SAMPLE t=1301.1s rss=4700MB hwm=4700MB
RSS_SAMPLE t=1301.4s rss=4700MB hwm=4700MB
RSS_SAMPLE t=1301.6s rss=4700MB hwm=4700MB
RSS_SAMPLE t=1301.9s rss=4700MB hwm=4700MB
RSS_SAMPLE t=1302.1s rss=4700MB hwm=4700MB
RSS_SAMPLE t=1302.4s rss=4700MB hwm=4700MB
RSS_SAMPLE t=1302.6s rss=4700MB hwm=4700MB
RSS_SAMPLE t=1302.9s rss=4700MB hwm=4700MB
RSS_SAMPLE t=1303.1s rss=4700MB hwm=4700MB
RSS_SAMPLE t=1303.4s rss=4700MB hwm=4700MB
RSS_SAMPLE t=1303.6s rss=4700MB hwm=4700MB
RSS_SAMPLE t=1303.9s rss=4700MB hwm=4700MB
RSS_SAMPLE t=1304.1s rss=4700MB hwm=4700MB
RSS_SAMPLE t=1304.4s rss=4700MB hwm=4700MB
RSS_SAMPLE t=1304.6s rss=4700MB hwm=4700MB
RSS_SAMPLE t=1304.9s rss=4700MB hwm=4700MB
RSS_SAMPLE t=1305.1s rss=4700MB hwm=4700MB
RSS_SAMPLE t=1305.4s rss=4700MB hwm=4700MB
RSS_SAMPLE t=1305.6s rss=4701MB hwm=4701MB
RSS_SAMPLE t=1305.9s rss=4701MB hwm=4701MB
RSS_SAMPLE t=1306.1s rss=4701MB hwm=4701MB
RSS_SAMPLE t=1306.4s rss=4701MB hwm=4701MB
RSS_SAMPLE t=1306.6s rss=4701MB hwm=4701MB
RSS_SAMPLE t=1306.9s rss=4701MB hwm=4701MB
RSS_SAMPLE t=1307.1s rss=4701MB hwm=4701MB
RSS_SAMPLE t=1307.4s rss=4701MB hwm=4701MB
RSS_SAMPLE t=1307.6s rss=4701MB hwm=4701MB
RSS_SAMPLE t=1307.9s rss=4701MB hwm=4701MB
RSS_SAMPLE t=1308.1s rss=4701MB hwm=4701MB
RSS_SAMPLE t=1308.4s rss=4701MB hwm=4701MB
RSS_SAMPLE t=1308.6s rss=4701MB hwm=4701MB
RSS_SAMPLE t=1308.9s rss=4701MB hwm=4701MB
RSS_SAMPLE t=1309.1s rss=4702MB hwm=4702MB
RSS_SAMPLE t=1309.4s rss=4702MB hwm=4702MB
RSS_SAMPLE t=1309.6s rss=4702MB hwm=4702MB
RSS_SAMPLE t=1309.9s rss=4702MB hwm=4702MB
RSS_SAMPLE t=1310.1s rss=4702MB hwm=4702MB
RSS_SAMPLE t=1310.4s rss=4702MB hwm=4702MB
RSS_SAMPLE t=1310.6s rss=4702MB hwm=4702MB
RSS_SAMPLE t=1310.9s rss=4702MB hwm=4702MB
RSS_SAMPLE t=1311.1s rss=4702MB hwm=4702MB
RSS_SAMPLE t=1311.4s rss=4702MB hwm=4702MB
RSS_SAMPLE t=1311.6s rss=4703MB hwm=4703MB
RSS_SAMPLE t=1311.9s rss=4703MB hwm=4703MB
RSS_SAMPLE t=1312.1s rss=4703MB hwm=4703MB
RSS_SAMPLE t=1312.4s rss=4703MB hwm=4703MB
RSS_SAMPLE t=1312.6s rss=4703MB hwm=4703MB
RSS_SAMPLE t=1312.9s rss=4704MB hwm=4704MB
RSS_SAMPLE t=1313.1s rss=4704MB hwm=4704MB
RSS_SAMPLE t=1313.4s rss=4704MB hwm=4704MB
RSS_SAMPLE t=1313.6s rss=4705MB hwm=4705MB
RSS_SAMPLE t=1313.9s rss=4705MB hwm=4705MB
RSS_SAMPLE t=1314.1s rss=4705MB hwm=4705MB
RSS_SAMPLE t=1314.4s rss=4705MB hwm=4705MB
RSS_SAMPLE t=1314.6s rss=4706MB hwm=4706MB
RSS_SAMPLE t=1314.9s rss=4706MB hwm=4706MB
RSS_SAMPLE t=1315.1s rss=4706MB hwm=4706MB
RSS_SAMPLE t=1315.4s rss=4706MB hwm=4706MB
RSS_SAMPLE t=1315.6s rss=4706MB hwm=4706MB
RSS_SAMPLE t=1315.9s rss=4706MB hwm=4706MB
RSS_SAMPLE t=1316.1s rss=4706MB hwm=4706MB
RSS_SAMPLE t=1316.4s rss=4707MB hwm=4707MB
RSS_SAMPLE t=1316.6s rss=4707MB hwm=4707MB
RSS_SAMPLE t=1316.9s rss=4707MB hwm=4707MB
RSS_SAMPLE t=1317.1s rss=4707MB hwm=4707MB
RSS_SAMPLE t=1317.4s rss=4707MB hwm=4707MB
RSS_SAMPLE t=1317.6s rss=4707MB hwm=4707MB
RSS_SAMPLE t=1317.9s rss=4708MB hwm=4708MB
RSS_SAMPLE t=1318.1s rss=4708MB hwm=4708MB
RSS_SAMPLE t=1318.4s rss=4708MB hwm=4708MB
RSS_SAMPLE t=1318.6s rss=4708MB hwm=4708MB
RSS_SAMPLE t=1318.9s rss=4708MB hwm=4708MB
RSS_SAMPLE t=1319.1s rss=4708MB hwm=4708MB
RSS_SAMPLE t=1319.4s rss=4708MB hwm=4708MB
RSS_SAMPLE t=1319.6s rss=4708MB hwm=4708MB
RSS_SAMPLE t=1319.9s rss=4709MB hwm=4709MB
RSS_SAMPLE t=1320.1s rss=4709MB hwm=4709MB
RSS_SAMPLE t=1320.4s rss=4709MB hwm=4709MB
RSS_SAMPLE t=1320.6s rss=4709MB hwm=4709MB
RSS_SAMPLE t=1320.9s rss=4709MB hwm=4709MB
RSS_SAMPLE t=1321.1s rss=4709MB hwm=4709MB
RSS_SAMPLE t=1321.4s rss=4709MB hwm=4709MB
RSS_SAMPLE t=1321.6s rss=4709MB hwm=4709MB
RSS_SAMPLE t=1321.9s rss=4709MB hwm=4709MB
RSS_SAMPLE t=1322.1s rss=4709MB hwm=4709MB
RSS_SAMPLE t=1322.4s rss=4709MB hwm=4709MB
RSS_SAMPLE t=1322.6s rss=4709MB hwm=4709MB
RSS_SAMPLE t=1322.9s rss=4709MB hwm=4709MB
RSS_SAMPLE t=1323.1s rss=4709MB hwm=4709MB
RSS_SAMPLE t=1323.4s rss=4709MB hwm=4709MB
RSS_SAMPLE t=1323.6s rss=4709MB hwm=4709MB
RSS_SAMPLE t=1323.9s rss=4709MB hwm=4709MB
RSS_SAMPLE t=1324.1s rss=4709MB hwm=4709MB
RSS_SAMPLE t=1324.4s rss=4709MB hwm=4709MB
RSS_SAMPLE t=1324.6s rss=4709MB hwm=4709MB
RSS_SAMPLE t=1324.9s rss=4709MB hwm=4709MB
RSS_SAMPLE t=1325.1s rss=4710MB hwm=4710MB
RSS_SAMPLE t=1325.4s rss=4710MB hwm=4710MB
RSS_SAMPLE t=1325.6s rss=4710MB hwm=4710MB
RSS_SAMPLE t=1325.9s rss=4710MB hwm=4710MB
RSS_SAMPLE t=1326.1s rss=4710MB hwm=4710MB
RSS_SAMPLE t=1326.4s rss=4710MB hwm=4710MB
RSS_SAMPLE t=1326.6s rss=4710MB hwm=4710MB
RSS_SAMPLE t=1326.9s rss=4710MB hwm=4710MB
RSS_SAMPLE t=1327.1s rss=4710MB hwm=4710MB
RSS_SAMPLE t=1327.4s rss=4710MB hwm=4710MB
RSS_SAMPLE t=1327.6s rss=4710MB hwm=4710MB
RSS_SAMPLE t=1327.9s rss=4710MB hwm=4710MB
RSS_SAMPLE t=1328.1s rss=4710MB hwm=4710MB
RSS_SAMPLE t=1328.4s rss=4710MB hwm=4710MB
RSS_SAMPLE t=1328.6s rss=4710MB hwm=4710MB
RSS_SAMPLE t=1328.9s rss=4710MB hwm=4710MB
RSS_SAMPLE t=1329.1s rss=4710MB hwm=4710MB
RSS_SAMPLE t=1329.4s rss=4710MB hwm=4710MB
RSS_SAMPLE t=1329.6s rss=4710MB hwm=4710MB
RSS_SAMPLE t=1329.9s rss=4710MB hwm=4710MB
RSS_SAMPLE t=1330.1s rss=4710MB hwm=4710MB
RSS_SAMPLE t=1330.4s rss=4710MB hwm=4710MB
RSS_SAMPLE t=1330.6s rss=4710MB hwm=4710MB
RSS_SAMPLE t=1330.9s rss=4710MB hwm=4710MB
RSS_SAMPLE t=1331.1s rss=4710MB hwm=4710MB
RSS_SAMPLE t=1331.4s rss=4710MB hwm=4710MB
RSS_SAMPLE t=1331.6s rss=4710MB hwm=4710MB
RSS_SAMPLE t=1331.9s rss=4710MB hwm=4710MB
RSS_SAMPLE t=1332.1s rss=4710MB hwm=4710MB
RSS_SAMPLE t=1332.4s rss=4710MB hwm=4710MB
RSS_SAMPLE t=1332.6s rss=4710MB hwm=4710MB
RSS_SAMPLE t=1332.9s rss=4710MB hwm=4710MB
RSS_SAMPLE t=1333.1s rss=4710MB hwm=4710MB
RSS_SAMPLE t=1333.4s rss=4710MB hwm=4710MB
RSS_SAMPLE t=1333.6s rss=4710MB hwm=4710MB
RSS_SAMPLE t=1333.9s rss=4710MB hwm=4710MB
RSS_SAMPLE t=1334.1s rss=4710MB hwm=4710MB
RSS_SAMPLE t=1334.4s rss=4710MB hwm=4710MB
RSS_SAMPLE t=1334.6s rss=4710MB hwm=4710MB
RSS_SAMPLE t=1334.9s rss=4710MB hwm=4710MB
RSS_SAMPLE t=1335.1s rss=4710MB hwm=4710MB
RSS_SAMPLE t=1335.4s rss=4710MB hwm=4710MB
RSS_SAMPLE t=1335.7s rss=4710MB hwm=4710MB
RSS_SAMPLE t=1335.9s rss=4710MB hwm=4710MB
RSS_SAMPLE t=1336.2s rss=4710MB hwm=4710MB
RSS_SAMPLE t=1336.4s rss=4710MB hwm=4710MB
RSS_SAMPLE t=1336.7s rss=4710MB hwm=4710MB
RSS_SAMPLE t=1336.9s rss=4710MB hwm=4710MB
RSS_SAMPLE t=1337.2s rss=4710MB hwm=4710MB
RSS_SAMPLE t=1337.4s rss=4710MB hwm=4710MB
RSS_SAMPLE t=1337.7s rss=4710MB hwm=4710MB
RSS_SAMPLE t=1337.9s rss=4710MB hwm=4710MB
RSS_SAMPLE t=1338.2s rss=4710MB hwm=4710MB
RSS_SAMPLE t=1338.4s rss=4710MB hwm=4710MB
RSS_SAMPLE t=1338.7s rss=4710MB hwm=4710MB
RSS_SAMPLE t=1338.9s rss=4710MB hwm=4710MB
RSS_SAMPLE t=1339.2s rss=4710MB hwm=4710MB
RSS_SAMPLE t=1339.4s rss=4710MB hwm=4710MB
RSS_SAMPLE t=1339.7s rss=4710MB hwm=4710MB
RSS_SAMPLE t=1339.9s rss=4710MB hwm=4710MB
RSS_SAMPLE t=1340.2s rss=4710MB hwm=4710MB
RSS_SAMPLE t=1340.4s rss=4710MB hwm=4710MB
RSS_SAMPLE t=1340.7s rss=4710MB hwm=4710MB
RSS_SAMPLE t=1340.9s rss=4710MB hwm=4710MB
RSS_SAMPLE t=1341.2s rss=4710MB hwm=4710MB
RSS_SAMPLE t=1341.4s rss=4710MB hwm=4710MB
RSS_SAMPLE t=1341.7s rss=4710MB hwm=4710MB
RSS_SAMPLE t=1341.9s rss=4710MB hwm=4710MB
RSS_SAMPLE t=1342.2s rss=4710MB hwm=4710MB
RSS_SAMPLE t=1342.4s rss=4710MB hwm=4710MB
RSS_SAMPLE t=1342.7s rss=4710MB hwm=4710MB
RSS_SAMPLE t=1342.9s rss=4710MB hwm=4710MB
RSS_SAMPLE t=1343.2s rss=4710MB hwm=4710MB
RSS_SAMPLE t=1343.4s rss=4710MB hwm=4710MB
RSS_SAMPLE t=1343.7s rss=4710MB hwm=4710MB
RSS_SAMPLE t=1343.9s rss=4710MB hwm=4710MB
RSS_SAMPLE t=1344.2s rss=4710MB hwm=4710MB
RSS_SAMPLE t=1344.4s rss=4710MB hwm=4710MB
RSS_SAMPLE t=1344.7s rss=4710MB hwm=4710MB
RSS_SAMPLE t=1344.9s rss=4710MB hwm=4710MB
RSS_SAMPLE t=1345.2s rss=4710MB hwm=4710MB
RSS_SAMPLE t=1345.4s rss=4710MB hwm=4710MB
RSS_SAMPLE t=1345.7s rss=4710MB hwm=4710MB
RSS_SAMPLE t=1345.9s rss=4710MB hwm=4710MB
RSS_SAMPLE t=1346.2s rss=4710MB hwm=4710MB
RSS_SAMPLE t=1346.4s rss=4710MB hwm=4710MB
RSS_SAMPLE t=1346.7s rss=4710MB hwm=4710MB
RSS_SAMPLE t=1346.9s rss=4710MB hwm=4710MB
RSS_SAMPLE t=1347.2s rss=4710MB hwm=4710MB
RSS_SAMPLE t=1347.4s rss=4710MB hwm=4710MB
RSS_SAMPLE t=1347.7s rss=4710MB hwm=4710MB
RSS_SAMPLE t=1347.9s rss=4710MB hwm=4710MB
RSS_SAMPLE t=1348.2s rss=4710MB hwm=4710MB
RSS_SAMPLE t=1348.4s rss=4710MB hwm=4710MB
RSS_SAMPLE t=1348.7s rss=4710MB hwm=4710MB
RSS_SAMPLE t=1348.9s rss=4710MB hwm=4710MB
RSS_SAMPLE t=1349.2s rss=4710MB hwm=4710MB
MEM_POOL: workspaces=32 dense_usage_mb=1251 n_pipes=2562403
    post_solve_diag[outer=19]: solves=105117 cap_armed=105117 (100.0%) settle_avg=4731 above_sink_avg=184 (3.9%) settle_max=69353
    settle_hist[outer=19]: <100: 29038nets/0.2%work  <1k: 23977nets/1.8%work  <5k: 24738nets/13.4%work  <20k: 20671nets/42.5%work  <60k: 6575nets/40.6%work  >=60k: 118nets/1.5%work
    fanout_hist[outer=19]: fan1: 43710nets/13.6%work  fan2-4: 48279nets/50.3%work  fan5-16: 12974nets/35.2%work  fan17-64: 154nets/1.0%work  fan65-256: 0nets/0.0%work  fan>256: 0nets/0.0%work
    rss_probe[outer=19]: pre_post_solve=4699MB post_post_solve=4710MB after_apply=4710MB
    E_decomp: base=6318297.1 eff=109481447053997.0 cong=109481440735699.9 cong_share=100.0% sat_pipes=117465 max_util=950.66  R_buckets: 1-2x=694980 2-10x=510672 10-100x=80877 >=100x=1275874
    E_potential: beckmann=52831631079029.7 history_total=0.0
    SpanCache: epoch=20 entries=1874 lookups=2562403 hits=2560529 misses=1874 hit_rate=99.9%
  DCD  19: nets=105117 line=10583293 energy=6085901727.557 dE=+4044025704.543 friction=3771200.4 bins=2.0x(343) excess=128.4 moved=68276 disp=4.115 solves=105117 skip=105117 pops=497276960 theta=5.000 refresh=51259ms dcd=6845ms total=60802ms
    cache_stats: entries=58986966 capacity=123594289 est_mb=1066 rss_mb=4710
RSS_SAMPLE t=1349.4s rss=4710MB hwm=4710MB
DCD done: energy=6085901727.557 line=10583293 friction=3771200.4 bins=2.0x(343) excess=128.4
MuxSlotTracker: 20961 commit rejections over entire DCD
MuxSlotTracker[post-DCD]: populated_cells=68277, overflow_tiles=0, at_cap_tiles=144, peak_excess=0, capacity_hist={16:67346}
Pre-legalization: HPWL=8434450
  type DFF: 302 valid columns, 1077536 total BELs
  type LUT6: 302 valid columns, 538768 total BELs
TypeAwarePlacement: 2 cell types
RSS_SAMPLE t=1349.7s rss=2870MB hwm=4706MB
RSS_SAMPLE t=1349.9s rss=2870MB hwm=4706MB
RSS_SAMPLE t=1350.2s rss=2870MB hwm=4706MB
RSS_SAMPLE t=1350.4s rss=2870MB hwm=4706MB
RSS_SAMPLE t=1350.7s rss=2870MB hwm=4706MB
RSS_SAMPLE t=1350.9s rss=2870MB hwm=4706MB
RSS_SAMPLE t=1351.2s rss=2870MB hwm=4706MB
  SortedLegalizer: cluster_rejects=134365 shared_mux_rejects=5628584 arch_validity_rejects=0
RSS_SAMPLE t=1351.4s rss=2796MB hwm=4706MB
Post-legalization: HPWL=8264309, line=10620095
Per-net HPWL: 105118 nets, total=8264309
  #0: hpwl=531 fanout=93000 (0.0%)
  #1: hpwl=524 fanout=5 (0.0%)
  #2: hpwl=524 fanout=3 (0.0%)
  #3: hpwl=522 fanout=13 (0.0%)
  #4: hpwl=522 fanout=9 (0.0%)
  #5: hpwl=520 fanout=13 (0.0%)
  #6: hpwl=520 fanout=7 (0.0%)
  #7: hpwl=518 fanout=7 (0.0%)
  #8: hpwl=517 fanout=6 (0.0%)
  #9: hpwl=517 fanout=10 (0.0%)
  50% of HPWL from top 14378 nets (of 105118)
