Running scope as unit: run-r196b58b1965f4a5fba2c372ac8309233.scope
chipdb: /home/kelvin/side-project/eisenjoch/chip_database/xc7_large.bin
design: /home/kelvin/side-project/eisenjoch/benchmark/ispd/generated/2016/FPGA01/FPGA01.json
RSS_SAMPLE t=0.0s rss=3MB hwm=3MB
RSS_SAMPLE t=0.3s rss=410MB hwm=410MB
RSS_SAMPLE t=0.5s rss=701MB hwm=701MB
RSS_SAMPLE t=0.8s rss=796MB hwm=796MB
RSS_SAMPLE t=1.0s rss=818MB hwm=824MB
RSS_SAMPLE t=1.3s rss=819MB hwm=824MB
RSS_SAMPLE t=1.5s rss=819MB hwm=824MB
cfg: max_outer_iters=20 blend_alpha=0.5 hardening_step=0 graph_model=TwoLevelPip
RSS_SAMPLE t=1.8s rss=820MB hwm=824MB
  topological compress: density=0.60 target_tiles=15971 final_tiles=15777 scale=1.851 center=(205.1,111.0)
  topological init: n_movable=76660, n_edges=229053, max_layer=26775, back_edges=54022, n_anchored=0
RSS_SAMPLE t=2.0s rss=820MB hwm=824MB
RSS_SAMPLE t=2.3s rss=820MB hwm=824MB
RSS_SAMPLE t=2.5s rss=820MB hwm=824MB
RSS_SAMPLE t=2.8s rss=820MB hwm=824MB
RSS_SAMPLE t=3.0s rss=820MB hwm=824MB
RSS_SAMPLE t=3.3s rss=820MB hwm=824MB
RSS_SAMPLE t=3.5s rss=820MB hwm=824MB
RSS_SAMPLE t=3.8s rss=820MB hwm=824MB
RSS_SAMPLE t=4.0s rss=820MB hwm=824MB
RSS_SAMPLE t=4.3s rss=820MB hwm=824MB
RSS_SAMPLE t=4.5s rss=820MB hwm=824MB
RSS_SAMPLE t=4.8s rss=820MB hwm=824MB
RSS_SAMPLE t=5.0s rss=820MB hwm=824MB
RSS_SAMPLE t=5.3s rss=820MB hwm=824MB
RSS_SAMPLE t=5.5s rss=820MB hwm=824MB
RSS_SAMPLE t=5.8s rss=820MB hwm=824MB
RSS_SAMPLE t=6.0s rss=820MB hwm=824MB
RSS_SAMPLE t=6.3s rss=820MB hwm=824MB
RSS_SAMPLE t=6.5s rss=820MB hwm=824MB
RSS_SAMPLE t=6.8s rss=820MB hwm=824MB
RSS_SAMPLE t=7.0s rss=820MB hwm=824MB
RSS_SAMPLE t=7.3s rss=820MB hwm=824MB
RSS_SAMPLE t=7.5s rss=820MB hwm=824MB
RSS_SAMPLE t=7.8s rss=820MB hwm=824MB
RSS_SAMPLE t=8.0s rss=820MB hwm=824MB
RSS_SAMPLE t=8.3s rss=820MB hwm=824MB
RSS_SAMPLE t=8.5s rss=820MB hwm=824MB
RSS_SAMPLE t=8.8s rss=820MB hwm=824MB
RSS_SAMPLE t=9.0s rss=820MB hwm=824MB
RSS_SAMPLE t=9.3s rss=820MB hwm=824MB
RSS_SAMPLE t=9.5s rss=820MB hwm=824MB
RSS_SAMPLE t=9.8s rss=820MB hwm=824MB
RSS_SAMPLE t=10.0s rss=820MB hwm=824MB
RSS_SAMPLE t=10.3s rss=820MB hwm=824MB
RSS_SAMPLE t=10.5s rss=820MB hwm=824MB
RSS_SAMPLE t=10.8s rss=820MB hwm=824MB
RSS_SAMPLE t=11.0s rss=820MB hwm=824MB
RSS_SAMPLE t=11.3s rss=820MB hwm=824MB
RSS_SAMPLE t=11.5s rss=820MB hwm=824MB
RSS_SAMPLE t=11.8s rss=820MB hwm=824MB
RSS_SAMPLE t=12.0s rss=820MB hwm=824MB
RSS_SAMPLE t=12.3s rss=820MB hwm=824MB
RSS_SAMPLE t=12.5s rss=820MB hwm=824MB
RSS_SAMPLE t=12.8s rss=820MB hwm=824MB
RSS_SAMPLE t=13.0s rss=820MB hwm=824MB
RSS_SAMPLE t=13.3s rss=820MB hwm=824MB
RSS_SAMPLE t=13.5s rss=820MB hwm=824MB
RSS_SAMPLE t=13.8s rss=820MB hwm=824MB
RSS_SAMPLE t=14.0s rss=820MB hwm=824MB
RSS_SAMPLE t=14.3s rss=820MB hwm=824MB
RSS_SAMPLE t=14.5s rss=820MB hwm=824MB
RSS_SAMPLE t=14.8s rss=820MB hwm=824MB
RSS_SAMPLE t=15.0s rss=820MB hwm=824MB
RSS_SAMPLE t=15.3s rss=820MB hwm=824MB
RSS_SAMPLE t=15.5s rss=820MB hwm=824MB
RSS_SAMPLE t=15.8s rss=820MB hwm=824MB
RSS_SAMPLE t=16.0s rss=820MB hwm=824MB
RSS_SAMPLE t=16.3s rss=820MB hwm=824MB
RSS_SAMPLE t=16.5s rss=820MB hwm=824MB
RSS_SAMPLE t=16.8s rss=820MB hwm=824MB
RSS_SAMPLE t=17.0s rss=820MB hwm=824MB
RSS_SAMPLE t=17.3s rss=820MB hwm=824MB
RSS_SAMPLE t=17.5s rss=820MB hwm=824MB
RSS_SAMPLE t=17.8s rss=820MB hwm=824MB
RSS_SAMPLE t=18.0s rss=820MB hwm=824MB
RSS_SAMPLE t=18.3s rss=820MB hwm=824MB
RSS_SAMPLE t=18.5s rss=820MB hwm=824MB
RSS_SAMPLE t=18.8s rss=820MB hwm=824MB
RSS_SAMPLE t=19.0s rss=820MB hwm=824MB
RSS_SAMPLE t=19.3s rss=820MB hwm=824MB
RSS_SAMPLE t=19.5s rss=820MB hwm=824MB
RSS_SAMPLE t=19.8s rss=820MB hwm=824MB
RSS_SAMPLE t=20.0s rss=820MB hwm=824MB
RSS_SAMPLE t=20.3s rss=820MB hwm=824MB
RSS_SAMPLE t=20.5s rss=820MB hwm=824MB
RSS_SAMPLE t=20.8s rss=820MB hwm=824MB
RSS_SAMPLE t=21.0s rss=820MB hwm=824MB
RSS_SAMPLE t=21.3s rss=820MB hwm=824MB
RSS_SAMPLE t=21.5s rss=820MB hwm=824MB
RSS_SAMPLE t=21.8s rss=820MB hwm=824MB
RSS_SAMPLE t=22.0s rss=820MB hwm=824MB
RSS_SAMPLE t=22.3s rss=820MB hwm=824MB
RSS_SAMPLE t=22.5s rss=820MB hwm=824MB
RSS_SAMPLE t=22.8s rss=820MB hwm=824MB
RSS_SAMPLE t=23.0s rss=820MB hwm=824MB
RSS_SAMPLE t=23.3s rss=820MB hwm=824MB
RSS_SAMPLE t=23.5s rss=820MB hwm=824MB
RSS_SAMPLE t=23.8s rss=820MB hwm=824MB
RSS_SAMPLE t=24.0s rss=820MB hwm=824MB
RSS_SAMPLE t=24.3s rss=820MB hwm=824MB
RSS_SAMPLE t=24.5s rss=820MB hwm=824MB
RSS_SAMPLE t=24.8s rss=820MB hwm=824MB
RSS_SAMPLE t=25.0s rss=820MB hwm=824MB
RSS_SAMPLE t=25.3s rss=820MB hwm=824MB
RSS_SAMPLE t=25.5s rss=820MB hwm=824MB
RSS_SAMPLE t=25.8s rss=820MB hwm=824MB
RSS_SAMPLE t=26.0s rss=820MB hwm=824MB
RSS_SAMPLE t=26.3s rss=820MB hwm=824MB
RSS_SAMPLE t=26.5s rss=820MB hwm=824MB
RSS_SAMPLE t=26.8s rss=820MB hwm=824MB
RSS_SAMPLE t=27.0s rss=820MB hwm=824MB
RSS_SAMPLE t=27.3s rss=820MB hwm=824MB
RSS_SAMPLE t=27.5s rss=820MB hwm=824MB
RSS_SAMPLE t=27.8s rss=820MB hwm=824MB
RSS_SAMPLE t=28.0s rss=820MB hwm=824MB
RSS_SAMPLE t=28.3s rss=820MB hwm=824MB
RSS_SAMPLE t=28.5s rss=820MB hwm=824MB
RSS_SAMPLE t=28.8s rss=820MB hwm=824MB
RSS_SAMPLE t=29.0s rss=820MB hwm=824MB
RSS_SAMPLE t=29.3s rss=820MB hwm=824MB
RSS_SAMPLE t=29.5s rss=820MB hwm=824MB
RSS_SAMPLE t=29.8s rss=820MB hwm=824MB
RSS_SAMPLE t=30.0s rss=820MB hwm=824MB
RSS_SAMPLE t=30.3s rss=820MB hwm=824MB
RSS_SAMPLE t=30.5s rss=820MB hwm=824MB
RSS_SAMPLE t=30.8s rss=820MB hwm=824MB
RSS_SAMPLE t=31.0s rss=820MB hwm=824MB
RSS_SAMPLE t=31.3s rss=820MB hwm=824MB
RSS_SAMPLE t=31.5s rss=820MB hwm=824MB
RSS_SAMPLE t=31.8s rss=820MB hwm=824MB
RSS_SAMPLE t=32.0s rss=820MB hwm=824MB
RSS_SAMPLE t=32.3s rss=820MB hwm=824MB
RSS_SAMPLE t=32.5s rss=820MB hwm=824MB
RSS_SAMPLE t=32.8s rss=820MB hwm=824MB
RSS_SAMPLE t=33.0s rss=820MB hwm=824MB
RSS_SAMPLE t=33.3s rss=820MB hwm=824MB
RSS_SAMPLE t=33.5s rss=820MB hwm=824MB
RSS_SAMPLE t=33.8s rss=820MB hwm=824MB
RSS_SAMPLE t=34.0s rss=820MB hwm=824MB
RSS_SAMPLE t=34.3s rss=820MB hwm=824MB
RSS_SAMPLE t=34.5s rss=820MB hwm=824MB
RSS_SAMPLE t=34.8s rss=820MB hwm=824MB
RSS_SAMPLE t=35.0s rss=820MB hwm=824MB
RSS_SAMPLE t=35.3s rss=820MB hwm=824MB
RSS_SAMPLE t=35.5s rss=820MB hwm=824MB
RSS_SAMPLE t=35.8s rss=820MB hwm=824MB
RSS_SAMPLE t=36.0s rss=820MB hwm=824MB
RSS_SAMPLE t=36.3s rss=820MB hwm=824MB
RSS_SAMPLE t=36.5s rss=820MB hwm=824MB
RSS_SAMPLE t=36.8s rss=820MB hwm=824MB
RSS_SAMPLE t=37.0s rss=820MB hwm=824MB
RSS_SAMPLE t=37.3s rss=820MB hwm=824MB
RSS_SAMPLE t=37.5s rss=820MB hwm=824MB
RSS_SAMPLE t=37.8s rss=820MB hwm=824MB
RSS_SAMPLE t=38.0s rss=820MB hwm=824MB
RSS_SAMPLE t=38.3s rss=820MB hwm=824MB
RSS_SAMPLE t=38.5s rss=820MB hwm=824MB
RSS_SAMPLE t=38.8s rss=820MB hwm=824MB
RSS_SAMPLE t=39.0s rss=820MB hwm=824MB
RSS_SAMPLE t=39.3s rss=820MB hwm=824MB
RSS_SAMPLE t=39.5s rss=820MB hwm=824MB
RSS_SAMPLE t=39.8s rss=820MB hwm=824MB
RSS_SAMPLE t=40.0s rss=820MB hwm=824MB
RSS_SAMPLE t=40.3s rss=820MB hwm=824MB
RSS_SAMPLE t=40.5s rss=820MB hwm=824MB
RSS_SAMPLE t=40.8s rss=820MB hwm=824MB
RSS_SAMPLE t=41.0s rss=820MB hwm=824MB
RSS_SAMPLE t=41.3s rss=820MB hwm=824MB
RSS_SAMPLE t=41.5s rss=820MB hwm=824MB
RSS_SAMPLE t=41.8s rss=820MB hwm=824MB
RSS_SAMPLE t=42.0s rss=820MB hwm=824MB
RSS_SAMPLE t=42.3s rss=820MB hwm=824MB
RSS_SAMPLE t=42.5s rss=820MB hwm=824MB
RSS_SAMPLE t=42.8s rss=820MB hwm=824MB
RSS_SAMPLE t=43.0s rss=820MB hwm=824MB
RSS_SAMPLE t=43.3s rss=820MB hwm=824MB
RSS_SAMPLE t=43.5s rss=820MB hwm=824MB
RSS_SAMPLE t=43.8s rss=820MB hwm=824MB
RSS_SAMPLE t=44.0s rss=820MB hwm=824MB
RSS_SAMPLE t=44.3s rss=820MB hwm=824MB
RSS_SAMPLE t=44.5s rss=820MB hwm=824MB
RSS_SAMPLE t=44.8s rss=820MB hwm=824MB
RSS_SAMPLE t=45.0s rss=820MB hwm=824MB
RSS_SAMPLE t=45.3s rss=820MB hwm=824MB
RSS_SAMPLE t=45.5s rss=820MB hwm=824MB
RSS_SAMPLE t=45.8s rss=820MB hwm=824MB
RSS_SAMPLE t=46.0s rss=820MB hwm=824MB
RSS_SAMPLE t=46.3s rss=820MB hwm=824MB
RSS_SAMPLE t=46.5s rss=820MB hwm=824MB
RSS_SAMPLE t=46.8s rss=820MB hwm=824MB
RSS_SAMPLE t=47.0s rss=820MB hwm=824MB
RSS_SAMPLE t=47.3s rss=820MB hwm=824MB
RSS_SAMPLE t=47.5s rss=820MB hwm=824MB
RSS_SAMPLE t=47.8s rss=820MB hwm=824MB
RSS_SAMPLE t=48.0s rss=820MB hwm=824MB
RSS_SAMPLE t=48.3s rss=820MB hwm=824MB
RSS_SAMPLE t=48.5s rss=820MB hwm=824MB
RSS_SAMPLE t=48.8s rss=820MB hwm=824MB
RSS_SAMPLE t=49.0s rss=820MB hwm=824MB
RSS_SAMPLE t=49.3s rss=820MB hwm=824MB
RSS_SAMPLE t=49.5s rss=820MB hwm=824MB
RSS_SAMPLE t=49.8s rss=820MB hwm=824MB
RSS_SAMPLE t=50.0s rss=820MB hwm=824MB
RSS_SAMPLE t=50.3s rss=820MB hwm=824MB
RSS_SAMPLE t=50.5s rss=820MB hwm=824MB
RSS_SAMPLE t=50.8s rss=820MB hwm=824MB
RSS_SAMPLE t=51.0s rss=820MB hwm=824MB
RSS_SAMPLE t=51.3s rss=820MB hwm=824MB
RSS_SAMPLE t=51.5s rss=820MB hwm=824MB
RSS_SAMPLE t=51.8s rss=820MB hwm=824MB
RSS_SAMPLE t=52.0s rss=820MB hwm=824MB
RSS_SAMPLE t=52.3s rss=820MB hwm=824MB
RSS_SAMPLE t=52.5s rss=820MB hwm=824MB
RSS_SAMPLE t=52.8s rss=820MB hwm=824MB
RSS_SAMPLE t=53.0s rss=820MB hwm=824MB
RSS_SAMPLE t=53.3s rss=820MB hwm=824MB
RSS_SAMPLE t=53.5s rss=820MB hwm=824MB
RSS_SAMPLE t=53.8s rss=820MB hwm=824MB
RSS_SAMPLE t=54.0s rss=820MB hwm=824MB
RSS_SAMPLE t=54.3s rss=823MB hwm=824MB
RSS_SAMPLE t=54.5s rss=877MB hwm=877MB
RSS_SAMPLE t=54.8s rss=918MB hwm=918MB
RSS_SAMPLE t=55.0s rss=932MB hwm=932MB
RSS_SAMPLE t=55.3s rss=933MB hwm=933MB
RSS_SAMPLE t=55.5s rss=933MB hwm=933MB
RSS_SAMPLE t=55.8s rss=933MB hwm=933MB
RSS_SAMPLE t=56.0s rss=933MB hwm=933MB
RSS_SAMPLE t=56.3s rss=933MB hwm=933MB
  Skipped truly-null coarse cells: 0 (of 69353 total); pruned pipes: src_null=0 dst_null=0
  Pipe capacity by span:
    span=  1: 138172 pipes, cap min=1 avg=134.5 max=432
    span=  2: 136455 pipes, cap min=2 avg=50.7 max=118
    span=  3: 135619 pipes, cap min=2 avg=26.1 max=52
    span=  4: 136319 pipes, cap min=2 avg=22.7 max=140
    span=  5: 135918 pipes, cap min=2 avg=66.1 max=124
    span=  6: 201217 pipes, cap min=2 avg=15.2 max=28
    span=  7: 200933 pipes, cap min=1 avg=7.3 max=20
    span=  8: 132748 pipes, cap min=2 avg=6.0 max=10
    span=  9: 130848 pipes, cap min=2 avg=6.0 max=10
    span= 10: 131090 pipes, cap min=2 avg=2.2 max=31
    span= 11: 129628 pipes, cap min=2 avg=2.0 max=4
    span= 12: 129018 pipes, cap min=2 avg=2.0 max=4
    span= 13: 128408 pipes, cap min=1 avg=1.5 max=4
    span= 14: 127798 pipes, cap min=1 avg=1.0 max=2
    span= 15: 127188 pipes, cap min=1 avg=1.0 max=2
    span= 16: 126578 pipes, cap min=1 avg=1.0 max=2
    span= 17: 125968 pipes, cap min=1 avg=1.0 max=2
    span= 18: 125358 pipes, cap min=1 avg=1.0 max=2
    span= 19: 63140 pipes, cap min=1 avg=1.0 max=2
  Thin span-1 pipes (cap<=2): 222 total, by tile-type pair (top 20):
    NULL <-> NULL: 220
    CLK_BUFG <-> NULL: 2
  Pipe cost: span^0.50 model (r1=1), span-1=1.000, span-12=3.464, 2×span-6=4.899, 12×span-1=12.000
RSS_SAMPLE t=56.5s rss=1030MB hwm=1030MB
  topological compress: density=0.60 target_tiles=15971 final_tiles=15777 scale=1.851 center=(205.1,111.0)
  topological init: n_movable=76660, n_edges=229053, max_layer=26775, back_edges=54022, n_anchored=0
  type DFF: 302 valid columns, 1077536 total BELs
  type LUT6: 302 valid columns, 538768 total BELs
TypeAwarePlacement: 2 cell types
Coordinate descent mode: 76660 cells, scale 1.00
CellValidityMask: 76660 cells, 311x223 grid, 2 bucket masks, per-cell valid positions: min=67346 avg=67346.0 max=67346, unmapped cells=0
MuxSlotTracker: 76660 cells (76660 with external fanout), 67346 tiles, total_cap=1077536, active_buckets=[DFF,LUT6], built in 69.9ms
MuxSlotTracker[post-seed]: populated_cells=27114, overflow_tiles=518, at_cap_tiles=50, peak_excess=41, capacity_hist={16:67346}
DCD placer: 76660 cells, 69353 nodes, outer_iters=20, dcd_iters_per_cell=8, graph_model=TwoLevelPip
MEM_STATIC: pipes=352MB nodes=1MB adjacency=78MB pipe_cost_vecs=59MB validity_mask=0MB n_pipes=2562403 n_edges=5124806 rss=1043MB
Softmin position update: enabled, theta 0.250 -> 5.000 (anneal over 20 iters)
RSS_SAMPLE t=56.8s rss=1070MB hwm=1070MB
RSS_SAMPLE t=57.0s rss=1070MB hwm=1070MB
RSS_SAMPLE t=57.3s rss=1070MB hwm=1070MB
RSS_SAMPLE t=57.5s rss=1070MB hwm=1070MB
RSS_SAMPLE t=57.8s rss=1070MB hwm=1070MB
RSS_SAMPLE t=58.0s rss=1070MB hwm=1070MB
RSS_SAMPLE t=58.3s rss=1070MB hwm=1070MB
RSS_SAMPLE t=58.5s rss=1070MB hwm=1070MB
RSS_SAMPLE t=58.8s rss=1070MB hwm=1070MB
RSS_SAMPLE t=59.0s rss=1070MB hwm=1070MB
RSS_SAMPLE t=59.3s rss=1073MB hwm=1073MB
    SwitchMatrix: type_usage_pairs=7 lookups=110 hits=103 dijkstra_calls=7 avg_us=10.9 total_ms=0.1
PHASE_MARK outer=0 enter=pre_solve rss=1073MB
RSS_SAMPLE t=59.5s rss=1112MB hwm=1112MB
RSS_SAMPLE t=59.8s rss=1116MB hwm=1116MB
RSS_SAMPLE t=60.0s rss=1118MB hwm=1118MB
RSS_SAMPLE t=60.3s rss=1121MB hwm=1121MB
RSS_SAMPLE t=60.5s rss=1124MB hwm=1124MB
RSS_SAMPLE t=60.8s rss=1127MB hwm=1127MB
RSS_SAMPLE t=61.0s rss=1130MB hwm=1130MB
RSS_SAMPLE t=61.3s rss=1133MB hwm=1133MB
RSS_SAMPLE t=61.5s rss=1137MB hwm=1137MB
RSS_SAMPLE t=61.8s rss=1140MB hwm=1140MB
RSS_SAMPLE t=62.0s rss=1142MB hwm=1142MB
RSS_SAMPLE t=62.3s rss=1145MB hwm=1145MB
RSS_SAMPLE t=62.5s rss=1147MB hwm=1147MB
RSS_SAMPLE t=62.8s rss=1150MB hwm=1150MB
RSS_SAMPLE t=63.0s rss=1153MB hwm=1153MB
RSS_SAMPLE t=63.3s rss=1155MB hwm=1155MB
RSS_SAMPLE t=63.5s rss=1158MB hwm=1158MB
RSS_SAMPLE t=63.8s rss=1160MB hwm=1160MB
RSS_SAMPLE t=64.0s rss=1163MB hwm=1163MB
RSS_SAMPLE t=64.3s rss=1166MB hwm=1166MB
RSS_SAMPLE t=64.5s rss=1169MB hwm=1169MB
RSS_SAMPLE t=64.8s rss=1173MB hwm=1173MB
RSS_SAMPLE t=65.0s rss=1175MB hwm=1175MB
RSS_SAMPLE t=65.3s rss=1178MB hwm=1178MB
RSS_SAMPLE t=65.5s rss=1180MB hwm=1180MB
RSS_SAMPLE t=65.8s rss=1183MB hwm=1183MB
RSS_SAMPLE t=66.0s rss=1186MB hwm=1186MB
RSS_SAMPLE t=66.3s rss=1189MB hwm=1189MB
RSS_SAMPLE t=66.5s rss=1192MB hwm=1192MB
RSS_SAMPLE t=66.8s rss=1195MB hwm=1195MB
RSS_SAMPLE t=67.0s rss=1197MB hwm=1197MB
RSS_SAMPLE t=67.3s rss=1200MB hwm=1200MB
RSS_SAMPLE t=67.5s rss=1202MB hwm=1202MB
RSS_SAMPLE t=67.8s rss=1204MB hwm=1204MB
RSS_SAMPLE t=68.0s rss=1207MB hwm=1207MB
RSS_SAMPLE t=68.3s rss=1209MB hwm=1209MB
RSS_SAMPLE t=68.5s rss=1213MB hwm=1213MB
RSS_SAMPLE t=68.8s rss=1215MB hwm=1215MB
RSS_SAMPLE t=69.0s rss=1218MB hwm=1218MB
RSS_SAMPLE t=69.3s rss=1221MB hwm=1221MB
RSS_SAMPLE t=69.5s rss=1224MB hwm=1224MB
RSS_SAMPLE t=69.8s rss=1227MB hwm=1227MB
RSS_SAMPLE t=70.0s rss=1230MB hwm=1230MB
RSS_SAMPLE t=70.3s rss=1234MB hwm=1234MB
RSS_SAMPLE t=70.5s rss=1236MB hwm=1236MB
RSS_SAMPLE t=70.8s rss=1239MB hwm=1239MB
RSS_SAMPLE t=71.0s rss=1241MB hwm=1241MB
RSS_SAMPLE t=71.3s rss=1245MB hwm=1245MB
RSS_SAMPLE t=71.5s rss=1248MB hwm=1248MB
RSS_SAMPLE t=71.8s rss=1251MB hwm=1251MB
RSS_SAMPLE t=72.0s rss=1254MB hwm=1254MB
RSS_SAMPLE t=72.3s rss=1258MB hwm=1258MB
RSS_SAMPLE t=72.5s rss=1261MB hwm=1261MB
RSS_SAMPLE t=72.8s rss=1263MB hwm=1263MB
RSS_SAMPLE t=73.0s rss=1265MB hwm=1265MB
RSS_SAMPLE t=73.3s rss=1269MB hwm=1269MB
RSS_SAMPLE t=73.5s rss=1272MB hwm=1272MB
RSS_SAMPLE t=73.8s rss=1275MB hwm=1275MB
RSS_SAMPLE t=74.0s rss=1278MB hwm=1278MB
RSS_SAMPLE t=74.3s rss=1281MB hwm=1281MB
RSS_SAMPLE t=74.5s rss=1284MB hwm=1284MB
RSS_SAMPLE t=74.8s rss=1287MB hwm=1287MB
RSS_SAMPLE t=75.0s rss=1289MB hwm=1289MB
RSS_SAMPLE t=75.3s rss=1292MB hwm=1292MB
RSS_SAMPLE t=75.5s rss=1295MB hwm=1295MB
RSS_SAMPLE t=75.8s rss=1298MB hwm=1298MB
RSS_SAMPLE t=76.0s rss=1301MB hwm=1301MB
RSS_SAMPLE t=76.3s rss=1305MB hwm=1305MB
RSS_SAMPLE t=76.5s rss=1308MB hwm=1308MB
RSS_SAMPLE t=76.8s rss=1311MB hwm=1311MB
RSS_SAMPLE t=77.0s rss=1315MB hwm=1315MB
RSS_SAMPLE t=77.3s rss=1318MB hwm=1318MB
RSS_SAMPLE t=77.5s rss=1321MB hwm=1321MB
RSS_SAMPLE t=77.8s rss=1324MB hwm=1324MB
RSS_SAMPLE t=78.0s rss=1328MB hwm=1328MB
RSS_SAMPLE t=78.3s rss=1331MB hwm=1331MB
RSS_SAMPLE t=78.5s rss=1334MB hwm=1334MB
RSS_SAMPLE t=78.8s rss=1337MB hwm=1337MB
RSS_SAMPLE t=79.0s rss=1341MB hwm=1341MB
RSS_SAMPLE t=79.3s rss=1344MB hwm=1344MB
RSS_SAMPLE t=79.5s rss=1348MB hwm=1348MB
RSS_SAMPLE t=79.8s rss=1351MB hwm=1351MB
RSS_SAMPLE t=80.0s rss=1354MB hwm=1354MB
RSS_SAMPLE t=80.3s rss=1358MB hwm=1358MB
RSS_SAMPLE t=80.5s rss=1361MB hwm=1361MB
RSS_SAMPLE t=80.8s rss=1365MB hwm=1365MB
RSS_SAMPLE t=81.0s rss=1367MB hwm=1367MB
RSS_SAMPLE t=81.3s rss=1370MB hwm=1370MB
RSS_SAMPLE t=81.5s rss=1373MB hwm=1373MB
RSS_SAMPLE t=81.8s rss=1376MB hwm=1376MB
RSS_SAMPLE t=82.0s rss=1380MB hwm=1380MB
RSS_SAMPLE t=82.3s rss=1383MB hwm=1383MB
RSS_SAMPLE t=82.5s rss=1387MB hwm=1387MB
RSS_SAMPLE t=82.8s rss=1389MB hwm=1389MB
RSS_SAMPLE t=83.0s rss=1392MB hwm=1392MB
RSS_SAMPLE t=83.3s rss=1395MB hwm=1395MB
RSS_SAMPLE t=83.5s rss=1399MB hwm=1399MB
RSS_SAMPLE t=83.8s rss=1401MB hwm=1401MB
RSS_SAMPLE t=84.0s rss=1404MB hwm=1404MB
RSS_SAMPLE t=84.3s rss=1408MB hwm=1408MB
RSS_SAMPLE t=84.5s rss=1411MB hwm=1411MB
RSS_SAMPLE t=84.8s rss=1415MB hwm=1415MB
RSS_SAMPLE t=85.0s rss=1418MB hwm=1418MB
RSS_SAMPLE t=85.3s rss=1421MB hwm=1421MB
RSS_SAMPLE t=85.5s rss=1424MB hwm=1424MB
RSS_SAMPLE t=85.8s rss=1426MB hwm=1426MB
RSS_SAMPLE t=86.0s rss=1430MB hwm=1430MB
RSS_SAMPLE t=86.3s rss=1432MB hwm=1432MB
RSS_SAMPLE t=86.5s rss=1435MB hwm=1435MB
RSS_SAMPLE t=86.8s rss=1438MB hwm=1438MB
RSS_SAMPLE t=87.0s rss=1441MB hwm=1441MB
RSS_SAMPLE t=87.3s rss=1444MB hwm=1444MB
RSS_SAMPLE t=87.5s rss=1447MB hwm=1447MB
RSS_SAMPLE t=87.8s rss=1450MB hwm=1450MB
RSS_SAMPLE t=88.0s rss=1452MB hwm=1452MB
RSS_SAMPLE t=88.3s rss=1454MB hwm=1454MB
RSS_SAMPLE t=88.5s rss=1457MB hwm=1457MB
RSS_SAMPLE t=88.8s rss=1460MB hwm=1460MB
RSS_SAMPLE t=89.0s rss=1463MB hwm=1463MB
RSS_SAMPLE t=89.3s rss=1465MB hwm=1465MB
RSS_SAMPLE t=89.5s rss=1468MB hwm=1468MB
RSS_SAMPLE t=89.8s rss=1471MB hwm=1471MB
RSS_SAMPLE t=90.0s rss=1473MB hwm=1473MB
RSS_SAMPLE t=90.3s rss=1475MB hwm=1475MB
RSS_SAMPLE t=90.5s rss=1478MB hwm=1478MB
RSS_SAMPLE t=90.8s rss=1480MB hwm=1480MB
RSS_SAMPLE t=91.0s rss=1483MB hwm=1483MB
RSS_SAMPLE t=91.3s rss=1486MB hwm=1486MB
RSS_SAMPLE t=91.6s rss=1489MB hwm=1489MB
RSS_SAMPLE t=91.8s rss=1492MB hwm=1492MB
RSS_SAMPLE t=92.1s rss=1495MB hwm=1495MB
RSS_SAMPLE t=92.3s rss=1497MB hwm=1497MB
RSS_SAMPLE t=92.6s rss=1500MB hwm=1500MB
RSS_SAMPLE t=92.8s rss=1503MB hwm=1503MB
RSS_SAMPLE t=93.1s rss=1505MB hwm=1505MB
RSS_SAMPLE t=93.3s rss=1507MB hwm=1507MB
RSS_SAMPLE t=93.6s rss=1510MB hwm=1510MB
RSS_SAMPLE t=93.8s rss=1512MB hwm=1512MB
RSS_SAMPLE t=94.1s rss=1515MB hwm=1515MB
RSS_SAMPLE t=94.3s rss=1517MB hwm=1517MB
RSS_SAMPLE t=94.6s rss=1521MB hwm=1521MB
RSS_SAMPLE t=94.8s rss=1523MB hwm=1523MB
RSS_SAMPLE t=95.1s rss=1526MB hwm=1526MB
RSS_SAMPLE t=95.3s rss=1528MB hwm=1528MB
RSS_SAMPLE t=95.6s rss=1531MB hwm=1531MB
RSS_SAMPLE t=95.8s rss=1534MB hwm=1534MB
RSS_SAMPLE t=96.1s rss=1537MB hwm=1537MB
RSS_SAMPLE t=96.3s rss=1540MB hwm=1540MB
RSS_SAMPLE t=96.6s rss=1543MB hwm=1543MB
RSS_SAMPLE t=96.8s rss=1546MB hwm=1546MB
RSS_SAMPLE t=97.1s rss=1548MB hwm=1548MB
RSS_SAMPLE t=97.3s rss=1551MB hwm=1551MB
RSS_SAMPLE t=97.6s rss=1554MB hwm=1554MB
RSS_SAMPLE t=97.8s rss=1556MB hwm=1556MB
RSS_SAMPLE t=98.1s rss=1559MB hwm=1559MB
RSS_SAMPLE t=98.3s rss=1562MB hwm=1562MB
RSS_SAMPLE t=98.6s rss=1565MB hwm=1565MB
RSS_SAMPLE t=98.8s rss=1568MB hwm=1568MB
RSS_SAMPLE t=99.1s rss=1571MB hwm=1571MB
RSS_SAMPLE t=99.3s rss=1574MB hwm=1574MB
RSS_SAMPLE t=99.6s rss=1577MB hwm=1577MB
RSS_SAMPLE t=99.8s rss=1579MB hwm=1579MB
RSS_SAMPLE t=100.1s rss=1581MB hwm=1581MB
RSS_SAMPLE t=100.3s rss=1584MB hwm=1584MB
RSS_SAMPLE t=100.6s rss=1586MB hwm=1586MB
RSS_SAMPLE t=100.8s rss=1590MB hwm=1590MB
RSS_SAMPLE t=101.1s rss=1592MB hwm=1592MB
RSS_SAMPLE t=101.3s rss=1595MB hwm=1595MB
RSS_SAMPLE t=101.6s rss=1598MB hwm=1598MB
RSS_SAMPLE t=101.8s rss=1601MB hwm=1601MB
RSS_SAMPLE t=102.1s rss=1604MB hwm=1604MB
RSS_SAMPLE t=102.3s rss=1607MB hwm=1607MB
RSS_SAMPLE t=102.6s rss=1610MB hwm=1610MB
RSS_SAMPLE t=102.8s rss=1613MB hwm=1613MB
RSS_SAMPLE t=103.1s rss=1616MB hwm=1616MB
RSS_SAMPLE t=103.3s rss=1618MB hwm=1618MB
RSS_SAMPLE t=103.6s rss=1621MB hwm=1621MB
RSS_SAMPLE t=103.8s rss=1623MB hwm=1623MB
RSS_SAMPLE t=104.1s rss=1626MB hwm=1626MB
RSS_SAMPLE t=104.3s rss=1628MB hwm=1628MB
RSS_SAMPLE t=104.6s rss=1630MB hwm=1630MB
RSS_SAMPLE t=104.8s rss=1633MB hwm=1633MB
RSS_SAMPLE t=105.1s rss=1636MB hwm=1636MB
RSS_SAMPLE t=105.3s rss=1639MB hwm=1639MB
RSS_SAMPLE t=105.6s rss=1641MB hwm=1641MB
RSS_SAMPLE t=105.8s rss=1643MB hwm=1643MB
RSS_SAMPLE t=106.1s rss=1646MB hwm=1646MB
RSS_SAMPLE t=106.3s rss=1648MB hwm=1648MB
RSS_SAMPLE t=106.6s rss=1650MB hwm=1650MB
RSS_SAMPLE t=106.8s rss=1653MB hwm=1653MB
RSS_SAMPLE t=107.1s rss=1655MB hwm=1655MB
RSS_SAMPLE t=107.3s rss=1658MB hwm=1658MB
RSS_SAMPLE t=107.6s rss=1660MB hwm=1660MB
RSS_SAMPLE t=107.8s rss=1662MB hwm=1662MB
RSS_SAMPLE t=108.1s rss=1666MB hwm=1666MB
RSS_SAMPLE t=108.3s rss=1668MB hwm=1668MB
RSS_SAMPLE t=108.6s rss=1670MB hwm=1670MB
RSS_SAMPLE t=108.8s rss=1674MB hwm=1674MB
RSS_SAMPLE t=109.1s rss=1676MB hwm=1676MB
RSS_SAMPLE t=109.3s rss=1679MB hwm=1679MB
RSS_SAMPLE t=109.6s rss=1682MB hwm=1682MB
RSS_SAMPLE t=109.8s rss=1685MB hwm=1685MB
RSS_SAMPLE t=110.1s rss=1687MB hwm=1687MB
RSS_SAMPLE t=110.3s rss=1689MB hwm=1689MB
RSS_SAMPLE t=110.6s rss=1692MB hwm=1692MB
RSS_SAMPLE t=110.8s rss=1695MB hwm=1695MB
RSS_SAMPLE t=111.1s rss=1697MB hwm=1697MB
RSS_SAMPLE t=111.3s rss=1700MB hwm=1700MB
RSS_SAMPLE t=111.6s rss=1703MB hwm=1703MB
RSS_SAMPLE t=111.8s rss=1706MB hwm=1706MB
RSS_SAMPLE t=112.1s rss=1708MB hwm=1708MB
RSS_SAMPLE t=112.3s rss=1711MB hwm=1711MB
RSS_SAMPLE t=112.6s rss=1713MB hwm=1713MB
RSS_SAMPLE t=112.8s rss=1715MB hwm=1715MB
RSS_SAMPLE t=113.1s rss=1717MB hwm=1717MB
RSS_SAMPLE t=113.3s rss=1719MB hwm=1719MB
RSS_SAMPLE t=113.6s rss=1722MB hwm=1722MB
RSS_SAMPLE t=113.8s rss=1723MB hwm=1723MB
RSS_SAMPLE t=114.1s rss=1725MB hwm=1725MB
RSS_SAMPLE t=114.3s rss=1727MB hwm=1727MB
RSS_SAMPLE t=114.6s rss=1729MB hwm=1729MB
RSS_SAMPLE t=114.8s rss=1731MB hwm=1731MB
RSS_SAMPLE t=115.1s rss=1731MB hwm=1731MB
RSS_SAMPLE t=115.3s rss=1733MB hwm=1733MB
RSS_SAMPLE t=115.6s rss=1734MB hwm=1734MB
RSS_SAMPLE t=115.8s rss=1736MB hwm=1736MB
RSS_SAMPLE t=116.1s rss=1738MB hwm=1738MB
RSS_SAMPLE t=116.3s rss=1740MB hwm=1740MB
RSS_SAMPLE t=116.6s rss=1741MB hwm=1741MB
RSS_SAMPLE t=116.8s rss=1742MB hwm=1742MB
RSS_SAMPLE t=117.1s rss=1743MB hwm=1743MB
RSS_SAMPLE t=117.3s rss=1744MB hwm=1744MB
RSS_SAMPLE t=117.6s rss=1746MB hwm=1746MB
RSS_SAMPLE t=117.8s rss=1747MB hwm=1747MB
RSS_SAMPLE t=118.1s rss=1748MB hwm=1748MB
RSS_SAMPLE t=118.3s rss=1749MB hwm=1749MB
RSS_SAMPLE t=118.6s rss=1749MB hwm=1749MB
RSS_SAMPLE t=118.8s rss=1750MB hwm=1750MB
RSS_SAMPLE t=119.1s rss=1751MB hwm=1751MB
RSS_SAMPLE t=119.3s rss=1752MB hwm=1752MB
RSS_SAMPLE t=119.6s rss=1752MB hwm=1752MB
RSS_SAMPLE t=119.8s rss=1753MB hwm=1753MB
RSS_SAMPLE t=120.1s rss=1753MB hwm=1753MB
RSS_SAMPLE t=120.3s rss=1753MB hwm=1753MB
RSS_SAMPLE t=120.6s rss=1754MB hwm=1754MB
RSS_SAMPLE t=120.8s rss=1754MB hwm=1754MB
RSS_SAMPLE t=121.1s rss=1754MB hwm=1754MB
RSS_SAMPLE t=121.3s rss=1754MB hwm=1754MB
RSS_SAMPLE t=121.6s rss=1754MB hwm=1754MB
RSS_SAMPLE t=121.8s rss=1755MB hwm=1755MB
RSS_SAMPLE t=122.1s rss=1755MB hwm=1755MB
RSS_SAMPLE t=122.3s rss=1755MB hwm=1755MB
RSS_SAMPLE t=122.6s rss=1755MB hwm=1755MB
RSS_SAMPLE t=122.8s rss=1756MB hwm=1756MB
RSS_SAMPLE t=123.1s rss=1756MB hwm=1756MB
RSS_SAMPLE t=123.3s rss=1756MB hwm=1756MB
RSS_SAMPLE t=123.6s rss=1757MB hwm=1757MB
RSS_SAMPLE t=123.8s rss=1757MB hwm=1757MB
RSS_SAMPLE t=124.1s rss=1757MB hwm=1757MB
RSS_SAMPLE t=124.3s rss=1757MB hwm=1757MB
RSS_SAMPLE t=124.6s rss=1758MB hwm=1758MB
RSS_SAMPLE t=124.8s rss=1758MB hwm=1758MB
RSS_SAMPLE t=125.1s rss=1758MB hwm=1758MB
RSS_SAMPLE t=125.3s rss=1759MB hwm=1759MB
RSS_SAMPLE t=125.6s rss=1759MB hwm=1759MB
RSS_SAMPLE t=125.8s rss=1759MB hwm=1759MB
RSS_SAMPLE t=126.1s rss=1759MB hwm=1759MB
RSS_SAMPLE t=126.3s rss=1760MB hwm=1760MB
RSS_SAMPLE t=126.6s rss=1760MB hwm=1760MB
RSS_SAMPLE t=126.8s rss=1760MB hwm=1760MB
RSS_SAMPLE t=127.1s rss=1761MB hwm=1761MB
RSS_SAMPLE t=127.3s rss=1761MB hwm=1761MB
RSS_SAMPLE t=127.6s rss=1761MB hwm=1761MB
RSS_SAMPLE t=127.8s rss=1762MB hwm=1762MB
RSS_SAMPLE t=128.1s rss=1762MB hwm=1762MB
RSS_SAMPLE t=128.3s rss=1762MB hwm=1762MB
RSS_SAMPLE t=128.6s rss=1763MB hwm=1763MB
RSS_SAMPLE t=128.8s rss=1763MB hwm=1763MB
RSS_SAMPLE t=129.1s rss=1763MB hwm=1763MB
RSS_SAMPLE t=129.3s rss=1763MB hwm=1763MB
RSS_SAMPLE t=129.6s rss=1764MB hwm=1764MB
RSS_SAMPLE t=129.8s rss=1764MB hwm=1764MB
RSS_SAMPLE t=130.1s rss=1764MB hwm=1764MB
RSS_SAMPLE t=130.3s rss=1765MB hwm=1765MB
RSS_SAMPLE t=130.6s rss=1765MB hwm=1765MB
RSS_SAMPLE t=130.8s rss=1765MB hwm=1765MB
RSS_SAMPLE t=131.1s rss=1766MB hwm=1766MB
RSS_SAMPLE t=131.3s rss=1766MB hwm=1766MB
RSS_SAMPLE t=131.6s rss=1766MB hwm=1766MB
RSS_SAMPLE t=131.8s rss=1767MB hwm=1767MB
RSS_SAMPLE t=132.1s rss=1767MB hwm=1767MB
RSS_SAMPLE t=132.3s rss=1767MB hwm=1767MB
RSS_SAMPLE t=132.6s rss=1767MB hwm=1767MB
RSS_SAMPLE t=132.8s rss=1768MB hwm=1768MB
RSS_SAMPLE t=133.1s rss=1768MB hwm=1768MB
RSS_SAMPLE t=133.3s rss=1768MB hwm=1768MB
RSS_SAMPLE t=133.6s rss=1768MB hwm=1768MB
RSS_SAMPLE t=133.8s rss=1769MB hwm=1769MB
RSS_SAMPLE t=134.1s rss=1769MB hwm=1769MB
RSS_SAMPLE t=134.3s rss=1769MB hwm=1769MB
RSS_SAMPLE t=134.6s rss=1769MB hwm=1769MB
RSS_SAMPLE t=134.8s rss=1769MB hwm=1769MB
RSS_SAMPLE t=135.1s rss=1770MB hwm=1770MB
RSS_SAMPLE t=135.3s rss=1770MB hwm=1770MB
RSS_SAMPLE t=135.6s rss=1770MB hwm=1770MB
RSS_SAMPLE t=135.8s rss=1771MB hwm=1771MB
RSS_SAMPLE t=136.1s rss=1771MB hwm=1771MB
RSS_SAMPLE t=136.3s rss=1771MB hwm=1771MB
RSS_SAMPLE t=136.6s rss=1771MB hwm=1771MB
RSS_SAMPLE t=136.8s rss=1772MB hwm=1772MB
RSS_SAMPLE t=137.1s rss=1772MB hwm=1772MB
RSS_SAMPLE t=137.3s rss=1772MB hwm=1772MB
RSS_SAMPLE t=137.6s rss=1773MB hwm=1773MB
RSS_SAMPLE t=137.8s rss=1773MB hwm=1773MB
RSS_SAMPLE t=138.1s rss=1773MB hwm=1773MB
RSS_SAMPLE t=138.3s rss=1774MB hwm=1774MB
RSS_SAMPLE t=138.6s rss=1774MB hwm=1774MB
RSS_SAMPLE t=138.8s rss=1774MB hwm=1774MB
RSS_SAMPLE t=139.1s rss=1774MB hwm=1774MB
RSS_SAMPLE t=139.3s rss=1775MB hwm=1775MB
RSS_SAMPLE t=139.6s rss=1775MB hwm=1775MB
RSS_SAMPLE t=139.8s rss=1775MB hwm=1775MB
RSS_SAMPLE t=140.1s rss=1776MB hwm=1776MB
RSS_SAMPLE t=140.3s rss=1776MB hwm=1776MB
RSS_SAMPLE t=140.6s rss=1776MB hwm=1776MB
RSS_SAMPLE t=140.8s rss=1777MB hwm=1777MB
RSS_SAMPLE t=141.1s rss=1777MB hwm=1777MB
RSS_SAMPLE t=141.3s rss=1777MB hwm=1777MB
RSS_SAMPLE t=141.6s rss=1777MB hwm=1777MB
RSS_SAMPLE t=141.8s rss=1778MB hwm=1778MB
RSS_SAMPLE t=142.1s rss=1778MB hwm=1778MB
RSS_SAMPLE t=142.3s rss=1778MB hwm=1778MB
RSS_SAMPLE t=142.6s rss=1779MB hwm=1779MB
RSS_SAMPLE t=142.8s rss=1779MB hwm=1779MB
RSS_SAMPLE t=143.1s rss=1779MB hwm=1779MB
RSS_SAMPLE t=143.3s rss=1779MB hwm=1779MB
RSS_SAMPLE t=143.6s rss=1780MB hwm=1780MB
RSS_SAMPLE t=143.8s rss=1780MB hwm=1780MB
RSS_SAMPLE t=144.1s rss=1780MB hwm=1780MB
RSS_SAMPLE t=144.3s rss=1780MB hwm=1780MB
RSS_SAMPLE t=144.6s rss=1780MB hwm=1780MB
RSS_SAMPLE t=144.8s rss=1781MB hwm=1781MB
RSS_SAMPLE t=145.1s rss=1781MB hwm=1781MB
RSS_SAMPLE t=145.3s rss=1781MB hwm=1781MB
RSS_SAMPLE t=145.6s rss=1781MB hwm=1781MB
RSS_SAMPLE t=145.8s rss=1782MB hwm=1782MB
RSS_SAMPLE t=146.1s rss=1782MB hwm=1782MB
RSS_SAMPLE t=146.3s rss=1782MB hwm=1782MB
RSS_SAMPLE t=146.6s rss=1783MB hwm=1783MB
RSS_SAMPLE t=146.8s rss=1783MB hwm=1783MB
RSS_SAMPLE t=147.1s rss=1783MB hwm=1783MB
RSS_SAMPLE t=147.3s rss=1783MB hwm=1783MB
RSS_SAMPLE t=147.6s rss=1784MB hwm=1784MB
RSS_SAMPLE t=147.8s rss=1784MB hwm=1784MB
RSS_SAMPLE t=148.1s rss=1784MB hwm=1784MB
RSS_SAMPLE t=148.3s rss=1785MB hwm=1785MB
RSS_SAMPLE t=148.6s rss=1785MB hwm=1785MB
RSS_SAMPLE t=148.8s rss=1786MB hwm=1786MB
RSS_SAMPLE t=149.1s rss=1786MB hwm=1786MB
RSS_SAMPLE t=149.3s rss=1786MB hwm=1786MB
RSS_SAMPLE t=149.6s rss=1787MB hwm=1787MB
RSS_SAMPLE t=149.8s rss=1787MB hwm=1787MB
RSS_SAMPLE t=150.1s rss=1787MB hwm=1787MB
RSS_SAMPLE t=150.3s rss=1787MB hwm=1787MB
RSS_SAMPLE t=150.6s rss=1788MB hwm=1788MB
RSS_SAMPLE t=150.8s rss=1788MB hwm=1788MB
RSS_SAMPLE t=151.1s rss=1788MB hwm=1788MB
RSS_SAMPLE t=151.3s rss=1788MB hwm=1788MB
RSS_SAMPLE t=151.6s rss=1789MB hwm=1789MB
RSS_SAMPLE t=151.8s rss=1789MB hwm=1789MB
RSS_SAMPLE t=152.1s rss=1789MB hwm=1789MB
RSS_SAMPLE t=152.3s rss=1790MB hwm=1790MB
RSS_SAMPLE t=152.6s rss=1790MB hwm=1790MB
RSS_SAMPLE t=152.8s rss=1790MB hwm=1790MB
RSS_SAMPLE t=153.1s rss=1791MB hwm=1791MB
RSS_SAMPLE t=153.3s rss=1791MB hwm=1791MB
RSS_SAMPLE t=153.6s rss=1791MB hwm=1791MB
RSS_SAMPLE t=153.8s rss=1791MB hwm=1791MB
RSS_SAMPLE t=154.1s rss=1792MB hwm=1792MB
RSS_SAMPLE t=154.3s rss=1792MB hwm=1792MB
RSS_SAMPLE t=154.6s rss=1792MB hwm=1792MB
RSS_SAMPLE t=154.8s rss=1792MB hwm=1792MB
RSS_SAMPLE t=155.1s rss=1793MB hwm=1793MB
RSS_SAMPLE t=155.3s rss=1793MB hwm=1793MB
RSS_SAMPLE t=155.6s rss=1793MB hwm=1793MB
RSS_SAMPLE t=155.8s rss=1793MB hwm=1793MB
RSS_SAMPLE t=156.1s rss=1793MB hwm=1793MB
RSS_SAMPLE t=156.3s rss=1794MB hwm=1794MB
RSS_SAMPLE t=156.6s rss=1794MB hwm=1794MB
RSS_SAMPLE t=156.8s rss=1794MB hwm=1794MB
RSS_SAMPLE t=157.1s rss=1795MB hwm=1795MB
RSS_SAMPLE t=157.3s rss=1795MB hwm=1795MB
RSS_SAMPLE t=157.6s rss=1795MB hwm=1795MB
RSS_SAMPLE t=157.8s rss=1795MB hwm=1795MB
RSS_SAMPLE t=158.1s rss=1796MB hwm=1796MB
RSS_SAMPLE t=158.3s rss=1796MB hwm=1796MB
RSS_SAMPLE t=158.6s rss=1796MB hwm=1796MB
RSS_SAMPLE t=158.8s rss=1796MB hwm=1796MB
RSS_SAMPLE t=159.1s rss=1796MB hwm=1796MB
RSS_SAMPLE t=159.3s rss=1797MB hwm=1797MB
RSS_SAMPLE t=159.6s rss=1797MB hwm=1797MB
RSS_SAMPLE t=159.8s rss=1798MB hwm=1798MB
RSS_SAMPLE t=160.1s rss=1798MB hwm=1798MB
RSS_SAMPLE t=160.3s rss=1798MB hwm=1798MB
RSS_SAMPLE t=160.6s rss=1798MB hwm=1798MB
RSS_SAMPLE t=160.8s rss=1798MB hwm=1798MB
RSS_SAMPLE t=161.1s rss=1798MB hwm=1798MB
RSS_SAMPLE t=161.3s rss=1799MB hwm=1799MB
RSS_SAMPLE t=161.6s rss=1799MB hwm=1799MB
RSS_SAMPLE t=161.8s rss=1799MB hwm=1799MB
RSS_SAMPLE t=162.1s rss=1799MB hwm=1799MB
RSS_SAMPLE t=162.3s rss=1800MB hwm=1800MB
RSS_SAMPLE t=162.6s rss=1800MB hwm=1800MB
RSS_SAMPLE t=162.8s rss=1800MB hwm=1800MB
RSS_SAMPLE t=163.1s rss=1800MB hwm=1800MB
RSS_SAMPLE t=163.3s rss=1800MB hwm=1800MB
RSS_SAMPLE t=163.6s rss=1801MB hwm=1801MB
RSS_SAMPLE t=163.8s rss=1801MB hwm=1801MB
RSS_SAMPLE t=164.1s rss=1801MB hwm=1801MB
RSS_SAMPLE t=164.3s rss=1801MB hwm=1801MB
RSS_SAMPLE t=164.6s rss=1801MB hwm=1801MB
RSS_SAMPLE t=164.8s rss=1802MB hwm=1802MB
RSS_SAMPLE t=165.1s rss=1802MB hwm=1802MB
RSS_SAMPLE t=165.3s rss=1802MB hwm=1802MB
RSS_SAMPLE t=165.6s rss=1803MB hwm=1803MB
RSS_SAMPLE t=165.8s rss=1803MB hwm=1803MB
RSS_SAMPLE t=166.1s rss=1803MB hwm=1803MB
RSS_SAMPLE t=166.3s rss=1803MB hwm=1803MB
RSS_SAMPLE t=166.6s rss=1804MB hwm=1804MB
RSS_SAMPLE t=166.8s rss=1804MB hwm=1804MB
RSS_SAMPLE t=167.1s rss=1804MB hwm=1804MB
RSS_SAMPLE t=167.3s rss=1804MB hwm=1804MB
RSS_SAMPLE t=167.6s rss=1805MB hwm=1805MB
RSS_SAMPLE t=167.8s rss=1805MB hwm=1805MB
RSS_SAMPLE t=168.1s rss=1805MB hwm=1805MB
RSS_SAMPLE t=168.3s rss=1806MB hwm=1806MB
RSS_SAMPLE t=168.6s rss=1806MB hwm=1806MB
RSS_SAMPLE t=168.8s rss=1806MB hwm=1806MB
RSS_SAMPLE t=169.1s rss=1806MB hwm=1806MB
RSS_SAMPLE t=169.3s rss=1807MB hwm=1807MB
RSS_SAMPLE t=169.6s rss=1807MB hwm=1807MB
RSS_SAMPLE t=169.8s rss=1807MB hwm=1807MB
RSS_SAMPLE t=170.1s rss=1808MB hwm=1808MB
RSS_SAMPLE t=170.3s rss=1808MB hwm=1808MB
RSS_SAMPLE t=170.6s rss=1808MB hwm=1808MB
RSS_SAMPLE t=170.8s rss=1809MB hwm=1809MB
RSS_SAMPLE t=171.1s rss=1809MB hwm=1809MB
RSS_SAMPLE t=171.3s rss=1809MB hwm=1809MB
RSS_SAMPLE t=171.6s rss=1809MB hwm=1809MB
RSS_SAMPLE t=171.8s rss=1810MB hwm=1810MB
RSS_SAMPLE t=172.1s rss=1810MB hwm=1810MB
RSS_SAMPLE t=172.3s rss=1811MB hwm=1811MB
RSS_SAMPLE t=172.6s rss=1811MB hwm=1811MB
RSS_SAMPLE t=172.8s rss=1811MB hwm=1811MB
RSS_SAMPLE t=173.1s rss=1811MB hwm=1811MB
RSS_SAMPLE t=173.3s rss=1812MB hwm=1812MB
RSS_SAMPLE t=173.6s rss=1812MB hwm=1812MB
RSS_SAMPLE t=173.8s rss=1812MB hwm=1812MB
RSS_SAMPLE t=174.1s rss=1812MB hwm=1812MB
    rss_probe[outer=0]: pre_refresh_rss=1073MB post_pre_solve_rss=1812MB cache_entries=42424857 cache_cap=69325648 cache_est_mb=600
    pre_solve_diag[outer=0]: solves=105117 fallback=0 (0.0%) cap_armed=105117 (100.0%) settle_avg=10344 settle_max=69353 init_count=62
  Cell placement by tile type (iter 0, 76660 cells):
    NULL: 31596
    CLB: 27114
    IOB_W: 15019
    CLK_BUFG: 2320
    BRAM: 351
    DSP: 182
    IOB_E: 78
    Overflow: over=0 (0.0% of used) avg_excess=0.00 max_excess=0.00 (nc=0.00 cap=0 span=0)  excess_buckets: <=1=0 1-5=0 5-20=0 >20=0  by_cap: cap1=0 cap2=0 cap3-5=0 cap>5=0  by_span: s1=0 s2-3=0 s4-6=0 s7-12=0 s>12=0  le1_cross: cap1=0 cap2-5=0 cap>5=0
    Congestion: pipes=2562403 used=0 congested(>50%)=0 saturated(>90%)=0 max_util=0.00 avg_util=0.0000
PHASE_MARK outer=0 enter=dcd_sweep rss=1812MB
RSS_SAMPLE t=174.3s rss=1813MB hwm=1813MB
RSS_SAMPLE t=174.6s rss=1813MB hwm=1813MB
RSS_SAMPLE t=174.9s rss=1813MB hwm=1813MB
RSS_SAMPLE t=175.1s rss=1813MB hwm=1813MB
RSS_SAMPLE t=175.4s rss=1813MB hwm=1813MB
RSS_SAMPLE t=175.6s rss=1813MB hwm=1813MB
RSS_SAMPLE t=175.9s rss=1813MB hwm=1813MB
RSS_SAMPLE t=176.1s rss=1813MB hwm=1813MB
RSS_SAMPLE t=176.4s rss=1813MB hwm=1813MB
RSS_SAMPLE t=176.6s rss=1813MB hwm=1813MB
RSS_SAMPLE t=176.9s rss=1813MB hwm=1813MB
RSS_SAMPLE t=177.1s rss=1813MB hwm=1813MB
RSS_SAMPLE t=177.4s rss=1814MB hwm=1814MB
RSS_SAMPLE t=177.6s rss=1814MB hwm=1814MB
RSS_SAMPLE t=177.9s rss=1814MB hwm=1814MB
RSS_SAMPLE t=178.1s rss=1814MB hwm=1814MB
RSS_SAMPLE t=178.4s rss=1814MB hwm=1814MB
RSS_SAMPLE t=178.6s rss=1814MB hwm=1814MB
RSS_SAMPLE t=178.9s rss=1814MB hwm=1814MB
RSS_SAMPLE t=179.1s rss=1814MB hwm=1814MB
RSS_SAMPLE t=179.4s rss=1814MB hwm=1814MB
RSS_SAMPLE t=179.6s rss=1814MB hwm=1814MB
RSS_SAMPLE t=179.9s rss=1814MB hwm=1814MB
RSS_SAMPLE t=180.1s rss=1814MB hwm=1814MB
RSS_SAMPLE t=180.4s rss=1815MB hwm=1815MB
RSS_SAMPLE t=180.6s rss=1815MB hwm=1815MB
RSS_SAMPLE t=180.9s rss=1815MB hwm=1815MB
RSS_SAMPLE t=181.1s rss=1815MB hwm=1815MB
RSS_SAMPLE t=181.4s rss=1815MB hwm=1815MB
RSS_SAMPLE t=181.6s rss=1815MB hwm=1815MB
RSS_SAMPLE t=181.9s rss=1815MB hwm=1815MB
RSS_SAMPLE t=182.1s rss=1815MB hwm=1815MB
RSS_SAMPLE t=182.4s rss=1815MB hwm=1815MB
RSS_SAMPLE t=182.6s rss=1815MB hwm=1815MB
RSS_SAMPLE t=182.9s rss=1815MB hwm=1815MB
RSS_SAMPLE t=183.1s rss=1815MB hwm=1815MB
RSS_SAMPLE t=183.4s rss=1816MB hwm=1816MB
RSS_SAMPLE t=183.6s rss=1816MB hwm=1816MB
RSS_SAMPLE t=183.9s rss=1816MB hwm=1816MB
RSS_SAMPLE t=184.1s rss=1816MB hwm=1816MB
RSS_SAMPLE t=184.4s rss=1816MB hwm=1816MB
RSS_SAMPLE t=184.6s rss=1816MB hwm=1816MB
RSS_SAMPLE t=184.9s rss=1816MB hwm=1816MB
RSS_SAMPLE t=185.1s rss=1816MB hwm=1816MB
RSS_SAMPLE t=185.4s rss=1817MB hwm=1817MB
RSS_SAMPLE t=185.6s rss=1817MB hwm=1817MB
RSS_SAMPLE t=185.9s rss=1817MB hwm=1817MB
RSS_SAMPLE t=186.1s rss=1817MB hwm=1817MB
PHASE_MARK outer=0 leave=dcd_sweep rss=1817MB
PHASE_MARK outer=0 enter=post_refresh rss=1817MB
RSS_SAMPLE t=186.4s rss=1840MB hwm=1840MB
RSS_SAMPLE t=186.6s rss=1847MB hwm=1847MB
RSS_SAMPLE t=186.9s rss=1847MB hwm=1847MB
RSS_SAMPLE t=187.1s rss=1847MB hwm=1847MB
RSS_SAMPLE t=187.4s rss=1847MB hwm=1847MB
RSS_SAMPLE t=187.6s rss=1847MB hwm=1847MB
RSS_SAMPLE t=187.9s rss=1847MB hwm=1847MB
RSS_SAMPLE t=188.1s rss=1847MB hwm=1847MB
RSS_SAMPLE t=188.4s rss=1847MB hwm=1847MB
RSS_SAMPLE t=188.6s rss=1847MB hwm=1847MB
RSS_SAMPLE t=188.9s rss=1847MB hwm=1847MB
RSS_SAMPLE t=189.1s rss=1849MB hwm=1849MB
RSS_SAMPLE t=189.4s rss=2217MB hwm=2217MB
RSS_SAMPLE t=189.6s rss=2282MB hwm=2282MB
RSS_SAMPLE t=189.9s rss=2304MB hwm=2304MB
RSS_SAMPLE t=190.1s rss=2312MB hwm=2312MB
RSS_SAMPLE t=190.4s rss=2318MB hwm=2318MB
RSS_SAMPLE t=190.6s rss=2322MB hwm=2322MB
RSS_SAMPLE t=190.9s rss=2323MB hwm=2323MB
RSS_SAMPLE t=191.1s rss=2323MB hwm=2323MB
RSS_SAMPLE t=191.4s rss=2333MB hwm=2333MB
RSS_SAMPLE t=191.6s rss=2335MB hwm=2335MB
RSS_SAMPLE t=191.9s rss=2335MB hwm=2335MB
RSS_SAMPLE t=192.1s rss=2335MB hwm=2335MB
RSS_SAMPLE t=192.4s rss=2339MB hwm=2339MB
RSS_SAMPLE t=192.6s rss=2339MB hwm=2339MB
RSS_SAMPLE t=192.9s rss=2339MB hwm=2339MB
RSS_SAMPLE t=193.1s rss=2339MB hwm=2339MB
RSS_SAMPLE t=193.4s rss=2339MB hwm=2339MB
RSS_SAMPLE t=193.6s rss=2341MB hwm=2341MB
RSS_SAMPLE t=193.9s rss=2341MB hwm=2341MB
RSS_SAMPLE t=194.1s rss=2341MB hwm=2341MB
RSS_SAMPLE t=194.4s rss=2341MB hwm=2341MB
RSS_SAMPLE t=194.6s rss=2341MB hwm=2341MB
RSS_SAMPLE t=194.9s rss=2341MB hwm=2341MB
RSS_SAMPLE t=195.1s rss=2341MB hwm=2341MB
RSS_SAMPLE t=195.4s rss=2341MB hwm=2341MB
RSS_SAMPLE t=195.6s rss=2341MB hwm=2341MB
RSS_SAMPLE t=195.9s rss=2344MB hwm=2344MB
RSS_SAMPLE t=196.1s rss=2346MB hwm=2346MB
RSS_SAMPLE t=196.4s rss=2346MB hwm=2346MB
RSS_SAMPLE t=196.6s rss=2346MB hwm=2346MB
RSS_SAMPLE t=196.9s rss=2347MB hwm=2347MB
RSS_SAMPLE t=197.1s rss=2347MB hwm=2347MB
RSS_SAMPLE t=197.4s rss=2348MB hwm=2348MB
RSS_SAMPLE t=197.6s rss=2349MB hwm=2349MB
RSS_SAMPLE t=197.9s rss=2349MB hwm=2349MB
RSS_SAMPLE t=198.1s rss=2349MB hwm=2349MB
RSS_SAMPLE t=198.4s rss=2350MB hwm=2350MB
RSS_SAMPLE t=198.6s rss=2350MB hwm=2350MB
RSS_SAMPLE t=198.9s rss=2351MB hwm=2351MB
RSS_SAMPLE t=199.1s rss=2351MB hwm=2351MB
RSS_SAMPLE t=199.4s rss=2351MB hwm=2351MB
RSS_SAMPLE t=199.6s rss=2352MB hwm=2352MB
RSS_SAMPLE t=199.9s rss=2352MB hwm=2352MB
RSS_SAMPLE t=200.1s rss=2352MB hwm=2352MB
RSS_SAMPLE t=200.4s rss=2353MB hwm=2353MB
RSS_SAMPLE t=200.6s rss=2354MB hwm=2354MB
RSS_SAMPLE t=200.9s rss=2354MB hwm=2354MB
RSS_SAMPLE t=201.1s rss=2354MB hwm=2354MB
RSS_SAMPLE t=201.4s rss=2355MB hwm=2355MB
RSS_SAMPLE t=201.6s rss=2356MB hwm=2356MB
RSS_SAMPLE t=201.9s rss=2357MB hwm=2357MB
RSS_SAMPLE t=202.1s rss=2357MB hwm=2357MB
RSS_SAMPLE t=202.4s rss=2358MB hwm=2358MB
RSS_SAMPLE t=202.6s rss=2359MB hwm=2359MB
RSS_SAMPLE t=202.9s rss=2360MB hwm=2360MB
RSS_SAMPLE t=203.1s rss=2360MB hwm=2360MB
RSS_SAMPLE t=203.4s rss=2360MB hwm=2360MB
RSS_SAMPLE t=203.6s rss=2360MB hwm=2360MB
RSS_SAMPLE t=203.9s rss=2361MB hwm=2361MB
RSS_SAMPLE t=204.1s rss=2362MB hwm=2362MB
RSS_SAMPLE t=204.4s rss=2362MB hwm=2362MB
RSS_SAMPLE t=204.6s rss=2362MB hwm=2362MB
RSS_SAMPLE t=204.9s rss=2363MB hwm=2363MB
RSS_SAMPLE t=205.1s rss=2363MB hwm=2363MB
RSS_SAMPLE t=205.4s rss=2363MB hwm=2363MB
RSS_SAMPLE t=205.6s rss=2364MB hwm=2364MB
RSS_SAMPLE t=205.9s rss=2364MB hwm=2364MB
RSS_SAMPLE t=206.1s rss=2365MB hwm=2365MB
RSS_SAMPLE t=206.4s rss=2366MB hwm=2366MB
RSS_SAMPLE t=206.6s rss=2366MB hwm=2366MB
RSS_SAMPLE t=206.9s rss=2367MB hwm=2367MB
RSS_SAMPLE t=207.1s rss=2367MB hwm=2367MB
RSS_SAMPLE t=207.4s rss=2368MB hwm=2368MB
RSS_SAMPLE t=207.6s rss=2368MB hwm=2368MB
RSS_SAMPLE t=207.9s rss=2369MB hwm=2369MB
RSS_SAMPLE t=208.1s rss=2369MB hwm=2369MB
RSS_SAMPLE t=208.4s rss=2369MB hwm=2369MB
RSS_SAMPLE t=208.6s rss=2370MB hwm=2370MB
RSS_SAMPLE t=208.9s rss=2370MB hwm=2370MB
RSS_SAMPLE t=209.1s rss=2371MB hwm=2371MB
RSS_SAMPLE t=209.4s rss=2371MB hwm=2371MB
RSS_SAMPLE t=209.6s rss=2372MB hwm=2372MB
RSS_SAMPLE t=209.9s rss=2372MB hwm=2372MB
RSS_SAMPLE t=210.1s rss=2373MB hwm=2373MB
RSS_SAMPLE t=210.4s rss=2373MB hwm=2373MB
RSS_SAMPLE t=210.6s rss=2374MB hwm=2374MB
RSS_SAMPLE t=210.9s rss=2374MB hwm=2374MB
RSS_SAMPLE t=211.1s rss=2375MB hwm=2375MB
RSS_SAMPLE t=211.4s rss=2375MB hwm=2375MB
RSS_SAMPLE t=211.6s rss=2375MB hwm=2375MB
RSS_SAMPLE t=211.9s rss=2376MB hwm=2376MB
RSS_SAMPLE t=212.1s rss=2377MB hwm=2377MB
RSS_SAMPLE t=212.4s rss=2378MB hwm=2378MB
RSS_SAMPLE t=212.6s rss=2378MB hwm=2378MB
RSS_SAMPLE t=212.9s rss=2379MB hwm=2379MB
RSS_SAMPLE t=213.1s rss=2379MB hwm=2379MB
RSS_SAMPLE t=213.4s rss=2379MB hwm=2379MB
RSS_SAMPLE t=213.6s rss=2380MB hwm=2380MB
RSS_SAMPLE t=213.9s rss=2381MB hwm=2381MB
RSS_SAMPLE t=214.1s rss=2381MB hwm=2381MB
RSS_SAMPLE t=214.4s rss=2382MB hwm=2382MB
RSS_SAMPLE t=214.6s rss=2382MB hwm=2382MB
RSS_SAMPLE t=214.9s rss=2383MB hwm=2383MB
RSS_SAMPLE t=215.1s rss=2383MB hwm=2383MB
RSS_SAMPLE t=215.4s rss=2384MB hwm=2384MB
RSS_SAMPLE t=215.6s rss=2384MB hwm=2384MB
RSS_SAMPLE t=215.9s rss=2385MB hwm=2385MB
RSS_SAMPLE t=216.1s rss=2385MB hwm=2385MB
RSS_SAMPLE t=216.4s rss=2386MB hwm=2386MB
RSS_SAMPLE t=216.6s rss=2386MB hwm=2386MB
RSS_SAMPLE t=216.9s rss=2387MB hwm=2387MB
RSS_SAMPLE t=217.1s rss=2387MB hwm=2387MB
RSS_SAMPLE t=217.4s rss=2388MB hwm=2388MB
RSS_SAMPLE t=217.6s rss=2389MB hwm=2389MB
RSS_SAMPLE t=217.9s rss=2389MB hwm=2389MB
RSS_SAMPLE t=218.1s rss=2389MB hwm=2389MB
RSS_SAMPLE t=218.4s rss=2389MB hwm=2389MB
RSS_SAMPLE t=218.6s rss=2390MB hwm=2390MB
RSS_SAMPLE t=218.9s rss=2390MB hwm=2390MB
RSS_SAMPLE t=219.1s rss=2391MB hwm=2391MB
RSS_SAMPLE t=219.4s rss=2391MB hwm=2391MB
RSS_SAMPLE t=219.6s rss=2391MB hwm=2391MB
RSS_SAMPLE t=219.9s rss=2391MB hwm=2391MB
RSS_SAMPLE t=220.1s rss=2392MB hwm=2392MB
RSS_SAMPLE t=220.4s rss=2393MB hwm=2393MB
RSS_SAMPLE t=220.6s rss=2393MB hwm=2393MB
RSS_SAMPLE t=220.9s rss=2393MB hwm=2393MB
RSS_SAMPLE t=221.1s rss=2393MB hwm=2393MB
RSS_SAMPLE t=221.4s rss=2394MB hwm=2394MB
RSS_SAMPLE t=221.6s rss=2394MB hwm=2394MB
RSS_SAMPLE t=221.9s rss=2395MB hwm=2395MB
RSS_SAMPLE t=222.1s rss=2395MB hwm=2395MB
RSS_SAMPLE t=222.4s rss=2395MB hwm=2395MB
RSS_SAMPLE t=222.6s rss=2396MB hwm=2396MB
RSS_SAMPLE t=222.9s rss=2396MB hwm=2396MB
RSS_SAMPLE t=223.1s rss=2396MB hwm=2396MB
RSS_SAMPLE t=223.4s rss=2397MB hwm=2397MB
RSS_SAMPLE t=223.6s rss=2397MB hwm=2397MB
RSS_SAMPLE t=223.9s rss=2397MB hwm=2397MB
RSS_SAMPLE t=224.1s rss=2398MB hwm=2398MB
RSS_SAMPLE t=224.4s rss=2398MB hwm=2398MB
RSS_SAMPLE t=224.6s rss=2399MB hwm=2399MB
RSS_SAMPLE t=224.9s rss=2399MB hwm=2399MB
RSS_SAMPLE t=225.1s rss=2400MB hwm=2400MB
RSS_SAMPLE t=225.4s rss=2400MB hwm=2400MB
RSS_SAMPLE t=225.6s rss=2400MB hwm=2400MB
RSS_SAMPLE t=225.9s rss=2400MB hwm=2400MB
RSS_SAMPLE t=226.1s rss=2402MB hwm=2402MB
RSS_SAMPLE t=226.4s rss=2402MB hwm=2402MB
RSS_SAMPLE t=226.6s rss=2402MB hwm=2402MB
RSS_SAMPLE t=226.9s rss=2403MB hwm=2403MB
RSS_SAMPLE t=227.1s rss=2403MB hwm=2403MB
RSS_SAMPLE t=227.4s rss=2404MB hwm=2404MB
RSS_SAMPLE t=227.6s rss=2404MB hwm=2404MB
RSS_SAMPLE t=227.9s rss=2405MB hwm=2405MB
RSS_SAMPLE t=228.1s rss=2406MB hwm=2406MB
RSS_SAMPLE t=228.4s rss=2406MB hwm=2406MB
RSS_SAMPLE t=228.6s rss=2407MB hwm=2407MB
RSS_SAMPLE t=228.9s rss=2407MB hwm=2407MB
RSS_SAMPLE t=229.1s rss=2407MB hwm=2407MB
RSS_SAMPLE t=229.4s rss=2408MB hwm=2408MB
RSS_SAMPLE t=229.6s rss=2409MB hwm=2409MB
RSS_SAMPLE t=229.9s rss=2410MB hwm=2410MB
RSS_SAMPLE t=230.1s rss=2410MB hwm=2410MB
RSS_SAMPLE t=230.4s rss=2411MB hwm=2411MB
RSS_SAMPLE t=230.6s rss=2412MB hwm=2412MB
RSS_SAMPLE t=230.9s rss=2412MB hwm=2412MB
RSS_SAMPLE t=231.1s rss=2413MB hwm=2413MB
RSS_SAMPLE t=231.4s rss=2414MB hwm=2414MB
RSS_SAMPLE t=231.6s rss=2414MB hwm=2414MB
RSS_SAMPLE t=231.9s rss=2414MB hwm=2414MB
RSS_SAMPLE t=232.1s rss=2415MB hwm=2415MB
RSS_SAMPLE t=232.4s rss=2415MB hwm=2415MB
RSS_SAMPLE t=232.6s rss=2416MB hwm=2416MB
RSS_SAMPLE t=232.9s rss=2416MB hwm=2416MB
RSS_SAMPLE t=233.1s rss=2417MB hwm=2417MB
RSS_SAMPLE t=233.4s rss=2417MB hwm=2417MB
RSS_SAMPLE t=233.6s rss=2418MB hwm=2418MB
RSS_SAMPLE t=233.9s rss=2419MB hwm=2419MB
RSS_SAMPLE t=234.1s rss=2419MB hwm=2419MB
RSS_SAMPLE t=234.4s rss=2420MB hwm=2420MB
RSS_SAMPLE t=234.6s rss=2420MB hwm=2420MB
RSS_SAMPLE t=234.9s rss=2421MB hwm=2421MB
RSS_SAMPLE t=235.1s rss=2421MB hwm=2421MB
RSS_SAMPLE t=235.4s rss=2422MB hwm=2422MB
RSS_SAMPLE t=235.6s rss=2423MB hwm=2423MB
RSS_SAMPLE t=235.9s rss=2423MB hwm=2423MB
RSS_SAMPLE t=236.1s rss=2424MB hwm=2424MB
RSS_SAMPLE t=236.4s rss=2424MB hwm=2424MB
RSS_SAMPLE t=236.6s rss=2424MB hwm=2424MB
RSS_SAMPLE t=236.9s rss=2425MB hwm=2425MB
RSS_SAMPLE t=237.1s rss=2426MB hwm=2426MB
RSS_SAMPLE t=237.4s rss=2426MB hwm=2426MB
RSS_SAMPLE t=237.6s rss=2427MB hwm=2427MB
RSS_SAMPLE t=237.9s rss=2427MB hwm=2427MB
RSS_SAMPLE t=238.1s rss=2427MB hwm=2427MB
RSS_SAMPLE t=238.4s rss=2428MB hwm=2428MB
RSS_SAMPLE t=238.6s rss=2428MB hwm=2428MB
RSS_SAMPLE t=238.9s rss=2428MB hwm=2428MB
RSS_SAMPLE t=239.1s rss=2429MB hwm=2429MB
RSS_SAMPLE t=239.4s rss=2429MB hwm=2429MB
RSS_SAMPLE t=239.6s rss=2430MB hwm=2430MB
RSS_SAMPLE t=239.9s rss=2430MB hwm=2430MB
RSS_SAMPLE t=240.1s rss=2431MB hwm=2431MB
RSS_SAMPLE t=240.4s rss=2431MB hwm=2431MB
RSS_SAMPLE t=240.6s rss=2432MB hwm=2432MB
RSS_SAMPLE t=240.9s rss=2432MB hwm=2432MB
RSS_SAMPLE t=241.1s rss=2433MB hwm=2433MB
RSS_SAMPLE t=241.4s rss=2433MB hwm=2433MB
RSS_SAMPLE t=241.7s rss=2434MB hwm=2434MB
RSS_SAMPLE t=241.9s rss=2434MB hwm=2434MB
RSS_SAMPLE t=242.2s rss=2434MB hwm=2434MB
RSS_SAMPLE t=242.4s rss=2435MB hwm=2435MB
RSS_SAMPLE t=242.7s rss=2435MB hwm=2435MB
RSS_SAMPLE t=242.9s rss=2436MB hwm=2436MB
RSS_SAMPLE t=243.2s rss=2436MB hwm=2436MB
RSS_SAMPLE t=243.4s rss=2437MB hwm=2437MB
RSS_SAMPLE t=243.7s rss=2437MB hwm=2437MB
RSS_SAMPLE t=243.9s rss=2437MB hwm=2437MB
RSS_SAMPLE t=244.2s rss=2437MB hwm=2437MB
RSS_SAMPLE t=244.4s rss=2438MB hwm=2438MB
RSS_SAMPLE t=244.7s rss=2438MB hwm=2438MB
RSS_SAMPLE t=244.9s rss=2439MB hwm=2439MB
RSS_SAMPLE t=245.2s rss=2439MB hwm=2439MB
RSS_SAMPLE t=245.4s rss=2440MB hwm=2440MB
RSS_SAMPLE t=245.7s rss=2440MB hwm=2440MB
RSS_SAMPLE t=245.9s rss=2440MB hwm=2440MB
RSS_SAMPLE t=246.2s rss=2441MB hwm=2441MB
RSS_SAMPLE t=246.4s rss=2441MB hwm=2441MB
RSS_SAMPLE t=246.7s rss=2442MB hwm=2442MB
RSS_SAMPLE t=246.9s rss=2442MB hwm=2442MB
RSS_SAMPLE t=247.2s rss=2442MB hwm=2442MB
RSS_SAMPLE t=247.4s rss=2443MB hwm=2443MB
RSS_SAMPLE t=247.7s rss=2443MB hwm=2443MB
RSS_SAMPLE t=247.9s rss=2444MB hwm=2444MB
RSS_SAMPLE t=248.2s rss=2444MB hwm=2444MB
RSS_SAMPLE t=248.4s rss=2444MB hwm=2444MB
RSS_SAMPLE t=248.7s rss=2445MB hwm=2445MB
RSS_SAMPLE t=248.9s rss=2445MB hwm=2445MB
RSS_SAMPLE t=249.2s rss=2446MB hwm=2446MB
RSS_SAMPLE t=249.4s rss=2446MB hwm=2446MB
RSS_SAMPLE t=249.7s rss=2447MB hwm=2447MB
RSS_SAMPLE t=249.9s rss=2447MB hwm=2447MB
RSS_SAMPLE t=250.2s rss=2448MB hwm=2448MB
RSS_SAMPLE t=250.4s rss=2449MB hwm=2449MB
RSS_SAMPLE t=250.7s rss=2450MB hwm=2450MB
RSS_SAMPLE t=250.9s rss=2450MB hwm=2450MB
RSS_SAMPLE t=251.2s rss=2451MB hwm=2451MB
RSS_SAMPLE t=251.4s rss=2451MB hwm=2451MB
RSS_SAMPLE t=251.7s rss=2452MB hwm=2452MB
RSS_SAMPLE t=251.9s rss=2453MB hwm=2453MB
RSS_SAMPLE t=252.2s rss=2453MB hwm=2453MB
RSS_SAMPLE t=252.4s rss=2453MB hwm=2453MB
RSS_SAMPLE t=252.7s rss=2454MB hwm=2454MB
RSS_SAMPLE t=252.9s rss=2455MB hwm=2455MB
RSS_SAMPLE t=253.2s rss=2456MB hwm=2456MB
RSS_SAMPLE t=253.4s rss=2456MB hwm=2456MB
RSS_SAMPLE t=253.7s rss=2457MB hwm=2457MB
RSS_SAMPLE t=253.9s rss=2457MB hwm=2457MB
RSS_SAMPLE t=254.2s rss=2458MB hwm=2458MB
RSS_SAMPLE t=254.4s rss=2459MB hwm=2459MB
RSS_SAMPLE t=254.7s rss=2459MB hwm=2459MB
RSS_SAMPLE t=254.9s rss=2460MB hwm=2460MB
RSS_SAMPLE t=255.2s rss=2461MB hwm=2461MB
RSS_SAMPLE t=255.4s rss=2461MB hwm=2461MB
RSS_SAMPLE t=255.7s rss=2462MB hwm=2462MB
RSS_SAMPLE t=255.9s rss=2462MB hwm=2462MB
RSS_SAMPLE t=256.2s rss=2463MB hwm=2463MB
RSS_SAMPLE t=256.4s rss=2464MB hwm=2464MB
RSS_SAMPLE t=256.7s rss=2465MB hwm=2465MB
RSS_SAMPLE t=256.9s rss=2465MB hwm=2465MB
RSS_SAMPLE t=257.2s rss=2466MB hwm=2466MB
RSS_SAMPLE t=257.4s rss=2467MB hwm=2467MB
RSS_SAMPLE t=257.7s rss=2468MB hwm=2468MB
RSS_SAMPLE t=257.9s rss=2469MB hwm=2469MB
RSS_SAMPLE t=258.2s rss=2470MB hwm=2470MB
RSS_SAMPLE t=258.4s rss=2470MB hwm=2470MB
RSS_SAMPLE t=258.7s rss=2471MB hwm=2471MB
RSS_SAMPLE t=258.9s rss=2472MB hwm=2472MB
RSS_SAMPLE t=259.2s rss=2472MB hwm=2472MB
RSS_SAMPLE t=259.4s rss=2473MB hwm=2473MB
RSS_SAMPLE t=259.7s rss=2474MB hwm=2474MB
RSS_SAMPLE t=259.9s rss=2474MB hwm=2474MB
RSS_SAMPLE t=260.2s rss=2475MB hwm=2475MB
RSS_SAMPLE t=260.4s rss=2476MB hwm=2476MB
RSS_SAMPLE t=260.7s rss=2476MB hwm=2476MB
RSS_SAMPLE t=260.9s rss=2477MB hwm=2477MB
RSS_SAMPLE t=261.2s rss=2477MB hwm=2477MB
RSS_SAMPLE t=261.4s rss=2478MB hwm=2478MB
RSS_SAMPLE t=261.7s rss=2479MB hwm=2479MB
RSS_SAMPLE t=261.9s rss=2479MB hwm=2479MB
RSS_SAMPLE t=262.2s rss=2479MB hwm=2479MB
RSS_SAMPLE t=262.4s rss=2480MB hwm=2480MB
RSS_SAMPLE t=262.7s rss=2480MB hwm=2480MB
RSS_SAMPLE t=262.9s rss=2481MB hwm=2481MB
RSS_SAMPLE t=263.2s rss=2482MB hwm=2482MB
RSS_SAMPLE t=263.4s rss=2482MB hwm=2482MB
RSS_SAMPLE t=263.7s rss=2483MB hwm=2483MB
RSS_SAMPLE t=263.9s rss=2483MB hwm=2483MB
RSS_SAMPLE t=264.2s rss=2483MB hwm=2483MB
RSS_SAMPLE t=264.4s rss=2484MB hwm=2484MB
RSS_SAMPLE t=264.7s rss=2485MB hwm=2485MB
RSS_SAMPLE t=264.9s rss=2485MB hwm=2485MB
RSS_SAMPLE t=265.2s rss=2486MB hwm=2486MB
RSS_SAMPLE t=265.4s rss=2487MB hwm=2487MB
RSS_SAMPLE t=265.7s rss=2488MB hwm=2488MB
RSS_SAMPLE t=265.9s rss=2489MB hwm=2489MB
RSS_SAMPLE t=266.2s rss=2490MB hwm=2490MB
RSS_SAMPLE t=266.4s rss=2490MB hwm=2490MB
RSS_SAMPLE t=266.7s rss=2491MB hwm=2491MB
RSS_SAMPLE t=266.9s rss=2491MB hwm=2491MB
RSS_SAMPLE t=267.2s rss=2492MB hwm=2492MB
RSS_SAMPLE t=267.4s rss=2493MB hwm=2493MB
RSS_SAMPLE t=267.7s rss=2493MB hwm=2493MB
RSS_SAMPLE t=267.9s rss=2494MB hwm=2494MB
RSS_SAMPLE t=268.2s rss=2495MB hwm=2495MB
RSS_SAMPLE t=268.4s rss=2495MB hwm=2495MB
RSS_SAMPLE t=268.7s rss=2496MB hwm=2496MB
RSS_SAMPLE t=268.9s rss=2496MB hwm=2496MB
RSS_SAMPLE t=269.2s rss=2497MB hwm=2497MB
RSS_SAMPLE t=269.4s rss=2497MB hwm=2497MB
RSS_SAMPLE t=269.7s rss=2497MB hwm=2497MB
RSS_SAMPLE t=269.9s rss=2498MB hwm=2498MB
RSS_SAMPLE t=270.2s rss=2498MB hwm=2498MB
RSS_SAMPLE t=270.4s rss=2499MB hwm=2499MB
RSS_SAMPLE t=270.7s rss=2500MB hwm=2500MB
RSS_SAMPLE t=270.9s rss=2500MB hwm=2500MB
RSS_SAMPLE t=271.2s rss=2500MB hwm=2500MB
RSS_SAMPLE t=271.4s rss=2501MB hwm=2501MB
RSS_SAMPLE t=271.7s rss=2502MB hwm=2502MB
RSS_SAMPLE t=271.9s rss=2502MB hwm=2502MB
RSS_SAMPLE t=272.2s rss=2503MB hwm=2503MB
RSS_SAMPLE t=272.4s rss=2503MB hwm=2503MB
RSS_SAMPLE t=272.7s rss=2504MB hwm=2504MB
RSS_SAMPLE t=272.9s rss=2505MB hwm=2505MB
RSS_SAMPLE t=273.2s rss=2505MB hwm=2505MB
RSS_SAMPLE t=273.4s rss=2506MB hwm=2506MB
RSS_SAMPLE t=273.7s rss=2506MB hwm=2506MB
RSS_SAMPLE t=273.9s rss=2507MB hwm=2507MB
RSS_SAMPLE t=274.2s rss=2508MB hwm=2508MB
RSS_SAMPLE t=274.4s rss=2508MB hwm=2508MB
RSS_SAMPLE t=274.7s rss=2509MB hwm=2509MB
RSS_SAMPLE t=274.9s rss=2510MB hwm=2510MB
RSS_SAMPLE t=275.2s rss=2510MB hwm=2510MB
RSS_SAMPLE t=275.4s rss=2511MB hwm=2511MB
RSS_SAMPLE t=275.7s rss=2512MB hwm=2512MB
RSS_SAMPLE t=275.9s rss=2512MB hwm=2512MB
RSS_SAMPLE t=276.2s rss=2513MB hwm=2513MB
RSS_SAMPLE t=276.4s rss=2513MB hwm=2513MB
RSS_SAMPLE t=276.7s rss=2513MB hwm=2513MB
RSS_SAMPLE t=276.9s rss=2514MB hwm=2514MB
RSS_SAMPLE t=277.2s rss=2514MB hwm=2514MB
RSS_SAMPLE t=277.4s rss=2514MB hwm=2514MB
RSS_SAMPLE t=277.7s rss=2515MB hwm=2515MB
RSS_SAMPLE t=277.9s rss=2516MB hwm=2516MB
RSS_SAMPLE t=278.2s rss=2516MB hwm=2516MB
RSS_SAMPLE t=278.4s rss=2516MB hwm=2516MB
RSS_SAMPLE t=278.7s rss=2517MB hwm=2517MB
RSS_SAMPLE t=278.9s rss=2518MB hwm=2518MB
RSS_SAMPLE t=279.2s rss=2518MB hwm=2518MB
RSS_SAMPLE t=279.4s rss=2519MB hwm=2519MB
RSS_SAMPLE t=279.7s rss=2520MB hwm=2520MB
RSS_SAMPLE t=279.9s rss=2520MB hwm=2520MB
RSS_SAMPLE t=280.2s rss=2520MB hwm=2520MB
RSS_SAMPLE t=280.4s rss=2521MB hwm=2521MB
RSS_SAMPLE t=280.7s rss=2521MB hwm=2521MB
RSS_SAMPLE t=280.9s rss=2522MB hwm=2522MB
RSS_SAMPLE t=281.2s rss=2522MB hwm=2522MB
RSS_SAMPLE t=281.4s rss=2523MB hwm=2523MB
RSS_SAMPLE t=281.7s rss=2523MB hwm=2523MB
RSS_SAMPLE t=281.9s rss=2524MB hwm=2524MB
RSS_SAMPLE t=282.2s rss=2524MB hwm=2524MB
RSS_SAMPLE t=282.4s rss=2525MB hwm=2525MB
RSS_SAMPLE t=282.7s rss=2526MB hwm=2526MB
RSS_SAMPLE t=282.9s rss=2526MB hwm=2526MB
RSS_SAMPLE t=283.2s rss=2527MB hwm=2527MB
RSS_SAMPLE t=283.4s rss=2527MB hwm=2527MB
RSS_SAMPLE t=283.7s rss=2528MB hwm=2528MB
RSS_SAMPLE t=283.9s rss=2528MB hwm=2528MB
RSS_SAMPLE t=284.2s rss=2528MB hwm=2528MB
RSS_SAMPLE t=284.4s rss=2529MB hwm=2529MB
RSS_SAMPLE t=284.7s rss=2529MB hwm=2529MB
RSS_SAMPLE t=284.9s rss=2529MB hwm=2529MB
RSS_SAMPLE t=285.2s rss=2530MB hwm=2530MB
RSS_SAMPLE t=285.4s rss=2530MB hwm=2530MB
RSS_SAMPLE t=285.7s rss=2530MB hwm=2530MB
RSS_SAMPLE t=285.9s rss=2531MB hwm=2531MB
RSS_SAMPLE t=286.2s rss=2532MB hwm=2532MB
RSS_SAMPLE t=286.4s rss=2532MB hwm=2532MB
RSS_SAMPLE t=286.7s rss=2533MB hwm=2533MB
RSS_SAMPLE t=286.9s rss=2533MB hwm=2533MB
RSS_SAMPLE t=287.2s rss=2534MB hwm=2534MB
RSS_SAMPLE t=287.4s rss=2534MB hwm=2534MB
RSS_SAMPLE t=287.7s rss=2535MB hwm=2535MB
RSS_SAMPLE t=287.9s rss=2536MB hwm=2536MB
RSS_SAMPLE t=288.2s rss=2536MB hwm=2536MB
RSS_SAMPLE t=288.4s rss=2537MB hwm=2537MB
RSS_SAMPLE t=288.7s rss=2538MB hwm=2538MB
RSS_SAMPLE t=288.9s rss=2538MB hwm=2538MB
RSS_SAMPLE t=289.2s rss=2539MB hwm=2539MB
RSS_SAMPLE t=289.4s rss=2539MB hwm=2539MB
RSS_SAMPLE t=289.7s rss=2540MB hwm=2540MB
RSS_SAMPLE t=289.9s rss=2541MB hwm=2541MB
RSS_SAMPLE t=290.2s rss=2541MB hwm=2541MB
RSS_SAMPLE t=290.4s rss=2542MB hwm=2542MB
RSS_SAMPLE t=290.7s rss=2543MB hwm=2543MB
RSS_SAMPLE t=290.9s rss=2543MB hwm=2543MB
RSS_SAMPLE t=291.2s rss=2544MB hwm=2544MB
RSS_SAMPLE t=291.4s rss=2545MB hwm=2545MB
RSS_SAMPLE t=291.7s rss=2546MB hwm=2546MB
RSS_SAMPLE t=291.9s rss=2547MB hwm=2547MB
RSS_SAMPLE t=292.2s rss=2548MB hwm=2548MB
RSS_SAMPLE t=292.4s rss=2548MB hwm=2548MB
RSS_SAMPLE t=292.7s rss=2549MB hwm=2549MB
RSS_SAMPLE t=292.9s rss=2550MB hwm=2550MB
RSS_SAMPLE t=293.2s rss=2550MB hwm=2550MB
RSS_SAMPLE t=293.4s rss=2550MB hwm=2550MB
RSS_SAMPLE t=293.7s rss=2551MB hwm=2551MB
RSS_SAMPLE t=293.9s rss=2551MB hwm=2551MB
RSS_SAMPLE t=294.2s rss=2551MB hwm=2551MB
RSS_SAMPLE t=294.4s rss=2552MB hwm=2552MB
RSS_SAMPLE t=294.7s rss=2552MB hwm=2552MB
RSS_SAMPLE t=294.9s rss=2552MB hwm=2552MB
RSS_SAMPLE t=295.2s rss=2553MB hwm=2553MB
RSS_SAMPLE t=295.4s rss=2553MB hwm=2553MB
RSS_SAMPLE t=295.7s rss=2553MB hwm=2553MB
RSS_SAMPLE t=295.9s rss=2553MB hwm=2553MB
RSS_SAMPLE t=296.2s rss=2554MB hwm=2554MB
RSS_SAMPLE t=296.4s rss=2554MB hwm=2554MB
RSS_SAMPLE t=296.7s rss=2554MB hwm=2554MB
RSS_SAMPLE t=296.9s rss=2554MB hwm=2554MB
RSS_SAMPLE t=297.2s rss=2554MB hwm=2554MB
RSS_SAMPLE t=297.4s rss=2555MB hwm=2555MB
RSS_SAMPLE t=297.7s rss=2555MB hwm=2555MB
RSS_SAMPLE t=297.9s rss=2555MB hwm=2555MB
RSS_SAMPLE t=298.2s rss=2555MB hwm=2555MB
RSS_SAMPLE t=298.4s rss=2556MB hwm=2556MB
RSS_SAMPLE t=298.7s rss=2556MB hwm=2556MB
RSS_SAMPLE t=298.9s rss=2556MB hwm=2556MB
RSS_SAMPLE t=299.2s rss=2557MB hwm=2557MB
RSS_SAMPLE t=299.4s rss=2557MB hwm=2557MB
RSS_SAMPLE t=299.7s rss=2557MB hwm=2557MB
RSS_SAMPLE t=299.9s rss=2557MB hwm=2557MB
RSS_SAMPLE t=300.2s rss=2558MB hwm=2558MB
RSS_SAMPLE t=300.4s rss=2558MB hwm=2558MB
RSS_SAMPLE t=300.7s rss=2558MB hwm=2558MB
RSS_SAMPLE t=300.9s rss=2558MB hwm=2558MB
RSS_SAMPLE t=301.2s rss=2558MB hwm=2558MB
RSS_SAMPLE t=301.4s rss=2558MB hwm=2558MB
RSS_SAMPLE t=301.7s rss=2558MB hwm=2558MB
RSS_SAMPLE t=301.9s rss=2558MB hwm=2558MB
RSS_SAMPLE t=302.2s rss=2558MB hwm=2558MB
RSS_SAMPLE t=302.4s rss=2558MB hwm=2558MB
RSS_SAMPLE t=302.7s rss=2559MB hwm=2559MB
RSS_SAMPLE t=302.9s rss=2559MB hwm=2559MB
RSS_SAMPLE t=303.2s rss=2559MB hwm=2559MB
RSS_SAMPLE t=303.4s rss=2559MB hwm=2559MB
RSS_SAMPLE t=303.7s rss=2559MB hwm=2559MB
RSS_SAMPLE t=303.9s rss=2559MB hwm=2559MB
RSS_SAMPLE t=304.2s rss=2560MB hwm=2560MB
RSS_SAMPLE t=304.4s rss=2560MB hwm=2560MB
RSS_SAMPLE t=304.7s rss=2560MB hwm=2560MB
RSS_SAMPLE t=304.9s rss=2560MB hwm=2560MB
RSS_SAMPLE t=305.2s rss=2560MB hwm=2560MB
RSS_SAMPLE t=305.4s rss=2560MB hwm=2560MB
RSS_SAMPLE t=305.7s rss=2560MB hwm=2560MB
RSS_SAMPLE t=305.9s rss=2560MB hwm=2560MB
RSS_SAMPLE t=306.2s rss=2560MB hwm=2560MB
RSS_SAMPLE t=306.4s rss=2561MB hwm=2561MB
RSS_SAMPLE t=306.7s rss=2561MB hwm=2561MB
RSS_SAMPLE t=306.9s rss=2561MB hwm=2561MB
RSS_SAMPLE t=307.2s rss=2561MB hwm=2561MB
RSS_SAMPLE t=307.4s rss=2561MB hwm=2561MB
RSS_SAMPLE t=307.7s rss=2561MB hwm=2561MB
RSS_SAMPLE t=307.9s rss=2561MB hwm=2561MB
RSS_SAMPLE t=308.2s rss=2561MB hwm=2561MB
RSS_SAMPLE t=308.4s rss=2561MB hwm=2561MB
RSS_SAMPLE t=308.7s rss=2562MB hwm=2562MB
RSS_SAMPLE t=308.9s rss=2562MB hwm=2562MB
RSS_SAMPLE t=309.2s rss=2562MB hwm=2562MB
RSS_SAMPLE t=309.4s rss=2562MB hwm=2562MB
RSS_SAMPLE t=309.7s rss=2562MB hwm=2562MB
RSS_SAMPLE t=309.9s rss=2562MB hwm=2562MB
RSS_SAMPLE t=310.2s rss=2562MB hwm=2562MB
RSS_SAMPLE t=310.4s rss=2562MB hwm=2562MB
RSS_SAMPLE t=310.7s rss=2562MB hwm=2562MB
RSS_SAMPLE t=310.9s rss=2562MB hwm=2562MB
RSS_SAMPLE t=311.2s rss=2562MB hwm=2562MB
RSS_SAMPLE t=311.4s rss=2563MB hwm=2563MB
RSS_SAMPLE t=311.7s rss=2563MB hwm=2563MB
RSS_SAMPLE t=311.9s rss=2563MB hwm=2563MB
RSS_SAMPLE t=312.2s rss=2563MB hwm=2563MB
RSS_SAMPLE t=312.4s rss=2563MB hwm=2563MB
RSS_SAMPLE t=312.7s rss=2563MB hwm=2563MB
RSS_SAMPLE t=312.9s rss=2563MB hwm=2563MB
RSS_SAMPLE t=313.2s rss=2563MB hwm=2563MB
RSS_SAMPLE t=313.4s rss=2563MB hwm=2563MB
RSS_SAMPLE t=313.7s rss=2563MB hwm=2563MB
RSS_SAMPLE t=313.9s rss=2563MB hwm=2563MB
RSS_SAMPLE t=314.2s rss=2563MB hwm=2563MB
RSS_SAMPLE t=314.4s rss=2563MB hwm=2563MB
RSS_SAMPLE t=314.7s rss=2563MB hwm=2563MB
RSS_SAMPLE t=314.9s rss=2564MB hwm=2564MB
RSS_SAMPLE t=315.2s rss=2564MB hwm=2564MB
RSS_SAMPLE t=315.4s rss=2564MB hwm=2564MB
RSS_SAMPLE t=315.7s rss=2564MB hwm=2564MB
RSS_SAMPLE t=315.9s rss=2564MB hwm=2564MB
RSS_SAMPLE t=316.2s rss=2564MB hwm=2564MB
RSS_SAMPLE t=316.4s rss=2564MB hwm=2564MB
RSS_SAMPLE t=316.7s rss=2564MB hwm=2564MB
RSS_SAMPLE t=316.9s rss=2564MB hwm=2564MB
RSS_SAMPLE t=317.2s rss=2564MB hwm=2564MB
RSS_SAMPLE t=317.4s rss=2564MB hwm=2564MB
RSS_SAMPLE t=317.7s rss=2564MB hwm=2564MB
RSS_SAMPLE t=317.9s rss=2564MB hwm=2564MB
RSS_SAMPLE t=318.2s rss=2565MB hwm=2565MB
RSS_SAMPLE t=318.4s rss=2565MB hwm=2565MB
RSS_SAMPLE t=318.7s rss=2565MB hwm=2565MB
RSS_SAMPLE t=318.9s rss=2565MB hwm=2565MB
RSS_SAMPLE t=319.2s rss=2565MB hwm=2565MB
RSS_SAMPLE t=319.4s rss=2565MB hwm=2565MB
RSS_SAMPLE t=319.7s rss=2565MB hwm=2565MB
RSS_SAMPLE t=319.9s rss=2565MB hwm=2565MB
RSS_SAMPLE t=320.2s rss=2565MB hwm=2565MB
RSS_SAMPLE t=320.4s rss=2565MB hwm=2565MB
RSS_SAMPLE t=320.7s rss=2565MB hwm=2565MB
RSS_SAMPLE t=320.9s rss=2566MB hwm=2566MB
RSS_SAMPLE t=321.2s rss=2566MB hwm=2566MB
RSS_SAMPLE t=321.5s rss=2566MB hwm=2566MB
RSS_SAMPLE t=321.7s rss=2566MB hwm=2566MB
RSS_SAMPLE t=322.0s rss=2566MB hwm=2566MB
RSS_SAMPLE t=322.2s rss=2566MB hwm=2566MB
RSS_SAMPLE t=322.5s rss=2566MB hwm=2566MB
RSS_SAMPLE t=322.7s rss=2566MB hwm=2566MB
RSS_SAMPLE t=323.0s rss=2566MB hwm=2566MB
RSS_SAMPLE t=323.2s rss=2566MB hwm=2566MB
RSS_SAMPLE t=323.5s rss=2566MB hwm=2566MB
RSS_SAMPLE t=323.7s rss=2566MB hwm=2566MB
RSS_SAMPLE t=324.0s rss=2566MB hwm=2566MB
RSS_SAMPLE t=324.2s rss=2566MB hwm=2566MB
RSS_SAMPLE t=324.5s rss=2566MB hwm=2566MB
RSS_SAMPLE t=324.7s rss=2566MB hwm=2566MB
RSS_SAMPLE t=325.0s rss=2567MB hwm=2567MB
RSS_SAMPLE t=325.2s rss=2567MB hwm=2567MB
RSS_SAMPLE t=325.5s rss=2567MB hwm=2567MB
RSS_SAMPLE t=325.7s rss=2567MB hwm=2567MB
RSS_SAMPLE t=326.0s rss=2567MB hwm=2567MB
RSS_SAMPLE t=326.2s rss=2567MB hwm=2567MB
RSS_SAMPLE t=326.5s rss=2567MB hwm=2567MB
RSS_SAMPLE t=326.7s rss=2567MB hwm=2567MB
RSS_SAMPLE t=327.0s rss=2567MB hwm=2567MB
RSS_SAMPLE t=327.2s rss=2567MB hwm=2567MB
RSS_SAMPLE t=327.5s rss=2567MB hwm=2567MB
RSS_SAMPLE t=327.7s rss=2567MB hwm=2567MB
RSS_SAMPLE t=328.0s rss=2567MB hwm=2567MB
RSS_SAMPLE t=328.2s rss=2567MB hwm=2567MB
RSS_SAMPLE t=328.5s rss=2567MB hwm=2567MB
RSS_SAMPLE t=328.7s rss=2567MB hwm=2567MB
RSS_SAMPLE t=329.0s rss=2568MB hwm=2568MB
RSS_SAMPLE t=329.2s rss=2568MB hwm=2568MB
RSS_SAMPLE t=329.5s rss=2568MB hwm=2568MB
RSS_SAMPLE t=329.7s rss=2568MB hwm=2568MB
RSS_SAMPLE t=330.0s rss=2568MB hwm=2568MB
RSS_SAMPLE t=330.2s rss=2568MB hwm=2568MB
RSS_SAMPLE t=330.5s rss=2568MB hwm=2568MB
RSS_SAMPLE t=330.7s rss=2568MB hwm=2568MB
RSS_SAMPLE t=331.0s rss=2568MB hwm=2568MB
RSS_SAMPLE t=331.2s rss=2568MB hwm=2568MB
RSS_SAMPLE t=331.5s rss=2568MB hwm=2568MB
RSS_SAMPLE t=331.7s rss=2568MB hwm=2568MB
RSS_SAMPLE t=332.0s rss=2568MB hwm=2568MB
RSS_SAMPLE t=332.2s rss=2568MB hwm=2568MB
RSS_SAMPLE t=332.5s rss=2568MB hwm=2568MB
RSS_SAMPLE t=332.7s rss=2569MB hwm=2569MB
RSS_SAMPLE t=333.0s rss=2569MB hwm=2569MB
RSS_SAMPLE t=333.2s rss=2569MB hwm=2569MB
RSS_SAMPLE t=333.5s rss=2569MB hwm=2569MB
RSS_SAMPLE t=333.7s rss=2569MB hwm=2569MB
RSS_SAMPLE t=334.0s rss=2569MB hwm=2569MB
RSS_SAMPLE t=334.2s rss=2569MB hwm=2569MB
RSS_SAMPLE t=334.5s rss=2569MB hwm=2569MB
RSS_SAMPLE t=334.7s rss=2569MB hwm=2569MB
RSS_SAMPLE t=335.0s rss=2569MB hwm=2569MB
RSS_SAMPLE t=335.2s rss=2570MB hwm=2570MB
RSS_SAMPLE t=335.5s rss=2570MB hwm=2570MB
RSS_SAMPLE t=335.7s rss=2570MB hwm=2570MB
RSS_SAMPLE t=336.0s rss=2570MB hwm=2570MB
RSS_SAMPLE t=336.2s rss=2570MB hwm=2570MB
RSS_SAMPLE t=336.5s rss=2570MB hwm=2570MB
RSS_SAMPLE t=336.7s rss=2570MB hwm=2570MB
RSS_SAMPLE t=337.0s rss=2570MB hwm=2570MB
RSS_SAMPLE t=337.2s rss=2570MB hwm=2570MB
RSS_SAMPLE t=337.5s rss=2570MB hwm=2570MB
RSS_SAMPLE t=337.7s rss=2570MB hwm=2570MB
RSS_SAMPLE t=338.0s rss=2570MB hwm=2570MB
RSS_SAMPLE t=338.2s rss=2570MB hwm=2570MB
RSS_SAMPLE t=338.5s rss=2570MB hwm=2570MB
RSS_SAMPLE t=338.7s rss=2570MB hwm=2570MB
RSS_SAMPLE t=339.0s rss=2571MB hwm=2571MB
RSS_SAMPLE t=339.2s rss=2571MB hwm=2571MB
RSS_SAMPLE t=339.5s rss=2571MB hwm=2571MB
RSS_SAMPLE t=339.7s rss=2571MB hwm=2571MB
RSS_SAMPLE t=340.0s rss=2571MB hwm=2571MB
RSS_SAMPLE t=340.2s rss=2571MB hwm=2571MB
RSS_SAMPLE t=340.5s rss=2571MB hwm=2571MB
RSS_SAMPLE t=340.7s rss=2571MB hwm=2571MB
RSS_SAMPLE t=341.0s rss=2571MB hwm=2571MB
RSS_SAMPLE t=341.2s rss=2572MB hwm=2572MB
RSS_SAMPLE t=341.5s rss=2572MB hwm=2572MB
RSS_SAMPLE t=341.7s rss=2572MB hwm=2572MB
RSS_SAMPLE t=342.0s rss=2572MB hwm=2572MB
RSS_SAMPLE t=342.2s rss=2572MB hwm=2572MB
RSS_SAMPLE t=342.5s rss=2572MB hwm=2572MB
RSS_SAMPLE t=342.7s rss=2572MB hwm=2572MB
RSS_SAMPLE t=343.0s rss=2572MB hwm=2572MB
RSS_SAMPLE t=343.2s rss=2572MB hwm=2572MB
RSS_SAMPLE t=343.5s rss=2572MB hwm=2572MB
RSS_SAMPLE t=343.7s rss=2572MB hwm=2572MB
RSS_SAMPLE t=344.0s rss=2572MB hwm=2572MB
RSS_SAMPLE t=344.2s rss=2572MB hwm=2572MB
RSS_SAMPLE t=344.5s rss=2572MB hwm=2572MB
RSS_SAMPLE t=344.7s rss=2572MB hwm=2572MB
RSS_SAMPLE t=345.0s rss=2572MB hwm=2572MB
RSS_SAMPLE t=345.2s rss=2572MB hwm=2572MB
RSS_SAMPLE t=345.5s rss=2572MB hwm=2572MB
RSS_SAMPLE t=345.7s rss=2572MB hwm=2572MB
RSS_SAMPLE t=346.0s rss=2573MB hwm=2573MB
RSS_SAMPLE t=346.2s rss=2573MB hwm=2573MB
RSS_SAMPLE t=346.5s rss=2573MB hwm=2573MB
RSS_SAMPLE t=346.7s rss=2573MB hwm=2573MB
RSS_SAMPLE t=347.0s rss=2573MB hwm=2573MB
RSS_SAMPLE t=347.2s rss=2573MB hwm=2573MB
RSS_SAMPLE t=347.5s rss=2573MB hwm=2573MB
RSS_SAMPLE t=347.7s rss=2573MB hwm=2573MB
RSS_SAMPLE t=348.0s rss=2573MB hwm=2573MB
RSS_SAMPLE t=348.2s rss=2573MB hwm=2573MB
RSS_SAMPLE t=348.5s rss=2573MB hwm=2573MB
RSS_SAMPLE t=348.7s rss=2573MB hwm=2573MB
RSS_SAMPLE t=349.0s rss=2573MB hwm=2573MB
RSS_SAMPLE t=349.2s rss=2573MB hwm=2573MB
RSS_SAMPLE t=349.5s rss=2573MB hwm=2573MB
RSS_SAMPLE t=349.7s rss=2573MB hwm=2573MB
RSS_SAMPLE t=350.0s rss=2573MB hwm=2573MB
RSS_SAMPLE t=350.2s rss=2573MB hwm=2573MB
RSS_SAMPLE t=350.5s rss=2573MB hwm=2573MB
RSS_SAMPLE t=350.7s rss=2573MB hwm=2573MB
RSS_SAMPLE t=351.0s rss=2573MB hwm=2573MB
RSS_SAMPLE t=351.2s rss=2574MB hwm=2574MB
RSS_SAMPLE t=351.5s rss=2574MB hwm=2574MB
RSS_SAMPLE t=351.7s rss=2574MB hwm=2574MB
RSS_SAMPLE t=352.0s rss=2574MB hwm=2574MB
RSS_SAMPLE t=352.2s rss=2574MB hwm=2574MB
RSS_SAMPLE t=352.5s rss=2574MB hwm=2574MB
RSS_SAMPLE t=352.7s rss=2574MB hwm=2574MB
RSS_SAMPLE t=353.0s rss=2574MB hwm=2574MB
RSS_SAMPLE t=353.2s rss=2574MB hwm=2574MB
RSS_SAMPLE t=353.5s rss=2574MB hwm=2574MB
RSS_SAMPLE t=353.7s rss=2574MB hwm=2574MB
RSS_SAMPLE t=354.0s rss=2574MB hwm=2574MB
RSS_SAMPLE t=354.2s rss=2574MB hwm=2574MB
RSS_SAMPLE t=354.5s rss=2574MB hwm=2574MB
RSS_SAMPLE t=354.7s rss=2574MB hwm=2574MB
RSS_SAMPLE t=355.0s rss=2574MB hwm=2574MB
RSS_SAMPLE t=355.2s rss=2574MB hwm=2574MB
RSS_SAMPLE t=355.5s rss=2574MB hwm=2574MB
RSS_SAMPLE t=355.7s rss=2574MB hwm=2574MB
RSS_SAMPLE t=356.0s rss=2574MB hwm=2574MB
RSS_SAMPLE t=356.2s rss=2575MB hwm=2575MB
RSS_SAMPLE t=356.5s rss=2575MB hwm=2575MB
RSS_SAMPLE t=356.7s rss=2575MB hwm=2575MB
RSS_SAMPLE t=357.0s rss=2575MB hwm=2575MB
RSS_SAMPLE t=357.2s rss=2575MB hwm=2575MB
RSS_SAMPLE t=357.5s rss=2575MB hwm=2575MB
RSS_SAMPLE t=357.7s rss=2575MB hwm=2575MB
RSS_SAMPLE t=358.0s rss=2575MB hwm=2575MB
RSS_SAMPLE t=358.2s rss=2575MB hwm=2575MB
RSS_SAMPLE t=358.5s rss=2575MB hwm=2575MB
RSS_SAMPLE t=358.7s rss=2575MB hwm=2575MB
RSS_SAMPLE t=359.0s rss=2575MB hwm=2575MB
RSS_SAMPLE t=359.2s rss=2575MB hwm=2575MB
RSS_SAMPLE t=359.5s rss=2575MB hwm=2575MB
RSS_SAMPLE t=359.7s rss=2575MB hwm=2575MB
RSS_SAMPLE t=360.0s rss=2575MB hwm=2575MB
RSS_SAMPLE t=360.2s rss=2575MB hwm=2575MB
RSS_SAMPLE t=360.5s rss=2575MB hwm=2575MB
RSS_SAMPLE t=360.7s rss=2575MB hwm=2575MB
RSS_SAMPLE t=361.0s rss=2575MB hwm=2575MB
RSS_SAMPLE t=361.2s rss=2576MB hwm=2576MB
RSS_SAMPLE t=361.5s rss=2576MB hwm=2576MB
RSS_SAMPLE t=361.7s rss=2576MB hwm=2576MB
RSS_SAMPLE t=362.0s rss=2576MB hwm=2576MB
RSS_SAMPLE t=362.2s rss=2576MB hwm=2576MB
RSS_SAMPLE t=362.5s rss=2576MB hwm=2576MB
RSS_SAMPLE t=362.7s rss=2576MB hwm=2576MB
RSS_SAMPLE t=363.0s rss=2576MB hwm=2576MB
RSS_SAMPLE t=363.2s rss=2576MB hwm=2576MB
RSS_SAMPLE t=363.5s rss=2576MB hwm=2576MB
RSS_SAMPLE t=363.7s rss=2576MB hwm=2576MB
RSS_SAMPLE t=364.0s rss=2576MB hwm=2576MB
RSS_SAMPLE t=364.2s rss=2576MB hwm=2576MB
RSS_SAMPLE t=364.5s rss=2576MB hwm=2576MB
RSS_SAMPLE t=364.7s rss=2576MB hwm=2576MB
RSS_SAMPLE t=365.0s rss=2576MB hwm=2576MB
RSS_SAMPLE t=365.2s rss=2576MB hwm=2576MB
RSS_SAMPLE t=365.5s rss=2576MB hwm=2576MB
MEM_POOL: workspaces=8 dense_usage_mb=313 n_pipes=2562403
    post_solve_diag[outer=0]: solves=105117 cap_armed=105117 (100.0%) settle_avg=9391 above_sink_avg=228 (2.4%) settle_max=69353
    settle_hist[outer=0]: <100: 25318nets/0.1%work  <1k: 21999nets/0.7%work  <5k: 24033nets/6.3%work  <20k: 14256nets/15.9%work  <60k: 17142nets/61.0%work  >=60k: 2369nets/15.9%work
    fanout_hist[outer=0]: fan1: 43710nets/13.4%work  fan2-4: 48279nets/50.8%work  fan5-16: 12974nets/35.0%work  fan17-64: 154nets/0.8%work  fan65-256: 0nets/0.0%work  fan>256: 0nets/0.0%work
    rss_probe[outer=0]: pre_post_solve=1847MB post_post_solve=2596MB after_apply=2596MB
RSS_SAMPLE t=365.7s rss=2579MB hwm=2591MB
MuxSlotTracker[sweep 0 LEAK]: populated_cells=60004, overflow_tiles=4, at_cap_tiles=1503, peak_excess=11, capacity_hist={16:67346}
    E_decomp: base=10466207.0 eff=10996518.5 cong=530311.5 cong_share=4.8% sat_pipes=174602 max_util=1125.24  R_buckets: 1-2x=2562403 2-10x=0 10-100x=0 >=100x=0
    E_potential: beckmann=14274485700127.5 history_total=0.0
    SpanCache: epoch=1 entries=110 lookups=2562403 hits=2562293 misses=110 hit_rate=100.0%
  DCD   0: nets=105117 line=17117147 energy=2333308.850 dE=+0.000 friction=4283538.5 bins=2.8x(1102) excess=569.1 moved=59808 disp=inf solves=210234 skip=0 pops=2074452306 theta=0.250 refresh=294290ms dcd=12094ms total=309267ms
    cache_stats: entries=52715651 capacity=89076568 est_mb=769 rss_mb=2580
RSS_SAMPLE t=366.0s rss=2580MB hwm=2591MB
RSS_SAMPLE t=366.2s rss=2581MB hwm=2591MB
RSS_SAMPLE t=366.5s rss=2581MB hwm=2591MB
RSS_SAMPLE t=366.7s rss=2581MB hwm=2591MB
RSS_SAMPLE t=367.0s rss=2581MB hwm=2591MB
RSS_SAMPLE t=367.2s rss=2581MB hwm=2591MB
RSS_SAMPLE t=367.5s rss=2581MB hwm=2591MB
RSS_SAMPLE t=367.7s rss=2581MB hwm=2591MB
RSS_SAMPLE t=368.0s rss=2581MB hwm=2591MB
RSS_SAMPLE t=368.2s rss=2581MB hwm=2591MB
RSS_SAMPLE t=368.5s rss=2581MB hwm=2591MB
RSS_SAMPLE t=368.7s rss=2581MB hwm=2591MB
RSS_SAMPLE t=369.0s rss=2581MB hwm=2591MB
RSS_SAMPLE t=369.2s rss=2581MB hwm=2591MB
RSS_SAMPLE t=369.5s rss=2581MB hwm=2591MB
RSS_SAMPLE t=369.7s rss=2581MB hwm=2591MB
RSS_SAMPLE t=370.0s rss=2581MB hwm=2591MB
RSS_SAMPLE t=370.2s rss=2581MB hwm=2591MB
RSS_SAMPLE t=370.5s rss=2581MB hwm=2591MB
RSS_SAMPLE t=370.7s rss=2581MB hwm=2591MB
RSS_SAMPLE t=371.0s rss=2581MB hwm=2591MB
    SwitchMatrix: type_usage_pairs=854 lookups=2519 hits=1665 dijkstra_calls=854 avg_us=12.7 total_ms=10.9
PHASE_MARK outer=1 enter=pre_solve rss=2581MB
    rss_probe[outer=1]: pre_refresh_rss=2581MB post_pre_solve_rss=2581MB cache_entries=52715651 cache_cap=89076568 cache_est_mb=769
    pre_solve_diag[outer=1]: solves=0 fallback=0 (0.0%) cap_armed=0 (0.0%) settle_avg=0 settle_max=0 init_count=59
    Overflow: over=150540 (5.9% of used) avg_excess=2.34 max_excess=1528.59 (nc=1552.59 cap=24 span=1)  excess_buckets: <=1=78610 1-5=55843 5-20=14609 >20=1478  by_cap: cap1=78352 cap2=46100 cap3-5=142 cap>5=25946  by_span: s1=1531 s2-3=1859 s4-6=15941 s7-12=51086 s>12=80123  le1_cross: cap1=50053 cap2-5=25164 cap>5=3393
    Congestion: pipes=2562403 used=2562403 congested(>50%)=362543 saturated(>90%)=174602 max_util=1125.24 avg_util=0.2983
PHASE_MARK outer=1 enter=dcd_sweep rss=2581MB
RSS_SAMPLE t=371.2s rss=2581MB hwm=2591MB
RSS_SAMPLE t=371.5s rss=2581MB hwm=2591MB
RSS_SAMPLE t=371.7s rss=2581MB hwm=2591MB
RSS_SAMPLE t=372.0s rss=2581MB hwm=2591MB
RSS_SAMPLE t=372.2s rss=2581MB hwm=2591MB
RSS_SAMPLE t=372.5s rss=2581MB hwm=2591MB
RSS_SAMPLE t=372.7s rss=2581MB hwm=2591MB
RSS_SAMPLE t=373.0s rss=2581MB hwm=2591MB
RSS_SAMPLE t=373.2s rss=2581MB hwm=2591MB
RSS_SAMPLE t=373.5s rss=2581MB hwm=2591MB
RSS_SAMPLE t=373.7s rss=2581MB hwm=2591MB
RSS_SAMPLE t=374.0s rss=2581MB hwm=2591MB
RSS_SAMPLE t=374.2s rss=2581MB hwm=2591MB
RSS_SAMPLE t=374.5s rss=2581MB hwm=2591MB
RSS_SAMPLE t=374.7s rss=2581MB hwm=2591MB
RSS_SAMPLE t=375.0s rss=2581MB hwm=2591MB
RSS_SAMPLE t=375.2s rss=2581MB hwm=2591MB
RSS_SAMPLE t=375.5s rss=2581MB hwm=2591MB
RSS_SAMPLE t=375.7s rss=2581MB hwm=2591MB
RSS_SAMPLE t=376.0s rss=2581MB hwm=2591MB
RSS_SAMPLE t=376.2s rss=2581MB hwm=2591MB
RSS_SAMPLE t=376.5s rss=2581MB hwm=2591MB
RSS_SAMPLE t=376.7s rss=2581MB hwm=2591MB
RSS_SAMPLE t=377.0s rss=2581MB hwm=2591MB
RSS_SAMPLE t=377.2s rss=2581MB hwm=2591MB
RSS_SAMPLE t=377.5s rss=2581MB hwm=2591MB
RSS_SAMPLE t=377.7s rss=2581MB hwm=2591MB
RSS_SAMPLE t=378.0s rss=2581MB hwm=2591MB
RSS_SAMPLE t=378.2s rss=2581MB hwm=2591MB
RSS_SAMPLE t=378.5s rss=2581MB hwm=2591MB
PHASE_MARK outer=1 leave=dcd_sweep rss=2581MB
PHASE_MARK outer=1 enter=post_refresh rss=2581MB
RSS_SAMPLE t=378.7s rss=2592MB hwm=2592MB
RSS_SAMPLE t=379.0s rss=2592MB hwm=2592MB
RSS_SAMPLE t=379.2s rss=2592MB hwm=2592MB
RSS_SAMPLE t=379.5s rss=2592MB hwm=2592MB
RSS_SAMPLE t=379.7s rss=2592MB hwm=2592MB
RSS_SAMPLE t=380.0s rss=2592MB hwm=2592MB
RSS_SAMPLE t=380.2s rss=2592MB hwm=2592MB
RSS_SAMPLE t=380.5s rss=2592MB hwm=2592MB
RSS_SAMPLE t=380.7s rss=2592MB hwm=2592MB
RSS_SAMPLE t=381.0s rss=2592MB hwm=2592MB
RSS_SAMPLE t=381.2s rss=2592MB hwm=2592MB
RSS_SAMPLE t=381.5s rss=2592MB hwm=2592MB
RSS_SAMPLE t=381.7s rss=2622MB hwm=2622MB
RSS_SAMPLE t=382.0s rss=2626MB hwm=2626MB
RSS_SAMPLE t=382.2s rss=2627MB hwm=2627MB
RSS_SAMPLE t=382.5s rss=2627MB hwm=2627MB
RSS_SAMPLE t=382.7s rss=2628MB hwm=2628MB
RSS_SAMPLE t=383.0s rss=2628MB hwm=2628MB
RSS_SAMPLE t=383.2s rss=2629MB hwm=2629MB
RSS_SAMPLE t=383.5s rss=2629MB hwm=2629MB
RSS_SAMPLE t=383.7s rss=2630MB hwm=2630MB
RSS_SAMPLE t=384.0s rss=2631MB hwm=2631MB
RSS_SAMPLE t=384.2s rss=2631MB hwm=2631MB
RSS_SAMPLE t=384.5s rss=2631MB hwm=2631MB
RSS_SAMPLE t=384.7s rss=2632MB hwm=2632MB
RSS_SAMPLE t=385.0s rss=2632MB hwm=2632MB
RSS_SAMPLE t=385.2s rss=2633MB hwm=2633MB
RSS_SAMPLE t=385.5s rss=2633MB hwm=2633MB
RSS_SAMPLE t=385.7s rss=2634MB hwm=2634MB
RSS_SAMPLE t=386.0s rss=2634MB hwm=2634MB
RSS_SAMPLE t=386.2s rss=2634MB hwm=2634MB
RSS_SAMPLE t=386.5s rss=2635MB hwm=2635MB
RSS_SAMPLE t=386.7s rss=2635MB hwm=2635MB
RSS_SAMPLE t=387.0s rss=2636MB hwm=2636MB
RSS_SAMPLE t=387.2s rss=2637MB hwm=2637MB
RSS_SAMPLE t=387.5s rss=2637MB hwm=2637MB
RSS_SAMPLE t=387.7s rss=2637MB hwm=2637MB
RSS_SAMPLE t=388.0s rss=2637MB hwm=2637MB
RSS_SAMPLE t=388.2s rss=2638MB hwm=2638MB
RSS_SAMPLE t=388.5s rss=2639MB hwm=2639MB
RSS_SAMPLE t=388.7s rss=2639MB hwm=2639MB
RSS_SAMPLE t=389.0s rss=2639MB hwm=2639MB
RSS_SAMPLE t=389.2s rss=2639MB hwm=2639MB
RSS_SAMPLE t=389.5s rss=2640MB hwm=2640MB
RSS_SAMPLE t=389.7s rss=2640MB hwm=2640MB
RSS_SAMPLE t=390.0s rss=2640MB hwm=2640MB
RSS_SAMPLE t=390.2s rss=2640MB hwm=2640MB
RSS_SAMPLE t=390.5s rss=2640MB hwm=2640MB
RSS_SAMPLE t=390.7s rss=2640MB hwm=2640MB
RSS_SAMPLE t=391.0s rss=2640MB hwm=2640MB
RSS_SAMPLE t=391.2s rss=2640MB hwm=2640MB
RSS_SAMPLE t=391.5s rss=2640MB hwm=2640MB
RSS_SAMPLE t=391.7s rss=2640MB hwm=2640MB
RSS_SAMPLE t=392.0s rss=2640MB hwm=2640MB
RSS_SAMPLE t=392.2s rss=2640MB hwm=2640MB
RSS_SAMPLE t=392.5s rss=2640MB hwm=2640MB
RSS_SAMPLE t=392.7s rss=2640MB hwm=2640MB
RSS_SAMPLE t=393.0s rss=2640MB hwm=2640MB
RSS_SAMPLE t=393.2s rss=2640MB hwm=2640MB
RSS_SAMPLE t=393.5s rss=2640MB hwm=2640MB
RSS_SAMPLE t=393.7s rss=2641MB hwm=2641MB
RSS_SAMPLE t=394.0s rss=2641MB hwm=2641MB
RSS_SAMPLE t=394.2s rss=2641MB hwm=2641MB
RSS_SAMPLE t=394.5s rss=2641MB hwm=2641MB
RSS_SAMPLE t=394.7s rss=2641MB hwm=2641MB
RSS_SAMPLE t=395.0s rss=2641MB hwm=2641MB
RSS_SAMPLE t=395.2s rss=2641MB hwm=2641MB
RSS_SAMPLE t=395.5s rss=2641MB hwm=2641MB
RSS_SAMPLE t=395.7s rss=2641MB hwm=2641MB
RSS_SAMPLE t=396.0s rss=2641MB hwm=2641MB
RSS_SAMPLE t=396.2s rss=2641MB hwm=2641MB
RSS_SAMPLE t=396.5s rss=2641MB hwm=2641MB
RSS_SAMPLE t=396.7s rss=2641MB hwm=2641MB
RSS_SAMPLE t=397.0s rss=2641MB hwm=2641MB
RSS_SAMPLE t=397.2s rss=2641MB hwm=2641MB
RSS_SAMPLE t=397.5s rss=2641MB hwm=2641MB
RSS_SAMPLE t=397.7s rss=2641MB hwm=2641MB
RSS_SAMPLE t=398.0s rss=2641MB hwm=2641MB
RSS_SAMPLE t=398.2s rss=2641MB hwm=2641MB
RSS_SAMPLE t=398.5s rss=2641MB hwm=2641MB
RSS_SAMPLE t=398.7s rss=2641MB hwm=2641MB
RSS_SAMPLE t=399.0s rss=2641MB hwm=2641MB
RSS_SAMPLE t=399.2s rss=2641MB hwm=2641MB
RSS_SAMPLE t=399.5s rss=2642MB hwm=2642MB
RSS_SAMPLE t=399.7s rss=2642MB hwm=2642MB
RSS_SAMPLE t=400.0s rss=2642MB hwm=2642MB
RSS_SAMPLE t=400.3s rss=2642MB hwm=2642MB
RSS_SAMPLE t=400.5s rss=2642MB hwm=2642MB
RSS_SAMPLE t=400.8s rss=2642MB hwm=2642MB
RSS_SAMPLE t=401.0s rss=2642MB hwm=2642MB
RSS_SAMPLE t=401.3s rss=2642MB hwm=2642MB
RSS_SAMPLE t=401.5s rss=2642MB hwm=2642MB
RSS_SAMPLE t=401.8s rss=2643MB hwm=2643MB
RSS_SAMPLE t=402.0s rss=2643MB hwm=2643MB
RSS_SAMPLE t=402.3s rss=2643MB hwm=2643MB
RSS_SAMPLE t=402.5s rss=2644MB hwm=2644MB
RSS_SAMPLE t=402.8s rss=2644MB hwm=2644MB
RSS_SAMPLE t=403.0s rss=2644MB hwm=2644MB
RSS_SAMPLE t=403.3s rss=2645MB hwm=2645MB
RSS_SAMPLE t=403.5s rss=2646MB hwm=2646MB
RSS_SAMPLE t=403.8s rss=2646MB hwm=2646MB
RSS_SAMPLE t=404.0s rss=2647MB hwm=2647MB
RSS_SAMPLE t=404.3s rss=2647MB hwm=2647MB
RSS_SAMPLE t=404.5s rss=2648MB hwm=2648MB
RSS_SAMPLE t=404.8s rss=2648MB hwm=2648MB
RSS_SAMPLE t=405.0s rss=2649MB hwm=2649MB
RSS_SAMPLE t=405.3s rss=2649MB hwm=2649MB
RSS_SAMPLE t=405.5s rss=2649MB hwm=2649MB
RSS_SAMPLE t=405.8s rss=2650MB hwm=2650MB
RSS_SAMPLE t=406.0s rss=2650MB hwm=2650MB
RSS_SAMPLE t=406.3s rss=2650MB hwm=2650MB
RSS_SAMPLE t=406.5s rss=2650MB hwm=2650MB
RSS_SAMPLE t=406.8s rss=2650MB hwm=2650MB
RSS_SAMPLE t=407.0s rss=2650MB hwm=2650MB
RSS_SAMPLE t=407.3s rss=2650MB hwm=2650MB
RSS_SAMPLE t=407.5s rss=2650MB hwm=2650MB
RSS_SAMPLE t=407.8s rss=2651MB hwm=2651MB
RSS_SAMPLE t=408.0s rss=2651MB hwm=2651MB
RSS_SAMPLE t=408.3s rss=2651MB hwm=2651MB
RSS_SAMPLE t=408.5s rss=2651MB hwm=2651MB
RSS_SAMPLE t=408.8s rss=2652MB hwm=2652MB
RSS_SAMPLE t=409.0s rss=2652MB hwm=2652MB
RSS_SAMPLE t=409.3s rss=2652MB hwm=2652MB
RSS_SAMPLE t=409.5s rss=2652MB hwm=2652MB
RSS_SAMPLE t=409.8s rss=2652MB hwm=2652MB
RSS_SAMPLE t=410.0s rss=2652MB hwm=2652MB
RSS_SAMPLE t=410.3s rss=2652MB hwm=2652MB
RSS_SAMPLE t=410.5s rss=2652MB hwm=2652MB
RSS_SAMPLE t=410.8s rss=2652MB hwm=2652MB
RSS_SAMPLE t=411.0s rss=2652MB hwm=2652MB
RSS_SAMPLE t=411.3s rss=2652MB hwm=2652MB
RSS_SAMPLE t=411.5s rss=2652MB hwm=2652MB
RSS_SAMPLE t=411.8s rss=2652MB hwm=2652MB
RSS_SAMPLE t=412.0s rss=2652MB hwm=2652MB
RSS_SAMPLE t=412.3s rss=2652MB hwm=2652MB
RSS_SAMPLE t=412.5s rss=2652MB hwm=2652MB
RSS_SAMPLE t=412.8s rss=2652MB hwm=2652MB
RSS_SAMPLE t=413.0s rss=2652MB hwm=2652MB
RSS_SAMPLE t=413.3s rss=2652MB hwm=2652MB
RSS_SAMPLE t=413.5s rss=2652MB hwm=2652MB
RSS_SAMPLE t=413.8s rss=2652MB hwm=2652MB
RSS_SAMPLE t=414.0s rss=2652MB hwm=2652MB
RSS_SAMPLE t=414.3s rss=2652MB hwm=2652MB
RSS_SAMPLE t=414.5s rss=2653MB hwm=2653MB
RSS_SAMPLE t=414.8s rss=2653MB hwm=2653MB
RSS_SAMPLE t=415.0s rss=2653MB hwm=2653MB
RSS_SAMPLE t=415.3s rss=2653MB hwm=2653MB
RSS_SAMPLE t=415.5s rss=2653MB hwm=2653MB
RSS_SAMPLE t=415.8s rss=2653MB hwm=2653MB
RSS_SAMPLE t=416.0s rss=2653MB hwm=2653MB
RSS_SAMPLE t=416.3s rss=2653MB hwm=2653MB
RSS_SAMPLE t=416.5s rss=2653MB hwm=2653MB
RSS_SAMPLE t=416.8s rss=2653MB hwm=2653MB
RSS_SAMPLE t=417.0s rss=2653MB hwm=2653MB
RSS_SAMPLE t=417.3s rss=2654MB hwm=2654MB
RSS_SAMPLE t=417.5s rss=2654MB hwm=2654MB
RSS_SAMPLE t=417.8s rss=2654MB hwm=2654MB
RSS_SAMPLE t=418.0s rss=2654MB hwm=2654MB
RSS_SAMPLE t=418.3s rss=2654MB hwm=2654MB
RSS_SAMPLE t=418.5s rss=2654MB hwm=2654MB
RSS_SAMPLE t=418.8s rss=2654MB hwm=2654MB
RSS_SAMPLE t=419.0s rss=2654MB hwm=2654MB
RSS_SAMPLE t=419.3s rss=2654MB hwm=2654MB
RSS_SAMPLE t=419.5s rss=2654MB hwm=2654MB
RSS_SAMPLE t=419.8s rss=2654MB hwm=2654MB
RSS_SAMPLE t=420.0s rss=2654MB hwm=2654MB
RSS_SAMPLE t=420.3s rss=2654MB hwm=2654MB
RSS_SAMPLE t=420.5s rss=2654MB hwm=2654MB
RSS_SAMPLE t=420.8s rss=2654MB hwm=2654MB
RSS_SAMPLE t=421.0s rss=2654MB hwm=2654MB
RSS_SAMPLE t=421.3s rss=2655MB hwm=2655MB
RSS_SAMPLE t=421.5s rss=2655MB hwm=2655MB
RSS_SAMPLE t=421.8s rss=2655MB hwm=2655MB
RSS_SAMPLE t=422.0s rss=2655MB hwm=2655MB
RSS_SAMPLE t=422.3s rss=2656MB hwm=2656MB
RSS_SAMPLE t=422.5s rss=2656MB hwm=2656MB
RSS_SAMPLE t=422.8s rss=2656MB hwm=2656MB
RSS_SAMPLE t=423.0s rss=2657MB hwm=2657MB
RSS_SAMPLE t=423.3s rss=2658MB hwm=2658MB
RSS_SAMPLE t=423.5s rss=2658MB hwm=2658MB
RSS_SAMPLE t=423.8s rss=2658MB hwm=2658MB
RSS_SAMPLE t=424.0s rss=2658MB hwm=2658MB
RSS_SAMPLE t=424.3s rss=2658MB hwm=2658MB
RSS_SAMPLE t=424.5s rss=2658MB hwm=2658MB
RSS_SAMPLE t=424.8s rss=2658MB hwm=2658MB
RSS_SAMPLE t=425.0s rss=2658MB hwm=2658MB
RSS_SAMPLE t=425.3s rss=2658MB hwm=2658MB
RSS_SAMPLE t=425.5s rss=2658MB hwm=2658MB
RSS_SAMPLE t=425.8s rss=2658MB hwm=2658MB
RSS_SAMPLE t=426.0s rss=2658MB hwm=2658MB
RSS_SAMPLE t=426.3s rss=2658MB hwm=2658MB
RSS_SAMPLE t=426.5s rss=2658MB hwm=2658MB
RSS_SAMPLE t=426.8s rss=2658MB hwm=2658MB
RSS_SAMPLE t=427.0s rss=2659MB hwm=2659MB
RSS_SAMPLE t=427.3s rss=2659MB hwm=2659MB
RSS_SAMPLE t=427.5s rss=2659MB hwm=2659MB
RSS_SAMPLE t=427.8s rss=2659MB hwm=2659MB
RSS_SAMPLE t=428.0s rss=2659MB hwm=2659MB
RSS_SAMPLE t=428.3s rss=2659MB hwm=2659MB
RSS_SAMPLE t=428.5s rss=2659MB hwm=2659MB
RSS_SAMPLE t=428.8s rss=2659MB hwm=2659MB
RSS_SAMPLE t=429.0s rss=2659MB hwm=2659MB
RSS_SAMPLE t=429.3s rss=2659MB hwm=2659MB
RSS_SAMPLE t=429.5s rss=2660MB hwm=2660MB
RSS_SAMPLE t=429.8s rss=2660MB hwm=2660MB
RSS_SAMPLE t=430.0s rss=2660MB hwm=2660MB
RSS_SAMPLE t=430.3s rss=2660MB hwm=2660MB
RSS_SAMPLE t=430.5s rss=2660MB hwm=2660MB
RSS_SAMPLE t=430.8s rss=2660MB hwm=2660MB
RSS_SAMPLE t=431.0s rss=2660MB hwm=2660MB
RSS_SAMPLE t=431.3s rss=2660MB hwm=2660MB
RSS_SAMPLE t=431.5s rss=2660MB hwm=2660MB
RSS_SAMPLE t=431.8s rss=2660MB hwm=2660MB
RSS_SAMPLE t=432.0s rss=2660MB hwm=2660MB
RSS_SAMPLE t=432.3s rss=2660MB hwm=2660MB
RSS_SAMPLE t=432.5s rss=2660MB hwm=2660MB
RSS_SAMPLE t=432.8s rss=2660MB hwm=2660MB
RSS_SAMPLE t=433.0s rss=2660MB hwm=2660MB
RSS_SAMPLE t=433.3s rss=2660MB hwm=2660MB
RSS_SAMPLE t=433.5s rss=2660MB hwm=2660MB
RSS_SAMPLE t=433.8s rss=2660MB hwm=2660MB
RSS_SAMPLE t=434.0s rss=2660MB hwm=2660MB
RSS_SAMPLE t=434.3s rss=2660MB hwm=2660MB
RSS_SAMPLE t=434.5s rss=2660MB hwm=2660MB
RSS_SAMPLE t=434.8s rss=2660MB hwm=2660MB
RSS_SAMPLE t=435.0s rss=2660MB hwm=2660MB
RSS_SAMPLE t=435.3s rss=2660MB hwm=2660MB
RSS_SAMPLE t=435.5s rss=2660MB hwm=2660MB
RSS_SAMPLE t=435.8s rss=2660MB hwm=2660MB
RSS_SAMPLE t=436.0s rss=2660MB hwm=2660MB
RSS_SAMPLE t=436.3s rss=2660MB hwm=2660MB
RSS_SAMPLE t=436.5s rss=2660MB hwm=2660MB
RSS_SAMPLE t=436.8s rss=2660MB hwm=2660MB
RSS_SAMPLE t=437.0s rss=2660MB hwm=2660MB
RSS_SAMPLE t=437.3s rss=2660MB hwm=2660MB
RSS_SAMPLE t=437.5s rss=2660MB hwm=2660MB
RSS_SAMPLE t=437.8s rss=2661MB hwm=2661MB
RSS_SAMPLE t=438.0s rss=2661MB hwm=2661MB
RSS_SAMPLE t=438.3s rss=2661MB hwm=2661MB
RSS_SAMPLE t=438.5s rss=2661MB hwm=2661MB
RSS_SAMPLE t=438.8s rss=2661MB hwm=2661MB
RSS_SAMPLE t=439.0s rss=2661MB hwm=2661MB
RSS_SAMPLE t=439.3s rss=2661MB hwm=2661MB
RSS_SAMPLE t=439.5s rss=2661MB hwm=2661MB
RSS_SAMPLE t=439.8s rss=2661MB hwm=2661MB
RSS_SAMPLE t=440.0s rss=2661MB hwm=2661MB
RSS_SAMPLE t=440.3s rss=2661MB hwm=2661MB
RSS_SAMPLE t=440.5s rss=2661MB hwm=2661MB
RSS_SAMPLE t=440.8s rss=2661MB hwm=2661MB
RSS_SAMPLE t=441.0s rss=2661MB hwm=2661MB
RSS_SAMPLE t=441.3s rss=2661MB hwm=2661MB
RSS_SAMPLE t=441.5s rss=2661MB hwm=2661MB
RSS_SAMPLE t=441.8s rss=2661MB hwm=2661MB
RSS_SAMPLE t=442.0s rss=2661MB hwm=2661MB
RSS_SAMPLE t=442.3s rss=2661MB hwm=2661MB
RSS_SAMPLE t=442.5s rss=2661MB hwm=2661MB
RSS_SAMPLE t=442.8s rss=2662MB hwm=2662MB
RSS_SAMPLE t=443.0s rss=2662MB hwm=2662MB
RSS_SAMPLE t=443.3s rss=2662MB hwm=2662MB
RSS_SAMPLE t=443.5s rss=2662MB hwm=2662MB
RSS_SAMPLE t=443.8s rss=2662MB hwm=2662MB
RSS_SAMPLE t=444.0s rss=2662MB hwm=2662MB
RSS_SAMPLE t=444.3s rss=2662MB hwm=2662MB
RSS_SAMPLE t=444.5s rss=2662MB hwm=2662MB
RSS_SAMPLE t=444.8s rss=2662MB hwm=2662MB
RSS_SAMPLE t=445.0s rss=2662MB hwm=2662MB
RSS_SAMPLE t=445.3s rss=2662MB hwm=2662MB
RSS_SAMPLE t=445.5s rss=2662MB hwm=2662MB
RSS_SAMPLE t=445.8s rss=2662MB hwm=2662MB
RSS_SAMPLE t=446.0s rss=2662MB hwm=2662MB
RSS_SAMPLE t=446.3s rss=2662MB hwm=2662MB
RSS_SAMPLE t=446.5s rss=2662MB hwm=2662MB
RSS_SAMPLE t=446.8s rss=2662MB hwm=2662MB
RSS_SAMPLE t=447.0s rss=2662MB hwm=2662MB
RSS_SAMPLE t=447.3s rss=2662MB hwm=2662MB
RSS_SAMPLE t=447.5s rss=2662MB hwm=2662MB
RSS_SAMPLE t=447.8s rss=2662MB hwm=2662MB
RSS_SAMPLE t=448.0s rss=2662MB hwm=2662MB
RSS_SAMPLE t=448.3s rss=2662MB hwm=2662MB
RSS_SAMPLE t=448.5s rss=2662MB hwm=2662MB
RSS_SAMPLE t=448.8s rss=2662MB hwm=2662MB
RSS_SAMPLE t=449.0s rss=2662MB hwm=2662MB
RSS_SAMPLE t=449.3s rss=2662MB hwm=2662MB
RSS_SAMPLE t=449.5s rss=2662MB hwm=2662MB
RSS_SAMPLE t=449.8s rss=2662MB hwm=2662MB
RSS_SAMPLE t=450.0s rss=2662MB hwm=2662MB
RSS_SAMPLE t=450.3s rss=2662MB hwm=2662MB
RSS_SAMPLE t=450.5s rss=2662MB hwm=2662MB
RSS_SAMPLE t=450.8s rss=2662MB hwm=2662MB
RSS_SAMPLE t=451.0s rss=2662MB hwm=2662MB
RSS_SAMPLE t=451.3s rss=2662MB hwm=2662MB
RSS_SAMPLE t=451.5s rss=2662MB hwm=2662MB
RSS_SAMPLE t=451.8s rss=2662MB hwm=2662MB
RSS_SAMPLE t=452.0s rss=2662MB hwm=2662MB
RSS_SAMPLE t=452.3s rss=2662MB hwm=2662MB
RSS_SAMPLE t=452.5s rss=2662MB hwm=2662MB
RSS_SAMPLE t=452.8s rss=2663MB hwm=2663MB
RSS_SAMPLE t=453.0s rss=2663MB hwm=2663MB
RSS_SAMPLE t=453.3s rss=2663MB hwm=2663MB
RSS_SAMPLE t=453.5s rss=2663MB hwm=2663MB
RSS_SAMPLE t=453.8s rss=2663MB hwm=2663MB
RSS_SAMPLE t=454.0s rss=2663MB hwm=2663MB
RSS_SAMPLE t=454.3s rss=2663MB hwm=2663MB
RSS_SAMPLE t=454.5s rss=2663MB hwm=2663MB
RSS_SAMPLE t=454.8s rss=2663MB hwm=2663MB
RSS_SAMPLE t=455.0s rss=2663MB hwm=2663MB
RSS_SAMPLE t=455.3s rss=2663MB hwm=2663MB
RSS_SAMPLE t=455.5s rss=2663MB hwm=2663MB
RSS_SAMPLE t=455.8s rss=2663MB hwm=2663MB
RSS_SAMPLE t=456.0s rss=2663MB hwm=2663MB
RSS_SAMPLE t=456.3s rss=2663MB hwm=2663MB
RSS_SAMPLE t=456.5s rss=2663MB hwm=2663MB
RSS_SAMPLE t=456.8s rss=2663MB hwm=2663MB
RSS_SAMPLE t=457.0s rss=2663MB hwm=2663MB
RSS_SAMPLE t=457.3s rss=2663MB hwm=2663MB
RSS_SAMPLE t=457.5s rss=2663MB hwm=2663MB
RSS_SAMPLE t=457.8s rss=2663MB hwm=2663MB
RSS_SAMPLE t=458.0s rss=2664MB hwm=2664MB
RSS_SAMPLE t=458.3s rss=2664MB hwm=2664MB
RSS_SAMPLE t=458.5s rss=2664MB hwm=2664MB
RSS_SAMPLE t=458.8s rss=2664MB hwm=2664MB
RSS_SAMPLE t=459.0s rss=2664MB hwm=2664MB
RSS_SAMPLE t=459.3s rss=2664MB hwm=2664MB
RSS_SAMPLE t=459.5s rss=2664MB hwm=2664MB
RSS_SAMPLE t=459.8s rss=2664MB hwm=2664MB
RSS_SAMPLE t=460.0s rss=2664MB hwm=2664MB
RSS_SAMPLE t=460.3s rss=2664MB hwm=2664MB
RSS_SAMPLE t=460.5s rss=2664MB hwm=2664MB
RSS_SAMPLE t=460.8s rss=2664MB hwm=2664MB
RSS_SAMPLE t=461.0s rss=2664MB hwm=2664MB
RSS_SAMPLE t=461.3s rss=2664MB hwm=2664MB
RSS_SAMPLE t=461.5s rss=2664MB hwm=2664MB
RSS_SAMPLE t=461.8s rss=2664MB hwm=2664MB
RSS_SAMPLE t=462.0s rss=2664MB hwm=2664MB
RSS_SAMPLE t=462.3s rss=2664MB hwm=2664MB
RSS_SAMPLE t=462.5s rss=2664MB hwm=2664MB
RSS_SAMPLE t=462.8s rss=2665MB hwm=2665MB
RSS_SAMPLE t=463.0s rss=2665MB hwm=2665MB
RSS_SAMPLE t=463.3s rss=2665MB hwm=2665MB
RSS_SAMPLE t=463.5s rss=2665MB hwm=2665MB
RSS_SAMPLE t=463.8s rss=2665MB hwm=2665MB
RSS_SAMPLE t=464.0s rss=2665MB hwm=2665MB
RSS_SAMPLE t=464.3s rss=2665MB hwm=2665MB
RSS_SAMPLE t=464.5s rss=2665MB hwm=2665MB
RSS_SAMPLE t=464.8s rss=2665MB hwm=2665MB
RSS_SAMPLE t=465.0s rss=2665MB hwm=2665MB
RSS_SAMPLE t=465.3s rss=2665MB hwm=2665MB
RSS_SAMPLE t=465.5s rss=2665MB hwm=2665MB
RSS_SAMPLE t=465.8s rss=2665MB hwm=2665MB
RSS_SAMPLE t=466.0s rss=2665MB hwm=2665MB
RSS_SAMPLE t=466.3s rss=2665MB hwm=2665MB
RSS_SAMPLE t=466.5s rss=2665MB hwm=2665MB
RSS_SAMPLE t=466.8s rss=2665MB hwm=2665MB
RSS_SAMPLE t=467.0s rss=2665MB hwm=2665MB
RSS_SAMPLE t=467.3s rss=2665MB hwm=2665MB
RSS_SAMPLE t=467.5s rss=2666MB hwm=2666MB
RSS_SAMPLE t=467.8s rss=2666MB hwm=2666MB
RSS_SAMPLE t=468.0s rss=2666MB hwm=2666MB
RSS_SAMPLE t=468.3s rss=2666MB hwm=2666MB
RSS_SAMPLE t=468.5s rss=2666MB hwm=2666MB
RSS_SAMPLE t=468.8s rss=2666MB hwm=2666MB
RSS_SAMPLE t=469.0s rss=2666MB hwm=2666MB
RSS_SAMPLE t=469.3s rss=2666MB hwm=2666MB
RSS_SAMPLE t=469.5s rss=2666MB hwm=2666MB
RSS_SAMPLE t=469.8s rss=2666MB hwm=2666MB
RSS_SAMPLE t=470.0s rss=2666MB hwm=2666MB
RSS_SAMPLE t=470.3s rss=2666MB hwm=2666MB
RSS_SAMPLE t=470.5s rss=2666MB hwm=2666MB
RSS_SAMPLE t=470.8s rss=2666MB hwm=2666MB
RSS_SAMPLE t=471.0s rss=2666MB hwm=2666MB
RSS_SAMPLE t=471.3s rss=2666MB hwm=2666MB
RSS_SAMPLE t=471.5s rss=2666MB hwm=2666MB
RSS_SAMPLE t=471.8s rss=2666MB hwm=2666MB
RSS_SAMPLE t=472.0s rss=2666MB hwm=2666MB
RSS_SAMPLE t=472.3s rss=2666MB hwm=2666MB
RSS_SAMPLE t=472.5s rss=2667MB hwm=2667MB
RSS_SAMPLE t=472.8s rss=2667MB hwm=2667MB
RSS_SAMPLE t=473.0s rss=2667MB hwm=2667MB
RSS_SAMPLE t=473.3s rss=2667MB hwm=2667MB
RSS_SAMPLE t=473.5s rss=2667MB hwm=2667MB
RSS_SAMPLE t=473.8s rss=2667MB hwm=2667MB
RSS_SAMPLE t=474.0s rss=2667MB hwm=2667MB
RSS_SAMPLE t=474.3s rss=2667MB hwm=2667MB
RSS_SAMPLE t=474.5s rss=2667MB hwm=2667MB
RSS_SAMPLE t=474.8s rss=2667MB hwm=2667MB
RSS_SAMPLE t=475.0s rss=2667MB hwm=2667MB
RSS_SAMPLE t=475.3s rss=2667MB hwm=2667MB
RSS_SAMPLE t=475.5s rss=2667MB hwm=2667MB
RSS_SAMPLE t=475.8s rss=2668MB hwm=2668MB
RSS_SAMPLE t=476.0s rss=2668MB hwm=2668MB
RSS_SAMPLE t=476.3s rss=2668MB hwm=2668MB
RSS_SAMPLE t=476.6s rss=2668MB hwm=2668MB
RSS_SAMPLE t=476.8s rss=2668MB hwm=2668MB
RSS_SAMPLE t=477.1s rss=2668MB hwm=2668MB
RSS_SAMPLE t=477.3s rss=2668MB hwm=2668MB
RSS_SAMPLE t=477.6s rss=2668MB hwm=2668MB
RSS_SAMPLE t=477.8s rss=2668MB hwm=2668MB
RSS_SAMPLE t=478.1s rss=2668MB hwm=2668MB
RSS_SAMPLE t=478.3s rss=2668MB hwm=2668MB
RSS_SAMPLE t=478.6s rss=2668MB hwm=2668MB
RSS_SAMPLE t=478.8s rss=2668MB hwm=2668MB
RSS_SAMPLE t=479.1s rss=2668MB hwm=2668MB
RSS_SAMPLE t=479.3s rss=2668MB hwm=2668MB
RSS_SAMPLE t=479.6s rss=2668MB hwm=2668MB
RSS_SAMPLE t=479.8s rss=2668MB hwm=2668MB
RSS_SAMPLE t=480.1s rss=2668MB hwm=2668MB
RSS_SAMPLE t=480.3s rss=2668MB hwm=2668MB
RSS_SAMPLE t=480.6s rss=2668MB hwm=2668MB
RSS_SAMPLE t=480.8s rss=2668MB hwm=2668MB
RSS_SAMPLE t=481.1s rss=2668MB hwm=2668MB
RSS_SAMPLE t=481.3s rss=2668MB hwm=2668MB
MEM_POOL: workspaces=8 dense_usage_mb=313 n_pipes=2562403
    post_solve_diag[outer=1]: solves=105117 cap_armed=105117 (100.0%) settle_avg=8157 above_sink_avg=138 (1.7%) settle_max=69353
    settle_hist[outer=1]: <100: 27318nets/0.1%work  <1k: 24066nets/1.0%work  <5k: 23347nets/6.8%work  <20k: 13639nets/17.7%work  <60k: 15017nets/61.1%work  >=60k: 1730nets/13.3%work
    fanout_hist[outer=1]: fan1: 43710nets/11.8%work  fan2-4: 48279nets/50.4%work  fan5-16: 12974nets/36.9%work  fan17-64: 154nets/0.9%work  fan65-256: 0nets/0.0%work  fan>256: 0nets/0.0%work
    rss_probe[outer=1]: pre_post_solve=2592MB post_post_solve=2688MB after_apply=2688MB
RSS_SAMPLE t=481.6s rss=2688MB hwm=2688MB
    E_decomp: base=8627469.6 eff=66224517628245.9 cong=66224509000776.3 cong_share=100.0% sat_pipes=119992 max_util=2616.35  R_buckets: 1-2x=134423 2-10x=1040 10-100x=590 >=100x=2426350
    E_potential: beckmann=8275215838883546.0 history_total=0.0
    SpanCache: epoch=2 entries=2519 lookups=2562403 hits=2559884 misses=2519 hit_rate=99.9%
  DCD   1: nets=105117 line=16411224 energy=5382064959.906 dE=+5379731651.056 friction=260533993.8 bins=2.0x(1022) excess=402.0 moved=65109 disp=11.121 solves=105117 skip=105117 pops=857397928 theta=0.293 refresh=102943ms dcd=7602ms total=115697ms
    cache_stats: entries=50703807 capacity=88656364 est_mb=766 rss_mb=2689
RSS_SAMPLE t=481.8s rss=2689MB hwm=2689MB
RSS_SAMPLE t=482.1s rss=2689MB hwm=2689MB
RSS_SAMPLE t=482.3s rss=2689MB hwm=2689MB
RSS_SAMPLE t=482.6s rss=2689MB hwm=2689MB
RSS_SAMPLE t=482.8s rss=2689MB hwm=2689MB
RSS_SAMPLE t=483.1s rss=2689MB hwm=2689MB
RSS_SAMPLE t=483.3s rss=2689MB hwm=2689MB
RSS_SAMPLE t=483.6s rss=2689MB hwm=2689MB
RSS_SAMPLE t=483.8s rss=2689MB hwm=2689MB
RSS_SAMPLE t=484.1s rss=2689MB hwm=2689MB
RSS_SAMPLE t=484.3s rss=2689MB hwm=2689MB
RSS_SAMPLE t=484.6s rss=2689MB hwm=2689MB
RSS_SAMPLE t=484.8s rss=2689MB hwm=2689MB
    SwitchMatrix: type_usage_pairs=1400 lookups=3274 hits=1874 dijkstra_calls=1400 avg_us=9.0 total_ms=12.6
PHASE_MARK outer=2 enter=pre_solve rss=2689MB
    rss_probe[outer=2]: pre_refresh_rss=2689MB post_pre_solve_rss=2708MB cache_entries=50703807 cache_cap=88656364 cache_est_mb=766
    pre_solve_diag[outer=2]: solves=0 fallback=0 (0.0%) cap_armed=0 (0.0%) settle_avg=0 settle_max=0 init_count=59
    Overflow: over=108408 (4.2% of used) avg_excess=11.25 max_excess=3205.04 (nc=3229.04 cap=24 span=1)  excess_buckets: <=1=38199 1-5=50614 5-20=15002 >20=4593  by_cap: cap1=28503 cap2=72600 cap3-5=25 cap>5=7280  by_span: s1=701 s2-3=1537 s4-6=4540 s7-12=72921 s>12=28709  le1_cross: cap1=22224 cap2-5=14434 cap>5=1541
    Congestion: pipes=2562403 used=2562403 congested(>50%)=215232 saturated(>90%)=119992 max_util=2616.35 avg_util=0.3229
PHASE_MARK outer=2 enter=dcd_sweep rss=2708MB
RSS_SAMPLE t=485.1s rss=2708MB hwm=2708MB
RSS_SAMPLE t=485.3s rss=2708MB hwm=2708MB
RSS_SAMPLE t=485.6s rss=2708MB hwm=2708MB
RSS_SAMPLE t=485.8s rss=2708MB hwm=2708MB
RSS_SAMPLE t=486.1s rss=2708MB hwm=2708MB
RSS_SAMPLE t=486.3s rss=2708MB hwm=2708MB
RSS_SAMPLE t=486.6s rss=2708MB hwm=2708MB
RSS_SAMPLE t=486.8s rss=2708MB hwm=2708MB
RSS_SAMPLE t=487.1s rss=2708MB hwm=2708MB
RSS_SAMPLE t=487.3s rss=2708MB hwm=2708MB
RSS_SAMPLE t=487.6s rss=2708MB hwm=2708MB
RSS_SAMPLE t=487.8s rss=2708MB hwm=2708MB
RSS_SAMPLE t=488.1s rss=2708MB hwm=2708MB
RSS_SAMPLE t=488.3s rss=2708MB hwm=2708MB
RSS_SAMPLE t=488.6s rss=2708MB hwm=2708MB
RSS_SAMPLE t=488.8s rss=2708MB hwm=2708MB
RSS_SAMPLE t=489.1s rss=2708MB hwm=2708MB
RSS_SAMPLE t=489.3s rss=2708MB hwm=2708MB
RSS_SAMPLE t=489.6s rss=2708MB hwm=2708MB
RSS_SAMPLE t=489.8s rss=2708MB hwm=2708MB
RSS_SAMPLE t=490.1s rss=2708MB hwm=2708MB
RSS_SAMPLE t=490.3s rss=2708MB hwm=2708MB
RSS_SAMPLE t=490.6s rss=2708MB hwm=2708MB
RSS_SAMPLE t=490.8s rss=2708MB hwm=2708MB
RSS_SAMPLE t=491.1s rss=2708MB hwm=2708MB
RSS_SAMPLE t=491.3s rss=2708MB hwm=2708MB
RSS_SAMPLE t=491.6s rss=2708MB hwm=2708MB
RSS_SAMPLE t=491.8s rss=2708MB hwm=2708MB
RSS_SAMPLE t=492.1s rss=2708MB hwm=2708MB
RSS_SAMPLE t=492.3s rss=2708MB hwm=2708MB
RSS_SAMPLE t=492.6s rss=2708MB hwm=2708MB
RSS_SAMPLE t=492.8s rss=2708MB hwm=2708MB
PHASE_MARK outer=2 leave=dcd_sweep rss=2708MB
PHASE_MARK outer=2 enter=post_refresh rss=2708MB
RSS_SAMPLE t=493.1s rss=2710MB hwm=2710MB
RSS_SAMPLE t=493.3s rss=2710MB hwm=2710MB
RSS_SAMPLE t=493.6s rss=2710MB hwm=2710MB
RSS_SAMPLE t=493.8s rss=2710MB hwm=2710MB
RSS_SAMPLE t=494.1s rss=2710MB hwm=2710MB
RSS_SAMPLE t=494.3s rss=2710MB hwm=2710MB
RSS_SAMPLE t=494.6s rss=2710MB hwm=2710MB
RSS_SAMPLE t=494.8s rss=2710MB hwm=2710MB
RSS_SAMPLE t=495.1s rss=2710MB hwm=2710MB
RSS_SAMPLE t=495.3s rss=2710MB hwm=2710MB
RSS_SAMPLE t=495.6s rss=2710MB hwm=2710MB
RSS_SAMPLE t=495.8s rss=2710MB hwm=2710MB
RSS_SAMPLE t=496.1s rss=2711MB hwm=2711MB
RSS_SAMPLE t=496.3s rss=2711MB hwm=2711MB
RSS_SAMPLE t=496.6s rss=2711MB hwm=2711MB
RSS_SAMPLE t=496.8s rss=2711MB hwm=2711MB
RSS_SAMPLE t=497.1s rss=2711MB hwm=2711MB
RSS_SAMPLE t=497.3s rss=2711MB hwm=2711MB
RSS_SAMPLE t=497.6s rss=2711MB hwm=2711MB
RSS_SAMPLE t=497.8s rss=2711MB hwm=2711MB
RSS_SAMPLE t=498.1s rss=2711MB hwm=2711MB
RSS_SAMPLE t=498.3s rss=2711MB hwm=2711MB
RSS_SAMPLE t=498.6s rss=2711MB hwm=2711MB
RSS_SAMPLE t=498.8s rss=2711MB hwm=2711MB
RSS_SAMPLE t=499.1s rss=2711MB hwm=2711MB
RSS_SAMPLE t=499.3s rss=2712MB hwm=2712MB
RSS_SAMPLE t=499.6s rss=2712MB hwm=2712MB
RSS_SAMPLE t=499.8s rss=2712MB hwm=2712MB
RSS_SAMPLE t=500.1s rss=2712MB hwm=2712MB
RSS_SAMPLE t=500.3s rss=2712MB hwm=2712MB
RSS_SAMPLE t=500.6s rss=2712MB hwm=2712MB
RSS_SAMPLE t=500.8s rss=2712MB hwm=2712MB
RSS_SAMPLE t=501.1s rss=2712MB hwm=2712MB
RSS_SAMPLE t=501.3s rss=2712MB hwm=2712MB
RSS_SAMPLE t=501.6s rss=2712MB hwm=2712MB
RSS_SAMPLE t=501.8s rss=2712MB hwm=2712MB
RSS_SAMPLE t=502.1s rss=2712MB hwm=2712MB
RSS_SAMPLE t=502.3s rss=2712MB hwm=2712MB
RSS_SAMPLE t=502.6s rss=2712MB hwm=2712MB
RSS_SAMPLE t=502.8s rss=2712MB hwm=2712MB
RSS_SAMPLE t=503.1s rss=2712MB hwm=2712MB
RSS_SAMPLE t=503.3s rss=2712MB hwm=2712MB
RSS_SAMPLE t=503.6s rss=2712MB hwm=2712MB
RSS_SAMPLE t=503.8s rss=2712MB hwm=2712MB
RSS_SAMPLE t=504.1s rss=2712MB hwm=2712MB
RSS_SAMPLE t=504.3s rss=2713MB hwm=2713MB
RSS_SAMPLE t=504.6s rss=2713MB hwm=2713MB
RSS_SAMPLE t=504.8s rss=2713MB hwm=2713MB
RSS_SAMPLE t=505.1s rss=2713MB hwm=2713MB
RSS_SAMPLE t=505.3s rss=2713MB hwm=2713MB
RSS_SAMPLE t=505.6s rss=2713MB hwm=2713MB
RSS_SAMPLE t=505.8s rss=2713MB hwm=2713MB
RSS_SAMPLE t=506.1s rss=2713MB hwm=2713MB
RSS_SAMPLE t=506.3s rss=2713MB hwm=2713MB
RSS_SAMPLE t=506.6s rss=2713MB hwm=2713MB
RSS_SAMPLE t=506.8s rss=2713MB hwm=2713MB
RSS_SAMPLE t=507.1s rss=2713MB hwm=2713MB
RSS_SAMPLE t=507.3s rss=2713MB hwm=2713MB
RSS_SAMPLE t=507.6s rss=2713MB hwm=2713MB
RSS_SAMPLE t=507.8s rss=2713MB hwm=2713MB
RSS_SAMPLE t=508.1s rss=2714MB hwm=2714MB
RSS_SAMPLE t=508.3s rss=2714MB hwm=2714MB
RSS_SAMPLE t=508.6s rss=2714MB hwm=2714MB
RSS_SAMPLE t=508.8s rss=2714MB hwm=2714MB
RSS_SAMPLE t=509.1s rss=2715MB hwm=2715MB
RSS_SAMPLE t=509.3s rss=2715MB hwm=2715MB
RSS_SAMPLE t=509.6s rss=2715MB hwm=2715MB
RSS_SAMPLE t=509.8s rss=2715MB hwm=2715MB
RSS_SAMPLE t=510.1s rss=2715MB hwm=2715MB
RSS_SAMPLE t=510.3s rss=2716MB hwm=2716MB
RSS_SAMPLE t=510.6s rss=2716MB hwm=2716MB
RSS_SAMPLE t=510.8s rss=2716MB hwm=2716MB
RSS_SAMPLE t=511.1s rss=2716MB hwm=2716MB
RSS_SAMPLE t=511.3s rss=2716MB hwm=2716MB
RSS_SAMPLE t=511.6s rss=2716MB hwm=2716MB
RSS_SAMPLE t=511.8s rss=2717MB hwm=2717MB
RSS_SAMPLE t=512.1s rss=2717MB hwm=2717MB
RSS_SAMPLE t=512.3s rss=2717MB hwm=2717MB
RSS_SAMPLE t=512.6s rss=2717MB hwm=2717MB
RSS_SAMPLE t=512.8s rss=2718MB hwm=2718MB
RSS_SAMPLE t=513.1s rss=2718MB hwm=2718MB
RSS_SAMPLE t=513.3s rss=2718MB hwm=2718MB
RSS_SAMPLE t=513.6s rss=2718MB hwm=2718MB
RSS_SAMPLE t=513.8s rss=2718MB hwm=2718MB
RSS_SAMPLE t=514.1s rss=2719MB hwm=2719MB
RSS_SAMPLE t=514.3s rss=2719MB hwm=2719MB
RSS_SAMPLE t=514.6s rss=2720MB hwm=2720MB
RSS_SAMPLE t=514.8s rss=2720MB hwm=2720MB
RSS_SAMPLE t=515.1s rss=2720MB hwm=2720MB
RSS_SAMPLE t=515.3s rss=2720MB hwm=2720MB
RSS_SAMPLE t=515.6s rss=2721MB hwm=2721MB
RSS_SAMPLE t=515.8s rss=2721MB hwm=2721MB
RSS_SAMPLE t=516.1s rss=2721MB hwm=2721MB
RSS_SAMPLE t=516.3s rss=2721MB hwm=2721MB
RSS_SAMPLE t=516.6s rss=2721MB hwm=2721MB
RSS_SAMPLE t=516.8s rss=2721MB hwm=2721MB
RSS_SAMPLE t=517.1s rss=2722MB hwm=2722MB
RSS_SAMPLE t=517.3s rss=2722MB hwm=2722MB
RSS_SAMPLE t=517.6s rss=2722MB hwm=2722MB
RSS_SAMPLE t=517.8s rss=2722MB hwm=2722MB
RSS_SAMPLE t=518.1s rss=2722MB hwm=2722MB
RSS_SAMPLE t=518.3s rss=2722MB hwm=2722MB
RSS_SAMPLE t=518.6s rss=2722MB hwm=2722MB
RSS_SAMPLE t=518.8s rss=2722MB hwm=2722MB
RSS_SAMPLE t=519.1s rss=2723MB hwm=2723MB
RSS_SAMPLE t=519.3s rss=2723MB hwm=2723MB
RSS_SAMPLE t=519.6s rss=2723MB hwm=2723MB
RSS_SAMPLE t=519.8s rss=2723MB hwm=2723MB
RSS_SAMPLE t=520.1s rss=2723MB hwm=2723MB
RSS_SAMPLE t=520.3s rss=2723MB hwm=2723MB
RSS_SAMPLE t=520.6s rss=2723MB hwm=2723MB
RSS_SAMPLE t=520.8s rss=2723MB hwm=2723MB
RSS_SAMPLE t=521.1s rss=2723MB hwm=2723MB
RSS_SAMPLE t=521.3s rss=2723MB hwm=2723MB
RSS_SAMPLE t=521.6s rss=2723MB hwm=2723MB
RSS_SAMPLE t=521.8s rss=2723MB hwm=2723MB
RSS_SAMPLE t=522.1s rss=2723MB hwm=2723MB
RSS_SAMPLE t=522.3s rss=2723MB hwm=2723MB
RSS_SAMPLE t=522.6s rss=2723MB hwm=2723MB
RSS_SAMPLE t=522.8s rss=2724MB hwm=2724MB
RSS_SAMPLE t=523.1s rss=2724MB hwm=2724MB
RSS_SAMPLE t=523.3s rss=2724MB hwm=2724MB
RSS_SAMPLE t=523.6s rss=2724MB hwm=2724MB
RSS_SAMPLE t=523.8s rss=2724MB hwm=2724MB
RSS_SAMPLE t=524.1s rss=2724MB hwm=2724MB
RSS_SAMPLE t=524.3s rss=2724MB hwm=2724MB
RSS_SAMPLE t=524.6s rss=2724MB hwm=2724MB
RSS_SAMPLE t=524.8s rss=2725MB hwm=2725MB
RSS_SAMPLE t=525.1s rss=2725MB hwm=2725MB
RSS_SAMPLE t=525.3s rss=2725MB hwm=2725MB
RSS_SAMPLE t=525.6s rss=2725MB hwm=2725MB
RSS_SAMPLE t=525.8s rss=2725MB hwm=2725MB
RSS_SAMPLE t=526.1s rss=2725MB hwm=2725MB
RSS_SAMPLE t=526.3s rss=2725MB hwm=2725MB
RSS_SAMPLE t=526.6s rss=2726MB hwm=2726MB
RSS_SAMPLE t=526.8s rss=2726MB hwm=2726MB
RSS_SAMPLE t=527.1s rss=2726MB hwm=2726MB
RSS_SAMPLE t=527.3s rss=2726MB hwm=2726MB
RSS_SAMPLE t=527.6s rss=2726MB hwm=2726MB
RSS_SAMPLE t=527.8s rss=2726MB hwm=2726MB
RSS_SAMPLE t=528.1s rss=2727MB hwm=2727MB
RSS_SAMPLE t=528.3s rss=2727MB hwm=2727MB
RSS_SAMPLE t=528.6s rss=2727MB hwm=2727MB
RSS_SAMPLE t=528.8s rss=2727MB hwm=2727MB
RSS_SAMPLE t=529.1s rss=2727MB hwm=2727MB
RSS_SAMPLE t=529.3s rss=2727MB hwm=2727MB
RSS_SAMPLE t=529.6s rss=2727MB hwm=2727MB
RSS_SAMPLE t=529.8s rss=2727MB hwm=2727MB
RSS_SAMPLE t=530.1s rss=2727MB hwm=2727MB
RSS_SAMPLE t=530.3s rss=2727MB hwm=2727MB
RSS_SAMPLE t=530.6s rss=2727MB hwm=2727MB
RSS_SAMPLE t=530.8s rss=2728MB hwm=2728MB
RSS_SAMPLE t=531.1s rss=2728MB hwm=2728MB
RSS_SAMPLE t=531.3s rss=2728MB hwm=2728MB
RSS_SAMPLE t=531.6s rss=2728MB hwm=2728MB
RSS_SAMPLE t=531.8s rss=2728MB hwm=2728MB
RSS_SAMPLE t=532.1s rss=2728MB hwm=2728MB
RSS_SAMPLE t=532.3s rss=2728MB hwm=2728MB
RSS_SAMPLE t=532.6s rss=2728MB hwm=2728MB
RSS_SAMPLE t=532.8s rss=2728MB hwm=2728MB
RSS_SAMPLE t=533.1s rss=2728MB hwm=2728MB
RSS_SAMPLE t=533.3s rss=2728MB hwm=2728MB
RSS_SAMPLE t=533.6s rss=2728MB hwm=2728MB
RSS_SAMPLE t=533.8s rss=2728MB hwm=2728MB
RSS_SAMPLE t=534.1s rss=2728MB hwm=2728MB
RSS_SAMPLE t=534.3s rss=2728MB hwm=2728MB
RSS_SAMPLE t=534.6s rss=2728MB hwm=2728MB
RSS_SAMPLE t=534.8s rss=2728MB hwm=2728MB
RSS_SAMPLE t=535.1s rss=2728MB hwm=2728MB
RSS_SAMPLE t=535.3s rss=2728MB hwm=2728MB
RSS_SAMPLE t=535.6s rss=2728MB hwm=2728MB
RSS_SAMPLE t=535.8s rss=2728MB hwm=2728MB
RSS_SAMPLE t=536.1s rss=2728MB hwm=2728MB
RSS_SAMPLE t=536.3s rss=2728MB hwm=2728MB
RSS_SAMPLE t=536.6s rss=2728MB hwm=2728MB
RSS_SAMPLE t=536.8s rss=2728MB hwm=2728MB
RSS_SAMPLE t=537.1s rss=2728MB hwm=2728MB
RSS_SAMPLE t=537.3s rss=2728MB hwm=2728MB
RSS_SAMPLE t=537.6s rss=2728MB hwm=2728MB
RSS_SAMPLE t=537.8s rss=2728MB hwm=2728MB
RSS_SAMPLE t=538.1s rss=2728MB hwm=2728MB
RSS_SAMPLE t=538.3s rss=2728MB hwm=2728MB
RSS_SAMPLE t=538.6s rss=2728MB hwm=2728MB
RSS_SAMPLE t=538.8s rss=2728MB hwm=2728MB
RSS_SAMPLE t=539.1s rss=2728MB hwm=2728MB
RSS_SAMPLE t=539.3s rss=2728MB hwm=2728MB
RSS_SAMPLE t=539.6s rss=2728MB hwm=2728MB
RSS_SAMPLE t=539.8s rss=2728MB hwm=2728MB
RSS_SAMPLE t=540.1s rss=2728MB hwm=2728MB
RSS_SAMPLE t=540.3s rss=2728MB hwm=2728MB
RSS_SAMPLE t=540.6s rss=2728MB hwm=2728MB
RSS_SAMPLE t=540.8s rss=2728MB hwm=2728MB
RSS_SAMPLE t=541.1s rss=2728MB hwm=2728MB
RSS_SAMPLE t=541.3s rss=2728MB hwm=2728MB
RSS_SAMPLE t=541.6s rss=2728MB hwm=2728MB
RSS_SAMPLE t=541.8s rss=2728MB hwm=2728MB
RSS_SAMPLE t=542.1s rss=2728MB hwm=2728MB
RSS_SAMPLE t=542.3s rss=2728MB hwm=2728MB
RSS_SAMPLE t=542.6s rss=2728MB hwm=2728MB
RSS_SAMPLE t=542.8s rss=2728MB hwm=2728MB
RSS_SAMPLE t=543.1s rss=2728MB hwm=2728MB
RSS_SAMPLE t=543.3s rss=2728MB hwm=2728MB
RSS_SAMPLE t=543.6s rss=2728MB hwm=2728MB
RSS_SAMPLE t=543.8s rss=2728MB hwm=2728MB
RSS_SAMPLE t=544.1s rss=2728MB hwm=2728MB
RSS_SAMPLE t=544.3s rss=2728MB hwm=2728MB
RSS_SAMPLE t=544.6s rss=2728MB hwm=2728MB
RSS_SAMPLE t=544.8s rss=2728MB hwm=2728MB
RSS_SAMPLE t=545.1s rss=2728MB hwm=2728MB
RSS_SAMPLE t=545.3s rss=2728MB hwm=2728MB
RSS_SAMPLE t=545.6s rss=2728MB hwm=2728MB
RSS_SAMPLE t=545.8s rss=2728MB hwm=2728MB
RSS_SAMPLE t=546.1s rss=2728MB hwm=2728MB
RSS_SAMPLE t=546.3s rss=2728MB hwm=2728MB
RSS_SAMPLE t=546.6s rss=2728MB hwm=2728MB
RSS_SAMPLE t=546.8s rss=2728MB hwm=2728MB
RSS_SAMPLE t=547.1s rss=2728MB hwm=2728MB
RSS_SAMPLE t=547.3s rss=2728MB hwm=2728MB
RSS_SAMPLE t=547.6s rss=2728MB hwm=2728MB
RSS_SAMPLE t=547.8s rss=2728MB hwm=2728MB
RSS_SAMPLE t=548.1s rss=2728MB hwm=2728MB
RSS_SAMPLE t=548.3s rss=2728MB hwm=2728MB
RSS_SAMPLE t=548.6s rss=2728MB hwm=2728MB
RSS_SAMPLE t=548.8s rss=2729MB hwm=2729MB
RSS_SAMPLE t=549.1s rss=2729MB hwm=2729MB
RSS_SAMPLE t=549.3s rss=2729MB hwm=2729MB
RSS_SAMPLE t=549.6s rss=2729MB hwm=2729MB
RSS_SAMPLE t=549.9s rss=2729MB hwm=2729MB
RSS_SAMPLE t=550.1s rss=2729MB hwm=2729MB
RSS_SAMPLE t=550.4s rss=2729MB hwm=2729MB
RSS_SAMPLE t=550.6s rss=2729MB hwm=2729MB
RSS_SAMPLE t=550.9s rss=2729MB hwm=2729MB
RSS_SAMPLE t=551.1s rss=2729MB hwm=2729MB
RSS_SAMPLE t=551.4s rss=2729MB hwm=2729MB
RSS_SAMPLE t=551.6s rss=2729MB hwm=2729MB
RSS_SAMPLE t=551.9s rss=2729MB hwm=2729MB
RSS_SAMPLE t=552.1s rss=2729MB hwm=2729MB
RSS_SAMPLE t=552.4s rss=2729MB hwm=2729MB
RSS_SAMPLE t=552.6s rss=2729MB hwm=2729MB
RSS_SAMPLE t=552.9s rss=2729MB hwm=2729MB
RSS_SAMPLE t=553.1s rss=2729MB hwm=2729MB
RSS_SAMPLE t=553.4s rss=2729MB hwm=2729MB
RSS_SAMPLE t=553.6s rss=2729MB hwm=2729MB
RSS_SAMPLE t=553.9s rss=2729MB hwm=2729MB
RSS_SAMPLE t=554.1s rss=2729MB hwm=2729MB
RSS_SAMPLE t=554.4s rss=2729MB hwm=2729MB
RSS_SAMPLE t=554.6s rss=2729MB hwm=2729MB
RSS_SAMPLE t=554.9s rss=2729MB hwm=2729MB
RSS_SAMPLE t=555.1s rss=2729MB hwm=2729MB
RSS_SAMPLE t=555.4s rss=2729MB hwm=2729MB
RSS_SAMPLE t=555.6s rss=2729MB hwm=2729MB
RSS_SAMPLE t=555.9s rss=2729MB hwm=2729MB
RSS_SAMPLE t=556.1s rss=2729MB hwm=2729MB
RSS_SAMPLE t=556.4s rss=2729MB hwm=2729MB
RSS_SAMPLE t=556.6s rss=2729MB hwm=2729MB
RSS_SAMPLE t=556.9s rss=2729MB hwm=2729MB
RSS_SAMPLE t=557.1s rss=2729MB hwm=2729MB
RSS_SAMPLE t=557.4s rss=2729MB hwm=2729MB
RSS_SAMPLE t=557.6s rss=2729MB hwm=2729MB
RSS_SAMPLE t=557.9s rss=2729MB hwm=2729MB
RSS_SAMPLE t=558.1s rss=2729MB hwm=2729MB
RSS_SAMPLE t=558.4s rss=2729MB hwm=2729MB
RSS_SAMPLE t=558.6s rss=2729MB hwm=2729MB
RSS_SAMPLE t=558.9s rss=2729MB hwm=2729MB
RSS_SAMPLE t=559.1s rss=2729MB hwm=2729MB
RSS_SAMPLE t=559.4s rss=2729MB hwm=2729MB
RSS_SAMPLE t=559.6s rss=2729MB hwm=2729MB
RSS_SAMPLE t=559.9s rss=2729MB hwm=2729MB
RSS_SAMPLE t=560.1s rss=2729MB hwm=2729MB
RSS_SAMPLE t=560.4s rss=2729MB hwm=2729MB
RSS_SAMPLE t=560.6s rss=2729MB hwm=2729MB
RSS_SAMPLE t=560.9s rss=2729MB hwm=2729MB
RSS_SAMPLE t=561.1s rss=2729MB hwm=2729MB
RSS_SAMPLE t=561.4s rss=2729MB hwm=2729MB
RSS_SAMPLE t=561.6s rss=2729MB hwm=2729MB
RSS_SAMPLE t=561.9s rss=2729MB hwm=2729MB
RSS_SAMPLE t=562.1s rss=2729MB hwm=2729MB
RSS_SAMPLE t=562.4s rss=2729MB hwm=2729MB
RSS_SAMPLE t=562.6s rss=2729MB hwm=2729MB
RSS_SAMPLE t=562.9s rss=2729MB hwm=2729MB
RSS_SAMPLE t=563.1s rss=2729MB hwm=2729MB
RSS_SAMPLE t=563.4s rss=2729MB hwm=2729MB
RSS_SAMPLE t=563.6s rss=2729MB hwm=2729MB
RSS_SAMPLE t=563.9s rss=2729MB hwm=2729MB
RSS_SAMPLE t=564.1s rss=2729MB hwm=2729MB
RSS_SAMPLE t=564.4s rss=2729MB hwm=2729MB
RSS_SAMPLE t=564.6s rss=2729MB hwm=2729MB
RSS_SAMPLE t=564.9s rss=2729MB hwm=2729MB
RSS_SAMPLE t=565.1s rss=2729MB hwm=2729MB
RSS_SAMPLE t=565.4s rss=2729MB hwm=2729MB
RSS_SAMPLE t=565.6s rss=2729MB hwm=2729MB
RSS_SAMPLE t=565.9s rss=2729MB hwm=2729MB
RSS_SAMPLE t=566.1s rss=2729MB hwm=2729MB
RSS_SAMPLE t=566.4s rss=2729MB hwm=2729MB
RSS_SAMPLE t=566.6s rss=2729MB hwm=2729MB
RSS_SAMPLE t=566.9s rss=2729MB hwm=2729MB
RSS_SAMPLE t=567.1s rss=2729MB hwm=2729MB
RSS_SAMPLE t=567.4s rss=2729MB hwm=2729MB
RSS_SAMPLE t=567.6s rss=2729MB hwm=2729MB
RSS_SAMPLE t=567.9s rss=2729MB hwm=2729MB
RSS_SAMPLE t=568.1s rss=2729MB hwm=2729MB
RSS_SAMPLE t=568.4s rss=2729MB hwm=2729MB
RSS_SAMPLE t=568.6s rss=2729MB hwm=2729MB
RSS_SAMPLE t=568.9s rss=2729MB hwm=2729MB
RSS_SAMPLE t=569.1s rss=2729MB hwm=2729MB
RSS_SAMPLE t=569.4s rss=2729MB hwm=2729MB
RSS_SAMPLE t=569.6s rss=2729MB hwm=2729MB
RSS_SAMPLE t=569.9s rss=2729MB hwm=2729MB
RSS_SAMPLE t=570.1s rss=2729MB hwm=2729MB
RSS_SAMPLE t=570.4s rss=2729MB hwm=2729MB
RSS_SAMPLE t=570.6s rss=2729MB hwm=2729MB
RSS_SAMPLE t=570.9s rss=2729MB hwm=2729MB
RSS_SAMPLE t=571.1s rss=2729MB hwm=2729MB
RSS_SAMPLE t=571.4s rss=2729MB hwm=2729MB
RSS_SAMPLE t=571.6s rss=2729MB hwm=2729MB
RSS_SAMPLE t=571.9s rss=2729MB hwm=2729MB
RSS_SAMPLE t=572.1s rss=2729MB hwm=2729MB
RSS_SAMPLE t=572.4s rss=2729MB hwm=2729MB
RSS_SAMPLE t=572.6s rss=2729MB hwm=2729MB
RSS_SAMPLE t=572.9s rss=2729MB hwm=2729MB
RSS_SAMPLE t=573.1s rss=2729MB hwm=2729MB
RSS_SAMPLE t=573.4s rss=2729MB hwm=2729MB
RSS_SAMPLE t=573.6s rss=2729MB hwm=2729MB
RSS_SAMPLE t=573.9s rss=2729MB hwm=2729MB
RSS_SAMPLE t=574.1s rss=2729MB hwm=2729MB
RSS_SAMPLE t=574.4s rss=2729MB hwm=2729MB
RSS_SAMPLE t=574.6s rss=2729MB hwm=2729MB
RSS_SAMPLE t=574.9s rss=2729MB hwm=2729MB
RSS_SAMPLE t=575.1s rss=2729MB hwm=2729MB
RSS_SAMPLE t=575.4s rss=2729MB hwm=2729MB
RSS_SAMPLE t=575.6s rss=2729MB hwm=2729MB
RSS_SAMPLE t=575.9s rss=2729MB hwm=2729MB
RSS_SAMPLE t=576.1s rss=2729MB hwm=2729MB
RSS_SAMPLE t=576.4s rss=2729MB hwm=2729MB
RSS_SAMPLE t=576.6s rss=2729MB hwm=2729MB
RSS_SAMPLE t=576.9s rss=2729MB hwm=2729MB
RSS_SAMPLE t=577.1s rss=2729MB hwm=2729MB
RSS_SAMPLE t=577.4s rss=2729MB hwm=2729MB
RSS_SAMPLE t=577.6s rss=2729MB hwm=2729MB
RSS_SAMPLE t=577.9s rss=2729MB hwm=2729MB
RSS_SAMPLE t=578.1s rss=2729MB hwm=2729MB
RSS_SAMPLE t=578.4s rss=2729MB hwm=2729MB
RSS_SAMPLE t=578.6s rss=2729MB hwm=2729MB
RSS_SAMPLE t=578.9s rss=2729MB hwm=2729MB
RSS_SAMPLE t=579.1s rss=2729MB hwm=2729MB
RSS_SAMPLE t=579.4s rss=2729MB hwm=2729MB
RSS_SAMPLE t=579.6s rss=2729MB hwm=2729MB
RSS_SAMPLE t=579.9s rss=2729MB hwm=2729MB
RSS_SAMPLE t=580.1s rss=2729MB hwm=2729MB
RSS_SAMPLE t=580.4s rss=2729MB hwm=2729MB
RSS_SAMPLE t=580.6s rss=2729MB hwm=2729MB
RSS_SAMPLE t=580.9s rss=2729MB hwm=2729MB
RSS_SAMPLE t=581.1s rss=2729MB hwm=2729MB
RSS_SAMPLE t=581.4s rss=2729MB hwm=2729MB
RSS_SAMPLE t=581.6s rss=2729MB hwm=2729MB
RSS_SAMPLE t=581.9s rss=2729MB hwm=2729MB
RSS_SAMPLE t=582.1s rss=2729MB hwm=2729MB
RSS_SAMPLE t=582.4s rss=2729MB hwm=2729MB
RSS_SAMPLE t=582.6s rss=2729MB hwm=2729MB
RSS_SAMPLE t=582.9s rss=2729MB hwm=2729MB
RSS_SAMPLE t=583.1s rss=2729MB hwm=2729MB
RSS_SAMPLE t=583.4s rss=2729MB hwm=2729MB
RSS_SAMPLE t=583.6s rss=2729MB hwm=2729MB
RSS_SAMPLE t=583.9s rss=2729MB hwm=2729MB
RSS_SAMPLE t=584.1s rss=2729MB hwm=2729MB
RSS_SAMPLE t=584.4s rss=2729MB hwm=2729MB
RSS_SAMPLE t=584.6s rss=2729MB hwm=2729MB
RSS_SAMPLE t=584.9s rss=2729MB hwm=2729MB
RSS_SAMPLE t=585.1s rss=2729MB hwm=2729MB
RSS_SAMPLE t=585.4s rss=2729MB hwm=2729MB
RSS_SAMPLE t=585.6s rss=2729MB hwm=2729MB
RSS_SAMPLE t=585.9s rss=2729MB hwm=2729MB
RSS_SAMPLE t=586.1s rss=2729MB hwm=2729MB
RSS_SAMPLE t=586.4s rss=2729MB hwm=2729MB
RSS_SAMPLE t=586.6s rss=2729MB hwm=2729MB
RSS_SAMPLE t=586.9s rss=2729MB hwm=2729MB
RSS_SAMPLE t=587.1s rss=2729MB hwm=2729MB
RSS_SAMPLE t=587.4s rss=2729MB hwm=2729MB
RSS_SAMPLE t=587.6s rss=2729MB hwm=2729MB
RSS_SAMPLE t=587.9s rss=2729MB hwm=2729MB
RSS_SAMPLE t=588.1s rss=2729MB hwm=2729MB
RSS_SAMPLE t=588.4s rss=2729MB hwm=2729MB
RSS_SAMPLE t=588.6s rss=2729MB hwm=2729MB
RSS_SAMPLE t=588.9s rss=2729MB hwm=2729MB
RSS_SAMPLE t=589.1s rss=2729MB hwm=2729MB
RSS_SAMPLE t=589.4s rss=2729MB hwm=2729MB
RSS_SAMPLE t=589.6s rss=2729MB hwm=2729MB
RSS_SAMPLE t=589.9s rss=2729MB hwm=2729MB
RSS_SAMPLE t=590.1s rss=2729MB hwm=2729MB
RSS_SAMPLE t=590.4s rss=2729MB hwm=2729MB
RSS_SAMPLE t=590.6s rss=2729MB hwm=2729MB
RSS_SAMPLE t=590.9s rss=2729MB hwm=2729MB
RSS_SAMPLE t=591.1s rss=2729MB hwm=2729MB
RSS_SAMPLE t=591.4s rss=2729MB hwm=2729MB
RSS_SAMPLE t=591.6s rss=2729MB hwm=2729MB
RSS_SAMPLE t=591.9s rss=2729MB hwm=2729MB
RSS_SAMPLE t=592.1s rss=2729MB hwm=2729MB
RSS_SAMPLE t=592.4s rss=2729MB hwm=2729MB
RSS_SAMPLE t=592.6s rss=2729MB hwm=2729MB
RSS_SAMPLE t=592.9s rss=2729MB hwm=2729MB
RSS_SAMPLE t=593.1s rss=2729MB hwm=2729MB
RSS_SAMPLE t=593.4s rss=2729MB hwm=2729MB
RSS_SAMPLE t=593.6s rss=2729MB hwm=2729MB
RSS_SAMPLE t=593.9s rss=2729MB hwm=2729MB
RSS_SAMPLE t=594.1s rss=2729MB hwm=2729MB
RSS_SAMPLE t=594.4s rss=2729MB hwm=2729MB
RSS_SAMPLE t=594.6s rss=2729MB hwm=2729MB
RSS_SAMPLE t=594.9s rss=2729MB hwm=2729MB
RSS_SAMPLE t=595.1s rss=2729MB hwm=2729MB
RSS_SAMPLE t=595.4s rss=2729MB hwm=2729MB
RSS_SAMPLE t=595.6s rss=2729MB hwm=2729MB
RSS_SAMPLE t=595.9s rss=2729MB hwm=2729MB
RSS_SAMPLE t=596.1s rss=2729MB hwm=2729MB
RSS_SAMPLE t=596.4s rss=2729MB hwm=2729MB
RSS_SAMPLE t=596.6s rss=2729MB hwm=2729MB
RSS_SAMPLE t=596.9s rss=2729MB hwm=2729MB
RSS_SAMPLE t=597.1s rss=2729MB hwm=2729MB
RSS_SAMPLE t=597.4s rss=2729MB hwm=2729MB
RSS_SAMPLE t=597.6s rss=2729MB hwm=2729MB
RSS_SAMPLE t=597.9s rss=2729MB hwm=2729MB
RSS_SAMPLE t=598.1s rss=2729MB hwm=2729MB
RSS_SAMPLE t=598.4s rss=2729MB hwm=2729MB
RSS_SAMPLE t=598.6s rss=2729MB hwm=2729MB
RSS_SAMPLE t=598.9s rss=2729MB hwm=2729MB
RSS_SAMPLE t=599.1s rss=2729MB hwm=2729MB
RSS_SAMPLE t=599.4s rss=2729MB hwm=2729MB
RSS_SAMPLE t=599.6s rss=2729MB hwm=2729MB
RSS_SAMPLE t=599.9s rss=2729MB hwm=2729MB
RSS_SAMPLE t=600.1s rss=2729MB hwm=2729MB
RSS_SAMPLE t=600.4s rss=2729MB hwm=2729MB
RSS_SAMPLE t=600.6s rss=2729MB hwm=2729MB
RSS_SAMPLE t=600.9s rss=2729MB hwm=2729MB
RSS_SAMPLE t=601.1s rss=2729MB hwm=2729MB
RSS_SAMPLE t=601.4s rss=2729MB hwm=2729MB
RSS_SAMPLE t=601.6s rss=2729MB hwm=2729MB
RSS_SAMPLE t=601.9s rss=2729MB hwm=2729MB
RSS_SAMPLE t=602.1s rss=2729MB hwm=2729MB
RSS_SAMPLE t=602.4s rss=2729MB hwm=2729MB
RSS_SAMPLE t=602.6s rss=2729MB hwm=2729MB
RSS_SAMPLE t=602.9s rss=2729MB hwm=2729MB
RSS_SAMPLE t=603.1s rss=2729MB hwm=2729MB
RSS_SAMPLE t=603.4s rss=2729MB hwm=2729MB
RSS_SAMPLE t=603.6s rss=2729MB hwm=2729MB
RSS_SAMPLE t=603.9s rss=2729MB hwm=2729MB
RSS_SAMPLE t=604.1s rss=2729MB hwm=2729MB
RSS_SAMPLE t=604.4s rss=2729MB hwm=2729MB
RSS_SAMPLE t=604.6s rss=2729MB hwm=2729MB
RSS_SAMPLE t=604.9s rss=2729MB hwm=2729MB
RSS_SAMPLE t=605.1s rss=2729MB hwm=2729MB
RSS_SAMPLE t=605.4s rss=2729MB hwm=2729MB
RSS_SAMPLE t=605.6s rss=2729MB hwm=2729MB
RSS_SAMPLE t=605.9s rss=2729MB hwm=2729MB
RSS_SAMPLE t=606.1s rss=2729MB hwm=2729MB
RSS_SAMPLE t=606.4s rss=2729MB hwm=2729MB
RSS_SAMPLE t=606.6s rss=2729MB hwm=2729MB
RSS_SAMPLE t=606.9s rss=2729MB hwm=2729MB
RSS_SAMPLE t=607.1s rss=2729MB hwm=2729MB
RSS_SAMPLE t=607.4s rss=2729MB hwm=2729MB
RSS_SAMPLE t=607.6s rss=2729MB hwm=2729MB
RSS_SAMPLE t=607.9s rss=2729MB hwm=2729MB
RSS_SAMPLE t=608.1s rss=2729MB hwm=2729MB
RSS_SAMPLE t=608.4s rss=2729MB hwm=2729MB
RSS_SAMPLE t=608.6s rss=2729MB hwm=2729MB
RSS_SAMPLE t=608.9s rss=2729MB hwm=2729MB
RSS_SAMPLE t=609.1s rss=2729MB hwm=2729MB
RSS_SAMPLE t=609.4s rss=2729MB hwm=2729MB
RSS_SAMPLE t=609.6s rss=2729MB hwm=2729MB
RSS_SAMPLE t=609.9s rss=2729MB hwm=2729MB
RSS_SAMPLE t=610.1s rss=2729MB hwm=2729MB
RSS_SAMPLE t=610.4s rss=2729MB hwm=2729MB
RSS_SAMPLE t=610.6s rss=2729MB hwm=2729MB
RSS_SAMPLE t=610.9s rss=2729MB hwm=2729MB
RSS_SAMPLE t=611.1s rss=2729MB hwm=2729MB
RSS_SAMPLE t=611.4s rss=2729MB hwm=2729MB
RSS_SAMPLE t=611.6s rss=2729MB hwm=2729MB
RSS_SAMPLE t=611.9s rss=2729MB hwm=2729MB
RSS_SAMPLE t=612.1s rss=2729MB hwm=2729MB
RSS_SAMPLE t=612.4s rss=2729MB hwm=2729MB
RSS_SAMPLE t=612.6s rss=2729MB hwm=2729MB
RSS_SAMPLE t=612.9s rss=2729MB hwm=2729MB
RSS_SAMPLE t=613.1s rss=2729MB hwm=2729MB
RSS_SAMPLE t=613.4s rss=2729MB hwm=2729MB
RSS_SAMPLE t=613.6s rss=2729MB hwm=2729MB
RSS_SAMPLE t=613.9s rss=2729MB hwm=2729MB
RSS_SAMPLE t=614.1s rss=2729MB hwm=2729MB
RSS_SAMPLE t=614.4s rss=2729MB hwm=2729MB
RSS_SAMPLE t=614.6s rss=2729MB hwm=2729MB
RSS_SAMPLE t=614.9s rss=2729MB hwm=2729MB
RSS_SAMPLE t=615.1s rss=2729MB hwm=2729MB
RSS_SAMPLE t=615.4s rss=2729MB hwm=2729MB
RSS_SAMPLE t=615.6s rss=2729MB hwm=2729MB
RSS_SAMPLE t=615.9s rss=2729MB hwm=2729MB
RSS_SAMPLE t=616.1s rss=2729MB hwm=2729MB
RSS_SAMPLE t=616.4s rss=2729MB hwm=2729MB
RSS_SAMPLE t=616.6s rss=2729MB hwm=2729MB
RSS_SAMPLE t=616.9s rss=2729MB hwm=2729MB
MEM_POOL: workspaces=8 dense_usage_mb=313 n_pipes=2562403
    post_solve_diag[outer=2]: solves=105117 cap_armed=105117 (100.0%) settle_avg=7284 above_sink_avg=97 (1.3%) settle_max=69353
    settle_hist[outer=2]: <100: 30522nets/0.1%work  <1k: 23475nets/1.1%work  <5k: 22174nets/7.3%work  <20k: 14186nets/20.4%work  <60k: 13601nets/61.3%work  >=60k: 1159nets/9.8%work
    fanout_hist[outer=2]: fan1: 43710nets/11.1%work  fan2-4: 48279nets/49.5%work  fan5-16: 12974nets/38.4%work  fan17-64: 154nets/1.0%work  fan65-256: 0nets/0.0%work  fan>256: 0nets/0.0%work
    rss_probe[outer=2]: pre_post_solve=2710MB post_post_solve=2729MB after_apply=2729MB
    E_decomp: base=8942610.9 eff=20696566922210088.0 cong=20696566913267476.0 cong_share=100.0% sat_pipes=86652 max_util=2288.39  R_buckets: 1-2x=98019 2-10x=18733 10-100x=13191 >=100x=2432460
    E_potential: beckmann=1215137096820780.2 history_total=0.0
    SpanCache: epoch=3 entries=3274 lookups=2562403 hits=2559129 misses=3274 hit_rate=99.9%
  DCD   2: nets=105117 line=15951684 energy=37676921769.792 dE=+32294856809.886 friction=104422161.1 bins=2.0x(878) excess=335.4 moved=66907 disp=10.740 solves=105117 skip=105117 pops=765682166 theta=0.343 refresh=124085ms dcd=8064ms total=135291ms
    cache_stats: entries=47171988 capacity=84495890 est_mb=730 rss_mb=2730
RSS_SAMPLE t=617.1s rss=2731MB hwm=2731MB
RSS_SAMPLE t=617.4s rss=2731MB hwm=2731MB
RSS_SAMPLE t=617.6s rss=2731MB hwm=2731MB
RSS_SAMPLE t=617.9s rss=2731MB hwm=2731MB
RSS_SAMPLE t=618.1s rss=2731MB hwm=2731MB
RSS_SAMPLE t=618.4s rss=2731MB hwm=2731MB
RSS_SAMPLE t=618.6s rss=2731MB hwm=2731MB
RSS_SAMPLE t=618.9s rss=2731MB hwm=2731MB
RSS_SAMPLE t=619.1s rss=2731MB hwm=2731MB
RSS_SAMPLE t=619.4s rss=2731MB hwm=2731MB
RSS_SAMPLE t=619.6s rss=2731MB hwm=2731MB
RSS_SAMPLE t=619.9s rss=2731MB hwm=2731MB
RSS_SAMPLE t=620.1s rss=2731MB hwm=2731MB
RSS_SAMPLE t=620.4s rss=2731MB hwm=2731MB
    SwitchMatrix: type_usage_pairs=1564 lookups=3209 hits=1645 dijkstra_calls=1564 avg_us=15.9 total_ms=24.9
RSS_SAMPLE t=620.6s rss=2731MB hwm=2731MB
PHASE_MARK outer=3 enter=pre_solve rss=2731MB
    rss_probe[outer=3]: pre_refresh_rss=2731MB post_pre_solve_rss=2731MB cache_entries=47171988 cache_cap=84495890 cache_est_mb=730
    pre_solve_diag[outer=3]: solves=0 fallback=0 (0.0%) cap_armed=0 (0.0%) settle_avg=0 settle_max=0 init_count=41
    Overflow: over=82871 (3.2% of used) avg_excess=22.62 max_excess=3481.42 (nc=3505.42 cap=24 span=1)  excess_buckets: <=1=8399 1-5=35162 5-20=26213 >20=13097  by_cap: cap1=6639 cap2=67909 cap3-5=3 cap>5=8320  by_span: s1=667 s2-3=7028 s4-6=1867 s7-12=66884 s>12=6425  le1_cross: cap1=5797 cap2-5=2369 cap>5=233
    Congestion: pipes=2562403 used=2562403 congested(>50%)=127789 saturated(>90%)=86652 max_util=2288.39 avg_util=0.2930
PHASE_MARK outer=3 enter=dcd_sweep rss=2731MB
RSS_SAMPLE t=620.9s rss=2731MB hwm=2731MB
RSS_SAMPLE t=621.1s rss=2731MB hwm=2731MB
RSS_SAMPLE t=621.4s rss=2731MB hwm=2731MB
RSS_SAMPLE t=621.6s rss=2731MB hwm=2731MB
RSS_SAMPLE t=621.9s rss=2731MB hwm=2731MB
RSS_SAMPLE t=622.1s rss=2731MB hwm=2731MB
RSS_SAMPLE t=622.4s rss=2731MB hwm=2731MB
RSS_SAMPLE t=622.6s rss=2731MB hwm=2731MB
RSS_SAMPLE t=622.9s rss=2731MB hwm=2731MB
RSS_SAMPLE t=623.1s rss=2731MB hwm=2731MB
RSS_SAMPLE t=623.4s rss=2731MB hwm=2731MB
RSS_SAMPLE t=623.6s rss=2731MB hwm=2731MB
RSS_SAMPLE t=623.9s rss=2731MB hwm=2731MB
RSS_SAMPLE t=624.1s rss=2731MB hwm=2731MB
RSS_SAMPLE t=624.4s rss=2731MB hwm=2731MB
RSS_SAMPLE t=624.6s rss=2731MB hwm=2731MB
RSS_SAMPLE t=624.9s rss=2731MB hwm=2731MB
RSS_SAMPLE t=625.1s rss=2731MB hwm=2731MB
RSS_SAMPLE t=625.4s rss=2731MB hwm=2731MB
RSS_SAMPLE t=625.6s rss=2731MB hwm=2731MB
RSS_SAMPLE t=625.9s rss=2731MB hwm=2731MB
RSS_SAMPLE t=626.1s rss=2731MB hwm=2731MB
RSS_SAMPLE t=626.4s rss=2731MB hwm=2731MB
RSS_SAMPLE t=626.6s rss=2731MB hwm=2731MB
RSS_SAMPLE t=626.9s rss=2731MB hwm=2731MB
RSS_SAMPLE t=627.1s rss=2731MB hwm=2731MB
RSS_SAMPLE t=627.4s rss=2731MB hwm=2731MB
RSS_SAMPLE t=627.6s rss=2731MB hwm=2731MB
RSS_SAMPLE t=627.9s rss=2731MB hwm=2731MB
RSS_SAMPLE t=628.2s rss=2731MB hwm=2731MB
RSS_SAMPLE t=628.4s rss=2731MB hwm=2731MB
RSS_SAMPLE t=628.7s rss=2731MB hwm=2731MB
RSS_SAMPLE t=628.9s rss=2731MB hwm=2731MB
RSS_SAMPLE t=629.2s rss=2731MB hwm=2731MB
RSS_SAMPLE t=629.4s rss=2731MB hwm=2731MB
RSS_SAMPLE t=629.7s rss=2731MB hwm=2731MB
RSS_SAMPLE t=629.9s rss=2731MB hwm=2731MB
RSS_SAMPLE t=630.2s rss=2731MB hwm=2731MB
RSS_SAMPLE t=630.4s rss=2731MB hwm=2731MB
RSS_SAMPLE t=630.7s rss=2731MB hwm=2731MB
RSS_SAMPLE t=630.9s rss=2731MB hwm=2731MB
RSS_SAMPLE t=631.2s rss=2731MB hwm=2731MB
PHASE_MARK outer=3 leave=dcd_sweep rss=2731MB
PHASE_MARK outer=3 enter=post_refresh rss=2731MB
RSS_SAMPLE t=631.4s rss=2732MB hwm=2732MB
RSS_SAMPLE t=631.7s rss=2732MB hwm=2732MB
RSS_SAMPLE t=631.9s rss=2732MB hwm=2732MB
RSS_SAMPLE t=632.2s rss=2732MB hwm=2732MB
RSS_SAMPLE t=632.4s rss=2732MB hwm=2732MB
RSS_SAMPLE t=632.7s rss=2732MB hwm=2732MB
RSS_SAMPLE t=632.9s rss=2732MB hwm=2732MB
RSS_SAMPLE t=633.2s rss=2732MB hwm=2732MB
RSS_SAMPLE t=633.4s rss=2732MB hwm=2732MB
RSS_SAMPLE t=633.7s rss=2732MB hwm=2732MB
RSS_SAMPLE t=633.9s rss=2732MB hwm=2732MB
RSS_SAMPLE t=634.2s rss=2732MB hwm=2732MB
RSS_SAMPLE t=634.4s rss=2732MB hwm=2732MB
RSS_SAMPLE t=634.7s rss=2732MB hwm=2732MB
RSS_SAMPLE t=634.9s rss=2732MB hwm=2732MB
RSS_SAMPLE t=635.2s rss=2732MB hwm=2732MB
RSS_SAMPLE t=635.4s rss=2732MB hwm=2732MB
RSS_SAMPLE t=635.7s rss=2732MB hwm=2732MB
RSS_SAMPLE t=635.9s rss=2732MB hwm=2732MB
RSS_SAMPLE t=636.2s rss=2732MB hwm=2732MB
RSS_SAMPLE t=636.4s rss=2732MB hwm=2732MB
RSS_SAMPLE t=636.7s rss=2732MB hwm=2732MB
RSS_SAMPLE t=636.9s rss=2732MB hwm=2732MB
RSS_SAMPLE t=637.2s rss=2732MB hwm=2732MB
RSS_SAMPLE t=637.4s rss=2732MB hwm=2732MB
RSS_SAMPLE t=637.7s rss=2732MB hwm=2732MB
RSS_SAMPLE t=637.9s rss=2732MB hwm=2732MB
RSS_SAMPLE t=638.2s rss=2732MB hwm=2732MB
RSS_SAMPLE t=638.4s rss=2732MB hwm=2732MB
RSS_SAMPLE t=638.7s rss=2732MB hwm=2732MB
RSS_SAMPLE t=638.9s rss=2733MB hwm=2733MB
RSS_SAMPLE t=639.2s rss=2733MB hwm=2733MB
RSS_SAMPLE t=639.4s rss=2733MB hwm=2733MB
RSS_SAMPLE t=639.7s rss=2733MB hwm=2733MB
RSS_SAMPLE t=639.9s rss=2733MB hwm=2733MB
RSS_SAMPLE t=640.2s rss=2733MB hwm=2733MB
RSS_SAMPLE t=640.4s rss=2733MB hwm=2733MB
RSS_SAMPLE t=640.7s rss=2733MB hwm=2733MB
RSS_SAMPLE t=640.9s rss=2733MB hwm=2733MB
RSS_SAMPLE t=641.2s rss=2733MB hwm=2733MB
RSS_SAMPLE t=641.4s rss=2733MB hwm=2733MB
RSS_SAMPLE t=641.7s rss=2733MB hwm=2733MB
RSS_SAMPLE t=641.9s rss=2733MB hwm=2733MB
RSS_SAMPLE t=642.2s rss=2733MB hwm=2733MB
RSS_SAMPLE t=642.4s rss=2733MB hwm=2733MB
RSS_SAMPLE t=642.7s rss=2733MB hwm=2733MB
RSS_SAMPLE t=642.9s rss=2733MB hwm=2733MB
RSS_SAMPLE t=643.2s rss=2733MB hwm=2733MB
RSS_SAMPLE t=643.4s rss=2733MB hwm=2733MB
RSS_SAMPLE t=643.7s rss=2733MB hwm=2733MB
RSS_SAMPLE t=643.9s rss=2733MB hwm=2733MB
RSS_SAMPLE t=644.2s rss=2733MB hwm=2733MB
RSS_SAMPLE t=644.4s rss=2733MB hwm=2733MB
RSS_SAMPLE t=644.7s rss=2733MB hwm=2733MB
RSS_SAMPLE t=644.9s rss=2733MB hwm=2733MB
RSS_SAMPLE t=645.2s rss=2733MB hwm=2733MB
RSS_SAMPLE t=645.4s rss=2734MB hwm=2734MB
RSS_SAMPLE t=645.7s rss=2734MB hwm=2734MB
RSS_SAMPLE t=645.9s rss=2734MB hwm=2734MB
RSS_SAMPLE t=646.2s rss=2734MB hwm=2734MB
RSS_SAMPLE t=646.4s rss=2734MB hwm=2734MB
RSS_SAMPLE t=646.7s rss=2734MB hwm=2734MB
RSS_SAMPLE t=646.9s rss=2734MB hwm=2734MB
RSS_SAMPLE t=647.2s rss=2734MB hwm=2734MB
RSS_SAMPLE t=647.4s rss=2734MB hwm=2734MB
RSS_SAMPLE t=647.7s rss=2734MB hwm=2734MB
RSS_SAMPLE t=647.9s rss=2734MB hwm=2734MB
RSS_SAMPLE t=648.2s rss=2734MB hwm=2734MB
RSS_SAMPLE t=648.4s rss=2734MB hwm=2734MB
RSS_SAMPLE t=648.7s rss=2734MB hwm=2734MB
RSS_SAMPLE t=648.9s rss=2734MB hwm=2734MB
RSS_SAMPLE t=649.2s rss=2734MB hwm=2734MB
RSS_SAMPLE t=649.4s rss=2734MB hwm=2734MB
RSS_SAMPLE t=649.7s rss=2734MB hwm=2734MB
RSS_SAMPLE t=649.9s rss=2734MB hwm=2734MB
RSS_SAMPLE t=650.2s rss=2734MB hwm=2734MB
RSS_SAMPLE t=650.4s rss=2734MB hwm=2734MB
RSS_SAMPLE t=650.7s rss=2734MB hwm=2734MB
RSS_SAMPLE t=650.9s rss=2734MB hwm=2734MB
RSS_SAMPLE t=651.2s rss=2734MB hwm=2734MB
RSS_SAMPLE t=651.4s rss=2734MB hwm=2734MB
RSS_SAMPLE t=651.7s rss=2734MB hwm=2734MB
RSS_SAMPLE t=651.9s rss=2734MB hwm=2734MB
RSS_SAMPLE t=652.2s rss=2734MB hwm=2734MB
RSS_SAMPLE t=652.4s rss=2734MB hwm=2734MB
RSS_SAMPLE t=652.7s rss=2734MB hwm=2734MB
RSS_SAMPLE t=652.9s rss=2734MB hwm=2734MB
RSS_SAMPLE t=653.2s rss=2734MB hwm=2734MB
RSS_SAMPLE t=653.4s rss=2734MB hwm=2734MB
RSS_SAMPLE t=653.7s rss=2734MB hwm=2734MB
RSS_SAMPLE t=653.9s rss=2734MB hwm=2734MB
RSS_SAMPLE t=654.2s rss=2734MB hwm=2734MB
RSS_SAMPLE t=654.4s rss=2734MB hwm=2734MB
RSS_SAMPLE t=654.7s rss=2735MB hwm=2735MB
RSS_SAMPLE t=654.9s rss=2735MB hwm=2735MB
RSS_SAMPLE t=655.2s rss=2735MB hwm=2735MB
RSS_SAMPLE t=655.4s rss=2735MB hwm=2735MB
RSS_SAMPLE t=655.7s rss=2735MB hwm=2735MB
RSS_SAMPLE t=655.9s rss=2735MB hwm=2735MB
RSS_SAMPLE t=656.2s rss=2735MB hwm=2735MB
RSS_SAMPLE t=656.4s rss=2735MB hwm=2735MB
RSS_SAMPLE t=656.7s rss=2735MB hwm=2735MB
RSS_SAMPLE t=656.9s rss=2735MB hwm=2735MB
RSS_SAMPLE t=657.2s rss=2735MB hwm=2735MB
RSS_SAMPLE t=657.4s rss=2735MB hwm=2735MB
RSS_SAMPLE t=657.7s rss=2735MB hwm=2735MB
RSS_SAMPLE t=657.9s rss=2735MB hwm=2735MB
RSS_SAMPLE t=658.2s rss=2735MB hwm=2735MB
RSS_SAMPLE t=658.4s rss=2735MB hwm=2735MB
RSS_SAMPLE t=658.7s rss=2735MB hwm=2735MB
RSS_SAMPLE t=658.9s rss=2735MB hwm=2735MB
RSS_SAMPLE t=659.2s rss=2735MB hwm=2735MB
RSS_SAMPLE t=659.4s rss=2735MB hwm=2735MB
RSS_SAMPLE t=659.7s rss=2735MB hwm=2735MB
RSS_SAMPLE t=659.9s rss=2735MB hwm=2735MB
RSS_SAMPLE t=660.2s rss=2735MB hwm=2735MB
RSS_SAMPLE t=660.4s rss=2735MB hwm=2735MB
RSS_SAMPLE t=660.7s rss=2735MB hwm=2735MB
RSS_SAMPLE t=660.9s rss=2735MB hwm=2735MB
RSS_SAMPLE t=661.2s rss=2735MB hwm=2735MB
RSS_SAMPLE t=661.4s rss=2735MB hwm=2735MB
RSS_SAMPLE t=661.7s rss=2735MB hwm=2735MB
RSS_SAMPLE t=661.9s rss=2735MB hwm=2735MB
RSS_SAMPLE t=662.2s rss=2735MB hwm=2735MB
RSS_SAMPLE t=662.4s rss=2735MB hwm=2735MB
RSS_SAMPLE t=662.7s rss=2735MB hwm=2735MB
RSS_SAMPLE t=662.9s rss=2735MB hwm=2735MB
RSS_SAMPLE t=663.2s rss=2736MB hwm=2736MB
RSS_SAMPLE t=663.4s rss=2736MB hwm=2736MB
RSS_SAMPLE t=663.7s rss=2736MB hwm=2736MB
RSS_SAMPLE t=663.9s rss=2736MB hwm=2736MB
RSS_SAMPLE t=664.2s rss=2736MB hwm=2736MB
RSS_SAMPLE t=664.4s rss=2736MB hwm=2736MB
RSS_SAMPLE t=664.7s rss=2736MB hwm=2736MB
RSS_SAMPLE t=664.9s rss=2736MB hwm=2736MB
RSS_SAMPLE t=665.2s rss=2736MB hwm=2736MB
RSS_SAMPLE t=665.4s rss=2736MB hwm=2736MB
RSS_SAMPLE t=665.7s rss=2736MB hwm=2736MB
RSS_SAMPLE t=665.9s rss=2736MB hwm=2736MB
RSS_SAMPLE t=666.2s rss=2736MB hwm=2736MB
RSS_SAMPLE t=666.4s rss=2736MB hwm=2736MB
RSS_SAMPLE t=666.7s rss=2736MB hwm=2736MB
RSS_SAMPLE t=666.9s rss=2736MB hwm=2736MB
RSS_SAMPLE t=667.2s rss=2737MB hwm=2737MB
RSS_SAMPLE t=667.4s rss=2737MB hwm=2737MB
RSS_SAMPLE t=667.7s rss=2737MB hwm=2737MB
RSS_SAMPLE t=667.9s rss=2737MB hwm=2737MB
RSS_SAMPLE t=668.2s rss=2737MB hwm=2737MB
RSS_SAMPLE t=668.4s rss=2737MB hwm=2737MB
RSS_SAMPLE t=668.7s rss=2737MB hwm=2737MB
RSS_SAMPLE t=668.9s rss=2737MB hwm=2737MB
RSS_SAMPLE t=669.2s rss=2737MB hwm=2737MB
RSS_SAMPLE t=669.4s rss=2737MB hwm=2737MB
RSS_SAMPLE t=669.7s rss=2737MB hwm=2737MB
RSS_SAMPLE t=669.9s rss=2737MB hwm=2737MB
RSS_SAMPLE t=670.2s rss=2737MB hwm=2737MB
RSS_SAMPLE t=670.4s rss=2737MB hwm=2737MB
RSS_SAMPLE t=670.7s rss=2737MB hwm=2737MB
RSS_SAMPLE t=670.9s rss=2737MB hwm=2737MB
RSS_SAMPLE t=671.2s rss=2737MB hwm=2737MB
RSS_SAMPLE t=671.4s rss=2737MB hwm=2737MB
RSS_SAMPLE t=671.7s rss=2737MB hwm=2737MB
RSS_SAMPLE t=671.9s rss=2737MB hwm=2737MB
RSS_SAMPLE t=672.2s rss=2737MB hwm=2737MB
RSS_SAMPLE t=672.4s rss=2737MB hwm=2737MB
RSS_SAMPLE t=672.7s rss=2737MB hwm=2737MB
RSS_SAMPLE t=672.9s rss=2737MB hwm=2737MB
RSS_SAMPLE t=673.2s rss=2737MB hwm=2737MB
RSS_SAMPLE t=673.4s rss=2737MB hwm=2737MB
RSS_SAMPLE t=673.7s rss=2737MB hwm=2737MB
RSS_SAMPLE t=673.9s rss=2737MB hwm=2737MB
RSS_SAMPLE t=674.2s rss=2737MB hwm=2737MB
RSS_SAMPLE t=674.4s rss=2737MB hwm=2737MB
RSS_SAMPLE t=674.7s rss=2737MB hwm=2737MB
RSS_SAMPLE t=674.9s rss=2737MB hwm=2737MB
RSS_SAMPLE t=675.2s rss=2737MB hwm=2737MB
RSS_SAMPLE t=675.4s rss=2737MB hwm=2737MB
RSS_SAMPLE t=675.7s rss=2737MB hwm=2737MB
RSS_SAMPLE t=675.9s rss=2737MB hwm=2737MB
RSS_SAMPLE t=676.2s rss=2737MB hwm=2737MB
RSS_SAMPLE t=676.4s rss=2737MB hwm=2737MB
RSS_SAMPLE t=676.7s rss=2737MB hwm=2737MB
RSS_SAMPLE t=676.9s rss=2737MB hwm=2737MB
RSS_SAMPLE t=677.2s rss=2737MB hwm=2737MB
RSS_SAMPLE t=677.4s rss=2737MB hwm=2737MB
RSS_SAMPLE t=677.7s rss=2737MB hwm=2737MB
RSS_SAMPLE t=677.9s rss=2737MB hwm=2737MB
RSS_SAMPLE t=678.2s rss=2737MB hwm=2737MB
RSS_SAMPLE t=678.4s rss=2737MB hwm=2737MB
RSS_SAMPLE t=678.7s rss=2738MB hwm=2738MB
RSS_SAMPLE t=678.9s rss=2738MB hwm=2738MB
RSS_SAMPLE t=679.2s rss=2738MB hwm=2738MB
RSS_SAMPLE t=679.4s rss=2738MB hwm=2738MB
RSS_SAMPLE t=679.7s rss=2738MB hwm=2738MB
RSS_SAMPLE t=679.9s rss=2738MB hwm=2738MB
RSS_SAMPLE t=680.2s rss=2738MB hwm=2738MB
RSS_SAMPLE t=680.4s rss=2738MB hwm=2738MB
RSS_SAMPLE t=680.7s rss=2738MB hwm=2738MB
RSS_SAMPLE t=680.9s rss=2738MB hwm=2738MB
RSS_SAMPLE t=681.2s rss=2738MB hwm=2738MB
RSS_SAMPLE t=681.4s rss=2738MB hwm=2738MB
RSS_SAMPLE t=681.7s rss=2738MB hwm=2738MB
RSS_SAMPLE t=681.9s rss=2738MB hwm=2738MB
RSS_SAMPLE t=682.2s rss=2738MB hwm=2738MB
RSS_SAMPLE t=682.4s rss=2738MB hwm=2738MB
RSS_SAMPLE t=682.7s rss=2738MB hwm=2738MB
RSS_SAMPLE t=682.9s rss=2738MB hwm=2738MB
RSS_SAMPLE t=683.2s rss=2738MB hwm=2738MB
RSS_SAMPLE t=683.4s rss=2738MB hwm=2738MB
RSS_SAMPLE t=683.7s rss=2738MB hwm=2738MB
RSS_SAMPLE t=683.9s rss=2738MB hwm=2738MB
RSS_SAMPLE t=684.2s rss=2738MB hwm=2738MB
RSS_SAMPLE t=684.4s rss=2738MB hwm=2738MB
RSS_SAMPLE t=684.7s rss=2738MB hwm=2738MB
RSS_SAMPLE t=684.9s rss=2738MB hwm=2738MB
RSS_SAMPLE t=685.2s rss=2739MB hwm=2739MB
RSS_SAMPLE t=685.4s rss=2739MB hwm=2739MB
RSS_SAMPLE t=685.7s rss=2739MB hwm=2739MB
RSS_SAMPLE t=685.9s rss=2740MB hwm=2740MB
RSS_SAMPLE t=686.2s rss=2740MB hwm=2740MB
RSS_SAMPLE t=686.4s rss=2740MB hwm=2740MB
RSS_SAMPLE t=686.7s rss=2740MB hwm=2740MB
RSS_SAMPLE t=686.9s rss=2740MB hwm=2740MB
RSS_SAMPLE t=687.2s rss=2740MB hwm=2740MB
RSS_SAMPLE t=687.4s rss=2740MB hwm=2740MB
RSS_SAMPLE t=687.7s rss=2740MB hwm=2740MB
RSS_SAMPLE t=687.9s rss=2740MB hwm=2740MB
RSS_SAMPLE t=688.2s rss=2740MB hwm=2740MB
RSS_SAMPLE t=688.4s rss=2740MB hwm=2740MB
RSS_SAMPLE t=688.7s rss=2740MB hwm=2740MB
RSS_SAMPLE t=688.9s rss=2740MB hwm=2740MB
RSS_SAMPLE t=689.2s rss=2740MB hwm=2740MB
RSS_SAMPLE t=689.4s rss=2740MB hwm=2740MB
RSS_SAMPLE t=689.7s rss=2740MB hwm=2740MB
RSS_SAMPLE t=689.9s rss=2740MB hwm=2740MB
RSS_SAMPLE t=690.2s rss=2740MB hwm=2740MB
RSS_SAMPLE t=690.4s rss=2740MB hwm=2740MB
RSS_SAMPLE t=690.7s rss=2740MB hwm=2740MB
RSS_SAMPLE t=690.9s rss=2740MB hwm=2740MB
RSS_SAMPLE t=691.2s rss=2740MB hwm=2740MB
RSS_SAMPLE t=691.4s rss=2740MB hwm=2740MB
RSS_SAMPLE t=691.7s rss=2740MB hwm=2740MB
RSS_SAMPLE t=691.9s rss=2740MB hwm=2740MB
RSS_SAMPLE t=692.2s rss=2740MB hwm=2740MB
RSS_SAMPLE t=692.4s rss=2740MB hwm=2740MB
RSS_SAMPLE t=692.7s rss=2740MB hwm=2740MB
RSS_SAMPLE t=692.9s rss=2740MB hwm=2740MB
RSS_SAMPLE t=693.2s rss=2740MB hwm=2740MB
RSS_SAMPLE t=693.4s rss=2740MB hwm=2740MB
RSS_SAMPLE t=693.7s rss=2740MB hwm=2740MB
RSS_SAMPLE t=693.9s rss=2740MB hwm=2740MB
RSS_SAMPLE t=694.2s rss=2740MB hwm=2740MB
RSS_SAMPLE t=694.4s rss=2740MB hwm=2740MB
RSS_SAMPLE t=694.7s rss=2740MB hwm=2740MB
RSS_SAMPLE t=694.9s rss=2740MB hwm=2740MB
RSS_SAMPLE t=695.2s rss=2741MB hwm=2741MB
RSS_SAMPLE t=695.4s rss=2741MB hwm=2741MB
RSS_SAMPLE t=695.7s rss=2741MB hwm=2741MB
RSS_SAMPLE t=695.9s rss=2741MB hwm=2741MB
RSS_SAMPLE t=696.2s rss=2741MB hwm=2741MB
RSS_SAMPLE t=696.4s rss=2741MB hwm=2741MB
RSS_SAMPLE t=696.7s rss=2741MB hwm=2741MB
RSS_SAMPLE t=696.9s rss=2741MB hwm=2741MB
RSS_SAMPLE t=697.2s rss=2741MB hwm=2741MB
RSS_SAMPLE t=697.4s rss=2741MB hwm=2741MB
RSS_SAMPLE t=697.7s rss=2741MB hwm=2741MB
RSS_SAMPLE t=697.9s rss=2741MB hwm=2741MB
RSS_SAMPLE t=698.2s rss=2741MB hwm=2741MB
RSS_SAMPLE t=698.4s rss=2741MB hwm=2741MB
RSS_SAMPLE t=698.7s rss=2741MB hwm=2741MB
RSS_SAMPLE t=698.9s rss=2741MB hwm=2741MB
RSS_SAMPLE t=699.2s rss=2741MB hwm=2741MB
RSS_SAMPLE t=699.4s rss=2741MB hwm=2741MB
RSS_SAMPLE t=699.7s rss=2741MB hwm=2741MB
RSS_SAMPLE t=699.9s rss=2741MB hwm=2741MB
RSS_SAMPLE t=700.2s rss=2741MB hwm=2741MB
RSS_SAMPLE t=700.4s rss=2741MB hwm=2741MB
RSS_SAMPLE t=700.7s rss=2741MB hwm=2741MB
RSS_SAMPLE t=700.9s rss=2741MB hwm=2741MB
RSS_SAMPLE t=701.2s rss=2741MB hwm=2741MB
RSS_SAMPLE t=701.4s rss=2741MB hwm=2741MB
RSS_SAMPLE t=701.7s rss=2741MB hwm=2741MB
RSS_SAMPLE t=701.9s rss=2741MB hwm=2741MB
RSS_SAMPLE t=702.2s rss=2741MB hwm=2741MB
RSS_SAMPLE t=702.4s rss=2741MB hwm=2741MB
RSS_SAMPLE t=702.7s rss=2741MB hwm=2741MB
RSS_SAMPLE t=702.9s rss=2741MB hwm=2741MB
RSS_SAMPLE t=703.2s rss=2741MB hwm=2741MB
RSS_SAMPLE t=703.4s rss=2741MB hwm=2741MB
RSS_SAMPLE t=703.7s rss=2741MB hwm=2741MB
RSS_SAMPLE t=703.9s rss=2741MB hwm=2741MB
RSS_SAMPLE t=704.2s rss=2741MB hwm=2741MB
RSS_SAMPLE t=704.4s rss=2741MB hwm=2741MB
RSS_SAMPLE t=704.7s rss=2741MB hwm=2741MB
RSS_SAMPLE t=704.9s rss=2741MB hwm=2741MB
RSS_SAMPLE t=705.2s rss=2741MB hwm=2741MB
RSS_SAMPLE t=705.4s rss=2741MB hwm=2741MB
RSS_SAMPLE t=705.7s rss=2741MB hwm=2741MB
RSS_SAMPLE t=705.9s rss=2741MB hwm=2741MB
RSS_SAMPLE t=706.2s rss=2741MB hwm=2741MB
RSS_SAMPLE t=706.4s rss=2741MB hwm=2741MB
RSS_SAMPLE t=706.7s rss=2741MB hwm=2741MB
RSS_SAMPLE t=706.9s rss=2741MB hwm=2741MB
RSS_SAMPLE t=707.2s rss=2741MB hwm=2741MB
RSS_SAMPLE t=707.4s rss=2741MB hwm=2741MB
RSS_SAMPLE t=707.7s rss=2741MB hwm=2741MB
RSS_SAMPLE t=707.9s rss=2741MB hwm=2741MB
RSS_SAMPLE t=708.2s rss=2741MB hwm=2741MB
RSS_SAMPLE t=708.4s rss=2741MB hwm=2741MB
RSS_SAMPLE t=708.7s rss=2741MB hwm=2741MB
RSS_SAMPLE t=708.9s rss=2741MB hwm=2741MB
RSS_SAMPLE t=709.2s rss=2741MB hwm=2741MB
RSS_SAMPLE t=709.4s rss=2741MB hwm=2741MB
RSS_SAMPLE t=709.7s rss=2741MB hwm=2741MB
RSS_SAMPLE t=709.9s rss=2741MB hwm=2741MB
RSS_SAMPLE t=710.2s rss=2741MB hwm=2741MB
RSS_SAMPLE t=710.4s rss=2741MB hwm=2741MB
RSS_SAMPLE t=710.7s rss=2741MB hwm=2741MB
RSS_SAMPLE t=710.9s rss=2741MB hwm=2741MB
RSS_SAMPLE t=711.2s rss=2741MB hwm=2741MB
RSS_SAMPLE t=711.4s rss=2741MB hwm=2741MB
RSS_SAMPLE t=711.7s rss=2742MB hwm=2742MB
RSS_SAMPLE t=711.9s rss=2742MB hwm=2742MB
RSS_SAMPLE t=712.2s rss=2742MB hwm=2742MB
RSS_SAMPLE t=712.4s rss=2742MB hwm=2742MB
RSS_SAMPLE t=712.7s rss=2742MB hwm=2742MB
RSS_SAMPLE t=712.9s rss=2742MB hwm=2742MB
RSS_SAMPLE t=713.2s rss=2742MB hwm=2742MB
RSS_SAMPLE t=713.5s rss=2742MB hwm=2742MB
RSS_SAMPLE t=713.7s rss=2742MB hwm=2742MB
RSS_SAMPLE t=714.0s rss=2742MB hwm=2742MB
RSS_SAMPLE t=714.2s rss=2742MB hwm=2742MB
RSS_SAMPLE t=714.5s rss=2742MB hwm=2742MB
RSS_SAMPLE t=714.7s rss=2742MB hwm=2742MB
RSS_SAMPLE t=715.0s rss=2742MB hwm=2742MB
RSS_SAMPLE t=715.2s rss=2742MB hwm=2742MB
RSS_SAMPLE t=715.5s rss=2742MB hwm=2742MB
RSS_SAMPLE t=715.7s rss=2742MB hwm=2742MB
RSS_SAMPLE t=716.0s rss=2742MB hwm=2742MB
RSS_SAMPLE t=716.2s rss=2742MB hwm=2742MB
RSS_SAMPLE t=716.5s rss=2742MB hwm=2742MB
RSS_SAMPLE t=716.7s rss=2742MB hwm=2742MB
RSS_SAMPLE t=717.0s rss=2742MB hwm=2742MB
RSS_SAMPLE t=717.2s rss=2742MB hwm=2742MB
RSS_SAMPLE t=717.5s rss=2742MB hwm=2742MB
RSS_SAMPLE t=717.7s rss=2742MB hwm=2742MB
RSS_SAMPLE t=718.0s rss=2742MB hwm=2742MB
RSS_SAMPLE t=718.2s rss=2742MB hwm=2742MB
RSS_SAMPLE t=718.5s rss=2742MB hwm=2742MB
RSS_SAMPLE t=718.7s rss=2742MB hwm=2742MB
RSS_SAMPLE t=719.0s rss=2742MB hwm=2742MB
RSS_SAMPLE t=719.2s rss=2742MB hwm=2742MB
RSS_SAMPLE t=719.5s rss=2742MB hwm=2742MB
RSS_SAMPLE t=719.7s rss=2742MB hwm=2742MB
RSS_SAMPLE t=720.0s rss=2742MB hwm=2742MB
RSS_SAMPLE t=720.2s rss=2742MB hwm=2742MB
RSS_SAMPLE t=720.5s rss=2742MB hwm=2742MB
RSS_SAMPLE t=720.7s rss=2742MB hwm=2742MB
RSS_SAMPLE t=721.0s rss=2742MB hwm=2742MB
RSS_SAMPLE t=721.2s rss=2742MB hwm=2742MB
RSS_SAMPLE t=721.5s rss=2742MB hwm=2742MB
RSS_SAMPLE t=721.7s rss=2742MB hwm=2742MB
RSS_SAMPLE t=722.0s rss=2742MB hwm=2742MB
RSS_SAMPLE t=722.2s rss=2742MB hwm=2742MB
RSS_SAMPLE t=722.5s rss=2742MB hwm=2742MB
RSS_SAMPLE t=722.7s rss=2742MB hwm=2742MB
RSS_SAMPLE t=723.0s rss=2742MB hwm=2742MB
RSS_SAMPLE t=723.2s rss=2742MB hwm=2742MB
RSS_SAMPLE t=723.5s rss=2742MB hwm=2742MB
RSS_SAMPLE t=723.7s rss=2742MB hwm=2742MB
RSS_SAMPLE t=724.0s rss=2742MB hwm=2742MB
RSS_SAMPLE t=724.2s rss=2742MB hwm=2742MB
RSS_SAMPLE t=724.5s rss=2742MB hwm=2742MB
RSS_SAMPLE t=724.7s rss=2742MB hwm=2742MB
RSS_SAMPLE t=725.0s rss=2742MB hwm=2742MB
RSS_SAMPLE t=725.2s rss=2742MB hwm=2742MB
RSS_SAMPLE t=725.5s rss=2742MB hwm=2742MB
RSS_SAMPLE t=725.7s rss=2742MB hwm=2742MB
RSS_SAMPLE t=726.0s rss=2743MB hwm=2743MB
RSS_SAMPLE t=726.2s rss=2743MB hwm=2743MB
RSS_SAMPLE t=726.5s rss=2743MB hwm=2743MB
RSS_SAMPLE t=726.7s rss=2743MB hwm=2743MB
RSS_SAMPLE t=727.0s rss=2743MB hwm=2743MB
RSS_SAMPLE t=727.2s rss=2743MB hwm=2743MB
RSS_SAMPLE t=727.5s rss=2743MB hwm=2743MB
RSS_SAMPLE t=727.7s rss=2743MB hwm=2743MB
RSS_SAMPLE t=728.0s rss=2743MB hwm=2743MB
RSS_SAMPLE t=728.2s rss=2743MB hwm=2743MB
RSS_SAMPLE t=728.5s rss=2743MB hwm=2743MB
RSS_SAMPLE t=728.7s rss=2743MB hwm=2743MB
RSS_SAMPLE t=729.0s rss=2743MB hwm=2743MB
RSS_SAMPLE t=729.2s rss=2743MB hwm=2743MB
RSS_SAMPLE t=729.5s rss=2743MB hwm=2743MB
RSS_SAMPLE t=729.7s rss=2743MB hwm=2743MB
RSS_SAMPLE t=730.0s rss=2743MB hwm=2743MB
RSS_SAMPLE t=730.2s rss=2743MB hwm=2743MB
RSS_SAMPLE t=730.5s rss=2743MB hwm=2743MB
RSS_SAMPLE t=730.7s rss=2743MB hwm=2743MB
RSS_SAMPLE t=731.0s rss=2743MB hwm=2743MB
RSS_SAMPLE t=731.2s rss=2743MB hwm=2743MB
RSS_SAMPLE t=731.5s rss=2743MB hwm=2743MB
RSS_SAMPLE t=731.7s rss=2743MB hwm=2743MB
RSS_SAMPLE t=732.0s rss=2743MB hwm=2743MB
RSS_SAMPLE t=732.2s rss=2743MB hwm=2743MB
RSS_SAMPLE t=732.5s rss=2743MB hwm=2743MB
RSS_SAMPLE t=732.7s rss=2743MB hwm=2743MB
RSS_SAMPLE t=733.0s rss=2743MB hwm=2743MB
RSS_SAMPLE t=733.2s rss=2743MB hwm=2743MB
RSS_SAMPLE t=733.5s rss=2743MB hwm=2743MB
RSS_SAMPLE t=733.7s rss=2743MB hwm=2743MB
RSS_SAMPLE t=734.0s rss=2743MB hwm=2743MB
RSS_SAMPLE t=734.2s rss=2743MB hwm=2743MB
RSS_SAMPLE t=734.5s rss=2743MB hwm=2743MB
RSS_SAMPLE t=734.7s rss=2743MB hwm=2743MB
RSS_SAMPLE t=735.0s rss=2743MB hwm=2743MB
RSS_SAMPLE t=735.2s rss=2743MB hwm=2743MB
RSS_SAMPLE t=735.5s rss=2743MB hwm=2743MB
RSS_SAMPLE t=735.7s rss=2743MB hwm=2743MB
RSS_SAMPLE t=736.0s rss=2743MB hwm=2743MB
RSS_SAMPLE t=736.2s rss=2743MB hwm=2743MB
RSS_SAMPLE t=736.5s rss=2743MB hwm=2743MB
RSS_SAMPLE t=736.7s rss=2743MB hwm=2743MB
RSS_SAMPLE t=737.0s rss=2743MB hwm=2743MB
RSS_SAMPLE t=737.2s rss=2743MB hwm=2743MB
RSS_SAMPLE t=737.5s rss=2743MB hwm=2743MB
RSS_SAMPLE t=737.7s rss=2743MB hwm=2743MB
RSS_SAMPLE t=738.0s rss=2743MB hwm=2743MB
RSS_SAMPLE t=738.2s rss=2743MB hwm=2743MB
RSS_SAMPLE t=738.5s rss=2743MB hwm=2743MB
RSS_SAMPLE t=738.7s rss=2743MB hwm=2743MB
RSS_SAMPLE t=739.0s rss=2743MB hwm=2743MB
RSS_SAMPLE t=739.2s rss=2743MB hwm=2743MB
RSS_SAMPLE t=739.5s rss=2743MB hwm=2743MB
RSS_SAMPLE t=739.7s rss=2743MB hwm=2743MB
RSS_SAMPLE t=740.0s rss=2743MB hwm=2743MB
RSS_SAMPLE t=740.2s rss=2743MB hwm=2743MB
RSS_SAMPLE t=740.5s rss=2743MB hwm=2743MB
RSS_SAMPLE t=740.7s rss=2743MB hwm=2743MB
RSS_SAMPLE t=741.0s rss=2743MB hwm=2743MB
RSS_SAMPLE t=741.2s rss=2743MB hwm=2743MB
RSS_SAMPLE t=741.5s rss=2743MB hwm=2743MB
RSS_SAMPLE t=741.7s rss=2743MB hwm=2743MB
RSS_SAMPLE t=742.0s rss=2743MB hwm=2743MB
RSS_SAMPLE t=742.2s rss=2743MB hwm=2743MB
RSS_SAMPLE t=742.5s rss=2743MB hwm=2743MB
RSS_SAMPLE t=742.7s rss=2743MB hwm=2743MB
RSS_SAMPLE t=743.0s rss=2743MB hwm=2743MB
RSS_SAMPLE t=743.2s rss=2743MB hwm=2743MB
RSS_SAMPLE t=743.5s rss=2743MB hwm=2743MB
RSS_SAMPLE t=743.7s rss=2743MB hwm=2743MB
RSS_SAMPLE t=744.0s rss=2743MB hwm=2743MB
RSS_SAMPLE t=744.2s rss=2743MB hwm=2743MB
RSS_SAMPLE t=744.5s rss=2743MB hwm=2743MB
RSS_SAMPLE t=744.7s rss=2743MB hwm=2743MB
RSS_SAMPLE t=745.0s rss=2743MB hwm=2743MB
RSS_SAMPLE t=745.2s rss=2743MB hwm=2743MB
RSS_SAMPLE t=745.5s rss=2744MB hwm=2744MB
RSS_SAMPLE t=745.7s rss=2744MB hwm=2744MB
RSS_SAMPLE t=746.0s rss=2744MB hwm=2744MB
RSS_SAMPLE t=746.2s rss=2744MB hwm=2744MB
RSS_SAMPLE t=746.5s rss=2744MB hwm=2744MB
RSS_SAMPLE t=746.7s rss=2744MB hwm=2744MB
RSS_SAMPLE t=747.0s rss=2744MB hwm=2744MB
RSS_SAMPLE t=747.2s rss=2744MB hwm=2744MB
RSS_SAMPLE t=747.5s rss=2744MB hwm=2744MB
RSS_SAMPLE t=747.7s rss=2744MB hwm=2744MB
RSS_SAMPLE t=748.0s rss=2744MB hwm=2744MB
RSS_SAMPLE t=748.2s rss=2744MB hwm=2744MB
RSS_SAMPLE t=748.5s rss=2744MB hwm=2744MB
RSS_SAMPLE t=748.7s rss=2744MB hwm=2744MB
RSS_SAMPLE t=749.0s rss=2744MB hwm=2744MB
RSS_SAMPLE t=749.2s rss=2744MB hwm=2744MB
RSS_SAMPLE t=749.5s rss=2744MB hwm=2744MB
MEM_POOL: workspaces=8 dense_usage_mb=313 n_pipes=2562403
    post_solve_diag[outer=3]: solves=105117 cap_armed=105117 (100.0%) settle_avg=6872 above_sink_avg=87 (1.3%) settle_max=69353
    settle_hist[outer=3]: <100: 31533nets/0.1%work  <1k: 22993nets/1.2%work  <5k: 22157nets/7.8%work  <20k: 14678nets/22.1%work  <60k: 12891nets/61.1%work  >=60k: 865nets/7.8%work
    fanout_hist[outer=3]: fan1: 43710nets/10.7%work  fan2-4: 48279nets/49.4%work  fan5-16: 12974nets/38.9%work  fan17-64: 154nets/1.0%work  fan65-256: 0nets/0.0%work  fan>256: 0nets/0.0%work
    rss_probe[outer=3]: pre_post_solve=2732MB post_post_solve=2744MB after_apply=2744MB
RSS_SAMPLE t=749.7s rss=2744MB hwm=2744MB
    E_decomp: base=9114677.9 eff=3041720683943109.5 cong=3041720674828431.5 cong_share=100.0% sat_pipes=81796 max_util=1144.20  R_buckets: 1-2x=85399 2-10x=20043 10-100x=16012 >=100x=2440949
    E_potential: beckmann=166040379599272.5 history_total=0.0
    SpanCache: epoch=4 entries=3209 lookups=2562403 hits=2559194 misses=3209 hit_rate=99.9%
  DCD   3: nets=105117 line=15588833 energy=38517464572.069 dE=+840542802.277 friction=46710275.0 bins=2.0x(717) excess=283.5 moved=67117 disp=8.427 solves=105117 skip=105117 pops=722365797 theta=0.401 refresh=118473ms dcd=10701ms total=132842ms
    cache_stats: entries=48166721 capacity=86365862 est_mb=746 rss_mb=2744
RSS_SAMPLE t=750.0s rss=2744MB hwm=2744MB
RSS_SAMPLE t=750.2s rss=2745MB hwm=2745MB
RSS_SAMPLE t=750.5s rss=2745MB hwm=2745MB
RSS_SAMPLE t=750.7s rss=2745MB hwm=2745MB
RSS_SAMPLE t=751.0s rss=2745MB hwm=2745MB
RSS_SAMPLE t=751.2s rss=2745MB hwm=2745MB
RSS_SAMPLE t=751.5s rss=2745MB hwm=2745MB
RSS_SAMPLE t=751.7s rss=2745MB hwm=2745MB
RSS_SAMPLE t=752.0s rss=2745MB hwm=2745MB
RSS_SAMPLE t=752.2s rss=2745MB hwm=2745MB
RSS_SAMPLE t=752.5s rss=2745MB hwm=2745MB
RSS_SAMPLE t=752.7s rss=2745MB hwm=2745MB
RSS_SAMPLE t=753.0s rss=2745MB hwm=2745MB
    SwitchMatrix: type_usage_pairs=1539 lookups=3015 hits=1476 dijkstra_calls=1539 avg_us=10.1 total_ms=15.6
PHASE_MARK outer=4 enter=pre_solve rss=2745MB
    rss_probe[outer=4]: pre_refresh_rss=2745MB post_pre_solve_rss=2745MB cache_entries=48166721 cache_cap=86365862 cache_est_mb=746
    pre_solve_diag[outer=4]: solves=0 fallback=0 (0.0%) cap_armed=0 (0.0%) settle_avg=0 settle_max=0 init_count=53
    Overflow: over=79991 (3.1% of used) avg_excess=28.61 max_excess=3648.08 (nc=3672.08 cap=24 span=1)  excess_buckets: <=1=2162 1-5=34208 5-20=25073 >20=18548  by_cap: cap1=1134 cap2=67289 cap3-5=0 cap>5=11568  by_span: s1=639 s2-3=10445 s4-6=1807 s7-12=66186 s>12=914  le1_cross: cap1=780 cap2-5=1183 cap>5=199
    Congestion: pipes=2562403 used=2562403 congested(>50%)=102277 saturated(>90%)=81796 max_util=1144.20 avg_util=0.2766
PHASE_MARK outer=4 enter=dcd_sweep rss=2745MB
RSS_SAMPLE t=753.2s rss=2745MB hwm=2745MB
RSS_SAMPLE t=753.5s rss=2745MB hwm=2745MB
RSS_SAMPLE t=753.7s rss=2745MB hwm=2745MB
RSS_SAMPLE t=754.0s rss=2745MB hwm=2745MB
RSS_SAMPLE t=754.2s rss=2745MB hwm=2745MB
RSS_SAMPLE t=754.5s rss=2745MB hwm=2745MB
RSS_SAMPLE t=754.7s rss=2745MB hwm=2745MB
RSS_SAMPLE t=755.0s rss=2745MB hwm=2745MB
RSS_SAMPLE t=755.2s rss=2745MB hwm=2745MB
RSS_SAMPLE t=755.5s rss=2745MB hwm=2745MB
RSS_SAMPLE t=755.7s rss=2745MB hwm=2745MB
RSS_SAMPLE t=756.0s rss=2745MB hwm=2745MB
RSS_SAMPLE t=756.2s rss=2745MB hwm=2745MB
RSS_SAMPLE t=756.5s rss=2745MB hwm=2745MB
RSS_SAMPLE t=756.7s rss=2745MB hwm=2745MB
RSS_SAMPLE t=757.0s rss=2745MB hwm=2745MB
RSS_SAMPLE t=757.2s rss=2745MB hwm=2745MB
RSS_SAMPLE t=757.5s rss=2745MB hwm=2745MB
RSS_SAMPLE t=757.7s rss=2745MB hwm=2745MB
RSS_SAMPLE t=758.0s rss=2745MB hwm=2745MB
RSS_SAMPLE t=758.2s rss=2745MB hwm=2745MB
RSS_SAMPLE t=758.5s rss=2745MB hwm=2745MB
RSS_SAMPLE t=758.7s rss=2745MB hwm=2745MB
RSS_SAMPLE t=759.0s rss=2745MB hwm=2745MB
RSS_SAMPLE t=759.2s rss=2745MB hwm=2745MB
RSS_SAMPLE t=759.5s rss=2745MB hwm=2745MB
RSS_SAMPLE t=759.7s rss=2745MB hwm=2745MB
RSS_SAMPLE t=760.0s rss=2745MB hwm=2745MB
RSS_SAMPLE t=760.2s rss=2745MB hwm=2745MB
RSS_SAMPLE t=760.5s rss=2745MB hwm=2745MB
RSS_SAMPLE t=760.7s rss=2745MB hwm=2745MB
RSS_SAMPLE t=761.0s rss=2745MB hwm=2745MB
RSS_SAMPLE t=761.2s rss=2745MB hwm=2745MB
PHASE_MARK outer=4 leave=dcd_sweep rss=2745MB
PHASE_MARK outer=4 enter=post_refresh rss=2745MB
RSS_SAMPLE t=761.5s rss=2747MB hwm=2747MB
RSS_SAMPLE t=761.7s rss=2747MB hwm=2747MB
RSS_SAMPLE t=762.0s rss=2747MB hwm=2747MB
RSS_SAMPLE t=762.2s rss=2747MB hwm=2747MB
RSS_SAMPLE t=762.5s rss=2747MB hwm=2747MB
RSS_SAMPLE t=762.7s rss=2747MB hwm=2747MB
RSS_SAMPLE t=763.0s rss=2747MB hwm=2747MB
RSS_SAMPLE t=763.2s rss=2747MB hwm=2747MB
RSS_SAMPLE t=763.5s rss=2747MB hwm=2747MB
RSS_SAMPLE t=763.7s rss=2747MB hwm=2747MB
RSS_SAMPLE t=764.0s rss=2747MB hwm=2747MB
RSS_SAMPLE t=764.2s rss=2747MB hwm=2747MB
RSS_SAMPLE t=764.5s rss=2747MB hwm=2747MB
RSS_SAMPLE t=764.7s rss=2748MB hwm=2748MB
RSS_SAMPLE t=765.0s rss=2748MB hwm=2748MB
RSS_SAMPLE t=765.2s rss=2749MB hwm=2749MB
RSS_SAMPLE t=765.5s rss=2749MB hwm=2749MB
RSS_SAMPLE t=765.7s rss=2750MB hwm=2750MB
RSS_SAMPLE t=766.0s rss=2750MB hwm=2750MB
RSS_SAMPLE t=766.2s rss=2751MB hwm=2751MB
RSS_SAMPLE t=766.5s rss=2751MB hwm=2751MB
RSS_SAMPLE t=766.7s rss=2751MB hwm=2751MB
RSS_SAMPLE t=767.0s rss=2752MB hwm=2752MB
RSS_SAMPLE t=767.2s rss=2752MB hwm=2752MB
RSS_SAMPLE t=767.5s rss=2752MB hwm=2752MB
RSS_SAMPLE t=767.7s rss=2753MB hwm=2753MB
RSS_SAMPLE t=768.0s rss=2753MB hwm=2753MB
RSS_SAMPLE t=768.2s rss=2754MB hwm=2754MB
RSS_SAMPLE t=768.5s rss=2754MB hwm=2754MB
RSS_SAMPLE t=768.7s rss=2755MB hwm=2755MB
RSS_SAMPLE t=769.0s rss=2755MB hwm=2755MB
RSS_SAMPLE t=769.2s rss=2756MB hwm=2756MB
RSS_SAMPLE t=769.5s rss=2756MB hwm=2756MB
RSS_SAMPLE t=769.7s rss=2756MB hwm=2756MB
RSS_SAMPLE t=770.0s rss=2757MB hwm=2757MB
RSS_SAMPLE t=770.2s rss=2757MB hwm=2757MB
RSS_SAMPLE t=770.5s rss=2758MB hwm=2758MB
RSS_SAMPLE t=770.7s rss=2758MB hwm=2758MB
RSS_SAMPLE t=771.0s rss=2758MB hwm=2758MB
RSS_SAMPLE t=771.2s rss=2759MB hwm=2759MB
RSS_SAMPLE t=771.5s rss=2759MB hwm=2759MB
RSS_SAMPLE t=771.7s rss=2760MB hwm=2760MB
RSS_SAMPLE t=772.0s rss=2760MB hwm=2760MB
RSS_SAMPLE t=772.2s rss=2760MB hwm=2760MB
RSS_SAMPLE t=772.5s rss=2760MB hwm=2760MB
RSS_SAMPLE t=772.7s rss=2760MB hwm=2760MB
RSS_SAMPLE t=773.0s rss=2760MB hwm=2760MB
RSS_SAMPLE t=773.2s rss=2760MB hwm=2760MB
RSS_SAMPLE t=773.5s rss=2761MB hwm=2761MB
RSS_SAMPLE t=773.7s rss=2761MB hwm=2761MB
RSS_SAMPLE t=774.0s rss=2761MB hwm=2761MB
RSS_SAMPLE t=774.2s rss=2761MB hwm=2761MB
RSS_SAMPLE t=774.5s rss=2761MB hwm=2761MB
RSS_SAMPLE t=774.7s rss=2761MB hwm=2761MB
RSS_SAMPLE t=775.0s rss=2761MB hwm=2761MB
RSS_SAMPLE t=775.2s rss=2761MB hwm=2761MB
RSS_SAMPLE t=775.5s rss=2761MB hwm=2761MB
RSS_SAMPLE t=775.7s rss=2761MB hwm=2761MB
RSS_SAMPLE t=776.0s rss=2762MB hwm=2762MB
RSS_SAMPLE t=776.2s rss=2762MB hwm=2762MB
RSS_SAMPLE t=776.5s rss=2762MB hwm=2762MB
RSS_SAMPLE t=776.7s rss=2762MB hwm=2762MB
RSS_SAMPLE t=777.0s rss=2762MB hwm=2762MB
RSS_SAMPLE t=777.2s rss=2762MB hwm=2762MB
RSS_SAMPLE t=777.5s rss=2762MB hwm=2762MB
RSS_SAMPLE t=777.7s rss=2762MB hwm=2762MB
RSS_SAMPLE t=778.0s rss=2762MB hwm=2762MB
RSS_SAMPLE t=778.2s rss=2762MB hwm=2762MB
RSS_SAMPLE t=778.5s rss=2762MB hwm=2762MB
RSS_SAMPLE t=778.7s rss=2762MB hwm=2762MB
RSS_SAMPLE t=779.0s rss=2762MB hwm=2762MB
RSS_SAMPLE t=779.2s rss=2762MB hwm=2762MB
RSS_SAMPLE t=779.5s rss=2762MB hwm=2762MB
RSS_SAMPLE t=779.7s rss=2762MB hwm=2762MB
RSS_SAMPLE t=780.0s rss=2762MB hwm=2762MB
RSS_SAMPLE t=780.2s rss=2762MB hwm=2762MB
RSS_SAMPLE t=780.5s rss=2762MB hwm=2762MB
RSS_SAMPLE t=780.7s rss=2762MB hwm=2762MB
RSS_SAMPLE t=781.0s rss=2762MB hwm=2762MB
RSS_SAMPLE t=781.2s rss=2762MB hwm=2762MB
RSS_SAMPLE t=781.5s rss=2762MB hwm=2762MB
RSS_SAMPLE t=781.7s rss=2762MB hwm=2762MB
RSS_SAMPLE t=782.0s rss=2762MB hwm=2762MB
RSS_SAMPLE t=782.2s rss=2762MB hwm=2762MB
RSS_SAMPLE t=782.5s rss=2762MB hwm=2762MB
RSS_SAMPLE t=782.7s rss=2762MB hwm=2762MB
RSS_SAMPLE t=783.0s rss=2762MB hwm=2762MB
RSS_SAMPLE t=783.2s rss=2762MB hwm=2762MB
RSS_SAMPLE t=783.5s rss=2762MB hwm=2762MB
RSS_SAMPLE t=783.7s rss=2762MB hwm=2762MB
RSS_SAMPLE t=784.0s rss=2762MB hwm=2762MB
RSS_SAMPLE t=784.2s rss=2762MB hwm=2762MB
RSS_SAMPLE t=784.5s rss=2762MB hwm=2762MB
RSS_SAMPLE t=784.8s rss=2762MB hwm=2762MB
RSS_SAMPLE t=785.0s rss=2762MB hwm=2762MB
RSS_SAMPLE t=785.3s rss=2762MB hwm=2762MB
RSS_SAMPLE t=785.5s rss=2762MB hwm=2762MB
RSS_SAMPLE t=785.8s rss=2762MB hwm=2762MB
RSS_SAMPLE t=786.0s rss=2762MB hwm=2762MB
RSS_SAMPLE t=786.3s rss=2762MB hwm=2762MB
RSS_SAMPLE t=786.5s rss=2762MB hwm=2762MB
RSS_SAMPLE t=786.8s rss=2763MB hwm=2763MB
RSS_SAMPLE t=787.0s rss=2763MB hwm=2763MB
RSS_SAMPLE t=787.3s rss=2763MB hwm=2763MB
RSS_SAMPLE t=787.5s rss=2763MB hwm=2763MB
RSS_SAMPLE t=787.8s rss=2763MB hwm=2763MB
RSS_SAMPLE t=788.0s rss=2763MB hwm=2763MB
RSS_SAMPLE t=788.3s rss=2763MB hwm=2763MB
RSS_SAMPLE t=788.5s rss=2763MB hwm=2763MB
RSS_SAMPLE t=788.8s rss=2764MB hwm=2764MB
RSS_SAMPLE t=789.0s rss=2764MB hwm=2764MB
RSS_SAMPLE t=789.3s rss=2764MB hwm=2764MB
RSS_SAMPLE t=789.5s rss=2764MB hwm=2764MB
RSS_SAMPLE t=789.8s rss=2764MB hwm=2764MB
RSS_SAMPLE t=790.0s rss=2764MB hwm=2764MB
RSS_SAMPLE t=790.3s rss=2764MB hwm=2764MB
RSS_SAMPLE t=790.5s rss=2764MB hwm=2764MB
RSS_SAMPLE t=790.8s rss=2764MB hwm=2764MB
RSS_SAMPLE t=791.0s rss=2764MB hwm=2764MB
RSS_SAMPLE t=791.3s rss=2764MB hwm=2764MB
RSS_SAMPLE t=791.5s rss=2764MB hwm=2764MB
RSS_SAMPLE t=791.8s rss=2764MB hwm=2764MB
RSS_SAMPLE t=792.0s rss=2764MB hwm=2764MB
RSS_SAMPLE t=792.3s rss=2764MB hwm=2764MB
RSS_SAMPLE t=792.5s rss=2764MB hwm=2764MB
RSS_SAMPLE t=792.8s rss=2764MB hwm=2764MB
RSS_SAMPLE t=793.0s rss=2764MB hwm=2764MB
RSS_SAMPLE t=793.3s rss=2764MB hwm=2764MB
RSS_SAMPLE t=793.5s rss=2764MB hwm=2764MB
RSS_SAMPLE t=793.8s rss=2764MB hwm=2764MB
RSS_SAMPLE t=794.0s rss=2764MB hwm=2764MB
RSS_SAMPLE t=794.3s rss=2764MB hwm=2764MB
RSS_SAMPLE t=794.5s rss=2764MB hwm=2764MB
RSS_SAMPLE t=794.8s rss=2764MB hwm=2764MB
RSS_SAMPLE t=795.0s rss=2764MB hwm=2764MB
RSS_SAMPLE t=795.3s rss=2764MB hwm=2764MB
RSS_SAMPLE t=795.5s rss=2764MB hwm=2764MB
RSS_SAMPLE t=795.8s rss=2764MB hwm=2764MB
RSS_SAMPLE t=796.0s rss=2764MB hwm=2764MB
RSS_SAMPLE t=796.3s rss=2764MB hwm=2764MB
RSS_SAMPLE t=796.5s rss=2764MB hwm=2764MB
RSS_SAMPLE t=796.8s rss=2764MB hwm=2764MB
RSS_SAMPLE t=797.0s rss=2764MB hwm=2764MB
RSS_SAMPLE t=797.3s rss=2764MB hwm=2764MB
RSS_SAMPLE t=797.5s rss=2764MB hwm=2764MB
RSS_SAMPLE t=797.8s rss=2764MB hwm=2764MB
RSS_SAMPLE t=798.0s rss=2764MB hwm=2764MB
RSS_SAMPLE t=798.3s rss=2764MB hwm=2764MB
RSS_SAMPLE t=798.5s rss=2764MB hwm=2764MB
RSS_SAMPLE t=798.8s rss=2764MB hwm=2764MB
RSS_SAMPLE t=799.0s rss=2764MB hwm=2764MB
RSS_SAMPLE t=799.3s rss=2764MB hwm=2764MB
RSS_SAMPLE t=799.5s rss=2764MB hwm=2764MB
RSS_SAMPLE t=799.8s rss=2764MB hwm=2764MB
RSS_SAMPLE t=800.0s rss=2764MB hwm=2764MB
RSS_SAMPLE t=800.3s rss=2764MB hwm=2764MB
RSS_SAMPLE t=800.5s rss=2764MB hwm=2764MB
RSS_SAMPLE t=800.8s rss=2764MB hwm=2764MB
RSS_SAMPLE t=801.0s rss=2764MB hwm=2764MB
RSS_SAMPLE t=801.3s rss=2764MB hwm=2764MB
RSS_SAMPLE t=801.5s rss=2764MB hwm=2764MB
RSS_SAMPLE t=801.8s rss=2764MB hwm=2764MB
RSS_SAMPLE t=802.0s rss=2764MB hwm=2764MB
RSS_SAMPLE t=802.3s rss=2764MB hwm=2764MB
RSS_SAMPLE t=802.5s rss=2764MB hwm=2764MB
RSS_SAMPLE t=802.8s rss=2764MB hwm=2764MB
RSS_SAMPLE t=803.0s rss=2764MB hwm=2764MB
RSS_SAMPLE t=803.3s rss=2764MB hwm=2764MB
RSS_SAMPLE t=803.5s rss=2764MB hwm=2764MB
RSS_SAMPLE t=803.8s rss=2764MB hwm=2764MB
RSS_SAMPLE t=804.0s rss=2764MB hwm=2764MB
RSS_SAMPLE t=804.3s rss=2764MB hwm=2764MB
RSS_SAMPLE t=804.5s rss=2764MB hwm=2764MB
RSS_SAMPLE t=804.8s rss=2764MB hwm=2764MB
RSS_SAMPLE t=805.0s rss=2764MB hwm=2764MB
RSS_SAMPLE t=805.3s rss=2764MB hwm=2764MB
RSS_SAMPLE t=805.5s rss=2765MB hwm=2765MB
RSS_SAMPLE t=805.8s rss=2765MB hwm=2765MB
RSS_SAMPLE t=806.0s rss=2765MB hwm=2765MB
RSS_SAMPLE t=806.3s rss=2765MB hwm=2765MB
RSS_SAMPLE t=806.5s rss=2765MB hwm=2765MB
RSS_SAMPLE t=806.8s rss=2765MB hwm=2765MB
RSS_SAMPLE t=807.0s rss=2765MB hwm=2765MB
RSS_SAMPLE t=807.3s rss=2765MB hwm=2765MB
RSS_SAMPLE t=807.5s rss=2765MB hwm=2765MB
RSS_SAMPLE t=807.8s rss=2765MB hwm=2765MB
RSS_SAMPLE t=808.0s rss=2765MB hwm=2765MB
RSS_SAMPLE t=808.3s rss=2765MB hwm=2765MB
RSS_SAMPLE t=808.5s rss=2765MB hwm=2765MB
RSS_SAMPLE t=808.8s rss=2765MB hwm=2765MB
RSS_SAMPLE t=809.0s rss=2765MB hwm=2765MB
RSS_SAMPLE t=809.3s rss=2765MB hwm=2765MB
RSS_SAMPLE t=809.5s rss=2765MB hwm=2765MB
RSS_SAMPLE t=809.8s rss=2765MB hwm=2765MB
RSS_SAMPLE t=810.0s rss=2765MB hwm=2765MB
RSS_SAMPLE t=810.3s rss=2765MB hwm=2765MB
RSS_SAMPLE t=810.5s rss=2765MB hwm=2765MB
RSS_SAMPLE t=810.8s rss=2765MB hwm=2765MB
RSS_SAMPLE t=811.0s rss=2765MB hwm=2765MB
RSS_SAMPLE t=811.3s rss=2765MB hwm=2765MB
RSS_SAMPLE t=811.5s rss=2765MB hwm=2765MB
RSS_SAMPLE t=811.8s rss=2766MB hwm=2766MB
RSS_SAMPLE t=812.0s rss=2766MB hwm=2766MB
RSS_SAMPLE t=812.3s rss=2766MB hwm=2766MB
RSS_SAMPLE t=812.5s rss=2766MB hwm=2766MB
RSS_SAMPLE t=812.8s rss=2766MB hwm=2766MB
RSS_SAMPLE t=813.0s rss=2766MB hwm=2766MB
RSS_SAMPLE t=813.3s rss=2766MB hwm=2766MB
RSS_SAMPLE t=813.5s rss=2766MB hwm=2766MB
RSS_SAMPLE t=813.8s rss=2766MB hwm=2766MB
RSS_SAMPLE t=814.0s rss=2766MB hwm=2766MB
RSS_SAMPLE t=814.3s rss=2766MB hwm=2766MB
RSS_SAMPLE t=814.5s rss=2766MB hwm=2766MB
RSS_SAMPLE t=814.8s rss=2766MB hwm=2766MB
RSS_SAMPLE t=815.0s rss=2766MB hwm=2766MB
RSS_SAMPLE t=815.3s rss=2766MB hwm=2766MB
RSS_SAMPLE t=815.5s rss=2766MB hwm=2766MB
RSS_SAMPLE t=815.8s rss=2766MB hwm=2766MB
RSS_SAMPLE t=816.0s rss=2766MB hwm=2766MB
RSS_SAMPLE t=816.3s rss=2766MB hwm=2766MB
RSS_SAMPLE t=816.5s rss=2766MB hwm=2766MB
RSS_SAMPLE t=816.8s rss=2766MB hwm=2766MB
RSS_SAMPLE t=817.0s rss=2766MB hwm=2766MB
RSS_SAMPLE t=817.3s rss=2767MB hwm=2767MB
RSS_SAMPLE t=817.5s rss=2767MB hwm=2767MB
RSS_SAMPLE t=817.8s rss=2767MB hwm=2767MB
RSS_SAMPLE t=818.0s rss=2767MB hwm=2767MB
RSS_SAMPLE t=818.3s rss=2767MB hwm=2767MB
RSS_SAMPLE t=818.5s rss=2767MB hwm=2767MB
RSS_SAMPLE t=818.8s rss=2767MB hwm=2767MB
RSS_SAMPLE t=819.0s rss=2767MB hwm=2767MB
RSS_SAMPLE t=819.3s rss=2767MB hwm=2767MB
RSS_SAMPLE t=819.5s rss=2767MB hwm=2767MB
RSS_SAMPLE t=819.8s rss=2767MB hwm=2767MB
RSS_SAMPLE t=820.0s rss=2767MB hwm=2767MB
RSS_SAMPLE t=820.3s rss=2767MB hwm=2767MB
RSS_SAMPLE t=820.5s rss=2767MB hwm=2767MB
RSS_SAMPLE t=820.8s rss=2767MB hwm=2767MB
RSS_SAMPLE t=821.0s rss=2767MB hwm=2767MB
RSS_SAMPLE t=821.3s rss=2767MB hwm=2767MB
RSS_SAMPLE t=821.5s rss=2767MB hwm=2767MB
RSS_SAMPLE t=821.8s rss=2767MB hwm=2767MB
RSS_SAMPLE t=822.0s rss=2767MB hwm=2767MB
RSS_SAMPLE t=822.3s rss=2767MB hwm=2767MB
RSS_SAMPLE t=822.5s rss=2767MB hwm=2767MB
RSS_SAMPLE t=822.8s rss=2767MB hwm=2767MB
RSS_SAMPLE t=823.0s rss=2767MB hwm=2767MB
RSS_SAMPLE t=823.3s rss=2767MB hwm=2767MB
RSS_SAMPLE t=823.5s rss=2767MB hwm=2767MB
RSS_SAMPLE t=823.8s rss=2768MB hwm=2768MB
RSS_SAMPLE t=824.0s rss=2768MB hwm=2768MB
RSS_SAMPLE t=824.3s rss=2768MB hwm=2768MB
RSS_SAMPLE t=824.5s rss=2768MB hwm=2768MB
RSS_SAMPLE t=824.8s rss=2768MB hwm=2768MB
RSS_SAMPLE t=825.0s rss=2768MB hwm=2768MB
RSS_SAMPLE t=825.3s rss=2768MB hwm=2768MB
RSS_SAMPLE t=825.5s rss=2768MB hwm=2768MB
RSS_SAMPLE t=825.8s rss=2768MB hwm=2768MB
RSS_SAMPLE t=826.0s rss=2768MB hwm=2768MB
RSS_SAMPLE t=826.3s rss=2768MB hwm=2768MB
RSS_SAMPLE t=826.5s rss=2768MB hwm=2768MB
RSS_SAMPLE t=826.8s rss=2768MB hwm=2768MB
RSS_SAMPLE t=827.0s rss=2768MB hwm=2768MB
RSS_SAMPLE t=827.3s rss=2768MB hwm=2768MB
RSS_SAMPLE t=827.5s rss=2768MB hwm=2768MB
RSS_SAMPLE t=827.8s rss=2768MB hwm=2768MB
RSS_SAMPLE t=828.0s rss=2768MB hwm=2768MB
RSS_SAMPLE t=828.3s rss=2768MB hwm=2768MB
RSS_SAMPLE t=828.5s rss=2768MB hwm=2768MB
RSS_SAMPLE t=828.8s rss=2768MB hwm=2768MB
RSS_SAMPLE t=829.0s rss=2768MB hwm=2768MB
RSS_SAMPLE t=829.3s rss=2769MB hwm=2769MB
RSS_SAMPLE t=829.5s rss=2769MB hwm=2769MB
RSS_SAMPLE t=829.8s rss=2769MB hwm=2769MB
RSS_SAMPLE t=830.0s rss=2769MB hwm=2769MB
RSS_SAMPLE t=830.3s rss=2769MB hwm=2769MB
RSS_SAMPLE t=830.5s rss=2769MB hwm=2769MB
RSS_SAMPLE t=830.8s rss=2769MB hwm=2769MB
RSS_SAMPLE t=831.0s rss=2769MB hwm=2769MB
RSS_SAMPLE t=831.3s rss=2769MB hwm=2769MB
RSS_SAMPLE t=831.5s rss=2769MB hwm=2769MB
RSS_SAMPLE t=831.8s rss=2769MB hwm=2769MB
RSS_SAMPLE t=832.0s rss=2769MB hwm=2769MB
RSS_SAMPLE t=832.3s rss=2769MB hwm=2769MB
RSS_SAMPLE t=832.5s rss=2769MB hwm=2769MB
RSS_SAMPLE t=832.8s rss=2769MB hwm=2769MB
RSS_SAMPLE t=833.0s rss=2769MB hwm=2769MB
RSS_SAMPLE t=833.3s rss=2769MB hwm=2769MB
RSS_SAMPLE t=833.5s rss=2769MB hwm=2769MB
RSS_SAMPLE t=833.8s rss=2769MB hwm=2769MB
RSS_SAMPLE t=834.0s rss=2769MB hwm=2769MB
RSS_SAMPLE t=834.3s rss=2769MB hwm=2769MB
RSS_SAMPLE t=834.5s rss=2769MB hwm=2769MB
RSS_SAMPLE t=834.8s rss=2769MB hwm=2769MB
RSS_SAMPLE t=835.0s rss=2770MB hwm=2770MB
RSS_SAMPLE t=835.3s rss=2770MB hwm=2770MB
RSS_SAMPLE t=835.5s rss=2770MB hwm=2770MB
RSS_SAMPLE t=835.8s rss=2770MB hwm=2770MB
RSS_SAMPLE t=836.0s rss=2770MB hwm=2770MB
RSS_SAMPLE t=836.3s rss=2770MB hwm=2770MB
RSS_SAMPLE t=836.5s rss=2770MB hwm=2770MB
RSS_SAMPLE t=836.8s rss=2770MB hwm=2770MB
RSS_SAMPLE t=837.0s rss=2770MB hwm=2770MB
RSS_SAMPLE t=837.3s rss=2770MB hwm=2770MB
RSS_SAMPLE t=837.5s rss=2770MB hwm=2770MB
RSS_SAMPLE t=837.8s rss=2770MB hwm=2770MB
RSS_SAMPLE t=838.0s rss=2770MB hwm=2770MB
RSS_SAMPLE t=838.3s rss=2770MB hwm=2770MB
RSS_SAMPLE t=838.5s rss=2770MB hwm=2770MB
RSS_SAMPLE t=838.8s rss=2770MB hwm=2770MB
RSS_SAMPLE t=839.0s rss=2770MB hwm=2770MB
RSS_SAMPLE t=839.3s rss=2770MB hwm=2770MB
RSS_SAMPLE t=839.5s rss=2770MB hwm=2770MB
RSS_SAMPLE t=839.8s rss=2770MB hwm=2770MB
RSS_SAMPLE t=840.0s rss=2770MB hwm=2770MB
RSS_SAMPLE t=840.3s rss=2770MB hwm=2770MB
RSS_SAMPLE t=840.5s rss=2770MB hwm=2770MB
RSS_SAMPLE t=840.8s rss=2770MB hwm=2770MB
RSS_SAMPLE t=841.0s rss=2770MB hwm=2770MB
RSS_SAMPLE t=841.3s rss=2770MB hwm=2770MB
RSS_SAMPLE t=841.5s rss=2770MB hwm=2770MB
RSS_SAMPLE t=841.8s rss=2770MB hwm=2770MB
RSS_SAMPLE t=842.0s rss=2770MB hwm=2770MB
RSS_SAMPLE t=842.3s rss=2770MB hwm=2770MB
RSS_SAMPLE t=842.5s rss=2770MB hwm=2770MB
RSS_SAMPLE t=842.8s rss=2770MB hwm=2770MB
RSS_SAMPLE t=843.0s rss=2770MB hwm=2770MB
RSS_SAMPLE t=843.3s rss=2770MB hwm=2770MB
RSS_SAMPLE t=843.5s rss=2770MB hwm=2770MB
RSS_SAMPLE t=843.8s rss=2770MB hwm=2770MB
RSS_SAMPLE t=844.0s rss=2770MB hwm=2770MB
RSS_SAMPLE t=844.3s rss=2770MB hwm=2770MB
RSS_SAMPLE t=844.5s rss=2770MB hwm=2770MB
RSS_SAMPLE t=844.8s rss=2770MB hwm=2770MB
RSS_SAMPLE t=845.0s rss=2770MB hwm=2770MB
RSS_SAMPLE t=845.3s rss=2770MB hwm=2770MB
RSS_SAMPLE t=845.5s rss=2770MB hwm=2770MB
RSS_SAMPLE t=845.8s rss=2770MB hwm=2770MB
RSS_SAMPLE t=846.0s rss=2770MB hwm=2770MB
RSS_SAMPLE t=846.3s rss=2770MB hwm=2770MB
RSS_SAMPLE t=846.5s rss=2770MB hwm=2770MB
RSS_SAMPLE t=846.8s rss=2770MB hwm=2770MB
RSS_SAMPLE t=847.0s rss=2770MB hwm=2770MB
RSS_SAMPLE t=847.3s rss=2770MB hwm=2770MB
RSS_SAMPLE t=847.5s rss=2770MB hwm=2770MB
RSS_SAMPLE t=847.8s rss=2770MB hwm=2770MB
RSS_SAMPLE t=848.0s rss=2770MB hwm=2770MB
RSS_SAMPLE t=848.3s rss=2770MB hwm=2770MB
RSS_SAMPLE t=848.5s rss=2770MB hwm=2770MB
RSS_SAMPLE t=848.8s rss=2770MB hwm=2770MB
RSS_SAMPLE t=849.0s rss=2770MB hwm=2770MB
RSS_SAMPLE t=849.3s rss=2770MB hwm=2770MB
RSS_SAMPLE t=849.5s rss=2770MB hwm=2770MB
RSS_SAMPLE t=849.8s rss=2770MB hwm=2770MB
RSS_SAMPLE t=850.0s rss=2771MB hwm=2771MB
RSS_SAMPLE t=850.3s rss=2771MB hwm=2771MB
RSS_SAMPLE t=850.5s rss=2771MB hwm=2771MB
RSS_SAMPLE t=850.8s rss=2771MB hwm=2771MB
RSS_SAMPLE t=851.0s rss=2771MB hwm=2771MB
RSS_SAMPLE t=851.3s rss=2771MB hwm=2771MB
RSS_SAMPLE t=851.5s rss=2771MB hwm=2771MB
RSS_SAMPLE t=851.8s rss=2771MB hwm=2771MB
RSS_SAMPLE t=852.0s rss=2771MB hwm=2771MB
RSS_SAMPLE t=852.3s rss=2771MB hwm=2771MB
RSS_SAMPLE t=852.5s rss=2771MB hwm=2771MB
RSS_SAMPLE t=852.8s rss=2771MB hwm=2771MB
RSS_SAMPLE t=853.0s rss=2771MB hwm=2771MB
RSS_SAMPLE t=853.3s rss=2771MB hwm=2771MB
RSS_SAMPLE t=853.5s rss=2771MB hwm=2771MB
RSS_SAMPLE t=853.8s rss=2771MB hwm=2771MB
RSS_SAMPLE t=854.0s rss=2771MB hwm=2771MB
RSS_SAMPLE t=854.3s rss=2771MB hwm=2771MB
RSS_SAMPLE t=854.5s rss=2771MB hwm=2771MB
RSS_SAMPLE t=854.8s rss=2771MB hwm=2771MB
RSS_SAMPLE t=855.0s rss=2771MB hwm=2771MB
RSS_SAMPLE t=855.3s rss=2771MB hwm=2771MB
RSS_SAMPLE t=855.5s rss=2771MB hwm=2771MB
RSS_SAMPLE t=855.8s rss=2771MB hwm=2771MB
RSS_SAMPLE t=856.0s rss=2771MB hwm=2771MB
RSS_SAMPLE t=856.3s rss=2771MB hwm=2771MB
RSS_SAMPLE t=856.5s rss=2771MB hwm=2771MB
RSS_SAMPLE t=856.8s rss=2771MB hwm=2771MB
RSS_SAMPLE t=857.0s rss=2771MB hwm=2771MB
RSS_SAMPLE t=857.3s rss=2771MB hwm=2771MB
RSS_SAMPLE t=857.5s rss=2771MB hwm=2771MB
RSS_SAMPLE t=857.8s rss=2771MB hwm=2771MB
RSS_SAMPLE t=858.0s rss=2771MB hwm=2771MB
RSS_SAMPLE t=858.3s rss=2771MB hwm=2771MB
RSS_SAMPLE t=858.5s rss=2771MB hwm=2771MB
RSS_SAMPLE t=858.8s rss=2771MB hwm=2771MB
RSS_SAMPLE t=859.0s rss=2771MB hwm=2771MB
RSS_SAMPLE t=859.3s rss=2771MB hwm=2771MB
RSS_SAMPLE t=859.5s rss=2771MB hwm=2771MB
RSS_SAMPLE t=859.8s rss=2771MB hwm=2771MB
RSS_SAMPLE t=860.0s rss=2771MB hwm=2771MB
RSS_SAMPLE t=860.3s rss=2771MB hwm=2771MB
RSS_SAMPLE t=860.5s rss=2771MB hwm=2771MB
RSS_SAMPLE t=860.8s rss=2771MB hwm=2771MB
RSS_SAMPLE t=861.0s rss=2771MB hwm=2771MB
RSS_SAMPLE t=861.3s rss=2771MB hwm=2771MB
RSS_SAMPLE t=861.5s rss=2771MB hwm=2771MB
RSS_SAMPLE t=861.8s rss=2771MB hwm=2771MB
RSS_SAMPLE t=862.0s rss=2771MB hwm=2771MB
RSS_SAMPLE t=862.3s rss=2771MB hwm=2771MB
RSS_SAMPLE t=862.5s rss=2771MB hwm=2771MB
RSS_SAMPLE t=862.8s rss=2771MB hwm=2771MB
RSS_SAMPLE t=863.0s rss=2771MB hwm=2771MB
RSS_SAMPLE t=863.3s rss=2771MB hwm=2771MB
RSS_SAMPLE t=863.5s rss=2771MB hwm=2771MB
RSS_SAMPLE t=863.8s rss=2771MB hwm=2771MB
RSS_SAMPLE t=864.0s rss=2771MB hwm=2771MB
RSS_SAMPLE t=864.3s rss=2772MB hwm=2772MB
RSS_SAMPLE t=864.5s rss=2772MB hwm=2772MB
RSS_SAMPLE t=864.8s rss=2772MB hwm=2772MB
RSS_SAMPLE t=865.0s rss=2772MB hwm=2772MB
RSS_SAMPLE t=865.3s rss=2772MB hwm=2772MB
RSS_SAMPLE t=865.5s rss=2772MB hwm=2772MB
RSS_SAMPLE t=865.8s rss=2772MB hwm=2772MB
RSS_SAMPLE t=866.0s rss=2772MB hwm=2772MB
RSS_SAMPLE t=866.3s rss=2772MB hwm=2772MB
RSS_SAMPLE t=866.5s rss=2772MB hwm=2772MB
RSS_SAMPLE t=866.8s rss=2772MB hwm=2772MB
RSS_SAMPLE t=867.0s rss=2772MB hwm=2772MB
RSS_SAMPLE t=867.3s rss=2772MB hwm=2772MB
RSS_SAMPLE t=867.5s rss=2772MB hwm=2772MB
RSS_SAMPLE t=867.8s rss=2772MB hwm=2772MB
RSS_SAMPLE t=868.0s rss=2772MB hwm=2772MB
RSS_SAMPLE t=868.3s rss=2772MB hwm=2772MB
RSS_SAMPLE t=868.5s rss=2772MB hwm=2772MB
RSS_SAMPLE t=868.8s rss=2772MB hwm=2772MB
RSS_SAMPLE t=869.0s rss=2772MB hwm=2772MB
RSS_SAMPLE t=869.3s rss=2772MB hwm=2772MB
RSS_SAMPLE t=869.5s rss=2772MB hwm=2772MB
RSS_SAMPLE t=869.8s rss=2772MB hwm=2772MB
RSS_SAMPLE t=870.1s rss=2772MB hwm=2772MB
RSS_SAMPLE t=870.3s rss=2772MB hwm=2772MB
RSS_SAMPLE t=870.6s rss=2772MB hwm=2772MB
RSS_SAMPLE t=870.8s rss=2772MB hwm=2772MB
RSS_SAMPLE t=871.1s rss=2772MB hwm=2772MB
RSS_SAMPLE t=871.3s rss=2772MB hwm=2772MB
MEM_POOL: workspaces=8 dense_usage_mb=313 n_pipes=2562403
    post_solve_diag[outer=4]: solves=105117 cap_armed=105117 (100.0%) settle_avg=6861 above_sink_avg=97 (1.4%) settle_max=69353
    settle_hist[outer=4]: <100: 31740nets/0.1%work  <1k: 22566nets/1.2%work  <5k: 21990nets/7.7%work  <20k: 14928nets/22.3%work  <60k: 13170nets/62.2%work  >=60k: 723nets/6.5%work
    fanout_hist[outer=4]: fan1: 43710nets/11.2%work  fan2-4: 48279nets/49.5%work  fan5-16: 12974nets/38.3%work  fan17-64: 154nets/1.0%work  fan65-256: 0nets/0.0%work  fan>256: 0nets/0.0%work
    rss_probe[outer=4]: pre_post_solve=2747MB post_post_solve=2772MB after_apply=2772MB
    E_decomp: base=8570459.2 eff=416605001352378.7 cong=416604992781919.4 cong_share=100.0% sat_pipes=84735 max_util=1938.02  R_buckets: 1-2x=82367 2-10x=21199 10-100x=21192 >=100x=2437645
    E_potential: beckmann=183909602571655.7 history_total=0.0
    SpanCache: epoch=5 entries=3015 lookups=2562403 hits=2559388 misses=3015 hit_rate=99.9%
  DCD   4: nets=105117 line=15212573 energy=27642420132.505 dE=-10875044439.564 friction=28387584.4 bins=2.0x(569) excess=217.1 moved=66445 disp=7.265 solves=105117 skip=105117 pops=721158824 theta=0.470 refresh=110040ms dcd=8272ms total=121423ms
    cache_stats: entries=49471168 capacity=89009278 est_mb=769 rss_mb=2772
RSS_SAMPLE t=871.6s rss=2772MB hwm=2772MB
RSS_SAMPLE t=871.8s rss=2772MB hwm=2772MB
RSS_SAMPLE t=872.1s rss=2772MB hwm=2772MB
RSS_SAMPLE t=872.3s rss=2772MB hwm=2772MB
RSS_SAMPLE t=872.6s rss=2772MB hwm=2772MB
RSS_SAMPLE t=872.8s rss=2772MB hwm=2772MB
RSS_SAMPLE t=873.1s rss=2772MB hwm=2772MB
RSS_SAMPLE t=873.3s rss=2772MB hwm=2772MB
RSS_SAMPLE t=873.6s rss=2772MB hwm=2772MB
RSS_SAMPLE t=873.8s rss=2772MB hwm=2772MB
RSS_SAMPLE t=874.1s rss=2772MB hwm=2772MB
    SwitchMatrix: type_usage_pairs=1347 lookups=2678 hits=1331 dijkstra_calls=1347 avg_us=11.6 total_ms=15.6
PHASE_MARK outer=5 enter=pre_solve rss=2772MB
    rss_probe[outer=5]: pre_refresh_rss=2772MB post_pre_solve_rss=2772MB cache_entries=49471168 cache_cap=89009278 cache_est_mb=769
    pre_solve_diag[outer=5]: solves=0 fallback=0 (0.0%) cap_armed=0 (0.0%) settle_avg=0 settle_max=0 init_count=62
    Overflow: over=83118 (3.2% of used) avg_excess=25.65 max_excess=1993.03 (nc=2017.03 cap=24 span=1)  excess_buckets: <=1=2525 1-5=30378 5-20=29755 >20=20460  by_cap: cap1=1884 cap2=68143 cap3-5=0 cap>5=13091  by_span: s1=610 s2-3=11967 s4-6=1849 s7-12=66942 s>12=1750  le1_cross: cap1=1076 cap2-5=1265 cap>5=184
    Congestion: pipes=2562403 used=2562403 congested(>50%)=102388 saturated(>90%)=84735 max_util=1938.02 avg_util=0.2539
PHASE_MARK outer=5 enter=dcd_sweep rss=2772MB
RSS_SAMPLE t=874.3s rss=2772MB hwm=2772MB
RSS_SAMPLE t=874.6s rss=2772MB hwm=2772MB
RSS_SAMPLE t=874.8s rss=2772MB hwm=2772MB
RSS_SAMPLE t=875.1s rss=2772MB hwm=2772MB
RSS_SAMPLE t=875.3s rss=2772MB hwm=2772MB
RSS_SAMPLE t=875.6s rss=2772MB hwm=2772MB
RSS_SAMPLE t=875.8s rss=2772MB hwm=2772MB
RSS_SAMPLE t=876.1s rss=2772MB hwm=2772MB
RSS_SAMPLE t=876.3s rss=2772MB hwm=2772MB
RSS_SAMPLE t=876.6s rss=2772MB hwm=2772MB
RSS_SAMPLE t=876.8s rss=2772MB hwm=2772MB
RSS_SAMPLE t=877.1s rss=2772MB hwm=2772MB
RSS_SAMPLE t=877.3s rss=2772MB hwm=2772MB
RSS_SAMPLE t=877.6s rss=2772MB hwm=2772MB
RSS_SAMPLE t=877.8s rss=2772MB hwm=2772MB
RSS_SAMPLE t=878.1s rss=2772MB hwm=2772MB
RSS_SAMPLE t=878.3s rss=2772MB hwm=2772MB
RSS_SAMPLE t=878.6s rss=2772MB hwm=2772MB
RSS_SAMPLE t=878.8s rss=2772MB hwm=2772MB
RSS_SAMPLE t=879.1s rss=2772MB hwm=2772MB
RSS_SAMPLE t=879.3s rss=2772MB hwm=2772MB
RSS_SAMPLE t=879.6s rss=2772MB hwm=2772MB
RSS_SAMPLE t=879.8s rss=2772MB hwm=2772MB
RSS_SAMPLE t=880.1s rss=2772MB hwm=2772MB
RSS_SAMPLE t=880.3s rss=2772MB hwm=2772MB
RSS_SAMPLE t=880.6s rss=2772MB hwm=2772MB
RSS_SAMPLE t=880.8s rss=2772MB hwm=2772MB
RSS_SAMPLE t=881.1s rss=2772MB hwm=2772MB
RSS_SAMPLE t=881.3s rss=2772MB hwm=2772MB
RSS_SAMPLE t=881.6s rss=2772MB hwm=2772MB
RSS_SAMPLE t=881.8s rss=2772MB hwm=2772MB
RSS_SAMPLE t=882.1s rss=2772MB hwm=2772MB
RSS_SAMPLE t=882.3s rss=2772MB hwm=2772MB
RSS_SAMPLE t=882.6s rss=2772MB hwm=2772MB
RSS_SAMPLE t=882.8s rss=2772MB hwm=2772MB
PHASE_MARK outer=5 leave=dcd_sweep rss=2772MB
PHASE_MARK outer=5 enter=post_refresh rss=2772MB
RSS_SAMPLE t=883.1s rss=2773MB hwm=2773MB
RSS_SAMPLE t=883.3s rss=2773MB hwm=2773MB
RSS_SAMPLE t=883.6s rss=2773MB hwm=2773MB
RSS_SAMPLE t=883.8s rss=2773MB hwm=2773MB
RSS_SAMPLE t=884.1s rss=2773MB hwm=2773MB
RSS_SAMPLE t=884.3s rss=2773MB hwm=2773MB
RSS_SAMPLE t=884.6s rss=2773MB hwm=2773MB
RSS_SAMPLE t=884.8s rss=2773MB hwm=2773MB
RSS_SAMPLE t=885.1s rss=2773MB hwm=2773MB
RSS_SAMPLE t=885.3s rss=2773MB hwm=2773MB
RSS_SAMPLE t=885.6s rss=2773MB hwm=2773MB
RSS_SAMPLE t=885.8s rss=2773MB hwm=2773MB
RSS_SAMPLE t=886.1s rss=2773MB hwm=2773MB
RSS_SAMPLE t=886.3s rss=2773MB hwm=2773MB
RSS_SAMPLE t=886.6s rss=2773MB hwm=2773MB
RSS_SAMPLE t=886.8s rss=2773MB hwm=2773MB
RSS_SAMPLE t=887.1s rss=2773MB hwm=2773MB
RSS_SAMPLE t=887.3s rss=2774MB hwm=2774MB
RSS_SAMPLE t=887.6s rss=2774MB hwm=2774MB
RSS_SAMPLE t=887.8s rss=2774MB hwm=2774MB
RSS_SAMPLE t=888.1s rss=2774MB hwm=2774MB
RSS_SAMPLE t=888.3s rss=2774MB hwm=2774MB
RSS_SAMPLE t=888.6s rss=2774MB hwm=2774MB
RSS_SAMPLE t=888.8s rss=2774MB hwm=2774MB
RSS_SAMPLE t=889.1s rss=2774MB hwm=2774MB
RSS_SAMPLE t=889.3s rss=2774MB hwm=2774MB
RSS_SAMPLE t=889.6s rss=2774MB hwm=2774MB
RSS_SAMPLE t=889.8s rss=2774MB hwm=2774MB
RSS_SAMPLE t=890.1s rss=2774MB hwm=2774MB
RSS_SAMPLE t=890.3s rss=2774MB hwm=2774MB
RSS_SAMPLE t=890.6s rss=2774MB hwm=2774MB
RSS_SAMPLE t=890.8s rss=2774MB hwm=2774MB
RSS_SAMPLE t=891.1s rss=2774MB hwm=2774MB
RSS_SAMPLE t=891.3s rss=2774MB hwm=2774MB
RSS_SAMPLE t=891.6s rss=2774MB hwm=2774MB
RSS_SAMPLE t=891.8s rss=2774MB hwm=2774MB
RSS_SAMPLE t=892.1s rss=2774MB hwm=2774MB
RSS_SAMPLE t=892.3s rss=2774MB hwm=2774MB
RSS_SAMPLE t=892.6s rss=2774MB hwm=2774MB
RSS_SAMPLE t=892.8s rss=2774MB hwm=2774MB
RSS_SAMPLE t=893.1s rss=2774MB hwm=2774MB
RSS_SAMPLE t=893.3s rss=2774MB hwm=2774MB
RSS_SAMPLE t=893.6s rss=2774MB hwm=2774MB
RSS_SAMPLE t=893.8s rss=2774MB hwm=2774MB
RSS_SAMPLE t=894.1s rss=2774MB hwm=2774MB
RSS_SAMPLE t=894.3s rss=2774MB hwm=2774MB
RSS_SAMPLE t=894.6s rss=2774MB hwm=2774MB
RSS_SAMPLE t=894.8s rss=2774MB hwm=2774MB
RSS_SAMPLE t=895.1s rss=2774MB hwm=2774MB
RSS_SAMPLE t=895.3s rss=2774MB hwm=2774MB
RSS_SAMPLE t=895.6s rss=2774MB hwm=2774MB
RSS_SAMPLE t=895.8s rss=2774MB hwm=2774MB
RSS_SAMPLE t=896.1s rss=2774MB hwm=2774MB
RSS_SAMPLE t=896.3s rss=2774MB hwm=2774MB
RSS_SAMPLE t=896.6s rss=2775MB hwm=2775MB
RSS_SAMPLE t=896.8s rss=2775MB hwm=2775MB
RSS_SAMPLE t=897.1s rss=2775MB hwm=2775MB
RSS_SAMPLE t=897.3s rss=2775MB hwm=2775MB
RSS_SAMPLE t=897.6s rss=2775MB hwm=2775MB
RSS_SAMPLE t=897.8s rss=2775MB hwm=2775MB
RSS_SAMPLE t=898.1s rss=2775MB hwm=2775MB
RSS_SAMPLE t=898.3s rss=2775MB hwm=2775MB
RSS_SAMPLE t=898.6s rss=2775MB hwm=2775MB
RSS_SAMPLE t=898.8s rss=2775MB hwm=2775MB
RSS_SAMPLE t=899.1s rss=2776MB hwm=2776MB
RSS_SAMPLE t=899.3s rss=2776MB hwm=2776MB
RSS_SAMPLE t=899.6s rss=2776MB hwm=2776MB
RSS_SAMPLE t=899.8s rss=2776MB hwm=2776MB
RSS_SAMPLE t=900.1s rss=2776MB hwm=2776MB
RSS_SAMPLE t=900.3s rss=2776MB hwm=2776MB
RSS_SAMPLE t=900.6s rss=2776MB hwm=2776MB
RSS_SAMPLE t=900.8s rss=2776MB hwm=2776MB
RSS_SAMPLE t=901.1s rss=2777MB hwm=2777MB
RSS_SAMPLE t=901.3s rss=2777MB hwm=2777MB
RSS_SAMPLE t=901.6s rss=2778MB hwm=2778MB
RSS_SAMPLE t=901.8s rss=2778MB hwm=2778MB
RSS_SAMPLE t=902.1s rss=2778MB hwm=2778MB
RSS_SAMPLE t=902.3s rss=2778MB hwm=2778MB
RSS_SAMPLE t=902.6s rss=2778MB hwm=2778MB
RSS_SAMPLE t=902.8s rss=2779MB hwm=2779MB
RSS_SAMPLE t=903.1s rss=2779MB hwm=2779MB
RSS_SAMPLE t=903.3s rss=2779MB hwm=2779MB
RSS_SAMPLE t=903.6s rss=2780MB hwm=2780MB
RSS_SAMPLE t=903.8s rss=2780MB hwm=2780MB
RSS_SAMPLE t=904.1s rss=2780MB hwm=2780MB
RSS_SAMPLE t=904.3s rss=2780MB hwm=2780MB
RSS_SAMPLE t=904.6s rss=2780MB hwm=2780MB
RSS_SAMPLE t=904.8s rss=2780MB hwm=2780MB
RSS_SAMPLE t=905.1s rss=2781MB hwm=2781MB
RSS_SAMPLE t=905.3s rss=2781MB hwm=2781MB
RSS_SAMPLE t=905.6s rss=2781MB hwm=2781MB
RSS_SAMPLE t=905.8s rss=2781MB hwm=2781MB
RSS_SAMPLE t=906.1s rss=2781MB hwm=2781MB
RSS_SAMPLE t=906.3s rss=2782MB hwm=2782MB
RSS_SAMPLE t=906.6s rss=2782MB hwm=2782MB
RSS_SAMPLE t=906.8s rss=2782MB hwm=2782MB
RSS_SAMPLE t=907.1s rss=2782MB hwm=2782MB
RSS_SAMPLE t=907.3s rss=2782MB hwm=2782MB
RSS_SAMPLE t=907.6s rss=2783MB hwm=2783MB
RSS_SAMPLE t=907.8s rss=2783MB hwm=2783MB
RSS_SAMPLE t=908.1s rss=2783MB hwm=2783MB
RSS_SAMPLE t=908.3s rss=2783MB hwm=2783MB
RSS_SAMPLE t=908.6s rss=2783MB hwm=2783MB
RSS_SAMPLE t=908.8s rss=2783MB hwm=2783MB
RSS_SAMPLE t=909.1s rss=2784MB hwm=2784MB
RSS_SAMPLE t=909.3s rss=2784MB hwm=2784MB
RSS_SAMPLE t=909.6s rss=2784MB hwm=2784MB
RSS_SAMPLE t=909.8s rss=2784MB hwm=2784MB
RSS_SAMPLE t=910.1s rss=2784MB hwm=2784MB
RSS_SAMPLE t=910.3s rss=2785MB hwm=2785MB
RSS_SAMPLE t=910.6s rss=2785MB hwm=2785MB
RSS_SAMPLE t=910.8s rss=2785MB hwm=2785MB
RSS_SAMPLE t=911.1s rss=2785MB hwm=2785MB
RSS_SAMPLE t=911.3s rss=2785MB hwm=2785MB
RSS_SAMPLE t=911.6s rss=2786MB hwm=2786MB
RSS_SAMPLE t=911.8s rss=2786MB hwm=2786MB
RSS_SAMPLE t=912.1s rss=2786MB hwm=2786MB
RSS_SAMPLE t=912.3s rss=2786MB hwm=2786MB
RSS_SAMPLE t=912.6s rss=2786MB hwm=2786MB
RSS_SAMPLE t=912.8s rss=2786MB hwm=2786MB
RSS_SAMPLE t=913.1s rss=2786MB hwm=2786MB
RSS_SAMPLE t=913.3s rss=2787MB hwm=2787MB
RSS_SAMPLE t=913.6s rss=2787MB hwm=2787MB
RSS_SAMPLE t=913.8s rss=2787MB hwm=2787MB
RSS_SAMPLE t=914.1s rss=2787MB hwm=2787MB
RSS_SAMPLE t=914.3s rss=2787MB hwm=2787MB
RSS_SAMPLE t=914.6s rss=2787MB hwm=2787MB
RSS_SAMPLE t=914.8s rss=2787MB hwm=2787MB
RSS_SAMPLE t=915.1s rss=2787MB hwm=2787MB
RSS_SAMPLE t=915.3s rss=2787MB hwm=2787MB
RSS_SAMPLE t=915.6s rss=2787MB hwm=2787MB
RSS_SAMPLE t=915.8s rss=2787MB hwm=2787MB
RSS_SAMPLE t=916.1s rss=2787MB hwm=2787MB
RSS_SAMPLE t=916.3s rss=2788MB hwm=2788MB
RSS_SAMPLE t=916.6s rss=2788MB hwm=2788MB
RSS_SAMPLE t=916.8s rss=2788MB hwm=2788MB
RSS_SAMPLE t=917.1s rss=2788MB hwm=2788MB
RSS_SAMPLE t=917.3s rss=2788MB hwm=2788MB
RSS_SAMPLE t=917.6s rss=2788MB hwm=2788MB
RSS_SAMPLE t=917.8s rss=2788MB hwm=2788MB
RSS_SAMPLE t=918.1s rss=2788MB hwm=2788MB
RSS_SAMPLE t=918.3s rss=2788MB hwm=2788MB
RSS_SAMPLE t=918.6s rss=2788MB hwm=2788MB
RSS_SAMPLE t=918.8s rss=2788MB hwm=2788MB
RSS_SAMPLE t=919.1s rss=2788MB hwm=2788MB
RSS_SAMPLE t=919.3s rss=2788MB hwm=2788MB
RSS_SAMPLE t=919.6s rss=2788MB hwm=2788MB
RSS_SAMPLE t=919.8s rss=2788MB hwm=2788MB
RSS_SAMPLE t=920.1s rss=2788MB hwm=2788MB
RSS_SAMPLE t=920.3s rss=2788MB hwm=2788MB
RSS_SAMPLE t=920.6s rss=2788MB hwm=2788MB
RSS_SAMPLE t=920.8s rss=2788MB hwm=2788MB
RSS_SAMPLE t=921.1s rss=2789MB hwm=2789MB
RSS_SAMPLE t=921.3s rss=2789MB hwm=2789MB
RSS_SAMPLE t=921.6s rss=2789MB hwm=2789MB
RSS_SAMPLE t=921.8s rss=2789MB hwm=2789MB
RSS_SAMPLE t=922.1s rss=2789MB hwm=2789MB
RSS_SAMPLE t=922.3s rss=2789MB hwm=2789MB
RSS_SAMPLE t=922.6s rss=2789MB hwm=2789MB
RSS_SAMPLE t=922.8s rss=2789MB hwm=2789MB
RSS_SAMPLE t=923.1s rss=2789MB hwm=2789MB
RSS_SAMPLE t=923.3s rss=2789MB hwm=2789MB
RSS_SAMPLE t=923.6s rss=2789MB hwm=2789MB
RSS_SAMPLE t=923.8s rss=2789MB hwm=2789MB
RSS_SAMPLE t=924.1s rss=2789MB hwm=2789MB
RSS_SAMPLE t=924.3s rss=2789MB hwm=2789MB
RSS_SAMPLE t=924.6s rss=2789MB hwm=2789MB
RSS_SAMPLE t=924.8s rss=2789MB hwm=2789MB
RSS_SAMPLE t=925.1s rss=2789MB hwm=2789MB
RSS_SAMPLE t=925.3s rss=2789MB hwm=2789MB
RSS_SAMPLE t=925.6s rss=2789MB hwm=2789MB
RSS_SAMPLE t=925.8s rss=2789MB hwm=2789MB
RSS_SAMPLE t=926.1s rss=2789MB hwm=2789MB
RSS_SAMPLE t=926.3s rss=2789MB hwm=2789MB
RSS_SAMPLE t=926.6s rss=2789MB hwm=2789MB
RSS_SAMPLE t=926.8s rss=2789MB hwm=2789MB
RSS_SAMPLE t=927.1s rss=2789MB hwm=2789MB
RSS_SAMPLE t=927.3s rss=2790MB hwm=2790MB
RSS_SAMPLE t=927.6s rss=2790MB hwm=2790MB
RSS_SAMPLE t=927.8s rss=2790MB hwm=2790MB
RSS_SAMPLE t=928.1s rss=2790MB hwm=2790MB
RSS_SAMPLE t=928.3s rss=2790MB hwm=2790MB
RSS_SAMPLE t=928.6s rss=2790MB hwm=2790MB
RSS_SAMPLE t=928.8s rss=2790MB hwm=2790MB
RSS_SAMPLE t=929.1s rss=2790MB hwm=2790MB
RSS_SAMPLE t=929.3s rss=2790MB hwm=2790MB
RSS_SAMPLE t=929.6s rss=2790MB hwm=2790MB
RSS_SAMPLE t=929.8s rss=2790MB hwm=2790MB
RSS_SAMPLE t=930.1s rss=2790MB hwm=2790MB
RSS_SAMPLE t=930.3s rss=2790MB hwm=2790MB
RSS_SAMPLE t=930.6s rss=2790MB hwm=2790MB
RSS_SAMPLE t=930.8s rss=2791MB hwm=2791MB
RSS_SAMPLE t=931.1s rss=2791MB hwm=2791MB
RSS_SAMPLE t=931.3s rss=2791MB hwm=2791MB
RSS_SAMPLE t=931.6s rss=2791MB hwm=2791MB
RSS_SAMPLE t=931.8s rss=2791MB hwm=2791MB
RSS_SAMPLE t=932.1s rss=2791MB hwm=2791MB
RSS_SAMPLE t=932.3s rss=2791MB hwm=2791MB
RSS_SAMPLE t=932.6s rss=2791MB hwm=2791MB
RSS_SAMPLE t=932.8s rss=2791MB hwm=2791MB
RSS_SAMPLE t=933.1s rss=2791MB hwm=2791MB
RSS_SAMPLE t=933.3s rss=2791MB hwm=2791MB
RSS_SAMPLE t=933.6s rss=2791MB hwm=2791MB
RSS_SAMPLE t=933.8s rss=2791MB hwm=2791MB
RSS_SAMPLE t=934.1s rss=2791MB hwm=2791MB
RSS_SAMPLE t=934.3s rss=2792MB hwm=2792MB
RSS_SAMPLE t=934.6s rss=2792MB hwm=2792MB
RSS_SAMPLE t=934.8s rss=2793MB hwm=2793MB
RSS_SAMPLE t=935.1s rss=2793MB hwm=2793MB
RSS_SAMPLE t=935.3s rss=2793MB hwm=2793MB
RSS_SAMPLE t=935.6s rss=2794MB hwm=2794MB
RSS_SAMPLE t=935.8s rss=2794MB hwm=2794MB
RSS_SAMPLE t=936.1s rss=2794MB hwm=2794MB
RSS_SAMPLE t=936.3s rss=2795MB hwm=2795MB
RSS_SAMPLE t=936.6s rss=2795MB hwm=2795MB
RSS_SAMPLE t=936.8s rss=2795MB hwm=2795MB
RSS_SAMPLE t=937.1s rss=2795MB hwm=2795MB
RSS_SAMPLE t=937.3s rss=2796MB hwm=2796MB
RSS_SAMPLE t=937.6s rss=2796MB hwm=2796MB
RSS_SAMPLE t=937.8s rss=2797MB hwm=2797MB
RSS_SAMPLE t=938.1s rss=2797MB hwm=2797MB
RSS_SAMPLE t=938.4s rss=2797MB hwm=2797MB
RSS_SAMPLE t=938.6s rss=2797MB hwm=2797MB
RSS_SAMPLE t=938.9s rss=2798MB hwm=2798MB
RSS_SAMPLE t=939.1s rss=2798MB hwm=2798MB
RSS_SAMPLE t=939.4s rss=2798MB hwm=2798MB
RSS_SAMPLE t=939.6s rss=2798MB hwm=2798MB
RSS_SAMPLE t=939.9s rss=2798MB hwm=2798MB
RSS_SAMPLE t=940.1s rss=2798MB hwm=2798MB
RSS_SAMPLE t=940.4s rss=2798MB hwm=2798MB
RSS_SAMPLE t=940.6s rss=2798MB hwm=2798MB
RSS_SAMPLE t=940.9s rss=2798MB hwm=2798MB
RSS_SAMPLE t=941.1s rss=2798MB hwm=2798MB
RSS_SAMPLE t=941.4s rss=2798MB hwm=2798MB
RSS_SAMPLE t=941.6s rss=2799MB hwm=2799MB
RSS_SAMPLE t=941.9s rss=2799MB hwm=2799MB
RSS_SAMPLE t=942.1s rss=2799MB hwm=2799MB
RSS_SAMPLE t=942.4s rss=2799MB hwm=2799MB
RSS_SAMPLE t=942.6s rss=2799MB hwm=2799MB
RSS_SAMPLE t=942.9s rss=2799MB hwm=2799MB
RSS_SAMPLE t=943.1s rss=2799MB hwm=2799MB
RSS_SAMPLE t=943.4s rss=2799MB hwm=2799MB
RSS_SAMPLE t=943.6s rss=2799MB hwm=2799MB
RSS_SAMPLE t=943.9s rss=2799MB hwm=2799MB
RSS_SAMPLE t=944.1s rss=2799MB hwm=2799MB
RSS_SAMPLE t=944.4s rss=2799MB hwm=2799MB
RSS_SAMPLE t=944.6s rss=2799MB hwm=2799MB
RSS_SAMPLE t=944.9s rss=2799MB hwm=2799MB
RSS_SAMPLE t=945.1s rss=2799MB hwm=2799MB
RSS_SAMPLE t=945.4s rss=2799MB hwm=2799MB
RSS_SAMPLE t=945.6s rss=2799MB hwm=2799MB
RSS_SAMPLE t=945.9s rss=2799MB hwm=2799MB
RSS_SAMPLE t=946.1s rss=2799MB hwm=2799MB
RSS_SAMPLE t=946.4s rss=2799MB hwm=2799MB
RSS_SAMPLE t=946.6s rss=2799MB hwm=2799MB
RSS_SAMPLE t=946.9s rss=2799MB hwm=2799MB
RSS_SAMPLE t=947.1s rss=2799MB hwm=2799MB
RSS_SAMPLE t=947.4s rss=2799MB hwm=2799MB
RSS_SAMPLE t=947.6s rss=2799MB hwm=2799MB
RSS_SAMPLE t=947.9s rss=2799MB hwm=2799MB
RSS_SAMPLE t=948.1s rss=2799MB hwm=2799MB
RSS_SAMPLE t=948.4s rss=2799MB hwm=2799MB
RSS_SAMPLE t=948.6s rss=2799MB hwm=2799MB
RSS_SAMPLE t=948.9s rss=2800MB hwm=2800MB
RSS_SAMPLE t=949.1s rss=2800MB hwm=2800MB
RSS_SAMPLE t=949.4s rss=2800MB hwm=2800MB
RSS_SAMPLE t=949.6s rss=2800MB hwm=2800MB
RSS_SAMPLE t=949.9s rss=2800MB hwm=2800MB
RSS_SAMPLE t=950.1s rss=2800MB hwm=2800MB
RSS_SAMPLE t=950.4s rss=2800MB hwm=2800MB
RSS_SAMPLE t=950.6s rss=2800MB hwm=2800MB
RSS_SAMPLE t=950.9s rss=2800MB hwm=2800MB
RSS_SAMPLE t=951.1s rss=2800MB hwm=2800MB
RSS_SAMPLE t=951.4s rss=2800MB hwm=2800MB
RSS_SAMPLE t=951.6s rss=2800MB hwm=2800MB
RSS_SAMPLE t=951.9s rss=2800MB hwm=2800MB
RSS_SAMPLE t=952.1s rss=2800MB hwm=2800MB
RSS_SAMPLE t=952.4s rss=2800MB hwm=2800MB
RSS_SAMPLE t=952.6s rss=2800MB hwm=2800MB
RSS_SAMPLE t=952.9s rss=2800MB hwm=2800MB
RSS_SAMPLE t=953.1s rss=2800MB hwm=2800MB
RSS_SAMPLE t=953.4s rss=2800MB hwm=2800MB
RSS_SAMPLE t=953.6s rss=2800MB hwm=2800MB
RSS_SAMPLE t=953.9s rss=2800MB hwm=2800MB
RSS_SAMPLE t=954.1s rss=2801MB hwm=2801MB
RSS_SAMPLE t=954.4s rss=2801MB hwm=2801MB
RSS_SAMPLE t=954.6s rss=2801MB hwm=2801MB
RSS_SAMPLE t=954.9s rss=2801MB hwm=2801MB
RSS_SAMPLE t=955.1s rss=2801MB hwm=2801MB
RSS_SAMPLE t=955.4s rss=2801MB hwm=2801MB
RSS_SAMPLE t=955.6s rss=2801MB hwm=2801MB
RSS_SAMPLE t=955.9s rss=2801MB hwm=2801MB
RSS_SAMPLE t=956.1s rss=2801MB hwm=2801MB
RSS_SAMPLE t=956.4s rss=2801MB hwm=2801MB
RSS_SAMPLE t=956.6s rss=2801MB hwm=2801MB
RSS_SAMPLE t=956.9s rss=2801MB hwm=2801MB
RSS_SAMPLE t=957.1s rss=2801MB hwm=2801MB
RSS_SAMPLE t=957.4s rss=2801MB hwm=2801MB
RSS_SAMPLE t=957.6s rss=2801MB hwm=2801MB
RSS_SAMPLE t=957.9s rss=2801MB hwm=2801MB
RSS_SAMPLE t=958.1s rss=2801MB hwm=2801MB
RSS_SAMPLE t=958.4s rss=2801MB hwm=2801MB
RSS_SAMPLE t=958.6s rss=2801MB hwm=2801MB
RSS_SAMPLE t=958.9s rss=2801MB hwm=2801MB
RSS_SAMPLE t=959.1s rss=2801MB hwm=2801MB
RSS_SAMPLE t=959.4s rss=2801MB hwm=2801MB
RSS_SAMPLE t=959.6s rss=2801MB hwm=2801MB
RSS_SAMPLE t=959.9s rss=2801MB hwm=2801MB
RSS_SAMPLE t=960.1s rss=2801MB hwm=2801MB
RSS_SAMPLE t=960.4s rss=2801MB hwm=2801MB
RSS_SAMPLE t=960.6s rss=2801MB hwm=2801MB
RSS_SAMPLE t=960.9s rss=2801MB hwm=2801MB
RSS_SAMPLE t=961.1s rss=2801MB hwm=2801MB
RSS_SAMPLE t=961.4s rss=2801MB hwm=2801MB
RSS_SAMPLE t=961.6s rss=2801MB hwm=2801MB
RSS_SAMPLE t=961.9s rss=2801MB hwm=2801MB
RSS_SAMPLE t=962.1s rss=2801MB hwm=2801MB
RSS_SAMPLE t=962.4s rss=2801MB hwm=2801MB
RSS_SAMPLE t=962.6s rss=2801MB hwm=2801MB
RSS_SAMPLE t=962.9s rss=2801MB hwm=2801MB
RSS_SAMPLE t=963.1s rss=2801MB hwm=2801MB
RSS_SAMPLE t=963.4s rss=2802MB hwm=2802MB
RSS_SAMPLE t=963.6s rss=2802MB hwm=2802MB
RSS_SAMPLE t=963.9s rss=2802MB hwm=2802MB
RSS_SAMPLE t=964.1s rss=2802MB hwm=2802MB
RSS_SAMPLE t=964.4s rss=2802MB hwm=2802MB
RSS_SAMPLE t=964.6s rss=2802MB hwm=2802MB
RSS_SAMPLE t=964.9s rss=2802MB hwm=2802MB
RSS_SAMPLE t=965.1s rss=2802MB hwm=2802MB
RSS_SAMPLE t=965.4s rss=2802MB hwm=2802MB
RSS_SAMPLE t=965.6s rss=2802MB hwm=2802MB
RSS_SAMPLE t=965.9s rss=2802MB hwm=2802MB
RSS_SAMPLE t=966.1s rss=2802MB hwm=2802MB
RSS_SAMPLE t=966.4s rss=2802MB hwm=2802MB
RSS_SAMPLE t=966.6s rss=2802MB hwm=2802MB
RSS_SAMPLE t=966.9s rss=2802MB hwm=2802MB
RSS_SAMPLE t=967.1s rss=2802MB hwm=2802MB
RSS_SAMPLE t=967.4s rss=2802MB hwm=2802MB
RSS_SAMPLE t=967.6s rss=2802MB hwm=2802MB
RSS_SAMPLE t=967.9s rss=2802MB hwm=2802MB
RSS_SAMPLE t=968.1s rss=2802MB hwm=2802MB
RSS_SAMPLE t=968.4s rss=2802MB hwm=2802MB
RSS_SAMPLE t=968.6s rss=2802MB hwm=2802MB
RSS_SAMPLE t=968.9s rss=2802MB hwm=2802MB
RSS_SAMPLE t=969.1s rss=2802MB hwm=2802MB
RSS_SAMPLE t=969.4s rss=2802MB hwm=2802MB
RSS_SAMPLE t=969.6s rss=2802MB hwm=2802MB
RSS_SAMPLE t=969.9s rss=2802MB hwm=2802MB
RSS_SAMPLE t=970.1s rss=2802MB hwm=2802MB
RSS_SAMPLE t=970.4s rss=2802MB hwm=2802MB
RSS_SAMPLE t=970.6s rss=2802MB hwm=2802MB
RSS_SAMPLE t=970.9s rss=2802MB hwm=2802MB
RSS_SAMPLE t=971.1s rss=2802MB hwm=2802MB
RSS_SAMPLE t=971.4s rss=2802MB hwm=2802MB
RSS_SAMPLE t=971.6s rss=2802MB hwm=2802MB
RSS_SAMPLE t=971.9s rss=2802MB hwm=2802MB
RSS_SAMPLE t=972.1s rss=2802MB hwm=2802MB
RSS_SAMPLE t=972.4s rss=2802MB hwm=2802MB
RSS_SAMPLE t=972.6s rss=2802MB hwm=2802MB
RSS_SAMPLE t=972.9s rss=2802MB hwm=2802MB
RSS_SAMPLE t=973.1s rss=2802MB hwm=2802MB
RSS_SAMPLE t=973.4s rss=2802MB hwm=2802MB
RSS_SAMPLE t=973.6s rss=2802MB hwm=2802MB
RSS_SAMPLE t=973.9s rss=2802MB hwm=2802MB
RSS_SAMPLE t=974.1s rss=2802MB hwm=2802MB
RSS_SAMPLE t=974.4s rss=2802MB hwm=2802MB
RSS_SAMPLE t=974.6s rss=2802MB hwm=2802MB
RSS_SAMPLE t=974.9s rss=2802MB hwm=2802MB
RSS_SAMPLE t=975.1s rss=2802MB hwm=2802MB
RSS_SAMPLE t=975.4s rss=2802MB hwm=2802MB
RSS_SAMPLE t=975.6s rss=2802MB hwm=2802MB
RSS_SAMPLE t=975.9s rss=2802MB hwm=2802MB
RSS_SAMPLE t=976.1s rss=2802MB hwm=2802MB
RSS_SAMPLE t=976.4s rss=2802MB hwm=2802MB
RSS_SAMPLE t=976.6s rss=2802MB hwm=2802MB
RSS_SAMPLE t=976.9s rss=2802MB hwm=2802MB
RSS_SAMPLE t=977.1s rss=2802MB hwm=2802MB
RSS_SAMPLE t=977.4s rss=2802MB hwm=2802MB
RSS_SAMPLE t=977.6s rss=2802MB hwm=2802MB
RSS_SAMPLE t=977.9s rss=2802MB hwm=2802MB
RSS_SAMPLE t=978.1s rss=2802MB hwm=2802MB
RSS_SAMPLE t=978.4s rss=2802MB hwm=2802MB
RSS_SAMPLE t=978.6s rss=2802MB hwm=2802MB
RSS_SAMPLE t=978.9s rss=2802MB hwm=2802MB
RSS_SAMPLE t=979.1s rss=2802MB hwm=2802MB
RSS_SAMPLE t=979.4s rss=2802MB hwm=2802MB
RSS_SAMPLE t=979.6s rss=2802MB hwm=2802MB
RSS_SAMPLE t=979.9s rss=2802MB hwm=2802MB
RSS_SAMPLE t=980.1s rss=2803MB hwm=2803MB
RSS_SAMPLE t=980.4s rss=2803MB hwm=2803MB
RSS_SAMPLE t=980.6s rss=2803MB hwm=2803MB
RSS_SAMPLE t=980.9s rss=2803MB hwm=2803MB
RSS_SAMPLE t=981.1s rss=2803MB hwm=2803MB
RSS_SAMPLE t=981.4s rss=2803MB hwm=2803MB
RSS_SAMPLE t=981.6s rss=2803MB hwm=2803MB
RSS_SAMPLE t=981.9s rss=2803MB hwm=2803MB
RSS_SAMPLE t=982.1s rss=2803MB hwm=2803MB
RSS_SAMPLE t=982.4s rss=2803MB hwm=2803MB
RSS_SAMPLE t=982.6s rss=2803MB hwm=2803MB
RSS_SAMPLE t=982.9s rss=2803MB hwm=2803MB
RSS_SAMPLE t=983.1s rss=2803MB hwm=2803MB
RSS_SAMPLE t=983.4s rss=2803MB hwm=2803MB
RSS_SAMPLE t=983.6s rss=2803MB hwm=2803MB
RSS_SAMPLE t=983.9s rss=2804MB hwm=2804MB
RSS_SAMPLE t=984.1s rss=2804MB hwm=2804MB
RSS_SAMPLE t=984.4s rss=2804MB hwm=2804MB
RSS_SAMPLE t=984.6s rss=2804MB hwm=2804MB
RSS_SAMPLE t=984.9s rss=2804MB hwm=2804MB
RSS_SAMPLE t=985.1s rss=2804MB hwm=2804MB
RSS_SAMPLE t=985.4s rss=2804MB hwm=2804MB
RSS_SAMPLE t=985.6s rss=2804MB hwm=2804MB
RSS_SAMPLE t=985.9s rss=2804MB hwm=2804MB
RSS_SAMPLE t=986.1s rss=2804MB hwm=2804MB
RSS_SAMPLE t=986.4s rss=2804MB hwm=2804MB
RSS_SAMPLE t=986.6s rss=2804MB hwm=2804MB
RSS_SAMPLE t=986.9s rss=2804MB hwm=2804MB
RSS_SAMPLE t=987.1s rss=2804MB hwm=2804MB
RSS_SAMPLE t=987.4s rss=2804MB hwm=2804MB
RSS_SAMPLE t=987.6s rss=2804MB hwm=2804MB
RSS_SAMPLE t=987.9s rss=2804MB hwm=2804MB
RSS_SAMPLE t=988.1s rss=2804MB hwm=2804MB
RSS_SAMPLE t=988.4s rss=2804MB hwm=2804MB
RSS_SAMPLE t=988.6s rss=2804MB hwm=2804MB
RSS_SAMPLE t=988.9s rss=2804MB hwm=2804MB
RSS_SAMPLE t=989.1s rss=2804MB hwm=2804MB
RSS_SAMPLE t=989.4s rss=2804MB hwm=2804MB
RSS_SAMPLE t=989.6s rss=2804MB hwm=2804MB
RSS_SAMPLE t=989.9s rss=2804MB hwm=2804MB
RSS_SAMPLE t=990.1s rss=2804MB hwm=2804MB
RSS_SAMPLE t=990.4s rss=2804MB hwm=2804MB
RSS_SAMPLE t=990.6s rss=2804MB hwm=2804MB
RSS_SAMPLE t=990.9s rss=2804MB hwm=2804MB
RSS_SAMPLE t=991.1s rss=2804MB hwm=2804MB
RSS_SAMPLE t=991.4s rss=2804MB hwm=2804MB
RSS_SAMPLE t=991.6s rss=2804MB hwm=2804MB
RSS_SAMPLE t=991.9s rss=2804MB hwm=2804MB
RSS_SAMPLE t=992.1s rss=2804MB hwm=2804MB
RSS_SAMPLE t=992.4s rss=2804MB hwm=2804MB
RSS_SAMPLE t=992.6s rss=2804MB hwm=2804MB
RSS_SAMPLE t=992.9s rss=2804MB hwm=2804MB
RSS_SAMPLE t=993.1s rss=2804MB hwm=2804MB
RSS_SAMPLE t=993.4s rss=2804MB hwm=2804MB
RSS_SAMPLE t=993.6s rss=2804MB hwm=2804MB
RSS_SAMPLE t=993.9s rss=2804MB hwm=2804MB
RSS_SAMPLE t=994.1s rss=2804MB hwm=2804MB
RSS_SAMPLE t=994.4s rss=2804MB hwm=2804MB
RSS_SAMPLE t=994.6s rss=2804MB hwm=2804MB
RSS_SAMPLE t=994.9s rss=2804MB hwm=2804MB
RSS_SAMPLE t=995.1s rss=2804MB hwm=2804MB
RSS_SAMPLE t=995.4s rss=2804MB hwm=2804MB
RSS_SAMPLE t=995.6s rss=2804MB hwm=2804MB
RSS_SAMPLE t=995.9s rss=2804MB hwm=2804MB
RSS_SAMPLE t=996.1s rss=2804MB hwm=2804MB
RSS_SAMPLE t=996.4s rss=2804MB hwm=2804MB
RSS_SAMPLE t=996.6s rss=2804MB hwm=2804MB
RSS_SAMPLE t=996.9s rss=2804MB hwm=2804MB
RSS_SAMPLE t=997.1s rss=2804MB hwm=2804MB
RSS_SAMPLE t=997.4s rss=2804MB hwm=2804MB
RSS_SAMPLE t=997.6s rss=2804MB hwm=2804MB
RSS_SAMPLE t=997.9s rss=2804MB hwm=2804MB
RSS_SAMPLE t=998.1s rss=2804MB hwm=2804MB
RSS_SAMPLE t=998.4s rss=2804MB hwm=2804MB
RSS_SAMPLE t=998.6s rss=2804MB hwm=2804MB
RSS_SAMPLE t=998.9s rss=2804MB hwm=2804MB
RSS_SAMPLE t=999.1s rss=2804MB hwm=2804MB
RSS_SAMPLE t=999.4s rss=2804MB hwm=2804MB
MEM_POOL: workspaces=8 dense_usage_mb=313 n_pipes=2562403
    post_solve_diag[outer=5]: solves=105117 cap_armed=105117 (100.0%) settle_avg=7042 above_sink_avg=94 (1.3%) settle_max=69353
    settle_hist[outer=5]: <100: 32090nets/0.1%work  <1k: 20254nets/1.1%work  <5k: 21930nets/7.7%work  <20k: 16648nets/24.3%work  <60k: 13585nets/61.6%work  >=60k: 610nets/5.3%work
    fanout_hist[outer=5]: fan1: 43710nets/12.8%work  fan2-4: 48279nets/49.8%work  fan5-16: 12974nets/36.4%work  fan17-64: 154nets/0.9%work  fan65-256: 0nets/0.0%work  fan>256: 0nets/0.0%work
    rss_probe[outer=5]: pre_post_solve=2773MB post_post_solve=2804MB after_apply=2804MB
RSS_SAMPLE t=999.6s rss=2805MB hwm=2805MB
    E_decomp: base=7605480.9 eff=460449394428174.8 cong=460449386822693.9 cong_share=100.0% sat_pipes=83936 max_util=1893.56  R_buckets: 1-2x=79205 2-10x=20230 10-100x=64055 >=100x=2398913
    E_potential: beckmann=154249995083005.1 history_total=0.0
    SpanCache: epoch=6 entries=2678 lookups=2562403 hits=2559725 misses=2678 hit_rate=99.9%
  DCD   5: nets=105117 line=14834467 energy=3130823906.301 dE=-24511596226.204 friction=19747309.2 bins=2.0x(422) excess=163.8 moved=65812 disp=6.599 solves=105117 skip=105117 pops=740269474 theta=0.550 refresh=116607ms dcd=8841ms total=128250ms
    cache_stats: entries=52236774 capacity=94673104 est_mb=817 rss_mb=2805
RSS_SAMPLE t=999.9s rss=2805MB hwm=2805MB
RSS_SAMPLE t=1000.1s rss=2805MB hwm=2805MB
RSS_SAMPLE t=1000.4s rss=2805MB hwm=2805MB
RSS_SAMPLE t=1000.6s rss=2805MB hwm=2805MB
RSS_SAMPLE t=1000.9s rss=2805MB hwm=2805MB
RSS_SAMPLE t=1001.1s rss=2805MB hwm=2805MB
RSS_SAMPLE t=1001.4s rss=2805MB hwm=2805MB
RSS_SAMPLE t=1001.6s rss=2805MB hwm=2805MB
RSS_SAMPLE t=1001.9s rss=2805MB hwm=2805MB
RSS_SAMPLE t=1002.1s rss=2805MB hwm=2805MB
RSS_SAMPLE t=1002.4s rss=2805MB hwm=2805MB
RSS_SAMPLE t=1002.6s rss=2805MB hwm=2805MB
RSS_SAMPLE t=1002.9s rss=2805MB hwm=2805MB
RSS_SAMPLE t=1003.1s rss=2805MB hwm=2805MB
RSS_SAMPLE t=1003.4s rss=2805MB hwm=2805MB
RSS_SAMPLE t=1003.6s rss=2805MB hwm=2805MB
    SwitchMatrix: type_usage_pairs=1143 lookups=2308 hits=1165 dijkstra_calls=1143 avg_us=10.1 total_ms=11.6
PHASE_MARK outer=6 enter=pre_solve rss=2805MB
    rss_probe[outer=6]: pre_refresh_rss=2805MB post_pre_solve_rss=2805MB cache_entries=52236774 cache_cap=94673104 cache_est_mb=817
    pre_solve_diag[outer=6]: solves=0 fallback=0 (0.0%) cap_armed=0 (0.0%) settle_avg=0 settle_max=0 init_count=59
    Overflow: over=82328 (3.2% of used) avg_excess=20.95 max_excess=2533.93 (nc=2557.93 cap=24 span=1)  excess_buckets: <=1=2288 1-5=32761 5-20=28260 >20=19019  by_cap: cap1=925 cap2=67720 cap3-5=63 cap>5=13620  by_span: s1=577 s2-3=12460 s4-6=1918 s7-12=66326 s>12=1047  le1_cross: cap1=450 cap2-5=1617 cap>5=221
    Congestion: pipes=2562403 used=2562403 congested(>50%)=101107 saturated(>90%)=83936 max_util=1893.56 avg_util=0.2157
PHASE_MARK outer=6 enter=dcd_sweep rss=2805MB
RSS_SAMPLE t=1003.9s rss=2805MB hwm=2805MB
RSS_SAMPLE t=1004.1s rss=2805MB hwm=2805MB
RSS_SAMPLE t=1004.4s rss=2805MB hwm=2805MB
RSS_SAMPLE t=1004.6s rss=2805MB hwm=2805MB
RSS_SAMPLE t=1004.9s rss=2805MB hwm=2805MB
RSS_SAMPLE t=1005.1s rss=2805MB hwm=2805MB
RSS_SAMPLE t=1005.4s rss=2805MB hwm=2805MB
RSS_SAMPLE t=1005.6s rss=2805MB hwm=2805MB
RSS_SAMPLE t=1005.9s rss=2805MB hwm=2805MB
RSS_SAMPLE t=1006.1s rss=2805MB hwm=2805MB
RSS_SAMPLE t=1006.4s rss=2805MB hwm=2805MB
RSS_SAMPLE t=1006.6s rss=2805MB hwm=2805MB
RSS_SAMPLE t=1006.9s rss=2805MB hwm=2805MB
RSS_SAMPLE t=1007.1s rss=2805MB hwm=2805MB
RSS_SAMPLE t=1007.4s rss=2805MB hwm=2805MB
RSS_SAMPLE t=1007.6s rss=2805MB hwm=2805MB
RSS_SAMPLE t=1007.9s rss=2805MB hwm=2805MB
RSS_SAMPLE t=1008.1s rss=2805MB hwm=2805MB
RSS_SAMPLE t=1008.4s rss=2805MB hwm=2805MB
RSS_SAMPLE t=1008.6s rss=2805MB hwm=2805MB
RSS_SAMPLE t=1008.9s rss=2805MB hwm=2805MB
RSS_SAMPLE t=1009.1s rss=2805MB hwm=2805MB
RSS_SAMPLE t=1009.4s rss=2805MB hwm=2805MB
RSS_SAMPLE t=1009.6s rss=2805MB hwm=2805MB
RSS_SAMPLE t=1009.9s rss=2805MB hwm=2805MB
RSS_SAMPLE t=1010.1s rss=2805MB hwm=2805MB
RSS_SAMPLE t=1010.4s rss=2805MB hwm=2805MB
RSS_SAMPLE t=1010.6s rss=2805MB hwm=2805MB
RSS_SAMPLE t=1010.9s rss=2805MB hwm=2805MB
RSS_SAMPLE t=1011.1s rss=2805MB hwm=2805MB
RSS_SAMPLE t=1011.4s rss=2805MB hwm=2805MB
PHASE_MARK outer=6 leave=dcd_sweep rss=2805MB
PHASE_MARK outer=6 enter=post_refresh rss=2805MB
RSS_SAMPLE t=1011.6s rss=2806MB hwm=2806MB
RSS_SAMPLE t=1011.9s rss=2806MB hwm=2806MB
RSS_SAMPLE t=1012.1s rss=2806MB hwm=2806MB
RSS_SAMPLE t=1012.4s rss=2806MB hwm=2806MB
RSS_SAMPLE t=1012.6s rss=2806MB hwm=2806MB
RSS_SAMPLE t=1012.9s rss=2806MB hwm=2806MB
RSS_SAMPLE t=1013.1s rss=2806MB hwm=2806MB
RSS_SAMPLE t=1013.4s rss=2806MB hwm=2806MB
RSS_SAMPLE t=1013.6s rss=2806MB hwm=2806MB
RSS_SAMPLE t=1013.9s rss=2806MB hwm=2806MB
RSS_SAMPLE t=1014.1s rss=2806MB hwm=2806MB
RSS_SAMPLE t=1014.4s rss=2807MB hwm=2807MB
RSS_SAMPLE t=1014.6s rss=2807MB hwm=2807MB
RSS_SAMPLE t=1014.9s rss=2807MB hwm=2807MB
RSS_SAMPLE t=1015.1s rss=2807MB hwm=2807MB
RSS_SAMPLE t=1015.4s rss=2807MB hwm=2807MB
RSS_SAMPLE t=1015.6s rss=2807MB hwm=2807MB
RSS_SAMPLE t=1015.9s rss=2807MB hwm=2807MB
RSS_SAMPLE t=1016.1s rss=2807MB hwm=2807MB
RSS_SAMPLE t=1016.4s rss=2807MB hwm=2807MB
RSS_SAMPLE t=1016.6s rss=2807MB hwm=2807MB
RSS_SAMPLE t=1016.9s rss=2807MB hwm=2807MB
RSS_SAMPLE t=1017.1s rss=2807MB hwm=2807MB
RSS_SAMPLE t=1017.4s rss=2807MB hwm=2807MB
RSS_SAMPLE t=1017.6s rss=2807MB hwm=2807MB
RSS_SAMPLE t=1017.9s rss=2807MB hwm=2807MB
RSS_SAMPLE t=1018.1s rss=2807MB hwm=2807MB
RSS_SAMPLE t=1018.4s rss=2807MB hwm=2807MB
RSS_SAMPLE t=1018.7s rss=2807MB hwm=2807MB
RSS_SAMPLE t=1018.9s rss=2808MB hwm=2808MB
RSS_SAMPLE t=1019.2s rss=2808MB hwm=2808MB
RSS_SAMPLE t=1019.4s rss=2808MB hwm=2808MB
RSS_SAMPLE t=1019.7s rss=2808MB hwm=2808MB
RSS_SAMPLE t=1019.9s rss=2808MB hwm=2808MB
RSS_SAMPLE t=1020.2s rss=2808MB hwm=2808MB
RSS_SAMPLE t=1020.4s rss=2808MB hwm=2808MB
RSS_SAMPLE t=1020.7s rss=2808MB hwm=2808MB
RSS_SAMPLE t=1020.9s rss=2808MB hwm=2808MB
RSS_SAMPLE t=1021.2s rss=2808MB hwm=2808MB
RSS_SAMPLE t=1021.4s rss=2808MB hwm=2808MB
RSS_SAMPLE t=1021.7s rss=2808MB hwm=2808MB
RSS_SAMPLE t=1021.9s rss=2808MB hwm=2808MB
RSS_SAMPLE t=1022.2s rss=2808MB hwm=2808MB
RSS_SAMPLE t=1022.4s rss=2808MB hwm=2808MB
RSS_SAMPLE t=1022.7s rss=2809MB hwm=2809MB
RSS_SAMPLE t=1022.9s rss=2809MB hwm=2809MB
RSS_SAMPLE t=1023.2s rss=2809MB hwm=2809MB
RSS_SAMPLE t=1023.4s rss=2809MB hwm=2809MB
RSS_SAMPLE t=1023.7s rss=2809MB hwm=2809MB
RSS_SAMPLE t=1023.9s rss=2809MB hwm=2809MB
RSS_SAMPLE t=1024.2s rss=2809MB hwm=2809MB
RSS_SAMPLE t=1024.4s rss=2809MB hwm=2809MB
RSS_SAMPLE t=1024.7s rss=2809MB hwm=2809MB
RSS_SAMPLE t=1024.9s rss=2809MB hwm=2809MB
RSS_SAMPLE t=1025.2s rss=2809MB hwm=2809MB
RSS_SAMPLE t=1025.4s rss=2809MB hwm=2809MB
RSS_SAMPLE t=1025.7s rss=2809MB hwm=2809MB
RSS_SAMPLE t=1025.9s rss=2810MB hwm=2810MB
RSS_SAMPLE t=1026.2s rss=2810MB hwm=2810MB
RSS_SAMPLE t=1026.4s rss=2810MB hwm=2810MB
RSS_SAMPLE t=1026.7s rss=2810MB hwm=2810MB
RSS_SAMPLE t=1026.9s rss=2810MB hwm=2810MB
RSS_SAMPLE t=1027.2s rss=2810MB hwm=2810MB
RSS_SAMPLE t=1027.4s rss=2810MB hwm=2810MB
RSS_SAMPLE t=1027.7s rss=2810MB hwm=2810MB
RSS_SAMPLE t=1027.9s rss=2810MB hwm=2810MB
RSS_SAMPLE t=1028.2s rss=2810MB hwm=2810MB
RSS_SAMPLE t=1028.4s rss=2810MB hwm=2810MB
RSS_SAMPLE t=1028.7s rss=2810MB hwm=2810MB
RSS_SAMPLE t=1028.9s rss=2810MB hwm=2810MB
RSS_SAMPLE t=1029.2s rss=2810MB hwm=2810MB
RSS_SAMPLE t=1029.4s rss=2810MB hwm=2810MB
RSS_SAMPLE t=1029.7s rss=2811MB hwm=2811MB
RSS_SAMPLE t=1029.9s rss=2811MB hwm=2811MB
RSS_SAMPLE t=1030.2s rss=2811MB hwm=2811MB
RSS_SAMPLE t=1030.4s rss=2811MB hwm=2811MB
RSS_SAMPLE t=1030.7s rss=2811MB hwm=2811MB
RSS_SAMPLE t=1030.9s rss=2811MB hwm=2811MB
RSS_SAMPLE t=1031.2s rss=2811MB hwm=2811MB
RSS_SAMPLE t=1031.4s rss=2811MB hwm=2811MB
RSS_SAMPLE t=1031.7s rss=2812MB hwm=2812MB
RSS_SAMPLE t=1031.9s rss=2812MB hwm=2812MB
RSS_SAMPLE t=1032.2s rss=2812MB hwm=2812MB
RSS_SAMPLE t=1032.4s rss=2812MB hwm=2812MB
RSS_SAMPLE t=1032.7s rss=2812MB hwm=2812MB
RSS_SAMPLE t=1032.9s rss=2812MB hwm=2812MB
RSS_SAMPLE t=1033.2s rss=2812MB hwm=2812MB
RSS_SAMPLE t=1033.4s rss=2812MB hwm=2812MB
RSS_SAMPLE t=1033.7s rss=2812MB hwm=2812MB
RSS_SAMPLE t=1033.9s rss=2812MB hwm=2812MB
RSS_SAMPLE t=1034.2s rss=2812MB hwm=2812MB
RSS_SAMPLE t=1034.4s rss=2812MB hwm=2812MB
RSS_SAMPLE t=1034.7s rss=2812MB hwm=2812MB
RSS_SAMPLE t=1034.9s rss=2813MB hwm=2813MB
RSS_SAMPLE t=1035.2s rss=2813MB hwm=2813MB
RSS_SAMPLE t=1035.4s rss=2813MB hwm=2813MB
RSS_SAMPLE t=1035.7s rss=2813MB hwm=2813MB
RSS_SAMPLE t=1035.9s rss=2813MB hwm=2813MB
RSS_SAMPLE t=1036.2s rss=2813MB hwm=2813MB
RSS_SAMPLE t=1036.4s rss=2813MB hwm=2813MB
RSS_SAMPLE t=1036.7s rss=2813MB hwm=2813MB
RSS_SAMPLE t=1036.9s rss=2813MB hwm=2813MB
RSS_SAMPLE t=1037.2s rss=2813MB hwm=2813MB
RSS_SAMPLE t=1037.4s rss=2813MB hwm=2813MB
RSS_SAMPLE t=1037.7s rss=2813MB hwm=2813MB
RSS_SAMPLE t=1037.9s rss=2813MB hwm=2813MB
RSS_SAMPLE t=1038.2s rss=2813MB hwm=2813MB
RSS_SAMPLE t=1038.4s rss=2813MB hwm=2813MB
RSS_SAMPLE t=1038.7s rss=2813MB hwm=2813MB
RSS_SAMPLE t=1038.9s rss=2813MB hwm=2813MB
RSS_SAMPLE t=1039.2s rss=2813MB hwm=2813MB
RSS_SAMPLE t=1039.4s rss=2813MB hwm=2813MB
RSS_SAMPLE t=1039.7s rss=2813MB hwm=2813MB
RSS_SAMPLE t=1039.9s rss=2813MB hwm=2813MB
RSS_SAMPLE t=1040.2s rss=2813MB hwm=2813MB
RSS_SAMPLE t=1040.4s rss=2813MB hwm=2813MB
RSS_SAMPLE t=1040.7s rss=2814MB hwm=2814MB
RSS_SAMPLE t=1040.9s rss=2814MB hwm=2814MB
RSS_SAMPLE t=1041.2s rss=2814MB hwm=2814MB
RSS_SAMPLE t=1041.4s rss=2814MB hwm=2814MB
RSS_SAMPLE t=1041.7s rss=2814MB hwm=2814MB
RSS_SAMPLE t=1041.9s rss=2814MB hwm=2814MB
RSS_SAMPLE t=1042.2s rss=2815MB hwm=2815MB
RSS_SAMPLE t=1042.4s rss=2815MB hwm=2815MB
RSS_SAMPLE t=1042.7s rss=2815MB hwm=2815MB
RSS_SAMPLE t=1042.9s rss=2815MB hwm=2815MB
RSS_SAMPLE t=1043.2s rss=2815MB hwm=2815MB
RSS_SAMPLE t=1043.4s rss=2815MB hwm=2815MB
RSS_SAMPLE t=1043.7s rss=2815MB hwm=2815MB
RSS_SAMPLE t=1043.9s rss=2815MB hwm=2815MB
RSS_SAMPLE t=1044.2s rss=2815MB hwm=2815MB
RSS_SAMPLE t=1044.4s rss=2815MB hwm=2815MB
RSS_SAMPLE t=1044.7s rss=2815MB hwm=2815MB
RSS_SAMPLE t=1044.9s rss=2815MB hwm=2815MB
RSS_SAMPLE t=1045.2s rss=2815MB hwm=2815MB
RSS_SAMPLE t=1045.4s rss=2815MB hwm=2815MB
RSS_SAMPLE t=1045.7s rss=2815MB hwm=2815MB
RSS_SAMPLE t=1045.9s rss=2816MB hwm=2816MB
RSS_SAMPLE t=1046.2s rss=2816MB hwm=2816MB
RSS_SAMPLE t=1046.4s rss=2816MB hwm=2816MB
RSS_SAMPLE t=1046.7s rss=2816MB hwm=2816MB
RSS_SAMPLE t=1046.9s rss=2816MB hwm=2816MB
RSS_SAMPLE t=1047.2s rss=2816MB hwm=2816MB
RSS_SAMPLE t=1047.4s rss=2816MB hwm=2816MB
RSS_SAMPLE t=1047.7s rss=2816MB hwm=2816MB
RSS_SAMPLE t=1047.9s rss=2816MB hwm=2816MB
RSS_SAMPLE t=1048.2s rss=2816MB hwm=2816MB
RSS_SAMPLE t=1048.4s rss=2817MB hwm=2817MB
RSS_SAMPLE t=1048.7s rss=2817MB hwm=2817MB
RSS_SAMPLE t=1048.9s rss=2817MB hwm=2817MB
RSS_SAMPLE t=1049.2s rss=2818MB hwm=2818MB
RSS_SAMPLE t=1049.4s rss=2818MB hwm=2818MB
RSS_SAMPLE t=1049.7s rss=2818MB hwm=2818MB
RSS_SAMPLE t=1049.9s rss=2818MB hwm=2818MB
RSS_SAMPLE t=1050.2s rss=2818MB hwm=2818MB
RSS_SAMPLE t=1050.4s rss=2818MB hwm=2818MB
RSS_SAMPLE t=1050.7s rss=2818MB hwm=2818MB
RSS_SAMPLE t=1050.9s rss=2818MB hwm=2818MB
RSS_SAMPLE t=1051.2s rss=2818MB hwm=2818MB
RSS_SAMPLE t=1051.4s rss=2818MB hwm=2818MB
RSS_SAMPLE t=1051.7s rss=2818MB hwm=2818MB
RSS_SAMPLE t=1051.9s rss=2818MB hwm=2818MB
RSS_SAMPLE t=1052.2s rss=2818MB hwm=2818MB
RSS_SAMPLE t=1052.4s rss=2818MB hwm=2818MB
RSS_SAMPLE t=1052.7s rss=2818MB hwm=2818MB
RSS_SAMPLE t=1052.9s rss=2818MB hwm=2818MB
RSS_SAMPLE t=1053.2s rss=2818MB hwm=2818MB
RSS_SAMPLE t=1053.4s rss=2819MB hwm=2819MB
RSS_SAMPLE t=1053.7s rss=2819MB hwm=2819MB
RSS_SAMPLE t=1053.9s rss=2819MB hwm=2819MB
RSS_SAMPLE t=1054.2s rss=2819MB hwm=2819MB
RSS_SAMPLE t=1054.4s rss=2819MB hwm=2819MB
RSS_SAMPLE t=1054.7s rss=2819MB hwm=2819MB
RSS_SAMPLE t=1054.9s rss=2819MB hwm=2819MB
RSS_SAMPLE t=1055.2s rss=2819MB hwm=2819MB
RSS_SAMPLE t=1055.4s rss=2819MB hwm=2819MB
RSS_SAMPLE t=1055.7s rss=2820MB hwm=2820MB
RSS_SAMPLE t=1055.9s rss=2820MB hwm=2820MB
RSS_SAMPLE t=1056.2s rss=2820MB hwm=2820MB
RSS_SAMPLE t=1056.4s rss=2820MB hwm=2820MB
RSS_SAMPLE t=1056.7s rss=2820MB hwm=2820MB
RSS_SAMPLE t=1056.9s rss=2820MB hwm=2820MB
RSS_SAMPLE t=1057.2s rss=2820MB hwm=2820MB
RSS_SAMPLE t=1057.4s rss=2820MB hwm=2820MB
RSS_SAMPLE t=1057.7s rss=2820MB hwm=2820MB
RSS_SAMPLE t=1057.9s rss=2820MB hwm=2820MB
RSS_SAMPLE t=1058.2s rss=2820MB hwm=2820MB
RSS_SAMPLE t=1058.4s rss=2821MB hwm=2821MB
RSS_SAMPLE t=1058.7s rss=2821MB hwm=2821MB
RSS_SAMPLE t=1058.9s rss=2821MB hwm=2821MB
RSS_SAMPLE t=1059.2s rss=2821MB hwm=2821MB
RSS_SAMPLE t=1059.4s rss=2821MB hwm=2821MB
RSS_SAMPLE t=1059.7s rss=2821MB hwm=2821MB
RSS_SAMPLE t=1059.9s rss=2821MB hwm=2821MB
RSS_SAMPLE t=1060.2s rss=2821MB hwm=2821MB
RSS_SAMPLE t=1060.4s rss=2821MB hwm=2821MB
RSS_SAMPLE t=1060.7s rss=2821MB hwm=2821MB
RSS_SAMPLE t=1060.9s rss=2821MB hwm=2821MB
RSS_SAMPLE t=1061.2s rss=2821MB hwm=2821MB
RSS_SAMPLE t=1061.4s rss=2821MB hwm=2821MB
RSS_SAMPLE t=1061.7s rss=2821MB hwm=2821MB
RSS_SAMPLE t=1061.9s rss=2821MB hwm=2821MB
RSS_SAMPLE t=1062.2s rss=2821MB hwm=2821MB
RSS_SAMPLE t=1062.4s rss=2821MB hwm=2821MB
RSS_SAMPLE t=1062.7s rss=2822MB hwm=2822MB
RSS_SAMPLE t=1062.9s rss=2822MB hwm=2822MB
RSS_SAMPLE t=1063.2s rss=2822MB hwm=2822MB
RSS_SAMPLE t=1063.4s rss=2822MB hwm=2822MB
RSS_SAMPLE t=1063.7s rss=2822MB hwm=2822MB
RSS_SAMPLE t=1063.9s rss=2822MB hwm=2822MB
RSS_SAMPLE t=1064.2s rss=2822MB hwm=2822MB
RSS_SAMPLE t=1064.4s rss=2822MB hwm=2822MB
RSS_SAMPLE t=1064.7s rss=2823MB hwm=2823MB
RSS_SAMPLE t=1064.9s rss=2823MB hwm=2823MB
RSS_SAMPLE t=1065.2s rss=2823MB hwm=2823MB
RSS_SAMPLE t=1065.4s rss=2823MB hwm=2823MB
RSS_SAMPLE t=1065.7s rss=2823MB hwm=2823MB
RSS_SAMPLE t=1065.9s rss=2823MB hwm=2823MB
RSS_SAMPLE t=1066.2s rss=2823MB hwm=2823MB
RSS_SAMPLE t=1066.4s rss=2823MB hwm=2823MB
RSS_SAMPLE t=1066.7s rss=2823MB hwm=2823MB
RSS_SAMPLE t=1066.9s rss=2823MB hwm=2823MB
RSS_SAMPLE t=1067.2s rss=2824MB hwm=2824MB
RSS_SAMPLE t=1067.4s rss=2824MB hwm=2824MB
RSS_SAMPLE t=1067.7s rss=2824MB hwm=2824MB
RSS_SAMPLE t=1067.9s rss=2824MB hwm=2824MB
RSS_SAMPLE t=1068.2s rss=2825MB hwm=2825MB
RSS_SAMPLE t=1068.4s rss=2825MB hwm=2825MB
RSS_SAMPLE t=1068.7s rss=2825MB hwm=2825MB
RSS_SAMPLE t=1068.9s rss=2825MB hwm=2825MB
RSS_SAMPLE t=1069.2s rss=2825MB hwm=2825MB
RSS_SAMPLE t=1069.4s rss=2826MB hwm=2826MB
RSS_SAMPLE t=1069.7s rss=2826MB hwm=2826MB
RSS_SAMPLE t=1069.9s rss=2827MB hwm=2827MB
RSS_SAMPLE t=1070.2s rss=2827MB hwm=2827MB
RSS_SAMPLE t=1070.4s rss=2827MB hwm=2827MB
RSS_SAMPLE t=1070.7s rss=2827MB hwm=2827MB
RSS_SAMPLE t=1070.9s rss=2827MB hwm=2827MB
RSS_SAMPLE t=1071.2s rss=2827MB hwm=2827MB
RSS_SAMPLE t=1071.4s rss=2828MB hwm=2828MB
RSS_SAMPLE t=1071.7s rss=2828MB hwm=2828MB
RSS_SAMPLE t=1071.9s rss=2828MB hwm=2828MB
RSS_SAMPLE t=1072.2s rss=2829MB hwm=2829MB
RSS_SAMPLE t=1072.4s rss=2829MB hwm=2829MB
RSS_SAMPLE t=1072.7s rss=2829MB hwm=2829MB
RSS_SAMPLE t=1072.9s rss=2829MB hwm=2829MB
RSS_SAMPLE t=1073.2s rss=2830MB hwm=2830MB
RSS_SAMPLE t=1073.4s rss=2830MB hwm=2830MB
RSS_SAMPLE t=1073.7s rss=2830MB hwm=2830MB
RSS_SAMPLE t=1073.9s rss=2830MB hwm=2830MB
RSS_SAMPLE t=1074.2s rss=2830MB hwm=2830MB
RSS_SAMPLE t=1074.4s rss=2831MB hwm=2831MB
RSS_SAMPLE t=1074.7s rss=2831MB hwm=2831MB
RSS_SAMPLE t=1074.9s rss=2831MB hwm=2831MB
RSS_SAMPLE t=1075.2s rss=2832MB hwm=2832MB
RSS_SAMPLE t=1075.4s rss=2832MB hwm=2832MB
RSS_SAMPLE t=1075.7s rss=2833MB hwm=2833MB
RSS_SAMPLE t=1075.9s rss=2833MB hwm=2833MB
RSS_SAMPLE t=1076.2s rss=2833MB hwm=2833MB
RSS_SAMPLE t=1076.4s rss=2834MB hwm=2834MB
RSS_SAMPLE t=1076.7s rss=2834MB hwm=2834MB
RSS_SAMPLE t=1076.9s rss=2835MB hwm=2835MB
RSS_SAMPLE t=1077.2s rss=2835MB hwm=2835MB
RSS_SAMPLE t=1077.4s rss=2835MB hwm=2835MB
RSS_SAMPLE t=1077.7s rss=2836MB hwm=2836MB
RSS_SAMPLE t=1077.9s rss=2836MB hwm=2836MB
RSS_SAMPLE t=1078.2s rss=2837MB hwm=2837MB
RSS_SAMPLE t=1078.4s rss=2837MB hwm=2837MB
RSS_SAMPLE t=1078.7s rss=2837MB hwm=2837MB
RSS_SAMPLE t=1078.9s rss=2838MB hwm=2838MB
RSS_SAMPLE t=1079.2s rss=2838MB hwm=2838MB
RSS_SAMPLE t=1079.4s rss=2838MB hwm=2838MB
RSS_SAMPLE t=1079.7s rss=2838MB hwm=2838MB
RSS_SAMPLE t=1079.9s rss=2839MB hwm=2839MB
RSS_SAMPLE t=1080.2s rss=2839MB hwm=2839MB
RSS_SAMPLE t=1080.4s rss=2839MB hwm=2839MB
RSS_SAMPLE t=1080.7s rss=2839MB hwm=2839MB
RSS_SAMPLE t=1080.9s rss=2839MB hwm=2839MB
RSS_SAMPLE t=1081.2s rss=2839MB hwm=2839MB
RSS_SAMPLE t=1081.4s rss=2839MB hwm=2839MB
RSS_SAMPLE t=1081.7s rss=2839MB hwm=2839MB
RSS_SAMPLE t=1081.9s rss=2839MB hwm=2839MB
RSS_SAMPLE t=1082.2s rss=2839MB hwm=2839MB
RSS_SAMPLE t=1082.4s rss=2839MB hwm=2839MB
RSS_SAMPLE t=1082.7s rss=2839MB hwm=2839MB
RSS_SAMPLE t=1082.9s rss=2839MB hwm=2839MB
RSS_SAMPLE t=1083.2s rss=2840MB hwm=2840MB
RSS_SAMPLE t=1083.4s rss=2840MB hwm=2840MB
RSS_SAMPLE t=1083.7s rss=2840MB hwm=2840MB
RSS_SAMPLE t=1083.9s rss=2840MB hwm=2840MB
RSS_SAMPLE t=1084.2s rss=2840MB hwm=2840MB
RSS_SAMPLE t=1084.4s rss=2840MB hwm=2840MB
RSS_SAMPLE t=1084.7s rss=2840MB hwm=2840MB
RSS_SAMPLE t=1084.9s rss=2840MB hwm=2840MB
RSS_SAMPLE t=1085.2s rss=2840MB hwm=2840MB
RSS_SAMPLE t=1085.4s rss=2840MB hwm=2840MB
RSS_SAMPLE t=1085.7s rss=2840MB hwm=2840MB
RSS_SAMPLE t=1085.9s rss=2840MB hwm=2840MB
RSS_SAMPLE t=1086.2s rss=2840MB hwm=2840MB
RSS_SAMPLE t=1086.4s rss=2840MB hwm=2840MB
RSS_SAMPLE t=1086.7s rss=2840MB hwm=2840MB
RSS_SAMPLE t=1086.9s rss=2840MB hwm=2840MB
RSS_SAMPLE t=1087.2s rss=2840MB hwm=2840MB
RSS_SAMPLE t=1087.4s rss=2840MB hwm=2840MB
RSS_SAMPLE t=1087.7s rss=2840MB hwm=2840MB
RSS_SAMPLE t=1087.9s rss=2840MB hwm=2840MB
RSS_SAMPLE t=1088.2s rss=2840MB hwm=2840MB
RSS_SAMPLE t=1088.4s rss=2840MB hwm=2840MB
RSS_SAMPLE t=1088.7s rss=2840MB hwm=2840MB
RSS_SAMPLE t=1088.9s rss=2840MB hwm=2840MB
RSS_SAMPLE t=1089.2s rss=2840MB hwm=2840MB
RSS_SAMPLE t=1089.4s rss=2840MB hwm=2840MB
RSS_SAMPLE t=1089.7s rss=2840MB hwm=2840MB
RSS_SAMPLE t=1089.9s rss=2840MB hwm=2840MB
RSS_SAMPLE t=1090.2s rss=2840MB hwm=2840MB
RSS_SAMPLE t=1090.4s rss=2840MB hwm=2840MB
RSS_SAMPLE t=1090.7s rss=2840MB hwm=2840MB
RSS_SAMPLE t=1090.9s rss=2840MB hwm=2840MB
RSS_SAMPLE t=1091.2s rss=2840MB hwm=2840MB
RSS_SAMPLE t=1091.4s rss=2840MB hwm=2840MB
RSS_SAMPLE t=1091.7s rss=2840MB hwm=2840MB
RSS_SAMPLE t=1091.9s rss=2840MB hwm=2840MB
RSS_SAMPLE t=1092.2s rss=2840MB hwm=2840MB
RSS_SAMPLE t=1092.4s rss=2840MB hwm=2840MB
RSS_SAMPLE t=1092.7s rss=2840MB hwm=2840MB
RSS_SAMPLE t=1092.9s rss=2840MB hwm=2840MB
RSS_SAMPLE t=1093.2s rss=2840MB hwm=2840MB
RSS_SAMPLE t=1093.4s rss=2840MB hwm=2840MB
RSS_SAMPLE t=1093.7s rss=2840MB hwm=2840MB
RSS_SAMPLE t=1093.9s rss=2840MB hwm=2840MB
RSS_SAMPLE t=1094.2s rss=2840MB hwm=2840MB
RSS_SAMPLE t=1094.4s rss=2840MB hwm=2840MB
RSS_SAMPLE t=1094.7s rss=2840MB hwm=2840MB
RSS_SAMPLE t=1094.9s rss=2840MB hwm=2840MB
RSS_SAMPLE t=1095.2s rss=2840MB hwm=2840MB
RSS_SAMPLE t=1095.4s rss=2840MB hwm=2840MB
RSS_SAMPLE t=1095.7s rss=2840MB hwm=2840MB
RSS_SAMPLE t=1095.9s rss=2840MB hwm=2840MB
RSS_SAMPLE t=1096.2s rss=2840MB hwm=2840MB
RSS_SAMPLE t=1096.4s rss=2840MB hwm=2840MB
RSS_SAMPLE t=1096.7s rss=2840MB hwm=2840MB
RSS_SAMPLE t=1096.9s rss=2840MB hwm=2840MB
RSS_SAMPLE t=1097.2s rss=2840MB hwm=2840MB
RSS_SAMPLE t=1097.4s rss=2840MB hwm=2840MB
RSS_SAMPLE t=1097.7s rss=2841MB hwm=2841MB
RSS_SAMPLE t=1097.9s rss=2841MB hwm=2841MB
RSS_SAMPLE t=1098.2s rss=2841MB hwm=2841MB
RSS_SAMPLE t=1098.4s rss=2841MB hwm=2841MB
RSS_SAMPLE t=1098.7s rss=2841MB hwm=2841MB
RSS_SAMPLE t=1098.9s rss=2841MB hwm=2841MB
RSS_SAMPLE t=1099.2s rss=2841MB hwm=2841MB
RSS_SAMPLE t=1099.4s rss=2841MB hwm=2841MB
RSS_SAMPLE t=1099.7s rss=2841MB hwm=2841MB
RSS_SAMPLE t=1099.9s rss=2841MB hwm=2841MB
RSS_SAMPLE t=1100.2s rss=2841MB hwm=2841MB
RSS_SAMPLE t=1100.4s rss=2841MB hwm=2841MB
RSS_SAMPLE t=1100.7s rss=2841MB hwm=2841MB
RSS_SAMPLE t=1100.9s rss=2841MB hwm=2841MB
RSS_SAMPLE t=1101.2s rss=2841MB hwm=2841MB
RSS_SAMPLE t=1101.4s rss=2841MB hwm=2841MB
RSS_SAMPLE t=1101.7s rss=2841MB hwm=2841MB
RSS_SAMPLE t=1101.9s rss=2841MB hwm=2841MB
RSS_SAMPLE t=1102.2s rss=2841MB hwm=2841MB
RSS_SAMPLE t=1102.4s rss=2841MB hwm=2841MB
RSS_SAMPLE t=1102.7s rss=2841MB hwm=2841MB
RSS_SAMPLE t=1102.9s rss=2841MB hwm=2841MB
RSS_SAMPLE t=1103.2s rss=2841MB hwm=2841MB
RSS_SAMPLE t=1103.5s rss=2841MB hwm=2841MB
RSS_SAMPLE t=1103.7s rss=2841MB hwm=2841MB
RSS_SAMPLE t=1104.0s rss=2842MB hwm=2842MB
RSS_SAMPLE t=1104.2s rss=2842MB hwm=2842MB
RSS_SAMPLE t=1104.5s rss=2842MB hwm=2842MB
RSS_SAMPLE t=1104.7s rss=2842MB hwm=2842MB
RSS_SAMPLE t=1105.0s rss=2842MB hwm=2842MB
RSS_SAMPLE t=1105.2s rss=2842MB hwm=2842MB
RSS_SAMPLE t=1105.5s rss=2842MB hwm=2842MB
RSS_SAMPLE t=1105.7s rss=2842MB hwm=2842MB
RSS_SAMPLE t=1106.0s rss=2842MB hwm=2842MB
RSS_SAMPLE t=1106.2s rss=2842MB hwm=2842MB
RSS_SAMPLE t=1106.5s rss=2842MB hwm=2842MB
RSS_SAMPLE t=1106.7s rss=2842MB hwm=2842MB
RSS_SAMPLE t=1107.0s rss=2842MB hwm=2842MB
RSS_SAMPLE t=1107.2s rss=2842MB hwm=2842MB
RSS_SAMPLE t=1107.5s rss=2842MB hwm=2842MB
RSS_SAMPLE t=1107.7s rss=2842MB hwm=2842MB
RSS_SAMPLE t=1108.0s rss=2842MB hwm=2842MB
RSS_SAMPLE t=1108.2s rss=2842MB hwm=2842MB
RSS_SAMPLE t=1108.5s rss=2842MB hwm=2842MB
RSS_SAMPLE t=1108.7s rss=2842MB hwm=2842MB
RSS_SAMPLE t=1109.0s rss=2842MB hwm=2842MB
RSS_SAMPLE t=1109.2s rss=2842MB hwm=2842MB
RSS_SAMPLE t=1109.5s rss=2842MB hwm=2842MB
RSS_SAMPLE t=1109.7s rss=2842MB hwm=2842MB
RSS_SAMPLE t=1110.0s rss=2842MB hwm=2842MB
RSS_SAMPLE t=1110.2s rss=2842MB hwm=2842MB
RSS_SAMPLE t=1110.5s rss=2842MB hwm=2842MB
RSS_SAMPLE t=1110.7s rss=2842MB hwm=2842MB
RSS_SAMPLE t=1111.0s rss=2842MB hwm=2842MB
RSS_SAMPLE t=1111.2s rss=2842MB hwm=2842MB
RSS_SAMPLE t=1111.5s rss=2842MB hwm=2842MB
RSS_SAMPLE t=1111.7s rss=2842MB hwm=2842MB
RSS_SAMPLE t=1112.0s rss=2842MB hwm=2842MB
RSS_SAMPLE t=1112.2s rss=2842MB hwm=2842MB
RSS_SAMPLE t=1112.5s rss=2842MB hwm=2842MB
RSS_SAMPLE t=1112.7s rss=2842MB hwm=2842MB
RSS_SAMPLE t=1113.0s rss=2842MB hwm=2842MB
RSS_SAMPLE t=1113.2s rss=2842MB hwm=2842MB
RSS_SAMPLE t=1113.5s rss=2842MB hwm=2842MB
RSS_SAMPLE t=1113.7s rss=2842MB hwm=2842MB
RSS_SAMPLE t=1114.0s rss=2842MB hwm=2842MB
RSS_SAMPLE t=1114.2s rss=2842MB hwm=2842MB
RSS_SAMPLE t=1114.5s rss=2842MB hwm=2842MB
RSS_SAMPLE t=1114.7s rss=2842MB hwm=2842MB
RSS_SAMPLE t=1115.0s rss=2842MB hwm=2842MB
RSS_SAMPLE t=1115.2s rss=2842MB hwm=2842MB
RSS_SAMPLE t=1115.5s rss=2842MB hwm=2842MB
RSS_SAMPLE t=1115.7s rss=2842MB hwm=2842MB
RSS_SAMPLE t=1116.0s rss=2842MB hwm=2842MB
RSS_SAMPLE t=1116.2s rss=2843MB hwm=2843MB
RSS_SAMPLE t=1116.5s rss=2843MB hwm=2843MB
RSS_SAMPLE t=1116.7s rss=2843MB hwm=2843MB
RSS_SAMPLE t=1117.0s rss=2843MB hwm=2843MB
RSS_SAMPLE t=1117.2s rss=2843MB hwm=2843MB
RSS_SAMPLE t=1117.5s rss=2843MB hwm=2843MB
RSS_SAMPLE t=1117.7s rss=2843MB hwm=2843MB
RSS_SAMPLE t=1118.0s rss=2843MB hwm=2843MB
RSS_SAMPLE t=1118.2s rss=2843MB hwm=2843MB
RSS_SAMPLE t=1118.5s rss=2843MB hwm=2843MB
RSS_SAMPLE t=1118.7s rss=2843MB hwm=2843MB
RSS_SAMPLE t=1119.0s rss=2843MB hwm=2843MB
RSS_SAMPLE t=1119.2s rss=2843MB hwm=2843MB
RSS_SAMPLE t=1119.5s rss=2843MB hwm=2843MB
RSS_SAMPLE t=1119.7s rss=2843MB hwm=2843MB
RSS_SAMPLE t=1120.0s rss=2843MB hwm=2843MB
RSS_SAMPLE t=1120.2s rss=2843MB hwm=2843MB
RSS_SAMPLE t=1120.5s rss=2843MB hwm=2843MB
RSS_SAMPLE t=1120.7s rss=2843MB hwm=2843MB
RSS_SAMPLE t=1121.0s rss=2843MB hwm=2843MB
RSS_SAMPLE t=1121.2s rss=2843MB hwm=2843MB
RSS_SAMPLE t=1121.5s rss=2843MB hwm=2843MB
RSS_SAMPLE t=1121.7s rss=2843MB hwm=2843MB
RSS_SAMPLE t=1122.0s rss=2843MB hwm=2843MB
RSS_SAMPLE t=1122.2s rss=2843MB hwm=2843MB
RSS_SAMPLE t=1122.5s rss=2843MB hwm=2843MB
RSS_SAMPLE t=1122.7s rss=2843MB hwm=2843MB
RSS_SAMPLE t=1123.0s rss=2843MB hwm=2843MB
RSS_SAMPLE t=1123.2s rss=2843MB hwm=2843MB
RSS_SAMPLE t=1123.5s rss=2843MB hwm=2843MB
RSS_SAMPLE t=1123.7s rss=2843MB hwm=2843MB
RSS_SAMPLE t=1124.0s rss=2843MB hwm=2843MB
RSS_SAMPLE t=1124.2s rss=2843MB hwm=2843MB
RSS_SAMPLE t=1124.5s rss=2843MB hwm=2843MB
RSS_SAMPLE t=1124.7s rss=2843MB hwm=2843MB
RSS_SAMPLE t=1125.0s rss=2843MB hwm=2843MB
RSS_SAMPLE t=1125.2s rss=2843MB hwm=2843MB
RSS_SAMPLE t=1125.5s rss=2843MB hwm=2843MB
RSS_SAMPLE t=1125.7s rss=2843MB hwm=2843MB
RSS_SAMPLE t=1126.0s rss=2843MB hwm=2843MB
RSS_SAMPLE t=1126.2s rss=2843MB hwm=2843MB
RSS_SAMPLE t=1126.5s rss=2843MB hwm=2843MB
RSS_SAMPLE t=1126.7s rss=2843MB hwm=2843MB
RSS_SAMPLE t=1127.0s rss=2843MB hwm=2843MB
RSS_SAMPLE t=1127.2s rss=2843MB hwm=2843MB
RSS_SAMPLE t=1127.5s rss=2843MB hwm=2843MB
RSS_SAMPLE t=1127.7s rss=2843MB hwm=2843MB
RSS_SAMPLE t=1128.0s rss=2843MB hwm=2843MB
RSS_SAMPLE t=1128.2s rss=2843MB hwm=2843MB
RSS_SAMPLE t=1128.5s rss=2844MB hwm=2844MB
RSS_SAMPLE t=1128.7s rss=2844MB hwm=2844MB
RSS_SAMPLE t=1129.0s rss=2844MB hwm=2844MB
RSS_SAMPLE t=1129.2s rss=2844MB hwm=2844MB
RSS_SAMPLE t=1129.5s rss=2844MB hwm=2844MB
RSS_SAMPLE t=1129.7s rss=2844MB hwm=2844MB
RSS_SAMPLE t=1130.0s rss=2844MB hwm=2844MB
RSS_SAMPLE t=1130.2s rss=2844MB hwm=2844MB
RSS_SAMPLE t=1130.5s rss=2844MB hwm=2844MB
RSS_SAMPLE t=1130.7s rss=2844MB hwm=2844MB
RSS_SAMPLE t=1131.0s rss=2844MB hwm=2844MB
RSS_SAMPLE t=1131.2s rss=2844MB hwm=2844MB
RSS_SAMPLE t=1131.5s rss=2844MB hwm=2844MB
RSS_SAMPLE t=1131.7s rss=2844MB hwm=2844MB
RSS_SAMPLE t=1132.0s rss=2844MB hwm=2844MB
RSS_SAMPLE t=1132.2s rss=2844MB hwm=2844MB
RSS_SAMPLE t=1132.5s rss=2844MB hwm=2844MB
RSS_SAMPLE t=1132.7s rss=2844MB hwm=2844MB
RSS_SAMPLE t=1133.0s rss=2844MB hwm=2844MB
RSS_SAMPLE t=1133.2s rss=2844MB hwm=2844MB
RSS_SAMPLE t=1133.5s rss=2844MB hwm=2844MB
RSS_SAMPLE t=1133.7s rss=2844MB hwm=2844MB
RSS_SAMPLE t=1134.0s rss=2844MB hwm=2844MB
RSS_SAMPLE t=1134.2s rss=2844MB hwm=2844MB
RSS_SAMPLE t=1134.5s rss=2844MB hwm=2844MB
RSS_SAMPLE t=1134.7s rss=2844MB hwm=2844MB
RSS_SAMPLE t=1135.0s rss=2844MB hwm=2844MB
RSS_SAMPLE t=1135.2s rss=2844MB hwm=2844MB
RSS_SAMPLE t=1135.5s rss=2844MB hwm=2844MB
RSS_SAMPLE t=1135.7s rss=2844MB hwm=2844MB
RSS_SAMPLE t=1136.0s rss=2844MB hwm=2844MB
RSS_SAMPLE t=1136.2s rss=2844MB hwm=2844MB
RSS_SAMPLE t=1136.5s rss=2844MB hwm=2844MB
RSS_SAMPLE t=1136.7s rss=2844MB hwm=2844MB
RSS_SAMPLE t=1137.0s rss=2844MB hwm=2844MB
RSS_SAMPLE t=1137.2s rss=2844MB hwm=2844MB
RSS_SAMPLE t=1137.5s rss=2844MB hwm=2844MB
RSS_SAMPLE t=1137.7s rss=2844MB hwm=2844MB
RSS_SAMPLE t=1138.0s rss=2844MB hwm=2844MB
RSS_SAMPLE t=1138.2s rss=2844MB hwm=2844MB
RSS_SAMPLE t=1138.5s rss=2844MB hwm=2844MB
RSS_SAMPLE t=1138.7s rss=2844MB hwm=2844MB
RSS_SAMPLE t=1139.0s rss=2844MB hwm=2844MB
RSS_SAMPLE t=1139.2s rss=2844MB hwm=2844MB
RSS_SAMPLE t=1139.5s rss=2844MB hwm=2844MB
RSS_SAMPLE t=1139.7s rss=2844MB hwm=2844MB
RSS_SAMPLE t=1140.0s rss=2844MB hwm=2844MB
RSS_SAMPLE t=1140.2s rss=2844MB hwm=2844MB
RSS_SAMPLE t=1140.5s rss=2844MB hwm=2844MB
RSS_SAMPLE t=1140.7s rss=2844MB hwm=2844MB
RSS_SAMPLE t=1141.0s rss=2844MB hwm=2844MB
RSS_SAMPLE t=1141.2s rss=2844MB hwm=2844MB
RSS_SAMPLE t=1141.5s rss=2844MB hwm=2844MB
RSS_SAMPLE t=1141.7s rss=2844MB hwm=2844MB
RSS_SAMPLE t=1142.0s rss=2844MB hwm=2844MB
RSS_SAMPLE t=1142.2s rss=2844MB hwm=2844MB
RSS_SAMPLE t=1142.5s rss=2844MB hwm=2844MB
RSS_SAMPLE t=1142.7s rss=2844MB hwm=2844MB
RSS_SAMPLE t=1143.0s rss=2844MB hwm=2844MB
RSS_SAMPLE t=1143.2s rss=2844MB hwm=2844MB
RSS_SAMPLE t=1143.5s rss=2844MB hwm=2844MB
RSS_SAMPLE t=1143.7s rss=2844MB hwm=2844MB
RSS_SAMPLE t=1144.0s rss=2844MB hwm=2844MB
RSS_SAMPLE t=1144.2s rss=2844MB hwm=2844MB
RSS_SAMPLE t=1144.5s rss=2844MB hwm=2844MB
RSS_SAMPLE t=1144.7s rss=2844MB hwm=2844MB
RSS_SAMPLE t=1145.0s rss=2844MB hwm=2844MB
RSS_SAMPLE t=1145.2s rss=2844MB hwm=2844MB
RSS_SAMPLE t=1145.5s rss=2844MB hwm=2844MB
RSS_SAMPLE t=1145.7s rss=2844MB hwm=2844MB
RSS_SAMPLE t=1146.0s rss=2844MB hwm=2844MB
RSS_SAMPLE t=1146.2s rss=2845MB hwm=2845MB
RSS_SAMPLE t=1146.5s rss=2845MB hwm=2845MB
RSS_SAMPLE t=1146.7s rss=2845MB hwm=2845MB
RSS_SAMPLE t=1147.0s rss=2845MB hwm=2845MB
RSS_SAMPLE t=1147.2s rss=2845MB hwm=2845MB
RSS_SAMPLE t=1147.5s rss=2845MB hwm=2845MB
RSS_SAMPLE t=1147.7s rss=2845MB hwm=2845MB
RSS_SAMPLE t=1148.0s rss=2845MB hwm=2845MB
RSS_SAMPLE t=1148.2s rss=2845MB hwm=2845MB
RSS_SAMPLE t=1148.5s rss=2845MB hwm=2845MB
RSS_SAMPLE t=1148.7s rss=2845MB hwm=2845MB
RSS_SAMPLE t=1149.0s rss=2845MB hwm=2845MB
RSS_SAMPLE t=1149.2s rss=2845MB hwm=2845MB
RSS_SAMPLE t=1149.5s rss=2845MB hwm=2845MB
RSS_SAMPLE t=1149.7s rss=2845MB hwm=2845MB
RSS_SAMPLE t=1150.0s rss=2845MB hwm=2845MB
RSS_SAMPLE t=1150.2s rss=2845MB hwm=2845MB
RSS_SAMPLE t=1150.5s rss=2845MB hwm=2845MB
RSS_SAMPLE t=1150.7s rss=2845MB hwm=2845MB
RSS_SAMPLE t=1151.0s rss=2845MB hwm=2845MB
RSS_SAMPLE t=1151.2s rss=2845MB hwm=2845MB
RSS_SAMPLE t=1151.5s rss=2845MB hwm=2845MB
RSS_SAMPLE t=1151.7s rss=2845MB hwm=2845MB
RSS_SAMPLE t=1152.0s rss=2845MB hwm=2845MB
RSS_SAMPLE t=1152.2s rss=2845MB hwm=2845MB
RSS_SAMPLE t=1152.5s rss=2845MB hwm=2845MB
RSS_SAMPLE t=1152.7s rss=2845MB hwm=2845MB
RSS_SAMPLE t=1153.0s rss=2845MB hwm=2845MB
RSS_SAMPLE t=1153.2s rss=2845MB hwm=2845MB
RSS_SAMPLE t=1153.5s rss=2845MB hwm=2845MB
RSS_SAMPLE t=1153.7s rss=2845MB hwm=2845MB
RSS_SAMPLE t=1154.0s rss=2845MB hwm=2845MB
RSS_SAMPLE t=1154.2s rss=2845MB hwm=2845MB
RSS_SAMPLE t=1154.5s rss=2845MB hwm=2845MB
RSS_SAMPLE t=1154.7s rss=2845MB hwm=2845MB
RSS_SAMPLE t=1155.0s rss=2845MB hwm=2845MB
RSS_SAMPLE t=1155.2s rss=2845MB hwm=2845MB
RSS_SAMPLE t=1155.5s rss=2845MB hwm=2845MB
MEM_POOL: workspaces=8 dense_usage_mb=313 n_pipes=2562403
    post_solve_diag[outer=6]: solves=105117 cap_armed=105117 (100.0%) settle_avg=6969 above_sink_avg=107 (1.5%) settle_max=69353
    settle_hist[outer=6]: <100: 32152nets/0.1%work  <1k: 18428nets/1.0%work  <5k: 22879nets/8.1%work  <20k: 17859nets/26.1%work  <60k: 13262nets/60.0%work  >=60k: 537nets/4.7%work
    fanout_hist[outer=6]: fan1: 43710nets/13.3%work  fan2-4: 48279nets/50.0%work  fan5-16: 12974nets/35.8%work  fan17-64: 154nets/0.9%work  fan65-256: 0nets/0.0%work  fan>256: 0nets/0.0%work
    rss_probe[outer=6]: pre_post_solve=2806MB post_post_solve=2845MB after_apply=2845MB
    E_decomp: base=6772394.3 eff=386114403617187.4 cong=386114396844793.1 cong_share=100.0% sat_pipes=83360 max_util=946.78  R_buckets: 1-2x=81597 2-10x=21920 10-100x=2149744 >=100x=309142
    E_potential: beckmann=40731952929961.2 history_total=0.0
    SpanCache: epoch=7 entries=2308 lookups=2562403 hits=2560095 misses=2308 hit_rate=99.9%
  DCD   6: nets=105117 line=14458197 energy=10129387522.198 dE=+6998563615.897 friction=13717112.2 bins=2.0x(327) excess=115.3 moved=66571 disp=6.026 solves=105117 skip=105117 pops=732571833 theta=0.644 refresh=144095ms dcd=7627ms total=155984ms
    cache_stats: entries=54740703 capacity=100238285 est_mb=865 rss_mb=2846
RSS_SAMPLE t=1155.7s rss=2846MB hwm=2846MB
RSS_SAMPLE t=1156.0s rss=2846MB hwm=2846MB
RSS_SAMPLE t=1156.2s rss=2846MB hwm=2846MB
RSS_SAMPLE t=1156.5s rss=2846MB hwm=2846MB
RSS_SAMPLE t=1156.7s rss=2846MB hwm=2846MB
RSS_SAMPLE t=1157.0s rss=2846MB hwm=2846MB
RSS_SAMPLE t=1157.2s rss=2846MB hwm=2846MB
RSS_SAMPLE t=1157.5s rss=2846MB hwm=2846MB
RSS_SAMPLE t=1157.7s rss=2846MB hwm=2846MB
RSS_SAMPLE t=1158.0s rss=2846MB hwm=2846MB
RSS_SAMPLE t=1158.2s rss=2846MB hwm=2846MB
RSS_SAMPLE t=1158.5s rss=2846MB hwm=2846MB
    SwitchMatrix: type_usage_pairs=1061 lookups=2131 hits=1070 dijkstra_calls=1061 avg_us=11.8 total_ms=12.5
PHASE_MARK outer=7 enter=pre_solve rss=2846MB
    rss_probe[outer=7]: pre_refresh_rss=2846MB post_pre_solve_rss=2846MB cache_entries=54740703 cache_cap=100238285 cache_est_mb=865
    pre_solve_diag[outer=7]: solves=0 fallback=0 (0.0%) cap_armed=0 (0.0%) settle_avg=0 settle_max=0 init_count=59
    Overflow: over=81388 (3.2% of used) avg_excess=16.62 max_excess=3130.68 (nc=3154.68 cap=24 span=1)  excess_buckets: <=1=2984 1-5=35266 5-20=26977 >20=16161  by_cap: cap1=1373 cap2=67594 cap3-5=80 cap>5=12341  by_span: s1=536 s2-3=11336 s4-6=1805 s7-12=66021 s>12=1690  le1_cross: cap1=635 cap2-5=2137 cap>5=212
    Congestion: pipes=2562403 used=2562403 congested(>50%)=100485 saturated(>90%)=83360 max_util=946.78 avg_util=0.1909
PHASE_MARK outer=7 enter=dcd_sweep rss=2846MB
RSS_SAMPLE t=1158.7s rss=2846MB hwm=2846MB
RSS_SAMPLE t=1159.0s rss=2846MB hwm=2846MB
RSS_SAMPLE t=1159.2s rss=2846MB hwm=2846MB
RSS_SAMPLE t=1159.5s rss=2846MB hwm=2846MB
RSS_SAMPLE t=1159.7s rss=2846MB hwm=2846MB
RSS_SAMPLE t=1160.0s rss=2846MB hwm=2846MB
RSS_SAMPLE t=1160.2s rss=2846MB hwm=2846MB
RSS_SAMPLE t=1160.5s rss=2846MB hwm=2846MB
RSS_SAMPLE t=1160.7s rss=2846MB hwm=2846MB
RSS_SAMPLE t=1161.0s rss=2846MB hwm=2846MB
RSS_SAMPLE t=1161.2s rss=2846MB hwm=2846MB
RSS_SAMPLE t=1161.5s rss=2846MB hwm=2846MB
RSS_SAMPLE t=1161.7s rss=2846MB hwm=2846MB
RSS_SAMPLE t=1162.0s rss=2846MB hwm=2846MB
RSS_SAMPLE t=1162.2s rss=2846MB hwm=2846MB
RSS_SAMPLE t=1162.5s rss=2846MB hwm=2846MB
RSS_SAMPLE t=1162.7s rss=2846MB hwm=2846MB
RSS_SAMPLE t=1163.0s rss=2846MB hwm=2846MB
RSS_SAMPLE t=1163.2s rss=2846MB hwm=2846MB
RSS_SAMPLE t=1163.5s rss=2846MB hwm=2846MB
RSS_SAMPLE t=1163.7s rss=2846MB hwm=2846MB
RSS_SAMPLE t=1164.0s rss=2846MB hwm=2846MB
RSS_SAMPLE t=1164.2s rss=2846MB hwm=2846MB
RSS_SAMPLE t=1164.5s rss=2846MB hwm=2846MB
RSS_SAMPLE t=1164.7s rss=2846MB hwm=2846MB
RSS_SAMPLE t=1165.0s rss=2846MB hwm=2846MB
RSS_SAMPLE t=1165.2s rss=2846MB hwm=2846MB
RSS_SAMPLE t=1165.5s rss=2846MB hwm=2846MB
RSS_SAMPLE t=1165.7s rss=2846MB hwm=2846MB
RSS_SAMPLE t=1166.0s rss=2846MB hwm=2846MB
RSS_SAMPLE t=1166.2s rss=2846MB hwm=2846MB
RSS_SAMPLE t=1166.5s rss=2846MB hwm=2846MB
RSS_SAMPLE t=1166.7s rss=2846MB hwm=2846MB
PHASE_MARK outer=7 leave=dcd_sweep rss=2846MB
PHASE_MARK outer=7 enter=post_refresh rss=2846MB
RSS_SAMPLE t=1167.0s rss=2846MB hwm=2846MB
RSS_SAMPLE t=1167.2s rss=2846MB hwm=2846MB
RSS_SAMPLE t=1167.5s rss=2846MB hwm=2846MB
RSS_SAMPLE t=1167.7s rss=2846MB hwm=2846MB
RSS_SAMPLE t=1168.0s rss=2846MB hwm=2846MB
RSS_SAMPLE t=1168.2s rss=2846MB hwm=2846MB
RSS_SAMPLE t=1168.5s rss=2846MB hwm=2846MB
RSS_SAMPLE t=1168.8s rss=2846MB hwm=2846MB
RSS_SAMPLE t=1169.0s rss=2846MB hwm=2846MB
RSS_SAMPLE t=1169.3s rss=2846MB hwm=2846MB
RSS_SAMPLE t=1169.5s rss=2846MB hwm=2846MB
RSS_SAMPLE t=1169.8s rss=2846MB hwm=2846MB
RSS_SAMPLE t=1170.0s rss=2846MB hwm=2846MB
RSS_SAMPLE t=1170.3s rss=2847MB hwm=2847MB
RSS_SAMPLE t=1170.5s rss=2847MB hwm=2847MB
RSS_SAMPLE t=1170.8s rss=2847MB hwm=2847MB
RSS_SAMPLE t=1171.0s rss=2847MB hwm=2847MB
RSS_SAMPLE t=1171.3s rss=2847MB hwm=2847MB
RSS_SAMPLE t=1171.5s rss=2847MB hwm=2847MB
RSS_SAMPLE t=1171.8s rss=2847MB hwm=2847MB
RSS_SAMPLE t=1172.0s rss=2847MB hwm=2847MB
RSS_SAMPLE t=1172.3s rss=2848MB hwm=2848MB
RSS_SAMPLE t=1172.5s rss=2848MB hwm=2848MB
RSS_SAMPLE t=1172.8s rss=2848MB hwm=2848MB
RSS_SAMPLE t=1173.0s rss=2848MB hwm=2848MB
RSS_SAMPLE t=1173.3s rss=2848MB hwm=2848MB
RSS_SAMPLE t=1173.5s rss=2848MB hwm=2848MB
RSS_SAMPLE t=1173.8s rss=2848MB hwm=2848MB
RSS_SAMPLE t=1174.0s rss=2848MB hwm=2848MB
RSS_SAMPLE t=1174.3s rss=2848MB hwm=2848MB
RSS_SAMPLE t=1174.5s rss=2848MB hwm=2848MB
RSS_SAMPLE t=1174.8s rss=2848MB hwm=2848MB
RSS_SAMPLE t=1175.0s rss=2849MB hwm=2849MB
RSS_SAMPLE t=1175.3s rss=2849MB hwm=2849MB
RSS_SAMPLE t=1175.5s rss=2849MB hwm=2849MB
RSS_SAMPLE t=1175.8s rss=2849MB hwm=2849MB
RSS_SAMPLE t=1176.0s rss=2849MB hwm=2849MB
RSS_SAMPLE t=1176.3s rss=2849MB hwm=2849MB
RSS_SAMPLE t=1176.5s rss=2849MB hwm=2849MB
RSS_SAMPLE t=1176.8s rss=2849MB hwm=2849MB
RSS_SAMPLE t=1177.0s rss=2850MB hwm=2850MB
RSS_SAMPLE t=1177.3s rss=2850MB hwm=2850MB
RSS_SAMPLE t=1177.5s rss=2850MB hwm=2850MB
RSS_SAMPLE t=1177.8s rss=2850MB hwm=2850MB
RSS_SAMPLE t=1178.0s rss=2850MB hwm=2850MB
RSS_SAMPLE t=1178.3s rss=2850MB hwm=2850MB
RSS_SAMPLE t=1178.5s rss=2850MB hwm=2850MB
RSS_SAMPLE t=1178.8s rss=2850MB hwm=2850MB
RSS_SAMPLE t=1179.0s rss=2850MB hwm=2850MB
RSS_SAMPLE t=1179.3s rss=2850MB hwm=2850MB
RSS_SAMPLE t=1179.5s rss=2850MB hwm=2850MB
RSS_SAMPLE t=1179.8s rss=2850MB hwm=2850MB
RSS_SAMPLE t=1180.0s rss=2850MB hwm=2850MB
RSS_SAMPLE t=1180.3s rss=2850MB hwm=2850MB
RSS_SAMPLE t=1180.5s rss=2851MB hwm=2851MB
RSS_SAMPLE t=1180.8s rss=2851MB hwm=2851MB
RSS_SAMPLE t=1181.0s rss=2851MB hwm=2851MB
RSS_SAMPLE t=1181.3s rss=2851MB hwm=2851MB
RSS_SAMPLE t=1181.5s rss=2851MB hwm=2851MB
RSS_SAMPLE t=1181.8s rss=2851MB hwm=2851MB
RSS_SAMPLE t=1182.0s rss=2851MB hwm=2851MB
RSS_SAMPLE t=1182.3s rss=2851MB hwm=2851MB
RSS_SAMPLE t=1182.5s rss=2852MB hwm=2852MB
RSS_SAMPLE t=1182.8s rss=2852MB hwm=2852MB
RSS_SAMPLE t=1183.0s rss=2852MB hwm=2852MB
RSS_SAMPLE t=1183.3s rss=2852MB hwm=2852MB
RSS_SAMPLE t=1183.5s rss=2852MB hwm=2852MB
RSS_SAMPLE t=1183.8s rss=2852MB hwm=2852MB
RSS_SAMPLE t=1184.0s rss=2852MB hwm=2852MB
RSS_SAMPLE t=1184.3s rss=2852MB hwm=2852MB
RSS_SAMPLE t=1184.5s rss=2853MB hwm=2853MB
RSS_SAMPLE t=1184.8s rss=2853MB hwm=2853MB
RSS_SAMPLE t=1185.0s rss=2853MB hwm=2853MB
RSS_SAMPLE t=1185.3s rss=2853MB hwm=2853MB
RSS_SAMPLE t=1185.5s rss=2853MB hwm=2853MB
RSS_SAMPLE t=1185.8s rss=2853MB hwm=2853MB
RSS_SAMPLE t=1186.0s rss=2854MB hwm=2854MB
RSS_SAMPLE t=1186.3s rss=2854MB hwm=2854MB
RSS_SAMPLE t=1186.5s rss=2854MB hwm=2854MB
RSS_SAMPLE t=1186.8s rss=2854MB hwm=2854MB
RSS_SAMPLE t=1187.0s rss=2854MB hwm=2854MB
RSS_SAMPLE t=1187.3s rss=2855MB hwm=2855MB
RSS_SAMPLE t=1187.5s rss=2855MB hwm=2855MB
RSS_SAMPLE t=1187.8s rss=2855MB hwm=2855MB
RSS_SAMPLE t=1188.0s rss=2855MB hwm=2855MB
RSS_SAMPLE t=1188.3s rss=2855MB hwm=2855MB
RSS_SAMPLE t=1188.5s rss=2856MB hwm=2856MB
RSS_SAMPLE t=1188.8s rss=2856MB hwm=2856MB
RSS_SAMPLE t=1189.0s rss=2856MB hwm=2856MB
RSS_SAMPLE t=1189.3s rss=2856MB hwm=2856MB
RSS_SAMPLE t=1189.5s rss=2856MB hwm=2856MB
RSS_SAMPLE t=1189.8s rss=2857MB hwm=2857MB
RSS_SAMPLE t=1190.0s rss=2857MB hwm=2857MB
RSS_SAMPLE t=1190.3s rss=2857MB hwm=2857MB
RSS_SAMPLE t=1190.5s rss=2857MB hwm=2857MB
RSS_SAMPLE t=1190.8s rss=2857MB hwm=2857MB
RSS_SAMPLE t=1191.0s rss=2857MB hwm=2857MB
RSS_SAMPLE t=1191.3s rss=2857MB hwm=2857MB
RSS_SAMPLE t=1191.5s rss=2857MB hwm=2857MB
RSS_SAMPLE t=1191.8s rss=2858MB hwm=2858MB
RSS_SAMPLE t=1192.0s rss=2858MB hwm=2858MB
RSS_SAMPLE t=1192.3s rss=2858MB hwm=2858MB
RSS_SAMPLE t=1192.5s rss=2858MB hwm=2858MB
RSS_SAMPLE t=1192.8s rss=2858MB hwm=2858MB
RSS_SAMPLE t=1193.0s rss=2858MB hwm=2858MB
RSS_SAMPLE t=1193.3s rss=2858MB hwm=2858MB
RSS_SAMPLE t=1193.5s rss=2859MB hwm=2859MB
RSS_SAMPLE t=1193.8s rss=2859MB hwm=2859MB
RSS_SAMPLE t=1194.0s rss=2859MB hwm=2859MB
RSS_SAMPLE t=1194.3s rss=2859MB hwm=2859MB
RSS_SAMPLE t=1194.5s rss=2860MB hwm=2860MB
RSS_SAMPLE t=1194.8s rss=2860MB hwm=2860MB
RSS_SAMPLE t=1195.0s rss=2860MB hwm=2860MB
RSS_SAMPLE t=1195.3s rss=2860MB hwm=2860MB
RSS_SAMPLE t=1195.5s rss=2860MB hwm=2860MB
RSS_SAMPLE t=1195.8s rss=2861MB hwm=2861MB
RSS_SAMPLE t=1196.0s rss=2861MB hwm=2861MB
RSS_SAMPLE t=1196.3s rss=2861MB hwm=2861MB
RSS_SAMPLE t=1196.5s rss=2861MB hwm=2861MB
RSS_SAMPLE t=1196.8s rss=2861MB hwm=2861MB
RSS_SAMPLE t=1197.0s rss=2861MB hwm=2861MB
RSS_SAMPLE t=1197.3s rss=2862MB hwm=2862MB
RSS_SAMPLE t=1197.5s rss=2862MB hwm=2862MB
RSS_SAMPLE t=1197.8s rss=2862MB hwm=2862MB
RSS_SAMPLE t=1198.0s rss=2862MB hwm=2862MB
RSS_SAMPLE t=1198.3s rss=2862MB hwm=2862MB
RSS_SAMPLE t=1198.5s rss=2863MB hwm=2863MB
RSS_SAMPLE t=1198.8s rss=2863MB hwm=2863MB
RSS_SAMPLE t=1199.0s rss=2863MB hwm=2863MB
RSS_SAMPLE t=1199.3s rss=2863MB hwm=2863MB
RSS_SAMPLE t=1199.5s rss=2864MB hwm=2864MB
RSS_SAMPLE t=1199.8s rss=2864MB hwm=2864MB
RSS_SAMPLE t=1200.0s rss=2864MB hwm=2864MB
RSS_SAMPLE t=1200.3s rss=2864MB hwm=2864MB
RSS_SAMPLE t=1200.5s rss=2864MB hwm=2864MB
RSS_SAMPLE t=1200.8s rss=2864MB hwm=2864MB
RSS_SAMPLE t=1201.0s rss=2865MB hwm=2865MB
RSS_SAMPLE t=1201.3s rss=2865MB hwm=2865MB
RSS_SAMPLE t=1201.5s rss=2865MB hwm=2865MB
RSS_SAMPLE t=1201.8s rss=2865MB hwm=2865MB
RSS_SAMPLE t=1202.0s rss=2865MB hwm=2865MB
RSS_SAMPLE t=1202.3s rss=2865MB hwm=2865MB
RSS_SAMPLE t=1202.5s rss=2865MB hwm=2865MB
RSS_SAMPLE t=1202.8s rss=2866MB hwm=2866MB
RSS_SAMPLE t=1203.0s rss=2866MB hwm=2866MB
RSS_SAMPLE t=1203.3s rss=2866MB hwm=2866MB
RSS_SAMPLE t=1203.5s rss=2866MB hwm=2866MB
RSS_SAMPLE t=1203.8s rss=2866MB hwm=2866MB
RSS_SAMPLE t=1204.0s rss=2867MB hwm=2867MB
RSS_SAMPLE t=1204.3s rss=2867MB hwm=2867MB
RSS_SAMPLE t=1204.5s rss=2867MB hwm=2867MB
RSS_SAMPLE t=1204.8s rss=2867MB hwm=2867MB
RSS_SAMPLE t=1205.0s rss=2867MB hwm=2867MB
RSS_SAMPLE t=1205.3s rss=2867MB hwm=2867MB
RSS_SAMPLE t=1205.5s rss=2868MB hwm=2868MB
RSS_SAMPLE t=1205.8s rss=2868MB hwm=2868MB
RSS_SAMPLE t=1206.0s rss=2868MB hwm=2868MB
RSS_SAMPLE t=1206.3s rss=2868MB hwm=2868MB
RSS_SAMPLE t=1206.5s rss=2868MB hwm=2868MB
RSS_SAMPLE t=1206.8s rss=2868MB hwm=2868MB
RSS_SAMPLE t=1207.0s rss=2869MB hwm=2869MB
RSS_SAMPLE t=1207.3s rss=2869MB hwm=2869MB
RSS_SAMPLE t=1207.5s rss=2869MB hwm=2869MB
RSS_SAMPLE t=1207.8s rss=2869MB hwm=2869MB
RSS_SAMPLE t=1208.0s rss=2869MB hwm=2869MB
RSS_SAMPLE t=1208.3s rss=2869MB hwm=2869MB
RSS_SAMPLE t=1208.5s rss=2870MB hwm=2870MB
RSS_SAMPLE t=1208.8s rss=2870MB hwm=2870MB
RSS_SAMPLE t=1209.0s rss=2870MB hwm=2870MB
RSS_SAMPLE t=1209.3s rss=2870MB hwm=2870MB
RSS_SAMPLE t=1209.5s rss=2870MB hwm=2870MB
RSS_SAMPLE t=1209.8s rss=2870MB hwm=2870MB
RSS_SAMPLE t=1210.0s rss=2870MB hwm=2870MB
RSS_SAMPLE t=1210.3s rss=2870MB hwm=2870MB
RSS_SAMPLE t=1210.5s rss=2871MB hwm=2871MB
RSS_SAMPLE t=1210.8s rss=2872MB hwm=2872MB
RSS_SAMPLE t=1211.0s rss=2872MB hwm=2872MB
RSS_SAMPLE t=1211.3s rss=2872MB hwm=2872MB
RSS_SAMPLE t=1211.5s rss=2872MB hwm=2872MB
RSS_SAMPLE t=1211.8s rss=2873MB hwm=2873MB
RSS_SAMPLE t=1212.0s rss=2873MB hwm=2873MB
RSS_SAMPLE t=1212.3s rss=2873MB hwm=2873MB
RSS_SAMPLE t=1212.5s rss=2874MB hwm=2874MB
RSS_SAMPLE t=1212.8s rss=2874MB hwm=2874MB
RSS_SAMPLE t=1213.0s rss=2875MB hwm=2875MB
RSS_SAMPLE t=1213.3s rss=2875MB hwm=2875MB
RSS_SAMPLE t=1213.5s rss=2875MB hwm=2875MB
RSS_SAMPLE t=1213.8s rss=2876MB hwm=2876MB
RSS_SAMPLE t=1214.0s rss=2876MB hwm=2876MB
RSS_SAMPLE t=1214.3s rss=2876MB hwm=2876MB
RSS_SAMPLE t=1214.5s rss=2877MB hwm=2877MB
RSS_SAMPLE t=1214.8s rss=2877MB hwm=2877MB
RSS_SAMPLE t=1215.0s rss=2877MB hwm=2877MB
RSS_SAMPLE t=1215.3s rss=2877MB hwm=2877MB
RSS_SAMPLE t=1215.5s rss=2878MB hwm=2878MB
RSS_SAMPLE t=1215.8s rss=2878MB hwm=2878MB
RSS_SAMPLE t=1216.0s rss=2878MB hwm=2878MB
RSS_SAMPLE t=1216.3s rss=2879MB hwm=2879MB
RSS_SAMPLE t=1216.5s rss=2879MB hwm=2879MB
RSS_SAMPLE t=1216.8s rss=2879MB hwm=2879MB
RSS_SAMPLE t=1217.0s rss=2879MB hwm=2879MB
RSS_SAMPLE t=1217.3s rss=2880MB hwm=2880MB
RSS_SAMPLE t=1217.5s rss=2880MB hwm=2880MB
RSS_SAMPLE t=1217.8s rss=2880MB hwm=2880MB
RSS_SAMPLE t=1218.0s rss=2880MB hwm=2880MB
RSS_SAMPLE t=1218.3s rss=2880MB hwm=2880MB
RSS_SAMPLE t=1218.5s rss=2881MB hwm=2881MB
RSS_SAMPLE t=1218.8s rss=2881MB hwm=2881MB
RSS_SAMPLE t=1219.0s rss=2881MB hwm=2881MB
RSS_SAMPLE t=1219.3s rss=2881MB hwm=2881MB
RSS_SAMPLE t=1219.5s rss=2881MB hwm=2881MB
RSS_SAMPLE t=1219.8s rss=2882MB hwm=2882MB
RSS_SAMPLE t=1220.0s rss=2882MB hwm=2882MB
RSS_SAMPLE t=1220.3s rss=2882MB hwm=2882MB
RSS_SAMPLE t=1220.5s rss=2882MB hwm=2882MB
RSS_SAMPLE t=1220.8s rss=2882MB hwm=2882MB
RSS_SAMPLE t=1221.0s rss=2883MB hwm=2883MB
RSS_SAMPLE t=1221.3s rss=2883MB hwm=2883MB
RSS_SAMPLE t=1221.5s rss=2883MB hwm=2883MB
RSS_SAMPLE t=1221.8s rss=2883MB hwm=2883MB
RSS_SAMPLE t=1222.0s rss=2884MB hwm=2884MB
RSS_SAMPLE t=1222.3s rss=2884MB hwm=2884MB
RSS_SAMPLE t=1222.5s rss=2884MB hwm=2884MB
RSS_SAMPLE t=1222.8s rss=2884MB hwm=2884MB
RSS_SAMPLE t=1223.0s rss=2884MB hwm=2884MB
RSS_SAMPLE t=1223.3s rss=2885MB hwm=2885MB
RSS_SAMPLE t=1223.5s rss=2885MB hwm=2885MB
RSS_SAMPLE t=1223.8s rss=2885MB hwm=2885MB
RSS_SAMPLE t=1224.0s rss=2886MB hwm=2886MB
RSS_SAMPLE t=1224.3s rss=2886MB hwm=2886MB
RSS_SAMPLE t=1224.5s rss=2887MB hwm=2887MB
RSS_SAMPLE t=1224.8s rss=2887MB hwm=2887MB
RSS_SAMPLE t=1225.0s rss=2887MB hwm=2887MB
RSS_SAMPLE t=1225.3s rss=2888MB hwm=2888MB
RSS_SAMPLE t=1225.5s rss=2888MB hwm=2888MB
RSS_SAMPLE t=1225.8s rss=2889MB hwm=2889MB
RSS_SAMPLE t=1226.0s rss=2889MB hwm=2889MB
RSS_SAMPLE t=1226.3s rss=2889MB hwm=2889MB
RSS_SAMPLE t=1226.5s rss=2889MB hwm=2889MB
RSS_SAMPLE t=1226.8s rss=2890MB hwm=2890MB
RSS_SAMPLE t=1227.0s rss=2890MB hwm=2890MB
RSS_SAMPLE t=1227.3s rss=2891MB hwm=2891MB
RSS_SAMPLE t=1227.5s rss=2891MB hwm=2891MB
RSS_SAMPLE t=1227.8s rss=2891MB hwm=2891MB
RSS_SAMPLE t=1228.0s rss=2892MB hwm=2892MB
RSS_SAMPLE t=1228.3s rss=2892MB hwm=2892MB
RSS_SAMPLE t=1228.5s rss=2892MB hwm=2892MB
RSS_SAMPLE t=1228.8s rss=2893MB hwm=2893MB
RSS_SAMPLE t=1229.0s rss=2893MB hwm=2893MB
RSS_SAMPLE t=1229.3s rss=2893MB hwm=2893MB
RSS_SAMPLE t=1229.5s rss=2894MB hwm=2894MB
RSS_SAMPLE t=1229.8s rss=2894MB hwm=2894MB
RSS_SAMPLE t=1230.0s rss=2894MB hwm=2894MB
RSS_SAMPLE t=1230.3s rss=2895MB hwm=2895MB
RSS_SAMPLE t=1230.5s rss=2895MB hwm=2895MB
RSS_SAMPLE t=1230.8s rss=2895MB hwm=2895MB
RSS_SAMPLE t=1231.0s rss=2895MB hwm=2895MB
RSS_SAMPLE t=1231.3s rss=2896MB hwm=2896MB
RSS_SAMPLE t=1231.5s rss=2896MB hwm=2896MB
RSS_SAMPLE t=1231.8s rss=2897MB hwm=2897MB
RSS_SAMPLE t=1232.0s rss=2897MB hwm=2897MB
RSS_SAMPLE t=1232.3s rss=2897MB hwm=2897MB
RSS_SAMPLE t=1232.5s rss=2898MB hwm=2898MB
RSS_SAMPLE t=1232.8s rss=2898MB hwm=2898MB
RSS_SAMPLE t=1233.0s rss=2898MB hwm=2898MB
RSS_SAMPLE t=1233.3s rss=2898MB hwm=2898MB
RSS_SAMPLE t=1233.5s rss=2899MB hwm=2899MB
RSS_SAMPLE t=1233.8s rss=2899MB hwm=2899MB
RSS_SAMPLE t=1234.0s rss=2900MB hwm=2900MB
RSS_SAMPLE t=1234.3s rss=2900MB hwm=2900MB
RSS_SAMPLE t=1234.5s rss=2901MB hwm=2901MB
RSS_SAMPLE t=1234.8s rss=2901MB hwm=2901MB
RSS_SAMPLE t=1235.0s rss=2901MB hwm=2901MB
RSS_SAMPLE t=1235.3s rss=2902MB hwm=2902MB
RSS_SAMPLE t=1235.5s rss=2902MB hwm=2902MB
RSS_SAMPLE t=1235.8s rss=2903MB hwm=2903MB
RSS_SAMPLE t=1236.0s rss=2903MB hwm=2903MB
RSS_SAMPLE t=1236.3s rss=2904MB hwm=2904MB
RSS_SAMPLE t=1236.6s rss=2904MB hwm=2904MB
RSS_SAMPLE t=1236.8s rss=2904MB hwm=2904MB
RSS_SAMPLE t=1237.1s rss=2905MB hwm=2905MB
RSS_SAMPLE t=1237.3s rss=2905MB hwm=2905MB
RSS_SAMPLE t=1237.6s rss=2906MB hwm=2906MB
RSS_SAMPLE t=1237.8s rss=2906MB hwm=2906MB
RSS_SAMPLE t=1238.1s rss=2906MB hwm=2906MB
RSS_SAMPLE t=1238.3s rss=2907MB hwm=2907MB
RSS_SAMPLE t=1238.6s rss=2908MB hwm=2908MB
RSS_SAMPLE t=1238.8s rss=2908MB hwm=2908MB
RSS_SAMPLE t=1239.1s rss=2908MB hwm=2908MB
RSS_SAMPLE t=1239.3s rss=2909MB hwm=2909MB
RSS_SAMPLE t=1239.6s rss=2909MB hwm=2909MB
RSS_SAMPLE t=1239.8s rss=2909MB hwm=2909MB
RSS_SAMPLE t=1240.1s rss=2910MB hwm=2910MB
RSS_SAMPLE t=1240.3s rss=2910MB hwm=2910MB
RSS_SAMPLE t=1240.6s rss=2911MB hwm=2911MB
RSS_SAMPLE t=1240.8s rss=2911MB hwm=2911MB
RSS_SAMPLE t=1241.1s rss=2911MB hwm=2911MB
RSS_SAMPLE t=1241.3s rss=2912MB hwm=2912MB
RSS_SAMPLE t=1241.6s rss=2913MB hwm=2913MB
RSS_SAMPLE t=1241.8s rss=2913MB hwm=2913MB
RSS_SAMPLE t=1242.1s rss=2913MB hwm=2913MB
RSS_SAMPLE t=1242.3s rss=2913MB hwm=2913MB
RSS_SAMPLE t=1242.6s rss=2914MB hwm=2914MB
RSS_SAMPLE t=1242.8s rss=2914MB hwm=2914MB
RSS_SAMPLE t=1243.1s rss=2914MB hwm=2914MB
RSS_SAMPLE t=1243.3s rss=2915MB hwm=2915MB
RSS_SAMPLE t=1243.6s rss=2915MB hwm=2915MB
RSS_SAMPLE t=1243.8s rss=2916MB hwm=2916MB
RSS_SAMPLE t=1244.1s rss=2916MB hwm=2916MB
RSS_SAMPLE t=1244.3s rss=2916MB hwm=2916MB
RSS_SAMPLE t=1244.6s rss=2917MB hwm=2917MB
RSS_SAMPLE t=1244.8s rss=2917MB hwm=2917MB
RSS_SAMPLE t=1245.1s rss=2918MB hwm=2918MB
RSS_SAMPLE t=1245.3s rss=2918MB hwm=2918MB
RSS_SAMPLE t=1245.6s rss=2918MB hwm=2918MB
RSS_SAMPLE t=1245.8s rss=2919MB hwm=2919MB
RSS_SAMPLE t=1246.1s rss=2919MB hwm=2919MB
RSS_SAMPLE t=1246.3s rss=2920MB hwm=2920MB
RSS_SAMPLE t=1246.6s rss=2920MB hwm=2920MB
RSS_SAMPLE t=1246.8s rss=2920MB hwm=2920MB
RSS_SAMPLE t=1247.1s rss=2921MB hwm=2921MB
RSS_SAMPLE t=1247.3s rss=2921MB hwm=2921MB
RSS_SAMPLE t=1247.6s rss=2921MB hwm=2921MB
RSS_SAMPLE t=1247.8s rss=2922MB hwm=2922MB
RSS_SAMPLE t=1248.1s rss=2922MB hwm=2922MB
RSS_SAMPLE t=1248.3s rss=2922MB hwm=2922MB
RSS_SAMPLE t=1248.6s rss=2922MB hwm=2922MB
RSS_SAMPLE t=1248.8s rss=2923MB hwm=2923MB
RSS_SAMPLE t=1249.1s rss=2923MB hwm=2923MB
RSS_SAMPLE t=1249.3s rss=2923MB hwm=2923MB
RSS_SAMPLE t=1249.6s rss=2924MB hwm=2924MB
RSS_SAMPLE t=1249.8s rss=2924MB hwm=2924MB
RSS_SAMPLE t=1250.1s rss=2924MB hwm=2924MB
RSS_SAMPLE t=1250.3s rss=2924MB hwm=2924MB
RSS_SAMPLE t=1250.6s rss=2924MB hwm=2924MB
RSS_SAMPLE t=1250.8s rss=2925MB hwm=2925MB
RSS_SAMPLE t=1251.1s rss=2925MB hwm=2925MB
RSS_SAMPLE t=1251.3s rss=2926MB hwm=2926MB
RSS_SAMPLE t=1251.6s rss=2926MB hwm=2926MB
RSS_SAMPLE t=1251.8s rss=2926MB hwm=2926MB
RSS_SAMPLE t=1252.1s rss=2927MB hwm=2927MB
RSS_SAMPLE t=1252.3s rss=2927MB hwm=2927MB
RSS_SAMPLE t=1252.6s rss=2928MB hwm=2928MB
RSS_SAMPLE t=1252.8s rss=2928MB hwm=2928MB
RSS_SAMPLE t=1253.1s rss=2928MB hwm=2928MB
RSS_SAMPLE t=1253.3s rss=2929MB hwm=2929MB
RSS_SAMPLE t=1253.6s rss=2929MB hwm=2929MB
RSS_SAMPLE t=1253.8s rss=2930MB hwm=2930MB
RSS_SAMPLE t=1254.1s rss=2930MB hwm=2930MB
RSS_SAMPLE t=1254.3s rss=2930MB hwm=2930MB
RSS_SAMPLE t=1254.6s rss=2931MB hwm=2931MB
RSS_SAMPLE t=1254.8s rss=2931MB hwm=2931MB
RSS_SAMPLE t=1255.1s rss=2932MB hwm=2932MB
RSS_SAMPLE t=1255.3s rss=2932MB hwm=2932MB
RSS_SAMPLE t=1255.6s rss=2932MB hwm=2932MB
RSS_SAMPLE t=1255.8s rss=2933MB hwm=2933MB
RSS_SAMPLE t=1256.1s rss=2933MB hwm=2933MB
RSS_SAMPLE t=1256.3s rss=2934MB hwm=2934MB
RSS_SAMPLE t=1256.6s rss=2934MB hwm=2934MB
RSS_SAMPLE t=1256.8s rss=2934MB hwm=2934MB
RSS_SAMPLE t=1257.1s rss=2935MB hwm=2935MB
RSS_SAMPLE t=1257.3s rss=2935MB hwm=2935MB
RSS_SAMPLE t=1257.6s rss=2935MB hwm=2935MB
RSS_SAMPLE t=1257.8s rss=2936MB hwm=2936MB
RSS_SAMPLE t=1258.1s rss=2936MB hwm=2936MB
RSS_SAMPLE t=1258.3s rss=2937MB hwm=2937MB
RSS_SAMPLE t=1258.6s rss=2937MB hwm=2937MB
RSS_SAMPLE t=1258.8s rss=2938MB hwm=2938MB
RSS_SAMPLE t=1259.1s rss=2938MB hwm=2938MB
RSS_SAMPLE t=1259.3s rss=2939MB hwm=2939MB
RSS_SAMPLE t=1259.6s rss=2939MB hwm=2939MB
RSS_SAMPLE t=1259.8s rss=2940MB hwm=2940MB
RSS_SAMPLE t=1260.1s rss=2940MB hwm=2940MB
RSS_SAMPLE t=1260.3s rss=2941MB hwm=2941MB
RSS_SAMPLE t=1260.6s rss=2942MB hwm=2942MB
RSS_SAMPLE t=1260.8s rss=2942MB hwm=2942MB
RSS_SAMPLE t=1261.1s rss=2943MB hwm=2943MB
RSS_SAMPLE t=1261.3s rss=2943MB hwm=2943MB
RSS_SAMPLE t=1261.6s rss=2944MB hwm=2944MB
RSS_SAMPLE t=1261.8s rss=2945MB hwm=2945MB
RSS_SAMPLE t=1262.1s rss=2945MB hwm=2945MB
RSS_SAMPLE t=1262.3s rss=2946MB hwm=2946MB
RSS_SAMPLE t=1262.6s rss=2946MB hwm=2946MB
RSS_SAMPLE t=1262.8s rss=2947MB hwm=2947MB
RSS_SAMPLE t=1263.1s rss=2947MB hwm=2947MB
RSS_SAMPLE t=1263.3s rss=2948MB hwm=2948MB
RSS_SAMPLE t=1263.6s rss=2948MB hwm=2948MB
RSS_SAMPLE t=1263.8s rss=2948MB hwm=2948MB
RSS_SAMPLE t=1264.1s rss=2949MB hwm=2949MB
RSS_SAMPLE t=1264.3s rss=2949MB hwm=2949MB
RSS_SAMPLE t=1264.6s rss=2949MB hwm=2949MB
RSS_SAMPLE t=1264.8s rss=2949MB hwm=2949MB
RSS_SAMPLE t=1265.1s rss=2949MB hwm=2949MB
RSS_SAMPLE t=1265.3s rss=2950MB hwm=2950MB
RSS_SAMPLE t=1265.6s rss=2950MB hwm=2950MB
RSS_SAMPLE t=1265.8s rss=2950MB hwm=2950MB
RSS_SAMPLE t=1266.1s rss=2950MB hwm=2950MB
RSS_SAMPLE t=1266.3s rss=2950MB hwm=2950MB
RSS_SAMPLE t=1266.6s rss=2950MB hwm=2950MB
RSS_SAMPLE t=1266.8s rss=2950MB hwm=2950MB
RSS_SAMPLE t=1267.1s rss=2950MB hwm=2950MB
RSS_SAMPLE t=1267.3s rss=2950MB hwm=2950MB
RSS_SAMPLE t=1267.6s rss=2950MB hwm=2950MB
RSS_SAMPLE t=1267.8s rss=2950MB hwm=2950MB
RSS_SAMPLE t=1268.1s rss=2950MB hwm=2950MB
RSS_SAMPLE t=1268.3s rss=2950MB hwm=2950MB
RSS_SAMPLE t=1268.6s rss=2951MB hwm=2951MB
RSS_SAMPLE t=1268.8s rss=2951MB hwm=2951MB
RSS_SAMPLE t=1269.1s rss=2951MB hwm=2951MB
RSS_SAMPLE t=1269.3s rss=2951MB hwm=2951MB
RSS_SAMPLE t=1269.6s rss=2951MB hwm=2951MB
RSS_SAMPLE t=1269.8s rss=2951MB hwm=2951MB
RSS_SAMPLE t=1270.1s rss=2951MB hwm=2951MB
RSS_SAMPLE t=1270.3s rss=2951MB hwm=2951MB
RSS_SAMPLE t=1270.6s rss=2951MB hwm=2951MB
RSS_SAMPLE t=1270.8s rss=2951MB hwm=2951MB
RSS_SAMPLE t=1271.1s rss=2951MB hwm=2951MB
RSS_SAMPLE t=1271.3s rss=2951MB hwm=2951MB
RSS_SAMPLE t=1271.6s rss=2951MB hwm=2951MB
RSS_SAMPLE t=1271.8s rss=2951MB hwm=2951MB
RSS_SAMPLE t=1272.1s rss=2951MB hwm=2951MB
RSS_SAMPLE t=1272.3s rss=2951MB hwm=2951MB
RSS_SAMPLE t=1272.6s rss=2951MB hwm=2951MB
RSS_SAMPLE t=1272.8s rss=2951MB hwm=2951MB
RSS_SAMPLE t=1273.1s rss=2951MB hwm=2951MB
RSS_SAMPLE t=1273.3s rss=2951MB hwm=2951MB
RSS_SAMPLE t=1273.6s rss=2951MB hwm=2951MB
RSS_SAMPLE t=1273.8s rss=2951MB hwm=2951MB
RSS_SAMPLE t=1274.1s rss=2951MB hwm=2951MB
RSS_SAMPLE t=1274.3s rss=2951MB hwm=2951MB
RSS_SAMPLE t=1274.6s rss=2951MB hwm=2951MB
RSS_SAMPLE t=1274.8s rss=2951MB hwm=2951MB
RSS_SAMPLE t=1275.1s rss=2951MB hwm=2951MB
RSS_SAMPLE t=1275.3s rss=2951MB hwm=2951MB
RSS_SAMPLE t=1275.6s rss=2951MB hwm=2951MB
RSS_SAMPLE t=1275.8s rss=2951MB hwm=2951MB
RSS_SAMPLE t=1276.1s rss=2951MB hwm=2951MB
RSS_SAMPLE t=1276.3s rss=2951MB hwm=2951MB
RSS_SAMPLE t=1276.6s rss=2951MB hwm=2951MB
RSS_SAMPLE t=1276.8s rss=2951MB hwm=2951MB
RSS_SAMPLE t=1277.1s rss=2951MB hwm=2951MB
RSS_SAMPLE t=1277.3s rss=2951MB hwm=2951MB
RSS_SAMPLE t=1277.6s rss=2951MB hwm=2951MB
RSS_SAMPLE t=1277.8s rss=2951MB hwm=2951MB
RSS_SAMPLE t=1278.1s rss=2951MB hwm=2951MB
RSS_SAMPLE t=1278.3s rss=2951MB hwm=2951MB
RSS_SAMPLE t=1278.6s rss=2951MB hwm=2951MB
RSS_SAMPLE t=1278.8s rss=2951MB hwm=2951MB
RSS_SAMPLE t=1279.1s rss=2951MB hwm=2951MB
RSS_SAMPLE t=1279.3s rss=2951MB hwm=2951MB
RSS_SAMPLE t=1279.6s rss=2951MB hwm=2951MB
RSS_SAMPLE t=1279.8s rss=2951MB hwm=2951MB
RSS_SAMPLE t=1280.1s rss=2951MB hwm=2951MB
RSS_SAMPLE t=1280.3s rss=2951MB hwm=2951MB
RSS_SAMPLE t=1280.6s rss=2951MB hwm=2951MB
RSS_SAMPLE t=1280.8s rss=2952MB hwm=2952MB
RSS_SAMPLE t=1281.1s rss=2952MB hwm=2952MB
RSS_SAMPLE t=1281.3s rss=2952MB hwm=2952MB
RSS_SAMPLE t=1281.6s rss=2952MB hwm=2952MB
RSS_SAMPLE t=1281.8s rss=2952MB hwm=2952MB
RSS_SAMPLE t=1282.1s rss=2952MB hwm=2952MB
RSS_SAMPLE t=1282.3s rss=2952MB hwm=2952MB
RSS_SAMPLE t=1282.6s rss=2952MB hwm=2952MB
RSS_SAMPLE t=1282.8s rss=2952MB hwm=2952MB
RSS_SAMPLE t=1283.1s rss=2952MB hwm=2952MB
RSS_SAMPLE t=1283.3s rss=2952MB hwm=2952MB
RSS_SAMPLE t=1283.6s rss=2952MB hwm=2952MB
RSS_SAMPLE t=1283.8s rss=2952MB hwm=2952MB
RSS_SAMPLE t=1284.1s rss=2952MB hwm=2952MB
RSS_SAMPLE t=1284.3s rss=2952MB hwm=2952MB
RSS_SAMPLE t=1284.6s rss=2952MB hwm=2952MB
RSS_SAMPLE t=1284.8s rss=2952MB hwm=2952MB
RSS_SAMPLE t=1285.1s rss=2952MB hwm=2952MB
RSS_SAMPLE t=1285.3s rss=2952MB hwm=2952MB
RSS_SAMPLE t=1285.6s rss=2952MB hwm=2952MB
RSS_SAMPLE t=1285.8s rss=2952MB hwm=2952MB
RSS_SAMPLE t=1286.1s rss=2952MB hwm=2952MB
RSS_SAMPLE t=1286.3s rss=2952MB hwm=2952MB
RSS_SAMPLE t=1286.6s rss=2952MB hwm=2952MB
RSS_SAMPLE t=1286.8s rss=2952MB hwm=2952MB
RSS_SAMPLE t=1287.1s rss=2952MB hwm=2952MB
RSS_SAMPLE t=1287.3s rss=2952MB hwm=2952MB
RSS_SAMPLE t=1287.6s rss=2952MB hwm=2952MB
RSS_SAMPLE t=1287.8s rss=2952MB hwm=2952MB
RSS_SAMPLE t=1288.1s rss=2953MB hwm=2953MB
RSS_SAMPLE t=1288.3s rss=2953MB hwm=2953MB
RSS_SAMPLE t=1288.6s rss=2953MB hwm=2953MB
RSS_SAMPLE t=1288.8s rss=2953MB hwm=2953MB
RSS_SAMPLE t=1289.1s rss=2953MB hwm=2953MB
RSS_SAMPLE t=1289.3s rss=2953MB hwm=2953MB
RSS_SAMPLE t=1289.6s rss=2953MB hwm=2953MB
RSS_SAMPLE t=1289.8s rss=2953MB hwm=2953MB
RSS_SAMPLE t=1290.1s rss=2953MB hwm=2953MB
RSS_SAMPLE t=1290.3s rss=2953MB hwm=2953MB
RSS_SAMPLE t=1290.6s rss=2953MB hwm=2953MB
RSS_SAMPLE t=1290.8s rss=2953MB hwm=2953MB
RSS_SAMPLE t=1291.1s rss=2953MB hwm=2953MB
RSS_SAMPLE t=1291.3s rss=2953MB hwm=2953MB
RSS_SAMPLE t=1291.6s rss=2953MB hwm=2953MB
RSS_SAMPLE t=1291.8s rss=2953MB hwm=2953MB
RSS_SAMPLE t=1292.1s rss=2953MB hwm=2953MB
RSS_SAMPLE t=1292.3s rss=2953MB hwm=2953MB
RSS_SAMPLE t=1292.6s rss=2953MB hwm=2953MB
RSS_SAMPLE t=1292.8s rss=2953MB hwm=2953MB
RSS_SAMPLE t=1293.1s rss=2953MB hwm=2953MB
RSS_SAMPLE t=1293.3s rss=2953MB hwm=2953MB
RSS_SAMPLE t=1293.6s rss=2953MB hwm=2953MB
RSS_SAMPLE t=1293.8s rss=2953MB hwm=2953MB
RSS_SAMPLE t=1294.1s rss=2953MB hwm=2953MB
RSS_SAMPLE t=1294.3s rss=2953MB hwm=2953MB
RSS_SAMPLE t=1294.6s rss=2953MB hwm=2953MB
RSS_SAMPLE t=1294.8s rss=2953MB hwm=2953MB
RSS_SAMPLE t=1295.1s rss=2953MB hwm=2953MB
RSS_SAMPLE t=1295.3s rss=2953MB hwm=2953MB
RSS_SAMPLE t=1295.6s rss=2953MB hwm=2953MB
RSS_SAMPLE t=1295.8s rss=2953MB hwm=2953MB
RSS_SAMPLE t=1296.1s rss=2953MB hwm=2953MB
RSS_SAMPLE t=1296.3s rss=2953MB hwm=2953MB
RSS_SAMPLE t=1296.6s rss=2953MB hwm=2953MB
RSS_SAMPLE t=1296.8s rss=2953MB hwm=2953MB
RSS_SAMPLE t=1297.1s rss=2953MB hwm=2953MB
RSS_SAMPLE t=1297.3s rss=2953MB hwm=2953MB
RSS_SAMPLE t=1297.6s rss=2953MB hwm=2953MB
RSS_SAMPLE t=1297.8s rss=2953MB hwm=2953MB
RSS_SAMPLE t=1298.1s rss=2953MB hwm=2953MB
RSS_SAMPLE t=1298.3s rss=2953MB hwm=2953MB
RSS_SAMPLE t=1298.6s rss=2953MB hwm=2953MB
RSS_SAMPLE t=1298.8s rss=2953MB hwm=2953MB
RSS_SAMPLE t=1299.1s rss=2953MB hwm=2953MB
RSS_SAMPLE t=1299.3s rss=2954MB hwm=2954MB
RSS_SAMPLE t=1299.6s rss=2954MB hwm=2954MB
RSS_SAMPLE t=1299.8s rss=2954MB hwm=2954MB
RSS_SAMPLE t=1300.1s rss=2954MB hwm=2954MB
RSS_SAMPLE t=1300.3s rss=2954MB hwm=2954MB
RSS_SAMPLE t=1300.6s rss=2954MB hwm=2954MB
RSS_SAMPLE t=1300.8s rss=2954MB hwm=2954MB
RSS_SAMPLE t=1301.1s rss=2954MB hwm=2954MB
RSS_SAMPLE t=1301.3s rss=2954MB hwm=2954MB
RSS_SAMPLE t=1301.6s rss=2954MB hwm=2954MB
RSS_SAMPLE t=1301.8s rss=2954MB hwm=2954MB
RSS_SAMPLE t=1302.1s rss=2954MB hwm=2954MB
RSS_SAMPLE t=1302.3s rss=2954MB hwm=2954MB
RSS_SAMPLE t=1302.6s rss=2954MB hwm=2954MB
RSS_SAMPLE t=1302.8s rss=2954MB hwm=2954MB
RSS_SAMPLE t=1303.1s rss=2954MB hwm=2954MB
RSS_SAMPLE t=1303.3s rss=2954MB hwm=2954MB
RSS_SAMPLE t=1303.6s rss=2954MB hwm=2954MB
RSS_SAMPLE t=1303.8s rss=2954MB hwm=2954MB
RSS_SAMPLE t=1304.1s rss=2954MB hwm=2954MB
RSS_SAMPLE t=1304.3s rss=2954MB hwm=2954MB
RSS_SAMPLE t=1304.6s rss=2954MB hwm=2954MB
RSS_SAMPLE t=1304.8s rss=2954MB hwm=2954MB
RSS_SAMPLE t=1305.1s rss=2954MB hwm=2954MB
RSS_SAMPLE t=1305.3s rss=2955MB hwm=2955MB
RSS_SAMPLE t=1305.6s rss=2955MB hwm=2955MB
RSS_SAMPLE t=1305.8s rss=2955MB hwm=2955MB
RSS_SAMPLE t=1306.1s rss=2955MB hwm=2955MB
RSS_SAMPLE t=1306.3s rss=2955MB hwm=2955MB
RSS_SAMPLE t=1306.6s rss=2955MB hwm=2955MB
RSS_SAMPLE t=1306.8s rss=2955MB hwm=2955MB
RSS_SAMPLE t=1307.1s rss=2955MB hwm=2955MB
RSS_SAMPLE t=1307.3s rss=2955MB hwm=2955MB
RSS_SAMPLE t=1307.6s rss=2955MB hwm=2955MB
RSS_SAMPLE t=1307.8s rss=2955MB hwm=2955MB
RSS_SAMPLE t=1308.1s rss=2955MB hwm=2955MB
RSS_SAMPLE t=1308.3s rss=2955MB hwm=2955MB
RSS_SAMPLE t=1308.6s rss=2955MB hwm=2955MB
RSS_SAMPLE t=1308.8s rss=2955MB hwm=2955MB
RSS_SAMPLE t=1309.1s rss=2955MB hwm=2955MB
RSS_SAMPLE t=1309.3s rss=2955MB hwm=2955MB
RSS_SAMPLE t=1309.6s rss=2955MB hwm=2955MB
RSS_SAMPLE t=1309.8s rss=2955MB hwm=2955MB
RSS_SAMPLE t=1310.1s rss=2955MB hwm=2955MB
RSS_SAMPLE t=1310.3s rss=2955MB hwm=2955MB
RSS_SAMPLE t=1310.6s rss=2955MB hwm=2955MB
RSS_SAMPLE t=1310.8s rss=2955MB hwm=2955MB
RSS_SAMPLE t=1311.1s rss=2955MB hwm=2955MB
RSS_SAMPLE t=1311.3s rss=2955MB hwm=2955MB
RSS_SAMPLE t=1311.6s rss=2955MB hwm=2955MB
RSS_SAMPLE t=1311.8s rss=2955MB hwm=2955MB
RSS_SAMPLE t=1312.1s rss=2955MB hwm=2955MB
RSS_SAMPLE t=1312.3s rss=2955MB hwm=2955MB
RSS_SAMPLE t=1312.6s rss=2955MB hwm=2955MB
RSS_SAMPLE t=1312.8s rss=2955MB hwm=2955MB
RSS_SAMPLE t=1313.1s rss=2955MB hwm=2955MB
RSS_SAMPLE t=1313.3s rss=2955MB hwm=2955MB
RSS_SAMPLE t=1313.6s rss=2955MB hwm=2955MB
RSS_SAMPLE t=1313.8s rss=2956MB hwm=2956MB
RSS_SAMPLE t=1314.1s rss=2956MB hwm=2956MB
RSS_SAMPLE t=1314.3s rss=2956MB hwm=2956MB
RSS_SAMPLE t=1314.6s rss=2956MB hwm=2956MB
RSS_SAMPLE t=1314.8s rss=2956MB hwm=2956MB
RSS_SAMPLE t=1315.1s rss=2956MB hwm=2956MB
RSS_SAMPLE t=1315.3s rss=2956MB hwm=2956MB
RSS_SAMPLE t=1315.6s rss=2956MB hwm=2956MB
RSS_SAMPLE t=1315.8s rss=2956MB hwm=2956MB
RSS_SAMPLE t=1316.1s rss=2956MB hwm=2956MB
RSS_SAMPLE t=1316.3s rss=2956MB hwm=2956MB
RSS_SAMPLE t=1316.6s rss=2956MB hwm=2956MB
RSS_SAMPLE t=1316.8s rss=2956MB hwm=2956MB
RSS_SAMPLE t=1317.1s rss=2956MB hwm=2956MB
RSS_SAMPLE t=1317.3s rss=2956MB hwm=2956MB
RSS_SAMPLE t=1317.6s rss=2956MB hwm=2956MB
RSS_SAMPLE t=1317.8s rss=2956MB hwm=2956MB
RSS_SAMPLE t=1318.1s rss=2956MB hwm=2956MB
RSS_SAMPLE t=1318.3s rss=2956MB hwm=2956MB
RSS_SAMPLE t=1318.6s rss=2956MB hwm=2956MB
RSS_SAMPLE t=1318.8s rss=2956MB hwm=2956MB
RSS_SAMPLE t=1319.1s rss=2956MB hwm=2956MB
RSS_SAMPLE t=1319.3s rss=2956MB hwm=2956MB
RSS_SAMPLE t=1319.6s rss=2956MB hwm=2956MB
RSS_SAMPLE t=1319.8s rss=2956MB hwm=2956MB
RSS_SAMPLE t=1320.1s rss=2956MB hwm=2956MB
RSS_SAMPLE t=1320.3s rss=2957MB hwm=2957MB
RSS_SAMPLE t=1320.6s rss=2957MB hwm=2957MB
RSS_SAMPLE t=1320.8s rss=2957MB hwm=2957MB
RSS_SAMPLE t=1321.1s rss=2957MB hwm=2957MB
RSS_SAMPLE t=1321.3s rss=2957MB hwm=2957MB
RSS_SAMPLE t=1321.6s rss=2957MB hwm=2957MB
RSS_SAMPLE t=1321.8s rss=2957MB hwm=2957MB
RSS_SAMPLE t=1322.1s rss=2957MB hwm=2957MB
RSS_SAMPLE t=1322.3s rss=2957MB hwm=2957MB
RSS_SAMPLE t=1322.6s rss=2957MB hwm=2957MB
RSS_SAMPLE t=1322.8s rss=2957MB hwm=2957MB
RSS_SAMPLE t=1323.1s rss=2957MB hwm=2957MB
RSS_SAMPLE t=1323.3s rss=2957MB hwm=2957MB
RSS_SAMPLE t=1323.6s rss=2957MB hwm=2957MB
RSS_SAMPLE t=1323.8s rss=2957MB hwm=2957MB
RSS_SAMPLE t=1324.1s rss=2957MB hwm=2957MB
RSS_SAMPLE t=1324.3s rss=2957MB hwm=2957MB
RSS_SAMPLE t=1324.6s rss=2957MB hwm=2957MB
RSS_SAMPLE t=1324.8s rss=2957MB hwm=2957MB
RSS_SAMPLE t=1325.1s rss=2957MB hwm=2957MB
RSS_SAMPLE t=1325.3s rss=2958MB hwm=2958MB
RSS_SAMPLE t=1325.6s rss=2958MB hwm=2958MB
RSS_SAMPLE t=1325.8s rss=2958MB hwm=2958MB
RSS_SAMPLE t=1326.1s rss=2958MB hwm=2958MB
RSS_SAMPLE t=1326.3s rss=2958MB hwm=2958MB
RSS_SAMPLE t=1326.6s rss=2958MB hwm=2958MB
RSS_SAMPLE t=1326.8s rss=2958MB hwm=2958MB
RSS_SAMPLE t=1327.1s rss=2958MB hwm=2958MB
RSS_SAMPLE t=1327.3s rss=2958MB hwm=2958MB
RSS_SAMPLE t=1327.6s rss=2958MB hwm=2958MB
RSS_SAMPLE t=1327.8s rss=2958MB hwm=2958MB
RSS_SAMPLE t=1328.1s rss=2958MB hwm=2958MB
RSS_SAMPLE t=1328.3s rss=2958MB hwm=2958MB
RSS_SAMPLE t=1328.6s rss=2958MB hwm=2958MB
RSS_SAMPLE t=1328.8s rss=2958MB hwm=2958MB
RSS_SAMPLE t=1329.1s rss=2958MB hwm=2958MB
RSS_SAMPLE t=1329.3s rss=2958MB hwm=2958MB
RSS_SAMPLE t=1329.6s rss=2958MB hwm=2958MB
RSS_SAMPLE t=1329.8s rss=2958MB hwm=2958MB
RSS_SAMPLE t=1330.1s rss=2958MB hwm=2958MB
RSS_SAMPLE t=1330.4s rss=2958MB hwm=2958MB
RSS_SAMPLE t=1330.6s rss=2958MB hwm=2958MB
RSS_SAMPLE t=1330.9s rss=2958MB hwm=2958MB
RSS_SAMPLE t=1331.1s rss=2958MB hwm=2958MB
RSS_SAMPLE t=1331.4s rss=2958MB hwm=2958MB
RSS_SAMPLE t=1331.6s rss=2958MB hwm=2958MB
RSS_SAMPLE t=1331.9s rss=2958MB hwm=2958MB
RSS_SAMPLE t=1332.1s rss=2958MB hwm=2958MB
RSS_SAMPLE t=1332.4s rss=2958MB hwm=2958MB
RSS_SAMPLE t=1332.6s rss=2958MB hwm=2958MB
RSS_SAMPLE t=1332.9s rss=2958MB hwm=2958MB
RSS_SAMPLE t=1333.1s rss=2958MB hwm=2958MB
RSS_SAMPLE t=1333.4s rss=2958MB hwm=2958MB
RSS_SAMPLE t=1333.6s rss=2958MB hwm=2958MB
RSS_SAMPLE t=1333.9s rss=2958MB hwm=2958MB
RSS_SAMPLE t=1334.1s rss=2958MB hwm=2958MB
RSS_SAMPLE t=1334.4s rss=2958MB hwm=2958MB
RSS_SAMPLE t=1334.6s rss=2958MB hwm=2958MB
RSS_SAMPLE t=1334.9s rss=2958MB hwm=2958MB
RSS_SAMPLE t=1335.1s rss=2958MB hwm=2958MB
RSS_SAMPLE t=1335.4s rss=2958MB hwm=2958MB
RSS_SAMPLE t=1335.6s rss=2958MB hwm=2958MB
RSS_SAMPLE t=1335.9s rss=2958MB hwm=2958MB
RSS_SAMPLE t=1336.1s rss=2958MB hwm=2958MB
RSS_SAMPLE t=1336.4s rss=2958MB hwm=2958MB
RSS_SAMPLE t=1336.6s rss=2958MB hwm=2958MB
RSS_SAMPLE t=1336.9s rss=2958MB hwm=2958MB
RSS_SAMPLE t=1337.1s rss=2958MB hwm=2958MB
RSS_SAMPLE t=1337.4s rss=2958MB hwm=2958MB
RSS_SAMPLE t=1337.6s rss=2958MB hwm=2958MB
RSS_SAMPLE t=1337.9s rss=2958MB hwm=2958MB
RSS_SAMPLE t=1338.1s rss=2958MB hwm=2958MB
RSS_SAMPLE t=1338.4s rss=2958MB hwm=2958MB
RSS_SAMPLE t=1338.6s rss=2958MB hwm=2958MB
RSS_SAMPLE t=1338.9s rss=2958MB hwm=2958MB
RSS_SAMPLE t=1339.1s rss=2958MB hwm=2958MB
RSS_SAMPLE t=1339.4s rss=2958MB hwm=2958MB
RSS_SAMPLE t=1339.6s rss=2958MB hwm=2958MB
RSS_SAMPLE t=1339.9s rss=2958MB hwm=2958MB
RSS_SAMPLE t=1340.1s rss=2958MB hwm=2958MB
RSS_SAMPLE t=1340.4s rss=2958MB hwm=2958MB
RSS_SAMPLE t=1340.6s rss=2959MB hwm=2959MB
RSS_SAMPLE t=1340.9s rss=2959MB hwm=2959MB
RSS_SAMPLE t=1341.1s rss=2959MB hwm=2959MB
RSS_SAMPLE t=1341.4s rss=2959MB hwm=2959MB
RSS_SAMPLE t=1341.6s rss=2959MB hwm=2959MB
RSS_SAMPLE t=1341.9s rss=2959MB hwm=2959MB
RSS_SAMPLE t=1342.1s rss=2959MB hwm=2959MB
RSS_SAMPLE t=1342.4s rss=2959MB hwm=2959MB
RSS_SAMPLE t=1342.6s rss=2959MB hwm=2959MB
RSS_SAMPLE t=1342.9s rss=2959MB hwm=2959MB
RSS_SAMPLE t=1343.1s rss=2959MB hwm=2959MB
RSS_SAMPLE t=1343.4s rss=2959MB hwm=2959MB
RSS_SAMPLE t=1343.6s rss=2959MB hwm=2959MB
RSS_SAMPLE t=1343.9s rss=2959MB hwm=2959MB
RSS_SAMPLE t=1344.1s rss=2959MB hwm=2959MB
RSS_SAMPLE t=1344.4s rss=2959MB hwm=2959MB
RSS_SAMPLE t=1344.6s rss=2959MB hwm=2959MB
RSS_SAMPLE t=1344.9s rss=2959MB hwm=2959MB
RSS_SAMPLE t=1345.1s rss=2959MB hwm=2959MB
RSS_SAMPLE t=1345.4s rss=2959MB hwm=2959MB
RSS_SAMPLE t=1345.6s rss=2959MB hwm=2959MB
RSS_SAMPLE t=1345.9s rss=2959MB hwm=2959MB
RSS_SAMPLE t=1346.1s rss=2959MB hwm=2959MB
RSS_SAMPLE t=1346.4s rss=2959MB hwm=2959MB
RSS_SAMPLE t=1346.6s rss=2959MB hwm=2959MB
RSS_SAMPLE t=1346.9s rss=2959MB hwm=2959MB
RSS_SAMPLE t=1347.1s rss=2959MB hwm=2959MB
RSS_SAMPLE t=1347.4s rss=2959MB hwm=2959MB
RSS_SAMPLE t=1347.6s rss=2959MB hwm=2959MB
RSS_SAMPLE t=1347.9s rss=2959MB hwm=2959MB
RSS_SAMPLE t=1348.1s rss=2959MB hwm=2959MB
RSS_SAMPLE t=1348.4s rss=2959MB hwm=2959MB
RSS_SAMPLE t=1348.6s rss=2959MB hwm=2959MB
RSS_SAMPLE t=1348.9s rss=2959MB hwm=2959MB
RSS_SAMPLE t=1349.1s rss=2959MB hwm=2959MB
RSS_SAMPLE t=1349.4s rss=2959MB hwm=2959MB
RSS_SAMPLE t=1349.6s rss=2959MB hwm=2959MB
RSS_SAMPLE t=1349.9s rss=2959MB hwm=2959MB
RSS_SAMPLE t=1350.1s rss=2959MB hwm=2959MB
RSS_SAMPLE t=1350.4s rss=2960MB hwm=2960MB
RSS_SAMPLE t=1350.6s rss=2960MB hwm=2960MB
RSS_SAMPLE t=1350.9s rss=2960MB hwm=2960MB
RSS_SAMPLE t=1351.1s rss=2960MB hwm=2960MB
RSS_SAMPLE t=1351.4s rss=2960MB hwm=2960MB
RSS_SAMPLE t=1351.6s rss=2960MB hwm=2960MB
RSS_SAMPLE t=1351.9s rss=2960MB hwm=2960MB
RSS_SAMPLE t=1352.1s rss=2960MB hwm=2960MB
RSS_SAMPLE t=1352.4s rss=2960MB hwm=2960MB
MEM_POOL: workspaces=8 dense_usage_mb=313 n_pipes=2562403
    post_solve_diag[outer=7]: solves=105117 cap_armed=105117 (100.0%) settle_avg=6919 above_sink_avg=153 (2.2%) settle_max=69353
    settle_hist[outer=7]: <100: 27474nets/0.0%work  <1k: 21025nets/1.1%work  <5k: 24310nets/8.7%work  <20k: 18885nets/27.6%work  <60k: 12932nets/58.2%work  >=60k: 491nets/4.4%work
    fanout_hist[outer=7]: fan1: 43710nets/13.7%work  fan2-4: 48279nets/50.1%work  fan5-16: 12974nets/35.3%work  fan17-64: 154nets/0.9%work  fan65-256: 0nets/0.0%work  fan>256: 0nets/0.0%work
    rss_probe[outer=7]: pre_post_solve=2846MB post_post_solve=2960MB after_apply=2960MB
    E_decomp: base=5351963.9 eff=102238243791448.0 cong=102238238439484.1 cong_share=100.0% sat_pipes=77047 max_util=970.31  R_buckets: 1-2x=85408 2-10x=2082346 10-100x=345593 >=100x=49056
    E_potential: beckmann=46949491799805.0 history_total=0.0
    SpanCache: epoch=8 entries=2131 lookups=2562403 hits=2560272 misses=2131 hit_rate=99.9%
  DCD   7: nets=105117 line=14068273 energy=15641155778.990 dE=+5511768256.792 friction=6805480.5 bins=2.0x(270) excess=104.1 moved=67386 disp=5.596 solves=105117 skip=105117 pops=727279784 theta=0.754 refresh=185501ms dcd=8458ms total=196773ms
    cache_stats: entries=60893427 capacity=112083794 est_mb=967 rss_mb=2960
RSS_SAMPLE t=1352.6s rss=2960MB hwm=2960MB
RSS_SAMPLE t=1352.9s rss=2960MB hwm=2960MB
RSS_SAMPLE t=1353.1s rss=2960MB hwm=2960MB
RSS_SAMPLE t=1353.4s rss=2960MB hwm=2960MB
RSS_SAMPLE t=1353.6s rss=2960MB hwm=2960MB
RSS_SAMPLE t=1353.9s rss=2960MB hwm=2960MB
RSS_SAMPLE t=1354.1s rss=2960MB hwm=2960MB
RSS_SAMPLE t=1354.4s rss=2960MB hwm=2960MB
RSS_SAMPLE t=1354.6s rss=2960MB hwm=2960MB
RSS_SAMPLE t=1354.9s rss=2960MB hwm=2960MB
RSS_SAMPLE t=1355.1s rss=2960MB hwm=2960MB
RSS_SAMPLE t=1355.4s rss=2960MB hwm=2960MB
    SwitchMatrix: type_usage_pairs=752 lookups=1643 hits=891 dijkstra_calls=752 avg_us=11.6 total_ms=8.7
PHASE_MARK outer=8 enter=pre_solve rss=2960MB
    rss_probe[outer=8]: pre_refresh_rss=2960MB post_pre_solve_rss=2960MB cache_entries=60893427 cache_cap=112083794 cache_est_mb=967
    pre_solve_diag[outer=8]: solves=0 fallback=0 (0.0%) cap_armed=0 (0.0%) settle_avg=0 settle_max=0 init_count=59
    Overflow: over=75283 (2.9% of used) avg_excess=9.16 max_excess=2988.27 (nc=3012.27 cap=24 span=1)  excess_buckets: <=1=4354 1-5=40428 5-20=22814 >20=7687  by_cap: cap1=1223 cap2=67671 cap3-5=18 cap>5=6371  by_span: s1=505 s2-3=5495 s4-6=1698 s7-12=66417 s>12=1168  le1_cross: cap1=620 cap2-5=3448 cap>5=286
    Congestion: pipes=2562403 used=2562403 congested(>50%)=90442 saturated(>90%)=77047 max_util=970.31 avg_util=0.1780
PHASE_MARK outer=8 enter=dcd_sweep rss=2960MB
RSS_SAMPLE t=1355.6s rss=2960MB hwm=2960MB
RSS_SAMPLE t=1355.9s rss=2960MB hwm=2960MB
RSS_SAMPLE t=1356.1s rss=2960MB hwm=2960MB
RSS_SAMPLE t=1356.4s rss=2960MB hwm=2960MB
RSS_SAMPLE t=1356.6s rss=2960MB hwm=2960MB
RSS_SAMPLE t=1356.9s rss=2960MB hwm=2960MB
RSS_SAMPLE t=1357.1s rss=2960MB hwm=2960MB
RSS_SAMPLE t=1357.4s rss=2960MB hwm=2960MB
RSS_SAMPLE t=1357.6s rss=2960MB hwm=2960MB
RSS_SAMPLE t=1357.9s rss=2960MB hwm=2960MB
RSS_SAMPLE t=1358.1s rss=2960MB hwm=2960MB
RSS_SAMPLE t=1358.4s rss=2960MB hwm=2960MB
RSS_SAMPLE t=1358.6s rss=2960MB hwm=2960MB
RSS_SAMPLE t=1358.9s rss=2960MB hwm=2960MB
RSS_SAMPLE t=1359.1s rss=2960MB hwm=2960MB
RSS_SAMPLE t=1359.4s rss=2960MB hwm=2960MB
RSS_SAMPLE t=1359.6s rss=2960MB hwm=2960MB
RSS_SAMPLE t=1359.9s rss=2960MB hwm=2960MB
RSS_SAMPLE t=1360.1s rss=2960MB hwm=2960MB
RSS_SAMPLE t=1360.4s rss=2960MB hwm=2960MB
RSS_SAMPLE t=1360.6s rss=2960MB hwm=2960MB
RSS_SAMPLE t=1360.9s rss=2960MB hwm=2960MB
RSS_SAMPLE t=1361.1s rss=2960MB hwm=2960MB
RSS_SAMPLE t=1361.4s rss=2960MB hwm=2960MB
RSS_SAMPLE t=1361.6s rss=2960MB hwm=2960MB
RSS_SAMPLE t=1361.9s rss=2960MB hwm=2960MB
RSS_SAMPLE t=1362.1s rss=2960MB hwm=2960MB
RSS_SAMPLE t=1362.4s rss=2960MB hwm=2960MB
RSS_SAMPLE t=1362.6s rss=2960MB hwm=2960MB
RSS_SAMPLE t=1362.9s rss=2960MB hwm=2960MB
RSS_SAMPLE t=1363.1s rss=2960MB hwm=2960MB
RSS_SAMPLE t=1363.4s rss=2960MB hwm=2960MB
RSS_SAMPLE t=1363.6s rss=2960MB hwm=2960MB
PHASE_MARK outer=8 leave=dcd_sweep rss=2960MB
PHASE_MARK outer=8 enter=post_refresh rss=2960MB
RSS_SAMPLE t=1363.9s rss=2960MB hwm=2960MB
RSS_SAMPLE t=1364.1s rss=2960MB hwm=2960MB
RSS_SAMPLE t=1364.4s rss=2960MB hwm=2960MB
RSS_SAMPLE t=1364.6s rss=2960MB hwm=2960MB
RSS_SAMPLE t=1364.9s rss=2960MB hwm=2960MB
RSS_SAMPLE t=1365.1s rss=2960MB hwm=2960MB
RSS_SAMPLE t=1365.4s rss=2960MB hwm=2960MB
RSS_SAMPLE t=1365.6s rss=2960MB hwm=2960MB
RSS_SAMPLE t=1365.9s rss=2960MB hwm=2960MB
RSS_SAMPLE t=1366.1s rss=2960MB hwm=2960MB
RSS_SAMPLE t=1366.4s rss=2960MB hwm=2960MB
RSS_SAMPLE t=1366.6s rss=2960MB hwm=2960MB
RSS_SAMPLE t=1366.9s rss=2961MB hwm=2961MB
RSS_SAMPLE t=1367.1s rss=2961MB hwm=2961MB
RSS_SAMPLE t=1367.4s rss=2961MB hwm=2961MB
RSS_SAMPLE t=1367.6s rss=2961MB hwm=2961MB
RSS_SAMPLE t=1367.9s rss=2961MB hwm=2961MB
RSS_SAMPLE t=1368.1s rss=2961MB hwm=2961MB
RSS_SAMPLE t=1368.4s rss=2961MB hwm=2961MB
RSS_SAMPLE t=1368.6s rss=2961MB hwm=2961MB
RSS_SAMPLE t=1368.9s rss=2961MB hwm=2961MB
RSS_SAMPLE t=1369.1s rss=2961MB hwm=2961MB
RSS_SAMPLE t=1369.4s rss=2961MB hwm=2961MB
RSS_SAMPLE t=1369.6s rss=2961MB hwm=2961MB
RSS_SAMPLE t=1369.9s rss=2961MB hwm=2961MB
RSS_SAMPLE t=1370.1s rss=2961MB hwm=2961MB
RSS_SAMPLE t=1370.4s rss=2961MB hwm=2961MB
RSS_SAMPLE t=1370.6s rss=2962MB hwm=2962MB
RSS_SAMPLE t=1370.9s rss=2962MB hwm=2962MB
RSS_SAMPLE t=1371.1s rss=2962MB hwm=2962MB
RSS_SAMPLE t=1371.4s rss=2962MB hwm=2962MB
RSS_SAMPLE t=1371.6s rss=2962MB hwm=2962MB
RSS_SAMPLE t=1371.9s rss=2962MB hwm=2962MB
RSS_SAMPLE t=1372.1s rss=2962MB hwm=2962MB
RSS_SAMPLE t=1372.4s rss=2962MB hwm=2962MB
RSS_SAMPLE t=1372.6s rss=2962MB hwm=2962MB
RSS_SAMPLE t=1372.9s rss=2963MB hwm=2963MB
RSS_SAMPLE t=1373.1s rss=2963MB hwm=2963MB
RSS_SAMPLE t=1373.4s rss=2963MB hwm=2963MB
RSS_SAMPLE t=1373.6s rss=2963MB hwm=2963MB
RSS_SAMPLE t=1373.9s rss=2963MB hwm=2963MB
RSS_SAMPLE t=1374.1s rss=2963MB hwm=2963MB
RSS_SAMPLE t=1374.4s rss=2963MB hwm=2963MB
RSS_SAMPLE t=1374.6s rss=2963MB hwm=2963MB
RSS_SAMPLE t=1374.9s rss=2963MB hwm=2963MB
RSS_SAMPLE t=1375.1s rss=2963MB hwm=2963MB
RSS_SAMPLE t=1375.4s rss=2964MB hwm=2964MB
RSS_SAMPLE t=1375.6s rss=2964MB hwm=2964MB
RSS_SAMPLE t=1375.9s rss=2964MB hwm=2964MB
RSS_SAMPLE t=1376.1s rss=2964MB hwm=2964MB
RSS_SAMPLE t=1376.4s rss=2964MB hwm=2964MB
RSS_SAMPLE t=1376.6s rss=2965MB hwm=2965MB
RSS_SAMPLE t=1376.9s rss=2965MB hwm=2965MB
RSS_SAMPLE t=1377.1s rss=2965MB hwm=2965MB
RSS_SAMPLE t=1377.4s rss=2965MB hwm=2965MB
RSS_SAMPLE t=1377.6s rss=2965MB hwm=2965MB
RSS_SAMPLE t=1377.9s rss=2966MB hwm=2966MB
RSS_SAMPLE t=1378.1s rss=2966MB hwm=2966MB
RSS_SAMPLE t=1378.4s rss=2966MB hwm=2966MB
RSS_SAMPLE t=1378.6s rss=2966MB hwm=2966MB
RSS_SAMPLE t=1378.9s rss=2966MB hwm=2966MB
RSS_SAMPLE t=1379.1s rss=2966MB hwm=2966MB
RSS_SAMPLE t=1379.4s rss=2967MB hwm=2967MB
RSS_SAMPLE t=1379.6s rss=2967MB hwm=2967MB
RSS_SAMPLE t=1379.9s rss=2967MB hwm=2967MB
RSS_SAMPLE t=1380.1s rss=2967MB hwm=2967MB
RSS_SAMPLE t=1380.4s rss=2967MB hwm=2967MB
RSS_SAMPLE t=1380.6s rss=2967MB hwm=2967MB
RSS_SAMPLE t=1380.9s rss=2967MB hwm=2967MB
RSS_SAMPLE t=1381.1s rss=2967MB hwm=2967MB
RSS_SAMPLE t=1381.4s rss=2968MB hwm=2968MB
RSS_SAMPLE t=1381.6s rss=2968MB hwm=2968MB
RSS_SAMPLE t=1381.9s rss=2968MB hwm=2968MB
RSS_SAMPLE t=1382.1s rss=2968MB hwm=2968MB
RSS_SAMPLE t=1382.4s rss=2969MB hwm=2969MB
RSS_SAMPLE t=1382.6s rss=2969MB hwm=2969MB
RSS_SAMPLE t=1382.9s rss=2969MB hwm=2969MB
RSS_SAMPLE t=1383.1s rss=2969MB hwm=2969MB
RSS_SAMPLE t=1383.4s rss=2969MB hwm=2969MB
RSS_SAMPLE t=1383.6s rss=2969MB hwm=2969MB
RSS_SAMPLE t=1383.9s rss=2969MB hwm=2969MB
RSS_SAMPLE t=1384.1s rss=2969MB hwm=2969MB
RSS_SAMPLE t=1384.4s rss=2969MB hwm=2969MB
RSS_SAMPLE t=1384.6s rss=2969MB hwm=2969MB
RSS_SAMPLE t=1384.9s rss=2970MB hwm=2970MB
RSS_SAMPLE t=1385.1s rss=2970MB hwm=2970MB
RSS_SAMPLE t=1385.4s rss=2970MB hwm=2970MB
RSS_SAMPLE t=1385.6s rss=2970MB hwm=2970MB
RSS_SAMPLE t=1385.9s rss=2970MB hwm=2970MB
RSS_SAMPLE t=1386.1s rss=2970MB hwm=2970MB
RSS_SAMPLE t=1386.4s rss=2970MB hwm=2970MB
RSS_SAMPLE t=1386.6s rss=2970MB hwm=2970MB
RSS_SAMPLE t=1386.9s rss=2970MB hwm=2970MB
RSS_SAMPLE t=1387.1s rss=2970MB hwm=2970MB
RSS_SAMPLE t=1387.4s rss=2971MB hwm=2971MB
RSS_SAMPLE t=1387.6s rss=2971MB hwm=2971MB
RSS_SAMPLE t=1387.9s rss=2971MB hwm=2971MB
RSS_SAMPLE t=1388.1s rss=2971MB hwm=2971MB
RSS_SAMPLE t=1388.4s rss=2971MB hwm=2971MB
RSS_SAMPLE t=1388.6s rss=2971MB hwm=2971MB
RSS_SAMPLE t=1388.9s rss=2971MB hwm=2971MB
RSS_SAMPLE t=1389.1s rss=2971MB hwm=2971MB
RSS_SAMPLE t=1389.4s rss=2972MB hwm=2972MB
RSS_SAMPLE t=1389.6s rss=2972MB hwm=2972MB
RSS_SAMPLE t=1389.9s rss=2972MB hwm=2972MB
RSS_SAMPLE t=1390.1s rss=2972MB hwm=2972MB
RSS_SAMPLE t=1390.4s rss=2972MB hwm=2972MB
RSS_SAMPLE t=1390.6s rss=2973MB hwm=2973MB
RSS_SAMPLE t=1390.9s rss=2973MB hwm=2973MB
RSS_SAMPLE t=1391.1s rss=2973MB hwm=2973MB
RSS_SAMPLE t=1391.4s rss=2973MB hwm=2973MB
RSS_SAMPLE t=1391.6s rss=2974MB hwm=2974MB
RSS_SAMPLE t=1391.9s rss=2974MB hwm=2974MB
RSS_SAMPLE t=1392.1s rss=2974MB hwm=2974MB
RSS_SAMPLE t=1392.4s rss=2974MB hwm=2974MB
RSS_SAMPLE t=1392.6s rss=2974MB hwm=2974MB
RSS_SAMPLE t=1392.9s rss=2974MB hwm=2974MB
RSS_SAMPLE t=1393.1s rss=2975MB hwm=2975MB
RSS_SAMPLE t=1393.4s rss=2975MB hwm=2975MB
RSS_SAMPLE t=1393.6s rss=2975MB hwm=2975MB
RSS_SAMPLE t=1393.9s rss=2975MB hwm=2975MB
RSS_SAMPLE t=1394.1s rss=2976MB hwm=2976MB
RSS_SAMPLE t=1394.4s rss=2976MB hwm=2976MB
RSS_SAMPLE t=1394.6s rss=2976MB hwm=2976MB
RSS_SAMPLE t=1394.9s rss=2976MB hwm=2976MB
RSS_SAMPLE t=1395.1s rss=2976MB hwm=2976MB
RSS_SAMPLE t=1395.4s rss=2977MB hwm=2977MB
RSS_SAMPLE t=1395.6s rss=2977MB hwm=2977MB
RSS_SAMPLE t=1395.9s rss=2977MB hwm=2977MB
RSS_SAMPLE t=1396.1s rss=2977MB hwm=2977MB
RSS_SAMPLE t=1396.4s rss=2977MB hwm=2977MB
RSS_SAMPLE t=1396.6s rss=2977MB hwm=2977MB
RSS_SAMPLE t=1396.9s rss=2977MB hwm=2977MB
RSS_SAMPLE t=1397.2s rss=2978MB hwm=2978MB
RSS_SAMPLE t=1397.4s rss=2978MB hwm=2978MB
RSS_SAMPLE t=1397.7s rss=2978MB hwm=2978MB
RSS_SAMPLE t=1397.9s rss=2978MB hwm=2978MB
RSS_SAMPLE t=1398.2s rss=2979MB hwm=2979MB
RSS_SAMPLE t=1398.4s rss=2979MB hwm=2979MB
RSS_SAMPLE t=1398.7s rss=2979MB hwm=2979MB
RSS_SAMPLE t=1398.9s rss=2979MB hwm=2979MB
RSS_SAMPLE t=1399.2s rss=2979MB hwm=2979MB
RSS_SAMPLE t=1399.4s rss=2979MB hwm=2979MB
RSS_SAMPLE t=1399.7s rss=2979MB hwm=2979MB
RSS_SAMPLE t=1399.9s rss=2980MB hwm=2980MB
RSS_SAMPLE t=1400.2s rss=2980MB hwm=2980MB
RSS_SAMPLE t=1400.4s rss=2980MB hwm=2980MB
RSS_SAMPLE t=1400.7s rss=2980MB hwm=2980MB
RSS_SAMPLE t=1400.9s rss=2981MB hwm=2981MB
RSS_SAMPLE t=1401.2s rss=2981MB hwm=2981MB
RSS_SAMPLE t=1401.4s rss=2981MB hwm=2981MB
RSS_SAMPLE t=1401.7s rss=2981MB hwm=2981MB
RSS_SAMPLE t=1401.9s rss=2982MB hwm=2982MB
RSS_SAMPLE t=1402.2s rss=2982MB hwm=2982MB
RSS_SAMPLE t=1402.4s rss=2982MB hwm=2982MB
RSS_SAMPLE t=1402.7s rss=2982MB hwm=2982MB
RSS_SAMPLE t=1402.9s rss=2982MB hwm=2982MB
RSS_SAMPLE t=1403.2s rss=2983MB hwm=2983MB
RSS_SAMPLE t=1403.4s rss=2983MB hwm=2983MB
RSS_SAMPLE t=1403.7s rss=2983MB hwm=2983MB
RSS_SAMPLE t=1403.9s rss=2983MB hwm=2983MB
RSS_SAMPLE t=1404.2s rss=2983MB hwm=2983MB
RSS_SAMPLE t=1404.4s rss=2984MB hwm=2984MB
RSS_SAMPLE t=1404.7s rss=2984MB hwm=2984MB
RSS_SAMPLE t=1404.9s rss=2984MB hwm=2984MB
RSS_SAMPLE t=1405.2s rss=2984MB hwm=2984MB
RSS_SAMPLE t=1405.4s rss=2985MB hwm=2985MB
RSS_SAMPLE t=1405.7s rss=2985MB hwm=2985MB
RSS_SAMPLE t=1405.9s rss=2985MB hwm=2985MB
RSS_SAMPLE t=1406.2s rss=2985MB hwm=2985MB
RSS_SAMPLE t=1406.4s rss=2986MB hwm=2986MB
RSS_SAMPLE t=1406.7s rss=2986MB hwm=2986MB
RSS_SAMPLE t=1406.9s rss=2986MB hwm=2986MB
RSS_SAMPLE t=1407.2s rss=2986MB hwm=2986MB
RSS_SAMPLE t=1407.4s rss=2987MB hwm=2987MB
RSS_SAMPLE t=1407.7s rss=2987MB hwm=2987MB
RSS_SAMPLE t=1407.9s rss=2987MB hwm=2987MB
RSS_SAMPLE t=1408.2s rss=2988MB hwm=2988MB
RSS_SAMPLE t=1408.4s rss=2988MB hwm=2988MB
RSS_SAMPLE t=1408.7s rss=2988MB hwm=2988MB
RSS_SAMPLE t=1408.9s rss=2988MB hwm=2988MB
RSS_SAMPLE t=1409.2s rss=2988MB hwm=2988MB
RSS_SAMPLE t=1409.4s rss=2989MB hwm=2989MB
RSS_SAMPLE t=1409.7s rss=2989MB hwm=2989MB
RSS_SAMPLE t=1409.9s rss=2989MB hwm=2989MB
RSS_SAMPLE t=1410.2s rss=2989MB hwm=2989MB
RSS_SAMPLE t=1410.4s rss=2990MB hwm=2990MB
RSS_SAMPLE t=1410.7s rss=2990MB hwm=2990MB
RSS_SAMPLE t=1410.9s rss=2990MB hwm=2990MB
RSS_SAMPLE t=1411.2s rss=2991MB hwm=2991MB
RSS_SAMPLE t=1411.4s rss=2991MB hwm=2991MB
RSS_SAMPLE t=1411.7s rss=2991MB hwm=2991MB
RSS_SAMPLE t=1411.9s rss=2991MB hwm=2991MB
RSS_SAMPLE t=1412.2s rss=2992MB hwm=2992MB
RSS_SAMPLE t=1412.4s rss=2992MB hwm=2992MB
RSS_SAMPLE t=1412.7s rss=2992MB hwm=2992MB
RSS_SAMPLE t=1412.9s rss=2992MB hwm=2992MB
RSS_SAMPLE t=1413.2s rss=2993MB hwm=2993MB
RSS_SAMPLE t=1413.4s rss=2993MB hwm=2993MB
RSS_SAMPLE t=1413.7s rss=2993MB hwm=2993MB
RSS_SAMPLE t=1413.9s rss=2994MB hwm=2994MB
RSS_SAMPLE t=1414.2s rss=2994MB hwm=2994MB
RSS_SAMPLE t=1414.4s rss=2994MB hwm=2994MB
RSS_SAMPLE t=1414.7s rss=2994MB hwm=2994MB
RSS_SAMPLE t=1414.9s rss=2995MB hwm=2995MB
RSS_SAMPLE t=1415.2s rss=2995MB hwm=2995MB
RSS_SAMPLE t=1415.4s rss=2995MB hwm=2995MB
RSS_SAMPLE t=1415.7s rss=2996MB hwm=2996MB
RSS_SAMPLE t=1415.9s rss=2996MB hwm=2996MB
RSS_SAMPLE t=1416.2s rss=2996MB hwm=2996MB
RSS_SAMPLE t=1416.4s rss=2996MB hwm=2996MB
RSS_SAMPLE t=1416.7s rss=2997MB hwm=2997MB
RSS_SAMPLE t=1416.9s rss=2997MB hwm=2997MB
RSS_SAMPLE t=1417.2s rss=2997MB hwm=2997MB
RSS_SAMPLE t=1417.4s rss=2997MB hwm=2997MB
RSS_SAMPLE t=1417.7s rss=2998MB hwm=2998MB
RSS_SAMPLE t=1417.9s rss=2998MB hwm=2998MB
RSS_SAMPLE t=1418.2s rss=2998MB hwm=2998MB
RSS_SAMPLE t=1418.4s rss=2998MB hwm=2998MB
RSS_SAMPLE t=1418.7s rss=2998MB hwm=2998MB
RSS_SAMPLE t=1418.9s rss=2999MB hwm=2999MB
RSS_SAMPLE t=1419.2s rss=2999MB hwm=2999MB
RSS_SAMPLE t=1419.4s rss=2999MB hwm=2999MB
RSS_SAMPLE t=1419.7s rss=3000MB hwm=3000MB
RSS_SAMPLE t=1419.9s rss=3000MB hwm=3000MB
RSS_SAMPLE t=1420.2s rss=3000MB hwm=3000MB
RSS_SAMPLE t=1420.4s rss=3000MB hwm=3000MB
RSS_SAMPLE t=1420.7s rss=3000MB hwm=3000MB
RSS_SAMPLE t=1420.9s rss=3001MB hwm=3001MB
RSS_SAMPLE t=1421.2s rss=3001MB hwm=3001MB
RSS_SAMPLE t=1421.4s rss=3001MB hwm=3001MB
RSS_SAMPLE t=1421.7s rss=3001MB hwm=3001MB
RSS_SAMPLE t=1421.9s rss=3002MB hwm=3002MB
RSS_SAMPLE t=1422.2s rss=3002MB hwm=3002MB
RSS_SAMPLE t=1422.4s rss=3002MB hwm=3002MB
RSS_SAMPLE t=1422.7s rss=3002MB hwm=3002MB
RSS_SAMPLE t=1422.9s rss=3003MB hwm=3003MB
RSS_SAMPLE t=1423.2s rss=3003MB hwm=3003MB
RSS_SAMPLE t=1423.4s rss=3003MB hwm=3003MB
RSS_SAMPLE t=1423.7s rss=3004MB hwm=3004MB
RSS_SAMPLE t=1423.9s rss=3004MB hwm=3004MB
RSS_SAMPLE t=1424.2s rss=3004MB hwm=3004MB
RSS_SAMPLE t=1424.4s rss=3005MB hwm=3005MB
RSS_SAMPLE t=1424.7s rss=3005MB hwm=3005MB
RSS_SAMPLE t=1424.9s rss=3005MB hwm=3005MB
RSS_SAMPLE t=1425.2s rss=3005MB hwm=3005MB
RSS_SAMPLE t=1425.4s rss=3005MB hwm=3005MB
RSS_SAMPLE t=1425.7s rss=3006MB hwm=3006MB
RSS_SAMPLE t=1425.9s rss=3006MB hwm=3006MB
RSS_SAMPLE t=1426.2s rss=3006MB hwm=3006MB
RSS_SAMPLE t=1426.4s rss=3006MB hwm=3006MB
RSS_SAMPLE t=1426.7s rss=3006MB hwm=3006MB
RSS_SAMPLE t=1426.9s rss=3006MB hwm=3006MB
RSS_SAMPLE t=1427.2s rss=3007MB hwm=3007MB
RSS_SAMPLE t=1427.4s rss=3007MB hwm=3007MB
RSS_SAMPLE t=1427.7s rss=3007MB hwm=3007MB
RSS_SAMPLE t=1427.9s rss=3007MB hwm=3007MB
RSS_SAMPLE t=1428.2s rss=3007MB hwm=3007MB
RSS_SAMPLE t=1428.4s rss=3007MB hwm=3007MB
RSS_SAMPLE t=1428.7s rss=3008MB hwm=3008MB
RSS_SAMPLE t=1428.9s rss=3008MB hwm=3008MB
RSS_SAMPLE t=1429.2s rss=3008MB hwm=3008MB
RSS_SAMPLE t=1429.4s rss=3008MB hwm=3008MB
RSS_SAMPLE t=1429.7s rss=3008MB hwm=3008MB
RSS_SAMPLE t=1429.9s rss=3009MB hwm=3009MB
RSS_SAMPLE t=1430.2s rss=3009MB hwm=3009MB
RSS_SAMPLE t=1430.4s rss=3009MB hwm=3009MB
RSS_SAMPLE t=1430.7s rss=3009MB hwm=3009MB
RSS_SAMPLE t=1430.9s rss=3010MB hwm=3010MB
RSS_SAMPLE t=1431.2s rss=3010MB hwm=3010MB
RSS_SAMPLE t=1431.4s rss=3010MB hwm=3010MB
RSS_SAMPLE t=1431.7s rss=3010MB hwm=3010MB
RSS_SAMPLE t=1431.9s rss=3011MB hwm=3011MB
RSS_SAMPLE t=1432.2s rss=3011MB hwm=3011MB
RSS_SAMPLE t=1432.4s rss=3012MB hwm=3012MB
RSS_SAMPLE t=1432.7s rss=3012MB hwm=3012MB
RSS_SAMPLE t=1432.9s rss=3012MB hwm=3012MB
RSS_SAMPLE t=1433.2s rss=3012MB hwm=3012MB
RSS_SAMPLE t=1433.4s rss=3013MB hwm=3013MB
RSS_SAMPLE t=1433.7s rss=3013MB hwm=3013MB
RSS_SAMPLE t=1433.9s rss=3014MB hwm=3014MB
RSS_SAMPLE t=1434.2s rss=3014MB hwm=3014MB
RSS_SAMPLE t=1434.4s rss=3014MB hwm=3014MB
RSS_SAMPLE t=1434.7s rss=3015MB hwm=3015MB
RSS_SAMPLE t=1434.9s rss=3015MB hwm=3015MB
RSS_SAMPLE t=1435.2s rss=3015MB hwm=3015MB
RSS_SAMPLE t=1435.4s rss=3016MB hwm=3016MB
RSS_SAMPLE t=1435.7s rss=3016MB hwm=3016MB
RSS_SAMPLE t=1435.9s rss=3016MB hwm=3016MB
RSS_SAMPLE t=1436.2s rss=3017MB hwm=3017MB
RSS_SAMPLE t=1436.4s rss=3017MB hwm=3017MB
RSS_SAMPLE t=1436.7s rss=3018MB hwm=3018MB
RSS_SAMPLE t=1436.9s rss=3018MB hwm=3018MB
RSS_SAMPLE t=1437.2s rss=3019MB hwm=3019MB
RSS_SAMPLE t=1437.4s rss=3019MB hwm=3019MB
RSS_SAMPLE t=1437.7s rss=3019MB hwm=3019MB
RSS_SAMPLE t=1437.9s rss=3020MB hwm=3020MB
RSS_SAMPLE t=1438.2s rss=3020MB hwm=3020MB
RSS_SAMPLE t=1438.4s rss=3020MB hwm=3020MB
RSS_SAMPLE t=1438.7s rss=3021MB hwm=3021MB
RSS_SAMPLE t=1438.9s rss=3021MB hwm=3021MB
RSS_SAMPLE t=1439.2s rss=3021MB hwm=3021MB
RSS_SAMPLE t=1439.4s rss=3022MB hwm=3022MB
RSS_SAMPLE t=1439.7s rss=3022MB hwm=3022MB
RSS_SAMPLE t=1439.9s rss=3022MB hwm=3022MB
RSS_SAMPLE t=1440.2s rss=3023MB hwm=3023MB
RSS_SAMPLE t=1440.4s rss=3023MB hwm=3023MB
RSS_SAMPLE t=1440.7s rss=3023MB hwm=3023MB
RSS_SAMPLE t=1440.9s rss=3024MB hwm=3024MB
RSS_SAMPLE t=1441.2s rss=3024MB hwm=3024MB
RSS_SAMPLE t=1441.4s rss=3024MB hwm=3024MB
RSS_SAMPLE t=1441.7s rss=3024MB hwm=3024MB
RSS_SAMPLE t=1441.9s rss=3025MB hwm=3025MB
RSS_SAMPLE t=1442.2s rss=3025MB hwm=3025MB
RSS_SAMPLE t=1442.4s rss=3025MB hwm=3025MB
RSS_SAMPLE t=1442.7s rss=3026MB hwm=3026MB
RSS_SAMPLE t=1442.9s rss=3026MB hwm=3026MB
RSS_SAMPLE t=1443.2s rss=3026MB hwm=3026MB
RSS_SAMPLE t=1443.4s rss=3027MB hwm=3027MB
RSS_SAMPLE t=1443.7s rss=3027MB hwm=3027MB
RSS_SAMPLE t=1443.9s rss=3027MB hwm=3027MB
RSS_SAMPLE t=1444.2s rss=3027MB hwm=3027MB
RSS_SAMPLE t=1444.4s rss=3028MB hwm=3028MB
RSS_SAMPLE t=1444.7s rss=3028MB hwm=3028MB
RSS_SAMPLE t=1444.9s rss=3028MB hwm=3028MB
RSS_SAMPLE t=1445.2s rss=3029MB hwm=3029MB
RSS_SAMPLE t=1445.4s rss=3029MB hwm=3029MB
RSS_SAMPLE t=1445.7s rss=3029MB hwm=3029MB
RSS_SAMPLE t=1445.9s rss=3029MB hwm=3029MB
RSS_SAMPLE t=1446.2s rss=3030MB hwm=3030MB
RSS_SAMPLE t=1446.4s rss=3030MB hwm=3030MB
RSS_SAMPLE t=1446.7s rss=3030MB hwm=3030MB
RSS_SAMPLE t=1446.9s rss=3031MB hwm=3031MB
RSS_SAMPLE t=1447.2s rss=3031MB hwm=3031MB
RSS_SAMPLE t=1447.4s rss=3031MB hwm=3031MB
RSS_SAMPLE t=1447.7s rss=3032MB hwm=3032MB
RSS_SAMPLE t=1447.9s rss=3032MB hwm=3032MB
RSS_SAMPLE t=1448.2s rss=3032MB hwm=3032MB
RSS_SAMPLE t=1448.4s rss=3032MB hwm=3032MB
RSS_SAMPLE t=1448.7s rss=3033MB hwm=3033MB
RSS_SAMPLE t=1448.9s rss=3033MB hwm=3033MB
RSS_SAMPLE t=1449.2s rss=3033MB hwm=3033MB
RSS_SAMPLE t=1449.4s rss=3034MB hwm=3034MB
RSS_SAMPLE t=1449.7s rss=3034MB hwm=3034MB
RSS_SAMPLE t=1449.9s rss=3034MB hwm=3034MB
RSS_SAMPLE t=1450.2s rss=3035MB hwm=3035MB
RSS_SAMPLE t=1450.4s rss=3035MB hwm=3035MB
RSS_SAMPLE t=1450.7s rss=3035MB hwm=3035MB
RSS_SAMPLE t=1450.9s rss=3036MB hwm=3036MB
RSS_SAMPLE t=1451.2s rss=3036MB hwm=3036MB
RSS_SAMPLE t=1451.4s rss=3036MB hwm=3036MB
RSS_SAMPLE t=1451.7s rss=3037MB hwm=3037MB
RSS_SAMPLE t=1451.9s rss=3037MB hwm=3037MB
RSS_SAMPLE t=1452.2s rss=3037MB hwm=3037MB
RSS_SAMPLE t=1452.4s rss=3038MB hwm=3038MB
RSS_SAMPLE t=1452.7s rss=3038MB hwm=3038MB
RSS_SAMPLE t=1452.9s rss=3038MB hwm=3038MB
RSS_SAMPLE t=1453.2s rss=3038MB hwm=3038MB
RSS_SAMPLE t=1453.4s rss=3039MB hwm=3039MB
RSS_SAMPLE t=1453.7s rss=3039MB hwm=3039MB
RSS_SAMPLE t=1453.9s rss=3040MB hwm=3040MB
RSS_SAMPLE t=1454.2s rss=3040MB hwm=3040MB
RSS_SAMPLE t=1454.4s rss=3040MB hwm=3040MB
RSS_SAMPLE t=1454.7s rss=3040MB hwm=3040MB
RSS_SAMPLE t=1454.9s rss=3041MB hwm=3041MB
RSS_SAMPLE t=1455.2s rss=3041MB hwm=3041MB
RSS_SAMPLE t=1455.4s rss=3041MB hwm=3041MB
RSS_SAMPLE t=1455.7s rss=3042MB hwm=3042MB
RSS_SAMPLE t=1455.9s rss=3042MB hwm=3042MB
RSS_SAMPLE t=1456.2s rss=3042MB hwm=3042MB
RSS_SAMPLE t=1456.4s rss=3042MB hwm=3042MB
RSS_SAMPLE t=1456.7s rss=3043MB hwm=3043MB
RSS_SAMPLE t=1456.9s rss=3043MB hwm=3043MB
RSS_SAMPLE t=1457.2s rss=3043MB hwm=3043MB
RSS_SAMPLE t=1457.4s rss=3043MB hwm=3043MB
RSS_SAMPLE t=1457.7s rss=3043MB hwm=3043MB
RSS_SAMPLE t=1457.9s rss=3044MB hwm=3044MB
RSS_SAMPLE t=1458.2s rss=3044MB hwm=3044MB
RSS_SAMPLE t=1458.4s rss=3044MB hwm=3044MB
RSS_SAMPLE t=1458.7s rss=3044MB hwm=3044MB
RSS_SAMPLE t=1458.9s rss=3044MB hwm=3044MB
RSS_SAMPLE t=1459.2s rss=3044MB hwm=3044MB
RSS_SAMPLE t=1459.4s rss=3045MB hwm=3045MB
RSS_SAMPLE t=1459.7s rss=3045MB hwm=3045MB
RSS_SAMPLE t=1459.9s rss=3045MB hwm=3045MB
RSS_SAMPLE t=1460.2s rss=3045MB hwm=3045MB
RSS_SAMPLE t=1460.4s rss=3045MB hwm=3045MB
RSS_SAMPLE t=1460.7s rss=3045MB hwm=3045MB
RSS_SAMPLE t=1460.9s rss=3045MB hwm=3045MB
RSS_SAMPLE t=1461.2s rss=3045MB hwm=3045MB
RSS_SAMPLE t=1461.4s rss=3045MB hwm=3045MB
RSS_SAMPLE t=1461.7s rss=3045MB hwm=3045MB
RSS_SAMPLE t=1461.9s rss=3045MB hwm=3045MB
RSS_SAMPLE t=1462.2s rss=3045MB hwm=3045MB
RSS_SAMPLE t=1462.4s rss=3045MB hwm=3045MB
RSS_SAMPLE t=1462.7s rss=3045MB hwm=3045MB
RSS_SAMPLE t=1462.9s rss=3045MB hwm=3045MB
RSS_SAMPLE t=1463.2s rss=3045MB hwm=3045MB
RSS_SAMPLE t=1463.4s rss=3045MB hwm=3045MB
RSS_SAMPLE t=1463.7s rss=3045MB hwm=3045MB
RSS_SAMPLE t=1463.9s rss=3045MB hwm=3045MB
RSS_SAMPLE t=1464.2s rss=3045MB hwm=3045MB
RSS_SAMPLE t=1464.4s rss=3045MB hwm=3045MB
RSS_SAMPLE t=1464.7s rss=3045MB hwm=3045MB
RSS_SAMPLE t=1464.9s rss=3045MB hwm=3045MB
RSS_SAMPLE t=1465.2s rss=3045MB hwm=3045MB
RSS_SAMPLE t=1465.4s rss=3045MB hwm=3045MB
RSS_SAMPLE t=1465.7s rss=3045MB hwm=3045MB
RSS_SAMPLE t=1465.9s rss=3045MB hwm=3045MB
RSS_SAMPLE t=1466.2s rss=3045MB hwm=3045MB
RSS_SAMPLE t=1466.4s rss=3045MB hwm=3045MB
RSS_SAMPLE t=1466.7s rss=3045MB hwm=3045MB
RSS_SAMPLE t=1466.9s rss=3045MB hwm=3045MB
RSS_SAMPLE t=1467.2s rss=3045MB hwm=3045MB
RSS_SAMPLE t=1467.4s rss=3045MB hwm=3045MB
RSS_SAMPLE t=1467.7s rss=3045MB hwm=3045MB
RSS_SAMPLE t=1467.9s rss=3045MB hwm=3045MB
RSS_SAMPLE t=1468.2s rss=3045MB hwm=3045MB
RSS_SAMPLE t=1468.4s rss=3045MB hwm=3045MB
RSS_SAMPLE t=1468.7s rss=3045MB hwm=3045MB
RSS_SAMPLE t=1468.9s rss=3045MB hwm=3045MB
RSS_SAMPLE t=1469.2s rss=3045MB hwm=3045MB
RSS_SAMPLE t=1469.4s rss=3045MB hwm=3045MB
RSS_SAMPLE t=1469.7s rss=3045MB hwm=3045MB
RSS_SAMPLE t=1469.9s rss=3045MB hwm=3045MB
RSS_SAMPLE t=1470.2s rss=3045MB hwm=3045MB
RSS_SAMPLE t=1470.4s rss=3045MB hwm=3045MB
RSS_SAMPLE t=1470.7s rss=3045MB hwm=3045MB
RSS_SAMPLE t=1470.9s rss=3045MB hwm=3045MB
RSS_SAMPLE t=1471.2s rss=3045MB hwm=3045MB
RSS_SAMPLE t=1471.4s rss=3045MB hwm=3045MB
RSS_SAMPLE t=1471.7s rss=3045MB hwm=3045MB
RSS_SAMPLE t=1471.9s rss=3045MB hwm=3045MB
RSS_SAMPLE t=1472.2s rss=3045MB hwm=3045MB
RSS_SAMPLE t=1472.4s rss=3045MB hwm=3045MB
RSS_SAMPLE t=1472.7s rss=3045MB hwm=3045MB
RSS_SAMPLE t=1472.9s rss=3045MB hwm=3045MB
RSS_SAMPLE t=1473.2s rss=3045MB hwm=3045MB
RSS_SAMPLE t=1473.4s rss=3045MB hwm=3045MB
RSS_SAMPLE t=1473.7s rss=3046MB hwm=3046MB
RSS_SAMPLE t=1473.9s rss=3046MB hwm=3046MB
RSS_SAMPLE t=1474.2s rss=3046MB hwm=3046MB
RSS_SAMPLE t=1474.4s rss=3046MB hwm=3046MB
RSS_SAMPLE t=1474.7s rss=3046MB hwm=3046MB
RSS_SAMPLE t=1474.9s rss=3046MB hwm=3046MB
RSS_SAMPLE t=1475.2s rss=3046MB hwm=3046MB
RSS_SAMPLE t=1475.4s rss=3046MB hwm=3046MB
RSS_SAMPLE t=1475.7s rss=3046MB hwm=3046MB
RSS_SAMPLE t=1475.9s rss=3046MB hwm=3046MB
RSS_SAMPLE t=1476.2s rss=3046MB hwm=3046MB
RSS_SAMPLE t=1476.4s rss=3046MB hwm=3046MB
RSS_SAMPLE t=1476.7s rss=3046MB hwm=3046MB
RSS_SAMPLE t=1476.9s rss=3046MB hwm=3046MB
RSS_SAMPLE t=1477.2s rss=3046MB hwm=3046MB
RSS_SAMPLE t=1477.4s rss=3046MB hwm=3046MB
RSS_SAMPLE t=1477.7s rss=3046MB hwm=3046MB
RSS_SAMPLE t=1477.9s rss=3046MB hwm=3046MB
RSS_SAMPLE t=1478.2s rss=3046MB hwm=3046MB
RSS_SAMPLE t=1478.4s rss=3046MB hwm=3046MB
RSS_SAMPLE t=1478.7s rss=3046MB hwm=3046MB
RSS_SAMPLE t=1478.9s rss=3046MB hwm=3046MB
RSS_SAMPLE t=1479.2s rss=3046MB hwm=3046MB
RSS_SAMPLE t=1479.5s rss=3046MB hwm=3046MB
RSS_SAMPLE t=1479.7s rss=3046MB hwm=3046MB
RSS_SAMPLE t=1480.0s rss=3046MB hwm=3046MB
RSS_SAMPLE t=1480.2s rss=3046MB hwm=3046MB
RSS_SAMPLE t=1480.5s rss=3046MB hwm=3046MB
RSS_SAMPLE t=1480.7s rss=3046MB hwm=3046MB
RSS_SAMPLE t=1481.0s rss=3046MB hwm=3046MB
RSS_SAMPLE t=1481.2s rss=3046MB hwm=3046MB
RSS_SAMPLE t=1481.5s rss=3046MB hwm=3046MB
RSS_SAMPLE t=1481.7s rss=3046MB hwm=3046MB
RSS_SAMPLE t=1482.0s rss=3046MB hwm=3046MB
RSS_SAMPLE t=1482.2s rss=3047MB hwm=3047MB
RSS_SAMPLE t=1482.5s rss=3047MB hwm=3047MB
RSS_SAMPLE t=1482.7s rss=3047MB hwm=3047MB
RSS_SAMPLE t=1483.0s rss=3047MB hwm=3047MB
RSS_SAMPLE t=1483.2s rss=3047MB hwm=3047MB
RSS_SAMPLE t=1483.5s rss=3047MB hwm=3047MB
RSS_SAMPLE t=1483.7s rss=3047MB hwm=3047MB
RSS_SAMPLE t=1484.0s rss=3047MB hwm=3047MB
RSS_SAMPLE t=1484.2s rss=3047MB hwm=3047MB
RSS_SAMPLE t=1484.5s rss=3047MB hwm=3047MB
RSS_SAMPLE t=1484.7s rss=3047MB hwm=3047MB
RSS_SAMPLE t=1485.0s rss=3047MB hwm=3047MB
RSS_SAMPLE t=1485.2s rss=3047MB hwm=3047MB
RSS_SAMPLE t=1485.5s rss=3047MB hwm=3047MB
RSS_SAMPLE t=1485.7s rss=3047MB hwm=3047MB
RSS_SAMPLE t=1486.0s rss=3047MB hwm=3047MB
RSS_SAMPLE t=1486.2s rss=3047MB hwm=3047MB
RSS_SAMPLE t=1486.5s rss=3047MB hwm=3047MB
RSS_SAMPLE t=1486.7s rss=3047MB hwm=3047MB
RSS_SAMPLE t=1487.0s rss=3047MB hwm=3047MB
RSS_SAMPLE t=1487.2s rss=3047MB hwm=3047MB
RSS_SAMPLE t=1487.5s rss=3047MB hwm=3047MB
RSS_SAMPLE t=1487.7s rss=3047MB hwm=3047MB
RSS_SAMPLE t=1488.0s rss=3047MB hwm=3047MB
RSS_SAMPLE t=1488.2s rss=3047MB hwm=3047MB
RSS_SAMPLE t=1488.5s rss=3047MB hwm=3047MB
RSS_SAMPLE t=1488.7s rss=3047MB hwm=3047MB
RSS_SAMPLE t=1489.0s rss=3047MB hwm=3047MB
RSS_SAMPLE t=1489.2s rss=3047MB hwm=3047MB
RSS_SAMPLE t=1489.5s rss=3047MB hwm=3047MB
RSS_SAMPLE t=1489.7s rss=3047MB hwm=3047MB
RSS_SAMPLE t=1490.0s rss=3047MB hwm=3047MB
RSS_SAMPLE t=1490.2s rss=3047MB hwm=3047MB
RSS_SAMPLE t=1490.5s rss=3047MB hwm=3047MB
RSS_SAMPLE t=1490.7s rss=3047MB hwm=3047MB
RSS_SAMPLE t=1491.0s rss=3047MB hwm=3047MB
RSS_SAMPLE t=1491.2s rss=3047MB hwm=3047MB
RSS_SAMPLE t=1491.5s rss=3047MB hwm=3047MB
RSS_SAMPLE t=1491.7s rss=3047MB hwm=3047MB
RSS_SAMPLE t=1492.0s rss=3047MB hwm=3047MB
RSS_SAMPLE t=1492.2s rss=3047MB hwm=3047MB
RSS_SAMPLE t=1492.5s rss=3047MB hwm=3047MB
RSS_SAMPLE t=1492.7s rss=3047MB hwm=3047MB
RSS_SAMPLE t=1493.0s rss=3047MB hwm=3047MB
RSS_SAMPLE t=1493.2s rss=3047MB hwm=3047MB
RSS_SAMPLE t=1493.5s rss=3047MB hwm=3047MB
RSS_SAMPLE t=1493.7s rss=3047MB hwm=3047MB
RSS_SAMPLE t=1494.0s rss=3047MB hwm=3047MB
RSS_SAMPLE t=1494.2s rss=3047MB hwm=3047MB
RSS_SAMPLE t=1494.5s rss=3047MB hwm=3047MB
RSS_SAMPLE t=1494.7s rss=3047MB hwm=3047MB
RSS_SAMPLE t=1495.0s rss=3047MB hwm=3047MB
RSS_SAMPLE t=1495.2s rss=3047MB hwm=3047MB
RSS_SAMPLE t=1495.5s rss=3047MB hwm=3047MB
RSS_SAMPLE t=1495.7s rss=3047MB hwm=3047MB
RSS_SAMPLE t=1496.0s rss=3047MB hwm=3047MB
RSS_SAMPLE t=1496.2s rss=3047MB hwm=3047MB
RSS_SAMPLE t=1496.5s rss=3047MB hwm=3047MB
RSS_SAMPLE t=1496.7s rss=3047MB hwm=3047MB
RSS_SAMPLE t=1497.0s rss=3047MB hwm=3047MB
RSS_SAMPLE t=1497.2s rss=3048MB hwm=3048MB
RSS_SAMPLE t=1497.5s rss=3048MB hwm=3048MB
RSS_SAMPLE t=1497.7s rss=3048MB hwm=3048MB
RSS_SAMPLE t=1498.0s rss=3048MB hwm=3048MB
RSS_SAMPLE t=1498.2s rss=3048MB hwm=3048MB
RSS_SAMPLE t=1498.5s rss=3048MB hwm=3048MB
RSS_SAMPLE t=1498.7s rss=3048MB hwm=3048MB
RSS_SAMPLE t=1499.0s rss=3048MB hwm=3048MB
RSS_SAMPLE t=1499.2s rss=3048MB hwm=3048MB
RSS_SAMPLE t=1499.5s rss=3048MB hwm=3048MB
RSS_SAMPLE t=1499.7s rss=3048MB hwm=3048MB
RSS_SAMPLE t=1500.0s rss=3048MB hwm=3048MB
RSS_SAMPLE t=1500.2s rss=3048MB hwm=3048MB
RSS_SAMPLE t=1500.5s rss=3048MB hwm=3048MB
RSS_SAMPLE t=1500.7s rss=3048MB hwm=3048MB
RSS_SAMPLE t=1501.0s rss=3048MB hwm=3048MB
RSS_SAMPLE t=1501.2s rss=3048MB hwm=3048MB
RSS_SAMPLE t=1501.5s rss=3048MB hwm=3048MB
RSS_SAMPLE t=1501.7s rss=3048MB hwm=3048MB
RSS_SAMPLE t=1502.0s rss=3048MB hwm=3048MB
RSS_SAMPLE t=1502.2s rss=3048MB hwm=3048MB
RSS_SAMPLE t=1502.5s rss=3048MB hwm=3048MB
RSS_SAMPLE t=1502.7s rss=3048MB hwm=3048MB
RSS_SAMPLE t=1503.0s rss=3048MB hwm=3048MB
RSS_SAMPLE t=1503.2s rss=3048MB hwm=3048MB
RSS_SAMPLE t=1503.5s rss=3048MB hwm=3048MB
RSS_SAMPLE t=1503.7s rss=3048MB hwm=3048MB
RSS_SAMPLE t=1504.0s rss=3048MB hwm=3048MB
RSS_SAMPLE t=1504.2s rss=3048MB hwm=3048MB
RSS_SAMPLE t=1504.5s rss=3048MB hwm=3048MB
RSS_SAMPLE t=1504.7s rss=3048MB hwm=3048MB
RSS_SAMPLE t=1505.0s rss=3048MB hwm=3048MB
RSS_SAMPLE t=1505.2s rss=3048MB hwm=3048MB
RSS_SAMPLE t=1505.5s rss=3048MB hwm=3048MB
RSS_SAMPLE t=1505.7s rss=3048MB hwm=3048MB
RSS_SAMPLE t=1506.0s rss=3048MB hwm=3048MB
RSS_SAMPLE t=1506.2s rss=3048MB hwm=3048MB
RSS_SAMPLE t=1506.5s rss=3048MB hwm=3048MB
RSS_SAMPLE t=1506.7s rss=3048MB hwm=3048MB
RSS_SAMPLE t=1507.0s rss=3048MB hwm=3048MB
RSS_SAMPLE t=1507.2s rss=3048MB hwm=3048MB
RSS_SAMPLE t=1507.5s rss=3048MB hwm=3048MB
RSS_SAMPLE t=1507.7s rss=3048MB hwm=3048MB
RSS_SAMPLE t=1508.0s rss=3048MB hwm=3048MB
RSS_SAMPLE t=1508.2s rss=3048MB hwm=3048MB
RSS_SAMPLE t=1508.5s rss=3048MB hwm=3048MB
RSS_SAMPLE t=1508.7s rss=3048MB hwm=3048MB
RSS_SAMPLE t=1509.0s rss=3048MB hwm=3048MB
RSS_SAMPLE t=1509.2s rss=3048MB hwm=3048MB
RSS_SAMPLE t=1509.5s rss=3048MB hwm=3048MB
RSS_SAMPLE t=1509.7s rss=3048MB hwm=3048MB
RSS_SAMPLE t=1510.0s rss=3048MB hwm=3048MB
RSS_SAMPLE t=1510.2s rss=3048MB hwm=3048MB
RSS_SAMPLE t=1510.5s rss=3048MB hwm=3048MB
RSS_SAMPLE t=1510.7s rss=3048MB hwm=3048MB
RSS_SAMPLE t=1511.0s rss=3048MB hwm=3048MB
RSS_SAMPLE t=1511.2s rss=3048MB hwm=3048MB
RSS_SAMPLE t=1511.5s rss=3048MB hwm=3048MB
RSS_SAMPLE t=1511.7s rss=3048MB hwm=3048MB
RSS_SAMPLE t=1512.0s rss=3048MB hwm=3048MB
RSS_SAMPLE t=1512.2s rss=3048MB hwm=3048MB
RSS_SAMPLE t=1512.5s rss=3048MB hwm=3048MB
RSS_SAMPLE t=1512.7s rss=3048MB hwm=3048MB
RSS_SAMPLE t=1513.0s rss=3048MB hwm=3048MB
RSS_SAMPLE t=1513.2s rss=3048MB hwm=3048MB
RSS_SAMPLE t=1513.5s rss=3048MB hwm=3048MB
RSS_SAMPLE t=1513.7s rss=3048MB hwm=3048MB
RSS_SAMPLE t=1514.0s rss=3048MB hwm=3048MB
RSS_SAMPLE t=1514.2s rss=3048MB hwm=3048MB
RSS_SAMPLE t=1514.5s rss=3048MB hwm=3048MB
RSS_SAMPLE t=1514.7s rss=3048MB hwm=3048MB
RSS_SAMPLE t=1515.0s rss=3048MB hwm=3048MB
RSS_SAMPLE t=1515.2s rss=3048MB hwm=3048MB
RSS_SAMPLE t=1515.5s rss=3048MB hwm=3048MB
RSS_SAMPLE t=1515.7s rss=3048MB hwm=3048MB
RSS_SAMPLE t=1516.0s rss=3048MB hwm=3048MB
RSS_SAMPLE t=1516.2s rss=3048MB hwm=3048MB
RSS_SAMPLE t=1516.5s rss=3048MB hwm=3048MB
RSS_SAMPLE t=1516.7s rss=3048MB hwm=3048MB
RSS_SAMPLE t=1517.0s rss=3048MB hwm=3048MB
RSS_SAMPLE t=1517.2s rss=3048MB hwm=3048MB
RSS_SAMPLE t=1517.5s rss=3048MB hwm=3048MB
RSS_SAMPLE t=1517.7s rss=3048MB hwm=3048MB
RSS_SAMPLE t=1518.0s rss=3048MB hwm=3048MB
RSS_SAMPLE t=1518.2s rss=3048MB hwm=3048MB
RSS_SAMPLE t=1518.5s rss=3048MB hwm=3048MB
RSS_SAMPLE t=1518.7s rss=3048MB hwm=3048MB
RSS_SAMPLE t=1519.0s rss=3048MB hwm=3048MB
RSS_SAMPLE t=1519.2s rss=3048MB hwm=3048MB
RSS_SAMPLE t=1519.5s rss=3048MB hwm=3048MB
RSS_SAMPLE t=1519.7s rss=3048MB hwm=3048MB
RSS_SAMPLE t=1520.0s rss=3048MB hwm=3048MB
RSS_SAMPLE t=1520.2s rss=3048MB hwm=3048MB
RSS_SAMPLE t=1520.5s rss=3048MB hwm=3048MB
RSS_SAMPLE t=1520.7s rss=3048MB hwm=3048MB
RSS_SAMPLE t=1521.0s rss=3048MB hwm=3048MB
RSS_SAMPLE t=1521.2s rss=3048MB hwm=3048MB
RSS_SAMPLE t=1521.5s rss=3048MB hwm=3048MB
RSS_SAMPLE t=1521.7s rss=3048MB hwm=3048MB
RSS_SAMPLE t=1522.0s rss=3048MB hwm=3048MB
RSS_SAMPLE t=1522.2s rss=3048MB hwm=3048MB
RSS_SAMPLE t=1522.5s rss=3048MB hwm=3048MB
RSS_SAMPLE t=1522.7s rss=3048MB hwm=3048MB
RSS_SAMPLE t=1523.0s rss=3048MB hwm=3048MB
RSS_SAMPLE t=1523.2s rss=3048MB hwm=3048MB
RSS_SAMPLE t=1523.5s rss=3048MB hwm=3048MB
RSS_SAMPLE t=1523.7s rss=3048MB hwm=3048MB
RSS_SAMPLE t=1524.0s rss=3048MB hwm=3048MB
RSS_SAMPLE t=1524.2s rss=3048MB hwm=3048MB
RSS_SAMPLE t=1524.5s rss=3048MB hwm=3048MB
RSS_SAMPLE t=1524.7s rss=3048MB hwm=3048MB
RSS_SAMPLE t=1525.0s rss=3048MB hwm=3048MB
RSS_SAMPLE t=1525.2s rss=3048MB hwm=3048MB
RSS_SAMPLE t=1525.5s rss=3048MB hwm=3048MB
RSS_SAMPLE t=1525.7s rss=3048MB hwm=3048MB
RSS_SAMPLE t=1526.0s rss=3048MB hwm=3048MB
RSS_SAMPLE t=1526.2s rss=3048MB hwm=3048MB
RSS_SAMPLE t=1526.5s rss=3048MB hwm=3048MB
RSS_SAMPLE t=1526.7s rss=3048MB hwm=3048MB
RSS_SAMPLE t=1527.0s rss=3048MB hwm=3048MB
RSS_SAMPLE t=1527.2s rss=3048MB hwm=3048MB
RSS_SAMPLE t=1527.5s rss=3048MB hwm=3048MB
RSS_SAMPLE t=1527.7s rss=3048MB hwm=3048MB
RSS_SAMPLE t=1528.0s rss=3048MB hwm=3048MB
RSS_SAMPLE t=1528.2s rss=3048MB hwm=3048MB
RSS_SAMPLE t=1528.5s rss=3048MB hwm=3048MB
RSS_SAMPLE t=1528.7s rss=3048MB hwm=3048MB
RSS_SAMPLE t=1529.0s rss=3048MB hwm=3048MB
RSS_SAMPLE t=1529.2s rss=3048MB hwm=3048MB
RSS_SAMPLE t=1529.5s rss=3048MB hwm=3048MB
RSS_SAMPLE t=1529.7s rss=3048MB hwm=3048MB
RSS_SAMPLE t=1530.0s rss=3048MB hwm=3048MB
RSS_SAMPLE t=1530.2s rss=3048MB hwm=3048MB
RSS_SAMPLE t=1530.5s rss=3048MB hwm=3048MB
RSS_SAMPLE t=1530.7s rss=3048MB hwm=3048MB
RSS_SAMPLE t=1531.0s rss=3048MB hwm=3048MB
RSS_SAMPLE t=1531.2s rss=3048MB hwm=3048MB
RSS_SAMPLE t=1531.5s rss=3048MB hwm=3048MB
RSS_SAMPLE t=1531.7s rss=3048MB hwm=3048MB
RSS_SAMPLE t=1532.0s rss=3048MB hwm=3048MB
RSS_SAMPLE t=1532.2s rss=3048MB hwm=3048MB
RSS_SAMPLE t=1532.5s rss=3048MB hwm=3048MB
RSS_SAMPLE t=1532.7s rss=3048MB hwm=3048MB
RSS_SAMPLE t=1533.0s rss=3048MB hwm=3048MB
RSS_SAMPLE t=1533.2s rss=3048MB hwm=3048MB
RSS_SAMPLE t=1533.5s rss=3048MB hwm=3048MB
RSS_SAMPLE t=1533.7s rss=3048MB hwm=3048MB
RSS_SAMPLE t=1534.0s rss=3048MB hwm=3048MB
RSS_SAMPLE t=1534.2s rss=3048MB hwm=3048MB
RSS_SAMPLE t=1534.5s rss=3048MB hwm=3048MB
RSS_SAMPLE t=1534.7s rss=3048MB hwm=3048MB
RSS_SAMPLE t=1535.0s rss=3048MB hwm=3048MB
RSS_SAMPLE t=1535.2s rss=3048MB hwm=3048MB
RSS_SAMPLE t=1535.5s rss=3048MB hwm=3048MB
RSS_SAMPLE t=1535.7s rss=3048MB hwm=3048MB
RSS_SAMPLE t=1536.0s rss=3048MB hwm=3048MB
RSS_SAMPLE t=1536.2s rss=3048MB hwm=3048MB
RSS_SAMPLE t=1536.5s rss=3048MB hwm=3048MB
RSS_SAMPLE t=1536.7s rss=3048MB hwm=3048MB
RSS_SAMPLE t=1537.0s rss=3048MB hwm=3048MB
RSS_SAMPLE t=1537.2s rss=3048MB hwm=3048MB
RSS_SAMPLE t=1537.5s rss=3048MB hwm=3048MB
RSS_SAMPLE t=1537.7s rss=3048MB hwm=3048MB
RSS_SAMPLE t=1538.0s rss=3048MB hwm=3048MB
RSS_SAMPLE t=1538.2s rss=3048MB hwm=3048MB
RSS_SAMPLE t=1538.5s rss=3048MB hwm=3048MB
RSS_SAMPLE t=1538.7s rss=3048MB hwm=3048MB
RSS_SAMPLE t=1539.0s rss=3049MB hwm=3049MB
RSS_SAMPLE t=1539.2s rss=3049MB hwm=3049MB
RSS_SAMPLE t=1539.5s rss=3049MB hwm=3049MB
RSS_SAMPLE t=1539.7s rss=3049MB hwm=3049MB
RSS_SAMPLE t=1540.0s rss=3049MB hwm=3049MB
RSS_SAMPLE t=1540.2s rss=3049MB hwm=3049MB
RSS_SAMPLE t=1540.5s rss=3049MB hwm=3049MB
RSS_SAMPLE t=1540.7s rss=3049MB hwm=3049MB
RSS_SAMPLE t=1541.0s rss=3049MB hwm=3049MB
RSS_SAMPLE t=1541.2s rss=3049MB hwm=3049MB
RSS_SAMPLE t=1541.5s rss=3049MB hwm=3049MB
RSS_SAMPLE t=1541.7s rss=3049MB hwm=3049MB
RSS_SAMPLE t=1542.0s rss=3049MB hwm=3049MB
RSS_SAMPLE t=1542.2s rss=3049MB hwm=3049MB
MEM_POOL: workspaces=8 dense_usage_mb=313 n_pipes=2562403
    post_solve_diag[outer=8]: solves=105117 cap_armed=105117 (100.0%) settle_avg=6613 above_sink_avg=206 (3.1%) settle_max=69353
    settle_hist[outer=8]: <100: 26005nets/0.1%work  <1k: 23140nets/1.3%work  <5k: 24316nets/9.2%work  <20k: 19077nets/29.1%work  <60k: 12184nets/56.7%work  >=60k: 395nets/3.7%work
    fanout_hist[outer=8]: fan1: 43710nets/13.6%work  fan2-4: 48279nets/50.2%work  fan5-16: 12974nets/35.3%work  fan17-64: 154nets/0.9%work  fan65-256: 0nets/0.0%work  fan>256: 0nets/0.0%work
    rss_probe[outer=8]: pre_post_solve=2960MB post_post_solve=3049MB after_apply=3049MB
    E_decomp: base=11491953.0 eff=117996244519344.9 cong=117996233027392.0 cong_share=100.0% sat_pipes=344147 max_util=485.15  R_buckets: 1-2x=1168601 2-10x=1289678 10-100x=13087 >=100x=91037
    E_potential: beckmann=1891139635968.4 history_total=0.0
    SpanCache: epoch=9 entries=1643 lookups=2562403 hits=2560760 misses=1643 hit_rate=99.9%
  DCD   8: nets=105117 line=13554034 energy=19185819984.889 dE=+3544664205.899 friction=3398112.1 bins=2.0x(226) excess=71.5 moved=67945 disp=6.132 solves=105117 skip=105117 pops=695141595 theta=0.883 refresh=178515ms dcd=8401ms total=189856ms
    cache_stats: entries=63207953 capacity=119031629 est_mb=1026 rss_mb=3049
RSS_SAMPLE t=1542.5s rss=3049MB hwm=3049MB
RSS_SAMPLE t=1542.7s rss=3049MB hwm=3049MB
RSS_SAMPLE t=1543.0s rss=3049MB hwm=3049MB
RSS_SAMPLE t=1543.2s rss=3049MB hwm=3049MB
RSS_SAMPLE t=1543.5s rss=3049MB hwm=3049MB
RSS_SAMPLE t=1543.7s rss=3049MB hwm=3049MB
RSS_SAMPLE t=1544.0s rss=3049MB hwm=3049MB
RSS_SAMPLE t=1544.2s rss=3049MB hwm=3049MB
RSS_SAMPLE t=1544.5s rss=3049MB hwm=3049MB
RSS_SAMPLE t=1544.7s rss=3049MB hwm=3049MB
RSS_SAMPLE t=1545.0s rss=3049MB hwm=3049MB
    SwitchMatrix: type_usage_pairs=765 lookups=2204 hits=1439 dijkstra_calls=765 avg_us=14.5 total_ms=11.1
PHASE_MARK outer=9 enter=pre_solve rss=3049MB
    rss_probe[outer=9]: pre_refresh_rss=3049MB post_pre_solve_rss=3049MB cache_entries=63207953 cache_cap=119031629 cache_est_mb=1026
    pre_solve_diag[outer=9]: solves=0 fallback=0 (0.0%) cap_armed=0 (0.0%) settle_avg=0 settle_max=0 init_count=62
    Overflow: over=287230 (11.2% of used) avg_excess=1.77 max_excess=3337.47 (nc=3361.47 cap=24 span=1)  excess_buckets: <=1=185894 1-5=82244 5-20=16675 >20=2417  by_cap: cap1=134137 cap2=144402 cap3-5=2 cap>5=8689  by_span: s1=481 s2-3=1181 s4-6=7543 s7-12=138848 s>12=139177  le1_cross: cap1=108849 cap2-5=75284 cap>5=1761
    Congestion: pipes=2562403 used=2562403 congested(>50%)=752320 saturated(>90%)=344147 max_util=485.15 avg_util=0.4651
PHASE_MARK outer=9 enter=dcd_sweep rss=3049MB
RSS_SAMPLE t=1545.2s rss=3049MB hwm=3049MB
RSS_SAMPLE t=1545.5s rss=3049MB hwm=3049MB
RSS_SAMPLE t=1545.7s rss=3049MB hwm=3049MB
RSS_SAMPLE t=1546.0s rss=3049MB hwm=3049MB
RSS_SAMPLE t=1546.2s rss=3049MB hwm=3049MB
RSS_SAMPLE t=1546.5s rss=3049MB hwm=3049MB
RSS_SAMPLE t=1546.7s rss=3049MB hwm=3049MB
RSS_SAMPLE t=1547.0s rss=3049MB hwm=3049MB
RSS_SAMPLE t=1547.2s rss=3049MB hwm=3049MB
RSS_SAMPLE t=1547.5s rss=3049MB hwm=3049MB
RSS_SAMPLE t=1547.7s rss=3049MB hwm=3049MB
RSS_SAMPLE t=1548.0s rss=3049MB hwm=3049MB
RSS_SAMPLE t=1548.2s rss=3049MB hwm=3049MB
RSS_SAMPLE t=1548.5s rss=3049MB hwm=3049MB
RSS_SAMPLE t=1548.7s rss=3049MB hwm=3049MB
RSS_SAMPLE t=1549.0s rss=3049MB hwm=3049MB
RSS_SAMPLE t=1549.2s rss=3049MB hwm=3049MB
RSS_SAMPLE t=1549.5s rss=3049MB hwm=3049MB
RSS_SAMPLE t=1549.7s rss=3049MB hwm=3049MB
RSS_SAMPLE t=1550.0s rss=3049MB hwm=3049MB
RSS_SAMPLE t=1550.2s rss=3049MB hwm=3049MB
RSS_SAMPLE t=1550.5s rss=3049MB hwm=3049MB
RSS_SAMPLE t=1550.7s rss=3049MB hwm=3049MB
RSS_SAMPLE t=1551.0s rss=3049MB hwm=3049MB
RSS_SAMPLE t=1551.2s rss=3049MB hwm=3049MB
RSS_SAMPLE t=1551.5s rss=3049MB hwm=3049MB
RSS_SAMPLE t=1551.7s rss=3049MB hwm=3049MB
RSS_SAMPLE t=1552.0s rss=3049MB hwm=3049MB
RSS_SAMPLE t=1552.3s rss=3049MB hwm=3049MB
RSS_SAMPLE t=1552.5s rss=3049MB hwm=3049MB
RSS_SAMPLE t=1552.8s rss=3049MB hwm=3049MB
RSS_SAMPLE t=1553.0s rss=3049MB hwm=3049MB
RSS_SAMPLE t=1553.3s rss=3049MB hwm=3049MB
RSS_SAMPLE t=1553.5s rss=3049MB hwm=3049MB
PHASE_MARK outer=9 leave=dcd_sweep rss=3049MB
PHASE_MARK outer=9 enter=post_refresh rss=3049MB
RSS_SAMPLE t=1553.8s rss=3049MB hwm=3049MB
RSS_SAMPLE t=1554.0s rss=3049MB hwm=3049MB
RSS_SAMPLE t=1554.3s rss=3049MB hwm=3049MB
RSS_SAMPLE t=1554.5s rss=3049MB hwm=3049MB
RSS_SAMPLE t=1554.8s rss=3049MB hwm=3049MB
RSS_SAMPLE t=1555.0s rss=3049MB hwm=3049MB
RSS_SAMPLE t=1555.3s rss=3049MB hwm=3049MB
RSS_SAMPLE t=1555.5s rss=3049MB hwm=3049MB
RSS_SAMPLE t=1555.8s rss=3049MB hwm=3049MB
RSS_SAMPLE t=1556.0s rss=3049MB hwm=3049MB
RSS_SAMPLE t=1556.3s rss=3049MB hwm=3049MB
RSS_SAMPLE t=1556.5s rss=3049MB hwm=3049MB
RSS_SAMPLE t=1556.8s rss=3050MB hwm=3050MB
RSS_SAMPLE t=1557.0s rss=3050MB hwm=3050MB
RSS_SAMPLE t=1557.3s rss=3050MB hwm=3050MB
RSS_SAMPLE t=1557.5s rss=3050MB hwm=3050MB
RSS_SAMPLE t=1557.8s rss=3050MB hwm=3050MB
RSS_SAMPLE t=1558.0s rss=3050MB hwm=3050MB
RSS_SAMPLE t=1558.3s rss=3050MB hwm=3050MB
RSS_SAMPLE t=1558.5s rss=3050MB hwm=3050MB
RSS_SAMPLE t=1558.8s rss=3050MB hwm=3050MB
RSS_SAMPLE t=1559.0s rss=3050MB hwm=3050MB
RSS_SAMPLE t=1559.3s rss=3050MB hwm=3050MB
RSS_SAMPLE t=1559.5s rss=3051MB hwm=3051MB
RSS_SAMPLE t=1559.8s rss=3051MB hwm=3051MB
RSS_SAMPLE t=1560.0s rss=3051MB hwm=3051MB
RSS_SAMPLE t=1560.3s rss=3051MB hwm=3051MB
RSS_SAMPLE t=1560.5s rss=3051MB hwm=3051MB
RSS_SAMPLE t=1560.8s rss=3051MB hwm=3051MB
RSS_SAMPLE t=1561.0s rss=3051MB hwm=3051MB
RSS_SAMPLE t=1561.3s rss=3051MB hwm=3051MB
RSS_SAMPLE t=1561.5s rss=3051MB hwm=3051MB
RSS_SAMPLE t=1561.8s rss=3051MB hwm=3051MB
RSS_SAMPLE t=1562.0s rss=3052MB hwm=3052MB
RSS_SAMPLE t=1562.3s rss=3052MB hwm=3052MB
RSS_SAMPLE t=1562.5s rss=3052MB hwm=3052MB
RSS_SAMPLE t=1562.8s rss=3052MB hwm=3052MB
RSS_SAMPLE t=1563.0s rss=3052MB hwm=3052MB
RSS_SAMPLE t=1563.3s rss=3052MB hwm=3052MB
RSS_SAMPLE t=1563.5s rss=3052MB hwm=3052MB
RSS_SAMPLE t=1563.8s rss=3052MB hwm=3052MB
RSS_SAMPLE t=1564.0s rss=3052MB hwm=3052MB
RSS_SAMPLE t=1564.3s rss=3053MB hwm=3053MB
RSS_SAMPLE t=1564.5s rss=3053MB hwm=3053MB
RSS_SAMPLE t=1564.8s rss=3053MB hwm=3053MB
RSS_SAMPLE t=1565.0s rss=3053MB hwm=3053MB
RSS_SAMPLE t=1565.3s rss=3053MB hwm=3053MB
RSS_SAMPLE t=1565.5s rss=3053MB hwm=3053MB
RSS_SAMPLE t=1565.8s rss=3053MB hwm=3053MB
RSS_SAMPLE t=1566.0s rss=3053MB hwm=3053MB
RSS_SAMPLE t=1566.3s rss=3053MB hwm=3053MB
RSS_SAMPLE t=1566.5s rss=3054MB hwm=3054MB
RSS_SAMPLE t=1566.8s rss=3054MB hwm=3054MB
RSS_SAMPLE t=1567.0s rss=3054MB hwm=3054MB
RSS_SAMPLE t=1567.3s rss=3054MB hwm=3054MB
RSS_SAMPLE t=1567.5s rss=3054MB hwm=3054MB
RSS_SAMPLE t=1567.8s rss=3054MB hwm=3054MB
RSS_SAMPLE t=1568.0s rss=3054MB hwm=3054MB
RSS_SAMPLE t=1568.3s rss=3054MB hwm=3054MB
RSS_SAMPLE t=1568.5s rss=3054MB hwm=3054MB
RSS_SAMPLE t=1568.8s rss=3055MB hwm=3055MB
RSS_SAMPLE t=1569.0s rss=3055MB hwm=3055MB
RSS_SAMPLE t=1569.3s rss=3055MB hwm=3055MB
RSS_SAMPLE t=1569.5s rss=3055MB hwm=3055MB
RSS_SAMPLE t=1569.8s rss=3055MB hwm=3055MB
RSS_SAMPLE t=1570.0s rss=3055MB hwm=3055MB
RSS_SAMPLE t=1570.3s rss=3055MB hwm=3055MB
RSS_SAMPLE t=1570.5s rss=3055MB hwm=3055MB
RSS_SAMPLE t=1570.8s rss=3056MB hwm=3056MB
RSS_SAMPLE t=1571.0s rss=3056MB hwm=3056MB
RSS_SAMPLE t=1571.3s rss=3056MB hwm=3056MB
RSS_SAMPLE t=1571.5s rss=3056MB hwm=3056MB
RSS_SAMPLE t=1571.8s rss=3056MB hwm=3056MB
RSS_SAMPLE t=1572.0s rss=3056MB hwm=3056MB
RSS_SAMPLE t=1572.3s rss=3056MB hwm=3056MB
RSS_SAMPLE t=1572.5s rss=3057MB hwm=3057MB
RSS_SAMPLE t=1572.8s rss=3057MB hwm=3057MB
RSS_SAMPLE t=1573.0s rss=3057MB hwm=3057MB
RSS_SAMPLE t=1573.3s rss=3057MB hwm=3057MB
RSS_SAMPLE t=1573.5s rss=3057MB hwm=3057MB
RSS_SAMPLE t=1573.8s rss=3057MB hwm=3057MB
RSS_SAMPLE t=1574.0s rss=3057MB hwm=3057MB
RSS_SAMPLE t=1574.3s rss=3058MB hwm=3058MB
RSS_SAMPLE t=1574.5s rss=3058MB hwm=3058MB
RSS_SAMPLE t=1574.8s rss=3058MB hwm=3058MB
RSS_SAMPLE t=1575.0s rss=3058MB hwm=3058MB
RSS_SAMPLE t=1575.3s rss=3058MB hwm=3058MB
RSS_SAMPLE t=1575.5s rss=3058MB hwm=3058MB
RSS_SAMPLE t=1575.8s rss=3059MB hwm=3059MB
RSS_SAMPLE t=1576.0s rss=3059MB hwm=3059MB
RSS_SAMPLE t=1576.3s rss=3059MB hwm=3059MB
RSS_SAMPLE t=1576.5s rss=3060MB hwm=3060MB
RSS_SAMPLE t=1576.8s rss=3060MB hwm=3060MB
RSS_SAMPLE t=1577.0s rss=3060MB hwm=3060MB
RSS_SAMPLE t=1577.3s rss=3060MB hwm=3060MB
RSS_SAMPLE t=1577.5s rss=3061MB hwm=3061MB
RSS_SAMPLE t=1577.8s rss=3061MB hwm=3061MB
RSS_SAMPLE t=1578.0s rss=3061MB hwm=3061MB
RSS_SAMPLE t=1578.3s rss=3061MB hwm=3061MB
RSS_SAMPLE t=1578.5s rss=3061MB hwm=3061MB
RSS_SAMPLE t=1578.8s rss=3061MB hwm=3061MB
RSS_SAMPLE t=1579.0s rss=3062MB hwm=3062MB
RSS_SAMPLE t=1579.3s rss=3062MB hwm=3062MB
RSS_SAMPLE t=1579.5s rss=3062MB hwm=3062MB
RSS_SAMPLE t=1579.8s rss=3062MB hwm=3062MB
RSS_SAMPLE t=1580.0s rss=3063MB hwm=3063MB
RSS_SAMPLE t=1580.3s rss=3063MB hwm=3063MB
RSS_SAMPLE t=1580.5s rss=3063MB hwm=3063MB
RSS_SAMPLE t=1580.8s rss=3063MB hwm=3063MB
RSS_SAMPLE t=1581.0s rss=3063MB hwm=3063MB
RSS_SAMPLE t=1581.3s rss=3064MB hwm=3064MB
RSS_SAMPLE t=1581.5s rss=3064MB hwm=3064MB
RSS_SAMPLE t=1581.8s rss=3064MB hwm=3064MB
RSS_SAMPLE t=1582.0s rss=3064MB hwm=3064MB
RSS_SAMPLE t=1582.3s rss=3064MB hwm=3064MB
RSS_SAMPLE t=1582.5s rss=3064MB hwm=3064MB
RSS_SAMPLE t=1582.8s rss=3065MB hwm=3065MB
RSS_SAMPLE t=1583.0s rss=3065MB hwm=3065MB
RSS_SAMPLE t=1583.3s rss=3065MB hwm=3065MB
RSS_SAMPLE t=1583.5s rss=3065MB hwm=3065MB
RSS_SAMPLE t=1583.8s rss=3065MB hwm=3065MB
RSS_SAMPLE t=1584.0s rss=3066MB hwm=3066MB
RSS_SAMPLE t=1584.3s rss=3066MB hwm=3066MB
RSS_SAMPLE t=1584.5s rss=3066MB hwm=3066MB
RSS_SAMPLE t=1584.8s rss=3066MB hwm=3066MB
RSS_SAMPLE t=1585.0s rss=3066MB hwm=3066MB
RSS_SAMPLE t=1585.3s rss=3066MB hwm=3066MB
RSS_SAMPLE t=1585.5s rss=3067MB hwm=3067MB
RSS_SAMPLE t=1585.8s rss=3067MB hwm=3067MB
RSS_SAMPLE t=1586.0s rss=3067MB hwm=3067MB
RSS_SAMPLE t=1586.3s rss=3067MB hwm=3067MB
RSS_SAMPLE t=1586.5s rss=3067MB hwm=3067MB
RSS_SAMPLE t=1586.8s rss=3067MB hwm=3067MB
RSS_SAMPLE t=1587.0s rss=3068MB hwm=3068MB
RSS_SAMPLE t=1587.3s rss=3068MB hwm=3068MB
RSS_SAMPLE t=1587.5s rss=3068MB hwm=3068MB
RSS_SAMPLE t=1587.8s rss=3068MB hwm=3068MB
RSS_SAMPLE t=1588.0s rss=3068MB hwm=3068MB
RSS_SAMPLE t=1588.3s rss=3068MB hwm=3068MB
RSS_SAMPLE t=1588.5s rss=3069MB hwm=3069MB
RSS_SAMPLE t=1588.8s rss=3069MB hwm=3069MB
RSS_SAMPLE t=1589.0s rss=3069MB hwm=3069MB
RSS_SAMPLE t=1589.3s rss=3069MB hwm=3069MB
RSS_SAMPLE t=1589.5s rss=3069MB hwm=3069MB
RSS_SAMPLE t=1589.8s rss=3070MB hwm=3070MB
RSS_SAMPLE t=1590.0s rss=3070MB hwm=3070MB
RSS_SAMPLE t=1590.3s rss=3070MB hwm=3070MB
RSS_SAMPLE t=1590.5s rss=3070MB hwm=3070MB
RSS_SAMPLE t=1590.8s rss=3070MB hwm=3070MB
RSS_SAMPLE t=1591.0s rss=3070MB hwm=3070MB
RSS_SAMPLE t=1591.3s rss=3071MB hwm=3071MB
RSS_SAMPLE t=1591.5s rss=3071MB hwm=3071MB
RSS_SAMPLE t=1591.8s rss=3071MB hwm=3071MB
RSS_SAMPLE t=1592.0s rss=3071MB hwm=3071MB
RSS_SAMPLE t=1592.3s rss=3072MB hwm=3072MB
RSS_SAMPLE t=1592.5s rss=3072MB hwm=3072MB
RSS_SAMPLE t=1592.8s rss=3072MB hwm=3072MB
RSS_SAMPLE t=1593.0s rss=3072MB hwm=3072MB
RSS_SAMPLE t=1593.3s rss=3072MB hwm=3072MB
RSS_SAMPLE t=1593.5s rss=3073MB hwm=3073MB
RSS_SAMPLE t=1593.8s rss=3073MB hwm=3073MB
RSS_SAMPLE t=1594.0s rss=3073MB hwm=3073MB
RSS_SAMPLE t=1594.3s rss=3073MB hwm=3073MB
RSS_SAMPLE t=1594.5s rss=3073MB hwm=3073MB
RSS_SAMPLE t=1594.8s rss=3074MB hwm=3074MB
RSS_SAMPLE t=1595.0s rss=3074MB hwm=3074MB
RSS_SAMPLE t=1595.3s rss=3074MB hwm=3074MB
RSS_SAMPLE t=1595.5s rss=3074MB hwm=3074MB
RSS_SAMPLE t=1595.8s rss=3074MB hwm=3074MB
RSS_SAMPLE t=1596.0s rss=3075MB hwm=3075MB
RSS_SAMPLE t=1596.3s rss=3075MB hwm=3075MB
RSS_SAMPLE t=1596.5s rss=3076MB hwm=3076MB
RSS_SAMPLE t=1596.8s rss=3076MB hwm=3076MB
RSS_SAMPLE t=1597.0s rss=3076MB hwm=3076MB
RSS_SAMPLE t=1597.3s rss=3076MB hwm=3076MB
RSS_SAMPLE t=1597.5s rss=3077MB hwm=3077MB
RSS_SAMPLE t=1597.8s rss=3077MB hwm=3077MB
RSS_SAMPLE t=1598.0s rss=3077MB hwm=3077MB
RSS_SAMPLE t=1598.3s rss=3078MB hwm=3078MB
RSS_SAMPLE t=1598.5s rss=3078MB hwm=3078MB
RSS_SAMPLE t=1598.8s rss=3078MB hwm=3078MB
RSS_SAMPLE t=1599.0s rss=3079MB hwm=3079MB
RSS_SAMPLE t=1599.3s rss=3079MB hwm=3079MB
RSS_SAMPLE t=1599.5s rss=3080MB hwm=3080MB
RSS_SAMPLE t=1599.8s rss=3080MB hwm=3080MB
RSS_SAMPLE t=1600.0s rss=3080MB hwm=3080MB
RSS_SAMPLE t=1600.3s rss=3080MB hwm=3080MB
RSS_SAMPLE t=1600.5s rss=3081MB hwm=3081MB
RSS_SAMPLE t=1600.8s rss=3081MB hwm=3081MB
RSS_SAMPLE t=1601.0s rss=3081MB hwm=3081MB
RSS_SAMPLE t=1601.3s rss=3081MB hwm=3081MB
RSS_SAMPLE t=1601.5s rss=3081MB hwm=3081MB
RSS_SAMPLE t=1601.8s rss=3081MB hwm=3081MB
RSS_SAMPLE t=1602.0s rss=3081MB hwm=3081MB
RSS_SAMPLE t=1602.3s rss=3081MB hwm=3081MB
RSS_SAMPLE t=1602.5s rss=3081MB hwm=3081MB
RSS_SAMPLE t=1602.8s rss=3082MB hwm=3082MB
RSS_SAMPLE t=1603.0s rss=3082MB hwm=3082MB
RSS_SAMPLE t=1603.3s rss=3082MB hwm=3082MB
RSS_SAMPLE t=1603.5s rss=3082MB hwm=3082MB
RSS_SAMPLE t=1603.8s rss=3082MB hwm=3082MB
RSS_SAMPLE t=1604.0s rss=3082MB hwm=3082MB
RSS_SAMPLE t=1604.3s rss=3082MB hwm=3082MB
RSS_SAMPLE t=1604.5s rss=3082MB hwm=3082MB
RSS_SAMPLE t=1604.8s rss=3082MB hwm=3082MB
RSS_SAMPLE t=1605.0s rss=3082MB hwm=3082MB
RSS_SAMPLE t=1605.3s rss=3083MB hwm=3083MB
RSS_SAMPLE t=1605.5s rss=3083MB hwm=3083MB
RSS_SAMPLE t=1605.8s rss=3083MB hwm=3083MB
RSS_SAMPLE t=1606.0s rss=3083MB hwm=3083MB
RSS_SAMPLE t=1606.3s rss=3083MB hwm=3083MB
RSS_SAMPLE t=1606.5s rss=3083MB hwm=3083MB
RSS_SAMPLE t=1606.8s rss=3083MB hwm=3083MB
RSS_SAMPLE t=1607.0s rss=3083MB hwm=3083MB
RSS_SAMPLE t=1607.3s rss=3083MB hwm=3083MB
RSS_SAMPLE t=1607.5s rss=3083MB hwm=3083MB
RSS_SAMPLE t=1607.8s rss=3083MB hwm=3083MB
RSS_SAMPLE t=1608.0s rss=3083MB hwm=3083MB
RSS_SAMPLE t=1608.3s rss=3083MB hwm=3083MB
RSS_SAMPLE t=1608.5s rss=3083MB hwm=3083MB
RSS_SAMPLE t=1608.8s rss=3083MB hwm=3083MB
RSS_SAMPLE t=1609.0s rss=3083MB hwm=3083MB
RSS_SAMPLE t=1609.3s rss=3084MB hwm=3084MB
RSS_SAMPLE t=1609.5s rss=3084MB hwm=3084MB
RSS_SAMPLE t=1609.8s rss=3084MB hwm=3084MB
RSS_SAMPLE t=1610.0s rss=3084MB hwm=3084MB
RSS_SAMPLE t=1610.3s rss=3084MB hwm=3084MB
RSS_SAMPLE t=1610.5s rss=3084MB hwm=3084MB
RSS_SAMPLE t=1610.8s rss=3084MB hwm=3084MB
RSS_SAMPLE t=1611.0s rss=3084MB hwm=3084MB
RSS_SAMPLE t=1611.3s rss=3084MB hwm=3084MB
RSS_SAMPLE t=1611.5s rss=3084MB hwm=3084MB
RSS_SAMPLE t=1611.8s rss=3084MB hwm=3084MB
RSS_SAMPLE t=1612.0s rss=3085MB hwm=3085MB
RSS_SAMPLE t=1612.3s rss=3085MB hwm=3085MB
RSS_SAMPLE t=1612.5s rss=3085MB hwm=3085MB
RSS_SAMPLE t=1612.8s rss=3085MB hwm=3085MB
RSS_SAMPLE t=1613.0s rss=3085MB hwm=3085MB
RSS_SAMPLE t=1613.3s rss=3085MB hwm=3085MB
RSS_SAMPLE t=1613.5s rss=3085MB hwm=3085MB
RSS_SAMPLE t=1613.8s rss=3085MB hwm=3085MB
RSS_SAMPLE t=1614.0s rss=3085MB hwm=3085MB
RSS_SAMPLE t=1614.3s rss=3086MB hwm=3086MB
RSS_SAMPLE t=1614.5s rss=3086MB hwm=3086MB
RSS_SAMPLE t=1614.8s rss=3086MB hwm=3086MB
RSS_SAMPLE t=1615.0s rss=3086MB hwm=3086MB
RSS_SAMPLE t=1615.3s rss=3086MB hwm=3086MB
RSS_SAMPLE t=1615.5s rss=3086MB hwm=3086MB
RSS_SAMPLE t=1615.8s rss=3086MB hwm=3086MB
RSS_SAMPLE t=1616.0s rss=3087MB hwm=3087MB
RSS_SAMPLE t=1616.3s rss=3087MB hwm=3087MB
RSS_SAMPLE t=1616.5s rss=3087MB hwm=3087MB
RSS_SAMPLE t=1616.8s rss=3087MB hwm=3087MB
RSS_SAMPLE t=1617.0s rss=3087MB hwm=3087MB
RSS_SAMPLE t=1617.3s rss=3087MB hwm=3087MB
RSS_SAMPLE t=1617.5s rss=3088MB hwm=3088MB
RSS_SAMPLE t=1617.8s rss=3088MB hwm=3088MB
RSS_SAMPLE t=1618.0s rss=3088MB hwm=3088MB
RSS_SAMPLE t=1618.3s rss=3088MB hwm=3088MB
RSS_SAMPLE t=1618.5s rss=3088MB hwm=3088MB
RSS_SAMPLE t=1618.8s rss=3088MB hwm=3088MB
RSS_SAMPLE t=1619.0s rss=3088MB hwm=3088MB
RSS_SAMPLE t=1619.3s rss=3088MB hwm=3088MB
RSS_SAMPLE t=1619.5s rss=3088MB hwm=3088MB
RSS_SAMPLE t=1619.8s rss=3088MB hwm=3088MB
RSS_SAMPLE t=1620.0s rss=3088MB hwm=3088MB
RSS_SAMPLE t=1620.3s rss=3088MB hwm=3088MB
RSS_SAMPLE t=1620.5s rss=3088MB hwm=3088MB
RSS_SAMPLE t=1620.8s rss=3088MB hwm=3088MB
RSS_SAMPLE t=1621.0s rss=3089MB hwm=3089MB
RSS_SAMPLE t=1621.3s rss=3089MB hwm=3089MB
RSS_SAMPLE t=1621.5s rss=3089MB hwm=3089MB
RSS_SAMPLE t=1621.8s rss=3089MB hwm=3089MB
RSS_SAMPLE t=1622.0s rss=3089MB hwm=3089MB
RSS_SAMPLE t=1622.3s rss=3089MB hwm=3089MB
RSS_SAMPLE t=1622.5s rss=3089MB hwm=3089MB
RSS_SAMPLE t=1622.8s rss=3090MB hwm=3090MB
RSS_SAMPLE t=1623.0s rss=3090MB hwm=3090MB
RSS_SAMPLE t=1623.3s rss=3090MB hwm=3090MB
RSS_SAMPLE t=1623.5s rss=3090MB hwm=3090MB
RSS_SAMPLE t=1623.8s rss=3091MB hwm=3091MB
RSS_SAMPLE t=1624.0s rss=3091MB hwm=3091MB
RSS_SAMPLE t=1624.3s rss=3091MB hwm=3091MB
RSS_SAMPLE t=1624.5s rss=3091MB hwm=3091MB
RSS_SAMPLE t=1624.8s rss=3091MB hwm=3091MB
RSS_SAMPLE t=1625.0s rss=3091MB hwm=3091MB
RSS_SAMPLE t=1625.3s rss=3092MB hwm=3092MB
RSS_SAMPLE t=1625.5s rss=3092MB hwm=3092MB
RSS_SAMPLE t=1625.8s rss=3092MB hwm=3092MB
RSS_SAMPLE t=1626.0s rss=3092MB hwm=3092MB
RSS_SAMPLE t=1626.3s rss=3092MB hwm=3092MB
RSS_SAMPLE t=1626.5s rss=3092MB hwm=3092MB
RSS_SAMPLE t=1626.8s rss=3092MB hwm=3092MB
RSS_SAMPLE t=1627.0s rss=3092MB hwm=3092MB
RSS_SAMPLE t=1627.3s rss=3092MB hwm=3092MB
RSS_SAMPLE t=1627.5s rss=3092MB hwm=3092MB
RSS_SAMPLE t=1627.8s rss=3092MB hwm=3092MB
RSS_SAMPLE t=1628.0s rss=3092MB hwm=3092MB
RSS_SAMPLE t=1628.3s rss=3092MB hwm=3092MB
RSS_SAMPLE t=1628.5s rss=3092MB hwm=3092MB
RSS_SAMPLE t=1628.8s rss=3092MB hwm=3092MB
RSS_SAMPLE t=1629.0s rss=3092MB hwm=3092MB
RSS_SAMPLE t=1629.3s rss=3092MB hwm=3092MB
RSS_SAMPLE t=1629.5s rss=3092MB hwm=3092MB
RSS_SAMPLE t=1629.8s rss=3092MB hwm=3092MB
RSS_SAMPLE t=1630.0s rss=3092MB hwm=3092MB
RSS_SAMPLE t=1630.3s rss=3092MB hwm=3092MB
RSS_SAMPLE t=1630.5s rss=3092MB hwm=3092MB
RSS_SAMPLE t=1630.8s rss=3092MB hwm=3092MB
RSS_SAMPLE t=1631.0s rss=3092MB hwm=3092MB
RSS_SAMPLE t=1631.3s rss=3092MB hwm=3092MB
RSS_SAMPLE t=1631.5s rss=3092MB hwm=3092MB
RSS_SAMPLE t=1631.8s rss=3092MB hwm=3092MB
RSS_SAMPLE t=1632.0s rss=3092MB hwm=3092MB
RSS_SAMPLE t=1632.3s rss=3092MB hwm=3092MB
RSS_SAMPLE t=1632.5s rss=3092MB hwm=3092MB
RSS_SAMPLE t=1632.8s rss=3092MB hwm=3092MB
RSS_SAMPLE t=1633.0s rss=3092MB hwm=3092MB
RSS_SAMPLE t=1633.3s rss=3092MB hwm=3092MB
RSS_SAMPLE t=1633.5s rss=3092MB hwm=3092MB
RSS_SAMPLE t=1633.8s rss=3092MB hwm=3092MB
RSS_SAMPLE t=1634.0s rss=3092MB hwm=3092MB
RSS_SAMPLE t=1634.3s rss=3092MB hwm=3092MB
RSS_SAMPLE t=1634.5s rss=3092MB hwm=3092MB
RSS_SAMPLE t=1634.8s rss=3092MB hwm=3092MB
RSS_SAMPLE t=1635.1s rss=3092MB hwm=3092MB
RSS_SAMPLE t=1635.3s rss=3092MB hwm=3092MB
RSS_SAMPLE t=1635.6s rss=3092MB hwm=3092MB
RSS_SAMPLE t=1635.8s rss=3092MB hwm=3092MB
RSS_SAMPLE t=1636.1s rss=3092MB hwm=3092MB
RSS_SAMPLE t=1636.3s rss=3092MB hwm=3092MB
RSS_SAMPLE t=1636.6s rss=3092MB hwm=3092MB
RSS_SAMPLE t=1636.8s rss=3092MB hwm=3092MB
RSS_SAMPLE t=1637.1s rss=3092MB hwm=3092MB
RSS_SAMPLE t=1637.3s rss=3092MB hwm=3092MB
RSS_SAMPLE t=1637.6s rss=3092MB hwm=3092MB
RSS_SAMPLE t=1637.8s rss=3092MB hwm=3092MB
RSS_SAMPLE t=1638.1s rss=3092MB hwm=3092MB
RSS_SAMPLE t=1638.3s rss=3092MB hwm=3092MB
RSS_SAMPLE t=1638.6s rss=3092MB hwm=3092MB
RSS_SAMPLE t=1638.8s rss=3092MB hwm=3092MB
RSS_SAMPLE t=1639.1s rss=3092MB hwm=3092MB
RSS_SAMPLE t=1639.3s rss=3092MB hwm=3092MB
RSS_SAMPLE t=1639.6s rss=3092MB hwm=3092MB
RSS_SAMPLE t=1639.8s rss=3092MB hwm=3092MB
RSS_SAMPLE t=1640.1s rss=3092MB hwm=3092MB
RSS_SAMPLE t=1640.3s rss=3092MB hwm=3092MB
RSS_SAMPLE t=1640.6s rss=3092MB hwm=3092MB
RSS_SAMPLE t=1640.8s rss=3092MB hwm=3092MB
RSS_SAMPLE t=1641.1s rss=3092MB hwm=3092MB
RSS_SAMPLE t=1641.3s rss=3092MB hwm=3092MB
RSS_SAMPLE t=1641.6s rss=3092MB hwm=3092MB
RSS_SAMPLE t=1641.8s rss=3092MB hwm=3092MB
RSS_SAMPLE t=1642.1s rss=3092MB hwm=3092MB
RSS_SAMPLE t=1642.3s rss=3093MB hwm=3093MB
RSS_SAMPLE t=1642.6s rss=3093MB hwm=3093MB
RSS_SAMPLE t=1642.8s rss=3093MB hwm=3093MB
RSS_SAMPLE t=1643.1s rss=3093MB hwm=3093MB
RSS_SAMPLE t=1643.3s rss=3093MB hwm=3093MB
RSS_SAMPLE t=1643.6s rss=3093MB hwm=3093MB
RSS_SAMPLE t=1643.8s rss=3093MB hwm=3093MB
RSS_SAMPLE t=1644.1s rss=3093MB hwm=3093MB
RSS_SAMPLE t=1644.3s rss=3093MB hwm=3093MB
RSS_SAMPLE t=1644.6s rss=3093MB hwm=3093MB
RSS_SAMPLE t=1644.8s rss=3093MB hwm=3093MB
RSS_SAMPLE t=1645.1s rss=3093MB hwm=3093MB
RSS_SAMPLE t=1645.3s rss=3093MB hwm=3093MB
RSS_SAMPLE t=1645.6s rss=3093MB hwm=3093MB
RSS_SAMPLE t=1645.8s rss=3093MB hwm=3093MB
RSS_SAMPLE t=1646.1s rss=3093MB hwm=3093MB
RSS_SAMPLE t=1646.3s rss=3093MB hwm=3093MB
RSS_SAMPLE t=1646.6s rss=3093MB hwm=3093MB
RSS_SAMPLE t=1646.8s rss=3093MB hwm=3093MB
RSS_SAMPLE t=1647.1s rss=3093MB hwm=3093MB
RSS_SAMPLE t=1647.3s rss=3093MB hwm=3093MB
RSS_SAMPLE t=1647.6s rss=3093MB hwm=3093MB
RSS_SAMPLE t=1647.8s rss=3093MB hwm=3093MB
RSS_SAMPLE t=1648.1s rss=3093MB hwm=3093MB
RSS_SAMPLE t=1648.3s rss=3093MB hwm=3093MB
RSS_SAMPLE t=1648.6s rss=3093MB hwm=3093MB
RSS_SAMPLE t=1648.8s rss=3093MB hwm=3093MB
RSS_SAMPLE t=1649.1s rss=3093MB hwm=3093MB
RSS_SAMPLE t=1649.3s rss=3093MB hwm=3093MB
RSS_SAMPLE t=1649.6s rss=3093MB hwm=3093MB
RSS_SAMPLE t=1649.8s rss=3093MB hwm=3093MB
RSS_SAMPLE t=1650.1s rss=3093MB hwm=3093MB
RSS_SAMPLE t=1650.3s rss=3093MB hwm=3093MB
RSS_SAMPLE t=1650.6s rss=3093MB hwm=3093MB
RSS_SAMPLE t=1650.8s rss=3093MB hwm=3093MB
RSS_SAMPLE t=1651.1s rss=3093MB hwm=3093MB
RSS_SAMPLE t=1651.3s rss=3093MB hwm=3093MB
RSS_SAMPLE t=1651.6s rss=3094MB hwm=3094MB
RSS_SAMPLE t=1651.8s rss=3094MB hwm=3094MB
RSS_SAMPLE t=1652.1s rss=3094MB hwm=3094MB
RSS_SAMPLE t=1652.3s rss=3094MB hwm=3094MB
RSS_SAMPLE t=1652.6s rss=3094MB hwm=3094MB
RSS_SAMPLE t=1652.8s rss=3094MB hwm=3094MB
RSS_SAMPLE t=1653.1s rss=3094MB hwm=3094MB
RSS_SAMPLE t=1653.3s rss=3094MB hwm=3094MB
RSS_SAMPLE t=1653.6s rss=3094MB hwm=3094MB
RSS_SAMPLE t=1653.8s rss=3094MB hwm=3094MB
RSS_SAMPLE t=1654.1s rss=3094MB hwm=3094MB
RSS_SAMPLE t=1654.3s rss=3094MB hwm=3094MB
RSS_SAMPLE t=1654.6s rss=3094MB hwm=3094MB
RSS_SAMPLE t=1654.8s rss=3094MB hwm=3094MB
RSS_SAMPLE t=1655.1s rss=3094MB hwm=3094MB
RSS_SAMPLE t=1655.3s rss=3094MB hwm=3094MB
RSS_SAMPLE t=1655.6s rss=3094MB hwm=3094MB
RSS_SAMPLE t=1655.8s rss=3094MB hwm=3094MB
RSS_SAMPLE t=1656.1s rss=3094MB hwm=3094MB
RSS_SAMPLE t=1656.3s rss=3094MB hwm=3094MB
RSS_SAMPLE t=1656.6s rss=3094MB hwm=3094MB
RSS_SAMPLE t=1656.8s rss=3094MB hwm=3094MB
RSS_SAMPLE t=1657.1s rss=3094MB hwm=3094MB
RSS_SAMPLE t=1657.3s rss=3094MB hwm=3094MB
RSS_SAMPLE t=1657.6s rss=3094MB hwm=3094MB
RSS_SAMPLE t=1657.8s rss=3094MB hwm=3094MB
RSS_SAMPLE t=1658.1s rss=3094MB hwm=3094MB
RSS_SAMPLE t=1658.3s rss=3094MB hwm=3094MB
RSS_SAMPLE t=1658.6s rss=3094MB hwm=3094MB
RSS_SAMPLE t=1658.8s rss=3094MB hwm=3094MB
RSS_SAMPLE t=1659.1s rss=3094MB hwm=3094MB
RSS_SAMPLE t=1659.3s rss=3094MB hwm=3094MB
RSS_SAMPLE t=1659.6s rss=3094MB hwm=3094MB
RSS_SAMPLE t=1659.8s rss=3094MB hwm=3094MB
RSS_SAMPLE t=1660.1s rss=3094MB hwm=3094MB
RSS_SAMPLE t=1660.3s rss=3094MB hwm=3094MB
RSS_SAMPLE t=1660.6s rss=3094MB hwm=3094MB
RSS_SAMPLE t=1660.8s rss=3094MB hwm=3094MB
RSS_SAMPLE t=1661.1s rss=3094MB hwm=3094MB
RSS_SAMPLE t=1661.3s rss=3094MB hwm=3094MB
RSS_SAMPLE t=1661.6s rss=3094MB hwm=3094MB
RSS_SAMPLE t=1661.8s rss=3094MB hwm=3094MB
RSS_SAMPLE t=1662.1s rss=3095MB hwm=3095MB
RSS_SAMPLE t=1662.3s rss=3095MB hwm=3095MB
RSS_SAMPLE t=1662.6s rss=3095MB hwm=3095MB
RSS_SAMPLE t=1662.8s rss=3095MB hwm=3095MB
RSS_SAMPLE t=1663.1s rss=3095MB hwm=3095MB
RSS_SAMPLE t=1663.3s rss=3095MB hwm=3095MB
RSS_SAMPLE t=1663.6s rss=3095MB hwm=3095MB
RSS_SAMPLE t=1663.8s rss=3095MB hwm=3095MB
RSS_SAMPLE t=1664.1s rss=3095MB hwm=3095MB
RSS_SAMPLE t=1664.3s rss=3095MB hwm=3095MB
RSS_SAMPLE t=1664.6s rss=3095MB hwm=3095MB
RSS_SAMPLE t=1664.8s rss=3095MB hwm=3095MB
RSS_SAMPLE t=1665.1s rss=3095MB hwm=3095MB
RSS_SAMPLE t=1665.3s rss=3095MB hwm=3095MB
RSS_SAMPLE t=1665.6s rss=3095MB hwm=3095MB
RSS_SAMPLE t=1665.8s rss=3095MB hwm=3095MB
RSS_SAMPLE t=1666.1s rss=3095MB hwm=3095MB
RSS_SAMPLE t=1666.3s rss=3095MB hwm=3095MB
RSS_SAMPLE t=1666.6s rss=3095MB hwm=3095MB
RSS_SAMPLE t=1666.8s rss=3095MB hwm=3095MB
RSS_SAMPLE t=1667.1s rss=3095MB hwm=3095MB
RSS_SAMPLE t=1667.3s rss=3095MB hwm=3095MB
RSS_SAMPLE t=1667.6s rss=3095MB hwm=3095MB
RSS_SAMPLE t=1667.8s rss=3095MB hwm=3095MB
RSS_SAMPLE t=1668.1s rss=3095MB hwm=3095MB
RSS_SAMPLE t=1668.3s rss=3095MB hwm=3095MB
RSS_SAMPLE t=1668.6s rss=3095MB hwm=3095MB
RSS_SAMPLE t=1668.8s rss=3095MB hwm=3095MB
RSS_SAMPLE t=1669.1s rss=3095MB hwm=3095MB
RSS_SAMPLE t=1669.3s rss=3095MB hwm=3095MB
RSS_SAMPLE t=1669.6s rss=3095MB hwm=3095MB
RSS_SAMPLE t=1669.8s rss=3095MB hwm=3095MB
RSS_SAMPLE t=1670.1s rss=3095MB hwm=3095MB
RSS_SAMPLE t=1670.3s rss=3095MB hwm=3095MB
RSS_SAMPLE t=1670.6s rss=3095MB hwm=3095MB
RSS_SAMPLE t=1670.8s rss=3095MB hwm=3095MB
RSS_SAMPLE t=1671.1s rss=3095MB hwm=3095MB
RSS_SAMPLE t=1671.3s rss=3095MB hwm=3095MB
RSS_SAMPLE t=1671.6s rss=3095MB hwm=3095MB
RSS_SAMPLE t=1671.8s rss=3095MB hwm=3095MB
RSS_SAMPLE t=1672.1s rss=3095MB hwm=3095MB
RSS_SAMPLE t=1672.3s rss=3095MB hwm=3095MB
RSS_SAMPLE t=1672.6s rss=3095MB hwm=3095MB
RSS_SAMPLE t=1672.8s rss=3095MB hwm=3095MB
RSS_SAMPLE t=1673.1s rss=3095MB hwm=3095MB
RSS_SAMPLE t=1673.3s rss=3095MB hwm=3095MB
RSS_SAMPLE t=1673.6s rss=3095MB hwm=3095MB
RSS_SAMPLE t=1673.8s rss=3095MB hwm=3095MB
RSS_SAMPLE t=1674.1s rss=3095MB hwm=3095MB
RSS_SAMPLE t=1674.3s rss=3095MB hwm=3095MB
RSS_SAMPLE t=1674.6s rss=3095MB hwm=3095MB
RSS_SAMPLE t=1674.8s rss=3095MB hwm=3095MB
RSS_SAMPLE t=1675.1s rss=3095MB hwm=3095MB
RSS_SAMPLE t=1675.3s rss=3095MB hwm=3095MB
RSS_SAMPLE t=1675.6s rss=3095MB hwm=3095MB
RSS_SAMPLE t=1675.8s rss=3095MB hwm=3095MB
RSS_SAMPLE t=1676.1s rss=3095MB hwm=3095MB
RSS_SAMPLE t=1676.3s rss=3095MB hwm=3095MB
RSS_SAMPLE t=1676.6s rss=3095MB hwm=3095MB
RSS_SAMPLE t=1676.8s rss=3095MB hwm=3095MB
RSS_SAMPLE t=1677.1s rss=3095MB hwm=3095MB
RSS_SAMPLE t=1677.3s rss=3095MB hwm=3095MB
RSS_SAMPLE t=1677.6s rss=3095MB hwm=3095MB
RSS_SAMPLE t=1677.8s rss=3095MB hwm=3095MB
RSS_SAMPLE t=1678.1s rss=3095MB hwm=3095MB
RSS_SAMPLE t=1678.3s rss=3095MB hwm=3095MB
RSS_SAMPLE t=1678.6s rss=3095MB hwm=3095MB
RSS_SAMPLE t=1678.8s rss=3095MB hwm=3095MB
RSS_SAMPLE t=1679.1s rss=3095MB hwm=3095MB
RSS_SAMPLE t=1679.3s rss=3095MB hwm=3095MB
RSS_SAMPLE t=1679.6s rss=3095MB hwm=3095MB
RSS_SAMPLE t=1679.8s rss=3095MB hwm=3095MB
RSS_SAMPLE t=1680.1s rss=3095MB hwm=3095MB
RSS_SAMPLE t=1680.3s rss=3095MB hwm=3095MB
RSS_SAMPLE t=1680.6s rss=3095MB hwm=3095MB
RSS_SAMPLE t=1680.8s rss=3095MB hwm=3095MB
RSS_SAMPLE t=1681.1s rss=3095MB hwm=3095MB
RSS_SAMPLE t=1681.3s rss=3095MB hwm=3095MB
RSS_SAMPLE t=1681.6s rss=3095MB hwm=3095MB
RSS_SAMPLE t=1681.8s rss=3095MB hwm=3095MB
RSS_SAMPLE t=1682.1s rss=3095MB hwm=3095MB
RSS_SAMPLE t=1682.3s rss=3095MB hwm=3095MB
RSS_SAMPLE t=1682.6s rss=3095MB hwm=3095MB
RSS_SAMPLE t=1682.8s rss=3096MB hwm=3096MB
RSS_SAMPLE t=1683.1s rss=3096MB hwm=3096MB
RSS_SAMPLE t=1683.3s rss=3096MB hwm=3096MB
RSS_SAMPLE t=1683.6s rss=3096MB hwm=3096MB
RSS_SAMPLE t=1683.8s rss=3096MB hwm=3096MB
RSS_SAMPLE t=1684.1s rss=3096MB hwm=3096MB
RSS_SAMPLE t=1684.3s rss=3096MB hwm=3096MB
RSS_SAMPLE t=1684.6s rss=3096MB hwm=3096MB
RSS_SAMPLE t=1684.8s rss=3096MB hwm=3096MB
RSS_SAMPLE t=1685.1s rss=3096MB hwm=3096MB
RSS_SAMPLE t=1685.3s rss=3096MB hwm=3096MB
RSS_SAMPLE t=1685.6s rss=3096MB hwm=3096MB
RSS_SAMPLE t=1685.8s rss=3096MB hwm=3096MB
RSS_SAMPLE t=1686.1s rss=3096MB hwm=3096MB
RSS_SAMPLE t=1686.3s rss=3096MB hwm=3096MB
RSS_SAMPLE t=1686.6s rss=3096MB hwm=3096MB
RSS_SAMPLE t=1686.8s rss=3096MB hwm=3096MB
RSS_SAMPLE t=1687.1s rss=3096MB hwm=3096MB
RSS_SAMPLE t=1687.3s rss=3096MB hwm=3096MB
RSS_SAMPLE t=1687.6s rss=3096MB hwm=3096MB
RSS_SAMPLE t=1687.8s rss=3096MB hwm=3096MB
RSS_SAMPLE t=1688.1s rss=3096MB hwm=3096MB
RSS_SAMPLE t=1688.3s rss=3096MB hwm=3096MB
RSS_SAMPLE t=1688.6s rss=3096MB hwm=3096MB
RSS_SAMPLE t=1688.8s rss=3096MB hwm=3096MB
RSS_SAMPLE t=1689.1s rss=3096MB hwm=3096MB
RSS_SAMPLE t=1689.3s rss=3096MB hwm=3096MB
RSS_SAMPLE t=1689.6s rss=3096MB hwm=3096MB
RSS_SAMPLE t=1689.8s rss=3096MB hwm=3096MB
RSS_SAMPLE t=1690.1s rss=3096MB hwm=3096MB
RSS_SAMPLE t=1690.3s rss=3096MB hwm=3096MB
RSS_SAMPLE t=1690.6s rss=3096MB hwm=3096MB
RSS_SAMPLE t=1690.8s rss=3096MB hwm=3096MB
RSS_SAMPLE t=1691.1s rss=3096MB hwm=3096MB
RSS_SAMPLE t=1691.3s rss=3096MB hwm=3096MB
RSS_SAMPLE t=1691.6s rss=3096MB hwm=3096MB
RSS_SAMPLE t=1691.8s rss=3096MB hwm=3096MB
RSS_SAMPLE t=1692.1s rss=3096MB hwm=3096MB
RSS_SAMPLE t=1692.3s rss=3096MB hwm=3096MB
RSS_SAMPLE t=1692.6s rss=3096MB hwm=3096MB
RSS_SAMPLE t=1692.8s rss=3096MB hwm=3096MB
RSS_SAMPLE t=1693.1s rss=3096MB hwm=3096MB
RSS_SAMPLE t=1693.3s rss=3096MB hwm=3096MB
RSS_SAMPLE t=1693.6s rss=3096MB hwm=3096MB
RSS_SAMPLE t=1693.8s rss=3096MB hwm=3096MB
RSS_SAMPLE t=1694.1s rss=3096MB hwm=3096MB
RSS_SAMPLE t=1694.3s rss=3096MB hwm=3096MB
RSS_SAMPLE t=1694.6s rss=3096MB hwm=3096MB
RSS_SAMPLE t=1694.8s rss=3096MB hwm=3096MB
RSS_SAMPLE t=1695.1s rss=3096MB hwm=3096MB
RSS_SAMPLE t=1695.3s rss=3096MB hwm=3096MB
RSS_SAMPLE t=1695.6s rss=3096MB hwm=3096MB
RSS_SAMPLE t=1695.8s rss=3096MB hwm=3096MB
RSS_SAMPLE t=1696.1s rss=3096MB hwm=3096MB
RSS_SAMPLE t=1696.3s rss=3096MB hwm=3096MB
RSS_SAMPLE t=1696.6s rss=3096MB hwm=3096MB
RSS_SAMPLE t=1696.8s rss=3096MB hwm=3096MB
RSS_SAMPLE t=1697.1s rss=3096MB hwm=3096MB
RSS_SAMPLE t=1697.3s rss=3096MB hwm=3096MB
RSS_SAMPLE t=1697.6s rss=3096MB hwm=3096MB
RSS_SAMPLE t=1697.8s rss=3096MB hwm=3096MB
RSS_SAMPLE t=1698.1s rss=3096MB hwm=3096MB
RSS_SAMPLE t=1698.3s rss=3096MB hwm=3096MB
RSS_SAMPLE t=1698.6s rss=3096MB hwm=3096MB
RSS_SAMPLE t=1698.8s rss=3096MB hwm=3096MB
RSS_SAMPLE t=1699.1s rss=3096MB hwm=3096MB
RSS_SAMPLE t=1699.3s rss=3096MB hwm=3096MB
MEM_POOL: workspaces=8 dense_usage_mb=313 n_pipes=2562403
    post_solve_diag[outer=9]: solves=105117 cap_armed=105117 (100.0%) settle_avg=6206 above_sink_avg=204 (3.3%) settle_max=69353
    settle_hist[outer=9]: <100: 26844nets/0.1%work  <1k: 23411nets/1.3%work  <5k: 24248nets/9.8%work  <20k: 19118nets/31.1%work  <60k: 11195nets/54.7%work  >=60k: 301nets/3.0%work
    fanout_hist[outer=9]: fan1: 43710nets/13.4%work  fan2-4: 48279nets/50.2%work  fan5-16: 12974nets/35.5%work  fan17-64: 154nets/0.9%work  fan65-256: 0nets/0.0%work  fan>256: 0nets/0.0%work
    rss_probe[outer=9]: pre_post_solve=3049MB post_post_solve=3096MB after_apply=3096MB
RSS_SAMPLE t=1699.6s rss=3096MB hwm=3096MB
    E_decomp: base=7646234.5 eff=14885803258121.6 cong=14885795611887.1 cong_share=100.0% sat_pipes=147134 max_util=957.90  R_buckets: 1-2x=582519 2-10x=263896 10-100x=99516 >=100x=1616472
    E_potential: beckmann=69372107685413.6 history_total=0.0
    SpanCache: epoch=10 entries=2204 lookups=2562403 hits=2560199 misses=2204 hit_rate=99.9%
  DCD   9: nets=105117 line=13027002 energy=6873831458.109 dE=-12311988526.780 friction=3850396.2 bins=2.0x(196) excess=61.6 moved=68157 disp=5.739 solves=105117 skip=105117 pops=652315582 theta=1.033 refresh=145925ms dcd=8463ms total=157203ms
    cache_stats: entries=62273849 capacity=121382142 est_mb=1047 rss_mb=3096
RSS_SAMPLE t=1699.8s rss=3096MB hwm=3096MB
RSS_SAMPLE t=1700.1s rss=3096MB hwm=3096MB
RSS_SAMPLE t=1700.3s rss=3096MB hwm=3096MB
RSS_SAMPLE t=1700.6s rss=3096MB hwm=3096MB
RSS_SAMPLE t=1700.8s rss=3096MB hwm=3096MB
RSS_SAMPLE t=1701.1s rss=3096MB hwm=3096MB
RSS_SAMPLE t=1701.3s rss=3096MB hwm=3096MB
RSS_SAMPLE t=1701.6s rss=3096MB hwm=3096MB
RSS_SAMPLE t=1701.8s rss=3096MB hwm=3096MB
RSS_SAMPLE t=1702.1s rss=3096MB hwm=3096MB
RSS_SAMPLE t=1702.3s rss=3096MB hwm=3096MB
    SwitchMatrix: type_usage_pairs=569 lookups=1612 hits=1043 dijkstra_calls=569 avg_us=12.7 total_ms=7.2
PHASE_MARK outer=10 enter=pre_solve rss=3096MB
    rss_probe[outer=10]: pre_refresh_rss=3096MB post_pre_solve_rss=3096MB cache_entries=62273849 cache_cap=121382142 cache_est_mb=1047
    pre_solve_diag[outer=10]: solves=0 fallback=0 (0.0%) cap_armed=0 (0.0%) settle_avg=0 settle_max=0 init_count=56
    Overflow: over=129029 (5.0% of used) avg_excess=2.90 max_excess=2246.18 (nc=2270.18 cap=24 span=1)  excess_buckets: <=1=56363 1-5=54554 5-20=16281 >20=1831  by_cap: cap1=40824 cap2=85635 cap3-5=0 cap>5=2570  by_span: s1=309 s2-3=753 s4-6=2642 s7-12=83933 s>12=41392  le1_cross: cap1=33535 cap2-5=22297 cap>5=531
    Congestion: pipes=2562403 used=2562403 congested(>50%)=370307 saturated(>90%)=147134 max_util=957.90 avg_util=0.3325
PHASE_MARK outer=10 enter=dcd_sweep rss=3096MB
RSS_SAMPLE t=1702.6s rss=3096MB hwm=3096MB
RSS_SAMPLE t=1702.8s rss=3096MB hwm=3096MB
RSS_SAMPLE t=1703.1s rss=3096MB hwm=3096MB
RSS_SAMPLE t=1703.3s rss=3096MB hwm=3096MB
RSS_SAMPLE t=1703.6s rss=3096MB hwm=3096MB
RSS_SAMPLE t=1703.8s rss=3096MB hwm=3096MB
RSS_SAMPLE t=1704.1s rss=3096MB hwm=3096MB
RSS_SAMPLE t=1704.3s rss=3096MB hwm=3096MB
RSS_SAMPLE t=1704.6s rss=3096MB hwm=3096MB
RSS_SAMPLE t=1704.8s rss=3096MB hwm=3096MB
RSS_SAMPLE t=1705.1s rss=3096MB hwm=3096MB
RSS_SAMPLE t=1705.3s rss=3096MB hwm=3096MB
RSS_SAMPLE t=1705.6s rss=3096MB hwm=3096MB
RSS_SAMPLE t=1705.8s rss=3096MB hwm=3096MB
RSS_SAMPLE t=1706.1s rss=3096MB hwm=3096MB
RSS_SAMPLE t=1706.3s rss=3096MB hwm=3096MB
RSS_SAMPLE t=1706.6s rss=3096MB hwm=3096MB
RSS_SAMPLE t=1706.8s rss=3096MB hwm=3096MB
RSS_SAMPLE t=1707.1s rss=3096MB hwm=3096MB
RSS_SAMPLE t=1707.3s rss=3096MB hwm=3096MB
RSS_SAMPLE t=1707.6s rss=3096MB hwm=3096MB
RSS_SAMPLE t=1707.8s rss=3096MB hwm=3096MB
RSS_SAMPLE t=1708.1s rss=3096MB hwm=3096MB
RSS_SAMPLE t=1708.3s rss=3096MB hwm=3096MB
RSS_SAMPLE t=1708.6s rss=3096MB hwm=3096MB
RSS_SAMPLE t=1708.8s rss=3096MB hwm=3096MB
RSS_SAMPLE t=1709.1s rss=3096MB hwm=3096MB
RSS_SAMPLE t=1709.3s rss=3096MB hwm=3096MB
RSS_SAMPLE t=1709.6s rss=3096MB hwm=3096MB
RSS_SAMPLE t=1709.8s rss=3096MB hwm=3096MB
RSS_SAMPLE t=1710.1s rss=3096MB hwm=3096MB
RSS_SAMPLE t=1710.3s rss=3096MB hwm=3096MB
RSS_SAMPLE t=1710.6s rss=3096MB hwm=3096MB
RSS_SAMPLE t=1710.8s rss=3096MB hwm=3096MB
PHASE_MARK outer=10 leave=dcd_sweep rss=3096MB
PHASE_MARK outer=10 enter=post_refresh rss=3096MB
RSS_SAMPLE t=1711.1s rss=3097MB hwm=3097MB
RSS_SAMPLE t=1711.3s rss=3097MB hwm=3097MB
RSS_SAMPLE t=1711.6s rss=3097MB hwm=3097MB
RSS_SAMPLE t=1711.8s rss=3097MB hwm=3097MB
RSS_SAMPLE t=1712.1s rss=3097MB hwm=3097MB
RSS_SAMPLE t=1712.3s rss=3097MB hwm=3097MB
RSS_SAMPLE t=1712.6s rss=3097MB hwm=3097MB
RSS_SAMPLE t=1712.8s rss=3097MB hwm=3097MB
RSS_SAMPLE t=1713.1s rss=3097MB hwm=3097MB
RSS_SAMPLE t=1713.3s rss=3097MB hwm=3097MB
RSS_SAMPLE t=1713.6s rss=3097MB hwm=3097MB
RSS_SAMPLE t=1713.8s rss=3097MB hwm=3097MB
RSS_SAMPLE t=1714.1s rss=3097MB hwm=3097MB
RSS_SAMPLE t=1714.3s rss=3097MB hwm=3097MB
RSS_SAMPLE t=1714.6s rss=3097MB hwm=3097MB
RSS_SAMPLE t=1714.8s rss=3097MB hwm=3097MB
RSS_SAMPLE t=1715.1s rss=3097MB hwm=3097MB
RSS_SAMPLE t=1715.3s rss=3097MB hwm=3097MB
RSS_SAMPLE t=1715.6s rss=3097MB hwm=3097MB
RSS_SAMPLE t=1715.8s rss=3097MB hwm=3097MB
RSS_SAMPLE t=1716.1s rss=3097MB hwm=3097MB
RSS_SAMPLE t=1716.3s rss=3097MB hwm=3097MB
RSS_SAMPLE t=1716.6s rss=3097MB hwm=3097MB
RSS_SAMPLE t=1716.8s rss=3097MB hwm=3097MB
RSS_SAMPLE t=1717.1s rss=3097MB hwm=3097MB
RSS_SAMPLE t=1717.3s rss=3097MB hwm=3097MB
RSS_SAMPLE t=1717.6s rss=3097MB hwm=3097MB
RSS_SAMPLE t=1717.8s rss=3097MB hwm=3097MB
RSS_SAMPLE t=1718.1s rss=3097MB hwm=3097MB
RSS_SAMPLE t=1718.3s rss=3097MB hwm=3097MB
RSS_SAMPLE t=1718.6s rss=3097MB hwm=3097MB
RSS_SAMPLE t=1718.8s rss=3097MB hwm=3097MB
RSS_SAMPLE t=1719.1s rss=3097MB hwm=3097MB
RSS_SAMPLE t=1719.3s rss=3097MB hwm=3097MB
RSS_SAMPLE t=1719.6s rss=3097MB hwm=3097MB
RSS_SAMPLE t=1719.8s rss=3097MB hwm=3097MB
RSS_SAMPLE t=1720.1s rss=3097MB hwm=3097MB
RSS_SAMPLE t=1720.4s rss=3097MB hwm=3097MB
RSS_SAMPLE t=1720.6s rss=3097MB hwm=3097MB
RSS_SAMPLE t=1720.9s rss=3097MB hwm=3097MB
RSS_SAMPLE t=1721.1s rss=3097MB hwm=3097MB
RSS_SAMPLE t=1721.4s rss=3097MB hwm=3097MB
RSS_SAMPLE t=1721.6s rss=3097MB hwm=3097MB
RSS_SAMPLE t=1721.9s rss=3097MB hwm=3097MB
RSS_SAMPLE t=1722.1s rss=3097MB hwm=3097MB
RSS_SAMPLE t=1722.4s rss=3097MB hwm=3097MB
RSS_SAMPLE t=1722.6s rss=3097MB hwm=3097MB
RSS_SAMPLE t=1722.9s rss=3097MB hwm=3097MB
RSS_SAMPLE t=1723.1s rss=3097MB hwm=3097MB
RSS_SAMPLE t=1723.4s rss=3098MB hwm=3098MB
RSS_SAMPLE t=1723.6s rss=3098MB hwm=3098MB
RSS_SAMPLE t=1723.9s rss=3098MB hwm=3098MB
RSS_SAMPLE t=1724.1s rss=3098MB hwm=3098MB
RSS_SAMPLE t=1724.4s rss=3098MB hwm=3098MB
RSS_SAMPLE t=1724.6s rss=3098MB hwm=3098MB
RSS_SAMPLE t=1724.9s rss=3098MB hwm=3098MB
RSS_SAMPLE t=1725.1s rss=3098MB hwm=3098MB
RSS_SAMPLE t=1725.4s rss=3098MB hwm=3098MB
RSS_SAMPLE t=1725.6s rss=3098MB hwm=3098MB
RSS_SAMPLE t=1725.9s rss=3098MB hwm=3098MB
RSS_SAMPLE t=1726.1s rss=3098MB hwm=3098MB
RSS_SAMPLE t=1726.4s rss=3098MB hwm=3098MB
RSS_SAMPLE t=1726.6s rss=3098MB hwm=3098MB
RSS_SAMPLE t=1726.9s rss=3098MB hwm=3098MB
RSS_SAMPLE t=1727.1s rss=3098MB hwm=3098MB
RSS_SAMPLE t=1727.4s rss=3098MB hwm=3098MB
RSS_SAMPLE t=1727.6s rss=3098MB hwm=3098MB
RSS_SAMPLE t=1727.9s rss=3098MB hwm=3098MB
RSS_SAMPLE t=1728.1s rss=3098MB hwm=3098MB
RSS_SAMPLE t=1728.4s rss=3098MB hwm=3098MB
RSS_SAMPLE t=1728.6s rss=3098MB hwm=3098MB
RSS_SAMPLE t=1728.9s rss=3098MB hwm=3098MB
RSS_SAMPLE t=1729.1s rss=3098MB hwm=3098MB
RSS_SAMPLE t=1729.4s rss=3098MB hwm=3098MB
RSS_SAMPLE t=1729.6s rss=3098MB hwm=3098MB
RSS_SAMPLE t=1729.9s rss=3098MB hwm=3098MB
RSS_SAMPLE t=1730.1s rss=3098MB hwm=3098MB
RSS_SAMPLE t=1730.4s rss=3098MB hwm=3098MB
RSS_SAMPLE t=1730.6s rss=3098MB hwm=3098MB
RSS_SAMPLE t=1730.9s rss=3098MB hwm=3098MB
RSS_SAMPLE t=1731.1s rss=3098MB hwm=3098MB
RSS_SAMPLE t=1731.4s rss=3098MB hwm=3098MB
RSS_SAMPLE t=1731.6s rss=3098MB hwm=3098MB
RSS_SAMPLE t=1731.9s rss=3098MB hwm=3098MB
RSS_SAMPLE t=1732.1s rss=3098MB hwm=3098MB
RSS_SAMPLE t=1732.4s rss=3098MB hwm=3098MB
RSS_SAMPLE t=1732.6s rss=3098MB hwm=3098MB
RSS_SAMPLE t=1732.9s rss=3098MB hwm=3098MB
RSS_SAMPLE t=1733.1s rss=3098MB hwm=3098MB
RSS_SAMPLE t=1733.4s rss=3098MB hwm=3098MB
RSS_SAMPLE t=1733.6s rss=3098MB hwm=3098MB
RSS_SAMPLE t=1733.9s rss=3098MB hwm=3098MB
RSS_SAMPLE t=1734.1s rss=3098MB hwm=3098MB
RSS_SAMPLE t=1734.4s rss=3098MB hwm=3098MB
RSS_SAMPLE t=1734.6s rss=3098MB hwm=3098MB
RSS_SAMPLE t=1734.9s rss=3098MB hwm=3098MB
RSS_SAMPLE t=1735.1s rss=3098MB hwm=3098MB
RSS_SAMPLE t=1735.4s rss=3098MB hwm=3098MB
RSS_SAMPLE t=1735.6s rss=3098MB hwm=3098MB
RSS_SAMPLE t=1735.9s rss=3098MB hwm=3098MB
RSS_SAMPLE t=1736.1s rss=3098MB hwm=3098MB
RSS_SAMPLE t=1736.4s rss=3098MB hwm=3098MB
RSS_SAMPLE t=1736.6s rss=3098MB hwm=3098MB
RSS_SAMPLE t=1736.9s rss=3098MB hwm=3098MB
RSS_SAMPLE t=1737.1s rss=3098MB hwm=3098MB
RSS_SAMPLE t=1737.4s rss=3098MB hwm=3098MB
RSS_SAMPLE t=1737.6s rss=3098MB hwm=3098MB
RSS_SAMPLE t=1737.9s rss=3098MB hwm=3098MB
RSS_SAMPLE t=1738.1s rss=3098MB hwm=3098MB
RSS_SAMPLE t=1738.4s rss=3098MB hwm=3098MB
RSS_SAMPLE t=1738.6s rss=3098MB hwm=3098MB
RSS_SAMPLE t=1738.9s rss=3098MB hwm=3098MB
RSS_SAMPLE t=1739.1s rss=3098MB hwm=3098MB
RSS_SAMPLE t=1739.4s rss=3098MB hwm=3098MB
RSS_SAMPLE t=1739.6s rss=3098MB hwm=3098MB
RSS_SAMPLE t=1739.9s rss=3098MB hwm=3098MB
RSS_SAMPLE t=1740.1s rss=3098MB hwm=3098MB
RSS_SAMPLE t=1740.4s rss=3098MB hwm=3098MB
RSS_SAMPLE t=1740.6s rss=3098MB hwm=3098MB
RSS_SAMPLE t=1740.9s rss=3098MB hwm=3098MB
RSS_SAMPLE t=1741.1s rss=3098MB hwm=3098MB
RSS_SAMPLE t=1741.4s rss=3098MB hwm=3098MB
RSS_SAMPLE t=1741.6s rss=3098MB hwm=3098MB
RSS_SAMPLE t=1741.9s rss=3098MB hwm=3098MB
RSS_SAMPLE t=1742.1s rss=3098MB hwm=3098MB
RSS_SAMPLE t=1742.4s rss=3098MB hwm=3098MB
RSS_SAMPLE t=1742.6s rss=3098MB hwm=3098MB
RSS_SAMPLE t=1742.9s rss=3098MB hwm=3098MB
RSS_SAMPLE t=1743.1s rss=3098MB hwm=3098MB
RSS_SAMPLE t=1743.4s rss=3098MB hwm=3098MB
RSS_SAMPLE t=1743.6s rss=3098MB hwm=3098MB
RSS_SAMPLE t=1743.9s rss=3098MB hwm=3098MB
RSS_SAMPLE t=1744.1s rss=3098MB hwm=3098MB
RSS_SAMPLE t=1744.4s rss=3098MB hwm=3098MB
RSS_SAMPLE t=1744.6s rss=3098MB hwm=3098MB
RSS_SAMPLE t=1744.9s rss=3098MB hwm=3098MB
RSS_SAMPLE t=1745.1s rss=3098MB hwm=3098MB
RSS_SAMPLE t=1745.4s rss=3098MB hwm=3098MB
RSS_SAMPLE t=1745.6s rss=3098MB hwm=3098MB
RSS_SAMPLE t=1745.9s rss=3098MB hwm=3098MB
RSS_SAMPLE t=1746.1s rss=3098MB hwm=3098MB
RSS_SAMPLE t=1746.4s rss=3098MB hwm=3098MB
RSS_SAMPLE t=1746.6s rss=3098MB hwm=3098MB
RSS_SAMPLE t=1746.9s rss=3098MB hwm=3098MB
RSS_SAMPLE t=1747.1s rss=3098MB hwm=3098MB
RSS_SAMPLE t=1747.4s rss=3098MB hwm=3098MB
RSS_SAMPLE t=1747.6s rss=3098MB hwm=3098MB
RSS_SAMPLE t=1747.9s rss=3098MB hwm=3098MB
RSS_SAMPLE t=1748.1s rss=3098MB hwm=3098MB
RSS_SAMPLE t=1748.4s rss=3098MB hwm=3098MB
RSS_SAMPLE t=1748.6s rss=3098MB hwm=3098MB
RSS_SAMPLE t=1748.9s rss=3098MB hwm=3098MB
RSS_SAMPLE t=1749.1s rss=3098MB hwm=3098MB
RSS_SAMPLE t=1749.4s rss=3098MB hwm=3098MB
RSS_SAMPLE t=1749.6s rss=3098MB hwm=3098MB
RSS_SAMPLE t=1749.9s rss=3098MB hwm=3098MB
RSS_SAMPLE t=1750.1s rss=3098MB hwm=3098MB
RSS_SAMPLE t=1750.4s rss=3098MB hwm=3098MB
RSS_SAMPLE t=1750.6s rss=3098MB hwm=3098MB
RSS_SAMPLE t=1750.9s rss=3098MB hwm=3098MB
RSS_SAMPLE t=1751.1s rss=3098MB hwm=3098MB
RSS_SAMPLE t=1751.4s rss=3098MB hwm=3098MB
RSS_SAMPLE t=1751.6s rss=3098MB hwm=3098MB
RSS_SAMPLE t=1751.9s rss=3098MB hwm=3098MB
RSS_SAMPLE t=1752.1s rss=3098MB hwm=3098MB
RSS_SAMPLE t=1752.4s rss=3098MB hwm=3098MB
RSS_SAMPLE t=1752.6s rss=3098MB hwm=3098MB
RSS_SAMPLE t=1752.9s rss=3098MB hwm=3098MB
RSS_SAMPLE t=1753.1s rss=3098MB hwm=3098MB
RSS_SAMPLE t=1753.4s rss=3098MB hwm=3098MB
RSS_SAMPLE t=1753.6s rss=3098MB hwm=3098MB
RSS_SAMPLE t=1753.9s rss=3098MB hwm=3098MB
RSS_SAMPLE t=1754.1s rss=3098MB hwm=3098MB
RSS_SAMPLE t=1754.4s rss=3098MB hwm=3098MB
RSS_SAMPLE t=1754.6s rss=3098MB hwm=3098MB
RSS_SAMPLE t=1754.9s rss=3098MB hwm=3098MB
RSS_SAMPLE t=1755.1s rss=3098MB hwm=3098MB
RSS_SAMPLE t=1755.4s rss=3098MB hwm=3098MB
RSS_SAMPLE t=1755.6s rss=3098MB hwm=3098MB
RSS_SAMPLE t=1755.9s rss=3098MB hwm=3098MB
RSS_SAMPLE t=1756.1s rss=3098MB hwm=3098MB
RSS_SAMPLE t=1756.4s rss=3098MB hwm=3098MB
RSS_SAMPLE t=1756.6s rss=3098MB hwm=3098MB
RSS_SAMPLE t=1756.9s rss=3098MB hwm=3098MB
RSS_SAMPLE t=1757.1s rss=3098MB hwm=3098MB
RSS_SAMPLE t=1757.4s rss=3098MB hwm=3098MB
RSS_SAMPLE t=1757.6s rss=3098MB hwm=3098MB
RSS_SAMPLE t=1757.9s rss=3098MB hwm=3098MB
RSS_SAMPLE t=1758.1s rss=3098MB hwm=3098MB
RSS_SAMPLE t=1758.4s rss=3098MB hwm=3098MB
RSS_SAMPLE t=1758.6s rss=3098MB hwm=3098MB
RSS_SAMPLE t=1758.9s rss=3098MB hwm=3098MB
RSS_SAMPLE t=1759.1s rss=3099MB hwm=3099MB
RSS_SAMPLE t=1759.4s rss=3099MB hwm=3099MB
RSS_SAMPLE t=1759.6s rss=3099MB hwm=3099MB
RSS_SAMPLE t=1759.9s rss=3099MB hwm=3099MB
RSS_SAMPLE t=1760.1s rss=3099MB hwm=3099MB
RSS_SAMPLE t=1760.4s rss=3099MB hwm=3099MB
RSS_SAMPLE t=1760.6s rss=3099MB hwm=3099MB
RSS_SAMPLE t=1760.9s rss=3099MB hwm=3099MB
RSS_SAMPLE t=1761.1s rss=3099MB hwm=3099MB
RSS_SAMPLE t=1761.4s rss=3099MB hwm=3099MB
RSS_SAMPLE t=1761.6s rss=3099MB hwm=3099MB
RSS_SAMPLE t=1761.9s rss=3100MB hwm=3100MB
RSS_SAMPLE t=1762.1s rss=3100MB hwm=3100MB
RSS_SAMPLE t=1762.4s rss=3100MB hwm=3100MB
RSS_SAMPLE t=1762.6s rss=3100MB hwm=3100MB
RSS_SAMPLE t=1762.9s rss=3100MB hwm=3100MB
RSS_SAMPLE t=1763.1s rss=3100MB hwm=3100MB
RSS_SAMPLE t=1763.4s rss=3100MB hwm=3100MB
RSS_SAMPLE t=1763.6s rss=3100MB hwm=3100MB
RSS_SAMPLE t=1763.9s rss=3100MB hwm=3100MB
RSS_SAMPLE t=1764.1s rss=3100MB hwm=3100MB
RSS_SAMPLE t=1764.4s rss=3100MB hwm=3100MB
RSS_SAMPLE t=1764.6s rss=3100MB hwm=3100MB
RSS_SAMPLE t=1764.9s rss=3100MB hwm=3100MB
RSS_SAMPLE t=1765.1s rss=3100MB hwm=3100MB
RSS_SAMPLE t=1765.4s rss=3100MB hwm=3100MB
RSS_SAMPLE t=1765.6s rss=3101MB hwm=3101MB
RSS_SAMPLE t=1765.9s rss=3101MB hwm=3101MB
RSS_SAMPLE t=1766.1s rss=3101MB hwm=3101MB
RSS_SAMPLE t=1766.4s rss=3101MB hwm=3101MB
RSS_SAMPLE t=1766.6s rss=3101MB hwm=3101MB
RSS_SAMPLE t=1766.9s rss=3101MB hwm=3101MB
RSS_SAMPLE t=1767.1s rss=3101MB hwm=3101MB
RSS_SAMPLE t=1767.4s rss=3101MB hwm=3101MB
RSS_SAMPLE t=1767.6s rss=3101MB hwm=3101MB
RSS_SAMPLE t=1767.9s rss=3101MB hwm=3101MB
RSS_SAMPLE t=1768.1s rss=3101MB hwm=3101MB
RSS_SAMPLE t=1768.4s rss=3101MB hwm=3101MB
RSS_SAMPLE t=1768.6s rss=3101MB hwm=3101MB
RSS_SAMPLE t=1768.9s rss=3101MB hwm=3101MB
RSS_SAMPLE t=1769.1s rss=3101MB hwm=3101MB
RSS_SAMPLE t=1769.4s rss=3101MB hwm=3101MB
RSS_SAMPLE t=1769.6s rss=3101MB hwm=3101MB
RSS_SAMPLE t=1769.9s rss=3101MB hwm=3101MB
RSS_SAMPLE t=1770.1s rss=3101MB hwm=3101MB
RSS_SAMPLE t=1770.4s rss=3101MB hwm=3101MB
RSS_SAMPLE t=1770.6s rss=3101MB hwm=3101MB
RSS_SAMPLE t=1770.9s rss=3101MB hwm=3101MB
RSS_SAMPLE t=1771.1s rss=3101MB hwm=3101MB
RSS_SAMPLE t=1771.4s rss=3101MB hwm=3101MB
RSS_SAMPLE t=1771.6s rss=3102MB hwm=3102MB
RSS_SAMPLE t=1771.9s rss=3102MB hwm=3102MB
RSS_SAMPLE t=1772.1s rss=3102MB hwm=3102MB
RSS_SAMPLE t=1772.4s rss=3102MB hwm=3102MB
RSS_SAMPLE t=1772.6s rss=3102MB hwm=3102MB
RSS_SAMPLE t=1772.9s rss=3102MB hwm=3102MB
RSS_SAMPLE t=1773.1s rss=3102MB hwm=3102MB
RSS_SAMPLE t=1773.4s rss=3102MB hwm=3102MB
RSS_SAMPLE t=1773.6s rss=3103MB hwm=3103MB
RSS_SAMPLE t=1773.9s rss=3103MB hwm=3103MB
RSS_SAMPLE t=1774.1s rss=3103MB hwm=3103MB
RSS_SAMPLE t=1774.4s rss=3103MB hwm=3103MB
RSS_SAMPLE t=1774.6s rss=3103MB hwm=3103MB
RSS_SAMPLE t=1774.9s rss=3103MB hwm=3103MB
RSS_SAMPLE t=1775.1s rss=3103MB hwm=3103MB
RSS_SAMPLE t=1775.4s rss=3103MB hwm=3103MB
RSS_SAMPLE t=1775.6s rss=3104MB hwm=3104MB
RSS_SAMPLE t=1775.9s rss=3104MB hwm=3104MB
RSS_SAMPLE t=1776.1s rss=3104MB hwm=3104MB
RSS_SAMPLE t=1776.4s rss=3104MB hwm=3104MB
RSS_SAMPLE t=1776.6s rss=3104MB hwm=3104MB
RSS_SAMPLE t=1776.9s rss=3104MB hwm=3104MB
RSS_SAMPLE t=1777.1s rss=3104MB hwm=3104MB
RSS_SAMPLE t=1777.4s rss=3104MB hwm=3104MB
RSS_SAMPLE t=1777.6s rss=3105MB hwm=3105MB
RSS_SAMPLE t=1777.9s rss=3105MB hwm=3105MB
RSS_SAMPLE t=1778.1s rss=3105MB hwm=3105MB
RSS_SAMPLE t=1778.4s rss=3105MB hwm=3105MB
RSS_SAMPLE t=1778.6s rss=3105MB hwm=3105MB
RSS_SAMPLE t=1778.9s rss=3106MB hwm=3106MB
RSS_SAMPLE t=1779.1s rss=3106MB hwm=3106MB
RSS_SAMPLE t=1779.4s rss=3106MB hwm=3106MB
RSS_SAMPLE t=1779.6s rss=3106MB hwm=3106MB
RSS_SAMPLE t=1779.9s rss=3106MB hwm=3106MB
RSS_SAMPLE t=1780.1s rss=3106MB hwm=3106MB
RSS_SAMPLE t=1780.4s rss=3106MB hwm=3106MB
RSS_SAMPLE t=1780.6s rss=3106MB hwm=3106MB
RSS_SAMPLE t=1780.9s rss=3107MB hwm=3107MB
RSS_SAMPLE t=1781.1s rss=3107MB hwm=3107MB
RSS_SAMPLE t=1781.4s rss=3107MB hwm=3107MB
RSS_SAMPLE t=1781.6s rss=3107MB hwm=3107MB
RSS_SAMPLE t=1781.9s rss=3107MB hwm=3107MB
RSS_SAMPLE t=1782.1s rss=3107MB hwm=3107MB
RSS_SAMPLE t=1782.4s rss=3107MB hwm=3107MB
RSS_SAMPLE t=1782.6s rss=3107MB hwm=3107MB
RSS_SAMPLE t=1782.9s rss=3107MB hwm=3107MB
RSS_SAMPLE t=1783.1s rss=3107MB hwm=3107MB
RSS_SAMPLE t=1783.4s rss=3107MB hwm=3107MB
RSS_SAMPLE t=1783.6s rss=3107MB hwm=3107MB
RSS_SAMPLE t=1783.9s rss=3107MB hwm=3107MB
RSS_SAMPLE t=1784.1s rss=3107MB hwm=3107MB
RSS_SAMPLE t=1784.4s rss=3107MB hwm=3107MB
RSS_SAMPLE t=1784.6s rss=3107MB hwm=3107MB
RSS_SAMPLE t=1784.9s rss=3107MB hwm=3107MB
RSS_SAMPLE t=1785.1s rss=3107MB hwm=3107MB
RSS_SAMPLE t=1785.4s rss=3107MB hwm=3107MB
RSS_SAMPLE t=1785.6s rss=3107MB hwm=3107MB
RSS_SAMPLE t=1785.9s rss=3107MB hwm=3107MB
RSS_SAMPLE t=1786.1s rss=3107MB hwm=3107MB
RSS_SAMPLE t=1786.4s rss=3107MB hwm=3107MB
RSS_SAMPLE t=1786.6s rss=3107MB hwm=3107MB
RSS_SAMPLE t=1786.9s rss=3107MB hwm=3107MB
RSS_SAMPLE t=1787.1s rss=3107MB hwm=3107MB
RSS_SAMPLE t=1787.4s rss=3107MB hwm=3107MB
RSS_SAMPLE t=1787.6s rss=3107MB hwm=3107MB
RSS_SAMPLE t=1787.9s rss=3107MB hwm=3107MB
RSS_SAMPLE t=1788.1s rss=3107MB hwm=3107MB
RSS_SAMPLE t=1788.4s rss=3107MB hwm=3107MB
RSS_SAMPLE t=1788.6s rss=3107MB hwm=3107MB
RSS_SAMPLE t=1788.9s rss=3107MB hwm=3107MB
RSS_SAMPLE t=1789.1s rss=3107MB hwm=3107MB
RSS_SAMPLE t=1789.4s rss=3107MB hwm=3107MB
RSS_SAMPLE t=1789.6s rss=3107MB hwm=3107MB
RSS_SAMPLE t=1789.9s rss=3107MB hwm=3107MB
RSS_SAMPLE t=1790.1s rss=3107MB hwm=3107MB
RSS_SAMPLE t=1790.4s rss=3107MB hwm=3107MB
RSS_SAMPLE t=1790.6s rss=3107MB hwm=3107MB
RSS_SAMPLE t=1790.9s rss=3107MB hwm=3107MB
RSS_SAMPLE t=1791.1s rss=3107MB hwm=3107MB
RSS_SAMPLE t=1791.4s rss=3107MB hwm=3107MB
RSS_SAMPLE t=1791.6s rss=3107MB hwm=3107MB
RSS_SAMPLE t=1791.9s rss=3107MB hwm=3107MB
RSS_SAMPLE t=1792.1s rss=3107MB hwm=3107MB
RSS_SAMPLE t=1792.4s rss=3107MB hwm=3107MB
RSS_SAMPLE t=1792.6s rss=3107MB hwm=3107MB
RSS_SAMPLE t=1792.9s rss=3107MB hwm=3107MB
RSS_SAMPLE t=1793.1s rss=3107MB hwm=3107MB
RSS_SAMPLE t=1793.4s rss=3107MB hwm=3107MB
RSS_SAMPLE t=1793.6s rss=3107MB hwm=3107MB
RSS_SAMPLE t=1793.9s rss=3107MB hwm=3107MB
RSS_SAMPLE t=1794.1s rss=3107MB hwm=3107MB
RSS_SAMPLE t=1794.4s rss=3107MB hwm=3107MB
RSS_SAMPLE t=1794.6s rss=3108MB hwm=3108MB
RSS_SAMPLE t=1794.9s rss=3108MB hwm=3108MB
RSS_SAMPLE t=1795.1s rss=3108MB hwm=3108MB
RSS_SAMPLE t=1795.4s rss=3108MB hwm=3108MB
RSS_SAMPLE t=1795.6s rss=3108MB hwm=3108MB
RSS_SAMPLE t=1795.9s rss=3108MB hwm=3108MB
RSS_SAMPLE t=1796.1s rss=3108MB hwm=3108MB
RSS_SAMPLE t=1796.4s rss=3108MB hwm=3108MB
RSS_SAMPLE t=1796.7s rss=3108MB hwm=3108MB
RSS_SAMPLE t=1796.9s rss=3108MB hwm=3108MB
RSS_SAMPLE t=1797.2s rss=3108MB hwm=3108MB
RSS_SAMPLE t=1797.4s rss=3108MB hwm=3108MB
RSS_SAMPLE t=1797.7s rss=3108MB hwm=3108MB
RSS_SAMPLE t=1797.9s rss=3108MB hwm=3108MB
RSS_SAMPLE t=1798.2s rss=3108MB hwm=3108MB
RSS_SAMPLE t=1798.4s rss=3108MB hwm=3108MB
RSS_SAMPLE t=1798.7s rss=3108MB hwm=3108MB
RSS_SAMPLE t=1798.9s rss=3108MB hwm=3108MB
RSS_SAMPLE t=1799.2s rss=3108MB hwm=3108MB
RSS_SAMPLE t=1799.4s rss=3108MB hwm=3108MB
RSS_SAMPLE t=1799.7s rss=3108MB hwm=3108MB
RSS_SAMPLE t=1799.9s rss=3108MB hwm=3108MB
RSS_SAMPLE t=1800.2s rss=3108MB hwm=3108MB
RSS_SAMPLE t=1800.4s rss=3108MB hwm=3108MB
RSS_SAMPLE t=1800.7s rss=3108MB hwm=3108MB
RSS_SAMPLE t=1800.9s rss=3108MB hwm=3108MB
RSS_SAMPLE t=1801.2s rss=3108MB hwm=3108MB
RSS_SAMPLE t=1801.4s rss=3108MB hwm=3108MB
RSS_SAMPLE t=1801.7s rss=3108MB hwm=3108MB
RSS_SAMPLE t=1801.9s rss=3108MB hwm=3108MB
RSS_SAMPLE t=1802.2s rss=3108MB hwm=3108MB
RSS_SAMPLE t=1802.4s rss=3108MB hwm=3108MB
RSS_SAMPLE t=1802.7s rss=3108MB hwm=3108MB
RSS_SAMPLE t=1802.9s rss=3108MB hwm=3108MB
RSS_SAMPLE t=1803.2s rss=3108MB hwm=3108MB
RSS_SAMPLE t=1803.4s rss=3108MB hwm=3108MB
RSS_SAMPLE t=1803.7s rss=3108MB hwm=3108MB
RSS_SAMPLE t=1803.9s rss=3108MB hwm=3108MB
RSS_SAMPLE t=1804.2s rss=3108MB hwm=3108MB
RSS_SAMPLE t=1804.4s rss=3108MB hwm=3108MB
RSS_SAMPLE t=1804.7s rss=3108MB hwm=3108MB
RSS_SAMPLE t=1804.9s rss=3108MB hwm=3108MB
RSS_SAMPLE t=1805.2s rss=3108MB hwm=3108MB
RSS_SAMPLE t=1805.4s rss=3108MB hwm=3108MB
RSS_SAMPLE t=1805.7s rss=3108MB hwm=3108MB
RSS_SAMPLE t=1805.9s rss=3108MB hwm=3108MB
RSS_SAMPLE t=1806.2s rss=3108MB hwm=3108MB
RSS_SAMPLE t=1806.4s rss=3108MB hwm=3108MB
RSS_SAMPLE t=1806.7s rss=3108MB hwm=3108MB
RSS_SAMPLE t=1806.9s rss=3108MB hwm=3108MB
RSS_SAMPLE t=1807.2s rss=3108MB hwm=3108MB
RSS_SAMPLE t=1807.4s rss=3108MB hwm=3108MB
RSS_SAMPLE t=1807.7s rss=3108MB hwm=3108MB
RSS_SAMPLE t=1807.9s rss=3108MB hwm=3108MB
RSS_SAMPLE t=1808.2s rss=3108MB hwm=3108MB
RSS_SAMPLE t=1808.4s rss=3108MB hwm=3108MB
RSS_SAMPLE t=1808.7s rss=3108MB hwm=3108MB
RSS_SAMPLE t=1808.9s rss=3108MB hwm=3108MB
RSS_SAMPLE t=1809.2s rss=3108MB hwm=3108MB
RSS_SAMPLE t=1809.4s rss=3108MB hwm=3108MB
RSS_SAMPLE t=1809.7s rss=3108MB hwm=3108MB
RSS_SAMPLE t=1809.9s rss=3108MB hwm=3108MB
RSS_SAMPLE t=1810.2s rss=3108MB hwm=3108MB
RSS_SAMPLE t=1810.4s rss=3108MB hwm=3108MB
RSS_SAMPLE t=1810.7s rss=3108MB hwm=3108MB
RSS_SAMPLE t=1810.9s rss=3108MB hwm=3108MB
RSS_SAMPLE t=1811.2s rss=3108MB hwm=3108MB
RSS_SAMPLE t=1811.4s rss=3108MB hwm=3108MB
RSS_SAMPLE t=1811.7s rss=3108MB hwm=3108MB
RSS_SAMPLE t=1811.9s rss=3108MB hwm=3108MB
RSS_SAMPLE t=1812.2s rss=3108MB hwm=3108MB
RSS_SAMPLE t=1812.4s rss=3108MB hwm=3108MB
RSS_SAMPLE t=1812.7s rss=3108MB hwm=3108MB
RSS_SAMPLE t=1812.9s rss=3108MB hwm=3108MB
RSS_SAMPLE t=1813.2s rss=3108MB hwm=3108MB
RSS_SAMPLE t=1813.4s rss=3108MB hwm=3108MB
RSS_SAMPLE t=1813.7s rss=3108MB hwm=3108MB
RSS_SAMPLE t=1813.9s rss=3108MB hwm=3108MB
RSS_SAMPLE t=1814.2s rss=3108MB hwm=3108MB
RSS_SAMPLE t=1814.4s rss=3108MB hwm=3108MB
RSS_SAMPLE t=1814.7s rss=3108MB hwm=3108MB
RSS_SAMPLE t=1814.9s rss=3108MB hwm=3108MB
RSS_SAMPLE t=1815.2s rss=3108MB hwm=3108MB
RSS_SAMPLE t=1815.4s rss=3108MB hwm=3108MB
RSS_SAMPLE t=1815.7s rss=3108MB hwm=3108MB
RSS_SAMPLE t=1815.9s rss=3108MB hwm=3108MB
RSS_SAMPLE t=1816.2s rss=3108MB hwm=3108MB
RSS_SAMPLE t=1816.4s rss=3108MB hwm=3108MB
RSS_SAMPLE t=1816.7s rss=3108MB hwm=3108MB
RSS_SAMPLE t=1816.9s rss=3108MB hwm=3108MB
RSS_SAMPLE t=1817.2s rss=3108MB hwm=3108MB
RSS_SAMPLE t=1817.4s rss=3108MB hwm=3108MB
RSS_SAMPLE t=1817.7s rss=3108MB hwm=3108MB
RSS_SAMPLE t=1817.9s rss=3108MB hwm=3108MB
RSS_SAMPLE t=1818.2s rss=3108MB hwm=3108MB
RSS_SAMPLE t=1818.4s rss=3108MB hwm=3108MB
RSS_SAMPLE t=1818.7s rss=3108MB hwm=3108MB
RSS_SAMPLE t=1818.9s rss=3108MB hwm=3108MB
RSS_SAMPLE t=1819.2s rss=3108MB hwm=3108MB
RSS_SAMPLE t=1819.4s rss=3108MB hwm=3108MB
RSS_SAMPLE t=1819.7s rss=3108MB hwm=3108MB
RSS_SAMPLE t=1819.9s rss=3108MB hwm=3108MB
RSS_SAMPLE t=1820.2s rss=3108MB hwm=3108MB
RSS_SAMPLE t=1820.4s rss=3108MB hwm=3108MB
RSS_SAMPLE t=1820.7s rss=3108MB hwm=3108MB
RSS_SAMPLE t=1820.9s rss=3108MB hwm=3108MB
RSS_SAMPLE t=1821.2s rss=3108MB hwm=3108MB
RSS_SAMPLE t=1821.4s rss=3108MB hwm=3108MB
RSS_SAMPLE t=1821.7s rss=3108MB hwm=3108MB
RSS_SAMPLE t=1821.9s rss=3108MB hwm=3108MB
RSS_SAMPLE t=1822.2s rss=3108MB hwm=3108MB
RSS_SAMPLE t=1822.4s rss=3108MB hwm=3108MB
RSS_SAMPLE t=1822.7s rss=3108MB hwm=3108MB
RSS_SAMPLE t=1822.9s rss=3109MB hwm=3109MB
RSS_SAMPLE t=1823.2s rss=3109MB hwm=3109MB
RSS_SAMPLE t=1823.4s rss=3109MB hwm=3109MB
RSS_SAMPLE t=1823.7s rss=3109MB hwm=3109MB
RSS_SAMPLE t=1823.9s rss=3109MB hwm=3109MB
RSS_SAMPLE t=1824.2s rss=3109MB hwm=3109MB
RSS_SAMPLE t=1824.4s rss=3109MB hwm=3109MB
RSS_SAMPLE t=1824.7s rss=3109MB hwm=3109MB
RSS_SAMPLE t=1824.9s rss=3109MB hwm=3109MB
RSS_SAMPLE t=1825.2s rss=3109MB hwm=3109MB
RSS_SAMPLE t=1825.4s rss=3109MB hwm=3109MB
RSS_SAMPLE t=1825.7s rss=3109MB hwm=3109MB
RSS_SAMPLE t=1825.9s rss=3109MB hwm=3109MB
RSS_SAMPLE t=1826.2s rss=3109MB hwm=3109MB
RSS_SAMPLE t=1826.4s rss=3109MB hwm=3109MB
RSS_SAMPLE t=1826.7s rss=3109MB hwm=3109MB
RSS_SAMPLE t=1826.9s rss=3109MB hwm=3109MB
RSS_SAMPLE t=1827.2s rss=3109MB hwm=3109MB
RSS_SAMPLE t=1827.4s rss=3109MB hwm=3109MB
RSS_SAMPLE t=1827.7s rss=3109MB hwm=3109MB
RSS_SAMPLE t=1827.9s rss=3109MB hwm=3109MB
RSS_SAMPLE t=1828.2s rss=3109MB hwm=3109MB
RSS_SAMPLE t=1828.4s rss=3109MB hwm=3109MB
RSS_SAMPLE t=1828.7s rss=3109MB hwm=3109MB
RSS_SAMPLE t=1828.9s rss=3109MB hwm=3109MB
RSS_SAMPLE t=1829.2s rss=3109MB hwm=3109MB
RSS_SAMPLE t=1829.4s rss=3109MB hwm=3109MB
RSS_SAMPLE t=1829.7s rss=3109MB hwm=3109MB
RSS_SAMPLE t=1829.9s rss=3109MB hwm=3109MB
RSS_SAMPLE t=1830.2s rss=3109MB hwm=3109MB
RSS_SAMPLE t=1830.4s rss=3109MB hwm=3109MB
RSS_SAMPLE t=1830.7s rss=3109MB hwm=3109MB
RSS_SAMPLE t=1830.9s rss=3109MB hwm=3109MB
RSS_SAMPLE t=1831.2s rss=3109MB hwm=3109MB
RSS_SAMPLE t=1831.4s rss=3109MB hwm=3109MB
RSS_SAMPLE t=1831.7s rss=3109MB hwm=3109MB
RSS_SAMPLE t=1831.9s rss=3109MB hwm=3109MB
RSS_SAMPLE t=1832.2s rss=3109MB hwm=3109MB
RSS_SAMPLE t=1832.4s rss=3109MB hwm=3109MB
RSS_SAMPLE t=1832.7s rss=3109MB hwm=3109MB
RSS_SAMPLE t=1832.9s rss=3109MB hwm=3109MB
RSS_SAMPLE t=1833.2s rss=3109MB hwm=3109MB
RSS_SAMPLE t=1833.4s rss=3109MB hwm=3109MB
RSS_SAMPLE t=1833.7s rss=3109MB hwm=3109MB
RSS_SAMPLE t=1833.9s rss=3109MB hwm=3109MB
RSS_SAMPLE t=1834.2s rss=3109MB hwm=3109MB
RSS_SAMPLE t=1834.4s rss=3109MB hwm=3109MB
RSS_SAMPLE t=1834.7s rss=3109MB hwm=3109MB
RSS_SAMPLE t=1834.9s rss=3109MB hwm=3109MB
RSS_SAMPLE t=1835.2s rss=3109MB hwm=3109MB
RSS_SAMPLE t=1835.4s rss=3109MB hwm=3109MB
RSS_SAMPLE t=1835.7s rss=3109MB hwm=3109MB
RSS_SAMPLE t=1835.9s rss=3109MB hwm=3109MB
RSS_SAMPLE t=1836.2s rss=3109MB hwm=3109MB
RSS_SAMPLE t=1836.4s rss=3109MB hwm=3109MB
RSS_SAMPLE t=1836.7s rss=3109MB hwm=3109MB
RSS_SAMPLE t=1836.9s rss=3109MB hwm=3109MB
RSS_SAMPLE t=1837.2s rss=3109MB hwm=3109MB
RSS_SAMPLE t=1837.4s rss=3109MB hwm=3109MB
RSS_SAMPLE t=1837.7s rss=3109MB hwm=3109MB
RSS_SAMPLE t=1837.9s rss=3109MB hwm=3109MB
RSS_SAMPLE t=1838.2s rss=3110MB hwm=3110MB
RSS_SAMPLE t=1838.4s rss=3110MB hwm=3110MB
RSS_SAMPLE t=1838.7s rss=3110MB hwm=3110MB
RSS_SAMPLE t=1838.9s rss=3110MB hwm=3110MB
RSS_SAMPLE t=1839.2s rss=3110MB hwm=3110MB
RSS_SAMPLE t=1839.4s rss=3110MB hwm=3110MB
RSS_SAMPLE t=1839.7s rss=3110MB hwm=3110MB
RSS_SAMPLE t=1839.9s rss=3110MB hwm=3110MB
RSS_SAMPLE t=1840.2s rss=3110MB hwm=3110MB
RSS_SAMPLE t=1840.4s rss=3110MB hwm=3110MB
RSS_SAMPLE t=1840.7s rss=3110MB hwm=3110MB
RSS_SAMPLE t=1840.9s rss=3110MB hwm=3110MB
RSS_SAMPLE t=1841.2s rss=3110MB hwm=3110MB
RSS_SAMPLE t=1841.4s rss=3110MB hwm=3110MB
RSS_SAMPLE t=1841.7s rss=3110MB hwm=3110MB
RSS_SAMPLE t=1841.9s rss=3110MB hwm=3110MB
RSS_SAMPLE t=1842.2s rss=3110MB hwm=3110MB
RSS_SAMPLE t=1842.4s rss=3110MB hwm=3110MB
RSS_SAMPLE t=1842.7s rss=3110MB hwm=3110MB
RSS_SAMPLE t=1842.9s rss=3110MB hwm=3110MB
RSS_SAMPLE t=1843.2s rss=3110MB hwm=3110MB
RSS_SAMPLE t=1843.4s rss=3110MB hwm=3110MB
RSS_SAMPLE t=1843.7s rss=3110MB hwm=3110MB
RSS_SAMPLE t=1843.9s rss=3110MB hwm=3110MB
RSS_SAMPLE t=1844.2s rss=3110MB hwm=3110MB
RSS_SAMPLE t=1844.4s rss=3110MB hwm=3110MB
RSS_SAMPLE t=1844.7s rss=3110MB hwm=3110MB
RSS_SAMPLE t=1844.9s rss=3110MB hwm=3110MB
RSS_SAMPLE t=1845.2s rss=3110MB hwm=3110MB
RSS_SAMPLE t=1845.4s rss=3110MB hwm=3110MB
RSS_SAMPLE t=1845.7s rss=3110MB hwm=3110MB
RSS_SAMPLE t=1845.9s rss=3110MB hwm=3110MB
RSS_SAMPLE t=1846.2s rss=3110MB hwm=3110MB
RSS_SAMPLE t=1846.4s rss=3110MB hwm=3110MB
RSS_SAMPLE t=1846.7s rss=3110MB hwm=3110MB
RSS_SAMPLE t=1846.9s rss=3110MB hwm=3110MB
RSS_SAMPLE t=1847.2s rss=3110MB hwm=3110MB
RSS_SAMPLE t=1847.4s rss=3110MB hwm=3110MB
RSS_SAMPLE t=1847.7s rss=3110MB hwm=3110MB
RSS_SAMPLE t=1847.9s rss=3110MB hwm=3110MB
RSS_SAMPLE t=1848.2s rss=3110MB hwm=3110MB
RSS_SAMPLE t=1848.4s rss=3110MB hwm=3110MB
RSS_SAMPLE t=1848.7s rss=3110MB hwm=3110MB
RSS_SAMPLE t=1848.9s rss=3110MB hwm=3110MB
RSS_SAMPLE t=1849.2s rss=3110MB hwm=3110MB
RSS_SAMPLE t=1849.4s rss=3110MB hwm=3110MB
RSS_SAMPLE t=1849.7s rss=3110MB hwm=3110MB
RSS_SAMPLE t=1849.9s rss=3110MB hwm=3110MB
RSS_SAMPLE t=1850.2s rss=3110MB hwm=3110MB
RSS_SAMPLE t=1850.4s rss=3110MB hwm=3110MB
RSS_SAMPLE t=1850.7s rss=3110MB hwm=3110MB
RSS_SAMPLE t=1850.9s rss=3110MB hwm=3110MB
RSS_SAMPLE t=1851.2s rss=3110MB hwm=3110MB
RSS_SAMPLE t=1851.4s rss=3110MB hwm=3110MB
RSS_SAMPLE t=1851.7s rss=3110MB hwm=3110MB
RSS_SAMPLE t=1851.9s rss=3110MB hwm=3110MB
RSS_SAMPLE t=1852.2s rss=3110MB hwm=3110MB
RSS_SAMPLE t=1852.4s rss=3110MB hwm=3110MB
RSS_SAMPLE t=1852.7s rss=3110MB hwm=3110MB
RSS_SAMPLE t=1852.9s rss=3110MB hwm=3110MB
RSS_SAMPLE t=1853.2s rss=3110MB hwm=3110MB
RSS_SAMPLE t=1853.4s rss=3110MB hwm=3110MB
RSS_SAMPLE t=1853.7s rss=3110MB hwm=3110MB
RSS_SAMPLE t=1853.9s rss=3110MB hwm=3110MB
RSS_SAMPLE t=1854.2s rss=3110MB hwm=3110MB
RSS_SAMPLE t=1854.4s rss=3110MB hwm=3110MB
RSS_SAMPLE t=1854.7s rss=3110MB hwm=3110MB
RSS_SAMPLE t=1854.9s rss=3110MB hwm=3110MB
RSS_SAMPLE t=1855.2s rss=3110MB hwm=3110MB
RSS_SAMPLE t=1855.4s rss=3110MB hwm=3110MB
RSS_SAMPLE t=1855.7s rss=3110MB hwm=3110MB
RSS_SAMPLE t=1855.9s rss=3110MB hwm=3110MB
RSS_SAMPLE t=1856.2s rss=3110MB hwm=3110MB
RSS_SAMPLE t=1856.4s rss=3110MB hwm=3110MB
RSS_SAMPLE t=1856.7s rss=3110MB hwm=3110MB
RSS_SAMPLE t=1856.9s rss=3110MB hwm=3110MB
RSS_SAMPLE t=1857.2s rss=3110MB hwm=3110MB
RSS_SAMPLE t=1857.4s rss=3110MB hwm=3110MB
RSS_SAMPLE t=1857.7s rss=3110MB hwm=3110MB
RSS_SAMPLE t=1857.9s rss=3110MB hwm=3110MB
RSS_SAMPLE t=1858.2s rss=3110MB hwm=3110MB
RSS_SAMPLE t=1858.4s rss=3110MB hwm=3110MB
RSS_SAMPLE t=1858.7s rss=3110MB hwm=3110MB
RSS_SAMPLE t=1858.9s rss=3110MB hwm=3110MB
RSS_SAMPLE t=1859.2s rss=3110MB hwm=3110MB
RSS_SAMPLE t=1859.4s rss=3110MB hwm=3110MB
RSS_SAMPLE t=1859.7s rss=3110MB hwm=3110MB
RSS_SAMPLE t=1859.9s rss=3110MB hwm=3110MB
RSS_SAMPLE t=1860.2s rss=3110MB hwm=3110MB
RSS_SAMPLE t=1860.4s rss=3110MB hwm=3110MB
RSS_SAMPLE t=1860.7s rss=3110MB hwm=3110MB
RSS_SAMPLE t=1860.9s rss=3110MB hwm=3110MB
RSS_SAMPLE t=1861.2s rss=3110MB hwm=3110MB
RSS_SAMPLE t=1861.4s rss=3110MB hwm=3110MB
RSS_SAMPLE t=1861.7s rss=3110MB hwm=3110MB
RSS_SAMPLE t=1861.9s rss=3110MB hwm=3110MB
RSS_SAMPLE t=1862.2s rss=3110MB hwm=3110MB
RSS_SAMPLE t=1862.4s rss=3110MB hwm=3110MB
RSS_SAMPLE t=1862.7s rss=3110MB hwm=3110MB
RSS_SAMPLE t=1862.9s rss=3110MB hwm=3110MB
RSS_SAMPLE t=1863.2s rss=3110MB hwm=3110MB
RSS_SAMPLE t=1863.4s rss=3110MB hwm=3110MB
RSS_SAMPLE t=1863.7s rss=3110MB hwm=3110MB
RSS_SAMPLE t=1863.9s rss=3110MB hwm=3110MB
RSS_SAMPLE t=1864.2s rss=3110MB hwm=3110MB
RSS_SAMPLE t=1864.4s rss=3110MB hwm=3110MB
RSS_SAMPLE t=1864.7s rss=3110MB hwm=3110MB
RSS_SAMPLE t=1864.9s rss=3110MB hwm=3110MB
RSS_SAMPLE t=1865.2s rss=3110MB hwm=3110MB
RSS_SAMPLE t=1865.4s rss=3110MB hwm=3110MB
RSS_SAMPLE t=1865.7s rss=3110MB hwm=3110MB
RSS_SAMPLE t=1865.9s rss=3110MB hwm=3110MB
RSS_SAMPLE t=1866.2s rss=3110MB hwm=3110MB
RSS_SAMPLE t=1866.4s rss=3110MB hwm=3110MB
RSS_SAMPLE t=1866.7s rss=3110MB hwm=3110MB
RSS_SAMPLE t=1866.9s rss=3110MB hwm=3110MB
MEM_POOL: workspaces=8 dense_usage_mb=313 n_pipes=2562403
    post_solve_diag[outer=10]: solves=105117 cap_armed=105117 (100.0%) settle_avg=5899 above_sink_avg=201 (3.4%) settle_max=69353
    settle_hist[outer=10]: <100: 26845nets/0.1%work  <1k: 23850nets/1.4%work  <5k: 24505nets/10.4%work  <20k: 19300nets/33.0%work  <60k: 10385nets/52.7%work  >=60k: 232nets/2.4%work
    fanout_hist[outer=10]: fan1: 43710nets/13.3%work  fan2-4: 48279nets/50.1%work  fan5-16: 12974nets/35.6%work  fan17-64: 154nets/1.0%work  fan65-256: 0nets/0.0%work  fan>256: 0nets/0.0%work
    rss_probe[outer=10]: pre_post_solve=3097MB post_post_solve=3110MB after_apply=3110MB
RSS_SAMPLE t=1867.2s rss=3110MB hwm=3110MB
    E_decomp: base=6243363.5 eff=174713529172980.7 cong=174713522929617.2 cong_share=100.0% sat_pipes=118232 max_util=1906.00  R_buckets: 1-2x=838319 2-10x=436918 10-100x=166067 >=100x=1121099
    E_potential: beckmann=182775196336021.0 history_total=0.0
    SpanCache: epoch=11 entries=1612 lookups=2562403 hits=2560791 misses=1612 hit_rate=99.9%
  DCD  10: nets=105117 line=12597371 energy=2891988383.003 dE=-3981843075.106 friction=8773365.9 bins=2.0x(170) excess=45.8 moved=68197 disp=5.141 solves=105117 skip=105117 pops=620042208 theta=1.210 refresh=156210ms dcd=8371ms total=167519ms
    cache_stats: entries=62128705 capacity=123514944 est_mb=1065 rss_mb=3110
RSS_SAMPLE t=1867.4s rss=3110MB hwm=3110MB
RSS_SAMPLE t=1867.7s rss=3110MB hwm=3110MB
RSS_SAMPLE t=1867.9s rss=3110MB hwm=3110MB
RSS_SAMPLE t=1868.2s rss=3110MB hwm=3110MB
RSS_SAMPLE t=1868.4s rss=3110MB hwm=3110MB
RSS_SAMPLE t=1868.7s rss=3110MB hwm=3110MB
RSS_SAMPLE t=1868.9s rss=3110MB hwm=3110MB
RSS_SAMPLE t=1869.2s rss=3110MB hwm=3110MB
RSS_SAMPLE t=1869.4s rss=3110MB hwm=3110MB
RSS_SAMPLE t=1869.7s rss=3110MB hwm=3110MB
RSS_SAMPLE t=1869.9s rss=3110MB hwm=3110MB
    SwitchMatrix: type_usage_pairs=493 lookups=1420 hits=927 dijkstra_calls=493 avg_us=14.0 total_ms=6.9
PHASE_MARK outer=11 enter=pre_solve rss=3110MB
    rss_probe[outer=11]: pre_refresh_rss=3110MB post_pre_solve_rss=3110MB cache_entries=62128705 cache_cap=123514944 cache_est_mb=1065
    pre_solve_diag[outer=11]: solves=0 fallback=0 (0.0%) cap_armed=0 (0.0%) settle_avg=0 settle_max=0 init_count=62
    Overflow: over=103185 (4.0% of used) avg_excess=3.38 max_excess=2671.83 (nc=2695.83 cap=24 span=1)  excess_buckets: <=1=38623 1-5=46270 5-20=16546 >20=1746  by_cap: cap1=27562 cap2=74290 cap3-5=0 cap>5=1333  by_span: s1=424 s2-3=546 s4-6=1479 s7-12=73033 s>12=27703  le1_cross: cap1=24255 cap2-5=14131 cap>5=237
    Congestion: pipes=2562403 used=2562403 congested(>50%)=326383 saturated(>90%)=118232 max_util=1906.00 avg_util=0.3060
PHASE_MARK outer=11 enter=dcd_sweep rss=3110MB
RSS_SAMPLE t=1870.2s rss=3110MB hwm=3110MB
RSS_SAMPLE t=1870.4s rss=3110MB hwm=3110MB
RSS_SAMPLE t=1870.7s rss=3110MB hwm=3110MB
RSS_SAMPLE t=1870.9s rss=3110MB hwm=3110MB
RSS_SAMPLE t=1871.2s rss=3110MB hwm=3110MB
RSS_SAMPLE t=1871.4s rss=3110MB hwm=3110MB
RSS_SAMPLE t=1871.7s rss=3110MB hwm=3110MB
RSS_SAMPLE t=1871.9s rss=3110MB hwm=3110MB
RSS_SAMPLE t=1872.2s rss=3110MB hwm=3110MB
RSS_SAMPLE t=1872.4s rss=3110MB hwm=3110MB
RSS_SAMPLE t=1872.7s rss=3110MB hwm=3110MB
RSS_SAMPLE t=1872.9s rss=3110MB hwm=3110MB
RSS_SAMPLE t=1873.2s rss=3110MB hwm=3110MB
RSS_SAMPLE t=1873.4s rss=3110MB hwm=3110MB
RSS_SAMPLE t=1873.7s rss=3110MB hwm=3110MB
RSS_SAMPLE t=1873.9s rss=3110MB hwm=3110MB
RSS_SAMPLE t=1874.2s rss=3110MB hwm=3110MB
RSS_SAMPLE t=1874.4s rss=3110MB hwm=3110MB
RSS_SAMPLE t=1874.7s rss=3110MB hwm=3110MB
RSS_SAMPLE t=1874.9s rss=3110MB hwm=3110MB
RSS_SAMPLE t=1875.2s rss=3110MB hwm=3110MB
RSS_SAMPLE t=1875.4s rss=3110MB hwm=3110MB
RSS_SAMPLE t=1875.7s rss=3110MB hwm=3110MB
RSS_SAMPLE t=1876.0s rss=3110MB hwm=3110MB
RSS_SAMPLE t=1876.2s rss=3110MB hwm=3110MB
RSS_SAMPLE t=1876.5s rss=3110MB hwm=3110MB
RSS_SAMPLE t=1876.7s rss=3110MB hwm=3110MB
RSS_SAMPLE t=1877.0s rss=3110MB hwm=3110MB
RSS_SAMPLE t=1877.2s rss=3110MB hwm=3110MB
RSS_SAMPLE t=1877.5s rss=3110MB hwm=3110MB
RSS_SAMPLE t=1877.7s rss=3110MB hwm=3110MB
RSS_SAMPLE t=1878.0s rss=3110MB hwm=3110MB
RSS_SAMPLE t=1878.2s rss=3110MB hwm=3110MB
RSS_SAMPLE t=1878.5s rss=3110MB hwm=3110MB
RSS_SAMPLE t=1878.7s rss=3110MB hwm=3110MB
PHASE_MARK outer=11 leave=dcd_sweep rss=3110MB
PHASE_MARK outer=11 enter=post_refresh rss=3110MB
RSS_SAMPLE t=1879.0s rss=3110MB hwm=3110MB
RSS_SAMPLE t=1879.2s rss=3110MB hwm=3110MB
RSS_SAMPLE t=1879.5s rss=3110MB hwm=3110MB
RSS_SAMPLE t=1879.7s rss=3110MB hwm=3110MB
RSS_SAMPLE t=1880.0s rss=3110MB hwm=3110MB
RSS_SAMPLE t=1880.2s rss=3110MB hwm=3110MB
RSS_SAMPLE t=1880.5s rss=3110MB hwm=3110MB
RSS_SAMPLE t=1880.7s rss=3110MB hwm=3110MB
RSS_SAMPLE t=1881.0s rss=3110MB hwm=3110MB
RSS_SAMPLE t=1881.2s rss=3110MB hwm=3110MB
RSS_SAMPLE t=1881.5s rss=3110MB hwm=3110MB
RSS_SAMPLE t=1881.7s rss=3110MB hwm=3110MB
RSS_SAMPLE t=1882.0s rss=3110MB hwm=3110MB
RSS_SAMPLE t=1882.2s rss=3110MB hwm=3110MB
RSS_SAMPLE t=1882.5s rss=3110MB hwm=3110MB
RSS_SAMPLE t=1882.7s rss=3111MB hwm=3111MB
RSS_SAMPLE t=1883.0s rss=3111MB hwm=3111MB
RSS_SAMPLE t=1883.2s rss=3111MB hwm=3111MB
RSS_SAMPLE t=1883.5s rss=3111MB hwm=3111MB
RSS_SAMPLE t=1883.7s rss=3111MB hwm=3111MB
RSS_SAMPLE t=1884.0s rss=3111MB hwm=3111MB
RSS_SAMPLE t=1884.2s rss=3111MB hwm=3111MB
RSS_SAMPLE t=1884.5s rss=3111MB hwm=3111MB
RSS_SAMPLE t=1884.7s rss=3111MB hwm=3111MB
RSS_SAMPLE t=1885.0s rss=3111MB hwm=3111MB
RSS_SAMPLE t=1885.2s rss=3111MB hwm=3111MB
RSS_SAMPLE t=1885.5s rss=3111MB hwm=3111MB
RSS_SAMPLE t=1885.7s rss=3111MB hwm=3111MB
RSS_SAMPLE t=1886.0s rss=3111MB hwm=3111MB
RSS_SAMPLE t=1886.2s rss=3111MB hwm=3111MB
RSS_SAMPLE t=1886.5s rss=3111MB hwm=3111MB
RSS_SAMPLE t=1886.7s rss=3111MB hwm=3111MB
RSS_SAMPLE t=1887.0s rss=3111MB hwm=3111MB
RSS_SAMPLE t=1887.2s rss=3111MB hwm=3111MB
RSS_SAMPLE t=1887.5s rss=3111MB hwm=3111MB
RSS_SAMPLE t=1887.7s rss=3111MB hwm=3111MB
RSS_SAMPLE t=1888.0s rss=3111MB hwm=3111MB
RSS_SAMPLE t=1888.2s rss=3111MB hwm=3111MB
RSS_SAMPLE t=1888.5s rss=3111MB hwm=3111MB
RSS_SAMPLE t=1888.7s rss=3111MB hwm=3111MB
RSS_SAMPLE t=1889.0s rss=3111MB hwm=3111MB
RSS_SAMPLE t=1889.2s rss=3111MB hwm=3111MB
RSS_SAMPLE t=1889.5s rss=3111MB hwm=3111MB
RSS_SAMPLE t=1889.7s rss=3111MB hwm=3111MB
RSS_SAMPLE t=1890.0s rss=3111MB hwm=3111MB
RSS_SAMPLE t=1890.2s rss=3111MB hwm=3111MB
RSS_SAMPLE t=1890.5s rss=3111MB hwm=3111MB
RSS_SAMPLE t=1890.7s rss=3111MB hwm=3111MB
RSS_SAMPLE t=1891.0s rss=3111MB hwm=3111MB
RSS_SAMPLE t=1891.2s rss=3111MB hwm=3111MB
RSS_SAMPLE t=1891.5s rss=3111MB hwm=3111MB
RSS_SAMPLE t=1891.7s rss=3111MB hwm=3111MB
RSS_SAMPLE t=1892.0s rss=3111MB hwm=3111MB
RSS_SAMPLE t=1892.2s rss=3111MB hwm=3111MB
RSS_SAMPLE t=1892.5s rss=3111MB hwm=3111MB
RSS_SAMPLE t=1892.7s rss=3111MB hwm=3111MB
RSS_SAMPLE t=1893.0s rss=3111MB hwm=3111MB
RSS_SAMPLE t=1893.2s rss=3111MB hwm=3111MB
RSS_SAMPLE t=1893.5s rss=3111MB hwm=3111MB
RSS_SAMPLE t=1893.7s rss=3111MB hwm=3111MB
RSS_SAMPLE t=1894.0s rss=3111MB hwm=3111MB
RSS_SAMPLE t=1894.2s rss=3111MB hwm=3111MB
RSS_SAMPLE t=1894.5s rss=3111MB hwm=3111MB
RSS_SAMPLE t=1894.7s rss=3111MB hwm=3111MB
RSS_SAMPLE t=1895.0s rss=3111MB hwm=3111MB
RSS_SAMPLE t=1895.2s rss=3111MB hwm=3111MB
RSS_SAMPLE t=1895.5s rss=3111MB hwm=3111MB
RSS_SAMPLE t=1895.7s rss=3111MB hwm=3111MB
RSS_SAMPLE t=1896.0s rss=3112MB hwm=3112MB
RSS_SAMPLE t=1896.2s rss=3112MB hwm=3112MB
RSS_SAMPLE t=1896.5s rss=3112MB hwm=3112MB
RSS_SAMPLE t=1896.7s rss=3112MB hwm=3112MB
RSS_SAMPLE t=1897.0s rss=3112MB hwm=3112MB
RSS_SAMPLE t=1897.2s rss=3112MB hwm=3112MB
RSS_SAMPLE t=1897.5s rss=3112MB hwm=3112MB
RSS_SAMPLE t=1897.7s rss=3112MB hwm=3112MB
RSS_SAMPLE t=1898.0s rss=3112MB hwm=3112MB
RSS_SAMPLE t=1898.2s rss=3112MB hwm=3112MB
RSS_SAMPLE t=1898.5s rss=3112MB hwm=3112MB
RSS_SAMPLE t=1898.7s rss=3112MB hwm=3112MB
RSS_SAMPLE t=1899.0s rss=3112MB hwm=3112MB
RSS_SAMPLE t=1899.2s rss=3112MB hwm=3112MB
RSS_SAMPLE t=1899.5s rss=3112MB hwm=3112MB
RSS_SAMPLE t=1899.7s rss=3112MB hwm=3112MB
RSS_SAMPLE t=1900.0s rss=3112MB hwm=3112MB
RSS_SAMPLE t=1900.2s rss=3112MB hwm=3112MB
RSS_SAMPLE t=1900.5s rss=3112MB hwm=3112MB
RSS_SAMPLE t=1900.7s rss=3112MB hwm=3112MB
RSS_SAMPLE t=1901.0s rss=3112MB hwm=3112MB
RSS_SAMPLE t=1901.2s rss=3112MB hwm=3112MB
RSS_SAMPLE t=1901.5s rss=3112MB hwm=3112MB
RSS_SAMPLE t=1901.7s rss=3112MB hwm=3112MB
RSS_SAMPLE t=1902.0s rss=3112MB hwm=3112MB
RSS_SAMPLE t=1902.2s rss=3112MB hwm=3112MB
RSS_SAMPLE t=1902.5s rss=3112MB hwm=3112MB
RSS_SAMPLE t=1902.7s rss=3112MB hwm=3112MB
RSS_SAMPLE t=1903.0s rss=3112MB hwm=3112MB
RSS_SAMPLE t=1903.2s rss=3112MB hwm=3112MB
RSS_SAMPLE t=1903.5s rss=3112MB hwm=3112MB
RSS_SAMPLE t=1903.7s rss=3112MB hwm=3112MB
RSS_SAMPLE t=1904.0s rss=3112MB hwm=3112MB
RSS_SAMPLE t=1904.2s rss=3112MB hwm=3112MB
RSS_SAMPLE t=1904.5s rss=3112MB hwm=3112MB
RSS_SAMPLE t=1904.7s rss=3112MB hwm=3112MB
RSS_SAMPLE t=1905.0s rss=3112MB hwm=3112MB
RSS_SAMPLE t=1905.2s rss=3113MB hwm=3113MB
RSS_SAMPLE t=1905.5s rss=3113MB hwm=3113MB
RSS_SAMPLE t=1905.7s rss=3113MB hwm=3113MB
RSS_SAMPLE t=1906.0s rss=3113MB hwm=3113MB
RSS_SAMPLE t=1906.2s rss=3113MB hwm=3113MB
RSS_SAMPLE t=1906.5s rss=3113MB hwm=3113MB
RSS_SAMPLE t=1906.7s rss=3113MB hwm=3113MB
RSS_SAMPLE t=1907.0s rss=3113MB hwm=3113MB
RSS_SAMPLE t=1907.2s rss=3113MB hwm=3113MB
RSS_SAMPLE t=1907.5s rss=3113MB hwm=3113MB
RSS_SAMPLE t=1907.7s rss=3113MB hwm=3113MB
RSS_SAMPLE t=1908.0s rss=3113MB hwm=3113MB
RSS_SAMPLE t=1908.2s rss=3113MB hwm=3113MB
RSS_SAMPLE t=1908.5s rss=3113MB hwm=3113MB
RSS_SAMPLE t=1908.7s rss=3113MB hwm=3113MB
RSS_SAMPLE t=1909.0s rss=3113MB hwm=3113MB
RSS_SAMPLE t=1909.2s rss=3113MB hwm=3113MB
RSS_SAMPLE t=1909.5s rss=3113MB hwm=3113MB
RSS_SAMPLE t=1909.7s rss=3113MB hwm=3113MB
RSS_SAMPLE t=1910.0s rss=3113MB hwm=3113MB
RSS_SAMPLE t=1910.2s rss=3113MB hwm=3113MB
RSS_SAMPLE t=1910.5s rss=3113MB hwm=3113MB
RSS_SAMPLE t=1910.7s rss=3113MB hwm=3113MB
RSS_SAMPLE t=1911.0s rss=3113MB hwm=3113MB
RSS_SAMPLE t=1911.2s rss=3113MB hwm=3113MB
RSS_SAMPLE t=1911.5s rss=3114MB hwm=3114MB
RSS_SAMPLE t=1911.7s rss=3114MB hwm=3114MB
RSS_SAMPLE t=1912.0s rss=3114MB hwm=3114MB
RSS_SAMPLE t=1912.2s rss=3114MB hwm=3114MB
RSS_SAMPLE t=1912.5s rss=3114MB hwm=3114MB
RSS_SAMPLE t=1912.7s rss=3114MB hwm=3114MB
RSS_SAMPLE t=1913.0s rss=3114MB hwm=3114MB
RSS_SAMPLE t=1913.2s rss=3114MB hwm=3114MB
RSS_SAMPLE t=1913.5s rss=3114MB hwm=3114MB
RSS_SAMPLE t=1913.7s rss=3114MB hwm=3114MB
RSS_SAMPLE t=1914.0s rss=3114MB hwm=3114MB
RSS_SAMPLE t=1914.2s rss=3114MB hwm=3114MB
RSS_SAMPLE t=1914.5s rss=3114MB hwm=3114MB
RSS_SAMPLE t=1914.7s rss=3114MB hwm=3114MB
RSS_SAMPLE t=1915.0s rss=3114MB hwm=3114MB
RSS_SAMPLE t=1915.2s rss=3114MB hwm=3114MB
RSS_SAMPLE t=1915.5s rss=3114MB hwm=3114MB
RSS_SAMPLE t=1915.7s rss=3114MB hwm=3114MB
RSS_SAMPLE t=1916.0s rss=3114MB hwm=3114MB
RSS_SAMPLE t=1916.2s rss=3114MB hwm=3114MB
RSS_SAMPLE t=1916.5s rss=3114MB hwm=3114MB
RSS_SAMPLE t=1916.7s rss=3114MB hwm=3114MB
RSS_SAMPLE t=1917.0s rss=3114MB hwm=3114MB
RSS_SAMPLE t=1917.2s rss=3114MB hwm=3114MB
RSS_SAMPLE t=1917.5s rss=3114MB hwm=3114MB
RSS_SAMPLE t=1917.7s rss=3114MB hwm=3114MB
RSS_SAMPLE t=1918.0s rss=3115MB hwm=3115MB
RSS_SAMPLE t=1918.2s rss=3115MB hwm=3115MB
RSS_SAMPLE t=1918.5s rss=3115MB hwm=3115MB
RSS_SAMPLE t=1918.7s rss=3115MB hwm=3115MB
RSS_SAMPLE t=1919.0s rss=3115MB hwm=3115MB
RSS_SAMPLE t=1919.2s rss=3115MB hwm=3115MB
RSS_SAMPLE t=1919.5s rss=3115MB hwm=3115MB
RSS_SAMPLE t=1919.7s rss=3115MB hwm=3115MB
RSS_SAMPLE t=1920.0s rss=3115MB hwm=3115MB
RSS_SAMPLE t=1920.2s rss=3115MB hwm=3115MB
RSS_SAMPLE t=1920.5s rss=3115MB hwm=3115MB
RSS_SAMPLE t=1920.7s rss=3115MB hwm=3115MB
RSS_SAMPLE t=1921.0s rss=3115MB hwm=3115MB
RSS_SAMPLE t=1921.2s rss=3115MB hwm=3115MB
RSS_SAMPLE t=1921.5s rss=3115MB hwm=3115MB
RSS_SAMPLE t=1921.7s rss=3115MB hwm=3115MB
RSS_SAMPLE t=1922.0s rss=3115MB hwm=3115MB
RSS_SAMPLE t=1922.2s rss=3115MB hwm=3115MB
RSS_SAMPLE t=1922.5s rss=3116MB hwm=3116MB
RSS_SAMPLE t=1922.7s rss=3116MB hwm=3116MB
RSS_SAMPLE t=1923.0s rss=3116MB hwm=3116MB
RSS_SAMPLE t=1923.2s rss=3116MB hwm=3116MB
RSS_SAMPLE t=1923.5s rss=3116MB hwm=3116MB
RSS_SAMPLE t=1923.7s rss=3116MB hwm=3116MB
RSS_SAMPLE t=1924.0s rss=3116MB hwm=3116MB
RSS_SAMPLE t=1924.2s rss=3116MB hwm=3116MB
RSS_SAMPLE t=1924.5s rss=3116MB hwm=3116MB
RSS_SAMPLE t=1924.7s rss=3116MB hwm=3116MB
RSS_SAMPLE t=1925.0s rss=3116MB hwm=3116MB
RSS_SAMPLE t=1925.2s rss=3116MB hwm=3116MB
RSS_SAMPLE t=1925.5s rss=3116MB hwm=3116MB
RSS_SAMPLE t=1925.7s rss=3116MB hwm=3116MB
RSS_SAMPLE t=1926.0s rss=3116MB hwm=3116MB
RSS_SAMPLE t=1926.2s rss=3116MB hwm=3116MB
RSS_SAMPLE t=1926.5s rss=3116MB hwm=3116MB
RSS_SAMPLE t=1926.7s rss=3116MB hwm=3116MB
RSS_SAMPLE t=1927.0s rss=3116MB hwm=3116MB
RSS_SAMPLE t=1927.2s rss=3116MB hwm=3116MB
RSS_SAMPLE t=1927.5s rss=3117MB hwm=3117MB
RSS_SAMPLE t=1927.7s rss=3117MB hwm=3117MB
RSS_SAMPLE t=1928.0s rss=3117MB hwm=3117MB
RSS_SAMPLE t=1928.2s rss=3117MB hwm=3117MB
RSS_SAMPLE t=1928.5s rss=3117MB hwm=3117MB
RSS_SAMPLE t=1928.7s rss=3117MB hwm=3117MB
RSS_SAMPLE t=1929.0s rss=3117MB hwm=3117MB
RSS_SAMPLE t=1929.2s rss=3117MB hwm=3117MB
RSS_SAMPLE t=1929.5s rss=3117MB hwm=3117MB
RSS_SAMPLE t=1929.7s rss=3117MB hwm=3117MB
RSS_SAMPLE t=1930.0s rss=3117MB hwm=3117MB
RSS_SAMPLE t=1930.2s rss=3117MB hwm=3117MB
RSS_SAMPLE t=1930.5s rss=3117MB hwm=3117MB
RSS_SAMPLE t=1930.7s rss=3117MB hwm=3117MB
RSS_SAMPLE t=1931.0s rss=3117MB hwm=3117MB
RSS_SAMPLE t=1931.2s rss=3117MB hwm=3117MB
RSS_SAMPLE t=1931.5s rss=3117MB hwm=3117MB
RSS_SAMPLE t=1931.7s rss=3117MB hwm=3117MB
RSS_SAMPLE t=1932.0s rss=3117MB hwm=3117MB
RSS_SAMPLE t=1932.2s rss=3117MB hwm=3117MB
RSS_SAMPLE t=1932.5s rss=3118MB hwm=3118MB
RSS_SAMPLE t=1932.7s rss=3118MB hwm=3118MB
RSS_SAMPLE t=1933.0s rss=3118MB hwm=3118MB
RSS_SAMPLE t=1933.2s rss=3118MB hwm=3118MB
RSS_SAMPLE t=1933.5s rss=3118MB hwm=3118MB
RSS_SAMPLE t=1933.7s rss=3118MB hwm=3118MB
RSS_SAMPLE t=1934.0s rss=3118MB hwm=3118MB
RSS_SAMPLE t=1934.2s rss=3118MB hwm=3118MB
RSS_SAMPLE t=1934.5s rss=3118MB hwm=3118MB
RSS_SAMPLE t=1934.7s rss=3118MB hwm=3118MB
RSS_SAMPLE t=1935.0s rss=3118MB hwm=3118MB
RSS_SAMPLE t=1935.2s rss=3118MB hwm=3118MB
RSS_SAMPLE t=1935.5s rss=3118MB hwm=3118MB
RSS_SAMPLE t=1935.7s rss=3118MB hwm=3118MB
RSS_SAMPLE t=1936.0s rss=3118MB hwm=3118MB
RSS_SAMPLE t=1936.2s rss=3118MB hwm=3118MB
RSS_SAMPLE t=1936.5s rss=3118MB hwm=3118MB
RSS_SAMPLE t=1936.7s rss=3118MB hwm=3118MB
RSS_SAMPLE t=1937.0s rss=3118MB hwm=3118MB
RSS_SAMPLE t=1937.2s rss=3118MB hwm=3118MB
RSS_SAMPLE t=1937.5s rss=3118MB hwm=3118MB
RSS_SAMPLE t=1937.7s rss=3118MB hwm=3118MB
RSS_SAMPLE t=1938.0s rss=3119MB hwm=3119MB
RSS_SAMPLE t=1938.2s rss=3119MB hwm=3119MB
RSS_SAMPLE t=1938.5s rss=3119MB hwm=3119MB
RSS_SAMPLE t=1938.7s rss=3119MB hwm=3119MB
RSS_SAMPLE t=1939.0s rss=3119MB hwm=3119MB
RSS_SAMPLE t=1939.2s rss=3119MB hwm=3119MB
RSS_SAMPLE t=1939.5s rss=3119MB hwm=3119MB
RSS_SAMPLE t=1939.7s rss=3119MB hwm=3119MB
RSS_SAMPLE t=1940.0s rss=3119MB hwm=3119MB
RSS_SAMPLE t=1940.2s rss=3119MB hwm=3119MB
RSS_SAMPLE t=1940.5s rss=3119MB hwm=3119MB
RSS_SAMPLE t=1940.7s rss=3119MB hwm=3119MB
RSS_SAMPLE t=1941.0s rss=3119MB hwm=3119MB
RSS_SAMPLE t=1941.2s rss=3119MB hwm=3119MB
RSS_SAMPLE t=1941.5s rss=3119MB hwm=3119MB
RSS_SAMPLE t=1941.7s rss=3119MB hwm=3119MB
RSS_SAMPLE t=1942.0s rss=3119MB hwm=3119MB
RSS_SAMPLE t=1942.2s rss=3119MB hwm=3119MB
RSS_SAMPLE t=1942.5s rss=3119MB hwm=3119MB
RSS_SAMPLE t=1942.7s rss=3119MB hwm=3119MB
RSS_SAMPLE t=1943.0s rss=3119MB hwm=3119MB
RSS_SAMPLE t=1943.2s rss=3119MB hwm=3119MB
RSS_SAMPLE t=1943.5s rss=3119MB hwm=3119MB
RSS_SAMPLE t=1943.7s rss=3119MB hwm=3119MB
RSS_SAMPLE t=1944.0s rss=3119MB hwm=3119MB
RSS_SAMPLE t=1944.2s rss=3119MB hwm=3119MB
RSS_SAMPLE t=1944.5s rss=3119MB hwm=3119MB
RSS_SAMPLE t=1944.7s rss=3119MB hwm=3119MB
RSS_SAMPLE t=1945.0s rss=3119MB hwm=3119MB
RSS_SAMPLE t=1945.2s rss=3119MB hwm=3119MB
RSS_SAMPLE t=1945.5s rss=3119MB hwm=3119MB
RSS_SAMPLE t=1945.7s rss=3119MB hwm=3119MB
RSS_SAMPLE t=1946.0s rss=3119MB hwm=3119MB
RSS_SAMPLE t=1946.2s rss=3119MB hwm=3119MB
RSS_SAMPLE t=1946.5s rss=3119MB hwm=3119MB
RSS_SAMPLE t=1946.7s rss=3119MB hwm=3119MB
RSS_SAMPLE t=1947.0s rss=3119MB hwm=3119MB
RSS_SAMPLE t=1947.2s rss=3119MB hwm=3119MB
RSS_SAMPLE t=1947.5s rss=3119MB hwm=3119MB
RSS_SAMPLE t=1947.7s rss=3119MB hwm=3119MB
RSS_SAMPLE t=1948.0s rss=3119MB hwm=3119MB
RSS_SAMPLE t=1948.2s rss=3119MB hwm=3119MB
RSS_SAMPLE t=1948.5s rss=3119MB hwm=3119MB
RSS_SAMPLE t=1948.8s rss=3119MB hwm=3119MB
RSS_SAMPLE t=1949.0s rss=3119MB hwm=3119MB
RSS_SAMPLE t=1949.3s rss=3119MB hwm=3119MB
RSS_SAMPLE t=1949.5s rss=3119MB hwm=3119MB
RSS_SAMPLE t=1949.8s rss=3119MB hwm=3119MB
RSS_SAMPLE t=1950.0s rss=3119MB hwm=3119MB
RSS_SAMPLE t=1950.3s rss=3119MB hwm=3119MB
RSS_SAMPLE t=1950.5s rss=3119MB hwm=3119MB
RSS_SAMPLE t=1950.8s rss=3119MB hwm=3119MB
RSS_SAMPLE t=1951.0s rss=3119MB hwm=3119MB
RSS_SAMPLE t=1951.3s rss=3119MB hwm=3119MB
RSS_SAMPLE t=1951.5s rss=3120MB hwm=3120MB
RSS_SAMPLE t=1951.8s rss=3120MB hwm=3120MB
RSS_SAMPLE t=1952.0s rss=3120MB hwm=3120MB
RSS_SAMPLE t=1952.3s rss=3120MB hwm=3120MB
RSS_SAMPLE t=1952.5s rss=3120MB hwm=3120MB
RSS_SAMPLE t=1952.8s rss=3120MB hwm=3120MB
RSS_SAMPLE t=1953.0s rss=3120MB hwm=3120MB
RSS_SAMPLE t=1953.3s rss=3121MB hwm=3121MB
RSS_SAMPLE t=1953.5s rss=3121MB hwm=3121MB
RSS_SAMPLE t=1953.8s rss=3121MB hwm=3121MB
RSS_SAMPLE t=1954.0s rss=3121MB hwm=3121MB
RSS_SAMPLE t=1954.3s rss=3121MB hwm=3121MB
RSS_SAMPLE t=1954.5s rss=3121MB hwm=3121MB
RSS_SAMPLE t=1954.8s rss=3121MB hwm=3121MB
RSS_SAMPLE t=1955.0s rss=3121MB hwm=3121MB
RSS_SAMPLE t=1955.3s rss=3121MB hwm=3121MB
RSS_SAMPLE t=1955.5s rss=3121MB hwm=3121MB
RSS_SAMPLE t=1955.8s rss=3121MB hwm=3121MB
RSS_SAMPLE t=1956.0s rss=3121MB hwm=3121MB
RSS_SAMPLE t=1956.3s rss=3121MB hwm=3121MB
RSS_SAMPLE t=1956.5s rss=3121MB hwm=3121MB
RSS_SAMPLE t=1956.8s rss=3121MB hwm=3121MB
RSS_SAMPLE t=1957.0s rss=3121MB hwm=3121MB
RSS_SAMPLE t=1957.3s rss=3121MB hwm=3121MB
RSS_SAMPLE t=1957.5s rss=3121MB hwm=3121MB
RSS_SAMPLE t=1957.8s rss=3122MB hwm=3122MB
RSS_SAMPLE t=1958.0s rss=3122MB hwm=3122MB
RSS_SAMPLE t=1958.3s rss=3122MB hwm=3122MB
RSS_SAMPLE t=1958.5s rss=3122MB hwm=3122MB
RSS_SAMPLE t=1958.8s rss=3122MB hwm=3122MB
RSS_SAMPLE t=1959.0s rss=3122MB hwm=3122MB
RSS_SAMPLE t=1959.3s rss=3122MB hwm=3122MB
RSS_SAMPLE t=1959.5s rss=3122MB hwm=3122MB
RSS_SAMPLE t=1959.8s rss=3122MB hwm=3122MB
RSS_SAMPLE t=1960.0s rss=3122MB hwm=3122MB
RSS_SAMPLE t=1960.3s rss=3122MB hwm=3122MB
RSS_SAMPLE t=1960.5s rss=3122MB hwm=3122MB
RSS_SAMPLE t=1960.8s rss=3122MB hwm=3122MB
RSS_SAMPLE t=1961.0s rss=3122MB hwm=3122MB
RSS_SAMPLE t=1961.3s rss=3122MB hwm=3122MB
RSS_SAMPLE t=1961.5s rss=3122MB hwm=3122MB
RSS_SAMPLE t=1961.8s rss=3122MB hwm=3122MB
RSS_SAMPLE t=1962.0s rss=3122MB hwm=3122MB
RSS_SAMPLE t=1962.3s rss=3122MB hwm=3122MB
RSS_SAMPLE t=1962.5s rss=3122MB hwm=3122MB
RSS_SAMPLE t=1962.8s rss=3122MB hwm=3122MB
RSS_SAMPLE t=1963.0s rss=3122MB hwm=3122MB
RSS_SAMPLE t=1963.3s rss=3122MB hwm=3122MB
RSS_SAMPLE t=1963.5s rss=3122MB hwm=3122MB
RSS_SAMPLE t=1963.8s rss=3122MB hwm=3122MB
RSS_SAMPLE t=1964.0s rss=3122MB hwm=3122MB
RSS_SAMPLE t=1964.3s rss=3122MB hwm=3122MB
RSS_SAMPLE t=1964.5s rss=3122MB hwm=3122MB
RSS_SAMPLE t=1964.8s rss=3122MB hwm=3122MB
RSS_SAMPLE t=1965.0s rss=3122MB hwm=3122MB
RSS_SAMPLE t=1965.3s rss=3122MB hwm=3122MB
RSS_SAMPLE t=1965.5s rss=3122MB hwm=3122MB
RSS_SAMPLE t=1965.8s rss=3122MB hwm=3122MB
RSS_SAMPLE t=1966.0s rss=3122MB hwm=3122MB
RSS_SAMPLE t=1966.3s rss=3122MB hwm=3122MB
RSS_SAMPLE t=1966.5s rss=3122MB hwm=3122MB
RSS_SAMPLE t=1966.8s rss=3122MB hwm=3122MB
RSS_SAMPLE t=1967.0s rss=3122MB hwm=3122MB
RSS_SAMPLE t=1967.3s rss=3122MB hwm=3122MB
RSS_SAMPLE t=1967.5s rss=3122MB hwm=3122MB
RSS_SAMPLE t=1967.8s rss=3122MB hwm=3122MB
RSS_SAMPLE t=1968.0s rss=3122MB hwm=3122MB
RSS_SAMPLE t=1968.3s rss=3122MB hwm=3122MB
RSS_SAMPLE t=1968.5s rss=3122MB hwm=3122MB
RSS_SAMPLE t=1968.8s rss=3122MB hwm=3122MB
RSS_SAMPLE t=1969.0s rss=3122MB hwm=3122MB
RSS_SAMPLE t=1969.3s rss=3122MB hwm=3122MB
RSS_SAMPLE t=1969.5s rss=3122MB hwm=3122MB
RSS_SAMPLE t=1969.8s rss=3122MB hwm=3122MB
RSS_SAMPLE t=1970.0s rss=3122MB hwm=3122MB
RSS_SAMPLE t=1970.3s rss=3122MB hwm=3122MB
RSS_SAMPLE t=1970.5s rss=3122MB hwm=3122MB
RSS_SAMPLE t=1970.8s rss=3122MB hwm=3122MB
RSS_SAMPLE t=1971.0s rss=3122MB hwm=3122MB
RSS_SAMPLE t=1971.3s rss=3122MB hwm=3122MB
RSS_SAMPLE t=1971.5s rss=3122MB hwm=3122MB
RSS_SAMPLE t=1971.8s rss=3122MB hwm=3122MB
RSS_SAMPLE t=1972.0s rss=3122MB hwm=3122MB
RSS_SAMPLE t=1972.3s rss=3122MB hwm=3122MB
RSS_SAMPLE t=1972.5s rss=3122MB hwm=3122MB
RSS_SAMPLE t=1972.8s rss=3122MB hwm=3122MB
RSS_SAMPLE t=1973.0s rss=3122MB hwm=3122MB
RSS_SAMPLE t=1973.3s rss=3122MB hwm=3122MB
RSS_SAMPLE t=1973.5s rss=3122MB hwm=3122MB
RSS_SAMPLE t=1973.8s rss=3122MB hwm=3122MB
RSS_SAMPLE t=1974.0s rss=3122MB hwm=3122MB
RSS_SAMPLE t=1974.3s rss=3122MB hwm=3122MB
RSS_SAMPLE t=1974.5s rss=3123MB hwm=3123MB
RSS_SAMPLE t=1974.8s rss=3123MB hwm=3123MB
RSS_SAMPLE t=1975.0s rss=3123MB hwm=3123MB
RSS_SAMPLE t=1975.3s rss=3123MB hwm=3123MB
RSS_SAMPLE t=1975.5s rss=3123MB hwm=3123MB
RSS_SAMPLE t=1975.8s rss=3123MB hwm=3123MB
RSS_SAMPLE t=1976.0s rss=3123MB hwm=3123MB
RSS_SAMPLE t=1976.3s rss=3123MB hwm=3123MB
RSS_SAMPLE t=1976.5s rss=3123MB hwm=3123MB
RSS_SAMPLE t=1976.8s rss=3123MB hwm=3123MB
RSS_SAMPLE t=1977.0s rss=3123MB hwm=3123MB
RSS_SAMPLE t=1977.3s rss=3123MB hwm=3123MB
RSS_SAMPLE t=1977.5s rss=3123MB hwm=3123MB
RSS_SAMPLE t=1977.8s rss=3123MB hwm=3123MB
RSS_SAMPLE t=1978.0s rss=3123MB hwm=3123MB
RSS_SAMPLE t=1978.3s rss=3123MB hwm=3123MB
RSS_SAMPLE t=1978.5s rss=3123MB hwm=3123MB
RSS_SAMPLE t=1978.8s rss=3123MB hwm=3123MB
RSS_SAMPLE t=1979.0s rss=3123MB hwm=3123MB
RSS_SAMPLE t=1979.3s rss=3123MB hwm=3123MB
RSS_SAMPLE t=1979.5s rss=3123MB hwm=3123MB
RSS_SAMPLE t=1979.8s rss=3123MB hwm=3123MB
RSS_SAMPLE t=1980.0s rss=3123MB hwm=3123MB
RSS_SAMPLE t=1980.3s rss=3123MB hwm=3123MB
RSS_SAMPLE t=1980.5s rss=3123MB hwm=3123MB
RSS_SAMPLE t=1980.8s rss=3123MB hwm=3123MB
RSS_SAMPLE t=1981.0s rss=3123MB hwm=3123MB
RSS_SAMPLE t=1981.3s rss=3123MB hwm=3123MB
RSS_SAMPLE t=1981.5s rss=3123MB hwm=3123MB
RSS_SAMPLE t=1981.8s rss=3123MB hwm=3123MB
RSS_SAMPLE t=1982.0s rss=3123MB hwm=3123MB
RSS_SAMPLE t=1982.3s rss=3123MB hwm=3123MB
RSS_SAMPLE t=1982.5s rss=3123MB hwm=3123MB
RSS_SAMPLE t=1982.8s rss=3123MB hwm=3123MB
RSS_SAMPLE t=1983.0s rss=3123MB hwm=3123MB
RSS_SAMPLE t=1983.3s rss=3123MB hwm=3123MB
RSS_SAMPLE t=1983.5s rss=3123MB hwm=3123MB
RSS_SAMPLE t=1983.8s rss=3123MB hwm=3123MB
RSS_SAMPLE t=1984.0s rss=3124MB hwm=3124MB
RSS_SAMPLE t=1984.3s rss=3124MB hwm=3124MB
RSS_SAMPLE t=1984.5s rss=3124MB hwm=3124MB
RSS_SAMPLE t=1984.8s rss=3124MB hwm=3124MB
RSS_SAMPLE t=1985.0s rss=3124MB hwm=3124MB
RSS_SAMPLE t=1985.3s rss=3124MB hwm=3124MB
RSS_SAMPLE t=1985.5s rss=3124MB hwm=3124MB
RSS_SAMPLE t=1985.8s rss=3124MB hwm=3124MB
RSS_SAMPLE t=1986.0s rss=3124MB hwm=3124MB
RSS_SAMPLE t=1986.3s rss=3124MB hwm=3124MB
RSS_SAMPLE t=1986.5s rss=3124MB hwm=3124MB
RSS_SAMPLE t=1986.8s rss=3124MB hwm=3124MB
RSS_SAMPLE t=1987.0s rss=3124MB hwm=3124MB
RSS_SAMPLE t=1987.3s rss=3124MB hwm=3124MB
RSS_SAMPLE t=1987.5s rss=3124MB hwm=3124MB
RSS_SAMPLE t=1987.8s rss=3124MB hwm=3124MB
RSS_SAMPLE t=1988.0s rss=3124MB hwm=3124MB
RSS_SAMPLE t=1988.3s rss=3124MB hwm=3124MB
RSS_SAMPLE t=1988.5s rss=3124MB hwm=3124MB
RSS_SAMPLE t=1988.8s rss=3124MB hwm=3124MB
RSS_SAMPLE t=1989.0s rss=3124MB hwm=3124MB
RSS_SAMPLE t=1989.3s rss=3124MB hwm=3124MB
RSS_SAMPLE t=1989.5s rss=3124MB hwm=3124MB
RSS_SAMPLE t=1989.8s rss=3124MB hwm=3124MB
RSS_SAMPLE t=1990.0s rss=3124MB hwm=3124MB
RSS_SAMPLE t=1990.3s rss=3124MB hwm=3124MB
RSS_SAMPLE t=1990.5s rss=3124MB hwm=3124MB
RSS_SAMPLE t=1990.8s rss=3124MB hwm=3124MB
RSS_SAMPLE t=1991.0s rss=3124MB hwm=3124MB
RSS_SAMPLE t=1991.3s rss=3124MB hwm=3124MB
RSS_SAMPLE t=1991.5s rss=3124MB hwm=3124MB
RSS_SAMPLE t=1991.8s rss=3124MB hwm=3124MB
RSS_SAMPLE t=1992.0s rss=3124MB hwm=3124MB
RSS_SAMPLE t=1992.3s rss=3124MB hwm=3124MB
RSS_SAMPLE t=1992.5s rss=3124MB hwm=3124MB
RSS_SAMPLE t=1992.8s rss=3124MB hwm=3124MB
RSS_SAMPLE t=1993.0s rss=3124MB hwm=3124MB
RSS_SAMPLE t=1993.3s rss=3124MB hwm=3124MB
RSS_SAMPLE t=1993.5s rss=3124MB hwm=3124MB
RSS_SAMPLE t=1993.8s rss=3124MB hwm=3124MB
RSS_SAMPLE t=1994.0s rss=3124MB hwm=3124MB
RSS_SAMPLE t=1994.3s rss=3124MB hwm=3124MB
RSS_SAMPLE t=1994.5s rss=3124MB hwm=3124MB
RSS_SAMPLE t=1994.8s rss=3124MB hwm=3124MB
RSS_SAMPLE t=1995.0s rss=3124MB hwm=3124MB
RSS_SAMPLE t=1995.3s rss=3124MB hwm=3124MB
RSS_SAMPLE t=1995.5s rss=3124MB hwm=3124MB
RSS_SAMPLE t=1995.8s rss=3124MB hwm=3124MB
RSS_SAMPLE t=1996.0s rss=3124MB hwm=3124MB
RSS_SAMPLE t=1996.3s rss=3124MB hwm=3124MB
RSS_SAMPLE t=1996.5s rss=3124MB hwm=3124MB
RSS_SAMPLE t=1996.8s rss=3124MB hwm=3124MB
RSS_SAMPLE t=1997.0s rss=3124MB hwm=3124MB
RSS_SAMPLE t=1997.3s rss=3124MB hwm=3124MB
RSS_SAMPLE t=1997.5s rss=3124MB hwm=3124MB
RSS_SAMPLE t=1997.8s rss=3124MB hwm=3124MB
RSS_SAMPLE t=1998.0s rss=3124MB hwm=3124MB
RSS_SAMPLE t=1998.3s rss=3124MB hwm=3124MB
RSS_SAMPLE t=1998.5s rss=3124MB hwm=3124MB
RSS_SAMPLE t=1998.8s rss=3124MB hwm=3124MB
RSS_SAMPLE t=1999.0s rss=3124MB hwm=3124MB
RSS_SAMPLE t=1999.3s rss=3124MB hwm=3124MB
RSS_SAMPLE t=1999.5s rss=3124MB hwm=3124MB
RSS_SAMPLE t=1999.8s rss=3124MB hwm=3124MB
RSS_SAMPLE t=2000.0s rss=3124MB hwm=3124MB
RSS_SAMPLE t=2000.3s rss=3124MB hwm=3124MB
RSS_SAMPLE t=2000.5s rss=3124MB hwm=3124MB
RSS_SAMPLE t=2000.8s rss=3124MB hwm=3124MB
RSS_SAMPLE t=2001.0s rss=3124MB hwm=3124MB
RSS_SAMPLE t=2001.3s rss=3124MB hwm=3124MB
RSS_SAMPLE t=2001.5s rss=3124MB hwm=3124MB
RSS_SAMPLE t=2001.8s rss=3124MB hwm=3124MB
RSS_SAMPLE t=2002.0s rss=3124MB hwm=3124MB
RSS_SAMPLE t=2002.3s rss=3124MB hwm=3124MB
RSS_SAMPLE t=2002.5s rss=3124MB hwm=3124MB
RSS_SAMPLE t=2002.8s rss=3124MB hwm=3124MB
RSS_SAMPLE t=2003.0s rss=3124MB hwm=3124MB
RSS_SAMPLE t=2003.3s rss=3124MB hwm=3124MB
RSS_SAMPLE t=2003.5s rss=3124MB hwm=3124MB
RSS_SAMPLE t=2003.8s rss=3124MB hwm=3124MB
RSS_SAMPLE t=2004.0s rss=3124MB hwm=3124MB
RSS_SAMPLE t=2004.3s rss=3124MB hwm=3124MB
RSS_SAMPLE t=2004.5s rss=3124MB hwm=3124MB
RSS_SAMPLE t=2004.8s rss=3124MB hwm=3124MB
RSS_SAMPLE t=2005.0s rss=3124MB hwm=3124MB
RSS_SAMPLE t=2005.3s rss=3124MB hwm=3124MB
RSS_SAMPLE t=2005.5s rss=3124MB hwm=3124MB
RSS_SAMPLE t=2005.8s rss=3124MB hwm=3124MB
RSS_SAMPLE t=2006.0s rss=3124MB hwm=3124MB
RSS_SAMPLE t=2006.3s rss=3124MB hwm=3124MB
RSS_SAMPLE t=2006.5s rss=3124MB hwm=3124MB
RSS_SAMPLE t=2006.8s rss=3124MB hwm=3124MB
RSS_SAMPLE t=2007.0s rss=3124MB hwm=3124MB
RSS_SAMPLE t=2007.3s rss=3124MB hwm=3124MB
RSS_SAMPLE t=2007.5s rss=3124MB hwm=3124MB
RSS_SAMPLE t=2007.8s rss=3124MB hwm=3124MB
RSS_SAMPLE t=2008.0s rss=3124MB hwm=3124MB
RSS_SAMPLE t=2008.3s rss=3124MB hwm=3124MB
RSS_SAMPLE t=2008.5s rss=3124MB hwm=3124MB
RSS_SAMPLE t=2008.8s rss=3124MB hwm=3124MB
RSS_SAMPLE t=2009.0s rss=3124MB hwm=3124MB
RSS_SAMPLE t=2009.3s rss=3124MB hwm=3124MB
RSS_SAMPLE t=2009.5s rss=3124MB hwm=3124MB
RSS_SAMPLE t=2009.8s rss=3124MB hwm=3124MB
RSS_SAMPLE t=2010.0s rss=3124MB hwm=3124MB
RSS_SAMPLE t=2010.3s rss=3124MB hwm=3124MB
RSS_SAMPLE t=2010.5s rss=3124MB hwm=3124MB
RSS_SAMPLE t=2010.8s rss=3124MB hwm=3124MB
RSS_SAMPLE t=2011.0s rss=3124MB hwm=3124MB
RSS_SAMPLE t=2011.3s rss=3124MB hwm=3124MB
RSS_SAMPLE t=2011.5s rss=3124MB hwm=3124MB
RSS_SAMPLE t=2011.8s rss=3124MB hwm=3124MB
RSS_SAMPLE t=2012.0s rss=3124MB hwm=3124MB
RSS_SAMPLE t=2012.3s rss=3124MB hwm=3124MB
RSS_SAMPLE t=2012.5s rss=3124MB hwm=3124MB
RSS_SAMPLE t=2012.8s rss=3124MB hwm=3124MB
RSS_SAMPLE t=2013.0s rss=3124MB hwm=3124MB
RSS_SAMPLE t=2013.3s rss=3124MB hwm=3124MB
RSS_SAMPLE t=2013.5s rss=3124MB hwm=3124MB
RSS_SAMPLE t=2013.8s rss=3124MB hwm=3124MB
RSS_SAMPLE t=2014.0s rss=3124MB hwm=3124MB
RSS_SAMPLE t=2014.3s rss=3124MB hwm=3124MB
RSS_SAMPLE t=2014.5s rss=3124MB hwm=3124MB
RSS_SAMPLE t=2014.8s rss=3124MB hwm=3124MB
RSS_SAMPLE t=2015.0s rss=3124MB hwm=3124MB
RSS_SAMPLE t=2015.3s rss=3125MB hwm=3125MB
RSS_SAMPLE t=2015.5s rss=3125MB hwm=3125MB
RSS_SAMPLE t=2015.8s rss=3125MB hwm=3125MB
RSS_SAMPLE t=2016.0s rss=3125MB hwm=3125MB
RSS_SAMPLE t=2016.3s rss=3125MB hwm=3125MB
RSS_SAMPLE t=2016.5s rss=3125MB hwm=3125MB
RSS_SAMPLE t=2016.8s rss=3125MB hwm=3125MB
RSS_SAMPLE t=2017.0s rss=3125MB hwm=3125MB
RSS_SAMPLE t=2017.3s rss=3125MB hwm=3125MB
RSS_SAMPLE t=2017.5s rss=3125MB hwm=3125MB
RSS_SAMPLE t=2017.8s rss=3125MB hwm=3125MB
RSS_SAMPLE t=2018.0s rss=3125MB hwm=3125MB
RSS_SAMPLE t=2018.3s rss=3125MB hwm=3125MB
RSS_SAMPLE t=2018.5s rss=3125MB hwm=3125MB
RSS_SAMPLE t=2018.8s rss=3125MB hwm=3125MB
RSS_SAMPLE t=2019.0s rss=3125MB hwm=3125MB
RSS_SAMPLE t=2019.3s rss=3125MB hwm=3125MB
RSS_SAMPLE t=2019.5s rss=3125MB hwm=3125MB
RSS_SAMPLE t=2019.8s rss=3125MB hwm=3125MB
RSS_SAMPLE t=2020.0s rss=3125MB hwm=3125MB
RSS_SAMPLE t=2020.3s rss=3125MB hwm=3125MB
RSS_SAMPLE t=2020.5s rss=3125MB hwm=3125MB
RSS_SAMPLE t=2020.8s rss=3125MB hwm=3125MB
RSS_SAMPLE t=2021.0s rss=3125MB hwm=3125MB
RSS_SAMPLE t=2021.3s rss=3125MB hwm=3125MB
RSS_SAMPLE t=2021.5s rss=3125MB hwm=3125MB
RSS_SAMPLE t=2021.8s rss=3125MB hwm=3125MB
RSS_SAMPLE t=2022.0s rss=3125MB hwm=3125MB
RSS_SAMPLE t=2022.3s rss=3125MB hwm=3125MB
RSS_SAMPLE t=2022.5s rss=3125MB hwm=3125MB
RSS_SAMPLE t=2022.8s rss=3125MB hwm=3125MB
RSS_SAMPLE t=2023.0s rss=3125MB hwm=3125MB
RSS_SAMPLE t=2023.3s rss=3125MB hwm=3125MB
RSS_SAMPLE t=2023.5s rss=3125MB hwm=3125MB
RSS_SAMPLE t=2023.8s rss=3125MB hwm=3125MB
RSS_SAMPLE t=2024.0s rss=3125MB hwm=3125MB
RSS_SAMPLE t=2024.3s rss=3125MB hwm=3125MB
RSS_SAMPLE t=2024.5s rss=3125MB hwm=3125MB
RSS_SAMPLE t=2024.8s rss=3125MB hwm=3125MB
RSS_SAMPLE t=2025.0s rss=3125MB hwm=3125MB
RSS_SAMPLE t=2025.3s rss=3125MB hwm=3125MB
RSS_SAMPLE t=2025.5s rss=3125MB hwm=3125MB
RSS_SAMPLE t=2025.8s rss=3125MB hwm=3125MB
RSS_SAMPLE t=2026.0s rss=3125MB hwm=3125MB
RSS_SAMPLE t=2026.3s rss=3125MB hwm=3125MB
RSS_SAMPLE t=2026.5s rss=3125MB hwm=3125MB
RSS_SAMPLE t=2026.8s rss=3125MB hwm=3125MB
RSS_SAMPLE t=2027.0s rss=3125MB hwm=3125MB
RSS_SAMPLE t=2027.3s rss=3125MB hwm=3125MB
RSS_SAMPLE t=2027.5s rss=3125MB hwm=3125MB
RSS_SAMPLE t=2027.8s rss=3125MB hwm=3125MB
RSS_SAMPLE t=2028.0s rss=3125MB hwm=3125MB
RSS_SAMPLE t=2028.3s rss=3125MB hwm=3125MB
RSS_SAMPLE t=2028.5s rss=3125MB hwm=3125MB
RSS_SAMPLE t=2028.8s rss=3125MB hwm=3125MB
RSS_SAMPLE t=2029.0s rss=3125MB hwm=3125MB
RSS_SAMPLE t=2029.3s rss=3125MB hwm=3125MB
RSS_SAMPLE t=2029.5s rss=3125MB hwm=3125MB
RSS_SAMPLE t=2029.8s rss=3125MB hwm=3125MB
RSS_SAMPLE t=2030.0s rss=3125MB hwm=3125MB
RSS_SAMPLE t=2030.3s rss=3125MB hwm=3125MB
RSS_SAMPLE t=2030.5s rss=3125MB hwm=3125MB
RSS_SAMPLE t=2030.8s rss=3125MB hwm=3125MB
RSS_SAMPLE t=2031.0s rss=3125MB hwm=3125MB
RSS_SAMPLE t=2031.3s rss=3125MB hwm=3125MB
RSS_SAMPLE t=2031.5s rss=3125MB hwm=3125MB
RSS_SAMPLE t=2031.8s rss=3125MB hwm=3125MB
RSS_SAMPLE t=2032.1s rss=3125MB hwm=3125MB
RSS_SAMPLE t=2032.3s rss=3125MB hwm=3125MB
RSS_SAMPLE t=2032.6s rss=3125MB hwm=3125MB
RSS_SAMPLE t=2032.8s rss=3125MB hwm=3125MB
RSS_SAMPLE t=2033.1s rss=3125MB hwm=3125MB
RSS_SAMPLE t=2033.3s rss=3125MB hwm=3125MB
RSS_SAMPLE t=2033.6s rss=3125MB hwm=3125MB
RSS_SAMPLE t=2033.8s rss=3125MB hwm=3125MB
MEM_POOL: workspaces=8 dense_usage_mb=313 n_pipes=2562403
    post_solve_diag[outer=11]: solves=105117 cap_armed=105117 (100.0%) settle_avg=5636 above_sink_avg=224 (4.0%) settle_max=69353
    settle_hist[outer=11]: <100: 25234nets/0.2%work  <1k: 25809nets/1.6%work  <5k: 24827nets/11.1%work  <20k: 19554nets/35.0%work  <60k: 9509nets/50.2%work  >=60k: 184nets/2.0%work
    fanout_hist[outer=11]: fan1: 43710nets/13.4%work  fan2-4: 48279nets/50.1%work  fan5-16: 12974nets/35.5%work  fan17-64: 154nets/1.0%work  fan65-256: 0nets/0.0%work  fan>256: 0nets/0.0%work
    rss_probe[outer=11]: pre_post_solve=3110MB post_post_solve=3125MB after_apply=3125MB
    E_decomp: base=9218536.1 eff=457407697974414.1 cong=457407688755878.0 cong_share=100.0% sat_pipes=379826 max_util=1884.93  R_buckets: 1-2x=1341189 2-10x=156866 10-100x=267790 >=100x=796558
    E_potential: beckmann=103572124929025.1 history_total=0.0
    SpanCache: epoch=12 entries=1420 lookups=2562403 hits=2560983 misses=1420 hit_rate=99.9%
  DCD  11: nets=105117 line=12207175 energy=1318874037.082 dE=-1573114345.921 friction=8336956.4 bins=2.0x(161) excess=50.5 moved=68232 disp=4.854 solves=105117 skip=105117 pops=592436174 theta=1.416 refresh=155183ms dcd=8579ms total=166701ms
    cache_stats: entries=62834924 capacity=126653100 est_mb=1092 rss_mb=3125
RSS_SAMPLE t=2034.1s rss=3125MB hwm=3125MB
RSS_SAMPLE t=2034.3s rss=3125MB hwm=3125MB
RSS_SAMPLE t=2034.6s rss=3125MB hwm=3125MB
RSS_SAMPLE t=2034.8s rss=3125MB hwm=3125MB
RSS_SAMPLE t=2035.1s rss=3125MB hwm=3125MB
RSS_SAMPLE t=2035.3s rss=3125MB hwm=3125MB
RSS_SAMPLE t=2035.6s rss=3125MB hwm=3125MB
RSS_SAMPLE t=2035.8s rss=3125MB hwm=3125MB
RSS_SAMPLE t=2036.1s rss=3125MB hwm=3125MB
RSS_SAMPLE t=2036.3s rss=3125MB hwm=3125MB
RSS_SAMPLE t=2036.6s rss=3125MB hwm=3125MB
    SwitchMatrix: type_usage_pairs=638 lookups=2188 hits=1550 dijkstra_calls=638 avg_us=13.9 total_ms=8.9
PHASE_MARK outer=12 enter=pre_solve rss=3125MB
    rss_probe[outer=12]: pre_refresh_rss=3125MB post_pre_solve_rss=3125MB cache_entries=62834924 cache_cap=126653100 cache_est_mb=1092
    pre_solve_diag[outer=12]: solves=0 fallback=0 (0.0%) cap_armed=0 (0.0%) settle_avg=0 settle_max=0 init_count=62
    Overflow: over=325959 (12.7% of used) avg_excess=1.55 max_excess=2419.26 (nc=2443.26 cap=24 span=1)  excess_buckets: <=1=207025 1-5=101479 5-20=15894 >20=1561  by_cap: cap1=174791 cap2=147636 cap3-5=0 cap>5=3532  by_span: s1=356 s2-3=499 s4-6=3069 s7-12=141077 s>12=180958  le1_cross: cap1=138319 cap2-5=68069 cap>5=637
    Congestion: pipes=2562403 used=2562403 congested(>50%)=706034 saturated(>90%)=379826 max_util=1884.93 avg_util=0.4630
PHASE_MARK outer=12 enter=dcd_sweep rss=3125MB
RSS_SAMPLE t=2036.8s rss=3125MB hwm=3125MB
RSS_SAMPLE t=2037.1s rss=3125MB hwm=3125MB
RSS_SAMPLE t=2037.3s rss=3125MB hwm=3125MB
RSS_SAMPLE t=2037.6s rss=3125MB hwm=3125MB
RSS_SAMPLE t=2037.8s rss=3125MB hwm=3125MB
RSS_SAMPLE t=2038.1s rss=3125MB hwm=3125MB
RSS_SAMPLE t=2038.3s rss=3125MB hwm=3125MB
RSS_SAMPLE t=2038.6s rss=3125MB hwm=3125MB
RSS_SAMPLE t=2038.8s rss=3125MB hwm=3125MB
RSS_SAMPLE t=2039.1s rss=3125MB hwm=3125MB
RSS_SAMPLE t=2039.3s rss=3125MB hwm=3125MB
RSS_SAMPLE t=2039.6s rss=3125MB hwm=3125MB
RSS_SAMPLE t=2039.8s rss=3125MB hwm=3125MB
RSS_SAMPLE t=2040.1s rss=3125MB hwm=3125MB
RSS_SAMPLE t=2040.3s rss=3125MB hwm=3125MB
RSS_SAMPLE t=2040.6s rss=3125MB hwm=3125MB
RSS_SAMPLE t=2040.8s rss=3125MB hwm=3125MB
RSS_SAMPLE t=2041.1s rss=3125MB hwm=3125MB
RSS_SAMPLE t=2041.3s rss=3125MB hwm=3125MB
RSS_SAMPLE t=2041.6s rss=3125MB hwm=3125MB
RSS_SAMPLE t=2041.8s rss=3125MB hwm=3125MB
RSS_SAMPLE t=2042.1s rss=3125MB hwm=3125MB
RSS_SAMPLE t=2042.3s rss=3125MB hwm=3125MB
RSS_SAMPLE t=2042.6s rss=3125MB hwm=3125MB
RSS_SAMPLE t=2042.8s rss=3125MB hwm=3125MB
RSS_SAMPLE t=2043.1s rss=3125MB hwm=3125MB
RSS_SAMPLE t=2043.3s rss=3125MB hwm=3125MB
RSS_SAMPLE t=2043.6s rss=3125MB hwm=3125MB
RSS_SAMPLE t=2043.8s rss=3125MB hwm=3125MB
RSS_SAMPLE t=2044.1s rss=3125MB hwm=3125MB
RSS_SAMPLE t=2044.3s rss=3125MB hwm=3125MB
RSS_SAMPLE t=2044.6s rss=3125MB hwm=3125MB
RSS_SAMPLE t=2044.8s rss=3125MB hwm=3125MB
RSS_SAMPLE t=2045.1s rss=3125MB hwm=3125MB
PHASE_MARK outer=12 leave=dcd_sweep rss=3125MB
PHASE_MARK outer=12 enter=post_refresh rss=3125MB
RSS_SAMPLE t=2045.3s rss=3125MB hwm=3125MB
RSS_SAMPLE t=2045.6s rss=3125MB hwm=3125MB
RSS_SAMPLE t=2045.8s rss=3125MB hwm=3125MB
RSS_SAMPLE t=2046.1s rss=3125MB hwm=3125MB
RSS_SAMPLE t=2046.3s rss=3125MB hwm=3125MB
RSS_SAMPLE t=2046.6s rss=3125MB hwm=3125MB
RSS_SAMPLE t=2046.8s rss=3125MB hwm=3125MB
RSS_SAMPLE t=2047.1s rss=3125MB hwm=3125MB
RSS_SAMPLE t=2047.3s rss=3125MB hwm=3125MB
RSS_SAMPLE t=2047.6s rss=3125MB hwm=3125MB
RSS_SAMPLE t=2047.8s rss=3125MB hwm=3125MB
RSS_SAMPLE t=2048.1s rss=3125MB hwm=3125MB
RSS_SAMPLE t=2048.3s rss=3125MB hwm=3125MB
RSS_SAMPLE t=2048.6s rss=3125MB hwm=3125MB
RSS_SAMPLE t=2048.8s rss=3125MB hwm=3125MB
RSS_SAMPLE t=2049.1s rss=3125MB hwm=3125MB
RSS_SAMPLE t=2049.3s rss=3125MB hwm=3125MB
RSS_SAMPLE t=2049.6s rss=3125MB hwm=3125MB
RSS_SAMPLE t=2049.8s rss=3125MB hwm=3125MB
RSS_SAMPLE t=2050.1s rss=3125MB hwm=3125MB
RSS_SAMPLE t=2050.3s rss=3125MB hwm=3125MB
RSS_SAMPLE t=2050.6s rss=3125MB hwm=3125MB
RSS_SAMPLE t=2050.8s rss=3125MB hwm=3125MB
RSS_SAMPLE t=2051.1s rss=3125MB hwm=3125MB
RSS_SAMPLE t=2051.3s rss=3125MB hwm=3125MB
RSS_SAMPLE t=2051.6s rss=3125MB hwm=3125MB
RSS_SAMPLE t=2051.8s rss=3125MB hwm=3125MB
RSS_SAMPLE t=2052.1s rss=3125MB hwm=3125MB
RSS_SAMPLE t=2052.3s rss=3125MB hwm=3125MB
RSS_SAMPLE t=2052.6s rss=3125MB hwm=3125MB
RSS_SAMPLE t=2052.8s rss=3125MB hwm=3125MB
RSS_SAMPLE t=2053.1s rss=3125MB hwm=3125MB
RSS_SAMPLE t=2053.3s rss=3125MB hwm=3125MB
RSS_SAMPLE t=2053.6s rss=3125MB hwm=3125MB
RSS_SAMPLE t=2053.8s rss=3125MB hwm=3125MB
RSS_SAMPLE t=2054.1s rss=3125MB hwm=3125MB
RSS_SAMPLE t=2054.3s rss=3125MB hwm=3125MB
RSS_SAMPLE t=2054.6s rss=3125MB hwm=3125MB
RSS_SAMPLE t=2054.8s rss=3125MB hwm=3125MB
RSS_SAMPLE t=2055.1s rss=3125MB hwm=3125MB
RSS_SAMPLE t=2055.3s rss=3125MB hwm=3125MB
RSS_SAMPLE t=2055.6s rss=3125MB hwm=3125MB
RSS_SAMPLE t=2055.8s rss=3125MB hwm=3125MB
RSS_SAMPLE t=2056.1s rss=3125MB hwm=3125MB
RSS_SAMPLE t=2056.3s rss=3125MB hwm=3125MB
RSS_SAMPLE t=2056.6s rss=3125MB hwm=3125MB
RSS_SAMPLE t=2056.8s rss=3125MB hwm=3125MB
RSS_SAMPLE t=2057.1s rss=3125MB hwm=3125MB
RSS_SAMPLE t=2057.3s rss=3125MB hwm=3125MB
RSS_SAMPLE t=2057.6s rss=3125MB hwm=3125MB
RSS_SAMPLE t=2057.8s rss=3125MB hwm=3125MB
RSS_SAMPLE t=2058.1s rss=3125MB hwm=3125MB
RSS_SAMPLE t=2058.3s rss=3125MB hwm=3125MB
RSS_SAMPLE t=2058.6s rss=3125MB hwm=3125MB
RSS_SAMPLE t=2058.8s rss=3125MB hwm=3125MB
RSS_SAMPLE t=2059.1s rss=3125MB hwm=3125MB
RSS_SAMPLE t=2059.3s rss=3125MB hwm=3125MB
RSS_SAMPLE t=2059.6s rss=3125MB hwm=3125MB
RSS_SAMPLE t=2059.8s rss=3125MB hwm=3125MB
RSS_SAMPLE t=2060.1s rss=3125MB hwm=3125MB
RSS_SAMPLE t=2060.3s rss=3125MB hwm=3125MB
RSS_SAMPLE t=2060.6s rss=3125MB hwm=3125MB
RSS_SAMPLE t=2060.8s rss=3125MB hwm=3125MB
RSS_SAMPLE t=2061.1s rss=3125MB hwm=3125MB
RSS_SAMPLE t=2061.3s rss=3125MB hwm=3125MB
RSS_SAMPLE t=2061.6s rss=3125MB hwm=3125MB
RSS_SAMPLE t=2061.8s rss=3125MB hwm=3125MB
RSS_SAMPLE t=2062.1s rss=3125MB hwm=3125MB
RSS_SAMPLE t=2062.3s rss=3125MB hwm=3125MB
RSS_SAMPLE t=2062.6s rss=3125MB hwm=3125MB
RSS_SAMPLE t=2062.8s rss=3125MB hwm=3125MB
RSS_SAMPLE t=2063.1s rss=3125MB hwm=3125MB
RSS_SAMPLE t=2063.3s rss=3125MB hwm=3125MB
RSS_SAMPLE t=2063.6s rss=3125MB hwm=3125MB
RSS_SAMPLE t=2063.8s rss=3125MB hwm=3125MB
RSS_SAMPLE t=2064.1s rss=3125MB hwm=3125MB
RSS_SAMPLE t=2064.3s rss=3125MB hwm=3125MB
RSS_SAMPLE t=2064.6s rss=3125MB hwm=3125MB
RSS_SAMPLE t=2064.8s rss=3125MB hwm=3125MB
RSS_SAMPLE t=2065.1s rss=3125MB hwm=3125MB
RSS_SAMPLE t=2065.3s rss=3125MB hwm=3125MB
RSS_SAMPLE t=2065.6s rss=3125MB hwm=3125MB
RSS_SAMPLE t=2065.8s rss=3125MB hwm=3125MB
RSS_SAMPLE t=2066.1s rss=3125MB hwm=3125MB
RSS_SAMPLE t=2066.3s rss=3125MB hwm=3125MB
RSS_SAMPLE t=2066.6s rss=3125MB hwm=3125MB
RSS_SAMPLE t=2066.8s rss=3125MB hwm=3125MB
RSS_SAMPLE t=2067.1s rss=3125MB hwm=3125MB
RSS_SAMPLE t=2067.3s rss=3125MB hwm=3125MB
RSS_SAMPLE t=2067.6s rss=3125MB hwm=3125MB
RSS_SAMPLE t=2067.8s rss=3125MB hwm=3125MB
RSS_SAMPLE t=2068.1s rss=3125MB hwm=3125MB
RSS_SAMPLE t=2068.3s rss=3125MB hwm=3125MB
RSS_SAMPLE t=2068.6s rss=3125MB hwm=3125MB
RSS_SAMPLE t=2068.8s rss=3125MB hwm=3125MB
RSS_SAMPLE t=2069.1s rss=3125MB hwm=3125MB
RSS_SAMPLE t=2069.3s rss=3125MB hwm=3125MB
RSS_SAMPLE t=2069.6s rss=3125MB hwm=3125MB
RSS_SAMPLE t=2069.8s rss=3125MB hwm=3125MB
RSS_SAMPLE t=2070.1s rss=3125MB hwm=3125MB
RSS_SAMPLE t=2070.3s rss=3125MB hwm=3125MB
RSS_SAMPLE t=2070.6s rss=3125MB hwm=3125MB
RSS_SAMPLE t=2070.8s rss=3125MB hwm=3125MB
RSS_SAMPLE t=2071.1s rss=3125MB hwm=3125MB
RSS_SAMPLE t=2071.3s rss=3125MB hwm=3125MB
RSS_SAMPLE t=2071.6s rss=3125MB hwm=3125MB
RSS_SAMPLE t=2071.8s rss=3125MB hwm=3125MB
RSS_SAMPLE t=2072.1s rss=3125MB hwm=3125MB
RSS_SAMPLE t=2072.3s rss=3125MB hwm=3125MB
RSS_SAMPLE t=2072.6s rss=3125MB hwm=3125MB
RSS_SAMPLE t=2072.8s rss=3125MB hwm=3125MB
RSS_SAMPLE t=2073.1s rss=3125MB hwm=3125MB
RSS_SAMPLE t=2073.3s rss=3125MB hwm=3125MB
RSS_SAMPLE t=2073.6s rss=3125MB hwm=3125MB
RSS_SAMPLE t=2073.8s rss=3125MB hwm=3125MB
RSS_SAMPLE t=2074.1s rss=3125MB hwm=3125MB
RSS_SAMPLE t=2074.3s rss=3125MB hwm=3125MB
RSS_SAMPLE t=2074.6s rss=3125MB hwm=3125MB
RSS_SAMPLE t=2074.8s rss=3125MB hwm=3125MB
RSS_SAMPLE t=2075.1s rss=3125MB hwm=3125MB
RSS_SAMPLE t=2075.3s rss=3125MB hwm=3125MB
RSS_SAMPLE t=2075.6s rss=3125MB hwm=3125MB
RSS_SAMPLE t=2075.8s rss=3125MB hwm=3125MB
RSS_SAMPLE t=2076.1s rss=3125MB hwm=3125MB
RSS_SAMPLE t=2076.3s rss=3125MB hwm=3125MB
RSS_SAMPLE t=2076.6s rss=3125MB hwm=3125MB
RSS_SAMPLE t=2076.8s rss=3125MB hwm=3125MB
RSS_SAMPLE t=2077.1s rss=3125MB hwm=3125MB
RSS_SAMPLE t=2077.3s rss=3125MB hwm=3125MB
RSS_SAMPLE t=2077.6s rss=3125MB hwm=3125MB
RSS_SAMPLE t=2077.8s rss=3125MB hwm=3125MB
RSS_SAMPLE t=2078.1s rss=3125MB hwm=3125MB
RSS_SAMPLE t=2078.3s rss=3125MB hwm=3125MB
RSS_SAMPLE t=2078.6s rss=3125MB hwm=3125MB
RSS_SAMPLE t=2078.8s rss=3125MB hwm=3125MB
RSS_SAMPLE t=2079.1s rss=3125MB hwm=3125MB
RSS_SAMPLE t=2079.3s rss=3125MB hwm=3125MB
RSS_SAMPLE t=2079.6s rss=3125MB hwm=3125MB
RSS_SAMPLE t=2079.8s rss=3125MB hwm=3125MB
RSS_SAMPLE t=2080.1s rss=3125MB hwm=3125MB
RSS_SAMPLE t=2080.3s rss=3125MB hwm=3125MB
RSS_SAMPLE t=2080.6s rss=3126MB hwm=3126MB
RSS_SAMPLE t=2080.8s rss=3126MB hwm=3126MB
RSS_SAMPLE t=2081.1s rss=3126MB hwm=3126MB
RSS_SAMPLE t=2081.3s rss=3126MB hwm=3126MB
RSS_SAMPLE t=2081.6s rss=3126MB hwm=3126MB
RSS_SAMPLE t=2081.8s rss=3126MB hwm=3126MB
RSS_SAMPLE t=2082.1s rss=3126MB hwm=3126MB
RSS_SAMPLE t=2082.3s rss=3127MB hwm=3127MB
RSS_SAMPLE t=2082.6s rss=3127MB hwm=3127MB
RSS_SAMPLE t=2082.8s rss=3127MB hwm=3127MB
RSS_SAMPLE t=2083.1s rss=3127MB hwm=3127MB
RSS_SAMPLE t=2083.3s rss=3127MB hwm=3127MB
RSS_SAMPLE t=2083.6s rss=3127MB hwm=3127MB
RSS_SAMPLE t=2083.8s rss=3127MB hwm=3127MB
RSS_SAMPLE t=2084.1s rss=3127MB hwm=3127MB
RSS_SAMPLE t=2084.3s rss=3127MB hwm=3127MB
RSS_SAMPLE t=2084.6s rss=3128MB hwm=3128MB
RSS_SAMPLE t=2084.8s rss=3128MB hwm=3128MB
RSS_SAMPLE t=2085.1s rss=3128MB hwm=3128MB
RSS_SAMPLE t=2085.3s rss=3128MB hwm=3128MB
RSS_SAMPLE t=2085.6s rss=3128MB hwm=3128MB
RSS_SAMPLE t=2085.8s rss=3128MB hwm=3128MB
RSS_SAMPLE t=2086.1s rss=3128MB hwm=3128MB
RSS_SAMPLE t=2086.3s rss=3128MB hwm=3128MB
RSS_SAMPLE t=2086.6s rss=3129MB hwm=3129MB
RSS_SAMPLE t=2086.8s rss=3129MB hwm=3129MB
RSS_SAMPLE t=2087.1s rss=3129MB hwm=3129MB
RSS_SAMPLE t=2087.3s rss=3129MB hwm=3129MB
RSS_SAMPLE t=2087.6s rss=3129MB hwm=3129MB
RSS_SAMPLE t=2087.8s rss=3129MB hwm=3129MB
RSS_SAMPLE t=2088.1s rss=3129MB hwm=3129MB
RSS_SAMPLE t=2088.3s rss=3129MB hwm=3129MB
RSS_SAMPLE t=2088.6s rss=3130MB hwm=3130MB
RSS_SAMPLE t=2088.8s rss=3130MB hwm=3130MB
RSS_SAMPLE t=2089.1s rss=3130MB hwm=3130MB
RSS_SAMPLE t=2089.3s rss=3130MB hwm=3130MB
RSS_SAMPLE t=2089.6s rss=3130MB hwm=3130MB
RSS_SAMPLE t=2089.8s rss=3130MB hwm=3130MB
RSS_SAMPLE t=2090.1s rss=3130MB hwm=3130MB
RSS_SAMPLE t=2090.3s rss=3130MB hwm=3130MB
RSS_SAMPLE t=2090.6s rss=3130MB hwm=3130MB
RSS_SAMPLE t=2090.8s rss=3130MB hwm=3130MB
RSS_SAMPLE t=2091.1s rss=3130MB hwm=3130MB
RSS_SAMPLE t=2091.3s rss=3130MB hwm=3130MB
RSS_SAMPLE t=2091.6s rss=3130MB hwm=3130MB
RSS_SAMPLE t=2091.8s rss=3130MB hwm=3130MB
RSS_SAMPLE t=2092.1s rss=3130MB hwm=3130MB
RSS_SAMPLE t=2092.3s rss=3130MB hwm=3130MB
RSS_SAMPLE t=2092.6s rss=3130MB hwm=3130MB
RSS_SAMPLE t=2092.8s rss=3130MB hwm=3130MB
RSS_SAMPLE t=2093.1s rss=3130MB hwm=3130MB
RSS_SAMPLE t=2093.3s rss=3130MB hwm=3130MB
RSS_SAMPLE t=2093.6s rss=3130MB hwm=3130MB
RSS_SAMPLE t=2093.8s rss=3130MB hwm=3130MB
RSS_SAMPLE t=2094.1s rss=3130MB hwm=3130MB
RSS_SAMPLE t=2094.3s rss=3130MB hwm=3130MB
RSS_SAMPLE t=2094.6s rss=3130MB hwm=3130MB
RSS_SAMPLE t=2094.8s rss=3130MB hwm=3130MB
RSS_SAMPLE t=2095.1s rss=3130MB hwm=3130MB
RSS_SAMPLE t=2095.3s rss=3130MB hwm=3130MB
RSS_SAMPLE t=2095.6s rss=3130MB hwm=3130MB
RSS_SAMPLE t=2095.8s rss=3130MB hwm=3130MB
RSS_SAMPLE t=2096.1s rss=3130MB hwm=3130MB
RSS_SAMPLE t=2096.3s rss=3130MB hwm=3130MB
RSS_SAMPLE t=2096.6s rss=3130MB hwm=3130MB
RSS_SAMPLE t=2096.8s rss=3130MB hwm=3130MB
RSS_SAMPLE t=2097.1s rss=3130MB hwm=3130MB
RSS_SAMPLE t=2097.3s rss=3130MB hwm=3130MB
RSS_SAMPLE t=2097.6s rss=3130MB hwm=3130MB
RSS_SAMPLE t=2097.8s rss=3130MB hwm=3130MB
RSS_SAMPLE t=2098.1s rss=3130MB hwm=3130MB
RSS_SAMPLE t=2098.3s rss=3130MB hwm=3130MB
RSS_SAMPLE t=2098.6s rss=3130MB hwm=3130MB
RSS_SAMPLE t=2098.8s rss=3130MB hwm=3130MB
RSS_SAMPLE t=2099.1s rss=3130MB hwm=3130MB
RSS_SAMPLE t=2099.3s rss=3130MB hwm=3130MB
RSS_SAMPLE t=2099.6s rss=3130MB hwm=3130MB
RSS_SAMPLE t=2099.8s rss=3130MB hwm=3130MB
RSS_SAMPLE t=2100.1s rss=3130MB hwm=3130MB
RSS_SAMPLE t=2100.3s rss=3130MB hwm=3130MB
RSS_SAMPLE t=2100.6s rss=3130MB hwm=3130MB
RSS_SAMPLE t=2100.8s rss=3131MB hwm=3131MB
RSS_SAMPLE t=2101.1s rss=3131MB hwm=3131MB
RSS_SAMPLE t=2101.3s rss=3131MB hwm=3131MB
RSS_SAMPLE t=2101.6s rss=3131MB hwm=3131MB
RSS_SAMPLE t=2101.9s rss=3131MB hwm=3131MB
RSS_SAMPLE t=2102.1s rss=3131MB hwm=3131MB
RSS_SAMPLE t=2102.4s rss=3131MB hwm=3131MB
RSS_SAMPLE t=2102.6s rss=3131MB hwm=3131MB
RSS_SAMPLE t=2102.9s rss=3131MB hwm=3131MB
RSS_SAMPLE t=2103.1s rss=3131MB hwm=3131MB
RSS_SAMPLE t=2103.4s rss=3131MB hwm=3131MB
RSS_SAMPLE t=2103.6s rss=3131MB hwm=3131MB
RSS_SAMPLE t=2103.9s rss=3131MB hwm=3131MB
RSS_SAMPLE t=2104.1s rss=3131MB hwm=3131MB
RSS_SAMPLE t=2104.4s rss=3131MB hwm=3131MB
RSS_SAMPLE t=2104.6s rss=3131MB hwm=3131MB
RSS_SAMPLE t=2104.9s rss=3131MB hwm=3131MB
RSS_SAMPLE t=2105.1s rss=3131MB hwm=3131MB
RSS_SAMPLE t=2105.4s rss=3131MB hwm=3131MB
RSS_SAMPLE t=2105.6s rss=3131MB hwm=3131MB
RSS_SAMPLE t=2105.9s rss=3131MB hwm=3131MB
RSS_SAMPLE t=2106.1s rss=3131MB hwm=3131MB
RSS_SAMPLE t=2106.4s rss=3131MB hwm=3131MB
RSS_SAMPLE t=2106.6s rss=3131MB hwm=3131MB
RSS_SAMPLE t=2106.9s rss=3131MB hwm=3131MB
RSS_SAMPLE t=2107.1s rss=3131MB hwm=3131MB
RSS_SAMPLE t=2107.4s rss=3131MB hwm=3131MB
RSS_SAMPLE t=2107.6s rss=3131MB hwm=3131MB
RSS_SAMPLE t=2107.9s rss=3131MB hwm=3131MB
RSS_SAMPLE t=2108.1s rss=3131MB hwm=3131MB
RSS_SAMPLE t=2108.4s rss=3131MB hwm=3131MB
RSS_SAMPLE t=2108.6s rss=3131MB hwm=3131MB
RSS_SAMPLE t=2108.9s rss=3131MB hwm=3131MB
RSS_SAMPLE t=2109.1s rss=3131MB hwm=3131MB
RSS_SAMPLE t=2109.4s rss=3131MB hwm=3131MB
RSS_SAMPLE t=2109.6s rss=3131MB hwm=3131MB
RSS_SAMPLE t=2109.9s rss=3131MB hwm=3131MB
RSS_SAMPLE t=2110.1s rss=3131MB hwm=3131MB
RSS_SAMPLE t=2110.4s rss=3131MB hwm=3131MB
RSS_SAMPLE t=2110.6s rss=3131MB hwm=3131MB
RSS_SAMPLE t=2110.9s rss=3131MB hwm=3131MB
RSS_SAMPLE t=2111.1s rss=3131MB hwm=3131MB
RSS_SAMPLE t=2111.4s rss=3131MB hwm=3131MB
RSS_SAMPLE t=2111.6s rss=3131MB hwm=3131MB
RSS_SAMPLE t=2111.9s rss=3131MB hwm=3131MB
RSS_SAMPLE t=2112.1s rss=3131MB hwm=3131MB
RSS_SAMPLE t=2112.4s rss=3131MB hwm=3131MB
RSS_SAMPLE t=2112.6s rss=3131MB hwm=3131MB
RSS_SAMPLE t=2112.9s rss=3131MB hwm=3131MB
RSS_SAMPLE t=2113.1s rss=3131MB hwm=3131MB
RSS_SAMPLE t=2113.4s rss=3131MB hwm=3131MB
RSS_SAMPLE t=2113.6s rss=3131MB hwm=3131MB
RSS_SAMPLE t=2113.9s rss=3131MB hwm=3131MB
RSS_SAMPLE t=2114.1s rss=3131MB hwm=3131MB
RSS_SAMPLE t=2114.4s rss=3131MB hwm=3131MB
RSS_SAMPLE t=2114.6s rss=3131MB hwm=3131MB
RSS_SAMPLE t=2114.9s rss=3131MB hwm=3131MB
RSS_SAMPLE t=2115.1s rss=3131MB hwm=3131MB
RSS_SAMPLE t=2115.4s rss=3131MB hwm=3131MB
RSS_SAMPLE t=2115.6s rss=3131MB hwm=3131MB
RSS_SAMPLE t=2115.9s rss=3131MB hwm=3131MB
RSS_SAMPLE t=2116.1s rss=3131MB hwm=3131MB
RSS_SAMPLE t=2116.4s rss=3131MB hwm=3131MB
RSS_SAMPLE t=2116.6s rss=3131MB hwm=3131MB
RSS_SAMPLE t=2116.9s rss=3131MB hwm=3131MB
RSS_SAMPLE t=2117.1s rss=3131MB hwm=3131MB
RSS_SAMPLE t=2117.4s rss=3131MB hwm=3131MB
RSS_SAMPLE t=2117.6s rss=3131MB hwm=3131MB
RSS_SAMPLE t=2117.9s rss=3131MB hwm=3131MB
RSS_SAMPLE t=2118.1s rss=3131MB hwm=3131MB
RSS_SAMPLE t=2118.4s rss=3131MB hwm=3131MB
RSS_SAMPLE t=2118.6s rss=3131MB hwm=3131MB
RSS_SAMPLE t=2118.9s rss=3131MB hwm=3131MB
RSS_SAMPLE t=2119.1s rss=3131MB hwm=3131MB
RSS_SAMPLE t=2119.4s rss=3131MB hwm=3131MB
RSS_SAMPLE t=2119.6s rss=3131MB hwm=3131MB
RSS_SAMPLE t=2119.9s rss=3131MB hwm=3131MB
RSS_SAMPLE t=2120.1s rss=3131MB hwm=3131MB
RSS_SAMPLE t=2120.4s rss=3131MB hwm=3131MB
RSS_SAMPLE t=2120.6s rss=3131MB hwm=3131MB
RSS_SAMPLE t=2120.9s rss=3131MB hwm=3131MB
RSS_SAMPLE t=2121.1s rss=3131MB hwm=3131MB
RSS_SAMPLE t=2121.4s rss=3131MB hwm=3131MB
RSS_SAMPLE t=2121.6s rss=3131MB hwm=3131MB
RSS_SAMPLE t=2121.9s rss=3131MB hwm=3131MB
RSS_SAMPLE t=2122.1s rss=3131MB hwm=3131MB
RSS_SAMPLE t=2122.4s rss=3131MB hwm=3131MB
RSS_SAMPLE t=2122.6s rss=3131MB hwm=3131MB
RSS_SAMPLE t=2122.9s rss=3131MB hwm=3131MB
RSS_SAMPLE t=2123.1s rss=3131MB hwm=3131MB
RSS_SAMPLE t=2123.4s rss=3131MB hwm=3131MB
RSS_SAMPLE t=2123.6s rss=3131MB hwm=3131MB
RSS_SAMPLE t=2123.9s rss=3132MB hwm=3132MB
RSS_SAMPLE t=2124.1s rss=3132MB hwm=3132MB
RSS_SAMPLE t=2124.4s rss=3132MB hwm=3132MB
RSS_SAMPLE t=2124.6s rss=3132MB hwm=3132MB
RSS_SAMPLE t=2124.9s rss=3132MB hwm=3132MB
RSS_SAMPLE t=2125.1s rss=3132MB hwm=3132MB
RSS_SAMPLE t=2125.4s rss=3132MB hwm=3132MB
RSS_SAMPLE t=2125.6s rss=3132MB hwm=3132MB
RSS_SAMPLE t=2125.9s rss=3132MB hwm=3132MB
RSS_SAMPLE t=2126.1s rss=3132MB hwm=3132MB
RSS_SAMPLE t=2126.4s rss=3132MB hwm=3132MB
RSS_SAMPLE t=2126.6s rss=3132MB hwm=3132MB
RSS_SAMPLE t=2126.9s rss=3132MB hwm=3132MB
RSS_SAMPLE t=2127.1s rss=3132MB hwm=3132MB
RSS_SAMPLE t=2127.4s rss=3132MB hwm=3132MB
RSS_SAMPLE t=2127.6s rss=3132MB hwm=3132MB
RSS_SAMPLE t=2127.9s rss=3132MB hwm=3132MB
RSS_SAMPLE t=2128.1s rss=3132MB hwm=3132MB
RSS_SAMPLE t=2128.4s rss=3132MB hwm=3132MB
RSS_SAMPLE t=2128.6s rss=3132MB hwm=3132MB
RSS_SAMPLE t=2128.9s rss=3132MB hwm=3132MB
RSS_SAMPLE t=2129.1s rss=3132MB hwm=3132MB
RSS_SAMPLE t=2129.4s rss=3132MB hwm=3132MB
RSS_SAMPLE t=2129.6s rss=3132MB hwm=3132MB
RSS_SAMPLE t=2129.9s rss=3132MB hwm=3132MB
RSS_SAMPLE t=2130.1s rss=3132MB hwm=3132MB
RSS_SAMPLE t=2130.4s rss=3132MB hwm=3132MB
RSS_SAMPLE t=2130.6s rss=3132MB hwm=3132MB
RSS_SAMPLE t=2130.9s rss=3132MB hwm=3132MB
RSS_SAMPLE t=2131.1s rss=3132MB hwm=3132MB
RSS_SAMPLE t=2131.4s rss=3132MB hwm=3132MB
RSS_SAMPLE t=2131.6s rss=3132MB hwm=3132MB
RSS_SAMPLE t=2131.9s rss=3132MB hwm=3132MB
RSS_SAMPLE t=2132.1s rss=3132MB hwm=3132MB
RSS_SAMPLE t=2132.4s rss=3132MB hwm=3132MB
RSS_SAMPLE t=2132.6s rss=3132MB hwm=3132MB
RSS_SAMPLE t=2132.9s rss=3132MB hwm=3132MB
RSS_SAMPLE t=2133.1s rss=3132MB hwm=3132MB
RSS_SAMPLE t=2133.4s rss=3132MB hwm=3132MB
RSS_SAMPLE t=2133.6s rss=3132MB hwm=3132MB
RSS_SAMPLE t=2133.9s rss=3132MB hwm=3132MB
RSS_SAMPLE t=2134.1s rss=3132MB hwm=3132MB
RSS_SAMPLE t=2134.4s rss=3132MB hwm=3132MB
RSS_SAMPLE t=2134.6s rss=3132MB hwm=3132MB
RSS_SAMPLE t=2134.9s rss=3132MB hwm=3132MB
RSS_SAMPLE t=2135.1s rss=3132MB hwm=3132MB
RSS_SAMPLE t=2135.4s rss=3132MB hwm=3132MB
RSS_SAMPLE t=2135.6s rss=3132MB hwm=3132MB
RSS_SAMPLE t=2135.9s rss=3132MB hwm=3132MB
RSS_SAMPLE t=2136.1s rss=3132MB hwm=3132MB
RSS_SAMPLE t=2136.4s rss=3132MB hwm=3132MB
RSS_SAMPLE t=2136.6s rss=3132MB hwm=3132MB
RSS_SAMPLE t=2136.9s rss=3132MB hwm=3132MB
RSS_SAMPLE t=2137.1s rss=3132MB hwm=3132MB
RSS_SAMPLE t=2137.4s rss=3132MB hwm=3132MB
RSS_SAMPLE t=2137.6s rss=3132MB hwm=3132MB
RSS_SAMPLE t=2137.9s rss=3132MB hwm=3132MB
RSS_SAMPLE t=2138.1s rss=3132MB hwm=3132MB
RSS_SAMPLE t=2138.4s rss=3132MB hwm=3132MB
RSS_SAMPLE t=2138.6s rss=3132MB hwm=3132MB
RSS_SAMPLE t=2138.9s rss=3132MB hwm=3132MB
RSS_SAMPLE t=2139.1s rss=3132MB hwm=3132MB
RSS_SAMPLE t=2139.4s rss=3132MB hwm=3132MB
RSS_SAMPLE t=2139.6s rss=3132MB hwm=3132MB
RSS_SAMPLE t=2139.9s rss=3132MB hwm=3132MB
RSS_SAMPLE t=2140.1s rss=3132MB hwm=3132MB
RSS_SAMPLE t=2140.4s rss=3132MB hwm=3132MB
RSS_SAMPLE t=2140.6s rss=3132MB hwm=3132MB
RSS_SAMPLE t=2140.9s rss=3132MB hwm=3132MB
RSS_SAMPLE t=2141.1s rss=3132MB hwm=3132MB
RSS_SAMPLE t=2141.4s rss=3132MB hwm=3132MB
RSS_SAMPLE t=2141.6s rss=3132MB hwm=3132MB
RSS_SAMPLE t=2141.9s rss=3132MB hwm=3132MB
RSS_SAMPLE t=2142.1s rss=3132MB hwm=3132MB
RSS_SAMPLE t=2142.4s rss=3132MB hwm=3132MB
RSS_SAMPLE t=2142.6s rss=3132MB hwm=3132MB
RSS_SAMPLE t=2142.9s rss=3132MB hwm=3132MB
RSS_SAMPLE t=2143.1s rss=3132MB hwm=3132MB
RSS_SAMPLE t=2143.4s rss=3132MB hwm=3132MB
RSS_SAMPLE t=2143.6s rss=3132MB hwm=3132MB
RSS_SAMPLE t=2143.9s rss=3132MB hwm=3132MB
RSS_SAMPLE t=2144.1s rss=3132MB hwm=3132MB
RSS_SAMPLE t=2144.4s rss=3132MB hwm=3132MB
RSS_SAMPLE t=2144.6s rss=3132MB hwm=3132MB
RSS_SAMPLE t=2144.9s rss=3132MB hwm=3132MB
RSS_SAMPLE t=2145.1s rss=3132MB hwm=3132MB
RSS_SAMPLE t=2145.4s rss=3132MB hwm=3132MB
RSS_SAMPLE t=2145.6s rss=3132MB hwm=3132MB
RSS_SAMPLE t=2145.9s rss=3132MB hwm=3132MB
RSS_SAMPLE t=2146.1s rss=3132MB hwm=3132MB
RSS_SAMPLE t=2146.4s rss=3132MB hwm=3132MB
RSS_SAMPLE t=2146.6s rss=3132MB hwm=3132MB
RSS_SAMPLE t=2146.9s rss=3132MB hwm=3132MB
RSS_SAMPLE t=2147.1s rss=3132MB hwm=3132MB
RSS_SAMPLE t=2147.4s rss=3132MB hwm=3132MB
RSS_SAMPLE t=2147.6s rss=3132MB hwm=3132MB
RSS_SAMPLE t=2147.9s rss=3132MB hwm=3132MB
RSS_SAMPLE t=2148.1s rss=3132MB hwm=3132MB
RSS_SAMPLE t=2148.4s rss=3132MB hwm=3132MB
RSS_SAMPLE t=2148.6s rss=3132MB hwm=3132MB
RSS_SAMPLE t=2148.9s rss=3132MB hwm=3132MB
RSS_SAMPLE t=2149.1s rss=3132MB hwm=3132MB
RSS_SAMPLE t=2149.4s rss=3132MB hwm=3132MB
RSS_SAMPLE t=2149.6s rss=3132MB hwm=3132MB
RSS_SAMPLE t=2149.9s rss=3132MB hwm=3132MB
RSS_SAMPLE t=2150.1s rss=3132MB hwm=3132MB
RSS_SAMPLE t=2150.4s rss=3132MB hwm=3132MB
RSS_SAMPLE t=2150.6s rss=3132MB hwm=3132MB
RSS_SAMPLE t=2150.9s rss=3132MB hwm=3132MB
RSS_SAMPLE t=2151.1s rss=3132MB hwm=3132MB
RSS_SAMPLE t=2151.4s rss=3132MB hwm=3132MB
RSS_SAMPLE t=2151.6s rss=3132MB hwm=3132MB
RSS_SAMPLE t=2151.9s rss=3132MB hwm=3132MB
RSS_SAMPLE t=2152.1s rss=3132MB hwm=3132MB
RSS_SAMPLE t=2152.4s rss=3132MB hwm=3132MB
RSS_SAMPLE t=2152.6s rss=3132MB hwm=3132MB
RSS_SAMPLE t=2152.9s rss=3132MB hwm=3132MB
RSS_SAMPLE t=2153.1s rss=3132MB hwm=3132MB
RSS_SAMPLE t=2153.4s rss=3132MB hwm=3132MB
RSS_SAMPLE t=2153.6s rss=3132MB hwm=3132MB
RSS_SAMPLE t=2153.9s rss=3132MB hwm=3132MB
RSS_SAMPLE t=2154.1s rss=3132MB hwm=3132MB
RSS_SAMPLE t=2154.4s rss=3132MB hwm=3132MB
RSS_SAMPLE t=2154.6s rss=3132MB hwm=3132MB
RSS_SAMPLE t=2154.9s rss=3132MB hwm=3132MB
RSS_SAMPLE t=2155.1s rss=3132MB hwm=3132MB
RSS_SAMPLE t=2155.4s rss=3132MB hwm=3132MB
RSS_SAMPLE t=2155.6s rss=3132MB hwm=3132MB
RSS_SAMPLE t=2155.9s rss=3132MB hwm=3132MB
RSS_SAMPLE t=2156.1s rss=3132MB hwm=3132MB
RSS_SAMPLE t=2156.4s rss=3133MB hwm=3133MB
RSS_SAMPLE t=2156.6s rss=3133MB hwm=3133MB
RSS_SAMPLE t=2156.9s rss=3133MB hwm=3133MB
RSS_SAMPLE t=2157.1s rss=3133MB hwm=3133MB
RSS_SAMPLE t=2157.4s rss=3133MB hwm=3133MB
RSS_SAMPLE t=2157.6s rss=3133MB hwm=3133MB
RSS_SAMPLE t=2157.9s rss=3133MB hwm=3133MB
RSS_SAMPLE t=2158.1s rss=3133MB hwm=3133MB
RSS_SAMPLE t=2158.4s rss=3133MB hwm=3133MB
RSS_SAMPLE t=2158.6s rss=3133MB hwm=3133MB
RSS_SAMPLE t=2158.9s rss=3133MB hwm=3133MB
RSS_SAMPLE t=2159.1s rss=3133MB hwm=3133MB
RSS_SAMPLE t=2159.4s rss=3133MB hwm=3133MB
RSS_SAMPLE t=2159.6s rss=3133MB hwm=3133MB
RSS_SAMPLE t=2159.9s rss=3133MB hwm=3133MB
RSS_SAMPLE t=2160.1s rss=3133MB hwm=3133MB
RSS_SAMPLE t=2160.4s rss=3133MB hwm=3133MB
RSS_SAMPLE t=2160.6s rss=3133MB hwm=3133MB
RSS_SAMPLE t=2160.9s rss=3133MB hwm=3133MB
RSS_SAMPLE t=2161.1s rss=3133MB hwm=3133MB
RSS_SAMPLE t=2161.4s rss=3133MB hwm=3133MB
RSS_SAMPLE t=2161.6s rss=3133MB hwm=3133MB
RSS_SAMPLE t=2161.9s rss=3133MB hwm=3133MB
RSS_SAMPLE t=2162.1s rss=3133MB hwm=3133MB
RSS_SAMPLE t=2162.4s rss=3133MB hwm=3133MB
RSS_SAMPLE t=2162.6s rss=3133MB hwm=3133MB
RSS_SAMPLE t=2162.9s rss=3133MB hwm=3133MB
RSS_SAMPLE t=2163.1s rss=3133MB hwm=3133MB
RSS_SAMPLE t=2163.4s rss=3133MB hwm=3133MB
RSS_SAMPLE t=2163.6s rss=3133MB hwm=3133MB
RSS_SAMPLE t=2163.9s rss=3133MB hwm=3133MB
RSS_SAMPLE t=2164.1s rss=3133MB hwm=3133MB
RSS_SAMPLE t=2164.4s rss=3133MB hwm=3133MB
RSS_SAMPLE t=2164.6s rss=3133MB hwm=3133MB
RSS_SAMPLE t=2164.9s rss=3133MB hwm=3133MB
RSS_SAMPLE t=2165.1s rss=3133MB hwm=3133MB
RSS_SAMPLE t=2165.4s rss=3133MB hwm=3133MB
RSS_SAMPLE t=2165.6s rss=3133MB hwm=3133MB
RSS_SAMPLE t=2165.9s rss=3133MB hwm=3133MB
RSS_SAMPLE t=2166.1s rss=3133MB hwm=3133MB
RSS_SAMPLE t=2166.4s rss=3133MB hwm=3133MB
RSS_SAMPLE t=2166.6s rss=3133MB hwm=3133MB
RSS_SAMPLE t=2166.9s rss=3133MB hwm=3133MB
RSS_SAMPLE t=2167.1s rss=3133MB hwm=3133MB
RSS_SAMPLE t=2167.4s rss=3133MB hwm=3133MB
RSS_SAMPLE t=2167.6s rss=3133MB hwm=3133MB
RSS_SAMPLE t=2167.9s rss=3133MB hwm=3133MB
RSS_SAMPLE t=2168.1s rss=3133MB hwm=3133MB
RSS_SAMPLE t=2168.4s rss=3133MB hwm=3133MB
RSS_SAMPLE t=2168.6s rss=3133MB hwm=3133MB
RSS_SAMPLE t=2168.9s rss=3133MB hwm=3133MB
RSS_SAMPLE t=2169.1s rss=3133MB hwm=3133MB
RSS_SAMPLE t=2169.4s rss=3133MB hwm=3133MB
RSS_SAMPLE t=2169.6s rss=3133MB hwm=3133MB
RSS_SAMPLE t=2169.9s rss=3133MB hwm=3133MB
RSS_SAMPLE t=2170.1s rss=3133MB hwm=3133MB
RSS_SAMPLE t=2170.4s rss=3133MB hwm=3133MB
RSS_SAMPLE t=2170.6s rss=3133MB hwm=3133MB
RSS_SAMPLE t=2170.9s rss=3133MB hwm=3133MB
RSS_SAMPLE t=2171.1s rss=3133MB hwm=3133MB
RSS_SAMPLE t=2171.4s rss=3133MB hwm=3133MB
RSS_SAMPLE t=2171.6s rss=3133MB hwm=3133MB
RSS_SAMPLE t=2171.9s rss=3133MB hwm=3133MB
RSS_SAMPLE t=2172.1s rss=3133MB hwm=3133MB
RSS_SAMPLE t=2172.4s rss=3133MB hwm=3133MB
RSS_SAMPLE t=2172.6s rss=3133MB hwm=3133MB
RSS_SAMPLE t=2172.9s rss=3133MB hwm=3133MB
RSS_SAMPLE t=2173.1s rss=3133MB hwm=3133MB
RSS_SAMPLE t=2173.4s rss=3133MB hwm=3133MB
RSS_SAMPLE t=2173.6s rss=3133MB hwm=3133MB
RSS_SAMPLE t=2173.9s rss=3133MB hwm=3133MB
RSS_SAMPLE t=2174.1s rss=3133MB hwm=3133MB
RSS_SAMPLE t=2174.4s rss=3133MB hwm=3133MB
RSS_SAMPLE t=2174.6s rss=3133MB hwm=3133MB
RSS_SAMPLE t=2174.9s rss=3133MB hwm=3133MB
RSS_SAMPLE t=2175.1s rss=3133MB hwm=3133MB
RSS_SAMPLE t=2175.4s rss=3133MB hwm=3133MB
RSS_SAMPLE t=2175.6s rss=3134MB hwm=3134MB
RSS_SAMPLE t=2175.9s rss=3134MB hwm=3134MB
RSS_SAMPLE t=2176.1s rss=3134MB hwm=3134MB
RSS_SAMPLE t=2176.4s rss=3134MB hwm=3134MB
RSS_SAMPLE t=2176.6s rss=3134MB hwm=3134MB
RSS_SAMPLE t=2176.9s rss=3134MB hwm=3134MB
RSS_SAMPLE t=2177.1s rss=3134MB hwm=3134MB
RSS_SAMPLE t=2177.4s rss=3134MB hwm=3134MB
RSS_SAMPLE t=2177.6s rss=3134MB hwm=3134MB
RSS_SAMPLE t=2177.9s rss=3134MB hwm=3134MB
RSS_SAMPLE t=2178.1s rss=3134MB hwm=3134MB
RSS_SAMPLE t=2178.4s rss=3134MB hwm=3134MB
RSS_SAMPLE t=2178.6s rss=3134MB hwm=3134MB
RSS_SAMPLE t=2178.9s rss=3134MB hwm=3134MB
RSS_SAMPLE t=2179.1s rss=3134MB hwm=3134MB
RSS_SAMPLE t=2179.4s rss=3134MB hwm=3134MB
RSS_SAMPLE t=2179.6s rss=3134MB hwm=3134MB
RSS_SAMPLE t=2179.9s rss=3134MB hwm=3134MB
RSS_SAMPLE t=2180.1s rss=3134MB hwm=3134MB
RSS_SAMPLE t=2180.4s rss=3134MB hwm=3134MB
RSS_SAMPLE t=2180.6s rss=3134MB hwm=3134MB
RSS_SAMPLE t=2180.9s rss=3134MB hwm=3134MB
RSS_SAMPLE t=2181.1s rss=3134MB hwm=3134MB
RSS_SAMPLE t=2181.4s rss=3134MB hwm=3134MB
RSS_SAMPLE t=2181.6s rss=3134MB hwm=3134MB
RSS_SAMPLE t=2181.9s rss=3134MB hwm=3134MB
RSS_SAMPLE t=2182.1s rss=3134MB hwm=3134MB
RSS_SAMPLE t=2182.4s rss=3134MB hwm=3134MB
RSS_SAMPLE t=2182.6s rss=3134MB hwm=3134MB
RSS_SAMPLE t=2182.9s rss=3134MB hwm=3134MB
RSS_SAMPLE t=2183.1s rss=3134MB hwm=3134MB
RSS_SAMPLE t=2183.4s rss=3134MB hwm=3134MB
RSS_SAMPLE t=2183.6s rss=3134MB hwm=3134MB
RSS_SAMPLE t=2183.9s rss=3134MB hwm=3134MB
RSS_SAMPLE t=2184.1s rss=3134MB hwm=3134MB
RSS_SAMPLE t=2184.4s rss=3134MB hwm=3134MB
RSS_SAMPLE t=2184.6s rss=3134MB hwm=3134MB
RSS_SAMPLE t=2184.9s rss=3134MB hwm=3134MB
RSS_SAMPLE t=2185.1s rss=3134MB hwm=3134MB
RSS_SAMPLE t=2185.4s rss=3134MB hwm=3134MB
RSS_SAMPLE t=2185.6s rss=3134MB hwm=3134MB
RSS_SAMPLE t=2185.9s rss=3134MB hwm=3134MB
RSS_SAMPLE t=2186.1s rss=3134MB hwm=3134MB
RSS_SAMPLE t=2186.4s rss=3134MB hwm=3134MB
RSS_SAMPLE t=2186.6s rss=3134MB hwm=3134MB
RSS_SAMPLE t=2186.9s rss=3134MB hwm=3134MB
RSS_SAMPLE t=2187.1s rss=3134MB hwm=3134MB
RSS_SAMPLE t=2187.4s rss=3134MB hwm=3134MB
RSS_SAMPLE t=2187.6s rss=3134MB hwm=3134MB
RSS_SAMPLE t=2187.9s rss=3134MB hwm=3134MB
RSS_SAMPLE t=2188.1s rss=3134MB hwm=3134MB
RSS_SAMPLE t=2188.4s rss=3134MB hwm=3134MB
RSS_SAMPLE t=2188.6s rss=3134MB hwm=3134MB
RSS_SAMPLE t=2188.9s rss=3134MB hwm=3134MB
RSS_SAMPLE t=2189.1s rss=3134MB hwm=3134MB
RSS_SAMPLE t=2189.4s rss=3134MB hwm=3134MB
RSS_SAMPLE t=2189.6s rss=3134MB hwm=3134MB
RSS_SAMPLE t=2189.9s rss=3134MB hwm=3134MB
RSS_SAMPLE t=2190.1s rss=3134MB hwm=3134MB
RSS_SAMPLE t=2190.4s rss=3134MB hwm=3134MB
RSS_SAMPLE t=2190.6s rss=3134MB hwm=3134MB
RSS_SAMPLE t=2190.9s rss=3134MB hwm=3134MB
RSS_SAMPLE t=2191.1s rss=3134MB hwm=3134MB
RSS_SAMPLE t=2191.4s rss=3134MB hwm=3134MB
RSS_SAMPLE t=2191.6s rss=3134MB hwm=3134MB
RSS_SAMPLE t=2191.9s rss=3134MB hwm=3134MB
RSS_SAMPLE t=2192.1s rss=3134MB hwm=3134MB
RSS_SAMPLE t=2192.4s rss=3134MB hwm=3134MB
RSS_SAMPLE t=2192.6s rss=3134MB hwm=3134MB
RSS_SAMPLE t=2192.9s rss=3134MB hwm=3134MB
RSS_SAMPLE t=2193.2s rss=3134MB hwm=3134MB
RSS_SAMPLE t=2193.4s rss=3134MB hwm=3134MB
RSS_SAMPLE t=2193.7s rss=3134MB hwm=3134MB
RSS_SAMPLE t=2193.9s rss=3134MB hwm=3134MB
RSS_SAMPLE t=2194.2s rss=3134MB hwm=3134MB
RSS_SAMPLE t=2194.4s rss=3134MB hwm=3134MB
RSS_SAMPLE t=2194.7s rss=3134MB hwm=3134MB
RSS_SAMPLE t=2194.9s rss=3134MB hwm=3134MB
RSS_SAMPLE t=2195.2s rss=3134MB hwm=3134MB
RSS_SAMPLE t=2195.4s rss=3134MB hwm=3134MB
RSS_SAMPLE t=2195.7s rss=3134MB hwm=3134MB
RSS_SAMPLE t=2195.9s rss=3134MB hwm=3134MB
RSS_SAMPLE t=2196.2s rss=3134MB hwm=3134MB
RSS_SAMPLE t=2196.4s rss=3134MB hwm=3134MB
RSS_SAMPLE t=2196.7s rss=3134MB hwm=3134MB
RSS_SAMPLE t=2196.9s rss=3134MB hwm=3134MB
RSS_SAMPLE t=2197.2s rss=3134MB hwm=3134MB
RSS_SAMPLE t=2197.4s rss=3134MB hwm=3134MB
RSS_SAMPLE t=2197.7s rss=3134MB hwm=3134MB
RSS_SAMPLE t=2197.9s rss=3134MB hwm=3134MB
RSS_SAMPLE t=2198.2s rss=3134MB hwm=3134MB
RSS_SAMPLE t=2198.4s rss=3134MB hwm=3134MB
RSS_SAMPLE t=2198.7s rss=3134MB hwm=3134MB
RSS_SAMPLE t=2198.9s rss=3134MB hwm=3134MB
RSS_SAMPLE t=2199.2s rss=3134MB hwm=3134MB
RSS_SAMPLE t=2199.4s rss=3134MB hwm=3134MB
RSS_SAMPLE t=2199.7s rss=3134MB hwm=3134MB
RSS_SAMPLE t=2199.9s rss=3134MB hwm=3134MB
RSS_SAMPLE t=2200.2s rss=3134MB hwm=3134MB
MEM_POOL: workspaces=8 dense_usage_mb=313 n_pipes=2562403
    post_solve_diag[outer=12]: solves=105117 cap_armed=105117 (100.0%) settle_avg=5330 above_sink_avg=208 (3.9%) settle_max=69353
    settle_hist[outer=12]: <100: 25964nets/0.1%work  <1k: 25707nets/1.7%work  <5k: 24955nets/11.7%work  <20k: 19712nets/37.1%work  <60k: 8632nets/47.7%work  >=60k: 147nets/1.7%work
    fanout_hist[outer=12]: fan1: 43710nets/13.4%work  fan2-4: 48279nets/50.1%work  fan5-16: 12974nets/35.5%work  fan17-64: 154nets/1.0%work  fan65-256: 0nets/0.0%work  fan>256: 0nets/0.0%work
    rss_probe[outer=12]: pre_post_solve=3125MB post_post_solve=3134MB after_apply=3134MB
RSS_SAMPLE t=2200.4s rss=3134MB hwm=3134MB
    E_decomp: base=7281628.9 eff=260809949368848.6 cong=260809942087219.8 cong_share=100.0% sat_pipes=157294 max_util=968.18  R_buckets: 1-2x=605734 2-10x=613743 10-100x=306806 >=100x=1036120
    E_potential: beckmann=48265911103788.5 history_total=0.0
    SpanCache: epoch=13 entries=2188 lookups=2562403 hits=2560215 misses=2188 hit_rate=99.9%
  DCD  12: nets=105117 line=11788212 energy=7473419256.058 dE=+6154545218.977 friction=3939405.9 bins=2.0x(213) excess=67.8 moved=68243 disp=4.694 solves=105117 skip=105117 pops=560262961 theta=1.658 refresh=155167ms dcd=8609ms total=166502ms
    cache_stats: entries=61953107 capacity=128016518 est_mb=1104 rss_mb=3134
RSS_SAMPLE t=2200.7s rss=3134MB hwm=3134MB
RSS_SAMPLE t=2200.9s rss=3134MB hwm=3134MB
RSS_SAMPLE t=2201.2s rss=3134MB hwm=3134MB
RSS_SAMPLE t=2201.4s rss=3134MB hwm=3134MB
RSS_SAMPLE t=2201.7s rss=3134MB hwm=3134MB
RSS_SAMPLE t=2201.9s rss=3134MB hwm=3134MB
RSS_SAMPLE t=2202.2s rss=3134MB hwm=3134MB
RSS_SAMPLE t=2202.4s rss=3134MB hwm=3134MB
RSS_SAMPLE t=2202.7s rss=3134MB hwm=3134MB
RSS_SAMPLE t=2202.9s rss=3134MB hwm=3134MB
RSS_SAMPLE t=2203.2s rss=3134MB hwm=3134MB
    SwitchMatrix: type_usage_pairs=528 lookups=1669 hits=1141 dijkstra_calls=528 avg_us=12.6 total_ms=6.6
PHASE_MARK outer=13 enter=pre_solve rss=3134MB
    rss_probe[outer=13]: pre_refresh_rss=3134MB post_pre_solve_rss=3134MB cache_entries=61953107 cache_cap=128016518 cache_est_mb=1104
    pre_solve_diag[outer=13]: solves=0 fallback=0 (0.0%) cap_armed=0 (0.0%) settle_avg=0 settle_max=0 init_count=62
    Overflow: over=130212 (5.1% of used) avg_excess=2.46 max_excess=2505.30 (nc=2529.30 cap=24 span=1)  excess_buckets: <=1=65846 1-5=49207 5-20=13971 >20=1188  by_cap: cap1=47385 cap2=81268 cap3-5=0 cap>5=1559  by_span: s1=306 s2-3=521 s4-6=1709 s7-12=79432 s>12=48244  le1_cross: cap1=41299 cap2-5=24274 cap>5=273
    Congestion: pipes=2562403 used=2562403 congested(>50%)=468287 saturated(>90%)=157294 max_util=968.18 avg_util=0.3408
PHASE_MARK outer=13 enter=dcd_sweep rss=3134MB
RSS_SAMPLE t=2203.4s rss=3134MB hwm=3134MB
RSS_SAMPLE t=2203.7s rss=3134MB hwm=3134MB
RSS_SAMPLE t=2203.9s rss=3134MB hwm=3134MB
RSS_SAMPLE t=2204.2s rss=3134MB hwm=3134MB
RSS_SAMPLE t=2204.4s rss=3134MB hwm=3134MB
RSS_SAMPLE t=2204.7s rss=3134MB hwm=3134MB
RSS_SAMPLE t=2204.9s rss=3134MB hwm=3134MB
RSS_SAMPLE t=2205.2s rss=3134MB hwm=3134MB
RSS_SAMPLE t=2205.4s rss=3134MB hwm=3134MB
RSS_SAMPLE t=2205.7s rss=3134MB hwm=3134MB
RSS_SAMPLE t=2205.9s rss=3134MB hwm=3134MB
RSS_SAMPLE t=2206.2s rss=3134MB hwm=3134MB
RSS_SAMPLE t=2206.4s rss=3134MB hwm=3134MB
RSS_SAMPLE t=2206.7s rss=3134MB hwm=3134MB
RSS_SAMPLE t=2206.9s rss=3134MB hwm=3134MB
RSS_SAMPLE t=2207.2s rss=3134MB hwm=3134MB
RSS_SAMPLE t=2207.4s rss=3134MB hwm=3134MB
RSS_SAMPLE t=2207.7s rss=3134MB hwm=3134MB
RSS_SAMPLE t=2207.9s rss=3134MB hwm=3134MB
RSS_SAMPLE t=2208.2s rss=3134MB hwm=3134MB
RSS_SAMPLE t=2208.4s rss=3134MB hwm=3134MB
RSS_SAMPLE t=2208.7s rss=3134MB hwm=3134MB
RSS_SAMPLE t=2208.9s rss=3134MB hwm=3134MB
RSS_SAMPLE t=2209.2s rss=3134MB hwm=3134MB
RSS_SAMPLE t=2209.4s rss=3134MB hwm=3134MB
RSS_SAMPLE t=2209.7s rss=3134MB hwm=3134MB
RSS_SAMPLE t=2209.9s rss=3134MB hwm=3134MB
RSS_SAMPLE t=2210.2s rss=3134MB hwm=3134MB
RSS_SAMPLE t=2210.4s rss=3134MB hwm=3134MB
RSS_SAMPLE t=2210.7s rss=3134MB hwm=3134MB
RSS_SAMPLE t=2210.9s rss=3134MB hwm=3134MB
RSS_SAMPLE t=2211.2s rss=3134MB hwm=3134MB
RSS_SAMPLE t=2211.4s rss=3134MB hwm=3134MB
RSS_SAMPLE t=2211.7s rss=3134MB hwm=3134MB
PHASE_MARK outer=13 leave=dcd_sweep rss=3134MB
PHASE_MARK outer=13 enter=post_refresh rss=3134MB
RSS_SAMPLE t=2211.9s rss=3134MB hwm=3134MB
RSS_SAMPLE t=2212.2s rss=3134MB hwm=3134MB
RSS_SAMPLE t=2212.4s rss=3134MB hwm=3134MB
RSS_SAMPLE t=2212.7s rss=3134MB hwm=3134MB
RSS_SAMPLE t=2212.9s rss=3134MB hwm=3134MB
RSS_SAMPLE t=2213.2s rss=3134MB hwm=3134MB
RSS_SAMPLE t=2213.4s rss=3134MB hwm=3134MB
RSS_SAMPLE t=2213.7s rss=3134MB hwm=3134MB
RSS_SAMPLE t=2213.9s rss=3134MB hwm=3134MB
RSS_SAMPLE t=2214.2s rss=3134MB hwm=3134MB
RSS_SAMPLE t=2214.4s rss=3134MB hwm=3134MB
RSS_SAMPLE t=2214.7s rss=3134MB hwm=3134MB
RSS_SAMPLE t=2214.9s rss=3134MB hwm=3134MB
RSS_SAMPLE t=2215.2s rss=3134MB hwm=3134MB
RSS_SAMPLE t=2215.4s rss=3134MB hwm=3134MB
RSS_SAMPLE t=2215.7s rss=3134MB hwm=3134MB
RSS_SAMPLE t=2215.9s rss=3134MB hwm=3134MB
RSS_SAMPLE t=2216.2s rss=3134MB hwm=3134MB
RSS_SAMPLE t=2216.4s rss=3134MB hwm=3134MB
RSS_SAMPLE t=2216.7s rss=3134MB hwm=3134MB
RSS_SAMPLE t=2216.9s rss=3134MB hwm=3134MB
RSS_SAMPLE t=2217.2s rss=3134MB hwm=3134MB
RSS_SAMPLE t=2217.4s rss=3134MB hwm=3134MB
RSS_SAMPLE t=2217.7s rss=3134MB hwm=3134MB
RSS_SAMPLE t=2217.9s rss=3134MB hwm=3134MB
RSS_SAMPLE t=2218.2s rss=3134MB hwm=3134MB
RSS_SAMPLE t=2218.4s rss=3134MB hwm=3134MB
RSS_SAMPLE t=2218.7s rss=3134MB hwm=3134MB
RSS_SAMPLE t=2218.9s rss=3134MB hwm=3134MB
RSS_SAMPLE t=2219.2s rss=3134MB hwm=3134MB
RSS_SAMPLE t=2219.4s rss=3134MB hwm=3134MB
RSS_SAMPLE t=2219.7s rss=3134MB hwm=3134MB
RSS_SAMPLE t=2219.9s rss=3134MB hwm=3134MB
RSS_SAMPLE t=2220.2s rss=3134MB hwm=3134MB
RSS_SAMPLE t=2220.4s rss=3134MB hwm=3134MB
RSS_SAMPLE t=2220.7s rss=3134MB hwm=3134MB
RSS_SAMPLE t=2220.9s rss=3134MB hwm=3134MB
RSS_SAMPLE t=2221.2s rss=3134MB hwm=3134MB
RSS_SAMPLE t=2221.4s rss=3134MB hwm=3134MB
RSS_SAMPLE t=2221.7s rss=3134MB hwm=3134MB
RSS_SAMPLE t=2221.9s rss=3134MB hwm=3134MB
RSS_SAMPLE t=2222.2s rss=3134MB hwm=3134MB
RSS_SAMPLE t=2222.4s rss=3134MB hwm=3134MB
RSS_SAMPLE t=2222.7s rss=3134MB hwm=3134MB
RSS_SAMPLE t=2222.9s rss=3134MB hwm=3134MB
RSS_SAMPLE t=2223.2s rss=3134MB hwm=3134MB
RSS_SAMPLE t=2223.4s rss=3134MB hwm=3134MB
RSS_SAMPLE t=2223.7s rss=3134MB hwm=3134MB
RSS_SAMPLE t=2223.9s rss=3134MB hwm=3134MB
RSS_SAMPLE t=2224.2s rss=3134MB hwm=3134MB
RSS_SAMPLE t=2224.4s rss=3134MB hwm=3134MB
RSS_SAMPLE t=2224.7s rss=3134MB hwm=3134MB
RSS_SAMPLE t=2224.9s rss=3134MB hwm=3134MB
RSS_SAMPLE t=2225.2s rss=3134MB hwm=3134MB
RSS_SAMPLE t=2225.4s rss=3134MB hwm=3134MB
RSS_SAMPLE t=2225.7s rss=3134MB hwm=3134MB
RSS_SAMPLE t=2225.9s rss=3134MB hwm=3134MB
RSS_SAMPLE t=2226.2s rss=3134MB hwm=3134MB
RSS_SAMPLE t=2226.4s rss=3134MB hwm=3134MB
RSS_SAMPLE t=2226.7s rss=3134MB hwm=3134MB
RSS_SAMPLE t=2226.9s rss=3134MB hwm=3134MB
RSS_SAMPLE t=2227.2s rss=3134MB hwm=3134MB
RSS_SAMPLE t=2227.4s rss=3134MB hwm=3134MB
RSS_SAMPLE t=2227.7s rss=3134MB hwm=3134MB
RSS_SAMPLE t=2227.9s rss=3135MB hwm=3135MB
RSS_SAMPLE t=2228.2s rss=3135MB hwm=3135MB
RSS_SAMPLE t=2228.4s rss=3135MB hwm=3135MB
RSS_SAMPLE t=2228.7s rss=3135MB hwm=3135MB
RSS_SAMPLE t=2228.9s rss=3135MB hwm=3135MB
RSS_SAMPLE t=2229.2s rss=3135MB hwm=3135MB
RSS_SAMPLE t=2229.4s rss=3135MB hwm=3135MB
RSS_SAMPLE t=2229.7s rss=3135MB hwm=3135MB
RSS_SAMPLE t=2229.9s rss=3135MB hwm=3135MB
RSS_SAMPLE t=2230.2s rss=3135MB hwm=3135MB
RSS_SAMPLE t=2230.4s rss=3135MB hwm=3135MB
RSS_SAMPLE t=2230.7s rss=3135MB hwm=3135MB
RSS_SAMPLE t=2230.9s rss=3135MB hwm=3135MB
RSS_SAMPLE t=2231.2s rss=3135MB hwm=3135MB
RSS_SAMPLE t=2231.4s rss=3135MB hwm=3135MB
RSS_SAMPLE t=2231.7s rss=3135MB hwm=3135MB
RSS_SAMPLE t=2231.9s rss=3135MB hwm=3135MB
RSS_SAMPLE t=2232.2s rss=3135MB hwm=3135MB
RSS_SAMPLE t=2232.4s rss=3135MB hwm=3135MB
RSS_SAMPLE t=2232.7s rss=3135MB hwm=3135MB
RSS_SAMPLE t=2232.9s rss=3135MB hwm=3135MB
RSS_SAMPLE t=2233.2s rss=3135MB hwm=3135MB
RSS_SAMPLE t=2233.4s rss=3135MB hwm=3135MB
RSS_SAMPLE t=2233.7s rss=3136MB hwm=3136MB
RSS_SAMPLE t=2233.9s rss=3136MB hwm=3136MB
RSS_SAMPLE t=2234.2s rss=3136MB hwm=3136MB
RSS_SAMPLE t=2234.4s rss=3136MB hwm=3136MB
RSS_SAMPLE t=2234.7s rss=3136MB hwm=3136MB
RSS_SAMPLE t=2234.9s rss=3136MB hwm=3136MB
RSS_SAMPLE t=2235.2s rss=3136MB hwm=3136MB
RSS_SAMPLE t=2235.4s rss=3136MB hwm=3136MB
RSS_SAMPLE t=2235.7s rss=3136MB hwm=3136MB
RSS_SAMPLE t=2235.9s rss=3136MB hwm=3136MB
RSS_SAMPLE t=2236.2s rss=3136MB hwm=3136MB
RSS_SAMPLE t=2236.4s rss=3136MB hwm=3136MB
RSS_SAMPLE t=2236.7s rss=3136MB hwm=3136MB
RSS_SAMPLE t=2236.9s rss=3136MB hwm=3136MB
RSS_SAMPLE t=2237.2s rss=3136MB hwm=3136MB
RSS_SAMPLE t=2237.4s rss=3136MB hwm=3136MB
RSS_SAMPLE t=2237.7s rss=3136MB hwm=3136MB
RSS_SAMPLE t=2237.9s rss=3136MB hwm=3136MB
RSS_SAMPLE t=2238.2s rss=3136MB hwm=3136MB
RSS_SAMPLE t=2238.4s rss=3136MB hwm=3136MB
RSS_SAMPLE t=2238.7s rss=3136MB hwm=3136MB
RSS_SAMPLE t=2238.9s rss=3136MB hwm=3136MB
RSS_SAMPLE t=2239.2s rss=3136MB hwm=3136MB
RSS_SAMPLE t=2239.4s rss=3136MB hwm=3136MB
RSS_SAMPLE t=2239.7s rss=3136MB hwm=3136MB
RSS_SAMPLE t=2239.9s rss=3136MB hwm=3136MB
RSS_SAMPLE t=2240.2s rss=3136MB hwm=3136MB
RSS_SAMPLE t=2240.4s rss=3137MB hwm=3137MB
RSS_SAMPLE t=2240.7s rss=3137MB hwm=3137MB
RSS_SAMPLE t=2240.9s rss=3137MB hwm=3137MB
RSS_SAMPLE t=2241.2s rss=3137MB hwm=3137MB
RSS_SAMPLE t=2241.4s rss=3137MB hwm=3137MB
RSS_SAMPLE t=2241.7s rss=3137MB hwm=3137MB
RSS_SAMPLE t=2241.9s rss=3137MB hwm=3137MB
RSS_SAMPLE t=2242.2s rss=3137MB hwm=3137MB
RSS_SAMPLE t=2242.4s rss=3137MB hwm=3137MB
RSS_SAMPLE t=2242.7s rss=3137MB hwm=3137MB
RSS_SAMPLE t=2242.9s rss=3138MB hwm=3138MB
RSS_SAMPLE t=2243.2s rss=3138MB hwm=3138MB
RSS_SAMPLE t=2243.4s rss=3138MB hwm=3138MB
RSS_SAMPLE t=2243.7s rss=3138MB hwm=3138MB
RSS_SAMPLE t=2243.9s rss=3138MB hwm=3138MB
RSS_SAMPLE t=2244.2s rss=3138MB hwm=3138MB
RSS_SAMPLE t=2244.4s rss=3138MB hwm=3138MB
RSS_SAMPLE t=2244.7s rss=3138MB hwm=3138MB
RSS_SAMPLE t=2244.9s rss=3139MB hwm=3139MB
RSS_SAMPLE t=2245.2s rss=3139MB hwm=3139MB
RSS_SAMPLE t=2245.4s rss=3139MB hwm=3139MB
RSS_SAMPLE t=2245.7s rss=3139MB hwm=3139MB
RSS_SAMPLE t=2245.9s rss=3139MB hwm=3139MB
RSS_SAMPLE t=2246.2s rss=3139MB hwm=3139MB
RSS_SAMPLE t=2246.4s rss=3139MB hwm=3139MB
RSS_SAMPLE t=2246.7s rss=3139MB hwm=3139MB
RSS_SAMPLE t=2246.9s rss=3139MB hwm=3139MB
RSS_SAMPLE t=2247.2s rss=3139MB hwm=3139MB
RSS_SAMPLE t=2247.4s rss=3139MB hwm=3139MB
RSS_SAMPLE t=2247.7s rss=3139MB hwm=3139MB
RSS_SAMPLE t=2247.9s rss=3139MB hwm=3139MB
RSS_SAMPLE t=2248.2s rss=3139MB hwm=3139MB
RSS_SAMPLE t=2248.4s rss=3139MB hwm=3139MB
RSS_SAMPLE t=2248.7s rss=3139MB hwm=3139MB
RSS_SAMPLE t=2248.9s rss=3140MB hwm=3140MB
RSS_SAMPLE t=2249.2s rss=3140MB hwm=3140MB
RSS_SAMPLE t=2249.4s rss=3140MB hwm=3140MB
RSS_SAMPLE t=2249.7s rss=3140MB hwm=3140MB
RSS_SAMPLE t=2249.9s rss=3140MB hwm=3140MB
RSS_SAMPLE t=2250.2s rss=3140MB hwm=3140MB
RSS_SAMPLE t=2250.4s rss=3140MB hwm=3140MB
RSS_SAMPLE t=2250.7s rss=3140MB hwm=3140MB
RSS_SAMPLE t=2250.9s rss=3140MB hwm=3140MB
RSS_SAMPLE t=2251.2s rss=3140MB hwm=3140MB
RSS_SAMPLE t=2251.4s rss=3140MB hwm=3140MB
RSS_SAMPLE t=2251.7s rss=3140MB hwm=3140MB
RSS_SAMPLE t=2252.0s rss=3140MB hwm=3140MB
RSS_SAMPLE t=2252.2s rss=3140MB hwm=3140MB
RSS_SAMPLE t=2252.5s rss=3140MB hwm=3140MB
RSS_SAMPLE t=2252.7s rss=3141MB hwm=3141MB
RSS_SAMPLE t=2253.0s rss=3141MB hwm=3141MB
RSS_SAMPLE t=2253.2s rss=3141MB hwm=3141MB
RSS_SAMPLE t=2253.5s rss=3141MB hwm=3141MB
RSS_SAMPLE t=2253.7s rss=3141MB hwm=3141MB
RSS_SAMPLE t=2254.0s rss=3141MB hwm=3141MB
RSS_SAMPLE t=2254.2s rss=3141MB hwm=3141MB
RSS_SAMPLE t=2254.5s rss=3141MB hwm=3141MB
RSS_SAMPLE t=2254.7s rss=3141MB hwm=3141MB
RSS_SAMPLE t=2255.0s rss=3142MB hwm=3142MB
RSS_SAMPLE t=2255.2s rss=3142MB hwm=3142MB
RSS_SAMPLE t=2255.5s rss=3142MB hwm=3142MB
RSS_SAMPLE t=2255.7s rss=3142MB hwm=3142MB
RSS_SAMPLE t=2256.0s rss=3142MB hwm=3142MB
RSS_SAMPLE t=2256.2s rss=3143MB hwm=3143MB
RSS_SAMPLE t=2256.5s rss=3143MB hwm=3143MB
RSS_SAMPLE t=2256.7s rss=3143MB hwm=3143MB
RSS_SAMPLE t=2257.0s rss=3143MB hwm=3143MB
RSS_SAMPLE t=2257.2s rss=3143MB hwm=3143MB
RSS_SAMPLE t=2257.5s rss=3143MB hwm=3143MB
RSS_SAMPLE t=2257.7s rss=3143MB hwm=3143MB
RSS_SAMPLE t=2258.0s rss=3143MB hwm=3143MB
RSS_SAMPLE t=2258.2s rss=3143MB hwm=3143MB
RSS_SAMPLE t=2258.5s rss=3143MB hwm=3143MB
RSS_SAMPLE t=2258.7s rss=3144MB hwm=3144MB
RSS_SAMPLE t=2259.0s rss=3144MB hwm=3144MB
RSS_SAMPLE t=2259.2s rss=3144MB hwm=3144MB
RSS_SAMPLE t=2259.5s rss=3144MB hwm=3144MB
RSS_SAMPLE t=2259.7s rss=3144MB hwm=3144MB
RSS_SAMPLE t=2260.0s rss=3144MB hwm=3144MB
RSS_SAMPLE t=2260.2s rss=3144MB hwm=3144MB
RSS_SAMPLE t=2260.5s rss=3144MB hwm=3144MB
RSS_SAMPLE t=2260.7s rss=3144MB hwm=3144MB
RSS_SAMPLE t=2261.0s rss=3144MB hwm=3144MB
RSS_SAMPLE t=2261.2s rss=3144MB hwm=3144MB
RSS_SAMPLE t=2261.5s rss=3144MB hwm=3144MB
RSS_SAMPLE t=2261.7s rss=3144MB hwm=3144MB
RSS_SAMPLE t=2262.0s rss=3145MB hwm=3145MB
RSS_SAMPLE t=2262.2s rss=3145MB hwm=3145MB
RSS_SAMPLE t=2262.5s rss=3145MB hwm=3145MB
RSS_SAMPLE t=2262.7s rss=3145MB hwm=3145MB
RSS_SAMPLE t=2263.0s rss=3145MB hwm=3145MB
RSS_SAMPLE t=2263.2s rss=3145MB hwm=3145MB
RSS_SAMPLE t=2263.5s rss=3145MB hwm=3145MB
RSS_SAMPLE t=2263.7s rss=3145MB hwm=3145MB
RSS_SAMPLE t=2264.0s rss=3145MB hwm=3145MB
RSS_SAMPLE t=2264.2s rss=3146MB hwm=3146MB
RSS_SAMPLE t=2264.5s rss=3146MB hwm=3146MB
RSS_SAMPLE t=2264.7s rss=3146MB hwm=3146MB
RSS_SAMPLE t=2265.0s rss=3146MB hwm=3146MB
RSS_SAMPLE t=2265.2s rss=3146MB hwm=3146MB
RSS_SAMPLE t=2265.5s rss=3146MB hwm=3146MB
RSS_SAMPLE t=2265.7s rss=3146MB hwm=3146MB
RSS_SAMPLE t=2266.0s rss=3147MB hwm=3147MB
RSS_SAMPLE t=2266.2s rss=3147MB hwm=3147MB
RSS_SAMPLE t=2266.5s rss=3147MB hwm=3147MB
RSS_SAMPLE t=2266.7s rss=3147MB hwm=3147MB
RSS_SAMPLE t=2267.0s rss=3147MB hwm=3147MB
RSS_SAMPLE t=2267.2s rss=3147MB hwm=3147MB
RSS_SAMPLE t=2267.5s rss=3148MB hwm=3148MB
RSS_SAMPLE t=2267.7s rss=3148MB hwm=3148MB
RSS_SAMPLE t=2268.0s rss=3148MB hwm=3148MB
RSS_SAMPLE t=2268.2s rss=3148MB hwm=3148MB
RSS_SAMPLE t=2268.5s rss=3148MB hwm=3148MB
RSS_SAMPLE t=2268.7s rss=3148MB hwm=3148MB
RSS_SAMPLE t=2269.0s rss=3148MB hwm=3148MB
RSS_SAMPLE t=2269.2s rss=3148MB hwm=3148MB
RSS_SAMPLE t=2269.5s rss=3148MB hwm=3148MB
RSS_SAMPLE t=2269.7s rss=3148MB hwm=3148MB
RSS_SAMPLE t=2270.0s rss=3148MB hwm=3148MB
RSS_SAMPLE t=2270.2s rss=3148MB hwm=3148MB
RSS_SAMPLE t=2270.5s rss=3148MB hwm=3148MB
RSS_SAMPLE t=2270.7s rss=3148MB hwm=3148MB
RSS_SAMPLE t=2271.0s rss=3148MB hwm=3148MB
RSS_SAMPLE t=2271.2s rss=3148MB hwm=3148MB
RSS_SAMPLE t=2271.5s rss=3148MB hwm=3148MB
RSS_SAMPLE t=2271.7s rss=3148MB hwm=3148MB
RSS_SAMPLE t=2272.0s rss=3148MB hwm=3148MB
RSS_SAMPLE t=2272.2s rss=3148MB hwm=3148MB
RSS_SAMPLE t=2272.5s rss=3148MB hwm=3148MB
RSS_SAMPLE t=2272.7s rss=3148MB hwm=3148MB
RSS_SAMPLE t=2273.0s rss=3148MB hwm=3148MB
RSS_SAMPLE t=2273.2s rss=3148MB hwm=3148MB
RSS_SAMPLE t=2273.5s rss=3148MB hwm=3148MB
RSS_SAMPLE t=2273.7s rss=3149MB hwm=3149MB
RSS_SAMPLE t=2274.0s rss=3149MB hwm=3149MB
RSS_SAMPLE t=2274.2s rss=3149MB hwm=3149MB
RSS_SAMPLE t=2274.5s rss=3149MB hwm=3149MB
RSS_SAMPLE t=2274.7s rss=3149MB hwm=3149MB
RSS_SAMPLE t=2275.0s rss=3149MB hwm=3149MB
RSS_SAMPLE t=2275.2s rss=3149MB hwm=3149MB
RSS_SAMPLE t=2275.5s rss=3149MB hwm=3149MB
RSS_SAMPLE t=2275.7s rss=3149MB hwm=3149MB
RSS_SAMPLE t=2276.0s rss=3149MB hwm=3149MB
RSS_SAMPLE t=2276.2s rss=3149MB hwm=3149MB
RSS_SAMPLE t=2276.5s rss=3149MB hwm=3149MB
RSS_SAMPLE t=2276.7s rss=3149MB hwm=3149MB
RSS_SAMPLE t=2277.0s rss=3149MB hwm=3149MB
RSS_SAMPLE t=2277.2s rss=3149MB hwm=3149MB
RSS_SAMPLE t=2277.5s rss=3149MB hwm=3149MB
RSS_SAMPLE t=2277.7s rss=3150MB hwm=3150MB
RSS_SAMPLE t=2278.0s rss=3150MB hwm=3150MB
RSS_SAMPLE t=2278.2s rss=3150MB hwm=3150MB
RSS_SAMPLE t=2278.5s rss=3150MB hwm=3150MB
RSS_SAMPLE t=2278.7s rss=3150MB hwm=3150MB
RSS_SAMPLE t=2279.0s rss=3150MB hwm=3150MB
RSS_SAMPLE t=2279.2s rss=3150MB hwm=3150MB
RSS_SAMPLE t=2279.5s rss=3150MB hwm=3150MB
RSS_SAMPLE t=2279.7s rss=3150MB hwm=3150MB
RSS_SAMPLE t=2280.0s rss=3150MB hwm=3150MB
RSS_SAMPLE t=2280.2s rss=3150MB hwm=3150MB
RSS_SAMPLE t=2280.5s rss=3150MB hwm=3150MB
RSS_SAMPLE t=2280.7s rss=3150MB hwm=3150MB
RSS_SAMPLE t=2281.0s rss=3150MB hwm=3150MB
RSS_SAMPLE t=2281.2s rss=3150MB hwm=3150MB
RSS_SAMPLE t=2281.5s rss=3150MB hwm=3150MB
RSS_SAMPLE t=2281.7s rss=3150MB hwm=3150MB
RSS_SAMPLE t=2282.0s rss=3150MB hwm=3150MB
RSS_SAMPLE t=2282.2s rss=3150MB hwm=3150MB
RSS_SAMPLE t=2282.5s rss=3151MB hwm=3151MB
RSS_SAMPLE t=2282.7s rss=3151MB hwm=3151MB
RSS_SAMPLE t=2283.0s rss=3151MB hwm=3151MB
RSS_SAMPLE t=2283.2s rss=3151MB hwm=3151MB
RSS_SAMPLE t=2283.5s rss=3151MB hwm=3151MB
RSS_SAMPLE t=2283.7s rss=3151MB hwm=3151MB
RSS_SAMPLE t=2284.0s rss=3151MB hwm=3151MB
RSS_SAMPLE t=2284.2s rss=3151MB hwm=3151MB
RSS_SAMPLE t=2284.5s rss=3151MB hwm=3151MB
RSS_SAMPLE t=2284.7s rss=3151MB hwm=3151MB
RSS_SAMPLE t=2285.0s rss=3151MB hwm=3151MB
RSS_SAMPLE t=2285.2s rss=3151MB hwm=3151MB
RSS_SAMPLE t=2285.5s rss=3151MB hwm=3151MB
RSS_SAMPLE t=2285.7s rss=3151MB hwm=3151MB
RSS_SAMPLE t=2286.0s rss=3151MB hwm=3151MB
RSS_SAMPLE t=2286.2s rss=3151MB hwm=3151MB
RSS_SAMPLE t=2286.5s rss=3151MB hwm=3151MB
RSS_SAMPLE t=2286.7s rss=3151MB hwm=3151MB
RSS_SAMPLE t=2287.0s rss=3151MB hwm=3151MB
RSS_SAMPLE t=2287.2s rss=3151MB hwm=3151MB
RSS_SAMPLE t=2287.5s rss=3151MB hwm=3151MB
RSS_SAMPLE t=2287.7s rss=3151MB hwm=3151MB
RSS_SAMPLE t=2288.0s rss=3151MB hwm=3151MB
RSS_SAMPLE t=2288.2s rss=3151MB hwm=3151MB
RSS_SAMPLE t=2288.5s rss=3151MB hwm=3151MB
RSS_SAMPLE t=2288.7s rss=3151MB hwm=3151MB
RSS_SAMPLE t=2289.0s rss=3151MB hwm=3151MB
RSS_SAMPLE t=2289.2s rss=3151MB hwm=3151MB
RSS_SAMPLE t=2289.5s rss=3151MB hwm=3151MB
RSS_SAMPLE t=2289.7s rss=3151MB hwm=3151MB
RSS_SAMPLE t=2290.0s rss=3151MB hwm=3151MB
RSS_SAMPLE t=2290.2s rss=3151MB hwm=3151MB
RSS_SAMPLE t=2290.5s rss=3151MB hwm=3151MB
RSS_SAMPLE t=2290.7s rss=3151MB hwm=3151MB
RSS_SAMPLE t=2291.0s rss=3151MB hwm=3151MB
RSS_SAMPLE t=2291.2s rss=3151MB hwm=3151MB
RSS_SAMPLE t=2291.5s rss=3151MB hwm=3151MB
RSS_SAMPLE t=2291.7s rss=3151MB hwm=3151MB
RSS_SAMPLE t=2292.0s rss=3151MB hwm=3151MB
RSS_SAMPLE t=2292.2s rss=3151MB hwm=3151MB
RSS_SAMPLE t=2292.5s rss=3151MB hwm=3151MB
RSS_SAMPLE t=2292.7s rss=3151MB hwm=3151MB
RSS_SAMPLE t=2293.0s rss=3151MB hwm=3151MB
RSS_SAMPLE t=2293.2s rss=3151MB hwm=3151MB
RSS_SAMPLE t=2293.5s rss=3151MB hwm=3151MB
RSS_SAMPLE t=2293.7s rss=3151MB hwm=3151MB
RSS_SAMPLE t=2294.0s rss=3151MB hwm=3151MB
RSS_SAMPLE t=2294.2s rss=3151MB hwm=3151MB
RSS_SAMPLE t=2294.5s rss=3151MB hwm=3151MB
RSS_SAMPLE t=2294.7s rss=3151MB hwm=3151MB
RSS_SAMPLE t=2295.0s rss=3151MB hwm=3151MB
RSS_SAMPLE t=2295.2s rss=3151MB hwm=3151MB
RSS_SAMPLE t=2295.5s rss=3151MB hwm=3151MB
RSS_SAMPLE t=2295.7s rss=3151MB hwm=3151MB
RSS_SAMPLE t=2296.0s rss=3151MB hwm=3151MB
RSS_SAMPLE t=2296.2s rss=3151MB hwm=3151MB
RSS_SAMPLE t=2296.5s rss=3151MB hwm=3151MB
RSS_SAMPLE t=2296.7s rss=3151MB hwm=3151MB
RSS_SAMPLE t=2297.0s rss=3151MB hwm=3151MB
RSS_SAMPLE t=2297.2s rss=3151MB hwm=3151MB
RSS_SAMPLE t=2297.5s rss=3151MB hwm=3151MB
RSS_SAMPLE t=2297.7s rss=3151MB hwm=3151MB
RSS_SAMPLE t=2298.0s rss=3151MB hwm=3151MB
RSS_SAMPLE t=2298.2s rss=3151MB hwm=3151MB
RSS_SAMPLE t=2298.5s rss=3151MB hwm=3151MB
RSS_SAMPLE t=2298.7s rss=3151MB hwm=3151MB
RSS_SAMPLE t=2299.0s rss=3151MB hwm=3151MB
RSS_SAMPLE t=2299.2s rss=3151MB hwm=3151MB
RSS_SAMPLE t=2299.5s rss=3151MB hwm=3151MB
RSS_SAMPLE t=2299.7s rss=3151MB hwm=3151MB
RSS_SAMPLE t=2300.0s rss=3151MB hwm=3151MB
RSS_SAMPLE t=2300.2s rss=3151MB hwm=3151MB
RSS_SAMPLE t=2300.5s rss=3151MB hwm=3151MB
RSS_SAMPLE t=2300.7s rss=3151MB hwm=3151MB
RSS_SAMPLE t=2301.0s rss=3151MB hwm=3151MB
RSS_SAMPLE t=2301.2s rss=3151MB hwm=3151MB
RSS_SAMPLE t=2301.5s rss=3151MB hwm=3151MB
RSS_SAMPLE t=2301.7s rss=3151MB hwm=3151MB
RSS_SAMPLE t=2302.0s rss=3151MB hwm=3151MB
RSS_SAMPLE t=2302.2s rss=3151MB hwm=3151MB
RSS_SAMPLE t=2302.5s rss=3151MB hwm=3151MB
RSS_SAMPLE t=2302.7s rss=3151MB hwm=3151MB
RSS_SAMPLE t=2303.0s rss=3151MB hwm=3151MB
RSS_SAMPLE t=2303.2s rss=3151MB hwm=3151MB
RSS_SAMPLE t=2303.5s rss=3151MB hwm=3151MB
RSS_SAMPLE t=2303.7s rss=3151MB hwm=3151MB
RSS_SAMPLE t=2304.0s rss=3151MB hwm=3151MB
RSS_SAMPLE t=2304.2s rss=3151MB hwm=3151MB
RSS_SAMPLE t=2304.5s rss=3151MB hwm=3151MB
RSS_SAMPLE t=2304.7s rss=3151MB hwm=3151MB
RSS_SAMPLE t=2305.0s rss=3151MB hwm=3151MB
RSS_SAMPLE t=2305.2s rss=3151MB hwm=3151MB
RSS_SAMPLE t=2305.5s rss=3151MB hwm=3151MB
RSS_SAMPLE t=2305.7s rss=3151MB hwm=3151MB
RSS_SAMPLE t=2306.0s rss=3151MB hwm=3151MB
RSS_SAMPLE t=2306.2s rss=3151MB hwm=3151MB
RSS_SAMPLE t=2306.5s rss=3151MB hwm=3151MB
RSS_SAMPLE t=2306.7s rss=3151MB hwm=3151MB
RSS_SAMPLE t=2307.0s rss=3151MB hwm=3151MB
RSS_SAMPLE t=2307.2s rss=3151MB hwm=3151MB
RSS_SAMPLE t=2307.5s rss=3151MB hwm=3151MB
RSS_SAMPLE t=2307.7s rss=3151MB hwm=3151MB
RSS_SAMPLE t=2308.0s rss=3151MB hwm=3151MB
RSS_SAMPLE t=2308.2s rss=3151MB hwm=3151MB
RSS_SAMPLE t=2308.5s rss=3151MB hwm=3151MB
RSS_SAMPLE t=2308.7s rss=3151MB hwm=3151MB
RSS_SAMPLE t=2309.0s rss=3151MB hwm=3151MB
RSS_SAMPLE t=2309.2s rss=3151MB hwm=3151MB
RSS_SAMPLE t=2309.5s rss=3151MB hwm=3151MB
RSS_SAMPLE t=2309.7s rss=3151MB hwm=3151MB
RSS_SAMPLE t=2310.0s rss=3151MB hwm=3151MB
RSS_SAMPLE t=2310.2s rss=3151MB hwm=3151MB
RSS_SAMPLE t=2310.5s rss=3151MB hwm=3151MB
RSS_SAMPLE t=2310.7s rss=3151MB hwm=3151MB
RSS_SAMPLE t=2311.0s rss=3151MB hwm=3151MB
RSS_SAMPLE t=2311.2s rss=3151MB hwm=3151MB
RSS_SAMPLE t=2311.5s rss=3151MB hwm=3151MB
RSS_SAMPLE t=2311.7s rss=3151MB hwm=3151MB
RSS_SAMPLE t=2312.0s rss=3151MB hwm=3151MB
RSS_SAMPLE t=2312.2s rss=3151MB hwm=3151MB
RSS_SAMPLE t=2312.5s rss=3151MB hwm=3151MB
RSS_SAMPLE t=2312.7s rss=3151MB hwm=3151MB
RSS_SAMPLE t=2313.0s rss=3151MB hwm=3151MB
RSS_SAMPLE t=2313.2s rss=3151MB hwm=3151MB
RSS_SAMPLE t=2313.5s rss=3151MB hwm=3151MB
RSS_SAMPLE t=2313.7s rss=3151MB hwm=3151MB
RSS_SAMPLE t=2314.0s rss=3151MB hwm=3151MB
RSS_SAMPLE t=2314.2s rss=3151MB hwm=3151MB
RSS_SAMPLE t=2314.5s rss=3151MB hwm=3151MB
RSS_SAMPLE t=2314.7s rss=3151MB hwm=3151MB
RSS_SAMPLE t=2315.0s rss=3151MB hwm=3151MB
RSS_SAMPLE t=2315.2s rss=3151MB hwm=3151MB
RSS_SAMPLE t=2315.5s rss=3151MB hwm=3151MB
RSS_SAMPLE t=2315.7s rss=3151MB hwm=3151MB
RSS_SAMPLE t=2316.0s rss=3151MB hwm=3151MB
RSS_SAMPLE t=2316.2s rss=3151MB hwm=3151MB
RSS_SAMPLE t=2316.5s rss=3151MB hwm=3151MB
RSS_SAMPLE t=2316.7s rss=3151MB hwm=3151MB
RSS_SAMPLE t=2317.0s rss=3151MB hwm=3151MB
RSS_SAMPLE t=2317.2s rss=3151MB hwm=3151MB
RSS_SAMPLE t=2317.5s rss=3151MB hwm=3151MB
RSS_SAMPLE t=2317.7s rss=3151MB hwm=3151MB
RSS_SAMPLE t=2318.0s rss=3151MB hwm=3151MB
RSS_SAMPLE t=2318.2s rss=3151MB hwm=3151MB
RSS_SAMPLE t=2318.5s rss=3151MB hwm=3151MB
RSS_SAMPLE t=2318.7s rss=3151MB hwm=3151MB
RSS_SAMPLE t=2319.0s rss=3151MB hwm=3151MB
RSS_SAMPLE t=2319.2s rss=3151MB hwm=3151MB
RSS_SAMPLE t=2319.5s rss=3151MB hwm=3151MB
RSS_SAMPLE t=2319.7s rss=3151MB hwm=3151MB
RSS_SAMPLE t=2320.0s rss=3151MB hwm=3151MB
RSS_SAMPLE t=2320.2s rss=3151MB hwm=3151MB
RSS_SAMPLE t=2320.5s rss=3151MB hwm=3151MB
RSS_SAMPLE t=2320.7s rss=3151MB hwm=3151MB
RSS_SAMPLE t=2321.0s rss=3151MB hwm=3151MB
RSS_SAMPLE t=2321.2s rss=3151MB hwm=3151MB
RSS_SAMPLE t=2321.5s rss=3151MB hwm=3151MB
RSS_SAMPLE t=2321.7s rss=3151MB hwm=3151MB
RSS_SAMPLE t=2322.0s rss=3151MB hwm=3151MB
RSS_SAMPLE t=2322.2s rss=3151MB hwm=3151MB
RSS_SAMPLE t=2322.5s rss=3151MB hwm=3151MB
RSS_SAMPLE t=2322.7s rss=3151MB hwm=3151MB
RSS_SAMPLE t=2323.0s rss=3151MB hwm=3151MB
RSS_SAMPLE t=2323.2s rss=3151MB hwm=3151MB
RSS_SAMPLE t=2323.5s rss=3151MB hwm=3151MB
RSS_SAMPLE t=2323.7s rss=3151MB hwm=3151MB
RSS_SAMPLE t=2324.0s rss=3151MB hwm=3151MB
RSS_SAMPLE t=2324.2s rss=3151MB hwm=3151MB
RSS_SAMPLE t=2324.5s rss=3151MB hwm=3151MB
RSS_SAMPLE t=2324.7s rss=3151MB hwm=3151MB
RSS_SAMPLE t=2325.0s rss=3151MB hwm=3151MB
RSS_SAMPLE t=2325.2s rss=3151MB hwm=3151MB
RSS_SAMPLE t=2325.5s rss=3151MB hwm=3151MB
RSS_SAMPLE t=2325.7s rss=3151MB hwm=3151MB
RSS_SAMPLE t=2326.0s rss=3151MB hwm=3151MB
RSS_SAMPLE t=2326.2s rss=3151MB hwm=3151MB
RSS_SAMPLE t=2326.5s rss=3151MB hwm=3151MB
RSS_SAMPLE t=2326.7s rss=3151MB hwm=3151MB
RSS_SAMPLE t=2327.0s rss=3151MB hwm=3151MB
RSS_SAMPLE t=2327.2s rss=3151MB hwm=3151MB
RSS_SAMPLE t=2327.5s rss=3151MB hwm=3151MB
RSS_SAMPLE t=2327.7s rss=3151MB hwm=3151MB
RSS_SAMPLE t=2328.0s rss=3151MB hwm=3151MB
RSS_SAMPLE t=2328.2s rss=3151MB hwm=3151MB
RSS_SAMPLE t=2328.5s rss=3151MB hwm=3151MB
RSS_SAMPLE t=2328.7s rss=3151MB hwm=3151MB
RSS_SAMPLE t=2329.0s rss=3151MB hwm=3151MB
RSS_SAMPLE t=2329.2s rss=3151MB hwm=3151MB
RSS_SAMPLE t=2329.5s rss=3151MB hwm=3151MB
RSS_SAMPLE t=2329.7s rss=3151MB hwm=3151MB
RSS_SAMPLE t=2330.0s rss=3151MB hwm=3151MB
RSS_SAMPLE t=2330.2s rss=3151MB hwm=3151MB
RSS_SAMPLE t=2330.5s rss=3151MB hwm=3151MB
RSS_SAMPLE t=2330.7s rss=3151MB hwm=3151MB
RSS_SAMPLE t=2331.0s rss=3151MB hwm=3151MB
RSS_SAMPLE t=2331.2s rss=3151MB hwm=3151MB
RSS_SAMPLE t=2331.5s rss=3151MB hwm=3151MB
RSS_SAMPLE t=2331.7s rss=3151MB hwm=3151MB
RSS_SAMPLE t=2332.0s rss=3151MB hwm=3151MB
RSS_SAMPLE t=2332.2s rss=3151MB hwm=3151MB
RSS_SAMPLE t=2332.5s rss=3151MB hwm=3151MB
RSS_SAMPLE t=2332.7s rss=3151MB hwm=3151MB
RSS_SAMPLE t=2333.0s rss=3151MB hwm=3151MB
RSS_SAMPLE t=2333.2s rss=3151MB hwm=3151MB
RSS_SAMPLE t=2333.5s rss=3151MB hwm=3151MB
RSS_SAMPLE t=2333.7s rss=3151MB hwm=3151MB
RSS_SAMPLE t=2334.0s rss=3151MB hwm=3151MB
RSS_SAMPLE t=2334.2s rss=3151MB hwm=3151MB
RSS_SAMPLE t=2334.5s rss=3151MB hwm=3151MB
RSS_SAMPLE t=2334.7s rss=3151MB hwm=3151MB
RSS_SAMPLE t=2335.0s rss=3151MB hwm=3151MB
RSS_SAMPLE t=2335.2s rss=3151MB hwm=3151MB
RSS_SAMPLE t=2335.5s rss=3151MB hwm=3151MB
RSS_SAMPLE t=2335.7s rss=3151MB hwm=3151MB
RSS_SAMPLE t=2336.0s rss=3151MB hwm=3151MB
RSS_SAMPLE t=2336.2s rss=3151MB hwm=3151MB
RSS_SAMPLE t=2336.5s rss=3151MB hwm=3151MB
RSS_SAMPLE t=2336.7s rss=3151MB hwm=3151MB
RSS_SAMPLE t=2337.0s rss=3151MB hwm=3151MB
RSS_SAMPLE t=2337.2s rss=3151MB hwm=3151MB
RSS_SAMPLE t=2337.5s rss=3151MB hwm=3151MB
RSS_SAMPLE t=2337.7s rss=3151MB hwm=3151MB
RSS_SAMPLE t=2338.0s rss=3151MB hwm=3151MB
RSS_SAMPLE t=2338.2s rss=3151MB hwm=3151MB
RSS_SAMPLE t=2338.5s rss=3151MB hwm=3151MB
RSS_SAMPLE t=2338.7s rss=3151MB hwm=3151MB
RSS_SAMPLE t=2339.0s rss=3151MB hwm=3151MB
RSS_SAMPLE t=2339.2s rss=3151MB hwm=3151MB
RSS_SAMPLE t=2339.5s rss=3151MB hwm=3151MB
RSS_SAMPLE t=2339.7s rss=3151MB hwm=3151MB
RSS_SAMPLE t=2340.0s rss=3151MB hwm=3151MB
RSS_SAMPLE t=2340.2s rss=3151MB hwm=3151MB
RSS_SAMPLE t=2340.5s rss=3151MB hwm=3151MB
RSS_SAMPLE t=2340.8s rss=3151MB hwm=3151MB
RSS_SAMPLE t=2341.0s rss=3151MB hwm=3151MB
RSS_SAMPLE t=2341.3s rss=3151MB hwm=3151MB
RSS_SAMPLE t=2341.5s rss=3151MB hwm=3151MB
RSS_SAMPLE t=2341.8s rss=3151MB hwm=3151MB
RSS_SAMPLE t=2342.0s rss=3151MB hwm=3151MB
RSS_SAMPLE t=2342.3s rss=3151MB hwm=3151MB
RSS_SAMPLE t=2342.5s rss=3151MB hwm=3151MB
RSS_SAMPLE t=2342.8s rss=3151MB hwm=3151MB
RSS_SAMPLE t=2343.0s rss=3151MB hwm=3151MB
RSS_SAMPLE t=2343.3s rss=3151MB hwm=3151MB
RSS_SAMPLE t=2343.5s rss=3151MB hwm=3151MB
RSS_SAMPLE t=2343.8s rss=3151MB hwm=3151MB
RSS_SAMPLE t=2344.0s rss=3151MB hwm=3151MB
RSS_SAMPLE t=2344.3s rss=3151MB hwm=3151MB
RSS_SAMPLE t=2344.5s rss=3151MB hwm=3151MB
RSS_SAMPLE t=2344.8s rss=3151MB hwm=3151MB
RSS_SAMPLE t=2345.0s rss=3151MB hwm=3151MB
RSS_SAMPLE t=2345.3s rss=3151MB hwm=3151MB
RSS_SAMPLE t=2345.5s rss=3151MB hwm=3151MB
RSS_SAMPLE t=2345.8s rss=3151MB hwm=3151MB
RSS_SAMPLE t=2346.0s rss=3151MB hwm=3151MB
RSS_SAMPLE t=2346.3s rss=3151MB hwm=3151MB
RSS_SAMPLE t=2346.5s rss=3151MB hwm=3151MB
RSS_SAMPLE t=2346.8s rss=3151MB hwm=3151MB
RSS_SAMPLE t=2347.0s rss=3151MB hwm=3151MB
RSS_SAMPLE t=2347.3s rss=3151MB hwm=3151MB
RSS_SAMPLE t=2347.5s rss=3151MB hwm=3151MB
MEM_POOL: workspaces=8 dense_usage_mb=313 n_pipes=2562403
    post_solve_diag[outer=13]: solves=105117 cap_armed=105117 (100.0%) settle_avg=5081 above_sink_avg=206 (4.1%) settle_max=69353
    settle_hist[outer=13]: <100: 26462nets/0.1%work  <1k: 25730nets/1.8%work  <5k: 25103nets/12.3%work  <20k: 19759nets/38.7%work  <60k: 7943nets/45.6%work  >=60k: 120nets/1.4%work
    fanout_hist[outer=13]: fan1: 43710nets/13.5%work  fan2-4: 48279nets/50.0%work  fan5-16: 12974nets/35.6%work  fan17-64: 154nets/1.0%work  fan65-256: 0nets/0.0%work  fan>256: 0nets/0.0%work
    rss_probe[outer=13]: pre_post_solve=3134MB post_post_solve=3151MB after_apply=3151MB
RSS_SAMPLE t=2347.8s rss=3151MB hwm=3151MB
RSS_SAMPLE t=2348.0s rss=3151MB hwm=3151MB
    E_decomp: base=6104000.3 eff=121321337741135.2 cong=121321331637134.9 cong_share=100.0% sat_pipes=112574 max_util=902.59  R_buckets: 1-2x=757741 2-10x=445564 10-100x=239478 >=100x=1119620
    E_potential: beckmann=9875531219644.2 history_total=0.0
    SpanCache: epoch=14 entries=1669 lookups=2562403 hits=2560734 misses=1669 hit_rate=99.9%
  DCD  13: nets=105117 line=11429912 energy=13607780715.240 dE=+6134361459.182 friction=3243860.7 bins=1.9x(176) excess=57.4 moved=68366 disp=4.431 solves=105117 skip=105117 pops=534064014 theta=1.941 refresh=135895ms dcd=8671ms total=147539ms
    cache_stats: entries=61245174 capacity=128450012 est_mb=1107 rss_mb=3151
RSS_SAMPLE t=2348.3s rss=3151MB hwm=3151MB
RSS_SAMPLE t=2348.5s rss=3151MB hwm=3151MB
RSS_SAMPLE t=2348.8s rss=3151MB hwm=3151MB
RSS_SAMPLE t=2349.0s rss=3151MB hwm=3151MB
RSS_SAMPLE t=2349.3s rss=3151MB hwm=3151MB
RSS_SAMPLE t=2349.5s rss=3151MB hwm=3151MB
RSS_SAMPLE t=2349.8s rss=3151MB hwm=3151MB
RSS_SAMPLE t=2350.0s rss=3151MB hwm=3151MB
RSS_SAMPLE t=2350.3s rss=3151MB hwm=3151MB
RSS_SAMPLE t=2350.5s rss=3151MB hwm=3151MB
RSS_SAMPLE t=2350.8s rss=3151MB hwm=3151MB
RSS_SAMPLE t=2351.0s rss=3151MB hwm=3151MB
RSS_SAMPLE t=2351.3s rss=3151MB hwm=3151MB
RSS_SAMPLE t=2351.5s rss=3151MB hwm=3151MB
RSS_SAMPLE t=2351.8s rss=3151MB hwm=3151MB
    SwitchMatrix: type_usage_pairs=613 lookups=1777 hits=1164 dijkstra_calls=613 avg_us=19.7 total_ms=12.1
PHASE_MARK outer=14 enter=pre_solve rss=3151MB
    rss_probe[outer=14]: pre_refresh_rss=3151MB post_pre_solve_rss=3151MB cache_entries=61245174 cache_cap=128450012 cache_est_mb=1107
    pre_solve_diag[outer=14]: solves=0 fallback=0 (0.0%) cap_armed=0 (0.0%) settle_avg=0 settle_max=0 init_count=53
    Overflow: over=98352 (3.8% of used) avg_excess=3.08 max_excess=3095.99 (nc=3119.99 cap=24 span=1)  excess_buckets: <=1=38641 1-5=45392 5-20=12933 >20=1386  by_cap: cap1=23851 cap2=72227 cap3-5=926 cap>5=1348  by_span: s1=378 s2-3=462 s4-6=1475 s7-12=71314 s>12=24723  le1_cross: cap1=20794 cap2-5=17649 cap>5=198
    Congestion: pipes=2562403 used=2562403 congested(>50%)=298338 saturated(>90%)=112574 max_util=902.59 avg_util=0.2873
PHASE_MARK outer=14 enter=dcd_sweep rss=3151MB
RSS_SAMPLE t=2352.0s rss=3151MB hwm=3151MB
RSS_SAMPLE t=2352.3s rss=3151MB hwm=3151MB
RSS_SAMPLE t=2352.5s rss=3151MB hwm=3151MB
RSS_SAMPLE t=2352.8s rss=3151MB hwm=3151MB
RSS_SAMPLE t=2353.0s rss=3151MB hwm=3151MB
RSS_SAMPLE t=2353.3s rss=3151MB hwm=3151MB
RSS_SAMPLE t=2353.5s rss=3151MB hwm=3151MB
RSS_SAMPLE t=2353.8s rss=3151MB hwm=3151MB
RSS_SAMPLE t=2354.0s rss=3151MB hwm=3151MB
RSS_SAMPLE t=2354.3s rss=3151MB hwm=3151MB
RSS_SAMPLE t=2354.5s rss=3151MB hwm=3151MB
RSS_SAMPLE t=2354.8s rss=3151MB hwm=3151MB
RSS_SAMPLE t=2355.0s rss=3151MB hwm=3151MB
RSS_SAMPLE t=2355.3s rss=3151MB hwm=3151MB
RSS_SAMPLE t=2355.5s rss=3151MB hwm=3151MB
RSS_SAMPLE t=2355.8s rss=3151MB hwm=3151MB
RSS_SAMPLE t=2356.0s rss=3151MB hwm=3151MB
RSS_SAMPLE t=2356.3s rss=3151MB hwm=3151MB
RSS_SAMPLE t=2356.5s rss=3151MB hwm=3151MB
RSS_SAMPLE t=2356.8s rss=3151MB hwm=3151MB
RSS_SAMPLE t=2357.0s rss=3151MB hwm=3151MB
RSS_SAMPLE t=2357.3s rss=3151MB hwm=3151MB
RSS_SAMPLE t=2357.5s rss=3151MB hwm=3151MB
RSS_SAMPLE t=2357.8s rss=3151MB hwm=3151MB
RSS_SAMPLE t=2358.0s rss=3151MB hwm=3151MB
RSS_SAMPLE t=2358.3s rss=3151MB hwm=3151MB
RSS_SAMPLE t=2358.5s rss=3151MB hwm=3151MB
RSS_SAMPLE t=2358.8s rss=3151MB hwm=3151MB
RSS_SAMPLE t=2359.0s rss=3151MB hwm=3151MB
RSS_SAMPLE t=2359.3s rss=3151MB hwm=3151MB
RSS_SAMPLE t=2359.5s rss=3151MB hwm=3151MB
RSS_SAMPLE t=2359.8s rss=3151MB hwm=3151MB
PHASE_MARK outer=14 leave=dcd_sweep rss=3151MB
PHASE_MARK outer=14 enter=post_refresh rss=3151MB
RSS_SAMPLE t=2360.0s rss=3152MB hwm=3152MB
RSS_SAMPLE t=2360.3s rss=3152MB hwm=3152MB
RSS_SAMPLE t=2360.5s rss=3152MB hwm=3152MB
RSS_SAMPLE t=2360.8s rss=3152MB hwm=3152MB
RSS_SAMPLE t=2361.0s rss=3152MB hwm=3152MB
RSS_SAMPLE t=2361.3s rss=3152MB hwm=3152MB
RSS_SAMPLE t=2361.5s rss=3152MB hwm=3152MB
RSS_SAMPLE t=2361.8s rss=3152MB hwm=3152MB
RSS_SAMPLE t=2362.0s rss=3152MB hwm=3152MB
RSS_SAMPLE t=2362.3s rss=3152MB hwm=3152MB
RSS_SAMPLE t=2362.5s rss=3152MB hwm=3152MB
RSS_SAMPLE t=2362.8s rss=3152MB hwm=3152MB
RSS_SAMPLE t=2363.0s rss=3152MB hwm=3152MB
RSS_SAMPLE t=2363.3s rss=3152MB hwm=3152MB
RSS_SAMPLE t=2363.5s rss=3152MB hwm=3152MB
RSS_SAMPLE t=2363.8s rss=3152MB hwm=3152MB
RSS_SAMPLE t=2364.0s rss=3152MB hwm=3152MB
RSS_SAMPLE t=2364.3s rss=3152MB hwm=3152MB
RSS_SAMPLE t=2364.5s rss=3152MB hwm=3152MB
RSS_SAMPLE t=2364.8s rss=3152MB hwm=3152MB
RSS_SAMPLE t=2365.0s rss=3152MB hwm=3152MB
RSS_SAMPLE t=2365.3s rss=3152MB hwm=3152MB
RSS_SAMPLE t=2365.5s rss=3152MB hwm=3152MB
RSS_SAMPLE t=2365.8s rss=3152MB hwm=3152MB
RSS_SAMPLE t=2366.0s rss=3152MB hwm=3152MB
RSS_SAMPLE t=2366.3s rss=3152MB hwm=3152MB
RSS_SAMPLE t=2366.5s rss=3152MB hwm=3152MB
RSS_SAMPLE t=2366.8s rss=3152MB hwm=3152MB
RSS_SAMPLE t=2367.0s rss=3152MB hwm=3152MB
RSS_SAMPLE t=2367.3s rss=3152MB hwm=3152MB
RSS_SAMPLE t=2367.5s rss=3152MB hwm=3152MB
RSS_SAMPLE t=2367.8s rss=3152MB hwm=3152MB
RSS_SAMPLE t=2368.0s rss=3152MB hwm=3152MB
RSS_SAMPLE t=2368.3s rss=3152MB hwm=3152MB
RSS_SAMPLE t=2368.5s rss=3153MB hwm=3153MB
RSS_SAMPLE t=2368.8s rss=3153MB hwm=3153MB
RSS_SAMPLE t=2369.0s rss=3153MB hwm=3153MB
RSS_SAMPLE t=2369.3s rss=3153MB hwm=3153MB
RSS_SAMPLE t=2369.5s rss=3153MB hwm=3153MB
RSS_SAMPLE t=2369.8s rss=3153MB hwm=3153MB
RSS_SAMPLE t=2370.0s rss=3153MB hwm=3153MB
RSS_SAMPLE t=2370.3s rss=3153MB hwm=3153MB
RSS_SAMPLE t=2370.5s rss=3153MB hwm=3153MB
RSS_SAMPLE t=2370.8s rss=3153MB hwm=3153MB
RSS_SAMPLE t=2371.0s rss=3153MB hwm=3153MB
RSS_SAMPLE t=2371.3s rss=3153MB hwm=3153MB
RSS_SAMPLE t=2371.5s rss=3153MB hwm=3153MB
RSS_SAMPLE t=2371.8s rss=3153MB hwm=3153MB
RSS_SAMPLE t=2372.0s rss=3153MB hwm=3153MB
RSS_SAMPLE t=2372.3s rss=3153MB hwm=3153MB
RSS_SAMPLE t=2372.5s rss=3153MB hwm=3153MB
RSS_SAMPLE t=2372.8s rss=3153MB hwm=3153MB
RSS_SAMPLE t=2373.0s rss=3153MB hwm=3153MB
RSS_SAMPLE t=2373.3s rss=3153MB hwm=3153MB
RSS_SAMPLE t=2373.5s rss=3153MB hwm=3153MB
RSS_SAMPLE t=2373.8s rss=3153MB hwm=3153MB
RSS_SAMPLE t=2374.0s rss=3153MB hwm=3153MB
RSS_SAMPLE t=2374.3s rss=3153MB hwm=3153MB
RSS_SAMPLE t=2374.5s rss=3153MB hwm=3153MB
RSS_SAMPLE t=2374.8s rss=3153MB hwm=3153MB
RSS_SAMPLE t=2375.0s rss=3153MB hwm=3153MB
RSS_SAMPLE t=2375.3s rss=3153MB hwm=3153MB
RSS_SAMPLE t=2375.5s rss=3153MB hwm=3153MB
RSS_SAMPLE t=2375.8s rss=3153MB hwm=3153MB
RSS_SAMPLE t=2376.0s rss=3153MB hwm=3153MB
RSS_SAMPLE t=2376.3s rss=3153MB hwm=3153MB
RSS_SAMPLE t=2376.5s rss=3153MB hwm=3153MB
RSS_SAMPLE t=2376.8s rss=3153MB hwm=3153MB
RSS_SAMPLE t=2377.0s rss=3153MB hwm=3153MB
RSS_SAMPLE t=2377.3s rss=3153MB hwm=3153MB
RSS_SAMPLE t=2377.5s rss=3153MB hwm=3153MB
RSS_SAMPLE t=2377.8s rss=3153MB hwm=3153MB
RSS_SAMPLE t=2378.0s rss=3153MB hwm=3153MB
RSS_SAMPLE t=2378.3s rss=3153MB hwm=3153MB
RSS_SAMPLE t=2378.5s rss=3153MB hwm=3153MB
RSS_SAMPLE t=2378.8s rss=3153MB hwm=3153MB
RSS_SAMPLE t=2379.0s rss=3153MB hwm=3153MB
RSS_SAMPLE t=2379.3s rss=3153MB hwm=3153MB
RSS_SAMPLE t=2379.5s rss=3153MB hwm=3153MB
RSS_SAMPLE t=2379.8s rss=3153MB hwm=3153MB
RSS_SAMPLE t=2380.0s rss=3153MB hwm=3153MB
RSS_SAMPLE t=2380.3s rss=3153MB hwm=3153MB
RSS_SAMPLE t=2380.5s rss=3153MB hwm=3153MB
RSS_SAMPLE t=2380.8s rss=3153MB hwm=3153MB
RSS_SAMPLE t=2381.0s rss=3153MB hwm=3153MB
RSS_SAMPLE t=2381.3s rss=3153MB hwm=3153MB
RSS_SAMPLE t=2381.5s rss=3153MB hwm=3153MB
RSS_SAMPLE t=2381.8s rss=3153MB hwm=3153MB
RSS_SAMPLE t=2382.0s rss=3153MB hwm=3153MB
RSS_SAMPLE t=2382.3s rss=3153MB hwm=3153MB
RSS_SAMPLE t=2382.5s rss=3153MB hwm=3153MB
RSS_SAMPLE t=2382.8s rss=3153MB hwm=3153MB
RSS_SAMPLE t=2383.0s rss=3153MB hwm=3153MB
RSS_SAMPLE t=2383.3s rss=3153MB hwm=3153MB
RSS_SAMPLE t=2383.5s rss=3153MB hwm=3153MB
RSS_SAMPLE t=2383.8s rss=3153MB hwm=3153MB
RSS_SAMPLE t=2384.0s rss=3153MB hwm=3153MB
RSS_SAMPLE t=2384.3s rss=3153MB hwm=3153MB
RSS_SAMPLE t=2384.5s rss=3153MB hwm=3153MB
RSS_SAMPLE t=2384.8s rss=3153MB hwm=3153MB
RSS_SAMPLE t=2385.0s rss=3154MB hwm=3154MB
RSS_SAMPLE t=2385.3s rss=3154MB hwm=3154MB
RSS_SAMPLE t=2385.5s rss=3154MB hwm=3154MB
RSS_SAMPLE t=2385.8s rss=3154MB hwm=3154MB
RSS_SAMPLE t=2386.0s rss=3154MB hwm=3154MB
RSS_SAMPLE t=2386.3s rss=3154MB hwm=3154MB
RSS_SAMPLE t=2386.5s rss=3154MB hwm=3154MB
RSS_SAMPLE t=2386.8s rss=3154MB hwm=3154MB
RSS_SAMPLE t=2387.0s rss=3154MB hwm=3154MB
RSS_SAMPLE t=2387.3s rss=3154MB hwm=3154MB
RSS_SAMPLE t=2387.5s rss=3154MB hwm=3154MB
RSS_SAMPLE t=2387.8s rss=3154MB hwm=3154MB
RSS_SAMPLE t=2388.0s rss=3154MB hwm=3154MB
RSS_SAMPLE t=2388.3s rss=3154MB hwm=3154MB
RSS_SAMPLE t=2388.5s rss=3154MB hwm=3154MB
RSS_SAMPLE t=2388.8s rss=3154MB hwm=3154MB
RSS_SAMPLE t=2389.0s rss=3154MB hwm=3154MB
RSS_SAMPLE t=2389.3s rss=3154MB hwm=3154MB
RSS_SAMPLE t=2389.5s rss=3154MB hwm=3154MB
RSS_SAMPLE t=2389.8s rss=3154MB hwm=3154MB
RSS_SAMPLE t=2390.0s rss=3154MB hwm=3154MB
RSS_SAMPLE t=2390.3s rss=3154MB hwm=3154MB
RSS_SAMPLE t=2390.5s rss=3154MB hwm=3154MB
RSS_SAMPLE t=2390.8s rss=3154MB hwm=3154MB
RSS_SAMPLE t=2391.0s rss=3154MB hwm=3154MB
RSS_SAMPLE t=2391.3s rss=3154MB hwm=3154MB
RSS_SAMPLE t=2391.5s rss=3154MB hwm=3154MB
RSS_SAMPLE t=2391.8s rss=3154MB hwm=3154MB
RSS_SAMPLE t=2392.0s rss=3154MB hwm=3154MB
RSS_SAMPLE t=2392.3s rss=3154MB hwm=3154MB
RSS_SAMPLE t=2392.5s rss=3154MB hwm=3154MB
RSS_SAMPLE t=2392.8s rss=3154MB hwm=3154MB
RSS_SAMPLE t=2393.0s rss=3154MB hwm=3154MB
RSS_SAMPLE t=2393.3s rss=3154MB hwm=3154MB
RSS_SAMPLE t=2393.5s rss=3154MB hwm=3154MB
RSS_SAMPLE t=2393.8s rss=3154MB hwm=3154MB
RSS_SAMPLE t=2394.0s rss=3154MB hwm=3154MB
RSS_SAMPLE t=2394.3s rss=3154MB hwm=3154MB
RSS_SAMPLE t=2394.5s rss=3154MB hwm=3154MB
RSS_SAMPLE t=2394.8s rss=3154MB hwm=3154MB
RSS_SAMPLE t=2395.0s rss=3154MB hwm=3154MB
RSS_SAMPLE t=2395.3s rss=3154MB hwm=3154MB
RSS_SAMPLE t=2395.5s rss=3154MB hwm=3154MB
RSS_SAMPLE t=2395.8s rss=3154MB hwm=3154MB
RSS_SAMPLE t=2396.0s rss=3154MB hwm=3154MB
RSS_SAMPLE t=2396.3s rss=3154MB hwm=3154MB
RSS_SAMPLE t=2396.5s rss=3154MB hwm=3154MB
RSS_SAMPLE t=2396.8s rss=3154MB hwm=3154MB
RSS_SAMPLE t=2397.0s rss=3154MB hwm=3154MB
RSS_SAMPLE t=2397.3s rss=3154MB hwm=3154MB
RSS_SAMPLE t=2397.5s rss=3154MB hwm=3154MB
RSS_SAMPLE t=2397.8s rss=3154MB hwm=3154MB
RSS_SAMPLE t=2398.0s rss=3154MB hwm=3154MB
RSS_SAMPLE t=2398.3s rss=3154MB hwm=3154MB
RSS_SAMPLE t=2398.5s rss=3154MB hwm=3154MB
RSS_SAMPLE t=2398.8s rss=3154MB hwm=3154MB
RSS_SAMPLE t=2399.0s rss=3154MB hwm=3154MB
RSS_SAMPLE t=2399.3s rss=3154MB hwm=3154MB
RSS_SAMPLE t=2399.5s rss=3154MB hwm=3154MB
RSS_SAMPLE t=2399.8s rss=3154MB hwm=3154MB
RSS_SAMPLE t=2400.0s rss=3154MB hwm=3154MB
RSS_SAMPLE t=2400.3s rss=3154MB hwm=3154MB
RSS_SAMPLE t=2400.6s rss=3154MB hwm=3154MB
RSS_SAMPLE t=2400.8s rss=3154MB hwm=3154MB
RSS_SAMPLE t=2401.1s rss=3154MB hwm=3154MB
RSS_SAMPLE t=2401.3s rss=3154MB hwm=3154MB
RSS_SAMPLE t=2401.6s rss=3154MB hwm=3154MB
RSS_SAMPLE t=2401.8s rss=3154MB hwm=3154MB
RSS_SAMPLE t=2402.1s rss=3154MB hwm=3154MB
RSS_SAMPLE t=2402.3s rss=3154MB hwm=3154MB
RSS_SAMPLE t=2402.6s rss=3154MB hwm=3154MB
RSS_SAMPLE t=2402.8s rss=3154MB hwm=3154MB
RSS_SAMPLE t=2403.1s rss=3154MB hwm=3154MB
RSS_SAMPLE t=2403.3s rss=3154MB hwm=3154MB
RSS_SAMPLE t=2403.6s rss=3154MB hwm=3154MB
RSS_SAMPLE t=2403.8s rss=3154MB hwm=3154MB
RSS_SAMPLE t=2404.1s rss=3154MB hwm=3154MB
RSS_SAMPLE t=2404.3s rss=3154MB hwm=3154MB
RSS_SAMPLE t=2404.6s rss=3154MB hwm=3154MB
RSS_SAMPLE t=2404.8s rss=3154MB hwm=3154MB
RSS_SAMPLE t=2405.1s rss=3154MB hwm=3154MB
RSS_SAMPLE t=2405.3s rss=3154MB hwm=3154MB
RSS_SAMPLE t=2405.6s rss=3154MB hwm=3154MB
RSS_SAMPLE t=2405.8s rss=3154MB hwm=3154MB
RSS_SAMPLE t=2406.1s rss=3154MB hwm=3154MB
RSS_SAMPLE t=2406.3s rss=3154MB hwm=3154MB
RSS_SAMPLE t=2406.6s rss=3154MB hwm=3154MB
RSS_SAMPLE t=2406.8s rss=3154MB hwm=3154MB
RSS_SAMPLE t=2407.1s rss=3154MB hwm=3154MB
RSS_SAMPLE t=2407.3s rss=3154MB hwm=3154MB
RSS_SAMPLE t=2407.6s rss=3154MB hwm=3154MB
RSS_SAMPLE t=2407.8s rss=3154MB hwm=3154MB
RSS_SAMPLE t=2408.1s rss=3154MB hwm=3154MB
RSS_SAMPLE t=2408.3s rss=3154MB hwm=3154MB
RSS_SAMPLE t=2408.6s rss=3154MB hwm=3154MB
RSS_SAMPLE t=2408.8s rss=3154MB hwm=3154MB
RSS_SAMPLE t=2409.1s rss=3154MB hwm=3154MB
RSS_SAMPLE t=2409.3s rss=3154MB hwm=3154MB
RSS_SAMPLE t=2409.6s rss=3154MB hwm=3154MB
RSS_SAMPLE t=2409.8s rss=3154MB hwm=3154MB
RSS_SAMPLE t=2410.1s rss=3154MB hwm=3154MB
RSS_SAMPLE t=2410.3s rss=3154MB hwm=3154MB
RSS_SAMPLE t=2410.6s rss=3154MB hwm=3154MB
RSS_SAMPLE t=2410.8s rss=3154MB hwm=3154MB
RSS_SAMPLE t=2411.1s rss=3154MB hwm=3154MB
RSS_SAMPLE t=2411.3s rss=3154MB hwm=3154MB
RSS_SAMPLE t=2411.6s rss=3154MB hwm=3154MB
RSS_SAMPLE t=2411.8s rss=3154MB hwm=3154MB
RSS_SAMPLE t=2412.1s rss=3154MB hwm=3154MB
RSS_SAMPLE t=2412.3s rss=3154MB hwm=3154MB
RSS_SAMPLE t=2412.6s rss=3154MB hwm=3154MB
RSS_SAMPLE t=2412.8s rss=3154MB hwm=3154MB
RSS_SAMPLE t=2413.1s rss=3154MB hwm=3154MB
RSS_SAMPLE t=2413.3s rss=3154MB hwm=3154MB
RSS_SAMPLE t=2413.6s rss=3154MB hwm=3154MB
RSS_SAMPLE t=2413.8s rss=3154MB hwm=3154MB
RSS_SAMPLE t=2414.1s rss=3154MB hwm=3154MB
RSS_SAMPLE t=2414.3s rss=3154MB hwm=3154MB
RSS_SAMPLE t=2414.6s rss=3154MB hwm=3154MB
RSS_SAMPLE t=2414.8s rss=3154MB hwm=3154MB
RSS_SAMPLE t=2415.1s rss=3154MB hwm=3154MB
RSS_SAMPLE t=2415.3s rss=3154MB hwm=3154MB
RSS_SAMPLE t=2415.6s rss=3154MB hwm=3154MB
RSS_SAMPLE t=2415.8s rss=3154MB hwm=3154MB
RSS_SAMPLE t=2416.1s rss=3154MB hwm=3154MB
RSS_SAMPLE t=2416.3s rss=3154MB hwm=3154MB
RSS_SAMPLE t=2416.6s rss=3154MB hwm=3154MB
RSS_SAMPLE t=2416.8s rss=3154MB hwm=3154MB
RSS_SAMPLE t=2417.1s rss=3154MB hwm=3154MB
RSS_SAMPLE t=2417.3s rss=3154MB hwm=3154MB
RSS_SAMPLE t=2417.6s rss=3154MB hwm=3154MB
RSS_SAMPLE t=2417.8s rss=3154MB hwm=3154MB
RSS_SAMPLE t=2418.1s rss=3154MB hwm=3154MB
RSS_SAMPLE t=2418.3s rss=3154MB hwm=3154MB
RSS_SAMPLE t=2418.6s rss=3154MB hwm=3154MB
RSS_SAMPLE t=2418.8s rss=3154MB hwm=3154MB
RSS_SAMPLE t=2419.1s rss=3154MB hwm=3154MB
RSS_SAMPLE t=2419.3s rss=3154MB hwm=3154MB
RSS_SAMPLE t=2419.6s rss=3154MB hwm=3154MB
RSS_SAMPLE t=2419.8s rss=3154MB hwm=3154MB
RSS_SAMPLE t=2420.1s rss=3154MB hwm=3154MB
RSS_SAMPLE t=2420.3s rss=3154MB hwm=3154MB
RSS_SAMPLE t=2420.6s rss=3154MB hwm=3154MB
RSS_SAMPLE t=2420.8s rss=3154MB hwm=3154MB
RSS_SAMPLE t=2421.1s rss=3154MB hwm=3154MB
RSS_SAMPLE t=2421.3s rss=3154MB hwm=3154MB
RSS_SAMPLE t=2421.6s rss=3154MB hwm=3154MB
RSS_SAMPLE t=2421.8s rss=3154MB hwm=3154MB
RSS_SAMPLE t=2422.1s rss=3154MB hwm=3154MB
RSS_SAMPLE t=2422.3s rss=3154MB hwm=3154MB
RSS_SAMPLE t=2422.6s rss=3154MB hwm=3154MB
RSS_SAMPLE t=2422.8s rss=3154MB hwm=3154MB
RSS_SAMPLE t=2423.1s rss=3154MB hwm=3154MB
RSS_SAMPLE t=2423.3s rss=3154MB hwm=3154MB
RSS_SAMPLE t=2423.6s rss=3154MB hwm=3154MB
RSS_SAMPLE t=2423.8s rss=3154MB hwm=3154MB
RSS_SAMPLE t=2424.1s rss=3154MB hwm=3154MB
RSS_SAMPLE t=2424.3s rss=3154MB hwm=3154MB
RSS_SAMPLE t=2424.6s rss=3154MB hwm=3154MB
RSS_SAMPLE t=2424.8s rss=3154MB hwm=3154MB
RSS_SAMPLE t=2425.1s rss=3154MB hwm=3154MB
RSS_SAMPLE t=2425.3s rss=3154MB hwm=3154MB
RSS_SAMPLE t=2425.6s rss=3154MB hwm=3154MB
RSS_SAMPLE t=2425.8s rss=3154MB hwm=3154MB
RSS_SAMPLE t=2426.1s rss=3154MB hwm=3154MB
RSS_SAMPLE t=2426.3s rss=3154MB hwm=3154MB
RSS_SAMPLE t=2426.6s rss=3154MB hwm=3154MB
RSS_SAMPLE t=2426.8s rss=3154MB hwm=3154MB
RSS_SAMPLE t=2427.1s rss=3154MB hwm=3154MB
RSS_SAMPLE t=2427.3s rss=3154MB hwm=3154MB
RSS_SAMPLE t=2427.6s rss=3154MB hwm=3154MB
RSS_SAMPLE t=2427.8s rss=3154MB hwm=3154MB
RSS_SAMPLE t=2428.1s rss=3154MB hwm=3154MB
RSS_SAMPLE t=2428.3s rss=3154MB hwm=3154MB
RSS_SAMPLE t=2428.6s rss=3154MB hwm=3154MB
RSS_SAMPLE t=2428.8s rss=3154MB hwm=3154MB
RSS_SAMPLE t=2429.1s rss=3154MB hwm=3154MB
RSS_SAMPLE t=2429.3s rss=3154MB hwm=3154MB
RSS_SAMPLE t=2429.6s rss=3154MB hwm=3154MB
RSS_SAMPLE t=2429.8s rss=3154MB hwm=3154MB
RSS_SAMPLE t=2430.1s rss=3154MB hwm=3154MB
RSS_SAMPLE t=2430.3s rss=3154MB hwm=3154MB
RSS_SAMPLE t=2430.6s rss=3154MB hwm=3154MB
RSS_SAMPLE t=2430.8s rss=3154MB hwm=3154MB
RSS_SAMPLE t=2431.1s rss=3154MB hwm=3154MB
RSS_SAMPLE t=2431.3s rss=3155MB hwm=3155MB
RSS_SAMPLE t=2431.6s rss=3155MB hwm=3155MB
RSS_SAMPLE t=2431.8s rss=3155MB hwm=3155MB
RSS_SAMPLE t=2432.1s rss=3155MB hwm=3155MB
RSS_SAMPLE t=2432.3s rss=3155MB hwm=3155MB
RSS_SAMPLE t=2432.6s rss=3155MB hwm=3155MB
RSS_SAMPLE t=2432.8s rss=3155MB hwm=3155MB
RSS_SAMPLE t=2433.1s rss=3155MB hwm=3155MB
RSS_SAMPLE t=2433.3s rss=3156MB hwm=3156MB
RSS_SAMPLE t=2433.6s rss=3156MB hwm=3156MB
RSS_SAMPLE t=2433.8s rss=3156MB hwm=3156MB
RSS_SAMPLE t=2434.1s rss=3156MB hwm=3156MB
RSS_SAMPLE t=2434.3s rss=3156MB hwm=3156MB
RSS_SAMPLE t=2434.6s rss=3156MB hwm=3156MB
RSS_SAMPLE t=2434.8s rss=3156MB hwm=3156MB
RSS_SAMPLE t=2435.1s rss=3156MB hwm=3156MB
RSS_SAMPLE t=2435.3s rss=3156MB hwm=3156MB
RSS_SAMPLE t=2435.6s rss=3156MB hwm=3156MB
RSS_SAMPLE t=2435.8s rss=3156MB hwm=3156MB
RSS_SAMPLE t=2436.1s rss=3156MB hwm=3156MB
RSS_SAMPLE t=2436.3s rss=3156MB hwm=3156MB
RSS_SAMPLE t=2436.6s rss=3156MB hwm=3156MB
RSS_SAMPLE t=2436.8s rss=3156MB hwm=3156MB
RSS_SAMPLE t=2437.1s rss=3156MB hwm=3156MB
RSS_SAMPLE t=2437.3s rss=3156MB hwm=3156MB
RSS_SAMPLE t=2437.6s rss=3156MB hwm=3156MB
RSS_SAMPLE t=2437.8s rss=3156MB hwm=3156MB
RSS_SAMPLE t=2438.1s rss=3156MB hwm=3156MB
RSS_SAMPLE t=2438.3s rss=3156MB hwm=3156MB
RSS_SAMPLE t=2438.6s rss=3156MB hwm=3156MB
RSS_SAMPLE t=2438.8s rss=3156MB hwm=3156MB
RSS_SAMPLE t=2439.1s rss=3156MB hwm=3156MB
RSS_SAMPLE t=2439.3s rss=3156MB hwm=3156MB
RSS_SAMPLE t=2439.6s rss=3156MB hwm=3156MB
RSS_SAMPLE t=2439.8s rss=3156MB hwm=3156MB
RSS_SAMPLE t=2440.1s rss=3156MB hwm=3156MB
RSS_SAMPLE t=2440.3s rss=3156MB hwm=3156MB
RSS_SAMPLE t=2440.6s rss=3156MB hwm=3156MB
RSS_SAMPLE t=2440.8s rss=3156MB hwm=3156MB
RSS_SAMPLE t=2441.1s rss=3156MB hwm=3156MB
RSS_SAMPLE t=2441.3s rss=3156MB hwm=3156MB
RSS_SAMPLE t=2441.6s rss=3156MB hwm=3156MB
RSS_SAMPLE t=2441.8s rss=3156MB hwm=3156MB
RSS_SAMPLE t=2442.1s rss=3156MB hwm=3156MB
RSS_SAMPLE t=2442.3s rss=3156MB hwm=3156MB
RSS_SAMPLE t=2442.6s rss=3156MB hwm=3156MB
RSS_SAMPLE t=2442.8s rss=3156MB hwm=3156MB
RSS_SAMPLE t=2443.1s rss=3156MB hwm=3156MB
RSS_SAMPLE t=2443.3s rss=3157MB hwm=3157MB
RSS_SAMPLE t=2443.6s rss=3157MB hwm=3157MB
RSS_SAMPLE t=2443.8s rss=3157MB hwm=3157MB
RSS_SAMPLE t=2444.1s rss=3157MB hwm=3157MB
RSS_SAMPLE t=2444.3s rss=3157MB hwm=3157MB
RSS_SAMPLE t=2444.6s rss=3157MB hwm=3157MB
RSS_SAMPLE t=2444.8s rss=3157MB hwm=3157MB
RSS_SAMPLE t=2445.1s rss=3157MB hwm=3157MB
RSS_SAMPLE t=2445.3s rss=3157MB hwm=3157MB
RSS_SAMPLE t=2445.6s rss=3157MB hwm=3157MB
RSS_SAMPLE t=2445.8s rss=3157MB hwm=3157MB
RSS_SAMPLE t=2446.1s rss=3157MB hwm=3157MB
RSS_SAMPLE t=2446.3s rss=3157MB hwm=3157MB
RSS_SAMPLE t=2446.6s rss=3157MB hwm=3157MB
RSS_SAMPLE t=2446.8s rss=3157MB hwm=3157MB
RSS_SAMPLE t=2447.1s rss=3157MB hwm=3157MB
RSS_SAMPLE t=2447.3s rss=3157MB hwm=3157MB
RSS_SAMPLE t=2447.6s rss=3157MB hwm=3157MB
RSS_SAMPLE t=2447.8s rss=3157MB hwm=3157MB
RSS_SAMPLE t=2448.1s rss=3157MB hwm=3157MB
RSS_SAMPLE t=2448.3s rss=3157MB hwm=3157MB
RSS_SAMPLE t=2448.6s rss=3157MB hwm=3157MB
RSS_SAMPLE t=2448.8s rss=3157MB hwm=3157MB
RSS_SAMPLE t=2449.1s rss=3157MB hwm=3157MB
RSS_SAMPLE t=2449.3s rss=3157MB hwm=3157MB
RSS_SAMPLE t=2449.6s rss=3157MB hwm=3157MB
RSS_SAMPLE t=2449.8s rss=3157MB hwm=3157MB
RSS_SAMPLE t=2450.1s rss=3157MB hwm=3157MB
RSS_SAMPLE t=2450.3s rss=3157MB hwm=3157MB
RSS_SAMPLE t=2450.6s rss=3157MB hwm=3157MB
RSS_SAMPLE t=2450.8s rss=3157MB hwm=3157MB
RSS_SAMPLE t=2451.1s rss=3157MB hwm=3157MB
RSS_SAMPLE t=2451.3s rss=3157MB hwm=3157MB
RSS_SAMPLE t=2451.6s rss=3157MB hwm=3157MB
RSS_SAMPLE t=2451.8s rss=3157MB hwm=3157MB
RSS_SAMPLE t=2452.1s rss=3157MB hwm=3157MB
RSS_SAMPLE t=2452.3s rss=3157MB hwm=3157MB
RSS_SAMPLE t=2452.6s rss=3157MB hwm=3157MB
RSS_SAMPLE t=2452.8s rss=3157MB hwm=3157MB
RSS_SAMPLE t=2453.1s rss=3157MB hwm=3157MB
RSS_SAMPLE t=2453.3s rss=3157MB hwm=3157MB
RSS_SAMPLE t=2453.6s rss=3157MB hwm=3157MB
RSS_SAMPLE t=2453.8s rss=3157MB hwm=3157MB
RSS_SAMPLE t=2454.1s rss=3157MB hwm=3157MB
RSS_SAMPLE t=2454.3s rss=3157MB hwm=3157MB
RSS_SAMPLE t=2454.6s rss=3157MB hwm=3157MB
RSS_SAMPLE t=2454.8s rss=3157MB hwm=3157MB
RSS_SAMPLE t=2455.1s rss=3157MB hwm=3157MB
RSS_SAMPLE t=2455.3s rss=3157MB hwm=3157MB
RSS_SAMPLE t=2455.6s rss=3157MB hwm=3157MB
RSS_SAMPLE t=2455.8s rss=3157MB hwm=3157MB
RSS_SAMPLE t=2456.1s rss=3157MB hwm=3157MB
RSS_SAMPLE t=2456.3s rss=3157MB hwm=3157MB
RSS_SAMPLE t=2456.6s rss=3157MB hwm=3157MB
RSS_SAMPLE t=2456.8s rss=3157MB hwm=3157MB
RSS_SAMPLE t=2457.1s rss=3157MB hwm=3157MB
RSS_SAMPLE t=2457.3s rss=3157MB hwm=3157MB
RSS_SAMPLE t=2457.6s rss=3157MB hwm=3157MB
RSS_SAMPLE t=2457.8s rss=3157MB hwm=3157MB
RSS_SAMPLE t=2458.1s rss=3157MB hwm=3157MB
RSS_SAMPLE t=2458.3s rss=3157MB hwm=3157MB
RSS_SAMPLE t=2458.6s rss=3157MB hwm=3157MB
RSS_SAMPLE t=2458.8s rss=3157MB hwm=3157MB
RSS_SAMPLE t=2459.1s rss=3157MB hwm=3157MB
RSS_SAMPLE t=2459.3s rss=3157MB hwm=3157MB
RSS_SAMPLE t=2459.6s rss=3157MB hwm=3157MB
RSS_SAMPLE t=2459.8s rss=3157MB hwm=3157MB
RSS_SAMPLE t=2460.1s rss=3157MB hwm=3157MB
RSS_SAMPLE t=2460.3s rss=3157MB hwm=3157MB
RSS_SAMPLE t=2460.6s rss=3157MB hwm=3157MB
RSS_SAMPLE t=2460.8s rss=3157MB hwm=3157MB
RSS_SAMPLE t=2461.1s rss=3157MB hwm=3157MB
RSS_SAMPLE t=2461.3s rss=3157MB hwm=3157MB
RSS_SAMPLE t=2461.6s rss=3157MB hwm=3157MB
RSS_SAMPLE t=2461.8s rss=3157MB hwm=3157MB
RSS_SAMPLE t=2462.1s rss=3157MB hwm=3157MB
RSS_SAMPLE t=2462.3s rss=3157MB hwm=3157MB
RSS_SAMPLE t=2462.6s rss=3157MB hwm=3157MB
RSS_SAMPLE t=2462.8s rss=3157MB hwm=3157MB
RSS_SAMPLE t=2463.1s rss=3157MB hwm=3157MB
RSS_SAMPLE t=2463.3s rss=3157MB hwm=3157MB
RSS_SAMPLE t=2463.6s rss=3157MB hwm=3157MB
RSS_SAMPLE t=2463.8s rss=3157MB hwm=3157MB
RSS_SAMPLE t=2464.1s rss=3157MB hwm=3157MB
RSS_SAMPLE t=2464.3s rss=3157MB hwm=3157MB
RSS_SAMPLE t=2464.6s rss=3157MB hwm=3157MB
RSS_SAMPLE t=2464.8s rss=3157MB hwm=3157MB
RSS_SAMPLE t=2465.1s rss=3157MB hwm=3157MB
RSS_SAMPLE t=2465.3s rss=3157MB hwm=3157MB
RSS_SAMPLE t=2465.6s rss=3157MB hwm=3157MB
RSS_SAMPLE t=2465.8s rss=3157MB hwm=3157MB
RSS_SAMPLE t=2466.1s rss=3157MB hwm=3157MB
RSS_SAMPLE t=2466.3s rss=3157MB hwm=3157MB
RSS_SAMPLE t=2466.6s rss=3157MB hwm=3157MB
RSS_SAMPLE t=2466.8s rss=3157MB hwm=3157MB
RSS_SAMPLE t=2467.1s rss=3157MB hwm=3157MB
RSS_SAMPLE t=2467.3s rss=3157MB hwm=3157MB
RSS_SAMPLE t=2467.6s rss=3157MB hwm=3157MB
RSS_SAMPLE t=2467.8s rss=3157MB hwm=3157MB
RSS_SAMPLE t=2468.1s rss=3157MB hwm=3157MB
RSS_SAMPLE t=2468.3s rss=3157MB hwm=3157MB
RSS_SAMPLE t=2468.6s rss=3157MB hwm=3157MB
RSS_SAMPLE t=2468.8s rss=3157MB hwm=3157MB
RSS_SAMPLE t=2469.1s rss=3157MB hwm=3157MB
RSS_SAMPLE t=2469.3s rss=3157MB hwm=3157MB
RSS_SAMPLE t=2469.6s rss=3157MB hwm=3157MB
RSS_SAMPLE t=2469.8s rss=3157MB hwm=3157MB
RSS_SAMPLE t=2470.1s rss=3157MB hwm=3157MB
RSS_SAMPLE t=2470.3s rss=3157MB hwm=3157MB
RSS_SAMPLE t=2470.6s rss=3157MB hwm=3157MB
RSS_SAMPLE t=2470.8s rss=3157MB hwm=3157MB
RSS_SAMPLE t=2471.1s rss=3157MB hwm=3157MB
RSS_SAMPLE t=2471.3s rss=3157MB hwm=3157MB
RSS_SAMPLE t=2471.6s rss=3157MB hwm=3157MB
RSS_SAMPLE t=2471.8s rss=3157MB hwm=3157MB
RSS_SAMPLE t=2472.1s rss=3157MB hwm=3157MB
RSS_SAMPLE t=2472.3s rss=3157MB hwm=3157MB
RSS_SAMPLE t=2472.6s rss=3157MB hwm=3157MB
RSS_SAMPLE t=2472.8s rss=3157MB hwm=3157MB
RSS_SAMPLE t=2473.1s rss=3157MB hwm=3157MB
RSS_SAMPLE t=2473.3s rss=3157MB hwm=3157MB
RSS_SAMPLE t=2473.6s rss=3157MB hwm=3157MB
RSS_SAMPLE t=2473.8s rss=3157MB hwm=3157MB
RSS_SAMPLE t=2474.1s rss=3157MB hwm=3157MB
RSS_SAMPLE t=2474.3s rss=3157MB hwm=3157MB
RSS_SAMPLE t=2474.6s rss=3157MB hwm=3157MB
RSS_SAMPLE t=2474.8s rss=3157MB hwm=3157MB
RSS_SAMPLE t=2475.1s rss=3157MB hwm=3157MB
RSS_SAMPLE t=2475.3s rss=3157MB hwm=3157MB
RSS_SAMPLE t=2475.6s rss=3157MB hwm=3157MB
RSS_SAMPLE t=2475.8s rss=3157MB hwm=3157MB
RSS_SAMPLE t=2476.1s rss=3157MB hwm=3157MB
RSS_SAMPLE t=2476.3s rss=3157MB hwm=3157MB
RSS_SAMPLE t=2476.6s rss=3157MB hwm=3157MB
RSS_SAMPLE t=2476.8s rss=3157MB hwm=3157MB
RSS_SAMPLE t=2477.1s rss=3157MB hwm=3157MB
RSS_SAMPLE t=2477.3s rss=3157MB hwm=3157MB
RSS_SAMPLE t=2477.6s rss=3157MB hwm=3157MB
RSS_SAMPLE t=2477.8s rss=3157MB hwm=3157MB
RSS_SAMPLE t=2478.1s rss=3157MB hwm=3157MB
RSS_SAMPLE t=2478.3s rss=3157MB hwm=3157MB
RSS_SAMPLE t=2478.6s rss=3157MB hwm=3157MB
RSS_SAMPLE t=2478.8s rss=3157MB hwm=3157MB
RSS_SAMPLE t=2479.1s rss=3157MB hwm=3157MB
RSS_SAMPLE t=2479.3s rss=3157MB hwm=3157MB
RSS_SAMPLE t=2479.6s rss=3157MB hwm=3157MB
RSS_SAMPLE t=2479.8s rss=3157MB hwm=3157MB
RSS_SAMPLE t=2480.1s rss=3157MB hwm=3157MB
RSS_SAMPLE t=2480.3s rss=3157MB hwm=3157MB
RSS_SAMPLE t=2480.6s rss=3157MB hwm=3157MB
RSS_SAMPLE t=2480.8s rss=3157MB hwm=3157MB
RSS_SAMPLE t=2481.1s rss=3157MB hwm=3157MB
RSS_SAMPLE t=2481.3s rss=3157MB hwm=3157MB
RSS_SAMPLE t=2481.6s rss=3157MB hwm=3157MB
RSS_SAMPLE t=2481.8s rss=3157MB hwm=3157MB
RSS_SAMPLE t=2482.1s rss=3157MB hwm=3157MB
RSS_SAMPLE t=2482.3s rss=3157MB hwm=3157MB
RSS_SAMPLE t=2482.6s rss=3157MB hwm=3157MB
RSS_SAMPLE t=2482.8s rss=3157MB hwm=3157MB
RSS_SAMPLE t=2483.1s rss=3157MB hwm=3157MB
RSS_SAMPLE t=2483.3s rss=3157MB hwm=3157MB
RSS_SAMPLE t=2483.6s rss=3157MB hwm=3157MB
RSS_SAMPLE t=2483.8s rss=3157MB hwm=3157MB
RSS_SAMPLE t=2484.1s rss=3157MB hwm=3157MB
RSS_SAMPLE t=2484.3s rss=3157MB hwm=3157MB
RSS_SAMPLE t=2484.6s rss=3157MB hwm=3157MB
RSS_SAMPLE t=2484.8s rss=3157MB hwm=3157MB
RSS_SAMPLE t=2485.1s rss=3157MB hwm=3157MB
RSS_SAMPLE t=2485.3s rss=3157MB hwm=3157MB
RSS_SAMPLE t=2485.6s rss=3157MB hwm=3157MB
RSS_SAMPLE t=2485.8s rss=3157MB hwm=3157MB
RSS_SAMPLE t=2486.1s rss=3157MB hwm=3157MB
RSS_SAMPLE t=2486.3s rss=3157MB hwm=3157MB
RSS_SAMPLE t=2486.6s rss=3157MB hwm=3157MB
RSS_SAMPLE t=2486.8s rss=3157MB hwm=3157MB
RSS_SAMPLE t=2487.1s rss=3157MB hwm=3157MB
RSS_SAMPLE t=2487.3s rss=3157MB hwm=3157MB
RSS_SAMPLE t=2487.6s rss=3157MB hwm=3157MB
RSS_SAMPLE t=2487.8s rss=3157MB hwm=3157MB
RSS_SAMPLE t=2488.1s rss=3157MB hwm=3157MB
RSS_SAMPLE t=2488.3s rss=3157MB hwm=3157MB
RSS_SAMPLE t=2488.6s rss=3157MB hwm=3157MB
RSS_SAMPLE t=2488.8s rss=3157MB hwm=3157MB
RSS_SAMPLE t=2489.1s rss=3157MB hwm=3157MB
RSS_SAMPLE t=2489.3s rss=3157MB hwm=3157MB
RSS_SAMPLE t=2489.6s rss=3157MB hwm=3157MB
RSS_SAMPLE t=2489.8s rss=3157MB hwm=3157MB
RSS_SAMPLE t=2490.1s rss=3157MB hwm=3157MB
RSS_SAMPLE t=2490.4s rss=3157MB hwm=3157MB
RSS_SAMPLE t=2490.6s rss=3157MB hwm=3157MB
RSS_SAMPLE t=2490.9s rss=3157MB hwm=3157MB
RSS_SAMPLE t=2491.1s rss=3157MB hwm=3157MB
RSS_SAMPLE t=2491.4s rss=3157MB hwm=3157MB
RSS_SAMPLE t=2491.6s rss=3157MB hwm=3157MB
RSS_SAMPLE t=2491.9s rss=3157MB hwm=3157MB
RSS_SAMPLE t=2492.1s rss=3157MB hwm=3157MB
RSS_SAMPLE t=2492.4s rss=3157MB hwm=3157MB
RSS_SAMPLE t=2492.6s rss=3157MB hwm=3157MB
RSS_SAMPLE t=2492.9s rss=3157MB hwm=3157MB
RSS_SAMPLE t=2493.1s rss=3157MB hwm=3157MB
RSS_SAMPLE t=2493.4s rss=3157MB hwm=3157MB
RSS_SAMPLE t=2493.6s rss=3157MB hwm=3157MB
RSS_SAMPLE t=2493.9s rss=3176MB hwm=3176MB
MEM_POOL: workspaces=8 dense_usage_mb=313 n_pipes=2562403
    post_solve_diag[outer=14]: solves=105117 cap_armed=105117 (100.0%) settle_avg=4867 above_sink_avg=203 (4.2%) settle_max=69352
    settle_hist[outer=14]: <100: 26967nets/0.1%work  <1k: 25868nets/1.9%work  <5k: 25108nets/12.9%work  <20k: 19739nets/40.1%work  <60k: 7348nets/43.9%work  >=60k: 87nets/1.1%work
    fanout_hist[outer=14]: fan1: 43710nets/13.5%work  fan2-4: 48279nets/49.9%work  fan5-16: 12974nets/35.6%work  fan17-64: 154nets/1.0%work  fan65-256: 0nets/0.0%work  fan>256: 0nets/0.0%work
    rss_probe[outer=14]: pre_post_solve=3152MB post_post_solve=3176MB after_apply=3176MB
RSS_SAMPLE t=2494.1s rss=3176MB hwm=3176MB
    E_decomp: base=5977121.0 eff=25648715100011.2 cong=25648709122890.3 cong_share=100.0% sat_pipes=133376 max_util=957.60  R_buckets: 1-2x=915939 2-10x=587048 10-100x=304187 >=100x=755229
    E_potential: beckmann=52130859781362.8 history_total=0.0
    SpanCache: epoch=15 entries=1777 lookups=2562403 hits=2560626 misses=1777 hit_rate=99.9%
  DCD  14: nets=105117 line=11108788 energy=15161572397.871 dE=+1553791682.631 friction=3823627.5 bins=2.0x(212) excess=70.8 moved=68414 disp=4.221 solves=105117 skip=105117 pops=511648023 theta=2.273 refresh=134226ms dcd=7825ms total=146030ms
    cache_stats: entries=60487164 capacity=128473226 est_mb=1108 rss_mb=3176
RSS_SAMPLE t=2494.4s rss=3137MB hwm=3172MB
RSS_SAMPLE t=2494.6s rss=3137MB hwm=3172MB
RSS_SAMPLE t=2494.9s rss=3137MB hwm=3172MB
RSS_SAMPLE t=2495.1s rss=3137MB hwm=3172MB
RSS_SAMPLE t=2495.4s rss=3137MB hwm=3172MB
RSS_SAMPLE t=2495.6s rss=3137MB hwm=3172MB
RSS_SAMPLE t=2495.9s rss=3137MB hwm=3172MB
RSS_SAMPLE t=2496.1s rss=3137MB hwm=3172MB
RSS_SAMPLE t=2496.4s rss=3137MB hwm=3172MB
RSS_SAMPLE t=2496.6s rss=3137MB hwm=3172MB
RSS_SAMPLE t=2496.9s rss=3137MB hwm=3172MB
    SwitchMatrix: type_usage_pairs=556 lookups=1589 hits=1033 dijkstra_calls=556 avg_us=11.4 total_ms=6.3
PHASE_MARK outer=15 enter=pre_solve rss=3137MB
    rss_probe[outer=15]: pre_refresh_rss=3137MB post_pre_solve_rss=3137MB cache_entries=60487164 cache_cap=128473226 cache_est_mb=1108
    pre_solve_diag[outer=15]: solves=0 fallback=0 (0.0%) cap_armed=0 (0.0%) settle_avg=0 settle_max=0 init_count=53
    Overflow: over=112211 (4.4% of used) avg_excess=2.62 max_excess=3094.98 (nc=3118.98 cap=24 span=1)  excess_buckets: <=1=55987 1-5=42259 5-20=12510 >20=1455  by_cap: cap1=36671 cap2=74709 cap3-5=11 cap>5=820  by_span: s1=288 s2-3=415 s4-6=970 s7-12=73549 s>12=36989  le1_cross: cap1=33190 cap2-5=22628 cap>5=169
    Congestion: pipes=2562403 used=2562403 congested(>50%)=381304 saturated(>90%)=133376 max_util=957.60 avg_util=0.3000
PHASE_MARK outer=15 enter=dcd_sweep rss=3137MB
RSS_SAMPLE t=2497.1s rss=3137MB hwm=3172MB
RSS_SAMPLE t=2497.4s rss=3137MB hwm=3172MB
RSS_SAMPLE t=2497.6s rss=3137MB hwm=3172MB
RSS_SAMPLE t=2497.9s rss=3137MB hwm=3172MB
RSS_SAMPLE t=2498.1s rss=3137MB hwm=3172MB
RSS_SAMPLE t=2498.4s rss=3137MB hwm=3172MB
RSS_SAMPLE t=2498.6s rss=3137MB hwm=3172MB
RSS_SAMPLE t=2498.9s rss=3137MB hwm=3172MB
RSS_SAMPLE t=2499.1s rss=3137MB hwm=3172MB
RSS_SAMPLE t=2499.4s rss=3137MB hwm=3172MB
RSS_SAMPLE t=2499.6s rss=3137MB hwm=3172MB
RSS_SAMPLE t=2499.9s rss=3137MB hwm=3172MB
RSS_SAMPLE t=2500.1s rss=3137MB hwm=3172MB
RSS_SAMPLE t=2500.4s rss=3137MB hwm=3172MB
RSS_SAMPLE t=2500.6s rss=3137MB hwm=3172MB
RSS_SAMPLE t=2500.9s rss=3137MB hwm=3172MB
RSS_SAMPLE t=2501.1s rss=3137MB hwm=3172MB
RSS_SAMPLE t=2501.4s rss=3137MB hwm=3172MB
RSS_SAMPLE t=2501.6s rss=3137MB hwm=3172MB
RSS_SAMPLE t=2501.9s rss=3137MB hwm=3172MB
RSS_SAMPLE t=2502.1s rss=3137MB hwm=3172MB
RSS_SAMPLE t=2502.4s rss=3137MB hwm=3172MB
RSS_SAMPLE t=2502.6s rss=3137MB hwm=3172MB
RSS_SAMPLE t=2502.9s rss=3137MB hwm=3172MB
RSS_SAMPLE t=2503.1s rss=3137MB hwm=3172MB
RSS_SAMPLE t=2503.4s rss=3137MB hwm=3172MB
RSS_SAMPLE t=2503.6s rss=3137MB hwm=3172MB
RSS_SAMPLE t=2503.9s rss=3137MB hwm=3172MB
RSS_SAMPLE t=2504.1s rss=3137MB hwm=3172MB
RSS_SAMPLE t=2504.4s rss=3137MB hwm=3172MB
RSS_SAMPLE t=2504.6s rss=3137MB hwm=3172MB
RSS_SAMPLE t=2504.9s rss=3137MB hwm=3172MB
RSS_SAMPLE t=2505.1s rss=3137MB hwm=3172MB
PHASE_MARK outer=15 leave=dcd_sweep rss=3137MB
PHASE_MARK outer=15 enter=post_refresh rss=3137MB
RSS_SAMPLE t=2505.4s rss=3142MB hwm=3172MB
RSS_SAMPLE t=2505.6s rss=3142MB hwm=3172MB
RSS_SAMPLE t=2505.9s rss=3142MB hwm=3172MB
RSS_SAMPLE t=2506.1s rss=3142MB hwm=3172MB
RSS_SAMPLE t=2506.4s rss=3142MB hwm=3172MB
RSS_SAMPLE t=2506.6s rss=3142MB hwm=3172MB
RSS_SAMPLE t=2506.9s rss=3142MB hwm=3172MB
RSS_SAMPLE t=2507.1s rss=3142MB hwm=3172MB
RSS_SAMPLE t=2507.4s rss=3142MB hwm=3172MB
RSS_SAMPLE t=2507.6s rss=3142MB hwm=3172MB
RSS_SAMPLE t=2507.9s rss=3142MB hwm=3172MB
RSS_SAMPLE t=2508.1s rss=3143MB hwm=3172MB
RSS_SAMPLE t=2508.4s rss=3143MB hwm=3172MB
RSS_SAMPLE t=2508.6s rss=3143MB hwm=3172MB
RSS_SAMPLE t=2508.9s rss=3143MB hwm=3172MB
RSS_SAMPLE t=2509.1s rss=3143MB hwm=3172MB
RSS_SAMPLE t=2509.4s rss=3143MB hwm=3172MB
RSS_SAMPLE t=2509.6s rss=3143MB hwm=3172MB
RSS_SAMPLE t=2509.9s rss=3143MB hwm=3172MB
RSS_SAMPLE t=2510.1s rss=3143MB hwm=3172MB
RSS_SAMPLE t=2510.4s rss=3143MB hwm=3172MB
RSS_SAMPLE t=2510.6s rss=3143MB hwm=3172MB
RSS_SAMPLE t=2510.9s rss=3143MB hwm=3172MB
RSS_SAMPLE t=2511.1s rss=3143MB hwm=3172MB
RSS_SAMPLE t=2511.4s rss=3143MB hwm=3172MB
RSS_SAMPLE t=2511.6s rss=3143MB hwm=3172MB
RSS_SAMPLE t=2511.9s rss=3143MB hwm=3172MB
RSS_SAMPLE t=2512.1s rss=3143MB hwm=3172MB
RSS_SAMPLE t=2512.4s rss=3143MB hwm=3172MB
RSS_SAMPLE t=2512.6s rss=3143MB hwm=3172MB
RSS_SAMPLE t=2512.9s rss=3143MB hwm=3172MB
RSS_SAMPLE t=2513.1s rss=3143MB hwm=3172MB
RSS_SAMPLE t=2513.4s rss=3143MB hwm=3172MB
RSS_SAMPLE t=2513.6s rss=3143MB hwm=3172MB
RSS_SAMPLE t=2513.9s rss=3143MB hwm=3172MB
RSS_SAMPLE t=2514.1s rss=3143MB hwm=3172MB
RSS_SAMPLE t=2514.4s rss=3143MB hwm=3172MB
RSS_SAMPLE t=2514.6s rss=3143MB hwm=3172MB
RSS_SAMPLE t=2514.9s rss=3143MB hwm=3172MB
RSS_SAMPLE t=2515.1s rss=3143MB hwm=3172MB
RSS_SAMPLE t=2515.4s rss=3143MB hwm=3172MB
RSS_SAMPLE t=2515.6s rss=3143MB hwm=3172MB
RSS_SAMPLE t=2515.9s rss=3143MB hwm=3172MB
RSS_SAMPLE t=2516.1s rss=3143MB hwm=3172MB
RSS_SAMPLE t=2516.4s rss=3143MB hwm=3172MB
RSS_SAMPLE t=2516.6s rss=3143MB hwm=3172MB
RSS_SAMPLE t=2516.9s rss=3143MB hwm=3172MB
RSS_SAMPLE t=2517.1s rss=3143MB hwm=3172MB
RSS_SAMPLE t=2517.4s rss=3143MB hwm=3172MB
RSS_SAMPLE t=2517.6s rss=3143MB hwm=3172MB
RSS_SAMPLE t=2517.9s rss=3143MB hwm=3172MB
RSS_SAMPLE t=2518.1s rss=3143MB hwm=3172MB
RSS_SAMPLE t=2518.4s rss=3143MB hwm=3172MB
RSS_SAMPLE t=2518.6s rss=3143MB hwm=3172MB
RSS_SAMPLE t=2518.9s rss=3143MB hwm=3172MB
RSS_SAMPLE t=2519.1s rss=3143MB hwm=3172MB
RSS_SAMPLE t=2519.4s rss=3143MB hwm=3172MB
RSS_SAMPLE t=2519.6s rss=3143MB hwm=3172MB
RSS_SAMPLE t=2519.9s rss=3143MB hwm=3172MB
RSS_SAMPLE t=2520.1s rss=3143MB hwm=3172MB
RSS_SAMPLE t=2520.4s rss=3143MB hwm=3172MB
RSS_SAMPLE t=2520.6s rss=3143MB hwm=3172MB
RSS_SAMPLE t=2520.9s rss=3143MB hwm=3172MB
RSS_SAMPLE t=2521.1s rss=3143MB hwm=3172MB
RSS_SAMPLE t=2521.4s rss=3143MB hwm=3172MB
RSS_SAMPLE t=2521.6s rss=3143MB hwm=3172MB
RSS_SAMPLE t=2521.9s rss=3143MB hwm=3172MB
RSS_SAMPLE t=2522.1s rss=3143MB hwm=3172MB
RSS_SAMPLE t=2522.4s rss=3143MB hwm=3172MB
RSS_SAMPLE t=2522.6s rss=3143MB hwm=3172MB
RSS_SAMPLE t=2522.9s rss=3143MB hwm=3172MB
RSS_SAMPLE t=2523.1s rss=3143MB hwm=3172MB
RSS_SAMPLE t=2523.4s rss=3143MB hwm=3172MB
RSS_SAMPLE t=2523.6s rss=3143MB hwm=3172MB
RSS_SAMPLE t=2523.9s rss=3143MB hwm=3172MB
RSS_SAMPLE t=2524.1s rss=3143MB hwm=3172MB
RSS_SAMPLE t=2524.4s rss=3143MB hwm=3172MB
RSS_SAMPLE t=2524.6s rss=3143MB hwm=3172MB
RSS_SAMPLE t=2524.9s rss=3143MB hwm=3172MB
RSS_SAMPLE t=2525.1s rss=3143MB hwm=3172MB
RSS_SAMPLE t=2525.4s rss=3143MB hwm=3172MB
RSS_SAMPLE t=2525.6s rss=3143MB hwm=3172MB
RSS_SAMPLE t=2525.9s rss=3143MB hwm=3172MB
RSS_SAMPLE t=2526.1s rss=3143MB hwm=3172MB
RSS_SAMPLE t=2526.4s rss=3143MB hwm=3172MB
RSS_SAMPLE t=2526.6s rss=3143MB hwm=3172MB
RSS_SAMPLE t=2526.9s rss=3143MB hwm=3172MB
RSS_SAMPLE t=2527.1s rss=3143MB hwm=3172MB
RSS_SAMPLE t=2527.4s rss=3143MB hwm=3172MB
RSS_SAMPLE t=2527.6s rss=3144MB hwm=3172MB
RSS_SAMPLE t=2527.9s rss=3144MB hwm=3172MB
RSS_SAMPLE t=2528.1s rss=3144MB hwm=3172MB
RSS_SAMPLE t=2528.4s rss=3144MB hwm=3172MB
RSS_SAMPLE t=2528.6s rss=3144MB hwm=3172MB
RSS_SAMPLE t=2528.9s rss=3144MB hwm=3172MB
RSS_SAMPLE t=2529.1s rss=3144MB hwm=3172MB
RSS_SAMPLE t=2529.4s rss=3144MB hwm=3172MB
RSS_SAMPLE t=2529.6s rss=3144MB hwm=3172MB
RSS_SAMPLE t=2529.9s rss=3144MB hwm=3172MB
RSS_SAMPLE t=2530.1s rss=3144MB hwm=3172MB
RSS_SAMPLE t=2530.4s rss=3144MB hwm=3172MB
RSS_SAMPLE t=2530.6s rss=3144MB hwm=3172MB
RSS_SAMPLE t=2530.9s rss=3144MB hwm=3172MB
RSS_SAMPLE t=2531.1s rss=3144MB hwm=3172MB
RSS_SAMPLE t=2531.4s rss=3144MB hwm=3172MB
RSS_SAMPLE t=2531.6s rss=3144MB hwm=3172MB
RSS_SAMPLE t=2531.9s rss=3144MB hwm=3172MB
RSS_SAMPLE t=2532.1s rss=3144MB hwm=3172MB
RSS_SAMPLE t=2532.4s rss=3144MB hwm=3172MB
RSS_SAMPLE t=2532.6s rss=3144MB hwm=3172MB
RSS_SAMPLE t=2532.9s rss=3144MB hwm=3172MB
RSS_SAMPLE t=2533.1s rss=3144MB hwm=3172MB
RSS_SAMPLE t=2533.4s rss=3145MB hwm=3172MB
RSS_SAMPLE t=2533.6s rss=3145MB hwm=3172MB
RSS_SAMPLE t=2533.9s rss=3145MB hwm=3172MB
RSS_SAMPLE t=2534.1s rss=3145MB hwm=3172MB
RSS_SAMPLE t=2534.4s rss=3145MB hwm=3172MB
RSS_SAMPLE t=2534.6s rss=3145MB hwm=3172MB
RSS_SAMPLE t=2534.9s rss=3145MB hwm=3172MB
RSS_SAMPLE t=2535.1s rss=3145MB hwm=3172MB
RSS_SAMPLE t=2535.4s rss=3145MB hwm=3172MB
RSS_SAMPLE t=2535.6s rss=3145MB hwm=3172MB
RSS_SAMPLE t=2535.9s rss=3145MB hwm=3172MB
RSS_SAMPLE t=2536.1s rss=3145MB hwm=3172MB
RSS_SAMPLE t=2536.4s rss=3145MB hwm=3172MB
RSS_SAMPLE t=2536.6s rss=3145MB hwm=3172MB
RSS_SAMPLE t=2536.9s rss=3145MB hwm=3172MB
RSS_SAMPLE t=2537.1s rss=3145MB hwm=3172MB
RSS_SAMPLE t=2537.4s rss=3145MB hwm=3172MB
RSS_SAMPLE t=2537.6s rss=3145MB hwm=3172MB
RSS_SAMPLE t=2537.9s rss=3145MB hwm=3172MB
RSS_SAMPLE t=2538.1s rss=3145MB hwm=3172MB
RSS_SAMPLE t=2538.4s rss=3145MB hwm=3172MB
RSS_SAMPLE t=2538.6s rss=3145MB hwm=3172MB
RSS_SAMPLE t=2538.9s rss=3145MB hwm=3172MB
RSS_SAMPLE t=2539.1s rss=3145MB hwm=3172MB
RSS_SAMPLE t=2539.4s rss=3145MB hwm=3172MB
RSS_SAMPLE t=2539.6s rss=3145MB hwm=3172MB
RSS_SAMPLE t=2539.9s rss=3145MB hwm=3172MB
RSS_SAMPLE t=2540.1s rss=3145MB hwm=3172MB
RSS_SAMPLE t=2540.4s rss=3145MB hwm=3172MB
RSS_SAMPLE t=2540.6s rss=3145MB hwm=3172MB
RSS_SAMPLE t=2540.9s rss=3145MB hwm=3172MB
RSS_SAMPLE t=2541.1s rss=3145MB hwm=3172MB
RSS_SAMPLE t=2541.4s rss=3145MB hwm=3172MB
RSS_SAMPLE t=2541.6s rss=3145MB hwm=3172MB
RSS_SAMPLE t=2541.9s rss=3145MB hwm=3172MB
RSS_SAMPLE t=2542.1s rss=3145MB hwm=3172MB
RSS_SAMPLE t=2542.4s rss=3145MB hwm=3172MB
RSS_SAMPLE t=2542.6s rss=3145MB hwm=3172MB
RSS_SAMPLE t=2542.9s rss=3145MB hwm=3172MB
RSS_SAMPLE t=2543.1s rss=3145MB hwm=3172MB
RSS_SAMPLE t=2543.4s rss=3145MB hwm=3172MB
RSS_SAMPLE t=2543.6s rss=3145MB hwm=3172MB
RSS_SAMPLE t=2543.9s rss=3145MB hwm=3172MB
RSS_SAMPLE t=2544.1s rss=3145MB hwm=3172MB
RSS_SAMPLE t=2544.4s rss=3145MB hwm=3172MB
RSS_SAMPLE t=2544.6s rss=3145MB hwm=3172MB
RSS_SAMPLE t=2544.9s rss=3145MB hwm=3172MB
RSS_SAMPLE t=2545.1s rss=3145MB hwm=3172MB
RSS_SAMPLE t=2545.4s rss=3145MB hwm=3172MB
RSS_SAMPLE t=2545.6s rss=3145MB hwm=3172MB
RSS_SAMPLE t=2545.9s rss=3145MB hwm=3172MB
RSS_SAMPLE t=2546.1s rss=3145MB hwm=3172MB
RSS_SAMPLE t=2546.4s rss=3145MB hwm=3172MB
RSS_SAMPLE t=2546.6s rss=3145MB hwm=3172MB
RSS_SAMPLE t=2546.9s rss=3145MB hwm=3172MB
RSS_SAMPLE t=2547.1s rss=3145MB hwm=3172MB
RSS_SAMPLE t=2547.4s rss=3145MB hwm=3172MB
RSS_SAMPLE t=2547.6s rss=3145MB hwm=3172MB
RSS_SAMPLE t=2547.9s rss=3145MB hwm=3172MB
RSS_SAMPLE t=2548.1s rss=3145MB hwm=3172MB
RSS_SAMPLE t=2548.4s rss=3145MB hwm=3172MB
RSS_SAMPLE t=2548.6s rss=3145MB hwm=3172MB
RSS_SAMPLE t=2548.9s rss=3145MB hwm=3172MB
RSS_SAMPLE t=2549.1s rss=3145MB hwm=3172MB
RSS_SAMPLE t=2549.4s rss=3145MB hwm=3172MB
RSS_SAMPLE t=2549.6s rss=3145MB hwm=3172MB
RSS_SAMPLE t=2549.9s rss=3145MB hwm=3172MB
RSS_SAMPLE t=2550.1s rss=3145MB hwm=3172MB
RSS_SAMPLE t=2550.4s rss=3145MB hwm=3172MB
RSS_SAMPLE t=2550.6s rss=3145MB hwm=3172MB
RSS_SAMPLE t=2550.9s rss=3145MB hwm=3172MB
RSS_SAMPLE t=2551.1s rss=3145MB hwm=3172MB
RSS_SAMPLE t=2551.4s rss=3145MB hwm=3172MB
RSS_SAMPLE t=2551.6s rss=3145MB hwm=3172MB
RSS_SAMPLE t=2551.9s rss=3145MB hwm=3172MB
RSS_SAMPLE t=2552.1s rss=3145MB hwm=3172MB
RSS_SAMPLE t=2552.4s rss=3145MB hwm=3172MB
RSS_SAMPLE t=2552.6s rss=3145MB hwm=3172MB
RSS_SAMPLE t=2552.9s rss=3145MB hwm=3172MB
RSS_SAMPLE t=2553.1s rss=3145MB hwm=3172MB
RSS_SAMPLE t=2553.4s rss=3145MB hwm=3172MB
RSS_SAMPLE t=2553.6s rss=3145MB hwm=3172MB
RSS_SAMPLE t=2553.9s rss=3145MB hwm=3172MB
RSS_SAMPLE t=2554.2s rss=3145MB hwm=3172MB
RSS_SAMPLE t=2554.4s rss=3145MB hwm=3172MB
RSS_SAMPLE t=2554.7s rss=3145MB hwm=3172MB
RSS_SAMPLE t=2554.9s rss=3145MB hwm=3172MB
RSS_SAMPLE t=2555.2s rss=3145MB hwm=3172MB
RSS_SAMPLE t=2555.4s rss=3145MB hwm=3172MB
RSS_SAMPLE t=2555.7s rss=3145MB hwm=3172MB
RSS_SAMPLE t=2555.9s rss=3145MB hwm=3172MB
RSS_SAMPLE t=2556.2s rss=3145MB hwm=3172MB
RSS_SAMPLE t=2556.4s rss=3145MB hwm=3172MB
RSS_SAMPLE t=2556.7s rss=3145MB hwm=3172MB
RSS_SAMPLE t=2556.9s rss=3145MB hwm=3172MB
RSS_SAMPLE t=2557.2s rss=3145MB hwm=3172MB
RSS_SAMPLE t=2557.4s rss=3145MB hwm=3172MB
RSS_SAMPLE t=2557.7s rss=3145MB hwm=3172MB
RSS_SAMPLE t=2557.9s rss=3145MB hwm=3172MB
RSS_SAMPLE t=2558.2s rss=3145MB hwm=3172MB
RSS_SAMPLE t=2558.4s rss=3145MB hwm=3172MB
RSS_SAMPLE t=2558.7s rss=3145MB hwm=3172MB
RSS_SAMPLE t=2558.9s rss=3145MB hwm=3172MB
RSS_SAMPLE t=2559.2s rss=3145MB hwm=3172MB
RSS_SAMPLE t=2559.4s rss=3145MB hwm=3172MB
RSS_SAMPLE t=2559.7s rss=3145MB hwm=3172MB
RSS_SAMPLE t=2559.9s rss=3145MB hwm=3172MB
RSS_SAMPLE t=2560.2s rss=3145MB hwm=3172MB
RSS_SAMPLE t=2560.4s rss=3145MB hwm=3172MB
RSS_SAMPLE t=2560.7s rss=3145MB hwm=3172MB
RSS_SAMPLE t=2560.9s rss=3145MB hwm=3172MB
RSS_SAMPLE t=2561.2s rss=3145MB hwm=3172MB
RSS_SAMPLE t=2561.4s rss=3145MB hwm=3172MB
RSS_SAMPLE t=2561.7s rss=3145MB hwm=3172MB
RSS_SAMPLE t=2561.9s rss=3145MB hwm=3172MB
RSS_SAMPLE t=2562.2s rss=3145MB hwm=3172MB
RSS_SAMPLE t=2562.4s rss=3145MB hwm=3172MB
RSS_SAMPLE t=2562.7s rss=3145MB hwm=3172MB
RSS_SAMPLE t=2562.9s rss=3145MB hwm=3172MB
RSS_SAMPLE t=2563.2s rss=3145MB hwm=3172MB
RSS_SAMPLE t=2563.4s rss=3145MB hwm=3172MB
RSS_SAMPLE t=2563.7s rss=3145MB hwm=3172MB
RSS_SAMPLE t=2563.9s rss=3145MB hwm=3172MB
RSS_SAMPLE t=2564.2s rss=3145MB hwm=3172MB
RSS_SAMPLE t=2564.4s rss=3145MB hwm=3172MB
RSS_SAMPLE t=2564.7s rss=3145MB hwm=3172MB
RSS_SAMPLE t=2564.9s rss=3145MB hwm=3172MB
RSS_SAMPLE t=2565.2s rss=3145MB hwm=3172MB
RSS_SAMPLE t=2565.4s rss=3145MB hwm=3172MB
RSS_SAMPLE t=2565.7s rss=3145MB hwm=3172MB
RSS_SAMPLE t=2565.9s rss=3145MB hwm=3172MB
RSS_SAMPLE t=2566.2s rss=3145MB hwm=3172MB
RSS_SAMPLE t=2566.4s rss=3145MB hwm=3172MB
RSS_SAMPLE t=2566.7s rss=3145MB hwm=3172MB
RSS_SAMPLE t=2566.9s rss=3145MB hwm=3172MB
RSS_SAMPLE t=2567.2s rss=3145MB hwm=3172MB
RSS_SAMPLE t=2567.4s rss=3145MB hwm=3172MB
RSS_SAMPLE t=2567.7s rss=3145MB hwm=3172MB
RSS_SAMPLE t=2567.9s rss=3145MB hwm=3172MB
RSS_SAMPLE t=2568.2s rss=3145MB hwm=3172MB
RSS_SAMPLE t=2568.4s rss=3145MB hwm=3172MB
RSS_SAMPLE t=2568.7s rss=3145MB hwm=3172MB
RSS_SAMPLE t=2568.9s rss=3145MB hwm=3172MB
RSS_SAMPLE t=2569.2s rss=3145MB hwm=3172MB
RSS_SAMPLE t=2569.4s rss=3145MB hwm=3172MB
RSS_SAMPLE t=2569.7s rss=3145MB hwm=3172MB
RSS_SAMPLE t=2569.9s rss=3145MB hwm=3172MB
RSS_SAMPLE t=2570.2s rss=3145MB hwm=3172MB
RSS_SAMPLE t=2570.4s rss=3145MB hwm=3172MB
RSS_SAMPLE t=2570.7s rss=3145MB hwm=3172MB
RSS_SAMPLE t=2570.9s rss=3145MB hwm=3172MB
RSS_SAMPLE t=2571.2s rss=3145MB hwm=3172MB
RSS_SAMPLE t=2571.4s rss=3145MB hwm=3172MB
RSS_SAMPLE t=2571.7s rss=3145MB hwm=3172MB
RSS_SAMPLE t=2571.9s rss=3145MB hwm=3172MB
RSS_SAMPLE t=2572.2s rss=3145MB hwm=3172MB
RSS_SAMPLE t=2572.4s rss=3145MB hwm=3172MB
RSS_SAMPLE t=2572.7s rss=3145MB hwm=3172MB
RSS_SAMPLE t=2572.9s rss=3145MB hwm=3172MB
RSS_SAMPLE t=2573.2s rss=3145MB hwm=3172MB
RSS_SAMPLE t=2573.4s rss=3145MB hwm=3172MB
RSS_SAMPLE t=2573.7s rss=3145MB hwm=3172MB
RSS_SAMPLE t=2573.9s rss=3145MB hwm=3172MB
RSS_SAMPLE t=2574.2s rss=3145MB hwm=3172MB
RSS_SAMPLE t=2574.4s rss=3145MB hwm=3172MB
RSS_SAMPLE t=2574.7s rss=3145MB hwm=3172MB
RSS_SAMPLE t=2574.9s rss=3145MB hwm=3172MB
RSS_SAMPLE t=2575.2s rss=3145MB hwm=3172MB
RSS_SAMPLE t=2575.4s rss=3145MB hwm=3172MB
RSS_SAMPLE t=2575.7s rss=3145MB hwm=3172MB
RSS_SAMPLE t=2575.9s rss=3145MB hwm=3172MB
RSS_SAMPLE t=2576.2s rss=3145MB hwm=3172MB
RSS_SAMPLE t=2576.4s rss=3145MB hwm=3172MB
RSS_SAMPLE t=2576.7s rss=3145MB hwm=3172MB
RSS_SAMPLE t=2576.9s rss=3145MB hwm=3172MB
RSS_SAMPLE t=2577.2s rss=3145MB hwm=3172MB
RSS_SAMPLE t=2577.4s rss=3145MB hwm=3172MB
RSS_SAMPLE t=2577.7s rss=3145MB hwm=3172MB
RSS_SAMPLE t=2577.9s rss=3145MB hwm=3172MB
RSS_SAMPLE t=2578.2s rss=3145MB hwm=3172MB
RSS_SAMPLE t=2578.4s rss=3145MB hwm=3172MB
RSS_SAMPLE t=2578.7s rss=3145MB hwm=3172MB
RSS_SAMPLE t=2578.9s rss=3145MB hwm=3172MB
RSS_SAMPLE t=2579.2s rss=3145MB hwm=3172MB
RSS_SAMPLE t=2579.4s rss=3145MB hwm=3172MB
RSS_SAMPLE t=2579.7s rss=3145MB hwm=3172MB
RSS_SAMPLE t=2579.9s rss=3145MB hwm=3172MB
RSS_SAMPLE t=2580.2s rss=3145MB hwm=3172MB
RSS_SAMPLE t=2580.4s rss=3145MB hwm=3172MB
RSS_SAMPLE t=2580.7s rss=3145MB hwm=3172MB
RSS_SAMPLE t=2580.9s rss=3145MB hwm=3172MB
RSS_SAMPLE t=2581.2s rss=3145MB hwm=3172MB
RSS_SAMPLE t=2581.4s rss=3145MB hwm=3172MB
RSS_SAMPLE t=2581.7s rss=3145MB hwm=3172MB
RSS_SAMPLE t=2581.9s rss=3145MB hwm=3172MB
RSS_SAMPLE t=2582.2s rss=3145MB hwm=3172MB
RSS_SAMPLE t=2582.4s rss=3145MB hwm=3172MB
RSS_SAMPLE t=2582.7s rss=3145MB hwm=3172MB
RSS_SAMPLE t=2582.9s rss=3145MB hwm=3172MB
RSS_SAMPLE t=2583.2s rss=3145MB hwm=3172MB
RSS_SAMPLE t=2583.4s rss=3145MB hwm=3172MB
RSS_SAMPLE t=2583.7s rss=3145MB hwm=3172MB
RSS_SAMPLE t=2583.9s rss=3145MB hwm=3172MB
RSS_SAMPLE t=2584.2s rss=3145MB hwm=3172MB
RSS_SAMPLE t=2584.4s rss=3145MB hwm=3172MB
RSS_SAMPLE t=2584.7s rss=3145MB hwm=3172MB
RSS_SAMPLE t=2584.9s rss=3145MB hwm=3172MB
RSS_SAMPLE t=2585.2s rss=3145MB hwm=3172MB
RSS_SAMPLE t=2585.4s rss=3145MB hwm=3172MB
RSS_SAMPLE t=2585.7s rss=3145MB hwm=3172MB
RSS_SAMPLE t=2585.9s rss=3145MB hwm=3172MB
RSS_SAMPLE t=2586.2s rss=3145MB hwm=3172MB
RSS_SAMPLE t=2586.4s rss=3145MB hwm=3172MB
RSS_SAMPLE t=2586.7s rss=3145MB hwm=3172MB
RSS_SAMPLE t=2586.9s rss=3145MB hwm=3172MB
RSS_SAMPLE t=2587.2s rss=3145MB hwm=3172MB
RSS_SAMPLE t=2587.4s rss=3145MB hwm=3172MB
RSS_SAMPLE t=2587.7s rss=3145MB hwm=3172MB
RSS_SAMPLE t=2587.9s rss=3145MB hwm=3172MB
RSS_SAMPLE t=2588.2s rss=3145MB hwm=3172MB
RSS_SAMPLE t=2588.4s rss=3145MB hwm=3172MB
RSS_SAMPLE t=2588.7s rss=3145MB hwm=3172MB
RSS_SAMPLE t=2588.9s rss=3145MB hwm=3172MB
RSS_SAMPLE t=2589.2s rss=3145MB hwm=3172MB
RSS_SAMPLE t=2589.4s rss=3145MB hwm=3172MB
RSS_SAMPLE t=2589.7s rss=3145MB hwm=3172MB
RSS_SAMPLE t=2589.9s rss=3145MB hwm=3172MB
RSS_SAMPLE t=2590.2s rss=3145MB hwm=3172MB
RSS_SAMPLE t=2590.4s rss=3145MB hwm=3172MB
RSS_SAMPLE t=2590.7s rss=3145MB hwm=3172MB
RSS_SAMPLE t=2590.9s rss=3145MB hwm=3172MB
RSS_SAMPLE t=2591.2s rss=3145MB hwm=3172MB
RSS_SAMPLE t=2591.4s rss=3145MB hwm=3172MB
RSS_SAMPLE t=2591.7s rss=3145MB hwm=3172MB
RSS_SAMPLE t=2591.9s rss=3145MB hwm=3172MB
RSS_SAMPLE t=2592.2s rss=3145MB hwm=3172MB
RSS_SAMPLE t=2592.4s rss=3145MB hwm=3172MB
RSS_SAMPLE t=2592.7s rss=3145MB hwm=3172MB
RSS_SAMPLE t=2592.9s rss=3145MB hwm=3172MB
RSS_SAMPLE t=2593.2s rss=3145MB hwm=3172MB
RSS_SAMPLE t=2593.4s rss=3145MB hwm=3172MB
RSS_SAMPLE t=2593.7s rss=3145MB hwm=3172MB
RSS_SAMPLE t=2593.9s rss=3145MB hwm=3172MB
RSS_SAMPLE t=2594.2s rss=3145MB hwm=3172MB
RSS_SAMPLE t=2594.4s rss=3145MB hwm=3172MB
RSS_SAMPLE t=2594.7s rss=3145MB hwm=3172MB
RSS_SAMPLE t=2594.9s rss=3145MB hwm=3172MB
RSS_SAMPLE t=2595.2s rss=3145MB hwm=3172MB
RSS_SAMPLE t=2595.4s rss=3145MB hwm=3172MB
RSS_SAMPLE t=2595.7s rss=3145MB hwm=3172MB
RSS_SAMPLE t=2595.9s rss=3145MB hwm=3172MB
RSS_SAMPLE t=2596.2s rss=3145MB hwm=3172MB
RSS_SAMPLE t=2596.4s rss=3145MB hwm=3172MB
RSS_SAMPLE t=2596.7s rss=3145MB hwm=3172MB
RSS_SAMPLE t=2596.9s rss=3145MB hwm=3172MB
RSS_SAMPLE t=2597.2s rss=3145MB hwm=3172MB
RSS_SAMPLE t=2597.4s rss=3145MB hwm=3172MB
RSS_SAMPLE t=2597.7s rss=3145MB hwm=3172MB
RSS_SAMPLE t=2597.9s rss=3145MB hwm=3172MB
RSS_SAMPLE t=2598.2s rss=3145MB hwm=3172MB
RSS_SAMPLE t=2598.4s rss=3145MB hwm=3172MB
RSS_SAMPLE t=2598.7s rss=3145MB hwm=3172MB
RSS_SAMPLE t=2598.9s rss=3145MB hwm=3172MB
RSS_SAMPLE t=2599.2s rss=3145MB hwm=3172MB
RSS_SAMPLE t=2599.4s rss=3145MB hwm=3172MB
RSS_SAMPLE t=2599.7s rss=3145MB hwm=3172MB
RSS_SAMPLE t=2599.9s rss=3145MB hwm=3172MB
RSS_SAMPLE t=2600.2s rss=3145MB hwm=3172MB
RSS_SAMPLE t=2600.4s rss=3145MB hwm=3172MB
RSS_SAMPLE t=2600.7s rss=3145MB hwm=3172MB
RSS_SAMPLE t=2600.9s rss=3145MB hwm=3172MB
RSS_SAMPLE t=2601.2s rss=3145MB hwm=3172MB
RSS_SAMPLE t=2601.4s rss=3145MB hwm=3172MB
RSS_SAMPLE t=2601.7s rss=3145MB hwm=3172MB
RSS_SAMPLE t=2601.9s rss=3145MB hwm=3172MB
RSS_SAMPLE t=2602.2s rss=3145MB hwm=3172MB
RSS_SAMPLE t=2602.4s rss=3145MB hwm=3172MB
RSS_SAMPLE t=2602.7s rss=3145MB hwm=3172MB
RSS_SAMPLE t=2602.9s rss=3145MB hwm=3172MB
RSS_SAMPLE t=2603.2s rss=3145MB hwm=3172MB
RSS_SAMPLE t=2603.4s rss=3145MB hwm=3172MB
RSS_SAMPLE t=2603.7s rss=3145MB hwm=3172MB
RSS_SAMPLE t=2603.9s rss=3145MB hwm=3172MB
RSS_SAMPLE t=2604.2s rss=3145MB hwm=3172MB
RSS_SAMPLE t=2604.4s rss=3145MB hwm=3172MB
RSS_SAMPLE t=2604.7s rss=3145MB hwm=3172MB
RSS_SAMPLE t=2604.9s rss=3145MB hwm=3172MB
RSS_SAMPLE t=2605.2s rss=3145MB hwm=3172MB
RSS_SAMPLE t=2605.4s rss=3145MB hwm=3172MB
RSS_SAMPLE t=2605.7s rss=3145MB hwm=3172MB
RSS_SAMPLE t=2605.9s rss=3145MB hwm=3172MB
RSS_SAMPLE t=2606.2s rss=3145MB hwm=3172MB
RSS_SAMPLE t=2606.4s rss=3145MB hwm=3172MB
RSS_SAMPLE t=2606.7s rss=3145MB hwm=3172MB
RSS_SAMPLE t=2606.9s rss=3145MB hwm=3172MB
RSS_SAMPLE t=2607.2s rss=3145MB hwm=3172MB
RSS_SAMPLE t=2607.4s rss=3145MB hwm=3172MB
RSS_SAMPLE t=2607.7s rss=3145MB hwm=3172MB
RSS_SAMPLE t=2607.9s rss=3145MB hwm=3172MB
RSS_SAMPLE t=2608.2s rss=3145MB hwm=3172MB
RSS_SAMPLE t=2608.4s rss=3145MB hwm=3172MB
RSS_SAMPLE t=2608.7s rss=3145MB hwm=3172MB
RSS_SAMPLE t=2608.9s rss=3145MB hwm=3172MB
RSS_SAMPLE t=2609.2s rss=3145MB hwm=3172MB
RSS_SAMPLE t=2609.4s rss=3145MB hwm=3172MB
RSS_SAMPLE t=2609.7s rss=3145MB hwm=3172MB
RSS_SAMPLE t=2609.9s rss=3145MB hwm=3172MB
RSS_SAMPLE t=2610.2s rss=3145MB hwm=3172MB
RSS_SAMPLE t=2610.4s rss=3145MB hwm=3172MB
RSS_SAMPLE t=2610.7s rss=3145MB hwm=3172MB
RSS_SAMPLE t=2610.9s rss=3145MB hwm=3172MB
RSS_SAMPLE t=2611.2s rss=3145MB hwm=3172MB
RSS_SAMPLE t=2611.4s rss=3145MB hwm=3172MB
RSS_SAMPLE t=2611.7s rss=3145MB hwm=3172MB
RSS_SAMPLE t=2611.9s rss=3145MB hwm=3172MB
RSS_SAMPLE t=2612.2s rss=3145MB hwm=3172MB
RSS_SAMPLE t=2612.4s rss=3145MB hwm=3172MB
RSS_SAMPLE t=2612.7s rss=3145MB hwm=3172MB
RSS_SAMPLE t=2612.9s rss=3145MB hwm=3172MB
RSS_SAMPLE t=2613.2s rss=3145MB hwm=3172MB
RSS_SAMPLE t=2613.4s rss=3145MB hwm=3172MB
RSS_SAMPLE t=2613.7s rss=3145MB hwm=3172MB
RSS_SAMPLE t=2613.9s rss=3145MB hwm=3172MB
RSS_SAMPLE t=2614.2s rss=3145MB hwm=3172MB
RSS_SAMPLE t=2614.4s rss=3145MB hwm=3172MB
RSS_SAMPLE t=2614.7s rss=3145MB hwm=3172MB
RSS_SAMPLE t=2614.9s rss=3145MB hwm=3172MB
RSS_SAMPLE t=2615.2s rss=3145MB hwm=3172MB
RSS_SAMPLE t=2615.4s rss=3145MB hwm=3172MB
RSS_SAMPLE t=2615.7s rss=3145MB hwm=3172MB
RSS_SAMPLE t=2615.9s rss=3145MB hwm=3172MB
RSS_SAMPLE t=2616.2s rss=3145MB hwm=3172MB
RSS_SAMPLE t=2616.4s rss=3145MB hwm=3172MB
RSS_SAMPLE t=2616.7s rss=3145MB hwm=3172MB
RSS_SAMPLE t=2616.9s rss=3145MB hwm=3172MB
RSS_SAMPLE t=2617.2s rss=3145MB hwm=3172MB
RSS_SAMPLE t=2617.4s rss=3145MB hwm=3172MB
RSS_SAMPLE t=2617.7s rss=3145MB hwm=3172MB
RSS_SAMPLE t=2617.9s rss=3145MB hwm=3172MB
RSS_SAMPLE t=2618.2s rss=3145MB hwm=3172MB
RSS_SAMPLE t=2618.4s rss=3145MB hwm=3172MB
RSS_SAMPLE t=2618.7s rss=3145MB hwm=3172MB
RSS_SAMPLE t=2618.9s rss=3145MB hwm=3172MB
RSS_SAMPLE t=2619.2s rss=3145MB hwm=3172MB
RSS_SAMPLE t=2619.4s rss=3145MB hwm=3172MB
RSS_SAMPLE t=2619.7s rss=3145MB hwm=3172MB
RSS_SAMPLE t=2619.9s rss=3145MB hwm=3172MB
RSS_SAMPLE t=2620.2s rss=3145MB hwm=3172MB
RSS_SAMPLE t=2620.4s rss=3145MB hwm=3172MB
RSS_SAMPLE t=2620.7s rss=3145MB hwm=3172MB
RSS_SAMPLE t=2620.9s rss=3145MB hwm=3172MB
RSS_SAMPLE t=2621.2s rss=3145MB hwm=3172MB
RSS_SAMPLE t=2621.4s rss=3145MB hwm=3172MB
RSS_SAMPLE t=2621.7s rss=3145MB hwm=3172MB
RSS_SAMPLE t=2621.9s rss=3145MB hwm=3172MB
RSS_SAMPLE t=2622.2s rss=3145MB hwm=3172MB
RSS_SAMPLE t=2622.4s rss=3145MB hwm=3172MB
RSS_SAMPLE t=2622.7s rss=3145MB hwm=3172MB
RSS_SAMPLE t=2622.9s rss=3145MB hwm=3172MB
RSS_SAMPLE t=2623.2s rss=3145MB hwm=3172MB
RSS_SAMPLE t=2623.4s rss=3145MB hwm=3172MB
RSS_SAMPLE t=2623.7s rss=3145MB hwm=3172MB
RSS_SAMPLE t=2623.9s rss=3145MB hwm=3172MB
RSS_SAMPLE t=2624.2s rss=3145MB hwm=3172MB
RSS_SAMPLE t=2624.4s rss=3145MB hwm=3172MB
RSS_SAMPLE t=2624.7s rss=3145MB hwm=3172MB
RSS_SAMPLE t=2624.9s rss=3145MB hwm=3172MB
RSS_SAMPLE t=2625.2s rss=3145MB hwm=3172MB
RSS_SAMPLE t=2625.4s rss=3145MB hwm=3172MB
RSS_SAMPLE t=2625.7s rss=3145MB hwm=3172MB
RSS_SAMPLE t=2625.9s rss=3145MB hwm=3172MB
RSS_SAMPLE t=2626.2s rss=3145MB hwm=3172MB
RSS_SAMPLE t=2626.4s rss=3145MB hwm=3172MB
RSS_SAMPLE t=2626.7s rss=3145MB hwm=3172MB
RSS_SAMPLE t=2626.9s rss=3145MB hwm=3172MB
RSS_SAMPLE t=2627.2s rss=3145MB hwm=3172MB
RSS_SAMPLE t=2627.4s rss=3145MB hwm=3172MB
RSS_SAMPLE t=2627.7s rss=3145MB hwm=3172MB
RSS_SAMPLE t=2627.9s rss=3145MB hwm=3172MB
RSS_SAMPLE t=2628.2s rss=3145MB hwm=3172MB
RSS_SAMPLE t=2628.4s rss=3145MB hwm=3172MB
RSS_SAMPLE t=2628.7s rss=3145MB hwm=3172MB
RSS_SAMPLE t=2628.9s rss=3145MB hwm=3172MB
RSS_SAMPLE t=2629.2s rss=3145MB hwm=3172MB
RSS_SAMPLE t=2629.4s rss=3145MB hwm=3172MB
RSS_SAMPLE t=2629.7s rss=3145MB hwm=3172MB
RSS_SAMPLE t=2629.9s rss=3145MB hwm=3172MB
RSS_SAMPLE t=2630.2s rss=3145MB hwm=3172MB
RSS_SAMPLE t=2630.4s rss=3145MB hwm=3172MB
RSS_SAMPLE t=2630.7s rss=3145MB hwm=3172MB
RSS_SAMPLE t=2630.9s rss=3145MB hwm=3172MB
RSS_SAMPLE t=2631.2s rss=3145MB hwm=3172MB
RSS_SAMPLE t=2631.4s rss=3145MB hwm=3172MB
RSS_SAMPLE t=2631.7s rss=3145MB hwm=3172MB
RSS_SAMPLE t=2631.9s rss=3145MB hwm=3172MB
RSS_SAMPLE t=2632.2s rss=3145MB hwm=3172MB
RSS_SAMPLE t=2632.4s rss=3145MB hwm=3172MB
RSS_SAMPLE t=2632.7s rss=3145MB hwm=3172MB
RSS_SAMPLE t=2632.9s rss=3145MB hwm=3172MB
RSS_SAMPLE t=2633.2s rss=3145MB hwm=3172MB
RSS_SAMPLE t=2633.4s rss=3145MB hwm=3172MB
RSS_SAMPLE t=2633.7s rss=3145MB hwm=3172MB
RSS_SAMPLE t=2633.9s rss=3145MB hwm=3172MB
RSS_SAMPLE t=2634.2s rss=3145MB hwm=3172MB
RSS_SAMPLE t=2634.4s rss=3145MB hwm=3172MB
RSS_SAMPLE t=2634.7s rss=3145MB hwm=3172MB
RSS_SAMPLE t=2634.9s rss=3145MB hwm=3172MB
RSS_SAMPLE t=2635.2s rss=3145MB hwm=3172MB
RSS_SAMPLE t=2635.4s rss=3145MB hwm=3172MB
RSS_SAMPLE t=2635.7s rss=3145MB hwm=3172MB
RSS_SAMPLE t=2635.9s rss=3145MB hwm=3172MB
RSS_SAMPLE t=2636.2s rss=3145MB hwm=3172MB
RSS_SAMPLE t=2636.5s rss=3145MB hwm=3172MB
RSS_SAMPLE t=2636.7s rss=3145MB hwm=3172MB
RSS_SAMPLE t=2637.0s rss=3145MB hwm=3172MB
RSS_SAMPLE t=2637.2s rss=3145MB hwm=3172MB
RSS_SAMPLE t=2637.5s rss=3145MB hwm=3172MB
RSS_SAMPLE t=2637.7s rss=3145MB hwm=3172MB
MEM_POOL: workspaces=8 dense_usage_mb=313 n_pipes=2562403
    post_solve_diag[outer=15]: solves=105117 cap_armed=105117 (100.0%) settle_avg=4698 above_sink_avg=219 (4.7%) settle_max=69353
    settle_hist[outer=15]: <100: 25602nets/0.2%work  <1k: 27760nets/2.0%work  <5k: 25134nets/13.4%work  <20k: 19771nets/41.6%work  <60k: 6785nets/42.0%work  >=60k: 65nets/0.8%work
    fanout_hist[outer=15]: fan1: 43710nets/13.6%work  fan2-4: 48279nets/49.9%work  fan5-16: 12974nets/35.5%work  fan17-64: 154nets/1.0%work  fan65-256: 0nets/0.0%work  fan>256: 0nets/0.0%work
    rss_probe[outer=15]: pre_post_solve=3142MB post_post_solve=3160MB after_apply=3160MB
RSS_SAMPLE t=2638.0s rss=3160MB hwm=3172MB
    E_decomp: base=9110822.7 eff=130976296289464.8 cong=130976287178642.0 cong_share=100.0% sat_pipes=323273 max_util=1935.28  R_buckets: 1-2x=1336025 2-10x=279045 10-100x=221847 >=100x=725486
    E_potential: beckmann=215977296628617.1 history_total=0.0
    SpanCache: epoch=16 entries=1589 lookups=2562403 hits=2560814 misses=1589 hit_rate=99.9%
  DCD  15: nets=105117 line=10795846 energy=17787001920.989 dE=+2625429523.118 friction=11780620.9 bins=2.0x(224) excess=76.1 moved=68521 disp=4.100 solves=105117 skip=105117 pops=493852697 theta=2.661 refresh=132685ms dcd=8216ms total=143944ms
    cache_stats: entries=60862041 capacity=129453639 est_mb=1116 rss_mb=3160
RSS_SAMPLE t=2638.2s rss=3160MB hwm=3172MB
RSS_SAMPLE t=2638.5s rss=3160MB hwm=3172MB
RSS_SAMPLE t=2638.7s rss=3160MB hwm=3172MB
RSS_SAMPLE t=2639.0s rss=3160MB hwm=3172MB
RSS_SAMPLE t=2639.2s rss=3160MB hwm=3172MB
RSS_SAMPLE t=2639.5s rss=3160MB hwm=3172MB
RSS_SAMPLE t=2639.7s rss=3160MB hwm=3172MB
RSS_SAMPLE t=2640.0s rss=3160MB hwm=3172MB
RSS_SAMPLE t=2640.2s rss=3160MB hwm=3172MB
RSS_SAMPLE t=2640.5s rss=3160MB hwm=3172MB
RSS_SAMPLE t=2640.7s rss=3160MB hwm=3172MB
RSS_SAMPLE t=2641.0s rss=3160MB hwm=3172MB
RSS_SAMPLE t=2641.2s rss=3160MB hwm=3172MB
RSS_SAMPLE t=2641.5s rss=3160MB hwm=3172MB
RSS_SAMPLE t=2641.7s rss=3160MB hwm=3172MB
    SwitchMatrix: type_usage_pairs=633 lookups=2031 hits=1398 dijkstra_calls=633 avg_us=11.6 total_ms=7.3
PHASE_MARK outer=16 enter=pre_solve rss=3160MB
    rss_probe[outer=16]: pre_refresh_rss=3160MB post_pre_solve_rss=3160MB cache_entries=60862041 cache_cap=129453639 cache_est_mb=1116
    pre_solve_diag[outer=16]: solves=0 fallback=0 (0.0%) cap_armed=0 (0.0%) settle_avg=0 settle_max=0 init_count=53
    Overflow: over=278806 (10.9% of used) avg_excess=1.56 max_excess=2611.34 (nc=2635.34 cap=24 span=1)  excess_buckets: <=1=169496 1-5=95470 5-20=12844 >20=996  by_cap: cap1=137707 cap2=136109 cap3-5=0 cap>5=4990  by_span: s1=299 s2-3=323 s4-6=4243 s7-12=131071 s>12=142870  le1_cross: cap1=104871 cap2-5=63534 cap>5=1091
    Congestion: pipes=2562403 used=2562403 congested(>50%)=615483 saturated(>90%)=323273 max_util=1935.28 avg_util=0.4229
PHASE_MARK outer=16 enter=dcd_sweep rss=3160MB
RSS_SAMPLE t=2642.0s rss=3160MB hwm=3172MB
RSS_SAMPLE t=2642.2s rss=3160MB hwm=3172MB
RSS_SAMPLE t=2642.5s rss=3160MB hwm=3172MB
RSS_SAMPLE t=2642.7s rss=3160MB hwm=3172MB
RSS_SAMPLE t=2643.0s rss=3160MB hwm=3172MB
RSS_SAMPLE t=2643.2s rss=3160MB hwm=3172MB
RSS_SAMPLE t=2643.5s rss=3160MB hwm=3172MB
RSS_SAMPLE t=2643.7s rss=3160MB hwm=3172MB
RSS_SAMPLE t=2644.0s rss=3160MB hwm=3172MB
RSS_SAMPLE t=2644.2s rss=3160MB hwm=3172MB
RSS_SAMPLE t=2644.5s rss=3160MB hwm=3172MB
RSS_SAMPLE t=2644.7s rss=3160MB hwm=3172MB
RSS_SAMPLE t=2645.0s rss=3160MB hwm=3172MB
RSS_SAMPLE t=2645.2s rss=3160MB hwm=3172MB
RSS_SAMPLE t=2645.5s rss=3160MB hwm=3172MB
RSS_SAMPLE t=2645.7s rss=3160MB hwm=3172MB
RSS_SAMPLE t=2646.0s rss=3160MB hwm=3172MB
RSS_SAMPLE t=2646.2s rss=3160MB hwm=3172MB
RSS_SAMPLE t=2646.5s rss=3160MB hwm=3172MB
RSS_SAMPLE t=2646.7s rss=3160MB hwm=3172MB
RSS_SAMPLE t=2647.0s rss=3160MB hwm=3172MB
RSS_SAMPLE t=2647.2s rss=3160MB hwm=3172MB
RSS_SAMPLE t=2647.5s rss=3160MB hwm=3172MB
RSS_SAMPLE t=2647.7s rss=3160MB hwm=3172MB
RSS_SAMPLE t=2648.0s rss=3160MB hwm=3172MB
RSS_SAMPLE t=2648.2s rss=3160MB hwm=3172MB
RSS_SAMPLE t=2648.5s rss=3160MB hwm=3172MB
RSS_SAMPLE t=2648.7s rss=3160MB hwm=3172MB
RSS_SAMPLE t=2649.0s rss=3160MB hwm=3172MB
RSS_SAMPLE t=2649.2s rss=3160MB hwm=3172MB
RSS_SAMPLE t=2649.5s rss=3160MB hwm=3172MB
PHASE_MARK outer=16 leave=dcd_sweep rss=3160MB
PHASE_MARK outer=16 enter=post_refresh rss=3160MB
RSS_SAMPLE t=2649.7s rss=3160MB hwm=3172MB
RSS_SAMPLE t=2650.0s rss=3160MB hwm=3172MB
RSS_SAMPLE t=2650.2s rss=3160MB hwm=3172MB
RSS_SAMPLE t=2650.5s rss=3160MB hwm=3172MB
RSS_SAMPLE t=2650.7s rss=3160MB hwm=3172MB
RSS_SAMPLE t=2651.0s rss=3160MB hwm=3172MB
RSS_SAMPLE t=2651.2s rss=3160MB hwm=3172MB
RSS_SAMPLE t=2651.5s rss=3160MB hwm=3172MB
RSS_SAMPLE t=2651.7s rss=3160MB hwm=3172MB
RSS_SAMPLE t=2652.0s rss=3160MB hwm=3172MB
RSS_SAMPLE t=2652.2s rss=3160MB hwm=3172MB
RSS_SAMPLE t=2652.5s rss=3160MB hwm=3172MB
RSS_SAMPLE t=2652.7s rss=3160MB hwm=3172MB
RSS_SAMPLE t=2653.0s rss=3160MB hwm=3172MB
RSS_SAMPLE t=2653.2s rss=3160MB hwm=3172MB
RSS_SAMPLE t=2653.5s rss=3160MB hwm=3172MB
RSS_SAMPLE t=2653.7s rss=3160MB hwm=3172MB
RSS_SAMPLE t=2654.0s rss=3160MB hwm=3172MB
RSS_SAMPLE t=2654.2s rss=3160MB hwm=3172MB
RSS_SAMPLE t=2654.5s rss=3160MB hwm=3172MB
RSS_SAMPLE t=2654.7s rss=3160MB hwm=3172MB
RSS_SAMPLE t=2655.0s rss=3160MB hwm=3172MB
RSS_SAMPLE t=2655.2s rss=3160MB hwm=3172MB
RSS_SAMPLE t=2655.5s rss=3160MB hwm=3172MB
RSS_SAMPLE t=2655.7s rss=3160MB hwm=3172MB
RSS_SAMPLE t=2656.0s rss=3160MB hwm=3172MB
RSS_SAMPLE t=2656.2s rss=3160MB hwm=3172MB
RSS_SAMPLE t=2656.5s rss=3160MB hwm=3172MB
RSS_SAMPLE t=2656.7s rss=3160MB hwm=3172MB
RSS_SAMPLE t=2657.0s rss=3160MB hwm=3172MB
RSS_SAMPLE t=2657.2s rss=3160MB hwm=3172MB
RSS_SAMPLE t=2657.5s rss=3160MB hwm=3172MB
RSS_SAMPLE t=2657.7s rss=3160MB hwm=3172MB
RSS_SAMPLE t=2658.0s rss=3160MB hwm=3172MB
RSS_SAMPLE t=2658.2s rss=3160MB hwm=3172MB
RSS_SAMPLE t=2658.5s rss=3160MB hwm=3172MB
RSS_SAMPLE t=2658.7s rss=3160MB hwm=3172MB
RSS_SAMPLE t=2659.0s rss=3160MB hwm=3172MB
RSS_SAMPLE t=2659.2s rss=3160MB hwm=3172MB
RSS_SAMPLE t=2659.5s rss=3160MB hwm=3172MB
RSS_SAMPLE t=2659.7s rss=3160MB hwm=3172MB
RSS_SAMPLE t=2660.0s rss=3160MB hwm=3172MB
RSS_SAMPLE t=2660.2s rss=3160MB hwm=3172MB
RSS_SAMPLE t=2660.5s rss=3160MB hwm=3172MB
RSS_SAMPLE t=2660.7s rss=3160MB hwm=3172MB
RSS_SAMPLE t=2661.0s rss=3160MB hwm=3172MB
RSS_SAMPLE t=2661.2s rss=3160MB hwm=3172MB
RSS_SAMPLE t=2661.5s rss=3160MB hwm=3172MB
RSS_SAMPLE t=2661.7s rss=3160MB hwm=3172MB
RSS_SAMPLE t=2662.0s rss=3160MB hwm=3172MB
RSS_SAMPLE t=2662.2s rss=3160MB hwm=3172MB
RSS_SAMPLE t=2662.5s rss=3160MB hwm=3172MB
RSS_SAMPLE t=2662.7s rss=3160MB hwm=3172MB
RSS_SAMPLE t=2663.0s rss=3160MB hwm=3172MB
RSS_SAMPLE t=2663.2s rss=3160MB hwm=3172MB
RSS_SAMPLE t=2663.5s rss=3160MB hwm=3172MB
RSS_SAMPLE t=2663.7s rss=3160MB hwm=3172MB
RSS_SAMPLE t=2664.0s rss=3160MB hwm=3172MB
RSS_SAMPLE t=2664.2s rss=3160MB hwm=3172MB
RSS_SAMPLE t=2664.5s rss=3160MB hwm=3172MB
RSS_SAMPLE t=2664.7s rss=3160MB hwm=3172MB
RSS_SAMPLE t=2665.0s rss=3160MB hwm=3172MB
RSS_SAMPLE t=2665.2s rss=3160MB hwm=3172MB
RSS_SAMPLE t=2665.5s rss=3160MB hwm=3172MB
RSS_SAMPLE t=2665.7s rss=3160MB hwm=3172MB
RSS_SAMPLE t=2666.0s rss=3160MB hwm=3172MB
RSS_SAMPLE t=2666.2s rss=3160MB hwm=3172MB
RSS_SAMPLE t=2666.5s rss=3160MB hwm=3172MB
RSS_SAMPLE t=2666.7s rss=3160MB hwm=3172MB
RSS_SAMPLE t=2667.0s rss=3160MB hwm=3172MB
RSS_SAMPLE t=2667.2s rss=3160MB hwm=3172MB
RSS_SAMPLE t=2667.5s rss=3160MB hwm=3172MB
RSS_SAMPLE t=2667.7s rss=3160MB hwm=3172MB
RSS_SAMPLE t=2668.0s rss=3160MB hwm=3172MB
RSS_SAMPLE t=2668.2s rss=3160MB hwm=3172MB
RSS_SAMPLE t=2668.5s rss=3160MB hwm=3172MB
RSS_SAMPLE t=2668.7s rss=3160MB hwm=3172MB
RSS_SAMPLE t=2669.0s rss=3160MB hwm=3172MB
RSS_SAMPLE t=2669.2s rss=3160MB hwm=3172MB
RSS_SAMPLE t=2669.5s rss=3160MB hwm=3172MB
RSS_SAMPLE t=2669.7s rss=3160MB hwm=3172MB
RSS_SAMPLE t=2670.0s rss=3160MB hwm=3172MB
RSS_SAMPLE t=2670.2s rss=3160MB hwm=3172MB
RSS_SAMPLE t=2670.5s rss=3160MB hwm=3172MB
RSS_SAMPLE t=2670.7s rss=3160MB hwm=3172MB
RSS_SAMPLE t=2671.0s rss=3160MB hwm=3172MB
RSS_SAMPLE t=2671.2s rss=3160MB hwm=3172MB
RSS_SAMPLE t=2671.5s rss=3160MB hwm=3172MB
RSS_SAMPLE t=2671.7s rss=3160MB hwm=3172MB
RSS_SAMPLE t=2672.0s rss=3160MB hwm=3172MB
RSS_SAMPLE t=2672.2s rss=3160MB hwm=3172MB
RSS_SAMPLE t=2672.5s rss=3160MB hwm=3172MB
RSS_SAMPLE t=2672.7s rss=3160MB hwm=3172MB
RSS_SAMPLE t=2673.0s rss=3160MB hwm=3172MB
RSS_SAMPLE t=2673.2s rss=3160MB hwm=3172MB
RSS_SAMPLE t=2673.5s rss=3160MB hwm=3172MB
RSS_SAMPLE t=2673.7s rss=3160MB hwm=3172MB
RSS_SAMPLE t=2674.0s rss=3160MB hwm=3172MB
RSS_SAMPLE t=2674.2s rss=3160MB hwm=3172MB
RSS_SAMPLE t=2674.5s rss=3160MB hwm=3172MB
RSS_SAMPLE t=2674.7s rss=3160MB hwm=3172MB
RSS_SAMPLE t=2675.0s rss=3160MB hwm=3172MB
RSS_SAMPLE t=2675.2s rss=3160MB hwm=3172MB
RSS_SAMPLE t=2675.5s rss=3160MB hwm=3172MB
RSS_SAMPLE t=2675.7s rss=3160MB hwm=3172MB
RSS_SAMPLE t=2676.0s rss=3160MB hwm=3172MB
RSS_SAMPLE t=2676.2s rss=3160MB hwm=3172MB
RSS_SAMPLE t=2676.5s rss=3160MB hwm=3172MB
RSS_SAMPLE t=2676.7s rss=3160MB hwm=3172MB
RSS_SAMPLE t=2677.0s rss=3160MB hwm=3172MB
RSS_SAMPLE t=2677.2s rss=3160MB hwm=3172MB
RSS_SAMPLE t=2677.5s rss=3160MB hwm=3172MB
RSS_SAMPLE t=2677.7s rss=3160MB hwm=3172MB
RSS_SAMPLE t=2678.0s rss=3160MB hwm=3172MB
RSS_SAMPLE t=2678.2s rss=3160MB hwm=3172MB
RSS_SAMPLE t=2678.5s rss=3160MB hwm=3172MB
RSS_SAMPLE t=2678.7s rss=3160MB hwm=3172MB
RSS_SAMPLE t=2679.0s rss=3160MB hwm=3172MB
RSS_SAMPLE t=2679.2s rss=3160MB hwm=3172MB
RSS_SAMPLE t=2679.5s rss=3160MB hwm=3172MB
RSS_SAMPLE t=2679.7s rss=3160MB hwm=3172MB
RSS_SAMPLE t=2680.0s rss=3160MB hwm=3172MB
RSS_SAMPLE t=2680.2s rss=3160MB hwm=3172MB
RSS_SAMPLE t=2680.5s rss=3160MB hwm=3172MB
RSS_SAMPLE t=2680.7s rss=3160MB hwm=3172MB
RSS_SAMPLE t=2681.0s rss=3160MB hwm=3172MB
RSS_SAMPLE t=2681.2s rss=3160MB hwm=3172MB
RSS_SAMPLE t=2681.5s rss=3160MB hwm=3172MB
RSS_SAMPLE t=2681.7s rss=3160MB hwm=3172MB
RSS_SAMPLE t=2682.0s rss=3160MB hwm=3172MB
RSS_SAMPLE t=2682.2s rss=3160MB hwm=3172MB
RSS_SAMPLE t=2682.5s rss=3160MB hwm=3172MB
RSS_SAMPLE t=2682.7s rss=3160MB hwm=3172MB
RSS_SAMPLE t=2683.0s rss=3160MB hwm=3172MB
RSS_SAMPLE t=2683.2s rss=3160MB hwm=3172MB
RSS_SAMPLE t=2683.5s rss=3160MB hwm=3172MB
RSS_SAMPLE t=2683.7s rss=3160MB hwm=3172MB
RSS_SAMPLE t=2684.0s rss=3160MB hwm=3172MB
RSS_SAMPLE t=2684.2s rss=3160MB hwm=3172MB
RSS_SAMPLE t=2684.5s rss=3160MB hwm=3172MB
RSS_SAMPLE t=2684.7s rss=3160MB hwm=3172MB
RSS_SAMPLE t=2685.0s rss=3160MB hwm=3172MB
RSS_SAMPLE t=2685.2s rss=3160MB hwm=3172MB
RSS_SAMPLE t=2685.5s rss=3160MB hwm=3172MB
RSS_SAMPLE t=2685.7s rss=3160MB hwm=3172MB
RSS_SAMPLE t=2686.0s rss=3160MB hwm=3172MB
RSS_SAMPLE t=2686.2s rss=3160MB hwm=3172MB
RSS_SAMPLE t=2686.5s rss=3160MB hwm=3172MB
RSS_SAMPLE t=2686.7s rss=3160MB hwm=3172MB
RSS_SAMPLE t=2687.0s rss=3160MB hwm=3172MB
RSS_SAMPLE t=2687.2s rss=3160MB hwm=3172MB
RSS_SAMPLE t=2687.5s rss=3160MB hwm=3172MB
RSS_SAMPLE t=2687.7s rss=3160MB hwm=3172MB
RSS_SAMPLE t=2688.0s rss=3160MB hwm=3172MB
RSS_SAMPLE t=2688.2s rss=3160MB hwm=3172MB
RSS_SAMPLE t=2688.5s rss=3160MB hwm=3172MB
RSS_SAMPLE t=2688.7s rss=3160MB hwm=3172MB
RSS_SAMPLE t=2689.0s rss=3160MB hwm=3172MB
RSS_SAMPLE t=2689.2s rss=3160MB hwm=3172MB
RSS_SAMPLE t=2689.5s rss=3160MB hwm=3172MB
RSS_SAMPLE t=2689.7s rss=3160MB hwm=3172MB
RSS_SAMPLE t=2690.0s rss=3160MB hwm=3172MB
RSS_SAMPLE t=2690.2s rss=3160MB hwm=3172MB
RSS_SAMPLE t=2690.5s rss=3160MB hwm=3172MB
RSS_SAMPLE t=2690.7s rss=3160MB hwm=3172MB
RSS_SAMPLE t=2691.0s rss=3160MB hwm=3172MB
RSS_SAMPLE t=2691.2s rss=3160MB hwm=3172MB
RSS_SAMPLE t=2691.5s rss=3160MB hwm=3172MB
RSS_SAMPLE t=2691.7s rss=3160MB hwm=3172MB
RSS_SAMPLE t=2692.0s rss=3160MB hwm=3172MB
RSS_SAMPLE t=2692.2s rss=3160MB hwm=3172MB
RSS_SAMPLE t=2692.5s rss=3160MB hwm=3172MB
RSS_SAMPLE t=2692.7s rss=3160MB hwm=3172MB
RSS_SAMPLE t=2693.0s rss=3160MB hwm=3172MB
RSS_SAMPLE t=2693.2s rss=3160MB hwm=3172MB
RSS_SAMPLE t=2693.5s rss=3160MB hwm=3172MB
RSS_SAMPLE t=2693.7s rss=3160MB hwm=3172MB
RSS_SAMPLE t=2694.0s rss=3160MB hwm=3172MB
RSS_SAMPLE t=2694.2s rss=3160MB hwm=3172MB
RSS_SAMPLE t=2694.5s rss=3160MB hwm=3172MB
RSS_SAMPLE t=2694.7s rss=3160MB hwm=3172MB
RSS_SAMPLE t=2695.0s rss=3160MB hwm=3172MB
RSS_SAMPLE t=2695.2s rss=3160MB hwm=3172MB
RSS_SAMPLE t=2695.5s rss=3160MB hwm=3172MB
RSS_SAMPLE t=2695.8s rss=3160MB hwm=3172MB
RSS_SAMPLE t=2696.0s rss=3160MB hwm=3172MB
RSS_SAMPLE t=2696.3s rss=3160MB hwm=3172MB
RSS_SAMPLE t=2696.5s rss=3160MB hwm=3172MB
RSS_SAMPLE t=2696.8s rss=3160MB hwm=3172MB
RSS_SAMPLE t=2697.0s rss=3160MB hwm=3172MB
RSS_SAMPLE t=2697.3s rss=3160MB hwm=3172MB
RSS_SAMPLE t=2697.5s rss=3160MB hwm=3172MB
RSS_SAMPLE t=2697.8s rss=3160MB hwm=3172MB
RSS_SAMPLE t=2698.0s rss=3160MB hwm=3172MB
RSS_SAMPLE t=2698.3s rss=3160MB hwm=3172MB
RSS_SAMPLE t=2698.5s rss=3160MB hwm=3172MB
RSS_SAMPLE t=2698.8s rss=3160MB hwm=3172MB
RSS_SAMPLE t=2699.0s rss=3160MB hwm=3172MB
RSS_SAMPLE t=2699.3s rss=3160MB hwm=3172MB
RSS_SAMPLE t=2699.5s rss=3160MB hwm=3172MB
RSS_SAMPLE t=2699.8s rss=3160MB hwm=3172MB
RSS_SAMPLE t=2700.0s rss=3160MB hwm=3172MB
RSS_SAMPLE t=2700.3s rss=3160MB hwm=3172MB
RSS_SAMPLE t=2700.5s rss=3160MB hwm=3172MB
RSS_SAMPLE t=2700.8s rss=3160MB hwm=3172MB
RSS_SAMPLE t=2701.0s rss=3160MB hwm=3172MB
RSS_SAMPLE t=2701.3s rss=3160MB hwm=3172MB
RSS_SAMPLE t=2701.5s rss=3160MB hwm=3172MB
RSS_SAMPLE t=2701.8s rss=3160MB hwm=3172MB
RSS_SAMPLE t=2702.0s rss=3160MB hwm=3172MB
RSS_SAMPLE t=2702.3s rss=3160MB hwm=3172MB
RSS_SAMPLE t=2702.5s rss=3160MB hwm=3172MB
RSS_SAMPLE t=2702.8s rss=3160MB hwm=3172MB
RSS_SAMPLE t=2703.0s rss=3160MB hwm=3172MB
RSS_SAMPLE t=2703.3s rss=3160MB hwm=3172MB
RSS_SAMPLE t=2703.5s rss=3160MB hwm=3172MB
RSS_SAMPLE t=2703.8s rss=3160MB hwm=3172MB
RSS_SAMPLE t=2704.0s rss=3160MB hwm=3172MB
RSS_SAMPLE t=2704.3s rss=3160MB hwm=3172MB
RSS_SAMPLE t=2704.5s rss=3160MB hwm=3172MB
RSS_SAMPLE t=2704.8s rss=3160MB hwm=3172MB
RSS_SAMPLE t=2705.0s rss=3160MB hwm=3172MB
RSS_SAMPLE t=2705.3s rss=3160MB hwm=3172MB
RSS_SAMPLE t=2705.5s rss=3160MB hwm=3172MB
RSS_SAMPLE t=2705.8s rss=3160MB hwm=3172MB
RSS_SAMPLE t=2706.0s rss=3160MB hwm=3172MB
RSS_SAMPLE t=2706.3s rss=3160MB hwm=3172MB
RSS_SAMPLE t=2706.5s rss=3160MB hwm=3172MB
RSS_SAMPLE t=2706.8s rss=3160MB hwm=3172MB
RSS_SAMPLE t=2707.0s rss=3160MB hwm=3172MB
RSS_SAMPLE t=2707.3s rss=3160MB hwm=3172MB
RSS_SAMPLE t=2707.5s rss=3160MB hwm=3172MB
RSS_SAMPLE t=2707.8s rss=3160MB hwm=3172MB
RSS_SAMPLE t=2708.0s rss=3160MB hwm=3172MB
RSS_SAMPLE t=2708.3s rss=3160MB hwm=3172MB
RSS_SAMPLE t=2708.5s rss=3160MB hwm=3172MB
RSS_SAMPLE t=2708.8s rss=3160MB hwm=3172MB
RSS_SAMPLE t=2709.0s rss=3160MB hwm=3172MB
RSS_SAMPLE t=2709.3s rss=3160MB hwm=3172MB
RSS_SAMPLE t=2709.5s rss=3160MB hwm=3172MB
RSS_SAMPLE t=2709.8s rss=3160MB hwm=3172MB
RSS_SAMPLE t=2710.0s rss=3160MB hwm=3172MB
RSS_SAMPLE t=2710.3s rss=3160MB hwm=3172MB
RSS_SAMPLE t=2710.5s rss=3160MB hwm=3172MB
RSS_SAMPLE t=2710.8s rss=3160MB hwm=3172MB
RSS_SAMPLE t=2711.0s rss=3160MB hwm=3172MB
RSS_SAMPLE t=2711.3s rss=3160MB hwm=3172MB
RSS_SAMPLE t=2711.5s rss=3160MB hwm=3172MB
RSS_SAMPLE t=2711.8s rss=3160MB hwm=3172MB
RSS_SAMPLE t=2712.0s rss=3160MB hwm=3172MB
RSS_SAMPLE t=2712.3s rss=3160MB hwm=3172MB
RSS_SAMPLE t=2712.5s rss=3160MB hwm=3172MB
RSS_SAMPLE t=2712.8s rss=3160MB hwm=3172MB
RSS_SAMPLE t=2713.0s rss=3160MB hwm=3172MB
RSS_SAMPLE t=2713.3s rss=3160MB hwm=3172MB
RSS_SAMPLE t=2713.5s rss=3160MB hwm=3172MB
RSS_SAMPLE t=2713.8s rss=3160MB hwm=3172MB
RSS_SAMPLE t=2714.0s rss=3160MB hwm=3172MB
RSS_SAMPLE t=2714.3s rss=3160MB hwm=3172MB
RSS_SAMPLE t=2714.5s rss=3160MB hwm=3172MB
RSS_SAMPLE t=2714.8s rss=3160MB hwm=3172MB
RSS_SAMPLE t=2715.0s rss=3160MB hwm=3172MB
RSS_SAMPLE t=2715.3s rss=3160MB hwm=3172MB
RSS_SAMPLE t=2715.5s rss=3160MB hwm=3172MB
RSS_SAMPLE t=2715.8s rss=3160MB hwm=3172MB
RSS_SAMPLE t=2716.0s rss=3160MB hwm=3172MB
RSS_SAMPLE t=2716.3s rss=3160MB hwm=3172MB
RSS_SAMPLE t=2716.5s rss=3160MB hwm=3172MB
RSS_SAMPLE t=2716.8s rss=3160MB hwm=3172MB
RSS_SAMPLE t=2717.0s rss=3160MB hwm=3172MB
RSS_SAMPLE t=2717.3s rss=3160MB hwm=3172MB
RSS_SAMPLE t=2717.5s rss=3160MB hwm=3172MB
RSS_SAMPLE t=2717.8s rss=3160MB hwm=3172MB
RSS_SAMPLE t=2718.0s rss=3160MB hwm=3172MB
RSS_SAMPLE t=2718.3s rss=3160MB hwm=3172MB
RSS_SAMPLE t=2718.5s rss=3160MB hwm=3172MB
RSS_SAMPLE t=2718.8s rss=3160MB hwm=3172MB
RSS_SAMPLE t=2719.0s rss=3160MB hwm=3172MB
RSS_SAMPLE t=2719.3s rss=3160MB hwm=3172MB
RSS_SAMPLE t=2719.5s rss=3160MB hwm=3172MB
RSS_SAMPLE t=2719.8s rss=3160MB hwm=3172MB
RSS_SAMPLE t=2720.0s rss=3160MB hwm=3172MB
RSS_SAMPLE t=2720.3s rss=3160MB hwm=3172MB
RSS_SAMPLE t=2720.5s rss=3160MB hwm=3172MB
RSS_SAMPLE t=2720.8s rss=3160MB hwm=3172MB
RSS_SAMPLE t=2721.0s rss=3160MB hwm=3172MB
RSS_SAMPLE t=2721.3s rss=3160MB hwm=3172MB
RSS_SAMPLE t=2721.5s rss=3160MB hwm=3172MB
RSS_SAMPLE t=2721.8s rss=3160MB hwm=3172MB
RSS_SAMPLE t=2722.0s rss=3160MB hwm=3172MB
RSS_SAMPLE t=2722.3s rss=3160MB hwm=3172MB
RSS_SAMPLE t=2722.5s rss=3160MB hwm=3172MB
RSS_SAMPLE t=2722.8s rss=3160MB hwm=3172MB
RSS_SAMPLE t=2723.0s rss=3160MB hwm=3172MB
RSS_SAMPLE t=2723.3s rss=3160MB hwm=3172MB
RSS_SAMPLE t=2723.5s rss=3160MB hwm=3172MB
RSS_SAMPLE t=2723.8s rss=3160MB hwm=3172MB
RSS_SAMPLE t=2724.0s rss=3160MB hwm=3172MB
RSS_SAMPLE t=2724.3s rss=3160MB hwm=3172MB
RSS_SAMPLE t=2724.5s rss=3160MB hwm=3172MB
RSS_SAMPLE t=2724.8s rss=3160MB hwm=3172MB
RSS_SAMPLE t=2725.0s rss=3160MB hwm=3172MB
RSS_SAMPLE t=2725.3s rss=3160MB hwm=3172MB
RSS_SAMPLE t=2725.5s rss=3160MB hwm=3172MB
RSS_SAMPLE t=2725.8s rss=3160MB hwm=3172MB
RSS_SAMPLE t=2726.0s rss=3160MB hwm=3172MB
RSS_SAMPLE t=2726.3s rss=3160MB hwm=3172MB
RSS_SAMPLE t=2726.5s rss=3160MB hwm=3172MB
RSS_SAMPLE t=2726.8s rss=3160MB hwm=3172MB
RSS_SAMPLE t=2727.0s rss=3160MB hwm=3172MB
RSS_SAMPLE t=2727.3s rss=3160MB hwm=3172MB
RSS_SAMPLE t=2727.5s rss=3160MB hwm=3172MB
RSS_SAMPLE t=2727.8s rss=3160MB hwm=3172MB
RSS_SAMPLE t=2728.0s rss=3160MB hwm=3172MB
RSS_SAMPLE t=2728.3s rss=3160MB hwm=3172MB
RSS_SAMPLE t=2728.5s rss=3160MB hwm=3172MB
RSS_SAMPLE t=2728.8s rss=3160MB hwm=3172MB
RSS_SAMPLE t=2729.0s rss=3160MB hwm=3172MB
RSS_SAMPLE t=2729.3s rss=3160MB hwm=3172MB
RSS_SAMPLE t=2729.5s rss=3160MB hwm=3172MB
RSS_SAMPLE t=2729.8s rss=3160MB hwm=3172MB
RSS_SAMPLE t=2730.0s rss=3160MB hwm=3172MB
RSS_SAMPLE t=2730.3s rss=3160MB hwm=3172MB
RSS_SAMPLE t=2730.5s rss=3160MB hwm=3172MB
RSS_SAMPLE t=2730.8s rss=3160MB hwm=3172MB
RSS_SAMPLE t=2731.0s rss=3160MB hwm=3172MB
RSS_SAMPLE t=2731.3s rss=3160MB hwm=3172MB
RSS_SAMPLE t=2731.5s rss=3160MB hwm=3172MB
RSS_SAMPLE t=2731.8s rss=3160MB hwm=3172MB
RSS_SAMPLE t=2732.0s rss=3160MB hwm=3172MB
RSS_SAMPLE t=2732.3s rss=3160MB hwm=3172MB
RSS_SAMPLE t=2732.5s rss=3160MB hwm=3172MB
RSS_SAMPLE t=2732.8s rss=3160MB hwm=3172MB
RSS_SAMPLE t=2733.0s rss=3160MB hwm=3172MB
RSS_SAMPLE t=2733.3s rss=3160MB hwm=3172MB
RSS_SAMPLE t=2733.5s rss=3160MB hwm=3172MB
RSS_SAMPLE t=2733.8s rss=3160MB hwm=3172MB
RSS_SAMPLE t=2734.0s rss=3160MB hwm=3172MB
RSS_SAMPLE t=2734.3s rss=3160MB hwm=3172MB
RSS_SAMPLE t=2734.5s rss=3160MB hwm=3172MB
RSS_SAMPLE t=2734.8s rss=3160MB hwm=3172MB
RSS_SAMPLE t=2735.0s rss=3160MB hwm=3172MB
RSS_SAMPLE t=2735.3s rss=3160MB hwm=3172MB
RSS_SAMPLE t=2735.5s rss=3160MB hwm=3172MB
RSS_SAMPLE t=2735.8s rss=3160MB hwm=3172MB
RSS_SAMPLE t=2736.0s rss=3160MB hwm=3172MB
RSS_SAMPLE t=2736.3s rss=3160MB hwm=3172MB
RSS_SAMPLE t=2736.5s rss=3160MB hwm=3172MB
RSS_SAMPLE t=2736.8s rss=3160MB hwm=3172MB
RSS_SAMPLE t=2737.0s rss=3160MB hwm=3172MB
RSS_SAMPLE t=2737.3s rss=3160MB hwm=3172MB
RSS_SAMPLE t=2737.5s rss=3160MB hwm=3172MB
RSS_SAMPLE t=2737.8s rss=3160MB hwm=3172MB
RSS_SAMPLE t=2738.0s rss=3160MB hwm=3172MB
RSS_SAMPLE t=2738.3s rss=3160MB hwm=3172MB
RSS_SAMPLE t=2738.5s rss=3160MB hwm=3172MB
RSS_SAMPLE t=2738.8s rss=3160MB hwm=3172MB
RSS_SAMPLE t=2739.0s rss=3160MB hwm=3172MB
RSS_SAMPLE t=2739.3s rss=3160MB hwm=3172MB
RSS_SAMPLE t=2739.5s rss=3160MB hwm=3172MB
RSS_SAMPLE t=2739.8s rss=3160MB hwm=3172MB
RSS_SAMPLE t=2740.0s rss=3160MB hwm=3172MB
RSS_SAMPLE t=2740.3s rss=3160MB hwm=3172MB
RSS_SAMPLE t=2740.5s rss=3160MB hwm=3172MB
RSS_SAMPLE t=2740.8s rss=3160MB hwm=3172MB
RSS_SAMPLE t=2741.0s rss=3160MB hwm=3172MB
RSS_SAMPLE t=2741.3s rss=3160MB hwm=3172MB
RSS_SAMPLE t=2741.5s rss=3160MB hwm=3172MB
RSS_SAMPLE t=2741.8s rss=3160MB hwm=3172MB
RSS_SAMPLE t=2742.0s rss=3160MB hwm=3172MB
RSS_SAMPLE t=2742.3s rss=3160MB hwm=3172MB
RSS_SAMPLE t=2742.5s rss=3160MB hwm=3172MB
RSS_SAMPLE t=2742.8s rss=3160MB hwm=3172MB
RSS_SAMPLE t=2743.0s rss=3160MB hwm=3172MB
RSS_SAMPLE t=2743.3s rss=3160MB hwm=3172MB
RSS_SAMPLE t=2743.5s rss=3160MB hwm=3172MB
RSS_SAMPLE t=2743.8s rss=3160MB hwm=3172MB
RSS_SAMPLE t=2744.0s rss=3160MB hwm=3172MB
RSS_SAMPLE t=2744.3s rss=3160MB hwm=3172MB
RSS_SAMPLE t=2744.5s rss=3160MB hwm=3172MB
RSS_SAMPLE t=2744.8s rss=3160MB hwm=3172MB
RSS_SAMPLE t=2745.0s rss=3160MB hwm=3172MB
RSS_SAMPLE t=2745.3s rss=3160MB hwm=3172MB
RSS_SAMPLE t=2745.5s rss=3160MB hwm=3172MB
RSS_SAMPLE t=2745.8s rss=3160MB hwm=3172MB
RSS_SAMPLE t=2746.0s rss=3160MB hwm=3172MB
RSS_SAMPLE t=2746.3s rss=3160MB hwm=3172MB
RSS_SAMPLE t=2746.5s rss=3160MB hwm=3172MB
RSS_SAMPLE t=2746.8s rss=3160MB hwm=3172MB
RSS_SAMPLE t=2747.0s rss=3160MB hwm=3172MB
RSS_SAMPLE t=2747.3s rss=3160MB hwm=3172MB
RSS_SAMPLE t=2747.5s rss=3160MB hwm=3172MB
RSS_SAMPLE t=2747.8s rss=3160MB hwm=3172MB
RSS_SAMPLE t=2748.0s rss=3160MB hwm=3172MB
RSS_SAMPLE t=2748.3s rss=3160MB hwm=3172MB
RSS_SAMPLE t=2748.5s rss=3160MB hwm=3172MB
RSS_SAMPLE t=2748.8s rss=3160MB hwm=3172MB
RSS_SAMPLE t=2749.0s rss=3160MB hwm=3172MB
RSS_SAMPLE t=2749.3s rss=3160MB hwm=3172MB
RSS_SAMPLE t=2749.5s rss=3160MB hwm=3172MB
RSS_SAMPLE t=2749.8s rss=3160MB hwm=3172MB
RSS_SAMPLE t=2750.0s rss=3160MB hwm=3172MB
RSS_SAMPLE t=2750.3s rss=3160MB hwm=3172MB
RSS_SAMPLE t=2750.5s rss=3160MB hwm=3172MB
RSS_SAMPLE t=2750.8s rss=3160MB hwm=3172MB
RSS_SAMPLE t=2751.0s rss=3160MB hwm=3172MB
RSS_SAMPLE t=2751.3s rss=3160MB hwm=3172MB
RSS_SAMPLE t=2751.5s rss=3160MB hwm=3172MB
RSS_SAMPLE t=2751.8s rss=3160MB hwm=3172MB
RSS_SAMPLE t=2752.0s rss=3160MB hwm=3172MB
RSS_SAMPLE t=2752.3s rss=3160MB hwm=3172MB
RSS_SAMPLE t=2752.5s rss=3160MB hwm=3172MB
RSS_SAMPLE t=2752.8s rss=3160MB hwm=3172MB
RSS_SAMPLE t=2753.0s rss=3160MB hwm=3172MB
RSS_SAMPLE t=2753.3s rss=3160MB hwm=3172MB
RSS_SAMPLE t=2753.5s rss=3160MB hwm=3172MB
RSS_SAMPLE t=2753.8s rss=3160MB hwm=3172MB
RSS_SAMPLE t=2754.0s rss=3160MB hwm=3172MB
RSS_SAMPLE t=2754.3s rss=3160MB hwm=3172MB
RSS_SAMPLE t=2754.5s rss=3160MB hwm=3172MB
RSS_SAMPLE t=2754.8s rss=3160MB hwm=3172MB
RSS_SAMPLE t=2755.0s rss=3160MB hwm=3172MB
RSS_SAMPLE t=2755.3s rss=3160MB hwm=3172MB
RSS_SAMPLE t=2755.5s rss=3160MB hwm=3172MB
RSS_SAMPLE t=2755.8s rss=3160MB hwm=3172MB
RSS_SAMPLE t=2756.0s rss=3160MB hwm=3172MB
RSS_SAMPLE t=2756.3s rss=3160MB hwm=3172MB
RSS_SAMPLE t=2756.5s rss=3160MB hwm=3172MB
RSS_SAMPLE t=2756.8s rss=3160MB hwm=3172MB
RSS_SAMPLE t=2757.0s rss=3160MB hwm=3172MB
RSS_SAMPLE t=2757.3s rss=3160MB hwm=3172MB
RSS_SAMPLE t=2757.5s rss=3160MB hwm=3172MB
RSS_SAMPLE t=2757.8s rss=3160MB hwm=3172MB
RSS_SAMPLE t=2758.0s rss=3160MB hwm=3172MB
RSS_SAMPLE t=2758.3s rss=3160MB hwm=3172MB
RSS_SAMPLE t=2758.5s rss=3160MB hwm=3172MB
RSS_SAMPLE t=2758.8s rss=3160MB hwm=3172MB
RSS_SAMPLE t=2759.0s rss=3160MB hwm=3172MB
RSS_SAMPLE t=2759.3s rss=3160MB hwm=3172MB
RSS_SAMPLE t=2759.5s rss=3160MB hwm=3172MB
RSS_SAMPLE t=2759.8s rss=3160MB hwm=3172MB
RSS_SAMPLE t=2760.0s rss=3160MB hwm=3172MB
RSS_SAMPLE t=2760.3s rss=3160MB hwm=3172MB
RSS_SAMPLE t=2760.5s rss=3160MB hwm=3172MB
RSS_SAMPLE t=2760.8s rss=3160MB hwm=3172MB
RSS_SAMPLE t=2761.0s rss=3160MB hwm=3172MB
RSS_SAMPLE t=2761.3s rss=3160MB hwm=3172MB
RSS_SAMPLE t=2761.5s rss=3160MB hwm=3172MB
RSS_SAMPLE t=2761.8s rss=3160MB hwm=3172MB
RSS_SAMPLE t=2762.0s rss=3160MB hwm=3172MB
RSS_SAMPLE t=2762.3s rss=3160MB hwm=3172MB
RSS_SAMPLE t=2762.5s rss=3160MB hwm=3172MB
RSS_SAMPLE t=2762.8s rss=3160MB hwm=3172MB
RSS_SAMPLE t=2763.0s rss=3160MB hwm=3172MB
RSS_SAMPLE t=2763.3s rss=3160MB hwm=3172MB
RSS_SAMPLE t=2763.5s rss=3160MB hwm=3172MB
RSS_SAMPLE t=2763.8s rss=3160MB hwm=3172MB
RSS_SAMPLE t=2764.0s rss=3160MB hwm=3172MB
RSS_SAMPLE t=2764.3s rss=3160MB hwm=3172MB
RSS_SAMPLE t=2764.5s rss=3160MB hwm=3172MB
RSS_SAMPLE t=2764.8s rss=3160MB hwm=3172MB
RSS_SAMPLE t=2765.0s rss=3160MB hwm=3172MB
RSS_SAMPLE t=2765.3s rss=3160MB hwm=3172MB
RSS_SAMPLE t=2765.5s rss=3160MB hwm=3172MB
RSS_SAMPLE t=2765.8s rss=3160MB hwm=3172MB
RSS_SAMPLE t=2766.0s rss=3160MB hwm=3172MB
RSS_SAMPLE t=2766.3s rss=3160MB hwm=3172MB
RSS_SAMPLE t=2766.5s rss=3160MB hwm=3172MB
RSS_SAMPLE t=2766.8s rss=3160MB hwm=3172MB
RSS_SAMPLE t=2767.0s rss=3160MB hwm=3172MB
RSS_SAMPLE t=2767.3s rss=3160MB hwm=3172MB
RSS_SAMPLE t=2767.5s rss=3160MB hwm=3172MB
RSS_SAMPLE t=2767.8s rss=3160MB hwm=3172MB
RSS_SAMPLE t=2768.0s rss=3160MB hwm=3172MB
RSS_SAMPLE t=2768.3s rss=3160MB hwm=3172MB
RSS_SAMPLE t=2768.5s rss=3160MB hwm=3172MB
RSS_SAMPLE t=2768.8s rss=3160MB hwm=3172MB
RSS_SAMPLE t=2769.0s rss=3160MB hwm=3172MB
RSS_SAMPLE t=2769.3s rss=3160MB hwm=3172MB
RSS_SAMPLE t=2769.5s rss=3160MB hwm=3172MB
RSS_SAMPLE t=2769.8s rss=3160MB hwm=3172MB
RSS_SAMPLE t=2770.0s rss=3160MB hwm=3172MB
RSS_SAMPLE t=2770.3s rss=3160MB hwm=3172MB
RSS_SAMPLE t=2770.5s rss=3160MB hwm=3172MB
RSS_SAMPLE t=2770.8s rss=3160MB hwm=3172MB
RSS_SAMPLE t=2771.0s rss=3160MB hwm=3172MB
MEM_POOL: workspaces=8 dense_usage_mb=313 n_pipes=2562403
    post_solve_diag[outer=16]: solves=105117 cap_armed=105117 (100.0%) settle_avg=4491 above_sink_avg=214 (4.8%) settle_max=69353
    settle_hist[outer=16]: <100: 26069nets/0.3%work  <1k: 28150nets/2.1%work  <5k: 25050nets/13.9%work  <20k: 19562nets/42.8%work  <60k: 6234nets/40.2%work  >=60k: 52nets/0.7%work
    fanout_hist[outer=16]: fan1: 43710nets/13.7%work  fan2-4: 48279nets/49.8%work  fan5-16: 12974nets/35.5%work  fan17-64: 154nets/1.0%work  fan65-256: 0nets/0.0%work  fan>256: 0nets/0.0%work
    rss_probe[outer=16]: pre_post_solve=3160MB post_post_solve=3160MB after_apply=3160MB
    E_decomp: base=8128364.7 eff=543899201928037.0 cong=543899193799672.3 cong_share=100.0% sat_pipes=231178 max_util=967.64  R_buckets: 1-2x=1073716 2-10x=159227 10-100x=219716 >=100x=1109744
    E_potential: beckmann=45842633129407.1 history_total=0.0
    SpanCache: epoch=17 entries=2031 lookups=2562403 hits=2560372 misses=2031 hit_rate=99.9%
  DCD  16: nets=105117 line=10464785 energy=12770366319.246 dE=-5016635601.744 friction=5073727.5 bins=2.0x(290) excess=112.9 moved=68563 disp=4.004 solves=105117 skip=105117 pops=472079463 theta=3.116 refresh=121665ms dcd=7608ms total=133065ms
    cache_stats: entries=60077030 capacity=129413158 est_mb=1116 rss_mb=3160
RSS_SAMPLE t=2771.3s rss=3160MB hwm=3172MB
RSS_SAMPLE t=2771.5s rss=3160MB hwm=3172MB
RSS_SAMPLE t=2771.8s rss=3160MB hwm=3172MB
RSS_SAMPLE t=2772.0s rss=3160MB hwm=3172MB
RSS_SAMPLE t=2772.3s rss=3160MB hwm=3172MB
RSS_SAMPLE t=2772.5s rss=3160MB hwm=3172MB
RSS_SAMPLE t=2772.8s rss=3160MB hwm=3172MB
RSS_SAMPLE t=2773.0s rss=3160MB hwm=3172MB
RSS_SAMPLE t=2773.3s rss=3160MB hwm=3172MB
RSS_SAMPLE t=2773.5s rss=3160MB hwm=3172MB
RSS_SAMPLE t=2773.8s rss=3160MB hwm=3172MB
RSS_SAMPLE t=2774.0s rss=3160MB hwm=3172MB
    SwitchMatrix: type_usage_pairs=589 lookups=1795 hits=1206 dijkstra_calls=589 avg_us=20.0 total_ms=11.8
PHASE_MARK outer=17 enter=pre_solve rss=3160MB
    rss_probe[outer=17]: pre_refresh_rss=3160MB post_pre_solve_rss=3160MB cache_entries=60077030 cache_cap=129413158 cache_est_mb=1116
    pre_solve_diag[outer=17]: solves=0 fallback=0 (0.0%) cap_armed=0 (0.0%) settle_avg=0 settle_max=0 init_count=46
    Overflow: over=191821 (7.5% of used) avg_excess=1.68 max_excess=3149.01 (nc=3173.01 cap=24 span=1)  excess_buckets: <=1=119692 1-5=60619 5-20=10415 >20=1095  by_cap: cap1=91222 cap2=98548 cap3-5=0 cap>5=2051  by_span: s1=239 s2-3=292 s4-6=1757 s7-12=95821 s>12=93712  le1_cross: cap1=76927 cap2-5=42347 cap>5=418
    Congestion: pipes=2562403 used=2562403 congested(>50%)=566818 saturated(>90%)=231178 max_util=967.64 avg_util=0.3708
PHASE_MARK outer=17 enter=dcd_sweep rss=3160MB
RSS_SAMPLE t=2774.3s rss=3160MB hwm=3172MB
RSS_SAMPLE t=2774.5s rss=3160MB hwm=3172MB
RSS_SAMPLE t=2774.8s rss=3160MB hwm=3172MB
RSS_SAMPLE t=2775.0s rss=3160MB hwm=3172MB
RSS_SAMPLE t=2775.3s rss=3160MB hwm=3172MB
RSS_SAMPLE t=2775.5s rss=3160MB hwm=3172MB
RSS_SAMPLE t=2775.8s rss=3160MB hwm=3172MB
RSS_SAMPLE t=2776.0s rss=3160MB hwm=3172MB
RSS_SAMPLE t=2776.3s rss=3160MB hwm=3172MB
RSS_SAMPLE t=2776.6s rss=3160MB hwm=3172MB
RSS_SAMPLE t=2776.8s rss=3160MB hwm=3172MB
RSS_SAMPLE t=2777.1s rss=3160MB hwm=3172MB
RSS_SAMPLE t=2777.3s rss=3160MB hwm=3172MB
RSS_SAMPLE t=2777.6s rss=3160MB hwm=3172MB
RSS_SAMPLE t=2777.8s rss=3160MB hwm=3172MB
RSS_SAMPLE t=2778.1s rss=3160MB hwm=3172MB
RSS_SAMPLE t=2778.3s rss=3160MB hwm=3172MB
RSS_SAMPLE t=2778.6s rss=3160MB hwm=3172MB
RSS_SAMPLE t=2778.8s rss=3160MB hwm=3172MB
RSS_SAMPLE t=2779.1s rss=3160MB hwm=3172MB
RSS_SAMPLE t=2779.3s rss=3160MB hwm=3172MB
RSS_SAMPLE t=2779.6s rss=3160MB hwm=3172MB
RSS_SAMPLE t=2779.8s rss=3160MB hwm=3172MB
RSS_SAMPLE t=2780.1s rss=3160MB hwm=3172MB
RSS_SAMPLE t=2780.3s rss=3160MB hwm=3172MB
RSS_SAMPLE t=2780.6s rss=3160MB hwm=3172MB
RSS_SAMPLE t=2780.8s rss=3160MB hwm=3172MB
RSS_SAMPLE t=2781.1s rss=3160MB hwm=3172MB
RSS_SAMPLE t=2781.3s rss=3160MB hwm=3172MB
RSS_SAMPLE t=2781.6s rss=3160MB hwm=3172MB
RSS_SAMPLE t=2781.8s rss=3160MB hwm=3172MB
RSS_SAMPLE t=2782.1s rss=3160MB hwm=3172MB
RSS_SAMPLE t=2782.3s rss=3160MB hwm=3172MB
RSS_SAMPLE t=2782.6s rss=3160MB hwm=3172MB
RSS_SAMPLE t=2782.8s rss=3160MB hwm=3172MB
RSS_SAMPLE t=2783.1s rss=3160MB hwm=3172MB
RSS_SAMPLE t=2783.3s rss=3160MB hwm=3172MB
RSS_SAMPLE t=2783.6s rss=3160MB hwm=3172MB
RSS_SAMPLE t=2783.8s rss=3160MB hwm=3172MB
RSS_SAMPLE t=2784.1s rss=3160MB hwm=3172MB
RSS_SAMPLE t=2784.3s rss=3160MB hwm=3172MB
RSS_SAMPLE t=2784.6s rss=3160MB hwm=3172MB
RSS_SAMPLE t=2784.8s rss=3160MB hwm=3172MB
RSS_SAMPLE t=2785.1s rss=3160MB hwm=3172MB
RSS_SAMPLE t=2785.3s rss=3160MB hwm=3172MB
RSS_SAMPLE t=2785.6s rss=3160MB hwm=3172MB
RSS_SAMPLE t=2785.8s rss=3160MB hwm=3172MB
RSS_SAMPLE t=2786.1s rss=3160MB hwm=3172MB
RSS_SAMPLE t=2786.3s rss=3160MB hwm=3172MB
RSS_SAMPLE t=2786.6s rss=3160MB hwm=3172MB
RSS_SAMPLE t=2786.8s rss=3160MB hwm=3172MB
PHASE_MARK outer=17 leave=dcd_sweep rss=3160MB
PHASE_MARK outer=17 enter=post_refresh rss=3160MB
RSS_SAMPLE t=2787.1s rss=3160MB hwm=3172MB
RSS_SAMPLE t=2787.3s rss=3160MB hwm=3172MB
RSS_SAMPLE t=2787.6s rss=3160MB hwm=3172MB
RSS_SAMPLE t=2787.8s rss=3160MB hwm=3172MB
RSS_SAMPLE t=2788.1s rss=3160MB hwm=3172MB
RSS_SAMPLE t=2788.3s rss=3160MB hwm=3172MB
RSS_SAMPLE t=2788.6s rss=3160MB hwm=3172MB
RSS_SAMPLE t=2788.8s rss=3160MB hwm=3172MB
RSS_SAMPLE t=2789.1s rss=3160MB hwm=3172MB
RSS_SAMPLE t=2789.3s rss=3160MB hwm=3172MB
RSS_SAMPLE t=2789.6s rss=3160MB hwm=3172MB
RSS_SAMPLE t=2789.8s rss=3160MB hwm=3172MB
RSS_SAMPLE t=2790.1s rss=3160MB hwm=3172MB
RSS_SAMPLE t=2790.3s rss=3160MB hwm=3172MB
RSS_SAMPLE t=2790.6s rss=3160MB hwm=3172MB
RSS_SAMPLE t=2790.8s rss=3160MB hwm=3172MB
RSS_SAMPLE t=2791.1s rss=3160MB hwm=3172MB
RSS_SAMPLE t=2791.3s rss=3160MB hwm=3172MB
RSS_SAMPLE t=2791.6s rss=3160MB hwm=3172MB
RSS_SAMPLE t=2791.8s rss=3160MB hwm=3172MB
RSS_SAMPLE t=2792.1s rss=3160MB hwm=3172MB
RSS_SAMPLE t=2792.3s rss=3160MB hwm=3172MB
RSS_SAMPLE t=2792.6s rss=3160MB hwm=3172MB
RSS_SAMPLE t=2792.8s rss=3160MB hwm=3172MB
RSS_SAMPLE t=2793.1s rss=3160MB hwm=3172MB
RSS_SAMPLE t=2793.3s rss=3160MB hwm=3172MB
RSS_SAMPLE t=2793.6s rss=3160MB hwm=3172MB
RSS_SAMPLE t=2793.8s rss=3160MB hwm=3172MB
RSS_SAMPLE t=2794.1s rss=3160MB hwm=3172MB
RSS_SAMPLE t=2794.3s rss=3160MB hwm=3172MB
RSS_SAMPLE t=2794.6s rss=3160MB hwm=3172MB
RSS_SAMPLE t=2794.8s rss=3160MB hwm=3172MB
RSS_SAMPLE t=2795.1s rss=3160MB hwm=3172MB
RSS_SAMPLE t=2795.3s rss=3160MB hwm=3172MB
RSS_SAMPLE t=2795.6s rss=3160MB hwm=3172MB
RSS_SAMPLE t=2795.8s rss=3160MB hwm=3172MB
RSS_SAMPLE t=2796.1s rss=3160MB hwm=3172MB
RSS_SAMPLE t=2796.3s rss=3160MB hwm=3172MB
RSS_SAMPLE t=2796.6s rss=3160MB hwm=3172MB
RSS_SAMPLE t=2796.8s rss=3160MB hwm=3172MB
RSS_SAMPLE t=2797.1s rss=3160MB hwm=3172MB
RSS_SAMPLE t=2797.3s rss=3160MB hwm=3172MB
RSS_SAMPLE t=2797.6s rss=3160MB hwm=3172MB
RSS_SAMPLE t=2797.8s rss=3160MB hwm=3172MB
RSS_SAMPLE t=2798.1s rss=3160MB hwm=3172MB
RSS_SAMPLE t=2798.3s rss=3160MB hwm=3172MB
RSS_SAMPLE t=2798.6s rss=3160MB hwm=3172MB
RSS_SAMPLE t=2798.8s rss=3160MB hwm=3172MB
RSS_SAMPLE t=2799.1s rss=3160MB hwm=3172MB
RSS_SAMPLE t=2799.3s rss=3160MB hwm=3172MB
RSS_SAMPLE t=2799.6s rss=3160MB hwm=3172MB
RSS_SAMPLE t=2799.8s rss=3160MB hwm=3172MB
RSS_SAMPLE t=2800.1s rss=3160MB hwm=3172MB
RSS_SAMPLE t=2800.3s rss=3160MB hwm=3172MB
RSS_SAMPLE t=2800.6s rss=3160MB hwm=3172MB
RSS_SAMPLE t=2800.8s rss=3160MB hwm=3172MB
RSS_SAMPLE t=2801.1s rss=3160MB hwm=3172MB
RSS_SAMPLE t=2801.3s rss=3160MB hwm=3172MB
RSS_SAMPLE t=2801.6s rss=3160MB hwm=3172MB
RSS_SAMPLE t=2801.8s rss=3160MB hwm=3172MB
RSS_SAMPLE t=2802.1s rss=3160MB hwm=3172MB
RSS_SAMPLE t=2802.3s rss=3160MB hwm=3172MB
RSS_SAMPLE t=2802.6s rss=3160MB hwm=3172MB
RSS_SAMPLE t=2802.8s rss=3160MB hwm=3172MB
RSS_SAMPLE t=2803.1s rss=3160MB hwm=3172MB
RSS_SAMPLE t=2803.3s rss=3160MB hwm=3172MB
RSS_SAMPLE t=2803.6s rss=3160MB hwm=3172MB
RSS_SAMPLE t=2803.8s rss=3160MB hwm=3172MB
RSS_SAMPLE t=2804.1s rss=3160MB hwm=3172MB
RSS_SAMPLE t=2804.3s rss=3160MB hwm=3172MB
RSS_SAMPLE t=2804.6s rss=3160MB hwm=3172MB
RSS_SAMPLE t=2804.8s rss=3160MB hwm=3172MB
RSS_SAMPLE t=2805.1s rss=3160MB hwm=3172MB
RSS_SAMPLE t=2805.3s rss=3160MB hwm=3172MB
RSS_SAMPLE t=2805.6s rss=3160MB hwm=3172MB
RSS_SAMPLE t=2805.8s rss=3160MB hwm=3172MB
RSS_SAMPLE t=2806.1s rss=3160MB hwm=3172MB
RSS_SAMPLE t=2806.3s rss=3160MB hwm=3172MB
RSS_SAMPLE t=2806.6s rss=3160MB hwm=3172MB
RSS_SAMPLE t=2806.8s rss=3160MB hwm=3172MB
RSS_SAMPLE t=2807.1s rss=3160MB hwm=3172MB
RSS_SAMPLE t=2807.3s rss=3160MB hwm=3172MB
RSS_SAMPLE t=2807.6s rss=3160MB hwm=3172MB
RSS_SAMPLE t=2807.8s rss=3160MB hwm=3172MB
RSS_SAMPLE t=2808.1s rss=3160MB hwm=3172MB
RSS_SAMPLE t=2808.3s rss=3160MB hwm=3172MB
RSS_SAMPLE t=2808.6s rss=3160MB hwm=3172MB
RSS_SAMPLE t=2808.8s rss=3160MB hwm=3172MB
RSS_SAMPLE t=2809.1s rss=3160MB hwm=3172MB
RSS_SAMPLE t=2809.3s rss=3160MB hwm=3172MB
RSS_SAMPLE t=2809.6s rss=3160MB hwm=3172MB
RSS_SAMPLE t=2809.8s rss=3160MB hwm=3172MB
RSS_SAMPLE t=2810.1s rss=3160MB hwm=3172MB
RSS_SAMPLE t=2810.3s rss=3160MB hwm=3172MB
RSS_SAMPLE t=2810.6s rss=3160MB hwm=3172MB
RSS_SAMPLE t=2810.8s rss=3160MB hwm=3172MB
RSS_SAMPLE t=2811.1s rss=3160MB hwm=3172MB
RSS_SAMPLE t=2811.3s rss=3160MB hwm=3172MB
RSS_SAMPLE t=2811.6s rss=3160MB hwm=3172MB
RSS_SAMPLE t=2811.8s rss=3160MB hwm=3172MB
RSS_SAMPLE t=2812.1s rss=3160MB hwm=3172MB
RSS_SAMPLE t=2812.3s rss=3160MB hwm=3172MB
RSS_SAMPLE t=2812.6s rss=3160MB hwm=3172MB
RSS_SAMPLE t=2812.8s rss=3160MB hwm=3172MB
RSS_SAMPLE t=2813.1s rss=3160MB hwm=3172MB
RSS_SAMPLE t=2813.3s rss=3160MB hwm=3172MB
RSS_SAMPLE t=2813.6s rss=3160MB hwm=3172MB
RSS_SAMPLE t=2813.8s rss=3160MB hwm=3172MB
RSS_SAMPLE t=2814.1s rss=3160MB hwm=3172MB
RSS_SAMPLE t=2814.3s rss=3160MB hwm=3172MB
RSS_SAMPLE t=2814.6s rss=3160MB hwm=3172MB
RSS_SAMPLE t=2814.8s rss=3160MB hwm=3172MB
RSS_SAMPLE t=2815.1s rss=3160MB hwm=3172MB
RSS_SAMPLE t=2815.3s rss=3160MB hwm=3172MB
RSS_SAMPLE t=2815.6s rss=3160MB hwm=3172MB
RSS_SAMPLE t=2815.8s rss=3160MB hwm=3172MB
RSS_SAMPLE t=2816.1s rss=3160MB hwm=3172MB
RSS_SAMPLE t=2816.3s rss=3161MB hwm=3172MB
RSS_SAMPLE t=2816.6s rss=3161MB hwm=3172MB
RSS_SAMPLE t=2816.8s rss=3161MB hwm=3172MB
RSS_SAMPLE t=2817.1s rss=3161MB hwm=3172MB
RSS_SAMPLE t=2817.3s rss=3161MB hwm=3172MB
RSS_SAMPLE t=2817.6s rss=3161MB hwm=3172MB
RSS_SAMPLE t=2817.8s rss=3161MB hwm=3172MB
RSS_SAMPLE t=2818.1s rss=3161MB hwm=3172MB
RSS_SAMPLE t=2818.3s rss=3161MB hwm=3172MB
RSS_SAMPLE t=2818.6s rss=3161MB hwm=3172MB
RSS_SAMPLE t=2818.8s rss=3161MB hwm=3172MB
RSS_SAMPLE t=2819.1s rss=3162MB hwm=3172MB
RSS_SAMPLE t=2819.3s rss=3162MB hwm=3172MB
RSS_SAMPLE t=2819.6s rss=3162MB hwm=3172MB
RSS_SAMPLE t=2819.8s rss=3162MB hwm=3172MB
RSS_SAMPLE t=2820.1s rss=3162MB hwm=3172MB
RSS_SAMPLE t=2820.3s rss=3162MB hwm=3172MB
RSS_SAMPLE t=2820.6s rss=3162MB hwm=3172MB
RSS_SAMPLE t=2820.8s rss=3162MB hwm=3172MB
RSS_SAMPLE t=2821.1s rss=3162MB hwm=3172MB
RSS_SAMPLE t=2821.3s rss=3162MB hwm=3172MB
RSS_SAMPLE t=2821.6s rss=3162MB hwm=3172MB
RSS_SAMPLE t=2821.8s rss=3162MB hwm=3172MB
RSS_SAMPLE t=2822.1s rss=3162MB hwm=3172MB
RSS_SAMPLE t=2822.3s rss=3162MB hwm=3172MB
RSS_SAMPLE t=2822.6s rss=3162MB hwm=3172MB
RSS_SAMPLE t=2822.8s rss=3162MB hwm=3172MB
RSS_SAMPLE t=2823.1s rss=3162MB hwm=3172MB
RSS_SAMPLE t=2823.3s rss=3162MB hwm=3172MB
RSS_SAMPLE t=2823.6s rss=3162MB hwm=3172MB
RSS_SAMPLE t=2823.8s rss=3162MB hwm=3172MB
RSS_SAMPLE t=2824.1s rss=3162MB hwm=3172MB
RSS_SAMPLE t=2824.3s rss=3162MB hwm=3172MB
RSS_SAMPLE t=2824.6s rss=3162MB hwm=3172MB
RSS_SAMPLE t=2824.8s rss=3162MB hwm=3172MB
RSS_SAMPLE t=2825.1s rss=3162MB hwm=3172MB
RSS_SAMPLE t=2825.3s rss=3162MB hwm=3172MB
RSS_SAMPLE t=2825.6s rss=3162MB hwm=3172MB
RSS_SAMPLE t=2825.8s rss=3162MB hwm=3172MB
RSS_SAMPLE t=2826.1s rss=3162MB hwm=3172MB
RSS_SAMPLE t=2826.3s rss=3162MB hwm=3172MB
RSS_SAMPLE t=2826.6s rss=3162MB hwm=3172MB
RSS_SAMPLE t=2826.8s rss=3162MB hwm=3172MB
RSS_SAMPLE t=2827.1s rss=3162MB hwm=3172MB
RSS_SAMPLE t=2827.3s rss=3162MB hwm=3172MB
RSS_SAMPLE t=2827.6s rss=3162MB hwm=3172MB
RSS_SAMPLE t=2827.8s rss=3162MB hwm=3172MB
RSS_SAMPLE t=2828.1s rss=3162MB hwm=3172MB
RSS_SAMPLE t=2828.3s rss=3162MB hwm=3172MB
RSS_SAMPLE t=2828.6s rss=3162MB hwm=3172MB
RSS_SAMPLE t=2828.8s rss=3162MB hwm=3172MB
RSS_SAMPLE t=2829.1s rss=3162MB hwm=3172MB
RSS_SAMPLE t=2829.3s rss=3162MB hwm=3172MB
RSS_SAMPLE t=2829.6s rss=3162MB hwm=3172MB
RSS_SAMPLE t=2829.8s rss=3162MB hwm=3172MB
RSS_SAMPLE t=2830.1s rss=3162MB hwm=3172MB
RSS_SAMPLE t=2830.3s rss=3162MB hwm=3172MB
RSS_SAMPLE t=2830.6s rss=3162MB hwm=3172MB
RSS_SAMPLE t=2830.8s rss=3162MB hwm=3172MB
RSS_SAMPLE t=2831.1s rss=3162MB hwm=3172MB
RSS_SAMPLE t=2831.3s rss=3162MB hwm=3172MB
RSS_SAMPLE t=2831.6s rss=3162MB hwm=3172MB
RSS_SAMPLE t=2831.8s rss=3162MB hwm=3172MB
RSS_SAMPLE t=2832.1s rss=3162MB hwm=3172MB
RSS_SAMPLE t=2832.3s rss=3162MB hwm=3172MB
RSS_SAMPLE t=2832.6s rss=3162MB hwm=3172MB
RSS_SAMPLE t=2832.8s rss=3162MB hwm=3172MB
RSS_SAMPLE t=2833.1s rss=3162MB hwm=3172MB
RSS_SAMPLE t=2833.3s rss=3162MB hwm=3172MB
RSS_SAMPLE t=2833.6s rss=3162MB hwm=3172MB
RSS_SAMPLE t=2833.8s rss=3162MB hwm=3172MB
RSS_SAMPLE t=2834.1s rss=3162MB hwm=3172MB
RSS_SAMPLE t=2834.3s rss=3162MB hwm=3172MB
RSS_SAMPLE t=2834.6s rss=3162MB hwm=3172MB
RSS_SAMPLE t=2834.8s rss=3162MB hwm=3172MB
RSS_SAMPLE t=2835.1s rss=3162MB hwm=3172MB
RSS_SAMPLE t=2835.3s rss=3162MB hwm=3172MB
RSS_SAMPLE t=2835.6s rss=3162MB hwm=3172MB
RSS_SAMPLE t=2835.8s rss=3162MB hwm=3172MB
RSS_SAMPLE t=2836.1s rss=3162MB hwm=3172MB
RSS_SAMPLE t=2836.3s rss=3162MB hwm=3172MB
RSS_SAMPLE t=2836.6s rss=3162MB hwm=3172MB
RSS_SAMPLE t=2836.8s rss=3162MB hwm=3172MB
RSS_SAMPLE t=2837.1s rss=3162MB hwm=3172MB
RSS_SAMPLE t=2837.3s rss=3162MB hwm=3172MB
RSS_SAMPLE t=2837.6s rss=3162MB hwm=3172MB
RSS_SAMPLE t=2837.8s rss=3162MB hwm=3172MB
RSS_SAMPLE t=2838.1s rss=3162MB hwm=3172MB
RSS_SAMPLE t=2838.3s rss=3162MB hwm=3172MB
RSS_SAMPLE t=2838.6s rss=3162MB hwm=3172MB
RSS_SAMPLE t=2838.8s rss=3162MB hwm=3172MB
RSS_SAMPLE t=2839.1s rss=3162MB hwm=3172MB
RSS_SAMPLE t=2839.3s rss=3162MB hwm=3172MB
RSS_SAMPLE t=2839.6s rss=3162MB hwm=3172MB
RSS_SAMPLE t=2839.8s rss=3162MB hwm=3172MB
RSS_SAMPLE t=2840.1s rss=3162MB hwm=3172MB
RSS_SAMPLE t=2840.3s rss=3162MB hwm=3172MB
RSS_SAMPLE t=2840.6s rss=3162MB hwm=3172MB
RSS_SAMPLE t=2840.8s rss=3162MB hwm=3172MB
RSS_SAMPLE t=2841.1s rss=3162MB hwm=3172MB
RSS_SAMPLE t=2841.3s rss=3162MB hwm=3172MB
RSS_SAMPLE t=2841.6s rss=3162MB hwm=3172MB
RSS_SAMPLE t=2841.8s rss=3162MB hwm=3172MB
RSS_SAMPLE t=2842.1s rss=3162MB hwm=3172MB
RSS_SAMPLE t=2842.3s rss=3162MB hwm=3172MB
RSS_SAMPLE t=2842.6s rss=3162MB hwm=3172MB
RSS_SAMPLE t=2842.8s rss=3162MB hwm=3172MB
RSS_SAMPLE t=2843.1s rss=3162MB hwm=3172MB
RSS_SAMPLE t=2843.3s rss=3162MB hwm=3172MB
RSS_SAMPLE t=2843.6s rss=3162MB hwm=3172MB
RSS_SAMPLE t=2843.8s rss=3162MB hwm=3172MB
RSS_SAMPLE t=2844.1s rss=3162MB hwm=3172MB
RSS_SAMPLE t=2844.3s rss=3162MB hwm=3172MB
RSS_SAMPLE t=2844.6s rss=3162MB hwm=3172MB
RSS_SAMPLE t=2844.8s rss=3162MB hwm=3172MB
RSS_SAMPLE t=2845.1s rss=3162MB hwm=3172MB
RSS_SAMPLE t=2845.3s rss=3162MB hwm=3172MB
RSS_SAMPLE t=2845.6s rss=3162MB hwm=3172MB
RSS_SAMPLE t=2845.8s rss=3162MB hwm=3172MB
RSS_SAMPLE t=2846.1s rss=3162MB hwm=3172MB
RSS_SAMPLE t=2846.3s rss=3162MB hwm=3172MB
RSS_SAMPLE t=2846.6s rss=3162MB hwm=3172MB
RSS_SAMPLE t=2846.8s rss=3162MB hwm=3172MB
RSS_SAMPLE t=2847.1s rss=3162MB hwm=3172MB
RSS_SAMPLE t=2847.3s rss=3162MB hwm=3172MB
RSS_SAMPLE t=2847.6s rss=3162MB hwm=3172MB
RSS_SAMPLE t=2847.8s rss=3162MB hwm=3172MB
RSS_SAMPLE t=2848.1s rss=3162MB hwm=3172MB
RSS_SAMPLE t=2848.3s rss=3162MB hwm=3172MB
RSS_SAMPLE t=2848.6s rss=3162MB hwm=3172MB
RSS_SAMPLE t=2848.8s rss=3162MB hwm=3172MB
RSS_SAMPLE t=2849.1s rss=3162MB hwm=3172MB
RSS_SAMPLE t=2849.3s rss=3162MB hwm=3172MB
RSS_SAMPLE t=2849.6s rss=3162MB hwm=3172MB
RSS_SAMPLE t=2849.9s rss=3162MB hwm=3172MB
RSS_SAMPLE t=2850.1s rss=3162MB hwm=3172MB
RSS_SAMPLE t=2850.4s rss=3162MB hwm=3172MB
RSS_SAMPLE t=2850.6s rss=3162MB hwm=3172MB
RSS_SAMPLE t=2850.9s rss=3162MB hwm=3172MB
RSS_SAMPLE t=2851.1s rss=3162MB hwm=3172MB
RSS_SAMPLE t=2851.4s rss=3162MB hwm=3172MB
RSS_SAMPLE t=2851.6s rss=3162MB hwm=3172MB
RSS_SAMPLE t=2851.9s rss=3162MB hwm=3172MB
RSS_SAMPLE t=2852.1s rss=3162MB hwm=3172MB
RSS_SAMPLE t=2852.4s rss=3162MB hwm=3172MB
RSS_SAMPLE t=2852.6s rss=3162MB hwm=3172MB
RSS_SAMPLE t=2852.9s rss=3162MB hwm=3172MB
RSS_SAMPLE t=2853.1s rss=3162MB hwm=3172MB
RSS_SAMPLE t=2853.4s rss=3162MB hwm=3172MB
RSS_SAMPLE t=2853.6s rss=3162MB hwm=3172MB
RSS_SAMPLE t=2853.9s rss=3162MB hwm=3172MB
RSS_SAMPLE t=2854.1s rss=3162MB hwm=3172MB
RSS_SAMPLE t=2854.4s rss=3162MB hwm=3172MB
RSS_SAMPLE t=2854.6s rss=3162MB hwm=3172MB
RSS_SAMPLE t=2854.9s rss=3162MB hwm=3172MB
RSS_SAMPLE t=2855.1s rss=3162MB hwm=3172MB
RSS_SAMPLE t=2855.4s rss=3162MB hwm=3172MB
RSS_SAMPLE t=2855.6s rss=3162MB hwm=3172MB
RSS_SAMPLE t=2855.9s rss=3162MB hwm=3172MB
RSS_SAMPLE t=2856.1s rss=3162MB hwm=3172MB
RSS_SAMPLE t=2856.4s rss=3162MB hwm=3172MB
RSS_SAMPLE t=2856.6s rss=3162MB hwm=3172MB
RSS_SAMPLE t=2856.9s rss=3162MB hwm=3172MB
RSS_SAMPLE t=2857.1s rss=3162MB hwm=3172MB
RSS_SAMPLE t=2857.4s rss=3162MB hwm=3172MB
RSS_SAMPLE t=2857.6s rss=3162MB hwm=3172MB
RSS_SAMPLE t=2857.9s rss=3162MB hwm=3172MB
RSS_SAMPLE t=2858.1s rss=3162MB hwm=3172MB
RSS_SAMPLE t=2858.4s rss=3162MB hwm=3172MB
RSS_SAMPLE t=2858.6s rss=3162MB hwm=3172MB
RSS_SAMPLE t=2858.9s rss=3162MB hwm=3172MB
RSS_SAMPLE t=2859.1s rss=3162MB hwm=3172MB
RSS_SAMPLE t=2859.4s rss=3162MB hwm=3172MB
RSS_SAMPLE t=2859.6s rss=3162MB hwm=3172MB
RSS_SAMPLE t=2859.9s rss=3162MB hwm=3172MB
RSS_SAMPLE t=2860.1s rss=3162MB hwm=3172MB
RSS_SAMPLE t=2860.4s rss=3162MB hwm=3172MB
RSS_SAMPLE t=2860.6s rss=3162MB hwm=3172MB
RSS_SAMPLE t=2860.9s rss=3162MB hwm=3172MB
RSS_SAMPLE t=2861.1s rss=3162MB hwm=3172MB
RSS_SAMPLE t=2861.4s rss=3162MB hwm=3172MB
RSS_SAMPLE t=2861.6s rss=3162MB hwm=3172MB
RSS_SAMPLE t=2861.9s rss=3162MB hwm=3172MB
RSS_SAMPLE t=2862.1s rss=3162MB hwm=3172MB
RSS_SAMPLE t=2862.4s rss=3162MB hwm=3172MB
RSS_SAMPLE t=2862.6s rss=3162MB hwm=3172MB
RSS_SAMPLE t=2862.9s rss=3162MB hwm=3172MB
RSS_SAMPLE t=2863.1s rss=3162MB hwm=3172MB
RSS_SAMPLE t=2863.4s rss=3162MB hwm=3172MB
RSS_SAMPLE t=2863.6s rss=3162MB hwm=3172MB
RSS_SAMPLE t=2863.9s rss=3162MB hwm=3172MB
RSS_SAMPLE t=2864.1s rss=3162MB hwm=3172MB
RSS_SAMPLE t=2864.4s rss=3162MB hwm=3172MB
RSS_SAMPLE t=2864.6s rss=3162MB hwm=3172MB
RSS_SAMPLE t=2864.9s rss=3162MB hwm=3172MB
RSS_SAMPLE t=2865.1s rss=3162MB hwm=3172MB
RSS_SAMPLE t=2865.4s rss=3162MB hwm=3172MB
RSS_SAMPLE t=2865.6s rss=3162MB hwm=3172MB
RSS_SAMPLE t=2865.9s rss=3162MB hwm=3172MB
RSS_SAMPLE t=2866.1s rss=3162MB hwm=3172MB
RSS_SAMPLE t=2866.4s rss=3162MB hwm=3172MB
RSS_SAMPLE t=2866.6s rss=3162MB hwm=3172MB
RSS_SAMPLE t=2866.9s rss=3162MB hwm=3172MB
RSS_SAMPLE t=2867.1s rss=3162MB hwm=3172MB
RSS_SAMPLE t=2867.4s rss=3162MB hwm=3172MB
RSS_SAMPLE t=2867.6s rss=3162MB hwm=3172MB
RSS_SAMPLE t=2867.9s rss=3162MB hwm=3172MB
RSS_SAMPLE t=2868.1s rss=3162MB hwm=3172MB
RSS_SAMPLE t=2868.4s rss=3162MB hwm=3172MB
RSS_SAMPLE t=2868.6s rss=3162MB hwm=3172MB
RSS_SAMPLE t=2868.9s rss=3162MB hwm=3172MB
RSS_SAMPLE t=2869.1s rss=3162MB hwm=3172MB
RSS_SAMPLE t=2869.4s rss=3162MB hwm=3172MB
RSS_SAMPLE t=2869.6s rss=3162MB hwm=3172MB
RSS_SAMPLE t=2869.9s rss=3162MB hwm=3172MB
RSS_SAMPLE t=2870.1s rss=3162MB hwm=3172MB
RSS_SAMPLE t=2870.4s rss=3162MB hwm=3172MB
RSS_SAMPLE t=2870.6s rss=3162MB hwm=3172MB
RSS_SAMPLE t=2870.9s rss=3162MB hwm=3172MB
RSS_SAMPLE t=2871.1s rss=3162MB hwm=3172MB
RSS_SAMPLE t=2871.4s rss=3162MB hwm=3172MB
RSS_SAMPLE t=2871.6s rss=3162MB hwm=3172MB
RSS_SAMPLE t=2871.9s rss=3162MB hwm=3172MB
RSS_SAMPLE t=2872.1s rss=3162MB hwm=3172MB
RSS_SAMPLE t=2872.4s rss=3162MB hwm=3172MB
RSS_SAMPLE t=2872.6s rss=3162MB hwm=3172MB
RSS_SAMPLE t=2872.9s rss=3162MB hwm=3172MB
RSS_SAMPLE t=2873.1s rss=3162MB hwm=3172MB
RSS_SAMPLE t=2873.4s rss=3162MB hwm=3172MB
RSS_SAMPLE t=2873.6s rss=3162MB hwm=3172MB
RSS_SAMPLE t=2873.9s rss=3162MB hwm=3172MB
RSS_SAMPLE t=2874.1s rss=3162MB hwm=3172MB
RSS_SAMPLE t=2874.4s rss=3162MB hwm=3172MB
RSS_SAMPLE t=2874.6s rss=3162MB hwm=3172MB
RSS_SAMPLE t=2874.9s rss=3162MB hwm=3172MB
RSS_SAMPLE t=2875.1s rss=3162MB hwm=3172MB
RSS_SAMPLE t=2875.4s rss=3162MB hwm=3172MB
RSS_SAMPLE t=2875.6s rss=3162MB hwm=3172MB
RSS_SAMPLE t=2875.9s rss=3162MB hwm=3172MB
RSS_SAMPLE t=2876.1s rss=3162MB hwm=3172MB
RSS_SAMPLE t=2876.4s rss=3162MB hwm=3172MB
RSS_SAMPLE t=2876.6s rss=3162MB hwm=3172MB
RSS_SAMPLE t=2876.9s rss=3162MB hwm=3172MB
RSS_SAMPLE t=2877.1s rss=3162MB hwm=3172MB
RSS_SAMPLE t=2877.4s rss=3162MB hwm=3172MB
RSS_SAMPLE t=2877.6s rss=3162MB hwm=3172MB
RSS_SAMPLE t=2877.9s rss=3162MB hwm=3172MB
RSS_SAMPLE t=2878.1s rss=3162MB hwm=3172MB
RSS_SAMPLE t=2878.4s rss=3162MB hwm=3172MB
RSS_SAMPLE t=2878.6s rss=3162MB hwm=3172MB
RSS_SAMPLE t=2878.9s rss=3162MB hwm=3172MB
RSS_SAMPLE t=2879.1s rss=3162MB hwm=3172MB
RSS_SAMPLE t=2879.4s rss=3162MB hwm=3172MB
RSS_SAMPLE t=2879.6s rss=3162MB hwm=3172MB
RSS_SAMPLE t=2879.9s rss=3162MB hwm=3172MB
RSS_SAMPLE t=2880.1s rss=3162MB hwm=3172MB
RSS_SAMPLE t=2880.4s rss=3162MB hwm=3172MB
RSS_SAMPLE t=2880.6s rss=3162MB hwm=3172MB
RSS_SAMPLE t=2880.9s rss=3162MB hwm=3172MB
RSS_SAMPLE t=2881.1s rss=3162MB hwm=3172MB
RSS_SAMPLE t=2881.4s rss=3162MB hwm=3172MB
RSS_SAMPLE t=2881.6s rss=3162MB hwm=3172MB
RSS_SAMPLE t=2881.9s rss=3162MB hwm=3172MB
RSS_SAMPLE t=2882.1s rss=3162MB hwm=3172MB
RSS_SAMPLE t=2882.4s rss=3162MB hwm=3172MB
RSS_SAMPLE t=2882.6s rss=3162MB hwm=3172MB
RSS_SAMPLE t=2882.9s rss=3162MB hwm=3172MB
RSS_SAMPLE t=2883.1s rss=3162MB hwm=3172MB
RSS_SAMPLE t=2883.4s rss=3162MB hwm=3172MB
RSS_SAMPLE t=2883.6s rss=3162MB hwm=3172MB
RSS_SAMPLE t=2883.9s rss=3162MB hwm=3172MB
RSS_SAMPLE t=2884.1s rss=3162MB hwm=3172MB
RSS_SAMPLE t=2884.4s rss=3162MB hwm=3172MB
RSS_SAMPLE t=2884.6s rss=3162MB hwm=3172MB
RSS_SAMPLE t=2884.9s rss=3162MB hwm=3172MB
RSS_SAMPLE t=2885.1s rss=3162MB hwm=3172MB
RSS_SAMPLE t=2885.4s rss=3162MB hwm=3172MB
RSS_SAMPLE t=2885.6s rss=3162MB hwm=3172MB
RSS_SAMPLE t=2885.9s rss=3162MB hwm=3172MB
RSS_SAMPLE t=2886.1s rss=3162MB hwm=3172MB
RSS_SAMPLE t=2886.4s rss=3162MB hwm=3172MB
RSS_SAMPLE t=2886.6s rss=3162MB hwm=3172MB
RSS_SAMPLE t=2886.9s rss=3162MB hwm=3172MB
RSS_SAMPLE t=2887.1s rss=3162MB hwm=3172MB
RSS_SAMPLE t=2887.4s rss=3162MB hwm=3172MB
RSS_SAMPLE t=2887.6s rss=3162MB hwm=3172MB
RSS_SAMPLE t=2887.9s rss=3162MB hwm=3172MB
RSS_SAMPLE t=2888.1s rss=3162MB hwm=3172MB
RSS_SAMPLE t=2888.4s rss=3162MB hwm=3172MB
RSS_SAMPLE t=2888.6s rss=3162MB hwm=3172MB
RSS_SAMPLE t=2888.9s rss=3162MB hwm=3172MB
RSS_SAMPLE t=2889.1s rss=3162MB hwm=3172MB
RSS_SAMPLE t=2889.4s rss=3162MB hwm=3172MB
RSS_SAMPLE t=2889.6s rss=3162MB hwm=3172MB
RSS_SAMPLE t=2889.9s rss=3162MB hwm=3172MB
RSS_SAMPLE t=2890.1s rss=3162MB hwm=3172MB
RSS_SAMPLE t=2890.4s rss=3162MB hwm=3172MB
RSS_SAMPLE t=2890.6s rss=3162MB hwm=3172MB
RSS_SAMPLE t=2890.9s rss=3162MB hwm=3172MB
RSS_SAMPLE t=2891.1s rss=3162MB hwm=3172MB
RSS_SAMPLE t=2891.4s rss=3162MB hwm=3172MB
RSS_SAMPLE t=2891.6s rss=3162MB hwm=3172MB
RSS_SAMPLE t=2891.9s rss=3162MB hwm=3172MB
RSS_SAMPLE t=2892.1s rss=3162MB hwm=3172MB
RSS_SAMPLE t=2892.4s rss=3162MB hwm=3172MB
RSS_SAMPLE t=2892.6s rss=3162MB hwm=3172MB
RSS_SAMPLE t=2892.9s rss=3162MB hwm=3172MB
RSS_SAMPLE t=2893.1s rss=3162MB hwm=3172MB
RSS_SAMPLE t=2893.4s rss=3162MB hwm=3172MB
RSS_SAMPLE t=2893.6s rss=3162MB hwm=3172MB
RSS_SAMPLE t=2893.9s rss=3162MB hwm=3172MB
RSS_SAMPLE t=2894.1s rss=3162MB hwm=3172MB
RSS_SAMPLE t=2894.4s rss=3162MB hwm=3172MB
RSS_SAMPLE t=2894.6s rss=3162MB hwm=3172MB
RSS_SAMPLE t=2894.9s rss=3162MB hwm=3172MB
RSS_SAMPLE t=2895.1s rss=3162MB hwm=3172MB
RSS_SAMPLE t=2895.4s rss=3162MB hwm=3172MB
RSS_SAMPLE t=2895.6s rss=3162MB hwm=3172MB
RSS_SAMPLE t=2895.9s rss=3162MB hwm=3172MB
RSS_SAMPLE t=2896.1s rss=3162MB hwm=3172MB
RSS_SAMPLE t=2896.4s rss=3162MB hwm=3172MB
RSS_SAMPLE t=2896.6s rss=3162MB hwm=3172MB
RSS_SAMPLE t=2896.9s rss=3162MB hwm=3172MB
RSS_SAMPLE t=2897.1s rss=3162MB hwm=3172MB
RSS_SAMPLE t=2897.4s rss=3162MB hwm=3172MB
RSS_SAMPLE t=2897.6s rss=3162MB hwm=3172MB
RSS_SAMPLE t=2897.9s rss=3162MB hwm=3172MB
RSS_SAMPLE t=2898.1s rss=3162MB hwm=3172MB
RSS_SAMPLE t=2898.4s rss=3162MB hwm=3172MB
RSS_SAMPLE t=2898.6s rss=3162MB hwm=3172MB
RSS_SAMPLE t=2898.9s rss=3162MB hwm=3172MB
RSS_SAMPLE t=2899.1s rss=3162MB hwm=3172MB
RSS_SAMPLE t=2899.4s rss=3162MB hwm=3172MB
RSS_SAMPLE t=2899.6s rss=3162MB hwm=3172MB
RSS_SAMPLE t=2899.9s rss=3162MB hwm=3172MB
RSS_SAMPLE t=2900.1s rss=3162MB hwm=3172MB
RSS_SAMPLE t=2900.4s rss=3162MB hwm=3172MB
RSS_SAMPLE t=2900.6s rss=3162MB hwm=3172MB
RSS_SAMPLE t=2900.9s rss=3162MB hwm=3172MB
RSS_SAMPLE t=2901.1s rss=3162MB hwm=3172MB
RSS_SAMPLE t=2901.4s rss=3162MB hwm=3172MB
MEM_POOL: workspaces=8 dense_usage_mb=313 n_pipes=2562403
    post_solve_diag[outer=17]: solves=105117 cap_armed=105117 (100.0%) settle_avg=4287 above_sink_avg=191 (4.5%) settle_max=69353
    settle_hist[outer=17]: <100: 27387nets/0.2%work  <1k: 27698nets/2.2%work  <5k: 25045nets/14.6%work  <20k: 19225nets/43.9%work  <60k: 5714nets/38.4%work  >=60k: 48nets/0.7%work
    fanout_hist[outer=17]: fan1: 43710nets/13.7%work  fan2-4: 48279nets/49.7%work  fan5-16: 12974nets/35.6%work  fan17-64: 154nets/1.0%work  fan65-256: 0nets/0.0%work  fan>256: 0nets/0.0%work
    rss_probe[outer=17]: pre_post_solve=3160MB post_post_solve=3162MB after_apply=3162MB
RSS_SAMPLE t=2901.6s rss=3162MB hwm=3172MB
    E_decomp: base=6061608.0 eff=117111389561481.2 cong=117111383499873.1 cong_share=100.0% sat_pipes=121933 max_util=1884.79  R_buckets: 1-2x=685793 2-10x=521010 10-100x=246606 >=100x=1108994
    E_potential: beckmann=197165661668123.8 history_total=0.0
    SpanCache: epoch=18 entries=1795 lookups=2562403 hits=2560608 misses=1795 hit_rate=99.9%
  DCD  17: nets=105117 line=10157879 energy=7573452307.318 dE=-5196914011.927 friction=8303839.3 bins=1.9x(190) excess=55.6 moved=68626 disp=3.776 solves=105117 skip=105117 pops=450674676 theta=3.648 refresh=114631ms dcd=12819ms total=130432ms
    cache_stats: entries=58557966 capacity=127588328 est_mb=1100 rss_mb=3162
RSS_SAMPLE t=2901.9s rss=3162MB hwm=3172MB
RSS_SAMPLE t=2902.1s rss=3162MB hwm=3172MB
RSS_SAMPLE t=2902.4s rss=3162MB hwm=3172MB
RSS_SAMPLE t=2902.6s rss=3162MB hwm=3172MB
RSS_SAMPLE t=2902.9s rss=3162MB hwm=3172MB
RSS_SAMPLE t=2903.1s rss=3162MB hwm=3172MB
RSS_SAMPLE t=2903.4s rss=3162MB hwm=3172MB
RSS_SAMPLE t=2903.6s rss=3162MB hwm=3172MB
RSS_SAMPLE t=2903.9s rss=3162MB hwm=3172MB
RSS_SAMPLE t=2904.1s rss=3162MB hwm=3172MB
RSS_SAMPLE t=2904.4s rss=3162MB hwm=3172MB
    SwitchMatrix: type_usage_pairs=498 lookups=1406 hits=908 dijkstra_calls=498 avg_us=13.8 total_ms=6.9
PHASE_MARK outer=18 enter=pre_solve rss=3162MB
    rss_probe[outer=18]: pre_refresh_rss=3162MB post_pre_solve_rss=3162MB cache_entries=58557966 cache_cap=127588328 cache_est_mb=1100
    pre_solve_diag[outer=18]: solves=0 fallback=0 (0.0%) cap_armed=0 (0.0%) settle_avg=0 settle_max=0 init_count=59
    Overflow: over=104284 (4.1% of used) avg_excess=2.58 max_excess=1934.23 (nc=1936.23 cap=2 span=7)  excess_buckets: <=1=49258 1-5=43623 5-20=10197 >20=1206  by_cap: cap1=31091 cap2=72265 cap3-5=0 cap>5=928  by_span: s1=288 s2-3=298 s4-6=997 s7-12=71153 s>12=31548  le1_cross: cap1=26847 cap2-5=22290 cap>5=121
    Congestion: pipes=2562403 used=2562403 congested(>50%)=328251 saturated(>90%)=121933 max_util=1884.79 avg_util=0.2857
PHASE_MARK outer=18 enter=dcd_sweep rss=3162MB
RSS_SAMPLE t=2904.6s rss=3162MB hwm=3172MB
RSS_SAMPLE t=2904.9s rss=3162MB hwm=3172MB
RSS_SAMPLE t=2905.1s rss=3162MB hwm=3172MB
RSS_SAMPLE t=2905.4s rss=3162MB hwm=3172MB
RSS_SAMPLE t=2905.6s rss=3162MB hwm=3172MB
RSS_SAMPLE t=2905.9s rss=3162MB hwm=3172MB
RSS_SAMPLE t=2906.1s rss=3162MB hwm=3172MB
RSS_SAMPLE t=2906.4s rss=3162MB hwm=3172MB
RSS_SAMPLE t=2906.6s rss=3162MB hwm=3172MB
RSS_SAMPLE t=2906.9s rss=3162MB hwm=3172MB
RSS_SAMPLE t=2907.1s rss=3162MB hwm=3172MB
RSS_SAMPLE t=2907.4s rss=3162MB hwm=3172MB
RSS_SAMPLE t=2907.6s rss=3162MB hwm=3172MB
RSS_SAMPLE t=2907.9s rss=3162MB hwm=3172MB
RSS_SAMPLE t=2908.1s rss=3162MB hwm=3172MB
RSS_SAMPLE t=2908.4s rss=3162MB hwm=3172MB
RSS_SAMPLE t=2908.6s rss=3162MB hwm=3172MB
RSS_SAMPLE t=2908.9s rss=3162MB hwm=3172MB
RSS_SAMPLE t=2909.1s rss=3162MB hwm=3172MB
RSS_SAMPLE t=2909.4s rss=3162MB hwm=3172MB
RSS_SAMPLE t=2909.6s rss=3162MB hwm=3172MB
RSS_SAMPLE t=2909.9s rss=3162MB hwm=3172MB
RSS_SAMPLE t=2910.1s rss=3162MB hwm=3172MB
RSS_SAMPLE t=2910.4s rss=3162MB hwm=3172MB
RSS_SAMPLE t=2910.6s rss=3162MB hwm=3172MB
RSS_SAMPLE t=2910.9s rss=3162MB hwm=3172MB
RSS_SAMPLE t=2911.1s rss=3162MB hwm=3172MB
RSS_SAMPLE t=2911.4s rss=3162MB hwm=3172MB
RSS_SAMPLE t=2911.6s rss=3162MB hwm=3172MB
RSS_SAMPLE t=2911.9s rss=3162MB hwm=3172MB
RSS_SAMPLE t=2912.1s rss=3162MB hwm=3172MB
RSS_SAMPLE t=2912.4s rss=3162MB hwm=3172MB
RSS_SAMPLE t=2912.6s rss=3162MB hwm=3172MB
RSS_SAMPLE t=2912.9s rss=3162MB hwm=3172MB
RSS_SAMPLE t=2913.1s rss=3162MB hwm=3172MB
RSS_SAMPLE t=2913.4s rss=3162MB hwm=3172MB
PHASE_MARK outer=18 leave=dcd_sweep rss=3162MB
PHASE_MARK outer=18 enter=post_refresh rss=3162MB
RSS_SAMPLE t=2913.7s rss=3162MB hwm=3172MB
RSS_SAMPLE t=2913.9s rss=3162MB hwm=3172MB
RSS_SAMPLE t=2914.2s rss=3162MB hwm=3172MB
RSS_SAMPLE t=2914.4s rss=3162MB hwm=3172MB
RSS_SAMPLE t=2914.7s rss=3162MB hwm=3172MB
RSS_SAMPLE t=2914.9s rss=3162MB hwm=3172MB
RSS_SAMPLE t=2915.2s rss=3162MB hwm=3172MB
RSS_SAMPLE t=2915.4s rss=3162MB hwm=3172MB
RSS_SAMPLE t=2915.7s rss=3162MB hwm=3172MB
RSS_SAMPLE t=2915.9s rss=3162MB hwm=3172MB
RSS_SAMPLE t=2916.2s rss=3162MB hwm=3172MB
RSS_SAMPLE t=2916.4s rss=3162MB hwm=3172MB
RSS_SAMPLE t=2916.7s rss=3162MB hwm=3172MB
RSS_SAMPLE t=2916.9s rss=3162MB hwm=3172MB
RSS_SAMPLE t=2917.2s rss=3162MB hwm=3172MB
RSS_SAMPLE t=2917.4s rss=3162MB hwm=3172MB
RSS_SAMPLE t=2917.7s rss=3162MB hwm=3172MB
RSS_SAMPLE t=2917.9s rss=3162MB hwm=3172MB
RSS_SAMPLE t=2918.2s rss=3162MB hwm=3172MB
RSS_SAMPLE t=2918.4s rss=3162MB hwm=3172MB
RSS_SAMPLE t=2918.7s rss=3162MB hwm=3172MB
RSS_SAMPLE t=2918.9s rss=3162MB hwm=3172MB
RSS_SAMPLE t=2919.2s rss=3162MB hwm=3172MB
RSS_SAMPLE t=2919.4s rss=3162MB hwm=3172MB
RSS_SAMPLE t=2919.7s rss=3162MB hwm=3172MB
RSS_SAMPLE t=2919.9s rss=3162MB hwm=3172MB
RSS_SAMPLE t=2920.2s rss=3162MB hwm=3172MB
RSS_SAMPLE t=2920.4s rss=3162MB hwm=3172MB
RSS_SAMPLE t=2920.7s rss=3162MB hwm=3172MB
RSS_SAMPLE t=2920.9s rss=3162MB hwm=3172MB
RSS_SAMPLE t=2921.2s rss=3162MB hwm=3172MB
RSS_SAMPLE t=2921.4s rss=3162MB hwm=3172MB
RSS_SAMPLE t=2921.7s rss=3162MB hwm=3172MB
RSS_SAMPLE t=2921.9s rss=3162MB hwm=3172MB
RSS_SAMPLE t=2922.2s rss=3162MB hwm=3172MB
RSS_SAMPLE t=2922.4s rss=3162MB hwm=3172MB
RSS_SAMPLE t=2922.7s rss=3162MB hwm=3172MB
RSS_SAMPLE t=2922.9s rss=3162MB hwm=3172MB
RSS_SAMPLE t=2923.2s rss=3162MB hwm=3172MB
RSS_SAMPLE t=2923.4s rss=3162MB hwm=3172MB
RSS_SAMPLE t=2923.7s rss=3162MB hwm=3172MB
RSS_SAMPLE t=2923.9s rss=3162MB hwm=3172MB
RSS_SAMPLE t=2924.2s rss=3162MB hwm=3172MB
RSS_SAMPLE t=2924.4s rss=3162MB hwm=3172MB
RSS_SAMPLE t=2924.7s rss=3162MB hwm=3172MB
RSS_SAMPLE t=2924.9s rss=3162MB hwm=3172MB
RSS_SAMPLE t=2925.2s rss=3162MB hwm=3172MB
RSS_SAMPLE t=2925.4s rss=3162MB hwm=3172MB
RSS_SAMPLE t=2925.7s rss=3162MB hwm=3172MB
RSS_SAMPLE t=2925.9s rss=3162MB hwm=3172MB
RSS_SAMPLE t=2926.2s rss=3162MB hwm=3172MB
RSS_SAMPLE t=2926.4s rss=3162MB hwm=3172MB
RSS_SAMPLE t=2926.7s rss=3162MB hwm=3172MB
RSS_SAMPLE t=2926.9s rss=3162MB hwm=3172MB
RSS_SAMPLE t=2927.2s rss=3162MB hwm=3172MB
RSS_SAMPLE t=2927.4s rss=3162MB hwm=3172MB
RSS_SAMPLE t=2927.7s rss=3162MB hwm=3172MB
RSS_SAMPLE t=2927.9s rss=3162MB hwm=3172MB
RSS_SAMPLE t=2928.2s rss=3162MB hwm=3172MB
RSS_SAMPLE t=2928.4s rss=3162MB hwm=3172MB
RSS_SAMPLE t=2928.7s rss=3162MB hwm=3172MB
RSS_SAMPLE t=2928.9s rss=3162MB hwm=3172MB
RSS_SAMPLE t=2929.2s rss=3162MB hwm=3172MB
RSS_SAMPLE t=2929.4s rss=3162MB hwm=3172MB
RSS_SAMPLE t=2929.7s rss=3162MB hwm=3172MB
RSS_SAMPLE t=2929.9s rss=3162MB hwm=3172MB
RSS_SAMPLE t=2930.2s rss=3162MB hwm=3172MB
RSS_SAMPLE t=2930.4s rss=3162MB hwm=3172MB
RSS_SAMPLE t=2930.7s rss=3162MB hwm=3172MB
RSS_SAMPLE t=2930.9s rss=3162MB hwm=3172MB
RSS_SAMPLE t=2931.2s rss=3162MB hwm=3172MB
RSS_SAMPLE t=2931.4s rss=3162MB hwm=3172MB
RSS_SAMPLE t=2931.7s rss=3162MB hwm=3172MB
RSS_SAMPLE t=2931.9s rss=3162MB hwm=3172MB
RSS_SAMPLE t=2932.2s rss=3162MB hwm=3172MB
RSS_SAMPLE t=2932.4s rss=3162MB hwm=3172MB
RSS_SAMPLE t=2932.7s rss=3162MB hwm=3172MB
RSS_SAMPLE t=2932.9s rss=3162MB hwm=3172MB
RSS_SAMPLE t=2933.2s rss=3162MB hwm=3172MB
RSS_SAMPLE t=2933.4s rss=3162MB hwm=3172MB
RSS_SAMPLE t=2933.7s rss=3162MB hwm=3172MB
RSS_SAMPLE t=2933.9s rss=3162MB hwm=3172MB
RSS_SAMPLE t=2934.2s rss=3162MB hwm=3172MB
RSS_SAMPLE t=2934.4s rss=3162MB hwm=3172MB
RSS_SAMPLE t=2934.7s rss=3162MB hwm=3172MB
RSS_SAMPLE t=2934.9s rss=3162MB hwm=3172MB
RSS_SAMPLE t=2935.2s rss=3162MB hwm=3172MB
RSS_SAMPLE t=2935.4s rss=3162MB hwm=3172MB
RSS_SAMPLE t=2935.7s rss=3162MB hwm=3172MB
RSS_SAMPLE t=2935.9s rss=3162MB hwm=3172MB
RSS_SAMPLE t=2936.2s rss=3162MB hwm=3172MB
RSS_SAMPLE t=2936.4s rss=3162MB hwm=3172MB
RSS_SAMPLE t=2936.7s rss=3162MB hwm=3172MB
RSS_SAMPLE t=2936.9s rss=3162MB hwm=3172MB
RSS_SAMPLE t=2937.2s rss=3162MB hwm=3172MB
RSS_SAMPLE t=2937.4s rss=3162MB hwm=3172MB
RSS_SAMPLE t=2937.7s rss=3163MB hwm=3172MB
RSS_SAMPLE t=2937.9s rss=3163MB hwm=3172MB
RSS_SAMPLE t=2938.2s rss=3163MB hwm=3172MB
RSS_SAMPLE t=2938.4s rss=3163MB hwm=3172MB
RSS_SAMPLE t=2938.7s rss=3163MB hwm=3172MB
RSS_SAMPLE t=2938.9s rss=3163MB hwm=3172MB
RSS_SAMPLE t=2939.2s rss=3163MB hwm=3172MB
RSS_SAMPLE t=2939.4s rss=3163MB hwm=3172MB
RSS_SAMPLE t=2939.7s rss=3163MB hwm=3172MB
RSS_SAMPLE t=2939.9s rss=3163MB hwm=3172MB
RSS_SAMPLE t=2940.2s rss=3163MB hwm=3172MB
RSS_SAMPLE t=2940.4s rss=3163MB hwm=3172MB
RSS_SAMPLE t=2940.7s rss=3163MB hwm=3172MB
RSS_SAMPLE t=2940.9s rss=3163MB hwm=3172MB
RSS_SAMPLE t=2941.2s rss=3163MB hwm=3172MB
RSS_SAMPLE t=2941.4s rss=3163MB hwm=3172MB
RSS_SAMPLE t=2941.7s rss=3163MB hwm=3172MB
RSS_SAMPLE t=2941.9s rss=3163MB hwm=3172MB
RSS_SAMPLE t=2942.2s rss=3163MB hwm=3172MB
RSS_SAMPLE t=2942.4s rss=3163MB hwm=3172MB
RSS_SAMPLE t=2942.7s rss=3163MB hwm=3172MB
RSS_SAMPLE t=2942.9s rss=3163MB hwm=3172MB
RSS_SAMPLE t=2943.2s rss=3163MB hwm=3172MB
RSS_SAMPLE t=2943.4s rss=3163MB hwm=3172MB
RSS_SAMPLE t=2943.7s rss=3163MB hwm=3172MB
RSS_SAMPLE t=2943.9s rss=3163MB hwm=3172MB
RSS_SAMPLE t=2944.2s rss=3163MB hwm=3172MB
RSS_SAMPLE t=2944.4s rss=3163MB hwm=3172MB
RSS_SAMPLE t=2944.7s rss=3163MB hwm=3172MB
RSS_SAMPLE t=2944.9s rss=3163MB hwm=3172MB
RSS_SAMPLE t=2945.2s rss=3163MB hwm=3172MB
RSS_SAMPLE t=2945.4s rss=3163MB hwm=3172MB
RSS_SAMPLE t=2945.7s rss=3163MB hwm=3172MB
RSS_SAMPLE t=2945.9s rss=3163MB hwm=3172MB
RSS_SAMPLE t=2946.2s rss=3163MB hwm=3172MB
RSS_SAMPLE t=2946.4s rss=3163MB hwm=3172MB
RSS_SAMPLE t=2946.7s rss=3163MB hwm=3172MB
RSS_SAMPLE t=2946.9s rss=3163MB hwm=3172MB
RSS_SAMPLE t=2947.2s rss=3163MB hwm=3172MB
RSS_SAMPLE t=2947.4s rss=3163MB hwm=3172MB
RSS_SAMPLE t=2947.7s rss=3164MB hwm=3172MB
RSS_SAMPLE t=2947.9s rss=3164MB hwm=3172MB
RSS_SAMPLE t=2948.2s rss=3164MB hwm=3172MB
RSS_SAMPLE t=2948.4s rss=3164MB hwm=3172MB
RSS_SAMPLE t=2948.7s rss=3164MB hwm=3172MB
RSS_SAMPLE t=2948.9s rss=3164MB hwm=3172MB
RSS_SAMPLE t=2949.2s rss=3164MB hwm=3172MB
RSS_SAMPLE t=2949.4s rss=3164MB hwm=3172MB
RSS_SAMPLE t=2949.7s rss=3164MB hwm=3172MB
RSS_SAMPLE t=2949.9s rss=3164MB hwm=3172MB
RSS_SAMPLE t=2950.2s rss=3164MB hwm=3172MB
RSS_SAMPLE t=2950.4s rss=3164MB hwm=3172MB
RSS_SAMPLE t=2950.7s rss=3164MB hwm=3172MB
RSS_SAMPLE t=2950.9s rss=3164MB hwm=3172MB
RSS_SAMPLE t=2951.2s rss=3164MB hwm=3172MB
RSS_SAMPLE t=2951.4s rss=3164MB hwm=3172MB
RSS_SAMPLE t=2951.7s rss=3164MB hwm=3172MB
RSS_SAMPLE t=2951.9s rss=3164MB hwm=3172MB
RSS_SAMPLE t=2952.2s rss=3164MB hwm=3172MB
RSS_SAMPLE t=2952.4s rss=3164MB hwm=3172MB
RSS_SAMPLE t=2952.7s rss=3164MB hwm=3172MB
RSS_SAMPLE t=2952.9s rss=3164MB hwm=3172MB
RSS_SAMPLE t=2953.2s rss=3164MB hwm=3172MB
RSS_SAMPLE t=2953.4s rss=3164MB hwm=3172MB
RSS_SAMPLE t=2953.7s rss=3164MB hwm=3172MB
RSS_SAMPLE t=2953.9s rss=3164MB hwm=3172MB
RSS_SAMPLE t=2954.2s rss=3164MB hwm=3172MB
RSS_SAMPLE t=2954.4s rss=3164MB hwm=3172MB
RSS_SAMPLE t=2954.7s rss=3164MB hwm=3172MB
RSS_SAMPLE t=2954.9s rss=3164MB hwm=3172MB
RSS_SAMPLE t=2955.2s rss=3164MB hwm=3172MB
RSS_SAMPLE t=2955.4s rss=3164MB hwm=3172MB
RSS_SAMPLE t=2955.7s rss=3164MB hwm=3172MB
RSS_SAMPLE t=2955.9s rss=3164MB hwm=3172MB
RSS_SAMPLE t=2956.2s rss=3164MB hwm=3172MB
RSS_SAMPLE t=2956.4s rss=3164MB hwm=3172MB
RSS_SAMPLE t=2956.7s rss=3164MB hwm=3172MB
RSS_SAMPLE t=2956.9s rss=3164MB hwm=3172MB
RSS_SAMPLE t=2957.2s rss=3165MB hwm=3172MB
RSS_SAMPLE t=2957.4s rss=3165MB hwm=3172MB
RSS_SAMPLE t=2957.7s rss=3165MB hwm=3172MB
RSS_SAMPLE t=2957.9s rss=3165MB hwm=3172MB
RSS_SAMPLE t=2958.2s rss=3165MB hwm=3172MB
RSS_SAMPLE t=2958.4s rss=3165MB hwm=3172MB
RSS_SAMPLE t=2958.7s rss=3165MB hwm=3172MB
RSS_SAMPLE t=2958.9s rss=3165MB hwm=3172MB
RSS_SAMPLE t=2959.2s rss=3165MB hwm=3172MB
RSS_SAMPLE t=2959.4s rss=3165MB hwm=3172MB
RSS_SAMPLE t=2959.7s rss=3165MB hwm=3172MB
RSS_SAMPLE t=2959.9s rss=3165MB hwm=3172MB
RSS_SAMPLE t=2960.2s rss=3165MB hwm=3172MB
RSS_SAMPLE t=2960.4s rss=3165MB hwm=3172MB
RSS_SAMPLE t=2960.7s rss=3165MB hwm=3172MB
RSS_SAMPLE t=2960.9s rss=3165MB hwm=3172MB
RSS_SAMPLE t=2961.2s rss=3165MB hwm=3172MB
RSS_SAMPLE t=2961.4s rss=3165MB hwm=3172MB
RSS_SAMPLE t=2961.7s rss=3165MB hwm=3172MB
RSS_SAMPLE t=2961.9s rss=3165MB hwm=3172MB
RSS_SAMPLE t=2962.2s rss=3165MB hwm=3172MB
RSS_SAMPLE t=2962.4s rss=3165MB hwm=3172MB
RSS_SAMPLE t=2962.7s rss=3165MB hwm=3172MB
RSS_SAMPLE t=2962.9s rss=3165MB hwm=3172MB
RSS_SAMPLE t=2963.2s rss=3165MB hwm=3172MB
RSS_SAMPLE t=2963.4s rss=3165MB hwm=3172MB
RSS_SAMPLE t=2963.7s rss=3165MB hwm=3172MB
RSS_SAMPLE t=2963.9s rss=3165MB hwm=3172MB
RSS_SAMPLE t=2964.2s rss=3165MB hwm=3172MB
RSS_SAMPLE t=2964.4s rss=3165MB hwm=3172MB
RSS_SAMPLE t=2964.7s rss=3165MB hwm=3172MB
RSS_SAMPLE t=2964.9s rss=3165MB hwm=3172MB
RSS_SAMPLE t=2965.2s rss=3165MB hwm=3172MB
RSS_SAMPLE t=2965.4s rss=3165MB hwm=3172MB
RSS_SAMPLE t=2965.7s rss=3165MB hwm=3172MB
RSS_SAMPLE t=2965.9s rss=3165MB hwm=3172MB
RSS_SAMPLE t=2966.2s rss=3165MB hwm=3172MB
RSS_SAMPLE t=2966.4s rss=3165MB hwm=3172MB
RSS_SAMPLE t=2966.7s rss=3165MB hwm=3172MB
RSS_SAMPLE t=2966.9s rss=3165MB hwm=3172MB
RSS_SAMPLE t=2967.2s rss=3165MB hwm=3172MB
RSS_SAMPLE t=2967.4s rss=3165MB hwm=3172MB
RSS_SAMPLE t=2967.7s rss=3165MB hwm=3172MB
RSS_SAMPLE t=2967.9s rss=3165MB hwm=3172MB
RSS_SAMPLE t=2968.2s rss=3165MB hwm=3172MB
RSS_SAMPLE t=2968.4s rss=3165MB hwm=3172MB
RSS_SAMPLE t=2968.7s rss=3165MB hwm=3172MB
RSS_SAMPLE t=2968.9s rss=3165MB hwm=3172MB
RSS_SAMPLE t=2969.2s rss=3165MB hwm=3172MB
RSS_SAMPLE t=2969.4s rss=3165MB hwm=3172MB
RSS_SAMPLE t=2969.7s rss=3165MB hwm=3172MB
RSS_SAMPLE t=2969.9s rss=3165MB hwm=3172MB
RSS_SAMPLE t=2970.2s rss=3165MB hwm=3172MB
RSS_SAMPLE t=2970.4s rss=3165MB hwm=3172MB
RSS_SAMPLE t=2970.7s rss=3165MB hwm=3172MB
RSS_SAMPLE t=2970.9s rss=3165MB hwm=3172MB
RSS_SAMPLE t=2971.2s rss=3165MB hwm=3172MB
RSS_SAMPLE t=2971.4s rss=3165MB hwm=3172MB
RSS_SAMPLE t=2971.7s rss=3165MB hwm=3172MB
RSS_SAMPLE t=2971.9s rss=3165MB hwm=3172MB
RSS_SAMPLE t=2972.2s rss=3165MB hwm=3172MB
RSS_SAMPLE t=2972.4s rss=3165MB hwm=3172MB
RSS_SAMPLE t=2972.7s rss=3165MB hwm=3172MB
RSS_SAMPLE t=2972.9s rss=3165MB hwm=3172MB
RSS_SAMPLE t=2973.2s rss=3165MB hwm=3172MB
RSS_SAMPLE t=2973.4s rss=3165MB hwm=3172MB
RSS_SAMPLE t=2973.7s rss=3165MB hwm=3172MB
RSS_SAMPLE t=2973.9s rss=3165MB hwm=3172MB
RSS_SAMPLE t=2974.2s rss=3165MB hwm=3172MB
RSS_SAMPLE t=2974.4s rss=3165MB hwm=3172MB
RSS_SAMPLE t=2974.7s rss=3165MB hwm=3172MB
RSS_SAMPLE t=2974.9s rss=3165MB hwm=3172MB
RSS_SAMPLE t=2975.2s rss=3165MB hwm=3172MB
RSS_SAMPLE t=2975.4s rss=3165MB hwm=3172MB
RSS_SAMPLE t=2975.7s rss=3165MB hwm=3172MB
RSS_SAMPLE t=2975.9s rss=3165MB hwm=3172MB
RSS_SAMPLE t=2976.2s rss=3165MB hwm=3172MB
RSS_SAMPLE t=2976.4s rss=3165MB hwm=3172MB
RSS_SAMPLE t=2976.7s rss=3165MB hwm=3172MB
RSS_SAMPLE t=2976.9s rss=3165MB hwm=3172MB
RSS_SAMPLE t=2977.2s rss=3165MB hwm=3172MB
RSS_SAMPLE t=2977.4s rss=3165MB hwm=3172MB
RSS_SAMPLE t=2977.7s rss=3165MB hwm=3172MB
RSS_SAMPLE t=2977.9s rss=3165MB hwm=3172MB
RSS_SAMPLE t=2978.2s rss=3165MB hwm=3172MB
RSS_SAMPLE t=2978.4s rss=3165MB hwm=3172MB
RSS_SAMPLE t=2978.7s rss=3165MB hwm=3172MB
RSS_SAMPLE t=2978.9s rss=3165MB hwm=3172MB
RSS_SAMPLE t=2979.2s rss=3165MB hwm=3172MB
RSS_SAMPLE t=2979.4s rss=3165MB hwm=3172MB
RSS_SAMPLE t=2979.7s rss=3165MB hwm=3172MB
RSS_SAMPLE t=2979.9s rss=3165MB hwm=3172MB
RSS_SAMPLE t=2980.2s rss=3165MB hwm=3172MB
RSS_SAMPLE t=2980.4s rss=3165MB hwm=3172MB
RSS_SAMPLE t=2980.7s rss=3165MB hwm=3172MB
RSS_SAMPLE t=2980.9s rss=3165MB hwm=3172MB
RSS_SAMPLE t=2981.2s rss=3165MB hwm=3172MB
RSS_SAMPLE t=2981.4s rss=3165MB hwm=3172MB
RSS_SAMPLE t=2981.7s rss=3165MB hwm=3172MB
RSS_SAMPLE t=2981.9s rss=3165MB hwm=3172MB
RSS_SAMPLE t=2982.2s rss=3165MB hwm=3172MB
RSS_SAMPLE t=2982.4s rss=3165MB hwm=3172MB
RSS_SAMPLE t=2982.7s rss=3165MB hwm=3172MB
RSS_SAMPLE t=2982.9s rss=3165MB hwm=3172MB
RSS_SAMPLE t=2983.2s rss=3165MB hwm=3172MB
RSS_SAMPLE t=2983.4s rss=3165MB hwm=3172MB
RSS_SAMPLE t=2983.7s rss=3165MB hwm=3172MB
RSS_SAMPLE t=2983.9s rss=3165MB hwm=3172MB
RSS_SAMPLE t=2984.2s rss=3165MB hwm=3172MB
RSS_SAMPLE t=2984.4s rss=3165MB hwm=3172MB
RSS_SAMPLE t=2984.7s rss=3165MB hwm=3172MB
RSS_SAMPLE t=2984.9s rss=3165MB hwm=3172MB
RSS_SAMPLE t=2985.2s rss=3165MB hwm=3172MB
RSS_SAMPLE t=2985.4s rss=3165MB hwm=3172MB
RSS_SAMPLE t=2985.7s rss=3165MB hwm=3172MB
RSS_SAMPLE t=2985.9s rss=3165MB hwm=3172MB
RSS_SAMPLE t=2986.2s rss=3165MB hwm=3172MB
RSS_SAMPLE t=2986.4s rss=3165MB hwm=3172MB
RSS_SAMPLE t=2986.7s rss=3165MB hwm=3172MB
RSS_SAMPLE t=2986.9s rss=3165MB hwm=3172MB
RSS_SAMPLE t=2987.2s rss=3165MB hwm=3172MB
RSS_SAMPLE t=2987.4s rss=3165MB hwm=3172MB
RSS_SAMPLE t=2987.7s rss=3165MB hwm=3172MB
RSS_SAMPLE t=2987.9s rss=3165MB hwm=3172MB
RSS_SAMPLE t=2988.2s rss=3165MB hwm=3172MB
RSS_SAMPLE t=2988.4s rss=3165MB hwm=3172MB
RSS_SAMPLE t=2988.7s rss=3165MB hwm=3172MB
RSS_SAMPLE t=2988.9s rss=3165MB hwm=3172MB
RSS_SAMPLE t=2989.2s rss=3165MB hwm=3172MB
RSS_SAMPLE t=2989.4s rss=3165MB hwm=3172MB
RSS_SAMPLE t=2989.7s rss=3165MB hwm=3172MB
RSS_SAMPLE t=2989.9s rss=3165MB hwm=3172MB
RSS_SAMPLE t=2990.2s rss=3165MB hwm=3172MB
RSS_SAMPLE t=2990.4s rss=3165MB hwm=3172MB
RSS_SAMPLE t=2990.7s rss=3165MB hwm=3172MB
RSS_SAMPLE t=2990.9s rss=3165MB hwm=3172MB
RSS_SAMPLE t=2991.2s rss=3165MB hwm=3172MB
RSS_SAMPLE t=2991.4s rss=3165MB hwm=3172MB
RSS_SAMPLE t=2991.7s rss=3165MB hwm=3172MB
RSS_SAMPLE t=2991.9s rss=3165MB hwm=3172MB
RSS_SAMPLE t=2992.2s rss=3165MB hwm=3172MB
RSS_SAMPLE t=2992.4s rss=3165MB hwm=3172MB
RSS_SAMPLE t=2992.7s rss=3165MB hwm=3172MB
RSS_SAMPLE t=2992.9s rss=3165MB hwm=3172MB
RSS_SAMPLE t=2993.2s rss=3165MB hwm=3172MB
RSS_SAMPLE t=2993.4s rss=3165MB hwm=3172MB
RSS_SAMPLE t=2993.7s rss=3165MB hwm=3172MB
RSS_SAMPLE t=2993.9s rss=3165MB hwm=3172MB
RSS_SAMPLE t=2994.2s rss=3165MB hwm=3172MB
RSS_SAMPLE t=2994.4s rss=3165MB hwm=3172MB
RSS_SAMPLE t=2994.7s rss=3165MB hwm=3172MB
RSS_SAMPLE t=2994.9s rss=3165MB hwm=3172MB
RSS_SAMPLE t=2995.2s rss=3165MB hwm=3172MB
RSS_SAMPLE t=2995.4s rss=3165MB hwm=3172MB
RSS_SAMPLE t=2995.7s rss=3165MB hwm=3172MB
RSS_SAMPLE t=2995.9s rss=3165MB hwm=3172MB
RSS_SAMPLE t=2996.2s rss=3165MB hwm=3172MB
RSS_SAMPLE t=2996.4s rss=3165MB hwm=3172MB
RSS_SAMPLE t=2996.7s rss=3165MB hwm=3172MB
RSS_SAMPLE t=2996.9s rss=3165MB hwm=3172MB
RSS_SAMPLE t=2997.2s rss=3165MB hwm=3172MB
RSS_SAMPLE t=2997.4s rss=3165MB hwm=3172MB
RSS_SAMPLE t=2997.7s rss=3165MB hwm=3172MB
RSS_SAMPLE t=2997.9s rss=3165MB hwm=3172MB
RSS_SAMPLE t=2998.2s rss=3165MB hwm=3172MB
RSS_SAMPLE t=2998.4s rss=3165MB hwm=3172MB
RSS_SAMPLE t=2998.7s rss=3165MB hwm=3172MB
RSS_SAMPLE t=2999.0s rss=3165MB hwm=3172MB
RSS_SAMPLE t=2999.2s rss=3165MB hwm=3172MB
RSS_SAMPLE t=2999.5s rss=3165MB hwm=3172MB
RSS_SAMPLE t=2999.7s rss=3165MB hwm=3172MB
RSS_SAMPLE t=3000.0s rss=3165MB hwm=3172MB
RSS_SAMPLE t=3000.2s rss=3165MB hwm=3172MB
RSS_SAMPLE t=3000.5s rss=3165MB hwm=3172MB
RSS_SAMPLE t=3000.7s rss=3165MB hwm=3172MB
RSS_SAMPLE t=3001.0s rss=3165MB hwm=3172MB
RSS_SAMPLE t=3001.2s rss=3165MB hwm=3172MB
RSS_SAMPLE t=3001.5s rss=3165MB hwm=3172MB
RSS_SAMPLE t=3001.7s rss=3165MB hwm=3172MB
RSS_SAMPLE t=3002.0s rss=3165MB hwm=3172MB
RSS_SAMPLE t=3002.2s rss=3165MB hwm=3172MB
RSS_SAMPLE t=3002.5s rss=3165MB hwm=3172MB
RSS_SAMPLE t=3002.7s rss=3165MB hwm=3172MB
RSS_SAMPLE t=3003.0s rss=3165MB hwm=3172MB
RSS_SAMPLE t=3003.2s rss=3165MB hwm=3172MB
RSS_SAMPLE t=3003.5s rss=3165MB hwm=3172MB
RSS_SAMPLE t=3003.7s rss=3165MB hwm=3172MB
RSS_SAMPLE t=3004.0s rss=3165MB hwm=3172MB
RSS_SAMPLE t=3004.2s rss=3165MB hwm=3172MB
RSS_SAMPLE t=3004.5s rss=3165MB hwm=3172MB
RSS_SAMPLE t=3004.7s rss=3165MB hwm=3172MB
RSS_SAMPLE t=3005.0s rss=3165MB hwm=3172MB
RSS_SAMPLE t=3005.2s rss=3165MB hwm=3172MB
RSS_SAMPLE t=3005.5s rss=3165MB hwm=3172MB
RSS_SAMPLE t=3005.7s rss=3165MB hwm=3172MB
RSS_SAMPLE t=3006.0s rss=3165MB hwm=3172MB
RSS_SAMPLE t=3006.2s rss=3165MB hwm=3172MB
RSS_SAMPLE t=3006.5s rss=3165MB hwm=3172MB
RSS_SAMPLE t=3006.7s rss=3165MB hwm=3172MB
RSS_SAMPLE t=3007.0s rss=3165MB hwm=3172MB
RSS_SAMPLE t=3007.2s rss=3165MB hwm=3172MB
RSS_SAMPLE t=3007.5s rss=3165MB hwm=3172MB
RSS_SAMPLE t=3007.7s rss=3165MB hwm=3172MB
RSS_SAMPLE t=3008.0s rss=3165MB hwm=3172MB
RSS_SAMPLE t=3008.2s rss=3165MB hwm=3172MB
RSS_SAMPLE t=3008.5s rss=3165MB hwm=3172MB
RSS_SAMPLE t=3008.7s rss=3165MB hwm=3172MB
RSS_SAMPLE t=3009.0s rss=3165MB hwm=3172MB
RSS_SAMPLE t=3009.2s rss=3165MB hwm=3172MB
RSS_SAMPLE t=3009.5s rss=3165MB hwm=3172MB
RSS_SAMPLE t=3009.7s rss=3165MB hwm=3172MB
RSS_SAMPLE t=3010.0s rss=3165MB hwm=3172MB
RSS_SAMPLE t=3010.2s rss=3165MB hwm=3172MB
RSS_SAMPLE t=3010.5s rss=3165MB hwm=3172MB
RSS_SAMPLE t=3010.7s rss=3165MB hwm=3172MB
RSS_SAMPLE t=3011.0s rss=3165MB hwm=3172MB
RSS_SAMPLE t=3011.2s rss=3165MB hwm=3172MB
RSS_SAMPLE t=3011.5s rss=3165MB hwm=3172MB
RSS_SAMPLE t=3011.7s rss=3165MB hwm=3172MB
RSS_SAMPLE t=3012.0s rss=3165MB hwm=3172MB
RSS_SAMPLE t=3012.2s rss=3165MB hwm=3172MB
RSS_SAMPLE t=3012.5s rss=3165MB hwm=3172MB
RSS_SAMPLE t=3012.7s rss=3165MB hwm=3172MB
RSS_SAMPLE t=3013.0s rss=3165MB hwm=3172MB
RSS_SAMPLE t=3013.2s rss=3165MB hwm=3172MB
RSS_SAMPLE t=3013.5s rss=3165MB hwm=3172MB
RSS_SAMPLE t=3013.7s rss=3165MB hwm=3172MB
RSS_SAMPLE t=3014.0s rss=3165MB hwm=3172MB
RSS_SAMPLE t=3014.2s rss=3165MB hwm=3172MB
RSS_SAMPLE t=3014.5s rss=3165MB hwm=3172MB
RSS_SAMPLE t=3014.7s rss=3165MB hwm=3172MB
RSS_SAMPLE t=3015.0s rss=3165MB hwm=3172MB
RSS_SAMPLE t=3015.2s rss=3165MB hwm=3172MB
RSS_SAMPLE t=3015.5s rss=3165MB hwm=3172MB
RSS_SAMPLE t=3015.7s rss=3165MB hwm=3172MB
RSS_SAMPLE t=3016.0s rss=3165MB hwm=3172MB
RSS_SAMPLE t=3016.2s rss=3165MB hwm=3172MB
RSS_SAMPLE t=3016.5s rss=3165MB hwm=3172MB
RSS_SAMPLE t=3016.7s rss=3165MB hwm=3172MB
RSS_SAMPLE t=3017.0s rss=3165MB hwm=3172MB
RSS_SAMPLE t=3017.2s rss=3165MB hwm=3172MB
RSS_SAMPLE t=3017.5s rss=3165MB hwm=3172MB
RSS_SAMPLE t=3017.7s rss=3165MB hwm=3172MB
RSS_SAMPLE t=3018.0s rss=3165MB hwm=3172MB
RSS_SAMPLE t=3018.2s rss=3165MB hwm=3172MB
RSS_SAMPLE t=3018.5s rss=3165MB hwm=3172MB
RSS_SAMPLE t=3018.7s rss=3165MB hwm=3172MB
RSS_SAMPLE t=3019.0s rss=3165MB hwm=3172MB
RSS_SAMPLE t=3019.2s rss=3165MB hwm=3172MB
RSS_SAMPLE t=3019.5s rss=3165MB hwm=3172MB
RSS_SAMPLE t=3019.7s rss=3165MB hwm=3172MB
RSS_SAMPLE t=3020.0s rss=3165MB hwm=3172MB
RSS_SAMPLE t=3020.2s rss=3165MB hwm=3172MB
RSS_SAMPLE t=3020.5s rss=3165MB hwm=3172MB
RSS_SAMPLE t=3020.7s rss=3165MB hwm=3172MB
RSS_SAMPLE t=3021.0s rss=3165MB hwm=3172MB
RSS_SAMPLE t=3021.2s rss=3165MB hwm=3172MB
RSS_SAMPLE t=3021.5s rss=3165MB hwm=3172MB
RSS_SAMPLE t=3021.7s rss=3165MB hwm=3172MB
RSS_SAMPLE t=3022.0s rss=3165MB hwm=3172MB
RSS_SAMPLE t=3022.2s rss=3165MB hwm=3172MB
RSS_SAMPLE t=3022.5s rss=3165MB hwm=3172MB
RSS_SAMPLE t=3022.7s rss=3165MB hwm=3172MB
RSS_SAMPLE t=3023.0s rss=3165MB hwm=3172MB
RSS_SAMPLE t=3023.2s rss=3165MB hwm=3172MB
RSS_SAMPLE t=3023.5s rss=3165MB hwm=3172MB
RSS_SAMPLE t=3023.7s rss=3165MB hwm=3172MB
RSS_SAMPLE t=3024.0s rss=3165MB hwm=3172MB
RSS_SAMPLE t=3024.2s rss=3165MB hwm=3172MB
RSS_SAMPLE t=3024.5s rss=3165MB hwm=3172MB
RSS_SAMPLE t=3024.7s rss=3165MB hwm=3172MB
RSS_SAMPLE t=3025.0s rss=3165MB hwm=3172MB
RSS_SAMPLE t=3025.2s rss=3165MB hwm=3172MB
RSS_SAMPLE t=3025.5s rss=3165MB hwm=3172MB
RSS_SAMPLE t=3025.7s rss=3165MB hwm=3172MB
RSS_SAMPLE t=3026.0s rss=3165MB hwm=3172MB
RSS_SAMPLE t=3026.2s rss=3165MB hwm=3172MB
RSS_SAMPLE t=3026.5s rss=3165MB hwm=3172MB
RSS_SAMPLE t=3026.7s rss=3165MB hwm=3172MB
RSS_SAMPLE t=3027.0s rss=3165MB hwm=3172MB
RSS_SAMPLE t=3027.2s rss=3165MB hwm=3172MB
RSS_SAMPLE t=3027.5s rss=3165MB hwm=3172MB
RSS_SAMPLE t=3027.7s rss=3165MB hwm=3172MB
RSS_SAMPLE t=3028.0s rss=3165MB hwm=3172MB
RSS_SAMPLE t=3028.2s rss=3165MB hwm=3172MB
RSS_SAMPLE t=3028.5s rss=3165MB hwm=3172MB
RSS_SAMPLE t=3028.7s rss=3165MB hwm=3172MB
RSS_SAMPLE t=3029.0s rss=3165MB hwm=3172MB
RSS_SAMPLE t=3029.2s rss=3165MB hwm=3172MB
RSS_SAMPLE t=3029.5s rss=3165MB hwm=3172MB
RSS_SAMPLE t=3029.7s rss=3165MB hwm=3172MB
RSS_SAMPLE t=3030.0s rss=3165MB hwm=3172MB
RSS_SAMPLE t=3030.2s rss=3165MB hwm=3172MB
MEM_POOL: workspaces=8 dense_usage_mb=313 n_pipes=2562403
    post_solve_diag[outer=18]: solves=105117 cap_armed=105117 (100.0%) settle_avg=4154 above_sink_avg=186 (4.5%) settle_max=69353
    settle_hist[outer=18]: <100: 27616nets/0.2%work  <1k: 28075nets/2.4%work  <5k: 24998nets/15.0%work  <20k: 19013nets/44.6%work  <60k: 5375nets/37.2%work  >=60k: 40nets/0.6%work
    fanout_hist[outer=18]: fan1: 43710nets/13.7%work  fan2-4: 48279nets/49.7%work  fan5-16: 12974nets/35.5%work  fan17-64: 154nets/1.0%work  fan65-256: 0nets/0.0%work  fan>256: 0nets/0.0%work
    rss_probe[outer=18]: pre_post_solve=3162MB post_post_solve=3165MB after_apply=3165MB
    E_decomp: base=5320512.4 eff=493676868673354.7 cong=493676863352842.2 cong_share=100.0% sat_pipes=105267 max_util=942.40  R_buckets: 1-2x=872469 2-10x=653787 10-100x=338272 >=100x=697875
    E_potential: beckmann=28811460683121.3 history_total=0.0
    SpanCache: epoch=19 entries=1406 lookups=2562403 hits=2560997 misses=1406 hit_rate=99.9%
  DCD  18: nets=105117 line=9937729 energy=1516244179.186 dE=-6057208128.132 friction=3990461.2 bins=2.0x(276) excess=102.8 moved=68635 disp=3.660 solves=105117 skip=105117 pops=436607829 theta=4.271 refresh=116771ms dcd=9113ms total=128694ms
    cache_stats: entries=58064485 capacity=127039003 est_mb=1095 rss_mb=3165
RSS_SAMPLE t=3030.5s rss=3165MB hwm=3172MB
RSS_SAMPLE t=3030.7s rss=3165MB hwm=3172MB
RSS_SAMPLE t=3031.0s rss=3165MB hwm=3172MB
RSS_SAMPLE t=3031.2s rss=3165MB hwm=3172MB
RSS_SAMPLE t=3031.5s rss=3165MB hwm=3172MB
RSS_SAMPLE t=3031.7s rss=3165MB hwm=3172MB
RSS_SAMPLE t=3032.0s rss=3165MB hwm=3172MB
RSS_SAMPLE t=3032.2s rss=3165MB hwm=3172MB
RSS_SAMPLE t=3032.5s rss=3165MB hwm=3172MB
RSS_SAMPLE t=3032.7s rss=3165MB hwm=3172MB
RSS_SAMPLE t=3033.0s rss=3165MB hwm=3172MB
    SwitchMatrix: type_usage_pairs=477 lookups=1330 hits=853 dijkstra_calls=477 avg_us=13.3 total_ms=6.3
PHASE_MARK outer=19 enter=pre_solve rss=3165MB
    rss_probe[outer=19]: pre_refresh_rss=3165MB post_pre_solve_rss=3165MB cache_entries=58064485 cache_cap=127039003 cache_est_mb=1095
    pre_solve_diag[outer=19]: solves=0 fallback=0 (0.0%) cap_armed=0 (0.0%) settle_avg=0 settle_max=0 init_count=56
    Overflow: over=90692 (3.5% of used) avg_excess=2.88 max_excess=2624.59 (nc=2648.59 cap=24 span=1)  excess_buckets: <=1=40464 1-5=38200 5-20=10756 >20=1272  by_cap: cap1=24864 cap2=65013 cap3-5=0 cap>5=815  by_span: s1=282 s2-3=282 s4-6=905 s7-12=64323 s>12=24900  le1_cross: cap1=22424 cap2-5=17931 cap>5=109
    Congestion: pipes=2562403 used=2562403 congested(>50%)=295043 saturated(>90%)=105267 max_util=942.40 avg_util=0.2637
PHASE_MARK outer=19 enter=dcd_sweep rss=3165MB
RSS_SAMPLE t=3033.2s rss=3165MB hwm=3172MB
RSS_SAMPLE t=3033.5s rss=3165MB hwm=3172MB
RSS_SAMPLE t=3033.7s rss=3165MB hwm=3172MB
RSS_SAMPLE t=3034.0s rss=3165MB hwm=3172MB
RSS_SAMPLE t=3034.2s rss=3165MB hwm=3172MB
RSS_SAMPLE t=3034.5s rss=3165MB hwm=3172MB
RSS_SAMPLE t=3034.7s rss=3165MB hwm=3172MB
RSS_SAMPLE t=3035.0s rss=3165MB hwm=3172MB
RSS_SAMPLE t=3035.2s rss=3165MB hwm=3172MB
RSS_SAMPLE t=3035.5s rss=3165MB hwm=3172MB
RSS_SAMPLE t=3035.7s rss=3165MB hwm=3172MB
RSS_SAMPLE t=3036.0s rss=3165MB hwm=3172MB
RSS_SAMPLE t=3036.2s rss=3165MB hwm=3172MB
RSS_SAMPLE t=3036.5s rss=3165MB hwm=3172MB
RSS_SAMPLE t=3036.7s rss=3165MB hwm=3172MB
RSS_SAMPLE t=3037.0s rss=3165MB hwm=3172MB
RSS_SAMPLE t=3037.2s rss=3165MB hwm=3172MB
RSS_SAMPLE t=3037.5s rss=3165MB hwm=3172MB
RSS_SAMPLE t=3037.7s rss=3165MB hwm=3172MB
RSS_SAMPLE t=3038.0s rss=3165MB hwm=3172MB
RSS_SAMPLE t=3038.2s rss=3165MB hwm=3172MB
RSS_SAMPLE t=3038.5s rss=3165MB hwm=3172MB
RSS_SAMPLE t=3038.7s rss=3165MB hwm=3172MB
RSS_SAMPLE t=3039.0s rss=3165MB hwm=3172MB
RSS_SAMPLE t=3039.2s rss=3165MB hwm=3172MB
RSS_SAMPLE t=3039.5s rss=3165MB hwm=3172MB
RSS_SAMPLE t=3039.7s rss=3165MB hwm=3172MB
RSS_SAMPLE t=3040.0s rss=3165MB hwm=3172MB
RSS_SAMPLE t=3040.2s rss=3165MB hwm=3172MB
RSS_SAMPLE t=3040.5s rss=3165MB hwm=3172MB
RSS_SAMPLE t=3040.7s rss=3165MB hwm=3172MB
RSS_SAMPLE t=3041.0s rss=3165MB hwm=3172MB
RSS_SAMPLE t=3041.2s rss=3165MB hwm=3172MB
PHASE_MARK outer=19 leave=dcd_sweep rss=3165MB
PHASE_MARK outer=19 enter=post_refresh rss=3165MB
RSS_SAMPLE t=3041.5s rss=3167MB hwm=3172MB
RSS_SAMPLE t=3041.7s rss=3167MB hwm=3172MB
RSS_SAMPLE t=3042.0s rss=3167MB hwm=3172MB
RSS_SAMPLE t=3042.2s rss=3167MB hwm=3172MB
RSS_SAMPLE t=3042.5s rss=3167MB hwm=3172MB
RSS_SAMPLE t=3042.7s rss=3167MB hwm=3172MB
RSS_SAMPLE t=3043.0s rss=3167MB hwm=3172MB
RSS_SAMPLE t=3043.2s rss=3167MB hwm=3172MB
RSS_SAMPLE t=3043.5s rss=3167MB hwm=3172MB
RSS_SAMPLE t=3043.7s rss=3167MB hwm=3172MB
RSS_SAMPLE t=3044.0s rss=3167MB hwm=3172MB
RSS_SAMPLE t=3044.2s rss=3167MB hwm=3172MB
RSS_SAMPLE t=3044.5s rss=3167MB hwm=3172MB
RSS_SAMPLE t=3044.7s rss=3167MB hwm=3172MB
RSS_SAMPLE t=3045.0s rss=3167MB hwm=3172MB
RSS_SAMPLE t=3045.2s rss=3167MB hwm=3172MB
RSS_SAMPLE t=3045.5s rss=3167MB hwm=3172MB
RSS_SAMPLE t=3045.7s rss=3167MB hwm=3172MB
RSS_SAMPLE t=3046.0s rss=3167MB hwm=3172MB
RSS_SAMPLE t=3046.2s rss=3167MB hwm=3172MB
RSS_SAMPLE t=3046.5s rss=3167MB hwm=3172MB
RSS_SAMPLE t=3046.7s rss=3167MB hwm=3172MB
RSS_SAMPLE t=3047.0s rss=3167MB hwm=3172MB
RSS_SAMPLE t=3047.2s rss=3167MB hwm=3172MB
RSS_SAMPLE t=3047.5s rss=3167MB hwm=3172MB
RSS_SAMPLE t=3047.7s rss=3167MB hwm=3172MB
RSS_SAMPLE t=3048.0s rss=3167MB hwm=3172MB
RSS_SAMPLE t=3048.2s rss=3167MB hwm=3172MB
RSS_SAMPLE t=3048.5s rss=3167MB hwm=3172MB
RSS_SAMPLE t=3048.7s rss=3167MB hwm=3172MB
RSS_SAMPLE t=3049.0s rss=3167MB hwm=3172MB
RSS_SAMPLE t=3049.2s rss=3167MB hwm=3172MB
RSS_SAMPLE t=3049.5s rss=3167MB hwm=3172MB
RSS_SAMPLE t=3049.7s rss=3167MB hwm=3172MB
RSS_SAMPLE t=3050.0s rss=3167MB hwm=3172MB
RSS_SAMPLE t=3050.2s rss=3167MB hwm=3172MB
RSS_SAMPLE t=3050.5s rss=3167MB hwm=3172MB
RSS_SAMPLE t=3050.7s rss=3167MB hwm=3172MB
RSS_SAMPLE t=3051.0s rss=3167MB hwm=3172MB
RSS_SAMPLE t=3051.2s rss=3167MB hwm=3172MB
RSS_SAMPLE t=3051.5s rss=3167MB hwm=3172MB
RSS_SAMPLE t=3051.7s rss=3167MB hwm=3172MB
RSS_SAMPLE t=3052.0s rss=3167MB hwm=3172MB
RSS_SAMPLE t=3052.2s rss=3167MB hwm=3172MB
RSS_SAMPLE t=3052.5s rss=3167MB hwm=3172MB
RSS_SAMPLE t=3052.7s rss=3167MB hwm=3172MB
RSS_SAMPLE t=3053.0s rss=3167MB hwm=3172MB
RSS_SAMPLE t=3053.2s rss=3167MB hwm=3172MB
RSS_SAMPLE t=3053.5s rss=3167MB hwm=3172MB
RSS_SAMPLE t=3053.7s rss=3167MB hwm=3172MB
RSS_SAMPLE t=3054.0s rss=3167MB hwm=3172MB
RSS_SAMPLE t=3054.2s rss=3167MB hwm=3172MB
RSS_SAMPLE t=3054.5s rss=3167MB hwm=3172MB
RSS_SAMPLE t=3054.7s rss=3167MB hwm=3172MB
RSS_SAMPLE t=3055.0s rss=3167MB hwm=3172MB
RSS_SAMPLE t=3055.2s rss=3167MB hwm=3172MB
RSS_SAMPLE t=3055.5s rss=3167MB hwm=3172MB
RSS_SAMPLE t=3055.7s rss=3167MB hwm=3172MB
RSS_SAMPLE t=3056.0s rss=3167MB hwm=3172MB
RSS_SAMPLE t=3056.2s rss=3167MB hwm=3172MB
RSS_SAMPLE t=3056.5s rss=3167MB hwm=3172MB
RSS_SAMPLE t=3056.7s rss=3167MB hwm=3172MB
RSS_SAMPLE t=3057.0s rss=3167MB hwm=3172MB
RSS_SAMPLE t=3057.2s rss=3167MB hwm=3172MB
RSS_SAMPLE t=3057.5s rss=3167MB hwm=3172MB
RSS_SAMPLE t=3057.7s rss=3167MB hwm=3172MB
RSS_SAMPLE t=3058.0s rss=3167MB hwm=3172MB
RSS_SAMPLE t=3058.2s rss=3167MB hwm=3172MB
RSS_SAMPLE t=3058.5s rss=3167MB hwm=3172MB
RSS_SAMPLE t=3058.7s rss=3167MB hwm=3172MB
RSS_SAMPLE t=3059.0s rss=3167MB hwm=3172MB
RSS_SAMPLE t=3059.2s rss=3167MB hwm=3172MB
RSS_SAMPLE t=3059.5s rss=3167MB hwm=3172MB
RSS_SAMPLE t=3059.7s rss=3167MB hwm=3172MB
RSS_SAMPLE t=3060.0s rss=3167MB hwm=3172MB
RSS_SAMPLE t=3060.2s rss=3167MB hwm=3172MB
RSS_SAMPLE t=3060.5s rss=3167MB hwm=3172MB
RSS_SAMPLE t=3060.7s rss=3167MB hwm=3172MB
RSS_SAMPLE t=3061.0s rss=3167MB hwm=3172MB
RSS_SAMPLE t=3061.2s rss=3167MB hwm=3172MB
RSS_SAMPLE t=3061.5s rss=3167MB hwm=3172MB
RSS_SAMPLE t=3061.8s rss=3167MB hwm=3172MB
RSS_SAMPLE t=3062.0s rss=3167MB hwm=3172MB
RSS_SAMPLE t=3062.3s rss=3167MB hwm=3172MB
RSS_SAMPLE t=3062.5s rss=3167MB hwm=3172MB
RSS_SAMPLE t=3062.8s rss=3167MB hwm=3172MB
RSS_SAMPLE t=3063.0s rss=3167MB hwm=3172MB
RSS_SAMPLE t=3063.3s rss=3167MB hwm=3172MB
RSS_SAMPLE t=3063.5s rss=3167MB hwm=3172MB
RSS_SAMPLE t=3063.8s rss=3167MB hwm=3172MB
RSS_SAMPLE t=3064.0s rss=3167MB hwm=3172MB
RSS_SAMPLE t=3064.3s rss=3167MB hwm=3172MB
RSS_SAMPLE t=3064.5s rss=3167MB hwm=3172MB
RSS_SAMPLE t=3064.8s rss=3167MB hwm=3172MB
RSS_SAMPLE t=3065.0s rss=3167MB hwm=3172MB
RSS_SAMPLE t=3065.3s rss=3167MB hwm=3172MB
RSS_SAMPLE t=3065.5s rss=3167MB hwm=3172MB
RSS_SAMPLE t=3065.8s rss=3167MB hwm=3172MB
RSS_SAMPLE t=3066.0s rss=3167MB hwm=3172MB
RSS_SAMPLE t=3066.3s rss=3167MB hwm=3172MB
RSS_SAMPLE t=3066.5s rss=3167MB hwm=3172MB
RSS_SAMPLE t=3066.8s rss=3167MB hwm=3172MB
RSS_SAMPLE t=3067.0s rss=3167MB hwm=3172MB
RSS_SAMPLE t=3067.3s rss=3167MB hwm=3172MB
RSS_SAMPLE t=3067.5s rss=3167MB hwm=3172MB
RSS_SAMPLE t=3067.8s rss=3167MB hwm=3172MB
RSS_SAMPLE t=3068.0s rss=3167MB hwm=3172MB
RSS_SAMPLE t=3068.3s rss=3167MB hwm=3172MB
RSS_SAMPLE t=3068.5s rss=3167MB hwm=3172MB
RSS_SAMPLE t=3068.8s rss=3167MB hwm=3172MB
RSS_SAMPLE t=3069.0s rss=3167MB hwm=3172MB
RSS_SAMPLE t=3069.3s rss=3167MB hwm=3172MB
RSS_SAMPLE t=3069.5s rss=3167MB hwm=3172MB
RSS_SAMPLE t=3069.8s rss=3167MB hwm=3172MB
RSS_SAMPLE t=3070.0s rss=3167MB hwm=3172MB
RSS_SAMPLE t=3070.3s rss=3167MB hwm=3172MB
RSS_SAMPLE t=3070.5s rss=3167MB hwm=3172MB
RSS_SAMPLE t=3070.8s rss=3167MB hwm=3172MB
RSS_SAMPLE t=3071.0s rss=3167MB hwm=3172MB
RSS_SAMPLE t=3071.3s rss=3167MB hwm=3172MB
RSS_SAMPLE t=3071.5s rss=3167MB hwm=3172MB
RSS_SAMPLE t=3071.8s rss=3167MB hwm=3172MB
RSS_SAMPLE t=3072.0s rss=3167MB hwm=3172MB
RSS_SAMPLE t=3072.3s rss=3167MB hwm=3172MB
RSS_SAMPLE t=3072.5s rss=3167MB hwm=3172MB
RSS_SAMPLE t=3072.8s rss=3167MB hwm=3172MB
RSS_SAMPLE t=3073.0s rss=3167MB hwm=3172MB
RSS_SAMPLE t=3073.3s rss=3167MB hwm=3172MB
RSS_SAMPLE t=3073.5s rss=3167MB hwm=3172MB
RSS_SAMPLE t=3073.8s rss=3167MB hwm=3172MB
RSS_SAMPLE t=3074.0s rss=3167MB hwm=3172MB
RSS_SAMPLE t=3074.3s rss=3167MB hwm=3172MB
RSS_SAMPLE t=3074.5s rss=3167MB hwm=3172MB
RSS_SAMPLE t=3074.8s rss=3167MB hwm=3172MB
RSS_SAMPLE t=3075.0s rss=3167MB hwm=3172MB
RSS_SAMPLE t=3075.3s rss=3167MB hwm=3172MB
RSS_SAMPLE t=3075.5s rss=3167MB hwm=3172MB
RSS_SAMPLE t=3075.8s rss=3167MB hwm=3172MB
RSS_SAMPLE t=3076.0s rss=3167MB hwm=3172MB
RSS_SAMPLE t=3076.3s rss=3167MB hwm=3172MB
RSS_SAMPLE t=3076.5s rss=3167MB hwm=3172MB
RSS_SAMPLE t=3076.8s rss=3167MB hwm=3172MB
RSS_SAMPLE t=3077.0s rss=3167MB hwm=3172MB
RSS_SAMPLE t=3077.3s rss=3167MB hwm=3172MB
RSS_SAMPLE t=3077.5s rss=3167MB hwm=3172MB
RSS_SAMPLE t=3077.8s rss=3167MB hwm=3172MB
RSS_SAMPLE t=3078.0s rss=3167MB hwm=3172MB
RSS_SAMPLE t=3078.3s rss=3167MB hwm=3172MB
RSS_SAMPLE t=3078.5s rss=3167MB hwm=3172MB
RSS_SAMPLE t=3078.8s rss=3167MB hwm=3172MB
RSS_SAMPLE t=3079.0s rss=3167MB hwm=3172MB
RSS_SAMPLE t=3079.3s rss=3167MB hwm=3172MB
RSS_SAMPLE t=3079.5s rss=3167MB hwm=3172MB
RSS_SAMPLE t=3079.8s rss=3167MB hwm=3172MB
RSS_SAMPLE t=3080.0s rss=3167MB hwm=3172MB
RSS_SAMPLE t=3080.3s rss=3167MB hwm=3172MB
RSS_SAMPLE t=3080.5s rss=3167MB hwm=3172MB
RSS_SAMPLE t=3080.8s rss=3167MB hwm=3172MB
RSS_SAMPLE t=3081.0s rss=3167MB hwm=3172MB
RSS_SAMPLE t=3081.3s rss=3167MB hwm=3172MB
RSS_SAMPLE t=3081.5s rss=3167MB hwm=3172MB
RSS_SAMPLE t=3081.8s rss=3167MB hwm=3172MB
RSS_SAMPLE t=3082.0s rss=3167MB hwm=3172MB
RSS_SAMPLE t=3082.3s rss=3167MB hwm=3172MB
RSS_SAMPLE t=3082.5s rss=3167MB hwm=3172MB
RSS_SAMPLE t=3082.8s rss=3167MB hwm=3172MB
RSS_SAMPLE t=3083.0s rss=3167MB hwm=3172MB
RSS_SAMPLE t=3083.3s rss=3167MB hwm=3172MB
RSS_SAMPLE t=3083.5s rss=3167MB hwm=3172MB
RSS_SAMPLE t=3083.8s rss=3167MB hwm=3172MB
RSS_SAMPLE t=3084.0s rss=3167MB hwm=3172MB
RSS_SAMPLE t=3084.3s rss=3167MB hwm=3172MB
RSS_SAMPLE t=3084.5s rss=3167MB hwm=3172MB
RSS_SAMPLE t=3084.8s rss=3167MB hwm=3172MB
RSS_SAMPLE t=3085.0s rss=3167MB hwm=3172MB
RSS_SAMPLE t=3085.3s rss=3167MB hwm=3172MB
RSS_SAMPLE t=3085.5s rss=3167MB hwm=3172MB
RSS_SAMPLE t=3085.8s rss=3167MB hwm=3172MB
RSS_SAMPLE t=3086.0s rss=3167MB hwm=3172MB
RSS_SAMPLE t=3086.3s rss=3167MB hwm=3172MB
RSS_SAMPLE t=3086.5s rss=3167MB hwm=3172MB
RSS_SAMPLE t=3086.8s rss=3167MB hwm=3172MB
RSS_SAMPLE t=3087.0s rss=3167MB hwm=3172MB
RSS_SAMPLE t=3087.3s rss=3167MB hwm=3172MB
RSS_SAMPLE t=3087.5s rss=3167MB hwm=3172MB
RSS_SAMPLE t=3087.8s rss=3167MB hwm=3172MB
RSS_SAMPLE t=3088.0s rss=3167MB hwm=3172MB
RSS_SAMPLE t=3088.3s rss=3167MB hwm=3172MB
RSS_SAMPLE t=3088.5s rss=3167MB hwm=3172MB
RSS_SAMPLE t=3088.8s rss=3167MB hwm=3172MB
RSS_SAMPLE t=3089.0s rss=3167MB hwm=3172MB
RSS_SAMPLE t=3089.3s rss=3167MB hwm=3172MB
RSS_SAMPLE t=3089.5s rss=3167MB hwm=3172MB
RSS_SAMPLE t=3089.8s rss=3167MB hwm=3172MB
RSS_SAMPLE t=3090.0s rss=3167MB hwm=3172MB
RSS_SAMPLE t=3090.3s rss=3167MB hwm=3172MB
RSS_SAMPLE t=3090.5s rss=3167MB hwm=3172MB
RSS_SAMPLE t=3090.8s rss=3167MB hwm=3172MB
RSS_SAMPLE t=3091.0s rss=3167MB hwm=3172MB
RSS_SAMPLE t=3091.3s rss=3167MB hwm=3172MB
RSS_SAMPLE t=3091.5s rss=3167MB hwm=3172MB
RSS_SAMPLE t=3091.8s rss=3167MB hwm=3172MB
RSS_SAMPLE t=3092.0s rss=3167MB hwm=3172MB
RSS_SAMPLE t=3092.3s rss=3167MB hwm=3172MB
RSS_SAMPLE t=3092.5s rss=3167MB hwm=3172MB
RSS_SAMPLE t=3092.8s rss=3167MB hwm=3172MB
RSS_SAMPLE t=3093.0s rss=3167MB hwm=3172MB
RSS_SAMPLE t=3093.3s rss=3167MB hwm=3172MB
RSS_SAMPLE t=3093.5s rss=3167MB hwm=3172MB
RSS_SAMPLE t=3093.8s rss=3167MB hwm=3172MB
RSS_SAMPLE t=3094.0s rss=3167MB hwm=3172MB
RSS_SAMPLE t=3094.3s rss=3167MB hwm=3172MB
RSS_SAMPLE t=3094.5s rss=3167MB hwm=3172MB
RSS_SAMPLE t=3094.8s rss=3167MB hwm=3172MB
RSS_SAMPLE t=3095.0s rss=3167MB hwm=3172MB
RSS_SAMPLE t=3095.3s rss=3167MB hwm=3172MB
RSS_SAMPLE t=3095.5s rss=3167MB hwm=3172MB
RSS_SAMPLE t=3095.8s rss=3167MB hwm=3172MB
RSS_SAMPLE t=3096.0s rss=3167MB hwm=3172MB
RSS_SAMPLE t=3096.3s rss=3167MB hwm=3172MB
RSS_SAMPLE t=3096.5s rss=3167MB hwm=3172MB
RSS_SAMPLE t=3096.8s rss=3167MB hwm=3172MB
RSS_SAMPLE t=3097.0s rss=3167MB hwm=3172MB
RSS_SAMPLE t=3097.3s rss=3167MB hwm=3172MB
RSS_SAMPLE t=3097.5s rss=3167MB hwm=3172MB
RSS_SAMPLE t=3097.8s rss=3167MB hwm=3172MB
RSS_SAMPLE t=3098.0s rss=3167MB hwm=3172MB
RSS_SAMPLE t=3098.3s rss=3167MB hwm=3172MB
RSS_SAMPLE t=3098.5s rss=3167MB hwm=3172MB
RSS_SAMPLE t=3098.8s rss=3167MB hwm=3172MB
RSS_SAMPLE t=3099.0s rss=3167MB hwm=3172MB
RSS_SAMPLE t=3099.3s rss=3167MB hwm=3172MB
RSS_SAMPLE t=3099.5s rss=3167MB hwm=3172MB
RSS_SAMPLE t=3099.8s rss=3167MB hwm=3172MB
RSS_SAMPLE t=3100.0s rss=3167MB hwm=3172MB
RSS_SAMPLE t=3100.3s rss=3167MB hwm=3172MB
RSS_SAMPLE t=3100.5s rss=3167MB hwm=3172MB
RSS_SAMPLE t=3100.8s rss=3167MB hwm=3172MB
RSS_SAMPLE t=3101.0s rss=3167MB hwm=3172MB
RSS_SAMPLE t=3101.3s rss=3167MB hwm=3172MB
RSS_SAMPLE t=3101.5s rss=3167MB hwm=3172MB
RSS_SAMPLE t=3101.8s rss=3167MB hwm=3172MB
RSS_SAMPLE t=3102.0s rss=3167MB hwm=3172MB
RSS_SAMPLE t=3102.3s rss=3167MB hwm=3172MB
RSS_SAMPLE t=3102.5s rss=3167MB hwm=3172MB
RSS_SAMPLE t=3102.8s rss=3167MB hwm=3172MB
RSS_SAMPLE t=3103.0s rss=3167MB hwm=3172MB
RSS_SAMPLE t=3103.3s rss=3167MB hwm=3172MB
RSS_SAMPLE t=3103.5s rss=3167MB hwm=3172MB
RSS_SAMPLE t=3103.8s rss=3167MB hwm=3172MB
RSS_SAMPLE t=3104.0s rss=3167MB hwm=3172MB
RSS_SAMPLE t=3104.3s rss=3167MB hwm=3172MB
RSS_SAMPLE t=3104.5s rss=3167MB hwm=3172MB
RSS_SAMPLE t=3104.8s rss=3167MB hwm=3172MB
RSS_SAMPLE t=3105.0s rss=3167MB hwm=3172MB
RSS_SAMPLE t=3105.3s rss=3167MB hwm=3172MB
RSS_SAMPLE t=3105.5s rss=3167MB hwm=3172MB
RSS_SAMPLE t=3105.8s rss=3167MB hwm=3172MB
RSS_SAMPLE t=3106.0s rss=3167MB hwm=3172MB
RSS_SAMPLE t=3106.3s rss=3167MB hwm=3172MB
RSS_SAMPLE t=3106.5s rss=3167MB hwm=3172MB
RSS_SAMPLE t=3106.8s rss=3167MB hwm=3172MB
RSS_SAMPLE t=3107.0s rss=3167MB hwm=3172MB
RSS_SAMPLE t=3107.3s rss=3167MB hwm=3172MB
RSS_SAMPLE t=3107.5s rss=3167MB hwm=3172MB
RSS_SAMPLE t=3107.8s rss=3167MB hwm=3172MB
RSS_SAMPLE t=3108.0s rss=3167MB hwm=3172MB
RSS_SAMPLE t=3108.3s rss=3167MB hwm=3172MB
RSS_SAMPLE t=3108.5s rss=3167MB hwm=3172MB
RSS_SAMPLE t=3108.8s rss=3167MB hwm=3172MB
RSS_SAMPLE t=3109.0s rss=3167MB hwm=3172MB
RSS_SAMPLE t=3109.3s rss=3167MB hwm=3172MB
RSS_SAMPLE t=3109.5s rss=3167MB hwm=3172MB
RSS_SAMPLE t=3109.8s rss=3167MB hwm=3172MB
RSS_SAMPLE t=3110.0s rss=3167MB hwm=3172MB
RSS_SAMPLE t=3110.3s rss=3167MB hwm=3172MB
RSS_SAMPLE t=3110.5s rss=3167MB hwm=3172MB
RSS_SAMPLE t=3110.8s rss=3167MB hwm=3172MB
RSS_SAMPLE t=3111.0s rss=3167MB hwm=3172MB
RSS_SAMPLE t=3111.3s rss=3167MB hwm=3172MB
RSS_SAMPLE t=3111.5s rss=3167MB hwm=3172MB
RSS_SAMPLE t=3111.8s rss=3167MB hwm=3172MB
RSS_SAMPLE t=3112.0s rss=3167MB hwm=3172MB
RSS_SAMPLE t=3112.3s rss=3167MB hwm=3172MB
RSS_SAMPLE t=3112.5s rss=3167MB hwm=3172MB
RSS_SAMPLE t=3112.8s rss=3167MB hwm=3172MB
RSS_SAMPLE t=3113.0s rss=3167MB hwm=3172MB
RSS_SAMPLE t=3113.3s rss=3167MB hwm=3172MB
RSS_SAMPLE t=3113.5s rss=3167MB hwm=3172MB
RSS_SAMPLE t=3113.8s rss=3167MB hwm=3172MB
RSS_SAMPLE t=3114.0s rss=3167MB hwm=3172MB
RSS_SAMPLE t=3114.3s rss=3167MB hwm=3172MB
RSS_SAMPLE t=3114.5s rss=3167MB hwm=3172MB
RSS_SAMPLE t=3114.8s rss=3167MB hwm=3172MB
RSS_SAMPLE t=3115.0s rss=3167MB hwm=3172MB
RSS_SAMPLE t=3115.3s rss=3167MB hwm=3172MB
RSS_SAMPLE t=3115.5s rss=3167MB hwm=3172MB
RSS_SAMPLE t=3115.8s rss=3167MB hwm=3172MB
RSS_SAMPLE t=3116.0s rss=3167MB hwm=3172MB
RSS_SAMPLE t=3116.3s rss=3167MB hwm=3172MB
RSS_SAMPLE t=3116.5s rss=3167MB hwm=3172MB
RSS_SAMPLE t=3116.8s rss=3167MB hwm=3172MB
RSS_SAMPLE t=3117.0s rss=3167MB hwm=3172MB
RSS_SAMPLE t=3117.3s rss=3167MB hwm=3172MB
RSS_SAMPLE t=3117.5s rss=3167MB hwm=3172MB
RSS_SAMPLE t=3117.8s rss=3167MB hwm=3172MB
RSS_SAMPLE t=3118.0s rss=3167MB hwm=3172MB
RSS_SAMPLE t=3118.3s rss=3167MB hwm=3172MB
RSS_SAMPLE t=3118.5s rss=3167MB hwm=3172MB
RSS_SAMPLE t=3118.8s rss=3167MB hwm=3172MB
RSS_SAMPLE t=3119.0s rss=3167MB hwm=3172MB
RSS_SAMPLE t=3119.3s rss=3167MB hwm=3172MB
RSS_SAMPLE t=3119.5s rss=3167MB hwm=3172MB
RSS_SAMPLE t=3119.8s rss=3167MB hwm=3172MB
RSS_SAMPLE t=3120.0s rss=3167MB hwm=3172MB
RSS_SAMPLE t=3120.3s rss=3167MB hwm=3172MB
RSS_SAMPLE t=3120.5s rss=3167MB hwm=3172MB
RSS_SAMPLE t=3120.8s rss=3167MB hwm=3172MB
RSS_SAMPLE t=3121.0s rss=3167MB hwm=3172MB
RSS_SAMPLE t=3121.3s rss=3167MB hwm=3172MB
RSS_SAMPLE t=3121.5s rss=3167MB hwm=3172MB
RSS_SAMPLE t=3121.8s rss=3167MB hwm=3172MB
RSS_SAMPLE t=3122.0s rss=3167MB hwm=3172MB
RSS_SAMPLE t=3122.3s rss=3167MB hwm=3172MB
RSS_SAMPLE t=3122.5s rss=3167MB hwm=3172MB
RSS_SAMPLE t=3122.8s rss=3167MB hwm=3172MB
RSS_SAMPLE t=3123.0s rss=3167MB hwm=3172MB
RSS_SAMPLE t=3123.3s rss=3167MB hwm=3172MB
RSS_SAMPLE t=3123.5s rss=3167MB hwm=3172MB
RSS_SAMPLE t=3123.8s rss=3167MB hwm=3172MB
RSS_SAMPLE t=3124.0s rss=3167MB hwm=3172MB
RSS_SAMPLE t=3124.3s rss=3167MB hwm=3172MB
RSS_SAMPLE t=3124.5s rss=3167MB hwm=3172MB
RSS_SAMPLE t=3124.8s rss=3167MB hwm=3172MB
RSS_SAMPLE t=3125.0s rss=3167MB hwm=3172MB
RSS_SAMPLE t=3125.3s rss=3167MB hwm=3172MB
RSS_SAMPLE t=3125.5s rss=3167MB hwm=3172MB
RSS_SAMPLE t=3125.8s rss=3167MB hwm=3172MB
RSS_SAMPLE t=3126.0s rss=3167MB hwm=3172MB
RSS_SAMPLE t=3126.3s rss=3167MB hwm=3172MB
RSS_SAMPLE t=3126.5s rss=3167MB hwm=3172MB
RSS_SAMPLE t=3126.8s rss=3167MB hwm=3172MB
RSS_SAMPLE t=3127.0s rss=3167MB hwm=3172MB
RSS_SAMPLE t=3127.3s rss=3167MB hwm=3172MB
RSS_SAMPLE t=3127.5s rss=3167MB hwm=3172MB
RSS_SAMPLE t=3127.8s rss=3167MB hwm=3172MB
RSS_SAMPLE t=3128.0s rss=3167MB hwm=3172MB
RSS_SAMPLE t=3128.3s rss=3167MB hwm=3172MB
RSS_SAMPLE t=3128.5s rss=3167MB hwm=3172MB
RSS_SAMPLE t=3128.8s rss=3167MB hwm=3172MB
RSS_SAMPLE t=3129.0s rss=3167MB hwm=3172MB
RSS_SAMPLE t=3129.3s rss=3167MB hwm=3172MB
RSS_SAMPLE t=3129.5s rss=3167MB hwm=3172MB
RSS_SAMPLE t=3129.8s rss=3167MB hwm=3172MB
RSS_SAMPLE t=3130.0s rss=3167MB hwm=3172MB
RSS_SAMPLE t=3130.3s rss=3167MB hwm=3172MB
RSS_SAMPLE t=3130.5s rss=3167MB hwm=3172MB
RSS_SAMPLE t=3130.8s rss=3167MB hwm=3172MB
RSS_SAMPLE t=3131.0s rss=3167MB hwm=3172MB
RSS_SAMPLE t=3131.3s rss=3167MB hwm=3172MB
RSS_SAMPLE t=3131.5s rss=3167MB hwm=3172MB
RSS_SAMPLE t=3131.8s rss=3167MB hwm=3172MB
RSS_SAMPLE t=3132.0s rss=3167MB hwm=3172MB
RSS_SAMPLE t=3132.3s rss=3167MB hwm=3172MB
RSS_SAMPLE t=3132.5s rss=3167MB hwm=3172MB
RSS_SAMPLE t=3132.8s rss=3167MB hwm=3172MB
RSS_SAMPLE t=3133.0s rss=3167MB hwm=3172MB
RSS_SAMPLE t=3133.3s rss=3167MB hwm=3172MB
RSS_SAMPLE t=3133.5s rss=3167MB hwm=3172MB
RSS_SAMPLE t=3133.8s rss=3167MB hwm=3172MB
RSS_SAMPLE t=3134.0s rss=3167MB hwm=3172MB
RSS_SAMPLE t=3134.3s rss=3167MB hwm=3172MB
RSS_SAMPLE t=3134.5s rss=3167MB hwm=3172MB
RSS_SAMPLE t=3134.8s rss=3167MB hwm=3172MB
RSS_SAMPLE t=3135.0s rss=3167MB hwm=3172MB
RSS_SAMPLE t=3135.3s rss=3167MB hwm=3172MB
RSS_SAMPLE t=3135.5s rss=3167MB hwm=3172MB
RSS_SAMPLE t=3135.8s rss=3167MB hwm=3172MB
RSS_SAMPLE t=3136.0s rss=3167MB hwm=3172MB
RSS_SAMPLE t=3136.3s rss=3167MB hwm=3172MB
RSS_SAMPLE t=3136.5s rss=3167MB hwm=3172MB
RSS_SAMPLE t=3136.8s rss=3167MB hwm=3172MB
RSS_SAMPLE t=3137.0s rss=3167MB hwm=3172MB
RSS_SAMPLE t=3137.3s rss=3167MB hwm=3172MB
RSS_SAMPLE t=3137.5s rss=3167MB hwm=3172MB
RSS_SAMPLE t=3137.8s rss=3167MB hwm=3172MB
RSS_SAMPLE t=3138.0s rss=3167MB hwm=3172MB
RSS_SAMPLE t=3138.3s rss=3167MB hwm=3172MB
RSS_SAMPLE t=3138.5s rss=3167MB hwm=3172MB
RSS_SAMPLE t=3138.8s rss=3167MB hwm=3172MB
RSS_SAMPLE t=3139.0s rss=3167MB hwm=3172MB
RSS_SAMPLE t=3139.3s rss=3167MB hwm=3172MB
RSS_SAMPLE t=3139.5s rss=3167MB hwm=3172MB
RSS_SAMPLE t=3139.8s rss=3167MB hwm=3172MB
RSS_SAMPLE t=3140.0s rss=3167MB hwm=3172MB
RSS_SAMPLE t=3140.3s rss=3167MB hwm=3172MB
RSS_SAMPLE t=3140.5s rss=3167MB hwm=3172MB
RSS_SAMPLE t=3140.8s rss=3167MB hwm=3172MB
RSS_SAMPLE t=3141.0s rss=3167MB hwm=3172MB
RSS_SAMPLE t=3141.3s rss=3167MB hwm=3172MB
RSS_SAMPLE t=3141.5s rss=3167MB hwm=3172MB
RSS_SAMPLE t=3141.8s rss=3167MB hwm=3172MB
RSS_SAMPLE t=3142.0s rss=3167MB hwm=3172MB
RSS_SAMPLE t=3142.3s rss=3167MB hwm=3172MB
RSS_SAMPLE t=3142.5s rss=3167MB hwm=3172MB
RSS_SAMPLE t=3142.8s rss=3167MB hwm=3172MB
RSS_SAMPLE t=3143.0s rss=3167MB hwm=3172MB
RSS_SAMPLE t=3143.3s rss=3167MB hwm=3172MB
RSS_SAMPLE t=3143.5s rss=3167MB hwm=3172MB
RSS_SAMPLE t=3143.8s rss=3167MB hwm=3172MB
RSS_SAMPLE t=3144.1s rss=3167MB hwm=3172MB
RSS_SAMPLE t=3144.3s rss=3167MB hwm=3172MB
RSS_SAMPLE t=3144.6s rss=3167MB hwm=3172MB
RSS_SAMPLE t=3144.8s rss=3167MB hwm=3172MB
RSS_SAMPLE t=3145.1s rss=3167MB hwm=3172MB
RSS_SAMPLE t=3145.3s rss=3167MB hwm=3172MB
RSS_SAMPLE t=3145.6s rss=3167MB hwm=3172MB
RSS_SAMPLE t=3145.8s rss=3167MB hwm=3172MB
RSS_SAMPLE t=3146.1s rss=3167MB hwm=3172MB
RSS_SAMPLE t=3146.3s rss=3167MB hwm=3172MB
RSS_SAMPLE t=3146.6s rss=3167MB hwm=3172MB
RSS_SAMPLE t=3146.8s rss=3167MB hwm=3172MB
RSS_SAMPLE t=3147.1s rss=3167MB hwm=3172MB
RSS_SAMPLE t=3147.3s rss=3167MB hwm=3172MB
RSS_SAMPLE t=3147.6s rss=3167MB hwm=3172MB
RSS_SAMPLE t=3147.8s rss=3167MB hwm=3172MB
RSS_SAMPLE t=3148.1s rss=3167MB hwm=3172MB
RSS_SAMPLE t=3148.3s rss=3167MB hwm=3172MB
RSS_SAMPLE t=3148.6s rss=3167MB hwm=3172MB
RSS_SAMPLE t=3148.8s rss=3167MB hwm=3172MB
RSS_SAMPLE t=3149.1s rss=3167MB hwm=3172MB
RSS_SAMPLE t=3149.3s rss=3167MB hwm=3172MB
RSS_SAMPLE t=3149.6s rss=3167MB hwm=3172MB
RSS_SAMPLE t=3149.8s rss=3167MB hwm=3172MB
RSS_SAMPLE t=3150.1s rss=3167MB hwm=3172MB
RSS_SAMPLE t=3150.3s rss=3167MB hwm=3172MB
RSS_SAMPLE t=3150.6s rss=3167MB hwm=3172MB
RSS_SAMPLE t=3150.8s rss=3167MB hwm=3172MB
RSS_SAMPLE t=3151.1s rss=3167MB hwm=3172MB
RSS_SAMPLE t=3151.3s rss=3167MB hwm=3172MB
RSS_SAMPLE t=3151.6s rss=3167MB hwm=3172MB
RSS_SAMPLE t=3151.8s rss=3167MB hwm=3172MB
RSS_SAMPLE t=3152.1s rss=3167MB hwm=3172MB
RSS_SAMPLE t=3152.3s rss=3167MB hwm=3172MB
RSS_SAMPLE t=3152.6s rss=3167MB hwm=3172MB
RSS_SAMPLE t=3152.8s rss=3167MB hwm=3172MB
RSS_SAMPLE t=3153.1s rss=3167MB hwm=3172MB
RSS_SAMPLE t=3153.3s rss=3167MB hwm=3172MB
RSS_SAMPLE t=3153.6s rss=3167MB hwm=3172MB
RSS_SAMPLE t=3153.8s rss=3167MB hwm=3172MB
RSS_SAMPLE t=3154.1s rss=3167MB hwm=3172MB
RSS_SAMPLE t=3154.3s rss=3167MB hwm=3172MB
RSS_SAMPLE t=3154.6s rss=3167MB hwm=3172MB
RSS_SAMPLE t=3154.8s rss=3167MB hwm=3172MB
RSS_SAMPLE t=3155.1s rss=3167MB hwm=3172MB
RSS_SAMPLE t=3155.3s rss=3167MB hwm=3172MB
RSS_SAMPLE t=3155.6s rss=3167MB hwm=3172MB
RSS_SAMPLE t=3155.8s rss=3167MB hwm=3172MB
RSS_SAMPLE t=3156.1s rss=3167MB hwm=3172MB
RSS_SAMPLE t=3156.3s rss=3167MB hwm=3172MB
RSS_SAMPLE t=3156.6s rss=3167MB hwm=3172MB
RSS_SAMPLE t=3156.8s rss=3167MB hwm=3172MB
MEM_POOL: workspaces=8 dense_usage_mb=313 n_pipes=2562403
    post_solve_diag[outer=19]: solves=105117 cap_armed=105117 (100.0%) settle_avg=4035 above_sink_avg=200 (5.0%) settle_max=69353
    settle_hist[outer=19]: <100: 24794nets/0.3%work  <1k: 31446nets/2.5%work  <5k: 24959nets/15.5%work  <20k: 18810nets/45.1%work  <60k: 5075nets/36.1%work  >=60k: 33nets/0.5%work
    fanout_hist[outer=19]: fan1: 43710nets/13.9%work  fan2-4: 48279nets/49.6%work  fan5-16: 12974nets/35.4%work  fan17-64: 154nets/1.0%work  fan65-256: 0nets/0.0%work  fan>256: 0nets/0.0%work
    rss_probe[outer=19]: pre_post_solve=3167MB post_post_solve=3167MB after_apply=3167MB
    E_decomp: base=8660811.7 eff=72664539491434.7 cong=72664530830623.0 cong_share=100.0% sat_pipes=302287 max_util=957.59  R_buckets: 1-2x=1496023 2-10x=345805 10-100x=185058 >=100x=535517
    E_potential: beckmann=43580442009708.2 history_total=0.0
    SpanCache: epoch=20 entries=1330 lookups=2562403 hits=2561073 misses=1330 hit_rate=99.9%
  DCD  19: nets=105117 line=9710765 energy=6347725815.619 dE=+4831481636.432 friction=3212579.3 bins=2.0x(254) excess=85.9 moved=68650 disp=3.595 solves=105117 skip=105117 pops=424194455 theta=5.000 refresh=115562ms dcd=8218ms total=126590ms
    cache_stats: entries=58341362 capacity=127531222 est_mb=1099 rss_mb=3167
DCD done: energy=6347725815.619 line=9710765 friction=3212579.3 bins=2.0x(254) excess=85.9
MuxSlotTracker: 22359 commit rejections over entire DCD
MuxSlotTracker[post-DCD]: populated_cells=68650, overflow_tiles=0, at_cap_tiles=129, peak_excess=0, capacity_hist={16:67346}
RSS_SAMPLE t=3157.1s rss=2815MB hwm=3172MB
Pre-legalization: HPWL=7554633
  type DFF: 302 valid columns, 1077536 total BELs
  type LUT6: 302 valid columns, 538768 total BELs
TypeAwarePlacement: 2 cell types
RSS_SAMPLE t=3157.3s rss=2395MB hwm=3172MB
RSS_SAMPLE t=3157.6s rss=2395MB hwm=3172MB
RSS_SAMPLE t=3157.8s rss=2395MB hwm=3172MB
RSS_SAMPLE t=3158.1s rss=2395MB hwm=3172MB
RSS_SAMPLE t=3158.3s rss=2395MB hwm=3172MB
RSS_SAMPLE t=3158.6s rss=2395MB hwm=3172MB
  SortedLegalizer: cluster_rejects=95120 shared_mux_rejects=5003081 arch_validity_rejects=0
RSS_SAMPLE t=3158.8s rss=2321MB hwm=3172MB
Post-legalization: HPWL=7400137, line=9756788
Per-net HPWL: 105118 nets, total=7400137
  #0: hpwl=531 fanout=93000 (0.0%)
  #1: hpwl=528 fanout=9 (0.0%)
  #2: hpwl=523 fanout=5 (0.0%)
  #3: hpwl=523 fanout=9 (0.0%)
  #4: hpwl=522 fanout=6 (0.0%)
  #5: hpwl=522 fanout=9 (0.0%)
  #6: hpwl=520 fanout=20 (0.0%)
  #7: hpwl=515 fanout=13 (0.0%)
  #8: hpwl=515 fanout=21 (0.0%)
  #9: hpwl=515 fanout=7 (0.0%)
  50% of HPWL from top 13544 nets (of 105118)
RSS_SAMPLE t=3159.1s rss=1230MB hwm=3172MB
