Running scope as unit: run-rc85812ad6e124360982dc7fac258f3d3.scope
chipdb: /home/kelvin/side-project/eisenjoch/chip_database/xc7_large.bin
design: /home/kelvin/side-project/eisenjoch/benchmark/ispd/generated/2016/FPGA01/FPGA01.json
RSS_SAMPLE t=0.0s rss=3MB hwm=3MB
RSS_SAMPLE t=0.3s rss=434MB hwm=434MB
RSS_SAMPLE t=0.5s rss=715MB hwm=715MB
RSS_SAMPLE t=0.8s rss=824MB hwm=824MB
RSS_SAMPLE t=1.0s rss=818MB hwm=823MB
RSS_SAMPLE t=1.3s rss=818MB hwm=823MB
RSS_SAMPLE t=1.5s rss=820MB hwm=823MB
cfg: max_outer_iters=20 blend_alpha=0.5 hardening_step=0 graph_model=TwoLevelPip
  topological compress: density=0.60 target_tiles=15971 final_tiles=15777 scale=1.851 center=(205.1,111.0)
  topological init: n_movable=76660, n_edges=229053, max_layer=26775, back_edges=54022, n_anchored=0
RSS_SAMPLE t=1.8s rss=820MB hwm=823MB
RSS_SAMPLE t=2.0s rss=820MB hwm=823MB
RSS_SAMPLE t=2.3s rss=820MB hwm=823MB
RSS_SAMPLE t=2.5s rss=820MB hwm=823MB
RSS_SAMPLE t=2.8s rss=820MB hwm=823MB
RSS_SAMPLE t=3.0s rss=820MB hwm=823MB
RSS_SAMPLE t=3.3s rss=820MB hwm=823MB
RSS_SAMPLE t=3.5s rss=820MB hwm=823MB
RSS_SAMPLE t=3.8s rss=820MB hwm=823MB
RSS_SAMPLE t=4.0s rss=820MB hwm=823MB
RSS_SAMPLE t=4.3s rss=820MB hwm=823MB
RSS_SAMPLE t=4.5s rss=820MB hwm=823MB
RSS_SAMPLE t=4.8s rss=820MB hwm=823MB
RSS_SAMPLE t=5.0s rss=820MB hwm=823MB
RSS_SAMPLE t=5.3s rss=820MB hwm=823MB
RSS_SAMPLE t=5.5s rss=820MB hwm=823MB
RSS_SAMPLE t=5.8s rss=820MB hwm=823MB
RSS_SAMPLE t=6.0s rss=820MB hwm=823MB
RSS_SAMPLE t=6.3s rss=820MB hwm=823MB
RSS_SAMPLE t=6.5s rss=820MB hwm=823MB
RSS_SAMPLE t=6.8s rss=820MB hwm=823MB
RSS_SAMPLE t=7.0s rss=820MB hwm=823MB
RSS_SAMPLE t=7.3s rss=820MB hwm=823MB
RSS_SAMPLE t=7.5s rss=820MB hwm=823MB
RSS_SAMPLE t=7.8s rss=820MB hwm=823MB
RSS_SAMPLE t=8.0s rss=820MB hwm=823MB
RSS_SAMPLE t=8.3s rss=820MB hwm=823MB
RSS_SAMPLE t=8.5s rss=820MB hwm=823MB
RSS_SAMPLE t=8.8s rss=820MB hwm=823MB
RSS_SAMPLE t=9.0s rss=820MB hwm=823MB
RSS_SAMPLE t=9.3s rss=820MB hwm=823MB
RSS_SAMPLE t=9.5s rss=820MB hwm=823MB
RSS_SAMPLE t=9.8s rss=820MB hwm=823MB
RSS_SAMPLE t=10.0s rss=820MB hwm=823MB
RSS_SAMPLE t=10.3s rss=820MB hwm=823MB
RSS_SAMPLE t=10.5s rss=820MB hwm=823MB
RSS_SAMPLE t=10.8s rss=820MB hwm=823MB
RSS_SAMPLE t=11.0s rss=820MB hwm=823MB
RSS_SAMPLE t=11.3s rss=820MB hwm=823MB
RSS_SAMPLE t=11.5s rss=820MB hwm=823MB
RSS_SAMPLE t=11.8s rss=820MB hwm=823MB
RSS_SAMPLE t=12.0s rss=820MB hwm=823MB
RSS_SAMPLE t=12.3s rss=820MB hwm=823MB
RSS_SAMPLE t=12.5s rss=820MB hwm=823MB
RSS_SAMPLE t=12.8s rss=820MB hwm=823MB
RSS_SAMPLE t=13.0s rss=820MB hwm=823MB
RSS_SAMPLE t=13.3s rss=820MB hwm=823MB
RSS_SAMPLE t=13.5s rss=820MB hwm=823MB
RSS_SAMPLE t=13.8s rss=820MB hwm=823MB
RSS_SAMPLE t=14.0s rss=820MB hwm=823MB
RSS_SAMPLE t=14.3s rss=820MB hwm=823MB
RSS_SAMPLE t=14.5s rss=820MB hwm=823MB
RSS_SAMPLE t=14.8s rss=820MB hwm=823MB
RSS_SAMPLE t=15.0s rss=820MB hwm=823MB
RSS_SAMPLE t=15.3s rss=820MB hwm=823MB
RSS_SAMPLE t=15.5s rss=820MB hwm=823MB
RSS_SAMPLE t=15.8s rss=820MB hwm=823MB
RSS_SAMPLE t=16.0s rss=820MB hwm=823MB
RSS_SAMPLE t=16.3s rss=820MB hwm=823MB
RSS_SAMPLE t=16.5s rss=820MB hwm=823MB
RSS_SAMPLE t=16.8s rss=820MB hwm=823MB
RSS_SAMPLE t=17.0s rss=820MB hwm=823MB
RSS_SAMPLE t=17.3s rss=820MB hwm=823MB
RSS_SAMPLE t=17.5s rss=820MB hwm=823MB
RSS_SAMPLE t=17.8s rss=820MB hwm=823MB
RSS_SAMPLE t=18.0s rss=820MB hwm=823MB
RSS_SAMPLE t=18.3s rss=820MB hwm=823MB
RSS_SAMPLE t=18.5s rss=820MB hwm=823MB
RSS_SAMPLE t=18.8s rss=820MB hwm=823MB
RSS_SAMPLE t=19.0s rss=820MB hwm=823MB
RSS_SAMPLE t=19.3s rss=820MB hwm=823MB
RSS_SAMPLE t=19.5s rss=820MB hwm=823MB
RSS_SAMPLE t=19.8s rss=820MB hwm=823MB
RSS_SAMPLE t=20.0s rss=820MB hwm=823MB
RSS_SAMPLE t=20.3s rss=820MB hwm=823MB
RSS_SAMPLE t=20.5s rss=820MB hwm=823MB
RSS_SAMPLE t=20.8s rss=820MB hwm=823MB
RSS_SAMPLE t=21.0s rss=820MB hwm=823MB
RSS_SAMPLE t=21.3s rss=820MB hwm=823MB
RSS_SAMPLE t=21.5s rss=820MB hwm=823MB
RSS_SAMPLE t=21.8s rss=820MB hwm=823MB
RSS_SAMPLE t=22.0s rss=820MB hwm=823MB
RSS_SAMPLE t=22.3s rss=820MB hwm=823MB
RSS_SAMPLE t=22.5s rss=820MB hwm=823MB
RSS_SAMPLE t=22.8s rss=820MB hwm=823MB
RSS_SAMPLE t=23.0s rss=820MB hwm=823MB
RSS_SAMPLE t=23.3s rss=820MB hwm=823MB
RSS_SAMPLE t=23.5s rss=820MB hwm=823MB
RSS_SAMPLE t=23.8s rss=820MB hwm=823MB
RSS_SAMPLE t=24.0s rss=820MB hwm=823MB
RSS_SAMPLE t=24.3s rss=820MB hwm=823MB
RSS_SAMPLE t=24.5s rss=820MB hwm=823MB
RSS_SAMPLE t=24.8s rss=820MB hwm=823MB
RSS_SAMPLE t=25.0s rss=820MB hwm=823MB
RSS_SAMPLE t=25.3s rss=820MB hwm=823MB
RSS_SAMPLE t=25.5s rss=820MB hwm=823MB
RSS_SAMPLE t=25.8s rss=820MB hwm=823MB
RSS_SAMPLE t=26.0s rss=820MB hwm=823MB
RSS_SAMPLE t=26.3s rss=820MB hwm=823MB
RSS_SAMPLE t=26.5s rss=820MB hwm=823MB
RSS_SAMPLE t=26.8s rss=820MB hwm=823MB
RSS_SAMPLE t=27.0s rss=820MB hwm=823MB
RSS_SAMPLE t=27.3s rss=820MB hwm=823MB
RSS_SAMPLE t=27.5s rss=820MB hwm=823MB
RSS_SAMPLE t=27.8s rss=820MB hwm=823MB
RSS_SAMPLE t=28.0s rss=820MB hwm=823MB
RSS_SAMPLE t=28.3s rss=820MB hwm=823MB
RSS_SAMPLE t=28.5s rss=820MB hwm=823MB
RSS_SAMPLE t=28.8s rss=820MB hwm=823MB
RSS_SAMPLE t=29.0s rss=820MB hwm=823MB
RSS_SAMPLE t=29.3s rss=820MB hwm=823MB
RSS_SAMPLE t=29.5s rss=820MB hwm=823MB
RSS_SAMPLE t=29.8s rss=820MB hwm=823MB
RSS_SAMPLE t=30.0s rss=820MB hwm=823MB
RSS_SAMPLE t=30.3s rss=820MB hwm=823MB
RSS_SAMPLE t=30.5s rss=820MB hwm=823MB
RSS_SAMPLE t=30.8s rss=820MB hwm=823MB
RSS_SAMPLE t=31.0s rss=820MB hwm=823MB
RSS_SAMPLE t=31.3s rss=820MB hwm=823MB
RSS_SAMPLE t=31.5s rss=820MB hwm=823MB
RSS_SAMPLE t=31.8s rss=820MB hwm=823MB
RSS_SAMPLE t=32.0s rss=820MB hwm=823MB
RSS_SAMPLE t=32.3s rss=820MB hwm=823MB
RSS_SAMPLE t=32.5s rss=820MB hwm=823MB
RSS_SAMPLE t=32.8s rss=820MB hwm=823MB
RSS_SAMPLE t=33.0s rss=820MB hwm=823MB
RSS_SAMPLE t=33.3s rss=820MB hwm=823MB
RSS_SAMPLE t=33.5s rss=820MB hwm=823MB
RSS_SAMPLE t=33.8s rss=820MB hwm=823MB
RSS_SAMPLE t=34.0s rss=820MB hwm=823MB
RSS_SAMPLE t=34.3s rss=820MB hwm=823MB
RSS_SAMPLE t=34.5s rss=820MB hwm=823MB
RSS_SAMPLE t=34.8s rss=820MB hwm=823MB
RSS_SAMPLE t=35.0s rss=820MB hwm=823MB
RSS_SAMPLE t=35.3s rss=820MB hwm=823MB
RSS_SAMPLE t=35.5s rss=820MB hwm=823MB
RSS_SAMPLE t=35.8s rss=820MB hwm=823MB
RSS_SAMPLE t=36.0s rss=820MB hwm=823MB
RSS_SAMPLE t=36.3s rss=820MB hwm=823MB
RSS_SAMPLE t=36.5s rss=820MB hwm=823MB
RSS_SAMPLE t=36.8s rss=820MB hwm=823MB
RSS_SAMPLE t=37.0s rss=820MB hwm=823MB
RSS_SAMPLE t=37.3s rss=820MB hwm=823MB
RSS_SAMPLE t=37.5s rss=820MB hwm=823MB
RSS_SAMPLE t=37.8s rss=820MB hwm=823MB
RSS_SAMPLE t=38.0s rss=820MB hwm=823MB
RSS_SAMPLE t=38.3s rss=820MB hwm=823MB
RSS_SAMPLE t=38.5s rss=820MB hwm=823MB
RSS_SAMPLE t=38.8s rss=820MB hwm=823MB
RSS_SAMPLE t=39.0s rss=820MB hwm=823MB
RSS_SAMPLE t=39.3s rss=820MB hwm=823MB
RSS_SAMPLE t=39.5s rss=820MB hwm=823MB
RSS_SAMPLE t=39.8s rss=820MB hwm=823MB
RSS_SAMPLE t=40.0s rss=820MB hwm=823MB
RSS_SAMPLE t=40.3s rss=820MB hwm=823MB
RSS_SAMPLE t=40.5s rss=820MB hwm=823MB
RSS_SAMPLE t=40.8s rss=820MB hwm=823MB
RSS_SAMPLE t=41.0s rss=820MB hwm=823MB
RSS_SAMPLE t=41.3s rss=820MB hwm=823MB
RSS_SAMPLE t=41.5s rss=820MB hwm=823MB
RSS_SAMPLE t=41.8s rss=820MB hwm=823MB
RSS_SAMPLE t=42.0s rss=820MB hwm=823MB
RSS_SAMPLE t=42.3s rss=820MB hwm=823MB
RSS_SAMPLE t=42.5s rss=820MB hwm=823MB
RSS_SAMPLE t=42.8s rss=820MB hwm=823MB
RSS_SAMPLE t=43.0s rss=820MB hwm=823MB
RSS_SAMPLE t=43.3s rss=820MB hwm=823MB
RSS_SAMPLE t=43.5s rss=820MB hwm=823MB
RSS_SAMPLE t=43.8s rss=820MB hwm=823MB
RSS_SAMPLE t=44.0s rss=820MB hwm=823MB
RSS_SAMPLE t=44.3s rss=820MB hwm=823MB
RSS_SAMPLE t=44.5s rss=820MB hwm=823MB
RSS_SAMPLE t=44.8s rss=820MB hwm=823MB
RSS_SAMPLE t=45.0s rss=820MB hwm=823MB
RSS_SAMPLE t=45.3s rss=820MB hwm=823MB
RSS_SAMPLE t=45.5s rss=820MB hwm=823MB
RSS_SAMPLE t=45.8s rss=820MB hwm=823MB
RSS_SAMPLE t=46.0s rss=820MB hwm=823MB
RSS_SAMPLE t=46.3s rss=820MB hwm=823MB
RSS_SAMPLE t=46.5s rss=820MB hwm=823MB
RSS_SAMPLE t=46.8s rss=820MB hwm=823MB
RSS_SAMPLE t=47.0s rss=820MB hwm=823MB
RSS_SAMPLE t=47.3s rss=820MB hwm=823MB
RSS_SAMPLE t=47.5s rss=820MB hwm=823MB
RSS_SAMPLE t=47.8s rss=820MB hwm=823MB
RSS_SAMPLE t=48.0s rss=820MB hwm=823MB
RSS_SAMPLE t=48.3s rss=820MB hwm=823MB
RSS_SAMPLE t=48.5s rss=820MB hwm=823MB
RSS_SAMPLE t=48.8s rss=820MB hwm=823MB
RSS_SAMPLE t=49.0s rss=820MB hwm=823MB
RSS_SAMPLE t=49.3s rss=820MB hwm=823MB
RSS_SAMPLE t=49.5s rss=820MB hwm=823MB
RSS_SAMPLE t=49.8s rss=820MB hwm=823MB
RSS_SAMPLE t=50.0s rss=820MB hwm=823MB
RSS_SAMPLE t=50.3s rss=820MB hwm=823MB
RSS_SAMPLE t=50.5s rss=820MB hwm=823MB
RSS_SAMPLE t=50.8s rss=820MB hwm=823MB
RSS_SAMPLE t=51.0s rss=820MB hwm=823MB
RSS_SAMPLE t=51.3s rss=820MB hwm=823MB
RSS_SAMPLE t=51.5s rss=820MB hwm=823MB
RSS_SAMPLE t=51.8s rss=820MB hwm=823MB
RSS_SAMPLE t=52.0s rss=820MB hwm=823MB
RSS_SAMPLE t=52.3s rss=820MB hwm=823MB
RSS_SAMPLE t=52.5s rss=820MB hwm=823MB
RSS_SAMPLE t=52.8s rss=820MB hwm=823MB
RSS_SAMPLE t=53.0s rss=820MB hwm=823MB
RSS_SAMPLE t=53.3s rss=820MB hwm=823MB
RSS_SAMPLE t=53.5s rss=820MB hwm=823MB
RSS_SAMPLE t=53.8s rss=820MB hwm=823MB
RSS_SAMPLE t=54.0s rss=875MB hwm=875MB
RSS_SAMPLE t=54.3s rss=918MB hwm=918MB
RSS_SAMPLE t=54.5s rss=933MB hwm=933MB
RSS_SAMPLE t=54.8s rss=933MB hwm=933MB
RSS_SAMPLE t=55.0s rss=933MB hwm=933MB
RSS_SAMPLE t=55.3s rss=933MB hwm=933MB
RSS_SAMPLE t=55.5s rss=933MB hwm=933MB
RSS_SAMPLE t=55.8s rss=934MB hwm=934MB
  Skipped truly-null coarse cells: 0 (of 69353 total); pruned pipes: src_null=0 dst_null=0
  Pipe capacity by span:
    span=  1: 138172 pipes, cap min=1 avg=134.5 max=432
    span=  2: 136455 pipes, cap min=2 avg=50.7 max=118
    span=  3: 135619 pipes, cap min=2 avg=26.1 max=52
    span=  4: 136319 pipes, cap min=2 avg=22.7 max=140
    span=  5: 135918 pipes, cap min=2 avg=66.1 max=124
    span=  6: 201217 pipes, cap min=2 avg=15.2 max=28
    span=  7: 200933 pipes, cap min=1 avg=7.3 max=20
    span=  8: 132748 pipes, cap min=2 avg=6.0 max=10
    span=  9: 130848 pipes, cap min=2 avg=6.0 max=10
    span= 10: 131090 pipes, cap min=2 avg=2.2 max=31
    span= 11: 129628 pipes, cap min=2 avg=2.0 max=4
    span= 12: 129018 pipes, cap min=2 avg=2.0 max=4
    span= 13: 128408 pipes, cap min=1 avg=1.5 max=4
    span= 14: 127798 pipes, cap min=1 avg=1.0 max=2
    span= 15: 127188 pipes, cap min=1 avg=1.0 max=2
    span= 16: 126578 pipes, cap min=1 avg=1.0 max=2
    span= 17: 125968 pipes, cap min=1 avg=1.0 max=2
    span= 18: 125358 pipes, cap min=1 avg=1.0 max=2
    span= 19: 63140 pipes, cap min=1 avg=1.0 max=2
  Thin span-1 pipes (cap<=2): 222 total, by tile-type pair (top 20):
    NULL <-> NULL: 220
    CLK_BUFG <-> NULL: 2
  Pipe cost: span^0.50 model (r1=1), span-1=1.000, span-12=3.464, 2×span-6=4.899, 12×span-1=12.000
RSS_SAMPLE t=56.0s rss=1032MB hwm=1032MB
  topological compress: density=0.60 target_tiles=15971 final_tiles=15777 scale=1.851 center=(205.1,111.0)
  topological init: n_movable=76660, n_edges=229053, max_layer=26775, back_edges=54022, n_anchored=0
  type DFF: 302 valid columns, 1077536 total BELs
  type LUT6: 302 valid columns, 538768 total BELs
TypeAwarePlacement: 2 cell types
Coordinate descent mode: 76660 cells, scale 1.00
CellValidityMask: 76660 cells, 311x223 grid, 2 bucket masks, per-cell valid positions: min=67346 avg=67346.0 max=67346, unmapped cells=0
MuxSlotTracker: 76660 cells (76660 with external fanout), 67346 tiles, total_cap=1077536, active_buckets=[DFF,LUT6], built in 70.0ms
MuxSlotTracker[post-seed]: populated_cells=27114, overflow_tiles=518, at_cap_tiles=50, peak_excess=41, capacity_hist={16:67346}
DCD placer: 76660 cells, 69353 nodes, outer_iters=20, dcd_iters_per_cell=8, graph_model=TwoLevelPip
MEM_STATIC: pipes=352MB nodes=1MB adjacency=78MB pipe_cost_vecs=59MB validity_mask=0MB n_pipes=2562403 n_edges=5124806 rss=1044MB
Softmin position update: enabled, theta 0.250 -> 5.000 (anneal over 20 iters)
RSS_SAMPLE t=56.3s rss=1072MB hwm=1072MB
RSS_SAMPLE t=56.5s rss=1072MB hwm=1072MB
RSS_SAMPLE t=56.8s rss=1072MB hwm=1072MB
RSS_SAMPLE t=57.0s rss=1072MB hwm=1072MB
RSS_SAMPLE t=57.3s rss=1072MB hwm=1072MB
RSS_SAMPLE t=57.5s rss=1072MB hwm=1072MB
RSS_SAMPLE t=57.8s rss=1072MB hwm=1072MB
RSS_SAMPLE t=58.0s rss=1072MB hwm=1072MB
RSS_SAMPLE t=58.3s rss=1072MB hwm=1072MB
RSS_SAMPLE t=58.5s rss=1072MB hwm=1072MB
    SwitchMatrix: type_usage_pairs=7 lookups=110 hits=103 dijkstra_calls=7 avg_us=9.9 total_ms=0.1
PHASE_MARK outer=0 enter=pre_solve rss=1075MB
RSS_SAMPLE t=58.8s rss=1215MB hwm=1215MB
RSS_SAMPLE t=59.0s rss=1235MB hwm=1235MB
RSS_SAMPLE t=59.3s rss=1244MB hwm=1244MB
RSS_SAMPLE t=59.5s rss=1248MB hwm=1248MB
RSS_SAMPLE t=59.8s rss=1251MB hwm=1251MB
RSS_SAMPLE t=60.0s rss=1255MB hwm=1255MB
RSS_SAMPLE t=60.3s rss=1262MB hwm=1262MB
RSS_SAMPLE t=60.5s rss=1266MB hwm=1266MB
RSS_SAMPLE t=60.8s rss=1271MB hwm=1271MB
RSS_SAMPLE t=61.0s rss=1277MB hwm=1277MB
RSS_SAMPLE t=61.3s rss=1283MB hwm=1283MB
RSS_SAMPLE t=61.5s rss=1290MB hwm=1290MB
RSS_SAMPLE t=61.8s rss=1295MB hwm=1295MB
RSS_SAMPLE t=62.0s rss=1303MB hwm=1303MB
RSS_SAMPLE t=62.3s rss=1309MB hwm=1309MB
RSS_SAMPLE t=62.5s rss=1315MB hwm=1315MB
RSS_SAMPLE t=62.8s rss=1322MB hwm=1322MB
RSS_SAMPLE t=63.0s rss=1329MB hwm=1329MB
RSS_SAMPLE t=63.3s rss=1335MB hwm=1335MB
RSS_SAMPLE t=63.5s rss=1342MB hwm=1342MB
RSS_SAMPLE t=63.8s rss=1347MB hwm=1347MB
RSS_SAMPLE t=64.0s rss=1353MB hwm=1353MB
RSS_SAMPLE t=64.3s rss=1359MB hwm=1359MB
RSS_SAMPLE t=64.5s rss=1365MB hwm=1365MB
RSS_SAMPLE t=64.8s rss=1371MB hwm=1371MB
RSS_SAMPLE t=65.0s rss=1377MB hwm=1377MB
RSS_SAMPLE t=65.3s rss=1385MB hwm=1385MB
RSS_SAMPLE t=65.5s rss=1391MB hwm=1391MB
RSS_SAMPLE t=65.8s rss=1397MB hwm=1397MB
RSS_SAMPLE t=66.0s rss=1404MB hwm=1404MB
RSS_SAMPLE t=66.3s rss=1410MB hwm=1410MB
RSS_SAMPLE t=66.5s rss=1416MB hwm=1416MB
RSS_SAMPLE t=66.8s rss=1423MB hwm=1423MB
RSS_SAMPLE t=67.0s rss=1430MB hwm=1430MB
RSS_SAMPLE t=67.3s rss=1437MB hwm=1437MB
RSS_SAMPLE t=67.5s rss=1442MB hwm=1442MB
RSS_SAMPLE t=67.8s rss=1449MB hwm=1449MB
RSS_SAMPLE t=68.0s rss=1454MB hwm=1454MB
RSS_SAMPLE t=68.3s rss=1461MB hwm=1461MB
RSS_SAMPLE t=68.5s rss=1468MB hwm=1468MB
RSS_SAMPLE t=68.8s rss=1473MB hwm=1473MB
RSS_SAMPLE t=69.0s rss=1479MB hwm=1479MB
RSS_SAMPLE t=69.3s rss=1485MB hwm=1485MB
RSS_SAMPLE t=69.5s rss=1492MB hwm=1492MB
RSS_SAMPLE t=69.8s rss=1498MB hwm=1498MB
RSS_SAMPLE t=70.0s rss=1503MB hwm=1503MB
RSS_SAMPLE t=70.3s rss=1508MB hwm=1508MB
RSS_SAMPLE t=70.5s rss=1514MB hwm=1514MB
RSS_SAMPLE t=70.8s rss=1519MB hwm=1519MB
RSS_SAMPLE t=71.0s rss=1526MB hwm=1526MB
RSS_SAMPLE t=71.3s rss=1531MB hwm=1531MB
RSS_SAMPLE t=71.5s rss=1537MB hwm=1537MB
RSS_SAMPLE t=71.8s rss=1544MB hwm=1544MB
RSS_SAMPLE t=72.0s rss=1549MB hwm=1549MB
RSS_SAMPLE t=72.3s rss=1555MB hwm=1555MB
RSS_SAMPLE t=72.5s rss=1561MB hwm=1561MB
RSS_SAMPLE t=72.8s rss=1567MB hwm=1567MB
RSS_SAMPLE t=73.0s rss=1572MB hwm=1572MB
RSS_SAMPLE t=73.3s rss=1579MB hwm=1579MB
RSS_SAMPLE t=73.5s rss=1584MB hwm=1584MB
RSS_SAMPLE t=73.8s rss=1590MB hwm=1590MB
RSS_SAMPLE t=74.0s rss=1596MB hwm=1596MB
RSS_SAMPLE t=74.3s rss=1602MB hwm=1602MB
RSS_SAMPLE t=74.5s rss=1608MB hwm=1608MB
RSS_SAMPLE t=74.8s rss=1614MB hwm=1614MB
RSS_SAMPLE t=75.0s rss=1622MB hwm=1622MB
RSS_SAMPLE t=75.3s rss=1627MB hwm=1627MB
RSS_SAMPLE t=75.5s rss=1634MB hwm=1634MB
RSS_SAMPLE t=75.8s rss=1640MB hwm=1640MB
RSS_SAMPLE t=76.0s rss=1646MB hwm=1646MB
RSS_SAMPLE t=76.3s rss=1651MB hwm=1651MB
RSS_SAMPLE t=76.5s rss=1658MB hwm=1658MB
RSS_SAMPLE t=76.8s rss=1663MB hwm=1663MB
RSS_SAMPLE t=77.0s rss=1671MB hwm=1671MB
RSS_SAMPLE t=77.3s rss=1677MB hwm=1677MB
RSS_SAMPLE t=77.5s rss=1684MB hwm=1684MB
RSS_SAMPLE t=77.8s rss=1691MB hwm=1691MB
RSS_SAMPLE t=78.1s rss=1696MB hwm=1696MB
RSS_SAMPLE t=78.3s rss=1702MB hwm=1702MB
RSS_SAMPLE t=78.6s rss=1707MB hwm=1707MB
RSS_SAMPLE t=78.8s rss=1715MB hwm=1715MB
RSS_SAMPLE t=79.1s rss=1721MB hwm=1721MB
RSS_SAMPLE t=79.3s rss=1728MB hwm=1728MB
RSS_SAMPLE t=79.6s rss=1736MB hwm=1736MB
RSS_SAMPLE t=79.8s rss=1744MB hwm=1744MB
RSS_SAMPLE t=80.1s rss=1750MB hwm=1750MB
RSS_SAMPLE t=80.3s rss=1756MB hwm=1756MB
RSS_SAMPLE t=80.6s rss=1762MB hwm=1762MB
RSS_SAMPLE t=80.8s rss=1768MB hwm=1768MB
RSS_SAMPLE t=81.1s rss=1775MB hwm=1775MB
RSS_SAMPLE t=81.3s rss=1782MB hwm=1782MB
RSS_SAMPLE t=81.6s rss=1789MB hwm=1789MB
RSS_SAMPLE t=81.8s rss=1794MB hwm=1794MB
RSS_SAMPLE t=82.1s rss=1800MB hwm=1800MB
RSS_SAMPLE t=82.3s rss=1807MB hwm=1807MB
RSS_SAMPLE t=82.6s rss=1814MB hwm=1814MB
RSS_SAMPLE t=82.8s rss=1821MB hwm=1821MB
RSS_SAMPLE t=83.1s rss=1828MB hwm=1828MB
RSS_SAMPLE t=83.3s rss=1836MB hwm=1836MB
RSS_SAMPLE t=83.6s rss=1842MB hwm=1842MB
RSS_SAMPLE t=83.8s rss=1849MB hwm=1849MB
RSS_SAMPLE t=84.1s rss=1856MB hwm=1856MB
RSS_SAMPLE t=84.3s rss=1863MB hwm=1863MB
RSS_SAMPLE t=84.6s rss=1868MB hwm=1868MB
RSS_SAMPLE t=84.8s rss=1872MB hwm=1872MB
RSS_SAMPLE t=85.1s rss=1873MB hwm=1873MB
RSS_SAMPLE t=85.3s rss=1874MB hwm=1874MB
RSS_SAMPLE t=85.6s rss=1876MB hwm=1876MB
RSS_SAMPLE t=85.8s rss=1877MB hwm=1877MB
RSS_SAMPLE t=86.1s rss=1878MB hwm=1878MB
RSS_SAMPLE t=86.3s rss=1879MB hwm=1879MB
RSS_SAMPLE t=86.6s rss=1880MB hwm=1880MB
RSS_SAMPLE t=86.8s rss=1881MB hwm=1881MB
RSS_SAMPLE t=87.1s rss=1881MB hwm=1881MB
RSS_SAMPLE t=87.3s rss=1881MB hwm=1881MB
RSS_SAMPLE t=87.6s rss=1881MB hwm=1881MB
RSS_SAMPLE t=87.8s rss=1882MB hwm=1882MB
RSS_SAMPLE t=88.1s rss=1882MB hwm=1882MB
RSS_SAMPLE t=88.3s rss=1883MB hwm=1883MB
RSS_SAMPLE t=88.6s rss=1883MB hwm=1883MB
RSS_SAMPLE t=88.8s rss=1883MB hwm=1883MB
RSS_SAMPLE t=89.1s rss=1883MB hwm=1883MB
RSS_SAMPLE t=89.3s rss=1884MB hwm=1884MB
RSS_SAMPLE t=89.6s rss=1884MB hwm=1884MB
RSS_SAMPLE t=89.8s rss=1884MB hwm=1884MB
RSS_SAMPLE t=90.1s rss=1884MB hwm=1884MB
RSS_SAMPLE t=90.3s rss=1885MB hwm=1885MB
RSS_SAMPLE t=90.6s rss=1885MB hwm=1885MB
RSS_SAMPLE t=90.8s rss=1885MB hwm=1885MB
RSS_SAMPLE t=91.1s rss=1886MB hwm=1886MB
RSS_SAMPLE t=91.3s rss=1886MB hwm=1886MB
RSS_SAMPLE t=91.6s rss=1886MB hwm=1886MB
RSS_SAMPLE t=91.8s rss=1887MB hwm=1887MB
RSS_SAMPLE t=92.1s rss=1887MB hwm=1887MB
RSS_SAMPLE t=92.3s rss=1887MB hwm=1887MB
RSS_SAMPLE t=92.6s rss=1888MB hwm=1888MB
RSS_SAMPLE t=92.8s rss=1888MB hwm=1888MB
RSS_SAMPLE t=93.1s rss=1888MB hwm=1888MB
RSS_SAMPLE t=93.3s rss=1888MB hwm=1888MB
RSS_SAMPLE t=93.6s rss=1889MB hwm=1889MB
RSS_SAMPLE t=93.8s rss=1889MB hwm=1889MB
RSS_SAMPLE t=94.1s rss=1889MB hwm=1889MB
RSS_SAMPLE t=94.3s rss=1890MB hwm=1890MB
RSS_SAMPLE t=94.6s rss=1890MB hwm=1890MB
RSS_SAMPLE t=94.8s rss=1890MB hwm=1890MB
RSS_SAMPLE t=95.1s rss=1891MB hwm=1891MB
RSS_SAMPLE t=95.3s rss=1891MB hwm=1891MB
RSS_SAMPLE t=95.6s rss=1891MB hwm=1891MB
RSS_SAMPLE t=95.8s rss=1891MB hwm=1891MB
RSS_SAMPLE t=96.1s rss=1892MB hwm=1892MB
RSS_SAMPLE t=96.3s rss=1892MB hwm=1892MB
RSS_SAMPLE t=96.6s rss=1892MB hwm=1892MB
RSS_SAMPLE t=96.8s rss=1892MB hwm=1892MB
RSS_SAMPLE t=97.1s rss=1893MB hwm=1893MB
RSS_SAMPLE t=97.3s rss=1893MB hwm=1893MB
RSS_SAMPLE t=97.6s rss=1893MB hwm=1893MB
RSS_SAMPLE t=97.8s rss=1893MB hwm=1893MB
RSS_SAMPLE t=98.1s rss=1893MB hwm=1893MB
RSS_SAMPLE t=98.3s rss=1894MB hwm=1894MB
RSS_SAMPLE t=98.6s rss=1894MB hwm=1894MB
RSS_SAMPLE t=98.8s rss=1895MB hwm=1895MB
RSS_SAMPLE t=99.1s rss=1895MB hwm=1895MB
RSS_SAMPLE t=99.3s rss=1896MB hwm=1896MB
RSS_SAMPLE t=99.6s rss=1896MB hwm=1896MB
RSS_SAMPLE t=99.8s rss=1896MB hwm=1896MB
RSS_SAMPLE t=100.1s rss=1897MB hwm=1897MB
RSS_SAMPLE t=100.3s rss=1897MB hwm=1897MB
RSS_SAMPLE t=100.6s rss=1897MB hwm=1897MB
RSS_SAMPLE t=100.8s rss=1898MB hwm=1898MB
RSS_SAMPLE t=101.1s rss=1898MB hwm=1898MB
RSS_SAMPLE t=101.3s rss=1898MB hwm=1898MB
RSS_SAMPLE t=101.6s rss=1898MB hwm=1898MB
RSS_SAMPLE t=101.8s rss=1899MB hwm=1899MB
RSS_SAMPLE t=102.1s rss=1899MB hwm=1899MB
RSS_SAMPLE t=102.3s rss=1900MB hwm=1900MB
RSS_SAMPLE t=102.6s rss=1900MB hwm=1900MB
RSS_SAMPLE t=102.8s rss=1900MB hwm=1900MB
RSS_SAMPLE t=103.1s rss=1900MB hwm=1900MB
RSS_SAMPLE t=103.3s rss=1901MB hwm=1901MB
RSS_SAMPLE t=103.6s rss=1901MB hwm=1901MB
RSS_SAMPLE t=103.8s rss=1901MB hwm=1901MB
RSS_SAMPLE t=104.1s rss=1902MB hwm=1902MB
RSS_SAMPLE t=104.3s rss=1902MB hwm=1902MB
RSS_SAMPLE t=104.6s rss=1902MB hwm=1902MB
RSS_SAMPLE t=104.8s rss=1903MB hwm=1903MB
RSS_SAMPLE t=105.1s rss=1903MB hwm=1903MB
    rss_probe[outer=0]: pre_refresh_rss=1075MB post_pre_solve_rss=1903MB cache_entries=42424857 cache_cap=69325648 cache_est_mb=600
    pre_solve_diag[outer=0]: solves=105117 fallback=0 (0.0%) cap_armed=105117 (100.0%) settle_avg=10344 settle_max=69353 init_count=254
  Cell placement by tile type (iter 0, 76660 cells):
    NULL: 31596
    CLB: 27114
    IOB_W: 15019
    CLK_BUFG: 2320
    BRAM: 351
    DSP: 182
    IOB_E: 78
    Overflow: over=0 (0.0% of used) avg_excess=0.00 max_excess=0.00 (nc=0.00 cap=0 span=0)  excess_buckets: <=1=0 1-5=0 5-20=0 >20=0  by_cap: cap1=0 cap2=0 cap3-5=0 cap>5=0  by_span: s1=0 s2-3=0 s4-6=0 s7-12=0 s>12=0  le1_cross: cap1=0 cap2-5=0 cap>5=0
    Congestion: pipes=2562403 used=0 congested(>50%)=0 saturated(>90%)=0 max_util=0.00 avg_util=0.0000
PHASE_MARK outer=0 enter=dcd_sweep rss=1903MB
RSS_SAMPLE t=105.3s rss=1903MB hwm=1903MB
RSS_SAMPLE t=105.6s rss=1903MB hwm=1903MB
RSS_SAMPLE t=105.8s rss=1903MB hwm=1903MB
RSS_SAMPLE t=106.1s rss=1903MB hwm=1903MB
RSS_SAMPLE t=106.3s rss=1904MB hwm=1904MB
RSS_SAMPLE t=106.6s rss=1904MB hwm=1904MB
RSS_SAMPLE t=106.8s rss=1904MB hwm=1904MB
RSS_SAMPLE t=107.1s rss=1904MB hwm=1904MB
RSS_SAMPLE t=107.3s rss=1904MB hwm=1904MB
RSS_SAMPLE t=107.6s rss=1904MB hwm=1904MB
RSS_SAMPLE t=107.8s rss=1905MB hwm=1905MB
RSS_SAMPLE t=108.1s rss=1905MB hwm=1905MB
RSS_SAMPLE t=108.3s rss=1905MB hwm=1905MB
RSS_SAMPLE t=108.6s rss=1905MB hwm=1905MB
RSS_SAMPLE t=108.8s rss=1905MB hwm=1905MB
RSS_SAMPLE t=109.1s rss=1905MB hwm=1905MB
RSS_SAMPLE t=109.3s rss=1906MB hwm=1906MB
RSS_SAMPLE t=109.6s rss=1906MB hwm=1906MB
RSS_SAMPLE t=109.8s rss=1906MB hwm=1906MB
RSS_SAMPLE t=110.1s rss=1906MB hwm=1906MB
RSS_SAMPLE t=110.3s rss=1906MB hwm=1906MB
RSS_SAMPLE t=110.6s rss=1906MB hwm=1906MB
RSS_SAMPLE t=110.8s rss=1907MB hwm=1907MB
RSS_SAMPLE t=111.1s rss=1907MB hwm=1907MB
RSS_SAMPLE t=111.3s rss=1907MB hwm=1907MB
RSS_SAMPLE t=111.6s rss=1907MB hwm=1907MB
RSS_SAMPLE t=111.8s rss=1907MB hwm=1907MB
PHASE_MARK outer=0 leave=dcd_sweep rss=1908MB
PHASE_MARK outer=0 enter=post_refresh rss=1908MB
RSS_SAMPLE t=112.1s rss=1930MB hwm=1930MB
RSS_SAMPLE t=112.3s rss=1937MB hwm=1937MB
RSS_SAMPLE t=112.6s rss=1937MB hwm=1937MB
RSS_SAMPLE t=112.8s rss=1937MB hwm=1937MB
RSS_SAMPLE t=113.1s rss=1937MB hwm=1937MB
RSS_SAMPLE t=113.3s rss=1937MB hwm=1937MB
RSS_SAMPLE t=113.6s rss=1937MB hwm=1937MB
RSS_SAMPLE t=113.8s rss=1937MB hwm=1937MB
RSS_SAMPLE t=114.1s rss=1937MB hwm=1937MB
RSS_SAMPLE t=114.3s rss=1937MB hwm=1937MB
RSS_SAMPLE t=114.6s rss=2513MB hwm=2513MB
RSS_SAMPLE t=114.8s rss=3317MB hwm=3317MB
RSS_SAMPLE t=115.1s rss=3577MB hwm=3577MB
RSS_SAMPLE t=115.3s rss=3665MB hwm=3665MB
RSS_SAMPLE t=115.6s rss=3739MB hwm=3739MB
RSS_SAMPLE t=115.8s rss=3765MB hwm=3765MB
RSS_SAMPLE t=116.1s rss=3784MB hwm=3784MB
RSS_SAMPLE t=116.3s rss=3795MB hwm=3795MB
RSS_SAMPLE t=116.6s rss=3801MB hwm=3801MB
RSS_SAMPLE t=116.8s rss=3826MB hwm=3826MB
RSS_SAMPLE t=117.1s rss=3837MB hwm=3837MB
RSS_SAMPLE t=117.3s rss=3842MB hwm=3842MB
RSS_SAMPLE t=117.6s rss=3847MB hwm=3847MB
RSS_SAMPLE t=117.8s rss=3868MB hwm=3868MB
RSS_SAMPLE t=118.1s rss=3869MB hwm=3869MB
RSS_SAMPLE t=118.3s rss=3875MB hwm=3875MB
RSS_SAMPLE t=118.6s rss=3885MB hwm=3885MB
RSS_SAMPLE t=118.8s rss=3885MB hwm=3885MB
RSS_SAMPLE t=119.1s rss=3885MB hwm=3885MB
RSS_SAMPLE t=119.3s rss=3888MB hwm=3888MB
RSS_SAMPLE t=119.6s rss=3890MB hwm=3890MB
RSS_SAMPLE t=119.8s rss=3893MB hwm=3893MB
RSS_SAMPLE t=120.1s rss=3893MB hwm=3893MB
RSS_SAMPLE t=120.3s rss=3894MB hwm=3894MB
RSS_SAMPLE t=120.6s rss=3897MB hwm=3897MB
RSS_SAMPLE t=120.8s rss=3897MB hwm=3897MB
RSS_SAMPLE t=121.1s rss=3898MB hwm=3898MB
RSS_SAMPLE t=121.3s rss=3902MB hwm=3902MB
RSS_SAMPLE t=121.6s rss=3903MB hwm=3903MB
RSS_SAMPLE t=121.8s rss=3905MB hwm=3905MB
RSS_SAMPLE t=122.1s rss=3906MB hwm=3906MB
RSS_SAMPLE t=122.3s rss=3912MB hwm=3912MB
RSS_SAMPLE t=122.6s rss=3912MB hwm=3912MB
RSS_SAMPLE t=122.8s rss=3912MB hwm=3912MB
RSS_SAMPLE t=123.1s rss=3912MB hwm=3912MB
RSS_SAMPLE t=123.3s rss=3912MB hwm=3912MB
RSS_SAMPLE t=123.6s rss=3912MB hwm=3912MB
RSS_SAMPLE t=123.8s rss=3912MB hwm=3912MB
RSS_SAMPLE t=124.1s rss=3913MB hwm=3913MB
RSS_SAMPLE t=124.3s rss=3913MB hwm=3913MB
RSS_SAMPLE t=124.6s rss=3914MB hwm=3914MB
RSS_SAMPLE t=124.8s rss=3914MB hwm=3914MB
RSS_SAMPLE t=125.1s rss=3915MB hwm=3915MB
RSS_SAMPLE t=125.3s rss=3915MB hwm=3915MB
RSS_SAMPLE t=125.6s rss=3916MB hwm=3916MB
RSS_SAMPLE t=125.8s rss=3919MB hwm=3919MB
RSS_SAMPLE t=126.1s rss=3920MB hwm=3920MB
RSS_SAMPLE t=126.3s rss=3921MB hwm=3921MB
RSS_SAMPLE t=126.6s rss=3921MB hwm=3921MB
RSS_SAMPLE t=126.8s rss=3923MB hwm=3923MB
RSS_SAMPLE t=127.1s rss=3924MB hwm=3924MB
RSS_SAMPLE t=127.3s rss=3924MB hwm=3924MB
RSS_SAMPLE t=127.6s rss=3925MB hwm=3925MB
RSS_SAMPLE t=127.8s rss=3928MB hwm=3928MB
RSS_SAMPLE t=128.1s rss=3930MB hwm=3930MB
RSS_SAMPLE t=128.3s rss=3931MB hwm=3931MB
RSS_SAMPLE t=128.6s rss=3931MB hwm=3931MB
RSS_SAMPLE t=128.8s rss=3936MB hwm=3936MB
RSS_SAMPLE t=129.1s rss=3937MB hwm=3937MB
RSS_SAMPLE t=129.3s rss=3937MB hwm=3937MB
RSS_SAMPLE t=129.6s rss=3938MB hwm=3938MB
RSS_SAMPLE t=129.8s rss=3939MB hwm=3939MB
RSS_SAMPLE t=130.1s rss=3940MB hwm=3940MB
RSS_SAMPLE t=130.3s rss=3941MB hwm=3941MB
RSS_SAMPLE t=130.6s rss=3942MB hwm=3942MB
RSS_SAMPLE t=130.8s rss=3943MB hwm=3943MB
RSS_SAMPLE t=131.1s rss=3944MB hwm=3944MB
RSS_SAMPLE t=131.3s rss=3945MB hwm=3945MB
RSS_SAMPLE t=131.6s rss=3946MB hwm=3946MB
RSS_SAMPLE t=131.8s rss=3947MB hwm=3947MB
RSS_SAMPLE t=132.1s rss=3948MB hwm=3948MB
RSS_SAMPLE t=132.3s rss=3949MB hwm=3949MB
RSS_SAMPLE t=132.6s rss=3950MB hwm=3950MB
RSS_SAMPLE t=132.8s rss=3953MB hwm=3953MB
RSS_SAMPLE t=133.1s rss=3955MB hwm=3955MB
RSS_SAMPLE t=133.3s rss=3955MB hwm=3955MB
RSS_SAMPLE t=133.6s rss=3956MB hwm=3956MB
RSS_SAMPLE t=133.8s rss=3957MB hwm=3957MB
RSS_SAMPLE t=134.1s rss=3958MB hwm=3958MB
RSS_SAMPLE t=134.4s rss=3959MB hwm=3959MB
RSS_SAMPLE t=134.6s rss=3962MB hwm=3962MB
RSS_SAMPLE t=134.9s rss=3963MB hwm=3963MB
RSS_SAMPLE t=135.1s rss=3965MB hwm=3965MB
RSS_SAMPLE t=135.4s rss=3966MB hwm=3966MB
RSS_SAMPLE t=135.6s rss=3966MB hwm=3966MB
RSS_SAMPLE t=135.9s rss=3967MB hwm=3967MB
RSS_SAMPLE t=136.1s rss=3968MB hwm=3968MB
RSS_SAMPLE t=136.4s rss=3968MB hwm=3968MB
RSS_SAMPLE t=136.6s rss=3969MB hwm=3969MB
RSS_SAMPLE t=136.9s rss=3970MB hwm=3970MB
RSS_SAMPLE t=137.1s rss=3971MB hwm=3971MB
RSS_SAMPLE t=137.4s rss=3972MB hwm=3972MB
RSS_SAMPLE t=137.6s rss=3973MB hwm=3973MB
RSS_SAMPLE t=137.9s rss=3974MB hwm=3974MB
RSS_SAMPLE t=138.1s rss=3975MB hwm=3975MB
RSS_SAMPLE t=138.4s rss=3975MB hwm=3975MB
RSS_SAMPLE t=138.6s rss=3976MB hwm=3976MB
RSS_SAMPLE t=138.9s rss=3977MB hwm=3977MB
RSS_SAMPLE t=139.1s rss=3977MB hwm=3977MB
RSS_SAMPLE t=139.4s rss=3978MB hwm=3978MB
RSS_SAMPLE t=139.6s rss=3979MB hwm=3979MB
RSS_SAMPLE t=139.9s rss=3979MB hwm=3979MB
RSS_SAMPLE t=140.1s rss=3980MB hwm=3980MB
RSS_SAMPLE t=140.4s rss=3980MB hwm=3980MB
RSS_SAMPLE t=140.6s rss=3981MB hwm=3981MB
RSS_SAMPLE t=140.9s rss=3982MB hwm=3982MB
RSS_SAMPLE t=141.1s rss=3983MB hwm=3983MB
RSS_SAMPLE t=141.4s rss=3987MB hwm=3987MB
RSS_SAMPLE t=141.6s rss=3988MB hwm=3988MB
RSS_SAMPLE t=141.9s rss=3989MB hwm=3989MB
RSS_SAMPLE t=142.1s rss=3989MB hwm=3989MB
RSS_SAMPLE t=142.4s rss=3991MB hwm=3991MB
RSS_SAMPLE t=142.6s rss=3991MB hwm=3991MB
RSS_SAMPLE t=142.9s rss=3992MB hwm=3992MB
RSS_SAMPLE t=143.1s rss=3993MB hwm=3993MB
RSS_SAMPLE t=143.4s rss=3995MB hwm=3995MB
RSS_SAMPLE t=143.6s rss=3996MB hwm=3996MB
RSS_SAMPLE t=143.9s rss=3997MB hwm=3997MB
RSS_SAMPLE t=144.1s rss=3998MB hwm=3998MB
RSS_SAMPLE t=144.4s rss=3999MB hwm=3999MB
RSS_SAMPLE t=144.6s rss=4000MB hwm=4000MB
RSS_SAMPLE t=144.9s rss=4001MB hwm=4001MB
RSS_SAMPLE t=145.1s rss=4001MB hwm=4001MB
RSS_SAMPLE t=145.4s rss=4003MB hwm=4003MB
RSS_SAMPLE t=145.6s rss=4004MB hwm=4004MB
RSS_SAMPLE t=145.9s rss=4004MB hwm=4004MB
RSS_SAMPLE t=146.1s rss=4005MB hwm=4005MB
RSS_SAMPLE t=146.4s rss=4006MB hwm=4006MB
RSS_SAMPLE t=146.6s rss=4007MB hwm=4007MB
RSS_SAMPLE t=146.9s rss=4008MB hwm=4008MB
RSS_SAMPLE t=147.1s rss=4009MB hwm=4009MB
RSS_SAMPLE t=147.4s rss=4010MB hwm=4010MB
RSS_SAMPLE t=147.6s rss=4012MB hwm=4012MB
RSS_SAMPLE t=147.9s rss=4014MB hwm=4014MB
RSS_SAMPLE t=148.1s rss=4014MB hwm=4014MB
RSS_SAMPLE t=148.4s rss=4017MB hwm=4017MB
RSS_SAMPLE t=148.6s rss=4017MB hwm=4017MB
RSS_SAMPLE t=148.9s rss=4019MB hwm=4019MB
RSS_SAMPLE t=149.1s rss=4020MB hwm=4020MB
RSS_SAMPLE t=149.4s rss=4020MB hwm=4020MB
RSS_SAMPLE t=149.6s rss=4021MB hwm=4021MB
RSS_SAMPLE t=149.9s rss=4023MB hwm=4023MB
RSS_SAMPLE t=150.1s rss=4023MB hwm=4023MB
RSS_SAMPLE t=150.4s rss=4024MB hwm=4024MB
RSS_SAMPLE t=150.6s rss=4025MB hwm=4025MB
RSS_SAMPLE t=150.9s rss=4026MB hwm=4026MB
RSS_SAMPLE t=151.1s rss=4027MB hwm=4027MB
RSS_SAMPLE t=151.4s rss=4028MB hwm=4028MB
RSS_SAMPLE t=151.6s rss=4029MB hwm=4029MB
RSS_SAMPLE t=151.9s rss=4030MB hwm=4030MB
RSS_SAMPLE t=152.1s rss=4031MB hwm=4031MB
RSS_SAMPLE t=152.4s rss=4032MB hwm=4032MB
RSS_SAMPLE t=152.6s rss=4033MB hwm=4033MB
RSS_SAMPLE t=152.9s rss=4033MB hwm=4033MB
RSS_SAMPLE t=153.1s rss=4034MB hwm=4034MB
RSS_SAMPLE t=153.4s rss=4035MB hwm=4035MB
RSS_SAMPLE t=153.6s rss=4036MB hwm=4036MB
RSS_SAMPLE t=153.9s rss=4036MB hwm=4036MB
RSS_SAMPLE t=154.1s rss=4037MB hwm=4037MB
RSS_SAMPLE t=154.4s rss=4038MB hwm=4038MB
RSS_SAMPLE t=154.6s rss=4038MB hwm=4038MB
RSS_SAMPLE t=154.9s rss=4039MB hwm=4039MB
RSS_SAMPLE t=155.1s rss=4040MB hwm=4040MB
RSS_SAMPLE t=155.4s rss=4041MB hwm=4041MB
RSS_SAMPLE t=155.6s rss=4041MB hwm=4041MB
RSS_SAMPLE t=155.9s rss=4042MB hwm=4042MB
RSS_SAMPLE t=156.1s rss=4043MB hwm=4043MB
RSS_SAMPLE t=156.4s rss=4043MB hwm=4043MB
RSS_SAMPLE t=156.6s rss=4044MB hwm=4044MB
RSS_SAMPLE t=156.9s rss=4046MB hwm=4046MB
RSS_SAMPLE t=157.1s rss=4047MB hwm=4047MB
RSS_SAMPLE t=157.4s rss=4048MB hwm=4048MB
RSS_SAMPLE t=157.6s rss=4049MB hwm=4049MB
RSS_SAMPLE t=157.9s rss=4050MB hwm=4050MB
RSS_SAMPLE t=158.1s rss=4052MB hwm=4052MB
RSS_SAMPLE t=158.4s rss=4053MB hwm=4053MB
RSS_SAMPLE t=158.6s rss=4054MB hwm=4054MB
RSS_SAMPLE t=158.9s rss=4055MB hwm=4055MB
RSS_SAMPLE t=159.1s rss=4056MB hwm=4056MB
RSS_SAMPLE t=159.4s rss=4056MB hwm=4056MB
RSS_SAMPLE t=159.6s rss=4057MB hwm=4057MB
RSS_SAMPLE t=159.9s rss=4057MB hwm=4057MB
RSS_SAMPLE t=160.1s rss=4058MB hwm=4058MB
RSS_SAMPLE t=160.4s rss=4059MB hwm=4059MB
RSS_SAMPLE t=160.6s rss=4059MB hwm=4059MB
RSS_SAMPLE t=160.9s rss=4060MB hwm=4060MB
RSS_SAMPLE t=161.1s rss=4061MB hwm=4061MB
RSS_SAMPLE t=161.4s rss=4062MB hwm=4062MB
RSS_SAMPLE t=161.6s rss=4063MB hwm=4063MB
RSS_SAMPLE t=161.9s rss=4064MB hwm=4064MB
RSS_SAMPLE t=162.1s rss=4065MB hwm=4065MB
RSS_SAMPLE t=162.4s rss=4066MB hwm=4066MB
RSS_SAMPLE t=162.6s rss=4068MB hwm=4068MB
RSS_SAMPLE t=162.9s rss=4069MB hwm=4069MB
RSS_SAMPLE t=163.1s rss=4070MB hwm=4070MB
RSS_SAMPLE t=163.4s rss=4072MB hwm=4072MB
RSS_SAMPLE t=163.6s rss=4073MB hwm=4073MB
RSS_SAMPLE t=163.9s rss=4073MB hwm=4073MB
RSS_SAMPLE t=164.1s rss=4075MB hwm=4075MB
RSS_SAMPLE t=164.4s rss=4077MB hwm=4077MB
RSS_SAMPLE t=164.6s rss=4078MB hwm=4078MB
RSS_SAMPLE t=164.9s rss=4079MB hwm=4079MB
RSS_SAMPLE t=165.1s rss=4081MB hwm=4081MB
RSS_SAMPLE t=165.4s rss=4082MB hwm=4082MB
RSS_SAMPLE t=165.6s rss=4082MB hwm=4082MB
RSS_SAMPLE t=165.9s rss=4083MB hwm=4083MB
RSS_SAMPLE t=166.1s rss=4084MB hwm=4084MB
RSS_SAMPLE t=166.4s rss=4084MB hwm=4084MB
RSS_SAMPLE t=166.6s rss=4085MB hwm=4085MB
RSS_SAMPLE t=166.9s rss=4085MB hwm=4085MB
RSS_SAMPLE t=167.1s rss=4085MB hwm=4085MB
RSS_SAMPLE t=167.4s rss=4085MB hwm=4085MB
RSS_SAMPLE t=167.6s rss=4085MB hwm=4085MB
RSS_SAMPLE t=167.9s rss=4085MB hwm=4085MB
RSS_SAMPLE t=168.1s rss=4085MB hwm=4085MB
RSS_SAMPLE t=168.4s rss=4085MB hwm=4085MB
RSS_SAMPLE t=168.6s rss=4085MB hwm=4085MB
RSS_SAMPLE t=168.9s rss=4086MB hwm=4086MB
RSS_SAMPLE t=169.1s rss=4086MB hwm=4086MB
RSS_SAMPLE t=169.4s rss=4086MB hwm=4086MB
RSS_SAMPLE t=169.6s rss=4086MB hwm=4086MB
RSS_SAMPLE t=169.9s rss=4086MB hwm=4086MB
RSS_SAMPLE t=170.1s rss=4086MB hwm=4086MB
RSS_SAMPLE t=170.4s rss=4086MB hwm=4086MB
RSS_SAMPLE t=170.6s rss=4086MB hwm=4086MB
RSS_SAMPLE t=170.9s rss=4086MB hwm=4086MB
RSS_SAMPLE t=171.1s rss=4086MB hwm=4086MB
RSS_SAMPLE t=171.4s rss=4086MB hwm=4086MB
RSS_SAMPLE t=171.6s rss=4086MB hwm=4086MB
RSS_SAMPLE t=171.9s rss=4086MB hwm=4086MB
RSS_SAMPLE t=172.1s rss=4086MB hwm=4086MB
RSS_SAMPLE t=172.4s rss=4086MB hwm=4086MB
RSS_SAMPLE t=172.6s rss=4086MB hwm=4086MB
RSS_SAMPLE t=172.9s rss=4087MB hwm=4087MB
RSS_SAMPLE t=173.1s rss=4087MB hwm=4087MB
RSS_SAMPLE t=173.4s rss=4087MB hwm=4087MB
RSS_SAMPLE t=173.6s rss=4087MB hwm=4087MB
RSS_SAMPLE t=173.9s rss=4087MB hwm=4087MB
RSS_SAMPLE t=174.1s rss=4087MB hwm=4087MB
RSS_SAMPLE t=174.4s rss=4087MB hwm=4087MB
RSS_SAMPLE t=174.6s rss=4087MB hwm=4087MB
RSS_SAMPLE t=174.9s rss=4088MB hwm=4088MB
RSS_SAMPLE t=175.1s rss=4088MB hwm=4088MB
RSS_SAMPLE t=175.4s rss=4088MB hwm=4088MB
RSS_SAMPLE t=175.6s rss=4088MB hwm=4088MB
RSS_SAMPLE t=175.9s rss=4088MB hwm=4088MB
RSS_SAMPLE t=176.2s rss=4088MB hwm=4088MB
RSS_SAMPLE t=176.4s rss=4088MB hwm=4088MB
RSS_SAMPLE t=176.7s rss=4088MB hwm=4088MB
RSS_SAMPLE t=176.9s rss=4088MB hwm=4088MB
RSS_SAMPLE t=177.2s rss=4088MB hwm=4088MB
RSS_SAMPLE t=177.4s rss=4088MB hwm=4088MB
RSS_SAMPLE t=177.7s rss=4088MB hwm=4088MB
RSS_SAMPLE t=177.9s rss=4088MB hwm=4088MB
RSS_SAMPLE t=178.2s rss=4088MB hwm=4088MB
RSS_SAMPLE t=178.4s rss=4088MB hwm=4088MB
RSS_SAMPLE t=178.7s rss=4088MB hwm=4088MB
RSS_SAMPLE t=178.9s rss=4088MB hwm=4088MB
RSS_SAMPLE t=179.2s rss=4088MB hwm=4088MB
RSS_SAMPLE t=179.4s rss=4088MB hwm=4088MB
RSS_SAMPLE t=179.7s rss=4089MB hwm=4089MB
RSS_SAMPLE t=179.9s rss=4089MB hwm=4089MB
RSS_SAMPLE t=180.2s rss=4089MB hwm=4089MB
RSS_SAMPLE t=180.4s rss=4089MB hwm=4089MB
RSS_SAMPLE t=180.7s rss=4089MB hwm=4089MB
RSS_SAMPLE t=180.9s rss=4089MB hwm=4089MB
RSS_SAMPLE t=181.2s rss=4089MB hwm=4089MB
RSS_SAMPLE t=181.4s rss=4089MB hwm=4089MB
RSS_SAMPLE t=181.7s rss=4089MB hwm=4089MB
RSS_SAMPLE t=181.9s rss=4089MB hwm=4089MB
RSS_SAMPLE t=182.2s rss=4089MB hwm=4089MB
RSS_SAMPLE t=182.4s rss=4090MB hwm=4090MB
RSS_SAMPLE t=182.7s rss=4090MB hwm=4090MB
RSS_SAMPLE t=182.9s rss=4090MB hwm=4090MB
RSS_SAMPLE t=183.2s rss=4090MB hwm=4090MB
RSS_SAMPLE t=183.4s rss=4090MB hwm=4090MB
RSS_SAMPLE t=183.7s rss=4090MB hwm=4090MB
RSS_SAMPLE t=183.9s rss=4090MB hwm=4090MB
RSS_SAMPLE t=184.2s rss=4090MB hwm=4090MB
RSS_SAMPLE t=184.4s rss=4090MB hwm=4090MB
RSS_SAMPLE t=184.7s rss=4090MB hwm=4090MB
RSS_SAMPLE t=184.9s rss=4090MB hwm=4090MB
RSS_SAMPLE t=185.2s rss=4090MB hwm=4090MB
RSS_SAMPLE t=185.4s rss=4091MB hwm=4091MB
RSS_SAMPLE t=185.7s rss=4091MB hwm=4091MB
RSS_SAMPLE t=185.9s rss=4091MB hwm=4091MB
RSS_SAMPLE t=186.2s rss=4091MB hwm=4091MB
RSS_SAMPLE t=186.4s rss=4091MB hwm=4091MB
RSS_SAMPLE t=186.7s rss=4091MB hwm=4091MB
RSS_SAMPLE t=186.9s rss=4091MB hwm=4091MB
RSS_SAMPLE t=187.2s rss=4091MB hwm=4091MB
RSS_SAMPLE t=187.4s rss=4091MB hwm=4091MB
RSS_SAMPLE t=187.7s rss=4092MB hwm=4092MB
RSS_SAMPLE t=187.9s rss=4092MB hwm=4092MB
RSS_SAMPLE t=188.2s rss=4092MB hwm=4092MB
RSS_SAMPLE t=188.4s rss=4092MB hwm=4092MB
RSS_SAMPLE t=188.7s rss=4092MB hwm=4092MB
RSS_SAMPLE t=188.9s rss=4092MB hwm=4092MB
RSS_SAMPLE t=189.2s rss=4092MB hwm=4092MB
RSS_SAMPLE t=189.4s rss=4092MB hwm=4092MB
RSS_SAMPLE t=189.7s rss=4093MB hwm=4093MB
RSS_SAMPLE t=189.9s rss=4093MB hwm=4093MB
RSS_SAMPLE t=190.2s rss=4093MB hwm=4093MB
RSS_SAMPLE t=190.4s rss=4093MB hwm=4093MB
RSS_SAMPLE t=190.7s rss=4093MB hwm=4093MB
RSS_SAMPLE t=190.9s rss=4093MB hwm=4093MB
RSS_SAMPLE t=191.2s rss=4093MB hwm=4093MB
RSS_SAMPLE t=191.4s rss=4093MB hwm=4093MB
MEM_POOL: workspaces=32 dense_usage_mb=1251 n_pipes=2562403
    post_solve_diag[outer=0]: solves=105117 cap_armed=105117 (100.0%) settle_avg=9381 above_sink_avg=228 (2.4%) settle_max=69353
    load_support[outer=0]: settle_avg=9381 load_nz_avg=5774 (61.5%) load_material_avg=2239 (23.9%)
    prune_ceiling[outer=0]: settle_avg=9381 heuristic_prunable_avg=4201 (44.8%) vs oracle_zero_load=38.5%
    settle_hist[outer=0]: <100: 25408nets/0.1%work  <1k: 22013nets/0.7%work  <5k: 23952nets/6.3%work  <20k: 14217nets/15.8%work  <60k: 17189nets/61.2%work  >=60k: 2338nets/15.7%work
    fanout_hist[outer=0]: fan1: 43710nets/13.4%work  fan2-4: 48279nets/50.8%work  fan5-16: 12974nets/35.0%work  fan17-64: 154nets/0.8%work  fan65-256: 0nets/0.0%work  fan>256: 0nets/0.0%work
    rss_probe[outer=0]: pre_post_solve=1937MB post_post_solve=4113MB after_apply=4113MB
RSS_SAMPLE t=191.7s rss=4113MB hwm=4113MB
MuxSlotTracker[sweep 0 LEAK]: populated_cells=59763, overflow_tiles=5, at_cap_tiles=1517, peak_excess=11, capacity_hist={16:67346}
    E_decomp: base=10426244.8 eff=10954477.0 cong=528232.3 cong_share=4.8% sat_pipes=174669 max_util=1142.28  R_buckets: 1-2x=2562403 2-10x=0 10-100x=0 >=100x=0
    E_potential: beckmann=14312237275341.0 history_total=0.0
    SpanCache: epoch=1 entries=110 lookups=2562403 hits=2562293 misses=110 hit_rate=100.0%
  DCD   0: nets=105117 line=17072682 energy=2323387.099 dE=+0.000 friction=4350392.9 bins=2.8x(1117) excess=567.0 moved=59576 disp=inf solves=210234 skip=0 pops=2073448511 theta=0.250 refresh=126270ms dcd=6835ms total=135598ms
    cache_stats: entries=52666944 capacity=88871412 est_mb=768 rss_mb=4097
RSS_SAMPLE t=191.9s rss=4097MB hwm=4108MB
RSS_SAMPLE t=192.2s rss=4097MB hwm=4108MB
RSS_SAMPLE t=192.4s rss=4097MB hwm=4108MB
RSS_SAMPLE t=192.7s rss=4097MB hwm=4108MB
RSS_SAMPLE t=192.9s rss=4097MB hwm=4108MB
RSS_SAMPLE t=193.2s rss=4097MB hwm=4108MB
RSS_SAMPLE t=193.4s rss=4097MB hwm=4108MB
RSS_SAMPLE t=193.7s rss=4097MB hwm=4108MB
RSS_SAMPLE t=193.9s rss=4097MB hwm=4108MB
RSS_SAMPLE t=194.2s rss=4097MB hwm=4108MB
    SwitchMatrix: type_usage_pairs=856 lookups=2516 hits=1660 dijkstra_calls=856 avg_us=12.0 total_ms=10.2
PHASE_MARK outer=1 enter=pre_solve rss=4097MB
    rss_probe[outer=1]: pre_refresh_rss=4097MB post_pre_solve_rss=4097MB cache_entries=52666944 cache_cap=88871412 cache_est_mb=768
    pre_solve_diag[outer=1]: solves=0 fallback=0 (0.0%) cap_armed=0 (0.0%) settle_avg=0 settle_max=0 init_count=242
    Overflow: over=150768 (5.9% of used) avg_excess=2.33 max_excess=1491.55 (nc=1515.55 cap=24 span=1)  excess_buckets: <=1=78661 1-5=56068 5-20=14604 >20=1435  by_cap: cap1=78287 cap2=46513 cap3-5=141 cap>5=25827  by_span: s1=1524 s2-3=1863 s4-6=15798 s7-12=51475 s>12=80108  le1_cross: cap1=50071 cap2-5=25347 cap>5=3243
    Congestion: pipes=2562403 used=2562403 congested(>50%)=359406 saturated(>90%)=174669 max_util=1142.28 avg_util=0.2973
PHASE_MARK outer=1 enter=dcd_sweep rss=4097MB
RSS_SAMPLE t=194.4s rss=4097MB hwm=4108MB
RSS_SAMPLE t=194.7s rss=4097MB hwm=4108MB
RSS_SAMPLE t=194.9s rss=4097MB hwm=4108MB
RSS_SAMPLE t=195.2s rss=4097MB hwm=4108MB
RSS_SAMPLE t=195.4s rss=4097MB hwm=4108MB
RSS_SAMPLE t=195.7s rss=4097MB hwm=4108MB
RSS_SAMPLE t=195.9s rss=4097MB hwm=4108MB
RSS_SAMPLE t=196.2s rss=4097MB hwm=4108MB
RSS_SAMPLE t=196.4s rss=4097MB hwm=4108MB
RSS_SAMPLE t=196.7s rss=4097MB hwm=4108MB
RSS_SAMPLE t=196.9s rss=4097MB hwm=4108MB
RSS_SAMPLE t=197.2s rss=4097MB hwm=4108MB
RSS_SAMPLE t=197.4s rss=4097MB hwm=4108MB
RSS_SAMPLE t=197.7s rss=4097MB hwm=4108MB
RSS_SAMPLE t=197.9s rss=4097MB hwm=4108MB
RSS_SAMPLE t=198.2s rss=4097MB hwm=4108MB
RSS_SAMPLE t=198.4s rss=4097MB hwm=4108MB
RSS_SAMPLE t=198.7s rss=4097MB hwm=4108MB
RSS_SAMPLE t=198.9s rss=4097MB hwm=4108MB
RSS_SAMPLE t=199.2s rss=4097MB hwm=4108MB
RSS_SAMPLE t=199.4s rss=4097MB hwm=4108MB
RSS_SAMPLE t=199.7s rss=4097MB hwm=4108MB
RSS_SAMPLE t=199.9s rss=4097MB hwm=4108MB
RSS_SAMPLE t=200.2s rss=4097MB hwm=4108MB
RSS_SAMPLE t=200.4s rss=4097MB hwm=4108MB
RSS_SAMPLE t=200.7s rss=4097MB hwm=4108MB
RSS_SAMPLE t=200.9s rss=4097MB hwm=4108MB
PHASE_MARK outer=1 leave=dcd_sweep rss=4097MB
PHASE_MARK outer=1 enter=post_refresh rss=4097MB
RSS_SAMPLE t=201.2s rss=4106MB hwm=4108MB
RSS_SAMPLE t=201.4s rss=4106MB hwm=4108MB
RSS_SAMPLE t=201.7s rss=4106MB hwm=4108MB
RSS_SAMPLE t=201.9s rss=4106MB hwm=4108MB
RSS_SAMPLE t=202.2s rss=4106MB hwm=4108MB
RSS_SAMPLE t=202.4s rss=4106MB hwm=4108MB
RSS_SAMPLE t=202.7s rss=4106MB hwm=4108MB
RSS_SAMPLE t=202.9s rss=4106MB hwm=4108MB
RSS_SAMPLE t=203.2s rss=4106MB hwm=4108MB
RSS_SAMPLE t=203.4s rss=4106MB hwm=4108MB
RSS_SAMPLE t=203.7s rss=4108MB hwm=4108MB
RSS_SAMPLE t=203.9s rss=4110MB hwm=4110MB
RSS_SAMPLE t=204.2s rss=4110MB hwm=4110MB
RSS_SAMPLE t=204.4s rss=4111MB hwm=4111MB
RSS_SAMPLE t=204.7s rss=4111MB hwm=4111MB
RSS_SAMPLE t=204.9s rss=4112MB hwm=4112MB
RSS_SAMPLE t=205.2s rss=4113MB hwm=4113MB
RSS_SAMPLE t=205.4s rss=4114MB hwm=4114MB
RSS_SAMPLE t=205.7s rss=4114MB hwm=4114MB
RSS_SAMPLE t=205.9s rss=4115MB hwm=4115MB
RSS_SAMPLE t=206.2s rss=4116MB hwm=4116MB
RSS_SAMPLE t=206.4s rss=4117MB hwm=4117MB
RSS_SAMPLE t=206.7s rss=4118MB hwm=4118MB
RSS_SAMPLE t=206.9s rss=4118MB hwm=4118MB
RSS_SAMPLE t=207.2s rss=4119MB hwm=4119MB
RSS_SAMPLE t=207.4s rss=4120MB hwm=4120MB
RSS_SAMPLE t=207.7s rss=4121MB hwm=4121MB
RSS_SAMPLE t=207.9s rss=4123MB hwm=4123MB
RSS_SAMPLE t=208.2s rss=4123MB hwm=4123MB
RSS_SAMPLE t=208.4s rss=4124MB hwm=4124MB
RSS_SAMPLE t=208.7s rss=4125MB hwm=4125MB
RSS_SAMPLE t=208.9s rss=4125MB hwm=4125MB
RSS_SAMPLE t=209.2s rss=4127MB hwm=4127MB
RSS_SAMPLE t=209.4s rss=4127MB hwm=4127MB
RSS_SAMPLE t=209.7s rss=4128MB hwm=4128MB
RSS_SAMPLE t=209.9s rss=4128MB hwm=4128MB
RSS_SAMPLE t=210.2s rss=4129MB hwm=4129MB
RSS_SAMPLE t=210.4s rss=4129MB hwm=4129MB
RSS_SAMPLE t=210.7s rss=4130MB hwm=4130MB
RSS_SAMPLE t=210.9s rss=4131MB hwm=4131MB
RSS_SAMPLE t=211.2s rss=4132MB hwm=4132MB
RSS_SAMPLE t=211.4s rss=4133MB hwm=4133MB
RSS_SAMPLE t=211.7s rss=4134MB hwm=4134MB
RSS_SAMPLE t=211.9s rss=4134MB hwm=4134MB
RSS_SAMPLE t=212.2s rss=4135MB hwm=4135MB
RSS_SAMPLE t=212.4s rss=4136MB hwm=4136MB
RSS_SAMPLE t=212.7s rss=4137MB hwm=4137MB
RSS_SAMPLE t=212.9s rss=4137MB hwm=4137MB
RSS_SAMPLE t=213.2s rss=4138MB hwm=4138MB
RSS_SAMPLE t=213.4s rss=4139MB hwm=4139MB
RSS_SAMPLE t=213.7s rss=4140MB hwm=4140MB
RSS_SAMPLE t=213.9s rss=4140MB hwm=4140MB
RSS_SAMPLE t=214.2s rss=4141MB hwm=4141MB
RSS_SAMPLE t=214.4s rss=4142MB hwm=4142MB
RSS_SAMPLE t=214.7s rss=4142MB hwm=4142MB
RSS_SAMPLE t=214.9s rss=4142MB hwm=4142MB
RSS_SAMPLE t=215.2s rss=4143MB hwm=4143MB
RSS_SAMPLE t=215.4s rss=4144MB hwm=4144MB
RSS_SAMPLE t=215.7s rss=4145MB hwm=4145MB
RSS_SAMPLE t=215.9s rss=4145MB hwm=4145MB
RSS_SAMPLE t=216.2s rss=4146MB hwm=4146MB
RSS_SAMPLE t=216.4s rss=4147MB hwm=4147MB
RSS_SAMPLE t=216.7s rss=4147MB hwm=4147MB
RSS_SAMPLE t=216.9s rss=4148MB hwm=4148MB
RSS_SAMPLE t=217.2s rss=4148MB hwm=4148MB
RSS_SAMPLE t=217.4s rss=4149MB hwm=4149MB
RSS_SAMPLE t=217.7s rss=4150MB hwm=4150MB
RSS_SAMPLE t=217.9s rss=4150MB hwm=4150MB
RSS_SAMPLE t=218.2s rss=4151MB hwm=4151MB
RSS_SAMPLE t=218.4s rss=4151MB hwm=4151MB
RSS_SAMPLE t=218.7s rss=4152MB hwm=4152MB
RSS_SAMPLE t=218.9s rss=4153MB hwm=4153MB
RSS_SAMPLE t=219.2s rss=4153MB hwm=4153MB
RSS_SAMPLE t=219.4s rss=4154MB hwm=4154MB
RSS_SAMPLE t=219.7s rss=4154MB hwm=4154MB
RSS_SAMPLE t=219.9s rss=4155MB hwm=4155MB
RSS_SAMPLE t=220.2s rss=4156MB hwm=4156MB
RSS_SAMPLE t=220.4s rss=4156MB hwm=4156MB
RSS_SAMPLE t=220.7s rss=4157MB hwm=4157MB
RSS_SAMPLE t=220.9s rss=4158MB hwm=4158MB
RSS_SAMPLE t=221.2s rss=4158MB hwm=4158MB
RSS_SAMPLE t=221.4s rss=4159MB hwm=4159MB
RSS_SAMPLE t=221.7s rss=4160MB hwm=4160MB
RSS_SAMPLE t=221.9s rss=4160MB hwm=4160MB
RSS_SAMPLE t=222.2s rss=4161MB hwm=4161MB
RSS_SAMPLE t=222.5s rss=4162MB hwm=4162MB
RSS_SAMPLE t=222.7s rss=4163MB hwm=4163MB
RSS_SAMPLE t=223.0s rss=4163MB hwm=4163MB
RSS_SAMPLE t=223.2s rss=4164MB hwm=4164MB
RSS_SAMPLE t=223.5s rss=4165MB hwm=4165MB
RSS_SAMPLE t=223.7s rss=4166MB hwm=4166MB
RSS_SAMPLE t=224.0s rss=4166MB hwm=4166MB
RSS_SAMPLE t=224.2s rss=4167MB hwm=4167MB
RSS_SAMPLE t=224.5s rss=4168MB hwm=4168MB
RSS_SAMPLE t=224.7s rss=4169MB hwm=4169MB
RSS_SAMPLE t=225.0s rss=4170MB hwm=4170MB
RSS_SAMPLE t=225.2s rss=4171MB hwm=4171MB
RSS_SAMPLE t=225.5s rss=4171MB hwm=4171MB
RSS_SAMPLE t=225.7s rss=4171MB hwm=4171MB
RSS_SAMPLE t=226.0s rss=4172MB hwm=4172MB
RSS_SAMPLE t=226.2s rss=4172MB hwm=4172MB
RSS_SAMPLE t=226.5s rss=4173MB hwm=4173MB
RSS_SAMPLE t=226.7s rss=4174MB hwm=4174MB
RSS_SAMPLE t=227.0s rss=4174MB hwm=4174MB
RSS_SAMPLE t=227.2s rss=4175MB hwm=4175MB
RSS_SAMPLE t=227.5s rss=4176MB hwm=4176MB
RSS_SAMPLE t=227.7s rss=4177MB hwm=4177MB
RSS_SAMPLE t=228.0s rss=4177MB hwm=4177MB
RSS_SAMPLE t=228.2s rss=4179MB hwm=4179MB
RSS_SAMPLE t=228.5s rss=4179MB hwm=4179MB
RSS_SAMPLE t=228.7s rss=4180MB hwm=4180MB
RSS_SAMPLE t=229.0s rss=4180MB hwm=4180MB
RSS_SAMPLE t=229.2s rss=4181MB hwm=4181MB
RSS_SAMPLE t=229.5s rss=4182MB hwm=4182MB
RSS_SAMPLE t=229.7s rss=4183MB hwm=4183MB
RSS_SAMPLE t=230.0s rss=4183MB hwm=4183MB
RSS_SAMPLE t=230.2s rss=4184MB hwm=4184MB
RSS_SAMPLE t=230.5s rss=4185MB hwm=4185MB
RSS_SAMPLE t=230.7s rss=4185MB hwm=4185MB
RSS_SAMPLE t=231.0s rss=4186MB hwm=4186MB
RSS_SAMPLE t=231.2s rss=4186MB hwm=4186MB
RSS_SAMPLE t=231.5s rss=4188MB hwm=4188MB
RSS_SAMPLE t=231.7s rss=4188MB hwm=4188MB
RSS_SAMPLE t=232.0s rss=4189MB hwm=4189MB
RSS_SAMPLE t=232.2s rss=4189MB hwm=4189MB
RSS_SAMPLE t=232.5s rss=4190MB hwm=4190MB
RSS_SAMPLE t=232.7s rss=4190MB hwm=4190MB
RSS_SAMPLE t=233.0s rss=4191MB hwm=4191MB
RSS_SAMPLE t=233.2s rss=4192MB hwm=4192MB
RSS_SAMPLE t=233.5s rss=4192MB hwm=4192MB
RSS_SAMPLE t=233.7s rss=4192MB hwm=4192MB
RSS_SAMPLE t=234.0s rss=4193MB hwm=4193MB
RSS_SAMPLE t=234.2s rss=4194MB hwm=4194MB
RSS_SAMPLE t=234.5s rss=4194MB hwm=4194MB
RSS_SAMPLE t=234.7s rss=4195MB hwm=4195MB
RSS_SAMPLE t=235.0s rss=4195MB hwm=4195MB
RSS_SAMPLE t=235.2s rss=4195MB hwm=4195MB
RSS_SAMPLE t=235.5s rss=4195MB hwm=4195MB
RSS_SAMPLE t=235.7s rss=4196MB hwm=4196MB
RSS_SAMPLE t=236.0s rss=4196MB hwm=4196MB
RSS_SAMPLE t=236.2s rss=4197MB hwm=4197MB
RSS_SAMPLE t=236.5s rss=4198MB hwm=4198MB
RSS_SAMPLE t=236.7s rss=4198MB hwm=4198MB
RSS_SAMPLE t=237.0s rss=4199MB hwm=4199MB
RSS_SAMPLE t=237.2s rss=4199MB hwm=4199MB
RSS_SAMPLE t=237.5s rss=4199MB hwm=4199MB
RSS_SAMPLE t=237.7s rss=4199MB hwm=4199MB
RSS_SAMPLE t=238.0s rss=4200MB hwm=4200MB
RSS_SAMPLE t=238.2s rss=4200MB hwm=4200MB
RSS_SAMPLE t=238.5s rss=4200MB hwm=4200MB
RSS_SAMPLE t=238.7s rss=4201MB hwm=4201MB
RSS_SAMPLE t=239.0s rss=4202MB hwm=4202MB
RSS_SAMPLE t=239.2s rss=4202MB hwm=4202MB
RSS_SAMPLE t=239.5s rss=4203MB hwm=4203MB
RSS_SAMPLE t=239.7s rss=4203MB hwm=4203MB
RSS_SAMPLE t=240.0s rss=4203MB hwm=4203MB
RSS_SAMPLE t=240.2s rss=4204MB hwm=4204MB
RSS_SAMPLE t=240.5s rss=4204MB hwm=4204MB
RSS_SAMPLE t=240.7s rss=4205MB hwm=4205MB
RSS_SAMPLE t=241.0s rss=4205MB hwm=4205MB
RSS_SAMPLE t=241.2s rss=4205MB hwm=4205MB
RSS_SAMPLE t=241.5s rss=4206MB hwm=4206MB
RSS_SAMPLE t=241.7s rss=4206MB hwm=4206MB
RSS_SAMPLE t=242.0s rss=4207MB hwm=4207MB
RSS_SAMPLE t=242.2s rss=4207MB hwm=4207MB
RSS_SAMPLE t=242.5s rss=4207MB hwm=4207MB
RSS_SAMPLE t=242.7s rss=4208MB hwm=4208MB
RSS_SAMPLE t=243.0s rss=4208MB hwm=4208MB
RSS_SAMPLE t=243.2s rss=4208MB hwm=4208MB
RSS_SAMPLE t=243.5s rss=4209MB hwm=4209MB
RSS_SAMPLE t=243.7s rss=4210MB hwm=4210MB
RSS_SAMPLE t=244.0s rss=4210MB hwm=4210MB
RSS_SAMPLE t=244.2s rss=4210MB hwm=4210MB
RSS_SAMPLE t=244.5s rss=4211MB hwm=4211MB
RSS_SAMPLE t=244.7s rss=4211MB hwm=4211MB
RSS_SAMPLE t=245.0s rss=4212MB hwm=4212MB
RSS_SAMPLE t=245.2s rss=4212MB hwm=4212MB
RSS_SAMPLE t=245.5s rss=4212MB hwm=4212MB
RSS_SAMPLE t=245.7s rss=4213MB hwm=4213MB
RSS_SAMPLE t=246.0s rss=4213MB hwm=4213MB
RSS_SAMPLE t=246.2s rss=4213MB hwm=4213MB
RSS_SAMPLE t=246.5s rss=4214MB hwm=4214MB
RSS_SAMPLE t=246.7s rss=4214MB hwm=4214MB
RSS_SAMPLE t=247.0s rss=4214MB hwm=4214MB
RSS_SAMPLE t=247.2s rss=4214MB hwm=4214MB
RSS_SAMPLE t=247.5s rss=4215MB hwm=4215MB
RSS_SAMPLE t=247.7s rss=4215MB hwm=4215MB
RSS_SAMPLE t=248.0s rss=4216MB hwm=4216MB
RSS_SAMPLE t=248.2s rss=4216MB hwm=4216MB
RSS_SAMPLE t=248.5s rss=4216MB hwm=4216MB
RSS_SAMPLE t=248.7s rss=4217MB hwm=4217MB
RSS_SAMPLE t=249.0s rss=4217MB hwm=4217MB
RSS_SAMPLE t=249.2s rss=4217MB hwm=4217MB
RSS_SAMPLE t=249.5s rss=4218MB hwm=4218MB
RSS_SAMPLE t=249.7s rss=4218MB hwm=4218MB
RSS_SAMPLE t=250.0s rss=4219MB hwm=4219MB
RSS_SAMPLE t=250.2s rss=4220MB hwm=4220MB
RSS_SAMPLE t=250.5s rss=4220MB hwm=4220MB
RSS_SAMPLE t=250.7s rss=4221MB hwm=4221MB
RSS_SAMPLE t=251.0s rss=4221MB hwm=4221MB
RSS_SAMPLE t=251.2s rss=4221MB hwm=4221MB
RSS_SAMPLE t=251.5s rss=4222MB hwm=4222MB
RSS_SAMPLE t=251.7s rss=4223MB hwm=4223MB
RSS_SAMPLE t=252.0s rss=4224MB hwm=4224MB
RSS_SAMPLE t=252.2s rss=4224MB hwm=4224MB
RSS_SAMPLE t=252.5s rss=4224MB hwm=4224MB
RSS_SAMPLE t=252.7s rss=4225MB hwm=4225MB
RSS_SAMPLE t=253.0s rss=4225MB hwm=4225MB
RSS_SAMPLE t=253.2s rss=4226MB hwm=4226MB
RSS_SAMPLE t=253.5s rss=4226MB hwm=4226MB
RSS_SAMPLE t=253.7s rss=4227MB hwm=4227MB
RSS_SAMPLE t=254.0s rss=4227MB hwm=4227MB
RSS_SAMPLE t=254.2s rss=4228MB hwm=4228MB
RSS_SAMPLE t=254.5s rss=4228MB hwm=4228MB
RSS_SAMPLE t=254.7s rss=4228MB hwm=4228MB
RSS_SAMPLE t=255.0s rss=4229MB hwm=4229MB
RSS_SAMPLE t=255.2s rss=4229MB hwm=4229MB
RSS_SAMPLE t=255.5s rss=4229MB hwm=4229MB
RSS_SAMPLE t=255.7s rss=4230MB hwm=4230MB
RSS_SAMPLE t=256.0s rss=4230MB hwm=4230MB
RSS_SAMPLE t=256.2s rss=4230MB hwm=4230MB
RSS_SAMPLE t=256.5s rss=4231MB hwm=4231MB
RSS_SAMPLE t=256.7s rss=4231MB hwm=4231MB
RSS_SAMPLE t=257.0s rss=4231MB hwm=4231MB
RSS_SAMPLE t=257.2s rss=4232MB hwm=4232MB
RSS_SAMPLE t=257.5s rss=4232MB hwm=4232MB
RSS_SAMPLE t=257.7s rss=4233MB hwm=4233MB
RSS_SAMPLE t=258.0s rss=4233MB hwm=4233MB
RSS_SAMPLE t=258.2s rss=4233MB hwm=4233MB
RSS_SAMPLE t=258.5s rss=4233MB hwm=4233MB
RSS_SAMPLE t=258.7s rss=4234MB hwm=4234MB
RSS_SAMPLE t=259.0s rss=4234MB hwm=4234MB
RSS_SAMPLE t=259.2s rss=4234MB hwm=4234MB
RSS_SAMPLE t=259.5s rss=4235MB hwm=4235MB
RSS_SAMPLE t=259.7s rss=4235MB hwm=4235MB
RSS_SAMPLE t=260.0s rss=4236MB hwm=4236MB
RSS_SAMPLE t=260.2s rss=4237MB hwm=4237MB
RSS_SAMPLE t=260.5s rss=4237MB hwm=4237MB
RSS_SAMPLE t=260.7s rss=4237MB hwm=4237MB
RSS_SAMPLE t=261.0s rss=4237MB hwm=4237MB
RSS_SAMPLE t=261.2s rss=4238MB hwm=4238MB
RSS_SAMPLE t=261.5s rss=4238MB hwm=4238MB
RSS_SAMPLE t=261.7s rss=4238MB hwm=4238MB
RSS_SAMPLE t=262.0s rss=4239MB hwm=4239MB
RSS_SAMPLE t=262.3s rss=4239MB hwm=4239MB
RSS_SAMPLE t=262.5s rss=4240MB hwm=4240MB
RSS_SAMPLE t=262.8s rss=4240MB hwm=4240MB
RSS_SAMPLE t=263.0s rss=4241MB hwm=4241MB
RSS_SAMPLE t=263.3s rss=4241MB hwm=4241MB
RSS_SAMPLE t=263.5s rss=4241MB hwm=4241MB
RSS_SAMPLE t=263.8s rss=4242MB hwm=4242MB
RSS_SAMPLE t=264.0s rss=4242MB hwm=4242MB
RSS_SAMPLE t=264.3s rss=4243MB hwm=4243MB
RSS_SAMPLE t=264.5s rss=4243MB hwm=4243MB
RSS_SAMPLE t=264.8s rss=4243MB hwm=4243MB
RSS_SAMPLE t=265.0s rss=4244MB hwm=4244MB
RSS_SAMPLE t=265.3s rss=4244MB hwm=4244MB
RSS_SAMPLE t=265.5s rss=4244MB hwm=4244MB
RSS_SAMPLE t=265.8s rss=4244MB hwm=4244MB
RSS_SAMPLE t=266.0s rss=4245MB hwm=4245MB
RSS_SAMPLE t=266.3s rss=4245MB hwm=4245MB
RSS_SAMPLE t=266.5s rss=4245MB hwm=4245MB
RSS_SAMPLE t=266.8s rss=4245MB hwm=4245MB
RSS_SAMPLE t=267.0s rss=4245MB hwm=4245MB
RSS_SAMPLE t=267.3s rss=4245MB hwm=4245MB
RSS_SAMPLE t=267.5s rss=4245MB hwm=4245MB
RSS_SAMPLE t=267.8s rss=4245MB hwm=4245MB
RSS_SAMPLE t=268.0s rss=4246MB hwm=4246MB
RSS_SAMPLE t=268.3s rss=4246MB hwm=4246MB
RSS_SAMPLE t=268.5s rss=4246MB hwm=4246MB
RSS_SAMPLE t=268.8s rss=4246MB hwm=4246MB
RSS_SAMPLE t=269.0s rss=4246MB hwm=4246MB
RSS_SAMPLE t=269.3s rss=4246MB hwm=4246MB
RSS_SAMPLE t=269.5s rss=4246MB hwm=4246MB
RSS_SAMPLE t=269.8s rss=4246MB hwm=4246MB
RSS_SAMPLE t=270.0s rss=4246MB hwm=4246MB
RSS_SAMPLE t=270.3s rss=4246MB hwm=4246MB
RSS_SAMPLE t=270.5s rss=4246MB hwm=4246MB
RSS_SAMPLE t=270.8s rss=4246MB hwm=4246MB
RSS_SAMPLE t=271.0s rss=4246MB hwm=4246MB
RSS_SAMPLE t=271.3s rss=4246MB hwm=4246MB
RSS_SAMPLE t=271.5s rss=4246MB hwm=4246MB
RSS_SAMPLE t=271.8s rss=4246MB hwm=4246MB
RSS_SAMPLE t=272.0s rss=4246MB hwm=4246MB
RSS_SAMPLE t=272.3s rss=4246MB hwm=4246MB
RSS_SAMPLE t=272.5s rss=4246MB hwm=4246MB
RSS_SAMPLE t=272.8s rss=4246MB hwm=4246MB
RSS_SAMPLE t=273.0s rss=4246MB hwm=4246MB
RSS_SAMPLE t=273.3s rss=4246MB hwm=4246MB
RSS_SAMPLE t=273.5s rss=4246MB hwm=4246MB
RSS_SAMPLE t=273.8s rss=4247MB hwm=4247MB
RSS_SAMPLE t=274.0s rss=4247MB hwm=4247MB
RSS_SAMPLE t=274.3s rss=4247MB hwm=4247MB
RSS_SAMPLE t=274.5s rss=4247MB hwm=4247MB
RSS_SAMPLE t=274.8s rss=4247MB hwm=4247MB
RSS_SAMPLE t=275.0s rss=4247MB hwm=4247MB
RSS_SAMPLE t=275.3s rss=4247MB hwm=4247MB
RSS_SAMPLE t=275.5s rss=4247MB hwm=4247MB
RSS_SAMPLE t=275.8s rss=4247MB hwm=4247MB
RSS_SAMPLE t=276.0s rss=4247MB hwm=4247MB
RSS_SAMPLE t=276.3s rss=4247MB hwm=4247MB
RSS_SAMPLE t=276.5s rss=4247MB hwm=4247MB
RSS_SAMPLE t=276.8s rss=4247MB hwm=4247MB
RSS_SAMPLE t=277.0s rss=4247MB hwm=4247MB
RSS_SAMPLE t=277.3s rss=4247MB hwm=4247MB
RSS_SAMPLE t=277.5s rss=4247MB hwm=4247MB
RSS_SAMPLE t=277.8s rss=4247MB hwm=4247MB
RSS_SAMPLE t=278.0s rss=4247MB hwm=4247MB
RSS_SAMPLE t=278.3s rss=4247MB hwm=4247MB
RSS_SAMPLE t=278.5s rss=4247MB hwm=4247MB
RSS_SAMPLE t=278.8s rss=4247MB hwm=4247MB
RSS_SAMPLE t=279.0s rss=4247MB hwm=4247MB
RSS_SAMPLE t=279.3s rss=4247MB hwm=4247MB
RSS_SAMPLE t=279.5s rss=4247MB hwm=4247MB
RSS_SAMPLE t=279.8s rss=4247MB hwm=4247MB
RSS_SAMPLE t=280.0s rss=4247MB hwm=4247MB
RSS_SAMPLE t=280.3s rss=4247MB hwm=4247MB
RSS_SAMPLE t=280.5s rss=4247MB hwm=4247MB
RSS_SAMPLE t=280.8s rss=4247MB hwm=4247MB
RSS_SAMPLE t=281.0s rss=4247MB hwm=4247MB
RSS_SAMPLE t=281.3s rss=4247MB hwm=4247MB
RSS_SAMPLE t=281.5s rss=4247MB hwm=4247MB
RSS_SAMPLE t=281.8s rss=4247MB hwm=4247MB
RSS_SAMPLE t=282.0s rss=4247MB hwm=4247MB
RSS_SAMPLE t=282.3s rss=4248MB hwm=4248MB
RSS_SAMPLE t=282.5s rss=4248MB hwm=4248MB
RSS_SAMPLE t=282.8s rss=4248MB hwm=4248MB
RSS_SAMPLE t=283.0s rss=4248MB hwm=4248MB
RSS_SAMPLE t=283.3s rss=4248MB hwm=4248MB
RSS_SAMPLE t=283.5s rss=4248MB hwm=4248MB
RSS_SAMPLE t=283.8s rss=4248MB hwm=4248MB
RSS_SAMPLE t=284.0s rss=4248MB hwm=4248MB
RSS_SAMPLE t=284.3s rss=4248MB hwm=4248MB
RSS_SAMPLE t=284.5s rss=4248MB hwm=4248MB
RSS_SAMPLE t=284.8s rss=4248MB hwm=4248MB
RSS_SAMPLE t=285.0s rss=4248MB hwm=4248MB
RSS_SAMPLE t=285.3s rss=4248MB hwm=4248MB
RSS_SAMPLE t=285.5s rss=4248MB hwm=4248MB
RSS_SAMPLE t=285.8s rss=4248MB hwm=4248MB
RSS_SAMPLE t=286.0s rss=4248MB hwm=4248MB
RSS_SAMPLE t=286.3s rss=4248MB hwm=4248MB
RSS_SAMPLE t=286.5s rss=4249MB hwm=4249MB
RSS_SAMPLE t=286.8s rss=4249MB hwm=4249MB
RSS_SAMPLE t=287.0s rss=4249MB hwm=4249MB
RSS_SAMPLE t=287.3s rss=4249MB hwm=4249MB
RSS_SAMPLE t=287.5s rss=4249MB hwm=4249MB
RSS_SAMPLE t=287.8s rss=4249MB hwm=4249MB
RSS_SAMPLE t=288.0s rss=4249MB hwm=4249MB
RSS_SAMPLE t=288.3s rss=4249MB hwm=4249MB
RSS_SAMPLE t=288.5s rss=4249MB hwm=4249MB
RSS_SAMPLE t=288.8s rss=4249MB hwm=4249MB
RSS_SAMPLE t=289.0s rss=4249MB hwm=4249MB
RSS_SAMPLE t=289.3s rss=4249MB hwm=4249MB
RSS_SAMPLE t=289.5s rss=4249MB hwm=4249MB
RSS_SAMPLE t=289.8s rss=4249MB hwm=4249MB
RSS_SAMPLE t=290.0s rss=4249MB hwm=4249MB
RSS_SAMPLE t=290.3s rss=4249MB hwm=4249MB
RSS_SAMPLE t=290.5s rss=4249MB hwm=4249MB
RSS_SAMPLE t=290.8s rss=4249MB hwm=4249MB
RSS_SAMPLE t=291.0s rss=4249MB hwm=4249MB
RSS_SAMPLE t=291.3s rss=4249MB hwm=4249MB
RSS_SAMPLE t=291.5s rss=4249MB hwm=4249MB
RSS_SAMPLE t=291.8s rss=4249MB hwm=4249MB
RSS_SAMPLE t=292.0s rss=4249MB hwm=4249MB
RSS_SAMPLE t=292.3s rss=4249MB hwm=4249MB
RSS_SAMPLE t=292.5s rss=4249MB hwm=4249MB
RSS_SAMPLE t=292.8s rss=4249MB hwm=4249MB
RSS_SAMPLE t=293.0s rss=4249MB hwm=4249MB
RSS_SAMPLE t=293.3s rss=4249MB hwm=4249MB
RSS_SAMPLE t=293.5s rss=4249MB hwm=4249MB
RSS_SAMPLE t=293.8s rss=4249MB hwm=4249MB
RSS_SAMPLE t=294.0s rss=4250MB hwm=4250MB
RSS_SAMPLE t=294.3s rss=4250MB hwm=4250MB
RSS_SAMPLE t=294.5s rss=4250MB hwm=4250MB
RSS_SAMPLE t=294.8s rss=4250MB hwm=4250MB
RSS_SAMPLE t=295.0s rss=4250MB hwm=4250MB
RSS_SAMPLE t=295.3s rss=4250MB hwm=4250MB
RSS_SAMPLE t=295.5s rss=4250MB hwm=4250MB
RSS_SAMPLE t=295.8s rss=4250MB hwm=4250MB
RSS_SAMPLE t=296.0s rss=4250MB hwm=4250MB
RSS_SAMPLE t=296.3s rss=4250MB hwm=4250MB
RSS_SAMPLE t=296.5s rss=4250MB hwm=4250MB
RSS_SAMPLE t=296.8s rss=4250MB hwm=4250MB
RSS_SAMPLE t=297.0s rss=4250MB hwm=4250MB
RSS_SAMPLE t=297.3s rss=4250MB hwm=4250MB
RSS_SAMPLE t=297.5s rss=4250MB hwm=4250MB
RSS_SAMPLE t=297.8s rss=4250MB hwm=4250MB
MEM_POOL: workspaces=32 dense_usage_mb=1251 n_pipes=2562403
    post_solve_diag[outer=1]: solves=105117 cap_armed=105117 (100.0%) settle_avg=8672 above_sink_avg=159 (1.8%) settle_max=69353
    load_support[outer=1]: settle_avg=8672 load_nz_avg=6941 (80.0%) load_material_avg=5360 (61.8%)
    prune_ceiling[outer=1]: settle_avg=8672 heuristic_prunable_avg=2329 (26.9%) vs oracle_zero_load=20.0%
    settle_hist[outer=1]: <100: 24742nets/0.0%work  <1k: 24870nets/0.9%work  <5k: 22789nets/6.5%work  <20k: 14666nets/17.6%work  <60k: 16218nets/61.7%work  >=60k: 1832nets/13.2%work
    fanout_hist[outer=1]: fan1: 43710nets/13.1%work  fan2-4: 48279nets/50.7%work  fan5-16: 12974nets/35.3%work  fan17-64: 154nets/0.8%work  fan65-256: 0nets/0.0%work  fan>256: 0nets/0.0%work
    rss_probe[outer=1]: pre_post_solve=4106MB post_post_solve=4269MB after_apply=4269MB
MuxSlotTracker[sweep 1 LEAK]: populated_cells=64549, overflow_tiles=1, at_cap_tiles=847, peak_excess=4, capacity_hist={16:67346}
RSS_SAMPLE t=298.0s rss=4271MB hwm=4271MB
    E_decomp: base=7493442.2 eff=46700382.2 cong=39206940.0 cong_share=84.0% sat_pipes=126772 max_util=578.36  R_buckets: 1-2x=133627 2-10x=2079312 10-100x=347636 >=100x=1828
    E_potential: beckmann=477720707671.7 history_total=0.0
    SpanCache: epoch=2 entries=2516 lookups=2562403 hits=2559887 misses=2516 hit_rate=99.9%
  DCD   1: nets=105117 line=16304955 energy=5750821.211 dE=+3427434.112 friction=2360339.4 bins=2.1x(910) excess=366.0 moved=63760 disp=10.518 solves=105117 skip=105117 pops=911603585 theta=0.293 refresh=96989ms dcd=6799ms total=106259ms
    cache_stats: entries=54970250 capacity=96008492 est_mb=829 rss_mb=4271
RSS_SAMPLE t=298.3s rss=4271MB hwm=4271MB
RSS_SAMPLE t=298.5s rss=4271MB hwm=4271MB
RSS_SAMPLE t=298.8s rss=4271MB hwm=4271MB
RSS_SAMPLE t=299.0s rss=4271MB hwm=4271MB
RSS_SAMPLE t=299.3s rss=4271MB hwm=4271MB
RSS_SAMPLE t=299.5s rss=4271MB hwm=4271MB
RSS_SAMPLE t=299.8s rss=4271MB hwm=4271MB
RSS_SAMPLE t=300.0s rss=4271MB hwm=4271MB
RSS_SAMPLE t=300.3s rss=4271MB hwm=4271MB
RSS_SAMPLE t=300.5s rss=4271MB hwm=4271MB
    SwitchMatrix: type_usage_pairs=729 lookups=2031 hits=1302 dijkstra_calls=729 avg_us=9.6 total_ms=7.0
PHASE_MARK outer=2 enter=pre_solve rss=4271MB
    rss_probe[outer=2]: pre_refresh_rss=4271MB post_pre_solve_rss=4289MB cache_entries=54970250 cache_cap=96008492 cache_est_mb=829
    pre_solve_diag[outer=2]: solves=0 fallback=0 (0.0%) cap_armed=0 (0.0%) settle_avg=0 settle_max=0 init_count=248
    Overflow: over=110342 (4.3% of used) avg_excess=3.04 max_excess=3093.75 (nc=3117.75 cap=24 span=1)  excess_buckets: <=1=45255 1-5=51099 5-20=12586 >20=1402  by_cap: cap1=31114 cap2=72501 cap3-5=26 cap>5=6701  by_span: s1=653 s2-3=851 s4-6=4448 s7-12=72981 s>12=31409  le1_cross: cap1=24473 cap2-5=18861 cap>5=1921
    Congestion: pipes=2562403 used=2562403 congested(>50%)=249007 saturated(>90%)=126772 max_util=578.36 avg_util=0.2434
PHASE_MARK outer=2 enter=dcd_sweep rss=4289MB
RSS_SAMPLE t=300.8s rss=4289MB hwm=4289MB
RSS_SAMPLE t=301.0s rss=4289MB hwm=4289MB
RSS_SAMPLE t=301.3s rss=4289MB hwm=4289MB
RSS_SAMPLE t=301.5s rss=4289MB hwm=4289MB
RSS_SAMPLE t=301.8s rss=4289MB hwm=4289MB
RSS_SAMPLE t=302.0s rss=4289MB hwm=4289MB
RSS_SAMPLE t=302.3s rss=4289MB hwm=4289MB
RSS_SAMPLE t=302.5s rss=4289MB hwm=4289MB
RSS_SAMPLE t=302.8s rss=4289MB hwm=4289MB
RSS_SAMPLE t=303.0s rss=4289MB hwm=4289MB
RSS_SAMPLE t=303.3s rss=4289MB hwm=4289MB
RSS_SAMPLE t=303.5s rss=4289MB hwm=4289MB
RSS_SAMPLE t=303.8s rss=4289MB hwm=4289MB
RSS_SAMPLE t=304.0s rss=4289MB hwm=4289MB
RSS_SAMPLE t=304.3s rss=4289MB hwm=4289MB
RSS_SAMPLE t=304.5s rss=4289MB hwm=4289MB
RSS_SAMPLE t=304.8s rss=4289MB hwm=4289MB
RSS_SAMPLE t=305.0s rss=4289MB hwm=4289MB
RSS_SAMPLE t=305.3s rss=4289MB hwm=4289MB
RSS_SAMPLE t=305.5s rss=4289MB hwm=4289MB
RSS_SAMPLE t=305.8s rss=4289MB hwm=4289MB
RSS_SAMPLE t=306.0s rss=4289MB hwm=4289MB
RSS_SAMPLE t=306.3s rss=4289MB hwm=4289MB
RSS_SAMPLE t=306.5s rss=4289MB hwm=4289MB
RSS_SAMPLE t=306.8s rss=4289MB hwm=4289MB
RSS_SAMPLE t=307.0s rss=4289MB hwm=4289MB
RSS_SAMPLE t=307.3s rss=4289MB hwm=4289MB
PHASE_MARK outer=2 leave=dcd_sweep rss=4289MB
PHASE_MARK outer=2 enter=post_refresh rss=4289MB
RSS_SAMPLE t=307.5s rss=4291MB hwm=4291MB
RSS_SAMPLE t=307.8s rss=4291MB hwm=4291MB
RSS_SAMPLE t=308.0s rss=4291MB hwm=4291MB
RSS_SAMPLE t=308.3s rss=4291MB hwm=4291MB
RSS_SAMPLE t=308.5s rss=4291MB hwm=4291MB
RSS_SAMPLE t=308.8s rss=4291MB hwm=4291MB
RSS_SAMPLE t=309.0s rss=4291MB hwm=4291MB
RSS_SAMPLE t=309.3s rss=4291MB hwm=4291MB
RSS_SAMPLE t=309.5s rss=4291MB hwm=4291MB
RSS_SAMPLE t=309.8s rss=4291MB hwm=4291MB
RSS_SAMPLE t=310.0s rss=4291MB hwm=4291MB
RSS_SAMPLE t=310.3s rss=4292MB hwm=4292MB
RSS_SAMPLE t=310.5s rss=4292MB hwm=4292MB
RSS_SAMPLE t=310.8s rss=4292MB hwm=4292MB
RSS_SAMPLE t=311.0s rss=4292MB hwm=4292MB
RSS_SAMPLE t=311.3s rss=4292MB hwm=4292MB
RSS_SAMPLE t=311.5s rss=4292MB hwm=4292MB
RSS_SAMPLE t=311.8s rss=4293MB hwm=4293MB
RSS_SAMPLE t=312.0s rss=4293MB hwm=4293MB
RSS_SAMPLE t=312.3s rss=4293MB hwm=4293MB
RSS_SAMPLE t=312.5s rss=4294MB hwm=4294MB
RSS_SAMPLE t=312.8s rss=4294MB hwm=4294MB
RSS_SAMPLE t=313.0s rss=4294MB hwm=4294MB
RSS_SAMPLE t=313.3s rss=4295MB hwm=4295MB
RSS_SAMPLE t=313.5s rss=4295MB hwm=4295MB
RSS_SAMPLE t=313.8s rss=4295MB hwm=4295MB
RSS_SAMPLE t=314.0s rss=4296MB hwm=4296MB
RSS_SAMPLE t=314.3s rss=4296MB hwm=4296MB
RSS_SAMPLE t=314.5s rss=4297MB hwm=4297MB
RSS_SAMPLE t=314.8s rss=4297MB hwm=4297MB
RSS_SAMPLE t=315.0s rss=4297MB hwm=4297MB
RSS_SAMPLE t=315.3s rss=4297MB hwm=4297MB
RSS_SAMPLE t=315.5s rss=4297MB hwm=4297MB
RSS_SAMPLE t=315.8s rss=4297MB hwm=4297MB
RSS_SAMPLE t=316.0s rss=4298MB hwm=4298MB
RSS_SAMPLE t=316.3s rss=4298MB hwm=4298MB
RSS_SAMPLE t=316.5s rss=4299MB hwm=4299MB
RSS_SAMPLE t=316.8s rss=4299MB hwm=4299MB
RSS_SAMPLE t=317.0s rss=4299MB hwm=4299MB
RSS_SAMPLE t=317.3s rss=4299MB hwm=4299MB
RSS_SAMPLE t=317.5s rss=4300MB hwm=4300MB
RSS_SAMPLE t=317.8s rss=4300MB hwm=4300MB
RSS_SAMPLE t=318.0s rss=4301MB hwm=4301MB
RSS_SAMPLE t=318.3s rss=4301MB hwm=4301MB
RSS_SAMPLE t=318.5s rss=4302MB hwm=4302MB
RSS_SAMPLE t=318.8s rss=4302MB hwm=4302MB
RSS_SAMPLE t=319.1s rss=4302MB hwm=4302MB
RSS_SAMPLE t=319.3s rss=4303MB hwm=4303MB
RSS_SAMPLE t=319.6s rss=4303MB hwm=4303MB
RSS_SAMPLE t=319.8s rss=4303MB hwm=4303MB
RSS_SAMPLE t=320.1s rss=4304MB hwm=4304MB
RSS_SAMPLE t=320.3s rss=4304MB hwm=4304MB
RSS_SAMPLE t=320.6s rss=4304MB hwm=4304MB
RSS_SAMPLE t=320.8s rss=4305MB hwm=4305MB
RSS_SAMPLE t=321.1s rss=4305MB hwm=4305MB
RSS_SAMPLE t=321.3s rss=4305MB hwm=4305MB
RSS_SAMPLE t=321.6s rss=4306MB hwm=4306MB
RSS_SAMPLE t=321.8s rss=4306MB hwm=4306MB
RSS_SAMPLE t=322.1s rss=4306MB hwm=4306MB
RSS_SAMPLE t=322.3s rss=4307MB hwm=4307MB
RSS_SAMPLE t=322.6s rss=4308MB hwm=4308MB
RSS_SAMPLE t=322.8s rss=4308MB hwm=4308MB
RSS_SAMPLE t=323.1s rss=4309MB hwm=4309MB
RSS_SAMPLE t=323.3s rss=4309MB hwm=4309MB
RSS_SAMPLE t=323.6s rss=4309MB hwm=4309MB
RSS_SAMPLE t=323.8s rss=4309MB hwm=4309MB
RSS_SAMPLE t=324.1s rss=4310MB hwm=4310MB
RSS_SAMPLE t=324.3s rss=4310MB hwm=4310MB
RSS_SAMPLE t=324.6s rss=4310MB hwm=4310MB
RSS_SAMPLE t=324.8s rss=4311MB hwm=4311MB
RSS_SAMPLE t=325.1s rss=4311MB hwm=4311MB
RSS_SAMPLE t=325.3s rss=4312MB hwm=4312MB
RSS_SAMPLE t=325.6s rss=4312MB hwm=4312MB
RSS_SAMPLE t=325.8s rss=4313MB hwm=4313MB
RSS_SAMPLE t=326.1s rss=4313MB hwm=4313MB
RSS_SAMPLE t=326.3s rss=4314MB hwm=4314MB
RSS_SAMPLE t=326.6s rss=4314MB hwm=4314MB
RSS_SAMPLE t=326.8s rss=4314MB hwm=4314MB
RSS_SAMPLE t=327.1s rss=4315MB hwm=4315MB
RSS_SAMPLE t=327.3s rss=4315MB hwm=4315MB
RSS_SAMPLE t=327.6s rss=4315MB hwm=4315MB
RSS_SAMPLE t=327.8s rss=4316MB hwm=4316MB
RSS_SAMPLE t=328.1s rss=4316MB hwm=4316MB
RSS_SAMPLE t=328.3s rss=4317MB hwm=4317MB
RSS_SAMPLE t=328.6s rss=4317MB hwm=4317MB
RSS_SAMPLE t=328.8s rss=4318MB hwm=4318MB
RSS_SAMPLE t=329.1s rss=4318MB hwm=4318MB
RSS_SAMPLE t=329.3s rss=4319MB hwm=4319MB
RSS_SAMPLE t=329.6s rss=4319MB hwm=4319MB
RSS_SAMPLE t=329.8s rss=4320MB hwm=4320MB
RSS_SAMPLE t=330.1s rss=4320MB hwm=4320MB
RSS_SAMPLE t=330.3s rss=4320MB hwm=4320MB
RSS_SAMPLE t=330.6s rss=4321MB hwm=4321MB
RSS_SAMPLE t=330.8s rss=4321MB hwm=4321MB
RSS_SAMPLE t=331.1s rss=4322MB hwm=4322MB
RSS_SAMPLE t=331.3s rss=4322MB hwm=4322MB
RSS_SAMPLE t=331.6s rss=4323MB hwm=4323MB
RSS_SAMPLE t=331.8s rss=4323MB hwm=4323MB
RSS_SAMPLE t=332.1s rss=4323MB hwm=4323MB
RSS_SAMPLE t=332.3s rss=4324MB hwm=4324MB
RSS_SAMPLE t=332.6s rss=4325MB hwm=4325MB
RSS_SAMPLE t=332.8s rss=4326MB hwm=4326MB
RSS_SAMPLE t=333.1s rss=4326MB hwm=4326MB
RSS_SAMPLE t=333.3s rss=4326MB hwm=4326MB
RSS_SAMPLE t=333.6s rss=4327MB hwm=4327MB
RSS_SAMPLE t=333.8s rss=4327MB hwm=4327MB
RSS_SAMPLE t=334.1s rss=4328MB hwm=4328MB
RSS_SAMPLE t=334.3s rss=4329MB hwm=4329MB
RSS_SAMPLE t=334.6s rss=4329MB hwm=4329MB
RSS_SAMPLE t=334.8s rss=4330MB hwm=4330MB
RSS_SAMPLE t=335.1s rss=4330MB hwm=4330MB
RSS_SAMPLE t=335.3s rss=4330MB hwm=4330MB
RSS_SAMPLE t=335.6s rss=4331MB hwm=4331MB
RSS_SAMPLE t=335.8s rss=4332MB hwm=4332MB
RSS_SAMPLE t=336.1s rss=4332MB hwm=4332MB
RSS_SAMPLE t=336.3s rss=4333MB hwm=4333MB
RSS_SAMPLE t=336.6s rss=4333MB hwm=4333MB
RSS_SAMPLE t=336.8s rss=4334MB hwm=4334MB
RSS_SAMPLE t=337.1s rss=4334MB hwm=4334MB
RSS_SAMPLE t=337.3s rss=4335MB hwm=4335MB
RSS_SAMPLE t=337.6s rss=4335MB hwm=4335MB
RSS_SAMPLE t=337.8s rss=4336MB hwm=4336MB
RSS_SAMPLE t=338.1s rss=4336MB hwm=4336MB
RSS_SAMPLE t=338.3s rss=4336MB hwm=4336MB
RSS_SAMPLE t=338.6s rss=4336MB hwm=4336MB
RSS_SAMPLE t=338.8s rss=4337MB hwm=4337MB
RSS_SAMPLE t=339.1s rss=4337MB hwm=4337MB
RSS_SAMPLE t=339.3s rss=4338MB hwm=4338MB
RSS_SAMPLE t=339.6s rss=4338MB hwm=4338MB
RSS_SAMPLE t=339.8s rss=4338MB hwm=4338MB
RSS_SAMPLE t=340.1s rss=4339MB hwm=4339MB
RSS_SAMPLE t=340.3s rss=4340MB hwm=4340MB
RSS_SAMPLE t=340.6s rss=4340MB hwm=4340MB
RSS_SAMPLE t=340.8s rss=4340MB hwm=4340MB
RSS_SAMPLE t=341.1s rss=4340MB hwm=4340MB
RSS_SAMPLE t=341.3s rss=4340MB hwm=4340MB
RSS_SAMPLE t=341.6s rss=4341MB hwm=4341MB
RSS_SAMPLE t=341.8s rss=4342MB hwm=4342MB
RSS_SAMPLE t=342.1s rss=4342MB hwm=4342MB
RSS_SAMPLE t=342.3s rss=4343MB hwm=4343MB
RSS_SAMPLE t=342.6s rss=4343MB hwm=4343MB
RSS_SAMPLE t=342.8s rss=4344MB hwm=4344MB
RSS_SAMPLE t=343.1s rss=4344MB hwm=4344MB
RSS_SAMPLE t=343.3s rss=4344MB hwm=4344MB
RSS_SAMPLE t=343.6s rss=4344MB hwm=4344MB
RSS_SAMPLE t=343.8s rss=4345MB hwm=4345MB
RSS_SAMPLE t=344.1s rss=4345MB hwm=4345MB
RSS_SAMPLE t=344.3s rss=4345MB hwm=4345MB
RSS_SAMPLE t=344.6s rss=4346MB hwm=4346MB
RSS_SAMPLE t=344.8s rss=4346MB hwm=4346MB
RSS_SAMPLE t=345.1s rss=4346MB hwm=4346MB
RSS_SAMPLE t=345.3s rss=4346MB hwm=4346MB
RSS_SAMPLE t=345.6s rss=4347MB hwm=4347MB
RSS_SAMPLE t=345.8s rss=4347MB hwm=4347MB
RSS_SAMPLE t=346.1s rss=4347MB hwm=4347MB
RSS_SAMPLE t=346.3s rss=4347MB hwm=4347MB
RSS_SAMPLE t=346.6s rss=4347MB hwm=4347MB
RSS_SAMPLE t=346.8s rss=4347MB hwm=4347MB
RSS_SAMPLE t=347.1s rss=4347MB hwm=4347MB
RSS_SAMPLE t=347.3s rss=4348MB hwm=4348MB
RSS_SAMPLE t=347.6s rss=4348MB hwm=4348MB
RSS_SAMPLE t=347.8s rss=4348MB hwm=4348MB
RSS_SAMPLE t=348.1s rss=4348MB hwm=4348MB
RSS_SAMPLE t=348.3s rss=4348MB hwm=4348MB
RSS_SAMPLE t=348.6s rss=4348MB hwm=4348MB
RSS_SAMPLE t=348.8s rss=4348MB hwm=4348MB
RSS_SAMPLE t=349.1s rss=4349MB hwm=4349MB
RSS_SAMPLE t=349.3s rss=4349MB hwm=4349MB
RSS_SAMPLE t=349.6s rss=4349MB hwm=4349MB
RSS_SAMPLE t=349.8s rss=4349MB hwm=4349MB
RSS_SAMPLE t=350.1s rss=4349MB hwm=4349MB
RSS_SAMPLE t=350.3s rss=4350MB hwm=4350MB
RSS_SAMPLE t=350.6s rss=4350MB hwm=4350MB
RSS_SAMPLE t=350.8s rss=4350MB hwm=4350MB
RSS_SAMPLE t=351.1s rss=4350MB hwm=4350MB
RSS_SAMPLE t=351.3s rss=4350MB hwm=4350MB
RSS_SAMPLE t=351.6s rss=4350MB hwm=4350MB
RSS_SAMPLE t=351.8s rss=4351MB hwm=4351MB
RSS_SAMPLE t=352.1s rss=4351MB hwm=4351MB
RSS_SAMPLE t=352.3s rss=4351MB hwm=4351MB
RSS_SAMPLE t=352.6s rss=4351MB hwm=4351MB
RSS_SAMPLE t=352.8s rss=4351MB hwm=4351MB
RSS_SAMPLE t=353.1s rss=4352MB hwm=4352MB
RSS_SAMPLE t=353.3s rss=4352MB hwm=4352MB
RSS_SAMPLE t=353.6s rss=4352MB hwm=4352MB
RSS_SAMPLE t=353.8s rss=4352MB hwm=4352MB
RSS_SAMPLE t=354.1s rss=4352MB hwm=4352MB
RSS_SAMPLE t=354.3s rss=4352MB hwm=4352MB
RSS_SAMPLE t=354.6s rss=4353MB hwm=4353MB
RSS_SAMPLE t=354.8s rss=4353MB hwm=4353MB
RSS_SAMPLE t=355.1s rss=4353MB hwm=4353MB
RSS_SAMPLE t=355.4s rss=4353MB hwm=4353MB
RSS_SAMPLE t=355.6s rss=4353MB hwm=4353MB
RSS_SAMPLE t=355.9s rss=4353MB hwm=4353MB
RSS_SAMPLE t=356.1s rss=4353MB hwm=4353MB
RSS_SAMPLE t=356.4s rss=4354MB hwm=4354MB
RSS_SAMPLE t=356.6s rss=4354MB hwm=4354MB
RSS_SAMPLE t=356.9s rss=4354MB hwm=4354MB
RSS_SAMPLE t=357.1s rss=4354MB hwm=4354MB
RSS_SAMPLE t=357.4s rss=4354MB hwm=4354MB
RSS_SAMPLE t=357.6s rss=4354MB hwm=4354MB
RSS_SAMPLE t=357.9s rss=4355MB hwm=4355MB
RSS_SAMPLE t=358.1s rss=4355MB hwm=4355MB
RSS_SAMPLE t=358.4s rss=4355MB hwm=4355MB
RSS_SAMPLE t=358.6s rss=4355MB hwm=4355MB
RSS_SAMPLE t=358.9s rss=4355MB hwm=4355MB
RSS_SAMPLE t=359.1s rss=4355MB hwm=4355MB
RSS_SAMPLE t=359.4s rss=4356MB hwm=4356MB
RSS_SAMPLE t=359.6s rss=4356MB hwm=4356MB
RSS_SAMPLE t=359.9s rss=4356MB hwm=4356MB
RSS_SAMPLE t=360.1s rss=4356MB hwm=4356MB
RSS_SAMPLE t=360.4s rss=4356MB hwm=4356MB
RSS_SAMPLE t=360.6s rss=4357MB hwm=4357MB
RSS_SAMPLE t=360.9s rss=4357MB hwm=4357MB
RSS_SAMPLE t=361.1s rss=4357MB hwm=4357MB
RSS_SAMPLE t=361.4s rss=4357MB hwm=4357MB
RSS_SAMPLE t=361.6s rss=4357MB hwm=4357MB
RSS_SAMPLE t=361.9s rss=4358MB hwm=4358MB
RSS_SAMPLE t=362.1s rss=4358MB hwm=4358MB
RSS_SAMPLE t=362.4s rss=4358MB hwm=4358MB
RSS_SAMPLE t=362.6s rss=4358MB hwm=4358MB
RSS_SAMPLE t=362.9s rss=4359MB hwm=4359MB
RSS_SAMPLE t=363.1s rss=4359MB hwm=4359MB
RSS_SAMPLE t=363.4s rss=4359MB hwm=4359MB
RSS_SAMPLE t=363.6s rss=4359MB hwm=4359MB
RSS_SAMPLE t=363.9s rss=4360MB hwm=4360MB
RSS_SAMPLE t=364.1s rss=4360MB hwm=4360MB
RSS_SAMPLE t=364.4s rss=4360MB hwm=4360MB
RSS_SAMPLE t=364.6s rss=4360MB hwm=4360MB
RSS_SAMPLE t=364.9s rss=4361MB hwm=4361MB
RSS_SAMPLE t=365.1s rss=4362MB hwm=4362MB
RSS_SAMPLE t=365.4s rss=4362MB hwm=4362MB
RSS_SAMPLE t=365.6s rss=4362MB hwm=4362MB
RSS_SAMPLE t=365.9s rss=4362MB hwm=4362MB
RSS_SAMPLE t=366.1s rss=4363MB hwm=4363MB
RSS_SAMPLE t=366.4s rss=4363MB hwm=4363MB
RSS_SAMPLE t=366.6s rss=4363MB hwm=4363MB
RSS_SAMPLE t=366.9s rss=4363MB hwm=4363MB
RSS_SAMPLE t=367.1s rss=4363MB hwm=4363MB
RSS_SAMPLE t=367.4s rss=4363MB hwm=4363MB
RSS_SAMPLE t=367.6s rss=4364MB hwm=4364MB
RSS_SAMPLE t=367.9s rss=4364MB hwm=4364MB
RSS_SAMPLE t=368.1s rss=4364MB hwm=4364MB
RSS_SAMPLE t=368.4s rss=4364MB hwm=4364MB
RSS_SAMPLE t=368.6s rss=4365MB hwm=4365MB
RSS_SAMPLE t=368.9s rss=4365MB hwm=4365MB
RSS_SAMPLE t=369.1s rss=4365MB hwm=4365MB
RSS_SAMPLE t=369.4s rss=4365MB hwm=4365MB
RSS_SAMPLE t=369.6s rss=4365MB hwm=4365MB
RSS_SAMPLE t=369.9s rss=4366MB hwm=4366MB
RSS_SAMPLE t=370.1s rss=4366MB hwm=4366MB
RSS_SAMPLE t=370.4s rss=4366MB hwm=4366MB
RSS_SAMPLE t=370.6s rss=4366MB hwm=4366MB
RSS_SAMPLE t=370.9s rss=4367MB hwm=4367MB
RSS_SAMPLE t=371.1s rss=4367MB hwm=4367MB
RSS_SAMPLE t=371.4s rss=4367MB hwm=4367MB
RSS_SAMPLE t=371.6s rss=4367MB hwm=4367MB
RSS_SAMPLE t=371.9s rss=4367MB hwm=4367MB
RSS_SAMPLE t=372.1s rss=4367MB hwm=4367MB
RSS_SAMPLE t=372.4s rss=4368MB hwm=4368MB
RSS_SAMPLE t=372.6s rss=4368MB hwm=4368MB
RSS_SAMPLE t=372.9s rss=4368MB hwm=4368MB
RSS_SAMPLE t=373.1s rss=4368MB hwm=4368MB
RSS_SAMPLE t=373.4s rss=4368MB hwm=4368MB
RSS_SAMPLE t=373.6s rss=4368MB hwm=4368MB
RSS_SAMPLE t=373.9s rss=4368MB hwm=4368MB
RSS_SAMPLE t=374.1s rss=4368MB hwm=4368MB
RSS_SAMPLE t=374.4s rss=4368MB hwm=4368MB
RSS_SAMPLE t=374.6s rss=4368MB hwm=4368MB
RSS_SAMPLE t=374.9s rss=4368MB hwm=4368MB
RSS_SAMPLE t=375.1s rss=4368MB hwm=4368MB
RSS_SAMPLE t=375.4s rss=4368MB hwm=4368MB
RSS_SAMPLE t=375.6s rss=4368MB hwm=4368MB
RSS_SAMPLE t=375.9s rss=4368MB hwm=4368MB
RSS_SAMPLE t=376.1s rss=4368MB hwm=4368MB
RSS_SAMPLE t=376.4s rss=4368MB hwm=4368MB
RSS_SAMPLE t=376.6s rss=4368MB hwm=4368MB
RSS_SAMPLE t=376.9s rss=4368MB hwm=4368MB
RSS_SAMPLE t=377.1s rss=4368MB hwm=4368MB
RSS_SAMPLE t=377.4s rss=4368MB hwm=4368MB
RSS_SAMPLE t=377.6s rss=4368MB hwm=4368MB
RSS_SAMPLE t=377.9s rss=4368MB hwm=4368MB
RSS_SAMPLE t=378.1s rss=4368MB hwm=4368MB
RSS_SAMPLE t=378.4s rss=4368MB hwm=4368MB
RSS_SAMPLE t=378.6s rss=4368MB hwm=4368MB
RSS_SAMPLE t=378.9s rss=4368MB hwm=4368MB
RSS_SAMPLE t=379.1s rss=4368MB hwm=4368MB
RSS_SAMPLE t=379.4s rss=4368MB hwm=4368MB
RSS_SAMPLE t=379.6s rss=4368MB hwm=4368MB
RSS_SAMPLE t=379.9s rss=4368MB hwm=4368MB
RSS_SAMPLE t=380.1s rss=4368MB hwm=4368MB
RSS_SAMPLE t=380.4s rss=4368MB hwm=4368MB
RSS_SAMPLE t=380.6s rss=4368MB hwm=4368MB
RSS_SAMPLE t=380.9s rss=4368MB hwm=4368MB
RSS_SAMPLE t=381.1s rss=4369MB hwm=4369MB
RSS_SAMPLE t=381.4s rss=4369MB hwm=4369MB
RSS_SAMPLE t=381.6s rss=4369MB hwm=4369MB
RSS_SAMPLE t=381.9s rss=4369MB hwm=4369MB
RSS_SAMPLE t=382.1s rss=4369MB hwm=4369MB
RSS_SAMPLE t=382.4s rss=4369MB hwm=4369MB
RSS_SAMPLE t=382.6s rss=4369MB hwm=4369MB
RSS_SAMPLE t=382.9s rss=4369MB hwm=4369MB
RSS_SAMPLE t=383.1s rss=4369MB hwm=4369MB
RSS_SAMPLE t=383.4s rss=4369MB hwm=4369MB
RSS_SAMPLE t=383.6s rss=4369MB hwm=4369MB
RSS_SAMPLE t=383.9s rss=4369MB hwm=4369MB
RSS_SAMPLE t=384.1s rss=4369MB hwm=4369MB
RSS_SAMPLE t=384.4s rss=4369MB hwm=4369MB
RSS_SAMPLE t=384.6s rss=4369MB hwm=4369MB
RSS_SAMPLE t=384.9s rss=4369MB hwm=4369MB
RSS_SAMPLE t=385.1s rss=4369MB hwm=4369MB
RSS_SAMPLE t=385.4s rss=4369MB hwm=4369MB
RSS_SAMPLE t=385.6s rss=4369MB hwm=4369MB
RSS_SAMPLE t=385.9s rss=4369MB hwm=4369MB
RSS_SAMPLE t=386.1s rss=4369MB hwm=4369MB
RSS_SAMPLE t=386.4s rss=4369MB hwm=4369MB
RSS_SAMPLE t=386.6s rss=4369MB hwm=4369MB
RSS_SAMPLE t=386.9s rss=4369MB hwm=4369MB
RSS_SAMPLE t=387.1s rss=4369MB hwm=4369MB
RSS_SAMPLE t=387.4s rss=4369MB hwm=4369MB
RSS_SAMPLE t=387.6s rss=4369MB hwm=4369MB
RSS_SAMPLE t=387.9s rss=4369MB hwm=4369MB
RSS_SAMPLE t=388.1s rss=4369MB hwm=4369MB
RSS_SAMPLE t=388.4s rss=4369MB hwm=4369MB
RSS_SAMPLE t=388.6s rss=4369MB hwm=4369MB
RSS_SAMPLE t=388.9s rss=4369MB hwm=4369MB
RSS_SAMPLE t=389.1s rss=4369MB hwm=4369MB
RSS_SAMPLE t=389.4s rss=4369MB hwm=4369MB
RSS_SAMPLE t=389.6s rss=4369MB hwm=4369MB
RSS_SAMPLE t=389.9s rss=4369MB hwm=4369MB
RSS_SAMPLE t=390.1s rss=4369MB hwm=4369MB
RSS_SAMPLE t=390.4s rss=4369MB hwm=4369MB
RSS_SAMPLE t=390.6s rss=4369MB hwm=4369MB
RSS_SAMPLE t=390.9s rss=4369MB hwm=4369MB
RSS_SAMPLE t=391.1s rss=4369MB hwm=4369MB
RSS_SAMPLE t=391.4s rss=4369MB hwm=4369MB
RSS_SAMPLE t=391.6s rss=4369MB hwm=4369MB
RSS_SAMPLE t=391.9s rss=4369MB hwm=4369MB
RSS_SAMPLE t=392.1s rss=4369MB hwm=4369MB
RSS_SAMPLE t=392.4s rss=4369MB hwm=4369MB
RSS_SAMPLE t=392.6s rss=4369MB hwm=4369MB
RSS_SAMPLE t=392.9s rss=4369MB hwm=4369MB
RSS_SAMPLE t=393.1s rss=4369MB hwm=4369MB
RSS_SAMPLE t=393.4s rss=4369MB hwm=4369MB
RSS_SAMPLE t=393.6s rss=4369MB hwm=4369MB
RSS_SAMPLE t=393.9s rss=4369MB hwm=4369MB
RSS_SAMPLE t=394.1s rss=4369MB hwm=4369MB
RSS_SAMPLE t=394.4s rss=4369MB hwm=4369MB
RSS_SAMPLE t=394.6s rss=4369MB hwm=4369MB
RSS_SAMPLE t=394.9s rss=4369MB hwm=4369MB
RSS_SAMPLE t=395.1s rss=4369MB hwm=4369MB
RSS_SAMPLE t=395.4s rss=4369MB hwm=4369MB
RSS_SAMPLE t=395.6s rss=4369MB hwm=4369MB
RSS_SAMPLE t=395.9s rss=4369MB hwm=4369MB
RSS_SAMPLE t=396.1s rss=4369MB hwm=4369MB
RSS_SAMPLE t=396.4s rss=4369MB hwm=4369MB
RSS_SAMPLE t=396.6s rss=4369MB hwm=4369MB
RSS_SAMPLE t=396.9s rss=4369MB hwm=4369MB
RSS_SAMPLE t=397.1s rss=4369MB hwm=4369MB
RSS_SAMPLE t=397.4s rss=4369MB hwm=4369MB
RSS_SAMPLE t=397.6s rss=4369MB hwm=4369MB
RSS_SAMPLE t=397.9s rss=4369MB hwm=4369MB
RSS_SAMPLE t=398.1s rss=4369MB hwm=4369MB
RSS_SAMPLE t=398.4s rss=4369MB hwm=4369MB
RSS_SAMPLE t=398.6s rss=4369MB hwm=4369MB
RSS_SAMPLE t=398.9s rss=4369MB hwm=4369MB
RSS_SAMPLE t=399.1s rss=4369MB hwm=4369MB
RSS_SAMPLE t=399.4s rss=4369MB hwm=4369MB
RSS_SAMPLE t=399.6s rss=4370MB hwm=4370MB
RSS_SAMPLE t=399.9s rss=4370MB hwm=4370MB
RSS_SAMPLE t=400.1s rss=4370MB hwm=4370MB
RSS_SAMPLE t=400.4s rss=4370MB hwm=4370MB
RSS_SAMPLE t=400.6s rss=4370MB hwm=4370MB
RSS_SAMPLE t=400.9s rss=4370MB hwm=4370MB
RSS_SAMPLE t=401.1s rss=4370MB hwm=4370MB
RSS_SAMPLE t=401.4s rss=4370MB hwm=4370MB
RSS_SAMPLE t=401.6s rss=4370MB hwm=4370MB
RSS_SAMPLE t=401.9s rss=4370MB hwm=4370MB
RSS_SAMPLE t=402.1s rss=4370MB hwm=4370MB
RSS_SAMPLE t=402.4s rss=4370MB hwm=4370MB
RSS_SAMPLE t=402.6s rss=4370MB hwm=4370MB
RSS_SAMPLE t=402.9s rss=4370MB hwm=4370MB
RSS_SAMPLE t=403.1s rss=4370MB hwm=4370MB
RSS_SAMPLE t=403.4s rss=4370MB hwm=4370MB
RSS_SAMPLE t=403.6s rss=4370MB hwm=4370MB
RSS_SAMPLE t=403.9s rss=4370MB hwm=4370MB
RSS_SAMPLE t=404.1s rss=4370MB hwm=4370MB
RSS_SAMPLE t=404.4s rss=4370MB hwm=4370MB
RSS_SAMPLE t=404.6s rss=4370MB hwm=4370MB
RSS_SAMPLE t=404.9s rss=4370MB hwm=4370MB
RSS_SAMPLE t=405.1s rss=4370MB hwm=4370MB
RSS_SAMPLE t=405.4s rss=4370MB hwm=4370MB
RSS_SAMPLE t=405.6s rss=4370MB hwm=4370MB
RSS_SAMPLE t=405.9s rss=4370MB hwm=4370MB
RSS_SAMPLE t=406.1s rss=4370MB hwm=4370MB
RSS_SAMPLE t=406.4s rss=4370MB hwm=4370MB
RSS_SAMPLE t=406.6s rss=4370MB hwm=4370MB
RSS_SAMPLE t=406.9s rss=4370MB hwm=4370MB
RSS_SAMPLE t=407.1s rss=4370MB hwm=4370MB
RSS_SAMPLE t=407.4s rss=4370MB hwm=4370MB
MEM_POOL: workspaces=32 dense_usage_mb=1251 n_pipes=2562403
    post_solve_diag[outer=2]: solves=105117 cap_armed=105117 (100.0%) settle_avg=8184 above_sink_avg=177 (2.2%) settle_max=69353
    load_support[outer=2]: settle_avg=8184 load_nz_avg=7037 (86.0%) load_material_avg=4796 (58.6%)
    prune_ceiling[outer=2]: settle_avg=8184 heuristic_prunable_avg=1752 (21.4%) vs oracle_zero_load=14.0%
    settle_hist[outer=2]: <100: 24413nets/0.0%work  <1k: 26287nets/1.0%work  <5k: 22217nets/6.7%work  <20k: 15230nets/19.4%work  <60k: 15615nets/62.5%work  >=60k: 1355nets/10.3%work
    fanout_hist[outer=2]: fan1: 43710nets/13.2%work  fan2-4: 48279nets/50.5%work  fan5-16: 12974nets/35.5%work  fan17-64: 154nets/0.9%work  fan65-256: 0nets/0.0%work  fan>256: 0nets/0.0%work
    rss_probe[outer=2]: pre_post_solve=4291MB post_post_solve=4370MB after_apply=4370MB
    E_decomp: base=6045592.6 eff=37896412.2 cong=31850819.6 cong_share=84.0% sat_pipes=94122 max_util=842.40  R_buckets: 1-2x=99317 2-10x=2113991 10-100x=346730 >=100x=2365
    E_potential: beckmann=3538895336444.4 history_total=0.0
    SpanCache: epoch=3 entries=2031 lookups=2562403 hits=2560372 misses=2031 hit_rate=99.9%
  DCD   2: nets=105117 line=15807767 energy=6149363.430 dE=+398542.219 friction=4484173.1 bins=2.0x(697) excess=258.3 moved=65595 disp=8.797 solves=105117 skip=105117 pops=860307301 theta=0.343 refresh=100022ms dcd=6891ms total=109476ms
    cache_stats: entries=56875801 capacity=101420875 est_mb=875 rss_mb=4372
RSS_SAMPLE t=407.6s rss=4372MB hwm=4372MB
RSS_SAMPLE t=407.9s rss=4372MB hwm=4372MB
RSS_SAMPLE t=408.1s rss=4372MB hwm=4372MB
RSS_SAMPLE t=408.4s rss=4372MB hwm=4372MB
RSS_SAMPLE t=408.6s rss=4372MB hwm=4372MB
RSS_SAMPLE t=408.9s rss=4372MB hwm=4372MB
RSS_SAMPLE t=409.1s rss=4372MB hwm=4372MB
RSS_SAMPLE t=409.4s rss=4372MB hwm=4372MB
RSS_SAMPLE t=409.6s rss=4372MB hwm=4372MB
RSS_SAMPLE t=409.9s rss=4372MB hwm=4372MB
    SwitchMatrix: type_usage_pairs=593 lookups=1720 hits=1127 dijkstra_calls=593 avg_us=11.6 total_ms=6.9
PHASE_MARK outer=3 enter=pre_solve rss=4372MB
    rss_probe[outer=3]: pre_refresh_rss=4372MB post_pre_solve_rss=4372MB cache_entries=56875801 cache_cap=101420875 cache_est_mb=875
    pre_solve_diag[outer=3]: solves=0 fallback=0 (0.0%) cap_armed=0 (0.0%) settle_avg=0 settle_max=0 init_count=248
    Overflow: over=85746 (3.3% of used) avg_excess=4.35 max_excess=3534.92 (nc=3558.92 cap=24 span=1)  excess_buckets: <=1=21767 1-5=46961 5-20=14907 >20=2111  by_cap: cap1=11791 cap2=72179 cap3-5=3 cap>5=1773  by_span: s1=482 s2-3=939 s4-6=1532 s7-12=71180 s>12=11613  le1_cross: cap1=10708 cap2-5=10814 cap>5=245
    Congestion: pipes=2562403 used=2562403 congested(>50%)=174583 saturated(>90%)=94122 max_util=842.40 avg_util=0.2154
PHASE_MARK outer=3 enter=dcd_sweep rss=4372MB
RSS_SAMPLE t=410.1s rss=4372MB hwm=4372MB
RSS_SAMPLE t=410.4s rss=4372MB hwm=4372MB
RSS_SAMPLE t=410.6s rss=4372MB hwm=4372MB
RSS_SAMPLE t=410.9s rss=4372MB hwm=4372MB
RSS_SAMPLE t=411.1s rss=4372MB hwm=4372MB
RSS_SAMPLE t=411.4s rss=4372MB hwm=4372MB
RSS_SAMPLE t=411.6s rss=4372MB hwm=4372MB
RSS_SAMPLE t=411.9s rss=4372MB hwm=4372MB
RSS_SAMPLE t=412.1s rss=4372MB hwm=4372MB
RSS_SAMPLE t=412.4s rss=4372MB hwm=4372MB
RSS_SAMPLE t=412.6s rss=4372MB hwm=4372MB
RSS_SAMPLE t=412.9s rss=4372MB hwm=4372MB
RSS_SAMPLE t=413.1s rss=4372MB hwm=4372MB
RSS_SAMPLE t=413.4s rss=4372MB hwm=4372MB
RSS_SAMPLE t=413.6s rss=4372MB hwm=4372MB
RSS_SAMPLE t=413.9s rss=4372MB hwm=4372MB
RSS_SAMPLE t=414.1s rss=4372MB hwm=4372MB
RSS_SAMPLE t=414.4s rss=4372MB hwm=4372MB
RSS_SAMPLE t=414.6s rss=4372MB hwm=4372MB
RSS_SAMPLE t=414.9s rss=4372MB hwm=4372MB
RSS_SAMPLE t=415.1s rss=4372MB hwm=4372MB
RSS_SAMPLE t=415.4s rss=4372MB hwm=4372MB
RSS_SAMPLE t=415.6s rss=4372MB hwm=4372MB
RSS_SAMPLE t=415.9s rss=4372MB hwm=4372MB
RSS_SAMPLE t=416.1s rss=4372MB hwm=4372MB
RSS_SAMPLE t=416.4s rss=4372MB hwm=4372MB
RSS_SAMPLE t=416.6s rss=4372MB hwm=4372MB
PHASE_MARK outer=3 leave=dcd_sweep rss=4372MB
PHASE_MARK outer=3 enter=post_refresh rss=4372MB
RSS_SAMPLE t=416.9s rss=4373MB hwm=4373MB
RSS_SAMPLE t=417.1s rss=4373MB hwm=4373MB
RSS_SAMPLE t=417.4s rss=4373MB hwm=4373MB
RSS_SAMPLE t=417.6s rss=4373MB hwm=4373MB
RSS_SAMPLE t=417.9s rss=4373MB hwm=4373MB
RSS_SAMPLE t=418.1s rss=4373MB hwm=4373MB
RSS_SAMPLE t=418.4s rss=4373MB hwm=4373MB
RSS_SAMPLE t=418.6s rss=4373MB hwm=4373MB
RSS_SAMPLE t=418.9s rss=4373MB hwm=4373MB
RSS_SAMPLE t=419.1s rss=4373MB hwm=4373MB
RSS_SAMPLE t=419.4s rss=4373MB hwm=4373MB
RSS_SAMPLE t=419.6s rss=4374MB hwm=4374MB
RSS_SAMPLE t=419.9s rss=4374MB hwm=4374MB
RSS_SAMPLE t=420.1s rss=4374MB hwm=4374MB
RSS_SAMPLE t=420.4s rss=4374MB hwm=4374MB
RSS_SAMPLE t=420.6s rss=4375MB hwm=4375MB
RSS_SAMPLE t=420.9s rss=4375MB hwm=4375MB
RSS_SAMPLE t=421.1s rss=4375MB hwm=4375MB
RSS_SAMPLE t=421.4s rss=4375MB hwm=4375MB
RSS_SAMPLE t=421.7s rss=4375MB hwm=4375MB
RSS_SAMPLE t=421.9s rss=4375MB hwm=4375MB
RSS_SAMPLE t=422.2s rss=4375MB hwm=4375MB
RSS_SAMPLE t=422.4s rss=4375MB hwm=4375MB
RSS_SAMPLE t=422.7s rss=4375MB hwm=4375MB
RSS_SAMPLE t=422.9s rss=4375MB hwm=4375MB
RSS_SAMPLE t=423.2s rss=4376MB hwm=4376MB
RSS_SAMPLE t=423.4s rss=4376MB hwm=4376MB
RSS_SAMPLE t=423.7s rss=4376MB hwm=4376MB
RSS_SAMPLE t=423.9s rss=4376MB hwm=4376MB
RSS_SAMPLE t=424.2s rss=4376MB hwm=4376MB
RSS_SAMPLE t=424.4s rss=4376MB hwm=4376MB
RSS_SAMPLE t=424.7s rss=4376MB hwm=4376MB
RSS_SAMPLE t=424.9s rss=4377MB hwm=4377MB
RSS_SAMPLE t=425.2s rss=4377MB hwm=4377MB
RSS_SAMPLE t=425.4s rss=4377MB hwm=4377MB
RSS_SAMPLE t=425.7s rss=4377MB hwm=4377MB
RSS_SAMPLE t=425.9s rss=4377MB hwm=4377MB
RSS_SAMPLE t=426.2s rss=4377MB hwm=4377MB
RSS_SAMPLE t=426.4s rss=4377MB hwm=4377MB
RSS_SAMPLE t=426.7s rss=4378MB hwm=4378MB
RSS_SAMPLE t=426.9s rss=4378MB hwm=4378MB
RSS_SAMPLE t=427.2s rss=4378MB hwm=4378MB
RSS_SAMPLE t=427.4s rss=4378MB hwm=4378MB
RSS_SAMPLE t=427.7s rss=4379MB hwm=4379MB
RSS_SAMPLE t=427.9s rss=4379MB hwm=4379MB
RSS_SAMPLE t=428.2s rss=4379MB hwm=4379MB
RSS_SAMPLE t=428.4s rss=4380MB hwm=4380MB
RSS_SAMPLE t=428.7s rss=4380MB hwm=4380MB
RSS_SAMPLE t=428.9s rss=4380MB hwm=4380MB
RSS_SAMPLE t=429.2s rss=4380MB hwm=4380MB
RSS_SAMPLE t=429.4s rss=4381MB hwm=4381MB
RSS_SAMPLE t=429.7s rss=4381MB hwm=4381MB
RSS_SAMPLE t=429.9s rss=4382MB hwm=4382MB
RSS_SAMPLE t=430.2s rss=4382MB hwm=4382MB
RSS_SAMPLE t=430.4s rss=4382MB hwm=4382MB
RSS_SAMPLE t=430.7s rss=4382MB hwm=4382MB
RSS_SAMPLE t=430.9s rss=4382MB hwm=4382MB
RSS_SAMPLE t=431.2s rss=4382MB hwm=4382MB
RSS_SAMPLE t=431.4s rss=4383MB hwm=4383MB
RSS_SAMPLE t=431.7s rss=4383MB hwm=4383MB
RSS_SAMPLE t=431.9s rss=4383MB hwm=4383MB
RSS_SAMPLE t=432.2s rss=4384MB hwm=4384MB
RSS_SAMPLE t=432.4s rss=4384MB hwm=4384MB
RSS_SAMPLE t=432.7s rss=4384MB hwm=4384MB
RSS_SAMPLE t=432.9s rss=4385MB hwm=4385MB
RSS_SAMPLE t=433.2s rss=4385MB hwm=4385MB
RSS_SAMPLE t=433.4s rss=4386MB hwm=4386MB
RSS_SAMPLE t=433.7s rss=4386MB hwm=4386MB
RSS_SAMPLE t=433.9s rss=4387MB hwm=4387MB
RSS_SAMPLE t=434.2s rss=4387MB hwm=4387MB
RSS_SAMPLE t=434.4s rss=4387MB hwm=4387MB
RSS_SAMPLE t=434.7s rss=4387MB hwm=4387MB
RSS_SAMPLE t=434.9s rss=4388MB hwm=4388MB
RSS_SAMPLE t=435.2s rss=4389MB hwm=4389MB
RSS_SAMPLE t=435.4s rss=4389MB hwm=4389MB
RSS_SAMPLE t=435.7s rss=4389MB hwm=4389MB
RSS_SAMPLE t=435.9s rss=4390MB hwm=4390MB
RSS_SAMPLE t=436.2s rss=4390MB hwm=4390MB
RSS_SAMPLE t=436.4s rss=4391MB hwm=4391MB
RSS_SAMPLE t=436.7s rss=4391MB hwm=4391MB
RSS_SAMPLE t=436.9s rss=4391MB hwm=4391MB
RSS_SAMPLE t=437.2s rss=4391MB hwm=4391MB
RSS_SAMPLE t=437.4s rss=4392MB hwm=4392MB
RSS_SAMPLE t=437.7s rss=4392MB hwm=4392MB
RSS_SAMPLE t=437.9s rss=4393MB hwm=4393MB
RSS_SAMPLE t=438.2s rss=4393MB hwm=4393MB
RSS_SAMPLE t=438.4s rss=4394MB hwm=4394MB
RSS_SAMPLE t=438.7s rss=4394MB hwm=4394MB
RSS_SAMPLE t=438.9s rss=4395MB hwm=4395MB
RSS_SAMPLE t=439.2s rss=4395MB hwm=4395MB
RSS_SAMPLE t=439.4s rss=4396MB hwm=4396MB
RSS_SAMPLE t=439.7s rss=4396MB hwm=4396MB
RSS_SAMPLE t=439.9s rss=4396MB hwm=4396MB
RSS_SAMPLE t=440.2s rss=4397MB hwm=4397MB
RSS_SAMPLE t=440.4s rss=4397MB hwm=4397MB
RSS_SAMPLE t=440.7s rss=4398MB hwm=4398MB
RSS_SAMPLE t=440.9s rss=4398MB hwm=4398MB
RSS_SAMPLE t=441.2s rss=4399MB hwm=4399MB
RSS_SAMPLE t=441.4s rss=4399MB hwm=4399MB
RSS_SAMPLE t=441.7s rss=4400MB hwm=4400MB
RSS_SAMPLE t=441.9s rss=4400MB hwm=4400MB
RSS_SAMPLE t=442.2s rss=4401MB hwm=4401MB
RSS_SAMPLE t=442.4s rss=4401MB hwm=4401MB
RSS_SAMPLE t=442.7s rss=4401MB hwm=4401MB
RSS_SAMPLE t=442.9s rss=4402MB hwm=4402MB
RSS_SAMPLE t=443.2s rss=4402MB hwm=4402MB
RSS_SAMPLE t=443.4s rss=4403MB hwm=4403MB
RSS_SAMPLE t=443.7s rss=4403MB hwm=4403MB
RSS_SAMPLE t=443.9s rss=4404MB hwm=4404MB
RSS_SAMPLE t=444.2s rss=4404MB hwm=4404MB
RSS_SAMPLE t=444.4s rss=4405MB hwm=4405MB
RSS_SAMPLE t=444.7s rss=4405MB hwm=4405MB
RSS_SAMPLE t=444.9s rss=4406MB hwm=4406MB
RSS_SAMPLE t=445.2s rss=4406MB hwm=4406MB
RSS_SAMPLE t=445.4s rss=4406MB hwm=4406MB
RSS_SAMPLE t=445.7s rss=4407MB hwm=4407MB
RSS_SAMPLE t=445.9s rss=4407MB hwm=4407MB
RSS_SAMPLE t=446.2s rss=4407MB hwm=4407MB
RSS_SAMPLE t=446.4s rss=4407MB hwm=4407MB
RSS_SAMPLE t=446.7s rss=4408MB hwm=4408MB
RSS_SAMPLE t=446.9s rss=4408MB hwm=4408MB
RSS_SAMPLE t=447.2s rss=4408MB hwm=4408MB
RSS_SAMPLE t=447.4s rss=4408MB hwm=4408MB
RSS_SAMPLE t=447.7s rss=4408MB hwm=4408MB
RSS_SAMPLE t=447.9s rss=4408MB hwm=4408MB
RSS_SAMPLE t=448.2s rss=4408MB hwm=4408MB
RSS_SAMPLE t=448.4s rss=4409MB hwm=4409MB
RSS_SAMPLE t=448.7s rss=4409MB hwm=4409MB
RSS_SAMPLE t=448.9s rss=4409MB hwm=4409MB
RSS_SAMPLE t=449.2s rss=4410MB hwm=4410MB
RSS_SAMPLE t=449.4s rss=4410MB hwm=4410MB
RSS_SAMPLE t=449.7s rss=4411MB hwm=4411MB
RSS_SAMPLE t=450.0s rss=4411MB hwm=4411MB
RSS_SAMPLE t=450.2s rss=4411MB hwm=4411MB
RSS_SAMPLE t=450.5s rss=4411MB hwm=4411MB
RSS_SAMPLE t=450.7s rss=4411MB hwm=4411MB
RSS_SAMPLE t=451.0s rss=4411MB hwm=4411MB
RSS_SAMPLE t=451.2s rss=4411MB hwm=4411MB
RSS_SAMPLE t=451.5s rss=4412MB hwm=4412MB
RSS_SAMPLE t=451.7s rss=4412MB hwm=4412MB
RSS_SAMPLE t=452.0s rss=4412MB hwm=4412MB
RSS_SAMPLE t=452.2s rss=4413MB hwm=4413MB
RSS_SAMPLE t=452.5s rss=4413MB hwm=4413MB
RSS_SAMPLE t=452.7s rss=4413MB hwm=4413MB
RSS_SAMPLE t=453.0s rss=4414MB hwm=4414MB
RSS_SAMPLE t=453.2s rss=4414MB hwm=4414MB
RSS_SAMPLE t=453.5s rss=4414MB hwm=4414MB
RSS_SAMPLE t=453.7s rss=4414MB hwm=4414MB
RSS_SAMPLE t=454.0s rss=4414MB hwm=4414MB
RSS_SAMPLE t=454.2s rss=4414MB hwm=4414MB
RSS_SAMPLE t=454.5s rss=4415MB hwm=4415MB
RSS_SAMPLE t=454.7s rss=4415MB hwm=4415MB
RSS_SAMPLE t=455.0s rss=4415MB hwm=4415MB
RSS_SAMPLE t=455.2s rss=4415MB hwm=4415MB
RSS_SAMPLE t=455.5s rss=4415MB hwm=4415MB
RSS_SAMPLE t=455.7s rss=4415MB hwm=4415MB
RSS_SAMPLE t=456.0s rss=4415MB hwm=4415MB
RSS_SAMPLE t=456.2s rss=4415MB hwm=4415MB
RSS_SAMPLE t=456.5s rss=4416MB hwm=4416MB
RSS_SAMPLE t=456.7s rss=4416MB hwm=4416MB
RSS_SAMPLE t=457.0s rss=4416MB hwm=4416MB
RSS_SAMPLE t=457.2s rss=4416MB hwm=4416MB
RSS_SAMPLE t=457.5s rss=4416MB hwm=4416MB
RSS_SAMPLE t=457.7s rss=4416MB hwm=4416MB
RSS_SAMPLE t=458.0s rss=4417MB hwm=4417MB
RSS_SAMPLE t=458.2s rss=4417MB hwm=4417MB
RSS_SAMPLE t=458.5s rss=4417MB hwm=4417MB
RSS_SAMPLE t=458.7s rss=4417MB hwm=4417MB
RSS_SAMPLE t=459.0s rss=4417MB hwm=4417MB
RSS_SAMPLE t=459.2s rss=4417MB hwm=4417MB
RSS_SAMPLE t=459.5s rss=4417MB hwm=4417MB
RSS_SAMPLE t=459.7s rss=4417MB hwm=4417MB
RSS_SAMPLE t=460.0s rss=4417MB hwm=4417MB
RSS_SAMPLE t=460.2s rss=4418MB hwm=4418MB
RSS_SAMPLE t=460.5s rss=4418MB hwm=4418MB
RSS_SAMPLE t=460.7s rss=4418MB hwm=4418MB
RSS_SAMPLE t=461.0s rss=4418MB hwm=4418MB
RSS_SAMPLE t=461.2s rss=4418MB hwm=4418MB
RSS_SAMPLE t=461.5s rss=4418MB hwm=4418MB
RSS_SAMPLE t=461.7s rss=4419MB hwm=4419MB
RSS_SAMPLE t=462.0s rss=4419MB hwm=4419MB
RSS_SAMPLE t=462.2s rss=4419MB hwm=4419MB
RSS_SAMPLE t=462.5s rss=4419MB hwm=4419MB
RSS_SAMPLE t=462.7s rss=4419MB hwm=4419MB
RSS_SAMPLE t=463.0s rss=4419MB hwm=4419MB
RSS_SAMPLE t=463.2s rss=4419MB hwm=4419MB
RSS_SAMPLE t=463.5s rss=4420MB hwm=4420MB
RSS_SAMPLE t=463.7s rss=4420MB hwm=4420MB
RSS_SAMPLE t=464.0s rss=4420MB hwm=4420MB
RSS_SAMPLE t=464.2s rss=4420MB hwm=4420MB
RSS_SAMPLE t=464.5s rss=4420MB hwm=4420MB
RSS_SAMPLE t=464.7s rss=4421MB hwm=4421MB
RSS_SAMPLE t=465.0s rss=4421MB hwm=4421MB
RSS_SAMPLE t=465.2s rss=4421MB hwm=4421MB
RSS_SAMPLE t=465.5s rss=4421MB hwm=4421MB
RSS_SAMPLE t=465.7s rss=4421MB hwm=4421MB
RSS_SAMPLE t=466.0s rss=4422MB hwm=4422MB
RSS_SAMPLE t=466.2s rss=4422MB hwm=4422MB
RSS_SAMPLE t=466.5s rss=4422MB hwm=4422MB
RSS_SAMPLE t=466.7s rss=4422MB hwm=4422MB
RSS_SAMPLE t=467.0s rss=4422MB hwm=4422MB
RSS_SAMPLE t=467.2s rss=4423MB hwm=4423MB
RSS_SAMPLE t=467.5s rss=4423MB hwm=4423MB
RSS_SAMPLE t=467.7s rss=4423MB hwm=4423MB
RSS_SAMPLE t=468.0s rss=4423MB hwm=4423MB
RSS_SAMPLE t=468.2s rss=4423MB hwm=4423MB
RSS_SAMPLE t=468.5s rss=4423MB hwm=4423MB
RSS_SAMPLE t=468.7s rss=4423MB hwm=4423MB
RSS_SAMPLE t=469.0s rss=4423MB hwm=4423MB
RSS_SAMPLE t=469.2s rss=4424MB hwm=4424MB
RSS_SAMPLE t=469.5s rss=4424MB hwm=4424MB
RSS_SAMPLE t=469.7s rss=4424MB hwm=4424MB
RSS_SAMPLE t=470.0s rss=4424MB hwm=4424MB
RSS_SAMPLE t=470.2s rss=4424MB hwm=4424MB
RSS_SAMPLE t=470.5s rss=4424MB hwm=4424MB
RSS_SAMPLE t=470.7s rss=4424MB hwm=4424MB
RSS_SAMPLE t=471.0s rss=4424MB hwm=4424MB
RSS_SAMPLE t=471.2s rss=4424MB hwm=4424MB
RSS_SAMPLE t=471.5s rss=4425MB hwm=4425MB
RSS_SAMPLE t=471.7s rss=4425MB hwm=4425MB
RSS_SAMPLE t=472.0s rss=4425MB hwm=4425MB
RSS_SAMPLE t=472.2s rss=4425MB hwm=4425MB
RSS_SAMPLE t=472.5s rss=4425MB hwm=4425MB
RSS_SAMPLE t=472.7s rss=4426MB hwm=4426MB
RSS_SAMPLE t=473.0s rss=4426MB hwm=4426MB
RSS_SAMPLE t=473.2s rss=4426MB hwm=4426MB
RSS_SAMPLE t=473.5s rss=4427MB hwm=4427MB
RSS_SAMPLE t=473.7s rss=4427MB hwm=4427MB
RSS_SAMPLE t=474.0s rss=4428MB hwm=4428MB
RSS_SAMPLE t=474.2s rss=4428MB hwm=4428MB
RSS_SAMPLE t=474.5s rss=4428MB hwm=4428MB
RSS_SAMPLE t=474.7s rss=4429MB hwm=4429MB
RSS_SAMPLE t=475.0s rss=4430MB hwm=4430MB
RSS_SAMPLE t=475.2s rss=4431MB hwm=4431MB
RSS_SAMPLE t=475.5s rss=4431MB hwm=4431MB
RSS_SAMPLE t=475.7s rss=4431MB hwm=4431MB
RSS_SAMPLE t=476.0s rss=4431MB hwm=4431MB
RSS_SAMPLE t=476.2s rss=4432MB hwm=4432MB
RSS_SAMPLE t=476.5s rss=4432MB hwm=4432MB
RSS_SAMPLE t=476.7s rss=4432MB hwm=4432MB
RSS_SAMPLE t=477.0s rss=4433MB hwm=4433MB
RSS_SAMPLE t=477.2s rss=4433MB hwm=4433MB
RSS_SAMPLE t=477.5s rss=4433MB hwm=4433MB
RSS_SAMPLE t=477.7s rss=4433MB hwm=4433MB
RSS_SAMPLE t=478.0s rss=4433MB hwm=4433MB
RSS_SAMPLE t=478.2s rss=4434MB hwm=4434MB
RSS_SAMPLE t=478.5s rss=4434MB hwm=4434MB
RSS_SAMPLE t=478.7s rss=4434MB hwm=4434MB
RSS_SAMPLE t=479.0s rss=4434MB hwm=4434MB
RSS_SAMPLE t=479.2s rss=4434MB hwm=4434MB
RSS_SAMPLE t=479.5s rss=4434MB hwm=4434MB
RSS_SAMPLE t=479.7s rss=4434MB hwm=4434MB
RSS_SAMPLE t=480.0s rss=4434MB hwm=4434MB
RSS_SAMPLE t=480.2s rss=4434MB hwm=4434MB
RSS_SAMPLE t=480.5s rss=4434MB hwm=4434MB
RSS_SAMPLE t=480.7s rss=4434MB hwm=4434MB
RSS_SAMPLE t=481.0s rss=4434MB hwm=4434MB
RSS_SAMPLE t=481.2s rss=4434MB hwm=4434MB
RSS_SAMPLE t=481.5s rss=4434MB hwm=4434MB
RSS_SAMPLE t=481.7s rss=4434MB hwm=4434MB
RSS_SAMPLE t=482.0s rss=4434MB hwm=4434MB
RSS_SAMPLE t=482.2s rss=4434MB hwm=4434MB
RSS_SAMPLE t=482.5s rss=4434MB hwm=4434MB
RSS_SAMPLE t=482.7s rss=4434MB hwm=4434MB
RSS_SAMPLE t=483.0s rss=4434MB hwm=4434MB
RSS_SAMPLE t=483.2s rss=4434MB hwm=4434MB
RSS_SAMPLE t=483.5s rss=4434MB hwm=4434MB
RSS_SAMPLE t=483.7s rss=4434MB hwm=4434MB
RSS_SAMPLE t=484.0s rss=4434MB hwm=4434MB
RSS_SAMPLE t=484.2s rss=4434MB hwm=4434MB
RSS_SAMPLE t=484.5s rss=4434MB hwm=4434MB
RSS_SAMPLE t=484.7s rss=4434MB hwm=4434MB
RSS_SAMPLE t=485.0s rss=4434MB hwm=4434MB
RSS_SAMPLE t=485.2s rss=4434MB hwm=4434MB
RSS_SAMPLE t=485.5s rss=4434MB hwm=4434MB
RSS_SAMPLE t=485.7s rss=4434MB hwm=4434MB
RSS_SAMPLE t=486.0s rss=4434MB hwm=4434MB
RSS_SAMPLE t=486.2s rss=4434MB hwm=4434MB
RSS_SAMPLE t=486.5s rss=4434MB hwm=4434MB
RSS_SAMPLE t=486.7s rss=4434MB hwm=4434MB
RSS_SAMPLE t=487.0s rss=4434MB hwm=4434MB
RSS_SAMPLE t=487.2s rss=4434MB hwm=4434MB
RSS_SAMPLE t=487.5s rss=4434MB hwm=4434MB
RSS_SAMPLE t=487.7s rss=4434MB hwm=4434MB
RSS_SAMPLE t=488.0s rss=4434MB hwm=4434MB
RSS_SAMPLE t=488.2s rss=4434MB hwm=4434MB
RSS_SAMPLE t=488.5s rss=4434MB hwm=4434MB
RSS_SAMPLE t=488.7s rss=4434MB hwm=4434MB
RSS_SAMPLE t=489.0s rss=4434MB hwm=4434MB
RSS_SAMPLE t=489.2s rss=4434MB hwm=4434MB
RSS_SAMPLE t=489.5s rss=4434MB hwm=4434MB
RSS_SAMPLE t=489.7s rss=4434MB hwm=4434MB
RSS_SAMPLE t=490.0s rss=4434MB hwm=4434MB
RSS_SAMPLE t=490.2s rss=4434MB hwm=4434MB
RSS_SAMPLE t=490.5s rss=4434MB hwm=4434MB
RSS_SAMPLE t=490.7s rss=4434MB hwm=4434MB
RSS_SAMPLE t=491.0s rss=4434MB hwm=4434MB
RSS_SAMPLE t=491.2s rss=4434MB hwm=4434MB
RSS_SAMPLE t=491.5s rss=4434MB hwm=4434MB
RSS_SAMPLE t=491.7s rss=4434MB hwm=4434MB
RSS_SAMPLE t=492.0s rss=4434MB hwm=4434MB
RSS_SAMPLE t=492.2s rss=4434MB hwm=4434MB
RSS_SAMPLE t=492.5s rss=4434MB hwm=4434MB
RSS_SAMPLE t=492.7s rss=4434MB hwm=4434MB
RSS_SAMPLE t=493.0s rss=4434MB hwm=4434MB
RSS_SAMPLE t=493.2s rss=4434MB hwm=4434MB
RSS_SAMPLE t=493.5s rss=4434MB hwm=4434MB
RSS_SAMPLE t=493.7s rss=4434MB hwm=4434MB
RSS_SAMPLE t=494.0s rss=4434MB hwm=4434MB
RSS_SAMPLE t=494.2s rss=4434MB hwm=4434MB
RSS_SAMPLE t=494.5s rss=4434MB hwm=4434MB
RSS_SAMPLE t=494.7s rss=4434MB hwm=4434MB
RSS_SAMPLE t=495.0s rss=4434MB hwm=4434MB
RSS_SAMPLE t=495.2s rss=4434MB hwm=4434MB
RSS_SAMPLE t=495.5s rss=4434MB hwm=4434MB
RSS_SAMPLE t=495.7s rss=4435MB hwm=4435MB
RSS_SAMPLE t=496.0s rss=4435MB hwm=4435MB
RSS_SAMPLE t=496.2s rss=4435MB hwm=4435MB
RSS_SAMPLE t=496.5s rss=4435MB hwm=4435MB
RSS_SAMPLE t=496.7s rss=4435MB hwm=4435MB
RSS_SAMPLE t=497.0s rss=4435MB hwm=4435MB
RSS_SAMPLE t=497.2s rss=4435MB hwm=4435MB
RSS_SAMPLE t=497.5s rss=4435MB hwm=4435MB
RSS_SAMPLE t=497.7s rss=4435MB hwm=4435MB
RSS_SAMPLE t=498.0s rss=4435MB hwm=4435MB
RSS_SAMPLE t=498.2s rss=4435MB hwm=4435MB
RSS_SAMPLE t=498.5s rss=4435MB hwm=4435MB
RSS_SAMPLE t=498.7s rss=4435MB hwm=4435MB
RSS_SAMPLE t=499.0s rss=4435MB hwm=4435MB
RSS_SAMPLE t=499.2s rss=4435MB hwm=4435MB
RSS_SAMPLE t=499.5s rss=4435MB hwm=4435MB
RSS_SAMPLE t=499.7s rss=4435MB hwm=4435MB
RSS_SAMPLE t=500.0s rss=4435MB hwm=4435MB
RSS_SAMPLE t=500.2s rss=4435MB hwm=4435MB
RSS_SAMPLE t=500.5s rss=4435MB hwm=4435MB
RSS_SAMPLE t=500.7s rss=4435MB hwm=4435MB
RSS_SAMPLE t=501.0s rss=4435MB hwm=4435MB
RSS_SAMPLE t=501.2s rss=4435MB hwm=4435MB
RSS_SAMPLE t=501.5s rss=4435MB hwm=4435MB
RSS_SAMPLE t=501.7s rss=4435MB hwm=4435MB
RSS_SAMPLE t=502.0s rss=4435MB hwm=4435MB
RSS_SAMPLE t=502.2s rss=4435MB hwm=4435MB
RSS_SAMPLE t=502.5s rss=4435MB hwm=4435MB
RSS_SAMPLE t=502.7s rss=4435MB hwm=4435MB
RSS_SAMPLE t=503.0s rss=4435MB hwm=4435MB
RSS_SAMPLE t=503.2s rss=4435MB hwm=4435MB
RSS_SAMPLE t=503.5s rss=4435MB hwm=4435MB
RSS_SAMPLE t=503.7s rss=4435MB hwm=4435MB
RSS_SAMPLE t=504.0s rss=4435MB hwm=4435MB
RSS_SAMPLE t=504.2s rss=4435MB hwm=4435MB
RSS_SAMPLE t=504.5s rss=4435MB hwm=4435MB
RSS_SAMPLE t=504.7s rss=4435MB hwm=4435MB
RSS_SAMPLE t=505.0s rss=4435MB hwm=4435MB
RSS_SAMPLE t=505.2s rss=4435MB hwm=4435MB
RSS_SAMPLE t=505.5s rss=4435MB hwm=4435MB
RSS_SAMPLE t=505.7s rss=4435MB hwm=4435MB
RSS_SAMPLE t=506.0s rss=4436MB hwm=4436MB
RSS_SAMPLE t=506.2s rss=4436MB hwm=4436MB
RSS_SAMPLE t=506.5s rss=4436MB hwm=4436MB
RSS_SAMPLE t=506.7s rss=4436MB hwm=4436MB
RSS_SAMPLE t=507.0s rss=4436MB hwm=4436MB
RSS_SAMPLE t=507.2s rss=4436MB hwm=4436MB
RSS_SAMPLE t=507.5s rss=4436MB hwm=4436MB
MEM_POOL: workspaces=32 dense_usage_mb=1251 n_pipes=2562403
    post_solve_diag[outer=3]: solves=105117 cap_armed=105117 (100.0%) settle_avg=7796 above_sink_avg=165 (2.1%) settle_max=69353
    load_support[outer=3]: settle_avg=7796 load_nz_avg=6457 (82.8%) load_material_avg=4631 (59.4%)
    prune_ceiling[outer=3]: settle_avg=7796 heuristic_prunable_avg=1525 (19.6%) vs oracle_zero_load=17.2%
    settle_hist[outer=3]: <100: 24979nets/0.0%work  <1k: 25887nets/1.1%work  <5k: 22401nets/7.0%work  <20k: 15799nets/21.1%work  <60k: 15050nets/62.8%work  >=60k: 1001nets/7.9%work
    fanout_hist[outer=3]: fan1: 43710nets/13.1%work  fan2-4: 48279nets/50.4%work  fan5-16: 12974nets/35.6%work  fan17-64: 154nets/0.9%work  fan65-256: 0nets/0.0%work  fan>256: 0nets/0.0%work
    rss_probe[outer=3]: pre_post_solve=4373MB post_post_solve=4436MB after_apply=4436MB
    E_decomp: base=5138186.6 eff=42886299.9 cong=37748113.3 cong_share=88.0% sat_pipes=78114 max_util=518.89  R_buckets: 1-2x=104614 2-10x=2105712 10-100x=347529 >=100x=4548
    E_potential: beckmann=604314206124.0 history_total=0.0
    SpanCache: epoch=4 entries=1720 lookups=2562403 hits=2560683 misses=1720 hit_rate=99.9%
  DCD   3: nets=105117 line=15275388 energy=5976116.279 dE=-173247.151 friction=2730180.8 bins=2.0x(586) excess=197.9 moved=66503 disp=6.525 solves=105117 skip=105117 pops=819447364 theta=0.401 refresh=90840ms dcd=6811ms total=100120ms
    cache_stats: entries=58935341 capacity=106660764 est_mb=920 rss_mb=4437
RSS_SAMPLE t=507.8s rss=4437MB hwm=4437MB
RSS_SAMPLE t=508.0s rss=4437MB hwm=4437MB
RSS_SAMPLE t=508.3s rss=4437MB hwm=4437MB
RSS_SAMPLE t=508.5s rss=4437MB hwm=4437MB
RSS_SAMPLE t=508.8s rss=4437MB hwm=4437MB
RSS_SAMPLE t=509.0s rss=4437MB hwm=4437MB
RSS_SAMPLE t=509.3s rss=4437MB hwm=4437MB
RSS_SAMPLE t=509.5s rss=4437MB hwm=4437MB
RSS_SAMPLE t=509.8s rss=4437MB hwm=4437MB
RSS_SAMPLE t=510.0s rss=4437MB hwm=4437MB
    SwitchMatrix: type_usage_pairs=486 lookups=1357 hits=871 dijkstra_calls=486 avg_us=11.2 total_ms=5.4
PHASE_MARK outer=4 enter=pre_solve rss=4437MB
    rss_probe[outer=4]: pre_refresh_rss=4437MB post_pre_solve_rss=4437MB cache_entries=58935341 cache_cap=106660764 cache_est_mb=920
    pre_solve_diag[outer=4]: solves=0 fallback=0 (0.0%) cap_armed=0 (0.0%) settle_avg=0 settle_max=0 init_count=233
    Overflow: over=74254 (2.9% of used) avg_excess=5.48 max_excess=3419.91 (nc=3443.91 cap=24 span=1)  excess_buckets: <=1=9742 1-5=39553 5-20=23040 >20=1919  by_cap: cap1=3194 cap2=69608 cap3-5=0 cap>5=1452  by_span: s1=474 s2-3=941 s4-6=1347 s7-12=68531 s>12=2961  le1_cross: cap1=2746 cap2-5=6833 cap>5=163
    Congestion: pipes=2562403 used=2562403 congested(>50%)=126333 saturated(>90%)=78114 max_util=518.89 avg_util=0.1940
PHASE_MARK outer=4 enter=dcd_sweep rss=4437MB
RSS_SAMPLE t=510.3s rss=4437MB hwm=4437MB
RSS_SAMPLE t=510.5s rss=4437MB hwm=4437MB
RSS_SAMPLE t=510.8s rss=4437MB hwm=4437MB
RSS_SAMPLE t=511.0s rss=4437MB hwm=4437MB
RSS_SAMPLE t=511.3s rss=4437MB hwm=4437MB
RSS_SAMPLE t=511.5s rss=4437MB hwm=4437MB
RSS_SAMPLE t=511.8s rss=4437MB hwm=4437MB
RSS_SAMPLE t=512.0s rss=4437MB hwm=4437MB
RSS_SAMPLE t=512.3s rss=4437MB hwm=4437MB
RSS_SAMPLE t=512.5s rss=4437MB hwm=4437MB
RSS_SAMPLE t=512.8s rss=4437MB hwm=4437MB
RSS_SAMPLE t=513.0s rss=4437MB hwm=4437MB
RSS_SAMPLE t=513.3s rss=4437MB hwm=4437MB
RSS_SAMPLE t=513.5s rss=4437MB hwm=4437MB
RSS_SAMPLE t=513.8s rss=4437MB hwm=4437MB
RSS_SAMPLE t=514.0s rss=4437MB hwm=4437MB
RSS_SAMPLE t=514.3s rss=4437MB hwm=4437MB
RSS_SAMPLE t=514.5s rss=4437MB hwm=4437MB
RSS_SAMPLE t=514.8s rss=4437MB hwm=4437MB
RSS_SAMPLE t=515.0s rss=4437MB hwm=4437MB
RSS_SAMPLE t=515.3s rss=4437MB hwm=4437MB
RSS_SAMPLE t=515.5s rss=4437MB hwm=4437MB
RSS_SAMPLE t=515.8s rss=4437MB hwm=4437MB
RSS_SAMPLE t=516.0s rss=4437MB hwm=4437MB
RSS_SAMPLE t=516.3s rss=4437MB hwm=4437MB
RSS_SAMPLE t=516.5s rss=4437MB hwm=4437MB
RSS_SAMPLE t=516.8s rss=4437MB hwm=4437MB
PHASE_MARK outer=4 leave=dcd_sweep rss=4437MB
PHASE_MARK outer=4 enter=post_refresh rss=4437MB
RSS_SAMPLE t=517.0s rss=4438MB hwm=4438MB
RSS_SAMPLE t=517.3s rss=4440MB hwm=4440MB
RSS_SAMPLE t=517.5s rss=4440MB hwm=4440MB
RSS_SAMPLE t=517.8s rss=4440MB hwm=4440MB
RSS_SAMPLE t=518.0s rss=4440MB hwm=4440MB
RSS_SAMPLE t=518.3s rss=4440MB hwm=4440MB
RSS_SAMPLE t=518.5s rss=4440MB hwm=4440MB
RSS_SAMPLE t=518.8s rss=4440MB hwm=4440MB
RSS_SAMPLE t=519.0s rss=4440MB hwm=4440MB
RSS_SAMPLE t=519.3s rss=4440MB hwm=4440MB
RSS_SAMPLE t=519.5s rss=4440MB hwm=4440MB
RSS_SAMPLE t=519.8s rss=4440MB hwm=4440MB
RSS_SAMPLE t=520.0s rss=4441MB hwm=4441MB
RSS_SAMPLE t=520.3s rss=4441MB hwm=4441MB
RSS_SAMPLE t=520.5s rss=4441MB hwm=4441MB
RSS_SAMPLE t=520.8s rss=4441MB hwm=4441MB
RSS_SAMPLE t=521.0s rss=4441MB hwm=4441MB
RSS_SAMPLE t=521.3s rss=4442MB hwm=4442MB
RSS_SAMPLE t=521.5s rss=4442MB hwm=4442MB
RSS_SAMPLE t=521.8s rss=4442MB hwm=4442MB
RSS_SAMPLE t=522.0s rss=4442MB hwm=4442MB
RSS_SAMPLE t=522.3s rss=4442MB hwm=4442MB
RSS_SAMPLE t=522.5s rss=4442MB hwm=4442MB
RSS_SAMPLE t=522.8s rss=4443MB hwm=4443MB
RSS_SAMPLE t=523.0s rss=4443MB hwm=4443MB
RSS_SAMPLE t=523.3s rss=4443MB hwm=4443MB
RSS_SAMPLE t=523.5s rss=4443MB hwm=4443MB
RSS_SAMPLE t=523.8s rss=4443MB hwm=4443MB
RSS_SAMPLE t=524.0s rss=4443MB hwm=4443MB
RSS_SAMPLE t=524.3s rss=4444MB hwm=4444MB
RSS_SAMPLE t=524.5s rss=4444MB hwm=4444MB
RSS_SAMPLE t=524.8s rss=4444MB hwm=4444MB
RSS_SAMPLE t=525.0s rss=4444MB hwm=4444MB
RSS_SAMPLE t=525.3s rss=4444MB hwm=4444MB
RSS_SAMPLE t=525.5s rss=4445MB hwm=4445MB
RSS_SAMPLE t=525.8s rss=4445MB hwm=4445MB
RSS_SAMPLE t=526.0s rss=4445MB hwm=4445MB
RSS_SAMPLE t=526.3s rss=4445MB hwm=4445MB
RSS_SAMPLE t=526.5s rss=4446MB hwm=4446MB
RSS_SAMPLE t=526.8s rss=4446MB hwm=4446MB
RSS_SAMPLE t=527.0s rss=4447MB hwm=4447MB
RSS_SAMPLE t=527.3s rss=4447MB hwm=4447MB
RSS_SAMPLE t=527.5s rss=4447MB hwm=4447MB
RSS_SAMPLE t=527.8s rss=4447MB hwm=4447MB
RSS_SAMPLE t=528.0s rss=4448MB hwm=4448MB
RSS_SAMPLE t=528.3s rss=4448MB hwm=4448MB
RSS_SAMPLE t=528.5s rss=4448MB hwm=4448MB
RSS_SAMPLE t=528.8s rss=4449MB hwm=4449MB
RSS_SAMPLE t=529.0s rss=4449MB hwm=4449MB
RSS_SAMPLE t=529.3s rss=4449MB hwm=4449MB
RSS_SAMPLE t=529.5s rss=4450MB hwm=4450MB
RSS_SAMPLE t=529.8s rss=4450MB hwm=4450MB
RSS_SAMPLE t=530.0s rss=4450MB hwm=4450MB
RSS_SAMPLE t=530.3s rss=4451MB hwm=4451MB
RSS_SAMPLE t=530.5s rss=4451MB hwm=4451MB
RSS_SAMPLE t=530.8s rss=4451MB hwm=4451MB
RSS_SAMPLE t=531.0s rss=4452MB hwm=4452MB
RSS_SAMPLE t=531.3s rss=4452MB hwm=4452MB
RSS_SAMPLE t=531.5s rss=4452MB hwm=4452MB
RSS_SAMPLE t=531.8s rss=4452MB hwm=4452MB
RSS_SAMPLE t=532.0s rss=4453MB hwm=4453MB
RSS_SAMPLE t=532.3s rss=4453MB hwm=4453MB
RSS_SAMPLE t=532.5s rss=4453MB hwm=4453MB
RSS_SAMPLE t=532.8s rss=4453MB hwm=4453MB
RSS_SAMPLE t=533.0s rss=4454MB hwm=4454MB
RSS_SAMPLE t=533.3s rss=4454MB hwm=4454MB
RSS_SAMPLE t=533.5s rss=4454MB hwm=4454MB
RSS_SAMPLE t=533.8s rss=4455MB hwm=4455MB
RSS_SAMPLE t=534.0s rss=4455MB hwm=4455MB
RSS_SAMPLE t=534.3s rss=4456MB hwm=4456MB
RSS_SAMPLE t=534.5s rss=4456MB hwm=4456MB
RSS_SAMPLE t=534.8s rss=4456MB hwm=4456MB
RSS_SAMPLE t=535.0s rss=4457MB hwm=4457MB
RSS_SAMPLE t=535.3s rss=4457MB hwm=4457MB
RSS_SAMPLE t=535.5s rss=4457MB hwm=4457MB
RSS_SAMPLE t=535.8s rss=4457MB hwm=4457MB
RSS_SAMPLE t=536.0s rss=4458MB hwm=4458MB
RSS_SAMPLE t=536.3s rss=4459MB hwm=4459MB
RSS_SAMPLE t=536.5s rss=4459MB hwm=4459MB
RSS_SAMPLE t=536.8s rss=4459MB hwm=4459MB
RSS_SAMPLE t=537.0s rss=4459MB hwm=4459MB
RSS_SAMPLE t=537.3s rss=4460MB hwm=4460MB
RSS_SAMPLE t=537.5s rss=4460MB hwm=4460MB
RSS_SAMPLE t=537.8s rss=4460MB hwm=4460MB
RSS_SAMPLE t=538.0s rss=4461MB hwm=4461MB
RSS_SAMPLE t=538.3s rss=4462MB hwm=4462MB
RSS_SAMPLE t=538.5s rss=4462MB hwm=4462MB
RSS_SAMPLE t=538.8s rss=4462MB hwm=4462MB
RSS_SAMPLE t=539.0s rss=4463MB hwm=4463MB
RSS_SAMPLE t=539.3s rss=4463MB hwm=4463MB
RSS_SAMPLE t=539.5s rss=4463MB hwm=4463MB
RSS_SAMPLE t=539.8s rss=4464MB hwm=4464MB
RSS_SAMPLE t=540.0s rss=4464MB hwm=4464MB
RSS_SAMPLE t=540.3s rss=4465MB hwm=4465MB
RSS_SAMPLE t=540.5s rss=4465MB hwm=4465MB
RSS_SAMPLE t=540.8s rss=4465MB hwm=4465MB
RSS_SAMPLE t=541.0s rss=4466MB hwm=4466MB
RSS_SAMPLE t=541.3s rss=4466MB hwm=4466MB
RSS_SAMPLE t=541.5s rss=4467MB hwm=4467MB
RSS_SAMPLE t=541.8s rss=4467MB hwm=4467MB
RSS_SAMPLE t=542.0s rss=4467MB hwm=4467MB
RSS_SAMPLE t=542.3s rss=4467MB hwm=4467MB
RSS_SAMPLE t=542.5s rss=4468MB hwm=4468MB
RSS_SAMPLE t=542.8s rss=4468MB hwm=4468MB
RSS_SAMPLE t=543.0s rss=4468MB hwm=4468MB
RSS_SAMPLE t=543.3s rss=4469MB hwm=4469MB
RSS_SAMPLE t=543.5s rss=4469MB hwm=4469MB
RSS_SAMPLE t=543.8s rss=4469MB hwm=4469MB
RSS_SAMPLE t=544.1s rss=4469MB hwm=4469MB
RSS_SAMPLE t=544.3s rss=4469MB hwm=4469MB
RSS_SAMPLE t=544.6s rss=4469MB hwm=4469MB
RSS_SAMPLE t=544.8s rss=4470MB hwm=4470MB
RSS_SAMPLE t=545.1s rss=4470MB hwm=4470MB
RSS_SAMPLE t=545.3s rss=4470MB hwm=4470MB
RSS_SAMPLE t=545.6s rss=4470MB hwm=4470MB
RSS_SAMPLE t=545.8s rss=4470MB hwm=4470MB
RSS_SAMPLE t=546.1s rss=4470MB hwm=4470MB
RSS_SAMPLE t=546.3s rss=4470MB hwm=4470MB
RSS_SAMPLE t=546.6s rss=4470MB hwm=4470MB
RSS_SAMPLE t=546.8s rss=4470MB hwm=4470MB
RSS_SAMPLE t=547.1s rss=4470MB hwm=4470MB
RSS_SAMPLE t=547.3s rss=4470MB hwm=4470MB
RSS_SAMPLE t=547.6s rss=4471MB hwm=4471MB
RSS_SAMPLE t=547.8s rss=4471MB hwm=4471MB
RSS_SAMPLE t=548.1s rss=4471MB hwm=4471MB
RSS_SAMPLE t=548.3s rss=4471MB hwm=4471MB
RSS_SAMPLE t=548.6s rss=4471MB hwm=4471MB
RSS_SAMPLE t=548.8s rss=4471MB hwm=4471MB
RSS_SAMPLE t=549.1s rss=4471MB hwm=4471MB
RSS_SAMPLE t=549.3s rss=4472MB hwm=4472MB
RSS_SAMPLE t=549.6s rss=4472MB hwm=4472MB
RSS_SAMPLE t=549.8s rss=4472MB hwm=4472MB
RSS_SAMPLE t=550.1s rss=4472MB hwm=4472MB
RSS_SAMPLE t=550.3s rss=4472MB hwm=4472MB
RSS_SAMPLE t=550.6s rss=4472MB hwm=4472MB
RSS_SAMPLE t=550.8s rss=4472MB hwm=4472MB
RSS_SAMPLE t=551.1s rss=4472MB hwm=4472MB
RSS_SAMPLE t=551.3s rss=4473MB hwm=4473MB
RSS_SAMPLE t=551.6s rss=4473MB hwm=4473MB
RSS_SAMPLE t=551.8s rss=4473MB hwm=4473MB
RSS_SAMPLE t=552.1s rss=4473MB hwm=4473MB
RSS_SAMPLE t=552.3s rss=4473MB hwm=4473MB
RSS_SAMPLE t=552.6s rss=4473MB hwm=4473MB
RSS_SAMPLE t=552.8s rss=4473MB hwm=4473MB
RSS_SAMPLE t=553.1s rss=4474MB hwm=4474MB
RSS_SAMPLE t=553.3s rss=4474MB hwm=4474MB
RSS_SAMPLE t=553.6s rss=4474MB hwm=4474MB
RSS_SAMPLE t=553.8s rss=4474MB hwm=4474MB
RSS_SAMPLE t=554.1s rss=4474MB hwm=4474MB
RSS_SAMPLE t=554.3s rss=4474MB hwm=4474MB
RSS_SAMPLE t=554.6s rss=4475MB hwm=4475MB
RSS_SAMPLE t=554.8s rss=4475MB hwm=4475MB
RSS_SAMPLE t=555.1s rss=4475MB hwm=4475MB
RSS_SAMPLE t=555.3s rss=4475MB hwm=4475MB
RSS_SAMPLE t=555.6s rss=4476MB hwm=4476MB
RSS_SAMPLE t=555.8s rss=4476MB hwm=4476MB
RSS_SAMPLE t=556.1s rss=4476MB hwm=4476MB
RSS_SAMPLE t=556.3s rss=4476MB hwm=4476MB
RSS_SAMPLE t=556.6s rss=4476MB hwm=4476MB
RSS_SAMPLE t=556.8s rss=4476MB hwm=4476MB
RSS_SAMPLE t=557.1s rss=4477MB hwm=4477MB
RSS_SAMPLE t=557.3s rss=4477MB hwm=4477MB
RSS_SAMPLE t=557.6s rss=4477MB hwm=4477MB
RSS_SAMPLE t=557.8s rss=4477MB hwm=4477MB
RSS_SAMPLE t=558.1s rss=4477MB hwm=4477MB
RSS_SAMPLE t=558.3s rss=4478MB hwm=4478MB
RSS_SAMPLE t=558.6s rss=4478MB hwm=4478MB
RSS_SAMPLE t=558.8s rss=4478MB hwm=4478MB
RSS_SAMPLE t=559.1s rss=4479MB hwm=4479MB
RSS_SAMPLE t=559.3s rss=4479MB hwm=4479MB
RSS_SAMPLE t=559.6s rss=4479MB hwm=4479MB
RSS_SAMPLE t=559.8s rss=4479MB hwm=4479MB
RSS_SAMPLE t=560.1s rss=4479MB hwm=4479MB
RSS_SAMPLE t=560.3s rss=4479MB hwm=4479MB
RSS_SAMPLE t=560.6s rss=4479MB hwm=4479MB
RSS_SAMPLE t=560.8s rss=4480MB hwm=4480MB
RSS_SAMPLE t=561.1s rss=4480MB hwm=4480MB
RSS_SAMPLE t=561.3s rss=4480MB hwm=4480MB
RSS_SAMPLE t=561.6s rss=4480MB hwm=4480MB
RSS_SAMPLE t=561.8s rss=4481MB hwm=4481MB
RSS_SAMPLE t=562.1s rss=4481MB hwm=4481MB
RSS_SAMPLE t=562.3s rss=4481MB hwm=4481MB
RSS_SAMPLE t=562.6s rss=4481MB hwm=4481MB
RSS_SAMPLE t=562.8s rss=4481MB hwm=4481MB
RSS_SAMPLE t=563.1s rss=4481MB hwm=4481MB
RSS_SAMPLE t=563.3s rss=4482MB hwm=4482MB
RSS_SAMPLE t=563.6s rss=4482MB hwm=4482MB
RSS_SAMPLE t=563.8s rss=4482MB hwm=4482MB
RSS_SAMPLE t=564.1s rss=4482MB hwm=4482MB
RSS_SAMPLE t=564.3s rss=4482MB hwm=4482MB
RSS_SAMPLE t=564.6s rss=4482MB hwm=4482MB
RSS_SAMPLE t=564.8s rss=4482MB hwm=4482MB
RSS_SAMPLE t=565.1s rss=4483MB hwm=4483MB
RSS_SAMPLE t=565.3s rss=4483MB hwm=4483MB
RSS_SAMPLE t=565.6s rss=4483MB hwm=4483MB
RSS_SAMPLE t=565.8s rss=4483MB hwm=4483MB
RSS_SAMPLE t=566.1s rss=4483MB hwm=4483MB
RSS_SAMPLE t=566.3s rss=4483MB hwm=4483MB
RSS_SAMPLE t=566.6s rss=4483MB hwm=4483MB
RSS_SAMPLE t=566.8s rss=4483MB hwm=4483MB
RSS_SAMPLE t=567.1s rss=4484MB hwm=4484MB
RSS_SAMPLE t=567.3s rss=4484MB hwm=4484MB
RSS_SAMPLE t=567.6s rss=4484MB hwm=4484MB
RSS_SAMPLE t=567.8s rss=4484MB hwm=4484MB
RSS_SAMPLE t=568.1s rss=4484MB hwm=4484MB
RSS_SAMPLE t=568.3s rss=4484MB hwm=4484MB
RSS_SAMPLE t=568.6s rss=4484MB hwm=4484MB
RSS_SAMPLE t=568.8s rss=4484MB hwm=4484MB
RSS_SAMPLE t=569.1s rss=4484MB hwm=4484MB
RSS_SAMPLE t=569.3s rss=4484MB hwm=4484MB
RSS_SAMPLE t=569.6s rss=4485MB hwm=4485MB
RSS_SAMPLE t=569.8s rss=4485MB hwm=4485MB
RSS_SAMPLE t=570.1s rss=4485MB hwm=4485MB
RSS_SAMPLE t=570.3s rss=4485MB hwm=4485MB
RSS_SAMPLE t=570.6s rss=4485MB hwm=4485MB
RSS_SAMPLE t=570.8s rss=4485MB hwm=4485MB
RSS_SAMPLE t=571.1s rss=4485MB hwm=4485MB
RSS_SAMPLE t=571.3s rss=4485MB hwm=4485MB
RSS_SAMPLE t=571.6s rss=4485MB hwm=4485MB
RSS_SAMPLE t=571.8s rss=4486MB hwm=4486MB
RSS_SAMPLE t=572.1s rss=4486MB hwm=4486MB
RSS_SAMPLE t=572.3s rss=4486MB hwm=4486MB
RSS_SAMPLE t=572.6s rss=4486MB hwm=4486MB
RSS_SAMPLE t=572.8s rss=4486MB hwm=4486MB
RSS_SAMPLE t=573.1s rss=4486MB hwm=4486MB
RSS_SAMPLE t=573.3s rss=4486MB hwm=4486MB
RSS_SAMPLE t=573.6s rss=4486MB hwm=4486MB
RSS_SAMPLE t=573.8s rss=4486MB hwm=4486MB
RSS_SAMPLE t=574.1s rss=4486MB hwm=4486MB
RSS_SAMPLE t=574.3s rss=4486MB hwm=4486MB
RSS_SAMPLE t=574.6s rss=4486MB hwm=4486MB
RSS_SAMPLE t=574.8s rss=4486MB hwm=4486MB
RSS_SAMPLE t=575.1s rss=4486MB hwm=4486MB
RSS_SAMPLE t=575.3s rss=4486MB hwm=4486MB
RSS_SAMPLE t=575.6s rss=4487MB hwm=4487MB
RSS_SAMPLE t=575.8s rss=4487MB hwm=4487MB
RSS_SAMPLE t=576.1s rss=4487MB hwm=4487MB
RSS_SAMPLE t=576.3s rss=4487MB hwm=4487MB
RSS_SAMPLE t=576.6s rss=4487MB hwm=4487MB
RSS_SAMPLE t=576.8s rss=4487MB hwm=4487MB
RSS_SAMPLE t=577.1s rss=4487MB hwm=4487MB
RSS_SAMPLE t=577.3s rss=4487MB hwm=4487MB
RSS_SAMPLE t=577.6s rss=4487MB hwm=4487MB
RSS_SAMPLE t=577.8s rss=4487MB hwm=4487MB
RSS_SAMPLE t=578.1s rss=4488MB hwm=4488MB
RSS_SAMPLE t=578.3s rss=4488MB hwm=4488MB
RSS_SAMPLE t=578.6s rss=4488MB hwm=4488MB
RSS_SAMPLE t=578.8s rss=4488MB hwm=4488MB
RSS_SAMPLE t=579.1s rss=4488MB hwm=4488MB
RSS_SAMPLE t=579.3s rss=4488MB hwm=4488MB
RSS_SAMPLE t=579.6s rss=4488MB hwm=4488MB
RSS_SAMPLE t=579.8s rss=4488MB hwm=4488MB
RSS_SAMPLE t=580.1s rss=4488MB hwm=4488MB
RSS_SAMPLE t=580.3s rss=4488MB hwm=4488MB
RSS_SAMPLE t=580.6s rss=4488MB hwm=4488MB
RSS_SAMPLE t=580.8s rss=4488MB hwm=4488MB
RSS_SAMPLE t=581.1s rss=4488MB hwm=4488MB
RSS_SAMPLE t=581.3s rss=4488MB hwm=4488MB
RSS_SAMPLE t=581.6s rss=4488MB hwm=4488MB
RSS_SAMPLE t=581.8s rss=4488MB hwm=4488MB
RSS_SAMPLE t=582.1s rss=4488MB hwm=4488MB
RSS_SAMPLE t=582.3s rss=4488MB hwm=4488MB
RSS_SAMPLE t=582.6s rss=4488MB hwm=4488MB
RSS_SAMPLE t=582.8s rss=4488MB hwm=4488MB
RSS_SAMPLE t=583.1s rss=4488MB hwm=4488MB
RSS_SAMPLE t=583.3s rss=4488MB hwm=4488MB
RSS_SAMPLE t=583.6s rss=4488MB hwm=4488MB
RSS_SAMPLE t=583.8s rss=4488MB hwm=4488MB
RSS_SAMPLE t=584.1s rss=4488MB hwm=4488MB
RSS_SAMPLE t=584.3s rss=4488MB hwm=4488MB
RSS_SAMPLE t=584.6s rss=4488MB hwm=4488MB
RSS_SAMPLE t=584.8s rss=4488MB hwm=4488MB
RSS_SAMPLE t=585.1s rss=4488MB hwm=4488MB
RSS_SAMPLE t=585.3s rss=4488MB hwm=4488MB
RSS_SAMPLE t=585.6s rss=4488MB hwm=4488MB
RSS_SAMPLE t=585.8s rss=4488MB hwm=4488MB
RSS_SAMPLE t=586.1s rss=4488MB hwm=4488MB
RSS_SAMPLE t=586.3s rss=4488MB hwm=4488MB
RSS_SAMPLE t=586.6s rss=4488MB hwm=4488MB
RSS_SAMPLE t=586.8s rss=4488MB hwm=4488MB
RSS_SAMPLE t=587.1s rss=4488MB hwm=4488MB
RSS_SAMPLE t=587.3s rss=4488MB hwm=4488MB
RSS_SAMPLE t=587.6s rss=4488MB hwm=4488MB
RSS_SAMPLE t=587.8s rss=4488MB hwm=4488MB
RSS_SAMPLE t=588.1s rss=4488MB hwm=4488MB
RSS_SAMPLE t=588.3s rss=4488MB hwm=4488MB
RSS_SAMPLE t=588.6s rss=4488MB hwm=4488MB
RSS_SAMPLE t=588.8s rss=4488MB hwm=4488MB
RSS_SAMPLE t=589.1s rss=4488MB hwm=4488MB
RSS_SAMPLE t=589.3s rss=4488MB hwm=4488MB
RSS_SAMPLE t=589.6s rss=4488MB hwm=4488MB
RSS_SAMPLE t=589.8s rss=4488MB hwm=4488MB
RSS_SAMPLE t=590.1s rss=4488MB hwm=4488MB
RSS_SAMPLE t=590.3s rss=4488MB hwm=4488MB
RSS_SAMPLE t=590.6s rss=4488MB hwm=4488MB
RSS_SAMPLE t=590.8s rss=4488MB hwm=4488MB
RSS_SAMPLE t=591.1s rss=4488MB hwm=4488MB
RSS_SAMPLE t=591.3s rss=4488MB hwm=4488MB
RSS_SAMPLE t=591.6s rss=4488MB hwm=4488MB
RSS_SAMPLE t=591.8s rss=4489MB hwm=4489MB
RSS_SAMPLE t=592.1s rss=4489MB hwm=4489MB
RSS_SAMPLE t=592.3s rss=4489MB hwm=4489MB
RSS_SAMPLE t=592.6s rss=4489MB hwm=4489MB
RSS_SAMPLE t=592.9s rss=4489MB hwm=4489MB
RSS_SAMPLE t=593.1s rss=4489MB hwm=4489MB
RSS_SAMPLE t=593.4s rss=4489MB hwm=4489MB
RSS_SAMPLE t=593.6s rss=4489MB hwm=4489MB
RSS_SAMPLE t=593.9s rss=4489MB hwm=4489MB
RSS_SAMPLE t=594.1s rss=4489MB hwm=4489MB
RSS_SAMPLE t=594.4s rss=4489MB hwm=4489MB
RSS_SAMPLE t=594.6s rss=4489MB hwm=4489MB
RSS_SAMPLE t=594.9s rss=4489MB hwm=4489MB
RSS_SAMPLE t=595.1s rss=4489MB hwm=4489MB
RSS_SAMPLE t=595.4s rss=4489MB hwm=4489MB
RSS_SAMPLE t=595.6s rss=4489MB hwm=4489MB
RSS_SAMPLE t=595.9s rss=4489MB hwm=4489MB
RSS_SAMPLE t=596.1s rss=4489MB hwm=4489MB
RSS_SAMPLE t=596.4s rss=4489MB hwm=4489MB
RSS_SAMPLE t=596.6s rss=4489MB hwm=4489MB
RSS_SAMPLE t=596.9s rss=4489MB hwm=4489MB
RSS_SAMPLE t=597.1s rss=4489MB hwm=4489MB
RSS_SAMPLE t=597.4s rss=4489MB hwm=4489MB
RSS_SAMPLE t=597.6s rss=4489MB hwm=4489MB
RSS_SAMPLE t=597.9s rss=4489MB hwm=4489MB
RSS_SAMPLE t=598.1s rss=4489MB hwm=4489MB
RSS_SAMPLE t=598.4s rss=4489MB hwm=4489MB
RSS_SAMPLE t=598.6s rss=4489MB hwm=4489MB
RSS_SAMPLE t=598.9s rss=4489MB hwm=4489MB
RSS_SAMPLE t=599.1s rss=4489MB hwm=4489MB
RSS_SAMPLE t=599.4s rss=4489MB hwm=4489MB
RSS_SAMPLE t=599.6s rss=4489MB hwm=4489MB
RSS_SAMPLE t=599.9s rss=4489MB hwm=4489MB
RSS_SAMPLE t=600.1s rss=4489MB hwm=4489MB
RSS_SAMPLE t=600.4s rss=4489MB hwm=4489MB
RSS_SAMPLE t=600.6s rss=4489MB hwm=4489MB
RSS_SAMPLE t=600.9s rss=4489MB hwm=4489MB
RSS_SAMPLE t=601.1s rss=4489MB hwm=4489MB
RSS_SAMPLE t=601.4s rss=4489MB hwm=4489MB
RSS_SAMPLE t=601.6s rss=4489MB hwm=4489MB
RSS_SAMPLE t=601.9s rss=4489MB hwm=4489MB
RSS_SAMPLE t=602.1s rss=4489MB hwm=4489MB
RSS_SAMPLE t=602.4s rss=4489MB hwm=4489MB
RSS_SAMPLE t=602.6s rss=4489MB hwm=4489MB
RSS_SAMPLE t=602.9s rss=4489MB hwm=4489MB
RSS_SAMPLE t=603.1s rss=4489MB hwm=4489MB
RSS_SAMPLE t=603.4s rss=4489MB hwm=4489MB
RSS_SAMPLE t=603.6s rss=4489MB hwm=4489MB
RSS_SAMPLE t=603.9s rss=4489MB hwm=4489MB
RSS_SAMPLE t=604.1s rss=4489MB hwm=4489MB
RSS_SAMPLE t=604.4s rss=4489MB hwm=4489MB
RSS_SAMPLE t=604.6s rss=4489MB hwm=4489MB
RSS_SAMPLE t=604.9s rss=4489MB hwm=4489MB
RSS_SAMPLE t=605.1s rss=4489MB hwm=4489MB
MEM_POOL: workspaces=32 dense_usage_mb=1251 n_pipes=2562403
    post_solve_diag[outer=4]: solves=105117 cap_armed=105117 (100.0%) settle_avg=7405 above_sink_avg=176 (2.4%) settle_max=69353
    load_support[outer=4]: settle_avg=7405 load_nz_avg=6174 (83.4%) load_material_avg=4754 (64.2%)
    prune_ceiling[outer=4]: settle_avg=7405 heuristic_prunable_avg=1418 (19.2%) vs oracle_zero_load=16.6%
    settle_hist[outer=4]: <100: 25452nets/0.0%work  <1k: 25321nets/1.2%work  <5k: 22788nets/7.4%work  <20k: 16544nets/23.2%work  <60k: 14289nets/62.1%work  >=60k: 723nets/6.0%work
    fanout_hist[outer=4]: fan1: 43710nets/13.0%work  fan2-4: 48279nets/50.4%work  fan5-16: 12974nets/35.7%work  fan17-64: 154nets/0.9%work  fan65-256: 0nets/0.0%work  fan>256: 0nets/0.0%work
    rss_probe[outer=4]: pre_post_solve=4440MB post_post_solve=4489MB after_apply=4489MB
RSS_SAMPLE t=605.4s rss=4489MB hwm=4489MB
    E_decomp: base=4633955.7 eff=43129055.6 cong=38495099.9 cong_share=89.3% sat_pipes=73586 max_util=1856.36  R_buckets: 1-2x=95988 2-10x=2106739 10-100x=353154 >=100x=6522
    E_potential: beckmann=118826695426317.6 history_total=0.0
    SpanCache: epoch=5 entries=1357 lookups=2562403 hits=2561046 misses=1357 hit_rate=99.9%
  DCD   4: nets=105117 line=14776537 energy=5844943.094 dE=-131173.186 friction=8508543.5 bins=1.9x(355) excess=104.5 moved=67054 disp=5.679 solves=105117 skip=105117 pops=778346961 theta=0.470 refresh=88390ms dcd=6762ms total=97732ms
    cache_stats: entries=59908601 capacity=110626007 est_mb=954 rss_mb=4490
RSS_SAMPLE t=605.6s rss=4490MB hwm=4490MB
RSS_SAMPLE t=605.9s rss=4490MB hwm=4490MB
RSS_SAMPLE t=606.1s rss=4490MB hwm=4490MB
RSS_SAMPLE t=606.4s rss=4490MB hwm=4490MB
RSS_SAMPLE t=606.6s rss=4490MB hwm=4490MB
RSS_SAMPLE t=606.9s rss=4490MB hwm=4490MB
RSS_SAMPLE t=607.1s rss=4490MB hwm=4490MB
RSS_SAMPLE t=607.4s rss=4490MB hwm=4490MB
RSS_SAMPLE t=607.6s rss=4490MB hwm=4490MB
RSS_SAMPLE t=607.9s rss=4490MB hwm=4490MB
    SwitchMatrix: type_usage_pairs=477 lookups=1283 hits=806 dijkstra_calls=477 avg_us=11.1 total_ms=5.3
PHASE_MARK outer=5 enter=pre_solve rss=4490MB
    rss_probe[outer=5]: pre_refresh_rss=4490MB post_pre_solve_rss=4490MB cache_entries=59908601 cache_cap=110626007 cache_est_mb=954
    pre_solve_diag[outer=5]: solves=0 fallback=0 (0.0%) cap_armed=0 (0.0%) settle_avg=0 settle_max=0 init_count=254
    Overflow: over=71501 (2.8% of used) avg_excess=5.87 max_excess=3287.55 (nc=3311.55 cap=24 span=1)  excess_buckets: <=1=6529 1-5=45032 5-20=16743 >20=3197  by_cap: cap1=1480 cap2=68711 cap3-5=0 cap>5=1310  by_span: s1=478 s2-3=884 s4-6=1260 s7-12=67594 s>12=1285  le1_cross: cap1=1061 cap2-5=5357 cap>5=111
    Congestion: pipes=2562403 used=2562403 congested(>50%)=111185 saturated(>90%)=73586 max_util=1856.36 avg_util=0.1841
PHASE_MARK outer=5 enter=dcd_sweep rss=4490MB
RSS_SAMPLE t=608.1s rss=4490MB hwm=4490MB
RSS_SAMPLE t=608.4s rss=4490MB hwm=4490MB
RSS_SAMPLE t=608.6s rss=4490MB hwm=4490MB
RSS_SAMPLE t=608.9s rss=4490MB hwm=4490MB
RSS_SAMPLE t=609.1s rss=4490MB hwm=4490MB
RSS_SAMPLE t=609.4s rss=4490MB hwm=4490MB
RSS_SAMPLE t=609.6s rss=4490MB hwm=4490MB
RSS_SAMPLE t=609.9s rss=4490MB hwm=4490MB
RSS_SAMPLE t=610.1s rss=4490MB hwm=4490MB
RSS_SAMPLE t=610.4s rss=4490MB hwm=4490MB
RSS_SAMPLE t=610.6s rss=4490MB hwm=4490MB
RSS_SAMPLE t=610.9s rss=4490MB hwm=4490MB
RSS_SAMPLE t=611.1s rss=4490MB hwm=4490MB
RSS_SAMPLE t=611.4s rss=4490MB hwm=4490MB
RSS_SAMPLE t=611.6s rss=4490MB hwm=4490MB
RSS_SAMPLE t=611.9s rss=4490MB hwm=4490MB
RSS_SAMPLE t=612.1s rss=4490MB hwm=4490MB
RSS_SAMPLE t=612.4s rss=4490MB hwm=4490MB
RSS_SAMPLE t=612.6s rss=4490MB hwm=4490MB
RSS_SAMPLE t=612.9s rss=4490MB hwm=4490MB
RSS_SAMPLE t=613.1s rss=4490MB hwm=4490MB
RSS_SAMPLE t=613.4s rss=4490MB hwm=4490MB
RSS_SAMPLE t=613.6s rss=4490MB hwm=4490MB
RSS_SAMPLE t=613.9s rss=4490MB hwm=4490MB
RSS_SAMPLE t=614.1s rss=4490MB hwm=4490MB
RSS_SAMPLE t=614.4s rss=4490MB hwm=4490MB
RSS_SAMPLE t=614.6s rss=4490MB hwm=4490MB
RSS_SAMPLE t=614.9s rss=4490MB hwm=4490MB
PHASE_MARK outer=5 leave=dcd_sweep rss=4490MB
PHASE_MARK outer=5 enter=post_refresh rss=4490MB
RSS_SAMPLE t=615.1s rss=4490MB hwm=4490MB
RSS_SAMPLE t=615.4s rss=4490MB hwm=4490MB
RSS_SAMPLE t=615.6s rss=4490MB hwm=4490MB
RSS_SAMPLE t=615.9s rss=4490MB hwm=4490MB
RSS_SAMPLE t=616.1s rss=4490MB hwm=4490MB
RSS_SAMPLE t=616.4s rss=4490MB hwm=4490MB
RSS_SAMPLE t=616.6s rss=4490MB hwm=4490MB
RSS_SAMPLE t=616.9s rss=4490MB hwm=4490MB
RSS_SAMPLE t=617.1s rss=4490MB hwm=4490MB
RSS_SAMPLE t=617.4s rss=4490MB hwm=4490MB
RSS_SAMPLE t=617.6s rss=4490MB hwm=4490MB
RSS_SAMPLE t=617.9s rss=4490MB hwm=4490MB
RSS_SAMPLE t=618.1s rss=4491MB hwm=4491MB
RSS_SAMPLE t=618.4s rss=4491MB hwm=4491MB
RSS_SAMPLE t=618.6s rss=4491MB hwm=4491MB
RSS_SAMPLE t=618.9s rss=4491MB hwm=4491MB
RSS_SAMPLE t=619.1s rss=4491MB hwm=4491MB
RSS_SAMPLE t=619.4s rss=4492MB hwm=4492MB
RSS_SAMPLE t=619.6s rss=4492MB hwm=4492MB
RSS_SAMPLE t=619.9s rss=4492MB hwm=4492MB
RSS_SAMPLE t=620.1s rss=4492MB hwm=4492MB
RSS_SAMPLE t=620.4s rss=4492MB hwm=4492MB
RSS_SAMPLE t=620.6s rss=4492MB hwm=4492MB
RSS_SAMPLE t=620.9s rss=4492MB hwm=4492MB
RSS_SAMPLE t=621.1s rss=4492MB hwm=4492MB
RSS_SAMPLE t=621.4s rss=4492MB hwm=4492MB
RSS_SAMPLE t=621.6s rss=4492MB hwm=4492MB
RSS_SAMPLE t=621.9s rss=4493MB hwm=4493MB
RSS_SAMPLE t=622.1s rss=4493MB hwm=4493MB
RSS_SAMPLE t=622.4s rss=4493MB hwm=4493MB
RSS_SAMPLE t=622.6s rss=4493MB hwm=4493MB
RSS_SAMPLE t=622.9s rss=4494MB hwm=4494MB
RSS_SAMPLE t=623.1s rss=4494MB hwm=4494MB
RSS_SAMPLE t=623.4s rss=4494MB hwm=4494MB
RSS_SAMPLE t=623.6s rss=4495MB hwm=4495MB
RSS_SAMPLE t=623.9s rss=4495MB hwm=4495MB
RSS_SAMPLE t=624.1s rss=4495MB hwm=4495MB
RSS_SAMPLE t=624.4s rss=4495MB hwm=4495MB
RSS_SAMPLE t=624.6s rss=4496MB hwm=4496MB
RSS_SAMPLE t=624.9s rss=4496MB hwm=4496MB
RSS_SAMPLE t=625.1s rss=4496MB hwm=4496MB
RSS_SAMPLE t=625.4s rss=4497MB hwm=4497MB
RSS_SAMPLE t=625.6s rss=4497MB hwm=4497MB
RSS_SAMPLE t=625.9s rss=4497MB hwm=4497MB
RSS_SAMPLE t=626.1s rss=4497MB hwm=4497MB
RSS_SAMPLE t=626.4s rss=4498MB hwm=4498MB
RSS_SAMPLE t=626.6s rss=4498MB hwm=4498MB
RSS_SAMPLE t=626.9s rss=4498MB hwm=4498MB
RSS_SAMPLE t=627.1s rss=4498MB hwm=4498MB
RSS_SAMPLE t=627.4s rss=4499MB hwm=4499MB
RSS_SAMPLE t=627.6s rss=4499MB hwm=4499MB
RSS_SAMPLE t=627.9s rss=4499MB hwm=4499MB
RSS_SAMPLE t=628.1s rss=4500MB hwm=4500MB
RSS_SAMPLE t=628.4s rss=4500MB hwm=4500MB
RSS_SAMPLE t=628.6s rss=4500MB hwm=4500MB
RSS_SAMPLE t=628.9s rss=4501MB hwm=4501MB
RSS_SAMPLE t=629.1s rss=4501MB hwm=4501MB
RSS_SAMPLE t=629.4s rss=4502MB hwm=4502MB
RSS_SAMPLE t=629.6s rss=4502MB hwm=4502MB
RSS_SAMPLE t=629.9s rss=4502MB hwm=4502MB
RSS_SAMPLE t=630.1s rss=4502MB hwm=4502MB
RSS_SAMPLE t=630.4s rss=4502MB hwm=4502MB
RSS_SAMPLE t=630.6s rss=4502MB hwm=4502MB
RSS_SAMPLE t=630.9s rss=4503MB hwm=4503MB
RSS_SAMPLE t=631.1s rss=4503MB hwm=4503MB
RSS_SAMPLE t=631.4s rss=4503MB hwm=4503MB
RSS_SAMPLE t=631.6s rss=4504MB hwm=4504MB
RSS_SAMPLE t=631.9s rss=4504MB hwm=4504MB
RSS_SAMPLE t=632.1s rss=4505MB hwm=4505MB
RSS_SAMPLE t=632.4s rss=4505MB hwm=4505MB
RSS_SAMPLE t=632.6s rss=4506MB hwm=4506MB
RSS_SAMPLE t=632.9s rss=4506MB hwm=4506MB
RSS_SAMPLE t=633.1s rss=4507MB hwm=4507MB
RSS_SAMPLE t=633.4s rss=4507MB hwm=4507MB
RSS_SAMPLE t=633.6s rss=4508MB hwm=4508MB
RSS_SAMPLE t=633.9s rss=4508MB hwm=4508MB
RSS_SAMPLE t=634.1s rss=4509MB hwm=4509MB
RSS_SAMPLE t=634.4s rss=4510MB hwm=4510MB
RSS_SAMPLE t=634.6s rss=4510MB hwm=4510MB
RSS_SAMPLE t=634.9s rss=4511MB hwm=4511MB
RSS_SAMPLE t=635.1s rss=4511MB hwm=4511MB
RSS_SAMPLE t=635.4s rss=4511MB hwm=4511MB
RSS_SAMPLE t=635.6s rss=4512MB hwm=4512MB
RSS_SAMPLE t=635.9s rss=4513MB hwm=4513MB
RSS_SAMPLE t=636.1s rss=4513MB hwm=4513MB
RSS_SAMPLE t=636.4s rss=4514MB hwm=4514MB
RSS_SAMPLE t=636.6s rss=4514MB hwm=4514MB
RSS_SAMPLE t=636.9s rss=4515MB hwm=4515MB
RSS_SAMPLE t=637.1s rss=4516MB hwm=4516MB
RSS_SAMPLE t=637.4s rss=4516MB hwm=4516MB
RSS_SAMPLE t=637.6s rss=4517MB hwm=4517MB
RSS_SAMPLE t=637.9s rss=4517MB hwm=4517MB
RSS_SAMPLE t=638.1s rss=4518MB hwm=4518MB
RSS_SAMPLE t=638.4s rss=4518MB hwm=4518MB
RSS_SAMPLE t=638.6s rss=4519MB hwm=4519MB
RSS_SAMPLE t=638.9s rss=4520MB hwm=4520MB
RSS_SAMPLE t=639.1s rss=4520MB hwm=4520MB
RSS_SAMPLE t=639.4s rss=4521MB hwm=4521MB
RSS_SAMPLE t=639.6s rss=4521MB hwm=4521MB
RSS_SAMPLE t=639.9s rss=4522MB hwm=4522MB
RSS_SAMPLE t=640.1s rss=4522MB hwm=4522MB
RSS_SAMPLE t=640.4s rss=4522MB hwm=4522MB
RSS_SAMPLE t=640.6s rss=4523MB hwm=4523MB
RSS_SAMPLE t=640.9s rss=4523MB hwm=4523MB
RSS_SAMPLE t=641.1s rss=4523MB hwm=4523MB
RSS_SAMPLE t=641.4s rss=4524MB hwm=4524MB
RSS_SAMPLE t=641.6s rss=4524MB hwm=4524MB
RSS_SAMPLE t=641.9s rss=4525MB hwm=4525MB
RSS_SAMPLE t=642.1s rss=4526MB hwm=4526MB
RSS_SAMPLE t=642.4s rss=4526MB hwm=4526MB
RSS_SAMPLE t=642.6s rss=4527MB hwm=4527MB
RSS_SAMPLE t=642.9s rss=4527MB hwm=4527MB
RSS_SAMPLE t=643.1s rss=4527MB hwm=4527MB
RSS_SAMPLE t=643.4s rss=4527MB hwm=4527MB
RSS_SAMPLE t=643.6s rss=4528MB hwm=4528MB
RSS_SAMPLE t=643.9s rss=4528MB hwm=4528MB
RSS_SAMPLE t=644.2s rss=4528MB hwm=4528MB
RSS_SAMPLE t=644.4s rss=4528MB hwm=4528MB
RSS_SAMPLE t=644.7s rss=4529MB hwm=4529MB
RSS_SAMPLE t=644.9s rss=4529MB hwm=4529MB
RSS_SAMPLE t=645.2s rss=4529MB hwm=4529MB
RSS_SAMPLE t=645.4s rss=4529MB hwm=4529MB
RSS_SAMPLE t=645.7s rss=4530MB hwm=4530MB
RSS_SAMPLE t=645.9s rss=4530MB hwm=4530MB
RSS_SAMPLE t=646.2s rss=4530MB hwm=4530MB
RSS_SAMPLE t=646.4s rss=4531MB hwm=4531MB
RSS_SAMPLE t=646.7s rss=4531MB hwm=4531MB
RSS_SAMPLE t=646.9s rss=4531MB hwm=4531MB
RSS_SAMPLE t=647.2s rss=4531MB hwm=4531MB
RSS_SAMPLE t=647.4s rss=4532MB hwm=4532MB
RSS_SAMPLE t=647.7s rss=4532MB hwm=4532MB
RSS_SAMPLE t=647.9s rss=4532MB hwm=4532MB
RSS_SAMPLE t=648.2s rss=4532MB hwm=4532MB
RSS_SAMPLE t=648.4s rss=4532MB hwm=4532MB
RSS_SAMPLE t=648.7s rss=4532MB hwm=4532MB
RSS_SAMPLE t=648.9s rss=4533MB hwm=4533MB
RSS_SAMPLE t=649.2s rss=4533MB hwm=4533MB
RSS_SAMPLE t=649.4s rss=4533MB hwm=4533MB
RSS_SAMPLE t=649.7s rss=4533MB hwm=4533MB
RSS_SAMPLE t=649.9s rss=4533MB hwm=4533MB
RSS_SAMPLE t=650.2s rss=4533MB hwm=4533MB
RSS_SAMPLE t=650.4s rss=4534MB hwm=4534MB
RSS_SAMPLE t=650.7s rss=4534MB hwm=4534MB
RSS_SAMPLE t=650.9s rss=4534MB hwm=4534MB
RSS_SAMPLE t=651.2s rss=4534MB hwm=4534MB
RSS_SAMPLE t=651.4s rss=4534MB hwm=4534MB
RSS_SAMPLE t=651.7s rss=4534MB hwm=4534MB
RSS_SAMPLE t=651.9s rss=4535MB hwm=4535MB
RSS_SAMPLE t=652.2s rss=4535MB hwm=4535MB
RSS_SAMPLE t=652.4s rss=4535MB hwm=4535MB
RSS_SAMPLE t=652.7s rss=4535MB hwm=4535MB
RSS_SAMPLE t=652.9s rss=4535MB hwm=4535MB
RSS_SAMPLE t=653.2s rss=4536MB hwm=4536MB
RSS_SAMPLE t=653.4s rss=4536MB hwm=4536MB
RSS_SAMPLE t=653.7s rss=4536MB hwm=4536MB
RSS_SAMPLE t=653.9s rss=4536MB hwm=4536MB
RSS_SAMPLE t=654.2s rss=4536MB hwm=4536MB
RSS_SAMPLE t=654.4s rss=4537MB hwm=4537MB
RSS_SAMPLE t=654.7s rss=4537MB hwm=4537MB
RSS_SAMPLE t=654.9s rss=4537MB hwm=4537MB
RSS_SAMPLE t=655.2s rss=4537MB hwm=4537MB
RSS_SAMPLE t=655.4s rss=4537MB hwm=4537MB
RSS_SAMPLE t=655.7s rss=4538MB hwm=4538MB
RSS_SAMPLE t=655.9s rss=4538MB hwm=4538MB
RSS_SAMPLE t=656.2s rss=4538MB hwm=4538MB
RSS_SAMPLE t=656.4s rss=4538MB hwm=4538MB
RSS_SAMPLE t=656.7s rss=4538MB hwm=4538MB
RSS_SAMPLE t=656.9s rss=4538MB hwm=4538MB
RSS_SAMPLE t=657.2s rss=4538MB hwm=4538MB
RSS_SAMPLE t=657.4s rss=4539MB hwm=4539MB
RSS_SAMPLE t=657.7s rss=4539MB hwm=4539MB
RSS_SAMPLE t=657.9s rss=4539MB hwm=4539MB
RSS_SAMPLE t=658.2s rss=4539MB hwm=4539MB
RSS_SAMPLE t=658.4s rss=4539MB hwm=4539MB
RSS_SAMPLE t=658.7s rss=4539MB hwm=4539MB
RSS_SAMPLE t=658.9s rss=4539MB hwm=4539MB
RSS_SAMPLE t=659.2s rss=4539MB hwm=4539MB
RSS_SAMPLE t=659.4s rss=4540MB hwm=4540MB
RSS_SAMPLE t=659.7s rss=4540MB hwm=4540MB
RSS_SAMPLE t=659.9s rss=4540MB hwm=4540MB
RSS_SAMPLE t=660.2s rss=4540MB hwm=4540MB
RSS_SAMPLE t=660.4s rss=4540MB hwm=4540MB
RSS_SAMPLE t=660.7s rss=4541MB hwm=4541MB
RSS_SAMPLE t=660.9s rss=4541MB hwm=4541MB
RSS_SAMPLE t=661.2s rss=4541MB hwm=4541MB
RSS_SAMPLE t=661.4s rss=4541MB hwm=4541MB
RSS_SAMPLE t=661.7s rss=4541MB hwm=4541MB
RSS_SAMPLE t=661.9s rss=4542MB hwm=4542MB
RSS_SAMPLE t=662.2s rss=4542MB hwm=4542MB
RSS_SAMPLE t=662.4s rss=4542MB hwm=4542MB
RSS_SAMPLE t=662.7s rss=4542MB hwm=4542MB
RSS_SAMPLE t=662.9s rss=4542MB hwm=4542MB
RSS_SAMPLE t=663.2s rss=4542MB hwm=4542MB
RSS_SAMPLE t=663.4s rss=4542MB hwm=4542MB
RSS_SAMPLE t=663.7s rss=4543MB hwm=4543MB
RSS_SAMPLE t=663.9s rss=4543MB hwm=4543MB
RSS_SAMPLE t=664.2s rss=4543MB hwm=4543MB
RSS_SAMPLE t=664.4s rss=4543MB hwm=4543MB
RSS_SAMPLE t=664.7s rss=4543MB hwm=4543MB
RSS_SAMPLE t=664.9s rss=4544MB hwm=4544MB
RSS_SAMPLE t=665.2s rss=4544MB hwm=4544MB
RSS_SAMPLE t=665.4s rss=4544MB hwm=4544MB
RSS_SAMPLE t=665.7s rss=4544MB hwm=4544MB
RSS_SAMPLE t=665.9s rss=4545MB hwm=4545MB
RSS_SAMPLE t=666.2s rss=4545MB hwm=4545MB
RSS_SAMPLE t=666.4s rss=4545MB hwm=4545MB
RSS_SAMPLE t=666.7s rss=4545MB hwm=4545MB
RSS_SAMPLE t=666.9s rss=4545MB hwm=4545MB
RSS_SAMPLE t=667.2s rss=4545MB hwm=4545MB
RSS_SAMPLE t=667.4s rss=4545MB hwm=4545MB
RSS_SAMPLE t=667.7s rss=4546MB hwm=4546MB
RSS_SAMPLE t=667.9s rss=4546MB hwm=4546MB
RSS_SAMPLE t=668.2s rss=4546MB hwm=4546MB
RSS_SAMPLE t=668.4s rss=4547MB hwm=4547MB
RSS_SAMPLE t=668.7s rss=4547MB hwm=4547MB
RSS_SAMPLE t=668.9s rss=4548MB hwm=4548MB
RSS_SAMPLE t=669.2s rss=4548MB hwm=4548MB
RSS_SAMPLE t=669.4s rss=4548MB hwm=4548MB
RSS_SAMPLE t=669.7s rss=4549MB hwm=4549MB
RSS_SAMPLE t=669.9s rss=4549MB hwm=4549MB
RSS_SAMPLE t=670.2s rss=4549MB hwm=4549MB
RSS_SAMPLE t=670.4s rss=4550MB hwm=4550MB
RSS_SAMPLE t=670.7s rss=4550MB hwm=4550MB
RSS_SAMPLE t=670.9s rss=4550MB hwm=4550MB
RSS_SAMPLE t=671.2s rss=4550MB hwm=4550MB
RSS_SAMPLE t=671.4s rss=4551MB hwm=4551MB
RSS_SAMPLE t=671.7s rss=4551MB hwm=4551MB
RSS_SAMPLE t=671.9s rss=4551MB hwm=4551MB
RSS_SAMPLE t=672.2s rss=4552MB hwm=4552MB
RSS_SAMPLE t=672.4s rss=4552MB hwm=4552MB
RSS_SAMPLE t=672.7s rss=4552MB hwm=4552MB
RSS_SAMPLE t=672.9s rss=4552MB hwm=4552MB
RSS_SAMPLE t=673.2s rss=4553MB hwm=4553MB
RSS_SAMPLE t=673.4s rss=4553MB hwm=4553MB
RSS_SAMPLE t=673.7s rss=4553MB hwm=4553MB
RSS_SAMPLE t=673.9s rss=4553MB hwm=4553MB
RSS_SAMPLE t=674.2s rss=4553MB hwm=4553MB
RSS_SAMPLE t=674.4s rss=4553MB hwm=4553MB
RSS_SAMPLE t=674.7s rss=4553MB hwm=4553MB
RSS_SAMPLE t=674.9s rss=4553MB hwm=4553MB
RSS_SAMPLE t=675.2s rss=4553MB hwm=4553MB
RSS_SAMPLE t=675.4s rss=4553MB hwm=4553MB
RSS_SAMPLE t=675.7s rss=4553MB hwm=4553MB
RSS_SAMPLE t=675.9s rss=4553MB hwm=4553MB
RSS_SAMPLE t=676.2s rss=4553MB hwm=4553MB
RSS_SAMPLE t=676.4s rss=4553MB hwm=4553MB
RSS_SAMPLE t=676.7s rss=4553MB hwm=4553MB
RSS_SAMPLE t=676.9s rss=4553MB hwm=4553MB
RSS_SAMPLE t=677.2s rss=4553MB hwm=4553MB
RSS_SAMPLE t=677.4s rss=4553MB hwm=4553MB
RSS_SAMPLE t=677.7s rss=4553MB hwm=4553MB
RSS_SAMPLE t=677.9s rss=4553MB hwm=4553MB
RSS_SAMPLE t=678.2s rss=4553MB hwm=4553MB
RSS_SAMPLE t=678.4s rss=4553MB hwm=4553MB
RSS_SAMPLE t=678.7s rss=4553MB hwm=4553MB
RSS_SAMPLE t=678.9s rss=4553MB hwm=4553MB
RSS_SAMPLE t=679.2s rss=4553MB hwm=4553MB
RSS_SAMPLE t=679.4s rss=4553MB hwm=4553MB
RSS_SAMPLE t=679.7s rss=4553MB hwm=4553MB
RSS_SAMPLE t=679.9s rss=4553MB hwm=4553MB
RSS_SAMPLE t=680.2s rss=4553MB hwm=4553MB
RSS_SAMPLE t=680.4s rss=4553MB hwm=4553MB
RSS_SAMPLE t=680.7s rss=4553MB hwm=4553MB
RSS_SAMPLE t=680.9s rss=4553MB hwm=4553MB
RSS_SAMPLE t=681.2s rss=4553MB hwm=4553MB
RSS_SAMPLE t=681.4s rss=4553MB hwm=4553MB
RSS_SAMPLE t=681.7s rss=4553MB hwm=4553MB
RSS_SAMPLE t=681.9s rss=4553MB hwm=4553MB
RSS_SAMPLE t=682.2s rss=4553MB hwm=4553MB
RSS_SAMPLE t=682.4s rss=4553MB hwm=4553MB
RSS_SAMPLE t=682.7s rss=4553MB hwm=4553MB
RSS_SAMPLE t=682.9s rss=4553MB hwm=4553MB
RSS_SAMPLE t=683.2s rss=4553MB hwm=4553MB
RSS_SAMPLE t=683.4s rss=4553MB hwm=4553MB
RSS_SAMPLE t=683.7s rss=4553MB hwm=4553MB
RSS_SAMPLE t=683.9s rss=4553MB hwm=4553MB
RSS_SAMPLE t=684.2s rss=4553MB hwm=4553MB
RSS_SAMPLE t=684.4s rss=4553MB hwm=4553MB
RSS_SAMPLE t=684.7s rss=4553MB hwm=4553MB
RSS_SAMPLE t=684.9s rss=4553MB hwm=4553MB
RSS_SAMPLE t=685.2s rss=4553MB hwm=4553MB
RSS_SAMPLE t=685.4s rss=4553MB hwm=4553MB
RSS_SAMPLE t=685.7s rss=4553MB hwm=4553MB
RSS_SAMPLE t=685.9s rss=4553MB hwm=4553MB
RSS_SAMPLE t=686.2s rss=4553MB hwm=4553MB
RSS_SAMPLE t=686.4s rss=4553MB hwm=4553MB
RSS_SAMPLE t=686.7s rss=4553MB hwm=4553MB
RSS_SAMPLE t=686.9s rss=4553MB hwm=4553MB
RSS_SAMPLE t=687.2s rss=4553MB hwm=4553MB
RSS_SAMPLE t=687.4s rss=4553MB hwm=4553MB
RSS_SAMPLE t=687.7s rss=4553MB hwm=4553MB
RSS_SAMPLE t=687.9s rss=4553MB hwm=4553MB
RSS_SAMPLE t=688.2s rss=4553MB hwm=4553MB
RSS_SAMPLE t=688.4s rss=4553MB hwm=4553MB
RSS_SAMPLE t=688.7s rss=4553MB hwm=4553MB
RSS_SAMPLE t=688.9s rss=4553MB hwm=4553MB
RSS_SAMPLE t=689.2s rss=4553MB hwm=4553MB
RSS_SAMPLE t=689.4s rss=4553MB hwm=4553MB
RSS_SAMPLE t=689.7s rss=4553MB hwm=4553MB
RSS_SAMPLE t=689.9s rss=4553MB hwm=4553MB
RSS_SAMPLE t=690.2s rss=4553MB hwm=4553MB
RSS_SAMPLE t=690.4s rss=4553MB hwm=4553MB
RSS_SAMPLE t=690.7s rss=4553MB hwm=4553MB
RSS_SAMPLE t=690.9s rss=4553MB hwm=4553MB
RSS_SAMPLE t=691.2s rss=4553MB hwm=4553MB
RSS_SAMPLE t=691.4s rss=4553MB hwm=4553MB
RSS_SAMPLE t=691.7s rss=4553MB hwm=4553MB
RSS_SAMPLE t=691.9s rss=4553MB hwm=4553MB
RSS_SAMPLE t=692.2s rss=4553MB hwm=4553MB
RSS_SAMPLE t=692.4s rss=4554MB hwm=4554MB
RSS_SAMPLE t=692.7s rss=4554MB hwm=4554MB
RSS_SAMPLE t=692.9s rss=4554MB hwm=4554MB
RSS_SAMPLE t=693.2s rss=4554MB hwm=4554MB
RSS_SAMPLE t=693.4s rss=4554MB hwm=4554MB
RSS_SAMPLE t=693.7s rss=4554MB hwm=4554MB
RSS_SAMPLE t=693.9s rss=4554MB hwm=4554MB
RSS_SAMPLE t=694.2s rss=4554MB hwm=4554MB
RSS_SAMPLE t=694.4s rss=4554MB hwm=4554MB
RSS_SAMPLE t=694.7s rss=4554MB hwm=4554MB
RSS_SAMPLE t=694.9s rss=4554MB hwm=4554MB
RSS_SAMPLE t=695.2s rss=4554MB hwm=4554MB
RSS_SAMPLE t=695.4s rss=4554MB hwm=4554MB
RSS_SAMPLE t=695.7s rss=4554MB hwm=4554MB
RSS_SAMPLE t=695.9s rss=4554MB hwm=4554MB
RSS_SAMPLE t=696.2s rss=4554MB hwm=4554MB
RSS_SAMPLE t=696.4s rss=4554MB hwm=4554MB
RSS_SAMPLE t=696.7s rss=4554MB hwm=4554MB
RSS_SAMPLE t=696.9s rss=4554MB hwm=4554MB
RSS_SAMPLE t=697.2s rss=4554MB hwm=4554MB
RSS_SAMPLE t=697.4s rss=4554MB hwm=4554MB
RSS_SAMPLE t=697.7s rss=4554MB hwm=4554MB
RSS_SAMPLE t=697.9s rss=4554MB hwm=4554MB
RSS_SAMPLE t=698.2s rss=4554MB hwm=4554MB
RSS_SAMPLE t=698.4s rss=4554MB hwm=4554MB
RSS_SAMPLE t=698.7s rss=4554MB hwm=4554MB
RSS_SAMPLE t=698.9s rss=4554MB hwm=4554MB
RSS_SAMPLE t=699.2s rss=4554MB hwm=4554MB
RSS_SAMPLE t=699.4s rss=4554MB hwm=4554MB
RSS_SAMPLE t=699.7s rss=4554MB hwm=4554MB
RSS_SAMPLE t=699.9s rss=4554MB hwm=4554MB
RSS_SAMPLE t=700.2s rss=4554MB hwm=4554MB
RSS_SAMPLE t=700.4s rss=4554MB hwm=4554MB
RSS_SAMPLE t=700.7s rss=4554MB hwm=4554MB
MEM_POOL: workspaces=32 dense_usage_mb=1251 n_pipes=2562403
    post_solve_diag[outer=5]: solves=105117 cap_armed=105117 (100.0%) settle_avg=7044 above_sink_avg=165 (2.3%) settle_max=69353
    load_support[outer=5]: settle_avg=7044 load_nz_avg=6073 (86.2%) load_material_avg=4677 (66.4%)
    prune_ceiling[outer=5]: settle_avg=7044 heuristic_prunable_avg=960 (13.6%) vs oracle_zero_load=13.8%
    settle_hist[outer=5]: <100: 25998nets/0.1%work  <1k: 24675nets/1.3%work  <5k: 23216nets/7.9%work  <20k: 17152nets/25.2%work  <60k: 13526nets/60.8%work  >=60k: 550nets/4.8%work
    fanout_hist[outer=5]: fan1: 43710nets/13.0%work  fan2-4: 48279nets/50.4%work  fan5-16: 12974nets/35.7%work  fan17-64: 154nets/0.9%work  fan65-256: 0nets/0.0%work  fan>256: 0nets/0.0%work
    rss_probe[outer=5]: pre_post_solve=4490MB post_post_solve=4554MB after_apply=4554MB
    E_decomp: base=4398149.8 eff=44165623.8 cong=39767473.9 cong_share=90.0% sat_pipes=72266 max_util=934.17  R_buckets: 1-2x=97257 2-10x=2111216 10-100x=347550 >=100x=6380
    E_potential: beckmann=3970659623889.4 history_total=0.0
    SpanCache: epoch=6 entries=1283 lookups=2562403 hits=2561120 misses=1283 hit_rate=99.9%
  DCD   5: nets=105117 line=14297073 energy=5834264.513 dE=-10678.581 friction=3915423.0 bins=2.0x(259) excess=72.5 moved=67219 disp=5.321 solves=105117 skip=105117 pops=740473067 theta=0.550 refresh=85800ms dcd=6972ms total=95396ms
    cache_stats: entries=60296307 capacity=113431041 est_mb=978 rss_mb=4554
RSS_SAMPLE t=700.9s rss=4554MB hwm=4554MB
RSS_SAMPLE t=701.2s rss=4554MB hwm=4554MB
RSS_SAMPLE t=701.4s rss=4554MB hwm=4554MB
RSS_SAMPLE t=701.7s rss=4554MB hwm=4554MB
RSS_SAMPLE t=701.9s rss=4554MB hwm=4554MB
RSS_SAMPLE t=702.2s rss=4554MB hwm=4554MB
RSS_SAMPLE t=702.4s rss=4554MB hwm=4554MB
RSS_SAMPLE t=702.7s rss=4554MB hwm=4554MB
RSS_SAMPLE t=702.9s rss=4554MB hwm=4554MB
RSS_SAMPLE t=703.2s rss=4554MB hwm=4554MB
    SwitchMatrix: type_usage_pairs=482 lookups=1320 hits=838 dijkstra_calls=482 avg_us=12.0 total_ms=5.8
PHASE_MARK outer=6 enter=pre_solve rss=4554MB
    rss_probe[outer=6]: pre_refresh_rss=4554MB post_pre_solve_rss=4554MB cache_entries=60296307 cache_cap=113431041 cache_est_mb=978
    pre_solve_diag[outer=6]: solves=0 fallback=0 (0.0%) cap_armed=0 (0.0%) settle_avg=0 settle_max=0 init_count=209
    Overflow: over=70982 (2.8% of used) avg_excess=5.80 max_excess=3124.96 (nc=3148.96 cap=24 span=1)  excess_buckets: <=1=8080 1-5=41056 5-20=18526 >20=3320  by_cap: cap1=1398 cap2=68263 cap3-5=0 cap>5=1321  by_span: s1=479 s2-3=856 s4-6=1300 s7-12=67365 s>12=982  le1_cross: cap1=886 cap2-5=7050 cap>5=144
    Congestion: pipes=2562403 used=2562403 congested(>50%)=101530 saturated(>90%)=72266 max_util=934.17 avg_util=0.1779
PHASE_MARK outer=6 enter=dcd_sweep rss=4554MB
RSS_SAMPLE t=703.4s rss=4554MB hwm=4554MB
RSS_SAMPLE t=703.7s rss=4554MB hwm=4554MB
RSS_SAMPLE t=703.9s rss=4554MB hwm=4554MB
RSS_SAMPLE t=704.2s rss=4554MB hwm=4554MB
RSS_SAMPLE t=704.4s rss=4554MB hwm=4554MB
RSS_SAMPLE t=704.7s rss=4554MB hwm=4554MB
RSS_SAMPLE t=705.0s rss=4554MB hwm=4554MB
RSS_SAMPLE t=705.2s rss=4554MB hwm=4554MB
RSS_SAMPLE t=705.5s rss=4554MB hwm=4554MB
RSS_SAMPLE t=705.7s rss=4554MB hwm=4554MB
RSS_SAMPLE t=706.0s rss=4554MB hwm=4554MB
RSS_SAMPLE t=706.2s rss=4554MB hwm=4554MB
RSS_SAMPLE t=706.5s rss=4554MB hwm=4554MB
RSS_SAMPLE t=706.7s rss=4554MB hwm=4554MB
RSS_SAMPLE t=707.0s rss=4554MB hwm=4554MB
RSS_SAMPLE t=707.2s rss=4554MB hwm=4554MB
RSS_SAMPLE t=707.5s rss=4554MB hwm=4554MB
RSS_SAMPLE t=707.7s rss=4554MB hwm=4554MB
RSS_SAMPLE t=708.0s rss=4554MB hwm=4554MB
RSS_SAMPLE t=708.2s rss=4554MB hwm=4554MB
RSS_SAMPLE t=708.5s rss=4554MB hwm=4554MB
RSS_SAMPLE t=708.7s rss=4554MB hwm=4554MB
RSS_SAMPLE t=709.0s rss=4554MB hwm=4554MB
RSS_SAMPLE t=709.2s rss=4554MB hwm=4554MB
RSS_SAMPLE t=709.5s rss=4554MB hwm=4554MB
RSS_SAMPLE t=709.7s rss=4554MB hwm=4554MB
RSS_SAMPLE t=710.0s rss=4554MB hwm=4554MB
RSS_SAMPLE t=710.2s rss=4554MB hwm=4554MB
PHASE_MARK outer=6 leave=dcd_sweep rss=4554MB
PHASE_MARK outer=6 enter=post_refresh rss=4554MB
RSS_SAMPLE t=710.5s rss=4554MB hwm=4554MB
RSS_SAMPLE t=710.7s rss=4554MB hwm=4554MB
RSS_SAMPLE t=711.0s rss=4554MB hwm=4554MB
RSS_SAMPLE t=711.2s rss=4554MB hwm=4554MB
RSS_SAMPLE t=711.5s rss=4554MB hwm=4554MB
RSS_SAMPLE t=711.7s rss=4554MB hwm=4554MB
RSS_SAMPLE t=712.0s rss=4554MB hwm=4554MB
RSS_SAMPLE t=712.2s rss=4554MB hwm=4554MB
RSS_SAMPLE t=712.5s rss=4554MB hwm=4554MB
RSS_SAMPLE t=712.7s rss=4554MB hwm=4554MB
RSS_SAMPLE t=713.0s rss=4554MB hwm=4554MB
RSS_SAMPLE t=713.2s rss=4555MB hwm=4555MB
RSS_SAMPLE t=713.5s rss=4555MB hwm=4555MB
RSS_SAMPLE t=713.7s rss=4555MB hwm=4555MB
RSS_SAMPLE t=714.0s rss=4555MB hwm=4555MB
RSS_SAMPLE t=714.2s rss=4555MB hwm=4555MB
RSS_SAMPLE t=714.5s rss=4555MB hwm=4555MB
RSS_SAMPLE t=714.7s rss=4555MB hwm=4555MB
RSS_SAMPLE t=715.0s rss=4555MB hwm=4555MB
RSS_SAMPLE t=715.2s rss=4555MB hwm=4555MB
RSS_SAMPLE t=715.5s rss=4556MB hwm=4556MB
RSS_SAMPLE t=715.7s rss=4556MB hwm=4556MB
RSS_SAMPLE t=716.0s rss=4556MB hwm=4556MB
RSS_SAMPLE t=716.2s rss=4556MB hwm=4556MB
RSS_SAMPLE t=716.5s rss=4556MB hwm=4556MB
RSS_SAMPLE t=716.7s rss=4556MB hwm=4556MB
RSS_SAMPLE t=717.0s rss=4556MB hwm=4556MB
RSS_SAMPLE t=717.2s rss=4557MB hwm=4557MB
RSS_SAMPLE t=717.5s rss=4557MB hwm=4557MB
RSS_SAMPLE t=717.7s rss=4557MB hwm=4557MB
RSS_SAMPLE t=718.0s rss=4557MB hwm=4557MB
RSS_SAMPLE t=718.2s rss=4558MB hwm=4558MB
RSS_SAMPLE t=718.5s rss=4558MB hwm=4558MB
RSS_SAMPLE t=718.7s rss=4558MB hwm=4558MB
RSS_SAMPLE t=719.0s rss=4558MB hwm=4558MB
RSS_SAMPLE t=719.2s rss=4559MB hwm=4559MB
RSS_SAMPLE t=719.5s rss=4559MB hwm=4559MB
RSS_SAMPLE t=719.7s rss=4559MB hwm=4559MB
RSS_SAMPLE t=720.0s rss=4560MB hwm=4560MB
RSS_SAMPLE t=720.2s rss=4560MB hwm=4560MB
RSS_SAMPLE t=720.5s rss=4560MB hwm=4560MB
RSS_SAMPLE t=720.7s rss=4560MB hwm=4560MB
RSS_SAMPLE t=721.0s rss=4560MB hwm=4560MB
RSS_SAMPLE t=721.2s rss=4560MB hwm=4560MB
RSS_SAMPLE t=721.5s rss=4561MB hwm=4561MB
RSS_SAMPLE t=721.7s rss=4561MB hwm=4561MB
RSS_SAMPLE t=722.0s rss=4561MB hwm=4561MB
RSS_SAMPLE t=722.2s rss=4562MB hwm=4562MB
RSS_SAMPLE t=722.5s rss=4562MB hwm=4562MB
RSS_SAMPLE t=722.7s rss=4562MB hwm=4562MB
RSS_SAMPLE t=723.0s rss=4562MB hwm=4562MB
RSS_SAMPLE t=723.2s rss=4562MB hwm=4562MB
RSS_SAMPLE t=723.5s rss=4563MB hwm=4563MB
RSS_SAMPLE t=723.7s rss=4563MB hwm=4563MB
RSS_SAMPLE t=724.0s rss=4564MB hwm=4564MB
RSS_SAMPLE t=724.2s rss=4564MB hwm=4564MB
RSS_SAMPLE t=724.5s rss=4564MB hwm=4564MB
RSS_SAMPLE t=724.7s rss=4565MB hwm=4565MB
RSS_SAMPLE t=725.0s rss=4565MB hwm=4565MB
RSS_SAMPLE t=725.2s rss=4565MB hwm=4565MB
RSS_SAMPLE t=725.5s rss=4565MB hwm=4565MB
RSS_SAMPLE t=725.7s rss=4566MB hwm=4566MB
RSS_SAMPLE t=726.0s rss=4566MB hwm=4566MB
RSS_SAMPLE t=726.2s rss=4566MB hwm=4566MB
RSS_SAMPLE t=726.5s rss=4567MB hwm=4567MB
RSS_SAMPLE t=726.7s rss=4567MB hwm=4567MB
RSS_SAMPLE t=727.0s rss=4567MB hwm=4567MB
RSS_SAMPLE t=727.2s rss=4567MB hwm=4567MB
RSS_SAMPLE t=727.5s rss=4567MB hwm=4567MB
RSS_SAMPLE t=727.7s rss=4568MB hwm=4568MB
RSS_SAMPLE t=728.0s rss=4568MB hwm=4568MB
RSS_SAMPLE t=728.2s rss=4568MB hwm=4568MB
RSS_SAMPLE t=728.5s rss=4569MB hwm=4569MB
RSS_SAMPLE t=728.7s rss=4570MB hwm=4570MB
RSS_SAMPLE t=729.0s rss=4570MB hwm=4570MB
RSS_SAMPLE t=729.2s rss=4570MB hwm=4570MB
RSS_SAMPLE t=729.5s rss=4571MB hwm=4571MB
RSS_SAMPLE t=729.7s rss=4571MB hwm=4571MB
RSS_SAMPLE t=730.0s rss=4572MB hwm=4572MB
RSS_SAMPLE t=730.2s rss=4572MB hwm=4572MB
RSS_SAMPLE t=730.5s rss=4573MB hwm=4573MB
RSS_SAMPLE t=730.7s rss=4573MB hwm=4573MB
RSS_SAMPLE t=731.0s rss=4574MB hwm=4574MB
RSS_SAMPLE t=731.2s rss=4574MB hwm=4574MB
RSS_SAMPLE t=731.5s rss=4574MB hwm=4574MB
RSS_SAMPLE t=731.7s rss=4574MB hwm=4574MB
RSS_SAMPLE t=732.0s rss=4575MB hwm=4575MB
RSS_SAMPLE t=732.2s rss=4575MB hwm=4575MB
RSS_SAMPLE t=732.5s rss=4575MB hwm=4575MB
RSS_SAMPLE t=732.7s rss=4575MB hwm=4575MB
RSS_SAMPLE t=733.0s rss=4576MB hwm=4576MB
RSS_SAMPLE t=733.2s rss=4576MB hwm=4576MB
RSS_SAMPLE t=733.5s rss=4576MB hwm=4576MB
RSS_SAMPLE t=733.7s rss=4576MB hwm=4576MB
RSS_SAMPLE t=734.0s rss=4576MB hwm=4576MB
RSS_SAMPLE t=734.2s rss=4576MB hwm=4576MB
RSS_SAMPLE t=734.5s rss=4577MB hwm=4577MB
RSS_SAMPLE t=734.7s rss=4577MB hwm=4577MB
RSS_SAMPLE t=735.0s rss=4577MB hwm=4577MB
RSS_SAMPLE t=735.2s rss=4577MB hwm=4577MB
RSS_SAMPLE t=735.5s rss=4577MB hwm=4577MB
RSS_SAMPLE t=735.7s rss=4578MB hwm=4578MB
RSS_SAMPLE t=736.0s rss=4578MB hwm=4578MB
RSS_SAMPLE t=736.2s rss=4578MB hwm=4578MB
RSS_SAMPLE t=736.5s rss=4578MB hwm=4578MB
RSS_SAMPLE t=736.7s rss=4578MB hwm=4578MB
RSS_SAMPLE t=737.0s rss=4578MB hwm=4578MB
RSS_SAMPLE t=737.2s rss=4579MB hwm=4579MB
RSS_SAMPLE t=737.5s rss=4579MB hwm=4579MB
RSS_SAMPLE t=737.7s rss=4579MB hwm=4579MB
RSS_SAMPLE t=738.0s rss=4579MB hwm=4579MB
RSS_SAMPLE t=738.2s rss=4579MB hwm=4579MB
RSS_SAMPLE t=738.5s rss=4579MB hwm=4579MB
RSS_SAMPLE t=738.7s rss=4579MB hwm=4579MB
RSS_SAMPLE t=739.0s rss=4579MB hwm=4579MB
RSS_SAMPLE t=739.2s rss=4579MB hwm=4579MB
RSS_SAMPLE t=739.5s rss=4579MB hwm=4579MB
RSS_SAMPLE t=739.7s rss=4579MB hwm=4579MB
RSS_SAMPLE t=740.0s rss=4580MB hwm=4580MB
RSS_SAMPLE t=740.2s rss=4580MB hwm=4580MB
RSS_SAMPLE t=740.5s rss=4580MB hwm=4580MB
RSS_SAMPLE t=740.7s rss=4580MB hwm=4580MB
RSS_SAMPLE t=741.0s rss=4580MB hwm=4580MB
RSS_SAMPLE t=741.2s rss=4580MB hwm=4580MB
RSS_SAMPLE t=741.5s rss=4580MB hwm=4580MB
RSS_SAMPLE t=741.7s rss=4580MB hwm=4580MB
RSS_SAMPLE t=742.0s rss=4580MB hwm=4580MB
RSS_SAMPLE t=742.2s rss=4580MB hwm=4580MB
RSS_SAMPLE t=742.5s rss=4580MB hwm=4580MB
RSS_SAMPLE t=742.7s rss=4580MB hwm=4580MB
RSS_SAMPLE t=743.0s rss=4581MB hwm=4581MB
RSS_SAMPLE t=743.2s rss=4581MB hwm=4581MB
RSS_SAMPLE t=743.5s rss=4581MB hwm=4581MB
RSS_SAMPLE t=743.7s rss=4581MB hwm=4581MB
RSS_SAMPLE t=744.0s rss=4581MB hwm=4581MB
RSS_SAMPLE t=744.2s rss=4581MB hwm=4581MB
RSS_SAMPLE t=744.5s rss=4581MB hwm=4581MB
RSS_SAMPLE t=744.7s rss=4581MB hwm=4581MB
RSS_SAMPLE t=745.0s rss=4581MB hwm=4581MB
RSS_SAMPLE t=745.2s rss=4581MB hwm=4581MB
RSS_SAMPLE t=745.5s rss=4582MB hwm=4582MB
RSS_SAMPLE t=745.8s rss=4582MB hwm=4582MB
RSS_SAMPLE t=746.0s rss=4582MB hwm=4582MB
RSS_SAMPLE t=746.3s rss=4582MB hwm=4582MB
RSS_SAMPLE t=746.5s rss=4582MB hwm=4582MB
RSS_SAMPLE t=746.8s rss=4582MB hwm=4582MB
RSS_SAMPLE t=747.0s rss=4582MB hwm=4582MB
RSS_SAMPLE t=747.3s rss=4582MB hwm=4582MB
RSS_SAMPLE t=747.5s rss=4582MB hwm=4582MB
RSS_SAMPLE t=747.8s rss=4582MB hwm=4582MB
RSS_SAMPLE t=748.0s rss=4582MB hwm=4582MB
RSS_SAMPLE t=748.3s rss=4582MB hwm=4582MB
RSS_SAMPLE t=748.5s rss=4582MB hwm=4582MB
RSS_SAMPLE t=748.8s rss=4582MB hwm=4582MB
RSS_SAMPLE t=749.0s rss=4583MB hwm=4583MB
RSS_SAMPLE t=749.3s rss=4583MB hwm=4583MB
RSS_SAMPLE t=749.5s rss=4583MB hwm=4583MB
RSS_SAMPLE t=749.8s rss=4583MB hwm=4583MB
RSS_SAMPLE t=750.0s rss=4583MB hwm=4583MB
RSS_SAMPLE t=750.3s rss=4583MB hwm=4583MB
RSS_SAMPLE t=750.5s rss=4583MB hwm=4583MB
RSS_SAMPLE t=750.8s rss=4583MB hwm=4583MB
RSS_SAMPLE t=751.0s rss=4583MB hwm=4583MB
RSS_SAMPLE t=751.3s rss=4583MB hwm=4583MB
RSS_SAMPLE t=751.5s rss=4583MB hwm=4583MB
RSS_SAMPLE t=751.8s rss=4583MB hwm=4583MB
RSS_SAMPLE t=752.0s rss=4583MB hwm=4583MB
RSS_SAMPLE t=752.3s rss=4583MB hwm=4583MB
RSS_SAMPLE t=752.5s rss=4584MB hwm=4584MB
RSS_SAMPLE t=752.8s rss=4584MB hwm=4584MB
RSS_SAMPLE t=753.0s rss=4584MB hwm=4584MB
RSS_SAMPLE t=753.3s rss=4584MB hwm=4584MB
RSS_SAMPLE t=753.5s rss=4584MB hwm=4584MB
RSS_SAMPLE t=753.8s rss=4584MB hwm=4584MB
RSS_SAMPLE t=754.0s rss=4584MB hwm=4584MB
RSS_SAMPLE t=754.3s rss=4584MB hwm=4584MB
RSS_SAMPLE t=754.5s rss=4584MB hwm=4584MB
RSS_SAMPLE t=754.8s rss=4584MB hwm=4584MB
RSS_SAMPLE t=755.0s rss=4584MB hwm=4584MB
RSS_SAMPLE t=755.3s rss=4584MB hwm=4584MB
RSS_SAMPLE t=755.5s rss=4584MB hwm=4584MB
RSS_SAMPLE t=755.8s rss=4585MB hwm=4585MB
RSS_SAMPLE t=756.0s rss=4585MB hwm=4585MB
RSS_SAMPLE t=756.3s rss=4585MB hwm=4585MB
RSS_SAMPLE t=756.5s rss=4585MB hwm=4585MB
RSS_SAMPLE t=756.8s rss=4585MB hwm=4585MB
RSS_SAMPLE t=757.0s rss=4585MB hwm=4585MB
RSS_SAMPLE t=757.3s rss=4585MB hwm=4585MB
RSS_SAMPLE t=757.5s rss=4585MB hwm=4585MB
RSS_SAMPLE t=757.8s rss=4585MB hwm=4585MB
RSS_SAMPLE t=758.0s rss=4585MB hwm=4585MB
RSS_SAMPLE t=758.3s rss=4585MB hwm=4585MB
RSS_SAMPLE t=758.5s rss=4585MB hwm=4585MB
RSS_SAMPLE t=758.8s rss=4585MB hwm=4585MB
RSS_SAMPLE t=759.0s rss=4586MB hwm=4586MB
RSS_SAMPLE t=759.3s rss=4586MB hwm=4586MB
RSS_SAMPLE t=759.5s rss=4586MB hwm=4586MB
RSS_SAMPLE t=759.8s rss=4586MB hwm=4586MB
RSS_SAMPLE t=760.0s rss=4586MB hwm=4586MB
RSS_SAMPLE t=760.3s rss=4586MB hwm=4586MB
RSS_SAMPLE t=760.5s rss=4586MB hwm=4586MB
RSS_SAMPLE t=760.8s rss=4586MB hwm=4586MB
RSS_SAMPLE t=761.0s rss=4586MB hwm=4586MB
RSS_SAMPLE t=761.3s rss=4586MB hwm=4586MB
RSS_SAMPLE t=761.5s rss=4586MB hwm=4586MB
RSS_SAMPLE t=761.8s rss=4586MB hwm=4586MB
RSS_SAMPLE t=762.0s rss=4586MB hwm=4586MB
RSS_SAMPLE t=762.3s rss=4586MB hwm=4586MB
RSS_SAMPLE t=762.5s rss=4586MB hwm=4586MB
RSS_SAMPLE t=762.8s rss=4586MB hwm=4586MB
RSS_SAMPLE t=763.0s rss=4586MB hwm=4586MB
RSS_SAMPLE t=763.3s rss=4586MB hwm=4586MB
RSS_SAMPLE t=763.5s rss=4586MB hwm=4586MB
RSS_SAMPLE t=763.8s rss=4586MB hwm=4586MB
RSS_SAMPLE t=764.0s rss=4586MB hwm=4586MB
RSS_SAMPLE t=764.3s rss=4586MB hwm=4586MB
RSS_SAMPLE t=764.5s rss=4586MB hwm=4586MB
RSS_SAMPLE t=764.8s rss=4586MB hwm=4586MB
RSS_SAMPLE t=765.0s rss=4586MB hwm=4586MB
RSS_SAMPLE t=765.3s rss=4586MB hwm=4586MB
RSS_SAMPLE t=765.5s rss=4586MB hwm=4586MB
RSS_SAMPLE t=765.8s rss=4586MB hwm=4586MB
RSS_SAMPLE t=766.0s rss=4586MB hwm=4586MB
RSS_SAMPLE t=766.3s rss=4586MB hwm=4586MB
RSS_SAMPLE t=766.5s rss=4586MB hwm=4586MB
RSS_SAMPLE t=766.8s rss=4586MB hwm=4586MB
RSS_SAMPLE t=767.0s rss=4586MB hwm=4586MB
RSS_SAMPLE t=767.3s rss=4586MB hwm=4586MB
RSS_SAMPLE t=767.5s rss=4586MB hwm=4586MB
RSS_SAMPLE t=767.8s rss=4586MB hwm=4586MB
RSS_SAMPLE t=768.0s rss=4586MB hwm=4586MB
RSS_SAMPLE t=768.3s rss=4586MB hwm=4586MB
RSS_SAMPLE t=768.5s rss=4586MB hwm=4586MB
RSS_SAMPLE t=768.8s rss=4586MB hwm=4586MB
RSS_SAMPLE t=769.0s rss=4586MB hwm=4586MB
RSS_SAMPLE t=769.3s rss=4586MB hwm=4586MB
RSS_SAMPLE t=769.5s rss=4586MB hwm=4586MB
RSS_SAMPLE t=769.8s rss=4586MB hwm=4586MB
RSS_SAMPLE t=770.0s rss=4586MB hwm=4586MB
RSS_SAMPLE t=770.3s rss=4586MB hwm=4586MB
RSS_SAMPLE t=770.5s rss=4586MB hwm=4586MB
RSS_SAMPLE t=770.8s rss=4586MB hwm=4586MB
RSS_SAMPLE t=771.0s rss=4586MB hwm=4586MB
RSS_SAMPLE t=771.3s rss=4586MB hwm=4586MB
RSS_SAMPLE t=771.5s rss=4586MB hwm=4586MB
RSS_SAMPLE t=771.8s rss=4586MB hwm=4586MB
RSS_SAMPLE t=772.0s rss=4586MB hwm=4586MB
RSS_SAMPLE t=772.3s rss=4586MB hwm=4586MB
RSS_SAMPLE t=772.5s rss=4586MB hwm=4586MB
RSS_SAMPLE t=772.8s rss=4586MB hwm=4586MB
RSS_SAMPLE t=773.0s rss=4586MB hwm=4586MB
RSS_SAMPLE t=773.3s rss=4586MB hwm=4586MB
RSS_SAMPLE t=773.5s rss=4586MB hwm=4586MB
RSS_SAMPLE t=773.8s rss=4586MB hwm=4586MB
RSS_SAMPLE t=774.0s rss=4586MB hwm=4586MB
RSS_SAMPLE t=774.3s rss=4586MB hwm=4586MB
RSS_SAMPLE t=774.5s rss=4586MB hwm=4586MB
RSS_SAMPLE t=774.8s rss=4586MB hwm=4586MB
RSS_SAMPLE t=775.0s rss=4586MB hwm=4586MB
RSS_SAMPLE t=775.3s rss=4586MB hwm=4586MB
RSS_SAMPLE t=775.5s rss=4586MB hwm=4586MB
RSS_SAMPLE t=775.8s rss=4586MB hwm=4586MB
RSS_SAMPLE t=776.0s rss=4586MB hwm=4586MB
RSS_SAMPLE t=776.3s rss=4586MB hwm=4586MB
RSS_SAMPLE t=776.5s rss=4586MB hwm=4586MB
RSS_SAMPLE t=776.8s rss=4586MB hwm=4586MB
RSS_SAMPLE t=777.0s rss=4586MB hwm=4586MB
RSS_SAMPLE t=777.3s rss=4586MB hwm=4586MB
RSS_SAMPLE t=777.5s rss=4586MB hwm=4586MB
RSS_SAMPLE t=777.8s rss=4586MB hwm=4586MB
RSS_SAMPLE t=778.0s rss=4586MB hwm=4586MB
RSS_SAMPLE t=778.3s rss=4587MB hwm=4587MB
RSS_SAMPLE t=778.5s rss=4587MB hwm=4587MB
RSS_SAMPLE t=778.8s rss=4587MB hwm=4587MB
RSS_SAMPLE t=779.0s rss=4587MB hwm=4587MB
RSS_SAMPLE t=779.3s rss=4587MB hwm=4587MB
RSS_SAMPLE t=779.5s rss=4587MB hwm=4587MB
RSS_SAMPLE t=779.8s rss=4587MB hwm=4587MB
RSS_SAMPLE t=780.0s rss=4587MB hwm=4587MB
RSS_SAMPLE t=780.3s rss=4587MB hwm=4587MB
RSS_SAMPLE t=780.5s rss=4587MB hwm=4587MB
RSS_SAMPLE t=780.8s rss=4587MB hwm=4587MB
RSS_SAMPLE t=781.0s rss=4587MB hwm=4587MB
RSS_SAMPLE t=781.3s rss=4587MB hwm=4587MB
RSS_SAMPLE t=781.5s rss=4587MB hwm=4587MB
RSS_SAMPLE t=781.8s rss=4587MB hwm=4587MB
RSS_SAMPLE t=782.0s rss=4587MB hwm=4587MB
RSS_SAMPLE t=782.3s rss=4587MB hwm=4587MB
RSS_SAMPLE t=782.5s rss=4587MB hwm=4587MB
RSS_SAMPLE t=782.8s rss=4587MB hwm=4587MB
RSS_SAMPLE t=783.0s rss=4587MB hwm=4587MB
RSS_SAMPLE t=783.3s rss=4587MB hwm=4587MB
RSS_SAMPLE t=783.5s rss=4587MB hwm=4587MB
RSS_SAMPLE t=783.8s rss=4587MB hwm=4587MB
RSS_SAMPLE t=784.0s rss=4587MB hwm=4587MB
RSS_SAMPLE t=784.3s rss=4587MB hwm=4587MB
RSS_SAMPLE t=784.5s rss=4587MB hwm=4587MB
RSS_SAMPLE t=784.8s rss=4587MB hwm=4587MB
RSS_SAMPLE t=785.0s rss=4587MB hwm=4587MB
RSS_SAMPLE t=785.3s rss=4587MB hwm=4587MB
RSS_SAMPLE t=785.5s rss=4587MB hwm=4587MB
RSS_SAMPLE t=785.8s rss=4587MB hwm=4587MB
RSS_SAMPLE t=786.0s rss=4587MB hwm=4587MB
RSS_SAMPLE t=786.3s rss=4587MB hwm=4587MB
RSS_SAMPLE t=786.5s rss=4587MB hwm=4587MB
RSS_SAMPLE t=786.8s rss=4587MB hwm=4587MB
RSS_SAMPLE t=787.0s rss=4587MB hwm=4587MB
RSS_SAMPLE t=787.3s rss=4587MB hwm=4587MB
RSS_SAMPLE t=787.5s rss=4587MB hwm=4587MB
RSS_SAMPLE t=787.8s rss=4587MB hwm=4587MB
RSS_SAMPLE t=788.0s rss=4587MB hwm=4587MB
RSS_SAMPLE t=788.3s rss=4587MB hwm=4587MB
RSS_SAMPLE t=788.5s rss=4587MB hwm=4587MB
RSS_SAMPLE t=788.8s rss=4587MB hwm=4587MB
RSS_SAMPLE t=789.0s rss=4587MB hwm=4587MB
RSS_SAMPLE t=789.3s rss=4587MB hwm=4587MB
RSS_SAMPLE t=789.5s rss=4587MB hwm=4587MB
RSS_SAMPLE t=789.8s rss=4587MB hwm=4587MB
RSS_SAMPLE t=790.0s rss=4587MB hwm=4587MB
RSS_SAMPLE t=790.3s rss=4587MB hwm=4587MB
MEM_POOL: workspaces=32 dense_usage_mb=1251 n_pipes=2562403
    post_solve_diag[outer=6]: solves=105117 cap_armed=105117 (100.0%) settle_avg=6707 above_sink_avg=170 (2.5%) settle_max=69353
    load_support[outer=6]: settle_avg=6707 load_nz_avg=5653 (84.3%) load_material_avg=4310 (64.3%)
    prune_ceiling[outer=6]: settle_avg=6707 heuristic_prunable_avg=1025 (15.3%) vs oracle_zero_load=15.7%
    settle_hist[outer=6]: <100: 26587nets/0.1%work  <1k: 24047nets/1.3%work  <5k: 23593nets/8.4%work  <20k: 17767nets/27.3%work  <60k: 12691nets/59.0%work  >=60k: 432nets/4.0%work
    fanout_hist[outer=6]: fan1: 43710nets/13.0%work  fan2-4: 48279nets/50.3%work  fan5-16: 12974nets/35.7%work  fan17-64: 154nets/0.9%work  fan65-256: 0nets/0.0%work  fan>256: 0nets/0.0%work
    rss_probe[outer=6]: pre_post_solve=4554MB post_post_solve=4587MB after_apply=4587MB
    E_decomp: base=4176982.3 eff=44880453.8 cong=40703471.5 cong_share=90.7% sat_pipes=70683 max_util=930.73  R_buckets: 1-2x=102197 2-10x=2106063 10-100x=346246 >=100x=7897
    E_potential: beckmann=73690377507156.1 history_total=0.0
    SpanCache: epoch=7 entries=1320 lookups=2562403 hits=2561083 misses=1320 hit_rate=99.9%
  DCD   6: nets=105117 line=13867272 energy=5065790.764 dE=-768473.749 friction=4510050.5 bins=1.9x(230) excess=60.4 moved=67333 disp=5.125 solves=105117 skip=105117 pops=705013312 theta=0.644 refresh=80214ms dcd=6788ms total=89581ms
    cache_stats: entries=60558788 capacity=115703931 est_mb=998 rss_mb=4587
RSS_SAMPLE t=790.5s rss=4587MB hwm=4587MB
RSS_SAMPLE t=790.8s rss=4587MB hwm=4587MB
RSS_SAMPLE t=791.0s rss=4587MB hwm=4587MB
RSS_SAMPLE t=791.3s rss=4587MB hwm=4587MB
RSS_SAMPLE t=791.5s rss=4587MB hwm=4587MB
RSS_SAMPLE t=791.8s rss=4587MB hwm=4587MB
RSS_SAMPLE t=792.0s rss=4587MB hwm=4587MB
RSS_SAMPLE t=792.3s rss=4587MB hwm=4587MB
RSS_SAMPLE t=792.5s rss=4587MB hwm=4587MB
RSS_SAMPLE t=792.8s rss=4587MB hwm=4587MB
    SwitchMatrix: type_usage_pairs=419 lookups=1180 hits=761 dijkstra_calls=419 avg_us=10.7 total_ms=4.5
PHASE_MARK outer=7 enter=pre_solve rss=4587MB
    rss_probe[outer=7]: pre_refresh_rss=4587MB post_pre_solve_rss=4587MB cache_entries=60558788 cache_cap=115703931 cache_est_mb=998
    pre_solve_diag[outer=7]: solves=0 fallback=0 (0.0%) cap_armed=0 (0.0%) settle_avg=0 settle_max=0 init_count=233
    Overflow: over=69697 (2.7% of used) avg_excess=5.76 max_excess=3262.72 (nc=3286.72 cap=24 span=1)  excess_buckets: <=1=7748 1-5=39191 5-20=19820 >20=2938  by_cap: cap1=893 cap2=67587 cap3-5=0 cap>5=1217  by_span: s1=465 s2-3=775 s4-6=1290 s7-12=66653 s>12=514  le1_cross: cap1=568 cap2-5=7051 cap>5=129
    Congestion: pipes=2562403 used=2562403 congested(>50%)=92003 saturated(>90%)=70683 max_util=930.73 avg_util=0.1720
PHASE_MARK outer=7 enter=dcd_sweep rss=4587MB
RSS_SAMPLE t=793.0s rss=4587MB hwm=4587MB
RSS_SAMPLE t=793.3s rss=4587MB hwm=4587MB
RSS_SAMPLE t=793.5s rss=4587MB hwm=4587MB
RSS_SAMPLE t=793.8s rss=4587MB hwm=4587MB
RSS_SAMPLE t=794.0s rss=4587MB hwm=4587MB
RSS_SAMPLE t=794.3s rss=4587MB hwm=4587MB
RSS_SAMPLE t=794.5s rss=4587MB hwm=4587MB
RSS_SAMPLE t=794.8s rss=4587MB hwm=4587MB
RSS_SAMPLE t=795.0s rss=4587MB hwm=4587MB
RSS_SAMPLE t=795.3s rss=4587MB hwm=4587MB
RSS_SAMPLE t=795.5s rss=4587MB hwm=4587MB
RSS_SAMPLE t=795.8s rss=4587MB hwm=4587MB
RSS_SAMPLE t=796.0s rss=4587MB hwm=4587MB
RSS_SAMPLE t=796.3s rss=4587MB hwm=4587MB
RSS_SAMPLE t=796.5s rss=4587MB hwm=4587MB
RSS_SAMPLE t=796.8s rss=4587MB hwm=4587MB
RSS_SAMPLE t=797.0s rss=4587MB hwm=4587MB
RSS_SAMPLE t=797.3s rss=4587MB hwm=4587MB
RSS_SAMPLE t=797.5s rss=4587MB hwm=4587MB
RSS_SAMPLE t=797.8s rss=4587MB hwm=4587MB
RSS_SAMPLE t=798.0s rss=4587MB hwm=4587MB
RSS_SAMPLE t=798.3s rss=4587MB hwm=4587MB
RSS_SAMPLE t=798.5s rss=4587MB hwm=4587MB
RSS_SAMPLE t=798.8s rss=4587MB hwm=4587MB
RSS_SAMPLE t=799.0s rss=4587MB hwm=4587MB
RSS_SAMPLE t=799.3s rss=4587MB hwm=4587MB
RSS_SAMPLE t=799.5s rss=4587MB hwm=4587MB
PHASE_MARK outer=7 leave=dcd_sweep rss=4587MB
PHASE_MARK outer=7 enter=post_refresh rss=4587MB
RSS_SAMPLE t=799.8s rss=4587MB hwm=4587MB
RSS_SAMPLE t=800.0s rss=4587MB hwm=4587MB
RSS_SAMPLE t=800.3s rss=4587MB hwm=4587MB
RSS_SAMPLE t=800.5s rss=4587MB hwm=4587MB
RSS_SAMPLE t=800.8s rss=4587MB hwm=4587MB
RSS_SAMPLE t=801.0s rss=4587MB hwm=4587MB
RSS_SAMPLE t=801.3s rss=4587MB hwm=4587MB
RSS_SAMPLE t=801.5s rss=4587MB hwm=4587MB
RSS_SAMPLE t=801.8s rss=4587MB hwm=4587MB
RSS_SAMPLE t=802.0s rss=4587MB hwm=4587MB
RSS_SAMPLE t=802.3s rss=4587MB hwm=4587MB
RSS_SAMPLE t=802.5s rss=4587MB hwm=4587MB
RSS_SAMPLE t=802.8s rss=4587MB hwm=4587MB
RSS_SAMPLE t=803.0s rss=4587MB hwm=4587MB
RSS_SAMPLE t=803.3s rss=4587MB hwm=4587MB
RSS_SAMPLE t=803.5s rss=4587MB hwm=4587MB
RSS_SAMPLE t=803.8s rss=4587MB hwm=4587MB
RSS_SAMPLE t=804.0s rss=4587MB hwm=4587MB
RSS_SAMPLE t=804.3s rss=4587MB hwm=4587MB
RSS_SAMPLE t=804.5s rss=4587MB hwm=4587MB
RSS_SAMPLE t=804.8s rss=4587MB hwm=4587MB
RSS_SAMPLE t=805.0s rss=4587MB hwm=4587MB
RSS_SAMPLE t=805.3s rss=4587MB hwm=4587MB
RSS_SAMPLE t=805.5s rss=4587MB hwm=4587MB
RSS_SAMPLE t=805.8s rss=4588MB hwm=4588MB
RSS_SAMPLE t=806.1s rss=4588MB hwm=4588MB
RSS_SAMPLE t=806.3s rss=4588MB hwm=4588MB
RSS_SAMPLE t=806.6s rss=4588MB hwm=4588MB
RSS_SAMPLE t=806.8s rss=4588MB hwm=4588MB
RSS_SAMPLE t=807.1s rss=4588MB hwm=4588MB
RSS_SAMPLE t=807.3s rss=4588MB hwm=4588MB
RSS_SAMPLE t=807.6s rss=4588MB hwm=4588MB
RSS_SAMPLE t=807.8s rss=4588MB hwm=4588MB
RSS_SAMPLE t=808.1s rss=4588MB hwm=4588MB
RSS_SAMPLE t=808.3s rss=4588MB hwm=4588MB
RSS_SAMPLE t=808.6s rss=4588MB hwm=4588MB
RSS_SAMPLE t=808.8s rss=4588MB hwm=4588MB
RSS_SAMPLE t=809.1s rss=4589MB hwm=4589MB
RSS_SAMPLE t=809.3s rss=4589MB hwm=4589MB
RSS_SAMPLE t=809.6s rss=4589MB hwm=4589MB
RSS_SAMPLE t=809.8s rss=4589MB hwm=4589MB
RSS_SAMPLE t=810.1s rss=4589MB hwm=4589MB
RSS_SAMPLE t=810.3s rss=4589MB hwm=4589MB
RSS_SAMPLE t=810.6s rss=4589MB hwm=4589MB
RSS_SAMPLE t=810.8s rss=4589MB hwm=4589MB
RSS_SAMPLE t=811.1s rss=4589MB hwm=4589MB
RSS_SAMPLE t=811.3s rss=4590MB hwm=4590MB
RSS_SAMPLE t=811.6s rss=4590MB hwm=4590MB
RSS_SAMPLE t=811.8s rss=4590MB hwm=4590MB
RSS_SAMPLE t=812.1s rss=4590MB hwm=4590MB
RSS_SAMPLE t=812.3s rss=4590MB hwm=4590MB
RSS_SAMPLE t=812.6s rss=4591MB hwm=4591MB
RSS_SAMPLE t=812.8s rss=4591MB hwm=4591MB
RSS_SAMPLE t=813.1s rss=4591MB hwm=4591MB
RSS_SAMPLE t=813.3s rss=4591MB hwm=4591MB
RSS_SAMPLE t=813.6s rss=4591MB hwm=4591MB
RSS_SAMPLE t=813.8s rss=4591MB hwm=4591MB
RSS_SAMPLE t=814.1s rss=4591MB hwm=4591MB
RSS_SAMPLE t=814.3s rss=4591MB hwm=4591MB
RSS_SAMPLE t=814.6s rss=4591MB hwm=4591MB
RSS_SAMPLE t=814.8s rss=4591MB hwm=4591MB
RSS_SAMPLE t=815.1s rss=4592MB hwm=4592MB
RSS_SAMPLE t=815.3s rss=4592MB hwm=4592MB
RSS_SAMPLE t=815.6s rss=4592MB hwm=4592MB
RSS_SAMPLE t=815.8s rss=4592MB hwm=4592MB
RSS_SAMPLE t=816.1s rss=4592MB hwm=4592MB
RSS_SAMPLE t=816.3s rss=4592MB hwm=4592MB
RSS_SAMPLE t=816.6s rss=4592MB hwm=4592MB
RSS_SAMPLE t=816.8s rss=4592MB hwm=4592MB
RSS_SAMPLE t=817.1s rss=4593MB hwm=4593MB
RSS_SAMPLE t=817.3s rss=4593MB hwm=4593MB
RSS_SAMPLE t=817.6s rss=4593MB hwm=4593MB
RSS_SAMPLE t=817.8s rss=4593MB hwm=4593MB
RSS_SAMPLE t=818.1s rss=4594MB hwm=4594MB
RSS_SAMPLE t=818.3s rss=4594MB hwm=4594MB
RSS_SAMPLE t=818.6s rss=4594MB hwm=4594MB
RSS_SAMPLE t=818.8s rss=4594MB hwm=4594MB
RSS_SAMPLE t=819.1s rss=4595MB hwm=4595MB
RSS_SAMPLE t=819.3s rss=4595MB hwm=4595MB
RSS_SAMPLE t=819.6s rss=4595MB hwm=4595MB
RSS_SAMPLE t=819.8s rss=4595MB hwm=4595MB
RSS_SAMPLE t=820.1s rss=4595MB hwm=4595MB
RSS_SAMPLE t=820.3s rss=4595MB hwm=4595MB
RSS_SAMPLE t=820.6s rss=4596MB hwm=4596MB
RSS_SAMPLE t=820.8s rss=4596MB hwm=4596MB
RSS_SAMPLE t=821.1s rss=4596MB hwm=4596MB
RSS_SAMPLE t=821.3s rss=4596MB hwm=4596MB
RSS_SAMPLE t=821.6s rss=4597MB hwm=4597MB
RSS_SAMPLE t=821.8s rss=4597MB hwm=4597MB
RSS_SAMPLE t=822.1s rss=4597MB hwm=4597MB
RSS_SAMPLE t=822.3s rss=4597MB hwm=4597MB
RSS_SAMPLE t=822.6s rss=4597MB hwm=4597MB
RSS_SAMPLE t=822.8s rss=4597MB hwm=4597MB
RSS_SAMPLE t=823.1s rss=4597MB hwm=4597MB
RSS_SAMPLE t=823.3s rss=4597MB hwm=4597MB
RSS_SAMPLE t=823.6s rss=4598MB hwm=4598MB
RSS_SAMPLE t=823.8s rss=4598MB hwm=4598MB
RSS_SAMPLE t=824.1s rss=4598MB hwm=4598MB
RSS_SAMPLE t=824.3s rss=4598MB hwm=4598MB
RSS_SAMPLE t=824.6s rss=4598MB hwm=4598MB
RSS_SAMPLE t=824.8s rss=4598MB hwm=4598MB
RSS_SAMPLE t=825.1s rss=4598MB hwm=4598MB
RSS_SAMPLE t=825.3s rss=4598MB hwm=4598MB
RSS_SAMPLE t=825.6s rss=4598MB hwm=4598MB
RSS_SAMPLE t=825.8s rss=4598MB hwm=4598MB
RSS_SAMPLE t=826.1s rss=4598MB hwm=4598MB
RSS_SAMPLE t=826.3s rss=4599MB hwm=4599MB
RSS_SAMPLE t=826.6s rss=4599MB hwm=4599MB
RSS_SAMPLE t=826.8s rss=4599MB hwm=4599MB
RSS_SAMPLE t=827.1s rss=4599MB hwm=4599MB
RSS_SAMPLE t=827.3s rss=4599MB hwm=4599MB
RSS_SAMPLE t=827.6s rss=4599MB hwm=4599MB
RSS_SAMPLE t=827.8s rss=4599MB hwm=4599MB
RSS_SAMPLE t=828.1s rss=4599MB hwm=4599MB
RSS_SAMPLE t=828.3s rss=4599MB hwm=4599MB
RSS_SAMPLE t=828.6s rss=4599MB hwm=4599MB
RSS_SAMPLE t=828.8s rss=4599MB hwm=4599MB
RSS_SAMPLE t=829.1s rss=4600MB hwm=4600MB
RSS_SAMPLE t=829.3s rss=4600MB hwm=4600MB
RSS_SAMPLE t=829.6s rss=4600MB hwm=4600MB
RSS_SAMPLE t=829.8s rss=4600MB hwm=4600MB
RSS_SAMPLE t=830.1s rss=4600MB hwm=4600MB
RSS_SAMPLE t=830.3s rss=4600MB hwm=4600MB
RSS_SAMPLE t=830.6s rss=4600MB hwm=4600MB
RSS_SAMPLE t=830.8s rss=4600MB hwm=4600MB
RSS_SAMPLE t=831.1s rss=4600MB hwm=4600MB
RSS_SAMPLE t=831.3s rss=4600MB hwm=4600MB
RSS_SAMPLE t=831.6s rss=4600MB hwm=4600MB
RSS_SAMPLE t=831.8s rss=4601MB hwm=4601MB
RSS_SAMPLE t=832.1s rss=4601MB hwm=4601MB
RSS_SAMPLE t=832.3s rss=4601MB hwm=4601MB
RSS_SAMPLE t=832.6s rss=4601MB hwm=4601MB
RSS_SAMPLE t=832.8s rss=4601MB hwm=4601MB
RSS_SAMPLE t=833.1s rss=4601MB hwm=4601MB
RSS_SAMPLE t=833.3s rss=4601MB hwm=4601MB
RSS_SAMPLE t=833.6s rss=4601MB hwm=4601MB
RSS_SAMPLE t=833.8s rss=4601MB hwm=4601MB
RSS_SAMPLE t=834.1s rss=4601MB hwm=4601MB
RSS_SAMPLE t=834.3s rss=4601MB hwm=4601MB
RSS_SAMPLE t=834.6s rss=4601MB hwm=4601MB
RSS_SAMPLE t=834.8s rss=4601MB hwm=4601MB
RSS_SAMPLE t=835.1s rss=4601MB hwm=4601MB
RSS_SAMPLE t=835.3s rss=4601MB hwm=4601MB
RSS_SAMPLE t=835.6s rss=4601MB hwm=4601MB
RSS_SAMPLE t=835.8s rss=4601MB hwm=4601MB
RSS_SAMPLE t=836.1s rss=4601MB hwm=4601MB
RSS_SAMPLE t=836.3s rss=4601MB hwm=4601MB
RSS_SAMPLE t=836.6s rss=4601MB hwm=4601MB
RSS_SAMPLE t=836.8s rss=4601MB hwm=4601MB
RSS_SAMPLE t=837.1s rss=4601MB hwm=4601MB
RSS_SAMPLE t=837.3s rss=4601MB hwm=4601MB
RSS_SAMPLE t=837.6s rss=4602MB hwm=4602MB
RSS_SAMPLE t=837.8s rss=4602MB hwm=4602MB
RSS_SAMPLE t=838.1s rss=4602MB hwm=4602MB
RSS_SAMPLE t=838.3s rss=4602MB hwm=4602MB
RSS_SAMPLE t=838.6s rss=4602MB hwm=4602MB
RSS_SAMPLE t=838.8s rss=4602MB hwm=4602MB
RSS_SAMPLE t=839.1s rss=4602MB hwm=4602MB
RSS_SAMPLE t=839.3s rss=4602MB hwm=4602MB
RSS_SAMPLE t=839.6s rss=4602MB hwm=4602MB
RSS_SAMPLE t=839.8s rss=4602MB hwm=4602MB
RSS_SAMPLE t=840.1s rss=4602MB hwm=4602MB
RSS_SAMPLE t=840.3s rss=4602MB hwm=4602MB
RSS_SAMPLE t=840.6s rss=4602MB hwm=4602MB
RSS_SAMPLE t=840.9s rss=4602MB hwm=4602MB
RSS_SAMPLE t=841.1s rss=4602MB hwm=4602MB
RSS_SAMPLE t=841.4s rss=4602MB hwm=4602MB
RSS_SAMPLE t=841.6s rss=4602MB hwm=4602MB
RSS_SAMPLE t=841.9s rss=4602MB hwm=4602MB
RSS_SAMPLE t=842.1s rss=4602MB hwm=4602MB
RSS_SAMPLE t=842.4s rss=4602MB hwm=4602MB
RSS_SAMPLE t=842.6s rss=4602MB hwm=4602MB
RSS_SAMPLE t=842.9s rss=4602MB hwm=4602MB
RSS_SAMPLE t=843.1s rss=4602MB hwm=4602MB
RSS_SAMPLE t=843.4s rss=4602MB hwm=4602MB
RSS_SAMPLE t=843.6s rss=4602MB hwm=4602MB
RSS_SAMPLE t=843.9s rss=4602MB hwm=4602MB
RSS_SAMPLE t=844.1s rss=4602MB hwm=4602MB
RSS_SAMPLE t=844.4s rss=4602MB hwm=4602MB
RSS_SAMPLE t=844.6s rss=4602MB hwm=4602MB
RSS_SAMPLE t=844.9s rss=4602MB hwm=4602MB
RSS_SAMPLE t=845.1s rss=4602MB hwm=4602MB
RSS_SAMPLE t=845.4s rss=4602MB hwm=4602MB
RSS_SAMPLE t=845.6s rss=4602MB hwm=4602MB
RSS_SAMPLE t=845.9s rss=4602MB hwm=4602MB
RSS_SAMPLE t=846.1s rss=4603MB hwm=4603MB
RSS_SAMPLE t=846.4s rss=4603MB hwm=4603MB
RSS_SAMPLE t=846.6s rss=4603MB hwm=4603MB
RSS_SAMPLE t=846.9s rss=4603MB hwm=4603MB
RSS_SAMPLE t=847.1s rss=4603MB hwm=4603MB
RSS_SAMPLE t=847.4s rss=4603MB hwm=4603MB
RSS_SAMPLE t=847.6s rss=4603MB hwm=4603MB
RSS_SAMPLE t=847.9s rss=4603MB hwm=4603MB
RSS_SAMPLE t=848.1s rss=4603MB hwm=4603MB
RSS_SAMPLE t=848.4s rss=4603MB hwm=4603MB
RSS_SAMPLE t=848.6s rss=4603MB hwm=4603MB
RSS_SAMPLE t=848.9s rss=4603MB hwm=4603MB
RSS_SAMPLE t=849.1s rss=4603MB hwm=4603MB
RSS_SAMPLE t=849.4s rss=4603MB hwm=4603MB
RSS_SAMPLE t=849.6s rss=4603MB hwm=4603MB
RSS_SAMPLE t=849.9s rss=4604MB hwm=4604MB
RSS_SAMPLE t=850.1s rss=4604MB hwm=4604MB
RSS_SAMPLE t=850.4s rss=4604MB hwm=4604MB
RSS_SAMPLE t=850.6s rss=4604MB hwm=4604MB
RSS_SAMPLE t=850.9s rss=4604MB hwm=4604MB
RSS_SAMPLE t=851.1s rss=4604MB hwm=4604MB
RSS_SAMPLE t=851.4s rss=4604MB hwm=4604MB
RSS_SAMPLE t=851.6s rss=4604MB hwm=4604MB
RSS_SAMPLE t=851.9s rss=4604MB hwm=4604MB
RSS_SAMPLE t=852.1s rss=4604MB hwm=4604MB
RSS_SAMPLE t=852.4s rss=4604MB hwm=4604MB
RSS_SAMPLE t=852.6s rss=4604MB hwm=4604MB
RSS_SAMPLE t=852.9s rss=4604MB hwm=4604MB
RSS_SAMPLE t=853.1s rss=4604MB hwm=4604MB
RSS_SAMPLE t=853.4s rss=4604MB hwm=4604MB
RSS_SAMPLE t=853.6s rss=4604MB hwm=4604MB
RSS_SAMPLE t=853.9s rss=4604MB hwm=4604MB
RSS_SAMPLE t=854.1s rss=4604MB hwm=4604MB
RSS_SAMPLE t=854.4s rss=4604MB hwm=4604MB
RSS_SAMPLE t=854.6s rss=4604MB hwm=4604MB
RSS_SAMPLE t=854.9s rss=4604MB hwm=4604MB
RSS_SAMPLE t=855.1s rss=4604MB hwm=4604MB
RSS_SAMPLE t=855.4s rss=4604MB hwm=4604MB
RSS_SAMPLE t=855.6s rss=4604MB hwm=4604MB
RSS_SAMPLE t=855.9s rss=4604MB hwm=4604MB
RSS_SAMPLE t=856.1s rss=4604MB hwm=4604MB
RSS_SAMPLE t=856.4s rss=4604MB hwm=4604MB
RSS_SAMPLE t=856.6s rss=4604MB hwm=4604MB
RSS_SAMPLE t=856.9s rss=4604MB hwm=4604MB
RSS_SAMPLE t=857.1s rss=4604MB hwm=4604MB
RSS_SAMPLE t=857.4s rss=4604MB hwm=4604MB
RSS_SAMPLE t=857.6s rss=4604MB hwm=4604MB
RSS_SAMPLE t=857.9s rss=4604MB hwm=4604MB
RSS_SAMPLE t=858.1s rss=4604MB hwm=4604MB
RSS_SAMPLE t=858.4s rss=4604MB hwm=4604MB
RSS_SAMPLE t=858.6s rss=4604MB hwm=4604MB
RSS_SAMPLE t=858.9s rss=4604MB hwm=4604MB
RSS_SAMPLE t=859.1s rss=4604MB hwm=4604MB
RSS_SAMPLE t=859.4s rss=4604MB hwm=4604MB
RSS_SAMPLE t=859.6s rss=4604MB hwm=4604MB
RSS_SAMPLE t=859.9s rss=4604MB hwm=4604MB
RSS_SAMPLE t=860.1s rss=4604MB hwm=4604MB
RSS_SAMPLE t=860.4s rss=4604MB hwm=4604MB
RSS_SAMPLE t=860.6s rss=4604MB hwm=4604MB
RSS_SAMPLE t=860.9s rss=4604MB hwm=4604MB
RSS_SAMPLE t=861.1s rss=4604MB hwm=4604MB
RSS_SAMPLE t=861.4s rss=4604MB hwm=4604MB
RSS_SAMPLE t=861.6s rss=4604MB hwm=4604MB
RSS_SAMPLE t=861.9s rss=4604MB hwm=4604MB
RSS_SAMPLE t=862.1s rss=4604MB hwm=4604MB
RSS_SAMPLE t=862.4s rss=4604MB hwm=4604MB
RSS_SAMPLE t=862.6s rss=4604MB hwm=4604MB
RSS_SAMPLE t=862.9s rss=4604MB hwm=4604MB
RSS_SAMPLE t=863.1s rss=4604MB hwm=4604MB
RSS_SAMPLE t=863.4s rss=4604MB hwm=4604MB
RSS_SAMPLE t=863.6s rss=4604MB hwm=4604MB
RSS_SAMPLE t=863.9s rss=4604MB hwm=4604MB
RSS_SAMPLE t=864.1s rss=4604MB hwm=4604MB
RSS_SAMPLE t=864.4s rss=4604MB hwm=4604MB
RSS_SAMPLE t=864.6s rss=4604MB hwm=4604MB
RSS_SAMPLE t=864.9s rss=4604MB hwm=4604MB
RSS_SAMPLE t=865.1s rss=4604MB hwm=4604MB
RSS_SAMPLE t=865.4s rss=4604MB hwm=4604MB
RSS_SAMPLE t=865.6s rss=4604MB hwm=4604MB
RSS_SAMPLE t=865.9s rss=4604MB hwm=4604MB
RSS_SAMPLE t=866.1s rss=4604MB hwm=4604MB
RSS_SAMPLE t=866.4s rss=4604MB hwm=4604MB
RSS_SAMPLE t=866.6s rss=4604MB hwm=4604MB
RSS_SAMPLE t=866.9s rss=4604MB hwm=4604MB
RSS_SAMPLE t=867.1s rss=4604MB hwm=4604MB
RSS_SAMPLE t=867.4s rss=4604MB hwm=4604MB
RSS_SAMPLE t=867.6s rss=4604MB hwm=4604MB
RSS_SAMPLE t=867.9s rss=4604MB hwm=4604MB
RSS_SAMPLE t=868.1s rss=4604MB hwm=4604MB
RSS_SAMPLE t=868.4s rss=4604MB hwm=4604MB
RSS_SAMPLE t=868.6s rss=4604MB hwm=4604MB
RSS_SAMPLE t=868.9s rss=4604MB hwm=4604MB
RSS_SAMPLE t=869.1s rss=4604MB hwm=4604MB
RSS_SAMPLE t=869.4s rss=4604MB hwm=4604MB
RSS_SAMPLE t=869.6s rss=4604MB hwm=4604MB
RSS_SAMPLE t=869.9s rss=4604MB hwm=4604MB
RSS_SAMPLE t=870.1s rss=4604MB hwm=4604MB
RSS_SAMPLE t=870.4s rss=4604MB hwm=4604MB
RSS_SAMPLE t=870.6s rss=4604MB hwm=4604MB
RSS_SAMPLE t=870.9s rss=4604MB hwm=4604MB
RSS_SAMPLE t=871.1s rss=4604MB hwm=4604MB
RSS_SAMPLE t=871.4s rss=4604MB hwm=4604MB
RSS_SAMPLE t=871.6s rss=4604MB hwm=4604MB
RSS_SAMPLE t=871.9s rss=4604MB hwm=4604MB
RSS_SAMPLE t=872.1s rss=4604MB hwm=4604MB
RSS_SAMPLE t=872.4s rss=4604MB hwm=4604MB
RSS_SAMPLE t=872.6s rss=4604MB hwm=4604MB
RSS_SAMPLE t=872.9s rss=4604MB hwm=4604MB
RSS_SAMPLE t=873.1s rss=4604MB hwm=4604MB
RSS_SAMPLE t=873.4s rss=4604MB hwm=4604MB
RSS_SAMPLE t=873.6s rss=4604MB hwm=4604MB
RSS_SAMPLE t=873.9s rss=4604MB hwm=4604MB
RSS_SAMPLE t=874.1s rss=4604MB hwm=4604MB
RSS_SAMPLE t=874.4s rss=4604MB hwm=4604MB
RSS_SAMPLE t=874.6s rss=4604MB hwm=4604MB
RSS_SAMPLE t=874.9s rss=4604MB hwm=4604MB
RSS_SAMPLE t=875.1s rss=4604MB hwm=4604MB
RSS_SAMPLE t=875.4s rss=4604MB hwm=4604MB
RSS_SAMPLE t=875.6s rss=4604MB hwm=4604MB
RSS_SAMPLE t=875.9s rss=4604MB hwm=4604MB
RSS_SAMPLE t=876.1s rss=4604MB hwm=4604MB
RSS_SAMPLE t=876.4s rss=4604MB hwm=4604MB
RSS_SAMPLE t=876.6s rss=4604MB hwm=4604MB
RSS_SAMPLE t=876.9s rss=4604MB hwm=4604MB
RSS_SAMPLE t=877.1s rss=4604MB hwm=4604MB
RSS_SAMPLE t=877.4s rss=4604MB hwm=4604MB
RSS_SAMPLE t=877.6s rss=4604MB hwm=4604MB
RSS_SAMPLE t=877.9s rss=4604MB hwm=4604MB
RSS_SAMPLE t=878.1s rss=4604MB hwm=4604MB
MEM_POOL: workspaces=32 dense_usage_mb=1251 n_pipes=2562403
    post_solve_diag[outer=7]: solves=105117 cap_armed=105117 (100.0%) settle_avg=6394 above_sink_avg=189 (3.0%) settle_max=69353
    load_support[outer=7]: settle_avg=6394 load_nz_avg=5358 (83.8%) load_material_avg=4027 (63.0%)
    prune_ceiling[outer=7]: settle_avg=6394 heuristic_prunable_avg=1002 (15.7%) vs oracle_zero_load=16.2%
    settle_hist[outer=7]: <100: 27038nets/0.1%work  <1k: 23611nets/1.4%work  <5k: 24038nets/9.0%work  <20k: 18228nets/29.3%work  <60k: 11835nets/56.8%work  >=60k: 367nets/3.5%work
    fanout_hist[outer=7]: fan1: 43710nets/13.0%work  fan2-4: 48279nets/50.3%work  fan5-16: 12974nets/35.7%work  fan17-64: 154nets/0.9%work  fan65-256: 0nets/0.0%work  fan>256: 0nets/0.0%work
    rss_probe[outer=7]: pre_post_solve=4587MB post_post_solve=4604MB after_apply=4604MB
RSS_SAMPLE t=878.4s rss=4604MB hwm=4604MB
    E_decomp: base=4125018.3 eff=42892794.4 cong=38767776.0 cong_share=90.4% sat_pipes=75416 max_util=2036.85  R_buckets: 1-2x=105108 2-10x=2100335 10-100x=349153 >=100x=7807
    E_potential: beckmann=174103608402637.6 history_total=0.0
    SpanCache: epoch=8 entries=1180 lookups=2562403 hits=2561223 misses=1180 hit_rate=100.0%
  DCD   7: nets=105117 line=13461476 energy=4945290.883 dE=-120499.881 friction=9222733.3 bins=2.0x(173) excess=43.1 moved=67397 disp=4.981 solves=105117 skip=105117 pops=672095333 theta=0.754 refresh=78723ms dcd=6727ms total=87912ms
    cache_stats: entries=60544623 capacity=117861450 est_mb=1016 rss_mb=4604
RSS_SAMPLE t=878.6s rss=4604MB hwm=4604MB
RSS_SAMPLE t=878.9s rss=4604MB hwm=4604MB
RSS_SAMPLE t=879.1s rss=4604MB hwm=4604MB
RSS_SAMPLE t=879.4s rss=4604MB hwm=4604MB
RSS_SAMPLE t=879.6s rss=4604MB hwm=4604MB
RSS_SAMPLE t=879.9s rss=4604MB hwm=4604MB
RSS_SAMPLE t=880.1s rss=4604MB hwm=4604MB
RSS_SAMPLE t=880.4s rss=4604MB hwm=4604MB
RSS_SAMPLE t=880.6s rss=4604MB hwm=4604MB
    SwitchMatrix: type_usage_pairs=596 lookups=1771 hits=1175 dijkstra_calls=596 avg_us=11.4 total_ms=6.8
PHASE_MARK outer=8 enter=pre_solve rss=4604MB
    rss_probe[outer=8]: pre_refresh_rss=4604MB post_pre_solve_rss=4604MB cache_entries=60544623 cache_cap=117861450 cache_est_mb=1016
    pre_solve_diag[outer=8]: solves=0 fallback=0 (0.0%) cap_armed=0 (0.0%) settle_avg=0 settle_max=0 init_count=224
    Overflow: over=74091 (2.9% of used) avg_excess=5.63 max_excess=2035.85 (nc=2036.85 cap=1 span=1)  excess_buckets: <=1=8173 1-5=43387 5-20=19888 >20=2643  by_cap: cap1=3311 cap2=68927 cap3-5=0 cap>5=1853  by_span: s1=503 s2-3=777 s4-6=1682 s7-12=68020 s>12=3109  le1_cross: cap1=1245 cap2-5=6699 cap>5=229
    Congestion: pipes=2562403 used=2562403 congested(>50%)=94171 saturated(>90%)=75416 max_util=2036.85 avg_util=0.1747
PHASE_MARK outer=8 enter=dcd_sweep rss=4604MB
RSS_SAMPLE t=880.9s rss=4604MB hwm=4604MB
RSS_SAMPLE t=881.1s rss=4604MB hwm=4604MB
RSS_SAMPLE t=881.4s rss=4604MB hwm=4604MB
RSS_SAMPLE t=881.6s rss=4604MB hwm=4604MB
RSS_SAMPLE t=881.9s rss=4604MB hwm=4604MB
RSS_SAMPLE t=882.1s rss=4604MB hwm=4604MB
RSS_SAMPLE t=882.4s rss=4604MB hwm=4604MB
RSS_SAMPLE t=882.6s rss=4604MB hwm=4604MB
RSS_SAMPLE t=882.9s rss=4604MB hwm=4604MB
RSS_SAMPLE t=883.1s rss=4604MB hwm=4604MB
RSS_SAMPLE t=883.4s rss=4604MB hwm=4604MB
RSS_SAMPLE t=883.6s rss=4604MB hwm=4604MB
RSS_SAMPLE t=883.9s rss=4604MB hwm=4604MB
RSS_SAMPLE t=884.1s rss=4604MB hwm=4604MB
RSS_SAMPLE t=884.4s rss=4604MB hwm=4604MB
RSS_SAMPLE t=884.6s rss=4604MB hwm=4604MB
RSS_SAMPLE t=884.9s rss=4604MB hwm=4604MB
RSS_SAMPLE t=885.1s rss=4604MB hwm=4604MB
RSS_SAMPLE t=885.4s rss=4604MB hwm=4604MB
RSS_SAMPLE t=885.6s rss=4604MB hwm=4604MB
RSS_SAMPLE t=885.9s rss=4604MB hwm=4604MB
RSS_SAMPLE t=886.1s rss=4604MB hwm=4604MB
RSS_SAMPLE t=886.4s rss=4604MB hwm=4604MB
RSS_SAMPLE t=886.6s rss=4604MB hwm=4604MB
RSS_SAMPLE t=886.9s rss=4604MB hwm=4604MB
RSS_SAMPLE t=887.1s rss=4604MB hwm=4604MB
RSS_SAMPLE t=887.4s rss=4604MB hwm=4604MB
RSS_SAMPLE t=887.6s rss=4604MB hwm=4604MB
PHASE_MARK outer=8 leave=dcd_sweep rss=4604MB
PHASE_MARK outer=8 enter=post_refresh rss=4604MB
RSS_SAMPLE t=887.9s rss=4606MB hwm=4606MB
RSS_SAMPLE t=888.1s rss=4606MB hwm=4606MB
RSS_SAMPLE t=888.4s rss=4606MB hwm=4606MB
RSS_SAMPLE t=888.6s rss=4606MB hwm=4606MB
RSS_SAMPLE t=888.9s rss=4606MB hwm=4606MB
RSS_SAMPLE t=889.1s rss=4606MB hwm=4606MB
RSS_SAMPLE t=889.4s rss=4606MB hwm=4606MB
RSS_SAMPLE t=889.6s rss=4606MB hwm=4606MB
RSS_SAMPLE t=889.9s rss=4606MB hwm=4606MB
RSS_SAMPLE t=890.1s rss=4606MB hwm=4606MB
RSS_SAMPLE t=890.4s rss=4606MB hwm=4606MB
RSS_SAMPLE t=890.6s rss=4606MB hwm=4606MB
RSS_SAMPLE t=890.9s rss=4606MB hwm=4606MB
RSS_SAMPLE t=891.1s rss=4606MB hwm=4606MB
RSS_SAMPLE t=891.4s rss=4606MB hwm=4606MB
RSS_SAMPLE t=891.6s rss=4606MB hwm=4606MB
RSS_SAMPLE t=891.9s rss=4606MB hwm=4606MB
RSS_SAMPLE t=892.1s rss=4606MB hwm=4606MB
RSS_SAMPLE t=892.4s rss=4606MB hwm=4606MB
RSS_SAMPLE t=892.6s rss=4607MB hwm=4607MB
RSS_SAMPLE t=892.9s rss=4607MB hwm=4607MB
RSS_SAMPLE t=893.1s rss=4607MB hwm=4607MB
RSS_SAMPLE t=893.4s rss=4607MB hwm=4607MB
RSS_SAMPLE t=893.6s rss=4607MB hwm=4607MB
RSS_SAMPLE t=893.9s rss=4607MB hwm=4607MB
RSS_SAMPLE t=894.1s rss=4607MB hwm=4607MB
RSS_SAMPLE t=894.4s rss=4607MB hwm=4607MB
RSS_SAMPLE t=894.6s rss=4607MB hwm=4607MB
RSS_SAMPLE t=894.9s rss=4607MB hwm=4607MB
RSS_SAMPLE t=895.1s rss=4607MB hwm=4607MB
RSS_SAMPLE t=895.4s rss=4607MB hwm=4607MB
RSS_SAMPLE t=895.6s rss=4607MB hwm=4607MB
RSS_SAMPLE t=895.9s rss=4607MB hwm=4607MB
RSS_SAMPLE t=896.1s rss=4607MB hwm=4607MB
RSS_SAMPLE t=896.4s rss=4607MB hwm=4607MB
RSS_SAMPLE t=896.6s rss=4608MB hwm=4608MB
RSS_SAMPLE t=896.9s rss=4608MB hwm=4608MB
RSS_SAMPLE t=897.1s rss=4608MB hwm=4608MB
RSS_SAMPLE t=897.4s rss=4608MB hwm=4608MB
RSS_SAMPLE t=897.6s rss=4608MB hwm=4608MB
RSS_SAMPLE t=897.9s rss=4609MB hwm=4609MB
RSS_SAMPLE t=898.1s rss=4609MB hwm=4609MB
RSS_SAMPLE t=898.4s rss=4609MB hwm=4609MB
RSS_SAMPLE t=898.6s rss=4609MB hwm=4609MB
RSS_SAMPLE t=898.9s rss=4609MB hwm=4609MB
RSS_SAMPLE t=899.1s rss=4610MB hwm=4610MB
RSS_SAMPLE t=899.4s rss=4610MB hwm=4610MB
RSS_SAMPLE t=899.6s rss=4610MB hwm=4610MB
RSS_SAMPLE t=899.9s rss=4610MB hwm=4610MB
RSS_SAMPLE t=900.1s rss=4610MB hwm=4610MB
RSS_SAMPLE t=900.4s rss=4610MB hwm=4610MB
RSS_SAMPLE t=900.6s rss=4610MB hwm=4610MB
RSS_SAMPLE t=900.9s rss=4611MB hwm=4611MB
RSS_SAMPLE t=901.1s rss=4611MB hwm=4611MB
RSS_SAMPLE t=901.4s rss=4611MB hwm=4611MB
RSS_SAMPLE t=901.6s rss=4611MB hwm=4611MB
RSS_SAMPLE t=901.9s rss=4611MB hwm=4611MB
RSS_SAMPLE t=902.2s rss=4611MB hwm=4611MB
RSS_SAMPLE t=902.4s rss=4611MB hwm=4611MB
RSS_SAMPLE t=902.7s rss=4612MB hwm=4612MB
RSS_SAMPLE t=902.9s rss=4612MB hwm=4612MB
RSS_SAMPLE t=903.2s rss=4612MB hwm=4612MB
RSS_SAMPLE t=903.4s rss=4612MB hwm=4612MB
RSS_SAMPLE t=903.7s rss=4612MB hwm=4612MB
RSS_SAMPLE t=903.9s rss=4612MB hwm=4612MB
RSS_SAMPLE t=904.2s rss=4612MB hwm=4612MB
RSS_SAMPLE t=904.4s rss=4612MB hwm=4612MB
RSS_SAMPLE t=904.7s rss=4612MB hwm=4612MB
RSS_SAMPLE t=904.9s rss=4612MB hwm=4612MB
RSS_SAMPLE t=905.2s rss=4612MB hwm=4612MB
RSS_SAMPLE t=905.4s rss=4612MB hwm=4612MB
RSS_SAMPLE t=905.7s rss=4612MB hwm=4612MB
RSS_SAMPLE t=905.9s rss=4613MB hwm=4613MB
RSS_SAMPLE t=906.2s rss=4613MB hwm=4613MB
RSS_SAMPLE t=906.4s rss=4613MB hwm=4613MB
RSS_SAMPLE t=906.7s rss=4613MB hwm=4613MB
RSS_SAMPLE t=906.9s rss=4613MB hwm=4613MB
RSS_SAMPLE t=907.2s rss=4613MB hwm=4613MB
RSS_SAMPLE t=907.4s rss=4613MB hwm=4613MB
RSS_SAMPLE t=907.7s rss=4613MB hwm=4613MB
RSS_SAMPLE t=907.9s rss=4613MB hwm=4613MB
RSS_SAMPLE t=908.2s rss=4613MB hwm=4613MB
RSS_SAMPLE t=908.4s rss=4614MB hwm=4614MB
RSS_SAMPLE t=908.7s rss=4614MB hwm=4614MB
RSS_SAMPLE t=908.9s rss=4614MB hwm=4614MB
RSS_SAMPLE t=909.2s rss=4614MB hwm=4614MB
RSS_SAMPLE t=909.4s rss=4614MB hwm=4614MB
RSS_SAMPLE t=909.7s rss=4614MB hwm=4614MB
RSS_SAMPLE t=909.9s rss=4614MB hwm=4614MB
RSS_SAMPLE t=910.2s rss=4614MB hwm=4614MB
RSS_SAMPLE t=910.4s rss=4614MB hwm=4614MB
RSS_SAMPLE t=910.7s rss=4614MB hwm=4614MB
RSS_SAMPLE t=910.9s rss=4615MB hwm=4615MB
RSS_SAMPLE t=911.2s rss=4615MB hwm=4615MB
RSS_SAMPLE t=911.4s rss=4615MB hwm=4615MB
RSS_SAMPLE t=911.7s rss=4615MB hwm=4615MB
RSS_SAMPLE t=911.9s rss=4615MB hwm=4615MB
RSS_SAMPLE t=912.2s rss=4615MB hwm=4615MB
RSS_SAMPLE t=912.4s rss=4615MB hwm=4615MB
RSS_SAMPLE t=912.7s rss=4615MB hwm=4615MB
RSS_SAMPLE t=912.9s rss=4616MB hwm=4616MB
RSS_SAMPLE t=913.2s rss=4616MB hwm=4616MB
RSS_SAMPLE t=913.4s rss=4616MB hwm=4616MB
RSS_SAMPLE t=913.7s rss=4616MB hwm=4616MB
RSS_SAMPLE t=913.9s rss=4616MB hwm=4616MB
RSS_SAMPLE t=914.2s rss=4616MB hwm=4616MB
RSS_SAMPLE t=914.4s rss=4616MB hwm=4616MB
RSS_SAMPLE t=914.7s rss=4616MB hwm=4616MB
RSS_SAMPLE t=914.9s rss=4616MB hwm=4616MB
RSS_SAMPLE t=915.2s rss=4616MB hwm=4616MB
RSS_SAMPLE t=915.4s rss=4616MB hwm=4616MB
RSS_SAMPLE t=915.7s rss=4616MB hwm=4616MB
RSS_SAMPLE t=915.9s rss=4616MB hwm=4616MB
RSS_SAMPLE t=916.2s rss=4616MB hwm=4616MB
RSS_SAMPLE t=916.4s rss=4617MB hwm=4617MB
RSS_SAMPLE t=916.7s rss=4617MB hwm=4617MB
RSS_SAMPLE t=916.9s rss=4617MB hwm=4617MB
RSS_SAMPLE t=917.2s rss=4617MB hwm=4617MB
RSS_SAMPLE t=917.4s rss=4617MB hwm=4617MB
RSS_SAMPLE t=917.7s rss=4617MB hwm=4617MB
RSS_SAMPLE t=917.9s rss=4617MB hwm=4617MB
RSS_SAMPLE t=918.2s rss=4617MB hwm=4617MB
RSS_SAMPLE t=918.4s rss=4617MB hwm=4617MB
RSS_SAMPLE t=918.7s rss=4617MB hwm=4617MB
RSS_SAMPLE t=918.9s rss=4617MB hwm=4617MB
RSS_SAMPLE t=919.2s rss=4617MB hwm=4617MB
RSS_SAMPLE t=919.4s rss=4617MB hwm=4617MB
RSS_SAMPLE t=919.7s rss=4617MB hwm=4617MB
RSS_SAMPLE t=919.9s rss=4617MB hwm=4617MB
RSS_SAMPLE t=920.2s rss=4617MB hwm=4617MB
RSS_SAMPLE t=920.4s rss=4617MB hwm=4617MB
RSS_SAMPLE t=920.7s rss=4618MB hwm=4618MB
RSS_SAMPLE t=920.9s rss=4618MB hwm=4618MB
RSS_SAMPLE t=921.2s rss=4618MB hwm=4618MB
RSS_SAMPLE t=921.4s rss=4618MB hwm=4618MB
RSS_SAMPLE t=921.7s rss=4618MB hwm=4618MB
RSS_SAMPLE t=921.9s rss=4618MB hwm=4618MB
RSS_SAMPLE t=922.2s rss=4618MB hwm=4618MB
RSS_SAMPLE t=922.4s rss=4618MB hwm=4618MB
RSS_SAMPLE t=922.7s rss=4618MB hwm=4618MB
RSS_SAMPLE t=922.9s rss=4618MB hwm=4618MB
RSS_SAMPLE t=923.2s rss=4618MB hwm=4618MB
RSS_SAMPLE t=923.4s rss=4618MB hwm=4618MB
RSS_SAMPLE t=923.7s rss=4618MB hwm=4618MB
RSS_SAMPLE t=923.9s rss=4618MB hwm=4618MB
RSS_SAMPLE t=924.2s rss=4618MB hwm=4618MB
RSS_SAMPLE t=924.4s rss=4618MB hwm=4618MB
RSS_SAMPLE t=924.7s rss=4618MB hwm=4618MB
RSS_SAMPLE t=924.9s rss=4618MB hwm=4618MB
RSS_SAMPLE t=925.2s rss=4618MB hwm=4618MB
RSS_SAMPLE t=925.4s rss=4618MB hwm=4618MB
RSS_SAMPLE t=925.7s rss=4619MB hwm=4619MB
RSS_SAMPLE t=925.9s rss=4619MB hwm=4619MB
RSS_SAMPLE t=926.2s rss=4619MB hwm=4619MB
RSS_SAMPLE t=926.4s rss=4619MB hwm=4619MB
RSS_SAMPLE t=926.7s rss=4619MB hwm=4619MB
RSS_SAMPLE t=926.9s rss=4619MB hwm=4619MB
RSS_SAMPLE t=927.2s rss=4619MB hwm=4619MB
RSS_SAMPLE t=927.4s rss=4619MB hwm=4619MB
RSS_SAMPLE t=927.7s rss=4619MB hwm=4619MB
RSS_SAMPLE t=927.9s rss=4619MB hwm=4619MB
RSS_SAMPLE t=928.2s rss=4619MB hwm=4619MB
RSS_SAMPLE t=928.4s rss=4619MB hwm=4619MB
RSS_SAMPLE t=928.7s rss=4619MB hwm=4619MB
RSS_SAMPLE t=928.9s rss=4619MB hwm=4619MB
RSS_SAMPLE t=929.2s rss=4619MB hwm=4619MB
RSS_SAMPLE t=929.4s rss=4619MB hwm=4619MB
RSS_SAMPLE t=929.7s rss=4619MB hwm=4619MB
RSS_SAMPLE t=929.9s rss=4619MB hwm=4619MB
RSS_SAMPLE t=930.2s rss=4619MB hwm=4619MB
RSS_SAMPLE t=930.4s rss=4619MB hwm=4619MB
RSS_SAMPLE t=930.7s rss=4619MB hwm=4619MB
RSS_SAMPLE t=930.9s rss=4619MB hwm=4619MB
RSS_SAMPLE t=931.2s rss=4619MB hwm=4619MB
RSS_SAMPLE t=931.4s rss=4619MB hwm=4619MB
RSS_SAMPLE t=931.7s rss=4619MB hwm=4619MB
RSS_SAMPLE t=931.9s rss=4619MB hwm=4619MB
RSS_SAMPLE t=932.2s rss=4619MB hwm=4619MB
RSS_SAMPLE t=932.4s rss=4619MB hwm=4619MB
RSS_SAMPLE t=932.7s rss=4619MB hwm=4619MB
RSS_SAMPLE t=932.9s rss=4619MB hwm=4619MB
RSS_SAMPLE t=933.2s rss=4619MB hwm=4619MB
RSS_SAMPLE t=933.4s rss=4619MB hwm=4619MB
RSS_SAMPLE t=933.7s rss=4619MB hwm=4619MB
RSS_SAMPLE t=933.9s rss=4619MB hwm=4619MB
RSS_SAMPLE t=934.2s rss=4619MB hwm=4619MB
RSS_SAMPLE t=934.4s rss=4619MB hwm=4619MB
RSS_SAMPLE t=934.7s rss=4619MB hwm=4619MB
RSS_SAMPLE t=934.9s rss=4620MB hwm=4620MB
RSS_SAMPLE t=935.2s rss=4620MB hwm=4620MB
RSS_SAMPLE t=935.4s rss=4620MB hwm=4620MB
RSS_SAMPLE t=935.7s rss=4620MB hwm=4620MB
RSS_SAMPLE t=935.9s rss=4620MB hwm=4620MB
RSS_SAMPLE t=936.2s rss=4620MB hwm=4620MB
RSS_SAMPLE t=936.4s rss=4620MB hwm=4620MB
RSS_SAMPLE t=936.7s rss=4620MB hwm=4620MB
RSS_SAMPLE t=936.9s rss=4620MB hwm=4620MB
RSS_SAMPLE t=937.2s rss=4620MB hwm=4620MB
RSS_SAMPLE t=937.4s rss=4620MB hwm=4620MB
RSS_SAMPLE t=937.7s rss=4620MB hwm=4620MB
RSS_SAMPLE t=937.9s rss=4620MB hwm=4620MB
RSS_SAMPLE t=938.2s rss=4620MB hwm=4620MB
RSS_SAMPLE t=938.4s rss=4620MB hwm=4620MB
RSS_SAMPLE t=938.7s rss=4620MB hwm=4620MB
RSS_SAMPLE t=938.9s rss=4620MB hwm=4620MB
RSS_SAMPLE t=939.2s rss=4620MB hwm=4620MB
RSS_SAMPLE t=939.4s rss=4620MB hwm=4620MB
RSS_SAMPLE t=939.7s rss=4620MB hwm=4620MB
RSS_SAMPLE t=939.9s rss=4620MB hwm=4620MB
RSS_SAMPLE t=940.2s rss=4620MB hwm=4620MB
RSS_SAMPLE t=940.4s rss=4620MB hwm=4620MB
RSS_SAMPLE t=940.7s rss=4620MB hwm=4620MB
RSS_SAMPLE t=940.9s rss=4620MB hwm=4620MB
RSS_SAMPLE t=941.2s rss=4620MB hwm=4620MB
RSS_SAMPLE t=941.4s rss=4620MB hwm=4620MB
RSS_SAMPLE t=941.7s rss=4620MB hwm=4620MB
RSS_SAMPLE t=941.9s rss=4620MB hwm=4620MB
RSS_SAMPLE t=942.2s rss=4620MB hwm=4620MB
RSS_SAMPLE t=942.4s rss=4620MB hwm=4620MB
RSS_SAMPLE t=942.7s rss=4620MB hwm=4620MB
RSS_SAMPLE t=942.9s rss=4620MB hwm=4620MB
RSS_SAMPLE t=943.2s rss=4620MB hwm=4620MB
RSS_SAMPLE t=943.4s rss=4620MB hwm=4620MB
RSS_SAMPLE t=943.7s rss=4620MB hwm=4620MB
RSS_SAMPLE t=943.9s rss=4620MB hwm=4620MB
RSS_SAMPLE t=944.2s rss=4620MB hwm=4620MB
RSS_SAMPLE t=944.4s rss=4620MB hwm=4620MB
RSS_SAMPLE t=944.7s rss=4620MB hwm=4620MB
RSS_SAMPLE t=944.9s rss=4620MB hwm=4620MB
RSS_SAMPLE t=945.2s rss=4620MB hwm=4620MB
RSS_SAMPLE t=945.4s rss=4620MB hwm=4620MB
RSS_SAMPLE t=945.7s rss=4620MB hwm=4620MB
RSS_SAMPLE t=945.9s rss=4620MB hwm=4620MB
RSS_SAMPLE t=946.2s rss=4620MB hwm=4620MB
RSS_SAMPLE t=946.4s rss=4620MB hwm=4620MB
RSS_SAMPLE t=946.7s rss=4620MB hwm=4620MB
RSS_SAMPLE t=946.9s rss=4620MB hwm=4620MB
RSS_SAMPLE t=947.2s rss=4620MB hwm=4620MB
RSS_SAMPLE t=947.4s rss=4620MB hwm=4620MB
RSS_SAMPLE t=947.7s rss=4620MB hwm=4620MB
RSS_SAMPLE t=947.9s rss=4620MB hwm=4620MB
RSS_SAMPLE t=948.2s rss=4620MB hwm=4620MB
RSS_SAMPLE t=948.4s rss=4620MB hwm=4620MB
RSS_SAMPLE t=948.7s rss=4620MB hwm=4620MB
RSS_SAMPLE t=948.9s rss=4620MB hwm=4620MB
RSS_SAMPLE t=949.2s rss=4620MB hwm=4620MB
RSS_SAMPLE t=949.4s rss=4620MB hwm=4620MB
RSS_SAMPLE t=949.7s rss=4620MB hwm=4620MB
RSS_SAMPLE t=949.9s rss=4620MB hwm=4620MB
RSS_SAMPLE t=950.2s rss=4620MB hwm=4620MB
RSS_SAMPLE t=950.4s rss=4620MB hwm=4620MB
RSS_SAMPLE t=950.7s rss=4620MB hwm=4620MB
RSS_SAMPLE t=950.9s rss=4620MB hwm=4620MB
RSS_SAMPLE t=951.2s rss=4620MB hwm=4620MB
RSS_SAMPLE t=951.4s rss=4620MB hwm=4620MB
RSS_SAMPLE t=951.7s rss=4620MB hwm=4620MB
RSS_SAMPLE t=951.9s rss=4620MB hwm=4620MB
RSS_SAMPLE t=952.2s rss=4620MB hwm=4620MB
RSS_SAMPLE t=952.4s rss=4620MB hwm=4620MB
RSS_SAMPLE t=952.7s rss=4620MB hwm=4620MB
RSS_SAMPLE t=952.9s rss=4620MB hwm=4620MB
RSS_SAMPLE t=953.2s rss=4620MB hwm=4620MB
RSS_SAMPLE t=953.4s rss=4620MB hwm=4620MB
RSS_SAMPLE t=953.7s rss=4620MB hwm=4620MB
RSS_SAMPLE t=953.9s rss=4620MB hwm=4620MB
RSS_SAMPLE t=954.2s rss=4620MB hwm=4620MB
RSS_SAMPLE t=954.4s rss=4620MB hwm=4620MB
RSS_SAMPLE t=954.7s rss=4620MB hwm=4620MB
RSS_SAMPLE t=954.9s rss=4620MB hwm=4620MB
RSS_SAMPLE t=955.2s rss=4620MB hwm=4620MB
RSS_SAMPLE t=955.4s rss=4620MB hwm=4620MB
RSS_SAMPLE t=955.7s rss=4620MB hwm=4620MB
RSS_SAMPLE t=955.9s rss=4620MB hwm=4620MB
RSS_SAMPLE t=956.2s rss=4620MB hwm=4620MB
RSS_SAMPLE t=956.4s rss=4620MB hwm=4620MB
RSS_SAMPLE t=956.7s rss=4620MB hwm=4620MB
RSS_SAMPLE t=957.0s rss=4620MB hwm=4620MB
RSS_SAMPLE t=957.2s rss=4620MB hwm=4620MB
RSS_SAMPLE t=957.5s rss=4621MB hwm=4621MB
RSS_SAMPLE t=957.7s rss=4621MB hwm=4621MB
RSS_SAMPLE t=958.0s rss=4621MB hwm=4621MB
RSS_SAMPLE t=958.2s rss=4621MB hwm=4621MB
RSS_SAMPLE t=958.5s rss=4621MB hwm=4621MB
RSS_SAMPLE t=958.7s rss=4621MB hwm=4621MB
RSS_SAMPLE t=959.0s rss=4621MB hwm=4621MB
RSS_SAMPLE t=959.2s rss=4621MB hwm=4621MB
RSS_SAMPLE t=959.5s rss=4621MB hwm=4621MB
RSS_SAMPLE t=959.7s rss=4621MB hwm=4621MB
RSS_SAMPLE t=960.0s rss=4621MB hwm=4621MB
RSS_SAMPLE t=960.2s rss=4621MB hwm=4621MB
RSS_SAMPLE t=960.5s rss=4621MB hwm=4621MB
RSS_SAMPLE t=960.7s rss=4621MB hwm=4621MB
RSS_SAMPLE t=961.0s rss=4621MB hwm=4621MB
RSS_SAMPLE t=961.2s rss=4621MB hwm=4621MB
RSS_SAMPLE t=961.5s rss=4621MB hwm=4621MB
RSS_SAMPLE t=961.7s rss=4621MB hwm=4621MB
RSS_SAMPLE t=962.0s rss=4621MB hwm=4621MB
RSS_SAMPLE t=962.2s rss=4621MB hwm=4621MB
RSS_SAMPLE t=962.5s rss=4621MB hwm=4621MB
RSS_SAMPLE t=962.7s rss=4621MB hwm=4621MB
RSS_SAMPLE t=963.0s rss=4621MB hwm=4621MB
RSS_SAMPLE t=963.2s rss=4621MB hwm=4621MB
RSS_SAMPLE t=963.5s rss=4621MB hwm=4621MB
RSS_SAMPLE t=963.7s rss=4621MB hwm=4621MB
MEM_POOL: workspaces=32 dense_usage_mb=1251 n_pipes=2562403
    post_solve_diag[outer=8]: solves=105117 cap_armed=105117 (100.0%) settle_avg=6114 above_sink_avg=169 (2.8%) settle_max=69353
    load_support[outer=8]: settle_avg=6114 load_nz_avg=5315 (86.9%) load_material_avg=4248 (69.5%)
    prune_ceiling[outer=8]: settle_avg=6114 heuristic_prunable_avg=555 (9.1%) vs oracle_zero_load=13.1%
    settle_hist[outer=8]: <100: 27476nets/0.1%work  <1k: 23423nets/1.4%work  <5k: 24269nets/9.6%work  <20k: 18671nets/31.3%work  <60k: 10975nets/54.6%work  >=60k: 303nets/3.0%work
    fanout_hist[outer=8]: fan1: 43710nets/13.1%work  fan2-4: 48279nets/50.3%work  fan5-16: 12974nets/35.7%work  fan17-64: 154nets/0.9%work  fan65-256: 0nets/0.0%work  fan>256: 0nets/0.0%work
    rss_probe[outer=8]: pre_post_solve=4606MB post_post_solve=4621MB after_apply=4621MB
    E_decomp: base=4111350.7 eff=42619223.0 cong=38507872.3 cong_share=90.4% sat_pipes=73546 max_util=1021.78  R_buckets: 1-2x=98884 2-10x=2140649 10-100x=315794 >=100x=7076
    E_potential: beckmann=45979762923817.4 history_total=0.0
    SpanCache: epoch=9 entries=1771 lookups=2562403 hits=2560632 misses=1771 hit_rate=99.9%
  DCD   8: nets=105117 line=13048984 energy=4912762.629 dE=-32528.254 friction=4819122.3 bins=2.0x(212) excess=67.8 moved=67470 disp=4.821 solves=105117 skip=105117 pops=642667399 theta=0.883 refresh=76197ms dcd=6824ms total=85492ms
    cache_stats: entries=60050680 capacity=118914063 est_mb=1025 rss_mb=4622
RSS_SAMPLE t=964.0s rss=4622MB hwm=4622MB
RSS_SAMPLE t=964.2s rss=4622MB hwm=4622MB
RSS_SAMPLE t=964.5s rss=4622MB hwm=4622MB
RSS_SAMPLE t=964.7s rss=4622MB hwm=4622MB
RSS_SAMPLE t=965.0s rss=4622MB hwm=4622MB
RSS_SAMPLE t=965.2s rss=4622MB hwm=4622MB
RSS_SAMPLE t=965.5s rss=4622MB hwm=4622MB
RSS_SAMPLE t=965.7s rss=4622MB hwm=4622MB
RSS_SAMPLE t=966.0s rss=4622MB hwm=4622MB
RSS_SAMPLE t=966.2s rss=4622MB hwm=4622MB
    SwitchMatrix: type_usage_pairs=500 lookups=1463 hits=963 dijkstra_calls=500 avg_us=10.6 total_ms=5.3
PHASE_MARK outer=9 enter=pre_solve rss=4622MB
    rss_probe[outer=9]: pre_refresh_rss=4622MB post_pre_solve_rss=4622MB cache_entries=60050680 cache_cap=118914063 cache_est_mb=1025
    pre_solve_diag[outer=9]: solves=0 fallback=0 (0.0%) cap_armed=0 (0.0%) settle_avg=0 settle_max=0 init_count=248
    Overflow: over=72246 (2.8% of used) avg_excess=5.22 max_excess=1867.25 (nc=1869.25 cap=2 span=7)  excess_buckets: <=1=8326 1-5=43740 5-20=17717 >20=2463  by_cap: cap1=2557 cap2=68357 cap3-5=0 cap>5=1332  by_span: s1=483 s2-3=726 s4-6=1409 s7-12=67308 s>12=2320  le1_cross: cap1=1491 cap2-5=6695 cap>5=140
    Congestion: pipes=2562403 used=2562403 congested(>50%)=89384 saturated(>90%)=73546 max_util=1021.78 avg_util=0.1699
PHASE_MARK outer=9 enter=dcd_sweep rss=4622MB
RSS_SAMPLE t=966.5s rss=4622MB hwm=4622MB
RSS_SAMPLE t=966.7s rss=4622MB hwm=4622MB
RSS_SAMPLE t=967.0s rss=4622MB hwm=4622MB
RSS_SAMPLE t=967.2s rss=4622MB hwm=4622MB
RSS_SAMPLE t=967.5s rss=4622MB hwm=4622MB
RSS_SAMPLE t=967.7s rss=4622MB hwm=4622MB
RSS_SAMPLE t=968.0s rss=4622MB hwm=4622MB
RSS_SAMPLE t=968.2s rss=4622MB hwm=4622MB
RSS_SAMPLE t=968.5s rss=4622MB hwm=4622MB
RSS_SAMPLE t=968.7s rss=4622MB hwm=4622MB
RSS_SAMPLE t=969.0s rss=4622MB hwm=4622MB
RSS_SAMPLE t=969.2s rss=4622MB hwm=4622MB
RSS_SAMPLE t=969.5s rss=4622MB hwm=4622MB
RSS_SAMPLE t=969.7s rss=4622MB hwm=4622MB
RSS_SAMPLE t=970.0s rss=4622MB hwm=4622MB
RSS_SAMPLE t=970.2s rss=4622MB hwm=4622MB
RSS_SAMPLE t=970.5s rss=4622MB hwm=4622MB
RSS_SAMPLE t=970.7s rss=4622MB hwm=4622MB
RSS_SAMPLE t=971.0s rss=4622MB hwm=4622MB
RSS_SAMPLE t=971.2s rss=4622MB hwm=4622MB
RSS_SAMPLE t=971.5s rss=4622MB hwm=4622MB
RSS_SAMPLE t=971.7s rss=4622MB hwm=4622MB
RSS_SAMPLE t=972.0s rss=4622MB hwm=4622MB
RSS_SAMPLE t=972.2s rss=4622MB hwm=4622MB
RSS_SAMPLE t=972.5s rss=4622MB hwm=4622MB
RSS_SAMPLE t=972.7s rss=4622MB hwm=4622MB
RSS_SAMPLE t=973.0s rss=4622MB hwm=4622MB
PHASE_MARK outer=9 leave=dcd_sweep rss=4622MB
PHASE_MARK outer=9 enter=post_refresh rss=4622MB
RSS_SAMPLE t=973.2s rss=4622MB hwm=4622MB
RSS_SAMPLE t=973.5s rss=4622MB hwm=4622MB
RSS_SAMPLE t=973.7s rss=4622MB hwm=4622MB
RSS_SAMPLE t=974.0s rss=4622MB hwm=4622MB
RSS_SAMPLE t=974.2s rss=4622MB hwm=4622MB
RSS_SAMPLE t=974.5s rss=4622MB hwm=4622MB
RSS_SAMPLE t=974.7s rss=4622MB hwm=4622MB
RSS_SAMPLE t=975.0s rss=4622MB hwm=4622MB
RSS_SAMPLE t=975.2s rss=4622MB hwm=4622MB
RSS_SAMPLE t=975.5s rss=4622MB hwm=4622MB
RSS_SAMPLE t=975.7s rss=4622MB hwm=4622MB
RSS_SAMPLE t=976.0s rss=4622MB hwm=4622MB
RSS_SAMPLE t=976.2s rss=4622MB hwm=4622MB
RSS_SAMPLE t=976.5s rss=4622MB hwm=4622MB
RSS_SAMPLE t=976.7s rss=4622MB hwm=4622MB
RSS_SAMPLE t=977.0s rss=4622MB hwm=4622MB
RSS_SAMPLE t=977.2s rss=4622MB hwm=4622MB
RSS_SAMPLE t=977.5s rss=4622MB hwm=4622MB
RSS_SAMPLE t=977.7s rss=4622MB hwm=4622MB
RSS_SAMPLE t=978.0s rss=4622MB hwm=4622MB
RSS_SAMPLE t=978.2s rss=4622MB hwm=4622MB
RSS_SAMPLE t=978.5s rss=4622MB hwm=4622MB
RSS_SAMPLE t=978.7s rss=4622MB hwm=4622MB
RSS_SAMPLE t=979.0s rss=4622MB hwm=4622MB
RSS_SAMPLE t=979.2s rss=4622MB hwm=4622MB
RSS_SAMPLE t=979.5s rss=4622MB hwm=4622MB
RSS_SAMPLE t=979.7s rss=4622MB hwm=4622MB
RSS_SAMPLE t=980.0s rss=4622MB hwm=4622MB
RSS_SAMPLE t=980.2s rss=4622MB hwm=4622MB
RSS_SAMPLE t=980.5s rss=4622MB hwm=4622MB
RSS_SAMPLE t=980.7s rss=4622MB hwm=4622MB
RSS_SAMPLE t=981.0s rss=4622MB hwm=4622MB
RSS_SAMPLE t=981.2s rss=4622MB hwm=4622MB
RSS_SAMPLE t=981.5s rss=4622MB hwm=4622MB
RSS_SAMPLE t=981.7s rss=4622MB hwm=4622MB
RSS_SAMPLE t=982.0s rss=4623MB hwm=4623MB
RSS_SAMPLE t=982.2s rss=4623MB hwm=4623MB
RSS_SAMPLE t=982.5s rss=4623MB hwm=4623MB
RSS_SAMPLE t=982.7s rss=4623MB hwm=4623MB
RSS_SAMPLE t=983.0s rss=4623MB hwm=4623MB
RSS_SAMPLE t=983.2s rss=4623MB hwm=4623MB
RSS_SAMPLE t=983.5s rss=4623MB hwm=4623MB
RSS_SAMPLE t=983.7s rss=4623MB hwm=4623MB
RSS_SAMPLE t=984.0s rss=4623MB hwm=4623MB
RSS_SAMPLE t=984.2s rss=4623MB hwm=4623MB
RSS_SAMPLE t=984.5s rss=4623MB hwm=4623MB
RSS_SAMPLE t=984.7s rss=4623MB hwm=4623MB
RSS_SAMPLE t=985.0s rss=4623MB hwm=4623MB
RSS_SAMPLE t=985.2s rss=4623MB hwm=4623MB
RSS_SAMPLE t=985.5s rss=4623MB hwm=4623MB
RSS_SAMPLE t=985.7s rss=4623MB hwm=4623MB
RSS_SAMPLE t=986.0s rss=4623MB hwm=4623MB
RSS_SAMPLE t=986.2s rss=4623MB hwm=4623MB
RSS_SAMPLE t=986.5s rss=4623MB hwm=4623MB
RSS_SAMPLE t=986.7s rss=4623MB hwm=4623MB
RSS_SAMPLE t=987.0s rss=4624MB hwm=4624MB
RSS_SAMPLE t=987.2s rss=4624MB hwm=4624MB
RSS_SAMPLE t=987.5s rss=4624MB hwm=4624MB
RSS_SAMPLE t=987.7s rss=4624MB hwm=4624MB
RSS_SAMPLE t=988.0s rss=4624MB hwm=4624MB
RSS_SAMPLE t=988.2s rss=4624MB hwm=4624MB
RSS_SAMPLE t=988.5s rss=4624MB hwm=4624MB
RSS_SAMPLE t=988.7s rss=4624MB hwm=4624MB
RSS_SAMPLE t=989.0s rss=4624MB hwm=4624MB
RSS_SAMPLE t=989.2s rss=4624MB hwm=4624MB
RSS_SAMPLE t=989.5s rss=4625MB hwm=4625MB
RSS_SAMPLE t=989.7s rss=4625MB hwm=4625MB
RSS_SAMPLE t=990.0s rss=4625MB hwm=4625MB
RSS_SAMPLE t=990.2s rss=4625MB hwm=4625MB
RSS_SAMPLE t=990.5s rss=4625MB hwm=4625MB
RSS_SAMPLE t=990.7s rss=4625MB hwm=4625MB
RSS_SAMPLE t=991.0s rss=4625MB hwm=4625MB
RSS_SAMPLE t=991.2s rss=4625MB hwm=4625MB
RSS_SAMPLE t=991.5s rss=4625MB hwm=4625MB
RSS_SAMPLE t=991.7s rss=4625MB hwm=4625MB
RSS_SAMPLE t=992.0s rss=4625MB hwm=4625MB
RSS_SAMPLE t=992.2s rss=4626MB hwm=4626MB
RSS_SAMPLE t=992.5s rss=4626MB hwm=4626MB
RSS_SAMPLE t=992.7s rss=4626MB hwm=4626MB
RSS_SAMPLE t=993.0s rss=4626MB hwm=4626MB
RSS_SAMPLE t=993.2s rss=4627MB hwm=4627MB
RSS_SAMPLE t=993.5s rss=4627MB hwm=4627MB
RSS_SAMPLE t=993.7s rss=4627MB hwm=4627MB
RSS_SAMPLE t=994.0s rss=4627MB hwm=4627MB
RSS_SAMPLE t=994.2s rss=4627MB hwm=4627MB
RSS_SAMPLE t=994.5s rss=4627MB hwm=4627MB
RSS_SAMPLE t=994.7s rss=4627MB hwm=4627MB
RSS_SAMPLE t=995.0s rss=4628MB hwm=4628MB
RSS_SAMPLE t=995.2s rss=4628MB hwm=4628MB
RSS_SAMPLE t=995.5s rss=4628MB hwm=4628MB
RSS_SAMPLE t=995.7s rss=4628MB hwm=4628MB
RSS_SAMPLE t=996.0s rss=4628MB hwm=4628MB
RSS_SAMPLE t=996.2s rss=4628MB hwm=4628MB
RSS_SAMPLE t=996.5s rss=4628MB hwm=4628MB
RSS_SAMPLE t=996.7s rss=4628MB hwm=4628MB
RSS_SAMPLE t=997.0s rss=4628MB hwm=4628MB
RSS_SAMPLE t=997.2s rss=4628MB hwm=4628MB
RSS_SAMPLE t=997.5s rss=4628MB hwm=4628MB
RSS_SAMPLE t=997.7s rss=4628MB hwm=4628MB
RSS_SAMPLE t=998.0s rss=4629MB hwm=4629MB
RSS_SAMPLE t=998.2s rss=4629MB hwm=4629MB
RSS_SAMPLE t=998.5s rss=4629MB hwm=4629MB
RSS_SAMPLE t=998.7s rss=4629MB hwm=4629MB
RSS_SAMPLE t=999.0s rss=4629MB hwm=4629MB
RSS_SAMPLE t=999.2s rss=4629MB hwm=4629MB
RSS_SAMPLE t=999.5s rss=4629MB hwm=4629MB
RSS_SAMPLE t=999.8s rss=4629MB hwm=4629MB
RSS_SAMPLE t=1000.0s rss=4629MB hwm=4629MB
RSS_SAMPLE t=1000.3s rss=4629MB hwm=4629MB
RSS_SAMPLE t=1000.5s rss=4629MB hwm=4629MB
RSS_SAMPLE t=1000.8s rss=4629MB hwm=4629MB
RSS_SAMPLE t=1001.0s rss=4629MB hwm=4629MB
RSS_SAMPLE t=1001.3s rss=4629MB hwm=4629MB
RSS_SAMPLE t=1001.5s rss=4629MB hwm=4629MB
RSS_SAMPLE t=1001.8s rss=4629MB hwm=4629MB
RSS_SAMPLE t=1002.0s rss=4629MB hwm=4629MB
RSS_SAMPLE t=1002.3s rss=4630MB hwm=4630MB
RSS_SAMPLE t=1002.5s rss=4630MB hwm=4630MB
RSS_SAMPLE t=1002.8s rss=4630MB hwm=4630MB
RSS_SAMPLE t=1003.0s rss=4630MB hwm=4630MB
RSS_SAMPLE t=1003.3s rss=4630MB hwm=4630MB
RSS_SAMPLE t=1003.5s rss=4630MB hwm=4630MB
RSS_SAMPLE t=1003.8s rss=4630MB hwm=4630MB
RSS_SAMPLE t=1004.0s rss=4630MB hwm=4630MB
RSS_SAMPLE t=1004.3s rss=4630MB hwm=4630MB
RSS_SAMPLE t=1004.5s rss=4631MB hwm=4631MB
RSS_SAMPLE t=1004.8s rss=4631MB hwm=4631MB
RSS_SAMPLE t=1005.0s rss=4631MB hwm=4631MB
RSS_SAMPLE t=1005.3s rss=4631MB hwm=4631MB
RSS_SAMPLE t=1005.5s rss=4631MB hwm=4631MB
RSS_SAMPLE t=1005.8s rss=4631MB hwm=4631MB
RSS_SAMPLE t=1006.0s rss=4631MB hwm=4631MB
RSS_SAMPLE t=1006.3s rss=4631MB hwm=4631MB
RSS_SAMPLE t=1006.5s rss=4631MB hwm=4631MB
RSS_SAMPLE t=1006.8s rss=4631MB hwm=4631MB
RSS_SAMPLE t=1007.0s rss=4631MB hwm=4631MB
RSS_SAMPLE t=1007.3s rss=4631MB hwm=4631MB
RSS_SAMPLE t=1007.5s rss=4631MB hwm=4631MB
RSS_SAMPLE t=1007.8s rss=4631MB hwm=4631MB
RSS_SAMPLE t=1008.0s rss=4631MB hwm=4631MB
RSS_SAMPLE t=1008.3s rss=4631MB hwm=4631MB
RSS_SAMPLE t=1008.5s rss=4631MB hwm=4631MB
RSS_SAMPLE t=1008.8s rss=4631MB hwm=4631MB
RSS_SAMPLE t=1009.0s rss=4631MB hwm=4631MB
RSS_SAMPLE t=1009.3s rss=4631MB hwm=4631MB
RSS_SAMPLE t=1009.5s rss=4631MB hwm=4631MB
RSS_SAMPLE t=1009.8s rss=4631MB hwm=4631MB
RSS_SAMPLE t=1010.0s rss=4631MB hwm=4631MB
RSS_SAMPLE t=1010.3s rss=4632MB hwm=4632MB
RSS_SAMPLE t=1010.5s rss=4632MB hwm=4632MB
RSS_SAMPLE t=1010.8s rss=4632MB hwm=4632MB
RSS_SAMPLE t=1011.0s rss=4632MB hwm=4632MB
RSS_SAMPLE t=1011.3s rss=4632MB hwm=4632MB
RSS_SAMPLE t=1011.5s rss=4632MB hwm=4632MB
RSS_SAMPLE t=1011.8s rss=4632MB hwm=4632MB
RSS_SAMPLE t=1012.0s rss=4632MB hwm=4632MB
RSS_SAMPLE t=1012.3s rss=4632MB hwm=4632MB
RSS_SAMPLE t=1012.5s rss=4633MB hwm=4633MB
RSS_SAMPLE t=1012.8s rss=4633MB hwm=4633MB
RSS_SAMPLE t=1013.0s rss=4633MB hwm=4633MB
RSS_SAMPLE t=1013.3s rss=4633MB hwm=4633MB
RSS_SAMPLE t=1013.5s rss=4633MB hwm=4633MB
RSS_SAMPLE t=1013.8s rss=4633MB hwm=4633MB
RSS_SAMPLE t=1014.0s rss=4633MB hwm=4633MB
RSS_SAMPLE t=1014.3s rss=4633MB hwm=4633MB
RSS_SAMPLE t=1014.5s rss=4633MB hwm=4633MB
RSS_SAMPLE t=1014.8s rss=4634MB hwm=4634MB
RSS_SAMPLE t=1015.0s rss=4634MB hwm=4634MB
RSS_SAMPLE t=1015.3s rss=4634MB hwm=4634MB
RSS_SAMPLE t=1015.5s rss=4634MB hwm=4634MB
RSS_SAMPLE t=1015.8s rss=4634MB hwm=4634MB
RSS_SAMPLE t=1016.0s rss=4634MB hwm=4634MB
RSS_SAMPLE t=1016.3s rss=4634MB hwm=4634MB
RSS_SAMPLE t=1016.5s rss=4634MB hwm=4634MB
RSS_SAMPLE t=1016.8s rss=4634MB hwm=4634MB
RSS_SAMPLE t=1017.0s rss=4634MB hwm=4634MB
RSS_SAMPLE t=1017.3s rss=4634MB hwm=4634MB
RSS_SAMPLE t=1017.5s rss=4634MB hwm=4634MB
RSS_SAMPLE t=1017.8s rss=4634MB hwm=4634MB
RSS_SAMPLE t=1018.0s rss=4634MB hwm=4634MB
RSS_SAMPLE t=1018.3s rss=4634MB hwm=4634MB
RSS_SAMPLE t=1018.5s rss=4634MB hwm=4634MB
RSS_SAMPLE t=1018.8s rss=4634MB hwm=4634MB
RSS_SAMPLE t=1019.0s rss=4634MB hwm=4634MB
RSS_SAMPLE t=1019.3s rss=4634MB hwm=4634MB
RSS_SAMPLE t=1019.5s rss=4634MB hwm=4634MB
RSS_SAMPLE t=1019.8s rss=4634MB hwm=4634MB
RSS_SAMPLE t=1020.0s rss=4634MB hwm=4634MB
RSS_SAMPLE t=1020.3s rss=4634MB hwm=4634MB
RSS_SAMPLE t=1020.5s rss=4634MB hwm=4634MB
RSS_SAMPLE t=1020.8s rss=4634MB hwm=4634MB
RSS_SAMPLE t=1021.0s rss=4634MB hwm=4634MB
RSS_SAMPLE t=1021.3s rss=4634MB hwm=4634MB
RSS_SAMPLE t=1021.5s rss=4634MB hwm=4634MB
RSS_SAMPLE t=1021.8s rss=4634MB hwm=4634MB
RSS_SAMPLE t=1022.0s rss=4634MB hwm=4634MB
RSS_SAMPLE t=1022.3s rss=4634MB hwm=4634MB
RSS_SAMPLE t=1022.5s rss=4634MB hwm=4634MB
RSS_SAMPLE t=1022.8s rss=4634MB hwm=4634MB
RSS_SAMPLE t=1023.0s rss=4634MB hwm=4634MB
RSS_SAMPLE t=1023.3s rss=4634MB hwm=4634MB
RSS_SAMPLE t=1023.5s rss=4634MB hwm=4634MB
RSS_SAMPLE t=1023.8s rss=4634MB hwm=4634MB
RSS_SAMPLE t=1024.0s rss=4634MB hwm=4634MB
RSS_SAMPLE t=1024.3s rss=4634MB hwm=4634MB
RSS_SAMPLE t=1024.5s rss=4634MB hwm=4634MB
RSS_SAMPLE t=1024.8s rss=4634MB hwm=4634MB
RSS_SAMPLE t=1025.0s rss=4634MB hwm=4634MB
RSS_SAMPLE t=1025.3s rss=4634MB hwm=4634MB
RSS_SAMPLE t=1025.5s rss=4634MB hwm=4634MB
RSS_SAMPLE t=1025.8s rss=4634MB hwm=4634MB
RSS_SAMPLE t=1026.0s rss=4634MB hwm=4634MB
RSS_SAMPLE t=1026.3s rss=4634MB hwm=4634MB
RSS_SAMPLE t=1026.5s rss=4634MB hwm=4634MB
RSS_SAMPLE t=1026.8s rss=4634MB hwm=4634MB
RSS_SAMPLE t=1027.0s rss=4634MB hwm=4634MB
RSS_SAMPLE t=1027.3s rss=4634MB hwm=4634MB
RSS_SAMPLE t=1027.5s rss=4634MB hwm=4634MB
RSS_SAMPLE t=1027.8s rss=4634MB hwm=4634MB
RSS_SAMPLE t=1028.0s rss=4634MB hwm=4634MB
RSS_SAMPLE t=1028.3s rss=4634MB hwm=4634MB
RSS_SAMPLE t=1028.5s rss=4634MB hwm=4634MB
RSS_SAMPLE t=1028.8s rss=4634MB hwm=4634MB
RSS_SAMPLE t=1029.0s rss=4634MB hwm=4634MB
RSS_SAMPLE t=1029.3s rss=4634MB hwm=4634MB
RSS_SAMPLE t=1029.5s rss=4634MB hwm=4634MB
RSS_SAMPLE t=1029.8s rss=4634MB hwm=4634MB
RSS_SAMPLE t=1030.0s rss=4634MB hwm=4634MB
RSS_SAMPLE t=1030.3s rss=4634MB hwm=4634MB
RSS_SAMPLE t=1030.5s rss=4634MB hwm=4634MB
RSS_SAMPLE t=1030.8s rss=4634MB hwm=4634MB
RSS_SAMPLE t=1031.0s rss=4634MB hwm=4634MB
RSS_SAMPLE t=1031.3s rss=4634MB hwm=4634MB
RSS_SAMPLE t=1031.5s rss=4634MB hwm=4634MB
RSS_SAMPLE t=1031.8s rss=4634MB hwm=4634MB
RSS_SAMPLE t=1032.0s rss=4634MB hwm=4634MB
RSS_SAMPLE t=1032.3s rss=4634MB hwm=4634MB
RSS_SAMPLE t=1032.5s rss=4634MB hwm=4634MB
RSS_SAMPLE t=1032.8s rss=4634MB hwm=4634MB
RSS_SAMPLE t=1033.0s rss=4634MB hwm=4634MB
RSS_SAMPLE t=1033.3s rss=4634MB hwm=4634MB
RSS_SAMPLE t=1033.5s rss=4634MB hwm=4634MB
RSS_SAMPLE t=1033.8s rss=4634MB hwm=4634MB
RSS_SAMPLE t=1034.0s rss=4634MB hwm=4634MB
RSS_SAMPLE t=1034.3s rss=4634MB hwm=4634MB
RSS_SAMPLE t=1034.5s rss=4634MB hwm=4634MB
RSS_SAMPLE t=1034.8s rss=4634MB hwm=4634MB
RSS_SAMPLE t=1035.0s rss=4634MB hwm=4634MB
RSS_SAMPLE t=1035.3s rss=4634MB hwm=4634MB
RSS_SAMPLE t=1035.5s rss=4634MB hwm=4634MB
RSS_SAMPLE t=1035.8s rss=4634MB hwm=4634MB
RSS_SAMPLE t=1036.0s rss=4634MB hwm=4634MB
RSS_SAMPLE t=1036.3s rss=4634MB hwm=4634MB
RSS_SAMPLE t=1036.5s rss=4634MB hwm=4634MB
RSS_SAMPLE t=1036.8s rss=4634MB hwm=4634MB
RSS_SAMPLE t=1037.0s rss=4634MB hwm=4634MB
RSS_SAMPLE t=1037.3s rss=4634MB hwm=4634MB
RSS_SAMPLE t=1037.5s rss=4634MB hwm=4634MB
RSS_SAMPLE t=1037.8s rss=4634MB hwm=4634MB
RSS_SAMPLE t=1038.0s rss=4634MB hwm=4634MB
RSS_SAMPLE t=1038.3s rss=4634MB hwm=4634MB
RSS_SAMPLE t=1038.5s rss=4634MB hwm=4634MB
RSS_SAMPLE t=1038.8s rss=4634MB hwm=4634MB
RSS_SAMPLE t=1039.0s rss=4634MB hwm=4634MB
RSS_SAMPLE t=1039.3s rss=4634MB hwm=4634MB
RSS_SAMPLE t=1039.5s rss=4634MB hwm=4634MB
RSS_SAMPLE t=1039.8s rss=4634MB hwm=4634MB
RSS_SAMPLE t=1040.0s rss=4634MB hwm=4634MB
RSS_SAMPLE t=1040.3s rss=4634MB hwm=4634MB
RSS_SAMPLE t=1040.5s rss=4634MB hwm=4634MB
RSS_SAMPLE t=1040.8s rss=4634MB hwm=4634MB
RSS_SAMPLE t=1041.0s rss=4634MB hwm=4634MB
RSS_SAMPLE t=1041.3s rss=4634MB hwm=4634MB
RSS_SAMPLE t=1041.5s rss=4634MB hwm=4634MB
RSS_SAMPLE t=1041.8s rss=4634MB hwm=4634MB
RSS_SAMPLE t=1042.0s rss=4634MB hwm=4634MB
RSS_SAMPLE t=1042.3s rss=4634MB hwm=4634MB
RSS_SAMPLE t=1042.5s rss=4634MB hwm=4634MB
RSS_SAMPLE t=1042.8s rss=4634MB hwm=4634MB
RSS_SAMPLE t=1043.0s rss=4634MB hwm=4634MB
RSS_SAMPLE t=1043.3s rss=4634MB hwm=4634MB
RSS_SAMPLE t=1043.5s rss=4634MB hwm=4634MB
RSS_SAMPLE t=1043.8s rss=4634MB hwm=4634MB
RSS_SAMPLE t=1044.0s rss=4634MB hwm=4634MB
RSS_SAMPLE t=1044.3s rss=4634MB hwm=4634MB
RSS_SAMPLE t=1044.5s rss=4634MB hwm=4634MB
RSS_SAMPLE t=1044.8s rss=4634MB hwm=4634MB
MEM_POOL: workspaces=32 dense_usage_mb=1251 n_pipes=2562403
    post_solve_diag[outer=9]: solves=105117 cap_armed=105117 (100.0%) settle_avg=5907 above_sink_avg=245 (4.2%) settle_max=69353
    load_support[outer=9]: settle_avg=5907 load_nz_avg=5074 (85.9%) load_material_avg=2789 (47.2%)
    prune_ceiling[outer=9]: settle_avg=5907 heuristic_prunable_avg=853 (14.4%) vs oracle_zero_load=14.1%
    settle_hist[outer=9]: <100: 26893nets/0.2%work  <1k: 24039nets/1.5%work  <5k: 24365nets/10.1%work  <20k: 19259nets/33.1%work  <60k: 10299nets/52.4%work  >=60k: 262nets/2.7%work
    fanout_hist[outer=9]: fan1: 43710nets/13.2%work  fan2-4: 48279nets/50.3%work  fan5-16: 12974nets/35.6%work  fan17-64: 154nets/0.9%work  fan65-256: 0nets/0.0%work  fan>256: 0nets/0.0%work
    rss_probe[outer=9]: pre_post_solve=4622MB post_post_solve=4634MB after_apply=4634MB
    E_decomp: base=14167597.9 eff=51788152.9 cong=37620555.0 cong_share=72.6% sat_pipes=637706 max_util=820.06  R_buckets: 1-2x=1898665 2-10x=586511 10-100x=71255 >=100x=5972
    E_potential: beckmann=9075747908344.5 history_total=0.0
    SpanCache: epoch=10 entries=1463 lookups=2562403 hits=2560940 misses=1463 hit_rate=99.9%
  DCD   9: nets=105117 line=12682420 energy=3871103.580 dE=-1041659.050 friction=6164760.5 bins=2.0x(191) excess=57.8 moved=67493 disp=4.616 solves=105117 skip=105117 pops=620921917 theta=1.033 refresh=71850ms dcd=6686ms total=80994ms
    cache_stats: entries=61558583 capacity=123139723 est_mb=1062 rss_mb=4634
RSS_SAMPLE t=1045.0s rss=4635MB hwm=4635MB
RSS_SAMPLE t=1045.3s rss=4635MB hwm=4635MB
RSS_SAMPLE t=1045.5s rss=4635MB hwm=4635MB
RSS_SAMPLE t=1045.8s rss=4635MB hwm=4635MB
RSS_SAMPLE t=1046.0s rss=4635MB hwm=4635MB
RSS_SAMPLE t=1046.3s rss=4635MB hwm=4635MB
RSS_SAMPLE t=1046.5s rss=4635MB hwm=4635MB
RSS_SAMPLE t=1046.8s rss=4635MB hwm=4635MB
RSS_SAMPLE t=1047.0s rss=4635MB hwm=4635MB
RSS_SAMPLE t=1047.3s rss=4635MB hwm=4635MB
    SwitchMatrix: type_usage_pairs=757 lookups=2653 hits=1896 dijkstra_calls=757 avg_us=12.2 total_ms=9.2
PHASE_MARK outer=10 enter=pre_solve rss=4635MB
RSS_SAMPLE t=1047.5s rss=4635MB hwm=4635MB
    rss_probe[outer=10]: pre_refresh_rss=4635MB post_pre_solve_rss=4635MB cache_entries=61558583 cache_cap=123139723 cache_est_mb=1062
    pre_solve_diag[outer=10]: solves=0 fallback=0 (0.0%) cap_armed=0 (0.0%) settle_avg=0 settle_max=0 init_count=221
    Overflow: over=569793 (22.2% of used) avg_excess=1.73 max_excess=2265.64 (nc=2289.64 cap=24 span=1)  excess_buckets: <=1=316257 1-5=215734 5-20=35691 >20=2111  by_cap: cap1=295593 cap2=263609 cap3-5=20 cap>5=10571  by_span: s1=471 s2-3=782 s4-6=7245 s7-12=247491 s>12=313804  le1_cross: cap1=199284 cap2-5=114918 cap>5=2055
    Congestion: pipes=2562403 used=2562403 congested(>50%)=974998 saturated(>90%)=637706 max_util=820.06 avg_util=0.6793
PHASE_MARK outer=10 enter=dcd_sweep rss=4635MB
RSS_SAMPLE t=1047.8s rss=4635MB hwm=4635MB
RSS_SAMPLE t=1048.0s rss=4635MB hwm=4635MB
RSS_SAMPLE t=1048.3s rss=4635MB hwm=4635MB
RSS_SAMPLE t=1048.5s rss=4635MB hwm=4635MB
RSS_SAMPLE t=1048.8s rss=4635MB hwm=4635MB
RSS_SAMPLE t=1049.0s rss=4635MB hwm=4635MB
RSS_SAMPLE t=1049.3s rss=4635MB hwm=4635MB
RSS_SAMPLE t=1049.5s rss=4635MB hwm=4635MB
RSS_SAMPLE t=1049.8s rss=4635MB hwm=4635MB
RSS_SAMPLE t=1050.0s rss=4635MB hwm=4635MB
RSS_SAMPLE t=1050.3s rss=4635MB hwm=4635MB
RSS_SAMPLE t=1050.5s rss=4635MB hwm=4635MB
RSS_SAMPLE t=1050.8s rss=4635MB hwm=4635MB
RSS_SAMPLE t=1051.0s rss=4635MB hwm=4635MB
RSS_SAMPLE t=1051.3s rss=4635MB hwm=4635MB
RSS_SAMPLE t=1051.5s rss=4635MB hwm=4635MB
RSS_SAMPLE t=1051.8s rss=4635MB hwm=4635MB
RSS_SAMPLE t=1052.0s rss=4635MB hwm=4635MB
RSS_SAMPLE t=1052.3s rss=4635MB hwm=4635MB
RSS_SAMPLE t=1052.5s rss=4635MB hwm=4635MB
RSS_SAMPLE t=1052.8s rss=4635MB hwm=4635MB
RSS_SAMPLE t=1053.0s rss=4635MB hwm=4635MB
RSS_SAMPLE t=1053.3s rss=4635MB hwm=4635MB
RSS_SAMPLE t=1053.5s rss=4635MB hwm=4635MB
RSS_SAMPLE t=1053.8s rss=4635MB hwm=4635MB
RSS_SAMPLE t=1054.0s rss=4635MB hwm=4635MB
PHASE_MARK outer=10 leave=dcd_sweep rss=4635MB
PHASE_MARK outer=10 enter=post_refresh rss=4635MB
RSS_SAMPLE t=1054.3s rss=4635MB hwm=4635MB
RSS_SAMPLE t=1054.5s rss=4635MB hwm=4635MB
RSS_SAMPLE t=1054.8s rss=4635MB hwm=4635MB
RSS_SAMPLE t=1055.0s rss=4635MB hwm=4635MB
RSS_SAMPLE t=1055.3s rss=4635MB hwm=4635MB
RSS_SAMPLE t=1055.5s rss=4635MB hwm=4635MB
RSS_SAMPLE t=1055.8s rss=4635MB hwm=4635MB
RSS_SAMPLE t=1056.0s rss=4635MB hwm=4635MB
RSS_SAMPLE t=1056.3s rss=4635MB hwm=4635MB
RSS_SAMPLE t=1056.5s rss=4635MB hwm=4635MB
RSS_SAMPLE t=1056.8s rss=4635MB hwm=4635MB
RSS_SAMPLE t=1057.0s rss=4635MB hwm=4635MB
RSS_SAMPLE t=1057.3s rss=4635MB hwm=4635MB
RSS_SAMPLE t=1057.5s rss=4635MB hwm=4635MB
RSS_SAMPLE t=1057.8s rss=4635MB hwm=4635MB
RSS_SAMPLE t=1058.0s rss=4635MB hwm=4635MB
RSS_SAMPLE t=1058.3s rss=4636MB hwm=4636MB
RSS_SAMPLE t=1058.5s rss=4636MB hwm=4636MB
RSS_SAMPLE t=1058.8s rss=4636MB hwm=4636MB
RSS_SAMPLE t=1059.0s rss=4636MB hwm=4636MB
RSS_SAMPLE t=1059.3s rss=4636MB hwm=4636MB
RSS_SAMPLE t=1059.5s rss=4637MB hwm=4637MB
RSS_SAMPLE t=1059.8s rss=4637MB hwm=4637MB
RSS_SAMPLE t=1060.0s rss=4637MB hwm=4637MB
RSS_SAMPLE t=1060.3s rss=4637MB hwm=4637MB
RSS_SAMPLE t=1060.5s rss=4637MB hwm=4637MB
RSS_SAMPLE t=1060.8s rss=4637MB hwm=4637MB
RSS_SAMPLE t=1061.0s rss=4637MB hwm=4637MB
RSS_SAMPLE t=1061.3s rss=4638MB hwm=4638MB
RSS_SAMPLE t=1061.5s rss=4638MB hwm=4638MB
RSS_SAMPLE t=1061.8s rss=4638MB hwm=4638MB
RSS_SAMPLE t=1062.0s rss=4638MB hwm=4638MB
RSS_SAMPLE t=1062.3s rss=4638MB hwm=4638MB
RSS_SAMPLE t=1062.5s rss=4638MB hwm=4638MB
RSS_SAMPLE t=1062.8s rss=4639MB hwm=4639MB
RSS_SAMPLE t=1063.0s rss=4639MB hwm=4639MB
RSS_SAMPLE t=1063.3s rss=4639MB hwm=4639MB
RSS_SAMPLE t=1063.5s rss=4639MB hwm=4639MB
RSS_SAMPLE t=1063.8s rss=4639MB hwm=4639MB
RSS_SAMPLE t=1064.0s rss=4639MB hwm=4639MB
RSS_SAMPLE t=1064.3s rss=4640MB hwm=4640MB
RSS_SAMPLE t=1064.5s rss=4640MB hwm=4640MB
RSS_SAMPLE t=1064.8s rss=4640MB hwm=4640MB
RSS_SAMPLE t=1065.0s rss=4640MB hwm=4640MB
RSS_SAMPLE t=1065.3s rss=4640MB hwm=4640MB
RSS_SAMPLE t=1065.5s rss=4640MB hwm=4640MB
RSS_SAMPLE t=1065.8s rss=4641MB hwm=4641MB
RSS_SAMPLE t=1066.0s rss=4641MB hwm=4641MB
RSS_SAMPLE t=1066.3s rss=4641MB hwm=4641MB
RSS_SAMPLE t=1066.5s rss=4641MB hwm=4641MB
RSS_SAMPLE t=1066.8s rss=4641MB hwm=4641MB
RSS_SAMPLE t=1067.0s rss=4641MB hwm=4641MB
RSS_SAMPLE t=1067.3s rss=4641MB hwm=4641MB
RSS_SAMPLE t=1067.6s rss=4641MB hwm=4641MB
RSS_SAMPLE t=1067.8s rss=4641MB hwm=4641MB
RSS_SAMPLE t=1068.1s rss=4642MB hwm=4642MB
RSS_SAMPLE t=1068.3s rss=4642MB hwm=4642MB
RSS_SAMPLE t=1068.6s rss=4642MB hwm=4642MB
RSS_SAMPLE t=1068.8s rss=4642MB hwm=4642MB
RSS_SAMPLE t=1069.1s rss=4642MB hwm=4642MB
RSS_SAMPLE t=1069.3s rss=4642MB hwm=4642MB
RSS_SAMPLE t=1069.6s rss=4642MB hwm=4642MB
RSS_SAMPLE t=1069.8s rss=4642MB hwm=4642MB
RSS_SAMPLE t=1070.1s rss=4642MB hwm=4642MB
RSS_SAMPLE t=1070.3s rss=4642MB hwm=4642MB
RSS_SAMPLE t=1070.6s rss=4642MB hwm=4642MB
RSS_SAMPLE t=1070.8s rss=4643MB hwm=4643MB
RSS_SAMPLE t=1071.1s rss=4643MB hwm=4643MB
RSS_SAMPLE t=1071.3s rss=4643MB hwm=4643MB
RSS_SAMPLE t=1071.6s rss=4643MB hwm=4643MB
RSS_SAMPLE t=1071.8s rss=4643MB hwm=4643MB
RSS_SAMPLE t=1072.1s rss=4643MB hwm=4643MB
RSS_SAMPLE t=1072.3s rss=4643MB hwm=4643MB
RSS_SAMPLE t=1072.6s rss=4643MB hwm=4643MB
RSS_SAMPLE t=1072.8s rss=4644MB hwm=4644MB
RSS_SAMPLE t=1073.1s rss=4644MB hwm=4644MB
RSS_SAMPLE t=1073.3s rss=4644MB hwm=4644MB
RSS_SAMPLE t=1073.6s rss=4644MB hwm=4644MB
RSS_SAMPLE t=1073.8s rss=4644MB hwm=4644MB
RSS_SAMPLE t=1074.1s rss=4644MB hwm=4644MB
RSS_SAMPLE t=1074.3s rss=4644MB hwm=4644MB
RSS_SAMPLE t=1074.6s rss=4645MB hwm=4645MB
RSS_SAMPLE t=1074.8s rss=4645MB hwm=4645MB
RSS_SAMPLE t=1075.1s rss=4645MB hwm=4645MB
RSS_SAMPLE t=1075.3s rss=4645MB hwm=4645MB
RSS_SAMPLE t=1075.6s rss=4645MB hwm=4645MB
RSS_SAMPLE t=1075.8s rss=4645MB hwm=4645MB
RSS_SAMPLE t=1076.1s rss=4645MB hwm=4645MB
RSS_SAMPLE t=1076.3s rss=4645MB hwm=4645MB
RSS_SAMPLE t=1076.6s rss=4646MB hwm=4646MB
RSS_SAMPLE t=1076.8s rss=4646MB hwm=4646MB
RSS_SAMPLE t=1077.1s rss=4646MB hwm=4646MB
RSS_SAMPLE t=1077.3s rss=4646MB hwm=4646MB
RSS_SAMPLE t=1077.6s rss=4646MB hwm=4646MB
RSS_SAMPLE t=1077.8s rss=4646MB hwm=4646MB
RSS_SAMPLE t=1078.1s rss=4646MB hwm=4646MB
RSS_SAMPLE t=1078.3s rss=4646MB hwm=4646MB
RSS_SAMPLE t=1078.6s rss=4646MB hwm=4646MB
RSS_SAMPLE t=1078.8s rss=4646MB hwm=4646MB
RSS_SAMPLE t=1079.1s rss=4646MB hwm=4646MB
RSS_SAMPLE t=1079.3s rss=4646MB hwm=4646MB
RSS_SAMPLE t=1079.6s rss=4646MB hwm=4646MB
RSS_SAMPLE t=1079.8s rss=4646MB hwm=4646MB
RSS_SAMPLE t=1080.1s rss=4646MB hwm=4646MB
RSS_SAMPLE t=1080.3s rss=4647MB hwm=4647MB
RSS_SAMPLE t=1080.6s rss=4647MB hwm=4647MB
RSS_SAMPLE t=1080.8s rss=4647MB hwm=4647MB
RSS_SAMPLE t=1081.1s rss=4647MB hwm=4647MB
RSS_SAMPLE t=1081.3s rss=4647MB hwm=4647MB
RSS_SAMPLE t=1081.6s rss=4647MB hwm=4647MB
RSS_SAMPLE t=1081.8s rss=4647MB hwm=4647MB
RSS_SAMPLE t=1082.1s rss=4647MB hwm=4647MB
RSS_SAMPLE t=1082.3s rss=4647MB hwm=4647MB
RSS_SAMPLE t=1082.6s rss=4647MB hwm=4647MB
RSS_SAMPLE t=1082.8s rss=4647MB hwm=4647MB
RSS_SAMPLE t=1083.1s rss=4647MB hwm=4647MB
RSS_SAMPLE t=1083.3s rss=4647MB hwm=4647MB
RSS_SAMPLE t=1083.6s rss=4647MB hwm=4647MB
RSS_SAMPLE t=1083.8s rss=4647MB hwm=4647MB
RSS_SAMPLE t=1084.1s rss=4647MB hwm=4647MB
RSS_SAMPLE t=1084.3s rss=4647MB hwm=4647MB
RSS_SAMPLE t=1084.6s rss=4648MB hwm=4648MB
RSS_SAMPLE t=1084.8s rss=4648MB hwm=4648MB
RSS_SAMPLE t=1085.1s rss=4648MB hwm=4648MB
RSS_SAMPLE t=1085.3s rss=4648MB hwm=4648MB
RSS_SAMPLE t=1085.6s rss=4648MB hwm=4648MB
RSS_SAMPLE t=1085.8s rss=4648MB hwm=4648MB
RSS_SAMPLE t=1086.1s rss=4648MB hwm=4648MB
RSS_SAMPLE t=1086.3s rss=4648MB hwm=4648MB
RSS_SAMPLE t=1086.6s rss=4648MB hwm=4648MB
RSS_SAMPLE t=1086.8s rss=4648MB hwm=4648MB
RSS_SAMPLE t=1087.1s rss=4649MB hwm=4649MB
RSS_SAMPLE t=1087.3s rss=4649MB hwm=4649MB
RSS_SAMPLE t=1087.6s rss=4649MB hwm=4649MB
RSS_SAMPLE t=1087.8s rss=4649MB hwm=4649MB
RSS_SAMPLE t=1088.1s rss=4649MB hwm=4649MB
RSS_SAMPLE t=1088.3s rss=4649MB hwm=4649MB
RSS_SAMPLE t=1088.6s rss=4649MB hwm=4649MB
RSS_SAMPLE t=1088.8s rss=4649MB hwm=4649MB
RSS_SAMPLE t=1089.1s rss=4650MB hwm=4650MB
RSS_SAMPLE t=1089.3s rss=4650MB hwm=4650MB
RSS_SAMPLE t=1089.6s rss=4650MB hwm=4650MB
RSS_SAMPLE t=1089.8s rss=4650MB hwm=4650MB
RSS_SAMPLE t=1090.1s rss=4650MB hwm=4650MB
RSS_SAMPLE t=1090.3s rss=4650MB hwm=4650MB
RSS_SAMPLE t=1090.6s rss=4650MB hwm=4650MB
RSS_SAMPLE t=1090.8s rss=4650MB hwm=4650MB
RSS_SAMPLE t=1091.1s rss=4650MB hwm=4650MB
RSS_SAMPLE t=1091.3s rss=4650MB hwm=4650MB
RSS_SAMPLE t=1091.6s rss=4650MB hwm=4650MB
RSS_SAMPLE t=1091.8s rss=4650MB hwm=4650MB
RSS_SAMPLE t=1092.1s rss=4650MB hwm=4650MB
RSS_SAMPLE t=1092.3s rss=4650MB hwm=4650MB
RSS_SAMPLE t=1092.6s rss=4650MB hwm=4650MB
RSS_SAMPLE t=1092.8s rss=4650MB hwm=4650MB
RSS_SAMPLE t=1093.1s rss=4651MB hwm=4651MB
RSS_SAMPLE t=1093.3s rss=4651MB hwm=4651MB
RSS_SAMPLE t=1093.6s rss=4651MB hwm=4651MB
RSS_SAMPLE t=1093.8s rss=4651MB hwm=4651MB
RSS_SAMPLE t=1094.1s rss=4651MB hwm=4651MB
RSS_SAMPLE t=1094.3s rss=4651MB hwm=4651MB
RSS_SAMPLE t=1094.6s rss=4651MB hwm=4651MB
RSS_SAMPLE t=1094.8s rss=4651MB hwm=4651MB
RSS_SAMPLE t=1095.1s rss=4651MB hwm=4651MB
RSS_SAMPLE t=1095.3s rss=4651MB hwm=4651MB
RSS_SAMPLE t=1095.6s rss=4651MB hwm=4651MB
RSS_SAMPLE t=1095.8s rss=4651MB hwm=4651MB
RSS_SAMPLE t=1096.1s rss=4651MB hwm=4651MB
RSS_SAMPLE t=1096.3s rss=4651MB hwm=4651MB
RSS_SAMPLE t=1096.6s rss=4651MB hwm=4651MB
RSS_SAMPLE t=1096.8s rss=4652MB hwm=4652MB
RSS_SAMPLE t=1097.1s rss=4652MB hwm=4652MB
RSS_SAMPLE t=1097.3s rss=4652MB hwm=4652MB
RSS_SAMPLE t=1097.6s rss=4652MB hwm=4652MB
RSS_SAMPLE t=1097.8s rss=4652MB hwm=4652MB
RSS_SAMPLE t=1098.1s rss=4652MB hwm=4652MB
RSS_SAMPLE t=1098.3s rss=4652MB hwm=4652MB
RSS_SAMPLE t=1098.6s rss=4652MB hwm=4652MB
RSS_SAMPLE t=1098.8s rss=4652MB hwm=4652MB
RSS_SAMPLE t=1099.1s rss=4652MB hwm=4652MB
RSS_SAMPLE t=1099.3s rss=4653MB hwm=4653MB
RSS_SAMPLE t=1099.6s rss=4653MB hwm=4653MB
RSS_SAMPLE t=1099.8s rss=4653MB hwm=4653MB
RSS_SAMPLE t=1100.1s rss=4653MB hwm=4653MB
RSS_SAMPLE t=1100.3s rss=4653MB hwm=4653MB
RSS_SAMPLE t=1100.6s rss=4653MB hwm=4653MB
RSS_SAMPLE t=1100.8s rss=4653MB hwm=4653MB
RSS_SAMPLE t=1101.1s rss=4653MB hwm=4653MB
RSS_SAMPLE t=1101.3s rss=4653MB hwm=4653MB
RSS_SAMPLE t=1101.6s rss=4653MB hwm=4653MB
RSS_SAMPLE t=1101.8s rss=4653MB hwm=4653MB
RSS_SAMPLE t=1102.1s rss=4653MB hwm=4653MB
RSS_SAMPLE t=1102.3s rss=4653MB hwm=4653MB
RSS_SAMPLE t=1102.6s rss=4653MB hwm=4653MB
RSS_SAMPLE t=1102.8s rss=4653MB hwm=4653MB
RSS_SAMPLE t=1103.1s rss=4653MB hwm=4653MB
RSS_SAMPLE t=1103.3s rss=4653MB hwm=4653MB
RSS_SAMPLE t=1103.6s rss=4653MB hwm=4653MB
RSS_SAMPLE t=1103.8s rss=4653MB hwm=4653MB
RSS_SAMPLE t=1104.1s rss=4653MB hwm=4653MB
RSS_SAMPLE t=1104.3s rss=4653MB hwm=4653MB
RSS_SAMPLE t=1104.6s rss=4653MB hwm=4653MB
RSS_SAMPLE t=1104.8s rss=4653MB hwm=4653MB
RSS_SAMPLE t=1105.1s rss=4653MB hwm=4653MB
RSS_SAMPLE t=1105.3s rss=4654MB hwm=4654MB
RSS_SAMPLE t=1105.6s rss=4654MB hwm=4654MB
RSS_SAMPLE t=1105.8s rss=4654MB hwm=4654MB
RSS_SAMPLE t=1106.1s rss=4654MB hwm=4654MB
RSS_SAMPLE t=1106.3s rss=4654MB hwm=4654MB
RSS_SAMPLE t=1106.6s rss=4654MB hwm=4654MB
RSS_SAMPLE t=1106.8s rss=4654MB hwm=4654MB
RSS_SAMPLE t=1107.1s rss=4654MB hwm=4654MB
RSS_SAMPLE t=1107.3s rss=4654MB hwm=4654MB
RSS_SAMPLE t=1107.6s rss=4654MB hwm=4654MB
RSS_SAMPLE t=1107.8s rss=4654MB hwm=4654MB
RSS_SAMPLE t=1108.1s rss=4654MB hwm=4654MB
RSS_SAMPLE t=1108.3s rss=4654MB hwm=4654MB
RSS_SAMPLE t=1108.6s rss=4654MB hwm=4654MB
RSS_SAMPLE t=1108.8s rss=4654MB hwm=4654MB
RSS_SAMPLE t=1109.1s rss=4654MB hwm=4654MB
RSS_SAMPLE t=1109.3s rss=4654MB hwm=4654MB
RSS_SAMPLE t=1109.6s rss=4654MB hwm=4654MB
RSS_SAMPLE t=1109.8s rss=4654MB hwm=4654MB
RSS_SAMPLE t=1110.1s rss=4654MB hwm=4654MB
RSS_SAMPLE t=1110.3s rss=4654MB hwm=4654MB
RSS_SAMPLE t=1110.6s rss=4654MB hwm=4654MB
RSS_SAMPLE t=1110.8s rss=4654MB hwm=4654MB
RSS_SAMPLE t=1111.1s rss=4654MB hwm=4654MB
RSS_SAMPLE t=1111.3s rss=4654MB hwm=4654MB
RSS_SAMPLE t=1111.6s rss=4654MB hwm=4654MB
RSS_SAMPLE t=1111.8s rss=4654MB hwm=4654MB
RSS_SAMPLE t=1112.1s rss=4654MB hwm=4654MB
RSS_SAMPLE t=1112.3s rss=4654MB hwm=4654MB
RSS_SAMPLE t=1112.6s rss=4654MB hwm=4654MB
RSS_SAMPLE t=1112.8s rss=4654MB hwm=4654MB
RSS_SAMPLE t=1113.1s rss=4654MB hwm=4654MB
RSS_SAMPLE t=1113.3s rss=4654MB hwm=4654MB
RSS_SAMPLE t=1113.6s rss=4654MB hwm=4654MB
RSS_SAMPLE t=1113.8s rss=4654MB hwm=4654MB
RSS_SAMPLE t=1114.1s rss=4654MB hwm=4654MB
RSS_SAMPLE t=1114.3s rss=4654MB hwm=4654MB
RSS_SAMPLE t=1114.6s rss=4654MB hwm=4654MB
RSS_SAMPLE t=1114.8s rss=4654MB hwm=4654MB
RSS_SAMPLE t=1115.1s rss=4654MB hwm=4654MB
RSS_SAMPLE t=1115.3s rss=4654MB hwm=4654MB
RSS_SAMPLE t=1115.6s rss=4654MB hwm=4654MB
RSS_SAMPLE t=1115.8s rss=4654MB hwm=4654MB
RSS_SAMPLE t=1116.1s rss=4654MB hwm=4654MB
RSS_SAMPLE t=1116.3s rss=4654MB hwm=4654MB
RSS_SAMPLE t=1116.6s rss=4654MB hwm=4654MB
RSS_SAMPLE t=1116.8s rss=4654MB hwm=4654MB
RSS_SAMPLE t=1117.1s rss=4654MB hwm=4654MB
RSS_SAMPLE t=1117.3s rss=4654MB hwm=4654MB
RSS_SAMPLE t=1117.6s rss=4655MB hwm=4655MB
RSS_SAMPLE t=1117.8s rss=4655MB hwm=4655MB
RSS_SAMPLE t=1118.1s rss=4655MB hwm=4655MB
RSS_SAMPLE t=1118.3s rss=4655MB hwm=4655MB
RSS_SAMPLE t=1118.6s rss=4655MB hwm=4655MB
RSS_SAMPLE t=1118.8s rss=4655MB hwm=4655MB
RSS_SAMPLE t=1119.1s rss=4655MB hwm=4655MB
RSS_SAMPLE t=1119.3s rss=4655MB hwm=4655MB
RSS_SAMPLE t=1119.6s rss=4655MB hwm=4655MB
RSS_SAMPLE t=1119.8s rss=4655MB hwm=4655MB
RSS_SAMPLE t=1120.1s rss=4655MB hwm=4655MB
RSS_SAMPLE t=1120.3s rss=4655MB hwm=4655MB
RSS_SAMPLE t=1120.6s rss=4655MB hwm=4655MB
RSS_SAMPLE t=1120.8s rss=4655MB hwm=4655MB
RSS_SAMPLE t=1121.1s rss=4655MB hwm=4655MB
RSS_SAMPLE t=1121.3s rss=4655MB hwm=4655MB
RSS_SAMPLE t=1121.6s rss=4655MB hwm=4655MB
RSS_SAMPLE t=1121.9s rss=4655MB hwm=4655MB
RSS_SAMPLE t=1122.1s rss=4655MB hwm=4655MB
RSS_SAMPLE t=1122.4s rss=4655MB hwm=4655MB
RSS_SAMPLE t=1122.6s rss=4655MB hwm=4655MB
RSS_SAMPLE t=1122.9s rss=4655MB hwm=4655MB
RSS_SAMPLE t=1123.1s rss=4655MB hwm=4655MB
RSS_SAMPLE t=1123.4s rss=4655MB hwm=4655MB
RSS_SAMPLE t=1123.6s rss=4655MB hwm=4655MB
RSS_SAMPLE t=1123.9s rss=4655MB hwm=4655MB
RSS_SAMPLE t=1124.1s rss=4655MB hwm=4655MB
RSS_SAMPLE t=1124.4s rss=4655MB hwm=4655MB
RSS_SAMPLE t=1124.6s rss=4655MB hwm=4655MB
RSS_SAMPLE t=1124.9s rss=4655MB hwm=4655MB
RSS_SAMPLE t=1125.1s rss=4655MB hwm=4655MB
RSS_SAMPLE t=1125.4s rss=4655MB hwm=4655MB
RSS_SAMPLE t=1125.6s rss=4655MB hwm=4655MB
RSS_SAMPLE t=1125.9s rss=4655MB hwm=4655MB
RSS_SAMPLE t=1126.1s rss=4655MB hwm=4655MB
RSS_SAMPLE t=1126.4s rss=4655MB hwm=4655MB
RSS_SAMPLE t=1126.6s rss=4655MB hwm=4655MB
RSS_SAMPLE t=1126.9s rss=4655MB hwm=4655MB
RSS_SAMPLE t=1127.1s rss=4655MB hwm=4655MB
RSS_SAMPLE t=1127.4s rss=4655MB hwm=4655MB
RSS_SAMPLE t=1127.6s rss=4655MB hwm=4655MB
RSS_SAMPLE t=1127.9s rss=4655MB hwm=4655MB
RSS_SAMPLE t=1128.1s rss=4655MB hwm=4655MB
RSS_SAMPLE t=1128.4s rss=4655MB hwm=4655MB
RSS_SAMPLE t=1128.6s rss=4655MB hwm=4655MB
RSS_SAMPLE t=1128.9s rss=4655MB hwm=4655MB
RSS_SAMPLE t=1129.1s rss=4655MB hwm=4655MB
RSS_SAMPLE t=1129.4s rss=4655MB hwm=4655MB
RSS_SAMPLE t=1129.6s rss=4655MB hwm=4655MB
RSS_SAMPLE t=1129.9s rss=4655MB hwm=4655MB
MEM_POOL: workspaces=32 dense_usage_mb=1251 n_pipes=2562403
    post_solve_diag[outer=10]: solves=105117 cap_armed=105117 (100.0%) settle_avg=5628 above_sink_avg=198 (3.5%) settle_max=69353
    load_support[outer=10]: settle_avg=5628 load_nz_avg=4986 (88.6%) load_material_avg=3810 (67.7%)
    prune_ceiling[outer=10]: settle_avg=5628 heuristic_prunable_avg=833 (14.8%) vs oracle_zero_load=11.4%
    settle_hist[outer=10]: <100: 27192nets/0.1%work  <1k: 24504nets/1.6%work  <5k: 24307nets/10.7%work  <20k: 19361nets/34.7%work  <60k: 9543nets/50.7%work  >=60k: 210nets/2.3%work
    fanout_hist[outer=10]: fan1: 43710nets/13.1%work  fan2-4: 48279nets/50.3%work  fan5-16: 12974nets/35.7%work  fan17-64: 154nets/1.0%work  fan65-256: 0nets/0.0%work  fan>256: 0nets/0.0%work
    rss_probe[outer=10]: pre_post_solve=4635MB post_post_solve=4655MB after_apply=4655MB
    E_decomp: base=9013252.1 eff=84612000.2 cong=75598748.1 cong_share=89.3% sat_pipes=296535 max_util=1734.98  R_buckets: 1-2x=455460 2-10x=1744917 10-100x=351234 >=100x=10792
    E_potential: beckmann=76601959033845.2 history_total=0.0
    SpanCache: epoch=11 entries=2653 lookups=2562403 hits=2559750 misses=2653 hit_rate=99.9%
  DCD  10: nets=105117 line=12257263 energy=3932222.666 dE=+61119.086 friction=5893111.4 bins=2.0x(242) excess=86.6 moved=67620 disp=4.753 solves=105117 skip=105117 pops=591609797 theta=1.210 refresh=75819ms dcd=6684ms total=85111ms
    cache_stats: entries=60563051 capacity=123673342 est_mb=1066 rss_mb=4655
RSS_SAMPLE t=1130.1s rss=4655MB hwm=4655MB
RSS_SAMPLE t=1130.4s rss=4655MB hwm=4655MB
RSS_SAMPLE t=1130.6s rss=4655MB hwm=4655MB
RSS_SAMPLE t=1130.9s rss=4655MB hwm=4655MB
RSS_SAMPLE t=1131.1s rss=4655MB hwm=4655MB
RSS_SAMPLE t=1131.4s rss=4655MB hwm=4655MB
RSS_SAMPLE t=1131.6s rss=4655MB hwm=4655MB
RSS_SAMPLE t=1131.9s rss=4655MB hwm=4655MB
RSS_SAMPLE t=1132.1s rss=4655MB hwm=4655MB
RSS_SAMPLE t=1132.4s rss=4655MB hwm=4655MB
    SwitchMatrix: type_usage_pairs=592 lookups=1958 hits=1366 dijkstra_calls=592 avg_us=11.4 total_ms=6.8
PHASE_MARK outer=11 enter=pre_solve rss=4655MB
    rss_probe[outer=11]: pre_refresh_rss=4655MB post_pre_solve_rss=4655MB cache_entries=60563051 cache_cap=123673342 cache_est_mb=1066
    pre_solve_diag[outer=11]: solves=0 fallback=0 (0.0%) cap_armed=0 (0.0%) settle_avg=0 settle_max=0 init_count=245
    Overflow: over=247863 (9.7% of used) avg_excess=1.80 max_excess=2876.67 (nc=2900.67 cap=24 span=1)  excess_buckets: <=1=143075 1-5=85888 5-20=17867 >20=1033  by_cap: cap1=107058 cap2=137852 cap3-5=19 cap>5=2934  by_span: s1=465 s2-3=663 s4-6=2596 s7-12=132063 s>12=112076  le1_cross: cap1=86136 cap2-5=56421 cap>5=518
    Congestion: pipes=2562403 used=2562403 congested(>50%)=681804 saturated(>90%)=296535 max_util=1734.98 avg_util=0.4324
PHASE_MARK outer=11 enter=dcd_sweep rss=4655MB
RSS_SAMPLE t=1132.6s rss=4655MB hwm=4655MB
RSS_SAMPLE t=1132.9s rss=4655MB hwm=4655MB
RSS_SAMPLE t=1133.1s rss=4655MB hwm=4655MB
RSS_SAMPLE t=1133.4s rss=4655MB hwm=4655MB
RSS_SAMPLE t=1133.6s rss=4655MB hwm=4655MB
RSS_SAMPLE t=1133.9s rss=4655MB hwm=4655MB
RSS_SAMPLE t=1134.1s rss=4655MB hwm=4655MB
RSS_SAMPLE t=1134.4s rss=4655MB hwm=4655MB
RSS_SAMPLE t=1134.6s rss=4655MB hwm=4655MB
RSS_SAMPLE t=1134.9s rss=4655MB hwm=4655MB
RSS_SAMPLE t=1135.1s rss=4655MB hwm=4655MB
RSS_SAMPLE t=1135.4s rss=4655MB hwm=4655MB
RSS_SAMPLE t=1135.6s rss=4655MB hwm=4655MB
RSS_SAMPLE t=1135.9s rss=4655MB hwm=4655MB
RSS_SAMPLE t=1136.1s rss=4655MB hwm=4655MB
RSS_SAMPLE t=1136.4s rss=4655MB hwm=4655MB
RSS_SAMPLE t=1136.6s rss=4655MB hwm=4655MB
RSS_SAMPLE t=1136.9s rss=4655MB hwm=4655MB
RSS_SAMPLE t=1137.1s rss=4655MB hwm=4655MB
RSS_SAMPLE t=1137.4s rss=4655MB hwm=4655MB
RSS_SAMPLE t=1137.6s rss=4655MB hwm=4655MB
RSS_SAMPLE t=1137.9s rss=4655MB hwm=4655MB
RSS_SAMPLE t=1138.1s rss=4655MB hwm=4655MB
RSS_SAMPLE t=1138.4s rss=4655MB hwm=4655MB
RSS_SAMPLE t=1138.6s rss=4655MB hwm=4655MB
RSS_SAMPLE t=1138.9s rss=4655MB hwm=4655MB
RSS_SAMPLE t=1139.1s rss=4655MB hwm=4655MB
PHASE_MARK outer=11 leave=dcd_sweep rss=4655MB
PHASE_MARK outer=11 enter=post_refresh rss=4655MB
RSS_SAMPLE t=1139.4s rss=4655MB hwm=4655MB
RSS_SAMPLE t=1139.6s rss=4655MB hwm=4655MB
RSS_SAMPLE t=1139.9s rss=4655MB hwm=4655MB
RSS_SAMPLE t=1140.1s rss=4655MB hwm=4655MB
RSS_SAMPLE t=1140.4s rss=4655MB hwm=4655MB
RSS_SAMPLE t=1140.6s rss=4655MB hwm=4655MB
RSS_SAMPLE t=1140.9s rss=4655MB hwm=4655MB
RSS_SAMPLE t=1141.1s rss=4655MB hwm=4655MB
RSS_SAMPLE t=1141.4s rss=4655MB hwm=4655MB
RSS_SAMPLE t=1141.6s rss=4655MB hwm=4655MB
RSS_SAMPLE t=1141.9s rss=4655MB hwm=4655MB
RSS_SAMPLE t=1142.1s rss=4655MB hwm=4655MB
RSS_SAMPLE t=1142.4s rss=4655MB hwm=4655MB
RSS_SAMPLE t=1142.6s rss=4655MB hwm=4655MB
RSS_SAMPLE t=1142.9s rss=4655MB hwm=4655MB
RSS_SAMPLE t=1143.1s rss=4655MB hwm=4655MB
RSS_SAMPLE t=1143.4s rss=4655MB hwm=4655MB
RSS_SAMPLE t=1143.6s rss=4655MB hwm=4655MB
RSS_SAMPLE t=1143.9s rss=4655MB hwm=4655MB
RSS_SAMPLE t=1144.1s rss=4655MB hwm=4655MB
RSS_SAMPLE t=1144.4s rss=4655MB hwm=4655MB
RSS_SAMPLE t=1144.6s rss=4655MB hwm=4655MB
RSS_SAMPLE t=1144.9s rss=4656MB hwm=4656MB
RSS_SAMPLE t=1145.1s rss=4656MB hwm=4656MB
RSS_SAMPLE t=1145.4s rss=4656MB hwm=4656MB
RSS_SAMPLE t=1145.6s rss=4656MB hwm=4656MB
RSS_SAMPLE t=1145.9s rss=4656MB hwm=4656MB
RSS_SAMPLE t=1146.1s rss=4656MB hwm=4656MB
RSS_SAMPLE t=1146.4s rss=4656MB hwm=4656MB
RSS_SAMPLE t=1146.6s rss=4656MB hwm=4656MB
RSS_SAMPLE t=1146.9s rss=4656MB hwm=4656MB
RSS_SAMPLE t=1147.1s rss=4656MB hwm=4656MB
RSS_SAMPLE t=1147.4s rss=4656MB hwm=4656MB
RSS_SAMPLE t=1147.6s rss=4656MB hwm=4656MB
RSS_SAMPLE t=1147.9s rss=4656MB hwm=4656MB
RSS_SAMPLE t=1148.1s rss=4656MB hwm=4656MB
RSS_SAMPLE t=1148.4s rss=4656MB hwm=4656MB
RSS_SAMPLE t=1148.6s rss=4656MB hwm=4656MB
RSS_SAMPLE t=1148.9s rss=4656MB hwm=4656MB
RSS_SAMPLE t=1149.1s rss=4656MB hwm=4656MB
RSS_SAMPLE t=1149.4s rss=4656MB hwm=4656MB
RSS_SAMPLE t=1149.6s rss=4656MB hwm=4656MB
RSS_SAMPLE t=1149.9s rss=4656MB hwm=4656MB
RSS_SAMPLE t=1150.1s rss=4656MB hwm=4656MB
RSS_SAMPLE t=1150.4s rss=4656MB hwm=4656MB
RSS_SAMPLE t=1150.6s rss=4656MB hwm=4656MB
RSS_SAMPLE t=1150.9s rss=4656MB hwm=4656MB
RSS_SAMPLE t=1151.1s rss=4656MB hwm=4656MB
RSS_SAMPLE t=1151.4s rss=4656MB hwm=4656MB
RSS_SAMPLE t=1151.6s rss=4656MB hwm=4656MB
RSS_SAMPLE t=1151.9s rss=4656MB hwm=4656MB
RSS_SAMPLE t=1152.1s rss=4656MB hwm=4656MB
RSS_SAMPLE t=1152.4s rss=4656MB hwm=4656MB
RSS_SAMPLE t=1152.6s rss=4657MB hwm=4657MB
RSS_SAMPLE t=1152.9s rss=4657MB hwm=4657MB
RSS_SAMPLE t=1153.1s rss=4657MB hwm=4657MB
RSS_SAMPLE t=1153.4s rss=4657MB hwm=4657MB
RSS_SAMPLE t=1153.6s rss=4657MB hwm=4657MB
RSS_SAMPLE t=1153.9s rss=4657MB hwm=4657MB
RSS_SAMPLE t=1154.1s rss=4657MB hwm=4657MB
RSS_SAMPLE t=1154.4s rss=4658MB hwm=4658MB
RSS_SAMPLE t=1154.6s rss=4658MB hwm=4658MB
RSS_SAMPLE t=1154.9s rss=4658MB hwm=4658MB
RSS_SAMPLE t=1155.1s rss=4658MB hwm=4658MB
RSS_SAMPLE t=1155.4s rss=4658MB hwm=4658MB
RSS_SAMPLE t=1155.6s rss=4658MB hwm=4658MB
RSS_SAMPLE t=1155.9s rss=4658MB hwm=4658MB
RSS_SAMPLE t=1156.1s rss=4658MB hwm=4658MB
RSS_SAMPLE t=1156.4s rss=4658MB hwm=4658MB
RSS_SAMPLE t=1156.6s rss=4658MB hwm=4658MB
RSS_SAMPLE t=1156.9s rss=4658MB hwm=4658MB
RSS_SAMPLE t=1157.1s rss=4658MB hwm=4658MB
RSS_SAMPLE t=1157.4s rss=4658MB hwm=4658MB
RSS_SAMPLE t=1157.6s rss=4659MB hwm=4659MB
RSS_SAMPLE t=1157.9s rss=4659MB hwm=4659MB
RSS_SAMPLE t=1158.1s rss=4659MB hwm=4659MB
RSS_SAMPLE t=1158.4s rss=4659MB hwm=4659MB
RSS_SAMPLE t=1158.6s rss=4659MB hwm=4659MB
RSS_SAMPLE t=1158.9s rss=4659MB hwm=4659MB
RSS_SAMPLE t=1159.1s rss=4659MB hwm=4659MB
RSS_SAMPLE t=1159.4s rss=4659MB hwm=4659MB
RSS_SAMPLE t=1159.6s rss=4660MB hwm=4660MB
RSS_SAMPLE t=1159.9s rss=4660MB hwm=4660MB
RSS_SAMPLE t=1160.1s rss=4660MB hwm=4660MB
RSS_SAMPLE t=1160.4s rss=4660MB hwm=4660MB
RSS_SAMPLE t=1160.6s rss=4660MB hwm=4660MB
RSS_SAMPLE t=1160.9s rss=4660MB hwm=4660MB
RSS_SAMPLE t=1161.1s rss=4660MB hwm=4660MB
RSS_SAMPLE t=1161.4s rss=4660MB hwm=4660MB
RSS_SAMPLE t=1161.6s rss=4660MB hwm=4660MB
RSS_SAMPLE t=1161.9s rss=4660MB hwm=4660MB
RSS_SAMPLE t=1162.1s rss=4660MB hwm=4660MB
RSS_SAMPLE t=1162.4s rss=4661MB hwm=4661MB
RSS_SAMPLE t=1162.6s rss=4661MB hwm=4661MB
RSS_SAMPLE t=1162.9s rss=4661MB hwm=4661MB
RSS_SAMPLE t=1163.1s rss=4661MB hwm=4661MB
RSS_SAMPLE t=1163.4s rss=4661MB hwm=4661MB
RSS_SAMPLE t=1163.6s rss=4661MB hwm=4661MB
RSS_SAMPLE t=1163.9s rss=4661MB hwm=4661MB
RSS_SAMPLE t=1164.1s rss=4661MB hwm=4661MB
RSS_SAMPLE t=1164.4s rss=4662MB hwm=4662MB
RSS_SAMPLE t=1164.6s rss=4662MB hwm=4662MB
RSS_SAMPLE t=1164.9s rss=4662MB hwm=4662MB
RSS_SAMPLE t=1165.1s rss=4662MB hwm=4662MB
RSS_SAMPLE t=1165.4s rss=4662MB hwm=4662MB
RSS_SAMPLE t=1165.6s rss=4662MB hwm=4662MB
RSS_SAMPLE t=1165.9s rss=4662MB hwm=4662MB
RSS_SAMPLE t=1166.2s rss=4662MB hwm=4662MB
RSS_SAMPLE t=1166.4s rss=4663MB hwm=4663MB
RSS_SAMPLE t=1166.7s rss=4663MB hwm=4663MB
RSS_SAMPLE t=1166.9s rss=4663MB hwm=4663MB
RSS_SAMPLE t=1167.2s rss=4663MB hwm=4663MB
RSS_SAMPLE t=1167.4s rss=4663MB hwm=4663MB
RSS_SAMPLE t=1167.7s rss=4663MB hwm=4663MB
RSS_SAMPLE t=1167.9s rss=4663MB hwm=4663MB
RSS_SAMPLE t=1168.2s rss=4663MB hwm=4663MB
RSS_SAMPLE t=1168.4s rss=4663MB hwm=4663MB
RSS_SAMPLE t=1168.7s rss=4664MB hwm=4664MB
RSS_SAMPLE t=1168.9s rss=4664MB hwm=4664MB
RSS_SAMPLE t=1169.2s rss=4664MB hwm=4664MB
RSS_SAMPLE t=1169.4s rss=4664MB hwm=4664MB
RSS_SAMPLE t=1169.7s rss=4664MB hwm=4664MB
RSS_SAMPLE t=1169.9s rss=4664MB hwm=4664MB
RSS_SAMPLE t=1170.2s rss=4664MB hwm=4664MB
RSS_SAMPLE t=1170.4s rss=4664MB hwm=4664MB
RSS_SAMPLE t=1170.7s rss=4664MB hwm=4664MB
RSS_SAMPLE t=1170.9s rss=4664MB hwm=4664MB
RSS_SAMPLE t=1171.2s rss=4664MB hwm=4664MB
RSS_SAMPLE t=1171.4s rss=4664MB hwm=4664MB
RSS_SAMPLE t=1171.7s rss=4664MB hwm=4664MB
RSS_SAMPLE t=1171.9s rss=4664MB hwm=4664MB
RSS_SAMPLE t=1172.2s rss=4665MB hwm=4665MB
RSS_SAMPLE t=1172.4s rss=4665MB hwm=4665MB
RSS_SAMPLE t=1172.7s rss=4665MB hwm=4665MB
RSS_SAMPLE t=1172.9s rss=4665MB hwm=4665MB
RSS_SAMPLE t=1173.2s rss=4665MB hwm=4665MB
RSS_SAMPLE t=1173.4s rss=4665MB hwm=4665MB
RSS_SAMPLE t=1173.7s rss=4665MB hwm=4665MB
RSS_SAMPLE t=1173.9s rss=4665MB hwm=4665MB
RSS_SAMPLE t=1174.2s rss=4665MB hwm=4665MB
RSS_SAMPLE t=1174.4s rss=4665MB hwm=4665MB
RSS_SAMPLE t=1174.7s rss=4666MB hwm=4666MB
RSS_SAMPLE t=1174.9s rss=4666MB hwm=4666MB
RSS_SAMPLE t=1175.2s rss=4666MB hwm=4666MB
RSS_SAMPLE t=1175.4s rss=4666MB hwm=4666MB
RSS_SAMPLE t=1175.7s rss=4666MB hwm=4666MB
RSS_SAMPLE t=1175.9s rss=4666MB hwm=4666MB
RSS_SAMPLE t=1176.2s rss=4666MB hwm=4666MB
RSS_SAMPLE t=1176.4s rss=4666MB hwm=4666MB
RSS_SAMPLE t=1176.7s rss=4666MB hwm=4666MB
RSS_SAMPLE t=1176.9s rss=4666MB hwm=4666MB
RSS_SAMPLE t=1177.2s rss=4666MB hwm=4666MB
RSS_SAMPLE t=1177.4s rss=4666MB hwm=4666MB
RSS_SAMPLE t=1177.7s rss=4666MB hwm=4666MB
RSS_SAMPLE t=1177.9s rss=4666MB hwm=4666MB
RSS_SAMPLE t=1178.2s rss=4666MB hwm=4666MB
RSS_SAMPLE t=1178.4s rss=4666MB hwm=4666MB
RSS_SAMPLE t=1178.7s rss=4666MB hwm=4666MB
RSS_SAMPLE t=1178.9s rss=4666MB hwm=4666MB
RSS_SAMPLE t=1179.2s rss=4666MB hwm=4666MB
RSS_SAMPLE t=1179.4s rss=4666MB hwm=4666MB
RSS_SAMPLE t=1179.7s rss=4666MB hwm=4666MB
RSS_SAMPLE t=1179.9s rss=4666MB hwm=4666MB
RSS_SAMPLE t=1180.2s rss=4666MB hwm=4666MB
RSS_SAMPLE t=1180.4s rss=4666MB hwm=4666MB
RSS_SAMPLE t=1180.7s rss=4666MB hwm=4666MB
RSS_SAMPLE t=1180.9s rss=4666MB hwm=4666MB
RSS_SAMPLE t=1181.2s rss=4666MB hwm=4666MB
RSS_SAMPLE t=1181.4s rss=4666MB hwm=4666MB
RSS_SAMPLE t=1181.7s rss=4666MB hwm=4666MB
RSS_SAMPLE t=1181.9s rss=4666MB hwm=4666MB
RSS_SAMPLE t=1182.2s rss=4666MB hwm=4666MB
RSS_SAMPLE t=1182.4s rss=4666MB hwm=4666MB
RSS_SAMPLE t=1182.7s rss=4666MB hwm=4666MB
RSS_SAMPLE t=1182.9s rss=4666MB hwm=4666MB
RSS_SAMPLE t=1183.2s rss=4666MB hwm=4666MB
RSS_SAMPLE t=1183.4s rss=4666MB hwm=4666MB
RSS_SAMPLE t=1183.7s rss=4666MB hwm=4666MB
RSS_SAMPLE t=1183.9s rss=4666MB hwm=4666MB
RSS_SAMPLE t=1184.2s rss=4666MB hwm=4666MB
RSS_SAMPLE t=1184.4s rss=4666MB hwm=4666MB
RSS_SAMPLE t=1184.7s rss=4666MB hwm=4666MB
RSS_SAMPLE t=1184.9s rss=4666MB hwm=4666MB
RSS_SAMPLE t=1185.2s rss=4666MB hwm=4666MB
RSS_SAMPLE t=1185.4s rss=4666MB hwm=4666MB
RSS_SAMPLE t=1185.7s rss=4666MB hwm=4666MB
RSS_SAMPLE t=1185.9s rss=4666MB hwm=4666MB
RSS_SAMPLE t=1186.2s rss=4666MB hwm=4666MB
RSS_SAMPLE t=1186.4s rss=4666MB hwm=4666MB
RSS_SAMPLE t=1186.7s rss=4666MB hwm=4666MB
RSS_SAMPLE t=1186.9s rss=4666MB hwm=4666MB
RSS_SAMPLE t=1187.2s rss=4666MB hwm=4666MB
RSS_SAMPLE t=1187.4s rss=4666MB hwm=4666MB
RSS_SAMPLE t=1187.7s rss=4666MB hwm=4666MB
RSS_SAMPLE t=1187.9s rss=4666MB hwm=4666MB
RSS_SAMPLE t=1188.2s rss=4666MB hwm=4666MB
RSS_SAMPLE t=1188.4s rss=4667MB hwm=4667MB
RSS_SAMPLE t=1188.7s rss=4667MB hwm=4667MB
RSS_SAMPLE t=1188.9s rss=4667MB hwm=4667MB
RSS_SAMPLE t=1189.2s rss=4667MB hwm=4667MB
RSS_SAMPLE t=1189.4s rss=4667MB hwm=4667MB
RSS_SAMPLE t=1189.7s rss=4667MB hwm=4667MB
RSS_SAMPLE t=1189.9s rss=4667MB hwm=4667MB
RSS_SAMPLE t=1190.2s rss=4667MB hwm=4667MB
RSS_SAMPLE t=1190.4s rss=4667MB hwm=4667MB
RSS_SAMPLE t=1190.7s rss=4667MB hwm=4667MB
RSS_SAMPLE t=1190.9s rss=4667MB hwm=4667MB
RSS_SAMPLE t=1191.2s rss=4667MB hwm=4667MB
RSS_SAMPLE t=1191.4s rss=4667MB hwm=4667MB
RSS_SAMPLE t=1191.7s rss=4667MB hwm=4667MB
RSS_SAMPLE t=1191.9s rss=4667MB hwm=4667MB
RSS_SAMPLE t=1192.2s rss=4667MB hwm=4667MB
RSS_SAMPLE t=1192.4s rss=4667MB hwm=4667MB
RSS_SAMPLE t=1192.7s rss=4667MB hwm=4667MB
RSS_SAMPLE t=1192.9s rss=4667MB hwm=4667MB
RSS_SAMPLE t=1193.2s rss=4667MB hwm=4667MB
RSS_SAMPLE t=1193.4s rss=4667MB hwm=4667MB
RSS_SAMPLE t=1193.7s rss=4667MB hwm=4667MB
RSS_SAMPLE t=1193.9s rss=4667MB hwm=4667MB
RSS_SAMPLE t=1194.2s rss=4667MB hwm=4667MB
RSS_SAMPLE t=1194.4s rss=4667MB hwm=4667MB
RSS_SAMPLE t=1194.7s rss=4667MB hwm=4667MB
RSS_SAMPLE t=1194.9s rss=4667MB hwm=4667MB
RSS_SAMPLE t=1195.2s rss=4667MB hwm=4667MB
RSS_SAMPLE t=1195.4s rss=4667MB hwm=4667MB
RSS_SAMPLE t=1195.7s rss=4667MB hwm=4667MB
RSS_SAMPLE t=1195.9s rss=4667MB hwm=4667MB
RSS_SAMPLE t=1196.2s rss=4667MB hwm=4667MB
RSS_SAMPLE t=1196.4s rss=4667MB hwm=4667MB
RSS_SAMPLE t=1196.7s rss=4667MB hwm=4667MB
RSS_SAMPLE t=1196.9s rss=4667MB hwm=4667MB
RSS_SAMPLE t=1197.2s rss=4667MB hwm=4667MB
RSS_SAMPLE t=1197.4s rss=4667MB hwm=4667MB
RSS_SAMPLE t=1197.7s rss=4667MB hwm=4667MB
RSS_SAMPLE t=1197.9s rss=4667MB hwm=4667MB
RSS_SAMPLE t=1198.2s rss=4667MB hwm=4667MB
RSS_SAMPLE t=1198.4s rss=4667MB hwm=4667MB
RSS_SAMPLE t=1198.7s rss=4667MB hwm=4667MB
RSS_SAMPLE t=1198.9s rss=4667MB hwm=4667MB
RSS_SAMPLE t=1199.2s rss=4667MB hwm=4667MB
RSS_SAMPLE t=1199.4s rss=4667MB hwm=4667MB
RSS_SAMPLE t=1199.7s rss=4667MB hwm=4667MB
RSS_SAMPLE t=1199.9s rss=4667MB hwm=4667MB
RSS_SAMPLE t=1200.2s rss=4667MB hwm=4667MB
RSS_SAMPLE t=1200.4s rss=4667MB hwm=4667MB
RSS_SAMPLE t=1200.7s rss=4667MB hwm=4667MB
RSS_SAMPLE t=1200.9s rss=4667MB hwm=4667MB
RSS_SAMPLE t=1201.2s rss=4667MB hwm=4667MB
RSS_SAMPLE t=1201.4s rss=4667MB hwm=4667MB
RSS_SAMPLE t=1201.7s rss=4667MB hwm=4667MB
RSS_SAMPLE t=1201.9s rss=4667MB hwm=4667MB
RSS_SAMPLE t=1202.2s rss=4667MB hwm=4667MB
RSS_SAMPLE t=1202.4s rss=4667MB hwm=4667MB
RSS_SAMPLE t=1202.7s rss=4667MB hwm=4667MB
RSS_SAMPLE t=1202.9s rss=4667MB hwm=4667MB
RSS_SAMPLE t=1203.2s rss=4667MB hwm=4667MB
RSS_SAMPLE t=1203.4s rss=4667MB hwm=4667MB
RSS_SAMPLE t=1203.7s rss=4667MB hwm=4667MB
RSS_SAMPLE t=1203.9s rss=4667MB hwm=4667MB
RSS_SAMPLE t=1204.2s rss=4667MB hwm=4667MB
RSS_SAMPLE t=1204.4s rss=4667MB hwm=4667MB
RSS_SAMPLE t=1204.7s rss=4667MB hwm=4667MB
RSS_SAMPLE t=1204.9s rss=4667MB hwm=4667MB
RSS_SAMPLE t=1205.2s rss=4667MB hwm=4667MB
RSS_SAMPLE t=1205.4s rss=4667MB hwm=4667MB
RSS_SAMPLE t=1205.7s rss=4667MB hwm=4667MB
RSS_SAMPLE t=1205.9s rss=4667MB hwm=4667MB
RSS_SAMPLE t=1206.2s rss=4667MB hwm=4667MB
RSS_SAMPLE t=1206.4s rss=4667MB hwm=4667MB
RSS_SAMPLE t=1206.7s rss=4667MB hwm=4667MB
RSS_SAMPLE t=1206.9s rss=4667MB hwm=4667MB
RSS_SAMPLE t=1207.2s rss=4667MB hwm=4667MB
RSS_SAMPLE t=1207.4s rss=4667MB hwm=4667MB
RSS_SAMPLE t=1207.7s rss=4667MB hwm=4667MB
RSS_SAMPLE t=1207.9s rss=4667MB hwm=4667MB
RSS_SAMPLE t=1208.2s rss=4667MB hwm=4667MB
RSS_SAMPLE t=1208.4s rss=4667MB hwm=4667MB
RSS_SAMPLE t=1208.7s rss=4667MB hwm=4667MB
RSS_SAMPLE t=1208.9s rss=4667MB hwm=4667MB
RSS_SAMPLE t=1209.2s rss=4667MB hwm=4667MB
RSS_SAMPLE t=1209.4s rss=4667MB hwm=4667MB
RSS_SAMPLE t=1209.7s rss=4667MB hwm=4667MB
RSS_SAMPLE t=1209.9s rss=4667MB hwm=4667MB
RSS_SAMPLE t=1210.2s rss=4667MB hwm=4667MB
RSS_SAMPLE t=1210.4s rss=4667MB hwm=4667MB
RSS_SAMPLE t=1210.7s rss=4667MB hwm=4667MB
RSS_SAMPLE t=1210.9s rss=4667MB hwm=4667MB
RSS_SAMPLE t=1211.2s rss=4667MB hwm=4667MB
RSS_SAMPLE t=1211.4s rss=4667MB hwm=4667MB
RSS_SAMPLE t=1211.7s rss=4667MB hwm=4667MB
RSS_SAMPLE t=1211.9s rss=4667MB hwm=4667MB
MEM_POOL: workspaces=32 dense_usage_mb=1251 n_pipes=2562403
    post_solve_diag[outer=11]: solves=105117 cap_armed=105117 (100.0%) settle_avg=5427 above_sink_avg=216 (4.0%) settle_max=69353
    load_support[outer=11]: settle_avg=5427 load_nz_avg=4832 (89.0%) load_material_avg=3400 (62.6%)
    prune_ceiling[outer=11]: settle_avg=5427 heuristic_prunable_avg=730 (13.5%) vs oracle_zero_load=11.0%
    settle_hist[outer=11]: <100: 26855nets/0.1%work  <1k: 25083nets/1.6%work  <5k: 24456nets/11.2%work  <20k: 19602nets/36.2%work  <60k: 8944nets/48.8%work  >=60k: 177nets/2.0%work
    fanout_hist[outer=11]: fan1: 43710nets/13.2%work  fan2-4: 48279nets/50.2%work  fan5-16: 12974nets/35.6%work  fan17-64: 154nets/1.0%work  fan65-256: 0nets/0.0%work  fan>256: 0nets/0.0%work
    rss_probe[outer=11]: pre_post_solve=4655MB post_post_solve=4667MB after_apply=4667MB
    E_decomp: base=7576734.0 eff=43881911.3 cong=36305177.3 cong_share=82.7% sat_pipes=191493 max_util=871.17  R_buckets: 1-2x=816717 2-10x=1422904 10-100x=318978 >=100x=3804
    E_potential: beckmann=2512093603160.1 history_total=0.0
    SpanCache: epoch=12 entries=1958 lookups=2562403 hits=2560445 misses=1958 hit_rate=99.9%
  DCD  11: nets=105117 line=11935038 energy=3696192.654 dE=-236030.011 friction=2949707.5 bins=2.0x(186) excess=53.9 moved=67618 disp=4.499 solves=105117 skip=105117 pops=570494895 theta=1.416 refresh=72728ms dcd=6708ms total=81965ms
    cache_stats: entries=60681530 capacity=125239807 est_mb=1080 rss_mb=4667
RSS_SAMPLE t=1212.2s rss=4667MB hwm=4667MB
RSS_SAMPLE t=1212.4s rss=4667MB hwm=4667MB
RSS_SAMPLE t=1212.7s rss=4667MB hwm=4667MB
RSS_SAMPLE t=1212.9s rss=4667MB hwm=4667MB
RSS_SAMPLE t=1213.2s rss=4667MB hwm=4667MB
RSS_SAMPLE t=1213.4s rss=4667MB hwm=4667MB
RSS_SAMPLE t=1213.7s rss=4667MB hwm=4667MB
RSS_SAMPLE t=1213.9s rss=4667MB hwm=4667MB
RSS_SAMPLE t=1214.2s rss=4667MB hwm=4667MB
RSS_SAMPLE t=1214.4s rss=4667MB hwm=4667MB
    SwitchMatrix: type_usage_pairs=558 lookups=1724 hits=1166 dijkstra_calls=558 avg_us=11.3 total_ms=6.3
PHASE_MARK outer=12 enter=pre_solve rss=4667MB
    rss_probe[outer=12]: pre_refresh_rss=4667MB post_pre_solve_rss=4667MB cache_entries=60681530 cache_cap=125239807 cache_est_mb=1080
    pre_solve_diag[outer=12]: solves=0 fallback=0 (0.0%) cap_armed=0 (0.0%) settle_avg=0 settle_max=0 init_count=242
    Overflow: over=160063 (6.2% of used) avg_excess=2.19 max_excess=3117.27 (nc=3141.27 cap=24 span=1)  excess_buckets: <=1=88203 1-5=57418 5-20=12811 >20=1631  by_cap: cap1=66425 cap2=92197 cap3-5=1 cap>5=1440  by_span: s1=418 s2-3=555 s4-6=1378 s7-12=90184 s>12=67528  le1_cross: cap1=56299 cap2-5=31614 cap>5=290
    Congestion: pipes=2562403 used=2562403 congested(>50%)=552445 saturated(>90%)=191493 max_util=871.17 avg_util=0.3763
PHASE_MARK outer=12 enter=dcd_sweep rss=4667MB
RSS_SAMPLE t=1214.7s rss=4667MB hwm=4667MB
RSS_SAMPLE t=1214.9s rss=4667MB hwm=4667MB
RSS_SAMPLE t=1215.2s rss=4667MB hwm=4667MB
RSS_SAMPLE t=1215.4s rss=4667MB hwm=4667MB
RSS_SAMPLE t=1215.7s rss=4667MB hwm=4667MB
RSS_SAMPLE t=1215.9s rss=4667MB hwm=4667MB
RSS_SAMPLE t=1216.2s rss=4667MB hwm=4667MB
RSS_SAMPLE t=1216.4s rss=4667MB hwm=4667MB
RSS_SAMPLE t=1216.7s rss=4667MB hwm=4667MB
RSS_SAMPLE t=1216.9s rss=4667MB hwm=4667MB
RSS_SAMPLE t=1217.2s rss=4667MB hwm=4667MB
RSS_SAMPLE t=1217.4s rss=4667MB hwm=4667MB
RSS_SAMPLE t=1217.7s rss=4667MB hwm=4667MB
RSS_SAMPLE t=1217.9s rss=4667MB hwm=4667MB
RSS_SAMPLE t=1218.2s rss=4667MB hwm=4667MB
RSS_SAMPLE t=1218.4s rss=4667MB hwm=4667MB
RSS_SAMPLE t=1218.7s rss=4667MB hwm=4667MB
RSS_SAMPLE t=1218.9s rss=4667MB hwm=4667MB
RSS_SAMPLE t=1219.2s rss=4667MB hwm=4667MB
RSS_SAMPLE t=1219.4s rss=4667MB hwm=4667MB
RSS_SAMPLE t=1219.7s rss=4667MB hwm=4667MB
RSS_SAMPLE t=1219.9s rss=4667MB hwm=4667MB
RSS_SAMPLE t=1220.2s rss=4667MB hwm=4667MB
RSS_SAMPLE t=1220.4s rss=4667MB hwm=4667MB
RSS_SAMPLE t=1220.7s rss=4667MB hwm=4667MB
RSS_SAMPLE t=1220.9s rss=4667MB hwm=4667MB
RSS_SAMPLE t=1221.2s rss=4667MB hwm=4667MB
PHASE_MARK outer=12 leave=dcd_sweep rss=4667MB
PHASE_MARK outer=12 enter=post_refresh rss=4667MB
RSS_SAMPLE t=1221.4s rss=4667MB hwm=4667MB
RSS_SAMPLE t=1221.7s rss=4667MB hwm=4667MB
RSS_SAMPLE t=1221.9s rss=4667MB hwm=4667MB
RSS_SAMPLE t=1222.2s rss=4667MB hwm=4667MB
RSS_SAMPLE t=1222.4s rss=4667MB hwm=4667MB
RSS_SAMPLE t=1222.7s rss=4667MB hwm=4667MB
RSS_SAMPLE t=1222.9s rss=4667MB hwm=4667MB
RSS_SAMPLE t=1223.2s rss=4667MB hwm=4667MB
RSS_SAMPLE t=1223.4s rss=4667MB hwm=4667MB
RSS_SAMPLE t=1223.7s rss=4667MB hwm=4667MB
RSS_SAMPLE t=1223.9s rss=4667MB hwm=4667MB
RSS_SAMPLE t=1224.2s rss=4667MB hwm=4667MB
RSS_SAMPLE t=1224.4s rss=4667MB hwm=4667MB
RSS_SAMPLE t=1224.7s rss=4667MB hwm=4667MB
RSS_SAMPLE t=1224.9s rss=4667MB hwm=4667MB
RSS_SAMPLE t=1225.2s rss=4667MB hwm=4667MB
RSS_SAMPLE t=1225.5s rss=4667MB hwm=4667MB
RSS_SAMPLE t=1225.7s rss=4667MB hwm=4667MB
RSS_SAMPLE t=1226.0s rss=4667MB hwm=4667MB
RSS_SAMPLE t=1226.2s rss=4667MB hwm=4667MB
RSS_SAMPLE t=1226.5s rss=4667MB hwm=4667MB
RSS_SAMPLE t=1226.7s rss=4667MB hwm=4667MB
RSS_SAMPLE t=1227.0s rss=4667MB hwm=4667MB
RSS_SAMPLE t=1227.2s rss=4667MB hwm=4667MB
RSS_SAMPLE t=1227.5s rss=4667MB hwm=4667MB
RSS_SAMPLE t=1227.7s rss=4667MB hwm=4667MB
RSS_SAMPLE t=1228.0s rss=4667MB hwm=4667MB
RSS_SAMPLE t=1228.2s rss=4667MB hwm=4667MB
RSS_SAMPLE t=1228.5s rss=4667MB hwm=4667MB
RSS_SAMPLE t=1228.7s rss=4667MB hwm=4667MB
RSS_SAMPLE t=1229.0s rss=4667MB hwm=4667MB
RSS_SAMPLE t=1229.2s rss=4667MB hwm=4667MB
RSS_SAMPLE t=1229.5s rss=4667MB hwm=4667MB
RSS_SAMPLE t=1229.7s rss=4668MB hwm=4668MB
RSS_SAMPLE t=1230.0s rss=4668MB hwm=4668MB
RSS_SAMPLE t=1230.2s rss=4668MB hwm=4668MB
RSS_SAMPLE t=1230.5s rss=4668MB hwm=4668MB
RSS_SAMPLE t=1230.7s rss=4668MB hwm=4668MB
RSS_SAMPLE t=1231.0s rss=4668MB hwm=4668MB
RSS_SAMPLE t=1231.2s rss=4668MB hwm=4668MB
RSS_SAMPLE t=1231.5s rss=4668MB hwm=4668MB
RSS_SAMPLE t=1231.7s rss=4668MB hwm=4668MB
RSS_SAMPLE t=1232.0s rss=4668MB hwm=4668MB
RSS_SAMPLE t=1232.2s rss=4668MB hwm=4668MB
RSS_SAMPLE t=1232.5s rss=4668MB hwm=4668MB
RSS_SAMPLE t=1232.7s rss=4668MB hwm=4668MB
RSS_SAMPLE t=1233.0s rss=4668MB hwm=4668MB
RSS_SAMPLE t=1233.2s rss=4668MB hwm=4668MB
RSS_SAMPLE t=1233.5s rss=4668MB hwm=4668MB
RSS_SAMPLE t=1233.7s rss=4668MB hwm=4668MB
RSS_SAMPLE t=1234.0s rss=4668MB hwm=4668MB
RSS_SAMPLE t=1234.2s rss=4668MB hwm=4668MB
RSS_SAMPLE t=1234.5s rss=4668MB hwm=4668MB
RSS_SAMPLE t=1234.7s rss=4668MB hwm=4668MB
RSS_SAMPLE t=1235.0s rss=4668MB hwm=4668MB
RSS_SAMPLE t=1235.2s rss=4668MB hwm=4668MB
RSS_SAMPLE t=1235.5s rss=4668MB hwm=4668MB
RSS_SAMPLE t=1235.7s rss=4668MB hwm=4668MB
RSS_SAMPLE t=1236.0s rss=4668MB hwm=4668MB
RSS_SAMPLE t=1236.2s rss=4668MB hwm=4668MB
RSS_SAMPLE t=1236.5s rss=4669MB hwm=4669MB
RSS_SAMPLE t=1236.7s rss=4669MB hwm=4669MB
RSS_SAMPLE t=1237.0s rss=4669MB hwm=4669MB
RSS_SAMPLE t=1237.2s rss=4669MB hwm=4669MB
RSS_SAMPLE t=1237.5s rss=4669MB hwm=4669MB
RSS_SAMPLE t=1237.7s rss=4669MB hwm=4669MB
RSS_SAMPLE t=1238.0s rss=4669MB hwm=4669MB
RSS_SAMPLE t=1238.2s rss=4669MB hwm=4669MB
RSS_SAMPLE t=1238.5s rss=4670MB hwm=4670MB
RSS_SAMPLE t=1238.7s rss=4670MB hwm=4670MB
RSS_SAMPLE t=1239.0s rss=4670MB hwm=4670MB
RSS_SAMPLE t=1239.2s rss=4670MB hwm=4670MB
RSS_SAMPLE t=1239.5s rss=4670MB hwm=4670MB
RSS_SAMPLE t=1239.7s rss=4670MB hwm=4670MB
RSS_SAMPLE t=1240.0s rss=4670MB hwm=4670MB
RSS_SAMPLE t=1240.2s rss=4670MB hwm=4670MB
RSS_SAMPLE t=1240.5s rss=4671MB hwm=4671MB
RSS_SAMPLE t=1240.7s rss=4671MB hwm=4671MB
RSS_SAMPLE t=1241.0s rss=4671MB hwm=4671MB
RSS_SAMPLE t=1241.2s rss=4671MB hwm=4671MB
RSS_SAMPLE t=1241.5s rss=4671MB hwm=4671MB
RSS_SAMPLE t=1241.7s rss=4671MB hwm=4671MB
RSS_SAMPLE t=1242.0s rss=4671MB hwm=4671MB
RSS_SAMPLE t=1242.2s rss=4672MB hwm=4672MB
RSS_SAMPLE t=1242.5s rss=4672MB hwm=4672MB
RSS_SAMPLE t=1242.7s rss=4672MB hwm=4672MB
RSS_SAMPLE t=1243.0s rss=4672MB hwm=4672MB
RSS_SAMPLE t=1243.2s rss=4672MB hwm=4672MB
RSS_SAMPLE t=1243.5s rss=4672MB hwm=4672MB
RSS_SAMPLE t=1243.7s rss=4672MB hwm=4672MB
RSS_SAMPLE t=1244.0s rss=4672MB hwm=4672MB
RSS_SAMPLE t=1244.2s rss=4672MB hwm=4672MB
RSS_SAMPLE t=1244.5s rss=4672MB hwm=4672MB
RSS_SAMPLE t=1244.7s rss=4672MB hwm=4672MB
RSS_SAMPLE t=1245.0s rss=4672MB hwm=4672MB
RSS_SAMPLE t=1245.2s rss=4672MB hwm=4672MB
RSS_SAMPLE t=1245.5s rss=4672MB hwm=4672MB
RSS_SAMPLE t=1245.7s rss=4672MB hwm=4672MB
RSS_SAMPLE t=1246.0s rss=4672MB hwm=4672MB
RSS_SAMPLE t=1246.2s rss=4672MB hwm=4672MB
RSS_SAMPLE t=1246.5s rss=4672MB hwm=4672MB
RSS_SAMPLE t=1246.7s rss=4673MB hwm=4673MB
RSS_SAMPLE t=1247.0s rss=4673MB hwm=4673MB
RSS_SAMPLE t=1247.2s rss=4673MB hwm=4673MB
RSS_SAMPLE t=1247.5s rss=4673MB hwm=4673MB
RSS_SAMPLE t=1247.7s rss=4673MB hwm=4673MB
RSS_SAMPLE t=1248.0s rss=4673MB hwm=4673MB
RSS_SAMPLE t=1248.2s rss=4673MB hwm=4673MB
RSS_SAMPLE t=1248.5s rss=4673MB hwm=4673MB
RSS_SAMPLE t=1248.7s rss=4673MB hwm=4673MB
RSS_SAMPLE t=1249.0s rss=4673MB hwm=4673MB
RSS_SAMPLE t=1249.2s rss=4674MB hwm=4674MB
RSS_SAMPLE t=1249.5s rss=4674MB hwm=4674MB
RSS_SAMPLE t=1249.7s rss=4674MB hwm=4674MB
RSS_SAMPLE t=1250.0s rss=4674MB hwm=4674MB
RSS_SAMPLE t=1250.2s rss=4674MB hwm=4674MB
RSS_SAMPLE t=1250.5s rss=4674MB hwm=4674MB
RSS_SAMPLE t=1250.7s rss=4674MB hwm=4674MB
RSS_SAMPLE t=1251.0s rss=4675MB hwm=4675MB
RSS_SAMPLE t=1251.2s rss=4675MB hwm=4675MB
RSS_SAMPLE t=1251.5s rss=4675MB hwm=4675MB
RSS_SAMPLE t=1251.7s rss=4675MB hwm=4675MB
RSS_SAMPLE t=1252.0s rss=4675MB hwm=4675MB
RSS_SAMPLE t=1252.2s rss=4675MB hwm=4675MB
RSS_SAMPLE t=1252.5s rss=4675MB hwm=4675MB
RSS_SAMPLE t=1252.7s rss=4675MB hwm=4675MB
RSS_SAMPLE t=1253.0s rss=4675MB hwm=4675MB
RSS_SAMPLE t=1253.2s rss=4675MB hwm=4675MB
RSS_SAMPLE t=1253.5s rss=4675MB hwm=4675MB
RSS_SAMPLE t=1253.7s rss=4675MB hwm=4675MB
RSS_SAMPLE t=1254.0s rss=4676MB hwm=4676MB
RSS_SAMPLE t=1254.2s rss=4676MB hwm=4676MB
RSS_SAMPLE t=1254.5s rss=4676MB hwm=4676MB
RSS_SAMPLE t=1254.7s rss=4676MB hwm=4676MB
RSS_SAMPLE t=1255.0s rss=4676MB hwm=4676MB
RSS_SAMPLE t=1255.2s rss=4676MB hwm=4676MB
RSS_SAMPLE t=1255.5s rss=4676MB hwm=4676MB
RSS_SAMPLE t=1255.7s rss=4676MB hwm=4676MB
RSS_SAMPLE t=1256.0s rss=4676MB hwm=4676MB
RSS_SAMPLE t=1256.2s rss=4676MB hwm=4676MB
RSS_SAMPLE t=1256.5s rss=4676MB hwm=4676MB
RSS_SAMPLE t=1256.7s rss=4676MB hwm=4676MB
RSS_SAMPLE t=1257.0s rss=4676MB hwm=4676MB
RSS_SAMPLE t=1257.2s rss=4676MB hwm=4676MB
RSS_SAMPLE t=1257.5s rss=4676MB hwm=4676MB
RSS_SAMPLE t=1257.7s rss=4676MB hwm=4676MB
RSS_SAMPLE t=1258.0s rss=4676MB hwm=4676MB
RSS_SAMPLE t=1258.2s rss=4676MB hwm=4676MB
RSS_SAMPLE t=1258.5s rss=4676MB hwm=4676MB
RSS_SAMPLE t=1258.7s rss=4676MB hwm=4676MB
RSS_SAMPLE t=1259.0s rss=4677MB hwm=4677MB
RSS_SAMPLE t=1259.2s rss=4677MB hwm=4677MB
RSS_SAMPLE t=1259.5s rss=4677MB hwm=4677MB
RSS_SAMPLE t=1259.7s rss=4677MB hwm=4677MB
RSS_SAMPLE t=1260.0s rss=4677MB hwm=4677MB
RSS_SAMPLE t=1260.2s rss=4677MB hwm=4677MB
RSS_SAMPLE t=1260.5s rss=4678MB hwm=4678MB
RSS_SAMPLE t=1260.7s rss=4678MB hwm=4678MB
RSS_SAMPLE t=1261.0s rss=4678MB hwm=4678MB
RSS_SAMPLE t=1261.2s rss=4678MB hwm=4678MB
RSS_SAMPLE t=1261.5s rss=4678MB hwm=4678MB
RSS_SAMPLE t=1261.7s rss=4678MB hwm=4678MB
RSS_SAMPLE t=1262.0s rss=4678MB hwm=4678MB
RSS_SAMPLE t=1262.2s rss=4678MB hwm=4678MB
RSS_SAMPLE t=1262.5s rss=4679MB hwm=4679MB
RSS_SAMPLE t=1262.7s rss=4679MB hwm=4679MB
RSS_SAMPLE t=1263.0s rss=4679MB hwm=4679MB
RSS_SAMPLE t=1263.2s rss=4679MB hwm=4679MB
RSS_SAMPLE t=1263.5s rss=4679MB hwm=4679MB
RSS_SAMPLE t=1263.8s rss=4679MB hwm=4679MB
RSS_SAMPLE t=1264.0s rss=4679MB hwm=4679MB
RSS_SAMPLE t=1264.3s rss=4679MB hwm=4679MB
RSS_SAMPLE t=1264.5s rss=4679MB hwm=4679MB
RSS_SAMPLE t=1264.8s rss=4679MB hwm=4679MB
RSS_SAMPLE t=1265.0s rss=4679MB hwm=4679MB
RSS_SAMPLE t=1265.3s rss=4679MB hwm=4679MB
RSS_SAMPLE t=1265.5s rss=4679MB hwm=4679MB
RSS_SAMPLE t=1265.8s rss=4679MB hwm=4679MB
RSS_SAMPLE t=1266.0s rss=4679MB hwm=4679MB
RSS_SAMPLE t=1266.3s rss=4679MB hwm=4679MB
RSS_SAMPLE t=1266.5s rss=4679MB hwm=4679MB
RSS_SAMPLE t=1266.8s rss=4679MB hwm=4679MB
RSS_SAMPLE t=1267.0s rss=4679MB hwm=4679MB
RSS_SAMPLE t=1267.3s rss=4679MB hwm=4679MB
RSS_SAMPLE t=1267.5s rss=4679MB hwm=4679MB
RSS_SAMPLE t=1267.8s rss=4679MB hwm=4679MB
RSS_SAMPLE t=1268.0s rss=4679MB hwm=4679MB
RSS_SAMPLE t=1268.3s rss=4679MB hwm=4679MB
RSS_SAMPLE t=1268.5s rss=4679MB hwm=4679MB
RSS_SAMPLE t=1268.8s rss=4679MB hwm=4679MB
RSS_SAMPLE t=1269.0s rss=4679MB hwm=4679MB
RSS_SAMPLE t=1269.3s rss=4679MB hwm=4679MB
RSS_SAMPLE t=1269.5s rss=4679MB hwm=4679MB
RSS_SAMPLE t=1269.8s rss=4679MB hwm=4679MB
RSS_SAMPLE t=1270.0s rss=4679MB hwm=4679MB
RSS_SAMPLE t=1270.3s rss=4679MB hwm=4679MB
RSS_SAMPLE t=1270.5s rss=4679MB hwm=4679MB
RSS_SAMPLE t=1270.8s rss=4679MB hwm=4679MB
RSS_SAMPLE t=1271.0s rss=4679MB hwm=4679MB
RSS_SAMPLE t=1271.3s rss=4679MB hwm=4679MB
RSS_SAMPLE t=1271.5s rss=4679MB hwm=4679MB
RSS_SAMPLE t=1271.8s rss=4679MB hwm=4679MB
RSS_SAMPLE t=1272.0s rss=4679MB hwm=4679MB
RSS_SAMPLE t=1272.3s rss=4679MB hwm=4679MB
RSS_SAMPLE t=1272.5s rss=4679MB hwm=4679MB
RSS_SAMPLE t=1272.8s rss=4679MB hwm=4679MB
RSS_SAMPLE t=1273.0s rss=4679MB hwm=4679MB
RSS_SAMPLE t=1273.3s rss=4679MB hwm=4679MB
RSS_SAMPLE t=1273.5s rss=4679MB hwm=4679MB
RSS_SAMPLE t=1273.8s rss=4679MB hwm=4679MB
RSS_SAMPLE t=1274.0s rss=4679MB hwm=4679MB
RSS_SAMPLE t=1274.3s rss=4679MB hwm=4679MB
RSS_SAMPLE t=1274.5s rss=4679MB hwm=4679MB
RSS_SAMPLE t=1274.8s rss=4679MB hwm=4679MB
RSS_SAMPLE t=1275.0s rss=4679MB hwm=4679MB
RSS_SAMPLE t=1275.3s rss=4679MB hwm=4679MB
RSS_SAMPLE t=1275.5s rss=4679MB hwm=4679MB
RSS_SAMPLE t=1275.8s rss=4679MB hwm=4679MB
RSS_SAMPLE t=1276.0s rss=4679MB hwm=4679MB
RSS_SAMPLE t=1276.3s rss=4679MB hwm=4679MB
RSS_SAMPLE t=1276.5s rss=4679MB hwm=4679MB
RSS_SAMPLE t=1276.8s rss=4679MB hwm=4679MB
RSS_SAMPLE t=1277.0s rss=4679MB hwm=4679MB
RSS_SAMPLE t=1277.3s rss=4679MB hwm=4679MB
RSS_SAMPLE t=1277.5s rss=4679MB hwm=4679MB
RSS_SAMPLE t=1277.8s rss=4679MB hwm=4679MB
RSS_SAMPLE t=1278.0s rss=4679MB hwm=4679MB
RSS_SAMPLE t=1278.3s rss=4679MB hwm=4679MB
RSS_SAMPLE t=1278.5s rss=4679MB hwm=4679MB
RSS_SAMPLE t=1278.8s rss=4679MB hwm=4679MB
RSS_SAMPLE t=1279.0s rss=4679MB hwm=4679MB
RSS_SAMPLE t=1279.3s rss=4679MB hwm=4679MB
RSS_SAMPLE t=1279.5s rss=4679MB hwm=4679MB
RSS_SAMPLE t=1279.8s rss=4679MB hwm=4679MB
RSS_SAMPLE t=1280.0s rss=4679MB hwm=4679MB
RSS_SAMPLE t=1280.3s rss=4679MB hwm=4679MB
RSS_SAMPLE t=1280.5s rss=4679MB hwm=4679MB
RSS_SAMPLE t=1280.8s rss=4679MB hwm=4679MB
RSS_SAMPLE t=1281.0s rss=4679MB hwm=4679MB
RSS_SAMPLE t=1281.3s rss=4679MB hwm=4679MB
RSS_SAMPLE t=1281.5s rss=4679MB hwm=4679MB
RSS_SAMPLE t=1281.8s rss=4679MB hwm=4679MB
RSS_SAMPLE t=1282.0s rss=4679MB hwm=4679MB
RSS_SAMPLE t=1282.3s rss=4679MB hwm=4679MB
RSS_SAMPLE t=1282.5s rss=4679MB hwm=4679MB
RSS_SAMPLE t=1282.8s rss=4679MB hwm=4679MB
RSS_SAMPLE t=1283.0s rss=4679MB hwm=4679MB
RSS_SAMPLE t=1283.3s rss=4679MB hwm=4679MB
RSS_SAMPLE t=1283.5s rss=4679MB hwm=4679MB
RSS_SAMPLE t=1283.8s rss=4679MB hwm=4679MB
RSS_SAMPLE t=1284.0s rss=4679MB hwm=4679MB
RSS_SAMPLE t=1284.3s rss=4679MB hwm=4679MB
RSS_SAMPLE t=1284.5s rss=4679MB hwm=4679MB
RSS_SAMPLE t=1284.8s rss=4679MB hwm=4679MB
RSS_SAMPLE t=1285.0s rss=4679MB hwm=4679MB
RSS_SAMPLE t=1285.3s rss=4679MB hwm=4679MB
RSS_SAMPLE t=1285.5s rss=4679MB hwm=4679MB
RSS_SAMPLE t=1285.8s rss=4679MB hwm=4679MB
RSS_SAMPLE t=1286.0s rss=4679MB hwm=4679MB
RSS_SAMPLE t=1286.3s rss=4679MB hwm=4679MB
RSS_SAMPLE t=1286.5s rss=4679MB hwm=4679MB
RSS_SAMPLE t=1286.8s rss=4679MB hwm=4679MB
RSS_SAMPLE t=1287.0s rss=4679MB hwm=4679MB
RSS_SAMPLE t=1287.3s rss=4679MB hwm=4679MB
RSS_SAMPLE t=1287.5s rss=4679MB hwm=4679MB
RSS_SAMPLE t=1287.8s rss=4679MB hwm=4679MB
RSS_SAMPLE t=1288.0s rss=4679MB hwm=4679MB
RSS_SAMPLE t=1288.3s rss=4679MB hwm=4679MB
RSS_SAMPLE t=1288.5s rss=4679MB hwm=4679MB
RSS_SAMPLE t=1288.8s rss=4679MB hwm=4679MB
RSS_SAMPLE t=1289.0s rss=4679MB hwm=4679MB
RSS_SAMPLE t=1289.3s rss=4679MB hwm=4679MB
RSS_SAMPLE t=1289.5s rss=4679MB hwm=4679MB
RSS_SAMPLE t=1289.8s rss=4679MB hwm=4679MB
RSS_SAMPLE t=1290.0s rss=4679MB hwm=4679MB
RSS_SAMPLE t=1290.3s rss=4679MB hwm=4679MB
RSS_SAMPLE t=1290.5s rss=4679MB hwm=4679MB
RSS_SAMPLE t=1290.8s rss=4679MB hwm=4679MB
RSS_SAMPLE t=1291.0s rss=4679MB hwm=4679MB
RSS_SAMPLE t=1291.3s rss=4679MB hwm=4679MB
RSS_SAMPLE t=1291.5s rss=4679MB hwm=4679MB
RSS_SAMPLE t=1291.8s rss=4679MB hwm=4679MB
MEM_POOL: workspaces=32 dense_usage_mb=1251 n_pipes=2562403
    post_solve_diag[outer=12]: solves=105117 cap_armed=105117 (100.0%) settle_avg=5221 above_sink_avg=224 (4.3%) settle_max=69353
    load_support[outer=12]: settle_avg=5221 load_nz_avg=4590 (87.9%) load_material_avg=3171 (60.7%)
    prune_ceiling[outer=12]: settle_avg=5221 heuristic_prunable_avg=665 (12.7%) vs oracle_zero_load=12.1%
    settle_hist[outer=12]: <100: 26336nets/0.2%work  <1k: 26000nets/1.7%work  <5k: 24566nets/11.8%work  <20k: 19740nets/37.6%work  <60k: 8330nets/47.0%work  >=60k: 145nets/1.7%work
    fanout_hist[outer=12]: fan1: 43710nets/13.2%work  fan2-4: 48279nets/50.2%work  fan5-16: 12974nets/35.6%work  fan17-64: 154nets/1.0%work  fan65-256: 0nets/0.0%work  fan>256: 0nets/0.0%work
    rss_probe[outer=12]: pre_post_solve=4667MB post_post_solve=4679MB after_apply=4679MB
    E_decomp: base=8427489.7 eff=42048224.2 cong=33620734.5 cong_share=80.0% sat_pipes=304253 max_util=2303.47  R_buckets: 1-2x=920193 2-10x=1372089 10-100x=265528 >=100x=4593
    E_potential: beckmann=276896659347926.8 history_total=0.0
    SpanCache: epoch=13 entries=1724 lookups=2562403 hits=2560679 misses=1724 hit_rate=99.9%
  DCD  12: nets=105117 line=11603290 energy=3330345.352 dE=-365847.302 friction=8734783.9 bins=2.0x(232) excess=76.6 moved=67686 disp=4.403 solves=105117 skip=105117 pops=548766667 theta=1.658 refresh=70402ms dcd=6755ms total=79766ms
    cache_stats: entries=60898755 capacity=126670679 est_mb=1092 rss_mb=4679
RSS_SAMPLE t=1292.0s rss=4679MB hwm=4679MB
RSS_SAMPLE t=1292.3s rss=4679MB hwm=4679MB
RSS_SAMPLE t=1292.5s rss=4679MB hwm=4679MB
RSS_SAMPLE t=1292.8s rss=4679MB hwm=4679MB
RSS_SAMPLE t=1293.0s rss=4679MB hwm=4679MB
RSS_SAMPLE t=1293.3s rss=4679MB hwm=4679MB
RSS_SAMPLE t=1293.5s rss=4679MB hwm=4679MB
RSS_SAMPLE t=1293.8s rss=4679MB hwm=4679MB
RSS_SAMPLE t=1294.0s rss=4679MB hwm=4679MB
RSS_SAMPLE t=1294.3s rss=4679MB hwm=4679MB
    SwitchMatrix: type_usage_pairs=574 lookups=1882 hits=1308 dijkstra_calls=574 avg_us=11.7 total_ms=6.7
PHASE_MARK outer=13 enter=pre_solve rss=4679MB
    rss_probe[outer=13]: pre_refresh_rss=4679MB post_pre_solve_rss=4679MB cache_entries=60898755 cache_cap=126670679 cache_est_mb=1092
    pre_solve_diag[outer=13]: solves=0 fallback=0 (0.0%) cap_armed=0 (0.0%) settle_avg=0 settle_max=0 init_count=251
    Overflow: over=266107 (10.4% of used) avg_excess=1.73 max_excess=3225.69 (nc=3249.69 cap=24 span=1)  excess_buckets: <=1=158469 1-5=91484 5-20=14668 >20=1486  by_cap: cap1=157650 cap2=106505 cap3-5=5 cap>5=1947  by_span: s1=331 s2-3=469 s4-6=1611 s7-12=102314 s>12=161382  le1_cross: cap1=116776 cap2-5=41285 cap>5=408
    Congestion: pipes=2562403 used=2562403 congested(>50%)=617443 saturated(>90%)=304253 max_util=2303.47 avg_util=0.4398
PHASE_MARK outer=13 enter=dcd_sweep rss=4679MB
RSS_SAMPLE t=1294.5s rss=4679MB hwm=4679MB
RSS_SAMPLE t=1294.8s rss=4679MB hwm=4679MB
RSS_SAMPLE t=1295.0s rss=4679MB hwm=4679MB
RSS_SAMPLE t=1295.3s rss=4679MB hwm=4679MB
RSS_SAMPLE t=1295.5s rss=4679MB hwm=4679MB
RSS_SAMPLE t=1295.8s rss=4679MB hwm=4679MB
RSS_SAMPLE t=1296.0s rss=4679MB hwm=4679MB
RSS_SAMPLE t=1296.3s rss=4679MB hwm=4679MB
RSS_SAMPLE t=1296.5s rss=4679MB hwm=4679MB
RSS_SAMPLE t=1296.8s rss=4679MB hwm=4679MB
RSS_SAMPLE t=1297.0s rss=4679MB hwm=4679MB
RSS_SAMPLE t=1297.3s rss=4679MB hwm=4679MB
RSS_SAMPLE t=1297.5s rss=4679MB hwm=4679MB
RSS_SAMPLE t=1297.8s rss=4679MB hwm=4679MB
RSS_SAMPLE t=1298.0s rss=4679MB hwm=4679MB
RSS_SAMPLE t=1298.3s rss=4679MB hwm=4679MB
RSS_SAMPLE t=1298.5s rss=4679MB hwm=4679MB
RSS_SAMPLE t=1298.8s rss=4679MB hwm=4679MB
RSS_SAMPLE t=1299.0s rss=4679MB hwm=4679MB
RSS_SAMPLE t=1299.3s rss=4679MB hwm=4679MB
RSS_SAMPLE t=1299.5s rss=4679MB hwm=4679MB
RSS_SAMPLE t=1299.8s rss=4679MB hwm=4679MB
RSS_SAMPLE t=1300.0s rss=4679MB hwm=4679MB
RSS_SAMPLE t=1300.3s rss=4679MB hwm=4679MB
RSS_SAMPLE t=1300.5s rss=4679MB hwm=4679MB
RSS_SAMPLE t=1300.8s rss=4679MB hwm=4679MB
RSS_SAMPLE t=1301.0s rss=4679MB hwm=4679MB
RSS_SAMPLE t=1301.3s rss=4679MB hwm=4679MB
PHASE_MARK outer=13 leave=dcd_sweep rss=4679MB
PHASE_MARK outer=13 enter=post_refresh rss=4679MB
RSS_SAMPLE t=1301.5s rss=4679MB hwm=4679MB
RSS_SAMPLE t=1301.8s rss=4679MB hwm=4679MB
RSS_SAMPLE t=1302.0s rss=4679MB hwm=4679MB
RSS_SAMPLE t=1302.3s rss=4679MB hwm=4679MB
RSS_SAMPLE t=1302.5s rss=4679MB hwm=4679MB
RSS_SAMPLE t=1302.8s rss=4679MB hwm=4679MB
RSS_SAMPLE t=1303.0s rss=4679MB hwm=4679MB
RSS_SAMPLE t=1303.3s rss=4679MB hwm=4679MB
RSS_SAMPLE t=1303.5s rss=4679MB hwm=4679MB
RSS_SAMPLE t=1303.8s rss=4679MB hwm=4679MB
RSS_SAMPLE t=1304.0s rss=4679MB hwm=4679MB
RSS_SAMPLE t=1304.3s rss=4679MB hwm=4679MB
RSS_SAMPLE t=1304.5s rss=4679MB hwm=4679MB
RSS_SAMPLE t=1304.8s rss=4679MB hwm=4679MB
RSS_SAMPLE t=1305.0s rss=4679MB hwm=4679MB
RSS_SAMPLE t=1305.3s rss=4679MB hwm=4679MB
RSS_SAMPLE t=1305.5s rss=4679MB hwm=4679MB
RSS_SAMPLE t=1305.8s rss=4679MB hwm=4679MB
RSS_SAMPLE t=1306.0s rss=4680MB hwm=4680MB
RSS_SAMPLE t=1306.3s rss=4680MB hwm=4680MB
RSS_SAMPLE t=1306.5s rss=4680MB hwm=4680MB
RSS_SAMPLE t=1306.8s rss=4680MB hwm=4680MB
RSS_SAMPLE t=1307.0s rss=4680MB hwm=4680MB
RSS_SAMPLE t=1307.3s rss=4680MB hwm=4680MB
RSS_SAMPLE t=1307.5s rss=4680MB hwm=4680MB
RSS_SAMPLE t=1307.8s rss=4680MB hwm=4680MB
RSS_SAMPLE t=1308.0s rss=4680MB hwm=4680MB
RSS_SAMPLE t=1308.3s rss=4680MB hwm=4680MB
RSS_SAMPLE t=1308.5s rss=4681MB hwm=4681MB
RSS_SAMPLE t=1308.8s rss=4681MB hwm=4681MB
RSS_SAMPLE t=1309.0s rss=4681MB hwm=4681MB
RSS_SAMPLE t=1309.3s rss=4681MB hwm=4681MB
RSS_SAMPLE t=1309.5s rss=4681MB hwm=4681MB
RSS_SAMPLE t=1309.8s rss=4681MB hwm=4681MB
RSS_SAMPLE t=1310.0s rss=4681MB hwm=4681MB
RSS_SAMPLE t=1310.3s rss=4681MB hwm=4681MB
RSS_SAMPLE t=1310.5s rss=4681MB hwm=4681MB
RSS_SAMPLE t=1310.8s rss=4681MB hwm=4681MB
RSS_SAMPLE t=1311.0s rss=4681MB hwm=4681MB
RSS_SAMPLE t=1311.3s rss=4681MB hwm=4681MB
RSS_SAMPLE t=1311.5s rss=4681MB hwm=4681MB
RSS_SAMPLE t=1311.8s rss=4681MB hwm=4681MB
RSS_SAMPLE t=1312.0s rss=4681MB hwm=4681MB
RSS_SAMPLE t=1312.3s rss=4682MB hwm=4682MB
RSS_SAMPLE t=1312.5s rss=4682MB hwm=4682MB
RSS_SAMPLE t=1312.8s rss=4682MB hwm=4682MB
RSS_SAMPLE t=1313.0s rss=4682MB hwm=4682MB
RSS_SAMPLE t=1313.3s rss=4682MB hwm=4682MB
RSS_SAMPLE t=1313.5s rss=4682MB hwm=4682MB
RSS_SAMPLE t=1313.8s rss=4682MB hwm=4682MB
RSS_SAMPLE t=1314.0s rss=4682MB hwm=4682MB
RSS_SAMPLE t=1314.3s rss=4682MB hwm=4682MB
RSS_SAMPLE t=1314.5s rss=4682MB hwm=4682MB
RSS_SAMPLE t=1314.8s rss=4682MB hwm=4682MB
RSS_SAMPLE t=1315.0s rss=4682MB hwm=4682MB
RSS_SAMPLE t=1315.3s rss=4682MB hwm=4682MB
RSS_SAMPLE t=1315.5s rss=4682MB hwm=4682MB
RSS_SAMPLE t=1315.8s rss=4682MB hwm=4682MB
RSS_SAMPLE t=1316.0s rss=4682MB hwm=4682MB
RSS_SAMPLE t=1316.3s rss=4682MB hwm=4682MB
RSS_SAMPLE t=1316.5s rss=4682MB hwm=4682MB
RSS_SAMPLE t=1316.8s rss=4682MB hwm=4682MB
RSS_SAMPLE t=1317.0s rss=4682MB hwm=4682MB
RSS_SAMPLE t=1317.3s rss=4682MB hwm=4682MB
RSS_SAMPLE t=1317.5s rss=4682MB hwm=4682MB
RSS_SAMPLE t=1317.8s rss=4682MB hwm=4682MB
RSS_SAMPLE t=1318.0s rss=4682MB hwm=4682MB
RSS_SAMPLE t=1318.3s rss=4682MB hwm=4682MB
RSS_SAMPLE t=1318.5s rss=4682MB hwm=4682MB
RSS_SAMPLE t=1318.8s rss=4682MB hwm=4682MB
RSS_SAMPLE t=1319.0s rss=4682MB hwm=4682MB
RSS_SAMPLE t=1319.3s rss=4682MB hwm=4682MB
RSS_SAMPLE t=1319.5s rss=4682MB hwm=4682MB
RSS_SAMPLE t=1319.8s rss=4682MB hwm=4682MB
RSS_SAMPLE t=1320.1s rss=4683MB hwm=4683MB
RSS_SAMPLE t=1320.3s rss=4683MB hwm=4683MB
RSS_SAMPLE t=1320.6s rss=4683MB hwm=4683MB
RSS_SAMPLE t=1320.8s rss=4683MB hwm=4683MB
RSS_SAMPLE t=1321.1s rss=4683MB hwm=4683MB
RSS_SAMPLE t=1321.3s rss=4683MB hwm=4683MB
RSS_SAMPLE t=1321.6s rss=4683MB hwm=4683MB
RSS_SAMPLE t=1321.8s rss=4683MB hwm=4683MB
RSS_SAMPLE t=1322.1s rss=4683MB hwm=4683MB
RSS_SAMPLE t=1322.3s rss=4683MB hwm=4683MB
RSS_SAMPLE t=1322.6s rss=4683MB hwm=4683MB
RSS_SAMPLE t=1322.8s rss=4683MB hwm=4683MB
RSS_SAMPLE t=1323.1s rss=4683MB hwm=4683MB
RSS_SAMPLE t=1323.3s rss=4683MB hwm=4683MB
RSS_SAMPLE t=1323.6s rss=4683MB hwm=4683MB
RSS_SAMPLE t=1323.8s rss=4683MB hwm=4683MB
RSS_SAMPLE t=1324.1s rss=4683MB hwm=4683MB
RSS_SAMPLE t=1324.3s rss=4683MB hwm=4683MB
RSS_SAMPLE t=1324.6s rss=4683MB hwm=4683MB
RSS_SAMPLE t=1324.8s rss=4683MB hwm=4683MB
RSS_SAMPLE t=1325.1s rss=4683MB hwm=4683MB
RSS_SAMPLE t=1325.3s rss=4683MB hwm=4683MB
RSS_SAMPLE t=1325.6s rss=4683MB hwm=4683MB
RSS_SAMPLE t=1325.8s rss=4683MB hwm=4683MB
RSS_SAMPLE t=1326.1s rss=4683MB hwm=4683MB
RSS_SAMPLE t=1326.3s rss=4684MB hwm=4684MB
RSS_SAMPLE t=1326.6s rss=4684MB hwm=4684MB
RSS_SAMPLE t=1326.8s rss=4684MB hwm=4684MB
RSS_SAMPLE t=1327.1s rss=4684MB hwm=4684MB
RSS_SAMPLE t=1327.3s rss=4684MB hwm=4684MB
RSS_SAMPLE t=1327.6s rss=4684MB hwm=4684MB
RSS_SAMPLE t=1327.8s rss=4684MB hwm=4684MB
RSS_SAMPLE t=1328.1s rss=4684MB hwm=4684MB
RSS_SAMPLE t=1328.3s rss=4684MB hwm=4684MB
RSS_SAMPLE t=1328.6s rss=4684MB hwm=4684MB
RSS_SAMPLE t=1328.8s rss=4684MB hwm=4684MB
RSS_SAMPLE t=1329.1s rss=4684MB hwm=4684MB
RSS_SAMPLE t=1329.3s rss=4684MB hwm=4684MB
RSS_SAMPLE t=1329.6s rss=4684MB hwm=4684MB
RSS_SAMPLE t=1329.8s rss=4684MB hwm=4684MB
RSS_SAMPLE t=1330.1s rss=4684MB hwm=4684MB
RSS_SAMPLE t=1330.3s rss=4684MB hwm=4684MB
RSS_SAMPLE t=1330.6s rss=4684MB hwm=4684MB
RSS_SAMPLE t=1330.8s rss=4684MB hwm=4684MB
RSS_SAMPLE t=1331.1s rss=4684MB hwm=4684MB
RSS_SAMPLE t=1331.3s rss=4684MB hwm=4684MB
RSS_SAMPLE t=1331.6s rss=4684MB hwm=4684MB
RSS_SAMPLE t=1331.8s rss=4684MB hwm=4684MB
RSS_SAMPLE t=1332.1s rss=4684MB hwm=4684MB
RSS_SAMPLE t=1332.3s rss=4684MB hwm=4684MB
RSS_SAMPLE t=1332.6s rss=4684MB hwm=4684MB
RSS_SAMPLE t=1332.8s rss=4684MB hwm=4684MB
RSS_SAMPLE t=1333.1s rss=4684MB hwm=4684MB
RSS_SAMPLE t=1333.3s rss=4684MB hwm=4684MB
RSS_SAMPLE t=1333.6s rss=4684MB hwm=4684MB
RSS_SAMPLE t=1333.8s rss=4684MB hwm=4684MB
RSS_SAMPLE t=1334.1s rss=4684MB hwm=4684MB
RSS_SAMPLE t=1334.3s rss=4684MB hwm=4684MB
RSS_SAMPLE t=1334.6s rss=4684MB hwm=4684MB
RSS_SAMPLE t=1334.8s rss=4684MB hwm=4684MB
RSS_SAMPLE t=1335.1s rss=4684MB hwm=4684MB
RSS_SAMPLE t=1335.3s rss=4684MB hwm=4684MB
RSS_SAMPLE t=1335.6s rss=4684MB hwm=4684MB
RSS_SAMPLE t=1335.8s rss=4684MB hwm=4684MB
RSS_SAMPLE t=1336.1s rss=4684MB hwm=4684MB
RSS_SAMPLE t=1336.3s rss=4684MB hwm=4684MB
RSS_SAMPLE t=1336.6s rss=4684MB hwm=4684MB
RSS_SAMPLE t=1336.8s rss=4684MB hwm=4684MB
RSS_SAMPLE t=1337.1s rss=4684MB hwm=4684MB
RSS_SAMPLE t=1337.3s rss=4684MB hwm=4684MB
RSS_SAMPLE t=1337.6s rss=4684MB hwm=4684MB
RSS_SAMPLE t=1337.8s rss=4684MB hwm=4684MB
RSS_SAMPLE t=1338.1s rss=4684MB hwm=4684MB
RSS_SAMPLE t=1338.3s rss=4684MB hwm=4684MB
RSS_SAMPLE t=1338.6s rss=4684MB hwm=4684MB
RSS_SAMPLE t=1338.8s rss=4684MB hwm=4684MB
RSS_SAMPLE t=1339.1s rss=4684MB hwm=4684MB
RSS_SAMPLE t=1339.3s rss=4684MB hwm=4684MB
RSS_SAMPLE t=1339.6s rss=4684MB hwm=4684MB
RSS_SAMPLE t=1339.8s rss=4684MB hwm=4684MB
RSS_SAMPLE t=1340.1s rss=4684MB hwm=4684MB
RSS_SAMPLE t=1340.3s rss=4684MB hwm=4684MB
RSS_SAMPLE t=1340.6s rss=4684MB hwm=4684MB
RSS_SAMPLE t=1340.8s rss=4684MB hwm=4684MB
RSS_SAMPLE t=1341.1s rss=4684MB hwm=4684MB
RSS_SAMPLE t=1341.3s rss=4684MB hwm=4684MB
RSS_SAMPLE t=1341.6s rss=4684MB hwm=4684MB
RSS_SAMPLE t=1341.8s rss=4684MB hwm=4684MB
RSS_SAMPLE t=1342.1s rss=4684MB hwm=4684MB
RSS_SAMPLE t=1342.3s rss=4684MB hwm=4684MB
RSS_SAMPLE t=1342.6s rss=4684MB hwm=4684MB
RSS_SAMPLE t=1342.8s rss=4684MB hwm=4684MB
RSS_SAMPLE t=1343.1s rss=4684MB hwm=4684MB
RSS_SAMPLE t=1343.3s rss=4684MB hwm=4684MB
RSS_SAMPLE t=1343.6s rss=4684MB hwm=4684MB
RSS_SAMPLE t=1343.8s rss=4684MB hwm=4684MB
RSS_SAMPLE t=1344.1s rss=4684MB hwm=4684MB
RSS_SAMPLE t=1344.3s rss=4685MB hwm=4685MB
RSS_SAMPLE t=1344.6s rss=4685MB hwm=4685MB
RSS_SAMPLE t=1344.8s rss=4685MB hwm=4685MB
RSS_SAMPLE t=1345.1s rss=4685MB hwm=4685MB
RSS_SAMPLE t=1345.3s rss=4685MB hwm=4685MB
RSS_SAMPLE t=1345.6s rss=4685MB hwm=4685MB
RSS_SAMPLE t=1345.8s rss=4685MB hwm=4685MB
RSS_SAMPLE t=1346.1s rss=4685MB hwm=4685MB
RSS_SAMPLE t=1346.3s rss=4685MB hwm=4685MB
RSS_SAMPLE t=1346.6s rss=4685MB hwm=4685MB
RSS_SAMPLE t=1346.8s rss=4685MB hwm=4685MB
RSS_SAMPLE t=1347.1s rss=4685MB hwm=4685MB
RSS_SAMPLE t=1347.3s rss=4685MB hwm=4685MB
RSS_SAMPLE t=1347.6s rss=4685MB hwm=4685MB
RSS_SAMPLE t=1347.8s rss=4685MB hwm=4685MB
RSS_SAMPLE t=1348.1s rss=4685MB hwm=4685MB
RSS_SAMPLE t=1348.3s rss=4685MB hwm=4685MB
RSS_SAMPLE t=1348.6s rss=4685MB hwm=4685MB
RSS_SAMPLE t=1348.8s rss=4685MB hwm=4685MB
RSS_SAMPLE t=1349.1s rss=4685MB hwm=4685MB
RSS_SAMPLE t=1349.3s rss=4685MB hwm=4685MB
RSS_SAMPLE t=1349.6s rss=4685MB hwm=4685MB
RSS_SAMPLE t=1349.8s rss=4685MB hwm=4685MB
RSS_SAMPLE t=1350.1s rss=4685MB hwm=4685MB
RSS_SAMPLE t=1350.3s rss=4685MB hwm=4685MB
RSS_SAMPLE t=1350.6s rss=4685MB hwm=4685MB
RSS_SAMPLE t=1350.8s rss=4685MB hwm=4685MB
RSS_SAMPLE t=1351.1s rss=4685MB hwm=4685MB
RSS_SAMPLE t=1351.3s rss=4685MB hwm=4685MB
RSS_SAMPLE t=1351.6s rss=4685MB hwm=4685MB
RSS_SAMPLE t=1351.8s rss=4685MB hwm=4685MB
RSS_SAMPLE t=1352.1s rss=4685MB hwm=4685MB
RSS_SAMPLE t=1352.3s rss=4685MB hwm=4685MB
RSS_SAMPLE t=1352.6s rss=4685MB hwm=4685MB
RSS_SAMPLE t=1352.8s rss=4685MB hwm=4685MB
RSS_SAMPLE t=1353.1s rss=4685MB hwm=4685MB
RSS_SAMPLE t=1353.3s rss=4685MB hwm=4685MB
RSS_SAMPLE t=1353.6s rss=4685MB hwm=4685MB
RSS_SAMPLE t=1353.8s rss=4685MB hwm=4685MB
RSS_SAMPLE t=1354.1s rss=4685MB hwm=4685MB
RSS_SAMPLE t=1354.3s rss=4685MB hwm=4685MB
RSS_SAMPLE t=1354.6s rss=4685MB hwm=4685MB
RSS_SAMPLE t=1354.8s rss=4685MB hwm=4685MB
RSS_SAMPLE t=1355.1s rss=4685MB hwm=4685MB
RSS_SAMPLE t=1355.3s rss=4685MB hwm=4685MB
RSS_SAMPLE t=1355.6s rss=4685MB hwm=4685MB
RSS_SAMPLE t=1355.8s rss=4685MB hwm=4685MB
RSS_SAMPLE t=1356.1s rss=4685MB hwm=4685MB
RSS_SAMPLE t=1356.3s rss=4685MB hwm=4685MB
RSS_SAMPLE t=1356.6s rss=4685MB hwm=4685MB
RSS_SAMPLE t=1356.8s rss=4685MB hwm=4685MB
RSS_SAMPLE t=1357.1s rss=4685MB hwm=4685MB
RSS_SAMPLE t=1357.3s rss=4685MB hwm=4685MB
RSS_SAMPLE t=1357.6s rss=4685MB hwm=4685MB
RSS_SAMPLE t=1357.8s rss=4685MB hwm=4685MB
RSS_SAMPLE t=1358.1s rss=4685MB hwm=4685MB
RSS_SAMPLE t=1358.3s rss=4685MB hwm=4685MB
RSS_SAMPLE t=1358.6s rss=4685MB hwm=4685MB
RSS_SAMPLE t=1358.8s rss=4685MB hwm=4685MB
RSS_SAMPLE t=1359.1s rss=4685MB hwm=4685MB
RSS_SAMPLE t=1359.3s rss=4685MB hwm=4685MB
RSS_SAMPLE t=1359.6s rss=4685MB hwm=4685MB
RSS_SAMPLE t=1359.8s rss=4685MB hwm=4685MB
RSS_SAMPLE t=1360.1s rss=4685MB hwm=4685MB
RSS_SAMPLE t=1360.3s rss=4685MB hwm=4685MB
RSS_SAMPLE t=1360.6s rss=4685MB hwm=4685MB
RSS_SAMPLE t=1360.8s rss=4685MB hwm=4685MB
RSS_SAMPLE t=1361.1s rss=4685MB hwm=4685MB
RSS_SAMPLE t=1361.3s rss=4685MB hwm=4685MB
RSS_SAMPLE t=1361.6s rss=4685MB hwm=4685MB
RSS_SAMPLE t=1361.8s rss=4685MB hwm=4685MB
RSS_SAMPLE t=1362.1s rss=4685MB hwm=4685MB
RSS_SAMPLE t=1362.3s rss=4685MB hwm=4685MB
RSS_SAMPLE t=1362.6s rss=4685MB hwm=4685MB
RSS_SAMPLE t=1362.8s rss=4685MB hwm=4685MB
RSS_SAMPLE t=1363.1s rss=4685MB hwm=4685MB
RSS_SAMPLE t=1363.3s rss=4685MB hwm=4685MB
MEM_POOL: workspaces=32 dense_usage_mb=1251 n_pipes=2562403
    post_solve_diag[outer=13]: solves=105117 cap_armed=105117 (100.0%) settle_avg=4947 above_sink_avg=164 (3.3%) settle_max=69353
    load_support[outer=13]: settle_avg=4947 load_nz_avg=4175 (84.4%) load_material_avg=3390 (68.5%)
    prune_ceiling[outer=13]: settle_avg=4947 heuristic_prunable_avg=388 (7.8%) vs oracle_zero_load=15.6%
    settle_hist[outer=13]: <100: 27545nets/0.1%work  <1k: 25614nets/1.8%work  <5k: 24634nets/12.4%work  <20k: 19639nets/39.4%work  <60k: 7570nets/44.8%work  >=60k: 115nets/1.4%work
    fanout_hist[outer=13]: fan1: 43710nets/13.2%work  fan2-4: 48279nets/50.2%work  fan5-16: 12974nets/35.6%work  fan17-64: 154nets/1.0%work  fan65-256: 0nets/0.0%work  fan>256: 0nets/0.0%work
    rss_probe[outer=13]: pre_post_solve=4679MB post_post_solve=4685MB after_apply=4685MB
    E_decomp: base=5995226.6 eff=45993917.5 cong=39998690.8 cong_share=87.0% sat_pipes=134941 max_util=1155.42  R_buckets: 1-2x=112733 2-10x=2089718 10-100x=354849 >=100x=5103
    E_potential: beckmann=15804733619358.9 history_total=0.0
    SpanCache: epoch=14 entries=1882 lookups=2562403 hits=2560521 misses=1882 hit_rate=99.9%
  DCD  13: nets=105117 line=11257487 energy=4621304.129 dE=+1290958.777 friction=4939678.2 bins=2.0x(213) excess=72.9 moved=67689 disp=4.281 solves=105117 skip=105117 pops=520057909 theta=1.941 refresh=62106ms dcd=6912ms total=71533ms
    cache_stats: entries=59046601 capacity=124929838 est_mb=1077 rss_mb=4685
RSS_SAMPLE t=1363.6s rss=4685MB hwm=4685MB
RSS_SAMPLE t=1363.8s rss=4685MB hwm=4685MB
RSS_SAMPLE t=1364.1s rss=4685MB hwm=4685MB
RSS_SAMPLE t=1364.3s rss=4685MB hwm=4685MB
RSS_SAMPLE t=1364.6s rss=4685MB hwm=4685MB
RSS_SAMPLE t=1364.8s rss=4685MB hwm=4685MB
RSS_SAMPLE t=1365.1s rss=4685MB hwm=4685MB
RSS_SAMPLE t=1365.3s rss=4685MB hwm=4685MB
RSS_SAMPLE t=1365.6s rss=4685MB hwm=4685MB
RSS_SAMPLE t=1365.8s rss=4685MB hwm=4685MB
    SwitchMatrix: type_usage_pairs=553 lookups=1625 hits=1072 dijkstra_calls=553 avg_us=10.9 total_ms=6.0
PHASE_MARK outer=14 enter=pre_solve rss=4685MB
    rss_probe[outer=14]: pre_refresh_rss=4685MB post_pre_solve_rss=4685MB cache_entries=59046601 cache_cap=124929838 cache_est_mb=1077
    pre_solve_diag[outer=14]: solves=0 fallback=0 (0.0%) cap_armed=0 (0.0%) settle_avg=0 settle_max=0 init_count=245
    Overflow: over=116205 (4.5% of used) avg_excess=2.97 max_excess=2515.19 (nc=2539.19 cap=24 span=1)  excess_buckets: <=1=55298 1-5=44192 5-20=14783 >20=1932  by_cap: cap1=44085 cap2=70883 cap3-5=1 cap>5=1236  by_span: s1=485 s2-3=603 s4-6=1188 s7-12=69433 s>12=44496  le1_cross: cap1=38147 cap2-5=17002 cap>5=149
    Congestion: pipes=2562403 used=2562403 congested(>50%)=315358 saturated(>90%)=134941 max_util=1155.42 avg_util=0.2938
PHASE_MARK outer=14 enter=dcd_sweep rss=4685MB
RSS_SAMPLE t=1366.1s rss=4685MB hwm=4685MB
RSS_SAMPLE t=1366.3s rss=4685MB hwm=4685MB
RSS_SAMPLE t=1366.6s rss=4685MB hwm=4685MB
RSS_SAMPLE t=1366.8s rss=4685MB hwm=4685MB
RSS_SAMPLE t=1367.1s rss=4685MB hwm=4685MB
RSS_SAMPLE t=1367.3s rss=4685MB hwm=4685MB
RSS_SAMPLE t=1367.6s rss=4685MB hwm=4685MB
RSS_SAMPLE t=1367.8s rss=4685MB hwm=4685MB
RSS_SAMPLE t=1368.1s rss=4685MB hwm=4685MB
RSS_SAMPLE t=1368.3s rss=4685MB hwm=4685MB
RSS_SAMPLE t=1368.6s rss=4685MB hwm=4685MB
RSS_SAMPLE t=1368.8s rss=4685MB hwm=4685MB
RSS_SAMPLE t=1369.1s rss=4685MB hwm=4685MB
RSS_SAMPLE t=1369.3s rss=4685MB hwm=4685MB
RSS_SAMPLE t=1369.6s rss=4685MB hwm=4685MB
RSS_SAMPLE t=1369.8s rss=4685MB hwm=4685MB
RSS_SAMPLE t=1370.1s rss=4685MB hwm=4685MB
RSS_SAMPLE t=1370.3s rss=4685MB hwm=4685MB
RSS_SAMPLE t=1370.6s rss=4685MB hwm=4685MB
RSS_SAMPLE t=1370.8s rss=4685MB hwm=4685MB
RSS_SAMPLE t=1371.1s rss=4685MB hwm=4685MB
RSS_SAMPLE t=1371.3s rss=4685MB hwm=4685MB
RSS_SAMPLE t=1371.6s rss=4685MB hwm=4685MB
RSS_SAMPLE t=1371.8s rss=4685MB hwm=4685MB
RSS_SAMPLE t=1372.1s rss=4685MB hwm=4685MB
RSS_SAMPLE t=1372.3s rss=4685MB hwm=4685MB
PHASE_MARK outer=14 leave=dcd_sweep rss=4685MB
PHASE_MARK outer=14 enter=post_refresh rss=4685MB
RSS_SAMPLE t=1372.6s rss=4685MB hwm=4685MB
RSS_SAMPLE t=1372.8s rss=4685MB hwm=4685MB
RSS_SAMPLE t=1373.1s rss=4685MB hwm=4685MB
RSS_SAMPLE t=1373.3s rss=4685MB hwm=4685MB
RSS_SAMPLE t=1373.6s rss=4685MB hwm=4685MB
RSS_SAMPLE t=1373.8s rss=4685MB hwm=4685MB
RSS_SAMPLE t=1374.1s rss=4685MB hwm=4685MB
RSS_SAMPLE t=1374.3s rss=4685MB hwm=4685MB
RSS_SAMPLE t=1374.6s rss=4685MB hwm=4685MB
RSS_SAMPLE t=1374.8s rss=4685MB hwm=4685MB
RSS_SAMPLE t=1375.1s rss=4685MB hwm=4685MB
RSS_SAMPLE t=1375.3s rss=4685MB hwm=4685MB
RSS_SAMPLE t=1375.6s rss=4685MB hwm=4685MB
RSS_SAMPLE t=1375.8s rss=4685MB hwm=4685MB
RSS_SAMPLE t=1376.1s rss=4685MB hwm=4685MB
RSS_SAMPLE t=1376.3s rss=4685MB hwm=4685MB
RSS_SAMPLE t=1376.6s rss=4685MB hwm=4685MB
RSS_SAMPLE t=1376.8s rss=4685MB hwm=4685MB
RSS_SAMPLE t=1377.1s rss=4685MB hwm=4685MB
RSS_SAMPLE t=1377.3s rss=4685MB hwm=4685MB
RSS_SAMPLE t=1377.6s rss=4685MB hwm=4685MB
RSS_SAMPLE t=1377.8s rss=4685MB hwm=4685MB
RSS_SAMPLE t=1378.1s rss=4685MB hwm=4685MB
RSS_SAMPLE t=1378.3s rss=4685MB hwm=4685MB
RSS_SAMPLE t=1378.6s rss=4685MB hwm=4685MB
RSS_SAMPLE t=1378.8s rss=4685MB hwm=4685MB
RSS_SAMPLE t=1379.1s rss=4686MB hwm=4686MB
RSS_SAMPLE t=1379.3s rss=4686MB hwm=4686MB
RSS_SAMPLE t=1379.6s rss=4686MB hwm=4686MB
RSS_SAMPLE t=1379.8s rss=4686MB hwm=4686MB
RSS_SAMPLE t=1380.1s rss=4686MB hwm=4686MB
RSS_SAMPLE t=1380.4s rss=4686MB hwm=4686MB
RSS_SAMPLE t=1380.6s rss=4686MB hwm=4686MB
RSS_SAMPLE t=1380.9s rss=4686MB hwm=4686MB
RSS_SAMPLE t=1381.1s rss=4686MB hwm=4686MB
RSS_SAMPLE t=1381.4s rss=4686MB hwm=4686MB
RSS_SAMPLE t=1381.6s rss=4686MB hwm=4686MB
RSS_SAMPLE t=1381.9s rss=4686MB hwm=4686MB
RSS_SAMPLE t=1382.1s rss=4686MB hwm=4686MB
RSS_SAMPLE t=1382.4s rss=4686MB hwm=4686MB
RSS_SAMPLE t=1382.6s rss=4686MB hwm=4686MB
RSS_SAMPLE t=1382.9s rss=4686MB hwm=4686MB
RSS_SAMPLE t=1383.1s rss=4686MB hwm=4686MB
RSS_SAMPLE t=1383.4s rss=4686MB hwm=4686MB
RSS_SAMPLE t=1383.6s rss=4686MB hwm=4686MB
RSS_SAMPLE t=1383.9s rss=4686MB hwm=4686MB
RSS_SAMPLE t=1384.1s rss=4686MB hwm=4686MB
RSS_SAMPLE t=1384.4s rss=4686MB hwm=4686MB
RSS_SAMPLE t=1384.6s rss=4686MB hwm=4686MB
RSS_SAMPLE t=1384.9s rss=4686MB hwm=4686MB
RSS_SAMPLE t=1385.1s rss=4686MB hwm=4686MB
RSS_SAMPLE t=1385.4s rss=4686MB hwm=4686MB
RSS_SAMPLE t=1385.6s rss=4686MB hwm=4686MB
RSS_SAMPLE t=1385.9s rss=4686MB hwm=4686MB
RSS_SAMPLE t=1386.1s rss=4686MB hwm=4686MB
RSS_SAMPLE t=1386.4s rss=4686MB hwm=4686MB
RSS_SAMPLE t=1386.6s rss=4686MB hwm=4686MB
RSS_SAMPLE t=1386.9s rss=4686MB hwm=4686MB
RSS_SAMPLE t=1387.1s rss=4686MB hwm=4686MB
RSS_SAMPLE t=1387.4s rss=4686MB hwm=4686MB
RSS_SAMPLE t=1387.6s rss=4686MB hwm=4686MB
RSS_SAMPLE t=1387.9s rss=4686MB hwm=4686MB
RSS_SAMPLE t=1388.1s rss=4686MB hwm=4686MB
RSS_SAMPLE t=1388.4s rss=4686MB hwm=4686MB
RSS_SAMPLE t=1388.6s rss=4686MB hwm=4686MB
RSS_SAMPLE t=1388.9s rss=4686MB hwm=4686MB
RSS_SAMPLE t=1389.1s rss=4686MB hwm=4686MB
RSS_SAMPLE t=1389.4s rss=4686MB hwm=4686MB
RSS_SAMPLE t=1389.6s rss=4686MB hwm=4686MB
RSS_SAMPLE t=1389.9s rss=4686MB hwm=4686MB
RSS_SAMPLE t=1390.1s rss=4686MB hwm=4686MB
RSS_SAMPLE t=1390.4s rss=4686MB hwm=4686MB
RSS_SAMPLE t=1390.6s rss=4686MB hwm=4686MB
RSS_SAMPLE t=1390.9s rss=4686MB hwm=4686MB
RSS_SAMPLE t=1391.1s rss=4686MB hwm=4686MB
RSS_SAMPLE t=1391.4s rss=4686MB hwm=4686MB
RSS_SAMPLE t=1391.6s rss=4686MB hwm=4686MB
RSS_SAMPLE t=1391.9s rss=4686MB hwm=4686MB
RSS_SAMPLE t=1392.1s rss=4686MB hwm=4686MB
RSS_SAMPLE t=1392.4s rss=4686MB hwm=4686MB
RSS_SAMPLE t=1392.6s rss=4686MB hwm=4686MB
RSS_SAMPLE t=1392.9s rss=4686MB hwm=4686MB
RSS_SAMPLE t=1393.1s rss=4686MB hwm=4686MB
RSS_SAMPLE t=1393.4s rss=4686MB hwm=4686MB
RSS_SAMPLE t=1393.6s rss=4686MB hwm=4686MB
RSS_SAMPLE t=1393.9s rss=4686MB hwm=4686MB
RSS_SAMPLE t=1394.1s rss=4686MB hwm=4686MB
RSS_SAMPLE t=1394.4s rss=4686MB hwm=4686MB
RSS_SAMPLE t=1394.6s rss=4686MB hwm=4686MB
RSS_SAMPLE t=1394.9s rss=4686MB hwm=4686MB
RSS_SAMPLE t=1395.1s rss=4686MB hwm=4686MB
RSS_SAMPLE t=1395.4s rss=4686MB hwm=4686MB
RSS_SAMPLE t=1395.6s rss=4686MB hwm=4686MB
RSS_SAMPLE t=1395.9s rss=4686MB hwm=4686MB
RSS_SAMPLE t=1396.1s rss=4686MB hwm=4686MB
RSS_SAMPLE t=1396.4s rss=4686MB hwm=4686MB
RSS_SAMPLE t=1396.6s rss=4686MB hwm=4686MB
RSS_SAMPLE t=1396.9s rss=4686MB hwm=4686MB
RSS_SAMPLE t=1397.1s rss=4686MB hwm=4686MB
RSS_SAMPLE t=1397.4s rss=4686MB hwm=4686MB
RSS_SAMPLE t=1397.6s rss=4686MB hwm=4686MB
RSS_SAMPLE t=1397.9s rss=4686MB hwm=4686MB
RSS_SAMPLE t=1398.1s rss=4686MB hwm=4686MB
RSS_SAMPLE t=1398.4s rss=4686MB hwm=4686MB
RSS_SAMPLE t=1398.6s rss=4686MB hwm=4686MB
RSS_SAMPLE t=1398.9s rss=4686MB hwm=4686MB
RSS_SAMPLE t=1399.1s rss=4686MB hwm=4686MB
RSS_SAMPLE t=1399.4s rss=4686MB hwm=4686MB
RSS_SAMPLE t=1399.6s rss=4686MB hwm=4686MB
RSS_SAMPLE t=1399.9s rss=4686MB hwm=4686MB
RSS_SAMPLE t=1400.1s rss=4686MB hwm=4686MB
RSS_SAMPLE t=1400.4s rss=4686MB hwm=4686MB
RSS_SAMPLE t=1400.6s rss=4686MB hwm=4686MB
RSS_SAMPLE t=1400.9s rss=4686MB hwm=4686MB
RSS_SAMPLE t=1401.1s rss=4686MB hwm=4686MB
RSS_SAMPLE t=1401.4s rss=4686MB hwm=4686MB
RSS_SAMPLE t=1401.6s rss=4686MB hwm=4686MB
RSS_SAMPLE t=1401.9s rss=4686MB hwm=4686MB
RSS_SAMPLE t=1402.1s rss=4686MB hwm=4686MB
RSS_SAMPLE t=1402.4s rss=4686MB hwm=4686MB
RSS_SAMPLE t=1402.6s rss=4686MB hwm=4686MB
RSS_SAMPLE t=1402.9s rss=4686MB hwm=4686MB
RSS_SAMPLE t=1403.1s rss=4686MB hwm=4686MB
RSS_SAMPLE t=1403.4s rss=4686MB hwm=4686MB
RSS_SAMPLE t=1403.6s rss=4686MB hwm=4686MB
RSS_SAMPLE t=1403.9s rss=4686MB hwm=4686MB
RSS_SAMPLE t=1404.1s rss=4686MB hwm=4686MB
RSS_SAMPLE t=1404.4s rss=4686MB hwm=4686MB
RSS_SAMPLE t=1404.6s rss=4686MB hwm=4686MB
RSS_SAMPLE t=1404.9s rss=4686MB hwm=4686MB
RSS_SAMPLE t=1405.1s rss=4686MB hwm=4686MB
RSS_SAMPLE t=1405.4s rss=4686MB hwm=4686MB
RSS_SAMPLE t=1405.6s rss=4686MB hwm=4686MB
RSS_SAMPLE t=1405.9s rss=4686MB hwm=4686MB
RSS_SAMPLE t=1406.1s rss=4686MB hwm=4686MB
RSS_SAMPLE t=1406.4s rss=4686MB hwm=4686MB
RSS_SAMPLE t=1406.6s rss=4686MB hwm=4686MB
RSS_SAMPLE t=1406.9s rss=4686MB hwm=4686MB
RSS_SAMPLE t=1407.1s rss=4686MB hwm=4686MB
RSS_SAMPLE t=1407.4s rss=4686MB hwm=4686MB
RSS_SAMPLE t=1407.6s rss=4686MB hwm=4686MB
RSS_SAMPLE t=1407.9s rss=4686MB hwm=4686MB
RSS_SAMPLE t=1408.1s rss=4686MB hwm=4686MB
RSS_SAMPLE t=1408.4s rss=4686MB hwm=4686MB
RSS_SAMPLE t=1408.6s rss=4686MB hwm=4686MB
RSS_SAMPLE t=1408.9s rss=4686MB hwm=4686MB
RSS_SAMPLE t=1409.1s rss=4686MB hwm=4686MB
RSS_SAMPLE t=1409.4s rss=4686MB hwm=4686MB
RSS_SAMPLE t=1409.6s rss=4686MB hwm=4686MB
RSS_SAMPLE t=1409.9s rss=4686MB hwm=4686MB
RSS_SAMPLE t=1410.1s rss=4686MB hwm=4686MB
RSS_SAMPLE t=1410.4s rss=4686MB hwm=4686MB
RSS_SAMPLE t=1410.6s rss=4686MB hwm=4686MB
RSS_SAMPLE t=1410.9s rss=4686MB hwm=4686MB
RSS_SAMPLE t=1411.1s rss=4686MB hwm=4686MB
RSS_SAMPLE t=1411.4s rss=4686MB hwm=4686MB
RSS_SAMPLE t=1411.6s rss=4686MB hwm=4686MB
RSS_SAMPLE t=1411.9s rss=4686MB hwm=4686MB
RSS_SAMPLE t=1412.1s rss=4686MB hwm=4686MB
RSS_SAMPLE t=1412.4s rss=4686MB hwm=4686MB
RSS_SAMPLE t=1412.6s rss=4686MB hwm=4686MB
RSS_SAMPLE t=1412.9s rss=4686MB hwm=4686MB
RSS_SAMPLE t=1413.1s rss=4686MB hwm=4686MB
RSS_SAMPLE t=1413.4s rss=4686MB hwm=4686MB
RSS_SAMPLE t=1413.6s rss=4686MB hwm=4686MB
RSS_SAMPLE t=1413.9s rss=4686MB hwm=4686MB
RSS_SAMPLE t=1414.1s rss=4686MB hwm=4686MB
RSS_SAMPLE t=1414.4s rss=4686MB hwm=4686MB
RSS_SAMPLE t=1414.6s rss=4686MB hwm=4686MB
RSS_SAMPLE t=1414.9s rss=4686MB hwm=4686MB
RSS_SAMPLE t=1415.1s rss=4686MB hwm=4686MB
RSS_SAMPLE t=1415.4s rss=4686MB hwm=4686MB
RSS_SAMPLE t=1415.6s rss=4686MB hwm=4686MB
RSS_SAMPLE t=1415.9s rss=4686MB hwm=4686MB
RSS_SAMPLE t=1416.1s rss=4686MB hwm=4686MB
RSS_SAMPLE t=1416.4s rss=4686MB hwm=4686MB
RSS_SAMPLE t=1416.6s rss=4686MB hwm=4686MB
RSS_SAMPLE t=1416.9s rss=4686MB hwm=4686MB
RSS_SAMPLE t=1417.1s rss=4686MB hwm=4686MB
RSS_SAMPLE t=1417.4s rss=4686MB hwm=4686MB
RSS_SAMPLE t=1417.6s rss=4686MB hwm=4686MB
RSS_SAMPLE t=1417.9s rss=4686MB hwm=4686MB
RSS_SAMPLE t=1418.1s rss=4686MB hwm=4686MB
RSS_SAMPLE t=1418.4s rss=4686MB hwm=4686MB
RSS_SAMPLE t=1418.6s rss=4686MB hwm=4686MB
RSS_SAMPLE t=1418.9s rss=4686MB hwm=4686MB
RSS_SAMPLE t=1419.1s rss=4686MB hwm=4686MB
RSS_SAMPLE t=1419.4s rss=4686MB hwm=4686MB
RSS_SAMPLE t=1419.6s rss=4686MB hwm=4686MB
RSS_SAMPLE t=1419.9s rss=4686MB hwm=4686MB
RSS_SAMPLE t=1420.1s rss=4686MB hwm=4686MB
RSS_SAMPLE t=1420.4s rss=4686MB hwm=4686MB
RSS_SAMPLE t=1420.6s rss=4686MB hwm=4686MB
RSS_SAMPLE t=1420.9s rss=4686MB hwm=4686MB
RSS_SAMPLE t=1421.1s rss=4686MB hwm=4686MB
RSS_SAMPLE t=1421.4s rss=4686MB hwm=4686MB
RSS_SAMPLE t=1421.6s rss=4686MB hwm=4686MB
RSS_SAMPLE t=1421.9s rss=4686MB hwm=4686MB
RSS_SAMPLE t=1422.1s rss=4686MB hwm=4686MB
RSS_SAMPLE t=1422.4s rss=4686MB hwm=4686MB
RSS_SAMPLE t=1422.6s rss=4686MB hwm=4686MB
RSS_SAMPLE t=1422.9s rss=4686MB hwm=4686MB
RSS_SAMPLE t=1423.1s rss=4686MB hwm=4686MB
RSS_SAMPLE t=1423.4s rss=4686MB hwm=4686MB
RSS_SAMPLE t=1423.6s rss=4686MB hwm=4686MB
RSS_SAMPLE t=1423.9s rss=4686MB hwm=4686MB
RSS_SAMPLE t=1424.1s rss=4686MB hwm=4686MB
RSS_SAMPLE t=1424.4s rss=4686MB hwm=4686MB
RSS_SAMPLE t=1424.6s rss=4686MB hwm=4686MB
RSS_SAMPLE t=1424.9s rss=4686MB hwm=4686MB
RSS_SAMPLE t=1425.1s rss=4686MB hwm=4686MB
RSS_SAMPLE t=1425.4s rss=4686MB hwm=4686MB
RSS_SAMPLE t=1425.6s rss=4686MB hwm=4686MB
RSS_SAMPLE t=1425.9s rss=4686MB hwm=4686MB
RSS_SAMPLE t=1426.1s rss=4686MB hwm=4686MB
RSS_SAMPLE t=1426.4s rss=4686MB hwm=4686MB
RSS_SAMPLE t=1426.6s rss=4686MB hwm=4686MB
RSS_SAMPLE t=1426.9s rss=4686MB hwm=4686MB
RSS_SAMPLE t=1427.1s rss=4686MB hwm=4686MB
RSS_SAMPLE t=1427.4s rss=4686MB hwm=4686MB
RSS_SAMPLE t=1427.6s rss=4686MB hwm=4686MB
RSS_SAMPLE t=1427.9s rss=4686MB hwm=4686MB
RSS_SAMPLE t=1428.1s rss=4686MB hwm=4686MB
RSS_SAMPLE t=1428.4s rss=4686MB hwm=4686MB
RSS_SAMPLE t=1428.6s rss=4686MB hwm=4686MB
RSS_SAMPLE t=1428.9s rss=4686MB hwm=4686MB
RSS_SAMPLE t=1429.1s rss=4686MB hwm=4686MB
RSS_SAMPLE t=1429.4s rss=4686MB hwm=4686MB
RSS_SAMPLE t=1429.6s rss=4686MB hwm=4686MB
RSS_SAMPLE t=1429.9s rss=4686MB hwm=4686MB
RSS_SAMPLE t=1430.1s rss=4686MB hwm=4686MB
RSS_SAMPLE t=1430.4s rss=4686MB hwm=4686MB
RSS_SAMPLE t=1430.6s rss=4686MB hwm=4686MB
RSS_SAMPLE t=1430.9s rss=4686MB hwm=4686MB
RSS_SAMPLE t=1431.1s rss=4686MB hwm=4686MB
RSS_SAMPLE t=1431.4s rss=4686MB hwm=4686MB
RSS_SAMPLE t=1431.6s rss=4686MB hwm=4686MB
RSS_SAMPLE t=1431.9s rss=4686MB hwm=4686MB
RSS_SAMPLE t=1432.1s rss=4686MB hwm=4686MB
RSS_SAMPLE t=1432.4s rss=4686MB hwm=4686MB
RSS_SAMPLE t=1432.6s rss=4686MB hwm=4686MB
RSS_SAMPLE t=1432.9s rss=4686MB hwm=4686MB
MEM_POOL: workspaces=32 dense_usage_mb=1251 n_pipes=2562403
    post_solve_diag[outer=14]: solves=105117 cap_armed=105117 (100.0%) settle_avg=4842 above_sink_avg=195 (4.0%) settle_max=69353
    load_support[outer=14]: settle_avg=4842 load_nz_avg=4136 (85.4%) load_material_avg=3044 (62.9%)
    prune_ceiling[outer=14]: settle_avg=4842 heuristic_prunable_avg=421 (8.7%) vs oracle_zero_load=14.6%
    settle_hist[outer=14]: <100: 27863nets/0.1%work  <1k: 25402nets/1.9%work  <5k: 24684nets/12.8%work  <20k: 19885nets/40.6%work  <60k: 7178nets/43.3%work  >=60k: 105nets/1.3%work
    fanout_hist[outer=14]: fan1: 43710nets/13.4%work  fan2-4: 48279nets/50.1%work  fan5-16: 12974nets/35.5%work  fan17-64: 154nets/1.0%work  fan65-256: 0nets/0.0%work  fan>256: 0nets/0.0%work
    rss_probe[outer=14]: pre_post_solve=4685MB post_post_solve=4686MB after_apply=4686MB
    E_decomp: base=6413581.6 eff=38602005.9 cong=32188424.3 cong_share=83.4% sat_pipes=128133 max_util=896.50  R_buckets: 1-2x=901554 2-10x=1471791 10-100x=184117 >=100x=4941
    E_potential: beckmann=31368614250704.3 history_total=0.0
    SpanCache: epoch=15 entries=1625 lookups=2562403 hits=2560778 misses=1625 hit_rate=99.9%
  DCD  14: nets=105117 line=11000285 energy=3830111.172 dE=-791192.957 friction=3279591.8 bins=2.0x(151) excess=42.2 moved=67688 disp=4.146 solves=105117 skip=105117 pops=508944123 theta=2.273 refresh=60468ms dcd=6625ms total=69575ms
    cache_stats: entries=59309207 capacity=125898013 est_mb=1085 rss_mb=4686
RSS_SAMPLE t=1433.1s rss=4686MB hwm=4686MB
RSS_SAMPLE t=1433.4s rss=4686MB hwm=4686MB
RSS_SAMPLE t=1433.6s rss=4686MB hwm=4686MB
RSS_SAMPLE t=1433.9s rss=4686MB hwm=4686MB
RSS_SAMPLE t=1434.1s rss=4686MB hwm=4686MB
RSS_SAMPLE t=1434.4s rss=4686MB hwm=4686MB
RSS_SAMPLE t=1434.6s rss=4686MB hwm=4686MB
RSS_SAMPLE t=1434.9s rss=4686MB hwm=4686MB
RSS_SAMPLE t=1435.1s rss=4686MB hwm=4686MB
RSS_SAMPLE t=1435.4s rss=4686MB hwm=4686MB
    SwitchMatrix: type_usage_pairs=497 lookups=1484 hits=987 dijkstra_calls=497 avg_us=11.7 total_ms=5.8
PHASE_MARK outer=15 enter=pre_solve rss=4686MB
    rss_probe[outer=15]: pre_refresh_rss=4686MB post_pre_solve_rss=4686MB cache_entries=59309207 cache_cap=125898013 cache_est_mb=1085
    pre_solve_diag[outer=15]: solves=0 fallback=0 (0.0%) cap_armed=0 (0.0%) settle_avg=0 settle_max=0 init_count=233
    Overflow: over=106015 (4.1% of used) avg_excess=2.57 max_excess=3101.27 (nc=3125.27 cap=24 span=1)  excess_buckets: <=1=49790 1-5=43193 5-20=12215 >20=817  by_cap: cap1=36765 cap2=68043 cap3-5=14 cap>5=1193  by_span: s1=466 s2-3=482 s4-6=1172 s7-12=66948 s>12=36947  le1_cross: cap1=33969 cap2-5=15628 cap>5=193
    Congestion: pipes=2562403 used=2562403 congested(>50%)=420415 saturated(>90%)=128133 max_util=896.50 avg_util=0.3118
PHASE_MARK outer=15 enter=dcd_sweep rss=4686MB
RSS_SAMPLE t=1435.6s rss=4686MB hwm=4686MB
RSS_SAMPLE t=1435.9s rss=4686MB hwm=4686MB
RSS_SAMPLE t=1436.1s rss=4686MB hwm=4686MB
RSS_SAMPLE t=1436.4s rss=4686MB hwm=4686MB
RSS_SAMPLE t=1436.6s rss=4686MB hwm=4686MB
RSS_SAMPLE t=1436.9s rss=4686MB hwm=4686MB
RSS_SAMPLE t=1437.2s rss=4686MB hwm=4686MB
RSS_SAMPLE t=1437.4s rss=4686MB hwm=4686MB
RSS_SAMPLE t=1437.7s rss=4686MB hwm=4686MB
RSS_SAMPLE t=1437.9s rss=4686MB hwm=4686MB
RSS_SAMPLE t=1438.2s rss=4686MB hwm=4686MB
RSS_SAMPLE t=1438.4s rss=4686MB hwm=4686MB
RSS_SAMPLE t=1438.7s rss=4686MB hwm=4686MB
RSS_SAMPLE t=1438.9s rss=4686MB hwm=4686MB
RSS_SAMPLE t=1439.2s rss=4686MB hwm=4686MB
RSS_SAMPLE t=1439.4s rss=4686MB hwm=4686MB
RSS_SAMPLE t=1439.7s rss=4686MB hwm=4686MB
RSS_SAMPLE t=1439.9s rss=4686MB hwm=4686MB
RSS_SAMPLE t=1440.2s rss=4686MB hwm=4686MB
RSS_SAMPLE t=1440.4s rss=4686MB hwm=4686MB
RSS_SAMPLE t=1440.7s rss=4686MB hwm=4686MB
RSS_SAMPLE t=1440.9s rss=4686MB hwm=4686MB
RSS_SAMPLE t=1441.2s rss=4686MB hwm=4686MB
RSS_SAMPLE t=1441.4s rss=4686MB hwm=4686MB
RSS_SAMPLE t=1441.7s rss=4686MB hwm=4686MB
RSS_SAMPLE t=1441.9s rss=4686MB hwm=4686MB
RSS_SAMPLE t=1442.2s rss=4686MB hwm=4686MB
PHASE_MARK outer=15 leave=dcd_sweep rss=4686MB
PHASE_MARK outer=15 enter=post_refresh rss=4686MB
RSS_SAMPLE t=1442.4s rss=4686MB hwm=4686MB
RSS_SAMPLE t=1442.7s rss=4686MB hwm=4686MB
RSS_SAMPLE t=1442.9s rss=4686MB hwm=4686MB
RSS_SAMPLE t=1443.2s rss=4686MB hwm=4686MB
RSS_SAMPLE t=1443.4s rss=4686MB hwm=4686MB
RSS_SAMPLE t=1443.7s rss=4686MB hwm=4686MB
RSS_SAMPLE t=1443.9s rss=4686MB hwm=4686MB
RSS_SAMPLE t=1444.2s rss=4686MB hwm=4686MB
RSS_SAMPLE t=1444.4s rss=4686MB hwm=4686MB
RSS_SAMPLE t=1444.7s rss=4686MB hwm=4686MB
RSS_SAMPLE t=1444.9s rss=4686MB hwm=4686MB
RSS_SAMPLE t=1445.2s rss=4686MB hwm=4686MB
RSS_SAMPLE t=1445.4s rss=4686MB hwm=4686MB
RSS_SAMPLE t=1445.7s rss=4686MB hwm=4686MB
RSS_SAMPLE t=1445.9s rss=4686MB hwm=4686MB
RSS_SAMPLE t=1446.2s rss=4686MB hwm=4686MB
RSS_SAMPLE t=1446.4s rss=4686MB hwm=4686MB
RSS_SAMPLE t=1446.7s rss=4686MB hwm=4686MB
RSS_SAMPLE t=1446.9s rss=4686MB hwm=4686MB
RSS_SAMPLE t=1447.2s rss=4686MB hwm=4686MB
RSS_SAMPLE t=1447.4s rss=4686MB hwm=4686MB
RSS_SAMPLE t=1447.7s rss=4686MB hwm=4686MB
RSS_SAMPLE t=1447.9s rss=4686MB hwm=4686MB
RSS_SAMPLE t=1448.2s rss=4686MB hwm=4686MB
RSS_SAMPLE t=1448.4s rss=4686MB hwm=4686MB
RSS_SAMPLE t=1448.7s rss=4686MB hwm=4686MB
RSS_SAMPLE t=1448.9s rss=4686MB hwm=4686MB
RSS_SAMPLE t=1449.2s rss=4686MB hwm=4686MB
RSS_SAMPLE t=1449.4s rss=4686MB hwm=4686MB
RSS_SAMPLE t=1449.7s rss=4686MB hwm=4686MB
RSS_SAMPLE t=1449.9s rss=4686MB hwm=4686MB
RSS_SAMPLE t=1450.2s rss=4686MB hwm=4686MB
RSS_SAMPLE t=1450.4s rss=4686MB hwm=4686MB
RSS_SAMPLE t=1450.7s rss=4686MB hwm=4686MB
RSS_SAMPLE t=1450.9s rss=4686MB hwm=4686MB
RSS_SAMPLE t=1451.2s rss=4686MB hwm=4686MB
RSS_SAMPLE t=1451.4s rss=4686MB hwm=4686MB
RSS_SAMPLE t=1451.7s rss=4686MB hwm=4686MB
RSS_SAMPLE t=1451.9s rss=4686MB hwm=4686MB
RSS_SAMPLE t=1452.2s rss=4686MB hwm=4686MB
RSS_SAMPLE t=1452.4s rss=4686MB hwm=4686MB
RSS_SAMPLE t=1452.7s rss=4686MB hwm=4686MB
RSS_SAMPLE t=1452.9s rss=4686MB hwm=4686MB
RSS_SAMPLE t=1453.2s rss=4686MB hwm=4686MB
RSS_SAMPLE t=1453.4s rss=4686MB hwm=4686MB
RSS_SAMPLE t=1453.7s rss=4686MB hwm=4686MB
RSS_SAMPLE t=1453.9s rss=4686MB hwm=4686MB
RSS_SAMPLE t=1454.2s rss=4686MB hwm=4686MB
RSS_SAMPLE t=1454.4s rss=4686MB hwm=4686MB
RSS_SAMPLE t=1454.7s rss=4686MB hwm=4686MB
RSS_SAMPLE t=1454.9s rss=4686MB hwm=4686MB
RSS_SAMPLE t=1455.2s rss=4686MB hwm=4686MB
RSS_SAMPLE t=1455.4s rss=4686MB hwm=4686MB
RSS_SAMPLE t=1455.7s rss=4686MB hwm=4686MB
RSS_SAMPLE t=1455.9s rss=4686MB hwm=4686MB
RSS_SAMPLE t=1456.2s rss=4686MB hwm=4686MB
RSS_SAMPLE t=1456.4s rss=4686MB hwm=4686MB
RSS_SAMPLE t=1456.7s rss=4686MB hwm=4686MB
RSS_SAMPLE t=1456.9s rss=4686MB hwm=4686MB
RSS_SAMPLE t=1457.2s rss=4686MB hwm=4686MB
RSS_SAMPLE t=1457.4s rss=4686MB hwm=4686MB
RSS_SAMPLE t=1457.7s rss=4686MB hwm=4686MB
RSS_SAMPLE t=1457.9s rss=4686MB hwm=4686MB
RSS_SAMPLE t=1458.2s rss=4686MB hwm=4686MB
RSS_SAMPLE t=1458.4s rss=4686MB hwm=4686MB
RSS_SAMPLE t=1458.7s rss=4686MB hwm=4686MB
RSS_SAMPLE t=1458.9s rss=4686MB hwm=4686MB
RSS_SAMPLE t=1459.2s rss=4686MB hwm=4686MB
RSS_SAMPLE t=1459.4s rss=4686MB hwm=4686MB
RSS_SAMPLE t=1459.7s rss=4686MB hwm=4686MB
RSS_SAMPLE t=1459.9s rss=4686MB hwm=4686MB
RSS_SAMPLE t=1460.2s rss=4686MB hwm=4686MB
RSS_SAMPLE t=1460.4s rss=4686MB hwm=4686MB
RSS_SAMPLE t=1460.7s rss=4686MB hwm=4686MB
RSS_SAMPLE t=1460.9s rss=4686MB hwm=4686MB
RSS_SAMPLE t=1461.2s rss=4686MB hwm=4686MB
RSS_SAMPLE t=1461.4s rss=4686MB hwm=4686MB
RSS_SAMPLE t=1461.7s rss=4686MB hwm=4686MB
RSS_SAMPLE t=1461.9s rss=4687MB hwm=4687MB
RSS_SAMPLE t=1462.2s rss=4687MB hwm=4687MB
RSS_SAMPLE t=1462.4s rss=4687MB hwm=4687MB
RSS_SAMPLE t=1462.7s rss=4687MB hwm=4687MB
RSS_SAMPLE t=1462.9s rss=4687MB hwm=4687MB
RSS_SAMPLE t=1463.2s rss=4687MB hwm=4687MB
RSS_SAMPLE t=1463.4s rss=4687MB hwm=4687MB
RSS_SAMPLE t=1463.7s rss=4687MB hwm=4687MB
RSS_SAMPLE t=1463.9s rss=4687MB hwm=4687MB
RSS_SAMPLE t=1464.2s rss=4687MB hwm=4687MB
RSS_SAMPLE t=1464.4s rss=4687MB hwm=4687MB
RSS_SAMPLE t=1464.7s rss=4687MB hwm=4687MB
RSS_SAMPLE t=1464.9s rss=4687MB hwm=4687MB
RSS_SAMPLE t=1465.2s rss=4687MB hwm=4687MB
RSS_SAMPLE t=1465.4s rss=4687MB hwm=4687MB
RSS_SAMPLE t=1465.7s rss=4687MB hwm=4687MB
RSS_SAMPLE t=1465.9s rss=4687MB hwm=4687MB
RSS_SAMPLE t=1466.2s rss=4687MB hwm=4687MB
RSS_SAMPLE t=1466.4s rss=4687MB hwm=4687MB
RSS_SAMPLE t=1466.7s rss=4687MB hwm=4687MB
RSS_SAMPLE t=1466.9s rss=4687MB hwm=4687MB
RSS_SAMPLE t=1467.2s rss=4687MB hwm=4687MB
RSS_SAMPLE t=1467.4s rss=4687MB hwm=4687MB
RSS_SAMPLE t=1467.7s rss=4687MB hwm=4687MB
RSS_SAMPLE t=1467.9s rss=4687MB hwm=4687MB
RSS_SAMPLE t=1468.2s rss=4687MB hwm=4687MB
RSS_SAMPLE t=1468.4s rss=4687MB hwm=4687MB
RSS_SAMPLE t=1468.7s rss=4687MB hwm=4687MB
RSS_SAMPLE t=1468.9s rss=4687MB hwm=4687MB
RSS_SAMPLE t=1469.2s rss=4687MB hwm=4687MB
RSS_SAMPLE t=1469.4s rss=4687MB hwm=4687MB
RSS_SAMPLE t=1469.7s rss=4687MB hwm=4687MB
RSS_SAMPLE t=1469.9s rss=4687MB hwm=4687MB
RSS_SAMPLE t=1470.2s rss=4687MB hwm=4687MB
RSS_SAMPLE t=1470.4s rss=4687MB hwm=4687MB
RSS_SAMPLE t=1470.7s rss=4687MB hwm=4687MB
RSS_SAMPLE t=1470.9s rss=4687MB hwm=4687MB
RSS_SAMPLE t=1471.2s rss=4687MB hwm=4687MB
RSS_SAMPLE t=1471.4s rss=4687MB hwm=4687MB
RSS_SAMPLE t=1471.7s rss=4687MB hwm=4687MB
RSS_SAMPLE t=1471.9s rss=4687MB hwm=4687MB
RSS_SAMPLE t=1472.2s rss=4687MB hwm=4687MB
RSS_SAMPLE t=1472.4s rss=4687MB hwm=4687MB
RSS_SAMPLE t=1472.7s rss=4687MB hwm=4687MB
RSS_SAMPLE t=1472.9s rss=4687MB hwm=4687MB
RSS_SAMPLE t=1473.2s rss=4687MB hwm=4687MB
RSS_SAMPLE t=1473.4s rss=4687MB hwm=4687MB
RSS_SAMPLE t=1473.7s rss=4687MB hwm=4687MB
RSS_SAMPLE t=1473.9s rss=4687MB hwm=4687MB
RSS_SAMPLE t=1474.2s rss=4687MB hwm=4687MB
RSS_SAMPLE t=1474.4s rss=4687MB hwm=4687MB
RSS_SAMPLE t=1474.7s rss=4687MB hwm=4687MB
RSS_SAMPLE t=1474.9s rss=4687MB hwm=4687MB
RSS_SAMPLE t=1475.2s rss=4687MB hwm=4687MB
RSS_SAMPLE t=1475.4s rss=4687MB hwm=4687MB
RSS_SAMPLE t=1475.7s rss=4687MB hwm=4687MB
RSS_SAMPLE t=1475.9s rss=4687MB hwm=4687MB
RSS_SAMPLE t=1476.2s rss=4687MB hwm=4687MB
RSS_SAMPLE t=1476.4s rss=4687MB hwm=4687MB
RSS_SAMPLE t=1476.7s rss=4687MB hwm=4687MB
RSS_SAMPLE t=1476.9s rss=4687MB hwm=4687MB
RSS_SAMPLE t=1477.2s rss=4687MB hwm=4687MB
RSS_SAMPLE t=1477.4s rss=4687MB hwm=4687MB
RSS_SAMPLE t=1477.7s rss=4687MB hwm=4687MB
RSS_SAMPLE t=1477.9s rss=4687MB hwm=4687MB
RSS_SAMPLE t=1478.2s rss=4687MB hwm=4687MB
RSS_SAMPLE t=1478.4s rss=4687MB hwm=4687MB
RSS_SAMPLE t=1478.7s rss=4687MB hwm=4687MB
RSS_SAMPLE t=1478.9s rss=4687MB hwm=4687MB
RSS_SAMPLE t=1479.2s rss=4687MB hwm=4687MB
RSS_SAMPLE t=1479.4s rss=4687MB hwm=4687MB
RSS_SAMPLE t=1479.7s rss=4687MB hwm=4687MB
RSS_SAMPLE t=1479.9s rss=4687MB hwm=4687MB
RSS_SAMPLE t=1480.2s rss=4687MB hwm=4687MB
RSS_SAMPLE t=1480.4s rss=4687MB hwm=4687MB
RSS_SAMPLE t=1480.7s rss=4687MB hwm=4687MB
RSS_SAMPLE t=1480.9s rss=4687MB hwm=4687MB
RSS_SAMPLE t=1481.2s rss=4687MB hwm=4687MB
RSS_SAMPLE t=1481.4s rss=4687MB hwm=4687MB
RSS_SAMPLE t=1481.7s rss=4687MB hwm=4687MB
RSS_SAMPLE t=1481.9s rss=4687MB hwm=4687MB
RSS_SAMPLE t=1482.2s rss=4687MB hwm=4687MB
RSS_SAMPLE t=1482.4s rss=4687MB hwm=4687MB
RSS_SAMPLE t=1482.7s rss=4687MB hwm=4687MB
RSS_SAMPLE t=1482.9s rss=4687MB hwm=4687MB
RSS_SAMPLE t=1483.2s rss=4687MB hwm=4687MB
RSS_SAMPLE t=1483.4s rss=4687MB hwm=4687MB
RSS_SAMPLE t=1483.7s rss=4687MB hwm=4687MB
RSS_SAMPLE t=1483.9s rss=4687MB hwm=4687MB
RSS_SAMPLE t=1484.2s rss=4687MB hwm=4687MB
RSS_SAMPLE t=1484.4s rss=4687MB hwm=4687MB
RSS_SAMPLE t=1484.7s rss=4687MB hwm=4687MB
RSS_SAMPLE t=1484.9s rss=4687MB hwm=4687MB
RSS_SAMPLE t=1485.2s rss=4687MB hwm=4687MB
RSS_SAMPLE t=1485.4s rss=4687MB hwm=4687MB
RSS_SAMPLE t=1485.7s rss=4687MB hwm=4687MB
RSS_SAMPLE t=1485.9s rss=4687MB hwm=4687MB
RSS_SAMPLE t=1486.2s rss=4687MB hwm=4687MB
RSS_SAMPLE t=1486.4s rss=4687MB hwm=4687MB
RSS_SAMPLE t=1486.7s rss=4687MB hwm=4687MB
RSS_SAMPLE t=1486.9s rss=4687MB hwm=4687MB
RSS_SAMPLE t=1487.2s rss=4687MB hwm=4687MB
RSS_SAMPLE t=1487.4s rss=4687MB hwm=4687MB
RSS_SAMPLE t=1487.7s rss=4687MB hwm=4687MB
RSS_SAMPLE t=1487.9s rss=4687MB hwm=4687MB
RSS_SAMPLE t=1488.2s rss=4687MB hwm=4687MB
RSS_SAMPLE t=1488.4s rss=4687MB hwm=4687MB
RSS_SAMPLE t=1488.7s rss=4687MB hwm=4687MB
RSS_SAMPLE t=1488.9s rss=4687MB hwm=4687MB
RSS_SAMPLE t=1489.2s rss=4687MB hwm=4687MB
RSS_SAMPLE t=1489.4s rss=4687MB hwm=4687MB
RSS_SAMPLE t=1489.7s rss=4687MB hwm=4687MB
RSS_SAMPLE t=1489.9s rss=4687MB hwm=4687MB
RSS_SAMPLE t=1490.2s rss=4687MB hwm=4687MB
RSS_SAMPLE t=1490.4s rss=4687MB hwm=4687MB
RSS_SAMPLE t=1490.7s rss=4687MB hwm=4687MB
RSS_SAMPLE t=1490.9s rss=4687MB hwm=4687MB
RSS_SAMPLE t=1491.2s rss=4687MB hwm=4687MB
RSS_SAMPLE t=1491.4s rss=4687MB hwm=4687MB
RSS_SAMPLE t=1491.7s rss=4687MB hwm=4687MB
RSS_SAMPLE t=1491.9s rss=4687MB hwm=4687MB
RSS_SAMPLE t=1492.2s rss=4687MB hwm=4687MB
RSS_SAMPLE t=1492.4s rss=4687MB hwm=4687MB
RSS_SAMPLE t=1492.7s rss=4687MB hwm=4687MB
RSS_SAMPLE t=1493.0s rss=4687MB hwm=4687MB
RSS_SAMPLE t=1493.2s rss=4687MB hwm=4687MB
RSS_SAMPLE t=1493.5s rss=4687MB hwm=4687MB
RSS_SAMPLE t=1493.7s rss=4687MB hwm=4687MB
RSS_SAMPLE t=1494.0s rss=4687MB hwm=4687MB
RSS_SAMPLE t=1494.2s rss=4687MB hwm=4687MB
RSS_SAMPLE t=1494.5s rss=4687MB hwm=4687MB
RSS_SAMPLE t=1494.7s rss=4687MB hwm=4687MB
RSS_SAMPLE t=1495.0s rss=4687MB hwm=4687MB
RSS_SAMPLE t=1495.2s rss=4687MB hwm=4687MB
RSS_SAMPLE t=1495.5s rss=4687MB hwm=4687MB
RSS_SAMPLE t=1495.7s rss=4687MB hwm=4687MB
RSS_SAMPLE t=1496.0s rss=4687MB hwm=4687MB
RSS_SAMPLE t=1496.2s rss=4687MB hwm=4687MB
RSS_SAMPLE t=1496.5s rss=4687MB hwm=4687MB
RSS_SAMPLE t=1496.7s rss=4687MB hwm=4687MB
RSS_SAMPLE t=1497.0s rss=4687MB hwm=4687MB
RSS_SAMPLE t=1497.2s rss=4687MB hwm=4687MB
RSS_SAMPLE t=1497.5s rss=4687MB hwm=4687MB
RSS_SAMPLE t=1497.7s rss=4687MB hwm=4687MB
RSS_SAMPLE t=1498.0s rss=4687MB hwm=4687MB
RSS_SAMPLE t=1498.2s rss=4687MB hwm=4687MB
RSS_SAMPLE t=1498.5s rss=4687MB hwm=4687MB
RSS_SAMPLE t=1498.7s rss=4687MB hwm=4687MB
RSS_SAMPLE t=1499.0s rss=4687MB hwm=4687MB
RSS_SAMPLE t=1499.2s rss=4687MB hwm=4687MB
RSS_SAMPLE t=1499.5s rss=4687MB hwm=4687MB
RSS_SAMPLE t=1499.7s rss=4687MB hwm=4687MB
RSS_SAMPLE t=1500.0s rss=4687MB hwm=4687MB
RSS_SAMPLE t=1500.2s rss=4687MB hwm=4687MB
RSS_SAMPLE t=1500.5s rss=4687MB hwm=4687MB
RSS_SAMPLE t=1500.7s rss=4687MB hwm=4687MB
MEM_POOL: workspaces=32 dense_usage_mb=1251 n_pipes=2562403
    post_solve_diag[outer=15]: solves=105117 cap_armed=105117 (100.0%) settle_avg=4667 above_sink_avg=230 (4.9%) settle_max=69353
    load_support[outer=15]: settle_avg=4667 load_nz_avg=4000 (85.7%) load_material_avg=2578 (55.2%)
    prune_ceiling[outer=15]: settle_avg=4667 heuristic_prunable_avg=482 (10.3%) vs oracle_zero_load=14.3%
    settle_hist[outer=15]: <100: 27178nets/0.2%work  <1k: 26612nets/2.0%work  <5k: 24774nets/13.3%work  <20k: 19789nets/41.7%work  <60k: 6675nets/41.6%work  >=60k: 89nets/1.2%work
    fanout_hist[outer=15]: fan1: 43710nets/13.5%work  fan2-4: 48279nets/50.1%work  fan5-16: 12974nets/35.4%work  fan17-64: 154nets/1.0%work  fan65-256: 0nets/0.0%work  fan>256: 0nets/0.0%work
    rss_probe[outer=15]: pre_post_solve=4686MB post_post_solve=4687MB after_apply=4687MB
RSS_SAMPLE t=1501.0s rss=4687MB hwm=4687MB
    E_decomp: base=9121069.9 eff=35597696.6 cong=26476626.7 cong_share=74.4% sat_pipes=360515 max_util=908.44  R_buckets: 1-2x=1161466 2-10x=1135147 10-100x=262720 >=100x=3070
    E_potential: beckmann=54512097998448.6 history_total=0.0
    SpanCache: epoch=16 entries=1484 lookups=2562403 hits=2560919 misses=1484 hit_rate=99.9%
  DCD  15: nets=105117 line=10723260 energy=3210106.642 dE=-620004.530 friction=4450213.7 bins=2.0x(179) excess=55.8 moved=67726 disp=3.934 solves=105117 skip=105117 pops=490617047 theta=2.661 refresh=58773ms dcd=6627ms total=67973ms
    cache_stats: entries=59467490 capacity=126728094 est_mb=1093 rss_mb=4687
RSS_SAMPLE t=1501.2s rss=4687MB hwm=4687MB
RSS_SAMPLE t=1501.5s rss=4687MB hwm=4687MB
RSS_SAMPLE t=1501.7s rss=4687MB hwm=4687MB
RSS_SAMPLE t=1502.0s rss=4687MB hwm=4687MB
RSS_SAMPLE t=1502.2s rss=4687MB hwm=4687MB
RSS_SAMPLE t=1502.5s rss=4687MB hwm=4687MB
RSS_SAMPLE t=1502.7s rss=4687MB hwm=4687MB
RSS_SAMPLE t=1503.0s rss=4687MB hwm=4687MB
RSS_SAMPLE t=1503.2s rss=4687MB hwm=4687MB
RSS_SAMPLE t=1503.5s rss=4687MB hwm=4687MB
    SwitchMatrix: type_usage_pairs=603 lookups=2155 hits=1552 dijkstra_calls=603 avg_us=12.4 total_ms=7.5
PHASE_MARK outer=16 enter=pre_solve rss=4687MB
    rss_probe[outer=16]: pre_refresh_rss=4687MB post_pre_solve_rss=4687MB cache_entries=59467490 cache_cap=126728094 cache_est_mb=1093
    pre_solve_diag[outer=16]: solves=0 fallback=0 (0.0%) cap_armed=0 (0.0%) settle_avg=0 settle_max=0 init_count=254
    Overflow: over=315175 (12.3% of used) avg_excess=1.46 max_excess=3355.10 (nc=3379.10 cap=24 span=1)  excess_buckets: <=1=193868 1-5=107919 5-20=12293 >20=1095  by_cap: cap1=179031 cap2=131495 cap3-5=5 cap>5=4644  by_span: s1=403 s2-3=541 s4-6=3971 s7-12=125068 s>12=185192  le1_cross: cap1=135375 cap2-5=57380 cap>5=1113
    Congestion: pipes=2562403 used=2562403 congested(>50%)=701075 saturated(>90%)=360515 max_util=908.44 avg_util=0.4602
PHASE_MARK outer=16 enter=dcd_sweep rss=4687MB
RSS_SAMPLE t=1503.7s rss=4687MB hwm=4687MB
RSS_SAMPLE t=1504.0s rss=4687MB hwm=4687MB
RSS_SAMPLE t=1504.2s rss=4687MB hwm=4687MB
RSS_SAMPLE t=1504.5s rss=4687MB hwm=4687MB
RSS_SAMPLE t=1504.7s rss=4687MB hwm=4687MB
RSS_SAMPLE t=1505.0s rss=4687MB hwm=4687MB
RSS_SAMPLE t=1505.2s rss=4687MB hwm=4687MB
RSS_SAMPLE t=1505.5s rss=4687MB hwm=4687MB
RSS_SAMPLE t=1505.7s rss=4687MB hwm=4687MB
RSS_SAMPLE t=1506.0s rss=4687MB hwm=4687MB
RSS_SAMPLE t=1506.2s rss=4687MB hwm=4687MB
RSS_SAMPLE t=1506.5s rss=4687MB hwm=4687MB
RSS_SAMPLE t=1506.7s rss=4687MB hwm=4687MB
RSS_SAMPLE t=1507.0s rss=4687MB hwm=4687MB
RSS_SAMPLE t=1507.2s rss=4687MB hwm=4687MB
RSS_SAMPLE t=1507.5s rss=4687MB hwm=4687MB
RSS_SAMPLE t=1507.7s rss=4687MB hwm=4687MB
RSS_SAMPLE t=1508.0s rss=4687MB hwm=4687MB
RSS_SAMPLE t=1508.2s rss=4687MB hwm=4687MB
RSS_SAMPLE t=1508.5s rss=4687MB hwm=4687MB
RSS_SAMPLE t=1508.7s rss=4687MB hwm=4687MB
RSS_SAMPLE t=1509.0s rss=4687MB hwm=4687MB
RSS_SAMPLE t=1509.2s rss=4687MB hwm=4687MB
RSS_SAMPLE t=1509.5s rss=4687MB hwm=4687MB
RSS_SAMPLE t=1509.7s rss=4687MB hwm=4687MB
RSS_SAMPLE t=1510.0s rss=4687MB hwm=4687MB
RSS_SAMPLE t=1510.2s rss=4687MB hwm=4687MB
PHASE_MARK outer=16 leave=dcd_sweep rss=4687MB
PHASE_MARK outer=16 enter=post_refresh rss=4687MB
RSS_SAMPLE t=1510.5s rss=4687MB hwm=4687MB
RSS_SAMPLE t=1510.7s rss=4687MB hwm=4687MB
RSS_SAMPLE t=1511.0s rss=4687MB hwm=4687MB
RSS_SAMPLE t=1511.2s rss=4687MB hwm=4687MB
RSS_SAMPLE t=1511.5s rss=4687MB hwm=4687MB
RSS_SAMPLE t=1511.7s rss=4687MB hwm=4687MB
RSS_SAMPLE t=1512.0s rss=4687MB hwm=4687MB
RSS_SAMPLE t=1512.2s rss=4687MB hwm=4687MB
RSS_SAMPLE t=1512.5s rss=4687MB hwm=4687MB
RSS_SAMPLE t=1512.7s rss=4687MB hwm=4687MB
RSS_SAMPLE t=1513.0s rss=4687MB hwm=4687MB
RSS_SAMPLE t=1513.2s rss=4687MB hwm=4687MB
RSS_SAMPLE t=1513.5s rss=4687MB hwm=4687MB
RSS_SAMPLE t=1513.7s rss=4687MB hwm=4687MB
RSS_SAMPLE t=1514.0s rss=4687MB hwm=4687MB
RSS_SAMPLE t=1514.2s rss=4687MB hwm=4687MB
RSS_SAMPLE t=1514.5s rss=4687MB hwm=4687MB
RSS_SAMPLE t=1514.7s rss=4687MB hwm=4687MB
RSS_SAMPLE t=1515.0s rss=4687MB hwm=4687MB
RSS_SAMPLE t=1515.2s rss=4687MB hwm=4687MB
RSS_SAMPLE t=1515.5s rss=4687MB hwm=4687MB
RSS_SAMPLE t=1515.7s rss=4687MB hwm=4687MB
RSS_SAMPLE t=1516.0s rss=4687MB hwm=4687MB
RSS_SAMPLE t=1516.2s rss=4687MB hwm=4687MB
RSS_SAMPLE t=1516.5s rss=4687MB hwm=4687MB
RSS_SAMPLE t=1516.7s rss=4687MB hwm=4687MB
RSS_SAMPLE t=1517.0s rss=4687MB hwm=4687MB
RSS_SAMPLE t=1517.2s rss=4687MB hwm=4687MB
RSS_SAMPLE t=1517.5s rss=4687MB hwm=4687MB
RSS_SAMPLE t=1517.7s rss=4688MB hwm=4688MB
RSS_SAMPLE t=1518.0s rss=4688MB hwm=4688MB
RSS_SAMPLE t=1518.2s rss=4688MB hwm=4688MB
RSS_SAMPLE t=1518.5s rss=4688MB hwm=4688MB
RSS_SAMPLE t=1518.7s rss=4688MB hwm=4688MB
RSS_SAMPLE t=1519.0s rss=4688MB hwm=4688MB
RSS_SAMPLE t=1519.2s rss=4688MB hwm=4688MB
RSS_SAMPLE t=1519.5s rss=4688MB hwm=4688MB
RSS_SAMPLE t=1519.7s rss=4688MB hwm=4688MB
RSS_SAMPLE t=1520.0s rss=4688MB hwm=4688MB
RSS_SAMPLE t=1520.2s rss=4688MB hwm=4688MB
RSS_SAMPLE t=1520.5s rss=4688MB hwm=4688MB
RSS_SAMPLE t=1520.7s rss=4688MB hwm=4688MB
RSS_SAMPLE t=1521.0s rss=4688MB hwm=4688MB
RSS_SAMPLE t=1521.2s rss=4688MB hwm=4688MB
RSS_SAMPLE t=1521.5s rss=4688MB hwm=4688MB
RSS_SAMPLE t=1521.7s rss=4689MB hwm=4689MB
RSS_SAMPLE t=1522.0s rss=4689MB hwm=4689MB
RSS_SAMPLE t=1522.2s rss=4689MB hwm=4689MB
RSS_SAMPLE t=1522.5s rss=4689MB hwm=4689MB
RSS_SAMPLE t=1522.7s rss=4689MB hwm=4689MB
RSS_SAMPLE t=1523.0s rss=4689MB hwm=4689MB
RSS_SAMPLE t=1523.2s rss=4689MB hwm=4689MB
RSS_SAMPLE t=1523.5s rss=4689MB hwm=4689MB
RSS_SAMPLE t=1523.7s rss=4689MB hwm=4689MB
RSS_SAMPLE t=1524.0s rss=4689MB hwm=4689MB
RSS_SAMPLE t=1524.2s rss=4689MB hwm=4689MB
RSS_SAMPLE t=1524.5s rss=4689MB hwm=4689MB
RSS_SAMPLE t=1524.7s rss=4689MB hwm=4689MB
RSS_SAMPLE t=1525.0s rss=4689MB hwm=4689MB
RSS_SAMPLE t=1525.2s rss=4689MB hwm=4689MB
RSS_SAMPLE t=1525.5s rss=4689MB hwm=4689MB
RSS_SAMPLE t=1525.7s rss=4689MB hwm=4689MB
RSS_SAMPLE t=1526.0s rss=4689MB hwm=4689MB
RSS_SAMPLE t=1526.2s rss=4689MB hwm=4689MB
RSS_SAMPLE t=1526.5s rss=4689MB hwm=4689MB
RSS_SAMPLE t=1526.7s rss=4689MB hwm=4689MB
RSS_SAMPLE t=1527.0s rss=4689MB hwm=4689MB
RSS_SAMPLE t=1527.2s rss=4690MB hwm=4690MB
RSS_SAMPLE t=1527.5s rss=4690MB hwm=4690MB
RSS_SAMPLE t=1527.7s rss=4690MB hwm=4690MB
RSS_SAMPLE t=1528.0s rss=4690MB hwm=4690MB
RSS_SAMPLE t=1528.2s rss=4690MB hwm=4690MB
RSS_SAMPLE t=1528.5s rss=4690MB hwm=4690MB
RSS_SAMPLE t=1528.7s rss=4690MB hwm=4690MB
RSS_SAMPLE t=1529.0s rss=4690MB hwm=4690MB
RSS_SAMPLE t=1529.2s rss=4690MB hwm=4690MB
RSS_SAMPLE t=1529.5s rss=4690MB hwm=4690MB
RSS_SAMPLE t=1529.7s rss=4690MB hwm=4690MB
RSS_SAMPLE t=1530.0s rss=4690MB hwm=4690MB
RSS_SAMPLE t=1530.2s rss=4691MB hwm=4691MB
RSS_SAMPLE t=1530.5s rss=4691MB hwm=4691MB
RSS_SAMPLE t=1530.7s rss=4691MB hwm=4691MB
RSS_SAMPLE t=1531.0s rss=4691MB hwm=4691MB
RSS_SAMPLE t=1531.2s rss=4691MB hwm=4691MB
RSS_SAMPLE t=1531.5s rss=4691MB hwm=4691MB
RSS_SAMPLE t=1531.7s rss=4691MB hwm=4691MB
RSS_SAMPLE t=1532.0s rss=4691MB hwm=4691MB
RSS_SAMPLE t=1532.2s rss=4691MB hwm=4691MB
RSS_SAMPLE t=1532.5s rss=4691MB hwm=4691MB
RSS_SAMPLE t=1532.7s rss=4691MB hwm=4691MB
RSS_SAMPLE t=1533.0s rss=4691MB hwm=4691MB
RSS_SAMPLE t=1533.2s rss=4691MB hwm=4691MB
RSS_SAMPLE t=1533.5s rss=4691MB hwm=4691MB
RSS_SAMPLE t=1533.7s rss=4691MB hwm=4691MB
RSS_SAMPLE t=1534.0s rss=4691MB hwm=4691MB
RSS_SAMPLE t=1534.2s rss=4691MB hwm=4691MB
RSS_SAMPLE t=1534.5s rss=4691MB hwm=4691MB
RSS_SAMPLE t=1534.7s rss=4691MB hwm=4691MB
RSS_SAMPLE t=1535.0s rss=4691MB hwm=4691MB
RSS_SAMPLE t=1535.2s rss=4691MB hwm=4691MB
RSS_SAMPLE t=1535.5s rss=4691MB hwm=4691MB
RSS_SAMPLE t=1535.7s rss=4691MB hwm=4691MB
RSS_SAMPLE t=1536.0s rss=4691MB hwm=4691MB
RSS_SAMPLE t=1536.2s rss=4691MB hwm=4691MB
RSS_SAMPLE t=1536.5s rss=4691MB hwm=4691MB
RSS_SAMPLE t=1536.7s rss=4691MB hwm=4691MB
RSS_SAMPLE t=1537.0s rss=4691MB hwm=4691MB
RSS_SAMPLE t=1537.2s rss=4691MB hwm=4691MB
RSS_SAMPLE t=1537.5s rss=4691MB hwm=4691MB
RSS_SAMPLE t=1537.7s rss=4691MB hwm=4691MB
RSS_SAMPLE t=1538.0s rss=4691MB hwm=4691MB
RSS_SAMPLE t=1538.2s rss=4691MB hwm=4691MB
RSS_SAMPLE t=1538.5s rss=4691MB hwm=4691MB
RSS_SAMPLE t=1538.7s rss=4691MB hwm=4691MB
RSS_SAMPLE t=1539.0s rss=4691MB hwm=4691MB
RSS_SAMPLE t=1539.3s rss=4691MB hwm=4691MB
RSS_SAMPLE t=1539.5s rss=4691MB hwm=4691MB
RSS_SAMPLE t=1539.8s rss=4691MB hwm=4691MB
RSS_SAMPLE t=1540.0s rss=4691MB hwm=4691MB
RSS_SAMPLE t=1540.3s rss=4691MB hwm=4691MB
RSS_SAMPLE t=1540.5s rss=4691MB hwm=4691MB
RSS_SAMPLE t=1540.8s rss=4691MB hwm=4691MB
RSS_SAMPLE t=1541.0s rss=4691MB hwm=4691MB
RSS_SAMPLE t=1541.3s rss=4691MB hwm=4691MB
RSS_SAMPLE t=1541.5s rss=4691MB hwm=4691MB
RSS_SAMPLE t=1541.8s rss=4691MB hwm=4691MB
RSS_SAMPLE t=1542.0s rss=4691MB hwm=4691MB
RSS_SAMPLE t=1542.3s rss=4691MB hwm=4691MB
RSS_SAMPLE t=1542.5s rss=4691MB hwm=4691MB
RSS_SAMPLE t=1542.8s rss=4691MB hwm=4691MB
RSS_SAMPLE t=1543.0s rss=4691MB hwm=4691MB
RSS_SAMPLE t=1543.3s rss=4691MB hwm=4691MB
RSS_SAMPLE t=1543.5s rss=4691MB hwm=4691MB
RSS_SAMPLE t=1543.8s rss=4691MB hwm=4691MB
RSS_SAMPLE t=1544.0s rss=4691MB hwm=4691MB
RSS_SAMPLE t=1544.3s rss=4691MB hwm=4691MB
RSS_SAMPLE t=1544.5s rss=4691MB hwm=4691MB
RSS_SAMPLE t=1544.8s rss=4691MB hwm=4691MB
RSS_SAMPLE t=1545.0s rss=4691MB hwm=4691MB
RSS_SAMPLE t=1545.3s rss=4691MB hwm=4691MB
RSS_SAMPLE t=1545.5s rss=4692MB hwm=4692MB
RSS_SAMPLE t=1545.8s rss=4692MB hwm=4692MB
RSS_SAMPLE t=1546.0s rss=4692MB hwm=4692MB
RSS_SAMPLE t=1546.3s rss=4692MB hwm=4692MB
RSS_SAMPLE t=1546.5s rss=4692MB hwm=4692MB
RSS_SAMPLE t=1546.8s rss=4692MB hwm=4692MB
RSS_SAMPLE t=1547.0s rss=4692MB hwm=4692MB
RSS_SAMPLE t=1547.3s rss=4692MB hwm=4692MB
RSS_SAMPLE t=1547.5s rss=4692MB hwm=4692MB
RSS_SAMPLE t=1547.8s rss=4692MB hwm=4692MB
RSS_SAMPLE t=1548.0s rss=4692MB hwm=4692MB
RSS_SAMPLE t=1548.3s rss=4692MB hwm=4692MB
RSS_SAMPLE t=1548.5s rss=4692MB hwm=4692MB
RSS_SAMPLE t=1548.8s rss=4692MB hwm=4692MB
RSS_SAMPLE t=1549.0s rss=4692MB hwm=4692MB
RSS_SAMPLE t=1549.3s rss=4692MB hwm=4692MB
RSS_SAMPLE t=1549.5s rss=4692MB hwm=4692MB
RSS_SAMPLE t=1549.8s rss=4692MB hwm=4692MB
RSS_SAMPLE t=1550.0s rss=4692MB hwm=4692MB
RSS_SAMPLE t=1550.3s rss=4692MB hwm=4692MB
RSS_SAMPLE t=1550.5s rss=4692MB hwm=4692MB
RSS_SAMPLE t=1550.8s rss=4692MB hwm=4692MB
RSS_SAMPLE t=1551.0s rss=4692MB hwm=4692MB
RSS_SAMPLE t=1551.3s rss=4692MB hwm=4692MB
RSS_SAMPLE t=1551.5s rss=4692MB hwm=4692MB
RSS_SAMPLE t=1551.8s rss=4692MB hwm=4692MB
RSS_SAMPLE t=1552.0s rss=4692MB hwm=4692MB
RSS_SAMPLE t=1552.3s rss=4692MB hwm=4692MB
RSS_SAMPLE t=1552.5s rss=4692MB hwm=4692MB
RSS_SAMPLE t=1552.8s rss=4692MB hwm=4692MB
RSS_SAMPLE t=1553.0s rss=4692MB hwm=4692MB
RSS_SAMPLE t=1553.3s rss=4692MB hwm=4692MB
RSS_SAMPLE t=1553.5s rss=4692MB hwm=4692MB
RSS_SAMPLE t=1553.8s rss=4692MB hwm=4692MB
RSS_SAMPLE t=1554.0s rss=4692MB hwm=4692MB
RSS_SAMPLE t=1554.3s rss=4692MB hwm=4692MB
RSS_SAMPLE t=1554.5s rss=4692MB hwm=4692MB
RSS_SAMPLE t=1554.8s rss=4692MB hwm=4692MB
RSS_SAMPLE t=1555.0s rss=4692MB hwm=4692MB
RSS_SAMPLE t=1555.3s rss=4692MB hwm=4692MB
RSS_SAMPLE t=1555.5s rss=4692MB hwm=4692MB
RSS_SAMPLE t=1555.8s rss=4692MB hwm=4692MB
RSS_SAMPLE t=1556.0s rss=4692MB hwm=4692MB
RSS_SAMPLE t=1556.3s rss=4692MB hwm=4692MB
RSS_SAMPLE t=1556.5s rss=4692MB hwm=4692MB
RSS_SAMPLE t=1556.8s rss=4692MB hwm=4692MB
RSS_SAMPLE t=1557.0s rss=4692MB hwm=4692MB
RSS_SAMPLE t=1557.3s rss=4692MB hwm=4692MB
RSS_SAMPLE t=1557.5s rss=4692MB hwm=4692MB
RSS_SAMPLE t=1557.8s rss=4692MB hwm=4692MB
RSS_SAMPLE t=1558.0s rss=4692MB hwm=4692MB
RSS_SAMPLE t=1558.3s rss=4692MB hwm=4692MB
RSS_SAMPLE t=1558.5s rss=4692MB hwm=4692MB
RSS_SAMPLE t=1558.8s rss=4692MB hwm=4692MB
RSS_SAMPLE t=1559.0s rss=4692MB hwm=4692MB
RSS_SAMPLE t=1559.3s rss=4692MB hwm=4692MB
RSS_SAMPLE t=1559.5s rss=4692MB hwm=4692MB
RSS_SAMPLE t=1559.8s rss=4692MB hwm=4692MB
RSS_SAMPLE t=1560.0s rss=4692MB hwm=4692MB
RSS_SAMPLE t=1560.3s rss=4692MB hwm=4692MB
RSS_SAMPLE t=1560.5s rss=4692MB hwm=4692MB
RSS_SAMPLE t=1560.8s rss=4692MB hwm=4692MB
RSS_SAMPLE t=1561.0s rss=4692MB hwm=4692MB
RSS_SAMPLE t=1561.3s rss=4692MB hwm=4692MB
RSS_SAMPLE t=1561.5s rss=4692MB hwm=4692MB
RSS_SAMPLE t=1561.8s rss=4692MB hwm=4692MB
RSS_SAMPLE t=1562.0s rss=4692MB hwm=4692MB
RSS_SAMPLE t=1562.3s rss=4692MB hwm=4692MB
RSS_SAMPLE t=1562.5s rss=4692MB hwm=4692MB
RSS_SAMPLE t=1562.8s rss=4692MB hwm=4692MB
RSS_SAMPLE t=1563.0s rss=4692MB hwm=4692MB
RSS_SAMPLE t=1563.3s rss=4692MB hwm=4692MB
RSS_SAMPLE t=1563.5s rss=4692MB hwm=4692MB
RSS_SAMPLE t=1563.8s rss=4692MB hwm=4692MB
RSS_SAMPLE t=1564.0s rss=4692MB hwm=4692MB
RSS_SAMPLE t=1564.3s rss=4692MB hwm=4692MB
RSS_SAMPLE t=1564.5s rss=4692MB hwm=4692MB
RSS_SAMPLE t=1564.8s rss=4692MB hwm=4692MB
RSS_SAMPLE t=1565.0s rss=4692MB hwm=4692MB
RSS_SAMPLE t=1565.3s rss=4692MB hwm=4692MB
RSS_SAMPLE t=1565.5s rss=4692MB hwm=4692MB
RSS_SAMPLE t=1565.8s rss=4692MB hwm=4692MB
RSS_SAMPLE t=1566.0s rss=4692MB hwm=4692MB
RSS_SAMPLE t=1566.3s rss=4692MB hwm=4692MB
RSS_SAMPLE t=1566.5s rss=4692MB hwm=4692MB
RSS_SAMPLE t=1566.8s rss=4692MB hwm=4692MB
RSS_SAMPLE t=1567.0s rss=4692MB hwm=4692MB
RSS_SAMPLE t=1567.3s rss=4692MB hwm=4692MB
RSS_SAMPLE t=1567.5s rss=4692MB hwm=4692MB
MEM_POOL: workspaces=32 dense_usage_mb=1251 n_pipes=2562403
    post_solve_diag[outer=16]: solves=105117 cap_armed=105117 (100.0%) settle_avg=4463 above_sink_avg=166 (3.7%) settle_max=69353
    load_support[outer=16]: settle_avg=4463 load_nz_avg=3799 (85.1%) load_material_avg=3065 (68.7%)
    prune_ceiling[outer=16]: settle_avg=4463 heuristic_prunable_avg=333 (7.5%) vs oracle_zero_load=14.9%
    settle_hist[outer=16]: <100: 28683nets/0.1%work  <1k: 26052nets/2.1%work  <5k: 24671nets/13.8%work  <20k: 19467nets/42.8%work  <60k: 6166nets/40.2%work  >=60k: 78nets/1.1%work
    fanout_hist[outer=16]: fan1: 43710nets/13.4%work  fan2-4: 48279nets/50.0%work  fan5-16: 12974nets/35.6%work  fan17-64: 154nets/1.0%work  fan65-256: 0nets/0.0%work  fan>256: 0nets/0.0%work
    rss_probe[outer=16]: pre_post_solve=4687MB post_post_solve=4692MB after_apply=4692MB
    E_decomp: base=6180864.5 eff=42103091.4 cong=35922226.9 cong_share=85.3% sat_pipes=151771 max_util=1054.16  R_buckets: 1-2x=120679 2-10x=2085405 10-100x=352633 >=100x=3686
    E_potential: beckmann=9782462650682.7 history_total=0.0
    SpanCache: epoch=17 entries=2155 lookups=2562403 hits=2560248 misses=2155 hit_rate=99.9%
  DCD  16: nets=105117 line=10444524 energy=4238059.555 dE=+1027952.914 friction=3371608.7 bins=2.0x(204) excess=61.8 moved=67781 disp=3.802 solves=105117 skip=105117 pops=469181266 theta=3.116 refresh=57383ms dcd=6699ms total=66574ms
    cache_stats: entries=57398016 capacity=123873825 est_mb=1068 rss_mb=4692
RSS_SAMPLE t=1567.8s rss=4692MB hwm=4692MB
RSS_SAMPLE t=1568.0s rss=4692MB hwm=4692MB
RSS_SAMPLE t=1568.3s rss=4692MB hwm=4692MB
RSS_SAMPLE t=1568.5s rss=4692MB hwm=4692MB
RSS_SAMPLE t=1568.8s rss=4692MB hwm=4692MB
RSS_SAMPLE t=1569.0s rss=4692MB hwm=4692MB
RSS_SAMPLE t=1569.3s rss=4692MB hwm=4692MB
RSS_SAMPLE t=1569.5s rss=4692MB hwm=4692MB
RSS_SAMPLE t=1569.8s rss=4692MB hwm=4692MB
RSS_SAMPLE t=1570.0s rss=4692MB hwm=4692MB
    SwitchMatrix: type_usage_pairs=526 lookups=1636 hits=1110 dijkstra_calls=526 avg_us=10.8 total_ms=5.7
PHASE_MARK outer=17 enter=pre_solve rss=4692MB
    rss_probe[outer=17]: pre_refresh_rss=4692MB post_pre_solve_rss=4692MB cache_entries=57398016 cache_cap=123873825 cache_est_mb=1068
    pre_solve_diag[outer=17]: solves=0 fallback=0 (0.0%) cap_armed=0 (0.0%) settle_avg=0 settle_max=0 init_count=245
    Overflow: over=126077 (4.9% of used) avg_excess=2.32 max_excess=3529.75 (nc=3553.75 cap=24 span=1)  excess_buckets: <=1=66421 1-5=45994 5-20=12781 >20=881  by_cap: cap1=47840 cap2=76663 cap3-5=2 cap>5=1572  by_span: s1=467 s2-3=507 s4-6=1463 s7-12=74945 s>12=48695  le1_cross: cap1=41920 cap2-5=24252 cap>5=249
    Congestion: pipes=2562403 used=2562403 congested(>50%)=373698 saturated(>90%)=151771 max_util=1054.16 avg_util=0.2997
PHASE_MARK outer=17 enter=dcd_sweep rss=4692MB
RSS_SAMPLE t=1570.3s rss=4692MB hwm=4692MB
RSS_SAMPLE t=1570.5s rss=4692MB hwm=4692MB
RSS_SAMPLE t=1570.8s rss=4692MB hwm=4692MB
RSS_SAMPLE t=1571.0s rss=4692MB hwm=4692MB
RSS_SAMPLE t=1571.3s rss=4692MB hwm=4692MB
RSS_SAMPLE t=1571.5s rss=4692MB hwm=4692MB
RSS_SAMPLE t=1571.8s rss=4692MB hwm=4692MB
RSS_SAMPLE t=1572.0s rss=4692MB hwm=4692MB
RSS_SAMPLE t=1572.3s rss=4692MB hwm=4692MB
RSS_SAMPLE t=1572.5s rss=4692MB hwm=4692MB
RSS_SAMPLE t=1572.8s rss=4692MB hwm=4692MB
RSS_SAMPLE t=1573.0s rss=4692MB hwm=4692MB
RSS_SAMPLE t=1573.3s rss=4692MB hwm=4692MB
RSS_SAMPLE t=1573.5s rss=4692MB hwm=4692MB
RSS_SAMPLE t=1573.8s rss=4692MB hwm=4692MB
RSS_SAMPLE t=1574.0s rss=4692MB hwm=4692MB
RSS_SAMPLE t=1574.3s rss=4692MB hwm=4692MB
RSS_SAMPLE t=1574.5s rss=4692MB hwm=4692MB
RSS_SAMPLE t=1574.8s rss=4692MB hwm=4692MB
RSS_SAMPLE t=1575.0s rss=4692MB hwm=4692MB
RSS_SAMPLE t=1575.3s rss=4692MB hwm=4692MB
RSS_SAMPLE t=1575.5s rss=4692MB hwm=4692MB
RSS_SAMPLE t=1575.8s rss=4692MB hwm=4692MB
RSS_SAMPLE t=1576.0s rss=4692MB hwm=4692MB
RSS_SAMPLE t=1576.3s rss=4692MB hwm=4692MB
RSS_SAMPLE t=1576.5s rss=4692MB hwm=4692MB
PHASE_MARK outer=17 leave=dcd_sweep rss=4692MB
PHASE_MARK outer=17 enter=post_refresh rss=4692MB
RSS_SAMPLE t=1576.8s rss=4692MB hwm=4692MB
RSS_SAMPLE t=1577.0s rss=4692MB hwm=4692MB
RSS_SAMPLE t=1577.3s rss=4692MB hwm=4692MB
RSS_SAMPLE t=1577.5s rss=4692MB hwm=4692MB
RSS_SAMPLE t=1577.8s rss=4692MB hwm=4692MB
RSS_SAMPLE t=1578.0s rss=4692MB hwm=4692MB
RSS_SAMPLE t=1578.3s rss=4692MB hwm=4692MB
RSS_SAMPLE t=1578.5s rss=4692MB hwm=4692MB
RSS_SAMPLE t=1578.8s rss=4692MB hwm=4692MB
RSS_SAMPLE t=1579.0s rss=4692MB hwm=4692MB
RSS_SAMPLE t=1579.3s rss=4692MB hwm=4692MB
RSS_SAMPLE t=1579.5s rss=4692MB hwm=4692MB
RSS_SAMPLE t=1579.8s rss=4692MB hwm=4692MB
RSS_SAMPLE t=1580.0s rss=4692MB hwm=4692MB
RSS_SAMPLE t=1580.3s rss=4692MB hwm=4692MB
RSS_SAMPLE t=1580.5s rss=4692MB hwm=4692MB
RSS_SAMPLE t=1580.8s rss=4692MB hwm=4692MB
RSS_SAMPLE t=1581.0s rss=4692MB hwm=4692MB
RSS_SAMPLE t=1581.3s rss=4692MB hwm=4692MB
RSS_SAMPLE t=1581.5s rss=4692MB hwm=4692MB
RSS_SAMPLE t=1581.8s rss=4692MB hwm=4692MB
RSS_SAMPLE t=1582.0s rss=4692MB hwm=4692MB
RSS_SAMPLE t=1582.3s rss=4692MB hwm=4692MB
RSS_SAMPLE t=1582.5s rss=4692MB hwm=4692MB
RSS_SAMPLE t=1582.8s rss=4692MB hwm=4692MB
RSS_SAMPLE t=1583.0s rss=4692MB hwm=4692MB
RSS_SAMPLE t=1583.3s rss=4692MB hwm=4692MB
RSS_SAMPLE t=1583.5s rss=4692MB hwm=4692MB
RSS_SAMPLE t=1583.8s rss=4692MB hwm=4692MB
RSS_SAMPLE t=1584.0s rss=4692MB hwm=4692MB
RSS_SAMPLE t=1584.3s rss=4692MB hwm=4692MB
RSS_SAMPLE t=1584.5s rss=4692MB hwm=4692MB
RSS_SAMPLE t=1584.8s rss=4692MB hwm=4692MB
RSS_SAMPLE t=1585.0s rss=4692MB hwm=4692MB
RSS_SAMPLE t=1585.3s rss=4692MB hwm=4692MB
RSS_SAMPLE t=1585.5s rss=4692MB hwm=4692MB
RSS_SAMPLE t=1585.8s rss=4692MB hwm=4692MB
RSS_SAMPLE t=1586.0s rss=4692MB hwm=4692MB
RSS_SAMPLE t=1586.3s rss=4692MB hwm=4692MB
RSS_SAMPLE t=1586.5s rss=4692MB hwm=4692MB
RSS_SAMPLE t=1586.8s rss=4692MB hwm=4692MB
RSS_SAMPLE t=1587.0s rss=4692MB hwm=4692MB
RSS_SAMPLE t=1587.3s rss=4692MB hwm=4692MB
RSS_SAMPLE t=1587.5s rss=4692MB hwm=4692MB
RSS_SAMPLE t=1587.8s rss=4692MB hwm=4692MB
RSS_SAMPLE t=1588.0s rss=4692MB hwm=4692MB
RSS_SAMPLE t=1588.3s rss=4692MB hwm=4692MB
RSS_SAMPLE t=1588.5s rss=4692MB hwm=4692MB
RSS_SAMPLE t=1588.8s rss=4692MB hwm=4692MB
RSS_SAMPLE t=1589.0s rss=4692MB hwm=4692MB
RSS_SAMPLE t=1589.3s rss=4692MB hwm=4692MB
RSS_SAMPLE t=1589.5s rss=4692MB hwm=4692MB
RSS_SAMPLE t=1589.8s rss=4692MB hwm=4692MB
RSS_SAMPLE t=1590.0s rss=4692MB hwm=4692MB
RSS_SAMPLE t=1590.3s rss=4692MB hwm=4692MB
RSS_SAMPLE t=1590.5s rss=4692MB hwm=4692MB
RSS_SAMPLE t=1590.8s rss=4692MB hwm=4692MB
RSS_SAMPLE t=1591.0s rss=4692MB hwm=4692MB
RSS_SAMPLE t=1591.3s rss=4692MB hwm=4692MB
RSS_SAMPLE t=1591.5s rss=4692MB hwm=4692MB
RSS_SAMPLE t=1591.8s rss=4692MB hwm=4692MB
RSS_SAMPLE t=1592.0s rss=4692MB hwm=4692MB
RSS_SAMPLE t=1592.3s rss=4692MB hwm=4692MB
RSS_SAMPLE t=1592.5s rss=4692MB hwm=4692MB
RSS_SAMPLE t=1592.8s rss=4692MB hwm=4692MB
RSS_SAMPLE t=1593.0s rss=4692MB hwm=4692MB
RSS_SAMPLE t=1593.3s rss=4692MB hwm=4692MB
RSS_SAMPLE t=1593.5s rss=4692MB hwm=4692MB
RSS_SAMPLE t=1593.8s rss=4692MB hwm=4692MB
RSS_SAMPLE t=1594.0s rss=4692MB hwm=4692MB
RSS_SAMPLE t=1594.3s rss=4692MB hwm=4692MB
RSS_SAMPLE t=1594.5s rss=4692MB hwm=4692MB
RSS_SAMPLE t=1594.8s rss=4692MB hwm=4692MB
RSS_SAMPLE t=1595.0s rss=4692MB hwm=4692MB
RSS_SAMPLE t=1595.3s rss=4692MB hwm=4692MB
RSS_SAMPLE t=1595.5s rss=4692MB hwm=4692MB
RSS_SAMPLE t=1595.8s rss=4692MB hwm=4692MB
RSS_SAMPLE t=1596.0s rss=4692MB hwm=4692MB
RSS_SAMPLE t=1596.3s rss=4692MB hwm=4692MB
RSS_SAMPLE t=1596.5s rss=4692MB hwm=4692MB
RSS_SAMPLE t=1596.8s rss=4692MB hwm=4692MB
RSS_SAMPLE t=1597.0s rss=4692MB hwm=4692MB
RSS_SAMPLE t=1597.3s rss=4692MB hwm=4692MB
RSS_SAMPLE t=1597.5s rss=4692MB hwm=4692MB
RSS_SAMPLE t=1597.8s rss=4692MB hwm=4692MB
RSS_SAMPLE t=1598.0s rss=4692MB hwm=4692MB
RSS_SAMPLE t=1598.3s rss=4692MB hwm=4692MB
RSS_SAMPLE t=1598.5s rss=4692MB hwm=4692MB
RSS_SAMPLE t=1598.8s rss=4692MB hwm=4692MB
RSS_SAMPLE t=1599.1s rss=4692MB hwm=4692MB
RSS_SAMPLE t=1599.3s rss=4692MB hwm=4692MB
RSS_SAMPLE t=1599.6s rss=4692MB hwm=4692MB
RSS_SAMPLE t=1599.8s rss=4692MB hwm=4692MB
RSS_SAMPLE t=1600.1s rss=4692MB hwm=4692MB
RSS_SAMPLE t=1600.3s rss=4692MB hwm=4692MB
RSS_SAMPLE t=1600.6s rss=4692MB hwm=4692MB
RSS_SAMPLE t=1600.8s rss=4692MB hwm=4692MB
RSS_SAMPLE t=1601.1s rss=4692MB hwm=4692MB
RSS_SAMPLE t=1601.3s rss=4692MB hwm=4692MB
RSS_SAMPLE t=1601.6s rss=4692MB hwm=4692MB
RSS_SAMPLE t=1601.8s rss=4692MB hwm=4692MB
RSS_SAMPLE t=1602.1s rss=4692MB hwm=4692MB
RSS_SAMPLE t=1602.3s rss=4692MB hwm=4692MB
RSS_SAMPLE t=1602.6s rss=4692MB hwm=4692MB
RSS_SAMPLE t=1602.8s rss=4692MB hwm=4692MB
RSS_SAMPLE t=1603.1s rss=4692MB hwm=4692MB
RSS_SAMPLE t=1603.3s rss=4692MB hwm=4692MB
RSS_SAMPLE t=1603.6s rss=4692MB hwm=4692MB
RSS_SAMPLE t=1603.8s rss=4692MB hwm=4692MB
RSS_SAMPLE t=1604.1s rss=4692MB hwm=4692MB
RSS_SAMPLE t=1604.3s rss=4692MB hwm=4692MB
RSS_SAMPLE t=1604.6s rss=4692MB hwm=4692MB
RSS_SAMPLE t=1604.8s rss=4692MB hwm=4692MB
RSS_SAMPLE t=1605.1s rss=4692MB hwm=4692MB
RSS_SAMPLE t=1605.3s rss=4692MB hwm=4692MB
RSS_SAMPLE t=1605.6s rss=4692MB hwm=4692MB
RSS_SAMPLE t=1605.8s rss=4692MB hwm=4692MB
RSS_SAMPLE t=1606.1s rss=4692MB hwm=4692MB
RSS_SAMPLE t=1606.3s rss=4692MB hwm=4692MB
RSS_SAMPLE t=1606.6s rss=4692MB hwm=4692MB
RSS_SAMPLE t=1606.8s rss=4692MB hwm=4692MB
RSS_SAMPLE t=1607.1s rss=4692MB hwm=4692MB
RSS_SAMPLE t=1607.3s rss=4692MB hwm=4692MB
RSS_SAMPLE t=1607.6s rss=4692MB hwm=4692MB
RSS_SAMPLE t=1607.8s rss=4692MB hwm=4692MB
RSS_SAMPLE t=1608.1s rss=4692MB hwm=4692MB
RSS_SAMPLE t=1608.3s rss=4692MB hwm=4692MB
RSS_SAMPLE t=1608.6s rss=4692MB hwm=4692MB
RSS_SAMPLE t=1608.8s rss=4692MB hwm=4692MB
RSS_SAMPLE t=1609.1s rss=4692MB hwm=4692MB
RSS_SAMPLE t=1609.3s rss=4692MB hwm=4692MB
RSS_SAMPLE t=1609.6s rss=4692MB hwm=4692MB
RSS_SAMPLE t=1609.8s rss=4692MB hwm=4692MB
RSS_SAMPLE t=1610.1s rss=4692MB hwm=4692MB
RSS_SAMPLE t=1610.3s rss=4692MB hwm=4692MB
RSS_SAMPLE t=1610.6s rss=4692MB hwm=4692MB
RSS_SAMPLE t=1610.8s rss=4692MB hwm=4692MB
RSS_SAMPLE t=1611.1s rss=4692MB hwm=4692MB
RSS_SAMPLE t=1611.3s rss=4692MB hwm=4692MB
RSS_SAMPLE t=1611.6s rss=4692MB hwm=4692MB
RSS_SAMPLE t=1611.8s rss=4692MB hwm=4692MB
RSS_SAMPLE t=1612.1s rss=4692MB hwm=4692MB
RSS_SAMPLE t=1612.3s rss=4692MB hwm=4692MB
RSS_SAMPLE t=1612.6s rss=4692MB hwm=4692MB
RSS_SAMPLE t=1612.8s rss=4692MB hwm=4692MB
RSS_SAMPLE t=1613.1s rss=4692MB hwm=4692MB
RSS_SAMPLE t=1613.3s rss=4692MB hwm=4692MB
RSS_SAMPLE t=1613.6s rss=4692MB hwm=4692MB
RSS_SAMPLE t=1613.8s rss=4692MB hwm=4692MB
RSS_SAMPLE t=1614.1s rss=4692MB hwm=4692MB
RSS_SAMPLE t=1614.3s rss=4692MB hwm=4692MB
RSS_SAMPLE t=1614.6s rss=4692MB hwm=4692MB
RSS_SAMPLE t=1614.8s rss=4692MB hwm=4692MB
RSS_SAMPLE t=1615.1s rss=4692MB hwm=4692MB
RSS_SAMPLE t=1615.3s rss=4692MB hwm=4692MB
RSS_SAMPLE t=1615.6s rss=4692MB hwm=4692MB
RSS_SAMPLE t=1615.8s rss=4692MB hwm=4692MB
RSS_SAMPLE t=1616.1s rss=4692MB hwm=4692MB
RSS_SAMPLE t=1616.3s rss=4692MB hwm=4692MB
RSS_SAMPLE t=1616.6s rss=4692MB hwm=4692MB
RSS_SAMPLE t=1616.8s rss=4692MB hwm=4692MB
RSS_SAMPLE t=1617.1s rss=4692MB hwm=4692MB
RSS_SAMPLE t=1617.3s rss=4692MB hwm=4692MB
RSS_SAMPLE t=1617.6s rss=4692MB hwm=4692MB
RSS_SAMPLE t=1617.8s rss=4692MB hwm=4692MB
RSS_SAMPLE t=1618.1s rss=4692MB hwm=4692MB
RSS_SAMPLE t=1618.3s rss=4692MB hwm=4692MB
RSS_SAMPLE t=1618.6s rss=4692MB hwm=4692MB
RSS_SAMPLE t=1618.8s rss=4692MB hwm=4692MB
RSS_SAMPLE t=1619.1s rss=4692MB hwm=4692MB
RSS_SAMPLE t=1619.3s rss=4692MB hwm=4692MB
RSS_SAMPLE t=1619.6s rss=4692MB hwm=4692MB
RSS_SAMPLE t=1619.8s rss=4692MB hwm=4692MB
RSS_SAMPLE t=1620.1s rss=4692MB hwm=4692MB
RSS_SAMPLE t=1620.3s rss=4692MB hwm=4692MB
RSS_SAMPLE t=1620.6s rss=4692MB hwm=4692MB
RSS_SAMPLE t=1620.8s rss=4692MB hwm=4692MB
RSS_SAMPLE t=1621.1s rss=4692MB hwm=4692MB
RSS_SAMPLE t=1621.3s rss=4692MB hwm=4692MB
RSS_SAMPLE t=1621.6s rss=4692MB hwm=4692MB
RSS_SAMPLE t=1621.8s rss=4692MB hwm=4692MB
RSS_SAMPLE t=1622.1s rss=4692MB hwm=4692MB
RSS_SAMPLE t=1622.3s rss=4692MB hwm=4692MB
RSS_SAMPLE t=1622.6s rss=4692MB hwm=4692MB
RSS_SAMPLE t=1622.8s rss=4692MB hwm=4692MB
RSS_SAMPLE t=1623.1s rss=4692MB hwm=4692MB
RSS_SAMPLE t=1623.3s rss=4692MB hwm=4692MB
RSS_SAMPLE t=1623.6s rss=4692MB hwm=4692MB
RSS_SAMPLE t=1623.8s rss=4692MB hwm=4692MB
RSS_SAMPLE t=1624.1s rss=4692MB hwm=4692MB
RSS_SAMPLE t=1624.3s rss=4692MB hwm=4692MB
RSS_SAMPLE t=1624.6s rss=4692MB hwm=4692MB
RSS_SAMPLE t=1624.8s rss=4692MB hwm=4692MB
RSS_SAMPLE t=1625.1s rss=4692MB hwm=4692MB
RSS_SAMPLE t=1625.3s rss=4692MB hwm=4692MB
RSS_SAMPLE t=1625.6s rss=4692MB hwm=4692MB
RSS_SAMPLE t=1625.8s rss=4692MB hwm=4692MB
RSS_SAMPLE t=1626.1s rss=4692MB hwm=4692MB
RSS_SAMPLE t=1626.3s rss=4692MB hwm=4692MB
RSS_SAMPLE t=1626.6s rss=4692MB hwm=4692MB
RSS_SAMPLE t=1626.8s rss=4692MB hwm=4692MB
RSS_SAMPLE t=1627.1s rss=4692MB hwm=4692MB
RSS_SAMPLE t=1627.3s rss=4692MB hwm=4692MB
RSS_SAMPLE t=1627.6s rss=4692MB hwm=4692MB
RSS_SAMPLE t=1627.8s rss=4692MB hwm=4692MB
RSS_SAMPLE t=1628.1s rss=4692MB hwm=4692MB
RSS_SAMPLE t=1628.3s rss=4692MB hwm=4692MB
RSS_SAMPLE t=1628.6s rss=4692MB hwm=4692MB
RSS_SAMPLE t=1628.8s rss=4692MB hwm=4692MB
RSS_SAMPLE t=1629.1s rss=4692MB hwm=4692MB
RSS_SAMPLE t=1629.3s rss=4692MB hwm=4692MB
RSS_SAMPLE t=1629.6s rss=4692MB hwm=4692MB
RSS_SAMPLE t=1629.8s rss=4692MB hwm=4692MB
RSS_SAMPLE t=1630.1s rss=4692MB hwm=4692MB
RSS_SAMPLE t=1630.3s rss=4692MB hwm=4692MB
RSS_SAMPLE t=1630.6s rss=4692MB hwm=4692MB
RSS_SAMPLE t=1630.8s rss=4692MB hwm=4692MB
RSS_SAMPLE t=1631.1s rss=4692MB hwm=4692MB
RSS_SAMPLE t=1631.3s rss=4692MB hwm=4692MB
RSS_SAMPLE t=1631.6s rss=4692MB hwm=4692MB
RSS_SAMPLE t=1631.8s rss=4692MB hwm=4692MB
RSS_SAMPLE t=1632.1s rss=4692MB hwm=4692MB
RSS_SAMPLE t=1632.3s rss=4692MB hwm=4692MB
RSS_SAMPLE t=1632.6s rss=4692MB hwm=4692MB
RSS_SAMPLE t=1632.8s rss=4692MB hwm=4692MB
MEM_POOL: workspaces=32 dense_usage_mb=1251 n_pipes=2562403
    post_solve_diag[outer=17]: solves=105117 cap_armed=105117 (100.0%) settle_avg=4388 above_sink_avg=178 (4.0%) settle_max=69353
    load_support[outer=17]: settle_avg=4388 load_nz_avg=3647 (83.1%) load_material_avg=2696 (61.4%)
    prune_ceiling[outer=17]: settle_avg=4388 heuristic_prunable_avg=414 (9.4%) vs oracle_zero_load=16.9%
    settle_hist[outer=17]: <100: 29090nets/0.2%work  <1k: 25929nets/2.1%work  <5k: 24628nets/14.0%work  <20k: 19435nets/43.3%work  <60k: 5956nets/39.3%work  >=60k: 79nets/1.1%work
    fanout_hist[outer=17]: fan1: 43710nets/13.5%work  fan2-4: 48279nets/50.0%work  fan5-16: 12974nets/35.5%work  fan17-64: 154nets/1.0%work  fan65-256: 0nets/0.0%work  fan>256: 0nets/0.0%work
    rss_probe[outer=17]: pre_post_solve=4692MB post_post_solve=4692MB after_apply=4692MB
    E_decomp: base=4869875.2 eff=30228715.7 cong=25358840.6 cong_share=83.9% sat_pipes=81003 max_util=934.80  R_buckets: 1-2x=131463 2-10x=2126586 10-100x=301320 >=100x=3034
    E_potential: beckmann=38086035160535.7 history_total=0.0
    SpanCache: epoch=18 entries=1636 lookups=2562403 hits=2560767 misses=1636 hit_rate=99.9%
  DCD  17: nets=105117 line=10267628 energy=3571100.414 dE=-666959.142 friction=2715704.3 bins=1.9x(157) excess=41.7 moved=67803 disp=3.688 solves=105117 skip=105117 pops=461213345 theta=3.648 refresh=56246ms dcd=6629ms total=65331ms
    cache_stats: entries=57537866 capacity=124036641 est_mb=1069 rss_mb=4692
RSS_SAMPLE t=1633.1s rss=4692MB hwm=4692MB
RSS_SAMPLE t=1633.3s rss=4692MB hwm=4692MB
RSS_SAMPLE t=1633.6s rss=4692MB hwm=4692MB
RSS_SAMPLE t=1633.8s rss=4692MB hwm=4692MB
RSS_SAMPLE t=1634.1s rss=4692MB hwm=4692MB
RSS_SAMPLE t=1634.3s rss=4692MB hwm=4692MB
RSS_SAMPLE t=1634.6s rss=4692MB hwm=4692MB
RSS_SAMPLE t=1634.8s rss=4692MB hwm=4692MB
RSS_SAMPLE t=1635.1s rss=4692MB hwm=4692MB
RSS_SAMPLE t=1635.3s rss=4692MB hwm=4692MB
    SwitchMatrix: type_usage_pairs=670 lookups=2344 hits=1674 dijkstra_calls=670 avg_us=10.8 total_ms=7.3
PHASE_MARK outer=18 enter=pre_solve rss=4692MB
    rss_probe[outer=18]: pre_refresh_rss=4692MB post_pre_solve_rss=4692MB cache_entries=57537866 cache_cap=124036641 cache_est_mb=1069
    pre_solve_diag[outer=18]: solves=0 fallback=0 (0.0%) cap_armed=0 (0.0%) settle_avg=0 settle_max=0 init_count=248
    Overflow: over=75156 (2.9% of used) avg_excess=3.97 max_excess=2669.19 (nc=2693.19 cap=24 span=1)  excess_buckets: <=1=18454 1-5=41599 5-20=13610 >20=1493  by_cap: cap1=8579 cap2=62205 cap3-5=2240 cap>5=2132  by_span: s1=588 s2-3=444 s4-6=1693 s7-12=61711 s>12=10720  le1_cross: cap1=5954 cap2-5=12201 cap>5=299
    Congestion: pipes=2562403 used=2562403 congested(>50%)=168739 saturated(>90%)=81003 max_util=934.80 avg_util=0.2170
PHASE_MARK outer=18 enter=dcd_sweep rss=4692MB
RSS_SAMPLE t=1635.6s rss=4692MB hwm=4692MB
RSS_SAMPLE t=1635.8s rss=4692MB hwm=4692MB
RSS_SAMPLE t=1636.1s rss=4692MB hwm=4692MB
RSS_SAMPLE t=1636.3s rss=4692MB hwm=4692MB
RSS_SAMPLE t=1636.6s rss=4692MB hwm=4692MB
RSS_SAMPLE t=1636.8s rss=4692MB hwm=4692MB
RSS_SAMPLE t=1637.1s rss=4692MB hwm=4692MB
RSS_SAMPLE t=1637.3s rss=4692MB hwm=4692MB
RSS_SAMPLE t=1637.6s rss=4692MB hwm=4692MB
RSS_SAMPLE t=1637.8s rss=4692MB hwm=4692MB
RSS_SAMPLE t=1638.1s rss=4692MB hwm=4692MB
RSS_SAMPLE t=1638.3s rss=4692MB hwm=4692MB
RSS_SAMPLE t=1638.6s rss=4692MB hwm=4692MB
RSS_SAMPLE t=1638.8s rss=4692MB hwm=4692MB
RSS_SAMPLE t=1639.1s rss=4692MB hwm=4692MB
RSS_SAMPLE t=1639.3s rss=4692MB hwm=4692MB
RSS_SAMPLE t=1639.6s rss=4692MB hwm=4692MB
RSS_SAMPLE t=1639.8s rss=4692MB hwm=4692MB
RSS_SAMPLE t=1640.1s rss=4692MB hwm=4692MB
RSS_SAMPLE t=1640.3s rss=4692MB hwm=4692MB
RSS_SAMPLE t=1640.6s rss=4692MB hwm=4692MB
RSS_SAMPLE t=1640.8s rss=4692MB hwm=4692MB
RSS_SAMPLE t=1641.1s rss=4692MB hwm=4692MB
RSS_SAMPLE t=1641.3s rss=4692MB hwm=4692MB
RSS_SAMPLE t=1641.6s rss=4692MB hwm=4692MB
RSS_SAMPLE t=1641.8s rss=4692MB hwm=4692MB
RSS_SAMPLE t=1642.1s rss=4692MB hwm=4692MB
PHASE_MARK outer=18 leave=dcd_sweep rss=4692MB
PHASE_MARK outer=18 enter=post_refresh rss=4692MB
RSS_SAMPLE t=1642.3s rss=4692MB hwm=4692MB
RSS_SAMPLE t=1642.6s rss=4692MB hwm=4692MB
RSS_SAMPLE t=1642.8s rss=4692MB hwm=4692MB
RSS_SAMPLE t=1643.1s rss=4692MB hwm=4692MB
RSS_SAMPLE t=1643.3s rss=4692MB hwm=4692MB
RSS_SAMPLE t=1643.6s rss=4692MB hwm=4692MB
RSS_SAMPLE t=1643.8s rss=4692MB hwm=4692MB
RSS_SAMPLE t=1644.1s rss=4692MB hwm=4692MB
RSS_SAMPLE t=1644.3s rss=4692MB hwm=4692MB
RSS_SAMPLE t=1644.6s rss=4692MB hwm=4692MB
RSS_SAMPLE t=1644.8s rss=4692MB hwm=4692MB
RSS_SAMPLE t=1645.1s rss=4692MB hwm=4692MB
RSS_SAMPLE t=1645.3s rss=4692MB hwm=4692MB
RSS_SAMPLE t=1645.6s rss=4692MB hwm=4692MB
RSS_SAMPLE t=1645.8s rss=4692MB hwm=4692MB
RSS_SAMPLE t=1646.1s rss=4692MB hwm=4692MB
RSS_SAMPLE t=1646.3s rss=4692MB hwm=4692MB
RSS_SAMPLE t=1646.6s rss=4692MB hwm=4692MB
RSS_SAMPLE t=1646.8s rss=4692MB hwm=4692MB
RSS_SAMPLE t=1647.1s rss=4692MB hwm=4692MB
RSS_SAMPLE t=1647.3s rss=4692MB hwm=4692MB
RSS_SAMPLE t=1647.6s rss=4692MB hwm=4692MB
RSS_SAMPLE t=1647.8s rss=4692MB hwm=4692MB
RSS_SAMPLE t=1648.1s rss=4692MB hwm=4692MB
RSS_SAMPLE t=1648.3s rss=4692MB hwm=4692MB
RSS_SAMPLE t=1648.6s rss=4692MB hwm=4692MB
RSS_SAMPLE t=1648.8s rss=4692MB hwm=4692MB
RSS_SAMPLE t=1649.1s rss=4692MB hwm=4692MB
RSS_SAMPLE t=1649.3s rss=4692MB hwm=4692MB
RSS_SAMPLE t=1649.6s rss=4692MB hwm=4692MB
RSS_SAMPLE t=1649.8s rss=4692MB hwm=4692MB
RSS_SAMPLE t=1650.1s rss=4692MB hwm=4692MB
RSS_SAMPLE t=1650.3s rss=4692MB hwm=4692MB
RSS_SAMPLE t=1650.6s rss=4692MB hwm=4692MB
RSS_SAMPLE t=1650.8s rss=4692MB hwm=4692MB
RSS_SAMPLE t=1651.1s rss=4692MB hwm=4692MB
RSS_SAMPLE t=1651.3s rss=4692MB hwm=4692MB
RSS_SAMPLE t=1651.6s rss=4692MB hwm=4692MB
RSS_SAMPLE t=1651.8s rss=4692MB hwm=4692MB
RSS_SAMPLE t=1652.1s rss=4692MB hwm=4692MB
RSS_SAMPLE t=1652.3s rss=4692MB hwm=4692MB
RSS_SAMPLE t=1652.6s rss=4692MB hwm=4692MB
RSS_SAMPLE t=1652.8s rss=4692MB hwm=4692MB
RSS_SAMPLE t=1653.1s rss=4692MB hwm=4692MB
RSS_SAMPLE t=1653.3s rss=4692MB hwm=4692MB
RSS_SAMPLE t=1653.6s rss=4692MB hwm=4692MB
RSS_SAMPLE t=1653.8s rss=4692MB hwm=4692MB
RSS_SAMPLE t=1654.1s rss=4692MB hwm=4692MB
RSS_SAMPLE t=1654.3s rss=4692MB hwm=4692MB
RSS_SAMPLE t=1654.6s rss=4692MB hwm=4692MB
RSS_SAMPLE t=1654.8s rss=4692MB hwm=4692MB
RSS_SAMPLE t=1655.1s rss=4692MB hwm=4692MB
RSS_SAMPLE t=1655.3s rss=4692MB hwm=4692MB
RSS_SAMPLE t=1655.6s rss=4692MB hwm=4692MB
RSS_SAMPLE t=1655.8s rss=4692MB hwm=4692MB
RSS_SAMPLE t=1656.1s rss=4692MB hwm=4692MB
RSS_SAMPLE t=1656.3s rss=4692MB hwm=4692MB
RSS_SAMPLE t=1656.6s rss=4692MB hwm=4692MB
RSS_SAMPLE t=1656.8s rss=4692MB hwm=4692MB
RSS_SAMPLE t=1657.1s rss=4692MB hwm=4692MB
RSS_SAMPLE t=1657.3s rss=4692MB hwm=4692MB
RSS_SAMPLE t=1657.6s rss=4692MB hwm=4692MB
RSS_SAMPLE t=1657.8s rss=4692MB hwm=4692MB
RSS_SAMPLE t=1658.1s rss=4692MB hwm=4692MB
RSS_SAMPLE t=1658.3s rss=4692MB hwm=4692MB
RSS_SAMPLE t=1658.6s rss=4692MB hwm=4692MB
RSS_SAMPLE t=1658.9s rss=4692MB hwm=4692MB
RSS_SAMPLE t=1659.1s rss=4692MB hwm=4692MB
RSS_SAMPLE t=1659.4s rss=4692MB hwm=4692MB
RSS_SAMPLE t=1659.6s rss=4692MB hwm=4692MB
RSS_SAMPLE t=1659.9s rss=4692MB hwm=4692MB
RSS_SAMPLE t=1660.1s rss=4692MB hwm=4692MB
RSS_SAMPLE t=1660.4s rss=4692MB hwm=4692MB
RSS_SAMPLE t=1660.6s rss=4692MB hwm=4692MB
RSS_SAMPLE t=1660.9s rss=4692MB hwm=4692MB
RSS_SAMPLE t=1661.1s rss=4692MB hwm=4692MB
RSS_SAMPLE t=1661.4s rss=4692MB hwm=4692MB
RSS_SAMPLE t=1661.6s rss=4692MB hwm=4692MB
RSS_SAMPLE t=1661.9s rss=4692MB hwm=4692MB
RSS_SAMPLE t=1662.1s rss=4692MB hwm=4692MB
RSS_SAMPLE t=1662.4s rss=4692MB hwm=4692MB
RSS_SAMPLE t=1662.6s rss=4692MB hwm=4692MB
RSS_SAMPLE t=1662.9s rss=4692MB hwm=4692MB
RSS_SAMPLE t=1663.1s rss=4692MB hwm=4692MB
RSS_SAMPLE t=1663.4s rss=4692MB hwm=4692MB
RSS_SAMPLE t=1663.6s rss=4692MB hwm=4692MB
RSS_SAMPLE t=1663.9s rss=4692MB hwm=4692MB
RSS_SAMPLE t=1664.1s rss=4692MB hwm=4692MB
RSS_SAMPLE t=1664.4s rss=4692MB hwm=4692MB
RSS_SAMPLE t=1664.6s rss=4692MB hwm=4692MB
RSS_SAMPLE t=1664.9s rss=4692MB hwm=4692MB
RSS_SAMPLE t=1665.1s rss=4692MB hwm=4692MB
RSS_SAMPLE t=1665.4s rss=4692MB hwm=4692MB
RSS_SAMPLE t=1665.6s rss=4692MB hwm=4692MB
RSS_SAMPLE t=1665.9s rss=4692MB hwm=4692MB
RSS_SAMPLE t=1666.1s rss=4692MB hwm=4692MB
RSS_SAMPLE t=1666.4s rss=4692MB hwm=4692MB
RSS_SAMPLE t=1666.6s rss=4692MB hwm=4692MB
RSS_SAMPLE t=1666.9s rss=4692MB hwm=4692MB
RSS_SAMPLE t=1667.1s rss=4692MB hwm=4692MB
RSS_SAMPLE t=1667.4s rss=4692MB hwm=4692MB
RSS_SAMPLE t=1667.6s rss=4692MB hwm=4692MB
RSS_SAMPLE t=1667.9s rss=4692MB hwm=4692MB
RSS_SAMPLE t=1668.1s rss=4692MB hwm=4692MB
RSS_SAMPLE t=1668.4s rss=4692MB hwm=4692MB
RSS_SAMPLE t=1668.6s rss=4692MB hwm=4692MB
RSS_SAMPLE t=1668.9s rss=4692MB hwm=4692MB
RSS_SAMPLE t=1669.1s rss=4692MB hwm=4692MB
RSS_SAMPLE t=1669.4s rss=4692MB hwm=4692MB
RSS_SAMPLE t=1669.6s rss=4692MB hwm=4692MB
RSS_SAMPLE t=1669.9s rss=4692MB hwm=4692MB
RSS_SAMPLE t=1670.1s rss=4692MB hwm=4692MB
RSS_SAMPLE t=1670.4s rss=4692MB hwm=4692MB
RSS_SAMPLE t=1670.6s rss=4692MB hwm=4692MB
RSS_SAMPLE t=1670.9s rss=4692MB hwm=4692MB
RSS_SAMPLE t=1671.1s rss=4692MB hwm=4692MB
RSS_SAMPLE t=1671.4s rss=4692MB hwm=4692MB
RSS_SAMPLE t=1671.6s rss=4692MB hwm=4692MB
RSS_SAMPLE t=1671.9s rss=4692MB hwm=4692MB
RSS_SAMPLE t=1672.1s rss=4692MB hwm=4692MB
RSS_SAMPLE t=1672.4s rss=4692MB hwm=4692MB
RSS_SAMPLE t=1672.6s rss=4692MB hwm=4692MB
RSS_SAMPLE t=1672.9s rss=4692MB hwm=4692MB
RSS_SAMPLE t=1673.1s rss=4692MB hwm=4692MB
RSS_SAMPLE t=1673.4s rss=4692MB hwm=4692MB
RSS_SAMPLE t=1673.6s rss=4692MB hwm=4692MB
RSS_SAMPLE t=1673.9s rss=4692MB hwm=4692MB
RSS_SAMPLE t=1674.1s rss=4692MB hwm=4692MB
RSS_SAMPLE t=1674.4s rss=4692MB hwm=4692MB
RSS_SAMPLE t=1674.6s rss=4692MB hwm=4692MB
RSS_SAMPLE t=1674.9s rss=4692MB hwm=4692MB
RSS_SAMPLE t=1675.1s rss=4692MB hwm=4692MB
RSS_SAMPLE t=1675.4s rss=4692MB hwm=4692MB
RSS_SAMPLE t=1675.6s rss=4692MB hwm=4692MB
RSS_SAMPLE t=1675.9s rss=4692MB hwm=4692MB
RSS_SAMPLE t=1676.1s rss=4692MB hwm=4692MB
RSS_SAMPLE t=1676.4s rss=4692MB hwm=4692MB
RSS_SAMPLE t=1676.6s rss=4692MB hwm=4692MB
RSS_SAMPLE t=1676.9s rss=4692MB hwm=4692MB
RSS_SAMPLE t=1677.1s rss=4692MB hwm=4692MB
RSS_SAMPLE t=1677.4s rss=4692MB hwm=4692MB
RSS_SAMPLE t=1677.6s rss=4692MB hwm=4692MB
RSS_SAMPLE t=1677.9s rss=4692MB hwm=4692MB
RSS_SAMPLE t=1678.1s rss=4692MB hwm=4692MB
RSS_SAMPLE t=1678.4s rss=4692MB hwm=4692MB
RSS_SAMPLE t=1678.6s rss=4692MB hwm=4692MB
RSS_SAMPLE t=1678.9s rss=4692MB hwm=4692MB
RSS_SAMPLE t=1679.1s rss=4692MB hwm=4692MB
RSS_SAMPLE t=1679.4s rss=4692MB hwm=4692MB
RSS_SAMPLE t=1679.6s rss=4692MB hwm=4692MB
RSS_SAMPLE t=1679.9s rss=4692MB hwm=4692MB
RSS_SAMPLE t=1680.1s rss=4692MB hwm=4692MB
RSS_SAMPLE t=1680.4s rss=4692MB hwm=4692MB
RSS_SAMPLE t=1680.6s rss=4692MB hwm=4692MB
RSS_SAMPLE t=1680.9s rss=4692MB hwm=4692MB
RSS_SAMPLE t=1681.1s rss=4692MB hwm=4692MB
RSS_SAMPLE t=1681.4s rss=4692MB hwm=4692MB
RSS_SAMPLE t=1681.6s rss=4692MB hwm=4692MB
RSS_SAMPLE t=1681.9s rss=4692MB hwm=4692MB
RSS_SAMPLE t=1682.1s rss=4692MB hwm=4692MB
RSS_SAMPLE t=1682.4s rss=4692MB hwm=4692MB
RSS_SAMPLE t=1682.6s rss=4692MB hwm=4692MB
RSS_SAMPLE t=1682.9s rss=4692MB hwm=4692MB
RSS_SAMPLE t=1683.1s rss=4692MB hwm=4692MB
RSS_SAMPLE t=1683.4s rss=4692MB hwm=4692MB
RSS_SAMPLE t=1683.6s rss=4692MB hwm=4692MB
RSS_SAMPLE t=1683.9s rss=4692MB hwm=4692MB
RSS_SAMPLE t=1684.1s rss=4692MB hwm=4692MB
RSS_SAMPLE t=1684.4s rss=4692MB hwm=4692MB
RSS_SAMPLE t=1684.6s rss=4692MB hwm=4692MB
RSS_SAMPLE t=1684.9s rss=4692MB hwm=4692MB
RSS_SAMPLE t=1685.1s rss=4692MB hwm=4692MB
RSS_SAMPLE t=1685.4s rss=4692MB hwm=4692MB
RSS_SAMPLE t=1685.6s rss=4692MB hwm=4692MB
RSS_SAMPLE t=1685.9s rss=4692MB hwm=4692MB
RSS_SAMPLE t=1686.1s rss=4692MB hwm=4692MB
RSS_SAMPLE t=1686.4s rss=4692MB hwm=4692MB
RSS_SAMPLE t=1686.6s rss=4692MB hwm=4692MB
RSS_SAMPLE t=1686.9s rss=4692MB hwm=4692MB
RSS_SAMPLE t=1687.1s rss=4692MB hwm=4692MB
RSS_SAMPLE t=1687.4s rss=4692MB hwm=4692MB
RSS_SAMPLE t=1687.6s rss=4692MB hwm=4692MB
RSS_SAMPLE t=1687.9s rss=4692MB hwm=4692MB
RSS_SAMPLE t=1688.1s rss=4692MB hwm=4692MB
RSS_SAMPLE t=1688.4s rss=4692MB hwm=4692MB
RSS_SAMPLE t=1688.6s rss=4692MB hwm=4692MB
RSS_SAMPLE t=1688.9s rss=4692MB hwm=4692MB
RSS_SAMPLE t=1689.1s rss=4692MB hwm=4692MB
RSS_SAMPLE t=1689.4s rss=4692MB hwm=4692MB
RSS_SAMPLE t=1689.6s rss=4692MB hwm=4692MB
RSS_SAMPLE t=1689.9s rss=4692MB hwm=4692MB
RSS_SAMPLE t=1690.1s rss=4692MB hwm=4692MB
RSS_SAMPLE t=1690.4s rss=4692MB hwm=4692MB
RSS_SAMPLE t=1690.6s rss=4692MB hwm=4692MB
RSS_SAMPLE t=1690.9s rss=4692MB hwm=4692MB
RSS_SAMPLE t=1691.1s rss=4692MB hwm=4692MB
RSS_SAMPLE t=1691.4s rss=4692MB hwm=4692MB
RSS_SAMPLE t=1691.6s rss=4692MB hwm=4692MB
RSS_SAMPLE t=1691.9s rss=4692MB hwm=4692MB
RSS_SAMPLE t=1692.1s rss=4692MB hwm=4692MB
RSS_SAMPLE t=1692.4s rss=4692MB hwm=4692MB
RSS_SAMPLE t=1692.6s rss=4692MB hwm=4692MB
RSS_SAMPLE t=1692.9s rss=4692MB hwm=4692MB
RSS_SAMPLE t=1693.1s rss=4692MB hwm=4692MB
RSS_SAMPLE t=1693.4s rss=4692MB hwm=4692MB
RSS_SAMPLE t=1693.6s rss=4692MB hwm=4692MB
RSS_SAMPLE t=1693.9s rss=4692MB hwm=4692MB
RSS_SAMPLE t=1694.1s rss=4692MB hwm=4692MB
RSS_SAMPLE t=1694.4s rss=4692MB hwm=4692MB
RSS_SAMPLE t=1694.6s rss=4692MB hwm=4692MB
RSS_SAMPLE t=1694.9s rss=4692MB hwm=4692MB
RSS_SAMPLE t=1695.1s rss=4692MB hwm=4692MB
RSS_SAMPLE t=1695.4s rss=4692MB hwm=4692MB
RSS_SAMPLE t=1695.6s rss=4692MB hwm=4692MB
MEM_POOL: workspaces=32 dense_usage_mb=1251 n_pipes=2562403
    post_solve_diag[outer=18]: solves=105117 cap_armed=105117 (100.0%) settle_avg=4265 above_sink_avg=157 (3.7%) settle_max=69353
    load_support[outer=18]: settle_avg=4265 load_nz_avg=3671 (86.1%) load_material_avg=2903 (68.1%)
    prune_ceiling[outer=18]: settle_avg=4265 heuristic_prunable_avg=261 (6.1%) vs oracle_zero_load=13.9%
    settle_hist[outer=18]: <100: 29201nets/0.2%work  <1k: 26301nets/2.2%work  <5k: 24711nets/14.4%work  <20k: 19159nets/43.7%work  <60k: 5680nets/38.6%work  >=60k: 65nets/0.9%work
    fanout_hist[outer=18]: fan1: 43710nets/13.6%work  fan2-4: 48279nets/50.0%work  fan5-16: 12974nets/35.4%work  fan17-64: 154nets/1.0%work  fan65-256: 0nets/0.0%work  fan>256: 0nets/0.0%work
    rss_probe[outer=18]: pre_post_solve=4692MB post_post_solve=4692MB after_apply=4692MB
RSS_SAMPLE t=1695.9s rss=4692MB hwm=4692MB
    E_decomp: base=4195362.9 eff=31428231.4 cong=27232868.4 cong_share=86.7% sat_pipes=66290 max_util=1912.36  R_buckets: 1-2x=141712 2-10x=2091479 10-100x=324976 >=100x=4236
    E_potential: beckmann=117554193047335.8 history_total=0.0
    SpanCache: epoch=19 entries=2344 lookups=2562403 hits=2560059 misses=2344 hit_rate=99.9%
  DCD  18: nets=105117 line=9998766 energy=3997009.878 dE=+425909.464 friction=7115647.6 bins=2.0x(345) excess=126.5 moved=67791 disp=3.632 solves=105117 skip=105117 pops=448303044 theta=4.271 refresh=53786ms dcd=6620ms total=62883ms
    cache_stats: entries=56974664 capacity=123495680 est_mb=1065 rss_mb=4692
RSS_SAMPLE t=1696.1s rss=4692MB hwm=4692MB
RSS_SAMPLE t=1696.4s rss=4692MB hwm=4692MB
RSS_SAMPLE t=1696.6s rss=4692MB hwm=4692MB
RSS_SAMPLE t=1696.9s rss=4692MB hwm=4692MB
RSS_SAMPLE t=1697.1s rss=4692MB hwm=4692MB
RSS_SAMPLE t=1697.4s rss=4692MB hwm=4692MB
RSS_SAMPLE t=1697.6s rss=4692MB hwm=4692MB
RSS_SAMPLE t=1697.9s rss=4692MB hwm=4692MB
RSS_SAMPLE t=1698.1s rss=4692MB hwm=4692MB
    SwitchMatrix: type_usage_pairs=552 lookups=1684 hits=1132 dijkstra_calls=552 avg_us=9.6 total_ms=5.3
PHASE_MARK outer=19 enter=pre_solve rss=4692MB
    rss_probe[outer=19]: pre_refresh_rss=4692MB post_pre_solve_rss=4692MB cache_entries=56974664 cache_cap=123495680 cache_est_mb=1065
    pre_solve_diag[outer=19]: solves=0 fallback=0 (0.0%) cap_armed=0 (0.0%) settle_avg=0 settle_max=0 init_count=248
    Overflow: over=63183 (2.5% of used) avg_excess=4.40 max_excess=2267.44 (nc=2291.44 cap=24 span=1)  excess_buckets: <=1=10389 1-5=37551 5-20=14271 >20=972  by_cap: cap1=2874 cap2=57588 cap3-5=647 cap>5=2074  by_span: s1=477 s2-3=447 s4-6=1973 s7-12=57191 s>12=3095  le1_cross: cap1=1779 cap2-5=8130 cap>5=480
    Congestion: pipes=2562403 used=2562403 congested(>50%)=93667 saturated(>90%)=66290 max_util=1912.36 avg_util=0.1700
PHASE_MARK outer=19 enter=dcd_sweep rss=4692MB
RSS_SAMPLE t=1698.4s rss=4692MB hwm=4692MB
RSS_SAMPLE t=1698.6s rss=4692MB hwm=4692MB
RSS_SAMPLE t=1698.9s rss=4692MB hwm=4692MB
RSS_SAMPLE t=1699.1s rss=4692MB hwm=4692MB
RSS_SAMPLE t=1699.4s rss=4692MB hwm=4692MB
RSS_SAMPLE t=1699.6s rss=4692MB hwm=4692MB
RSS_SAMPLE t=1699.9s rss=4692MB hwm=4692MB
RSS_SAMPLE t=1700.1s rss=4692MB hwm=4692MB
RSS_SAMPLE t=1700.4s rss=4692MB hwm=4692MB
RSS_SAMPLE t=1700.6s rss=4692MB hwm=4692MB
RSS_SAMPLE t=1700.9s rss=4692MB hwm=4692MB
RSS_SAMPLE t=1701.1s rss=4692MB hwm=4692MB
RSS_SAMPLE t=1701.4s rss=4692MB hwm=4692MB
RSS_SAMPLE t=1701.6s rss=4692MB hwm=4692MB
RSS_SAMPLE t=1701.9s rss=4692MB hwm=4692MB
RSS_SAMPLE t=1702.1s rss=4692MB hwm=4692MB
RSS_SAMPLE t=1702.4s rss=4692MB hwm=4692MB
RSS_SAMPLE t=1702.6s rss=4692MB hwm=4692MB
RSS_SAMPLE t=1702.9s rss=4692MB hwm=4692MB
RSS_SAMPLE t=1703.1s rss=4692MB hwm=4692MB
RSS_SAMPLE t=1703.4s rss=4692MB hwm=4692MB
RSS_SAMPLE t=1703.6s rss=4692MB hwm=4692MB
RSS_SAMPLE t=1703.9s rss=4692MB hwm=4692MB
RSS_SAMPLE t=1704.1s rss=4692MB hwm=4692MB
RSS_SAMPLE t=1704.4s rss=4692MB hwm=4692MB
RSS_SAMPLE t=1704.6s rss=4692MB hwm=4692MB
RSS_SAMPLE t=1704.9s rss=4692MB hwm=4692MB
PHASE_MARK outer=19 leave=dcd_sweep rss=4692MB
PHASE_MARK outer=19 enter=post_refresh rss=4692MB
RSS_SAMPLE t=1705.1s rss=4692MB hwm=4692MB
RSS_SAMPLE t=1705.4s rss=4692MB hwm=4692MB
RSS_SAMPLE t=1705.6s rss=4692MB hwm=4692MB
RSS_SAMPLE t=1705.9s rss=4692MB hwm=4692MB
RSS_SAMPLE t=1706.1s rss=4692MB hwm=4692MB
RSS_SAMPLE t=1706.4s rss=4692MB hwm=4692MB
RSS_SAMPLE t=1706.6s rss=4692MB hwm=4692MB
RSS_SAMPLE t=1706.9s rss=4692MB hwm=4692MB
RSS_SAMPLE t=1707.1s rss=4692MB hwm=4692MB
RSS_SAMPLE t=1707.4s rss=4692MB hwm=4692MB
RSS_SAMPLE t=1707.6s rss=4692MB hwm=4692MB
RSS_SAMPLE t=1707.9s rss=4692MB hwm=4692MB
RSS_SAMPLE t=1708.1s rss=4692MB hwm=4692MB
RSS_SAMPLE t=1708.4s rss=4692MB hwm=4692MB
RSS_SAMPLE t=1708.6s rss=4692MB hwm=4692MB
RSS_SAMPLE t=1708.9s rss=4692MB hwm=4692MB
RSS_SAMPLE t=1709.1s rss=4692MB hwm=4692MB
RSS_SAMPLE t=1709.4s rss=4692MB hwm=4692MB
RSS_SAMPLE t=1709.6s rss=4692MB hwm=4692MB
RSS_SAMPLE t=1709.9s rss=4692MB hwm=4692MB
RSS_SAMPLE t=1710.1s rss=4692MB hwm=4692MB
RSS_SAMPLE t=1710.4s rss=4692MB hwm=4692MB
RSS_SAMPLE t=1710.6s rss=4692MB hwm=4692MB
RSS_SAMPLE t=1710.9s rss=4692MB hwm=4692MB
RSS_SAMPLE t=1711.1s rss=4692MB hwm=4692MB
RSS_SAMPLE t=1711.4s rss=4692MB hwm=4692MB
RSS_SAMPLE t=1711.6s rss=4692MB hwm=4692MB
RSS_SAMPLE t=1711.9s rss=4692MB hwm=4692MB
RSS_SAMPLE t=1712.1s rss=4692MB hwm=4692MB
RSS_SAMPLE t=1712.4s rss=4692MB hwm=4692MB
RSS_SAMPLE t=1712.6s rss=4692MB hwm=4692MB
RSS_SAMPLE t=1712.9s rss=4692MB hwm=4692MB
RSS_SAMPLE t=1713.1s rss=4692MB hwm=4692MB
RSS_SAMPLE t=1713.4s rss=4692MB hwm=4692MB
RSS_SAMPLE t=1713.6s rss=4692MB hwm=4692MB
RSS_SAMPLE t=1713.9s rss=4692MB hwm=4692MB
RSS_SAMPLE t=1714.1s rss=4692MB hwm=4692MB
RSS_SAMPLE t=1714.4s rss=4692MB hwm=4692MB
RSS_SAMPLE t=1714.6s rss=4692MB hwm=4692MB
RSS_SAMPLE t=1714.9s rss=4692MB hwm=4692MB
RSS_SAMPLE t=1715.1s rss=4692MB hwm=4692MB
RSS_SAMPLE t=1715.4s rss=4692MB hwm=4692MB
RSS_SAMPLE t=1715.7s rss=4692MB hwm=4692MB
RSS_SAMPLE t=1715.9s rss=4692MB hwm=4692MB
RSS_SAMPLE t=1716.2s rss=4692MB hwm=4692MB
RSS_SAMPLE t=1716.4s rss=4692MB hwm=4692MB
RSS_SAMPLE t=1716.7s rss=4692MB hwm=4692MB
RSS_SAMPLE t=1716.9s rss=4692MB hwm=4692MB
RSS_SAMPLE t=1717.2s rss=4692MB hwm=4692MB
RSS_SAMPLE t=1717.4s rss=4692MB hwm=4692MB
RSS_SAMPLE t=1717.7s rss=4692MB hwm=4692MB
RSS_SAMPLE t=1717.9s rss=4692MB hwm=4692MB
RSS_SAMPLE t=1718.2s rss=4692MB hwm=4692MB
RSS_SAMPLE t=1718.4s rss=4692MB hwm=4692MB
RSS_SAMPLE t=1718.7s rss=4692MB hwm=4692MB
RSS_SAMPLE t=1718.9s rss=4692MB hwm=4692MB
RSS_SAMPLE t=1719.2s rss=4692MB hwm=4692MB
RSS_SAMPLE t=1719.4s rss=4692MB hwm=4692MB
RSS_SAMPLE t=1719.7s rss=4692MB hwm=4692MB
RSS_SAMPLE t=1719.9s rss=4692MB hwm=4692MB
RSS_SAMPLE t=1720.2s rss=4692MB hwm=4692MB
RSS_SAMPLE t=1720.4s rss=4692MB hwm=4692MB
RSS_SAMPLE t=1720.7s rss=4692MB hwm=4692MB
RSS_SAMPLE t=1720.9s rss=4692MB hwm=4692MB
RSS_SAMPLE t=1721.2s rss=4692MB hwm=4692MB
RSS_SAMPLE t=1721.4s rss=4692MB hwm=4692MB
RSS_SAMPLE t=1721.7s rss=4692MB hwm=4692MB
RSS_SAMPLE t=1721.9s rss=4692MB hwm=4692MB
RSS_SAMPLE t=1722.2s rss=4692MB hwm=4692MB
RSS_SAMPLE t=1722.4s rss=4692MB hwm=4692MB
RSS_SAMPLE t=1722.7s rss=4692MB hwm=4692MB
RSS_SAMPLE t=1722.9s rss=4692MB hwm=4692MB
RSS_SAMPLE t=1723.2s rss=4692MB hwm=4692MB
RSS_SAMPLE t=1723.4s rss=4692MB hwm=4692MB
RSS_SAMPLE t=1723.7s rss=4692MB hwm=4692MB
RSS_SAMPLE t=1723.9s rss=4692MB hwm=4692MB
RSS_SAMPLE t=1724.2s rss=4692MB hwm=4692MB
RSS_SAMPLE t=1724.4s rss=4692MB hwm=4692MB
RSS_SAMPLE t=1724.7s rss=4692MB hwm=4692MB
RSS_SAMPLE t=1724.9s rss=4692MB hwm=4692MB
RSS_SAMPLE t=1725.2s rss=4692MB hwm=4692MB
RSS_SAMPLE t=1725.4s rss=4692MB hwm=4692MB
RSS_SAMPLE t=1725.7s rss=4692MB hwm=4692MB
RSS_SAMPLE t=1725.9s rss=4692MB hwm=4692MB
RSS_SAMPLE t=1726.2s rss=4692MB hwm=4692MB
RSS_SAMPLE t=1726.4s rss=4692MB hwm=4692MB
RSS_SAMPLE t=1726.7s rss=4692MB hwm=4692MB
RSS_SAMPLE t=1726.9s rss=4692MB hwm=4692MB
RSS_SAMPLE t=1727.2s rss=4692MB hwm=4692MB
RSS_SAMPLE t=1727.4s rss=4692MB hwm=4692MB
RSS_SAMPLE t=1727.7s rss=4692MB hwm=4692MB
RSS_SAMPLE t=1727.9s rss=4692MB hwm=4692MB
RSS_SAMPLE t=1728.2s rss=4692MB hwm=4692MB
RSS_SAMPLE t=1728.4s rss=4692MB hwm=4692MB
RSS_SAMPLE t=1728.7s rss=4692MB hwm=4692MB
RSS_SAMPLE t=1728.9s rss=4692MB hwm=4692MB
RSS_SAMPLE t=1729.2s rss=4692MB hwm=4692MB
RSS_SAMPLE t=1729.4s rss=4692MB hwm=4692MB
RSS_SAMPLE t=1729.7s rss=4692MB hwm=4692MB
RSS_SAMPLE t=1729.9s rss=4692MB hwm=4692MB
RSS_SAMPLE t=1730.2s rss=4692MB hwm=4692MB
RSS_SAMPLE t=1730.4s rss=4692MB hwm=4692MB
RSS_SAMPLE t=1730.7s rss=4692MB hwm=4692MB
RSS_SAMPLE t=1730.9s rss=4692MB hwm=4692MB
RSS_SAMPLE t=1731.2s rss=4692MB hwm=4692MB
RSS_SAMPLE t=1731.4s rss=4692MB hwm=4692MB
RSS_SAMPLE t=1731.7s rss=4692MB hwm=4692MB
RSS_SAMPLE t=1731.9s rss=4692MB hwm=4692MB
RSS_SAMPLE t=1732.2s rss=4692MB hwm=4692MB
RSS_SAMPLE t=1732.4s rss=4692MB hwm=4692MB
RSS_SAMPLE t=1732.7s rss=4692MB hwm=4692MB
RSS_SAMPLE t=1732.9s rss=4692MB hwm=4692MB
RSS_SAMPLE t=1733.2s rss=4692MB hwm=4692MB
RSS_SAMPLE t=1733.4s rss=4692MB hwm=4692MB
RSS_SAMPLE t=1733.7s rss=4692MB hwm=4692MB
RSS_SAMPLE t=1733.9s rss=4692MB hwm=4692MB
RSS_SAMPLE t=1734.2s rss=4692MB hwm=4692MB
RSS_SAMPLE t=1734.4s rss=4692MB hwm=4692MB
RSS_SAMPLE t=1734.7s rss=4692MB hwm=4692MB
RSS_SAMPLE t=1734.9s rss=4692MB hwm=4692MB
RSS_SAMPLE t=1735.2s rss=4692MB hwm=4692MB
RSS_SAMPLE t=1735.4s rss=4692MB hwm=4692MB
RSS_SAMPLE t=1735.7s rss=4692MB hwm=4692MB
RSS_SAMPLE t=1735.9s rss=4692MB hwm=4692MB
RSS_SAMPLE t=1736.2s rss=4692MB hwm=4692MB
RSS_SAMPLE t=1736.4s rss=4692MB hwm=4692MB
RSS_SAMPLE t=1736.7s rss=4692MB hwm=4692MB
RSS_SAMPLE t=1736.9s rss=4692MB hwm=4692MB
RSS_SAMPLE t=1737.2s rss=4692MB hwm=4692MB
RSS_SAMPLE t=1737.4s rss=4692MB hwm=4692MB
RSS_SAMPLE t=1737.7s rss=4692MB hwm=4692MB
RSS_SAMPLE t=1737.9s rss=4692MB hwm=4692MB
RSS_SAMPLE t=1738.2s rss=4692MB hwm=4692MB
RSS_SAMPLE t=1738.4s rss=4692MB hwm=4692MB
RSS_SAMPLE t=1738.7s rss=4692MB hwm=4692MB
RSS_SAMPLE t=1738.9s rss=4692MB hwm=4692MB
RSS_SAMPLE t=1739.2s rss=4692MB hwm=4692MB
RSS_SAMPLE t=1739.4s rss=4692MB hwm=4692MB
RSS_SAMPLE t=1739.7s rss=4692MB hwm=4692MB
RSS_SAMPLE t=1739.9s rss=4692MB hwm=4692MB
RSS_SAMPLE t=1740.2s rss=4692MB hwm=4692MB
RSS_SAMPLE t=1740.4s rss=4692MB hwm=4692MB
RSS_SAMPLE t=1740.7s rss=4692MB hwm=4692MB
RSS_SAMPLE t=1740.9s rss=4692MB hwm=4692MB
RSS_SAMPLE t=1741.2s rss=4692MB hwm=4692MB
RSS_SAMPLE t=1741.4s rss=4692MB hwm=4692MB
RSS_SAMPLE t=1741.7s rss=4692MB hwm=4692MB
RSS_SAMPLE t=1741.9s rss=4692MB hwm=4692MB
RSS_SAMPLE t=1742.2s rss=4692MB hwm=4692MB
RSS_SAMPLE t=1742.4s rss=4692MB hwm=4692MB
RSS_SAMPLE t=1742.7s rss=4692MB hwm=4692MB
RSS_SAMPLE t=1742.9s rss=4692MB hwm=4692MB
RSS_SAMPLE t=1743.2s rss=4692MB hwm=4692MB
RSS_SAMPLE t=1743.4s rss=4692MB hwm=4692MB
RSS_SAMPLE t=1743.7s rss=4692MB hwm=4692MB
RSS_SAMPLE t=1743.9s rss=4692MB hwm=4692MB
RSS_SAMPLE t=1744.2s rss=4692MB hwm=4692MB
RSS_SAMPLE t=1744.4s rss=4692MB hwm=4692MB
RSS_SAMPLE t=1744.7s rss=4692MB hwm=4692MB
RSS_SAMPLE t=1744.9s rss=4692MB hwm=4692MB
RSS_SAMPLE t=1745.2s rss=4692MB hwm=4692MB
RSS_SAMPLE t=1745.4s rss=4692MB hwm=4692MB
RSS_SAMPLE t=1745.7s rss=4692MB hwm=4692MB
RSS_SAMPLE t=1745.9s rss=4692MB hwm=4692MB
RSS_SAMPLE t=1746.2s rss=4692MB hwm=4692MB
RSS_SAMPLE t=1746.4s rss=4692MB hwm=4692MB
RSS_SAMPLE t=1746.7s rss=4692MB hwm=4692MB
RSS_SAMPLE t=1746.9s rss=4692MB hwm=4692MB
RSS_SAMPLE t=1747.2s rss=4692MB hwm=4692MB
RSS_SAMPLE t=1747.4s rss=4692MB hwm=4692MB
RSS_SAMPLE t=1747.7s rss=4692MB hwm=4692MB
RSS_SAMPLE t=1747.9s rss=4692MB hwm=4692MB
RSS_SAMPLE t=1748.2s rss=4692MB hwm=4692MB
RSS_SAMPLE t=1748.4s rss=4692MB hwm=4692MB
RSS_SAMPLE t=1748.7s rss=4692MB hwm=4692MB
RSS_SAMPLE t=1748.9s rss=4692MB hwm=4692MB
RSS_SAMPLE t=1749.2s rss=4692MB hwm=4692MB
RSS_SAMPLE t=1749.4s rss=4692MB hwm=4692MB
RSS_SAMPLE t=1749.7s rss=4692MB hwm=4692MB
RSS_SAMPLE t=1749.9s rss=4692MB hwm=4692MB
RSS_SAMPLE t=1750.2s rss=4692MB hwm=4692MB
RSS_SAMPLE t=1750.4s rss=4692MB hwm=4692MB
RSS_SAMPLE t=1750.7s rss=4692MB hwm=4692MB
RSS_SAMPLE t=1750.9s rss=4692MB hwm=4692MB
RSS_SAMPLE t=1751.2s rss=4692MB hwm=4692MB
RSS_SAMPLE t=1751.4s rss=4692MB hwm=4692MB
RSS_SAMPLE t=1751.7s rss=4692MB hwm=4692MB
RSS_SAMPLE t=1751.9s rss=4692MB hwm=4692MB
RSS_SAMPLE t=1752.2s rss=4692MB hwm=4692MB
RSS_SAMPLE t=1752.4s rss=4692MB hwm=4692MB
RSS_SAMPLE t=1752.7s rss=4692MB hwm=4692MB
RSS_SAMPLE t=1752.9s rss=4692MB hwm=4692MB
RSS_SAMPLE t=1753.2s rss=4692MB hwm=4692MB
RSS_SAMPLE t=1753.4s rss=4692MB hwm=4692MB
RSS_SAMPLE t=1753.7s rss=4692MB hwm=4692MB
RSS_SAMPLE t=1753.9s rss=4692MB hwm=4692MB
RSS_SAMPLE t=1754.2s rss=4692MB hwm=4692MB
RSS_SAMPLE t=1754.4s rss=4692MB hwm=4692MB
RSS_SAMPLE t=1754.7s rss=4692MB hwm=4692MB
RSS_SAMPLE t=1754.9s rss=4692MB hwm=4692MB
RSS_SAMPLE t=1755.2s rss=4692MB hwm=4692MB
RSS_SAMPLE t=1755.4s rss=4692MB hwm=4692MB
MEM_POOL: workspaces=32 dense_usage_mb=1251 n_pipes=2562403
    post_solve_diag[outer=19]: solves=105117 cap_armed=105117 (100.0%) settle_avg=4156 above_sink_avg=204 (4.9%) settle_max=69353
    load_support[outer=19]: settle_avg=4156 load_nz_avg=3444 (82.9%) load_material_avg=2061 (49.6%)
    prune_ceiling[outer=19]: settle_avg=4156 heuristic_prunable_avg=383 (9.2%) vs oracle_zero_load=17.1%
    settle_hist[outer=19]: <100: 27339nets/0.3%work  <1k: 28690nets/2.3%work  <5k: 24590nets/14.8%work  <20k: 19058nets/44.4%work  <60k: 5382nets/37.4%work  >=60k: 58nets/0.8%work
    fanout_hist[outer=19]: fan1: 43710nets/13.8%work  fan2-4: 48279nets/49.9%work  fan5-16: 12974nets/35.3%work  fan17-64: 154nets/1.0%work  fan65-256: 0nets/0.0%work  fan>256: 0nets/0.0%work
    rss_probe[outer=19]: pre_post_solve=4692MB post_post_solve=4692MB after_apply=4692MB
    E_decomp: base=10841292.8 eff=36641123.3 cong=25799830.4 cong_share=70.4% sat_pipes=477770 max_util=2197.45  R_buckets: 1-2x=1849687 2-10x=591937 10-100x=117582 >=100x=3197
    E_potential: beckmann=215421012324039.8 history_total=0.0
    SpanCache: epoch=20 entries=1684 lookups=2562403 hits=2560719 misses=1684 hit_rate=99.9%
  DCD  19: nets=105117 line=9791280 energy=2988062.405 dE=-1008947.472 friction=8544554.8 bins=2.0x(217) excess=66.4 moved=67866 disp=3.531 solves=105117 skip=105117 pops=436885224 theta=5.000 refresh=50437ms dcd=6680ms total=59600ms
    cache_stats: entries=57273611 capacity=124114193 est_mb=1070 rss_mb=4692
DCD done: energy=2988062.405 line=9791280 friction=8544554.8 bins=2.0x(217) excess=66.4
MuxSlotTracker: 114339 commit rejections over entire DCD
MuxSlotTracker[post-DCD]: populated_cells=67897, overflow_tiles=0, at_cap_tiles=92, peak_excess=0, capacity_hist={16:67346}
RSS_SAMPLE t=1755.7s rss=3071MB hwm=4688MB
Pre-legalization: HPWL=7713215
  type DFF: 302 valid columns, 1077536 total BELs
  type LUT6: 302 valid columns, 538768 total BELs
TypeAwarePlacement: 2 cell types
RSS_SAMPLE t=1755.9s rss=2850MB hwm=4688MB
RSS_SAMPLE t=1756.2s rss=2850MB hwm=4688MB
RSS_SAMPLE t=1756.4s rss=2850MB hwm=4688MB
RSS_SAMPLE t=1756.7s rss=2850MB hwm=4688MB
RSS_SAMPLE t=1756.9s rss=2850MB hwm=4688MB
RSS_SAMPLE t=1757.2s rss=2850MB hwm=4688MB
  SortedLegalizer: cluster_rejects=111611 shared_mux_rejects=5492128 arch_validity_rejects=0
RSS_SAMPLE t=1757.4s rss=2781MB hwm=4688MB
Post-legalization: HPWL=7559506, line=9870964
Per-net HPWL: 105118 nets, total=7559506
  #0: hpwl=531 fanout=93000 (0.0%)
  #1: hpwl=522 fanout=23 (0.0%)
  #2: hpwl=519 fanout=17 (0.0%)
  #3: hpwl=518 fanout=11 (0.0%)
  #4: hpwl=516 fanout=20 (0.0%)
  #5: hpwl=516 fanout=14 (0.0%)
  #6: hpwl=515 fanout=10 (0.0%)
  #7: hpwl=514 fanout=9 (0.0%)
  #8: hpwl=514 fanout=6 (0.0%)
  #9: hpwl=514 fanout=21 (0.0%)
  50% of HPWL from top 13671 nets (of 105118)
