Running scope as unit: run-rab230cdc662940cf91e6424407e3ad54.scope
chipdb: /home/kelvin/side-project/eisenjoch/chip_database/xc7_large.bin
design: /home/kelvin/side-project/eisenjoch/benchmark/ispd/generated/2016/FPGA01/FPGA01.json
RSS_SAMPLE t=0.0s rss=3MB hwm=3MB
RSS_SAMPLE t=0.3s rss=441MB hwm=441MB
RSS_SAMPLE t=0.5s rss=719MB hwm=719MB
RSS_SAMPLE t=0.8s rss=824MB hwm=824MB
RSS_SAMPLE t=1.0s rss=818MB hwm=822MB
RSS_SAMPLE t=1.3s rss=819MB hwm=822MB
RSS_SAMPLE t=1.5s rss=820MB hwm=822MB
cfg: max_outer_iters=20 blend_alpha=0.5 hardening_step=0 graph_model=TwoLevelPip
  topological compress: density=0.60 target_tiles=15971 final_tiles=15777 scale=1.851 center=(205.1,111.0)
  topological init: n_movable=76660, n_edges=229053, max_layer=26775, back_edges=54022, n_anchored=0
RSS_SAMPLE t=1.8s rss=820MB hwm=822MB
RSS_SAMPLE t=2.0s rss=820MB hwm=822MB
RSS_SAMPLE t=2.3s rss=820MB hwm=822MB
RSS_SAMPLE t=2.5s rss=820MB hwm=822MB
RSS_SAMPLE t=2.8s rss=820MB hwm=822MB
RSS_SAMPLE t=3.0s rss=820MB hwm=822MB
RSS_SAMPLE t=3.3s rss=820MB hwm=822MB
RSS_SAMPLE t=3.5s rss=820MB hwm=822MB
RSS_SAMPLE t=3.8s rss=820MB hwm=822MB
RSS_SAMPLE t=4.0s rss=820MB hwm=822MB
RSS_SAMPLE t=4.3s rss=820MB hwm=822MB
RSS_SAMPLE t=4.5s rss=820MB hwm=822MB
RSS_SAMPLE t=4.8s rss=820MB hwm=822MB
RSS_SAMPLE t=5.0s rss=820MB hwm=822MB
RSS_SAMPLE t=5.3s rss=820MB hwm=822MB
RSS_SAMPLE t=5.5s rss=820MB hwm=822MB
RSS_SAMPLE t=5.8s rss=820MB hwm=822MB
RSS_SAMPLE t=6.0s rss=820MB hwm=822MB
RSS_SAMPLE t=6.3s rss=820MB hwm=822MB
RSS_SAMPLE t=6.5s rss=820MB hwm=822MB
RSS_SAMPLE t=6.8s rss=820MB hwm=822MB
RSS_SAMPLE t=7.0s rss=820MB hwm=822MB
RSS_SAMPLE t=7.3s rss=820MB hwm=822MB
RSS_SAMPLE t=7.5s rss=820MB hwm=822MB
RSS_SAMPLE t=7.8s rss=820MB hwm=822MB
RSS_SAMPLE t=8.0s rss=820MB hwm=822MB
RSS_SAMPLE t=8.3s rss=820MB hwm=822MB
RSS_SAMPLE t=8.5s rss=820MB hwm=822MB
RSS_SAMPLE t=8.8s rss=820MB hwm=822MB
RSS_SAMPLE t=9.0s rss=820MB hwm=822MB
RSS_SAMPLE t=9.3s rss=820MB hwm=822MB
RSS_SAMPLE t=9.5s rss=820MB hwm=822MB
RSS_SAMPLE t=9.8s rss=820MB hwm=822MB
RSS_SAMPLE t=10.0s rss=820MB hwm=822MB
RSS_SAMPLE t=10.3s rss=820MB hwm=822MB
RSS_SAMPLE t=10.5s rss=820MB hwm=822MB
RSS_SAMPLE t=10.8s rss=820MB hwm=822MB
RSS_SAMPLE t=11.0s rss=820MB hwm=822MB
RSS_SAMPLE t=11.3s rss=820MB hwm=822MB
RSS_SAMPLE t=11.5s rss=820MB hwm=822MB
RSS_SAMPLE t=11.8s rss=820MB hwm=822MB
RSS_SAMPLE t=12.0s rss=820MB hwm=822MB
RSS_SAMPLE t=12.3s rss=820MB hwm=822MB
RSS_SAMPLE t=12.5s rss=820MB hwm=822MB
RSS_SAMPLE t=12.8s rss=820MB hwm=822MB
RSS_SAMPLE t=13.0s rss=820MB hwm=822MB
RSS_SAMPLE t=13.3s rss=820MB hwm=822MB
RSS_SAMPLE t=13.5s rss=820MB hwm=822MB
RSS_SAMPLE t=13.8s rss=820MB hwm=822MB
RSS_SAMPLE t=14.0s rss=820MB hwm=822MB
RSS_SAMPLE t=14.3s rss=820MB hwm=822MB
RSS_SAMPLE t=14.5s rss=820MB hwm=822MB
RSS_SAMPLE t=14.8s rss=820MB hwm=822MB
RSS_SAMPLE t=15.0s rss=820MB hwm=822MB
RSS_SAMPLE t=15.3s rss=820MB hwm=822MB
RSS_SAMPLE t=15.5s rss=820MB hwm=822MB
RSS_SAMPLE t=15.8s rss=820MB hwm=822MB
RSS_SAMPLE t=16.0s rss=820MB hwm=822MB
RSS_SAMPLE t=16.3s rss=820MB hwm=822MB
RSS_SAMPLE t=16.5s rss=820MB hwm=822MB
RSS_SAMPLE t=16.8s rss=820MB hwm=822MB
RSS_SAMPLE t=17.0s rss=820MB hwm=822MB
RSS_SAMPLE t=17.3s rss=820MB hwm=822MB
RSS_SAMPLE t=17.5s rss=820MB hwm=822MB
RSS_SAMPLE t=17.8s rss=820MB hwm=822MB
RSS_SAMPLE t=18.0s rss=820MB hwm=822MB
RSS_SAMPLE t=18.3s rss=820MB hwm=822MB
RSS_SAMPLE t=18.5s rss=820MB hwm=822MB
RSS_SAMPLE t=18.8s rss=820MB hwm=822MB
RSS_SAMPLE t=19.0s rss=820MB hwm=822MB
RSS_SAMPLE t=19.3s rss=820MB hwm=822MB
RSS_SAMPLE t=19.5s rss=820MB hwm=822MB
RSS_SAMPLE t=19.8s rss=820MB hwm=822MB
RSS_SAMPLE t=20.0s rss=820MB hwm=822MB
RSS_SAMPLE t=20.3s rss=820MB hwm=822MB
RSS_SAMPLE t=20.5s rss=820MB hwm=822MB
RSS_SAMPLE t=20.8s rss=820MB hwm=822MB
RSS_SAMPLE t=21.0s rss=820MB hwm=822MB
RSS_SAMPLE t=21.3s rss=820MB hwm=822MB
RSS_SAMPLE t=21.5s rss=820MB hwm=822MB
RSS_SAMPLE t=21.8s rss=820MB hwm=822MB
RSS_SAMPLE t=22.0s rss=820MB hwm=822MB
RSS_SAMPLE t=22.3s rss=820MB hwm=822MB
RSS_SAMPLE t=22.5s rss=820MB hwm=822MB
RSS_SAMPLE t=22.8s rss=820MB hwm=822MB
RSS_SAMPLE t=23.0s rss=820MB hwm=822MB
RSS_SAMPLE t=23.3s rss=820MB hwm=822MB
RSS_SAMPLE t=23.5s rss=820MB hwm=822MB
RSS_SAMPLE t=23.8s rss=820MB hwm=822MB
RSS_SAMPLE t=24.0s rss=820MB hwm=822MB
RSS_SAMPLE t=24.3s rss=820MB hwm=822MB
RSS_SAMPLE t=24.5s rss=820MB hwm=822MB
RSS_SAMPLE t=24.8s rss=820MB hwm=822MB
RSS_SAMPLE t=25.0s rss=820MB hwm=822MB
RSS_SAMPLE t=25.3s rss=820MB hwm=822MB
RSS_SAMPLE t=25.5s rss=820MB hwm=822MB
RSS_SAMPLE t=25.8s rss=820MB hwm=822MB
RSS_SAMPLE t=26.0s rss=820MB hwm=822MB
RSS_SAMPLE t=26.3s rss=820MB hwm=822MB
RSS_SAMPLE t=26.5s rss=820MB hwm=822MB
RSS_SAMPLE t=26.8s rss=820MB hwm=822MB
RSS_SAMPLE t=27.0s rss=820MB hwm=822MB
RSS_SAMPLE t=27.3s rss=820MB hwm=822MB
RSS_SAMPLE t=27.5s rss=820MB hwm=822MB
RSS_SAMPLE t=27.8s rss=820MB hwm=822MB
RSS_SAMPLE t=28.0s rss=820MB hwm=822MB
RSS_SAMPLE t=28.3s rss=820MB hwm=822MB
RSS_SAMPLE t=28.5s rss=820MB hwm=822MB
RSS_SAMPLE t=28.8s rss=820MB hwm=822MB
RSS_SAMPLE t=29.0s rss=820MB hwm=822MB
RSS_SAMPLE t=29.3s rss=820MB hwm=822MB
RSS_SAMPLE t=29.5s rss=820MB hwm=822MB
RSS_SAMPLE t=29.8s rss=820MB hwm=822MB
RSS_SAMPLE t=30.0s rss=820MB hwm=822MB
RSS_SAMPLE t=30.3s rss=820MB hwm=822MB
RSS_SAMPLE t=30.5s rss=820MB hwm=822MB
RSS_SAMPLE t=30.8s rss=820MB hwm=822MB
RSS_SAMPLE t=31.0s rss=820MB hwm=822MB
RSS_SAMPLE t=31.3s rss=820MB hwm=822MB
RSS_SAMPLE t=31.5s rss=820MB hwm=822MB
RSS_SAMPLE t=31.8s rss=820MB hwm=822MB
RSS_SAMPLE t=32.0s rss=820MB hwm=822MB
RSS_SAMPLE t=32.3s rss=820MB hwm=822MB
RSS_SAMPLE t=32.5s rss=820MB hwm=822MB
RSS_SAMPLE t=32.8s rss=820MB hwm=822MB
RSS_SAMPLE t=33.0s rss=820MB hwm=822MB
RSS_SAMPLE t=33.3s rss=820MB hwm=822MB
RSS_SAMPLE t=33.5s rss=820MB hwm=822MB
RSS_SAMPLE t=33.8s rss=820MB hwm=822MB
RSS_SAMPLE t=34.0s rss=820MB hwm=822MB
RSS_SAMPLE t=34.3s rss=820MB hwm=822MB
RSS_SAMPLE t=34.5s rss=820MB hwm=822MB
RSS_SAMPLE t=34.8s rss=820MB hwm=822MB
RSS_SAMPLE t=35.0s rss=820MB hwm=822MB
RSS_SAMPLE t=35.3s rss=820MB hwm=822MB
RSS_SAMPLE t=35.5s rss=820MB hwm=822MB
RSS_SAMPLE t=35.8s rss=820MB hwm=822MB
RSS_SAMPLE t=36.0s rss=820MB hwm=822MB
RSS_SAMPLE t=36.3s rss=820MB hwm=822MB
RSS_SAMPLE t=36.5s rss=820MB hwm=822MB
RSS_SAMPLE t=36.8s rss=820MB hwm=822MB
RSS_SAMPLE t=37.0s rss=820MB hwm=822MB
RSS_SAMPLE t=37.3s rss=820MB hwm=822MB
RSS_SAMPLE t=37.5s rss=820MB hwm=822MB
RSS_SAMPLE t=37.8s rss=820MB hwm=822MB
RSS_SAMPLE t=38.0s rss=820MB hwm=822MB
RSS_SAMPLE t=38.3s rss=820MB hwm=822MB
RSS_SAMPLE t=38.5s rss=820MB hwm=822MB
RSS_SAMPLE t=38.8s rss=820MB hwm=822MB
RSS_SAMPLE t=39.0s rss=820MB hwm=822MB
RSS_SAMPLE t=39.3s rss=820MB hwm=822MB
RSS_SAMPLE t=39.5s rss=820MB hwm=822MB
RSS_SAMPLE t=39.8s rss=820MB hwm=822MB
RSS_SAMPLE t=40.0s rss=820MB hwm=822MB
RSS_SAMPLE t=40.3s rss=820MB hwm=822MB
RSS_SAMPLE t=40.5s rss=820MB hwm=822MB
RSS_SAMPLE t=40.8s rss=820MB hwm=822MB
RSS_SAMPLE t=41.0s rss=820MB hwm=822MB
RSS_SAMPLE t=41.3s rss=820MB hwm=822MB
RSS_SAMPLE t=41.5s rss=820MB hwm=822MB
RSS_SAMPLE t=41.8s rss=820MB hwm=822MB
RSS_SAMPLE t=42.0s rss=820MB hwm=822MB
RSS_SAMPLE t=42.3s rss=820MB hwm=822MB
RSS_SAMPLE t=42.5s rss=820MB hwm=822MB
RSS_SAMPLE t=42.8s rss=820MB hwm=822MB
RSS_SAMPLE t=43.0s rss=820MB hwm=822MB
RSS_SAMPLE t=43.3s rss=820MB hwm=822MB
RSS_SAMPLE t=43.5s rss=820MB hwm=822MB
RSS_SAMPLE t=43.8s rss=820MB hwm=822MB
RSS_SAMPLE t=44.0s rss=820MB hwm=822MB
RSS_SAMPLE t=44.3s rss=820MB hwm=822MB
RSS_SAMPLE t=44.5s rss=820MB hwm=822MB
RSS_SAMPLE t=44.8s rss=820MB hwm=822MB
RSS_SAMPLE t=45.0s rss=820MB hwm=822MB
RSS_SAMPLE t=45.3s rss=820MB hwm=822MB
RSS_SAMPLE t=45.5s rss=820MB hwm=822MB
RSS_SAMPLE t=45.8s rss=820MB hwm=822MB
RSS_SAMPLE t=46.0s rss=820MB hwm=822MB
RSS_SAMPLE t=46.3s rss=820MB hwm=822MB
RSS_SAMPLE t=46.5s rss=820MB hwm=822MB
RSS_SAMPLE t=46.8s rss=820MB hwm=822MB
RSS_SAMPLE t=47.0s rss=820MB hwm=822MB
RSS_SAMPLE t=47.3s rss=820MB hwm=822MB
RSS_SAMPLE t=47.5s rss=820MB hwm=822MB
RSS_SAMPLE t=47.8s rss=820MB hwm=822MB
RSS_SAMPLE t=48.0s rss=820MB hwm=822MB
RSS_SAMPLE t=48.3s rss=820MB hwm=822MB
RSS_SAMPLE t=48.5s rss=820MB hwm=822MB
RSS_SAMPLE t=48.8s rss=820MB hwm=822MB
RSS_SAMPLE t=49.0s rss=820MB hwm=822MB
RSS_SAMPLE t=49.3s rss=820MB hwm=822MB
RSS_SAMPLE t=49.5s rss=820MB hwm=822MB
RSS_SAMPLE t=49.8s rss=820MB hwm=822MB
RSS_SAMPLE t=50.0s rss=820MB hwm=822MB
RSS_SAMPLE t=50.3s rss=820MB hwm=822MB
RSS_SAMPLE t=50.5s rss=820MB hwm=822MB
RSS_SAMPLE t=50.8s rss=820MB hwm=822MB
RSS_SAMPLE t=51.0s rss=820MB hwm=822MB
RSS_SAMPLE t=51.3s rss=820MB hwm=822MB
RSS_SAMPLE t=51.5s rss=820MB hwm=822MB
RSS_SAMPLE t=51.8s rss=820MB hwm=822MB
RSS_SAMPLE t=52.0s rss=820MB hwm=822MB
RSS_SAMPLE t=52.3s rss=874MB hwm=874MB
RSS_SAMPLE t=52.5s rss=918MB hwm=918MB
RSS_SAMPLE t=52.8s rss=933MB hwm=933MB
RSS_SAMPLE t=53.0s rss=933MB hwm=933MB
RSS_SAMPLE t=53.3s rss=933MB hwm=933MB
RSS_SAMPLE t=53.5s rss=933MB hwm=933MB
RSS_SAMPLE t=53.8s rss=933MB hwm=933MB
  Skipped truly-null coarse cells: 0 (of 69353 total); pruned pipes: src_null=0 dst_null=0
  Pipe capacity by span:
    span=  1: 138172 pipes, cap min=1 avg=134.5 max=432
    span=  2: 136455 pipes, cap min=2 avg=50.7 max=118
    span=  3: 135619 pipes, cap min=2 avg=26.1 max=52
    span=  4: 136319 pipes, cap min=2 avg=22.7 max=140
    span=  5: 135918 pipes, cap min=2 avg=66.1 max=124
    span=  6: 201217 pipes, cap min=2 avg=15.2 max=28
    span=  7: 200933 pipes, cap min=1 avg=7.3 max=20
    span=  8: 132748 pipes, cap min=2 avg=6.0 max=10
    span=  9: 130848 pipes, cap min=2 avg=6.0 max=10
    span= 10: 131090 pipes, cap min=2 avg=2.2 max=31
    span= 11: 129628 pipes, cap min=2 avg=2.0 max=4
    span= 12: 129018 pipes, cap min=2 avg=2.0 max=4
    span= 13: 128408 pipes, cap min=1 avg=1.5 max=4
    span= 14: 127798 pipes, cap min=1 avg=1.0 max=2
    span= 15: 127188 pipes, cap min=1 avg=1.0 max=2
    span= 16: 126578 pipes, cap min=1 avg=1.0 max=2
    span= 17: 125968 pipes, cap min=1 avg=1.0 max=2
    span= 18: 125358 pipes, cap min=1 avg=1.0 max=2
    span= 19: 63140 pipes, cap min=1 avg=1.0 max=2
  Thin span-1 pipes (cap<=2): 222 total, by tile-type pair (top 20):
    NULL <-> NULL: 220
    CLK_BUFG <-> NULL: 2
  Pipe cost: span^0.50 model (r1=1), span-1=1.000, span-12=3.464, 2×span-6=4.899, 12×span-1=12.000
RSS_SAMPLE t=54.0s rss=933MB hwm=933MB
RSS_SAMPLE t=54.3s rss=1025MB hwm=1025MB
  topological compress: density=0.60 target_tiles=15971 final_tiles=15777 scale=1.851 center=(205.1,111.0)
  topological init: n_movable=76660, n_edges=229053, max_layer=26775, back_edges=54022, n_anchored=0
  type DFF: 302 valid columns, 1077536 total BELs
  type LUT6: 302 valid columns, 538768 total BELs
TypeAwarePlacement: 2 cell types
Coordinate descent mode: 76660 cells, scale 1.00
CellValidityMask: 76660 cells, 311x223 grid, 2 bucket masks, per-cell valid positions: min=67346 avg=67346.0 max=67346, unmapped cells=0
MuxSlotTracker: 76660 cells (76660 with external fanout), 67346 tiles, total_cap=1077536, active_buckets=[DFF,LUT6], built in 80.0ms
MuxSlotTracker[post-seed]: populated_cells=27114, overflow_tiles=518, at_cap_tiles=50, peak_excess=41, capacity_hist={16:67346}
DCD placer: 76660 cells, 69353 nodes, outer_iters=20, dcd_iters_per_cell=8, graph_model=TwoLevelPip
MEM_STATIC: pipes=352MB nodes=1MB adjacency=78MB pipe_cost_vecs=59MB validity_mask=0MB n_pipes=2562403 n_edges=5124806 rss=1037MB
Softmin position update: enabled, theta 0.250 -> 5.000 (anneal over 20 iters)
RSS_SAMPLE t=54.5s rss=1064MB hwm=1064MB
RSS_SAMPLE t=54.8s rss=1064MB hwm=1064MB
RSS_SAMPLE t=55.0s rss=1064MB hwm=1064MB
RSS_SAMPLE t=55.3s rss=1064MB hwm=1064MB
RSS_SAMPLE t=55.5s rss=1064MB hwm=1064MB
RSS_SAMPLE t=55.8s rss=1064MB hwm=1064MB
RSS_SAMPLE t=56.0s rss=1064MB hwm=1064MB
RSS_SAMPLE t=56.3s rss=1064MB hwm=1064MB
RSS_SAMPLE t=56.5s rss=1064MB hwm=1064MB
RSS_SAMPLE t=56.8s rss=1064MB hwm=1064MB
    SwitchMatrix: type_usage_pairs=7 lookups=110 hits=103 dijkstra_calls=7 avg_us=10.4 total_ms=0.1
PHASE_MARK outer=0 enter=pre_solve rss=1067MB
RSS_SAMPLE t=57.0s rss=1206MB hwm=1206MB
RSS_SAMPLE t=57.3s rss=1219MB hwm=1219MB
RSS_SAMPLE t=57.5s rss=1233MB hwm=1233MB
RSS_SAMPLE t=57.8s rss=1239MB hwm=1239MB
RSS_SAMPLE t=58.0s rss=1244MB hwm=1244MB
RSS_SAMPLE t=58.3s rss=1250MB hwm=1250MB
RSS_SAMPLE t=58.5s rss=1258MB hwm=1258MB
RSS_SAMPLE t=58.8s rss=1263MB hwm=1263MB
RSS_SAMPLE t=59.0s rss=1269MB hwm=1269MB
RSS_SAMPLE t=59.3s rss=1276MB hwm=1276MB
RSS_SAMPLE t=59.5s rss=1282MB hwm=1282MB
RSS_SAMPLE t=59.8s rss=1290MB hwm=1290MB
RSS_SAMPLE t=60.0s rss=1296MB hwm=1296MB
RSS_SAMPLE t=60.3s rss=1303MB hwm=1303MB
RSS_SAMPLE t=60.5s rss=1311MB hwm=1311MB
RSS_SAMPLE t=60.8s rss=1318MB hwm=1318MB
RSS_SAMPLE t=61.0s rss=1326MB hwm=1326MB
RSS_SAMPLE t=61.3s rss=1333MB hwm=1333MB
RSS_SAMPLE t=61.5s rss=1340MB hwm=1340MB
RSS_SAMPLE t=61.8s rss=1347MB hwm=1347MB
RSS_SAMPLE t=62.0s rss=1354MB hwm=1354MB
RSS_SAMPLE t=62.3s rss=1362MB hwm=1362MB
RSS_SAMPLE t=62.5s rss=1368MB hwm=1368MB
RSS_SAMPLE t=62.8s rss=1376MB hwm=1376MB
RSS_SAMPLE t=63.0s rss=1383MB hwm=1383MB
RSS_SAMPLE t=63.3s rss=1390MB hwm=1390MB
RSS_SAMPLE t=63.5s rss=1399MB hwm=1399MB
RSS_SAMPLE t=63.8s rss=1405MB hwm=1405MB
RSS_SAMPLE t=64.0s rss=1412MB hwm=1412MB
RSS_SAMPLE t=64.3s rss=1418MB hwm=1418MB
RSS_SAMPLE t=64.5s rss=1425MB hwm=1425MB
RSS_SAMPLE t=64.8s rss=1433MB hwm=1433MB
RSS_SAMPLE t=65.0s rss=1440MB hwm=1440MB
RSS_SAMPLE t=65.3s rss=1448MB hwm=1448MB
RSS_SAMPLE t=65.5s rss=1454MB hwm=1454MB
RSS_SAMPLE t=65.8s rss=1462MB hwm=1462MB
RSS_SAMPLE t=66.0s rss=1469MB hwm=1469MB
RSS_SAMPLE t=66.3s rss=1475MB hwm=1475MB
RSS_SAMPLE t=66.5s rss=1483MB hwm=1483MB
RSS_SAMPLE t=66.8s rss=1490MB hwm=1490MB
RSS_SAMPLE t=67.0s rss=1496MB hwm=1496MB
RSS_SAMPLE t=67.3s rss=1502MB hwm=1502MB
RSS_SAMPLE t=67.5s rss=1508MB hwm=1508MB
RSS_SAMPLE t=67.8s rss=1515MB hwm=1515MB
RSS_SAMPLE t=68.0s rss=1522MB hwm=1522MB
RSS_SAMPLE t=68.3s rss=1528MB hwm=1528MB
RSS_SAMPLE t=68.5s rss=1535MB hwm=1535MB
RSS_SAMPLE t=68.8s rss=1541MB hwm=1541MB
RSS_SAMPLE t=69.0s rss=1548MB hwm=1548MB
RSS_SAMPLE t=69.3s rss=1556MB hwm=1556MB
RSS_SAMPLE t=69.5s rss=1563MB hwm=1563MB
RSS_SAMPLE t=69.8s rss=1569MB hwm=1569MB
RSS_SAMPLE t=70.0s rss=1577MB hwm=1577MB
RSS_SAMPLE t=70.3s rss=1583MB hwm=1583MB
RSS_SAMPLE t=70.5s rss=1591MB hwm=1591MB
RSS_SAMPLE t=70.8s rss=1597MB hwm=1597MB
RSS_SAMPLE t=71.0s rss=1605MB hwm=1605MB
RSS_SAMPLE t=71.3s rss=1612MB hwm=1612MB
RSS_SAMPLE t=71.5s rss=1619MB hwm=1619MB
RSS_SAMPLE t=71.8s rss=1625MB hwm=1625MB
RSS_SAMPLE t=72.0s rss=1634MB hwm=1634MB
RSS_SAMPLE t=72.3s rss=1639MB hwm=1639MB
RSS_SAMPLE t=72.5s rss=1647MB hwm=1647MB
RSS_SAMPLE t=72.8s rss=1655MB hwm=1655MB
RSS_SAMPLE t=73.0s rss=1660MB hwm=1660MB
RSS_SAMPLE t=73.3s rss=1667MB hwm=1667MB
RSS_SAMPLE t=73.5s rss=1675MB hwm=1675MB
RSS_SAMPLE t=73.8s rss=1682MB hwm=1682MB
RSS_SAMPLE t=74.0s rss=1688MB hwm=1688MB
RSS_SAMPLE t=74.3s rss=1697MB hwm=1697MB
RSS_SAMPLE t=74.5s rss=1703MB hwm=1703MB
RSS_SAMPLE t=74.8s rss=1710MB hwm=1710MB
RSS_SAMPLE t=75.0s rss=1718MB hwm=1718MB
RSS_SAMPLE t=75.3s rss=1725MB hwm=1725MB
RSS_SAMPLE t=75.5s rss=1731MB hwm=1731MB
RSS_SAMPLE t=75.8s rss=1739MB hwm=1739MB
RSS_SAMPLE t=76.0s rss=1745MB hwm=1745MB
RSS_SAMPLE t=76.3s rss=1751MB hwm=1751MB
RSS_SAMPLE t=76.5s rss=1759MB hwm=1759MB
RSS_SAMPLE t=76.8s rss=1766MB hwm=1766MB
RSS_SAMPLE t=77.0s rss=1773MB hwm=1773MB
RSS_SAMPLE t=77.3s rss=1780MB hwm=1780MB
RSS_SAMPLE t=77.5s rss=1786MB hwm=1786MB
RSS_SAMPLE t=77.8s rss=1792MB hwm=1792MB
RSS_SAMPLE t=78.0s rss=1800MB hwm=1800MB
RSS_SAMPLE t=78.3s rss=1804MB hwm=1804MB
RSS_SAMPLE t=78.5s rss=1813MB hwm=1813MB
RSS_SAMPLE t=78.8s rss=1818MB hwm=1818MB
RSS_SAMPLE t=79.0s rss=1824MB hwm=1824MB
RSS_SAMPLE t=79.3s rss=1830MB hwm=1830MB
RSS_SAMPLE t=79.5s rss=1837MB hwm=1837MB
RSS_SAMPLE t=79.8s rss=1844MB hwm=1844MB
RSS_SAMPLE t=80.0s rss=1848MB hwm=1848MB
RSS_SAMPLE t=80.3s rss=1853MB hwm=1853MB
RSS_SAMPLE t=80.5s rss=1858MB hwm=1858MB
RSS_SAMPLE t=80.8s rss=1862MB hwm=1862MB
RSS_SAMPLE t=81.0s rss=1867MB hwm=1867MB
RSS_SAMPLE t=81.3s rss=1870MB hwm=1870MB
RSS_SAMPLE t=81.5s rss=1873MB hwm=1873MB
RSS_SAMPLE t=81.8s rss=1876MB hwm=1876MB
RSS_SAMPLE t=82.0s rss=1878MB hwm=1878MB
RSS_SAMPLE t=82.3s rss=1879MB hwm=1879MB
RSS_SAMPLE t=82.5s rss=1881MB hwm=1881MB
RSS_SAMPLE t=82.8s rss=1882MB hwm=1882MB
RSS_SAMPLE t=83.1s rss=1883MB hwm=1883MB
RSS_SAMPLE t=83.3s rss=1883MB hwm=1883MB
RSS_SAMPLE t=83.6s rss=1884MB hwm=1884MB
RSS_SAMPLE t=83.8s rss=1884MB hwm=1884MB
RSS_SAMPLE t=84.1s rss=1884MB hwm=1884MB
RSS_SAMPLE t=84.3s rss=1884MB hwm=1884MB
RSS_SAMPLE t=84.6s rss=1885MB hwm=1885MB
RSS_SAMPLE t=84.8s rss=1885MB hwm=1885MB
RSS_SAMPLE t=85.1s rss=1885MB hwm=1885MB
RSS_SAMPLE t=85.3s rss=1886MB hwm=1886MB
RSS_SAMPLE t=85.6s rss=1886MB hwm=1886MB
RSS_SAMPLE t=85.8s rss=1886MB hwm=1886MB
RSS_SAMPLE t=86.1s rss=1886MB hwm=1886MB
RSS_SAMPLE t=86.3s rss=1887MB hwm=1887MB
RSS_SAMPLE t=86.6s rss=1887MB hwm=1887MB
RSS_SAMPLE t=86.8s rss=1887MB hwm=1887MB
RSS_SAMPLE t=87.1s rss=1888MB hwm=1888MB
RSS_SAMPLE t=87.3s rss=1888MB hwm=1888MB
RSS_SAMPLE t=87.6s rss=1888MB hwm=1888MB
RSS_SAMPLE t=87.8s rss=1889MB hwm=1889MB
RSS_SAMPLE t=88.1s rss=1889MB hwm=1889MB
RSS_SAMPLE t=88.3s rss=1889MB hwm=1889MB
RSS_SAMPLE t=88.6s rss=1890MB hwm=1890MB
RSS_SAMPLE t=88.8s rss=1890MB hwm=1890MB
RSS_SAMPLE t=89.1s rss=1890MB hwm=1890MB
RSS_SAMPLE t=89.3s rss=1890MB hwm=1890MB
RSS_SAMPLE t=89.6s rss=1891MB hwm=1891MB
RSS_SAMPLE t=89.8s rss=1891MB hwm=1891MB
RSS_SAMPLE t=90.1s rss=1892MB hwm=1892MB
RSS_SAMPLE t=90.3s rss=1892MB hwm=1892MB
RSS_SAMPLE t=90.6s rss=1892MB hwm=1892MB
RSS_SAMPLE t=90.8s rss=1892MB hwm=1892MB
RSS_SAMPLE t=91.1s rss=1893MB hwm=1893MB
RSS_SAMPLE t=91.3s rss=1893MB hwm=1893MB
RSS_SAMPLE t=91.6s rss=1893MB hwm=1893MB
RSS_SAMPLE t=91.8s rss=1893MB hwm=1893MB
RSS_SAMPLE t=92.1s rss=1894MB hwm=1894MB
RSS_SAMPLE t=92.3s rss=1894MB hwm=1894MB
RSS_SAMPLE t=92.6s rss=1894MB hwm=1894MB
RSS_SAMPLE t=92.8s rss=1895MB hwm=1895MB
RSS_SAMPLE t=93.1s rss=1895MB hwm=1895MB
RSS_SAMPLE t=93.3s rss=1895MB hwm=1895MB
RSS_SAMPLE t=93.6s rss=1895MB hwm=1895MB
RSS_SAMPLE t=93.8s rss=1895MB hwm=1895MB
RSS_SAMPLE t=94.1s rss=1895MB hwm=1895MB
RSS_SAMPLE t=94.3s rss=1896MB hwm=1896MB
RSS_SAMPLE t=94.6s rss=1896MB hwm=1896MB
RSS_SAMPLE t=94.8s rss=1896MB hwm=1896MB
RSS_SAMPLE t=95.1s rss=1897MB hwm=1897MB
RSS_SAMPLE t=95.3s rss=1897MB hwm=1897MB
RSS_SAMPLE t=95.6s rss=1897MB hwm=1897MB
RSS_SAMPLE t=95.8s rss=1898MB hwm=1898MB
RSS_SAMPLE t=96.1s rss=1898MB hwm=1898MB
RSS_SAMPLE t=96.3s rss=1899MB hwm=1899MB
RSS_SAMPLE t=96.6s rss=1899MB hwm=1899MB
RSS_SAMPLE t=96.8s rss=1899MB hwm=1899MB
RSS_SAMPLE t=97.1s rss=1900MB hwm=1900MB
RSS_SAMPLE t=97.3s rss=1900MB hwm=1900MB
RSS_SAMPLE t=97.6s rss=1900MB hwm=1900MB
RSS_SAMPLE t=97.8s rss=1901MB hwm=1901MB
RSS_SAMPLE t=98.1s rss=1901MB hwm=1901MB
RSS_SAMPLE t=98.3s rss=1901MB hwm=1901MB
RSS_SAMPLE t=98.6s rss=1902MB hwm=1902MB
RSS_SAMPLE t=98.8s rss=1902MB hwm=1902MB
RSS_SAMPLE t=99.1s rss=1902MB hwm=1902MB
RSS_SAMPLE t=99.3s rss=1902MB hwm=1902MB
RSS_SAMPLE t=99.6s rss=1903MB hwm=1903MB
RSS_SAMPLE t=99.8s rss=1903MB hwm=1903MB
RSS_SAMPLE t=100.1s rss=1903MB hwm=1903MB
RSS_SAMPLE t=100.3s rss=1904MB hwm=1904MB
RSS_SAMPLE t=100.6s rss=1904MB hwm=1904MB
RSS_SAMPLE t=100.8s rss=1904MB hwm=1904MB
RSS_SAMPLE t=101.1s rss=1905MB hwm=1905MB
RSS_SAMPLE t=101.3s rss=1905MB hwm=1905MB
RSS_SAMPLE t=101.6s rss=1905MB hwm=1905MB
    rss_probe[outer=0]: pre_refresh_rss=1067MB post_pre_solve_rss=1905MB cache_entries=42424857 cache_cap=69325648 cache_est_mb=600
    pre_solve_diag[outer=0]: solves=105117 fallback=0 (0.0%) cap_armed=105117 (100.0%) settle_avg=10344 settle_max=69353 init_count=254
  Cell placement by tile type (iter 0, 76660 cells):
    NULL: 31596
    CLB: 27114
    IOB_W: 15019
    CLK_BUFG: 2320
    BRAM: 351
    DSP: 182
    IOB_E: 78
    Overflow: over=0 (0.0% of used) avg_excess=0.00 max_excess=0.00 (nc=0.00 cap=0 span=0)  excess_buckets: <=1=0 1-5=0 5-20=0 >20=0  by_cap: cap1=0 cap2=0 cap3-5=0 cap>5=0  by_span: s1=0 s2-3=0 s4-6=0 s7-12=0 s>12=0  le1_cross: cap1=0 cap2-5=0 cap>5=0
    Congestion: pipes=2562403 used=0 congested(>50%)=0 saturated(>90%)=0 max_util=0.00 avg_util=0.0000
PHASE_MARK outer=0 enter=dcd_sweep rss=1905MB
RSS_SAMPLE t=101.8s rss=1905MB hwm=1905MB
RSS_SAMPLE t=102.1s rss=1906MB hwm=1906MB
RSS_SAMPLE t=102.3s rss=1906MB hwm=1906MB
RSS_SAMPLE t=102.6s rss=1906MB hwm=1906MB
RSS_SAMPLE t=102.8s rss=1906MB hwm=1906MB
RSS_SAMPLE t=103.1s rss=1907MB hwm=1907MB
RSS_SAMPLE t=103.3s rss=1907MB hwm=1907MB
RSS_SAMPLE t=103.6s rss=1907MB hwm=1907MB
RSS_SAMPLE t=103.8s rss=1907MB hwm=1907MB
RSS_SAMPLE t=104.1s rss=1907MB hwm=1907MB
RSS_SAMPLE t=104.3s rss=1907MB hwm=1907MB
RSS_SAMPLE t=104.6s rss=1908MB hwm=1908MB
RSS_SAMPLE t=104.8s rss=1908MB hwm=1908MB
RSS_SAMPLE t=105.1s rss=1908MB hwm=1908MB
RSS_SAMPLE t=105.3s rss=1908MB hwm=1908MB
RSS_SAMPLE t=105.6s rss=1908MB hwm=1908MB
RSS_SAMPLE t=105.8s rss=1909MB hwm=1909MB
RSS_SAMPLE t=106.1s rss=1909MB hwm=1909MB
RSS_SAMPLE t=106.3s rss=1909MB hwm=1909MB
RSS_SAMPLE t=106.6s rss=1909MB hwm=1909MB
RSS_SAMPLE t=106.8s rss=1909MB hwm=1909MB
RSS_SAMPLE t=107.1s rss=1909MB hwm=1909MB
RSS_SAMPLE t=107.3s rss=1910MB hwm=1910MB
RSS_SAMPLE t=107.6s rss=1910MB hwm=1910MB
RSS_SAMPLE t=107.8s rss=1910MB hwm=1910MB
PHASE_MARK outer=0 leave=dcd_sweep rss=1906MB
PHASE_MARK outer=0 enter=post_refresh rss=1906MB
RSS_SAMPLE t=108.1s rss=1940MB hwm=1940MB
RSS_SAMPLE t=108.3s rss=1940MB hwm=1940MB
RSS_SAMPLE t=108.6s rss=1940MB hwm=1940MB
RSS_SAMPLE t=108.8s rss=1940MB hwm=1940MB
RSS_SAMPLE t=109.1s rss=1940MB hwm=1940MB
RSS_SAMPLE t=109.3s rss=1940MB hwm=1940MB
RSS_SAMPLE t=109.6s rss=1940MB hwm=1940MB
RSS_SAMPLE t=109.8s rss=1940MB hwm=1940MB
RSS_SAMPLE t=110.1s rss=1941MB hwm=1941MB
RSS_SAMPLE t=110.3s rss=1941MB hwm=1941MB
RSS_SAMPLE t=110.6s rss=2704MB hwm=2704MB
RSS_SAMPLE t=110.8s rss=3379MB hwm=3379MB
RSS_SAMPLE t=111.1s rss=3590MB hwm=3590MB
RSS_SAMPLE t=111.3s rss=3671MB hwm=3671MB
RSS_SAMPLE t=111.6s rss=3710MB hwm=3710MB
RSS_SAMPLE t=111.8s rss=3730MB hwm=3730MB
RSS_SAMPLE t=112.1s rss=3739MB hwm=3739MB
RSS_SAMPLE t=112.3s rss=3751MB hwm=3751MB
RSS_SAMPLE t=112.6s rss=3769MB hwm=3769MB
RSS_SAMPLE t=112.8s rss=3807MB hwm=3807MB
RSS_SAMPLE t=113.1s rss=3815MB hwm=3815MB
RSS_SAMPLE t=113.3s rss=3826MB hwm=3826MB
RSS_SAMPLE t=113.6s rss=3843MB hwm=3843MB
RSS_SAMPLE t=113.8s rss=3850MB hwm=3850MB
RSS_SAMPLE t=114.1s rss=3853MB hwm=3853MB
RSS_SAMPLE t=114.3s rss=3863MB hwm=3863MB
RSS_SAMPLE t=114.6s rss=3863MB hwm=3863MB
RSS_SAMPLE t=114.8s rss=3866MB hwm=3866MB
RSS_SAMPLE t=115.1s rss=3871MB hwm=3871MB
RSS_SAMPLE t=115.3s rss=3874MB hwm=3874MB
RSS_SAMPLE t=115.6s rss=3880MB hwm=3880MB
RSS_SAMPLE t=115.8s rss=3888MB hwm=3888MB
RSS_SAMPLE t=116.1s rss=3893MB hwm=3893MB
RSS_SAMPLE t=116.3s rss=3893MB hwm=3893MB
RSS_SAMPLE t=116.6s rss=3894MB hwm=3894MB
RSS_SAMPLE t=116.8s rss=3905MB hwm=3905MB
RSS_SAMPLE t=117.1s rss=3905MB hwm=3905MB
RSS_SAMPLE t=117.3s rss=3911MB hwm=3911MB
RSS_SAMPLE t=117.6s rss=3914MB hwm=3914MB
RSS_SAMPLE t=117.8s rss=3915MB hwm=3915MB
RSS_SAMPLE t=118.1s rss=3915MB hwm=3915MB
RSS_SAMPLE t=118.3s rss=3915MB hwm=3915MB
RSS_SAMPLE t=118.6s rss=3919MB hwm=3919MB
RSS_SAMPLE t=118.8s rss=3919MB hwm=3919MB
RSS_SAMPLE t=119.1s rss=3919MB hwm=3919MB
RSS_SAMPLE t=119.3s rss=3919MB hwm=3919MB
RSS_SAMPLE t=119.6s rss=3920MB hwm=3920MB
RSS_SAMPLE t=119.8s rss=3920MB hwm=3920MB
RSS_SAMPLE t=120.1s rss=3920MB hwm=3920MB
RSS_SAMPLE t=120.3s rss=3923MB hwm=3923MB
RSS_SAMPLE t=120.6s rss=3924MB hwm=3924MB
RSS_SAMPLE t=120.8s rss=3925MB hwm=3925MB
RSS_SAMPLE t=121.1s rss=3925MB hwm=3925MB
RSS_SAMPLE t=121.3s rss=3927MB hwm=3927MB
RSS_SAMPLE t=121.6s rss=3928MB hwm=3928MB
RSS_SAMPLE t=121.8s rss=3929MB hwm=3929MB
RSS_SAMPLE t=122.1s rss=3930MB hwm=3930MB
RSS_SAMPLE t=122.3s rss=3932MB hwm=3932MB
RSS_SAMPLE t=122.6s rss=3934MB hwm=3934MB
RSS_SAMPLE t=122.8s rss=3934MB hwm=3934MB
RSS_SAMPLE t=123.1s rss=3935MB hwm=3935MB
RSS_SAMPLE t=123.3s rss=3936MB hwm=3936MB
RSS_SAMPLE t=123.6s rss=3936MB hwm=3936MB
RSS_SAMPLE t=123.8s rss=3936MB hwm=3936MB
RSS_SAMPLE t=124.1s rss=3938MB hwm=3938MB
RSS_SAMPLE t=124.3s rss=3938MB hwm=3938MB
RSS_SAMPLE t=124.6s rss=3939MB hwm=3939MB
RSS_SAMPLE t=124.8s rss=3939MB hwm=3939MB
RSS_SAMPLE t=125.1s rss=3939MB hwm=3939MB
RSS_SAMPLE t=125.3s rss=3940MB hwm=3940MB
RSS_SAMPLE t=125.6s rss=3941MB hwm=3941MB
RSS_SAMPLE t=125.8s rss=3941MB hwm=3941MB
RSS_SAMPLE t=126.1s rss=3942MB hwm=3942MB
RSS_SAMPLE t=126.3s rss=3943MB hwm=3943MB
RSS_SAMPLE t=126.6s rss=3943MB hwm=3943MB
RSS_SAMPLE t=126.8s rss=3944MB hwm=3944MB
RSS_SAMPLE t=127.1s rss=3944MB hwm=3944MB
RSS_SAMPLE t=127.3s rss=3945MB hwm=3945MB
RSS_SAMPLE t=127.6s rss=3945MB hwm=3945MB
RSS_SAMPLE t=127.8s rss=3947MB hwm=3947MB
RSS_SAMPLE t=128.1s rss=3947MB hwm=3947MB
RSS_SAMPLE t=128.3s rss=3948MB hwm=3948MB
RSS_SAMPLE t=128.6s rss=3949MB hwm=3949MB
RSS_SAMPLE t=128.8s rss=3949MB hwm=3949MB
RSS_SAMPLE t=129.1s rss=3950MB hwm=3950MB
RSS_SAMPLE t=129.3s rss=3950MB hwm=3950MB
RSS_SAMPLE t=129.6s rss=3951MB hwm=3951MB
RSS_SAMPLE t=129.8s rss=3952MB hwm=3952MB
RSS_SAMPLE t=130.1s rss=3955MB hwm=3955MB
RSS_SAMPLE t=130.3s rss=3956MB hwm=3956MB
RSS_SAMPLE t=130.6s rss=3957MB hwm=3957MB
RSS_SAMPLE t=130.8s rss=3959MB hwm=3959MB
RSS_SAMPLE t=131.1s rss=3960MB hwm=3960MB
RSS_SAMPLE t=131.3s rss=3960MB hwm=3960MB
RSS_SAMPLE t=131.6s rss=3961MB hwm=3961MB
RSS_SAMPLE t=131.9s rss=3961MB hwm=3961MB
RSS_SAMPLE t=132.1s rss=3962MB hwm=3962MB
RSS_SAMPLE t=132.4s rss=3964MB hwm=3964MB
RSS_SAMPLE t=132.6s rss=3965MB hwm=3965MB
RSS_SAMPLE t=132.9s rss=3966MB hwm=3966MB
RSS_SAMPLE t=133.1s rss=3967MB hwm=3967MB
RSS_SAMPLE t=133.4s rss=3967MB hwm=3967MB
RSS_SAMPLE t=133.6s rss=3968MB hwm=3968MB
RSS_SAMPLE t=133.9s rss=3969MB hwm=3969MB
RSS_SAMPLE t=134.1s rss=3970MB hwm=3970MB
RSS_SAMPLE t=134.4s rss=3972MB hwm=3972MB
RSS_SAMPLE t=134.6s rss=3973MB hwm=3973MB
RSS_SAMPLE t=134.9s rss=3974MB hwm=3974MB
RSS_SAMPLE t=135.1s rss=3975MB hwm=3975MB
RSS_SAMPLE t=135.4s rss=3977MB hwm=3977MB
RSS_SAMPLE t=135.6s rss=3979MB hwm=3979MB
RSS_SAMPLE t=135.9s rss=3979MB hwm=3979MB
RSS_SAMPLE t=136.1s rss=3980MB hwm=3980MB
RSS_SAMPLE t=136.4s rss=3980MB hwm=3980MB
RSS_SAMPLE t=136.6s rss=3980MB hwm=3980MB
RSS_SAMPLE t=136.9s rss=3981MB hwm=3981MB
RSS_SAMPLE t=137.1s rss=3981MB hwm=3981MB
RSS_SAMPLE t=137.4s rss=3984MB hwm=3984MB
RSS_SAMPLE t=137.6s rss=3984MB hwm=3984MB
RSS_SAMPLE t=137.9s rss=3985MB hwm=3985MB
RSS_SAMPLE t=138.1s rss=3986MB hwm=3986MB
RSS_SAMPLE t=138.4s rss=3986MB hwm=3986MB
RSS_SAMPLE t=138.6s rss=3987MB hwm=3987MB
RSS_SAMPLE t=138.9s rss=3988MB hwm=3988MB
RSS_SAMPLE t=139.1s rss=3988MB hwm=3988MB
RSS_SAMPLE t=139.4s rss=3988MB hwm=3988MB
RSS_SAMPLE t=139.6s rss=3989MB hwm=3989MB
RSS_SAMPLE t=139.9s rss=3989MB hwm=3989MB
RSS_SAMPLE t=140.1s rss=3990MB hwm=3990MB
RSS_SAMPLE t=140.4s rss=3991MB hwm=3991MB
RSS_SAMPLE t=140.6s rss=3991MB hwm=3991MB
RSS_SAMPLE t=140.9s rss=3991MB hwm=3991MB
RSS_SAMPLE t=141.1s rss=3992MB hwm=3992MB
RSS_SAMPLE t=141.4s rss=3993MB hwm=3993MB
RSS_SAMPLE t=141.6s rss=3994MB hwm=3994MB
RSS_SAMPLE t=141.9s rss=3995MB hwm=3995MB
RSS_SAMPLE t=142.1s rss=3996MB hwm=3996MB
RSS_SAMPLE t=142.4s rss=3996MB hwm=3996MB
RSS_SAMPLE t=142.6s rss=3997MB hwm=3997MB
RSS_SAMPLE t=142.9s rss=3998MB hwm=3998MB
RSS_SAMPLE t=143.1s rss=3998MB hwm=3998MB
RSS_SAMPLE t=143.4s rss=3999MB hwm=3999MB
RSS_SAMPLE t=143.6s rss=4000MB hwm=4000MB
RSS_SAMPLE t=143.9s rss=4001MB hwm=4001MB
RSS_SAMPLE t=144.1s rss=4001MB hwm=4001MB
RSS_SAMPLE t=144.4s rss=4002MB hwm=4002MB
RSS_SAMPLE t=144.6s rss=4003MB hwm=4003MB
RSS_SAMPLE t=144.9s rss=4004MB hwm=4004MB
RSS_SAMPLE t=145.1s rss=4005MB hwm=4005MB
RSS_SAMPLE t=145.4s rss=4005MB hwm=4005MB
RSS_SAMPLE t=145.6s rss=4007MB hwm=4007MB
RSS_SAMPLE t=145.9s rss=4007MB hwm=4007MB
RSS_SAMPLE t=146.1s rss=4008MB hwm=4008MB
RSS_SAMPLE t=146.4s rss=4009MB hwm=4009MB
RSS_SAMPLE t=146.6s rss=4010MB hwm=4010MB
RSS_SAMPLE t=146.9s rss=4010MB hwm=4010MB
RSS_SAMPLE t=147.1s rss=4012MB hwm=4012MB
RSS_SAMPLE t=147.4s rss=4012MB hwm=4012MB
RSS_SAMPLE t=147.6s rss=4013MB hwm=4013MB
RSS_SAMPLE t=147.9s rss=4014MB hwm=4014MB
RSS_SAMPLE t=148.1s rss=4014MB hwm=4014MB
RSS_SAMPLE t=148.4s rss=4015MB hwm=4015MB
RSS_SAMPLE t=148.6s rss=4016MB hwm=4016MB
RSS_SAMPLE t=148.9s rss=4018MB hwm=4018MB
RSS_SAMPLE t=149.1s rss=4019MB hwm=4019MB
RSS_SAMPLE t=149.4s rss=4020MB hwm=4020MB
RSS_SAMPLE t=149.6s rss=4020MB hwm=4020MB
RSS_SAMPLE t=149.9s rss=4021MB hwm=4021MB
RSS_SAMPLE t=150.1s rss=4022MB hwm=4022MB
RSS_SAMPLE t=150.4s rss=4022MB hwm=4022MB
RSS_SAMPLE t=150.6s rss=4024MB hwm=4024MB
RSS_SAMPLE t=150.9s rss=4024MB hwm=4024MB
RSS_SAMPLE t=151.1s rss=4025MB hwm=4025MB
RSS_SAMPLE t=151.4s rss=4026MB hwm=4026MB
RSS_SAMPLE t=151.6s rss=4026MB hwm=4026MB
RSS_SAMPLE t=151.9s rss=4027MB hwm=4027MB
RSS_SAMPLE t=152.1s rss=4028MB hwm=4028MB
RSS_SAMPLE t=152.4s rss=4029MB hwm=4029MB
RSS_SAMPLE t=152.6s rss=4030MB hwm=4030MB
RSS_SAMPLE t=152.9s rss=4030MB hwm=4030MB
RSS_SAMPLE t=153.1s rss=4031MB hwm=4031MB
RSS_SAMPLE t=153.4s rss=4032MB hwm=4032MB
RSS_SAMPLE t=153.6s rss=4033MB hwm=4033MB
RSS_SAMPLE t=153.9s rss=4034MB hwm=4034MB
RSS_SAMPLE t=154.1s rss=4035MB hwm=4035MB
RSS_SAMPLE t=154.4s rss=4035MB hwm=4035MB
RSS_SAMPLE t=154.6s rss=4036MB hwm=4036MB
RSS_SAMPLE t=154.9s rss=4037MB hwm=4037MB
RSS_SAMPLE t=155.1s rss=4038MB hwm=4038MB
RSS_SAMPLE t=155.4s rss=4039MB hwm=4039MB
RSS_SAMPLE t=155.6s rss=4039MB hwm=4039MB
RSS_SAMPLE t=155.9s rss=4040MB hwm=4040MB
RSS_SAMPLE t=156.1s rss=4041MB hwm=4041MB
RSS_SAMPLE t=156.4s rss=4041MB hwm=4041MB
RSS_SAMPLE t=156.6s rss=4042MB hwm=4042MB
RSS_SAMPLE t=156.9s rss=4042MB hwm=4042MB
RSS_SAMPLE t=157.1s rss=4043MB hwm=4043MB
RSS_SAMPLE t=157.4s rss=4044MB hwm=4044MB
RSS_SAMPLE t=157.6s rss=4045MB hwm=4045MB
RSS_SAMPLE t=157.9s rss=4046MB hwm=4046MB
RSS_SAMPLE t=158.1s rss=4047MB hwm=4047MB
RSS_SAMPLE t=158.4s rss=4048MB hwm=4048MB
RSS_SAMPLE t=158.6s rss=4048MB hwm=4048MB
RSS_SAMPLE t=158.9s rss=4049MB hwm=4049MB
RSS_SAMPLE t=159.1s rss=4050MB hwm=4050MB
RSS_SAMPLE t=159.4s rss=4050MB hwm=4050MB
RSS_SAMPLE t=159.6s rss=4051MB hwm=4051MB
RSS_SAMPLE t=159.9s rss=4052MB hwm=4052MB
RSS_SAMPLE t=160.1s rss=4053MB hwm=4053MB
RSS_SAMPLE t=160.4s rss=4053MB hwm=4053MB
RSS_SAMPLE t=160.6s rss=4055MB hwm=4055MB
RSS_SAMPLE t=160.9s rss=4055MB hwm=4055MB
RSS_SAMPLE t=161.1s rss=4056MB hwm=4056MB
RSS_SAMPLE t=161.4s rss=4057MB hwm=4057MB
RSS_SAMPLE t=161.6s rss=4058MB hwm=4058MB
RSS_SAMPLE t=161.9s rss=4059MB hwm=4059MB
RSS_SAMPLE t=162.1s rss=4059MB hwm=4059MB
RSS_SAMPLE t=162.4s rss=4060MB hwm=4060MB
RSS_SAMPLE t=162.6s rss=4061MB hwm=4061MB
RSS_SAMPLE t=162.9s rss=4062MB hwm=4062MB
RSS_SAMPLE t=163.1s rss=4062MB hwm=4062MB
RSS_SAMPLE t=163.4s rss=4062MB hwm=4062MB
RSS_SAMPLE t=163.6s rss=4063MB hwm=4063MB
RSS_SAMPLE t=163.9s rss=4064MB hwm=4064MB
RSS_SAMPLE t=164.1s rss=4064MB hwm=4064MB
RSS_SAMPLE t=164.4s rss=4064MB hwm=4064MB
RSS_SAMPLE t=164.6s rss=4064MB hwm=4064MB
RSS_SAMPLE t=164.9s rss=4064MB hwm=4064MB
RSS_SAMPLE t=165.1s rss=4065MB hwm=4065MB
RSS_SAMPLE t=165.4s rss=4065MB hwm=4065MB
RSS_SAMPLE t=165.6s rss=4065MB hwm=4065MB
RSS_SAMPLE t=165.9s rss=4065MB hwm=4065MB
RSS_SAMPLE t=166.1s rss=4065MB hwm=4065MB
RSS_SAMPLE t=166.4s rss=4065MB hwm=4065MB
RSS_SAMPLE t=166.6s rss=4065MB hwm=4065MB
RSS_SAMPLE t=166.9s rss=4065MB hwm=4065MB
RSS_SAMPLE t=167.1s rss=4065MB hwm=4065MB
RSS_SAMPLE t=167.4s rss=4065MB hwm=4065MB
RSS_SAMPLE t=167.6s rss=4065MB hwm=4065MB
RSS_SAMPLE t=167.9s rss=4065MB hwm=4065MB
RSS_SAMPLE t=168.1s rss=4065MB hwm=4065MB
RSS_SAMPLE t=168.4s rss=4065MB hwm=4065MB
RSS_SAMPLE t=168.6s rss=4066MB hwm=4066MB
RSS_SAMPLE t=168.9s rss=4066MB hwm=4066MB
RSS_SAMPLE t=169.1s rss=4066MB hwm=4066MB
RSS_SAMPLE t=169.4s rss=4066MB hwm=4066MB
RSS_SAMPLE t=169.6s rss=4066MB hwm=4066MB
RSS_SAMPLE t=169.9s rss=4066MB hwm=4066MB
RSS_SAMPLE t=170.1s rss=4066MB hwm=4066MB
RSS_SAMPLE t=170.4s rss=4066MB hwm=4066MB
RSS_SAMPLE t=170.6s rss=4066MB hwm=4066MB
RSS_SAMPLE t=170.9s rss=4067MB hwm=4067MB
RSS_SAMPLE t=171.1s rss=4067MB hwm=4067MB
RSS_SAMPLE t=171.4s rss=4067MB hwm=4067MB
RSS_SAMPLE t=171.6s rss=4067MB hwm=4067MB
RSS_SAMPLE t=171.9s rss=4067MB hwm=4067MB
RSS_SAMPLE t=172.1s rss=4067MB hwm=4067MB
RSS_SAMPLE t=172.4s rss=4067MB hwm=4067MB
RSS_SAMPLE t=172.6s rss=4067MB hwm=4067MB
RSS_SAMPLE t=172.9s rss=4067MB hwm=4067MB
RSS_SAMPLE t=173.1s rss=4067MB hwm=4067MB
RSS_SAMPLE t=173.4s rss=4067MB hwm=4067MB
RSS_SAMPLE t=173.6s rss=4067MB hwm=4067MB
RSS_SAMPLE t=173.9s rss=4067MB hwm=4067MB
RSS_SAMPLE t=174.1s rss=4067MB hwm=4067MB
RSS_SAMPLE t=174.4s rss=4067MB hwm=4067MB
RSS_SAMPLE t=174.6s rss=4067MB hwm=4067MB
RSS_SAMPLE t=174.9s rss=4067MB hwm=4067MB
RSS_SAMPLE t=175.1s rss=4067MB hwm=4067MB
RSS_SAMPLE t=175.4s rss=4067MB hwm=4067MB
RSS_SAMPLE t=175.6s rss=4067MB hwm=4067MB
RSS_SAMPLE t=175.9s rss=4067MB hwm=4067MB
RSS_SAMPLE t=176.1s rss=4067MB hwm=4067MB
RSS_SAMPLE t=176.4s rss=4068MB hwm=4068MB
RSS_SAMPLE t=176.6s rss=4068MB hwm=4068MB
RSS_SAMPLE t=176.9s rss=4068MB hwm=4068MB
RSS_SAMPLE t=177.1s rss=4068MB hwm=4068MB
RSS_SAMPLE t=177.4s rss=4068MB hwm=4068MB
RSS_SAMPLE t=177.6s rss=4068MB hwm=4068MB
RSS_SAMPLE t=177.9s rss=4068MB hwm=4068MB
RSS_SAMPLE t=178.1s rss=4068MB hwm=4068MB
RSS_SAMPLE t=178.4s rss=4068MB hwm=4068MB
RSS_SAMPLE t=178.6s rss=4068MB hwm=4068MB
RSS_SAMPLE t=178.9s rss=4068MB hwm=4068MB
RSS_SAMPLE t=179.2s rss=4068MB hwm=4068MB
RSS_SAMPLE t=179.4s rss=4069MB hwm=4069MB
RSS_SAMPLE t=179.7s rss=4069MB hwm=4069MB
RSS_SAMPLE t=179.9s rss=4069MB hwm=4069MB
RSS_SAMPLE t=180.2s rss=4069MB hwm=4069MB
RSS_SAMPLE t=180.4s rss=4069MB hwm=4069MB
RSS_SAMPLE t=180.7s rss=4069MB hwm=4069MB
RSS_SAMPLE t=180.9s rss=4069MB hwm=4069MB
RSS_SAMPLE t=181.2s rss=4069MB hwm=4069MB
RSS_SAMPLE t=181.4s rss=4069MB hwm=4069MB
RSS_SAMPLE t=181.7s rss=4069MB hwm=4069MB
RSS_SAMPLE t=181.9s rss=4070MB hwm=4070MB
RSS_SAMPLE t=182.2s rss=4070MB hwm=4070MB
RSS_SAMPLE t=182.4s rss=4070MB hwm=4070MB
RSS_SAMPLE t=182.7s rss=4070MB hwm=4070MB
RSS_SAMPLE t=182.9s rss=4070MB hwm=4070MB
RSS_SAMPLE t=183.2s rss=4070MB hwm=4070MB
RSS_SAMPLE t=183.4s rss=4070MB hwm=4070MB
RSS_SAMPLE t=183.7s rss=4070MB hwm=4070MB
RSS_SAMPLE t=183.9s rss=4071MB hwm=4071MB
RSS_SAMPLE t=184.2s rss=4071MB hwm=4071MB
RSS_SAMPLE t=184.4s rss=4071MB hwm=4071MB
RSS_SAMPLE t=184.7s rss=4071MB hwm=4071MB
RSS_SAMPLE t=184.9s rss=4071MB hwm=4071MB
RSS_SAMPLE t=185.2s rss=4071MB hwm=4071MB
RSS_SAMPLE t=185.4s rss=4071MB hwm=4071MB
RSS_SAMPLE t=185.7s rss=4071MB hwm=4071MB
RSS_SAMPLE t=185.9s rss=4071MB hwm=4071MB
RSS_SAMPLE t=186.2s rss=4071MB hwm=4071MB
RSS_SAMPLE t=186.4s rss=4071MB hwm=4071MB
RSS_SAMPLE t=186.7s rss=4071MB hwm=4071MB
RSS_SAMPLE t=186.9s rss=4071MB hwm=4071MB
RSS_SAMPLE t=187.2s rss=4072MB hwm=4072MB
RSS_SAMPLE t=187.4s rss=4072MB hwm=4072MB
RSS_SAMPLE t=187.7s rss=4072MB hwm=4072MB
RSS_SAMPLE t=187.9s rss=4072MB hwm=4072MB
RSS_SAMPLE t=188.2s rss=4072MB hwm=4072MB
RSS_SAMPLE t=188.4s rss=4072MB hwm=4072MB
RSS_SAMPLE t=188.7s rss=4072MB hwm=4072MB
RSS_SAMPLE t=188.9s rss=4072MB hwm=4072MB
MEM_POOL: workspaces=32 dense_usage_mb=1251 n_pipes=2562403
    post_solve_diag[outer=0]: solves=105117 cap_armed=105117 (100.0%) settle_avg=9381 above_sink_avg=228 (2.4%) settle_max=69353
    load_support[outer=0]: settle_avg=9381 load_nz_avg=5774 (61.5%) load_material_avg=2239 (23.9%)
    prune_ceiling[outer=0]: settle_avg=9381 heuristic_prunable_avg=4201 (44.8%) vs oracle_zero_load=38.5%
    settle_hist[outer=0]: <100: 25408nets/0.1%work  <1k: 22013nets/0.7%work  <5k: 23952nets/6.3%work  <20k: 14217nets/15.8%work  <60k: 17189nets/61.2%work  >=60k: 2338nets/15.7%work
    fanout_hist[outer=0]: fan1: 43710nets/13.4%work  fan2-4: 48279nets/50.8%work  fan5-16: 12974nets/35.0%work  fan17-64: 154nets/0.8%work  fan65-256: 0nets/0.0%work  fan>256: 0nets/0.0%work
    rss_probe[outer=0]: pre_post_solve=1941MB post_post_solve=4092MB after_apply=4092MB
MuxSlotTracker[sweep 0 LEAK]: populated_cells=59763, overflow_tiles=5, at_cap_tiles=1517, peak_excess=11, capacity_hist={16:67346}
    E_decomp: base=10426244.8 eff=10954477.0 cong=528232.3 cong_share=4.8% sat_pipes=174669 max_util=1142.28  R_buckets: 1-2x=2562403 2-10x=0 10-100x=0 >=100x=0
    E_potential: beckmann=14312237275341.0 history_total=0.0
    SpanCache: epoch=1 entries=110 lookups=2562403 hits=2562293 misses=110 hit_rate=100.0%
  DCD   0: nets=105117 line=17072682 energy=2323387.099 dE=+0.000 friction=4350392.9 bins=2.8x(1117) excess=567.0 moved=59576 disp=inf solves=210234 skip=0 pops=2073448511 theta=0.250 refresh=125934ms dcd=6244ms total=134660ms
    cache_stats: entries=52666944 capacity=88871412 est_mb=768 rss_mb=4076
RSS_SAMPLE t=189.2s rss=4076MB hwm=4087MB
RSS_SAMPLE t=189.4s rss=4076MB hwm=4087MB
RSS_SAMPLE t=189.7s rss=4076MB hwm=4087MB
RSS_SAMPLE t=189.9s rss=4076MB hwm=4087MB
RSS_SAMPLE t=190.2s rss=4076MB hwm=4087MB
RSS_SAMPLE t=190.4s rss=4076MB hwm=4087MB
RSS_SAMPLE t=190.7s rss=4076MB hwm=4087MB
RSS_SAMPLE t=190.9s rss=4076MB hwm=4087MB
RSS_SAMPLE t=191.2s rss=4076MB hwm=4087MB
RSS_SAMPLE t=191.4s rss=4076MB hwm=4087MB
    SwitchMatrix: type_usage_pairs=856 lookups=2516 hits=1660 dijkstra_calls=856 avg_us=11.0 total_ms=9.4
PHASE_MARK outer=1 enter=pre_solve rss=4076MB
    rss_probe[outer=1]: pre_refresh_rss=4076MB post_pre_solve_rss=4077MB cache_entries=52666944 cache_cap=88871412 cache_est_mb=768
    pre_solve_diag[outer=1]: solves=0 fallback=0 (0.0%) cap_armed=0 (0.0%) settle_avg=0 settle_max=0 init_count=230
    Overflow: over=150768 (5.9% of used) avg_excess=2.33 max_excess=1491.55 (nc=1515.55 cap=24 span=1)  excess_buckets: <=1=78661 1-5=56068 5-20=14604 >20=1435  by_cap: cap1=78287 cap2=46513 cap3-5=141 cap>5=25827  by_span: s1=1524 s2-3=1863 s4-6=15798 s7-12=51475 s>12=80108  le1_cross: cap1=50071 cap2-5=25347 cap>5=3243
    Congestion: pipes=2562403 used=2562403 congested(>50%)=359406 saturated(>90%)=174669 max_util=1142.28 avg_util=0.2973
PHASE_MARK outer=1 enter=dcd_sweep rss=4077MB
RSS_SAMPLE t=191.7s rss=4077MB hwm=4087MB
RSS_SAMPLE t=191.9s rss=4077MB hwm=4087MB
RSS_SAMPLE t=192.2s rss=4077MB hwm=4087MB
RSS_SAMPLE t=192.4s rss=4077MB hwm=4087MB
RSS_SAMPLE t=192.7s rss=4077MB hwm=4087MB
RSS_SAMPLE t=192.9s rss=4077MB hwm=4087MB
RSS_SAMPLE t=193.2s rss=4077MB hwm=4087MB
RSS_SAMPLE t=193.4s rss=4077MB hwm=4087MB
RSS_SAMPLE t=193.7s rss=4077MB hwm=4087MB
RSS_SAMPLE t=193.9s rss=4077MB hwm=4087MB
RSS_SAMPLE t=194.2s rss=4077MB hwm=4087MB
RSS_SAMPLE t=194.4s rss=4077MB hwm=4087MB
RSS_SAMPLE t=194.7s rss=4077MB hwm=4087MB
RSS_SAMPLE t=194.9s rss=4077MB hwm=4087MB
RSS_SAMPLE t=195.2s rss=4077MB hwm=4087MB
RSS_SAMPLE t=195.4s rss=4077MB hwm=4087MB
RSS_SAMPLE t=195.7s rss=4077MB hwm=4087MB
RSS_SAMPLE t=195.9s rss=4077MB hwm=4087MB
RSS_SAMPLE t=196.2s rss=4077MB hwm=4087MB
RSS_SAMPLE t=196.4s rss=4077MB hwm=4087MB
RSS_SAMPLE t=196.7s rss=4077MB hwm=4087MB
RSS_SAMPLE t=196.9s rss=4077MB hwm=4087MB
RSS_SAMPLE t=197.2s rss=4077MB hwm=4087MB
RSS_SAMPLE t=197.4s rss=4077MB hwm=4087MB
RSS_SAMPLE t=197.7s rss=4077MB hwm=4087MB
RSS_SAMPLE t=197.9s rss=4077MB hwm=4087MB
PHASE_MARK outer=1 leave=dcd_sweep rss=4077MB
PHASE_MARK outer=1 enter=post_refresh rss=4077MB
RSS_SAMPLE t=198.2s rss=4087MB hwm=4087MB
RSS_SAMPLE t=198.4s rss=4087MB hwm=4087MB
RSS_SAMPLE t=198.7s rss=4087MB hwm=4087MB
RSS_SAMPLE t=198.9s rss=4087MB hwm=4087MB
RSS_SAMPLE t=199.2s rss=4087MB hwm=4087MB
RSS_SAMPLE t=199.4s rss=4087MB hwm=4087MB
RSS_SAMPLE t=199.7s rss=4087MB hwm=4087MB
RSS_SAMPLE t=199.9s rss=4088MB hwm=4088MB
RSS_SAMPLE t=200.2s rss=4088MB hwm=4088MB
RSS_SAMPLE t=200.4s rss=4088MB hwm=4088MB
RSS_SAMPLE t=200.7s rss=4089MB hwm=4089MB
RSS_SAMPLE t=200.9s rss=4090MB hwm=4090MB
RSS_SAMPLE t=201.2s rss=4091MB hwm=4091MB
RSS_SAMPLE t=201.4s rss=4091MB hwm=4091MB
RSS_SAMPLE t=201.7s rss=4092MB hwm=4092MB
RSS_SAMPLE t=201.9s rss=4093MB hwm=4093MB
RSS_SAMPLE t=202.2s rss=4094MB hwm=4094MB
RSS_SAMPLE t=202.4s rss=4094MB hwm=4094MB
RSS_SAMPLE t=202.7s rss=4095MB hwm=4095MB
RSS_SAMPLE t=202.9s rss=4096MB hwm=4096MB
RSS_SAMPLE t=203.2s rss=4097MB hwm=4097MB
RSS_SAMPLE t=203.4s rss=4098MB hwm=4098MB
RSS_SAMPLE t=203.7s rss=4099MB hwm=4099MB
RSS_SAMPLE t=203.9s rss=4100MB hwm=4100MB
RSS_SAMPLE t=204.2s rss=4100MB hwm=4100MB
RSS_SAMPLE t=204.4s rss=4101MB hwm=4101MB
RSS_SAMPLE t=204.7s rss=4102MB hwm=4102MB
RSS_SAMPLE t=204.9s rss=4104MB hwm=4104MB
RSS_SAMPLE t=205.2s rss=4104MB hwm=4104MB
RSS_SAMPLE t=205.4s rss=4105MB hwm=4105MB
RSS_SAMPLE t=205.7s rss=4106MB hwm=4106MB
RSS_SAMPLE t=205.9s rss=4108MB hwm=4108MB
RSS_SAMPLE t=206.2s rss=4108MB hwm=4108MB
RSS_SAMPLE t=206.4s rss=4110MB hwm=4110MB
RSS_SAMPLE t=206.7s rss=4111MB hwm=4111MB
RSS_SAMPLE t=206.9s rss=4111MB hwm=4111MB
RSS_SAMPLE t=207.2s rss=4112MB hwm=4112MB
RSS_SAMPLE t=207.4s rss=4113MB hwm=4113MB
RSS_SAMPLE t=207.7s rss=4114MB hwm=4114MB
RSS_SAMPLE t=207.9s rss=4115MB hwm=4115MB
RSS_SAMPLE t=208.2s rss=4116MB hwm=4116MB
RSS_SAMPLE t=208.4s rss=4117MB hwm=4117MB
RSS_SAMPLE t=208.7s rss=4118MB hwm=4118MB
RSS_SAMPLE t=208.9s rss=4118MB hwm=4118MB
RSS_SAMPLE t=209.2s rss=4119MB hwm=4119MB
RSS_SAMPLE t=209.4s rss=4120MB hwm=4120MB
RSS_SAMPLE t=209.7s rss=4121MB hwm=4121MB
RSS_SAMPLE t=209.9s rss=4122MB hwm=4122MB
RSS_SAMPLE t=210.2s rss=4123MB hwm=4123MB
RSS_SAMPLE t=210.4s rss=4123MB hwm=4123MB
RSS_SAMPLE t=210.7s rss=4125MB hwm=4125MB
RSS_SAMPLE t=210.9s rss=4125MB hwm=4125MB
RSS_SAMPLE t=211.2s rss=4126MB hwm=4126MB
RSS_SAMPLE t=211.4s rss=4127MB hwm=4127MB
RSS_SAMPLE t=211.7s rss=4128MB hwm=4128MB
RSS_SAMPLE t=211.9s rss=4129MB hwm=4129MB
RSS_SAMPLE t=212.2s rss=4130MB hwm=4130MB
RSS_SAMPLE t=212.4s rss=4131MB hwm=4131MB
RSS_SAMPLE t=212.7s rss=4132MB hwm=4132MB
RSS_SAMPLE t=212.9s rss=4133MB hwm=4133MB
RSS_SAMPLE t=213.2s rss=4134MB hwm=4134MB
RSS_SAMPLE t=213.4s rss=4134MB hwm=4134MB
RSS_SAMPLE t=213.7s rss=4135MB hwm=4135MB
RSS_SAMPLE t=213.9s rss=4136MB hwm=4136MB
RSS_SAMPLE t=214.2s rss=4137MB hwm=4137MB
RSS_SAMPLE t=214.4s rss=4138MB hwm=4138MB
RSS_SAMPLE t=214.7s rss=4138MB hwm=4138MB
RSS_SAMPLE t=214.9s rss=4139MB hwm=4139MB
RSS_SAMPLE t=215.2s rss=4141MB hwm=4141MB
RSS_SAMPLE t=215.4s rss=4142MB hwm=4142MB
RSS_SAMPLE t=215.7s rss=4142MB hwm=4142MB
RSS_SAMPLE t=215.9s rss=4143MB hwm=4143MB
RSS_SAMPLE t=216.2s rss=4144MB hwm=4144MB
RSS_SAMPLE t=216.4s rss=4145MB hwm=4145MB
RSS_SAMPLE t=216.7s rss=4146MB hwm=4146MB
RSS_SAMPLE t=216.9s rss=4147MB hwm=4147MB
RSS_SAMPLE t=217.2s rss=4148MB hwm=4148MB
RSS_SAMPLE t=217.4s rss=4149MB hwm=4149MB
RSS_SAMPLE t=217.7s rss=4150MB hwm=4150MB
RSS_SAMPLE t=217.9s rss=4152MB hwm=4152MB
RSS_SAMPLE t=218.2s rss=4153MB hwm=4153MB
RSS_SAMPLE t=218.4s rss=4154MB hwm=4154MB
RSS_SAMPLE t=218.7s rss=4155MB hwm=4155MB
RSS_SAMPLE t=218.9s rss=4155MB hwm=4155MB
RSS_SAMPLE t=219.2s rss=4156MB hwm=4156MB
RSS_SAMPLE t=219.4s rss=4157MB hwm=4157MB
RSS_SAMPLE t=219.7s rss=4159MB hwm=4159MB
RSS_SAMPLE t=219.9s rss=4159MB hwm=4159MB
RSS_SAMPLE t=220.2s rss=4160MB hwm=4160MB
RSS_SAMPLE t=220.4s rss=4161MB hwm=4161MB
RSS_SAMPLE t=220.7s rss=4161MB hwm=4161MB
RSS_SAMPLE t=220.9s rss=4161MB hwm=4161MB
RSS_SAMPLE t=221.2s rss=4162MB hwm=4162MB
RSS_SAMPLE t=221.4s rss=4163MB hwm=4163MB
RSS_SAMPLE t=221.7s rss=4164MB hwm=4164MB
RSS_SAMPLE t=221.9s rss=4165MB hwm=4165MB
RSS_SAMPLE t=222.2s rss=4166MB hwm=4166MB
RSS_SAMPLE t=222.4s rss=4166MB hwm=4166MB
RSS_SAMPLE t=222.7s rss=4167MB hwm=4167MB
RSS_SAMPLE t=222.9s rss=4167MB hwm=4167MB
RSS_SAMPLE t=223.2s rss=4167MB hwm=4167MB
RSS_SAMPLE t=223.4s rss=4169MB hwm=4169MB
RSS_SAMPLE t=223.7s rss=4169MB hwm=4169MB
RSS_SAMPLE t=223.9s rss=4169MB hwm=4169MB
RSS_SAMPLE t=224.2s rss=4170MB hwm=4170MB
RSS_SAMPLE t=224.4s rss=4171MB hwm=4171MB
RSS_SAMPLE t=224.7s rss=4172MB hwm=4172MB
RSS_SAMPLE t=224.9s rss=4172MB hwm=4172MB
RSS_SAMPLE t=225.2s rss=4173MB hwm=4173MB
RSS_SAMPLE t=225.4s rss=4173MB hwm=4173MB
RSS_SAMPLE t=225.7s rss=4174MB hwm=4174MB
RSS_SAMPLE t=225.9s rss=4175MB hwm=4175MB
RSS_SAMPLE t=226.2s rss=4176MB hwm=4176MB
RSS_SAMPLE t=226.4s rss=4176MB hwm=4176MB
RSS_SAMPLE t=226.7s rss=4177MB hwm=4177MB
RSS_SAMPLE t=226.9s rss=4178MB hwm=4178MB
RSS_SAMPLE t=227.2s rss=4178MB hwm=4178MB
RSS_SAMPLE t=227.4s rss=4179MB hwm=4179MB
RSS_SAMPLE t=227.7s rss=4179MB hwm=4179MB
RSS_SAMPLE t=227.9s rss=4180MB hwm=4180MB
RSS_SAMPLE t=228.2s rss=4180MB hwm=4180MB
RSS_SAMPLE t=228.4s rss=4181MB hwm=4181MB
RSS_SAMPLE t=228.7s rss=4181MB hwm=4181MB
RSS_SAMPLE t=228.9s rss=4182MB hwm=4182MB
RSS_SAMPLE t=229.2s rss=4183MB hwm=4183MB
RSS_SAMPLE t=229.4s rss=4183MB hwm=4183MB
RSS_SAMPLE t=229.7s rss=4184MB hwm=4184MB
RSS_SAMPLE t=229.9s rss=4184MB hwm=4184MB
RSS_SAMPLE t=230.2s rss=4185MB hwm=4185MB
RSS_SAMPLE t=230.4s rss=4185MB hwm=4185MB
RSS_SAMPLE t=230.7s rss=4186MB hwm=4186MB
RSS_SAMPLE t=230.9s rss=4186MB hwm=4186MB
RSS_SAMPLE t=231.2s rss=4187MB hwm=4187MB
RSS_SAMPLE t=231.4s rss=4188MB hwm=4188MB
RSS_SAMPLE t=231.7s rss=4188MB hwm=4188MB
RSS_SAMPLE t=231.9s rss=4189MB hwm=4189MB
RSS_SAMPLE t=232.2s rss=4190MB hwm=4190MB
RSS_SAMPLE t=232.4s rss=4191MB hwm=4191MB
RSS_SAMPLE t=232.7s rss=4191MB hwm=4191MB
RSS_SAMPLE t=233.0s rss=4192MB hwm=4192MB
RSS_SAMPLE t=233.2s rss=4192MB hwm=4192MB
RSS_SAMPLE t=233.5s rss=4193MB hwm=4193MB
RSS_SAMPLE t=233.7s rss=4194MB hwm=4194MB
RSS_SAMPLE t=234.0s rss=4195MB hwm=4195MB
RSS_SAMPLE t=234.2s rss=4195MB hwm=4195MB
RSS_SAMPLE t=234.5s rss=4196MB hwm=4196MB
RSS_SAMPLE t=234.7s rss=4196MB hwm=4196MB
RSS_SAMPLE t=235.0s rss=4197MB hwm=4197MB
RSS_SAMPLE t=235.2s rss=4198MB hwm=4198MB
RSS_SAMPLE t=235.5s rss=4198MB hwm=4198MB
RSS_SAMPLE t=235.7s rss=4200MB hwm=4200MB
RSS_SAMPLE t=236.0s rss=4200MB hwm=4200MB
RSS_SAMPLE t=236.2s rss=4201MB hwm=4201MB
RSS_SAMPLE t=236.5s rss=4201MB hwm=4201MB
RSS_SAMPLE t=236.7s rss=4202MB hwm=4202MB
RSS_SAMPLE t=237.0s rss=4203MB hwm=4203MB
RSS_SAMPLE t=237.2s rss=4203MB hwm=4203MB
RSS_SAMPLE t=237.5s rss=4204MB hwm=4204MB
RSS_SAMPLE t=237.7s rss=4205MB hwm=4205MB
RSS_SAMPLE t=238.0s rss=4205MB hwm=4205MB
RSS_SAMPLE t=238.2s rss=4206MB hwm=4206MB
RSS_SAMPLE t=238.5s rss=4207MB hwm=4207MB
RSS_SAMPLE t=238.7s rss=4208MB hwm=4208MB
RSS_SAMPLE t=239.0s rss=4208MB hwm=4208MB
RSS_SAMPLE t=239.2s rss=4209MB hwm=4209MB
RSS_SAMPLE t=239.5s rss=4210MB hwm=4210MB
RSS_SAMPLE t=239.7s rss=4210MB hwm=4210MB
RSS_SAMPLE t=240.0s rss=4211MB hwm=4211MB
RSS_SAMPLE t=240.2s rss=4211MB hwm=4211MB
RSS_SAMPLE t=240.5s rss=4212MB hwm=4212MB
RSS_SAMPLE t=240.7s rss=4212MB hwm=4212MB
RSS_SAMPLE t=241.0s rss=4213MB hwm=4213MB
RSS_SAMPLE t=241.2s rss=4214MB hwm=4214MB
RSS_SAMPLE t=241.5s rss=4214MB hwm=4214MB
RSS_SAMPLE t=241.7s rss=4215MB hwm=4215MB
RSS_SAMPLE t=242.0s rss=4215MB hwm=4215MB
RSS_SAMPLE t=242.2s rss=4216MB hwm=4216MB
RSS_SAMPLE t=242.5s rss=4216MB hwm=4216MB
RSS_SAMPLE t=242.7s rss=4217MB hwm=4217MB
RSS_SAMPLE t=243.0s rss=4217MB hwm=4217MB
RSS_SAMPLE t=243.2s rss=4217MB hwm=4217MB
RSS_SAMPLE t=243.5s rss=4218MB hwm=4218MB
RSS_SAMPLE t=243.7s rss=4218MB hwm=4218MB
RSS_SAMPLE t=244.0s rss=4219MB hwm=4219MB
RSS_SAMPLE t=244.2s rss=4220MB hwm=4220MB
RSS_SAMPLE t=244.5s rss=4220MB hwm=4220MB
RSS_SAMPLE t=244.7s rss=4221MB hwm=4221MB
RSS_SAMPLE t=245.0s rss=4222MB hwm=4222MB
RSS_SAMPLE t=245.2s rss=4222MB hwm=4222MB
RSS_SAMPLE t=245.5s rss=4223MB hwm=4223MB
RSS_SAMPLE t=245.7s rss=4224MB hwm=4224MB
RSS_SAMPLE t=246.0s rss=4224MB hwm=4224MB
RSS_SAMPLE t=246.2s rss=4225MB hwm=4225MB
RSS_SAMPLE t=246.5s rss=4225MB hwm=4225MB
RSS_SAMPLE t=246.7s rss=4226MB hwm=4226MB
RSS_SAMPLE t=247.0s rss=4226MB hwm=4226MB
RSS_SAMPLE t=247.2s rss=4226MB hwm=4226MB
RSS_SAMPLE t=247.5s rss=4226MB hwm=4226MB
RSS_SAMPLE t=247.7s rss=4226MB hwm=4226MB
RSS_SAMPLE t=248.0s rss=4226MB hwm=4226MB
RSS_SAMPLE t=248.2s rss=4226MB hwm=4226MB
RSS_SAMPLE t=248.5s rss=4226MB hwm=4226MB
RSS_SAMPLE t=248.7s rss=4226MB hwm=4226MB
RSS_SAMPLE t=249.0s rss=4226MB hwm=4226MB
RSS_SAMPLE t=249.2s rss=4226MB hwm=4226MB
RSS_SAMPLE t=249.5s rss=4227MB hwm=4227MB
RSS_SAMPLE t=249.7s rss=4227MB hwm=4227MB
RSS_SAMPLE t=250.0s rss=4227MB hwm=4227MB
RSS_SAMPLE t=250.2s rss=4227MB hwm=4227MB
RSS_SAMPLE t=250.5s rss=4227MB hwm=4227MB
RSS_SAMPLE t=250.7s rss=4227MB hwm=4227MB
RSS_SAMPLE t=251.0s rss=4227MB hwm=4227MB
RSS_SAMPLE t=251.2s rss=4227MB hwm=4227MB
RSS_SAMPLE t=251.5s rss=4227MB hwm=4227MB
RSS_SAMPLE t=251.7s rss=4227MB hwm=4227MB
RSS_SAMPLE t=252.0s rss=4227MB hwm=4227MB
RSS_SAMPLE t=252.2s rss=4227MB hwm=4227MB
RSS_SAMPLE t=252.5s rss=4227MB hwm=4227MB
RSS_SAMPLE t=252.7s rss=4227MB hwm=4227MB
RSS_SAMPLE t=253.0s rss=4227MB hwm=4227MB
RSS_SAMPLE t=253.2s rss=4227MB hwm=4227MB
RSS_SAMPLE t=253.5s rss=4227MB hwm=4227MB
RSS_SAMPLE t=253.7s rss=4227MB hwm=4227MB
RSS_SAMPLE t=254.0s rss=4228MB hwm=4228MB
RSS_SAMPLE t=254.2s rss=4228MB hwm=4228MB
RSS_SAMPLE t=254.5s rss=4228MB hwm=4228MB
RSS_SAMPLE t=254.7s rss=4228MB hwm=4228MB
RSS_SAMPLE t=255.0s rss=4228MB hwm=4228MB
RSS_SAMPLE t=255.2s rss=4228MB hwm=4228MB
RSS_SAMPLE t=255.5s rss=4228MB hwm=4228MB
RSS_SAMPLE t=255.7s rss=4228MB hwm=4228MB
RSS_SAMPLE t=256.0s rss=4228MB hwm=4228MB
RSS_SAMPLE t=256.2s rss=4228MB hwm=4228MB
RSS_SAMPLE t=256.5s rss=4228MB hwm=4228MB
RSS_SAMPLE t=256.7s rss=4228MB hwm=4228MB
RSS_SAMPLE t=257.0s rss=4228MB hwm=4228MB
RSS_SAMPLE t=257.2s rss=4228MB hwm=4228MB
RSS_SAMPLE t=257.5s rss=4228MB hwm=4228MB
RSS_SAMPLE t=257.7s rss=4228MB hwm=4228MB
RSS_SAMPLE t=258.0s rss=4228MB hwm=4228MB
RSS_SAMPLE t=258.2s rss=4228MB hwm=4228MB
RSS_SAMPLE t=258.5s rss=4228MB hwm=4228MB
RSS_SAMPLE t=258.7s rss=4228MB hwm=4228MB
RSS_SAMPLE t=259.0s rss=4228MB hwm=4228MB
RSS_SAMPLE t=259.2s rss=4228MB hwm=4228MB
RSS_SAMPLE t=259.5s rss=4228MB hwm=4228MB
RSS_SAMPLE t=259.7s rss=4228MB hwm=4228MB
RSS_SAMPLE t=260.0s rss=4228MB hwm=4228MB
RSS_SAMPLE t=260.2s rss=4228MB hwm=4228MB
RSS_SAMPLE t=260.5s rss=4228MB hwm=4228MB
RSS_SAMPLE t=260.7s rss=4228MB hwm=4228MB
RSS_SAMPLE t=261.0s rss=4228MB hwm=4228MB
RSS_SAMPLE t=261.2s rss=4228MB hwm=4228MB
RSS_SAMPLE t=261.5s rss=4229MB hwm=4229MB
RSS_SAMPLE t=261.7s rss=4229MB hwm=4229MB
RSS_SAMPLE t=262.0s rss=4229MB hwm=4229MB
RSS_SAMPLE t=262.2s rss=4229MB hwm=4229MB
RSS_SAMPLE t=262.5s rss=4229MB hwm=4229MB
RSS_SAMPLE t=262.7s rss=4229MB hwm=4229MB
RSS_SAMPLE t=263.0s rss=4229MB hwm=4229MB
RSS_SAMPLE t=263.2s rss=4229MB hwm=4229MB
RSS_SAMPLE t=263.5s rss=4229MB hwm=4229MB
RSS_SAMPLE t=263.7s rss=4229MB hwm=4229MB
RSS_SAMPLE t=264.0s rss=4229MB hwm=4229MB
RSS_SAMPLE t=264.2s rss=4229MB hwm=4229MB
RSS_SAMPLE t=264.5s rss=4229MB hwm=4229MB
RSS_SAMPLE t=264.7s rss=4230MB hwm=4230MB
RSS_SAMPLE t=265.0s rss=4230MB hwm=4230MB
RSS_SAMPLE t=265.2s rss=4230MB hwm=4230MB
RSS_SAMPLE t=265.5s rss=4230MB hwm=4230MB
RSS_SAMPLE t=265.7s rss=4230MB hwm=4230MB
RSS_SAMPLE t=266.0s rss=4230MB hwm=4230MB
RSS_SAMPLE t=266.2s rss=4230MB hwm=4230MB
RSS_SAMPLE t=266.5s rss=4230MB hwm=4230MB
RSS_SAMPLE t=266.7s rss=4230MB hwm=4230MB
RSS_SAMPLE t=267.0s rss=4230MB hwm=4230MB
RSS_SAMPLE t=267.2s rss=4230MB hwm=4230MB
RSS_SAMPLE t=267.5s rss=4230MB hwm=4230MB
RSS_SAMPLE t=267.7s rss=4230MB hwm=4230MB
RSS_SAMPLE t=268.0s rss=4230MB hwm=4230MB
RSS_SAMPLE t=268.2s rss=4230MB hwm=4230MB
RSS_SAMPLE t=268.5s rss=4230MB hwm=4230MB
RSS_SAMPLE t=268.7s rss=4230MB hwm=4230MB
RSS_SAMPLE t=269.0s rss=4230MB hwm=4230MB
RSS_SAMPLE t=269.2s rss=4230MB hwm=4230MB
RSS_SAMPLE t=269.5s rss=4230MB hwm=4230MB
RSS_SAMPLE t=269.7s rss=4230MB hwm=4230MB
RSS_SAMPLE t=270.0s rss=4230MB hwm=4230MB
RSS_SAMPLE t=270.2s rss=4230MB hwm=4230MB
RSS_SAMPLE t=270.5s rss=4230MB hwm=4230MB
RSS_SAMPLE t=270.7s rss=4230MB hwm=4230MB
RSS_SAMPLE t=271.0s rss=4230MB hwm=4230MB
RSS_SAMPLE t=271.2s rss=4230MB hwm=4230MB
RSS_SAMPLE t=271.5s rss=4231MB hwm=4231MB
RSS_SAMPLE t=271.7s rss=4231MB hwm=4231MB
RSS_SAMPLE t=272.0s rss=4231MB hwm=4231MB
RSS_SAMPLE t=272.2s rss=4231MB hwm=4231MB
RSS_SAMPLE t=272.5s rss=4231MB hwm=4231MB
RSS_SAMPLE t=272.7s rss=4231MB hwm=4231MB
RSS_SAMPLE t=273.0s rss=4231MB hwm=4231MB
RSS_SAMPLE t=273.2s rss=4231MB hwm=4231MB
RSS_SAMPLE t=273.5s rss=4231MB hwm=4231MB
RSS_SAMPLE t=273.7s rss=4231MB hwm=4231MB
RSS_SAMPLE t=274.0s rss=4231MB hwm=4231MB
RSS_SAMPLE t=274.2s rss=4231MB hwm=4231MB
RSS_SAMPLE t=274.5s rss=4231MB hwm=4231MB
RSS_SAMPLE t=274.7s rss=4231MB hwm=4231MB
RSS_SAMPLE t=275.0s rss=4231MB hwm=4231MB
MEM_POOL: workspaces=32 dense_usage_mb=1251 n_pipes=2562403
    post_solve_diag[outer=1]: solves=105117 cap_armed=105117 (100.0%) settle_avg=8746 above_sink_avg=228 (2.6%) settle_max=69353
    load_support[outer=1]: settle_avg=8746 load_nz_avg=5102 (58.3%) load_material_avg=1837 (21.0%)
    prune_ceiling[outer=1]: settle_avg=8746 heuristic_prunable_avg=3627 (41.5%) vs oracle_zero_load=41.7%
    settle_hist[outer=1]: <100: 24013nets/0.2%work  <1k: 25424nets/0.9%work  <5k: 22809nets/6.5%work  <20k: 14735nets/17.5%work  <60k: 16258nets/61.5%work  >=60k: 1878nets/13.4%work
    fanout_hist[outer=1]: fan1: 43710nets/13.2%work  fan2-4: 48279nets/50.7%work  fan5-16: 12974nets/35.3%work  fan17-64: 154nets/0.8%work  fan65-256: 0nets/0.0%work  fan>256: 0nets/0.0%work
    rss_probe[outer=1]: pre_post_solve=4088MB post_post_solve=4250MB after_apply=4250MB
MuxSlotTracker[sweep 1 LEAK]: populated_cells=64549, overflow_tiles=1, at_cap_tiles=847, peak_excess=4, capacity_hist={16:67346}
RSS_SAMPLE t=275.2s rss=4252MB hwm=4252MB
    E_decomp: base=16403029.6 eff=19190935.3 cong=2787905.7 cong_share=14.5% sat_pipes=363007 max_util=1234.62  R_buckets: 1-2x=2523178 2-10x=39225 10-100x=0 >=100x=0
    E_potential: beckmann=17376335826770.0 history_total=0.0
    SpanCache: epoch=2 entries=2516 lookups=2562403 hits=2559887 misses=2516 hit_rate=99.9%
  DCD   1: nets=105117 line=16304955 energy=2204897.134 dE=-118489.964 friction=5824866.4 bins=2.1x(910) excess=366.0 moved=63760 disp=10.518 solves=105117 skip=105117 pops=919381271 theta=0.293 refresh=77259ms dcd=6392ms total=86123ms
    cache_stats: entries=56806733 capacity=98281596 est_mb=848 rss_mb=4252
RSS_SAMPLE t=275.5s rss=4252MB hwm=4252MB
RSS_SAMPLE t=275.7s rss=4252MB hwm=4252MB
RSS_SAMPLE t=276.0s rss=4252MB hwm=4252MB
RSS_SAMPLE t=276.2s rss=4252MB hwm=4252MB
RSS_SAMPLE t=276.5s rss=4252MB hwm=4252MB
RSS_SAMPLE t=276.7s rss=4252MB hwm=4252MB
RSS_SAMPLE t=277.0s rss=4252MB hwm=4252MB
RSS_SAMPLE t=277.2s rss=4252MB hwm=4252MB
RSS_SAMPLE t=277.5s rss=4252MB hwm=4252MB
    SwitchMatrix: type_usage_pairs=1050 lookups=3374 hits=2324 dijkstra_calls=1050 avg_us=12.7 total_ms=13.3
PHASE_MARK outer=2 enter=pre_solve rss=4252MB
    rss_probe[outer=2]: pre_refresh_rss=4252MB post_pre_solve_rss=4265MB cache_entries=56806733 cache_cap=98281596 cache_est_mb=848
    pre_solve_diag[outer=2]: solves=0 fallback=0 (0.0%) cap_armed=0 (0.0%) settle_avg=0 settle_max=0 init_count=248
RSS_SAMPLE t=277.7s rss=4265MB hwm=4265MB
    Overflow: over=321777 (12.6% of used) avg_excess=2.19 max_excess=2062.29 (nc=2086.29 cap=24 span=1)  excess_buckets: <=1=161806 1-5=131184 5-20=25902 >20=2885  by_cap: cap1=177936 cap2=100976 cap3-5=406 cap>5=42459  by_span: s1=2317 s2-3=3462 s4-6=22691 s7-12=107708 s>12=185599  le1_cross: cap1=108496 cap2-5=48096 cap>5=5214
    Congestion: pipes=2562403 used=2562403 congested(>50%)=690189 saturated(>90%)=363007 max_util=1234.62 avg_util=0.4922
PHASE_MARK outer=2 enter=dcd_sweep rss=4265MB
RSS_SAMPLE t=278.0s rss=4265MB hwm=4265MB
RSS_SAMPLE t=278.2s rss=4266MB hwm=4266MB
RSS_SAMPLE t=278.5s rss=4266MB hwm=4266MB
RSS_SAMPLE t=278.7s rss=4266MB hwm=4266MB
RSS_SAMPLE t=279.0s rss=4266MB hwm=4266MB
RSS_SAMPLE t=279.2s rss=4266MB hwm=4266MB
RSS_SAMPLE t=279.5s rss=4267MB hwm=4267MB
RSS_SAMPLE t=279.7s rss=4267MB hwm=4267MB
RSS_SAMPLE t=280.0s rss=4267MB hwm=4267MB
RSS_SAMPLE t=280.2s rss=4267MB hwm=4267MB
RSS_SAMPLE t=280.5s rss=4267MB hwm=4267MB
RSS_SAMPLE t=280.7s rss=4267MB hwm=4267MB
RSS_SAMPLE t=281.0s rss=4268MB hwm=4268MB
RSS_SAMPLE t=281.2s rss=4268MB hwm=4268MB
RSS_SAMPLE t=281.5s rss=4268MB hwm=4268MB
RSS_SAMPLE t=281.7s rss=4268MB hwm=4268MB
RSS_SAMPLE t=282.0s rss=4268MB hwm=4268MB
RSS_SAMPLE t=282.2s rss=4269MB hwm=4269MB
RSS_SAMPLE t=282.5s rss=4269MB hwm=4269MB
RSS_SAMPLE t=282.7s rss=4269MB hwm=4269MB
RSS_SAMPLE t=283.0s rss=4269MB hwm=4269MB
RSS_SAMPLE t=283.2s rss=4269MB hwm=4269MB
RSS_SAMPLE t=283.5s rss=4269MB hwm=4269MB
RSS_SAMPLE t=283.7s rss=4270MB hwm=4270MB
RSS_SAMPLE t=284.0s rss=4270MB hwm=4270MB
PHASE_MARK outer=2 leave=dcd_sweep rss=4270MB
PHASE_MARK outer=2 enter=post_refresh rss=4270MB
RSS_SAMPLE t=284.2s rss=4273MB hwm=4273MB
RSS_SAMPLE t=284.5s rss=4273MB hwm=4273MB
RSS_SAMPLE t=284.7s rss=4273MB hwm=4273MB
RSS_SAMPLE t=285.0s rss=4273MB hwm=4273MB
RSS_SAMPLE t=285.2s rss=4273MB hwm=4273MB
RSS_SAMPLE t=285.5s rss=4273MB hwm=4273MB
RSS_SAMPLE t=285.7s rss=4273MB hwm=4273MB
RSS_SAMPLE t=286.0s rss=4273MB hwm=4273MB
RSS_SAMPLE t=286.2s rss=4273MB hwm=4273MB
RSS_SAMPLE t=286.5s rss=4273MB hwm=4273MB
RSS_SAMPLE t=286.7s rss=4274MB hwm=4274MB
RSS_SAMPLE t=287.0s rss=4274MB hwm=4274MB
RSS_SAMPLE t=287.2s rss=4274MB hwm=4274MB
RSS_SAMPLE t=287.5s rss=4275MB hwm=4275MB
RSS_SAMPLE t=287.7s rss=4275MB hwm=4275MB
RSS_SAMPLE t=288.0s rss=4276MB hwm=4276MB
RSS_SAMPLE t=288.2s rss=4277MB hwm=4277MB
RSS_SAMPLE t=288.5s rss=4277MB hwm=4277MB
RSS_SAMPLE t=288.7s rss=4278MB hwm=4278MB
RSS_SAMPLE t=289.0s rss=4278MB hwm=4278MB
RSS_SAMPLE t=289.2s rss=4279MB hwm=4279MB
RSS_SAMPLE t=289.5s rss=4279MB hwm=4279MB
RSS_SAMPLE t=289.7s rss=4280MB hwm=4280MB
RSS_SAMPLE t=290.0s rss=4280MB hwm=4280MB
RSS_SAMPLE t=290.2s rss=4281MB hwm=4281MB
RSS_SAMPLE t=290.5s rss=4281MB hwm=4281MB
RSS_SAMPLE t=290.7s rss=4282MB hwm=4282MB
RSS_SAMPLE t=291.0s rss=4283MB hwm=4283MB
RSS_SAMPLE t=291.2s rss=4283MB hwm=4283MB
RSS_SAMPLE t=291.5s rss=4284MB hwm=4284MB
RSS_SAMPLE t=291.8s rss=4284MB hwm=4284MB
RSS_SAMPLE t=292.0s rss=4285MB hwm=4285MB
RSS_SAMPLE t=292.3s rss=4285MB hwm=4285MB
RSS_SAMPLE t=292.5s rss=4286MB hwm=4286MB
RSS_SAMPLE t=292.8s rss=4287MB hwm=4287MB
RSS_SAMPLE t=293.0s rss=4288MB hwm=4288MB
RSS_SAMPLE t=293.3s rss=4288MB hwm=4288MB
RSS_SAMPLE t=293.5s rss=4289MB hwm=4289MB
RSS_SAMPLE t=293.8s rss=4289MB hwm=4289MB
RSS_SAMPLE t=294.0s rss=4290MB hwm=4290MB
RSS_SAMPLE t=294.3s rss=4291MB hwm=4291MB
RSS_SAMPLE t=294.5s rss=4292MB hwm=4292MB
RSS_SAMPLE t=294.8s rss=4292MB hwm=4292MB
RSS_SAMPLE t=295.0s rss=4293MB hwm=4293MB
RSS_SAMPLE t=295.3s rss=4293MB hwm=4293MB
RSS_SAMPLE t=295.5s rss=4294MB hwm=4294MB
RSS_SAMPLE t=295.8s rss=4295MB hwm=4295MB
RSS_SAMPLE t=296.0s rss=4295MB hwm=4295MB
RSS_SAMPLE t=296.3s rss=4296MB hwm=4296MB
RSS_SAMPLE t=296.5s rss=4296MB hwm=4296MB
RSS_SAMPLE t=296.8s rss=4297MB hwm=4297MB
RSS_SAMPLE t=297.0s rss=4298MB hwm=4298MB
RSS_SAMPLE t=297.3s rss=4298MB hwm=4298MB
RSS_SAMPLE t=297.5s rss=4299MB hwm=4299MB
RSS_SAMPLE t=297.8s rss=4300MB hwm=4300MB
RSS_SAMPLE t=298.0s rss=4300MB hwm=4300MB
RSS_SAMPLE t=298.3s rss=4301MB hwm=4301MB
RSS_SAMPLE t=298.5s rss=4302MB hwm=4302MB
RSS_SAMPLE t=298.8s rss=4302MB hwm=4302MB
RSS_SAMPLE t=299.0s rss=4303MB hwm=4303MB
RSS_SAMPLE t=299.3s rss=4303MB hwm=4303MB
RSS_SAMPLE t=299.5s rss=4304MB hwm=4304MB
RSS_SAMPLE t=299.8s rss=4305MB hwm=4305MB
RSS_SAMPLE t=300.0s rss=4305MB hwm=4305MB
RSS_SAMPLE t=300.3s rss=4306MB hwm=4306MB
RSS_SAMPLE t=300.5s rss=4306MB hwm=4306MB
RSS_SAMPLE t=300.8s rss=4307MB hwm=4307MB
RSS_SAMPLE t=301.0s rss=4307MB hwm=4307MB
RSS_SAMPLE t=301.3s rss=4308MB hwm=4308MB
RSS_SAMPLE t=301.5s rss=4308MB hwm=4308MB
RSS_SAMPLE t=301.8s rss=4309MB hwm=4309MB
RSS_SAMPLE t=302.0s rss=4310MB hwm=4310MB
RSS_SAMPLE t=302.3s rss=4311MB hwm=4311MB
RSS_SAMPLE t=302.5s rss=4311MB hwm=4311MB
RSS_SAMPLE t=302.8s rss=4312MB hwm=4312MB
RSS_SAMPLE t=303.0s rss=4313MB hwm=4313MB
RSS_SAMPLE t=303.3s rss=4314MB hwm=4314MB
RSS_SAMPLE t=303.5s rss=4314MB hwm=4314MB
RSS_SAMPLE t=303.8s rss=4315MB hwm=4315MB
RSS_SAMPLE t=304.0s rss=4316MB hwm=4316MB
RSS_SAMPLE t=304.3s rss=4316MB hwm=4316MB
RSS_SAMPLE t=304.5s rss=4317MB hwm=4317MB
RSS_SAMPLE t=304.8s rss=4317MB hwm=4317MB
RSS_SAMPLE t=305.0s rss=4317MB hwm=4317MB
RSS_SAMPLE t=305.3s rss=4318MB hwm=4318MB
RSS_SAMPLE t=305.5s rss=4319MB hwm=4319MB
RSS_SAMPLE t=305.8s rss=4320MB hwm=4320MB
RSS_SAMPLE t=306.0s rss=4320MB hwm=4320MB
RSS_SAMPLE t=306.3s rss=4321MB hwm=4321MB
RSS_SAMPLE t=306.5s rss=4322MB hwm=4322MB
RSS_SAMPLE t=306.8s rss=4323MB hwm=4323MB
RSS_SAMPLE t=307.0s rss=4324MB hwm=4324MB
RSS_SAMPLE t=307.3s rss=4324MB hwm=4324MB
RSS_SAMPLE t=307.5s rss=4324MB hwm=4324MB
RSS_SAMPLE t=307.8s rss=4325MB hwm=4325MB
RSS_SAMPLE t=308.0s rss=4325MB hwm=4325MB
RSS_SAMPLE t=308.3s rss=4326MB hwm=4326MB
RSS_SAMPLE t=308.5s rss=4326MB hwm=4326MB
RSS_SAMPLE t=308.8s rss=4326MB hwm=4326MB
RSS_SAMPLE t=309.0s rss=4327MB hwm=4327MB
RSS_SAMPLE t=309.3s rss=4327MB hwm=4327MB
RSS_SAMPLE t=309.5s rss=4328MB hwm=4328MB
RSS_SAMPLE t=309.8s rss=4328MB hwm=4328MB
RSS_SAMPLE t=310.0s rss=4328MB hwm=4328MB
RSS_SAMPLE t=310.3s rss=4329MB hwm=4329MB
RSS_SAMPLE t=310.5s rss=4330MB hwm=4330MB
RSS_SAMPLE t=310.8s rss=4330MB hwm=4330MB
RSS_SAMPLE t=311.0s rss=4331MB hwm=4331MB
RSS_SAMPLE t=311.3s rss=4331MB hwm=4331MB
RSS_SAMPLE t=311.5s rss=4331MB hwm=4331MB
RSS_SAMPLE t=311.8s rss=4332MB hwm=4332MB
RSS_SAMPLE t=312.0s rss=4333MB hwm=4333MB
RSS_SAMPLE t=312.3s rss=4333MB hwm=4333MB
RSS_SAMPLE t=312.5s rss=4333MB hwm=4333MB
RSS_SAMPLE t=312.8s rss=4334MB hwm=4334MB
RSS_SAMPLE t=313.0s rss=4334MB hwm=4334MB
RSS_SAMPLE t=313.3s rss=4335MB hwm=4335MB
RSS_SAMPLE t=313.5s rss=4335MB hwm=4335MB
RSS_SAMPLE t=313.8s rss=4335MB hwm=4335MB
RSS_SAMPLE t=314.0s rss=4336MB hwm=4336MB
RSS_SAMPLE t=314.3s rss=4336MB hwm=4336MB
RSS_SAMPLE t=314.5s rss=4337MB hwm=4337MB
RSS_SAMPLE t=314.8s rss=4337MB hwm=4337MB
RSS_SAMPLE t=315.0s rss=4337MB hwm=4337MB
RSS_SAMPLE t=315.3s rss=4338MB hwm=4338MB
RSS_SAMPLE t=315.5s rss=4338MB hwm=4338MB
RSS_SAMPLE t=315.8s rss=4338MB hwm=4338MB
RSS_SAMPLE t=316.0s rss=4339MB hwm=4339MB
RSS_SAMPLE t=316.3s rss=4339MB hwm=4339MB
RSS_SAMPLE t=316.5s rss=4339MB hwm=4339MB
RSS_SAMPLE t=316.8s rss=4340MB hwm=4340MB
RSS_SAMPLE t=317.0s rss=4340MB hwm=4340MB
RSS_SAMPLE t=317.3s rss=4341MB hwm=4341MB
RSS_SAMPLE t=317.5s rss=4341MB hwm=4341MB
RSS_SAMPLE t=317.8s rss=4342MB hwm=4342MB
RSS_SAMPLE t=318.0s rss=4342MB hwm=4342MB
RSS_SAMPLE t=318.3s rss=4343MB hwm=4343MB
RSS_SAMPLE t=318.5s rss=4343MB hwm=4343MB
RSS_SAMPLE t=318.8s rss=4344MB hwm=4344MB
RSS_SAMPLE t=319.0s rss=4345MB hwm=4345MB
RSS_SAMPLE t=319.3s rss=4345MB hwm=4345MB
RSS_SAMPLE t=319.5s rss=4345MB hwm=4345MB
RSS_SAMPLE t=319.8s rss=4345MB hwm=4345MB
RSS_SAMPLE t=320.0s rss=4346MB hwm=4346MB
RSS_SAMPLE t=320.3s rss=4347MB hwm=4347MB
RSS_SAMPLE t=320.5s rss=4347MB hwm=4347MB
RSS_SAMPLE t=320.8s rss=4348MB hwm=4348MB
RSS_SAMPLE t=321.0s rss=4349MB hwm=4349MB
RSS_SAMPLE t=321.3s rss=4349MB hwm=4349MB
RSS_SAMPLE t=321.5s rss=4350MB hwm=4350MB
RSS_SAMPLE t=321.8s rss=4350MB hwm=4350MB
RSS_SAMPLE t=322.0s rss=4350MB hwm=4350MB
RSS_SAMPLE t=322.3s rss=4351MB hwm=4351MB
RSS_SAMPLE t=322.5s rss=4351MB hwm=4351MB
RSS_SAMPLE t=322.8s rss=4351MB hwm=4351MB
RSS_SAMPLE t=323.0s rss=4351MB hwm=4351MB
RSS_SAMPLE t=323.3s rss=4352MB hwm=4352MB
RSS_SAMPLE t=323.5s rss=4352MB hwm=4352MB
RSS_SAMPLE t=323.8s rss=4353MB hwm=4353MB
RSS_SAMPLE t=324.0s rss=4354MB hwm=4354MB
RSS_SAMPLE t=324.3s rss=4354MB hwm=4354MB
RSS_SAMPLE t=324.5s rss=4354MB hwm=4354MB
RSS_SAMPLE t=324.8s rss=4355MB hwm=4355MB
RSS_SAMPLE t=325.0s rss=4355MB hwm=4355MB
RSS_SAMPLE t=325.3s rss=4356MB hwm=4356MB
RSS_SAMPLE t=325.5s rss=4357MB hwm=4357MB
RSS_SAMPLE t=325.8s rss=4357MB hwm=4357MB
RSS_SAMPLE t=326.0s rss=4358MB hwm=4358MB
RSS_SAMPLE t=326.3s rss=4358MB hwm=4358MB
RSS_SAMPLE t=326.5s rss=4359MB hwm=4359MB
RSS_SAMPLE t=326.8s rss=4360MB hwm=4360MB
RSS_SAMPLE t=327.0s rss=4360MB hwm=4360MB
RSS_SAMPLE t=327.3s rss=4360MB hwm=4360MB
RSS_SAMPLE t=327.5s rss=4361MB hwm=4361MB
RSS_SAMPLE t=327.8s rss=4361MB hwm=4361MB
RSS_SAMPLE t=328.0s rss=4362MB hwm=4362MB
RSS_SAMPLE t=328.3s rss=4362MB hwm=4362MB
RSS_SAMPLE t=328.5s rss=4363MB hwm=4363MB
RSS_SAMPLE t=328.8s rss=4363MB hwm=4363MB
RSS_SAMPLE t=329.0s rss=4363MB hwm=4363MB
RSS_SAMPLE t=329.3s rss=4364MB hwm=4364MB
RSS_SAMPLE t=329.5s rss=4364MB hwm=4364MB
RSS_SAMPLE t=329.8s rss=4365MB hwm=4365MB
RSS_SAMPLE t=330.0s rss=4365MB hwm=4365MB
RSS_SAMPLE t=330.3s rss=4366MB hwm=4366MB
RSS_SAMPLE t=330.5s rss=4366MB hwm=4366MB
RSS_SAMPLE t=330.8s rss=4367MB hwm=4367MB
RSS_SAMPLE t=331.0s rss=4368MB hwm=4368MB
RSS_SAMPLE t=331.3s rss=4368MB hwm=4368MB
RSS_SAMPLE t=331.5s rss=4369MB hwm=4369MB
RSS_SAMPLE t=331.8s rss=4369MB hwm=4369MB
RSS_SAMPLE t=332.0s rss=4370MB hwm=4370MB
RSS_SAMPLE t=332.3s rss=4371MB hwm=4371MB
RSS_SAMPLE t=332.5s rss=4372MB hwm=4372MB
RSS_SAMPLE t=332.8s rss=4373MB hwm=4373MB
RSS_SAMPLE t=333.0s rss=4374MB hwm=4374MB
RSS_SAMPLE t=333.3s rss=4374MB hwm=4374MB
RSS_SAMPLE t=333.5s rss=4375MB hwm=4375MB
RSS_SAMPLE t=333.8s rss=4376MB hwm=4376MB
RSS_SAMPLE t=334.0s rss=4376MB hwm=4376MB
RSS_SAMPLE t=334.3s rss=4377MB hwm=4377MB
RSS_SAMPLE t=334.5s rss=4378MB hwm=4378MB
RSS_SAMPLE t=334.8s rss=4378MB hwm=4378MB
RSS_SAMPLE t=335.0s rss=4379MB hwm=4379MB
RSS_SAMPLE t=335.3s rss=4379MB hwm=4379MB
RSS_SAMPLE t=335.6s rss=4380MB hwm=4380MB
RSS_SAMPLE t=335.8s rss=4381MB hwm=4381MB
RSS_SAMPLE t=336.1s rss=4381MB hwm=4381MB
RSS_SAMPLE t=336.3s rss=4382MB hwm=4382MB
RSS_SAMPLE t=336.6s rss=4383MB hwm=4383MB
RSS_SAMPLE t=336.8s rss=4383MB hwm=4383MB
RSS_SAMPLE t=337.1s rss=4384MB hwm=4384MB
RSS_SAMPLE t=337.3s rss=4385MB hwm=4385MB
RSS_SAMPLE t=337.6s rss=4385MB hwm=4385MB
RSS_SAMPLE t=337.8s rss=4386MB hwm=4386MB
RSS_SAMPLE t=338.1s rss=4386MB hwm=4386MB
RSS_SAMPLE t=338.3s rss=4386MB hwm=4386MB
RSS_SAMPLE t=338.6s rss=4387MB hwm=4387MB
RSS_SAMPLE t=338.8s rss=4387MB hwm=4387MB
RSS_SAMPLE t=339.1s rss=4387MB hwm=4387MB
RSS_SAMPLE t=339.3s rss=4387MB hwm=4387MB
RSS_SAMPLE t=339.6s rss=4387MB hwm=4387MB
RSS_SAMPLE t=339.8s rss=4387MB hwm=4387MB
RSS_SAMPLE t=340.1s rss=4387MB hwm=4387MB
RSS_SAMPLE t=340.3s rss=4387MB hwm=4387MB
RSS_SAMPLE t=340.6s rss=4387MB hwm=4387MB
RSS_SAMPLE t=340.8s rss=4387MB hwm=4387MB
RSS_SAMPLE t=341.1s rss=4387MB hwm=4387MB
RSS_SAMPLE t=341.3s rss=4387MB hwm=4387MB
RSS_SAMPLE t=341.6s rss=4387MB hwm=4387MB
RSS_SAMPLE t=341.8s rss=4387MB hwm=4387MB
RSS_SAMPLE t=342.1s rss=4387MB hwm=4387MB
RSS_SAMPLE t=342.3s rss=4387MB hwm=4387MB
RSS_SAMPLE t=342.6s rss=4388MB hwm=4388MB
RSS_SAMPLE t=342.8s rss=4388MB hwm=4388MB
RSS_SAMPLE t=343.1s rss=4388MB hwm=4388MB
RSS_SAMPLE t=343.3s rss=4388MB hwm=4388MB
RSS_SAMPLE t=343.6s rss=4388MB hwm=4388MB
RSS_SAMPLE t=343.8s rss=4388MB hwm=4388MB
RSS_SAMPLE t=344.1s rss=4388MB hwm=4388MB
RSS_SAMPLE t=344.3s rss=4388MB hwm=4388MB
RSS_SAMPLE t=344.6s rss=4388MB hwm=4388MB
RSS_SAMPLE t=344.8s rss=4388MB hwm=4388MB
RSS_SAMPLE t=345.1s rss=4388MB hwm=4388MB
RSS_SAMPLE t=345.3s rss=4388MB hwm=4388MB
RSS_SAMPLE t=345.6s rss=4388MB hwm=4388MB
RSS_SAMPLE t=345.8s rss=4388MB hwm=4388MB
RSS_SAMPLE t=346.1s rss=4388MB hwm=4388MB
RSS_SAMPLE t=346.3s rss=4388MB hwm=4388MB
RSS_SAMPLE t=346.6s rss=4388MB hwm=4388MB
RSS_SAMPLE t=346.8s rss=4388MB hwm=4388MB
RSS_SAMPLE t=347.1s rss=4388MB hwm=4388MB
RSS_SAMPLE t=347.3s rss=4388MB hwm=4388MB
RSS_SAMPLE t=347.6s rss=4388MB hwm=4388MB
RSS_SAMPLE t=347.8s rss=4388MB hwm=4388MB
RSS_SAMPLE t=348.1s rss=4388MB hwm=4388MB
RSS_SAMPLE t=348.3s rss=4388MB hwm=4388MB
RSS_SAMPLE t=348.6s rss=4388MB hwm=4388MB
RSS_SAMPLE t=348.8s rss=4388MB hwm=4388MB
RSS_SAMPLE t=349.1s rss=4388MB hwm=4388MB
RSS_SAMPLE t=349.3s rss=4388MB hwm=4388MB
RSS_SAMPLE t=349.6s rss=4388MB hwm=4388MB
RSS_SAMPLE t=349.8s rss=4388MB hwm=4388MB
RSS_SAMPLE t=350.1s rss=4388MB hwm=4388MB
RSS_SAMPLE t=350.3s rss=4388MB hwm=4388MB
RSS_SAMPLE t=350.6s rss=4388MB hwm=4388MB
RSS_SAMPLE t=350.8s rss=4388MB hwm=4388MB
RSS_SAMPLE t=351.1s rss=4388MB hwm=4388MB
RSS_SAMPLE t=351.3s rss=4388MB hwm=4388MB
RSS_SAMPLE t=351.6s rss=4388MB hwm=4388MB
RSS_SAMPLE t=351.8s rss=4388MB hwm=4388MB
RSS_SAMPLE t=352.1s rss=4388MB hwm=4388MB
RSS_SAMPLE t=352.3s rss=4388MB hwm=4388MB
RSS_SAMPLE t=352.6s rss=4388MB hwm=4388MB
RSS_SAMPLE t=352.8s rss=4388MB hwm=4388MB
RSS_SAMPLE t=353.1s rss=4388MB hwm=4388MB
RSS_SAMPLE t=353.3s rss=4388MB hwm=4388MB
RSS_SAMPLE t=353.6s rss=4388MB hwm=4388MB
RSS_SAMPLE t=353.8s rss=4388MB hwm=4388MB
RSS_SAMPLE t=354.1s rss=4388MB hwm=4388MB
RSS_SAMPLE t=354.3s rss=4388MB hwm=4388MB
RSS_SAMPLE t=354.6s rss=4388MB hwm=4388MB
RSS_SAMPLE t=354.8s rss=4388MB hwm=4388MB
RSS_SAMPLE t=355.1s rss=4388MB hwm=4388MB
RSS_SAMPLE t=355.3s rss=4388MB hwm=4388MB
RSS_SAMPLE t=355.6s rss=4388MB hwm=4388MB
RSS_SAMPLE t=355.8s rss=4388MB hwm=4388MB
RSS_SAMPLE t=356.1s rss=4388MB hwm=4388MB
RSS_SAMPLE t=356.3s rss=4388MB hwm=4388MB
RSS_SAMPLE t=356.6s rss=4388MB hwm=4388MB
RSS_SAMPLE t=356.8s rss=4388MB hwm=4388MB
RSS_SAMPLE t=357.1s rss=4388MB hwm=4388MB
RSS_SAMPLE t=357.3s rss=4388MB hwm=4388MB
RSS_SAMPLE t=357.6s rss=4388MB hwm=4388MB
RSS_SAMPLE t=357.8s rss=4388MB hwm=4388MB
RSS_SAMPLE t=358.1s rss=4388MB hwm=4388MB
RSS_SAMPLE t=358.3s rss=4388MB hwm=4388MB
RSS_SAMPLE t=358.6s rss=4388MB hwm=4388MB
RSS_SAMPLE t=358.8s rss=4388MB hwm=4388MB
RSS_SAMPLE t=359.1s rss=4388MB hwm=4388MB
RSS_SAMPLE t=359.3s rss=4388MB hwm=4388MB
RSS_SAMPLE t=359.6s rss=4388MB hwm=4388MB
RSS_SAMPLE t=359.8s rss=4388MB hwm=4388MB
RSS_SAMPLE t=360.1s rss=4388MB hwm=4388MB
RSS_SAMPLE t=360.3s rss=4389MB hwm=4389MB
RSS_SAMPLE t=360.6s rss=4389MB hwm=4389MB
RSS_SAMPLE t=360.8s rss=4389MB hwm=4389MB
RSS_SAMPLE t=361.1s rss=4389MB hwm=4389MB
RSS_SAMPLE t=361.3s rss=4389MB hwm=4389MB
RSS_SAMPLE t=361.6s rss=4389MB hwm=4389MB
RSS_SAMPLE t=361.8s rss=4389MB hwm=4389MB
RSS_SAMPLE t=362.1s rss=4389MB hwm=4389MB
RSS_SAMPLE t=362.3s rss=4389MB hwm=4389MB
RSS_SAMPLE t=362.6s rss=4389MB hwm=4389MB
RSS_SAMPLE t=362.8s rss=4389MB hwm=4389MB
RSS_SAMPLE t=363.1s rss=4389MB hwm=4389MB
RSS_SAMPLE t=363.3s rss=4389MB hwm=4389MB
RSS_SAMPLE t=363.6s rss=4389MB hwm=4389MB
RSS_SAMPLE t=363.8s rss=4389MB hwm=4389MB
RSS_SAMPLE t=364.1s rss=4389MB hwm=4389MB
MEM_POOL: workspaces=32 dense_usage_mb=1251 n_pipes=2562403
    post_solve_diag[outer=2]: solves=105117 cap_armed=105117 (100.0%) settle_avg=8219 above_sink_avg=237 (2.9%) settle_max=69353
    load_support[outer=2]: settle_avg=8219 load_nz_avg=5316 (64.7%) load_material_avg=1894 (23.0%)
    prune_ceiling[outer=2]: settle_avg=8219 heuristic_prunable_avg=3162 (38.5%) vs oracle_zero_load=35.3%
    settle_hist[outer=2]: <100: 23270nets/0.2%work  <1k: 27253nets/1.1%work  <5k: 22432nets/6.8%work  <20k: 15211nets/19.3%work  <60k: 15551nets/62.2%work  >=60k: 1400nets/10.5%work
    fanout_hist[outer=2]: fan1: 43710nets/13.0%work  fan2-4: 48279nets/50.6%work  fan5-16: 12974nets/35.6%work  fan17-64: 154nets/0.9%work  fan65-256: 0nets/0.0%work  fan>256: 0nets/0.0%work
    rss_probe[outer=2]: pre_post_solve=4273MB post_post_solve=4389MB after_apply=4389MB
    E_decomp: base=18864369.3 eff=22844366.0 cong=3979996.7 cong_share=17.4% sat_pipes=455518 max_util=1165.68  R_buckets: 1-2x=2494118 2-10x=68285 10-100x=0 >=100x=0
    E_potential: beckmann=13965897466826.6 history_total=0.0
    SpanCache: epoch=3 entries=3374 lookups=2562403 hits=2559029 misses=3374 hit_rate=99.9%
  DCD   2: nets=105117 line=15685415 energy=2202392.232 dE=-2504.903 friction=5192198.2 bins=2.0x(709) excess=265.8 moved=66160 disp=7.462 solves=105117 skip=105117 pops=863921415 theta=0.343 refresh=80125ms dcd=6400ms total=89023ms
    cache_stats: entries=59640829 capacity=105405888 est_mb=910 rss_mb=4390
RSS_SAMPLE t=364.3s rss=4390MB hwm=4390MB
RSS_SAMPLE t=364.6s rss=4390MB hwm=4390MB
RSS_SAMPLE t=364.8s rss=4390MB hwm=4390MB
RSS_SAMPLE t=365.1s rss=4390MB hwm=4390MB
RSS_SAMPLE t=365.3s rss=4390MB hwm=4390MB
RSS_SAMPLE t=365.6s rss=4390MB hwm=4390MB
RSS_SAMPLE t=365.8s rss=4390MB hwm=4390MB
RSS_SAMPLE t=366.1s rss=4390MB hwm=4390MB
RSS_SAMPLE t=366.3s rss=4390MB hwm=4390MB
RSS_SAMPLE t=366.6s rss=4390MB hwm=4390MB
    SwitchMatrix: type_usage_pairs=1049 lookups=3153 hits=2104 dijkstra_calls=1049 avg_us=12.1 total_ms=12.6
PHASE_MARK outer=3 enter=pre_solve rss=4390MB
    rss_probe[outer=3]: pre_refresh_rss=4390MB post_pre_solve_rss=4390MB cache_entries=59640829 cache_cap=105405888 cache_est_mb=910
    pre_solve_diag[outer=3]: solves=0 fallback=0 (0.0%) cap_armed=0 (0.0%) settle_avg=0 settle_max=0 init_count=236
    Overflow: over=397341 (15.5% of used) avg_excess=1.70 max_excess=2142.44 (nc=2166.44 cap=24 span=1)  excess_buckets: <=1=235648 1-5=136857 5-20=22345 >20=2491  by_cap: cap1=237023 cap2=111808 cap3-5=490 cap>5=48020  by_span: s1=2285 s2-3=4550 s4-6=27269 s7-12=117334 s>12=245903  le1_cross: cap1=169745 cap2-5=58758 cap>5=7145
    Congestion: pipes=2562403 used=2562403 congested(>50%)=900111 saturated(>90%)=455518 max_util=1165.68 avg_util=0.5520
PHASE_MARK outer=3 enter=dcd_sweep rss=4390MB
RSS_SAMPLE t=366.8s rss=4390MB hwm=4390MB
RSS_SAMPLE t=367.1s rss=4390MB hwm=4390MB
RSS_SAMPLE t=367.3s rss=4390MB hwm=4390MB
RSS_SAMPLE t=367.6s rss=4390MB hwm=4390MB
RSS_SAMPLE t=367.8s rss=4390MB hwm=4390MB
RSS_SAMPLE t=368.1s rss=4390MB hwm=4390MB
RSS_SAMPLE t=368.3s rss=4390MB hwm=4390MB
RSS_SAMPLE t=368.6s rss=4390MB hwm=4390MB
RSS_SAMPLE t=368.8s rss=4390MB hwm=4390MB
RSS_SAMPLE t=369.1s rss=4390MB hwm=4390MB
RSS_SAMPLE t=369.3s rss=4390MB hwm=4390MB
RSS_SAMPLE t=369.6s rss=4390MB hwm=4390MB
RSS_SAMPLE t=369.8s rss=4390MB hwm=4390MB
RSS_SAMPLE t=370.1s rss=4390MB hwm=4390MB
RSS_SAMPLE t=370.3s rss=4390MB hwm=4390MB
RSS_SAMPLE t=370.6s rss=4390MB hwm=4390MB
RSS_SAMPLE t=370.8s rss=4390MB hwm=4390MB
RSS_SAMPLE t=371.1s rss=4390MB hwm=4390MB
RSS_SAMPLE t=371.3s rss=4390MB hwm=4390MB
RSS_SAMPLE t=371.6s rss=4390MB hwm=4390MB
RSS_SAMPLE t=371.8s rss=4390MB hwm=4390MB
RSS_SAMPLE t=372.1s rss=4390MB hwm=4390MB
RSS_SAMPLE t=372.3s rss=4390MB hwm=4390MB
RSS_SAMPLE t=372.6s rss=4390MB hwm=4390MB
RSS_SAMPLE t=372.8s rss=4390MB hwm=4390MB
RSS_SAMPLE t=373.1s rss=4390MB hwm=4390MB
PHASE_MARK outer=3 leave=dcd_sweep rss=4390MB
PHASE_MARK outer=3 enter=post_refresh rss=4390MB
RSS_SAMPLE t=373.3s rss=4391MB hwm=4391MB
RSS_SAMPLE t=373.6s rss=4391MB hwm=4391MB
RSS_SAMPLE t=373.8s rss=4391MB hwm=4391MB
RSS_SAMPLE t=374.1s rss=4391MB hwm=4391MB
RSS_SAMPLE t=374.3s rss=4391MB hwm=4391MB
RSS_SAMPLE t=374.6s rss=4391MB hwm=4391MB
RSS_SAMPLE t=374.8s rss=4391MB hwm=4391MB
RSS_SAMPLE t=375.1s rss=4391MB hwm=4391MB
RSS_SAMPLE t=375.3s rss=4391MB hwm=4391MB
RSS_SAMPLE t=375.6s rss=4391MB hwm=4391MB
RSS_SAMPLE t=375.8s rss=4391MB hwm=4391MB
RSS_SAMPLE t=376.1s rss=4391MB hwm=4391MB
RSS_SAMPLE t=376.3s rss=4392MB hwm=4392MB
RSS_SAMPLE t=376.6s rss=4392MB hwm=4392MB
RSS_SAMPLE t=376.8s rss=4392MB hwm=4392MB
RSS_SAMPLE t=377.1s rss=4393MB hwm=4393MB
RSS_SAMPLE t=377.3s rss=4393MB hwm=4393MB
RSS_SAMPLE t=377.6s rss=4394MB hwm=4394MB
RSS_SAMPLE t=377.8s rss=4394MB hwm=4394MB
RSS_SAMPLE t=378.1s rss=4394MB hwm=4394MB
RSS_SAMPLE t=378.3s rss=4394MB hwm=4394MB
RSS_SAMPLE t=378.6s rss=4395MB hwm=4395MB
RSS_SAMPLE t=378.8s rss=4395MB hwm=4395MB
RSS_SAMPLE t=379.1s rss=4395MB hwm=4395MB
RSS_SAMPLE t=379.3s rss=4395MB hwm=4395MB
RSS_SAMPLE t=379.6s rss=4395MB hwm=4395MB
RSS_SAMPLE t=379.8s rss=4396MB hwm=4396MB
RSS_SAMPLE t=380.1s rss=4396MB hwm=4396MB
RSS_SAMPLE t=380.3s rss=4396MB hwm=4396MB
RSS_SAMPLE t=380.6s rss=4396MB hwm=4396MB
RSS_SAMPLE t=380.8s rss=4396MB hwm=4396MB
RSS_SAMPLE t=381.1s rss=4397MB hwm=4397MB
RSS_SAMPLE t=381.3s rss=4397MB hwm=4397MB
RSS_SAMPLE t=381.6s rss=4397MB hwm=4397MB
RSS_SAMPLE t=381.8s rss=4397MB hwm=4397MB
RSS_SAMPLE t=382.1s rss=4398MB hwm=4398MB
RSS_SAMPLE t=382.3s rss=4398MB hwm=4398MB
RSS_SAMPLE t=382.6s rss=4398MB hwm=4398MB
RSS_SAMPLE t=382.8s rss=4398MB hwm=4398MB
RSS_SAMPLE t=383.1s rss=4398MB hwm=4398MB
RSS_SAMPLE t=383.3s rss=4399MB hwm=4399MB
RSS_SAMPLE t=383.6s rss=4399MB hwm=4399MB
RSS_SAMPLE t=383.8s rss=4399MB hwm=4399MB
RSS_SAMPLE t=384.1s rss=4399MB hwm=4399MB
RSS_SAMPLE t=384.3s rss=4400MB hwm=4400MB
RSS_SAMPLE t=384.6s rss=4400MB hwm=4400MB
RSS_SAMPLE t=384.8s rss=4400MB hwm=4400MB
RSS_SAMPLE t=385.1s rss=4401MB hwm=4401MB
RSS_SAMPLE t=385.3s rss=4401MB hwm=4401MB
RSS_SAMPLE t=385.6s rss=4401MB hwm=4401MB
RSS_SAMPLE t=385.8s rss=4401MB hwm=4401MB
RSS_SAMPLE t=386.1s rss=4401MB hwm=4401MB
RSS_SAMPLE t=386.3s rss=4402MB hwm=4402MB
RSS_SAMPLE t=386.6s rss=4402MB hwm=4402MB
RSS_SAMPLE t=386.8s rss=4403MB hwm=4403MB
RSS_SAMPLE t=387.1s rss=4403MB hwm=4403MB
RSS_SAMPLE t=387.3s rss=4404MB hwm=4404MB
RSS_SAMPLE t=387.6s rss=4405MB hwm=4405MB
RSS_SAMPLE t=387.8s rss=4405MB hwm=4405MB
RSS_SAMPLE t=388.1s rss=4406MB hwm=4406MB
RSS_SAMPLE t=388.3s rss=4407MB hwm=4407MB
RSS_SAMPLE t=388.6s rss=4407MB hwm=4407MB
RSS_SAMPLE t=388.8s rss=4408MB hwm=4408MB
RSS_SAMPLE t=389.1s rss=4409MB hwm=4409MB
RSS_SAMPLE t=389.3s rss=4409MB hwm=4409MB
RSS_SAMPLE t=389.6s rss=4410MB hwm=4410MB
RSS_SAMPLE t=389.8s rss=4411MB hwm=4411MB
RSS_SAMPLE t=390.1s rss=4411MB hwm=4411MB
RSS_SAMPLE t=390.3s rss=4412MB hwm=4412MB
RSS_SAMPLE t=390.6s rss=4412MB hwm=4412MB
RSS_SAMPLE t=390.9s rss=4413MB hwm=4413MB
RSS_SAMPLE t=391.1s rss=4414MB hwm=4414MB
RSS_SAMPLE t=391.4s rss=4414MB hwm=4414MB
RSS_SAMPLE t=391.6s rss=4415MB hwm=4415MB
RSS_SAMPLE t=391.9s rss=4416MB hwm=4416MB
RSS_SAMPLE t=392.1s rss=4416MB hwm=4416MB
RSS_SAMPLE t=392.4s rss=4417MB hwm=4417MB
RSS_SAMPLE t=392.6s rss=4418MB hwm=4418MB
RSS_SAMPLE t=392.9s rss=4418MB hwm=4418MB
RSS_SAMPLE t=393.1s rss=4419MB hwm=4419MB
RSS_SAMPLE t=393.4s rss=4419MB hwm=4419MB
RSS_SAMPLE t=393.6s rss=4420MB hwm=4420MB
RSS_SAMPLE t=393.9s rss=4421MB hwm=4421MB
RSS_SAMPLE t=394.1s rss=4421MB hwm=4421MB
RSS_SAMPLE t=394.4s rss=4422MB hwm=4422MB
RSS_SAMPLE t=394.6s rss=4423MB hwm=4423MB
RSS_SAMPLE t=394.9s rss=4423MB hwm=4423MB
RSS_SAMPLE t=395.1s rss=4424MB hwm=4424MB
RSS_SAMPLE t=395.4s rss=4426MB hwm=4426MB
RSS_SAMPLE t=395.6s rss=4426MB hwm=4426MB
RSS_SAMPLE t=395.9s rss=4427MB hwm=4427MB
RSS_SAMPLE t=396.1s rss=4427MB hwm=4427MB
RSS_SAMPLE t=396.4s rss=4428MB hwm=4428MB
RSS_SAMPLE t=396.6s rss=4428MB hwm=4428MB
RSS_SAMPLE t=396.9s rss=4428MB hwm=4428MB
RSS_SAMPLE t=397.1s rss=4429MB hwm=4429MB
RSS_SAMPLE t=397.4s rss=4429MB hwm=4429MB
RSS_SAMPLE t=397.6s rss=4430MB hwm=4430MB
RSS_SAMPLE t=397.9s rss=4430MB hwm=4430MB
RSS_SAMPLE t=398.1s rss=4430MB hwm=4430MB
RSS_SAMPLE t=398.4s rss=4431MB hwm=4431MB
RSS_SAMPLE t=398.6s rss=4431MB hwm=4431MB
RSS_SAMPLE t=398.9s rss=4432MB hwm=4432MB
RSS_SAMPLE t=399.1s rss=4432MB hwm=4432MB
RSS_SAMPLE t=399.4s rss=4432MB hwm=4432MB
RSS_SAMPLE t=399.6s rss=4433MB hwm=4433MB
RSS_SAMPLE t=399.9s rss=4433MB hwm=4433MB
RSS_SAMPLE t=400.1s rss=4434MB hwm=4434MB
RSS_SAMPLE t=400.4s rss=4435MB hwm=4435MB
RSS_SAMPLE t=400.6s rss=4435MB hwm=4435MB
RSS_SAMPLE t=400.9s rss=4435MB hwm=4435MB
RSS_SAMPLE t=401.1s rss=4436MB hwm=4436MB
RSS_SAMPLE t=401.4s rss=4436MB hwm=4436MB
RSS_SAMPLE t=401.6s rss=4437MB hwm=4437MB
RSS_SAMPLE t=401.9s rss=4437MB hwm=4437MB
RSS_SAMPLE t=402.1s rss=4438MB hwm=4438MB
RSS_SAMPLE t=402.4s rss=4438MB hwm=4438MB
RSS_SAMPLE t=402.6s rss=4439MB hwm=4439MB
RSS_SAMPLE t=402.9s rss=4439MB hwm=4439MB
RSS_SAMPLE t=403.1s rss=4440MB hwm=4440MB
RSS_SAMPLE t=403.4s rss=4441MB hwm=4441MB
RSS_SAMPLE t=403.6s rss=4442MB hwm=4442MB
RSS_SAMPLE t=403.9s rss=4442MB hwm=4442MB
RSS_SAMPLE t=404.1s rss=4443MB hwm=4443MB
RSS_SAMPLE t=404.4s rss=4443MB hwm=4443MB
RSS_SAMPLE t=404.6s rss=4445MB hwm=4445MB
RSS_SAMPLE t=404.9s rss=4445MB hwm=4445MB
RSS_SAMPLE t=405.1s rss=4446MB hwm=4446MB
RSS_SAMPLE t=405.4s rss=4446MB hwm=4446MB
RSS_SAMPLE t=405.6s rss=4447MB hwm=4447MB
RSS_SAMPLE t=405.9s rss=4447MB hwm=4447MB
RSS_SAMPLE t=406.1s rss=4448MB hwm=4448MB
RSS_SAMPLE t=406.4s rss=4448MB hwm=4448MB
RSS_SAMPLE t=406.6s rss=4449MB hwm=4449MB
RSS_SAMPLE t=406.9s rss=4449MB hwm=4449MB
RSS_SAMPLE t=407.1s rss=4450MB hwm=4450MB
RSS_SAMPLE t=407.4s rss=4450MB hwm=4450MB
RSS_SAMPLE t=407.6s rss=4450MB hwm=4450MB
RSS_SAMPLE t=407.9s rss=4451MB hwm=4451MB
RSS_SAMPLE t=408.1s rss=4451MB hwm=4451MB
RSS_SAMPLE t=408.4s rss=4452MB hwm=4452MB
RSS_SAMPLE t=408.6s rss=4452MB hwm=4452MB
RSS_SAMPLE t=408.9s rss=4453MB hwm=4453MB
RSS_SAMPLE t=409.1s rss=4453MB hwm=4453MB
RSS_SAMPLE t=409.4s rss=4453MB hwm=4453MB
RSS_SAMPLE t=409.6s rss=4454MB hwm=4454MB
RSS_SAMPLE t=409.9s rss=4455MB hwm=4455MB
RSS_SAMPLE t=410.1s rss=4455MB hwm=4455MB
RSS_SAMPLE t=410.4s rss=4455MB hwm=4455MB
RSS_SAMPLE t=410.6s rss=4455MB hwm=4455MB
RSS_SAMPLE t=410.9s rss=4455MB hwm=4455MB
RSS_SAMPLE t=411.1s rss=4456MB hwm=4456MB
RSS_SAMPLE t=411.4s rss=4456MB hwm=4456MB
RSS_SAMPLE t=411.6s rss=4456MB hwm=4456MB
RSS_SAMPLE t=411.9s rss=4456MB hwm=4456MB
RSS_SAMPLE t=412.1s rss=4457MB hwm=4457MB
RSS_SAMPLE t=412.4s rss=4457MB hwm=4457MB
RSS_SAMPLE t=412.6s rss=4458MB hwm=4458MB
RSS_SAMPLE t=412.9s rss=4458MB hwm=4458MB
RSS_SAMPLE t=413.1s rss=4459MB hwm=4459MB
RSS_SAMPLE t=413.4s rss=4459MB hwm=4459MB
RSS_SAMPLE t=413.6s rss=4460MB hwm=4460MB
RSS_SAMPLE t=413.9s rss=4460MB hwm=4460MB
RSS_SAMPLE t=414.1s rss=4460MB hwm=4460MB
RSS_SAMPLE t=414.4s rss=4460MB hwm=4460MB
RSS_SAMPLE t=414.6s rss=4461MB hwm=4461MB
RSS_SAMPLE t=414.9s rss=4461MB hwm=4461MB
RSS_SAMPLE t=415.1s rss=4461MB hwm=4461MB
RSS_SAMPLE t=415.4s rss=4461MB hwm=4461MB
RSS_SAMPLE t=415.6s rss=4462MB hwm=4462MB
RSS_SAMPLE t=415.9s rss=4462MB hwm=4462MB
RSS_SAMPLE t=416.1s rss=4463MB hwm=4463MB
RSS_SAMPLE t=416.4s rss=4463MB hwm=4463MB
RSS_SAMPLE t=416.6s rss=4464MB hwm=4464MB
RSS_SAMPLE t=416.9s rss=4464MB hwm=4464MB
RSS_SAMPLE t=417.1s rss=4464MB hwm=4464MB
RSS_SAMPLE t=417.4s rss=4464MB hwm=4464MB
RSS_SAMPLE t=417.6s rss=4465MB hwm=4465MB
RSS_SAMPLE t=417.9s rss=4466MB hwm=4466MB
RSS_SAMPLE t=418.1s rss=4467MB hwm=4467MB
RSS_SAMPLE t=418.4s rss=4467MB hwm=4467MB
RSS_SAMPLE t=418.6s rss=4467MB hwm=4467MB
RSS_SAMPLE t=418.9s rss=4468MB hwm=4468MB
RSS_SAMPLE t=419.1s rss=4469MB hwm=4469MB
RSS_SAMPLE t=419.4s rss=4470MB hwm=4470MB
RSS_SAMPLE t=419.6s rss=4471MB hwm=4471MB
RSS_SAMPLE t=419.9s rss=4472MB hwm=4472MB
RSS_SAMPLE t=420.1s rss=4473MB hwm=4473MB
RSS_SAMPLE t=420.4s rss=4474MB hwm=4474MB
RSS_SAMPLE t=420.6s rss=4475MB hwm=4475MB
RSS_SAMPLE t=420.9s rss=4476MB hwm=4476MB
RSS_SAMPLE t=421.1s rss=4477MB hwm=4477MB
RSS_SAMPLE t=421.4s rss=4477MB hwm=4477MB
RSS_SAMPLE t=421.6s rss=4478MB hwm=4478MB
RSS_SAMPLE t=421.9s rss=4478MB hwm=4478MB
RSS_SAMPLE t=422.1s rss=4478MB hwm=4478MB
RSS_SAMPLE t=422.4s rss=4478MB hwm=4478MB
RSS_SAMPLE t=422.6s rss=4478MB hwm=4478MB
RSS_SAMPLE t=422.9s rss=4479MB hwm=4479MB
RSS_SAMPLE t=423.1s rss=4479MB hwm=4479MB
RSS_SAMPLE t=423.4s rss=4479MB hwm=4479MB
RSS_SAMPLE t=423.6s rss=4479MB hwm=4479MB
RSS_SAMPLE t=423.9s rss=4479MB hwm=4479MB
RSS_SAMPLE t=424.1s rss=4479MB hwm=4479MB
RSS_SAMPLE t=424.4s rss=4479MB hwm=4479MB
RSS_SAMPLE t=424.6s rss=4479MB hwm=4479MB
RSS_SAMPLE t=424.9s rss=4479MB hwm=4479MB
RSS_SAMPLE t=425.1s rss=4479MB hwm=4479MB
RSS_SAMPLE t=425.4s rss=4479MB hwm=4479MB
RSS_SAMPLE t=425.6s rss=4479MB hwm=4479MB
RSS_SAMPLE t=425.9s rss=4479MB hwm=4479MB
RSS_SAMPLE t=426.1s rss=4479MB hwm=4479MB
RSS_SAMPLE t=426.4s rss=4479MB hwm=4479MB
RSS_SAMPLE t=426.6s rss=4479MB hwm=4479MB
RSS_SAMPLE t=426.9s rss=4479MB hwm=4479MB
RSS_SAMPLE t=427.1s rss=4479MB hwm=4479MB
RSS_SAMPLE t=427.4s rss=4479MB hwm=4479MB
RSS_SAMPLE t=427.6s rss=4479MB hwm=4479MB
RSS_SAMPLE t=427.9s rss=4479MB hwm=4479MB
RSS_SAMPLE t=428.1s rss=4479MB hwm=4479MB
RSS_SAMPLE t=428.4s rss=4479MB hwm=4479MB
RSS_SAMPLE t=428.6s rss=4479MB hwm=4479MB
RSS_SAMPLE t=428.9s rss=4479MB hwm=4479MB
RSS_SAMPLE t=429.1s rss=4479MB hwm=4479MB
RSS_SAMPLE t=429.4s rss=4479MB hwm=4479MB
RSS_SAMPLE t=429.6s rss=4479MB hwm=4479MB
RSS_SAMPLE t=429.9s rss=4479MB hwm=4479MB
RSS_SAMPLE t=430.1s rss=4479MB hwm=4479MB
RSS_SAMPLE t=430.4s rss=4479MB hwm=4479MB
RSS_SAMPLE t=430.6s rss=4479MB hwm=4479MB
RSS_SAMPLE t=430.9s rss=4479MB hwm=4479MB
RSS_SAMPLE t=431.1s rss=4479MB hwm=4479MB
RSS_SAMPLE t=431.4s rss=4479MB hwm=4479MB
RSS_SAMPLE t=431.6s rss=4479MB hwm=4479MB
RSS_SAMPLE t=431.9s rss=4479MB hwm=4479MB
RSS_SAMPLE t=432.1s rss=4480MB hwm=4480MB
RSS_SAMPLE t=432.4s rss=4480MB hwm=4480MB
RSS_SAMPLE t=432.6s rss=4480MB hwm=4480MB
RSS_SAMPLE t=432.9s rss=4480MB hwm=4480MB
RSS_SAMPLE t=433.1s rss=4480MB hwm=4480MB
RSS_SAMPLE t=433.4s rss=4480MB hwm=4480MB
RSS_SAMPLE t=433.6s rss=4480MB hwm=4480MB
RSS_SAMPLE t=433.9s rss=4480MB hwm=4480MB
RSS_SAMPLE t=434.1s rss=4480MB hwm=4480MB
RSS_SAMPLE t=434.4s rss=4480MB hwm=4480MB
RSS_SAMPLE t=434.6s rss=4480MB hwm=4480MB
RSS_SAMPLE t=434.9s rss=4480MB hwm=4480MB
RSS_SAMPLE t=435.1s rss=4480MB hwm=4480MB
RSS_SAMPLE t=435.4s rss=4480MB hwm=4480MB
RSS_SAMPLE t=435.6s rss=4480MB hwm=4480MB
RSS_SAMPLE t=435.9s rss=4480MB hwm=4480MB
RSS_SAMPLE t=436.1s rss=4480MB hwm=4480MB
RSS_SAMPLE t=436.4s rss=4480MB hwm=4480MB
RSS_SAMPLE t=436.6s rss=4480MB hwm=4480MB
RSS_SAMPLE t=436.9s rss=4480MB hwm=4480MB
RSS_SAMPLE t=437.1s rss=4480MB hwm=4480MB
RSS_SAMPLE t=437.4s rss=4480MB hwm=4480MB
RSS_SAMPLE t=437.6s rss=4480MB hwm=4480MB
RSS_SAMPLE t=437.9s rss=4480MB hwm=4480MB
RSS_SAMPLE t=438.1s rss=4480MB hwm=4480MB
RSS_SAMPLE t=438.4s rss=4480MB hwm=4480MB
RSS_SAMPLE t=438.6s rss=4480MB hwm=4480MB
RSS_SAMPLE t=438.9s rss=4480MB hwm=4480MB
RSS_SAMPLE t=439.1s rss=4480MB hwm=4480MB
RSS_SAMPLE t=439.4s rss=4480MB hwm=4480MB
RSS_SAMPLE t=439.6s rss=4480MB hwm=4480MB
RSS_SAMPLE t=439.9s rss=4480MB hwm=4480MB
RSS_SAMPLE t=440.1s rss=4480MB hwm=4480MB
RSS_SAMPLE t=440.4s rss=4480MB hwm=4480MB
RSS_SAMPLE t=440.7s rss=4480MB hwm=4480MB
RSS_SAMPLE t=440.9s rss=4480MB hwm=4480MB
RSS_SAMPLE t=441.2s rss=4480MB hwm=4480MB
RSS_SAMPLE t=441.4s rss=4480MB hwm=4480MB
RSS_SAMPLE t=441.7s rss=4480MB hwm=4480MB
RSS_SAMPLE t=441.9s rss=4480MB hwm=4480MB
RSS_SAMPLE t=442.2s rss=4480MB hwm=4480MB
RSS_SAMPLE t=442.4s rss=4480MB hwm=4480MB
RSS_SAMPLE t=442.7s rss=4480MB hwm=4480MB
RSS_SAMPLE t=442.9s rss=4480MB hwm=4480MB
RSS_SAMPLE t=443.2s rss=4480MB hwm=4480MB
RSS_SAMPLE t=443.4s rss=4480MB hwm=4480MB
RSS_SAMPLE t=443.7s rss=4480MB hwm=4480MB
RSS_SAMPLE t=443.9s rss=4481MB hwm=4481MB
RSS_SAMPLE t=444.2s rss=4481MB hwm=4481MB
RSS_SAMPLE t=444.4s rss=4481MB hwm=4481MB
RSS_SAMPLE t=444.7s rss=4481MB hwm=4481MB
RSS_SAMPLE t=444.9s rss=4481MB hwm=4481MB
RSS_SAMPLE t=445.2s rss=4481MB hwm=4481MB
RSS_SAMPLE t=445.4s rss=4481MB hwm=4481MB
RSS_SAMPLE t=445.7s rss=4481MB hwm=4481MB
RSS_SAMPLE t=445.9s rss=4481MB hwm=4481MB
RSS_SAMPLE t=446.2s rss=4481MB hwm=4481MB
RSS_SAMPLE t=446.4s rss=4481MB hwm=4481MB
RSS_SAMPLE t=446.7s rss=4481MB hwm=4481MB
RSS_SAMPLE t=446.9s rss=4481MB hwm=4481MB
RSS_SAMPLE t=447.2s rss=4481MB hwm=4481MB
RSS_SAMPLE t=447.4s rss=4481MB hwm=4481MB
RSS_SAMPLE t=447.7s rss=4481MB hwm=4481MB
RSS_SAMPLE t=447.9s rss=4481MB hwm=4481MB
RSS_SAMPLE t=448.2s rss=4481MB hwm=4481MB
RSS_SAMPLE t=448.4s rss=4481MB hwm=4481MB
RSS_SAMPLE t=448.7s rss=4481MB hwm=4481MB
RSS_SAMPLE t=448.9s rss=4481MB hwm=4481MB
RSS_SAMPLE t=449.2s rss=4481MB hwm=4481MB
RSS_SAMPLE t=449.4s rss=4481MB hwm=4481MB
RSS_SAMPLE t=449.7s rss=4481MB hwm=4481MB
RSS_SAMPLE t=449.9s rss=4481MB hwm=4481MB
RSS_SAMPLE t=450.2s rss=4481MB hwm=4481MB
RSS_SAMPLE t=450.4s rss=4481MB hwm=4481MB
MEM_POOL: workspaces=32 dense_usage_mb=1251 n_pipes=2562403
    post_solve_diag[outer=3]: solves=105117 cap_armed=105117 (100.0%) settle_avg=7740 above_sink_avg=245 (3.2%) settle_max=69353
    load_support[outer=3]: settle_avg=7740 load_nz_avg=5071 (65.5%) load_material_avg=1870 (24.2%)
    prune_ceiling[outer=3]: settle_avg=7740 heuristic_prunable_avg=2758 (35.6%) vs oracle_zero_load=34.5%
    settle_hist[outer=3]: <100: 22917nets/0.2%work  <1k: 27958nets/1.2%work  <5k: 22675nets/7.1%work  <20k: 15740nets/21.2%work  <60k: 14848nets/62.5%work  >=60k: 979nets/7.8%work
    fanout_hist[outer=3]: fan1: 43710nets/13.0%work  fan2-4: 48279nets/50.4%work  fan5-16: 12974nets/35.7%work  fan17-64: 154nets/0.9%work  fan65-256: 0nets/0.0%work  fan>256: 0nets/0.0%work
    rss_probe[outer=3]: pre_post_solve=4391MB post_post_solve=4481MB after_apply=4481MB
    E_decomp: base=20062365.5 eff=23931655.0 cong=3869289.5 cong_share=16.2% sat_pipes=521597 max_util=1197.73  R_buckets: 1-2x=2510236 2-10x=52167 10-100x=0 >=100x=0
    E_potential: beckmann=14242435491179.8 history_total=0.0
    SpanCache: epoch=4 entries=3153 lookups=2562403 hits=2559250 misses=3153 hit_rate=99.9%
  DCD   3: nets=105117 line=15060805 energy=2154234.251 dE=-48157.981 friction=5009234.4 bins=2.0x(549) excess=195.5 moved=67594 disp=6.288 solves=105117 skip=105117 pops=813653410 theta=0.401 refresh=77386ms dcd=6439ms total=86290ms
    cache_stats: entries=61572156 capacity=111051052 est_mb=958 rss_mb=4482
RSS_SAMPLE t=450.7s rss=4482MB hwm=4482MB
RSS_SAMPLE t=450.9s rss=4482MB hwm=4482MB
RSS_SAMPLE t=451.2s rss=4482MB hwm=4482MB
RSS_SAMPLE t=451.4s rss=4482MB hwm=4482MB
RSS_SAMPLE t=451.7s rss=4482MB hwm=4482MB
RSS_SAMPLE t=451.9s rss=4482MB hwm=4482MB
RSS_SAMPLE t=452.2s rss=4482MB hwm=4482MB
RSS_SAMPLE t=452.4s rss=4482MB hwm=4482MB
RSS_SAMPLE t=452.7s rss=4482MB hwm=4482MB
RSS_SAMPLE t=452.9s rss=4482MB hwm=4482MB
    SwitchMatrix: type_usage_pairs=935 lookups=2843 hits=1908 dijkstra_calls=935 avg_us=12.1 total_ms=11.3
PHASE_MARK outer=4 enter=pre_solve rss=4482MB
    rss_probe[outer=4]: pre_refresh_rss=4482MB post_pre_solve_rss=4482MB cache_entries=61572156 cache_cap=111051052 cache_est_mb=958
    pre_solve_diag[outer=4]: solves=0 fallback=0 (0.0%) cap_armed=0 (0.0%) settle_avg=0 settle_max=0 init_count=236
    Overflow: over=450650 (17.6% of used) avg_excess=1.45 max_excess=1988.59 (nc=2012.59 cap=24 span=1)  excess_buckets: <=1=278785 1-5=150338 5-20=19708 >20=1819  by_cap: cap1=289636 cap2=111187 cap3-5=571 cap>5=49256  by_span: s1=2173 s2-3=4056 s4-6=29613 s7-12=116427 s>12=298381  le1_cross: cap1=214417 cap2-5=55905 cap>5=8463
    Congestion: pipes=2562403 used=2562403 congested(>50%)=1039756 saturated(>90%)=521597 max_util=1197.73 avg_util=0.5937
PHASE_MARK outer=4 enter=dcd_sweep rss=4482MB
RSS_SAMPLE t=453.2s rss=4482MB hwm=4482MB
RSS_SAMPLE t=453.4s rss=4482MB hwm=4482MB
RSS_SAMPLE t=453.7s rss=4482MB hwm=4482MB
RSS_SAMPLE t=453.9s rss=4482MB hwm=4482MB
RSS_SAMPLE t=454.2s rss=4482MB hwm=4482MB
RSS_SAMPLE t=454.4s rss=4482MB hwm=4482MB
RSS_SAMPLE t=454.7s rss=4482MB hwm=4482MB
RSS_SAMPLE t=454.9s rss=4482MB hwm=4482MB
RSS_SAMPLE t=455.2s rss=4482MB hwm=4482MB
RSS_SAMPLE t=455.4s rss=4482MB hwm=4482MB
RSS_SAMPLE t=455.7s rss=4482MB hwm=4482MB
RSS_SAMPLE t=455.9s rss=4482MB hwm=4482MB
RSS_SAMPLE t=456.2s rss=4482MB hwm=4482MB
RSS_SAMPLE t=456.4s rss=4482MB hwm=4482MB
RSS_SAMPLE t=456.7s rss=4482MB hwm=4482MB
RSS_SAMPLE t=456.9s rss=4482MB hwm=4482MB
RSS_SAMPLE t=457.2s rss=4482MB hwm=4482MB
RSS_SAMPLE t=457.4s rss=4482MB hwm=4482MB
RSS_SAMPLE t=457.7s rss=4482MB hwm=4482MB
RSS_SAMPLE t=457.9s rss=4482MB hwm=4482MB
RSS_SAMPLE t=458.2s rss=4482MB hwm=4482MB
RSS_SAMPLE t=458.4s rss=4482MB hwm=4482MB
RSS_SAMPLE t=458.7s rss=4482MB hwm=4482MB
RSS_SAMPLE t=458.9s rss=4482MB hwm=4482MB
RSS_SAMPLE t=459.2s rss=4482MB hwm=4482MB
RSS_SAMPLE t=459.4s rss=4482MB hwm=4482MB
PHASE_MARK outer=4 leave=dcd_sweep rss=4482MB
PHASE_MARK outer=4 enter=post_refresh rss=4482MB
RSS_SAMPLE t=459.7s rss=4483MB hwm=4483MB
RSS_SAMPLE t=459.9s rss=4483MB hwm=4483MB
RSS_SAMPLE t=460.2s rss=4483MB hwm=4483MB
RSS_SAMPLE t=460.4s rss=4483MB hwm=4483MB
RSS_SAMPLE t=460.7s rss=4483MB hwm=4483MB
RSS_SAMPLE t=460.9s rss=4483MB hwm=4483MB
RSS_SAMPLE t=461.2s rss=4483MB hwm=4483MB
RSS_SAMPLE t=461.4s rss=4483MB hwm=4483MB
RSS_SAMPLE t=461.7s rss=4483MB hwm=4483MB
RSS_SAMPLE t=461.9s rss=4483MB hwm=4483MB
RSS_SAMPLE t=462.2s rss=4484MB hwm=4484MB
RSS_SAMPLE t=462.4s rss=4485MB hwm=4485MB
RSS_SAMPLE t=462.7s rss=4485MB hwm=4485MB
RSS_SAMPLE t=462.9s rss=4486MB hwm=4486MB
RSS_SAMPLE t=463.2s rss=4486MB hwm=4486MB
RSS_SAMPLE t=463.4s rss=4486MB hwm=4486MB
RSS_SAMPLE t=463.7s rss=4487MB hwm=4487MB
RSS_SAMPLE t=463.9s rss=4488MB hwm=4488MB
RSS_SAMPLE t=464.2s rss=4488MB hwm=4488MB
RSS_SAMPLE t=464.4s rss=4489MB hwm=4489MB
RSS_SAMPLE t=464.7s rss=4489MB hwm=4489MB
RSS_SAMPLE t=464.9s rss=4489MB hwm=4489MB
RSS_SAMPLE t=465.2s rss=4490MB hwm=4490MB
RSS_SAMPLE t=465.4s rss=4491MB hwm=4491MB
RSS_SAMPLE t=465.7s rss=4492MB hwm=4492MB
RSS_SAMPLE t=465.9s rss=4492MB hwm=4492MB
RSS_SAMPLE t=466.2s rss=4493MB hwm=4493MB
RSS_SAMPLE t=466.4s rss=4493MB hwm=4493MB
RSS_SAMPLE t=466.7s rss=4494MB hwm=4494MB
RSS_SAMPLE t=466.9s rss=4494MB hwm=4494MB
RSS_SAMPLE t=467.2s rss=4495MB hwm=4495MB
RSS_SAMPLE t=467.4s rss=4496MB hwm=4496MB
RSS_SAMPLE t=467.7s rss=4497MB hwm=4497MB
RSS_SAMPLE t=467.9s rss=4497MB hwm=4497MB
RSS_SAMPLE t=468.2s rss=4497MB hwm=4497MB
RSS_SAMPLE t=468.4s rss=4498MB hwm=4498MB
RSS_SAMPLE t=468.7s rss=4498MB hwm=4498MB
RSS_SAMPLE t=468.9s rss=4499MB hwm=4499MB
RSS_SAMPLE t=469.2s rss=4499MB hwm=4499MB
RSS_SAMPLE t=469.4s rss=4500MB hwm=4500MB
RSS_SAMPLE t=469.7s rss=4501MB hwm=4501MB
RSS_SAMPLE t=469.9s rss=4501MB hwm=4501MB
RSS_SAMPLE t=470.2s rss=4502MB hwm=4502MB
RSS_SAMPLE t=470.4s rss=4502MB hwm=4502MB
RSS_SAMPLE t=470.7s rss=4503MB hwm=4503MB
RSS_SAMPLE t=470.9s rss=4504MB hwm=4504MB
RSS_SAMPLE t=471.2s rss=4505MB hwm=4505MB
RSS_SAMPLE t=471.4s rss=4505MB hwm=4505MB
RSS_SAMPLE t=471.7s rss=4506MB hwm=4506MB
RSS_SAMPLE t=471.9s rss=4506MB hwm=4506MB
RSS_SAMPLE t=472.2s rss=4507MB hwm=4507MB
RSS_SAMPLE t=472.4s rss=4508MB hwm=4508MB
RSS_SAMPLE t=472.7s rss=4508MB hwm=4508MB
RSS_SAMPLE t=472.9s rss=4509MB hwm=4509MB
RSS_SAMPLE t=473.2s rss=4509MB hwm=4509MB
RSS_SAMPLE t=473.4s rss=4510MB hwm=4510MB
RSS_SAMPLE t=473.7s rss=4511MB hwm=4511MB
RSS_SAMPLE t=473.9s rss=4512MB hwm=4512MB
RSS_SAMPLE t=474.2s rss=4513MB hwm=4513MB
RSS_SAMPLE t=474.4s rss=4513MB hwm=4513MB
RSS_SAMPLE t=474.7s rss=4514MB hwm=4514MB
RSS_SAMPLE t=474.9s rss=4515MB hwm=4515MB
RSS_SAMPLE t=475.2s rss=4516MB hwm=4516MB
RSS_SAMPLE t=475.4s rss=4517MB hwm=4517MB
RSS_SAMPLE t=475.7s rss=4517MB hwm=4517MB
RSS_SAMPLE t=475.9s rss=4518MB hwm=4518MB
RSS_SAMPLE t=476.2s rss=4519MB hwm=4519MB
RSS_SAMPLE t=476.4s rss=4520MB hwm=4520MB
RSS_SAMPLE t=476.7s rss=4521MB hwm=4521MB
RSS_SAMPLE t=476.9s rss=4521MB hwm=4521MB
RSS_SAMPLE t=477.2s rss=4522MB hwm=4522MB
RSS_SAMPLE t=477.4s rss=4523MB hwm=4523MB
RSS_SAMPLE t=477.7s rss=4523MB hwm=4523MB
RSS_SAMPLE t=478.0s rss=4525MB hwm=4525MB
RSS_SAMPLE t=478.2s rss=4525MB hwm=4525MB
RSS_SAMPLE t=478.5s rss=4526MB hwm=4526MB
RSS_SAMPLE t=478.7s rss=4527MB hwm=4527MB
RSS_SAMPLE t=479.0s rss=4527MB hwm=4527MB
RSS_SAMPLE t=479.2s rss=4528MB hwm=4528MB
RSS_SAMPLE t=479.5s rss=4529MB hwm=4529MB
RSS_SAMPLE t=479.7s rss=4530MB hwm=4530MB
RSS_SAMPLE t=480.0s rss=4531MB hwm=4531MB
RSS_SAMPLE t=480.2s rss=4531MB hwm=4531MB
RSS_SAMPLE t=480.5s rss=4532MB hwm=4532MB
RSS_SAMPLE t=480.7s rss=4532MB hwm=4532MB
RSS_SAMPLE t=481.0s rss=4533MB hwm=4533MB
RSS_SAMPLE t=481.2s rss=4534MB hwm=4534MB
RSS_SAMPLE t=481.5s rss=4534MB hwm=4534MB
RSS_SAMPLE t=481.7s rss=4534MB hwm=4534MB
RSS_SAMPLE t=482.0s rss=4535MB hwm=4535MB
RSS_SAMPLE t=482.2s rss=4535MB hwm=4535MB
RSS_SAMPLE t=482.5s rss=4536MB hwm=4536MB
RSS_SAMPLE t=482.7s rss=4536MB hwm=4536MB
RSS_SAMPLE t=483.0s rss=4537MB hwm=4537MB
RSS_SAMPLE t=483.2s rss=4538MB hwm=4538MB
RSS_SAMPLE t=483.5s rss=4539MB hwm=4539MB
RSS_SAMPLE t=483.7s rss=4539MB hwm=4539MB
RSS_SAMPLE t=484.0s rss=4539MB hwm=4539MB
RSS_SAMPLE t=484.2s rss=4540MB hwm=4540MB
RSS_SAMPLE t=484.5s rss=4540MB hwm=4540MB
RSS_SAMPLE t=484.7s rss=4541MB hwm=4541MB
RSS_SAMPLE t=485.0s rss=4541MB hwm=4541MB
RSS_SAMPLE t=485.2s rss=4541MB hwm=4541MB
RSS_SAMPLE t=485.5s rss=4542MB hwm=4542MB
RSS_SAMPLE t=485.7s rss=4542MB hwm=4542MB
RSS_SAMPLE t=486.0s rss=4542MB hwm=4542MB
RSS_SAMPLE t=486.2s rss=4542MB hwm=4542MB
RSS_SAMPLE t=486.5s rss=4543MB hwm=4543MB
RSS_SAMPLE t=486.7s rss=4543MB hwm=4543MB
RSS_SAMPLE t=487.0s rss=4544MB hwm=4544MB
RSS_SAMPLE t=487.2s rss=4544MB hwm=4544MB
RSS_SAMPLE t=487.5s rss=4545MB hwm=4545MB
RSS_SAMPLE t=487.7s rss=4545MB hwm=4545MB
RSS_SAMPLE t=488.0s rss=4546MB hwm=4546MB
RSS_SAMPLE t=488.2s rss=4546MB hwm=4546MB
RSS_SAMPLE t=488.5s rss=4546MB hwm=4546MB
RSS_SAMPLE t=488.7s rss=4547MB hwm=4547MB
RSS_SAMPLE t=489.0s rss=4547MB hwm=4547MB
RSS_SAMPLE t=489.2s rss=4548MB hwm=4548MB
RSS_SAMPLE t=489.5s rss=4548MB hwm=4548MB
RSS_SAMPLE t=489.7s rss=4548MB hwm=4548MB
RSS_SAMPLE t=490.0s rss=4549MB hwm=4549MB
RSS_SAMPLE t=490.2s rss=4549MB hwm=4549MB
RSS_SAMPLE t=490.5s rss=4549MB hwm=4549MB
RSS_SAMPLE t=490.7s rss=4550MB hwm=4550MB
RSS_SAMPLE t=491.0s rss=4550MB hwm=4550MB
RSS_SAMPLE t=491.2s rss=4551MB hwm=4551MB
RSS_SAMPLE t=491.5s rss=4551MB hwm=4551MB
RSS_SAMPLE t=491.7s rss=4551MB hwm=4551MB
RSS_SAMPLE t=492.0s rss=4551MB hwm=4551MB
RSS_SAMPLE t=492.2s rss=4552MB hwm=4552MB
RSS_SAMPLE t=492.5s rss=4552MB hwm=4552MB
RSS_SAMPLE t=492.7s rss=4552MB hwm=4552MB
RSS_SAMPLE t=493.0s rss=4552MB hwm=4552MB
RSS_SAMPLE t=493.2s rss=4552MB hwm=4552MB
RSS_SAMPLE t=493.5s rss=4552MB hwm=4552MB
RSS_SAMPLE t=493.7s rss=4553MB hwm=4553MB
RSS_SAMPLE t=494.0s rss=4553MB hwm=4553MB
RSS_SAMPLE t=494.2s rss=4553MB hwm=4553MB
RSS_SAMPLE t=494.5s rss=4553MB hwm=4553MB
RSS_SAMPLE t=494.7s rss=4553MB hwm=4553MB
RSS_SAMPLE t=495.0s rss=4553MB hwm=4553MB
RSS_SAMPLE t=495.2s rss=4553MB hwm=4553MB
RSS_SAMPLE t=495.5s rss=4554MB hwm=4554MB
RSS_SAMPLE t=495.7s rss=4554MB hwm=4554MB
RSS_SAMPLE t=496.0s rss=4554MB hwm=4554MB
RSS_SAMPLE t=496.2s rss=4554MB hwm=4554MB
RSS_SAMPLE t=496.5s rss=4554MB hwm=4554MB
RSS_SAMPLE t=496.7s rss=4554MB hwm=4554MB
RSS_SAMPLE t=497.0s rss=4554MB hwm=4554MB
RSS_SAMPLE t=497.2s rss=4554MB hwm=4554MB
RSS_SAMPLE t=497.5s rss=4554MB hwm=4554MB
RSS_SAMPLE t=497.7s rss=4555MB hwm=4555MB
RSS_SAMPLE t=498.0s rss=4555MB hwm=4555MB
RSS_SAMPLE t=498.2s rss=4555MB hwm=4555MB
RSS_SAMPLE t=498.5s rss=4555MB hwm=4555MB
RSS_SAMPLE t=498.7s rss=4555MB hwm=4555MB
RSS_SAMPLE t=499.0s rss=4555MB hwm=4555MB
RSS_SAMPLE t=499.2s rss=4555MB hwm=4555MB
RSS_SAMPLE t=499.5s rss=4555MB hwm=4555MB
RSS_SAMPLE t=499.7s rss=4555MB hwm=4555MB
RSS_SAMPLE t=500.0s rss=4556MB hwm=4556MB
RSS_SAMPLE t=500.2s rss=4556MB hwm=4556MB
RSS_SAMPLE t=500.5s rss=4556MB hwm=4556MB
RSS_SAMPLE t=500.7s rss=4556MB hwm=4556MB
RSS_SAMPLE t=501.0s rss=4556MB hwm=4556MB
RSS_SAMPLE t=501.2s rss=4556MB hwm=4556MB
RSS_SAMPLE t=501.5s rss=4556MB hwm=4556MB
RSS_SAMPLE t=501.7s rss=4556MB hwm=4556MB
RSS_SAMPLE t=502.0s rss=4556MB hwm=4556MB
RSS_SAMPLE t=502.2s rss=4556MB hwm=4556MB
RSS_SAMPLE t=502.5s rss=4556MB hwm=4556MB
RSS_SAMPLE t=502.7s rss=4556MB hwm=4556MB
RSS_SAMPLE t=503.0s rss=4556MB hwm=4556MB
RSS_SAMPLE t=503.2s rss=4556MB hwm=4556MB
RSS_SAMPLE t=503.5s rss=4556MB hwm=4556MB
RSS_SAMPLE t=503.7s rss=4556MB hwm=4556MB
RSS_SAMPLE t=504.0s rss=4556MB hwm=4556MB
RSS_SAMPLE t=504.2s rss=4556MB hwm=4556MB
RSS_SAMPLE t=504.5s rss=4556MB hwm=4556MB
RSS_SAMPLE t=504.7s rss=4556MB hwm=4556MB
RSS_SAMPLE t=505.0s rss=4556MB hwm=4556MB
RSS_SAMPLE t=505.2s rss=4556MB hwm=4556MB
RSS_SAMPLE t=505.5s rss=4556MB hwm=4556MB
RSS_SAMPLE t=505.7s rss=4556MB hwm=4556MB
RSS_SAMPLE t=506.0s rss=4556MB hwm=4556MB
RSS_SAMPLE t=506.2s rss=4556MB hwm=4556MB
RSS_SAMPLE t=506.5s rss=4556MB hwm=4556MB
RSS_SAMPLE t=506.7s rss=4556MB hwm=4556MB
RSS_SAMPLE t=507.0s rss=4557MB hwm=4557MB
RSS_SAMPLE t=507.2s rss=4557MB hwm=4557MB
RSS_SAMPLE t=507.5s rss=4557MB hwm=4557MB
RSS_SAMPLE t=507.7s rss=4557MB hwm=4557MB
RSS_SAMPLE t=508.0s rss=4557MB hwm=4557MB
RSS_SAMPLE t=508.2s rss=4557MB hwm=4557MB
RSS_SAMPLE t=508.5s rss=4557MB hwm=4557MB
RSS_SAMPLE t=508.7s rss=4557MB hwm=4557MB
RSS_SAMPLE t=509.0s rss=4557MB hwm=4557MB
RSS_SAMPLE t=509.2s rss=4557MB hwm=4557MB
RSS_SAMPLE t=509.5s rss=4557MB hwm=4557MB
RSS_SAMPLE t=509.7s rss=4557MB hwm=4557MB
RSS_SAMPLE t=510.0s rss=4557MB hwm=4557MB
RSS_SAMPLE t=510.2s rss=4557MB hwm=4557MB
RSS_SAMPLE t=510.5s rss=4557MB hwm=4557MB
RSS_SAMPLE t=510.7s rss=4557MB hwm=4557MB
RSS_SAMPLE t=511.0s rss=4557MB hwm=4557MB
RSS_SAMPLE t=511.2s rss=4557MB hwm=4557MB
RSS_SAMPLE t=511.5s rss=4557MB hwm=4557MB
RSS_SAMPLE t=511.7s rss=4557MB hwm=4557MB
RSS_SAMPLE t=512.0s rss=4557MB hwm=4557MB
RSS_SAMPLE t=512.2s rss=4557MB hwm=4557MB
RSS_SAMPLE t=512.5s rss=4557MB hwm=4557MB
RSS_SAMPLE t=512.7s rss=4557MB hwm=4557MB
RSS_SAMPLE t=513.0s rss=4557MB hwm=4557MB
RSS_SAMPLE t=513.2s rss=4557MB hwm=4557MB
RSS_SAMPLE t=513.5s rss=4557MB hwm=4557MB
RSS_SAMPLE t=513.7s rss=4557MB hwm=4557MB
RSS_SAMPLE t=514.0s rss=4557MB hwm=4557MB
RSS_SAMPLE t=514.2s rss=4557MB hwm=4557MB
RSS_SAMPLE t=514.5s rss=4557MB hwm=4557MB
RSS_SAMPLE t=514.7s rss=4557MB hwm=4557MB
RSS_SAMPLE t=515.0s rss=4557MB hwm=4557MB
RSS_SAMPLE t=515.2s rss=4557MB hwm=4557MB
RSS_SAMPLE t=515.5s rss=4557MB hwm=4557MB
RSS_SAMPLE t=515.7s rss=4557MB hwm=4557MB
RSS_SAMPLE t=516.0s rss=4557MB hwm=4557MB
RSS_SAMPLE t=516.2s rss=4557MB hwm=4557MB
RSS_SAMPLE t=516.5s rss=4557MB hwm=4557MB
RSS_SAMPLE t=516.7s rss=4557MB hwm=4557MB
RSS_SAMPLE t=517.0s rss=4557MB hwm=4557MB
RSS_SAMPLE t=517.2s rss=4557MB hwm=4557MB
RSS_SAMPLE t=517.5s rss=4557MB hwm=4557MB
RSS_SAMPLE t=517.7s rss=4557MB hwm=4557MB
RSS_SAMPLE t=518.0s rss=4557MB hwm=4557MB
RSS_SAMPLE t=518.2s rss=4557MB hwm=4557MB
RSS_SAMPLE t=518.5s rss=4557MB hwm=4557MB
RSS_SAMPLE t=518.7s rss=4558MB hwm=4558MB
RSS_SAMPLE t=519.0s rss=4558MB hwm=4558MB
RSS_SAMPLE t=519.2s rss=4558MB hwm=4558MB
RSS_SAMPLE t=519.5s rss=4558MB hwm=4558MB
RSS_SAMPLE t=519.7s rss=4558MB hwm=4558MB
RSS_SAMPLE t=520.0s rss=4558MB hwm=4558MB
RSS_SAMPLE t=520.2s rss=4558MB hwm=4558MB
RSS_SAMPLE t=520.5s rss=4558MB hwm=4558MB
RSS_SAMPLE t=520.7s rss=4558MB hwm=4558MB
RSS_SAMPLE t=521.0s rss=4558MB hwm=4558MB
RSS_SAMPLE t=521.2s rss=4558MB hwm=4558MB
RSS_SAMPLE t=521.5s rss=4558MB hwm=4558MB
RSS_SAMPLE t=521.7s rss=4558MB hwm=4558MB
RSS_SAMPLE t=522.0s rss=4558MB hwm=4558MB
RSS_SAMPLE t=522.2s rss=4558MB hwm=4558MB
RSS_SAMPLE t=522.5s rss=4558MB hwm=4558MB
RSS_SAMPLE t=522.7s rss=4558MB hwm=4558MB
RSS_SAMPLE t=523.0s rss=4558MB hwm=4558MB
RSS_SAMPLE t=523.2s rss=4558MB hwm=4558MB
RSS_SAMPLE t=523.5s rss=4558MB hwm=4558MB
RSS_SAMPLE t=523.7s rss=4558MB hwm=4558MB
RSS_SAMPLE t=524.0s rss=4558MB hwm=4558MB
RSS_SAMPLE t=524.2s rss=4558MB hwm=4558MB
RSS_SAMPLE t=524.5s rss=4558MB hwm=4558MB
RSS_SAMPLE t=524.7s rss=4558MB hwm=4558MB
RSS_SAMPLE t=525.0s rss=4558MB hwm=4558MB
RSS_SAMPLE t=525.2s rss=4558MB hwm=4558MB
RSS_SAMPLE t=525.5s rss=4558MB hwm=4558MB
RSS_SAMPLE t=525.7s rss=4558MB hwm=4558MB
RSS_SAMPLE t=526.0s rss=4558MB hwm=4558MB
RSS_SAMPLE t=526.2s rss=4558MB hwm=4558MB
RSS_SAMPLE t=526.5s rss=4558MB hwm=4558MB
RSS_SAMPLE t=526.7s rss=4558MB hwm=4558MB
RSS_SAMPLE t=527.0s rss=4558MB hwm=4558MB
RSS_SAMPLE t=527.2s rss=4558MB hwm=4558MB
RSS_SAMPLE t=527.5s rss=4558MB hwm=4558MB
RSS_SAMPLE t=527.7s rss=4558MB hwm=4558MB
RSS_SAMPLE t=528.0s rss=4558MB hwm=4558MB
RSS_SAMPLE t=528.2s rss=4558MB hwm=4558MB
RSS_SAMPLE t=528.5s rss=4558MB hwm=4558MB
RSS_SAMPLE t=528.7s rss=4558MB hwm=4558MB
RSS_SAMPLE t=529.0s rss=4558MB hwm=4558MB
RSS_SAMPLE t=529.2s rss=4558MB hwm=4558MB
RSS_SAMPLE t=529.5s rss=4558MB hwm=4558MB
RSS_SAMPLE t=529.7s rss=4558MB hwm=4558MB
RSS_SAMPLE t=530.0s rss=4558MB hwm=4558MB
RSS_SAMPLE t=530.2s rss=4558MB hwm=4558MB
RSS_SAMPLE t=530.5s rss=4558MB hwm=4558MB
RSS_SAMPLE t=530.7s rss=4558MB hwm=4558MB
MEM_POOL: workspaces=32 dense_usage_mb=1251 n_pipes=2562403
    post_solve_diag[outer=4]: solves=105117 cap_armed=105117 (100.0%) settle_avg=7273 above_sink_avg=249 (3.4%) settle_max=69353
    load_support[outer=4]: settle_avg=7273 load_nz_avg=4735 (65.1%) load_material_avg=1754 (24.1%)
    prune_ceiling[outer=4]: settle_avg=7273 heuristic_prunable_avg=2392 (32.9%) vs oracle_zero_load=34.9%
    settle_hist[outer=4]: <100: 22822nets/0.2%work  <1k: 28468nets/1.3%work  <5k: 22770nets/7.5%work  <20k: 16348nets/23.4%work  <60k: 14051nets/62.0%work  >=60k: 658nets/5.5%work
    fanout_hist[outer=4]: fan1: 43710nets/13.0%work  fan2-4: 48279nets/50.3%work  fan5-16: 12974nets/35.8%work  fan17-64: 154nets/0.9%work  fan65-256: 0nets/0.0%work  fan>256: 0nets/0.0%work
    rss_probe[outer=4]: pre_post_solve=4483MB post_post_solve=4558MB after_apply=4558MB
    E_decomp: base=20213207.2 eff=24135247.5 cong=3922040.3 cong_share=16.3% sat_pipes=556827 max_util=1244.84  R_buckets: 1-2x=2478128 2-10x=84275 10-100x=0 >=100x=0
    E_potential: beckmann=15720995218880.5 history_total=0.0
    SpanCache: epoch=5 entries=2843 lookups=2562403 hits=2559560 misses=2843 hit_rate=99.9%
  DCD   4: nets=105117 line=14430714 energy=2070989.473 dE=-83244.778 friction=4832340.8 bins=2.0x(466) excess=151.2 moved=68763 disp=5.883 solves=105117 skip=105117 pops=764547369 theta=0.470 refresh=71309ms dcd=6398ms total=80263ms
    cache_stats: entries=62585925 capacity=115643724 est_mb=997 rss_mb=4558
RSS_SAMPLE t=531.0s rss=4558MB hwm=4558MB
RSS_SAMPLE t=531.2s rss=4558MB hwm=4558MB
RSS_SAMPLE t=531.5s rss=4558MB hwm=4558MB
RSS_SAMPLE t=531.7s rss=4558MB hwm=4558MB
RSS_SAMPLE t=532.0s rss=4558MB hwm=4558MB
RSS_SAMPLE t=532.2s rss=4558MB hwm=4558MB
RSS_SAMPLE t=532.5s rss=4558MB hwm=4558MB
RSS_SAMPLE t=532.7s rss=4558MB hwm=4558MB
RSS_SAMPLE t=533.0s rss=4558MB hwm=4558MB
RSS_SAMPLE t=533.2s rss=4558MB hwm=4558MB
    SwitchMatrix: type_usage_pairs=892 lookups=2665 hits=1773 dijkstra_calls=892 avg_us=11.5 total_ms=10.2
PHASE_MARK outer=5 enter=pre_solve rss=4558MB
    rss_probe[outer=5]: pre_refresh_rss=4558MB post_pre_solve_rss=4558MB cache_entries=62585925 cache_cap=115643724 cache_est_mb=997
    pre_solve_diag[outer=5]: solves=0 fallback=0 (0.0%) cap_armed=0 (0.0%) settle_avg=0 settle_max=0 init_count=254
    Overflow: over=475731 (18.6% of used) avg_excess=1.15 max_excess=1868.81 (nc=1892.81 cap=24 span=1)  excess_buckets: <=1=342916 1-5=115603 5-20=16043 >20=1169  by_cap: cap1=323148 cap2=103957 cap3-5=573 cap>5=48053  by_span: s1=1874 s2-3=3468 s4-6=30539 s7-12=109036 s>12=330814  le1_cross: cap1=272242 cap2-5=60706 cap>5=9968
    Congestion: pipes=2562403 used=2562403 congested(>50%)=1118630 saturated(>90%)=556827 max_util=1244.84 avg_util=0.5964
PHASE_MARK outer=5 enter=dcd_sweep rss=4558MB
RSS_SAMPLE t=533.5s rss=4558MB hwm=4558MB
RSS_SAMPLE t=533.7s rss=4558MB hwm=4558MB
RSS_SAMPLE t=534.0s rss=4558MB hwm=4558MB
RSS_SAMPLE t=534.2s rss=4558MB hwm=4558MB
RSS_SAMPLE t=534.5s rss=4558MB hwm=4558MB
RSS_SAMPLE t=534.7s rss=4558MB hwm=4558MB
RSS_SAMPLE t=535.0s rss=4558MB hwm=4558MB
RSS_SAMPLE t=535.2s rss=4558MB hwm=4558MB
RSS_SAMPLE t=535.5s rss=4558MB hwm=4558MB
RSS_SAMPLE t=535.7s rss=4558MB hwm=4558MB
RSS_SAMPLE t=536.0s rss=4558MB hwm=4558MB
RSS_SAMPLE t=536.2s rss=4558MB hwm=4558MB
RSS_SAMPLE t=536.5s rss=4558MB hwm=4558MB
RSS_SAMPLE t=536.7s rss=4558MB hwm=4558MB
RSS_SAMPLE t=537.0s rss=4558MB hwm=4558MB
RSS_SAMPLE t=537.2s rss=4558MB hwm=4558MB
RSS_SAMPLE t=537.5s rss=4558MB hwm=4558MB
RSS_SAMPLE t=537.7s rss=4558MB hwm=4558MB
RSS_SAMPLE t=538.0s rss=4558MB hwm=4558MB
RSS_SAMPLE t=538.2s rss=4558MB hwm=4558MB
RSS_SAMPLE t=538.5s rss=4558MB hwm=4558MB
RSS_SAMPLE t=538.7s rss=4558MB hwm=4558MB
RSS_SAMPLE t=539.0s rss=4558MB hwm=4558MB
RSS_SAMPLE t=539.2s rss=4558MB hwm=4558MB
RSS_SAMPLE t=539.5s rss=4558MB hwm=4558MB
RSS_SAMPLE t=539.7s rss=4558MB hwm=4558MB
PHASE_MARK outer=5 leave=dcd_sweep rss=4558MB
PHASE_MARK outer=5 enter=post_refresh rss=4558MB
RSS_SAMPLE t=540.0s rss=4560MB hwm=4560MB
RSS_SAMPLE t=540.2s rss=4560MB hwm=4560MB
RSS_SAMPLE t=540.5s rss=4560MB hwm=4560MB
RSS_SAMPLE t=540.7s rss=4560MB hwm=4560MB
RSS_SAMPLE t=541.0s rss=4560MB hwm=4560MB
RSS_SAMPLE t=541.2s rss=4560MB hwm=4560MB
RSS_SAMPLE t=541.5s rss=4560MB hwm=4560MB
RSS_SAMPLE t=541.7s rss=4560MB hwm=4560MB
RSS_SAMPLE t=542.0s rss=4560MB hwm=4560MB
RSS_SAMPLE t=542.2s rss=4560MB hwm=4560MB
RSS_SAMPLE t=542.5s rss=4560MB hwm=4560MB
RSS_SAMPLE t=542.8s rss=4560MB hwm=4560MB
RSS_SAMPLE t=543.0s rss=4560MB hwm=4560MB
RSS_SAMPLE t=543.3s rss=4560MB hwm=4560MB
RSS_SAMPLE t=543.5s rss=4560MB hwm=4560MB
RSS_SAMPLE t=543.8s rss=4560MB hwm=4560MB
RSS_SAMPLE t=544.0s rss=4560MB hwm=4560MB
RSS_SAMPLE t=544.3s rss=4560MB hwm=4560MB
RSS_SAMPLE t=544.5s rss=4560MB hwm=4560MB
RSS_SAMPLE t=544.8s rss=4560MB hwm=4560MB
RSS_SAMPLE t=545.0s rss=4560MB hwm=4560MB
RSS_SAMPLE t=545.3s rss=4560MB hwm=4560MB
RSS_SAMPLE t=545.5s rss=4561MB hwm=4561MB
RSS_SAMPLE t=545.8s rss=4561MB hwm=4561MB
RSS_SAMPLE t=546.0s rss=4561MB hwm=4561MB
RSS_SAMPLE t=546.3s rss=4561MB hwm=4561MB
RSS_SAMPLE t=546.5s rss=4561MB hwm=4561MB
RSS_SAMPLE t=546.8s rss=4562MB hwm=4562MB
RSS_SAMPLE t=547.0s rss=4562MB hwm=4562MB
RSS_SAMPLE t=547.3s rss=4562MB hwm=4562MB
RSS_SAMPLE t=547.5s rss=4562MB hwm=4562MB
RSS_SAMPLE t=547.8s rss=4562MB hwm=4562MB
RSS_SAMPLE t=548.0s rss=4563MB hwm=4563MB
RSS_SAMPLE t=548.3s rss=4563MB hwm=4563MB
RSS_SAMPLE t=548.5s rss=4563MB hwm=4563MB
RSS_SAMPLE t=548.8s rss=4564MB hwm=4564MB
RSS_SAMPLE t=549.0s rss=4564MB hwm=4564MB
RSS_SAMPLE t=549.3s rss=4564MB hwm=4564MB
RSS_SAMPLE t=549.5s rss=4565MB hwm=4565MB
RSS_SAMPLE t=549.8s rss=4565MB hwm=4565MB
RSS_SAMPLE t=550.0s rss=4565MB hwm=4565MB
RSS_SAMPLE t=550.3s rss=4565MB hwm=4565MB
RSS_SAMPLE t=550.5s rss=4566MB hwm=4566MB
RSS_SAMPLE t=550.8s rss=4566MB hwm=4566MB
RSS_SAMPLE t=551.0s rss=4567MB hwm=4567MB
RSS_SAMPLE t=551.3s rss=4567MB hwm=4567MB
RSS_SAMPLE t=551.5s rss=4567MB hwm=4567MB
RSS_SAMPLE t=551.8s rss=4567MB hwm=4567MB
RSS_SAMPLE t=552.0s rss=4567MB hwm=4567MB
RSS_SAMPLE t=552.3s rss=4568MB hwm=4568MB
RSS_SAMPLE t=552.5s rss=4569MB hwm=4569MB
RSS_SAMPLE t=552.8s rss=4569MB hwm=4569MB
RSS_SAMPLE t=553.0s rss=4569MB hwm=4569MB
RSS_SAMPLE t=553.3s rss=4570MB hwm=4570MB
RSS_SAMPLE t=553.5s rss=4570MB hwm=4570MB
RSS_SAMPLE t=553.8s rss=4570MB hwm=4570MB
RSS_SAMPLE t=554.0s rss=4571MB hwm=4571MB
RSS_SAMPLE t=554.3s rss=4571MB hwm=4571MB
RSS_SAMPLE t=554.5s rss=4571MB hwm=4571MB
RSS_SAMPLE t=554.8s rss=4572MB hwm=4572MB
RSS_SAMPLE t=555.0s rss=4572MB hwm=4572MB
RSS_SAMPLE t=555.3s rss=4572MB hwm=4572MB
RSS_SAMPLE t=555.5s rss=4572MB hwm=4572MB
RSS_SAMPLE t=555.8s rss=4573MB hwm=4573MB
RSS_SAMPLE t=556.0s rss=4573MB hwm=4573MB
RSS_SAMPLE t=556.3s rss=4573MB hwm=4573MB
RSS_SAMPLE t=556.5s rss=4574MB hwm=4574MB
RSS_SAMPLE t=556.8s rss=4574MB hwm=4574MB
RSS_SAMPLE t=557.0s rss=4574MB hwm=4574MB
RSS_SAMPLE t=557.3s rss=4574MB hwm=4574MB
RSS_SAMPLE t=557.5s rss=4574MB hwm=4574MB
RSS_SAMPLE t=557.8s rss=4574MB hwm=4574MB
RSS_SAMPLE t=558.0s rss=4575MB hwm=4575MB
RSS_SAMPLE t=558.3s rss=4575MB hwm=4575MB
RSS_SAMPLE t=558.5s rss=4575MB hwm=4575MB
RSS_SAMPLE t=558.8s rss=4575MB hwm=4575MB
RSS_SAMPLE t=559.0s rss=4576MB hwm=4576MB
RSS_SAMPLE t=559.3s rss=4576MB hwm=4576MB
RSS_SAMPLE t=559.5s rss=4576MB hwm=4576MB
RSS_SAMPLE t=559.8s rss=4576MB hwm=4576MB
RSS_SAMPLE t=560.0s rss=4577MB hwm=4577MB
RSS_SAMPLE t=560.3s rss=4577MB hwm=4577MB
RSS_SAMPLE t=560.5s rss=4577MB hwm=4577MB
RSS_SAMPLE t=560.8s rss=4577MB hwm=4577MB
RSS_SAMPLE t=561.0s rss=4577MB hwm=4577MB
RSS_SAMPLE t=561.3s rss=4577MB hwm=4577MB
RSS_SAMPLE t=561.5s rss=4577MB hwm=4577MB
RSS_SAMPLE t=561.8s rss=4577MB hwm=4577MB
RSS_SAMPLE t=562.0s rss=4578MB hwm=4578MB
RSS_SAMPLE t=562.3s rss=4578MB hwm=4578MB
RSS_SAMPLE t=562.5s rss=4578MB hwm=4578MB
RSS_SAMPLE t=562.8s rss=4578MB hwm=4578MB
RSS_SAMPLE t=563.0s rss=4578MB hwm=4578MB
RSS_SAMPLE t=563.3s rss=4578MB hwm=4578MB
RSS_SAMPLE t=563.5s rss=4579MB hwm=4579MB
RSS_SAMPLE t=563.8s rss=4579MB hwm=4579MB
RSS_SAMPLE t=564.0s rss=4579MB hwm=4579MB
RSS_SAMPLE t=564.3s rss=4579MB hwm=4579MB
RSS_SAMPLE t=564.5s rss=4580MB hwm=4580MB
RSS_SAMPLE t=564.8s rss=4580MB hwm=4580MB
RSS_SAMPLE t=565.0s rss=4580MB hwm=4580MB
RSS_SAMPLE t=565.3s rss=4580MB hwm=4580MB
RSS_SAMPLE t=565.5s rss=4580MB hwm=4580MB
RSS_SAMPLE t=565.8s rss=4580MB hwm=4580MB
RSS_SAMPLE t=566.0s rss=4580MB hwm=4580MB
RSS_SAMPLE t=566.3s rss=4581MB hwm=4581MB
RSS_SAMPLE t=566.5s rss=4581MB hwm=4581MB
RSS_SAMPLE t=566.8s rss=4581MB hwm=4581MB
RSS_SAMPLE t=567.0s rss=4581MB hwm=4581MB
RSS_SAMPLE t=567.3s rss=4581MB hwm=4581MB
RSS_SAMPLE t=567.5s rss=4582MB hwm=4582MB
RSS_SAMPLE t=567.8s rss=4582MB hwm=4582MB
RSS_SAMPLE t=568.0s rss=4582MB hwm=4582MB
RSS_SAMPLE t=568.3s rss=4582MB hwm=4582MB
RSS_SAMPLE t=568.5s rss=4582MB hwm=4582MB
RSS_SAMPLE t=568.8s rss=4582MB hwm=4582MB
RSS_SAMPLE t=569.0s rss=4583MB hwm=4583MB
RSS_SAMPLE t=569.3s rss=4583MB hwm=4583MB
RSS_SAMPLE t=569.5s rss=4583MB hwm=4583MB
RSS_SAMPLE t=569.8s rss=4583MB hwm=4583MB
RSS_SAMPLE t=570.0s rss=4584MB hwm=4584MB
RSS_SAMPLE t=570.3s rss=4584MB hwm=4584MB
RSS_SAMPLE t=570.5s rss=4584MB hwm=4584MB
RSS_SAMPLE t=570.8s rss=4584MB hwm=4584MB
RSS_SAMPLE t=571.0s rss=4584MB hwm=4584MB
RSS_SAMPLE t=571.3s rss=4584MB hwm=4584MB
RSS_SAMPLE t=571.5s rss=4585MB hwm=4585MB
RSS_SAMPLE t=571.8s rss=4585MB hwm=4585MB
RSS_SAMPLE t=572.0s rss=4585MB hwm=4585MB
RSS_SAMPLE t=572.3s rss=4585MB hwm=4585MB
RSS_SAMPLE t=572.5s rss=4585MB hwm=4585MB
RSS_SAMPLE t=572.8s rss=4585MB hwm=4585MB
RSS_SAMPLE t=573.0s rss=4586MB hwm=4586MB
RSS_SAMPLE t=573.3s rss=4586MB hwm=4586MB
RSS_SAMPLE t=573.5s rss=4586MB hwm=4586MB
RSS_SAMPLE t=573.8s rss=4586MB hwm=4586MB
RSS_SAMPLE t=574.0s rss=4586MB hwm=4586MB
RSS_SAMPLE t=574.3s rss=4587MB hwm=4587MB
RSS_SAMPLE t=574.5s rss=4587MB hwm=4587MB
RSS_SAMPLE t=574.8s rss=4587MB hwm=4587MB
RSS_SAMPLE t=575.0s rss=4588MB hwm=4588MB
RSS_SAMPLE t=575.3s rss=4588MB hwm=4588MB
RSS_SAMPLE t=575.5s rss=4588MB hwm=4588MB
RSS_SAMPLE t=575.8s rss=4588MB hwm=4588MB
RSS_SAMPLE t=576.0s rss=4588MB hwm=4588MB
RSS_SAMPLE t=576.3s rss=4588MB hwm=4588MB
RSS_SAMPLE t=576.5s rss=4588MB hwm=4588MB
RSS_SAMPLE t=576.8s rss=4588MB hwm=4588MB
RSS_SAMPLE t=577.0s rss=4589MB hwm=4589MB
RSS_SAMPLE t=577.3s rss=4589MB hwm=4589MB
RSS_SAMPLE t=577.6s rss=4589MB hwm=4589MB
RSS_SAMPLE t=577.8s rss=4589MB hwm=4589MB
RSS_SAMPLE t=578.1s rss=4589MB hwm=4589MB
RSS_SAMPLE t=578.3s rss=4589MB hwm=4589MB
RSS_SAMPLE t=578.6s rss=4590MB hwm=4590MB
RSS_SAMPLE t=578.8s rss=4590MB hwm=4590MB
RSS_SAMPLE t=579.1s rss=4590MB hwm=4590MB
RSS_SAMPLE t=579.3s rss=4590MB hwm=4590MB
RSS_SAMPLE t=579.6s rss=4590MB hwm=4590MB
RSS_SAMPLE t=579.8s rss=4590MB hwm=4590MB
RSS_SAMPLE t=580.1s rss=4590MB hwm=4590MB
RSS_SAMPLE t=580.3s rss=4590MB hwm=4590MB
RSS_SAMPLE t=580.6s rss=4590MB hwm=4590MB
RSS_SAMPLE t=580.8s rss=4591MB hwm=4591MB
RSS_SAMPLE t=581.1s rss=4591MB hwm=4591MB
RSS_SAMPLE t=581.3s rss=4591MB hwm=4591MB
RSS_SAMPLE t=581.6s rss=4591MB hwm=4591MB
RSS_SAMPLE t=581.8s rss=4591MB hwm=4591MB
RSS_SAMPLE t=582.1s rss=4591MB hwm=4591MB
RSS_SAMPLE t=582.3s rss=4591MB hwm=4591MB
RSS_SAMPLE t=582.6s rss=4591MB hwm=4591MB
RSS_SAMPLE t=582.8s rss=4591MB hwm=4591MB
RSS_SAMPLE t=583.1s rss=4591MB hwm=4591MB
RSS_SAMPLE t=583.3s rss=4591MB hwm=4591MB
RSS_SAMPLE t=583.6s rss=4591MB hwm=4591MB
RSS_SAMPLE t=583.8s rss=4591MB hwm=4591MB
RSS_SAMPLE t=584.1s rss=4591MB hwm=4591MB
RSS_SAMPLE t=584.3s rss=4591MB hwm=4591MB
RSS_SAMPLE t=584.6s rss=4591MB hwm=4591MB
RSS_SAMPLE t=584.8s rss=4591MB hwm=4591MB
RSS_SAMPLE t=585.1s rss=4591MB hwm=4591MB
RSS_SAMPLE t=585.3s rss=4591MB hwm=4591MB
RSS_SAMPLE t=585.6s rss=4591MB hwm=4591MB
RSS_SAMPLE t=585.8s rss=4591MB hwm=4591MB
RSS_SAMPLE t=586.1s rss=4591MB hwm=4591MB
RSS_SAMPLE t=586.3s rss=4591MB hwm=4591MB
RSS_SAMPLE t=586.6s rss=4591MB hwm=4591MB
RSS_SAMPLE t=586.8s rss=4591MB hwm=4591MB
RSS_SAMPLE t=587.1s rss=4591MB hwm=4591MB
RSS_SAMPLE t=587.3s rss=4591MB hwm=4591MB
RSS_SAMPLE t=587.6s rss=4591MB hwm=4591MB
RSS_SAMPLE t=587.8s rss=4591MB hwm=4591MB
RSS_SAMPLE t=588.1s rss=4591MB hwm=4591MB
RSS_SAMPLE t=588.3s rss=4591MB hwm=4591MB
RSS_SAMPLE t=588.6s rss=4591MB hwm=4591MB
RSS_SAMPLE t=588.8s rss=4591MB hwm=4591MB
RSS_SAMPLE t=589.1s rss=4591MB hwm=4591MB
RSS_SAMPLE t=589.3s rss=4591MB hwm=4591MB
RSS_SAMPLE t=589.6s rss=4591MB hwm=4591MB
RSS_SAMPLE t=589.8s rss=4591MB hwm=4591MB
RSS_SAMPLE t=590.1s rss=4591MB hwm=4591MB
RSS_SAMPLE t=590.3s rss=4591MB hwm=4591MB
RSS_SAMPLE t=590.6s rss=4591MB hwm=4591MB
RSS_SAMPLE t=590.8s rss=4592MB hwm=4592MB
RSS_SAMPLE t=591.1s rss=4592MB hwm=4592MB
RSS_SAMPLE t=591.3s rss=4592MB hwm=4592MB
RSS_SAMPLE t=591.6s rss=4592MB hwm=4592MB
RSS_SAMPLE t=591.8s rss=4592MB hwm=4592MB
RSS_SAMPLE t=592.1s rss=4592MB hwm=4592MB
RSS_SAMPLE t=592.3s rss=4592MB hwm=4592MB
RSS_SAMPLE t=592.6s rss=4592MB hwm=4592MB
RSS_SAMPLE t=592.8s rss=4592MB hwm=4592MB
RSS_SAMPLE t=593.1s rss=4592MB hwm=4592MB
RSS_SAMPLE t=593.3s rss=4592MB hwm=4592MB
RSS_SAMPLE t=593.6s rss=4592MB hwm=4592MB
RSS_SAMPLE t=593.8s rss=4592MB hwm=4592MB
RSS_SAMPLE t=594.1s rss=4592MB hwm=4592MB
RSS_SAMPLE t=594.3s rss=4592MB hwm=4592MB
RSS_SAMPLE t=594.6s rss=4592MB hwm=4592MB
RSS_SAMPLE t=594.8s rss=4592MB hwm=4592MB
RSS_SAMPLE t=595.1s rss=4592MB hwm=4592MB
RSS_SAMPLE t=595.3s rss=4592MB hwm=4592MB
RSS_SAMPLE t=595.6s rss=4592MB hwm=4592MB
RSS_SAMPLE t=595.8s rss=4592MB hwm=4592MB
RSS_SAMPLE t=596.1s rss=4592MB hwm=4592MB
RSS_SAMPLE t=596.3s rss=4592MB hwm=4592MB
RSS_SAMPLE t=596.6s rss=4592MB hwm=4592MB
RSS_SAMPLE t=596.8s rss=4592MB hwm=4592MB
RSS_SAMPLE t=597.1s rss=4592MB hwm=4592MB
RSS_SAMPLE t=597.3s rss=4592MB hwm=4592MB
RSS_SAMPLE t=597.6s rss=4592MB hwm=4592MB
RSS_SAMPLE t=597.8s rss=4592MB hwm=4592MB
RSS_SAMPLE t=598.1s rss=4592MB hwm=4592MB
RSS_SAMPLE t=598.3s rss=4592MB hwm=4592MB
RSS_SAMPLE t=598.6s rss=4592MB hwm=4592MB
RSS_SAMPLE t=598.8s rss=4592MB hwm=4592MB
RSS_SAMPLE t=599.1s rss=4592MB hwm=4592MB
RSS_SAMPLE t=599.3s rss=4592MB hwm=4592MB
RSS_SAMPLE t=599.6s rss=4592MB hwm=4592MB
RSS_SAMPLE t=599.8s rss=4592MB hwm=4592MB
RSS_SAMPLE t=600.1s rss=4592MB hwm=4592MB
RSS_SAMPLE t=600.3s rss=4592MB hwm=4592MB
RSS_SAMPLE t=600.6s rss=4592MB hwm=4592MB
RSS_SAMPLE t=600.8s rss=4592MB hwm=4592MB
RSS_SAMPLE t=601.1s rss=4592MB hwm=4592MB
RSS_SAMPLE t=601.3s rss=4592MB hwm=4592MB
RSS_SAMPLE t=601.6s rss=4592MB hwm=4592MB
RSS_SAMPLE t=601.8s rss=4592MB hwm=4592MB
RSS_SAMPLE t=602.1s rss=4592MB hwm=4592MB
RSS_SAMPLE t=602.3s rss=4592MB hwm=4592MB
RSS_SAMPLE t=602.6s rss=4592MB hwm=4592MB
RSS_SAMPLE t=602.8s rss=4592MB hwm=4592MB
RSS_SAMPLE t=603.1s rss=4592MB hwm=4592MB
RSS_SAMPLE t=603.3s rss=4592MB hwm=4592MB
RSS_SAMPLE t=603.6s rss=4592MB hwm=4592MB
RSS_SAMPLE t=603.8s rss=4592MB hwm=4592MB
RSS_SAMPLE t=604.1s rss=4592MB hwm=4592MB
RSS_SAMPLE t=604.3s rss=4592MB hwm=4592MB
RSS_SAMPLE t=604.6s rss=4592MB hwm=4592MB
RSS_SAMPLE t=604.8s rss=4592MB hwm=4592MB
RSS_SAMPLE t=605.1s rss=4592MB hwm=4592MB
RSS_SAMPLE t=605.3s rss=4592MB hwm=4592MB
RSS_SAMPLE t=605.6s rss=4592MB hwm=4592MB
RSS_SAMPLE t=605.8s rss=4592MB hwm=4592MB
RSS_SAMPLE t=606.1s rss=4592MB hwm=4592MB
RSS_SAMPLE t=606.3s rss=4592MB hwm=4592MB
RSS_SAMPLE t=606.6s rss=4592MB hwm=4592MB
RSS_SAMPLE t=606.8s rss=4592MB hwm=4592MB
RSS_SAMPLE t=607.1s rss=4592MB hwm=4592MB
MEM_POOL: workspaces=32 dense_usage_mb=1251 n_pipes=2562403
    post_solve_diag[outer=5]: solves=105117 cap_armed=105117 (100.0%) settle_avg=6823 above_sink_avg=252 (3.7%) settle_max=69353
    load_support[outer=5]: settle_avg=6823 load_nz_avg=4525 (66.3%) load_material_avg=1660 (24.3%)
    prune_ceiling[outer=5]: settle_avg=6823 heuristic_prunable_avg=2061 (30.2%) vs oracle_zero_load=33.7%
    settle_hist[outer=5]: <100: 22840nets/0.2%work  <1k: 28798nets/1.4%work  <5k: 23008nets/8.0%work  <20k: 16886nets/25.7%work  <60k: 13152nets/60.8%work  >=60k: 433nets/3.9%work
    fanout_hist[outer=5]: fan1: 43710nets/13.0%work  fan2-4: 48279nets/50.2%work  fan5-16: 12974nets/35.8%work  fan17-64: 154nets/0.9%work  fan65-256: 0nets/0.0%work  fan>256: 0nets/0.0%work
    rss_probe[outer=5]: pre_post_solve=4560MB post_post_solve=4592MB after_apply=4592MB
RSS_SAMPLE t=607.3s rss=4593MB hwm=4593MB
    E_decomp: base=20328427.7 eff=23867979.6 cong=3539551.9 cong_share=14.8% sat_pipes=584760 max_util=1256.87  R_buckets: 1-2x=2518220 2-10x=44183 10-100x=0 >=100x=0
    E_potential: beckmann=15697464556846.4 history_total=0.0
    SpanCache: epoch=6 entries=2665 lookups=2562403 hits=2559738 misses=2665 hit_rate=99.9%
  DCD   5: nets=105117 line=13834847 energy=2041392.699 dE=-29596.774 friction=4788551.5 bins=2.1x(367) excess=113.6 moved=69628 disp=5.618 solves=105117 skip=105117 pops=717173367 theta=0.550 refresh=67394ms dcd=6538ms total=76417ms
    cache_stats: entries=63117004 capacity=119331576 est_mb=1029 rss_mb=4593
RSS_SAMPLE t=607.6s rss=4593MB hwm=4593MB
RSS_SAMPLE t=607.8s rss=4593MB hwm=4593MB
RSS_SAMPLE t=608.1s rss=4593MB hwm=4593MB
RSS_SAMPLE t=608.3s rss=4593MB hwm=4593MB
RSS_SAMPLE t=608.6s rss=4593MB hwm=4593MB
RSS_SAMPLE t=608.8s rss=4593MB hwm=4593MB
RSS_SAMPLE t=609.1s rss=4593MB hwm=4593MB
RSS_SAMPLE t=609.3s rss=4593MB hwm=4593MB
RSS_SAMPLE t=609.6s rss=4593MB hwm=4593MB
    SwitchMatrix: type_usage_pairs=925 lookups=2700 hits=1775 dijkstra_calls=925 avg_us=13.1 total_ms=12.2
PHASE_MARK outer=6 enter=pre_solve rss=4593MB
    rss_probe[outer=6]: pre_refresh_rss=4593MB post_pre_solve_rss=4593MB cache_entries=63117004 cache_cap=119331576 cache_est_mb=1029
    pre_solve_diag[outer=6]: solves=0 fallback=0 (0.0%) cap_armed=0 (0.0%) settle_avg=0 settle_max=0 init_count=242
    Overflow: over=498321 (19.4% of used) avg_excess=1.06 max_excess=1833.84 (nc=1857.84 cap=24 span=1)  excess_buckets: <=1=369072 1-5=114636 5-20=13523 >20=1090  by_cap: cap1=350738 cap2=100614 cap3-5=634 cap>5=46335  by_span: s1=1645 s2-3=3097 s4-6=29569 s7-12=106067 s>12=357943  le1_cross: cap1=298234 cap2-5=60715 cap>5=10123
    Congestion: pipes=2562403 used=2562403 congested(>50%)=1170149 saturated(>90%)=584760 max_util=1256.87 avg_util=0.6087
PHASE_MARK outer=6 enter=dcd_sweep rss=4593MB
RSS_SAMPLE t=609.8s rss=4593MB hwm=4593MB
RSS_SAMPLE t=610.1s rss=4593MB hwm=4593MB
RSS_SAMPLE t=610.3s rss=4593MB hwm=4593MB
RSS_SAMPLE t=610.6s rss=4593MB hwm=4593MB
RSS_SAMPLE t=610.8s rss=4593MB hwm=4593MB
RSS_SAMPLE t=611.1s rss=4593MB hwm=4593MB
RSS_SAMPLE t=611.3s rss=4593MB hwm=4593MB
RSS_SAMPLE t=611.6s rss=4593MB hwm=4593MB
RSS_SAMPLE t=611.8s rss=4593MB hwm=4593MB
RSS_SAMPLE t=612.1s rss=4593MB hwm=4593MB
RSS_SAMPLE t=612.3s rss=4593MB hwm=4593MB
RSS_SAMPLE t=612.6s rss=4593MB hwm=4593MB
RSS_SAMPLE t=612.8s rss=4593MB hwm=4593MB
RSS_SAMPLE t=613.1s rss=4593MB hwm=4593MB
RSS_SAMPLE t=613.3s rss=4593MB hwm=4593MB
RSS_SAMPLE t=613.6s rss=4593MB hwm=4593MB
RSS_SAMPLE t=613.8s rss=4593MB hwm=4593MB
RSS_SAMPLE t=614.1s rss=4593MB hwm=4593MB
RSS_SAMPLE t=614.3s rss=4593MB hwm=4593MB
RSS_SAMPLE t=614.6s rss=4593MB hwm=4593MB
RSS_SAMPLE t=614.8s rss=4593MB hwm=4593MB
RSS_SAMPLE t=615.1s rss=4593MB hwm=4593MB
RSS_SAMPLE t=615.3s rss=4593MB hwm=4593MB
RSS_SAMPLE t=615.6s rss=4593MB hwm=4593MB
RSS_SAMPLE t=615.8s rss=4593MB hwm=4593MB
RSS_SAMPLE t=616.1s rss=4593MB hwm=4593MB
RSS_SAMPLE t=616.3s rss=4593MB hwm=4593MB
PHASE_MARK outer=6 leave=dcd_sweep rss=4593MB
PHASE_MARK outer=6 enter=post_refresh rss=4593MB
RSS_SAMPLE t=616.6s rss=4593MB hwm=4593MB
RSS_SAMPLE t=616.8s rss=4593MB hwm=4593MB
RSS_SAMPLE t=617.1s rss=4593MB hwm=4593MB
RSS_SAMPLE t=617.3s rss=4593MB hwm=4593MB
RSS_SAMPLE t=617.6s rss=4593MB hwm=4593MB
RSS_SAMPLE t=617.8s rss=4593MB hwm=4593MB
RSS_SAMPLE t=618.1s rss=4593MB hwm=4593MB
RSS_SAMPLE t=618.3s rss=4593MB hwm=4593MB
RSS_SAMPLE t=618.6s rss=4593MB hwm=4593MB
RSS_SAMPLE t=618.8s rss=4593MB hwm=4593MB
RSS_SAMPLE t=619.1s rss=4593MB hwm=4593MB
RSS_SAMPLE t=619.3s rss=4593MB hwm=4593MB
RSS_SAMPLE t=619.6s rss=4594MB hwm=4594MB
RSS_SAMPLE t=619.8s rss=4594MB hwm=4594MB
RSS_SAMPLE t=620.1s rss=4594MB hwm=4594MB
RSS_SAMPLE t=620.3s rss=4594MB hwm=4594MB
RSS_SAMPLE t=620.6s rss=4594MB hwm=4594MB
RSS_SAMPLE t=620.8s rss=4594MB hwm=4594MB
RSS_SAMPLE t=621.1s rss=4594MB hwm=4594MB
RSS_SAMPLE t=621.3s rss=4594MB hwm=4594MB
RSS_SAMPLE t=621.6s rss=4595MB hwm=4595MB
RSS_SAMPLE t=621.8s rss=4595MB hwm=4595MB
RSS_SAMPLE t=622.1s rss=4595MB hwm=4595MB
RSS_SAMPLE t=622.3s rss=4595MB hwm=4595MB
RSS_SAMPLE t=622.6s rss=4595MB hwm=4595MB
RSS_SAMPLE t=622.8s rss=4595MB hwm=4595MB
RSS_SAMPLE t=623.1s rss=4596MB hwm=4596MB
RSS_SAMPLE t=623.3s rss=4596MB hwm=4596MB
RSS_SAMPLE t=623.6s rss=4596MB hwm=4596MB
RSS_SAMPLE t=623.8s rss=4596MB hwm=4596MB
RSS_SAMPLE t=624.1s rss=4596MB hwm=4596MB
RSS_SAMPLE t=624.3s rss=4597MB hwm=4597MB
RSS_SAMPLE t=624.6s rss=4597MB hwm=4597MB
RSS_SAMPLE t=624.8s rss=4597MB hwm=4597MB
RSS_SAMPLE t=625.1s rss=4597MB hwm=4597MB
RSS_SAMPLE t=625.3s rss=4597MB hwm=4597MB
RSS_SAMPLE t=625.6s rss=4597MB hwm=4597MB
RSS_SAMPLE t=625.8s rss=4598MB hwm=4598MB
RSS_SAMPLE t=626.1s rss=4598MB hwm=4598MB
RSS_SAMPLE t=626.3s rss=4598MB hwm=4598MB
RSS_SAMPLE t=626.6s rss=4599MB hwm=4599MB
RSS_SAMPLE t=626.8s rss=4599MB hwm=4599MB
RSS_SAMPLE t=627.1s rss=4599MB hwm=4599MB
RSS_SAMPLE t=627.3s rss=4600MB hwm=4600MB
RSS_SAMPLE t=627.6s rss=4600MB hwm=4600MB
RSS_SAMPLE t=627.8s rss=4601MB hwm=4601MB
RSS_SAMPLE t=628.1s rss=4602MB hwm=4602MB
RSS_SAMPLE t=628.3s rss=4602MB hwm=4602MB
RSS_SAMPLE t=628.6s rss=4602MB hwm=4602MB
RSS_SAMPLE t=628.8s rss=4603MB hwm=4603MB
RSS_SAMPLE t=629.1s rss=4603MB hwm=4603MB
RSS_SAMPLE t=629.3s rss=4603MB hwm=4603MB
RSS_SAMPLE t=629.6s rss=4604MB hwm=4604MB
RSS_SAMPLE t=629.8s rss=4604MB hwm=4604MB
RSS_SAMPLE t=630.1s rss=4605MB hwm=4605MB
RSS_SAMPLE t=630.3s rss=4605MB hwm=4605MB
RSS_SAMPLE t=630.6s rss=4605MB hwm=4605MB
RSS_SAMPLE t=630.8s rss=4606MB hwm=4606MB
RSS_SAMPLE t=631.1s rss=4607MB hwm=4607MB
RSS_SAMPLE t=631.3s rss=4607MB hwm=4607MB
RSS_SAMPLE t=631.6s rss=4608MB hwm=4608MB
RSS_SAMPLE t=631.8s rss=4608MB hwm=4608MB
RSS_SAMPLE t=632.1s rss=4609MB hwm=4609MB
RSS_SAMPLE t=632.3s rss=4609MB hwm=4609MB
RSS_SAMPLE t=632.6s rss=4609MB hwm=4609MB
RSS_SAMPLE t=632.8s rss=4610MB hwm=4610MB
RSS_SAMPLE t=633.1s rss=4610MB hwm=4610MB
RSS_SAMPLE t=633.3s rss=4610MB hwm=4610MB
RSS_SAMPLE t=633.6s rss=4611MB hwm=4611MB
RSS_SAMPLE t=633.8s rss=4611MB hwm=4611MB
RSS_SAMPLE t=634.1s rss=4611MB hwm=4611MB
RSS_SAMPLE t=634.3s rss=4612MB hwm=4612MB
RSS_SAMPLE t=634.6s rss=4612MB hwm=4612MB
RSS_SAMPLE t=634.8s rss=4613MB hwm=4613MB
RSS_SAMPLE t=635.1s rss=4613MB hwm=4613MB
RSS_SAMPLE t=635.3s rss=4613MB hwm=4613MB
RSS_SAMPLE t=635.6s rss=4614MB hwm=4614MB
RSS_SAMPLE t=635.8s rss=4614MB hwm=4614MB
RSS_SAMPLE t=636.1s rss=4614MB hwm=4614MB
RSS_SAMPLE t=636.3s rss=4615MB hwm=4615MB
RSS_SAMPLE t=636.6s rss=4615MB hwm=4615MB
RSS_SAMPLE t=636.8s rss=4615MB hwm=4615MB
RSS_SAMPLE t=637.1s rss=4616MB hwm=4616MB
RSS_SAMPLE t=637.3s rss=4616MB hwm=4616MB
RSS_SAMPLE t=637.6s rss=4617MB hwm=4617MB
RSS_SAMPLE t=637.8s rss=4617MB hwm=4617MB
RSS_SAMPLE t=638.1s rss=4617MB hwm=4617MB
RSS_SAMPLE t=638.4s rss=4617MB hwm=4617MB
RSS_SAMPLE t=638.6s rss=4617MB hwm=4617MB
RSS_SAMPLE t=638.9s rss=4618MB hwm=4618MB
RSS_SAMPLE t=639.1s rss=4618MB hwm=4618MB
RSS_SAMPLE t=639.4s rss=4618MB hwm=4618MB
RSS_SAMPLE t=639.6s rss=4619MB hwm=4619MB
RSS_SAMPLE t=639.9s rss=4619MB hwm=4619MB
RSS_SAMPLE t=640.1s rss=4619MB hwm=4619MB
RSS_SAMPLE t=640.4s rss=4620MB hwm=4620MB
RSS_SAMPLE t=640.6s rss=4620MB hwm=4620MB
RSS_SAMPLE t=640.9s rss=4621MB hwm=4621MB
RSS_SAMPLE t=641.1s rss=4621MB hwm=4621MB
RSS_SAMPLE t=641.4s rss=4621MB hwm=4621MB
RSS_SAMPLE t=641.6s rss=4621MB hwm=4621MB
RSS_SAMPLE t=641.9s rss=4621MB hwm=4621MB
RSS_SAMPLE t=642.1s rss=4621MB hwm=4621MB
RSS_SAMPLE t=642.4s rss=4621MB hwm=4621MB
RSS_SAMPLE t=642.6s rss=4622MB hwm=4622MB
RSS_SAMPLE t=642.9s rss=4622MB hwm=4622MB
RSS_SAMPLE t=643.1s rss=4622MB hwm=4622MB
RSS_SAMPLE t=643.4s rss=4622MB hwm=4622MB
RSS_SAMPLE t=643.6s rss=4623MB hwm=4623MB
RSS_SAMPLE t=643.9s rss=4623MB hwm=4623MB
RSS_SAMPLE t=644.1s rss=4624MB hwm=4624MB
RSS_SAMPLE t=644.4s rss=4624MB hwm=4624MB
RSS_SAMPLE t=644.6s rss=4624MB hwm=4624MB
RSS_SAMPLE t=644.9s rss=4624MB hwm=4624MB
RSS_SAMPLE t=645.1s rss=4625MB hwm=4625MB
RSS_SAMPLE t=645.4s rss=4625MB hwm=4625MB
RSS_SAMPLE t=645.6s rss=4625MB hwm=4625MB
RSS_SAMPLE t=645.9s rss=4625MB hwm=4625MB
RSS_SAMPLE t=646.1s rss=4625MB hwm=4625MB
RSS_SAMPLE t=646.4s rss=4626MB hwm=4626MB
RSS_SAMPLE t=646.6s rss=4626MB hwm=4626MB
RSS_SAMPLE t=646.9s rss=4626MB hwm=4626MB
RSS_SAMPLE t=647.1s rss=4627MB hwm=4627MB
RSS_SAMPLE t=647.4s rss=4627MB hwm=4627MB
RSS_SAMPLE t=647.6s rss=4627MB hwm=4627MB
RSS_SAMPLE t=647.9s rss=4627MB hwm=4627MB
RSS_SAMPLE t=648.1s rss=4627MB hwm=4627MB
RSS_SAMPLE t=648.4s rss=4628MB hwm=4628MB
RSS_SAMPLE t=648.6s rss=4628MB hwm=4628MB
RSS_SAMPLE t=648.9s rss=4628MB hwm=4628MB
RSS_SAMPLE t=649.1s rss=4628MB hwm=4628MB
RSS_SAMPLE t=649.4s rss=4629MB hwm=4629MB
RSS_SAMPLE t=649.6s rss=4629MB hwm=4629MB
RSS_SAMPLE t=649.9s rss=4629MB hwm=4629MB
RSS_SAMPLE t=650.1s rss=4630MB hwm=4630MB
RSS_SAMPLE t=650.4s rss=4630MB hwm=4630MB
RSS_SAMPLE t=650.6s rss=4630MB hwm=4630MB
RSS_SAMPLE t=650.9s rss=4630MB hwm=4630MB
RSS_SAMPLE t=651.1s rss=4630MB hwm=4630MB
RSS_SAMPLE t=651.4s rss=4631MB hwm=4631MB
RSS_SAMPLE t=651.6s rss=4631MB hwm=4631MB
RSS_SAMPLE t=651.9s rss=4631MB hwm=4631MB
RSS_SAMPLE t=652.1s rss=4631MB hwm=4631MB
RSS_SAMPLE t=652.4s rss=4631MB hwm=4631MB
RSS_SAMPLE t=652.6s rss=4631MB hwm=4631MB
RSS_SAMPLE t=652.9s rss=4631MB hwm=4631MB
RSS_SAMPLE t=653.1s rss=4632MB hwm=4632MB
RSS_SAMPLE t=653.4s rss=4632MB hwm=4632MB
RSS_SAMPLE t=653.6s rss=4633MB hwm=4633MB
RSS_SAMPLE t=653.9s rss=4633MB hwm=4633MB
RSS_SAMPLE t=654.1s rss=4634MB hwm=4634MB
RSS_SAMPLE t=654.4s rss=4635MB hwm=4635MB
RSS_SAMPLE t=654.6s rss=4635MB hwm=4635MB
RSS_SAMPLE t=654.9s rss=4635MB hwm=4635MB
RSS_SAMPLE t=655.1s rss=4636MB hwm=4636MB
RSS_SAMPLE t=655.4s rss=4636MB hwm=4636MB
RSS_SAMPLE t=655.6s rss=4637MB hwm=4637MB
RSS_SAMPLE t=655.9s rss=4637MB hwm=4637MB
RSS_SAMPLE t=656.1s rss=4637MB hwm=4637MB
RSS_SAMPLE t=656.4s rss=4637MB hwm=4637MB
RSS_SAMPLE t=656.6s rss=4637MB hwm=4637MB
RSS_SAMPLE t=656.9s rss=4638MB hwm=4638MB
RSS_SAMPLE t=657.1s rss=4639MB hwm=4639MB
RSS_SAMPLE t=657.4s rss=4639MB hwm=4639MB
RSS_SAMPLE t=657.6s rss=4639MB hwm=4639MB
RSS_SAMPLE t=657.9s rss=4639MB hwm=4639MB
RSS_SAMPLE t=658.1s rss=4640MB hwm=4640MB
RSS_SAMPLE t=658.4s rss=4640MB hwm=4640MB
RSS_SAMPLE t=658.6s rss=4641MB hwm=4641MB
RSS_SAMPLE t=658.9s rss=4641MB hwm=4641MB
RSS_SAMPLE t=659.1s rss=4641MB hwm=4641MB
RSS_SAMPLE t=659.4s rss=4641MB hwm=4641MB
RSS_SAMPLE t=659.6s rss=4641MB hwm=4641MB
RSS_SAMPLE t=659.9s rss=4641MB hwm=4641MB
RSS_SAMPLE t=660.1s rss=4641MB hwm=4641MB
RSS_SAMPLE t=660.4s rss=4641MB hwm=4641MB
RSS_SAMPLE t=660.6s rss=4641MB hwm=4641MB
RSS_SAMPLE t=660.9s rss=4641MB hwm=4641MB
RSS_SAMPLE t=661.1s rss=4641MB hwm=4641MB
RSS_SAMPLE t=661.4s rss=4641MB hwm=4641MB
RSS_SAMPLE t=661.6s rss=4641MB hwm=4641MB
RSS_SAMPLE t=661.9s rss=4641MB hwm=4641MB
RSS_SAMPLE t=662.1s rss=4641MB hwm=4641MB
RSS_SAMPLE t=662.4s rss=4641MB hwm=4641MB
RSS_SAMPLE t=662.6s rss=4641MB hwm=4641MB
RSS_SAMPLE t=662.9s rss=4641MB hwm=4641MB
RSS_SAMPLE t=663.1s rss=4641MB hwm=4641MB
RSS_SAMPLE t=663.4s rss=4641MB hwm=4641MB
RSS_SAMPLE t=663.6s rss=4641MB hwm=4641MB
RSS_SAMPLE t=663.9s rss=4641MB hwm=4641MB
RSS_SAMPLE t=664.1s rss=4641MB hwm=4641MB
RSS_SAMPLE t=664.4s rss=4641MB hwm=4641MB
RSS_SAMPLE t=664.6s rss=4641MB hwm=4641MB
RSS_SAMPLE t=664.9s rss=4641MB hwm=4641MB
RSS_SAMPLE t=665.1s rss=4641MB hwm=4641MB
RSS_SAMPLE t=665.4s rss=4641MB hwm=4641MB
RSS_SAMPLE t=665.6s rss=4641MB hwm=4641MB
RSS_SAMPLE t=665.9s rss=4641MB hwm=4641MB
RSS_SAMPLE t=666.1s rss=4641MB hwm=4641MB
RSS_SAMPLE t=666.4s rss=4641MB hwm=4641MB
RSS_SAMPLE t=666.6s rss=4641MB hwm=4641MB
RSS_SAMPLE t=666.9s rss=4641MB hwm=4641MB
RSS_SAMPLE t=667.1s rss=4641MB hwm=4641MB
RSS_SAMPLE t=667.4s rss=4641MB hwm=4641MB
RSS_SAMPLE t=667.6s rss=4641MB hwm=4641MB
RSS_SAMPLE t=667.9s rss=4641MB hwm=4641MB
RSS_SAMPLE t=668.1s rss=4641MB hwm=4641MB
RSS_SAMPLE t=668.4s rss=4641MB hwm=4641MB
RSS_SAMPLE t=668.6s rss=4641MB hwm=4641MB
RSS_SAMPLE t=668.9s rss=4641MB hwm=4641MB
RSS_SAMPLE t=669.1s rss=4641MB hwm=4641MB
RSS_SAMPLE t=669.4s rss=4641MB hwm=4641MB
RSS_SAMPLE t=669.6s rss=4641MB hwm=4641MB
RSS_SAMPLE t=669.9s rss=4641MB hwm=4641MB
RSS_SAMPLE t=670.1s rss=4641MB hwm=4641MB
RSS_SAMPLE t=670.4s rss=4642MB hwm=4642MB
RSS_SAMPLE t=670.6s rss=4642MB hwm=4642MB
RSS_SAMPLE t=670.9s rss=4642MB hwm=4642MB
RSS_SAMPLE t=671.1s rss=4642MB hwm=4642MB
RSS_SAMPLE t=671.4s rss=4642MB hwm=4642MB
RSS_SAMPLE t=671.6s rss=4642MB hwm=4642MB
RSS_SAMPLE t=671.9s rss=4642MB hwm=4642MB
RSS_SAMPLE t=672.1s rss=4642MB hwm=4642MB
RSS_SAMPLE t=672.4s rss=4642MB hwm=4642MB
RSS_SAMPLE t=672.6s rss=4642MB hwm=4642MB
RSS_SAMPLE t=672.9s rss=4642MB hwm=4642MB
RSS_SAMPLE t=673.1s rss=4642MB hwm=4642MB
RSS_SAMPLE t=673.4s rss=4642MB hwm=4642MB
RSS_SAMPLE t=673.6s rss=4642MB hwm=4642MB
RSS_SAMPLE t=673.9s rss=4642MB hwm=4642MB
RSS_SAMPLE t=674.1s rss=4642MB hwm=4642MB
RSS_SAMPLE t=674.4s rss=4642MB hwm=4642MB
RSS_SAMPLE t=674.6s rss=4642MB hwm=4642MB
RSS_SAMPLE t=674.9s rss=4642MB hwm=4642MB
RSS_SAMPLE t=675.1s rss=4642MB hwm=4642MB
RSS_SAMPLE t=675.4s rss=4642MB hwm=4642MB
RSS_SAMPLE t=675.6s rss=4642MB hwm=4642MB
RSS_SAMPLE t=675.9s rss=4642MB hwm=4642MB
RSS_SAMPLE t=676.1s rss=4642MB hwm=4642MB
RSS_SAMPLE t=676.4s rss=4642MB hwm=4642MB
RSS_SAMPLE t=676.6s rss=4642MB hwm=4642MB
RSS_SAMPLE t=676.9s rss=4642MB hwm=4642MB
RSS_SAMPLE t=677.1s rss=4642MB hwm=4642MB
RSS_SAMPLE t=677.4s rss=4642MB hwm=4642MB
RSS_SAMPLE t=677.6s rss=4642MB hwm=4642MB
RSS_SAMPLE t=677.9s rss=4642MB hwm=4642MB
RSS_SAMPLE t=678.1s rss=4642MB hwm=4642MB
RSS_SAMPLE t=678.4s rss=4642MB hwm=4642MB
RSS_SAMPLE t=678.6s rss=4642MB hwm=4642MB
RSS_SAMPLE t=678.9s rss=4642MB hwm=4642MB
RSS_SAMPLE t=679.1s rss=4642MB hwm=4642MB
MEM_POOL: workspaces=32 dense_usage_mb=1251 n_pipes=2562403
    post_solve_diag[outer=6]: solves=105117 cap_armed=105117 (100.0%) settle_avg=6393 above_sink_avg=252 (3.9%) settle_max=69353
    load_support[outer=6]: settle_avg=6393 load_nz_avg=4293 (67.2%) load_material_avg=1634 (25.6%)
    prune_ceiling[outer=6]: settle_avg=6393 heuristic_prunable_avg=1765 (27.6%) vs oracle_zero_load=32.8%
    settle_hist[outer=6]: <100: 22778nets/0.2%work  <1k: 29332nets/1.6%work  <5k: 23249nets/8.7%work  <20k: 17317nets/28.1%work  <60k: 12142nets/58.6%work  >=60k: 299nets/2.8%work
    fanout_hist[outer=6]: fan1: 43710nets/13.1%work  fan2-4: 48279nets/50.1%work  fan5-16: 12974nets/35.9%work  fan17-64: 154nets/0.9%work  fan65-256: 0nets/0.0%work  fan>256: 0nets/0.0%work
    rss_probe[outer=6]: pre_post_solve=4593MB post_post_solve=4642MB after_apply=4642MB
RSS_SAMPLE t=679.4s rss=4642MB hwm=4642MB
    E_decomp: base=19939064.6 eff=23360366.9 cong=3421302.3 cong_share=14.6% sat_pipes=575955 max_util=1215.04  R_buckets: 1-2x=2520096 2-10x=42307 10-100x=0 >=100x=0
    E_potential: beckmann=12974125898832.4 history_total=0.0
    SpanCache: epoch=7 entries=2700 lookups=2562403 hits=2559703 misses=2700 hit_rate=99.9%
  DCD   6: nets=105117 line=13252940 energy=1985740.240 dE=-55652.459 friction=4413891.5 bins=2.0x(331) excess=102.7 moved=70174 disp=5.472 solves=105117 skip=105117 pops=671983616 theta=0.644 refresh=62912ms dcd=6668ms total=72053ms
    cache_stats: entries=63328986 capacity=122547040 est_mb=1057 rss_mb=4642
RSS_SAMPLE t=679.6s rss=4642MB hwm=4642MB
RSS_SAMPLE t=679.9s rss=4642MB hwm=4642MB
RSS_SAMPLE t=680.1s rss=4642MB hwm=4642MB
RSS_SAMPLE t=680.4s rss=4642MB hwm=4642MB
RSS_SAMPLE t=680.6s rss=4642MB hwm=4642MB
RSS_SAMPLE t=680.9s rss=4642MB hwm=4642MB
RSS_SAMPLE t=681.1s rss=4642MB hwm=4642MB
RSS_SAMPLE t=681.4s rss=4642MB hwm=4642MB
RSS_SAMPLE t=681.6s rss=4642MB hwm=4642MB
    SwitchMatrix: type_usage_pairs=874 lookups=2579 hits=1705 dijkstra_calls=874 avg_us=12.0 total_ms=10.5
PHASE_MARK outer=7 enter=pre_solve rss=4642MB
    rss_probe[outer=7]: pre_refresh_rss=4642MB post_pre_solve_rss=4642MB cache_entries=63328986 cache_cap=122547040 cache_est_mb=1057
    pre_solve_diag[outer=7]: solves=0 fallback=0 (0.0%) cap_armed=0 (0.0%) settle_avg=0 settle_max=0 init_count=242
RSS_SAMPLE t=681.9s rss=4642MB hwm=4642MB
    Overflow: over=490549 (19.1% of used) avg_excess=0.97 max_excess=1772.87 (nc=1796.87 cap=24 span=1)  excess_buckets: <=1=371277 1-5=107942 5-20=10445 >20=885  by_cap: cap1=352805 cap2=94702 cap3-5=599 cap>5=42443  by_span: s1=1133 s2-3=2477 s4-6=27624 s7-12=100021 s>12=359294  le1_cross: cap1=300894 cap2-5=60630 cap>5=9753
    Congestion: pipes=2562403 used=2562403 congested(>50%)=1162231 saturated(>90%)=575955 max_util=1215.04 avg_util=0.5997
PHASE_MARK outer=7 enter=dcd_sweep rss=4642MB
RSS_SAMPLE t=682.1s rss=4642MB hwm=4642MB
RSS_SAMPLE t=682.4s rss=4642MB hwm=4642MB
RSS_SAMPLE t=682.6s rss=4642MB hwm=4642MB
RSS_SAMPLE t=682.9s rss=4642MB hwm=4642MB
RSS_SAMPLE t=683.1s rss=4642MB hwm=4642MB
RSS_SAMPLE t=683.4s rss=4642MB hwm=4642MB
RSS_SAMPLE t=683.6s rss=4642MB hwm=4642MB
RSS_SAMPLE t=683.9s rss=4642MB hwm=4642MB
RSS_SAMPLE t=684.1s rss=4642MB hwm=4642MB
RSS_SAMPLE t=684.4s rss=4642MB hwm=4642MB
RSS_SAMPLE t=684.6s rss=4642MB hwm=4642MB
RSS_SAMPLE t=684.9s rss=4642MB hwm=4642MB
RSS_SAMPLE t=685.1s rss=4642MB hwm=4642MB
RSS_SAMPLE t=685.4s rss=4642MB hwm=4642MB
RSS_SAMPLE t=685.6s rss=4642MB hwm=4642MB
RSS_SAMPLE t=685.9s rss=4642MB hwm=4642MB
RSS_SAMPLE t=686.1s rss=4642MB hwm=4642MB
RSS_SAMPLE t=686.4s rss=4642MB hwm=4642MB
RSS_SAMPLE t=686.6s rss=4642MB hwm=4642MB
RSS_SAMPLE t=686.9s rss=4642MB hwm=4642MB
RSS_SAMPLE t=687.1s rss=4642MB hwm=4642MB
RSS_SAMPLE t=687.4s rss=4642MB hwm=4642MB
RSS_SAMPLE t=687.6s rss=4642MB hwm=4642MB
RSS_SAMPLE t=687.9s rss=4642MB hwm=4642MB
RSS_SAMPLE t=688.1s rss=4642MB hwm=4642MB
RSS_SAMPLE t=688.4s rss=4642MB hwm=4642MB
PHASE_MARK outer=7 leave=dcd_sweep rss=4642MB
PHASE_MARK outer=7 enter=post_refresh rss=4642MB
RSS_SAMPLE t=688.6s rss=4643MB hwm=4643MB
RSS_SAMPLE t=688.9s rss=4643MB hwm=4643MB
RSS_SAMPLE t=689.1s rss=4643MB hwm=4643MB
RSS_SAMPLE t=689.4s rss=4643MB hwm=4643MB
RSS_SAMPLE t=689.6s rss=4643MB hwm=4643MB
RSS_SAMPLE t=689.9s rss=4643MB hwm=4643MB
RSS_SAMPLE t=690.1s rss=4643MB hwm=4643MB
RSS_SAMPLE t=690.4s rss=4643MB hwm=4643MB
RSS_SAMPLE t=690.6s rss=4643MB hwm=4643MB
RSS_SAMPLE t=690.9s rss=4643MB hwm=4643MB
RSS_SAMPLE t=691.1s rss=4643MB hwm=4643MB
RSS_SAMPLE t=691.4s rss=4643MB hwm=4643MB
RSS_SAMPLE t=691.6s rss=4643MB hwm=4643MB
RSS_SAMPLE t=691.9s rss=4644MB hwm=4644MB
RSS_SAMPLE t=692.1s rss=4644MB hwm=4644MB
RSS_SAMPLE t=692.4s rss=4644MB hwm=4644MB
RSS_SAMPLE t=692.6s rss=4644MB hwm=4644MB
RSS_SAMPLE t=692.9s rss=4644MB hwm=4644MB
RSS_SAMPLE t=693.1s rss=4644MB hwm=4644MB
RSS_SAMPLE t=693.4s rss=4644MB hwm=4644MB
RSS_SAMPLE t=693.6s rss=4644MB hwm=4644MB
RSS_SAMPLE t=693.9s rss=4645MB hwm=4645MB
RSS_SAMPLE t=694.1s rss=4645MB hwm=4645MB
RSS_SAMPLE t=694.4s rss=4645MB hwm=4645MB
RSS_SAMPLE t=694.6s rss=4645MB hwm=4645MB
RSS_SAMPLE t=694.9s rss=4645MB hwm=4645MB
RSS_SAMPLE t=695.1s rss=4645MB hwm=4645MB
RSS_SAMPLE t=695.4s rss=4645MB hwm=4645MB
RSS_SAMPLE t=695.6s rss=4646MB hwm=4646MB
RSS_SAMPLE t=695.9s rss=4646MB hwm=4646MB
RSS_SAMPLE t=696.1s rss=4646MB hwm=4646MB
RSS_SAMPLE t=696.4s rss=4646MB hwm=4646MB
RSS_SAMPLE t=696.6s rss=4646MB hwm=4646MB
RSS_SAMPLE t=696.9s rss=4646MB hwm=4646MB
RSS_SAMPLE t=697.1s rss=4646MB hwm=4646MB
RSS_SAMPLE t=697.4s rss=4646MB hwm=4646MB
RSS_SAMPLE t=697.6s rss=4646MB hwm=4646MB
RSS_SAMPLE t=697.9s rss=4647MB hwm=4647MB
RSS_SAMPLE t=698.1s rss=4647MB hwm=4647MB
RSS_SAMPLE t=698.4s rss=4647MB hwm=4647MB
RSS_SAMPLE t=698.6s rss=4647MB hwm=4647MB
RSS_SAMPLE t=698.9s rss=4647MB hwm=4647MB
RSS_SAMPLE t=699.2s rss=4647MB hwm=4647MB
RSS_SAMPLE t=699.4s rss=4647MB hwm=4647MB
RSS_SAMPLE t=699.7s rss=4647MB hwm=4647MB
RSS_SAMPLE t=699.9s rss=4647MB hwm=4647MB
RSS_SAMPLE t=700.2s rss=4647MB hwm=4647MB
RSS_SAMPLE t=700.4s rss=4647MB hwm=4647MB
RSS_SAMPLE t=700.7s rss=4647MB hwm=4647MB
RSS_SAMPLE t=700.9s rss=4647MB hwm=4647MB
RSS_SAMPLE t=701.2s rss=4647MB hwm=4647MB
RSS_SAMPLE t=701.4s rss=4647MB hwm=4647MB
RSS_SAMPLE t=701.7s rss=4647MB hwm=4647MB
RSS_SAMPLE t=701.9s rss=4647MB hwm=4647MB
RSS_SAMPLE t=702.2s rss=4647MB hwm=4647MB
RSS_SAMPLE t=702.4s rss=4647MB hwm=4647MB
RSS_SAMPLE t=702.7s rss=4647MB hwm=4647MB
RSS_SAMPLE t=702.9s rss=4647MB hwm=4647MB
RSS_SAMPLE t=703.2s rss=4647MB hwm=4647MB
RSS_SAMPLE t=703.4s rss=4647MB hwm=4647MB
RSS_SAMPLE t=703.7s rss=4647MB hwm=4647MB
RSS_SAMPLE t=703.9s rss=4648MB hwm=4648MB
RSS_SAMPLE t=704.2s rss=4648MB hwm=4648MB
RSS_SAMPLE t=704.4s rss=4648MB hwm=4648MB
RSS_SAMPLE t=704.7s rss=4648MB hwm=4648MB
RSS_SAMPLE t=704.9s rss=4648MB hwm=4648MB
RSS_SAMPLE t=705.2s rss=4648MB hwm=4648MB
RSS_SAMPLE t=705.4s rss=4648MB hwm=4648MB
RSS_SAMPLE t=705.7s rss=4648MB hwm=4648MB
RSS_SAMPLE t=705.9s rss=4648MB hwm=4648MB
RSS_SAMPLE t=706.2s rss=4648MB hwm=4648MB
RSS_SAMPLE t=706.4s rss=4649MB hwm=4649MB
RSS_SAMPLE t=706.7s rss=4649MB hwm=4649MB
RSS_SAMPLE t=706.9s rss=4649MB hwm=4649MB
RSS_SAMPLE t=707.2s rss=4649MB hwm=4649MB
RSS_SAMPLE t=707.4s rss=4649MB hwm=4649MB
RSS_SAMPLE t=707.7s rss=4649MB hwm=4649MB
RSS_SAMPLE t=707.9s rss=4649MB hwm=4649MB
RSS_SAMPLE t=708.2s rss=4649MB hwm=4649MB
RSS_SAMPLE t=708.4s rss=4650MB hwm=4650MB
RSS_SAMPLE t=708.7s rss=4650MB hwm=4650MB
RSS_SAMPLE t=708.9s rss=4650MB hwm=4650MB
RSS_SAMPLE t=709.2s rss=4650MB hwm=4650MB
RSS_SAMPLE t=709.4s rss=4651MB hwm=4651MB
RSS_SAMPLE t=709.7s rss=4651MB hwm=4651MB
RSS_SAMPLE t=709.9s rss=4651MB hwm=4651MB
RSS_SAMPLE t=710.2s rss=4652MB hwm=4652MB
RSS_SAMPLE t=710.4s rss=4652MB hwm=4652MB
RSS_SAMPLE t=710.7s rss=4652MB hwm=4652MB
RSS_SAMPLE t=710.9s rss=4652MB hwm=4652MB
RSS_SAMPLE t=711.2s rss=4652MB hwm=4652MB
RSS_SAMPLE t=711.4s rss=4652MB hwm=4652MB
RSS_SAMPLE t=711.7s rss=4652MB hwm=4652MB
RSS_SAMPLE t=711.9s rss=4653MB hwm=4653MB
RSS_SAMPLE t=712.2s rss=4653MB hwm=4653MB
RSS_SAMPLE t=712.4s rss=4653MB hwm=4653MB
RSS_SAMPLE t=712.7s rss=4654MB hwm=4654MB
RSS_SAMPLE t=712.9s rss=4654MB hwm=4654MB
RSS_SAMPLE t=713.2s rss=4655MB hwm=4655MB
RSS_SAMPLE t=713.4s rss=4655MB hwm=4655MB
RSS_SAMPLE t=713.7s rss=4655MB hwm=4655MB
RSS_SAMPLE t=713.9s rss=4655MB hwm=4655MB
RSS_SAMPLE t=714.2s rss=4656MB hwm=4656MB
RSS_SAMPLE t=714.4s rss=4656MB hwm=4656MB
RSS_SAMPLE t=714.7s rss=4656MB hwm=4656MB
RSS_SAMPLE t=714.9s rss=4656MB hwm=4656MB
RSS_SAMPLE t=715.2s rss=4657MB hwm=4657MB
RSS_SAMPLE t=715.4s rss=4657MB hwm=4657MB
RSS_SAMPLE t=715.7s rss=4657MB hwm=4657MB
RSS_SAMPLE t=715.9s rss=4657MB hwm=4657MB
RSS_SAMPLE t=716.2s rss=4658MB hwm=4658MB
RSS_SAMPLE t=716.4s rss=4658MB hwm=4658MB
RSS_SAMPLE t=716.7s rss=4658MB hwm=4658MB
RSS_SAMPLE t=716.9s rss=4658MB hwm=4658MB
RSS_SAMPLE t=717.2s rss=4658MB hwm=4658MB
RSS_SAMPLE t=717.4s rss=4658MB hwm=4658MB
RSS_SAMPLE t=717.7s rss=4658MB hwm=4658MB
RSS_SAMPLE t=717.9s rss=4659MB hwm=4659MB
RSS_SAMPLE t=718.2s rss=4660MB hwm=4660MB
RSS_SAMPLE t=718.4s rss=4660MB hwm=4660MB
RSS_SAMPLE t=718.7s rss=4660MB hwm=4660MB
RSS_SAMPLE t=718.9s rss=4660MB hwm=4660MB
RSS_SAMPLE t=719.2s rss=4660MB hwm=4660MB
RSS_SAMPLE t=719.4s rss=4660MB hwm=4660MB
RSS_SAMPLE t=719.7s rss=4660MB hwm=4660MB
RSS_SAMPLE t=719.9s rss=4660MB hwm=4660MB
RSS_SAMPLE t=720.2s rss=4660MB hwm=4660MB
RSS_SAMPLE t=720.4s rss=4661MB hwm=4661MB
RSS_SAMPLE t=720.7s rss=4661MB hwm=4661MB
RSS_SAMPLE t=720.9s rss=4661MB hwm=4661MB
RSS_SAMPLE t=721.2s rss=4661MB hwm=4661MB
RSS_SAMPLE t=721.4s rss=4662MB hwm=4662MB
RSS_SAMPLE t=721.7s rss=4662MB hwm=4662MB
RSS_SAMPLE t=721.9s rss=4662MB hwm=4662MB
RSS_SAMPLE t=722.2s rss=4662MB hwm=4662MB
RSS_SAMPLE t=722.4s rss=4662MB hwm=4662MB
RSS_SAMPLE t=722.7s rss=4662MB hwm=4662MB
RSS_SAMPLE t=722.9s rss=4662MB hwm=4662MB
RSS_SAMPLE t=723.2s rss=4662MB hwm=4662MB
RSS_SAMPLE t=723.4s rss=4662MB hwm=4662MB
RSS_SAMPLE t=723.7s rss=4662MB hwm=4662MB
RSS_SAMPLE t=723.9s rss=4663MB hwm=4663MB
RSS_SAMPLE t=724.2s rss=4663MB hwm=4663MB
RSS_SAMPLE t=724.4s rss=4663MB hwm=4663MB
RSS_SAMPLE t=724.7s rss=4663MB hwm=4663MB
RSS_SAMPLE t=724.9s rss=4663MB hwm=4663MB
RSS_SAMPLE t=725.2s rss=4663MB hwm=4663MB
RSS_SAMPLE t=725.4s rss=4663MB hwm=4663MB
RSS_SAMPLE t=725.7s rss=4663MB hwm=4663MB
RSS_SAMPLE t=725.9s rss=4663MB hwm=4663MB
RSS_SAMPLE t=726.2s rss=4663MB hwm=4663MB
RSS_SAMPLE t=726.4s rss=4663MB hwm=4663MB
RSS_SAMPLE t=726.7s rss=4663MB hwm=4663MB
RSS_SAMPLE t=726.9s rss=4663MB hwm=4663MB
RSS_SAMPLE t=727.2s rss=4663MB hwm=4663MB
RSS_SAMPLE t=727.4s rss=4663MB hwm=4663MB
RSS_SAMPLE t=727.7s rss=4663MB hwm=4663MB
RSS_SAMPLE t=727.9s rss=4663MB hwm=4663MB
RSS_SAMPLE t=728.2s rss=4663MB hwm=4663MB
RSS_SAMPLE t=728.4s rss=4663MB hwm=4663MB
RSS_SAMPLE t=728.7s rss=4663MB hwm=4663MB
RSS_SAMPLE t=728.9s rss=4663MB hwm=4663MB
RSS_SAMPLE t=729.2s rss=4663MB hwm=4663MB
RSS_SAMPLE t=729.4s rss=4663MB hwm=4663MB
RSS_SAMPLE t=729.7s rss=4663MB hwm=4663MB
RSS_SAMPLE t=729.9s rss=4663MB hwm=4663MB
RSS_SAMPLE t=730.2s rss=4663MB hwm=4663MB
RSS_SAMPLE t=730.4s rss=4663MB hwm=4663MB
RSS_SAMPLE t=730.7s rss=4663MB hwm=4663MB
RSS_SAMPLE t=730.9s rss=4663MB hwm=4663MB
RSS_SAMPLE t=731.2s rss=4663MB hwm=4663MB
RSS_SAMPLE t=731.4s rss=4663MB hwm=4663MB
RSS_SAMPLE t=731.7s rss=4663MB hwm=4663MB
RSS_SAMPLE t=731.9s rss=4663MB hwm=4663MB
RSS_SAMPLE t=732.2s rss=4663MB hwm=4663MB
RSS_SAMPLE t=732.4s rss=4663MB hwm=4663MB
RSS_SAMPLE t=732.7s rss=4663MB hwm=4663MB
RSS_SAMPLE t=732.9s rss=4663MB hwm=4663MB
RSS_SAMPLE t=733.2s rss=4663MB hwm=4663MB
RSS_SAMPLE t=733.4s rss=4663MB hwm=4663MB
RSS_SAMPLE t=733.7s rss=4663MB hwm=4663MB
RSS_SAMPLE t=733.9s rss=4663MB hwm=4663MB
RSS_SAMPLE t=734.2s rss=4663MB hwm=4663MB
RSS_SAMPLE t=734.4s rss=4663MB hwm=4663MB
RSS_SAMPLE t=734.7s rss=4663MB hwm=4663MB
RSS_SAMPLE t=734.9s rss=4663MB hwm=4663MB
RSS_SAMPLE t=735.2s rss=4663MB hwm=4663MB
RSS_SAMPLE t=735.4s rss=4663MB hwm=4663MB
RSS_SAMPLE t=735.7s rss=4664MB hwm=4664MB
RSS_SAMPLE t=735.9s rss=4664MB hwm=4664MB
RSS_SAMPLE t=736.2s rss=4664MB hwm=4664MB
RSS_SAMPLE t=736.4s rss=4664MB hwm=4664MB
RSS_SAMPLE t=736.7s rss=4664MB hwm=4664MB
RSS_SAMPLE t=736.9s rss=4664MB hwm=4664MB
RSS_SAMPLE t=737.2s rss=4664MB hwm=4664MB
RSS_SAMPLE t=737.4s rss=4664MB hwm=4664MB
RSS_SAMPLE t=737.7s rss=4664MB hwm=4664MB
RSS_SAMPLE t=737.9s rss=4664MB hwm=4664MB
RSS_SAMPLE t=738.2s rss=4664MB hwm=4664MB
RSS_SAMPLE t=738.4s rss=4664MB hwm=4664MB
RSS_SAMPLE t=738.7s rss=4664MB hwm=4664MB
RSS_SAMPLE t=738.9s rss=4664MB hwm=4664MB
RSS_SAMPLE t=739.2s rss=4664MB hwm=4664MB
RSS_SAMPLE t=739.4s rss=4664MB hwm=4664MB
RSS_SAMPLE t=739.7s rss=4664MB hwm=4664MB
RSS_SAMPLE t=739.9s rss=4664MB hwm=4664MB
RSS_SAMPLE t=740.2s rss=4664MB hwm=4664MB
RSS_SAMPLE t=740.4s rss=4664MB hwm=4664MB
RSS_SAMPLE t=740.7s rss=4664MB hwm=4664MB
RSS_SAMPLE t=740.9s rss=4664MB hwm=4664MB
RSS_SAMPLE t=741.2s rss=4664MB hwm=4664MB
RSS_SAMPLE t=741.4s rss=4664MB hwm=4664MB
RSS_SAMPLE t=741.7s rss=4664MB hwm=4664MB
RSS_SAMPLE t=741.9s rss=4664MB hwm=4664MB
RSS_SAMPLE t=742.2s rss=4664MB hwm=4664MB
RSS_SAMPLE t=742.4s rss=4664MB hwm=4664MB
RSS_SAMPLE t=742.7s rss=4664MB hwm=4664MB
RSS_SAMPLE t=742.9s rss=4664MB hwm=4664MB
RSS_SAMPLE t=743.2s rss=4664MB hwm=4664MB
RSS_SAMPLE t=743.4s rss=4664MB hwm=4664MB
RSS_SAMPLE t=743.7s rss=4664MB hwm=4664MB
RSS_SAMPLE t=743.9s rss=4664MB hwm=4664MB
RSS_SAMPLE t=744.2s rss=4664MB hwm=4664MB
RSS_SAMPLE t=744.4s rss=4664MB hwm=4664MB
RSS_SAMPLE t=744.7s rss=4664MB hwm=4664MB
RSS_SAMPLE t=744.9s rss=4664MB hwm=4664MB
RSS_SAMPLE t=745.2s rss=4664MB hwm=4664MB
RSS_SAMPLE t=745.4s rss=4664MB hwm=4664MB
RSS_SAMPLE t=745.7s rss=4664MB hwm=4664MB
RSS_SAMPLE t=745.9s rss=4664MB hwm=4664MB
RSS_SAMPLE t=746.2s rss=4664MB hwm=4664MB
RSS_SAMPLE t=746.4s rss=4664MB hwm=4664MB
RSS_SAMPLE t=746.7s rss=4664MB hwm=4664MB
RSS_SAMPLE t=746.9s rss=4664MB hwm=4664MB
RSS_SAMPLE t=747.2s rss=4664MB hwm=4664MB
RSS_SAMPLE t=747.4s rss=4664MB hwm=4664MB
RSS_SAMPLE t=747.7s rss=4664MB hwm=4664MB
RSS_SAMPLE t=747.9s rss=4664MB hwm=4664MB
RSS_SAMPLE t=748.2s rss=4664MB hwm=4664MB
RSS_SAMPLE t=748.4s rss=4664MB hwm=4664MB
RSS_SAMPLE t=748.7s rss=4664MB hwm=4664MB
RSS_SAMPLE t=748.9s rss=4664MB hwm=4664MB
RSS_SAMPLE t=749.2s rss=4664MB hwm=4664MB
RSS_SAMPLE t=749.4s rss=4664MB hwm=4664MB
RSS_SAMPLE t=749.7s rss=4664MB hwm=4664MB
RSS_SAMPLE t=749.9s rss=4664MB hwm=4664MB
RSS_SAMPLE t=750.2s rss=4664MB hwm=4664MB
RSS_SAMPLE t=750.4s rss=4664MB hwm=4664MB
MEM_POOL: workspaces=32 dense_usage_mb=1251 n_pipes=2562403
    post_solve_diag[outer=7]: solves=105117 cap_armed=105117 (100.0%) settle_avg=5988 above_sink_avg=250 (4.2%) settle_max=69353
    load_support[outer=7]: settle_avg=5988 load_nz_avg=4107 (68.6%) load_material_avg=1616 (27.0%)
    prune_ceiling[outer=7]: settle_avg=5988 heuristic_prunable_avg=1504 (25.1%) vs oracle_zero_load=31.4%
    settle_hist[outer=7]: <100: 22766nets/0.2%work  <1k: 29882nets/1.7%work  <5k: 23419nets/9.4%work  <20k: 17816nets/30.8%work  <60k: 11012nets/55.7%work  >=60k: 222nets/2.2%work
    fanout_hist[outer=7]: fan1: 43710nets/13.1%work  fan2-4: 48279nets/50.0%work  fan5-16: 12974nets/35.9%work  fan17-64: 154nets/0.9%work  fan65-256: 0nets/0.0%work  fan>256: 0nets/0.0%work
    rss_probe[outer=7]: pre_post_solve=4643MB post_post_solve=4669MB after_apply=4669MB
RSS_SAMPLE t=750.7s rss=4669MB hwm=4669MB
    E_decomp: base=19690643.5 eff=22971722.1 cong=3281078.6 cong_share=14.3% sat_pipes=568926 max_util=1130.81  R_buckets: 1-2x=2527819 2-10x=34584 10-100x=0 >=100x=0
    E_potential: beckmann=9388137201910.2 history_total=0.0
    SpanCache: epoch=8 entries=2579 lookups=2562403 hits=2559824 misses=2579 hit_rate=99.9%
  DCD   7: nets=105117 line=12693462 energy=1934831.792 dE=-50908.448 friction=4159533.3 bins=2.0x(274) excess=87.2 moved=70745 disp=5.314 solves=105117 skip=105117 pops=629458689 theta=0.754 refresh=62331ms dcd=6517ms total=71322ms
    cache_stats: entries=63314485 capacity=124966632 est_mb=1077 rss_mb=4669
RSS_SAMPLE t=750.9s rss=4669MB hwm=4669MB
RSS_SAMPLE t=751.2s rss=4669MB hwm=4669MB
RSS_SAMPLE t=751.4s rss=4669MB hwm=4669MB
RSS_SAMPLE t=751.7s rss=4669MB hwm=4669MB
RSS_SAMPLE t=751.9s rss=4669MB hwm=4669MB
RSS_SAMPLE t=752.2s rss=4669MB hwm=4669MB
RSS_SAMPLE t=752.4s rss=4669MB hwm=4669MB
RSS_SAMPLE t=752.7s rss=4669MB hwm=4669MB
RSS_SAMPLE t=753.0s rss=4669MB hwm=4669MB
RSS_SAMPLE t=753.2s rss=4669MB hwm=4669MB
    SwitchMatrix: type_usage_pairs=901 lookups=2516 hits=1615 dijkstra_calls=901 avg_us=12.6 total_ms=11.4
PHASE_MARK outer=8 enter=pre_solve rss=4669MB
    rss_probe[outer=8]: pre_refresh_rss=4669MB post_pre_solve_rss=4669MB cache_entries=63314485 cache_cap=124966632 cache_est_mb=1077
    pre_solve_diag[outer=8]: solves=0 fallback=0 (0.0%) cap_armed=0 (0.0%) settle_avg=0 settle_max=0 init_count=251
    Overflow: over=490001 (19.1% of used) avg_excess=1.02 max_excess=1731.07 (nc=1755.07 cap=24 span=1)  excess_buckets: <=1=347488 1-5=131124 5-20=10607 >20=782  by_cap: cap1=349962 cap2=99384 cap3-5=612 cap>5=40043  by_span: s1=891 s2-3=2048 s4-6=26757 s7-12=102814 s>12=357491  le1_cross: cap1=284473 cap2-5=53757 cap>5=9258
    Congestion: pipes=2562403 used=2562403 congested(>50%)=1133362 saturated(>90%)=568926 max_util=1130.81 avg_util=0.6004
PHASE_MARK outer=8 enter=dcd_sweep rss=4669MB
RSS_SAMPLE t=753.5s rss=4669MB hwm=4669MB
RSS_SAMPLE t=753.7s rss=4669MB hwm=4669MB
RSS_SAMPLE t=754.0s rss=4669MB hwm=4669MB
RSS_SAMPLE t=754.2s rss=4669MB hwm=4669MB
RSS_SAMPLE t=754.5s rss=4669MB hwm=4669MB
RSS_SAMPLE t=754.7s rss=4669MB hwm=4669MB
RSS_SAMPLE t=755.0s rss=4669MB hwm=4669MB
RSS_SAMPLE t=755.2s rss=4669MB hwm=4669MB
RSS_SAMPLE t=755.5s rss=4669MB hwm=4669MB
RSS_SAMPLE t=755.7s rss=4669MB hwm=4669MB
RSS_SAMPLE t=756.0s rss=4669MB hwm=4669MB
RSS_SAMPLE t=756.2s rss=4669MB hwm=4669MB
RSS_SAMPLE t=756.5s rss=4669MB hwm=4669MB
RSS_SAMPLE t=756.7s rss=4669MB hwm=4669MB
RSS_SAMPLE t=757.0s rss=4669MB hwm=4669MB
RSS_SAMPLE t=757.2s rss=4669MB hwm=4669MB
RSS_SAMPLE t=757.5s rss=4669MB hwm=4669MB
RSS_SAMPLE t=757.7s rss=4669MB hwm=4669MB
RSS_SAMPLE t=758.0s rss=4669MB hwm=4669MB
RSS_SAMPLE t=758.2s rss=4669MB hwm=4669MB
RSS_SAMPLE t=758.5s rss=4669MB hwm=4669MB
RSS_SAMPLE t=758.7s rss=4669MB hwm=4669MB
RSS_SAMPLE t=759.0s rss=4669MB hwm=4669MB
RSS_SAMPLE t=759.2s rss=4669MB hwm=4669MB
RSS_SAMPLE t=759.5s rss=4669MB hwm=4669MB
RSS_SAMPLE t=759.7s rss=4669MB hwm=4669MB
RSS_SAMPLE t=760.0s rss=4669MB hwm=4669MB
PHASE_MARK outer=8 leave=dcd_sweep rss=4669MB
PHASE_MARK outer=8 enter=post_refresh rss=4669MB
RSS_SAMPLE t=760.2s rss=4669MB hwm=4669MB
RSS_SAMPLE t=760.5s rss=4669MB hwm=4669MB
RSS_SAMPLE t=760.7s rss=4669MB hwm=4669MB
RSS_SAMPLE t=761.0s rss=4669MB hwm=4669MB
RSS_SAMPLE t=761.2s rss=4669MB hwm=4669MB
RSS_SAMPLE t=761.5s rss=4669MB hwm=4669MB
RSS_SAMPLE t=761.7s rss=4669MB hwm=4669MB
RSS_SAMPLE t=762.0s rss=4669MB hwm=4669MB
RSS_SAMPLE t=762.2s rss=4669MB hwm=4669MB
RSS_SAMPLE t=762.5s rss=4669MB hwm=4669MB
RSS_SAMPLE t=762.7s rss=4669MB hwm=4669MB
RSS_SAMPLE t=763.0s rss=4669MB hwm=4669MB
RSS_SAMPLE t=763.2s rss=4669MB hwm=4669MB
RSS_SAMPLE t=763.5s rss=4670MB hwm=4670MB
RSS_SAMPLE t=763.7s rss=4670MB hwm=4670MB
RSS_SAMPLE t=764.0s rss=4670MB hwm=4670MB
RSS_SAMPLE t=764.2s rss=4671MB hwm=4671MB
RSS_SAMPLE t=764.5s rss=4671MB hwm=4671MB
RSS_SAMPLE t=764.7s rss=4671MB hwm=4671MB
RSS_SAMPLE t=765.0s rss=4671MB hwm=4671MB
RSS_SAMPLE t=765.2s rss=4671MB hwm=4671MB
RSS_SAMPLE t=765.5s rss=4671MB hwm=4671MB
RSS_SAMPLE t=765.7s rss=4671MB hwm=4671MB
RSS_SAMPLE t=766.0s rss=4671MB hwm=4671MB
RSS_SAMPLE t=766.2s rss=4671MB hwm=4671MB
RSS_SAMPLE t=766.5s rss=4671MB hwm=4671MB
RSS_SAMPLE t=766.7s rss=4671MB hwm=4671MB
RSS_SAMPLE t=767.0s rss=4671MB hwm=4671MB
RSS_SAMPLE t=767.2s rss=4671MB hwm=4671MB
RSS_SAMPLE t=767.5s rss=4672MB hwm=4672MB
RSS_SAMPLE t=767.7s rss=4672MB hwm=4672MB
RSS_SAMPLE t=768.0s rss=4672MB hwm=4672MB
RSS_SAMPLE t=768.2s rss=4672MB hwm=4672MB
RSS_SAMPLE t=768.5s rss=4672MB hwm=4672MB
RSS_SAMPLE t=768.7s rss=4672MB hwm=4672MB
RSS_SAMPLE t=769.0s rss=4672MB hwm=4672MB
RSS_SAMPLE t=769.2s rss=4672MB hwm=4672MB
RSS_SAMPLE t=769.5s rss=4672MB hwm=4672MB
RSS_SAMPLE t=769.7s rss=4672MB hwm=4672MB
RSS_SAMPLE t=770.0s rss=4672MB hwm=4672MB
RSS_SAMPLE t=770.2s rss=4672MB hwm=4672MB
RSS_SAMPLE t=770.5s rss=4672MB hwm=4672MB
RSS_SAMPLE t=770.7s rss=4673MB hwm=4673MB
RSS_SAMPLE t=771.0s rss=4673MB hwm=4673MB
RSS_SAMPLE t=771.2s rss=4673MB hwm=4673MB
RSS_SAMPLE t=771.5s rss=4673MB hwm=4673MB
RSS_SAMPLE t=771.7s rss=4674MB hwm=4674MB
RSS_SAMPLE t=772.0s rss=4674MB hwm=4674MB
RSS_SAMPLE t=772.2s rss=4674MB hwm=4674MB
RSS_SAMPLE t=772.5s rss=4674MB hwm=4674MB
RSS_SAMPLE t=772.7s rss=4674MB hwm=4674MB
RSS_SAMPLE t=773.0s rss=4675MB hwm=4675MB
RSS_SAMPLE t=773.2s rss=4675MB hwm=4675MB
RSS_SAMPLE t=773.5s rss=4675MB hwm=4675MB
RSS_SAMPLE t=773.7s rss=4675MB hwm=4675MB
RSS_SAMPLE t=774.0s rss=4675MB hwm=4675MB
RSS_SAMPLE t=774.2s rss=4675MB hwm=4675MB
RSS_SAMPLE t=774.5s rss=4676MB hwm=4676MB
RSS_SAMPLE t=774.7s rss=4676MB hwm=4676MB
RSS_SAMPLE t=775.0s rss=4676MB hwm=4676MB
RSS_SAMPLE t=775.2s rss=4676MB hwm=4676MB
RSS_SAMPLE t=775.5s rss=4677MB hwm=4677MB
RSS_SAMPLE t=775.7s rss=4677MB hwm=4677MB
RSS_SAMPLE t=776.0s rss=4677MB hwm=4677MB
RSS_SAMPLE t=776.2s rss=4677MB hwm=4677MB
RSS_SAMPLE t=776.5s rss=4677MB hwm=4677MB
RSS_SAMPLE t=776.7s rss=4677MB hwm=4677MB
RSS_SAMPLE t=777.0s rss=4677MB hwm=4677MB
RSS_SAMPLE t=777.2s rss=4677MB hwm=4677MB
RSS_SAMPLE t=777.5s rss=4677MB hwm=4677MB
RSS_SAMPLE t=777.7s rss=4678MB hwm=4678MB
RSS_SAMPLE t=778.0s rss=4678MB hwm=4678MB
RSS_SAMPLE t=778.2s rss=4678MB hwm=4678MB
RSS_SAMPLE t=778.5s rss=4678MB hwm=4678MB
RSS_SAMPLE t=778.7s rss=4678MB hwm=4678MB
RSS_SAMPLE t=779.0s rss=4678MB hwm=4678MB
RSS_SAMPLE t=779.2s rss=4678MB hwm=4678MB
RSS_SAMPLE t=779.5s rss=4678MB hwm=4678MB
RSS_SAMPLE t=779.7s rss=4678MB hwm=4678MB
RSS_SAMPLE t=780.0s rss=4678MB hwm=4678MB
RSS_SAMPLE t=780.2s rss=4678MB hwm=4678MB
RSS_SAMPLE t=780.5s rss=4678MB hwm=4678MB
RSS_SAMPLE t=780.7s rss=4678MB hwm=4678MB
RSS_SAMPLE t=781.0s rss=4678MB hwm=4678MB
RSS_SAMPLE t=781.2s rss=4678MB hwm=4678MB
RSS_SAMPLE t=781.5s rss=4678MB hwm=4678MB
RSS_SAMPLE t=781.7s rss=4678MB hwm=4678MB
RSS_SAMPLE t=782.0s rss=4678MB hwm=4678MB
RSS_SAMPLE t=782.2s rss=4678MB hwm=4678MB
RSS_SAMPLE t=782.5s rss=4678MB hwm=4678MB
RSS_SAMPLE t=782.7s rss=4678MB hwm=4678MB
RSS_SAMPLE t=783.0s rss=4678MB hwm=4678MB
RSS_SAMPLE t=783.2s rss=4678MB hwm=4678MB
RSS_SAMPLE t=783.5s rss=4678MB hwm=4678MB
RSS_SAMPLE t=783.7s rss=4678MB hwm=4678MB
RSS_SAMPLE t=784.0s rss=4678MB hwm=4678MB
RSS_SAMPLE t=784.2s rss=4678MB hwm=4678MB
RSS_SAMPLE t=784.5s rss=4678MB hwm=4678MB
RSS_SAMPLE t=784.7s rss=4678MB hwm=4678MB
RSS_SAMPLE t=785.0s rss=4678MB hwm=4678MB
RSS_SAMPLE t=785.2s rss=4678MB hwm=4678MB
RSS_SAMPLE t=785.5s rss=4679MB hwm=4679MB
RSS_SAMPLE t=785.7s rss=4679MB hwm=4679MB
RSS_SAMPLE t=786.0s rss=4679MB hwm=4679MB
RSS_SAMPLE t=786.2s rss=4679MB hwm=4679MB
RSS_SAMPLE t=786.5s rss=4679MB hwm=4679MB
RSS_SAMPLE t=786.7s rss=4679MB hwm=4679MB
RSS_SAMPLE t=787.0s rss=4679MB hwm=4679MB
RSS_SAMPLE t=787.2s rss=4679MB hwm=4679MB
RSS_SAMPLE t=787.5s rss=4679MB hwm=4679MB
RSS_SAMPLE t=787.7s rss=4679MB hwm=4679MB
RSS_SAMPLE t=788.0s rss=4679MB hwm=4679MB
RSS_SAMPLE t=788.2s rss=4679MB hwm=4679MB
RSS_SAMPLE t=788.5s rss=4679MB hwm=4679MB
RSS_SAMPLE t=788.7s rss=4679MB hwm=4679MB
RSS_SAMPLE t=789.0s rss=4679MB hwm=4679MB
RSS_SAMPLE t=789.2s rss=4679MB hwm=4679MB
RSS_SAMPLE t=789.5s rss=4679MB hwm=4679MB
RSS_SAMPLE t=789.7s rss=4679MB hwm=4679MB
RSS_SAMPLE t=790.0s rss=4679MB hwm=4679MB
RSS_SAMPLE t=790.3s rss=4679MB hwm=4679MB
RSS_SAMPLE t=790.5s rss=4680MB hwm=4680MB
RSS_SAMPLE t=790.8s rss=4680MB hwm=4680MB
RSS_SAMPLE t=791.0s rss=4680MB hwm=4680MB
RSS_SAMPLE t=791.3s rss=4680MB hwm=4680MB
RSS_SAMPLE t=791.5s rss=4680MB hwm=4680MB
RSS_SAMPLE t=791.8s rss=4680MB hwm=4680MB
RSS_SAMPLE t=792.0s rss=4680MB hwm=4680MB
RSS_SAMPLE t=792.3s rss=4680MB hwm=4680MB
RSS_SAMPLE t=792.5s rss=4680MB hwm=4680MB
RSS_SAMPLE t=792.8s rss=4680MB hwm=4680MB
RSS_SAMPLE t=793.0s rss=4680MB hwm=4680MB
RSS_SAMPLE t=793.3s rss=4680MB hwm=4680MB
RSS_SAMPLE t=793.5s rss=4680MB hwm=4680MB
RSS_SAMPLE t=793.8s rss=4680MB hwm=4680MB
RSS_SAMPLE t=794.0s rss=4680MB hwm=4680MB
RSS_SAMPLE t=794.3s rss=4681MB hwm=4681MB
RSS_SAMPLE t=794.5s rss=4681MB hwm=4681MB
RSS_SAMPLE t=794.8s rss=4681MB hwm=4681MB
RSS_SAMPLE t=795.0s rss=4681MB hwm=4681MB
RSS_SAMPLE t=795.3s rss=4681MB hwm=4681MB
RSS_SAMPLE t=795.5s rss=4681MB hwm=4681MB
RSS_SAMPLE t=795.8s rss=4681MB hwm=4681MB
RSS_SAMPLE t=796.0s rss=4681MB hwm=4681MB
RSS_SAMPLE t=796.3s rss=4681MB hwm=4681MB
RSS_SAMPLE t=796.5s rss=4681MB hwm=4681MB
RSS_SAMPLE t=796.8s rss=4681MB hwm=4681MB
RSS_SAMPLE t=797.0s rss=4681MB hwm=4681MB
RSS_SAMPLE t=797.3s rss=4681MB hwm=4681MB
RSS_SAMPLE t=797.5s rss=4681MB hwm=4681MB
RSS_SAMPLE t=797.8s rss=4681MB hwm=4681MB
RSS_SAMPLE t=798.0s rss=4681MB hwm=4681MB
RSS_SAMPLE t=798.3s rss=4681MB hwm=4681MB
RSS_SAMPLE t=798.5s rss=4681MB hwm=4681MB
RSS_SAMPLE t=798.8s rss=4681MB hwm=4681MB
RSS_SAMPLE t=799.0s rss=4681MB hwm=4681MB
RSS_SAMPLE t=799.3s rss=4681MB hwm=4681MB
RSS_SAMPLE t=799.5s rss=4681MB hwm=4681MB
RSS_SAMPLE t=799.8s rss=4681MB hwm=4681MB
RSS_SAMPLE t=800.0s rss=4681MB hwm=4681MB
RSS_SAMPLE t=800.3s rss=4681MB hwm=4681MB
RSS_SAMPLE t=800.5s rss=4681MB hwm=4681MB
RSS_SAMPLE t=800.8s rss=4681MB hwm=4681MB
RSS_SAMPLE t=801.0s rss=4681MB hwm=4681MB
RSS_SAMPLE t=801.3s rss=4681MB hwm=4681MB
RSS_SAMPLE t=801.5s rss=4681MB hwm=4681MB
RSS_SAMPLE t=801.8s rss=4681MB hwm=4681MB
RSS_SAMPLE t=802.0s rss=4681MB hwm=4681MB
RSS_SAMPLE t=802.3s rss=4681MB hwm=4681MB
RSS_SAMPLE t=802.5s rss=4681MB hwm=4681MB
RSS_SAMPLE t=802.8s rss=4681MB hwm=4681MB
RSS_SAMPLE t=803.0s rss=4681MB hwm=4681MB
RSS_SAMPLE t=803.3s rss=4681MB hwm=4681MB
RSS_SAMPLE t=803.5s rss=4681MB hwm=4681MB
RSS_SAMPLE t=803.8s rss=4681MB hwm=4681MB
RSS_SAMPLE t=804.0s rss=4681MB hwm=4681MB
RSS_SAMPLE t=804.3s rss=4681MB hwm=4681MB
RSS_SAMPLE t=804.5s rss=4681MB hwm=4681MB
RSS_SAMPLE t=804.8s rss=4681MB hwm=4681MB
RSS_SAMPLE t=805.0s rss=4681MB hwm=4681MB
RSS_SAMPLE t=805.3s rss=4681MB hwm=4681MB
RSS_SAMPLE t=805.5s rss=4682MB hwm=4682MB
RSS_SAMPLE t=805.8s rss=4682MB hwm=4682MB
RSS_SAMPLE t=806.0s rss=4682MB hwm=4682MB
RSS_SAMPLE t=806.3s rss=4682MB hwm=4682MB
RSS_SAMPLE t=806.5s rss=4682MB hwm=4682MB
RSS_SAMPLE t=806.8s rss=4682MB hwm=4682MB
RSS_SAMPLE t=807.0s rss=4682MB hwm=4682MB
RSS_SAMPLE t=807.3s rss=4682MB hwm=4682MB
RSS_SAMPLE t=807.5s rss=4682MB hwm=4682MB
RSS_SAMPLE t=807.8s rss=4682MB hwm=4682MB
RSS_SAMPLE t=808.0s rss=4682MB hwm=4682MB
RSS_SAMPLE t=808.3s rss=4682MB hwm=4682MB
RSS_SAMPLE t=808.5s rss=4682MB hwm=4682MB
RSS_SAMPLE t=808.8s rss=4682MB hwm=4682MB
RSS_SAMPLE t=809.0s rss=4682MB hwm=4682MB
RSS_SAMPLE t=809.3s rss=4682MB hwm=4682MB
RSS_SAMPLE t=809.5s rss=4682MB hwm=4682MB
RSS_SAMPLE t=809.8s rss=4682MB hwm=4682MB
RSS_SAMPLE t=810.0s rss=4682MB hwm=4682MB
RSS_SAMPLE t=810.3s rss=4682MB hwm=4682MB
RSS_SAMPLE t=810.5s rss=4682MB hwm=4682MB
RSS_SAMPLE t=810.8s rss=4682MB hwm=4682MB
RSS_SAMPLE t=811.0s rss=4682MB hwm=4682MB
RSS_SAMPLE t=811.3s rss=4682MB hwm=4682MB
RSS_SAMPLE t=811.5s rss=4682MB hwm=4682MB
RSS_SAMPLE t=811.8s rss=4682MB hwm=4682MB
RSS_SAMPLE t=812.0s rss=4682MB hwm=4682MB
RSS_SAMPLE t=812.3s rss=4682MB hwm=4682MB
RSS_SAMPLE t=812.5s rss=4682MB hwm=4682MB
RSS_SAMPLE t=812.8s rss=4682MB hwm=4682MB
RSS_SAMPLE t=813.0s rss=4682MB hwm=4682MB
RSS_SAMPLE t=813.3s rss=4682MB hwm=4682MB
RSS_SAMPLE t=813.5s rss=4682MB hwm=4682MB
RSS_SAMPLE t=813.8s rss=4682MB hwm=4682MB
RSS_SAMPLE t=814.0s rss=4682MB hwm=4682MB
RSS_SAMPLE t=814.3s rss=4682MB hwm=4682MB
RSS_SAMPLE t=814.5s rss=4682MB hwm=4682MB
RSS_SAMPLE t=814.8s rss=4682MB hwm=4682MB
RSS_SAMPLE t=815.0s rss=4683MB hwm=4683MB
RSS_SAMPLE t=815.3s rss=4683MB hwm=4683MB
RSS_SAMPLE t=815.5s rss=4683MB hwm=4683MB
RSS_SAMPLE t=815.8s rss=4683MB hwm=4683MB
RSS_SAMPLE t=816.0s rss=4683MB hwm=4683MB
RSS_SAMPLE t=816.3s rss=4683MB hwm=4683MB
RSS_SAMPLE t=816.5s rss=4683MB hwm=4683MB
RSS_SAMPLE t=816.8s rss=4683MB hwm=4683MB
RSS_SAMPLE t=817.0s rss=4683MB hwm=4683MB
RSS_SAMPLE t=817.3s rss=4683MB hwm=4683MB
RSS_SAMPLE t=817.5s rss=4683MB hwm=4683MB
RSS_SAMPLE t=817.8s rss=4683MB hwm=4683MB
RSS_SAMPLE t=818.0s rss=4683MB hwm=4683MB
RSS_SAMPLE t=818.3s rss=4683MB hwm=4683MB
RSS_SAMPLE t=818.5s rss=4683MB hwm=4683MB
RSS_SAMPLE t=818.8s rss=4683MB hwm=4683MB
RSS_SAMPLE t=819.0s rss=4683MB hwm=4683MB
RSS_SAMPLE t=819.3s rss=4683MB hwm=4683MB
RSS_SAMPLE t=819.5s rss=4683MB hwm=4683MB
RSS_SAMPLE t=819.8s rss=4683MB hwm=4683MB
RSS_SAMPLE t=820.0s rss=4683MB hwm=4683MB
RSS_SAMPLE t=820.3s rss=4683MB hwm=4683MB
RSS_SAMPLE t=820.5s rss=4683MB hwm=4683MB
RSS_SAMPLE t=820.8s rss=4683MB hwm=4683MB
MEM_POOL: workspaces=32 dense_usage_mb=1251 n_pipes=2562403
    post_solve_diag[outer=8]: solves=105117 cap_armed=105117 (100.0%) settle_avg=5616 above_sink_avg=251 (4.5%) settle_max=69353
    load_support[outer=8]: settle_avg=5616 load_nz_avg=3882 (69.1%) load_material_avg=1519 (27.1%)
    prune_ceiling[outer=8]: settle_avg=5616 heuristic_prunable_avg=1285 (22.9%) vs oracle_zero_load=30.9%
    settle_hist[outer=8]: <100: 22771nets/0.3%work  <1k: 30359nets/1.8%work  <5k: 23633nets/10.1%work  <20k: 18197nets/33.3%work  <60k: 10007nets/53.0%work  >=60k: 150nets/1.6%work
    fanout_hist[outer=8]: fan1: 43710nets/13.2%work  fan2-4: 48279nets/50.0%work  fan5-16: 12974nets/35.8%work  fan17-64: 154nets/1.0%work  fan65-256: 0nets/0.0%work  fan>256: 0nets/0.0%work
    rss_probe[outer=8]: pre_post_solve=4669MB post_post_solve=4683MB after_apply=4683MB
RSS_SAMPLE t=821.0s rss=4683MB hwm=4683MB
    E_decomp: base=18883346.1 eff=22189189.2 cong=3305843.1 cong_share=14.9% sat_pipes=555555 max_util=1093.83  R_buckets: 1-2x=2518964 2-10x=43439 10-100x=0 >=100x=0
    E_potential: beckmann=8720647306571.2 history_total=0.0
    SpanCache: epoch=9 entries=2516 lookups=2562403 hits=2559887 misses=2516 hit_rate=99.9%
  DCD   8: nets=105117 line=12158786 energy=1898859.204 dE=-35972.588 friction=3895995.5 bins=2.0x(276) excess=86.8 moved=71285 disp=5.154 solves=105117 skip=105117 pops=590306385 theta=0.883 refresh=60919ms dcd=6852ms total=70291ms
    cache_stats: entries=63227268 capacity=127415456 est_mb=1098 rss_mb=4683
RSS_SAMPLE t=821.3s rss=4683MB hwm=4683MB
RSS_SAMPLE t=821.5s rss=4683MB hwm=4683MB
RSS_SAMPLE t=821.8s rss=4683MB hwm=4683MB
RSS_SAMPLE t=822.0s rss=4683MB hwm=4683MB
RSS_SAMPLE t=822.3s rss=4683MB hwm=4683MB
RSS_SAMPLE t=822.5s rss=4683MB hwm=4683MB
RSS_SAMPLE t=822.8s rss=4683MB hwm=4683MB
RSS_SAMPLE t=823.0s rss=4683MB hwm=4683MB
RSS_SAMPLE t=823.3s rss=4683MB hwm=4683MB
RSS_SAMPLE t=823.5s rss=4683MB hwm=4683MB
    SwitchMatrix: type_usage_pairs=806 lookups=2216 hits=1410 dijkstra_calls=806 avg_us=12.2 total_ms=9.9
PHASE_MARK outer=9 enter=pre_solve rss=4683MB
    rss_probe[outer=9]: pre_refresh_rss=4683MB post_pre_solve_rss=4683MB cache_entries=63227268 cache_cap=127415456 cache_est_mb=1098
    pre_solve_diag[outer=9]: solves=0 fallback=0 (0.0%) cap_armed=0 (0.0%) settle_avg=0 settle_max=0 init_count=254
    Overflow: over=476018 (18.6% of used) avg_excess=0.88 max_excess=1666.25 (nc=1690.25 cap=24 span=1)  excess_buckets: <=1=375244 1-5=90670 5-20=9646 >20=458  by_cap: cap1=341492 cap2=97364 cap3-5=587 cap>5=36575  by_span: s1=679 s2-3=1267 s4-6=25766 s7-12=99718 s>12=348588  le1_cross: cap1=293650 cap2-5=72957 cap>5=8637
    Congestion: pipes=2562403 used=2562403 congested(>50%)=1098112 saturated(>90%)=555555 max_util=1093.83 avg_util=0.5773
PHASE_MARK outer=9 enter=dcd_sweep rss=4683MB
RSS_SAMPLE t=823.8s rss=4683MB hwm=4683MB
RSS_SAMPLE t=824.0s rss=4683MB hwm=4683MB
RSS_SAMPLE t=824.3s rss=4683MB hwm=4683MB
RSS_SAMPLE t=824.5s rss=4683MB hwm=4683MB
RSS_SAMPLE t=824.8s rss=4683MB hwm=4683MB
RSS_SAMPLE t=825.0s rss=4683MB hwm=4683MB
RSS_SAMPLE t=825.3s rss=4683MB hwm=4683MB
RSS_SAMPLE t=825.5s rss=4683MB hwm=4683MB
RSS_SAMPLE t=825.8s rss=4683MB hwm=4683MB
RSS_SAMPLE t=826.0s rss=4683MB hwm=4683MB
RSS_SAMPLE t=826.3s rss=4683MB hwm=4683MB
RSS_SAMPLE t=826.5s rss=4683MB hwm=4683MB
RSS_SAMPLE t=826.8s rss=4683MB hwm=4683MB
RSS_SAMPLE t=827.0s rss=4683MB hwm=4683MB
RSS_SAMPLE t=827.3s rss=4683MB hwm=4683MB
RSS_SAMPLE t=827.5s rss=4683MB hwm=4683MB
RSS_SAMPLE t=827.8s rss=4683MB hwm=4683MB
RSS_SAMPLE t=828.0s rss=4683MB hwm=4683MB
RSS_SAMPLE t=828.3s rss=4683MB hwm=4683MB
RSS_SAMPLE t=828.5s rss=4683MB hwm=4683MB
RSS_SAMPLE t=828.8s rss=4683MB hwm=4683MB
RSS_SAMPLE t=829.0s rss=4683MB hwm=4683MB
RSS_SAMPLE t=829.3s rss=4683MB hwm=4683MB
RSS_SAMPLE t=829.5s rss=4683MB hwm=4683MB
RSS_SAMPLE t=829.8s rss=4683MB hwm=4683MB
RSS_SAMPLE t=830.0s rss=4683MB hwm=4683MB
RSS_SAMPLE t=830.3s rss=4683MB hwm=4683MB
PHASE_MARK outer=9 leave=dcd_sweep rss=4683MB
PHASE_MARK outer=9 enter=post_refresh rss=4683MB
RSS_SAMPLE t=830.5s rss=4683MB hwm=4683MB
RSS_SAMPLE t=830.8s rss=4683MB hwm=4683MB
RSS_SAMPLE t=831.0s rss=4683MB hwm=4683MB
RSS_SAMPLE t=831.3s rss=4683MB hwm=4683MB
RSS_SAMPLE t=831.5s rss=4683MB hwm=4683MB
RSS_SAMPLE t=831.8s rss=4683MB hwm=4683MB
RSS_SAMPLE t=832.0s rss=4683MB hwm=4683MB
RSS_SAMPLE t=832.3s rss=4683MB hwm=4683MB
RSS_SAMPLE t=832.5s rss=4683MB hwm=4683MB
RSS_SAMPLE t=832.8s rss=4683MB hwm=4683MB
RSS_SAMPLE t=833.0s rss=4683MB hwm=4683MB
RSS_SAMPLE t=833.3s rss=4683MB hwm=4683MB
RSS_SAMPLE t=833.5s rss=4683MB hwm=4683MB
RSS_SAMPLE t=833.8s rss=4683MB hwm=4683MB
RSS_SAMPLE t=834.0s rss=4684MB hwm=4684MB
RSS_SAMPLE t=834.3s rss=4684MB hwm=4684MB
RSS_SAMPLE t=834.5s rss=4684MB hwm=4684MB
RSS_SAMPLE t=834.8s rss=4684MB hwm=4684MB
RSS_SAMPLE t=835.0s rss=4684MB hwm=4684MB
RSS_SAMPLE t=835.3s rss=4684MB hwm=4684MB
RSS_SAMPLE t=835.5s rss=4685MB hwm=4685MB
RSS_SAMPLE t=835.8s rss=4685MB hwm=4685MB
RSS_SAMPLE t=836.0s rss=4685MB hwm=4685MB
RSS_SAMPLE t=836.3s rss=4686MB hwm=4686MB
RSS_SAMPLE t=836.5s rss=4686MB hwm=4686MB
RSS_SAMPLE t=836.8s rss=4686MB hwm=4686MB
RSS_SAMPLE t=837.0s rss=4686MB hwm=4686MB
RSS_SAMPLE t=837.3s rss=4687MB hwm=4687MB
RSS_SAMPLE t=837.5s rss=4687MB hwm=4687MB
RSS_SAMPLE t=837.8s rss=4687MB hwm=4687MB
RSS_SAMPLE t=838.0s rss=4687MB hwm=4687MB
RSS_SAMPLE t=838.3s rss=4687MB hwm=4687MB
RSS_SAMPLE t=838.5s rss=4688MB hwm=4688MB
RSS_SAMPLE t=838.8s rss=4688MB hwm=4688MB
RSS_SAMPLE t=839.0s rss=4688MB hwm=4688MB
RSS_SAMPLE t=839.3s rss=4688MB hwm=4688MB
RSS_SAMPLE t=839.5s rss=4689MB hwm=4689MB
RSS_SAMPLE t=839.8s rss=4689MB hwm=4689MB
RSS_SAMPLE t=840.0s rss=4689MB hwm=4689MB
RSS_SAMPLE t=840.3s rss=4689MB hwm=4689MB
RSS_SAMPLE t=840.5s rss=4689MB hwm=4689MB
RSS_SAMPLE t=840.8s rss=4690MB hwm=4690MB
RSS_SAMPLE t=841.0s rss=4690MB hwm=4690MB
RSS_SAMPLE t=841.3s rss=4690MB hwm=4690MB
RSS_SAMPLE t=841.5s rss=4690MB hwm=4690MB
RSS_SAMPLE t=841.8s rss=4691MB hwm=4691MB
RSS_SAMPLE t=842.0s rss=4691MB hwm=4691MB
RSS_SAMPLE t=842.3s rss=4691MB hwm=4691MB
RSS_SAMPLE t=842.5s rss=4691MB hwm=4691MB
RSS_SAMPLE t=842.8s rss=4691MB hwm=4691MB
RSS_SAMPLE t=843.0s rss=4692MB hwm=4692MB
RSS_SAMPLE t=843.3s rss=4692MB hwm=4692MB
RSS_SAMPLE t=843.5s rss=4692MB hwm=4692MB
RSS_SAMPLE t=843.8s rss=4692MB hwm=4692MB
RSS_SAMPLE t=844.0s rss=4693MB hwm=4693MB
RSS_SAMPLE t=844.3s rss=4693MB hwm=4693MB
RSS_SAMPLE t=844.5s rss=4693MB hwm=4693MB
RSS_SAMPLE t=844.8s rss=4693MB hwm=4693MB
RSS_SAMPLE t=845.0s rss=4694MB hwm=4694MB
RSS_SAMPLE t=845.3s rss=4694MB hwm=4694MB
RSS_SAMPLE t=845.5s rss=4694MB hwm=4694MB
RSS_SAMPLE t=845.8s rss=4694MB hwm=4694MB
RSS_SAMPLE t=846.1s rss=4695MB hwm=4695MB
RSS_SAMPLE t=846.3s rss=4695MB hwm=4695MB
RSS_SAMPLE t=846.6s rss=4695MB hwm=4695MB
RSS_SAMPLE t=846.8s rss=4696MB hwm=4696MB
RSS_SAMPLE t=847.1s rss=4696MB hwm=4696MB
RSS_SAMPLE t=847.3s rss=4696MB hwm=4696MB
RSS_SAMPLE t=847.6s rss=4697MB hwm=4697MB
RSS_SAMPLE t=847.8s rss=4697MB hwm=4697MB
RSS_SAMPLE t=848.1s rss=4697MB hwm=4697MB
RSS_SAMPLE t=848.3s rss=4698MB hwm=4698MB
RSS_SAMPLE t=848.6s rss=4698MB hwm=4698MB
RSS_SAMPLE t=848.8s rss=4698MB hwm=4698MB
RSS_SAMPLE t=849.1s rss=4699MB hwm=4699MB
RSS_SAMPLE t=849.3s rss=4699MB hwm=4699MB
RSS_SAMPLE t=849.6s rss=4699MB hwm=4699MB
RSS_SAMPLE t=849.8s rss=4699MB hwm=4699MB
RSS_SAMPLE t=850.1s rss=4700MB hwm=4700MB
RSS_SAMPLE t=850.3s rss=4701MB hwm=4701MB
RSS_SAMPLE t=850.6s rss=4701MB hwm=4701MB
RSS_SAMPLE t=850.8s rss=4701MB hwm=4701MB
RSS_SAMPLE t=851.1s rss=4701MB hwm=4701MB
RSS_SAMPLE t=851.3s rss=4701MB hwm=4701MB
RSS_SAMPLE t=851.6s rss=4702MB hwm=4702MB
RSS_SAMPLE t=851.8s rss=4702MB hwm=4702MB
RSS_SAMPLE t=852.1s rss=4702MB hwm=4702MB
RSS_SAMPLE t=852.3s rss=4702MB hwm=4702MB
RSS_SAMPLE t=852.6s rss=4702MB hwm=4702MB
RSS_SAMPLE t=852.8s rss=4703MB hwm=4703MB
RSS_SAMPLE t=853.1s rss=4703MB hwm=4703MB
RSS_SAMPLE t=853.3s rss=4703MB hwm=4703MB
RSS_SAMPLE t=853.6s rss=4703MB hwm=4703MB
RSS_SAMPLE t=853.8s rss=4703MB hwm=4703MB
RSS_SAMPLE t=854.1s rss=4703MB hwm=4703MB
RSS_SAMPLE t=854.3s rss=4703MB hwm=4703MB
RSS_SAMPLE t=854.6s rss=4703MB hwm=4703MB
RSS_SAMPLE t=854.8s rss=4703MB hwm=4703MB
RSS_SAMPLE t=855.1s rss=4704MB hwm=4704MB
RSS_SAMPLE t=855.3s rss=4704MB hwm=4704MB
RSS_SAMPLE t=855.6s rss=4704MB hwm=4704MB
RSS_SAMPLE t=855.8s rss=4704MB hwm=4704MB
RSS_SAMPLE t=856.1s rss=4704MB hwm=4704MB
RSS_SAMPLE t=856.3s rss=4704MB hwm=4704MB
RSS_SAMPLE t=856.6s rss=4704MB hwm=4704MB
RSS_SAMPLE t=856.8s rss=4705MB hwm=4705MB
RSS_SAMPLE t=857.1s rss=4705MB hwm=4705MB
RSS_SAMPLE t=857.3s rss=4705MB hwm=4705MB
RSS_SAMPLE t=857.6s rss=4705MB hwm=4705MB
RSS_SAMPLE t=857.8s rss=4706MB hwm=4706MB
RSS_SAMPLE t=858.1s rss=4706MB hwm=4706MB
RSS_SAMPLE t=858.3s rss=4706MB hwm=4706MB
RSS_SAMPLE t=858.6s rss=4706MB hwm=4706MB
RSS_SAMPLE t=858.8s rss=4706MB hwm=4706MB
RSS_SAMPLE t=859.1s rss=4706MB hwm=4706MB
RSS_SAMPLE t=859.3s rss=4706MB hwm=4706MB
RSS_SAMPLE t=859.6s rss=4706MB hwm=4706MB
RSS_SAMPLE t=859.8s rss=4706MB hwm=4706MB
RSS_SAMPLE t=860.1s rss=4707MB hwm=4707MB
RSS_SAMPLE t=860.3s rss=4707MB hwm=4707MB
RSS_SAMPLE t=860.6s rss=4707MB hwm=4707MB
RSS_SAMPLE t=860.8s rss=4707MB hwm=4707MB
RSS_SAMPLE t=861.1s rss=4707MB hwm=4707MB
RSS_SAMPLE t=861.3s rss=4707MB hwm=4707MB
RSS_SAMPLE t=861.6s rss=4707MB hwm=4707MB
RSS_SAMPLE t=861.8s rss=4707MB hwm=4707MB
RSS_SAMPLE t=862.1s rss=4707MB hwm=4707MB
RSS_SAMPLE t=862.3s rss=4707MB hwm=4707MB
RSS_SAMPLE t=862.6s rss=4707MB hwm=4707MB
RSS_SAMPLE t=862.8s rss=4707MB hwm=4707MB
RSS_SAMPLE t=863.1s rss=4707MB hwm=4707MB
RSS_SAMPLE t=863.3s rss=4707MB hwm=4707MB
RSS_SAMPLE t=863.6s rss=4707MB hwm=4707MB
RSS_SAMPLE t=863.8s rss=4707MB hwm=4707MB
RSS_SAMPLE t=864.1s rss=4707MB hwm=4707MB
RSS_SAMPLE t=864.3s rss=4707MB hwm=4707MB
RSS_SAMPLE t=864.6s rss=4707MB hwm=4707MB
RSS_SAMPLE t=864.8s rss=4707MB hwm=4707MB
RSS_SAMPLE t=865.1s rss=4707MB hwm=4707MB
RSS_SAMPLE t=865.3s rss=4707MB hwm=4707MB
RSS_SAMPLE t=865.6s rss=4707MB hwm=4707MB
RSS_SAMPLE t=865.8s rss=4707MB hwm=4707MB
RSS_SAMPLE t=866.1s rss=4707MB hwm=4707MB
RSS_SAMPLE t=866.3s rss=4707MB hwm=4707MB
RSS_SAMPLE t=866.6s rss=4707MB hwm=4707MB
RSS_SAMPLE t=866.8s rss=4707MB hwm=4707MB
RSS_SAMPLE t=867.1s rss=4707MB hwm=4707MB
RSS_SAMPLE t=867.3s rss=4707MB hwm=4707MB
RSS_SAMPLE t=867.6s rss=4707MB hwm=4707MB
RSS_SAMPLE t=867.8s rss=4707MB hwm=4707MB
RSS_SAMPLE t=868.1s rss=4707MB hwm=4707MB
RSS_SAMPLE t=868.3s rss=4707MB hwm=4707MB
RSS_SAMPLE t=868.6s rss=4707MB hwm=4707MB
RSS_SAMPLE t=868.8s rss=4707MB hwm=4707MB
RSS_SAMPLE t=869.1s rss=4707MB hwm=4707MB
RSS_SAMPLE t=869.3s rss=4707MB hwm=4707MB
RSS_SAMPLE t=869.6s rss=4707MB hwm=4707MB
RSS_SAMPLE t=869.8s rss=4707MB hwm=4707MB
RSS_SAMPLE t=870.1s rss=4707MB hwm=4707MB
RSS_SAMPLE t=870.3s rss=4707MB hwm=4707MB
RSS_SAMPLE t=870.6s rss=4707MB hwm=4707MB
RSS_SAMPLE t=870.8s rss=4707MB hwm=4707MB
RSS_SAMPLE t=871.1s rss=4707MB hwm=4707MB
RSS_SAMPLE t=871.3s rss=4707MB hwm=4707MB
RSS_SAMPLE t=871.6s rss=4707MB hwm=4707MB
RSS_SAMPLE t=871.8s rss=4708MB hwm=4708MB
RSS_SAMPLE t=872.1s rss=4708MB hwm=4708MB
RSS_SAMPLE t=872.3s rss=4708MB hwm=4708MB
RSS_SAMPLE t=872.6s rss=4708MB hwm=4708MB
RSS_SAMPLE t=872.8s rss=4708MB hwm=4708MB
RSS_SAMPLE t=873.1s rss=4708MB hwm=4708MB
RSS_SAMPLE t=873.3s rss=4708MB hwm=4708MB
RSS_SAMPLE t=873.6s rss=4708MB hwm=4708MB
RSS_SAMPLE t=873.8s rss=4708MB hwm=4708MB
RSS_SAMPLE t=874.1s rss=4708MB hwm=4708MB
RSS_SAMPLE t=874.3s rss=4708MB hwm=4708MB
RSS_SAMPLE t=874.6s rss=4708MB hwm=4708MB
RSS_SAMPLE t=874.8s rss=4708MB hwm=4708MB
RSS_SAMPLE t=875.1s rss=4708MB hwm=4708MB
RSS_SAMPLE t=875.3s rss=4708MB hwm=4708MB
RSS_SAMPLE t=875.6s rss=4708MB hwm=4708MB
RSS_SAMPLE t=875.8s rss=4708MB hwm=4708MB
RSS_SAMPLE t=876.1s rss=4708MB hwm=4708MB
RSS_SAMPLE t=876.3s rss=4708MB hwm=4708MB
RSS_SAMPLE t=876.6s rss=4708MB hwm=4708MB
RSS_SAMPLE t=876.8s rss=4709MB hwm=4709MB
RSS_SAMPLE t=877.1s rss=4709MB hwm=4709MB
RSS_SAMPLE t=877.3s rss=4709MB hwm=4709MB
RSS_SAMPLE t=877.6s rss=4709MB hwm=4709MB
RSS_SAMPLE t=877.8s rss=4709MB hwm=4709MB
RSS_SAMPLE t=878.1s rss=4709MB hwm=4709MB
RSS_SAMPLE t=878.3s rss=4709MB hwm=4709MB
RSS_SAMPLE t=878.6s rss=4709MB hwm=4709MB
RSS_SAMPLE t=878.8s rss=4709MB hwm=4709MB
RSS_SAMPLE t=879.1s rss=4709MB hwm=4709MB
RSS_SAMPLE t=879.3s rss=4709MB hwm=4709MB
RSS_SAMPLE t=879.6s rss=4709MB hwm=4709MB
RSS_SAMPLE t=879.8s rss=4709MB hwm=4709MB
RSS_SAMPLE t=880.1s rss=4709MB hwm=4709MB
RSS_SAMPLE t=880.3s rss=4709MB hwm=4709MB
RSS_SAMPLE t=880.6s rss=4709MB hwm=4709MB
RSS_SAMPLE t=880.8s rss=4709MB hwm=4709MB
RSS_SAMPLE t=881.1s rss=4709MB hwm=4709MB
RSS_SAMPLE t=881.3s rss=4709MB hwm=4709MB
RSS_SAMPLE t=881.6s rss=4709MB hwm=4709MB
RSS_SAMPLE t=881.8s rss=4709MB hwm=4709MB
RSS_SAMPLE t=882.1s rss=4709MB hwm=4709MB
RSS_SAMPLE t=882.3s rss=4709MB hwm=4709MB
RSS_SAMPLE t=882.6s rss=4709MB hwm=4709MB
RSS_SAMPLE t=882.8s rss=4709MB hwm=4709MB
RSS_SAMPLE t=883.1s rss=4709MB hwm=4709MB
RSS_SAMPLE t=883.3s rss=4709MB hwm=4709MB
RSS_SAMPLE t=883.6s rss=4709MB hwm=4709MB
RSS_SAMPLE t=883.8s rss=4709MB hwm=4709MB
RSS_SAMPLE t=884.1s rss=4709MB hwm=4709MB
RSS_SAMPLE t=884.3s rss=4709MB hwm=4709MB
RSS_SAMPLE t=884.6s rss=4709MB hwm=4709MB
RSS_SAMPLE t=884.8s rss=4709MB hwm=4709MB
MEM_POOL: workspaces=32 dense_usage_mb=1251 n_pipes=2562403
    post_solve_diag[outer=9]: solves=105117 cap_armed=105117 (100.0%) settle_avg=5270 above_sink_avg=249 (4.7%) settle_max=69353
    load_support[outer=9]: settle_avg=5270 load_nz_avg=3590 (68.1%) load_material_avg=1467 (27.8%)
    prune_ceiling[outer=9]: settle_avg=5270 heuristic_prunable_avg=1093 (20.7%) vs oracle_zero_load=31.9%
    settle_hist[outer=9]: <100: 22870nets/0.3%work  <1k: 30866nets/2.0%work  <5k: 23791nets/10.9%work  <20k: 18549nets/36.0%work  <60k: 8956nets/49.9%work  >=60k: 85nets/1.0%work
    fanout_hist[outer=9]: fan1: 43710nets/13.3%work  fan2-4: 48279nets/49.9%work  fan5-16: 12974nets/35.8%work  fan17-64: 154nets/1.0%work  fan65-256: 0nets/0.0%work  fan>256: 0nets/0.0%work
    rss_probe[outer=9]: pre_post_solve=4683MB post_post_solve=4709MB after_apply=4709MB
    E_decomp: base=18426889.4 eff=21472378.6 cong=3045489.2 cong_share=14.2% sat_pipes=531439 max_util=1010.93  R_buckets: 1-2x=2533747 2-10x=28656 10-100x=0 >=100x=0
    E_potential: beckmann=5251906063439.4 history_total=0.0
    SpanCache: epoch=10 entries=2216 lookups=2562403 hits=2560187 misses=2216 hit_rate=99.9%
  DCD   9: nets=105117 line=11638314 energy=1813995.550 dE=-84863.654 friction=3564059.7 bins=2.0x(262) excess=83.9 moved=71751 disp=4.989 solves=105117 skip=105117 pops=553938657 theta=1.033 refresh=54537ms dcd=6797ms total=63834ms
    cache_stats: entries=63009021 capacity=129636024 est_mb=1117 rss_mb=4709
RSS_SAMPLE t=885.1s rss=4709MB hwm=4709MB
RSS_SAMPLE t=885.3s rss=4709MB hwm=4709MB
RSS_SAMPLE t=885.6s rss=4709MB hwm=4709MB
RSS_SAMPLE t=885.8s rss=4709MB hwm=4709MB
RSS_SAMPLE t=886.1s rss=4709MB hwm=4709MB
RSS_SAMPLE t=886.3s rss=4709MB hwm=4709MB
RSS_SAMPLE t=886.6s rss=4709MB hwm=4709MB
RSS_SAMPLE t=886.8s rss=4709MB hwm=4709MB
RSS_SAMPLE t=887.1s rss=4709MB hwm=4709MB
RSS_SAMPLE t=887.3s rss=4709MB hwm=4709MB
    SwitchMatrix: type_usage_pairs=822 lookups=2396 hits=1574 dijkstra_calls=822 avg_us=12.0 total_ms=9.8
PHASE_MARK outer=10 enter=pre_solve rss=4709MB
    rss_probe[outer=10]: pre_refresh_rss=4709MB post_pre_solve_rss=4709MB cache_entries=63009021 cache_cap=129636024 cache_est_mb=1117
    pre_solve_diag[outer=10]: solves=0 fallback=0 (0.0%) cap_armed=0 (0.0%) settle_avg=0 settle_max=0 init_count=254
    Overflow: over=457735 (17.9% of used) avg_excess=0.98 max_excess=1587.92 (nc=1611.92 cap=24 span=1)  excess_buckets: <=1=334601 1-5=113579 5-20=8868 >20=687  by_cap: cap1=327935 cap2=94872 cap3-5=574 cap>5=34354  by_span: s1=599 s2-3=810 s4-6=24950 s7-12=96353 s>12=335023  le1_cross: cap1=267958 cap2-5=58378 cap>5=8265
    Congestion: pipes=2562403 used=2562403 congested(>50%)=1047159 saturated(>90%)=531439 max_util=1010.93 avg_util=0.5691
PHASE_MARK outer=10 enter=dcd_sweep rss=4709MB
RSS_SAMPLE t=887.6s rss=4709MB hwm=4709MB
RSS_SAMPLE t=887.8s rss=4709MB hwm=4709MB
RSS_SAMPLE t=888.1s rss=4709MB hwm=4709MB
RSS_SAMPLE t=888.3s rss=4709MB hwm=4709MB
RSS_SAMPLE t=888.6s rss=4709MB hwm=4709MB
RSS_SAMPLE t=888.8s rss=4709MB hwm=4709MB
RSS_SAMPLE t=889.1s rss=4709MB hwm=4709MB
RSS_SAMPLE t=889.3s rss=4709MB hwm=4709MB
RSS_SAMPLE t=889.6s rss=4709MB hwm=4709MB
RSS_SAMPLE t=889.8s rss=4709MB hwm=4709MB
RSS_SAMPLE t=890.1s rss=4709MB hwm=4709MB
RSS_SAMPLE t=890.3s rss=4709MB hwm=4709MB
RSS_SAMPLE t=890.6s rss=4709MB hwm=4709MB
RSS_SAMPLE t=890.8s rss=4709MB hwm=4709MB
RSS_SAMPLE t=891.1s rss=4709MB hwm=4709MB
RSS_SAMPLE t=891.3s rss=4709MB hwm=4709MB
RSS_SAMPLE t=891.6s rss=4709MB hwm=4709MB
RSS_SAMPLE t=891.8s rss=4709MB hwm=4709MB
RSS_SAMPLE t=892.1s rss=4709MB hwm=4709MB
RSS_SAMPLE t=892.3s rss=4709MB hwm=4709MB
RSS_SAMPLE t=892.6s rss=4709MB hwm=4709MB
RSS_SAMPLE t=892.8s rss=4709MB hwm=4709MB
RSS_SAMPLE t=893.1s rss=4709MB hwm=4709MB
RSS_SAMPLE t=893.3s rss=4709MB hwm=4709MB
RSS_SAMPLE t=893.6s rss=4709MB hwm=4709MB
RSS_SAMPLE t=893.8s rss=4709MB hwm=4709MB
PHASE_MARK outer=10 leave=dcd_sweep rss=4709MB
PHASE_MARK outer=10 enter=post_refresh rss=4709MB
RSS_SAMPLE t=894.1s rss=4710MB hwm=4710MB
RSS_SAMPLE t=894.3s rss=4710MB hwm=4710MB
RSS_SAMPLE t=894.6s rss=4710MB hwm=4710MB
RSS_SAMPLE t=894.8s rss=4710MB hwm=4710MB
RSS_SAMPLE t=895.1s rss=4710MB hwm=4710MB
RSS_SAMPLE t=895.3s rss=4710MB hwm=4710MB
RSS_SAMPLE t=895.6s rss=4710MB hwm=4710MB
RSS_SAMPLE t=895.8s rss=4710MB hwm=4710MB
RSS_SAMPLE t=896.1s rss=4710MB hwm=4710MB
RSS_SAMPLE t=896.3s rss=4710MB hwm=4710MB
RSS_SAMPLE t=896.6s rss=4710MB hwm=4710MB
RSS_SAMPLE t=896.8s rss=4710MB hwm=4710MB
RSS_SAMPLE t=897.1s rss=4710MB hwm=4710MB
RSS_SAMPLE t=897.3s rss=4710MB hwm=4710MB
RSS_SAMPLE t=897.6s rss=4710MB hwm=4710MB
RSS_SAMPLE t=897.8s rss=4710MB hwm=4710MB
RSS_SAMPLE t=898.1s rss=4710MB hwm=4710MB
RSS_SAMPLE t=898.3s rss=4711MB hwm=4711MB
RSS_SAMPLE t=898.6s rss=4711MB hwm=4711MB
RSS_SAMPLE t=898.8s rss=4711MB hwm=4711MB
RSS_SAMPLE t=899.1s rss=4711MB hwm=4711MB
RSS_SAMPLE t=899.3s rss=4711MB hwm=4711MB
RSS_SAMPLE t=899.6s rss=4711MB hwm=4711MB
RSS_SAMPLE t=899.8s rss=4711MB hwm=4711MB
RSS_SAMPLE t=900.1s rss=4711MB hwm=4711MB
RSS_SAMPLE t=900.3s rss=4711MB hwm=4711MB
RSS_SAMPLE t=900.6s rss=4712MB hwm=4712MB
RSS_SAMPLE t=900.8s rss=4712MB hwm=4712MB
RSS_SAMPLE t=901.1s rss=4712MB hwm=4712MB
RSS_SAMPLE t=901.3s rss=4712MB hwm=4712MB
RSS_SAMPLE t=901.6s rss=4712MB hwm=4712MB
RSS_SAMPLE t=901.8s rss=4712MB hwm=4712MB
RSS_SAMPLE t=902.1s rss=4712MB hwm=4712MB
RSS_SAMPLE t=902.3s rss=4712MB hwm=4712MB
RSS_SAMPLE t=902.6s rss=4712MB hwm=4712MB
RSS_SAMPLE t=902.8s rss=4712MB hwm=4712MB
RSS_SAMPLE t=903.1s rss=4712MB hwm=4712MB
RSS_SAMPLE t=903.4s rss=4712MB hwm=4712MB
RSS_SAMPLE t=903.6s rss=4712MB hwm=4712MB
RSS_SAMPLE t=903.9s rss=4712MB hwm=4712MB
RSS_SAMPLE t=904.1s rss=4712MB hwm=4712MB
RSS_SAMPLE t=904.4s rss=4712MB hwm=4712MB
RSS_SAMPLE t=904.6s rss=4712MB hwm=4712MB
RSS_SAMPLE t=904.9s rss=4712MB hwm=4712MB
RSS_SAMPLE t=905.1s rss=4712MB hwm=4712MB
RSS_SAMPLE t=905.4s rss=4713MB hwm=4713MB
RSS_SAMPLE t=905.6s rss=4713MB hwm=4713MB
RSS_SAMPLE t=905.9s rss=4713MB hwm=4713MB
RSS_SAMPLE t=906.1s rss=4713MB hwm=4713MB
RSS_SAMPLE t=906.4s rss=4713MB hwm=4713MB
RSS_SAMPLE t=906.6s rss=4714MB hwm=4714MB
RSS_SAMPLE t=906.9s rss=4714MB hwm=4714MB
RSS_SAMPLE t=907.1s rss=4714MB hwm=4714MB
RSS_SAMPLE t=907.4s rss=4714MB hwm=4714MB
RSS_SAMPLE t=907.6s rss=4714MB hwm=4714MB
RSS_SAMPLE t=907.9s rss=4714MB hwm=4714MB
RSS_SAMPLE t=908.1s rss=4714MB hwm=4714MB
RSS_SAMPLE t=908.4s rss=4715MB hwm=4715MB
RSS_SAMPLE t=908.6s rss=4715MB hwm=4715MB
RSS_SAMPLE t=908.9s rss=4715MB hwm=4715MB
RSS_SAMPLE t=909.1s rss=4716MB hwm=4716MB
RSS_SAMPLE t=909.4s rss=4716MB hwm=4716MB
RSS_SAMPLE t=909.6s rss=4716MB hwm=4716MB
RSS_SAMPLE t=909.9s rss=4717MB hwm=4717MB
RSS_SAMPLE t=910.1s rss=4717MB hwm=4717MB
RSS_SAMPLE t=910.4s rss=4717MB hwm=4717MB
RSS_SAMPLE t=910.6s rss=4717MB hwm=4717MB
RSS_SAMPLE t=910.9s rss=4717MB hwm=4717MB
RSS_SAMPLE t=911.1s rss=4717MB hwm=4717MB
RSS_SAMPLE t=911.4s rss=4718MB hwm=4718MB
RSS_SAMPLE t=911.6s rss=4718MB hwm=4718MB
RSS_SAMPLE t=911.9s rss=4718MB hwm=4718MB
RSS_SAMPLE t=912.1s rss=4718MB hwm=4718MB
RSS_SAMPLE t=912.4s rss=4718MB hwm=4718MB
RSS_SAMPLE t=912.6s rss=4718MB hwm=4718MB
RSS_SAMPLE t=912.9s rss=4718MB hwm=4718MB
RSS_SAMPLE t=913.1s rss=4718MB hwm=4718MB
RSS_SAMPLE t=913.4s rss=4718MB hwm=4718MB
RSS_SAMPLE t=913.6s rss=4719MB hwm=4719MB
RSS_SAMPLE t=913.9s rss=4719MB hwm=4719MB
RSS_SAMPLE t=914.1s rss=4719MB hwm=4719MB
RSS_SAMPLE t=914.4s rss=4719MB hwm=4719MB
RSS_SAMPLE t=914.6s rss=4719MB hwm=4719MB
RSS_SAMPLE t=914.9s rss=4719MB hwm=4719MB
RSS_SAMPLE t=915.1s rss=4719MB hwm=4719MB
RSS_SAMPLE t=915.4s rss=4719MB hwm=4719MB
RSS_SAMPLE t=915.6s rss=4720MB hwm=4720MB
RSS_SAMPLE t=915.9s rss=4720MB hwm=4720MB
RSS_SAMPLE t=916.1s rss=4720MB hwm=4720MB
RSS_SAMPLE t=916.4s rss=4720MB hwm=4720MB
RSS_SAMPLE t=916.6s rss=4720MB hwm=4720MB
RSS_SAMPLE t=916.9s rss=4720MB hwm=4720MB
RSS_SAMPLE t=917.1s rss=4720MB hwm=4720MB
RSS_SAMPLE t=917.4s rss=4720MB hwm=4720MB
RSS_SAMPLE t=917.6s rss=4720MB hwm=4720MB
RSS_SAMPLE t=917.9s rss=4720MB hwm=4720MB
RSS_SAMPLE t=918.1s rss=4720MB hwm=4720MB
RSS_SAMPLE t=918.4s rss=4720MB hwm=4720MB
RSS_SAMPLE t=918.6s rss=4720MB hwm=4720MB
RSS_SAMPLE t=918.9s rss=4720MB hwm=4720MB
RSS_SAMPLE t=919.1s rss=4721MB hwm=4721MB
RSS_SAMPLE t=919.4s rss=4721MB hwm=4721MB
RSS_SAMPLE t=919.6s rss=4721MB hwm=4721MB
RSS_SAMPLE t=919.9s rss=4721MB hwm=4721MB
RSS_SAMPLE t=920.1s rss=4721MB hwm=4721MB
RSS_SAMPLE t=920.4s rss=4721MB hwm=4721MB
RSS_SAMPLE t=920.6s rss=4721MB hwm=4721MB
RSS_SAMPLE t=920.9s rss=4721MB hwm=4721MB
RSS_SAMPLE t=921.1s rss=4721MB hwm=4721MB
RSS_SAMPLE t=921.4s rss=4721MB hwm=4721MB
RSS_SAMPLE t=921.6s rss=4721MB hwm=4721MB
RSS_SAMPLE t=921.9s rss=4721MB hwm=4721MB
RSS_SAMPLE t=922.1s rss=4721MB hwm=4721MB
RSS_SAMPLE t=922.4s rss=4721MB hwm=4721MB
RSS_SAMPLE t=922.6s rss=4721MB hwm=4721MB
RSS_SAMPLE t=922.9s rss=4721MB hwm=4721MB
RSS_SAMPLE t=923.1s rss=4721MB hwm=4721MB
RSS_SAMPLE t=923.4s rss=4721MB hwm=4721MB
RSS_SAMPLE t=923.6s rss=4721MB hwm=4721MB
RSS_SAMPLE t=923.9s rss=4721MB hwm=4721MB
RSS_SAMPLE t=924.1s rss=4721MB hwm=4721MB
RSS_SAMPLE t=924.4s rss=4721MB hwm=4721MB
RSS_SAMPLE t=924.6s rss=4721MB hwm=4721MB
RSS_SAMPLE t=924.9s rss=4721MB hwm=4721MB
RSS_SAMPLE t=925.1s rss=4721MB hwm=4721MB
RSS_SAMPLE t=925.4s rss=4721MB hwm=4721MB
RSS_SAMPLE t=925.6s rss=4721MB hwm=4721MB
RSS_SAMPLE t=925.9s rss=4721MB hwm=4721MB
RSS_SAMPLE t=926.1s rss=4721MB hwm=4721MB
RSS_SAMPLE t=926.4s rss=4721MB hwm=4721MB
RSS_SAMPLE t=926.6s rss=4721MB hwm=4721MB
RSS_SAMPLE t=926.9s rss=4721MB hwm=4721MB
RSS_SAMPLE t=927.1s rss=4721MB hwm=4721MB
RSS_SAMPLE t=927.4s rss=4721MB hwm=4721MB
RSS_SAMPLE t=927.6s rss=4721MB hwm=4721MB
RSS_SAMPLE t=927.9s rss=4721MB hwm=4721MB
RSS_SAMPLE t=928.1s rss=4721MB hwm=4721MB
RSS_SAMPLE t=928.4s rss=4721MB hwm=4721MB
RSS_SAMPLE t=928.6s rss=4721MB hwm=4721MB
RSS_SAMPLE t=928.9s rss=4721MB hwm=4721MB
RSS_SAMPLE t=929.1s rss=4721MB hwm=4721MB
RSS_SAMPLE t=929.4s rss=4721MB hwm=4721MB
RSS_SAMPLE t=929.6s rss=4721MB hwm=4721MB
RSS_SAMPLE t=929.9s rss=4721MB hwm=4721MB
RSS_SAMPLE t=930.1s rss=4721MB hwm=4721MB
RSS_SAMPLE t=930.4s rss=4721MB hwm=4721MB
RSS_SAMPLE t=930.6s rss=4721MB hwm=4721MB
RSS_SAMPLE t=930.9s rss=4721MB hwm=4721MB
RSS_SAMPLE t=931.1s rss=4721MB hwm=4721MB
RSS_SAMPLE t=931.4s rss=4721MB hwm=4721MB
RSS_SAMPLE t=931.6s rss=4721MB hwm=4721MB
RSS_SAMPLE t=931.9s rss=4721MB hwm=4721MB
RSS_SAMPLE t=932.1s rss=4721MB hwm=4721MB
RSS_SAMPLE t=932.4s rss=4721MB hwm=4721MB
RSS_SAMPLE t=932.6s rss=4721MB hwm=4721MB
RSS_SAMPLE t=932.9s rss=4721MB hwm=4721MB
RSS_SAMPLE t=933.1s rss=4721MB hwm=4721MB
RSS_SAMPLE t=933.4s rss=4721MB hwm=4721MB
RSS_SAMPLE t=933.6s rss=4721MB hwm=4721MB
RSS_SAMPLE t=933.9s rss=4721MB hwm=4721MB
RSS_SAMPLE t=934.1s rss=4721MB hwm=4721MB
RSS_SAMPLE t=934.4s rss=4721MB hwm=4721MB
RSS_SAMPLE t=934.6s rss=4721MB hwm=4721MB
RSS_SAMPLE t=934.9s rss=4721MB hwm=4721MB
RSS_SAMPLE t=935.1s rss=4722MB hwm=4722MB
RSS_SAMPLE t=935.4s rss=4722MB hwm=4722MB
RSS_SAMPLE t=935.6s rss=4722MB hwm=4722MB
RSS_SAMPLE t=935.9s rss=4722MB hwm=4722MB
RSS_SAMPLE t=936.1s rss=4722MB hwm=4722MB
RSS_SAMPLE t=936.4s rss=4722MB hwm=4722MB
RSS_SAMPLE t=936.6s rss=4722MB hwm=4722MB
RSS_SAMPLE t=936.9s rss=4722MB hwm=4722MB
RSS_SAMPLE t=937.1s rss=4722MB hwm=4722MB
RSS_SAMPLE t=937.4s rss=4722MB hwm=4722MB
RSS_SAMPLE t=937.6s rss=4722MB hwm=4722MB
RSS_SAMPLE t=937.9s rss=4722MB hwm=4722MB
RSS_SAMPLE t=938.1s rss=4722MB hwm=4722MB
RSS_SAMPLE t=938.4s rss=4722MB hwm=4722MB
RSS_SAMPLE t=938.6s rss=4722MB hwm=4722MB
RSS_SAMPLE t=938.9s rss=4722MB hwm=4722MB
RSS_SAMPLE t=939.1s rss=4722MB hwm=4722MB
RSS_SAMPLE t=939.4s rss=4722MB hwm=4722MB
RSS_SAMPLE t=939.6s rss=4722MB hwm=4722MB
RSS_SAMPLE t=939.9s rss=4722MB hwm=4722MB
RSS_SAMPLE t=940.1s rss=4722MB hwm=4722MB
RSS_SAMPLE t=940.4s rss=4722MB hwm=4722MB
RSS_SAMPLE t=940.6s rss=4722MB hwm=4722MB
RSS_SAMPLE t=940.9s rss=4722MB hwm=4722MB
RSS_SAMPLE t=941.1s rss=4722MB hwm=4722MB
RSS_SAMPLE t=941.4s rss=4722MB hwm=4722MB
RSS_SAMPLE t=941.6s rss=4722MB hwm=4722MB
RSS_SAMPLE t=941.9s rss=4722MB hwm=4722MB
RSS_SAMPLE t=942.1s rss=4722MB hwm=4722MB
RSS_SAMPLE t=942.4s rss=4722MB hwm=4722MB
RSS_SAMPLE t=942.6s rss=4722MB hwm=4722MB
RSS_SAMPLE t=942.9s rss=4722MB hwm=4722MB
RSS_SAMPLE t=943.1s rss=4722MB hwm=4722MB
RSS_SAMPLE t=943.4s rss=4722MB hwm=4722MB
RSS_SAMPLE t=943.6s rss=4722MB hwm=4722MB
RSS_SAMPLE t=943.9s rss=4722MB hwm=4722MB
RSS_SAMPLE t=944.1s rss=4722MB hwm=4722MB
RSS_SAMPLE t=944.4s rss=4722MB hwm=4722MB
RSS_SAMPLE t=944.6s rss=4722MB hwm=4722MB
RSS_SAMPLE t=944.9s rss=4722MB hwm=4722MB
MEM_POOL: workspaces=32 dense_usage_mb=1251 n_pipes=2562403
    post_solve_diag[outer=10]: solves=105117 cap_armed=105117 (100.0%) settle_avg=4949 above_sink_avg=249 (5.0%) settle_max=69353
    load_support[outer=10]: settle_avg=4949 load_nz_avg=3399 (68.7%) load_material_avg=1381 (27.9%)
    prune_ceiling[outer=10]: settle_avg=4949 heuristic_prunable_avg=935 (18.9%) vs oracle_zero_load=31.3%
    settle_hist[outer=10]: <100: 23166nets/0.3%work  <1k: 31146nets/2.1%work  <5k: 24033nets/11.7%work  <20k: 18730nets/38.4%work  <60k: 7979nets/46.6%work  >=60k: 63nets/0.8%work
    fanout_hist[outer=10]: fan1: 43710nets/13.5%work  fan2-4: 48279nets/49.8%work  fan5-16: 12974nets/35.8%work  fan17-64: 154nets/1.0%work  fan65-256: 0nets/0.0%work  fan>256: 0nets/0.0%work
    rss_probe[outer=10]: pre_post_solve=4710MB post_post_solve=4722MB after_apply=4722MB
    E_decomp: base=17699391.3 eff=20764292.4 cong=3064901.1 cong_share=14.8% sat_pipes=516537 max_util=987.60  R_buckets: 1-2x=2526084 2-10x=36319 10-100x=0 >=100x=0
    E_potential: beckmann=5076477860860.5 history_total=0.0
    SpanCache: epoch=11 entries=2396 lookups=2562403 hits=2560007 misses=2396 hit_rate=99.9%
  DCD  10: nets=105117 line=11126013 energy=1768489.174 dE=-45506.377 friction=3428220.7 bins=1.9x(221) excess=64.2 moved=72067 disp=4.828 solves=105117 skip=105117 pops=520276343 theta=1.210 refresh=50997ms dcd=6584ms total=60061ms
    cache_stats: entries=62673040 capacity=130820424 est_mb=1128 rss_mb=4722
RSS_SAMPLE t=945.1s rss=4722MB hwm=4722MB
RSS_SAMPLE t=945.4s rss=4722MB hwm=4722MB
RSS_SAMPLE t=945.6s rss=4722MB hwm=4722MB
RSS_SAMPLE t=945.9s rss=4722MB hwm=4722MB
RSS_SAMPLE t=946.1s rss=4722MB hwm=4722MB
RSS_SAMPLE t=946.4s rss=4722MB hwm=4722MB
RSS_SAMPLE t=946.6s rss=4722MB hwm=4722MB
RSS_SAMPLE t=946.9s rss=4722MB hwm=4722MB
RSS_SAMPLE t=947.1s rss=4722MB hwm=4722MB
RSS_SAMPLE t=947.4s rss=4722MB hwm=4722MB
    SwitchMatrix: type_usage_pairs=718 lookups=2114 hits=1396 dijkstra_calls=718 avg_us=11.5 total_ms=8.3
PHASE_MARK outer=11 enter=pre_solve rss=4722MB
    rss_probe[outer=11]: pre_refresh_rss=4722MB post_pre_solve_rss=4722MB cache_entries=62673040 cache_cap=130820424 cache_est_mb=1128
    pre_solve_diag[outer=11]: solves=0 fallback=0 (0.0%) cap_armed=0 (0.0%) settle_avg=0 settle_max=0 init_count=245
    Overflow: over=446197 (17.4% of used) avg_excess=0.91 max_excess=1534.86 (nc=1558.86 cap=24 span=1)  excess_buckets: <=1=337654 1-5=99289 5-20=8862 >20=392  by_cap: cap1=318293 cap2=95984 cap3-5=561 cap>5=31359  by_span: s1=547 s2-3=572 s4-6=23083 s7-12=96335 s>12=325660  le1_cross: cap1=263836 cap2-5=66283 cap>5=7535
    Congestion: pipes=2562403 used=2562403 congested(>50%)=1009207 saturated(>90%)=516537 max_util=987.60 avg_util=0.5493
PHASE_MARK outer=11 enter=dcd_sweep rss=4722MB
RSS_SAMPLE t=947.6s rss=4722MB hwm=4722MB
RSS_SAMPLE t=947.9s rss=4722MB hwm=4722MB
RSS_SAMPLE t=948.1s rss=4722MB hwm=4722MB
RSS_SAMPLE t=948.4s rss=4722MB hwm=4722MB
RSS_SAMPLE t=948.6s rss=4722MB hwm=4722MB
RSS_SAMPLE t=948.9s rss=4722MB hwm=4722MB
RSS_SAMPLE t=949.1s rss=4722MB hwm=4722MB
RSS_SAMPLE t=949.4s rss=4722MB hwm=4722MB
RSS_SAMPLE t=949.6s rss=4722MB hwm=4722MB
RSS_SAMPLE t=949.9s rss=4722MB hwm=4722MB
RSS_SAMPLE t=950.1s rss=4722MB hwm=4722MB
RSS_SAMPLE t=950.4s rss=4722MB hwm=4722MB
RSS_SAMPLE t=950.6s rss=4722MB hwm=4722MB
RSS_SAMPLE t=950.9s rss=4722MB hwm=4722MB
RSS_SAMPLE t=951.1s rss=4722MB hwm=4722MB
RSS_SAMPLE t=951.4s rss=4722MB hwm=4722MB
RSS_SAMPLE t=951.6s rss=4722MB hwm=4722MB
RSS_SAMPLE t=951.9s rss=4722MB hwm=4722MB
RSS_SAMPLE t=952.1s rss=4722MB hwm=4722MB
RSS_SAMPLE t=952.4s rss=4722MB hwm=4722MB
RSS_SAMPLE t=952.6s rss=4722MB hwm=4722MB
RSS_SAMPLE t=952.9s rss=4722MB hwm=4722MB
RSS_SAMPLE t=953.1s rss=4722MB hwm=4722MB
RSS_SAMPLE t=953.4s rss=4722MB hwm=4722MB
RSS_SAMPLE t=953.6s rss=4722MB hwm=4722MB
RSS_SAMPLE t=953.9s rss=4722MB hwm=4722MB
PHASE_MARK outer=11 leave=dcd_sweep rss=4722MB
PHASE_MARK outer=11 enter=post_refresh rss=4722MB
RSS_SAMPLE t=954.1s rss=4722MB hwm=4722MB
RSS_SAMPLE t=954.4s rss=4722MB hwm=4722MB
RSS_SAMPLE t=954.6s rss=4722MB hwm=4722MB
RSS_SAMPLE t=954.9s rss=4722MB hwm=4722MB
RSS_SAMPLE t=955.1s rss=4722MB hwm=4722MB
RSS_SAMPLE t=955.4s rss=4722MB hwm=4722MB
RSS_SAMPLE t=955.6s rss=4722MB hwm=4722MB
RSS_SAMPLE t=955.9s rss=4722MB hwm=4722MB
RSS_SAMPLE t=956.1s rss=4722MB hwm=4722MB
RSS_SAMPLE t=956.4s rss=4722MB hwm=4722MB
RSS_SAMPLE t=956.6s rss=4722MB hwm=4722MB
RSS_SAMPLE t=956.9s rss=4722MB hwm=4722MB
RSS_SAMPLE t=957.1s rss=4722MB hwm=4722MB
RSS_SAMPLE t=957.4s rss=4722MB hwm=4722MB
RSS_SAMPLE t=957.6s rss=4722MB hwm=4722MB
RSS_SAMPLE t=957.9s rss=4722MB hwm=4722MB
RSS_SAMPLE t=958.1s rss=4722MB hwm=4722MB
RSS_SAMPLE t=958.4s rss=4722MB hwm=4722MB
RSS_SAMPLE t=958.6s rss=4722MB hwm=4722MB
RSS_SAMPLE t=958.9s rss=4722MB hwm=4722MB
RSS_SAMPLE t=959.1s rss=4722MB hwm=4722MB
RSS_SAMPLE t=959.4s rss=4722MB hwm=4722MB
RSS_SAMPLE t=959.6s rss=4722MB hwm=4722MB
RSS_SAMPLE t=959.9s rss=4722MB hwm=4722MB
RSS_SAMPLE t=960.1s rss=4722MB hwm=4722MB
RSS_SAMPLE t=960.4s rss=4722MB hwm=4722MB
RSS_SAMPLE t=960.7s rss=4722MB hwm=4722MB
RSS_SAMPLE t=960.9s rss=4722MB hwm=4722MB
RSS_SAMPLE t=961.2s rss=4722MB hwm=4722MB
RSS_SAMPLE t=961.4s rss=4722MB hwm=4722MB
RSS_SAMPLE t=961.7s rss=4723MB hwm=4723MB
RSS_SAMPLE t=961.9s rss=4723MB hwm=4723MB
RSS_SAMPLE t=962.2s rss=4723MB hwm=4723MB
RSS_SAMPLE t=962.4s rss=4723MB hwm=4723MB
RSS_SAMPLE t=962.7s rss=4723MB hwm=4723MB
RSS_SAMPLE t=962.9s rss=4723MB hwm=4723MB
RSS_SAMPLE t=963.2s rss=4723MB hwm=4723MB
RSS_SAMPLE t=963.4s rss=4724MB hwm=4724MB
RSS_SAMPLE t=963.7s rss=4724MB hwm=4724MB
RSS_SAMPLE t=963.9s rss=4724MB hwm=4724MB
RSS_SAMPLE t=964.2s rss=4724MB hwm=4724MB
RSS_SAMPLE t=964.4s rss=4724MB hwm=4724MB
RSS_SAMPLE t=964.7s rss=4724MB hwm=4724MB
RSS_SAMPLE t=964.9s rss=4725MB hwm=4725MB
RSS_SAMPLE t=965.2s rss=4725MB hwm=4725MB
RSS_SAMPLE t=965.4s rss=4725MB hwm=4725MB
RSS_SAMPLE t=965.7s rss=4725MB hwm=4725MB
RSS_SAMPLE t=965.9s rss=4725MB hwm=4725MB
RSS_SAMPLE t=966.2s rss=4725MB hwm=4725MB
RSS_SAMPLE t=966.4s rss=4726MB hwm=4726MB
RSS_SAMPLE t=966.7s rss=4726MB hwm=4726MB
RSS_SAMPLE t=966.9s rss=4726MB hwm=4726MB
RSS_SAMPLE t=967.2s rss=4726MB hwm=4726MB
RSS_SAMPLE t=967.4s rss=4726MB hwm=4726MB
RSS_SAMPLE t=967.7s rss=4726MB hwm=4726MB
RSS_SAMPLE t=967.9s rss=4726MB hwm=4726MB
RSS_SAMPLE t=968.2s rss=4726MB hwm=4726MB
RSS_SAMPLE t=968.4s rss=4726MB hwm=4726MB
RSS_SAMPLE t=968.7s rss=4727MB hwm=4727MB
RSS_SAMPLE t=968.9s rss=4727MB hwm=4727MB
RSS_SAMPLE t=969.2s rss=4727MB hwm=4727MB
RSS_SAMPLE t=969.4s rss=4727MB hwm=4727MB
RSS_SAMPLE t=969.7s rss=4727MB hwm=4727MB
RSS_SAMPLE t=969.9s rss=4727MB hwm=4727MB
RSS_SAMPLE t=970.2s rss=4727MB hwm=4727MB
RSS_SAMPLE t=970.4s rss=4727MB hwm=4727MB
RSS_SAMPLE t=970.7s rss=4727MB hwm=4727MB
RSS_SAMPLE t=970.9s rss=4727MB hwm=4727MB
RSS_SAMPLE t=971.2s rss=4727MB hwm=4727MB
RSS_SAMPLE t=971.4s rss=4727MB hwm=4727MB
RSS_SAMPLE t=971.7s rss=4727MB hwm=4727MB
RSS_SAMPLE t=971.9s rss=4727MB hwm=4727MB
RSS_SAMPLE t=972.2s rss=4727MB hwm=4727MB
RSS_SAMPLE t=972.4s rss=4727MB hwm=4727MB
RSS_SAMPLE t=972.7s rss=4727MB hwm=4727MB
RSS_SAMPLE t=972.9s rss=4727MB hwm=4727MB
RSS_SAMPLE t=973.2s rss=4727MB hwm=4727MB
RSS_SAMPLE t=973.4s rss=4727MB hwm=4727MB
RSS_SAMPLE t=973.7s rss=4727MB hwm=4727MB
RSS_SAMPLE t=973.9s rss=4728MB hwm=4728MB
RSS_SAMPLE t=974.2s rss=4728MB hwm=4728MB
RSS_SAMPLE t=974.4s rss=4728MB hwm=4728MB
RSS_SAMPLE t=974.7s rss=4728MB hwm=4728MB
RSS_SAMPLE t=974.9s rss=4728MB hwm=4728MB
RSS_SAMPLE t=975.2s rss=4728MB hwm=4728MB
RSS_SAMPLE t=975.4s rss=4728MB hwm=4728MB
RSS_SAMPLE t=975.7s rss=4728MB hwm=4728MB
RSS_SAMPLE t=975.9s rss=4728MB hwm=4728MB
RSS_SAMPLE t=976.2s rss=4728MB hwm=4728MB
RSS_SAMPLE t=976.4s rss=4728MB hwm=4728MB
RSS_SAMPLE t=976.7s rss=4728MB hwm=4728MB
RSS_SAMPLE t=976.9s rss=4728MB hwm=4728MB
RSS_SAMPLE t=977.2s rss=4728MB hwm=4728MB
RSS_SAMPLE t=977.4s rss=4728MB hwm=4728MB
RSS_SAMPLE t=977.7s rss=4728MB hwm=4728MB
RSS_SAMPLE t=977.9s rss=4728MB hwm=4728MB
RSS_SAMPLE t=978.2s rss=4728MB hwm=4728MB
RSS_SAMPLE t=978.4s rss=4728MB hwm=4728MB
RSS_SAMPLE t=978.7s rss=4728MB hwm=4728MB
RSS_SAMPLE t=978.9s rss=4729MB hwm=4729MB
RSS_SAMPLE t=979.2s rss=4729MB hwm=4729MB
RSS_SAMPLE t=979.4s rss=4729MB hwm=4729MB
RSS_SAMPLE t=979.7s rss=4729MB hwm=4729MB
RSS_SAMPLE t=979.9s rss=4729MB hwm=4729MB
RSS_SAMPLE t=980.2s rss=4729MB hwm=4729MB
RSS_SAMPLE t=980.4s rss=4729MB hwm=4729MB
RSS_SAMPLE t=980.7s rss=4729MB hwm=4729MB
RSS_SAMPLE t=980.9s rss=4729MB hwm=4729MB
RSS_SAMPLE t=981.2s rss=4729MB hwm=4729MB
RSS_SAMPLE t=981.4s rss=4729MB hwm=4729MB
RSS_SAMPLE t=981.7s rss=4730MB hwm=4730MB
RSS_SAMPLE t=981.9s rss=4730MB hwm=4730MB
RSS_SAMPLE t=982.2s rss=4730MB hwm=4730MB
RSS_SAMPLE t=982.4s rss=4730MB hwm=4730MB
RSS_SAMPLE t=982.7s rss=4731MB hwm=4731MB
RSS_SAMPLE t=982.9s rss=4731MB hwm=4731MB
RSS_SAMPLE t=983.2s rss=4732MB hwm=4732MB
RSS_SAMPLE t=983.4s rss=4732MB hwm=4732MB
RSS_SAMPLE t=983.7s rss=4732MB hwm=4732MB
RSS_SAMPLE t=983.9s rss=4732MB hwm=4732MB
RSS_SAMPLE t=984.2s rss=4732MB hwm=4732MB
RSS_SAMPLE t=984.4s rss=4732MB hwm=4732MB
RSS_SAMPLE t=984.7s rss=4732MB hwm=4732MB
RSS_SAMPLE t=984.9s rss=4732MB hwm=4732MB
RSS_SAMPLE t=985.2s rss=4732MB hwm=4732MB
RSS_SAMPLE t=985.4s rss=4732MB hwm=4732MB
RSS_SAMPLE t=985.7s rss=4732MB hwm=4732MB
RSS_SAMPLE t=985.9s rss=4732MB hwm=4732MB
RSS_SAMPLE t=986.2s rss=4732MB hwm=4732MB
RSS_SAMPLE t=986.4s rss=4732MB hwm=4732MB
RSS_SAMPLE t=986.7s rss=4732MB hwm=4732MB
RSS_SAMPLE t=986.9s rss=4732MB hwm=4732MB
RSS_SAMPLE t=987.2s rss=4732MB hwm=4732MB
RSS_SAMPLE t=987.4s rss=4732MB hwm=4732MB
RSS_SAMPLE t=987.7s rss=4732MB hwm=4732MB
RSS_SAMPLE t=987.9s rss=4732MB hwm=4732MB
RSS_SAMPLE t=988.2s rss=4732MB hwm=4732MB
RSS_SAMPLE t=988.4s rss=4732MB hwm=4732MB
RSS_SAMPLE t=988.7s rss=4732MB hwm=4732MB
RSS_SAMPLE t=988.9s rss=4732MB hwm=4732MB
RSS_SAMPLE t=989.2s rss=4732MB hwm=4732MB
RSS_SAMPLE t=989.4s rss=4732MB hwm=4732MB
RSS_SAMPLE t=989.7s rss=4732MB hwm=4732MB
RSS_SAMPLE t=989.9s rss=4732MB hwm=4732MB
RSS_SAMPLE t=990.2s rss=4732MB hwm=4732MB
RSS_SAMPLE t=990.4s rss=4732MB hwm=4732MB
RSS_SAMPLE t=990.7s rss=4732MB hwm=4732MB
RSS_SAMPLE t=990.9s rss=4732MB hwm=4732MB
RSS_SAMPLE t=991.2s rss=4732MB hwm=4732MB
RSS_SAMPLE t=991.4s rss=4732MB hwm=4732MB
RSS_SAMPLE t=991.7s rss=4732MB hwm=4732MB
RSS_SAMPLE t=991.9s rss=4732MB hwm=4732MB
RSS_SAMPLE t=992.2s rss=4732MB hwm=4732MB
RSS_SAMPLE t=992.4s rss=4732MB hwm=4732MB
RSS_SAMPLE t=992.7s rss=4732MB hwm=4732MB
RSS_SAMPLE t=992.9s rss=4732MB hwm=4732MB
RSS_SAMPLE t=993.2s rss=4732MB hwm=4732MB
RSS_SAMPLE t=993.4s rss=4732MB hwm=4732MB
RSS_SAMPLE t=993.7s rss=4732MB hwm=4732MB
RSS_SAMPLE t=993.9s rss=4732MB hwm=4732MB
RSS_SAMPLE t=994.2s rss=4732MB hwm=4732MB
RSS_SAMPLE t=994.4s rss=4732MB hwm=4732MB
RSS_SAMPLE t=994.7s rss=4732MB hwm=4732MB
RSS_SAMPLE t=994.9s rss=4732MB hwm=4732MB
RSS_SAMPLE t=995.2s rss=4732MB hwm=4732MB
RSS_SAMPLE t=995.4s rss=4732MB hwm=4732MB
RSS_SAMPLE t=995.7s rss=4732MB hwm=4732MB
RSS_SAMPLE t=995.9s rss=4732MB hwm=4732MB
RSS_SAMPLE t=996.2s rss=4732MB hwm=4732MB
RSS_SAMPLE t=996.4s rss=4732MB hwm=4732MB
RSS_SAMPLE t=996.7s rss=4732MB hwm=4732MB
RSS_SAMPLE t=996.9s rss=4732MB hwm=4732MB
RSS_SAMPLE t=997.2s rss=4732MB hwm=4732MB
RSS_SAMPLE t=997.4s rss=4732MB hwm=4732MB
RSS_SAMPLE t=997.7s rss=4732MB hwm=4732MB
RSS_SAMPLE t=997.9s rss=4732MB hwm=4732MB
RSS_SAMPLE t=998.2s rss=4732MB hwm=4732MB
RSS_SAMPLE t=998.4s rss=4732MB hwm=4732MB
RSS_SAMPLE t=998.7s rss=4732MB hwm=4732MB
RSS_SAMPLE t=998.9s rss=4732MB hwm=4732MB
RSS_SAMPLE t=999.2s rss=4732MB hwm=4732MB
RSS_SAMPLE t=999.4s rss=4732MB hwm=4732MB
RSS_SAMPLE t=999.7s rss=4732MB hwm=4732MB
RSS_SAMPLE t=999.9s rss=4732MB hwm=4732MB
RSS_SAMPLE t=1000.2s rss=4732MB hwm=4732MB
RSS_SAMPLE t=1000.4s rss=4732MB hwm=4732MB
RSS_SAMPLE t=1000.7s rss=4732MB hwm=4732MB
RSS_SAMPLE t=1000.9s rss=4732MB hwm=4732MB
RSS_SAMPLE t=1001.2s rss=4732MB hwm=4732MB
RSS_SAMPLE t=1001.4s rss=4732MB hwm=4732MB
RSS_SAMPLE t=1001.7s rss=4732MB hwm=4732MB
RSS_SAMPLE t=1001.9s rss=4732MB hwm=4732MB
RSS_SAMPLE t=1002.2s rss=4732MB hwm=4732MB
RSS_SAMPLE t=1002.4s rss=4732MB hwm=4732MB
RSS_SAMPLE t=1002.7s rss=4732MB hwm=4732MB
MEM_POOL: workspaces=32 dense_usage_mb=1251 n_pipes=2562403
    post_solve_diag[outer=11]: solves=105117 cap_armed=105117 (100.0%) settle_avg=4654 above_sink_avg=246 (5.3%) settle_max=69353
    load_support[outer=11]: settle_avg=4654 load_nz_avg=3160 (67.9%) load_material_avg=1291 (27.7%)
    prune_ceiling[outer=11]: settle_avg=4654 heuristic_prunable_avg=804 (17.3%) vs oracle_zero_load=32.1%
    settle_hist[outer=11]: <100: 23415nets/0.3%work  <1k: 31665nets/2.3%work  <5k: 24032nets/12.5%work  <20k: 18871nets/40.8%work  <60k: 7086nets/43.4%work  >=60k: 48nets/0.6%work
    fanout_hist[outer=11]: fan1: 43710nets/13.6%work  fan2-4: 48279nets/49.7%work  fan5-16: 12974nets/35.7%work  fan17-64: 154nets/1.0%work  fan65-256: 0nets/0.0%work  fan>256: 0nets/0.0%work
    rss_probe[outer=11]: pre_post_solve=4722MB post_post_solve=4732MB after_apply=4732MB
    E_decomp: base=17172669.9 eff=20117669.5 cong=2944999.6 cong_share=14.6% sat_pipes=497605 max_util=901.59  R_buckets: 1-2x=2510853 2-10x=51550 10-100x=0 >=100x=0
    E_potential: beckmann=3197797820885.0 history_total=0.0
    SpanCache: epoch=12 entries=2114 lookups=2562403 hits=2560289 misses=2114 hit_rate=99.9%
  DCD  11: nets=105117 line=10652753 energy=1703976.722 dE=-64512.452 friction=3169326.6 bins=1.9x(187) excess=53.4 moved=72284 disp=4.643 solves=105117 skip=105117 pops=489186953 theta=1.416 refresh=48841ms dcd=6529ms total=57842ms
    cache_stats: entries=62218062 capacity=131643568 est_mb=1135 rss_mb=4732
RSS_SAMPLE t=1002.9s rss=4732MB hwm=4732MB
RSS_SAMPLE t=1003.2s rss=4732MB hwm=4732MB
RSS_SAMPLE t=1003.4s rss=4732MB hwm=4732MB
RSS_SAMPLE t=1003.7s rss=4732MB hwm=4732MB
RSS_SAMPLE t=1003.9s rss=4732MB hwm=4732MB
RSS_SAMPLE t=1004.2s rss=4732MB hwm=4732MB
RSS_SAMPLE t=1004.4s rss=4732MB hwm=4732MB
RSS_SAMPLE t=1004.7s rss=4732MB hwm=4732MB
RSS_SAMPLE t=1004.9s rss=4732MB hwm=4732MB
RSS_SAMPLE t=1005.2s rss=4732MB hwm=4732MB
RSS_SAMPLE t=1005.4s rss=4732MB hwm=4732MB
    SwitchMatrix: type_usage_pairs=753 lookups=2263 hits=1510 dijkstra_calls=753 avg_us=12.1 total_ms=9.1
PHASE_MARK outer=12 enter=pre_solve rss=4732MB
    rss_probe[outer=12]: pre_refresh_rss=4732MB post_pre_solve_rss=4732MB cache_entries=62218062 cache_cap=131643568 cache_est_mb=1135
    pre_solve_diag[outer=12]: solves=0 fallback=0 (0.0%) cap_armed=0 (0.0%) settle_avg=0 settle_max=0 init_count=239
    Overflow: over=433141 (16.9% of used) avg_excess=0.98 max_excess=1478.37 (nc=1502.37 cap=24 span=1)  excess_buckets: <=1=314661 1-5=108748 5-20=9180 >20=552  by_cap: cap1=305640 cap2=97506 cap3-5=543 cap>5=29452  by_span: s1=530 s2-3=555 s4-6=22783 s7-12=95924 s>12=313349  le1_cross: cap1=250482 cap2-5=57275 cap>5=6904
    Congestion: pipes=2562403 used=2562403 congested(>50%)=957123 saturated(>90%)=497605 max_util=901.59 avg_util=0.5357
PHASE_MARK outer=12 enter=dcd_sweep rss=4732MB
RSS_SAMPLE t=1005.7s rss=4732MB hwm=4732MB
RSS_SAMPLE t=1005.9s rss=4732MB hwm=4732MB
RSS_SAMPLE t=1006.2s rss=4732MB hwm=4732MB
RSS_SAMPLE t=1006.4s rss=4732MB hwm=4732MB
RSS_SAMPLE t=1006.7s rss=4732MB hwm=4732MB
RSS_SAMPLE t=1006.9s rss=4732MB hwm=4732MB
RSS_SAMPLE t=1007.2s rss=4732MB hwm=4732MB
RSS_SAMPLE t=1007.4s rss=4732MB hwm=4732MB
RSS_SAMPLE t=1007.7s rss=4732MB hwm=4732MB
RSS_SAMPLE t=1007.9s rss=4732MB hwm=4732MB
RSS_SAMPLE t=1008.2s rss=4732MB hwm=4732MB
RSS_SAMPLE t=1008.4s rss=4732MB hwm=4732MB
RSS_SAMPLE t=1008.7s rss=4732MB hwm=4732MB
RSS_SAMPLE t=1008.9s rss=4732MB hwm=4732MB
RSS_SAMPLE t=1009.2s rss=4732MB hwm=4732MB
RSS_SAMPLE t=1009.4s rss=4732MB hwm=4732MB
RSS_SAMPLE t=1009.7s rss=4732MB hwm=4732MB
RSS_SAMPLE t=1009.9s rss=4732MB hwm=4732MB
RSS_SAMPLE t=1010.2s rss=4732MB hwm=4732MB
RSS_SAMPLE t=1010.4s rss=4732MB hwm=4732MB
RSS_SAMPLE t=1010.7s rss=4732MB hwm=4732MB
RSS_SAMPLE t=1010.9s rss=4732MB hwm=4732MB
RSS_SAMPLE t=1011.2s rss=4732MB hwm=4732MB
RSS_SAMPLE t=1011.4s rss=4732MB hwm=4732MB
RSS_SAMPLE t=1011.7s rss=4732MB hwm=4732MB
RSS_SAMPLE t=1011.9s rss=4732MB hwm=4732MB
RSS_SAMPLE t=1012.2s rss=4732MB hwm=4732MB
PHASE_MARK outer=12 leave=dcd_sweep rss=4732MB
PHASE_MARK outer=12 enter=post_refresh rss=4732MB
RSS_SAMPLE t=1012.4s rss=4733MB hwm=4733MB
RSS_SAMPLE t=1012.7s rss=4733MB hwm=4733MB
RSS_SAMPLE t=1012.9s rss=4733MB hwm=4733MB
RSS_SAMPLE t=1013.2s rss=4733MB hwm=4733MB
RSS_SAMPLE t=1013.4s rss=4733MB hwm=4733MB
RSS_SAMPLE t=1013.7s rss=4733MB hwm=4733MB
RSS_SAMPLE t=1013.9s rss=4733MB hwm=4733MB
RSS_SAMPLE t=1014.2s rss=4733MB hwm=4733MB
RSS_SAMPLE t=1014.4s rss=4733MB hwm=4733MB
RSS_SAMPLE t=1014.7s rss=4733MB hwm=4733MB
RSS_SAMPLE t=1014.9s rss=4733MB hwm=4733MB
RSS_SAMPLE t=1015.2s rss=4733MB hwm=4733MB
RSS_SAMPLE t=1015.4s rss=4733MB hwm=4733MB
RSS_SAMPLE t=1015.7s rss=4733MB hwm=4733MB
RSS_SAMPLE t=1015.9s rss=4733MB hwm=4733MB
RSS_SAMPLE t=1016.2s rss=4733MB hwm=4733MB
RSS_SAMPLE t=1016.4s rss=4733MB hwm=4733MB
RSS_SAMPLE t=1016.7s rss=4733MB hwm=4733MB
RSS_SAMPLE t=1016.9s rss=4733MB hwm=4733MB
RSS_SAMPLE t=1017.2s rss=4733MB hwm=4733MB
RSS_SAMPLE t=1017.5s rss=4733MB hwm=4733MB
RSS_SAMPLE t=1017.7s rss=4733MB hwm=4733MB
RSS_SAMPLE t=1018.0s rss=4733MB hwm=4733MB
RSS_SAMPLE t=1018.2s rss=4733MB hwm=4733MB
RSS_SAMPLE t=1018.5s rss=4733MB hwm=4733MB
RSS_SAMPLE t=1018.7s rss=4733MB hwm=4733MB
RSS_SAMPLE t=1019.0s rss=4733MB hwm=4733MB
RSS_SAMPLE t=1019.2s rss=4733MB hwm=4733MB
RSS_SAMPLE t=1019.5s rss=4733MB hwm=4733MB
RSS_SAMPLE t=1019.7s rss=4733MB hwm=4733MB
RSS_SAMPLE t=1020.0s rss=4734MB hwm=4734MB
RSS_SAMPLE t=1020.2s rss=4734MB hwm=4734MB
RSS_SAMPLE t=1020.5s rss=4734MB hwm=4734MB
RSS_SAMPLE t=1020.7s rss=4734MB hwm=4734MB
RSS_SAMPLE t=1021.0s rss=4734MB hwm=4734MB
RSS_SAMPLE t=1021.2s rss=4734MB hwm=4734MB
RSS_SAMPLE t=1021.5s rss=4734MB hwm=4734MB
RSS_SAMPLE t=1021.7s rss=4734MB hwm=4734MB
RSS_SAMPLE t=1022.0s rss=4734MB hwm=4734MB
RSS_SAMPLE t=1022.2s rss=4734MB hwm=4734MB
RSS_SAMPLE t=1022.5s rss=4735MB hwm=4735MB
RSS_SAMPLE t=1022.7s rss=4735MB hwm=4735MB
RSS_SAMPLE t=1023.0s rss=4735MB hwm=4735MB
RSS_SAMPLE t=1023.2s rss=4735MB hwm=4735MB
RSS_SAMPLE t=1023.5s rss=4735MB hwm=4735MB
RSS_SAMPLE t=1023.7s rss=4735MB hwm=4735MB
RSS_SAMPLE t=1024.0s rss=4735MB hwm=4735MB
RSS_SAMPLE t=1024.2s rss=4735MB hwm=4735MB
RSS_SAMPLE t=1024.5s rss=4735MB hwm=4735MB
RSS_SAMPLE t=1024.7s rss=4735MB hwm=4735MB
RSS_SAMPLE t=1025.0s rss=4735MB hwm=4735MB
RSS_SAMPLE t=1025.2s rss=4735MB hwm=4735MB
RSS_SAMPLE t=1025.5s rss=4735MB hwm=4735MB
RSS_SAMPLE t=1025.7s rss=4735MB hwm=4735MB
RSS_SAMPLE t=1026.0s rss=4735MB hwm=4735MB
RSS_SAMPLE t=1026.2s rss=4735MB hwm=4735MB
RSS_SAMPLE t=1026.5s rss=4735MB hwm=4735MB
RSS_SAMPLE t=1026.7s rss=4735MB hwm=4735MB
RSS_SAMPLE t=1027.0s rss=4735MB hwm=4735MB
RSS_SAMPLE t=1027.2s rss=4735MB hwm=4735MB
RSS_SAMPLE t=1027.5s rss=4735MB hwm=4735MB
RSS_SAMPLE t=1027.7s rss=4735MB hwm=4735MB
RSS_SAMPLE t=1028.0s rss=4735MB hwm=4735MB
RSS_SAMPLE t=1028.2s rss=4735MB hwm=4735MB
RSS_SAMPLE t=1028.5s rss=4735MB hwm=4735MB
RSS_SAMPLE t=1028.7s rss=4735MB hwm=4735MB
RSS_SAMPLE t=1029.0s rss=4735MB hwm=4735MB
RSS_SAMPLE t=1029.2s rss=4735MB hwm=4735MB
RSS_SAMPLE t=1029.5s rss=4735MB hwm=4735MB
RSS_SAMPLE t=1029.7s rss=4735MB hwm=4735MB
RSS_SAMPLE t=1030.0s rss=4735MB hwm=4735MB
RSS_SAMPLE t=1030.2s rss=4735MB hwm=4735MB
RSS_SAMPLE t=1030.5s rss=4735MB hwm=4735MB
RSS_SAMPLE t=1030.7s rss=4735MB hwm=4735MB
RSS_SAMPLE t=1031.0s rss=4735MB hwm=4735MB
RSS_SAMPLE t=1031.2s rss=4735MB hwm=4735MB
RSS_SAMPLE t=1031.5s rss=4736MB hwm=4736MB
RSS_SAMPLE t=1031.7s rss=4736MB hwm=4736MB
RSS_SAMPLE t=1032.0s rss=4736MB hwm=4736MB
RSS_SAMPLE t=1032.2s rss=4736MB hwm=4736MB
RSS_SAMPLE t=1032.5s rss=4736MB hwm=4736MB
RSS_SAMPLE t=1032.7s rss=4736MB hwm=4736MB
RSS_SAMPLE t=1033.0s rss=4737MB hwm=4737MB
RSS_SAMPLE t=1033.2s rss=4737MB hwm=4737MB
RSS_SAMPLE t=1033.5s rss=4737MB hwm=4737MB
RSS_SAMPLE t=1033.7s rss=4737MB hwm=4737MB
RSS_SAMPLE t=1034.0s rss=4737MB hwm=4737MB
RSS_SAMPLE t=1034.2s rss=4737MB hwm=4737MB
RSS_SAMPLE t=1034.5s rss=4738MB hwm=4738MB
RSS_SAMPLE t=1034.7s rss=4738MB hwm=4738MB
RSS_SAMPLE t=1035.0s rss=4738MB hwm=4738MB
RSS_SAMPLE t=1035.2s rss=4738MB hwm=4738MB
RSS_SAMPLE t=1035.5s rss=4738MB hwm=4738MB
RSS_SAMPLE t=1035.7s rss=4738MB hwm=4738MB
RSS_SAMPLE t=1036.0s rss=4738MB hwm=4738MB
RSS_SAMPLE t=1036.2s rss=4738MB hwm=4738MB
RSS_SAMPLE t=1036.5s rss=4738MB hwm=4738MB
RSS_SAMPLE t=1036.7s rss=4738MB hwm=4738MB
RSS_SAMPLE t=1037.0s rss=4738MB hwm=4738MB
RSS_SAMPLE t=1037.2s rss=4738MB hwm=4738MB
RSS_SAMPLE t=1037.5s rss=4738MB hwm=4738MB
RSS_SAMPLE t=1037.7s rss=4738MB hwm=4738MB
RSS_SAMPLE t=1038.0s rss=4738MB hwm=4738MB
RSS_SAMPLE t=1038.2s rss=4738MB hwm=4738MB
RSS_SAMPLE t=1038.5s rss=4739MB hwm=4739MB
RSS_SAMPLE t=1038.7s rss=4739MB hwm=4739MB
RSS_SAMPLE t=1039.0s rss=4739MB hwm=4739MB
RSS_SAMPLE t=1039.2s rss=4739MB hwm=4739MB
RSS_SAMPLE t=1039.5s rss=4739MB hwm=4739MB
RSS_SAMPLE t=1039.7s rss=4739MB hwm=4739MB
RSS_SAMPLE t=1040.0s rss=4739MB hwm=4739MB
RSS_SAMPLE t=1040.2s rss=4739MB hwm=4739MB
RSS_SAMPLE t=1040.5s rss=4739MB hwm=4739MB
RSS_SAMPLE t=1040.7s rss=4739MB hwm=4739MB
RSS_SAMPLE t=1041.0s rss=4739MB hwm=4739MB
RSS_SAMPLE t=1041.2s rss=4739MB hwm=4739MB
RSS_SAMPLE t=1041.5s rss=4739MB hwm=4739MB
RSS_SAMPLE t=1041.7s rss=4739MB hwm=4739MB
RSS_SAMPLE t=1042.0s rss=4739MB hwm=4739MB
RSS_SAMPLE t=1042.2s rss=4739MB hwm=4739MB
RSS_SAMPLE t=1042.5s rss=4739MB hwm=4739MB
RSS_SAMPLE t=1042.7s rss=4739MB hwm=4739MB
RSS_SAMPLE t=1043.0s rss=4739MB hwm=4739MB
RSS_SAMPLE t=1043.2s rss=4739MB hwm=4739MB
RSS_SAMPLE t=1043.5s rss=4739MB hwm=4739MB
RSS_SAMPLE t=1043.7s rss=4739MB hwm=4739MB
RSS_SAMPLE t=1044.0s rss=4739MB hwm=4739MB
RSS_SAMPLE t=1044.2s rss=4739MB hwm=4739MB
RSS_SAMPLE t=1044.5s rss=4739MB hwm=4739MB
RSS_SAMPLE t=1044.7s rss=4739MB hwm=4739MB
RSS_SAMPLE t=1045.0s rss=4739MB hwm=4739MB
RSS_SAMPLE t=1045.2s rss=4739MB hwm=4739MB
RSS_SAMPLE t=1045.5s rss=4739MB hwm=4739MB
RSS_SAMPLE t=1045.7s rss=4739MB hwm=4739MB
RSS_SAMPLE t=1046.0s rss=4739MB hwm=4739MB
RSS_SAMPLE t=1046.2s rss=4739MB hwm=4739MB
RSS_SAMPLE t=1046.5s rss=4739MB hwm=4739MB
RSS_SAMPLE t=1046.7s rss=4739MB hwm=4739MB
RSS_SAMPLE t=1047.0s rss=4739MB hwm=4739MB
RSS_SAMPLE t=1047.2s rss=4739MB hwm=4739MB
RSS_SAMPLE t=1047.5s rss=4739MB hwm=4739MB
RSS_SAMPLE t=1047.7s rss=4739MB hwm=4739MB
RSS_SAMPLE t=1048.0s rss=4739MB hwm=4739MB
RSS_SAMPLE t=1048.2s rss=4739MB hwm=4739MB
RSS_SAMPLE t=1048.5s rss=4739MB hwm=4739MB
RSS_SAMPLE t=1048.7s rss=4739MB hwm=4739MB
RSS_SAMPLE t=1049.0s rss=4739MB hwm=4739MB
RSS_SAMPLE t=1049.2s rss=4739MB hwm=4739MB
RSS_SAMPLE t=1049.5s rss=4739MB hwm=4739MB
RSS_SAMPLE t=1049.7s rss=4739MB hwm=4739MB
RSS_SAMPLE t=1050.0s rss=4739MB hwm=4739MB
RSS_SAMPLE t=1050.2s rss=4739MB hwm=4739MB
RSS_SAMPLE t=1050.5s rss=4739MB hwm=4739MB
RSS_SAMPLE t=1050.7s rss=4739MB hwm=4739MB
RSS_SAMPLE t=1051.0s rss=4739MB hwm=4739MB
RSS_SAMPLE t=1051.2s rss=4739MB hwm=4739MB
RSS_SAMPLE t=1051.5s rss=4739MB hwm=4739MB
RSS_SAMPLE t=1051.7s rss=4739MB hwm=4739MB
RSS_SAMPLE t=1052.0s rss=4739MB hwm=4739MB
RSS_SAMPLE t=1052.2s rss=4739MB hwm=4739MB
RSS_SAMPLE t=1052.5s rss=4739MB hwm=4739MB
RSS_SAMPLE t=1052.7s rss=4739MB hwm=4739MB
RSS_SAMPLE t=1053.0s rss=4739MB hwm=4739MB
RSS_SAMPLE t=1053.2s rss=4739MB hwm=4739MB
RSS_SAMPLE t=1053.5s rss=4739MB hwm=4739MB
RSS_SAMPLE t=1053.7s rss=4739MB hwm=4739MB
RSS_SAMPLE t=1054.0s rss=4739MB hwm=4739MB
RSS_SAMPLE t=1054.2s rss=4739MB hwm=4739MB
RSS_SAMPLE t=1054.5s rss=4739MB hwm=4739MB
RSS_SAMPLE t=1054.7s rss=4739MB hwm=4739MB
RSS_SAMPLE t=1055.0s rss=4739MB hwm=4739MB
RSS_SAMPLE t=1055.2s rss=4739MB hwm=4739MB
RSS_SAMPLE t=1055.5s rss=4739MB hwm=4739MB
RSS_SAMPLE t=1055.7s rss=4739MB hwm=4739MB
RSS_SAMPLE t=1056.0s rss=4739MB hwm=4739MB
RSS_SAMPLE t=1056.2s rss=4739MB hwm=4739MB
RSS_SAMPLE t=1056.5s rss=4739MB hwm=4739MB
RSS_SAMPLE t=1056.7s rss=4739MB hwm=4739MB
RSS_SAMPLE t=1057.0s rss=4739MB hwm=4739MB
RSS_SAMPLE t=1057.2s rss=4739MB hwm=4739MB
RSS_SAMPLE t=1057.5s rss=4739MB hwm=4739MB
RSS_SAMPLE t=1057.7s rss=4739MB hwm=4739MB
RSS_SAMPLE t=1058.0s rss=4739MB hwm=4739MB
RSS_SAMPLE t=1058.2s rss=4739MB hwm=4739MB
RSS_SAMPLE t=1058.5s rss=4739MB hwm=4739MB
RSS_SAMPLE t=1058.7s rss=4739MB hwm=4739MB
RSS_SAMPLE t=1059.0s rss=4739MB hwm=4739MB
RSS_SAMPLE t=1059.2s rss=4739MB hwm=4739MB
RSS_SAMPLE t=1059.5s rss=4739MB hwm=4739MB
RSS_SAMPLE t=1059.7s rss=4739MB hwm=4739MB
MEM_POOL: workspaces=32 dense_usage_mb=1251 n_pipes=2562403
    post_solve_diag[outer=12]: solves=105117 cap_armed=105117 (100.0%) settle_avg=4382 above_sink_avg=243 (5.5%) settle_max=69353
    load_support[outer=12]: settle_avg=4382 load_nz_avg=3033 (69.2%) load_material_avg=1317 (30.0%)
    prune_ceiling[outer=12]: settle_avg=4382 heuristic_prunable_avg=695 (15.9%) vs oracle_zero_load=30.8%
    settle_hist[outer=12]: <100: 23702nets/0.4%work  <1k: 32171nets/2.5%work  <5k: 24120nets/13.4%work  <20k: 18866nets/43.0%work  <60k: 6221nets/40.2%work  >=60k: 37nets/0.5%work
    fanout_hist[outer=12]: fan1: 43710nets/13.7%work  fan2-4: 48279nets/49.6%work  fan5-16: 12974nets/35.6%work  fan17-64: 154nets/1.0%work  fan65-256: 0nets/0.0%work  fan>256: 0nets/0.0%work
RSS_SAMPLE t=1060.0s rss=4739MB hwm=4739MB
    rss_probe[outer=12]: pre_post_solve=4733MB post_post_solve=4739MB after_apply=4739MB
    E_decomp: base=16536226.4 eff=19479967.7 cong=2943741.3 cong_share=15.1% sat_pipes=472276 max_util=918.65  R_buckets: 1-2x=2519443 2-10x=42960 10-100x=0 >=100x=0
    E_potential: beckmann=3139764582698.4 history_total=0.0
    SpanCache: epoch=13 entries=2263 lookups=2562403 hits=2560140 misses=2263 hit_rate=99.9%
  DCD  12: nets=105117 line=10198930 energy=1651012.151 dE=-52964.570 friction=3009848.0 bins=2.0x(176) excess=48.1 moved=72528 disp=4.414 solves=105117 skip=105117 pops=460671676 theta=1.658 refresh=47781ms dcd=6767ms total=57151ms
    cache_stats: entries=61682136 capacity=132247528 est_mb=1140 rss_mb=4739
RSS_SAMPLE t=1060.2s rss=4739MB hwm=4739MB
RSS_SAMPLE t=1060.5s rss=4739MB hwm=4739MB
RSS_SAMPLE t=1060.7s rss=4739MB hwm=4739MB
RSS_SAMPLE t=1061.0s rss=4739MB hwm=4739MB
RSS_SAMPLE t=1061.2s rss=4739MB hwm=4739MB
RSS_SAMPLE t=1061.5s rss=4739MB hwm=4739MB
RSS_SAMPLE t=1061.7s rss=4739MB hwm=4739MB
RSS_SAMPLE t=1062.0s rss=4739MB hwm=4739MB
RSS_SAMPLE t=1062.2s rss=4739MB hwm=4739MB
RSS_SAMPLE t=1062.5s rss=4739MB hwm=4739MB
    SwitchMatrix: type_usage_pairs=745 lookups=2169 hits=1424 dijkstra_calls=745 avg_us=11.5 total_ms=8.6
PHASE_MARK outer=13 enter=pre_solve rss=4739MB
    rss_probe[outer=13]: pre_refresh_rss=4739MB post_pre_solve_rss=4739MB cache_entries=61682136 cache_cap=132247528 cache_est_mb=1140
    pre_solve_diag[outer=13]: solves=0 fallback=0 (0.0%) cap_armed=0 (0.0%) settle_avg=0 settle_max=0 init_count=242
    Overflow: over=412590 (16.1% of used) avg_excess=0.97 max_excess=1414.53 (nc=1438.53 cap=24 span=1)  excess_buckets: <=1=300972 1-5=101338 5-20=9843 >20=437  by_cap: cap1=287155 cap2=98290 cap3-5=547 cap>5=26598  by_span: s1=507 s2-3=474 s4-6=21184 s7-12=95149 s>12=295276  le1_cross: cap1=233423 cap2-5=61805 cap>5=5744
    Congestion: pipes=2562403 used=2562403 congested(>50%)=897632 saturated(>90%)=472276 max_util=918.65 avg_util=0.5124
PHASE_MARK outer=13 enter=dcd_sweep rss=4739MB
RSS_SAMPLE t=1062.7s rss=4739MB hwm=4739MB
RSS_SAMPLE t=1063.0s rss=4739MB hwm=4739MB
RSS_SAMPLE t=1063.3s rss=4739MB hwm=4739MB
RSS_SAMPLE t=1063.5s rss=4739MB hwm=4739MB
RSS_SAMPLE t=1063.8s rss=4739MB hwm=4739MB
RSS_SAMPLE t=1064.0s rss=4739MB hwm=4739MB
RSS_SAMPLE t=1064.3s rss=4739MB hwm=4739MB
RSS_SAMPLE t=1064.5s rss=4739MB hwm=4739MB
RSS_SAMPLE t=1064.8s rss=4739MB hwm=4739MB
RSS_SAMPLE t=1065.0s rss=4739MB hwm=4739MB
RSS_SAMPLE t=1065.3s rss=4739MB hwm=4739MB
RSS_SAMPLE t=1065.5s rss=4739MB hwm=4739MB
RSS_SAMPLE t=1065.8s rss=4739MB hwm=4739MB
RSS_SAMPLE t=1066.0s rss=4739MB hwm=4739MB
RSS_SAMPLE t=1066.3s rss=4739MB hwm=4739MB
RSS_SAMPLE t=1066.5s rss=4739MB hwm=4739MB
RSS_SAMPLE t=1066.8s rss=4739MB hwm=4739MB
RSS_SAMPLE t=1067.0s rss=4739MB hwm=4739MB
RSS_SAMPLE t=1067.3s rss=4739MB hwm=4739MB
RSS_SAMPLE t=1067.5s rss=4739MB hwm=4739MB
RSS_SAMPLE t=1067.8s rss=4739MB hwm=4739MB
RSS_SAMPLE t=1068.0s rss=4739MB hwm=4739MB
RSS_SAMPLE t=1068.3s rss=4739MB hwm=4739MB
RSS_SAMPLE t=1068.5s rss=4739MB hwm=4739MB
RSS_SAMPLE t=1068.8s rss=4739MB hwm=4739MB
RSS_SAMPLE t=1069.0s rss=4739MB hwm=4739MB
PHASE_MARK outer=13 leave=dcd_sweep rss=4739MB
PHASE_MARK outer=13 enter=post_refresh rss=4739MB
RSS_SAMPLE t=1069.3s rss=4740MB hwm=4740MB
RSS_SAMPLE t=1069.5s rss=4740MB hwm=4740MB
RSS_SAMPLE t=1069.8s rss=4740MB hwm=4740MB
RSS_SAMPLE t=1070.0s rss=4740MB hwm=4740MB
RSS_SAMPLE t=1070.3s rss=4740MB hwm=4740MB
RSS_SAMPLE t=1070.5s rss=4740MB hwm=4740MB
RSS_SAMPLE t=1070.8s rss=4740MB hwm=4740MB
RSS_SAMPLE t=1071.0s rss=4740MB hwm=4740MB
RSS_SAMPLE t=1071.3s rss=4740MB hwm=4740MB
RSS_SAMPLE t=1071.5s rss=4740MB hwm=4740MB
RSS_SAMPLE t=1071.8s rss=4740MB hwm=4740MB
RSS_SAMPLE t=1072.0s rss=4740MB hwm=4740MB
RSS_SAMPLE t=1072.3s rss=4740MB hwm=4740MB
RSS_SAMPLE t=1072.5s rss=4740MB hwm=4740MB
RSS_SAMPLE t=1072.8s rss=4740MB hwm=4740MB
RSS_SAMPLE t=1073.0s rss=4740MB hwm=4740MB
RSS_SAMPLE t=1073.3s rss=4740MB hwm=4740MB
RSS_SAMPLE t=1073.5s rss=4740MB hwm=4740MB
RSS_SAMPLE t=1073.8s rss=4740MB hwm=4740MB
RSS_SAMPLE t=1074.0s rss=4740MB hwm=4740MB
RSS_SAMPLE t=1074.3s rss=4740MB hwm=4740MB
RSS_SAMPLE t=1074.5s rss=4740MB hwm=4740MB
RSS_SAMPLE t=1074.8s rss=4740MB hwm=4740MB
RSS_SAMPLE t=1075.0s rss=4740MB hwm=4740MB
RSS_SAMPLE t=1075.3s rss=4740MB hwm=4740MB
RSS_SAMPLE t=1075.5s rss=4741MB hwm=4741MB
RSS_SAMPLE t=1075.8s rss=4741MB hwm=4741MB
RSS_SAMPLE t=1076.0s rss=4741MB hwm=4741MB
RSS_SAMPLE t=1076.3s rss=4741MB hwm=4741MB
RSS_SAMPLE t=1076.5s rss=4741MB hwm=4741MB
RSS_SAMPLE t=1076.8s rss=4741MB hwm=4741MB
RSS_SAMPLE t=1077.0s rss=4741MB hwm=4741MB
RSS_SAMPLE t=1077.3s rss=4741MB hwm=4741MB
RSS_SAMPLE t=1077.5s rss=4741MB hwm=4741MB
RSS_SAMPLE t=1077.8s rss=4741MB hwm=4741MB
RSS_SAMPLE t=1078.0s rss=4741MB hwm=4741MB
RSS_SAMPLE t=1078.3s rss=4741MB hwm=4741MB
RSS_SAMPLE t=1078.5s rss=4741MB hwm=4741MB
RSS_SAMPLE t=1078.8s rss=4741MB hwm=4741MB
RSS_SAMPLE t=1079.0s rss=4741MB hwm=4741MB
RSS_SAMPLE t=1079.3s rss=4741MB hwm=4741MB
RSS_SAMPLE t=1079.5s rss=4741MB hwm=4741MB
RSS_SAMPLE t=1079.8s rss=4741MB hwm=4741MB
RSS_SAMPLE t=1080.0s rss=4741MB hwm=4741MB
RSS_SAMPLE t=1080.3s rss=4741MB hwm=4741MB
RSS_SAMPLE t=1080.5s rss=4741MB hwm=4741MB
RSS_SAMPLE t=1080.8s rss=4741MB hwm=4741MB
RSS_SAMPLE t=1081.0s rss=4741MB hwm=4741MB
RSS_SAMPLE t=1081.3s rss=4741MB hwm=4741MB
RSS_SAMPLE t=1081.5s rss=4741MB hwm=4741MB
RSS_SAMPLE t=1081.8s rss=4741MB hwm=4741MB
RSS_SAMPLE t=1082.0s rss=4741MB hwm=4741MB
RSS_SAMPLE t=1082.3s rss=4741MB hwm=4741MB
RSS_SAMPLE t=1082.5s rss=4741MB hwm=4741MB
RSS_SAMPLE t=1082.8s rss=4741MB hwm=4741MB
RSS_SAMPLE t=1083.0s rss=4741MB hwm=4741MB
RSS_SAMPLE t=1083.3s rss=4742MB hwm=4742MB
RSS_SAMPLE t=1083.5s rss=4742MB hwm=4742MB
RSS_SAMPLE t=1083.8s rss=4742MB hwm=4742MB
RSS_SAMPLE t=1084.0s rss=4742MB hwm=4742MB
RSS_SAMPLE t=1084.3s rss=4742MB hwm=4742MB
RSS_SAMPLE t=1084.5s rss=4742MB hwm=4742MB
RSS_SAMPLE t=1084.8s rss=4742MB hwm=4742MB
RSS_SAMPLE t=1085.0s rss=4742MB hwm=4742MB
RSS_SAMPLE t=1085.3s rss=4742MB hwm=4742MB
RSS_SAMPLE t=1085.5s rss=4742MB hwm=4742MB
RSS_SAMPLE t=1085.8s rss=4742MB hwm=4742MB
RSS_SAMPLE t=1086.0s rss=4742MB hwm=4742MB
RSS_SAMPLE t=1086.3s rss=4742MB hwm=4742MB
RSS_SAMPLE t=1086.5s rss=4743MB hwm=4743MB
RSS_SAMPLE t=1086.8s rss=4743MB hwm=4743MB
RSS_SAMPLE t=1087.0s rss=4743MB hwm=4743MB
RSS_SAMPLE t=1087.3s rss=4743MB hwm=4743MB
RSS_SAMPLE t=1087.5s rss=4743MB hwm=4743MB
RSS_SAMPLE t=1087.8s rss=4743MB hwm=4743MB
RSS_SAMPLE t=1088.0s rss=4743MB hwm=4743MB
RSS_SAMPLE t=1088.3s rss=4743MB hwm=4743MB
RSS_SAMPLE t=1088.5s rss=4743MB hwm=4743MB
RSS_SAMPLE t=1088.8s rss=4743MB hwm=4743MB
RSS_SAMPLE t=1089.0s rss=4743MB hwm=4743MB
RSS_SAMPLE t=1089.3s rss=4743MB hwm=4743MB
RSS_SAMPLE t=1089.5s rss=4743MB hwm=4743MB
RSS_SAMPLE t=1089.8s rss=4743MB hwm=4743MB
RSS_SAMPLE t=1090.0s rss=4743MB hwm=4743MB
RSS_SAMPLE t=1090.3s rss=4743MB hwm=4743MB
RSS_SAMPLE t=1090.5s rss=4743MB hwm=4743MB
RSS_SAMPLE t=1090.8s rss=4743MB hwm=4743MB
RSS_SAMPLE t=1091.0s rss=4743MB hwm=4743MB
RSS_SAMPLE t=1091.3s rss=4743MB hwm=4743MB
RSS_SAMPLE t=1091.5s rss=4743MB hwm=4743MB
RSS_SAMPLE t=1091.8s rss=4743MB hwm=4743MB
RSS_SAMPLE t=1092.0s rss=4743MB hwm=4743MB
RSS_SAMPLE t=1092.3s rss=4743MB hwm=4743MB
RSS_SAMPLE t=1092.5s rss=4743MB hwm=4743MB
RSS_SAMPLE t=1092.8s rss=4743MB hwm=4743MB
RSS_SAMPLE t=1093.0s rss=4743MB hwm=4743MB
RSS_SAMPLE t=1093.3s rss=4743MB hwm=4743MB
RSS_SAMPLE t=1093.5s rss=4743MB hwm=4743MB
RSS_SAMPLE t=1093.8s rss=4743MB hwm=4743MB
RSS_SAMPLE t=1094.0s rss=4743MB hwm=4743MB
RSS_SAMPLE t=1094.3s rss=4743MB hwm=4743MB
RSS_SAMPLE t=1094.5s rss=4743MB hwm=4743MB
RSS_SAMPLE t=1094.8s rss=4743MB hwm=4743MB
RSS_SAMPLE t=1095.0s rss=4743MB hwm=4743MB
RSS_SAMPLE t=1095.3s rss=4743MB hwm=4743MB
RSS_SAMPLE t=1095.5s rss=4743MB hwm=4743MB
RSS_SAMPLE t=1095.8s rss=4743MB hwm=4743MB
RSS_SAMPLE t=1096.0s rss=4743MB hwm=4743MB
RSS_SAMPLE t=1096.3s rss=4743MB hwm=4743MB
RSS_SAMPLE t=1096.5s rss=4743MB hwm=4743MB
RSS_SAMPLE t=1096.8s rss=4743MB hwm=4743MB
RSS_SAMPLE t=1097.0s rss=4743MB hwm=4743MB
RSS_SAMPLE t=1097.3s rss=4743MB hwm=4743MB
RSS_SAMPLE t=1097.5s rss=4743MB hwm=4743MB
RSS_SAMPLE t=1097.8s rss=4743MB hwm=4743MB
RSS_SAMPLE t=1098.0s rss=4743MB hwm=4743MB
RSS_SAMPLE t=1098.3s rss=4743MB hwm=4743MB
RSS_SAMPLE t=1098.5s rss=4743MB hwm=4743MB
RSS_SAMPLE t=1098.8s rss=4743MB hwm=4743MB
RSS_SAMPLE t=1099.0s rss=4743MB hwm=4743MB
RSS_SAMPLE t=1099.3s rss=4743MB hwm=4743MB
RSS_SAMPLE t=1099.5s rss=4743MB hwm=4743MB
RSS_SAMPLE t=1099.8s rss=4744MB hwm=4744MB
RSS_SAMPLE t=1100.0s rss=4744MB hwm=4744MB
RSS_SAMPLE t=1100.3s rss=4744MB hwm=4744MB
RSS_SAMPLE t=1100.5s rss=4744MB hwm=4744MB
RSS_SAMPLE t=1100.8s rss=4744MB hwm=4744MB
RSS_SAMPLE t=1101.0s rss=4744MB hwm=4744MB
RSS_SAMPLE t=1101.3s rss=4744MB hwm=4744MB
RSS_SAMPLE t=1101.5s rss=4744MB hwm=4744MB
RSS_SAMPLE t=1101.8s rss=4744MB hwm=4744MB
RSS_SAMPLE t=1102.0s rss=4744MB hwm=4744MB
RSS_SAMPLE t=1102.3s rss=4744MB hwm=4744MB
RSS_SAMPLE t=1102.5s rss=4744MB hwm=4744MB
RSS_SAMPLE t=1102.8s rss=4744MB hwm=4744MB
RSS_SAMPLE t=1103.0s rss=4744MB hwm=4744MB
RSS_SAMPLE t=1103.3s rss=4744MB hwm=4744MB
RSS_SAMPLE t=1103.5s rss=4744MB hwm=4744MB
RSS_SAMPLE t=1103.8s rss=4744MB hwm=4744MB
RSS_SAMPLE t=1104.0s rss=4744MB hwm=4744MB
RSS_SAMPLE t=1104.3s rss=4744MB hwm=4744MB
RSS_SAMPLE t=1104.5s rss=4744MB hwm=4744MB
RSS_SAMPLE t=1104.8s rss=4744MB hwm=4744MB
RSS_SAMPLE t=1105.0s rss=4744MB hwm=4744MB
RSS_SAMPLE t=1105.3s rss=4744MB hwm=4744MB
RSS_SAMPLE t=1105.5s rss=4744MB hwm=4744MB
RSS_SAMPLE t=1105.8s rss=4744MB hwm=4744MB
RSS_SAMPLE t=1106.0s rss=4744MB hwm=4744MB
RSS_SAMPLE t=1106.3s rss=4744MB hwm=4744MB
RSS_SAMPLE t=1106.5s rss=4744MB hwm=4744MB
RSS_SAMPLE t=1106.8s rss=4744MB hwm=4744MB
RSS_SAMPLE t=1107.0s rss=4744MB hwm=4744MB
RSS_SAMPLE t=1107.3s rss=4744MB hwm=4744MB
RSS_SAMPLE t=1107.5s rss=4744MB hwm=4744MB
RSS_SAMPLE t=1107.8s rss=4744MB hwm=4744MB
RSS_SAMPLE t=1108.0s rss=4744MB hwm=4744MB
RSS_SAMPLE t=1108.3s rss=4744MB hwm=4744MB
RSS_SAMPLE t=1108.5s rss=4744MB hwm=4744MB
RSS_SAMPLE t=1108.8s rss=4744MB hwm=4744MB
RSS_SAMPLE t=1109.0s rss=4744MB hwm=4744MB
RSS_SAMPLE t=1109.3s rss=4744MB hwm=4744MB
RSS_SAMPLE t=1109.5s rss=4744MB hwm=4744MB
RSS_SAMPLE t=1109.8s rss=4744MB hwm=4744MB
RSS_SAMPLE t=1110.0s rss=4744MB hwm=4744MB
RSS_SAMPLE t=1110.3s rss=4744MB hwm=4744MB
RSS_SAMPLE t=1110.5s rss=4744MB hwm=4744MB
RSS_SAMPLE t=1110.8s rss=4744MB hwm=4744MB
RSS_SAMPLE t=1111.0s rss=4744MB hwm=4744MB
RSS_SAMPLE t=1111.3s rss=4744MB hwm=4744MB
RSS_SAMPLE t=1111.5s rss=4744MB hwm=4744MB
RSS_SAMPLE t=1111.8s rss=4744MB hwm=4744MB
RSS_SAMPLE t=1112.0s rss=4744MB hwm=4744MB
MEM_POOL: workspaces=32 dense_usage_mb=1251 n_pipes=2562403
    post_solve_diag[outer=13]: solves=105117 cap_armed=105117 (100.0%) settle_avg=4134 above_sink_avg=241 (5.8%) settle_max=69353
    load_support[outer=13]: settle_avg=4134 load_nz_avg=2830 (68.5%) load_material_avg=1280 (31.0%)
    prune_ceiling[outer=13]: settle_avg=4134 heuristic_prunable_avg=608 (14.7%) vs oracle_zero_load=31.5%
    settle_hist[outer=13]: <100: 23999nets/0.4%work  <1k: 32636nets/2.7%work  <5k: 24167nets/14.2%work  <20k: 18717nets/44.6%work  <60k: 5571nets/37.7%work  >=60k: 27nets/0.4%work
    fanout_hist[outer=13]: fan1: 43710nets/13.9%work  fan2-4: 48279nets/49.6%work  fan5-16: 12974nets/35.5%work  fan17-64: 154nets/1.0%work  fan65-256: 0nets/0.0%work  fan>256: 0nets/0.0%work
    rss_probe[outer=13]: pre_post_solve=4740MB post_post_solve=4744MB after_apply=4744MB
    E_decomp: base=15815693.5 eff=18674554.3 cong=2858860.9 cong_share=15.3% sat_pipes=450540 max_util=839.78  R_buckets: 1-2x=2494557 2-10x=67846 10-100x=0 >=100x=0
    E_potential: beckmann=2005855548043.4 history_total=0.0
    SpanCache: epoch=14 entries=2169 lookups=2562403 hits=2560234 misses=2169 hit_rate=99.9%
  DCD  13: nets=105117 line=9776273 energy=1592288.674 dE=-58723.477 friction=2611112.6 bins=1.9x(159) excess=42.9 moved=72741 disp=4.221 solves=105117 skip=105117 pops=434511283 theta=1.941 refresh=43038ms dcd=6660ms total=52175ms
    cache_stats: entries=61067185 capacity=132491688 est_mb=1142 rss_mb=4744
RSS_SAMPLE t=1112.3s rss=4744MB hwm=4744MB
RSS_SAMPLE t=1112.5s rss=4744MB hwm=4744MB
RSS_SAMPLE t=1112.8s rss=4744MB hwm=4744MB
RSS_SAMPLE t=1113.0s rss=4744MB hwm=4744MB
RSS_SAMPLE t=1113.3s rss=4744MB hwm=4744MB
RSS_SAMPLE t=1113.5s rss=4744MB hwm=4744MB
RSS_SAMPLE t=1113.8s rss=4744MB hwm=4744MB
RSS_SAMPLE t=1114.0s rss=4744MB hwm=4744MB
RSS_SAMPLE t=1114.3s rss=4744MB hwm=4744MB
RSS_SAMPLE t=1114.5s rss=4744MB hwm=4744MB
RSS_SAMPLE t=1114.8s rss=4744MB hwm=4744MB
    SwitchMatrix: type_usage_pairs=714 lookups=2072 hits=1358 dijkstra_calls=714 avg_us=12.0 total_ms=8.6
PHASE_MARK outer=14 enter=pre_solve rss=4744MB
    rss_probe[outer=14]: pre_refresh_rss=4744MB post_pre_solve_rss=4744MB cache_entries=61067185 cache_cap=132491688 cache_est_mb=1142
    pre_solve_diag[outer=14]: solves=0 fallback=0 (0.0%) cap_armed=0 (0.0%) settle_avg=0 settle_max=0 init_count=248
    Overflow: over=392635 (15.3% of used) avg_excess=0.90 max_excess=1319.92 (nc=1343.92 cap=24 span=1)  excess_buckets: <=1=300539 1-5=82959 5-20=8813 >20=324  by_cap: cap1=272849 cap2=95569 cap3-5=498 cap>5=23719  by_span: s1=485 s2-3=428 s4-6=19966 s7-12=91364 s>12=280392  le1_cross: cap1=229936 cap2-5=65761 cap>5=4842
    Congestion: pipes=2562403 used=2562403 congested(>50%)=861675 saturated(>90%)=450540 max_util=839.78 avg_util=0.4872
PHASE_MARK outer=14 enter=dcd_sweep rss=4744MB
RSS_SAMPLE t=1115.0s rss=4744MB hwm=4744MB
RSS_SAMPLE t=1115.3s rss=4744MB hwm=4744MB
RSS_SAMPLE t=1115.5s rss=4744MB hwm=4744MB
RSS_SAMPLE t=1115.8s rss=4744MB hwm=4744MB
RSS_SAMPLE t=1116.0s rss=4744MB hwm=4744MB
RSS_SAMPLE t=1116.3s rss=4744MB hwm=4744MB
RSS_SAMPLE t=1116.5s rss=4744MB hwm=4744MB
RSS_SAMPLE t=1116.8s rss=4744MB hwm=4744MB
RSS_SAMPLE t=1117.0s rss=4744MB hwm=4744MB
RSS_SAMPLE t=1117.3s rss=4744MB hwm=4744MB
RSS_SAMPLE t=1117.6s rss=4744MB hwm=4744MB
RSS_SAMPLE t=1117.8s rss=4744MB hwm=4744MB
RSS_SAMPLE t=1118.1s rss=4744MB hwm=4744MB
RSS_SAMPLE t=1118.3s rss=4744MB hwm=4744MB
RSS_SAMPLE t=1118.6s rss=4744MB hwm=4744MB
RSS_SAMPLE t=1118.8s rss=4744MB hwm=4744MB
RSS_SAMPLE t=1119.1s rss=4744MB hwm=4744MB
RSS_SAMPLE t=1119.3s rss=4744MB hwm=4744MB
RSS_SAMPLE t=1119.6s rss=4744MB hwm=4744MB
RSS_SAMPLE t=1119.8s rss=4744MB hwm=4744MB
RSS_SAMPLE t=1120.1s rss=4744MB hwm=4744MB
RSS_SAMPLE t=1120.3s rss=4744MB hwm=4744MB
RSS_SAMPLE t=1120.6s rss=4744MB hwm=4744MB
RSS_SAMPLE t=1120.8s rss=4744MB hwm=4744MB
RSS_SAMPLE t=1121.1s rss=4744MB hwm=4744MB
RSS_SAMPLE t=1121.3s rss=4744MB hwm=4744MB
RSS_SAMPLE t=1121.6s rss=4744MB hwm=4744MB
PHASE_MARK outer=14 leave=dcd_sweep rss=4744MB
PHASE_MARK outer=14 enter=post_refresh rss=4744MB
RSS_SAMPLE t=1121.8s rss=4745MB hwm=4745MB
RSS_SAMPLE t=1122.1s rss=4745MB hwm=4745MB
RSS_SAMPLE t=1122.3s rss=4745MB hwm=4745MB
RSS_SAMPLE t=1122.6s rss=4745MB hwm=4745MB
RSS_SAMPLE t=1122.8s rss=4745MB hwm=4745MB
RSS_SAMPLE t=1123.1s rss=4745MB hwm=4745MB
RSS_SAMPLE t=1123.3s rss=4745MB hwm=4745MB
RSS_SAMPLE t=1123.6s rss=4745MB hwm=4745MB
RSS_SAMPLE t=1123.8s rss=4745MB hwm=4745MB
RSS_SAMPLE t=1124.1s rss=4745MB hwm=4745MB
RSS_SAMPLE t=1124.3s rss=4745MB hwm=4745MB
RSS_SAMPLE t=1124.6s rss=4745MB hwm=4745MB
RSS_SAMPLE t=1124.8s rss=4745MB hwm=4745MB
RSS_SAMPLE t=1125.1s rss=4745MB hwm=4745MB
RSS_SAMPLE t=1125.3s rss=4745MB hwm=4745MB
RSS_SAMPLE t=1125.6s rss=4745MB hwm=4745MB
RSS_SAMPLE t=1125.8s rss=4745MB hwm=4745MB
RSS_SAMPLE t=1126.1s rss=4745MB hwm=4745MB
RSS_SAMPLE t=1126.3s rss=4745MB hwm=4745MB
RSS_SAMPLE t=1126.6s rss=4745MB hwm=4745MB
RSS_SAMPLE t=1126.8s rss=4745MB hwm=4745MB
RSS_SAMPLE t=1127.1s rss=4745MB hwm=4745MB
RSS_SAMPLE t=1127.3s rss=4745MB hwm=4745MB
RSS_SAMPLE t=1127.6s rss=4745MB hwm=4745MB
RSS_SAMPLE t=1127.8s rss=4745MB hwm=4745MB
RSS_SAMPLE t=1128.1s rss=4745MB hwm=4745MB
RSS_SAMPLE t=1128.3s rss=4745MB hwm=4745MB
RSS_SAMPLE t=1128.6s rss=4745MB hwm=4745MB
RSS_SAMPLE t=1128.8s rss=4745MB hwm=4745MB
RSS_SAMPLE t=1129.1s rss=4745MB hwm=4745MB
RSS_SAMPLE t=1129.3s rss=4745MB hwm=4745MB
RSS_SAMPLE t=1129.6s rss=4745MB hwm=4745MB
RSS_SAMPLE t=1129.8s rss=4745MB hwm=4745MB
RSS_SAMPLE t=1130.1s rss=4745MB hwm=4745MB
RSS_SAMPLE t=1130.3s rss=4745MB hwm=4745MB
RSS_SAMPLE t=1130.6s rss=4745MB hwm=4745MB
RSS_SAMPLE t=1130.8s rss=4745MB hwm=4745MB
RSS_SAMPLE t=1131.1s rss=4745MB hwm=4745MB
RSS_SAMPLE t=1131.3s rss=4745MB hwm=4745MB
RSS_SAMPLE t=1131.6s rss=4745MB hwm=4745MB
RSS_SAMPLE t=1131.8s rss=4745MB hwm=4745MB
RSS_SAMPLE t=1132.1s rss=4745MB hwm=4745MB
RSS_SAMPLE t=1132.3s rss=4745MB hwm=4745MB
RSS_SAMPLE t=1132.6s rss=4745MB hwm=4745MB
RSS_SAMPLE t=1132.8s rss=4745MB hwm=4745MB
RSS_SAMPLE t=1133.1s rss=4745MB hwm=4745MB
RSS_SAMPLE t=1133.3s rss=4745MB hwm=4745MB
RSS_SAMPLE t=1133.6s rss=4745MB hwm=4745MB
RSS_SAMPLE t=1133.8s rss=4745MB hwm=4745MB
RSS_SAMPLE t=1134.1s rss=4745MB hwm=4745MB
RSS_SAMPLE t=1134.3s rss=4745MB hwm=4745MB
RSS_SAMPLE t=1134.6s rss=4745MB hwm=4745MB
RSS_SAMPLE t=1134.8s rss=4745MB hwm=4745MB
RSS_SAMPLE t=1135.1s rss=4745MB hwm=4745MB
RSS_SAMPLE t=1135.3s rss=4745MB hwm=4745MB
RSS_SAMPLE t=1135.6s rss=4745MB hwm=4745MB
RSS_SAMPLE t=1135.8s rss=4745MB hwm=4745MB
RSS_SAMPLE t=1136.1s rss=4745MB hwm=4745MB
RSS_SAMPLE t=1136.3s rss=4745MB hwm=4745MB
RSS_SAMPLE t=1136.6s rss=4745MB hwm=4745MB
RSS_SAMPLE t=1136.8s rss=4745MB hwm=4745MB
RSS_SAMPLE t=1137.1s rss=4745MB hwm=4745MB
RSS_SAMPLE t=1137.3s rss=4745MB hwm=4745MB
RSS_SAMPLE t=1137.6s rss=4746MB hwm=4746MB
RSS_SAMPLE t=1137.8s rss=4746MB hwm=4746MB
RSS_SAMPLE t=1138.1s rss=4746MB hwm=4746MB
RSS_SAMPLE t=1138.3s rss=4746MB hwm=4746MB
RSS_SAMPLE t=1138.6s rss=4746MB hwm=4746MB
RSS_SAMPLE t=1138.8s rss=4746MB hwm=4746MB
RSS_SAMPLE t=1139.1s rss=4746MB hwm=4746MB
RSS_SAMPLE t=1139.3s rss=4746MB hwm=4746MB
RSS_SAMPLE t=1139.6s rss=4746MB hwm=4746MB
RSS_SAMPLE t=1139.8s rss=4746MB hwm=4746MB
RSS_SAMPLE t=1140.1s rss=4746MB hwm=4746MB
RSS_SAMPLE t=1140.3s rss=4746MB hwm=4746MB
RSS_SAMPLE t=1140.6s rss=4746MB hwm=4746MB
RSS_SAMPLE t=1140.8s rss=4746MB hwm=4746MB
RSS_SAMPLE t=1141.1s rss=4746MB hwm=4746MB
RSS_SAMPLE t=1141.3s rss=4746MB hwm=4746MB
RSS_SAMPLE t=1141.6s rss=4746MB hwm=4746MB
RSS_SAMPLE t=1141.8s rss=4746MB hwm=4746MB
RSS_SAMPLE t=1142.1s rss=4746MB hwm=4746MB
RSS_SAMPLE t=1142.3s rss=4746MB hwm=4746MB
RSS_SAMPLE t=1142.6s rss=4746MB hwm=4746MB
RSS_SAMPLE t=1142.8s rss=4746MB hwm=4746MB
RSS_SAMPLE t=1143.1s rss=4746MB hwm=4746MB
RSS_SAMPLE t=1143.3s rss=4746MB hwm=4746MB
RSS_SAMPLE t=1143.6s rss=4746MB hwm=4746MB
RSS_SAMPLE t=1143.8s rss=4746MB hwm=4746MB
RSS_SAMPLE t=1144.1s rss=4746MB hwm=4746MB
RSS_SAMPLE t=1144.3s rss=4746MB hwm=4746MB
RSS_SAMPLE t=1144.6s rss=4746MB hwm=4746MB
RSS_SAMPLE t=1144.8s rss=4746MB hwm=4746MB
RSS_SAMPLE t=1145.1s rss=4746MB hwm=4746MB
RSS_SAMPLE t=1145.3s rss=4747MB hwm=4747MB
RSS_SAMPLE t=1145.6s rss=4747MB hwm=4747MB
RSS_SAMPLE t=1145.8s rss=4747MB hwm=4747MB
RSS_SAMPLE t=1146.1s rss=4747MB hwm=4747MB
RSS_SAMPLE t=1146.3s rss=4747MB hwm=4747MB
RSS_SAMPLE t=1146.6s rss=4747MB hwm=4747MB
RSS_SAMPLE t=1146.8s rss=4747MB hwm=4747MB
RSS_SAMPLE t=1147.1s rss=4747MB hwm=4747MB
RSS_SAMPLE t=1147.3s rss=4747MB hwm=4747MB
RSS_SAMPLE t=1147.6s rss=4747MB hwm=4747MB
RSS_SAMPLE t=1147.8s rss=4747MB hwm=4747MB
RSS_SAMPLE t=1148.1s rss=4747MB hwm=4747MB
RSS_SAMPLE t=1148.3s rss=4747MB hwm=4747MB
RSS_SAMPLE t=1148.6s rss=4747MB hwm=4747MB
RSS_SAMPLE t=1148.8s rss=4747MB hwm=4747MB
RSS_SAMPLE t=1149.1s rss=4747MB hwm=4747MB
RSS_SAMPLE t=1149.3s rss=4747MB hwm=4747MB
RSS_SAMPLE t=1149.6s rss=4747MB hwm=4747MB
RSS_SAMPLE t=1149.8s rss=4747MB hwm=4747MB
RSS_SAMPLE t=1150.1s rss=4747MB hwm=4747MB
RSS_SAMPLE t=1150.3s rss=4747MB hwm=4747MB
RSS_SAMPLE t=1150.6s rss=4747MB hwm=4747MB
RSS_SAMPLE t=1150.8s rss=4747MB hwm=4747MB
RSS_SAMPLE t=1151.1s rss=4747MB hwm=4747MB
RSS_SAMPLE t=1151.3s rss=4747MB hwm=4747MB
RSS_SAMPLE t=1151.6s rss=4747MB hwm=4747MB
RSS_SAMPLE t=1151.8s rss=4747MB hwm=4747MB
RSS_SAMPLE t=1152.1s rss=4747MB hwm=4747MB
RSS_SAMPLE t=1152.3s rss=4747MB hwm=4747MB
RSS_SAMPLE t=1152.6s rss=4747MB hwm=4747MB
RSS_SAMPLE t=1152.8s rss=4747MB hwm=4747MB
RSS_SAMPLE t=1153.1s rss=4747MB hwm=4747MB
RSS_SAMPLE t=1153.3s rss=4747MB hwm=4747MB
RSS_SAMPLE t=1153.6s rss=4747MB hwm=4747MB
RSS_SAMPLE t=1153.8s rss=4747MB hwm=4747MB
RSS_SAMPLE t=1154.1s rss=4747MB hwm=4747MB
RSS_SAMPLE t=1154.3s rss=4747MB hwm=4747MB
RSS_SAMPLE t=1154.6s rss=4747MB hwm=4747MB
RSS_SAMPLE t=1154.8s rss=4747MB hwm=4747MB
RSS_SAMPLE t=1155.1s rss=4747MB hwm=4747MB
RSS_SAMPLE t=1155.3s rss=4747MB hwm=4747MB
RSS_SAMPLE t=1155.6s rss=4747MB hwm=4747MB
RSS_SAMPLE t=1155.8s rss=4747MB hwm=4747MB
RSS_SAMPLE t=1156.1s rss=4747MB hwm=4747MB
RSS_SAMPLE t=1156.3s rss=4747MB hwm=4747MB
RSS_SAMPLE t=1156.6s rss=4747MB hwm=4747MB
RSS_SAMPLE t=1156.8s rss=4747MB hwm=4747MB
RSS_SAMPLE t=1157.1s rss=4747MB hwm=4747MB
RSS_SAMPLE t=1157.3s rss=4747MB hwm=4747MB
RSS_SAMPLE t=1157.6s rss=4747MB hwm=4747MB
RSS_SAMPLE t=1157.8s rss=4747MB hwm=4747MB
RSS_SAMPLE t=1158.1s rss=4747MB hwm=4747MB
RSS_SAMPLE t=1158.3s rss=4747MB hwm=4747MB
RSS_SAMPLE t=1158.6s rss=4747MB hwm=4747MB
RSS_SAMPLE t=1158.8s rss=4747MB hwm=4747MB
RSS_SAMPLE t=1159.1s rss=4747MB hwm=4747MB
RSS_SAMPLE t=1159.3s rss=4747MB hwm=4747MB
RSS_SAMPLE t=1159.6s rss=4747MB hwm=4747MB
RSS_SAMPLE t=1159.8s rss=4747MB hwm=4747MB
RSS_SAMPLE t=1160.1s rss=4747MB hwm=4747MB
RSS_SAMPLE t=1160.3s rss=4747MB hwm=4747MB
RSS_SAMPLE t=1160.6s rss=4747MB hwm=4747MB
RSS_SAMPLE t=1160.8s rss=4747MB hwm=4747MB
RSS_SAMPLE t=1161.1s rss=4747MB hwm=4747MB
RSS_SAMPLE t=1161.3s rss=4747MB hwm=4747MB
RSS_SAMPLE t=1161.6s rss=4747MB hwm=4747MB
RSS_SAMPLE t=1161.8s rss=4747MB hwm=4747MB
RSS_SAMPLE t=1162.1s rss=4747MB hwm=4747MB
RSS_SAMPLE t=1162.3s rss=4747MB hwm=4747MB
RSS_SAMPLE t=1162.6s rss=4747MB hwm=4747MB
MEM_POOL: workspaces=32 dense_usage_mb=1251 n_pipes=2562403
    post_solve_diag[outer=14]: solves=105117 cap_armed=105117 (100.0%) settle_avg=3904 above_sink_avg=238 (6.1%) settle_max=69353
    load_support[outer=14]: settle_avg=3904 load_nz_avg=2656 (68.0%) load_material_avg=1127 (28.9%)
    prune_ceiling[outer=14]: settle_avg=3904 heuristic_prunable_avg=536 (13.7%) vs oracle_zero_load=32.0%
    settle_hist[outer=14]: <100: 24451nets/0.5%work  <1k: 33029nets/2.8%work  <5k: 24207nets/15.1%work  <20k: 18495nets/46.3%work  <60k: 4912nets/34.9%work  >=60k: 23nets/0.4%work
    fanout_hist[outer=14]: fan1: 43710nets/14.0%work  fan2-4: 48279nets/49.5%work  fan5-16: 12974nets/35.5%work  fan17-64: 154nets/1.0%work  fan65-256: 0nets/0.0%work  fan>256: 0nets/0.0%work
    rss_probe[outer=14]: pre_post_solve=4745MB post_post_solve=4747MB after_apply=4747MB
    E_decomp: base=15388948.3 eff=17998415.0 cong=2609466.8 cong_share=14.5% sat_pipes=437180 max_util=799.89  R_buckets: 1-2x=2532442 2-10x=29961 10-100x=0 >=100x=0
    E_potential: beckmann=1757406509370.7 history_total=0.0
    SpanCache: epoch=15 entries=2072 lookups=2562403 hits=2560331 misses=2072 hit_rate=99.9%
  DCD  14: nets=105117 line=9372233 energy=1545201.227 dE=-47087.447 friction=2520216.8 bins=2.0x(157) excess=43.4 moved=72992 disp=4.031 solves=105117 skip=105117 pops=410339867 theta=2.273 refresh=41187ms dcd=6671ms total=50463ms
    cache_stats: entries=60401388 capacity=132422724 est_mb=1141 rss_mb=4747
RSS_SAMPLE t=1162.8s rss=4747MB hwm=4747MB
RSS_SAMPLE t=1163.1s rss=4747MB hwm=4747MB
RSS_SAMPLE t=1163.3s rss=4747MB hwm=4747MB
RSS_SAMPLE t=1163.6s rss=4747MB hwm=4747MB
RSS_SAMPLE t=1163.8s rss=4747MB hwm=4747MB
RSS_SAMPLE t=1164.1s rss=4747MB hwm=4747MB
RSS_SAMPLE t=1164.3s rss=4747MB hwm=4747MB
RSS_SAMPLE t=1164.6s rss=4747MB hwm=4747MB
RSS_SAMPLE t=1164.8s rss=4747MB hwm=4747MB
RSS_SAMPLE t=1165.1s rss=4747MB hwm=4747MB
    SwitchMatrix: type_usage_pairs=655 lookups=1873 hits=1218 dijkstra_calls=655 avg_us=11.7 total_ms=7.6
PHASE_MARK outer=15 enter=pre_solve rss=4747MB
    rss_probe[outer=15]: pre_refresh_rss=4747MB post_pre_solve_rss=4747MB cache_entries=60401388 cache_cap=132422724 cache_est_mb=1141
    pre_solve_diag[outer=15]: solves=0 fallback=0 (0.0%) cap_armed=0 (0.0%) settle_avg=0 settle_max=0 init_count=233
    Overflow: over=382709 (14.9% of used) avg_excess=0.91 max_excess=1232.81 (nc=1256.81 cap=24 span=1)  excess_buckets: <=1=284518 1-5=90017 5-20=7953 >20=221  by_cap: cap1=264430 cap2=96344 cap3-5=452 cap>5=21483  by_span: s1=420 s2-3=275 s4-6=18056 s7-12=91975 s>12=271983  le1_cross: cap1=217814 cap2-5=62421 cap>5=4283
    Congestion: pipes=2562403 used=2562403 congested(>50%)=831572 saturated(>90%)=437180 max_util=799.89 avg_util=0.4780
PHASE_MARK outer=15 enter=dcd_sweep rss=4747MB
RSS_SAMPLE t=1165.3s rss=4747MB hwm=4747MB
RSS_SAMPLE t=1165.6s rss=4747MB hwm=4747MB
RSS_SAMPLE t=1165.8s rss=4747MB hwm=4747MB
RSS_SAMPLE t=1166.1s rss=4747MB hwm=4747MB
RSS_SAMPLE t=1166.3s rss=4747MB hwm=4747MB
RSS_SAMPLE t=1166.6s rss=4747MB hwm=4747MB
RSS_SAMPLE t=1166.8s rss=4747MB hwm=4747MB
RSS_SAMPLE t=1167.1s rss=4747MB hwm=4747MB
RSS_SAMPLE t=1167.3s rss=4747MB hwm=4747MB
RSS_SAMPLE t=1167.6s rss=4747MB hwm=4747MB
RSS_SAMPLE t=1167.9s rss=4747MB hwm=4747MB
RSS_SAMPLE t=1168.1s rss=4747MB hwm=4747MB
RSS_SAMPLE t=1168.4s rss=4747MB hwm=4747MB
RSS_SAMPLE t=1168.6s rss=4747MB hwm=4747MB
RSS_SAMPLE t=1168.9s rss=4747MB hwm=4747MB
RSS_SAMPLE t=1169.1s rss=4747MB hwm=4747MB
RSS_SAMPLE t=1169.4s rss=4747MB hwm=4747MB
RSS_SAMPLE t=1169.6s rss=4747MB hwm=4747MB
RSS_SAMPLE t=1169.9s rss=4747MB hwm=4747MB
RSS_SAMPLE t=1170.1s rss=4747MB hwm=4747MB
RSS_SAMPLE t=1170.4s rss=4747MB hwm=4747MB
RSS_SAMPLE t=1170.6s rss=4747MB hwm=4747MB
RSS_SAMPLE t=1170.9s rss=4747MB hwm=4747MB
RSS_SAMPLE t=1171.1s rss=4747MB hwm=4747MB
RSS_SAMPLE t=1171.4s rss=4747MB hwm=4747MB
RSS_SAMPLE t=1171.6s rss=4747MB hwm=4747MB
RSS_SAMPLE t=1171.9s rss=4747MB hwm=4747MB
PHASE_MARK outer=15 leave=dcd_sweep rss=4747MB
PHASE_MARK outer=15 enter=post_refresh rss=4747MB
RSS_SAMPLE t=1172.1s rss=4747MB hwm=4747MB
RSS_SAMPLE t=1172.4s rss=4747MB hwm=4747MB
RSS_SAMPLE t=1172.6s rss=4747MB hwm=4747MB
RSS_SAMPLE t=1172.9s rss=4747MB hwm=4747MB
RSS_SAMPLE t=1173.1s rss=4747MB hwm=4747MB
RSS_SAMPLE t=1173.4s rss=4747MB hwm=4747MB
RSS_SAMPLE t=1173.6s rss=4747MB hwm=4747MB
RSS_SAMPLE t=1173.9s rss=4747MB hwm=4747MB
RSS_SAMPLE t=1174.1s rss=4747MB hwm=4747MB
RSS_SAMPLE t=1174.4s rss=4747MB hwm=4747MB
RSS_SAMPLE t=1174.6s rss=4747MB hwm=4747MB
RSS_SAMPLE t=1174.9s rss=4747MB hwm=4747MB
RSS_SAMPLE t=1175.1s rss=4747MB hwm=4747MB
RSS_SAMPLE t=1175.4s rss=4747MB hwm=4747MB
RSS_SAMPLE t=1175.6s rss=4747MB hwm=4747MB
RSS_SAMPLE t=1175.9s rss=4747MB hwm=4747MB
RSS_SAMPLE t=1176.1s rss=4747MB hwm=4747MB
RSS_SAMPLE t=1176.4s rss=4747MB hwm=4747MB
RSS_SAMPLE t=1176.6s rss=4747MB hwm=4747MB
RSS_SAMPLE t=1176.9s rss=4747MB hwm=4747MB
RSS_SAMPLE t=1177.1s rss=4747MB hwm=4747MB
RSS_SAMPLE t=1177.4s rss=4747MB hwm=4747MB
RSS_SAMPLE t=1177.6s rss=4747MB hwm=4747MB
RSS_SAMPLE t=1177.9s rss=4747MB hwm=4747MB
RSS_SAMPLE t=1178.1s rss=4747MB hwm=4747MB
RSS_SAMPLE t=1178.4s rss=4747MB hwm=4747MB
RSS_SAMPLE t=1178.6s rss=4747MB hwm=4747MB
RSS_SAMPLE t=1178.9s rss=4747MB hwm=4747MB
RSS_SAMPLE t=1179.1s rss=4747MB hwm=4747MB
RSS_SAMPLE t=1179.4s rss=4747MB hwm=4747MB
RSS_SAMPLE t=1179.6s rss=4747MB hwm=4747MB
RSS_SAMPLE t=1179.9s rss=4747MB hwm=4747MB
RSS_SAMPLE t=1180.1s rss=4747MB hwm=4747MB
RSS_SAMPLE t=1180.4s rss=4747MB hwm=4747MB
RSS_SAMPLE t=1180.6s rss=4747MB hwm=4747MB
RSS_SAMPLE t=1180.9s rss=4747MB hwm=4747MB
RSS_SAMPLE t=1181.1s rss=4747MB hwm=4747MB
RSS_SAMPLE t=1181.4s rss=4747MB hwm=4747MB
RSS_SAMPLE t=1181.6s rss=4747MB hwm=4747MB
RSS_SAMPLE t=1181.9s rss=4747MB hwm=4747MB
RSS_SAMPLE t=1182.1s rss=4747MB hwm=4747MB
RSS_SAMPLE t=1182.4s rss=4747MB hwm=4747MB
RSS_SAMPLE t=1182.6s rss=4747MB hwm=4747MB
RSS_SAMPLE t=1182.9s rss=4747MB hwm=4747MB
RSS_SAMPLE t=1183.1s rss=4747MB hwm=4747MB
RSS_SAMPLE t=1183.4s rss=4747MB hwm=4747MB
RSS_SAMPLE t=1183.6s rss=4747MB hwm=4747MB
RSS_SAMPLE t=1183.9s rss=4747MB hwm=4747MB
RSS_SAMPLE t=1184.1s rss=4747MB hwm=4747MB
RSS_SAMPLE t=1184.4s rss=4747MB hwm=4747MB
RSS_SAMPLE t=1184.6s rss=4747MB hwm=4747MB
RSS_SAMPLE t=1184.9s rss=4747MB hwm=4747MB
RSS_SAMPLE t=1185.1s rss=4747MB hwm=4747MB
RSS_SAMPLE t=1185.4s rss=4747MB hwm=4747MB
RSS_SAMPLE t=1185.6s rss=4747MB hwm=4747MB
RSS_SAMPLE t=1185.9s rss=4747MB hwm=4747MB
RSS_SAMPLE t=1186.1s rss=4747MB hwm=4747MB
RSS_SAMPLE t=1186.4s rss=4747MB hwm=4747MB
RSS_SAMPLE t=1186.6s rss=4747MB hwm=4747MB
RSS_SAMPLE t=1186.9s rss=4747MB hwm=4747MB
RSS_SAMPLE t=1187.1s rss=4748MB hwm=4748MB
RSS_SAMPLE t=1187.4s rss=4748MB hwm=4748MB
RSS_SAMPLE t=1187.6s rss=4748MB hwm=4748MB
RSS_SAMPLE t=1187.9s rss=4748MB hwm=4748MB
RSS_SAMPLE t=1188.1s rss=4748MB hwm=4748MB
RSS_SAMPLE t=1188.4s rss=4748MB hwm=4748MB
RSS_SAMPLE t=1188.6s rss=4748MB hwm=4748MB
RSS_SAMPLE t=1188.9s rss=4748MB hwm=4748MB
RSS_SAMPLE t=1189.1s rss=4748MB hwm=4748MB
RSS_SAMPLE t=1189.4s rss=4748MB hwm=4748MB
RSS_SAMPLE t=1189.6s rss=4748MB hwm=4748MB
RSS_SAMPLE t=1189.9s rss=4748MB hwm=4748MB
RSS_SAMPLE t=1190.1s rss=4748MB hwm=4748MB
RSS_SAMPLE t=1190.4s rss=4748MB hwm=4748MB
RSS_SAMPLE t=1190.6s rss=4748MB hwm=4748MB
RSS_SAMPLE t=1190.9s rss=4748MB hwm=4748MB
RSS_SAMPLE t=1191.1s rss=4748MB hwm=4748MB
RSS_SAMPLE t=1191.4s rss=4748MB hwm=4748MB
RSS_SAMPLE t=1191.6s rss=4748MB hwm=4748MB
RSS_SAMPLE t=1191.9s rss=4748MB hwm=4748MB
RSS_SAMPLE t=1192.1s rss=4748MB hwm=4748MB
RSS_SAMPLE t=1192.4s rss=4748MB hwm=4748MB
RSS_SAMPLE t=1192.6s rss=4748MB hwm=4748MB
RSS_SAMPLE t=1192.9s rss=4748MB hwm=4748MB
RSS_SAMPLE t=1193.1s rss=4748MB hwm=4748MB
RSS_SAMPLE t=1193.4s rss=4748MB hwm=4748MB
RSS_SAMPLE t=1193.6s rss=4748MB hwm=4748MB
RSS_SAMPLE t=1193.9s rss=4748MB hwm=4748MB
RSS_SAMPLE t=1194.1s rss=4748MB hwm=4748MB
RSS_SAMPLE t=1194.4s rss=4748MB hwm=4748MB
RSS_SAMPLE t=1194.6s rss=4748MB hwm=4748MB
RSS_SAMPLE t=1194.9s rss=4748MB hwm=4748MB
RSS_SAMPLE t=1195.1s rss=4748MB hwm=4748MB
RSS_SAMPLE t=1195.4s rss=4748MB hwm=4748MB
RSS_SAMPLE t=1195.6s rss=4748MB hwm=4748MB
RSS_SAMPLE t=1195.9s rss=4748MB hwm=4748MB
RSS_SAMPLE t=1196.1s rss=4748MB hwm=4748MB
RSS_SAMPLE t=1196.4s rss=4748MB hwm=4748MB
RSS_SAMPLE t=1196.6s rss=4748MB hwm=4748MB
RSS_SAMPLE t=1196.9s rss=4748MB hwm=4748MB
RSS_SAMPLE t=1197.1s rss=4748MB hwm=4748MB
RSS_SAMPLE t=1197.4s rss=4748MB hwm=4748MB
RSS_SAMPLE t=1197.6s rss=4748MB hwm=4748MB
RSS_SAMPLE t=1197.9s rss=4748MB hwm=4748MB
RSS_SAMPLE t=1198.1s rss=4748MB hwm=4748MB
RSS_SAMPLE t=1198.4s rss=4748MB hwm=4748MB
RSS_SAMPLE t=1198.6s rss=4748MB hwm=4748MB
RSS_SAMPLE t=1198.9s rss=4748MB hwm=4748MB
RSS_SAMPLE t=1199.1s rss=4748MB hwm=4748MB
RSS_SAMPLE t=1199.4s rss=4748MB hwm=4748MB
RSS_SAMPLE t=1199.6s rss=4748MB hwm=4748MB
RSS_SAMPLE t=1199.9s rss=4748MB hwm=4748MB
RSS_SAMPLE t=1200.1s rss=4748MB hwm=4748MB
RSS_SAMPLE t=1200.4s rss=4748MB hwm=4748MB
RSS_SAMPLE t=1200.6s rss=4748MB hwm=4748MB
RSS_SAMPLE t=1200.9s rss=4748MB hwm=4748MB
RSS_SAMPLE t=1201.1s rss=4748MB hwm=4748MB
RSS_SAMPLE t=1201.4s rss=4748MB hwm=4748MB
RSS_SAMPLE t=1201.6s rss=4748MB hwm=4748MB
RSS_SAMPLE t=1201.9s rss=4748MB hwm=4748MB
RSS_SAMPLE t=1202.1s rss=4748MB hwm=4748MB
RSS_SAMPLE t=1202.4s rss=4748MB hwm=4748MB
RSS_SAMPLE t=1202.6s rss=4748MB hwm=4748MB
RSS_SAMPLE t=1202.9s rss=4748MB hwm=4748MB
RSS_SAMPLE t=1203.1s rss=4748MB hwm=4748MB
RSS_SAMPLE t=1203.4s rss=4748MB hwm=4748MB
RSS_SAMPLE t=1203.6s rss=4748MB hwm=4748MB
RSS_SAMPLE t=1203.9s rss=4748MB hwm=4748MB
RSS_SAMPLE t=1204.1s rss=4748MB hwm=4748MB
RSS_SAMPLE t=1204.4s rss=4748MB hwm=4748MB
RSS_SAMPLE t=1204.6s rss=4748MB hwm=4748MB
RSS_SAMPLE t=1204.9s rss=4748MB hwm=4748MB
RSS_SAMPLE t=1205.1s rss=4748MB hwm=4748MB
RSS_SAMPLE t=1205.4s rss=4748MB hwm=4748MB
RSS_SAMPLE t=1205.6s rss=4748MB hwm=4748MB
RSS_SAMPLE t=1205.9s rss=4748MB hwm=4748MB
RSS_SAMPLE t=1206.1s rss=4748MB hwm=4748MB
RSS_SAMPLE t=1206.4s rss=4748MB hwm=4748MB
RSS_SAMPLE t=1206.6s rss=4748MB hwm=4748MB
RSS_SAMPLE t=1206.9s rss=4748MB hwm=4748MB
RSS_SAMPLE t=1207.1s rss=4748MB hwm=4748MB
RSS_SAMPLE t=1207.4s rss=4748MB hwm=4748MB
RSS_SAMPLE t=1207.6s rss=4748MB hwm=4748MB
RSS_SAMPLE t=1207.9s rss=4748MB hwm=4748MB
RSS_SAMPLE t=1208.1s rss=4748MB hwm=4748MB
RSS_SAMPLE t=1208.4s rss=4748MB hwm=4748MB
RSS_SAMPLE t=1208.6s rss=4748MB hwm=4748MB
RSS_SAMPLE t=1208.9s rss=4748MB hwm=4748MB
RSS_SAMPLE t=1209.1s rss=4748MB hwm=4748MB
RSS_SAMPLE t=1209.4s rss=4748MB hwm=4748MB
RSS_SAMPLE t=1209.6s rss=4748MB hwm=4748MB
RSS_SAMPLE t=1209.9s rss=4748MB hwm=4748MB
RSS_SAMPLE t=1210.1s rss=4748MB hwm=4748MB
RSS_SAMPLE t=1210.4s rss=4748MB hwm=4748MB
RSS_SAMPLE t=1210.6s rss=4748MB hwm=4748MB
RSS_SAMPLE t=1210.9s rss=4748MB hwm=4748MB
MEM_POOL: workspaces=32 dense_usage_mb=1251 n_pipes=2562403
    post_solve_diag[outer=15]: solves=105117 cap_armed=105117 (100.0%) settle_avg=3692 above_sink_avg=235 (6.4%) settle_max=69352
    load_support[outer=15]: settle_avg=3692 load_nz_avg=2503 (67.8%) load_material_avg=1090 (29.5%)
    prune_ceiling[outer=15]: settle_avg=3692 heuristic_prunable_avg=476 (12.9%) vs oracle_zero_load=32.2%
    settle_hist[outer=15]: <100: 24740nets/0.5%work  <1k: 33583nets/3.0%work  <5k: 24286nets/16.1%work  <20k: 18120nets/47.5%work  <60k: 4370nets/32.6%work  >=60k: 18nets/0.3%work
    fanout_hist[outer=15]: fan1: 43710nets/14.2%work  fan2-4: 48279nets/49.4%work  fan5-16: 12974nets/35.4%work  fan17-64: 154nets/1.1%work  fan65-256: 0nets/0.0%work  fan>256: 0nets/0.0%work
    rss_probe[outer=15]: pre_post_solve=4747MB post_post_solve=4748MB after_apply=4748MB
    E_decomp: base=14855482.1 eff=17453267.1 cong=2597785.0 cong_share=14.9% sat_pipes=422792 max_util=718.33  R_buckets: 1-2x=2520358 2-10x=42045 10-100x=0 >=100x=0
    E_potential: beckmann=935547286424.6 history_total=0.0
    SpanCache: epoch=16 entries=1873 lookups=2562403 hits=2560530 misses=1873 hit_rate=99.9%
  DCD  15: nets=105117 line=8989482 energy=1488551.332 dE=-56649.895 friction=2269491.4 bins=1.9x(159) excess=44.2 moved=73262 disp=3.846 solves=105117 skip=105117 pops=388063075 theta=2.661 refresh=39114ms dcd=6602ms total=48211ms
    cache_stats: entries=59701735 capacity=131689264 est_mb=1135 rss_mb=4748
RSS_SAMPLE t=1211.1s rss=4748MB hwm=4748MB
RSS_SAMPLE t=1211.4s rss=4748MB hwm=4748MB
RSS_SAMPLE t=1211.6s rss=4748MB hwm=4748MB
RSS_SAMPLE t=1211.9s rss=4748MB hwm=4748MB
RSS_SAMPLE t=1212.1s rss=4748MB hwm=4748MB
RSS_SAMPLE t=1212.4s rss=4748MB hwm=4748MB
RSS_SAMPLE t=1212.6s rss=4748MB hwm=4748MB
RSS_SAMPLE t=1212.9s rss=4748MB hwm=4748MB
RSS_SAMPLE t=1213.1s rss=4748MB hwm=4748MB
RSS_SAMPLE t=1213.4s rss=4748MB hwm=4748MB
    SwitchMatrix: type_usage_pairs=672 lookups=2024 hits=1352 dijkstra_calls=672 avg_us=12.1 total_ms=8.1
PHASE_MARK outer=16 enter=pre_solve rss=4748MB
    rss_probe[outer=16]: pre_refresh_rss=4748MB post_pre_solve_rss=4748MB cache_entries=59701735 cache_cap=131689264 cache_est_mb=1135
    pre_solve_diag[outer=16]: solves=0 fallback=0 (0.0%) cap_armed=0 (0.0%) settle_avg=0 settle_max=0 init_count=248
    Overflow: over=370544 (14.5% of used) avg_excess=0.94 max_excess=1173.53 (nc=1197.53 cap=24 span=1)  excess_buckets: <=1=273671 1-5=88346 5-20=8202 >20=325  by_cap: cap1=252058 cap2=96477 cap3-5=497 cap>5=21512  by_span: s1=404 s2-3=258 s4-6=17917 s7-12=92221 s>12=259744  le1_cross: cap1=207617 cap2-5=61790 cap>5=4264
    Congestion: pipes=2562403 used=2562403 congested(>50%)=798309 saturated(>90%)=422792 max_util=718.33 avg_util=0.4637
PHASE_MARK outer=16 enter=dcd_sweep rss=4748MB
RSS_SAMPLE t=1213.6s rss=4748MB hwm=4748MB
RSS_SAMPLE t=1213.9s rss=4748MB hwm=4748MB
RSS_SAMPLE t=1214.1s rss=4748MB hwm=4748MB
RSS_SAMPLE t=1214.4s rss=4748MB hwm=4748MB
RSS_SAMPLE t=1214.6s rss=4748MB hwm=4748MB
RSS_SAMPLE t=1214.9s rss=4748MB hwm=4748MB
RSS_SAMPLE t=1215.1s rss=4748MB hwm=4748MB
RSS_SAMPLE t=1215.4s rss=4748MB hwm=4748MB
RSS_SAMPLE t=1215.6s rss=4748MB hwm=4748MB
RSS_SAMPLE t=1215.9s rss=4748MB hwm=4748MB
RSS_SAMPLE t=1216.1s rss=4748MB hwm=4748MB
RSS_SAMPLE t=1216.4s rss=4748MB hwm=4748MB
RSS_SAMPLE t=1216.6s rss=4748MB hwm=4748MB
RSS_SAMPLE t=1216.9s rss=4748MB hwm=4748MB
RSS_SAMPLE t=1217.1s rss=4748MB hwm=4748MB
RSS_SAMPLE t=1217.4s rss=4748MB hwm=4748MB
RSS_SAMPLE t=1217.7s rss=4748MB hwm=4748MB
RSS_SAMPLE t=1217.9s rss=4748MB hwm=4748MB
RSS_SAMPLE t=1218.2s rss=4748MB hwm=4748MB
RSS_SAMPLE t=1218.4s rss=4748MB hwm=4748MB
RSS_SAMPLE t=1218.7s rss=4748MB hwm=4748MB
RSS_SAMPLE t=1218.9s rss=4748MB hwm=4748MB
RSS_SAMPLE t=1219.2s rss=4748MB hwm=4748MB
RSS_SAMPLE t=1219.4s rss=4748MB hwm=4748MB
RSS_SAMPLE t=1219.7s rss=4748MB hwm=4748MB
RSS_SAMPLE t=1219.9s rss=4748MB hwm=4748MB
PHASE_MARK outer=16 leave=dcd_sweep rss=4748MB
PHASE_MARK outer=16 enter=post_refresh rss=4748MB
RSS_SAMPLE t=1220.2s rss=4748MB hwm=4748MB
RSS_SAMPLE t=1220.4s rss=4748MB hwm=4748MB
RSS_SAMPLE t=1220.7s rss=4748MB hwm=4748MB
RSS_SAMPLE t=1220.9s rss=4748MB hwm=4748MB
RSS_SAMPLE t=1221.2s rss=4748MB hwm=4748MB
RSS_SAMPLE t=1221.4s rss=4748MB hwm=4748MB
RSS_SAMPLE t=1221.7s rss=4748MB hwm=4748MB
RSS_SAMPLE t=1221.9s rss=4748MB hwm=4748MB
RSS_SAMPLE t=1222.2s rss=4748MB hwm=4748MB
RSS_SAMPLE t=1222.4s rss=4748MB hwm=4748MB
RSS_SAMPLE t=1222.7s rss=4748MB hwm=4748MB
RSS_SAMPLE t=1222.9s rss=4748MB hwm=4748MB
RSS_SAMPLE t=1223.2s rss=4748MB hwm=4748MB
RSS_SAMPLE t=1223.4s rss=4748MB hwm=4748MB
RSS_SAMPLE t=1223.7s rss=4748MB hwm=4748MB
RSS_SAMPLE t=1223.9s rss=4748MB hwm=4748MB
RSS_SAMPLE t=1224.2s rss=4748MB hwm=4748MB
RSS_SAMPLE t=1224.4s rss=4748MB hwm=4748MB
RSS_SAMPLE t=1224.7s rss=4748MB hwm=4748MB
RSS_SAMPLE t=1224.9s rss=4748MB hwm=4748MB
RSS_SAMPLE t=1225.2s rss=4748MB hwm=4748MB
RSS_SAMPLE t=1225.4s rss=4748MB hwm=4748MB
RSS_SAMPLE t=1225.7s rss=4748MB hwm=4748MB
RSS_SAMPLE t=1225.9s rss=4748MB hwm=4748MB
RSS_SAMPLE t=1226.2s rss=4748MB hwm=4748MB
RSS_SAMPLE t=1226.4s rss=4748MB hwm=4748MB
RSS_SAMPLE t=1226.7s rss=4748MB hwm=4748MB
RSS_SAMPLE t=1226.9s rss=4748MB hwm=4748MB
RSS_SAMPLE t=1227.2s rss=4748MB hwm=4748MB
RSS_SAMPLE t=1227.4s rss=4748MB hwm=4748MB
RSS_SAMPLE t=1227.7s rss=4748MB hwm=4748MB
RSS_SAMPLE t=1227.9s rss=4748MB hwm=4748MB
RSS_SAMPLE t=1228.2s rss=4748MB hwm=4748MB
RSS_SAMPLE t=1228.4s rss=4748MB hwm=4748MB
RSS_SAMPLE t=1228.7s rss=4748MB hwm=4748MB
RSS_SAMPLE t=1228.9s rss=4748MB hwm=4748MB
RSS_SAMPLE t=1229.2s rss=4748MB hwm=4748MB
RSS_SAMPLE t=1229.4s rss=4748MB hwm=4748MB
RSS_SAMPLE t=1229.7s rss=4748MB hwm=4748MB
RSS_SAMPLE t=1229.9s rss=4748MB hwm=4748MB
RSS_SAMPLE t=1230.2s rss=4748MB hwm=4748MB
RSS_SAMPLE t=1230.4s rss=4748MB hwm=4748MB
RSS_SAMPLE t=1230.7s rss=4748MB hwm=4748MB
RSS_SAMPLE t=1230.9s rss=4748MB hwm=4748MB
RSS_SAMPLE t=1231.2s rss=4748MB hwm=4748MB
RSS_SAMPLE t=1231.4s rss=4748MB hwm=4748MB
RSS_SAMPLE t=1231.7s rss=4748MB hwm=4748MB
RSS_SAMPLE t=1231.9s rss=4748MB hwm=4748MB
RSS_SAMPLE t=1232.2s rss=4748MB hwm=4748MB
RSS_SAMPLE t=1232.4s rss=4748MB hwm=4748MB
RSS_SAMPLE t=1232.7s rss=4748MB hwm=4748MB
RSS_SAMPLE t=1232.9s rss=4748MB hwm=4748MB
RSS_SAMPLE t=1233.2s rss=4748MB hwm=4748MB
RSS_SAMPLE t=1233.4s rss=4748MB hwm=4748MB
RSS_SAMPLE t=1233.7s rss=4748MB hwm=4748MB
RSS_SAMPLE t=1233.9s rss=4748MB hwm=4748MB
RSS_SAMPLE t=1234.2s rss=4748MB hwm=4748MB
RSS_SAMPLE t=1234.4s rss=4748MB hwm=4748MB
RSS_SAMPLE t=1234.7s rss=4748MB hwm=4748MB
RSS_SAMPLE t=1234.9s rss=4748MB hwm=4748MB
RSS_SAMPLE t=1235.2s rss=4748MB hwm=4748MB
RSS_SAMPLE t=1235.4s rss=4748MB hwm=4748MB
RSS_SAMPLE t=1235.7s rss=4748MB hwm=4748MB
RSS_SAMPLE t=1235.9s rss=4748MB hwm=4748MB
RSS_SAMPLE t=1236.2s rss=4748MB hwm=4748MB
RSS_SAMPLE t=1236.4s rss=4748MB hwm=4748MB
RSS_SAMPLE t=1236.7s rss=4748MB hwm=4748MB
RSS_SAMPLE t=1236.9s rss=4748MB hwm=4748MB
RSS_SAMPLE t=1237.2s rss=4748MB hwm=4748MB
RSS_SAMPLE t=1237.4s rss=4748MB hwm=4748MB
RSS_SAMPLE t=1237.7s rss=4748MB hwm=4748MB
RSS_SAMPLE t=1237.9s rss=4748MB hwm=4748MB
RSS_SAMPLE t=1238.2s rss=4748MB hwm=4748MB
RSS_SAMPLE t=1238.4s rss=4748MB hwm=4748MB
RSS_SAMPLE t=1238.7s rss=4748MB hwm=4748MB
RSS_SAMPLE t=1238.9s rss=4748MB hwm=4748MB
RSS_SAMPLE t=1239.2s rss=4748MB hwm=4748MB
RSS_SAMPLE t=1239.4s rss=4748MB hwm=4748MB
RSS_SAMPLE t=1239.7s rss=4748MB hwm=4748MB
RSS_SAMPLE t=1239.9s rss=4748MB hwm=4748MB
RSS_SAMPLE t=1240.2s rss=4749MB hwm=4749MB
RSS_SAMPLE t=1240.4s rss=4749MB hwm=4749MB
RSS_SAMPLE t=1240.7s rss=4749MB hwm=4749MB
RSS_SAMPLE t=1240.9s rss=4749MB hwm=4749MB
RSS_SAMPLE t=1241.2s rss=4749MB hwm=4749MB
RSS_SAMPLE t=1241.4s rss=4749MB hwm=4749MB
RSS_SAMPLE t=1241.7s rss=4749MB hwm=4749MB
RSS_SAMPLE t=1241.9s rss=4749MB hwm=4749MB
RSS_SAMPLE t=1242.2s rss=4749MB hwm=4749MB
RSS_SAMPLE t=1242.4s rss=4749MB hwm=4749MB
RSS_SAMPLE t=1242.7s rss=4749MB hwm=4749MB
RSS_SAMPLE t=1242.9s rss=4749MB hwm=4749MB
RSS_SAMPLE t=1243.2s rss=4749MB hwm=4749MB
RSS_SAMPLE t=1243.4s rss=4749MB hwm=4749MB
RSS_SAMPLE t=1243.7s rss=4749MB hwm=4749MB
RSS_SAMPLE t=1243.9s rss=4749MB hwm=4749MB
RSS_SAMPLE t=1244.2s rss=4749MB hwm=4749MB
RSS_SAMPLE t=1244.4s rss=4749MB hwm=4749MB
RSS_SAMPLE t=1244.7s rss=4749MB hwm=4749MB
RSS_SAMPLE t=1244.9s rss=4749MB hwm=4749MB
RSS_SAMPLE t=1245.2s rss=4749MB hwm=4749MB
RSS_SAMPLE t=1245.4s rss=4749MB hwm=4749MB
RSS_SAMPLE t=1245.7s rss=4749MB hwm=4749MB
RSS_SAMPLE t=1245.9s rss=4749MB hwm=4749MB
RSS_SAMPLE t=1246.2s rss=4749MB hwm=4749MB
RSS_SAMPLE t=1246.4s rss=4749MB hwm=4749MB
RSS_SAMPLE t=1246.7s rss=4749MB hwm=4749MB
RSS_SAMPLE t=1246.9s rss=4749MB hwm=4749MB
RSS_SAMPLE t=1247.2s rss=4749MB hwm=4749MB
RSS_SAMPLE t=1247.4s rss=4749MB hwm=4749MB
RSS_SAMPLE t=1247.7s rss=4749MB hwm=4749MB
RSS_SAMPLE t=1247.9s rss=4749MB hwm=4749MB
RSS_SAMPLE t=1248.2s rss=4749MB hwm=4749MB
RSS_SAMPLE t=1248.4s rss=4749MB hwm=4749MB
RSS_SAMPLE t=1248.7s rss=4749MB hwm=4749MB
RSS_SAMPLE t=1248.9s rss=4749MB hwm=4749MB
RSS_SAMPLE t=1249.2s rss=4749MB hwm=4749MB
RSS_SAMPLE t=1249.4s rss=4749MB hwm=4749MB
RSS_SAMPLE t=1249.7s rss=4749MB hwm=4749MB
RSS_SAMPLE t=1249.9s rss=4749MB hwm=4749MB
RSS_SAMPLE t=1250.2s rss=4749MB hwm=4749MB
RSS_SAMPLE t=1250.4s rss=4749MB hwm=4749MB
RSS_SAMPLE t=1250.7s rss=4749MB hwm=4749MB
RSS_SAMPLE t=1250.9s rss=4749MB hwm=4749MB
RSS_SAMPLE t=1251.2s rss=4749MB hwm=4749MB
RSS_SAMPLE t=1251.4s rss=4749MB hwm=4749MB
RSS_SAMPLE t=1251.7s rss=4749MB hwm=4749MB
RSS_SAMPLE t=1251.9s rss=4749MB hwm=4749MB
RSS_SAMPLE t=1252.2s rss=4749MB hwm=4749MB
RSS_SAMPLE t=1252.4s rss=4749MB hwm=4749MB
RSS_SAMPLE t=1252.7s rss=4749MB hwm=4749MB
RSS_SAMPLE t=1252.9s rss=4749MB hwm=4749MB
RSS_SAMPLE t=1253.2s rss=4749MB hwm=4749MB
RSS_SAMPLE t=1253.4s rss=4749MB hwm=4749MB
RSS_SAMPLE t=1253.7s rss=4749MB hwm=4749MB
RSS_SAMPLE t=1253.9s rss=4749MB hwm=4749MB
RSS_SAMPLE t=1254.2s rss=4749MB hwm=4749MB
RSS_SAMPLE t=1254.4s rss=4749MB hwm=4749MB
RSS_SAMPLE t=1254.7s rss=4749MB hwm=4749MB
RSS_SAMPLE t=1254.9s rss=4749MB hwm=4749MB
RSS_SAMPLE t=1255.2s rss=4749MB hwm=4749MB
RSS_SAMPLE t=1255.4s rss=4749MB hwm=4749MB
RSS_SAMPLE t=1255.7s rss=4749MB hwm=4749MB
RSS_SAMPLE t=1255.9s rss=4749MB hwm=4749MB
MEM_POOL: workspaces=32 dense_usage_mb=1251 n_pipes=2562403
    post_solve_diag[outer=16]: solves=105117 cap_armed=105117 (100.0%) settle_avg=3494 above_sink_avg=233 (6.7%) settle_max=69353
    load_support[outer=16]: settle_avg=3494 load_nz_avg=2371 (67.9%) load_material_avg=1037 (29.7%)
    prune_ceiling[outer=16]: settle_avg=3494 heuristic_prunable_avg=425 (12.2%) vs oracle_zero_load=32.1%
    settle_hist[outer=16]: <100: 25214nets/0.5%work  <1k: 33975nets/3.2%work  <5k: 24334nets/17.0%work  <20k: 17645nets/48.3%work  <60k: 3938nets/30.7%work  >=60k: 11nets/0.2%work
    fanout_hist[outer=16]: fan1: 43710nets/14.3%work  fan2-4: 48279nets/49.3%work  fan5-16: 12974nets/35.4%work  fan17-64: 154nets/1.1%work  fan65-256: 0nets/0.0%work  fan>256: 0nets/0.0%work
    rss_probe[outer=16]: pre_post_solve=4748MB post_post_solve=4749MB after_apply=4749MB
    E_decomp: base=14259867.9 eff=16695369.5 cong=2435501.6 cong_share=14.6% sat_pipes=404775 max_util=707.58  R_buckets: 1-2x=2526350 2-10x=36053 10-100x=0 >=100x=0
    E_potential: beckmann=899217448828.5 history_total=0.0
    SpanCache: epoch=17 entries=2024 lookups=2562403 hits=2560379 misses=2024 hit_rate=99.9%
  DCD  16: nets=105117 line=8627614 energy=1444494.341 dE=-44056.991 friction=2155972.6 bins=1.9x(150) excess=45.4 moved=73515 disp=3.671 solves=105117 skip=105117 pops=367275921 theta=3.116 refresh=36027ms dcd=6575ms total=45083ms
    cache_stats: entries=58932605 capacity=130917360 est_mb=1128 rss_mb=4749
RSS_SAMPLE t=1256.2s rss=4749MB hwm=4749MB
RSS_SAMPLE t=1256.4s rss=4749MB hwm=4749MB
RSS_SAMPLE t=1256.7s rss=4749MB hwm=4749MB
RSS_SAMPLE t=1256.9s rss=4749MB hwm=4749MB
RSS_SAMPLE t=1257.2s rss=4749MB hwm=4749MB
RSS_SAMPLE t=1257.4s rss=4749MB hwm=4749MB
RSS_SAMPLE t=1257.7s rss=4749MB hwm=4749MB
RSS_SAMPLE t=1257.9s rss=4749MB hwm=4749MB
RSS_SAMPLE t=1258.2s rss=4749MB hwm=4749MB
RSS_SAMPLE t=1258.4s rss=4749MB hwm=4749MB
RSS_SAMPLE t=1258.7s rss=4749MB hwm=4749MB
    SwitchMatrix: type_usage_pairs=642 lookups=1932 hits=1290 dijkstra_calls=642 avg_us=12.2 total_ms=7.8
PHASE_MARK outer=17 enter=pre_solve rss=4749MB
    rss_probe[outer=17]: pre_refresh_rss=4749MB post_pre_solve_rss=4749MB cache_entries=58932605 cache_cap=130917360 cache_est_mb=1128
    pre_solve_diag[outer=17]: solves=0 fallback=0 (0.0%) cap_armed=0 (0.0%) settle_avg=0 settle_max=0 init_count=227
    Overflow: over=355960 (13.9% of used) avg_excess=0.92 max_excess=1088.35 (nc=1112.35 cap=24 span=1)  excess_buckets: <=1=264746 1-5=82997 5-20=7967 >20=250  by_cap: cap1=240061 cap2=95323 cap3-5=411 cap>5=20165  by_span: s1=372 s2-3=237 s4-6=17011 s7-12=90705 s>12=247635  le1_cross: cap1=197078 cap2-5=63719 cap>5=3949
    Congestion: pipes=2562403 used=2562403 congested(>50%)=758045 saturated(>90%)=404775 max_util=707.58 avg_util=0.4457
PHASE_MARK outer=17 enter=dcd_sweep rss=4749MB
RSS_SAMPLE t=1258.9s rss=4749MB hwm=4749MB
RSS_SAMPLE t=1259.2s rss=4749MB hwm=4749MB
RSS_SAMPLE t=1259.4s rss=4749MB hwm=4749MB
RSS_SAMPLE t=1259.7s rss=4749MB hwm=4749MB
RSS_SAMPLE t=1259.9s rss=4749MB hwm=4749MB
RSS_SAMPLE t=1260.2s rss=4749MB hwm=4749MB
RSS_SAMPLE t=1260.4s rss=4749MB hwm=4749MB
RSS_SAMPLE t=1260.7s rss=4749MB hwm=4749MB
RSS_SAMPLE t=1260.9s rss=4749MB hwm=4749MB
RSS_SAMPLE t=1261.2s rss=4749MB hwm=4749MB
RSS_SAMPLE t=1261.4s rss=4749MB hwm=4749MB
RSS_SAMPLE t=1261.7s rss=4749MB hwm=4749MB
RSS_SAMPLE t=1261.9s rss=4749MB hwm=4749MB
RSS_SAMPLE t=1262.2s rss=4749MB hwm=4749MB
RSS_SAMPLE t=1262.4s rss=4749MB hwm=4749MB
RSS_SAMPLE t=1262.7s rss=4749MB hwm=4749MB
RSS_SAMPLE t=1262.9s rss=4749MB hwm=4749MB
RSS_SAMPLE t=1263.2s rss=4749MB hwm=4749MB
RSS_SAMPLE t=1263.4s rss=4749MB hwm=4749MB
RSS_SAMPLE t=1263.7s rss=4749MB hwm=4749MB
RSS_SAMPLE t=1263.9s rss=4749MB hwm=4749MB
RSS_SAMPLE t=1264.2s rss=4749MB hwm=4749MB
RSS_SAMPLE t=1264.4s rss=4749MB hwm=4749MB
RSS_SAMPLE t=1264.7s rss=4749MB hwm=4749MB
RSS_SAMPLE t=1264.9s rss=4749MB hwm=4749MB
RSS_SAMPLE t=1265.2s rss=4749MB hwm=4749MB
PHASE_MARK outer=17 leave=dcd_sweep rss=4749MB
PHASE_MARK outer=17 enter=post_refresh rss=4749MB
RSS_SAMPLE t=1265.4s rss=4749MB hwm=4749MB
RSS_SAMPLE t=1265.7s rss=4749MB hwm=4749MB
RSS_SAMPLE t=1265.9s rss=4749MB hwm=4749MB
RSS_SAMPLE t=1266.2s rss=4749MB hwm=4749MB
RSS_SAMPLE t=1266.4s rss=4749MB hwm=4749MB
RSS_SAMPLE t=1266.7s rss=4749MB hwm=4749MB
RSS_SAMPLE t=1266.9s rss=4749MB hwm=4749MB
RSS_SAMPLE t=1267.2s rss=4749MB hwm=4749MB
RSS_SAMPLE t=1267.4s rss=4749MB hwm=4749MB
RSS_SAMPLE t=1267.7s rss=4749MB hwm=4749MB
RSS_SAMPLE t=1267.9s rss=4749MB hwm=4749MB
RSS_SAMPLE t=1268.2s rss=4749MB hwm=4749MB
RSS_SAMPLE t=1268.4s rss=4749MB hwm=4749MB
RSS_SAMPLE t=1268.7s rss=4749MB hwm=4749MB
RSS_SAMPLE t=1268.9s rss=4749MB hwm=4749MB
RSS_SAMPLE t=1269.2s rss=4749MB hwm=4749MB
RSS_SAMPLE t=1269.4s rss=4749MB hwm=4749MB
RSS_SAMPLE t=1269.7s rss=4749MB hwm=4749MB
RSS_SAMPLE t=1269.9s rss=4749MB hwm=4749MB
RSS_SAMPLE t=1270.2s rss=4749MB hwm=4749MB
RSS_SAMPLE t=1270.4s rss=4749MB hwm=4749MB
RSS_SAMPLE t=1270.7s rss=4749MB hwm=4749MB
RSS_SAMPLE t=1270.9s rss=4749MB hwm=4749MB
RSS_SAMPLE t=1271.2s rss=4749MB hwm=4749MB
RSS_SAMPLE t=1271.4s rss=4749MB hwm=4749MB
RSS_SAMPLE t=1271.7s rss=4749MB hwm=4749MB
RSS_SAMPLE t=1271.9s rss=4749MB hwm=4749MB
RSS_SAMPLE t=1272.2s rss=4749MB hwm=4749MB
RSS_SAMPLE t=1272.4s rss=4749MB hwm=4749MB
RSS_SAMPLE t=1272.7s rss=4749MB hwm=4749MB
RSS_SAMPLE t=1272.9s rss=4749MB hwm=4749MB
RSS_SAMPLE t=1273.2s rss=4749MB hwm=4749MB
RSS_SAMPLE t=1273.4s rss=4749MB hwm=4749MB
RSS_SAMPLE t=1273.7s rss=4749MB hwm=4749MB
RSS_SAMPLE t=1273.9s rss=4749MB hwm=4749MB
RSS_SAMPLE t=1274.2s rss=4749MB hwm=4749MB
RSS_SAMPLE t=1274.4s rss=4749MB hwm=4749MB
RSS_SAMPLE t=1274.7s rss=4749MB hwm=4749MB
RSS_SAMPLE t=1275.0s rss=4749MB hwm=4749MB
RSS_SAMPLE t=1275.2s rss=4749MB hwm=4749MB
RSS_SAMPLE t=1275.5s rss=4749MB hwm=4749MB
RSS_SAMPLE t=1275.7s rss=4749MB hwm=4749MB
RSS_SAMPLE t=1276.0s rss=4749MB hwm=4749MB
RSS_SAMPLE t=1276.2s rss=4749MB hwm=4749MB
RSS_SAMPLE t=1276.5s rss=4749MB hwm=4749MB
RSS_SAMPLE t=1276.7s rss=4749MB hwm=4749MB
RSS_SAMPLE t=1277.0s rss=4749MB hwm=4749MB
RSS_SAMPLE t=1277.2s rss=4749MB hwm=4749MB
RSS_SAMPLE t=1277.5s rss=4749MB hwm=4749MB
RSS_SAMPLE t=1277.7s rss=4749MB hwm=4749MB
RSS_SAMPLE t=1278.0s rss=4749MB hwm=4749MB
RSS_SAMPLE t=1278.2s rss=4749MB hwm=4749MB
RSS_SAMPLE t=1278.5s rss=4749MB hwm=4749MB
RSS_SAMPLE t=1278.7s rss=4749MB hwm=4749MB
RSS_SAMPLE t=1279.0s rss=4749MB hwm=4749MB
RSS_SAMPLE t=1279.2s rss=4749MB hwm=4749MB
RSS_SAMPLE t=1279.5s rss=4749MB hwm=4749MB
RSS_SAMPLE t=1279.7s rss=4749MB hwm=4749MB
RSS_SAMPLE t=1280.0s rss=4749MB hwm=4749MB
RSS_SAMPLE t=1280.2s rss=4749MB hwm=4749MB
RSS_SAMPLE t=1280.5s rss=4749MB hwm=4749MB
RSS_SAMPLE t=1280.7s rss=4749MB hwm=4749MB
RSS_SAMPLE t=1281.0s rss=4749MB hwm=4749MB
RSS_SAMPLE t=1281.2s rss=4749MB hwm=4749MB
RSS_SAMPLE t=1281.5s rss=4749MB hwm=4749MB
RSS_SAMPLE t=1281.7s rss=4749MB hwm=4749MB
RSS_SAMPLE t=1282.0s rss=4749MB hwm=4749MB
RSS_SAMPLE t=1282.2s rss=4749MB hwm=4749MB
RSS_SAMPLE t=1282.5s rss=4749MB hwm=4749MB
RSS_SAMPLE t=1282.7s rss=4749MB hwm=4749MB
RSS_SAMPLE t=1283.0s rss=4749MB hwm=4749MB
RSS_SAMPLE t=1283.2s rss=4749MB hwm=4749MB
RSS_SAMPLE t=1283.5s rss=4749MB hwm=4749MB
RSS_SAMPLE t=1283.7s rss=4749MB hwm=4749MB
RSS_SAMPLE t=1284.0s rss=4749MB hwm=4749MB
RSS_SAMPLE t=1284.2s rss=4749MB hwm=4749MB
RSS_SAMPLE t=1284.5s rss=4749MB hwm=4749MB
RSS_SAMPLE t=1284.7s rss=4749MB hwm=4749MB
RSS_SAMPLE t=1285.0s rss=4749MB hwm=4749MB
RSS_SAMPLE t=1285.2s rss=4749MB hwm=4749MB
RSS_SAMPLE t=1285.5s rss=4749MB hwm=4749MB
RSS_SAMPLE t=1285.7s rss=4749MB hwm=4749MB
RSS_SAMPLE t=1286.0s rss=4749MB hwm=4749MB
RSS_SAMPLE t=1286.2s rss=4749MB hwm=4749MB
RSS_SAMPLE t=1286.5s rss=4749MB hwm=4749MB
RSS_SAMPLE t=1286.7s rss=4749MB hwm=4749MB
RSS_SAMPLE t=1287.0s rss=4749MB hwm=4749MB
RSS_SAMPLE t=1287.2s rss=4749MB hwm=4749MB
RSS_SAMPLE t=1287.5s rss=4749MB hwm=4749MB
RSS_SAMPLE t=1287.7s rss=4749MB hwm=4749MB
RSS_SAMPLE t=1288.0s rss=4749MB hwm=4749MB
RSS_SAMPLE t=1288.2s rss=4749MB hwm=4749MB
RSS_SAMPLE t=1288.5s rss=4749MB hwm=4749MB
RSS_SAMPLE t=1288.7s rss=4749MB hwm=4749MB
RSS_SAMPLE t=1289.0s rss=4749MB hwm=4749MB
RSS_SAMPLE t=1289.2s rss=4749MB hwm=4749MB
RSS_SAMPLE t=1289.5s rss=4749MB hwm=4749MB
RSS_SAMPLE t=1289.7s rss=4749MB hwm=4749MB
RSS_SAMPLE t=1290.0s rss=4749MB hwm=4749MB
RSS_SAMPLE t=1290.2s rss=4749MB hwm=4749MB
RSS_SAMPLE t=1290.5s rss=4749MB hwm=4749MB
RSS_SAMPLE t=1290.7s rss=4749MB hwm=4749MB
RSS_SAMPLE t=1291.0s rss=4749MB hwm=4749MB
RSS_SAMPLE t=1291.2s rss=4749MB hwm=4749MB
RSS_SAMPLE t=1291.5s rss=4749MB hwm=4749MB
RSS_SAMPLE t=1291.7s rss=4749MB hwm=4749MB
RSS_SAMPLE t=1292.0s rss=4749MB hwm=4749MB
RSS_SAMPLE t=1292.2s rss=4749MB hwm=4749MB
RSS_SAMPLE t=1292.5s rss=4749MB hwm=4749MB
RSS_SAMPLE t=1292.7s rss=4749MB hwm=4749MB
RSS_SAMPLE t=1293.0s rss=4749MB hwm=4749MB
RSS_SAMPLE t=1293.2s rss=4749MB hwm=4749MB
RSS_SAMPLE t=1293.5s rss=4749MB hwm=4749MB
RSS_SAMPLE t=1293.7s rss=4749MB hwm=4749MB
RSS_SAMPLE t=1294.0s rss=4749MB hwm=4749MB
RSS_SAMPLE t=1294.2s rss=4749MB hwm=4749MB
RSS_SAMPLE t=1294.5s rss=4749MB hwm=4749MB
RSS_SAMPLE t=1294.7s rss=4749MB hwm=4749MB
RSS_SAMPLE t=1295.0s rss=4749MB hwm=4749MB
RSS_SAMPLE t=1295.2s rss=4749MB hwm=4749MB
RSS_SAMPLE t=1295.5s rss=4749MB hwm=4749MB
RSS_SAMPLE t=1295.7s rss=4749MB hwm=4749MB
RSS_SAMPLE t=1296.0s rss=4749MB hwm=4749MB
RSS_SAMPLE t=1296.2s rss=4749MB hwm=4749MB
RSS_SAMPLE t=1296.5s rss=4749MB hwm=4749MB
RSS_SAMPLE t=1296.7s rss=4749MB hwm=4749MB
RSS_SAMPLE t=1297.0s rss=4749MB hwm=4749MB
RSS_SAMPLE t=1297.2s rss=4749MB hwm=4749MB
RSS_SAMPLE t=1297.5s rss=4749MB hwm=4749MB
RSS_SAMPLE t=1297.7s rss=4749MB hwm=4749MB
RSS_SAMPLE t=1298.0s rss=4749MB hwm=4749MB
RSS_SAMPLE t=1298.2s rss=4749MB hwm=4749MB
RSS_SAMPLE t=1298.5s rss=4749MB hwm=4749MB
RSS_SAMPLE t=1298.7s rss=4749MB hwm=4749MB
RSS_SAMPLE t=1299.0s rss=4749MB hwm=4749MB
RSS_SAMPLE t=1299.2s rss=4749MB hwm=4749MB
RSS_SAMPLE t=1299.5s rss=4749MB hwm=4749MB
RSS_SAMPLE t=1299.7s rss=4749MB hwm=4749MB
MEM_POOL: workspaces=32 dense_usage_mb=1251 n_pipes=2562403
    post_solve_diag[outer=17]: solves=105117 cap_armed=105117 (100.0%) settle_avg=3313 above_sink_avg=229 (6.9%) settle_max=69353
    load_support[outer=17]: settle_avg=3313 load_nz_avg=2243 (67.7%) load_material_avg=1006 (30.4%)
    prune_ceiling[outer=17]: settle_avg=3313 heuristic_prunable_avg=382 (11.5%) vs oracle_zero_load=32.3%
    settle_hist[outer=17]: <100: 25397nets/0.6%work  <1k: 34708nets/3.5%work  <5k: 24272nets/17.8%work  <20k: 17169nets/49.0%work  <60k: 3562nets/29.0%work  >=60k: 9nets/0.2%work
    fanout_hist[outer=17]: fan1: 43710nets/14.4%work  fan2-4: 48279nets/49.2%work  fan5-16: 12974nets/35.3%work  fan17-64: 154nets/1.1%work  fan65-256: 0nets/0.0%work  fan>256: 0nets/0.0%work
    rss_probe[outer=17]: pre_post_solve=4749MB post_post_solve=4749MB after_apply=4749MB
    E_decomp: base=13714715.2 eff=16080696.5 cong=2365981.3 cong_share=14.7% sat_pipes=380450 max_util=619.69  R_buckets: 1-2x=2540830 2-10x=21573 10-100x=0 >=100x=0
    E_potential: beckmann=444313083123.7 history_total=0.0
    SpanCache: epoch=18 entries=1932 lookups=2562403 hits=2560471 misses=1932 hit_rate=99.9%
  DCD  17: nets=105117 line=8286816 energy=1399063.198 dE=-45431.143 friction=1895617.1 bins=1.9x(178) excess=51.6 moved=73741 disp=3.474 solves=105117 skip=105117 pops=348215263 theta=3.648 refresh=34549ms dcd=6639ms total=43794ms
    cache_stats: entries=58135815 capacity=129636276 est_mb=1117 rss_mb=4749
RSS_SAMPLE t=1300.0s rss=4749MB hwm=4749MB
RSS_SAMPLE t=1300.2s rss=4749MB hwm=4749MB
RSS_SAMPLE t=1300.5s rss=4749MB hwm=4749MB
RSS_SAMPLE t=1300.7s rss=4749MB hwm=4749MB
RSS_SAMPLE t=1301.0s rss=4749MB hwm=4749MB
RSS_SAMPLE t=1301.2s rss=4749MB hwm=4749MB
RSS_SAMPLE t=1301.5s rss=4749MB hwm=4749MB
RSS_SAMPLE t=1301.7s rss=4749MB hwm=4749MB
RSS_SAMPLE t=1302.0s rss=4749MB hwm=4749MB
RSS_SAMPLE t=1302.2s rss=4749MB hwm=4749MB
    SwitchMatrix: type_usage_pairs=647 lookups=1908 hits=1261 dijkstra_calls=647 avg_us=11.0 total_ms=7.1
PHASE_MARK outer=18 enter=pre_solve rss=4749MB
    rss_probe[outer=18]: pre_refresh_rss=4749MB post_pre_solve_rss=4749MB cache_entries=58135815 cache_cap=129636276 cache_est_mb=1117
    pre_solve_diag[outer=18]: solves=0 fallback=0 (0.0%) cap_armed=0 (0.0%) settle_avg=0 settle_max=0 init_count=251
    Overflow: over=335454 (13.1% of used) avg_excess=0.96 max_excess=1041.30 (nc=1065.30 cap=24 span=1)  excess_buckets: <=1=241892 1-5=85764 5-20=7567 >20=231  by_cap: cap1=222793 cap2=93368 cap3-5=422 cap>5=18871  by_span: s1=355 s2-3=184 s4-6=16394 s7-12=88035 s>12=230486  le1_cross: cap1=179347 cap2-5=59247 cap>5=3298
    Congestion: pipes=2562403 used=2562403 congested(>50%)=719101 saturated(>90%)=380450 max_util=619.69 avg_util=0.4303
PHASE_MARK outer=18 enter=dcd_sweep rss=4749MB
RSS_SAMPLE t=1302.5s rss=4749MB hwm=4749MB
RSS_SAMPLE t=1302.7s rss=4749MB hwm=4749MB
RSS_SAMPLE t=1303.0s rss=4749MB hwm=4749MB
RSS_SAMPLE t=1303.2s rss=4749MB hwm=4749MB
RSS_SAMPLE t=1303.5s rss=4749MB hwm=4749MB
RSS_SAMPLE t=1303.7s rss=4749MB hwm=4749MB
RSS_SAMPLE t=1304.0s rss=4749MB hwm=4749MB
RSS_SAMPLE t=1304.2s rss=4749MB hwm=4749MB
RSS_SAMPLE t=1304.5s rss=4749MB hwm=4749MB
RSS_SAMPLE t=1304.7s rss=4749MB hwm=4749MB
RSS_SAMPLE t=1305.0s rss=4749MB hwm=4749MB
RSS_SAMPLE t=1305.2s rss=4749MB hwm=4749MB
RSS_SAMPLE t=1305.5s rss=4749MB hwm=4749MB
RSS_SAMPLE t=1305.7s rss=4749MB hwm=4749MB
RSS_SAMPLE t=1306.0s rss=4749MB hwm=4749MB
RSS_SAMPLE t=1306.2s rss=4749MB hwm=4749MB
RSS_SAMPLE t=1306.5s rss=4749MB hwm=4749MB
RSS_SAMPLE t=1306.7s rss=4749MB hwm=4749MB
RSS_SAMPLE t=1307.0s rss=4749MB hwm=4749MB
RSS_SAMPLE t=1307.2s rss=4749MB hwm=4749MB
RSS_SAMPLE t=1307.5s rss=4749MB hwm=4749MB
RSS_SAMPLE t=1307.7s rss=4749MB hwm=4749MB
RSS_SAMPLE t=1308.0s rss=4749MB hwm=4749MB
RSS_SAMPLE t=1308.2s rss=4749MB hwm=4749MB
RSS_SAMPLE t=1308.5s rss=4749MB hwm=4749MB
RSS_SAMPLE t=1308.7s rss=4749MB hwm=4749MB
RSS_SAMPLE t=1309.0s rss=4749MB hwm=4749MB
RSS_SAMPLE t=1309.2s rss=4749MB hwm=4749MB
PHASE_MARK outer=18 leave=dcd_sweep rss=4749MB
PHASE_MARK outer=18 enter=post_refresh rss=4749MB
RSS_SAMPLE t=1309.5s rss=4749MB hwm=4749MB
RSS_SAMPLE t=1309.7s rss=4749MB hwm=4749MB
RSS_SAMPLE t=1310.0s rss=4749MB hwm=4749MB
RSS_SAMPLE t=1310.2s rss=4749MB hwm=4749MB
RSS_SAMPLE t=1310.5s rss=4749MB hwm=4749MB
RSS_SAMPLE t=1310.7s rss=4749MB hwm=4749MB
RSS_SAMPLE t=1311.0s rss=4749MB hwm=4749MB
RSS_SAMPLE t=1311.2s rss=4749MB hwm=4749MB
RSS_SAMPLE t=1311.5s rss=4749MB hwm=4749MB
RSS_SAMPLE t=1311.7s rss=4749MB hwm=4749MB
RSS_SAMPLE t=1312.0s rss=4749MB hwm=4749MB
RSS_SAMPLE t=1312.2s rss=4749MB hwm=4749MB
RSS_SAMPLE t=1312.5s rss=4749MB hwm=4749MB
RSS_SAMPLE t=1312.7s rss=4749MB hwm=4749MB
RSS_SAMPLE t=1313.0s rss=4749MB hwm=4749MB
RSS_SAMPLE t=1313.2s rss=4749MB hwm=4749MB
RSS_SAMPLE t=1313.5s rss=4749MB hwm=4749MB
RSS_SAMPLE t=1313.7s rss=4749MB hwm=4749MB
RSS_SAMPLE t=1314.0s rss=4749MB hwm=4749MB
RSS_SAMPLE t=1314.2s rss=4749MB hwm=4749MB
RSS_SAMPLE t=1314.5s rss=4749MB hwm=4749MB
RSS_SAMPLE t=1314.7s rss=4749MB hwm=4749MB
RSS_SAMPLE t=1315.0s rss=4749MB hwm=4749MB
RSS_SAMPLE t=1315.2s rss=4749MB hwm=4749MB
RSS_SAMPLE t=1315.5s rss=4749MB hwm=4749MB
RSS_SAMPLE t=1315.7s rss=4749MB hwm=4749MB
RSS_SAMPLE t=1316.0s rss=4749MB hwm=4749MB
RSS_SAMPLE t=1316.2s rss=4749MB hwm=4749MB
RSS_SAMPLE t=1316.5s rss=4749MB hwm=4749MB
RSS_SAMPLE t=1316.7s rss=4749MB hwm=4749MB
RSS_SAMPLE t=1317.0s rss=4749MB hwm=4749MB
RSS_SAMPLE t=1317.2s rss=4749MB hwm=4749MB
RSS_SAMPLE t=1317.5s rss=4749MB hwm=4749MB
RSS_SAMPLE t=1317.7s rss=4749MB hwm=4749MB
RSS_SAMPLE t=1318.0s rss=4749MB hwm=4749MB
RSS_SAMPLE t=1318.2s rss=4749MB hwm=4749MB
RSS_SAMPLE t=1318.5s rss=4749MB hwm=4749MB
RSS_SAMPLE t=1318.7s rss=4749MB hwm=4749MB
RSS_SAMPLE t=1319.0s rss=4749MB hwm=4749MB
RSS_SAMPLE t=1319.2s rss=4749MB hwm=4749MB
RSS_SAMPLE t=1319.5s rss=4749MB hwm=4749MB
RSS_SAMPLE t=1319.7s rss=4749MB hwm=4749MB
RSS_SAMPLE t=1320.0s rss=4749MB hwm=4749MB
RSS_SAMPLE t=1320.2s rss=4749MB hwm=4749MB
RSS_SAMPLE t=1320.5s rss=4749MB hwm=4749MB
RSS_SAMPLE t=1320.7s rss=4749MB hwm=4749MB
RSS_SAMPLE t=1321.0s rss=4749MB hwm=4749MB
RSS_SAMPLE t=1321.2s rss=4749MB hwm=4749MB
RSS_SAMPLE t=1321.5s rss=4749MB hwm=4749MB
RSS_SAMPLE t=1321.7s rss=4749MB hwm=4749MB
RSS_SAMPLE t=1322.0s rss=4749MB hwm=4749MB
RSS_SAMPLE t=1322.2s rss=4749MB hwm=4749MB
RSS_SAMPLE t=1322.5s rss=4749MB hwm=4749MB
RSS_SAMPLE t=1322.7s rss=4749MB hwm=4749MB
RSS_SAMPLE t=1323.0s rss=4749MB hwm=4749MB
RSS_SAMPLE t=1323.2s rss=4749MB hwm=4749MB
RSS_SAMPLE t=1323.5s rss=4749MB hwm=4749MB
RSS_SAMPLE t=1323.7s rss=4749MB hwm=4749MB
RSS_SAMPLE t=1324.0s rss=4749MB hwm=4749MB
RSS_SAMPLE t=1324.2s rss=4749MB hwm=4749MB
RSS_SAMPLE t=1324.5s rss=4749MB hwm=4749MB
RSS_SAMPLE t=1324.7s rss=4749MB hwm=4749MB
RSS_SAMPLE t=1325.0s rss=4749MB hwm=4749MB
RSS_SAMPLE t=1325.2s rss=4749MB hwm=4749MB
RSS_SAMPLE t=1325.5s rss=4749MB hwm=4749MB
RSS_SAMPLE t=1325.8s rss=4749MB hwm=4749MB
RSS_SAMPLE t=1326.0s rss=4749MB hwm=4749MB
RSS_SAMPLE t=1326.3s rss=4749MB hwm=4749MB
RSS_SAMPLE t=1326.5s rss=4749MB hwm=4749MB
RSS_SAMPLE t=1326.8s rss=4749MB hwm=4749MB
RSS_SAMPLE t=1327.0s rss=4749MB hwm=4749MB
RSS_SAMPLE t=1327.3s rss=4749MB hwm=4749MB
RSS_SAMPLE t=1327.5s rss=4749MB hwm=4749MB
RSS_SAMPLE t=1327.8s rss=4749MB hwm=4749MB
RSS_SAMPLE t=1328.0s rss=4749MB hwm=4749MB
RSS_SAMPLE t=1328.3s rss=4749MB hwm=4749MB
RSS_SAMPLE t=1328.5s rss=4749MB hwm=4749MB
RSS_SAMPLE t=1328.8s rss=4749MB hwm=4749MB
RSS_SAMPLE t=1329.0s rss=4749MB hwm=4749MB
RSS_SAMPLE t=1329.3s rss=4749MB hwm=4749MB
RSS_SAMPLE t=1329.5s rss=4749MB hwm=4749MB
RSS_SAMPLE t=1329.8s rss=4749MB hwm=4749MB
RSS_SAMPLE t=1330.0s rss=4749MB hwm=4749MB
RSS_SAMPLE t=1330.3s rss=4749MB hwm=4749MB
RSS_SAMPLE t=1330.5s rss=4749MB hwm=4749MB
RSS_SAMPLE t=1330.8s rss=4749MB hwm=4749MB
RSS_SAMPLE t=1331.0s rss=4749MB hwm=4749MB
RSS_SAMPLE t=1331.3s rss=4749MB hwm=4749MB
RSS_SAMPLE t=1331.5s rss=4749MB hwm=4749MB
RSS_SAMPLE t=1331.8s rss=4749MB hwm=4749MB
RSS_SAMPLE t=1332.0s rss=4749MB hwm=4749MB
RSS_SAMPLE t=1332.3s rss=4749MB hwm=4749MB
RSS_SAMPLE t=1332.5s rss=4749MB hwm=4749MB
RSS_SAMPLE t=1332.8s rss=4749MB hwm=4749MB
RSS_SAMPLE t=1333.0s rss=4749MB hwm=4749MB
RSS_SAMPLE t=1333.3s rss=4749MB hwm=4749MB
RSS_SAMPLE t=1333.5s rss=4749MB hwm=4749MB
RSS_SAMPLE t=1333.8s rss=4749MB hwm=4749MB
RSS_SAMPLE t=1334.0s rss=4749MB hwm=4749MB
RSS_SAMPLE t=1334.3s rss=4749MB hwm=4749MB
RSS_SAMPLE t=1334.5s rss=4749MB hwm=4749MB
RSS_SAMPLE t=1334.8s rss=4749MB hwm=4749MB
RSS_SAMPLE t=1335.0s rss=4749MB hwm=4749MB
RSS_SAMPLE t=1335.3s rss=4749MB hwm=4749MB
RSS_SAMPLE t=1335.5s rss=4749MB hwm=4749MB
RSS_SAMPLE t=1335.8s rss=4749MB hwm=4749MB
RSS_SAMPLE t=1336.0s rss=4749MB hwm=4749MB
RSS_SAMPLE t=1336.3s rss=4749MB hwm=4749MB
RSS_SAMPLE t=1336.5s rss=4749MB hwm=4749MB
RSS_SAMPLE t=1336.8s rss=4749MB hwm=4749MB
RSS_SAMPLE t=1337.0s rss=4749MB hwm=4749MB
RSS_SAMPLE t=1337.3s rss=4749MB hwm=4749MB
RSS_SAMPLE t=1337.5s rss=4749MB hwm=4749MB
RSS_SAMPLE t=1337.8s rss=4749MB hwm=4749MB
RSS_SAMPLE t=1338.0s rss=4749MB hwm=4749MB
RSS_SAMPLE t=1338.3s rss=4749MB hwm=4749MB
RSS_SAMPLE t=1338.5s rss=4749MB hwm=4749MB
RSS_SAMPLE t=1338.8s rss=4749MB hwm=4749MB
RSS_SAMPLE t=1339.0s rss=4749MB hwm=4749MB
RSS_SAMPLE t=1339.3s rss=4749MB hwm=4749MB
RSS_SAMPLE t=1339.5s rss=4749MB hwm=4749MB
RSS_SAMPLE t=1339.8s rss=4749MB hwm=4749MB
RSS_SAMPLE t=1340.0s rss=4749MB hwm=4749MB
RSS_SAMPLE t=1340.3s rss=4749MB hwm=4749MB
RSS_SAMPLE t=1340.5s rss=4749MB hwm=4749MB
RSS_SAMPLE t=1340.8s rss=4749MB hwm=4749MB
RSS_SAMPLE t=1341.0s rss=4749MB hwm=4749MB
RSS_SAMPLE t=1341.3s rss=4749MB hwm=4749MB
RSS_SAMPLE t=1341.5s rss=4749MB hwm=4749MB
RSS_SAMPLE t=1341.8s rss=4749MB hwm=4749MB
RSS_SAMPLE t=1342.0s rss=4749MB hwm=4749MB
RSS_SAMPLE t=1342.3s rss=4749MB hwm=4749MB
RSS_SAMPLE t=1342.5s rss=4749MB hwm=4749MB
MEM_POOL: workspaces=32 dense_usage_mb=1251 n_pipes=2562403
    post_solve_diag[outer=18]: solves=105117 cap_armed=105117 (100.0%) settle_avg=3145 above_sink_avg=227 (7.2%) settle_max=69353
    load_support[outer=18]: settle_avg=3145 load_nz_avg=2122 (67.5%) load_material_avg=957 (30.4%)
    prune_ceiling[outer=18]: settle_avg=3145 heuristic_prunable_avg=345 (11.0%) vs oracle_zero_load=32.5%
    settle_hist[outer=18]: <100: 25707nets/0.6%work  <1k: 35337nets/3.7%work  <5k: 24238nets/18.8%work  <20k: 16607nets/49.5%work  <60k: 3221nets/27.3%work  >=60k: 7nets/0.1%work
    fanout_hist[outer=18]: fan1: 43710nets/14.6%work  fan2-4: 48279nets/49.0%work  fan5-16: 12974nets/35.3%work  fan17-64: 154nets/1.1%work  fan65-256: 0nets/0.0%work  fan>256: 0nets/0.0%work
    rss_probe[outer=18]: pre_post_solve=4749MB post_post_solve=4749MB after_apply=4749MB
    E_decomp: base=13156063.5 eff=15373057.5 cong=2216994.0 cong_share=14.4% sat_pipes=362523 max_util=578.80  R_buckets: 1-2x=2540526 2-10x=21877 10-100x=0 >=100x=0
    E_potential: beckmann=318314895039.0 history_total=0.0
    SpanCache: epoch=19 entries=1908 lookups=2562403 hits=2560495 misses=1908 hit_rate=99.9%
  DCD  18: nets=105117 line=7967922 energy=1353777.255 dE=-45285.944 friction=1744451.8 bins=1.8x(192) excess=50.4 moved=73974 disp=3.304 solves=105117 skip=105117 pops=330546397 theta=4.271 refresh=33393ms dcd=6816ms total=42706ms
    cache_stats: entries=57292633 capacity=128334612 est_mb=1106 rss_mb=4749
RSS_SAMPLE t=1342.8s rss=4749MB hwm=4749MB
RSS_SAMPLE t=1343.0s rss=4749MB hwm=4749MB
RSS_SAMPLE t=1343.3s rss=4749MB hwm=4749MB
RSS_SAMPLE t=1343.5s rss=4749MB hwm=4749MB
RSS_SAMPLE t=1343.8s rss=4749MB hwm=4749MB
RSS_SAMPLE t=1344.0s rss=4749MB hwm=4749MB
RSS_SAMPLE t=1344.3s rss=4749MB hwm=4749MB
RSS_SAMPLE t=1344.5s rss=4749MB hwm=4749MB
RSS_SAMPLE t=1344.8s rss=4749MB hwm=4749MB
RSS_SAMPLE t=1345.0s rss=4749MB hwm=4749MB
RSS_SAMPLE t=1345.3s rss=4749MB hwm=4749MB
    SwitchMatrix: type_usage_pairs=588 lookups=1733 hits=1145 dijkstra_calls=588 avg_us=11.8 total_ms=6.9
PHASE_MARK outer=19 enter=pre_solve rss=4749MB
    rss_probe[outer=19]: pre_refresh_rss=4749MB post_pre_solve_rss=4749MB cache_entries=57292633 cache_cap=128334612 cache_est_mb=1106
    pre_solve_diag[outer=19]: solves=0 fallback=0 (0.0%) cap_armed=0 (0.0%) settle_avg=0 settle_max=0 init_count=254
    Overflow: over=320238 (12.5% of used) avg_excess=0.96 max_excess=965.84 (nc=989.84 cap=24 span=1)  excess_buckets: <=1=232519 1-5=80303 5-20=7251 >20=165  by_cap: cap1=211210 cap2=91060 cap3-5=386 cap>5=17582  by_span: s1=335 s2-3=111 s4-6=15361 s7-12=85438 s>12=218993  le1_cross: cap1=170233 cap2-5=59160 cap>5=3126
    Congestion: pipes=2562403 used=2562403 congested(>50%)=683210 saturated(>90%)=362523 max_util=578.80 avg_util=0.4142
PHASE_MARK outer=19 enter=dcd_sweep rss=4749MB
RSS_SAMPLE t=1345.5s rss=4749MB hwm=4749MB
RSS_SAMPLE t=1345.8s rss=4749MB hwm=4749MB
RSS_SAMPLE t=1346.0s rss=4749MB hwm=4749MB
RSS_SAMPLE t=1346.3s rss=4749MB hwm=4749MB
RSS_SAMPLE t=1346.5s rss=4749MB hwm=4749MB
RSS_SAMPLE t=1346.8s rss=4749MB hwm=4749MB
RSS_SAMPLE t=1347.0s rss=4749MB hwm=4749MB
RSS_SAMPLE t=1347.3s rss=4749MB hwm=4749MB
RSS_SAMPLE t=1347.5s rss=4749MB hwm=4749MB
RSS_SAMPLE t=1347.8s rss=4749MB hwm=4749MB
RSS_SAMPLE t=1348.0s rss=4749MB hwm=4749MB
RSS_SAMPLE t=1348.3s rss=4749MB hwm=4749MB
RSS_SAMPLE t=1348.5s rss=4749MB hwm=4749MB
RSS_SAMPLE t=1348.8s rss=4749MB hwm=4749MB
RSS_SAMPLE t=1349.0s rss=4749MB hwm=4749MB
RSS_SAMPLE t=1349.3s rss=4749MB hwm=4749MB
RSS_SAMPLE t=1349.5s rss=4749MB hwm=4749MB
RSS_SAMPLE t=1349.8s rss=4749MB hwm=4749MB
RSS_SAMPLE t=1350.0s rss=4749MB hwm=4749MB
RSS_SAMPLE t=1350.3s rss=4749MB hwm=4749MB
RSS_SAMPLE t=1350.5s rss=4749MB hwm=4749MB
RSS_SAMPLE t=1350.8s rss=4749MB hwm=4749MB
RSS_SAMPLE t=1351.0s rss=4749MB hwm=4749MB
RSS_SAMPLE t=1351.3s rss=4749MB hwm=4749MB
RSS_SAMPLE t=1351.5s rss=4749MB hwm=4749MB
RSS_SAMPLE t=1351.8s rss=4749MB hwm=4749MB
RSS_SAMPLE t=1352.0s rss=4749MB hwm=4749MB
PHASE_MARK outer=19 leave=dcd_sweep rss=4749MB
PHASE_MARK outer=19 enter=post_refresh rss=4749MB
RSS_SAMPLE t=1352.3s rss=4749MB hwm=4749MB
RSS_SAMPLE t=1352.5s rss=4749MB hwm=4749MB
RSS_SAMPLE t=1352.8s rss=4749MB hwm=4749MB
RSS_SAMPLE t=1353.0s rss=4749MB hwm=4749MB
RSS_SAMPLE t=1353.3s rss=4749MB hwm=4749MB
RSS_SAMPLE t=1353.5s rss=4749MB hwm=4749MB
RSS_SAMPLE t=1353.8s rss=4749MB hwm=4749MB
RSS_SAMPLE t=1354.0s rss=4749MB hwm=4749MB
RSS_SAMPLE t=1354.3s rss=4749MB hwm=4749MB
RSS_SAMPLE t=1354.5s rss=4749MB hwm=4749MB
RSS_SAMPLE t=1354.8s rss=4749MB hwm=4749MB
RSS_SAMPLE t=1355.0s rss=4749MB hwm=4749MB
RSS_SAMPLE t=1355.3s rss=4749MB hwm=4749MB
RSS_SAMPLE t=1355.5s rss=4749MB hwm=4749MB
RSS_SAMPLE t=1355.8s rss=4749MB hwm=4749MB
RSS_SAMPLE t=1356.0s rss=4749MB hwm=4749MB
RSS_SAMPLE t=1356.3s rss=4749MB hwm=4749MB
RSS_SAMPLE t=1356.5s rss=4749MB hwm=4749MB
RSS_SAMPLE t=1356.8s rss=4749MB hwm=4749MB
RSS_SAMPLE t=1357.0s rss=4749MB hwm=4749MB
RSS_SAMPLE t=1357.3s rss=4749MB hwm=4749MB
RSS_SAMPLE t=1357.5s rss=4749MB hwm=4749MB
RSS_SAMPLE t=1357.8s rss=4749MB hwm=4749MB
RSS_SAMPLE t=1358.0s rss=4749MB hwm=4749MB
RSS_SAMPLE t=1358.3s rss=4749MB hwm=4749MB
RSS_SAMPLE t=1358.5s rss=4749MB hwm=4749MB
RSS_SAMPLE t=1358.8s rss=4749MB hwm=4749MB
RSS_SAMPLE t=1359.0s rss=4749MB hwm=4749MB
RSS_SAMPLE t=1359.3s rss=4749MB hwm=4749MB
RSS_SAMPLE t=1359.5s rss=4749MB hwm=4749MB
RSS_SAMPLE t=1359.8s rss=4749MB hwm=4749MB
RSS_SAMPLE t=1360.0s rss=4749MB hwm=4749MB
RSS_SAMPLE t=1360.3s rss=4749MB hwm=4749MB
RSS_SAMPLE t=1360.5s rss=4749MB hwm=4749MB
RSS_SAMPLE t=1360.8s rss=4749MB hwm=4749MB
RSS_SAMPLE t=1361.0s rss=4749MB hwm=4749MB
RSS_SAMPLE t=1361.3s rss=4749MB hwm=4749MB
RSS_SAMPLE t=1361.5s rss=4749MB hwm=4749MB
RSS_SAMPLE t=1361.8s rss=4749MB hwm=4749MB
RSS_SAMPLE t=1362.0s rss=4749MB hwm=4749MB
RSS_SAMPLE t=1362.3s rss=4749MB hwm=4749MB
RSS_SAMPLE t=1362.5s rss=4749MB hwm=4749MB
RSS_SAMPLE t=1362.8s rss=4749MB hwm=4749MB
RSS_SAMPLE t=1363.0s rss=4749MB hwm=4749MB
RSS_SAMPLE t=1363.3s rss=4749MB hwm=4749MB
RSS_SAMPLE t=1363.5s rss=4749MB hwm=4749MB
RSS_SAMPLE t=1363.8s rss=4749MB hwm=4749MB
RSS_SAMPLE t=1364.0s rss=4749MB hwm=4749MB
RSS_SAMPLE t=1364.3s rss=4749MB hwm=4749MB
RSS_SAMPLE t=1364.5s rss=4749MB hwm=4749MB
RSS_SAMPLE t=1364.8s rss=4749MB hwm=4749MB
RSS_SAMPLE t=1365.0s rss=4749MB hwm=4749MB
RSS_SAMPLE t=1365.3s rss=4749MB hwm=4749MB
RSS_SAMPLE t=1365.5s rss=4749MB hwm=4749MB
RSS_SAMPLE t=1365.8s rss=4749MB hwm=4749MB
RSS_SAMPLE t=1366.0s rss=4749MB hwm=4749MB
RSS_SAMPLE t=1366.3s rss=4749MB hwm=4749MB
RSS_SAMPLE t=1366.5s rss=4749MB hwm=4749MB
RSS_SAMPLE t=1366.8s rss=4749MB hwm=4749MB
RSS_SAMPLE t=1367.0s rss=4749MB hwm=4749MB
RSS_SAMPLE t=1367.3s rss=4749MB hwm=4749MB
RSS_SAMPLE t=1367.5s rss=4749MB hwm=4749MB
RSS_SAMPLE t=1367.8s rss=4749MB hwm=4749MB
RSS_SAMPLE t=1368.0s rss=4749MB hwm=4749MB
RSS_SAMPLE t=1368.3s rss=4749MB hwm=4749MB
RSS_SAMPLE t=1368.5s rss=4749MB hwm=4749MB
RSS_SAMPLE t=1368.8s rss=4749MB hwm=4749MB
RSS_SAMPLE t=1369.0s rss=4749MB hwm=4749MB
RSS_SAMPLE t=1369.3s rss=4749MB hwm=4749MB
RSS_SAMPLE t=1369.5s rss=4749MB hwm=4749MB
RSS_SAMPLE t=1369.8s rss=4749MB hwm=4749MB
RSS_SAMPLE t=1370.0s rss=4749MB hwm=4749MB
RSS_SAMPLE t=1370.3s rss=4749MB hwm=4749MB
RSS_SAMPLE t=1370.5s rss=4749MB hwm=4749MB
RSS_SAMPLE t=1370.8s rss=4749MB hwm=4749MB
RSS_SAMPLE t=1371.0s rss=4749MB hwm=4749MB
RSS_SAMPLE t=1371.3s rss=4749MB hwm=4749MB
RSS_SAMPLE t=1371.5s rss=4749MB hwm=4749MB
RSS_SAMPLE t=1371.8s rss=4749MB hwm=4749MB
RSS_SAMPLE t=1372.0s rss=4749MB hwm=4749MB
RSS_SAMPLE t=1372.3s rss=4749MB hwm=4749MB
RSS_SAMPLE t=1372.5s rss=4749MB hwm=4749MB
RSS_SAMPLE t=1372.8s rss=4749MB hwm=4749MB
RSS_SAMPLE t=1373.0s rss=4749MB hwm=4749MB
RSS_SAMPLE t=1373.3s rss=4749MB hwm=4749MB
RSS_SAMPLE t=1373.5s rss=4749MB hwm=4749MB
RSS_SAMPLE t=1373.8s rss=4749MB hwm=4749MB
RSS_SAMPLE t=1374.0s rss=4749MB hwm=4749MB
RSS_SAMPLE t=1374.3s rss=4749MB hwm=4749MB
RSS_SAMPLE t=1374.5s rss=4749MB hwm=4749MB
RSS_SAMPLE t=1374.8s rss=4749MB hwm=4749MB
RSS_SAMPLE t=1375.0s rss=4749MB hwm=4749MB
RSS_SAMPLE t=1375.3s rss=4749MB hwm=4749MB
RSS_SAMPLE t=1375.5s rss=4749MB hwm=4749MB
RSS_SAMPLE t=1375.8s rss=4749MB hwm=4749MB
RSS_SAMPLE t=1376.0s rss=4749MB hwm=4749MB
RSS_SAMPLE t=1376.3s rss=4749MB hwm=4749MB
RSS_SAMPLE t=1376.5s rss=4749MB hwm=4749MB
RSS_SAMPLE t=1376.8s rss=4749MB hwm=4749MB
RSS_SAMPLE t=1377.0s rss=4749MB hwm=4749MB
RSS_SAMPLE t=1377.3s rss=4749MB hwm=4749MB
RSS_SAMPLE t=1377.5s rss=4749MB hwm=4749MB
RSS_SAMPLE t=1377.8s rss=4749MB hwm=4749MB
RSS_SAMPLE t=1378.0s rss=4749MB hwm=4749MB
RSS_SAMPLE t=1378.3s rss=4749MB hwm=4749MB
RSS_SAMPLE t=1378.5s rss=4749MB hwm=4749MB
RSS_SAMPLE t=1378.8s rss=4749MB hwm=4749MB
RSS_SAMPLE t=1379.0s rss=4749MB hwm=4749MB
RSS_SAMPLE t=1379.3s rss=4749MB hwm=4749MB
RSS_SAMPLE t=1379.5s rss=4749MB hwm=4749MB
RSS_SAMPLE t=1379.8s rss=4749MB hwm=4749MB
RSS_SAMPLE t=1380.0s rss=4749MB hwm=4749MB
RSS_SAMPLE t=1380.3s rss=4749MB hwm=4749MB
RSS_SAMPLE t=1380.5s rss=4749MB hwm=4749MB
RSS_SAMPLE t=1380.8s rss=4749MB hwm=4749MB
RSS_SAMPLE t=1381.0s rss=4749MB hwm=4749MB
RSS_SAMPLE t=1381.3s rss=4749MB hwm=4749MB
RSS_SAMPLE t=1381.5s rss=4749MB hwm=4749MB
RSS_SAMPLE t=1381.8s rss=4749MB hwm=4749MB
RSS_SAMPLE t=1382.0s rss=4749MB hwm=4749MB
RSS_SAMPLE t=1382.3s rss=4749MB hwm=4749MB
RSS_SAMPLE t=1382.5s rss=4749MB hwm=4749MB
RSS_SAMPLE t=1382.8s rss=4749MB hwm=4749MB
RSS_SAMPLE t=1383.0s rss=4749MB hwm=4749MB
RSS_SAMPLE t=1383.3s rss=4749MB hwm=4749MB
RSS_SAMPLE t=1383.6s rss=4749MB hwm=4749MB
RSS_SAMPLE t=1383.8s rss=4749MB hwm=4749MB
RSS_SAMPLE t=1384.1s rss=4749MB hwm=4749MB
RSS_SAMPLE t=1384.3s rss=4749MB hwm=4749MB
MEM_POOL: workspaces=32 dense_usage_mb=1251 n_pipes=2562403
    post_solve_diag[outer=19]: solves=105117 cap_armed=105117 (100.0%) settle_avg=2990 above_sink_avg=224 (7.5%) settle_max=69353
    load_support[outer=19]: settle_avg=2990 load_nz_avg=2027 (67.8%) load_material_avg=930 (31.1%)
    prune_ceiling[outer=19]: settle_avg=2990 heuristic_prunable_avg=313 (10.5%) vs oracle_zero_load=32.2%
    settle_hist[outer=19]: <100: 25995nets/0.7%work  <1k: 35949nets/3.9%work  <5k: 24271nets/19.8%work  <20k: 15999nets/49.9%work  <60k: 2897nets/25.6%work  >=60k: 6nets/0.1%work
    fanout_hist[outer=19]: fan1: 43710nets/14.7%work  fan2-4: 48279nets/48.9%work  fan5-16: 12974nets/35.3%work  fan17-64: 154nets/1.1%work  fan65-256: 0nets/0.0%work  fan>256: 0nets/0.0%work
    rss_probe[outer=19]: pre_post_solve=4749MB post_post_solve=4749MB after_apply=4749MB
    E_decomp: base=12760773.0 eff=14990996.2 cong=2230223.1 cong_share=14.9% sat_pipes=348908 max_util=527.81  R_buckets: 1-2x=2542356 2-10x=20047 10-100x=0 >=100x=0
    E_potential: beckmann=196893014257.9 history_total=0.0
    SpanCache: epoch=20 entries=1733 lookups=2562403 hits=2560670 misses=1733 hit_rate=99.9%
  DCD  19: nets=105117 line=7675149 energy=1313643.890 dE=-40133.365 friction=1599978.7 bins=1.9x(224) excess=56.5 moved=74222 disp=3.157 solves=105117 skip=105117 pops=314268888 theta=5.000 refresh=32375ms dcd=6821ms total=41811ms
    cache_stats: entries=56471977 capacity=126859992 est_mb=1094 rss_mb=4749
DCD done: energy=1313643.890 line=7675149 friction=1599978.7 bins=1.9x(224) excess=56.5
MuxSlotTracker: 231236 commit rejections over entire DCD
MuxSlotTracker[post-DCD]: populated_cells=74244, overflow_tiles=0, at_cap_tiles=84, peak_excess=0, capacity_hist={16:67346}
RSS_SAMPLE t=1384.6s rss=4691MB hwm=4745MB
Pre-legalization: HPWL=5850583
  type DFF: 302 valid columns, 1077536 total BELs
  type LUT6: 302 valid columns, 538768 total BELs
TypeAwarePlacement: 2 cell types
RSS_SAMPLE t=1384.8s rss=2793MB hwm=4745MB
RSS_SAMPLE t=1385.1s rss=2793MB hwm=4745MB
RSS_SAMPLE t=1385.3s rss=2793MB hwm=4745MB
  SortedLegalizer: cluster_rejects=109405 shared_mux_rejects=1420747 arch_validity_rejects=0
Post-legalization: HPWL=5809246, line=7789161
Per-net HPWL: 105118 nets, total=5809246
  #0: hpwl=531 fanout=93000 (0.0%)
  #1: hpwl=516 fanout=23 (0.0%)
  #2: hpwl=513 fanout=14 (0.0%)
  #3: hpwl=502 fanout=14 (0.0%)
  #4: hpwl=497 fanout=20 (0.0%)
  #5: hpwl=497 fanout=21 (0.0%)
  #6: hpwl=482 fanout=2 (0.0%)
  #7: hpwl=479 fanout=13 (0.0%)
  #8: hpwl=472 fanout=11 (0.0%)
  #9: hpwl=472 fanout=7 (0.0%)
  50% of HPWL from top 12640 nets (of 105118)
RSS_SAMPLE t=1385.6s rss=2260MB hwm=4745MB
