Running scope as unit: run-r78991d75aacd422aa1c009c276148163.scope
chipdb: /home/kelvin/side-project/eisenjoch/chip_database/xc7_large.bin
design: /home/kelvin/side-project/eisenjoch/benchmark/ispd/generated/2016/FPGA01/FPGA01.json
RSS_SAMPLE t=0.0s rss=3MB hwm=3MB
RSS_SAMPLE t=0.3s rss=436MB hwm=436MB
RSS_SAMPLE t=0.5s rss=720MB hwm=720MB
RSS_SAMPLE t=0.8s rss=824MB hwm=824MB
RSS_SAMPLE t=1.0s rss=818MB hwm=822MB
RSS_SAMPLE t=1.3s rss=819MB hwm=822MB
RSS_SAMPLE t=1.5s rss=820MB hwm=822MB
cfg: max_outer_iters=3 blend_alpha=0.5 hardening_step=0 graph_model=TwoLevelPip
  topological compress: density=0.60 target_tiles=15971 final_tiles=15777 scale=1.851 center=(205.1,111.0)
  topological init: n_movable=76660, n_edges=229053, max_layer=26775, back_edges=54022, n_anchored=0
RSS_SAMPLE t=1.8s rss=820MB hwm=822MB
RSS_SAMPLE t=2.0s rss=820MB hwm=822MB
RSS_SAMPLE t=2.3s rss=820MB hwm=822MB
RSS_SAMPLE t=2.5s rss=820MB hwm=822MB
RSS_SAMPLE t=2.8s rss=820MB hwm=822MB
RSS_SAMPLE t=3.0s rss=820MB hwm=822MB
RSS_SAMPLE t=3.3s rss=820MB hwm=822MB
RSS_SAMPLE t=3.5s rss=820MB hwm=822MB
RSS_SAMPLE t=3.8s rss=820MB hwm=822MB
RSS_SAMPLE t=4.0s rss=820MB hwm=822MB
RSS_SAMPLE t=4.3s rss=820MB hwm=822MB
RSS_SAMPLE t=4.5s rss=820MB hwm=822MB
RSS_SAMPLE t=4.8s rss=820MB hwm=822MB
RSS_SAMPLE t=5.0s rss=820MB hwm=822MB
RSS_SAMPLE t=5.3s rss=820MB hwm=822MB
RSS_SAMPLE t=5.5s rss=820MB hwm=822MB
RSS_SAMPLE t=5.8s rss=820MB hwm=822MB
RSS_SAMPLE t=6.0s rss=820MB hwm=822MB
RSS_SAMPLE t=6.3s rss=820MB hwm=822MB
RSS_SAMPLE t=6.5s rss=820MB hwm=822MB
RSS_SAMPLE t=6.8s rss=820MB hwm=822MB
RSS_SAMPLE t=7.0s rss=820MB hwm=822MB
RSS_SAMPLE t=7.3s rss=820MB hwm=822MB
RSS_SAMPLE t=7.5s rss=820MB hwm=822MB
RSS_SAMPLE t=7.8s rss=820MB hwm=822MB
RSS_SAMPLE t=8.0s rss=820MB hwm=822MB
RSS_SAMPLE t=8.3s rss=820MB hwm=822MB
RSS_SAMPLE t=8.5s rss=820MB hwm=822MB
RSS_SAMPLE t=8.8s rss=820MB hwm=822MB
RSS_SAMPLE t=9.0s rss=820MB hwm=822MB
RSS_SAMPLE t=9.3s rss=820MB hwm=822MB
RSS_SAMPLE t=9.5s rss=820MB hwm=822MB
RSS_SAMPLE t=9.8s rss=820MB hwm=822MB
RSS_SAMPLE t=10.0s rss=820MB hwm=822MB
RSS_SAMPLE t=10.3s rss=820MB hwm=822MB
RSS_SAMPLE t=10.5s rss=820MB hwm=822MB
RSS_SAMPLE t=10.8s rss=820MB hwm=822MB
RSS_SAMPLE t=11.0s rss=820MB hwm=822MB
RSS_SAMPLE t=11.3s rss=820MB hwm=822MB
RSS_SAMPLE t=11.5s rss=820MB hwm=822MB
RSS_SAMPLE t=11.8s rss=820MB hwm=822MB
RSS_SAMPLE t=12.0s rss=820MB hwm=822MB
RSS_SAMPLE t=12.3s rss=820MB hwm=822MB
RSS_SAMPLE t=12.5s rss=820MB hwm=822MB
RSS_SAMPLE t=12.8s rss=820MB hwm=822MB
RSS_SAMPLE t=13.0s rss=820MB hwm=822MB
RSS_SAMPLE t=13.3s rss=820MB hwm=822MB
RSS_SAMPLE t=13.5s rss=820MB hwm=822MB
RSS_SAMPLE t=13.8s rss=820MB hwm=822MB
RSS_SAMPLE t=14.0s rss=820MB hwm=822MB
RSS_SAMPLE t=14.3s rss=820MB hwm=822MB
RSS_SAMPLE t=14.5s rss=820MB hwm=822MB
RSS_SAMPLE t=14.8s rss=820MB hwm=822MB
RSS_SAMPLE t=15.0s rss=820MB hwm=822MB
RSS_SAMPLE t=15.3s rss=820MB hwm=822MB
RSS_SAMPLE t=15.5s rss=820MB hwm=822MB
RSS_SAMPLE t=15.8s rss=820MB hwm=822MB
RSS_SAMPLE t=16.0s rss=820MB hwm=822MB
RSS_SAMPLE t=16.3s rss=820MB hwm=822MB
RSS_SAMPLE t=16.5s rss=820MB hwm=822MB
RSS_SAMPLE t=16.8s rss=820MB hwm=822MB
RSS_SAMPLE t=17.0s rss=820MB hwm=822MB
RSS_SAMPLE t=17.3s rss=820MB hwm=822MB
RSS_SAMPLE t=17.5s rss=820MB hwm=822MB
RSS_SAMPLE t=17.8s rss=820MB hwm=822MB
RSS_SAMPLE t=18.0s rss=820MB hwm=822MB
RSS_SAMPLE t=18.3s rss=820MB hwm=822MB
RSS_SAMPLE t=18.5s rss=820MB hwm=822MB
RSS_SAMPLE t=18.8s rss=820MB hwm=822MB
RSS_SAMPLE t=19.0s rss=820MB hwm=822MB
RSS_SAMPLE t=19.3s rss=820MB hwm=822MB
RSS_SAMPLE t=19.5s rss=820MB hwm=822MB
RSS_SAMPLE t=19.8s rss=820MB hwm=822MB
RSS_SAMPLE t=20.0s rss=820MB hwm=822MB
RSS_SAMPLE t=20.3s rss=820MB hwm=822MB
RSS_SAMPLE t=20.5s rss=820MB hwm=822MB
RSS_SAMPLE t=20.8s rss=820MB hwm=822MB
RSS_SAMPLE t=21.0s rss=820MB hwm=822MB
RSS_SAMPLE t=21.3s rss=820MB hwm=822MB
RSS_SAMPLE t=21.5s rss=820MB hwm=822MB
RSS_SAMPLE t=21.8s rss=820MB hwm=822MB
RSS_SAMPLE t=22.0s rss=820MB hwm=822MB
RSS_SAMPLE t=22.3s rss=820MB hwm=822MB
RSS_SAMPLE t=22.5s rss=820MB hwm=822MB
RSS_SAMPLE t=22.8s rss=820MB hwm=822MB
RSS_SAMPLE t=23.0s rss=820MB hwm=822MB
RSS_SAMPLE t=23.3s rss=820MB hwm=822MB
RSS_SAMPLE t=23.5s rss=820MB hwm=822MB
RSS_SAMPLE t=23.8s rss=820MB hwm=822MB
RSS_SAMPLE t=24.0s rss=820MB hwm=822MB
RSS_SAMPLE t=24.3s rss=820MB hwm=822MB
RSS_SAMPLE t=24.5s rss=820MB hwm=822MB
RSS_SAMPLE t=24.8s rss=820MB hwm=822MB
RSS_SAMPLE t=25.0s rss=820MB hwm=822MB
RSS_SAMPLE t=25.3s rss=820MB hwm=822MB
RSS_SAMPLE t=25.5s rss=820MB hwm=822MB
RSS_SAMPLE t=25.8s rss=820MB hwm=822MB
RSS_SAMPLE t=26.0s rss=820MB hwm=822MB
RSS_SAMPLE t=26.3s rss=820MB hwm=822MB
RSS_SAMPLE t=26.5s rss=820MB hwm=822MB
RSS_SAMPLE t=26.8s rss=820MB hwm=822MB
RSS_SAMPLE t=27.0s rss=820MB hwm=822MB
RSS_SAMPLE t=27.3s rss=820MB hwm=822MB
RSS_SAMPLE t=27.5s rss=820MB hwm=822MB
RSS_SAMPLE t=27.8s rss=820MB hwm=822MB
RSS_SAMPLE t=28.0s rss=820MB hwm=822MB
RSS_SAMPLE t=28.3s rss=820MB hwm=822MB
RSS_SAMPLE t=28.5s rss=820MB hwm=822MB
RSS_SAMPLE t=28.8s rss=820MB hwm=822MB
RSS_SAMPLE t=29.0s rss=820MB hwm=822MB
RSS_SAMPLE t=29.3s rss=820MB hwm=822MB
RSS_SAMPLE t=29.5s rss=820MB hwm=822MB
RSS_SAMPLE t=29.8s rss=820MB hwm=822MB
RSS_SAMPLE t=30.0s rss=820MB hwm=822MB
RSS_SAMPLE t=30.3s rss=820MB hwm=822MB
RSS_SAMPLE t=30.5s rss=820MB hwm=822MB
RSS_SAMPLE t=30.8s rss=820MB hwm=822MB
RSS_SAMPLE t=31.0s rss=820MB hwm=822MB
RSS_SAMPLE t=31.3s rss=820MB hwm=822MB
RSS_SAMPLE t=31.5s rss=820MB hwm=822MB
RSS_SAMPLE t=31.8s rss=820MB hwm=822MB
RSS_SAMPLE t=32.0s rss=820MB hwm=822MB
RSS_SAMPLE t=32.3s rss=820MB hwm=822MB
RSS_SAMPLE t=32.5s rss=820MB hwm=822MB
RSS_SAMPLE t=32.8s rss=820MB hwm=822MB
RSS_SAMPLE t=33.0s rss=820MB hwm=822MB
RSS_SAMPLE t=33.3s rss=820MB hwm=822MB
RSS_SAMPLE t=33.5s rss=820MB hwm=822MB
RSS_SAMPLE t=33.8s rss=820MB hwm=822MB
RSS_SAMPLE t=34.0s rss=820MB hwm=822MB
RSS_SAMPLE t=34.3s rss=820MB hwm=822MB
RSS_SAMPLE t=34.5s rss=820MB hwm=822MB
RSS_SAMPLE t=34.8s rss=820MB hwm=822MB
RSS_SAMPLE t=35.0s rss=820MB hwm=822MB
RSS_SAMPLE t=35.3s rss=820MB hwm=822MB
RSS_SAMPLE t=35.5s rss=820MB hwm=822MB
RSS_SAMPLE t=35.8s rss=820MB hwm=822MB
RSS_SAMPLE t=36.0s rss=820MB hwm=822MB
RSS_SAMPLE t=36.3s rss=820MB hwm=822MB
RSS_SAMPLE t=36.5s rss=820MB hwm=822MB
RSS_SAMPLE t=36.8s rss=820MB hwm=822MB
RSS_SAMPLE t=37.0s rss=820MB hwm=822MB
RSS_SAMPLE t=37.3s rss=820MB hwm=822MB
RSS_SAMPLE t=37.5s rss=820MB hwm=822MB
RSS_SAMPLE t=37.8s rss=820MB hwm=822MB
RSS_SAMPLE t=38.0s rss=820MB hwm=822MB
RSS_SAMPLE t=38.3s rss=820MB hwm=822MB
RSS_SAMPLE t=38.5s rss=820MB hwm=822MB
RSS_SAMPLE t=38.8s rss=820MB hwm=822MB
RSS_SAMPLE t=39.0s rss=820MB hwm=822MB
RSS_SAMPLE t=39.3s rss=820MB hwm=822MB
RSS_SAMPLE t=39.5s rss=820MB hwm=822MB
RSS_SAMPLE t=39.8s rss=820MB hwm=822MB
RSS_SAMPLE t=40.0s rss=820MB hwm=822MB
RSS_SAMPLE t=40.3s rss=820MB hwm=822MB
RSS_SAMPLE t=40.5s rss=820MB hwm=822MB
RSS_SAMPLE t=40.8s rss=820MB hwm=822MB
RSS_SAMPLE t=41.0s rss=820MB hwm=822MB
RSS_SAMPLE t=41.3s rss=820MB hwm=822MB
RSS_SAMPLE t=41.5s rss=820MB hwm=822MB
RSS_SAMPLE t=41.8s rss=820MB hwm=822MB
RSS_SAMPLE t=42.0s rss=820MB hwm=822MB
RSS_SAMPLE t=42.3s rss=820MB hwm=822MB
RSS_SAMPLE t=42.5s rss=820MB hwm=822MB
RSS_SAMPLE t=42.8s rss=820MB hwm=822MB
RSS_SAMPLE t=43.0s rss=820MB hwm=822MB
RSS_SAMPLE t=43.3s rss=820MB hwm=822MB
RSS_SAMPLE t=43.5s rss=820MB hwm=822MB
RSS_SAMPLE t=43.8s rss=820MB hwm=822MB
RSS_SAMPLE t=44.0s rss=820MB hwm=822MB
RSS_SAMPLE t=44.3s rss=820MB hwm=822MB
RSS_SAMPLE t=44.5s rss=820MB hwm=822MB
RSS_SAMPLE t=44.8s rss=820MB hwm=822MB
RSS_SAMPLE t=45.0s rss=820MB hwm=822MB
RSS_SAMPLE t=45.3s rss=820MB hwm=822MB
RSS_SAMPLE t=45.5s rss=820MB hwm=822MB
RSS_SAMPLE t=45.8s rss=820MB hwm=822MB
RSS_SAMPLE t=46.0s rss=820MB hwm=822MB
RSS_SAMPLE t=46.3s rss=820MB hwm=822MB
RSS_SAMPLE t=46.5s rss=820MB hwm=822MB
RSS_SAMPLE t=46.8s rss=820MB hwm=822MB
RSS_SAMPLE t=47.0s rss=820MB hwm=822MB
RSS_SAMPLE t=47.3s rss=820MB hwm=822MB
RSS_SAMPLE t=47.5s rss=820MB hwm=822MB
RSS_SAMPLE t=47.8s rss=820MB hwm=822MB
RSS_SAMPLE t=48.0s rss=820MB hwm=822MB
RSS_SAMPLE t=48.3s rss=820MB hwm=822MB
RSS_SAMPLE t=48.5s rss=820MB hwm=822MB
RSS_SAMPLE t=48.8s rss=820MB hwm=822MB
RSS_SAMPLE t=49.0s rss=820MB hwm=822MB
RSS_SAMPLE t=49.3s rss=820MB hwm=822MB
RSS_SAMPLE t=49.5s rss=820MB hwm=822MB
RSS_SAMPLE t=49.8s rss=820MB hwm=822MB
RSS_SAMPLE t=50.0s rss=820MB hwm=822MB
RSS_SAMPLE t=50.3s rss=820MB hwm=822MB
RSS_SAMPLE t=50.5s rss=820MB hwm=822MB
RSS_SAMPLE t=50.8s rss=820MB hwm=822MB
RSS_SAMPLE t=51.0s rss=820MB hwm=822MB
RSS_SAMPLE t=51.3s rss=820MB hwm=822MB
RSS_SAMPLE t=51.5s rss=820MB hwm=822MB
RSS_SAMPLE t=51.8s rss=820MB hwm=822MB
RSS_SAMPLE t=52.0s rss=820MB hwm=822MB
RSS_SAMPLE t=52.3s rss=820MB hwm=822MB
RSS_SAMPLE t=52.5s rss=845MB hwm=845MB
RSS_SAMPLE t=52.8s rss=889MB hwm=889MB
RSS_SAMPLE t=53.0s rss=927MB hwm=927MB
RSS_SAMPLE t=53.3s rss=932MB hwm=932MB
RSS_SAMPLE t=53.5s rss=932MB hwm=932MB
RSS_SAMPLE t=53.8s rss=933MB hwm=933MB
RSS_SAMPLE t=54.0s rss=933MB hwm=933MB
RSS_SAMPLE t=54.3s rss=933MB hwm=933MB
RSS_SAMPLE t=54.5s rss=933MB hwm=933MB
  Skipped truly-null coarse cells: 0 (of 69353 total); pruned pipes: src_null=0 dst_null=0
  Pipe capacity by span:
    span=  1: 138172 pipes, cap min=1 avg=134.5 max=432
    span=  2: 136455 pipes, cap min=2 avg=50.7 max=118
    span=  3: 135619 pipes, cap min=2 avg=26.1 max=52
    span=  4: 136319 pipes, cap min=2 avg=22.7 max=140
    span=  5: 135918 pipes, cap min=2 avg=66.1 max=124
    span=  6: 201217 pipes, cap min=2 avg=15.2 max=28
    span=  7: 200933 pipes, cap min=1 avg=7.3 max=20
    span=  8: 132748 pipes, cap min=2 avg=6.0 max=10
    span=  9: 130848 pipes, cap min=2 avg=6.0 max=10
    span= 10: 131090 pipes, cap min=2 avg=2.2 max=31
    span= 11: 129628 pipes, cap min=2 avg=2.0 max=4
    span= 12: 129018 pipes, cap min=2 avg=2.0 max=4
    span= 13: 128408 pipes, cap min=1 avg=1.5 max=4
    span= 14: 127798 pipes, cap min=1 avg=1.0 max=2
    span= 15: 127188 pipes, cap min=1 avg=1.0 max=2
    span= 16: 126578 pipes, cap min=1 avg=1.0 max=2
    span= 17: 125968 pipes, cap min=1 avg=1.0 max=2
    span= 18: 125358 pipes, cap min=1 avg=1.0 max=2
    span= 19: 63140 pipes, cap min=1 avg=1.0 max=2
  Thin span-1 pipes (cap<=2): 222 total, by tile-type pair (top 20):
    NULL <-> NULL: 220
    CLK_BUFG <-> NULL: 2
  Pipe cost: span^0.50 model (r1=1), span-1=1.000, span-12=3.464, 2×span-6=4.899, 12×span-1=12.000
RSS_SAMPLE t=54.8s rss=1030MB hwm=1030MB
  topological compress: density=0.60 target_tiles=15971 final_tiles=15777 scale=1.851 center=(205.1,111.0)
  topological init: n_movable=76660, n_edges=229053, max_layer=26775, back_edges=54022, n_anchored=0
  type DFF: 302 valid columns, 1077536 total BELs
  type LUT6: 302 valid columns, 538768 total BELs
TypeAwarePlacement: 2 cell types
Coordinate descent mode: 76660 cells, scale 1.00
CellValidityMask: 76660 cells, 311x223 grid, 2 bucket masks, per-cell valid positions: min=67346 avg=67346.0 max=67346, unmapped cells=0
MuxSlotTracker: 76660 cells (76660 with external fanout), 67346 tiles, total_cap=1077536, active_buckets=[DFF,LUT6], built in 69.3ms
MuxSlotTracker[post-seed]: populated_cells=27114, overflow_tiles=518, at_cap_tiles=50, peak_excess=41, capacity_hist={16:67346}
DCD placer: 76660 cells, 69353 nodes, outer_iters=3, dcd_iters_per_cell=8, graph_model=TwoLevelPip
MEM_STATIC: pipes=352MB nodes=1MB adjacency=78MB pipe_cost_vecs=59MB validity_mask=0MB n_pipes=2562403 n_edges=5124806 rss=1044MB
Softmin position update: enabled, theta 0.250 -> 5.000 (anneal over 3 iters)
RSS_SAMPLE t=55.0s rss=1070MB hwm=1070MB
RSS_SAMPLE t=55.3s rss=1070MB hwm=1070MB
RSS_SAMPLE t=55.5s rss=1070MB hwm=1070MB
RSS_SAMPLE t=55.8s rss=1070MB hwm=1070MB
RSS_SAMPLE t=56.0s rss=1070MB hwm=1070MB
RSS_SAMPLE t=56.3s rss=1070MB hwm=1070MB
RSS_SAMPLE t=56.5s rss=1070MB hwm=1070MB
RSS_SAMPLE t=56.8s rss=1070MB hwm=1070MB
RSS_SAMPLE t=57.0s rss=1070MB hwm=1070MB
RSS_SAMPLE t=57.3s rss=1070MB hwm=1070MB
    SwitchMatrix: type_usage_pairs=7 lookups=110 hits=103 dijkstra_calls=7 avg_us=11.1 total_ms=0.1
PHASE_MARK outer=0 enter=pre_solve rss=1073MB
RSS_SAMPLE t=57.5s rss=1108MB hwm=1108MB
RSS_SAMPLE t=57.8s rss=1113MB hwm=1113MB
RSS_SAMPLE t=58.0s rss=1118MB hwm=1118MB
RSS_SAMPLE t=58.3s rss=1120MB hwm=1120MB
RSS_SAMPLE t=58.5s rss=1122MB hwm=1122MB
RSS_SAMPLE t=58.8s rss=1126MB hwm=1126MB
RSS_SAMPLE t=59.0s rss=1129MB hwm=1129MB
RSS_SAMPLE t=59.3s rss=1131MB hwm=1131MB
RSS_SAMPLE t=59.5s rss=1136MB hwm=1136MB
RSS_SAMPLE t=59.8s rss=1139MB hwm=1139MB
RSS_SAMPLE t=60.0s rss=1141MB hwm=1141MB
RSS_SAMPLE t=60.3s rss=1145MB hwm=1145MB
RSS_SAMPLE t=60.5s rss=1148MB hwm=1148MB
RSS_SAMPLE t=60.8s rss=1151MB hwm=1151MB
RSS_SAMPLE t=61.0s rss=1154MB hwm=1154MB
RSS_SAMPLE t=61.3s rss=1157MB hwm=1157MB
RSS_SAMPLE t=61.5s rss=1159MB hwm=1159MB
RSS_SAMPLE t=61.8s rss=1163MB hwm=1163MB
RSS_SAMPLE t=62.0s rss=1166MB hwm=1166MB
RSS_SAMPLE t=62.3s rss=1168MB hwm=1168MB
RSS_SAMPLE t=62.5s rss=1171MB hwm=1171MB
RSS_SAMPLE t=62.8s rss=1174MB hwm=1174MB
RSS_SAMPLE t=63.0s rss=1177MB hwm=1177MB
RSS_SAMPLE t=63.3s rss=1180MB hwm=1180MB
RSS_SAMPLE t=63.5s rss=1183MB hwm=1183MB
RSS_SAMPLE t=63.8s rss=1186MB hwm=1186MB
RSS_SAMPLE t=64.0s rss=1189MB hwm=1189MB
RSS_SAMPLE t=64.3s rss=1192MB hwm=1192MB
RSS_SAMPLE t=64.5s rss=1194MB hwm=1194MB
RSS_SAMPLE t=64.8s rss=1196MB hwm=1196MB
RSS_SAMPLE t=65.0s rss=1199MB hwm=1199MB
RSS_SAMPLE t=65.3s rss=1202MB hwm=1202MB
RSS_SAMPLE t=65.5s rss=1205MB hwm=1205MB
RSS_SAMPLE t=65.8s rss=1207MB hwm=1207MB
RSS_SAMPLE t=66.0s rss=1210MB hwm=1210MB
RSS_SAMPLE t=66.3s rss=1212MB hwm=1212MB
RSS_SAMPLE t=66.5s rss=1215MB hwm=1215MB
RSS_SAMPLE t=66.8s rss=1218MB hwm=1218MB
RSS_SAMPLE t=67.0s rss=1221MB hwm=1221MB
RSS_SAMPLE t=67.3s rss=1224MB hwm=1224MB
RSS_SAMPLE t=67.5s rss=1227MB hwm=1227MB
RSS_SAMPLE t=67.8s rss=1230MB hwm=1230MB
RSS_SAMPLE t=68.0s rss=1233MB hwm=1233MB
RSS_SAMPLE t=68.3s rss=1236MB hwm=1236MB
RSS_SAMPLE t=68.5s rss=1239MB hwm=1239MB
RSS_SAMPLE t=68.8s rss=1241MB hwm=1241MB
RSS_SAMPLE t=69.0s rss=1244MB hwm=1244MB
RSS_SAMPLE t=69.3s rss=1247MB hwm=1247MB
RSS_SAMPLE t=69.5s rss=1251MB hwm=1251MB
RSS_SAMPLE t=69.8s rss=1254MB hwm=1254MB
RSS_SAMPLE t=70.0s rss=1256MB hwm=1256MB
RSS_SAMPLE t=70.3s rss=1259MB hwm=1259MB
RSS_SAMPLE t=70.5s rss=1262MB hwm=1262MB
RSS_SAMPLE t=70.8s rss=1264MB hwm=1264MB
RSS_SAMPLE t=71.0s rss=1268MB hwm=1268MB
RSS_SAMPLE t=71.3s rss=1270MB hwm=1270MB
RSS_SAMPLE t=71.5s rss=1274MB hwm=1274MB
RSS_SAMPLE t=71.8s rss=1276MB hwm=1276MB
RSS_SAMPLE t=72.0s rss=1279MB hwm=1279MB
RSS_SAMPLE t=72.3s rss=1282MB hwm=1282MB
RSS_SAMPLE t=72.5s rss=1285MB hwm=1285MB
RSS_SAMPLE t=72.8s rss=1288MB hwm=1288MB
RSS_SAMPLE t=73.0s rss=1291MB hwm=1291MB
RSS_SAMPLE t=73.3s rss=1295MB hwm=1295MB
RSS_SAMPLE t=73.5s rss=1298MB hwm=1298MB
RSS_SAMPLE t=73.8s rss=1301MB hwm=1301MB
RSS_SAMPLE t=74.0s rss=1304MB hwm=1304MB
RSS_SAMPLE t=74.3s rss=1307MB hwm=1307MB
RSS_SAMPLE t=74.5s rss=1310MB hwm=1310MB
RSS_SAMPLE t=74.8s rss=1313MB hwm=1313MB
RSS_SAMPLE t=75.0s rss=1316MB hwm=1316MB
RSS_SAMPLE t=75.3s rss=1319MB hwm=1319MB
RSS_SAMPLE t=75.5s rss=1323MB hwm=1323MB
RSS_SAMPLE t=75.8s rss=1326MB hwm=1326MB
RSS_SAMPLE t=76.0s rss=1329MB hwm=1329MB
RSS_SAMPLE t=76.3s rss=1332MB hwm=1332MB
RSS_SAMPLE t=76.5s rss=1335MB hwm=1335MB
RSS_SAMPLE t=76.8s rss=1339MB hwm=1339MB
RSS_SAMPLE t=77.0s rss=1341MB hwm=1341MB
RSS_SAMPLE t=77.3s rss=1345MB hwm=1345MB
RSS_SAMPLE t=77.5s rss=1348MB hwm=1348MB
RSS_SAMPLE t=77.8s rss=1351MB hwm=1351MB
RSS_SAMPLE t=78.0s rss=1355MB hwm=1355MB
RSS_SAMPLE t=78.3s rss=1358MB hwm=1358MB
RSS_SAMPLE t=78.5s rss=1361MB hwm=1361MB
RSS_SAMPLE t=78.8s rss=1364MB hwm=1364MB
RSS_SAMPLE t=79.0s rss=1368MB hwm=1368MB
RSS_SAMPLE t=79.3s rss=1370MB hwm=1370MB
RSS_SAMPLE t=79.5s rss=1373MB hwm=1373MB
RSS_SAMPLE t=79.8s rss=1376MB hwm=1376MB
RSS_SAMPLE t=80.0s rss=1379MB hwm=1379MB
RSS_SAMPLE t=80.3s rss=1382MB hwm=1382MB
RSS_SAMPLE t=80.5s rss=1385MB hwm=1385MB
RSS_SAMPLE t=80.8s rss=1389MB hwm=1389MB
RSS_SAMPLE t=81.0s rss=1391MB hwm=1391MB
RSS_SAMPLE t=81.3s rss=1395MB hwm=1395MB
RSS_SAMPLE t=81.5s rss=1398MB hwm=1398MB
RSS_SAMPLE t=81.8s rss=1401MB hwm=1401MB
RSS_SAMPLE t=82.0s rss=1403MB hwm=1403MB
RSS_SAMPLE t=82.3s rss=1407MB hwm=1407MB
RSS_SAMPLE t=82.5s rss=1409MB hwm=1409MB
RSS_SAMPLE t=82.8s rss=1412MB hwm=1412MB
RSS_SAMPLE t=83.0s rss=1416MB hwm=1416MB
RSS_SAMPLE t=83.3s rss=1419MB hwm=1419MB
RSS_SAMPLE t=83.5s rss=1422MB hwm=1422MB
RSS_SAMPLE t=83.8s rss=1425MB hwm=1425MB
RSS_SAMPLE t=84.0s rss=1428MB hwm=1428MB
RSS_SAMPLE t=84.3s rss=1430MB hwm=1430MB
RSS_SAMPLE t=84.5s rss=1433MB hwm=1433MB
RSS_SAMPLE t=84.8s rss=1437MB hwm=1437MB
RSS_SAMPLE t=85.0s rss=1440MB hwm=1440MB
RSS_SAMPLE t=85.3s rss=1443MB hwm=1443MB
RSS_SAMPLE t=85.5s rss=1446MB hwm=1446MB
RSS_SAMPLE t=85.8s rss=1448MB hwm=1448MB
RSS_SAMPLE t=86.0s rss=1451MB hwm=1451MB
RSS_SAMPLE t=86.3s rss=1455MB hwm=1455MB
RSS_SAMPLE t=86.5s rss=1457MB hwm=1457MB
RSS_SAMPLE t=86.8s rss=1460MB hwm=1460MB
RSS_SAMPLE t=87.0s rss=1463MB hwm=1463MB
RSS_SAMPLE t=87.3s rss=1466MB hwm=1466MB
RSS_SAMPLE t=87.5s rss=1470MB hwm=1470MB
RSS_SAMPLE t=87.8s rss=1473MB hwm=1473MB
RSS_SAMPLE t=88.0s rss=1476MB hwm=1476MB
RSS_SAMPLE t=88.3s rss=1479MB hwm=1479MB
RSS_SAMPLE t=88.5s rss=1482MB hwm=1482MB
RSS_SAMPLE t=88.8s rss=1484MB hwm=1484MB
RSS_SAMPLE t=89.0s rss=1488MB hwm=1488MB
RSS_SAMPLE t=89.3s rss=1490MB hwm=1490MB
RSS_SAMPLE t=89.5s rss=1493MB hwm=1493MB
RSS_SAMPLE t=89.8s rss=1496MB hwm=1496MB
RSS_SAMPLE t=90.0s rss=1499MB hwm=1499MB
RSS_SAMPLE t=90.3s rss=1501MB hwm=1501MB
RSS_SAMPLE t=90.5s rss=1505MB hwm=1505MB
RSS_SAMPLE t=90.8s rss=1507MB hwm=1507MB
RSS_SAMPLE t=91.0s rss=1510MB hwm=1510MB
RSS_SAMPLE t=91.3s rss=1513MB hwm=1513MB
RSS_SAMPLE t=91.5s rss=1515MB hwm=1515MB
RSS_SAMPLE t=91.8s rss=1518MB hwm=1518MB
RSS_SAMPLE t=92.0s rss=1521MB hwm=1521MB
RSS_SAMPLE t=92.3s rss=1523MB hwm=1523MB
RSS_SAMPLE t=92.5s rss=1525MB hwm=1525MB
RSS_SAMPLE t=92.8s rss=1528MB hwm=1528MB
RSS_SAMPLE t=93.0s rss=1531MB hwm=1531MB
RSS_SAMPLE t=93.3s rss=1534MB hwm=1534MB
RSS_SAMPLE t=93.5s rss=1536MB hwm=1536MB
RSS_SAMPLE t=93.8s rss=1540MB hwm=1540MB
RSS_SAMPLE t=94.0s rss=1544MB hwm=1544MB
RSS_SAMPLE t=94.3s rss=1546MB hwm=1546MB
RSS_SAMPLE t=94.5s rss=1549MB hwm=1549MB
RSS_SAMPLE t=94.8s rss=1553MB hwm=1553MB
RSS_SAMPLE t=95.0s rss=1555MB hwm=1555MB
RSS_SAMPLE t=95.3s rss=1559MB hwm=1559MB
RSS_SAMPLE t=95.5s rss=1563MB hwm=1563MB
RSS_SAMPLE t=95.8s rss=1566MB hwm=1566MB
RSS_SAMPLE t=96.0s rss=1570MB hwm=1570MB
RSS_SAMPLE t=96.3s rss=1574MB hwm=1574MB
RSS_SAMPLE t=96.5s rss=1577MB hwm=1577MB
RSS_SAMPLE t=96.8s rss=1580MB hwm=1580MB
RSS_SAMPLE t=97.0s rss=1583MB hwm=1583MB
RSS_SAMPLE t=97.3s rss=1586MB hwm=1586MB
RSS_SAMPLE t=97.5s rss=1589MB hwm=1589MB
RSS_SAMPLE t=97.8s rss=1593MB hwm=1593MB
RSS_SAMPLE t=98.0s rss=1597MB hwm=1597MB
RSS_SAMPLE t=98.3s rss=1600MB hwm=1600MB
RSS_SAMPLE t=98.5s rss=1603MB hwm=1603MB
RSS_SAMPLE t=98.8s rss=1607MB hwm=1607MB
RSS_SAMPLE t=99.0s rss=1610MB hwm=1610MB
RSS_SAMPLE t=99.3s rss=1614MB hwm=1614MB
RSS_SAMPLE t=99.6s rss=1618MB hwm=1618MB
RSS_SAMPLE t=99.8s rss=1621MB hwm=1621MB
RSS_SAMPLE t=100.1s rss=1623MB hwm=1623MB
RSS_SAMPLE t=100.3s rss=1627MB hwm=1627MB
RSS_SAMPLE t=100.6s rss=1630MB hwm=1630MB
RSS_SAMPLE t=100.8s rss=1633MB hwm=1633MB
RSS_SAMPLE t=101.1s rss=1637MB hwm=1637MB
RSS_SAMPLE t=101.3s rss=1641MB hwm=1641MB
RSS_SAMPLE t=101.6s rss=1644MB hwm=1644MB
RSS_SAMPLE t=101.8s rss=1647MB hwm=1647MB
RSS_SAMPLE t=102.1s rss=1651MB hwm=1651MB
RSS_SAMPLE t=102.3s rss=1655MB hwm=1655MB
RSS_SAMPLE t=102.6s rss=1659MB hwm=1659MB
RSS_SAMPLE t=102.8s rss=1662MB hwm=1662MB
RSS_SAMPLE t=103.1s rss=1666MB hwm=1666MB
RSS_SAMPLE t=103.3s rss=1670MB hwm=1670MB
RSS_SAMPLE t=103.6s rss=1673MB hwm=1673MB
RSS_SAMPLE t=103.8s rss=1676MB hwm=1676MB
RSS_SAMPLE t=104.1s rss=1681MB hwm=1681MB
RSS_SAMPLE t=104.3s rss=1684MB hwm=1684MB
RSS_SAMPLE t=104.6s rss=1688MB hwm=1688MB
RSS_SAMPLE t=104.8s rss=1691MB hwm=1691MB
RSS_SAMPLE t=105.1s rss=1695MB hwm=1695MB
RSS_SAMPLE t=105.3s rss=1699MB hwm=1699MB
RSS_SAMPLE t=105.6s rss=1703MB hwm=1703MB
RSS_SAMPLE t=105.8s rss=1705MB hwm=1705MB
RSS_SAMPLE t=106.1s rss=1709MB hwm=1709MB
RSS_SAMPLE t=106.3s rss=1712MB hwm=1712MB
RSS_SAMPLE t=106.6s rss=1716MB hwm=1716MB
RSS_SAMPLE t=106.8s rss=1719MB hwm=1719MB
RSS_SAMPLE t=107.1s rss=1723MB hwm=1723MB
RSS_SAMPLE t=107.3s rss=1727MB hwm=1727MB
RSS_SAMPLE t=107.6s rss=1730MB hwm=1730MB
RSS_SAMPLE t=107.8s rss=1732MB hwm=1732MB
RSS_SAMPLE t=108.1s rss=1734MB hwm=1734MB
RSS_SAMPLE t=108.3s rss=1736MB hwm=1736MB
RSS_SAMPLE t=108.6s rss=1739MB hwm=1739MB
RSS_SAMPLE t=108.8s rss=1740MB hwm=1740MB
RSS_SAMPLE t=109.1s rss=1741MB hwm=1741MB
RSS_SAMPLE t=109.3s rss=1743MB hwm=1743MB
RSS_SAMPLE t=109.6s rss=1744MB hwm=1744MB
RSS_SAMPLE t=109.8s rss=1745MB hwm=1745MB
RSS_SAMPLE t=110.1s rss=1746MB hwm=1746MB
RSS_SAMPLE t=110.3s rss=1747MB hwm=1747MB
RSS_SAMPLE t=110.6s rss=1748MB hwm=1748MB
RSS_SAMPLE t=110.8s rss=1748MB hwm=1748MB
RSS_SAMPLE t=111.1s rss=1749MB hwm=1749MB
RSS_SAMPLE t=111.3s rss=1749MB hwm=1749MB
RSS_SAMPLE t=111.6s rss=1750MB hwm=1750MB
RSS_SAMPLE t=111.8s rss=1750MB hwm=1750MB
RSS_SAMPLE t=112.1s rss=1751MB hwm=1751MB
RSS_SAMPLE t=112.3s rss=1752MB hwm=1752MB
RSS_SAMPLE t=112.6s rss=1752MB hwm=1752MB
RSS_SAMPLE t=112.8s rss=1752MB hwm=1752MB
RSS_SAMPLE t=113.1s rss=1752MB hwm=1752MB
RSS_SAMPLE t=113.3s rss=1753MB hwm=1753MB
RSS_SAMPLE t=113.6s rss=1753MB hwm=1753MB
RSS_SAMPLE t=113.8s rss=1753MB hwm=1753MB
RSS_SAMPLE t=114.1s rss=1754MB hwm=1754MB
RSS_SAMPLE t=114.3s rss=1754MB hwm=1754MB
RSS_SAMPLE t=114.6s rss=1754MB hwm=1754MB
RSS_SAMPLE t=114.8s rss=1754MB hwm=1754MB
RSS_SAMPLE t=115.1s rss=1755MB hwm=1755MB
RSS_SAMPLE t=115.3s rss=1755MB hwm=1755MB
RSS_SAMPLE t=115.6s rss=1755MB hwm=1755MB
RSS_SAMPLE t=115.8s rss=1756MB hwm=1756MB
RSS_SAMPLE t=116.1s rss=1756MB hwm=1756MB
RSS_SAMPLE t=116.3s rss=1756MB hwm=1756MB
RSS_SAMPLE t=116.6s rss=1757MB hwm=1757MB
RSS_SAMPLE t=116.8s rss=1757MB hwm=1757MB
RSS_SAMPLE t=117.1s rss=1757MB hwm=1757MB
RSS_SAMPLE t=117.3s rss=1758MB hwm=1758MB
RSS_SAMPLE t=117.6s rss=1758MB hwm=1758MB
RSS_SAMPLE t=117.8s rss=1758MB hwm=1758MB
RSS_SAMPLE t=118.1s rss=1759MB hwm=1759MB
RSS_SAMPLE t=118.3s rss=1759MB hwm=1759MB
RSS_SAMPLE t=118.6s rss=1759MB hwm=1759MB
RSS_SAMPLE t=118.8s rss=1759MB hwm=1759MB
RSS_SAMPLE t=119.1s rss=1760MB hwm=1760MB
RSS_SAMPLE t=119.3s rss=1760MB hwm=1760MB
RSS_SAMPLE t=119.6s rss=1760MB hwm=1760MB
RSS_SAMPLE t=119.8s rss=1761MB hwm=1761MB
RSS_SAMPLE t=120.1s rss=1761MB hwm=1761MB
RSS_SAMPLE t=120.3s rss=1761MB hwm=1761MB
RSS_SAMPLE t=120.6s rss=1761MB hwm=1761MB
RSS_SAMPLE t=120.8s rss=1762MB hwm=1762MB
RSS_SAMPLE t=121.1s rss=1762MB hwm=1762MB
RSS_SAMPLE t=121.3s rss=1762MB hwm=1762MB
RSS_SAMPLE t=121.6s rss=1763MB hwm=1763MB
RSS_SAMPLE t=121.8s rss=1763MB hwm=1763MB
RSS_SAMPLE t=122.1s rss=1763MB hwm=1763MB
RSS_SAMPLE t=122.3s rss=1764MB hwm=1764MB
RSS_SAMPLE t=122.6s rss=1764MB hwm=1764MB
RSS_SAMPLE t=122.8s rss=1764MB hwm=1764MB
RSS_SAMPLE t=123.1s rss=1764MB hwm=1764MB
RSS_SAMPLE t=123.3s rss=1765MB hwm=1765MB
RSS_SAMPLE t=123.6s rss=1765MB hwm=1765MB
RSS_SAMPLE t=123.8s rss=1765MB hwm=1765MB
RSS_SAMPLE t=124.1s rss=1765MB hwm=1765MB
RSS_SAMPLE t=124.3s rss=1765MB hwm=1765MB
RSS_SAMPLE t=124.6s rss=1766MB hwm=1766MB
RSS_SAMPLE t=124.8s rss=1766MB hwm=1766MB
RSS_SAMPLE t=125.1s rss=1767MB hwm=1767MB
RSS_SAMPLE t=125.3s rss=1767MB hwm=1767MB
RSS_SAMPLE t=125.6s rss=1767MB hwm=1767MB
RSS_SAMPLE t=125.8s rss=1767MB hwm=1767MB
RSS_SAMPLE t=126.1s rss=1768MB hwm=1768MB
RSS_SAMPLE t=126.3s rss=1768MB hwm=1768MB
RSS_SAMPLE t=126.6s rss=1768MB hwm=1768MB
RSS_SAMPLE t=126.8s rss=1768MB hwm=1768MB
RSS_SAMPLE t=127.1s rss=1769MB hwm=1769MB
RSS_SAMPLE t=127.3s rss=1769MB hwm=1769MB
RSS_SAMPLE t=127.6s rss=1769MB hwm=1769MB
RSS_SAMPLE t=127.8s rss=1770MB hwm=1770MB
RSS_SAMPLE t=128.1s rss=1770MB hwm=1770MB
RSS_SAMPLE t=128.3s rss=1770MB hwm=1770MB
RSS_SAMPLE t=128.6s rss=1770MB hwm=1770MB
RSS_SAMPLE t=128.8s rss=1771MB hwm=1771MB
RSS_SAMPLE t=129.1s rss=1771MB hwm=1771MB
RSS_SAMPLE t=129.3s rss=1772MB hwm=1772MB
RSS_SAMPLE t=129.6s rss=1772MB hwm=1772MB
RSS_SAMPLE t=129.8s rss=1772MB hwm=1772MB
RSS_SAMPLE t=130.1s rss=1773MB hwm=1773MB
RSS_SAMPLE t=130.3s rss=1773MB hwm=1773MB
RSS_SAMPLE t=130.6s rss=1773MB hwm=1773MB
RSS_SAMPLE t=130.8s rss=1773MB hwm=1773MB
RSS_SAMPLE t=131.1s rss=1774MB hwm=1774MB
RSS_SAMPLE t=131.3s rss=1774MB hwm=1774MB
RSS_SAMPLE t=131.6s rss=1774MB hwm=1774MB
RSS_SAMPLE t=131.8s rss=1774MB hwm=1774MB
RSS_SAMPLE t=132.1s rss=1775MB hwm=1775MB
RSS_SAMPLE t=132.3s rss=1775MB hwm=1775MB
RSS_SAMPLE t=132.6s rss=1775MB hwm=1775MB
RSS_SAMPLE t=132.8s rss=1775MB hwm=1775MB
RSS_SAMPLE t=133.1s rss=1776MB hwm=1776MB
RSS_SAMPLE t=133.3s rss=1776MB hwm=1776MB
RSS_SAMPLE t=133.6s rss=1776MB hwm=1776MB
RSS_SAMPLE t=133.8s rss=1776MB hwm=1776MB
RSS_SAMPLE t=134.1s rss=1777MB hwm=1777MB
RSS_SAMPLE t=134.3s rss=1777MB hwm=1777MB
RSS_SAMPLE t=134.6s rss=1777MB hwm=1777MB
RSS_SAMPLE t=134.8s rss=1777MB hwm=1777MB
RSS_SAMPLE t=135.1s rss=1777MB hwm=1777MB
RSS_SAMPLE t=135.3s rss=1778MB hwm=1778MB
RSS_SAMPLE t=135.6s rss=1778MB hwm=1778MB
RSS_SAMPLE t=135.8s rss=1778MB hwm=1778MB
RSS_SAMPLE t=136.1s rss=1779MB hwm=1779MB
RSS_SAMPLE t=136.3s rss=1779MB hwm=1779MB
RSS_SAMPLE t=136.6s rss=1779MB hwm=1779MB
RSS_SAMPLE t=136.8s rss=1779MB hwm=1779MB
RSS_SAMPLE t=137.1s rss=1779MB hwm=1779MB
RSS_SAMPLE t=137.3s rss=1780MB hwm=1780MB
RSS_SAMPLE t=137.6s rss=1780MB hwm=1780MB
RSS_SAMPLE t=137.8s rss=1780MB hwm=1780MB
RSS_SAMPLE t=138.1s rss=1780MB hwm=1780MB
RSS_SAMPLE t=138.3s rss=1780MB hwm=1780MB
RSS_SAMPLE t=138.6s rss=1781MB hwm=1781MB
RSS_SAMPLE t=138.8s rss=1781MB hwm=1781MB
RSS_SAMPLE t=139.1s rss=1782MB hwm=1782MB
RSS_SAMPLE t=139.3s rss=1782MB hwm=1782MB
RSS_SAMPLE t=139.6s rss=1782MB hwm=1782MB
RSS_SAMPLE t=139.8s rss=1782MB hwm=1782MB
RSS_SAMPLE t=140.1s rss=1783MB hwm=1783MB
RSS_SAMPLE t=140.3s rss=1783MB hwm=1783MB
RSS_SAMPLE t=140.6s rss=1783MB hwm=1783MB
RSS_SAMPLE t=140.8s rss=1784MB hwm=1784MB
RSS_SAMPLE t=141.1s rss=1784MB hwm=1784MB
RSS_SAMPLE t=141.3s rss=1784MB hwm=1784MB
RSS_SAMPLE t=141.6s rss=1784MB hwm=1784MB
RSS_SAMPLE t=141.8s rss=1785MB hwm=1785MB
RSS_SAMPLE t=142.1s rss=1785MB hwm=1785MB
RSS_SAMPLE t=142.3s rss=1785MB hwm=1785MB
RSS_SAMPLE t=142.6s rss=1786MB hwm=1786MB
RSS_SAMPLE t=142.8s rss=1786MB hwm=1786MB
RSS_SAMPLE t=143.1s rss=1787MB hwm=1787MB
RSS_SAMPLE t=143.3s rss=1787MB hwm=1787MB
RSS_SAMPLE t=143.6s rss=1787MB hwm=1787MB
RSS_SAMPLE t=143.8s rss=1787MB hwm=1787MB
RSS_SAMPLE t=144.1s rss=1788MB hwm=1788MB
RSS_SAMPLE t=144.3s rss=1788MB hwm=1788MB
RSS_SAMPLE t=144.6s rss=1788MB hwm=1788MB
RSS_SAMPLE t=144.8s rss=1788MB hwm=1788MB
RSS_SAMPLE t=145.1s rss=1788MB hwm=1788MB
RSS_SAMPLE t=145.3s rss=1789MB hwm=1789MB
RSS_SAMPLE t=145.6s rss=1789MB hwm=1789MB
RSS_SAMPLE t=145.8s rss=1789MB hwm=1789MB
RSS_SAMPLE t=146.1s rss=1790MB hwm=1790MB
RSS_SAMPLE t=146.3s rss=1790MB hwm=1790MB
RSS_SAMPLE t=146.6s rss=1790MB hwm=1790MB
RSS_SAMPLE t=146.8s rss=1790MB hwm=1790MB
RSS_SAMPLE t=147.1s rss=1791MB hwm=1791MB
RSS_SAMPLE t=147.3s rss=1791MB hwm=1791MB
RSS_SAMPLE t=147.6s rss=1791MB hwm=1791MB
RSS_SAMPLE t=147.8s rss=1791MB hwm=1791MB
RSS_SAMPLE t=148.1s rss=1792MB hwm=1792MB
RSS_SAMPLE t=148.3s rss=1792MB hwm=1792MB
RSS_SAMPLE t=148.6s rss=1792MB hwm=1792MB
RSS_SAMPLE t=148.8s rss=1793MB hwm=1793MB
RSS_SAMPLE t=149.1s rss=1793MB hwm=1793MB
RSS_SAMPLE t=149.3s rss=1793MB hwm=1793MB
RSS_SAMPLE t=149.6s rss=1794MB hwm=1794MB
RSS_SAMPLE t=149.8s rss=1794MB hwm=1794MB
RSS_SAMPLE t=150.1s rss=1794MB hwm=1794MB
RSS_SAMPLE t=150.3s rss=1794MB hwm=1794MB
RSS_SAMPLE t=150.6s rss=1795MB hwm=1795MB
RSS_SAMPLE t=150.8s rss=1795MB hwm=1795MB
RSS_SAMPLE t=151.1s rss=1795MB hwm=1795MB
RSS_SAMPLE t=151.3s rss=1795MB hwm=1795MB
RSS_SAMPLE t=151.6s rss=1795MB hwm=1795MB
RSS_SAMPLE t=151.8s rss=1796MB hwm=1796MB
RSS_SAMPLE t=152.1s rss=1796MB hwm=1796MB
RSS_SAMPLE t=152.3s rss=1796MB hwm=1796MB
RSS_SAMPLE t=152.6s rss=1796MB hwm=1796MB
RSS_SAMPLE t=152.8s rss=1797MB hwm=1797MB
RSS_SAMPLE t=153.1s rss=1797MB hwm=1797MB
RSS_SAMPLE t=153.3s rss=1797MB hwm=1797MB
RSS_SAMPLE t=153.6s rss=1797MB hwm=1797MB
RSS_SAMPLE t=153.8s rss=1797MB hwm=1797MB
RSS_SAMPLE t=154.1s rss=1798MB hwm=1798MB
RSS_SAMPLE t=154.3s rss=1798MB hwm=1798MB
RSS_SAMPLE t=154.6s rss=1798MB hwm=1798MB
RSS_SAMPLE t=154.8s rss=1798MB hwm=1798MB
RSS_SAMPLE t=155.1s rss=1799MB hwm=1799MB
RSS_SAMPLE t=155.3s rss=1799MB hwm=1799MB
RSS_SAMPLE t=155.6s rss=1799MB hwm=1799MB
RSS_SAMPLE t=155.8s rss=1800MB hwm=1800MB
RSS_SAMPLE t=156.1s rss=1800MB hwm=1800MB
RSS_SAMPLE t=156.3s rss=1800MB hwm=1800MB
RSS_SAMPLE t=156.6s rss=1800MB hwm=1800MB
RSS_SAMPLE t=156.8s rss=1801MB hwm=1801MB
RSS_SAMPLE t=157.1s rss=1801MB hwm=1801MB
RSS_SAMPLE t=157.3s rss=1801MB hwm=1801MB
RSS_SAMPLE t=157.6s rss=1802MB hwm=1802MB
RSS_SAMPLE t=157.8s rss=1802MB hwm=1802MB
RSS_SAMPLE t=158.1s rss=1802MB hwm=1802MB
RSS_SAMPLE t=158.3s rss=1802MB hwm=1802MB
RSS_SAMPLE t=158.6s rss=1803MB hwm=1803MB
RSS_SAMPLE t=158.8s rss=1803MB hwm=1803MB
RSS_SAMPLE t=159.1s rss=1803MB hwm=1803MB
RSS_SAMPLE t=159.3s rss=1804MB hwm=1804MB
RSS_SAMPLE t=159.6s rss=1804MB hwm=1804MB
RSS_SAMPLE t=159.8s rss=1804MB hwm=1804MB
RSS_SAMPLE t=160.1s rss=1805MB hwm=1805MB
RSS_SAMPLE t=160.3s rss=1805MB hwm=1805MB
RSS_SAMPLE t=160.6s rss=1805MB hwm=1805MB
RSS_SAMPLE t=160.8s rss=1805MB hwm=1805MB
RSS_SAMPLE t=161.1s rss=1806MB hwm=1806MB
RSS_SAMPLE t=161.3s rss=1806MB hwm=1806MB
RSS_SAMPLE t=161.6s rss=1806MB hwm=1806MB
RSS_SAMPLE t=161.8s rss=1807MB hwm=1807MB
RSS_SAMPLE t=162.1s rss=1807MB hwm=1807MB
RSS_SAMPLE t=162.3s rss=1807MB hwm=1807MB
RSS_SAMPLE t=162.6s rss=1808MB hwm=1808MB
RSS_SAMPLE t=162.8s rss=1808MB hwm=1808MB
    rss_probe[outer=0]: pre_refresh_rss=1073MB post_pre_solve_rss=1809MB cache_entries=42424857 cache_cap=69325648 cache_est_mb=600
    pre_solve_diag[outer=0]: solves=105117 fallback=0 (0.0%) cap_armed=105117 (100.0%) settle_avg=10344 settle_max=69353 init_count=62
  Cell placement by tile type (iter 0, 76660 cells):
    NULL: 31596
    CLB: 27114
    IOB_W: 15019
    CLK_BUFG: 2320
    BRAM: 351
    DSP: 182
    IOB_E: 78
    Overflow: over=0 (0.0% of used) avg_excess=0.00 max_excess=0.00 (nc=0.00 cap=0 span=0)  excess_buckets: <=1=0 1-5=0 5-20=0 >20=0  by_cap: cap1=0 cap2=0 cap3-5=0 cap>5=0  by_span: s1=0 s2-3=0 s4-6=0 s7-12=0 s>12=0  le1_cross: cap1=0 cap2-5=0 cap>5=0
    Congestion: pipes=2562403 used=0 congested(>50%)=0 saturated(>90%)=0 max_util=0.00 avg_util=0.0000
PHASE_MARK outer=0 enter=dcd_sweep rss=1809MB
RSS_SAMPLE t=163.1s rss=1809MB hwm=1809MB
RSS_SAMPLE t=163.3s rss=1809MB hwm=1809MB
RSS_SAMPLE t=163.6s rss=1809MB hwm=1809MB
RSS_SAMPLE t=163.8s rss=1809MB hwm=1809MB
RSS_SAMPLE t=164.1s rss=1810MB hwm=1810MB
RSS_SAMPLE t=164.3s rss=1810MB hwm=1810MB
RSS_SAMPLE t=164.6s rss=1810MB hwm=1810MB
RSS_SAMPLE t=164.8s rss=1810MB hwm=1810MB
RSS_SAMPLE t=165.1s rss=1810MB hwm=1810MB
RSS_SAMPLE t=165.3s rss=1810MB hwm=1810MB
RSS_SAMPLE t=165.6s rss=1811MB hwm=1811MB
RSS_SAMPLE t=165.8s rss=1811MB hwm=1811MB
RSS_SAMPLE t=166.1s rss=1811MB hwm=1811MB
RSS_SAMPLE t=166.3s rss=1811MB hwm=1811MB
RSS_SAMPLE t=166.6s rss=1811MB hwm=1811MB
RSS_SAMPLE t=166.8s rss=1811MB hwm=1811MB
RSS_SAMPLE t=167.1s rss=1812MB hwm=1812MB
RSS_SAMPLE t=167.3s rss=1812MB hwm=1812MB
RSS_SAMPLE t=167.6s rss=1812MB hwm=1812MB
RSS_SAMPLE t=167.8s rss=1812MB hwm=1812MB
RSS_SAMPLE t=168.1s rss=1812MB hwm=1812MB
RSS_SAMPLE t=168.3s rss=1812MB hwm=1812MB
RSS_SAMPLE t=168.6s rss=1813MB hwm=1813MB
RSS_SAMPLE t=168.8s rss=1813MB hwm=1813MB
RSS_SAMPLE t=169.1s rss=1813MB hwm=1813MB
RSS_SAMPLE t=169.3s rss=1813MB hwm=1813MB
RSS_SAMPLE t=169.6s rss=1813MB hwm=1813MB
RSS_SAMPLE t=169.8s rss=1814MB hwm=1814MB
PHASE_MARK outer=0 leave=dcd_sweep rss=1814MB
PHASE_MARK outer=0 enter=post_refresh rss=1814MB
RSS_SAMPLE t=170.1s rss=1843MB hwm=1843MB
RSS_SAMPLE t=170.3s rss=1843MB hwm=1843MB
RSS_SAMPLE t=170.6s rss=1843MB hwm=1843MB
RSS_SAMPLE t=170.8s rss=1843MB hwm=1843MB
RSS_SAMPLE t=171.1s rss=1843MB hwm=1843MB
RSS_SAMPLE t=171.3s rss=1843MB hwm=1843MB
RSS_SAMPLE t=171.6s rss=1843MB hwm=1843MB
RSS_SAMPLE t=171.8s rss=1843MB hwm=1843MB
RSS_SAMPLE t=172.1s rss=1843MB hwm=1843MB
RSS_SAMPLE t=172.3s rss=1843MB hwm=1843MB
RSS_SAMPLE t=172.6s rss=2081MB hwm=2081MB
RSS_SAMPLE t=172.8s rss=2269MB hwm=2269MB
RSS_SAMPLE t=173.1s rss=2304MB hwm=2304MB
RSS_SAMPLE t=173.3s rss=2311MB hwm=2311MB
RSS_SAMPLE t=173.6s rss=2318MB hwm=2318MB
RSS_SAMPLE t=173.8s rss=2318MB hwm=2318MB
RSS_SAMPLE t=174.1s rss=2323MB hwm=2323MB
RSS_SAMPLE t=174.3s rss=2329MB hwm=2329MB
RSS_SAMPLE t=174.6s rss=2329MB hwm=2329MB
RSS_SAMPLE t=174.8s rss=2329MB hwm=2329MB
RSS_SAMPLE t=175.1s rss=2331MB hwm=2331MB
RSS_SAMPLE t=175.3s rss=2332MB hwm=2332MB
RSS_SAMPLE t=175.6s rss=2332MB hwm=2332MB
RSS_SAMPLE t=175.8s rss=2332MB hwm=2332MB
RSS_SAMPLE t=176.1s rss=2332MB hwm=2332MB
RSS_SAMPLE t=176.3s rss=2333MB hwm=2333MB
RSS_SAMPLE t=176.6s rss=2335MB hwm=2335MB
RSS_SAMPLE t=176.8s rss=2335MB hwm=2335MB
RSS_SAMPLE t=177.1s rss=2338MB hwm=2338MB
RSS_SAMPLE t=177.3s rss=2338MB hwm=2338MB
RSS_SAMPLE t=177.6s rss=2338MB hwm=2338MB
RSS_SAMPLE t=177.8s rss=2338MB hwm=2338MB
RSS_SAMPLE t=178.1s rss=2339MB hwm=2339MB
RSS_SAMPLE t=178.3s rss=2339MB hwm=2339MB
RSS_SAMPLE t=178.6s rss=2339MB hwm=2339MB
RSS_SAMPLE t=178.8s rss=2339MB hwm=2339MB
RSS_SAMPLE t=179.1s rss=2341MB hwm=2341MB
RSS_SAMPLE t=179.3s rss=2341MB hwm=2341MB
RSS_SAMPLE t=179.6s rss=2341MB hwm=2341MB
RSS_SAMPLE t=179.8s rss=2341MB hwm=2341MB
RSS_SAMPLE t=180.1s rss=2342MB hwm=2342MB
RSS_SAMPLE t=180.3s rss=2342MB hwm=2342MB
RSS_SAMPLE t=180.6s rss=2342MB hwm=2342MB
RSS_SAMPLE t=180.8s rss=2343MB hwm=2343MB
RSS_SAMPLE t=181.1s rss=2343MB hwm=2343MB
RSS_SAMPLE t=181.3s rss=2343MB hwm=2343MB
RSS_SAMPLE t=181.6s rss=2344MB hwm=2344MB
RSS_SAMPLE t=181.8s rss=2344MB hwm=2344MB
RSS_SAMPLE t=182.1s rss=2344MB hwm=2344MB
RSS_SAMPLE t=182.3s rss=2345MB hwm=2345MB
RSS_SAMPLE t=182.6s rss=2345MB hwm=2345MB
RSS_SAMPLE t=182.8s rss=2345MB hwm=2345MB
RSS_SAMPLE t=183.1s rss=2345MB hwm=2345MB
RSS_SAMPLE t=183.3s rss=2346MB hwm=2346MB
RSS_SAMPLE t=183.6s rss=2347MB hwm=2347MB
RSS_SAMPLE t=183.8s rss=2348MB hwm=2348MB
RSS_SAMPLE t=184.1s rss=2348MB hwm=2348MB
RSS_SAMPLE t=184.3s rss=2348MB hwm=2348MB
RSS_SAMPLE t=184.6s rss=2348MB hwm=2348MB
RSS_SAMPLE t=184.8s rss=2348MB hwm=2348MB
RSS_SAMPLE t=185.1s rss=2349MB hwm=2349MB
RSS_SAMPLE t=185.3s rss=2349MB hwm=2349MB
RSS_SAMPLE t=185.6s rss=2349MB hwm=2349MB
RSS_SAMPLE t=185.8s rss=2349MB hwm=2349MB
RSS_SAMPLE t=186.1s rss=2350MB hwm=2350MB
RSS_SAMPLE t=186.3s rss=2350MB hwm=2350MB
RSS_SAMPLE t=186.6s rss=2350MB hwm=2350MB
RSS_SAMPLE t=186.8s rss=2350MB hwm=2350MB
RSS_SAMPLE t=187.1s rss=2351MB hwm=2351MB
RSS_SAMPLE t=187.3s rss=2351MB hwm=2351MB
RSS_SAMPLE t=187.6s rss=2351MB hwm=2351MB
RSS_SAMPLE t=187.8s rss=2351MB hwm=2351MB
RSS_SAMPLE t=188.1s rss=2351MB hwm=2351MB
RSS_SAMPLE t=188.3s rss=2351MB hwm=2351MB
RSS_SAMPLE t=188.6s rss=2352MB hwm=2352MB
RSS_SAMPLE t=188.8s rss=2352MB hwm=2352MB
RSS_SAMPLE t=189.1s rss=2353MB hwm=2353MB
RSS_SAMPLE t=189.3s rss=2353MB hwm=2353MB
RSS_SAMPLE t=189.6s rss=2354MB hwm=2354MB
RSS_SAMPLE t=189.8s rss=2354MB hwm=2354MB
RSS_SAMPLE t=190.1s rss=2354MB hwm=2354MB
RSS_SAMPLE t=190.3s rss=2355MB hwm=2355MB
RSS_SAMPLE t=190.6s rss=2355MB hwm=2355MB
RSS_SAMPLE t=190.8s rss=2356MB hwm=2356MB
RSS_SAMPLE t=191.1s rss=2356MB hwm=2356MB
RSS_SAMPLE t=191.3s rss=2356MB hwm=2356MB
RSS_SAMPLE t=191.6s rss=2357MB hwm=2357MB
RSS_SAMPLE t=191.9s rss=2357MB hwm=2357MB
RSS_SAMPLE t=192.1s rss=2357MB hwm=2357MB
RSS_SAMPLE t=192.4s rss=2358MB hwm=2358MB
RSS_SAMPLE t=192.6s rss=2358MB hwm=2358MB
RSS_SAMPLE t=192.9s rss=2358MB hwm=2358MB
RSS_SAMPLE t=193.1s rss=2359MB hwm=2359MB
RSS_SAMPLE t=193.4s rss=2360MB hwm=2360MB
RSS_SAMPLE t=193.6s rss=2360MB hwm=2360MB
RSS_SAMPLE t=193.9s rss=2360MB hwm=2360MB
RSS_SAMPLE t=194.1s rss=2361MB hwm=2361MB
RSS_SAMPLE t=194.4s rss=2361MB hwm=2361MB
RSS_SAMPLE t=194.6s rss=2362MB hwm=2362MB
RSS_SAMPLE t=194.9s rss=2362MB hwm=2362MB
RSS_SAMPLE t=195.1s rss=2362MB hwm=2362MB
RSS_SAMPLE t=195.4s rss=2363MB hwm=2363MB
RSS_SAMPLE t=195.6s rss=2363MB hwm=2363MB
RSS_SAMPLE t=195.9s rss=2364MB hwm=2364MB
RSS_SAMPLE t=196.1s rss=2364MB hwm=2364MB
RSS_SAMPLE t=196.4s rss=2365MB hwm=2365MB
RSS_SAMPLE t=196.6s rss=2365MB hwm=2365MB
RSS_SAMPLE t=196.9s rss=2365MB hwm=2365MB
RSS_SAMPLE t=197.1s rss=2366MB hwm=2366MB
RSS_SAMPLE t=197.4s rss=2366MB hwm=2366MB
RSS_SAMPLE t=197.6s rss=2367MB hwm=2367MB
RSS_SAMPLE t=197.9s rss=2367MB hwm=2367MB
RSS_SAMPLE t=198.1s rss=2368MB hwm=2368MB
RSS_SAMPLE t=198.4s rss=2369MB hwm=2369MB
RSS_SAMPLE t=198.6s rss=2369MB hwm=2369MB
RSS_SAMPLE t=198.9s rss=2369MB hwm=2369MB
RSS_SAMPLE t=199.1s rss=2369MB hwm=2369MB
RSS_SAMPLE t=199.4s rss=2370MB hwm=2370MB
RSS_SAMPLE t=199.6s rss=2370MB hwm=2370MB
RSS_SAMPLE t=199.9s rss=2371MB hwm=2371MB
RSS_SAMPLE t=200.1s rss=2372MB hwm=2372MB
RSS_SAMPLE t=200.4s rss=2372MB hwm=2372MB
RSS_SAMPLE t=200.6s rss=2373MB hwm=2373MB
RSS_SAMPLE t=200.9s rss=2373MB hwm=2373MB
RSS_SAMPLE t=201.1s rss=2373MB hwm=2373MB
RSS_SAMPLE t=201.4s rss=2374MB hwm=2374MB
RSS_SAMPLE t=201.6s rss=2375MB hwm=2375MB
RSS_SAMPLE t=201.9s rss=2376MB hwm=2376MB
RSS_SAMPLE t=202.1s rss=2376MB hwm=2376MB
RSS_SAMPLE t=202.4s rss=2376MB hwm=2376MB
RSS_SAMPLE t=202.6s rss=2377MB hwm=2377MB
RSS_SAMPLE t=202.9s rss=2377MB hwm=2377MB
RSS_SAMPLE t=203.1s rss=2378MB hwm=2378MB
RSS_SAMPLE t=203.4s rss=2378MB hwm=2378MB
RSS_SAMPLE t=203.6s rss=2379MB hwm=2379MB
RSS_SAMPLE t=203.9s rss=2380MB hwm=2380MB
RSS_SAMPLE t=204.1s rss=2380MB hwm=2380MB
RSS_SAMPLE t=204.4s rss=2381MB hwm=2381MB
RSS_SAMPLE t=204.6s rss=2381MB hwm=2381MB
RSS_SAMPLE t=204.9s rss=2382MB hwm=2382MB
RSS_SAMPLE t=205.1s rss=2382MB hwm=2382MB
RSS_SAMPLE t=205.4s rss=2383MB hwm=2383MB
RSS_SAMPLE t=205.6s rss=2383MB hwm=2383MB
RSS_SAMPLE t=205.9s rss=2384MB hwm=2384MB
RSS_SAMPLE t=206.1s rss=2384MB hwm=2384MB
RSS_SAMPLE t=206.4s rss=2385MB hwm=2385MB
RSS_SAMPLE t=206.6s rss=2385MB hwm=2385MB
RSS_SAMPLE t=206.9s rss=2386MB hwm=2386MB
RSS_SAMPLE t=207.1s rss=2387MB hwm=2387MB
RSS_SAMPLE t=207.4s rss=2387MB hwm=2387MB
RSS_SAMPLE t=207.6s rss=2388MB hwm=2388MB
RSS_SAMPLE t=207.9s rss=2388MB hwm=2388MB
RSS_SAMPLE t=208.1s rss=2389MB hwm=2389MB
RSS_SAMPLE t=208.4s rss=2389MB hwm=2389MB
RSS_SAMPLE t=208.6s rss=2390MB hwm=2390MB
RSS_SAMPLE t=208.9s rss=2390MB hwm=2390MB
RSS_SAMPLE t=209.1s rss=2391MB hwm=2391MB
RSS_SAMPLE t=209.4s rss=2391MB hwm=2391MB
RSS_SAMPLE t=209.6s rss=2392MB hwm=2392MB
RSS_SAMPLE t=209.9s rss=2392MB hwm=2392MB
RSS_SAMPLE t=210.1s rss=2393MB hwm=2393MB
RSS_SAMPLE t=210.4s rss=2393MB hwm=2393MB
RSS_SAMPLE t=210.6s rss=2394MB hwm=2394MB
RSS_SAMPLE t=210.9s rss=2394MB hwm=2394MB
RSS_SAMPLE t=211.1s rss=2394MB hwm=2394MB
RSS_SAMPLE t=211.4s rss=2395MB hwm=2395MB
RSS_SAMPLE t=211.6s rss=2395MB hwm=2395MB
RSS_SAMPLE t=211.9s rss=2396MB hwm=2396MB
RSS_SAMPLE t=212.1s rss=2397MB hwm=2397MB
RSS_SAMPLE t=212.4s rss=2397MB hwm=2397MB
RSS_SAMPLE t=212.6s rss=2397MB hwm=2397MB
RSS_SAMPLE t=212.9s rss=2398MB hwm=2398MB
RSS_SAMPLE t=213.1s rss=2398MB hwm=2398MB
RSS_SAMPLE t=213.4s rss=2398MB hwm=2398MB
RSS_SAMPLE t=213.6s rss=2399MB hwm=2399MB
RSS_SAMPLE t=213.9s rss=2399MB hwm=2399MB
RSS_SAMPLE t=214.1s rss=2400MB hwm=2400MB
RSS_SAMPLE t=214.4s rss=2400MB hwm=2400MB
RSS_SAMPLE t=214.6s rss=2400MB hwm=2400MB
RSS_SAMPLE t=214.9s rss=2400MB hwm=2400MB
RSS_SAMPLE t=215.1s rss=2401MB hwm=2401MB
RSS_SAMPLE t=215.4s rss=2402MB hwm=2402MB
RSS_SAMPLE t=215.6s rss=2402MB hwm=2402MB
RSS_SAMPLE t=215.9s rss=2402MB hwm=2402MB
RSS_SAMPLE t=216.1s rss=2403MB hwm=2403MB
RSS_SAMPLE t=216.4s rss=2403MB hwm=2403MB
RSS_SAMPLE t=216.6s rss=2404MB hwm=2404MB
RSS_SAMPLE t=216.9s rss=2404MB hwm=2404MB
RSS_SAMPLE t=217.1s rss=2405MB hwm=2405MB
RSS_SAMPLE t=217.4s rss=2405MB hwm=2405MB
RSS_SAMPLE t=217.6s rss=2405MB hwm=2405MB
RSS_SAMPLE t=217.9s rss=2406MB hwm=2406MB
RSS_SAMPLE t=218.1s rss=2406MB hwm=2406MB
RSS_SAMPLE t=218.4s rss=2407MB hwm=2407MB
RSS_SAMPLE t=218.6s rss=2407MB hwm=2407MB
RSS_SAMPLE t=218.9s rss=2407MB hwm=2407MB
RSS_SAMPLE t=219.1s rss=2408MB hwm=2408MB
RSS_SAMPLE t=219.4s rss=2408MB hwm=2408MB
RSS_SAMPLE t=219.6s rss=2409MB hwm=2409MB
RSS_SAMPLE t=219.9s rss=2409MB hwm=2409MB
RSS_SAMPLE t=220.1s rss=2409MB hwm=2409MB
RSS_SAMPLE t=220.4s rss=2410MB hwm=2410MB
RSS_SAMPLE t=220.6s rss=2411MB hwm=2411MB
RSS_SAMPLE t=220.9s rss=2411MB hwm=2411MB
RSS_SAMPLE t=221.1s rss=2412MB hwm=2412MB
RSS_SAMPLE t=221.4s rss=2413MB hwm=2413MB
RSS_SAMPLE t=221.6s rss=2414MB hwm=2414MB
RSS_SAMPLE t=221.9s rss=2415MB hwm=2415MB
RSS_SAMPLE t=222.1s rss=2415MB hwm=2415MB
RSS_SAMPLE t=222.4s rss=2415MB hwm=2415MB
RSS_SAMPLE t=222.6s rss=2416MB hwm=2416MB
RSS_SAMPLE t=222.9s rss=2417MB hwm=2417MB
RSS_SAMPLE t=223.1s rss=2417MB hwm=2417MB
RSS_SAMPLE t=223.4s rss=2418MB hwm=2418MB
RSS_SAMPLE t=223.6s rss=2419MB hwm=2419MB
RSS_SAMPLE t=223.9s rss=2420MB hwm=2420MB
RSS_SAMPLE t=224.1s rss=2420MB hwm=2420MB
RSS_SAMPLE t=224.4s rss=2421MB hwm=2421MB
RSS_SAMPLE t=224.6s rss=2421MB hwm=2421MB
RSS_SAMPLE t=224.9s rss=2422MB hwm=2422MB
RSS_SAMPLE t=225.1s rss=2423MB hwm=2423MB
RSS_SAMPLE t=225.4s rss=2423MB hwm=2423MB
RSS_SAMPLE t=225.6s rss=2425MB hwm=2425MB
RSS_SAMPLE t=225.9s rss=2425MB hwm=2425MB
RSS_SAMPLE t=226.1s rss=2426MB hwm=2426MB
RSS_SAMPLE t=226.4s rss=2427MB hwm=2427MB
RSS_SAMPLE t=226.6s rss=2428MB hwm=2428MB
RSS_SAMPLE t=226.9s rss=2429MB hwm=2429MB
RSS_SAMPLE t=227.1s rss=2429MB hwm=2429MB
RSS_SAMPLE t=227.4s rss=2430MB hwm=2430MB
RSS_SAMPLE t=227.6s rss=2431MB hwm=2431MB
RSS_SAMPLE t=227.9s rss=2432MB hwm=2432MB
RSS_SAMPLE t=228.1s rss=2432MB hwm=2432MB
RSS_SAMPLE t=228.4s rss=2433MB hwm=2433MB
RSS_SAMPLE t=228.6s rss=2434MB hwm=2434MB
RSS_SAMPLE t=228.9s rss=2434MB hwm=2434MB
RSS_SAMPLE t=229.1s rss=2435MB hwm=2435MB
RSS_SAMPLE t=229.4s rss=2436MB hwm=2436MB
RSS_SAMPLE t=229.6s rss=2436MB hwm=2436MB
RSS_SAMPLE t=229.9s rss=2437MB hwm=2437MB
RSS_SAMPLE t=230.1s rss=2437MB hwm=2437MB
RSS_SAMPLE t=230.4s rss=2438MB hwm=2438MB
RSS_SAMPLE t=230.6s rss=2439MB hwm=2439MB
RSS_SAMPLE t=230.9s rss=2439MB hwm=2439MB
RSS_SAMPLE t=231.1s rss=2440MB hwm=2440MB
RSS_SAMPLE t=231.4s rss=2441MB hwm=2441MB
RSS_SAMPLE t=231.6s rss=2441MB hwm=2441MB
RSS_SAMPLE t=231.9s rss=2442MB hwm=2442MB
RSS_SAMPLE t=232.1s rss=2442MB hwm=2442MB
RSS_SAMPLE t=232.4s rss=2443MB hwm=2443MB
RSS_SAMPLE t=232.6s rss=2444MB hwm=2444MB
RSS_SAMPLE t=232.9s rss=2444MB hwm=2444MB
RSS_SAMPLE t=233.1s rss=2444MB hwm=2444MB
RSS_SAMPLE t=233.4s rss=2445MB hwm=2445MB
RSS_SAMPLE t=233.6s rss=2446MB hwm=2446MB
RSS_SAMPLE t=233.9s rss=2446MB hwm=2446MB
RSS_SAMPLE t=234.1s rss=2446MB hwm=2446MB
RSS_SAMPLE t=234.4s rss=2447MB hwm=2447MB
RSS_SAMPLE t=234.6s rss=2447MB hwm=2447MB
RSS_SAMPLE t=234.9s rss=2448MB hwm=2448MB
RSS_SAMPLE t=235.1s rss=2449MB hwm=2449MB
RSS_SAMPLE t=235.4s rss=2449MB hwm=2449MB
RSS_SAMPLE t=235.6s rss=2450MB hwm=2450MB
RSS_SAMPLE t=235.9s rss=2450MB hwm=2450MB
RSS_SAMPLE t=236.1s rss=2451MB hwm=2451MB
RSS_SAMPLE t=236.4s rss=2452MB hwm=2452MB
RSS_SAMPLE t=236.6s rss=2452MB hwm=2452MB
RSS_SAMPLE t=236.9s rss=2452MB hwm=2452MB
RSS_SAMPLE t=237.1s rss=2453MB hwm=2453MB
RSS_SAMPLE t=237.4s rss=2453MB hwm=2453MB
RSS_SAMPLE t=237.6s rss=2453MB hwm=2453MB
RSS_SAMPLE t=237.9s rss=2454MB hwm=2454MB
RSS_SAMPLE t=238.1s rss=2454MB hwm=2454MB
RSS_SAMPLE t=238.4s rss=2455MB hwm=2455MB
RSS_SAMPLE t=238.6s rss=2456MB hwm=2456MB
RSS_SAMPLE t=238.9s rss=2456MB hwm=2456MB
RSS_SAMPLE t=239.1s rss=2457MB hwm=2457MB
RSS_SAMPLE t=239.4s rss=2457MB hwm=2457MB
RSS_SAMPLE t=239.6s rss=2457MB hwm=2457MB
RSS_SAMPLE t=239.9s rss=2458MB hwm=2458MB
RSS_SAMPLE t=240.1s rss=2459MB hwm=2459MB
RSS_SAMPLE t=240.4s rss=2459MB hwm=2459MB
RSS_SAMPLE t=240.6s rss=2460MB hwm=2460MB
RSS_SAMPLE t=240.9s rss=2461MB hwm=2461MB
RSS_SAMPLE t=241.1s rss=2461MB hwm=2461MB
RSS_SAMPLE t=241.4s rss=2461MB hwm=2461MB
RSS_SAMPLE t=241.6s rss=2461MB hwm=2461MB
RSS_SAMPLE t=241.9s rss=2462MB hwm=2462MB
RSS_SAMPLE t=242.1s rss=2462MB hwm=2462MB
RSS_SAMPLE t=242.4s rss=2463MB hwm=2463MB
RSS_SAMPLE t=242.6s rss=2463MB hwm=2463MB
RSS_SAMPLE t=242.9s rss=2463MB hwm=2463MB
RSS_SAMPLE t=243.1s rss=2464MB hwm=2464MB
RSS_SAMPLE t=243.4s rss=2464MB hwm=2464MB
RSS_SAMPLE t=243.6s rss=2465MB hwm=2465MB
RSS_SAMPLE t=243.9s rss=2466MB hwm=2466MB
RSS_SAMPLE t=244.1s rss=2467MB hwm=2467MB
RSS_SAMPLE t=244.4s rss=2467MB hwm=2467MB
RSS_SAMPLE t=244.6s rss=2468MB hwm=2468MB
RSS_SAMPLE t=244.9s rss=2469MB hwm=2469MB
RSS_SAMPLE t=245.1s rss=2469MB hwm=2469MB
RSS_SAMPLE t=245.4s rss=2470MB hwm=2470MB
RSS_SAMPLE t=245.6s rss=2471MB hwm=2471MB
RSS_SAMPLE t=245.9s rss=2471MB hwm=2471MB
RSS_SAMPLE t=246.1s rss=2472MB hwm=2472MB
RSS_SAMPLE t=246.4s rss=2473MB hwm=2473MB
RSS_SAMPLE t=246.6s rss=2473MB hwm=2473MB
RSS_SAMPLE t=246.9s rss=2474MB hwm=2474MB
RSS_SAMPLE t=247.1s rss=2475MB hwm=2475MB
RSS_SAMPLE t=247.4s rss=2475MB hwm=2475MB
RSS_SAMPLE t=247.6s rss=2476MB hwm=2476MB
RSS_SAMPLE t=247.9s rss=2477MB hwm=2477MB
RSS_SAMPLE t=248.1s rss=2478MB hwm=2478MB
RSS_SAMPLE t=248.4s rss=2478MB hwm=2478MB
RSS_SAMPLE t=248.6s rss=2479MB hwm=2479MB
RSS_SAMPLE t=248.9s rss=2479MB hwm=2479MB
RSS_SAMPLE t=249.1s rss=2480MB hwm=2480MB
RSS_SAMPLE t=249.4s rss=2480MB hwm=2480MB
RSS_SAMPLE t=249.6s rss=2480MB hwm=2480MB
RSS_SAMPLE t=249.9s rss=2481MB hwm=2481MB
RSS_SAMPLE t=250.1s rss=2482MB hwm=2482MB
RSS_SAMPLE t=250.4s rss=2482MB hwm=2482MB
RSS_SAMPLE t=250.6s rss=2483MB hwm=2483MB
RSS_SAMPLE t=250.9s rss=2483MB hwm=2483MB
RSS_SAMPLE t=251.1s rss=2484MB hwm=2484MB
RSS_SAMPLE t=251.4s rss=2485MB hwm=2485MB
RSS_SAMPLE t=251.6s rss=2485MB hwm=2485MB
RSS_SAMPLE t=251.9s rss=2486MB hwm=2486MB
RSS_SAMPLE t=252.1s rss=2487MB hwm=2487MB
RSS_SAMPLE t=252.4s rss=2487MB hwm=2487MB
RSS_SAMPLE t=252.6s rss=2488MB hwm=2488MB
RSS_SAMPLE t=252.9s rss=2489MB hwm=2489MB
RSS_SAMPLE t=253.1s rss=2489MB hwm=2489MB
RSS_SAMPLE t=253.4s rss=2491MB hwm=2491MB
RSS_SAMPLE t=253.6s rss=2491MB hwm=2491MB
RSS_SAMPLE t=253.9s rss=2492MB hwm=2492MB
RSS_SAMPLE t=254.1s rss=2493MB hwm=2493MB
RSS_SAMPLE t=254.4s rss=2494MB hwm=2494MB
RSS_SAMPLE t=254.6s rss=2494MB hwm=2494MB
RSS_SAMPLE t=254.9s rss=2496MB hwm=2496MB
RSS_SAMPLE t=255.1s rss=2496MB hwm=2496MB
RSS_SAMPLE t=255.4s rss=2497MB hwm=2497MB
RSS_SAMPLE t=255.6s rss=2498MB hwm=2498MB
RSS_SAMPLE t=255.9s rss=2499MB hwm=2499MB
RSS_SAMPLE t=256.1s rss=2500MB hwm=2500MB
RSS_SAMPLE t=256.4s rss=2501MB hwm=2501MB
RSS_SAMPLE t=256.6s rss=2502MB hwm=2502MB
RSS_SAMPLE t=256.9s rss=2503MB hwm=2503MB
RSS_SAMPLE t=257.1s rss=2504MB hwm=2504MB
RSS_SAMPLE t=257.4s rss=2505MB hwm=2505MB
RSS_SAMPLE t=257.6s rss=2506MB hwm=2506MB
RSS_SAMPLE t=257.9s rss=2507MB hwm=2507MB
RSS_SAMPLE t=258.1s rss=2507MB hwm=2507MB
RSS_SAMPLE t=258.4s rss=2508MB hwm=2508MB
RSS_SAMPLE t=258.6s rss=2509MB hwm=2509MB
RSS_SAMPLE t=258.9s rss=2509MB hwm=2509MB
RSS_SAMPLE t=259.1s rss=2510MB hwm=2510MB
RSS_SAMPLE t=259.4s rss=2510MB hwm=2510MB
RSS_SAMPLE t=259.6s rss=2511MB hwm=2511MB
RSS_SAMPLE t=259.9s rss=2512MB hwm=2512MB
RSS_SAMPLE t=260.1s rss=2512MB hwm=2512MB
RSS_SAMPLE t=260.4s rss=2513MB hwm=2513MB
RSS_SAMPLE t=260.6s rss=2513MB hwm=2513MB
RSS_SAMPLE t=260.9s rss=2514MB hwm=2514MB
RSS_SAMPLE t=261.1s rss=2515MB hwm=2515MB
RSS_SAMPLE t=261.4s rss=2515MB hwm=2515MB
RSS_SAMPLE t=261.6s rss=2515MB hwm=2515MB
RSS_SAMPLE t=261.9s rss=2516MB hwm=2516MB
RSS_SAMPLE t=262.1s rss=2516MB hwm=2516MB
RSS_SAMPLE t=262.4s rss=2517MB hwm=2517MB
RSS_SAMPLE t=262.6s rss=2518MB hwm=2518MB
RSS_SAMPLE t=262.9s rss=2518MB hwm=2518MB
RSS_SAMPLE t=263.1s rss=2518MB hwm=2518MB
RSS_SAMPLE t=263.4s rss=2519MB hwm=2519MB
RSS_SAMPLE t=263.6s rss=2519MB hwm=2519MB
RSS_SAMPLE t=263.9s rss=2519MB hwm=2519MB
RSS_SAMPLE t=264.1s rss=2520MB hwm=2520MB
RSS_SAMPLE t=264.4s rss=2520MB hwm=2520MB
RSS_SAMPLE t=264.6s rss=2521MB hwm=2521MB
RSS_SAMPLE t=264.9s rss=2521MB hwm=2521MB
RSS_SAMPLE t=265.1s rss=2522MB hwm=2522MB
RSS_SAMPLE t=265.4s rss=2522MB hwm=2522MB
RSS_SAMPLE t=265.6s rss=2522MB hwm=2522MB
RSS_SAMPLE t=265.9s rss=2523MB hwm=2523MB
RSS_SAMPLE t=266.1s rss=2523MB hwm=2523MB
RSS_SAMPLE t=266.4s rss=2524MB hwm=2524MB
RSS_SAMPLE t=266.6s rss=2524MB hwm=2524MB
RSS_SAMPLE t=266.9s rss=2524MB hwm=2524MB
RSS_SAMPLE t=267.1s rss=2525MB hwm=2525MB
RSS_SAMPLE t=267.4s rss=2525MB hwm=2525MB
RSS_SAMPLE t=267.6s rss=2525MB hwm=2525MB
RSS_SAMPLE t=267.9s rss=2525MB hwm=2525MB
RSS_SAMPLE t=268.1s rss=2526MB hwm=2526MB
RSS_SAMPLE t=268.4s rss=2526MB hwm=2526MB
RSS_SAMPLE t=268.6s rss=2526MB hwm=2526MB
RSS_SAMPLE t=268.9s rss=2527MB hwm=2527MB
RSS_SAMPLE t=269.1s rss=2527MB hwm=2527MB
RSS_SAMPLE t=269.4s rss=2527MB hwm=2527MB
RSS_SAMPLE t=269.6s rss=2527MB hwm=2527MB
RSS_SAMPLE t=269.9s rss=2527MB hwm=2527MB
RSS_SAMPLE t=270.1s rss=2527MB hwm=2527MB
RSS_SAMPLE t=270.4s rss=2528MB hwm=2528MB
RSS_SAMPLE t=270.6s rss=2528MB hwm=2528MB
RSS_SAMPLE t=270.9s rss=2528MB hwm=2528MB
RSS_SAMPLE t=271.1s rss=2528MB hwm=2528MB
RSS_SAMPLE t=271.4s rss=2528MB hwm=2528MB
RSS_SAMPLE t=271.6s rss=2528MB hwm=2528MB
RSS_SAMPLE t=271.9s rss=2528MB hwm=2528MB
RSS_SAMPLE t=272.1s rss=2528MB hwm=2528MB
RSS_SAMPLE t=272.4s rss=2528MB hwm=2528MB
RSS_SAMPLE t=272.6s rss=2528MB hwm=2528MB
RSS_SAMPLE t=272.9s rss=2528MB hwm=2528MB
RSS_SAMPLE t=273.1s rss=2528MB hwm=2528MB
RSS_SAMPLE t=273.4s rss=2528MB hwm=2528MB
RSS_SAMPLE t=273.6s rss=2528MB hwm=2528MB
RSS_SAMPLE t=273.9s rss=2528MB hwm=2528MB
RSS_SAMPLE t=274.1s rss=2528MB hwm=2528MB
RSS_SAMPLE t=274.4s rss=2528MB hwm=2528MB
RSS_SAMPLE t=274.6s rss=2528MB hwm=2528MB
RSS_SAMPLE t=274.9s rss=2528MB hwm=2528MB
RSS_SAMPLE t=275.1s rss=2528MB hwm=2528MB
RSS_SAMPLE t=275.4s rss=2528MB hwm=2528MB
RSS_SAMPLE t=275.6s rss=2528MB hwm=2528MB
RSS_SAMPLE t=275.9s rss=2528MB hwm=2528MB
RSS_SAMPLE t=276.1s rss=2528MB hwm=2528MB
RSS_SAMPLE t=276.4s rss=2529MB hwm=2529MB
RSS_SAMPLE t=276.6s rss=2529MB hwm=2529MB
RSS_SAMPLE t=276.9s rss=2529MB hwm=2529MB
RSS_SAMPLE t=277.1s rss=2529MB hwm=2529MB
RSS_SAMPLE t=277.4s rss=2529MB hwm=2529MB
RSS_SAMPLE t=277.6s rss=2529MB hwm=2529MB
RSS_SAMPLE t=277.9s rss=2529MB hwm=2529MB
RSS_SAMPLE t=278.1s rss=2529MB hwm=2529MB
RSS_SAMPLE t=278.4s rss=2529MB hwm=2529MB
RSS_SAMPLE t=278.6s rss=2529MB hwm=2529MB
RSS_SAMPLE t=278.9s rss=2529MB hwm=2529MB
RSS_SAMPLE t=279.1s rss=2529MB hwm=2529MB
RSS_SAMPLE t=279.4s rss=2529MB hwm=2529MB
RSS_SAMPLE t=279.6s rss=2529MB hwm=2529MB
RSS_SAMPLE t=279.9s rss=2529MB hwm=2529MB
RSS_SAMPLE t=280.1s rss=2530MB hwm=2530MB
RSS_SAMPLE t=280.4s rss=2530MB hwm=2530MB
RSS_SAMPLE t=280.6s rss=2530MB hwm=2530MB
RSS_SAMPLE t=280.9s rss=2530MB hwm=2530MB
RSS_SAMPLE t=281.2s rss=2530MB hwm=2530MB
RSS_SAMPLE t=281.4s rss=2530MB hwm=2530MB
RSS_SAMPLE t=281.7s rss=2530MB hwm=2530MB
RSS_SAMPLE t=281.9s rss=2530MB hwm=2530MB
RSS_SAMPLE t=282.2s rss=2530MB hwm=2530MB
RSS_SAMPLE t=282.4s rss=2530MB hwm=2530MB
RSS_SAMPLE t=282.7s rss=2530MB hwm=2530MB
RSS_SAMPLE t=282.9s rss=2530MB hwm=2530MB
RSS_SAMPLE t=283.2s rss=2530MB hwm=2530MB
RSS_SAMPLE t=283.4s rss=2530MB hwm=2530MB
RSS_SAMPLE t=283.7s rss=2530MB hwm=2530MB
RSS_SAMPLE t=283.9s rss=2530MB hwm=2530MB
RSS_SAMPLE t=284.2s rss=2530MB hwm=2530MB
RSS_SAMPLE t=284.4s rss=2530MB hwm=2530MB
RSS_SAMPLE t=284.7s rss=2530MB hwm=2530MB
RSS_SAMPLE t=284.9s rss=2530MB hwm=2530MB
RSS_SAMPLE t=285.2s rss=2530MB hwm=2530MB
RSS_SAMPLE t=285.4s rss=2530MB hwm=2530MB
RSS_SAMPLE t=285.7s rss=2530MB hwm=2530MB
RSS_SAMPLE t=285.9s rss=2530MB hwm=2530MB
RSS_SAMPLE t=286.2s rss=2531MB hwm=2531MB
RSS_SAMPLE t=286.4s rss=2531MB hwm=2531MB
RSS_SAMPLE t=286.7s rss=2531MB hwm=2531MB
RSS_SAMPLE t=286.9s rss=2531MB hwm=2531MB
RSS_SAMPLE t=287.2s rss=2531MB hwm=2531MB
RSS_SAMPLE t=287.4s rss=2531MB hwm=2531MB
RSS_SAMPLE t=287.7s rss=2531MB hwm=2531MB
RSS_SAMPLE t=287.9s rss=2531MB hwm=2531MB
RSS_SAMPLE t=288.2s rss=2531MB hwm=2531MB
RSS_SAMPLE t=288.4s rss=2531MB hwm=2531MB
RSS_SAMPLE t=288.7s rss=2531MB hwm=2531MB
RSS_SAMPLE t=288.9s rss=2531MB hwm=2531MB
RSS_SAMPLE t=289.2s rss=2531MB hwm=2531MB
RSS_SAMPLE t=289.4s rss=2531MB hwm=2531MB
RSS_SAMPLE t=289.7s rss=2531MB hwm=2531MB
RSS_SAMPLE t=289.9s rss=2531MB hwm=2531MB
RSS_SAMPLE t=290.2s rss=2531MB hwm=2531MB
RSS_SAMPLE t=290.4s rss=2531MB hwm=2531MB
RSS_SAMPLE t=290.7s rss=2531MB hwm=2531MB
RSS_SAMPLE t=290.9s rss=2531MB hwm=2531MB
RSS_SAMPLE t=291.2s rss=2532MB hwm=2532MB
RSS_SAMPLE t=291.4s rss=2532MB hwm=2532MB
RSS_SAMPLE t=291.7s rss=2532MB hwm=2532MB
RSS_SAMPLE t=291.9s rss=2532MB hwm=2532MB
RSS_SAMPLE t=292.2s rss=2532MB hwm=2532MB
RSS_SAMPLE t=292.4s rss=2532MB hwm=2532MB
RSS_SAMPLE t=292.7s rss=2532MB hwm=2532MB
RSS_SAMPLE t=292.9s rss=2532MB hwm=2532MB
RSS_SAMPLE t=293.2s rss=2532MB hwm=2532MB
RSS_SAMPLE t=293.4s rss=2532MB hwm=2532MB
RSS_SAMPLE t=293.7s rss=2532MB hwm=2532MB
RSS_SAMPLE t=293.9s rss=2532MB hwm=2532MB
RSS_SAMPLE t=294.2s rss=2532MB hwm=2532MB
RSS_SAMPLE t=294.4s rss=2532MB hwm=2532MB
RSS_SAMPLE t=294.7s rss=2532MB hwm=2532MB
RSS_SAMPLE t=294.9s rss=2532MB hwm=2532MB
RSS_SAMPLE t=295.2s rss=2532MB hwm=2532MB
RSS_SAMPLE t=295.4s rss=2532MB hwm=2532MB
RSS_SAMPLE t=295.7s rss=2532MB hwm=2532MB
RSS_SAMPLE t=295.9s rss=2532MB hwm=2532MB
RSS_SAMPLE t=296.2s rss=2532MB hwm=2532MB
RSS_SAMPLE t=296.4s rss=2532MB hwm=2532MB
RSS_SAMPLE t=296.7s rss=2532MB hwm=2532MB
RSS_SAMPLE t=296.9s rss=2532MB hwm=2532MB
RSS_SAMPLE t=297.2s rss=2532MB hwm=2532MB
RSS_SAMPLE t=297.4s rss=2532MB hwm=2532MB
RSS_SAMPLE t=297.7s rss=2532MB hwm=2532MB
RSS_SAMPLE t=297.9s rss=2532MB hwm=2532MB
RSS_SAMPLE t=298.2s rss=2532MB hwm=2532MB
RSS_SAMPLE t=298.4s rss=2532MB hwm=2532MB
RSS_SAMPLE t=298.7s rss=2532MB hwm=2532MB
RSS_SAMPLE t=298.9s rss=2533MB hwm=2533MB
RSS_SAMPLE t=299.2s rss=2533MB hwm=2533MB
RSS_SAMPLE t=299.4s rss=2533MB hwm=2533MB
RSS_SAMPLE t=299.7s rss=2533MB hwm=2533MB
RSS_SAMPLE t=299.9s rss=2533MB hwm=2533MB
RSS_SAMPLE t=300.2s rss=2533MB hwm=2533MB
RSS_SAMPLE t=300.4s rss=2533MB hwm=2533MB
RSS_SAMPLE t=300.7s rss=2533MB hwm=2533MB
RSS_SAMPLE t=300.9s rss=2533MB hwm=2533MB
RSS_SAMPLE t=301.2s rss=2533MB hwm=2533MB
RSS_SAMPLE t=301.4s rss=2533MB hwm=2533MB
RSS_SAMPLE t=301.7s rss=2533MB hwm=2533MB
RSS_SAMPLE t=301.9s rss=2533MB hwm=2533MB
RSS_SAMPLE t=302.2s rss=2533MB hwm=2533MB
RSS_SAMPLE t=302.4s rss=2533MB hwm=2533MB
RSS_SAMPLE t=302.7s rss=2533MB hwm=2533MB
RSS_SAMPLE t=302.9s rss=2533MB hwm=2533MB
RSS_SAMPLE t=303.2s rss=2533MB hwm=2533MB
RSS_SAMPLE t=303.4s rss=2533MB hwm=2533MB
RSS_SAMPLE t=303.7s rss=2533MB hwm=2533MB
RSS_SAMPLE t=303.9s rss=2533MB hwm=2533MB
RSS_SAMPLE t=304.2s rss=2534MB hwm=2534MB
RSS_SAMPLE t=304.4s rss=2534MB hwm=2534MB
RSS_SAMPLE t=304.7s rss=2534MB hwm=2534MB
RSS_SAMPLE t=304.9s rss=2534MB hwm=2534MB
RSS_SAMPLE t=305.2s rss=2534MB hwm=2534MB
RSS_SAMPLE t=305.4s rss=2534MB hwm=2534MB
RSS_SAMPLE t=305.7s rss=2534MB hwm=2534MB
RSS_SAMPLE t=305.9s rss=2534MB hwm=2534MB
RSS_SAMPLE t=306.2s rss=2534MB hwm=2534MB
RSS_SAMPLE t=306.4s rss=2534MB hwm=2534MB
RSS_SAMPLE t=306.7s rss=2534MB hwm=2534MB
RSS_SAMPLE t=306.9s rss=2534MB hwm=2534MB
RSS_SAMPLE t=307.2s rss=2534MB hwm=2534MB
RSS_SAMPLE t=307.4s rss=2534MB hwm=2534MB
RSS_SAMPLE t=307.7s rss=2534MB hwm=2534MB
RSS_SAMPLE t=307.9s rss=2534MB hwm=2534MB
RSS_SAMPLE t=308.2s rss=2534MB hwm=2534MB
RSS_SAMPLE t=308.4s rss=2534MB hwm=2534MB
RSS_SAMPLE t=308.7s rss=2534MB hwm=2534MB
RSS_SAMPLE t=308.9s rss=2534MB hwm=2534MB
RSS_SAMPLE t=309.2s rss=2534MB hwm=2534MB
RSS_SAMPLE t=309.4s rss=2534MB hwm=2534MB
RSS_SAMPLE t=309.7s rss=2534MB hwm=2534MB
RSS_SAMPLE t=309.9s rss=2534MB hwm=2534MB
RSS_SAMPLE t=310.2s rss=2535MB hwm=2535MB
RSS_SAMPLE t=310.4s rss=2535MB hwm=2535MB
RSS_SAMPLE t=310.7s rss=2535MB hwm=2535MB
RSS_SAMPLE t=310.9s rss=2535MB hwm=2535MB
RSS_SAMPLE t=311.2s rss=2535MB hwm=2535MB
RSS_SAMPLE t=311.4s rss=2535MB hwm=2535MB
RSS_SAMPLE t=311.7s rss=2535MB hwm=2535MB
RSS_SAMPLE t=311.9s rss=2535MB hwm=2535MB
RSS_SAMPLE t=312.2s rss=2535MB hwm=2535MB
RSS_SAMPLE t=312.4s rss=2535MB hwm=2535MB
RSS_SAMPLE t=312.7s rss=2535MB hwm=2535MB
RSS_SAMPLE t=312.9s rss=2535MB hwm=2535MB
RSS_SAMPLE t=313.2s rss=2535MB hwm=2535MB
RSS_SAMPLE t=313.4s rss=2535MB hwm=2535MB
RSS_SAMPLE t=313.7s rss=2535MB hwm=2535MB
RSS_SAMPLE t=313.9s rss=2535MB hwm=2535MB
RSS_SAMPLE t=314.2s rss=2535MB hwm=2535MB
RSS_SAMPLE t=314.4s rss=2535MB hwm=2535MB
RSS_SAMPLE t=314.7s rss=2535MB hwm=2535MB
RSS_SAMPLE t=314.9s rss=2535MB hwm=2535MB
RSS_SAMPLE t=315.2s rss=2535MB hwm=2535MB
RSS_SAMPLE t=315.4s rss=2535MB hwm=2535MB
RSS_SAMPLE t=315.7s rss=2535MB hwm=2535MB
RSS_SAMPLE t=315.9s rss=2535MB hwm=2535MB
RSS_SAMPLE t=316.2s rss=2536MB hwm=2536MB
RSS_SAMPLE t=316.4s rss=2536MB hwm=2536MB
RSS_SAMPLE t=316.7s rss=2536MB hwm=2536MB
RSS_SAMPLE t=316.9s rss=2536MB hwm=2536MB
RSS_SAMPLE t=317.2s rss=2536MB hwm=2536MB
RSS_SAMPLE t=317.4s rss=2536MB hwm=2536MB
RSS_SAMPLE t=317.7s rss=2536MB hwm=2536MB
RSS_SAMPLE t=317.9s rss=2536MB hwm=2536MB
RSS_SAMPLE t=318.2s rss=2536MB hwm=2536MB
RSS_SAMPLE t=318.4s rss=2536MB hwm=2536MB
RSS_SAMPLE t=318.7s rss=2536MB hwm=2536MB
RSS_SAMPLE t=318.9s rss=2536MB hwm=2536MB
RSS_SAMPLE t=319.2s rss=2536MB hwm=2536MB
RSS_SAMPLE t=319.4s rss=2536MB hwm=2536MB
RSS_SAMPLE t=319.7s rss=2536MB hwm=2536MB
RSS_SAMPLE t=319.9s rss=2536MB hwm=2536MB
RSS_SAMPLE t=320.2s rss=2536MB hwm=2536MB
RSS_SAMPLE t=320.4s rss=2536MB hwm=2536MB
RSS_SAMPLE t=320.7s rss=2536MB hwm=2536MB
RSS_SAMPLE t=320.9s rss=2536MB hwm=2536MB
RSS_SAMPLE t=321.2s rss=2536MB hwm=2536MB
RSS_SAMPLE t=321.4s rss=2536MB hwm=2536MB
RSS_SAMPLE t=321.7s rss=2536MB hwm=2536MB
RSS_SAMPLE t=321.9s rss=2537MB hwm=2537MB
RSS_SAMPLE t=322.2s rss=2537MB hwm=2537MB
RSS_SAMPLE t=322.4s rss=2537MB hwm=2537MB
RSS_SAMPLE t=322.7s rss=2537MB hwm=2537MB
RSS_SAMPLE t=322.9s rss=2537MB hwm=2537MB
RSS_SAMPLE t=323.2s rss=2537MB hwm=2537MB
RSS_SAMPLE t=323.4s rss=2537MB hwm=2537MB
RSS_SAMPLE t=323.7s rss=2537MB hwm=2537MB
RSS_SAMPLE t=323.9s rss=2537MB hwm=2537MB
RSS_SAMPLE t=324.2s rss=2537MB hwm=2537MB
RSS_SAMPLE t=324.4s rss=2537MB hwm=2537MB
RSS_SAMPLE t=324.7s rss=2537MB hwm=2537MB
RSS_SAMPLE t=324.9s rss=2537MB hwm=2537MB
RSS_SAMPLE t=325.2s rss=2537MB hwm=2537MB
RSS_SAMPLE t=325.4s rss=2537MB hwm=2537MB
RSS_SAMPLE t=325.7s rss=2537MB hwm=2537MB
RSS_SAMPLE t=325.9s rss=2537MB hwm=2537MB
RSS_SAMPLE t=326.2s rss=2537MB hwm=2537MB
RSS_SAMPLE t=326.4s rss=2537MB hwm=2537MB
RSS_SAMPLE t=326.7s rss=2537MB hwm=2537MB
RSS_SAMPLE t=326.9s rss=2537MB hwm=2537MB
RSS_SAMPLE t=327.2s rss=2537MB hwm=2537MB
RSS_SAMPLE t=327.4s rss=2537MB hwm=2537MB
RSS_SAMPLE t=327.7s rss=2537MB hwm=2537MB
RSS_SAMPLE t=327.9s rss=2537MB hwm=2537MB
RSS_SAMPLE t=328.2s rss=2537MB hwm=2537MB
RSS_SAMPLE t=328.4s rss=2537MB hwm=2537MB
RSS_SAMPLE t=328.7s rss=2537MB hwm=2537MB
RSS_SAMPLE t=328.9s rss=2537MB hwm=2537MB
RSS_SAMPLE t=329.2s rss=2537MB hwm=2537MB
RSS_SAMPLE t=329.4s rss=2537MB hwm=2537MB
RSS_SAMPLE t=329.7s rss=2537MB hwm=2537MB
RSS_SAMPLE t=329.9s rss=2537MB hwm=2537MB
RSS_SAMPLE t=330.2s rss=2538MB hwm=2538MB
RSS_SAMPLE t=330.4s rss=2538MB hwm=2538MB
RSS_SAMPLE t=330.7s rss=2538MB hwm=2538MB
RSS_SAMPLE t=330.9s rss=2538MB hwm=2538MB
RSS_SAMPLE t=331.2s rss=2538MB hwm=2538MB
RSS_SAMPLE t=331.4s rss=2538MB hwm=2538MB
RSS_SAMPLE t=331.7s rss=2538MB hwm=2538MB
RSS_SAMPLE t=331.9s rss=2538MB hwm=2538MB
RSS_SAMPLE t=332.2s rss=2538MB hwm=2538MB
MEM_POOL: workspaces=8 dense_usage_mb=313 n_pipes=2562403
    rss_probe[outer=0]: pre_post_solve=1844MB post_post_solve=2557MB after_apply=2557MB
MuxSlotTracker[sweep 0 LEAK]: populated_cells=59658, overflow_tiles=2, at_cap_tiles=1758, peak_excess=10, capacity_hist={16:67346}
    E_decomp: base=10849715.8 eff=11404250.6 cong=554534.8 cong_share=4.9% sat_pipes=172217 max_util=1118.12  R_buckets: 1-2x=2562403 2-10x=0 10-100x=0 >=100x=0
    E_potential: beckmann=13932143031992.9 history_total=0.0
    SpanCache: epoch=1 entries=110 lookups=2562403 hits=2562293 misses=110 hit_rate=100.0%
  DCD   0: nets=105117 line=17498742 energy=2443331.202 dE=+0.000 friction=4558388.3 bins=2.7x(1246) excess=664.8 moved=59527 disp=inf solves=210234 skip=0 pops=2129437718 theta=0.250 refresh=268011ms dcd=6881ms total=277470ms
    cache_stats: entries=50900805 capacity=85393364 est_mb=738 rss_mb=2541
RSS_SAMPLE t=332.4s rss=2541MB hwm=2553MB
RSS_SAMPLE t=332.7s rss=2542MB hwm=2553MB
RSS_SAMPLE t=332.9s rss=2542MB hwm=2553MB
RSS_SAMPLE t=333.2s rss=2542MB hwm=2553MB
RSS_SAMPLE t=333.4s rss=2542MB hwm=2553MB
RSS_SAMPLE t=333.7s rss=2542MB hwm=2553MB
RSS_SAMPLE t=333.9s rss=2542MB hwm=2553MB
RSS_SAMPLE t=334.2s rss=2542MB hwm=2553MB
RSS_SAMPLE t=334.4s rss=2542MB hwm=2553MB
RSS_SAMPLE t=334.7s rss=2542MB hwm=2553MB
RSS_SAMPLE t=334.9s rss=2542MB hwm=2553MB
    SwitchMatrix: type_usage_pairs=910 lookups=2623 hits=1713 dijkstra_calls=910 avg_us=11.7 total_ms=10.6
PHASE_MARK outer=1 enter=pre_solve rss=2542MB
    rss_probe[outer=1]: pre_refresh_rss=2542MB post_pre_solve_rss=2542MB cache_entries=50900805 cache_cap=85393364 cache_est_mb=738
    pre_solve_diag[outer=1]: solves=0 fallback=0 (0.0%) cap_armed=0 (0.0%) settle_avg=0 settle_max=0 init_count=53
    Overflow: over=153780 (6.0% of used) avg_excess=3.08 max_excess=1522.79 (nc=1546.79 cap=24 span=1)  excess_buckets: <=1=63132 1-5=66977 5-20=20914 >20=2757  by_cap: cap1=68266 cap2=55954 cap3-5=190 cap>5=29370  by_span: s1=1798 s2-3=2127 s4-6=17412 s7-12=61279 s>12=71164  le1_cross: cap1=34424 cap2-5=25625 cap>5=3083
    Congestion: pipes=2562403 used=2562403 congested(>50%)=320248 saturated(>90%)=172217 max_util=1118.12 avg_util=0.3014
PHASE_MARK outer=1 enter=dcd_sweep rss=2542MB
RSS_SAMPLE t=335.2s rss=2542MB hwm=2553MB
RSS_SAMPLE t=335.4s rss=2542MB hwm=2553MB
RSS_SAMPLE t=335.7s rss=2542MB hwm=2553MB
RSS_SAMPLE t=335.9s rss=2542MB hwm=2553MB
RSS_SAMPLE t=336.2s rss=2542MB hwm=2553MB
RSS_SAMPLE t=336.4s rss=2542MB hwm=2553MB
RSS_SAMPLE t=336.7s rss=2542MB hwm=2553MB
RSS_SAMPLE t=336.9s rss=2542MB hwm=2553MB
RSS_SAMPLE t=337.2s rss=2542MB hwm=2553MB
RSS_SAMPLE t=337.4s rss=2542MB hwm=2553MB
RSS_SAMPLE t=337.7s rss=2542MB hwm=2553MB
RSS_SAMPLE t=337.9s rss=2542MB hwm=2553MB
RSS_SAMPLE t=338.2s rss=2542MB hwm=2553MB
RSS_SAMPLE t=338.4s rss=2542MB hwm=2553MB
RSS_SAMPLE t=338.7s rss=2542MB hwm=2553MB
RSS_SAMPLE t=338.9s rss=2542MB hwm=2553MB
RSS_SAMPLE t=339.2s rss=2542MB hwm=2553MB
RSS_SAMPLE t=339.4s rss=2542MB hwm=2553MB
RSS_SAMPLE t=339.7s rss=2542MB hwm=2553MB
RSS_SAMPLE t=339.9s rss=2542MB hwm=2553MB
RSS_SAMPLE t=340.2s rss=2542MB hwm=2553MB
RSS_SAMPLE t=340.4s rss=2542MB hwm=2553MB
RSS_SAMPLE t=340.7s rss=2542MB hwm=2553MB
RSS_SAMPLE t=340.9s rss=2542MB hwm=2553MB
RSS_SAMPLE t=341.2s rss=2542MB hwm=2553MB
RSS_SAMPLE t=341.4s rss=2542MB hwm=2553MB
RSS_SAMPLE t=341.7s rss=2542MB hwm=2553MB
PHASE_MARK outer=1 leave=dcd_sweep rss=2542MB
PHASE_MARK outer=1 enter=post_refresh rss=2542MB
RSS_SAMPLE t=341.9s rss=2552MB hwm=2553MB
RSS_SAMPLE t=342.2s rss=2553MB hwm=2553MB
RSS_SAMPLE t=342.4s rss=2553MB hwm=2553MB
RSS_SAMPLE t=342.7s rss=2553MB hwm=2553MB
RSS_SAMPLE t=342.9s rss=2553MB hwm=2553MB
RSS_SAMPLE t=343.2s rss=2553MB hwm=2553MB
RSS_SAMPLE t=343.4s rss=2553MB hwm=2553MB
RSS_SAMPLE t=343.7s rss=2553MB hwm=2553MB
RSS_SAMPLE t=343.9s rss=2553MB hwm=2553MB
RSS_SAMPLE t=344.2s rss=2553MB hwm=2553MB
RSS_SAMPLE t=344.4s rss=2587MB hwm=2587MB
RSS_SAMPLE t=344.7s rss=2596MB hwm=2596MB
RSS_SAMPLE t=344.9s rss=2604MB hwm=2604MB
RSS_SAMPLE t=345.2s rss=2604MB hwm=2604MB
RSS_SAMPLE t=345.4s rss=2605MB hwm=2605MB
RSS_SAMPLE t=345.7s rss=2605MB hwm=2605MB
RSS_SAMPLE t=345.9s rss=2605MB hwm=2605MB
RSS_SAMPLE t=346.2s rss=2606MB hwm=2606MB
RSS_SAMPLE t=346.4s rss=2606MB hwm=2606MB
RSS_SAMPLE t=346.7s rss=2606MB hwm=2606MB
RSS_SAMPLE t=346.9s rss=2607MB hwm=2607MB
RSS_SAMPLE t=347.2s rss=2607MB hwm=2607MB
RSS_SAMPLE t=347.4s rss=2608MB hwm=2608MB
RSS_SAMPLE t=347.7s rss=2608MB hwm=2608MB
RSS_SAMPLE t=347.9s rss=2609MB hwm=2609MB
RSS_SAMPLE t=348.2s rss=2609MB hwm=2609MB
RSS_SAMPLE t=348.4s rss=2609MB hwm=2609MB
RSS_SAMPLE t=348.7s rss=2609MB hwm=2609MB
RSS_SAMPLE t=348.9s rss=2610MB hwm=2610MB
RSS_SAMPLE t=349.2s rss=2610MB hwm=2610MB
RSS_SAMPLE t=349.4s rss=2610MB hwm=2610MB
RSS_SAMPLE t=349.7s rss=2610MB hwm=2610MB
RSS_SAMPLE t=349.9s rss=2610MB hwm=2610MB
RSS_SAMPLE t=350.2s rss=2610MB hwm=2610MB
RSS_SAMPLE t=350.4s rss=2610MB hwm=2610MB
RSS_SAMPLE t=350.7s rss=2611MB hwm=2611MB
RSS_SAMPLE t=350.9s rss=2611MB hwm=2611MB
RSS_SAMPLE t=351.2s rss=2611MB hwm=2611MB
RSS_SAMPLE t=351.4s rss=2611MB hwm=2611MB
RSS_SAMPLE t=351.7s rss=2611MB hwm=2611MB
RSS_SAMPLE t=351.9s rss=2611MB hwm=2611MB
RSS_SAMPLE t=352.2s rss=2612MB hwm=2612MB
RSS_SAMPLE t=352.4s rss=2612MB hwm=2612MB
RSS_SAMPLE t=352.7s rss=2612MB hwm=2612MB
RSS_SAMPLE t=352.9s rss=2612MB hwm=2612MB
RSS_SAMPLE t=353.2s rss=2612MB hwm=2612MB
RSS_SAMPLE t=353.4s rss=2612MB hwm=2612MB
RSS_SAMPLE t=353.7s rss=2612MB hwm=2612MB
RSS_SAMPLE t=353.9s rss=2613MB hwm=2613MB
RSS_SAMPLE t=354.2s rss=2613MB hwm=2613MB
RSS_SAMPLE t=354.4s rss=2613MB hwm=2613MB
RSS_SAMPLE t=354.7s rss=2613MB hwm=2613MB
RSS_SAMPLE t=354.9s rss=2613MB hwm=2613MB
RSS_SAMPLE t=355.2s rss=2613MB hwm=2613MB
RSS_SAMPLE t=355.4s rss=2613MB hwm=2613MB
RSS_SAMPLE t=355.7s rss=2613MB hwm=2613MB
RSS_SAMPLE t=355.9s rss=2613MB hwm=2613MB
RSS_SAMPLE t=356.2s rss=2613MB hwm=2613MB
RSS_SAMPLE t=356.4s rss=2613MB hwm=2613MB
RSS_SAMPLE t=356.7s rss=2613MB hwm=2613MB
RSS_SAMPLE t=356.9s rss=2613MB hwm=2613MB
RSS_SAMPLE t=357.2s rss=2613MB hwm=2613MB
RSS_SAMPLE t=357.4s rss=2613MB hwm=2613MB
RSS_SAMPLE t=357.7s rss=2613MB hwm=2613MB
RSS_SAMPLE t=357.9s rss=2613MB hwm=2613MB
RSS_SAMPLE t=358.2s rss=2614MB hwm=2614MB
RSS_SAMPLE t=358.4s rss=2614MB hwm=2614MB
RSS_SAMPLE t=358.7s rss=2614MB hwm=2614MB
RSS_SAMPLE t=358.9s rss=2614MB hwm=2614MB
RSS_SAMPLE t=359.2s rss=2614MB hwm=2614MB
RSS_SAMPLE t=359.4s rss=2614MB hwm=2614MB
RSS_SAMPLE t=359.7s rss=2614MB hwm=2614MB
RSS_SAMPLE t=359.9s rss=2614MB hwm=2614MB
RSS_SAMPLE t=360.2s rss=2614MB hwm=2614MB
RSS_SAMPLE t=360.4s rss=2614MB hwm=2614MB
RSS_SAMPLE t=360.7s rss=2614MB hwm=2614MB
RSS_SAMPLE t=360.9s rss=2614MB hwm=2614MB
RSS_SAMPLE t=361.2s rss=2614MB hwm=2614MB
RSS_SAMPLE t=361.4s rss=2614MB hwm=2614MB
RSS_SAMPLE t=361.7s rss=2615MB hwm=2615MB
RSS_SAMPLE t=361.9s rss=2615MB hwm=2615MB
RSS_SAMPLE t=362.2s rss=2615MB hwm=2615MB
RSS_SAMPLE t=362.4s rss=2616MB hwm=2616MB
RSS_SAMPLE t=362.7s rss=2616MB hwm=2616MB
RSS_SAMPLE t=362.9s rss=2616MB hwm=2616MB
RSS_SAMPLE t=363.2s rss=2616MB hwm=2616MB
RSS_SAMPLE t=363.4s rss=2616MB hwm=2616MB
RSS_SAMPLE t=363.7s rss=2616MB hwm=2616MB
RSS_SAMPLE t=363.9s rss=2617MB hwm=2617MB
RSS_SAMPLE t=364.2s rss=2617MB hwm=2617MB
RSS_SAMPLE t=364.4s rss=2617MB hwm=2617MB
RSS_SAMPLE t=364.7s rss=2617MB hwm=2617MB
RSS_SAMPLE t=364.9s rss=2618MB hwm=2618MB
RSS_SAMPLE t=365.2s rss=2618MB hwm=2618MB
RSS_SAMPLE t=365.4s rss=2618MB hwm=2618MB
RSS_SAMPLE t=365.7s rss=2618MB hwm=2618MB
RSS_SAMPLE t=365.9s rss=2619MB hwm=2619MB
RSS_SAMPLE t=366.2s rss=2619MB hwm=2619MB
RSS_SAMPLE t=366.4s rss=2619MB hwm=2619MB
RSS_SAMPLE t=366.7s rss=2619MB hwm=2619MB
RSS_SAMPLE t=366.9s rss=2619MB hwm=2619MB
RSS_SAMPLE t=367.2s rss=2619MB hwm=2619MB
RSS_SAMPLE t=367.4s rss=2619MB hwm=2619MB
RSS_SAMPLE t=367.7s rss=2620MB hwm=2620MB
RSS_SAMPLE t=367.9s rss=2620MB hwm=2620MB
RSS_SAMPLE t=368.2s rss=2620MB hwm=2620MB
RSS_SAMPLE t=368.5s rss=2621MB hwm=2621MB
RSS_SAMPLE t=368.7s rss=2621MB hwm=2621MB
RSS_SAMPLE t=369.0s rss=2621MB hwm=2621MB
RSS_SAMPLE t=369.2s rss=2621MB hwm=2621MB
RSS_SAMPLE t=369.5s rss=2622MB hwm=2622MB
RSS_SAMPLE t=369.7s rss=2622MB hwm=2622MB
RSS_SAMPLE t=370.0s rss=2622MB hwm=2622MB
RSS_SAMPLE t=370.2s rss=2622MB hwm=2622MB
RSS_SAMPLE t=370.5s rss=2623MB hwm=2623MB
RSS_SAMPLE t=370.7s rss=2623MB hwm=2623MB
RSS_SAMPLE t=371.0s rss=2623MB hwm=2623MB
RSS_SAMPLE t=371.2s rss=2624MB hwm=2624MB
RSS_SAMPLE t=371.5s rss=2624MB hwm=2624MB
RSS_SAMPLE t=371.7s rss=2624MB hwm=2624MB
RSS_SAMPLE t=372.0s rss=2625MB hwm=2625MB
RSS_SAMPLE t=372.2s rss=2625MB hwm=2625MB
RSS_SAMPLE t=372.5s rss=2625MB hwm=2625MB
RSS_SAMPLE t=372.7s rss=2625MB hwm=2625MB
RSS_SAMPLE t=373.0s rss=2625MB hwm=2625MB
RSS_SAMPLE t=373.2s rss=2626MB hwm=2626MB
RSS_SAMPLE t=373.5s rss=2626MB hwm=2626MB
RSS_SAMPLE t=373.7s rss=2627MB hwm=2627MB
RSS_SAMPLE t=374.0s rss=2627MB hwm=2627MB
RSS_SAMPLE t=374.2s rss=2627MB hwm=2627MB
RSS_SAMPLE t=374.5s rss=2628MB hwm=2628MB
RSS_SAMPLE t=374.7s rss=2628MB hwm=2628MB
RSS_SAMPLE t=375.0s rss=2628MB hwm=2628MB
RSS_SAMPLE t=375.2s rss=2628MB hwm=2628MB
RSS_SAMPLE t=375.5s rss=2629MB hwm=2629MB
RSS_SAMPLE t=375.7s rss=2629MB hwm=2629MB
RSS_SAMPLE t=376.0s rss=2629MB hwm=2629MB
RSS_SAMPLE t=376.2s rss=2629MB hwm=2629MB
RSS_SAMPLE t=376.5s rss=2629MB hwm=2629MB
RSS_SAMPLE t=376.7s rss=2629MB hwm=2629MB
RSS_SAMPLE t=377.0s rss=2629MB hwm=2629MB
RSS_SAMPLE t=377.2s rss=2629MB hwm=2629MB
RSS_SAMPLE t=377.5s rss=2630MB hwm=2630MB
RSS_SAMPLE t=377.7s rss=2630MB hwm=2630MB
RSS_SAMPLE t=378.0s rss=2630MB hwm=2630MB
RSS_SAMPLE t=378.2s rss=2630MB hwm=2630MB
RSS_SAMPLE t=378.5s rss=2630MB hwm=2630MB
RSS_SAMPLE t=378.7s rss=2630MB hwm=2630MB
RSS_SAMPLE t=379.0s rss=2630MB hwm=2630MB
RSS_SAMPLE t=379.2s rss=2630MB hwm=2630MB
RSS_SAMPLE t=379.5s rss=2630MB hwm=2630MB
RSS_SAMPLE t=379.7s rss=2630MB hwm=2630MB
RSS_SAMPLE t=380.0s rss=2630MB hwm=2630MB
RSS_SAMPLE t=380.2s rss=2630MB hwm=2630MB
RSS_SAMPLE t=380.5s rss=2630MB hwm=2630MB
RSS_SAMPLE t=380.7s rss=2630MB hwm=2630MB
RSS_SAMPLE t=381.0s rss=2630MB hwm=2630MB
RSS_SAMPLE t=381.2s rss=2630MB hwm=2630MB
RSS_SAMPLE t=381.5s rss=2630MB hwm=2630MB
RSS_SAMPLE t=381.7s rss=2630MB hwm=2630MB
RSS_SAMPLE t=382.0s rss=2630MB hwm=2630MB
RSS_SAMPLE t=382.2s rss=2630MB hwm=2630MB
RSS_SAMPLE t=382.5s rss=2631MB hwm=2631MB
RSS_SAMPLE t=382.7s rss=2631MB hwm=2631MB
RSS_SAMPLE t=383.0s rss=2631MB hwm=2631MB
RSS_SAMPLE t=383.2s rss=2631MB hwm=2631MB
RSS_SAMPLE t=383.5s rss=2631MB hwm=2631MB
RSS_SAMPLE t=383.7s rss=2631MB hwm=2631MB
RSS_SAMPLE t=384.0s rss=2631MB hwm=2631MB
RSS_SAMPLE t=384.2s rss=2631MB hwm=2631MB
RSS_SAMPLE t=384.5s rss=2631MB hwm=2631MB
RSS_SAMPLE t=384.7s rss=2631MB hwm=2631MB
RSS_SAMPLE t=385.0s rss=2631MB hwm=2631MB
RSS_SAMPLE t=385.2s rss=2631MB hwm=2631MB
RSS_SAMPLE t=385.5s rss=2631MB hwm=2631MB
RSS_SAMPLE t=385.7s rss=2631MB hwm=2631MB
RSS_SAMPLE t=386.0s rss=2631MB hwm=2631MB
RSS_SAMPLE t=386.2s rss=2631MB hwm=2631MB
RSS_SAMPLE t=386.5s rss=2632MB hwm=2632MB
RSS_SAMPLE t=386.7s rss=2632MB hwm=2632MB
RSS_SAMPLE t=387.0s rss=2632MB hwm=2632MB
RSS_SAMPLE t=387.2s rss=2632MB hwm=2632MB
RSS_SAMPLE t=387.5s rss=2632MB hwm=2632MB
RSS_SAMPLE t=387.7s rss=2632MB hwm=2632MB
RSS_SAMPLE t=388.0s rss=2632MB hwm=2632MB
RSS_SAMPLE t=388.2s rss=2632MB hwm=2632MB
RSS_SAMPLE t=388.5s rss=2632MB hwm=2632MB
RSS_SAMPLE t=388.7s rss=2632MB hwm=2632MB
RSS_SAMPLE t=389.0s rss=2632MB hwm=2632MB
RSS_SAMPLE t=389.2s rss=2632MB hwm=2632MB
RSS_SAMPLE t=389.5s rss=2632MB hwm=2632MB
RSS_SAMPLE t=389.7s rss=2633MB hwm=2633MB
RSS_SAMPLE t=390.0s rss=2633MB hwm=2633MB
RSS_SAMPLE t=390.2s rss=2633MB hwm=2633MB
RSS_SAMPLE t=390.5s rss=2634MB hwm=2634MB
RSS_SAMPLE t=390.7s rss=2634MB hwm=2634MB
RSS_SAMPLE t=391.0s rss=2634MB hwm=2634MB
RSS_SAMPLE t=391.2s rss=2634MB hwm=2634MB
RSS_SAMPLE t=391.5s rss=2635MB hwm=2635MB
RSS_SAMPLE t=391.7s rss=2635MB hwm=2635MB
RSS_SAMPLE t=392.0s rss=2635MB hwm=2635MB
RSS_SAMPLE t=392.2s rss=2636MB hwm=2636MB
RSS_SAMPLE t=392.5s rss=2636MB hwm=2636MB
RSS_SAMPLE t=392.7s rss=2636MB hwm=2636MB
RSS_SAMPLE t=393.0s rss=2637MB hwm=2637MB
RSS_SAMPLE t=393.2s rss=2637MB hwm=2637MB
RSS_SAMPLE t=393.5s rss=2637MB hwm=2637MB
RSS_SAMPLE t=393.7s rss=2637MB hwm=2637MB
RSS_SAMPLE t=394.0s rss=2637MB hwm=2637MB
RSS_SAMPLE t=394.2s rss=2637MB hwm=2637MB
RSS_SAMPLE t=394.5s rss=2637MB hwm=2637MB
RSS_SAMPLE t=394.7s rss=2637MB hwm=2637MB
RSS_SAMPLE t=395.0s rss=2637MB hwm=2637MB
RSS_SAMPLE t=395.2s rss=2637MB hwm=2637MB
RSS_SAMPLE t=395.5s rss=2637MB hwm=2637MB
RSS_SAMPLE t=395.7s rss=2637MB hwm=2637MB
RSS_SAMPLE t=396.0s rss=2637MB hwm=2637MB
RSS_SAMPLE t=396.2s rss=2637MB hwm=2637MB
RSS_SAMPLE t=396.5s rss=2638MB hwm=2638MB
RSS_SAMPLE t=396.7s rss=2638MB hwm=2638MB
RSS_SAMPLE t=397.0s rss=2638MB hwm=2638MB
RSS_SAMPLE t=397.2s rss=2639MB hwm=2639MB
RSS_SAMPLE t=397.5s rss=2639MB hwm=2639MB
RSS_SAMPLE t=397.7s rss=2639MB hwm=2639MB
RSS_SAMPLE t=398.0s rss=2639MB hwm=2639MB
RSS_SAMPLE t=398.2s rss=2639MB hwm=2639MB
RSS_SAMPLE t=398.5s rss=2639MB hwm=2639MB
RSS_SAMPLE t=398.7s rss=2639MB hwm=2639MB
RSS_SAMPLE t=399.0s rss=2639MB hwm=2639MB
RSS_SAMPLE t=399.2s rss=2639MB hwm=2639MB
RSS_SAMPLE t=399.5s rss=2639MB hwm=2639MB
RSS_SAMPLE t=399.7s rss=2639MB hwm=2639MB
RSS_SAMPLE t=400.0s rss=2639MB hwm=2639MB
RSS_SAMPLE t=400.2s rss=2639MB hwm=2639MB
RSS_SAMPLE t=400.5s rss=2639MB hwm=2639MB
RSS_SAMPLE t=400.7s rss=2639MB hwm=2639MB
RSS_SAMPLE t=401.0s rss=2639MB hwm=2639MB
RSS_SAMPLE t=401.2s rss=2639MB hwm=2639MB
RSS_SAMPLE t=401.5s rss=2639MB hwm=2639MB
RSS_SAMPLE t=401.7s rss=2639MB hwm=2639MB
RSS_SAMPLE t=402.0s rss=2639MB hwm=2639MB
RSS_SAMPLE t=402.2s rss=2639MB hwm=2639MB
RSS_SAMPLE t=402.5s rss=2639MB hwm=2639MB
RSS_SAMPLE t=402.7s rss=2639MB hwm=2639MB
RSS_SAMPLE t=403.0s rss=2639MB hwm=2639MB
RSS_SAMPLE t=403.2s rss=2639MB hwm=2639MB
RSS_SAMPLE t=403.5s rss=2639MB hwm=2639MB
RSS_SAMPLE t=403.7s rss=2640MB hwm=2640MB
RSS_SAMPLE t=404.0s rss=2640MB hwm=2640MB
RSS_SAMPLE t=404.2s rss=2640MB hwm=2640MB
RSS_SAMPLE t=404.5s rss=2640MB hwm=2640MB
RSS_SAMPLE t=404.7s rss=2640MB hwm=2640MB
RSS_SAMPLE t=405.0s rss=2640MB hwm=2640MB
RSS_SAMPLE t=405.2s rss=2640MB hwm=2640MB
RSS_SAMPLE t=405.5s rss=2640MB hwm=2640MB
RSS_SAMPLE t=405.7s rss=2640MB hwm=2640MB
RSS_SAMPLE t=406.0s rss=2640MB hwm=2640MB
RSS_SAMPLE t=406.2s rss=2640MB hwm=2640MB
RSS_SAMPLE t=406.5s rss=2640MB hwm=2640MB
RSS_SAMPLE t=406.7s rss=2640MB hwm=2640MB
RSS_SAMPLE t=407.0s rss=2640MB hwm=2640MB
RSS_SAMPLE t=407.2s rss=2640MB hwm=2640MB
RSS_SAMPLE t=407.5s rss=2640MB hwm=2640MB
RSS_SAMPLE t=407.7s rss=2640MB hwm=2640MB
RSS_SAMPLE t=408.0s rss=2640MB hwm=2640MB
RSS_SAMPLE t=408.2s rss=2641MB hwm=2641MB
RSS_SAMPLE t=408.5s rss=2641MB hwm=2641MB
RSS_SAMPLE t=408.7s rss=2641MB hwm=2641MB
RSS_SAMPLE t=409.0s rss=2641MB hwm=2641MB
RSS_SAMPLE t=409.2s rss=2641MB hwm=2641MB
RSS_SAMPLE t=409.5s rss=2641MB hwm=2641MB
RSS_SAMPLE t=409.7s rss=2641MB hwm=2641MB
RSS_SAMPLE t=410.0s rss=2641MB hwm=2641MB
RSS_SAMPLE t=410.2s rss=2641MB hwm=2641MB
RSS_SAMPLE t=410.5s rss=2641MB hwm=2641MB
RSS_SAMPLE t=410.7s rss=2641MB hwm=2641MB
RSS_SAMPLE t=411.0s rss=2641MB hwm=2641MB
RSS_SAMPLE t=411.2s rss=2641MB hwm=2641MB
RSS_SAMPLE t=411.5s rss=2641MB hwm=2641MB
RSS_SAMPLE t=411.7s rss=2641MB hwm=2641MB
RSS_SAMPLE t=412.0s rss=2641MB hwm=2641MB
RSS_SAMPLE t=412.2s rss=2641MB hwm=2641MB
RSS_SAMPLE t=412.5s rss=2641MB hwm=2641MB
RSS_SAMPLE t=412.7s rss=2641MB hwm=2641MB
RSS_SAMPLE t=413.0s rss=2641MB hwm=2641MB
RSS_SAMPLE t=413.2s rss=2641MB hwm=2641MB
RSS_SAMPLE t=413.5s rss=2641MB hwm=2641MB
RSS_SAMPLE t=413.7s rss=2641MB hwm=2641MB
RSS_SAMPLE t=414.0s rss=2641MB hwm=2641MB
RSS_SAMPLE t=414.2s rss=2641MB hwm=2641MB
RSS_SAMPLE t=414.5s rss=2641MB hwm=2641MB
RSS_SAMPLE t=414.7s rss=2641MB hwm=2641MB
RSS_SAMPLE t=415.0s rss=2641MB hwm=2641MB
RSS_SAMPLE t=415.2s rss=2641MB hwm=2641MB
RSS_SAMPLE t=415.5s rss=2641MB hwm=2641MB
RSS_SAMPLE t=415.7s rss=2641MB hwm=2641MB
RSS_SAMPLE t=416.0s rss=2641MB hwm=2641MB
RSS_SAMPLE t=416.2s rss=2641MB hwm=2641MB
RSS_SAMPLE t=416.5s rss=2641MB hwm=2641MB
RSS_SAMPLE t=416.7s rss=2641MB hwm=2641MB
RSS_SAMPLE t=417.0s rss=2641MB hwm=2641MB
RSS_SAMPLE t=417.2s rss=2641MB hwm=2641MB
RSS_SAMPLE t=417.5s rss=2641MB hwm=2641MB
RSS_SAMPLE t=417.7s rss=2641MB hwm=2641MB
RSS_SAMPLE t=418.0s rss=2641MB hwm=2641MB
RSS_SAMPLE t=418.2s rss=2642MB hwm=2642MB
RSS_SAMPLE t=418.5s rss=2642MB hwm=2642MB
RSS_SAMPLE t=418.7s rss=2642MB hwm=2642MB
RSS_SAMPLE t=419.0s rss=2642MB hwm=2642MB
RSS_SAMPLE t=419.2s rss=2642MB hwm=2642MB
RSS_SAMPLE t=419.5s rss=2642MB hwm=2642MB
RSS_SAMPLE t=419.7s rss=2642MB hwm=2642MB
RSS_SAMPLE t=420.0s rss=2642MB hwm=2642MB
RSS_SAMPLE t=420.2s rss=2642MB hwm=2642MB
RSS_SAMPLE t=420.5s rss=2642MB hwm=2642MB
RSS_SAMPLE t=420.7s rss=2642MB hwm=2642MB
RSS_SAMPLE t=421.0s rss=2642MB hwm=2642MB
RSS_SAMPLE t=421.2s rss=2642MB hwm=2642MB
RSS_SAMPLE t=421.5s rss=2642MB hwm=2642MB
RSS_SAMPLE t=421.7s rss=2642MB hwm=2642MB
RSS_SAMPLE t=422.0s rss=2642MB hwm=2642MB
RSS_SAMPLE t=422.2s rss=2642MB hwm=2642MB
RSS_SAMPLE t=422.5s rss=2642MB hwm=2642MB
RSS_SAMPLE t=422.7s rss=2642MB hwm=2642MB
RSS_SAMPLE t=423.0s rss=2642MB hwm=2642MB
RSS_SAMPLE t=423.2s rss=2642MB hwm=2642MB
RSS_SAMPLE t=423.5s rss=2642MB hwm=2642MB
RSS_SAMPLE t=423.7s rss=2642MB hwm=2642MB
RSS_SAMPLE t=424.0s rss=2642MB hwm=2642MB
RSS_SAMPLE t=424.2s rss=2642MB hwm=2642MB
RSS_SAMPLE t=424.5s rss=2642MB hwm=2642MB
RSS_SAMPLE t=424.7s rss=2642MB hwm=2642MB
RSS_SAMPLE t=425.0s rss=2642MB hwm=2642MB
RSS_SAMPLE t=425.2s rss=2642MB hwm=2642MB
RSS_SAMPLE t=425.5s rss=2642MB hwm=2642MB
RSS_SAMPLE t=425.7s rss=2642MB hwm=2642MB
RSS_SAMPLE t=426.0s rss=2642MB hwm=2642MB
RSS_SAMPLE t=426.2s rss=2642MB hwm=2642MB
RSS_SAMPLE t=426.5s rss=2642MB hwm=2642MB
RSS_SAMPLE t=426.7s rss=2642MB hwm=2642MB
RSS_SAMPLE t=427.0s rss=2642MB hwm=2642MB
RSS_SAMPLE t=427.2s rss=2642MB hwm=2642MB
RSS_SAMPLE t=427.5s rss=2642MB hwm=2642MB
RSS_SAMPLE t=427.7s rss=2642MB hwm=2642MB
RSS_SAMPLE t=428.0s rss=2642MB hwm=2642MB
RSS_SAMPLE t=428.2s rss=2642MB hwm=2642MB
RSS_SAMPLE t=428.5s rss=2642MB hwm=2642MB
RSS_SAMPLE t=428.7s rss=2642MB hwm=2642MB
RSS_SAMPLE t=429.0s rss=2643MB hwm=2643MB
RSS_SAMPLE t=429.2s rss=2643MB hwm=2643MB
RSS_SAMPLE t=429.5s rss=2643MB hwm=2643MB
RSS_SAMPLE t=429.7s rss=2643MB hwm=2643MB
RSS_SAMPLE t=430.0s rss=2643MB hwm=2643MB
RSS_SAMPLE t=430.2s rss=2643MB hwm=2643MB
RSS_SAMPLE t=430.5s rss=2643MB hwm=2643MB
RSS_SAMPLE t=430.7s rss=2643MB hwm=2643MB
RSS_SAMPLE t=431.0s rss=2643MB hwm=2643MB
RSS_SAMPLE t=431.2s rss=2643MB hwm=2643MB
RSS_SAMPLE t=431.5s rss=2643MB hwm=2643MB
RSS_SAMPLE t=431.7s rss=2643MB hwm=2643MB
RSS_SAMPLE t=432.0s rss=2643MB hwm=2643MB
RSS_SAMPLE t=432.2s rss=2643MB hwm=2643MB
RSS_SAMPLE t=432.5s rss=2643MB hwm=2643MB
RSS_SAMPLE t=432.7s rss=2643MB hwm=2643MB
RSS_SAMPLE t=433.0s rss=2643MB hwm=2643MB
RSS_SAMPLE t=433.2s rss=2643MB hwm=2643MB
RSS_SAMPLE t=433.5s rss=2643MB hwm=2643MB
RSS_SAMPLE t=433.7s rss=2643MB hwm=2643MB
RSS_SAMPLE t=434.0s rss=2643MB hwm=2643MB
RSS_SAMPLE t=434.2s rss=2643MB hwm=2643MB
RSS_SAMPLE t=434.5s rss=2643MB hwm=2643MB
RSS_SAMPLE t=434.7s rss=2643MB hwm=2643MB
RSS_SAMPLE t=435.0s rss=2643MB hwm=2643MB
RSS_SAMPLE t=435.2s rss=2643MB hwm=2643MB
RSS_SAMPLE t=435.5s rss=2643MB hwm=2643MB
RSS_SAMPLE t=435.7s rss=2643MB hwm=2643MB
RSS_SAMPLE t=436.0s rss=2643MB hwm=2643MB
RSS_SAMPLE t=436.2s rss=2643MB hwm=2643MB
RSS_SAMPLE t=436.5s rss=2643MB hwm=2643MB
RSS_SAMPLE t=436.7s rss=2643MB hwm=2643MB
RSS_SAMPLE t=437.0s rss=2643MB hwm=2643MB
RSS_SAMPLE t=437.2s rss=2643MB hwm=2643MB
RSS_SAMPLE t=437.5s rss=2643MB hwm=2643MB
RSS_SAMPLE t=437.7s rss=2643MB hwm=2643MB
RSS_SAMPLE t=438.0s rss=2643MB hwm=2643MB
RSS_SAMPLE t=438.2s rss=2643MB hwm=2643MB
RSS_SAMPLE t=438.5s rss=2643MB hwm=2643MB
RSS_SAMPLE t=438.7s rss=2643MB hwm=2643MB
RSS_SAMPLE t=439.0s rss=2644MB hwm=2644MB
RSS_SAMPLE t=439.2s rss=2644MB hwm=2644MB
RSS_SAMPLE t=439.5s rss=2644MB hwm=2644MB
RSS_SAMPLE t=439.7s rss=2644MB hwm=2644MB
RSS_SAMPLE t=440.0s rss=2644MB hwm=2644MB
RSS_SAMPLE t=440.2s rss=2644MB hwm=2644MB
RSS_SAMPLE t=440.5s rss=2644MB hwm=2644MB
RSS_SAMPLE t=440.7s rss=2644MB hwm=2644MB
RSS_SAMPLE t=441.0s rss=2644MB hwm=2644MB
RSS_SAMPLE t=441.2s rss=2644MB hwm=2644MB
RSS_SAMPLE t=441.5s rss=2644MB hwm=2644MB
RSS_SAMPLE t=441.7s rss=2644MB hwm=2644MB
RSS_SAMPLE t=442.0s rss=2644MB hwm=2644MB
RSS_SAMPLE t=442.2s rss=2644MB hwm=2644MB
RSS_SAMPLE t=442.5s rss=2644MB hwm=2644MB
RSS_SAMPLE t=442.7s rss=2644MB hwm=2644MB
RSS_SAMPLE t=443.0s rss=2644MB hwm=2644MB
RSS_SAMPLE t=443.2s rss=2644MB hwm=2644MB
RSS_SAMPLE t=443.5s rss=2644MB hwm=2644MB
RSS_SAMPLE t=443.7s rss=2644MB hwm=2644MB
RSS_SAMPLE t=444.0s rss=2644MB hwm=2644MB
RSS_SAMPLE t=444.2s rss=2644MB hwm=2644MB
RSS_SAMPLE t=444.5s rss=2644MB hwm=2644MB
RSS_SAMPLE t=444.7s rss=2644MB hwm=2644MB
RSS_SAMPLE t=445.0s rss=2644MB hwm=2644MB
RSS_SAMPLE t=445.2s rss=2644MB hwm=2644MB
RSS_SAMPLE t=445.5s rss=2644MB hwm=2644MB
RSS_SAMPLE t=445.7s rss=2644MB hwm=2644MB
MEM_POOL: workspaces=8 dense_usage_mb=313 n_pipes=2562403
    rss_probe[outer=1]: pre_post_solve=2553MB post_post_solve=2664MB after_apply=2664MB
MuxSlotTracker[sweep 1 LEAK]: populated_cells=64026, overflow_tiles=1, at_cap_tiles=1159, peak_excess=4, capacity_hist={16:67346}
    E_decomp: base=9190775.5 eff=81564442055955.1 cong=81564432865179.6 cong_share=100.0% sat_pipes=134437 max_util=2965.79  R_buckets: 1-2x=134299 2-10x=1145 10-100x=610 >=100x=2426349
    E_potential: beckmann=18951013450018188.0 history_total=0.0
    SpanCache: epoch=2 entries=2623 lookups=2562403 hits=2559780 misses=2623 hit_rate=99.9%
  DCD   1: nets=105117 line=17076245 energy=9650455723.784 dE=+9648012392.582 friction=369219866.2 bins=2.1x(1038) excess=352.1 moved=63542 disp=14.424 solves=105117 skip=105117 pops=947836314 theta=1.118 refresh=104022ms dcd=6893ms total=113522ms
    cache_stats: entries=48208994 capacity=83527564 est_mb=722 rss_mb=2665
RSS_SAMPLE t=446.0s rss=2665MB hwm=2665MB
RSS_SAMPLE t=446.2s rss=2665MB hwm=2665MB
RSS_SAMPLE t=446.5s rss=2665MB hwm=2665MB
RSS_SAMPLE t=446.7s rss=2665MB hwm=2665MB
RSS_SAMPLE t=447.0s rss=2665MB hwm=2665MB
RSS_SAMPLE t=447.2s rss=2665MB hwm=2665MB
RSS_SAMPLE t=447.5s rss=2665MB hwm=2665MB
RSS_SAMPLE t=447.7s rss=2665MB hwm=2665MB
RSS_SAMPLE t=448.0s rss=2665MB hwm=2665MB
RSS_SAMPLE t=448.2s rss=2665MB hwm=2665MB
RSS_SAMPLE t=448.5s rss=2665MB hwm=2665MB
    SwitchMatrix: type_usage_pairs=1412 lookups=3408 hits=1996 dijkstra_calls=1412 avg_us=9.4 total_ms=13.2
PHASE_MARK outer=2 enter=pre_solve rss=2665MB
    rss_probe[outer=2]: pre_refresh_rss=2665MB post_pre_solve_rss=2684MB cache_entries=48208994 cache_cap=83527564 cache_est_mb=722
    pre_solve_diag[outer=2]: solves=0 fallback=0 (0.0%) cap_armed=0 (0.0%) settle_avg=0 settle_max=0 init_count=53
    Overflow: over=122461 (4.8% of used) avg_excess=11.48 max_excess=3276.16 (nc=3300.16 cap=24 span=1)  excess_buckets: <=1=44676 1-5=56619 5-20=15730 >20=5436  by_cap: cap1=34051 cap2=78609 cap3-5=37 cap>5=9764  by_span: s1=698 s2-3=1695 s4-6=6027 s7-12=79426 s>12=34615  le1_cross: cap1=23857 cap2-5=18850 cap>5=1969
    Congestion: pipes=2562403 used=2562403 congested(>50%)=217989 saturated(>90%)=134437 max_util=2965.79 avg_util=0.3448
PHASE_MARK outer=2 enter=dcd_sweep rss=2684MB
RSS_SAMPLE t=448.7s rss=2684MB hwm=2684MB
RSS_SAMPLE t=449.0s rss=2684MB hwm=2684MB
RSS_SAMPLE t=449.2s rss=2684MB hwm=2684MB
RSS_SAMPLE t=449.5s rss=2684MB hwm=2684MB
RSS_SAMPLE t=449.7s rss=2684MB hwm=2684MB
RSS_SAMPLE t=450.0s rss=2684MB hwm=2684MB
RSS_SAMPLE t=450.2s rss=2684MB hwm=2684MB
RSS_SAMPLE t=450.5s rss=2684MB hwm=2684MB
RSS_SAMPLE t=450.7s rss=2684MB hwm=2684MB
RSS_SAMPLE t=451.0s rss=2684MB hwm=2684MB
RSS_SAMPLE t=451.2s rss=2684MB hwm=2684MB
RSS_SAMPLE t=451.5s rss=2684MB hwm=2684MB
RSS_SAMPLE t=451.7s rss=2684MB hwm=2684MB
RSS_SAMPLE t=452.0s rss=2684MB hwm=2684MB
RSS_SAMPLE t=452.2s rss=2684MB hwm=2684MB
RSS_SAMPLE t=452.5s rss=2684MB hwm=2684MB
RSS_SAMPLE t=452.7s rss=2684MB hwm=2684MB
RSS_SAMPLE t=453.0s rss=2684MB hwm=2684MB
RSS_SAMPLE t=453.2s rss=2684MB hwm=2684MB
RSS_SAMPLE t=453.5s rss=2684MB hwm=2684MB
RSS_SAMPLE t=453.7s rss=2684MB hwm=2684MB
RSS_SAMPLE t=454.0s rss=2684MB hwm=2684MB
RSS_SAMPLE t=454.2s rss=2684MB hwm=2684MB
RSS_SAMPLE t=454.5s rss=2684MB hwm=2684MB
RSS_SAMPLE t=454.7s rss=2684MB hwm=2684MB
RSS_SAMPLE t=455.0s rss=2684MB hwm=2684MB
RSS_SAMPLE t=455.3s rss=2684MB hwm=2684MB
RSS_SAMPLE t=455.5s rss=2684MB hwm=2684MB
PHASE_MARK outer=2 leave=dcd_sweep rss=2684MB
PHASE_MARK outer=2 enter=post_refresh rss=2684MB
RSS_SAMPLE t=455.8s rss=2685MB hwm=2685MB
RSS_SAMPLE t=456.0s rss=2685MB hwm=2685MB
RSS_SAMPLE t=456.3s rss=2685MB hwm=2685MB
RSS_SAMPLE t=456.5s rss=2685MB hwm=2685MB
RSS_SAMPLE t=456.8s rss=2685MB hwm=2685MB
RSS_SAMPLE t=457.0s rss=2685MB hwm=2685MB
RSS_SAMPLE t=457.3s rss=2685MB hwm=2685MB
RSS_SAMPLE t=457.5s rss=2685MB hwm=2685MB
RSS_SAMPLE t=457.8s rss=2685MB hwm=2685MB
RSS_SAMPLE t=458.0s rss=2685MB hwm=2685MB
RSS_SAMPLE t=458.3s rss=2685MB hwm=2685MB
RSS_SAMPLE t=458.5s rss=2685MB hwm=2685MB
RSS_SAMPLE t=458.8s rss=2685MB hwm=2685MB
RSS_SAMPLE t=459.0s rss=2685MB hwm=2685MB
RSS_SAMPLE t=459.3s rss=2685MB hwm=2685MB
RSS_SAMPLE t=459.5s rss=2685MB hwm=2685MB
RSS_SAMPLE t=459.8s rss=2685MB hwm=2685MB
RSS_SAMPLE t=460.0s rss=2685MB hwm=2685MB
RSS_SAMPLE t=460.3s rss=2685MB hwm=2685MB
RSS_SAMPLE t=460.5s rss=2685MB hwm=2685MB
RSS_SAMPLE t=460.8s rss=2685MB hwm=2685MB
RSS_SAMPLE t=461.0s rss=2685MB hwm=2685MB
RSS_SAMPLE t=461.3s rss=2685MB hwm=2685MB
RSS_SAMPLE t=461.5s rss=2685MB hwm=2685MB
RSS_SAMPLE t=461.8s rss=2685MB hwm=2685MB
RSS_SAMPLE t=462.0s rss=2685MB hwm=2685MB
RSS_SAMPLE t=462.3s rss=2685MB hwm=2685MB
RSS_SAMPLE t=462.5s rss=2685MB hwm=2685MB
RSS_SAMPLE t=462.8s rss=2685MB hwm=2685MB
RSS_SAMPLE t=463.0s rss=2685MB hwm=2685MB
RSS_SAMPLE t=463.3s rss=2685MB hwm=2685MB
RSS_SAMPLE t=463.5s rss=2685MB hwm=2685MB
RSS_SAMPLE t=463.8s rss=2686MB hwm=2686MB
RSS_SAMPLE t=464.0s rss=2686MB hwm=2686MB
RSS_SAMPLE t=464.3s rss=2686MB hwm=2686MB
RSS_SAMPLE t=464.5s rss=2686MB hwm=2686MB
RSS_SAMPLE t=464.8s rss=2686MB hwm=2686MB
RSS_SAMPLE t=465.0s rss=2686MB hwm=2686MB
RSS_SAMPLE t=465.3s rss=2686MB hwm=2686MB
RSS_SAMPLE t=465.5s rss=2686MB hwm=2686MB
RSS_SAMPLE t=465.8s rss=2686MB hwm=2686MB
RSS_SAMPLE t=466.0s rss=2686MB hwm=2686MB
RSS_SAMPLE t=466.3s rss=2686MB hwm=2686MB
RSS_SAMPLE t=466.5s rss=2686MB hwm=2686MB
RSS_SAMPLE t=466.8s rss=2686MB hwm=2686MB
RSS_SAMPLE t=467.0s rss=2686MB hwm=2686MB
RSS_SAMPLE t=467.3s rss=2686MB hwm=2686MB
RSS_SAMPLE t=467.5s rss=2686MB hwm=2686MB
RSS_SAMPLE t=467.8s rss=2686MB hwm=2686MB
RSS_SAMPLE t=468.0s rss=2686MB hwm=2686MB
RSS_SAMPLE t=468.3s rss=2686MB hwm=2686MB
RSS_SAMPLE t=468.5s rss=2686MB hwm=2686MB
RSS_SAMPLE t=468.8s rss=2686MB hwm=2686MB
RSS_SAMPLE t=469.0s rss=2686MB hwm=2686MB
RSS_SAMPLE t=469.3s rss=2686MB hwm=2686MB
RSS_SAMPLE t=469.5s rss=2686MB hwm=2686MB
RSS_SAMPLE t=469.8s rss=2686MB hwm=2686MB
RSS_SAMPLE t=470.0s rss=2686MB hwm=2686MB
RSS_SAMPLE t=470.3s rss=2686MB hwm=2686MB
RSS_SAMPLE t=470.5s rss=2686MB hwm=2686MB
RSS_SAMPLE t=470.8s rss=2686MB hwm=2686MB
RSS_SAMPLE t=471.0s rss=2686MB hwm=2686MB
RSS_SAMPLE t=471.3s rss=2686MB hwm=2686MB
RSS_SAMPLE t=471.5s rss=2686MB hwm=2686MB
RSS_SAMPLE t=471.8s rss=2686MB hwm=2686MB
RSS_SAMPLE t=472.0s rss=2686MB hwm=2686MB
RSS_SAMPLE t=472.3s rss=2686MB hwm=2686MB
RSS_SAMPLE t=472.5s rss=2686MB hwm=2686MB
RSS_SAMPLE t=472.8s rss=2686MB hwm=2686MB
RSS_SAMPLE t=473.0s rss=2686MB hwm=2686MB
RSS_SAMPLE t=473.3s rss=2686MB hwm=2686MB
RSS_SAMPLE t=473.5s rss=2686MB hwm=2686MB
RSS_SAMPLE t=473.8s rss=2686MB hwm=2686MB
RSS_SAMPLE t=474.0s rss=2686MB hwm=2686MB
RSS_SAMPLE t=474.3s rss=2686MB hwm=2686MB
RSS_SAMPLE t=474.5s rss=2686MB hwm=2686MB
RSS_SAMPLE t=474.8s rss=2686MB hwm=2686MB
RSS_SAMPLE t=475.0s rss=2686MB hwm=2686MB
RSS_SAMPLE t=475.3s rss=2686MB hwm=2686MB
RSS_SAMPLE t=475.5s rss=2686MB hwm=2686MB
RSS_SAMPLE t=475.8s rss=2686MB hwm=2686MB
RSS_SAMPLE t=476.0s rss=2686MB hwm=2686MB
RSS_SAMPLE t=476.3s rss=2686MB hwm=2686MB
RSS_SAMPLE t=476.5s rss=2686MB hwm=2686MB
RSS_SAMPLE t=476.8s rss=2686MB hwm=2686MB
RSS_SAMPLE t=477.0s rss=2686MB hwm=2686MB
RSS_SAMPLE t=477.3s rss=2686MB hwm=2686MB
RSS_SAMPLE t=477.5s rss=2686MB hwm=2686MB
RSS_SAMPLE t=477.8s rss=2686MB hwm=2686MB
RSS_SAMPLE t=478.0s rss=2686MB hwm=2686MB
RSS_SAMPLE t=478.3s rss=2686MB hwm=2686MB
RSS_SAMPLE t=478.5s rss=2686MB hwm=2686MB
RSS_SAMPLE t=478.8s rss=2686MB hwm=2686MB
RSS_SAMPLE t=479.0s rss=2686MB hwm=2686MB
RSS_SAMPLE t=479.3s rss=2686MB hwm=2686MB
RSS_SAMPLE t=479.5s rss=2686MB hwm=2686MB
RSS_SAMPLE t=479.8s rss=2686MB hwm=2686MB
RSS_SAMPLE t=480.0s rss=2686MB hwm=2686MB
RSS_SAMPLE t=480.3s rss=2686MB hwm=2686MB
RSS_SAMPLE t=480.5s rss=2686MB hwm=2686MB
RSS_SAMPLE t=480.8s rss=2686MB hwm=2686MB
RSS_SAMPLE t=481.0s rss=2686MB hwm=2686MB
RSS_SAMPLE t=481.3s rss=2686MB hwm=2686MB
RSS_SAMPLE t=481.5s rss=2686MB hwm=2686MB
RSS_SAMPLE t=481.8s rss=2686MB hwm=2686MB
RSS_SAMPLE t=482.0s rss=2686MB hwm=2686MB
RSS_SAMPLE t=482.3s rss=2686MB hwm=2686MB
RSS_SAMPLE t=482.5s rss=2686MB hwm=2686MB
RSS_SAMPLE t=482.8s rss=2686MB hwm=2686MB
RSS_SAMPLE t=483.0s rss=2686MB hwm=2686MB
RSS_SAMPLE t=483.3s rss=2686MB hwm=2686MB
RSS_SAMPLE t=483.5s rss=2686MB hwm=2686MB
RSS_SAMPLE t=483.8s rss=2686MB hwm=2686MB
RSS_SAMPLE t=484.0s rss=2686MB hwm=2686MB
RSS_SAMPLE t=484.3s rss=2686MB hwm=2686MB
RSS_SAMPLE t=484.5s rss=2686MB hwm=2686MB
RSS_SAMPLE t=484.8s rss=2686MB hwm=2686MB
RSS_SAMPLE t=485.0s rss=2686MB hwm=2686MB
RSS_SAMPLE t=485.3s rss=2686MB hwm=2686MB
RSS_SAMPLE t=485.5s rss=2686MB hwm=2686MB
RSS_SAMPLE t=485.8s rss=2686MB hwm=2686MB
RSS_SAMPLE t=486.0s rss=2686MB hwm=2686MB
RSS_SAMPLE t=486.3s rss=2686MB hwm=2686MB
RSS_SAMPLE t=486.5s rss=2686MB hwm=2686MB
RSS_SAMPLE t=486.8s rss=2686MB hwm=2686MB
RSS_SAMPLE t=487.0s rss=2686MB hwm=2686MB
RSS_SAMPLE t=487.3s rss=2686MB hwm=2686MB
RSS_SAMPLE t=487.5s rss=2686MB hwm=2686MB
RSS_SAMPLE t=487.8s rss=2686MB hwm=2686MB
RSS_SAMPLE t=488.0s rss=2686MB hwm=2686MB
RSS_SAMPLE t=488.3s rss=2687MB hwm=2687MB
RSS_SAMPLE t=488.5s rss=2687MB hwm=2687MB
RSS_SAMPLE t=488.8s rss=2687MB hwm=2687MB
RSS_SAMPLE t=489.0s rss=2687MB hwm=2687MB
RSS_SAMPLE t=489.3s rss=2687MB hwm=2687MB
RSS_SAMPLE t=489.5s rss=2687MB hwm=2687MB
RSS_SAMPLE t=489.8s rss=2687MB hwm=2687MB
RSS_SAMPLE t=490.0s rss=2687MB hwm=2687MB
RSS_SAMPLE t=490.3s rss=2687MB hwm=2687MB
RSS_SAMPLE t=490.5s rss=2687MB hwm=2687MB
RSS_SAMPLE t=490.8s rss=2687MB hwm=2687MB
RSS_SAMPLE t=491.0s rss=2687MB hwm=2687MB
RSS_SAMPLE t=491.3s rss=2687MB hwm=2687MB
RSS_SAMPLE t=491.5s rss=2687MB hwm=2687MB
RSS_SAMPLE t=491.8s rss=2687MB hwm=2687MB
RSS_SAMPLE t=492.0s rss=2687MB hwm=2687MB
RSS_SAMPLE t=492.3s rss=2687MB hwm=2687MB
RSS_SAMPLE t=492.5s rss=2687MB hwm=2687MB
RSS_SAMPLE t=492.8s rss=2687MB hwm=2687MB
RSS_SAMPLE t=493.0s rss=2687MB hwm=2687MB
RSS_SAMPLE t=493.3s rss=2687MB hwm=2687MB
RSS_SAMPLE t=493.5s rss=2687MB hwm=2687MB
RSS_SAMPLE t=493.8s rss=2687MB hwm=2687MB
RSS_SAMPLE t=494.0s rss=2687MB hwm=2687MB
RSS_SAMPLE t=494.3s rss=2687MB hwm=2687MB
RSS_SAMPLE t=494.5s rss=2687MB hwm=2687MB
RSS_SAMPLE t=494.8s rss=2687MB hwm=2687MB
RSS_SAMPLE t=495.0s rss=2687MB hwm=2687MB
RSS_SAMPLE t=495.3s rss=2687MB hwm=2687MB
RSS_SAMPLE t=495.5s rss=2687MB hwm=2687MB
RSS_SAMPLE t=495.8s rss=2687MB hwm=2687MB
RSS_SAMPLE t=496.0s rss=2687MB hwm=2687MB
RSS_SAMPLE t=496.3s rss=2687MB hwm=2687MB
RSS_SAMPLE t=496.5s rss=2687MB hwm=2687MB
RSS_SAMPLE t=496.8s rss=2687MB hwm=2687MB
RSS_SAMPLE t=497.0s rss=2687MB hwm=2687MB
RSS_SAMPLE t=497.3s rss=2687MB hwm=2687MB
RSS_SAMPLE t=497.5s rss=2687MB hwm=2687MB
RSS_SAMPLE t=497.8s rss=2687MB hwm=2687MB
RSS_SAMPLE t=498.0s rss=2687MB hwm=2687MB
RSS_SAMPLE t=498.3s rss=2687MB hwm=2687MB
RSS_SAMPLE t=498.5s rss=2687MB hwm=2687MB
RSS_SAMPLE t=498.8s rss=2687MB hwm=2687MB
RSS_SAMPLE t=499.0s rss=2687MB hwm=2687MB
RSS_SAMPLE t=499.3s rss=2687MB hwm=2687MB
RSS_SAMPLE t=499.5s rss=2687MB hwm=2687MB
RSS_SAMPLE t=499.8s rss=2687MB hwm=2687MB
RSS_SAMPLE t=500.0s rss=2687MB hwm=2687MB
RSS_SAMPLE t=500.3s rss=2687MB hwm=2687MB
RSS_SAMPLE t=500.5s rss=2687MB hwm=2687MB
RSS_SAMPLE t=500.8s rss=2687MB hwm=2687MB
RSS_SAMPLE t=501.0s rss=2687MB hwm=2687MB
RSS_SAMPLE t=501.3s rss=2687MB hwm=2687MB
RSS_SAMPLE t=501.5s rss=2687MB hwm=2687MB
RSS_SAMPLE t=501.8s rss=2687MB hwm=2687MB
RSS_SAMPLE t=502.0s rss=2687MB hwm=2687MB
RSS_SAMPLE t=502.3s rss=2687MB hwm=2687MB
RSS_SAMPLE t=502.5s rss=2687MB hwm=2687MB
RSS_SAMPLE t=502.8s rss=2687MB hwm=2687MB
RSS_SAMPLE t=503.0s rss=2687MB hwm=2687MB
RSS_SAMPLE t=503.3s rss=2687MB hwm=2687MB
RSS_SAMPLE t=503.5s rss=2687MB hwm=2687MB
RSS_SAMPLE t=503.8s rss=2687MB hwm=2687MB
RSS_SAMPLE t=504.0s rss=2687MB hwm=2687MB
RSS_SAMPLE t=504.3s rss=2687MB hwm=2687MB
RSS_SAMPLE t=504.5s rss=2687MB hwm=2687MB
RSS_SAMPLE t=504.8s rss=2687MB hwm=2687MB
RSS_SAMPLE t=505.0s rss=2687MB hwm=2687MB
RSS_SAMPLE t=505.3s rss=2687MB hwm=2687MB
RSS_SAMPLE t=505.5s rss=2687MB hwm=2687MB
RSS_SAMPLE t=505.8s rss=2687MB hwm=2687MB
RSS_SAMPLE t=506.0s rss=2687MB hwm=2687MB
RSS_SAMPLE t=506.3s rss=2687MB hwm=2687MB
RSS_SAMPLE t=506.5s rss=2687MB hwm=2687MB
RSS_SAMPLE t=506.8s rss=2687MB hwm=2687MB
RSS_SAMPLE t=507.0s rss=2687MB hwm=2687MB
RSS_SAMPLE t=507.3s rss=2687MB hwm=2687MB
RSS_SAMPLE t=507.5s rss=2687MB hwm=2687MB
RSS_SAMPLE t=507.8s rss=2687MB hwm=2687MB
RSS_SAMPLE t=508.0s rss=2687MB hwm=2687MB
RSS_SAMPLE t=508.3s rss=2687MB hwm=2687MB
RSS_SAMPLE t=508.5s rss=2687MB hwm=2687MB
RSS_SAMPLE t=508.8s rss=2687MB hwm=2687MB
RSS_SAMPLE t=509.0s rss=2687MB hwm=2687MB
RSS_SAMPLE t=509.3s rss=2687MB hwm=2687MB
RSS_SAMPLE t=509.5s rss=2687MB hwm=2687MB
RSS_SAMPLE t=509.8s rss=2687MB hwm=2687MB
RSS_SAMPLE t=510.0s rss=2687MB hwm=2687MB
RSS_SAMPLE t=510.3s rss=2687MB hwm=2687MB
RSS_SAMPLE t=510.5s rss=2687MB hwm=2687MB
RSS_SAMPLE t=510.8s rss=2687MB hwm=2687MB
RSS_SAMPLE t=511.0s rss=2687MB hwm=2687MB
RSS_SAMPLE t=511.3s rss=2687MB hwm=2687MB
RSS_SAMPLE t=511.5s rss=2687MB hwm=2687MB
RSS_SAMPLE t=511.8s rss=2687MB hwm=2687MB
RSS_SAMPLE t=512.0s rss=2687MB hwm=2687MB
RSS_SAMPLE t=512.3s rss=2687MB hwm=2687MB
RSS_SAMPLE t=512.5s rss=2687MB hwm=2687MB
RSS_SAMPLE t=512.8s rss=2687MB hwm=2687MB
RSS_SAMPLE t=513.0s rss=2687MB hwm=2687MB
RSS_SAMPLE t=513.3s rss=2687MB hwm=2687MB
RSS_SAMPLE t=513.5s rss=2687MB hwm=2687MB
RSS_SAMPLE t=513.8s rss=2687MB hwm=2687MB
RSS_SAMPLE t=514.0s rss=2687MB hwm=2687MB
RSS_SAMPLE t=514.3s rss=2687MB hwm=2687MB
RSS_SAMPLE t=514.5s rss=2687MB hwm=2687MB
RSS_SAMPLE t=514.8s rss=2687MB hwm=2687MB
RSS_SAMPLE t=515.0s rss=2687MB hwm=2687MB
RSS_SAMPLE t=515.3s rss=2687MB hwm=2687MB
RSS_SAMPLE t=515.5s rss=2687MB hwm=2687MB
RSS_SAMPLE t=515.8s rss=2687MB hwm=2687MB
RSS_SAMPLE t=516.0s rss=2687MB hwm=2687MB
RSS_SAMPLE t=516.3s rss=2687MB hwm=2687MB
RSS_SAMPLE t=516.5s rss=2687MB hwm=2687MB
RSS_SAMPLE t=516.8s rss=2687MB hwm=2687MB
RSS_SAMPLE t=517.0s rss=2687MB hwm=2687MB
RSS_SAMPLE t=517.3s rss=2687MB hwm=2687MB
RSS_SAMPLE t=517.5s rss=2687MB hwm=2687MB
RSS_SAMPLE t=517.8s rss=2687MB hwm=2687MB
RSS_SAMPLE t=518.0s rss=2687MB hwm=2687MB
RSS_SAMPLE t=518.3s rss=2687MB hwm=2687MB
RSS_SAMPLE t=518.5s rss=2687MB hwm=2687MB
RSS_SAMPLE t=518.8s rss=2687MB hwm=2687MB
RSS_SAMPLE t=519.0s rss=2687MB hwm=2687MB
RSS_SAMPLE t=519.3s rss=2687MB hwm=2687MB
RSS_SAMPLE t=519.5s rss=2687MB hwm=2687MB
RSS_SAMPLE t=519.8s rss=2687MB hwm=2687MB
RSS_SAMPLE t=520.0s rss=2687MB hwm=2687MB
RSS_SAMPLE t=520.3s rss=2687MB hwm=2687MB
RSS_SAMPLE t=520.5s rss=2687MB hwm=2687MB
RSS_SAMPLE t=520.8s rss=2687MB hwm=2687MB
RSS_SAMPLE t=521.0s rss=2687MB hwm=2687MB
RSS_SAMPLE t=521.3s rss=2687MB hwm=2687MB
RSS_SAMPLE t=521.5s rss=2687MB hwm=2687MB
RSS_SAMPLE t=521.8s rss=2687MB hwm=2687MB
RSS_SAMPLE t=522.0s rss=2687MB hwm=2687MB
RSS_SAMPLE t=522.3s rss=2687MB hwm=2687MB
RSS_SAMPLE t=522.5s rss=2687MB hwm=2687MB
RSS_SAMPLE t=522.8s rss=2687MB hwm=2687MB
RSS_SAMPLE t=523.0s rss=2687MB hwm=2687MB
RSS_SAMPLE t=523.3s rss=2687MB hwm=2687MB
RSS_SAMPLE t=523.5s rss=2687MB hwm=2687MB
RSS_SAMPLE t=523.8s rss=2687MB hwm=2687MB
RSS_SAMPLE t=524.0s rss=2687MB hwm=2687MB
RSS_SAMPLE t=524.3s rss=2687MB hwm=2687MB
RSS_SAMPLE t=524.5s rss=2687MB hwm=2687MB
RSS_SAMPLE t=524.8s rss=2687MB hwm=2687MB
RSS_SAMPLE t=525.0s rss=2687MB hwm=2687MB
RSS_SAMPLE t=525.3s rss=2687MB hwm=2687MB
RSS_SAMPLE t=525.5s rss=2687MB hwm=2687MB
RSS_SAMPLE t=525.8s rss=2687MB hwm=2687MB
RSS_SAMPLE t=526.0s rss=2687MB hwm=2687MB
RSS_SAMPLE t=526.3s rss=2687MB hwm=2687MB
RSS_SAMPLE t=526.5s rss=2687MB hwm=2687MB
RSS_SAMPLE t=526.8s rss=2687MB hwm=2687MB
RSS_SAMPLE t=527.0s rss=2687MB hwm=2687MB
RSS_SAMPLE t=527.3s rss=2687MB hwm=2687MB
RSS_SAMPLE t=527.5s rss=2687MB hwm=2687MB
RSS_SAMPLE t=527.8s rss=2687MB hwm=2687MB
RSS_SAMPLE t=528.0s rss=2687MB hwm=2687MB
RSS_SAMPLE t=528.3s rss=2687MB hwm=2687MB
RSS_SAMPLE t=528.5s rss=2687MB hwm=2687MB
RSS_SAMPLE t=528.8s rss=2687MB hwm=2687MB
RSS_SAMPLE t=529.0s rss=2687MB hwm=2687MB
RSS_SAMPLE t=529.3s rss=2687MB hwm=2687MB
RSS_SAMPLE t=529.5s rss=2687MB hwm=2687MB
RSS_SAMPLE t=529.8s rss=2687MB hwm=2687MB
RSS_SAMPLE t=530.0s rss=2687MB hwm=2687MB
RSS_SAMPLE t=530.3s rss=2687MB hwm=2687MB
RSS_SAMPLE t=530.5s rss=2687MB hwm=2687MB
RSS_SAMPLE t=530.8s rss=2687MB hwm=2687MB
RSS_SAMPLE t=531.0s rss=2687MB hwm=2687MB
RSS_SAMPLE t=531.3s rss=2687MB hwm=2687MB
RSS_SAMPLE t=531.5s rss=2687MB hwm=2687MB
RSS_SAMPLE t=531.8s rss=2687MB hwm=2687MB
RSS_SAMPLE t=532.0s rss=2687MB hwm=2687MB
RSS_SAMPLE t=532.3s rss=2687MB hwm=2687MB
RSS_SAMPLE t=532.5s rss=2687MB hwm=2687MB
RSS_SAMPLE t=532.8s rss=2687MB hwm=2687MB
RSS_SAMPLE t=533.0s rss=2687MB hwm=2687MB
RSS_SAMPLE t=533.3s rss=2687MB hwm=2687MB
RSS_SAMPLE t=533.5s rss=2687MB hwm=2687MB
RSS_SAMPLE t=533.8s rss=2687MB hwm=2687MB
RSS_SAMPLE t=534.0s rss=2687MB hwm=2687MB
RSS_SAMPLE t=534.3s rss=2687MB hwm=2687MB
RSS_SAMPLE t=534.5s rss=2687MB hwm=2687MB
RSS_SAMPLE t=534.8s rss=2687MB hwm=2687MB
RSS_SAMPLE t=535.0s rss=2687MB hwm=2687MB
RSS_SAMPLE t=535.3s rss=2687MB hwm=2687MB
RSS_SAMPLE t=535.5s rss=2687MB hwm=2687MB
RSS_SAMPLE t=535.8s rss=2687MB hwm=2687MB
RSS_SAMPLE t=536.0s rss=2687MB hwm=2687MB
RSS_SAMPLE t=536.3s rss=2687MB hwm=2687MB
RSS_SAMPLE t=536.5s rss=2687MB hwm=2687MB
RSS_SAMPLE t=536.8s rss=2687MB hwm=2687MB
RSS_SAMPLE t=537.0s rss=2687MB hwm=2687MB
RSS_SAMPLE t=537.3s rss=2687MB hwm=2687MB
RSS_SAMPLE t=537.5s rss=2687MB hwm=2687MB
RSS_SAMPLE t=537.8s rss=2687MB hwm=2687MB
RSS_SAMPLE t=538.0s rss=2687MB hwm=2687MB
RSS_SAMPLE t=538.3s rss=2687MB hwm=2687MB
RSS_SAMPLE t=538.5s rss=2687MB hwm=2687MB
RSS_SAMPLE t=538.8s rss=2687MB hwm=2687MB
RSS_SAMPLE t=539.0s rss=2687MB hwm=2687MB
RSS_SAMPLE t=539.3s rss=2687MB hwm=2687MB
RSS_SAMPLE t=539.5s rss=2687MB hwm=2687MB
RSS_SAMPLE t=539.8s rss=2687MB hwm=2687MB
RSS_SAMPLE t=540.0s rss=2687MB hwm=2687MB
RSS_SAMPLE t=540.3s rss=2687MB hwm=2687MB
RSS_SAMPLE t=540.5s rss=2687MB hwm=2687MB
RSS_SAMPLE t=540.8s rss=2687MB hwm=2687MB
RSS_SAMPLE t=541.0s rss=2687MB hwm=2687MB
RSS_SAMPLE t=541.3s rss=2687MB hwm=2687MB
RSS_SAMPLE t=541.5s rss=2687MB hwm=2687MB
RSS_SAMPLE t=541.8s rss=2687MB hwm=2687MB
RSS_SAMPLE t=542.0s rss=2687MB hwm=2687MB
RSS_SAMPLE t=542.3s rss=2687MB hwm=2687MB
RSS_SAMPLE t=542.5s rss=2687MB hwm=2687MB
RSS_SAMPLE t=542.8s rss=2687MB hwm=2687MB
RSS_SAMPLE t=543.0s rss=2687MB hwm=2687MB
RSS_SAMPLE t=543.3s rss=2687MB hwm=2687MB
RSS_SAMPLE t=543.5s rss=2687MB hwm=2687MB
RSS_SAMPLE t=543.8s rss=2687MB hwm=2687MB
RSS_SAMPLE t=544.0s rss=2687MB hwm=2687MB
RSS_SAMPLE t=544.3s rss=2687MB hwm=2687MB
RSS_SAMPLE t=544.5s rss=2687MB hwm=2687MB
RSS_SAMPLE t=544.8s rss=2687MB hwm=2687MB
RSS_SAMPLE t=545.0s rss=2687MB hwm=2687MB
RSS_SAMPLE t=545.3s rss=2687MB hwm=2687MB
RSS_SAMPLE t=545.5s rss=2687MB hwm=2687MB
RSS_SAMPLE t=545.8s rss=2687MB hwm=2687MB
RSS_SAMPLE t=546.1s rss=2687MB hwm=2687MB
RSS_SAMPLE t=546.3s rss=2687MB hwm=2687MB
RSS_SAMPLE t=546.6s rss=2687MB hwm=2687MB
RSS_SAMPLE t=546.8s rss=2687MB hwm=2687MB
RSS_SAMPLE t=547.1s rss=2687MB hwm=2687MB
RSS_SAMPLE t=547.3s rss=2687MB hwm=2687MB
RSS_SAMPLE t=547.6s rss=2687MB hwm=2687MB
RSS_SAMPLE t=547.8s rss=2687MB hwm=2687MB
RSS_SAMPLE t=548.1s rss=2687MB hwm=2687MB
RSS_SAMPLE t=548.3s rss=2687MB hwm=2687MB
RSS_SAMPLE t=548.6s rss=2687MB hwm=2687MB
RSS_SAMPLE t=548.8s rss=2687MB hwm=2687MB
RSS_SAMPLE t=549.1s rss=2687MB hwm=2687MB
RSS_SAMPLE t=549.3s rss=2687MB hwm=2687MB
RSS_SAMPLE t=549.6s rss=2687MB hwm=2687MB
RSS_SAMPLE t=549.8s rss=2687MB hwm=2687MB
RSS_SAMPLE t=550.1s rss=2687MB hwm=2687MB
RSS_SAMPLE t=550.3s rss=2687MB hwm=2687MB
RSS_SAMPLE t=550.6s rss=2687MB hwm=2687MB
RSS_SAMPLE t=550.8s rss=2687MB hwm=2687MB
RSS_SAMPLE t=551.1s rss=2687MB hwm=2687MB
RSS_SAMPLE t=551.3s rss=2687MB hwm=2687MB
RSS_SAMPLE t=551.6s rss=2687MB hwm=2687MB
RSS_SAMPLE t=551.8s rss=2687MB hwm=2687MB
RSS_SAMPLE t=552.1s rss=2687MB hwm=2687MB
RSS_SAMPLE t=552.3s rss=2687MB hwm=2687MB
RSS_SAMPLE t=552.6s rss=2687MB hwm=2687MB
RSS_SAMPLE t=552.8s rss=2687MB hwm=2687MB
RSS_SAMPLE t=553.1s rss=2687MB hwm=2687MB
RSS_SAMPLE t=553.3s rss=2687MB hwm=2687MB
RSS_SAMPLE t=553.6s rss=2687MB hwm=2687MB
RSS_SAMPLE t=553.8s rss=2687MB hwm=2687MB
RSS_SAMPLE t=554.1s rss=2687MB hwm=2687MB
RSS_SAMPLE t=554.3s rss=2687MB hwm=2687MB
RSS_SAMPLE t=554.6s rss=2687MB hwm=2687MB
RSS_SAMPLE t=554.8s rss=2687MB hwm=2687MB
RSS_SAMPLE t=555.1s rss=2687MB hwm=2687MB
RSS_SAMPLE t=555.3s rss=2687MB hwm=2687MB
RSS_SAMPLE t=555.6s rss=2687MB hwm=2687MB
RSS_SAMPLE t=555.8s rss=2687MB hwm=2687MB
RSS_SAMPLE t=556.1s rss=2687MB hwm=2687MB
RSS_SAMPLE t=556.3s rss=2687MB hwm=2687MB
RSS_SAMPLE t=556.6s rss=2687MB hwm=2687MB
RSS_SAMPLE t=556.8s rss=2687MB hwm=2687MB
RSS_SAMPLE t=557.1s rss=2687MB hwm=2687MB
RSS_SAMPLE t=557.3s rss=2687MB hwm=2687MB
RSS_SAMPLE t=557.6s rss=2687MB hwm=2687MB
RSS_SAMPLE t=557.8s rss=2687MB hwm=2687MB
RSS_SAMPLE t=558.1s rss=2687MB hwm=2687MB
RSS_SAMPLE t=558.3s rss=2687MB hwm=2687MB
RSS_SAMPLE t=558.6s rss=2687MB hwm=2687MB
RSS_SAMPLE t=558.8s rss=2687MB hwm=2687MB
RSS_SAMPLE t=559.1s rss=2687MB hwm=2687MB
RSS_SAMPLE t=559.3s rss=2687MB hwm=2687MB
RSS_SAMPLE t=559.6s rss=2687MB hwm=2687MB
RSS_SAMPLE t=559.8s rss=2687MB hwm=2687MB
RSS_SAMPLE t=560.1s rss=2687MB hwm=2687MB
RSS_SAMPLE t=560.3s rss=2687MB hwm=2687MB
RSS_SAMPLE t=560.6s rss=2687MB hwm=2687MB
RSS_SAMPLE t=560.8s rss=2687MB hwm=2687MB
RSS_SAMPLE t=561.1s rss=2687MB hwm=2687MB
RSS_SAMPLE t=561.3s rss=2687MB hwm=2687MB
RSS_SAMPLE t=561.6s rss=2687MB hwm=2687MB
RSS_SAMPLE t=561.8s rss=2687MB hwm=2687MB
RSS_SAMPLE t=562.1s rss=2687MB hwm=2687MB
RSS_SAMPLE t=562.3s rss=2687MB hwm=2687MB
RSS_SAMPLE t=562.6s rss=2687MB hwm=2687MB
RSS_SAMPLE t=562.8s rss=2687MB hwm=2687MB
RSS_SAMPLE t=563.1s rss=2687MB hwm=2687MB
RSS_SAMPLE t=563.3s rss=2687MB hwm=2687MB
RSS_SAMPLE t=563.6s rss=2687MB hwm=2687MB
RSS_SAMPLE t=563.8s rss=2687MB hwm=2687MB
RSS_SAMPLE t=564.1s rss=2687MB hwm=2687MB
RSS_SAMPLE t=564.3s rss=2687MB hwm=2687MB
RSS_SAMPLE t=564.6s rss=2687MB hwm=2687MB
RSS_SAMPLE t=564.8s rss=2687MB hwm=2687MB
RSS_SAMPLE t=565.1s rss=2687MB hwm=2687MB
RSS_SAMPLE t=565.3s rss=2687MB hwm=2687MB
RSS_SAMPLE t=565.6s rss=2687MB hwm=2687MB
RSS_SAMPLE t=565.8s rss=2687MB hwm=2687MB
RSS_SAMPLE t=566.1s rss=2687MB hwm=2687MB
RSS_SAMPLE t=566.3s rss=2687MB hwm=2687MB
RSS_SAMPLE t=566.6s rss=2687MB hwm=2687MB
RSS_SAMPLE t=566.8s rss=2687MB hwm=2687MB
RSS_SAMPLE t=567.1s rss=2687MB hwm=2687MB
RSS_SAMPLE t=567.3s rss=2687MB hwm=2687MB
RSS_SAMPLE t=567.6s rss=2687MB hwm=2687MB
RSS_SAMPLE t=567.8s rss=2687MB hwm=2687MB
RSS_SAMPLE t=568.1s rss=2687MB hwm=2687MB
RSS_SAMPLE t=568.3s rss=2687MB hwm=2687MB
RSS_SAMPLE t=568.6s rss=2687MB hwm=2687MB
RSS_SAMPLE t=568.8s rss=2687MB hwm=2687MB
RSS_SAMPLE t=569.1s rss=2687MB hwm=2687MB
RSS_SAMPLE t=569.3s rss=2687MB hwm=2687MB
RSS_SAMPLE t=569.6s rss=2687MB hwm=2687MB
RSS_SAMPLE t=569.8s rss=2687MB hwm=2687MB
RSS_SAMPLE t=570.1s rss=2687MB hwm=2687MB
RSS_SAMPLE t=570.3s rss=2687MB hwm=2687MB
RSS_SAMPLE t=570.6s rss=2687MB hwm=2687MB
RSS_SAMPLE t=570.8s rss=2687MB hwm=2687MB
RSS_SAMPLE t=571.1s rss=2687MB hwm=2687MB
RSS_SAMPLE t=571.3s rss=2687MB hwm=2687MB
RSS_SAMPLE t=571.6s rss=2687MB hwm=2687MB
RSS_SAMPLE t=571.8s rss=2687MB hwm=2687MB
RSS_SAMPLE t=572.1s rss=2687MB hwm=2687MB
RSS_SAMPLE t=572.3s rss=2687MB hwm=2687MB
RSS_SAMPLE t=572.6s rss=2687MB hwm=2687MB
RSS_SAMPLE t=572.8s rss=2687MB hwm=2687MB
RSS_SAMPLE t=573.1s rss=2687MB hwm=2687MB
RSS_SAMPLE t=573.3s rss=2687MB hwm=2687MB
RSS_SAMPLE t=573.6s rss=2687MB hwm=2687MB
RSS_SAMPLE t=573.8s rss=2687MB hwm=2687MB
RSS_SAMPLE t=574.1s rss=2687MB hwm=2687MB
RSS_SAMPLE t=574.3s rss=2687MB hwm=2687MB
RSS_SAMPLE t=574.6s rss=2687MB hwm=2687MB
RSS_SAMPLE t=574.8s rss=2687MB hwm=2687MB
RSS_SAMPLE t=575.1s rss=2687MB hwm=2687MB
RSS_SAMPLE t=575.3s rss=2687MB hwm=2687MB
RSS_SAMPLE t=575.6s rss=2687MB hwm=2687MB
RSS_SAMPLE t=575.8s rss=2687MB hwm=2687MB
RSS_SAMPLE t=576.1s rss=2687MB hwm=2687MB
RSS_SAMPLE t=576.3s rss=2687MB hwm=2687MB
RSS_SAMPLE t=576.6s rss=2687MB hwm=2687MB
RSS_SAMPLE t=576.8s rss=2687MB hwm=2687MB
RSS_SAMPLE t=577.1s rss=2687MB hwm=2687MB
RSS_SAMPLE t=577.3s rss=2687MB hwm=2687MB
RSS_SAMPLE t=577.6s rss=2687MB hwm=2687MB
RSS_SAMPLE t=577.8s rss=2687MB hwm=2687MB
RSS_SAMPLE t=578.1s rss=2687MB hwm=2687MB
RSS_SAMPLE t=578.3s rss=2687MB hwm=2687MB
RSS_SAMPLE t=578.6s rss=2687MB hwm=2687MB
RSS_SAMPLE t=578.8s rss=2687MB hwm=2687MB
RSS_SAMPLE t=579.1s rss=2687MB hwm=2687MB
RSS_SAMPLE t=579.3s rss=2687MB hwm=2687MB
RSS_SAMPLE t=579.6s rss=2687MB hwm=2687MB
RSS_SAMPLE t=579.8s rss=2687MB hwm=2687MB
RSS_SAMPLE t=580.1s rss=2687MB hwm=2687MB
RSS_SAMPLE t=580.3s rss=2687MB hwm=2687MB
RSS_SAMPLE t=580.6s rss=2687MB hwm=2687MB
RSS_SAMPLE t=580.8s rss=2687MB hwm=2687MB
RSS_SAMPLE t=581.1s rss=2687MB hwm=2687MB
RSS_SAMPLE t=581.3s rss=2687MB hwm=2687MB
RSS_SAMPLE t=581.6s rss=2687MB hwm=2687MB
RSS_SAMPLE t=581.8s rss=2687MB hwm=2687MB
RSS_SAMPLE t=582.1s rss=2687MB hwm=2687MB
RSS_SAMPLE t=582.3s rss=2687MB hwm=2687MB
RSS_SAMPLE t=582.6s rss=2687MB hwm=2687MB
RSS_SAMPLE t=582.8s rss=2687MB hwm=2687MB
RSS_SAMPLE t=583.1s rss=2687MB hwm=2687MB
RSS_SAMPLE t=583.3s rss=2687MB hwm=2687MB
RSS_SAMPLE t=583.6s rss=2687MB hwm=2687MB
RSS_SAMPLE t=583.8s rss=2687MB hwm=2687MB
RSS_SAMPLE t=584.1s rss=2687MB hwm=2687MB
RSS_SAMPLE t=584.3s rss=2687MB hwm=2687MB
RSS_SAMPLE t=584.6s rss=2687MB hwm=2687MB
RSS_SAMPLE t=584.8s rss=2687MB hwm=2687MB
RSS_SAMPLE t=585.1s rss=2687MB hwm=2687MB
RSS_SAMPLE t=585.3s rss=2687MB hwm=2687MB
RSS_SAMPLE t=585.6s rss=2687MB hwm=2687MB
RSS_SAMPLE t=585.8s rss=2687MB hwm=2687MB
RSS_SAMPLE t=586.1s rss=2687MB hwm=2687MB
RSS_SAMPLE t=586.3s rss=2687MB hwm=2687MB
RSS_SAMPLE t=586.6s rss=2687MB hwm=2687MB
RSS_SAMPLE t=586.8s rss=2687MB hwm=2687MB
RSS_SAMPLE t=587.1s rss=2687MB hwm=2687MB
RSS_SAMPLE t=587.3s rss=2687MB hwm=2687MB
RSS_SAMPLE t=587.6s rss=2687MB hwm=2687MB
RSS_SAMPLE t=587.8s rss=2687MB hwm=2687MB
RSS_SAMPLE t=588.1s rss=2687MB hwm=2687MB
RSS_SAMPLE t=588.3s rss=2687MB hwm=2687MB
MEM_POOL: workspaces=8 dense_usage_mb=313 n_pipes=2562403
    rss_probe[outer=2]: pre_post_solve=2685MB post_post_solve=2688MB after_apply=2688MB
RSS_SAMPLE t=588.6s rss=2689MB hwm=2689MB
MuxSlotTracker[sweep 2 LEAK]: populated_cells=65926, overflow_tiles=1, at_cap_tiles=1179, peak_excess=3, capacity_hist={16:67346}
    E_decomp: base=9437489.3 eff=47388010931637464.0 cong=47388010922199976.0 cong_share=100.0% sat_pipes=92727 max_util=2499.46  R_buckets: 1-2x=87728 2-10x=32497 10-100x=8698 >=100x=2433480
    E_potential: beckmann=2404914890538721.5 history_total=0.0
    SpanCache: epoch=3 entries=3408 lookups=2562403 hits=2558995 misses=3408 hit_rate=99.9%
  DCD   2: nets=105117 line=16883528 energy=38982876940.134 dE=+29332421216.349 friction=150160479.6 bins=2.0x(1167) excess=518.1 moved=65189 disp=11.023 solves=105117 skip=105117 pops=857713883 theta=5.000 refresh=133112ms dcd=6914ms total=142648ms
    cache_stats: entries=44131839 capacity=78063251 est_mb=675 rss_mb=2689
DCD done: energy=38982876940.134 line=16883528 friction=150160479.6 bins=2.0x(1167) excess=518.1
MuxSlotTracker: 30088 commit rejections over entire DCD
MuxSlotTracker[post-DCD]: populated_cells=65926, overflow_tiles=1, at_cap_tiles=1179, peak_excess=3, capacity_hist={16:67346}
Pre-legalization: HPWL=13478127
  type DFF: 302 valid columns, 1077536 total BELs
  type LUT6: 302 valid columns, 538768 total BELs
TypeAwarePlacement: 2 cell types
RSS_SAMPLE t=588.8s rss=2188MB hwm=2684MB
RSS_SAMPLE t=589.1s rss=2188MB hwm=2684MB
RSS_SAMPLE t=589.3s rss=2188MB hwm=2684MB
RSS_SAMPLE t=589.6s rss=2188MB hwm=2684MB
RSS_SAMPLE t=589.8s rss=2188MB hwm=2684MB
RSS_SAMPLE t=590.1s rss=2188MB hwm=2684MB
RSS_SAMPLE t=590.3s rss=2188MB hwm=2684MB
RSS_SAMPLE t=590.6s rss=2188MB hwm=2684MB
RSS_SAMPLE t=590.8s rss=2188MB hwm=2684MB
RSS_SAMPLE t=591.1s rss=2188MB hwm=2684MB
RSS_SAMPLE t=591.3s rss=2188MB hwm=2684MB
RSS_SAMPLE t=591.6s rss=2188MB hwm=2684MB
RSS_SAMPLE t=591.8s rss=2188MB hwm=2684MB
RSS_SAMPLE t=592.1s rss=2188MB hwm=2684MB
RSS_SAMPLE t=592.3s rss=2188MB hwm=2684MB
RSS_SAMPLE t=592.6s rss=2188MB hwm=2684MB
RSS_SAMPLE t=592.8s rss=2188MB hwm=2684MB
RSS_SAMPLE t=593.1s rss=2188MB hwm=2684MB
RSS_SAMPLE t=593.3s rss=2188MB hwm=2684MB
RSS_SAMPLE t=593.6s rss=2188MB hwm=2684MB
RSS_SAMPLE t=593.8s rss=2188MB hwm=2684MB
RSS_SAMPLE t=594.1s rss=2188MB hwm=2684MB
RSS_SAMPLE t=594.3s rss=2188MB hwm=2684MB
RSS_SAMPLE t=594.6s rss=2188MB hwm=2684MB
RSS_SAMPLE t=594.8s rss=2188MB hwm=2684MB
  SortedLegalizer: cluster_rejects=294728 shared_mux_rejects=20633724 arch_validity_rejects=0
RSS_SAMPLE t=595.1s rss=2169MB hwm=2684MB
Post-legalization: HPWL=13239413, line=16885734
Per-net HPWL: 105118 nets, total=13239413
  #0: hpwl=531 fanout=93000 (0.0%)
  #1: hpwl=526 fanout=5 (0.0%)
  #2: hpwl=525 fanout=6 (0.0%)
  #3: hpwl=525 fanout=13 (0.0%)
  #4: hpwl=525 fanout=9 (0.0%)
  #5: hpwl=524 fanout=18 (0.0%)
  #6: hpwl=524 fanout=14 (0.0%)
  #7: hpwl=523 fanout=5 (0.0%)
  #8: hpwl=523 fanout=23 (0.0%)
  #9: hpwl=523 fanout=11 (0.0%)
  50% of HPWL from top 16818 nets (of 105118)
