Running scope as unit: run-rcbf86c48c33d4b06a884c567f6a64b3a.scope
chipdb: /home/kelvin/side-project/eisenjoch/chip_database/xc7_large.bin
design: /home/kelvin/side-project/eisenjoch/benchmark/ispd/generated/2016/FPGA01/FPGA01.json
RSS_SAMPLE t=0.0s rss=3MB hwm=3MB
RSS_SAMPLE t=0.3s rss=443MB hwm=443MB
RSS_SAMPLE t=0.5s rss=720MB hwm=720MB
RSS_SAMPLE t=0.8s rss=824MB hwm=824MB
RSS_SAMPLE t=1.0s rss=819MB hwm=824MB
RSS_SAMPLE t=1.3s rss=819MB hwm=824MB
RSS_SAMPLE t=1.5s rss=820MB hwm=824MB
cfg: max_outer_iters=20 blend_alpha=0.5 hardening_step=0 graph_model=TwoLevelPip
RSS_SAMPLE t=1.8s rss=820MB hwm=824MB
  topological compress: density=0.60 target_tiles=15971 final_tiles=15777 scale=1.851 center=(205.1,111.0)
  topological init: n_movable=76660, n_edges=229053, max_layer=26775, back_edges=54022, n_anchored=0
RSS_SAMPLE t=2.0s rss=820MB hwm=824MB
RSS_SAMPLE t=2.3s rss=820MB hwm=824MB
RSS_SAMPLE t=2.5s rss=820MB hwm=824MB
RSS_SAMPLE t=2.8s rss=820MB hwm=824MB
RSS_SAMPLE t=3.0s rss=820MB hwm=824MB
RSS_SAMPLE t=3.3s rss=820MB hwm=824MB
RSS_SAMPLE t=3.5s rss=820MB hwm=824MB
RSS_SAMPLE t=3.8s rss=820MB hwm=824MB
RSS_SAMPLE t=4.0s rss=820MB hwm=824MB
RSS_SAMPLE t=4.3s rss=820MB hwm=824MB
RSS_SAMPLE t=4.5s rss=820MB hwm=824MB
RSS_SAMPLE t=4.8s rss=820MB hwm=824MB
RSS_SAMPLE t=5.0s rss=820MB hwm=824MB
RSS_SAMPLE t=5.3s rss=820MB hwm=824MB
RSS_SAMPLE t=5.5s rss=820MB hwm=824MB
RSS_SAMPLE t=5.8s rss=820MB hwm=824MB
RSS_SAMPLE t=6.0s rss=820MB hwm=824MB
RSS_SAMPLE t=6.3s rss=820MB hwm=824MB
RSS_SAMPLE t=6.5s rss=820MB hwm=824MB
RSS_SAMPLE t=6.8s rss=820MB hwm=824MB
RSS_SAMPLE t=7.0s rss=820MB hwm=824MB
RSS_SAMPLE t=7.3s rss=820MB hwm=824MB
RSS_SAMPLE t=7.5s rss=820MB hwm=824MB
RSS_SAMPLE t=7.8s rss=820MB hwm=824MB
RSS_SAMPLE t=8.0s rss=820MB hwm=824MB
RSS_SAMPLE t=8.3s rss=820MB hwm=824MB
RSS_SAMPLE t=8.5s rss=820MB hwm=824MB
RSS_SAMPLE t=8.8s rss=820MB hwm=824MB
RSS_SAMPLE t=9.0s rss=820MB hwm=824MB
RSS_SAMPLE t=9.3s rss=820MB hwm=824MB
RSS_SAMPLE t=9.5s rss=820MB hwm=824MB
RSS_SAMPLE t=9.8s rss=820MB hwm=824MB
RSS_SAMPLE t=10.0s rss=820MB hwm=824MB
RSS_SAMPLE t=10.3s rss=820MB hwm=824MB
RSS_SAMPLE t=10.5s rss=820MB hwm=824MB
RSS_SAMPLE t=10.8s rss=820MB hwm=824MB
RSS_SAMPLE t=11.0s rss=820MB hwm=824MB
RSS_SAMPLE t=11.3s rss=820MB hwm=824MB
RSS_SAMPLE t=11.5s rss=820MB hwm=824MB
RSS_SAMPLE t=11.8s rss=820MB hwm=824MB
RSS_SAMPLE t=12.0s rss=820MB hwm=824MB
RSS_SAMPLE t=12.3s rss=820MB hwm=824MB
RSS_SAMPLE t=12.5s rss=820MB hwm=824MB
RSS_SAMPLE t=12.8s rss=820MB hwm=824MB
RSS_SAMPLE t=13.0s rss=820MB hwm=824MB
RSS_SAMPLE t=13.3s rss=820MB hwm=824MB
RSS_SAMPLE t=13.5s rss=820MB hwm=824MB
RSS_SAMPLE t=13.8s rss=820MB hwm=824MB
RSS_SAMPLE t=14.0s rss=820MB hwm=824MB
RSS_SAMPLE t=14.3s rss=820MB hwm=824MB
RSS_SAMPLE t=14.5s rss=820MB hwm=824MB
RSS_SAMPLE t=14.8s rss=820MB hwm=824MB
RSS_SAMPLE t=15.0s rss=820MB hwm=824MB
RSS_SAMPLE t=15.3s rss=820MB hwm=824MB
RSS_SAMPLE t=15.5s rss=820MB hwm=824MB
RSS_SAMPLE t=15.8s rss=820MB hwm=824MB
RSS_SAMPLE t=16.0s rss=820MB hwm=824MB
RSS_SAMPLE t=16.3s rss=820MB hwm=824MB
RSS_SAMPLE t=16.5s rss=820MB hwm=824MB
RSS_SAMPLE t=16.8s rss=820MB hwm=824MB
RSS_SAMPLE t=17.0s rss=820MB hwm=824MB
RSS_SAMPLE t=17.3s rss=820MB hwm=824MB
RSS_SAMPLE t=17.5s rss=820MB hwm=824MB
RSS_SAMPLE t=17.8s rss=820MB hwm=824MB
RSS_SAMPLE t=18.0s rss=820MB hwm=824MB
RSS_SAMPLE t=18.3s rss=820MB hwm=824MB
RSS_SAMPLE t=18.5s rss=820MB hwm=824MB
RSS_SAMPLE t=18.8s rss=820MB hwm=824MB
RSS_SAMPLE t=19.0s rss=820MB hwm=824MB
RSS_SAMPLE t=19.3s rss=820MB hwm=824MB
RSS_SAMPLE t=19.5s rss=820MB hwm=824MB
RSS_SAMPLE t=19.8s rss=820MB hwm=824MB
RSS_SAMPLE t=20.0s rss=820MB hwm=824MB
RSS_SAMPLE t=20.3s rss=820MB hwm=824MB
RSS_SAMPLE t=20.5s rss=820MB hwm=824MB
RSS_SAMPLE t=20.8s rss=820MB hwm=824MB
RSS_SAMPLE t=21.0s rss=820MB hwm=824MB
RSS_SAMPLE t=21.3s rss=820MB hwm=824MB
RSS_SAMPLE t=21.5s rss=820MB hwm=824MB
RSS_SAMPLE t=21.8s rss=820MB hwm=824MB
RSS_SAMPLE t=22.0s rss=820MB hwm=824MB
RSS_SAMPLE t=22.3s rss=820MB hwm=824MB
RSS_SAMPLE t=22.5s rss=820MB hwm=824MB
RSS_SAMPLE t=22.8s rss=820MB hwm=824MB
RSS_SAMPLE t=23.0s rss=820MB hwm=824MB
RSS_SAMPLE t=23.3s rss=820MB hwm=824MB
RSS_SAMPLE t=23.5s rss=820MB hwm=824MB
RSS_SAMPLE t=23.8s rss=820MB hwm=824MB
RSS_SAMPLE t=24.0s rss=820MB hwm=824MB
RSS_SAMPLE t=24.3s rss=820MB hwm=824MB
RSS_SAMPLE t=24.5s rss=820MB hwm=824MB
RSS_SAMPLE t=24.8s rss=820MB hwm=824MB
RSS_SAMPLE t=25.0s rss=820MB hwm=824MB
RSS_SAMPLE t=25.3s rss=820MB hwm=824MB
RSS_SAMPLE t=25.5s rss=820MB hwm=824MB
RSS_SAMPLE t=25.8s rss=820MB hwm=824MB
RSS_SAMPLE t=26.0s rss=820MB hwm=824MB
RSS_SAMPLE t=26.3s rss=820MB hwm=824MB
RSS_SAMPLE t=26.5s rss=820MB hwm=824MB
RSS_SAMPLE t=26.8s rss=820MB hwm=824MB
RSS_SAMPLE t=27.0s rss=820MB hwm=824MB
RSS_SAMPLE t=27.3s rss=820MB hwm=824MB
RSS_SAMPLE t=27.5s rss=820MB hwm=824MB
RSS_SAMPLE t=27.8s rss=820MB hwm=824MB
RSS_SAMPLE t=28.0s rss=820MB hwm=824MB
RSS_SAMPLE t=28.3s rss=820MB hwm=824MB
RSS_SAMPLE t=28.5s rss=820MB hwm=824MB
RSS_SAMPLE t=28.8s rss=820MB hwm=824MB
RSS_SAMPLE t=29.0s rss=820MB hwm=824MB
RSS_SAMPLE t=29.3s rss=820MB hwm=824MB
RSS_SAMPLE t=29.5s rss=820MB hwm=824MB
RSS_SAMPLE t=29.8s rss=820MB hwm=824MB
RSS_SAMPLE t=30.0s rss=820MB hwm=824MB
RSS_SAMPLE t=30.3s rss=820MB hwm=824MB
RSS_SAMPLE t=30.5s rss=820MB hwm=824MB
RSS_SAMPLE t=30.8s rss=820MB hwm=824MB
RSS_SAMPLE t=31.0s rss=820MB hwm=824MB
RSS_SAMPLE t=31.3s rss=820MB hwm=824MB
RSS_SAMPLE t=31.5s rss=820MB hwm=824MB
RSS_SAMPLE t=31.8s rss=820MB hwm=824MB
RSS_SAMPLE t=32.0s rss=820MB hwm=824MB
RSS_SAMPLE t=32.3s rss=820MB hwm=824MB
RSS_SAMPLE t=32.5s rss=820MB hwm=824MB
RSS_SAMPLE t=32.8s rss=820MB hwm=824MB
RSS_SAMPLE t=33.0s rss=820MB hwm=824MB
RSS_SAMPLE t=33.3s rss=820MB hwm=824MB
RSS_SAMPLE t=33.5s rss=820MB hwm=824MB
RSS_SAMPLE t=33.8s rss=820MB hwm=824MB
RSS_SAMPLE t=34.0s rss=820MB hwm=824MB
RSS_SAMPLE t=34.3s rss=820MB hwm=824MB
RSS_SAMPLE t=34.5s rss=820MB hwm=824MB
RSS_SAMPLE t=34.8s rss=820MB hwm=824MB
RSS_SAMPLE t=35.0s rss=820MB hwm=824MB
RSS_SAMPLE t=35.3s rss=820MB hwm=824MB
RSS_SAMPLE t=35.5s rss=820MB hwm=824MB
RSS_SAMPLE t=35.8s rss=820MB hwm=824MB
RSS_SAMPLE t=36.0s rss=820MB hwm=824MB
RSS_SAMPLE t=36.3s rss=820MB hwm=824MB
RSS_SAMPLE t=36.5s rss=820MB hwm=824MB
RSS_SAMPLE t=36.8s rss=820MB hwm=824MB
RSS_SAMPLE t=37.0s rss=820MB hwm=824MB
RSS_SAMPLE t=37.3s rss=820MB hwm=824MB
RSS_SAMPLE t=37.5s rss=820MB hwm=824MB
RSS_SAMPLE t=37.8s rss=820MB hwm=824MB
RSS_SAMPLE t=38.0s rss=820MB hwm=824MB
RSS_SAMPLE t=38.3s rss=820MB hwm=824MB
RSS_SAMPLE t=38.5s rss=820MB hwm=824MB
RSS_SAMPLE t=38.8s rss=820MB hwm=824MB
RSS_SAMPLE t=39.0s rss=820MB hwm=824MB
RSS_SAMPLE t=39.3s rss=820MB hwm=824MB
RSS_SAMPLE t=39.5s rss=820MB hwm=824MB
RSS_SAMPLE t=39.8s rss=820MB hwm=824MB
RSS_SAMPLE t=40.0s rss=820MB hwm=824MB
RSS_SAMPLE t=40.3s rss=820MB hwm=824MB
RSS_SAMPLE t=40.5s rss=820MB hwm=824MB
RSS_SAMPLE t=40.8s rss=820MB hwm=824MB
RSS_SAMPLE t=41.0s rss=820MB hwm=824MB
RSS_SAMPLE t=41.3s rss=820MB hwm=824MB
RSS_SAMPLE t=41.5s rss=820MB hwm=824MB
RSS_SAMPLE t=41.8s rss=820MB hwm=824MB
RSS_SAMPLE t=42.0s rss=820MB hwm=824MB
RSS_SAMPLE t=42.3s rss=820MB hwm=824MB
RSS_SAMPLE t=42.5s rss=820MB hwm=824MB
RSS_SAMPLE t=42.8s rss=820MB hwm=824MB
RSS_SAMPLE t=43.0s rss=820MB hwm=824MB
RSS_SAMPLE t=43.3s rss=820MB hwm=824MB
RSS_SAMPLE t=43.5s rss=820MB hwm=824MB
RSS_SAMPLE t=43.8s rss=820MB hwm=824MB
RSS_SAMPLE t=44.0s rss=820MB hwm=824MB
RSS_SAMPLE t=44.3s rss=820MB hwm=824MB
RSS_SAMPLE t=44.5s rss=820MB hwm=824MB
RSS_SAMPLE t=44.8s rss=820MB hwm=824MB
RSS_SAMPLE t=45.0s rss=820MB hwm=824MB
RSS_SAMPLE t=45.3s rss=820MB hwm=824MB
RSS_SAMPLE t=45.5s rss=820MB hwm=824MB
RSS_SAMPLE t=45.8s rss=820MB hwm=824MB
RSS_SAMPLE t=46.0s rss=820MB hwm=824MB
RSS_SAMPLE t=46.3s rss=820MB hwm=824MB
RSS_SAMPLE t=46.5s rss=820MB hwm=824MB
RSS_SAMPLE t=46.8s rss=820MB hwm=824MB
RSS_SAMPLE t=47.0s rss=820MB hwm=824MB
RSS_SAMPLE t=47.3s rss=820MB hwm=824MB
RSS_SAMPLE t=47.5s rss=820MB hwm=824MB
RSS_SAMPLE t=47.8s rss=820MB hwm=824MB
RSS_SAMPLE t=48.0s rss=820MB hwm=824MB
RSS_SAMPLE t=48.3s rss=820MB hwm=824MB
RSS_SAMPLE t=48.5s rss=820MB hwm=824MB
RSS_SAMPLE t=48.8s rss=820MB hwm=824MB
RSS_SAMPLE t=49.0s rss=820MB hwm=824MB
RSS_SAMPLE t=49.3s rss=820MB hwm=824MB
RSS_SAMPLE t=49.5s rss=820MB hwm=824MB
RSS_SAMPLE t=49.8s rss=820MB hwm=824MB
RSS_SAMPLE t=50.0s rss=820MB hwm=824MB
RSS_SAMPLE t=50.3s rss=820MB hwm=824MB
RSS_SAMPLE t=50.5s rss=820MB hwm=824MB
RSS_SAMPLE t=50.8s rss=820MB hwm=824MB
RSS_SAMPLE t=51.0s rss=820MB hwm=824MB
RSS_SAMPLE t=51.3s rss=820MB hwm=824MB
RSS_SAMPLE t=51.5s rss=820MB hwm=824MB
RSS_SAMPLE t=51.8s rss=820MB hwm=824MB
RSS_SAMPLE t=52.0s rss=820MB hwm=824MB
RSS_SAMPLE t=52.3s rss=820MB hwm=824MB
RSS_SAMPLE t=52.5s rss=820MB hwm=824MB
RSS_SAMPLE t=52.8s rss=820MB hwm=824MB
RSS_SAMPLE t=53.0s rss=820MB hwm=824MB
RSS_SAMPLE t=53.3s rss=820MB hwm=824MB
RSS_SAMPLE t=53.5s rss=820MB hwm=824MB
RSS_SAMPLE t=53.8s rss=820MB hwm=824MB
RSS_SAMPLE t=54.0s rss=820MB hwm=824MB
RSS_SAMPLE t=54.3s rss=820MB hwm=824MB
RSS_SAMPLE t=54.5s rss=820MB hwm=824MB
RSS_SAMPLE t=54.8s rss=820MB hwm=824MB
RSS_SAMPLE t=55.0s rss=820MB hwm=824MB
RSS_SAMPLE t=55.3s rss=820MB hwm=824MB
RSS_SAMPLE t=55.5s rss=820MB hwm=824MB
RSS_SAMPLE t=55.8s rss=862MB hwm=862MB
RSS_SAMPLE t=56.0s rss=901MB hwm=901MB
RSS_SAMPLE t=56.3s rss=932MB hwm=932MB
RSS_SAMPLE t=56.5s rss=933MB hwm=933MB
RSS_SAMPLE t=56.8s rss=933MB hwm=933MB
RSS_SAMPLE t=57.0s rss=933MB hwm=933MB
RSS_SAMPLE t=57.3s rss=933MB hwm=933MB
RSS_SAMPLE t=57.5s rss=933MB hwm=933MB
RSS_SAMPLE t=57.8s rss=934MB hwm=934MB
  Skipped truly-null coarse cells: 0 (of 69353 total); pruned pipes: src_null=0 dst_null=0
  Pipe capacity by span:
    span=  1: 138172 pipes, cap min=1 avg=134.5 max=432
    span=  2: 136455 pipes, cap min=2 avg=50.7 max=118
    span=  3: 135619 pipes, cap min=2 avg=26.1 max=52
    span=  4: 136319 pipes, cap min=2 avg=22.7 max=140
    span=  5: 135918 pipes, cap min=2 avg=66.1 max=124
    span=  6: 201217 pipes, cap min=2 avg=15.2 max=28
    span=  7: 200933 pipes, cap min=1 avg=7.3 max=20
    span=  8: 132748 pipes, cap min=2 avg=6.0 max=10
    span=  9: 130848 pipes, cap min=2 avg=6.0 max=10
    span= 10: 131090 pipes, cap min=2 avg=2.2 max=31
    span= 11: 129628 pipes, cap min=2 avg=2.0 max=4
    span= 12: 129018 pipes, cap min=2 avg=2.0 max=4
    span= 13: 128408 pipes, cap min=1 avg=1.5 max=4
    span= 14: 127798 pipes, cap min=1 avg=1.0 max=2
    span= 15: 127188 pipes, cap min=1 avg=1.0 max=2
    span= 16: 126578 pipes, cap min=1 avg=1.0 max=2
    span= 17: 125968 pipes, cap min=1 avg=1.0 max=2
    span= 18: 125358 pipes, cap min=1 avg=1.0 max=2
    span= 19: 63140 pipes, cap min=1 avg=1.0 max=2
  Thin span-1 pipes (cap<=2): 222 total, by tile-type pair (top 20):
    NULL <-> NULL: 220
    CLK_BUFG <-> NULL: 2
  Pipe cost: span^0.50 model (r1=1), span-1=1.000, span-12=3.464, 2×span-6=4.899, 12×span-1=12.000
RSS_SAMPLE t=58.0s rss=1021MB hwm=1021MB
  topological compress: density=0.60 target_tiles=15971 final_tiles=15777 scale=1.851 center=(205.1,111.0)
  topological init: n_movable=76660, n_edges=229053, max_layer=26775, back_edges=54022, n_anchored=0
  type DFF: 302 valid columns, 1077536 total BELs
  type LUT6: 302 valid columns, 538768 total BELs
TypeAwarePlacement: 2 cell types
Coordinate descent mode: 76660 cells, scale 1.00
CellValidityMask: 76660 cells, 311x223 grid, 2 bucket masks, per-cell valid positions: min=67346 avg=67346.0 max=67346, unmapped cells=0
RSS_SAMPLE t=58.3s rss=1034MB hwm=1034MB
MuxSlotTracker: 76660 cells (76660 with external fanout), 67346 tiles, total_cap=1077536, active_buckets=[DFF,LUT6], built in 67.7ms
MuxSlotTracker[post-seed]: populated_cells=27114, overflow_tiles=518, at_cap_tiles=50, peak_excess=41, capacity_hist={16:67346}
DCD placer: 76660 cells, 69353 nodes, outer_iters=20, dcd_iters_per_cell=8, graph_model=TwoLevelPip
MEM_STATIC: pipes=352MB nodes=1MB adjacency=78MB pipe_cost_vecs=59MB validity_mask=0MB n_pipes=2562403 n_edges=5124806 rss=1038MB
Softmin position update: enabled, theta 0.250 -> 5.000 (anneal over 20 iters)
RSS_SAMPLE t=58.5s rss=1064MB hwm=1064MB
RSS_SAMPLE t=58.8s rss=1064MB hwm=1064MB
RSS_SAMPLE t=59.0s rss=1064MB hwm=1064MB
RSS_SAMPLE t=59.3s rss=1064MB hwm=1064MB
RSS_SAMPLE t=59.5s rss=1064MB hwm=1064MB
RSS_SAMPLE t=59.8s rss=1064MB hwm=1064MB
RSS_SAMPLE t=60.0s rss=1064MB hwm=1064MB
RSS_SAMPLE t=60.3s rss=1064MB hwm=1064MB
RSS_SAMPLE t=60.5s rss=1064MB hwm=1064MB
RSS_SAMPLE t=60.8s rss=1064MB hwm=1064MB
    SwitchMatrix: type_usage_pairs=7 lookups=110 hits=103 dijkstra_calls=7 avg_us=14.4 total_ms=0.1
PHASE_MARK outer=0 enter=pre_solve rss=1067MB
RSS_SAMPLE t=61.0s rss=1106MB hwm=1106MB
RSS_SAMPLE t=61.3s rss=1182MB hwm=1182MB
RSS_SAMPLE t=61.5s rss=1195MB hwm=1195MB
RSS_SAMPLE t=61.8s rss=1199MB hwm=1199MB
RSS_SAMPLE t=62.0s rss=1204MB hwm=1204MB
RSS_SAMPLE t=62.3s rss=1211MB hwm=1211MB
RSS_SAMPLE t=62.5s rss=1214MB hwm=1214MB
RSS_SAMPLE t=62.8s rss=1220MB hwm=1220MB
RSS_SAMPLE t=63.0s rss=1223MB hwm=1223MB
RSS_SAMPLE t=63.3s rss=1226MB hwm=1226MB
RSS_SAMPLE t=63.5s rss=1229MB hwm=1229MB
RSS_SAMPLE t=63.8s rss=1232MB hwm=1232MB
RSS_SAMPLE t=64.0s rss=1234MB hwm=1234MB
RSS_SAMPLE t=64.3s rss=1235MB hwm=1235MB
RSS_SAMPLE t=64.5s rss=1238MB hwm=1238MB
RSS_SAMPLE t=64.8s rss=1241MB hwm=1241MB
RSS_SAMPLE t=65.0s rss=1242MB hwm=1242MB
RSS_SAMPLE t=65.3s rss=1243MB hwm=1243MB
RSS_SAMPLE t=65.5s rss=1245MB hwm=1245MB
RSS_SAMPLE t=65.8s rss=1247MB hwm=1247MB
RSS_SAMPLE t=66.1s rss=1249MB hwm=1249MB
RSS_SAMPLE t=66.3s rss=1251MB hwm=1251MB
RSS_SAMPLE t=66.6s rss=1254MB hwm=1254MB
RSS_SAMPLE t=66.8s rss=1256MB hwm=1256MB
RSS_SAMPLE t=67.1s rss=1258MB hwm=1258MB
RSS_SAMPLE t=67.3s rss=1262MB hwm=1262MB
RSS_SAMPLE t=67.6s rss=1265MB hwm=1265MB
RSS_SAMPLE t=67.8s rss=1267MB hwm=1267MB
RSS_SAMPLE t=68.1s rss=1269MB hwm=1269MB
RSS_SAMPLE t=68.3s rss=1271MB hwm=1271MB
RSS_SAMPLE t=68.6s rss=1272MB hwm=1272MB
RSS_SAMPLE t=68.8s rss=1275MB hwm=1275MB
RSS_SAMPLE t=69.1s rss=1277MB hwm=1277MB
RSS_SAMPLE t=69.3s rss=1279MB hwm=1279MB
RSS_SAMPLE t=69.6s rss=1281MB hwm=1281MB
RSS_SAMPLE t=69.8s rss=1283MB hwm=1283MB
RSS_SAMPLE t=70.1s rss=1285MB hwm=1285MB
RSS_SAMPLE t=70.3s rss=1288MB hwm=1288MB
RSS_SAMPLE t=70.6s rss=1290MB hwm=1290MB
RSS_SAMPLE t=70.8s rss=1292MB hwm=1292MB
RSS_SAMPLE t=71.1s rss=1294MB hwm=1294MB
RSS_SAMPLE t=71.3s rss=1297MB hwm=1297MB
RSS_SAMPLE t=71.6s rss=1298MB hwm=1298MB
RSS_SAMPLE t=71.8s rss=1301MB hwm=1301MB
RSS_SAMPLE t=72.1s rss=1304MB hwm=1304MB
RSS_SAMPLE t=72.3s rss=1306MB hwm=1306MB
RSS_SAMPLE t=72.6s rss=1307MB hwm=1307MB
RSS_SAMPLE t=72.8s rss=1309MB hwm=1309MB
RSS_SAMPLE t=73.1s rss=1311MB hwm=1311MB
RSS_SAMPLE t=73.3s rss=1312MB hwm=1312MB
RSS_SAMPLE t=73.6s rss=1314MB hwm=1314MB
RSS_SAMPLE t=73.8s rss=1316MB hwm=1316MB
RSS_SAMPLE t=74.1s rss=1318MB hwm=1318MB
RSS_SAMPLE t=74.3s rss=1320MB hwm=1320MB
RSS_SAMPLE t=74.6s rss=1322MB hwm=1322MB
RSS_SAMPLE t=74.8s rss=1325MB hwm=1325MB
RSS_SAMPLE t=75.1s rss=1328MB hwm=1328MB
RSS_SAMPLE t=75.3s rss=1331MB hwm=1331MB
RSS_SAMPLE t=75.6s rss=1333MB hwm=1333MB
RSS_SAMPLE t=75.8s rss=1335MB hwm=1335MB
RSS_SAMPLE t=76.1s rss=1337MB hwm=1337MB
RSS_SAMPLE t=76.3s rss=1339MB hwm=1339MB
RSS_SAMPLE t=76.6s rss=1342MB hwm=1342MB
RSS_SAMPLE t=76.8s rss=1344MB hwm=1344MB
RSS_SAMPLE t=77.1s rss=1347MB hwm=1347MB
RSS_SAMPLE t=77.3s rss=1349MB hwm=1349MB
RSS_SAMPLE t=77.6s rss=1351MB hwm=1351MB
RSS_SAMPLE t=77.8s rss=1353MB hwm=1353MB
RSS_SAMPLE t=78.1s rss=1355MB hwm=1355MB
RSS_SAMPLE t=78.3s rss=1357MB hwm=1357MB
RSS_SAMPLE t=78.6s rss=1358MB hwm=1358MB
RSS_SAMPLE t=78.8s rss=1361MB hwm=1361MB
RSS_SAMPLE t=79.1s rss=1363MB hwm=1363MB
RSS_SAMPLE t=79.3s rss=1365MB hwm=1365MB
RSS_SAMPLE t=79.6s rss=1367MB hwm=1367MB
RSS_SAMPLE t=79.8s rss=1370MB hwm=1370MB
RSS_SAMPLE t=80.1s rss=1371MB hwm=1371MB
RSS_SAMPLE t=80.3s rss=1374MB hwm=1374MB
RSS_SAMPLE t=80.6s rss=1376MB hwm=1376MB
RSS_SAMPLE t=80.8s rss=1378MB hwm=1378MB
RSS_SAMPLE t=81.1s rss=1380MB hwm=1380MB
RSS_SAMPLE t=81.3s rss=1383MB hwm=1383MB
RSS_SAMPLE t=81.6s rss=1384MB hwm=1384MB
RSS_SAMPLE t=81.8s rss=1386MB hwm=1386MB
RSS_SAMPLE t=82.1s rss=1389MB hwm=1389MB
RSS_SAMPLE t=82.3s rss=1391MB hwm=1391MB
RSS_SAMPLE t=82.6s rss=1394MB hwm=1394MB
RSS_SAMPLE t=82.8s rss=1398MB hwm=1398MB
RSS_SAMPLE t=83.1s rss=1399MB hwm=1399MB
RSS_SAMPLE t=83.3s rss=1401MB hwm=1401MB
RSS_SAMPLE t=83.6s rss=1402MB hwm=1402MB
RSS_SAMPLE t=83.8s rss=1406MB hwm=1406MB
RSS_SAMPLE t=84.1s rss=1408MB hwm=1408MB
RSS_SAMPLE t=84.3s rss=1410MB hwm=1410MB
RSS_SAMPLE t=84.6s rss=1412MB hwm=1412MB
RSS_SAMPLE t=84.8s rss=1414MB hwm=1414MB
RSS_SAMPLE t=85.1s rss=1417MB hwm=1417MB
RSS_SAMPLE t=85.3s rss=1418MB hwm=1418MB
RSS_SAMPLE t=85.6s rss=1420MB hwm=1420MB
RSS_SAMPLE t=85.8s rss=1423MB hwm=1423MB
RSS_SAMPLE t=86.1s rss=1425MB hwm=1425MB
RSS_SAMPLE t=86.3s rss=1427MB hwm=1427MB
RSS_SAMPLE t=86.6s rss=1429MB hwm=1429MB
RSS_SAMPLE t=86.8s rss=1432MB hwm=1432MB
RSS_SAMPLE t=87.1s rss=1434MB hwm=1434MB
RSS_SAMPLE t=87.3s rss=1436MB hwm=1436MB
RSS_SAMPLE t=87.6s rss=1439MB hwm=1439MB
RSS_SAMPLE t=87.8s rss=1440MB hwm=1440MB
RSS_SAMPLE t=88.1s rss=1443MB hwm=1443MB
RSS_SAMPLE t=88.3s rss=1444MB hwm=1444MB
RSS_SAMPLE t=88.6s rss=1446MB hwm=1446MB
RSS_SAMPLE t=88.8s rss=1449MB hwm=1449MB
RSS_SAMPLE t=89.1s rss=1451MB hwm=1451MB
RSS_SAMPLE t=89.3s rss=1454MB hwm=1454MB
RSS_SAMPLE t=89.6s rss=1456MB hwm=1456MB
RSS_SAMPLE t=89.8s rss=1458MB hwm=1458MB
RSS_SAMPLE t=90.1s rss=1460MB hwm=1460MB
RSS_SAMPLE t=90.3s rss=1461MB hwm=1461MB
RSS_SAMPLE t=90.6s rss=1463MB hwm=1463MB
RSS_SAMPLE t=90.8s rss=1465MB hwm=1465MB
RSS_SAMPLE t=91.1s rss=1467MB hwm=1467MB
RSS_SAMPLE t=91.3s rss=1468MB hwm=1468MB
RSS_SAMPLE t=91.6s rss=1471MB hwm=1471MB
RSS_SAMPLE t=91.8s rss=1473MB hwm=1473MB
RSS_SAMPLE t=92.1s rss=1475MB hwm=1475MB
RSS_SAMPLE t=92.3s rss=1477MB hwm=1477MB
RSS_SAMPLE t=92.6s rss=1478MB hwm=1478MB
RSS_SAMPLE t=92.8s rss=1480MB hwm=1480MB
RSS_SAMPLE t=93.1s rss=1482MB hwm=1482MB
RSS_SAMPLE t=93.3s rss=1484MB hwm=1484MB
RSS_SAMPLE t=93.6s rss=1486MB hwm=1486MB
RSS_SAMPLE t=93.8s rss=1488MB hwm=1488MB
RSS_SAMPLE t=94.1s rss=1491MB hwm=1491MB
RSS_SAMPLE t=94.3s rss=1493MB hwm=1493MB
RSS_SAMPLE t=94.6s rss=1495MB hwm=1495MB
RSS_SAMPLE t=94.8s rss=1497MB hwm=1497MB
RSS_SAMPLE t=95.1s rss=1498MB hwm=1498MB
RSS_SAMPLE t=95.3s rss=1501MB hwm=1501MB
RSS_SAMPLE t=95.6s rss=1502MB hwm=1502MB
RSS_SAMPLE t=95.9s rss=1504MB hwm=1504MB
RSS_SAMPLE t=96.1s rss=1506MB hwm=1506MB
RSS_SAMPLE t=96.4s rss=1508MB hwm=1508MB
RSS_SAMPLE t=96.6s rss=1510MB hwm=1510MB
RSS_SAMPLE t=96.9s rss=1512MB hwm=1512MB
RSS_SAMPLE t=97.1s rss=1514MB hwm=1514MB
RSS_SAMPLE t=97.4s rss=1516MB hwm=1516MB
RSS_SAMPLE t=97.6s rss=1518MB hwm=1518MB
RSS_SAMPLE t=97.9s rss=1520MB hwm=1520MB
RSS_SAMPLE t=98.1s rss=1522MB hwm=1522MB
RSS_SAMPLE t=98.4s rss=1523MB hwm=1523MB
RSS_SAMPLE t=98.6s rss=1525MB hwm=1525MB
RSS_SAMPLE t=98.9s rss=1526MB hwm=1526MB
RSS_SAMPLE t=99.1s rss=1529MB hwm=1529MB
RSS_SAMPLE t=99.4s rss=1530MB hwm=1530MB
RSS_SAMPLE t=99.6s rss=1533MB hwm=1533MB
RSS_SAMPLE t=99.9s rss=1535MB hwm=1535MB
RSS_SAMPLE t=100.1s rss=1536MB hwm=1536MB
RSS_SAMPLE t=100.4s rss=1539MB hwm=1539MB
RSS_SAMPLE t=100.6s rss=1540MB hwm=1540MB
RSS_SAMPLE t=100.9s rss=1543MB hwm=1543MB
RSS_SAMPLE t=101.1s rss=1545MB hwm=1545MB
RSS_SAMPLE t=101.4s rss=1547MB hwm=1547MB
RSS_SAMPLE t=101.6s rss=1548MB hwm=1548MB
RSS_SAMPLE t=101.9s rss=1549MB hwm=1549MB
RSS_SAMPLE t=102.1s rss=1552MB hwm=1552MB
RSS_SAMPLE t=102.4s rss=1554MB hwm=1554MB
RSS_SAMPLE t=102.6s rss=1556MB hwm=1556MB
RSS_SAMPLE t=102.9s rss=1558MB hwm=1558MB
RSS_SAMPLE t=103.1s rss=1560MB hwm=1560MB
RSS_SAMPLE t=103.4s rss=1561MB hwm=1561MB
RSS_SAMPLE t=103.6s rss=1563MB hwm=1563MB
RSS_SAMPLE t=103.9s rss=1566MB hwm=1566MB
RSS_SAMPLE t=104.1s rss=1567MB hwm=1567MB
RSS_SAMPLE t=104.4s rss=1569MB hwm=1569MB
RSS_SAMPLE t=104.6s rss=1571MB hwm=1571MB
RSS_SAMPLE t=104.9s rss=1574MB hwm=1574MB
RSS_SAMPLE t=105.1s rss=1576MB hwm=1576MB
RSS_SAMPLE t=105.4s rss=1577MB hwm=1577MB
RSS_SAMPLE t=105.6s rss=1580MB hwm=1580MB
RSS_SAMPLE t=105.9s rss=1581MB hwm=1581MB
RSS_SAMPLE t=106.1s rss=1583MB hwm=1583MB
RSS_SAMPLE t=106.4s rss=1584MB hwm=1584MB
RSS_SAMPLE t=106.6s rss=1586MB hwm=1586MB
RSS_SAMPLE t=106.9s rss=1589MB hwm=1589MB
RSS_SAMPLE t=107.1s rss=1591MB hwm=1591MB
RSS_SAMPLE t=107.4s rss=1593MB hwm=1593MB
RSS_SAMPLE t=107.6s rss=1595MB hwm=1595MB
RSS_SAMPLE t=107.9s rss=1597MB hwm=1597MB
RSS_SAMPLE t=108.1s rss=1599MB hwm=1599MB
RSS_SAMPLE t=108.4s rss=1602MB hwm=1602MB
RSS_SAMPLE t=108.6s rss=1604MB hwm=1604MB
RSS_SAMPLE t=108.9s rss=1606MB hwm=1606MB
RSS_SAMPLE t=109.1s rss=1607MB hwm=1607MB
RSS_SAMPLE t=109.4s rss=1609MB hwm=1609MB
RSS_SAMPLE t=109.6s rss=1611MB hwm=1611MB
RSS_SAMPLE t=109.9s rss=1613MB hwm=1613MB
RSS_SAMPLE t=110.1s rss=1616MB hwm=1616MB
RSS_SAMPLE t=110.4s rss=1618MB hwm=1618MB
RSS_SAMPLE t=110.6s rss=1620MB hwm=1620MB
RSS_SAMPLE t=110.9s rss=1622MB hwm=1622MB
RSS_SAMPLE t=111.1s rss=1624MB hwm=1624MB
RSS_SAMPLE t=111.4s rss=1626MB hwm=1626MB
RSS_SAMPLE t=111.6s rss=1628MB hwm=1628MB
RSS_SAMPLE t=111.9s rss=1630MB hwm=1630MB
RSS_SAMPLE t=112.1s rss=1631MB hwm=1631MB
RSS_SAMPLE t=112.4s rss=1633MB hwm=1633MB
RSS_SAMPLE t=112.6s rss=1635MB hwm=1635MB
RSS_SAMPLE t=112.9s rss=1637MB hwm=1637MB
RSS_SAMPLE t=113.1s rss=1639MB hwm=1639MB
RSS_SAMPLE t=113.4s rss=1641MB hwm=1641MB
RSS_SAMPLE t=113.6s rss=1643MB hwm=1643MB
RSS_SAMPLE t=113.9s rss=1645MB hwm=1645MB
RSS_SAMPLE t=114.1s rss=1647MB hwm=1647MB
RSS_SAMPLE t=114.4s rss=1648MB hwm=1648MB
RSS_SAMPLE t=114.6s rss=1650MB hwm=1650MB
RSS_SAMPLE t=114.9s rss=1653MB hwm=1653MB
RSS_SAMPLE t=115.1s rss=1656MB hwm=1656MB
RSS_SAMPLE t=115.4s rss=1657MB hwm=1657MB
RSS_SAMPLE t=115.6s rss=1659MB hwm=1659MB
RSS_SAMPLE t=115.9s rss=1661MB hwm=1661MB
RSS_SAMPLE t=116.1s rss=1663MB hwm=1663MB
RSS_SAMPLE t=116.4s rss=1665MB hwm=1665MB
RSS_SAMPLE t=116.6s rss=1667MB hwm=1667MB
RSS_SAMPLE t=116.9s rss=1669MB hwm=1669MB
RSS_SAMPLE t=117.1s rss=1671MB hwm=1671MB
RSS_SAMPLE t=117.4s rss=1672MB hwm=1672MB
RSS_SAMPLE t=117.6s rss=1675MB hwm=1675MB
RSS_SAMPLE t=117.9s rss=1677MB hwm=1677MB
RSS_SAMPLE t=118.1s rss=1679MB hwm=1679MB
RSS_SAMPLE t=118.4s rss=1682MB hwm=1682MB
RSS_SAMPLE t=118.6s rss=1684MB hwm=1684MB
RSS_SAMPLE t=118.9s rss=1685MB hwm=1685MB
RSS_SAMPLE t=119.1s rss=1687MB hwm=1687MB
RSS_SAMPLE t=119.4s rss=1690MB hwm=1690MB
RSS_SAMPLE t=119.6s rss=1692MB hwm=1692MB
RSS_SAMPLE t=119.9s rss=1694MB hwm=1694MB
RSS_SAMPLE t=120.1s rss=1696MB hwm=1696MB
RSS_SAMPLE t=120.4s rss=1698MB hwm=1698MB
RSS_SAMPLE t=120.6s rss=1700MB hwm=1700MB
RSS_SAMPLE t=120.9s rss=1701MB hwm=1701MB
RSS_SAMPLE t=121.1s rss=1703MB hwm=1703MB
RSS_SAMPLE t=121.4s rss=1706MB hwm=1706MB
RSS_SAMPLE t=121.6s rss=1708MB hwm=1708MB
RSS_SAMPLE t=121.9s rss=1710MB hwm=1710MB
RSS_SAMPLE t=122.1s rss=1712MB hwm=1712MB
RSS_SAMPLE t=122.4s rss=1714MB hwm=1714MB
RSS_SAMPLE t=122.6s rss=1716MB hwm=1716MB
RSS_SAMPLE t=122.9s rss=1718MB hwm=1718MB
RSS_SAMPLE t=123.1s rss=1720MB hwm=1720MB
RSS_SAMPLE t=123.4s rss=1722MB hwm=1722MB
RSS_SAMPLE t=123.6s rss=1724MB hwm=1724MB
RSS_SAMPLE t=123.9s rss=1726MB hwm=1726MB
RSS_SAMPLE t=124.1s rss=1728MB hwm=1728MB
RSS_SAMPLE t=124.4s rss=1729MB hwm=1729MB
RSS_SAMPLE t=124.7s rss=1732MB hwm=1732MB
RSS_SAMPLE t=124.9s rss=1734MB hwm=1734MB
RSS_SAMPLE t=125.2s rss=1736MB hwm=1736MB
RSS_SAMPLE t=125.4s rss=1739MB hwm=1739MB
RSS_SAMPLE t=125.7s rss=1741MB hwm=1741MB
RSS_SAMPLE t=125.9s rss=1743MB hwm=1743MB
RSS_SAMPLE t=126.2s rss=1745MB hwm=1745MB
RSS_SAMPLE t=126.4s rss=1746MB hwm=1746MB
RSS_SAMPLE t=126.7s rss=1748MB hwm=1748MB
RSS_SAMPLE t=126.9s rss=1749MB hwm=1749MB
RSS_SAMPLE t=127.2s rss=1752MB hwm=1752MB
RSS_SAMPLE t=127.4s rss=1754MB hwm=1754MB
RSS_SAMPLE t=127.7s rss=1756MB hwm=1756MB
RSS_SAMPLE t=127.9s rss=1760MB hwm=1760MB
RSS_SAMPLE t=128.2s rss=1761MB hwm=1761MB
RSS_SAMPLE t=128.4s rss=1763MB hwm=1763MB
RSS_SAMPLE t=128.7s rss=1765MB hwm=1765MB
RSS_SAMPLE t=128.9s rss=1768MB hwm=1768MB
RSS_SAMPLE t=129.2s rss=1770MB hwm=1770MB
RSS_SAMPLE t=129.4s rss=1772MB hwm=1772MB
RSS_SAMPLE t=129.7s rss=1774MB hwm=1774MB
RSS_SAMPLE t=129.9s rss=1776MB hwm=1776MB
RSS_SAMPLE t=130.2s rss=1778MB hwm=1778MB
RSS_SAMPLE t=130.4s rss=1781MB hwm=1781MB
RSS_SAMPLE t=130.7s rss=1783MB hwm=1783MB
RSS_SAMPLE t=130.9s rss=1786MB hwm=1786MB
RSS_SAMPLE t=131.2s rss=1788MB hwm=1788MB
RSS_SAMPLE t=131.4s rss=1789MB hwm=1789MB
RSS_SAMPLE t=131.7s rss=1792MB hwm=1792MB
RSS_SAMPLE t=131.9s rss=1794MB hwm=1794MB
RSS_SAMPLE t=132.2s rss=1796MB hwm=1796MB
RSS_SAMPLE t=132.4s rss=1799MB hwm=1799MB
RSS_SAMPLE t=132.7s rss=1802MB hwm=1802MB
RSS_SAMPLE t=132.9s rss=1803MB hwm=1803MB
RSS_SAMPLE t=133.2s rss=1805MB hwm=1805MB
RSS_SAMPLE t=133.4s rss=1807MB hwm=1807MB
RSS_SAMPLE t=133.7s rss=1809MB hwm=1809MB
RSS_SAMPLE t=133.9s rss=1812MB hwm=1812MB
RSS_SAMPLE t=134.2s rss=1814MB hwm=1814MB
RSS_SAMPLE t=134.4s rss=1816MB hwm=1816MB
RSS_SAMPLE t=134.7s rss=1818MB hwm=1818MB
RSS_SAMPLE t=134.9s rss=1820MB hwm=1820MB
RSS_SAMPLE t=135.2s rss=1822MB hwm=1822MB
RSS_SAMPLE t=135.4s rss=1823MB hwm=1823MB
RSS_SAMPLE t=135.7s rss=1824MB hwm=1824MB
RSS_SAMPLE t=135.9s rss=1826MB hwm=1826MB
RSS_SAMPLE t=136.2s rss=1827MB hwm=1827MB
RSS_SAMPLE t=136.4s rss=1829MB hwm=1829MB
RSS_SAMPLE t=136.7s rss=1831MB hwm=1831MB
RSS_SAMPLE t=136.9s rss=1834MB hwm=1834MB
RSS_SAMPLE t=137.2s rss=1836MB hwm=1836MB
RSS_SAMPLE t=137.4s rss=1837MB hwm=1837MB
RSS_SAMPLE t=137.7s rss=1840MB hwm=1840MB
RSS_SAMPLE t=137.9s rss=1841MB hwm=1841MB
RSS_SAMPLE t=138.2s rss=1844MB hwm=1844MB
RSS_SAMPLE t=138.4s rss=1845MB hwm=1845MB
RSS_SAMPLE t=138.7s rss=1847MB hwm=1847MB
RSS_SAMPLE t=138.9s rss=1849MB hwm=1849MB
RSS_SAMPLE t=139.2s rss=1851MB hwm=1851MB
RSS_SAMPLE t=139.4s rss=1853MB hwm=1853MB
RSS_SAMPLE t=139.7s rss=1855MB hwm=1855MB
RSS_SAMPLE t=139.9s rss=1858MB hwm=1858MB
RSS_SAMPLE t=140.2s rss=1859MB hwm=1859MB
RSS_SAMPLE t=140.4s rss=1861MB hwm=1861MB
RSS_SAMPLE t=140.7s rss=1863MB hwm=1863MB
RSS_SAMPLE t=140.9s rss=1864MB hwm=1864MB
RSS_SAMPLE t=141.2s rss=1865MB hwm=1865MB
RSS_SAMPLE t=141.4s rss=1867MB hwm=1867MB
RSS_SAMPLE t=141.7s rss=1868MB hwm=1868MB
RSS_SAMPLE t=141.9s rss=1870MB hwm=1870MB
RSS_SAMPLE t=142.2s rss=1872MB hwm=1872MB
RSS_SAMPLE t=142.4s rss=1873MB hwm=1873MB
RSS_SAMPLE t=142.7s rss=1875MB hwm=1875MB
RSS_SAMPLE t=142.9s rss=1877MB hwm=1877MB
RSS_SAMPLE t=143.2s rss=1877MB hwm=1877MB
RSS_SAMPLE t=143.4s rss=1878MB hwm=1878MB
RSS_SAMPLE t=143.7s rss=1879MB hwm=1879MB
RSS_SAMPLE t=143.9s rss=1879MB hwm=1879MB
RSS_SAMPLE t=144.2s rss=1880MB hwm=1880MB
RSS_SAMPLE t=144.4s rss=1880MB hwm=1880MB
RSS_SAMPLE t=144.7s rss=1880MB hwm=1880MB
RSS_SAMPLE t=144.9s rss=1881MB hwm=1881MB
RSS_SAMPLE t=145.2s rss=1881MB hwm=1881MB
RSS_SAMPLE t=145.4s rss=1881MB hwm=1881MB
RSS_SAMPLE t=145.7s rss=1881MB hwm=1881MB
RSS_SAMPLE t=145.9s rss=1881MB hwm=1881MB
RSS_SAMPLE t=146.2s rss=1882MB hwm=1882MB
RSS_SAMPLE t=146.4s rss=1882MB hwm=1882MB
RSS_SAMPLE t=146.7s rss=1883MB hwm=1883MB
RSS_SAMPLE t=146.9s rss=1883MB hwm=1883MB
RSS_SAMPLE t=147.2s rss=1883MB hwm=1883MB
RSS_SAMPLE t=147.4s rss=1883MB hwm=1883MB
RSS_SAMPLE t=147.7s rss=1884MB hwm=1884MB
RSS_SAMPLE t=147.9s rss=1884MB hwm=1884MB
RSS_SAMPLE t=148.2s rss=1884MB hwm=1884MB
RSS_SAMPLE t=148.4s rss=1885MB hwm=1885MB
RSS_SAMPLE t=148.7s rss=1885MB hwm=1885MB
RSS_SAMPLE t=148.9s rss=1885MB hwm=1885MB
RSS_SAMPLE t=149.2s rss=1885MB hwm=1885MB
RSS_SAMPLE t=149.4s rss=1886MB hwm=1886MB
RSS_SAMPLE t=149.7s rss=1886MB hwm=1886MB
RSS_SAMPLE t=149.9s rss=1886MB hwm=1886MB
RSS_SAMPLE t=150.2s rss=1886MB hwm=1886MB
RSS_SAMPLE t=150.4s rss=1887MB hwm=1887MB
RSS_SAMPLE t=150.7s rss=1887MB hwm=1887MB
RSS_SAMPLE t=150.9s rss=1888MB hwm=1888MB
RSS_SAMPLE t=151.2s rss=1888MB hwm=1888MB
RSS_SAMPLE t=151.4s rss=1888MB hwm=1888MB
RSS_SAMPLE t=151.7s rss=1888MB hwm=1888MB
RSS_SAMPLE t=151.9s rss=1889MB hwm=1889MB
RSS_SAMPLE t=152.2s rss=1889MB hwm=1889MB
RSS_SAMPLE t=152.4s rss=1889MB hwm=1889MB
RSS_SAMPLE t=152.7s rss=1889MB hwm=1889MB
RSS_SAMPLE t=152.9s rss=1890MB hwm=1890MB
RSS_SAMPLE t=153.2s rss=1890MB hwm=1890MB
RSS_SAMPLE t=153.4s rss=1890MB hwm=1890MB
RSS_SAMPLE t=153.7s rss=1890MB hwm=1890MB
RSS_SAMPLE t=153.9s rss=1891MB hwm=1891MB
RSS_SAMPLE t=154.2s rss=1891MB hwm=1891MB
RSS_SAMPLE t=154.4s rss=1891MB hwm=1891MB
RSS_SAMPLE t=154.7s rss=1891MB hwm=1891MB
RSS_SAMPLE t=154.9s rss=1891MB hwm=1891MB
RSS_SAMPLE t=155.2s rss=1892MB hwm=1892MB
RSS_SAMPLE t=155.4s rss=1892MB hwm=1892MB
RSS_SAMPLE t=155.7s rss=1892MB hwm=1892MB
RSS_SAMPLE t=155.9s rss=1892MB hwm=1892MB
RSS_SAMPLE t=156.2s rss=1893MB hwm=1893MB
RSS_SAMPLE t=156.4s rss=1893MB hwm=1893MB
RSS_SAMPLE t=156.7s rss=1893MB hwm=1893MB
RSS_SAMPLE t=156.9s rss=1894MB hwm=1894MB
RSS_SAMPLE t=157.2s rss=1894MB hwm=1894MB
RSS_SAMPLE t=157.4s rss=1895MB hwm=1895MB
RSS_SAMPLE t=157.7s rss=1895MB hwm=1895MB
RSS_SAMPLE t=157.9s rss=1895MB hwm=1895MB
RSS_SAMPLE t=158.2s rss=1896MB hwm=1896MB
RSS_SAMPLE t=158.4s rss=1896MB hwm=1896MB
RSS_SAMPLE t=158.7s rss=1896MB hwm=1896MB
RSS_SAMPLE t=158.9s rss=1897MB hwm=1897MB
RSS_SAMPLE t=159.2s rss=1897MB hwm=1897MB
RSS_SAMPLE t=159.4s rss=1897MB hwm=1897MB
RSS_SAMPLE t=159.7s rss=1897MB hwm=1897MB
RSS_SAMPLE t=159.9s rss=1898MB hwm=1898MB
RSS_SAMPLE t=160.2s rss=1898MB hwm=1898MB
RSS_SAMPLE t=160.4s rss=1898MB hwm=1898MB
RSS_SAMPLE t=160.7s rss=1899MB hwm=1899MB
RSS_SAMPLE t=160.9s rss=1899MB hwm=1899MB
RSS_SAMPLE t=161.2s rss=1899MB hwm=1899MB
RSS_SAMPLE t=161.4s rss=1900MB hwm=1900MB
RSS_SAMPLE t=161.7s rss=1900MB hwm=1900MB
RSS_SAMPLE t=161.9s rss=1900MB hwm=1900MB
RSS_SAMPLE t=162.2s rss=1900MB hwm=1900MB
RSS_SAMPLE t=162.4s rss=1901MB hwm=1901MB
RSS_SAMPLE t=162.7s rss=1901MB hwm=1901MB
RSS_SAMPLE t=162.9s rss=1901MB hwm=1901MB
    rss_probe[outer=0]: pre_refresh_rss=1067MB post_pre_solve_rss=1901MB cache_entries=42424857 cache_cap=69325648 cache_est_mb=600
    pre_solve_diag[outer=0]: solves=105117 fallback=0 (0.0%) cap_armed=105117 (100.0%) settle_avg=10344 settle_max=69353 init_count=254
  Cell placement by tile type (iter 0, 76660 cells):
    NULL: 31596
    CLB: 27114
    IOB_W: 15019
    CLK_BUFG: 2320
    BRAM: 351
    DSP: 182
    IOB_E: 78
    Overflow: over=0 (0.0% of used) avg_excess=0.00 max_excess=0.00 (nc=0.00 cap=0 span=0)  excess_buckets: <=1=0 1-5=0 5-20=0 >20=0  by_cap: cap1=0 cap2=0 cap3-5=0 cap>5=0  by_span: s1=0 s2-3=0 s4-6=0 s7-12=0 s>12=0  le1_cross: cap1=0 cap2-5=0 cap>5=0
    Congestion: pipes=2562403 used=0 congested(>50%)=0 saturated(>90%)=0 max_util=0.00 avg_util=0.0000
PHASE_MARK outer=0 enter=dcd_sweep rss=1901MB
RSS_SAMPLE t=163.2s rss=1901MB hwm=1901MB
RSS_SAMPLE t=163.4s rss=1901MB hwm=1901MB
RSS_SAMPLE t=163.7s rss=1902MB hwm=1902MB
RSS_SAMPLE t=163.9s rss=1902MB hwm=1902MB
RSS_SAMPLE t=164.2s rss=1902MB hwm=1902MB
RSS_SAMPLE t=164.4s rss=1902MB hwm=1902MB
RSS_SAMPLE t=164.7s rss=1902MB hwm=1902MB
RSS_SAMPLE t=164.9s rss=1902MB hwm=1902MB
RSS_SAMPLE t=165.2s rss=1902MB hwm=1902MB
RSS_SAMPLE t=165.4s rss=1902MB hwm=1902MB
RSS_SAMPLE t=165.7s rss=1902MB hwm=1902MB
RSS_SAMPLE t=165.9s rss=1902MB hwm=1902MB
RSS_SAMPLE t=166.2s rss=1902MB hwm=1902MB
RSS_SAMPLE t=166.5s rss=1902MB hwm=1902MB
RSS_SAMPLE t=166.7s rss=1902MB hwm=1902MB
RSS_SAMPLE t=167.0s rss=1902MB hwm=1902MB
RSS_SAMPLE t=167.2s rss=1902MB hwm=1902MB
RSS_SAMPLE t=167.5s rss=1902MB hwm=1902MB
RSS_SAMPLE t=167.7s rss=1903MB hwm=1903MB
RSS_SAMPLE t=168.0s rss=1903MB hwm=1903MB
RSS_SAMPLE t=168.2s rss=1903MB hwm=1903MB
RSS_SAMPLE t=168.5s rss=1903MB hwm=1903MB
RSS_SAMPLE t=168.7s rss=1903MB hwm=1903MB
RSS_SAMPLE t=169.0s rss=1903MB hwm=1903MB
RSS_SAMPLE t=169.2s rss=1903MB hwm=1903MB
RSS_SAMPLE t=169.5s rss=1903MB hwm=1903MB
RSS_SAMPLE t=169.7s rss=1903MB hwm=1903MB
RSS_SAMPLE t=170.0s rss=1903MB hwm=1903MB
RSS_SAMPLE t=170.2s rss=1903MB hwm=1903MB
RSS_SAMPLE t=170.5s rss=1903MB hwm=1903MB
RSS_SAMPLE t=170.7s rss=1903MB hwm=1903MB
RSS_SAMPLE t=171.0s rss=1903MB hwm=1903MB
RSS_SAMPLE t=171.2s rss=1903MB hwm=1903MB
RSS_SAMPLE t=171.5s rss=1903MB hwm=1903MB
RSS_SAMPLE t=171.7s rss=1903MB hwm=1903MB
RSS_SAMPLE t=172.0s rss=1904MB hwm=1904MB
RSS_SAMPLE t=172.2s rss=1904MB hwm=1904MB
RSS_SAMPLE t=172.5s rss=1904MB hwm=1904MB
RSS_SAMPLE t=172.7s rss=1904MB hwm=1904MB
RSS_SAMPLE t=173.0s rss=1904MB hwm=1904MB
RSS_SAMPLE t=173.2s rss=1904MB hwm=1904MB
RSS_SAMPLE t=173.5s rss=1904MB hwm=1904MB
RSS_SAMPLE t=173.7s rss=1904MB hwm=1904MB
RSS_SAMPLE t=174.0s rss=1904MB hwm=1904MB
RSS_SAMPLE t=174.2s rss=1904MB hwm=1904MB
RSS_SAMPLE t=174.5s rss=1904MB hwm=1904MB
RSS_SAMPLE t=174.7s rss=1904MB hwm=1904MB
RSS_SAMPLE t=175.0s rss=1904MB hwm=1904MB
RSS_SAMPLE t=175.2s rss=1904MB hwm=1904MB
RSS_SAMPLE t=175.5s rss=1904MB hwm=1904MB
RSS_SAMPLE t=175.7s rss=1904MB hwm=1904MB
RSS_SAMPLE t=176.0s rss=1904MB hwm=1904MB
RSS_SAMPLE t=176.2s rss=1905MB hwm=1905MB
RSS_SAMPLE t=176.5s rss=1905MB hwm=1905MB
RSS_SAMPLE t=176.7s rss=1905MB hwm=1905MB
RSS_SAMPLE t=177.0s rss=1905MB hwm=1905MB
RSS_SAMPLE t=177.2s rss=1905MB hwm=1905MB
RSS_SAMPLE t=177.5s rss=1905MB hwm=1905MB
RSS_SAMPLE t=177.7s rss=1905MB hwm=1905MB
RSS_SAMPLE t=178.0s rss=1905MB hwm=1905MB
RSS_SAMPLE t=178.2s rss=1905MB hwm=1905MB
RSS_SAMPLE t=178.5s rss=1905MB hwm=1905MB
RSS_SAMPLE t=178.7s rss=1905MB hwm=1905MB
RSS_SAMPLE t=179.0s rss=1905MB hwm=1905MB
RSS_SAMPLE t=179.2s rss=1905MB hwm=1905MB
RSS_SAMPLE t=179.5s rss=1906MB hwm=1906MB
RSS_SAMPLE t=179.7s rss=1906MB hwm=1906MB
RSS_SAMPLE t=180.0s rss=1906MB hwm=1906MB
RSS_SAMPLE t=180.2s rss=1906MB hwm=1906MB
RSS_SAMPLE t=180.5s rss=1906MB hwm=1906MB
RSS_SAMPLE t=180.7s rss=1906MB hwm=1906MB
RSS_SAMPLE t=181.0s rss=1906MB hwm=1906MB
RSS_SAMPLE t=181.2s rss=1906MB hwm=1906MB
RSS_SAMPLE t=181.5s rss=1906MB hwm=1906MB
PHASE_MARK outer=0 leave=dcd_sweep rss=1902MB
PHASE_MARK outer=0 enter=post_refresh rss=1902MB
RSS_SAMPLE t=181.7s rss=1937MB hwm=1937MB
RSS_SAMPLE t=182.0s rss=1937MB hwm=1937MB
RSS_SAMPLE t=182.2s rss=1937MB hwm=1937MB
RSS_SAMPLE t=182.5s rss=1937MB hwm=1937MB
RSS_SAMPLE t=182.7s rss=1937MB hwm=1937MB
RSS_SAMPLE t=183.0s rss=1937MB hwm=1937MB
RSS_SAMPLE t=183.2s rss=1937MB hwm=1937MB
RSS_SAMPLE t=183.5s rss=1937MB hwm=1937MB
RSS_SAMPLE t=183.7s rss=1937MB hwm=1937MB
RSS_SAMPLE t=184.0s rss=1937MB hwm=1937MB
RSS_SAMPLE t=184.2s rss=1937MB hwm=1937MB
RSS_SAMPLE t=184.5s rss=1937MB hwm=1937MB
RSS_SAMPLE t=184.7s rss=1937MB hwm=1937MB
RSS_SAMPLE t=185.0s rss=1985MB hwm=1985MB
RSS_SAMPLE t=185.2s rss=2612MB hwm=2612MB
RSS_SAMPLE t=185.5s rss=3017MB hwm=3017MB
RSS_SAMPLE t=185.7s rss=3289MB hwm=3289MB
RSS_SAMPLE t=186.0s rss=3423MB hwm=3423MB
RSS_SAMPLE t=186.2s rss=3523MB hwm=3523MB
RSS_SAMPLE t=186.5s rss=3591MB hwm=3591MB
RSS_SAMPLE t=186.7s rss=3637MB hwm=3637MB
RSS_SAMPLE t=187.0s rss=3693MB hwm=3693MB
RSS_SAMPLE t=187.2s rss=3725MB hwm=3725MB
RSS_SAMPLE t=187.5s rss=3739MB hwm=3739MB
RSS_SAMPLE t=187.7s rss=3751MB hwm=3751MB
RSS_SAMPLE t=188.0s rss=3758MB hwm=3758MB
RSS_SAMPLE t=188.2s rss=3760MB hwm=3760MB
RSS_SAMPLE t=188.5s rss=3765MB hwm=3765MB
RSS_SAMPLE t=188.7s rss=3765MB hwm=3765MB
RSS_SAMPLE t=189.0s rss=3771MB hwm=3771MB
RSS_SAMPLE t=189.2s rss=3776MB hwm=3776MB
RSS_SAMPLE t=189.5s rss=3780MB hwm=3780MB
RSS_SAMPLE t=189.8s rss=3781MB hwm=3781MB
RSS_SAMPLE t=190.0s rss=3795MB hwm=3795MB
RSS_SAMPLE t=190.3s rss=3806MB hwm=3806MB
RSS_SAMPLE t=190.5s rss=3809MB hwm=3809MB
RSS_SAMPLE t=190.8s rss=3823MB hwm=3823MB
RSS_SAMPLE t=191.0s rss=3825MB hwm=3825MB
RSS_SAMPLE t=191.3s rss=3829MB hwm=3829MB
RSS_SAMPLE t=191.5s rss=3836MB hwm=3836MB
RSS_SAMPLE t=191.8s rss=3840MB hwm=3840MB
RSS_SAMPLE t=192.0s rss=3843MB hwm=3843MB
RSS_SAMPLE t=192.3s rss=3844MB hwm=3844MB
RSS_SAMPLE t=192.5s rss=3844MB hwm=3844MB
RSS_SAMPLE t=192.8s rss=3845MB hwm=3845MB
RSS_SAMPLE t=193.0s rss=3846MB hwm=3846MB
RSS_SAMPLE t=193.3s rss=3847MB hwm=3847MB
RSS_SAMPLE t=193.5s rss=3847MB hwm=3847MB
RSS_SAMPLE t=193.8s rss=3847MB hwm=3847MB
RSS_SAMPLE t=194.0s rss=3848MB hwm=3848MB
RSS_SAMPLE t=194.3s rss=3855MB hwm=3855MB
RSS_SAMPLE t=194.5s rss=3862MB hwm=3862MB
RSS_SAMPLE t=194.8s rss=3862MB hwm=3862MB
RSS_SAMPLE t=195.0s rss=3862MB hwm=3862MB
RSS_SAMPLE t=195.3s rss=3862MB hwm=3862MB
RSS_SAMPLE t=195.5s rss=3862MB hwm=3862MB
RSS_SAMPLE t=195.8s rss=3865MB hwm=3865MB
RSS_SAMPLE t=196.0s rss=3865MB hwm=3865MB
RSS_SAMPLE t=196.3s rss=3865MB hwm=3865MB
RSS_SAMPLE t=196.5s rss=3865MB hwm=3865MB
RSS_SAMPLE t=196.8s rss=3873MB hwm=3873MB
RSS_SAMPLE t=197.0s rss=3873MB hwm=3873MB
RSS_SAMPLE t=197.3s rss=3873MB hwm=3873MB
RSS_SAMPLE t=197.5s rss=3873MB hwm=3873MB
RSS_SAMPLE t=197.8s rss=3875MB hwm=3875MB
RSS_SAMPLE t=198.0s rss=3877MB hwm=3877MB
RSS_SAMPLE t=198.3s rss=3877MB hwm=3877MB
RSS_SAMPLE t=198.5s rss=3879MB hwm=3879MB
RSS_SAMPLE t=198.8s rss=3884MB hwm=3884MB
RSS_SAMPLE t=199.0s rss=3891MB hwm=3891MB
RSS_SAMPLE t=199.3s rss=3892MB hwm=3892MB
RSS_SAMPLE t=199.5s rss=3892MB hwm=3892MB
RSS_SAMPLE t=199.8s rss=3892MB hwm=3892MB
RSS_SAMPLE t=200.0s rss=3894MB hwm=3894MB
RSS_SAMPLE t=200.3s rss=3896MB hwm=3896MB
RSS_SAMPLE t=200.5s rss=3896MB hwm=3896MB
RSS_SAMPLE t=200.8s rss=3896MB hwm=3896MB
RSS_SAMPLE t=201.0s rss=3896MB hwm=3896MB
RSS_SAMPLE t=201.3s rss=3896MB hwm=3896MB
RSS_SAMPLE t=201.5s rss=3899MB hwm=3899MB
RSS_SAMPLE t=201.8s rss=3899MB hwm=3899MB
RSS_SAMPLE t=202.0s rss=3899MB hwm=3899MB
RSS_SAMPLE t=202.3s rss=3902MB hwm=3902MB
RSS_SAMPLE t=202.5s rss=3902MB hwm=3902MB
RSS_SAMPLE t=202.8s rss=3902MB hwm=3902MB
RSS_SAMPLE t=203.0s rss=3902MB hwm=3902MB
RSS_SAMPLE t=203.3s rss=3902MB hwm=3902MB
RSS_SAMPLE t=203.5s rss=3903MB hwm=3903MB
RSS_SAMPLE t=203.8s rss=3905MB hwm=3905MB
RSS_SAMPLE t=204.0s rss=3905MB hwm=3905MB
RSS_SAMPLE t=204.3s rss=3905MB hwm=3905MB
RSS_SAMPLE t=204.5s rss=3905MB hwm=3905MB
RSS_SAMPLE t=204.8s rss=3905MB hwm=3905MB
RSS_SAMPLE t=205.0s rss=3907MB hwm=3907MB
RSS_SAMPLE t=205.3s rss=3908MB hwm=3908MB
RSS_SAMPLE t=205.5s rss=3908MB hwm=3908MB
RSS_SAMPLE t=205.8s rss=3908MB hwm=3908MB
RSS_SAMPLE t=206.0s rss=3916MB hwm=3916MB
RSS_SAMPLE t=206.3s rss=3919MB hwm=3919MB
RSS_SAMPLE t=206.5s rss=3919MB hwm=3919MB
RSS_SAMPLE t=206.8s rss=3919MB hwm=3919MB
RSS_SAMPLE t=207.0s rss=3924MB hwm=3924MB
RSS_SAMPLE t=207.3s rss=3924MB hwm=3924MB
RSS_SAMPLE t=207.5s rss=3926MB hwm=3926MB
RSS_SAMPLE t=207.8s rss=3926MB hwm=3926MB
RSS_SAMPLE t=208.0s rss=3927MB hwm=3927MB
RSS_SAMPLE t=208.3s rss=3927MB hwm=3927MB
RSS_SAMPLE t=208.5s rss=3927MB hwm=3927MB
RSS_SAMPLE t=208.8s rss=3927MB hwm=3927MB
RSS_SAMPLE t=209.0s rss=3927MB hwm=3927MB
RSS_SAMPLE t=209.3s rss=3927MB hwm=3927MB
RSS_SAMPLE t=209.6s rss=3927MB hwm=3927MB
RSS_SAMPLE t=209.8s rss=3927MB hwm=3927MB
RSS_SAMPLE t=210.1s rss=3927MB hwm=3927MB
RSS_SAMPLE t=210.3s rss=3927MB hwm=3927MB
RSS_SAMPLE t=210.6s rss=3927MB hwm=3927MB
RSS_SAMPLE t=210.8s rss=3927MB hwm=3927MB
RSS_SAMPLE t=211.1s rss=3927MB hwm=3927MB
RSS_SAMPLE t=211.3s rss=3927MB hwm=3927MB
RSS_SAMPLE t=211.6s rss=3927MB hwm=3927MB
RSS_SAMPLE t=211.8s rss=3927MB hwm=3927MB
RSS_SAMPLE t=212.1s rss=3927MB hwm=3927MB
RSS_SAMPLE t=212.3s rss=3927MB hwm=3927MB
RSS_SAMPLE t=212.6s rss=3927MB hwm=3927MB
RSS_SAMPLE t=212.8s rss=3927MB hwm=3927MB
RSS_SAMPLE t=213.1s rss=3927MB hwm=3927MB
RSS_SAMPLE t=213.3s rss=3927MB hwm=3927MB
RSS_SAMPLE t=213.6s rss=3928MB hwm=3928MB
RSS_SAMPLE t=213.8s rss=3928MB hwm=3928MB
RSS_SAMPLE t=214.1s rss=3928MB hwm=3928MB
RSS_SAMPLE t=214.3s rss=3928MB hwm=3928MB
RSS_SAMPLE t=214.6s rss=3929MB hwm=3929MB
RSS_SAMPLE t=214.8s rss=3929MB hwm=3929MB
RSS_SAMPLE t=215.1s rss=3929MB hwm=3929MB
RSS_SAMPLE t=215.3s rss=3929MB hwm=3929MB
RSS_SAMPLE t=215.6s rss=3929MB hwm=3929MB
RSS_SAMPLE t=215.8s rss=3929MB hwm=3929MB
RSS_SAMPLE t=216.1s rss=3929MB hwm=3929MB
RSS_SAMPLE t=216.3s rss=3929MB hwm=3929MB
RSS_SAMPLE t=216.6s rss=3929MB hwm=3929MB
RSS_SAMPLE t=216.8s rss=3929MB hwm=3929MB
RSS_SAMPLE t=217.1s rss=3929MB hwm=3929MB
RSS_SAMPLE t=217.3s rss=3929MB hwm=3929MB
RSS_SAMPLE t=217.6s rss=3930MB hwm=3930MB
RSS_SAMPLE t=217.8s rss=3930MB hwm=3930MB
RSS_SAMPLE t=218.1s rss=3930MB hwm=3930MB
RSS_SAMPLE t=218.3s rss=3930MB hwm=3930MB
RSS_SAMPLE t=218.6s rss=3930MB hwm=3930MB
RSS_SAMPLE t=218.8s rss=3931MB hwm=3931MB
RSS_SAMPLE t=219.1s rss=3931MB hwm=3931MB
RSS_SAMPLE t=219.3s rss=3931MB hwm=3931MB
RSS_SAMPLE t=219.6s rss=3931MB hwm=3931MB
RSS_SAMPLE t=219.8s rss=3931MB hwm=3931MB
RSS_SAMPLE t=220.1s rss=3931MB hwm=3931MB
RSS_SAMPLE t=220.3s rss=3931MB hwm=3931MB
RSS_SAMPLE t=220.6s rss=3931MB hwm=3931MB
RSS_SAMPLE t=220.8s rss=3933MB hwm=3933MB
RSS_SAMPLE t=221.1s rss=3933MB hwm=3933MB
RSS_SAMPLE t=221.3s rss=3933MB hwm=3933MB
RSS_SAMPLE t=221.6s rss=3933MB hwm=3933MB
RSS_SAMPLE t=221.8s rss=3934MB hwm=3934MB
RSS_SAMPLE t=222.1s rss=3934MB hwm=3934MB
RSS_SAMPLE t=222.3s rss=3934MB hwm=3934MB
RSS_SAMPLE t=222.6s rss=3934MB hwm=3934MB
RSS_SAMPLE t=222.8s rss=3934MB hwm=3934MB
RSS_SAMPLE t=223.1s rss=3934MB hwm=3934MB
RSS_SAMPLE t=223.3s rss=3934MB hwm=3934MB
RSS_SAMPLE t=223.6s rss=3934MB hwm=3934MB
RSS_SAMPLE t=223.8s rss=3935MB hwm=3935MB
RSS_SAMPLE t=224.1s rss=3935MB hwm=3935MB
RSS_SAMPLE t=224.3s rss=3935MB hwm=3935MB
RSS_SAMPLE t=224.6s rss=3936MB hwm=3936MB
RSS_SAMPLE t=224.8s rss=3937MB hwm=3937MB
RSS_SAMPLE t=225.1s rss=3937MB hwm=3937MB
RSS_SAMPLE t=225.3s rss=3937MB hwm=3937MB
RSS_SAMPLE t=225.6s rss=3937MB hwm=3937MB
RSS_SAMPLE t=225.8s rss=3937MB hwm=3937MB
RSS_SAMPLE t=226.1s rss=3937MB hwm=3937MB
RSS_SAMPLE t=226.3s rss=3938MB hwm=3938MB
RSS_SAMPLE t=226.6s rss=3938MB hwm=3938MB
RSS_SAMPLE t=226.8s rss=3938MB hwm=3938MB
RSS_SAMPLE t=227.1s rss=3938MB hwm=3938MB
RSS_SAMPLE t=227.3s rss=3939MB hwm=3939MB
RSS_SAMPLE t=227.6s rss=3939MB hwm=3939MB
RSS_SAMPLE t=227.8s rss=3939MB hwm=3939MB
RSS_SAMPLE t=228.1s rss=3939MB hwm=3939MB
RSS_SAMPLE t=228.3s rss=3939MB hwm=3939MB
RSS_SAMPLE t=228.6s rss=3939MB hwm=3939MB
RSS_SAMPLE t=228.8s rss=3939MB hwm=3939MB
RSS_SAMPLE t=229.1s rss=3940MB hwm=3940MB
RSS_SAMPLE t=229.3s rss=3940MB hwm=3940MB
RSS_SAMPLE t=229.6s rss=3940MB hwm=3940MB
RSS_SAMPLE t=229.8s rss=3940MB hwm=3940MB
RSS_SAMPLE t=230.1s rss=3941MB hwm=3941MB
RSS_SAMPLE t=230.3s rss=3941MB hwm=3941MB
RSS_SAMPLE t=230.6s rss=3941MB hwm=3941MB
RSS_SAMPLE t=230.9s rss=3941MB hwm=3941MB
RSS_SAMPLE t=231.1s rss=3941MB hwm=3941MB
RSS_SAMPLE t=231.4s rss=3941MB hwm=3941MB
RSS_SAMPLE t=231.6s rss=3941MB hwm=3941MB
RSS_SAMPLE t=231.9s rss=3942MB hwm=3942MB
RSS_SAMPLE t=232.1s rss=3944MB hwm=3944MB
RSS_SAMPLE t=232.4s rss=3944MB hwm=3944MB
RSS_SAMPLE t=232.6s rss=3945MB hwm=3945MB
RSS_SAMPLE t=232.9s rss=3945MB hwm=3945MB
RSS_SAMPLE t=233.1s rss=3945MB hwm=3945MB
RSS_SAMPLE t=233.4s rss=3946MB hwm=3946MB
RSS_SAMPLE t=233.6s rss=3946MB hwm=3946MB
RSS_SAMPLE t=233.9s rss=3946MB hwm=3946MB
RSS_SAMPLE t=234.1s rss=3947MB hwm=3947MB
RSS_SAMPLE t=234.4s rss=3947MB hwm=3947MB
RSS_SAMPLE t=234.6s rss=3947MB hwm=3947MB
RSS_SAMPLE t=234.9s rss=3948MB hwm=3948MB
RSS_SAMPLE t=235.1s rss=3948MB hwm=3948MB
RSS_SAMPLE t=235.4s rss=3949MB hwm=3949MB
RSS_SAMPLE t=235.6s rss=3949MB hwm=3949MB
RSS_SAMPLE t=235.9s rss=3950MB hwm=3950MB
RSS_SAMPLE t=236.1s rss=3950MB hwm=3950MB
RSS_SAMPLE t=236.4s rss=3950MB hwm=3950MB
RSS_SAMPLE t=236.6s rss=3950MB hwm=3950MB
RSS_SAMPLE t=236.9s rss=3950MB hwm=3950MB
RSS_SAMPLE t=237.1s rss=3951MB hwm=3951MB
RSS_SAMPLE t=237.4s rss=3951MB hwm=3951MB
RSS_SAMPLE t=237.6s rss=3951MB hwm=3951MB
RSS_SAMPLE t=237.9s rss=3951MB hwm=3951MB
RSS_SAMPLE t=238.1s rss=3951MB hwm=3951MB
RSS_SAMPLE t=238.4s rss=3952MB hwm=3952MB
RSS_SAMPLE t=238.6s rss=3952MB hwm=3952MB
RSS_SAMPLE t=238.9s rss=3952MB hwm=3952MB
RSS_SAMPLE t=239.1s rss=3952MB hwm=3952MB
RSS_SAMPLE t=239.4s rss=3953MB hwm=3953MB
RSS_SAMPLE t=239.6s rss=3953MB hwm=3953MB
RSS_SAMPLE t=239.9s rss=3953MB hwm=3953MB
RSS_SAMPLE t=240.1s rss=3953MB hwm=3953MB
RSS_SAMPLE t=240.4s rss=3954MB hwm=3954MB
RSS_SAMPLE t=240.6s rss=3954MB hwm=3954MB
RSS_SAMPLE t=240.9s rss=3954MB hwm=3954MB
RSS_SAMPLE t=241.1s rss=3954MB hwm=3954MB
RSS_SAMPLE t=241.4s rss=3955MB hwm=3955MB
RSS_SAMPLE t=241.6s rss=3955MB hwm=3955MB
RSS_SAMPLE t=241.9s rss=3955MB hwm=3955MB
RSS_SAMPLE t=242.1s rss=3955MB hwm=3955MB
RSS_SAMPLE t=242.4s rss=3956MB hwm=3956MB
RSS_SAMPLE t=242.6s rss=3956MB hwm=3956MB
RSS_SAMPLE t=242.9s rss=3956MB hwm=3956MB
RSS_SAMPLE t=243.1s rss=3956MB hwm=3956MB
RSS_SAMPLE t=243.4s rss=3956MB hwm=3956MB
RSS_SAMPLE t=243.6s rss=3956MB hwm=3956MB
RSS_SAMPLE t=243.9s rss=3956MB hwm=3956MB
RSS_SAMPLE t=244.1s rss=3957MB hwm=3957MB
RSS_SAMPLE t=244.4s rss=3957MB hwm=3957MB
RSS_SAMPLE t=244.6s rss=3957MB hwm=3957MB
RSS_SAMPLE t=244.9s rss=3957MB hwm=3957MB
RSS_SAMPLE t=245.1s rss=3957MB hwm=3957MB
RSS_SAMPLE t=245.4s rss=3958MB hwm=3958MB
RSS_SAMPLE t=245.6s rss=3958MB hwm=3958MB
RSS_SAMPLE t=245.9s rss=3958MB hwm=3958MB
RSS_SAMPLE t=246.1s rss=3959MB hwm=3959MB
RSS_SAMPLE t=246.4s rss=3960MB hwm=3960MB
RSS_SAMPLE t=246.6s rss=3960MB hwm=3960MB
RSS_SAMPLE t=246.9s rss=3960MB hwm=3960MB
RSS_SAMPLE t=247.1s rss=3961MB hwm=3961MB
RSS_SAMPLE t=247.4s rss=3961MB hwm=3961MB
RSS_SAMPLE t=247.6s rss=3961MB hwm=3961MB
RSS_SAMPLE t=247.9s rss=3962MB hwm=3962MB
RSS_SAMPLE t=248.1s rss=3962MB hwm=3962MB
RSS_SAMPLE t=248.4s rss=3962MB hwm=3962MB
RSS_SAMPLE t=248.6s rss=3962MB hwm=3962MB
RSS_SAMPLE t=248.9s rss=3962MB hwm=3962MB
RSS_SAMPLE t=249.1s rss=3963MB hwm=3963MB
RSS_SAMPLE t=249.4s rss=3963MB hwm=3963MB
RSS_SAMPLE t=249.7s rss=3963MB hwm=3963MB
RSS_SAMPLE t=249.9s rss=3963MB hwm=3963MB
RSS_SAMPLE t=250.2s rss=3963MB hwm=3963MB
RSS_SAMPLE t=250.4s rss=3963MB hwm=3963MB
RSS_SAMPLE t=250.7s rss=3964MB hwm=3964MB
RSS_SAMPLE t=250.9s rss=3964MB hwm=3964MB
RSS_SAMPLE t=251.2s rss=3964MB hwm=3964MB
RSS_SAMPLE t=251.4s rss=3965MB hwm=3965MB
RSS_SAMPLE t=251.7s rss=3965MB hwm=3965MB
RSS_SAMPLE t=251.9s rss=3965MB hwm=3965MB
RSS_SAMPLE t=252.2s rss=3965MB hwm=3965MB
RSS_SAMPLE t=252.4s rss=3965MB hwm=3965MB
RSS_SAMPLE t=252.7s rss=3966MB hwm=3966MB
RSS_SAMPLE t=252.9s rss=3966MB hwm=3966MB
RSS_SAMPLE t=253.2s rss=3966MB hwm=3966MB
RSS_SAMPLE t=253.4s rss=3966MB hwm=3966MB
RSS_SAMPLE t=253.7s rss=3967MB hwm=3967MB
RSS_SAMPLE t=253.9s rss=3967MB hwm=3967MB
RSS_SAMPLE t=254.2s rss=3967MB hwm=3967MB
RSS_SAMPLE t=254.4s rss=3968MB hwm=3968MB
RSS_SAMPLE t=254.7s rss=3968MB hwm=3968MB
RSS_SAMPLE t=254.9s rss=3968MB hwm=3968MB
RSS_SAMPLE t=255.2s rss=3969MB hwm=3969MB
RSS_SAMPLE t=255.4s rss=3969MB hwm=3969MB
RSS_SAMPLE t=255.7s rss=3969MB hwm=3969MB
RSS_SAMPLE t=255.9s rss=3969MB hwm=3969MB
RSS_SAMPLE t=256.2s rss=3969MB hwm=3969MB
RSS_SAMPLE t=256.4s rss=3970MB hwm=3970MB
RSS_SAMPLE t=256.7s rss=3971MB hwm=3971MB
RSS_SAMPLE t=256.9s rss=3971MB hwm=3971MB
RSS_SAMPLE t=257.2s rss=3971MB hwm=3971MB
RSS_SAMPLE t=257.4s rss=3971MB hwm=3971MB
RSS_SAMPLE t=257.7s rss=3971MB hwm=3971MB
RSS_SAMPLE t=257.9s rss=3972MB hwm=3972MB
RSS_SAMPLE t=258.2s rss=3972MB hwm=3972MB
RSS_SAMPLE t=258.4s rss=3972MB hwm=3972MB
RSS_SAMPLE t=258.7s rss=3972MB hwm=3972MB
RSS_SAMPLE t=258.9s rss=3972MB hwm=3972MB
RSS_SAMPLE t=259.2s rss=3972MB hwm=3972MB
RSS_SAMPLE t=259.4s rss=3973MB hwm=3973MB
RSS_SAMPLE t=259.7s rss=3973MB hwm=3973MB
RSS_SAMPLE t=259.9s rss=3973MB hwm=3973MB
RSS_SAMPLE t=260.2s rss=3973MB hwm=3973MB
RSS_SAMPLE t=260.4s rss=3973MB hwm=3973MB
RSS_SAMPLE t=260.7s rss=3973MB hwm=3973MB
RSS_SAMPLE t=260.9s rss=3974MB hwm=3974MB
RSS_SAMPLE t=261.2s rss=3974MB hwm=3974MB
RSS_SAMPLE t=261.4s rss=3975MB hwm=3975MB
RSS_SAMPLE t=261.7s rss=3975MB hwm=3975MB
RSS_SAMPLE t=261.9s rss=3975MB hwm=3975MB
RSS_SAMPLE t=262.2s rss=3975MB hwm=3975MB
RSS_SAMPLE t=262.4s rss=3975MB hwm=3975MB
RSS_SAMPLE t=262.7s rss=3975MB hwm=3975MB
RSS_SAMPLE t=262.9s rss=3975MB hwm=3975MB
RSS_SAMPLE t=263.2s rss=3976MB hwm=3976MB
RSS_SAMPLE t=263.4s rss=3976MB hwm=3976MB
RSS_SAMPLE t=263.7s rss=3976MB hwm=3976MB
RSS_SAMPLE t=263.9s rss=3976MB hwm=3976MB
RSS_SAMPLE t=264.2s rss=3976MB hwm=3976MB
RSS_SAMPLE t=264.4s rss=3977MB hwm=3977MB
RSS_SAMPLE t=264.7s rss=3977MB hwm=3977MB
RSS_SAMPLE t=264.9s rss=3977MB hwm=3977MB
RSS_SAMPLE t=265.2s rss=3977MB hwm=3977MB
RSS_SAMPLE t=265.4s rss=3978MB hwm=3978MB
RSS_SAMPLE t=265.7s rss=3978MB hwm=3978MB
RSS_SAMPLE t=265.9s rss=3978MB hwm=3978MB
RSS_SAMPLE t=266.2s rss=3978MB hwm=3978MB
RSS_SAMPLE t=266.4s rss=3978MB hwm=3978MB
RSS_SAMPLE t=266.7s rss=3979MB hwm=3979MB
RSS_SAMPLE t=266.9s rss=3979MB hwm=3979MB
RSS_SAMPLE t=267.2s rss=3979MB hwm=3979MB
RSS_SAMPLE t=267.4s rss=3979MB hwm=3979MB
RSS_SAMPLE t=267.7s rss=3979MB hwm=3979MB
RSS_SAMPLE t=268.0s rss=3979MB hwm=3979MB
RSS_SAMPLE t=268.2s rss=3979MB hwm=3979MB
RSS_SAMPLE t=268.5s rss=3979MB hwm=3979MB
RSS_SAMPLE t=268.7s rss=3979MB hwm=3979MB
RSS_SAMPLE t=269.0s rss=3980MB hwm=3980MB
RSS_SAMPLE t=269.2s rss=3980MB hwm=3980MB
RSS_SAMPLE t=269.5s rss=3980MB hwm=3980MB
RSS_SAMPLE t=269.7s rss=3980MB hwm=3980MB
RSS_SAMPLE t=270.0s rss=3981MB hwm=3981MB
RSS_SAMPLE t=270.2s rss=3981MB hwm=3981MB
RSS_SAMPLE t=270.5s rss=3981MB hwm=3981MB
RSS_SAMPLE t=270.7s rss=3982MB hwm=3982MB
RSS_SAMPLE t=271.0s rss=3982MB hwm=3982MB
RSS_SAMPLE t=271.2s rss=3982MB hwm=3982MB
RSS_SAMPLE t=271.5s rss=3982MB hwm=3982MB
RSS_SAMPLE t=271.7s rss=3982MB hwm=3982MB
RSS_SAMPLE t=272.0s rss=3982MB hwm=3982MB
RSS_SAMPLE t=272.2s rss=3982MB hwm=3982MB
RSS_SAMPLE t=272.5s rss=3983MB hwm=3983MB
RSS_SAMPLE t=272.7s rss=3983MB hwm=3983MB
RSS_SAMPLE t=273.0s rss=3983MB hwm=3983MB
RSS_SAMPLE t=273.2s rss=3983MB hwm=3983MB
RSS_SAMPLE t=273.5s rss=3984MB hwm=3984MB
RSS_SAMPLE t=273.7s rss=3984MB hwm=3984MB
RSS_SAMPLE t=274.0s rss=3984MB hwm=3984MB
RSS_SAMPLE t=274.2s rss=3984MB hwm=3984MB
RSS_SAMPLE t=274.5s rss=3985MB hwm=3985MB
RSS_SAMPLE t=274.7s rss=3985MB hwm=3985MB
RSS_SAMPLE t=275.0s rss=3985MB hwm=3985MB
RSS_SAMPLE t=275.2s rss=3985MB hwm=3985MB
RSS_SAMPLE t=275.5s rss=3985MB hwm=3985MB
RSS_SAMPLE t=275.7s rss=3985MB hwm=3985MB
RSS_SAMPLE t=276.0s rss=3986MB hwm=3986MB
RSS_SAMPLE t=276.2s rss=3986MB hwm=3986MB
RSS_SAMPLE t=276.5s rss=3986MB hwm=3986MB
RSS_SAMPLE t=276.7s rss=3986MB hwm=3986MB
RSS_SAMPLE t=277.0s rss=3986MB hwm=3986MB
RSS_SAMPLE t=277.2s rss=3986MB hwm=3986MB
RSS_SAMPLE t=277.5s rss=3986MB hwm=3986MB
RSS_SAMPLE t=277.7s rss=3987MB hwm=3987MB
RSS_SAMPLE t=278.0s rss=3987MB hwm=3987MB
RSS_SAMPLE t=278.2s rss=3987MB hwm=3987MB
RSS_SAMPLE t=278.5s rss=3987MB hwm=3987MB
RSS_SAMPLE t=278.7s rss=3987MB hwm=3987MB
RSS_SAMPLE t=279.0s rss=3988MB hwm=3988MB
RSS_SAMPLE t=279.2s rss=3988MB hwm=3988MB
RSS_SAMPLE t=279.5s rss=3988MB hwm=3988MB
RSS_SAMPLE t=279.7s rss=3988MB hwm=3988MB
RSS_SAMPLE t=280.0s rss=3988MB hwm=3988MB
RSS_SAMPLE t=280.2s rss=3989MB hwm=3989MB
RSS_SAMPLE t=280.5s rss=3989MB hwm=3989MB
RSS_SAMPLE t=280.7s rss=3989MB hwm=3989MB
RSS_SAMPLE t=281.0s rss=3989MB hwm=3989MB
RSS_SAMPLE t=281.2s rss=3990MB hwm=3990MB
RSS_SAMPLE t=281.5s rss=3990MB hwm=3990MB
RSS_SAMPLE t=281.7s rss=3990MB hwm=3990MB
RSS_SAMPLE t=282.0s rss=3990MB hwm=3990MB
RSS_SAMPLE t=282.2s rss=3990MB hwm=3990MB
RSS_SAMPLE t=282.5s rss=3990MB hwm=3990MB
RSS_SAMPLE t=282.7s rss=3990MB hwm=3990MB
RSS_SAMPLE t=283.0s rss=3990MB hwm=3990MB
RSS_SAMPLE t=283.2s rss=3990MB hwm=3990MB
RSS_SAMPLE t=283.5s rss=3991MB hwm=3991MB
RSS_SAMPLE t=283.7s rss=3991MB hwm=3991MB
RSS_SAMPLE t=284.0s rss=3991MB hwm=3991MB
RSS_SAMPLE t=284.2s rss=3991MB hwm=3991MB
RSS_SAMPLE t=284.5s rss=3991MB hwm=3991MB
RSS_SAMPLE t=284.7s rss=3991MB hwm=3991MB
RSS_SAMPLE t=285.0s rss=3991MB hwm=3991MB
RSS_SAMPLE t=285.3s rss=3992MB hwm=3992MB
RSS_SAMPLE t=285.5s rss=3992MB hwm=3992MB
RSS_SAMPLE t=285.8s rss=3992MB hwm=3992MB
RSS_SAMPLE t=286.0s rss=3992MB hwm=3992MB
RSS_SAMPLE t=286.3s rss=3992MB hwm=3992MB
RSS_SAMPLE t=286.5s rss=3993MB hwm=3993MB
RSS_SAMPLE t=286.8s rss=3993MB hwm=3993MB
RSS_SAMPLE t=287.0s rss=3993MB hwm=3993MB
RSS_SAMPLE t=287.3s rss=3993MB hwm=3993MB
RSS_SAMPLE t=287.5s rss=3993MB hwm=3993MB
RSS_SAMPLE t=287.8s rss=3993MB hwm=3993MB
RSS_SAMPLE t=288.0s rss=3994MB hwm=3994MB
RSS_SAMPLE t=288.3s rss=3994MB hwm=3994MB
RSS_SAMPLE t=288.5s rss=3994MB hwm=3994MB
RSS_SAMPLE t=288.8s rss=3994MB hwm=3994MB
RSS_SAMPLE t=289.0s rss=3994MB hwm=3994MB
RSS_SAMPLE t=289.3s rss=3995MB hwm=3995MB
RSS_SAMPLE t=289.5s rss=3995MB hwm=3995MB
RSS_SAMPLE t=289.8s rss=3995MB hwm=3995MB
RSS_SAMPLE t=290.0s rss=3996MB hwm=3996MB
RSS_SAMPLE t=290.3s rss=3996MB hwm=3996MB
RSS_SAMPLE t=290.5s rss=3996MB hwm=3996MB
RSS_SAMPLE t=290.8s rss=3996MB hwm=3996MB
RSS_SAMPLE t=291.0s rss=3997MB hwm=3997MB
RSS_SAMPLE t=291.3s rss=3997MB hwm=3997MB
RSS_SAMPLE t=291.5s rss=3997MB hwm=3997MB
RSS_SAMPLE t=291.8s rss=3997MB hwm=3997MB
RSS_SAMPLE t=292.0s rss=3997MB hwm=3997MB
RSS_SAMPLE t=292.3s rss=3998MB hwm=3998MB
RSS_SAMPLE t=292.5s rss=3998MB hwm=3998MB
RSS_SAMPLE t=292.8s rss=3998MB hwm=3998MB
RSS_SAMPLE t=293.0s rss=3998MB hwm=3998MB
RSS_SAMPLE t=293.3s rss=3998MB hwm=3998MB
RSS_SAMPLE t=293.5s rss=3998MB hwm=3998MB
RSS_SAMPLE t=293.8s rss=3998MB hwm=3998MB
RSS_SAMPLE t=294.0s rss=3999MB hwm=3999MB
RSS_SAMPLE t=294.3s rss=3999MB hwm=3999MB
RSS_SAMPLE t=294.5s rss=3999MB hwm=3999MB
RSS_SAMPLE t=294.8s rss=3999MB hwm=3999MB
RSS_SAMPLE t=295.0s rss=3999MB hwm=3999MB
RSS_SAMPLE t=295.3s rss=3999MB hwm=3999MB
RSS_SAMPLE t=295.5s rss=3999MB hwm=3999MB
RSS_SAMPLE t=295.8s rss=3999MB hwm=3999MB
RSS_SAMPLE t=296.0s rss=4000MB hwm=4000MB
RSS_SAMPLE t=296.3s rss=4000MB hwm=4000MB
RSS_SAMPLE t=296.5s rss=4000MB hwm=4000MB
RSS_SAMPLE t=296.8s rss=4000MB hwm=4000MB
RSS_SAMPLE t=297.0s rss=4000MB hwm=4000MB
RSS_SAMPLE t=297.3s rss=4000MB hwm=4000MB
RSS_SAMPLE t=297.5s rss=4001MB hwm=4001MB
RSS_SAMPLE t=297.8s rss=4001MB hwm=4001MB
RSS_SAMPLE t=298.0s rss=4001MB hwm=4001MB
RSS_SAMPLE t=298.3s rss=4001MB hwm=4001MB
RSS_SAMPLE t=298.5s rss=4001MB hwm=4001MB
RSS_SAMPLE t=298.8s rss=4002MB hwm=4002MB
RSS_SAMPLE t=299.0s rss=4002MB hwm=4002MB
RSS_SAMPLE t=299.3s rss=4002MB hwm=4002MB
RSS_SAMPLE t=299.5s rss=4002MB hwm=4002MB
RSS_SAMPLE t=299.8s rss=4002MB hwm=4002MB
RSS_SAMPLE t=300.0s rss=4002MB hwm=4002MB
RSS_SAMPLE t=300.3s rss=4003MB hwm=4003MB
RSS_SAMPLE t=300.5s rss=4003MB hwm=4003MB
RSS_SAMPLE t=300.8s rss=4003MB hwm=4003MB
RSS_SAMPLE t=301.0s rss=4003MB hwm=4003MB
RSS_SAMPLE t=301.3s rss=4003MB hwm=4003MB
RSS_SAMPLE t=301.5s rss=4004MB hwm=4004MB
RSS_SAMPLE t=301.8s rss=4004MB hwm=4004MB
RSS_SAMPLE t=302.0s rss=4004MB hwm=4004MB
RSS_SAMPLE t=302.3s rss=4004MB hwm=4004MB
RSS_SAMPLE t=302.5s rss=4004MB hwm=4004MB
RSS_SAMPLE t=302.8s rss=4004MB hwm=4004MB
RSS_SAMPLE t=303.0s rss=4004MB hwm=4004MB
RSS_SAMPLE t=303.3s rss=4004MB hwm=4004MB
RSS_SAMPLE t=303.5s rss=4004MB hwm=4004MB
RSS_SAMPLE t=303.8s rss=4004MB hwm=4004MB
RSS_SAMPLE t=304.0s rss=4005MB hwm=4005MB
RSS_SAMPLE t=304.3s rss=4005MB hwm=4005MB
RSS_SAMPLE t=304.5s rss=4005MB hwm=4005MB
RSS_SAMPLE t=304.8s rss=4005MB hwm=4005MB
RSS_SAMPLE t=305.0s rss=4005MB hwm=4005MB
RSS_SAMPLE t=305.3s rss=4005MB hwm=4005MB
RSS_SAMPLE t=305.5s rss=4005MB hwm=4005MB
RSS_SAMPLE t=305.8s rss=4005MB hwm=4005MB
RSS_SAMPLE t=306.1s rss=4006MB hwm=4006MB
RSS_SAMPLE t=306.3s rss=4006MB hwm=4006MB
RSS_SAMPLE t=306.6s rss=4006MB hwm=4006MB
RSS_SAMPLE t=306.8s rss=4006MB hwm=4006MB
RSS_SAMPLE t=307.1s rss=4006MB hwm=4006MB
RSS_SAMPLE t=307.3s rss=4006MB hwm=4006MB
RSS_SAMPLE t=307.6s rss=4006MB hwm=4006MB
RSS_SAMPLE t=307.8s rss=4007MB hwm=4007MB
RSS_SAMPLE t=308.1s rss=4007MB hwm=4007MB
RSS_SAMPLE t=308.3s rss=4007MB hwm=4007MB
RSS_SAMPLE t=308.6s rss=4007MB hwm=4007MB
RSS_SAMPLE t=308.8s rss=4008MB hwm=4008MB
RSS_SAMPLE t=309.1s rss=4008MB hwm=4008MB
RSS_SAMPLE t=309.3s rss=4008MB hwm=4008MB
RSS_SAMPLE t=309.6s rss=4008MB hwm=4008MB
RSS_SAMPLE t=309.8s rss=4008MB hwm=4008MB
RSS_SAMPLE t=310.1s rss=4008MB hwm=4008MB
RSS_SAMPLE t=310.3s rss=4008MB hwm=4008MB
RSS_SAMPLE t=310.6s rss=4008MB hwm=4008MB
RSS_SAMPLE t=310.8s rss=4008MB hwm=4008MB
RSS_SAMPLE t=311.1s rss=4009MB hwm=4009MB
RSS_SAMPLE t=311.3s rss=4009MB hwm=4009MB
RSS_SAMPLE t=311.6s rss=4009MB hwm=4009MB
RSS_SAMPLE t=311.8s rss=4009MB hwm=4009MB
RSS_SAMPLE t=312.1s rss=4009MB hwm=4009MB
RSS_SAMPLE t=312.3s rss=4009MB hwm=4009MB
RSS_SAMPLE t=312.6s rss=4009MB hwm=4009MB
RSS_SAMPLE t=312.8s rss=4009MB hwm=4009MB
RSS_SAMPLE t=313.1s rss=4010MB hwm=4010MB
RSS_SAMPLE t=313.3s rss=4010MB hwm=4010MB
RSS_SAMPLE t=313.6s rss=4010MB hwm=4010MB
RSS_SAMPLE t=313.8s rss=4010MB hwm=4010MB
RSS_SAMPLE t=314.1s rss=4010MB hwm=4010MB
RSS_SAMPLE t=314.3s rss=4010MB hwm=4010MB
RSS_SAMPLE t=314.6s rss=4011MB hwm=4011MB
RSS_SAMPLE t=314.8s rss=4011MB hwm=4011MB
RSS_SAMPLE t=315.1s rss=4011MB hwm=4011MB
RSS_SAMPLE t=315.3s rss=4011MB hwm=4011MB
RSS_SAMPLE t=315.6s rss=4011MB hwm=4011MB
RSS_SAMPLE t=315.8s rss=4012MB hwm=4012MB
RSS_SAMPLE t=316.1s rss=4012MB hwm=4012MB
RSS_SAMPLE t=316.3s rss=4012MB hwm=4012MB
RSS_SAMPLE t=316.6s rss=4012MB hwm=4012MB
RSS_SAMPLE t=316.8s rss=4012MB hwm=4012MB
RSS_SAMPLE t=317.1s rss=4012MB hwm=4012MB
RSS_SAMPLE t=317.3s rss=4012MB hwm=4012MB
RSS_SAMPLE t=317.6s rss=4012MB hwm=4012MB
RSS_SAMPLE t=317.8s rss=4012MB hwm=4012MB
RSS_SAMPLE t=318.1s rss=4013MB hwm=4013MB
RSS_SAMPLE t=318.3s rss=4013MB hwm=4013MB
RSS_SAMPLE t=318.6s rss=4013MB hwm=4013MB
RSS_SAMPLE t=318.8s rss=4014MB hwm=4014MB
RSS_SAMPLE t=319.1s rss=4014MB hwm=4014MB
RSS_SAMPLE t=319.3s rss=4014MB hwm=4014MB
RSS_SAMPLE t=319.6s rss=4014MB hwm=4014MB
RSS_SAMPLE t=319.8s rss=4014MB hwm=4014MB
RSS_SAMPLE t=320.1s rss=4014MB hwm=4014MB
RSS_SAMPLE t=320.3s rss=4014MB hwm=4014MB
RSS_SAMPLE t=320.6s rss=4015MB hwm=4015MB
RSS_SAMPLE t=320.8s rss=4015MB hwm=4015MB
RSS_SAMPLE t=321.1s rss=4015MB hwm=4015MB
RSS_SAMPLE t=321.3s rss=4015MB hwm=4015MB
RSS_SAMPLE t=321.6s rss=4015MB hwm=4015MB
RSS_SAMPLE t=321.8s rss=4015MB hwm=4015MB
RSS_SAMPLE t=322.1s rss=4016MB hwm=4016MB
RSS_SAMPLE t=322.3s rss=4016MB hwm=4016MB
RSS_SAMPLE t=322.6s rss=4017MB hwm=4017MB
RSS_SAMPLE t=322.8s rss=4017MB hwm=4017MB
RSS_SAMPLE t=323.1s rss=4018MB hwm=4018MB
RSS_SAMPLE t=323.3s rss=4018MB hwm=4018MB
RSS_SAMPLE t=323.6s rss=4018MB hwm=4018MB
RSS_SAMPLE t=323.8s rss=4018MB hwm=4018MB
RSS_SAMPLE t=324.1s rss=4018MB hwm=4018MB
RSS_SAMPLE t=324.3s rss=4018MB hwm=4018MB
RSS_SAMPLE t=324.6s rss=4018MB hwm=4018MB
RSS_SAMPLE t=324.8s rss=4018MB hwm=4018MB
RSS_SAMPLE t=325.1s rss=4018MB hwm=4018MB
RSS_SAMPLE t=325.3s rss=4019MB hwm=4019MB
RSS_SAMPLE t=325.6s rss=4019MB hwm=4019MB
RSS_SAMPLE t=325.8s rss=4019MB hwm=4019MB
RSS_SAMPLE t=326.1s rss=4019MB hwm=4019MB
RSS_SAMPLE t=326.3s rss=4020MB hwm=4020MB
RSS_SAMPLE t=326.6s rss=4020MB hwm=4020MB
RSS_SAMPLE t=326.8s rss=4020MB hwm=4020MB
RSS_SAMPLE t=327.1s rss=4021MB hwm=4021MB
RSS_SAMPLE t=327.4s rss=4021MB hwm=4021MB
RSS_SAMPLE t=327.6s rss=4021MB hwm=4021MB
RSS_SAMPLE t=327.9s rss=4021MB hwm=4021MB
RSS_SAMPLE t=328.1s rss=4022MB hwm=4022MB
RSS_SAMPLE t=328.4s rss=4022MB hwm=4022MB
RSS_SAMPLE t=328.6s rss=4023MB hwm=4023MB
RSS_SAMPLE t=328.9s rss=4023MB hwm=4023MB
RSS_SAMPLE t=329.1s rss=4024MB hwm=4024MB
RSS_SAMPLE t=329.4s rss=4024MB hwm=4024MB
RSS_SAMPLE t=329.6s rss=4024MB hwm=4024MB
RSS_SAMPLE t=329.9s rss=4024MB hwm=4024MB
RSS_SAMPLE t=330.1s rss=4025MB hwm=4025MB
RSS_SAMPLE t=330.4s rss=4025MB hwm=4025MB
RSS_SAMPLE t=330.6s rss=4025MB hwm=4025MB
RSS_SAMPLE t=330.9s rss=4025MB hwm=4025MB
RSS_SAMPLE t=331.1s rss=4026MB hwm=4026MB
RSS_SAMPLE t=331.4s rss=4026MB hwm=4026MB
RSS_SAMPLE t=331.6s rss=4027MB hwm=4027MB
RSS_SAMPLE t=331.9s rss=4027MB hwm=4027MB
RSS_SAMPLE t=332.1s rss=4027MB hwm=4027MB
RSS_SAMPLE t=332.4s rss=4027MB hwm=4027MB
RSS_SAMPLE t=332.6s rss=4027MB hwm=4027MB
RSS_SAMPLE t=332.9s rss=4028MB hwm=4028MB
RSS_SAMPLE t=333.1s rss=4028MB hwm=4028MB
RSS_SAMPLE t=333.4s rss=4028MB hwm=4028MB
RSS_SAMPLE t=333.6s rss=4028MB hwm=4028MB
RSS_SAMPLE t=333.9s rss=4028MB hwm=4028MB
RSS_SAMPLE t=334.1s rss=4028MB hwm=4028MB
RSS_SAMPLE t=334.4s rss=4029MB hwm=4029MB
RSS_SAMPLE t=334.6s rss=4029MB hwm=4029MB
RSS_SAMPLE t=334.9s rss=4029MB hwm=4029MB
RSS_SAMPLE t=335.1s rss=4029MB hwm=4029MB
RSS_SAMPLE t=335.4s rss=4030MB hwm=4030MB
RSS_SAMPLE t=335.6s rss=4030MB hwm=4030MB
RSS_SAMPLE t=335.9s rss=4030MB hwm=4030MB
RSS_SAMPLE t=336.1s rss=4031MB hwm=4031MB
RSS_SAMPLE t=336.4s rss=4031MB hwm=4031MB
RSS_SAMPLE t=336.6s rss=4031MB hwm=4031MB
RSS_SAMPLE t=336.9s rss=4032MB hwm=4032MB
RSS_SAMPLE t=337.1s rss=4032MB hwm=4032MB
RSS_SAMPLE t=337.4s rss=4032MB hwm=4032MB
RSS_SAMPLE t=337.6s rss=4032MB hwm=4032MB
RSS_SAMPLE t=337.9s rss=4032MB hwm=4032MB
RSS_SAMPLE t=338.1s rss=4033MB hwm=4033MB
RSS_SAMPLE t=338.4s rss=4033MB hwm=4033MB
RSS_SAMPLE t=338.6s rss=4033MB hwm=4033MB
RSS_SAMPLE t=338.9s rss=4034MB hwm=4034MB
RSS_SAMPLE t=339.1s rss=4034MB hwm=4034MB
RSS_SAMPLE t=339.4s rss=4035MB hwm=4035MB
RSS_SAMPLE t=339.6s rss=4035MB hwm=4035MB
RSS_SAMPLE t=339.9s rss=4035MB hwm=4035MB
RSS_SAMPLE t=340.1s rss=4035MB hwm=4035MB
RSS_SAMPLE t=340.4s rss=4035MB hwm=4035MB
RSS_SAMPLE t=340.6s rss=4036MB hwm=4036MB
RSS_SAMPLE t=340.9s rss=4036MB hwm=4036MB
RSS_SAMPLE t=341.1s rss=4036MB hwm=4036MB
RSS_SAMPLE t=341.4s rss=4037MB hwm=4037MB
RSS_SAMPLE t=341.6s rss=4037MB hwm=4037MB
RSS_SAMPLE t=341.9s rss=4037MB hwm=4037MB
RSS_SAMPLE t=342.1s rss=4037MB hwm=4037MB
RSS_SAMPLE t=342.4s rss=4038MB hwm=4038MB
RSS_SAMPLE t=342.6s rss=4038MB hwm=4038MB
RSS_SAMPLE t=342.9s rss=4038MB hwm=4038MB
RSS_SAMPLE t=343.1s rss=4038MB hwm=4038MB
RSS_SAMPLE t=343.4s rss=4039MB hwm=4039MB
RSS_SAMPLE t=343.6s rss=4039MB hwm=4039MB
RSS_SAMPLE t=343.9s rss=4040MB hwm=4040MB
RSS_SAMPLE t=344.1s rss=4040MB hwm=4040MB
RSS_SAMPLE t=344.4s rss=4041MB hwm=4041MB
RSS_SAMPLE t=344.6s rss=4041MB hwm=4041MB
RSS_SAMPLE t=344.9s rss=4041MB hwm=4041MB
RSS_SAMPLE t=345.1s rss=4042MB hwm=4042MB
RSS_SAMPLE t=345.4s rss=4042MB hwm=4042MB
RSS_SAMPLE t=345.6s rss=4042MB hwm=4042MB
RSS_SAMPLE t=345.9s rss=4043MB hwm=4043MB
RSS_SAMPLE t=346.1s rss=4043MB hwm=4043MB
RSS_SAMPLE t=346.4s rss=4044MB hwm=4044MB
RSS_SAMPLE t=346.6s rss=4044MB hwm=4044MB
RSS_SAMPLE t=346.9s rss=4044MB hwm=4044MB
RSS_SAMPLE t=347.1s rss=4044MB hwm=4044MB
RSS_SAMPLE t=347.4s rss=4045MB hwm=4045MB
RSS_SAMPLE t=347.6s rss=4045MB hwm=4045MB
RSS_SAMPLE t=347.9s rss=4046MB hwm=4046MB
RSS_SAMPLE t=348.1s rss=4046MB hwm=4046MB
RSS_SAMPLE t=348.4s rss=4047MB hwm=4047MB
RSS_SAMPLE t=348.6s rss=4047MB hwm=4047MB
RSS_SAMPLE t=348.9s rss=4048MB hwm=4048MB
RSS_SAMPLE t=349.1s rss=4049MB hwm=4049MB
RSS_SAMPLE t=349.4s rss=4049MB hwm=4049MB
RSS_SAMPLE t=349.7s rss=4049MB hwm=4049MB
RSS_SAMPLE t=349.9s rss=4050MB hwm=4050MB
RSS_SAMPLE t=350.2s rss=4051MB hwm=4051MB
RSS_SAMPLE t=350.4s rss=4051MB hwm=4051MB
RSS_SAMPLE t=350.7s rss=4051MB hwm=4051MB
RSS_SAMPLE t=350.9s rss=4051MB hwm=4051MB
RSS_SAMPLE t=351.2s rss=4051MB hwm=4051MB
RSS_SAMPLE t=351.4s rss=4052MB hwm=4052MB
RSS_SAMPLE t=351.7s rss=4052MB hwm=4052MB
RSS_SAMPLE t=351.9s rss=4053MB hwm=4053MB
RSS_SAMPLE t=352.2s rss=4054MB hwm=4054MB
RSS_SAMPLE t=352.4s rss=4054MB hwm=4054MB
RSS_SAMPLE t=352.7s rss=4054MB hwm=4054MB
RSS_SAMPLE t=352.9s rss=4054MB hwm=4054MB
RSS_SAMPLE t=353.2s rss=4055MB hwm=4055MB
RSS_SAMPLE t=353.4s rss=4055MB hwm=4055MB
RSS_SAMPLE t=353.7s rss=4055MB hwm=4055MB
RSS_SAMPLE t=353.9s rss=4056MB hwm=4056MB
RSS_SAMPLE t=354.2s rss=4056MB hwm=4056MB
RSS_SAMPLE t=354.4s rss=4057MB hwm=4057MB
RSS_SAMPLE t=354.7s rss=4057MB hwm=4057MB
RSS_SAMPLE t=354.9s rss=4057MB hwm=4057MB
RSS_SAMPLE t=355.2s rss=4058MB hwm=4058MB
RSS_SAMPLE t=355.4s rss=4058MB hwm=4058MB
RSS_SAMPLE t=355.7s rss=4058MB hwm=4058MB
RSS_SAMPLE t=355.9s rss=4059MB hwm=4059MB
RSS_SAMPLE t=356.2s rss=4059MB hwm=4059MB
RSS_SAMPLE t=356.4s rss=4059MB hwm=4059MB
RSS_SAMPLE t=356.7s rss=4059MB hwm=4059MB
RSS_SAMPLE t=356.9s rss=4060MB hwm=4060MB
RSS_SAMPLE t=357.2s rss=4060MB hwm=4060MB
RSS_SAMPLE t=357.4s rss=4060MB hwm=4060MB
RSS_SAMPLE t=357.7s rss=4061MB hwm=4061MB
RSS_SAMPLE t=357.9s rss=4061MB hwm=4061MB
RSS_SAMPLE t=358.2s rss=4062MB hwm=4062MB
RSS_SAMPLE t=358.4s rss=4062MB hwm=4062MB
RSS_SAMPLE t=358.7s rss=4063MB hwm=4063MB
RSS_SAMPLE t=358.9s rss=4063MB hwm=4063MB
RSS_SAMPLE t=359.2s rss=4063MB hwm=4063MB
RSS_SAMPLE t=359.4s rss=4063MB hwm=4063MB
RSS_SAMPLE t=359.7s rss=4063MB hwm=4063MB
RSS_SAMPLE t=359.9s rss=4063MB hwm=4063MB
RSS_SAMPLE t=360.2s rss=4063MB hwm=4063MB
RSS_SAMPLE t=360.4s rss=4063MB hwm=4063MB
RSS_SAMPLE t=360.7s rss=4063MB hwm=4063MB
RSS_SAMPLE t=360.9s rss=4063MB hwm=4063MB
RSS_SAMPLE t=361.2s rss=4063MB hwm=4063MB
RSS_SAMPLE t=361.4s rss=4063MB hwm=4063MB
RSS_SAMPLE t=361.7s rss=4063MB hwm=4063MB
RSS_SAMPLE t=361.9s rss=4063MB hwm=4063MB
RSS_SAMPLE t=362.2s rss=4063MB hwm=4063MB
RSS_SAMPLE t=362.4s rss=4064MB hwm=4064MB
RSS_SAMPLE t=362.7s rss=4064MB hwm=4064MB
RSS_SAMPLE t=362.9s rss=4064MB hwm=4064MB
RSS_SAMPLE t=363.2s rss=4064MB hwm=4064MB
RSS_SAMPLE t=363.4s rss=4064MB hwm=4064MB
RSS_SAMPLE t=363.7s rss=4064MB hwm=4064MB
RSS_SAMPLE t=363.9s rss=4064MB hwm=4064MB
RSS_SAMPLE t=364.2s rss=4064MB hwm=4064MB
RSS_SAMPLE t=364.4s rss=4064MB hwm=4064MB
RSS_SAMPLE t=364.7s rss=4064MB hwm=4064MB
RSS_SAMPLE t=364.9s rss=4064MB hwm=4064MB
RSS_SAMPLE t=365.2s rss=4064MB hwm=4064MB
RSS_SAMPLE t=365.4s rss=4064MB hwm=4064MB
RSS_SAMPLE t=365.7s rss=4064MB hwm=4064MB
RSS_SAMPLE t=365.9s rss=4064MB hwm=4064MB
RSS_SAMPLE t=366.2s rss=4064MB hwm=4064MB
RSS_SAMPLE t=366.4s rss=4065MB hwm=4065MB
RSS_SAMPLE t=366.7s rss=4065MB hwm=4065MB
RSS_SAMPLE t=366.9s rss=4065MB hwm=4065MB
RSS_SAMPLE t=367.2s rss=4065MB hwm=4065MB
RSS_SAMPLE t=367.4s rss=4065MB hwm=4065MB
RSS_SAMPLE t=367.7s rss=4065MB hwm=4065MB
RSS_SAMPLE t=367.9s rss=4065MB hwm=4065MB
RSS_SAMPLE t=368.2s rss=4065MB hwm=4065MB
RSS_SAMPLE t=368.4s rss=4065MB hwm=4065MB
RSS_SAMPLE t=368.7s rss=4065MB hwm=4065MB
RSS_SAMPLE t=368.9s rss=4065MB hwm=4065MB
RSS_SAMPLE t=369.2s rss=4066MB hwm=4066MB
RSS_SAMPLE t=369.4s rss=4066MB hwm=4066MB
RSS_SAMPLE t=369.7s rss=4066MB hwm=4066MB
RSS_SAMPLE t=369.9s rss=4066MB hwm=4066MB
RSS_SAMPLE t=370.2s rss=4066MB hwm=4066MB
RSS_SAMPLE t=370.4s rss=4066MB hwm=4066MB
RSS_SAMPLE t=370.7s rss=4066MB hwm=4066MB
RSS_SAMPLE t=370.9s rss=4066MB hwm=4066MB
RSS_SAMPLE t=371.2s rss=4066MB hwm=4066MB
RSS_SAMPLE t=371.4s rss=4066MB hwm=4066MB
RSS_SAMPLE t=371.7s rss=4066MB hwm=4066MB
RSS_SAMPLE t=371.9s rss=4066MB hwm=4066MB
RSS_SAMPLE t=372.2s rss=4066MB hwm=4066MB
RSS_SAMPLE t=372.4s rss=4066MB hwm=4066MB
RSS_SAMPLE t=372.7s rss=4066MB hwm=4066MB
RSS_SAMPLE t=372.9s rss=4066MB hwm=4066MB
RSS_SAMPLE t=373.2s rss=4066MB hwm=4066MB
RSS_SAMPLE t=373.4s rss=4066MB hwm=4066MB
RSS_SAMPLE t=373.7s rss=4066MB hwm=4066MB
RSS_SAMPLE t=373.9s rss=4066MB hwm=4066MB
RSS_SAMPLE t=374.2s rss=4067MB hwm=4067MB
RSS_SAMPLE t=374.4s rss=4067MB hwm=4067MB
RSS_SAMPLE t=374.7s rss=4067MB hwm=4067MB
RSS_SAMPLE t=374.9s rss=4067MB hwm=4067MB
RSS_SAMPLE t=375.2s rss=4067MB hwm=4067MB
RSS_SAMPLE t=375.4s rss=4067MB hwm=4067MB
RSS_SAMPLE t=375.7s rss=4067MB hwm=4067MB
RSS_SAMPLE t=375.9s rss=4067MB hwm=4067MB
RSS_SAMPLE t=376.2s rss=4067MB hwm=4067MB
RSS_SAMPLE t=376.4s rss=4067MB hwm=4067MB
RSS_SAMPLE t=376.7s rss=4067MB hwm=4067MB
RSS_SAMPLE t=376.9s rss=4068MB hwm=4068MB
RSS_SAMPLE t=377.2s rss=4068MB hwm=4068MB
RSS_SAMPLE t=377.4s rss=4068MB hwm=4068MB
RSS_SAMPLE t=377.7s rss=4068MB hwm=4068MB
RSS_SAMPLE t=377.9s rss=4068MB hwm=4068MB
RSS_SAMPLE t=378.2s rss=4068MB hwm=4068MB
RSS_SAMPLE t=378.4s rss=4068MB hwm=4068MB
RSS_SAMPLE t=378.7s rss=4068MB hwm=4068MB
RSS_SAMPLE t=378.9s rss=4068MB hwm=4068MB
RSS_SAMPLE t=379.2s rss=4068MB hwm=4068MB
RSS_SAMPLE t=379.4s rss=4068MB hwm=4068MB
RSS_SAMPLE t=379.7s rss=4068MB hwm=4068MB
RSS_SAMPLE t=379.9s rss=4069MB hwm=4069MB
RSS_SAMPLE t=380.2s rss=4069MB hwm=4069MB
RSS_SAMPLE t=380.4s rss=4069MB hwm=4069MB
RSS_SAMPLE t=380.7s rss=4069MB hwm=4069MB
RSS_SAMPLE t=380.9s rss=4069MB hwm=4069MB
RSS_SAMPLE t=381.2s rss=4069MB hwm=4069MB
RSS_SAMPLE t=381.4s rss=4069MB hwm=4069MB
RSS_SAMPLE t=381.7s rss=4069MB hwm=4069MB
RSS_SAMPLE t=381.9s rss=4069MB hwm=4069MB
RSS_SAMPLE t=382.2s rss=4069MB hwm=4069MB
RSS_SAMPLE t=382.4s rss=4070MB hwm=4070MB
RSS_SAMPLE t=382.7s rss=4070MB hwm=4070MB
RSS_SAMPLE t=382.9s rss=4070MB hwm=4070MB
RSS_SAMPLE t=383.2s rss=4070MB hwm=4070MB
RSS_SAMPLE t=383.4s rss=4070MB hwm=4070MB
RSS_SAMPLE t=383.7s rss=4070MB hwm=4070MB
RSS_SAMPLE t=383.9s rss=4070MB hwm=4070MB
RSS_SAMPLE t=384.2s rss=4070MB hwm=4070MB
RSS_SAMPLE t=384.4s rss=4070MB hwm=4070MB
RSS_SAMPLE t=384.7s rss=4070MB hwm=4070MB
RSS_SAMPLE t=384.9s rss=4070MB hwm=4070MB
RSS_SAMPLE t=385.2s rss=4071MB hwm=4071MB
RSS_SAMPLE t=385.4s rss=4071MB hwm=4071MB
RSS_SAMPLE t=385.7s rss=4071MB hwm=4071MB
RSS_SAMPLE t=385.9s rss=4071MB hwm=4071MB
RSS_SAMPLE t=386.2s rss=4071MB hwm=4071MB
MEM_POOL: workspaces=32 dense_usage_mb=1251 n_pipes=2562403
    post_solve_diag[outer=0]: solves=105117 cap_armed=105117 (100.0%) settle_avg=9381 above_sink_avg=228 (2.4%) settle_max=69353
    load_support[outer=0]: settle_avg=9381 load_nz_avg=5774 (61.5%) load_material_avg=2239 (23.9%)
    prune_ceiling[outer=0]: settle_avg=9381 heuristic_prunable_avg=4201 (44.8%) vs oracle_zero_load=38.5%
    settle_hist[outer=0]: <100: 25408nets/0.1%work  <1k: 22013nets/0.7%work  <5k: 23952nets/6.3%work  <20k: 14217nets/15.8%work  <60k: 17189nets/61.2%work  >=60k: 2338nets/15.7%work
    fanout_hist[outer=0]: fan1: 43710nets/13.4%work  fan2-4: 48279nets/50.8%work  fan5-16: 12974nets/35.0%work  fan17-64: 154nets/0.8%work  fan65-256: 0nets/0.0%work  fan>256: 0nets/0.0%work
    rss_probe[outer=0]: pre_post_solve=1938MB post_post_solve=4090MB after_apply=4091MB
MuxSlotTracker[sweep 0 LEAK]: populated_cells=59763, overflow_tiles=5, at_cap_tiles=1517, peak_excess=11, capacity_hist={16:67346}
    E_decomp: base=10426244.8 eff=10954477.0 cong=528232.3 cong_share=4.8% sat_pipes=174669 max_util=1142.28  R_buckets: 1-2x=2562403 2-10x=0 10-100x=0 >=100x=0
    E_potential: beckmann=14312237275341.0 history_total=0.0
    SpanCache: epoch=1 entries=110 lookups=2562403 hits=2562293 misses=110 hit_rate=100.0%
  DCD   0: nets=105117 line=17072682 energy=2323387.099 dE=+0.000 friction=4350392.9 bins=2.8x(1117) excess=567.0 moved=59576 disp=inf solves=210234 skip=0 pops=2073448511 theta=0.250 refresh=306982ms dcd=18378ms total=328069ms
    cache_stats: entries=52666944 capacity=88871412 est_mb=768 rss_mb=4075
RSS_SAMPLE t=386.4s rss=4076MB hwm=4086MB
RSS_SAMPLE t=386.7s rss=4076MB hwm=4086MB
RSS_SAMPLE t=386.9s rss=4076MB hwm=4086MB
RSS_SAMPLE t=387.2s rss=4076MB hwm=4086MB
RSS_SAMPLE t=387.4s rss=4076MB hwm=4086MB
RSS_SAMPLE t=387.7s rss=4076MB hwm=4086MB
RSS_SAMPLE t=387.9s rss=4076MB hwm=4086MB
RSS_SAMPLE t=388.2s rss=4076MB hwm=4086MB
RSS_SAMPLE t=388.4s rss=4076MB hwm=4086MB
RSS_SAMPLE t=388.7s rss=4076MB hwm=4086MB
RSS_SAMPLE t=388.9s rss=4076MB hwm=4086MB
RSS_SAMPLE t=389.2s rss=4076MB hwm=4086MB
RSS_SAMPLE t=389.4s rss=4076MB hwm=4086MB
RSS_SAMPLE t=389.7s rss=4076MB hwm=4086MB
RSS_SAMPLE t=389.9s rss=4076MB hwm=4086MB
    SwitchMatrix: type_usage_pairs=856 lookups=2516 hits=1660 dijkstra_calls=856 avg_us=45.6 total_ms=39.1
PHASE_MARK outer=1 enter=pre_solve rss=4076MB
    rss_probe[outer=1]: pre_refresh_rss=4076MB post_pre_solve_rss=4077MB cache_entries=52666944 cache_cap=88871412 cache_est_mb=768
    pre_solve_diag[outer=1]: solves=0 fallback=0 (0.0%) cap_armed=0 (0.0%) settle_avg=0 settle_max=0 init_count=161
    Overflow: over=150768 (5.9% of used) avg_excess=2.33 max_excess=1491.55 (nc=1515.55 cap=24 span=1)  excess_buckets: <=1=78661 1-5=56068 5-20=14604 >20=1435  by_cap: cap1=78287 cap2=46513 cap3-5=141 cap>5=25827  by_span: s1=1524 s2-3=1863 s4-6=15798 s7-12=51475 s>12=80108  le1_cross: cap1=50071 cap2-5=25347 cap>5=3243
    Congestion: pipes=2562403 used=2562403 congested(>50%)=359406 saturated(>90%)=174669 max_util=1142.28 avg_util=0.2973
PHASE_MARK outer=1 enter=dcd_sweep rss=4077MB
RSS_SAMPLE t=390.2s rss=4077MB hwm=4086MB
RSS_SAMPLE t=390.4s rss=4077MB hwm=4086MB
RSS_SAMPLE t=390.7s rss=4077MB hwm=4086MB
RSS_SAMPLE t=390.9s rss=4077MB hwm=4086MB
RSS_SAMPLE t=391.2s rss=4077MB hwm=4086MB
RSS_SAMPLE t=391.4s rss=4077MB hwm=4086MB
RSS_SAMPLE t=391.7s rss=4077MB hwm=4086MB
RSS_SAMPLE t=391.9s rss=4077MB hwm=4086MB
RSS_SAMPLE t=392.2s rss=4077MB hwm=4086MB
RSS_SAMPLE t=392.4s rss=4077MB hwm=4086MB
RSS_SAMPLE t=392.7s rss=4077MB hwm=4086MB
RSS_SAMPLE t=392.9s rss=4077MB hwm=4086MB
RSS_SAMPLE t=393.2s rss=4077MB hwm=4086MB
RSS_SAMPLE t=393.4s rss=4077MB hwm=4086MB
RSS_SAMPLE t=393.7s rss=4077MB hwm=4086MB
RSS_SAMPLE t=393.9s rss=4077MB hwm=4086MB
RSS_SAMPLE t=394.2s rss=4077MB hwm=4086MB
RSS_SAMPLE t=394.4s rss=4077MB hwm=4086MB
RSS_SAMPLE t=394.7s rss=4077MB hwm=4086MB
RSS_SAMPLE t=394.9s rss=4077MB hwm=4086MB
RSS_SAMPLE t=395.2s rss=4077MB hwm=4086MB
RSS_SAMPLE t=395.4s rss=4077MB hwm=4086MB
RSS_SAMPLE t=395.7s rss=4077MB hwm=4086MB
RSS_SAMPLE t=396.0s rss=4077MB hwm=4086MB
RSS_SAMPLE t=396.2s rss=4077MB hwm=4086MB
RSS_SAMPLE t=396.5s rss=4077MB hwm=4086MB
RSS_SAMPLE t=396.7s rss=4077MB hwm=4086MB
RSS_SAMPLE t=397.0s rss=4077MB hwm=4086MB
RSS_SAMPLE t=397.2s rss=4077MB hwm=4086MB
RSS_SAMPLE t=397.5s rss=4077MB hwm=4086MB
RSS_SAMPLE t=397.7s rss=4077MB hwm=4086MB
RSS_SAMPLE t=398.0s rss=4077MB hwm=4086MB
RSS_SAMPLE t=398.2s rss=4077MB hwm=4086MB
RSS_SAMPLE t=398.5s rss=4077MB hwm=4086MB
RSS_SAMPLE t=398.7s rss=4077MB hwm=4086MB
RSS_SAMPLE t=399.0s rss=4077MB hwm=4086MB
RSS_SAMPLE t=399.2s rss=4077MB hwm=4086MB
RSS_SAMPLE t=399.5s rss=4077MB hwm=4086MB
RSS_SAMPLE t=399.7s rss=4077MB hwm=4086MB
RSS_SAMPLE t=400.0s rss=4077MB hwm=4086MB
RSS_SAMPLE t=400.2s rss=4077MB hwm=4086MB
RSS_SAMPLE t=400.5s rss=4077MB hwm=4086MB
RSS_SAMPLE t=400.7s rss=4077MB hwm=4086MB
RSS_SAMPLE t=401.0s rss=4077MB hwm=4086MB
RSS_SAMPLE t=401.2s rss=4077MB hwm=4086MB
RSS_SAMPLE t=401.5s rss=4077MB hwm=4086MB
RSS_SAMPLE t=401.7s rss=4077MB hwm=4086MB
RSS_SAMPLE t=402.0s rss=4077MB hwm=4086MB
RSS_SAMPLE t=402.2s rss=4077MB hwm=4086MB
RSS_SAMPLE t=402.5s rss=4077MB hwm=4086MB
RSS_SAMPLE t=402.7s rss=4077MB hwm=4086MB
RSS_SAMPLE t=403.0s rss=4077MB hwm=4086MB
RSS_SAMPLE t=403.2s rss=4077MB hwm=4086MB
RSS_SAMPLE t=403.5s rss=4077MB hwm=4086MB
RSS_SAMPLE t=403.7s rss=4077MB hwm=4086MB
RSS_SAMPLE t=404.0s rss=4077MB hwm=4086MB
RSS_SAMPLE t=404.2s rss=4077MB hwm=4086MB
RSS_SAMPLE t=404.5s rss=4077MB hwm=4086MB
RSS_SAMPLE t=404.7s rss=4077MB hwm=4086MB
RSS_SAMPLE t=405.0s rss=4077MB hwm=4086MB
RSS_SAMPLE t=405.2s rss=4077MB hwm=4086MB
RSS_SAMPLE t=405.5s rss=4077MB hwm=4086MB
RSS_SAMPLE t=405.7s rss=4077MB hwm=4086MB
RSS_SAMPLE t=406.0s rss=4077MB hwm=4086MB
RSS_SAMPLE t=406.2s rss=4077MB hwm=4086MB
RSS_SAMPLE t=406.5s rss=4077MB hwm=4086MB
RSS_SAMPLE t=406.7s rss=4077MB hwm=4086MB
RSS_SAMPLE t=407.0s rss=4077MB hwm=4086MB
RSS_SAMPLE t=407.2s rss=4077MB hwm=4086MB
RSS_SAMPLE t=407.5s rss=4077MB hwm=4086MB
RSS_SAMPLE t=407.7s rss=4077MB hwm=4086MB
RSS_SAMPLE t=408.0s rss=4077MB hwm=4086MB
PHASE_MARK outer=1 leave=dcd_sweep rss=4077MB
PHASE_MARK outer=1 enter=post_refresh rss=4077MB
RSS_SAMPLE t=408.2s rss=4089MB hwm=4089MB
RSS_SAMPLE t=408.5s rss=4089MB hwm=4089MB
RSS_SAMPLE t=408.7s rss=4089MB hwm=4089MB
RSS_SAMPLE t=409.0s rss=4089MB hwm=4089MB
RSS_SAMPLE t=409.2s rss=4089MB hwm=4089MB
RSS_SAMPLE t=409.5s rss=4089MB hwm=4089MB
RSS_SAMPLE t=409.7s rss=4089MB hwm=4089MB
RSS_SAMPLE t=410.0s rss=4089MB hwm=4089MB
RSS_SAMPLE t=410.2s rss=4089MB hwm=4089MB
RSS_SAMPLE t=410.5s rss=4089MB hwm=4089MB
RSS_SAMPLE t=410.7s rss=4089MB hwm=4089MB
RSS_SAMPLE t=411.0s rss=4089MB hwm=4089MB
RSS_SAMPLE t=411.2s rss=4089MB hwm=4089MB
RSS_SAMPLE t=411.5s rss=4089MB hwm=4089MB
RSS_SAMPLE t=411.7s rss=4089MB hwm=4089MB
RSS_SAMPLE t=412.0s rss=4134MB hwm=4134MB
RSS_SAMPLE t=412.2s rss=4178MB hwm=4178MB
RSS_SAMPLE t=412.5s rss=4192MB hwm=4192MB
RSS_SAMPLE t=412.7s rss=4201MB hwm=4201MB
RSS_SAMPLE t=413.0s rss=4206MB hwm=4206MB
RSS_SAMPLE t=413.2s rss=4207MB hwm=4207MB
RSS_SAMPLE t=413.5s rss=4212MB hwm=4212MB
RSS_SAMPLE t=413.7s rss=4214MB hwm=4214MB
RSS_SAMPLE t=414.0s rss=4217MB hwm=4217MB
RSS_SAMPLE t=414.2s rss=4220MB hwm=4220MB
RSS_SAMPLE t=414.5s rss=4221MB hwm=4221MB
RSS_SAMPLE t=414.7s rss=4226MB hwm=4226MB
RSS_SAMPLE t=415.0s rss=4226MB hwm=4226MB
RSS_SAMPLE t=415.2s rss=4227MB hwm=4227MB
RSS_SAMPLE t=415.5s rss=4231MB hwm=4231MB
RSS_SAMPLE t=415.7s rss=4234MB hwm=4234MB
RSS_SAMPLE t=416.0s rss=4235MB hwm=4235MB
RSS_SAMPLE t=416.2s rss=4245MB hwm=4245MB
RSS_SAMPLE t=416.5s rss=4246MB hwm=4246MB
RSS_SAMPLE t=416.7s rss=4250MB hwm=4250MB
RSS_SAMPLE t=417.0s rss=4254MB hwm=4254MB
RSS_SAMPLE t=417.2s rss=4255MB hwm=4255MB
RSS_SAMPLE t=417.5s rss=4256MB hwm=4256MB
RSS_SAMPLE t=417.7s rss=4257MB hwm=4257MB
RSS_SAMPLE t=418.0s rss=4257MB hwm=4257MB
RSS_SAMPLE t=418.2s rss=4257MB hwm=4257MB
RSS_SAMPLE t=418.5s rss=4262MB hwm=4262MB
RSS_SAMPLE t=418.7s rss=4266MB hwm=4266MB
RSS_SAMPLE t=419.0s rss=4266MB hwm=4266MB
RSS_SAMPLE t=419.2s rss=4267MB hwm=4267MB
RSS_SAMPLE t=419.5s rss=4267MB hwm=4267MB
RSS_SAMPLE t=419.7s rss=4268MB hwm=4268MB
RSS_SAMPLE t=420.0s rss=4269MB hwm=4269MB
RSS_SAMPLE t=420.2s rss=4269MB hwm=4269MB
RSS_SAMPLE t=420.5s rss=4269MB hwm=4269MB
RSS_SAMPLE t=420.7s rss=4269MB hwm=4269MB
RSS_SAMPLE t=421.0s rss=4269MB hwm=4269MB
RSS_SAMPLE t=421.2s rss=4269MB hwm=4269MB
RSS_SAMPLE t=421.5s rss=4269MB hwm=4269MB
RSS_SAMPLE t=421.7s rss=4270MB hwm=4270MB
RSS_SAMPLE t=422.0s rss=4270MB hwm=4270MB
RSS_SAMPLE t=422.2s rss=4270MB hwm=4270MB
RSS_SAMPLE t=422.5s rss=4270MB hwm=4270MB
RSS_SAMPLE t=422.7s rss=4270MB hwm=4270MB
RSS_SAMPLE t=423.0s rss=4270MB hwm=4270MB
RSS_SAMPLE t=423.3s rss=4271MB hwm=4271MB
RSS_SAMPLE t=423.5s rss=4271MB hwm=4271MB
RSS_SAMPLE t=423.8s rss=4271MB hwm=4271MB
RSS_SAMPLE t=424.0s rss=4271MB hwm=4271MB
RSS_SAMPLE t=424.3s rss=4271MB hwm=4271MB
RSS_SAMPLE t=424.5s rss=4272MB hwm=4272MB
RSS_SAMPLE t=424.8s rss=4272MB hwm=4272MB
RSS_SAMPLE t=425.0s rss=4272MB hwm=4272MB
RSS_SAMPLE t=425.3s rss=4272MB hwm=4272MB
RSS_SAMPLE t=425.5s rss=4272MB hwm=4272MB
RSS_SAMPLE t=425.8s rss=4272MB hwm=4272MB
RSS_SAMPLE t=426.0s rss=4272MB hwm=4272MB
RSS_SAMPLE t=426.3s rss=4272MB hwm=4272MB
RSS_SAMPLE t=426.5s rss=4273MB hwm=4273MB
RSS_SAMPLE t=426.8s rss=4273MB hwm=4273MB
RSS_SAMPLE t=427.0s rss=4273MB hwm=4273MB
RSS_SAMPLE t=427.3s rss=4273MB hwm=4273MB
RSS_SAMPLE t=427.5s rss=4273MB hwm=4273MB
RSS_SAMPLE t=427.8s rss=4273MB hwm=4273MB
RSS_SAMPLE t=428.0s rss=4274MB hwm=4274MB
RSS_SAMPLE t=428.3s rss=4274MB hwm=4274MB
RSS_SAMPLE t=428.5s rss=4274MB hwm=4274MB
RSS_SAMPLE t=428.8s rss=4274MB hwm=4274MB
RSS_SAMPLE t=429.0s rss=4274MB hwm=4274MB
RSS_SAMPLE t=429.3s rss=4274MB hwm=4274MB
RSS_SAMPLE t=429.5s rss=4275MB hwm=4275MB
RSS_SAMPLE t=429.8s rss=4275MB hwm=4275MB
RSS_SAMPLE t=430.0s rss=4275MB hwm=4275MB
RSS_SAMPLE t=430.3s rss=4276MB hwm=4276MB
RSS_SAMPLE t=430.5s rss=4276MB hwm=4276MB
RSS_SAMPLE t=430.8s rss=4276MB hwm=4276MB
RSS_SAMPLE t=431.0s rss=4276MB hwm=4276MB
RSS_SAMPLE t=431.3s rss=4277MB hwm=4277MB
RSS_SAMPLE t=431.5s rss=4277MB hwm=4277MB
RSS_SAMPLE t=431.8s rss=4277MB hwm=4277MB
RSS_SAMPLE t=432.0s rss=4277MB hwm=4277MB
RSS_SAMPLE t=432.3s rss=4277MB hwm=4277MB
RSS_SAMPLE t=432.5s rss=4278MB hwm=4278MB
RSS_SAMPLE t=432.8s rss=4278MB hwm=4278MB
RSS_SAMPLE t=433.0s rss=4278MB hwm=4278MB
RSS_SAMPLE t=433.3s rss=4279MB hwm=4279MB
RSS_SAMPLE t=433.5s rss=4279MB hwm=4279MB
RSS_SAMPLE t=433.8s rss=4279MB hwm=4279MB
RSS_SAMPLE t=434.0s rss=4280MB hwm=4280MB
RSS_SAMPLE t=434.3s rss=4280MB hwm=4280MB
RSS_SAMPLE t=434.5s rss=4280MB hwm=4280MB
RSS_SAMPLE t=434.8s rss=4280MB hwm=4280MB
RSS_SAMPLE t=435.0s rss=4281MB hwm=4281MB
RSS_SAMPLE t=435.3s rss=4281MB hwm=4281MB
RSS_SAMPLE t=435.5s rss=4281MB hwm=4281MB
RSS_SAMPLE t=435.8s rss=4281MB hwm=4281MB
RSS_SAMPLE t=436.0s rss=4281MB hwm=4281MB
RSS_SAMPLE t=436.3s rss=4282MB hwm=4282MB
RSS_SAMPLE t=436.5s rss=4282MB hwm=4282MB
RSS_SAMPLE t=436.8s rss=4282MB hwm=4282MB
RSS_SAMPLE t=437.0s rss=4283MB hwm=4283MB
RSS_SAMPLE t=437.3s rss=4283MB hwm=4283MB
RSS_SAMPLE t=437.5s rss=4283MB hwm=4283MB
RSS_SAMPLE t=437.8s rss=4283MB hwm=4283MB
RSS_SAMPLE t=438.0s rss=4284MB hwm=4284MB
RSS_SAMPLE t=438.3s rss=4284MB hwm=4284MB
RSS_SAMPLE t=438.5s rss=4285MB hwm=4285MB
RSS_SAMPLE t=438.8s rss=4285MB hwm=4285MB
RSS_SAMPLE t=439.0s rss=4285MB hwm=4285MB
RSS_SAMPLE t=439.3s rss=4286MB hwm=4286MB
RSS_SAMPLE t=439.5s rss=4286MB hwm=4286MB
RSS_SAMPLE t=439.8s rss=4286MB hwm=4286MB
RSS_SAMPLE t=440.0s rss=4286MB hwm=4286MB
RSS_SAMPLE t=440.3s rss=4287MB hwm=4287MB
RSS_SAMPLE t=440.5s rss=4287MB hwm=4287MB
RSS_SAMPLE t=440.8s rss=4287MB hwm=4287MB
RSS_SAMPLE t=441.0s rss=4288MB hwm=4288MB
RSS_SAMPLE t=441.3s rss=4288MB hwm=4288MB
RSS_SAMPLE t=441.5s rss=4288MB hwm=4288MB
RSS_SAMPLE t=441.8s rss=4288MB hwm=4288MB
RSS_SAMPLE t=442.0s rss=4288MB hwm=4288MB
RSS_SAMPLE t=442.3s rss=4288MB hwm=4288MB
RSS_SAMPLE t=442.5s rss=4288MB hwm=4288MB
RSS_SAMPLE t=442.8s rss=4288MB hwm=4288MB
RSS_SAMPLE t=443.0s rss=4289MB hwm=4289MB
RSS_SAMPLE t=443.3s rss=4290MB hwm=4290MB
RSS_SAMPLE t=443.5s rss=4290MB hwm=4290MB
RSS_SAMPLE t=443.8s rss=4290MB hwm=4290MB
RSS_SAMPLE t=444.0s rss=4290MB hwm=4290MB
RSS_SAMPLE t=444.3s rss=4290MB hwm=4290MB
RSS_SAMPLE t=444.5s rss=4291MB hwm=4291MB
RSS_SAMPLE t=444.8s rss=4291MB hwm=4291MB
RSS_SAMPLE t=445.1s rss=4291MB hwm=4291MB
RSS_SAMPLE t=445.3s rss=4292MB hwm=4292MB
RSS_SAMPLE t=445.6s rss=4292MB hwm=4292MB
RSS_SAMPLE t=445.8s rss=4292MB hwm=4292MB
RSS_SAMPLE t=446.1s rss=4292MB hwm=4292MB
RSS_SAMPLE t=446.3s rss=4292MB hwm=4292MB
RSS_SAMPLE t=446.6s rss=4293MB hwm=4293MB
RSS_SAMPLE t=446.8s rss=4293MB hwm=4293MB
RSS_SAMPLE t=447.1s rss=4293MB hwm=4293MB
RSS_SAMPLE t=447.3s rss=4294MB hwm=4294MB
RSS_SAMPLE t=447.6s rss=4294MB hwm=4294MB
RSS_SAMPLE t=447.8s rss=4295MB hwm=4295MB
RSS_SAMPLE t=448.1s rss=4295MB hwm=4295MB
RSS_SAMPLE t=448.3s rss=4295MB hwm=4295MB
RSS_SAMPLE t=448.6s rss=4295MB hwm=4295MB
RSS_SAMPLE t=448.8s rss=4295MB hwm=4295MB
RSS_SAMPLE t=449.1s rss=4295MB hwm=4295MB
RSS_SAMPLE t=449.3s rss=4296MB hwm=4296MB
RSS_SAMPLE t=449.6s rss=4296MB hwm=4296MB
RSS_SAMPLE t=449.8s rss=4296MB hwm=4296MB
RSS_SAMPLE t=450.1s rss=4297MB hwm=4297MB
RSS_SAMPLE t=450.3s rss=4297MB hwm=4297MB
RSS_SAMPLE t=450.6s rss=4297MB hwm=4297MB
RSS_SAMPLE t=450.8s rss=4297MB hwm=4297MB
RSS_SAMPLE t=451.1s rss=4298MB hwm=4298MB
RSS_SAMPLE t=451.3s rss=4298MB hwm=4298MB
RSS_SAMPLE t=451.6s rss=4298MB hwm=4298MB
RSS_SAMPLE t=451.8s rss=4298MB hwm=4298MB
RSS_SAMPLE t=452.1s rss=4298MB hwm=4298MB
RSS_SAMPLE t=452.3s rss=4298MB hwm=4298MB
RSS_SAMPLE t=452.6s rss=4298MB hwm=4298MB
RSS_SAMPLE t=452.8s rss=4298MB hwm=4298MB
RSS_SAMPLE t=453.1s rss=4299MB hwm=4299MB
RSS_SAMPLE t=453.3s rss=4299MB hwm=4299MB
RSS_SAMPLE t=453.6s rss=4299MB hwm=4299MB
RSS_SAMPLE t=453.8s rss=4300MB hwm=4300MB
RSS_SAMPLE t=454.1s rss=4300MB hwm=4300MB
RSS_SAMPLE t=454.3s rss=4300MB hwm=4300MB
RSS_SAMPLE t=454.6s rss=4300MB hwm=4300MB
RSS_SAMPLE t=454.8s rss=4301MB hwm=4301MB
RSS_SAMPLE t=455.1s rss=4301MB hwm=4301MB
RSS_SAMPLE t=455.3s rss=4301MB hwm=4301MB
RSS_SAMPLE t=455.6s rss=4301MB hwm=4301MB
RSS_SAMPLE t=455.8s rss=4302MB hwm=4302MB
RSS_SAMPLE t=456.1s rss=4302MB hwm=4302MB
RSS_SAMPLE t=456.3s rss=4302MB hwm=4302MB
RSS_SAMPLE t=456.6s rss=4302MB hwm=4302MB
RSS_SAMPLE t=456.8s rss=4303MB hwm=4303MB
RSS_SAMPLE t=457.1s rss=4303MB hwm=4303MB
RSS_SAMPLE t=457.3s rss=4303MB hwm=4303MB
RSS_SAMPLE t=457.6s rss=4303MB hwm=4303MB
RSS_SAMPLE t=457.8s rss=4304MB hwm=4304MB
RSS_SAMPLE t=458.1s rss=4304MB hwm=4304MB
RSS_SAMPLE t=458.3s rss=4304MB hwm=4304MB
RSS_SAMPLE t=458.6s rss=4304MB hwm=4304MB
RSS_SAMPLE t=458.8s rss=4305MB hwm=4305MB
RSS_SAMPLE t=459.1s rss=4305MB hwm=4305MB
RSS_SAMPLE t=459.3s rss=4305MB hwm=4305MB
RSS_SAMPLE t=459.6s rss=4305MB hwm=4305MB
RSS_SAMPLE t=459.8s rss=4305MB hwm=4305MB
RSS_SAMPLE t=460.1s rss=4306MB hwm=4306MB
RSS_SAMPLE t=460.3s rss=4306MB hwm=4306MB
RSS_SAMPLE t=460.6s rss=4306MB hwm=4306MB
RSS_SAMPLE t=460.8s rss=4306MB hwm=4306MB
RSS_SAMPLE t=461.1s rss=4306MB hwm=4306MB
RSS_SAMPLE t=461.3s rss=4307MB hwm=4307MB
RSS_SAMPLE t=461.6s rss=4307MB hwm=4307MB
RSS_SAMPLE t=461.8s rss=4307MB hwm=4307MB
RSS_SAMPLE t=462.1s rss=4308MB hwm=4308MB
RSS_SAMPLE t=462.3s rss=4308MB hwm=4308MB
RSS_SAMPLE t=462.6s rss=4308MB hwm=4308MB
RSS_SAMPLE t=462.8s rss=4308MB hwm=4308MB
RSS_SAMPLE t=463.1s rss=4308MB hwm=4308MB
RSS_SAMPLE t=463.3s rss=4308MB hwm=4308MB
RSS_SAMPLE t=463.6s rss=4308MB hwm=4308MB
RSS_SAMPLE t=463.8s rss=4308MB hwm=4308MB
RSS_SAMPLE t=464.1s rss=4309MB hwm=4309MB
RSS_SAMPLE t=464.3s rss=4309MB hwm=4309MB
RSS_SAMPLE t=464.6s rss=4309MB hwm=4309MB
RSS_SAMPLE t=464.8s rss=4309MB hwm=4309MB
RSS_SAMPLE t=465.1s rss=4309MB hwm=4309MB
RSS_SAMPLE t=465.3s rss=4309MB hwm=4309MB
RSS_SAMPLE t=465.6s rss=4309MB hwm=4309MB
RSS_SAMPLE t=465.8s rss=4309MB hwm=4309MB
RSS_SAMPLE t=466.1s rss=4309MB hwm=4309MB
RSS_SAMPLE t=466.3s rss=4309MB hwm=4309MB
RSS_SAMPLE t=466.6s rss=4309MB hwm=4309MB
RSS_SAMPLE t=466.8s rss=4309MB hwm=4309MB
RSS_SAMPLE t=467.1s rss=4310MB hwm=4310MB
RSS_SAMPLE t=467.3s rss=4310MB hwm=4310MB
RSS_SAMPLE t=467.6s rss=4310MB hwm=4310MB
RSS_SAMPLE t=467.8s rss=4310MB hwm=4310MB
RSS_SAMPLE t=468.1s rss=4310MB hwm=4310MB
RSS_SAMPLE t=468.3s rss=4310MB hwm=4310MB
RSS_SAMPLE t=468.6s rss=4310MB hwm=4310MB
RSS_SAMPLE t=468.8s rss=4310MB hwm=4310MB
RSS_SAMPLE t=469.1s rss=4310MB hwm=4310MB
RSS_SAMPLE t=469.3s rss=4310MB hwm=4310MB
RSS_SAMPLE t=469.6s rss=4311MB hwm=4311MB
RSS_SAMPLE t=469.8s rss=4311MB hwm=4311MB
RSS_SAMPLE t=470.1s rss=4311MB hwm=4311MB
RSS_SAMPLE t=470.4s rss=4311MB hwm=4311MB
RSS_SAMPLE t=470.6s rss=4311MB hwm=4311MB
RSS_SAMPLE t=470.9s rss=4311MB hwm=4311MB
RSS_SAMPLE t=471.1s rss=4311MB hwm=4311MB
RSS_SAMPLE t=471.4s rss=4311MB hwm=4311MB
RSS_SAMPLE t=471.6s rss=4311MB hwm=4311MB
RSS_SAMPLE t=471.9s rss=4311MB hwm=4311MB
RSS_SAMPLE t=472.1s rss=4311MB hwm=4311MB
RSS_SAMPLE t=472.4s rss=4311MB hwm=4311MB
RSS_SAMPLE t=472.6s rss=4311MB hwm=4311MB
RSS_SAMPLE t=472.9s rss=4312MB hwm=4312MB
RSS_SAMPLE t=473.1s rss=4312MB hwm=4312MB
RSS_SAMPLE t=473.4s rss=4312MB hwm=4312MB
RSS_SAMPLE t=473.6s rss=4312MB hwm=4312MB
RSS_SAMPLE t=473.9s rss=4312MB hwm=4312MB
RSS_SAMPLE t=474.1s rss=4312MB hwm=4312MB
RSS_SAMPLE t=474.4s rss=4312MB hwm=4312MB
RSS_SAMPLE t=474.6s rss=4312MB hwm=4312MB
RSS_SAMPLE t=474.9s rss=4312MB hwm=4312MB
RSS_SAMPLE t=475.1s rss=4312MB hwm=4312MB
RSS_SAMPLE t=475.4s rss=4312MB hwm=4312MB
RSS_SAMPLE t=475.6s rss=4312MB hwm=4312MB
RSS_SAMPLE t=475.9s rss=4312MB hwm=4312MB
RSS_SAMPLE t=476.1s rss=4312MB hwm=4312MB
RSS_SAMPLE t=476.4s rss=4312MB hwm=4312MB
RSS_SAMPLE t=476.6s rss=4312MB hwm=4312MB
RSS_SAMPLE t=476.9s rss=4312MB hwm=4312MB
RSS_SAMPLE t=477.1s rss=4312MB hwm=4312MB
RSS_SAMPLE t=477.4s rss=4312MB hwm=4312MB
RSS_SAMPLE t=477.6s rss=4312MB hwm=4312MB
RSS_SAMPLE t=477.9s rss=4312MB hwm=4312MB
RSS_SAMPLE t=478.1s rss=4312MB hwm=4312MB
RSS_SAMPLE t=478.4s rss=4312MB hwm=4312MB
RSS_SAMPLE t=478.6s rss=4312MB hwm=4312MB
RSS_SAMPLE t=478.9s rss=4312MB hwm=4312MB
RSS_SAMPLE t=479.1s rss=4312MB hwm=4312MB
RSS_SAMPLE t=479.4s rss=4312MB hwm=4312MB
RSS_SAMPLE t=479.6s rss=4312MB hwm=4312MB
RSS_SAMPLE t=479.9s rss=4312MB hwm=4312MB
RSS_SAMPLE t=480.1s rss=4312MB hwm=4312MB
RSS_SAMPLE t=480.4s rss=4313MB hwm=4313MB
RSS_SAMPLE t=480.6s rss=4313MB hwm=4313MB
RSS_SAMPLE t=480.9s rss=4313MB hwm=4313MB
RSS_SAMPLE t=481.1s rss=4313MB hwm=4313MB
RSS_SAMPLE t=481.4s rss=4313MB hwm=4313MB
RSS_SAMPLE t=481.6s rss=4313MB hwm=4313MB
RSS_SAMPLE t=481.9s rss=4313MB hwm=4313MB
RSS_SAMPLE t=482.1s rss=4313MB hwm=4313MB
RSS_SAMPLE t=482.4s rss=4313MB hwm=4313MB
RSS_SAMPLE t=482.6s rss=4313MB hwm=4313MB
RSS_SAMPLE t=482.9s rss=4313MB hwm=4313MB
RSS_SAMPLE t=483.1s rss=4313MB hwm=4313MB
RSS_SAMPLE t=483.4s rss=4313MB hwm=4313MB
RSS_SAMPLE t=483.6s rss=4313MB hwm=4313MB
RSS_SAMPLE t=483.9s rss=4313MB hwm=4313MB
RSS_SAMPLE t=484.1s rss=4313MB hwm=4313MB
RSS_SAMPLE t=484.4s rss=4313MB hwm=4313MB
RSS_SAMPLE t=484.6s rss=4313MB hwm=4313MB
RSS_SAMPLE t=484.9s rss=4314MB hwm=4314MB
RSS_SAMPLE t=485.1s rss=4314MB hwm=4314MB
RSS_SAMPLE t=485.4s rss=4314MB hwm=4314MB
RSS_SAMPLE t=485.6s rss=4314MB hwm=4314MB
RSS_SAMPLE t=485.9s rss=4314MB hwm=4314MB
RSS_SAMPLE t=486.1s rss=4314MB hwm=4314MB
RSS_SAMPLE t=486.4s rss=4314MB hwm=4314MB
RSS_SAMPLE t=486.6s rss=4314MB hwm=4314MB
RSS_SAMPLE t=486.9s rss=4314MB hwm=4314MB
RSS_SAMPLE t=487.1s rss=4314MB hwm=4314MB
RSS_SAMPLE t=487.4s rss=4314MB hwm=4314MB
RSS_SAMPLE t=487.6s rss=4314MB hwm=4314MB
RSS_SAMPLE t=487.9s rss=4314MB hwm=4314MB
RSS_SAMPLE t=488.1s rss=4314MB hwm=4314MB
RSS_SAMPLE t=488.4s rss=4314MB hwm=4314MB
RSS_SAMPLE t=488.6s rss=4314MB hwm=4314MB
RSS_SAMPLE t=488.9s rss=4314MB hwm=4314MB
RSS_SAMPLE t=489.1s rss=4314MB hwm=4314MB
RSS_SAMPLE t=489.4s rss=4314MB hwm=4314MB
RSS_SAMPLE t=489.6s rss=4314MB hwm=4314MB
RSS_SAMPLE t=489.9s rss=4314MB hwm=4314MB
RSS_SAMPLE t=490.1s rss=4314MB hwm=4314MB
RSS_SAMPLE t=490.4s rss=4315MB hwm=4315MB
RSS_SAMPLE t=490.6s rss=4315MB hwm=4315MB
RSS_SAMPLE t=490.9s rss=4315MB hwm=4315MB
RSS_SAMPLE t=491.1s rss=4315MB hwm=4315MB
RSS_SAMPLE t=491.4s rss=4315MB hwm=4315MB
RSS_SAMPLE t=491.6s rss=4315MB hwm=4315MB
RSS_SAMPLE t=491.9s rss=4315MB hwm=4315MB
RSS_SAMPLE t=492.1s rss=4315MB hwm=4315MB
RSS_SAMPLE t=492.4s rss=4315MB hwm=4315MB
RSS_SAMPLE t=492.6s rss=4315MB hwm=4315MB
RSS_SAMPLE t=492.9s rss=4316MB hwm=4316MB
RSS_SAMPLE t=493.1s rss=4316MB hwm=4316MB
RSS_SAMPLE t=493.4s rss=4316MB hwm=4316MB
RSS_SAMPLE t=493.6s rss=4316MB hwm=4316MB
RSS_SAMPLE t=493.9s rss=4316MB hwm=4316MB
RSS_SAMPLE t=494.1s rss=4316MB hwm=4316MB
RSS_SAMPLE t=494.4s rss=4316MB hwm=4316MB
RSS_SAMPLE t=494.6s rss=4316MB hwm=4316MB
RSS_SAMPLE t=494.9s rss=4316MB hwm=4316MB
RSS_SAMPLE t=495.1s rss=4316MB hwm=4316MB
RSS_SAMPLE t=495.4s rss=4316MB hwm=4316MB
RSS_SAMPLE t=495.6s rss=4316MB hwm=4316MB
RSS_SAMPLE t=495.9s rss=4316MB hwm=4316MB
RSS_SAMPLE t=496.1s rss=4316MB hwm=4316MB
RSS_SAMPLE t=496.4s rss=4316MB hwm=4316MB
RSS_SAMPLE t=496.6s rss=4316MB hwm=4316MB
RSS_SAMPLE t=496.9s rss=4316MB hwm=4316MB
RSS_SAMPLE t=497.1s rss=4316MB hwm=4316MB
RSS_SAMPLE t=497.4s rss=4316MB hwm=4316MB
RSS_SAMPLE t=497.6s rss=4316MB hwm=4316MB
RSS_SAMPLE t=497.9s rss=4316MB hwm=4316MB
RSS_SAMPLE t=498.1s rss=4316MB hwm=4316MB
RSS_SAMPLE t=498.4s rss=4316MB hwm=4316MB
RSS_SAMPLE t=498.6s rss=4316MB hwm=4316MB
RSS_SAMPLE t=498.9s rss=4316MB hwm=4316MB
RSS_SAMPLE t=499.1s rss=4316MB hwm=4316MB
RSS_SAMPLE t=499.4s rss=4316MB hwm=4316MB
RSS_SAMPLE t=499.6s rss=4316MB hwm=4316MB
RSS_SAMPLE t=499.9s rss=4316MB hwm=4316MB
MEM_POOL: workspaces=32 dense_usage_mb=1251 n_pipes=2562403
    post_solve_diag[outer=1]: solves=105117 cap_armed=105117 (100.0%) settle_avg=8179 above_sink_avg=131 (1.6%) settle_max=69353
    load_support[outer=1]: settle_avg=8179 load_nz_avg=986 (12.1%) load_material_avg=640 (7.8%)
    prune_ceiling[outer=1]: settle_avg=8179 heuristic_prunable_avg=1300 (15.9%) vs oracle_zero_load=87.9%
    settle_hist[outer=1]: <100: 28130nets/0.1%work  <1k: 23150nets/0.9%work  <5k: 23473nets/6.8%work  <20k: 13493nets/17.5%work  <60k: 15112nets/61.3%work  >=60k: 1759nets/13.4%work
    fanout_hist[outer=1]: fan1: 43710nets/11.8%work  fan2-4: 48279nets/50.4%work  fan5-16: 12974nets/36.9%work  fan17-64: 154nets/0.9%work  fan65-256: 0nets/0.0%work  fan>256: 0nets/0.0%work
    rss_probe[outer=1]: pre_post_solve=4089MB post_post_solve=4336MB after_apply=4336MB
RSS_SAMPLE t=500.1s rss=4337MB hwm=4337MB
MuxSlotTracker[sweep 1 LEAK]: populated_cells=64549, overflow_tiles=1, at_cap_tiles=847, peak_excess=4, capacity_hist={16:67346}
    E_decomp: base=8615454.8 eff=64908626197168.9 cong=64908617581714.1 cong_share=100.0% sat_pipes=119136 max_util=2343.22  R_buckets: 1-2x=133627 2-10x=1840 10-100x=571 >=100x=2426365
    E_potential: beckmann=6876122757217837.0 history_total=0.0
    SpanCache: epoch=2 entries=2516 lookups=2562403 hits=2559887 misses=2516 hit_rate=99.9%
  DCD   1: nets=105117 line=16304955 energy=5295309336.168 dE=+5292985949.069 friction=236522656.6 bins=2.1x(910) excess=366.0 moved=63760 disp=10.518 solves=105117 skip=105117 pops=859712023 theta=0.293 refresh=92284ms dcd=17789ms total=113893ms
    cache_stats: entries=50100039 capacity=87627887 est_mb=757 rss_mb=4337
RSS_SAMPLE t=500.4s rss=4338MB hwm=4338MB
RSS_SAMPLE t=500.6s rss=4338MB hwm=4338MB
RSS_SAMPLE t=500.9s rss=4338MB hwm=4338MB
RSS_SAMPLE t=501.1s rss=4338MB hwm=4338MB
RSS_SAMPLE t=501.4s rss=4338MB hwm=4338MB
RSS_SAMPLE t=501.6s rss=4338MB hwm=4338MB
RSS_SAMPLE t=501.9s rss=4338MB hwm=4338MB
RSS_SAMPLE t=502.1s rss=4338MB hwm=4338MB
RSS_SAMPLE t=502.4s rss=4338MB hwm=4338MB
RSS_SAMPLE t=502.6s rss=4338MB hwm=4338MB
RSS_SAMPLE t=502.9s rss=4338MB hwm=4338MB
RSS_SAMPLE t=503.1s rss=4338MB hwm=4338MB
RSS_SAMPLE t=503.4s rss=4338MB hwm=4338MB
RSS_SAMPLE t=503.6s rss=4338MB hwm=4338MB
RSS_SAMPLE t=503.9s rss=4338MB hwm=4338MB
RSS_SAMPLE t=504.1s rss=4338MB hwm=4338MB
    SwitchMatrix: type_usage_pairs=1381 lookups=3251 hits=1870 dijkstra_calls=1381 avg_us=13.3 total_ms=18.4
PHASE_MARK outer=2 enter=pre_solve rss=4338MB
    rss_probe[outer=2]: pre_refresh_rss=4338MB post_pre_solve_rss=4351MB cache_entries=50100039 cache_cap=87627887 cache_est_mb=757
    pre_solve_diag[outer=2]: solves=0 fallback=0 (0.0%) cap_armed=0 (0.0%) settle_avg=0 settle_max=0 init_count=236
    Overflow: over=107326 (4.2% of used) avg_excess=11.29 max_excess=3100.34 (nc=3124.34 cap=24 span=1)  excess_buckets: <=1=36978 1-5=50793 5-20=14861 >20=4694  by_cap: cap1=28451 cap2=71623 cap3-5=26 cap>5=7226  by_span: s1=684 s2-3=1608 s4-6=4466 s7-12=71881 s>12=28687  le1_cross: cap1=21875 cap2-5=13627 cap>5=1476
    Congestion: pipes=2562403 used=2562403 congested(>50%)=215447 saturated(>90%)=119136 max_util=2343.22 avg_util=0.3188
PHASE_MARK outer=2 enter=dcd_sweep rss=4351MB
RSS_SAMPLE t=504.4s rss=4351MB hwm=4351MB
RSS_SAMPLE t=504.6s rss=4351MB hwm=4351MB
RSS_SAMPLE t=504.9s rss=4351MB hwm=4351MB
RSS_SAMPLE t=505.1s rss=4351MB hwm=4351MB
RSS_SAMPLE t=505.4s rss=4351MB hwm=4351MB
RSS_SAMPLE t=505.6s rss=4351MB hwm=4351MB
RSS_SAMPLE t=505.9s rss=4351MB hwm=4351MB
RSS_SAMPLE t=506.1s rss=4351MB hwm=4351MB
RSS_SAMPLE t=506.4s rss=4352MB hwm=4352MB
RSS_SAMPLE t=506.6s rss=4352MB hwm=4352MB
RSS_SAMPLE t=506.9s rss=4352MB hwm=4352MB
RSS_SAMPLE t=507.1s rss=4352MB hwm=4352MB
RSS_SAMPLE t=507.4s rss=4352MB hwm=4352MB
RSS_SAMPLE t=507.6s rss=4352MB hwm=4352MB
RSS_SAMPLE t=507.9s rss=4352MB hwm=4352MB
RSS_SAMPLE t=508.1s rss=4352MB hwm=4352MB
RSS_SAMPLE t=508.4s rss=4352MB hwm=4352MB
RSS_SAMPLE t=508.6s rss=4352MB hwm=4352MB
RSS_SAMPLE t=508.9s rss=4352MB hwm=4352MB
RSS_SAMPLE t=509.1s rss=4352MB hwm=4352MB
RSS_SAMPLE t=509.4s rss=4352MB hwm=4352MB
RSS_SAMPLE t=509.6s rss=4353MB hwm=4353MB
RSS_SAMPLE t=509.9s rss=4353MB hwm=4353MB
RSS_SAMPLE t=510.2s rss=4353MB hwm=4353MB
RSS_SAMPLE t=510.4s rss=4353MB hwm=4353MB
RSS_SAMPLE t=510.7s rss=4353MB hwm=4353MB
RSS_SAMPLE t=510.9s rss=4353MB hwm=4353MB
RSS_SAMPLE t=511.2s rss=4353MB hwm=4353MB
RSS_SAMPLE t=511.4s rss=4353MB hwm=4353MB
RSS_SAMPLE t=511.7s rss=4353MB hwm=4353MB
RSS_SAMPLE t=511.9s rss=4353MB hwm=4353MB
RSS_SAMPLE t=512.2s rss=4353MB hwm=4353MB
RSS_SAMPLE t=512.4s rss=4353MB hwm=4353MB
RSS_SAMPLE t=512.7s rss=4353MB hwm=4353MB
RSS_SAMPLE t=512.9s rss=4354MB hwm=4354MB
RSS_SAMPLE t=513.2s rss=4354MB hwm=4354MB
RSS_SAMPLE t=513.4s rss=4354MB hwm=4354MB
RSS_SAMPLE t=513.7s rss=4354MB hwm=4354MB
RSS_SAMPLE t=513.9s rss=4354MB hwm=4354MB
RSS_SAMPLE t=514.2s rss=4354MB hwm=4354MB
RSS_SAMPLE t=514.4s rss=4354MB hwm=4354MB
RSS_SAMPLE t=514.7s rss=4354MB hwm=4354MB
RSS_SAMPLE t=514.9s rss=4354MB hwm=4354MB
RSS_SAMPLE t=515.2s rss=4354MB hwm=4354MB
RSS_SAMPLE t=515.4s rss=4354MB hwm=4354MB
RSS_SAMPLE t=515.7s rss=4354MB hwm=4354MB
RSS_SAMPLE t=515.9s rss=4354MB hwm=4354MB
RSS_SAMPLE t=516.2s rss=4354MB hwm=4354MB
RSS_SAMPLE t=516.4s rss=4354MB hwm=4354MB
RSS_SAMPLE t=516.7s rss=4355MB hwm=4355MB
RSS_SAMPLE t=516.9s rss=4355MB hwm=4355MB
RSS_SAMPLE t=517.2s rss=4355MB hwm=4355MB
RSS_SAMPLE t=517.4s rss=4355MB hwm=4355MB
RSS_SAMPLE t=517.7s rss=4355MB hwm=4355MB
RSS_SAMPLE t=517.9s rss=4355MB hwm=4355MB
RSS_SAMPLE t=518.2s rss=4355MB hwm=4355MB
RSS_SAMPLE t=518.4s rss=4355MB hwm=4355MB
RSS_SAMPLE t=518.7s rss=4355MB hwm=4355MB
RSS_SAMPLE t=518.9s rss=4355MB hwm=4355MB
RSS_SAMPLE t=519.2s rss=4355MB hwm=4355MB
RSS_SAMPLE t=519.4s rss=4355MB hwm=4355MB
RSS_SAMPLE t=519.7s rss=4355MB hwm=4355MB
RSS_SAMPLE t=519.9s rss=4355MB hwm=4355MB
RSS_SAMPLE t=520.2s rss=4355MB hwm=4355MB
RSS_SAMPLE t=520.4s rss=4355MB hwm=4355MB
RSS_SAMPLE t=520.7s rss=4355MB hwm=4355MB
RSS_SAMPLE t=520.9s rss=4355MB hwm=4355MB
PHASE_MARK outer=2 leave=dcd_sweep rss=4356MB
PHASE_MARK outer=2 enter=post_refresh rss=4356MB
RSS_SAMPLE t=521.2s rss=4359MB hwm=4359MB
RSS_SAMPLE t=521.4s rss=4359MB hwm=4359MB
RSS_SAMPLE t=521.7s rss=4359MB hwm=4359MB
RSS_SAMPLE t=521.9s rss=4359MB hwm=4359MB
RSS_SAMPLE t=522.2s rss=4359MB hwm=4359MB
RSS_SAMPLE t=522.4s rss=4359MB hwm=4359MB
RSS_SAMPLE t=522.7s rss=4359MB hwm=4359MB
RSS_SAMPLE t=522.9s rss=4359MB hwm=4359MB
RSS_SAMPLE t=523.2s rss=4359MB hwm=4359MB
RSS_SAMPLE t=523.4s rss=4359MB hwm=4359MB
RSS_SAMPLE t=523.7s rss=4359MB hwm=4359MB
RSS_SAMPLE t=523.9s rss=4359MB hwm=4359MB
RSS_SAMPLE t=524.2s rss=4359MB hwm=4359MB
RSS_SAMPLE t=524.4s rss=4359MB hwm=4359MB
RSS_SAMPLE t=524.7s rss=4359MB hwm=4359MB
RSS_SAMPLE t=524.9s rss=4359MB hwm=4359MB
RSS_SAMPLE t=525.2s rss=4359MB hwm=4359MB
RSS_SAMPLE t=525.4s rss=4359MB hwm=4359MB
RSS_SAMPLE t=525.7s rss=4359MB hwm=4359MB
RSS_SAMPLE t=525.9s rss=4359MB hwm=4359MB
RSS_SAMPLE t=526.2s rss=4359MB hwm=4359MB
RSS_SAMPLE t=526.4s rss=4359MB hwm=4359MB
RSS_SAMPLE t=526.7s rss=4359MB hwm=4359MB
RSS_SAMPLE t=526.9s rss=4359MB hwm=4359MB
RSS_SAMPLE t=527.2s rss=4359MB hwm=4359MB
RSS_SAMPLE t=527.4s rss=4359MB hwm=4359MB
RSS_SAMPLE t=527.7s rss=4359MB hwm=4359MB
RSS_SAMPLE t=527.9s rss=4359MB hwm=4359MB
RSS_SAMPLE t=528.2s rss=4359MB hwm=4359MB
RSS_SAMPLE t=528.4s rss=4359MB hwm=4359MB
RSS_SAMPLE t=528.7s rss=4359MB hwm=4359MB
RSS_SAMPLE t=528.9s rss=4359MB hwm=4359MB
RSS_SAMPLE t=529.2s rss=4359MB hwm=4359MB
RSS_SAMPLE t=529.4s rss=4359MB hwm=4359MB
RSS_SAMPLE t=529.7s rss=4359MB hwm=4359MB
RSS_SAMPLE t=529.9s rss=4359MB hwm=4359MB
RSS_SAMPLE t=530.2s rss=4359MB hwm=4359MB
RSS_SAMPLE t=530.4s rss=4359MB hwm=4359MB
RSS_SAMPLE t=530.7s rss=4359MB hwm=4359MB
RSS_SAMPLE t=530.9s rss=4359MB hwm=4359MB
RSS_SAMPLE t=531.2s rss=4359MB hwm=4359MB
RSS_SAMPLE t=531.4s rss=4360MB hwm=4360MB
RSS_SAMPLE t=531.7s rss=4360MB hwm=4360MB
RSS_SAMPLE t=532.0s rss=4360MB hwm=4360MB
RSS_SAMPLE t=532.2s rss=4360MB hwm=4360MB
RSS_SAMPLE t=532.5s rss=4360MB hwm=4360MB
RSS_SAMPLE t=532.7s rss=4360MB hwm=4360MB
RSS_SAMPLE t=533.0s rss=4360MB hwm=4360MB
RSS_SAMPLE t=533.2s rss=4360MB hwm=4360MB
RSS_SAMPLE t=533.5s rss=4360MB hwm=4360MB
RSS_SAMPLE t=533.7s rss=4360MB hwm=4360MB
RSS_SAMPLE t=534.0s rss=4360MB hwm=4360MB
RSS_SAMPLE t=534.2s rss=4360MB hwm=4360MB
RSS_SAMPLE t=534.5s rss=4360MB hwm=4360MB
RSS_SAMPLE t=534.7s rss=4361MB hwm=4361MB
RSS_SAMPLE t=535.0s rss=4361MB hwm=4361MB
RSS_SAMPLE t=535.2s rss=4361MB hwm=4361MB
RSS_SAMPLE t=535.5s rss=4361MB hwm=4361MB
RSS_SAMPLE t=535.7s rss=4361MB hwm=4361MB
RSS_SAMPLE t=536.0s rss=4361MB hwm=4361MB
RSS_SAMPLE t=536.2s rss=4361MB hwm=4361MB
RSS_SAMPLE t=536.5s rss=4361MB hwm=4361MB
RSS_SAMPLE t=536.7s rss=4361MB hwm=4361MB
RSS_SAMPLE t=537.0s rss=4361MB hwm=4361MB
RSS_SAMPLE t=537.2s rss=4361MB hwm=4361MB
RSS_SAMPLE t=537.5s rss=4361MB hwm=4361MB
RSS_SAMPLE t=537.7s rss=4361MB hwm=4361MB
RSS_SAMPLE t=538.0s rss=4361MB hwm=4361MB
RSS_SAMPLE t=538.2s rss=4362MB hwm=4362MB
RSS_SAMPLE t=538.5s rss=4362MB hwm=4362MB
RSS_SAMPLE t=538.7s rss=4362MB hwm=4362MB
RSS_SAMPLE t=539.0s rss=4362MB hwm=4362MB
RSS_SAMPLE t=539.2s rss=4362MB hwm=4362MB
RSS_SAMPLE t=539.5s rss=4362MB hwm=4362MB
RSS_SAMPLE t=539.7s rss=4362MB hwm=4362MB
RSS_SAMPLE t=540.0s rss=4362MB hwm=4362MB
RSS_SAMPLE t=540.2s rss=4362MB hwm=4362MB
RSS_SAMPLE t=540.5s rss=4362MB hwm=4362MB
RSS_SAMPLE t=540.7s rss=4362MB hwm=4362MB
RSS_SAMPLE t=541.0s rss=4362MB hwm=4362MB
RSS_SAMPLE t=541.2s rss=4362MB hwm=4362MB
RSS_SAMPLE t=541.5s rss=4362MB hwm=4362MB
RSS_SAMPLE t=541.7s rss=4362MB hwm=4362MB
RSS_SAMPLE t=542.0s rss=4362MB hwm=4362MB
RSS_SAMPLE t=542.2s rss=4362MB hwm=4362MB
RSS_SAMPLE t=542.5s rss=4362MB hwm=4362MB
RSS_SAMPLE t=542.7s rss=4363MB hwm=4363MB
RSS_SAMPLE t=543.0s rss=4363MB hwm=4363MB
RSS_SAMPLE t=543.2s rss=4363MB hwm=4363MB
RSS_SAMPLE t=543.5s rss=4363MB hwm=4363MB
RSS_SAMPLE t=543.7s rss=4363MB hwm=4363MB
RSS_SAMPLE t=544.0s rss=4363MB hwm=4363MB
RSS_SAMPLE t=544.2s rss=4363MB hwm=4363MB
RSS_SAMPLE t=544.5s rss=4363MB hwm=4363MB
RSS_SAMPLE t=544.7s rss=4363MB hwm=4363MB
RSS_SAMPLE t=545.0s rss=4363MB hwm=4363MB
RSS_SAMPLE t=545.2s rss=4363MB hwm=4363MB
RSS_SAMPLE t=545.5s rss=4363MB hwm=4363MB
RSS_SAMPLE t=545.7s rss=4363MB hwm=4363MB
RSS_SAMPLE t=546.0s rss=4363MB hwm=4363MB
RSS_SAMPLE t=546.2s rss=4363MB hwm=4363MB
RSS_SAMPLE t=546.5s rss=4363MB hwm=4363MB
RSS_SAMPLE t=546.7s rss=4363MB hwm=4363MB
RSS_SAMPLE t=547.0s rss=4363MB hwm=4363MB
RSS_SAMPLE t=547.2s rss=4363MB hwm=4363MB
RSS_SAMPLE t=547.5s rss=4363MB hwm=4363MB
RSS_SAMPLE t=547.7s rss=4363MB hwm=4363MB
RSS_SAMPLE t=548.0s rss=4363MB hwm=4363MB
RSS_SAMPLE t=548.2s rss=4363MB hwm=4363MB
RSS_SAMPLE t=548.5s rss=4363MB hwm=4363MB
RSS_SAMPLE t=548.7s rss=4363MB hwm=4363MB
RSS_SAMPLE t=549.0s rss=4363MB hwm=4363MB
RSS_SAMPLE t=549.2s rss=4363MB hwm=4363MB
RSS_SAMPLE t=549.5s rss=4363MB hwm=4363MB
RSS_SAMPLE t=549.7s rss=4363MB hwm=4363MB
RSS_SAMPLE t=550.0s rss=4363MB hwm=4363MB
RSS_SAMPLE t=550.2s rss=4363MB hwm=4363MB
RSS_SAMPLE t=550.5s rss=4363MB hwm=4363MB
RSS_SAMPLE t=550.8s rss=4363MB hwm=4363MB
RSS_SAMPLE t=551.0s rss=4363MB hwm=4363MB
RSS_SAMPLE t=551.3s rss=4363MB hwm=4363MB
RSS_SAMPLE t=551.5s rss=4363MB hwm=4363MB
RSS_SAMPLE t=551.8s rss=4364MB hwm=4364MB
RSS_SAMPLE t=552.0s rss=4364MB hwm=4364MB
RSS_SAMPLE t=552.3s rss=4364MB hwm=4364MB
RSS_SAMPLE t=552.5s rss=4364MB hwm=4364MB
RSS_SAMPLE t=552.8s rss=4364MB hwm=4364MB
RSS_SAMPLE t=553.0s rss=4364MB hwm=4364MB
RSS_SAMPLE t=553.3s rss=4364MB hwm=4364MB
RSS_SAMPLE t=553.5s rss=4364MB hwm=4364MB
RSS_SAMPLE t=553.8s rss=4364MB hwm=4364MB
RSS_SAMPLE t=554.0s rss=4364MB hwm=4364MB
RSS_SAMPLE t=554.3s rss=4364MB hwm=4364MB
RSS_SAMPLE t=554.5s rss=4365MB hwm=4365MB
RSS_SAMPLE t=554.8s rss=4365MB hwm=4365MB
RSS_SAMPLE t=555.0s rss=4365MB hwm=4365MB
RSS_SAMPLE t=555.3s rss=4365MB hwm=4365MB
RSS_SAMPLE t=555.5s rss=4365MB hwm=4365MB
RSS_SAMPLE t=555.8s rss=4365MB hwm=4365MB
RSS_SAMPLE t=556.0s rss=4365MB hwm=4365MB
RSS_SAMPLE t=556.3s rss=4365MB hwm=4365MB
RSS_SAMPLE t=556.5s rss=4365MB hwm=4365MB
RSS_SAMPLE t=556.8s rss=4365MB hwm=4365MB
RSS_SAMPLE t=557.0s rss=4365MB hwm=4365MB
RSS_SAMPLE t=557.3s rss=4365MB hwm=4365MB
RSS_SAMPLE t=557.5s rss=4366MB hwm=4366MB
RSS_SAMPLE t=557.8s rss=4366MB hwm=4366MB
RSS_SAMPLE t=558.0s rss=4366MB hwm=4366MB
RSS_SAMPLE t=558.3s rss=4366MB hwm=4366MB
RSS_SAMPLE t=558.5s rss=4366MB hwm=4366MB
RSS_SAMPLE t=558.8s rss=4366MB hwm=4366MB
RSS_SAMPLE t=559.0s rss=4366MB hwm=4366MB
RSS_SAMPLE t=559.3s rss=4366MB hwm=4366MB
RSS_SAMPLE t=559.5s rss=4366MB hwm=4366MB
RSS_SAMPLE t=559.8s rss=4366MB hwm=4366MB
RSS_SAMPLE t=560.0s rss=4366MB hwm=4366MB
RSS_SAMPLE t=560.3s rss=4366MB hwm=4366MB
RSS_SAMPLE t=560.5s rss=4366MB hwm=4366MB
RSS_SAMPLE t=560.8s rss=4367MB hwm=4367MB
RSS_SAMPLE t=561.0s rss=4367MB hwm=4367MB
RSS_SAMPLE t=561.3s rss=4367MB hwm=4367MB
RSS_SAMPLE t=561.5s rss=4367MB hwm=4367MB
RSS_SAMPLE t=561.8s rss=4367MB hwm=4367MB
RSS_SAMPLE t=562.0s rss=4367MB hwm=4367MB
RSS_SAMPLE t=562.3s rss=4367MB hwm=4367MB
RSS_SAMPLE t=562.5s rss=4367MB hwm=4367MB
RSS_SAMPLE t=562.8s rss=4367MB hwm=4367MB
RSS_SAMPLE t=563.0s rss=4367MB hwm=4367MB
RSS_SAMPLE t=563.3s rss=4367MB hwm=4367MB
RSS_SAMPLE t=563.5s rss=4368MB hwm=4368MB
RSS_SAMPLE t=563.8s rss=4368MB hwm=4368MB
RSS_SAMPLE t=564.0s rss=4368MB hwm=4368MB
RSS_SAMPLE t=564.3s rss=4368MB hwm=4368MB
RSS_SAMPLE t=564.5s rss=4368MB hwm=4368MB
RSS_SAMPLE t=564.8s rss=4368MB hwm=4368MB
RSS_SAMPLE t=565.0s rss=4368MB hwm=4368MB
RSS_SAMPLE t=565.3s rss=4369MB hwm=4369MB
RSS_SAMPLE t=565.5s rss=4369MB hwm=4369MB
RSS_SAMPLE t=565.8s rss=4369MB hwm=4369MB
RSS_SAMPLE t=566.0s rss=4369MB hwm=4369MB
RSS_SAMPLE t=566.3s rss=4369MB hwm=4369MB
RSS_SAMPLE t=566.5s rss=4370MB hwm=4370MB
RSS_SAMPLE t=566.8s rss=4370MB hwm=4370MB
RSS_SAMPLE t=567.0s rss=4370MB hwm=4370MB
RSS_SAMPLE t=567.3s rss=4370MB hwm=4370MB
RSS_SAMPLE t=567.5s rss=4370MB hwm=4370MB
RSS_SAMPLE t=567.8s rss=4370MB hwm=4370MB
RSS_SAMPLE t=568.0s rss=4370MB hwm=4370MB
RSS_SAMPLE t=568.3s rss=4370MB hwm=4370MB
RSS_SAMPLE t=568.5s rss=4370MB hwm=4370MB
RSS_SAMPLE t=568.8s rss=4370MB hwm=4370MB
RSS_SAMPLE t=569.0s rss=4370MB hwm=4370MB
RSS_SAMPLE t=569.3s rss=4371MB hwm=4371MB
RSS_SAMPLE t=569.5s rss=4371MB hwm=4371MB
RSS_SAMPLE t=569.8s rss=4371MB hwm=4371MB
RSS_SAMPLE t=570.0s rss=4371MB hwm=4371MB
RSS_SAMPLE t=570.3s rss=4371MB hwm=4371MB
RSS_SAMPLE t=570.5s rss=4371MB hwm=4371MB
RSS_SAMPLE t=570.8s rss=4372MB hwm=4372MB
RSS_SAMPLE t=571.1s rss=4372MB hwm=4372MB
RSS_SAMPLE t=571.3s rss=4372MB hwm=4372MB
RSS_SAMPLE t=571.6s rss=4372MB hwm=4372MB
RSS_SAMPLE t=571.8s rss=4372MB hwm=4372MB
RSS_SAMPLE t=572.1s rss=4372MB hwm=4372MB
RSS_SAMPLE t=572.3s rss=4372MB hwm=4372MB
RSS_SAMPLE t=572.6s rss=4372MB hwm=4372MB
RSS_SAMPLE t=572.8s rss=4372MB hwm=4372MB
RSS_SAMPLE t=573.1s rss=4372MB hwm=4372MB
RSS_SAMPLE t=573.3s rss=4372MB hwm=4372MB
RSS_SAMPLE t=573.6s rss=4372MB hwm=4372MB
RSS_SAMPLE t=573.8s rss=4372MB hwm=4372MB
RSS_SAMPLE t=574.1s rss=4372MB hwm=4372MB
RSS_SAMPLE t=574.3s rss=4372MB hwm=4372MB
RSS_SAMPLE t=574.6s rss=4373MB hwm=4373MB
RSS_SAMPLE t=574.8s rss=4373MB hwm=4373MB
RSS_SAMPLE t=575.1s rss=4373MB hwm=4373MB
RSS_SAMPLE t=575.3s rss=4373MB hwm=4373MB
RSS_SAMPLE t=575.6s rss=4373MB hwm=4373MB
RSS_SAMPLE t=575.8s rss=4373MB hwm=4373MB
RSS_SAMPLE t=576.1s rss=4374MB hwm=4374MB
RSS_SAMPLE t=576.3s rss=4374MB hwm=4374MB
RSS_SAMPLE t=576.6s rss=4374MB hwm=4374MB
RSS_SAMPLE t=576.8s rss=4374MB hwm=4374MB
RSS_SAMPLE t=577.1s rss=4375MB hwm=4375MB
RSS_SAMPLE t=577.3s rss=4375MB hwm=4375MB
RSS_SAMPLE t=577.6s rss=4375MB hwm=4375MB
RSS_SAMPLE t=577.8s rss=4375MB hwm=4375MB
RSS_SAMPLE t=578.1s rss=4375MB hwm=4375MB
RSS_SAMPLE t=578.3s rss=4375MB hwm=4375MB
RSS_SAMPLE t=578.6s rss=4375MB hwm=4375MB
RSS_SAMPLE t=578.8s rss=4375MB hwm=4375MB
RSS_SAMPLE t=579.1s rss=4375MB hwm=4375MB
RSS_SAMPLE t=579.3s rss=4375MB hwm=4375MB
RSS_SAMPLE t=579.6s rss=4375MB hwm=4375MB
RSS_SAMPLE t=579.8s rss=4375MB hwm=4375MB
RSS_SAMPLE t=580.1s rss=4375MB hwm=4375MB
RSS_SAMPLE t=580.3s rss=4375MB hwm=4375MB
RSS_SAMPLE t=580.6s rss=4376MB hwm=4376MB
RSS_SAMPLE t=580.8s rss=4376MB hwm=4376MB
RSS_SAMPLE t=581.1s rss=4376MB hwm=4376MB
RSS_SAMPLE t=581.3s rss=4376MB hwm=4376MB
RSS_SAMPLE t=581.6s rss=4376MB hwm=4376MB
RSS_SAMPLE t=581.8s rss=4376MB hwm=4376MB
RSS_SAMPLE t=582.1s rss=4376MB hwm=4376MB
RSS_SAMPLE t=582.3s rss=4376MB hwm=4376MB
RSS_SAMPLE t=582.6s rss=4376MB hwm=4376MB
RSS_SAMPLE t=582.8s rss=4376MB hwm=4376MB
RSS_SAMPLE t=583.1s rss=4377MB hwm=4377MB
RSS_SAMPLE t=583.3s rss=4377MB hwm=4377MB
RSS_SAMPLE t=583.6s rss=4377MB hwm=4377MB
RSS_SAMPLE t=583.8s rss=4377MB hwm=4377MB
RSS_SAMPLE t=584.1s rss=4377MB hwm=4377MB
RSS_SAMPLE t=584.3s rss=4377MB hwm=4377MB
RSS_SAMPLE t=584.6s rss=4377MB hwm=4377MB
RSS_SAMPLE t=584.8s rss=4377MB hwm=4377MB
RSS_SAMPLE t=585.1s rss=4377MB hwm=4377MB
RSS_SAMPLE t=585.3s rss=4377MB hwm=4377MB
RSS_SAMPLE t=585.6s rss=4377MB hwm=4377MB
RSS_SAMPLE t=585.8s rss=4377MB hwm=4377MB
RSS_SAMPLE t=586.1s rss=4378MB hwm=4378MB
RSS_SAMPLE t=586.3s rss=4378MB hwm=4378MB
RSS_SAMPLE t=586.6s rss=4378MB hwm=4378MB
RSS_SAMPLE t=586.8s rss=4378MB hwm=4378MB
RSS_SAMPLE t=587.1s rss=4378MB hwm=4378MB
RSS_SAMPLE t=587.3s rss=4378MB hwm=4378MB
RSS_SAMPLE t=587.6s rss=4378MB hwm=4378MB
RSS_SAMPLE t=587.8s rss=4378MB hwm=4378MB
RSS_SAMPLE t=588.1s rss=4379MB hwm=4379MB
RSS_SAMPLE t=588.3s rss=4379MB hwm=4379MB
RSS_SAMPLE t=588.6s rss=4379MB hwm=4379MB
RSS_SAMPLE t=588.8s rss=4379MB hwm=4379MB
RSS_SAMPLE t=589.1s rss=4379MB hwm=4379MB
RSS_SAMPLE t=589.3s rss=4379MB hwm=4379MB
RSS_SAMPLE t=589.6s rss=4379MB hwm=4379MB
RSS_SAMPLE t=589.8s rss=4379MB hwm=4379MB
RSS_SAMPLE t=590.1s rss=4379MB hwm=4379MB
RSS_SAMPLE t=590.3s rss=4379MB hwm=4379MB
RSS_SAMPLE t=590.6s rss=4379MB hwm=4379MB
RSS_SAMPLE t=590.8s rss=4379MB hwm=4379MB
RSS_SAMPLE t=591.1s rss=4379MB hwm=4379MB
RSS_SAMPLE t=591.3s rss=4380MB hwm=4380MB
RSS_SAMPLE t=591.6s rss=4380MB hwm=4380MB
RSS_SAMPLE t=591.8s rss=4380MB hwm=4380MB
RSS_SAMPLE t=592.1s rss=4380MB hwm=4380MB
RSS_SAMPLE t=592.3s rss=4380MB hwm=4380MB
RSS_SAMPLE t=592.6s rss=4380MB hwm=4380MB
RSS_SAMPLE t=592.8s rss=4380MB hwm=4380MB
RSS_SAMPLE t=593.1s rss=4380MB hwm=4380MB
RSS_SAMPLE t=593.3s rss=4380MB hwm=4380MB
RSS_SAMPLE t=593.6s rss=4381MB hwm=4381MB
RSS_SAMPLE t=593.8s rss=4381MB hwm=4381MB
RSS_SAMPLE t=594.1s rss=4381MB hwm=4381MB
RSS_SAMPLE t=594.3s rss=4381MB hwm=4381MB
RSS_SAMPLE t=594.6s rss=4381MB hwm=4381MB
RSS_SAMPLE t=594.8s rss=4381MB hwm=4381MB
RSS_SAMPLE t=595.1s rss=4381MB hwm=4381MB
RSS_SAMPLE t=595.3s rss=4381MB hwm=4381MB
RSS_SAMPLE t=595.6s rss=4381MB hwm=4381MB
RSS_SAMPLE t=595.8s rss=4381MB hwm=4381MB
RSS_SAMPLE t=596.1s rss=4381MB hwm=4381MB
RSS_SAMPLE t=596.4s rss=4381MB hwm=4381MB
RSS_SAMPLE t=596.6s rss=4381MB hwm=4381MB
RSS_SAMPLE t=596.9s rss=4381MB hwm=4381MB
RSS_SAMPLE t=597.1s rss=4381MB hwm=4381MB
RSS_SAMPLE t=597.4s rss=4381MB hwm=4381MB
RSS_SAMPLE t=597.6s rss=4381MB hwm=4381MB
RSS_SAMPLE t=597.9s rss=4381MB hwm=4381MB
RSS_SAMPLE t=598.1s rss=4381MB hwm=4381MB
RSS_SAMPLE t=598.4s rss=4381MB hwm=4381MB
RSS_SAMPLE t=598.6s rss=4381MB hwm=4381MB
RSS_SAMPLE t=598.9s rss=4382MB hwm=4382MB
RSS_SAMPLE t=599.1s rss=4382MB hwm=4382MB
RSS_SAMPLE t=599.4s rss=4382MB hwm=4382MB
RSS_SAMPLE t=599.6s rss=4382MB hwm=4382MB
RSS_SAMPLE t=599.9s rss=4382MB hwm=4382MB
RSS_SAMPLE t=600.1s rss=4382MB hwm=4382MB
RSS_SAMPLE t=600.4s rss=4382MB hwm=4382MB
RSS_SAMPLE t=600.6s rss=4382MB hwm=4382MB
RSS_SAMPLE t=600.9s rss=4382MB hwm=4382MB
RSS_SAMPLE t=601.1s rss=4382MB hwm=4382MB
RSS_SAMPLE t=601.4s rss=4382MB hwm=4382MB
RSS_SAMPLE t=601.6s rss=4382MB hwm=4382MB
RSS_SAMPLE t=601.9s rss=4382MB hwm=4382MB
RSS_SAMPLE t=602.1s rss=4382MB hwm=4382MB
RSS_SAMPLE t=602.4s rss=4382MB hwm=4382MB
RSS_SAMPLE t=602.6s rss=4382MB hwm=4382MB
RSS_SAMPLE t=602.9s rss=4382MB hwm=4382MB
RSS_SAMPLE t=603.1s rss=4382MB hwm=4382MB
RSS_SAMPLE t=603.4s rss=4382MB hwm=4382MB
RSS_SAMPLE t=603.6s rss=4382MB hwm=4382MB
RSS_SAMPLE t=603.9s rss=4382MB hwm=4382MB
RSS_SAMPLE t=604.1s rss=4382MB hwm=4382MB
RSS_SAMPLE t=604.4s rss=4382MB hwm=4382MB
RSS_SAMPLE t=604.6s rss=4382MB hwm=4382MB
RSS_SAMPLE t=604.9s rss=4382MB hwm=4382MB
RSS_SAMPLE t=605.1s rss=4382MB hwm=4382MB
RSS_SAMPLE t=605.4s rss=4382MB hwm=4382MB
RSS_SAMPLE t=605.6s rss=4382MB hwm=4382MB
RSS_SAMPLE t=605.9s rss=4382MB hwm=4382MB
RSS_SAMPLE t=606.1s rss=4382MB hwm=4382MB
RSS_SAMPLE t=606.4s rss=4382MB hwm=4382MB
RSS_SAMPLE t=606.6s rss=4382MB hwm=4382MB
RSS_SAMPLE t=606.9s rss=4382MB hwm=4382MB
RSS_SAMPLE t=607.1s rss=4382MB hwm=4382MB
RSS_SAMPLE t=607.4s rss=4382MB hwm=4382MB
RSS_SAMPLE t=607.6s rss=4382MB hwm=4382MB
RSS_SAMPLE t=607.9s rss=4382MB hwm=4382MB
RSS_SAMPLE t=608.1s rss=4382MB hwm=4382MB
RSS_SAMPLE t=608.4s rss=4382MB hwm=4382MB
RSS_SAMPLE t=608.6s rss=4382MB hwm=4382MB
RSS_SAMPLE t=608.9s rss=4382MB hwm=4382MB
RSS_SAMPLE t=609.1s rss=4382MB hwm=4382MB
RSS_SAMPLE t=609.4s rss=4382MB hwm=4382MB
RSS_SAMPLE t=609.6s rss=4382MB hwm=4382MB
RSS_SAMPLE t=609.9s rss=4382MB hwm=4382MB
RSS_SAMPLE t=610.1s rss=4382MB hwm=4382MB
RSS_SAMPLE t=610.4s rss=4382MB hwm=4382MB
RSS_SAMPLE t=610.6s rss=4382MB hwm=4382MB
RSS_SAMPLE t=610.9s rss=4382MB hwm=4382MB
RSS_SAMPLE t=611.1s rss=4382MB hwm=4382MB
RSS_SAMPLE t=611.4s rss=4382MB hwm=4382MB
RSS_SAMPLE t=611.6s rss=4382MB hwm=4382MB
RSS_SAMPLE t=611.9s rss=4382MB hwm=4382MB
RSS_SAMPLE t=612.1s rss=4382MB hwm=4382MB
RSS_SAMPLE t=612.4s rss=4382MB hwm=4382MB
RSS_SAMPLE t=612.6s rss=4382MB hwm=4382MB
RSS_SAMPLE t=612.9s rss=4382MB hwm=4382MB
RSS_SAMPLE t=613.1s rss=4382MB hwm=4382MB
RSS_SAMPLE t=613.4s rss=4382MB hwm=4382MB
RSS_SAMPLE t=613.6s rss=4382MB hwm=4382MB
RSS_SAMPLE t=613.9s rss=4382MB hwm=4382MB
RSS_SAMPLE t=614.1s rss=4382MB hwm=4382MB
RSS_SAMPLE t=614.4s rss=4382MB hwm=4382MB
RSS_SAMPLE t=614.6s rss=4382MB hwm=4382MB
RSS_SAMPLE t=614.9s rss=4382MB hwm=4382MB
RSS_SAMPLE t=615.1s rss=4382MB hwm=4382MB
RSS_SAMPLE t=615.4s rss=4382MB hwm=4382MB
RSS_SAMPLE t=615.6s rss=4382MB hwm=4382MB
RSS_SAMPLE t=615.9s rss=4382MB hwm=4382MB
RSS_SAMPLE t=616.1s rss=4382MB hwm=4382MB
RSS_SAMPLE t=616.4s rss=4382MB hwm=4382MB
RSS_SAMPLE t=616.6s rss=4382MB hwm=4382MB
RSS_SAMPLE t=616.9s rss=4382MB hwm=4382MB
RSS_SAMPLE t=617.1s rss=4382MB hwm=4382MB
RSS_SAMPLE t=617.4s rss=4382MB hwm=4382MB
RSS_SAMPLE t=617.6s rss=4382MB hwm=4382MB
RSS_SAMPLE t=617.9s rss=4382MB hwm=4382MB
RSS_SAMPLE t=618.1s rss=4382MB hwm=4382MB
RSS_SAMPLE t=618.4s rss=4382MB hwm=4382MB
RSS_SAMPLE t=618.6s rss=4382MB hwm=4382MB
RSS_SAMPLE t=618.9s rss=4382MB hwm=4382MB
RSS_SAMPLE t=619.1s rss=4382MB hwm=4382MB
RSS_SAMPLE t=619.4s rss=4382MB hwm=4382MB
RSS_SAMPLE t=619.6s rss=4382MB hwm=4382MB
RSS_SAMPLE t=619.9s rss=4382MB hwm=4382MB
RSS_SAMPLE t=620.1s rss=4382MB hwm=4382MB
RSS_SAMPLE t=620.4s rss=4382MB hwm=4382MB
RSS_SAMPLE t=620.6s rss=4382MB hwm=4382MB
RSS_SAMPLE t=620.9s rss=4382MB hwm=4382MB
RSS_SAMPLE t=621.1s rss=4382MB hwm=4382MB
RSS_SAMPLE t=621.4s rss=4382MB hwm=4382MB
RSS_SAMPLE t=621.6s rss=4382MB hwm=4382MB
RSS_SAMPLE t=621.9s rss=4382MB hwm=4382MB
RSS_SAMPLE t=622.1s rss=4382MB hwm=4382MB
RSS_SAMPLE t=622.4s rss=4382MB hwm=4382MB
RSS_SAMPLE t=622.6s rss=4382MB hwm=4382MB
RSS_SAMPLE t=622.9s rss=4382MB hwm=4382MB
RSS_SAMPLE t=623.1s rss=4382MB hwm=4382MB
RSS_SAMPLE t=623.4s rss=4382MB hwm=4382MB
RSS_SAMPLE t=623.6s rss=4382MB hwm=4382MB
RSS_SAMPLE t=623.9s rss=4382MB hwm=4382MB
RSS_SAMPLE t=624.1s rss=4382MB hwm=4382MB
RSS_SAMPLE t=624.4s rss=4382MB hwm=4382MB
RSS_SAMPLE t=624.6s rss=4382MB hwm=4382MB
RSS_SAMPLE t=624.9s rss=4382MB hwm=4382MB
RSS_SAMPLE t=625.1s rss=4382MB hwm=4382MB
RSS_SAMPLE t=625.4s rss=4382MB hwm=4382MB
RSS_SAMPLE t=625.6s rss=4382MB hwm=4382MB
RSS_SAMPLE t=625.9s rss=4382MB hwm=4382MB
RSS_SAMPLE t=626.1s rss=4382MB hwm=4382MB
RSS_SAMPLE t=626.4s rss=4382MB hwm=4382MB
RSS_SAMPLE t=626.6s rss=4382MB hwm=4382MB
RSS_SAMPLE t=626.9s rss=4382MB hwm=4382MB
RSS_SAMPLE t=627.1s rss=4382MB hwm=4382MB
RSS_SAMPLE t=627.4s rss=4382MB hwm=4382MB
RSS_SAMPLE t=627.6s rss=4382MB hwm=4382MB
RSS_SAMPLE t=627.9s rss=4382MB hwm=4382MB
RSS_SAMPLE t=628.1s rss=4382MB hwm=4382MB
RSS_SAMPLE t=628.4s rss=4382MB hwm=4382MB
RSS_SAMPLE t=628.6s rss=4382MB hwm=4382MB
RSS_SAMPLE t=628.9s rss=4382MB hwm=4382MB
RSS_SAMPLE t=629.1s rss=4382MB hwm=4382MB
RSS_SAMPLE t=629.4s rss=4382MB hwm=4382MB
RSS_SAMPLE t=629.6s rss=4382MB hwm=4382MB
RSS_SAMPLE t=629.9s rss=4382MB hwm=4382MB
RSS_SAMPLE t=630.1s rss=4382MB hwm=4382MB
RSS_SAMPLE t=630.4s rss=4382MB hwm=4382MB
RSS_SAMPLE t=630.6s rss=4382MB hwm=4382MB
RSS_SAMPLE t=630.9s rss=4382MB hwm=4382MB
RSS_SAMPLE t=631.1s rss=4382MB hwm=4382MB
RSS_SAMPLE t=631.4s rss=4382MB hwm=4382MB
RSS_SAMPLE t=631.6s rss=4382MB hwm=4382MB
RSS_SAMPLE t=631.9s rss=4382MB hwm=4382MB
RSS_SAMPLE t=632.1s rss=4382MB hwm=4382MB
RSS_SAMPLE t=632.4s rss=4382MB hwm=4382MB
RSS_SAMPLE t=632.6s rss=4382MB hwm=4382MB
RSS_SAMPLE t=632.9s rss=4382MB hwm=4382MB
RSS_SAMPLE t=633.1s rss=4382MB hwm=4382MB
RSS_SAMPLE t=633.4s rss=4383MB hwm=4383MB
RSS_SAMPLE t=633.6s rss=4383MB hwm=4383MB
RSS_SAMPLE t=633.9s rss=4383MB hwm=4383MB
RSS_SAMPLE t=634.1s rss=4383MB hwm=4383MB
RSS_SAMPLE t=634.4s rss=4383MB hwm=4383MB
RSS_SAMPLE t=634.6s rss=4383MB hwm=4383MB
RSS_SAMPLE t=634.9s rss=4383MB hwm=4383MB
RSS_SAMPLE t=635.1s rss=4383MB hwm=4383MB
RSS_SAMPLE t=635.4s rss=4383MB hwm=4383MB
RSS_SAMPLE t=635.6s rss=4383MB hwm=4383MB
RSS_SAMPLE t=635.9s rss=4383MB hwm=4383MB
RSS_SAMPLE t=636.1s rss=4383MB hwm=4383MB
RSS_SAMPLE t=636.4s rss=4383MB hwm=4383MB
RSS_SAMPLE t=636.6s rss=4383MB hwm=4383MB
RSS_SAMPLE t=636.9s rss=4383MB hwm=4383MB
RSS_SAMPLE t=637.1s rss=4383MB hwm=4383MB
RSS_SAMPLE t=637.4s rss=4383MB hwm=4383MB
RSS_SAMPLE t=637.6s rss=4383MB hwm=4383MB
RSS_SAMPLE t=637.9s rss=4383MB hwm=4383MB
RSS_SAMPLE t=638.1s rss=4383MB hwm=4383MB
RSS_SAMPLE t=638.4s rss=4383MB hwm=4383MB
RSS_SAMPLE t=638.6s rss=4383MB hwm=4383MB
MEM_POOL: workspaces=32 dense_usage_mb=1251 n_pipes=2562403
    post_solve_diag[outer=2]: solves=105117 cap_armed=105117 (100.0%) settle_avg=7390 above_sink_avg=96 (1.3%) settle_max=69353
    load_support[outer=2]: settle_avg=7390 load_nz_avg=718 (9.7%) load_material_avg=584 (7.9%)
    prune_ceiling[outer=2]: settle_avg=7390 heuristic_prunable_avg=831 (11.2%) vs oracle_zero_load=90.3%
    settle_hist[outer=2]: <100: 31076nets/0.1%work  <1k: 22831nets/1.0%work  <5k: 22121nets/7.1%work  <20k: 14038nets/19.8%work  <60k: 13809nets/61.5%work  >=60k: 1242nets/10.4%work
    fanout_hist[outer=2]: fan1: 43710nets/11.2%work  fan2-4: 48279nets/49.8%work  fan5-16: 12974nets/38.1%work  fan17-64: 154nets/1.0%work  fan65-256: 0nets/0.0%work  fan>256: 0nets/0.0%work
    rss_probe[outer=2]: pre_post_solve=4359MB post_post_solve=4383MB after_apply=4383MB
RSS_SAMPLE t=638.9s rss=4384MB hwm=4384MB
    E_decomp: base=8903251.6 eff=17199126457928662.0 cong=17199126449025410.0 cong_share=100.0% sat_pipes=86185 max_util=1941.46  R_buckets: 1-2x=97617 2-10x=23480 10-100x=8616 >=100x=2432690
    E_potential: beckmann=741812577579590.1 history_total=0.0
    SpanCache: epoch=3 entries=3251 lookups=2562403 hits=2559152 misses=3251 hit_rate=99.9%
  DCD   2: nets=105117 line=15902274 energy=35041021370.856 dE=+29745712034.689 friction=92606799.2 bins=2.0x(794) excess=304.4 moved=65489 disp=10.479 solves=105117 skip=105117 pops=776800174 theta=0.343 refresh=117897ms dcd=16636ms total=138616ms
    cache_stats: entries=46875584 capacity=83731125 est_mb=723 rss_mb=4384
RSS_SAMPLE t=639.1s rss=4385MB hwm=4385MB
RSS_SAMPLE t=639.4s rss=4385MB hwm=4385MB
RSS_SAMPLE t=639.6s rss=4385MB hwm=4385MB
RSS_SAMPLE t=639.9s rss=4385MB hwm=4385MB
RSS_SAMPLE t=640.1s rss=4385MB hwm=4385MB
RSS_SAMPLE t=640.4s rss=4385MB hwm=4385MB
RSS_SAMPLE t=640.6s rss=4385MB hwm=4385MB
RSS_SAMPLE t=640.9s rss=4385MB hwm=4385MB
RSS_SAMPLE t=641.1s rss=4385MB hwm=4385MB
RSS_SAMPLE t=641.4s rss=4385MB hwm=4385MB
RSS_SAMPLE t=641.6s rss=4385MB hwm=4385MB
RSS_SAMPLE t=641.9s rss=4385MB hwm=4385MB
RSS_SAMPLE t=642.1s rss=4385MB hwm=4385MB
RSS_SAMPLE t=642.4s rss=4385MB hwm=4385MB
RSS_SAMPLE t=642.6s rss=4385MB hwm=4385MB
RSS_SAMPLE t=642.9s rss=4385MB hwm=4385MB
    SwitchMatrix: type_usage_pairs=1577 lookups=3264 hits=1687 dijkstra_calls=1577 avg_us=15.3 total_ms=24.1
PHASE_MARK outer=3 enter=pre_solve rss=4385MB
    rss_probe[outer=3]: pre_refresh_rss=4385MB post_pre_solve_rss=4385MB cache_entries=46875584 cache_cap=83731125 cache_est_mb=723
    pre_solve_diag[outer=3]: solves=0 fallback=0 (0.0%) cap_armed=0 (0.0%) settle_avg=0 settle_max=0 init_count=241
    Overflow: over=82604 (3.2% of used) avg_excess=22.05 max_excess=3536.58 (nc=3560.58 cap=24 span=1)  excess_buckets: <=1=7933 1-5=36089 5-20=25381 >20=13201  by_cap: cap1=6588 cap2=67762 cap3-5=37 cap>5=8217  by_span: s1=657 s2-3=6949 s4-6=1860 s7-12=66720 s>12=6418  le1_cross: cap1=5740 cap2-5=1993 cap>5=200
    Congestion: pipes=2562403 used=2562403 congested(>50%)=126342 saturated(>90%)=86185 max_util=1941.46 avg_util=0.2893
PHASE_MARK outer=3 enter=dcd_sweep rss=4385MB
RSS_SAMPLE t=643.1s rss=4385MB hwm=4385MB
RSS_SAMPLE t=643.4s rss=4385MB hwm=4385MB
RSS_SAMPLE t=643.6s rss=4385MB hwm=4385MB
RSS_SAMPLE t=643.9s rss=4385MB hwm=4385MB
RSS_SAMPLE t=644.2s rss=4385MB hwm=4385MB
RSS_SAMPLE t=644.4s rss=4385MB hwm=4385MB
RSS_SAMPLE t=644.7s rss=4385MB hwm=4385MB
RSS_SAMPLE t=644.9s rss=4385MB hwm=4385MB
RSS_SAMPLE t=645.2s rss=4385MB hwm=4385MB
RSS_SAMPLE t=645.4s rss=4385MB hwm=4385MB
RSS_SAMPLE t=645.7s rss=4385MB hwm=4385MB
RSS_SAMPLE t=645.9s rss=4385MB hwm=4385MB
RSS_SAMPLE t=646.2s rss=4385MB hwm=4385MB
RSS_SAMPLE t=646.4s rss=4385MB hwm=4385MB
RSS_SAMPLE t=646.7s rss=4385MB hwm=4385MB
RSS_SAMPLE t=646.9s rss=4385MB hwm=4385MB
RSS_SAMPLE t=647.2s rss=4385MB hwm=4385MB
RSS_SAMPLE t=647.4s rss=4385MB hwm=4385MB
RSS_SAMPLE t=647.7s rss=4385MB hwm=4385MB
RSS_SAMPLE t=647.9s rss=4385MB hwm=4385MB
RSS_SAMPLE t=648.2s rss=4385MB hwm=4385MB
RSS_SAMPLE t=648.4s rss=4385MB hwm=4385MB
RSS_SAMPLE t=648.7s rss=4385MB hwm=4385MB
RSS_SAMPLE t=648.9s rss=4385MB hwm=4385MB
RSS_SAMPLE t=649.2s rss=4385MB hwm=4385MB
RSS_SAMPLE t=649.4s rss=4385MB hwm=4385MB
RSS_SAMPLE t=649.7s rss=4385MB hwm=4385MB
RSS_SAMPLE t=649.9s rss=4385MB hwm=4385MB
RSS_SAMPLE t=650.2s rss=4385MB hwm=4385MB
RSS_SAMPLE t=650.4s rss=4385MB hwm=4385MB
RSS_SAMPLE t=650.7s rss=4385MB hwm=4385MB
RSS_SAMPLE t=650.9s rss=4385MB hwm=4385MB
RSS_SAMPLE t=651.2s rss=4385MB hwm=4385MB
RSS_SAMPLE t=651.4s rss=4385MB hwm=4385MB
RSS_SAMPLE t=651.7s rss=4385MB hwm=4385MB
RSS_SAMPLE t=651.9s rss=4385MB hwm=4385MB
RSS_SAMPLE t=652.2s rss=4385MB hwm=4385MB
RSS_SAMPLE t=652.4s rss=4385MB hwm=4385MB
RSS_SAMPLE t=652.7s rss=4385MB hwm=4385MB
RSS_SAMPLE t=652.9s rss=4385MB hwm=4385MB
RSS_SAMPLE t=653.2s rss=4385MB hwm=4385MB
RSS_SAMPLE t=653.4s rss=4385MB hwm=4385MB
RSS_SAMPLE t=653.7s rss=4385MB hwm=4385MB
RSS_SAMPLE t=653.9s rss=4385MB hwm=4385MB
RSS_SAMPLE t=654.2s rss=4385MB hwm=4385MB
RSS_SAMPLE t=654.4s rss=4385MB hwm=4385MB
RSS_SAMPLE t=654.7s rss=4385MB hwm=4385MB
RSS_SAMPLE t=654.9s rss=4385MB hwm=4385MB
RSS_SAMPLE t=655.2s rss=4385MB hwm=4385MB
RSS_SAMPLE t=655.4s rss=4385MB hwm=4385MB
RSS_SAMPLE t=655.7s rss=4385MB hwm=4385MB
RSS_SAMPLE t=655.9s rss=4385MB hwm=4385MB
RSS_SAMPLE t=656.2s rss=4385MB hwm=4385MB
RSS_SAMPLE t=656.4s rss=4385MB hwm=4385MB
RSS_SAMPLE t=656.7s rss=4385MB hwm=4385MB
RSS_SAMPLE t=656.9s rss=4385MB hwm=4385MB
RSS_SAMPLE t=657.2s rss=4385MB hwm=4385MB
RSS_SAMPLE t=657.4s rss=4385MB hwm=4385MB
RSS_SAMPLE t=657.7s rss=4385MB hwm=4385MB
RSS_SAMPLE t=657.9s rss=4385MB hwm=4385MB
RSS_SAMPLE t=658.2s rss=4385MB hwm=4385MB
RSS_SAMPLE t=658.4s rss=4385MB hwm=4385MB
RSS_SAMPLE t=658.7s rss=4385MB hwm=4385MB
RSS_SAMPLE t=658.9s rss=4385MB hwm=4385MB
RSS_SAMPLE t=659.2s rss=4385MB hwm=4385MB
RSS_SAMPLE t=659.4s rss=4385MB hwm=4385MB
RSS_SAMPLE t=659.7s rss=4385MB hwm=4385MB
RSS_SAMPLE t=659.9s rss=4385MB hwm=4385MB
RSS_SAMPLE t=660.2s rss=4385MB hwm=4385MB
PHASE_MARK outer=3 leave=dcd_sweep rss=4385MB
PHASE_MARK outer=3 enter=post_refresh rss=4385MB
RSS_SAMPLE t=660.4s rss=4388MB hwm=4388MB
RSS_SAMPLE t=660.7s rss=4388MB hwm=4388MB
RSS_SAMPLE t=660.9s rss=4388MB hwm=4388MB
RSS_SAMPLE t=661.2s rss=4388MB hwm=4388MB
RSS_SAMPLE t=661.4s rss=4388MB hwm=4388MB
RSS_SAMPLE t=661.7s rss=4388MB hwm=4388MB
RSS_SAMPLE t=661.9s rss=4388MB hwm=4388MB
RSS_SAMPLE t=662.2s rss=4388MB hwm=4388MB
RSS_SAMPLE t=662.4s rss=4388MB hwm=4388MB
RSS_SAMPLE t=662.7s rss=4388MB hwm=4388MB
RSS_SAMPLE t=662.9s rss=4388MB hwm=4388MB
RSS_SAMPLE t=663.2s rss=4388MB hwm=4388MB
RSS_SAMPLE t=663.4s rss=4388MB hwm=4388MB
RSS_SAMPLE t=663.7s rss=4388MB hwm=4388MB
RSS_SAMPLE t=663.9s rss=4388MB hwm=4388MB
RSS_SAMPLE t=664.2s rss=4388MB hwm=4388MB
RSS_SAMPLE t=664.4s rss=4388MB hwm=4388MB
RSS_SAMPLE t=664.7s rss=4388MB hwm=4388MB
RSS_SAMPLE t=664.9s rss=4388MB hwm=4388MB
RSS_SAMPLE t=665.2s rss=4388MB hwm=4388MB
RSS_SAMPLE t=665.4s rss=4388MB hwm=4388MB
RSS_SAMPLE t=665.7s rss=4388MB hwm=4388MB
RSS_SAMPLE t=665.9s rss=4388MB hwm=4388MB
RSS_SAMPLE t=666.2s rss=4388MB hwm=4388MB
RSS_SAMPLE t=666.4s rss=4388MB hwm=4388MB
RSS_SAMPLE t=666.7s rss=4388MB hwm=4388MB
RSS_SAMPLE t=666.9s rss=4388MB hwm=4388MB
RSS_SAMPLE t=667.2s rss=4388MB hwm=4388MB
RSS_SAMPLE t=667.4s rss=4388MB hwm=4388MB
RSS_SAMPLE t=667.7s rss=4388MB hwm=4388MB
RSS_SAMPLE t=667.9s rss=4388MB hwm=4388MB
RSS_SAMPLE t=668.2s rss=4388MB hwm=4388MB
RSS_SAMPLE t=668.4s rss=4388MB hwm=4388MB
RSS_SAMPLE t=668.7s rss=4388MB hwm=4388MB
RSS_SAMPLE t=668.9s rss=4388MB hwm=4388MB
RSS_SAMPLE t=669.2s rss=4388MB hwm=4388MB
RSS_SAMPLE t=669.4s rss=4388MB hwm=4388MB
RSS_SAMPLE t=669.7s rss=4388MB hwm=4388MB
RSS_SAMPLE t=669.9s rss=4388MB hwm=4388MB
RSS_SAMPLE t=670.2s rss=4388MB hwm=4388MB
RSS_SAMPLE t=670.4s rss=4388MB hwm=4388MB
RSS_SAMPLE t=670.7s rss=4388MB hwm=4388MB
RSS_SAMPLE t=670.9s rss=4388MB hwm=4388MB
RSS_SAMPLE t=671.2s rss=4388MB hwm=4388MB
RSS_SAMPLE t=671.4s rss=4388MB hwm=4388MB
RSS_SAMPLE t=671.7s rss=4388MB hwm=4388MB
RSS_SAMPLE t=671.9s rss=4388MB hwm=4388MB
RSS_SAMPLE t=672.2s rss=4388MB hwm=4388MB
RSS_SAMPLE t=672.4s rss=4388MB hwm=4388MB
RSS_SAMPLE t=672.7s rss=4388MB hwm=4388MB
RSS_SAMPLE t=673.0s rss=4388MB hwm=4388MB
RSS_SAMPLE t=673.2s rss=4388MB hwm=4388MB
RSS_SAMPLE t=673.5s rss=4388MB hwm=4388MB
RSS_SAMPLE t=673.7s rss=4388MB hwm=4388MB
RSS_SAMPLE t=674.0s rss=4388MB hwm=4388MB
RSS_SAMPLE t=674.2s rss=4388MB hwm=4388MB
RSS_SAMPLE t=674.5s rss=4388MB hwm=4388MB
RSS_SAMPLE t=674.7s rss=4388MB hwm=4388MB
RSS_SAMPLE t=675.0s rss=4389MB hwm=4389MB
RSS_SAMPLE t=675.2s rss=4389MB hwm=4389MB
RSS_SAMPLE t=675.5s rss=4389MB hwm=4389MB
RSS_SAMPLE t=675.7s rss=4389MB hwm=4389MB
RSS_SAMPLE t=676.0s rss=4389MB hwm=4389MB
RSS_SAMPLE t=676.2s rss=4389MB hwm=4389MB
RSS_SAMPLE t=676.5s rss=4389MB hwm=4389MB
RSS_SAMPLE t=676.7s rss=4389MB hwm=4389MB
RSS_SAMPLE t=677.0s rss=4389MB hwm=4389MB
RSS_SAMPLE t=677.2s rss=4389MB hwm=4389MB
RSS_SAMPLE t=677.5s rss=4389MB hwm=4389MB
RSS_SAMPLE t=677.7s rss=4389MB hwm=4389MB
RSS_SAMPLE t=678.0s rss=4389MB hwm=4389MB
RSS_SAMPLE t=678.2s rss=4389MB hwm=4389MB
RSS_SAMPLE t=678.5s rss=4389MB hwm=4389MB
RSS_SAMPLE t=678.7s rss=4390MB hwm=4390MB
RSS_SAMPLE t=679.0s rss=4390MB hwm=4390MB
RSS_SAMPLE t=679.2s rss=4390MB hwm=4390MB
RSS_SAMPLE t=679.5s rss=4390MB hwm=4390MB
RSS_SAMPLE t=679.7s rss=4390MB hwm=4390MB
RSS_SAMPLE t=680.0s rss=4390MB hwm=4390MB
RSS_SAMPLE t=680.2s rss=4390MB hwm=4390MB
RSS_SAMPLE t=680.5s rss=4390MB hwm=4390MB
RSS_SAMPLE t=680.7s rss=4390MB hwm=4390MB
RSS_SAMPLE t=681.0s rss=4390MB hwm=4390MB
RSS_SAMPLE t=681.2s rss=4390MB hwm=4390MB
RSS_SAMPLE t=681.5s rss=4390MB hwm=4390MB
RSS_SAMPLE t=681.7s rss=4390MB hwm=4390MB
RSS_SAMPLE t=682.0s rss=4390MB hwm=4390MB
RSS_SAMPLE t=682.2s rss=4390MB hwm=4390MB
RSS_SAMPLE t=682.5s rss=4390MB hwm=4390MB
RSS_SAMPLE t=682.7s rss=4390MB hwm=4390MB
RSS_SAMPLE t=683.0s rss=4391MB hwm=4391MB
RSS_SAMPLE t=683.2s rss=4391MB hwm=4391MB
RSS_SAMPLE t=683.5s rss=4391MB hwm=4391MB
RSS_SAMPLE t=683.7s rss=4391MB hwm=4391MB
RSS_SAMPLE t=684.0s rss=4391MB hwm=4391MB
RSS_SAMPLE t=684.2s rss=4391MB hwm=4391MB
RSS_SAMPLE t=684.5s rss=4391MB hwm=4391MB
RSS_SAMPLE t=684.7s rss=4391MB hwm=4391MB
RSS_SAMPLE t=685.0s rss=4392MB hwm=4392MB
RSS_SAMPLE t=685.2s rss=4392MB hwm=4392MB
RSS_SAMPLE t=685.5s rss=4392MB hwm=4392MB
RSS_SAMPLE t=685.7s rss=4392MB hwm=4392MB
RSS_SAMPLE t=686.0s rss=4392MB hwm=4392MB
RSS_SAMPLE t=686.2s rss=4392MB hwm=4392MB
RSS_SAMPLE t=686.5s rss=4392MB hwm=4392MB
RSS_SAMPLE t=686.7s rss=4392MB hwm=4392MB
RSS_SAMPLE t=687.0s rss=4393MB hwm=4393MB
RSS_SAMPLE t=687.2s rss=4393MB hwm=4393MB
RSS_SAMPLE t=687.5s rss=4393MB hwm=4393MB
RSS_SAMPLE t=687.7s rss=4393MB hwm=4393MB
RSS_SAMPLE t=688.0s rss=4393MB hwm=4393MB
RSS_SAMPLE t=688.2s rss=4393MB hwm=4393MB
RSS_SAMPLE t=688.5s rss=4393MB hwm=4393MB
RSS_SAMPLE t=688.7s rss=4394MB hwm=4394MB
RSS_SAMPLE t=689.0s rss=4394MB hwm=4394MB
RSS_SAMPLE t=689.2s rss=4394MB hwm=4394MB
RSS_SAMPLE t=689.5s rss=4394MB hwm=4394MB
RSS_SAMPLE t=689.7s rss=4394MB hwm=4394MB
RSS_SAMPLE t=690.0s rss=4394MB hwm=4394MB
RSS_SAMPLE t=690.2s rss=4394MB hwm=4394MB
RSS_SAMPLE t=690.5s rss=4395MB hwm=4395MB
RSS_SAMPLE t=690.7s rss=4395MB hwm=4395MB
RSS_SAMPLE t=691.0s rss=4395MB hwm=4395MB
RSS_SAMPLE t=691.2s rss=4395MB hwm=4395MB
RSS_SAMPLE t=691.5s rss=4395MB hwm=4395MB
RSS_SAMPLE t=691.7s rss=4395MB hwm=4395MB
RSS_SAMPLE t=692.0s rss=4395MB hwm=4395MB
RSS_SAMPLE t=692.3s rss=4396MB hwm=4396MB
RSS_SAMPLE t=692.5s rss=4396MB hwm=4396MB
RSS_SAMPLE t=692.8s rss=4396MB hwm=4396MB
RSS_SAMPLE t=693.0s rss=4396MB hwm=4396MB
RSS_SAMPLE t=693.3s rss=4396MB hwm=4396MB
RSS_SAMPLE t=693.5s rss=4396MB hwm=4396MB
RSS_SAMPLE t=693.8s rss=4396MB hwm=4396MB
RSS_SAMPLE t=694.0s rss=4397MB hwm=4397MB
RSS_SAMPLE t=694.3s rss=4397MB hwm=4397MB
RSS_SAMPLE t=694.5s rss=4397MB hwm=4397MB
RSS_SAMPLE t=694.8s rss=4397MB hwm=4397MB
RSS_SAMPLE t=695.0s rss=4397MB hwm=4397MB
RSS_SAMPLE t=695.3s rss=4398MB hwm=4398MB
RSS_SAMPLE t=695.5s rss=4398MB hwm=4398MB
RSS_SAMPLE t=695.8s rss=4398MB hwm=4398MB
RSS_SAMPLE t=696.0s rss=4398MB hwm=4398MB
RSS_SAMPLE t=696.3s rss=4398MB hwm=4398MB
RSS_SAMPLE t=696.5s rss=4398MB hwm=4398MB
RSS_SAMPLE t=696.8s rss=4398MB hwm=4398MB
RSS_SAMPLE t=697.0s rss=4398MB hwm=4398MB
RSS_SAMPLE t=697.3s rss=4399MB hwm=4399MB
RSS_SAMPLE t=697.5s rss=4399MB hwm=4399MB
RSS_SAMPLE t=697.8s rss=4399MB hwm=4399MB
RSS_SAMPLE t=698.0s rss=4399MB hwm=4399MB
RSS_SAMPLE t=698.3s rss=4399MB hwm=4399MB
RSS_SAMPLE t=698.5s rss=4399MB hwm=4399MB
RSS_SAMPLE t=698.8s rss=4399MB hwm=4399MB
RSS_SAMPLE t=699.0s rss=4400MB hwm=4400MB
RSS_SAMPLE t=699.3s rss=4400MB hwm=4400MB
RSS_SAMPLE t=699.5s rss=4400MB hwm=4400MB
RSS_SAMPLE t=699.8s rss=4400MB hwm=4400MB
RSS_SAMPLE t=700.0s rss=4400MB hwm=4400MB
RSS_SAMPLE t=700.3s rss=4401MB hwm=4401MB
RSS_SAMPLE t=700.5s rss=4401MB hwm=4401MB
RSS_SAMPLE t=700.8s rss=4401MB hwm=4401MB
RSS_SAMPLE t=701.0s rss=4401MB hwm=4401MB
RSS_SAMPLE t=701.3s rss=4401MB hwm=4401MB
RSS_SAMPLE t=701.5s rss=4402MB hwm=4402MB
RSS_SAMPLE t=701.8s rss=4402MB hwm=4402MB
RSS_SAMPLE t=702.0s rss=4402MB hwm=4402MB
RSS_SAMPLE t=702.3s rss=4402MB hwm=4402MB
RSS_SAMPLE t=702.5s rss=4402MB hwm=4402MB
RSS_SAMPLE t=702.8s rss=4402MB hwm=4402MB
RSS_SAMPLE t=703.0s rss=4402MB hwm=4402MB
RSS_SAMPLE t=703.3s rss=4402MB hwm=4402MB
RSS_SAMPLE t=703.5s rss=4402MB hwm=4402MB
RSS_SAMPLE t=703.8s rss=4402MB hwm=4402MB
RSS_SAMPLE t=704.0s rss=4403MB hwm=4403MB
RSS_SAMPLE t=704.3s rss=4403MB hwm=4403MB
RSS_SAMPLE t=704.5s rss=4403MB hwm=4403MB
RSS_SAMPLE t=704.8s rss=4403MB hwm=4403MB
RSS_SAMPLE t=705.0s rss=4403MB hwm=4403MB
RSS_SAMPLE t=705.3s rss=4403MB hwm=4403MB
RSS_SAMPLE t=705.5s rss=4403MB hwm=4403MB
RSS_SAMPLE t=705.8s rss=4403MB hwm=4403MB
RSS_SAMPLE t=706.0s rss=4403MB hwm=4403MB
RSS_SAMPLE t=706.3s rss=4403MB hwm=4403MB
RSS_SAMPLE t=706.5s rss=4403MB hwm=4403MB
RSS_SAMPLE t=706.8s rss=4403MB hwm=4403MB
RSS_SAMPLE t=707.0s rss=4404MB hwm=4404MB
RSS_SAMPLE t=707.3s rss=4404MB hwm=4404MB
RSS_SAMPLE t=707.5s rss=4404MB hwm=4404MB
RSS_SAMPLE t=707.8s rss=4404MB hwm=4404MB
RSS_SAMPLE t=708.0s rss=4404MB hwm=4404MB
RSS_SAMPLE t=708.3s rss=4404MB hwm=4404MB
RSS_SAMPLE t=708.5s rss=4404MB hwm=4404MB
RSS_SAMPLE t=708.8s rss=4404MB hwm=4404MB
RSS_SAMPLE t=709.0s rss=4404MB hwm=4404MB
RSS_SAMPLE t=709.3s rss=4404MB hwm=4404MB
RSS_SAMPLE t=709.5s rss=4404MB hwm=4404MB
RSS_SAMPLE t=709.8s rss=4405MB hwm=4405MB
RSS_SAMPLE t=710.0s rss=4405MB hwm=4405MB
RSS_SAMPLE t=710.3s rss=4405MB hwm=4405MB
RSS_SAMPLE t=710.5s rss=4405MB hwm=4405MB
RSS_SAMPLE t=710.8s rss=4405MB hwm=4405MB
RSS_SAMPLE t=711.0s rss=4406MB hwm=4406MB
RSS_SAMPLE t=711.3s rss=4406MB hwm=4406MB
RSS_SAMPLE t=711.5s rss=4406MB hwm=4406MB
RSS_SAMPLE t=711.8s rss=4406MB hwm=4406MB
RSS_SAMPLE t=712.0s rss=4406MB hwm=4406MB
RSS_SAMPLE t=712.3s rss=4406MB hwm=4406MB
RSS_SAMPLE t=712.5s rss=4407MB hwm=4407MB
RSS_SAMPLE t=712.8s rss=4407MB hwm=4407MB
RSS_SAMPLE t=713.0s rss=4407MB hwm=4407MB
RSS_SAMPLE t=713.3s rss=4407MB hwm=4407MB
RSS_SAMPLE t=713.5s rss=4407MB hwm=4407MB
RSS_SAMPLE t=713.8s rss=4407MB hwm=4407MB
RSS_SAMPLE t=714.0s rss=4408MB hwm=4408MB
RSS_SAMPLE t=714.3s rss=4408MB hwm=4408MB
RSS_SAMPLE t=714.6s rss=4408MB hwm=4408MB
RSS_SAMPLE t=714.8s rss=4408MB hwm=4408MB
RSS_SAMPLE t=715.1s rss=4408MB hwm=4408MB
RSS_SAMPLE t=715.3s rss=4408MB hwm=4408MB
RSS_SAMPLE t=715.6s rss=4408MB hwm=4408MB
RSS_SAMPLE t=715.8s rss=4408MB hwm=4408MB
RSS_SAMPLE t=716.1s rss=4408MB hwm=4408MB
RSS_SAMPLE t=716.3s rss=4408MB hwm=4408MB
RSS_SAMPLE t=716.6s rss=4409MB hwm=4409MB
RSS_SAMPLE t=716.8s rss=4409MB hwm=4409MB
RSS_SAMPLE t=717.1s rss=4409MB hwm=4409MB
RSS_SAMPLE t=717.3s rss=4409MB hwm=4409MB
RSS_SAMPLE t=717.6s rss=4409MB hwm=4409MB
RSS_SAMPLE t=717.8s rss=4409MB hwm=4409MB
RSS_SAMPLE t=718.1s rss=4409MB hwm=4409MB
RSS_SAMPLE t=718.3s rss=4409MB hwm=4409MB
RSS_SAMPLE t=718.6s rss=4410MB hwm=4410MB
RSS_SAMPLE t=718.8s rss=4410MB hwm=4410MB
RSS_SAMPLE t=719.1s rss=4410MB hwm=4410MB
RSS_SAMPLE t=719.3s rss=4410MB hwm=4410MB
RSS_SAMPLE t=719.6s rss=4410MB hwm=4410MB
RSS_SAMPLE t=719.8s rss=4410MB hwm=4410MB
RSS_SAMPLE t=720.1s rss=4410MB hwm=4410MB
RSS_SAMPLE t=720.3s rss=4410MB hwm=4410MB
RSS_SAMPLE t=720.6s rss=4410MB hwm=4410MB
RSS_SAMPLE t=720.8s rss=4410MB hwm=4410MB
RSS_SAMPLE t=721.1s rss=4410MB hwm=4410MB
RSS_SAMPLE t=721.3s rss=4410MB hwm=4410MB
RSS_SAMPLE t=721.6s rss=4410MB hwm=4410MB
RSS_SAMPLE t=721.8s rss=4410MB hwm=4410MB
RSS_SAMPLE t=722.1s rss=4410MB hwm=4410MB
RSS_SAMPLE t=722.3s rss=4410MB hwm=4410MB
RSS_SAMPLE t=722.6s rss=4410MB hwm=4410MB
RSS_SAMPLE t=722.8s rss=4410MB hwm=4410MB
RSS_SAMPLE t=723.1s rss=4410MB hwm=4410MB
RSS_SAMPLE t=723.3s rss=4410MB hwm=4410MB
RSS_SAMPLE t=723.6s rss=4411MB hwm=4411MB
RSS_SAMPLE t=723.8s rss=4411MB hwm=4411MB
RSS_SAMPLE t=724.1s rss=4411MB hwm=4411MB
RSS_SAMPLE t=724.3s rss=4411MB hwm=4411MB
RSS_SAMPLE t=724.6s rss=4411MB hwm=4411MB
RSS_SAMPLE t=724.8s rss=4411MB hwm=4411MB
RSS_SAMPLE t=725.1s rss=4411MB hwm=4411MB
RSS_SAMPLE t=725.3s rss=4411MB hwm=4411MB
RSS_SAMPLE t=725.6s rss=4411MB hwm=4411MB
RSS_SAMPLE t=725.8s rss=4411MB hwm=4411MB
RSS_SAMPLE t=726.1s rss=4411MB hwm=4411MB
RSS_SAMPLE t=726.3s rss=4411MB hwm=4411MB
RSS_SAMPLE t=726.6s rss=4411MB hwm=4411MB
RSS_SAMPLE t=726.8s rss=4411MB hwm=4411MB
RSS_SAMPLE t=727.1s rss=4411MB hwm=4411MB
RSS_SAMPLE t=727.3s rss=4411MB hwm=4411MB
RSS_SAMPLE t=727.6s rss=4411MB hwm=4411MB
RSS_SAMPLE t=727.8s rss=4411MB hwm=4411MB
RSS_SAMPLE t=728.1s rss=4411MB hwm=4411MB
RSS_SAMPLE t=728.3s rss=4411MB hwm=4411MB
RSS_SAMPLE t=728.6s rss=4411MB hwm=4411MB
RSS_SAMPLE t=728.8s rss=4411MB hwm=4411MB
RSS_SAMPLE t=729.1s rss=4411MB hwm=4411MB
RSS_SAMPLE t=729.3s rss=4411MB hwm=4411MB
RSS_SAMPLE t=729.6s rss=4411MB hwm=4411MB
RSS_SAMPLE t=729.8s rss=4412MB hwm=4412MB
RSS_SAMPLE t=730.1s rss=4412MB hwm=4412MB
RSS_SAMPLE t=730.3s rss=4412MB hwm=4412MB
RSS_SAMPLE t=730.6s rss=4412MB hwm=4412MB
RSS_SAMPLE t=730.8s rss=4412MB hwm=4412MB
RSS_SAMPLE t=731.1s rss=4412MB hwm=4412MB
RSS_SAMPLE t=731.3s rss=4412MB hwm=4412MB
RSS_SAMPLE t=731.6s rss=4412MB hwm=4412MB
RSS_SAMPLE t=731.8s rss=4412MB hwm=4412MB
RSS_SAMPLE t=732.1s rss=4412MB hwm=4412MB
RSS_SAMPLE t=732.3s rss=4412MB hwm=4412MB
RSS_SAMPLE t=732.6s rss=4412MB hwm=4412MB
RSS_SAMPLE t=732.8s rss=4412MB hwm=4412MB
RSS_SAMPLE t=733.1s rss=4412MB hwm=4412MB
RSS_SAMPLE t=733.3s rss=4412MB hwm=4412MB
RSS_SAMPLE t=733.6s rss=4412MB hwm=4412MB
RSS_SAMPLE t=733.8s rss=4412MB hwm=4412MB
RSS_SAMPLE t=734.1s rss=4412MB hwm=4412MB
RSS_SAMPLE t=734.3s rss=4412MB hwm=4412MB
RSS_SAMPLE t=734.6s rss=4412MB hwm=4412MB
RSS_SAMPLE t=734.8s rss=4412MB hwm=4412MB
RSS_SAMPLE t=735.1s rss=4412MB hwm=4412MB
RSS_SAMPLE t=735.3s rss=4412MB hwm=4412MB
RSS_SAMPLE t=735.6s rss=4412MB hwm=4412MB
RSS_SAMPLE t=735.8s rss=4412MB hwm=4412MB
RSS_SAMPLE t=736.1s rss=4412MB hwm=4412MB
RSS_SAMPLE t=736.3s rss=4412MB hwm=4412MB
RSS_SAMPLE t=736.6s rss=4412MB hwm=4412MB
RSS_SAMPLE t=736.8s rss=4412MB hwm=4412MB
RSS_SAMPLE t=737.1s rss=4412MB hwm=4412MB
RSS_SAMPLE t=737.3s rss=4412MB hwm=4412MB
RSS_SAMPLE t=737.6s rss=4412MB hwm=4412MB
RSS_SAMPLE t=737.8s rss=4412MB hwm=4412MB
RSS_SAMPLE t=738.1s rss=4412MB hwm=4412MB
RSS_SAMPLE t=738.3s rss=4412MB hwm=4412MB
RSS_SAMPLE t=738.6s rss=4413MB hwm=4413MB
RSS_SAMPLE t=738.8s rss=4413MB hwm=4413MB
RSS_SAMPLE t=739.1s rss=4413MB hwm=4413MB
RSS_SAMPLE t=739.3s rss=4413MB hwm=4413MB
RSS_SAMPLE t=739.6s rss=4413MB hwm=4413MB
RSS_SAMPLE t=739.8s rss=4414MB hwm=4414MB
RSS_SAMPLE t=740.1s rss=4414MB hwm=4414MB
RSS_SAMPLE t=740.3s rss=4414MB hwm=4414MB
RSS_SAMPLE t=740.6s rss=4414MB hwm=4414MB
RSS_SAMPLE t=740.8s rss=4414MB hwm=4414MB
RSS_SAMPLE t=741.1s rss=4414MB hwm=4414MB
RSS_SAMPLE t=741.3s rss=4414MB hwm=4414MB
RSS_SAMPLE t=741.6s rss=4414MB hwm=4414MB
RSS_SAMPLE t=741.8s rss=4414MB hwm=4414MB
RSS_SAMPLE t=742.1s rss=4414MB hwm=4414MB
RSS_SAMPLE t=742.3s rss=4414MB hwm=4414MB
RSS_SAMPLE t=742.6s rss=4414MB hwm=4414MB
RSS_SAMPLE t=742.8s rss=4414MB hwm=4414MB
RSS_SAMPLE t=743.1s rss=4414MB hwm=4414MB
RSS_SAMPLE t=743.3s rss=4414MB hwm=4414MB
RSS_SAMPLE t=743.6s rss=4414MB hwm=4414MB
RSS_SAMPLE t=743.8s rss=4414MB hwm=4414MB
RSS_SAMPLE t=744.1s rss=4414MB hwm=4414MB
RSS_SAMPLE t=744.3s rss=4414MB hwm=4414MB
RSS_SAMPLE t=744.6s rss=4414MB hwm=4414MB
RSS_SAMPLE t=744.9s rss=4414MB hwm=4414MB
RSS_SAMPLE t=745.1s rss=4414MB hwm=4414MB
RSS_SAMPLE t=745.4s rss=4414MB hwm=4414MB
RSS_SAMPLE t=745.6s rss=4414MB hwm=4414MB
RSS_SAMPLE t=745.9s rss=4414MB hwm=4414MB
RSS_SAMPLE t=746.1s rss=4414MB hwm=4414MB
RSS_SAMPLE t=746.4s rss=4414MB hwm=4414MB
RSS_SAMPLE t=746.6s rss=4414MB hwm=4414MB
RSS_SAMPLE t=746.9s rss=4414MB hwm=4414MB
RSS_SAMPLE t=747.1s rss=4414MB hwm=4414MB
RSS_SAMPLE t=747.4s rss=4414MB hwm=4414MB
RSS_SAMPLE t=747.6s rss=4414MB hwm=4414MB
RSS_SAMPLE t=747.9s rss=4414MB hwm=4414MB
RSS_SAMPLE t=748.1s rss=4414MB hwm=4414MB
RSS_SAMPLE t=748.4s rss=4414MB hwm=4414MB
RSS_SAMPLE t=748.6s rss=4414MB hwm=4414MB
RSS_SAMPLE t=748.9s rss=4414MB hwm=4414MB
RSS_SAMPLE t=749.1s rss=4414MB hwm=4414MB
RSS_SAMPLE t=749.4s rss=4414MB hwm=4414MB
RSS_SAMPLE t=749.6s rss=4414MB hwm=4414MB
RSS_SAMPLE t=749.9s rss=4414MB hwm=4414MB
RSS_SAMPLE t=750.1s rss=4414MB hwm=4414MB
RSS_SAMPLE t=750.4s rss=4414MB hwm=4414MB
RSS_SAMPLE t=750.6s rss=4414MB hwm=4414MB
RSS_SAMPLE t=750.9s rss=4415MB hwm=4415MB
RSS_SAMPLE t=751.1s rss=4415MB hwm=4415MB
RSS_SAMPLE t=751.4s rss=4415MB hwm=4415MB
RSS_SAMPLE t=751.6s rss=4415MB hwm=4415MB
RSS_SAMPLE t=751.9s rss=4415MB hwm=4415MB
RSS_SAMPLE t=752.1s rss=4415MB hwm=4415MB
RSS_SAMPLE t=752.4s rss=4415MB hwm=4415MB
RSS_SAMPLE t=752.6s rss=4415MB hwm=4415MB
RSS_SAMPLE t=752.9s rss=4415MB hwm=4415MB
RSS_SAMPLE t=753.1s rss=4415MB hwm=4415MB
RSS_SAMPLE t=753.4s rss=4415MB hwm=4415MB
RSS_SAMPLE t=753.6s rss=4415MB hwm=4415MB
RSS_SAMPLE t=753.9s rss=4415MB hwm=4415MB
RSS_SAMPLE t=754.1s rss=4415MB hwm=4415MB
RSS_SAMPLE t=754.4s rss=4415MB hwm=4415MB
RSS_SAMPLE t=754.6s rss=4415MB hwm=4415MB
RSS_SAMPLE t=754.9s rss=4415MB hwm=4415MB
RSS_SAMPLE t=755.1s rss=4415MB hwm=4415MB
RSS_SAMPLE t=755.4s rss=4415MB hwm=4415MB
RSS_SAMPLE t=755.6s rss=4415MB hwm=4415MB
RSS_SAMPLE t=755.9s rss=4415MB hwm=4415MB
RSS_SAMPLE t=756.1s rss=4415MB hwm=4415MB
RSS_SAMPLE t=756.4s rss=4415MB hwm=4415MB
RSS_SAMPLE t=756.6s rss=4415MB hwm=4415MB
RSS_SAMPLE t=756.9s rss=4415MB hwm=4415MB
RSS_SAMPLE t=757.1s rss=4415MB hwm=4415MB
RSS_SAMPLE t=757.4s rss=4415MB hwm=4415MB
RSS_SAMPLE t=757.6s rss=4415MB hwm=4415MB
RSS_SAMPLE t=757.9s rss=4415MB hwm=4415MB
RSS_SAMPLE t=758.1s rss=4415MB hwm=4415MB
RSS_SAMPLE t=758.4s rss=4415MB hwm=4415MB
RSS_SAMPLE t=758.6s rss=4415MB hwm=4415MB
RSS_SAMPLE t=758.9s rss=4415MB hwm=4415MB
RSS_SAMPLE t=759.1s rss=4415MB hwm=4415MB
RSS_SAMPLE t=759.4s rss=4415MB hwm=4415MB
RSS_SAMPLE t=759.6s rss=4415MB hwm=4415MB
RSS_SAMPLE t=759.9s rss=4415MB hwm=4415MB
RSS_SAMPLE t=760.1s rss=4415MB hwm=4415MB
RSS_SAMPLE t=760.4s rss=4415MB hwm=4415MB
RSS_SAMPLE t=760.6s rss=4415MB hwm=4415MB
RSS_SAMPLE t=760.9s rss=4415MB hwm=4415MB
RSS_SAMPLE t=761.1s rss=4415MB hwm=4415MB
RSS_SAMPLE t=761.4s rss=4415MB hwm=4415MB
RSS_SAMPLE t=761.6s rss=4415MB hwm=4415MB
RSS_SAMPLE t=761.9s rss=4415MB hwm=4415MB
RSS_SAMPLE t=762.1s rss=4415MB hwm=4415MB
RSS_SAMPLE t=762.4s rss=4415MB hwm=4415MB
RSS_SAMPLE t=762.6s rss=4415MB hwm=4415MB
RSS_SAMPLE t=762.9s rss=4415MB hwm=4415MB
RSS_SAMPLE t=763.1s rss=4415MB hwm=4415MB
RSS_SAMPLE t=763.4s rss=4415MB hwm=4415MB
RSS_SAMPLE t=763.6s rss=4415MB hwm=4415MB
RSS_SAMPLE t=763.9s rss=4415MB hwm=4415MB
RSS_SAMPLE t=764.1s rss=4415MB hwm=4415MB
RSS_SAMPLE t=764.4s rss=4415MB hwm=4415MB
RSS_SAMPLE t=764.6s rss=4415MB hwm=4415MB
RSS_SAMPLE t=764.9s rss=4415MB hwm=4415MB
RSS_SAMPLE t=765.1s rss=4415MB hwm=4415MB
RSS_SAMPLE t=765.4s rss=4415MB hwm=4415MB
RSS_SAMPLE t=765.6s rss=4415MB hwm=4415MB
RSS_SAMPLE t=765.9s rss=4415MB hwm=4415MB
RSS_SAMPLE t=766.1s rss=4415MB hwm=4415MB
RSS_SAMPLE t=766.4s rss=4415MB hwm=4415MB
RSS_SAMPLE t=766.6s rss=4415MB hwm=4415MB
RSS_SAMPLE t=766.9s rss=4415MB hwm=4415MB
RSS_SAMPLE t=767.1s rss=4416MB hwm=4416MB
RSS_SAMPLE t=767.4s rss=4416MB hwm=4416MB
RSS_SAMPLE t=767.6s rss=4416MB hwm=4416MB
RSS_SAMPLE t=767.9s rss=4416MB hwm=4416MB
RSS_SAMPLE t=768.1s rss=4416MB hwm=4416MB
RSS_SAMPLE t=768.4s rss=4416MB hwm=4416MB
RSS_SAMPLE t=768.6s rss=4416MB hwm=4416MB
RSS_SAMPLE t=768.9s rss=4416MB hwm=4416MB
RSS_SAMPLE t=769.1s rss=4416MB hwm=4416MB
MEM_POOL: workspaces=32 dense_usage_mb=1251 n_pipes=2562403
    post_solve_diag[outer=3]: solves=105117 cap_armed=105117 (100.0%) settle_avg=6923 above_sink_avg=83 (1.2%) settle_max=69353
    load_support[outer=3]: settle_avg=6923 load_nz_avg=570 (8.2%) load_material_avg=473 (6.8%)
    prune_ceiling[outer=3]: settle_avg=6923 heuristic_prunable_avg=565 (8.2%) vs oracle_zero_load=91.8%
    settle_hist[outer=3]: <100: 31897nets/0.1%work  <1k: 22695nets/1.2%work  <5k: 21949nets/7.6%work  <20k: 14667nets/22.0%work  <60k: 13064nets/61.5%work  >=60k: 845nets/7.5%work
    fanout_hist[outer=3]: fan1: 43710nets/10.8%work  fan2-4: 48279nets/49.4%work  fan5-16: 12974nets/38.8%work  fan17-64: 154nets/1.0%work  fan65-256: 0nets/0.0%work  fan>256: 0nets/0.0%work
    rss_probe[outer=3]: pre_post_solve=4388MB post_post_solve=4416MB after_apply=4416MB
    E_decomp: base=8976688.1 eff=1858640217446791.0 cong=1858640208470103.0 cong_share=100.0% sat_pipes=82416 max_util=1049.04  R_buckets: 1-2x=85985 2-10x=19930 10-100x=15035 >=100x=2441453
    E_potential: beckmann=193618535597664.3 history_total=0.0
    SpanCache: epoch=4 entries=3264 lookups=2562403 hits=2559139 misses=3264 hit_rate=99.9%
  DCD   3: nets=105117 line=15560273 energy=41650082764.100 dE=+6609061393.244 friction=42783810.9 bins=2.0x(679) excess=259.1 moved=65927 disp=8.362 solves=105117 skip=105117 pops=727695039 theta=0.401 refresh=108976ms dcd=17335ms total=130250ms
    cache_stats: entries=47558940 capacity=84890459 est_mb=733 rss_mb=4416
RSS_SAMPLE t=769.4s rss=4417MB hwm=4417MB
RSS_SAMPLE t=769.6s rss=4417MB hwm=4417MB
RSS_SAMPLE t=769.9s rss=4417MB hwm=4417MB
RSS_SAMPLE t=770.1s rss=4417MB hwm=4417MB
RSS_SAMPLE t=770.4s rss=4417MB hwm=4417MB
RSS_SAMPLE t=770.6s rss=4417MB hwm=4417MB
RSS_SAMPLE t=770.9s rss=4417MB hwm=4417MB
RSS_SAMPLE t=771.1s rss=4417MB hwm=4417MB
RSS_SAMPLE t=771.4s rss=4417MB hwm=4417MB
RSS_SAMPLE t=771.6s rss=4417MB hwm=4417MB
RSS_SAMPLE t=771.9s rss=4417MB hwm=4417MB
RSS_SAMPLE t=772.1s rss=4417MB hwm=4417MB
RSS_SAMPLE t=772.4s rss=4417MB hwm=4417MB
RSS_SAMPLE t=772.6s rss=4417MB hwm=4417MB
RSS_SAMPLE t=772.9s rss=4417MB hwm=4417MB
    SwitchMatrix: type_usage_pairs=1503 lookups=2948 hits=1445 dijkstra_calls=1503 avg_us=16.3 total_ms=24.5
PHASE_MARK outer=4 enter=pre_solve rss=4417MB
    rss_probe[outer=4]: pre_refresh_rss=4417MB post_pre_solve_rss=4417MB cache_entries=47558940 cache_cap=84890459 cache_est_mb=733
    pre_solve_diag[outer=4]: solves=0 fallback=0 (0.0%) cap_armed=0 (0.0%) settle_avg=0 settle_max=0 init_count=64
    Overflow: over=80713 (3.1% of used) avg_excess=27.23 max_excess=3722.62 (nc=3746.62 cap=24 span=1)  excess_buckets: <=1=2759 1-5=33318 5-20=26496 >20=18140  by_cap: cap1=1420 cap2=67818 cap3-5=23 cap>5=11452  by_span: s1=644 s2-3=10410 s4-6=1722 s7-12=66673 s>12=1264  le1_cross: cap1=1002 cap2-5=1591 cap>5=166
    Congestion: pipes=2562403 used=2562403 congested(>50%)=102340 saturated(>90%)=82416 max_util=1049.04 avg_util=0.2718
PHASE_MARK outer=4 enter=dcd_sweep rss=4417MB
RSS_SAMPLE t=773.1s rss=4417MB hwm=4417MB
RSS_SAMPLE t=773.4s rss=4417MB hwm=4417MB
RSS_SAMPLE t=773.6s rss=4417MB hwm=4417MB
RSS_SAMPLE t=773.9s rss=4417MB hwm=4417MB
RSS_SAMPLE t=774.1s rss=4417MB hwm=4417MB
RSS_SAMPLE t=774.4s rss=4417MB hwm=4417MB
RSS_SAMPLE t=774.6s rss=4417MB hwm=4417MB
RSS_SAMPLE t=774.9s rss=4417MB hwm=4417MB
RSS_SAMPLE t=775.1s rss=4417MB hwm=4417MB
RSS_SAMPLE t=775.4s rss=4417MB hwm=4417MB
RSS_SAMPLE t=775.6s rss=4417MB hwm=4417MB
RSS_SAMPLE t=775.9s rss=4417MB hwm=4417MB
RSS_SAMPLE t=776.1s rss=4417MB hwm=4417MB
RSS_SAMPLE t=776.4s rss=4417MB hwm=4417MB
RSS_SAMPLE t=776.6s rss=4417MB hwm=4417MB
RSS_SAMPLE t=776.9s rss=4417MB hwm=4417MB
RSS_SAMPLE t=777.1s rss=4417MB hwm=4417MB
RSS_SAMPLE t=777.4s rss=4417MB hwm=4417MB
RSS_SAMPLE t=777.6s rss=4417MB hwm=4417MB
RSS_SAMPLE t=777.9s rss=4417MB hwm=4417MB
RSS_SAMPLE t=778.1s rss=4417MB hwm=4417MB
RSS_SAMPLE t=778.4s rss=4417MB hwm=4417MB
RSS_SAMPLE t=778.6s rss=4417MB hwm=4417MB
RSS_SAMPLE t=778.9s rss=4417MB hwm=4417MB
RSS_SAMPLE t=779.1s rss=4417MB hwm=4417MB
RSS_SAMPLE t=779.4s rss=4417MB hwm=4417MB
RSS_SAMPLE t=779.6s rss=4417MB hwm=4417MB
RSS_SAMPLE t=779.9s rss=4417MB hwm=4417MB
RSS_SAMPLE t=780.1s rss=4417MB hwm=4417MB
RSS_SAMPLE t=780.4s rss=4417MB hwm=4417MB
RSS_SAMPLE t=780.6s rss=4417MB hwm=4417MB
RSS_SAMPLE t=780.9s rss=4417MB hwm=4417MB
RSS_SAMPLE t=781.1s rss=4417MB hwm=4417MB
RSS_SAMPLE t=781.4s rss=4417MB hwm=4417MB
RSS_SAMPLE t=781.6s rss=4417MB hwm=4417MB
RSS_SAMPLE t=781.9s rss=4417MB hwm=4417MB
RSS_SAMPLE t=782.1s rss=4417MB hwm=4417MB
RSS_SAMPLE t=782.4s rss=4417MB hwm=4417MB
RSS_SAMPLE t=782.6s rss=4417MB hwm=4417MB
RSS_SAMPLE t=782.9s rss=4417MB hwm=4417MB
RSS_SAMPLE t=783.1s rss=4417MB hwm=4417MB
RSS_SAMPLE t=783.4s rss=4417MB hwm=4417MB
RSS_SAMPLE t=783.6s rss=4417MB hwm=4417MB
RSS_SAMPLE t=783.9s rss=4417MB hwm=4417MB
RSS_SAMPLE t=784.1s rss=4417MB hwm=4417MB
RSS_SAMPLE t=784.4s rss=4417MB hwm=4417MB
RSS_SAMPLE t=784.6s rss=4417MB hwm=4417MB
RSS_SAMPLE t=784.9s rss=4417MB hwm=4417MB
RSS_SAMPLE t=785.1s rss=4417MB hwm=4417MB
RSS_SAMPLE t=785.4s rss=4417MB hwm=4417MB
RSS_SAMPLE t=785.6s rss=4417MB hwm=4417MB
RSS_SAMPLE t=785.9s rss=4417MB hwm=4417MB
RSS_SAMPLE t=786.1s rss=4417MB hwm=4417MB
RSS_SAMPLE t=786.4s rss=4417MB hwm=4417MB
RSS_SAMPLE t=786.6s rss=4417MB hwm=4417MB
RSS_SAMPLE t=786.9s rss=4417MB hwm=4417MB
RSS_SAMPLE t=787.1s rss=4417MB hwm=4417MB
RSS_SAMPLE t=787.4s rss=4417MB hwm=4417MB
PHASE_MARK outer=4 leave=dcd_sweep rss=4417MB
PHASE_MARK outer=4 enter=post_refresh rss=4417MB
RSS_SAMPLE t=787.6s rss=4419MB hwm=4419MB
RSS_SAMPLE t=787.9s rss=4419MB hwm=4419MB
RSS_SAMPLE t=788.1s rss=4419MB hwm=4419MB
RSS_SAMPLE t=788.4s rss=4419MB hwm=4419MB
RSS_SAMPLE t=788.6s rss=4419MB hwm=4419MB
RSS_SAMPLE t=788.9s rss=4419MB hwm=4419MB
RSS_SAMPLE t=789.1s rss=4419MB hwm=4419MB
RSS_SAMPLE t=789.4s rss=4419MB hwm=4419MB
RSS_SAMPLE t=789.6s rss=4419MB hwm=4419MB
RSS_SAMPLE t=789.9s rss=4419MB hwm=4419MB
RSS_SAMPLE t=790.1s rss=4419MB hwm=4419MB
RSS_SAMPLE t=790.4s rss=4419MB hwm=4419MB
RSS_SAMPLE t=790.6s rss=4419MB hwm=4419MB
RSS_SAMPLE t=790.9s rss=4419MB hwm=4419MB
RSS_SAMPLE t=791.1s rss=4419MB hwm=4419MB
RSS_SAMPLE t=791.4s rss=4419MB hwm=4419MB
RSS_SAMPLE t=791.6s rss=4419MB hwm=4419MB
RSS_SAMPLE t=791.9s rss=4419MB hwm=4419MB
RSS_SAMPLE t=792.2s rss=4419MB hwm=4419MB
RSS_SAMPLE t=792.4s rss=4419MB hwm=4419MB
RSS_SAMPLE t=792.7s rss=4419MB hwm=4419MB
RSS_SAMPLE t=792.9s rss=4419MB hwm=4419MB
RSS_SAMPLE t=793.2s rss=4419MB hwm=4419MB
RSS_SAMPLE t=793.4s rss=4419MB hwm=4419MB
RSS_SAMPLE t=793.7s rss=4419MB hwm=4419MB
RSS_SAMPLE t=793.9s rss=4419MB hwm=4419MB
RSS_SAMPLE t=794.2s rss=4419MB hwm=4419MB
RSS_SAMPLE t=794.4s rss=4419MB hwm=4419MB
RSS_SAMPLE t=794.7s rss=4419MB hwm=4419MB
RSS_SAMPLE t=794.9s rss=4419MB hwm=4419MB
RSS_SAMPLE t=795.2s rss=4419MB hwm=4419MB
RSS_SAMPLE t=795.4s rss=4419MB hwm=4419MB
RSS_SAMPLE t=795.7s rss=4419MB hwm=4419MB
RSS_SAMPLE t=795.9s rss=4419MB hwm=4419MB
RSS_SAMPLE t=796.2s rss=4419MB hwm=4419MB
RSS_SAMPLE t=796.4s rss=4419MB hwm=4419MB
RSS_SAMPLE t=796.7s rss=4419MB hwm=4419MB
RSS_SAMPLE t=796.9s rss=4419MB hwm=4419MB
RSS_SAMPLE t=797.2s rss=4419MB hwm=4419MB
RSS_SAMPLE t=797.4s rss=4419MB hwm=4419MB
RSS_SAMPLE t=797.7s rss=4419MB hwm=4419MB
RSS_SAMPLE t=797.9s rss=4419MB hwm=4419MB
RSS_SAMPLE t=798.2s rss=4419MB hwm=4419MB
RSS_SAMPLE t=798.4s rss=4419MB hwm=4419MB
RSS_SAMPLE t=798.7s rss=4419MB hwm=4419MB
RSS_SAMPLE t=798.9s rss=4419MB hwm=4419MB
RSS_SAMPLE t=799.2s rss=4419MB hwm=4419MB
RSS_SAMPLE t=799.4s rss=4419MB hwm=4419MB
RSS_SAMPLE t=799.7s rss=4419MB hwm=4419MB
RSS_SAMPLE t=799.9s rss=4419MB hwm=4419MB
RSS_SAMPLE t=800.2s rss=4419MB hwm=4419MB
RSS_SAMPLE t=800.4s rss=4419MB hwm=4419MB
RSS_SAMPLE t=800.7s rss=4419MB hwm=4419MB
RSS_SAMPLE t=800.9s rss=4419MB hwm=4419MB
RSS_SAMPLE t=801.2s rss=4420MB hwm=4420MB
RSS_SAMPLE t=801.4s rss=4420MB hwm=4420MB
RSS_SAMPLE t=801.7s rss=4420MB hwm=4420MB
RSS_SAMPLE t=801.9s rss=4420MB hwm=4420MB
RSS_SAMPLE t=802.2s rss=4420MB hwm=4420MB
RSS_SAMPLE t=802.4s rss=4420MB hwm=4420MB
RSS_SAMPLE t=802.7s rss=4420MB hwm=4420MB
RSS_SAMPLE t=802.9s rss=4420MB hwm=4420MB
RSS_SAMPLE t=803.2s rss=4420MB hwm=4420MB
RSS_SAMPLE t=803.4s rss=4420MB hwm=4420MB
RSS_SAMPLE t=803.7s rss=4420MB hwm=4420MB
RSS_SAMPLE t=803.9s rss=4421MB hwm=4421MB
RSS_SAMPLE t=804.2s rss=4421MB hwm=4421MB
RSS_SAMPLE t=804.4s rss=4421MB hwm=4421MB
RSS_SAMPLE t=804.7s rss=4421MB hwm=4421MB
RSS_SAMPLE t=804.9s rss=4421MB hwm=4421MB
RSS_SAMPLE t=805.2s rss=4421MB hwm=4421MB
RSS_SAMPLE t=805.4s rss=4421MB hwm=4421MB
RSS_SAMPLE t=805.7s rss=4421MB hwm=4421MB
RSS_SAMPLE t=805.9s rss=4421MB hwm=4421MB
RSS_SAMPLE t=806.2s rss=4421MB hwm=4421MB
RSS_SAMPLE t=806.4s rss=4421MB hwm=4421MB
RSS_SAMPLE t=806.7s rss=4421MB hwm=4421MB
RSS_SAMPLE t=806.9s rss=4421MB hwm=4421MB
RSS_SAMPLE t=807.2s rss=4421MB hwm=4421MB
RSS_SAMPLE t=807.4s rss=4421MB hwm=4421MB
RSS_SAMPLE t=807.7s rss=4422MB hwm=4422MB
RSS_SAMPLE t=807.9s rss=4422MB hwm=4422MB
RSS_SAMPLE t=808.2s rss=4422MB hwm=4422MB
RSS_SAMPLE t=808.4s rss=4422MB hwm=4422MB
RSS_SAMPLE t=808.7s rss=4422MB hwm=4422MB
RSS_SAMPLE t=808.9s rss=4422MB hwm=4422MB
RSS_SAMPLE t=809.2s rss=4422MB hwm=4422MB
RSS_SAMPLE t=809.4s rss=4422MB hwm=4422MB
RSS_SAMPLE t=809.7s rss=4422MB hwm=4422MB
RSS_SAMPLE t=809.9s rss=4422MB hwm=4422MB
RSS_SAMPLE t=810.2s rss=4422MB hwm=4422MB
RSS_SAMPLE t=810.4s rss=4422MB hwm=4422MB
RSS_SAMPLE t=810.7s rss=4422MB hwm=4422MB
RSS_SAMPLE t=810.9s rss=4422MB hwm=4422MB
RSS_SAMPLE t=811.2s rss=4422MB hwm=4422MB
RSS_SAMPLE t=811.4s rss=4423MB hwm=4423MB
RSS_SAMPLE t=811.7s rss=4423MB hwm=4423MB
RSS_SAMPLE t=811.9s rss=4423MB hwm=4423MB
RSS_SAMPLE t=812.2s rss=4423MB hwm=4423MB
RSS_SAMPLE t=812.4s rss=4423MB hwm=4423MB
RSS_SAMPLE t=812.7s rss=4423MB hwm=4423MB
RSS_SAMPLE t=812.9s rss=4423MB hwm=4423MB
RSS_SAMPLE t=813.2s rss=4423MB hwm=4423MB
RSS_SAMPLE t=813.4s rss=4424MB hwm=4424MB
RSS_SAMPLE t=813.7s rss=4424MB hwm=4424MB
RSS_SAMPLE t=813.9s rss=4424MB hwm=4424MB
RSS_SAMPLE t=814.2s rss=4424MB hwm=4424MB
RSS_SAMPLE t=814.5s rss=4424MB hwm=4424MB
RSS_SAMPLE t=814.7s rss=4424MB hwm=4424MB
RSS_SAMPLE t=815.0s rss=4424MB hwm=4424MB
RSS_SAMPLE t=815.2s rss=4424MB hwm=4424MB
RSS_SAMPLE t=815.5s rss=4424MB hwm=4424MB
RSS_SAMPLE t=815.7s rss=4425MB hwm=4425MB
RSS_SAMPLE t=816.0s rss=4425MB hwm=4425MB
RSS_SAMPLE t=816.2s rss=4425MB hwm=4425MB
RSS_SAMPLE t=816.5s rss=4425MB hwm=4425MB
RSS_SAMPLE t=816.7s rss=4425MB hwm=4425MB
RSS_SAMPLE t=817.0s rss=4425MB hwm=4425MB
RSS_SAMPLE t=817.2s rss=4425MB hwm=4425MB
RSS_SAMPLE t=817.5s rss=4426MB hwm=4426MB
RSS_SAMPLE t=817.7s rss=4426MB hwm=4426MB
RSS_SAMPLE t=818.0s rss=4426MB hwm=4426MB
RSS_SAMPLE t=818.2s rss=4426MB hwm=4426MB
RSS_SAMPLE t=818.5s rss=4426MB hwm=4426MB
RSS_SAMPLE t=818.7s rss=4426MB hwm=4426MB
RSS_SAMPLE t=819.0s rss=4426MB hwm=4426MB
RSS_SAMPLE t=819.2s rss=4426MB hwm=4426MB
RSS_SAMPLE t=819.5s rss=4426MB hwm=4426MB
RSS_SAMPLE t=819.7s rss=4426MB hwm=4426MB
RSS_SAMPLE t=820.0s rss=4426MB hwm=4426MB
RSS_SAMPLE t=820.2s rss=4426MB hwm=4426MB
RSS_SAMPLE t=820.5s rss=4426MB hwm=4426MB
RSS_SAMPLE t=820.7s rss=4426MB hwm=4426MB
RSS_SAMPLE t=821.0s rss=4426MB hwm=4426MB
RSS_SAMPLE t=821.2s rss=4426MB hwm=4426MB
RSS_SAMPLE t=821.5s rss=4427MB hwm=4427MB
RSS_SAMPLE t=821.7s rss=4427MB hwm=4427MB
RSS_SAMPLE t=822.0s rss=4427MB hwm=4427MB
RSS_SAMPLE t=822.2s rss=4427MB hwm=4427MB
RSS_SAMPLE t=822.5s rss=4427MB hwm=4427MB
RSS_SAMPLE t=822.7s rss=4427MB hwm=4427MB
RSS_SAMPLE t=823.0s rss=4427MB hwm=4427MB
RSS_SAMPLE t=823.2s rss=4427MB hwm=4427MB
RSS_SAMPLE t=823.5s rss=4428MB hwm=4428MB
RSS_SAMPLE t=823.7s rss=4428MB hwm=4428MB
RSS_SAMPLE t=824.0s rss=4428MB hwm=4428MB
RSS_SAMPLE t=824.2s rss=4428MB hwm=4428MB
RSS_SAMPLE t=824.5s rss=4428MB hwm=4428MB
RSS_SAMPLE t=824.7s rss=4428MB hwm=4428MB
RSS_SAMPLE t=825.0s rss=4428MB hwm=4428MB
RSS_SAMPLE t=825.2s rss=4428MB hwm=4428MB
RSS_SAMPLE t=825.5s rss=4429MB hwm=4429MB
RSS_SAMPLE t=825.7s rss=4429MB hwm=4429MB
RSS_SAMPLE t=826.0s rss=4429MB hwm=4429MB
RSS_SAMPLE t=826.2s rss=4429MB hwm=4429MB
RSS_SAMPLE t=826.5s rss=4429MB hwm=4429MB
RSS_SAMPLE t=826.7s rss=4429MB hwm=4429MB
RSS_SAMPLE t=827.0s rss=4429MB hwm=4429MB
RSS_SAMPLE t=827.2s rss=4429MB hwm=4429MB
RSS_SAMPLE t=827.5s rss=4429MB hwm=4429MB
RSS_SAMPLE t=827.7s rss=4429MB hwm=4429MB
RSS_SAMPLE t=828.0s rss=4429MB hwm=4429MB
RSS_SAMPLE t=828.2s rss=4429MB hwm=4429MB
RSS_SAMPLE t=828.5s rss=4430MB hwm=4430MB
RSS_SAMPLE t=828.7s rss=4430MB hwm=4430MB
RSS_SAMPLE t=829.0s rss=4430MB hwm=4430MB
RSS_SAMPLE t=829.2s rss=4430MB hwm=4430MB
RSS_SAMPLE t=829.5s rss=4430MB hwm=4430MB
RSS_SAMPLE t=829.7s rss=4430MB hwm=4430MB
RSS_SAMPLE t=830.0s rss=4430MB hwm=4430MB
RSS_SAMPLE t=830.2s rss=4430MB hwm=4430MB
RSS_SAMPLE t=830.5s rss=4430MB hwm=4430MB
RSS_SAMPLE t=830.7s rss=4430MB hwm=4430MB
RSS_SAMPLE t=831.0s rss=4430MB hwm=4430MB
RSS_SAMPLE t=831.2s rss=4430MB hwm=4430MB
RSS_SAMPLE t=831.5s rss=4430MB hwm=4430MB
RSS_SAMPLE t=831.7s rss=4431MB hwm=4431MB
RSS_SAMPLE t=832.0s rss=4431MB hwm=4431MB
RSS_SAMPLE t=832.2s rss=4431MB hwm=4431MB
RSS_SAMPLE t=832.5s rss=4431MB hwm=4431MB
RSS_SAMPLE t=832.7s rss=4431MB hwm=4431MB
RSS_SAMPLE t=833.0s rss=4431MB hwm=4431MB
RSS_SAMPLE t=833.2s rss=4431MB hwm=4431MB
RSS_SAMPLE t=833.5s rss=4431MB hwm=4431MB
RSS_SAMPLE t=833.7s rss=4431MB hwm=4431MB
RSS_SAMPLE t=834.0s rss=4431MB hwm=4431MB
RSS_SAMPLE t=834.2s rss=4431MB hwm=4431MB
RSS_SAMPLE t=834.5s rss=4431MB hwm=4431MB
RSS_SAMPLE t=834.7s rss=4431MB hwm=4431MB
RSS_SAMPLE t=835.0s rss=4431MB hwm=4431MB
RSS_SAMPLE t=835.2s rss=4431MB hwm=4431MB
RSS_SAMPLE t=835.5s rss=4431MB hwm=4431MB
RSS_SAMPLE t=835.7s rss=4431MB hwm=4431MB
RSS_SAMPLE t=836.0s rss=4431MB hwm=4431MB
RSS_SAMPLE t=836.2s rss=4431MB hwm=4431MB
RSS_SAMPLE t=836.5s rss=4431MB hwm=4431MB
RSS_SAMPLE t=836.7s rss=4431MB hwm=4431MB
RSS_SAMPLE t=837.0s rss=4431MB hwm=4431MB
RSS_SAMPLE t=837.3s rss=4431MB hwm=4431MB
RSS_SAMPLE t=837.5s rss=4431MB hwm=4431MB
RSS_SAMPLE t=837.8s rss=4431MB hwm=4431MB
RSS_SAMPLE t=838.0s rss=4431MB hwm=4431MB
RSS_SAMPLE t=838.3s rss=4431MB hwm=4431MB
RSS_SAMPLE t=838.5s rss=4431MB hwm=4431MB
RSS_SAMPLE t=838.8s rss=4431MB hwm=4431MB
RSS_SAMPLE t=839.0s rss=4431MB hwm=4431MB
RSS_SAMPLE t=839.3s rss=4431MB hwm=4431MB
RSS_SAMPLE t=839.5s rss=4431MB hwm=4431MB
RSS_SAMPLE t=839.8s rss=4432MB hwm=4432MB
RSS_SAMPLE t=840.0s rss=4432MB hwm=4432MB
RSS_SAMPLE t=840.3s rss=4432MB hwm=4432MB
RSS_SAMPLE t=840.5s rss=4432MB hwm=4432MB
RSS_SAMPLE t=840.8s rss=4432MB hwm=4432MB
RSS_SAMPLE t=841.0s rss=4432MB hwm=4432MB
RSS_SAMPLE t=841.3s rss=4432MB hwm=4432MB
RSS_SAMPLE t=841.5s rss=4432MB hwm=4432MB
RSS_SAMPLE t=841.8s rss=4432MB hwm=4432MB
RSS_SAMPLE t=842.0s rss=4432MB hwm=4432MB
RSS_SAMPLE t=842.3s rss=4432MB hwm=4432MB
RSS_SAMPLE t=842.5s rss=4432MB hwm=4432MB
RSS_SAMPLE t=842.8s rss=4432MB hwm=4432MB
RSS_SAMPLE t=843.0s rss=4432MB hwm=4432MB
RSS_SAMPLE t=843.3s rss=4432MB hwm=4432MB
RSS_SAMPLE t=843.5s rss=4433MB hwm=4433MB
RSS_SAMPLE t=843.8s rss=4433MB hwm=4433MB
RSS_SAMPLE t=844.0s rss=4433MB hwm=4433MB
RSS_SAMPLE t=844.3s rss=4433MB hwm=4433MB
RSS_SAMPLE t=844.5s rss=4433MB hwm=4433MB
RSS_SAMPLE t=844.8s rss=4433MB hwm=4433MB
RSS_SAMPLE t=845.0s rss=4433MB hwm=4433MB
RSS_SAMPLE t=845.3s rss=4433MB hwm=4433MB
RSS_SAMPLE t=845.5s rss=4433MB hwm=4433MB
RSS_SAMPLE t=845.8s rss=4433MB hwm=4433MB
RSS_SAMPLE t=846.0s rss=4433MB hwm=4433MB
RSS_SAMPLE t=846.3s rss=4433MB hwm=4433MB
RSS_SAMPLE t=846.5s rss=4433MB hwm=4433MB
RSS_SAMPLE t=846.8s rss=4433MB hwm=4433MB
RSS_SAMPLE t=847.0s rss=4433MB hwm=4433MB
RSS_SAMPLE t=847.3s rss=4433MB hwm=4433MB
RSS_SAMPLE t=847.5s rss=4433MB hwm=4433MB
RSS_SAMPLE t=847.8s rss=4433MB hwm=4433MB
RSS_SAMPLE t=848.0s rss=4433MB hwm=4433MB
RSS_SAMPLE t=848.3s rss=4433MB hwm=4433MB
RSS_SAMPLE t=848.5s rss=4433MB hwm=4433MB
RSS_SAMPLE t=848.8s rss=4433MB hwm=4433MB
RSS_SAMPLE t=849.0s rss=4434MB hwm=4434MB
RSS_SAMPLE t=849.3s rss=4434MB hwm=4434MB
RSS_SAMPLE t=849.5s rss=4434MB hwm=4434MB
RSS_SAMPLE t=849.8s rss=4434MB hwm=4434MB
RSS_SAMPLE t=850.0s rss=4434MB hwm=4434MB
RSS_SAMPLE t=850.3s rss=4434MB hwm=4434MB
RSS_SAMPLE t=850.5s rss=4434MB hwm=4434MB
RSS_SAMPLE t=850.8s rss=4434MB hwm=4434MB
RSS_SAMPLE t=851.0s rss=4434MB hwm=4434MB
RSS_SAMPLE t=851.3s rss=4435MB hwm=4435MB
RSS_SAMPLE t=851.5s rss=4435MB hwm=4435MB
RSS_SAMPLE t=851.8s rss=4435MB hwm=4435MB
RSS_SAMPLE t=852.0s rss=4435MB hwm=4435MB
RSS_SAMPLE t=852.3s rss=4435MB hwm=4435MB
RSS_SAMPLE t=852.5s rss=4435MB hwm=4435MB
RSS_SAMPLE t=852.8s rss=4435MB hwm=4435MB
RSS_SAMPLE t=853.0s rss=4435MB hwm=4435MB
RSS_SAMPLE t=853.3s rss=4435MB hwm=4435MB
RSS_SAMPLE t=853.5s rss=4435MB hwm=4435MB
RSS_SAMPLE t=853.8s rss=4435MB hwm=4435MB
RSS_SAMPLE t=854.0s rss=4435MB hwm=4435MB
RSS_SAMPLE t=854.3s rss=4435MB hwm=4435MB
RSS_SAMPLE t=854.5s rss=4435MB hwm=4435MB
RSS_SAMPLE t=854.8s rss=4435MB hwm=4435MB
RSS_SAMPLE t=855.0s rss=4435MB hwm=4435MB
RSS_SAMPLE t=855.3s rss=4435MB hwm=4435MB
RSS_SAMPLE t=855.5s rss=4435MB hwm=4435MB
RSS_SAMPLE t=855.8s rss=4435MB hwm=4435MB
RSS_SAMPLE t=856.0s rss=4435MB hwm=4435MB
RSS_SAMPLE t=856.3s rss=4435MB hwm=4435MB
RSS_SAMPLE t=856.5s rss=4435MB hwm=4435MB
RSS_SAMPLE t=856.8s rss=4435MB hwm=4435MB
RSS_SAMPLE t=857.0s rss=4435MB hwm=4435MB
RSS_SAMPLE t=857.3s rss=4435MB hwm=4435MB
RSS_SAMPLE t=857.5s rss=4435MB hwm=4435MB
RSS_SAMPLE t=857.8s rss=4435MB hwm=4435MB
RSS_SAMPLE t=858.0s rss=4436MB hwm=4436MB
RSS_SAMPLE t=858.3s rss=4436MB hwm=4436MB
RSS_SAMPLE t=858.5s rss=4436MB hwm=4436MB
RSS_SAMPLE t=858.8s rss=4436MB hwm=4436MB
RSS_SAMPLE t=859.0s rss=4436MB hwm=4436MB
RSS_SAMPLE t=859.3s rss=4436MB hwm=4436MB
RSS_SAMPLE t=859.5s rss=4436MB hwm=4436MB
RSS_SAMPLE t=859.8s rss=4436MB hwm=4436MB
RSS_SAMPLE t=860.0s rss=4436MB hwm=4436MB
RSS_SAMPLE t=860.3s rss=4436MB hwm=4436MB
RSS_SAMPLE t=860.5s rss=4436MB hwm=4436MB
RSS_SAMPLE t=860.8s rss=4436MB hwm=4436MB
RSS_SAMPLE t=861.0s rss=4436MB hwm=4436MB
RSS_SAMPLE t=861.3s rss=4436MB hwm=4436MB
RSS_SAMPLE t=861.5s rss=4436MB hwm=4436MB
RSS_SAMPLE t=861.8s rss=4436MB hwm=4436MB
RSS_SAMPLE t=862.0s rss=4436MB hwm=4436MB
RSS_SAMPLE t=862.3s rss=4436MB hwm=4436MB
RSS_SAMPLE t=862.6s rss=4437MB hwm=4437MB
RSS_SAMPLE t=862.8s rss=4437MB hwm=4437MB
RSS_SAMPLE t=863.1s rss=4437MB hwm=4437MB
RSS_SAMPLE t=863.3s rss=4437MB hwm=4437MB
RSS_SAMPLE t=863.6s rss=4437MB hwm=4437MB
RSS_SAMPLE t=863.8s rss=4437MB hwm=4437MB
RSS_SAMPLE t=864.1s rss=4437MB hwm=4437MB
RSS_SAMPLE t=864.3s rss=4437MB hwm=4437MB
RSS_SAMPLE t=864.6s rss=4438MB hwm=4438MB
RSS_SAMPLE t=864.8s rss=4438MB hwm=4438MB
RSS_SAMPLE t=865.1s rss=4438MB hwm=4438MB
RSS_SAMPLE t=865.3s rss=4438MB hwm=4438MB
RSS_SAMPLE t=865.6s rss=4438MB hwm=4438MB
RSS_SAMPLE t=865.8s rss=4438MB hwm=4438MB
RSS_SAMPLE t=866.1s rss=4438MB hwm=4438MB
RSS_SAMPLE t=866.3s rss=4438MB hwm=4438MB
RSS_SAMPLE t=866.6s rss=4438MB hwm=4438MB
RSS_SAMPLE t=866.8s rss=4438MB hwm=4438MB
RSS_SAMPLE t=867.1s rss=4438MB hwm=4438MB
RSS_SAMPLE t=867.3s rss=4438MB hwm=4438MB
RSS_SAMPLE t=867.6s rss=4438MB hwm=4438MB
RSS_SAMPLE t=867.8s rss=4438MB hwm=4438MB
RSS_SAMPLE t=868.1s rss=4438MB hwm=4438MB
RSS_SAMPLE t=868.3s rss=4438MB hwm=4438MB
RSS_SAMPLE t=868.6s rss=4438MB hwm=4438MB
RSS_SAMPLE t=868.8s rss=4438MB hwm=4438MB
RSS_SAMPLE t=869.1s rss=4438MB hwm=4438MB
RSS_SAMPLE t=869.3s rss=4438MB hwm=4438MB
RSS_SAMPLE t=869.6s rss=4438MB hwm=4438MB
RSS_SAMPLE t=869.8s rss=4438MB hwm=4438MB
RSS_SAMPLE t=870.1s rss=4438MB hwm=4438MB
RSS_SAMPLE t=870.3s rss=4438MB hwm=4438MB
RSS_SAMPLE t=870.6s rss=4438MB hwm=4438MB
RSS_SAMPLE t=870.8s rss=4438MB hwm=4438MB
RSS_SAMPLE t=871.1s rss=4438MB hwm=4438MB
RSS_SAMPLE t=871.3s rss=4438MB hwm=4438MB
RSS_SAMPLE t=871.6s rss=4438MB hwm=4438MB
RSS_SAMPLE t=871.8s rss=4438MB hwm=4438MB
RSS_SAMPLE t=872.1s rss=4438MB hwm=4438MB
RSS_SAMPLE t=872.3s rss=4438MB hwm=4438MB
RSS_SAMPLE t=872.6s rss=4438MB hwm=4438MB
RSS_SAMPLE t=872.8s rss=4438MB hwm=4438MB
RSS_SAMPLE t=873.1s rss=4438MB hwm=4438MB
RSS_SAMPLE t=873.3s rss=4438MB hwm=4438MB
RSS_SAMPLE t=873.6s rss=4438MB hwm=4438MB
RSS_SAMPLE t=873.8s rss=4438MB hwm=4438MB
RSS_SAMPLE t=874.1s rss=4438MB hwm=4438MB
RSS_SAMPLE t=874.3s rss=4438MB hwm=4438MB
RSS_SAMPLE t=874.6s rss=4438MB hwm=4438MB
RSS_SAMPLE t=874.8s rss=4438MB hwm=4438MB
RSS_SAMPLE t=875.1s rss=4438MB hwm=4438MB
RSS_SAMPLE t=875.3s rss=4438MB hwm=4438MB
RSS_SAMPLE t=875.6s rss=4438MB hwm=4438MB
RSS_SAMPLE t=875.8s rss=4438MB hwm=4438MB
RSS_SAMPLE t=876.1s rss=4438MB hwm=4438MB
RSS_SAMPLE t=876.3s rss=4438MB hwm=4438MB
RSS_SAMPLE t=876.6s rss=4438MB hwm=4438MB
RSS_SAMPLE t=876.8s rss=4438MB hwm=4438MB
RSS_SAMPLE t=877.1s rss=4438MB hwm=4438MB
RSS_SAMPLE t=877.3s rss=4438MB hwm=4438MB
RSS_SAMPLE t=877.6s rss=4438MB hwm=4438MB
RSS_SAMPLE t=877.8s rss=4438MB hwm=4438MB
RSS_SAMPLE t=878.1s rss=4439MB hwm=4439MB
RSS_SAMPLE t=878.3s rss=4439MB hwm=4439MB
RSS_SAMPLE t=878.6s rss=4439MB hwm=4439MB
RSS_SAMPLE t=878.8s rss=4439MB hwm=4439MB
RSS_SAMPLE t=879.1s rss=4439MB hwm=4439MB
RSS_SAMPLE t=879.3s rss=4439MB hwm=4439MB
RSS_SAMPLE t=879.6s rss=4439MB hwm=4439MB
RSS_SAMPLE t=879.8s rss=4439MB hwm=4439MB
RSS_SAMPLE t=880.1s rss=4439MB hwm=4439MB
RSS_SAMPLE t=880.3s rss=4439MB hwm=4439MB
RSS_SAMPLE t=880.6s rss=4439MB hwm=4439MB
RSS_SAMPLE t=880.8s rss=4439MB hwm=4439MB
RSS_SAMPLE t=881.1s rss=4439MB hwm=4439MB
RSS_SAMPLE t=881.3s rss=4439MB hwm=4439MB
RSS_SAMPLE t=881.6s rss=4439MB hwm=4439MB
RSS_SAMPLE t=881.8s rss=4439MB hwm=4439MB
RSS_SAMPLE t=882.1s rss=4439MB hwm=4439MB
RSS_SAMPLE t=882.3s rss=4439MB hwm=4439MB
RSS_SAMPLE t=882.6s rss=4439MB hwm=4439MB
RSS_SAMPLE t=882.8s rss=4439MB hwm=4439MB
RSS_SAMPLE t=883.1s rss=4439MB hwm=4439MB
RSS_SAMPLE t=883.3s rss=4439MB hwm=4439MB
RSS_SAMPLE t=883.6s rss=4439MB hwm=4439MB
RSS_SAMPLE t=883.8s rss=4439MB hwm=4439MB
RSS_SAMPLE t=884.1s rss=4439MB hwm=4439MB
RSS_SAMPLE t=884.3s rss=4439MB hwm=4439MB
RSS_SAMPLE t=884.6s rss=4439MB hwm=4439MB
RSS_SAMPLE t=884.8s rss=4439MB hwm=4439MB
RSS_SAMPLE t=885.1s rss=4439MB hwm=4439MB
RSS_SAMPLE t=885.3s rss=4439MB hwm=4439MB
RSS_SAMPLE t=885.6s rss=4439MB hwm=4439MB
RSS_SAMPLE t=885.8s rss=4439MB hwm=4439MB
RSS_SAMPLE t=886.1s rss=4439MB hwm=4439MB
RSS_SAMPLE t=886.3s rss=4439MB hwm=4439MB
RSS_SAMPLE t=886.6s rss=4439MB hwm=4439MB
RSS_SAMPLE t=886.8s rss=4439MB hwm=4439MB
RSS_SAMPLE t=887.1s rss=4439MB hwm=4439MB
RSS_SAMPLE t=887.3s rss=4439MB hwm=4439MB
RSS_SAMPLE t=887.6s rss=4440MB hwm=4440MB
RSS_SAMPLE t=887.8s rss=4440MB hwm=4440MB
RSS_SAMPLE t=888.1s rss=4440MB hwm=4440MB
RSS_SAMPLE t=888.3s rss=4440MB hwm=4440MB
RSS_SAMPLE t=888.6s rss=4440MB hwm=4440MB
RSS_SAMPLE t=888.8s rss=4440MB hwm=4440MB
RSS_SAMPLE t=889.1s rss=4440MB hwm=4440MB
RSS_SAMPLE t=889.3s rss=4440MB hwm=4440MB
RSS_SAMPLE t=889.6s rss=4440MB hwm=4440MB
RSS_SAMPLE t=889.8s rss=4440MB hwm=4440MB
RSS_SAMPLE t=890.1s rss=4440MB hwm=4440MB
RSS_SAMPLE t=890.3s rss=4440MB hwm=4440MB
RSS_SAMPLE t=890.6s rss=4440MB hwm=4440MB
RSS_SAMPLE t=890.8s rss=4440MB hwm=4440MB
RSS_SAMPLE t=891.1s rss=4440MB hwm=4440MB
RSS_SAMPLE t=891.3s rss=4440MB hwm=4440MB
RSS_SAMPLE t=891.6s rss=4440MB hwm=4440MB
RSS_SAMPLE t=891.8s rss=4440MB hwm=4440MB
RSS_SAMPLE t=892.1s rss=4440MB hwm=4440MB
RSS_SAMPLE t=892.3s rss=4440MB hwm=4440MB
RSS_SAMPLE t=892.6s rss=4440MB hwm=4440MB
RSS_SAMPLE t=892.8s rss=4440MB hwm=4440MB
RSS_SAMPLE t=893.1s rss=4440MB hwm=4440MB
RSS_SAMPLE t=893.3s rss=4440MB hwm=4440MB
RSS_SAMPLE t=893.6s rss=4440MB hwm=4440MB
RSS_SAMPLE t=893.8s rss=4440MB hwm=4440MB
RSS_SAMPLE t=894.1s rss=4440MB hwm=4440MB
RSS_SAMPLE t=894.3s rss=4440MB hwm=4440MB
RSS_SAMPLE t=894.6s rss=4440MB hwm=4440MB
RSS_SAMPLE t=894.8s rss=4440MB hwm=4440MB
RSS_SAMPLE t=895.1s rss=4440MB hwm=4440MB
MEM_POOL: workspaces=32 dense_usage_mb=1251 n_pipes=2562403
    post_solve_diag[outer=4]: solves=105117 cap_armed=105117 (100.0%) settle_avg=6903 above_sink_avg=100 (1.4%) settle_max=69353
    load_support[outer=4]: settle_avg=6903 load_nz_avg=566 (8.2%) load_material_avg=455 (6.6%)
    prune_ceiling[outer=4]: settle_avg=6903 heuristic_prunable_avg=562 (8.1%) vs oracle_zero_load=91.8%
    settle_hist[outer=4]: <100: 32373nets/0.1%work  <1k: 21444nets/1.1%work  <5k: 21954nets/7.7%work  <20k: 15566nets/23.2%work  <60k: 13061nets/61.4%work  >=60k: 719nets/6.4%work
    fanout_hist[outer=4]: fan1: 43710nets/11.3%work  fan2-4: 48279nets/49.6%work  fan5-16: 12974nets/38.1%work  fan17-64: 154nets/1.0%work  fan65-256: 0nets/0.0%work  fan>256: 0nets/0.0%work
    rss_probe[outer=4]: pre_post_solve=4419MB post_post_solve=4440MB after_apply=4440MB
RSS_SAMPLE t=895.3s rss=4440MB hwm=4440MB
    E_decomp: base=8454274.0 eff=485666455892538.1 cong=485666447438264.1 cong_share=100.0% sat_pipes=83403 max_util=1909.31  R_buckets: 1-2x=82021 2-10x=20893 10-100x=16233 >=100x=2443256
    E_potential: beckmann=218936413925341.8 history_total=0.0
    SpanCache: epoch=5 entries=2948 lookups=2562403 hits=2559455 misses=2948 hit_rate=99.9%
  DCD   4: nets=105117 line=15199577 energy=25881588056.352 dE=-15768494707.748 friction=29652272.4 bins=2.0x(525) excess=213.0 moved=65565 disp=7.451 solves=105117 skip=105117 pops=725624518 theta=0.470 refresh=107940ms dcd=14345ms total=126306ms
    cache_stats: entries=49678121 capacity=89463748 est_mb=773 rss_mb=4441
RSS_SAMPLE t=895.6s rss=4441MB hwm=4441MB
RSS_SAMPLE t=895.8s rss=4441MB hwm=4441MB
RSS_SAMPLE t=896.1s rss=4441MB hwm=4441MB
RSS_SAMPLE t=896.3s rss=4441MB hwm=4441MB
RSS_SAMPLE t=896.6s rss=4441MB hwm=4441MB
RSS_SAMPLE t=896.8s rss=4441MB hwm=4441MB
RSS_SAMPLE t=897.1s rss=4441MB hwm=4441MB
RSS_SAMPLE t=897.3s rss=4441MB hwm=4441MB
RSS_SAMPLE t=897.6s rss=4441MB hwm=4441MB
RSS_SAMPLE t=897.8s rss=4441MB hwm=4441MB
RSS_SAMPLE t=898.1s rss=4441MB hwm=4441MB
RSS_SAMPLE t=898.3s rss=4441MB hwm=4441MB
RSS_SAMPLE t=898.6s rss=4441MB hwm=4441MB
RSS_SAMPLE t=898.8s rss=4441MB hwm=4441MB
RSS_SAMPLE t=899.1s rss=4441MB hwm=4441MB
RSS_SAMPLE t=899.3s rss=4441MB hwm=4441MB
    SwitchMatrix: type_usage_pairs=1331 lookups=2649 hits=1318 dijkstra_calls=1331 avg_us=16.0 total_ms=21.3
PHASE_MARK outer=5 enter=pre_solve rss=4441MB
    rss_probe[outer=5]: pre_refresh_rss=4441MB post_pre_solve_rss=4441MB cache_entries=49678121 cache_cap=89463748 cache_est_mb=773
    pre_solve_diag[outer=5]: solves=0 fallback=0 (0.0%) cap_armed=0 (0.0%) settle_avg=0 settle_max=0 init_count=248
    Overflow: over=81861 (3.2% of used) avg_excess=25.79 max_excess=2142.98 (nc=2166.98 cap=24 span=1)  excess_buckets: <=1=2033 1-5=31741 5-20=27986 >20=20101  by_cap: cap1=1347 cap2=67644 cap3-5=21 cap>5=12849  by_span: s1=615 s2-3=11840 s4-6=1719 s7-12=66367 s>12=1320  le1_cross: cap1=689 cap2-5=1164 cap>5=180
    Congestion: pipes=2562403 used=2562403 congested(>50%)=98963 saturated(>90%)=83403 max_util=1909.31 avg_util=0.2508
PHASE_MARK outer=5 enter=dcd_sweep rss=4441MB
RSS_SAMPLE t=899.6s rss=4441MB hwm=4441MB
RSS_SAMPLE t=899.8s rss=4441MB hwm=4441MB
RSS_SAMPLE t=900.1s rss=4441MB hwm=4441MB
RSS_SAMPLE t=900.3s rss=4441MB hwm=4441MB
RSS_SAMPLE t=900.6s rss=4441MB hwm=4441MB
RSS_SAMPLE t=900.8s rss=4441MB hwm=4441MB
RSS_SAMPLE t=901.1s rss=4441MB hwm=4441MB
RSS_SAMPLE t=901.3s rss=4441MB hwm=4441MB
RSS_SAMPLE t=901.6s rss=4441MB hwm=4441MB
RSS_SAMPLE t=901.8s rss=4441MB hwm=4441MB
RSS_SAMPLE t=902.1s rss=4441MB hwm=4441MB
RSS_SAMPLE t=902.3s rss=4441MB hwm=4441MB
RSS_SAMPLE t=902.6s rss=4441MB hwm=4441MB
RSS_SAMPLE t=902.8s rss=4441MB hwm=4441MB
RSS_SAMPLE t=903.1s rss=4441MB hwm=4441MB
RSS_SAMPLE t=903.3s rss=4441MB hwm=4441MB
RSS_SAMPLE t=903.6s rss=4441MB hwm=4441MB
RSS_SAMPLE t=903.8s rss=4441MB hwm=4441MB
RSS_SAMPLE t=904.1s rss=4441MB hwm=4441MB
RSS_SAMPLE t=904.3s rss=4441MB hwm=4441MB
RSS_SAMPLE t=904.6s rss=4441MB hwm=4441MB
RSS_SAMPLE t=904.8s rss=4441MB hwm=4441MB
RSS_SAMPLE t=905.1s rss=4441MB hwm=4441MB
RSS_SAMPLE t=905.3s rss=4441MB hwm=4441MB
RSS_SAMPLE t=905.6s rss=4441MB hwm=4441MB
RSS_SAMPLE t=905.8s rss=4441MB hwm=4441MB
RSS_SAMPLE t=906.1s rss=4441MB hwm=4441MB
RSS_SAMPLE t=906.4s rss=4441MB hwm=4441MB
RSS_SAMPLE t=906.6s rss=4441MB hwm=4441MB
RSS_SAMPLE t=906.9s rss=4441MB hwm=4441MB
RSS_SAMPLE t=907.1s rss=4441MB hwm=4441MB
RSS_SAMPLE t=907.4s rss=4441MB hwm=4441MB
RSS_SAMPLE t=907.6s rss=4441MB hwm=4441MB
RSS_SAMPLE t=907.9s rss=4441MB hwm=4441MB
RSS_SAMPLE t=908.1s rss=4441MB hwm=4441MB
RSS_SAMPLE t=908.4s rss=4441MB hwm=4441MB
RSS_SAMPLE t=908.6s rss=4441MB hwm=4441MB
RSS_SAMPLE t=908.9s rss=4441MB hwm=4441MB
RSS_SAMPLE t=909.1s rss=4441MB hwm=4441MB
RSS_SAMPLE t=909.4s rss=4441MB hwm=4441MB
RSS_SAMPLE t=909.6s rss=4441MB hwm=4441MB
RSS_SAMPLE t=909.9s rss=4441MB hwm=4441MB
RSS_SAMPLE t=910.1s rss=4441MB hwm=4441MB
RSS_SAMPLE t=910.4s rss=4441MB hwm=4441MB
RSS_SAMPLE t=910.6s rss=4441MB hwm=4441MB
RSS_SAMPLE t=910.9s rss=4441MB hwm=4441MB
RSS_SAMPLE t=911.1s rss=4441MB hwm=4441MB
RSS_SAMPLE t=911.4s rss=4441MB hwm=4441MB
RSS_SAMPLE t=911.6s rss=4441MB hwm=4441MB
RSS_SAMPLE t=911.9s rss=4441MB hwm=4441MB
RSS_SAMPLE t=912.1s rss=4441MB hwm=4441MB
RSS_SAMPLE t=912.4s rss=4441MB hwm=4441MB
RSS_SAMPLE t=912.6s rss=4441MB hwm=4441MB
RSS_SAMPLE t=912.9s rss=4441MB hwm=4441MB
RSS_SAMPLE t=913.1s rss=4441MB hwm=4441MB
RSS_SAMPLE t=913.4s rss=4441MB hwm=4441MB
RSS_SAMPLE t=913.6s rss=4441MB hwm=4441MB
RSS_SAMPLE t=913.9s rss=4441MB hwm=4441MB
RSS_SAMPLE t=914.1s rss=4441MB hwm=4441MB
RSS_SAMPLE t=914.4s rss=4441MB hwm=4441MB
RSS_SAMPLE t=914.6s rss=4441MB hwm=4441MB
RSS_SAMPLE t=914.9s rss=4441MB hwm=4441MB
RSS_SAMPLE t=915.1s rss=4441MB hwm=4441MB
RSS_SAMPLE t=915.4s rss=4441MB hwm=4441MB
RSS_SAMPLE t=915.6s rss=4441MB hwm=4441MB
RSS_SAMPLE t=915.9s rss=4441MB hwm=4441MB
PHASE_MARK outer=5 leave=dcd_sweep rss=4441MB
PHASE_MARK outer=5 enter=post_refresh rss=4441MB
RSS_SAMPLE t=916.1s rss=4441MB hwm=4441MB
RSS_SAMPLE t=916.4s rss=4441MB hwm=4441MB
RSS_SAMPLE t=916.6s rss=4441MB hwm=4441MB
RSS_SAMPLE t=916.9s rss=4441MB hwm=4441MB
RSS_SAMPLE t=917.1s rss=4441MB hwm=4441MB
RSS_SAMPLE t=917.4s rss=4441MB hwm=4441MB
RSS_SAMPLE t=917.6s rss=4441MB hwm=4441MB
RSS_SAMPLE t=917.9s rss=4441MB hwm=4441MB
RSS_SAMPLE t=918.1s rss=4441MB hwm=4441MB
RSS_SAMPLE t=918.4s rss=4441MB hwm=4441MB
RSS_SAMPLE t=918.6s rss=4441MB hwm=4441MB
RSS_SAMPLE t=918.9s rss=4441MB hwm=4441MB
RSS_SAMPLE t=919.1s rss=4441MB hwm=4441MB
RSS_SAMPLE t=919.4s rss=4441MB hwm=4441MB
RSS_SAMPLE t=919.6s rss=4441MB hwm=4441MB
RSS_SAMPLE t=919.9s rss=4441MB hwm=4441MB
RSS_SAMPLE t=920.1s rss=4441MB hwm=4441MB
RSS_SAMPLE t=920.4s rss=4441MB hwm=4441MB
RSS_SAMPLE t=920.6s rss=4441MB hwm=4441MB
RSS_SAMPLE t=920.9s rss=4441MB hwm=4441MB
RSS_SAMPLE t=921.1s rss=4441MB hwm=4441MB
RSS_SAMPLE t=921.4s rss=4441MB hwm=4441MB
RSS_SAMPLE t=921.6s rss=4441MB hwm=4441MB
RSS_SAMPLE t=921.9s rss=4441MB hwm=4441MB
RSS_SAMPLE t=922.1s rss=4441MB hwm=4441MB
RSS_SAMPLE t=922.4s rss=4441MB hwm=4441MB
RSS_SAMPLE t=922.6s rss=4442MB hwm=4442MB
RSS_SAMPLE t=922.9s rss=4442MB hwm=4442MB
RSS_SAMPLE t=923.1s rss=4443MB hwm=4443MB
RSS_SAMPLE t=923.4s rss=4443MB hwm=4443MB
RSS_SAMPLE t=923.6s rss=4443MB hwm=4443MB
RSS_SAMPLE t=923.9s rss=4443MB hwm=4443MB
RSS_SAMPLE t=924.1s rss=4443MB hwm=4443MB
RSS_SAMPLE t=924.4s rss=4443MB hwm=4443MB
RSS_SAMPLE t=924.6s rss=4443MB hwm=4443MB
RSS_SAMPLE t=924.9s rss=4443MB hwm=4443MB
RSS_SAMPLE t=925.1s rss=4444MB hwm=4444MB
RSS_SAMPLE t=925.4s rss=4444MB hwm=4444MB
RSS_SAMPLE t=925.6s rss=4444MB hwm=4444MB
RSS_SAMPLE t=925.9s rss=4444MB hwm=4444MB
RSS_SAMPLE t=926.1s rss=4444MB hwm=4444MB
RSS_SAMPLE t=926.4s rss=4444MB hwm=4444MB
RSS_SAMPLE t=926.6s rss=4445MB hwm=4445MB
RSS_SAMPLE t=926.9s rss=4445MB hwm=4445MB
RSS_SAMPLE t=927.1s rss=4445MB hwm=4445MB
RSS_SAMPLE t=927.4s rss=4445MB hwm=4445MB
RSS_SAMPLE t=927.6s rss=4445MB hwm=4445MB
RSS_SAMPLE t=927.9s rss=4445MB hwm=4445MB
RSS_SAMPLE t=928.1s rss=4445MB hwm=4445MB
RSS_SAMPLE t=928.4s rss=4446MB hwm=4446MB
RSS_SAMPLE t=928.6s rss=4446MB hwm=4446MB
RSS_SAMPLE t=928.9s rss=4446MB hwm=4446MB
RSS_SAMPLE t=929.1s rss=4446MB hwm=4446MB
RSS_SAMPLE t=929.4s rss=4446MB hwm=4446MB
RSS_SAMPLE t=929.6s rss=4446MB hwm=4446MB
RSS_SAMPLE t=929.9s rss=4447MB hwm=4447MB
RSS_SAMPLE t=930.1s rss=4447MB hwm=4447MB
RSS_SAMPLE t=930.4s rss=4447MB hwm=4447MB
RSS_SAMPLE t=930.6s rss=4447MB hwm=4447MB
RSS_SAMPLE t=930.9s rss=4447MB hwm=4447MB
RSS_SAMPLE t=931.1s rss=4447MB hwm=4447MB
RSS_SAMPLE t=931.4s rss=4447MB hwm=4447MB
RSS_SAMPLE t=931.6s rss=4448MB hwm=4448MB
RSS_SAMPLE t=931.9s rss=4448MB hwm=4448MB
RSS_SAMPLE t=932.1s rss=4448MB hwm=4448MB
RSS_SAMPLE t=932.4s rss=4448MB hwm=4448MB
RSS_SAMPLE t=932.6s rss=4448MB hwm=4448MB
RSS_SAMPLE t=932.9s rss=4448MB hwm=4448MB
RSS_SAMPLE t=933.1s rss=4448MB hwm=4448MB
RSS_SAMPLE t=933.4s rss=4449MB hwm=4449MB
RSS_SAMPLE t=933.6s rss=4449MB hwm=4449MB
RSS_SAMPLE t=933.9s rss=4449MB hwm=4449MB
RSS_SAMPLE t=934.1s rss=4449MB hwm=4449MB
RSS_SAMPLE t=934.4s rss=4449MB hwm=4449MB
RSS_SAMPLE t=934.6s rss=4449MB hwm=4449MB
RSS_SAMPLE t=934.9s rss=4449MB hwm=4449MB
RSS_SAMPLE t=935.1s rss=4449MB hwm=4449MB
RSS_SAMPLE t=935.4s rss=4449MB hwm=4449MB
RSS_SAMPLE t=935.6s rss=4449MB hwm=4449MB
RSS_SAMPLE t=935.9s rss=4450MB hwm=4450MB
RSS_SAMPLE t=936.2s rss=4450MB hwm=4450MB
RSS_SAMPLE t=936.4s rss=4450MB hwm=4450MB
RSS_SAMPLE t=936.7s rss=4450MB hwm=4450MB
RSS_SAMPLE t=936.9s rss=4450MB hwm=4450MB
RSS_SAMPLE t=937.2s rss=4450MB hwm=4450MB
RSS_SAMPLE t=937.4s rss=4450MB hwm=4450MB
RSS_SAMPLE t=937.7s rss=4450MB hwm=4450MB
RSS_SAMPLE t=937.9s rss=4450MB hwm=4450MB
RSS_SAMPLE t=938.2s rss=4450MB hwm=4450MB
RSS_SAMPLE t=938.4s rss=4450MB hwm=4450MB
RSS_SAMPLE t=938.7s rss=4451MB hwm=4451MB
RSS_SAMPLE t=938.9s rss=4451MB hwm=4451MB
RSS_SAMPLE t=939.2s rss=4451MB hwm=4451MB
RSS_SAMPLE t=939.4s rss=4451MB hwm=4451MB
RSS_SAMPLE t=939.7s rss=4452MB hwm=4452MB
RSS_SAMPLE t=939.9s rss=4452MB hwm=4452MB
RSS_SAMPLE t=940.2s rss=4452MB hwm=4452MB
RSS_SAMPLE t=940.4s rss=4452MB hwm=4452MB
RSS_SAMPLE t=940.7s rss=4453MB hwm=4453MB
RSS_SAMPLE t=940.9s rss=4453MB hwm=4453MB
RSS_SAMPLE t=941.2s rss=4453MB hwm=4453MB
RSS_SAMPLE t=941.4s rss=4453MB hwm=4453MB
RSS_SAMPLE t=941.7s rss=4453MB hwm=4453MB
RSS_SAMPLE t=941.9s rss=4454MB hwm=4454MB
RSS_SAMPLE t=942.2s rss=4454MB hwm=4454MB
RSS_SAMPLE t=942.4s rss=4454MB hwm=4454MB
RSS_SAMPLE t=942.7s rss=4454MB hwm=4454MB
RSS_SAMPLE t=942.9s rss=4455MB hwm=4455MB
RSS_SAMPLE t=943.2s rss=4455MB hwm=4455MB
RSS_SAMPLE t=943.4s rss=4455MB hwm=4455MB
RSS_SAMPLE t=943.7s rss=4456MB hwm=4456MB
RSS_SAMPLE t=943.9s rss=4456MB hwm=4456MB
RSS_SAMPLE t=944.2s rss=4456MB hwm=4456MB
RSS_SAMPLE t=944.4s rss=4456MB hwm=4456MB
RSS_SAMPLE t=944.7s rss=4456MB hwm=4456MB
RSS_SAMPLE t=944.9s rss=4456MB hwm=4456MB
RSS_SAMPLE t=945.2s rss=4457MB hwm=4457MB
RSS_SAMPLE t=945.4s rss=4457MB hwm=4457MB
RSS_SAMPLE t=945.7s rss=4457MB hwm=4457MB
RSS_SAMPLE t=945.9s rss=4457MB hwm=4457MB
RSS_SAMPLE t=946.2s rss=4457MB hwm=4457MB
RSS_SAMPLE t=946.4s rss=4458MB hwm=4458MB
RSS_SAMPLE t=946.7s rss=4458MB hwm=4458MB
RSS_SAMPLE t=946.9s rss=4458MB hwm=4458MB
RSS_SAMPLE t=947.2s rss=4458MB hwm=4458MB
RSS_SAMPLE t=947.4s rss=4458MB hwm=4458MB
RSS_SAMPLE t=947.7s rss=4458MB hwm=4458MB
RSS_SAMPLE t=947.9s rss=4458MB hwm=4458MB
RSS_SAMPLE t=948.2s rss=4458MB hwm=4458MB
RSS_SAMPLE t=948.4s rss=4459MB hwm=4459MB
RSS_SAMPLE t=948.7s rss=4459MB hwm=4459MB
RSS_SAMPLE t=948.9s rss=4459MB hwm=4459MB
RSS_SAMPLE t=949.2s rss=4459MB hwm=4459MB
RSS_SAMPLE t=949.4s rss=4459MB hwm=4459MB
RSS_SAMPLE t=949.7s rss=4459MB hwm=4459MB
RSS_SAMPLE t=949.9s rss=4459MB hwm=4459MB
RSS_SAMPLE t=950.2s rss=4459MB hwm=4459MB
RSS_SAMPLE t=950.4s rss=4460MB hwm=4460MB
RSS_SAMPLE t=950.7s rss=4460MB hwm=4460MB
RSS_SAMPLE t=950.9s rss=4460MB hwm=4460MB
RSS_SAMPLE t=951.2s rss=4460MB hwm=4460MB
RSS_SAMPLE t=951.4s rss=4460MB hwm=4460MB
RSS_SAMPLE t=951.7s rss=4460MB hwm=4460MB
RSS_SAMPLE t=951.9s rss=4461MB hwm=4461MB
RSS_SAMPLE t=952.2s rss=4461MB hwm=4461MB
RSS_SAMPLE t=952.4s rss=4461MB hwm=4461MB
RSS_SAMPLE t=952.7s rss=4461MB hwm=4461MB
RSS_SAMPLE t=952.9s rss=4461MB hwm=4461MB
RSS_SAMPLE t=953.2s rss=4461MB hwm=4461MB
RSS_SAMPLE t=953.4s rss=4461MB hwm=4461MB
RSS_SAMPLE t=953.7s rss=4461MB hwm=4461MB
RSS_SAMPLE t=953.9s rss=4461MB hwm=4461MB
RSS_SAMPLE t=954.2s rss=4461MB hwm=4461MB
RSS_SAMPLE t=954.4s rss=4461MB hwm=4461MB
RSS_SAMPLE t=954.7s rss=4461MB hwm=4461MB
RSS_SAMPLE t=954.9s rss=4462MB hwm=4462MB
RSS_SAMPLE t=955.2s rss=4462MB hwm=4462MB
RSS_SAMPLE t=955.4s rss=4462MB hwm=4462MB
RSS_SAMPLE t=955.7s rss=4462MB hwm=4462MB
RSS_SAMPLE t=955.9s rss=4462MB hwm=4462MB
RSS_SAMPLE t=956.2s rss=4462MB hwm=4462MB
RSS_SAMPLE t=956.5s rss=4462MB hwm=4462MB
RSS_SAMPLE t=956.7s rss=4462MB hwm=4462MB
RSS_SAMPLE t=957.0s rss=4463MB hwm=4463MB
RSS_SAMPLE t=957.2s rss=4463MB hwm=4463MB
RSS_SAMPLE t=957.5s rss=4463MB hwm=4463MB
RSS_SAMPLE t=957.7s rss=4463MB hwm=4463MB
RSS_SAMPLE t=958.0s rss=4463MB hwm=4463MB
RSS_SAMPLE t=958.2s rss=4463MB hwm=4463MB
RSS_SAMPLE t=958.5s rss=4463MB hwm=4463MB
RSS_SAMPLE t=958.7s rss=4463MB hwm=4463MB
RSS_SAMPLE t=959.0s rss=4463MB hwm=4463MB
RSS_SAMPLE t=959.2s rss=4463MB hwm=4463MB
RSS_SAMPLE t=959.5s rss=4463MB hwm=4463MB
RSS_SAMPLE t=959.7s rss=4463MB hwm=4463MB
RSS_SAMPLE t=960.0s rss=4463MB hwm=4463MB
RSS_SAMPLE t=960.2s rss=4464MB hwm=4464MB
RSS_SAMPLE t=960.5s rss=4464MB hwm=4464MB
RSS_SAMPLE t=960.7s rss=4464MB hwm=4464MB
RSS_SAMPLE t=961.0s rss=4464MB hwm=4464MB
RSS_SAMPLE t=961.2s rss=4464MB hwm=4464MB
RSS_SAMPLE t=961.5s rss=4464MB hwm=4464MB
RSS_SAMPLE t=961.7s rss=4464MB hwm=4464MB
RSS_SAMPLE t=962.0s rss=4464MB hwm=4464MB
RSS_SAMPLE t=962.2s rss=4464MB hwm=4464MB
RSS_SAMPLE t=962.5s rss=4464MB hwm=4464MB
RSS_SAMPLE t=962.7s rss=4464MB hwm=4464MB
RSS_SAMPLE t=963.0s rss=4464MB hwm=4464MB
RSS_SAMPLE t=963.2s rss=4464MB hwm=4464MB
RSS_SAMPLE t=963.5s rss=4465MB hwm=4465MB
RSS_SAMPLE t=963.7s rss=4465MB hwm=4465MB
RSS_SAMPLE t=964.0s rss=4465MB hwm=4465MB
RSS_SAMPLE t=964.2s rss=4465MB hwm=4465MB
RSS_SAMPLE t=964.5s rss=4465MB hwm=4465MB
RSS_SAMPLE t=964.7s rss=4465MB hwm=4465MB
RSS_SAMPLE t=965.0s rss=4465MB hwm=4465MB
RSS_SAMPLE t=965.2s rss=4465MB hwm=4465MB
RSS_SAMPLE t=965.5s rss=4465MB hwm=4465MB
RSS_SAMPLE t=965.7s rss=4466MB hwm=4466MB
RSS_SAMPLE t=966.0s rss=4466MB hwm=4466MB
RSS_SAMPLE t=966.2s rss=4466MB hwm=4466MB
RSS_SAMPLE t=966.5s rss=4466MB hwm=4466MB
RSS_SAMPLE t=966.7s rss=4466MB hwm=4466MB
RSS_SAMPLE t=967.0s rss=4466MB hwm=4466MB
RSS_SAMPLE t=967.2s rss=4466MB hwm=4466MB
RSS_SAMPLE t=967.5s rss=4466MB hwm=4466MB
RSS_SAMPLE t=967.7s rss=4467MB hwm=4467MB
RSS_SAMPLE t=968.0s rss=4467MB hwm=4467MB
RSS_SAMPLE t=968.2s rss=4467MB hwm=4467MB
RSS_SAMPLE t=968.5s rss=4467MB hwm=4467MB
RSS_SAMPLE t=968.7s rss=4467MB hwm=4467MB
RSS_SAMPLE t=969.0s rss=4467MB hwm=4467MB
RSS_SAMPLE t=969.2s rss=4467MB hwm=4467MB
RSS_SAMPLE t=969.5s rss=4467MB hwm=4467MB
RSS_SAMPLE t=969.7s rss=4467MB hwm=4467MB
RSS_SAMPLE t=970.0s rss=4467MB hwm=4467MB
RSS_SAMPLE t=970.2s rss=4467MB hwm=4467MB
RSS_SAMPLE t=970.5s rss=4467MB hwm=4467MB
RSS_SAMPLE t=970.7s rss=4467MB hwm=4467MB
RSS_SAMPLE t=971.0s rss=4467MB hwm=4467MB
RSS_SAMPLE t=971.2s rss=4467MB hwm=4467MB
RSS_SAMPLE t=971.5s rss=4467MB hwm=4467MB
RSS_SAMPLE t=971.7s rss=4467MB hwm=4467MB
RSS_SAMPLE t=972.0s rss=4467MB hwm=4467MB
RSS_SAMPLE t=972.2s rss=4467MB hwm=4467MB
RSS_SAMPLE t=972.5s rss=4467MB hwm=4467MB
RSS_SAMPLE t=972.7s rss=4467MB hwm=4467MB
RSS_SAMPLE t=973.0s rss=4468MB hwm=4468MB
RSS_SAMPLE t=973.2s rss=4468MB hwm=4468MB
RSS_SAMPLE t=973.5s rss=4468MB hwm=4468MB
RSS_SAMPLE t=973.7s rss=4468MB hwm=4468MB
RSS_SAMPLE t=974.0s rss=4468MB hwm=4468MB
RSS_SAMPLE t=974.2s rss=4468MB hwm=4468MB
RSS_SAMPLE t=974.5s rss=4468MB hwm=4468MB
RSS_SAMPLE t=974.7s rss=4468MB hwm=4468MB
RSS_SAMPLE t=975.0s rss=4468MB hwm=4468MB
RSS_SAMPLE t=975.2s rss=4468MB hwm=4468MB
RSS_SAMPLE t=975.5s rss=4468MB hwm=4468MB
RSS_SAMPLE t=975.7s rss=4468MB hwm=4468MB
RSS_SAMPLE t=976.0s rss=4468MB hwm=4468MB
RSS_SAMPLE t=976.2s rss=4468MB hwm=4468MB
RSS_SAMPLE t=976.5s rss=4468MB hwm=4468MB
RSS_SAMPLE t=976.7s rss=4468MB hwm=4468MB
RSS_SAMPLE t=977.0s rss=4468MB hwm=4468MB
RSS_SAMPLE t=977.2s rss=4468MB hwm=4468MB
RSS_SAMPLE t=977.5s rss=4468MB hwm=4468MB
RSS_SAMPLE t=977.7s rss=4468MB hwm=4468MB
RSS_SAMPLE t=978.0s rss=4468MB hwm=4468MB
RSS_SAMPLE t=978.2s rss=4468MB hwm=4468MB
RSS_SAMPLE t=978.5s rss=4468MB hwm=4468MB
RSS_SAMPLE t=978.7s rss=4468MB hwm=4468MB
RSS_SAMPLE t=979.0s rss=4468MB hwm=4468MB
RSS_SAMPLE t=979.2s rss=4468MB hwm=4468MB
RSS_SAMPLE t=979.5s rss=4468MB hwm=4468MB
RSS_SAMPLE t=979.7s rss=4468MB hwm=4468MB
RSS_SAMPLE t=980.0s rss=4468MB hwm=4468MB
RSS_SAMPLE t=980.2s rss=4468MB hwm=4468MB
RSS_SAMPLE t=980.5s rss=4468MB hwm=4468MB
RSS_SAMPLE t=980.7s rss=4468MB hwm=4468MB
RSS_SAMPLE t=981.0s rss=4468MB hwm=4468MB
RSS_SAMPLE t=981.2s rss=4468MB hwm=4468MB
RSS_SAMPLE t=981.5s rss=4468MB hwm=4468MB
RSS_SAMPLE t=981.7s rss=4468MB hwm=4468MB
RSS_SAMPLE t=982.0s rss=4468MB hwm=4468MB
RSS_SAMPLE t=982.2s rss=4468MB hwm=4468MB
RSS_SAMPLE t=982.5s rss=4468MB hwm=4468MB
RSS_SAMPLE t=982.7s rss=4468MB hwm=4468MB
RSS_SAMPLE t=983.0s rss=4468MB hwm=4468MB
RSS_SAMPLE t=983.3s rss=4468MB hwm=4468MB
RSS_SAMPLE t=983.5s rss=4468MB hwm=4468MB
RSS_SAMPLE t=983.8s rss=4468MB hwm=4468MB
RSS_SAMPLE t=984.0s rss=4468MB hwm=4468MB
RSS_SAMPLE t=984.3s rss=4468MB hwm=4468MB
RSS_SAMPLE t=984.5s rss=4468MB hwm=4468MB
RSS_SAMPLE t=984.8s rss=4468MB hwm=4468MB
RSS_SAMPLE t=985.0s rss=4468MB hwm=4468MB
RSS_SAMPLE t=985.3s rss=4468MB hwm=4468MB
RSS_SAMPLE t=985.5s rss=4468MB hwm=4468MB
RSS_SAMPLE t=985.8s rss=4468MB hwm=4468MB
RSS_SAMPLE t=986.0s rss=4468MB hwm=4468MB
RSS_SAMPLE t=986.3s rss=4468MB hwm=4468MB
RSS_SAMPLE t=986.5s rss=4468MB hwm=4468MB
RSS_SAMPLE t=986.8s rss=4468MB hwm=4468MB
RSS_SAMPLE t=987.0s rss=4468MB hwm=4468MB
RSS_SAMPLE t=987.3s rss=4468MB hwm=4468MB
RSS_SAMPLE t=987.5s rss=4468MB hwm=4468MB
RSS_SAMPLE t=987.8s rss=4468MB hwm=4468MB
RSS_SAMPLE t=988.0s rss=4468MB hwm=4468MB
RSS_SAMPLE t=988.3s rss=4468MB hwm=4468MB
RSS_SAMPLE t=988.5s rss=4468MB hwm=4468MB
RSS_SAMPLE t=988.8s rss=4468MB hwm=4468MB
RSS_SAMPLE t=989.0s rss=4468MB hwm=4468MB
RSS_SAMPLE t=989.3s rss=4468MB hwm=4468MB
RSS_SAMPLE t=989.5s rss=4468MB hwm=4468MB
RSS_SAMPLE t=989.8s rss=4468MB hwm=4468MB
RSS_SAMPLE t=990.0s rss=4468MB hwm=4468MB
RSS_SAMPLE t=990.3s rss=4469MB hwm=4469MB
RSS_SAMPLE t=990.5s rss=4469MB hwm=4469MB
RSS_SAMPLE t=990.8s rss=4469MB hwm=4469MB
RSS_SAMPLE t=991.0s rss=4469MB hwm=4469MB
RSS_SAMPLE t=991.3s rss=4469MB hwm=4469MB
RSS_SAMPLE t=991.5s rss=4469MB hwm=4469MB
RSS_SAMPLE t=991.8s rss=4469MB hwm=4469MB
RSS_SAMPLE t=992.0s rss=4469MB hwm=4469MB
RSS_SAMPLE t=992.3s rss=4469MB hwm=4469MB
RSS_SAMPLE t=992.5s rss=4469MB hwm=4469MB
RSS_SAMPLE t=992.8s rss=4469MB hwm=4469MB
RSS_SAMPLE t=993.0s rss=4469MB hwm=4469MB
RSS_SAMPLE t=993.3s rss=4469MB hwm=4469MB
RSS_SAMPLE t=993.5s rss=4469MB hwm=4469MB
RSS_SAMPLE t=993.8s rss=4469MB hwm=4469MB
RSS_SAMPLE t=994.0s rss=4469MB hwm=4469MB
RSS_SAMPLE t=994.3s rss=4469MB hwm=4469MB
RSS_SAMPLE t=994.5s rss=4469MB hwm=4469MB
RSS_SAMPLE t=994.8s rss=4469MB hwm=4469MB
RSS_SAMPLE t=995.0s rss=4469MB hwm=4469MB
RSS_SAMPLE t=995.3s rss=4469MB hwm=4469MB
RSS_SAMPLE t=995.5s rss=4469MB hwm=4469MB
RSS_SAMPLE t=995.8s rss=4469MB hwm=4469MB
RSS_SAMPLE t=996.0s rss=4469MB hwm=4469MB
RSS_SAMPLE t=996.3s rss=4469MB hwm=4469MB
RSS_SAMPLE t=996.5s rss=4469MB hwm=4469MB
RSS_SAMPLE t=996.8s rss=4469MB hwm=4469MB
RSS_SAMPLE t=997.0s rss=4469MB hwm=4469MB
RSS_SAMPLE t=997.3s rss=4469MB hwm=4469MB
RSS_SAMPLE t=997.5s rss=4469MB hwm=4469MB
RSS_SAMPLE t=997.8s rss=4469MB hwm=4469MB
RSS_SAMPLE t=998.0s rss=4469MB hwm=4469MB
RSS_SAMPLE t=998.3s rss=4469MB hwm=4469MB
RSS_SAMPLE t=998.5s rss=4469MB hwm=4469MB
RSS_SAMPLE t=998.8s rss=4469MB hwm=4469MB
RSS_SAMPLE t=999.0s rss=4469MB hwm=4469MB
RSS_SAMPLE t=999.3s rss=4469MB hwm=4469MB
RSS_SAMPLE t=999.5s rss=4469MB hwm=4469MB
RSS_SAMPLE t=999.8s rss=4469MB hwm=4469MB
RSS_SAMPLE t=1000.0s rss=4469MB hwm=4469MB
RSS_SAMPLE t=1000.3s rss=4469MB hwm=4469MB
RSS_SAMPLE t=1000.5s rss=4469MB hwm=4469MB
RSS_SAMPLE t=1000.8s rss=4469MB hwm=4469MB
RSS_SAMPLE t=1001.0s rss=4469MB hwm=4469MB
RSS_SAMPLE t=1001.3s rss=4469MB hwm=4469MB
RSS_SAMPLE t=1001.5s rss=4469MB hwm=4469MB
RSS_SAMPLE t=1001.8s rss=4469MB hwm=4469MB
RSS_SAMPLE t=1002.0s rss=4469MB hwm=4469MB
RSS_SAMPLE t=1002.3s rss=4469MB hwm=4469MB
RSS_SAMPLE t=1002.5s rss=4469MB hwm=4469MB
RSS_SAMPLE t=1002.8s rss=4469MB hwm=4469MB
RSS_SAMPLE t=1003.0s rss=4469MB hwm=4469MB
RSS_SAMPLE t=1003.3s rss=4469MB hwm=4469MB
RSS_SAMPLE t=1003.5s rss=4469MB hwm=4469MB
RSS_SAMPLE t=1003.8s rss=4469MB hwm=4469MB
RSS_SAMPLE t=1004.0s rss=4469MB hwm=4469MB
RSS_SAMPLE t=1004.3s rss=4469MB hwm=4469MB
RSS_SAMPLE t=1004.5s rss=4469MB hwm=4469MB
RSS_SAMPLE t=1004.8s rss=4469MB hwm=4469MB
RSS_SAMPLE t=1005.0s rss=4469MB hwm=4469MB
RSS_SAMPLE t=1005.3s rss=4469MB hwm=4469MB
RSS_SAMPLE t=1005.5s rss=4469MB hwm=4469MB
RSS_SAMPLE t=1005.8s rss=4469MB hwm=4469MB
RSS_SAMPLE t=1006.0s rss=4469MB hwm=4469MB
RSS_SAMPLE t=1006.3s rss=4469MB hwm=4469MB
RSS_SAMPLE t=1006.5s rss=4469MB hwm=4469MB
RSS_SAMPLE t=1006.8s rss=4469MB hwm=4469MB
RSS_SAMPLE t=1007.0s rss=4469MB hwm=4469MB
RSS_SAMPLE t=1007.3s rss=4469MB hwm=4469MB
RSS_SAMPLE t=1007.5s rss=4469MB hwm=4469MB
RSS_SAMPLE t=1007.8s rss=4469MB hwm=4469MB
RSS_SAMPLE t=1008.0s rss=4469MB hwm=4469MB
RSS_SAMPLE t=1008.3s rss=4469MB hwm=4469MB
RSS_SAMPLE t=1008.5s rss=4469MB hwm=4469MB
RSS_SAMPLE t=1008.8s rss=4469MB hwm=4469MB
RSS_SAMPLE t=1009.0s rss=4469MB hwm=4469MB
RSS_SAMPLE t=1009.3s rss=4469MB hwm=4469MB
RSS_SAMPLE t=1009.5s rss=4469MB hwm=4469MB
RSS_SAMPLE t=1009.8s rss=4469MB hwm=4469MB
RSS_SAMPLE t=1010.0s rss=4469MB hwm=4469MB
RSS_SAMPLE t=1010.3s rss=4469MB hwm=4469MB
RSS_SAMPLE t=1010.5s rss=4469MB hwm=4469MB
RSS_SAMPLE t=1010.8s rss=4469MB hwm=4469MB
RSS_SAMPLE t=1011.0s rss=4469MB hwm=4469MB
RSS_SAMPLE t=1011.3s rss=4469MB hwm=4469MB
RSS_SAMPLE t=1011.5s rss=4469MB hwm=4469MB
RSS_SAMPLE t=1011.8s rss=4469MB hwm=4469MB
RSS_SAMPLE t=1012.0s rss=4469MB hwm=4469MB
RSS_SAMPLE t=1012.3s rss=4469MB hwm=4469MB
RSS_SAMPLE t=1012.5s rss=4470MB hwm=4470MB
RSS_SAMPLE t=1012.8s rss=4470MB hwm=4470MB
RSS_SAMPLE t=1013.0s rss=4470MB hwm=4470MB
RSS_SAMPLE t=1013.3s rss=4470MB hwm=4470MB
RSS_SAMPLE t=1013.5s rss=4470MB hwm=4470MB
RSS_SAMPLE t=1013.8s rss=4470MB hwm=4470MB
RSS_SAMPLE t=1014.0s rss=4470MB hwm=4470MB
RSS_SAMPLE t=1014.3s rss=4470MB hwm=4470MB
RSS_SAMPLE t=1014.5s rss=4470MB hwm=4470MB
RSS_SAMPLE t=1014.8s rss=4470MB hwm=4470MB
RSS_SAMPLE t=1015.0s rss=4470MB hwm=4470MB
RSS_SAMPLE t=1015.3s rss=4470MB hwm=4470MB
RSS_SAMPLE t=1015.5s rss=4470MB hwm=4470MB
RSS_SAMPLE t=1015.8s rss=4470MB hwm=4470MB
RSS_SAMPLE t=1016.0s rss=4470MB hwm=4470MB
RSS_SAMPLE t=1016.3s rss=4470MB hwm=4470MB
RSS_SAMPLE t=1016.5s rss=4470MB hwm=4470MB
RSS_SAMPLE t=1016.8s rss=4470MB hwm=4470MB
RSS_SAMPLE t=1017.0s rss=4470MB hwm=4470MB
RSS_SAMPLE t=1017.3s rss=4470MB hwm=4470MB
RSS_SAMPLE t=1017.5s rss=4470MB hwm=4470MB
RSS_SAMPLE t=1017.8s rss=4470MB hwm=4470MB
RSS_SAMPLE t=1018.0s rss=4470MB hwm=4470MB
RSS_SAMPLE t=1018.3s rss=4470MB hwm=4470MB
RSS_SAMPLE t=1018.5s rss=4470MB hwm=4470MB
RSS_SAMPLE t=1018.8s rss=4470MB hwm=4470MB
RSS_SAMPLE t=1019.0s rss=4470MB hwm=4470MB
RSS_SAMPLE t=1019.3s rss=4470MB hwm=4470MB
RSS_SAMPLE t=1019.5s rss=4470MB hwm=4470MB
RSS_SAMPLE t=1019.8s rss=4470MB hwm=4470MB
RSS_SAMPLE t=1020.0s rss=4470MB hwm=4470MB
RSS_SAMPLE t=1020.3s rss=4470MB hwm=4470MB
MEM_POOL: workspaces=32 dense_usage_mb=1251 n_pipes=2562403
    post_solve_diag[outer=5]: solves=105117 cap_armed=105117 (100.0%) settle_avg=6564 above_sink_avg=84 (1.3%) settle_max=69353
    load_support[outer=5]: settle_avg=6564 load_nz_avg=788 (12.0%) load_material_avg=584 (8.9%)
    prune_ceiling[outer=5]: settle_avg=6564 heuristic_prunable_avg=597 (9.1%) vs oracle_zero_load=88.0%
    settle_hist[outer=5]: <100: 33009nets/0.1%work  <1k: 20745nets/1.2%work  <5k: 22480nets/8.3%work  <20k: 16023nets/24.9%work  <60k: 12267nets/59.9%work  >=60k: 593nets/5.6%work
    fanout_hist[outer=5]: fan1: 43710nets/11.7%work  fan2-4: 48279nets/49.2%work  fan5-16: 12974nets/38.1%work  fan17-64: 154nets/1.0%work  fan65-256: 0nets/0.0%work  fan>256: 0nets/0.0%work
    rss_probe[outer=5]: pre_post_solve=4441MB post_post_solve=4470MB after_apply=4470MB
    E_decomp: base=7840975.8 eff=547974836676327.2 cong=547974828835351.4 cong_share=100.0% sat_pipes=84342 max_util=1912.66  R_buckets: 1-2x=80942 2-10x=20126 10-100x=16846 >=100x=2444489
    E_potential: beckmann=135243152749553.4 history_total=0.0
    SpanCache: epoch=6 entries=2649 lookups=2562403 hits=2559754 misses=2649 hit_rate=99.9%
  DCD   5: nets=105117 line=14841475 energy=3046230067.501 dE=-22835357988.852 friction=21287649.9 bins=2.0x(407) excess=152.1 moved=64987 disp=6.482 solves=105117 skip=105117 pops=689998399 theta=0.550 refresh=104594ms dcd=16425ms total=124901ms
    cache_stats: entries=48881968 capacity=89202062 est_mb=770 rss_mb=4470
RSS_SAMPLE t=1020.5s rss=4470MB hwm=4470MB
RSS_SAMPLE t=1020.8s rss=4470MB hwm=4470MB
RSS_SAMPLE t=1021.0s rss=4470MB hwm=4470MB
RSS_SAMPLE t=1021.3s rss=4470MB hwm=4470MB
RSS_SAMPLE t=1021.5s rss=4470MB hwm=4470MB
RSS_SAMPLE t=1021.8s rss=4470MB hwm=4470MB
RSS_SAMPLE t=1022.0s rss=4470MB hwm=4470MB
RSS_SAMPLE t=1022.3s rss=4470MB hwm=4470MB
RSS_SAMPLE t=1022.5s rss=4470MB hwm=4470MB
RSS_SAMPLE t=1022.8s rss=4470MB hwm=4470MB
RSS_SAMPLE t=1023.0s rss=4470MB hwm=4470MB
RSS_SAMPLE t=1023.3s rss=4470MB hwm=4470MB
RSS_SAMPLE t=1023.5s rss=4470MB hwm=4470MB
RSS_SAMPLE t=1023.8s rss=4470MB hwm=4470MB
    SwitchMatrix: type_usage_pairs=1167 lookups=2232 hits=1065 dijkstra_calls=1167 avg_us=15.9 total_ms=18.5
PHASE_MARK outer=6 enter=pre_solve rss=4470MB
    rss_probe[outer=6]: pre_refresh_rss=4470MB post_pre_solve_rss=4470MB cache_entries=48881968 cache_cap=89202062 cache_est_mb=770
    pre_solve_diag[outer=6]: solves=0 fallback=0 (0.0%) cap_armed=0 (0.0%) settle_avg=0 settle_max=0 init_count=227
    Overflow: over=82608 (3.2% of used) avg_excess=22.31 max_excess=2495.81 (nc=2519.81 cap=24 span=1)  excess_buckets: <=1=2737 1-5=33061 5-20=26705 >20=20105  by_cap: cap1=1233 cap2=67346 cap3-5=1 cap>5=14028  by_span: s1=560 s2-3=13089 s4-6=1713 s7-12=66186 s>12=1060  le1_cross: cap1=606 cap2-5=1934 cap>5=197
    Congestion: pipes=2562403 used=2562403 congested(>50%)=99795 saturated(>90%)=84342 max_util=1912.66 avg_util=0.2208
PHASE_MARK outer=6 enter=dcd_sweep rss=4470MB
RSS_SAMPLE t=1024.0s rss=4470MB hwm=4470MB
RSS_SAMPLE t=1024.3s rss=4470MB hwm=4470MB
RSS_SAMPLE t=1024.5s rss=4470MB hwm=4470MB
RSS_SAMPLE t=1024.8s rss=4470MB hwm=4470MB
RSS_SAMPLE t=1025.0s rss=4470MB hwm=4470MB
RSS_SAMPLE t=1025.3s rss=4470MB hwm=4470MB
RSS_SAMPLE t=1025.5s rss=4470MB hwm=4470MB
RSS_SAMPLE t=1025.8s rss=4470MB hwm=4470MB
RSS_SAMPLE t=1026.0s rss=4470MB hwm=4470MB
RSS_SAMPLE t=1026.3s rss=4470MB hwm=4470MB
RSS_SAMPLE t=1026.5s rss=4470MB hwm=4470MB
RSS_SAMPLE t=1026.8s rss=4470MB hwm=4470MB
RSS_SAMPLE t=1027.0s rss=4470MB hwm=4470MB
RSS_SAMPLE t=1027.3s rss=4470MB hwm=4470MB
RSS_SAMPLE t=1027.5s rss=4470MB hwm=4470MB
RSS_SAMPLE t=1027.8s rss=4470MB hwm=4470MB
RSS_SAMPLE t=1028.0s rss=4470MB hwm=4470MB
RSS_SAMPLE t=1028.3s rss=4470MB hwm=4470MB
RSS_SAMPLE t=1028.5s rss=4470MB hwm=4470MB
RSS_SAMPLE t=1028.8s rss=4470MB hwm=4470MB
RSS_SAMPLE t=1029.0s rss=4470MB hwm=4470MB
RSS_SAMPLE t=1029.3s rss=4470MB hwm=4470MB
RSS_SAMPLE t=1029.5s rss=4470MB hwm=4470MB
RSS_SAMPLE t=1029.8s rss=4470MB hwm=4470MB
RSS_SAMPLE t=1030.0s rss=4470MB hwm=4470MB
RSS_SAMPLE t=1030.3s rss=4470MB hwm=4470MB
RSS_SAMPLE t=1030.5s rss=4470MB hwm=4470MB
RSS_SAMPLE t=1030.8s rss=4470MB hwm=4470MB
RSS_SAMPLE t=1031.0s rss=4470MB hwm=4470MB
RSS_SAMPLE t=1031.3s rss=4470MB hwm=4470MB
RSS_SAMPLE t=1031.5s rss=4470MB hwm=4470MB
RSS_SAMPLE t=1031.8s rss=4470MB hwm=4470MB
RSS_SAMPLE t=1032.0s rss=4470MB hwm=4470MB
RSS_SAMPLE t=1032.3s rss=4470MB hwm=4470MB
RSS_SAMPLE t=1032.5s rss=4470MB hwm=4470MB
RSS_SAMPLE t=1032.8s rss=4470MB hwm=4470MB
RSS_SAMPLE t=1033.0s rss=4470MB hwm=4470MB
RSS_SAMPLE t=1033.3s rss=4470MB hwm=4470MB
RSS_SAMPLE t=1033.5s rss=4470MB hwm=4470MB
RSS_SAMPLE t=1033.8s rss=4470MB hwm=4470MB
RSS_SAMPLE t=1034.1s rss=4470MB hwm=4470MB
RSS_SAMPLE t=1034.3s rss=4470MB hwm=4470MB
RSS_SAMPLE t=1034.6s rss=4470MB hwm=4470MB
RSS_SAMPLE t=1034.8s rss=4470MB hwm=4470MB
RSS_SAMPLE t=1035.1s rss=4470MB hwm=4470MB
RSS_SAMPLE t=1035.3s rss=4470MB hwm=4470MB
RSS_SAMPLE t=1035.6s rss=4470MB hwm=4470MB
RSS_SAMPLE t=1035.8s rss=4470MB hwm=4470MB
RSS_SAMPLE t=1036.1s rss=4470MB hwm=4470MB
RSS_SAMPLE t=1036.3s rss=4470MB hwm=4470MB
RSS_SAMPLE t=1036.6s rss=4470MB hwm=4470MB
RSS_SAMPLE t=1036.8s rss=4470MB hwm=4470MB
RSS_SAMPLE t=1037.1s rss=4470MB hwm=4470MB
RSS_SAMPLE t=1037.3s rss=4470MB hwm=4470MB
RSS_SAMPLE t=1037.6s rss=4470MB hwm=4470MB
RSS_SAMPLE t=1037.8s rss=4470MB hwm=4470MB
RSS_SAMPLE t=1038.1s rss=4470MB hwm=4470MB
RSS_SAMPLE t=1038.3s rss=4470MB hwm=4470MB
RSS_SAMPLE t=1038.6s rss=4470MB hwm=4470MB
RSS_SAMPLE t=1038.8s rss=4470MB hwm=4470MB
RSS_SAMPLE t=1039.1s rss=4470MB hwm=4470MB
RSS_SAMPLE t=1039.3s rss=4470MB hwm=4470MB
RSS_SAMPLE t=1039.6s rss=4470MB hwm=4470MB
RSS_SAMPLE t=1039.8s rss=4470MB hwm=4470MB
RSS_SAMPLE t=1040.1s rss=4470MB hwm=4470MB
RSS_SAMPLE t=1040.3s rss=4470MB hwm=4470MB
RSS_SAMPLE t=1040.6s rss=4470MB hwm=4470MB
RSS_SAMPLE t=1040.8s rss=4470MB hwm=4470MB
RSS_SAMPLE t=1041.1s rss=4470MB hwm=4470MB
RSS_SAMPLE t=1041.3s rss=4470MB hwm=4470MB
RSS_SAMPLE t=1041.6s rss=4470MB hwm=4470MB
RSS_SAMPLE t=1041.8s rss=4470MB hwm=4470MB
RSS_SAMPLE t=1042.1s rss=4470MB hwm=4470MB
RSS_SAMPLE t=1042.3s rss=4470MB hwm=4470MB
RSS_SAMPLE t=1042.6s rss=4470MB hwm=4470MB
PHASE_MARK outer=6 leave=dcd_sweep rss=4470MB
PHASE_MARK outer=6 enter=post_refresh rss=4470MB
RSS_SAMPLE t=1042.8s rss=4470MB hwm=4470MB
RSS_SAMPLE t=1043.1s rss=4470MB hwm=4470MB
RSS_SAMPLE t=1043.3s rss=4470MB hwm=4470MB
RSS_SAMPLE t=1043.6s rss=4470MB hwm=4470MB
RSS_SAMPLE t=1043.8s rss=4470MB hwm=4470MB
RSS_SAMPLE t=1044.1s rss=4470MB hwm=4470MB
RSS_SAMPLE t=1044.3s rss=4470MB hwm=4470MB
RSS_SAMPLE t=1044.6s rss=4470MB hwm=4470MB
RSS_SAMPLE t=1044.8s rss=4470MB hwm=4470MB
RSS_SAMPLE t=1045.1s rss=4470MB hwm=4470MB
RSS_SAMPLE t=1045.3s rss=4470MB hwm=4470MB
RSS_SAMPLE t=1045.6s rss=4470MB hwm=4470MB
RSS_SAMPLE t=1045.8s rss=4470MB hwm=4470MB
RSS_SAMPLE t=1046.1s rss=4470MB hwm=4470MB
RSS_SAMPLE t=1046.3s rss=4470MB hwm=4470MB
RSS_SAMPLE t=1046.6s rss=4470MB hwm=4470MB
RSS_SAMPLE t=1046.8s rss=4470MB hwm=4470MB
RSS_SAMPLE t=1047.1s rss=4470MB hwm=4470MB
RSS_SAMPLE t=1047.3s rss=4470MB hwm=4470MB
RSS_SAMPLE t=1047.6s rss=4470MB hwm=4470MB
RSS_SAMPLE t=1047.8s rss=4470MB hwm=4470MB
RSS_SAMPLE t=1048.1s rss=4470MB hwm=4470MB
RSS_SAMPLE t=1048.3s rss=4470MB hwm=4470MB
RSS_SAMPLE t=1048.6s rss=4470MB hwm=4470MB
RSS_SAMPLE t=1048.8s rss=4470MB hwm=4470MB
RSS_SAMPLE t=1049.1s rss=4470MB hwm=4470MB
RSS_SAMPLE t=1049.3s rss=4470MB hwm=4470MB
RSS_SAMPLE t=1049.6s rss=4470MB hwm=4470MB
RSS_SAMPLE t=1049.8s rss=4470MB hwm=4470MB
RSS_SAMPLE t=1050.1s rss=4470MB hwm=4470MB
RSS_SAMPLE t=1050.3s rss=4470MB hwm=4470MB
RSS_SAMPLE t=1050.6s rss=4470MB hwm=4470MB
RSS_SAMPLE t=1050.8s rss=4470MB hwm=4470MB
RSS_SAMPLE t=1051.1s rss=4470MB hwm=4470MB
RSS_SAMPLE t=1051.3s rss=4470MB hwm=4470MB
RSS_SAMPLE t=1051.6s rss=4470MB hwm=4470MB
RSS_SAMPLE t=1051.8s rss=4470MB hwm=4470MB
RSS_SAMPLE t=1052.1s rss=4470MB hwm=4470MB
RSS_SAMPLE t=1052.3s rss=4470MB hwm=4470MB
RSS_SAMPLE t=1052.6s rss=4470MB hwm=4470MB
RSS_SAMPLE t=1052.8s rss=4470MB hwm=4470MB
RSS_SAMPLE t=1053.1s rss=4470MB hwm=4470MB
RSS_SAMPLE t=1053.3s rss=4470MB hwm=4470MB
RSS_SAMPLE t=1053.6s rss=4470MB hwm=4470MB
RSS_SAMPLE t=1053.8s rss=4470MB hwm=4470MB
RSS_SAMPLE t=1054.1s rss=4470MB hwm=4470MB
RSS_SAMPLE t=1054.3s rss=4470MB hwm=4470MB
RSS_SAMPLE t=1054.6s rss=4470MB hwm=4470MB
RSS_SAMPLE t=1054.8s rss=4470MB hwm=4470MB
RSS_SAMPLE t=1055.1s rss=4470MB hwm=4470MB
RSS_SAMPLE t=1055.3s rss=4470MB hwm=4470MB
RSS_SAMPLE t=1055.6s rss=4470MB hwm=4470MB
RSS_SAMPLE t=1055.8s rss=4470MB hwm=4470MB
RSS_SAMPLE t=1056.1s rss=4470MB hwm=4470MB
RSS_SAMPLE t=1056.3s rss=4470MB hwm=4470MB
RSS_SAMPLE t=1056.6s rss=4470MB hwm=4470MB
RSS_SAMPLE t=1056.8s rss=4470MB hwm=4470MB
RSS_SAMPLE t=1057.1s rss=4470MB hwm=4470MB
RSS_SAMPLE t=1057.3s rss=4470MB hwm=4470MB
RSS_SAMPLE t=1057.6s rss=4470MB hwm=4470MB
RSS_SAMPLE t=1057.9s rss=4470MB hwm=4470MB
RSS_SAMPLE t=1058.1s rss=4470MB hwm=4470MB
RSS_SAMPLE t=1058.4s rss=4470MB hwm=4470MB
RSS_SAMPLE t=1058.6s rss=4470MB hwm=4470MB
RSS_SAMPLE t=1058.9s rss=4470MB hwm=4470MB
RSS_SAMPLE t=1059.1s rss=4470MB hwm=4470MB
RSS_SAMPLE t=1059.4s rss=4470MB hwm=4470MB
RSS_SAMPLE t=1059.6s rss=4470MB hwm=4470MB
RSS_SAMPLE t=1059.9s rss=4470MB hwm=4470MB
RSS_SAMPLE t=1060.1s rss=4470MB hwm=4470MB
RSS_SAMPLE t=1060.4s rss=4471MB hwm=4471MB
RSS_SAMPLE t=1060.6s rss=4471MB hwm=4471MB
RSS_SAMPLE t=1060.9s rss=4471MB hwm=4471MB
RSS_SAMPLE t=1061.1s rss=4471MB hwm=4471MB
RSS_SAMPLE t=1061.4s rss=4471MB hwm=4471MB
RSS_SAMPLE t=1061.6s rss=4471MB hwm=4471MB
RSS_SAMPLE t=1061.9s rss=4471MB hwm=4471MB
RSS_SAMPLE t=1062.1s rss=4471MB hwm=4471MB
RSS_SAMPLE t=1062.4s rss=4471MB hwm=4471MB
RSS_SAMPLE t=1062.6s rss=4471MB hwm=4471MB
RSS_SAMPLE t=1062.9s rss=4471MB hwm=4471MB
RSS_SAMPLE t=1063.1s rss=4471MB hwm=4471MB
RSS_SAMPLE t=1063.4s rss=4471MB hwm=4471MB
RSS_SAMPLE t=1063.6s rss=4471MB hwm=4471MB
RSS_SAMPLE t=1063.9s rss=4471MB hwm=4471MB
RSS_SAMPLE t=1064.1s rss=4471MB hwm=4471MB
RSS_SAMPLE t=1064.4s rss=4471MB hwm=4471MB
RSS_SAMPLE t=1064.6s rss=4472MB hwm=4472MB
RSS_SAMPLE t=1064.9s rss=4472MB hwm=4472MB
RSS_SAMPLE t=1065.1s rss=4472MB hwm=4472MB
RSS_SAMPLE t=1065.4s rss=4472MB hwm=4472MB
RSS_SAMPLE t=1065.6s rss=4472MB hwm=4472MB
RSS_SAMPLE t=1065.9s rss=4472MB hwm=4472MB
RSS_SAMPLE t=1066.1s rss=4472MB hwm=4472MB
RSS_SAMPLE t=1066.4s rss=4472MB hwm=4472MB
RSS_SAMPLE t=1066.6s rss=4472MB hwm=4472MB
RSS_SAMPLE t=1066.9s rss=4472MB hwm=4472MB
RSS_SAMPLE t=1067.1s rss=4472MB hwm=4472MB
RSS_SAMPLE t=1067.4s rss=4472MB hwm=4472MB
RSS_SAMPLE t=1067.6s rss=4472MB hwm=4472MB
RSS_SAMPLE t=1067.9s rss=4472MB hwm=4472MB
RSS_SAMPLE t=1068.1s rss=4472MB hwm=4472MB
RSS_SAMPLE t=1068.4s rss=4472MB hwm=4472MB
RSS_SAMPLE t=1068.6s rss=4472MB hwm=4472MB
RSS_SAMPLE t=1068.9s rss=4472MB hwm=4472MB
RSS_SAMPLE t=1069.1s rss=4472MB hwm=4472MB
RSS_SAMPLE t=1069.4s rss=4472MB hwm=4472MB
RSS_SAMPLE t=1069.6s rss=4472MB hwm=4472MB
RSS_SAMPLE t=1069.9s rss=4472MB hwm=4472MB
RSS_SAMPLE t=1070.1s rss=4472MB hwm=4472MB
RSS_SAMPLE t=1070.4s rss=4472MB hwm=4472MB
RSS_SAMPLE t=1070.6s rss=4472MB hwm=4472MB
RSS_SAMPLE t=1070.9s rss=4472MB hwm=4472MB
RSS_SAMPLE t=1071.1s rss=4472MB hwm=4472MB
RSS_SAMPLE t=1071.4s rss=4472MB hwm=4472MB
RSS_SAMPLE t=1071.6s rss=4472MB hwm=4472MB
RSS_SAMPLE t=1071.9s rss=4472MB hwm=4472MB
RSS_SAMPLE t=1072.1s rss=4472MB hwm=4472MB
RSS_SAMPLE t=1072.4s rss=4472MB hwm=4472MB
RSS_SAMPLE t=1072.6s rss=4472MB hwm=4472MB
RSS_SAMPLE t=1072.9s rss=4472MB hwm=4472MB
RSS_SAMPLE t=1073.1s rss=4472MB hwm=4472MB
RSS_SAMPLE t=1073.4s rss=4472MB hwm=4472MB
RSS_SAMPLE t=1073.6s rss=4472MB hwm=4472MB
RSS_SAMPLE t=1073.9s rss=4472MB hwm=4472MB
RSS_SAMPLE t=1074.1s rss=4472MB hwm=4472MB
RSS_SAMPLE t=1074.4s rss=4473MB hwm=4473MB
RSS_SAMPLE t=1074.6s rss=4473MB hwm=4473MB
RSS_SAMPLE t=1074.9s rss=4473MB hwm=4473MB
RSS_SAMPLE t=1075.1s rss=4473MB hwm=4473MB
RSS_SAMPLE t=1075.4s rss=4473MB hwm=4473MB
RSS_SAMPLE t=1075.6s rss=4473MB hwm=4473MB
RSS_SAMPLE t=1075.9s rss=4473MB hwm=4473MB
RSS_SAMPLE t=1076.1s rss=4473MB hwm=4473MB
RSS_SAMPLE t=1076.4s rss=4473MB hwm=4473MB
RSS_SAMPLE t=1076.6s rss=4473MB hwm=4473MB
RSS_SAMPLE t=1076.9s rss=4473MB hwm=4473MB
RSS_SAMPLE t=1077.1s rss=4474MB hwm=4474MB
RSS_SAMPLE t=1077.4s rss=4474MB hwm=4474MB
RSS_SAMPLE t=1077.6s rss=4474MB hwm=4474MB
RSS_SAMPLE t=1077.9s rss=4474MB hwm=4474MB
RSS_SAMPLE t=1078.1s rss=4474MB hwm=4474MB
RSS_SAMPLE t=1078.4s rss=4474MB hwm=4474MB
RSS_SAMPLE t=1078.6s rss=4474MB hwm=4474MB
RSS_SAMPLE t=1078.9s rss=4474MB hwm=4474MB
RSS_SAMPLE t=1079.1s rss=4474MB hwm=4474MB
RSS_SAMPLE t=1079.4s rss=4474MB hwm=4474MB
RSS_SAMPLE t=1079.6s rss=4474MB hwm=4474MB
RSS_SAMPLE t=1079.9s rss=4474MB hwm=4474MB
RSS_SAMPLE t=1080.1s rss=4474MB hwm=4474MB
RSS_SAMPLE t=1080.4s rss=4474MB hwm=4474MB
RSS_SAMPLE t=1080.6s rss=4474MB hwm=4474MB
RSS_SAMPLE t=1080.9s rss=4474MB hwm=4474MB
RSS_SAMPLE t=1081.1s rss=4474MB hwm=4474MB
RSS_SAMPLE t=1081.4s rss=4474MB hwm=4474MB
RSS_SAMPLE t=1081.6s rss=4475MB hwm=4475MB
RSS_SAMPLE t=1081.9s rss=4475MB hwm=4475MB
RSS_SAMPLE t=1082.1s rss=4475MB hwm=4475MB
RSS_SAMPLE t=1082.4s rss=4475MB hwm=4475MB
RSS_SAMPLE t=1082.6s rss=4475MB hwm=4475MB
RSS_SAMPLE t=1082.9s rss=4475MB hwm=4475MB
RSS_SAMPLE t=1083.1s rss=4475MB hwm=4475MB
RSS_SAMPLE t=1083.4s rss=4475MB hwm=4475MB
RSS_SAMPLE t=1083.7s rss=4475MB hwm=4475MB
RSS_SAMPLE t=1083.9s rss=4475MB hwm=4475MB
RSS_SAMPLE t=1084.2s rss=4475MB hwm=4475MB
RSS_SAMPLE t=1084.4s rss=4475MB hwm=4475MB
RSS_SAMPLE t=1084.7s rss=4475MB hwm=4475MB
RSS_SAMPLE t=1084.9s rss=4475MB hwm=4475MB
RSS_SAMPLE t=1085.2s rss=4475MB hwm=4475MB
RSS_SAMPLE t=1085.4s rss=4475MB hwm=4475MB
RSS_SAMPLE t=1085.7s rss=4476MB hwm=4476MB
RSS_SAMPLE t=1085.9s rss=4476MB hwm=4476MB
RSS_SAMPLE t=1086.2s rss=4476MB hwm=4476MB
RSS_SAMPLE t=1086.4s rss=4476MB hwm=4476MB
RSS_SAMPLE t=1086.7s rss=4476MB hwm=4476MB
RSS_SAMPLE t=1086.9s rss=4476MB hwm=4476MB
RSS_SAMPLE t=1087.2s rss=4477MB hwm=4477MB
RSS_SAMPLE t=1087.4s rss=4477MB hwm=4477MB
RSS_SAMPLE t=1087.7s rss=4477MB hwm=4477MB
RSS_SAMPLE t=1087.9s rss=4477MB hwm=4477MB
RSS_SAMPLE t=1088.2s rss=4478MB hwm=4478MB
RSS_SAMPLE t=1088.4s rss=4478MB hwm=4478MB
RSS_SAMPLE t=1088.7s rss=4478MB hwm=4478MB
RSS_SAMPLE t=1088.9s rss=4478MB hwm=4478MB
RSS_SAMPLE t=1089.2s rss=4478MB hwm=4478MB
RSS_SAMPLE t=1089.4s rss=4479MB hwm=4479MB
RSS_SAMPLE t=1089.7s rss=4479MB hwm=4479MB
RSS_SAMPLE t=1089.9s rss=4479MB hwm=4479MB
RSS_SAMPLE t=1090.2s rss=4479MB hwm=4479MB
RSS_SAMPLE t=1090.4s rss=4479MB hwm=4479MB
RSS_SAMPLE t=1090.7s rss=4479MB hwm=4479MB
RSS_SAMPLE t=1090.9s rss=4480MB hwm=4480MB
RSS_SAMPLE t=1091.2s rss=4480MB hwm=4480MB
RSS_SAMPLE t=1091.4s rss=4480MB hwm=4480MB
RSS_SAMPLE t=1091.7s rss=4480MB hwm=4480MB
RSS_SAMPLE t=1091.9s rss=4480MB hwm=4480MB
RSS_SAMPLE t=1092.2s rss=4480MB hwm=4480MB
RSS_SAMPLE t=1092.4s rss=4481MB hwm=4481MB
RSS_SAMPLE t=1092.7s rss=4481MB hwm=4481MB
RSS_SAMPLE t=1092.9s rss=4481MB hwm=4481MB
RSS_SAMPLE t=1093.2s rss=4481MB hwm=4481MB
RSS_SAMPLE t=1093.4s rss=4481MB hwm=4481MB
RSS_SAMPLE t=1093.7s rss=4482MB hwm=4482MB
RSS_SAMPLE t=1093.9s rss=4482MB hwm=4482MB
RSS_SAMPLE t=1094.2s rss=4482MB hwm=4482MB
RSS_SAMPLE t=1094.4s rss=4482MB hwm=4482MB
RSS_SAMPLE t=1094.7s rss=4483MB hwm=4483MB
RSS_SAMPLE t=1094.9s rss=4483MB hwm=4483MB
RSS_SAMPLE t=1095.2s rss=4483MB hwm=4483MB
RSS_SAMPLE t=1095.4s rss=4484MB hwm=4484MB
RSS_SAMPLE t=1095.7s rss=4484MB hwm=4484MB
RSS_SAMPLE t=1095.9s rss=4484MB hwm=4484MB
RSS_SAMPLE t=1096.2s rss=4484MB hwm=4484MB
RSS_SAMPLE t=1096.4s rss=4485MB hwm=4485MB
RSS_SAMPLE t=1096.7s rss=4485MB hwm=4485MB
RSS_SAMPLE t=1096.9s rss=4485MB hwm=4485MB
RSS_SAMPLE t=1097.2s rss=4485MB hwm=4485MB
RSS_SAMPLE t=1097.4s rss=4486MB hwm=4486MB
RSS_SAMPLE t=1097.7s rss=4486MB hwm=4486MB
RSS_SAMPLE t=1097.9s rss=4487MB hwm=4487MB
RSS_SAMPLE t=1098.2s rss=4487MB hwm=4487MB
RSS_SAMPLE t=1098.4s rss=4487MB hwm=4487MB
RSS_SAMPLE t=1098.7s rss=4487MB hwm=4487MB
RSS_SAMPLE t=1098.9s rss=4488MB hwm=4488MB
RSS_SAMPLE t=1099.2s rss=4488MB hwm=4488MB
RSS_SAMPLE t=1099.4s rss=4489MB hwm=4489MB
RSS_SAMPLE t=1099.7s rss=4489MB hwm=4489MB
RSS_SAMPLE t=1099.9s rss=4489MB hwm=4489MB
RSS_SAMPLE t=1100.2s rss=4490MB hwm=4490MB
RSS_SAMPLE t=1100.4s rss=4490MB hwm=4490MB
RSS_SAMPLE t=1100.7s rss=4490MB hwm=4490MB
RSS_SAMPLE t=1100.9s rss=4490MB hwm=4490MB
RSS_SAMPLE t=1101.2s rss=4490MB hwm=4490MB
RSS_SAMPLE t=1101.4s rss=4491MB hwm=4491MB
RSS_SAMPLE t=1101.7s rss=4491MB hwm=4491MB
RSS_SAMPLE t=1102.0s rss=4491MB hwm=4491MB
RSS_SAMPLE t=1102.2s rss=4492MB hwm=4492MB
RSS_SAMPLE t=1102.5s rss=4492MB hwm=4492MB
RSS_SAMPLE t=1102.7s rss=4492MB hwm=4492MB
RSS_SAMPLE t=1103.0s rss=4492MB hwm=4492MB
RSS_SAMPLE t=1103.2s rss=4492MB hwm=4492MB
RSS_SAMPLE t=1103.5s rss=4493MB hwm=4493MB
RSS_SAMPLE t=1103.7s rss=4493MB hwm=4493MB
RSS_SAMPLE t=1104.0s rss=4493MB hwm=4493MB
RSS_SAMPLE t=1104.2s rss=4493MB hwm=4493MB
RSS_SAMPLE t=1104.5s rss=4493MB hwm=4493MB
RSS_SAMPLE t=1104.7s rss=4493MB hwm=4493MB
RSS_SAMPLE t=1105.0s rss=4493MB hwm=4493MB
RSS_SAMPLE t=1105.2s rss=4494MB hwm=4494MB
RSS_SAMPLE t=1105.5s rss=4494MB hwm=4494MB
RSS_SAMPLE t=1105.7s rss=4494MB hwm=4494MB
RSS_SAMPLE t=1106.0s rss=4494MB hwm=4494MB
RSS_SAMPLE t=1106.2s rss=4494MB hwm=4494MB
RSS_SAMPLE t=1106.5s rss=4494MB hwm=4494MB
RSS_SAMPLE t=1106.7s rss=4494MB hwm=4494MB
RSS_SAMPLE t=1107.0s rss=4495MB hwm=4495MB
RSS_SAMPLE t=1107.2s rss=4495MB hwm=4495MB
RSS_SAMPLE t=1107.5s rss=4495MB hwm=4495MB
RSS_SAMPLE t=1107.7s rss=4495MB hwm=4495MB
RSS_SAMPLE t=1108.0s rss=4495MB hwm=4495MB
RSS_SAMPLE t=1108.2s rss=4495MB hwm=4495MB
RSS_SAMPLE t=1108.5s rss=4496MB hwm=4496MB
RSS_SAMPLE t=1108.7s rss=4496MB hwm=4496MB
RSS_SAMPLE t=1109.0s rss=4496MB hwm=4496MB
RSS_SAMPLE t=1109.2s rss=4496MB hwm=4496MB
RSS_SAMPLE t=1109.5s rss=4496MB hwm=4496MB
RSS_SAMPLE t=1109.7s rss=4496MB hwm=4496MB
RSS_SAMPLE t=1110.0s rss=4496MB hwm=4496MB
RSS_SAMPLE t=1110.2s rss=4496MB hwm=4496MB
RSS_SAMPLE t=1110.5s rss=4496MB hwm=4496MB
RSS_SAMPLE t=1110.7s rss=4497MB hwm=4497MB
RSS_SAMPLE t=1111.0s rss=4497MB hwm=4497MB
RSS_SAMPLE t=1111.2s rss=4497MB hwm=4497MB
RSS_SAMPLE t=1111.5s rss=4497MB hwm=4497MB
RSS_SAMPLE t=1111.7s rss=4497MB hwm=4497MB
RSS_SAMPLE t=1112.0s rss=4497MB hwm=4497MB
RSS_SAMPLE t=1112.2s rss=4498MB hwm=4498MB
RSS_SAMPLE t=1112.5s rss=4498MB hwm=4498MB
RSS_SAMPLE t=1112.7s rss=4498MB hwm=4498MB
RSS_SAMPLE t=1113.0s rss=4498MB hwm=4498MB
RSS_SAMPLE t=1113.2s rss=4498MB hwm=4498MB
RSS_SAMPLE t=1113.5s rss=4498MB hwm=4498MB
RSS_SAMPLE t=1113.7s rss=4498MB hwm=4498MB
RSS_SAMPLE t=1114.0s rss=4499MB hwm=4499MB
RSS_SAMPLE t=1114.2s rss=4499MB hwm=4499MB
RSS_SAMPLE t=1114.5s rss=4499MB hwm=4499MB
RSS_SAMPLE t=1114.7s rss=4499MB hwm=4499MB
RSS_SAMPLE t=1115.0s rss=4499MB hwm=4499MB
RSS_SAMPLE t=1115.2s rss=4499MB hwm=4499MB
RSS_SAMPLE t=1115.5s rss=4499MB hwm=4499MB
RSS_SAMPLE t=1115.7s rss=4499MB hwm=4499MB
RSS_SAMPLE t=1116.0s rss=4499MB hwm=4499MB
RSS_SAMPLE t=1116.2s rss=4500MB hwm=4500MB
RSS_SAMPLE t=1116.5s rss=4500MB hwm=4500MB
RSS_SAMPLE t=1116.7s rss=4500MB hwm=4500MB
RSS_SAMPLE t=1117.0s rss=4500MB hwm=4500MB
RSS_SAMPLE t=1117.2s rss=4500MB hwm=4500MB
RSS_SAMPLE t=1117.5s rss=4500MB hwm=4500MB
RSS_SAMPLE t=1117.7s rss=4500MB hwm=4500MB
RSS_SAMPLE t=1118.0s rss=4500MB hwm=4500MB
RSS_SAMPLE t=1118.2s rss=4500MB hwm=4500MB
RSS_SAMPLE t=1118.5s rss=4500MB hwm=4500MB
RSS_SAMPLE t=1118.7s rss=4500MB hwm=4500MB
RSS_SAMPLE t=1119.0s rss=4500MB hwm=4500MB
RSS_SAMPLE t=1119.2s rss=4500MB hwm=4500MB
RSS_SAMPLE t=1119.5s rss=4501MB hwm=4501MB
RSS_SAMPLE t=1119.7s rss=4501MB hwm=4501MB
RSS_SAMPLE t=1120.0s rss=4501MB hwm=4501MB
RSS_SAMPLE t=1120.2s rss=4501MB hwm=4501MB
RSS_SAMPLE t=1120.5s rss=4501MB hwm=4501MB
RSS_SAMPLE t=1120.7s rss=4501MB hwm=4501MB
RSS_SAMPLE t=1121.0s rss=4501MB hwm=4501MB
RSS_SAMPLE t=1121.2s rss=4501MB hwm=4501MB
RSS_SAMPLE t=1121.5s rss=4502MB hwm=4502MB
RSS_SAMPLE t=1121.7s rss=4502MB hwm=4502MB
RSS_SAMPLE t=1122.0s rss=4502MB hwm=4502MB
RSS_SAMPLE t=1122.2s rss=4502MB hwm=4502MB
RSS_SAMPLE t=1122.5s rss=4502MB hwm=4502MB
RSS_SAMPLE t=1122.7s rss=4503MB hwm=4503MB
RSS_SAMPLE t=1123.0s rss=4503MB hwm=4503MB
RSS_SAMPLE t=1123.2s rss=4503MB hwm=4503MB
RSS_SAMPLE t=1123.5s rss=4503MB hwm=4503MB
RSS_SAMPLE t=1123.7s rss=4504MB hwm=4504MB
RSS_SAMPLE t=1124.0s rss=4504MB hwm=4504MB
RSS_SAMPLE t=1124.2s rss=4504MB hwm=4504MB
RSS_SAMPLE t=1124.5s rss=4504MB hwm=4504MB
RSS_SAMPLE t=1124.7s rss=4505MB hwm=4505MB
RSS_SAMPLE t=1125.0s rss=4505MB hwm=4505MB
RSS_SAMPLE t=1125.2s rss=4505MB hwm=4505MB
RSS_SAMPLE t=1125.5s rss=4505MB hwm=4505MB
RSS_SAMPLE t=1125.7s rss=4505MB hwm=4505MB
RSS_SAMPLE t=1126.0s rss=4506MB hwm=4506MB
RSS_SAMPLE t=1126.2s rss=4506MB hwm=4506MB
RSS_SAMPLE t=1126.5s rss=4506MB hwm=4506MB
RSS_SAMPLE t=1126.7s rss=4506MB hwm=4506MB
RSS_SAMPLE t=1127.0s rss=4506MB hwm=4506MB
RSS_SAMPLE t=1127.2s rss=4507MB hwm=4507MB
RSS_SAMPLE t=1127.5s rss=4507MB hwm=4507MB
RSS_SAMPLE t=1127.7s rss=4507MB hwm=4507MB
RSS_SAMPLE t=1128.0s rss=4507MB hwm=4507MB
RSS_SAMPLE t=1128.3s rss=4507MB hwm=4507MB
RSS_SAMPLE t=1128.5s rss=4508MB hwm=4508MB
RSS_SAMPLE t=1128.8s rss=4508MB hwm=4508MB
RSS_SAMPLE t=1129.0s rss=4508MB hwm=4508MB
RSS_SAMPLE t=1129.3s rss=4509MB hwm=4509MB
RSS_SAMPLE t=1129.5s rss=4509MB hwm=4509MB
RSS_SAMPLE t=1129.8s rss=4509MB hwm=4509MB
RSS_SAMPLE t=1130.0s rss=4510MB hwm=4510MB
RSS_SAMPLE t=1130.3s rss=4510MB hwm=4510MB
RSS_SAMPLE t=1130.5s rss=4510MB hwm=4510MB
RSS_SAMPLE t=1130.8s rss=4511MB hwm=4511MB
RSS_SAMPLE t=1131.0s rss=4511MB hwm=4511MB
RSS_SAMPLE t=1131.3s rss=4512MB hwm=4512MB
RSS_SAMPLE t=1131.5s rss=4512MB hwm=4512MB
RSS_SAMPLE t=1131.8s rss=4512MB hwm=4512MB
RSS_SAMPLE t=1132.0s rss=4512MB hwm=4512MB
RSS_SAMPLE t=1132.3s rss=4512MB hwm=4512MB
RSS_SAMPLE t=1132.5s rss=4513MB hwm=4513MB
RSS_SAMPLE t=1132.8s rss=4513MB hwm=4513MB
RSS_SAMPLE t=1133.0s rss=4514MB hwm=4514MB
RSS_SAMPLE t=1133.3s rss=4514MB hwm=4514MB
RSS_SAMPLE t=1133.5s rss=4515MB hwm=4515MB
RSS_SAMPLE t=1133.8s rss=4515MB hwm=4515MB
RSS_SAMPLE t=1134.0s rss=4516MB hwm=4516MB
RSS_SAMPLE t=1134.3s rss=4516MB hwm=4516MB
RSS_SAMPLE t=1134.5s rss=4516MB hwm=4516MB
RSS_SAMPLE t=1134.8s rss=4517MB hwm=4517MB
RSS_SAMPLE t=1135.0s rss=4517MB hwm=4517MB
RSS_SAMPLE t=1135.3s rss=4517MB hwm=4517MB
RSS_SAMPLE t=1135.5s rss=4518MB hwm=4518MB
RSS_SAMPLE t=1135.8s rss=4518MB hwm=4518MB
RSS_SAMPLE t=1136.0s rss=4518MB hwm=4518MB
RSS_SAMPLE t=1136.3s rss=4518MB hwm=4518MB
RSS_SAMPLE t=1136.5s rss=4518MB hwm=4518MB
RSS_SAMPLE t=1136.8s rss=4518MB hwm=4518MB
RSS_SAMPLE t=1137.0s rss=4519MB hwm=4519MB
RSS_SAMPLE t=1137.3s rss=4519MB hwm=4519MB
RSS_SAMPLE t=1137.5s rss=4519MB hwm=4519MB
RSS_SAMPLE t=1137.8s rss=4519MB hwm=4519MB
RSS_SAMPLE t=1138.0s rss=4520MB hwm=4520MB
RSS_SAMPLE t=1138.3s rss=4520MB hwm=4520MB
RSS_SAMPLE t=1138.5s rss=4520MB hwm=4520MB
RSS_SAMPLE t=1138.8s rss=4520MB hwm=4520MB
RSS_SAMPLE t=1139.0s rss=4520MB hwm=4520MB
RSS_SAMPLE t=1139.3s rss=4520MB hwm=4520MB
RSS_SAMPLE t=1139.5s rss=4520MB hwm=4520MB
RSS_SAMPLE t=1139.8s rss=4520MB hwm=4520MB
RSS_SAMPLE t=1140.0s rss=4520MB hwm=4520MB
RSS_SAMPLE t=1140.3s rss=4520MB hwm=4520MB
RSS_SAMPLE t=1140.5s rss=4520MB hwm=4520MB
RSS_SAMPLE t=1140.8s rss=4520MB hwm=4520MB
RSS_SAMPLE t=1141.0s rss=4520MB hwm=4520MB
RSS_SAMPLE t=1141.3s rss=4520MB hwm=4520MB
RSS_SAMPLE t=1141.5s rss=4520MB hwm=4520MB
RSS_SAMPLE t=1141.8s rss=4520MB hwm=4520MB
RSS_SAMPLE t=1142.0s rss=4520MB hwm=4520MB
RSS_SAMPLE t=1142.3s rss=4520MB hwm=4520MB
RSS_SAMPLE t=1142.5s rss=4520MB hwm=4520MB
RSS_SAMPLE t=1142.8s rss=4520MB hwm=4520MB
RSS_SAMPLE t=1143.0s rss=4520MB hwm=4520MB
RSS_SAMPLE t=1143.3s rss=4520MB hwm=4520MB
RSS_SAMPLE t=1143.5s rss=4520MB hwm=4520MB
RSS_SAMPLE t=1143.8s rss=4520MB hwm=4520MB
RSS_SAMPLE t=1144.0s rss=4520MB hwm=4520MB
RSS_SAMPLE t=1144.3s rss=4520MB hwm=4520MB
RSS_SAMPLE t=1144.5s rss=4520MB hwm=4520MB
RSS_SAMPLE t=1144.8s rss=4520MB hwm=4520MB
RSS_SAMPLE t=1145.0s rss=4521MB hwm=4521MB
RSS_SAMPLE t=1145.3s rss=4521MB hwm=4521MB
RSS_SAMPLE t=1145.5s rss=4521MB hwm=4521MB
RSS_SAMPLE t=1145.8s rss=4521MB hwm=4521MB
RSS_SAMPLE t=1146.0s rss=4521MB hwm=4521MB
RSS_SAMPLE t=1146.3s rss=4521MB hwm=4521MB
RSS_SAMPLE t=1146.5s rss=4521MB hwm=4521MB
RSS_SAMPLE t=1146.8s rss=4521MB hwm=4521MB
RSS_SAMPLE t=1147.0s rss=4521MB hwm=4521MB
RSS_SAMPLE t=1147.3s rss=4521MB hwm=4521MB
RSS_SAMPLE t=1147.5s rss=4521MB hwm=4521MB
RSS_SAMPLE t=1147.8s rss=4521MB hwm=4521MB
RSS_SAMPLE t=1148.0s rss=4521MB hwm=4521MB
RSS_SAMPLE t=1148.3s rss=4521MB hwm=4521MB
RSS_SAMPLE t=1148.5s rss=4521MB hwm=4521MB
RSS_SAMPLE t=1148.8s rss=4521MB hwm=4521MB
RSS_SAMPLE t=1149.0s rss=4521MB hwm=4521MB
RSS_SAMPLE t=1149.3s rss=4521MB hwm=4521MB
RSS_SAMPLE t=1149.5s rss=4521MB hwm=4521MB
RSS_SAMPLE t=1149.8s rss=4521MB hwm=4521MB
RSS_SAMPLE t=1150.0s rss=4521MB hwm=4521MB
RSS_SAMPLE t=1150.3s rss=4521MB hwm=4521MB
RSS_SAMPLE t=1150.5s rss=4521MB hwm=4521MB
RSS_SAMPLE t=1150.8s rss=4521MB hwm=4521MB
RSS_SAMPLE t=1151.0s rss=4521MB hwm=4521MB
RSS_SAMPLE t=1151.3s rss=4521MB hwm=4521MB
RSS_SAMPLE t=1151.5s rss=4521MB hwm=4521MB
RSS_SAMPLE t=1151.8s rss=4521MB hwm=4521MB
RSS_SAMPLE t=1152.0s rss=4521MB hwm=4521MB
RSS_SAMPLE t=1152.3s rss=4521MB hwm=4521MB
RSS_SAMPLE t=1152.5s rss=4521MB hwm=4521MB
RSS_SAMPLE t=1152.8s rss=4521MB hwm=4521MB
RSS_SAMPLE t=1153.0s rss=4521MB hwm=4521MB
RSS_SAMPLE t=1153.3s rss=4521MB hwm=4521MB
RSS_SAMPLE t=1153.5s rss=4521MB hwm=4521MB
RSS_SAMPLE t=1153.8s rss=4521MB hwm=4521MB
RSS_SAMPLE t=1154.0s rss=4522MB hwm=4522MB
RSS_SAMPLE t=1154.3s rss=4522MB hwm=4522MB
RSS_SAMPLE t=1154.5s rss=4522MB hwm=4522MB
RSS_SAMPLE t=1154.8s rss=4522MB hwm=4522MB
RSS_SAMPLE t=1155.0s rss=4522MB hwm=4522MB
RSS_SAMPLE t=1155.3s rss=4522MB hwm=4522MB
RSS_SAMPLE t=1155.5s rss=4522MB hwm=4522MB
RSS_SAMPLE t=1155.8s rss=4522MB hwm=4522MB
RSS_SAMPLE t=1156.0s rss=4522MB hwm=4522MB
RSS_SAMPLE t=1156.3s rss=4522MB hwm=4522MB
RSS_SAMPLE t=1156.5s rss=4522MB hwm=4522MB
RSS_SAMPLE t=1156.8s rss=4522MB hwm=4522MB
RSS_SAMPLE t=1157.0s rss=4522MB hwm=4522MB
RSS_SAMPLE t=1157.3s rss=4522MB hwm=4522MB
RSS_SAMPLE t=1157.5s rss=4522MB hwm=4522MB
RSS_SAMPLE t=1157.8s rss=4522MB hwm=4522MB
RSS_SAMPLE t=1158.0s rss=4522MB hwm=4522MB
RSS_SAMPLE t=1158.3s rss=4522MB hwm=4522MB
RSS_SAMPLE t=1158.5s rss=4522MB hwm=4522MB
RSS_SAMPLE t=1158.8s rss=4522MB hwm=4522MB
RSS_SAMPLE t=1159.0s rss=4522MB hwm=4522MB
RSS_SAMPLE t=1159.3s rss=4522MB hwm=4522MB
RSS_SAMPLE t=1159.5s rss=4522MB hwm=4522MB
RSS_SAMPLE t=1159.8s rss=4522MB hwm=4522MB
RSS_SAMPLE t=1160.0s rss=4522MB hwm=4522MB
RSS_SAMPLE t=1160.3s rss=4522MB hwm=4522MB
RSS_SAMPLE t=1160.5s rss=4522MB hwm=4522MB
RSS_SAMPLE t=1160.8s rss=4522MB hwm=4522MB
RSS_SAMPLE t=1161.0s rss=4522MB hwm=4522MB
RSS_SAMPLE t=1161.3s rss=4522MB hwm=4522MB
RSS_SAMPLE t=1161.5s rss=4523MB hwm=4523MB
RSS_SAMPLE t=1161.8s rss=4523MB hwm=4523MB
RSS_SAMPLE t=1162.0s rss=4523MB hwm=4523MB
RSS_SAMPLE t=1162.3s rss=4523MB hwm=4523MB
RSS_SAMPLE t=1162.5s rss=4523MB hwm=4523MB
RSS_SAMPLE t=1162.8s rss=4523MB hwm=4523MB
RSS_SAMPLE t=1163.0s rss=4523MB hwm=4523MB
RSS_SAMPLE t=1163.3s rss=4523MB hwm=4523MB
RSS_SAMPLE t=1163.5s rss=4523MB hwm=4523MB
RSS_SAMPLE t=1163.8s rss=4523MB hwm=4523MB
RSS_SAMPLE t=1164.0s rss=4523MB hwm=4523MB
RSS_SAMPLE t=1164.3s rss=4523MB hwm=4523MB
RSS_SAMPLE t=1164.5s rss=4523MB hwm=4523MB
RSS_SAMPLE t=1164.8s rss=4523MB hwm=4523MB
RSS_SAMPLE t=1165.0s rss=4523MB hwm=4523MB
RSS_SAMPLE t=1165.3s rss=4523MB hwm=4523MB
MEM_POOL: workspaces=32 dense_usage_mb=1251 n_pipes=2562403
    post_solve_diag[outer=6]: solves=105117 cap_armed=105117 (100.0%) settle_avg=7027 above_sink_avg=106 (1.5%) settle_max=69353
    load_support[outer=6]: settle_avg=7027 load_nz_avg=2546 (36.2%) load_material_avg=1235 (17.6%)
    prune_ceiling[outer=6]: settle_avg=7027 heuristic_prunable_avg=474 (6.7%) vs oracle_zero_load=63.8%
    settle_hist[outer=6]: <100: 31702nets/0.1%work  <1k: 18276nets/1.0%work  <5k: 23333nets/8.2%work  <20k: 17946nets/26.0%work  <60k: 13310nets/59.9%work  >=60k: 550nets/4.8%work
    fanout_hist[outer=6]: fan1: 43710nets/13.4%work  fan2-4: 48279nets/50.0%work  fan5-16: 12974nets/35.7%work  fan17-64: 154nets/0.9%work  fan65-256: 0nets/0.0%work  fan>256: 0nets/0.0%work
RSS_SAMPLE t=1165.5s rss=4523MB hwm=4523MB
    rss_probe[outer=6]: pre_post_solve=4470MB post_post_solve=4523MB after_apply=4523MB
RSS_SAMPLE t=1165.8s rss=4523MB hwm=4523MB
    E_decomp: base=6836072.8 eff=338660707065941.9 cong=338660700229869.2 cong_share=100.0% sat_pipes=82693 max_util=1001.64  R_buckets: 1-2x=71628 2-10x=37582 10-100x=1181670 >=100x=1271523
    E_potential: beckmann=73804770680759.7 history_total=0.0
    SpanCache: epoch=7 entries=2232 lookups=2562403 hits=2560171 misses=2232 hit_rate=99.9%
  DCD   6: nets=105117 line=14466318 energy=9406475298.479 dE=+6360245230.978 friction=14052993.5 bins=2.0x(309) excess=105.2 moved=65832 disp=5.872 solves=105117 skip=105117 pops=738646824 theta=0.644 refresh=122963ms dcd=18811ms total=145415ms
    cache_stats: entries=55065311 capacity=99885517 est_mb=862 rss_mb=4523
RSS_SAMPLE t=1166.0s rss=4523MB hwm=4523MB
RSS_SAMPLE t=1166.3s rss=4523MB hwm=4523MB
RSS_SAMPLE t=1166.5s rss=4523MB hwm=4523MB
RSS_SAMPLE t=1166.8s rss=4523MB hwm=4523MB
RSS_SAMPLE t=1167.0s rss=4523MB hwm=4523MB
RSS_SAMPLE t=1167.3s rss=4523MB hwm=4523MB
RSS_SAMPLE t=1167.5s rss=4523MB hwm=4523MB
RSS_SAMPLE t=1167.8s rss=4523MB hwm=4523MB
RSS_SAMPLE t=1168.0s rss=4523MB hwm=4523MB
RSS_SAMPLE t=1168.3s rss=4523MB hwm=4523MB
RSS_SAMPLE t=1168.5s rss=4523MB hwm=4523MB
RSS_SAMPLE t=1168.8s rss=4523MB hwm=4523MB
RSS_SAMPLE t=1169.0s rss=4523MB hwm=4523MB
RSS_SAMPLE t=1169.3s rss=4523MB hwm=4523MB
RSS_SAMPLE t=1169.5s rss=4523MB hwm=4523MB
RSS_SAMPLE t=1169.8s rss=4523MB hwm=4523MB
    SwitchMatrix: type_usage_pairs=973 lookups=1853 hits=880 dijkstra_calls=973 avg_us=11.9 total_ms=11.5
PHASE_MARK outer=7 enter=pre_solve rss=4523MB
    rss_probe[outer=7]: pre_refresh_rss=4523MB post_pre_solve_rss=4523MB cache_entries=55065311 cache_cap=99885517 cache_est_mb=862
    pre_solve_diag[outer=7]: solves=0 fallback=0 (0.0%) cap_armed=0 (0.0%) settle_avg=0 settle_max=0 init_count=248
    Overflow: over=80668 (3.1% of used) avg_excess=16.29 max_excess=3079.10 (nc=3103.10 cap=24 span=1)  excess_buckets: <=1=2940 1-5=34475 5-20=27189 >20=16064  by_cap: cap1=1071 cap2=67116 cap3-5=0 cap>5=12481  by_span: s1=518 s2-3=11340 s4-6=1694 s7-12=66236 s>12=880  le1_cross: cap1=493 cap2-5=2204 cap>5=243
    Congestion: pipes=2562403 used=2562403 congested(>50%)=100533 saturated(>90%)=82693 max_util=1001.64 avg_util=0.1898
PHASE_MARK outer=7 enter=dcd_sweep rss=4523MB
RSS_SAMPLE t=1170.0s rss=4523MB hwm=4523MB
RSS_SAMPLE t=1170.3s rss=4523MB hwm=4523MB
RSS_SAMPLE t=1170.5s rss=4523MB hwm=4523MB
RSS_SAMPLE t=1170.8s rss=4523MB hwm=4523MB
RSS_SAMPLE t=1171.0s rss=4523MB hwm=4523MB
RSS_SAMPLE t=1171.3s rss=4523MB hwm=4523MB
RSS_SAMPLE t=1171.5s rss=4523MB hwm=4523MB
RSS_SAMPLE t=1171.8s rss=4523MB hwm=4523MB
RSS_SAMPLE t=1172.0s rss=4523MB hwm=4523MB
RSS_SAMPLE t=1172.3s rss=4523MB hwm=4523MB
RSS_SAMPLE t=1172.5s rss=4523MB hwm=4523MB
RSS_SAMPLE t=1172.8s rss=4523MB hwm=4523MB
RSS_SAMPLE t=1173.0s rss=4523MB hwm=4523MB
RSS_SAMPLE t=1173.3s rss=4523MB hwm=4523MB
RSS_SAMPLE t=1173.5s rss=4523MB hwm=4523MB
RSS_SAMPLE t=1173.8s rss=4523MB hwm=4523MB
RSS_SAMPLE t=1174.0s rss=4523MB hwm=4523MB
RSS_SAMPLE t=1174.3s rss=4523MB hwm=4523MB
RSS_SAMPLE t=1174.5s rss=4523MB hwm=4523MB
RSS_SAMPLE t=1174.8s rss=4523MB hwm=4523MB
RSS_SAMPLE t=1175.0s rss=4523MB hwm=4523MB
RSS_SAMPLE t=1175.3s rss=4523MB hwm=4523MB
RSS_SAMPLE t=1175.5s rss=4523MB hwm=4523MB
RSS_SAMPLE t=1175.8s rss=4523MB hwm=4523MB
RSS_SAMPLE t=1176.0s rss=4523MB hwm=4523MB
RSS_SAMPLE t=1176.3s rss=4523MB hwm=4523MB
RSS_SAMPLE t=1176.5s rss=4523MB hwm=4523MB
RSS_SAMPLE t=1176.8s rss=4523MB hwm=4523MB
RSS_SAMPLE t=1177.0s rss=4523MB hwm=4523MB
RSS_SAMPLE t=1177.3s rss=4523MB hwm=4523MB
RSS_SAMPLE t=1177.6s rss=4523MB hwm=4523MB
RSS_SAMPLE t=1177.8s rss=4523MB hwm=4523MB
RSS_SAMPLE t=1178.1s rss=4523MB hwm=4523MB
RSS_SAMPLE t=1178.3s rss=4523MB hwm=4523MB
RSS_SAMPLE t=1178.6s rss=4523MB hwm=4523MB
RSS_SAMPLE t=1178.8s rss=4523MB hwm=4523MB
RSS_SAMPLE t=1179.1s rss=4523MB hwm=4523MB
RSS_SAMPLE t=1179.3s rss=4523MB hwm=4523MB
RSS_SAMPLE t=1179.6s rss=4523MB hwm=4523MB
RSS_SAMPLE t=1179.8s rss=4523MB hwm=4523MB
RSS_SAMPLE t=1180.1s rss=4523MB hwm=4523MB
RSS_SAMPLE t=1180.3s rss=4523MB hwm=4523MB
RSS_SAMPLE t=1180.6s rss=4523MB hwm=4523MB
RSS_SAMPLE t=1180.8s rss=4523MB hwm=4523MB
RSS_SAMPLE t=1181.1s rss=4523MB hwm=4523MB
RSS_SAMPLE t=1181.3s rss=4523MB hwm=4523MB
RSS_SAMPLE t=1181.6s rss=4523MB hwm=4523MB
RSS_SAMPLE t=1181.8s rss=4523MB hwm=4523MB
RSS_SAMPLE t=1182.1s rss=4523MB hwm=4523MB
RSS_SAMPLE t=1182.3s rss=4523MB hwm=4523MB
PHASE_MARK outer=7 leave=dcd_sweep rss=4523MB
PHASE_MARK outer=7 enter=post_refresh rss=4523MB
RSS_SAMPLE t=1182.6s rss=4523MB hwm=4523MB
RSS_SAMPLE t=1182.8s rss=4523MB hwm=4523MB
RSS_SAMPLE t=1183.1s rss=4523MB hwm=4523MB
RSS_SAMPLE t=1183.3s rss=4523MB hwm=4523MB
RSS_SAMPLE t=1183.6s rss=4523MB hwm=4523MB
RSS_SAMPLE t=1183.8s rss=4523MB hwm=4523MB
RSS_SAMPLE t=1184.1s rss=4523MB hwm=4523MB
RSS_SAMPLE t=1184.3s rss=4523MB hwm=4523MB
RSS_SAMPLE t=1184.6s rss=4523MB hwm=4523MB
RSS_SAMPLE t=1184.8s rss=4523MB hwm=4523MB
RSS_SAMPLE t=1185.1s rss=4523MB hwm=4523MB
RSS_SAMPLE t=1185.3s rss=4523MB hwm=4523MB
RSS_SAMPLE t=1185.6s rss=4523MB hwm=4523MB
RSS_SAMPLE t=1185.8s rss=4523MB hwm=4523MB
RSS_SAMPLE t=1186.1s rss=4523MB hwm=4523MB
RSS_SAMPLE t=1186.3s rss=4523MB hwm=4523MB
RSS_SAMPLE t=1186.6s rss=4523MB hwm=4523MB
RSS_SAMPLE t=1186.8s rss=4523MB hwm=4523MB
RSS_SAMPLE t=1187.1s rss=4523MB hwm=4523MB
RSS_SAMPLE t=1187.3s rss=4524MB hwm=4524MB
RSS_SAMPLE t=1187.6s rss=4524MB hwm=4524MB
RSS_SAMPLE t=1187.8s rss=4524MB hwm=4524MB
RSS_SAMPLE t=1188.1s rss=4524MB hwm=4524MB
RSS_SAMPLE t=1188.3s rss=4524MB hwm=4524MB
RSS_SAMPLE t=1188.6s rss=4524MB hwm=4524MB
RSS_SAMPLE t=1188.8s rss=4524MB hwm=4524MB
RSS_SAMPLE t=1189.1s rss=4524MB hwm=4524MB
RSS_SAMPLE t=1189.3s rss=4525MB hwm=4525MB
RSS_SAMPLE t=1189.6s rss=4525MB hwm=4525MB
RSS_SAMPLE t=1189.8s rss=4525MB hwm=4525MB
RSS_SAMPLE t=1190.1s rss=4525MB hwm=4525MB
RSS_SAMPLE t=1190.3s rss=4525MB hwm=4525MB
RSS_SAMPLE t=1190.6s rss=4525MB hwm=4525MB
RSS_SAMPLE t=1190.8s rss=4525MB hwm=4525MB
RSS_SAMPLE t=1191.1s rss=4525MB hwm=4525MB
RSS_SAMPLE t=1191.3s rss=4525MB hwm=4525MB
RSS_SAMPLE t=1191.6s rss=4525MB hwm=4525MB
RSS_SAMPLE t=1191.8s rss=4525MB hwm=4525MB
RSS_SAMPLE t=1192.1s rss=4525MB hwm=4525MB
RSS_SAMPLE t=1192.3s rss=4525MB hwm=4525MB
RSS_SAMPLE t=1192.6s rss=4525MB hwm=4525MB
RSS_SAMPLE t=1192.8s rss=4525MB hwm=4525MB
RSS_SAMPLE t=1193.1s rss=4526MB hwm=4526MB
RSS_SAMPLE t=1193.3s rss=4526MB hwm=4526MB
RSS_SAMPLE t=1193.6s rss=4526MB hwm=4526MB
RSS_SAMPLE t=1193.8s rss=4526MB hwm=4526MB
RSS_SAMPLE t=1194.1s rss=4526MB hwm=4526MB
RSS_SAMPLE t=1194.3s rss=4526MB hwm=4526MB
RSS_SAMPLE t=1194.6s rss=4526MB hwm=4526MB
RSS_SAMPLE t=1194.8s rss=4526MB hwm=4526MB
RSS_SAMPLE t=1195.1s rss=4526MB hwm=4526MB
RSS_SAMPLE t=1195.3s rss=4526MB hwm=4526MB
RSS_SAMPLE t=1195.6s rss=4526MB hwm=4526MB
RSS_SAMPLE t=1195.8s rss=4526MB hwm=4526MB
RSS_SAMPLE t=1196.1s rss=4526MB hwm=4526MB
RSS_SAMPLE t=1196.3s rss=4526MB hwm=4526MB
RSS_SAMPLE t=1196.6s rss=4527MB hwm=4527MB
RSS_SAMPLE t=1196.8s rss=4527MB hwm=4527MB
RSS_SAMPLE t=1197.1s rss=4527MB hwm=4527MB
RSS_SAMPLE t=1197.3s rss=4527MB hwm=4527MB
RSS_SAMPLE t=1197.6s rss=4527MB hwm=4527MB
RSS_SAMPLE t=1197.9s rss=4527MB hwm=4527MB
RSS_SAMPLE t=1198.1s rss=4527MB hwm=4527MB
RSS_SAMPLE t=1198.4s rss=4527MB hwm=4527MB
RSS_SAMPLE t=1198.6s rss=4527MB hwm=4527MB
RSS_SAMPLE t=1198.9s rss=4528MB hwm=4528MB
RSS_SAMPLE t=1199.1s rss=4528MB hwm=4528MB
RSS_SAMPLE t=1199.4s rss=4528MB hwm=4528MB
RSS_SAMPLE t=1199.6s rss=4528MB hwm=4528MB
RSS_SAMPLE t=1199.9s rss=4528MB hwm=4528MB
RSS_SAMPLE t=1200.1s rss=4528MB hwm=4528MB
RSS_SAMPLE t=1200.4s rss=4528MB hwm=4528MB
RSS_SAMPLE t=1200.6s rss=4528MB hwm=4528MB
RSS_SAMPLE t=1200.9s rss=4529MB hwm=4529MB
RSS_SAMPLE t=1201.1s rss=4529MB hwm=4529MB
RSS_SAMPLE t=1201.4s rss=4529MB hwm=4529MB
RSS_SAMPLE t=1201.6s rss=4529MB hwm=4529MB
RSS_SAMPLE t=1201.9s rss=4529MB hwm=4529MB
RSS_SAMPLE t=1202.1s rss=4529MB hwm=4529MB
RSS_SAMPLE t=1202.4s rss=4529MB hwm=4529MB
RSS_SAMPLE t=1202.6s rss=4529MB hwm=4529MB
RSS_SAMPLE t=1202.9s rss=4529MB hwm=4529MB
RSS_SAMPLE t=1203.1s rss=4529MB hwm=4529MB
RSS_SAMPLE t=1203.4s rss=4529MB hwm=4529MB
RSS_SAMPLE t=1203.6s rss=4529MB hwm=4529MB
RSS_SAMPLE t=1203.9s rss=4530MB hwm=4530MB
RSS_SAMPLE t=1204.1s rss=4530MB hwm=4530MB
RSS_SAMPLE t=1204.4s rss=4530MB hwm=4530MB
RSS_SAMPLE t=1204.6s rss=4530MB hwm=4530MB
RSS_SAMPLE t=1204.9s rss=4530MB hwm=4530MB
RSS_SAMPLE t=1205.1s rss=4530MB hwm=4530MB
RSS_SAMPLE t=1205.4s rss=4530MB hwm=4530MB
RSS_SAMPLE t=1205.6s rss=4530MB hwm=4530MB
RSS_SAMPLE t=1205.9s rss=4531MB hwm=4531MB
RSS_SAMPLE t=1206.1s rss=4531MB hwm=4531MB
RSS_SAMPLE t=1206.4s rss=4531MB hwm=4531MB
RSS_SAMPLE t=1206.6s rss=4531MB hwm=4531MB
RSS_SAMPLE t=1206.9s rss=4531MB hwm=4531MB
RSS_SAMPLE t=1207.1s rss=4531MB hwm=4531MB
RSS_SAMPLE t=1207.4s rss=4531MB hwm=4531MB
RSS_SAMPLE t=1207.6s rss=4531MB hwm=4531MB
RSS_SAMPLE t=1207.9s rss=4531MB hwm=4531MB
RSS_SAMPLE t=1208.1s rss=4531MB hwm=4531MB
RSS_SAMPLE t=1208.4s rss=4531MB hwm=4531MB
RSS_SAMPLE t=1208.6s rss=4531MB hwm=4531MB
RSS_SAMPLE t=1208.9s rss=4531MB hwm=4531MB
RSS_SAMPLE t=1209.1s rss=4531MB hwm=4531MB
RSS_SAMPLE t=1209.4s rss=4532MB hwm=4532MB
RSS_SAMPLE t=1209.6s rss=4532MB hwm=4532MB
RSS_SAMPLE t=1209.9s rss=4532MB hwm=4532MB
RSS_SAMPLE t=1210.1s rss=4532MB hwm=4532MB
RSS_SAMPLE t=1210.4s rss=4532MB hwm=4532MB
RSS_SAMPLE t=1210.6s rss=4532MB hwm=4532MB
RSS_SAMPLE t=1210.9s rss=4533MB hwm=4533MB
RSS_SAMPLE t=1211.1s rss=4533MB hwm=4533MB
RSS_SAMPLE t=1211.4s rss=4533MB hwm=4533MB
RSS_SAMPLE t=1211.6s rss=4533MB hwm=4533MB
RSS_SAMPLE t=1211.9s rss=4533MB hwm=4533MB
RSS_SAMPLE t=1212.1s rss=4533MB hwm=4533MB
RSS_SAMPLE t=1212.4s rss=4533MB hwm=4533MB
RSS_SAMPLE t=1212.6s rss=4534MB hwm=4534MB
RSS_SAMPLE t=1212.9s rss=4534MB hwm=4534MB
RSS_SAMPLE t=1213.1s rss=4534MB hwm=4534MB
RSS_SAMPLE t=1213.4s rss=4534MB hwm=4534MB
RSS_SAMPLE t=1213.6s rss=4534MB hwm=4534MB
RSS_SAMPLE t=1213.9s rss=4534MB hwm=4534MB
RSS_SAMPLE t=1214.1s rss=4534MB hwm=4534MB
RSS_SAMPLE t=1214.4s rss=4534MB hwm=4534MB
RSS_SAMPLE t=1214.6s rss=4535MB hwm=4535MB
RSS_SAMPLE t=1214.9s rss=4535MB hwm=4535MB
RSS_SAMPLE t=1215.1s rss=4535MB hwm=4535MB
RSS_SAMPLE t=1215.4s rss=4535MB hwm=4535MB
RSS_SAMPLE t=1215.6s rss=4535MB hwm=4535MB
RSS_SAMPLE t=1215.9s rss=4535MB hwm=4535MB
RSS_SAMPLE t=1216.1s rss=4536MB hwm=4536MB
RSS_SAMPLE t=1216.4s rss=4536MB hwm=4536MB
RSS_SAMPLE t=1216.6s rss=4536MB hwm=4536MB
RSS_SAMPLE t=1216.9s rss=4536MB hwm=4536MB
RSS_SAMPLE t=1217.1s rss=4536MB hwm=4536MB
RSS_SAMPLE t=1217.4s rss=4537MB hwm=4537MB
RSS_SAMPLE t=1217.6s rss=4537MB hwm=4537MB
RSS_SAMPLE t=1217.9s rss=4537MB hwm=4537MB
RSS_SAMPLE t=1218.1s rss=4537MB hwm=4537MB
RSS_SAMPLE t=1218.4s rss=4537MB hwm=4537MB
RSS_SAMPLE t=1218.6s rss=4538MB hwm=4538MB
RSS_SAMPLE t=1218.9s rss=4538MB hwm=4538MB
RSS_SAMPLE t=1219.1s rss=4538MB hwm=4538MB
RSS_SAMPLE t=1219.4s rss=4538MB hwm=4538MB
RSS_SAMPLE t=1219.6s rss=4538MB hwm=4538MB
RSS_SAMPLE t=1219.9s rss=4539MB hwm=4539MB
RSS_SAMPLE t=1220.1s rss=4539MB hwm=4539MB
RSS_SAMPLE t=1220.4s rss=4539MB hwm=4539MB
RSS_SAMPLE t=1220.6s rss=4540MB hwm=4540MB
RSS_SAMPLE t=1220.9s rss=4540MB hwm=4540MB
RSS_SAMPLE t=1221.1s rss=4540MB hwm=4540MB
RSS_SAMPLE t=1221.4s rss=4540MB hwm=4540MB
RSS_SAMPLE t=1221.6s rss=4540MB hwm=4540MB
RSS_SAMPLE t=1221.9s rss=4540MB hwm=4540MB
RSS_SAMPLE t=1222.1s rss=4540MB hwm=4540MB
RSS_SAMPLE t=1222.4s rss=4541MB hwm=4541MB
RSS_SAMPLE t=1222.6s rss=4541MB hwm=4541MB
RSS_SAMPLE t=1222.9s rss=4541MB hwm=4541MB
RSS_SAMPLE t=1223.1s rss=4541MB hwm=4541MB
RSS_SAMPLE t=1223.4s rss=4541MB hwm=4541MB
RSS_SAMPLE t=1223.6s rss=4541MB hwm=4541MB
RSS_SAMPLE t=1223.9s rss=4541MB hwm=4541MB
RSS_SAMPLE t=1224.1s rss=4541MB hwm=4541MB
RSS_SAMPLE t=1224.4s rss=4542MB hwm=4542MB
RSS_SAMPLE t=1224.6s rss=4542MB hwm=4542MB
RSS_SAMPLE t=1224.9s rss=4542MB hwm=4542MB
RSS_SAMPLE t=1225.2s rss=4542MB hwm=4542MB
RSS_SAMPLE t=1225.4s rss=4542MB hwm=4542MB
RSS_SAMPLE t=1225.7s rss=4542MB hwm=4542MB
RSS_SAMPLE t=1225.9s rss=4542MB hwm=4542MB
RSS_SAMPLE t=1226.2s rss=4542MB hwm=4542MB
RSS_SAMPLE t=1226.4s rss=4543MB hwm=4543MB
RSS_SAMPLE t=1226.7s rss=4543MB hwm=4543MB
RSS_SAMPLE t=1226.9s rss=4543MB hwm=4543MB
RSS_SAMPLE t=1227.2s rss=4543MB hwm=4543MB
RSS_SAMPLE t=1227.4s rss=4543MB hwm=4543MB
RSS_SAMPLE t=1227.7s rss=4544MB hwm=4544MB
RSS_SAMPLE t=1227.9s rss=4544MB hwm=4544MB
RSS_SAMPLE t=1228.2s rss=4544MB hwm=4544MB
RSS_SAMPLE t=1228.4s rss=4544MB hwm=4544MB
RSS_SAMPLE t=1228.7s rss=4544MB hwm=4544MB
RSS_SAMPLE t=1228.9s rss=4544MB hwm=4544MB
RSS_SAMPLE t=1229.2s rss=4544MB hwm=4544MB
RSS_SAMPLE t=1229.4s rss=4545MB hwm=4545MB
RSS_SAMPLE t=1229.7s rss=4545MB hwm=4545MB
RSS_SAMPLE t=1229.9s rss=4545MB hwm=4545MB
RSS_SAMPLE t=1230.2s rss=4545MB hwm=4545MB
RSS_SAMPLE t=1230.4s rss=4545MB hwm=4545MB
RSS_SAMPLE t=1230.7s rss=4545MB hwm=4545MB
RSS_SAMPLE t=1230.9s rss=4545MB hwm=4545MB
RSS_SAMPLE t=1231.2s rss=4546MB hwm=4546MB
RSS_SAMPLE t=1231.4s rss=4546MB hwm=4546MB
RSS_SAMPLE t=1231.7s rss=4546MB hwm=4546MB
RSS_SAMPLE t=1231.9s rss=4546MB hwm=4546MB
RSS_SAMPLE t=1232.2s rss=4546MB hwm=4546MB
RSS_SAMPLE t=1232.4s rss=4546MB hwm=4546MB
RSS_SAMPLE t=1232.7s rss=4547MB hwm=4547MB
RSS_SAMPLE t=1232.9s rss=4547MB hwm=4547MB
RSS_SAMPLE t=1233.2s rss=4547MB hwm=4547MB
RSS_SAMPLE t=1233.4s rss=4547MB hwm=4547MB
RSS_SAMPLE t=1233.7s rss=4547MB hwm=4547MB
RSS_SAMPLE t=1233.9s rss=4548MB hwm=4548MB
RSS_SAMPLE t=1234.2s rss=4548MB hwm=4548MB
RSS_SAMPLE t=1234.4s rss=4548MB hwm=4548MB
RSS_SAMPLE t=1234.7s rss=4548MB hwm=4548MB
RSS_SAMPLE t=1234.9s rss=4548MB hwm=4548MB
RSS_SAMPLE t=1235.2s rss=4549MB hwm=4549MB
RSS_SAMPLE t=1235.4s rss=4549MB hwm=4549MB
RSS_SAMPLE t=1235.7s rss=4549MB hwm=4549MB
RSS_SAMPLE t=1235.9s rss=4549MB hwm=4549MB
RSS_SAMPLE t=1236.2s rss=4549MB hwm=4549MB
RSS_SAMPLE t=1236.4s rss=4549MB hwm=4549MB
RSS_SAMPLE t=1236.7s rss=4550MB hwm=4550MB
RSS_SAMPLE t=1236.9s rss=4550MB hwm=4550MB
RSS_SAMPLE t=1237.2s rss=4550MB hwm=4550MB
RSS_SAMPLE t=1237.4s rss=4550MB hwm=4550MB
RSS_SAMPLE t=1237.7s rss=4550MB hwm=4550MB
RSS_SAMPLE t=1237.9s rss=4551MB hwm=4551MB
RSS_SAMPLE t=1238.2s rss=4551MB hwm=4551MB
RSS_SAMPLE t=1238.4s rss=4551MB hwm=4551MB
RSS_SAMPLE t=1238.7s rss=4551MB hwm=4551MB
RSS_SAMPLE t=1238.9s rss=4551MB hwm=4551MB
RSS_SAMPLE t=1239.2s rss=4551MB hwm=4551MB
RSS_SAMPLE t=1239.4s rss=4552MB hwm=4552MB
RSS_SAMPLE t=1239.7s rss=4552MB hwm=4552MB
RSS_SAMPLE t=1239.9s rss=4552MB hwm=4552MB
RSS_SAMPLE t=1240.2s rss=4552MB hwm=4552MB
RSS_SAMPLE t=1240.4s rss=4553MB hwm=4553MB
RSS_SAMPLE t=1240.7s rss=4553MB hwm=4553MB
RSS_SAMPLE t=1240.9s rss=4553MB hwm=4553MB
RSS_SAMPLE t=1241.2s rss=4553MB hwm=4553MB
RSS_SAMPLE t=1241.4s rss=4553MB hwm=4553MB
RSS_SAMPLE t=1241.7s rss=4554MB hwm=4554MB
RSS_SAMPLE t=1241.9s rss=4554MB hwm=4554MB
RSS_SAMPLE t=1242.2s rss=4554MB hwm=4554MB
RSS_SAMPLE t=1242.4s rss=4554MB hwm=4554MB
RSS_SAMPLE t=1242.7s rss=4555MB hwm=4555MB
RSS_SAMPLE t=1242.9s rss=4555MB hwm=4555MB
RSS_SAMPLE t=1243.2s rss=4555MB hwm=4555MB
RSS_SAMPLE t=1243.4s rss=4555MB hwm=4555MB
RSS_SAMPLE t=1243.7s rss=4555MB hwm=4555MB
RSS_SAMPLE t=1243.9s rss=4555MB hwm=4555MB
RSS_SAMPLE t=1244.2s rss=4556MB hwm=4556MB
RSS_SAMPLE t=1244.4s rss=4556MB hwm=4556MB
RSS_SAMPLE t=1244.7s rss=4556MB hwm=4556MB
RSS_SAMPLE t=1244.9s rss=4556MB hwm=4556MB
RSS_SAMPLE t=1245.2s rss=4556MB hwm=4556MB
RSS_SAMPLE t=1245.4s rss=4557MB hwm=4557MB
RSS_SAMPLE t=1245.7s rss=4557MB hwm=4557MB
RSS_SAMPLE t=1245.9s rss=4557MB hwm=4557MB
RSS_SAMPLE t=1246.2s rss=4557MB hwm=4557MB
RSS_SAMPLE t=1246.4s rss=4558MB hwm=4558MB
RSS_SAMPLE t=1246.7s rss=4558MB hwm=4558MB
RSS_SAMPLE t=1247.0s rss=4558MB hwm=4558MB
RSS_SAMPLE t=1247.2s rss=4558MB hwm=4558MB
RSS_SAMPLE t=1247.5s rss=4558MB hwm=4558MB
RSS_SAMPLE t=1247.7s rss=4559MB hwm=4559MB
RSS_SAMPLE t=1248.0s rss=4559MB hwm=4559MB
RSS_SAMPLE t=1248.2s rss=4559MB hwm=4559MB
RSS_SAMPLE t=1248.5s rss=4559MB hwm=4559MB
RSS_SAMPLE t=1248.7s rss=4559MB hwm=4559MB
RSS_SAMPLE t=1249.0s rss=4559MB hwm=4559MB
RSS_SAMPLE t=1249.2s rss=4559MB hwm=4559MB
RSS_SAMPLE t=1249.5s rss=4560MB hwm=4560MB
RSS_SAMPLE t=1249.7s rss=4560MB hwm=4560MB
RSS_SAMPLE t=1250.0s rss=4560MB hwm=4560MB
RSS_SAMPLE t=1250.2s rss=4560MB hwm=4560MB
RSS_SAMPLE t=1250.5s rss=4560MB hwm=4560MB
RSS_SAMPLE t=1250.7s rss=4560MB hwm=4560MB
RSS_SAMPLE t=1251.0s rss=4560MB hwm=4560MB
RSS_SAMPLE t=1251.2s rss=4561MB hwm=4561MB
RSS_SAMPLE t=1251.5s rss=4561MB hwm=4561MB
RSS_SAMPLE t=1251.7s rss=4561MB hwm=4561MB
RSS_SAMPLE t=1252.0s rss=4561MB hwm=4561MB
RSS_SAMPLE t=1252.2s rss=4561MB hwm=4561MB
RSS_SAMPLE t=1252.5s rss=4561MB hwm=4561MB
RSS_SAMPLE t=1252.7s rss=4561MB hwm=4561MB
RSS_SAMPLE t=1253.0s rss=4561MB hwm=4561MB
RSS_SAMPLE t=1253.2s rss=4561MB hwm=4561MB
RSS_SAMPLE t=1253.5s rss=4562MB hwm=4562MB
RSS_SAMPLE t=1253.7s rss=4562MB hwm=4562MB
RSS_SAMPLE t=1254.0s rss=4562MB hwm=4562MB
RSS_SAMPLE t=1254.2s rss=4562MB hwm=4562MB
RSS_SAMPLE t=1254.5s rss=4562MB hwm=4562MB
RSS_SAMPLE t=1254.7s rss=4562MB hwm=4562MB
RSS_SAMPLE t=1255.0s rss=4563MB hwm=4563MB
RSS_SAMPLE t=1255.2s rss=4563MB hwm=4563MB
RSS_SAMPLE t=1255.5s rss=4563MB hwm=4563MB
RSS_SAMPLE t=1255.7s rss=4563MB hwm=4563MB
RSS_SAMPLE t=1256.0s rss=4563MB hwm=4563MB
RSS_SAMPLE t=1256.2s rss=4563MB hwm=4563MB
RSS_SAMPLE t=1256.5s rss=4563MB hwm=4563MB
RSS_SAMPLE t=1256.7s rss=4563MB hwm=4563MB
RSS_SAMPLE t=1257.0s rss=4563MB hwm=4563MB
RSS_SAMPLE t=1257.2s rss=4563MB hwm=4563MB
RSS_SAMPLE t=1257.5s rss=4564MB hwm=4564MB
RSS_SAMPLE t=1257.7s rss=4564MB hwm=4564MB
RSS_SAMPLE t=1258.0s rss=4564MB hwm=4564MB
RSS_SAMPLE t=1258.2s rss=4564MB hwm=4564MB
RSS_SAMPLE t=1258.5s rss=4564MB hwm=4564MB
RSS_SAMPLE t=1258.7s rss=4564MB hwm=4564MB
RSS_SAMPLE t=1259.0s rss=4564MB hwm=4564MB
RSS_SAMPLE t=1259.2s rss=4565MB hwm=4565MB
RSS_SAMPLE t=1259.5s rss=4565MB hwm=4565MB
RSS_SAMPLE t=1259.7s rss=4565MB hwm=4565MB
RSS_SAMPLE t=1260.0s rss=4565MB hwm=4565MB
RSS_SAMPLE t=1260.2s rss=4565MB hwm=4565MB
RSS_SAMPLE t=1260.5s rss=4566MB hwm=4566MB
RSS_SAMPLE t=1260.7s rss=4566MB hwm=4566MB
RSS_SAMPLE t=1261.0s rss=4566MB hwm=4566MB
RSS_SAMPLE t=1261.2s rss=4566MB hwm=4566MB
RSS_SAMPLE t=1261.5s rss=4566MB hwm=4566MB
RSS_SAMPLE t=1261.7s rss=4566MB hwm=4566MB
RSS_SAMPLE t=1262.0s rss=4566MB hwm=4566MB
RSS_SAMPLE t=1262.2s rss=4566MB hwm=4566MB
RSS_SAMPLE t=1262.5s rss=4566MB hwm=4566MB
RSS_SAMPLE t=1262.7s rss=4566MB hwm=4566MB
RSS_SAMPLE t=1263.0s rss=4566MB hwm=4566MB
RSS_SAMPLE t=1263.2s rss=4566MB hwm=4566MB
RSS_SAMPLE t=1263.5s rss=4566MB hwm=4566MB
RSS_SAMPLE t=1263.7s rss=4567MB hwm=4567MB
RSS_SAMPLE t=1264.0s rss=4567MB hwm=4567MB
RSS_SAMPLE t=1264.2s rss=4567MB hwm=4567MB
RSS_SAMPLE t=1264.5s rss=4567MB hwm=4567MB
RSS_SAMPLE t=1264.7s rss=4567MB hwm=4567MB
RSS_SAMPLE t=1265.0s rss=4567MB hwm=4567MB
RSS_SAMPLE t=1265.2s rss=4567MB hwm=4567MB
RSS_SAMPLE t=1265.5s rss=4567MB hwm=4567MB
RSS_SAMPLE t=1265.7s rss=4567MB hwm=4567MB
RSS_SAMPLE t=1266.0s rss=4568MB hwm=4568MB
RSS_SAMPLE t=1266.2s rss=4568MB hwm=4568MB
RSS_SAMPLE t=1266.5s rss=4568MB hwm=4568MB
RSS_SAMPLE t=1266.7s rss=4568MB hwm=4568MB
RSS_SAMPLE t=1267.0s rss=4568MB hwm=4568MB
RSS_SAMPLE t=1267.2s rss=4568MB hwm=4568MB
RSS_SAMPLE t=1267.5s rss=4568MB hwm=4568MB
RSS_SAMPLE t=1267.7s rss=4568MB hwm=4568MB
RSS_SAMPLE t=1268.0s rss=4568MB hwm=4568MB
RSS_SAMPLE t=1268.2s rss=4568MB hwm=4568MB
RSS_SAMPLE t=1268.5s rss=4569MB hwm=4569MB
RSS_SAMPLE t=1268.7s rss=4569MB hwm=4569MB
RSS_SAMPLE t=1269.0s rss=4569MB hwm=4569MB
RSS_SAMPLE t=1269.2s rss=4569MB hwm=4569MB
RSS_SAMPLE t=1269.5s rss=4569MB hwm=4569MB
RSS_SAMPLE t=1269.7s rss=4569MB hwm=4569MB
RSS_SAMPLE t=1270.0s rss=4569MB hwm=4569MB
RSS_SAMPLE t=1270.3s rss=4569MB hwm=4569MB
RSS_SAMPLE t=1270.5s rss=4569MB hwm=4569MB
RSS_SAMPLE t=1270.8s rss=4570MB hwm=4570MB
RSS_SAMPLE t=1271.0s rss=4570MB hwm=4570MB
RSS_SAMPLE t=1271.3s rss=4570MB hwm=4570MB
RSS_SAMPLE t=1271.5s rss=4570MB hwm=4570MB
RSS_SAMPLE t=1271.8s rss=4570MB hwm=4570MB
RSS_SAMPLE t=1272.0s rss=4570MB hwm=4570MB
RSS_SAMPLE t=1272.3s rss=4570MB hwm=4570MB
RSS_SAMPLE t=1272.5s rss=4570MB hwm=4570MB
RSS_SAMPLE t=1272.8s rss=4570MB hwm=4570MB
RSS_SAMPLE t=1273.0s rss=4570MB hwm=4570MB
RSS_SAMPLE t=1273.3s rss=4571MB hwm=4571MB
RSS_SAMPLE t=1273.5s rss=4571MB hwm=4571MB
RSS_SAMPLE t=1273.8s rss=4571MB hwm=4571MB
RSS_SAMPLE t=1274.0s rss=4571MB hwm=4571MB
RSS_SAMPLE t=1274.3s rss=4571MB hwm=4571MB
RSS_SAMPLE t=1274.5s rss=4571MB hwm=4571MB
RSS_SAMPLE t=1274.8s rss=4571MB hwm=4571MB
RSS_SAMPLE t=1275.0s rss=4571MB hwm=4571MB
RSS_SAMPLE t=1275.3s rss=4571MB hwm=4571MB
RSS_SAMPLE t=1275.5s rss=4571MB hwm=4571MB
RSS_SAMPLE t=1275.8s rss=4571MB hwm=4571MB
RSS_SAMPLE t=1276.0s rss=4571MB hwm=4571MB
RSS_SAMPLE t=1276.3s rss=4571MB hwm=4571MB
RSS_SAMPLE t=1276.5s rss=4571MB hwm=4571MB
RSS_SAMPLE t=1276.8s rss=4571MB hwm=4571MB
RSS_SAMPLE t=1277.0s rss=4571MB hwm=4571MB
RSS_SAMPLE t=1277.3s rss=4571MB hwm=4571MB
RSS_SAMPLE t=1277.5s rss=4572MB hwm=4572MB
RSS_SAMPLE t=1277.8s rss=4572MB hwm=4572MB
RSS_SAMPLE t=1278.0s rss=4572MB hwm=4572MB
RSS_SAMPLE t=1278.3s rss=4572MB hwm=4572MB
RSS_SAMPLE t=1278.5s rss=4572MB hwm=4572MB
RSS_SAMPLE t=1278.8s rss=4572MB hwm=4572MB
RSS_SAMPLE t=1279.0s rss=4572MB hwm=4572MB
RSS_SAMPLE t=1279.3s rss=4573MB hwm=4573MB
RSS_SAMPLE t=1279.5s rss=4573MB hwm=4573MB
RSS_SAMPLE t=1279.8s rss=4573MB hwm=4573MB
RSS_SAMPLE t=1280.0s rss=4573MB hwm=4573MB
RSS_SAMPLE t=1280.3s rss=4573MB hwm=4573MB
RSS_SAMPLE t=1280.5s rss=4573MB hwm=4573MB
RSS_SAMPLE t=1280.8s rss=4573MB hwm=4573MB
RSS_SAMPLE t=1281.0s rss=4573MB hwm=4573MB
RSS_SAMPLE t=1281.3s rss=4573MB hwm=4573MB
RSS_SAMPLE t=1281.5s rss=4573MB hwm=4573MB
RSS_SAMPLE t=1281.8s rss=4573MB hwm=4573MB
RSS_SAMPLE t=1282.0s rss=4573MB hwm=4573MB
RSS_SAMPLE t=1282.3s rss=4573MB hwm=4573MB
RSS_SAMPLE t=1282.5s rss=4573MB hwm=4573MB
RSS_SAMPLE t=1282.8s rss=4573MB hwm=4573MB
RSS_SAMPLE t=1283.0s rss=4573MB hwm=4573MB
RSS_SAMPLE t=1283.3s rss=4573MB hwm=4573MB
RSS_SAMPLE t=1283.5s rss=4574MB hwm=4574MB
RSS_SAMPLE t=1283.8s rss=4574MB hwm=4574MB
RSS_SAMPLE t=1284.0s rss=4574MB hwm=4574MB
RSS_SAMPLE t=1284.3s rss=4574MB hwm=4574MB
RSS_SAMPLE t=1284.5s rss=4574MB hwm=4574MB
RSS_SAMPLE t=1284.8s rss=4574MB hwm=4574MB
RSS_SAMPLE t=1285.0s rss=4574MB hwm=4574MB
RSS_SAMPLE t=1285.3s rss=4574MB hwm=4574MB
RSS_SAMPLE t=1285.5s rss=4574MB hwm=4574MB
RSS_SAMPLE t=1285.8s rss=4574MB hwm=4574MB
RSS_SAMPLE t=1286.0s rss=4574MB hwm=4574MB
RSS_SAMPLE t=1286.3s rss=4574MB hwm=4574MB
RSS_SAMPLE t=1286.5s rss=4575MB hwm=4575MB
RSS_SAMPLE t=1286.8s rss=4575MB hwm=4575MB
RSS_SAMPLE t=1287.0s rss=4575MB hwm=4575MB
RSS_SAMPLE t=1287.3s rss=4575MB hwm=4575MB
RSS_SAMPLE t=1287.5s rss=4575MB hwm=4575MB
RSS_SAMPLE t=1287.8s rss=4575MB hwm=4575MB
RSS_SAMPLE t=1288.0s rss=4575MB hwm=4575MB
RSS_SAMPLE t=1288.3s rss=4575MB hwm=4575MB
RSS_SAMPLE t=1288.5s rss=4575MB hwm=4575MB
RSS_SAMPLE t=1288.8s rss=4575MB hwm=4575MB
RSS_SAMPLE t=1289.0s rss=4575MB hwm=4575MB
RSS_SAMPLE t=1289.3s rss=4575MB hwm=4575MB
RSS_SAMPLE t=1289.5s rss=4575MB hwm=4575MB
RSS_SAMPLE t=1289.8s rss=4575MB hwm=4575MB
RSS_SAMPLE t=1290.0s rss=4576MB hwm=4576MB
RSS_SAMPLE t=1290.3s rss=4576MB hwm=4576MB
RSS_SAMPLE t=1290.5s rss=4576MB hwm=4576MB
RSS_SAMPLE t=1290.8s rss=4576MB hwm=4576MB
RSS_SAMPLE t=1291.0s rss=4576MB hwm=4576MB
RSS_SAMPLE t=1291.3s rss=4576MB hwm=4576MB
RSS_SAMPLE t=1291.5s rss=4576MB hwm=4576MB
RSS_SAMPLE t=1291.8s rss=4576MB hwm=4576MB
RSS_SAMPLE t=1292.0s rss=4576MB hwm=4576MB
RSS_SAMPLE t=1292.3s rss=4576MB hwm=4576MB
RSS_SAMPLE t=1292.5s rss=4576MB hwm=4576MB
RSS_SAMPLE t=1292.8s rss=4576MB hwm=4576MB
RSS_SAMPLE t=1293.0s rss=4576MB hwm=4576MB
RSS_SAMPLE t=1293.3s rss=4577MB hwm=4577MB
RSS_SAMPLE t=1293.5s rss=4577MB hwm=4577MB
RSS_SAMPLE t=1293.8s rss=4577MB hwm=4577MB
RSS_SAMPLE t=1294.0s rss=4577MB hwm=4577MB
RSS_SAMPLE t=1294.3s rss=4577MB hwm=4577MB
RSS_SAMPLE t=1294.5s rss=4577MB hwm=4577MB
RSS_SAMPLE t=1294.8s rss=4577MB hwm=4577MB
RSS_SAMPLE t=1295.0s rss=4577MB hwm=4577MB
RSS_SAMPLE t=1295.3s rss=4577MB hwm=4577MB
RSS_SAMPLE t=1295.5s rss=4577MB hwm=4577MB
RSS_SAMPLE t=1295.8s rss=4577MB hwm=4577MB
RSS_SAMPLE t=1296.1s rss=4577MB hwm=4577MB
RSS_SAMPLE t=1296.3s rss=4577MB hwm=4577MB
RSS_SAMPLE t=1296.6s rss=4577MB hwm=4577MB
RSS_SAMPLE t=1296.8s rss=4577MB hwm=4577MB
RSS_SAMPLE t=1297.1s rss=4577MB hwm=4577MB
RSS_SAMPLE t=1297.3s rss=4578MB hwm=4578MB
RSS_SAMPLE t=1297.6s rss=4578MB hwm=4578MB
RSS_SAMPLE t=1297.8s rss=4578MB hwm=4578MB
RSS_SAMPLE t=1298.1s rss=4578MB hwm=4578MB
RSS_SAMPLE t=1298.3s rss=4578MB hwm=4578MB
RSS_SAMPLE t=1298.6s rss=4578MB hwm=4578MB
RSS_SAMPLE t=1298.8s rss=4578MB hwm=4578MB
RSS_SAMPLE t=1299.1s rss=4578MB hwm=4578MB
RSS_SAMPLE t=1299.3s rss=4578MB hwm=4578MB
RSS_SAMPLE t=1299.6s rss=4578MB hwm=4578MB
RSS_SAMPLE t=1299.8s rss=4578MB hwm=4578MB
RSS_SAMPLE t=1300.1s rss=4578MB hwm=4578MB
RSS_SAMPLE t=1300.3s rss=4578MB hwm=4578MB
RSS_SAMPLE t=1300.6s rss=4578MB hwm=4578MB
RSS_SAMPLE t=1300.8s rss=4579MB hwm=4579MB
RSS_SAMPLE t=1301.1s rss=4579MB hwm=4579MB
RSS_SAMPLE t=1301.3s rss=4579MB hwm=4579MB
RSS_SAMPLE t=1301.6s rss=4579MB hwm=4579MB
RSS_SAMPLE t=1301.8s rss=4579MB hwm=4579MB
RSS_SAMPLE t=1302.1s rss=4579MB hwm=4579MB
RSS_SAMPLE t=1302.3s rss=4579MB hwm=4579MB
RSS_SAMPLE t=1302.6s rss=4580MB hwm=4580MB
RSS_SAMPLE t=1302.8s rss=4580MB hwm=4580MB
RSS_SAMPLE t=1303.1s rss=4580MB hwm=4580MB
RSS_SAMPLE t=1303.3s rss=4580MB hwm=4580MB
RSS_SAMPLE t=1303.6s rss=4580MB hwm=4580MB
RSS_SAMPLE t=1303.8s rss=4580MB hwm=4580MB
RSS_SAMPLE t=1304.1s rss=4580MB hwm=4580MB
RSS_SAMPLE t=1304.3s rss=4580MB hwm=4580MB
RSS_SAMPLE t=1304.6s rss=4580MB hwm=4580MB
RSS_SAMPLE t=1304.8s rss=4580MB hwm=4580MB
RSS_SAMPLE t=1305.1s rss=4581MB hwm=4581MB
RSS_SAMPLE t=1305.3s rss=4581MB hwm=4581MB
RSS_SAMPLE t=1305.6s rss=4581MB hwm=4581MB
RSS_SAMPLE t=1305.8s rss=4581MB hwm=4581MB
RSS_SAMPLE t=1306.1s rss=4582MB hwm=4582MB
RSS_SAMPLE t=1306.3s rss=4582MB hwm=4582MB
RSS_SAMPLE t=1306.6s rss=4582MB hwm=4582MB
RSS_SAMPLE t=1306.8s rss=4582MB hwm=4582MB
RSS_SAMPLE t=1307.1s rss=4582MB hwm=4582MB
RSS_SAMPLE t=1307.3s rss=4583MB hwm=4583MB
RSS_SAMPLE t=1307.6s rss=4583MB hwm=4583MB
RSS_SAMPLE t=1307.8s rss=4583MB hwm=4583MB
RSS_SAMPLE t=1308.1s rss=4583MB hwm=4583MB
RSS_SAMPLE t=1308.3s rss=4584MB hwm=4584MB
RSS_SAMPLE t=1308.6s rss=4584MB hwm=4584MB
RSS_SAMPLE t=1308.8s rss=4584MB hwm=4584MB
RSS_SAMPLE t=1309.1s rss=4584MB hwm=4584MB
RSS_SAMPLE t=1309.3s rss=4584MB hwm=4584MB
RSS_SAMPLE t=1309.6s rss=4584MB hwm=4584MB
RSS_SAMPLE t=1309.8s rss=4585MB hwm=4585MB
RSS_SAMPLE t=1310.1s rss=4585MB hwm=4585MB
RSS_SAMPLE t=1310.3s rss=4585MB hwm=4585MB
RSS_SAMPLE t=1310.6s rss=4586MB hwm=4586MB
RSS_SAMPLE t=1310.8s rss=4586MB hwm=4586MB
RSS_SAMPLE t=1311.1s rss=4586MB hwm=4586MB
RSS_SAMPLE t=1311.3s rss=4586MB hwm=4586MB
RSS_SAMPLE t=1311.6s rss=4586MB hwm=4586MB
RSS_SAMPLE t=1311.8s rss=4586MB hwm=4586MB
RSS_SAMPLE t=1312.1s rss=4587MB hwm=4587MB
RSS_SAMPLE t=1312.3s rss=4587MB hwm=4587MB
RSS_SAMPLE t=1312.6s rss=4588MB hwm=4588MB
RSS_SAMPLE t=1312.8s rss=4588MB hwm=4588MB
RSS_SAMPLE t=1313.1s rss=4588MB hwm=4588MB
RSS_SAMPLE t=1313.3s rss=4588MB hwm=4588MB
RSS_SAMPLE t=1313.6s rss=4588MB hwm=4588MB
RSS_SAMPLE t=1313.8s rss=4588MB hwm=4588MB
RSS_SAMPLE t=1314.1s rss=4588MB hwm=4588MB
RSS_SAMPLE t=1314.3s rss=4589MB hwm=4589MB
RSS_SAMPLE t=1314.6s rss=4589MB hwm=4589MB
RSS_SAMPLE t=1314.8s rss=4589MB hwm=4589MB
RSS_SAMPLE t=1315.1s rss=4589MB hwm=4589MB
RSS_SAMPLE t=1315.3s rss=4589MB hwm=4589MB
RSS_SAMPLE t=1315.6s rss=4589MB hwm=4589MB
RSS_SAMPLE t=1315.8s rss=4589MB hwm=4589MB
RSS_SAMPLE t=1316.1s rss=4589MB hwm=4589MB
RSS_SAMPLE t=1316.3s rss=4590MB hwm=4590MB
RSS_SAMPLE t=1316.6s rss=4590MB hwm=4590MB
RSS_SAMPLE t=1316.8s rss=4590MB hwm=4590MB
RSS_SAMPLE t=1317.1s rss=4590MB hwm=4590MB
RSS_SAMPLE t=1317.3s rss=4590MB hwm=4590MB
RSS_SAMPLE t=1317.6s rss=4591MB hwm=4591MB
RSS_SAMPLE t=1317.8s rss=4591MB hwm=4591MB
RSS_SAMPLE t=1318.1s rss=4591MB hwm=4591MB
RSS_SAMPLE t=1318.3s rss=4591MB hwm=4591MB
RSS_SAMPLE t=1318.6s rss=4592MB hwm=4592MB
RSS_SAMPLE t=1318.8s rss=4592MB hwm=4592MB
RSS_SAMPLE t=1319.1s rss=4592MB hwm=4592MB
RSS_SAMPLE t=1319.3s rss=4592MB hwm=4592MB
RSS_SAMPLE t=1319.6s rss=4592MB hwm=4592MB
RSS_SAMPLE t=1319.8s rss=4592MB hwm=4592MB
RSS_SAMPLE t=1320.1s rss=4592MB hwm=4592MB
RSS_SAMPLE t=1320.3s rss=4593MB hwm=4593MB
RSS_SAMPLE t=1320.6s rss=4593MB hwm=4593MB
RSS_SAMPLE t=1320.8s rss=4593MB hwm=4593MB
RSS_SAMPLE t=1321.1s rss=4593MB hwm=4593MB
RSS_SAMPLE t=1321.3s rss=4593MB hwm=4593MB
RSS_SAMPLE t=1321.6s rss=4593MB hwm=4593MB
RSS_SAMPLE t=1321.8s rss=4593MB hwm=4593MB
RSS_SAMPLE t=1322.1s rss=4593MB hwm=4593MB
RSS_SAMPLE t=1322.3s rss=4593MB hwm=4593MB
RSS_SAMPLE t=1322.6s rss=4593MB hwm=4593MB
RSS_SAMPLE t=1322.8s rss=4593MB hwm=4593MB
RSS_SAMPLE t=1323.1s rss=4593MB hwm=4593MB
RSS_SAMPLE t=1323.3s rss=4593MB hwm=4593MB
RSS_SAMPLE t=1323.6s rss=4593MB hwm=4593MB
RSS_SAMPLE t=1323.8s rss=4593MB hwm=4593MB
RSS_SAMPLE t=1324.1s rss=4593MB hwm=4593MB
RSS_SAMPLE t=1324.3s rss=4593MB hwm=4593MB
RSS_SAMPLE t=1324.6s rss=4593MB hwm=4593MB
RSS_SAMPLE t=1324.8s rss=4593MB hwm=4593MB
RSS_SAMPLE t=1325.1s rss=4593MB hwm=4593MB
RSS_SAMPLE t=1325.3s rss=4593MB hwm=4593MB
RSS_SAMPLE t=1325.6s rss=4593MB hwm=4593MB
RSS_SAMPLE t=1325.8s rss=4593MB hwm=4593MB
RSS_SAMPLE t=1326.1s rss=4593MB hwm=4593MB
RSS_SAMPLE t=1326.3s rss=4593MB hwm=4593MB
RSS_SAMPLE t=1326.6s rss=4593MB hwm=4593MB
RSS_SAMPLE t=1326.8s rss=4593MB hwm=4593MB
RSS_SAMPLE t=1327.1s rss=4593MB hwm=4593MB
RSS_SAMPLE t=1327.3s rss=4593MB hwm=4593MB
RSS_SAMPLE t=1327.6s rss=4593MB hwm=4593MB
RSS_SAMPLE t=1327.8s rss=4593MB hwm=4593MB
RSS_SAMPLE t=1328.1s rss=4593MB hwm=4593MB
RSS_SAMPLE t=1328.4s rss=4593MB hwm=4593MB
RSS_SAMPLE t=1328.6s rss=4593MB hwm=4593MB
RSS_SAMPLE t=1328.9s rss=4593MB hwm=4593MB
RSS_SAMPLE t=1329.1s rss=4593MB hwm=4593MB
RSS_SAMPLE t=1329.4s rss=4593MB hwm=4593MB
RSS_SAMPLE t=1329.6s rss=4593MB hwm=4593MB
RSS_SAMPLE t=1329.9s rss=4593MB hwm=4593MB
RSS_SAMPLE t=1330.1s rss=4593MB hwm=4593MB
RSS_SAMPLE t=1330.4s rss=4593MB hwm=4593MB
RSS_SAMPLE t=1330.6s rss=4593MB hwm=4593MB
RSS_SAMPLE t=1330.9s rss=4593MB hwm=4593MB
RSS_SAMPLE t=1331.1s rss=4593MB hwm=4593MB
RSS_SAMPLE t=1331.4s rss=4593MB hwm=4593MB
RSS_SAMPLE t=1331.6s rss=4593MB hwm=4593MB
RSS_SAMPLE t=1331.9s rss=4593MB hwm=4593MB
RSS_SAMPLE t=1332.1s rss=4593MB hwm=4593MB
RSS_SAMPLE t=1332.4s rss=4593MB hwm=4593MB
RSS_SAMPLE t=1332.6s rss=4593MB hwm=4593MB
RSS_SAMPLE t=1332.9s rss=4593MB hwm=4593MB
RSS_SAMPLE t=1333.1s rss=4593MB hwm=4593MB
RSS_SAMPLE t=1333.4s rss=4593MB hwm=4593MB
RSS_SAMPLE t=1333.6s rss=4593MB hwm=4593MB
RSS_SAMPLE t=1333.9s rss=4593MB hwm=4593MB
RSS_SAMPLE t=1334.1s rss=4593MB hwm=4593MB
RSS_SAMPLE t=1334.4s rss=4593MB hwm=4593MB
RSS_SAMPLE t=1334.6s rss=4593MB hwm=4593MB
RSS_SAMPLE t=1334.9s rss=4593MB hwm=4593MB
RSS_SAMPLE t=1335.1s rss=4593MB hwm=4593MB
RSS_SAMPLE t=1335.4s rss=4593MB hwm=4593MB
RSS_SAMPLE t=1335.6s rss=4593MB hwm=4593MB
RSS_SAMPLE t=1335.9s rss=4593MB hwm=4593MB
RSS_SAMPLE t=1336.1s rss=4593MB hwm=4593MB
RSS_SAMPLE t=1336.4s rss=4593MB hwm=4593MB
RSS_SAMPLE t=1336.6s rss=4593MB hwm=4593MB
RSS_SAMPLE t=1336.9s rss=4593MB hwm=4593MB
RSS_SAMPLE t=1337.1s rss=4593MB hwm=4593MB
RSS_SAMPLE t=1337.4s rss=4593MB hwm=4593MB
RSS_SAMPLE t=1337.6s rss=4593MB hwm=4593MB
RSS_SAMPLE t=1337.9s rss=4593MB hwm=4593MB
RSS_SAMPLE t=1338.1s rss=4593MB hwm=4593MB
RSS_SAMPLE t=1338.4s rss=4593MB hwm=4593MB
RSS_SAMPLE t=1338.6s rss=4593MB hwm=4593MB
RSS_SAMPLE t=1338.9s rss=4593MB hwm=4593MB
RSS_SAMPLE t=1339.1s rss=4593MB hwm=4593MB
RSS_SAMPLE t=1339.4s rss=4593MB hwm=4593MB
RSS_SAMPLE t=1339.6s rss=4593MB hwm=4593MB
RSS_SAMPLE t=1339.9s rss=4593MB hwm=4593MB
RSS_SAMPLE t=1340.1s rss=4593MB hwm=4593MB
RSS_SAMPLE t=1340.4s rss=4593MB hwm=4593MB
RSS_SAMPLE t=1340.6s rss=4593MB hwm=4593MB
RSS_SAMPLE t=1340.9s rss=4593MB hwm=4593MB
RSS_SAMPLE t=1341.1s rss=4593MB hwm=4593MB
RSS_SAMPLE t=1341.4s rss=4593MB hwm=4593MB
RSS_SAMPLE t=1341.6s rss=4593MB hwm=4593MB
RSS_SAMPLE t=1341.9s rss=4593MB hwm=4593MB
RSS_SAMPLE t=1342.1s rss=4593MB hwm=4593MB
RSS_SAMPLE t=1342.4s rss=4593MB hwm=4593MB
RSS_SAMPLE t=1342.6s rss=4593MB hwm=4593MB
RSS_SAMPLE t=1342.9s rss=4593MB hwm=4593MB
RSS_SAMPLE t=1343.1s rss=4593MB hwm=4593MB
RSS_SAMPLE t=1343.4s rss=4593MB hwm=4593MB
RSS_SAMPLE t=1343.6s rss=4593MB hwm=4593MB
RSS_SAMPLE t=1343.9s rss=4593MB hwm=4593MB
RSS_SAMPLE t=1344.1s rss=4593MB hwm=4593MB
RSS_SAMPLE t=1344.4s rss=4593MB hwm=4593MB
RSS_SAMPLE t=1344.6s rss=4593MB hwm=4593MB
RSS_SAMPLE t=1344.9s rss=4593MB hwm=4593MB
RSS_SAMPLE t=1345.1s rss=4593MB hwm=4593MB
RSS_SAMPLE t=1345.4s rss=4593MB hwm=4593MB
RSS_SAMPLE t=1345.6s rss=4593MB hwm=4593MB
RSS_SAMPLE t=1345.9s rss=4593MB hwm=4593MB
RSS_SAMPLE t=1346.1s rss=4593MB hwm=4593MB
RSS_SAMPLE t=1346.4s rss=4593MB hwm=4593MB
RSS_SAMPLE t=1346.6s rss=4593MB hwm=4593MB
RSS_SAMPLE t=1346.9s rss=4593MB hwm=4593MB
RSS_SAMPLE t=1347.1s rss=4593MB hwm=4593MB
RSS_SAMPLE t=1347.4s rss=4593MB hwm=4593MB
RSS_SAMPLE t=1347.6s rss=4593MB hwm=4593MB
RSS_SAMPLE t=1347.9s rss=4593MB hwm=4593MB
RSS_SAMPLE t=1348.1s rss=4593MB hwm=4593MB
RSS_SAMPLE t=1348.4s rss=4593MB hwm=4593MB
RSS_SAMPLE t=1348.6s rss=4593MB hwm=4593MB
RSS_SAMPLE t=1348.9s rss=4593MB hwm=4593MB
RSS_SAMPLE t=1349.1s rss=4593MB hwm=4593MB
RSS_SAMPLE t=1349.4s rss=4593MB hwm=4593MB
RSS_SAMPLE t=1349.6s rss=4593MB hwm=4593MB
RSS_SAMPLE t=1349.9s rss=4593MB hwm=4593MB
RSS_SAMPLE t=1350.1s rss=4593MB hwm=4593MB
RSS_SAMPLE t=1350.4s rss=4593MB hwm=4593MB
RSS_SAMPLE t=1350.6s rss=4593MB hwm=4593MB
RSS_SAMPLE t=1350.9s rss=4593MB hwm=4593MB
RSS_SAMPLE t=1351.1s rss=4593MB hwm=4593MB
RSS_SAMPLE t=1351.4s rss=4593MB hwm=4593MB
RSS_SAMPLE t=1351.6s rss=4593MB hwm=4593MB
RSS_SAMPLE t=1351.9s rss=4593MB hwm=4593MB
RSS_SAMPLE t=1352.1s rss=4593MB hwm=4593MB
RSS_SAMPLE t=1352.4s rss=4593MB hwm=4593MB
RSS_SAMPLE t=1352.6s rss=4593MB hwm=4593MB
RSS_SAMPLE t=1352.9s rss=4593MB hwm=4593MB
RSS_SAMPLE t=1353.1s rss=4593MB hwm=4593MB
RSS_SAMPLE t=1353.4s rss=4593MB hwm=4593MB
RSS_SAMPLE t=1353.6s rss=4593MB hwm=4593MB
RSS_SAMPLE t=1353.9s rss=4593MB hwm=4593MB
RSS_SAMPLE t=1354.1s rss=4593MB hwm=4593MB
RSS_SAMPLE t=1354.4s rss=4593MB hwm=4593MB
RSS_SAMPLE t=1354.6s rss=4593MB hwm=4593MB
RSS_SAMPLE t=1354.9s rss=4593MB hwm=4593MB
RSS_SAMPLE t=1355.1s rss=4593MB hwm=4593MB
RSS_SAMPLE t=1355.4s rss=4593MB hwm=4593MB
RSS_SAMPLE t=1355.6s rss=4593MB hwm=4593MB
RSS_SAMPLE t=1355.9s rss=4593MB hwm=4593MB
RSS_SAMPLE t=1356.1s rss=4593MB hwm=4593MB
RSS_SAMPLE t=1356.4s rss=4593MB hwm=4593MB
RSS_SAMPLE t=1356.6s rss=4593MB hwm=4593MB
RSS_SAMPLE t=1356.9s rss=4593MB hwm=4593MB
RSS_SAMPLE t=1357.1s rss=4593MB hwm=4593MB
RSS_SAMPLE t=1357.4s rss=4593MB hwm=4593MB
RSS_SAMPLE t=1357.6s rss=4593MB hwm=4593MB
RSS_SAMPLE t=1357.9s rss=4593MB hwm=4593MB
RSS_SAMPLE t=1358.1s rss=4593MB hwm=4593MB
RSS_SAMPLE t=1358.4s rss=4593MB hwm=4593MB
RSS_SAMPLE t=1358.6s rss=4593MB hwm=4593MB
RSS_SAMPLE t=1358.9s rss=4593MB hwm=4593MB
RSS_SAMPLE t=1359.1s rss=4593MB hwm=4593MB
RSS_SAMPLE t=1359.4s rss=4593MB hwm=4593MB
RSS_SAMPLE t=1359.6s rss=4593MB hwm=4593MB
RSS_SAMPLE t=1359.9s rss=4593MB hwm=4593MB
RSS_SAMPLE t=1360.1s rss=4593MB hwm=4593MB
RSS_SAMPLE t=1360.4s rss=4593MB hwm=4593MB
RSS_SAMPLE t=1360.6s rss=4593MB hwm=4593MB
RSS_SAMPLE t=1360.9s rss=4593MB hwm=4593MB
RSS_SAMPLE t=1361.1s rss=4593MB hwm=4593MB
RSS_SAMPLE t=1361.4s rss=4593MB hwm=4593MB
RSS_SAMPLE t=1361.6s rss=4593MB hwm=4593MB
RSS_SAMPLE t=1361.9s rss=4593MB hwm=4593MB
RSS_SAMPLE t=1362.1s rss=4593MB hwm=4593MB
RSS_SAMPLE t=1362.4s rss=4593MB hwm=4593MB
RSS_SAMPLE t=1362.6s rss=4593MB hwm=4593MB
RSS_SAMPLE t=1362.9s rss=4593MB hwm=4593MB
RSS_SAMPLE t=1363.1s rss=4593MB hwm=4593MB
RSS_SAMPLE t=1363.4s rss=4593MB hwm=4593MB
RSS_SAMPLE t=1363.6s rss=4593MB hwm=4593MB
RSS_SAMPLE t=1363.9s rss=4593MB hwm=4593MB
RSS_SAMPLE t=1364.1s rss=4593MB hwm=4593MB
RSS_SAMPLE t=1364.4s rss=4593MB hwm=4593MB
RSS_SAMPLE t=1364.6s rss=4593MB hwm=4593MB
RSS_SAMPLE t=1364.9s rss=4593MB hwm=4593MB
RSS_SAMPLE t=1365.1s rss=4593MB hwm=4593MB
RSS_SAMPLE t=1365.4s rss=4593MB hwm=4593MB
RSS_SAMPLE t=1365.6s rss=4593MB hwm=4593MB
RSS_SAMPLE t=1365.9s rss=4593MB hwm=4593MB
RSS_SAMPLE t=1366.1s rss=4593MB hwm=4593MB
RSS_SAMPLE t=1366.4s rss=4593MB hwm=4593MB
RSS_SAMPLE t=1366.6s rss=4593MB hwm=4593MB
RSS_SAMPLE t=1366.9s rss=4593MB hwm=4593MB
RSS_SAMPLE t=1367.1s rss=4593MB hwm=4593MB
RSS_SAMPLE t=1367.4s rss=4593MB hwm=4593MB
RSS_SAMPLE t=1367.7s rss=4593MB hwm=4593MB
RSS_SAMPLE t=1367.9s rss=4593MB hwm=4593MB
RSS_SAMPLE t=1368.2s rss=4593MB hwm=4593MB
RSS_SAMPLE t=1368.4s rss=4593MB hwm=4593MB
RSS_SAMPLE t=1368.7s rss=4593MB hwm=4593MB
RSS_SAMPLE t=1368.9s rss=4593MB hwm=4593MB
RSS_SAMPLE t=1369.2s rss=4593MB hwm=4593MB
RSS_SAMPLE t=1369.4s rss=4593MB hwm=4593MB
RSS_SAMPLE t=1369.7s rss=4593MB hwm=4593MB
RSS_SAMPLE t=1369.9s rss=4593MB hwm=4593MB
RSS_SAMPLE t=1370.2s rss=4593MB hwm=4593MB
RSS_SAMPLE t=1370.4s rss=4593MB hwm=4593MB
RSS_SAMPLE t=1370.7s rss=4593MB hwm=4593MB
RSS_SAMPLE t=1370.9s rss=4593MB hwm=4593MB
RSS_SAMPLE t=1371.2s rss=4593MB hwm=4593MB
RSS_SAMPLE t=1371.4s rss=4593MB hwm=4593MB
RSS_SAMPLE t=1371.7s rss=4593MB hwm=4593MB
RSS_SAMPLE t=1371.9s rss=4593MB hwm=4593MB
RSS_SAMPLE t=1372.2s rss=4593MB hwm=4593MB
RSS_SAMPLE t=1372.4s rss=4593MB hwm=4593MB
RSS_SAMPLE t=1372.7s rss=4593MB hwm=4593MB
RSS_SAMPLE t=1372.9s rss=4593MB hwm=4593MB
RSS_SAMPLE t=1373.2s rss=4593MB hwm=4593MB
RSS_SAMPLE t=1373.4s rss=4593MB hwm=4593MB
RSS_SAMPLE t=1373.7s rss=4593MB hwm=4593MB
RSS_SAMPLE t=1373.9s rss=4593MB hwm=4593MB
RSS_SAMPLE t=1374.2s rss=4593MB hwm=4593MB
RSS_SAMPLE t=1374.4s rss=4593MB hwm=4593MB
RSS_SAMPLE t=1374.7s rss=4593MB hwm=4593MB
RSS_SAMPLE t=1374.9s rss=4593MB hwm=4593MB
RSS_SAMPLE t=1375.2s rss=4593MB hwm=4593MB
RSS_SAMPLE t=1375.4s rss=4593MB hwm=4593MB
RSS_SAMPLE t=1375.7s rss=4593MB hwm=4593MB
RSS_SAMPLE t=1375.9s rss=4593MB hwm=4593MB
RSS_SAMPLE t=1376.2s rss=4593MB hwm=4593MB
RSS_SAMPLE t=1376.4s rss=4593MB hwm=4593MB
RSS_SAMPLE t=1376.7s rss=4593MB hwm=4593MB
RSS_SAMPLE t=1376.9s rss=4593MB hwm=4593MB
RSS_SAMPLE t=1377.2s rss=4593MB hwm=4593MB
RSS_SAMPLE t=1377.4s rss=4593MB hwm=4593MB
RSS_SAMPLE t=1377.7s rss=4593MB hwm=4593MB
RSS_SAMPLE t=1377.9s rss=4593MB hwm=4593MB
RSS_SAMPLE t=1378.2s rss=4593MB hwm=4593MB
RSS_SAMPLE t=1378.4s rss=4593MB hwm=4593MB
RSS_SAMPLE t=1378.7s rss=4593MB hwm=4593MB
RSS_SAMPLE t=1378.9s rss=4593MB hwm=4593MB
RSS_SAMPLE t=1379.2s rss=4593MB hwm=4593MB
RSS_SAMPLE t=1379.4s rss=4593MB hwm=4593MB
RSS_SAMPLE t=1379.7s rss=4593MB hwm=4593MB
RSS_SAMPLE t=1379.9s rss=4593MB hwm=4593MB
RSS_SAMPLE t=1380.2s rss=4593MB hwm=4593MB
RSS_SAMPLE t=1380.4s rss=4593MB hwm=4593MB
RSS_SAMPLE t=1380.7s rss=4593MB hwm=4593MB
RSS_SAMPLE t=1380.9s rss=4593MB hwm=4593MB
RSS_SAMPLE t=1381.2s rss=4593MB hwm=4593MB
RSS_SAMPLE t=1381.4s rss=4593MB hwm=4593MB
RSS_SAMPLE t=1381.7s rss=4593MB hwm=4593MB
RSS_SAMPLE t=1381.9s rss=4593MB hwm=4593MB
RSS_SAMPLE t=1382.2s rss=4593MB hwm=4593MB
RSS_SAMPLE t=1382.4s rss=4593MB hwm=4593MB
RSS_SAMPLE t=1382.7s rss=4593MB hwm=4593MB
RSS_SAMPLE t=1382.9s rss=4593MB hwm=4593MB
RSS_SAMPLE t=1383.2s rss=4593MB hwm=4593MB
RSS_SAMPLE t=1383.4s rss=4593MB hwm=4593MB
RSS_SAMPLE t=1383.7s rss=4593MB hwm=4593MB
RSS_SAMPLE t=1383.9s rss=4593MB hwm=4593MB
RSS_SAMPLE t=1384.2s rss=4593MB hwm=4593MB
RSS_SAMPLE t=1384.4s rss=4593MB hwm=4593MB
RSS_SAMPLE t=1384.7s rss=4593MB hwm=4593MB
RSS_SAMPLE t=1384.9s rss=4593MB hwm=4593MB
RSS_SAMPLE t=1385.2s rss=4593MB hwm=4593MB
RSS_SAMPLE t=1385.4s rss=4593MB hwm=4593MB
RSS_SAMPLE t=1385.7s rss=4593MB hwm=4593MB
RSS_SAMPLE t=1385.9s rss=4593MB hwm=4593MB
RSS_SAMPLE t=1386.2s rss=4593MB hwm=4593MB
RSS_SAMPLE t=1386.4s rss=4593MB hwm=4593MB
RSS_SAMPLE t=1386.7s rss=4593MB hwm=4593MB
RSS_SAMPLE t=1386.9s rss=4593MB hwm=4593MB
RSS_SAMPLE t=1387.2s rss=4593MB hwm=4593MB
RSS_SAMPLE t=1387.4s rss=4593MB hwm=4593MB
RSS_SAMPLE t=1387.7s rss=4593MB hwm=4593MB
RSS_SAMPLE t=1387.9s rss=4593MB hwm=4593MB
RSS_SAMPLE t=1388.2s rss=4593MB hwm=4593MB
RSS_SAMPLE t=1388.4s rss=4593MB hwm=4593MB
RSS_SAMPLE t=1388.7s rss=4593MB hwm=4593MB
RSS_SAMPLE t=1388.9s rss=4593MB hwm=4593MB
RSS_SAMPLE t=1389.2s rss=4593MB hwm=4593MB
RSS_SAMPLE t=1389.4s rss=4593MB hwm=4593MB
MEM_POOL: workspaces=32 dense_usage_mb=1251 n_pipes=2562403
    post_solve_diag[outer=7]: solves=105117 cap_armed=105117 (100.0%) settle_avg=6925 above_sink_avg=142 (2.0%) settle_max=69353
    load_support[outer=7]: settle_avg=6925 load_nz_avg=5921 (85.5%) load_material_avg=3859 (55.7%)
    prune_ceiling[outer=7]: settle_avg=6925 heuristic_prunable_avg=537 (7.8%) vs oracle_zero_load=14.5%
    settle_hist[outer=7]: <100: 29354nets/0.1%work  <1k: 19262nets/1.1%work  <5k: 24363nets/8.7%work  <20k: 18716nets/27.4%work  <60k: 12927nets/58.4%work  >=60k: 495nets/4.4%work
    fanout_hist[outer=7]: fan1: 43710nets/13.6%work  fan2-4: 48279nets/50.2%work  fan5-16: 12974nets/35.3%work  fan17-64: 154nets/0.9%work  fan65-256: 0nets/0.0%work  fan>256: 0nets/0.0%work
    rss_probe[outer=7]: pre_post_solve=4523MB post_post_solve=4593MB after_apply=4593MB
    E_decomp: base=5348963.8 eff=185293924180065.7 cong=185293918831101.9 cong_share=100.0% sat_pipes=85394 max_util=500.82  R_buckets: 1-2x=85285 2-10x=1866168 10-100x=581334 >=100x=29616
    E_potential: beckmann=3310932548476.6 history_total=0.0
    SpanCache: epoch=8 entries=1853 lookups=2562403 hits=2560550 misses=1853 hit_rate=99.9%
  DCD   7: nets=105117 line=14048785 energy=7174138638.090 dE=-2232336660.389 friction=7115721.5 bins=2.0x(269) excess=87.3 moved=66558 disp=5.542 solves=105117 skip=105117 pops=727926820 theta=0.754 refresh=207111ms dcd=12649ms total=223599ms
    cache_stats: entries=59844156 capacity=110004584 est_mb=949 rss_mb=4593
RSS_SAMPLE t=1389.7s rss=4593MB hwm=4593MB
RSS_SAMPLE t=1389.9s rss=4594MB hwm=4594MB
RSS_SAMPLE t=1390.2s rss=4594MB hwm=4594MB
RSS_SAMPLE t=1390.4s rss=4594MB hwm=4594MB
RSS_SAMPLE t=1390.7s rss=4594MB hwm=4594MB
RSS_SAMPLE t=1390.9s rss=4594MB hwm=4594MB
RSS_SAMPLE t=1391.2s rss=4594MB hwm=4594MB
RSS_SAMPLE t=1391.4s rss=4594MB hwm=4594MB
RSS_SAMPLE t=1391.7s rss=4594MB hwm=4594MB
RSS_SAMPLE t=1391.9s rss=4594MB hwm=4594MB
RSS_SAMPLE t=1392.2s rss=4594MB hwm=4594MB
RSS_SAMPLE t=1392.4s rss=4594MB hwm=4594MB
RSS_SAMPLE t=1392.7s rss=4594MB hwm=4594MB
RSS_SAMPLE t=1392.9s rss=4594MB hwm=4594MB
RSS_SAMPLE t=1393.2s rss=4594MB hwm=4594MB
RSS_SAMPLE t=1393.4s rss=4594MB hwm=4594MB
    SwitchMatrix: type_usage_pairs=874 lookups=2105 hits=1231 dijkstra_calls=874 avg_us=19.8 total_ms=17.3
PHASE_MARK outer=8 enter=pre_solve rss=4594MB
    rss_probe[outer=8]: pre_refresh_rss=4594MB post_pre_solve_rss=4594MB cache_entries=59844156 cache_cap=110004584 cache_est_mb=949
    pre_solve_diag[outer=8]: solves=0 fallback=0 (0.0%) cap_armed=0 (0.0%) settle_avg=0 settle_max=0 init_count=242
    Overflow: over=82590 (3.2% of used) avg_excess=8.86 max_excess=3014.08 (nc=3038.08 cap=24 span=1)  excess_buckets: <=1=8307 1-5=43166 5-20=23061 >20=8056  by_cap: cap1=2054 cap2=71215 cap3-5=2465 cap>5=6856  by_span: s1=521 s2-3=5360 s4-6=1978 s7-12=70022 s>12=4709  le1_cross: cap1=1098 cap2-5=6812 cap>5=397
    Congestion: pipes=2562403 used=2562403 congested(>50%)=102875 saturated(>90%)=85394 max_util=500.82 avg_util=0.1669
PHASE_MARK outer=8 enter=dcd_sweep rss=4594MB
RSS_SAMPLE t=1393.7s rss=4594MB hwm=4594MB
RSS_SAMPLE t=1393.9s rss=4594MB hwm=4594MB
RSS_SAMPLE t=1394.2s rss=4594MB hwm=4594MB
RSS_SAMPLE t=1394.4s rss=4594MB hwm=4594MB
RSS_SAMPLE t=1394.7s rss=4594MB hwm=4594MB
RSS_SAMPLE t=1394.9s rss=4594MB hwm=4594MB
RSS_SAMPLE t=1395.2s rss=4594MB hwm=4594MB
RSS_SAMPLE t=1395.4s rss=4594MB hwm=4594MB
RSS_SAMPLE t=1395.7s rss=4594MB hwm=4594MB
RSS_SAMPLE t=1395.9s rss=4594MB hwm=4594MB
RSS_SAMPLE t=1396.2s rss=4594MB hwm=4594MB
RSS_SAMPLE t=1396.4s rss=4594MB hwm=4594MB
RSS_SAMPLE t=1396.7s rss=4594MB hwm=4594MB
RSS_SAMPLE t=1396.9s rss=4594MB hwm=4594MB
RSS_SAMPLE t=1397.2s rss=4594MB hwm=4594MB
RSS_SAMPLE t=1397.4s rss=4594MB hwm=4594MB
RSS_SAMPLE t=1397.7s rss=4594MB hwm=4594MB
RSS_SAMPLE t=1397.9s rss=4594MB hwm=4594MB
RSS_SAMPLE t=1398.2s rss=4594MB hwm=4594MB
RSS_SAMPLE t=1398.5s rss=4594MB hwm=4594MB
RSS_SAMPLE t=1398.7s rss=4594MB hwm=4594MB
RSS_SAMPLE t=1399.0s rss=4594MB hwm=4594MB
RSS_SAMPLE t=1399.2s rss=4594MB hwm=4594MB
RSS_SAMPLE t=1399.5s rss=4594MB hwm=4594MB
RSS_SAMPLE t=1399.7s rss=4594MB hwm=4594MB
RSS_SAMPLE t=1400.0s rss=4594MB hwm=4594MB
RSS_SAMPLE t=1400.2s rss=4594MB hwm=4594MB
RSS_SAMPLE t=1400.5s rss=4594MB hwm=4594MB
RSS_SAMPLE t=1400.7s rss=4594MB hwm=4594MB
RSS_SAMPLE t=1401.0s rss=4594MB hwm=4594MB
RSS_SAMPLE t=1401.2s rss=4594MB hwm=4594MB
RSS_SAMPLE t=1401.5s rss=4594MB hwm=4594MB
RSS_SAMPLE t=1401.7s rss=4594MB hwm=4594MB
RSS_SAMPLE t=1402.0s rss=4594MB hwm=4594MB
RSS_SAMPLE t=1402.2s rss=4594MB hwm=4594MB
RSS_SAMPLE t=1402.5s rss=4594MB hwm=4594MB
RSS_SAMPLE t=1402.7s rss=4594MB hwm=4594MB
RSS_SAMPLE t=1403.0s rss=4594MB hwm=4594MB
RSS_SAMPLE t=1403.2s rss=4594MB hwm=4594MB
RSS_SAMPLE t=1403.5s rss=4594MB hwm=4594MB
RSS_SAMPLE t=1403.7s rss=4594MB hwm=4594MB
RSS_SAMPLE t=1404.0s rss=4594MB hwm=4594MB
RSS_SAMPLE t=1404.2s rss=4594MB hwm=4594MB
RSS_SAMPLE t=1404.5s rss=4594MB hwm=4594MB
RSS_SAMPLE t=1404.7s rss=4594MB hwm=4594MB
RSS_SAMPLE t=1405.0s rss=4594MB hwm=4594MB
RSS_SAMPLE t=1405.2s rss=4594MB hwm=4594MB
RSS_SAMPLE t=1405.5s rss=4594MB hwm=4594MB
PHASE_MARK outer=8 leave=dcd_sweep rss=4594MB
PHASE_MARK outer=8 enter=post_refresh rss=4594MB
RSS_SAMPLE t=1405.7s rss=4594MB hwm=4594MB
RSS_SAMPLE t=1406.0s rss=4594MB hwm=4594MB
RSS_SAMPLE t=1406.2s rss=4594MB hwm=4594MB
RSS_SAMPLE t=1406.5s rss=4594MB hwm=4594MB
RSS_SAMPLE t=1406.7s rss=4594MB hwm=4594MB
RSS_SAMPLE t=1407.0s rss=4594MB hwm=4594MB
RSS_SAMPLE t=1407.2s rss=4594MB hwm=4594MB
RSS_SAMPLE t=1407.5s rss=4594MB hwm=4594MB
RSS_SAMPLE t=1407.7s rss=4594MB hwm=4594MB
RSS_SAMPLE t=1408.0s rss=4594MB hwm=4594MB
RSS_SAMPLE t=1408.2s rss=4594MB hwm=4594MB
RSS_SAMPLE t=1408.5s rss=4594MB hwm=4594MB
RSS_SAMPLE t=1408.7s rss=4594MB hwm=4594MB
RSS_SAMPLE t=1409.0s rss=4594MB hwm=4594MB
RSS_SAMPLE t=1409.2s rss=4594MB hwm=4594MB
RSS_SAMPLE t=1409.5s rss=4595MB hwm=4595MB
RSS_SAMPLE t=1409.7s rss=4595MB hwm=4595MB
RSS_SAMPLE t=1410.0s rss=4595MB hwm=4595MB
RSS_SAMPLE t=1410.2s rss=4595MB hwm=4595MB
RSS_SAMPLE t=1410.5s rss=4595MB hwm=4595MB
RSS_SAMPLE t=1410.7s rss=4596MB hwm=4596MB
RSS_SAMPLE t=1411.0s rss=4596MB hwm=4596MB
RSS_SAMPLE t=1411.2s rss=4596MB hwm=4596MB
RSS_SAMPLE t=1411.5s rss=4596MB hwm=4596MB
RSS_SAMPLE t=1411.7s rss=4596MB hwm=4596MB
RSS_SAMPLE t=1412.0s rss=4597MB hwm=4597MB
RSS_SAMPLE t=1412.2s rss=4597MB hwm=4597MB
RSS_SAMPLE t=1412.5s rss=4597MB hwm=4597MB
RSS_SAMPLE t=1412.7s rss=4597MB hwm=4597MB
RSS_SAMPLE t=1413.0s rss=4598MB hwm=4598MB
RSS_SAMPLE t=1413.2s rss=4598MB hwm=4598MB
RSS_SAMPLE t=1413.5s rss=4598MB hwm=4598MB
RSS_SAMPLE t=1413.7s rss=4599MB hwm=4599MB
RSS_SAMPLE t=1414.0s rss=4599MB hwm=4599MB
RSS_SAMPLE t=1414.2s rss=4599MB hwm=4599MB
RSS_SAMPLE t=1414.5s rss=4599MB hwm=4599MB
RSS_SAMPLE t=1414.7s rss=4599MB hwm=4599MB
RSS_SAMPLE t=1415.0s rss=4600MB hwm=4600MB
RSS_SAMPLE t=1415.2s rss=4600MB hwm=4600MB
RSS_SAMPLE t=1415.5s rss=4600MB hwm=4600MB
RSS_SAMPLE t=1415.7s rss=4600MB hwm=4600MB
RSS_SAMPLE t=1416.0s rss=4601MB hwm=4601MB
RSS_SAMPLE t=1416.2s rss=4601MB hwm=4601MB
RSS_SAMPLE t=1416.5s rss=4601MB hwm=4601MB
RSS_SAMPLE t=1416.7s rss=4601MB hwm=4601MB
RSS_SAMPLE t=1417.0s rss=4602MB hwm=4602MB
RSS_SAMPLE t=1417.2s rss=4602MB hwm=4602MB
RSS_SAMPLE t=1417.5s rss=4602MB hwm=4602MB
RSS_SAMPLE t=1417.7s rss=4602MB hwm=4602MB
RSS_SAMPLE t=1418.0s rss=4602MB hwm=4602MB
RSS_SAMPLE t=1418.2s rss=4602MB hwm=4602MB
RSS_SAMPLE t=1418.5s rss=4603MB hwm=4603MB
RSS_SAMPLE t=1418.7s rss=4603MB hwm=4603MB
RSS_SAMPLE t=1419.0s rss=4603MB hwm=4603MB
RSS_SAMPLE t=1419.2s rss=4603MB hwm=4603MB
RSS_SAMPLE t=1419.5s rss=4603MB hwm=4603MB
RSS_SAMPLE t=1419.7s rss=4604MB hwm=4604MB
RSS_SAMPLE t=1420.0s rss=4604MB hwm=4604MB
RSS_SAMPLE t=1420.2s rss=4604MB hwm=4604MB
RSS_SAMPLE t=1420.5s rss=4604MB hwm=4604MB
RSS_SAMPLE t=1420.7s rss=4605MB hwm=4605MB
RSS_SAMPLE t=1421.0s rss=4605MB hwm=4605MB
RSS_SAMPLE t=1421.2s rss=4605MB hwm=4605MB
RSS_SAMPLE t=1421.5s rss=4605MB hwm=4605MB
RSS_SAMPLE t=1421.7s rss=4605MB hwm=4605MB
RSS_SAMPLE t=1422.0s rss=4605MB hwm=4605MB
RSS_SAMPLE t=1422.2s rss=4606MB hwm=4606MB
RSS_SAMPLE t=1422.5s rss=4606MB hwm=4606MB
RSS_SAMPLE t=1422.7s rss=4606MB hwm=4606MB
RSS_SAMPLE t=1423.0s rss=4606MB hwm=4606MB
RSS_SAMPLE t=1423.2s rss=4606MB hwm=4606MB
RSS_SAMPLE t=1423.5s rss=4606MB hwm=4606MB
RSS_SAMPLE t=1423.8s rss=4607MB hwm=4607MB
RSS_SAMPLE t=1424.0s rss=4607MB hwm=4607MB
RSS_SAMPLE t=1424.3s rss=4607MB hwm=4607MB
RSS_SAMPLE t=1424.5s rss=4607MB hwm=4607MB
RSS_SAMPLE t=1424.8s rss=4607MB hwm=4607MB
RSS_SAMPLE t=1425.0s rss=4607MB hwm=4607MB
RSS_SAMPLE t=1425.3s rss=4608MB hwm=4608MB
RSS_SAMPLE t=1425.5s rss=4608MB hwm=4608MB
RSS_SAMPLE t=1425.8s rss=4608MB hwm=4608MB
RSS_SAMPLE t=1426.0s rss=4608MB hwm=4608MB
RSS_SAMPLE t=1426.3s rss=4608MB hwm=4608MB
RSS_SAMPLE t=1426.5s rss=4608MB hwm=4608MB
RSS_SAMPLE t=1426.8s rss=4608MB hwm=4608MB
RSS_SAMPLE t=1427.0s rss=4608MB hwm=4608MB
RSS_SAMPLE t=1427.3s rss=4609MB hwm=4609MB
RSS_SAMPLE t=1427.5s rss=4609MB hwm=4609MB
RSS_SAMPLE t=1427.8s rss=4609MB hwm=4609MB
RSS_SAMPLE t=1428.0s rss=4609MB hwm=4609MB
RSS_SAMPLE t=1428.3s rss=4609MB hwm=4609MB
RSS_SAMPLE t=1428.5s rss=4609MB hwm=4609MB
RSS_SAMPLE t=1428.8s rss=4609MB hwm=4609MB
RSS_SAMPLE t=1429.0s rss=4609MB hwm=4609MB
RSS_SAMPLE t=1429.3s rss=4610MB hwm=4610MB
RSS_SAMPLE t=1429.5s rss=4610MB hwm=4610MB
RSS_SAMPLE t=1429.8s rss=4610MB hwm=4610MB
RSS_SAMPLE t=1430.0s rss=4610MB hwm=4610MB
RSS_SAMPLE t=1430.3s rss=4610MB hwm=4610MB
RSS_SAMPLE t=1430.5s rss=4610MB hwm=4610MB
RSS_SAMPLE t=1430.8s rss=4610MB hwm=4610MB
RSS_SAMPLE t=1431.0s rss=4610MB hwm=4610MB
RSS_SAMPLE t=1431.3s rss=4611MB hwm=4611MB
RSS_SAMPLE t=1431.5s rss=4611MB hwm=4611MB
RSS_SAMPLE t=1431.8s rss=4611MB hwm=4611MB
RSS_SAMPLE t=1432.0s rss=4611MB hwm=4611MB
RSS_SAMPLE t=1432.3s rss=4611MB hwm=4611MB
RSS_SAMPLE t=1432.5s rss=4611MB hwm=4611MB
RSS_SAMPLE t=1432.8s rss=4612MB hwm=4612MB
RSS_SAMPLE t=1433.0s rss=4612MB hwm=4612MB
RSS_SAMPLE t=1433.3s rss=4612MB hwm=4612MB
RSS_SAMPLE t=1433.5s rss=4612MB hwm=4612MB
RSS_SAMPLE t=1433.8s rss=4612MB hwm=4612MB
RSS_SAMPLE t=1434.0s rss=4612MB hwm=4612MB
RSS_SAMPLE t=1434.3s rss=4612MB hwm=4612MB
RSS_SAMPLE t=1434.5s rss=4613MB hwm=4613MB
RSS_SAMPLE t=1434.8s rss=4613MB hwm=4613MB
RSS_SAMPLE t=1435.0s rss=4613MB hwm=4613MB
RSS_SAMPLE t=1435.3s rss=4613MB hwm=4613MB
RSS_SAMPLE t=1435.5s rss=4613MB hwm=4613MB
RSS_SAMPLE t=1435.8s rss=4613MB hwm=4613MB
RSS_SAMPLE t=1436.0s rss=4614MB hwm=4614MB
RSS_SAMPLE t=1436.3s rss=4614MB hwm=4614MB
RSS_SAMPLE t=1436.5s rss=4614MB hwm=4614MB
RSS_SAMPLE t=1436.8s rss=4614MB hwm=4614MB
RSS_SAMPLE t=1437.0s rss=4615MB hwm=4615MB
RSS_SAMPLE t=1437.3s rss=4615MB hwm=4615MB
RSS_SAMPLE t=1437.5s rss=4615MB hwm=4615MB
RSS_SAMPLE t=1437.8s rss=4616MB hwm=4616MB
RSS_SAMPLE t=1438.0s rss=4616MB hwm=4616MB
RSS_SAMPLE t=1438.3s rss=4616MB hwm=4616MB
RSS_SAMPLE t=1438.5s rss=4616MB hwm=4616MB
RSS_SAMPLE t=1438.8s rss=4617MB hwm=4617MB
RSS_SAMPLE t=1439.0s rss=4617MB hwm=4617MB
RSS_SAMPLE t=1439.3s rss=4617MB hwm=4617MB
RSS_SAMPLE t=1439.5s rss=4617MB hwm=4617MB
RSS_SAMPLE t=1439.8s rss=4617MB hwm=4617MB
RSS_SAMPLE t=1440.0s rss=4617MB hwm=4617MB
RSS_SAMPLE t=1440.3s rss=4618MB hwm=4618MB
RSS_SAMPLE t=1440.5s rss=4618MB hwm=4618MB
RSS_SAMPLE t=1440.8s rss=4618MB hwm=4618MB
RSS_SAMPLE t=1441.0s rss=4618MB hwm=4618MB
RSS_SAMPLE t=1441.3s rss=4618MB hwm=4618MB
RSS_SAMPLE t=1441.5s rss=4618MB hwm=4618MB
RSS_SAMPLE t=1441.8s rss=4618MB hwm=4618MB
RSS_SAMPLE t=1442.0s rss=4618MB hwm=4618MB
RSS_SAMPLE t=1442.3s rss=4619MB hwm=4619MB
RSS_SAMPLE t=1442.5s rss=4619MB hwm=4619MB
RSS_SAMPLE t=1442.8s rss=4619MB hwm=4619MB
RSS_SAMPLE t=1443.0s rss=4619MB hwm=4619MB
RSS_SAMPLE t=1443.3s rss=4619MB hwm=4619MB
RSS_SAMPLE t=1443.5s rss=4619MB hwm=4619MB
RSS_SAMPLE t=1443.8s rss=4620MB hwm=4620MB
RSS_SAMPLE t=1444.0s rss=4620MB hwm=4620MB
RSS_SAMPLE t=1444.3s rss=4620MB hwm=4620MB
RSS_SAMPLE t=1444.5s rss=4620MB hwm=4620MB
RSS_SAMPLE t=1444.8s rss=4620MB hwm=4620MB
RSS_SAMPLE t=1445.0s rss=4621MB hwm=4621MB
RSS_SAMPLE t=1445.3s rss=4621MB hwm=4621MB
RSS_SAMPLE t=1445.5s rss=4621MB hwm=4621MB
RSS_SAMPLE t=1445.8s rss=4622MB hwm=4622MB
RSS_SAMPLE t=1446.0s rss=4622MB hwm=4622MB
RSS_SAMPLE t=1446.3s rss=4622MB hwm=4622MB
RSS_SAMPLE t=1446.5s rss=4622MB hwm=4622MB
RSS_SAMPLE t=1446.8s rss=4622MB hwm=4622MB
RSS_SAMPLE t=1447.0s rss=4623MB hwm=4623MB
RSS_SAMPLE t=1447.3s rss=4623MB hwm=4623MB
RSS_SAMPLE t=1447.5s rss=4623MB hwm=4623MB
RSS_SAMPLE t=1447.8s rss=4623MB hwm=4623MB
RSS_SAMPLE t=1448.0s rss=4623MB hwm=4623MB
RSS_SAMPLE t=1448.3s rss=4623MB hwm=4623MB
RSS_SAMPLE t=1448.5s rss=4624MB hwm=4624MB
RSS_SAMPLE t=1448.8s rss=4624MB hwm=4624MB
RSS_SAMPLE t=1449.0s rss=4624MB hwm=4624MB
RSS_SAMPLE t=1449.3s rss=4625MB hwm=4625MB
RSS_SAMPLE t=1449.5s rss=4625MB hwm=4625MB
RSS_SAMPLE t=1449.8s rss=4625MB hwm=4625MB
RSS_SAMPLE t=1450.0s rss=4625MB hwm=4625MB
RSS_SAMPLE t=1450.3s rss=4625MB hwm=4625MB
RSS_SAMPLE t=1450.6s rss=4626MB hwm=4626MB
RSS_SAMPLE t=1450.8s rss=4626MB hwm=4626MB
RSS_SAMPLE t=1451.1s rss=4626MB hwm=4626MB
RSS_SAMPLE t=1451.3s rss=4626MB hwm=4626MB
RSS_SAMPLE t=1451.6s rss=4626MB hwm=4626MB
RSS_SAMPLE t=1451.8s rss=4626MB hwm=4626MB
RSS_SAMPLE t=1452.1s rss=4627MB hwm=4627MB
RSS_SAMPLE t=1452.3s rss=4627MB hwm=4627MB
RSS_SAMPLE t=1452.6s rss=4627MB hwm=4627MB
RSS_SAMPLE t=1452.8s rss=4628MB hwm=4628MB
RSS_SAMPLE t=1453.1s rss=4628MB hwm=4628MB
RSS_SAMPLE t=1453.3s rss=4628MB hwm=4628MB
RSS_SAMPLE t=1453.6s rss=4628MB hwm=4628MB
RSS_SAMPLE t=1453.8s rss=4628MB hwm=4628MB
RSS_SAMPLE t=1454.1s rss=4628MB hwm=4628MB
RSS_SAMPLE t=1454.3s rss=4628MB hwm=4628MB
RSS_SAMPLE t=1454.6s rss=4628MB hwm=4628MB
RSS_SAMPLE t=1454.8s rss=4628MB hwm=4628MB
RSS_SAMPLE t=1455.1s rss=4629MB hwm=4629MB
RSS_SAMPLE t=1455.3s rss=4629MB hwm=4629MB
RSS_SAMPLE t=1455.6s rss=4629MB hwm=4629MB
RSS_SAMPLE t=1455.8s rss=4629MB hwm=4629MB
RSS_SAMPLE t=1456.1s rss=4629MB hwm=4629MB
RSS_SAMPLE t=1456.3s rss=4630MB hwm=4630MB
RSS_SAMPLE t=1456.6s rss=4630MB hwm=4630MB
RSS_SAMPLE t=1456.8s rss=4630MB hwm=4630MB
RSS_SAMPLE t=1457.1s rss=4630MB hwm=4630MB
RSS_SAMPLE t=1457.3s rss=4631MB hwm=4631MB
RSS_SAMPLE t=1457.6s rss=4631MB hwm=4631MB
RSS_SAMPLE t=1457.8s rss=4631MB hwm=4631MB
RSS_SAMPLE t=1458.1s rss=4631MB hwm=4631MB
RSS_SAMPLE t=1458.3s rss=4631MB hwm=4631MB
RSS_SAMPLE t=1458.6s rss=4631MB hwm=4631MB
RSS_SAMPLE t=1458.8s rss=4632MB hwm=4632MB
RSS_SAMPLE t=1459.1s rss=4632MB hwm=4632MB
RSS_SAMPLE t=1459.3s rss=4632MB hwm=4632MB
RSS_SAMPLE t=1459.6s rss=4632MB hwm=4632MB
RSS_SAMPLE t=1459.8s rss=4632MB hwm=4632MB
RSS_SAMPLE t=1460.1s rss=4632MB hwm=4632MB
RSS_SAMPLE t=1460.3s rss=4632MB hwm=4632MB
RSS_SAMPLE t=1460.6s rss=4632MB hwm=4632MB
RSS_SAMPLE t=1460.8s rss=4633MB hwm=4633MB
RSS_SAMPLE t=1461.1s rss=4633MB hwm=4633MB
RSS_SAMPLE t=1461.3s rss=4634MB hwm=4634MB
RSS_SAMPLE t=1461.6s rss=4634MB hwm=4634MB
RSS_SAMPLE t=1461.8s rss=4634MB hwm=4634MB
RSS_SAMPLE t=1462.1s rss=4634MB hwm=4634MB
RSS_SAMPLE t=1462.3s rss=4635MB hwm=4635MB
RSS_SAMPLE t=1462.6s rss=4635MB hwm=4635MB
RSS_SAMPLE t=1462.8s rss=4635MB hwm=4635MB
RSS_SAMPLE t=1463.1s rss=4636MB hwm=4636MB
RSS_SAMPLE t=1463.3s rss=4636MB hwm=4636MB
RSS_SAMPLE t=1463.6s rss=4636MB hwm=4636MB
RSS_SAMPLE t=1463.8s rss=4636MB hwm=4636MB
RSS_SAMPLE t=1464.1s rss=4636MB hwm=4636MB
RSS_SAMPLE t=1464.3s rss=4637MB hwm=4637MB
RSS_SAMPLE t=1464.6s rss=4637MB hwm=4637MB
RSS_SAMPLE t=1464.8s rss=4637MB hwm=4637MB
RSS_SAMPLE t=1465.1s rss=4637MB hwm=4637MB
RSS_SAMPLE t=1465.3s rss=4638MB hwm=4638MB
RSS_SAMPLE t=1465.6s rss=4638MB hwm=4638MB
RSS_SAMPLE t=1465.8s rss=4638MB hwm=4638MB
RSS_SAMPLE t=1466.1s rss=4638MB hwm=4638MB
RSS_SAMPLE t=1466.3s rss=4639MB hwm=4639MB
RSS_SAMPLE t=1466.6s rss=4639MB hwm=4639MB
RSS_SAMPLE t=1466.8s rss=4639MB hwm=4639MB
RSS_SAMPLE t=1467.1s rss=4639MB hwm=4639MB
RSS_SAMPLE t=1467.3s rss=4639MB hwm=4639MB
RSS_SAMPLE t=1467.6s rss=4640MB hwm=4640MB
RSS_SAMPLE t=1467.8s rss=4640MB hwm=4640MB
RSS_SAMPLE t=1468.1s rss=4640MB hwm=4640MB
RSS_SAMPLE t=1468.3s rss=4640MB hwm=4640MB
RSS_SAMPLE t=1468.6s rss=4640MB hwm=4640MB
RSS_SAMPLE t=1468.8s rss=4640MB hwm=4640MB
RSS_SAMPLE t=1469.1s rss=4640MB hwm=4640MB
RSS_SAMPLE t=1469.3s rss=4640MB hwm=4640MB
RSS_SAMPLE t=1469.6s rss=4640MB hwm=4640MB
RSS_SAMPLE t=1469.8s rss=4641MB hwm=4641MB
RSS_SAMPLE t=1470.1s rss=4641MB hwm=4641MB
RSS_SAMPLE t=1470.3s rss=4641MB hwm=4641MB
RSS_SAMPLE t=1470.6s rss=4641MB hwm=4641MB
RSS_SAMPLE t=1470.8s rss=4641MB hwm=4641MB
RSS_SAMPLE t=1471.1s rss=4641MB hwm=4641MB
RSS_SAMPLE t=1471.3s rss=4641MB hwm=4641MB
RSS_SAMPLE t=1471.6s rss=4642MB hwm=4642MB
RSS_SAMPLE t=1471.8s rss=4642MB hwm=4642MB
RSS_SAMPLE t=1472.1s rss=4642MB hwm=4642MB
RSS_SAMPLE t=1472.3s rss=4642MB hwm=4642MB
RSS_SAMPLE t=1472.6s rss=4642MB hwm=4642MB
RSS_SAMPLE t=1472.8s rss=4642MB hwm=4642MB
RSS_SAMPLE t=1473.1s rss=4642MB hwm=4642MB
RSS_SAMPLE t=1473.3s rss=4642MB hwm=4642MB
RSS_SAMPLE t=1473.6s rss=4642MB hwm=4642MB
RSS_SAMPLE t=1473.8s rss=4642MB hwm=4642MB
RSS_SAMPLE t=1474.1s rss=4642MB hwm=4642MB
RSS_SAMPLE t=1474.3s rss=4643MB hwm=4643MB
RSS_SAMPLE t=1474.6s rss=4643MB hwm=4643MB
RSS_SAMPLE t=1474.8s rss=4643MB hwm=4643MB
RSS_SAMPLE t=1475.1s rss=4643MB hwm=4643MB
RSS_SAMPLE t=1475.3s rss=4643MB hwm=4643MB
RSS_SAMPLE t=1475.6s rss=4643MB hwm=4643MB
RSS_SAMPLE t=1475.9s rss=4643MB hwm=4643MB
RSS_SAMPLE t=1476.1s rss=4643MB hwm=4643MB
RSS_SAMPLE t=1476.4s rss=4643MB hwm=4643MB
RSS_SAMPLE t=1476.6s rss=4644MB hwm=4644MB
RSS_SAMPLE t=1476.9s rss=4644MB hwm=4644MB
RSS_SAMPLE t=1477.1s rss=4644MB hwm=4644MB
RSS_SAMPLE t=1477.4s rss=4644MB hwm=4644MB
RSS_SAMPLE t=1477.6s rss=4644MB hwm=4644MB
RSS_SAMPLE t=1477.9s rss=4644MB hwm=4644MB
RSS_SAMPLE t=1478.1s rss=4645MB hwm=4645MB
RSS_SAMPLE t=1478.4s rss=4645MB hwm=4645MB
RSS_SAMPLE t=1478.6s rss=4645MB hwm=4645MB
RSS_SAMPLE t=1478.9s rss=4645MB hwm=4645MB
RSS_SAMPLE t=1479.1s rss=4645MB hwm=4645MB
RSS_SAMPLE t=1479.4s rss=4646MB hwm=4646MB
RSS_SAMPLE t=1479.6s rss=4646MB hwm=4646MB
RSS_SAMPLE t=1479.9s rss=4646MB hwm=4646MB
RSS_SAMPLE t=1480.1s rss=4646MB hwm=4646MB
RSS_SAMPLE t=1480.4s rss=4646MB hwm=4646MB
RSS_SAMPLE t=1480.6s rss=4646MB hwm=4646MB
RSS_SAMPLE t=1480.9s rss=4647MB hwm=4647MB
RSS_SAMPLE t=1481.1s rss=4647MB hwm=4647MB
RSS_SAMPLE t=1481.4s rss=4647MB hwm=4647MB
RSS_SAMPLE t=1481.6s rss=4647MB hwm=4647MB
RSS_SAMPLE t=1481.9s rss=4647MB hwm=4647MB
RSS_SAMPLE t=1482.1s rss=4648MB hwm=4648MB
RSS_SAMPLE t=1482.4s rss=4648MB hwm=4648MB
RSS_SAMPLE t=1482.6s rss=4648MB hwm=4648MB
RSS_SAMPLE t=1482.9s rss=4648MB hwm=4648MB
RSS_SAMPLE t=1483.1s rss=4648MB hwm=4648MB
RSS_SAMPLE t=1483.4s rss=4648MB hwm=4648MB
RSS_SAMPLE t=1483.6s rss=4648MB hwm=4648MB
RSS_SAMPLE t=1483.9s rss=4648MB hwm=4648MB
RSS_SAMPLE t=1484.1s rss=4648MB hwm=4648MB
RSS_SAMPLE t=1484.4s rss=4648MB hwm=4648MB
RSS_SAMPLE t=1484.6s rss=4649MB hwm=4649MB
RSS_SAMPLE t=1484.9s rss=4649MB hwm=4649MB
RSS_SAMPLE t=1485.1s rss=4649MB hwm=4649MB
RSS_SAMPLE t=1485.4s rss=4649MB hwm=4649MB
RSS_SAMPLE t=1485.6s rss=4649MB hwm=4649MB
RSS_SAMPLE t=1485.9s rss=4649MB hwm=4649MB
RSS_SAMPLE t=1486.1s rss=4649MB hwm=4649MB
RSS_SAMPLE t=1486.4s rss=4649MB hwm=4649MB
RSS_SAMPLE t=1486.6s rss=4650MB hwm=4650MB
RSS_SAMPLE t=1486.9s rss=4650MB hwm=4650MB
RSS_SAMPLE t=1487.1s rss=4650MB hwm=4650MB
RSS_SAMPLE t=1487.4s rss=4650MB hwm=4650MB
RSS_SAMPLE t=1487.6s rss=4650MB hwm=4650MB
RSS_SAMPLE t=1487.9s rss=4650MB hwm=4650MB
RSS_SAMPLE t=1488.1s rss=4650MB hwm=4650MB
RSS_SAMPLE t=1488.4s rss=4651MB hwm=4651MB
RSS_SAMPLE t=1488.6s rss=4651MB hwm=4651MB
RSS_SAMPLE t=1488.9s rss=4651MB hwm=4651MB
RSS_SAMPLE t=1489.1s rss=4651MB hwm=4651MB
RSS_SAMPLE t=1489.4s rss=4651MB hwm=4651MB
RSS_SAMPLE t=1489.6s rss=4651MB hwm=4651MB
RSS_SAMPLE t=1489.9s rss=4651MB hwm=4651MB
RSS_SAMPLE t=1490.1s rss=4651MB hwm=4651MB
RSS_SAMPLE t=1490.4s rss=4651MB hwm=4651MB
RSS_SAMPLE t=1490.6s rss=4651MB hwm=4651MB
RSS_SAMPLE t=1490.9s rss=4652MB hwm=4652MB
RSS_SAMPLE t=1491.1s rss=4652MB hwm=4652MB
RSS_SAMPLE t=1491.4s rss=4652MB hwm=4652MB
RSS_SAMPLE t=1491.6s rss=4652MB hwm=4652MB
RSS_SAMPLE t=1491.9s rss=4652MB hwm=4652MB
RSS_SAMPLE t=1492.1s rss=4652MB hwm=4652MB
RSS_SAMPLE t=1492.4s rss=4653MB hwm=4653MB
RSS_SAMPLE t=1492.6s rss=4653MB hwm=4653MB
RSS_SAMPLE t=1492.9s rss=4653MB hwm=4653MB
RSS_SAMPLE t=1493.1s rss=4653MB hwm=4653MB
RSS_SAMPLE t=1493.4s rss=4653MB hwm=4653MB
RSS_SAMPLE t=1493.6s rss=4654MB hwm=4654MB
RSS_SAMPLE t=1493.9s rss=4654MB hwm=4654MB
RSS_SAMPLE t=1494.1s rss=4654MB hwm=4654MB
RSS_SAMPLE t=1494.4s rss=4654MB hwm=4654MB
RSS_SAMPLE t=1494.6s rss=4654MB hwm=4654MB
RSS_SAMPLE t=1494.9s rss=4654MB hwm=4654MB
RSS_SAMPLE t=1495.1s rss=4654MB hwm=4654MB
RSS_SAMPLE t=1495.4s rss=4654MB hwm=4654MB
RSS_SAMPLE t=1495.6s rss=4654MB hwm=4654MB
RSS_SAMPLE t=1495.9s rss=4654MB hwm=4654MB
RSS_SAMPLE t=1496.1s rss=4655MB hwm=4655MB
RSS_SAMPLE t=1496.4s rss=4655MB hwm=4655MB
RSS_SAMPLE t=1496.6s rss=4655MB hwm=4655MB
RSS_SAMPLE t=1496.9s rss=4655MB hwm=4655MB
RSS_SAMPLE t=1497.1s rss=4655MB hwm=4655MB
RSS_SAMPLE t=1497.4s rss=4655MB hwm=4655MB
RSS_SAMPLE t=1497.6s rss=4655MB hwm=4655MB
RSS_SAMPLE t=1497.9s rss=4655MB hwm=4655MB
RSS_SAMPLE t=1498.1s rss=4655MB hwm=4655MB
RSS_SAMPLE t=1498.4s rss=4655MB hwm=4655MB
RSS_SAMPLE t=1498.6s rss=4656MB hwm=4656MB
RSS_SAMPLE t=1498.9s rss=4656MB hwm=4656MB
RSS_SAMPLE t=1499.1s rss=4656MB hwm=4656MB
RSS_SAMPLE t=1499.4s rss=4656MB hwm=4656MB
RSS_SAMPLE t=1499.6s rss=4656MB hwm=4656MB
RSS_SAMPLE t=1499.9s rss=4656MB hwm=4656MB
RSS_SAMPLE t=1500.2s rss=4656MB hwm=4656MB
RSS_SAMPLE t=1500.4s rss=4656MB hwm=4656MB
RSS_SAMPLE t=1500.7s rss=4657MB hwm=4657MB
RSS_SAMPLE t=1500.9s rss=4657MB hwm=4657MB
RSS_SAMPLE t=1501.2s rss=4657MB hwm=4657MB
RSS_SAMPLE t=1501.4s rss=4657MB hwm=4657MB
RSS_SAMPLE t=1501.7s rss=4657MB hwm=4657MB
RSS_SAMPLE t=1501.9s rss=4657MB hwm=4657MB
RSS_SAMPLE t=1502.2s rss=4657MB hwm=4657MB
RSS_SAMPLE t=1502.4s rss=4658MB hwm=4658MB
RSS_SAMPLE t=1502.7s rss=4658MB hwm=4658MB
RSS_SAMPLE t=1502.9s rss=4658MB hwm=4658MB
RSS_SAMPLE t=1503.2s rss=4658MB hwm=4658MB
RSS_SAMPLE t=1503.4s rss=4658MB hwm=4658MB
RSS_SAMPLE t=1503.7s rss=4659MB hwm=4659MB
RSS_SAMPLE t=1503.9s rss=4659MB hwm=4659MB
RSS_SAMPLE t=1504.2s rss=4659MB hwm=4659MB
RSS_SAMPLE t=1504.4s rss=4659MB hwm=4659MB
RSS_SAMPLE t=1504.7s rss=4659MB hwm=4659MB
RSS_SAMPLE t=1504.9s rss=4659MB hwm=4659MB
RSS_SAMPLE t=1505.2s rss=4660MB hwm=4660MB
RSS_SAMPLE t=1505.4s rss=4660MB hwm=4660MB
RSS_SAMPLE t=1505.7s rss=4660MB hwm=4660MB
RSS_SAMPLE t=1505.9s rss=4660MB hwm=4660MB
RSS_SAMPLE t=1506.2s rss=4661MB hwm=4661MB
RSS_SAMPLE t=1506.4s rss=4661MB hwm=4661MB
RSS_SAMPLE t=1506.7s rss=4661MB hwm=4661MB
RSS_SAMPLE t=1506.9s rss=4661MB hwm=4661MB
RSS_SAMPLE t=1507.2s rss=4661MB hwm=4661MB
RSS_SAMPLE t=1507.4s rss=4661MB hwm=4661MB
RSS_SAMPLE t=1507.7s rss=4661MB hwm=4661MB
RSS_SAMPLE t=1507.9s rss=4662MB hwm=4662MB
RSS_SAMPLE t=1508.2s rss=4662MB hwm=4662MB
RSS_SAMPLE t=1508.4s rss=4662MB hwm=4662MB
RSS_SAMPLE t=1508.7s rss=4662MB hwm=4662MB
RSS_SAMPLE t=1508.9s rss=4662MB hwm=4662MB
RSS_SAMPLE t=1509.2s rss=4662MB hwm=4662MB
RSS_SAMPLE t=1509.4s rss=4663MB hwm=4663MB
RSS_SAMPLE t=1509.7s rss=4663MB hwm=4663MB
RSS_SAMPLE t=1509.9s rss=4663MB hwm=4663MB
RSS_SAMPLE t=1510.2s rss=4663MB hwm=4663MB
RSS_SAMPLE t=1510.4s rss=4663MB hwm=4663MB
RSS_SAMPLE t=1510.7s rss=4663MB hwm=4663MB
RSS_SAMPLE t=1510.9s rss=4663MB hwm=4663MB
RSS_SAMPLE t=1511.2s rss=4663MB hwm=4663MB
RSS_SAMPLE t=1511.4s rss=4663MB hwm=4663MB
RSS_SAMPLE t=1511.7s rss=4663MB hwm=4663MB
RSS_SAMPLE t=1511.9s rss=4663MB hwm=4663MB
RSS_SAMPLE t=1512.2s rss=4663MB hwm=4663MB
RSS_SAMPLE t=1512.4s rss=4663MB hwm=4663MB
RSS_SAMPLE t=1512.7s rss=4663MB hwm=4663MB
RSS_SAMPLE t=1512.9s rss=4663MB hwm=4663MB
RSS_SAMPLE t=1513.2s rss=4663MB hwm=4663MB
RSS_SAMPLE t=1513.4s rss=4663MB hwm=4663MB
RSS_SAMPLE t=1513.7s rss=4663MB hwm=4663MB
RSS_SAMPLE t=1513.9s rss=4664MB hwm=4664MB
RSS_SAMPLE t=1514.2s rss=4664MB hwm=4664MB
RSS_SAMPLE t=1514.4s rss=4664MB hwm=4664MB
RSS_SAMPLE t=1514.7s rss=4664MB hwm=4664MB
RSS_SAMPLE t=1514.9s rss=4664MB hwm=4664MB
RSS_SAMPLE t=1515.2s rss=4664MB hwm=4664MB
RSS_SAMPLE t=1515.4s rss=4664MB hwm=4664MB
RSS_SAMPLE t=1515.7s rss=4664MB hwm=4664MB
RSS_SAMPLE t=1515.9s rss=4664MB hwm=4664MB
RSS_SAMPLE t=1516.2s rss=4664MB hwm=4664MB
RSS_SAMPLE t=1516.4s rss=4664MB hwm=4664MB
RSS_SAMPLE t=1516.7s rss=4664MB hwm=4664MB
RSS_SAMPLE t=1516.9s rss=4664MB hwm=4664MB
RSS_SAMPLE t=1517.2s rss=4664MB hwm=4664MB
RSS_SAMPLE t=1517.4s rss=4664MB hwm=4664MB
RSS_SAMPLE t=1517.7s rss=4664MB hwm=4664MB
RSS_SAMPLE t=1517.9s rss=4664MB hwm=4664MB
RSS_SAMPLE t=1518.2s rss=4664MB hwm=4664MB
RSS_SAMPLE t=1518.4s rss=4664MB hwm=4664MB
RSS_SAMPLE t=1518.7s rss=4664MB hwm=4664MB
RSS_SAMPLE t=1518.9s rss=4664MB hwm=4664MB
RSS_SAMPLE t=1519.2s rss=4664MB hwm=4664MB
RSS_SAMPLE t=1519.4s rss=4664MB hwm=4664MB
RSS_SAMPLE t=1519.7s rss=4664MB hwm=4664MB
RSS_SAMPLE t=1519.9s rss=4664MB hwm=4664MB
RSS_SAMPLE t=1520.2s rss=4664MB hwm=4664MB
RSS_SAMPLE t=1520.4s rss=4664MB hwm=4664MB
RSS_SAMPLE t=1520.7s rss=4664MB hwm=4664MB
RSS_SAMPLE t=1520.9s rss=4664MB hwm=4664MB
RSS_SAMPLE t=1521.2s rss=4664MB hwm=4664MB
RSS_SAMPLE t=1521.4s rss=4664MB hwm=4664MB
RSS_SAMPLE t=1521.7s rss=4664MB hwm=4664MB
RSS_SAMPLE t=1521.9s rss=4664MB hwm=4664MB
RSS_SAMPLE t=1522.2s rss=4664MB hwm=4664MB
RSS_SAMPLE t=1522.4s rss=4664MB hwm=4664MB
RSS_SAMPLE t=1522.7s rss=4664MB hwm=4664MB
RSS_SAMPLE t=1522.9s rss=4664MB hwm=4664MB
RSS_SAMPLE t=1523.2s rss=4664MB hwm=4664MB
RSS_SAMPLE t=1523.4s rss=4664MB hwm=4664MB
RSS_SAMPLE t=1523.7s rss=4664MB hwm=4664MB
RSS_SAMPLE t=1523.9s rss=4664MB hwm=4664MB
RSS_SAMPLE t=1524.2s rss=4664MB hwm=4664MB
RSS_SAMPLE t=1524.4s rss=4664MB hwm=4664MB
RSS_SAMPLE t=1524.7s rss=4664MB hwm=4664MB
RSS_SAMPLE t=1524.9s rss=4664MB hwm=4664MB
RSS_SAMPLE t=1525.2s rss=4664MB hwm=4664MB
RSS_SAMPLE t=1525.4s rss=4664MB hwm=4664MB
RSS_SAMPLE t=1525.7s rss=4664MB hwm=4664MB
RSS_SAMPLE t=1525.9s rss=4664MB hwm=4664MB
RSS_SAMPLE t=1526.2s rss=4664MB hwm=4664MB
RSS_SAMPLE t=1526.4s rss=4664MB hwm=4664MB
RSS_SAMPLE t=1526.7s rss=4664MB hwm=4664MB
RSS_SAMPLE t=1526.9s rss=4664MB hwm=4664MB
RSS_SAMPLE t=1527.2s rss=4664MB hwm=4664MB
RSS_SAMPLE t=1527.4s rss=4664MB hwm=4664MB
RSS_SAMPLE t=1527.7s rss=4664MB hwm=4664MB
RSS_SAMPLE t=1527.9s rss=4664MB hwm=4664MB
RSS_SAMPLE t=1528.2s rss=4664MB hwm=4664MB
RSS_SAMPLE t=1528.4s rss=4664MB hwm=4664MB
RSS_SAMPLE t=1528.7s rss=4664MB hwm=4664MB
RSS_SAMPLE t=1528.9s rss=4664MB hwm=4664MB
RSS_SAMPLE t=1529.2s rss=4664MB hwm=4664MB
RSS_SAMPLE t=1529.4s rss=4664MB hwm=4664MB
RSS_SAMPLE t=1529.7s rss=4664MB hwm=4664MB
RSS_SAMPLE t=1529.9s rss=4664MB hwm=4664MB
RSS_SAMPLE t=1530.2s rss=4664MB hwm=4664MB
RSS_SAMPLE t=1530.4s rss=4664MB hwm=4664MB
RSS_SAMPLE t=1530.7s rss=4664MB hwm=4664MB
RSS_SAMPLE t=1530.9s rss=4664MB hwm=4664MB
RSS_SAMPLE t=1531.2s rss=4664MB hwm=4664MB
RSS_SAMPLE t=1531.4s rss=4664MB hwm=4664MB
RSS_SAMPLE t=1531.7s rss=4664MB hwm=4664MB
RSS_SAMPLE t=1531.9s rss=4664MB hwm=4664MB
RSS_SAMPLE t=1532.2s rss=4664MB hwm=4664MB
RSS_SAMPLE t=1532.4s rss=4664MB hwm=4664MB
RSS_SAMPLE t=1532.7s rss=4664MB hwm=4664MB
RSS_SAMPLE t=1532.9s rss=4664MB hwm=4664MB
RSS_SAMPLE t=1533.2s rss=4664MB hwm=4664MB
RSS_SAMPLE t=1533.4s rss=4664MB hwm=4664MB
RSS_SAMPLE t=1533.7s rss=4664MB hwm=4664MB
RSS_SAMPLE t=1533.9s rss=4664MB hwm=4664MB
RSS_SAMPLE t=1534.2s rss=4664MB hwm=4664MB
RSS_SAMPLE t=1534.4s rss=4664MB hwm=4664MB
RSS_SAMPLE t=1534.7s rss=4664MB hwm=4664MB
RSS_SAMPLE t=1534.9s rss=4664MB hwm=4664MB
RSS_SAMPLE t=1535.2s rss=4664MB hwm=4664MB
RSS_SAMPLE t=1535.4s rss=4664MB hwm=4664MB
RSS_SAMPLE t=1535.7s rss=4664MB hwm=4664MB
RSS_SAMPLE t=1535.9s rss=4664MB hwm=4664MB
RSS_SAMPLE t=1536.2s rss=4664MB hwm=4664MB
RSS_SAMPLE t=1536.4s rss=4664MB hwm=4664MB
RSS_SAMPLE t=1536.7s rss=4664MB hwm=4664MB
RSS_SAMPLE t=1536.9s rss=4664MB hwm=4664MB
RSS_SAMPLE t=1537.2s rss=4664MB hwm=4664MB
RSS_SAMPLE t=1537.4s rss=4664MB hwm=4664MB
RSS_SAMPLE t=1537.7s rss=4664MB hwm=4664MB
RSS_SAMPLE t=1537.9s rss=4664MB hwm=4664MB
RSS_SAMPLE t=1538.2s rss=4664MB hwm=4664MB
RSS_SAMPLE t=1538.4s rss=4664MB hwm=4664MB
RSS_SAMPLE t=1538.7s rss=4664MB hwm=4664MB
RSS_SAMPLE t=1538.9s rss=4664MB hwm=4664MB
RSS_SAMPLE t=1539.2s rss=4664MB hwm=4664MB
RSS_SAMPLE t=1539.4s rss=4664MB hwm=4664MB
RSS_SAMPLE t=1539.7s rss=4664MB hwm=4664MB
RSS_SAMPLE t=1539.9s rss=4664MB hwm=4664MB
RSS_SAMPLE t=1540.2s rss=4664MB hwm=4664MB
RSS_SAMPLE t=1540.4s rss=4664MB hwm=4664MB
RSS_SAMPLE t=1540.7s rss=4664MB hwm=4664MB
RSS_SAMPLE t=1540.9s rss=4664MB hwm=4664MB
RSS_SAMPLE t=1541.2s rss=4664MB hwm=4664MB
RSS_SAMPLE t=1541.4s rss=4664MB hwm=4664MB
RSS_SAMPLE t=1541.7s rss=4664MB hwm=4664MB
RSS_SAMPLE t=1541.9s rss=4664MB hwm=4664MB
RSS_SAMPLE t=1542.2s rss=4664MB hwm=4664MB
RSS_SAMPLE t=1542.4s rss=4664MB hwm=4664MB
RSS_SAMPLE t=1542.7s rss=4664MB hwm=4664MB
RSS_SAMPLE t=1542.9s rss=4664MB hwm=4664MB
RSS_SAMPLE t=1543.2s rss=4664MB hwm=4664MB
RSS_SAMPLE t=1543.4s rss=4664MB hwm=4664MB
RSS_SAMPLE t=1543.7s rss=4664MB hwm=4664MB
RSS_SAMPLE t=1543.9s rss=4664MB hwm=4664MB
RSS_SAMPLE t=1544.2s rss=4664MB hwm=4664MB
RSS_SAMPLE t=1544.4s rss=4664MB hwm=4664MB
RSS_SAMPLE t=1544.7s rss=4664MB hwm=4664MB
RSS_SAMPLE t=1544.9s rss=4664MB hwm=4664MB
RSS_SAMPLE t=1545.2s rss=4664MB hwm=4664MB
RSS_SAMPLE t=1545.4s rss=4664MB hwm=4664MB
RSS_SAMPLE t=1545.7s rss=4664MB hwm=4664MB
RSS_SAMPLE t=1546.0s rss=4664MB hwm=4664MB
RSS_SAMPLE t=1546.2s rss=4664MB hwm=4664MB
RSS_SAMPLE t=1546.5s rss=4664MB hwm=4664MB
RSS_SAMPLE t=1546.7s rss=4664MB hwm=4664MB
RSS_SAMPLE t=1547.0s rss=4664MB hwm=4664MB
RSS_SAMPLE t=1547.2s rss=4664MB hwm=4664MB
RSS_SAMPLE t=1547.5s rss=4664MB hwm=4664MB
RSS_SAMPLE t=1547.7s rss=4664MB hwm=4664MB
RSS_SAMPLE t=1548.0s rss=4664MB hwm=4664MB
RSS_SAMPLE t=1548.2s rss=4664MB hwm=4664MB
RSS_SAMPLE t=1548.5s rss=4664MB hwm=4664MB
RSS_SAMPLE t=1548.7s rss=4664MB hwm=4664MB
RSS_SAMPLE t=1549.0s rss=4664MB hwm=4664MB
RSS_SAMPLE t=1549.2s rss=4664MB hwm=4664MB
RSS_SAMPLE t=1549.5s rss=4664MB hwm=4664MB
RSS_SAMPLE t=1549.7s rss=4664MB hwm=4664MB
RSS_SAMPLE t=1550.0s rss=4664MB hwm=4664MB
RSS_SAMPLE t=1550.2s rss=4664MB hwm=4664MB
RSS_SAMPLE t=1550.5s rss=4664MB hwm=4664MB
RSS_SAMPLE t=1550.7s rss=4664MB hwm=4664MB
RSS_SAMPLE t=1551.0s rss=4664MB hwm=4664MB
RSS_SAMPLE t=1551.2s rss=4664MB hwm=4664MB
RSS_SAMPLE t=1551.5s rss=4664MB hwm=4664MB
RSS_SAMPLE t=1551.7s rss=4664MB hwm=4664MB
RSS_SAMPLE t=1552.0s rss=4664MB hwm=4664MB
RSS_SAMPLE t=1552.2s rss=4664MB hwm=4664MB
RSS_SAMPLE t=1552.5s rss=4664MB hwm=4664MB
RSS_SAMPLE t=1552.7s rss=4664MB hwm=4664MB
RSS_SAMPLE t=1553.0s rss=4664MB hwm=4664MB
RSS_SAMPLE t=1553.2s rss=4664MB hwm=4664MB
RSS_SAMPLE t=1553.5s rss=4664MB hwm=4664MB
RSS_SAMPLE t=1553.7s rss=4664MB hwm=4664MB
RSS_SAMPLE t=1554.0s rss=4664MB hwm=4664MB
RSS_SAMPLE t=1554.2s rss=4664MB hwm=4664MB
RSS_SAMPLE t=1554.5s rss=4664MB hwm=4664MB
RSS_SAMPLE t=1554.7s rss=4664MB hwm=4664MB
RSS_SAMPLE t=1555.0s rss=4664MB hwm=4664MB
RSS_SAMPLE t=1555.2s rss=4664MB hwm=4664MB
RSS_SAMPLE t=1555.5s rss=4664MB hwm=4664MB
RSS_SAMPLE t=1555.7s rss=4664MB hwm=4664MB
RSS_SAMPLE t=1556.0s rss=4664MB hwm=4664MB
RSS_SAMPLE t=1556.2s rss=4664MB hwm=4664MB
RSS_SAMPLE t=1556.5s rss=4664MB hwm=4664MB
RSS_SAMPLE t=1556.7s rss=4664MB hwm=4664MB
RSS_SAMPLE t=1557.0s rss=4664MB hwm=4664MB
RSS_SAMPLE t=1557.2s rss=4664MB hwm=4664MB
RSS_SAMPLE t=1557.5s rss=4664MB hwm=4664MB
RSS_SAMPLE t=1557.7s rss=4664MB hwm=4664MB
RSS_SAMPLE t=1558.0s rss=4664MB hwm=4664MB
RSS_SAMPLE t=1558.2s rss=4664MB hwm=4664MB
RSS_SAMPLE t=1558.5s rss=4664MB hwm=4664MB
RSS_SAMPLE t=1558.7s rss=4664MB hwm=4664MB
RSS_SAMPLE t=1559.0s rss=4664MB hwm=4664MB
RSS_SAMPLE t=1559.2s rss=4664MB hwm=4664MB
RSS_SAMPLE t=1559.5s rss=4664MB hwm=4664MB
RSS_SAMPLE t=1559.7s rss=4664MB hwm=4664MB
RSS_SAMPLE t=1560.0s rss=4664MB hwm=4664MB
RSS_SAMPLE t=1560.2s rss=4664MB hwm=4664MB
RSS_SAMPLE t=1560.5s rss=4664MB hwm=4664MB
RSS_SAMPLE t=1560.7s rss=4664MB hwm=4664MB
RSS_SAMPLE t=1561.0s rss=4664MB hwm=4664MB
RSS_SAMPLE t=1561.2s rss=4664MB hwm=4664MB
RSS_SAMPLE t=1561.5s rss=4664MB hwm=4664MB
RSS_SAMPLE t=1561.7s rss=4664MB hwm=4664MB
RSS_SAMPLE t=1562.0s rss=4664MB hwm=4664MB
RSS_SAMPLE t=1562.2s rss=4664MB hwm=4664MB
RSS_SAMPLE t=1562.5s rss=4664MB hwm=4664MB
RSS_SAMPLE t=1562.7s rss=4664MB hwm=4664MB
RSS_SAMPLE t=1563.0s rss=4664MB hwm=4664MB
RSS_SAMPLE t=1563.2s rss=4664MB hwm=4664MB
RSS_SAMPLE t=1563.5s rss=4664MB hwm=4664MB
RSS_SAMPLE t=1563.7s rss=4664MB hwm=4664MB
RSS_SAMPLE t=1564.0s rss=4664MB hwm=4664MB
RSS_SAMPLE t=1564.2s rss=4664MB hwm=4664MB
RSS_SAMPLE t=1564.5s rss=4664MB hwm=4664MB
RSS_SAMPLE t=1564.7s rss=4664MB hwm=4664MB
RSS_SAMPLE t=1565.0s rss=4664MB hwm=4664MB
RSS_SAMPLE t=1565.2s rss=4664MB hwm=4664MB
RSS_SAMPLE t=1565.5s rss=4664MB hwm=4664MB
RSS_SAMPLE t=1565.7s rss=4664MB hwm=4664MB
RSS_SAMPLE t=1566.0s rss=4664MB hwm=4664MB
RSS_SAMPLE t=1566.2s rss=4664MB hwm=4664MB
RSS_SAMPLE t=1566.5s rss=4664MB hwm=4664MB
RSS_SAMPLE t=1566.7s rss=4664MB hwm=4664MB
RSS_SAMPLE t=1567.0s rss=4664MB hwm=4664MB
RSS_SAMPLE t=1567.2s rss=4664MB hwm=4664MB
RSS_SAMPLE t=1567.5s rss=4664MB hwm=4664MB
RSS_SAMPLE t=1567.7s rss=4664MB hwm=4664MB
RSS_SAMPLE t=1568.0s rss=4664MB hwm=4664MB
RSS_SAMPLE t=1568.2s rss=4664MB hwm=4664MB
RSS_SAMPLE t=1568.5s rss=4664MB hwm=4664MB
RSS_SAMPLE t=1568.7s rss=4664MB hwm=4664MB
MEM_POOL: workspaces=32 dense_usage_mb=1251 n_pipes=2562403
    post_solve_diag[outer=8]: solves=105117 cap_armed=105117 (100.0%) settle_avg=6660 above_sink_avg=207 (3.1%) settle_max=69353
    load_support[outer=8]: settle_avg=6660 load_nz_avg=5715 (85.8%) load_material_avg=3363 (50.5%)
    prune_ceiling[outer=8]: settle_avg=6660 heuristic_prunable_avg=771 (11.6%) vs oracle_zero_load=14.2%
    settle_hist[outer=8]: <100: 26009nets/0.1%work  <1k: 22905nets/1.2%work  <5k: 24353nets/9.1%work  <20k: 19281nets/29.3%work  <60k: 12152nets/56.4%work  >=60k: 417nets/3.8%work
    fanout_hist[outer=8]: fan1: 43710nets/13.6%work  fan2-4: 48279nets/50.2%work  fan5-16: 12974nets/35.2%work  fan17-64: 154nets/0.9%work  fan65-256: 0nets/0.0%work  fan>256: 0nets/0.0%work
    rss_probe[outer=8]: pre_post_solve=4594MB post_post_solve=4664MB after_apply=4664MB
RSS_SAMPLE t=1569.0s rss=4664MB hwm=4664MB
RSS_SAMPLE t=1569.2s rss=4664MB hwm=4664MB
    E_decomp: base=11420093.8 eff=10504514332977.6 cong=10504502912883.8 cong_share=100.0% sat_pipes=327825 max_util=936.49  R_buckets: 1-2x=1150711 2-10x=1311157 10-100x=34453 >=100x=66082
    E_potential: beckmann=38361353974225.9 history_total=0.0
    SpanCache: epoch=9 entries=2105 lookups=2562403 hits=2560298 misses=2105 hit_rate=99.9%
  DCD   8: nets=105117 line=13555274 energy=20555873652.252 dE=+13381735014.162 friction=4226380.3 bins=2.0x(282) excess=101.9 moved=67315 disp=5.832 solves=105117 skip=105117 pops=700110653 theta=0.883 refresh=163473ms dcd=11971ms total=179728ms
    cache_stats: entries=62788530 capacity=117602996 est_mb=1014 rss_mb=4664
RSS_SAMPLE t=1569.5s rss=4664MB hwm=4664MB
RSS_SAMPLE t=1569.7s rss=4665MB hwm=4665MB
RSS_SAMPLE t=1570.0s rss=4665MB hwm=4665MB
RSS_SAMPLE t=1570.2s rss=4665MB hwm=4665MB
RSS_SAMPLE t=1570.5s rss=4665MB hwm=4665MB
RSS_SAMPLE t=1570.7s rss=4665MB hwm=4665MB
RSS_SAMPLE t=1571.0s rss=4665MB hwm=4665MB
RSS_SAMPLE t=1571.2s rss=4665MB hwm=4665MB
RSS_SAMPLE t=1571.5s rss=4665MB hwm=4665MB
RSS_SAMPLE t=1571.7s rss=4665MB hwm=4665MB
RSS_SAMPLE t=1572.0s rss=4665MB hwm=4665MB
RSS_SAMPLE t=1572.2s rss=4665MB hwm=4665MB
RSS_SAMPLE t=1572.5s rss=4665MB hwm=4665MB
RSS_SAMPLE t=1572.7s rss=4665MB hwm=4665MB
RSS_SAMPLE t=1573.0s rss=4665MB hwm=4665MB
RSS_SAMPLE t=1573.2s rss=4665MB hwm=4665MB
RSS_SAMPLE t=1573.5s rss=4665MB hwm=4665MB
RSS_SAMPLE t=1573.7s rss=4665MB hwm=4665MB
RSS_SAMPLE t=1574.0s rss=4665MB hwm=4665MB
RSS_SAMPLE t=1574.2s rss=4665MB hwm=4665MB
RSS_SAMPLE t=1574.5s rss=4665MB hwm=4665MB
RSS_SAMPLE t=1574.7s rss=4665MB hwm=4665MB
RSS_SAMPLE t=1575.0s rss=4665MB hwm=4665MB
    SwitchMatrix: type_usage_pairs=778 lookups=2273 hits=1495 dijkstra_calls=778 avg_us=30.4 total_ms=23.7
PHASE_MARK outer=9 enter=pre_solve rss=4665MB
    rss_probe[outer=9]: pre_refresh_rss=4665MB post_pre_solve_rss=4665MB cache_entries=62788530 cache_cap=117602996 cache_est_mb=1014
    pre_solve_diag[outer=9]: solves=0 fallback=0 (0.0%) cap_armed=0 (0.0%) settle_avg=0 settle_max=0 init_count=197
    Overflow: over=277875 (10.8% of used) avg_excess=2.01 max_excess=3363.35 (nc=3387.35 cap=24 span=1)  excess_buckets: <=1=165023 1-5=91154 5-20=18907 >20=2791  by_cap: cap1=122532 cap2=146389 cap3-5=351 cap>5=8603  by_span: s1=459 s2-3=1251 s4-6=7157 s7-12=140507 s>12=128501  le1_cross: cap1=95784 cap2-5=67627 cap>5=1612
    Congestion: pipes=2562403 used=2562403 congested(>50%)=700331 saturated(>90%)=327825 max_util=936.49 avg_util=0.4573
PHASE_MARK outer=9 enter=dcd_sweep rss=4665MB
RSS_SAMPLE t=1575.2s rss=4665MB hwm=4665MB
RSS_SAMPLE t=1575.5s rss=4665MB hwm=4665MB
RSS_SAMPLE t=1575.7s rss=4665MB hwm=4665MB
RSS_SAMPLE t=1576.0s rss=4665MB hwm=4665MB
RSS_SAMPLE t=1576.2s rss=4665MB hwm=4665MB
RSS_SAMPLE t=1576.5s rss=4665MB hwm=4665MB
RSS_SAMPLE t=1576.7s rss=4665MB hwm=4665MB
RSS_SAMPLE t=1577.0s rss=4665MB hwm=4665MB
RSS_SAMPLE t=1577.2s rss=4665MB hwm=4665MB
RSS_SAMPLE t=1577.5s rss=4665MB hwm=4665MB
RSS_SAMPLE t=1577.7s rss=4665MB hwm=4665MB
RSS_SAMPLE t=1578.0s rss=4665MB hwm=4665MB
RSS_SAMPLE t=1578.3s rss=4665MB hwm=4665MB
RSS_SAMPLE t=1578.5s rss=4665MB hwm=4665MB
RSS_SAMPLE t=1578.8s rss=4665MB hwm=4665MB
RSS_SAMPLE t=1579.0s rss=4665MB hwm=4665MB
RSS_SAMPLE t=1579.3s rss=4665MB hwm=4665MB
RSS_SAMPLE t=1579.5s rss=4665MB hwm=4665MB
RSS_SAMPLE t=1579.8s rss=4665MB hwm=4665MB
RSS_SAMPLE t=1580.0s rss=4665MB hwm=4665MB
RSS_SAMPLE t=1580.3s rss=4665MB hwm=4665MB
RSS_SAMPLE t=1580.5s rss=4665MB hwm=4665MB
RSS_SAMPLE t=1580.8s rss=4665MB hwm=4665MB
RSS_SAMPLE t=1581.0s rss=4665MB hwm=4665MB
RSS_SAMPLE t=1581.3s rss=4665MB hwm=4665MB
RSS_SAMPLE t=1581.5s rss=4665MB hwm=4665MB
RSS_SAMPLE t=1581.8s rss=4665MB hwm=4665MB
RSS_SAMPLE t=1582.0s rss=4665MB hwm=4665MB
RSS_SAMPLE t=1582.3s rss=4665MB hwm=4665MB
RSS_SAMPLE t=1582.5s rss=4665MB hwm=4665MB
RSS_SAMPLE t=1582.8s rss=4665MB hwm=4665MB
RSS_SAMPLE t=1583.0s rss=4665MB hwm=4665MB
RSS_SAMPLE t=1583.3s rss=4665MB hwm=4665MB
RSS_SAMPLE t=1583.5s rss=4665MB hwm=4665MB
RSS_SAMPLE t=1583.8s rss=4665MB hwm=4665MB
RSS_SAMPLE t=1584.0s rss=4665MB hwm=4665MB
RSS_SAMPLE t=1584.3s rss=4665MB hwm=4665MB
RSS_SAMPLE t=1584.5s rss=4665MB hwm=4665MB
RSS_SAMPLE t=1584.8s rss=4665MB hwm=4665MB
RSS_SAMPLE t=1585.0s rss=4665MB hwm=4665MB
RSS_SAMPLE t=1585.3s rss=4665MB hwm=4665MB
RSS_SAMPLE t=1585.5s rss=4665MB hwm=4665MB
RSS_SAMPLE t=1585.8s rss=4665MB hwm=4665MB
RSS_SAMPLE t=1586.0s rss=4665MB hwm=4665MB
RSS_SAMPLE t=1586.3s rss=4665MB hwm=4665MB
RSS_SAMPLE t=1586.5s rss=4665MB hwm=4665MB
RSS_SAMPLE t=1586.8s rss=4665MB hwm=4665MB
RSS_SAMPLE t=1587.0s rss=4665MB hwm=4665MB
RSS_SAMPLE t=1587.3s rss=4665MB hwm=4665MB
RSS_SAMPLE t=1587.5s rss=4665MB hwm=4665MB
RSS_SAMPLE t=1587.8s rss=4665MB hwm=4665MB
RSS_SAMPLE t=1588.0s rss=4665MB hwm=4665MB
RSS_SAMPLE t=1588.3s rss=4665MB hwm=4665MB
RSS_SAMPLE t=1588.5s rss=4665MB hwm=4665MB
RSS_SAMPLE t=1588.8s rss=4665MB hwm=4665MB
RSS_SAMPLE t=1589.0s rss=4665MB hwm=4665MB
RSS_SAMPLE t=1589.3s rss=4665MB hwm=4665MB
RSS_SAMPLE t=1589.5s rss=4665MB hwm=4665MB
RSS_SAMPLE t=1589.8s rss=4665MB hwm=4665MB
RSS_SAMPLE t=1590.0s rss=4665MB hwm=4665MB
RSS_SAMPLE t=1590.3s rss=4665MB hwm=4665MB
RSS_SAMPLE t=1590.5s rss=4665MB hwm=4665MB
RSS_SAMPLE t=1590.8s rss=4665MB hwm=4665MB
RSS_SAMPLE t=1591.0s rss=4665MB hwm=4665MB
RSS_SAMPLE t=1591.3s rss=4665MB hwm=4665MB
PHASE_MARK outer=9 leave=dcd_sweep rss=4665MB
PHASE_MARK outer=9 enter=post_refresh rss=4665MB
RSS_SAMPLE t=1591.5s rss=4667MB hwm=4667MB
RSS_SAMPLE t=1591.8s rss=4667MB hwm=4667MB
RSS_SAMPLE t=1592.0s rss=4667MB hwm=4667MB
RSS_SAMPLE t=1592.3s rss=4667MB hwm=4667MB
RSS_SAMPLE t=1592.5s rss=4667MB hwm=4667MB
RSS_SAMPLE t=1592.8s rss=4667MB hwm=4667MB
RSS_SAMPLE t=1593.0s rss=4667MB hwm=4667MB
RSS_SAMPLE t=1593.3s rss=4667MB hwm=4667MB
RSS_SAMPLE t=1593.5s rss=4667MB hwm=4667MB
RSS_SAMPLE t=1593.8s rss=4667MB hwm=4667MB
RSS_SAMPLE t=1594.0s rss=4667MB hwm=4667MB
RSS_SAMPLE t=1594.3s rss=4667MB hwm=4667MB
RSS_SAMPLE t=1594.5s rss=4667MB hwm=4667MB
RSS_SAMPLE t=1594.8s rss=4668MB hwm=4668MB
RSS_SAMPLE t=1595.0s rss=4668MB hwm=4668MB
RSS_SAMPLE t=1595.3s rss=4668MB hwm=4668MB
RSS_SAMPLE t=1595.5s rss=4668MB hwm=4668MB
RSS_SAMPLE t=1595.8s rss=4668MB hwm=4668MB
RSS_SAMPLE t=1596.0s rss=4668MB hwm=4668MB
RSS_SAMPLE t=1596.3s rss=4668MB hwm=4668MB
RSS_SAMPLE t=1596.5s rss=4669MB hwm=4669MB
RSS_SAMPLE t=1596.8s rss=4669MB hwm=4669MB
RSS_SAMPLE t=1597.0s rss=4669MB hwm=4669MB
RSS_SAMPLE t=1597.3s rss=4669MB hwm=4669MB
RSS_SAMPLE t=1597.5s rss=4669MB hwm=4669MB
RSS_SAMPLE t=1597.8s rss=4670MB hwm=4670MB
RSS_SAMPLE t=1598.0s rss=4670MB hwm=4670MB
RSS_SAMPLE t=1598.3s rss=4670MB hwm=4670MB
RSS_SAMPLE t=1598.5s rss=4670MB hwm=4670MB
RSS_SAMPLE t=1598.8s rss=4670MB hwm=4670MB
RSS_SAMPLE t=1599.0s rss=4670MB hwm=4670MB
RSS_SAMPLE t=1599.3s rss=4671MB hwm=4671MB
RSS_SAMPLE t=1599.5s rss=4671MB hwm=4671MB
RSS_SAMPLE t=1599.8s rss=4671MB hwm=4671MB
RSS_SAMPLE t=1600.0s rss=4671MB hwm=4671MB
RSS_SAMPLE t=1600.3s rss=4671MB hwm=4671MB
RSS_SAMPLE t=1600.5s rss=4672MB hwm=4672MB
RSS_SAMPLE t=1600.8s rss=4672MB hwm=4672MB
RSS_SAMPLE t=1601.0s rss=4672MB hwm=4672MB
RSS_SAMPLE t=1601.3s rss=4672MB hwm=4672MB
RSS_SAMPLE t=1601.5s rss=4672MB hwm=4672MB
RSS_SAMPLE t=1601.8s rss=4672MB hwm=4672MB
RSS_SAMPLE t=1602.0s rss=4673MB hwm=4673MB
RSS_SAMPLE t=1602.3s rss=4673MB hwm=4673MB
RSS_SAMPLE t=1602.5s rss=4673MB hwm=4673MB
RSS_SAMPLE t=1602.8s rss=4673MB hwm=4673MB
RSS_SAMPLE t=1603.0s rss=4674MB hwm=4674MB
RSS_SAMPLE t=1603.3s rss=4674MB hwm=4674MB
RSS_SAMPLE t=1603.5s rss=4674MB hwm=4674MB
RSS_SAMPLE t=1603.8s rss=4674MB hwm=4674MB
RSS_SAMPLE t=1604.0s rss=4674MB hwm=4674MB
RSS_SAMPLE t=1604.3s rss=4675MB hwm=4675MB
RSS_SAMPLE t=1604.5s rss=4675MB hwm=4675MB
RSS_SAMPLE t=1604.8s rss=4675MB hwm=4675MB
RSS_SAMPLE t=1605.0s rss=4675MB hwm=4675MB
RSS_SAMPLE t=1605.3s rss=4676MB hwm=4676MB
RSS_SAMPLE t=1605.5s rss=4676MB hwm=4676MB
RSS_SAMPLE t=1605.8s rss=4676MB hwm=4676MB
RSS_SAMPLE t=1606.0s rss=4676MB hwm=4676MB
RSS_SAMPLE t=1606.3s rss=4677MB hwm=4677MB
RSS_SAMPLE t=1606.5s rss=4677MB hwm=4677MB
RSS_SAMPLE t=1606.8s rss=4677MB hwm=4677MB
RSS_SAMPLE t=1607.0s rss=4677MB hwm=4677MB
RSS_SAMPLE t=1607.3s rss=4677MB hwm=4677MB
RSS_SAMPLE t=1607.5s rss=4678MB hwm=4678MB
RSS_SAMPLE t=1607.8s rss=4678MB hwm=4678MB
RSS_SAMPLE t=1608.0s rss=4678MB hwm=4678MB
RSS_SAMPLE t=1608.3s rss=4678MB hwm=4678MB
RSS_SAMPLE t=1608.5s rss=4678MB hwm=4678MB
RSS_SAMPLE t=1608.8s rss=4678MB hwm=4678MB
RSS_SAMPLE t=1609.0s rss=4678MB hwm=4678MB
RSS_SAMPLE t=1609.3s rss=4679MB hwm=4679MB
RSS_SAMPLE t=1609.5s rss=4679MB hwm=4679MB
RSS_SAMPLE t=1609.8s rss=4679MB hwm=4679MB
RSS_SAMPLE t=1610.1s rss=4679MB hwm=4679MB
RSS_SAMPLE t=1610.3s rss=4680MB hwm=4680MB
RSS_SAMPLE t=1610.6s rss=4680MB hwm=4680MB
RSS_SAMPLE t=1610.8s rss=4680MB hwm=4680MB
RSS_SAMPLE t=1611.1s rss=4680MB hwm=4680MB
RSS_SAMPLE t=1611.3s rss=4681MB hwm=4681MB
RSS_SAMPLE t=1611.6s rss=4681MB hwm=4681MB
RSS_SAMPLE t=1611.8s rss=4681MB hwm=4681MB
RSS_SAMPLE t=1612.1s rss=4682MB hwm=4682MB
RSS_SAMPLE t=1612.3s rss=4682MB hwm=4682MB
RSS_SAMPLE t=1612.6s rss=4682MB hwm=4682MB
RSS_SAMPLE t=1612.8s rss=4682MB hwm=4682MB
RSS_SAMPLE t=1613.1s rss=4683MB hwm=4683MB
RSS_SAMPLE t=1613.3s rss=4683MB hwm=4683MB
RSS_SAMPLE t=1613.6s rss=4683MB hwm=4683MB
RSS_SAMPLE t=1613.8s rss=4683MB hwm=4683MB
RSS_SAMPLE t=1614.1s rss=4683MB hwm=4683MB
RSS_SAMPLE t=1614.3s rss=4683MB hwm=4683MB
RSS_SAMPLE t=1614.6s rss=4683MB hwm=4683MB
RSS_SAMPLE t=1614.8s rss=4684MB hwm=4684MB
RSS_SAMPLE t=1615.1s rss=4684MB hwm=4684MB
RSS_SAMPLE t=1615.3s rss=4684MB hwm=4684MB
RSS_SAMPLE t=1615.6s rss=4684MB hwm=4684MB
RSS_SAMPLE t=1615.8s rss=4684MB hwm=4684MB
RSS_SAMPLE t=1616.1s rss=4685MB hwm=4685MB
RSS_SAMPLE t=1616.3s rss=4685MB hwm=4685MB
RSS_SAMPLE t=1616.6s rss=4685MB hwm=4685MB
RSS_SAMPLE t=1616.8s rss=4686MB hwm=4686MB
RSS_SAMPLE t=1617.1s rss=4686MB hwm=4686MB
RSS_SAMPLE t=1617.3s rss=4686MB hwm=4686MB
RSS_SAMPLE t=1617.6s rss=4686MB hwm=4686MB
RSS_SAMPLE t=1617.8s rss=4686MB hwm=4686MB
RSS_SAMPLE t=1618.1s rss=4686MB hwm=4686MB
RSS_SAMPLE t=1618.3s rss=4686MB hwm=4686MB
RSS_SAMPLE t=1618.6s rss=4686MB hwm=4686MB
RSS_SAMPLE t=1618.8s rss=4686MB hwm=4686MB
RSS_SAMPLE t=1619.1s rss=4687MB hwm=4687MB
RSS_SAMPLE t=1619.3s rss=4687MB hwm=4687MB
RSS_SAMPLE t=1619.6s rss=4687MB hwm=4687MB
RSS_SAMPLE t=1619.8s rss=4687MB hwm=4687MB
RSS_SAMPLE t=1620.1s rss=4687MB hwm=4687MB
RSS_SAMPLE t=1620.3s rss=4687MB hwm=4687MB
RSS_SAMPLE t=1620.6s rss=4688MB hwm=4688MB
RSS_SAMPLE t=1620.8s rss=4688MB hwm=4688MB
RSS_SAMPLE t=1621.1s rss=4688MB hwm=4688MB
RSS_SAMPLE t=1621.3s rss=4688MB hwm=4688MB
RSS_SAMPLE t=1621.6s rss=4688MB hwm=4688MB
RSS_SAMPLE t=1621.8s rss=4689MB hwm=4689MB
RSS_SAMPLE t=1622.1s rss=4689MB hwm=4689MB
RSS_SAMPLE t=1622.3s rss=4689MB hwm=4689MB
RSS_SAMPLE t=1622.6s rss=4689MB hwm=4689MB
RSS_SAMPLE t=1622.8s rss=4689MB hwm=4689MB
RSS_SAMPLE t=1623.1s rss=4690MB hwm=4690MB
RSS_SAMPLE t=1623.3s rss=4690MB hwm=4690MB
RSS_SAMPLE t=1623.6s rss=4690MB hwm=4690MB
RSS_SAMPLE t=1623.8s rss=4690MB hwm=4690MB
RSS_SAMPLE t=1624.1s rss=4691MB hwm=4691MB
RSS_SAMPLE t=1624.3s rss=4691MB hwm=4691MB
RSS_SAMPLE t=1624.6s rss=4691MB hwm=4691MB
RSS_SAMPLE t=1624.8s rss=4691MB hwm=4691MB
RSS_SAMPLE t=1625.1s rss=4692MB hwm=4692MB
RSS_SAMPLE t=1625.3s rss=4692MB hwm=4692MB
RSS_SAMPLE t=1625.6s rss=4692MB hwm=4692MB
RSS_SAMPLE t=1625.8s rss=4692MB hwm=4692MB
RSS_SAMPLE t=1626.1s rss=4692MB hwm=4692MB
RSS_SAMPLE t=1626.3s rss=4693MB hwm=4693MB
RSS_SAMPLE t=1626.6s rss=4693MB hwm=4693MB
RSS_SAMPLE t=1626.8s rss=4693MB hwm=4693MB
RSS_SAMPLE t=1627.1s rss=4693MB hwm=4693MB
RSS_SAMPLE t=1627.3s rss=4693MB hwm=4693MB
RSS_SAMPLE t=1627.6s rss=4694MB hwm=4694MB
RSS_SAMPLE t=1627.8s rss=4694MB hwm=4694MB
RSS_SAMPLE t=1628.1s rss=4694MB hwm=4694MB
RSS_SAMPLE t=1628.3s rss=4694MB hwm=4694MB
RSS_SAMPLE t=1628.6s rss=4694MB hwm=4694MB
RSS_SAMPLE t=1628.8s rss=4695MB hwm=4695MB
RSS_SAMPLE t=1629.1s rss=4695MB hwm=4695MB
RSS_SAMPLE t=1629.3s rss=4695MB hwm=4695MB
RSS_SAMPLE t=1629.6s rss=4695MB hwm=4695MB
RSS_SAMPLE t=1629.8s rss=4695MB hwm=4695MB
RSS_SAMPLE t=1630.1s rss=4696MB hwm=4696MB
RSS_SAMPLE t=1630.3s rss=4696MB hwm=4696MB
RSS_SAMPLE t=1630.6s rss=4696MB hwm=4696MB
RSS_SAMPLE t=1630.8s rss=4696MB hwm=4696MB
RSS_SAMPLE t=1631.1s rss=4696MB hwm=4696MB
RSS_SAMPLE t=1631.3s rss=4697MB hwm=4697MB
RSS_SAMPLE t=1631.6s rss=4697MB hwm=4697MB
RSS_SAMPLE t=1631.8s rss=4697MB hwm=4697MB
RSS_SAMPLE t=1632.1s rss=4697MB hwm=4697MB
RSS_SAMPLE t=1632.3s rss=4697MB hwm=4697MB
RSS_SAMPLE t=1632.6s rss=4697MB hwm=4697MB
RSS_SAMPLE t=1632.8s rss=4697MB hwm=4697MB
RSS_SAMPLE t=1633.1s rss=4698MB hwm=4698MB
RSS_SAMPLE t=1633.3s rss=4698MB hwm=4698MB
RSS_SAMPLE t=1633.6s rss=4698MB hwm=4698MB
RSS_SAMPLE t=1633.8s rss=4698MB hwm=4698MB
RSS_SAMPLE t=1634.1s rss=4698MB hwm=4698MB
RSS_SAMPLE t=1634.3s rss=4699MB hwm=4699MB
RSS_SAMPLE t=1634.6s rss=4699MB hwm=4699MB
RSS_SAMPLE t=1634.8s rss=4699MB hwm=4699MB
RSS_SAMPLE t=1635.1s rss=4699MB hwm=4699MB
RSS_SAMPLE t=1635.3s rss=4699MB hwm=4699MB
RSS_SAMPLE t=1635.6s rss=4700MB hwm=4700MB
RSS_SAMPLE t=1635.8s rss=4700MB hwm=4700MB
RSS_SAMPLE t=1636.1s rss=4700MB hwm=4700MB
RSS_SAMPLE t=1636.3s rss=4701MB hwm=4701MB
RSS_SAMPLE t=1636.6s rss=4701MB hwm=4701MB
RSS_SAMPLE t=1636.8s rss=4701MB hwm=4701MB
RSS_SAMPLE t=1637.1s rss=4701MB hwm=4701MB
RSS_SAMPLE t=1637.3s rss=4701MB hwm=4701MB
RSS_SAMPLE t=1637.6s rss=4701MB hwm=4701MB
RSS_SAMPLE t=1637.9s rss=4701MB hwm=4701MB
RSS_SAMPLE t=1638.1s rss=4701MB hwm=4701MB
RSS_SAMPLE t=1638.4s rss=4702MB hwm=4702MB
RSS_SAMPLE t=1638.6s rss=4702MB hwm=4702MB
RSS_SAMPLE t=1638.9s rss=4702MB hwm=4702MB
RSS_SAMPLE t=1639.1s rss=4702MB hwm=4702MB
RSS_SAMPLE t=1639.4s rss=4703MB hwm=4703MB
RSS_SAMPLE t=1639.6s rss=4703MB hwm=4703MB
RSS_SAMPLE t=1639.9s rss=4703MB hwm=4703MB
RSS_SAMPLE t=1640.1s rss=4703MB hwm=4703MB
RSS_SAMPLE t=1640.4s rss=4704MB hwm=4704MB
RSS_SAMPLE t=1640.6s rss=4704MB hwm=4704MB
RSS_SAMPLE t=1640.9s rss=4704MB hwm=4704MB
RSS_SAMPLE t=1641.1s rss=4704MB hwm=4704MB
RSS_SAMPLE t=1641.4s rss=4704MB hwm=4704MB
RSS_SAMPLE t=1641.6s rss=4704MB hwm=4704MB
RSS_SAMPLE t=1641.9s rss=4704MB hwm=4704MB
RSS_SAMPLE t=1642.1s rss=4704MB hwm=4704MB
RSS_SAMPLE t=1642.4s rss=4704MB hwm=4704MB
RSS_SAMPLE t=1642.6s rss=4704MB hwm=4704MB
RSS_SAMPLE t=1642.9s rss=4704MB hwm=4704MB
RSS_SAMPLE t=1643.1s rss=4704MB hwm=4704MB
RSS_SAMPLE t=1643.4s rss=4704MB hwm=4704MB
RSS_SAMPLE t=1643.6s rss=4704MB hwm=4704MB
RSS_SAMPLE t=1643.9s rss=4704MB hwm=4704MB
RSS_SAMPLE t=1644.1s rss=4704MB hwm=4704MB
RSS_SAMPLE t=1644.4s rss=4705MB hwm=4705MB
RSS_SAMPLE t=1644.6s rss=4705MB hwm=4705MB
RSS_SAMPLE t=1644.9s rss=4705MB hwm=4705MB
RSS_SAMPLE t=1645.1s rss=4705MB hwm=4705MB
RSS_SAMPLE t=1645.4s rss=4705MB hwm=4705MB
RSS_SAMPLE t=1645.6s rss=4706MB hwm=4706MB
RSS_SAMPLE t=1645.9s rss=4706MB hwm=4706MB
RSS_SAMPLE t=1646.1s rss=4706MB hwm=4706MB
RSS_SAMPLE t=1646.4s rss=4706MB hwm=4706MB
RSS_SAMPLE t=1646.6s rss=4706MB hwm=4706MB
RSS_SAMPLE t=1646.9s rss=4706MB hwm=4706MB
RSS_SAMPLE t=1647.1s rss=4706MB hwm=4706MB
RSS_SAMPLE t=1647.4s rss=4706MB hwm=4706MB
RSS_SAMPLE t=1647.6s rss=4707MB hwm=4707MB
RSS_SAMPLE t=1647.9s rss=4707MB hwm=4707MB
RSS_SAMPLE t=1648.1s rss=4707MB hwm=4707MB
RSS_SAMPLE t=1648.4s rss=4707MB hwm=4707MB
RSS_SAMPLE t=1648.6s rss=4707MB hwm=4707MB
RSS_SAMPLE t=1648.9s rss=4708MB hwm=4708MB
RSS_SAMPLE t=1649.1s rss=4708MB hwm=4708MB
RSS_SAMPLE t=1649.4s rss=4708MB hwm=4708MB
RSS_SAMPLE t=1649.6s rss=4708MB hwm=4708MB
RSS_SAMPLE t=1649.9s rss=4708MB hwm=4708MB
RSS_SAMPLE t=1650.1s rss=4708MB hwm=4708MB
RSS_SAMPLE t=1650.4s rss=4708MB hwm=4708MB
RSS_SAMPLE t=1650.6s rss=4708MB hwm=4708MB
RSS_SAMPLE t=1650.9s rss=4708MB hwm=4708MB
RSS_SAMPLE t=1651.1s rss=4709MB hwm=4709MB
RSS_SAMPLE t=1651.4s rss=4709MB hwm=4709MB
RSS_SAMPLE t=1651.6s rss=4709MB hwm=4709MB
RSS_SAMPLE t=1651.9s rss=4709MB hwm=4709MB
RSS_SAMPLE t=1652.1s rss=4709MB hwm=4709MB
RSS_SAMPLE t=1652.4s rss=4709MB hwm=4709MB
RSS_SAMPLE t=1652.6s rss=4709MB hwm=4709MB
RSS_SAMPLE t=1652.9s rss=4709MB hwm=4709MB
RSS_SAMPLE t=1653.1s rss=4709MB hwm=4709MB
RSS_SAMPLE t=1653.4s rss=4709MB hwm=4709MB
RSS_SAMPLE t=1653.6s rss=4709MB hwm=4709MB
RSS_SAMPLE t=1653.9s rss=4710MB hwm=4710MB
RSS_SAMPLE t=1654.1s rss=4710MB hwm=4710MB
RSS_SAMPLE t=1654.4s rss=4710MB hwm=4710MB
RSS_SAMPLE t=1654.6s rss=4710MB hwm=4710MB
RSS_SAMPLE t=1654.9s rss=4710MB hwm=4710MB
RSS_SAMPLE t=1655.1s rss=4710MB hwm=4710MB
RSS_SAMPLE t=1655.4s rss=4710MB hwm=4710MB
RSS_SAMPLE t=1655.6s rss=4711MB hwm=4711MB
RSS_SAMPLE t=1655.9s rss=4711MB hwm=4711MB
RSS_SAMPLE t=1656.1s rss=4711MB hwm=4711MB
RSS_SAMPLE t=1656.4s rss=4711MB hwm=4711MB
RSS_SAMPLE t=1656.6s rss=4711MB hwm=4711MB
RSS_SAMPLE t=1656.9s rss=4711MB hwm=4711MB
RSS_SAMPLE t=1657.1s rss=4711MB hwm=4711MB
RSS_SAMPLE t=1657.4s rss=4712MB hwm=4712MB
RSS_SAMPLE t=1657.6s rss=4712MB hwm=4712MB
RSS_SAMPLE t=1657.9s rss=4712MB hwm=4712MB
RSS_SAMPLE t=1658.1s rss=4712MB hwm=4712MB
RSS_SAMPLE t=1658.4s rss=4712MB hwm=4712MB
RSS_SAMPLE t=1658.6s rss=4712MB hwm=4712MB
RSS_SAMPLE t=1658.9s rss=4712MB hwm=4712MB
RSS_SAMPLE t=1659.1s rss=4712MB hwm=4712MB
RSS_SAMPLE t=1659.4s rss=4712MB hwm=4712MB
RSS_SAMPLE t=1659.6s rss=4712MB hwm=4712MB
RSS_SAMPLE t=1659.9s rss=4713MB hwm=4713MB
RSS_SAMPLE t=1660.1s rss=4713MB hwm=4713MB
RSS_SAMPLE t=1660.4s rss=4713MB hwm=4713MB
RSS_SAMPLE t=1660.6s rss=4713MB hwm=4713MB
RSS_SAMPLE t=1660.9s rss=4713MB hwm=4713MB
RSS_SAMPLE t=1661.1s rss=4713MB hwm=4713MB
RSS_SAMPLE t=1661.4s rss=4713MB hwm=4713MB
RSS_SAMPLE t=1661.6s rss=4713MB hwm=4713MB
RSS_SAMPLE t=1661.9s rss=4713MB hwm=4713MB
RSS_SAMPLE t=1662.1s rss=4713MB hwm=4713MB
RSS_SAMPLE t=1662.4s rss=4713MB hwm=4713MB
RSS_SAMPLE t=1662.6s rss=4713MB hwm=4713MB
RSS_SAMPLE t=1662.9s rss=4713MB hwm=4713MB
RSS_SAMPLE t=1663.1s rss=4713MB hwm=4713MB
RSS_SAMPLE t=1663.4s rss=4713MB hwm=4713MB
RSS_SAMPLE t=1663.6s rss=4713MB hwm=4713MB
RSS_SAMPLE t=1663.9s rss=4714MB hwm=4714MB
RSS_SAMPLE t=1664.1s rss=4714MB hwm=4714MB
RSS_SAMPLE t=1664.4s rss=4714MB hwm=4714MB
RSS_SAMPLE t=1664.6s rss=4714MB hwm=4714MB
RSS_SAMPLE t=1664.9s rss=4714MB hwm=4714MB
RSS_SAMPLE t=1665.2s rss=4714MB hwm=4714MB
RSS_SAMPLE t=1665.4s rss=4714MB hwm=4714MB
RSS_SAMPLE t=1665.7s rss=4714MB hwm=4714MB
RSS_SAMPLE t=1665.9s rss=4714MB hwm=4714MB
RSS_SAMPLE t=1666.2s rss=4714MB hwm=4714MB
RSS_SAMPLE t=1666.4s rss=4714MB hwm=4714MB
RSS_SAMPLE t=1666.7s rss=4714MB hwm=4714MB
RSS_SAMPLE t=1666.9s rss=4714MB hwm=4714MB
RSS_SAMPLE t=1667.2s rss=4714MB hwm=4714MB
RSS_SAMPLE t=1667.4s rss=4714MB hwm=4714MB
RSS_SAMPLE t=1667.7s rss=4714MB hwm=4714MB
RSS_SAMPLE t=1667.9s rss=4714MB hwm=4714MB
RSS_SAMPLE t=1668.2s rss=4714MB hwm=4714MB
RSS_SAMPLE t=1668.4s rss=4714MB hwm=4714MB
RSS_SAMPLE t=1668.7s rss=4714MB hwm=4714MB
RSS_SAMPLE t=1668.9s rss=4714MB hwm=4714MB
RSS_SAMPLE t=1669.2s rss=4714MB hwm=4714MB
RSS_SAMPLE t=1669.4s rss=4714MB hwm=4714MB
RSS_SAMPLE t=1669.7s rss=4715MB hwm=4715MB
RSS_SAMPLE t=1669.9s rss=4715MB hwm=4715MB
RSS_SAMPLE t=1670.2s rss=4715MB hwm=4715MB
RSS_SAMPLE t=1670.4s rss=4715MB hwm=4715MB
RSS_SAMPLE t=1670.7s rss=4715MB hwm=4715MB
RSS_SAMPLE t=1670.9s rss=4715MB hwm=4715MB
RSS_SAMPLE t=1671.2s rss=4715MB hwm=4715MB
RSS_SAMPLE t=1671.4s rss=4715MB hwm=4715MB
RSS_SAMPLE t=1671.7s rss=4715MB hwm=4715MB
RSS_SAMPLE t=1671.9s rss=4715MB hwm=4715MB
RSS_SAMPLE t=1672.2s rss=4715MB hwm=4715MB
RSS_SAMPLE t=1672.4s rss=4715MB hwm=4715MB
RSS_SAMPLE t=1672.7s rss=4715MB hwm=4715MB
RSS_SAMPLE t=1672.9s rss=4715MB hwm=4715MB
RSS_SAMPLE t=1673.2s rss=4716MB hwm=4716MB
RSS_SAMPLE t=1673.4s rss=4716MB hwm=4716MB
RSS_SAMPLE t=1673.7s rss=4716MB hwm=4716MB
RSS_SAMPLE t=1673.9s rss=4716MB hwm=4716MB
RSS_SAMPLE t=1674.2s rss=4716MB hwm=4716MB
RSS_SAMPLE t=1674.4s rss=4716MB hwm=4716MB
RSS_SAMPLE t=1674.7s rss=4716MB hwm=4716MB
RSS_SAMPLE t=1674.9s rss=4716MB hwm=4716MB
RSS_SAMPLE t=1675.2s rss=4716MB hwm=4716MB
RSS_SAMPLE t=1675.4s rss=4717MB hwm=4717MB
RSS_SAMPLE t=1675.7s rss=4717MB hwm=4717MB
RSS_SAMPLE t=1675.9s rss=4717MB hwm=4717MB
RSS_SAMPLE t=1676.2s rss=4717MB hwm=4717MB
RSS_SAMPLE t=1676.4s rss=4717MB hwm=4717MB
RSS_SAMPLE t=1676.7s rss=4717MB hwm=4717MB
RSS_SAMPLE t=1676.9s rss=4717MB hwm=4717MB
RSS_SAMPLE t=1677.2s rss=4717MB hwm=4717MB
RSS_SAMPLE t=1677.4s rss=4717MB hwm=4717MB
RSS_SAMPLE t=1677.7s rss=4717MB hwm=4717MB
RSS_SAMPLE t=1677.9s rss=4717MB hwm=4717MB
RSS_SAMPLE t=1678.2s rss=4717MB hwm=4717MB
RSS_SAMPLE t=1678.4s rss=4717MB hwm=4717MB
RSS_SAMPLE t=1678.7s rss=4717MB hwm=4717MB
RSS_SAMPLE t=1678.9s rss=4717MB hwm=4717MB
RSS_SAMPLE t=1679.2s rss=4717MB hwm=4717MB
RSS_SAMPLE t=1679.4s rss=4717MB hwm=4717MB
RSS_SAMPLE t=1679.7s rss=4717MB hwm=4717MB
RSS_SAMPLE t=1679.9s rss=4717MB hwm=4717MB
RSS_SAMPLE t=1680.2s rss=4717MB hwm=4717MB
RSS_SAMPLE t=1680.4s rss=4717MB hwm=4717MB
RSS_SAMPLE t=1680.7s rss=4717MB hwm=4717MB
RSS_SAMPLE t=1680.9s rss=4717MB hwm=4717MB
RSS_SAMPLE t=1681.2s rss=4717MB hwm=4717MB
RSS_SAMPLE t=1681.4s rss=4717MB hwm=4717MB
RSS_SAMPLE t=1681.7s rss=4717MB hwm=4717MB
RSS_SAMPLE t=1681.9s rss=4717MB hwm=4717MB
RSS_SAMPLE t=1682.2s rss=4717MB hwm=4717MB
RSS_SAMPLE t=1682.4s rss=4717MB hwm=4717MB
RSS_SAMPLE t=1682.7s rss=4717MB hwm=4717MB
RSS_SAMPLE t=1682.9s rss=4717MB hwm=4717MB
RSS_SAMPLE t=1683.2s rss=4717MB hwm=4717MB
RSS_SAMPLE t=1683.4s rss=4717MB hwm=4717MB
RSS_SAMPLE t=1683.7s rss=4717MB hwm=4717MB
RSS_SAMPLE t=1683.9s rss=4717MB hwm=4717MB
RSS_SAMPLE t=1684.2s rss=4717MB hwm=4717MB
RSS_SAMPLE t=1684.4s rss=4717MB hwm=4717MB
RSS_SAMPLE t=1684.7s rss=4717MB hwm=4717MB
RSS_SAMPLE t=1684.9s rss=4717MB hwm=4717MB
RSS_SAMPLE t=1685.2s rss=4717MB hwm=4717MB
RSS_SAMPLE t=1685.4s rss=4717MB hwm=4717MB
RSS_SAMPLE t=1685.7s rss=4717MB hwm=4717MB
RSS_SAMPLE t=1685.9s rss=4717MB hwm=4717MB
RSS_SAMPLE t=1686.2s rss=4717MB hwm=4717MB
RSS_SAMPLE t=1686.4s rss=4717MB hwm=4717MB
RSS_SAMPLE t=1686.7s rss=4717MB hwm=4717MB
RSS_SAMPLE t=1686.9s rss=4717MB hwm=4717MB
RSS_SAMPLE t=1687.2s rss=4717MB hwm=4717MB
RSS_SAMPLE t=1687.4s rss=4717MB hwm=4717MB
RSS_SAMPLE t=1687.7s rss=4717MB hwm=4717MB
RSS_SAMPLE t=1687.9s rss=4717MB hwm=4717MB
RSS_SAMPLE t=1688.2s rss=4717MB hwm=4717MB
RSS_SAMPLE t=1688.4s rss=4717MB hwm=4717MB
RSS_SAMPLE t=1688.7s rss=4717MB hwm=4717MB
RSS_SAMPLE t=1688.9s rss=4717MB hwm=4717MB
RSS_SAMPLE t=1689.2s rss=4717MB hwm=4717MB
RSS_SAMPLE t=1689.4s rss=4717MB hwm=4717MB
RSS_SAMPLE t=1689.7s rss=4717MB hwm=4717MB
RSS_SAMPLE t=1689.9s rss=4717MB hwm=4717MB
RSS_SAMPLE t=1690.2s rss=4717MB hwm=4717MB
RSS_SAMPLE t=1690.4s rss=4717MB hwm=4717MB
RSS_SAMPLE t=1690.7s rss=4717MB hwm=4717MB
RSS_SAMPLE t=1690.9s rss=4717MB hwm=4717MB
RSS_SAMPLE t=1691.2s rss=4717MB hwm=4717MB
RSS_SAMPLE t=1691.4s rss=4717MB hwm=4717MB
RSS_SAMPLE t=1691.7s rss=4717MB hwm=4717MB
RSS_SAMPLE t=1691.9s rss=4717MB hwm=4717MB
RSS_SAMPLE t=1692.2s rss=4717MB hwm=4717MB
RSS_SAMPLE t=1692.4s rss=4717MB hwm=4717MB
RSS_SAMPLE t=1692.7s rss=4717MB hwm=4717MB
RSS_SAMPLE t=1692.9s rss=4717MB hwm=4717MB
RSS_SAMPLE t=1693.2s rss=4717MB hwm=4717MB
RSS_SAMPLE t=1693.4s rss=4717MB hwm=4717MB
RSS_SAMPLE t=1693.7s rss=4717MB hwm=4717MB
RSS_SAMPLE t=1693.9s rss=4717MB hwm=4717MB
RSS_SAMPLE t=1694.2s rss=4717MB hwm=4717MB
RSS_SAMPLE t=1694.4s rss=4717MB hwm=4717MB
RSS_SAMPLE t=1694.7s rss=4717MB hwm=4717MB
RSS_SAMPLE t=1694.9s rss=4717MB hwm=4717MB
RSS_SAMPLE t=1695.2s rss=4717MB hwm=4717MB
RSS_SAMPLE t=1695.4s rss=4717MB hwm=4717MB
RSS_SAMPLE t=1695.7s rss=4717MB hwm=4717MB
RSS_SAMPLE t=1695.9s rss=4717MB hwm=4717MB
RSS_SAMPLE t=1696.2s rss=4717MB hwm=4717MB
RSS_SAMPLE t=1696.4s rss=4717MB hwm=4717MB
RSS_SAMPLE t=1696.7s rss=4718MB hwm=4718MB
RSS_SAMPLE t=1696.9s rss=4718MB hwm=4718MB
RSS_SAMPLE t=1697.2s rss=4718MB hwm=4718MB
RSS_SAMPLE t=1697.4s rss=4718MB hwm=4718MB
RSS_SAMPLE t=1697.7s rss=4718MB hwm=4718MB
RSS_SAMPLE t=1697.9s rss=4718MB hwm=4718MB
RSS_SAMPLE t=1698.2s rss=4718MB hwm=4718MB
RSS_SAMPLE t=1698.4s rss=4718MB hwm=4718MB
RSS_SAMPLE t=1698.7s rss=4718MB hwm=4718MB
RSS_SAMPLE t=1698.9s rss=4718MB hwm=4718MB
RSS_SAMPLE t=1699.2s rss=4718MB hwm=4718MB
RSS_SAMPLE t=1699.4s rss=4718MB hwm=4718MB
RSS_SAMPLE t=1699.7s rss=4718MB hwm=4718MB
RSS_SAMPLE t=1699.9s rss=4718MB hwm=4718MB
RSS_SAMPLE t=1700.2s rss=4718MB hwm=4718MB
RSS_SAMPLE t=1700.4s rss=4718MB hwm=4718MB
RSS_SAMPLE t=1700.7s rss=4718MB hwm=4718MB
RSS_SAMPLE t=1700.9s rss=4718MB hwm=4718MB
RSS_SAMPLE t=1701.2s rss=4718MB hwm=4718MB
RSS_SAMPLE t=1701.4s rss=4718MB hwm=4718MB
RSS_SAMPLE t=1701.7s rss=4718MB hwm=4718MB
RSS_SAMPLE t=1701.9s rss=4718MB hwm=4718MB
RSS_SAMPLE t=1702.2s rss=4718MB hwm=4718MB
RSS_SAMPLE t=1702.4s rss=4718MB hwm=4718MB
RSS_SAMPLE t=1702.7s rss=4718MB hwm=4718MB
RSS_SAMPLE t=1702.9s rss=4718MB hwm=4718MB
RSS_SAMPLE t=1703.2s rss=4718MB hwm=4718MB
RSS_SAMPLE t=1703.4s rss=4718MB hwm=4718MB
RSS_SAMPLE t=1703.7s rss=4718MB hwm=4718MB
RSS_SAMPLE t=1703.9s rss=4718MB hwm=4718MB
RSS_SAMPLE t=1704.2s rss=4718MB hwm=4718MB
RSS_SAMPLE t=1704.4s rss=4718MB hwm=4718MB
RSS_SAMPLE t=1704.7s rss=4718MB hwm=4718MB
RSS_SAMPLE t=1704.9s rss=4718MB hwm=4718MB
RSS_SAMPLE t=1705.2s rss=4718MB hwm=4718MB
RSS_SAMPLE t=1705.4s rss=4718MB hwm=4718MB
RSS_SAMPLE t=1705.7s rss=4718MB hwm=4718MB
RSS_SAMPLE t=1705.9s rss=4718MB hwm=4718MB
RSS_SAMPLE t=1706.2s rss=4718MB hwm=4718MB
RSS_SAMPLE t=1706.4s rss=4718MB hwm=4718MB
RSS_SAMPLE t=1706.7s rss=4718MB hwm=4718MB
RSS_SAMPLE t=1706.9s rss=4718MB hwm=4718MB
RSS_SAMPLE t=1707.2s rss=4718MB hwm=4718MB
RSS_SAMPLE t=1707.4s rss=4718MB hwm=4718MB
RSS_SAMPLE t=1707.7s rss=4718MB hwm=4718MB
RSS_SAMPLE t=1707.9s rss=4718MB hwm=4718MB
RSS_SAMPLE t=1708.2s rss=4718MB hwm=4718MB
RSS_SAMPLE t=1708.4s rss=4718MB hwm=4718MB
RSS_SAMPLE t=1708.7s rss=4718MB hwm=4718MB
RSS_SAMPLE t=1708.9s rss=4718MB hwm=4718MB
RSS_SAMPLE t=1709.2s rss=4718MB hwm=4718MB
RSS_SAMPLE t=1709.4s rss=4718MB hwm=4718MB
RSS_SAMPLE t=1709.7s rss=4718MB hwm=4718MB
RSS_SAMPLE t=1710.0s rss=4718MB hwm=4718MB
RSS_SAMPLE t=1710.2s rss=4718MB hwm=4718MB
RSS_SAMPLE t=1710.5s rss=4718MB hwm=4718MB
RSS_SAMPLE t=1710.7s rss=4718MB hwm=4718MB
RSS_SAMPLE t=1711.0s rss=4718MB hwm=4718MB
RSS_SAMPLE t=1711.2s rss=4718MB hwm=4718MB
RSS_SAMPLE t=1711.5s rss=4718MB hwm=4718MB
RSS_SAMPLE t=1711.7s rss=4718MB hwm=4718MB
RSS_SAMPLE t=1712.0s rss=4718MB hwm=4718MB
RSS_SAMPLE t=1712.2s rss=4718MB hwm=4718MB
RSS_SAMPLE t=1712.5s rss=4718MB hwm=4718MB
RSS_SAMPLE t=1712.7s rss=4718MB hwm=4718MB
RSS_SAMPLE t=1713.0s rss=4718MB hwm=4718MB
RSS_SAMPLE t=1713.2s rss=4718MB hwm=4718MB
RSS_SAMPLE t=1713.5s rss=4718MB hwm=4718MB
RSS_SAMPLE t=1713.7s rss=4718MB hwm=4718MB
RSS_SAMPLE t=1714.0s rss=4718MB hwm=4718MB
RSS_SAMPLE t=1714.2s rss=4718MB hwm=4718MB
RSS_SAMPLE t=1714.5s rss=4718MB hwm=4718MB
RSS_SAMPLE t=1714.7s rss=4718MB hwm=4718MB
RSS_SAMPLE t=1715.0s rss=4718MB hwm=4718MB
RSS_SAMPLE t=1715.2s rss=4718MB hwm=4718MB
RSS_SAMPLE t=1715.5s rss=4718MB hwm=4718MB
RSS_SAMPLE t=1715.7s rss=4718MB hwm=4718MB
RSS_SAMPLE t=1716.0s rss=4718MB hwm=4718MB
RSS_SAMPLE t=1716.2s rss=4718MB hwm=4718MB
RSS_SAMPLE t=1716.5s rss=4718MB hwm=4718MB
RSS_SAMPLE t=1716.7s rss=4718MB hwm=4718MB
RSS_SAMPLE t=1717.0s rss=4718MB hwm=4718MB
RSS_SAMPLE t=1717.2s rss=4718MB hwm=4718MB
RSS_SAMPLE t=1717.5s rss=4718MB hwm=4718MB
RSS_SAMPLE t=1717.7s rss=4718MB hwm=4718MB
RSS_SAMPLE t=1718.0s rss=4718MB hwm=4718MB
RSS_SAMPLE t=1718.2s rss=4718MB hwm=4718MB
RSS_SAMPLE t=1718.5s rss=4718MB hwm=4718MB
RSS_SAMPLE t=1718.7s rss=4718MB hwm=4718MB
RSS_SAMPLE t=1719.0s rss=4718MB hwm=4718MB
RSS_SAMPLE t=1719.2s rss=4718MB hwm=4718MB
RSS_SAMPLE t=1719.5s rss=4718MB hwm=4718MB
RSS_SAMPLE t=1719.7s rss=4718MB hwm=4718MB
RSS_SAMPLE t=1720.0s rss=4718MB hwm=4718MB
RSS_SAMPLE t=1720.2s rss=4718MB hwm=4718MB
RSS_SAMPLE t=1720.5s rss=4718MB hwm=4718MB
RSS_SAMPLE t=1720.7s rss=4718MB hwm=4718MB
RSS_SAMPLE t=1721.0s rss=4718MB hwm=4718MB
RSS_SAMPLE t=1721.2s rss=4718MB hwm=4718MB
RSS_SAMPLE t=1721.5s rss=4718MB hwm=4718MB
RSS_SAMPLE t=1721.7s rss=4718MB hwm=4718MB
RSS_SAMPLE t=1722.0s rss=4718MB hwm=4718MB
RSS_SAMPLE t=1722.2s rss=4718MB hwm=4718MB
RSS_SAMPLE t=1722.5s rss=4718MB hwm=4718MB
RSS_SAMPLE t=1722.7s rss=4718MB hwm=4718MB
RSS_SAMPLE t=1723.0s rss=4718MB hwm=4718MB
RSS_SAMPLE t=1723.2s rss=4718MB hwm=4718MB
RSS_SAMPLE t=1723.5s rss=4718MB hwm=4718MB
RSS_SAMPLE t=1723.7s rss=4718MB hwm=4718MB
RSS_SAMPLE t=1724.0s rss=4718MB hwm=4718MB
RSS_SAMPLE t=1724.2s rss=4718MB hwm=4718MB
RSS_SAMPLE t=1724.5s rss=4718MB hwm=4718MB
RSS_SAMPLE t=1724.7s rss=4718MB hwm=4718MB
RSS_SAMPLE t=1725.0s rss=4718MB hwm=4718MB
RSS_SAMPLE t=1725.2s rss=4718MB hwm=4718MB
RSS_SAMPLE t=1725.5s rss=4718MB hwm=4718MB
RSS_SAMPLE t=1725.7s rss=4718MB hwm=4718MB
RSS_SAMPLE t=1726.0s rss=4718MB hwm=4718MB
RSS_SAMPLE t=1726.2s rss=4718MB hwm=4718MB
RSS_SAMPLE t=1726.5s rss=4718MB hwm=4718MB
RSS_SAMPLE t=1726.7s rss=4718MB hwm=4718MB
RSS_SAMPLE t=1727.0s rss=4718MB hwm=4718MB
RSS_SAMPLE t=1727.2s rss=4718MB hwm=4718MB
RSS_SAMPLE t=1727.5s rss=4718MB hwm=4718MB
RSS_SAMPLE t=1727.7s rss=4718MB hwm=4718MB
RSS_SAMPLE t=1728.0s rss=4718MB hwm=4718MB
RSS_SAMPLE t=1728.2s rss=4718MB hwm=4718MB
RSS_SAMPLE t=1728.5s rss=4718MB hwm=4718MB
RSS_SAMPLE t=1728.7s rss=4718MB hwm=4718MB
MEM_POOL: workspaces=32 dense_usage_mb=1251 n_pipes=2562403
    post_solve_diag[outer=9]: solves=105117 cap_armed=105117 (100.0%) settle_avg=6250 above_sink_avg=230 (3.7%) settle_max=69353
    load_support[outer=9]: settle_avg=6250 load_nz_avg=4739 (75.8%) load_material_avg=2739 (43.8%)
    prune_ceiling[outer=9]: settle_avg=6250 heuristic_prunable_avg=966 (15.5%) vs oracle_zero_load=24.2%
    settle_hist[outer=9]: <100: 27762nets/0.1%work  <1k: 22485nets/1.3%work  <5k: 24116nets/9.6%work  <20k: 19203nets/31.1%work  <60k: 11240nets/54.9%work  >=60k: 311nets/3.0%work
    fanout_hist[outer=9]: fan1: 43710nets/13.4%work  fan2-4: 48279nets/50.2%work  fan5-16: 12974nets/35.5%work  fan17-64: 154nets/0.9%work  fan65-256: 0nets/0.0%work  fan>256: 0nets/0.0%work
    rss_probe[outer=9]: pre_post_solve=4667MB post_post_solve=4718MB after_apply=4718MB
RSS_SAMPLE t=1729.0s rss=4718MB hwm=4718MB
    E_decomp: base=8725877.7 eff=108013953245157.6 cong=108013944519279.9 cong_share=100.0% sat_pipes=224581 max_util=1000.51  R_buckets: 1-2x=832376 2-10x=97962 10-100x=388596 >=100x=1243469
    E_potential: beckmann=82401427392982.7 history_total=0.0
    SpanCache: epoch=10 entries=2273 lookups=2562403 hits=2560130 misses=2273 hit_rate=99.9%
  DCD   9: nets=105117 line=13035389 energy=7319084516.412 dE=-13236789135.840 friction=5110570.8 bins=2.0x(205) excess=70.5 moved=67484 disp=5.880 solves=105117 skip=105117 pops=656934617 theta=1.033 refresh=137684ms dcd=16236ms total=159534ms
    cache_stats: entries=61655736 capacity=119544172 est_mb=1031 rss_mb=4718
RSS_SAMPLE t=1729.2s rss=4719MB hwm=4719MB
RSS_SAMPLE t=1729.5s rss=4719MB hwm=4719MB
RSS_SAMPLE t=1729.7s rss=4719MB hwm=4719MB
RSS_SAMPLE t=1730.0s rss=4719MB hwm=4719MB
RSS_SAMPLE t=1730.2s rss=4719MB hwm=4719MB
RSS_SAMPLE t=1730.5s rss=4719MB hwm=4719MB
RSS_SAMPLE t=1730.7s rss=4719MB hwm=4719MB
RSS_SAMPLE t=1731.0s rss=4719MB hwm=4719MB
RSS_SAMPLE t=1731.2s rss=4719MB hwm=4719MB
RSS_SAMPLE t=1731.5s rss=4719MB hwm=4719MB
RSS_SAMPLE t=1731.7s rss=4719MB hwm=4719MB
RSS_SAMPLE t=1732.0s rss=4719MB hwm=4719MB
RSS_SAMPLE t=1732.2s rss=4719MB hwm=4719MB
RSS_SAMPLE t=1732.5s rss=4719MB hwm=4719MB
RSS_SAMPLE t=1732.7s rss=4719MB hwm=4719MB
    SwitchMatrix: type_usage_pairs=677 lookups=2052 hits=1375 dijkstra_calls=677 avg_us=19.3 total_ms=13.0
PHASE_MARK outer=10 enter=pre_solve rss=4719MB
    rss_probe[outer=10]: pre_refresh_rss=4719MB post_pre_solve_rss=4719MB cache_entries=61655736 cache_cap=119544172 cache_est_mb=1031
    pre_solve_diag[outer=10]: solves=0 fallback=0 (0.0%) cap_armed=0 (0.0%) settle_avg=0 settle_max=0 init_count=245
    Overflow: over=192910 (7.5% of used) avg_excess=2.39 max_excess=2208.11 (nc=2232.11 cap=24 span=1)  excess_buckets: <=1=103604 1-5=69535 5-20=17224 >20=2547  by_cap: cap1=90699 cap2=98820 cap3-5=1 cap>5=3390  by_span: s1=468 s2-3=732 s4-6=3161 s7-12=95882 s>12=92667  le1_cross: cap1=68711 cap2-5=34434 cap>5=459
    Congestion: pipes=2562403 used=2562403 congested(>50%)=547973 saturated(>90%)=224581 max_util=1000.51 avg_util=0.4058
PHASE_MARK outer=10 enter=dcd_sweep rss=4719MB
RSS_SAMPLE t=1733.0s rss=4719MB hwm=4719MB
RSS_SAMPLE t=1733.2s rss=4719MB hwm=4719MB
RSS_SAMPLE t=1733.5s rss=4719MB hwm=4719MB
RSS_SAMPLE t=1733.7s rss=4719MB hwm=4719MB
RSS_SAMPLE t=1734.0s rss=4719MB hwm=4719MB
RSS_SAMPLE t=1734.2s rss=4719MB hwm=4719MB
RSS_SAMPLE t=1734.5s rss=4719MB hwm=4719MB
RSS_SAMPLE t=1734.7s rss=4719MB hwm=4719MB
RSS_SAMPLE t=1735.0s rss=4719MB hwm=4719MB
RSS_SAMPLE t=1735.2s rss=4719MB hwm=4719MB
RSS_SAMPLE t=1735.5s rss=4719MB hwm=4719MB
RSS_SAMPLE t=1735.7s rss=4719MB hwm=4719MB
RSS_SAMPLE t=1736.0s rss=4719MB hwm=4719MB
RSS_SAMPLE t=1736.2s rss=4719MB hwm=4719MB
RSS_SAMPLE t=1736.5s rss=4719MB hwm=4719MB
RSS_SAMPLE t=1736.7s rss=4719MB hwm=4719MB
RSS_SAMPLE t=1737.0s rss=4719MB hwm=4719MB
RSS_SAMPLE t=1737.2s rss=4719MB hwm=4719MB
RSS_SAMPLE t=1737.5s rss=4719MB hwm=4719MB
RSS_SAMPLE t=1737.7s rss=4719MB hwm=4719MB
RSS_SAMPLE t=1738.0s rss=4719MB hwm=4719MB
RSS_SAMPLE t=1738.2s rss=4719MB hwm=4719MB
RSS_SAMPLE t=1738.5s rss=4719MB hwm=4719MB
RSS_SAMPLE t=1738.7s rss=4719MB hwm=4719MB
RSS_SAMPLE t=1739.0s rss=4719MB hwm=4719MB
RSS_SAMPLE t=1739.2s rss=4719MB hwm=4719MB
RSS_SAMPLE t=1739.5s rss=4719MB hwm=4719MB
RSS_SAMPLE t=1739.7s rss=4719MB hwm=4719MB
RSS_SAMPLE t=1740.0s rss=4719MB hwm=4719MB
RSS_SAMPLE t=1740.2s rss=4719MB hwm=4719MB
RSS_SAMPLE t=1740.5s rss=4719MB hwm=4719MB
RSS_SAMPLE t=1740.7s rss=4719MB hwm=4719MB
RSS_SAMPLE t=1741.0s rss=4719MB hwm=4719MB
RSS_SAMPLE t=1741.2s rss=4719MB hwm=4719MB
RSS_SAMPLE t=1741.5s rss=4719MB hwm=4719MB
RSS_SAMPLE t=1741.8s rss=4719MB hwm=4719MB
RSS_SAMPLE t=1742.0s rss=4719MB hwm=4719MB
RSS_SAMPLE t=1742.3s rss=4719MB hwm=4719MB
RSS_SAMPLE t=1742.5s rss=4719MB hwm=4719MB
RSS_SAMPLE t=1742.8s rss=4719MB hwm=4719MB
RSS_SAMPLE t=1743.0s rss=4719MB hwm=4719MB
RSS_SAMPLE t=1743.3s rss=4719MB hwm=4719MB
RSS_SAMPLE t=1743.5s rss=4719MB hwm=4719MB
RSS_SAMPLE t=1743.8s rss=4719MB hwm=4719MB
RSS_SAMPLE t=1744.0s rss=4719MB hwm=4719MB
RSS_SAMPLE t=1744.3s rss=4719MB hwm=4719MB
RSS_SAMPLE t=1744.5s rss=4719MB hwm=4719MB
RSS_SAMPLE t=1744.8s rss=4719MB hwm=4719MB
PHASE_MARK outer=10 leave=dcd_sweep rss=4719MB
PHASE_MARK outer=10 enter=post_refresh rss=4719MB
RSS_SAMPLE t=1745.0s rss=4720MB hwm=4720MB
RSS_SAMPLE t=1745.3s rss=4720MB hwm=4720MB
RSS_SAMPLE t=1745.5s rss=4720MB hwm=4720MB
RSS_SAMPLE t=1745.8s rss=4720MB hwm=4720MB
RSS_SAMPLE t=1746.0s rss=4720MB hwm=4720MB
RSS_SAMPLE t=1746.3s rss=4720MB hwm=4720MB
RSS_SAMPLE t=1746.5s rss=4720MB hwm=4720MB
RSS_SAMPLE t=1746.8s rss=4720MB hwm=4720MB
RSS_SAMPLE t=1747.0s rss=4720MB hwm=4720MB
RSS_SAMPLE t=1747.3s rss=4720MB hwm=4720MB
RSS_SAMPLE t=1747.5s rss=4720MB hwm=4720MB
RSS_SAMPLE t=1747.8s rss=4720MB hwm=4720MB
RSS_SAMPLE t=1748.0s rss=4720MB hwm=4720MB
RSS_SAMPLE t=1748.3s rss=4720MB hwm=4720MB
RSS_SAMPLE t=1748.5s rss=4720MB hwm=4720MB
RSS_SAMPLE t=1748.8s rss=4721MB hwm=4721MB
RSS_SAMPLE t=1749.0s rss=4721MB hwm=4721MB
RSS_SAMPLE t=1749.3s rss=4721MB hwm=4721MB
RSS_SAMPLE t=1749.5s rss=4722MB hwm=4722MB
RSS_SAMPLE t=1749.8s rss=4722MB hwm=4722MB
RSS_SAMPLE t=1750.0s rss=4722MB hwm=4722MB
RSS_SAMPLE t=1750.3s rss=4722MB hwm=4722MB
RSS_SAMPLE t=1750.5s rss=4722MB hwm=4722MB
RSS_SAMPLE t=1750.8s rss=4722MB hwm=4722MB
RSS_SAMPLE t=1751.0s rss=4722MB hwm=4722MB
RSS_SAMPLE t=1751.3s rss=4722MB hwm=4722MB
RSS_SAMPLE t=1751.5s rss=4722MB hwm=4722MB
RSS_SAMPLE t=1751.8s rss=4722MB hwm=4722MB
RSS_SAMPLE t=1752.0s rss=4722MB hwm=4722MB
RSS_SAMPLE t=1752.3s rss=4722MB hwm=4722MB
RSS_SAMPLE t=1752.5s rss=4722MB hwm=4722MB
RSS_SAMPLE t=1752.8s rss=4722MB hwm=4722MB
RSS_SAMPLE t=1753.0s rss=4723MB hwm=4723MB
RSS_SAMPLE t=1753.3s rss=4723MB hwm=4723MB
RSS_SAMPLE t=1753.5s rss=4723MB hwm=4723MB
RSS_SAMPLE t=1753.8s rss=4723MB hwm=4723MB
RSS_SAMPLE t=1754.0s rss=4723MB hwm=4723MB
RSS_SAMPLE t=1754.3s rss=4723MB hwm=4723MB
RSS_SAMPLE t=1754.5s rss=4723MB hwm=4723MB
RSS_SAMPLE t=1754.8s rss=4724MB hwm=4724MB
RSS_SAMPLE t=1755.0s rss=4724MB hwm=4724MB
RSS_SAMPLE t=1755.3s rss=4724MB hwm=4724MB
RSS_SAMPLE t=1755.5s rss=4724MB hwm=4724MB
RSS_SAMPLE t=1755.8s rss=4724MB hwm=4724MB
RSS_SAMPLE t=1756.0s rss=4724MB hwm=4724MB
RSS_SAMPLE t=1756.3s rss=4724MB hwm=4724MB
RSS_SAMPLE t=1756.5s rss=4724MB hwm=4724MB
RSS_SAMPLE t=1756.8s rss=4724MB hwm=4724MB
RSS_SAMPLE t=1757.0s rss=4724MB hwm=4724MB
RSS_SAMPLE t=1757.3s rss=4724MB hwm=4724MB
RSS_SAMPLE t=1757.5s rss=4724MB hwm=4724MB
RSS_SAMPLE t=1757.8s rss=4725MB hwm=4725MB
RSS_SAMPLE t=1758.0s rss=4725MB hwm=4725MB
RSS_SAMPLE t=1758.3s rss=4725MB hwm=4725MB
RSS_SAMPLE t=1758.5s rss=4725MB hwm=4725MB
RSS_SAMPLE t=1758.8s rss=4725MB hwm=4725MB
RSS_SAMPLE t=1759.0s rss=4725MB hwm=4725MB
RSS_SAMPLE t=1759.3s rss=4725MB hwm=4725MB
RSS_SAMPLE t=1759.5s rss=4725MB hwm=4725MB
RSS_SAMPLE t=1759.8s rss=4725MB hwm=4725MB
RSS_SAMPLE t=1760.0s rss=4725MB hwm=4725MB
RSS_SAMPLE t=1760.3s rss=4725MB hwm=4725MB
RSS_SAMPLE t=1760.5s rss=4725MB hwm=4725MB
RSS_SAMPLE t=1760.8s rss=4725MB hwm=4725MB
RSS_SAMPLE t=1761.0s rss=4725MB hwm=4725MB
RSS_SAMPLE t=1761.3s rss=4725MB hwm=4725MB
RSS_SAMPLE t=1761.5s rss=4725MB hwm=4725MB
RSS_SAMPLE t=1761.8s rss=4725MB hwm=4725MB
RSS_SAMPLE t=1762.0s rss=4725MB hwm=4725MB
RSS_SAMPLE t=1762.3s rss=4725MB hwm=4725MB
RSS_SAMPLE t=1762.5s rss=4725MB hwm=4725MB
RSS_SAMPLE t=1762.8s rss=4725MB hwm=4725MB
RSS_SAMPLE t=1763.0s rss=4725MB hwm=4725MB
RSS_SAMPLE t=1763.3s rss=4725MB hwm=4725MB
RSS_SAMPLE t=1763.5s rss=4725MB hwm=4725MB
RSS_SAMPLE t=1763.8s rss=4726MB hwm=4726MB
RSS_SAMPLE t=1764.0s rss=4726MB hwm=4726MB
RSS_SAMPLE t=1764.3s rss=4726MB hwm=4726MB
RSS_SAMPLE t=1764.5s rss=4726MB hwm=4726MB
RSS_SAMPLE t=1764.8s rss=4726MB hwm=4726MB
RSS_SAMPLE t=1765.0s rss=4726MB hwm=4726MB
RSS_SAMPLE t=1765.3s rss=4726MB hwm=4726MB
RSS_SAMPLE t=1765.5s rss=4726MB hwm=4726MB
RSS_SAMPLE t=1765.8s rss=4726MB hwm=4726MB
RSS_SAMPLE t=1766.0s rss=4726MB hwm=4726MB
RSS_SAMPLE t=1766.3s rss=4726MB hwm=4726MB
RSS_SAMPLE t=1766.5s rss=4726MB hwm=4726MB
RSS_SAMPLE t=1766.8s rss=4726MB hwm=4726MB
RSS_SAMPLE t=1767.0s rss=4727MB hwm=4727MB
RSS_SAMPLE t=1767.3s rss=4727MB hwm=4727MB
RSS_SAMPLE t=1767.5s rss=4727MB hwm=4727MB
RSS_SAMPLE t=1767.8s rss=4727MB hwm=4727MB
RSS_SAMPLE t=1768.1s rss=4727MB hwm=4727MB
RSS_SAMPLE t=1768.3s rss=4727MB hwm=4727MB
RSS_SAMPLE t=1768.6s rss=4727MB hwm=4727MB
RSS_SAMPLE t=1768.8s rss=4727MB hwm=4727MB
RSS_SAMPLE t=1769.1s rss=4727MB hwm=4727MB
RSS_SAMPLE t=1769.3s rss=4727MB hwm=4727MB
RSS_SAMPLE t=1769.6s rss=4727MB hwm=4727MB
RSS_SAMPLE t=1769.8s rss=4727MB hwm=4727MB
RSS_SAMPLE t=1770.1s rss=4727MB hwm=4727MB
RSS_SAMPLE t=1770.3s rss=4728MB hwm=4728MB
RSS_SAMPLE t=1770.6s rss=4728MB hwm=4728MB
RSS_SAMPLE t=1770.8s rss=4728MB hwm=4728MB
RSS_SAMPLE t=1771.1s rss=4728MB hwm=4728MB
RSS_SAMPLE t=1771.3s rss=4728MB hwm=4728MB
RSS_SAMPLE t=1771.6s rss=4728MB hwm=4728MB
RSS_SAMPLE t=1771.8s rss=4728MB hwm=4728MB
RSS_SAMPLE t=1772.1s rss=4728MB hwm=4728MB
RSS_SAMPLE t=1772.3s rss=4728MB hwm=4728MB
RSS_SAMPLE t=1772.6s rss=4728MB hwm=4728MB
RSS_SAMPLE t=1772.8s rss=4728MB hwm=4728MB
RSS_SAMPLE t=1773.1s rss=4728MB hwm=4728MB
RSS_SAMPLE t=1773.3s rss=4728MB hwm=4728MB
RSS_SAMPLE t=1773.6s rss=4728MB hwm=4728MB
RSS_SAMPLE t=1773.8s rss=4728MB hwm=4728MB
RSS_SAMPLE t=1774.1s rss=4729MB hwm=4729MB
RSS_SAMPLE t=1774.3s rss=4729MB hwm=4729MB
RSS_SAMPLE t=1774.6s rss=4729MB hwm=4729MB
RSS_SAMPLE t=1774.8s rss=4729MB hwm=4729MB
RSS_SAMPLE t=1775.1s rss=4729MB hwm=4729MB
RSS_SAMPLE t=1775.3s rss=4729MB hwm=4729MB
RSS_SAMPLE t=1775.6s rss=4729MB hwm=4729MB
RSS_SAMPLE t=1775.8s rss=4729MB hwm=4729MB
RSS_SAMPLE t=1776.1s rss=4729MB hwm=4729MB
RSS_SAMPLE t=1776.3s rss=4729MB hwm=4729MB
RSS_SAMPLE t=1776.6s rss=4729MB hwm=4729MB
RSS_SAMPLE t=1776.8s rss=4729MB hwm=4729MB
RSS_SAMPLE t=1777.1s rss=4729MB hwm=4729MB
RSS_SAMPLE t=1777.3s rss=4729MB hwm=4729MB
RSS_SAMPLE t=1777.6s rss=4729MB hwm=4729MB
RSS_SAMPLE t=1777.8s rss=4729MB hwm=4729MB
RSS_SAMPLE t=1778.1s rss=4729MB hwm=4729MB
RSS_SAMPLE t=1778.3s rss=4729MB hwm=4729MB
RSS_SAMPLE t=1778.6s rss=4729MB hwm=4729MB
RSS_SAMPLE t=1778.8s rss=4729MB hwm=4729MB
RSS_SAMPLE t=1779.1s rss=4729MB hwm=4729MB
RSS_SAMPLE t=1779.3s rss=4729MB hwm=4729MB
RSS_SAMPLE t=1779.6s rss=4729MB hwm=4729MB
RSS_SAMPLE t=1779.8s rss=4729MB hwm=4729MB
RSS_SAMPLE t=1780.1s rss=4729MB hwm=4729MB
RSS_SAMPLE t=1780.3s rss=4730MB hwm=4730MB
RSS_SAMPLE t=1780.6s rss=4730MB hwm=4730MB
RSS_SAMPLE t=1780.8s rss=4730MB hwm=4730MB
RSS_SAMPLE t=1781.1s rss=4730MB hwm=4730MB
RSS_SAMPLE t=1781.3s rss=4730MB hwm=4730MB
RSS_SAMPLE t=1781.6s rss=4730MB hwm=4730MB
RSS_SAMPLE t=1781.8s rss=4730MB hwm=4730MB
RSS_SAMPLE t=1782.1s rss=4730MB hwm=4730MB
RSS_SAMPLE t=1782.3s rss=4730MB hwm=4730MB
RSS_SAMPLE t=1782.6s rss=4730MB hwm=4730MB
RSS_SAMPLE t=1782.8s rss=4730MB hwm=4730MB
RSS_SAMPLE t=1783.1s rss=4730MB hwm=4730MB
RSS_SAMPLE t=1783.3s rss=4730MB hwm=4730MB
RSS_SAMPLE t=1783.6s rss=4730MB hwm=4730MB
RSS_SAMPLE t=1783.8s rss=4730MB hwm=4730MB
RSS_SAMPLE t=1784.1s rss=4731MB hwm=4731MB
RSS_SAMPLE t=1784.3s rss=4731MB hwm=4731MB
RSS_SAMPLE t=1784.6s rss=4731MB hwm=4731MB
RSS_SAMPLE t=1784.8s rss=4731MB hwm=4731MB
RSS_SAMPLE t=1785.1s rss=4731MB hwm=4731MB
RSS_SAMPLE t=1785.3s rss=4731MB hwm=4731MB
RSS_SAMPLE t=1785.6s rss=4731MB hwm=4731MB
RSS_SAMPLE t=1785.8s rss=4731MB hwm=4731MB
RSS_SAMPLE t=1786.1s rss=4731MB hwm=4731MB
RSS_SAMPLE t=1786.3s rss=4731MB hwm=4731MB
RSS_SAMPLE t=1786.6s rss=4731MB hwm=4731MB
RSS_SAMPLE t=1786.8s rss=4731MB hwm=4731MB
RSS_SAMPLE t=1787.1s rss=4732MB hwm=4732MB
RSS_SAMPLE t=1787.3s rss=4732MB hwm=4732MB
RSS_SAMPLE t=1787.6s rss=4732MB hwm=4732MB
RSS_SAMPLE t=1787.8s rss=4732MB hwm=4732MB
RSS_SAMPLE t=1788.1s rss=4732MB hwm=4732MB
RSS_SAMPLE t=1788.3s rss=4732MB hwm=4732MB
RSS_SAMPLE t=1788.6s rss=4732MB hwm=4732MB
RSS_SAMPLE t=1788.8s rss=4732MB hwm=4732MB
RSS_SAMPLE t=1789.1s rss=4732MB hwm=4732MB
RSS_SAMPLE t=1789.3s rss=4732MB hwm=4732MB
RSS_SAMPLE t=1789.6s rss=4732MB hwm=4732MB
RSS_SAMPLE t=1789.8s rss=4732MB hwm=4732MB
RSS_SAMPLE t=1790.1s rss=4732MB hwm=4732MB
RSS_SAMPLE t=1790.3s rss=4732MB hwm=4732MB
RSS_SAMPLE t=1790.6s rss=4732MB hwm=4732MB
RSS_SAMPLE t=1790.8s rss=4733MB hwm=4733MB
RSS_SAMPLE t=1791.1s rss=4733MB hwm=4733MB
RSS_SAMPLE t=1791.3s rss=4733MB hwm=4733MB
RSS_SAMPLE t=1791.6s rss=4733MB hwm=4733MB
RSS_SAMPLE t=1791.8s rss=4733MB hwm=4733MB
RSS_SAMPLE t=1792.1s rss=4733MB hwm=4733MB
RSS_SAMPLE t=1792.4s rss=4733MB hwm=4733MB
RSS_SAMPLE t=1792.6s rss=4733MB hwm=4733MB
RSS_SAMPLE t=1792.9s rss=4734MB hwm=4734MB
RSS_SAMPLE t=1793.1s rss=4734MB hwm=4734MB
RSS_SAMPLE t=1793.4s rss=4734MB hwm=4734MB
RSS_SAMPLE t=1793.6s rss=4734MB hwm=4734MB
RSS_SAMPLE t=1793.9s rss=4734MB hwm=4734MB
RSS_SAMPLE t=1794.1s rss=4734MB hwm=4734MB
RSS_SAMPLE t=1794.4s rss=4734MB hwm=4734MB
RSS_SAMPLE t=1794.6s rss=4734MB hwm=4734MB
RSS_SAMPLE t=1794.9s rss=4734MB hwm=4734MB
RSS_SAMPLE t=1795.1s rss=4734MB hwm=4734MB
RSS_SAMPLE t=1795.4s rss=4734MB hwm=4734MB
RSS_SAMPLE t=1795.6s rss=4734MB hwm=4734MB
RSS_SAMPLE t=1795.9s rss=4734MB hwm=4734MB
RSS_SAMPLE t=1796.1s rss=4734MB hwm=4734MB
RSS_SAMPLE t=1796.4s rss=4734MB hwm=4734MB
RSS_SAMPLE t=1796.6s rss=4734MB hwm=4734MB
RSS_SAMPLE t=1796.9s rss=4734MB hwm=4734MB
RSS_SAMPLE t=1797.1s rss=4734MB hwm=4734MB
RSS_SAMPLE t=1797.4s rss=4734MB hwm=4734MB
RSS_SAMPLE t=1797.6s rss=4734MB hwm=4734MB
RSS_SAMPLE t=1797.9s rss=4734MB hwm=4734MB
RSS_SAMPLE t=1798.1s rss=4734MB hwm=4734MB
RSS_SAMPLE t=1798.4s rss=4734MB hwm=4734MB
RSS_SAMPLE t=1798.6s rss=4734MB hwm=4734MB
RSS_SAMPLE t=1798.9s rss=4734MB hwm=4734MB
RSS_SAMPLE t=1799.1s rss=4734MB hwm=4734MB
RSS_SAMPLE t=1799.4s rss=4734MB hwm=4734MB
RSS_SAMPLE t=1799.6s rss=4734MB hwm=4734MB
RSS_SAMPLE t=1799.9s rss=4734MB hwm=4734MB
RSS_SAMPLE t=1800.1s rss=4734MB hwm=4734MB
RSS_SAMPLE t=1800.4s rss=4734MB hwm=4734MB
RSS_SAMPLE t=1800.6s rss=4734MB hwm=4734MB
RSS_SAMPLE t=1800.9s rss=4734MB hwm=4734MB
RSS_SAMPLE t=1801.1s rss=4734MB hwm=4734MB
RSS_SAMPLE t=1801.4s rss=4734MB hwm=4734MB
RSS_SAMPLE t=1801.6s rss=4734MB hwm=4734MB
RSS_SAMPLE t=1801.9s rss=4734MB hwm=4734MB
RSS_SAMPLE t=1802.1s rss=4734MB hwm=4734MB
RSS_SAMPLE t=1802.4s rss=4734MB hwm=4734MB
RSS_SAMPLE t=1802.6s rss=4734MB hwm=4734MB
RSS_SAMPLE t=1802.9s rss=4734MB hwm=4734MB
RSS_SAMPLE t=1803.1s rss=4734MB hwm=4734MB
RSS_SAMPLE t=1803.4s rss=4734MB hwm=4734MB
RSS_SAMPLE t=1803.6s rss=4734MB hwm=4734MB
RSS_SAMPLE t=1803.9s rss=4734MB hwm=4734MB
RSS_SAMPLE t=1804.1s rss=4734MB hwm=4734MB
RSS_SAMPLE t=1804.4s rss=4734MB hwm=4734MB
RSS_SAMPLE t=1804.6s rss=4734MB hwm=4734MB
RSS_SAMPLE t=1804.9s rss=4734MB hwm=4734MB
RSS_SAMPLE t=1805.1s rss=4734MB hwm=4734MB
RSS_SAMPLE t=1805.4s rss=4734MB hwm=4734MB
RSS_SAMPLE t=1805.6s rss=4734MB hwm=4734MB
RSS_SAMPLE t=1805.9s rss=4734MB hwm=4734MB
RSS_SAMPLE t=1806.1s rss=4734MB hwm=4734MB
RSS_SAMPLE t=1806.4s rss=4734MB hwm=4734MB
RSS_SAMPLE t=1806.6s rss=4735MB hwm=4735MB
RSS_SAMPLE t=1806.9s rss=4735MB hwm=4735MB
RSS_SAMPLE t=1807.1s rss=4735MB hwm=4735MB
RSS_SAMPLE t=1807.4s rss=4735MB hwm=4735MB
RSS_SAMPLE t=1807.6s rss=4735MB hwm=4735MB
RSS_SAMPLE t=1807.9s rss=4735MB hwm=4735MB
RSS_SAMPLE t=1808.1s rss=4735MB hwm=4735MB
RSS_SAMPLE t=1808.4s rss=4735MB hwm=4735MB
RSS_SAMPLE t=1808.6s rss=4735MB hwm=4735MB
RSS_SAMPLE t=1808.9s rss=4735MB hwm=4735MB
RSS_SAMPLE t=1809.1s rss=4735MB hwm=4735MB
RSS_SAMPLE t=1809.4s rss=4735MB hwm=4735MB
RSS_SAMPLE t=1809.6s rss=4735MB hwm=4735MB
RSS_SAMPLE t=1809.9s rss=4735MB hwm=4735MB
RSS_SAMPLE t=1810.1s rss=4735MB hwm=4735MB
RSS_SAMPLE t=1810.4s rss=4735MB hwm=4735MB
RSS_SAMPLE t=1810.6s rss=4735MB hwm=4735MB
RSS_SAMPLE t=1810.9s rss=4735MB hwm=4735MB
RSS_SAMPLE t=1811.1s rss=4735MB hwm=4735MB
RSS_SAMPLE t=1811.4s rss=4735MB hwm=4735MB
RSS_SAMPLE t=1811.6s rss=4735MB hwm=4735MB
RSS_SAMPLE t=1811.9s rss=4735MB hwm=4735MB
RSS_SAMPLE t=1812.1s rss=4735MB hwm=4735MB
RSS_SAMPLE t=1812.4s rss=4735MB hwm=4735MB
RSS_SAMPLE t=1812.6s rss=4735MB hwm=4735MB
RSS_SAMPLE t=1812.9s rss=4735MB hwm=4735MB
RSS_SAMPLE t=1813.1s rss=4735MB hwm=4735MB
RSS_SAMPLE t=1813.4s rss=4735MB hwm=4735MB
RSS_SAMPLE t=1813.6s rss=4735MB hwm=4735MB
RSS_SAMPLE t=1813.9s rss=4735MB hwm=4735MB
RSS_SAMPLE t=1814.1s rss=4735MB hwm=4735MB
RSS_SAMPLE t=1814.4s rss=4735MB hwm=4735MB
RSS_SAMPLE t=1814.6s rss=4735MB hwm=4735MB
RSS_SAMPLE t=1814.9s rss=4735MB hwm=4735MB
RSS_SAMPLE t=1815.1s rss=4735MB hwm=4735MB
RSS_SAMPLE t=1815.4s rss=4736MB hwm=4736MB
RSS_SAMPLE t=1815.6s rss=4736MB hwm=4736MB
RSS_SAMPLE t=1815.9s rss=4736MB hwm=4736MB
RSS_SAMPLE t=1816.1s rss=4736MB hwm=4736MB
RSS_SAMPLE t=1816.4s rss=4736MB hwm=4736MB
RSS_SAMPLE t=1816.7s rss=4736MB hwm=4736MB
RSS_SAMPLE t=1816.9s rss=4736MB hwm=4736MB
RSS_SAMPLE t=1817.2s rss=4736MB hwm=4736MB
RSS_SAMPLE t=1817.4s rss=4736MB hwm=4736MB
RSS_SAMPLE t=1817.7s rss=4736MB hwm=4736MB
RSS_SAMPLE t=1817.9s rss=4736MB hwm=4736MB
RSS_SAMPLE t=1818.2s rss=4736MB hwm=4736MB
RSS_SAMPLE t=1818.4s rss=4736MB hwm=4736MB
RSS_SAMPLE t=1818.7s rss=4736MB hwm=4736MB
RSS_SAMPLE t=1818.9s rss=4736MB hwm=4736MB
RSS_SAMPLE t=1819.2s rss=4736MB hwm=4736MB
RSS_SAMPLE t=1819.4s rss=4736MB hwm=4736MB
RSS_SAMPLE t=1819.7s rss=4736MB hwm=4736MB
RSS_SAMPLE t=1819.9s rss=4736MB hwm=4736MB
RSS_SAMPLE t=1820.2s rss=4736MB hwm=4736MB
RSS_SAMPLE t=1820.4s rss=4736MB hwm=4736MB
RSS_SAMPLE t=1820.7s rss=4736MB hwm=4736MB
RSS_SAMPLE t=1820.9s rss=4736MB hwm=4736MB
RSS_SAMPLE t=1821.2s rss=4736MB hwm=4736MB
RSS_SAMPLE t=1821.4s rss=4736MB hwm=4736MB
RSS_SAMPLE t=1821.7s rss=4736MB hwm=4736MB
RSS_SAMPLE t=1821.9s rss=4736MB hwm=4736MB
RSS_SAMPLE t=1822.2s rss=4736MB hwm=4736MB
RSS_SAMPLE t=1822.4s rss=4736MB hwm=4736MB
RSS_SAMPLE t=1822.7s rss=4736MB hwm=4736MB
RSS_SAMPLE t=1822.9s rss=4736MB hwm=4736MB
RSS_SAMPLE t=1823.2s rss=4736MB hwm=4736MB
RSS_SAMPLE t=1823.4s rss=4736MB hwm=4736MB
RSS_SAMPLE t=1823.7s rss=4736MB hwm=4736MB
RSS_SAMPLE t=1823.9s rss=4736MB hwm=4736MB
RSS_SAMPLE t=1824.2s rss=4736MB hwm=4736MB
RSS_SAMPLE t=1824.4s rss=4736MB hwm=4736MB
RSS_SAMPLE t=1824.7s rss=4736MB hwm=4736MB
RSS_SAMPLE t=1824.9s rss=4736MB hwm=4736MB
RSS_SAMPLE t=1825.2s rss=4736MB hwm=4736MB
RSS_SAMPLE t=1825.4s rss=4736MB hwm=4736MB
RSS_SAMPLE t=1825.7s rss=4736MB hwm=4736MB
RSS_SAMPLE t=1825.9s rss=4736MB hwm=4736MB
RSS_SAMPLE t=1826.2s rss=4736MB hwm=4736MB
RSS_SAMPLE t=1826.4s rss=4736MB hwm=4736MB
RSS_SAMPLE t=1826.7s rss=4736MB hwm=4736MB
RSS_SAMPLE t=1826.9s rss=4736MB hwm=4736MB
RSS_SAMPLE t=1827.2s rss=4736MB hwm=4736MB
RSS_SAMPLE t=1827.4s rss=4736MB hwm=4736MB
RSS_SAMPLE t=1827.7s rss=4736MB hwm=4736MB
RSS_SAMPLE t=1827.9s rss=4736MB hwm=4736MB
RSS_SAMPLE t=1828.2s rss=4736MB hwm=4736MB
RSS_SAMPLE t=1828.4s rss=4736MB hwm=4736MB
RSS_SAMPLE t=1828.7s rss=4736MB hwm=4736MB
RSS_SAMPLE t=1828.9s rss=4736MB hwm=4736MB
RSS_SAMPLE t=1829.2s rss=4736MB hwm=4736MB
RSS_SAMPLE t=1829.4s rss=4736MB hwm=4736MB
RSS_SAMPLE t=1829.7s rss=4736MB hwm=4736MB
RSS_SAMPLE t=1829.9s rss=4736MB hwm=4736MB
RSS_SAMPLE t=1830.2s rss=4736MB hwm=4736MB
RSS_SAMPLE t=1830.4s rss=4736MB hwm=4736MB
RSS_SAMPLE t=1830.7s rss=4736MB hwm=4736MB
RSS_SAMPLE t=1830.9s rss=4736MB hwm=4736MB
RSS_SAMPLE t=1831.2s rss=4736MB hwm=4736MB
RSS_SAMPLE t=1831.4s rss=4736MB hwm=4736MB
RSS_SAMPLE t=1831.7s rss=4736MB hwm=4736MB
RSS_SAMPLE t=1831.9s rss=4736MB hwm=4736MB
RSS_SAMPLE t=1832.2s rss=4736MB hwm=4736MB
RSS_SAMPLE t=1832.4s rss=4736MB hwm=4736MB
RSS_SAMPLE t=1832.7s rss=4736MB hwm=4736MB
RSS_SAMPLE t=1832.9s rss=4736MB hwm=4736MB
RSS_SAMPLE t=1833.2s rss=4736MB hwm=4736MB
RSS_SAMPLE t=1833.4s rss=4736MB hwm=4736MB
RSS_SAMPLE t=1833.7s rss=4736MB hwm=4736MB
RSS_SAMPLE t=1833.9s rss=4736MB hwm=4736MB
RSS_SAMPLE t=1834.2s rss=4736MB hwm=4736MB
RSS_SAMPLE t=1834.4s rss=4736MB hwm=4736MB
RSS_SAMPLE t=1834.7s rss=4736MB hwm=4736MB
RSS_SAMPLE t=1834.9s rss=4736MB hwm=4736MB
RSS_SAMPLE t=1835.2s rss=4736MB hwm=4736MB
RSS_SAMPLE t=1835.4s rss=4736MB hwm=4736MB
RSS_SAMPLE t=1835.7s rss=4736MB hwm=4736MB
RSS_SAMPLE t=1835.9s rss=4736MB hwm=4736MB
RSS_SAMPLE t=1836.2s rss=4736MB hwm=4736MB
RSS_SAMPLE t=1836.4s rss=4736MB hwm=4736MB
RSS_SAMPLE t=1836.7s rss=4736MB hwm=4736MB
RSS_SAMPLE t=1836.9s rss=4736MB hwm=4736MB
RSS_SAMPLE t=1837.2s rss=4736MB hwm=4736MB
RSS_SAMPLE t=1837.4s rss=4736MB hwm=4736MB
RSS_SAMPLE t=1837.7s rss=4736MB hwm=4736MB
RSS_SAMPLE t=1837.9s rss=4736MB hwm=4736MB
RSS_SAMPLE t=1838.2s rss=4736MB hwm=4736MB
RSS_SAMPLE t=1838.4s rss=4736MB hwm=4736MB
RSS_SAMPLE t=1838.7s rss=4736MB hwm=4736MB
RSS_SAMPLE t=1838.9s rss=4736MB hwm=4736MB
RSS_SAMPLE t=1839.2s rss=4736MB hwm=4736MB
RSS_SAMPLE t=1839.4s rss=4736MB hwm=4736MB
RSS_SAMPLE t=1839.7s rss=4736MB hwm=4736MB
RSS_SAMPLE t=1839.9s rss=4736MB hwm=4736MB
RSS_SAMPLE t=1840.2s rss=4736MB hwm=4736MB
RSS_SAMPLE t=1840.4s rss=4736MB hwm=4736MB
RSS_SAMPLE t=1840.7s rss=4736MB hwm=4736MB
RSS_SAMPLE t=1840.9s rss=4736MB hwm=4736MB
RSS_SAMPLE t=1841.2s rss=4736MB hwm=4736MB
RSS_SAMPLE t=1841.4s rss=4736MB hwm=4736MB
RSS_SAMPLE t=1841.7s rss=4736MB hwm=4736MB
RSS_SAMPLE t=1841.9s rss=4736MB hwm=4736MB
RSS_SAMPLE t=1842.2s rss=4736MB hwm=4736MB
RSS_SAMPLE t=1842.4s rss=4736MB hwm=4736MB
RSS_SAMPLE t=1842.7s rss=4736MB hwm=4736MB
RSS_SAMPLE t=1842.9s rss=4736MB hwm=4736MB
RSS_SAMPLE t=1843.2s rss=4736MB hwm=4736MB
RSS_SAMPLE t=1843.4s rss=4736MB hwm=4736MB
RSS_SAMPLE t=1843.7s rss=4736MB hwm=4736MB
RSS_SAMPLE t=1843.9s rss=4736MB hwm=4736MB
RSS_SAMPLE t=1844.2s rss=4736MB hwm=4736MB
RSS_SAMPLE t=1844.4s rss=4736MB hwm=4736MB
RSS_SAMPLE t=1844.7s rss=4736MB hwm=4736MB
RSS_SAMPLE t=1844.9s rss=4736MB hwm=4736MB
RSS_SAMPLE t=1845.2s rss=4736MB hwm=4736MB
RSS_SAMPLE t=1845.4s rss=4736MB hwm=4736MB
RSS_SAMPLE t=1845.7s rss=4736MB hwm=4736MB
RSS_SAMPLE t=1845.9s rss=4736MB hwm=4736MB
RSS_SAMPLE t=1846.2s rss=4736MB hwm=4736MB
RSS_SAMPLE t=1846.4s rss=4736MB hwm=4736MB
RSS_SAMPLE t=1846.7s rss=4736MB hwm=4736MB
RSS_SAMPLE t=1846.9s rss=4736MB hwm=4736MB
RSS_SAMPLE t=1847.2s rss=4736MB hwm=4736MB
RSS_SAMPLE t=1847.4s rss=4736MB hwm=4736MB
RSS_SAMPLE t=1847.7s rss=4736MB hwm=4736MB
RSS_SAMPLE t=1847.9s rss=4736MB hwm=4736MB
RSS_SAMPLE t=1848.2s rss=4736MB hwm=4736MB
RSS_SAMPLE t=1848.4s rss=4736MB hwm=4736MB
RSS_SAMPLE t=1848.7s rss=4736MB hwm=4736MB
RSS_SAMPLE t=1848.9s rss=4736MB hwm=4736MB
RSS_SAMPLE t=1849.2s rss=4736MB hwm=4736MB
RSS_SAMPLE t=1849.4s rss=4736MB hwm=4736MB
RSS_SAMPLE t=1849.7s rss=4736MB hwm=4736MB
RSS_SAMPLE t=1849.9s rss=4736MB hwm=4736MB
RSS_SAMPLE t=1850.2s rss=4736MB hwm=4736MB
RSS_SAMPLE t=1850.4s rss=4736MB hwm=4736MB
RSS_SAMPLE t=1850.7s rss=4736MB hwm=4736MB
RSS_SAMPLE t=1850.9s rss=4736MB hwm=4736MB
RSS_SAMPLE t=1851.2s rss=4736MB hwm=4736MB
RSS_SAMPLE t=1851.4s rss=4736MB hwm=4736MB
RSS_SAMPLE t=1851.7s rss=4736MB hwm=4736MB
RSS_SAMPLE t=1851.9s rss=4736MB hwm=4736MB
RSS_SAMPLE t=1852.2s rss=4736MB hwm=4736MB
RSS_SAMPLE t=1852.4s rss=4736MB hwm=4736MB
RSS_SAMPLE t=1852.7s rss=4736MB hwm=4736MB
RSS_SAMPLE t=1852.9s rss=4736MB hwm=4736MB
RSS_SAMPLE t=1853.2s rss=4736MB hwm=4736MB
RSS_SAMPLE t=1853.4s rss=4736MB hwm=4736MB
RSS_SAMPLE t=1853.7s rss=4736MB hwm=4736MB
RSS_SAMPLE t=1853.9s rss=4736MB hwm=4736MB
RSS_SAMPLE t=1854.2s rss=4736MB hwm=4736MB
RSS_SAMPLE t=1854.4s rss=4736MB hwm=4736MB
RSS_SAMPLE t=1854.7s rss=4736MB hwm=4736MB
RSS_SAMPLE t=1854.9s rss=4736MB hwm=4736MB
RSS_SAMPLE t=1855.2s rss=4736MB hwm=4736MB
RSS_SAMPLE t=1855.4s rss=4736MB hwm=4736MB
RSS_SAMPLE t=1855.7s rss=4736MB hwm=4736MB
RSS_SAMPLE t=1855.9s rss=4736MB hwm=4736MB
RSS_SAMPLE t=1856.2s rss=4736MB hwm=4736MB
RSS_SAMPLE t=1856.4s rss=4736MB hwm=4736MB
RSS_SAMPLE t=1856.7s rss=4736MB hwm=4736MB
RSS_SAMPLE t=1856.9s rss=4736MB hwm=4736MB
RSS_SAMPLE t=1857.2s rss=4736MB hwm=4736MB
RSS_SAMPLE t=1857.4s rss=4736MB hwm=4736MB
RSS_SAMPLE t=1857.7s rss=4736MB hwm=4736MB
RSS_SAMPLE t=1858.0s rss=4736MB hwm=4736MB
RSS_SAMPLE t=1858.2s rss=4736MB hwm=4736MB
RSS_SAMPLE t=1858.5s rss=4736MB hwm=4736MB
RSS_SAMPLE t=1858.7s rss=4736MB hwm=4736MB
RSS_SAMPLE t=1859.0s rss=4736MB hwm=4736MB
RSS_SAMPLE t=1859.2s rss=4736MB hwm=4736MB
RSS_SAMPLE t=1859.5s rss=4736MB hwm=4736MB
RSS_SAMPLE t=1859.7s rss=4736MB hwm=4736MB
RSS_SAMPLE t=1860.0s rss=4736MB hwm=4736MB
RSS_SAMPLE t=1860.2s rss=4736MB hwm=4736MB
RSS_SAMPLE t=1860.5s rss=4736MB hwm=4736MB
RSS_SAMPLE t=1860.7s rss=4736MB hwm=4736MB
RSS_SAMPLE t=1861.0s rss=4736MB hwm=4736MB
RSS_SAMPLE t=1861.2s rss=4736MB hwm=4736MB
RSS_SAMPLE t=1861.5s rss=4736MB hwm=4736MB
RSS_SAMPLE t=1861.7s rss=4736MB hwm=4736MB
RSS_SAMPLE t=1862.0s rss=4736MB hwm=4736MB
RSS_SAMPLE t=1862.2s rss=4736MB hwm=4736MB
RSS_SAMPLE t=1862.5s rss=4736MB hwm=4736MB
RSS_SAMPLE t=1862.7s rss=4736MB hwm=4736MB
RSS_SAMPLE t=1863.0s rss=4736MB hwm=4736MB
RSS_SAMPLE t=1863.2s rss=4736MB hwm=4736MB
RSS_SAMPLE t=1863.5s rss=4736MB hwm=4736MB
RSS_SAMPLE t=1863.7s rss=4736MB hwm=4736MB
RSS_SAMPLE t=1864.0s rss=4736MB hwm=4736MB
RSS_SAMPLE t=1864.2s rss=4736MB hwm=4736MB
RSS_SAMPLE t=1864.5s rss=4736MB hwm=4736MB
RSS_SAMPLE t=1864.7s rss=4736MB hwm=4736MB
RSS_SAMPLE t=1865.0s rss=4736MB hwm=4736MB
RSS_SAMPLE t=1865.2s rss=4736MB hwm=4736MB
RSS_SAMPLE t=1865.5s rss=4736MB hwm=4736MB
RSS_SAMPLE t=1865.7s rss=4736MB hwm=4736MB
RSS_SAMPLE t=1866.0s rss=4736MB hwm=4736MB
RSS_SAMPLE t=1866.2s rss=4736MB hwm=4736MB
RSS_SAMPLE t=1866.5s rss=4736MB hwm=4736MB
RSS_SAMPLE t=1866.7s rss=4736MB hwm=4736MB
RSS_SAMPLE t=1867.0s rss=4736MB hwm=4736MB
RSS_SAMPLE t=1867.2s rss=4736MB hwm=4736MB
RSS_SAMPLE t=1867.5s rss=4736MB hwm=4736MB
RSS_SAMPLE t=1867.7s rss=4736MB hwm=4736MB
RSS_SAMPLE t=1868.0s rss=4736MB hwm=4736MB
RSS_SAMPLE t=1868.2s rss=4736MB hwm=4736MB
RSS_SAMPLE t=1868.5s rss=4736MB hwm=4736MB
RSS_SAMPLE t=1868.7s rss=4736MB hwm=4736MB
RSS_SAMPLE t=1869.0s rss=4736MB hwm=4736MB
RSS_SAMPLE t=1869.2s rss=4736MB hwm=4736MB
RSS_SAMPLE t=1869.5s rss=4736MB hwm=4736MB
RSS_SAMPLE t=1869.7s rss=4736MB hwm=4736MB
RSS_SAMPLE t=1870.0s rss=4736MB hwm=4736MB
RSS_SAMPLE t=1870.2s rss=4736MB hwm=4736MB
RSS_SAMPLE t=1870.5s rss=4736MB hwm=4736MB
RSS_SAMPLE t=1870.7s rss=4736MB hwm=4736MB
RSS_SAMPLE t=1871.0s rss=4736MB hwm=4736MB
RSS_SAMPLE t=1871.2s rss=4736MB hwm=4736MB
RSS_SAMPLE t=1871.5s rss=4736MB hwm=4736MB
RSS_SAMPLE t=1871.7s rss=4736MB hwm=4736MB
RSS_SAMPLE t=1872.0s rss=4736MB hwm=4736MB
RSS_SAMPLE t=1872.2s rss=4736MB hwm=4736MB
RSS_SAMPLE t=1872.5s rss=4736MB hwm=4736MB
RSS_SAMPLE t=1872.7s rss=4736MB hwm=4736MB
RSS_SAMPLE t=1873.0s rss=4736MB hwm=4736MB
RSS_SAMPLE t=1873.2s rss=4736MB hwm=4736MB
RSS_SAMPLE t=1873.5s rss=4736MB hwm=4736MB
RSS_SAMPLE t=1873.7s rss=4736MB hwm=4736MB
RSS_SAMPLE t=1874.0s rss=4736MB hwm=4736MB
RSS_SAMPLE t=1874.2s rss=4736MB hwm=4736MB
RSS_SAMPLE t=1874.5s rss=4736MB hwm=4736MB
RSS_SAMPLE t=1874.7s rss=4736MB hwm=4736MB
RSS_SAMPLE t=1875.0s rss=4736MB hwm=4736MB
RSS_SAMPLE t=1875.2s rss=4736MB hwm=4736MB
RSS_SAMPLE t=1875.5s rss=4736MB hwm=4736MB
RSS_SAMPLE t=1875.7s rss=4736MB hwm=4736MB
RSS_SAMPLE t=1876.0s rss=4736MB hwm=4736MB
RSS_SAMPLE t=1876.2s rss=4736MB hwm=4736MB
RSS_SAMPLE t=1876.5s rss=4736MB hwm=4736MB
RSS_SAMPLE t=1876.7s rss=4736MB hwm=4736MB
RSS_SAMPLE t=1877.0s rss=4736MB hwm=4736MB
RSS_SAMPLE t=1877.2s rss=4736MB hwm=4736MB
RSS_SAMPLE t=1877.5s rss=4736MB hwm=4736MB
RSS_SAMPLE t=1877.7s rss=4736MB hwm=4736MB
RSS_SAMPLE t=1878.0s rss=4736MB hwm=4736MB
RSS_SAMPLE t=1878.2s rss=4736MB hwm=4736MB
RSS_SAMPLE t=1878.5s rss=4736MB hwm=4736MB
RSS_SAMPLE t=1878.7s rss=4736MB hwm=4736MB
RSS_SAMPLE t=1879.0s rss=4736MB hwm=4736MB
RSS_SAMPLE t=1879.2s rss=4736MB hwm=4736MB
RSS_SAMPLE t=1879.5s rss=4736MB hwm=4736MB
RSS_SAMPLE t=1879.7s rss=4736MB hwm=4736MB
RSS_SAMPLE t=1880.0s rss=4736MB hwm=4736MB
RSS_SAMPLE t=1880.2s rss=4736MB hwm=4736MB
RSS_SAMPLE t=1880.5s rss=4736MB hwm=4736MB
RSS_SAMPLE t=1880.7s rss=4736MB hwm=4736MB
RSS_SAMPLE t=1881.0s rss=4736MB hwm=4736MB
RSS_SAMPLE t=1881.2s rss=4736MB hwm=4736MB
RSS_SAMPLE t=1881.5s rss=4736MB hwm=4736MB
RSS_SAMPLE t=1881.7s rss=4736MB hwm=4736MB
RSS_SAMPLE t=1882.0s rss=4736MB hwm=4736MB
RSS_SAMPLE t=1882.2s rss=4736MB hwm=4736MB
RSS_SAMPLE t=1882.5s rss=4736MB hwm=4736MB
RSS_SAMPLE t=1882.7s rss=4736MB hwm=4736MB
RSS_SAMPLE t=1883.0s rss=4736MB hwm=4736MB
RSS_SAMPLE t=1883.2s rss=4736MB hwm=4736MB
RSS_SAMPLE t=1883.5s rss=4737MB hwm=4737MB
RSS_SAMPLE t=1883.7s rss=4737MB hwm=4737MB
RSS_SAMPLE t=1884.0s rss=4737MB hwm=4737MB
RSS_SAMPLE t=1884.2s rss=4737MB hwm=4737MB
RSS_SAMPLE t=1884.5s rss=4737MB hwm=4737MB
RSS_SAMPLE t=1884.7s rss=4737MB hwm=4737MB
RSS_SAMPLE t=1885.0s rss=4737MB hwm=4737MB
RSS_SAMPLE t=1885.2s rss=4737MB hwm=4737MB
RSS_SAMPLE t=1885.5s rss=4737MB hwm=4737MB
RSS_SAMPLE t=1885.7s rss=4737MB hwm=4737MB
RSS_SAMPLE t=1886.0s rss=4737MB hwm=4737MB
MEM_POOL: workspaces=32 dense_usage_mb=1251 n_pipes=2562403
    post_solve_diag[outer=10]: solves=105117 cap_armed=105117 (100.0%) settle_avg=5813 above_sink_avg=180 (3.1%) settle_max=69353
    load_support[outer=10]: settle_avg=5813 load_nz_avg=3940 (67.8%) load_material_avg=1567 (27.0%)
    prune_ceiling[outer=10]: settle_avg=5813 heuristic_prunable_avg=631 (10.8%) vs oracle_zero_load=32.2%
    settle_hist[outer=10]: <100: 30198nets/0.1%work  <1k: 21085nets/1.3%work  <5k: 24394nets/10.4%work  <20k: 19028nets/33.2%work  <60k: 10188nets/52.6%work  >=60k: 224nets/2.3%work
    fanout_hist[outer=10]: fan1: 43710nets/13.1%work  fan2-4: 48279nets/50.0%work  fan5-16: 12974nets/35.9%work  fan17-64: 154nets/1.0%work  fan65-256: 0nets/0.0%work  fan>256: 0nets/0.0%work
    rss_probe[outer=10]: pre_post_solve=4720MB post_post_solve=4737MB after_apply=4737MB
RSS_SAMPLE t=1886.2s rss=4737MB hwm=4737MB
    E_decomp: base=6379553.3 eff=208202405419058.6 cong=208202399039505.3 cong_share=100.0% sat_pipes=107020 max_util=1872.64  R_buckets: 1-2x=111768 2-10x=418990 10-100x=1042821 >=100x=988824
    E_potential: beckmann=185631426780367.5 history_total=0.0
    SpanCache: epoch=11 entries=2052 lookups=2562403 hits=2560351 misses=2052 hit_rate=99.9%
  DCD  10: nets=105117 line=12621770 energy=2900858375.696 dE=-4418226140.716 friction=9986143.2 bins=2.0x(222) excess=72.5 moved=67514 disp=5.144 solves=105117 skip=105117 pops=611008296 theta=1.210 refresh=141443ms dcd=12061ms total=157123ms
    cache_stats: entries=58916446 capacity=117022947 est_mb=1009 rss_mb=4737
RSS_SAMPLE t=1886.5s rss=4737MB hwm=4737MB
RSS_SAMPLE t=1886.7s rss=4737MB hwm=4737MB
RSS_SAMPLE t=1887.0s rss=4737MB hwm=4737MB
RSS_SAMPLE t=1887.2s rss=4737MB hwm=4737MB
RSS_SAMPLE t=1887.5s rss=4737MB hwm=4737MB
RSS_SAMPLE t=1887.7s rss=4737MB hwm=4737MB
RSS_SAMPLE t=1888.0s rss=4737MB hwm=4737MB
RSS_SAMPLE t=1888.2s rss=4737MB hwm=4737MB
RSS_SAMPLE t=1888.5s rss=4737MB hwm=4737MB
RSS_SAMPLE t=1888.7s rss=4737MB hwm=4737MB
RSS_SAMPLE t=1889.0s rss=4737MB hwm=4737MB
    SwitchMatrix: type_usage_pairs=991 lookups=2988 hits=1997 dijkstra_calls=991 avg_us=8.6 total_ms=8.6
PHASE_MARK outer=11 enter=pre_solve rss=4737MB
    rss_probe[outer=11]: pre_refresh_rss=4737MB post_pre_solve_rss=4737MB cache_entries=58916446 cache_cap=117022947 cache_est_mb=1009
    pre_solve_diag[outer=11]: solves=0 fallback=0 (0.0%) cap_armed=0 (0.0%) settle_avg=0 settle_max=0 init_count=248
    Overflow: over=97445 (3.8% of used) avg_excess=6.10 max_excess=2691.27 (nc=2715.27 cap=24 span=1)  excess_buckets: <=1=33130 1-5=39975 5-20=19532 >20=4808  by_cap: cap1=23987 cap2=70466 cap3-5=0 cap>5=2992  by_span: s1=540 s2-3=1281 s4-6=2198 s7-12=69200 s>12=24226  le1_cross: cap1=18509 cap2-5=14456 cap>5=165
    Congestion: pipes=2562403 used=2562403 congested(>50%)=209513 saturated(>90%)=107020 max_util=1872.64 avg_util=0.2828
PHASE_MARK outer=11 enter=dcd_sweep rss=4737MB
RSS_SAMPLE t=1889.2s rss=4737MB hwm=4737MB
RSS_SAMPLE t=1889.5s rss=4737MB hwm=4737MB
RSS_SAMPLE t=1889.7s rss=4737MB hwm=4737MB
RSS_SAMPLE t=1890.0s rss=4737MB hwm=4737MB
RSS_SAMPLE t=1890.2s rss=4737MB hwm=4737MB
RSS_SAMPLE t=1890.5s rss=4737MB hwm=4737MB
RSS_SAMPLE t=1890.7s rss=4737MB hwm=4737MB
RSS_SAMPLE t=1891.0s rss=4737MB hwm=4737MB
RSS_SAMPLE t=1891.2s rss=4737MB hwm=4737MB
RSS_SAMPLE t=1891.5s rss=4737MB hwm=4737MB
RSS_SAMPLE t=1891.7s rss=4737MB hwm=4737MB
RSS_SAMPLE t=1892.0s rss=4737MB hwm=4737MB
RSS_SAMPLE t=1892.2s rss=4737MB hwm=4737MB
RSS_SAMPLE t=1892.5s rss=4737MB hwm=4737MB
RSS_SAMPLE t=1892.7s rss=4737MB hwm=4737MB
RSS_SAMPLE t=1893.0s rss=4737MB hwm=4737MB
RSS_SAMPLE t=1893.2s rss=4737MB hwm=4737MB
RSS_SAMPLE t=1893.5s rss=4737MB hwm=4737MB
RSS_SAMPLE t=1893.7s rss=4737MB hwm=4737MB
RSS_SAMPLE t=1894.0s rss=4737MB hwm=4737MB
RSS_SAMPLE t=1894.2s rss=4737MB hwm=4737MB
RSS_SAMPLE t=1894.5s rss=4737MB hwm=4737MB
RSS_SAMPLE t=1894.7s rss=4737MB hwm=4737MB
RSS_SAMPLE t=1895.0s rss=4737MB hwm=4737MB
RSS_SAMPLE t=1895.2s rss=4737MB hwm=4737MB
RSS_SAMPLE t=1895.5s rss=4737MB hwm=4737MB
RSS_SAMPLE t=1895.7s rss=4737MB hwm=4737MB
RSS_SAMPLE t=1896.0s rss=4737MB hwm=4737MB
RSS_SAMPLE t=1896.2s rss=4737MB hwm=4737MB
RSS_SAMPLE t=1896.5s rss=4737MB hwm=4737MB
RSS_SAMPLE t=1896.7s rss=4737MB hwm=4737MB
RSS_SAMPLE t=1897.0s rss=4737MB hwm=4737MB
RSS_SAMPLE t=1897.3s rss=4737MB hwm=4737MB
RSS_SAMPLE t=1897.5s rss=4737MB hwm=4737MB
RSS_SAMPLE t=1897.8s rss=4737MB hwm=4737MB
RSS_SAMPLE t=1898.0s rss=4737MB hwm=4737MB
RSS_SAMPLE t=1898.3s rss=4737MB hwm=4737MB
RSS_SAMPLE t=1898.5s rss=4737MB hwm=4737MB
RSS_SAMPLE t=1898.8s rss=4737MB hwm=4737MB
RSS_SAMPLE t=1899.0s rss=4737MB hwm=4737MB
RSS_SAMPLE t=1899.3s rss=4737MB hwm=4737MB
RSS_SAMPLE t=1899.5s rss=4737MB hwm=4737MB
RSS_SAMPLE t=1899.8s rss=4737MB hwm=4737MB
RSS_SAMPLE t=1900.0s rss=4737MB hwm=4737MB
RSS_SAMPLE t=1900.3s rss=4737MB hwm=4737MB
RSS_SAMPLE t=1900.5s rss=4737MB hwm=4737MB
RSS_SAMPLE t=1900.8s rss=4737MB hwm=4737MB
PHASE_MARK outer=11 leave=dcd_sweep rss=4737MB
PHASE_MARK outer=11 enter=post_refresh rss=4737MB
RSS_SAMPLE t=1901.0s rss=4738MB hwm=4738MB
RSS_SAMPLE t=1901.3s rss=4738MB hwm=4738MB
RSS_SAMPLE t=1901.5s rss=4738MB hwm=4738MB
RSS_SAMPLE t=1901.8s rss=4738MB hwm=4738MB
RSS_SAMPLE t=1902.0s rss=4738MB hwm=4738MB
RSS_SAMPLE t=1902.3s rss=4738MB hwm=4738MB
RSS_SAMPLE t=1902.5s rss=4738MB hwm=4738MB
RSS_SAMPLE t=1902.8s rss=4738MB hwm=4738MB
RSS_SAMPLE t=1903.0s rss=4738MB hwm=4738MB
RSS_SAMPLE t=1903.3s rss=4738MB hwm=4738MB
RSS_SAMPLE t=1903.5s rss=4738MB hwm=4738MB
RSS_SAMPLE t=1903.8s rss=4738MB hwm=4738MB
RSS_SAMPLE t=1904.0s rss=4738MB hwm=4738MB
RSS_SAMPLE t=1904.3s rss=4738MB hwm=4738MB
RSS_SAMPLE t=1904.5s rss=4738MB hwm=4738MB
RSS_SAMPLE t=1904.8s rss=4738MB hwm=4738MB
RSS_SAMPLE t=1905.0s rss=4738MB hwm=4738MB
RSS_SAMPLE t=1905.3s rss=4738MB hwm=4738MB
RSS_SAMPLE t=1905.5s rss=4738MB hwm=4738MB
RSS_SAMPLE t=1905.8s rss=4738MB hwm=4738MB
RSS_SAMPLE t=1906.0s rss=4738MB hwm=4738MB
RSS_SAMPLE t=1906.3s rss=4738MB hwm=4738MB
RSS_SAMPLE t=1906.5s rss=4738MB hwm=4738MB
RSS_SAMPLE t=1906.8s rss=4738MB hwm=4738MB
RSS_SAMPLE t=1907.0s rss=4738MB hwm=4738MB
RSS_SAMPLE t=1907.3s rss=4738MB hwm=4738MB
RSS_SAMPLE t=1907.5s rss=4738MB hwm=4738MB
RSS_SAMPLE t=1907.8s rss=4738MB hwm=4738MB
RSS_SAMPLE t=1908.0s rss=4738MB hwm=4738MB
RSS_SAMPLE t=1908.3s rss=4738MB hwm=4738MB
RSS_SAMPLE t=1908.5s rss=4738MB hwm=4738MB
RSS_SAMPLE t=1908.8s rss=4738MB hwm=4738MB
RSS_SAMPLE t=1909.0s rss=4738MB hwm=4738MB
RSS_SAMPLE t=1909.3s rss=4738MB hwm=4738MB
RSS_SAMPLE t=1909.5s rss=4738MB hwm=4738MB
RSS_SAMPLE t=1909.8s rss=4738MB hwm=4738MB
RSS_SAMPLE t=1910.0s rss=4738MB hwm=4738MB
RSS_SAMPLE t=1910.3s rss=4738MB hwm=4738MB
RSS_SAMPLE t=1910.5s rss=4738MB hwm=4738MB
RSS_SAMPLE t=1910.8s rss=4738MB hwm=4738MB
RSS_SAMPLE t=1911.0s rss=4739MB hwm=4739MB
RSS_SAMPLE t=1911.3s rss=4739MB hwm=4739MB
RSS_SAMPLE t=1911.5s rss=4739MB hwm=4739MB
RSS_SAMPLE t=1911.8s rss=4739MB hwm=4739MB
RSS_SAMPLE t=1912.0s rss=4739MB hwm=4739MB
RSS_SAMPLE t=1912.3s rss=4739MB hwm=4739MB
RSS_SAMPLE t=1912.5s rss=4739MB hwm=4739MB
RSS_SAMPLE t=1912.8s rss=4739MB hwm=4739MB
RSS_SAMPLE t=1913.0s rss=4739MB hwm=4739MB
RSS_SAMPLE t=1913.3s rss=4739MB hwm=4739MB
RSS_SAMPLE t=1913.5s rss=4739MB hwm=4739MB
RSS_SAMPLE t=1913.8s rss=4739MB hwm=4739MB
RSS_SAMPLE t=1914.0s rss=4739MB hwm=4739MB
RSS_SAMPLE t=1914.3s rss=4739MB hwm=4739MB
RSS_SAMPLE t=1914.5s rss=4739MB hwm=4739MB
RSS_SAMPLE t=1914.8s rss=4739MB hwm=4739MB
RSS_SAMPLE t=1915.0s rss=4739MB hwm=4739MB
RSS_SAMPLE t=1915.3s rss=4739MB hwm=4739MB
RSS_SAMPLE t=1915.5s rss=4739MB hwm=4739MB
RSS_SAMPLE t=1915.8s rss=4739MB hwm=4739MB
RSS_SAMPLE t=1916.0s rss=4739MB hwm=4739MB
RSS_SAMPLE t=1916.3s rss=4739MB hwm=4739MB
RSS_SAMPLE t=1916.5s rss=4739MB hwm=4739MB
RSS_SAMPLE t=1916.8s rss=4739MB hwm=4739MB
RSS_SAMPLE t=1917.1s rss=4739MB hwm=4739MB
RSS_SAMPLE t=1917.3s rss=4739MB hwm=4739MB
RSS_SAMPLE t=1917.6s rss=4739MB hwm=4739MB
RSS_SAMPLE t=1917.8s rss=4739MB hwm=4739MB
RSS_SAMPLE t=1918.1s rss=4739MB hwm=4739MB
RSS_SAMPLE t=1918.3s rss=4739MB hwm=4739MB
RSS_SAMPLE t=1918.6s rss=4739MB hwm=4739MB
RSS_SAMPLE t=1918.8s rss=4739MB hwm=4739MB
RSS_SAMPLE t=1919.1s rss=4739MB hwm=4739MB
RSS_SAMPLE t=1919.3s rss=4739MB hwm=4739MB
RSS_SAMPLE t=1919.6s rss=4740MB hwm=4740MB
RSS_SAMPLE t=1919.8s rss=4740MB hwm=4740MB
RSS_SAMPLE t=1920.1s rss=4740MB hwm=4740MB
RSS_SAMPLE t=1920.3s rss=4740MB hwm=4740MB
RSS_SAMPLE t=1920.6s rss=4740MB hwm=4740MB
RSS_SAMPLE t=1920.8s rss=4740MB hwm=4740MB
RSS_SAMPLE t=1921.1s rss=4740MB hwm=4740MB
RSS_SAMPLE t=1921.3s rss=4740MB hwm=4740MB
RSS_SAMPLE t=1921.6s rss=4740MB hwm=4740MB
RSS_SAMPLE t=1921.8s rss=4740MB hwm=4740MB
RSS_SAMPLE t=1922.1s rss=4740MB hwm=4740MB
RSS_SAMPLE t=1922.3s rss=4741MB hwm=4741MB
RSS_SAMPLE t=1922.6s rss=4741MB hwm=4741MB
RSS_SAMPLE t=1922.8s rss=4741MB hwm=4741MB
RSS_SAMPLE t=1923.1s rss=4741MB hwm=4741MB
RSS_SAMPLE t=1923.3s rss=4741MB hwm=4741MB
RSS_SAMPLE t=1923.6s rss=4741MB hwm=4741MB
RSS_SAMPLE t=1923.8s rss=4741MB hwm=4741MB
RSS_SAMPLE t=1924.1s rss=4741MB hwm=4741MB
RSS_SAMPLE t=1924.3s rss=4741MB hwm=4741MB
RSS_SAMPLE t=1924.6s rss=4741MB hwm=4741MB
RSS_SAMPLE t=1924.8s rss=4741MB hwm=4741MB
RSS_SAMPLE t=1925.1s rss=4741MB hwm=4741MB
RSS_SAMPLE t=1925.3s rss=4741MB hwm=4741MB
RSS_SAMPLE t=1925.6s rss=4741MB hwm=4741MB
RSS_SAMPLE t=1925.8s rss=4741MB hwm=4741MB
RSS_SAMPLE t=1926.1s rss=4741MB hwm=4741MB
RSS_SAMPLE t=1926.3s rss=4741MB hwm=4741MB
RSS_SAMPLE t=1926.6s rss=4742MB hwm=4742MB
RSS_SAMPLE t=1926.8s rss=4742MB hwm=4742MB
RSS_SAMPLE t=1927.1s rss=4742MB hwm=4742MB
RSS_SAMPLE t=1927.3s rss=4742MB hwm=4742MB
RSS_SAMPLE t=1927.6s rss=4742MB hwm=4742MB
RSS_SAMPLE t=1927.8s rss=4742MB hwm=4742MB
RSS_SAMPLE t=1928.1s rss=4742MB hwm=4742MB
RSS_SAMPLE t=1928.3s rss=4742MB hwm=4742MB
RSS_SAMPLE t=1928.6s rss=4742MB hwm=4742MB
RSS_SAMPLE t=1928.8s rss=4742MB hwm=4742MB
RSS_SAMPLE t=1929.1s rss=4742MB hwm=4742MB
RSS_SAMPLE t=1929.3s rss=4742MB hwm=4742MB
RSS_SAMPLE t=1929.6s rss=4743MB hwm=4743MB
RSS_SAMPLE t=1929.8s rss=4743MB hwm=4743MB
RSS_SAMPLE t=1930.1s rss=4743MB hwm=4743MB
RSS_SAMPLE t=1930.3s rss=4743MB hwm=4743MB
RSS_SAMPLE t=1930.6s rss=4743MB hwm=4743MB
RSS_SAMPLE t=1930.8s rss=4743MB hwm=4743MB
RSS_SAMPLE t=1931.1s rss=4743MB hwm=4743MB
RSS_SAMPLE t=1931.3s rss=4743MB hwm=4743MB
RSS_SAMPLE t=1931.6s rss=4743MB hwm=4743MB
RSS_SAMPLE t=1931.8s rss=4743MB hwm=4743MB
RSS_SAMPLE t=1932.1s rss=4744MB hwm=4744MB
RSS_SAMPLE t=1932.3s rss=4744MB hwm=4744MB
RSS_SAMPLE t=1932.6s rss=4744MB hwm=4744MB
RSS_SAMPLE t=1932.8s rss=4744MB hwm=4744MB
RSS_SAMPLE t=1933.1s rss=4744MB hwm=4744MB
RSS_SAMPLE t=1933.3s rss=4744MB hwm=4744MB
RSS_SAMPLE t=1933.6s rss=4744MB hwm=4744MB
RSS_SAMPLE t=1933.8s rss=4745MB hwm=4745MB
RSS_SAMPLE t=1934.1s rss=4745MB hwm=4745MB
RSS_SAMPLE t=1934.3s rss=4745MB hwm=4745MB
RSS_SAMPLE t=1934.6s rss=4745MB hwm=4745MB
RSS_SAMPLE t=1934.8s rss=4745MB hwm=4745MB
RSS_SAMPLE t=1935.1s rss=4745MB hwm=4745MB
RSS_SAMPLE t=1935.3s rss=4746MB hwm=4746MB
RSS_SAMPLE t=1935.6s rss=4746MB hwm=4746MB
RSS_SAMPLE t=1935.8s rss=4746MB hwm=4746MB
RSS_SAMPLE t=1936.1s rss=4746MB hwm=4746MB
RSS_SAMPLE t=1936.3s rss=4746MB hwm=4746MB
RSS_SAMPLE t=1936.6s rss=4746MB hwm=4746MB
RSS_SAMPLE t=1936.8s rss=4746MB hwm=4746MB
RSS_SAMPLE t=1937.1s rss=4747MB hwm=4747MB
RSS_SAMPLE t=1937.3s rss=4747MB hwm=4747MB
RSS_SAMPLE t=1937.6s rss=4747MB hwm=4747MB
RSS_SAMPLE t=1937.8s rss=4747MB hwm=4747MB
RSS_SAMPLE t=1938.1s rss=4747MB hwm=4747MB
RSS_SAMPLE t=1938.3s rss=4747MB hwm=4747MB
RSS_SAMPLE t=1938.6s rss=4748MB hwm=4748MB
RSS_SAMPLE t=1938.8s rss=4748MB hwm=4748MB
RSS_SAMPLE t=1939.1s rss=4748MB hwm=4748MB
RSS_SAMPLE t=1939.3s rss=4748MB hwm=4748MB
RSS_SAMPLE t=1939.6s rss=4748MB hwm=4748MB
RSS_SAMPLE t=1939.8s rss=4749MB hwm=4749MB
RSS_SAMPLE t=1940.1s rss=4749MB hwm=4749MB
RSS_SAMPLE t=1940.3s rss=4749MB hwm=4749MB
RSS_SAMPLE t=1940.6s rss=4749MB hwm=4749MB
RSS_SAMPLE t=1940.8s rss=4749MB hwm=4749MB
RSS_SAMPLE t=1941.1s rss=4749MB hwm=4749MB
RSS_SAMPLE t=1941.3s rss=4749MB hwm=4749MB
RSS_SAMPLE t=1941.6s rss=4750MB hwm=4750MB
RSS_SAMPLE t=1941.8s rss=4750MB hwm=4750MB
RSS_SAMPLE t=1942.1s rss=4750MB hwm=4750MB
RSS_SAMPLE t=1942.3s rss=4750MB hwm=4750MB
RSS_SAMPLE t=1942.6s rss=4750MB hwm=4750MB
RSS_SAMPLE t=1942.8s rss=4750MB hwm=4750MB
RSS_SAMPLE t=1943.1s rss=4750MB hwm=4750MB
RSS_SAMPLE t=1943.4s rss=4750MB hwm=4750MB
RSS_SAMPLE t=1943.6s rss=4750MB hwm=4750MB
RSS_SAMPLE t=1943.9s rss=4751MB hwm=4751MB
RSS_SAMPLE t=1944.1s rss=4751MB hwm=4751MB
RSS_SAMPLE t=1944.4s rss=4751MB hwm=4751MB
RSS_SAMPLE t=1944.6s rss=4751MB hwm=4751MB
RSS_SAMPLE t=1944.9s rss=4751MB hwm=4751MB
RSS_SAMPLE t=1945.1s rss=4751MB hwm=4751MB
RSS_SAMPLE t=1945.4s rss=4751MB hwm=4751MB
RSS_SAMPLE t=1945.6s rss=4751MB hwm=4751MB
RSS_SAMPLE t=1945.9s rss=4751MB hwm=4751MB
RSS_SAMPLE t=1946.1s rss=4751MB hwm=4751MB
RSS_SAMPLE t=1946.4s rss=4751MB hwm=4751MB
RSS_SAMPLE t=1946.6s rss=4751MB hwm=4751MB
RSS_SAMPLE t=1946.9s rss=4752MB hwm=4752MB
RSS_SAMPLE t=1947.1s rss=4752MB hwm=4752MB
RSS_SAMPLE t=1947.4s rss=4752MB hwm=4752MB
RSS_SAMPLE t=1947.6s rss=4752MB hwm=4752MB
RSS_SAMPLE t=1947.9s rss=4752MB hwm=4752MB
RSS_SAMPLE t=1948.1s rss=4752MB hwm=4752MB
RSS_SAMPLE t=1948.4s rss=4752MB hwm=4752MB
RSS_SAMPLE t=1948.6s rss=4752MB hwm=4752MB
RSS_SAMPLE t=1948.9s rss=4753MB hwm=4753MB
RSS_SAMPLE t=1949.1s rss=4753MB hwm=4753MB
RSS_SAMPLE t=1949.4s rss=4753MB hwm=4753MB
RSS_SAMPLE t=1949.6s rss=4753MB hwm=4753MB
RSS_SAMPLE t=1949.9s rss=4753MB hwm=4753MB
RSS_SAMPLE t=1950.1s rss=4753MB hwm=4753MB
RSS_SAMPLE t=1950.4s rss=4753MB hwm=4753MB
RSS_SAMPLE t=1950.6s rss=4753MB hwm=4753MB
RSS_SAMPLE t=1950.9s rss=4753MB hwm=4753MB
RSS_SAMPLE t=1951.1s rss=4753MB hwm=4753MB
RSS_SAMPLE t=1951.4s rss=4753MB hwm=4753MB
RSS_SAMPLE t=1951.6s rss=4754MB hwm=4754MB
RSS_SAMPLE t=1951.9s rss=4754MB hwm=4754MB
RSS_SAMPLE t=1952.1s rss=4754MB hwm=4754MB
RSS_SAMPLE t=1952.4s rss=4754MB hwm=4754MB
RSS_SAMPLE t=1952.6s rss=4754MB hwm=4754MB
RSS_SAMPLE t=1952.9s rss=4754MB hwm=4754MB
RSS_SAMPLE t=1953.1s rss=4754MB hwm=4754MB
RSS_SAMPLE t=1953.4s rss=4754MB hwm=4754MB
RSS_SAMPLE t=1953.6s rss=4754MB hwm=4754MB
RSS_SAMPLE t=1953.9s rss=4755MB hwm=4755MB
RSS_SAMPLE t=1954.1s rss=4755MB hwm=4755MB
RSS_SAMPLE t=1954.4s rss=4755MB hwm=4755MB
RSS_SAMPLE t=1954.6s rss=4755MB hwm=4755MB
RSS_SAMPLE t=1954.9s rss=4755MB hwm=4755MB
RSS_SAMPLE t=1955.1s rss=4755MB hwm=4755MB
RSS_SAMPLE t=1955.4s rss=4755MB hwm=4755MB
RSS_SAMPLE t=1955.6s rss=4756MB hwm=4756MB
RSS_SAMPLE t=1955.9s rss=4756MB hwm=4756MB
RSS_SAMPLE t=1956.1s rss=4756MB hwm=4756MB
RSS_SAMPLE t=1956.4s rss=4756MB hwm=4756MB
RSS_SAMPLE t=1956.6s rss=4756MB hwm=4756MB
RSS_SAMPLE t=1956.9s rss=4756MB hwm=4756MB
RSS_SAMPLE t=1957.1s rss=4756MB hwm=4756MB
RSS_SAMPLE t=1957.4s rss=4756MB hwm=4756MB
RSS_SAMPLE t=1957.6s rss=4756MB hwm=4756MB
RSS_SAMPLE t=1957.9s rss=4756MB hwm=4756MB
RSS_SAMPLE t=1958.1s rss=4756MB hwm=4756MB
RSS_SAMPLE t=1958.4s rss=4756MB hwm=4756MB
RSS_SAMPLE t=1958.6s rss=4756MB hwm=4756MB
RSS_SAMPLE t=1958.9s rss=4756MB hwm=4756MB
RSS_SAMPLE t=1959.1s rss=4756MB hwm=4756MB
RSS_SAMPLE t=1959.4s rss=4756MB hwm=4756MB
RSS_SAMPLE t=1959.6s rss=4756MB hwm=4756MB
RSS_SAMPLE t=1959.9s rss=4756MB hwm=4756MB
RSS_SAMPLE t=1960.1s rss=4756MB hwm=4756MB
RSS_SAMPLE t=1960.4s rss=4756MB hwm=4756MB
RSS_SAMPLE t=1960.6s rss=4756MB hwm=4756MB
RSS_SAMPLE t=1960.9s rss=4756MB hwm=4756MB
RSS_SAMPLE t=1961.1s rss=4756MB hwm=4756MB
RSS_SAMPLE t=1961.4s rss=4756MB hwm=4756MB
RSS_SAMPLE t=1961.6s rss=4757MB hwm=4757MB
RSS_SAMPLE t=1961.9s rss=4757MB hwm=4757MB
RSS_SAMPLE t=1962.1s rss=4757MB hwm=4757MB
RSS_SAMPLE t=1962.4s rss=4757MB hwm=4757MB
RSS_SAMPLE t=1962.6s rss=4757MB hwm=4757MB
RSS_SAMPLE t=1962.9s rss=4757MB hwm=4757MB
RSS_SAMPLE t=1963.1s rss=4757MB hwm=4757MB
RSS_SAMPLE t=1963.4s rss=4757MB hwm=4757MB
RSS_SAMPLE t=1963.6s rss=4757MB hwm=4757MB
RSS_SAMPLE t=1963.9s rss=4757MB hwm=4757MB
RSS_SAMPLE t=1964.1s rss=4757MB hwm=4757MB
RSS_SAMPLE t=1964.4s rss=4757MB hwm=4757MB
RSS_SAMPLE t=1964.6s rss=4757MB hwm=4757MB
RSS_SAMPLE t=1964.9s rss=4757MB hwm=4757MB
RSS_SAMPLE t=1965.1s rss=4757MB hwm=4757MB
RSS_SAMPLE t=1965.4s rss=4757MB hwm=4757MB
RSS_SAMPLE t=1965.6s rss=4757MB hwm=4757MB
RSS_SAMPLE t=1965.9s rss=4757MB hwm=4757MB
RSS_SAMPLE t=1966.1s rss=4757MB hwm=4757MB
RSS_SAMPLE t=1966.4s rss=4757MB hwm=4757MB
RSS_SAMPLE t=1966.6s rss=4757MB hwm=4757MB
RSS_SAMPLE t=1966.9s rss=4757MB hwm=4757MB
RSS_SAMPLE t=1967.1s rss=4757MB hwm=4757MB
RSS_SAMPLE t=1967.4s rss=4757MB hwm=4757MB
RSS_SAMPLE t=1967.7s rss=4757MB hwm=4757MB
RSS_SAMPLE t=1967.9s rss=4758MB hwm=4758MB
RSS_SAMPLE t=1968.2s rss=4758MB hwm=4758MB
RSS_SAMPLE t=1968.4s rss=4758MB hwm=4758MB
RSS_SAMPLE t=1968.7s rss=4758MB hwm=4758MB
RSS_SAMPLE t=1968.9s rss=4758MB hwm=4758MB
RSS_SAMPLE t=1969.2s rss=4758MB hwm=4758MB
RSS_SAMPLE t=1969.4s rss=4758MB hwm=4758MB
RSS_SAMPLE t=1969.7s rss=4758MB hwm=4758MB
RSS_SAMPLE t=1969.9s rss=4758MB hwm=4758MB
RSS_SAMPLE t=1970.2s rss=4758MB hwm=4758MB
RSS_SAMPLE t=1970.4s rss=4758MB hwm=4758MB
RSS_SAMPLE t=1970.7s rss=4758MB hwm=4758MB
RSS_SAMPLE t=1970.9s rss=4758MB hwm=4758MB
RSS_SAMPLE t=1971.2s rss=4758MB hwm=4758MB
RSS_SAMPLE t=1971.4s rss=4758MB hwm=4758MB
RSS_SAMPLE t=1971.7s rss=4758MB hwm=4758MB
RSS_SAMPLE t=1971.9s rss=4758MB hwm=4758MB
RSS_SAMPLE t=1972.2s rss=4758MB hwm=4758MB
RSS_SAMPLE t=1972.4s rss=4758MB hwm=4758MB
RSS_SAMPLE t=1972.7s rss=4758MB hwm=4758MB
RSS_SAMPLE t=1972.9s rss=4758MB hwm=4758MB
RSS_SAMPLE t=1973.2s rss=4759MB hwm=4759MB
RSS_SAMPLE t=1973.4s rss=4759MB hwm=4759MB
RSS_SAMPLE t=1973.7s rss=4759MB hwm=4759MB
RSS_SAMPLE t=1973.9s rss=4759MB hwm=4759MB
RSS_SAMPLE t=1974.2s rss=4759MB hwm=4759MB
RSS_SAMPLE t=1974.4s rss=4759MB hwm=4759MB
RSS_SAMPLE t=1974.7s rss=4759MB hwm=4759MB
RSS_SAMPLE t=1974.9s rss=4759MB hwm=4759MB
RSS_SAMPLE t=1975.2s rss=4759MB hwm=4759MB
RSS_SAMPLE t=1975.4s rss=4759MB hwm=4759MB
RSS_SAMPLE t=1975.7s rss=4759MB hwm=4759MB
RSS_SAMPLE t=1975.9s rss=4759MB hwm=4759MB
RSS_SAMPLE t=1976.2s rss=4759MB hwm=4759MB
RSS_SAMPLE t=1976.4s rss=4760MB hwm=4760MB
RSS_SAMPLE t=1976.7s rss=4760MB hwm=4760MB
RSS_SAMPLE t=1976.9s rss=4760MB hwm=4760MB
RSS_SAMPLE t=1977.2s rss=4760MB hwm=4760MB
RSS_SAMPLE t=1977.4s rss=4760MB hwm=4760MB
RSS_SAMPLE t=1977.7s rss=4760MB hwm=4760MB
RSS_SAMPLE t=1977.9s rss=4760MB hwm=4760MB
RSS_SAMPLE t=1978.2s rss=4761MB hwm=4761MB
RSS_SAMPLE t=1978.4s rss=4761MB hwm=4761MB
RSS_SAMPLE t=1978.7s rss=4761MB hwm=4761MB
RSS_SAMPLE t=1978.9s rss=4761MB hwm=4761MB
RSS_SAMPLE t=1979.2s rss=4761MB hwm=4761MB
RSS_SAMPLE t=1979.4s rss=4761MB hwm=4761MB
RSS_SAMPLE t=1979.7s rss=4761MB hwm=4761MB
RSS_SAMPLE t=1979.9s rss=4762MB hwm=4762MB
RSS_SAMPLE t=1980.2s rss=4762MB hwm=4762MB
RSS_SAMPLE t=1980.4s rss=4762MB hwm=4762MB
RSS_SAMPLE t=1980.7s rss=4762MB hwm=4762MB
RSS_SAMPLE t=1980.9s rss=4762MB hwm=4762MB
RSS_SAMPLE t=1981.2s rss=4762MB hwm=4762MB
RSS_SAMPLE t=1981.4s rss=4763MB hwm=4763MB
RSS_SAMPLE t=1981.7s rss=4763MB hwm=4763MB
RSS_SAMPLE t=1981.9s rss=4763MB hwm=4763MB
RSS_SAMPLE t=1982.2s rss=4763MB hwm=4763MB
RSS_SAMPLE t=1982.4s rss=4763MB hwm=4763MB
RSS_SAMPLE t=1982.7s rss=4763MB hwm=4763MB
RSS_SAMPLE t=1982.9s rss=4764MB hwm=4764MB
RSS_SAMPLE t=1983.2s rss=4764MB hwm=4764MB
RSS_SAMPLE t=1983.4s rss=4764MB hwm=4764MB
RSS_SAMPLE t=1983.7s rss=4764MB hwm=4764MB
RSS_SAMPLE t=1983.9s rss=4764MB hwm=4764MB
RSS_SAMPLE t=1984.2s rss=4765MB hwm=4765MB
RSS_SAMPLE t=1984.4s rss=4765MB hwm=4765MB
RSS_SAMPLE t=1984.7s rss=4765MB hwm=4765MB
RSS_SAMPLE t=1984.9s rss=4766MB hwm=4766MB
RSS_SAMPLE t=1985.2s rss=4766MB hwm=4766MB
RSS_SAMPLE t=1985.4s rss=4766MB hwm=4766MB
RSS_SAMPLE t=1985.7s rss=4766MB hwm=4766MB
RSS_SAMPLE t=1985.9s rss=4767MB hwm=4767MB
RSS_SAMPLE t=1986.2s rss=4767MB hwm=4767MB
RSS_SAMPLE t=1986.4s rss=4768MB hwm=4768MB
RSS_SAMPLE t=1986.7s rss=4768MB hwm=4768MB
RSS_SAMPLE t=1986.9s rss=4768MB hwm=4768MB
RSS_SAMPLE t=1987.2s rss=4769MB hwm=4769MB
RSS_SAMPLE t=1987.4s rss=4769MB hwm=4769MB
RSS_SAMPLE t=1987.7s rss=4769MB hwm=4769MB
RSS_SAMPLE t=1987.9s rss=4769MB hwm=4769MB
RSS_SAMPLE t=1988.2s rss=4770MB hwm=4770MB
RSS_SAMPLE t=1988.4s rss=4770MB hwm=4770MB
RSS_SAMPLE t=1988.7s rss=4770MB hwm=4770MB
RSS_SAMPLE t=1988.9s rss=4770MB hwm=4770MB
RSS_SAMPLE t=1989.2s rss=4771MB hwm=4771MB
RSS_SAMPLE t=1989.4s rss=4771MB hwm=4771MB
RSS_SAMPLE t=1989.7s rss=4771MB hwm=4771MB
RSS_SAMPLE t=1989.9s rss=4771MB hwm=4771MB
RSS_SAMPLE t=1990.2s rss=4771MB hwm=4771MB
RSS_SAMPLE t=1990.4s rss=4771MB hwm=4771MB
RSS_SAMPLE t=1990.7s rss=4771MB hwm=4771MB
RSS_SAMPLE t=1990.9s rss=4771MB hwm=4771MB
RSS_SAMPLE t=1991.2s rss=4771MB hwm=4771MB
RSS_SAMPLE t=1991.4s rss=4771MB hwm=4771MB
RSS_SAMPLE t=1991.7s rss=4771MB hwm=4771MB
RSS_SAMPLE t=1991.9s rss=4771MB hwm=4771MB
RSS_SAMPLE t=1992.2s rss=4771MB hwm=4771MB
RSS_SAMPLE t=1992.4s rss=4771MB hwm=4771MB
RSS_SAMPLE t=1992.7s rss=4771MB hwm=4771MB
RSS_SAMPLE t=1992.9s rss=4771MB hwm=4771MB
RSS_SAMPLE t=1993.2s rss=4771MB hwm=4771MB
RSS_SAMPLE t=1993.4s rss=4771MB hwm=4771MB
RSS_SAMPLE t=1993.7s rss=4771MB hwm=4771MB
RSS_SAMPLE t=1993.9s rss=4771MB hwm=4771MB
RSS_SAMPLE t=1994.2s rss=4772MB hwm=4772MB
RSS_SAMPLE t=1994.4s rss=4772MB hwm=4772MB
RSS_SAMPLE t=1994.7s rss=4772MB hwm=4772MB
RSS_SAMPLE t=1994.9s rss=4772MB hwm=4772MB
RSS_SAMPLE t=1995.2s rss=4772MB hwm=4772MB
RSS_SAMPLE t=1995.4s rss=4772MB hwm=4772MB
RSS_SAMPLE t=1995.7s rss=4772MB hwm=4772MB
RSS_SAMPLE t=1995.9s rss=4772MB hwm=4772MB
RSS_SAMPLE t=1996.2s rss=4772MB hwm=4772MB
RSS_SAMPLE t=1996.4s rss=4772MB hwm=4772MB
RSS_SAMPLE t=1996.7s rss=4772MB hwm=4772MB
RSS_SAMPLE t=1996.9s rss=4772MB hwm=4772MB
RSS_SAMPLE t=1997.2s rss=4772MB hwm=4772MB
RSS_SAMPLE t=1997.4s rss=4772MB hwm=4772MB
RSS_SAMPLE t=1997.7s rss=4772MB hwm=4772MB
RSS_SAMPLE t=1997.9s rss=4772MB hwm=4772MB
RSS_SAMPLE t=1998.2s rss=4772MB hwm=4772MB
RSS_SAMPLE t=1998.4s rss=4772MB hwm=4772MB
RSS_SAMPLE t=1998.7s rss=4772MB hwm=4772MB
RSS_SAMPLE t=1998.9s rss=4772MB hwm=4772MB
RSS_SAMPLE t=1999.2s rss=4772MB hwm=4772MB
RSS_SAMPLE t=1999.4s rss=4772MB hwm=4772MB
RSS_SAMPLE t=1999.7s rss=4772MB hwm=4772MB
RSS_SAMPLE t=1999.9s rss=4772MB hwm=4772MB
RSS_SAMPLE t=2000.2s rss=4772MB hwm=4772MB
RSS_SAMPLE t=2000.5s rss=4772MB hwm=4772MB
RSS_SAMPLE t=2000.7s rss=4772MB hwm=4772MB
RSS_SAMPLE t=2001.0s rss=4772MB hwm=4772MB
RSS_SAMPLE t=2001.2s rss=4772MB hwm=4772MB
RSS_SAMPLE t=2001.5s rss=4772MB hwm=4772MB
RSS_SAMPLE t=2001.7s rss=4772MB hwm=4772MB
RSS_SAMPLE t=2002.0s rss=4772MB hwm=4772MB
RSS_SAMPLE t=2002.2s rss=4772MB hwm=4772MB
RSS_SAMPLE t=2002.5s rss=4772MB hwm=4772MB
RSS_SAMPLE t=2002.7s rss=4772MB hwm=4772MB
RSS_SAMPLE t=2003.0s rss=4772MB hwm=4772MB
RSS_SAMPLE t=2003.2s rss=4772MB hwm=4772MB
RSS_SAMPLE t=2003.5s rss=4772MB hwm=4772MB
RSS_SAMPLE t=2003.7s rss=4772MB hwm=4772MB
RSS_SAMPLE t=2004.0s rss=4772MB hwm=4772MB
RSS_SAMPLE t=2004.2s rss=4772MB hwm=4772MB
RSS_SAMPLE t=2004.5s rss=4772MB hwm=4772MB
RSS_SAMPLE t=2004.7s rss=4772MB hwm=4772MB
RSS_SAMPLE t=2005.0s rss=4772MB hwm=4772MB
RSS_SAMPLE t=2005.2s rss=4772MB hwm=4772MB
RSS_SAMPLE t=2005.5s rss=4772MB hwm=4772MB
RSS_SAMPLE t=2005.7s rss=4772MB hwm=4772MB
RSS_SAMPLE t=2006.0s rss=4772MB hwm=4772MB
RSS_SAMPLE t=2006.2s rss=4772MB hwm=4772MB
RSS_SAMPLE t=2006.5s rss=4772MB hwm=4772MB
RSS_SAMPLE t=2006.7s rss=4772MB hwm=4772MB
RSS_SAMPLE t=2007.0s rss=4772MB hwm=4772MB
RSS_SAMPLE t=2007.2s rss=4772MB hwm=4772MB
RSS_SAMPLE t=2007.5s rss=4772MB hwm=4772MB
RSS_SAMPLE t=2007.7s rss=4772MB hwm=4772MB
RSS_SAMPLE t=2008.0s rss=4772MB hwm=4772MB
RSS_SAMPLE t=2008.2s rss=4772MB hwm=4772MB
RSS_SAMPLE t=2008.5s rss=4772MB hwm=4772MB
RSS_SAMPLE t=2008.7s rss=4772MB hwm=4772MB
RSS_SAMPLE t=2009.0s rss=4772MB hwm=4772MB
RSS_SAMPLE t=2009.2s rss=4772MB hwm=4772MB
RSS_SAMPLE t=2009.5s rss=4772MB hwm=4772MB
RSS_SAMPLE t=2009.7s rss=4772MB hwm=4772MB
RSS_SAMPLE t=2010.0s rss=4772MB hwm=4772MB
RSS_SAMPLE t=2010.2s rss=4772MB hwm=4772MB
RSS_SAMPLE t=2010.5s rss=4772MB hwm=4772MB
RSS_SAMPLE t=2010.7s rss=4772MB hwm=4772MB
RSS_SAMPLE t=2011.0s rss=4772MB hwm=4772MB
RSS_SAMPLE t=2011.2s rss=4772MB hwm=4772MB
RSS_SAMPLE t=2011.5s rss=4772MB hwm=4772MB
RSS_SAMPLE t=2011.7s rss=4772MB hwm=4772MB
RSS_SAMPLE t=2012.0s rss=4772MB hwm=4772MB
RSS_SAMPLE t=2012.2s rss=4772MB hwm=4772MB
RSS_SAMPLE t=2012.5s rss=4772MB hwm=4772MB
RSS_SAMPLE t=2012.7s rss=4772MB hwm=4772MB
RSS_SAMPLE t=2013.0s rss=4772MB hwm=4772MB
RSS_SAMPLE t=2013.2s rss=4772MB hwm=4772MB
RSS_SAMPLE t=2013.5s rss=4772MB hwm=4772MB
RSS_SAMPLE t=2013.7s rss=4772MB hwm=4772MB
RSS_SAMPLE t=2014.0s rss=4772MB hwm=4772MB
RSS_SAMPLE t=2014.2s rss=4772MB hwm=4772MB
RSS_SAMPLE t=2014.5s rss=4772MB hwm=4772MB
RSS_SAMPLE t=2014.7s rss=4772MB hwm=4772MB
RSS_SAMPLE t=2015.0s rss=4772MB hwm=4772MB
RSS_SAMPLE t=2015.2s rss=4772MB hwm=4772MB
RSS_SAMPLE t=2015.5s rss=4772MB hwm=4772MB
RSS_SAMPLE t=2015.7s rss=4772MB hwm=4772MB
RSS_SAMPLE t=2016.0s rss=4772MB hwm=4772MB
RSS_SAMPLE t=2016.2s rss=4772MB hwm=4772MB
RSS_SAMPLE t=2016.5s rss=4772MB hwm=4772MB
RSS_SAMPLE t=2016.7s rss=4772MB hwm=4772MB
RSS_SAMPLE t=2017.0s rss=4772MB hwm=4772MB
RSS_SAMPLE t=2017.2s rss=4772MB hwm=4772MB
RSS_SAMPLE t=2017.5s rss=4772MB hwm=4772MB
RSS_SAMPLE t=2017.7s rss=4772MB hwm=4772MB
RSS_SAMPLE t=2018.0s rss=4772MB hwm=4772MB
RSS_SAMPLE t=2018.2s rss=4772MB hwm=4772MB
RSS_SAMPLE t=2018.5s rss=4772MB hwm=4772MB
RSS_SAMPLE t=2018.7s rss=4772MB hwm=4772MB
RSS_SAMPLE t=2019.0s rss=4772MB hwm=4772MB
RSS_SAMPLE t=2019.2s rss=4772MB hwm=4772MB
RSS_SAMPLE t=2019.5s rss=4772MB hwm=4772MB
RSS_SAMPLE t=2019.7s rss=4772MB hwm=4772MB
RSS_SAMPLE t=2020.0s rss=4772MB hwm=4772MB
RSS_SAMPLE t=2020.2s rss=4772MB hwm=4772MB
RSS_SAMPLE t=2020.5s rss=4772MB hwm=4772MB
RSS_SAMPLE t=2020.7s rss=4772MB hwm=4772MB
RSS_SAMPLE t=2021.0s rss=4772MB hwm=4772MB
RSS_SAMPLE t=2021.2s rss=4772MB hwm=4772MB
RSS_SAMPLE t=2021.5s rss=4772MB hwm=4772MB
RSS_SAMPLE t=2021.7s rss=4772MB hwm=4772MB
RSS_SAMPLE t=2022.0s rss=4772MB hwm=4772MB
RSS_SAMPLE t=2022.2s rss=4772MB hwm=4772MB
RSS_SAMPLE t=2022.5s rss=4772MB hwm=4772MB
RSS_SAMPLE t=2022.7s rss=4772MB hwm=4772MB
RSS_SAMPLE t=2023.0s rss=4772MB hwm=4772MB
RSS_SAMPLE t=2023.2s rss=4772MB hwm=4772MB
RSS_SAMPLE t=2023.5s rss=4772MB hwm=4772MB
RSS_SAMPLE t=2023.7s rss=4772MB hwm=4772MB
RSS_SAMPLE t=2024.0s rss=4772MB hwm=4772MB
RSS_SAMPLE t=2024.2s rss=4772MB hwm=4772MB
RSS_SAMPLE t=2024.5s rss=4772MB hwm=4772MB
RSS_SAMPLE t=2024.7s rss=4772MB hwm=4772MB
RSS_SAMPLE t=2025.0s rss=4772MB hwm=4772MB
RSS_SAMPLE t=2025.2s rss=4772MB hwm=4772MB
RSS_SAMPLE t=2025.5s rss=4772MB hwm=4772MB
RSS_SAMPLE t=2025.7s rss=4772MB hwm=4772MB
RSS_SAMPLE t=2026.0s rss=4772MB hwm=4772MB
RSS_SAMPLE t=2026.2s rss=4772MB hwm=4772MB
RSS_SAMPLE t=2026.5s rss=4772MB hwm=4772MB
RSS_SAMPLE t=2026.7s rss=4772MB hwm=4772MB
RSS_SAMPLE t=2027.0s rss=4772MB hwm=4772MB
RSS_SAMPLE t=2027.2s rss=4772MB hwm=4772MB
RSS_SAMPLE t=2027.5s rss=4772MB hwm=4772MB
RSS_SAMPLE t=2027.7s rss=4772MB hwm=4772MB
RSS_SAMPLE t=2028.0s rss=4772MB hwm=4772MB
RSS_SAMPLE t=2028.2s rss=4772MB hwm=4772MB
RSS_SAMPLE t=2028.5s rss=4772MB hwm=4772MB
RSS_SAMPLE t=2028.7s rss=4772MB hwm=4772MB
RSS_SAMPLE t=2029.0s rss=4772MB hwm=4772MB
RSS_SAMPLE t=2029.2s rss=4772MB hwm=4772MB
RSS_SAMPLE t=2029.5s rss=4772MB hwm=4772MB
RSS_SAMPLE t=2029.7s rss=4772MB hwm=4772MB
RSS_SAMPLE t=2030.0s rss=4772MB hwm=4772MB
RSS_SAMPLE t=2030.2s rss=4772MB hwm=4772MB
RSS_SAMPLE t=2030.5s rss=4772MB hwm=4772MB
RSS_SAMPLE t=2030.7s rss=4772MB hwm=4772MB
RSS_SAMPLE t=2031.0s rss=4772MB hwm=4772MB
RSS_SAMPLE t=2031.2s rss=4772MB hwm=4772MB
RSS_SAMPLE t=2031.5s rss=4772MB hwm=4772MB
RSS_SAMPLE t=2031.7s rss=4772MB hwm=4772MB
RSS_SAMPLE t=2032.0s rss=4772MB hwm=4772MB
RSS_SAMPLE t=2032.2s rss=4772MB hwm=4772MB
RSS_SAMPLE t=2032.5s rss=4772MB hwm=4772MB
RSS_SAMPLE t=2032.7s rss=4772MB hwm=4772MB
RSS_SAMPLE t=2033.0s rss=4772MB hwm=4772MB
RSS_SAMPLE t=2033.2s rss=4772MB hwm=4772MB
RSS_SAMPLE t=2033.5s rss=4772MB hwm=4772MB
RSS_SAMPLE t=2033.7s rss=4772MB hwm=4772MB
RSS_SAMPLE t=2034.0s rss=4772MB hwm=4772MB
RSS_SAMPLE t=2034.2s rss=4772MB hwm=4772MB
RSS_SAMPLE t=2034.5s rss=4772MB hwm=4772MB
RSS_SAMPLE t=2034.7s rss=4772MB hwm=4772MB
RSS_SAMPLE t=2035.0s rss=4772MB hwm=4772MB
RSS_SAMPLE t=2035.2s rss=4772MB hwm=4772MB
RSS_SAMPLE t=2035.5s rss=4772MB hwm=4772MB
RSS_SAMPLE t=2035.7s rss=4772MB hwm=4772MB
RSS_SAMPLE t=2036.0s rss=4772MB hwm=4772MB
RSS_SAMPLE t=2036.2s rss=4772MB hwm=4772MB
RSS_SAMPLE t=2036.5s rss=4772MB hwm=4772MB
RSS_SAMPLE t=2036.7s rss=4772MB hwm=4772MB
RSS_SAMPLE t=2037.0s rss=4772MB hwm=4772MB
RSS_SAMPLE t=2037.2s rss=4772MB hwm=4772MB
RSS_SAMPLE t=2037.5s rss=4772MB hwm=4772MB
RSS_SAMPLE t=2037.7s rss=4772MB hwm=4772MB
RSS_SAMPLE t=2038.0s rss=4772MB hwm=4772MB
RSS_SAMPLE t=2038.2s rss=4772MB hwm=4772MB
RSS_SAMPLE t=2038.5s rss=4772MB hwm=4772MB
RSS_SAMPLE t=2038.7s rss=4772MB hwm=4772MB
RSS_SAMPLE t=2039.0s rss=4772MB hwm=4772MB
RSS_SAMPLE t=2039.2s rss=4772MB hwm=4772MB
RSS_SAMPLE t=2039.5s rss=4772MB hwm=4772MB
RSS_SAMPLE t=2039.7s rss=4772MB hwm=4772MB
RSS_SAMPLE t=2040.0s rss=4772MB hwm=4772MB
RSS_SAMPLE t=2040.2s rss=4772MB hwm=4772MB
RSS_SAMPLE t=2040.5s rss=4772MB hwm=4772MB
RSS_SAMPLE t=2040.7s rss=4772MB hwm=4772MB
MEM_POOL: workspaces=32 dense_usage_mb=1251 n_pipes=2562403
    post_solve_diag[outer=11]: solves=105117 cap_armed=105117 (100.0%) settle_avg=5733 above_sink_avg=205 (3.6%) settle_max=69353
    load_support[outer=11]: settle_avg=5733 load_nz_avg=4876 (85.0%) load_material_avg=3174 (55.4%)
    prune_ceiling[outer=11]: settle_avg=5733 heuristic_prunable_avg=634 (11.1%) vs oracle_zero_load=15.0%
    settle_hist[outer=11]: <100: 26608nets/0.1%work  <1k: 24225nets/1.5%work  <5k: 24598nets/10.8%work  <20k: 19717nets/34.5%work  <60k: 9762nets/50.9%work  >=60k: 207nets/2.2%work
    fanout_hist[outer=11]: fan1: 43710nets/13.5%work  fan2-4: 48279nets/50.1%work  fan5-16: 12974nets/35.5%work  fan17-64: 154nets/1.0%work  fan65-256: 0nets/0.0%work  fan>256: 0nets/0.0%work
    rss_probe[outer=11]: pre_post_solve=4738MB post_post_solve=4772MB after_apply=4772MB
RSS_SAMPLE t=2041.0s rss=4773MB hwm=4773MB
    E_decomp: base=7481109.6 eff=465505823766270.4 cong=465505816285160.9 cong_share=100.0% sat_pipes=189695 max_util=1898.19  R_buckets: 1-2x=999986 2-10x=862452 10-100x=215044 >=100x=484921
    E_potential: beckmann=117368695772980.1 history_total=0.0
    SpanCache: epoch=12 entries=2988 lookups=2562403 hits=2559415 misses=2988 hit_rate=99.9%
  DCD  11: nets=105117 line=12300175 energy=1332932536.145 dE=-1567925839.551 friction=8696835.3 bins=1.9x(158) excess=43.1 moved=67480 disp=5.049 solves=105117 skip=105117 pops=602607521 theta=1.416 refresh=140144ms dcd=11770ms total=154768ms
    cache_stats: entries=61717333 capacity=122962370 est_mb=1060 rss_mb=4773
RSS_SAMPLE t=2041.2s rss=4773MB hwm=4773MB
RSS_SAMPLE t=2041.5s rss=4773MB hwm=4773MB
RSS_SAMPLE t=2041.7s rss=4773MB hwm=4773MB
RSS_SAMPLE t=2042.0s rss=4773MB hwm=4773MB
RSS_SAMPLE t=2042.2s rss=4773MB hwm=4773MB
RSS_SAMPLE t=2042.5s rss=4773MB hwm=4773MB
RSS_SAMPLE t=2042.7s rss=4773MB hwm=4773MB
RSS_SAMPLE t=2043.0s rss=4773MB hwm=4773MB
RSS_SAMPLE t=2043.2s rss=4773MB hwm=4773MB
RSS_SAMPLE t=2043.5s rss=4773MB hwm=4773MB
RSS_SAMPLE t=2043.7s rss=4773MB hwm=4773MB
    SwitchMatrix: type_usage_pairs=860 lookups=2605 hits=1745 dijkstra_calls=860 avg_us=15.4 total_ms=13.3
PHASE_MARK outer=12 enter=pre_solve rss=4773MB
    rss_probe[outer=12]: pre_refresh_rss=4773MB post_pre_solve_rss=4773MB cache_entries=61717333 cache_cap=122962370 cache_est_mb=1060
    pre_solve_diag[outer=12]: solves=0 fallback=0 (0.0%) cap_armed=0 (0.0%) settle_avg=0 settle_max=0 init_count=185
    Overflow: over=158814 (6.2% of used) avg_excess=2.92 max_excess=2376.84 (nc=2400.84 cap=24 span=1)  excess_buckets: <=1=83691 1-5=56085 5-20=16477 >20=2561  by_cap: cap1=64846 cap2=91558 cap3-5=0 cap>5=2410  by_span: s1=487 s2-3=790 s4-6=2006 s7-12=89011 s>12=66520  le1_cross: cap1=53722 cap2-5=29692 cap>5=277
    Congestion: pipes=2562403 used=2562403 congested(>50%)=493490 saturated(>90%)=189695 max_util=1898.19 avg_util=0.3593
PHASE_MARK outer=12 enter=dcd_sweep rss=4773MB
RSS_SAMPLE t=2044.0s rss=4773MB hwm=4773MB
RSS_SAMPLE t=2044.3s rss=4773MB hwm=4773MB
RSS_SAMPLE t=2044.5s rss=4773MB hwm=4773MB
RSS_SAMPLE t=2044.8s rss=4773MB hwm=4773MB
RSS_SAMPLE t=2045.0s rss=4773MB hwm=4773MB
RSS_SAMPLE t=2045.3s rss=4773MB hwm=4773MB
RSS_SAMPLE t=2045.5s rss=4773MB hwm=4773MB
RSS_SAMPLE t=2045.8s rss=4773MB hwm=4773MB
RSS_SAMPLE t=2046.0s rss=4773MB hwm=4773MB
RSS_SAMPLE t=2046.3s rss=4773MB hwm=4773MB
RSS_SAMPLE t=2046.5s rss=4773MB hwm=4773MB
RSS_SAMPLE t=2046.8s rss=4773MB hwm=4773MB
RSS_SAMPLE t=2047.0s rss=4773MB hwm=4773MB
RSS_SAMPLE t=2047.3s rss=4773MB hwm=4773MB
RSS_SAMPLE t=2047.5s rss=4773MB hwm=4773MB
RSS_SAMPLE t=2047.8s rss=4773MB hwm=4773MB
RSS_SAMPLE t=2048.0s rss=4773MB hwm=4773MB
RSS_SAMPLE t=2048.3s rss=4773MB hwm=4773MB
RSS_SAMPLE t=2048.5s rss=4773MB hwm=4773MB
RSS_SAMPLE t=2048.8s rss=4773MB hwm=4773MB
RSS_SAMPLE t=2049.0s rss=4773MB hwm=4773MB
RSS_SAMPLE t=2049.3s rss=4773MB hwm=4773MB
RSS_SAMPLE t=2049.5s rss=4773MB hwm=4773MB
RSS_SAMPLE t=2049.8s rss=4773MB hwm=4773MB
RSS_SAMPLE t=2050.0s rss=4773MB hwm=4773MB
RSS_SAMPLE t=2050.3s rss=4773MB hwm=4773MB
RSS_SAMPLE t=2050.5s rss=4773MB hwm=4773MB
RSS_SAMPLE t=2050.8s rss=4773MB hwm=4773MB
RSS_SAMPLE t=2051.0s rss=4773MB hwm=4773MB
RSS_SAMPLE t=2051.3s rss=4773MB hwm=4773MB
RSS_SAMPLE t=2051.5s rss=4773MB hwm=4773MB
RSS_SAMPLE t=2051.8s rss=4773MB hwm=4773MB
RSS_SAMPLE t=2052.0s rss=4773MB hwm=4773MB
RSS_SAMPLE t=2052.3s rss=4773MB hwm=4773MB
RSS_SAMPLE t=2052.5s rss=4773MB hwm=4773MB
RSS_SAMPLE t=2052.8s rss=4773MB hwm=4773MB
RSS_SAMPLE t=2053.0s rss=4773MB hwm=4773MB
RSS_SAMPLE t=2053.3s rss=4773MB hwm=4773MB
RSS_SAMPLE t=2053.5s rss=4773MB hwm=4773MB
RSS_SAMPLE t=2053.8s rss=4773MB hwm=4773MB
RSS_SAMPLE t=2054.0s rss=4773MB hwm=4773MB
RSS_SAMPLE t=2054.3s rss=4773MB hwm=4773MB
RSS_SAMPLE t=2054.5s rss=4773MB hwm=4773MB
RSS_SAMPLE t=2054.8s rss=4773MB hwm=4773MB
RSS_SAMPLE t=2055.0s rss=4773MB hwm=4773MB
RSS_SAMPLE t=2055.3s rss=4773MB hwm=4773MB
RSS_SAMPLE t=2055.5s rss=4773MB hwm=4773MB
RSS_SAMPLE t=2055.8s rss=4773MB hwm=4773MB
PHASE_MARK outer=12 leave=dcd_sweep rss=4773MB
PHASE_MARK outer=12 enter=post_refresh rss=4773MB
RSS_SAMPLE t=2056.0s rss=4773MB hwm=4773MB
RSS_SAMPLE t=2056.3s rss=4773MB hwm=4773MB
RSS_SAMPLE t=2056.5s rss=4773MB hwm=4773MB
RSS_SAMPLE t=2056.8s rss=4773MB hwm=4773MB
RSS_SAMPLE t=2057.0s rss=4773MB hwm=4773MB
RSS_SAMPLE t=2057.3s rss=4773MB hwm=4773MB
RSS_SAMPLE t=2057.5s rss=4773MB hwm=4773MB
RSS_SAMPLE t=2057.8s rss=4773MB hwm=4773MB
RSS_SAMPLE t=2058.0s rss=4773MB hwm=4773MB
RSS_SAMPLE t=2058.3s rss=4773MB hwm=4773MB
RSS_SAMPLE t=2058.5s rss=4773MB hwm=4773MB
RSS_SAMPLE t=2058.8s rss=4773MB hwm=4773MB
RSS_SAMPLE t=2059.0s rss=4773MB hwm=4773MB
RSS_SAMPLE t=2059.3s rss=4773MB hwm=4773MB
RSS_SAMPLE t=2059.5s rss=4773MB hwm=4773MB
RSS_SAMPLE t=2059.8s rss=4773MB hwm=4773MB
RSS_SAMPLE t=2060.0s rss=4773MB hwm=4773MB
RSS_SAMPLE t=2060.3s rss=4774MB hwm=4774MB
RSS_SAMPLE t=2060.5s rss=4774MB hwm=4774MB
RSS_SAMPLE t=2060.8s rss=4774MB hwm=4774MB
RSS_SAMPLE t=2061.0s rss=4774MB hwm=4774MB
RSS_SAMPLE t=2061.3s rss=4774MB hwm=4774MB
RSS_SAMPLE t=2061.5s rss=4775MB hwm=4775MB
RSS_SAMPLE t=2061.8s rss=4775MB hwm=4775MB
RSS_SAMPLE t=2062.0s rss=4775MB hwm=4775MB
RSS_SAMPLE t=2062.3s rss=4775MB hwm=4775MB
RSS_SAMPLE t=2062.5s rss=4775MB hwm=4775MB
RSS_SAMPLE t=2062.8s rss=4775MB hwm=4775MB
RSS_SAMPLE t=2063.0s rss=4775MB hwm=4775MB
RSS_SAMPLE t=2063.3s rss=4775MB hwm=4775MB
RSS_SAMPLE t=2063.5s rss=4775MB hwm=4775MB
RSS_SAMPLE t=2063.8s rss=4775MB hwm=4775MB
RSS_SAMPLE t=2064.0s rss=4775MB hwm=4775MB
RSS_SAMPLE t=2064.3s rss=4775MB hwm=4775MB
RSS_SAMPLE t=2064.5s rss=4775MB hwm=4775MB
RSS_SAMPLE t=2064.8s rss=4776MB hwm=4776MB
RSS_SAMPLE t=2065.0s rss=4776MB hwm=4776MB
RSS_SAMPLE t=2065.3s rss=4776MB hwm=4776MB
RSS_SAMPLE t=2065.5s rss=4776MB hwm=4776MB
RSS_SAMPLE t=2065.8s rss=4776MB hwm=4776MB
RSS_SAMPLE t=2066.0s rss=4776MB hwm=4776MB
RSS_SAMPLE t=2066.3s rss=4776MB hwm=4776MB
RSS_SAMPLE t=2066.5s rss=4776MB hwm=4776MB
RSS_SAMPLE t=2066.8s rss=4776MB hwm=4776MB
RSS_SAMPLE t=2067.0s rss=4776MB hwm=4776MB
RSS_SAMPLE t=2067.3s rss=4776MB hwm=4776MB
RSS_SAMPLE t=2067.5s rss=4777MB hwm=4777MB
RSS_SAMPLE t=2067.8s rss=4777MB hwm=4777MB
RSS_SAMPLE t=2068.0s rss=4777MB hwm=4777MB
RSS_SAMPLE t=2068.3s rss=4777MB hwm=4777MB
RSS_SAMPLE t=2068.5s rss=4777MB hwm=4777MB
RSS_SAMPLE t=2068.8s rss=4777MB hwm=4777MB
RSS_SAMPLE t=2069.0s rss=4777MB hwm=4777MB
RSS_SAMPLE t=2069.3s rss=4777MB hwm=4777MB
RSS_SAMPLE t=2069.5s rss=4777MB hwm=4777MB
RSS_SAMPLE t=2069.8s rss=4777MB hwm=4777MB
RSS_SAMPLE t=2070.0s rss=4777MB hwm=4777MB
RSS_SAMPLE t=2070.3s rss=4778MB hwm=4778MB
RSS_SAMPLE t=2070.5s rss=4778MB hwm=4778MB
RSS_SAMPLE t=2070.8s rss=4778MB hwm=4778MB
RSS_SAMPLE t=2071.0s rss=4778MB hwm=4778MB
RSS_SAMPLE t=2071.3s rss=4778MB hwm=4778MB
RSS_SAMPLE t=2071.6s rss=4778MB hwm=4778MB
RSS_SAMPLE t=2071.8s rss=4778MB hwm=4778MB
RSS_SAMPLE t=2072.1s rss=4778MB hwm=4778MB
RSS_SAMPLE t=2072.3s rss=4778MB hwm=4778MB
RSS_SAMPLE t=2072.6s rss=4778MB hwm=4778MB
RSS_SAMPLE t=2072.8s rss=4778MB hwm=4778MB
RSS_SAMPLE t=2073.1s rss=4778MB hwm=4778MB
RSS_SAMPLE t=2073.3s rss=4778MB hwm=4778MB
RSS_SAMPLE t=2073.6s rss=4778MB hwm=4778MB
RSS_SAMPLE t=2073.8s rss=4778MB hwm=4778MB
RSS_SAMPLE t=2074.1s rss=4778MB hwm=4778MB
RSS_SAMPLE t=2074.3s rss=4779MB hwm=4779MB
RSS_SAMPLE t=2074.6s rss=4779MB hwm=4779MB
RSS_SAMPLE t=2074.8s rss=4779MB hwm=4779MB
RSS_SAMPLE t=2075.1s rss=4779MB hwm=4779MB
RSS_SAMPLE t=2075.3s rss=4779MB hwm=4779MB
RSS_SAMPLE t=2075.6s rss=4779MB hwm=4779MB
RSS_SAMPLE t=2075.8s rss=4779MB hwm=4779MB
RSS_SAMPLE t=2076.1s rss=4779MB hwm=4779MB
RSS_SAMPLE t=2076.3s rss=4779MB hwm=4779MB
RSS_SAMPLE t=2076.6s rss=4779MB hwm=4779MB
RSS_SAMPLE t=2076.8s rss=4779MB hwm=4779MB
RSS_SAMPLE t=2077.1s rss=4779MB hwm=4779MB
RSS_SAMPLE t=2077.3s rss=4779MB hwm=4779MB
RSS_SAMPLE t=2077.6s rss=4780MB hwm=4780MB
RSS_SAMPLE t=2077.8s rss=4780MB hwm=4780MB
RSS_SAMPLE t=2078.1s rss=4780MB hwm=4780MB
RSS_SAMPLE t=2078.3s rss=4780MB hwm=4780MB
RSS_SAMPLE t=2078.6s rss=4780MB hwm=4780MB
RSS_SAMPLE t=2078.8s rss=4780MB hwm=4780MB
RSS_SAMPLE t=2079.1s rss=4780MB hwm=4780MB
RSS_SAMPLE t=2079.3s rss=4780MB hwm=4780MB
RSS_SAMPLE t=2079.6s rss=4780MB hwm=4780MB
RSS_SAMPLE t=2079.8s rss=4780MB hwm=4780MB
RSS_SAMPLE t=2080.1s rss=4780MB hwm=4780MB
RSS_SAMPLE t=2080.3s rss=4780MB hwm=4780MB
RSS_SAMPLE t=2080.6s rss=4780MB hwm=4780MB
RSS_SAMPLE t=2080.8s rss=4780MB hwm=4780MB
RSS_SAMPLE t=2081.1s rss=4780MB hwm=4780MB
RSS_SAMPLE t=2081.3s rss=4780MB hwm=4780MB
RSS_SAMPLE t=2081.6s rss=4780MB hwm=4780MB
RSS_SAMPLE t=2081.8s rss=4780MB hwm=4780MB
RSS_SAMPLE t=2082.1s rss=4780MB hwm=4780MB
RSS_SAMPLE t=2082.3s rss=4781MB hwm=4781MB
RSS_SAMPLE t=2082.6s rss=4781MB hwm=4781MB
RSS_SAMPLE t=2082.8s rss=4781MB hwm=4781MB
RSS_SAMPLE t=2083.1s rss=4781MB hwm=4781MB
RSS_SAMPLE t=2083.3s rss=4781MB hwm=4781MB
RSS_SAMPLE t=2083.6s rss=4781MB hwm=4781MB
RSS_SAMPLE t=2083.8s rss=4781MB hwm=4781MB
RSS_SAMPLE t=2084.1s rss=4781MB hwm=4781MB
RSS_SAMPLE t=2084.3s rss=4781MB hwm=4781MB
RSS_SAMPLE t=2084.6s rss=4781MB hwm=4781MB
RSS_SAMPLE t=2084.8s rss=4781MB hwm=4781MB
RSS_SAMPLE t=2085.1s rss=4781MB hwm=4781MB
RSS_SAMPLE t=2085.3s rss=4781MB hwm=4781MB
RSS_SAMPLE t=2085.6s rss=4782MB hwm=4782MB
RSS_SAMPLE t=2085.8s rss=4782MB hwm=4782MB
RSS_SAMPLE t=2086.1s rss=4782MB hwm=4782MB
RSS_SAMPLE t=2086.3s rss=4782MB hwm=4782MB
RSS_SAMPLE t=2086.6s rss=4782MB hwm=4782MB
RSS_SAMPLE t=2086.8s rss=4782MB hwm=4782MB
RSS_SAMPLE t=2087.1s rss=4782MB hwm=4782MB
RSS_SAMPLE t=2087.3s rss=4782MB hwm=4782MB
RSS_SAMPLE t=2087.6s rss=4782MB hwm=4782MB
RSS_SAMPLE t=2087.8s rss=4782MB hwm=4782MB
RSS_SAMPLE t=2088.1s rss=4782MB hwm=4782MB
RSS_SAMPLE t=2088.3s rss=4782MB hwm=4782MB
RSS_SAMPLE t=2088.6s rss=4782MB hwm=4782MB
RSS_SAMPLE t=2088.8s rss=4782MB hwm=4782MB
RSS_SAMPLE t=2089.1s rss=4782MB hwm=4782MB
RSS_SAMPLE t=2089.3s rss=4783MB hwm=4783MB
RSS_SAMPLE t=2089.6s rss=4783MB hwm=4783MB
RSS_SAMPLE t=2089.8s rss=4783MB hwm=4783MB
RSS_SAMPLE t=2090.1s rss=4783MB hwm=4783MB
RSS_SAMPLE t=2090.3s rss=4783MB hwm=4783MB
RSS_SAMPLE t=2090.6s rss=4783MB hwm=4783MB
RSS_SAMPLE t=2090.8s rss=4783MB hwm=4783MB
RSS_SAMPLE t=2091.1s rss=4783MB hwm=4783MB
RSS_SAMPLE t=2091.3s rss=4783MB hwm=4783MB
RSS_SAMPLE t=2091.6s rss=4783MB hwm=4783MB
RSS_SAMPLE t=2091.8s rss=4783MB hwm=4783MB
RSS_SAMPLE t=2092.1s rss=4783MB hwm=4783MB
RSS_SAMPLE t=2092.3s rss=4783MB hwm=4783MB
RSS_SAMPLE t=2092.6s rss=4784MB hwm=4784MB
RSS_SAMPLE t=2092.8s rss=4784MB hwm=4784MB
RSS_SAMPLE t=2093.1s rss=4784MB hwm=4784MB
RSS_SAMPLE t=2093.3s rss=4784MB hwm=4784MB
RSS_SAMPLE t=2093.6s rss=4784MB hwm=4784MB
RSS_SAMPLE t=2093.8s rss=4784MB hwm=4784MB
RSS_SAMPLE t=2094.1s rss=4784MB hwm=4784MB
RSS_SAMPLE t=2094.3s rss=4784MB hwm=4784MB
RSS_SAMPLE t=2094.6s rss=4784MB hwm=4784MB
RSS_SAMPLE t=2094.9s rss=4784MB hwm=4784MB
RSS_SAMPLE t=2095.1s rss=4784MB hwm=4784MB
RSS_SAMPLE t=2095.4s rss=4784MB hwm=4784MB
RSS_SAMPLE t=2095.6s rss=4784MB hwm=4784MB
RSS_SAMPLE t=2095.9s rss=4784MB hwm=4784MB
RSS_SAMPLE t=2096.1s rss=4784MB hwm=4784MB
RSS_SAMPLE t=2096.4s rss=4784MB hwm=4784MB
RSS_SAMPLE t=2096.6s rss=4784MB hwm=4784MB
RSS_SAMPLE t=2096.9s rss=4784MB hwm=4784MB
RSS_SAMPLE t=2097.1s rss=4784MB hwm=4784MB
RSS_SAMPLE t=2097.4s rss=4784MB hwm=4784MB
RSS_SAMPLE t=2097.6s rss=4785MB hwm=4785MB
RSS_SAMPLE t=2097.9s rss=4785MB hwm=4785MB
RSS_SAMPLE t=2098.1s rss=4785MB hwm=4785MB
RSS_SAMPLE t=2098.4s rss=4785MB hwm=4785MB
RSS_SAMPLE t=2098.6s rss=4785MB hwm=4785MB
RSS_SAMPLE t=2098.9s rss=4785MB hwm=4785MB
RSS_SAMPLE t=2099.1s rss=4785MB hwm=4785MB
RSS_SAMPLE t=2099.4s rss=4785MB hwm=4785MB
RSS_SAMPLE t=2099.6s rss=4785MB hwm=4785MB
RSS_SAMPLE t=2099.9s rss=4785MB hwm=4785MB
RSS_SAMPLE t=2100.1s rss=4785MB hwm=4785MB
RSS_SAMPLE t=2100.4s rss=4785MB hwm=4785MB
RSS_SAMPLE t=2100.6s rss=4785MB hwm=4785MB
RSS_SAMPLE t=2100.9s rss=4785MB hwm=4785MB
RSS_SAMPLE t=2101.1s rss=4785MB hwm=4785MB
RSS_SAMPLE t=2101.4s rss=4785MB hwm=4785MB
RSS_SAMPLE t=2101.6s rss=4785MB hwm=4785MB
RSS_SAMPLE t=2101.9s rss=4785MB hwm=4785MB
RSS_SAMPLE t=2102.1s rss=4785MB hwm=4785MB
RSS_SAMPLE t=2102.4s rss=4785MB hwm=4785MB
RSS_SAMPLE t=2102.6s rss=4785MB hwm=4785MB
RSS_SAMPLE t=2102.9s rss=4785MB hwm=4785MB
RSS_SAMPLE t=2103.1s rss=4785MB hwm=4785MB
RSS_SAMPLE t=2103.4s rss=4785MB hwm=4785MB
RSS_SAMPLE t=2103.6s rss=4785MB hwm=4785MB
RSS_SAMPLE t=2103.9s rss=4786MB hwm=4786MB
RSS_SAMPLE t=2104.1s rss=4786MB hwm=4786MB
RSS_SAMPLE t=2104.4s rss=4786MB hwm=4786MB
RSS_SAMPLE t=2104.6s rss=4786MB hwm=4786MB
RSS_SAMPLE t=2104.9s rss=4786MB hwm=4786MB
RSS_SAMPLE t=2105.1s rss=4786MB hwm=4786MB
RSS_SAMPLE t=2105.4s rss=4786MB hwm=4786MB
RSS_SAMPLE t=2105.6s rss=4786MB hwm=4786MB
RSS_SAMPLE t=2105.9s rss=4786MB hwm=4786MB
RSS_SAMPLE t=2106.1s rss=4786MB hwm=4786MB
RSS_SAMPLE t=2106.4s rss=4787MB hwm=4787MB
RSS_SAMPLE t=2106.6s rss=4787MB hwm=4787MB
RSS_SAMPLE t=2106.9s rss=4787MB hwm=4787MB
RSS_SAMPLE t=2107.1s rss=4787MB hwm=4787MB
RSS_SAMPLE t=2107.4s rss=4787MB hwm=4787MB
RSS_SAMPLE t=2107.6s rss=4787MB hwm=4787MB
RSS_SAMPLE t=2107.9s rss=4787MB hwm=4787MB
RSS_SAMPLE t=2108.1s rss=4787MB hwm=4787MB
RSS_SAMPLE t=2108.4s rss=4787MB hwm=4787MB
RSS_SAMPLE t=2108.6s rss=4787MB hwm=4787MB
RSS_SAMPLE t=2108.9s rss=4787MB hwm=4787MB
RSS_SAMPLE t=2109.1s rss=4787MB hwm=4787MB
RSS_SAMPLE t=2109.4s rss=4787MB hwm=4787MB
RSS_SAMPLE t=2109.6s rss=4787MB hwm=4787MB
RSS_SAMPLE t=2109.9s rss=4787MB hwm=4787MB
RSS_SAMPLE t=2110.1s rss=4787MB hwm=4787MB
RSS_SAMPLE t=2110.4s rss=4787MB hwm=4787MB
RSS_SAMPLE t=2110.6s rss=4787MB hwm=4787MB
RSS_SAMPLE t=2110.9s rss=4787MB hwm=4787MB
RSS_SAMPLE t=2111.1s rss=4787MB hwm=4787MB
RSS_SAMPLE t=2111.4s rss=4787MB hwm=4787MB
RSS_SAMPLE t=2111.6s rss=4787MB hwm=4787MB
RSS_SAMPLE t=2111.9s rss=4787MB hwm=4787MB
RSS_SAMPLE t=2112.1s rss=4787MB hwm=4787MB
RSS_SAMPLE t=2112.4s rss=4788MB hwm=4788MB
RSS_SAMPLE t=2112.6s rss=4788MB hwm=4788MB
RSS_SAMPLE t=2112.9s rss=4788MB hwm=4788MB
RSS_SAMPLE t=2113.1s rss=4788MB hwm=4788MB
RSS_SAMPLE t=2113.4s rss=4788MB hwm=4788MB
RSS_SAMPLE t=2113.6s rss=4788MB hwm=4788MB
RSS_SAMPLE t=2113.9s rss=4788MB hwm=4788MB
RSS_SAMPLE t=2114.1s rss=4788MB hwm=4788MB
RSS_SAMPLE t=2114.4s rss=4788MB hwm=4788MB
RSS_SAMPLE t=2114.6s rss=4788MB hwm=4788MB
RSS_SAMPLE t=2114.9s rss=4788MB hwm=4788MB
RSS_SAMPLE t=2115.1s rss=4788MB hwm=4788MB
RSS_SAMPLE t=2115.4s rss=4788MB hwm=4788MB
RSS_SAMPLE t=2115.6s rss=4788MB hwm=4788MB
RSS_SAMPLE t=2115.9s rss=4788MB hwm=4788MB
RSS_SAMPLE t=2116.1s rss=4788MB hwm=4788MB
RSS_SAMPLE t=2116.4s rss=4788MB hwm=4788MB
RSS_SAMPLE t=2116.6s rss=4788MB hwm=4788MB
RSS_SAMPLE t=2116.9s rss=4788MB hwm=4788MB
RSS_SAMPLE t=2117.1s rss=4788MB hwm=4788MB
RSS_SAMPLE t=2117.4s rss=4788MB hwm=4788MB
RSS_SAMPLE t=2117.6s rss=4788MB hwm=4788MB
RSS_SAMPLE t=2117.9s rss=4788MB hwm=4788MB
RSS_SAMPLE t=2118.1s rss=4788MB hwm=4788MB
RSS_SAMPLE t=2118.4s rss=4788MB hwm=4788MB
RSS_SAMPLE t=2118.6s rss=4788MB hwm=4788MB
RSS_SAMPLE t=2118.9s rss=4788MB hwm=4788MB
RSS_SAMPLE t=2119.1s rss=4788MB hwm=4788MB
RSS_SAMPLE t=2119.4s rss=4788MB hwm=4788MB
RSS_SAMPLE t=2119.7s rss=4788MB hwm=4788MB
RSS_SAMPLE t=2119.9s rss=4788MB hwm=4788MB
RSS_SAMPLE t=2120.2s rss=4788MB hwm=4788MB
RSS_SAMPLE t=2120.4s rss=4788MB hwm=4788MB
RSS_SAMPLE t=2120.7s rss=4788MB hwm=4788MB
RSS_SAMPLE t=2120.9s rss=4788MB hwm=4788MB
RSS_SAMPLE t=2121.2s rss=4788MB hwm=4788MB
RSS_SAMPLE t=2121.4s rss=4788MB hwm=4788MB
RSS_SAMPLE t=2121.7s rss=4788MB hwm=4788MB
RSS_SAMPLE t=2121.9s rss=4788MB hwm=4788MB
RSS_SAMPLE t=2122.2s rss=4788MB hwm=4788MB
RSS_SAMPLE t=2122.4s rss=4788MB hwm=4788MB
RSS_SAMPLE t=2122.7s rss=4788MB hwm=4788MB
RSS_SAMPLE t=2122.9s rss=4788MB hwm=4788MB
RSS_SAMPLE t=2123.2s rss=4788MB hwm=4788MB
RSS_SAMPLE t=2123.4s rss=4788MB hwm=4788MB
RSS_SAMPLE t=2123.7s rss=4788MB hwm=4788MB
RSS_SAMPLE t=2123.9s rss=4788MB hwm=4788MB
RSS_SAMPLE t=2124.2s rss=4789MB hwm=4789MB
RSS_SAMPLE t=2124.4s rss=4789MB hwm=4789MB
RSS_SAMPLE t=2124.7s rss=4789MB hwm=4789MB
RSS_SAMPLE t=2124.9s rss=4789MB hwm=4789MB
RSS_SAMPLE t=2125.2s rss=4789MB hwm=4789MB
RSS_SAMPLE t=2125.4s rss=4789MB hwm=4789MB
RSS_SAMPLE t=2125.7s rss=4789MB hwm=4789MB
RSS_SAMPLE t=2125.9s rss=4789MB hwm=4789MB
RSS_SAMPLE t=2126.2s rss=4789MB hwm=4789MB
RSS_SAMPLE t=2126.4s rss=4789MB hwm=4789MB
RSS_SAMPLE t=2126.7s rss=4789MB hwm=4789MB
RSS_SAMPLE t=2126.9s rss=4789MB hwm=4789MB
RSS_SAMPLE t=2127.2s rss=4789MB hwm=4789MB
RSS_SAMPLE t=2127.4s rss=4789MB hwm=4789MB
RSS_SAMPLE t=2127.7s rss=4789MB hwm=4789MB
RSS_SAMPLE t=2127.9s rss=4789MB hwm=4789MB
RSS_SAMPLE t=2128.2s rss=4789MB hwm=4789MB
RSS_SAMPLE t=2128.4s rss=4789MB hwm=4789MB
RSS_SAMPLE t=2128.7s rss=4789MB hwm=4789MB
RSS_SAMPLE t=2128.9s rss=4789MB hwm=4789MB
RSS_SAMPLE t=2129.2s rss=4789MB hwm=4789MB
RSS_SAMPLE t=2129.4s rss=4789MB hwm=4789MB
RSS_SAMPLE t=2129.7s rss=4789MB hwm=4789MB
RSS_SAMPLE t=2129.9s rss=4789MB hwm=4789MB
RSS_SAMPLE t=2130.2s rss=4789MB hwm=4789MB
RSS_SAMPLE t=2130.4s rss=4789MB hwm=4789MB
RSS_SAMPLE t=2130.7s rss=4789MB hwm=4789MB
RSS_SAMPLE t=2130.9s rss=4789MB hwm=4789MB
RSS_SAMPLE t=2131.2s rss=4789MB hwm=4789MB
RSS_SAMPLE t=2131.4s rss=4789MB hwm=4789MB
RSS_SAMPLE t=2131.7s rss=4789MB hwm=4789MB
RSS_SAMPLE t=2131.9s rss=4789MB hwm=4789MB
RSS_SAMPLE t=2132.2s rss=4789MB hwm=4789MB
RSS_SAMPLE t=2132.4s rss=4789MB hwm=4789MB
RSS_SAMPLE t=2132.7s rss=4789MB hwm=4789MB
RSS_SAMPLE t=2132.9s rss=4789MB hwm=4789MB
RSS_SAMPLE t=2133.2s rss=4789MB hwm=4789MB
RSS_SAMPLE t=2133.4s rss=4789MB hwm=4789MB
RSS_SAMPLE t=2133.7s rss=4789MB hwm=4789MB
RSS_SAMPLE t=2133.9s rss=4789MB hwm=4789MB
RSS_SAMPLE t=2134.2s rss=4789MB hwm=4789MB
RSS_SAMPLE t=2134.4s rss=4789MB hwm=4789MB
RSS_SAMPLE t=2134.7s rss=4789MB hwm=4789MB
RSS_SAMPLE t=2134.9s rss=4789MB hwm=4789MB
RSS_SAMPLE t=2135.2s rss=4789MB hwm=4789MB
RSS_SAMPLE t=2135.4s rss=4789MB hwm=4789MB
RSS_SAMPLE t=2135.7s rss=4789MB hwm=4789MB
RSS_SAMPLE t=2135.9s rss=4789MB hwm=4789MB
RSS_SAMPLE t=2136.2s rss=4789MB hwm=4789MB
RSS_SAMPLE t=2136.4s rss=4789MB hwm=4789MB
RSS_SAMPLE t=2136.7s rss=4789MB hwm=4789MB
RSS_SAMPLE t=2136.9s rss=4789MB hwm=4789MB
RSS_SAMPLE t=2137.2s rss=4789MB hwm=4789MB
RSS_SAMPLE t=2137.4s rss=4789MB hwm=4789MB
RSS_SAMPLE t=2137.7s rss=4789MB hwm=4789MB
RSS_SAMPLE t=2137.9s rss=4789MB hwm=4789MB
RSS_SAMPLE t=2138.2s rss=4789MB hwm=4789MB
RSS_SAMPLE t=2138.4s rss=4789MB hwm=4789MB
RSS_SAMPLE t=2138.7s rss=4789MB hwm=4789MB
RSS_SAMPLE t=2138.9s rss=4789MB hwm=4789MB
RSS_SAMPLE t=2139.2s rss=4789MB hwm=4789MB
RSS_SAMPLE t=2139.4s rss=4789MB hwm=4789MB
RSS_SAMPLE t=2139.7s rss=4789MB hwm=4789MB
RSS_SAMPLE t=2139.9s rss=4790MB hwm=4790MB
RSS_SAMPLE t=2140.2s rss=4790MB hwm=4790MB
RSS_SAMPLE t=2140.4s rss=4790MB hwm=4790MB
RSS_SAMPLE t=2140.7s rss=4790MB hwm=4790MB
RSS_SAMPLE t=2140.9s rss=4790MB hwm=4790MB
RSS_SAMPLE t=2141.2s rss=4790MB hwm=4790MB
RSS_SAMPLE t=2141.4s rss=4790MB hwm=4790MB
RSS_SAMPLE t=2141.7s rss=4790MB hwm=4790MB
RSS_SAMPLE t=2141.9s rss=4790MB hwm=4790MB
RSS_SAMPLE t=2142.2s rss=4790MB hwm=4790MB
RSS_SAMPLE t=2142.4s rss=4790MB hwm=4790MB
RSS_SAMPLE t=2142.7s rss=4790MB hwm=4790MB
RSS_SAMPLE t=2143.0s rss=4791MB hwm=4791MB
RSS_SAMPLE t=2143.2s rss=4791MB hwm=4791MB
RSS_SAMPLE t=2143.5s rss=4791MB hwm=4791MB
RSS_SAMPLE t=2143.7s rss=4791MB hwm=4791MB
RSS_SAMPLE t=2144.0s rss=4791MB hwm=4791MB
RSS_SAMPLE t=2144.2s rss=4791MB hwm=4791MB
RSS_SAMPLE t=2144.5s rss=4791MB hwm=4791MB
RSS_SAMPLE t=2144.7s rss=4791MB hwm=4791MB
RSS_SAMPLE t=2145.0s rss=4791MB hwm=4791MB
RSS_SAMPLE t=2145.2s rss=4791MB hwm=4791MB
RSS_SAMPLE t=2145.5s rss=4791MB hwm=4791MB
RSS_SAMPLE t=2145.7s rss=4791MB hwm=4791MB
RSS_SAMPLE t=2146.0s rss=4791MB hwm=4791MB
RSS_SAMPLE t=2146.2s rss=4791MB hwm=4791MB
RSS_SAMPLE t=2146.5s rss=4791MB hwm=4791MB
RSS_SAMPLE t=2146.7s rss=4791MB hwm=4791MB
RSS_SAMPLE t=2147.0s rss=4791MB hwm=4791MB
RSS_SAMPLE t=2147.2s rss=4791MB hwm=4791MB
RSS_SAMPLE t=2147.5s rss=4791MB hwm=4791MB
RSS_SAMPLE t=2147.7s rss=4791MB hwm=4791MB
RSS_SAMPLE t=2148.0s rss=4791MB hwm=4791MB
RSS_SAMPLE t=2148.2s rss=4791MB hwm=4791MB
RSS_SAMPLE t=2148.5s rss=4791MB hwm=4791MB
RSS_SAMPLE t=2148.7s rss=4791MB hwm=4791MB
RSS_SAMPLE t=2149.0s rss=4791MB hwm=4791MB
RSS_SAMPLE t=2149.2s rss=4791MB hwm=4791MB
RSS_SAMPLE t=2149.5s rss=4791MB hwm=4791MB
RSS_SAMPLE t=2149.7s rss=4791MB hwm=4791MB
RSS_SAMPLE t=2150.0s rss=4791MB hwm=4791MB
RSS_SAMPLE t=2150.2s rss=4791MB hwm=4791MB
RSS_SAMPLE t=2150.5s rss=4791MB hwm=4791MB
RSS_SAMPLE t=2150.7s rss=4791MB hwm=4791MB
RSS_SAMPLE t=2151.0s rss=4791MB hwm=4791MB
RSS_SAMPLE t=2151.2s rss=4791MB hwm=4791MB
RSS_SAMPLE t=2151.5s rss=4791MB hwm=4791MB
RSS_SAMPLE t=2151.7s rss=4791MB hwm=4791MB
RSS_SAMPLE t=2152.0s rss=4791MB hwm=4791MB
RSS_SAMPLE t=2152.2s rss=4791MB hwm=4791MB
RSS_SAMPLE t=2152.5s rss=4791MB hwm=4791MB
RSS_SAMPLE t=2152.7s rss=4791MB hwm=4791MB
RSS_SAMPLE t=2153.0s rss=4791MB hwm=4791MB
RSS_SAMPLE t=2153.2s rss=4791MB hwm=4791MB
RSS_SAMPLE t=2153.5s rss=4791MB hwm=4791MB
RSS_SAMPLE t=2153.7s rss=4791MB hwm=4791MB
RSS_SAMPLE t=2154.0s rss=4791MB hwm=4791MB
RSS_SAMPLE t=2154.2s rss=4791MB hwm=4791MB
RSS_SAMPLE t=2154.5s rss=4791MB hwm=4791MB
RSS_SAMPLE t=2154.7s rss=4791MB hwm=4791MB
RSS_SAMPLE t=2155.0s rss=4791MB hwm=4791MB
RSS_SAMPLE t=2155.2s rss=4791MB hwm=4791MB
RSS_SAMPLE t=2155.5s rss=4791MB hwm=4791MB
RSS_SAMPLE t=2155.7s rss=4791MB hwm=4791MB
RSS_SAMPLE t=2156.0s rss=4791MB hwm=4791MB
RSS_SAMPLE t=2156.2s rss=4791MB hwm=4791MB
RSS_SAMPLE t=2156.5s rss=4791MB hwm=4791MB
RSS_SAMPLE t=2156.7s rss=4791MB hwm=4791MB
RSS_SAMPLE t=2157.0s rss=4791MB hwm=4791MB
RSS_SAMPLE t=2157.2s rss=4791MB hwm=4791MB
RSS_SAMPLE t=2157.5s rss=4791MB hwm=4791MB
RSS_SAMPLE t=2157.7s rss=4791MB hwm=4791MB
RSS_SAMPLE t=2158.0s rss=4791MB hwm=4791MB
RSS_SAMPLE t=2158.2s rss=4791MB hwm=4791MB
RSS_SAMPLE t=2158.5s rss=4791MB hwm=4791MB
RSS_SAMPLE t=2158.7s rss=4791MB hwm=4791MB
RSS_SAMPLE t=2159.0s rss=4791MB hwm=4791MB
RSS_SAMPLE t=2159.2s rss=4791MB hwm=4791MB
RSS_SAMPLE t=2159.5s rss=4791MB hwm=4791MB
RSS_SAMPLE t=2159.7s rss=4791MB hwm=4791MB
RSS_SAMPLE t=2160.0s rss=4791MB hwm=4791MB
RSS_SAMPLE t=2160.2s rss=4791MB hwm=4791MB
RSS_SAMPLE t=2160.5s rss=4791MB hwm=4791MB
RSS_SAMPLE t=2160.7s rss=4791MB hwm=4791MB
RSS_SAMPLE t=2161.0s rss=4791MB hwm=4791MB
RSS_SAMPLE t=2161.2s rss=4791MB hwm=4791MB
RSS_SAMPLE t=2161.5s rss=4791MB hwm=4791MB
RSS_SAMPLE t=2161.7s rss=4791MB hwm=4791MB
RSS_SAMPLE t=2162.0s rss=4791MB hwm=4791MB
RSS_SAMPLE t=2162.2s rss=4791MB hwm=4791MB
RSS_SAMPLE t=2162.5s rss=4791MB hwm=4791MB
RSS_SAMPLE t=2162.7s rss=4791MB hwm=4791MB
RSS_SAMPLE t=2163.0s rss=4791MB hwm=4791MB
RSS_SAMPLE t=2163.2s rss=4791MB hwm=4791MB
RSS_SAMPLE t=2163.5s rss=4791MB hwm=4791MB
RSS_SAMPLE t=2163.7s rss=4791MB hwm=4791MB
RSS_SAMPLE t=2164.0s rss=4791MB hwm=4791MB
RSS_SAMPLE t=2164.2s rss=4791MB hwm=4791MB
RSS_SAMPLE t=2164.5s rss=4791MB hwm=4791MB
RSS_SAMPLE t=2164.7s rss=4791MB hwm=4791MB
RSS_SAMPLE t=2165.0s rss=4791MB hwm=4791MB
RSS_SAMPLE t=2165.2s rss=4791MB hwm=4791MB
RSS_SAMPLE t=2165.5s rss=4791MB hwm=4791MB
RSS_SAMPLE t=2165.7s rss=4791MB hwm=4791MB
RSS_SAMPLE t=2166.0s rss=4791MB hwm=4791MB
RSS_SAMPLE t=2166.2s rss=4791MB hwm=4791MB
RSS_SAMPLE t=2166.5s rss=4791MB hwm=4791MB
RSS_SAMPLE t=2166.7s rss=4791MB hwm=4791MB
RSS_SAMPLE t=2167.0s rss=4791MB hwm=4791MB
RSS_SAMPLE t=2167.2s rss=4791MB hwm=4791MB
RSS_SAMPLE t=2167.5s rss=4791MB hwm=4791MB
RSS_SAMPLE t=2167.7s rss=4791MB hwm=4791MB
RSS_SAMPLE t=2168.0s rss=4791MB hwm=4791MB
RSS_SAMPLE t=2168.2s rss=4791MB hwm=4791MB
RSS_SAMPLE t=2168.5s rss=4791MB hwm=4791MB
RSS_SAMPLE t=2168.7s rss=4791MB hwm=4791MB
RSS_SAMPLE t=2169.0s rss=4791MB hwm=4791MB
RSS_SAMPLE t=2169.2s rss=4791MB hwm=4791MB
RSS_SAMPLE t=2169.5s rss=4791MB hwm=4791MB
RSS_SAMPLE t=2169.7s rss=4791MB hwm=4791MB
RSS_SAMPLE t=2170.0s rss=4791MB hwm=4791MB
RSS_SAMPLE t=2170.2s rss=4791MB hwm=4791MB
RSS_SAMPLE t=2170.5s rss=4791MB hwm=4791MB
RSS_SAMPLE t=2170.7s rss=4791MB hwm=4791MB
RSS_SAMPLE t=2171.0s rss=4791MB hwm=4791MB
RSS_SAMPLE t=2171.2s rss=4791MB hwm=4791MB
RSS_SAMPLE t=2171.5s rss=4791MB hwm=4791MB
RSS_SAMPLE t=2171.7s rss=4791MB hwm=4791MB
RSS_SAMPLE t=2172.0s rss=4791MB hwm=4791MB
RSS_SAMPLE t=2172.2s rss=4791MB hwm=4791MB
RSS_SAMPLE t=2172.5s rss=4791MB hwm=4791MB
RSS_SAMPLE t=2172.7s rss=4791MB hwm=4791MB
RSS_SAMPLE t=2173.0s rss=4792MB hwm=4792MB
RSS_SAMPLE t=2173.2s rss=4792MB hwm=4792MB
RSS_SAMPLE t=2173.5s rss=4792MB hwm=4792MB
RSS_SAMPLE t=2173.7s rss=4792MB hwm=4792MB
RSS_SAMPLE t=2174.0s rss=4792MB hwm=4792MB
RSS_SAMPLE t=2174.2s rss=4792MB hwm=4792MB
RSS_SAMPLE t=2174.5s rss=4792MB hwm=4792MB
RSS_SAMPLE t=2174.7s rss=4792MB hwm=4792MB
RSS_SAMPLE t=2175.0s rss=4792MB hwm=4792MB
RSS_SAMPLE t=2175.2s rss=4792MB hwm=4792MB
RSS_SAMPLE t=2175.5s rss=4792MB hwm=4792MB
RSS_SAMPLE t=2175.7s rss=4792MB hwm=4792MB
RSS_SAMPLE t=2176.0s rss=4792MB hwm=4792MB
RSS_SAMPLE t=2176.2s rss=4792MB hwm=4792MB
RSS_SAMPLE t=2176.5s rss=4792MB hwm=4792MB
RSS_SAMPLE t=2176.7s rss=4792MB hwm=4792MB
RSS_SAMPLE t=2177.0s rss=4792MB hwm=4792MB
RSS_SAMPLE t=2177.2s rss=4792MB hwm=4792MB
RSS_SAMPLE t=2177.5s rss=4792MB hwm=4792MB
RSS_SAMPLE t=2177.7s rss=4792MB hwm=4792MB
RSS_SAMPLE t=2178.0s rss=4792MB hwm=4792MB
RSS_SAMPLE t=2178.2s rss=4792MB hwm=4792MB
RSS_SAMPLE t=2178.5s rss=4792MB hwm=4792MB
RSS_SAMPLE t=2178.7s rss=4792MB hwm=4792MB
RSS_SAMPLE t=2179.0s rss=4792MB hwm=4792MB
RSS_SAMPLE t=2179.2s rss=4792MB hwm=4792MB
RSS_SAMPLE t=2179.5s rss=4792MB hwm=4792MB
RSS_SAMPLE t=2179.7s rss=4792MB hwm=4792MB
RSS_SAMPLE t=2180.0s rss=4792MB hwm=4792MB
RSS_SAMPLE t=2180.2s rss=4792MB hwm=4792MB
RSS_SAMPLE t=2180.5s rss=4792MB hwm=4792MB
RSS_SAMPLE t=2180.7s rss=4792MB hwm=4792MB
RSS_SAMPLE t=2181.0s rss=4792MB hwm=4792MB
RSS_SAMPLE t=2181.2s rss=4792MB hwm=4792MB
RSS_SAMPLE t=2181.5s rss=4792MB hwm=4792MB
RSS_SAMPLE t=2181.7s rss=4792MB hwm=4792MB
RSS_SAMPLE t=2182.0s rss=4792MB hwm=4792MB
RSS_SAMPLE t=2182.2s rss=4792MB hwm=4792MB
RSS_SAMPLE t=2182.5s rss=4792MB hwm=4792MB
RSS_SAMPLE t=2182.7s rss=4792MB hwm=4792MB
RSS_SAMPLE t=2183.0s rss=4792MB hwm=4792MB
RSS_SAMPLE t=2183.2s rss=4792MB hwm=4792MB
RSS_SAMPLE t=2183.5s rss=4792MB hwm=4792MB
RSS_SAMPLE t=2183.7s rss=4792MB hwm=4792MB
RSS_SAMPLE t=2184.0s rss=4792MB hwm=4792MB
RSS_SAMPLE t=2184.2s rss=4792MB hwm=4792MB
RSS_SAMPLE t=2184.5s rss=4792MB hwm=4792MB
RSS_SAMPLE t=2184.7s rss=4792MB hwm=4792MB
RSS_SAMPLE t=2185.0s rss=4792MB hwm=4792MB
RSS_SAMPLE t=2185.3s rss=4792MB hwm=4792MB
RSS_SAMPLE t=2185.5s rss=4792MB hwm=4792MB
RSS_SAMPLE t=2185.8s rss=4792MB hwm=4792MB
RSS_SAMPLE t=2186.0s rss=4792MB hwm=4792MB
RSS_SAMPLE t=2186.3s rss=4792MB hwm=4792MB
RSS_SAMPLE t=2186.5s rss=4792MB hwm=4792MB
RSS_SAMPLE t=2186.8s rss=4792MB hwm=4792MB
RSS_SAMPLE t=2187.0s rss=4792MB hwm=4792MB
RSS_SAMPLE t=2187.3s rss=4792MB hwm=4792MB
RSS_SAMPLE t=2187.5s rss=4792MB hwm=4792MB
RSS_SAMPLE t=2187.8s rss=4792MB hwm=4792MB
RSS_SAMPLE t=2188.0s rss=4792MB hwm=4792MB
RSS_SAMPLE t=2188.3s rss=4792MB hwm=4792MB
RSS_SAMPLE t=2188.5s rss=4792MB hwm=4792MB
RSS_SAMPLE t=2188.8s rss=4792MB hwm=4792MB
RSS_SAMPLE t=2189.0s rss=4792MB hwm=4792MB
RSS_SAMPLE t=2189.3s rss=4792MB hwm=4792MB
RSS_SAMPLE t=2189.5s rss=4792MB hwm=4792MB
RSS_SAMPLE t=2189.8s rss=4792MB hwm=4792MB
RSS_SAMPLE t=2190.0s rss=4792MB hwm=4792MB
RSS_SAMPLE t=2190.3s rss=4792MB hwm=4792MB
RSS_SAMPLE t=2190.5s rss=4792MB hwm=4792MB
RSS_SAMPLE t=2190.8s rss=4792MB hwm=4792MB
RSS_SAMPLE t=2191.0s rss=4792MB hwm=4792MB
RSS_SAMPLE t=2191.3s rss=4792MB hwm=4792MB
MEM_POOL: workspaces=32 dense_usage_mb=1251 n_pipes=2562403
    post_solve_diag[outer=12]: solves=105117 cap_armed=105117 (100.0%) settle_avg=5459 above_sink_avg=225 (4.1%) settle_max=69353
    load_support[outer=12]: settle_avg=5459 load_nz_avg=4655 (85.3%) load_material_avg=2996 (54.9%)
    prune_ceiling[outer=12]: settle_avg=5459 heuristic_prunable_avg=630 (11.5%) vs oracle_zero_load=14.7%
    settle_hist[outer=12]: <100: 25624nets/0.2%work  <1k: 25848nets/1.6%work  <5k: 24760nets/11.4%work  <20k: 19707nets/36.1%work  <60k: 9020nets/48.9%work  >=60k: 158nets/1.8%work
    fanout_hist[outer=12]: fan1: 43710nets/13.5%work  fan2-4: 48279nets/50.1%work  fan5-16: 12974nets/35.5%work  fan17-64: 154nets/1.0%work  fan65-256: 0nets/0.0%work  fan>256: 0nets/0.0%work
    rss_probe[outer=12]: pre_post_solve=4773MB post_post_solve=4792MB after_apply=4792MB
RSS_SAMPLE t=2191.5s rss=4792MB hwm=4792MB
    E_decomp: base=9612535.3 eff=295116156191512.6 cong=295116146578977.3 cong_share=100.0% sat_pipes=287432 max_util=949.10  R_buckets: 1-2x=1178709 2-10x=228950 10-100x=385599 >=100x=769145
    E_potential: beckmann=3825930411334.5 history_total=0.0
    SpanCache: epoch=13 entries=2605 lookups=2562403 hits=2559798 misses=2605 hit_rate=99.9%
  DCD  12: nets=105117 line=11890531 energy=8347297515.028 dE=+7014364978.884 friction=4177959.4 bins=2.0x(258) excess=99.5 moved=67518 disp=4.962 solves=105117 skip=105117 pops=573854326 theta=1.658 refresh=135617ms dcd=11930ms total=150561ms
    cache_stats: entries=61957546 capacity=125898976 est_mb=1085 rss_mb=4792
RSS_SAMPLE t=2191.8s rss=4792MB hwm=4792MB
RSS_SAMPLE t=2192.0s rss=4792MB hwm=4792MB
RSS_SAMPLE t=2192.3s rss=4792MB hwm=4792MB
RSS_SAMPLE t=2192.5s rss=4792MB hwm=4792MB
RSS_SAMPLE t=2192.8s rss=4792MB hwm=4792MB
RSS_SAMPLE t=2193.0s rss=4792MB hwm=4792MB
RSS_SAMPLE t=2193.3s rss=4792MB hwm=4792MB
RSS_SAMPLE t=2193.5s rss=4792MB hwm=4792MB
RSS_SAMPLE t=2193.8s rss=4792MB hwm=4792MB
RSS_SAMPLE t=2194.0s rss=4792MB hwm=4792MB
RSS_SAMPLE t=2194.3s rss=4792MB hwm=4792MB
RSS_SAMPLE t=2194.5s rss=4792MB hwm=4792MB
RSS_SAMPLE t=2194.8s rss=4792MB hwm=4792MB
RSS_SAMPLE t=2195.0s rss=4792MB hwm=4792MB
RSS_SAMPLE t=2195.3s rss=4792MB hwm=4792MB
RSS_SAMPLE t=2195.5s rss=4792MB hwm=4792MB
    SwitchMatrix: type_usage_pairs=871 lookups=2706 hits=1835 dijkstra_calls=871 avg_us=20.3 total_ms=17.6
PHASE_MARK outer=13 enter=pre_solve rss=4792MB
    rss_probe[outer=13]: pre_refresh_rss=4792MB post_pre_solve_rss=4792MB cache_entries=61957546 cache_cap=125898976 cache_est_mb=1085
    pre_solve_diag[outer=13]: solves=0 fallback=0 (0.0%) cap_armed=0 (0.0%) settle_avg=0 settle_max=0 init_count=230
    Overflow: over=249028 (9.7% of used) avg_excess=2.03 max_excess=3019.23 (nc=3043.23 cap=24 span=1)  excess_buckets: <=1=139536 1-5=90771 5-20=16804 >20=1917  by_cap: cap1=118494 cap2=124019 cap3-5=145 cap>5=6370  by_span: s1=414 s2-3=682 s4-6=5270 s7-12=120034 s>12=122628  le1_cross: cap1=86946 cap2-5=51270 cap>5=1320
    Congestion: pipes=2562403 used=2562403 congested(>50%)=593778 saturated(>90%)=287432 max_util=949.10 avg_util=0.4305
PHASE_MARK outer=13 enter=dcd_sweep rss=4792MB
RSS_SAMPLE t=2195.8s rss=4792MB hwm=4792MB
RSS_SAMPLE t=2196.0s rss=4792MB hwm=4792MB
RSS_SAMPLE t=2196.3s rss=4792MB hwm=4792MB
RSS_SAMPLE t=2196.5s rss=4792MB hwm=4792MB
RSS_SAMPLE t=2196.8s rss=4792MB hwm=4792MB
RSS_SAMPLE t=2197.0s rss=4792MB hwm=4792MB
RSS_SAMPLE t=2197.3s rss=4792MB hwm=4792MB
RSS_SAMPLE t=2197.5s rss=4792MB hwm=4792MB
RSS_SAMPLE t=2197.8s rss=4792MB hwm=4792MB
RSS_SAMPLE t=2198.0s rss=4792MB hwm=4792MB
RSS_SAMPLE t=2198.3s rss=4792MB hwm=4792MB
RSS_SAMPLE t=2198.5s rss=4792MB hwm=4792MB
RSS_SAMPLE t=2198.8s rss=4792MB hwm=4792MB
RSS_SAMPLE t=2199.0s rss=4792MB hwm=4792MB
RSS_SAMPLE t=2199.3s rss=4792MB hwm=4792MB
RSS_SAMPLE t=2199.5s rss=4792MB hwm=4792MB
RSS_SAMPLE t=2199.8s rss=4792MB hwm=4792MB
RSS_SAMPLE t=2200.0s rss=4792MB hwm=4792MB
RSS_SAMPLE t=2200.3s rss=4792MB hwm=4792MB
RSS_SAMPLE t=2200.5s rss=4792MB hwm=4792MB
RSS_SAMPLE t=2200.8s rss=4792MB hwm=4792MB
RSS_SAMPLE t=2201.0s rss=4792MB hwm=4792MB
RSS_SAMPLE t=2201.3s rss=4792MB hwm=4792MB
RSS_SAMPLE t=2201.5s rss=4792MB hwm=4792MB
RSS_SAMPLE t=2201.8s rss=4792MB hwm=4792MB
RSS_SAMPLE t=2202.0s rss=4792MB hwm=4792MB
RSS_SAMPLE t=2202.3s rss=4792MB hwm=4792MB
RSS_SAMPLE t=2202.5s rss=4792MB hwm=4792MB
RSS_SAMPLE t=2202.8s rss=4792MB hwm=4792MB
RSS_SAMPLE t=2203.0s rss=4792MB hwm=4792MB
RSS_SAMPLE t=2203.3s rss=4792MB hwm=4792MB
RSS_SAMPLE t=2203.5s rss=4792MB hwm=4792MB
RSS_SAMPLE t=2203.8s rss=4792MB hwm=4792MB
RSS_SAMPLE t=2204.0s rss=4792MB hwm=4792MB
RSS_SAMPLE t=2204.3s rss=4792MB hwm=4792MB
RSS_SAMPLE t=2204.5s rss=4792MB hwm=4792MB
RSS_SAMPLE t=2204.8s rss=4792MB hwm=4792MB
RSS_SAMPLE t=2205.0s rss=4792MB hwm=4792MB
RSS_SAMPLE t=2205.3s rss=4792MB hwm=4792MB
RSS_SAMPLE t=2205.5s rss=4792MB hwm=4792MB
RSS_SAMPLE t=2205.8s rss=4792MB hwm=4792MB
PHASE_MARK outer=13 leave=dcd_sweep rss=4792MB
PHASE_MARK outer=13 enter=post_refresh rss=4792MB
RSS_SAMPLE t=2206.0s rss=4792MB hwm=4792MB
RSS_SAMPLE t=2206.3s rss=4793MB hwm=4793MB
RSS_SAMPLE t=2206.5s rss=4793MB hwm=4793MB
RSS_SAMPLE t=2206.8s rss=4793MB hwm=4793MB
RSS_SAMPLE t=2207.0s rss=4793MB hwm=4793MB
RSS_SAMPLE t=2207.3s rss=4793MB hwm=4793MB
RSS_SAMPLE t=2207.5s rss=4793MB hwm=4793MB
RSS_SAMPLE t=2207.8s rss=4793MB hwm=4793MB
RSS_SAMPLE t=2208.0s rss=4793MB hwm=4793MB
RSS_SAMPLE t=2208.3s rss=4793MB hwm=4793MB
RSS_SAMPLE t=2208.5s rss=4793MB hwm=4793MB
RSS_SAMPLE t=2208.8s rss=4793MB hwm=4793MB
RSS_SAMPLE t=2209.0s rss=4793MB hwm=4793MB
RSS_SAMPLE t=2209.3s rss=4793MB hwm=4793MB
RSS_SAMPLE t=2209.5s rss=4793MB hwm=4793MB
RSS_SAMPLE t=2209.8s rss=4793MB hwm=4793MB
RSS_SAMPLE t=2210.0s rss=4793MB hwm=4793MB
RSS_SAMPLE t=2210.3s rss=4793MB hwm=4793MB
RSS_SAMPLE t=2210.5s rss=4793MB hwm=4793MB
RSS_SAMPLE t=2210.8s rss=4793MB hwm=4793MB
RSS_SAMPLE t=2211.0s rss=4793MB hwm=4793MB
RSS_SAMPLE t=2211.3s rss=4793MB hwm=4793MB
RSS_SAMPLE t=2211.5s rss=4793MB hwm=4793MB
RSS_SAMPLE t=2211.8s rss=4793MB hwm=4793MB
RSS_SAMPLE t=2212.0s rss=4793MB hwm=4793MB
RSS_SAMPLE t=2212.3s rss=4793MB hwm=4793MB
RSS_SAMPLE t=2212.5s rss=4793MB hwm=4793MB
RSS_SAMPLE t=2212.8s rss=4793MB hwm=4793MB
RSS_SAMPLE t=2213.0s rss=4793MB hwm=4793MB
RSS_SAMPLE t=2213.3s rss=4793MB hwm=4793MB
RSS_SAMPLE t=2213.5s rss=4793MB hwm=4793MB
RSS_SAMPLE t=2213.8s rss=4793MB hwm=4793MB
RSS_SAMPLE t=2214.0s rss=4793MB hwm=4793MB
RSS_SAMPLE t=2214.3s rss=4793MB hwm=4793MB
RSS_SAMPLE t=2214.5s rss=4793MB hwm=4793MB
RSS_SAMPLE t=2214.8s rss=4793MB hwm=4793MB
RSS_SAMPLE t=2215.0s rss=4793MB hwm=4793MB
RSS_SAMPLE t=2215.3s rss=4793MB hwm=4793MB
RSS_SAMPLE t=2215.5s rss=4793MB hwm=4793MB
RSS_SAMPLE t=2215.8s rss=4793MB hwm=4793MB
RSS_SAMPLE t=2216.0s rss=4793MB hwm=4793MB
RSS_SAMPLE t=2216.3s rss=4793MB hwm=4793MB
RSS_SAMPLE t=2216.5s rss=4793MB hwm=4793MB
RSS_SAMPLE t=2216.8s rss=4793MB hwm=4793MB
RSS_SAMPLE t=2217.0s rss=4793MB hwm=4793MB
RSS_SAMPLE t=2217.3s rss=4793MB hwm=4793MB
RSS_SAMPLE t=2217.5s rss=4793MB hwm=4793MB
RSS_SAMPLE t=2217.8s rss=4793MB hwm=4793MB
RSS_SAMPLE t=2218.0s rss=4793MB hwm=4793MB
RSS_SAMPLE t=2218.3s rss=4793MB hwm=4793MB
RSS_SAMPLE t=2218.5s rss=4793MB hwm=4793MB
RSS_SAMPLE t=2218.8s rss=4793MB hwm=4793MB
RSS_SAMPLE t=2219.0s rss=4794MB hwm=4794MB
RSS_SAMPLE t=2219.3s rss=4794MB hwm=4794MB
RSS_SAMPLE t=2219.5s rss=4794MB hwm=4794MB
RSS_SAMPLE t=2219.8s rss=4794MB hwm=4794MB
RSS_SAMPLE t=2220.0s rss=4794MB hwm=4794MB
RSS_SAMPLE t=2220.3s rss=4794MB hwm=4794MB
RSS_SAMPLE t=2220.5s rss=4794MB hwm=4794MB
RSS_SAMPLE t=2220.8s rss=4794MB hwm=4794MB
RSS_SAMPLE t=2221.0s rss=4794MB hwm=4794MB
RSS_SAMPLE t=2221.3s rss=4794MB hwm=4794MB
RSS_SAMPLE t=2221.5s rss=4794MB hwm=4794MB
RSS_SAMPLE t=2221.8s rss=4794MB hwm=4794MB
RSS_SAMPLE t=2222.1s rss=4794MB hwm=4794MB
RSS_SAMPLE t=2222.3s rss=4794MB hwm=4794MB
RSS_SAMPLE t=2222.6s rss=4794MB hwm=4794MB
RSS_SAMPLE t=2222.8s rss=4794MB hwm=4794MB
RSS_SAMPLE t=2223.1s rss=4794MB hwm=4794MB
RSS_SAMPLE t=2223.3s rss=4794MB hwm=4794MB
RSS_SAMPLE t=2223.6s rss=4794MB hwm=4794MB
RSS_SAMPLE t=2223.8s rss=4794MB hwm=4794MB
RSS_SAMPLE t=2224.1s rss=4794MB hwm=4794MB
RSS_SAMPLE t=2224.3s rss=4794MB hwm=4794MB
RSS_SAMPLE t=2224.6s rss=4794MB hwm=4794MB
RSS_SAMPLE t=2224.8s rss=4794MB hwm=4794MB
RSS_SAMPLE t=2225.1s rss=4794MB hwm=4794MB
RSS_SAMPLE t=2225.3s rss=4794MB hwm=4794MB
RSS_SAMPLE t=2225.6s rss=4794MB hwm=4794MB
RSS_SAMPLE t=2225.8s rss=4794MB hwm=4794MB
RSS_SAMPLE t=2226.1s rss=4794MB hwm=4794MB
RSS_SAMPLE t=2226.3s rss=4794MB hwm=4794MB
RSS_SAMPLE t=2226.6s rss=4794MB hwm=4794MB
RSS_SAMPLE t=2226.8s rss=4794MB hwm=4794MB
RSS_SAMPLE t=2227.1s rss=4794MB hwm=4794MB
RSS_SAMPLE t=2227.3s rss=4794MB hwm=4794MB
RSS_SAMPLE t=2227.6s rss=4794MB hwm=4794MB
RSS_SAMPLE t=2227.8s rss=4794MB hwm=4794MB
RSS_SAMPLE t=2228.1s rss=4794MB hwm=4794MB
RSS_SAMPLE t=2228.3s rss=4795MB hwm=4795MB
RSS_SAMPLE t=2228.6s rss=4795MB hwm=4795MB
RSS_SAMPLE t=2228.8s rss=4795MB hwm=4795MB
RSS_SAMPLE t=2229.1s rss=4795MB hwm=4795MB
RSS_SAMPLE t=2229.3s rss=4795MB hwm=4795MB
RSS_SAMPLE t=2229.6s rss=4795MB hwm=4795MB
RSS_SAMPLE t=2229.8s rss=4795MB hwm=4795MB
RSS_SAMPLE t=2230.1s rss=4795MB hwm=4795MB
RSS_SAMPLE t=2230.3s rss=4795MB hwm=4795MB
RSS_SAMPLE t=2230.6s rss=4795MB hwm=4795MB
RSS_SAMPLE t=2230.8s rss=4795MB hwm=4795MB
RSS_SAMPLE t=2231.1s rss=4795MB hwm=4795MB
RSS_SAMPLE t=2231.3s rss=4795MB hwm=4795MB
RSS_SAMPLE t=2231.6s rss=4795MB hwm=4795MB
RSS_SAMPLE t=2231.8s rss=4795MB hwm=4795MB
RSS_SAMPLE t=2232.1s rss=4795MB hwm=4795MB
RSS_SAMPLE t=2232.3s rss=4795MB hwm=4795MB
RSS_SAMPLE t=2232.6s rss=4795MB hwm=4795MB
RSS_SAMPLE t=2232.8s rss=4795MB hwm=4795MB
RSS_SAMPLE t=2233.1s rss=4795MB hwm=4795MB
RSS_SAMPLE t=2233.3s rss=4795MB hwm=4795MB
RSS_SAMPLE t=2233.6s rss=4795MB hwm=4795MB
RSS_SAMPLE t=2233.8s rss=4795MB hwm=4795MB
RSS_SAMPLE t=2234.1s rss=4795MB hwm=4795MB
RSS_SAMPLE t=2234.3s rss=4795MB hwm=4795MB
RSS_SAMPLE t=2234.6s rss=4795MB hwm=4795MB
RSS_SAMPLE t=2234.8s rss=4795MB hwm=4795MB
RSS_SAMPLE t=2235.1s rss=4795MB hwm=4795MB
RSS_SAMPLE t=2235.3s rss=4795MB hwm=4795MB
RSS_SAMPLE t=2235.6s rss=4795MB hwm=4795MB
RSS_SAMPLE t=2235.8s rss=4795MB hwm=4795MB
RSS_SAMPLE t=2236.1s rss=4795MB hwm=4795MB
RSS_SAMPLE t=2236.3s rss=4795MB hwm=4795MB
RSS_SAMPLE t=2236.6s rss=4795MB hwm=4795MB
RSS_SAMPLE t=2236.8s rss=4795MB hwm=4795MB
RSS_SAMPLE t=2237.1s rss=4795MB hwm=4795MB
RSS_SAMPLE t=2237.3s rss=4795MB hwm=4795MB
RSS_SAMPLE t=2237.6s rss=4795MB hwm=4795MB
RSS_SAMPLE t=2237.8s rss=4795MB hwm=4795MB
RSS_SAMPLE t=2238.1s rss=4795MB hwm=4795MB
RSS_SAMPLE t=2238.3s rss=4795MB hwm=4795MB
RSS_SAMPLE t=2238.6s rss=4795MB hwm=4795MB
RSS_SAMPLE t=2238.8s rss=4795MB hwm=4795MB
RSS_SAMPLE t=2239.1s rss=4795MB hwm=4795MB
RSS_SAMPLE t=2239.3s rss=4795MB hwm=4795MB
RSS_SAMPLE t=2239.6s rss=4795MB hwm=4795MB
RSS_SAMPLE t=2239.8s rss=4795MB hwm=4795MB
RSS_SAMPLE t=2240.1s rss=4795MB hwm=4795MB
RSS_SAMPLE t=2240.3s rss=4795MB hwm=4795MB
RSS_SAMPLE t=2240.6s rss=4795MB hwm=4795MB
RSS_SAMPLE t=2240.8s rss=4795MB hwm=4795MB
RSS_SAMPLE t=2241.1s rss=4795MB hwm=4795MB
RSS_SAMPLE t=2241.3s rss=4795MB hwm=4795MB
RSS_SAMPLE t=2241.6s rss=4795MB hwm=4795MB
RSS_SAMPLE t=2241.9s rss=4795MB hwm=4795MB
RSS_SAMPLE t=2242.1s rss=4795MB hwm=4795MB
RSS_SAMPLE t=2242.4s rss=4795MB hwm=4795MB
RSS_SAMPLE t=2242.6s rss=4795MB hwm=4795MB
RSS_SAMPLE t=2242.9s rss=4795MB hwm=4795MB
RSS_SAMPLE t=2243.1s rss=4795MB hwm=4795MB
RSS_SAMPLE t=2243.4s rss=4795MB hwm=4795MB
RSS_SAMPLE t=2243.6s rss=4795MB hwm=4795MB
RSS_SAMPLE t=2243.9s rss=4795MB hwm=4795MB
RSS_SAMPLE t=2244.1s rss=4795MB hwm=4795MB
RSS_SAMPLE t=2244.4s rss=4795MB hwm=4795MB
RSS_SAMPLE t=2244.6s rss=4795MB hwm=4795MB
RSS_SAMPLE t=2244.9s rss=4795MB hwm=4795MB
RSS_SAMPLE t=2245.1s rss=4795MB hwm=4795MB
RSS_SAMPLE t=2245.4s rss=4795MB hwm=4795MB
RSS_SAMPLE t=2245.6s rss=4795MB hwm=4795MB
RSS_SAMPLE t=2245.9s rss=4795MB hwm=4795MB
RSS_SAMPLE t=2246.1s rss=4795MB hwm=4795MB
RSS_SAMPLE t=2246.4s rss=4795MB hwm=4795MB
RSS_SAMPLE t=2246.6s rss=4795MB hwm=4795MB
RSS_SAMPLE t=2246.9s rss=4795MB hwm=4795MB
RSS_SAMPLE t=2247.1s rss=4795MB hwm=4795MB
RSS_SAMPLE t=2247.4s rss=4795MB hwm=4795MB
RSS_SAMPLE t=2247.6s rss=4795MB hwm=4795MB
RSS_SAMPLE t=2247.9s rss=4795MB hwm=4795MB
RSS_SAMPLE t=2248.1s rss=4795MB hwm=4795MB
RSS_SAMPLE t=2248.4s rss=4795MB hwm=4795MB
RSS_SAMPLE t=2248.6s rss=4795MB hwm=4795MB
RSS_SAMPLE t=2248.9s rss=4795MB hwm=4795MB
RSS_SAMPLE t=2249.1s rss=4796MB hwm=4796MB
RSS_SAMPLE t=2249.4s rss=4796MB hwm=4796MB
RSS_SAMPLE t=2249.6s rss=4796MB hwm=4796MB
RSS_SAMPLE t=2249.9s rss=4796MB hwm=4796MB
RSS_SAMPLE t=2250.1s rss=4796MB hwm=4796MB
RSS_SAMPLE t=2250.4s rss=4796MB hwm=4796MB
RSS_SAMPLE t=2250.6s rss=4796MB hwm=4796MB
RSS_SAMPLE t=2250.9s rss=4796MB hwm=4796MB
RSS_SAMPLE t=2251.1s rss=4796MB hwm=4796MB
RSS_SAMPLE t=2251.4s rss=4796MB hwm=4796MB
RSS_SAMPLE t=2251.6s rss=4796MB hwm=4796MB
RSS_SAMPLE t=2251.9s rss=4796MB hwm=4796MB
RSS_SAMPLE t=2252.1s rss=4796MB hwm=4796MB
RSS_SAMPLE t=2252.4s rss=4796MB hwm=4796MB
RSS_SAMPLE t=2252.6s rss=4796MB hwm=4796MB
RSS_SAMPLE t=2252.9s rss=4797MB hwm=4797MB
RSS_SAMPLE t=2253.1s rss=4797MB hwm=4797MB
RSS_SAMPLE t=2253.4s rss=4797MB hwm=4797MB
RSS_SAMPLE t=2253.6s rss=4797MB hwm=4797MB
RSS_SAMPLE t=2253.9s rss=4797MB hwm=4797MB
RSS_SAMPLE t=2254.1s rss=4797MB hwm=4797MB
RSS_SAMPLE t=2254.4s rss=4797MB hwm=4797MB
RSS_SAMPLE t=2254.6s rss=4797MB hwm=4797MB
RSS_SAMPLE t=2254.9s rss=4797MB hwm=4797MB
RSS_SAMPLE t=2255.1s rss=4797MB hwm=4797MB
RSS_SAMPLE t=2255.4s rss=4797MB hwm=4797MB
RSS_SAMPLE t=2255.6s rss=4797MB hwm=4797MB
RSS_SAMPLE t=2255.9s rss=4797MB hwm=4797MB
RSS_SAMPLE t=2256.1s rss=4797MB hwm=4797MB
RSS_SAMPLE t=2256.4s rss=4797MB hwm=4797MB
RSS_SAMPLE t=2256.6s rss=4797MB hwm=4797MB
RSS_SAMPLE t=2256.9s rss=4797MB hwm=4797MB
RSS_SAMPLE t=2257.1s rss=4797MB hwm=4797MB
RSS_SAMPLE t=2257.4s rss=4797MB hwm=4797MB
RSS_SAMPLE t=2257.6s rss=4797MB hwm=4797MB
RSS_SAMPLE t=2257.9s rss=4797MB hwm=4797MB
RSS_SAMPLE t=2258.1s rss=4797MB hwm=4797MB
RSS_SAMPLE t=2258.4s rss=4797MB hwm=4797MB
RSS_SAMPLE t=2258.6s rss=4797MB hwm=4797MB
RSS_SAMPLE t=2258.9s rss=4797MB hwm=4797MB
RSS_SAMPLE t=2259.1s rss=4797MB hwm=4797MB
RSS_SAMPLE t=2259.4s rss=4797MB hwm=4797MB
RSS_SAMPLE t=2259.6s rss=4797MB hwm=4797MB
RSS_SAMPLE t=2259.9s rss=4797MB hwm=4797MB
RSS_SAMPLE t=2260.1s rss=4797MB hwm=4797MB
RSS_SAMPLE t=2260.4s rss=4797MB hwm=4797MB
RSS_SAMPLE t=2260.6s rss=4797MB hwm=4797MB
RSS_SAMPLE t=2260.9s rss=4797MB hwm=4797MB
RSS_SAMPLE t=2261.1s rss=4797MB hwm=4797MB
RSS_SAMPLE t=2261.4s rss=4797MB hwm=4797MB
RSS_SAMPLE t=2261.6s rss=4797MB hwm=4797MB
RSS_SAMPLE t=2261.9s rss=4797MB hwm=4797MB
RSS_SAMPLE t=2262.1s rss=4797MB hwm=4797MB
RSS_SAMPLE t=2262.4s rss=4797MB hwm=4797MB
RSS_SAMPLE t=2262.6s rss=4798MB hwm=4798MB
RSS_SAMPLE t=2262.9s rss=4798MB hwm=4798MB
RSS_SAMPLE t=2263.1s rss=4798MB hwm=4798MB
RSS_SAMPLE t=2263.4s rss=4798MB hwm=4798MB
RSS_SAMPLE t=2263.6s rss=4798MB hwm=4798MB
RSS_SAMPLE t=2263.9s rss=4798MB hwm=4798MB
RSS_SAMPLE t=2264.1s rss=4798MB hwm=4798MB
RSS_SAMPLE t=2264.4s rss=4798MB hwm=4798MB
RSS_SAMPLE t=2264.6s rss=4798MB hwm=4798MB
RSS_SAMPLE t=2264.9s rss=4798MB hwm=4798MB
RSS_SAMPLE t=2265.2s rss=4798MB hwm=4798MB
RSS_SAMPLE t=2265.4s rss=4798MB hwm=4798MB
RSS_SAMPLE t=2265.7s rss=4799MB hwm=4799MB
RSS_SAMPLE t=2265.9s rss=4799MB hwm=4799MB
RSS_SAMPLE t=2266.2s rss=4799MB hwm=4799MB
RSS_SAMPLE t=2266.4s rss=4799MB hwm=4799MB
RSS_SAMPLE t=2266.7s rss=4799MB hwm=4799MB
RSS_SAMPLE t=2266.9s rss=4799MB hwm=4799MB
RSS_SAMPLE t=2267.2s rss=4799MB hwm=4799MB
RSS_SAMPLE t=2267.4s rss=4799MB hwm=4799MB
RSS_SAMPLE t=2267.7s rss=4799MB hwm=4799MB
RSS_SAMPLE t=2267.9s rss=4799MB hwm=4799MB
RSS_SAMPLE t=2268.2s rss=4799MB hwm=4799MB
RSS_SAMPLE t=2268.4s rss=4799MB hwm=4799MB
RSS_SAMPLE t=2268.7s rss=4799MB hwm=4799MB
RSS_SAMPLE t=2268.9s rss=4799MB hwm=4799MB
RSS_SAMPLE t=2269.2s rss=4799MB hwm=4799MB
RSS_SAMPLE t=2269.4s rss=4799MB hwm=4799MB
RSS_SAMPLE t=2269.7s rss=4799MB hwm=4799MB
RSS_SAMPLE t=2269.9s rss=4799MB hwm=4799MB
RSS_SAMPLE t=2270.2s rss=4799MB hwm=4799MB
RSS_SAMPLE t=2270.4s rss=4799MB hwm=4799MB
RSS_SAMPLE t=2270.7s rss=4799MB hwm=4799MB
RSS_SAMPLE t=2270.9s rss=4799MB hwm=4799MB
RSS_SAMPLE t=2271.2s rss=4799MB hwm=4799MB
RSS_SAMPLE t=2271.4s rss=4799MB hwm=4799MB
RSS_SAMPLE t=2271.7s rss=4799MB hwm=4799MB
RSS_SAMPLE t=2271.9s rss=4799MB hwm=4799MB
RSS_SAMPLE t=2272.2s rss=4799MB hwm=4799MB
RSS_SAMPLE t=2272.4s rss=4799MB hwm=4799MB
RSS_SAMPLE t=2272.7s rss=4800MB hwm=4800MB
RSS_SAMPLE t=2272.9s rss=4800MB hwm=4800MB
RSS_SAMPLE t=2273.2s rss=4800MB hwm=4800MB
RSS_SAMPLE t=2273.4s rss=4800MB hwm=4800MB
RSS_SAMPLE t=2273.7s rss=4800MB hwm=4800MB
RSS_SAMPLE t=2273.9s rss=4800MB hwm=4800MB
RSS_SAMPLE t=2274.2s rss=4800MB hwm=4800MB
RSS_SAMPLE t=2274.4s rss=4800MB hwm=4800MB
RSS_SAMPLE t=2274.7s rss=4800MB hwm=4800MB
RSS_SAMPLE t=2274.9s rss=4800MB hwm=4800MB
RSS_SAMPLE t=2275.2s rss=4800MB hwm=4800MB
RSS_SAMPLE t=2275.4s rss=4800MB hwm=4800MB
RSS_SAMPLE t=2275.7s rss=4800MB hwm=4800MB
RSS_SAMPLE t=2275.9s rss=4800MB hwm=4800MB
RSS_SAMPLE t=2276.2s rss=4800MB hwm=4800MB
RSS_SAMPLE t=2276.4s rss=4800MB hwm=4800MB
RSS_SAMPLE t=2276.7s rss=4800MB hwm=4800MB
RSS_SAMPLE t=2276.9s rss=4800MB hwm=4800MB
RSS_SAMPLE t=2277.2s rss=4800MB hwm=4800MB
RSS_SAMPLE t=2277.4s rss=4800MB hwm=4800MB
RSS_SAMPLE t=2277.7s rss=4800MB hwm=4800MB
RSS_SAMPLE t=2277.9s rss=4800MB hwm=4800MB
RSS_SAMPLE t=2278.2s rss=4800MB hwm=4800MB
RSS_SAMPLE t=2278.4s rss=4801MB hwm=4801MB
RSS_SAMPLE t=2278.7s rss=4801MB hwm=4801MB
RSS_SAMPLE t=2278.9s rss=4801MB hwm=4801MB
RSS_SAMPLE t=2279.2s rss=4801MB hwm=4801MB
RSS_SAMPLE t=2279.4s rss=4801MB hwm=4801MB
RSS_SAMPLE t=2279.7s rss=4801MB hwm=4801MB
RSS_SAMPLE t=2279.9s rss=4801MB hwm=4801MB
RSS_SAMPLE t=2280.2s rss=4801MB hwm=4801MB
RSS_SAMPLE t=2280.4s rss=4801MB hwm=4801MB
RSS_SAMPLE t=2280.7s rss=4801MB hwm=4801MB
RSS_SAMPLE t=2280.9s rss=4801MB hwm=4801MB
RSS_SAMPLE t=2281.2s rss=4801MB hwm=4801MB
RSS_SAMPLE t=2281.4s rss=4801MB hwm=4801MB
RSS_SAMPLE t=2281.7s rss=4801MB hwm=4801MB
RSS_SAMPLE t=2281.9s rss=4801MB hwm=4801MB
RSS_SAMPLE t=2282.2s rss=4801MB hwm=4801MB
RSS_SAMPLE t=2282.4s rss=4801MB hwm=4801MB
RSS_SAMPLE t=2282.7s rss=4801MB hwm=4801MB
RSS_SAMPLE t=2282.9s rss=4801MB hwm=4801MB
RSS_SAMPLE t=2283.2s rss=4801MB hwm=4801MB
RSS_SAMPLE t=2283.4s rss=4801MB hwm=4801MB
RSS_SAMPLE t=2283.7s rss=4801MB hwm=4801MB
RSS_SAMPLE t=2283.9s rss=4801MB hwm=4801MB
RSS_SAMPLE t=2284.2s rss=4801MB hwm=4801MB
RSS_SAMPLE t=2284.4s rss=4801MB hwm=4801MB
RSS_SAMPLE t=2284.7s rss=4801MB hwm=4801MB
RSS_SAMPLE t=2284.9s rss=4801MB hwm=4801MB
RSS_SAMPLE t=2285.2s rss=4801MB hwm=4801MB
RSS_SAMPLE t=2285.4s rss=4801MB hwm=4801MB
RSS_SAMPLE t=2285.7s rss=4801MB hwm=4801MB
RSS_SAMPLE t=2285.9s rss=4801MB hwm=4801MB
RSS_SAMPLE t=2286.2s rss=4801MB hwm=4801MB
RSS_SAMPLE t=2286.4s rss=4801MB hwm=4801MB
RSS_SAMPLE t=2286.7s rss=4801MB hwm=4801MB
RSS_SAMPLE t=2286.9s rss=4801MB hwm=4801MB
RSS_SAMPLE t=2287.2s rss=4801MB hwm=4801MB
RSS_SAMPLE t=2287.5s rss=4801MB hwm=4801MB
RSS_SAMPLE t=2287.7s rss=4801MB hwm=4801MB
RSS_SAMPLE t=2288.0s rss=4801MB hwm=4801MB
RSS_SAMPLE t=2288.2s rss=4801MB hwm=4801MB
RSS_SAMPLE t=2288.5s rss=4801MB hwm=4801MB
RSS_SAMPLE t=2288.7s rss=4801MB hwm=4801MB
RSS_SAMPLE t=2289.0s rss=4801MB hwm=4801MB
RSS_SAMPLE t=2289.2s rss=4801MB hwm=4801MB
RSS_SAMPLE t=2289.5s rss=4801MB hwm=4801MB
RSS_SAMPLE t=2289.7s rss=4801MB hwm=4801MB
RSS_SAMPLE t=2290.0s rss=4801MB hwm=4801MB
RSS_SAMPLE t=2290.2s rss=4801MB hwm=4801MB
RSS_SAMPLE t=2290.5s rss=4801MB hwm=4801MB
RSS_SAMPLE t=2290.7s rss=4801MB hwm=4801MB
RSS_SAMPLE t=2291.0s rss=4801MB hwm=4801MB
RSS_SAMPLE t=2291.2s rss=4801MB hwm=4801MB
RSS_SAMPLE t=2291.5s rss=4801MB hwm=4801MB
RSS_SAMPLE t=2291.7s rss=4801MB hwm=4801MB
RSS_SAMPLE t=2292.0s rss=4801MB hwm=4801MB
RSS_SAMPLE t=2292.2s rss=4801MB hwm=4801MB
RSS_SAMPLE t=2292.5s rss=4801MB hwm=4801MB
RSS_SAMPLE t=2292.7s rss=4801MB hwm=4801MB
RSS_SAMPLE t=2293.0s rss=4801MB hwm=4801MB
RSS_SAMPLE t=2293.2s rss=4801MB hwm=4801MB
RSS_SAMPLE t=2293.5s rss=4801MB hwm=4801MB
RSS_SAMPLE t=2293.7s rss=4801MB hwm=4801MB
RSS_SAMPLE t=2294.0s rss=4801MB hwm=4801MB
RSS_SAMPLE t=2294.2s rss=4801MB hwm=4801MB
RSS_SAMPLE t=2294.5s rss=4801MB hwm=4801MB
RSS_SAMPLE t=2294.7s rss=4801MB hwm=4801MB
RSS_SAMPLE t=2295.0s rss=4801MB hwm=4801MB
RSS_SAMPLE t=2295.2s rss=4801MB hwm=4801MB
RSS_SAMPLE t=2295.5s rss=4801MB hwm=4801MB
RSS_SAMPLE t=2295.7s rss=4801MB hwm=4801MB
RSS_SAMPLE t=2296.0s rss=4801MB hwm=4801MB
RSS_SAMPLE t=2296.2s rss=4801MB hwm=4801MB
RSS_SAMPLE t=2296.5s rss=4801MB hwm=4801MB
RSS_SAMPLE t=2296.7s rss=4801MB hwm=4801MB
RSS_SAMPLE t=2297.0s rss=4801MB hwm=4801MB
RSS_SAMPLE t=2297.2s rss=4801MB hwm=4801MB
RSS_SAMPLE t=2297.5s rss=4801MB hwm=4801MB
RSS_SAMPLE t=2297.7s rss=4801MB hwm=4801MB
RSS_SAMPLE t=2298.0s rss=4801MB hwm=4801MB
RSS_SAMPLE t=2298.2s rss=4801MB hwm=4801MB
RSS_SAMPLE t=2298.5s rss=4801MB hwm=4801MB
RSS_SAMPLE t=2298.7s rss=4801MB hwm=4801MB
RSS_SAMPLE t=2299.0s rss=4801MB hwm=4801MB
RSS_SAMPLE t=2299.2s rss=4801MB hwm=4801MB
RSS_SAMPLE t=2299.5s rss=4801MB hwm=4801MB
RSS_SAMPLE t=2299.7s rss=4801MB hwm=4801MB
RSS_SAMPLE t=2300.0s rss=4801MB hwm=4801MB
RSS_SAMPLE t=2300.2s rss=4801MB hwm=4801MB
RSS_SAMPLE t=2300.5s rss=4801MB hwm=4801MB
RSS_SAMPLE t=2300.7s rss=4801MB hwm=4801MB
RSS_SAMPLE t=2301.0s rss=4801MB hwm=4801MB
RSS_SAMPLE t=2301.2s rss=4801MB hwm=4801MB
RSS_SAMPLE t=2301.5s rss=4801MB hwm=4801MB
RSS_SAMPLE t=2301.7s rss=4801MB hwm=4801MB
RSS_SAMPLE t=2302.0s rss=4801MB hwm=4801MB
RSS_SAMPLE t=2302.2s rss=4801MB hwm=4801MB
RSS_SAMPLE t=2302.5s rss=4801MB hwm=4801MB
RSS_SAMPLE t=2302.7s rss=4801MB hwm=4801MB
RSS_SAMPLE t=2303.0s rss=4801MB hwm=4801MB
RSS_SAMPLE t=2303.2s rss=4801MB hwm=4801MB
RSS_SAMPLE t=2303.5s rss=4801MB hwm=4801MB
RSS_SAMPLE t=2303.7s rss=4801MB hwm=4801MB
RSS_SAMPLE t=2304.0s rss=4801MB hwm=4801MB
RSS_SAMPLE t=2304.2s rss=4801MB hwm=4801MB
RSS_SAMPLE t=2304.5s rss=4801MB hwm=4801MB
RSS_SAMPLE t=2304.7s rss=4801MB hwm=4801MB
RSS_SAMPLE t=2305.0s rss=4801MB hwm=4801MB
RSS_SAMPLE t=2305.2s rss=4801MB hwm=4801MB
RSS_SAMPLE t=2305.5s rss=4801MB hwm=4801MB
RSS_SAMPLE t=2305.7s rss=4801MB hwm=4801MB
RSS_SAMPLE t=2306.0s rss=4801MB hwm=4801MB
RSS_SAMPLE t=2306.2s rss=4801MB hwm=4801MB
RSS_SAMPLE t=2306.5s rss=4801MB hwm=4801MB
RSS_SAMPLE t=2306.7s rss=4801MB hwm=4801MB
RSS_SAMPLE t=2307.0s rss=4801MB hwm=4801MB
RSS_SAMPLE t=2307.2s rss=4801MB hwm=4801MB
RSS_SAMPLE t=2307.5s rss=4801MB hwm=4801MB
RSS_SAMPLE t=2307.7s rss=4801MB hwm=4801MB
RSS_SAMPLE t=2308.0s rss=4801MB hwm=4801MB
RSS_SAMPLE t=2308.2s rss=4801MB hwm=4801MB
RSS_SAMPLE t=2308.5s rss=4801MB hwm=4801MB
RSS_SAMPLE t=2308.7s rss=4801MB hwm=4801MB
RSS_SAMPLE t=2309.0s rss=4801MB hwm=4801MB
RSS_SAMPLE t=2309.2s rss=4801MB hwm=4801MB
RSS_SAMPLE t=2309.5s rss=4801MB hwm=4801MB
RSS_SAMPLE t=2309.7s rss=4801MB hwm=4801MB
RSS_SAMPLE t=2310.0s rss=4801MB hwm=4801MB
RSS_SAMPLE t=2310.2s rss=4801MB hwm=4801MB
RSS_SAMPLE t=2310.5s rss=4801MB hwm=4801MB
RSS_SAMPLE t=2310.7s rss=4801MB hwm=4801MB
RSS_SAMPLE t=2311.0s rss=4801MB hwm=4801MB
RSS_SAMPLE t=2311.2s rss=4801MB hwm=4801MB
RSS_SAMPLE t=2311.5s rss=4801MB hwm=4801MB
RSS_SAMPLE t=2311.7s rss=4801MB hwm=4801MB
RSS_SAMPLE t=2312.0s rss=4801MB hwm=4801MB
RSS_SAMPLE t=2312.2s rss=4801MB hwm=4801MB
RSS_SAMPLE t=2312.5s rss=4801MB hwm=4801MB
RSS_SAMPLE t=2312.7s rss=4801MB hwm=4801MB
RSS_SAMPLE t=2313.0s rss=4801MB hwm=4801MB
RSS_SAMPLE t=2313.2s rss=4801MB hwm=4801MB
RSS_SAMPLE t=2313.5s rss=4801MB hwm=4801MB
RSS_SAMPLE t=2313.7s rss=4801MB hwm=4801MB
RSS_SAMPLE t=2314.0s rss=4801MB hwm=4801MB
RSS_SAMPLE t=2314.2s rss=4801MB hwm=4801MB
RSS_SAMPLE t=2314.5s rss=4801MB hwm=4801MB
RSS_SAMPLE t=2314.7s rss=4801MB hwm=4801MB
RSS_SAMPLE t=2315.0s rss=4801MB hwm=4801MB
RSS_SAMPLE t=2315.2s rss=4801MB hwm=4801MB
RSS_SAMPLE t=2315.5s rss=4801MB hwm=4801MB
RSS_SAMPLE t=2315.7s rss=4801MB hwm=4801MB
RSS_SAMPLE t=2316.0s rss=4801MB hwm=4801MB
RSS_SAMPLE t=2316.2s rss=4801MB hwm=4801MB
RSS_SAMPLE t=2316.5s rss=4801MB hwm=4801MB
RSS_SAMPLE t=2316.7s rss=4801MB hwm=4801MB
RSS_SAMPLE t=2317.0s rss=4801MB hwm=4801MB
RSS_SAMPLE t=2317.2s rss=4801MB hwm=4801MB
RSS_SAMPLE t=2317.5s rss=4801MB hwm=4801MB
RSS_SAMPLE t=2317.7s rss=4801MB hwm=4801MB
RSS_SAMPLE t=2318.0s rss=4801MB hwm=4801MB
RSS_SAMPLE t=2318.2s rss=4801MB hwm=4801MB
RSS_SAMPLE t=2318.5s rss=4801MB hwm=4801MB
RSS_SAMPLE t=2318.7s rss=4801MB hwm=4801MB
RSS_SAMPLE t=2319.0s rss=4801MB hwm=4801MB
RSS_SAMPLE t=2319.2s rss=4801MB hwm=4801MB
RSS_SAMPLE t=2319.5s rss=4801MB hwm=4801MB
RSS_SAMPLE t=2319.7s rss=4801MB hwm=4801MB
RSS_SAMPLE t=2320.0s rss=4801MB hwm=4801MB
RSS_SAMPLE t=2320.2s rss=4801MB hwm=4801MB
RSS_SAMPLE t=2320.5s rss=4801MB hwm=4801MB
RSS_SAMPLE t=2320.7s rss=4801MB hwm=4801MB
RSS_SAMPLE t=2321.0s rss=4801MB hwm=4801MB
RSS_SAMPLE t=2321.2s rss=4801MB hwm=4801MB
RSS_SAMPLE t=2321.5s rss=4801MB hwm=4801MB
RSS_SAMPLE t=2321.7s rss=4801MB hwm=4801MB
RSS_SAMPLE t=2322.0s rss=4801MB hwm=4801MB
RSS_SAMPLE t=2322.2s rss=4801MB hwm=4801MB
RSS_SAMPLE t=2322.5s rss=4801MB hwm=4801MB
RSS_SAMPLE t=2322.7s rss=4801MB hwm=4801MB
RSS_SAMPLE t=2323.0s rss=4801MB hwm=4801MB
RSS_SAMPLE t=2323.2s rss=4801MB hwm=4801MB
RSS_SAMPLE t=2323.5s rss=4801MB hwm=4801MB
RSS_SAMPLE t=2323.7s rss=4801MB hwm=4801MB
RSS_SAMPLE t=2324.0s rss=4801MB hwm=4801MB
RSS_SAMPLE t=2324.2s rss=4801MB hwm=4801MB
RSS_SAMPLE t=2324.5s rss=4801MB hwm=4801MB
RSS_SAMPLE t=2324.7s rss=4801MB hwm=4801MB
RSS_SAMPLE t=2325.0s rss=4801MB hwm=4801MB
RSS_SAMPLE t=2325.2s rss=4801MB hwm=4801MB
RSS_SAMPLE t=2325.5s rss=4801MB hwm=4801MB
RSS_SAMPLE t=2325.7s rss=4801MB hwm=4801MB
RSS_SAMPLE t=2326.0s rss=4801MB hwm=4801MB
RSS_SAMPLE t=2326.2s rss=4801MB hwm=4801MB
RSS_SAMPLE t=2326.5s rss=4801MB hwm=4801MB
RSS_SAMPLE t=2326.7s rss=4801MB hwm=4801MB
RSS_SAMPLE t=2327.0s rss=4801MB hwm=4801MB
RSS_SAMPLE t=2327.2s rss=4801MB hwm=4801MB
RSS_SAMPLE t=2327.5s rss=4801MB hwm=4801MB
RSS_SAMPLE t=2327.7s rss=4801MB hwm=4801MB
RSS_SAMPLE t=2328.0s rss=4801MB hwm=4801MB
RSS_SAMPLE t=2328.2s rss=4801MB hwm=4801MB
RSS_SAMPLE t=2328.5s rss=4801MB hwm=4801MB
RSS_SAMPLE t=2328.7s rss=4801MB hwm=4801MB
RSS_SAMPLE t=2329.0s rss=4801MB hwm=4801MB
RSS_SAMPLE t=2329.2s rss=4801MB hwm=4801MB
RSS_SAMPLE t=2329.5s rss=4801MB hwm=4801MB
RSS_SAMPLE t=2329.7s rss=4801MB hwm=4801MB
RSS_SAMPLE t=2330.0s rss=4801MB hwm=4801MB
RSS_SAMPLE t=2330.2s rss=4801MB hwm=4801MB
RSS_SAMPLE t=2330.5s rss=4801MB hwm=4801MB
RSS_SAMPLE t=2330.7s rss=4801MB hwm=4801MB
RSS_SAMPLE t=2331.0s rss=4801MB hwm=4801MB
RSS_SAMPLE t=2331.2s rss=4801MB hwm=4801MB
RSS_SAMPLE t=2331.5s rss=4801MB hwm=4801MB
MEM_POOL: workspaces=32 dense_usage_mb=1251 n_pipes=2562403
    post_solve_diag[outer=13]: solves=105117 cap_armed=105117 (100.0%) settle_avg=5193 above_sink_avg=239 (4.6%) settle_max=69353
    load_support[outer=13]: settle_avg=5193 load_nz_avg=4266 (82.2%) load_material_avg=2523 (48.6%)
    prune_ceiling[outer=13]: settle_avg=5193 heuristic_prunable_avg=592 (11.4%) vs oracle_zero_load=17.8%
    settle_hist[outer=13]: <100: 24283nets/0.2%work  <1k: 27885nets/1.8%work  <5k: 24790nets/12.0%work  <20k: 19760nets/37.8%work  <60k: 8270nets/46.7%work  >=60k: 129nets/1.5%work
    fanout_hist[outer=13]: fan1: 43710nets/13.5%work  fan2-4: 48279nets/50.0%work  fan5-16: 12974nets/35.5%work  fan17-64: 154nets/1.0%work  fan65-256: 0nets/0.0%work  fan>256: 0nets/0.0%work
    rss_probe[outer=13]: pre_post_solve=4793MB post_post_solve=4801MB after_apply=4801MB
    E_decomp: base=11404602.6 eff=14736642836384.9 cong=14736631431782.3 cong_share=100.0% sat_pipes=442463 max_util=992.22  R_buckets: 1-2x=1109174 2-10x=126011 10-100x=365762 >=100x=961456
    E_potential: beckmann=91300339753484.6 history_total=0.0
    SpanCache: epoch=14 entries=2706 lookups=2562403 hits=2559697 misses=2706 hit_rate=99.9%
  DCD  13: nets=105117 line=11496740 energy=19284014084.172 dE=+10936716569.143 friction=6115058.4 bins=2.0x(226) excess=81.2 moved=67557 disp=4.565 solves=105117 skip=105117 pops=545834385 theta=1.941 refresh=125630ms dcd=10365ms total=139949ms
    cache_stats: entries=61601861 capacity=127432137 est_mb=1099 rss_mb=4801
RSS_SAMPLE t=2331.7s rss=4801MB hwm=4801MB
RSS_SAMPLE t=2332.0s rss=4801MB hwm=4801MB
RSS_SAMPLE t=2332.2s rss=4801MB hwm=4801MB
RSS_SAMPLE t=2332.5s rss=4801MB hwm=4801MB
RSS_SAMPLE t=2332.7s rss=4801MB hwm=4801MB
RSS_SAMPLE t=2333.0s rss=4801MB hwm=4801MB
RSS_SAMPLE t=2333.2s rss=4801MB hwm=4801MB
RSS_SAMPLE t=2333.5s rss=4801MB hwm=4801MB
RSS_SAMPLE t=2333.7s rss=4801MB hwm=4801MB
RSS_SAMPLE t=2334.0s rss=4801MB hwm=4801MB
RSS_SAMPLE t=2334.2s rss=4801MB hwm=4801MB
RSS_SAMPLE t=2334.5s rss=4801MB hwm=4801MB
RSS_SAMPLE t=2334.7s rss=4801MB hwm=4801MB
RSS_SAMPLE t=2335.0s rss=4801MB hwm=4801MB
    SwitchMatrix: type_usage_pairs=889 lookups=2891 hits=2002 dijkstra_calls=889 avg_us=18.6 total_ms=16.6
PHASE_MARK outer=14 enter=pre_solve rss=4801MB
    rss_probe[outer=14]: pre_refresh_rss=4801MB post_pre_solve_rss=4801MB cache_entries=61601861 cache_cap=127432137 cache_est_mb=1099
    pre_solve_diag[outer=14]: solves=0 fallback=0 (0.0%) cap_armed=0 (0.0%) settle_avg=0 settle_max=0 init_count=253
    Overflow: over=393954 (15.4% of used) avg_excess=1.61 max_excess=3117.87 (nc=3141.87 cap=24 span=1)  excess_buckets: <=1=220559 1-5=155371 5-20=16549 >20=1475  by_cap: cap1=212589 cap2=174312 cap3-5=900 cap>5=6153  by_span: s1=325 s2-3=851 s4-6=3526 s7-12=165511 s>12=223741  le1_cross: cap1=142034 cap2-5=77228 cap>5=1297
    Congestion: pipes=2562403 used=2562403 congested(>50%)=746617 saturated(>90%)=442463 max_util=992.22 avg_util=0.5237
PHASE_MARK outer=14 enter=dcd_sweep rss=4801MB
RSS_SAMPLE t=2335.3s rss=4801MB hwm=4801MB
RSS_SAMPLE t=2335.5s rss=4801MB hwm=4801MB
RSS_SAMPLE t=2335.8s rss=4801MB hwm=4801MB
RSS_SAMPLE t=2336.0s rss=4801MB hwm=4801MB
RSS_SAMPLE t=2336.3s rss=4801MB hwm=4801MB
RSS_SAMPLE t=2336.5s rss=4801MB hwm=4801MB
RSS_SAMPLE t=2336.8s rss=4801MB hwm=4801MB
RSS_SAMPLE t=2337.0s rss=4801MB hwm=4801MB
RSS_SAMPLE t=2337.3s rss=4801MB hwm=4801MB
RSS_SAMPLE t=2337.5s rss=4801MB hwm=4801MB
RSS_SAMPLE t=2337.8s rss=4801MB hwm=4801MB
RSS_SAMPLE t=2338.0s rss=4801MB hwm=4801MB
RSS_SAMPLE t=2338.3s rss=4801MB hwm=4801MB
RSS_SAMPLE t=2338.5s rss=4801MB hwm=4801MB
RSS_SAMPLE t=2338.8s rss=4801MB hwm=4801MB
RSS_SAMPLE t=2339.0s rss=4801MB hwm=4801MB
RSS_SAMPLE t=2339.3s rss=4801MB hwm=4801MB
RSS_SAMPLE t=2339.5s rss=4801MB hwm=4801MB
RSS_SAMPLE t=2339.8s rss=4801MB hwm=4801MB
RSS_SAMPLE t=2340.0s rss=4801MB hwm=4801MB
RSS_SAMPLE t=2340.3s rss=4801MB hwm=4801MB
RSS_SAMPLE t=2340.5s rss=4801MB hwm=4801MB
RSS_SAMPLE t=2340.8s rss=4801MB hwm=4801MB
RSS_SAMPLE t=2341.0s rss=4801MB hwm=4801MB
RSS_SAMPLE t=2341.3s rss=4801MB hwm=4801MB
RSS_SAMPLE t=2341.5s rss=4801MB hwm=4801MB
RSS_SAMPLE t=2341.8s rss=4801MB hwm=4801MB
RSS_SAMPLE t=2342.0s rss=4801MB hwm=4801MB
RSS_SAMPLE t=2342.3s rss=4801MB hwm=4801MB
RSS_SAMPLE t=2342.5s rss=4801MB hwm=4801MB
RSS_SAMPLE t=2342.8s rss=4801MB hwm=4801MB
RSS_SAMPLE t=2343.0s rss=4801MB hwm=4801MB
RSS_SAMPLE t=2343.3s rss=4801MB hwm=4801MB
RSS_SAMPLE t=2343.5s rss=4801MB hwm=4801MB
RSS_SAMPLE t=2343.8s rss=4801MB hwm=4801MB
RSS_SAMPLE t=2344.0s rss=4801MB hwm=4801MB
RSS_SAMPLE t=2344.3s rss=4801MB hwm=4801MB
RSS_SAMPLE t=2344.5s rss=4801MB hwm=4801MB
RSS_SAMPLE t=2344.8s rss=4801MB hwm=4801MB
RSS_SAMPLE t=2345.0s rss=4801MB hwm=4801MB
RSS_SAMPLE t=2345.3s rss=4801MB hwm=4801MB
RSS_SAMPLE t=2345.5s rss=4801MB hwm=4801MB
RSS_SAMPLE t=2345.8s rss=4801MB hwm=4801MB
RSS_SAMPLE t=2346.0s rss=4801MB hwm=4801MB
RSS_SAMPLE t=2346.3s rss=4801MB hwm=4801MB
RSS_SAMPLE t=2346.5s rss=4801MB hwm=4801MB
RSS_SAMPLE t=2346.8s rss=4801MB hwm=4801MB
RSS_SAMPLE t=2347.0s rss=4801MB hwm=4801MB
PHASE_MARK outer=14 leave=dcd_sweep rss=4801MB
PHASE_MARK outer=14 enter=post_refresh rss=4801MB
RSS_SAMPLE t=2347.3s rss=4801MB hwm=4801MB
RSS_SAMPLE t=2347.5s rss=4801MB hwm=4801MB
RSS_SAMPLE t=2347.8s rss=4801MB hwm=4801MB
RSS_SAMPLE t=2348.0s rss=4801MB hwm=4801MB
RSS_SAMPLE t=2348.3s rss=4801MB hwm=4801MB
RSS_SAMPLE t=2348.5s rss=4801MB hwm=4801MB
RSS_SAMPLE t=2348.8s rss=4801MB hwm=4801MB
RSS_SAMPLE t=2349.0s rss=4801MB hwm=4801MB
RSS_SAMPLE t=2349.3s rss=4801MB hwm=4801MB
RSS_SAMPLE t=2349.5s rss=4801MB hwm=4801MB
RSS_SAMPLE t=2349.8s rss=4801MB hwm=4801MB
RSS_SAMPLE t=2350.0s rss=4801MB hwm=4801MB
RSS_SAMPLE t=2350.3s rss=4801MB hwm=4801MB
RSS_SAMPLE t=2350.5s rss=4801MB hwm=4801MB
RSS_SAMPLE t=2350.8s rss=4801MB hwm=4801MB
RSS_SAMPLE t=2351.0s rss=4801MB hwm=4801MB
RSS_SAMPLE t=2351.3s rss=4801MB hwm=4801MB
RSS_SAMPLE t=2351.5s rss=4801MB hwm=4801MB
RSS_SAMPLE t=2351.8s rss=4801MB hwm=4801MB
RSS_SAMPLE t=2352.0s rss=4801MB hwm=4801MB
RSS_SAMPLE t=2352.3s rss=4801MB hwm=4801MB
RSS_SAMPLE t=2352.5s rss=4801MB hwm=4801MB
RSS_SAMPLE t=2352.8s rss=4801MB hwm=4801MB
RSS_SAMPLE t=2353.0s rss=4802MB hwm=4802MB
RSS_SAMPLE t=2353.3s rss=4802MB hwm=4802MB
RSS_SAMPLE t=2353.5s rss=4802MB hwm=4802MB
RSS_SAMPLE t=2353.8s rss=4802MB hwm=4802MB
RSS_SAMPLE t=2354.0s rss=4802MB hwm=4802MB
RSS_SAMPLE t=2354.3s rss=4802MB hwm=4802MB
RSS_SAMPLE t=2354.5s rss=4802MB hwm=4802MB
RSS_SAMPLE t=2354.8s rss=4802MB hwm=4802MB
RSS_SAMPLE t=2355.1s rss=4802MB hwm=4802MB
RSS_SAMPLE t=2355.3s rss=4802MB hwm=4802MB
RSS_SAMPLE t=2355.6s rss=4802MB hwm=4802MB
RSS_SAMPLE t=2355.8s rss=4802MB hwm=4802MB
RSS_SAMPLE t=2356.1s rss=4802MB hwm=4802MB
RSS_SAMPLE t=2356.3s rss=4802MB hwm=4802MB
RSS_SAMPLE t=2356.6s rss=4802MB hwm=4802MB
RSS_SAMPLE t=2356.8s rss=4802MB hwm=4802MB
RSS_SAMPLE t=2357.1s rss=4802MB hwm=4802MB
RSS_SAMPLE t=2357.3s rss=4802MB hwm=4802MB
RSS_SAMPLE t=2357.6s rss=4802MB hwm=4802MB
RSS_SAMPLE t=2357.8s rss=4802MB hwm=4802MB
RSS_SAMPLE t=2358.1s rss=4802MB hwm=4802MB
RSS_SAMPLE t=2358.3s rss=4802MB hwm=4802MB
RSS_SAMPLE t=2358.6s rss=4802MB hwm=4802MB
RSS_SAMPLE t=2358.8s rss=4802MB hwm=4802MB
RSS_SAMPLE t=2359.1s rss=4802MB hwm=4802MB
RSS_SAMPLE t=2359.3s rss=4802MB hwm=4802MB
RSS_SAMPLE t=2359.6s rss=4802MB hwm=4802MB
RSS_SAMPLE t=2359.8s rss=4802MB hwm=4802MB
RSS_SAMPLE t=2360.1s rss=4802MB hwm=4802MB
RSS_SAMPLE t=2360.3s rss=4802MB hwm=4802MB
RSS_SAMPLE t=2360.6s rss=4802MB hwm=4802MB
RSS_SAMPLE t=2360.8s rss=4802MB hwm=4802MB
RSS_SAMPLE t=2361.1s rss=4802MB hwm=4802MB
RSS_SAMPLE t=2361.3s rss=4802MB hwm=4802MB
RSS_SAMPLE t=2361.6s rss=4802MB hwm=4802MB
RSS_SAMPLE t=2361.8s rss=4802MB hwm=4802MB
RSS_SAMPLE t=2362.1s rss=4802MB hwm=4802MB
RSS_SAMPLE t=2362.3s rss=4802MB hwm=4802MB
RSS_SAMPLE t=2362.6s rss=4802MB hwm=4802MB
RSS_SAMPLE t=2362.8s rss=4802MB hwm=4802MB
RSS_SAMPLE t=2363.1s rss=4802MB hwm=4802MB
RSS_SAMPLE t=2363.3s rss=4802MB hwm=4802MB
RSS_SAMPLE t=2363.6s rss=4802MB hwm=4802MB
RSS_SAMPLE t=2363.8s rss=4802MB hwm=4802MB
RSS_SAMPLE t=2364.1s rss=4802MB hwm=4802MB
RSS_SAMPLE t=2364.3s rss=4802MB hwm=4802MB
RSS_SAMPLE t=2364.6s rss=4802MB hwm=4802MB
RSS_SAMPLE t=2364.8s rss=4802MB hwm=4802MB
RSS_SAMPLE t=2365.1s rss=4802MB hwm=4802MB
RSS_SAMPLE t=2365.3s rss=4802MB hwm=4802MB
RSS_SAMPLE t=2365.6s rss=4802MB hwm=4802MB
RSS_SAMPLE t=2365.8s rss=4802MB hwm=4802MB
RSS_SAMPLE t=2366.1s rss=4802MB hwm=4802MB
RSS_SAMPLE t=2366.3s rss=4802MB hwm=4802MB
RSS_SAMPLE t=2366.6s rss=4802MB hwm=4802MB
RSS_SAMPLE t=2366.8s rss=4802MB hwm=4802MB
RSS_SAMPLE t=2367.1s rss=4802MB hwm=4802MB
RSS_SAMPLE t=2367.3s rss=4802MB hwm=4802MB
RSS_SAMPLE t=2367.6s rss=4802MB hwm=4802MB
RSS_SAMPLE t=2367.8s rss=4802MB hwm=4802MB
RSS_SAMPLE t=2368.1s rss=4802MB hwm=4802MB
RSS_SAMPLE t=2368.3s rss=4802MB hwm=4802MB
RSS_SAMPLE t=2368.6s rss=4802MB hwm=4802MB
RSS_SAMPLE t=2368.8s rss=4802MB hwm=4802MB
RSS_SAMPLE t=2369.1s rss=4802MB hwm=4802MB
RSS_SAMPLE t=2369.3s rss=4802MB hwm=4802MB
RSS_SAMPLE t=2369.6s rss=4802MB hwm=4802MB
RSS_SAMPLE t=2369.8s rss=4802MB hwm=4802MB
RSS_SAMPLE t=2370.1s rss=4802MB hwm=4802MB
RSS_SAMPLE t=2370.3s rss=4803MB hwm=4803MB
RSS_SAMPLE t=2370.6s rss=4803MB hwm=4803MB
RSS_SAMPLE t=2370.8s rss=4803MB hwm=4803MB
RSS_SAMPLE t=2371.1s rss=4803MB hwm=4803MB
RSS_SAMPLE t=2371.3s rss=4803MB hwm=4803MB
RSS_SAMPLE t=2371.6s rss=4803MB hwm=4803MB
RSS_SAMPLE t=2371.8s rss=4803MB hwm=4803MB
RSS_SAMPLE t=2372.1s rss=4803MB hwm=4803MB
RSS_SAMPLE t=2372.3s rss=4803MB hwm=4803MB
RSS_SAMPLE t=2372.6s rss=4803MB hwm=4803MB
RSS_SAMPLE t=2372.8s rss=4803MB hwm=4803MB
RSS_SAMPLE t=2373.1s rss=4803MB hwm=4803MB
RSS_SAMPLE t=2373.3s rss=4804MB hwm=4804MB
RSS_SAMPLE t=2373.6s rss=4804MB hwm=4804MB
RSS_SAMPLE t=2373.8s rss=4804MB hwm=4804MB
RSS_SAMPLE t=2374.1s rss=4804MB hwm=4804MB
RSS_SAMPLE t=2374.3s rss=4804MB hwm=4804MB
RSS_SAMPLE t=2374.6s rss=4804MB hwm=4804MB
RSS_SAMPLE t=2374.8s rss=4804MB hwm=4804MB
RSS_SAMPLE t=2375.1s rss=4804MB hwm=4804MB
RSS_SAMPLE t=2375.4s rss=4804MB hwm=4804MB
RSS_SAMPLE t=2375.6s rss=4804MB hwm=4804MB
RSS_SAMPLE t=2375.9s rss=4804MB hwm=4804MB
RSS_SAMPLE t=2376.1s rss=4804MB hwm=4804MB
RSS_SAMPLE t=2376.4s rss=4804MB hwm=4804MB
RSS_SAMPLE t=2376.6s rss=4805MB hwm=4805MB
RSS_SAMPLE t=2376.9s rss=4805MB hwm=4805MB
RSS_SAMPLE t=2377.1s rss=4805MB hwm=4805MB
RSS_SAMPLE t=2377.4s rss=4805MB hwm=4805MB
RSS_SAMPLE t=2377.6s rss=4805MB hwm=4805MB
RSS_SAMPLE t=2377.9s rss=4805MB hwm=4805MB
RSS_SAMPLE t=2378.1s rss=4805MB hwm=4805MB
RSS_SAMPLE t=2378.4s rss=4805MB hwm=4805MB
RSS_SAMPLE t=2378.6s rss=4805MB hwm=4805MB
RSS_SAMPLE t=2378.9s rss=4805MB hwm=4805MB
RSS_SAMPLE t=2379.1s rss=4805MB hwm=4805MB
RSS_SAMPLE t=2379.4s rss=4805MB hwm=4805MB
RSS_SAMPLE t=2379.6s rss=4805MB hwm=4805MB
RSS_SAMPLE t=2379.9s rss=4805MB hwm=4805MB
RSS_SAMPLE t=2380.1s rss=4805MB hwm=4805MB
RSS_SAMPLE t=2380.4s rss=4805MB hwm=4805MB
RSS_SAMPLE t=2380.6s rss=4805MB hwm=4805MB
RSS_SAMPLE t=2380.9s rss=4805MB hwm=4805MB
RSS_SAMPLE t=2381.1s rss=4805MB hwm=4805MB
RSS_SAMPLE t=2381.4s rss=4805MB hwm=4805MB
RSS_SAMPLE t=2381.6s rss=4805MB hwm=4805MB
RSS_SAMPLE t=2381.9s rss=4805MB hwm=4805MB
RSS_SAMPLE t=2382.1s rss=4805MB hwm=4805MB
RSS_SAMPLE t=2382.4s rss=4805MB hwm=4805MB
RSS_SAMPLE t=2382.6s rss=4805MB hwm=4805MB
RSS_SAMPLE t=2382.9s rss=4805MB hwm=4805MB
RSS_SAMPLE t=2383.1s rss=4805MB hwm=4805MB
RSS_SAMPLE t=2383.4s rss=4805MB hwm=4805MB
RSS_SAMPLE t=2383.6s rss=4805MB hwm=4805MB
RSS_SAMPLE t=2383.9s rss=4805MB hwm=4805MB
RSS_SAMPLE t=2384.1s rss=4805MB hwm=4805MB
RSS_SAMPLE t=2384.4s rss=4805MB hwm=4805MB
RSS_SAMPLE t=2384.6s rss=4805MB hwm=4805MB
RSS_SAMPLE t=2384.9s rss=4805MB hwm=4805MB
RSS_SAMPLE t=2385.1s rss=4805MB hwm=4805MB
RSS_SAMPLE t=2385.4s rss=4806MB hwm=4806MB
RSS_SAMPLE t=2385.6s rss=4806MB hwm=4806MB
RSS_SAMPLE t=2385.9s rss=4806MB hwm=4806MB
RSS_SAMPLE t=2386.1s rss=4806MB hwm=4806MB
RSS_SAMPLE t=2386.4s rss=4806MB hwm=4806MB
RSS_SAMPLE t=2386.6s rss=4806MB hwm=4806MB
RSS_SAMPLE t=2386.9s rss=4806MB hwm=4806MB
RSS_SAMPLE t=2387.1s rss=4806MB hwm=4806MB
RSS_SAMPLE t=2387.4s rss=4806MB hwm=4806MB
RSS_SAMPLE t=2387.6s rss=4806MB hwm=4806MB
RSS_SAMPLE t=2387.9s rss=4806MB hwm=4806MB
RSS_SAMPLE t=2388.1s rss=4806MB hwm=4806MB
RSS_SAMPLE t=2388.4s rss=4806MB hwm=4806MB
RSS_SAMPLE t=2388.6s rss=4806MB hwm=4806MB
RSS_SAMPLE t=2388.9s rss=4806MB hwm=4806MB
RSS_SAMPLE t=2389.1s rss=4806MB hwm=4806MB
RSS_SAMPLE t=2389.4s rss=4806MB hwm=4806MB
RSS_SAMPLE t=2389.6s rss=4806MB hwm=4806MB
RSS_SAMPLE t=2389.9s rss=4806MB hwm=4806MB
RSS_SAMPLE t=2390.1s rss=4807MB hwm=4807MB
RSS_SAMPLE t=2390.4s rss=4807MB hwm=4807MB
RSS_SAMPLE t=2390.6s rss=4807MB hwm=4807MB
RSS_SAMPLE t=2390.9s rss=4807MB hwm=4807MB
RSS_SAMPLE t=2391.1s rss=4807MB hwm=4807MB
RSS_SAMPLE t=2391.4s rss=4807MB hwm=4807MB
RSS_SAMPLE t=2391.6s rss=4807MB hwm=4807MB
RSS_SAMPLE t=2391.9s rss=4807MB hwm=4807MB
RSS_SAMPLE t=2392.1s rss=4807MB hwm=4807MB
RSS_SAMPLE t=2392.4s rss=4807MB hwm=4807MB
RSS_SAMPLE t=2392.6s rss=4807MB hwm=4807MB
RSS_SAMPLE t=2392.9s rss=4807MB hwm=4807MB
RSS_SAMPLE t=2393.1s rss=4807MB hwm=4807MB
RSS_SAMPLE t=2393.4s rss=4807MB hwm=4807MB
RSS_SAMPLE t=2393.6s rss=4807MB hwm=4807MB
RSS_SAMPLE t=2393.9s rss=4807MB hwm=4807MB
RSS_SAMPLE t=2394.1s rss=4807MB hwm=4807MB
RSS_SAMPLE t=2394.4s rss=4807MB hwm=4807MB
RSS_SAMPLE t=2394.6s rss=4807MB hwm=4807MB
RSS_SAMPLE t=2394.9s rss=4807MB hwm=4807MB
RSS_SAMPLE t=2395.1s rss=4807MB hwm=4807MB
RSS_SAMPLE t=2395.4s rss=4807MB hwm=4807MB
RSS_SAMPLE t=2395.6s rss=4807MB hwm=4807MB
RSS_SAMPLE t=2395.9s rss=4807MB hwm=4807MB
RSS_SAMPLE t=2396.1s rss=4807MB hwm=4807MB
RSS_SAMPLE t=2396.4s rss=4807MB hwm=4807MB
RSS_SAMPLE t=2396.6s rss=4807MB hwm=4807MB
RSS_SAMPLE t=2396.9s rss=4807MB hwm=4807MB
RSS_SAMPLE t=2397.1s rss=4807MB hwm=4807MB
RSS_SAMPLE t=2397.4s rss=4807MB hwm=4807MB
RSS_SAMPLE t=2397.6s rss=4807MB hwm=4807MB
RSS_SAMPLE t=2397.9s rss=4807MB hwm=4807MB
RSS_SAMPLE t=2398.1s rss=4808MB hwm=4808MB
RSS_SAMPLE t=2398.4s rss=4808MB hwm=4808MB
RSS_SAMPLE t=2398.7s rss=4808MB hwm=4808MB
RSS_SAMPLE t=2398.9s rss=4808MB hwm=4808MB
RSS_SAMPLE t=2399.2s rss=4808MB hwm=4808MB
RSS_SAMPLE t=2399.4s rss=4808MB hwm=4808MB
RSS_SAMPLE t=2399.7s rss=4808MB hwm=4808MB
RSS_SAMPLE t=2399.9s rss=4808MB hwm=4808MB
RSS_SAMPLE t=2400.2s rss=4808MB hwm=4808MB
RSS_SAMPLE t=2400.4s rss=4808MB hwm=4808MB
RSS_SAMPLE t=2400.7s rss=4808MB hwm=4808MB
RSS_SAMPLE t=2400.9s rss=4808MB hwm=4808MB
RSS_SAMPLE t=2401.2s rss=4808MB hwm=4808MB
RSS_SAMPLE t=2401.4s rss=4808MB hwm=4808MB
RSS_SAMPLE t=2401.7s rss=4808MB hwm=4808MB
RSS_SAMPLE t=2401.9s rss=4808MB hwm=4808MB
RSS_SAMPLE t=2402.2s rss=4808MB hwm=4808MB
RSS_SAMPLE t=2402.4s rss=4808MB hwm=4808MB
RSS_SAMPLE t=2402.7s rss=4808MB hwm=4808MB
RSS_SAMPLE t=2402.9s rss=4808MB hwm=4808MB
RSS_SAMPLE t=2403.2s rss=4808MB hwm=4808MB
RSS_SAMPLE t=2403.4s rss=4808MB hwm=4808MB
RSS_SAMPLE t=2403.7s rss=4808MB hwm=4808MB
RSS_SAMPLE t=2403.9s rss=4808MB hwm=4808MB
RSS_SAMPLE t=2404.2s rss=4808MB hwm=4808MB
RSS_SAMPLE t=2404.4s rss=4808MB hwm=4808MB
RSS_SAMPLE t=2404.7s rss=4808MB hwm=4808MB
RSS_SAMPLE t=2404.9s rss=4808MB hwm=4808MB
RSS_SAMPLE t=2405.2s rss=4808MB hwm=4808MB
RSS_SAMPLE t=2405.4s rss=4808MB hwm=4808MB
RSS_SAMPLE t=2405.7s rss=4808MB hwm=4808MB
RSS_SAMPLE t=2405.9s rss=4808MB hwm=4808MB
RSS_SAMPLE t=2406.2s rss=4808MB hwm=4808MB
RSS_SAMPLE t=2406.4s rss=4808MB hwm=4808MB
RSS_SAMPLE t=2406.7s rss=4808MB hwm=4808MB
RSS_SAMPLE t=2406.9s rss=4808MB hwm=4808MB
RSS_SAMPLE t=2407.2s rss=4808MB hwm=4808MB
RSS_SAMPLE t=2407.4s rss=4808MB hwm=4808MB
RSS_SAMPLE t=2407.7s rss=4808MB hwm=4808MB
RSS_SAMPLE t=2407.9s rss=4808MB hwm=4808MB
RSS_SAMPLE t=2408.2s rss=4808MB hwm=4808MB
RSS_SAMPLE t=2408.4s rss=4808MB hwm=4808MB
RSS_SAMPLE t=2408.7s rss=4808MB hwm=4808MB
RSS_SAMPLE t=2408.9s rss=4808MB hwm=4808MB
RSS_SAMPLE t=2409.2s rss=4808MB hwm=4808MB
RSS_SAMPLE t=2409.4s rss=4808MB hwm=4808MB
RSS_SAMPLE t=2409.7s rss=4808MB hwm=4808MB
RSS_SAMPLE t=2409.9s rss=4808MB hwm=4808MB
RSS_SAMPLE t=2410.2s rss=4808MB hwm=4808MB
RSS_SAMPLE t=2410.4s rss=4808MB hwm=4808MB
RSS_SAMPLE t=2410.7s rss=4808MB hwm=4808MB
RSS_SAMPLE t=2410.9s rss=4808MB hwm=4808MB
RSS_SAMPLE t=2411.2s rss=4808MB hwm=4808MB
RSS_SAMPLE t=2411.4s rss=4808MB hwm=4808MB
RSS_SAMPLE t=2411.7s rss=4808MB hwm=4808MB
RSS_SAMPLE t=2411.9s rss=4808MB hwm=4808MB
RSS_SAMPLE t=2412.2s rss=4808MB hwm=4808MB
RSS_SAMPLE t=2412.4s rss=4808MB hwm=4808MB
RSS_SAMPLE t=2412.7s rss=4808MB hwm=4808MB
RSS_SAMPLE t=2412.9s rss=4808MB hwm=4808MB
RSS_SAMPLE t=2413.2s rss=4808MB hwm=4808MB
RSS_SAMPLE t=2413.4s rss=4808MB hwm=4808MB
RSS_SAMPLE t=2413.7s rss=4808MB hwm=4808MB
RSS_SAMPLE t=2413.9s rss=4808MB hwm=4808MB
RSS_SAMPLE t=2414.2s rss=4808MB hwm=4808MB
RSS_SAMPLE t=2414.4s rss=4808MB hwm=4808MB
RSS_SAMPLE t=2414.7s rss=4808MB hwm=4808MB
RSS_SAMPLE t=2414.9s rss=4808MB hwm=4808MB
RSS_SAMPLE t=2415.2s rss=4808MB hwm=4808MB
RSS_SAMPLE t=2415.5s rss=4808MB hwm=4808MB
RSS_SAMPLE t=2415.7s rss=4808MB hwm=4808MB
RSS_SAMPLE t=2416.0s rss=4808MB hwm=4808MB
RSS_SAMPLE t=2416.2s rss=4808MB hwm=4808MB
RSS_SAMPLE t=2416.5s rss=4808MB hwm=4808MB
RSS_SAMPLE t=2416.7s rss=4808MB hwm=4808MB
RSS_SAMPLE t=2417.0s rss=4808MB hwm=4808MB
RSS_SAMPLE t=2417.2s rss=4808MB hwm=4808MB
RSS_SAMPLE t=2417.5s rss=4808MB hwm=4808MB
RSS_SAMPLE t=2417.7s rss=4808MB hwm=4808MB
RSS_SAMPLE t=2418.0s rss=4808MB hwm=4808MB
RSS_SAMPLE t=2418.2s rss=4808MB hwm=4808MB
RSS_SAMPLE t=2418.5s rss=4808MB hwm=4808MB
RSS_SAMPLE t=2418.7s rss=4808MB hwm=4808MB
RSS_SAMPLE t=2419.0s rss=4808MB hwm=4808MB
RSS_SAMPLE t=2419.2s rss=4808MB hwm=4808MB
RSS_SAMPLE t=2419.5s rss=4808MB hwm=4808MB
RSS_SAMPLE t=2419.7s rss=4808MB hwm=4808MB
RSS_SAMPLE t=2420.0s rss=4808MB hwm=4808MB
RSS_SAMPLE t=2420.2s rss=4808MB hwm=4808MB
RSS_SAMPLE t=2420.5s rss=4808MB hwm=4808MB
RSS_SAMPLE t=2420.7s rss=4808MB hwm=4808MB
RSS_SAMPLE t=2421.0s rss=4808MB hwm=4808MB
RSS_SAMPLE t=2421.2s rss=4808MB hwm=4808MB
RSS_SAMPLE t=2421.5s rss=4808MB hwm=4808MB
RSS_SAMPLE t=2421.7s rss=4808MB hwm=4808MB
RSS_SAMPLE t=2422.0s rss=4808MB hwm=4808MB
RSS_SAMPLE t=2422.2s rss=4808MB hwm=4808MB
RSS_SAMPLE t=2422.5s rss=4808MB hwm=4808MB
RSS_SAMPLE t=2422.7s rss=4808MB hwm=4808MB
RSS_SAMPLE t=2423.0s rss=4808MB hwm=4808MB
RSS_SAMPLE t=2423.2s rss=4808MB hwm=4808MB
RSS_SAMPLE t=2423.5s rss=4808MB hwm=4808MB
RSS_SAMPLE t=2423.7s rss=4808MB hwm=4808MB
RSS_SAMPLE t=2424.0s rss=4808MB hwm=4808MB
RSS_SAMPLE t=2424.2s rss=4808MB hwm=4808MB
RSS_SAMPLE t=2424.5s rss=4808MB hwm=4808MB
RSS_SAMPLE t=2424.7s rss=4808MB hwm=4808MB
RSS_SAMPLE t=2425.0s rss=4808MB hwm=4808MB
RSS_SAMPLE t=2425.2s rss=4808MB hwm=4808MB
RSS_SAMPLE t=2425.5s rss=4808MB hwm=4808MB
RSS_SAMPLE t=2425.7s rss=4808MB hwm=4808MB
RSS_SAMPLE t=2426.0s rss=4808MB hwm=4808MB
RSS_SAMPLE t=2426.2s rss=4808MB hwm=4808MB
RSS_SAMPLE t=2426.5s rss=4808MB hwm=4808MB
RSS_SAMPLE t=2426.7s rss=4808MB hwm=4808MB
RSS_SAMPLE t=2427.0s rss=4808MB hwm=4808MB
RSS_SAMPLE t=2427.2s rss=4808MB hwm=4808MB
RSS_SAMPLE t=2427.5s rss=4808MB hwm=4808MB
RSS_SAMPLE t=2427.7s rss=4808MB hwm=4808MB
RSS_SAMPLE t=2428.0s rss=4808MB hwm=4808MB
RSS_SAMPLE t=2428.2s rss=4808MB hwm=4808MB
RSS_SAMPLE t=2428.5s rss=4808MB hwm=4808MB
RSS_SAMPLE t=2428.7s rss=4808MB hwm=4808MB
RSS_SAMPLE t=2429.0s rss=4808MB hwm=4808MB
RSS_SAMPLE t=2429.2s rss=4808MB hwm=4808MB
RSS_SAMPLE t=2429.5s rss=4808MB hwm=4808MB
RSS_SAMPLE t=2429.7s rss=4808MB hwm=4808MB
RSS_SAMPLE t=2430.0s rss=4808MB hwm=4808MB
RSS_SAMPLE t=2430.2s rss=4808MB hwm=4808MB
RSS_SAMPLE t=2430.5s rss=4808MB hwm=4808MB
RSS_SAMPLE t=2430.7s rss=4808MB hwm=4808MB
RSS_SAMPLE t=2431.0s rss=4808MB hwm=4808MB
RSS_SAMPLE t=2431.2s rss=4808MB hwm=4808MB
RSS_SAMPLE t=2431.5s rss=4808MB hwm=4808MB
RSS_SAMPLE t=2431.7s rss=4808MB hwm=4808MB
RSS_SAMPLE t=2432.0s rss=4808MB hwm=4808MB
RSS_SAMPLE t=2432.2s rss=4808MB hwm=4808MB
RSS_SAMPLE t=2432.5s rss=4808MB hwm=4808MB
RSS_SAMPLE t=2432.7s rss=4808MB hwm=4808MB
RSS_SAMPLE t=2433.0s rss=4808MB hwm=4808MB
RSS_SAMPLE t=2433.2s rss=4808MB hwm=4808MB
RSS_SAMPLE t=2433.5s rss=4808MB hwm=4808MB
RSS_SAMPLE t=2433.7s rss=4808MB hwm=4808MB
RSS_SAMPLE t=2434.0s rss=4808MB hwm=4808MB
RSS_SAMPLE t=2434.2s rss=4808MB hwm=4808MB
RSS_SAMPLE t=2434.5s rss=4808MB hwm=4808MB
RSS_SAMPLE t=2434.7s rss=4808MB hwm=4808MB
RSS_SAMPLE t=2435.0s rss=4808MB hwm=4808MB
RSS_SAMPLE t=2435.2s rss=4808MB hwm=4808MB
RSS_SAMPLE t=2435.5s rss=4808MB hwm=4808MB
RSS_SAMPLE t=2435.7s rss=4808MB hwm=4808MB
RSS_SAMPLE t=2436.0s rss=4808MB hwm=4808MB
RSS_SAMPLE t=2436.3s rss=4808MB hwm=4808MB
RSS_SAMPLE t=2436.5s rss=4808MB hwm=4808MB
RSS_SAMPLE t=2436.8s rss=4808MB hwm=4808MB
RSS_SAMPLE t=2437.0s rss=4808MB hwm=4808MB
RSS_SAMPLE t=2437.3s rss=4808MB hwm=4808MB
RSS_SAMPLE t=2437.5s rss=4808MB hwm=4808MB
RSS_SAMPLE t=2437.8s rss=4808MB hwm=4808MB
RSS_SAMPLE t=2438.0s rss=4808MB hwm=4808MB
RSS_SAMPLE t=2438.3s rss=4808MB hwm=4808MB
RSS_SAMPLE t=2438.5s rss=4808MB hwm=4808MB
RSS_SAMPLE t=2438.8s rss=4808MB hwm=4808MB
RSS_SAMPLE t=2439.0s rss=4808MB hwm=4808MB
RSS_SAMPLE t=2439.3s rss=4808MB hwm=4808MB
RSS_SAMPLE t=2439.5s rss=4808MB hwm=4808MB
RSS_SAMPLE t=2439.8s rss=4808MB hwm=4808MB
RSS_SAMPLE t=2440.0s rss=4808MB hwm=4808MB
RSS_SAMPLE t=2440.3s rss=4808MB hwm=4808MB
RSS_SAMPLE t=2440.5s rss=4808MB hwm=4808MB
RSS_SAMPLE t=2440.8s rss=4808MB hwm=4808MB
RSS_SAMPLE t=2441.0s rss=4808MB hwm=4808MB
RSS_SAMPLE t=2441.3s rss=4808MB hwm=4808MB
RSS_SAMPLE t=2441.5s rss=4808MB hwm=4808MB
RSS_SAMPLE t=2441.8s rss=4808MB hwm=4808MB
RSS_SAMPLE t=2442.0s rss=4808MB hwm=4808MB
RSS_SAMPLE t=2442.3s rss=4808MB hwm=4808MB
RSS_SAMPLE t=2442.5s rss=4808MB hwm=4808MB
RSS_SAMPLE t=2442.8s rss=4808MB hwm=4808MB
RSS_SAMPLE t=2443.0s rss=4808MB hwm=4808MB
RSS_SAMPLE t=2443.3s rss=4808MB hwm=4808MB
RSS_SAMPLE t=2443.5s rss=4808MB hwm=4808MB
RSS_SAMPLE t=2443.8s rss=4808MB hwm=4808MB
RSS_SAMPLE t=2444.0s rss=4808MB hwm=4808MB
RSS_SAMPLE t=2444.3s rss=4808MB hwm=4808MB
RSS_SAMPLE t=2444.5s rss=4808MB hwm=4808MB
RSS_SAMPLE t=2444.8s rss=4808MB hwm=4808MB
RSS_SAMPLE t=2445.0s rss=4808MB hwm=4808MB
RSS_SAMPLE t=2445.3s rss=4808MB hwm=4808MB
RSS_SAMPLE t=2445.5s rss=4808MB hwm=4808MB
RSS_SAMPLE t=2445.8s rss=4808MB hwm=4808MB
RSS_SAMPLE t=2446.0s rss=4808MB hwm=4808MB
RSS_SAMPLE t=2446.3s rss=4808MB hwm=4808MB
RSS_SAMPLE t=2446.5s rss=4808MB hwm=4808MB
RSS_SAMPLE t=2446.8s rss=4808MB hwm=4808MB
RSS_SAMPLE t=2447.0s rss=4808MB hwm=4808MB
RSS_SAMPLE t=2447.3s rss=4808MB hwm=4808MB
RSS_SAMPLE t=2447.5s rss=4808MB hwm=4808MB
RSS_SAMPLE t=2447.8s rss=4808MB hwm=4808MB
RSS_SAMPLE t=2448.0s rss=4808MB hwm=4808MB
RSS_SAMPLE t=2448.3s rss=4808MB hwm=4808MB
RSS_SAMPLE t=2448.5s rss=4808MB hwm=4808MB
RSS_SAMPLE t=2448.8s rss=4808MB hwm=4808MB
RSS_SAMPLE t=2449.0s rss=4808MB hwm=4808MB
RSS_SAMPLE t=2449.3s rss=4808MB hwm=4808MB
RSS_SAMPLE t=2449.5s rss=4808MB hwm=4808MB
RSS_SAMPLE t=2449.8s rss=4808MB hwm=4808MB
RSS_SAMPLE t=2450.0s rss=4808MB hwm=4808MB
RSS_SAMPLE t=2450.3s rss=4808MB hwm=4808MB
RSS_SAMPLE t=2450.5s rss=4808MB hwm=4808MB
RSS_SAMPLE t=2450.8s rss=4808MB hwm=4808MB
RSS_SAMPLE t=2451.0s rss=4808MB hwm=4808MB
RSS_SAMPLE t=2451.3s rss=4808MB hwm=4808MB
RSS_SAMPLE t=2451.5s rss=4808MB hwm=4808MB
RSS_SAMPLE t=2451.8s rss=4808MB hwm=4808MB
RSS_SAMPLE t=2452.0s rss=4808MB hwm=4808MB
RSS_SAMPLE t=2452.3s rss=4808MB hwm=4808MB
RSS_SAMPLE t=2452.5s rss=4808MB hwm=4808MB
RSS_SAMPLE t=2452.8s rss=4808MB hwm=4808MB
RSS_SAMPLE t=2453.0s rss=4808MB hwm=4808MB
RSS_SAMPLE t=2453.3s rss=4808MB hwm=4808MB
RSS_SAMPLE t=2453.5s rss=4808MB hwm=4808MB
RSS_SAMPLE t=2453.8s rss=4808MB hwm=4808MB
RSS_SAMPLE t=2454.0s rss=4808MB hwm=4808MB
RSS_SAMPLE t=2454.3s rss=4808MB hwm=4808MB
RSS_SAMPLE t=2454.5s rss=4808MB hwm=4808MB
RSS_SAMPLE t=2454.8s rss=4808MB hwm=4808MB
RSS_SAMPLE t=2455.0s rss=4808MB hwm=4808MB
RSS_SAMPLE t=2455.3s rss=4808MB hwm=4808MB
RSS_SAMPLE t=2455.5s rss=4808MB hwm=4808MB
RSS_SAMPLE t=2455.8s rss=4808MB hwm=4808MB
RSS_SAMPLE t=2456.0s rss=4808MB hwm=4808MB
RSS_SAMPLE t=2456.3s rss=4808MB hwm=4808MB
RSS_SAMPLE t=2456.5s rss=4808MB hwm=4808MB
RSS_SAMPLE t=2456.8s rss=4808MB hwm=4808MB
RSS_SAMPLE t=2457.0s rss=4808MB hwm=4808MB
RSS_SAMPLE t=2457.3s rss=4808MB hwm=4808MB
RSS_SAMPLE t=2457.5s rss=4808MB hwm=4808MB
RSS_SAMPLE t=2457.8s rss=4808MB hwm=4808MB
RSS_SAMPLE t=2458.0s rss=4808MB hwm=4808MB
RSS_SAMPLE t=2458.3s rss=4808MB hwm=4808MB
RSS_SAMPLE t=2458.5s rss=4808MB hwm=4808MB
RSS_SAMPLE t=2458.8s rss=4808MB hwm=4808MB
RSS_SAMPLE t=2459.0s rss=4808MB hwm=4808MB
RSS_SAMPLE t=2459.3s rss=4808MB hwm=4808MB
RSS_SAMPLE t=2459.5s rss=4808MB hwm=4808MB
RSS_SAMPLE t=2459.8s rss=4808MB hwm=4808MB
RSS_SAMPLE t=2460.0s rss=4808MB hwm=4808MB
RSS_SAMPLE t=2460.3s rss=4808MB hwm=4808MB
RSS_SAMPLE t=2460.5s rss=4808MB hwm=4808MB
RSS_SAMPLE t=2460.8s rss=4808MB hwm=4808MB
RSS_SAMPLE t=2461.0s rss=4808MB hwm=4808MB
RSS_SAMPLE t=2461.3s rss=4808MB hwm=4808MB
RSS_SAMPLE t=2461.5s rss=4808MB hwm=4808MB
RSS_SAMPLE t=2461.8s rss=4808MB hwm=4808MB
RSS_SAMPLE t=2462.0s rss=4808MB hwm=4808MB
RSS_SAMPLE t=2462.3s rss=4808MB hwm=4808MB
RSS_SAMPLE t=2462.5s rss=4808MB hwm=4808MB
RSS_SAMPLE t=2462.8s rss=4808MB hwm=4808MB
RSS_SAMPLE t=2463.0s rss=4808MB hwm=4808MB
RSS_SAMPLE t=2463.3s rss=4808MB hwm=4808MB
RSS_SAMPLE t=2463.5s rss=4808MB hwm=4808MB
RSS_SAMPLE t=2463.8s rss=4808MB hwm=4808MB
RSS_SAMPLE t=2464.0s rss=4808MB hwm=4808MB
RSS_SAMPLE t=2464.3s rss=4808MB hwm=4808MB
RSS_SAMPLE t=2464.5s rss=4808MB hwm=4808MB
RSS_SAMPLE t=2464.8s rss=4808MB hwm=4808MB
RSS_SAMPLE t=2465.0s rss=4808MB hwm=4808MB
RSS_SAMPLE t=2465.3s rss=4808MB hwm=4808MB
RSS_SAMPLE t=2465.5s rss=4808MB hwm=4808MB
RSS_SAMPLE t=2465.8s rss=4808MB hwm=4808MB
RSS_SAMPLE t=2466.0s rss=4808MB hwm=4808MB
RSS_SAMPLE t=2466.3s rss=4808MB hwm=4808MB
RSS_SAMPLE t=2466.5s rss=4808MB hwm=4808MB
RSS_SAMPLE t=2466.8s rss=4808MB hwm=4808MB
RSS_SAMPLE t=2467.0s rss=4808MB hwm=4808MB
RSS_SAMPLE t=2467.3s rss=4808MB hwm=4808MB
RSS_SAMPLE t=2467.5s rss=4808MB hwm=4808MB
RSS_SAMPLE t=2467.8s rss=4808MB hwm=4808MB
RSS_SAMPLE t=2468.0s rss=4808MB hwm=4808MB
RSS_SAMPLE t=2468.3s rss=4808MB hwm=4808MB
RSS_SAMPLE t=2468.5s rss=4808MB hwm=4808MB
RSS_SAMPLE t=2468.8s rss=4808MB hwm=4808MB
RSS_SAMPLE t=2469.0s rss=4808MB hwm=4808MB
RSS_SAMPLE t=2469.3s rss=4808MB hwm=4808MB
RSS_SAMPLE t=2469.5s rss=4808MB hwm=4808MB
RSS_SAMPLE t=2469.8s rss=4808MB hwm=4808MB
RSS_SAMPLE t=2470.0s rss=4808MB hwm=4808MB
RSS_SAMPLE t=2470.3s rss=4808MB hwm=4808MB
RSS_SAMPLE t=2470.5s rss=4808MB hwm=4808MB
RSS_SAMPLE t=2470.8s rss=4808MB hwm=4808MB
RSS_SAMPLE t=2471.0s rss=4808MB hwm=4808MB
RSS_SAMPLE t=2471.3s rss=4808MB hwm=4808MB
RSS_SAMPLE t=2471.5s rss=4808MB hwm=4808MB
RSS_SAMPLE t=2471.8s rss=4808MB hwm=4808MB
RSS_SAMPLE t=2472.0s rss=4808MB hwm=4808MB
RSS_SAMPLE t=2472.3s rss=4808MB hwm=4808MB
RSS_SAMPLE t=2472.5s rss=4808MB hwm=4808MB
RSS_SAMPLE t=2472.8s rss=4808MB hwm=4808MB
RSS_SAMPLE t=2473.0s rss=4808MB hwm=4808MB
RSS_SAMPLE t=2473.3s rss=4808MB hwm=4808MB
RSS_SAMPLE t=2473.5s rss=4808MB hwm=4808MB
RSS_SAMPLE t=2473.8s rss=4808MB hwm=4808MB
RSS_SAMPLE t=2474.0s rss=4808MB hwm=4808MB
RSS_SAMPLE t=2474.3s rss=4808MB hwm=4808MB
RSS_SAMPLE t=2474.5s rss=4808MB hwm=4808MB
RSS_SAMPLE t=2474.8s rss=4809MB hwm=4809MB
RSS_SAMPLE t=2475.0s rss=4809MB hwm=4809MB
RSS_SAMPLE t=2475.3s rss=4809MB hwm=4809MB
RSS_SAMPLE t=2475.5s rss=4809MB hwm=4809MB
RSS_SAMPLE t=2475.8s rss=4809MB hwm=4809MB
RSS_SAMPLE t=2476.0s rss=4809MB hwm=4809MB
RSS_SAMPLE t=2476.3s rss=4809MB hwm=4809MB
RSS_SAMPLE t=2476.5s rss=4809MB hwm=4809MB
RSS_SAMPLE t=2476.8s rss=4809MB hwm=4809MB
RSS_SAMPLE t=2477.0s rss=4809MB hwm=4809MB
RSS_SAMPLE t=2477.3s rss=4809MB hwm=4809MB
RSS_SAMPLE t=2477.5s rss=4809MB hwm=4809MB
RSS_SAMPLE t=2477.8s rss=4809MB hwm=4809MB
MEM_POOL: workspaces=32 dense_usage_mb=1251 n_pipes=2562403
    post_solve_diag[outer=14]: solves=105117 cap_armed=105117 (100.0%) settle_avg=4960 above_sink_avg=222 (4.5%) settle_max=69352
    load_support[outer=14]: settle_avg=4960 load_nz_avg=4082 (82.3%) load_material_avg=2437 (49.1%)
    prune_ceiling[outer=14]: settle_avg=4960 heuristic_prunable_avg=571 (11.5%) vs oracle_zero_load=17.7%
    settle_hist[outer=14]: <100: 24560nets/0.2%work  <1k: 28379nets/1.9%work  <5k: 24776nets/12.5%work  <20k: 19700nets/39.4%work  <60k: 7596nets/44.7%work  >=60k: 106nets/1.3%work
    fanout_hist[outer=14]: fan1: 43710nets/13.6%work  fan2-4: 48279nets/49.9%work  fan5-16: 12974nets/35.5%work  fan17-64: 154nets/1.0%work  fan65-256: 0nets/0.0%work  fan>256: 0nets/0.0%work
    rss_probe[outer=14]: pre_post_solve=4801MB post_post_solve=4809MB after_apply=4809MB
RSS_SAMPLE t=2478.0s rss=4809MB hwm=4809MB
    E_decomp: base=10325061.4 eff=236975932501887.5 cong=236975922176826.1 cong_share=100.0% sat_pipes=351281 max_util=964.31  R_buckets: 1-2x=994816 2-10x=116999 10-100x=285613 >=100x=1164975
    E_potential: beckmann=58096439926944.0 history_total=0.0
    SpanCache: epoch=15 entries=2891 lookups=2562403 hits=2559512 misses=2891 hit_rate=99.9%
  DCD  14: nets=105117 line=11117089 energy=7763952870.105 dE=-11520061214.067 friction=5077268.9 bins=1.9x(88) excess=24.6 moved=67572 disp=4.310 solves=105117 skip=105117 pops=521386167 theta=2.273 refresh=131018ms dcd=11877ms total=146444ms
    cache_stats: entries=60989272 capacity=127960042 est_mb=1103 rss_mb=4809
RSS_SAMPLE t=2478.3s rss=4809MB hwm=4809MB
RSS_SAMPLE t=2478.5s rss=4809MB hwm=4809MB
RSS_SAMPLE t=2478.8s rss=4809MB hwm=4809MB
RSS_SAMPLE t=2479.0s rss=4809MB hwm=4809MB
RSS_SAMPLE t=2479.3s rss=4809MB hwm=4809MB
RSS_SAMPLE t=2479.5s rss=4809MB hwm=4809MB
RSS_SAMPLE t=2479.8s rss=4809MB hwm=4809MB
RSS_SAMPLE t=2480.0s rss=4809MB hwm=4809MB
RSS_SAMPLE t=2480.3s rss=4809MB hwm=4809MB
RSS_SAMPLE t=2480.5s rss=4809MB hwm=4809MB
RSS_SAMPLE t=2480.8s rss=4809MB hwm=4809MB
    SwitchMatrix: type_usage_pairs=817 lookups=2686 hits=1869 dijkstra_calls=817 avg_us=12.5 total_ms=10.2
PHASE_MARK outer=15 enter=pre_solve rss=4809MB
    rss_probe[outer=15]: pre_refresh_rss=4809MB post_pre_solve_rss=4809MB cache_entries=60989272 cache_cap=127960042 cache_est_mb=1103
    pre_solve_diag[outer=15]: solves=0 fallback=0 (0.0%) cap_armed=0 (0.0%) settle_avg=0 settle_max=0 init_count=236
    Overflow: over=300653 (11.7% of used) avg_excess=1.63 max_excess=2579.74 (nc=2603.74 cap=24 span=1)  excess_buckets: <=1=182043 1-5=102581 5-20=14385 >20=1644  by_cap: cap1=144752 cap2=151098 cap3-5=80 cap>5=4723  by_span: s1=387 s2-3=732 s4-6=3093 s7-12=145651 s>12=150790  le1_cross: cap1=110602 cap2-5=70518 cap>5=923
    Congestion: pipes=2562403 used=2562403 congested(>50%)=721481 saturated(>90%)=351281 max_util=964.31 avg_util=0.4679
PHASE_MARK outer=15 enter=dcd_sweep rss=4809MB
RSS_SAMPLE t=2481.0s rss=4809MB hwm=4809MB
RSS_SAMPLE t=2481.3s rss=4809MB hwm=4809MB
RSS_SAMPLE t=2481.5s rss=4809MB hwm=4809MB
RSS_SAMPLE t=2481.8s rss=4809MB hwm=4809MB
RSS_SAMPLE t=2482.0s rss=4809MB hwm=4809MB
RSS_SAMPLE t=2482.3s rss=4809MB hwm=4809MB
RSS_SAMPLE t=2482.5s rss=4809MB hwm=4809MB
RSS_SAMPLE t=2482.8s rss=4809MB hwm=4809MB
RSS_SAMPLE t=2483.1s rss=4809MB hwm=4809MB
RSS_SAMPLE t=2483.3s rss=4809MB hwm=4809MB
RSS_SAMPLE t=2483.6s rss=4809MB hwm=4809MB
RSS_SAMPLE t=2483.8s rss=4809MB hwm=4809MB
RSS_SAMPLE t=2484.1s rss=4809MB hwm=4809MB
RSS_SAMPLE t=2484.3s rss=4809MB hwm=4809MB
RSS_SAMPLE t=2484.6s rss=4809MB hwm=4809MB
RSS_SAMPLE t=2484.8s rss=4809MB hwm=4809MB
RSS_SAMPLE t=2485.1s rss=4809MB hwm=4809MB
RSS_SAMPLE t=2485.3s rss=4809MB hwm=4809MB
RSS_SAMPLE t=2485.6s rss=4809MB hwm=4809MB
RSS_SAMPLE t=2485.8s rss=4809MB hwm=4809MB
RSS_SAMPLE t=2486.1s rss=4809MB hwm=4809MB
RSS_SAMPLE t=2486.3s rss=4809MB hwm=4809MB
RSS_SAMPLE t=2486.6s rss=4809MB hwm=4809MB
RSS_SAMPLE t=2486.8s rss=4809MB hwm=4809MB
RSS_SAMPLE t=2487.1s rss=4809MB hwm=4809MB
RSS_SAMPLE t=2487.3s rss=4809MB hwm=4809MB
RSS_SAMPLE t=2487.6s rss=4809MB hwm=4809MB
RSS_SAMPLE t=2487.8s rss=4809MB hwm=4809MB
RSS_SAMPLE t=2488.1s rss=4809MB hwm=4809MB
RSS_SAMPLE t=2488.3s rss=4809MB hwm=4809MB
RSS_SAMPLE t=2488.6s rss=4809MB hwm=4809MB
RSS_SAMPLE t=2488.8s rss=4809MB hwm=4809MB
RSS_SAMPLE t=2489.1s rss=4809MB hwm=4809MB
RSS_SAMPLE t=2489.3s rss=4809MB hwm=4809MB
RSS_SAMPLE t=2489.6s rss=4809MB hwm=4809MB
RSS_SAMPLE t=2489.8s rss=4809MB hwm=4809MB
RSS_SAMPLE t=2490.1s rss=4809MB hwm=4809MB
RSS_SAMPLE t=2490.3s rss=4809MB hwm=4809MB
RSS_SAMPLE t=2490.6s rss=4809MB hwm=4809MB
RSS_SAMPLE t=2490.8s rss=4809MB hwm=4809MB
RSS_SAMPLE t=2491.1s rss=4809MB hwm=4809MB
RSS_SAMPLE t=2491.3s rss=4809MB hwm=4809MB
RSS_SAMPLE t=2491.6s rss=4809MB hwm=4809MB
RSS_SAMPLE t=2491.8s rss=4809MB hwm=4809MB
RSS_SAMPLE t=2492.1s rss=4809MB hwm=4809MB
PHASE_MARK outer=15 leave=dcd_sweep rss=4809MB
PHASE_MARK outer=15 enter=post_refresh rss=4809MB
RSS_SAMPLE t=2492.3s rss=4809MB hwm=4809MB
RSS_SAMPLE t=2492.6s rss=4809MB hwm=4809MB
RSS_SAMPLE t=2492.8s rss=4809MB hwm=4809MB
RSS_SAMPLE t=2493.1s rss=4809MB hwm=4809MB
RSS_SAMPLE t=2493.3s rss=4809MB hwm=4809MB
RSS_SAMPLE t=2493.6s rss=4809MB hwm=4809MB
RSS_SAMPLE t=2493.8s rss=4809MB hwm=4809MB
RSS_SAMPLE t=2494.1s rss=4809MB hwm=4809MB
RSS_SAMPLE t=2494.3s rss=4809MB hwm=4809MB
RSS_SAMPLE t=2494.6s rss=4809MB hwm=4809MB
RSS_SAMPLE t=2494.8s rss=4809MB hwm=4809MB
RSS_SAMPLE t=2495.1s rss=4809MB hwm=4809MB
RSS_SAMPLE t=2495.3s rss=4809MB hwm=4809MB
RSS_SAMPLE t=2495.6s rss=4809MB hwm=4809MB
RSS_SAMPLE t=2495.8s rss=4809MB hwm=4809MB
RSS_SAMPLE t=2496.1s rss=4809MB hwm=4809MB
RSS_SAMPLE t=2496.3s rss=4809MB hwm=4809MB
RSS_SAMPLE t=2496.6s rss=4809MB hwm=4809MB
RSS_SAMPLE t=2496.8s rss=4809MB hwm=4809MB
RSS_SAMPLE t=2497.1s rss=4809MB hwm=4809MB
RSS_SAMPLE t=2497.3s rss=4809MB hwm=4809MB
RSS_SAMPLE t=2497.6s rss=4809MB hwm=4809MB
RSS_SAMPLE t=2497.8s rss=4809MB hwm=4809MB
RSS_SAMPLE t=2498.1s rss=4809MB hwm=4809MB
RSS_SAMPLE t=2498.3s rss=4809MB hwm=4809MB
RSS_SAMPLE t=2498.6s rss=4809MB hwm=4809MB
RSS_SAMPLE t=2498.8s rss=4809MB hwm=4809MB
RSS_SAMPLE t=2499.1s rss=4809MB hwm=4809MB
RSS_SAMPLE t=2499.3s rss=4809MB hwm=4809MB
RSS_SAMPLE t=2499.6s rss=4809MB hwm=4809MB
RSS_SAMPLE t=2499.8s rss=4809MB hwm=4809MB
RSS_SAMPLE t=2500.1s rss=4809MB hwm=4809MB
RSS_SAMPLE t=2500.3s rss=4809MB hwm=4809MB
RSS_SAMPLE t=2500.6s rss=4809MB hwm=4809MB
RSS_SAMPLE t=2500.8s rss=4809MB hwm=4809MB
RSS_SAMPLE t=2501.1s rss=4809MB hwm=4809MB
RSS_SAMPLE t=2501.3s rss=4809MB hwm=4809MB
RSS_SAMPLE t=2501.6s rss=4809MB hwm=4809MB
RSS_SAMPLE t=2501.8s rss=4809MB hwm=4809MB
RSS_SAMPLE t=2502.1s rss=4809MB hwm=4809MB
RSS_SAMPLE t=2502.3s rss=4809MB hwm=4809MB
RSS_SAMPLE t=2502.6s rss=4809MB hwm=4809MB
RSS_SAMPLE t=2502.8s rss=4809MB hwm=4809MB
RSS_SAMPLE t=2503.1s rss=4809MB hwm=4809MB
RSS_SAMPLE t=2503.3s rss=4809MB hwm=4809MB
RSS_SAMPLE t=2503.6s rss=4809MB hwm=4809MB
RSS_SAMPLE t=2503.8s rss=4809MB hwm=4809MB
RSS_SAMPLE t=2504.1s rss=4809MB hwm=4809MB
RSS_SAMPLE t=2504.3s rss=4809MB hwm=4809MB
RSS_SAMPLE t=2504.6s rss=4809MB hwm=4809MB
RSS_SAMPLE t=2504.8s rss=4809MB hwm=4809MB
RSS_SAMPLE t=2505.1s rss=4809MB hwm=4809MB
RSS_SAMPLE t=2505.3s rss=4809MB hwm=4809MB
RSS_SAMPLE t=2505.6s rss=4810MB hwm=4810MB
RSS_SAMPLE t=2505.8s rss=4810MB hwm=4810MB
RSS_SAMPLE t=2506.1s rss=4810MB hwm=4810MB
RSS_SAMPLE t=2506.3s rss=4810MB hwm=4810MB
RSS_SAMPLE t=2506.6s rss=4810MB hwm=4810MB
RSS_SAMPLE t=2506.8s rss=4810MB hwm=4810MB
RSS_SAMPLE t=2507.1s rss=4810MB hwm=4810MB
RSS_SAMPLE t=2507.3s rss=4810MB hwm=4810MB
RSS_SAMPLE t=2507.6s rss=4810MB hwm=4810MB
RSS_SAMPLE t=2507.8s rss=4810MB hwm=4810MB
RSS_SAMPLE t=2508.1s rss=4810MB hwm=4810MB
RSS_SAMPLE t=2508.3s rss=4810MB hwm=4810MB
RSS_SAMPLE t=2508.6s rss=4810MB hwm=4810MB
RSS_SAMPLE t=2508.8s rss=4810MB hwm=4810MB
RSS_SAMPLE t=2509.1s rss=4810MB hwm=4810MB
RSS_SAMPLE t=2509.3s rss=4810MB hwm=4810MB
RSS_SAMPLE t=2509.6s rss=4810MB hwm=4810MB
RSS_SAMPLE t=2509.8s rss=4810MB hwm=4810MB
RSS_SAMPLE t=2510.1s rss=4810MB hwm=4810MB
RSS_SAMPLE t=2510.4s rss=4810MB hwm=4810MB
RSS_SAMPLE t=2510.6s rss=4810MB hwm=4810MB
RSS_SAMPLE t=2510.9s rss=4810MB hwm=4810MB
RSS_SAMPLE t=2511.1s rss=4810MB hwm=4810MB
RSS_SAMPLE t=2511.4s rss=4810MB hwm=4810MB
RSS_SAMPLE t=2511.6s rss=4810MB hwm=4810MB
RSS_SAMPLE t=2511.9s rss=4810MB hwm=4810MB
RSS_SAMPLE t=2512.1s rss=4810MB hwm=4810MB
RSS_SAMPLE t=2512.4s rss=4810MB hwm=4810MB
RSS_SAMPLE t=2512.6s rss=4810MB hwm=4810MB
RSS_SAMPLE t=2512.9s rss=4810MB hwm=4810MB
RSS_SAMPLE t=2513.1s rss=4810MB hwm=4810MB
RSS_SAMPLE t=2513.4s rss=4810MB hwm=4810MB
RSS_SAMPLE t=2513.6s rss=4810MB hwm=4810MB
RSS_SAMPLE t=2513.9s rss=4810MB hwm=4810MB
RSS_SAMPLE t=2514.1s rss=4810MB hwm=4810MB
RSS_SAMPLE t=2514.4s rss=4810MB hwm=4810MB
RSS_SAMPLE t=2514.6s rss=4810MB hwm=4810MB
RSS_SAMPLE t=2514.9s rss=4810MB hwm=4810MB
RSS_SAMPLE t=2515.1s rss=4810MB hwm=4810MB
RSS_SAMPLE t=2515.4s rss=4810MB hwm=4810MB
RSS_SAMPLE t=2515.6s rss=4810MB hwm=4810MB
RSS_SAMPLE t=2515.9s rss=4810MB hwm=4810MB
RSS_SAMPLE t=2516.1s rss=4810MB hwm=4810MB
RSS_SAMPLE t=2516.4s rss=4810MB hwm=4810MB
RSS_SAMPLE t=2516.6s rss=4810MB hwm=4810MB
RSS_SAMPLE t=2516.9s rss=4810MB hwm=4810MB
RSS_SAMPLE t=2517.1s rss=4810MB hwm=4810MB
RSS_SAMPLE t=2517.4s rss=4810MB hwm=4810MB
RSS_SAMPLE t=2517.6s rss=4810MB hwm=4810MB
RSS_SAMPLE t=2517.9s rss=4810MB hwm=4810MB
RSS_SAMPLE t=2518.1s rss=4810MB hwm=4810MB
RSS_SAMPLE t=2518.4s rss=4810MB hwm=4810MB
RSS_SAMPLE t=2518.6s rss=4810MB hwm=4810MB
RSS_SAMPLE t=2518.9s rss=4810MB hwm=4810MB
RSS_SAMPLE t=2519.1s rss=4810MB hwm=4810MB
RSS_SAMPLE t=2519.4s rss=4810MB hwm=4810MB
RSS_SAMPLE t=2519.6s rss=4810MB hwm=4810MB
RSS_SAMPLE t=2519.9s rss=4810MB hwm=4810MB
RSS_SAMPLE t=2520.1s rss=4810MB hwm=4810MB
RSS_SAMPLE t=2520.4s rss=4810MB hwm=4810MB
RSS_SAMPLE t=2520.6s rss=4810MB hwm=4810MB
RSS_SAMPLE t=2520.9s rss=4810MB hwm=4810MB
RSS_SAMPLE t=2521.1s rss=4810MB hwm=4810MB
RSS_SAMPLE t=2521.4s rss=4810MB hwm=4810MB
RSS_SAMPLE t=2521.6s rss=4810MB hwm=4810MB
RSS_SAMPLE t=2521.9s rss=4810MB hwm=4810MB
RSS_SAMPLE t=2522.1s rss=4810MB hwm=4810MB
RSS_SAMPLE t=2522.4s rss=4810MB hwm=4810MB
RSS_SAMPLE t=2522.6s rss=4810MB hwm=4810MB
RSS_SAMPLE t=2522.9s rss=4810MB hwm=4810MB
RSS_SAMPLE t=2523.1s rss=4810MB hwm=4810MB
RSS_SAMPLE t=2523.4s rss=4810MB hwm=4810MB
RSS_SAMPLE t=2523.6s rss=4810MB hwm=4810MB
RSS_SAMPLE t=2523.9s rss=4810MB hwm=4810MB
RSS_SAMPLE t=2524.1s rss=4810MB hwm=4810MB
RSS_SAMPLE t=2524.4s rss=4810MB hwm=4810MB
RSS_SAMPLE t=2524.6s rss=4810MB hwm=4810MB
RSS_SAMPLE t=2524.9s rss=4810MB hwm=4810MB
RSS_SAMPLE t=2525.1s rss=4810MB hwm=4810MB
RSS_SAMPLE t=2525.4s rss=4810MB hwm=4810MB
RSS_SAMPLE t=2525.6s rss=4810MB hwm=4810MB
RSS_SAMPLE t=2525.9s rss=4810MB hwm=4810MB
RSS_SAMPLE t=2526.1s rss=4810MB hwm=4810MB
RSS_SAMPLE t=2526.4s rss=4810MB hwm=4810MB
RSS_SAMPLE t=2526.6s rss=4810MB hwm=4810MB
RSS_SAMPLE t=2526.9s rss=4810MB hwm=4810MB
RSS_SAMPLE t=2527.1s rss=4810MB hwm=4810MB
RSS_SAMPLE t=2527.4s rss=4810MB hwm=4810MB
RSS_SAMPLE t=2527.6s rss=4810MB hwm=4810MB
RSS_SAMPLE t=2527.9s rss=4810MB hwm=4810MB
RSS_SAMPLE t=2528.1s rss=4810MB hwm=4810MB
RSS_SAMPLE t=2528.4s rss=4810MB hwm=4810MB
RSS_SAMPLE t=2528.6s rss=4810MB hwm=4810MB
RSS_SAMPLE t=2528.9s rss=4810MB hwm=4810MB
RSS_SAMPLE t=2529.1s rss=4810MB hwm=4810MB
RSS_SAMPLE t=2529.4s rss=4810MB hwm=4810MB
RSS_SAMPLE t=2529.6s rss=4810MB hwm=4810MB
RSS_SAMPLE t=2529.9s rss=4810MB hwm=4810MB
RSS_SAMPLE t=2530.1s rss=4810MB hwm=4810MB
RSS_SAMPLE t=2530.4s rss=4810MB hwm=4810MB
RSS_SAMPLE t=2530.6s rss=4810MB hwm=4810MB
RSS_SAMPLE t=2530.9s rss=4810MB hwm=4810MB
RSS_SAMPLE t=2531.1s rss=4810MB hwm=4810MB
RSS_SAMPLE t=2531.4s rss=4810MB hwm=4810MB
RSS_SAMPLE t=2531.6s rss=4810MB hwm=4810MB
RSS_SAMPLE t=2531.9s rss=4810MB hwm=4810MB
RSS_SAMPLE t=2532.1s rss=4810MB hwm=4810MB
RSS_SAMPLE t=2532.4s rss=4810MB hwm=4810MB
RSS_SAMPLE t=2532.6s rss=4810MB hwm=4810MB
RSS_SAMPLE t=2532.9s rss=4810MB hwm=4810MB
RSS_SAMPLE t=2533.1s rss=4810MB hwm=4810MB
RSS_SAMPLE t=2533.4s rss=4810MB hwm=4810MB
RSS_SAMPLE t=2533.6s rss=4810MB hwm=4810MB
RSS_SAMPLE t=2533.9s rss=4810MB hwm=4810MB
RSS_SAMPLE t=2534.1s rss=4810MB hwm=4810MB
RSS_SAMPLE t=2534.4s rss=4810MB hwm=4810MB
RSS_SAMPLE t=2534.6s rss=4810MB hwm=4810MB
RSS_SAMPLE t=2534.9s rss=4810MB hwm=4810MB
RSS_SAMPLE t=2535.1s rss=4810MB hwm=4810MB
RSS_SAMPLE t=2535.4s rss=4810MB hwm=4810MB
RSS_SAMPLE t=2535.7s rss=4810MB hwm=4810MB
RSS_SAMPLE t=2535.9s rss=4810MB hwm=4810MB
RSS_SAMPLE t=2536.2s rss=4810MB hwm=4810MB
RSS_SAMPLE t=2536.4s rss=4811MB hwm=4811MB
RSS_SAMPLE t=2536.7s rss=4811MB hwm=4811MB
RSS_SAMPLE t=2536.9s rss=4811MB hwm=4811MB
RSS_SAMPLE t=2537.2s rss=4811MB hwm=4811MB
RSS_SAMPLE t=2537.4s rss=4811MB hwm=4811MB
RSS_SAMPLE t=2537.7s rss=4811MB hwm=4811MB
RSS_SAMPLE t=2537.9s rss=4811MB hwm=4811MB
RSS_SAMPLE t=2538.2s rss=4811MB hwm=4811MB
RSS_SAMPLE t=2538.4s rss=4811MB hwm=4811MB
RSS_SAMPLE t=2538.7s rss=4811MB hwm=4811MB
RSS_SAMPLE t=2538.9s rss=4811MB hwm=4811MB
RSS_SAMPLE t=2539.2s rss=4811MB hwm=4811MB
RSS_SAMPLE t=2539.4s rss=4811MB hwm=4811MB
RSS_SAMPLE t=2539.7s rss=4811MB hwm=4811MB
RSS_SAMPLE t=2539.9s rss=4811MB hwm=4811MB
RSS_SAMPLE t=2540.2s rss=4811MB hwm=4811MB
RSS_SAMPLE t=2540.4s rss=4811MB hwm=4811MB
RSS_SAMPLE t=2540.7s rss=4811MB hwm=4811MB
RSS_SAMPLE t=2540.9s rss=4811MB hwm=4811MB
RSS_SAMPLE t=2541.2s rss=4811MB hwm=4811MB
RSS_SAMPLE t=2541.4s rss=4811MB hwm=4811MB
RSS_SAMPLE t=2541.7s rss=4811MB hwm=4811MB
RSS_SAMPLE t=2541.9s rss=4811MB hwm=4811MB
RSS_SAMPLE t=2542.2s rss=4811MB hwm=4811MB
RSS_SAMPLE t=2542.4s rss=4811MB hwm=4811MB
RSS_SAMPLE t=2542.7s rss=4811MB hwm=4811MB
RSS_SAMPLE t=2542.9s rss=4811MB hwm=4811MB
RSS_SAMPLE t=2543.2s rss=4811MB hwm=4811MB
RSS_SAMPLE t=2543.4s rss=4811MB hwm=4811MB
RSS_SAMPLE t=2543.7s rss=4811MB hwm=4811MB
RSS_SAMPLE t=2543.9s rss=4811MB hwm=4811MB
RSS_SAMPLE t=2544.2s rss=4811MB hwm=4811MB
RSS_SAMPLE t=2544.4s rss=4811MB hwm=4811MB
RSS_SAMPLE t=2544.7s rss=4811MB hwm=4811MB
RSS_SAMPLE t=2544.9s rss=4811MB hwm=4811MB
RSS_SAMPLE t=2545.2s rss=4811MB hwm=4811MB
RSS_SAMPLE t=2545.4s rss=4811MB hwm=4811MB
RSS_SAMPLE t=2545.7s rss=4811MB hwm=4811MB
RSS_SAMPLE t=2545.9s rss=4811MB hwm=4811MB
RSS_SAMPLE t=2546.2s rss=4811MB hwm=4811MB
RSS_SAMPLE t=2546.4s rss=4811MB hwm=4811MB
RSS_SAMPLE t=2546.7s rss=4811MB hwm=4811MB
RSS_SAMPLE t=2546.9s rss=4811MB hwm=4811MB
RSS_SAMPLE t=2547.2s rss=4811MB hwm=4811MB
RSS_SAMPLE t=2547.4s rss=4811MB hwm=4811MB
RSS_SAMPLE t=2547.7s rss=4811MB hwm=4811MB
RSS_SAMPLE t=2547.9s rss=4811MB hwm=4811MB
RSS_SAMPLE t=2548.2s rss=4812MB hwm=4812MB
RSS_SAMPLE t=2548.4s rss=4812MB hwm=4812MB
RSS_SAMPLE t=2548.7s rss=4812MB hwm=4812MB
RSS_SAMPLE t=2548.9s rss=4812MB hwm=4812MB
RSS_SAMPLE t=2549.2s rss=4812MB hwm=4812MB
RSS_SAMPLE t=2549.4s rss=4812MB hwm=4812MB
RSS_SAMPLE t=2549.7s rss=4812MB hwm=4812MB
RSS_SAMPLE t=2549.9s rss=4812MB hwm=4812MB
RSS_SAMPLE t=2550.2s rss=4812MB hwm=4812MB
RSS_SAMPLE t=2550.4s rss=4812MB hwm=4812MB
RSS_SAMPLE t=2550.7s rss=4812MB hwm=4812MB
RSS_SAMPLE t=2550.9s rss=4812MB hwm=4812MB
RSS_SAMPLE t=2551.2s rss=4812MB hwm=4812MB
RSS_SAMPLE t=2551.4s rss=4812MB hwm=4812MB
RSS_SAMPLE t=2551.7s rss=4812MB hwm=4812MB
RSS_SAMPLE t=2551.9s rss=4812MB hwm=4812MB
RSS_SAMPLE t=2552.2s rss=4812MB hwm=4812MB
RSS_SAMPLE t=2552.4s rss=4812MB hwm=4812MB
RSS_SAMPLE t=2552.7s rss=4812MB hwm=4812MB
RSS_SAMPLE t=2552.9s rss=4812MB hwm=4812MB
RSS_SAMPLE t=2553.2s rss=4812MB hwm=4812MB
RSS_SAMPLE t=2553.4s rss=4812MB hwm=4812MB
RSS_SAMPLE t=2553.7s rss=4812MB hwm=4812MB
RSS_SAMPLE t=2553.9s rss=4812MB hwm=4812MB
RSS_SAMPLE t=2554.2s rss=4812MB hwm=4812MB
RSS_SAMPLE t=2554.4s rss=4812MB hwm=4812MB
RSS_SAMPLE t=2554.7s rss=4812MB hwm=4812MB
RSS_SAMPLE t=2554.9s rss=4812MB hwm=4812MB
RSS_SAMPLE t=2555.2s rss=4812MB hwm=4812MB
RSS_SAMPLE t=2555.4s rss=4812MB hwm=4812MB
RSS_SAMPLE t=2555.7s rss=4812MB hwm=4812MB
RSS_SAMPLE t=2555.9s rss=4812MB hwm=4812MB
RSS_SAMPLE t=2556.2s rss=4812MB hwm=4812MB
RSS_SAMPLE t=2556.4s rss=4812MB hwm=4812MB
RSS_SAMPLE t=2556.7s rss=4812MB hwm=4812MB
RSS_SAMPLE t=2556.9s rss=4812MB hwm=4812MB
RSS_SAMPLE t=2557.2s rss=4812MB hwm=4812MB
RSS_SAMPLE t=2557.5s rss=4812MB hwm=4812MB
RSS_SAMPLE t=2557.7s rss=4812MB hwm=4812MB
RSS_SAMPLE t=2558.0s rss=4812MB hwm=4812MB
RSS_SAMPLE t=2558.2s rss=4812MB hwm=4812MB
RSS_SAMPLE t=2558.5s rss=4812MB hwm=4812MB
RSS_SAMPLE t=2558.7s rss=4812MB hwm=4812MB
RSS_SAMPLE t=2559.0s rss=4812MB hwm=4812MB
RSS_SAMPLE t=2559.2s rss=4812MB hwm=4812MB
RSS_SAMPLE t=2559.5s rss=4812MB hwm=4812MB
RSS_SAMPLE t=2559.7s rss=4812MB hwm=4812MB
RSS_SAMPLE t=2560.0s rss=4812MB hwm=4812MB
RSS_SAMPLE t=2560.2s rss=4812MB hwm=4812MB
RSS_SAMPLE t=2560.5s rss=4812MB hwm=4812MB
RSS_SAMPLE t=2560.7s rss=4812MB hwm=4812MB
RSS_SAMPLE t=2561.0s rss=4812MB hwm=4812MB
RSS_SAMPLE t=2561.2s rss=4812MB hwm=4812MB
RSS_SAMPLE t=2561.5s rss=4812MB hwm=4812MB
RSS_SAMPLE t=2561.7s rss=4812MB hwm=4812MB
RSS_SAMPLE t=2562.0s rss=4812MB hwm=4812MB
RSS_SAMPLE t=2562.2s rss=4812MB hwm=4812MB
RSS_SAMPLE t=2562.5s rss=4812MB hwm=4812MB
RSS_SAMPLE t=2562.7s rss=4812MB hwm=4812MB
RSS_SAMPLE t=2563.0s rss=4812MB hwm=4812MB
RSS_SAMPLE t=2563.2s rss=4812MB hwm=4812MB
RSS_SAMPLE t=2563.5s rss=4812MB hwm=4812MB
RSS_SAMPLE t=2563.7s rss=4812MB hwm=4812MB
RSS_SAMPLE t=2564.0s rss=4812MB hwm=4812MB
RSS_SAMPLE t=2564.2s rss=4812MB hwm=4812MB
RSS_SAMPLE t=2564.5s rss=4812MB hwm=4812MB
RSS_SAMPLE t=2564.7s rss=4812MB hwm=4812MB
RSS_SAMPLE t=2565.0s rss=4812MB hwm=4812MB
RSS_SAMPLE t=2565.2s rss=4812MB hwm=4812MB
RSS_SAMPLE t=2565.5s rss=4812MB hwm=4812MB
RSS_SAMPLE t=2565.7s rss=4812MB hwm=4812MB
RSS_SAMPLE t=2566.0s rss=4812MB hwm=4812MB
RSS_SAMPLE t=2566.2s rss=4812MB hwm=4812MB
RSS_SAMPLE t=2566.5s rss=4812MB hwm=4812MB
RSS_SAMPLE t=2566.7s rss=4812MB hwm=4812MB
RSS_SAMPLE t=2567.0s rss=4812MB hwm=4812MB
RSS_SAMPLE t=2567.2s rss=4812MB hwm=4812MB
RSS_SAMPLE t=2567.5s rss=4812MB hwm=4812MB
RSS_SAMPLE t=2567.7s rss=4812MB hwm=4812MB
RSS_SAMPLE t=2568.0s rss=4812MB hwm=4812MB
RSS_SAMPLE t=2568.2s rss=4812MB hwm=4812MB
RSS_SAMPLE t=2568.5s rss=4812MB hwm=4812MB
RSS_SAMPLE t=2568.7s rss=4812MB hwm=4812MB
RSS_SAMPLE t=2569.0s rss=4812MB hwm=4812MB
RSS_SAMPLE t=2569.2s rss=4812MB hwm=4812MB
RSS_SAMPLE t=2569.5s rss=4812MB hwm=4812MB
RSS_SAMPLE t=2569.7s rss=4812MB hwm=4812MB
RSS_SAMPLE t=2570.0s rss=4812MB hwm=4812MB
RSS_SAMPLE t=2570.2s rss=4812MB hwm=4812MB
RSS_SAMPLE t=2570.5s rss=4812MB hwm=4812MB
RSS_SAMPLE t=2570.7s rss=4812MB hwm=4812MB
RSS_SAMPLE t=2571.0s rss=4812MB hwm=4812MB
RSS_SAMPLE t=2571.2s rss=4812MB hwm=4812MB
RSS_SAMPLE t=2571.5s rss=4812MB hwm=4812MB
RSS_SAMPLE t=2571.7s rss=4812MB hwm=4812MB
RSS_SAMPLE t=2572.0s rss=4812MB hwm=4812MB
RSS_SAMPLE t=2572.2s rss=4812MB hwm=4812MB
RSS_SAMPLE t=2572.5s rss=4812MB hwm=4812MB
RSS_SAMPLE t=2572.7s rss=4812MB hwm=4812MB
RSS_SAMPLE t=2573.0s rss=4812MB hwm=4812MB
RSS_SAMPLE t=2573.2s rss=4812MB hwm=4812MB
RSS_SAMPLE t=2573.5s rss=4812MB hwm=4812MB
RSS_SAMPLE t=2573.7s rss=4812MB hwm=4812MB
RSS_SAMPLE t=2574.0s rss=4812MB hwm=4812MB
RSS_SAMPLE t=2574.2s rss=4812MB hwm=4812MB
RSS_SAMPLE t=2574.5s rss=4812MB hwm=4812MB
RSS_SAMPLE t=2574.7s rss=4812MB hwm=4812MB
RSS_SAMPLE t=2575.0s rss=4812MB hwm=4812MB
RSS_SAMPLE t=2575.2s rss=4812MB hwm=4812MB
RSS_SAMPLE t=2575.5s rss=4812MB hwm=4812MB
RSS_SAMPLE t=2575.7s rss=4812MB hwm=4812MB
RSS_SAMPLE t=2576.0s rss=4812MB hwm=4812MB
RSS_SAMPLE t=2576.3s rss=4812MB hwm=4812MB
RSS_SAMPLE t=2576.5s rss=4812MB hwm=4812MB
RSS_SAMPLE t=2576.8s rss=4812MB hwm=4812MB
RSS_SAMPLE t=2577.0s rss=4812MB hwm=4812MB
RSS_SAMPLE t=2577.3s rss=4812MB hwm=4812MB
RSS_SAMPLE t=2577.5s rss=4812MB hwm=4812MB
RSS_SAMPLE t=2577.8s rss=4812MB hwm=4812MB
RSS_SAMPLE t=2578.0s rss=4812MB hwm=4812MB
RSS_SAMPLE t=2578.3s rss=4812MB hwm=4812MB
RSS_SAMPLE t=2578.5s rss=4812MB hwm=4812MB
RSS_SAMPLE t=2578.8s rss=4812MB hwm=4812MB
RSS_SAMPLE t=2579.0s rss=4812MB hwm=4812MB
RSS_SAMPLE t=2579.3s rss=4812MB hwm=4812MB
RSS_SAMPLE t=2579.5s rss=4812MB hwm=4812MB
RSS_SAMPLE t=2579.8s rss=4812MB hwm=4812MB
RSS_SAMPLE t=2580.0s rss=4812MB hwm=4812MB
RSS_SAMPLE t=2580.3s rss=4812MB hwm=4812MB
RSS_SAMPLE t=2580.5s rss=4812MB hwm=4812MB
RSS_SAMPLE t=2580.8s rss=4812MB hwm=4812MB
RSS_SAMPLE t=2581.0s rss=4812MB hwm=4812MB
RSS_SAMPLE t=2581.3s rss=4812MB hwm=4812MB
RSS_SAMPLE t=2581.5s rss=4812MB hwm=4812MB
RSS_SAMPLE t=2581.8s rss=4812MB hwm=4812MB
RSS_SAMPLE t=2582.0s rss=4812MB hwm=4812MB
RSS_SAMPLE t=2582.3s rss=4812MB hwm=4812MB
RSS_SAMPLE t=2582.5s rss=4812MB hwm=4812MB
RSS_SAMPLE t=2582.8s rss=4812MB hwm=4812MB
RSS_SAMPLE t=2583.0s rss=4812MB hwm=4812MB
RSS_SAMPLE t=2583.3s rss=4812MB hwm=4812MB
RSS_SAMPLE t=2583.5s rss=4812MB hwm=4812MB
RSS_SAMPLE t=2583.8s rss=4812MB hwm=4812MB
RSS_SAMPLE t=2584.0s rss=4812MB hwm=4812MB
RSS_SAMPLE t=2584.3s rss=4812MB hwm=4812MB
RSS_SAMPLE t=2584.5s rss=4812MB hwm=4812MB
RSS_SAMPLE t=2584.8s rss=4812MB hwm=4812MB
RSS_SAMPLE t=2585.0s rss=4812MB hwm=4812MB
RSS_SAMPLE t=2585.3s rss=4812MB hwm=4812MB
RSS_SAMPLE t=2585.5s rss=4812MB hwm=4812MB
RSS_SAMPLE t=2585.8s rss=4812MB hwm=4812MB
RSS_SAMPLE t=2586.0s rss=4812MB hwm=4812MB
RSS_SAMPLE t=2586.3s rss=4813MB hwm=4813MB
RSS_SAMPLE t=2586.5s rss=4813MB hwm=4813MB
RSS_SAMPLE t=2586.8s rss=4813MB hwm=4813MB
RSS_SAMPLE t=2587.0s rss=4813MB hwm=4813MB
RSS_SAMPLE t=2587.3s rss=4813MB hwm=4813MB
RSS_SAMPLE t=2587.5s rss=4813MB hwm=4813MB
RSS_SAMPLE t=2587.8s rss=4813MB hwm=4813MB
RSS_SAMPLE t=2588.0s rss=4813MB hwm=4813MB
RSS_SAMPLE t=2588.3s rss=4813MB hwm=4813MB
RSS_SAMPLE t=2588.5s rss=4813MB hwm=4813MB
RSS_SAMPLE t=2588.8s rss=4813MB hwm=4813MB
RSS_SAMPLE t=2589.0s rss=4813MB hwm=4813MB
RSS_SAMPLE t=2589.3s rss=4813MB hwm=4813MB
RSS_SAMPLE t=2589.5s rss=4813MB hwm=4813MB
RSS_SAMPLE t=2589.8s rss=4813MB hwm=4813MB
RSS_SAMPLE t=2590.0s rss=4813MB hwm=4813MB
RSS_SAMPLE t=2590.3s rss=4813MB hwm=4813MB
RSS_SAMPLE t=2590.5s rss=4813MB hwm=4813MB
RSS_SAMPLE t=2590.8s rss=4813MB hwm=4813MB
RSS_SAMPLE t=2591.0s rss=4813MB hwm=4813MB
RSS_SAMPLE t=2591.3s rss=4813MB hwm=4813MB
RSS_SAMPLE t=2591.5s rss=4813MB hwm=4813MB
RSS_SAMPLE t=2591.8s rss=4813MB hwm=4813MB
RSS_SAMPLE t=2592.0s rss=4813MB hwm=4813MB
RSS_SAMPLE t=2592.3s rss=4813MB hwm=4813MB
RSS_SAMPLE t=2592.5s rss=4813MB hwm=4813MB
RSS_SAMPLE t=2592.8s rss=4813MB hwm=4813MB
RSS_SAMPLE t=2593.0s rss=4813MB hwm=4813MB
RSS_SAMPLE t=2593.3s rss=4813MB hwm=4813MB
RSS_SAMPLE t=2593.5s rss=4813MB hwm=4813MB
RSS_SAMPLE t=2593.8s rss=4813MB hwm=4813MB
RSS_SAMPLE t=2594.0s rss=4813MB hwm=4813MB
RSS_SAMPLE t=2594.3s rss=4814MB hwm=4814MB
RSS_SAMPLE t=2594.5s rss=4814MB hwm=4814MB
RSS_SAMPLE t=2594.8s rss=4814MB hwm=4814MB
RSS_SAMPLE t=2595.0s rss=4814MB hwm=4814MB
RSS_SAMPLE t=2595.3s rss=4814MB hwm=4814MB
RSS_SAMPLE t=2595.5s rss=4814MB hwm=4814MB
RSS_SAMPLE t=2595.8s rss=4814MB hwm=4814MB
RSS_SAMPLE t=2596.0s rss=4814MB hwm=4814MB
RSS_SAMPLE t=2596.3s rss=4814MB hwm=4814MB
RSS_SAMPLE t=2596.5s rss=4814MB hwm=4814MB
RSS_SAMPLE t=2596.8s rss=4814MB hwm=4814MB
RSS_SAMPLE t=2597.0s rss=4814MB hwm=4814MB
RSS_SAMPLE t=2597.3s rss=4814MB hwm=4814MB
RSS_SAMPLE t=2597.5s rss=4814MB hwm=4814MB
RSS_SAMPLE t=2597.8s rss=4814MB hwm=4814MB
RSS_SAMPLE t=2598.0s rss=4814MB hwm=4814MB
RSS_SAMPLE t=2598.3s rss=4814MB hwm=4814MB
RSS_SAMPLE t=2598.5s rss=4814MB hwm=4814MB
RSS_SAMPLE t=2598.8s rss=4814MB hwm=4814MB
RSS_SAMPLE t=2599.0s rss=4814MB hwm=4814MB
RSS_SAMPLE t=2599.3s rss=4814MB hwm=4814MB
RSS_SAMPLE t=2599.5s rss=4814MB hwm=4814MB
RSS_SAMPLE t=2599.8s rss=4814MB hwm=4814MB
RSS_SAMPLE t=2600.0s rss=4814MB hwm=4814MB
RSS_SAMPLE t=2600.3s rss=4814MB hwm=4814MB
RSS_SAMPLE t=2600.5s rss=4814MB hwm=4814MB
RSS_SAMPLE t=2600.8s rss=4814MB hwm=4814MB
RSS_SAMPLE t=2601.0s rss=4814MB hwm=4814MB
RSS_SAMPLE t=2601.3s rss=4814MB hwm=4814MB
RSS_SAMPLE t=2601.5s rss=4814MB hwm=4814MB
RSS_SAMPLE t=2601.8s rss=4814MB hwm=4814MB
RSS_SAMPLE t=2602.0s rss=4814MB hwm=4814MB
RSS_SAMPLE t=2602.3s rss=4814MB hwm=4814MB
RSS_SAMPLE t=2602.5s rss=4814MB hwm=4814MB
RSS_SAMPLE t=2602.8s rss=4814MB hwm=4814MB
RSS_SAMPLE t=2603.0s rss=4814MB hwm=4814MB
RSS_SAMPLE t=2603.3s rss=4814MB hwm=4814MB
RSS_SAMPLE t=2603.5s rss=4814MB hwm=4814MB
RSS_SAMPLE t=2603.8s rss=4814MB hwm=4814MB
RSS_SAMPLE t=2604.0s rss=4814MB hwm=4814MB
RSS_SAMPLE t=2604.3s rss=4814MB hwm=4814MB
RSS_SAMPLE t=2604.5s rss=4814MB hwm=4814MB
RSS_SAMPLE t=2604.8s rss=4814MB hwm=4814MB
RSS_SAMPLE t=2605.0s rss=4814MB hwm=4814MB
RSS_SAMPLE t=2605.3s rss=4814MB hwm=4814MB
RSS_SAMPLE t=2605.5s rss=4814MB hwm=4814MB
RSS_SAMPLE t=2605.8s rss=4814MB hwm=4814MB
RSS_SAMPLE t=2606.0s rss=4814MB hwm=4814MB
RSS_SAMPLE t=2606.3s rss=4814MB hwm=4814MB
RSS_SAMPLE t=2606.5s rss=4814MB hwm=4814MB
RSS_SAMPLE t=2606.8s rss=4814MB hwm=4814MB
RSS_SAMPLE t=2607.0s rss=4814MB hwm=4814MB
RSS_SAMPLE t=2607.3s rss=4814MB hwm=4814MB
RSS_SAMPLE t=2607.5s rss=4814MB hwm=4814MB
RSS_SAMPLE t=2607.8s rss=4814MB hwm=4814MB
RSS_SAMPLE t=2608.0s rss=4814MB hwm=4814MB
RSS_SAMPLE t=2608.3s rss=4814MB hwm=4814MB
RSS_SAMPLE t=2608.5s rss=4814MB hwm=4814MB
RSS_SAMPLE t=2608.8s rss=4814MB hwm=4814MB
RSS_SAMPLE t=2609.0s rss=4814MB hwm=4814MB
RSS_SAMPLE t=2609.3s rss=4814MB hwm=4814MB
RSS_SAMPLE t=2609.5s rss=4814MB hwm=4814MB
RSS_SAMPLE t=2609.8s rss=4814MB hwm=4814MB
RSS_SAMPLE t=2610.0s rss=4814MB hwm=4814MB
RSS_SAMPLE t=2610.3s rss=4814MB hwm=4814MB
RSS_SAMPLE t=2610.5s rss=4814MB hwm=4814MB
RSS_SAMPLE t=2610.8s rss=4814MB hwm=4814MB
RSS_SAMPLE t=2611.0s rss=4814MB hwm=4814MB
RSS_SAMPLE t=2611.3s rss=4814MB hwm=4814MB
RSS_SAMPLE t=2611.5s rss=4814MB hwm=4814MB
RSS_SAMPLE t=2611.8s rss=4814MB hwm=4814MB
RSS_SAMPLE t=2612.0s rss=4814MB hwm=4814MB
RSS_SAMPLE t=2612.3s rss=4814MB hwm=4814MB
RSS_SAMPLE t=2612.5s rss=4814MB hwm=4814MB
RSS_SAMPLE t=2612.8s rss=4814MB hwm=4814MB
RSS_SAMPLE t=2613.0s rss=4814MB hwm=4814MB
RSS_SAMPLE t=2613.3s rss=4814MB hwm=4814MB
RSS_SAMPLE t=2613.5s rss=4814MB hwm=4814MB
RSS_SAMPLE t=2613.8s rss=4814MB hwm=4814MB
RSS_SAMPLE t=2614.0s rss=4814MB hwm=4814MB
RSS_SAMPLE t=2614.3s rss=4814MB hwm=4814MB
RSS_SAMPLE t=2614.5s rss=4814MB hwm=4814MB
RSS_SAMPLE t=2614.8s rss=4814MB hwm=4814MB
RSS_SAMPLE t=2615.0s rss=4814MB hwm=4814MB
RSS_SAMPLE t=2615.3s rss=4814MB hwm=4814MB
RSS_SAMPLE t=2615.5s rss=4814MB hwm=4814MB
RSS_SAMPLE t=2615.8s rss=4814MB hwm=4814MB
RSS_SAMPLE t=2616.0s rss=4814MB hwm=4814MB
RSS_SAMPLE t=2616.3s rss=4814MB hwm=4814MB
RSS_SAMPLE t=2616.5s rss=4814MB hwm=4814MB
RSS_SAMPLE t=2616.8s rss=4814MB hwm=4814MB
RSS_SAMPLE t=2617.0s rss=4814MB hwm=4814MB
RSS_SAMPLE t=2617.3s rss=4814MB hwm=4814MB
RSS_SAMPLE t=2617.5s rss=4814MB hwm=4814MB
RSS_SAMPLE t=2617.8s rss=4814MB hwm=4814MB
RSS_SAMPLE t=2618.0s rss=4814MB hwm=4814MB
RSS_SAMPLE t=2618.3s rss=4814MB hwm=4814MB
RSS_SAMPLE t=2618.5s rss=4814MB hwm=4814MB
RSS_SAMPLE t=2618.8s rss=4814MB hwm=4814MB
RSS_SAMPLE t=2619.0s rss=4814MB hwm=4814MB
RSS_SAMPLE t=2619.3s rss=4814MB hwm=4814MB
RSS_SAMPLE t=2619.5s rss=4814MB hwm=4814MB
RSS_SAMPLE t=2619.8s rss=4814MB hwm=4814MB
RSS_SAMPLE t=2620.0s rss=4814MB hwm=4814MB
RSS_SAMPLE t=2620.3s rss=4814MB hwm=4814MB
RSS_SAMPLE t=2620.5s rss=4814MB hwm=4814MB
RSS_SAMPLE t=2620.8s rss=4814MB hwm=4814MB
RSS_SAMPLE t=2621.0s rss=4814MB hwm=4814MB
RSS_SAMPLE t=2621.3s rss=4814MB hwm=4814MB
RSS_SAMPLE t=2621.5s rss=4814MB hwm=4814MB
RSS_SAMPLE t=2621.8s rss=4814MB hwm=4814MB
RSS_SAMPLE t=2622.0s rss=4814MB hwm=4814MB
RSS_SAMPLE t=2622.3s rss=4814MB hwm=4814MB
RSS_SAMPLE t=2622.5s rss=4814MB hwm=4814MB
RSS_SAMPLE t=2622.8s rss=4814MB hwm=4814MB
RSS_SAMPLE t=2623.0s rss=4814MB hwm=4814MB
RSS_SAMPLE t=2623.3s rss=4814MB hwm=4814MB
RSS_SAMPLE t=2623.5s rss=4814MB hwm=4814MB
RSS_SAMPLE t=2623.8s rss=4814MB hwm=4814MB
RSS_SAMPLE t=2624.1s rss=4814MB hwm=4814MB
MEM_POOL: workspaces=32 dense_usage_mb=1251 n_pipes=2562403
    post_solve_diag[outer=15]: solves=105117 cap_armed=105117 (100.0%) settle_avg=4716 above_sink_avg=191 (4.1%) settle_max=69353
    load_support[outer=15]: settle_avg=4716 load_nz_avg=3875 (82.2%) load_material_avg=2964 (62.9%)
    prune_ceiling[outer=15]: settle_avg=4716 heuristic_prunable_avg=434 (9.2%) vs oracle_zero_load=17.8%
    settle_hist[outer=15]: <100: 26700nets/0.2%work  <1k: 27061nets/2.0%work  <5k: 24809nets/13.2%work  <20k: 19564nets/41.0%work  <60k: 6896nets/42.5%work  >=60k: 87nets/1.1%work
    fanout_hist[outer=15]: fan1: 43710nets/13.5%work  fan2-4: 48279nets/49.9%work  fan5-16: 12974nets/35.6%work  fan17-64: 154nets/1.0%work  fan65-256: 0nets/0.0%work  fan>256: 0nets/0.0%work
    rss_probe[outer=15]: pre_post_solve=4809MB post_post_solve=4814MB after_apply=4814MB
    E_decomp: base=7070004.0 eff=150223429948440.1 cong=150223422878436.1 cong_share=100.0% sat_pipes=149613 max_util=482.15  R_buckets: 1-2x=599484 2-10x=450092 10-100x=345155 >=100x=1167672
    E_potential: beckmann=2044988637973.1 history_total=0.0
    SpanCache: epoch=16 entries=2686 lookups=2562403 hits=2559717 misses=2686 hit_rate=99.9%
  DCD  15: nets=105117 line=10758835 energy=2670336488.620 dE=-5093616381.484 friction=2413928.7 bins=2.0x(175) excess=61.2 moved=67575 disp=4.093 solves=105117 skip=105117 pops=495696116 theta=2.661 refresh=132050ms dcd=11208ms total=146134ms
    cache_stats: entries=59613871 capacity=127315125 est_mb=1098 rss_mb=4814
RSS_SAMPLE t=2624.3s rss=4814MB hwm=4814MB
RSS_SAMPLE t=2624.6s rss=4814MB hwm=4814MB
RSS_SAMPLE t=2624.8s rss=4814MB hwm=4814MB
RSS_SAMPLE t=2625.1s rss=4814MB hwm=4814MB
RSS_SAMPLE t=2625.3s rss=4814MB hwm=4814MB
RSS_SAMPLE t=2625.6s rss=4814MB hwm=4814MB
RSS_SAMPLE t=2625.8s rss=4814MB hwm=4814MB
RSS_SAMPLE t=2626.1s rss=4814MB hwm=4814MB
RSS_SAMPLE t=2626.3s rss=4814MB hwm=4814MB
RSS_SAMPLE t=2626.6s rss=4814MB hwm=4814MB
RSS_SAMPLE t=2626.8s rss=4814MB hwm=4814MB
RSS_SAMPLE t=2627.1s rss=4814MB hwm=4814MB
    SwitchMatrix: type_usage_pairs=612 lookups=1945 hits=1333 dijkstra_calls=612 avg_us=11.4 total_ms=7.0
PHASE_MARK outer=16 enter=pre_solve rss=4814MB
    rss_probe[outer=16]: pre_refresh_rss=4814MB post_pre_solve_rss=4814MB cache_entries=59613871 cache_cap=127315125 cache_est_mb=1098
    pre_solve_diag[outer=16]: solves=0 fallback=0 (0.0%) cap_armed=0 (0.0%) settle_avg=0 settle_max=0 init_count=251
    Overflow: over=125907 (4.9% of used) avg_excess=2.41 max_excess=2629.78 (nc=2653.78 cap=24 span=1)  excess_buckets: <=1=63988 1-5=47827 5-20=12975 >20=1117  by_cap: cap1=40512 cap2=83731 cap3-5=5 cap>5=1659  by_span: s1=405 s2-3=495 s4-6=1509 s7-12=82059 s>12=41439  le1_cross: cap1=34645 cap2-5=29070 cap>5=273
    Congestion: pipes=2562403 used=2562403 congested(>50%)=398076 saturated(>90%)=149613 max_util=482.15 avg_util=0.3202
PHASE_MARK outer=16 enter=dcd_sweep rss=4814MB
RSS_SAMPLE t=2627.3s rss=4814MB hwm=4814MB
RSS_SAMPLE t=2627.6s rss=4814MB hwm=4814MB
RSS_SAMPLE t=2627.8s rss=4814MB hwm=4814MB
RSS_SAMPLE t=2628.1s rss=4814MB hwm=4814MB
RSS_SAMPLE t=2628.3s rss=4814MB hwm=4814MB
RSS_SAMPLE t=2628.6s rss=4814MB hwm=4814MB
RSS_SAMPLE t=2628.8s rss=4814MB hwm=4814MB
RSS_SAMPLE t=2629.1s rss=4814MB hwm=4814MB
RSS_SAMPLE t=2629.3s rss=4814MB hwm=4814MB
RSS_SAMPLE t=2629.6s rss=4814MB hwm=4814MB
RSS_SAMPLE t=2629.8s rss=4814MB hwm=4814MB
RSS_SAMPLE t=2630.1s rss=4814MB hwm=4814MB
RSS_SAMPLE t=2630.3s rss=4814MB hwm=4814MB
RSS_SAMPLE t=2630.6s rss=4814MB hwm=4814MB
RSS_SAMPLE t=2630.8s rss=4814MB hwm=4814MB
RSS_SAMPLE t=2631.1s rss=4814MB hwm=4814MB
RSS_SAMPLE t=2631.3s rss=4814MB hwm=4814MB
RSS_SAMPLE t=2631.6s rss=4814MB hwm=4814MB
RSS_SAMPLE t=2631.8s rss=4814MB hwm=4814MB
RSS_SAMPLE t=2632.1s rss=4814MB hwm=4814MB
RSS_SAMPLE t=2632.3s rss=4814MB hwm=4814MB
RSS_SAMPLE t=2632.6s rss=4814MB hwm=4814MB
RSS_SAMPLE t=2632.8s rss=4814MB hwm=4814MB
RSS_SAMPLE t=2633.1s rss=4814MB hwm=4814MB
RSS_SAMPLE t=2633.3s rss=4814MB hwm=4814MB
RSS_SAMPLE t=2633.6s rss=4814MB hwm=4814MB
RSS_SAMPLE t=2633.8s rss=4814MB hwm=4814MB
RSS_SAMPLE t=2634.1s rss=4814MB hwm=4814MB
RSS_SAMPLE t=2634.3s rss=4814MB hwm=4814MB
RSS_SAMPLE t=2634.6s rss=4814MB hwm=4814MB
RSS_SAMPLE t=2634.8s rss=4814MB hwm=4814MB
RSS_SAMPLE t=2635.1s rss=4814MB hwm=4814MB
RSS_SAMPLE t=2635.3s rss=4814MB hwm=4814MB
RSS_SAMPLE t=2635.6s rss=4814MB hwm=4814MB
RSS_SAMPLE t=2635.8s rss=4814MB hwm=4814MB
RSS_SAMPLE t=2636.1s rss=4814MB hwm=4814MB
RSS_SAMPLE t=2636.3s rss=4814MB hwm=4814MB
RSS_SAMPLE t=2636.6s rss=4814MB hwm=4814MB
RSS_SAMPLE t=2636.8s rss=4814MB hwm=4814MB
PHASE_MARK outer=16 leave=dcd_sweep rss=4814MB
PHASE_MARK outer=16 enter=post_refresh rss=4814MB
RSS_SAMPLE t=2637.1s rss=4814MB hwm=4814MB
RSS_SAMPLE t=2637.3s rss=4814MB hwm=4814MB
RSS_SAMPLE t=2637.6s rss=4814MB hwm=4814MB
RSS_SAMPLE t=2637.8s rss=4814MB hwm=4814MB
RSS_SAMPLE t=2638.1s rss=4814MB hwm=4814MB
RSS_SAMPLE t=2638.3s rss=4814MB hwm=4814MB
RSS_SAMPLE t=2638.6s rss=4814MB hwm=4814MB
RSS_SAMPLE t=2638.8s rss=4814MB hwm=4814MB
RSS_SAMPLE t=2639.1s rss=4814MB hwm=4814MB
RSS_SAMPLE t=2639.3s rss=4814MB hwm=4814MB
RSS_SAMPLE t=2639.6s rss=4814MB hwm=4814MB
RSS_SAMPLE t=2639.8s rss=4814MB hwm=4814MB
RSS_SAMPLE t=2640.1s rss=4814MB hwm=4814MB
RSS_SAMPLE t=2640.3s rss=4814MB hwm=4814MB
RSS_SAMPLE t=2640.6s rss=4814MB hwm=4814MB
RSS_SAMPLE t=2640.8s rss=4814MB hwm=4814MB
RSS_SAMPLE t=2641.1s rss=4814MB hwm=4814MB
RSS_SAMPLE t=2641.3s rss=4814MB hwm=4814MB
RSS_SAMPLE t=2641.6s rss=4814MB hwm=4814MB
RSS_SAMPLE t=2641.8s rss=4814MB hwm=4814MB
RSS_SAMPLE t=2642.1s rss=4814MB hwm=4814MB
RSS_SAMPLE t=2642.3s rss=4814MB hwm=4814MB
RSS_SAMPLE t=2642.6s rss=4814MB hwm=4814MB
RSS_SAMPLE t=2642.8s rss=4814MB hwm=4814MB
RSS_SAMPLE t=2643.1s rss=4814MB hwm=4814MB
RSS_SAMPLE t=2643.3s rss=4814MB hwm=4814MB
RSS_SAMPLE t=2643.6s rss=4814MB hwm=4814MB
RSS_SAMPLE t=2643.8s rss=4814MB hwm=4814MB
RSS_SAMPLE t=2644.1s rss=4814MB hwm=4814MB
RSS_SAMPLE t=2644.3s rss=4814MB hwm=4814MB
RSS_SAMPLE t=2644.6s rss=4814MB hwm=4814MB
RSS_SAMPLE t=2644.8s rss=4814MB hwm=4814MB
RSS_SAMPLE t=2645.1s rss=4814MB hwm=4814MB
RSS_SAMPLE t=2645.3s rss=4814MB hwm=4814MB
RSS_SAMPLE t=2645.6s rss=4814MB hwm=4814MB
RSS_SAMPLE t=2645.8s rss=4814MB hwm=4814MB
RSS_SAMPLE t=2646.1s rss=4814MB hwm=4814MB
RSS_SAMPLE t=2646.3s rss=4814MB hwm=4814MB
RSS_SAMPLE t=2646.6s rss=4814MB hwm=4814MB
RSS_SAMPLE t=2646.8s rss=4814MB hwm=4814MB
RSS_SAMPLE t=2647.1s rss=4814MB hwm=4814MB
RSS_SAMPLE t=2647.3s rss=4814MB hwm=4814MB
RSS_SAMPLE t=2647.6s rss=4814MB hwm=4814MB
RSS_SAMPLE t=2647.8s rss=4814MB hwm=4814MB
RSS_SAMPLE t=2648.1s rss=4814MB hwm=4814MB
RSS_SAMPLE t=2648.3s rss=4814MB hwm=4814MB
RSS_SAMPLE t=2648.6s rss=4814MB hwm=4814MB
RSS_SAMPLE t=2648.8s rss=4814MB hwm=4814MB
RSS_SAMPLE t=2649.1s rss=4814MB hwm=4814MB
RSS_SAMPLE t=2649.3s rss=4814MB hwm=4814MB
RSS_SAMPLE t=2649.6s rss=4814MB hwm=4814MB
RSS_SAMPLE t=2649.8s rss=4814MB hwm=4814MB
RSS_SAMPLE t=2650.1s rss=4814MB hwm=4814MB
RSS_SAMPLE t=2650.4s rss=4815MB hwm=4815MB
RSS_SAMPLE t=2650.6s rss=4815MB hwm=4815MB
RSS_SAMPLE t=2650.9s rss=4815MB hwm=4815MB
RSS_SAMPLE t=2651.1s rss=4815MB hwm=4815MB
RSS_SAMPLE t=2651.4s rss=4815MB hwm=4815MB
RSS_SAMPLE t=2651.6s rss=4815MB hwm=4815MB
RSS_SAMPLE t=2651.9s rss=4815MB hwm=4815MB
RSS_SAMPLE t=2652.1s rss=4815MB hwm=4815MB
RSS_SAMPLE t=2652.4s rss=4815MB hwm=4815MB
RSS_SAMPLE t=2652.6s rss=4815MB hwm=4815MB
RSS_SAMPLE t=2652.9s rss=4815MB hwm=4815MB
RSS_SAMPLE t=2653.1s rss=4815MB hwm=4815MB
RSS_SAMPLE t=2653.4s rss=4815MB hwm=4815MB
RSS_SAMPLE t=2653.6s rss=4815MB hwm=4815MB
RSS_SAMPLE t=2653.9s rss=4815MB hwm=4815MB
RSS_SAMPLE t=2654.1s rss=4815MB hwm=4815MB
RSS_SAMPLE t=2654.4s rss=4815MB hwm=4815MB
RSS_SAMPLE t=2654.6s rss=4815MB hwm=4815MB
RSS_SAMPLE t=2654.9s rss=4815MB hwm=4815MB
RSS_SAMPLE t=2655.1s rss=4815MB hwm=4815MB
RSS_SAMPLE t=2655.4s rss=4815MB hwm=4815MB
RSS_SAMPLE t=2655.6s rss=4815MB hwm=4815MB
RSS_SAMPLE t=2655.9s rss=4815MB hwm=4815MB
RSS_SAMPLE t=2656.1s rss=4815MB hwm=4815MB
RSS_SAMPLE t=2656.4s rss=4815MB hwm=4815MB
RSS_SAMPLE t=2656.6s rss=4815MB hwm=4815MB
RSS_SAMPLE t=2656.9s rss=4815MB hwm=4815MB
RSS_SAMPLE t=2657.1s rss=4815MB hwm=4815MB
RSS_SAMPLE t=2657.4s rss=4815MB hwm=4815MB
RSS_SAMPLE t=2657.6s rss=4815MB hwm=4815MB
RSS_SAMPLE t=2657.9s rss=4815MB hwm=4815MB
RSS_SAMPLE t=2658.1s rss=4815MB hwm=4815MB
RSS_SAMPLE t=2658.4s rss=4815MB hwm=4815MB
RSS_SAMPLE t=2658.6s rss=4815MB hwm=4815MB
RSS_SAMPLE t=2658.9s rss=4815MB hwm=4815MB
RSS_SAMPLE t=2659.1s rss=4815MB hwm=4815MB
RSS_SAMPLE t=2659.4s rss=4815MB hwm=4815MB
RSS_SAMPLE t=2659.6s rss=4815MB hwm=4815MB
RSS_SAMPLE t=2659.9s rss=4815MB hwm=4815MB
RSS_SAMPLE t=2660.1s rss=4815MB hwm=4815MB
RSS_SAMPLE t=2660.4s rss=4815MB hwm=4815MB
RSS_SAMPLE t=2660.6s rss=4815MB hwm=4815MB
RSS_SAMPLE t=2660.9s rss=4815MB hwm=4815MB
RSS_SAMPLE t=2661.1s rss=4815MB hwm=4815MB
RSS_SAMPLE t=2661.4s rss=4815MB hwm=4815MB
RSS_SAMPLE t=2661.6s rss=4815MB hwm=4815MB
RSS_SAMPLE t=2661.9s rss=4815MB hwm=4815MB
RSS_SAMPLE t=2662.1s rss=4815MB hwm=4815MB
RSS_SAMPLE t=2662.4s rss=4815MB hwm=4815MB
RSS_SAMPLE t=2662.6s rss=4815MB hwm=4815MB
RSS_SAMPLE t=2662.9s rss=4815MB hwm=4815MB
RSS_SAMPLE t=2663.1s rss=4815MB hwm=4815MB
RSS_SAMPLE t=2663.4s rss=4815MB hwm=4815MB
RSS_SAMPLE t=2663.6s rss=4815MB hwm=4815MB
RSS_SAMPLE t=2663.9s rss=4815MB hwm=4815MB
RSS_SAMPLE t=2664.1s rss=4815MB hwm=4815MB
RSS_SAMPLE t=2664.4s rss=4815MB hwm=4815MB
RSS_SAMPLE t=2664.6s rss=4815MB hwm=4815MB
RSS_SAMPLE t=2664.9s rss=4815MB hwm=4815MB
RSS_SAMPLE t=2665.1s rss=4815MB hwm=4815MB
RSS_SAMPLE t=2665.4s rss=4815MB hwm=4815MB
RSS_SAMPLE t=2665.6s rss=4815MB hwm=4815MB
RSS_SAMPLE t=2665.9s rss=4815MB hwm=4815MB
RSS_SAMPLE t=2666.1s rss=4815MB hwm=4815MB
RSS_SAMPLE t=2666.4s rss=4815MB hwm=4815MB
RSS_SAMPLE t=2666.6s rss=4815MB hwm=4815MB
RSS_SAMPLE t=2666.9s rss=4815MB hwm=4815MB
RSS_SAMPLE t=2667.1s rss=4815MB hwm=4815MB
RSS_SAMPLE t=2667.4s rss=4815MB hwm=4815MB
RSS_SAMPLE t=2667.6s rss=4815MB hwm=4815MB
RSS_SAMPLE t=2667.9s rss=4815MB hwm=4815MB
RSS_SAMPLE t=2668.1s rss=4815MB hwm=4815MB
RSS_SAMPLE t=2668.4s rss=4815MB hwm=4815MB
RSS_SAMPLE t=2668.6s rss=4816MB hwm=4816MB
RSS_SAMPLE t=2668.9s rss=4816MB hwm=4816MB
RSS_SAMPLE t=2669.1s rss=4816MB hwm=4816MB
RSS_SAMPLE t=2669.4s rss=4816MB hwm=4816MB
RSS_SAMPLE t=2669.6s rss=4816MB hwm=4816MB
RSS_SAMPLE t=2669.9s rss=4816MB hwm=4816MB
RSS_SAMPLE t=2670.1s rss=4816MB hwm=4816MB
RSS_SAMPLE t=2670.4s rss=4816MB hwm=4816MB
RSS_SAMPLE t=2670.6s rss=4816MB hwm=4816MB
RSS_SAMPLE t=2670.9s rss=4816MB hwm=4816MB
RSS_SAMPLE t=2671.1s rss=4816MB hwm=4816MB
RSS_SAMPLE t=2671.4s rss=4816MB hwm=4816MB
RSS_SAMPLE t=2671.6s rss=4816MB hwm=4816MB
RSS_SAMPLE t=2671.9s rss=4816MB hwm=4816MB
RSS_SAMPLE t=2672.1s rss=4816MB hwm=4816MB
RSS_SAMPLE t=2672.4s rss=4816MB hwm=4816MB
RSS_SAMPLE t=2672.6s rss=4816MB hwm=4816MB
RSS_SAMPLE t=2672.9s rss=4816MB hwm=4816MB
RSS_SAMPLE t=2673.1s rss=4816MB hwm=4816MB
RSS_SAMPLE t=2673.4s rss=4816MB hwm=4816MB
RSS_SAMPLE t=2673.7s rss=4816MB hwm=4816MB
RSS_SAMPLE t=2673.9s rss=4816MB hwm=4816MB
RSS_SAMPLE t=2674.2s rss=4816MB hwm=4816MB
RSS_SAMPLE t=2674.4s rss=4816MB hwm=4816MB
RSS_SAMPLE t=2674.7s rss=4816MB hwm=4816MB
RSS_SAMPLE t=2674.9s rss=4816MB hwm=4816MB
RSS_SAMPLE t=2675.2s rss=4816MB hwm=4816MB
RSS_SAMPLE t=2675.4s rss=4816MB hwm=4816MB
RSS_SAMPLE t=2675.7s rss=4816MB hwm=4816MB
RSS_SAMPLE t=2675.9s rss=4816MB hwm=4816MB
RSS_SAMPLE t=2676.2s rss=4816MB hwm=4816MB
RSS_SAMPLE t=2676.4s rss=4816MB hwm=4816MB
RSS_SAMPLE t=2676.7s rss=4816MB hwm=4816MB
RSS_SAMPLE t=2676.9s rss=4816MB hwm=4816MB
RSS_SAMPLE t=2677.2s rss=4816MB hwm=4816MB
RSS_SAMPLE t=2677.4s rss=4816MB hwm=4816MB
RSS_SAMPLE t=2677.7s rss=4816MB hwm=4816MB
RSS_SAMPLE t=2677.9s rss=4816MB hwm=4816MB
RSS_SAMPLE t=2678.2s rss=4816MB hwm=4816MB
RSS_SAMPLE t=2678.4s rss=4816MB hwm=4816MB
RSS_SAMPLE t=2678.7s rss=4816MB hwm=4816MB
RSS_SAMPLE t=2678.9s rss=4816MB hwm=4816MB
RSS_SAMPLE t=2679.2s rss=4816MB hwm=4816MB
RSS_SAMPLE t=2679.4s rss=4816MB hwm=4816MB
RSS_SAMPLE t=2679.7s rss=4816MB hwm=4816MB
RSS_SAMPLE t=2679.9s rss=4816MB hwm=4816MB
RSS_SAMPLE t=2680.2s rss=4816MB hwm=4816MB
RSS_SAMPLE t=2680.4s rss=4816MB hwm=4816MB
RSS_SAMPLE t=2680.7s rss=4816MB hwm=4816MB
RSS_SAMPLE t=2680.9s rss=4816MB hwm=4816MB
RSS_SAMPLE t=2681.2s rss=4816MB hwm=4816MB
RSS_SAMPLE t=2681.4s rss=4816MB hwm=4816MB
RSS_SAMPLE t=2681.7s rss=4816MB hwm=4816MB
RSS_SAMPLE t=2681.9s rss=4816MB hwm=4816MB
RSS_SAMPLE t=2682.2s rss=4816MB hwm=4816MB
RSS_SAMPLE t=2682.4s rss=4816MB hwm=4816MB
RSS_SAMPLE t=2682.7s rss=4816MB hwm=4816MB
RSS_SAMPLE t=2682.9s rss=4816MB hwm=4816MB
RSS_SAMPLE t=2683.2s rss=4816MB hwm=4816MB
RSS_SAMPLE t=2683.4s rss=4816MB hwm=4816MB
RSS_SAMPLE t=2683.7s rss=4816MB hwm=4816MB
RSS_SAMPLE t=2683.9s rss=4816MB hwm=4816MB
RSS_SAMPLE t=2684.2s rss=4816MB hwm=4816MB
RSS_SAMPLE t=2684.4s rss=4816MB hwm=4816MB
RSS_SAMPLE t=2684.7s rss=4816MB hwm=4816MB
RSS_SAMPLE t=2684.9s rss=4816MB hwm=4816MB
RSS_SAMPLE t=2685.2s rss=4816MB hwm=4816MB
RSS_SAMPLE t=2685.4s rss=4816MB hwm=4816MB
RSS_SAMPLE t=2685.7s rss=4816MB hwm=4816MB
RSS_SAMPLE t=2685.9s rss=4816MB hwm=4816MB
RSS_SAMPLE t=2686.2s rss=4816MB hwm=4816MB
RSS_SAMPLE t=2686.4s rss=4817MB hwm=4817MB
RSS_SAMPLE t=2686.7s rss=4817MB hwm=4817MB
RSS_SAMPLE t=2686.9s rss=4817MB hwm=4817MB
RSS_SAMPLE t=2687.2s rss=4817MB hwm=4817MB
RSS_SAMPLE t=2687.4s rss=4817MB hwm=4817MB
RSS_SAMPLE t=2687.7s rss=4817MB hwm=4817MB
RSS_SAMPLE t=2687.9s rss=4817MB hwm=4817MB
RSS_SAMPLE t=2688.2s rss=4817MB hwm=4817MB
RSS_SAMPLE t=2688.4s rss=4817MB hwm=4817MB
RSS_SAMPLE t=2688.7s rss=4817MB hwm=4817MB
RSS_SAMPLE t=2688.9s rss=4817MB hwm=4817MB
RSS_SAMPLE t=2689.2s rss=4817MB hwm=4817MB
RSS_SAMPLE t=2689.4s rss=4817MB hwm=4817MB
RSS_SAMPLE t=2689.7s rss=4817MB hwm=4817MB
RSS_SAMPLE t=2689.9s rss=4817MB hwm=4817MB
RSS_SAMPLE t=2690.2s rss=4817MB hwm=4817MB
RSS_SAMPLE t=2690.4s rss=4817MB hwm=4817MB
RSS_SAMPLE t=2690.7s rss=4817MB hwm=4817MB
RSS_SAMPLE t=2690.9s rss=4817MB hwm=4817MB
RSS_SAMPLE t=2691.2s rss=4817MB hwm=4817MB
RSS_SAMPLE t=2691.4s rss=4818MB hwm=4818MB
RSS_SAMPLE t=2691.7s rss=4818MB hwm=4818MB
RSS_SAMPLE t=2691.9s rss=4818MB hwm=4818MB
RSS_SAMPLE t=2692.2s rss=4818MB hwm=4818MB
RSS_SAMPLE t=2692.4s rss=4818MB hwm=4818MB
RSS_SAMPLE t=2692.7s rss=4818MB hwm=4818MB
RSS_SAMPLE t=2692.9s rss=4818MB hwm=4818MB
RSS_SAMPLE t=2693.2s rss=4818MB hwm=4818MB
RSS_SAMPLE t=2693.4s rss=4818MB hwm=4818MB
RSS_SAMPLE t=2693.7s rss=4818MB hwm=4818MB
RSS_SAMPLE t=2693.9s rss=4818MB hwm=4818MB
RSS_SAMPLE t=2694.2s rss=4818MB hwm=4818MB
RSS_SAMPLE t=2694.4s rss=4818MB hwm=4818MB
RSS_SAMPLE t=2694.7s rss=4818MB hwm=4818MB
RSS_SAMPLE t=2694.9s rss=4818MB hwm=4818MB
RSS_SAMPLE t=2695.2s rss=4818MB hwm=4818MB
RSS_SAMPLE t=2695.4s rss=4818MB hwm=4818MB
RSS_SAMPLE t=2695.7s rss=4818MB hwm=4818MB
RSS_SAMPLE t=2696.0s rss=4818MB hwm=4818MB
RSS_SAMPLE t=2696.2s rss=4818MB hwm=4818MB
RSS_SAMPLE t=2696.5s rss=4818MB hwm=4818MB
RSS_SAMPLE t=2696.7s rss=4818MB hwm=4818MB
RSS_SAMPLE t=2697.0s rss=4818MB hwm=4818MB
RSS_SAMPLE t=2697.2s rss=4818MB hwm=4818MB
RSS_SAMPLE t=2697.5s rss=4818MB hwm=4818MB
RSS_SAMPLE t=2697.7s rss=4818MB hwm=4818MB
RSS_SAMPLE t=2698.0s rss=4818MB hwm=4818MB
RSS_SAMPLE t=2698.2s rss=4818MB hwm=4818MB
RSS_SAMPLE t=2698.5s rss=4818MB hwm=4818MB
RSS_SAMPLE t=2698.7s rss=4818MB hwm=4818MB
RSS_SAMPLE t=2699.0s rss=4818MB hwm=4818MB
RSS_SAMPLE t=2699.2s rss=4818MB hwm=4818MB
RSS_SAMPLE t=2699.5s rss=4818MB hwm=4818MB
RSS_SAMPLE t=2699.7s rss=4818MB hwm=4818MB
RSS_SAMPLE t=2700.0s rss=4818MB hwm=4818MB
RSS_SAMPLE t=2700.2s rss=4819MB hwm=4819MB
RSS_SAMPLE t=2700.5s rss=4819MB hwm=4819MB
RSS_SAMPLE t=2700.7s rss=4819MB hwm=4819MB
RSS_SAMPLE t=2701.0s rss=4819MB hwm=4819MB
RSS_SAMPLE t=2701.2s rss=4819MB hwm=4819MB
RSS_SAMPLE t=2701.5s rss=4819MB hwm=4819MB
RSS_SAMPLE t=2701.7s rss=4819MB hwm=4819MB
RSS_SAMPLE t=2702.0s rss=4819MB hwm=4819MB
RSS_SAMPLE t=2702.2s rss=4819MB hwm=4819MB
RSS_SAMPLE t=2702.5s rss=4819MB hwm=4819MB
RSS_SAMPLE t=2702.7s rss=4819MB hwm=4819MB
RSS_SAMPLE t=2703.0s rss=4819MB hwm=4819MB
RSS_SAMPLE t=2703.2s rss=4819MB hwm=4819MB
RSS_SAMPLE t=2703.5s rss=4819MB hwm=4819MB
RSS_SAMPLE t=2703.7s rss=4819MB hwm=4819MB
RSS_SAMPLE t=2704.0s rss=4819MB hwm=4819MB
RSS_SAMPLE t=2704.2s rss=4819MB hwm=4819MB
RSS_SAMPLE t=2704.5s rss=4819MB hwm=4819MB
RSS_SAMPLE t=2704.7s rss=4819MB hwm=4819MB
RSS_SAMPLE t=2705.0s rss=4819MB hwm=4819MB
RSS_SAMPLE t=2705.2s rss=4819MB hwm=4819MB
RSS_SAMPLE t=2705.5s rss=4819MB hwm=4819MB
RSS_SAMPLE t=2705.7s rss=4819MB hwm=4819MB
RSS_SAMPLE t=2706.0s rss=4819MB hwm=4819MB
RSS_SAMPLE t=2706.2s rss=4819MB hwm=4819MB
RSS_SAMPLE t=2706.5s rss=4819MB hwm=4819MB
RSS_SAMPLE t=2706.7s rss=4819MB hwm=4819MB
RSS_SAMPLE t=2707.0s rss=4819MB hwm=4819MB
RSS_SAMPLE t=2707.2s rss=4819MB hwm=4819MB
RSS_SAMPLE t=2707.5s rss=4819MB hwm=4819MB
RSS_SAMPLE t=2707.7s rss=4819MB hwm=4819MB
RSS_SAMPLE t=2708.0s rss=4819MB hwm=4819MB
RSS_SAMPLE t=2708.2s rss=4819MB hwm=4819MB
RSS_SAMPLE t=2708.5s rss=4820MB hwm=4820MB
RSS_SAMPLE t=2708.7s rss=4820MB hwm=4820MB
RSS_SAMPLE t=2709.0s rss=4820MB hwm=4820MB
RSS_SAMPLE t=2709.2s rss=4820MB hwm=4820MB
RSS_SAMPLE t=2709.5s rss=4820MB hwm=4820MB
RSS_SAMPLE t=2709.7s rss=4820MB hwm=4820MB
RSS_SAMPLE t=2710.0s rss=4820MB hwm=4820MB
RSS_SAMPLE t=2710.2s rss=4820MB hwm=4820MB
RSS_SAMPLE t=2710.5s rss=4820MB hwm=4820MB
RSS_SAMPLE t=2710.7s rss=4820MB hwm=4820MB
RSS_SAMPLE t=2711.0s rss=4820MB hwm=4820MB
RSS_SAMPLE t=2711.2s rss=4820MB hwm=4820MB
RSS_SAMPLE t=2711.5s rss=4820MB hwm=4820MB
RSS_SAMPLE t=2711.7s rss=4820MB hwm=4820MB
RSS_SAMPLE t=2712.0s rss=4820MB hwm=4820MB
RSS_SAMPLE t=2712.2s rss=4820MB hwm=4820MB
RSS_SAMPLE t=2712.5s rss=4820MB hwm=4820MB
RSS_SAMPLE t=2712.7s rss=4820MB hwm=4820MB
RSS_SAMPLE t=2713.0s rss=4820MB hwm=4820MB
RSS_SAMPLE t=2713.2s rss=4820MB hwm=4820MB
RSS_SAMPLE t=2713.5s rss=4820MB hwm=4820MB
RSS_SAMPLE t=2713.7s rss=4820MB hwm=4820MB
RSS_SAMPLE t=2714.0s rss=4820MB hwm=4820MB
RSS_SAMPLE t=2714.2s rss=4820MB hwm=4820MB
RSS_SAMPLE t=2714.5s rss=4820MB hwm=4820MB
RSS_SAMPLE t=2714.7s rss=4820MB hwm=4820MB
RSS_SAMPLE t=2715.0s rss=4820MB hwm=4820MB
RSS_SAMPLE t=2715.2s rss=4821MB hwm=4821MB
RSS_SAMPLE t=2715.5s rss=4821MB hwm=4821MB
RSS_SAMPLE t=2715.7s rss=4821MB hwm=4821MB
RSS_SAMPLE t=2716.0s rss=4821MB hwm=4821MB
RSS_SAMPLE t=2716.2s rss=4821MB hwm=4821MB
RSS_SAMPLE t=2716.5s rss=4821MB hwm=4821MB
RSS_SAMPLE t=2716.7s rss=4821MB hwm=4821MB
RSS_SAMPLE t=2717.0s rss=4821MB hwm=4821MB
RSS_SAMPLE t=2717.2s rss=4821MB hwm=4821MB
RSS_SAMPLE t=2717.5s rss=4821MB hwm=4821MB
RSS_SAMPLE t=2717.8s rss=4821MB hwm=4821MB
RSS_SAMPLE t=2718.0s rss=4821MB hwm=4821MB
RSS_SAMPLE t=2718.3s rss=4821MB hwm=4821MB
RSS_SAMPLE t=2718.5s rss=4821MB hwm=4821MB
RSS_SAMPLE t=2718.8s rss=4821MB hwm=4821MB
RSS_SAMPLE t=2719.0s rss=4821MB hwm=4821MB
RSS_SAMPLE t=2719.3s rss=4821MB hwm=4821MB
RSS_SAMPLE t=2719.5s rss=4822MB hwm=4822MB
RSS_SAMPLE t=2719.8s rss=4822MB hwm=4822MB
RSS_SAMPLE t=2720.0s rss=4822MB hwm=4822MB
RSS_SAMPLE t=2720.3s rss=4822MB hwm=4822MB
RSS_SAMPLE t=2720.5s rss=4822MB hwm=4822MB
RSS_SAMPLE t=2720.8s rss=4822MB hwm=4822MB
RSS_SAMPLE t=2721.0s rss=4822MB hwm=4822MB
RSS_SAMPLE t=2721.3s rss=4822MB hwm=4822MB
RSS_SAMPLE t=2721.5s rss=4822MB hwm=4822MB
RSS_SAMPLE t=2721.8s rss=4822MB hwm=4822MB
RSS_SAMPLE t=2722.0s rss=4822MB hwm=4822MB
RSS_SAMPLE t=2722.3s rss=4822MB hwm=4822MB
RSS_SAMPLE t=2722.5s rss=4822MB hwm=4822MB
RSS_SAMPLE t=2722.8s rss=4822MB hwm=4822MB
RSS_SAMPLE t=2723.0s rss=4822MB hwm=4822MB
RSS_SAMPLE t=2723.3s rss=4822MB hwm=4822MB
RSS_SAMPLE t=2723.5s rss=4822MB hwm=4822MB
RSS_SAMPLE t=2723.8s rss=4822MB hwm=4822MB
RSS_SAMPLE t=2724.0s rss=4822MB hwm=4822MB
RSS_SAMPLE t=2724.3s rss=4822MB hwm=4822MB
RSS_SAMPLE t=2724.5s rss=4822MB hwm=4822MB
RSS_SAMPLE t=2724.8s rss=4822MB hwm=4822MB
RSS_SAMPLE t=2725.0s rss=4822MB hwm=4822MB
RSS_SAMPLE t=2725.3s rss=4822MB hwm=4822MB
RSS_SAMPLE t=2725.5s rss=4822MB hwm=4822MB
RSS_SAMPLE t=2725.8s rss=4822MB hwm=4822MB
RSS_SAMPLE t=2726.0s rss=4822MB hwm=4822MB
RSS_SAMPLE t=2726.3s rss=4822MB hwm=4822MB
RSS_SAMPLE t=2726.5s rss=4822MB hwm=4822MB
RSS_SAMPLE t=2726.8s rss=4822MB hwm=4822MB
RSS_SAMPLE t=2727.0s rss=4822MB hwm=4822MB
RSS_SAMPLE t=2727.3s rss=4822MB hwm=4822MB
RSS_SAMPLE t=2727.5s rss=4822MB hwm=4822MB
RSS_SAMPLE t=2727.8s rss=4822MB hwm=4822MB
RSS_SAMPLE t=2728.0s rss=4822MB hwm=4822MB
RSS_SAMPLE t=2728.3s rss=4822MB hwm=4822MB
RSS_SAMPLE t=2728.5s rss=4822MB hwm=4822MB
RSS_SAMPLE t=2728.8s rss=4822MB hwm=4822MB
RSS_SAMPLE t=2729.0s rss=4822MB hwm=4822MB
RSS_SAMPLE t=2729.3s rss=4822MB hwm=4822MB
RSS_SAMPLE t=2729.5s rss=4822MB hwm=4822MB
RSS_SAMPLE t=2729.8s rss=4822MB hwm=4822MB
RSS_SAMPLE t=2730.0s rss=4823MB hwm=4823MB
RSS_SAMPLE t=2730.3s rss=4823MB hwm=4823MB
RSS_SAMPLE t=2730.5s rss=4823MB hwm=4823MB
RSS_SAMPLE t=2730.8s rss=4823MB hwm=4823MB
RSS_SAMPLE t=2731.0s rss=4823MB hwm=4823MB
RSS_SAMPLE t=2731.3s rss=4823MB hwm=4823MB
RSS_SAMPLE t=2731.5s rss=4823MB hwm=4823MB
RSS_SAMPLE t=2731.8s rss=4823MB hwm=4823MB
RSS_SAMPLE t=2732.0s rss=4823MB hwm=4823MB
RSS_SAMPLE t=2732.3s rss=4823MB hwm=4823MB
RSS_SAMPLE t=2732.5s rss=4823MB hwm=4823MB
RSS_SAMPLE t=2732.8s rss=4823MB hwm=4823MB
RSS_SAMPLE t=2733.0s rss=4823MB hwm=4823MB
RSS_SAMPLE t=2733.3s rss=4823MB hwm=4823MB
RSS_SAMPLE t=2733.5s rss=4823MB hwm=4823MB
RSS_SAMPLE t=2733.8s rss=4823MB hwm=4823MB
RSS_SAMPLE t=2734.0s rss=4823MB hwm=4823MB
RSS_SAMPLE t=2734.3s rss=4823MB hwm=4823MB
RSS_SAMPLE t=2734.5s rss=4823MB hwm=4823MB
RSS_SAMPLE t=2734.8s rss=4823MB hwm=4823MB
RSS_SAMPLE t=2735.0s rss=4823MB hwm=4823MB
RSS_SAMPLE t=2735.3s rss=4823MB hwm=4823MB
RSS_SAMPLE t=2735.5s rss=4823MB hwm=4823MB
RSS_SAMPLE t=2735.8s rss=4823MB hwm=4823MB
RSS_SAMPLE t=2736.0s rss=4823MB hwm=4823MB
RSS_SAMPLE t=2736.3s rss=4823MB hwm=4823MB
RSS_SAMPLE t=2736.5s rss=4823MB hwm=4823MB
RSS_SAMPLE t=2736.8s rss=4823MB hwm=4823MB
RSS_SAMPLE t=2737.0s rss=4823MB hwm=4823MB
RSS_SAMPLE t=2737.3s rss=4823MB hwm=4823MB
RSS_SAMPLE t=2737.5s rss=4823MB hwm=4823MB
RSS_SAMPLE t=2737.8s rss=4823MB hwm=4823MB
RSS_SAMPLE t=2738.0s rss=4823MB hwm=4823MB
RSS_SAMPLE t=2738.3s rss=4823MB hwm=4823MB
RSS_SAMPLE t=2738.5s rss=4823MB hwm=4823MB
RSS_SAMPLE t=2738.8s rss=4823MB hwm=4823MB
RSS_SAMPLE t=2739.0s rss=4823MB hwm=4823MB
RSS_SAMPLE t=2739.3s rss=4823MB hwm=4823MB
RSS_SAMPLE t=2739.5s rss=4823MB hwm=4823MB
RSS_SAMPLE t=2739.8s rss=4823MB hwm=4823MB
RSS_SAMPLE t=2740.0s rss=4823MB hwm=4823MB
RSS_SAMPLE t=2740.3s rss=4823MB hwm=4823MB
RSS_SAMPLE t=2740.5s rss=4823MB hwm=4823MB
RSS_SAMPLE t=2740.8s rss=4823MB hwm=4823MB
RSS_SAMPLE t=2741.0s rss=4823MB hwm=4823MB
RSS_SAMPLE t=2741.3s rss=4823MB hwm=4823MB
RSS_SAMPLE t=2741.5s rss=4823MB hwm=4823MB
RSS_SAMPLE t=2741.8s rss=4823MB hwm=4823MB
RSS_SAMPLE t=2742.0s rss=4823MB hwm=4823MB
RSS_SAMPLE t=2742.3s rss=4823MB hwm=4823MB
RSS_SAMPLE t=2742.5s rss=4823MB hwm=4823MB
RSS_SAMPLE t=2742.8s rss=4823MB hwm=4823MB
RSS_SAMPLE t=2743.0s rss=4823MB hwm=4823MB
RSS_SAMPLE t=2743.3s rss=4823MB hwm=4823MB
RSS_SAMPLE t=2743.5s rss=4823MB hwm=4823MB
RSS_SAMPLE t=2743.8s rss=4823MB hwm=4823MB
RSS_SAMPLE t=2744.0s rss=4823MB hwm=4823MB
RSS_SAMPLE t=2744.3s rss=4823MB hwm=4823MB
RSS_SAMPLE t=2744.5s rss=4823MB hwm=4823MB
RSS_SAMPLE t=2744.8s rss=4823MB hwm=4823MB
RSS_SAMPLE t=2745.0s rss=4823MB hwm=4823MB
RSS_SAMPLE t=2745.3s rss=4823MB hwm=4823MB
RSS_SAMPLE t=2745.5s rss=4823MB hwm=4823MB
RSS_SAMPLE t=2745.8s rss=4823MB hwm=4823MB
RSS_SAMPLE t=2746.0s rss=4823MB hwm=4823MB
RSS_SAMPLE t=2746.3s rss=4823MB hwm=4823MB
RSS_SAMPLE t=2746.5s rss=4823MB hwm=4823MB
RSS_SAMPLE t=2746.8s rss=4823MB hwm=4823MB
RSS_SAMPLE t=2747.0s rss=4823MB hwm=4823MB
RSS_SAMPLE t=2747.3s rss=4823MB hwm=4823MB
RSS_SAMPLE t=2747.5s rss=4823MB hwm=4823MB
RSS_SAMPLE t=2747.8s rss=4823MB hwm=4823MB
RSS_SAMPLE t=2748.0s rss=4823MB hwm=4823MB
RSS_SAMPLE t=2748.3s rss=4823MB hwm=4823MB
RSS_SAMPLE t=2748.5s rss=4823MB hwm=4823MB
RSS_SAMPLE t=2748.8s rss=4823MB hwm=4823MB
RSS_SAMPLE t=2749.0s rss=4823MB hwm=4823MB
RSS_SAMPLE t=2749.3s rss=4823MB hwm=4823MB
RSS_SAMPLE t=2749.5s rss=4823MB hwm=4823MB
RSS_SAMPLE t=2749.8s rss=4823MB hwm=4823MB
RSS_SAMPLE t=2750.0s rss=4823MB hwm=4823MB
RSS_SAMPLE t=2750.3s rss=4823MB hwm=4823MB
RSS_SAMPLE t=2750.5s rss=4823MB hwm=4823MB
RSS_SAMPLE t=2750.8s rss=4823MB hwm=4823MB
RSS_SAMPLE t=2751.0s rss=4823MB hwm=4823MB
RSS_SAMPLE t=2751.3s rss=4823MB hwm=4823MB
RSS_SAMPLE t=2751.5s rss=4823MB hwm=4823MB
RSS_SAMPLE t=2751.8s rss=4823MB hwm=4823MB
RSS_SAMPLE t=2752.0s rss=4823MB hwm=4823MB
RSS_SAMPLE t=2752.3s rss=4823MB hwm=4823MB
RSS_SAMPLE t=2752.5s rss=4823MB hwm=4823MB
RSS_SAMPLE t=2752.8s rss=4823MB hwm=4823MB
RSS_SAMPLE t=2753.0s rss=4823MB hwm=4823MB
RSS_SAMPLE t=2753.3s rss=4823MB hwm=4823MB
RSS_SAMPLE t=2753.5s rss=4823MB hwm=4823MB
RSS_SAMPLE t=2753.8s rss=4823MB hwm=4823MB
RSS_SAMPLE t=2754.0s rss=4823MB hwm=4823MB
RSS_SAMPLE t=2754.3s rss=4823MB hwm=4823MB
RSS_SAMPLE t=2754.5s rss=4823MB hwm=4823MB
RSS_SAMPLE t=2754.8s rss=4823MB hwm=4823MB
RSS_SAMPLE t=2755.0s rss=4823MB hwm=4823MB
RSS_SAMPLE t=2755.3s rss=4823MB hwm=4823MB
RSS_SAMPLE t=2755.5s rss=4823MB hwm=4823MB
RSS_SAMPLE t=2755.8s rss=4823MB hwm=4823MB
RSS_SAMPLE t=2756.0s rss=4823MB hwm=4823MB
RSS_SAMPLE t=2756.3s rss=4823MB hwm=4823MB
RSS_SAMPLE t=2756.5s rss=4823MB hwm=4823MB
RSS_SAMPLE t=2756.8s rss=4823MB hwm=4823MB
RSS_SAMPLE t=2757.0s rss=4823MB hwm=4823MB
RSS_SAMPLE t=2757.3s rss=4823MB hwm=4823MB
RSS_SAMPLE t=2757.5s rss=4823MB hwm=4823MB
RSS_SAMPLE t=2757.8s rss=4823MB hwm=4823MB
RSS_SAMPLE t=2758.0s rss=4823MB hwm=4823MB
RSS_SAMPLE t=2758.3s rss=4823MB hwm=4823MB
RSS_SAMPLE t=2758.6s rss=4823MB hwm=4823MB
RSS_SAMPLE t=2758.8s rss=4823MB hwm=4823MB
RSS_SAMPLE t=2759.1s rss=4823MB hwm=4823MB
RSS_SAMPLE t=2759.3s rss=4823MB hwm=4823MB
RSS_SAMPLE t=2759.6s rss=4823MB hwm=4823MB
RSS_SAMPLE t=2759.8s rss=4823MB hwm=4823MB
RSS_SAMPLE t=2760.1s rss=4823MB hwm=4823MB
RSS_SAMPLE t=2760.3s rss=4823MB hwm=4823MB
RSS_SAMPLE t=2760.6s rss=4823MB hwm=4823MB
RSS_SAMPLE t=2760.8s rss=4823MB hwm=4823MB
RSS_SAMPLE t=2761.1s rss=4823MB hwm=4823MB
RSS_SAMPLE t=2761.3s rss=4823MB hwm=4823MB
RSS_SAMPLE t=2761.6s rss=4823MB hwm=4823MB
RSS_SAMPLE t=2761.8s rss=4823MB hwm=4823MB
MEM_POOL: workspaces=32 dense_usage_mb=1251 n_pipes=2562403
    post_solve_diag[outer=16]: solves=105117 cap_armed=105117 (100.0%) settle_avg=4536 above_sink_avg=209 (4.6%) settle_max=69353
    load_support[outer=16]: settle_avg=4536 load_nz_avg=3638 (80.2%) load_material_avg=2462 (54.3%)
    prune_ceiling[outer=16]: settle_avg=4536 heuristic_prunable_avg=272 (6.0%) vs oracle_zero_load=19.8%
    settle_hist[outer=16]: <100: 26547nets/0.2%work  <1k: 27723nets/2.1%work  <5k: 24932nets/13.7%work  <20k: 19507nets/42.4%work  <60k: 6338nets/40.6%work  >=60k: 70nets/0.9%work
    fanout_hist[outer=16]: fan1: 43710nets/13.7%work  fan2-4: 48279nets/49.8%work  fan5-16: 12974nets/35.5%work  fan17-64: 154nets/1.0%work  fan65-256: 0nets/0.0%work  fan>256: 0nets/0.0%work
    rss_probe[outer=16]: pre_post_solve=4814MB post_post_solve=4823MB after_apply=4823MB
RSS_SAMPLE t=2762.1s rss=4823MB hwm=4823MB
    E_decomp: base=7662171.3 eff=6245682563510.7 cong=6245674901339.4 cong_share=100.0% sat_pipes=246370 max_util=945.66  R_buckets: 1-2x=1236851 2-10x=174866 10-100x=320569 >=100x=830117
    E_potential: beckmann=40551024006435.6 history_total=0.0
    SpanCache: epoch=17 entries=1945 lookups=2562403 hits=2560458 misses=1945 hit_rate=99.9%
  DCD  16: nets=105117 line=10479394 energy=12479510513.677 dE=+9809174025.057 friction=2963706.3 bins=2.0x(165) excess=54.2 moved=67566 disp=3.902 solves=105117 skip=105117 pops=476789351 theta=3.116 refresh=124997ms dcd=9893ms total=137762ms
    cache_stats: entries=59461650 capacity=127645532 est_mb=1100 rss_mb=4823
RSS_SAMPLE t=2762.3s rss=4823MB hwm=4823MB
RSS_SAMPLE t=2762.6s rss=4823MB hwm=4823MB
RSS_SAMPLE t=2762.8s rss=4823MB hwm=4823MB
RSS_SAMPLE t=2763.1s rss=4823MB hwm=4823MB
RSS_SAMPLE t=2763.3s rss=4823MB hwm=4823MB
RSS_SAMPLE t=2763.6s rss=4823MB hwm=4823MB
RSS_SAMPLE t=2763.8s rss=4823MB hwm=4823MB
RSS_SAMPLE t=2764.1s rss=4823MB hwm=4823MB
RSS_SAMPLE t=2764.3s rss=4823MB hwm=4823MB
RSS_SAMPLE t=2764.6s rss=4823MB hwm=4823MB
    SwitchMatrix: type_usage_pairs=608 lookups=2030 hits=1422 dijkstra_calls=608 avg_us=12.4 total_ms=7.5
RSS_SAMPLE t=2764.8s rss=4823MB hwm=4823MB
PHASE_MARK outer=17 enter=pre_solve rss=4823MB
    rss_probe[outer=17]: pre_refresh_rss=4823MB post_pre_solve_rss=4823MB cache_entries=59461650 cache_cap=127645532 cache_est_mb=1100
    pre_solve_diag[outer=17]: solves=0 fallback=0 (0.0%) cap_armed=0 (0.0%) settle_avg=0 settle_max=0 init_count=248
    Overflow: over=206902 (8.1% of used) avg_excess=1.56 max_excess=3164.97 (nc=3188.97 cap=24 span=1)  excess_buckets: <=1=131925 1-5=63944 5-20=10030 >20=1003  by_cap: cap1=109112 cap2=95085 cap3-5=173 cap>5=2532  by_span: s1=276 s2-3=394 s4-6=2441 s7-12=91945 s>12=111846  le1_cross: cap1=91592 cap2-5=39773 cap>5=560
    Congestion: pipes=2562403 used=2562403 congested(>50%)=560932 saturated(>90%)=246370 max_util=945.66 avg_util=0.3711
PHASE_MARK outer=17 enter=dcd_sweep rss=4823MB
RSS_SAMPLE t=2765.1s rss=4823MB hwm=4823MB
RSS_SAMPLE t=2765.3s rss=4823MB hwm=4823MB
RSS_SAMPLE t=2765.6s rss=4823MB hwm=4823MB
RSS_SAMPLE t=2765.8s rss=4823MB hwm=4823MB
RSS_SAMPLE t=2766.1s rss=4823MB hwm=4823MB
RSS_SAMPLE t=2766.3s rss=4823MB hwm=4823MB
RSS_SAMPLE t=2766.6s rss=4823MB hwm=4823MB
RSS_SAMPLE t=2766.8s rss=4823MB hwm=4823MB
RSS_SAMPLE t=2767.1s rss=4823MB hwm=4823MB
RSS_SAMPLE t=2767.3s rss=4823MB hwm=4823MB
RSS_SAMPLE t=2767.6s rss=4823MB hwm=4823MB
RSS_SAMPLE t=2767.8s rss=4823MB hwm=4823MB
RSS_SAMPLE t=2768.1s rss=4823MB hwm=4823MB
RSS_SAMPLE t=2768.3s rss=4823MB hwm=4823MB
RSS_SAMPLE t=2768.6s rss=4823MB hwm=4823MB
RSS_SAMPLE t=2768.8s rss=4823MB hwm=4823MB
RSS_SAMPLE t=2769.1s rss=4823MB hwm=4823MB
RSS_SAMPLE t=2769.3s rss=4823MB hwm=4823MB
RSS_SAMPLE t=2769.6s rss=4823MB hwm=4823MB
RSS_SAMPLE t=2769.8s rss=4823MB hwm=4823MB
RSS_SAMPLE t=2770.1s rss=4823MB hwm=4823MB
RSS_SAMPLE t=2770.3s rss=4823MB hwm=4823MB
RSS_SAMPLE t=2770.6s rss=4823MB hwm=4823MB
RSS_SAMPLE t=2770.8s rss=4823MB hwm=4823MB
RSS_SAMPLE t=2771.1s rss=4823MB hwm=4823MB
RSS_SAMPLE t=2771.3s rss=4823MB hwm=4823MB
RSS_SAMPLE t=2771.6s rss=4823MB hwm=4823MB
RSS_SAMPLE t=2771.8s rss=4823MB hwm=4823MB
RSS_SAMPLE t=2772.1s rss=4823MB hwm=4823MB
RSS_SAMPLE t=2772.3s rss=4823MB hwm=4823MB
RSS_SAMPLE t=2772.6s rss=4823MB hwm=4823MB
RSS_SAMPLE t=2772.8s rss=4823MB hwm=4823MB
RSS_SAMPLE t=2773.1s rss=4823MB hwm=4823MB
RSS_SAMPLE t=2773.3s rss=4823MB hwm=4823MB
RSS_SAMPLE t=2773.6s rss=4823MB hwm=4823MB
RSS_SAMPLE t=2773.8s rss=4823MB hwm=4823MB
RSS_SAMPLE t=2774.1s rss=4823MB hwm=4823MB
RSS_SAMPLE t=2774.3s rss=4823MB hwm=4823MB
RSS_SAMPLE t=2774.6s rss=4823MB hwm=4823MB
RSS_SAMPLE t=2774.8s rss=4823MB hwm=4823MB
RSS_SAMPLE t=2775.1s rss=4823MB hwm=4823MB
RSS_SAMPLE t=2775.3s rss=4823MB hwm=4823MB
RSS_SAMPLE t=2775.6s rss=4823MB hwm=4823MB
RSS_SAMPLE t=2775.8s rss=4823MB hwm=4823MB
RSS_SAMPLE t=2776.1s rss=4823MB hwm=4823MB
RSS_SAMPLE t=2776.3s rss=4823MB hwm=4823MB
PHASE_MARK outer=17 leave=dcd_sweep rss=4823MB
PHASE_MARK outer=17 enter=post_refresh rss=4823MB
RSS_SAMPLE t=2776.6s rss=4823MB hwm=4823MB
RSS_SAMPLE t=2776.8s rss=4823MB hwm=4823MB
RSS_SAMPLE t=2777.1s rss=4823MB hwm=4823MB
RSS_SAMPLE t=2777.3s rss=4823MB hwm=4823MB
RSS_SAMPLE t=2777.6s rss=4823MB hwm=4823MB
RSS_SAMPLE t=2777.8s rss=4823MB hwm=4823MB
RSS_SAMPLE t=2778.1s rss=4823MB hwm=4823MB
RSS_SAMPLE t=2778.3s rss=4823MB hwm=4823MB
RSS_SAMPLE t=2778.6s rss=4823MB hwm=4823MB
RSS_SAMPLE t=2778.8s rss=4823MB hwm=4823MB
RSS_SAMPLE t=2779.1s rss=4823MB hwm=4823MB
RSS_SAMPLE t=2779.3s rss=4823MB hwm=4823MB
RSS_SAMPLE t=2779.6s rss=4823MB hwm=4823MB
RSS_SAMPLE t=2779.8s rss=4823MB hwm=4823MB
RSS_SAMPLE t=2780.1s rss=4823MB hwm=4823MB
RSS_SAMPLE t=2780.3s rss=4823MB hwm=4823MB
RSS_SAMPLE t=2780.6s rss=4823MB hwm=4823MB
RSS_SAMPLE t=2780.8s rss=4823MB hwm=4823MB
RSS_SAMPLE t=2781.1s rss=4823MB hwm=4823MB
RSS_SAMPLE t=2781.3s rss=4823MB hwm=4823MB
RSS_SAMPLE t=2781.6s rss=4823MB hwm=4823MB
RSS_SAMPLE t=2781.8s rss=4823MB hwm=4823MB
RSS_SAMPLE t=2782.1s rss=4823MB hwm=4823MB
RSS_SAMPLE t=2782.3s rss=4823MB hwm=4823MB
RSS_SAMPLE t=2782.6s rss=4823MB hwm=4823MB
RSS_SAMPLE t=2782.8s rss=4823MB hwm=4823MB
RSS_SAMPLE t=2783.1s rss=4823MB hwm=4823MB
RSS_SAMPLE t=2783.3s rss=4823MB hwm=4823MB
RSS_SAMPLE t=2783.6s rss=4823MB hwm=4823MB
RSS_SAMPLE t=2783.8s rss=4823MB hwm=4823MB
RSS_SAMPLE t=2784.1s rss=4823MB hwm=4823MB
RSS_SAMPLE t=2784.3s rss=4823MB hwm=4823MB
RSS_SAMPLE t=2784.6s rss=4823MB hwm=4823MB
RSS_SAMPLE t=2784.8s rss=4823MB hwm=4823MB
RSS_SAMPLE t=2785.1s rss=4823MB hwm=4823MB
RSS_SAMPLE t=2785.3s rss=4823MB hwm=4823MB
RSS_SAMPLE t=2785.6s rss=4823MB hwm=4823MB
RSS_SAMPLE t=2785.8s rss=4823MB hwm=4823MB
RSS_SAMPLE t=2786.1s rss=4823MB hwm=4823MB
RSS_SAMPLE t=2786.3s rss=4823MB hwm=4823MB
RSS_SAMPLE t=2786.6s rss=4823MB hwm=4823MB
RSS_SAMPLE t=2786.8s rss=4824MB hwm=4824MB
RSS_SAMPLE t=2787.1s rss=4824MB hwm=4824MB
RSS_SAMPLE t=2787.3s rss=4824MB hwm=4824MB
RSS_SAMPLE t=2787.6s rss=4824MB hwm=4824MB
RSS_SAMPLE t=2787.8s rss=4824MB hwm=4824MB
RSS_SAMPLE t=2788.1s rss=4824MB hwm=4824MB
RSS_SAMPLE t=2788.3s rss=4824MB hwm=4824MB
RSS_SAMPLE t=2788.6s rss=4824MB hwm=4824MB
RSS_SAMPLE t=2788.8s rss=4824MB hwm=4824MB
RSS_SAMPLE t=2789.1s rss=4824MB hwm=4824MB
RSS_SAMPLE t=2789.3s rss=4824MB hwm=4824MB
RSS_SAMPLE t=2789.6s rss=4824MB hwm=4824MB
RSS_SAMPLE t=2789.9s rss=4824MB hwm=4824MB
RSS_SAMPLE t=2790.1s rss=4824MB hwm=4824MB
RSS_SAMPLE t=2790.4s rss=4824MB hwm=4824MB
RSS_SAMPLE t=2790.6s rss=4824MB hwm=4824MB
RSS_SAMPLE t=2790.9s rss=4824MB hwm=4824MB
RSS_SAMPLE t=2791.1s rss=4824MB hwm=4824MB
RSS_SAMPLE t=2791.4s rss=4824MB hwm=4824MB
RSS_SAMPLE t=2791.6s rss=4824MB hwm=4824MB
RSS_SAMPLE t=2791.9s rss=4824MB hwm=4824MB
RSS_SAMPLE t=2792.1s rss=4824MB hwm=4824MB
RSS_SAMPLE t=2792.4s rss=4824MB hwm=4824MB
RSS_SAMPLE t=2792.6s rss=4824MB hwm=4824MB
RSS_SAMPLE t=2792.9s rss=4824MB hwm=4824MB
RSS_SAMPLE t=2793.1s rss=4824MB hwm=4824MB
RSS_SAMPLE t=2793.4s rss=4824MB hwm=4824MB
RSS_SAMPLE t=2793.6s rss=4824MB hwm=4824MB
RSS_SAMPLE t=2793.9s rss=4824MB hwm=4824MB
RSS_SAMPLE t=2794.1s rss=4824MB hwm=4824MB
RSS_SAMPLE t=2794.4s rss=4824MB hwm=4824MB
RSS_SAMPLE t=2794.6s rss=4824MB hwm=4824MB
RSS_SAMPLE t=2794.9s rss=4824MB hwm=4824MB
RSS_SAMPLE t=2795.1s rss=4824MB hwm=4824MB
RSS_SAMPLE t=2795.4s rss=4824MB hwm=4824MB
RSS_SAMPLE t=2795.6s rss=4824MB hwm=4824MB
RSS_SAMPLE t=2795.9s rss=4824MB hwm=4824MB
RSS_SAMPLE t=2796.1s rss=4824MB hwm=4824MB
RSS_SAMPLE t=2796.4s rss=4824MB hwm=4824MB
RSS_SAMPLE t=2796.6s rss=4824MB hwm=4824MB
RSS_SAMPLE t=2796.9s rss=4824MB hwm=4824MB
RSS_SAMPLE t=2797.1s rss=4824MB hwm=4824MB
RSS_SAMPLE t=2797.4s rss=4824MB hwm=4824MB
RSS_SAMPLE t=2797.6s rss=4824MB hwm=4824MB
RSS_SAMPLE t=2797.9s rss=4824MB hwm=4824MB
RSS_SAMPLE t=2798.1s rss=4824MB hwm=4824MB
RSS_SAMPLE t=2798.4s rss=4824MB hwm=4824MB
RSS_SAMPLE t=2798.6s rss=4824MB hwm=4824MB
RSS_SAMPLE t=2798.9s rss=4824MB hwm=4824MB
RSS_SAMPLE t=2799.1s rss=4824MB hwm=4824MB
RSS_SAMPLE t=2799.4s rss=4824MB hwm=4824MB
RSS_SAMPLE t=2799.6s rss=4824MB hwm=4824MB
RSS_SAMPLE t=2799.9s rss=4824MB hwm=4824MB
RSS_SAMPLE t=2800.1s rss=4824MB hwm=4824MB
RSS_SAMPLE t=2800.4s rss=4824MB hwm=4824MB
RSS_SAMPLE t=2800.6s rss=4824MB hwm=4824MB
RSS_SAMPLE t=2800.9s rss=4824MB hwm=4824MB
RSS_SAMPLE t=2801.1s rss=4824MB hwm=4824MB
RSS_SAMPLE t=2801.4s rss=4824MB hwm=4824MB
RSS_SAMPLE t=2801.6s rss=4824MB hwm=4824MB
RSS_SAMPLE t=2801.9s rss=4824MB hwm=4824MB
RSS_SAMPLE t=2802.1s rss=4824MB hwm=4824MB
RSS_SAMPLE t=2802.4s rss=4824MB hwm=4824MB
RSS_SAMPLE t=2802.6s rss=4824MB hwm=4824MB
RSS_SAMPLE t=2802.9s rss=4824MB hwm=4824MB
RSS_SAMPLE t=2803.1s rss=4824MB hwm=4824MB
RSS_SAMPLE t=2803.4s rss=4824MB hwm=4824MB
RSS_SAMPLE t=2803.6s rss=4824MB hwm=4824MB
RSS_SAMPLE t=2803.9s rss=4824MB hwm=4824MB
RSS_SAMPLE t=2804.1s rss=4824MB hwm=4824MB
RSS_SAMPLE t=2804.4s rss=4824MB hwm=4824MB
RSS_SAMPLE t=2804.6s rss=4824MB hwm=4824MB
RSS_SAMPLE t=2804.9s rss=4824MB hwm=4824MB
RSS_SAMPLE t=2805.1s rss=4824MB hwm=4824MB
RSS_SAMPLE t=2805.4s rss=4824MB hwm=4824MB
RSS_SAMPLE t=2805.6s rss=4824MB hwm=4824MB
RSS_SAMPLE t=2805.9s rss=4824MB hwm=4824MB
RSS_SAMPLE t=2806.1s rss=4824MB hwm=4824MB
RSS_SAMPLE t=2806.4s rss=4824MB hwm=4824MB
RSS_SAMPLE t=2806.6s rss=4824MB hwm=4824MB
RSS_SAMPLE t=2806.9s rss=4824MB hwm=4824MB
RSS_SAMPLE t=2807.1s rss=4824MB hwm=4824MB
RSS_SAMPLE t=2807.4s rss=4824MB hwm=4824MB
RSS_SAMPLE t=2807.6s rss=4824MB hwm=4824MB
RSS_SAMPLE t=2807.9s rss=4824MB hwm=4824MB
RSS_SAMPLE t=2808.1s rss=4824MB hwm=4824MB
RSS_SAMPLE t=2808.4s rss=4824MB hwm=4824MB
RSS_SAMPLE t=2808.6s rss=4824MB hwm=4824MB
RSS_SAMPLE t=2808.9s rss=4824MB hwm=4824MB
RSS_SAMPLE t=2809.1s rss=4824MB hwm=4824MB
RSS_SAMPLE t=2809.4s rss=4824MB hwm=4824MB
RSS_SAMPLE t=2809.6s rss=4824MB hwm=4824MB
RSS_SAMPLE t=2809.9s rss=4824MB hwm=4824MB
RSS_SAMPLE t=2810.1s rss=4824MB hwm=4824MB
RSS_SAMPLE t=2810.4s rss=4824MB hwm=4824MB
RSS_SAMPLE t=2810.6s rss=4824MB hwm=4824MB
RSS_SAMPLE t=2810.9s rss=4824MB hwm=4824MB
RSS_SAMPLE t=2811.2s rss=4824MB hwm=4824MB
RSS_SAMPLE t=2811.4s rss=4824MB hwm=4824MB
RSS_SAMPLE t=2811.7s rss=4824MB hwm=4824MB
RSS_SAMPLE t=2811.9s rss=4824MB hwm=4824MB
RSS_SAMPLE t=2812.2s rss=4824MB hwm=4824MB
RSS_SAMPLE t=2812.4s rss=4824MB hwm=4824MB
RSS_SAMPLE t=2812.7s rss=4824MB hwm=4824MB
RSS_SAMPLE t=2812.9s rss=4824MB hwm=4824MB
RSS_SAMPLE t=2813.2s rss=4824MB hwm=4824MB
RSS_SAMPLE t=2813.4s rss=4824MB hwm=4824MB
RSS_SAMPLE t=2813.7s rss=4824MB hwm=4824MB
RSS_SAMPLE t=2813.9s rss=4824MB hwm=4824MB
RSS_SAMPLE t=2814.2s rss=4824MB hwm=4824MB
RSS_SAMPLE t=2814.4s rss=4824MB hwm=4824MB
RSS_SAMPLE t=2814.7s rss=4824MB hwm=4824MB
RSS_SAMPLE t=2814.9s rss=4824MB hwm=4824MB
RSS_SAMPLE t=2815.2s rss=4824MB hwm=4824MB
RSS_SAMPLE t=2815.4s rss=4824MB hwm=4824MB
RSS_SAMPLE t=2815.7s rss=4824MB hwm=4824MB
RSS_SAMPLE t=2815.9s rss=4824MB hwm=4824MB
RSS_SAMPLE t=2816.2s rss=4824MB hwm=4824MB
RSS_SAMPLE t=2816.4s rss=4824MB hwm=4824MB
RSS_SAMPLE t=2816.7s rss=4824MB hwm=4824MB
RSS_SAMPLE t=2816.9s rss=4824MB hwm=4824MB
RSS_SAMPLE t=2817.2s rss=4824MB hwm=4824MB
RSS_SAMPLE t=2817.4s rss=4824MB hwm=4824MB
RSS_SAMPLE t=2817.7s rss=4824MB hwm=4824MB
RSS_SAMPLE t=2817.9s rss=4824MB hwm=4824MB
RSS_SAMPLE t=2818.2s rss=4824MB hwm=4824MB
RSS_SAMPLE t=2818.4s rss=4824MB hwm=4824MB
RSS_SAMPLE t=2818.7s rss=4824MB hwm=4824MB
RSS_SAMPLE t=2818.9s rss=4824MB hwm=4824MB
RSS_SAMPLE t=2819.2s rss=4824MB hwm=4824MB
RSS_SAMPLE t=2819.4s rss=4824MB hwm=4824MB
RSS_SAMPLE t=2819.7s rss=4824MB hwm=4824MB
RSS_SAMPLE t=2819.9s rss=4824MB hwm=4824MB
RSS_SAMPLE t=2820.2s rss=4824MB hwm=4824MB
RSS_SAMPLE t=2820.4s rss=4824MB hwm=4824MB
RSS_SAMPLE t=2820.7s rss=4824MB hwm=4824MB
RSS_SAMPLE t=2820.9s rss=4824MB hwm=4824MB
RSS_SAMPLE t=2821.2s rss=4824MB hwm=4824MB
RSS_SAMPLE t=2821.4s rss=4824MB hwm=4824MB
RSS_SAMPLE t=2821.7s rss=4824MB hwm=4824MB
RSS_SAMPLE t=2821.9s rss=4824MB hwm=4824MB
RSS_SAMPLE t=2822.2s rss=4824MB hwm=4824MB
RSS_SAMPLE t=2822.4s rss=4824MB hwm=4824MB
RSS_SAMPLE t=2822.7s rss=4824MB hwm=4824MB
RSS_SAMPLE t=2822.9s rss=4824MB hwm=4824MB
RSS_SAMPLE t=2823.2s rss=4824MB hwm=4824MB
RSS_SAMPLE t=2823.4s rss=4824MB hwm=4824MB
RSS_SAMPLE t=2823.7s rss=4824MB hwm=4824MB
RSS_SAMPLE t=2823.9s rss=4824MB hwm=4824MB
RSS_SAMPLE t=2824.2s rss=4824MB hwm=4824MB
RSS_SAMPLE t=2824.4s rss=4824MB hwm=4824MB
RSS_SAMPLE t=2824.7s rss=4824MB hwm=4824MB
RSS_SAMPLE t=2824.9s rss=4824MB hwm=4824MB
RSS_SAMPLE t=2825.2s rss=4824MB hwm=4824MB
RSS_SAMPLE t=2825.4s rss=4824MB hwm=4824MB
RSS_SAMPLE t=2825.7s rss=4824MB hwm=4824MB
RSS_SAMPLE t=2825.9s rss=4824MB hwm=4824MB
RSS_SAMPLE t=2826.2s rss=4824MB hwm=4824MB
RSS_SAMPLE t=2826.4s rss=4824MB hwm=4824MB
RSS_SAMPLE t=2826.7s rss=4824MB hwm=4824MB
RSS_SAMPLE t=2826.9s rss=4824MB hwm=4824MB
RSS_SAMPLE t=2827.2s rss=4824MB hwm=4824MB
RSS_SAMPLE t=2827.4s rss=4824MB hwm=4824MB
RSS_SAMPLE t=2827.7s rss=4824MB hwm=4824MB
RSS_SAMPLE t=2827.9s rss=4824MB hwm=4824MB
RSS_SAMPLE t=2828.2s rss=4824MB hwm=4824MB
RSS_SAMPLE t=2828.4s rss=4824MB hwm=4824MB
RSS_SAMPLE t=2828.7s rss=4824MB hwm=4824MB
RSS_SAMPLE t=2828.9s rss=4824MB hwm=4824MB
RSS_SAMPLE t=2829.2s rss=4824MB hwm=4824MB
RSS_SAMPLE t=2829.4s rss=4824MB hwm=4824MB
RSS_SAMPLE t=2829.7s rss=4824MB hwm=4824MB
RSS_SAMPLE t=2829.9s rss=4824MB hwm=4824MB
RSS_SAMPLE t=2830.2s rss=4824MB hwm=4824MB
RSS_SAMPLE t=2830.4s rss=4824MB hwm=4824MB
RSS_SAMPLE t=2830.7s rss=4824MB hwm=4824MB
RSS_SAMPLE t=2830.9s rss=4824MB hwm=4824MB
RSS_SAMPLE t=2831.2s rss=4824MB hwm=4824MB
RSS_SAMPLE t=2831.4s rss=4824MB hwm=4824MB
RSS_SAMPLE t=2831.7s rss=4824MB hwm=4824MB
RSS_SAMPLE t=2832.0s rss=4824MB hwm=4824MB
RSS_SAMPLE t=2832.2s rss=4824MB hwm=4824MB
RSS_SAMPLE t=2832.5s rss=4824MB hwm=4824MB
RSS_SAMPLE t=2832.7s rss=4824MB hwm=4824MB
RSS_SAMPLE t=2833.0s rss=4824MB hwm=4824MB
RSS_SAMPLE t=2833.2s rss=4824MB hwm=4824MB
RSS_SAMPLE t=2833.5s rss=4824MB hwm=4824MB
RSS_SAMPLE t=2833.7s rss=4824MB hwm=4824MB
RSS_SAMPLE t=2834.0s rss=4824MB hwm=4824MB
RSS_SAMPLE t=2834.2s rss=4824MB hwm=4824MB
RSS_SAMPLE t=2834.5s rss=4824MB hwm=4824MB
RSS_SAMPLE t=2834.7s rss=4824MB hwm=4824MB
RSS_SAMPLE t=2835.0s rss=4824MB hwm=4824MB
RSS_SAMPLE t=2835.2s rss=4824MB hwm=4824MB
RSS_SAMPLE t=2835.5s rss=4824MB hwm=4824MB
RSS_SAMPLE t=2835.7s rss=4824MB hwm=4824MB
RSS_SAMPLE t=2836.0s rss=4824MB hwm=4824MB
RSS_SAMPLE t=2836.2s rss=4824MB hwm=4824MB
RSS_SAMPLE t=2836.5s rss=4824MB hwm=4824MB
RSS_SAMPLE t=2836.7s rss=4824MB hwm=4824MB
RSS_SAMPLE t=2837.0s rss=4824MB hwm=4824MB
RSS_SAMPLE t=2837.2s rss=4824MB hwm=4824MB
RSS_SAMPLE t=2837.5s rss=4824MB hwm=4824MB
RSS_SAMPLE t=2837.7s rss=4824MB hwm=4824MB
RSS_SAMPLE t=2838.0s rss=4824MB hwm=4824MB
RSS_SAMPLE t=2838.2s rss=4824MB hwm=4824MB
RSS_SAMPLE t=2838.5s rss=4824MB hwm=4824MB
RSS_SAMPLE t=2838.7s rss=4824MB hwm=4824MB
RSS_SAMPLE t=2839.0s rss=4824MB hwm=4824MB
RSS_SAMPLE t=2839.2s rss=4824MB hwm=4824MB
RSS_SAMPLE t=2839.5s rss=4824MB hwm=4824MB
RSS_SAMPLE t=2839.7s rss=4824MB hwm=4824MB
RSS_SAMPLE t=2840.0s rss=4824MB hwm=4824MB
RSS_SAMPLE t=2840.2s rss=4824MB hwm=4824MB
RSS_SAMPLE t=2840.5s rss=4824MB hwm=4824MB
RSS_SAMPLE t=2840.7s rss=4824MB hwm=4824MB
RSS_SAMPLE t=2841.0s rss=4824MB hwm=4824MB
RSS_SAMPLE t=2841.2s rss=4824MB hwm=4824MB
RSS_SAMPLE t=2841.5s rss=4824MB hwm=4824MB
RSS_SAMPLE t=2841.7s rss=4824MB hwm=4824MB
RSS_SAMPLE t=2842.0s rss=4824MB hwm=4824MB
RSS_SAMPLE t=2842.2s rss=4824MB hwm=4824MB
RSS_SAMPLE t=2842.5s rss=4824MB hwm=4824MB
RSS_SAMPLE t=2842.7s rss=4824MB hwm=4824MB
RSS_SAMPLE t=2843.0s rss=4824MB hwm=4824MB
RSS_SAMPLE t=2843.2s rss=4824MB hwm=4824MB
RSS_SAMPLE t=2843.5s rss=4824MB hwm=4824MB
RSS_SAMPLE t=2843.7s rss=4824MB hwm=4824MB
RSS_SAMPLE t=2844.0s rss=4824MB hwm=4824MB
RSS_SAMPLE t=2844.2s rss=4824MB hwm=4824MB
RSS_SAMPLE t=2844.5s rss=4824MB hwm=4824MB
RSS_SAMPLE t=2844.7s rss=4824MB hwm=4824MB
RSS_SAMPLE t=2845.0s rss=4824MB hwm=4824MB
RSS_SAMPLE t=2845.2s rss=4824MB hwm=4824MB
RSS_SAMPLE t=2845.5s rss=4824MB hwm=4824MB
RSS_SAMPLE t=2845.7s rss=4824MB hwm=4824MB
RSS_SAMPLE t=2846.0s rss=4824MB hwm=4824MB
RSS_SAMPLE t=2846.2s rss=4824MB hwm=4824MB
RSS_SAMPLE t=2846.5s rss=4824MB hwm=4824MB
RSS_SAMPLE t=2846.7s rss=4824MB hwm=4824MB
RSS_SAMPLE t=2847.0s rss=4824MB hwm=4824MB
RSS_SAMPLE t=2847.2s rss=4824MB hwm=4824MB
RSS_SAMPLE t=2847.5s rss=4824MB hwm=4824MB
RSS_SAMPLE t=2847.7s rss=4824MB hwm=4824MB
RSS_SAMPLE t=2848.0s rss=4824MB hwm=4824MB
RSS_SAMPLE t=2848.2s rss=4824MB hwm=4824MB
RSS_SAMPLE t=2848.5s rss=4824MB hwm=4824MB
RSS_SAMPLE t=2848.7s rss=4824MB hwm=4824MB
RSS_SAMPLE t=2849.0s rss=4824MB hwm=4824MB
RSS_SAMPLE t=2849.2s rss=4824MB hwm=4824MB
RSS_SAMPLE t=2849.5s rss=4824MB hwm=4824MB
RSS_SAMPLE t=2849.7s rss=4824MB hwm=4824MB
RSS_SAMPLE t=2850.0s rss=4824MB hwm=4824MB
RSS_SAMPLE t=2850.2s rss=4824MB hwm=4824MB
RSS_SAMPLE t=2850.5s rss=4824MB hwm=4824MB
RSS_SAMPLE t=2850.7s rss=4824MB hwm=4824MB
RSS_SAMPLE t=2851.0s rss=4824MB hwm=4824MB
RSS_SAMPLE t=2851.3s rss=4824MB hwm=4824MB
RSS_SAMPLE t=2851.5s rss=4824MB hwm=4824MB
RSS_SAMPLE t=2851.8s rss=4824MB hwm=4824MB
RSS_SAMPLE t=2852.0s rss=4824MB hwm=4824MB
RSS_SAMPLE t=2852.3s rss=4824MB hwm=4824MB
RSS_SAMPLE t=2852.5s rss=4824MB hwm=4824MB
RSS_SAMPLE t=2852.8s rss=4824MB hwm=4824MB
RSS_SAMPLE t=2853.0s rss=4824MB hwm=4824MB
RSS_SAMPLE t=2853.3s rss=4824MB hwm=4824MB
RSS_SAMPLE t=2853.5s rss=4824MB hwm=4824MB
RSS_SAMPLE t=2853.8s rss=4824MB hwm=4824MB
RSS_SAMPLE t=2854.0s rss=4824MB hwm=4824MB
RSS_SAMPLE t=2854.3s rss=4824MB hwm=4824MB
RSS_SAMPLE t=2854.5s rss=4824MB hwm=4824MB
RSS_SAMPLE t=2854.8s rss=4824MB hwm=4824MB
RSS_SAMPLE t=2855.0s rss=4824MB hwm=4824MB
RSS_SAMPLE t=2855.3s rss=4824MB hwm=4824MB
RSS_SAMPLE t=2855.5s rss=4824MB hwm=4824MB
RSS_SAMPLE t=2855.8s rss=4824MB hwm=4824MB
RSS_SAMPLE t=2856.0s rss=4824MB hwm=4824MB
RSS_SAMPLE t=2856.3s rss=4824MB hwm=4824MB
RSS_SAMPLE t=2856.5s rss=4824MB hwm=4824MB
RSS_SAMPLE t=2856.8s rss=4824MB hwm=4824MB
RSS_SAMPLE t=2857.0s rss=4824MB hwm=4824MB
RSS_SAMPLE t=2857.3s rss=4824MB hwm=4824MB
RSS_SAMPLE t=2857.5s rss=4824MB hwm=4824MB
RSS_SAMPLE t=2857.8s rss=4824MB hwm=4824MB
RSS_SAMPLE t=2858.0s rss=4824MB hwm=4824MB
RSS_SAMPLE t=2858.3s rss=4824MB hwm=4824MB
RSS_SAMPLE t=2858.5s rss=4824MB hwm=4824MB
RSS_SAMPLE t=2858.8s rss=4824MB hwm=4824MB
RSS_SAMPLE t=2859.0s rss=4824MB hwm=4824MB
RSS_SAMPLE t=2859.3s rss=4824MB hwm=4824MB
RSS_SAMPLE t=2859.5s rss=4824MB hwm=4824MB
RSS_SAMPLE t=2859.8s rss=4824MB hwm=4824MB
RSS_SAMPLE t=2860.0s rss=4824MB hwm=4824MB
RSS_SAMPLE t=2860.3s rss=4824MB hwm=4824MB
RSS_SAMPLE t=2860.5s rss=4824MB hwm=4824MB
RSS_SAMPLE t=2860.8s rss=4824MB hwm=4824MB
RSS_SAMPLE t=2861.0s rss=4824MB hwm=4824MB
RSS_SAMPLE t=2861.3s rss=4824MB hwm=4824MB
RSS_SAMPLE t=2861.5s rss=4824MB hwm=4824MB
RSS_SAMPLE t=2861.8s rss=4824MB hwm=4824MB
RSS_SAMPLE t=2862.0s rss=4824MB hwm=4824MB
RSS_SAMPLE t=2862.3s rss=4824MB hwm=4824MB
RSS_SAMPLE t=2862.5s rss=4824MB hwm=4824MB
RSS_SAMPLE t=2862.8s rss=4824MB hwm=4824MB
RSS_SAMPLE t=2863.0s rss=4824MB hwm=4824MB
RSS_SAMPLE t=2863.3s rss=4824MB hwm=4824MB
RSS_SAMPLE t=2863.5s rss=4824MB hwm=4824MB
RSS_SAMPLE t=2863.8s rss=4824MB hwm=4824MB
RSS_SAMPLE t=2864.0s rss=4824MB hwm=4824MB
RSS_SAMPLE t=2864.3s rss=4824MB hwm=4824MB
RSS_SAMPLE t=2864.5s rss=4824MB hwm=4824MB
RSS_SAMPLE t=2864.8s rss=4824MB hwm=4824MB
RSS_SAMPLE t=2865.0s rss=4824MB hwm=4824MB
RSS_SAMPLE t=2865.3s rss=4824MB hwm=4824MB
RSS_SAMPLE t=2865.5s rss=4824MB hwm=4824MB
RSS_SAMPLE t=2865.8s rss=4824MB hwm=4824MB
RSS_SAMPLE t=2866.0s rss=4824MB hwm=4824MB
RSS_SAMPLE t=2866.3s rss=4824MB hwm=4824MB
RSS_SAMPLE t=2866.5s rss=4824MB hwm=4824MB
RSS_SAMPLE t=2866.8s rss=4824MB hwm=4824MB
RSS_SAMPLE t=2867.0s rss=4824MB hwm=4824MB
RSS_SAMPLE t=2867.3s rss=4824MB hwm=4824MB
RSS_SAMPLE t=2867.5s rss=4824MB hwm=4824MB
RSS_SAMPLE t=2867.8s rss=4824MB hwm=4824MB
RSS_SAMPLE t=2868.0s rss=4824MB hwm=4824MB
RSS_SAMPLE t=2868.3s rss=4824MB hwm=4824MB
RSS_SAMPLE t=2868.5s rss=4824MB hwm=4824MB
RSS_SAMPLE t=2868.8s rss=4824MB hwm=4824MB
RSS_SAMPLE t=2869.0s rss=4824MB hwm=4824MB
RSS_SAMPLE t=2869.3s rss=4824MB hwm=4824MB
RSS_SAMPLE t=2869.5s rss=4824MB hwm=4824MB
RSS_SAMPLE t=2869.8s rss=4824MB hwm=4824MB
RSS_SAMPLE t=2870.0s rss=4824MB hwm=4824MB
RSS_SAMPLE t=2870.3s rss=4824MB hwm=4824MB
RSS_SAMPLE t=2870.5s rss=4824MB hwm=4824MB
RSS_SAMPLE t=2870.8s rss=4824MB hwm=4824MB
RSS_SAMPLE t=2871.0s rss=4824MB hwm=4824MB
RSS_SAMPLE t=2871.3s rss=4824MB hwm=4824MB
RSS_SAMPLE t=2871.5s rss=4824MB hwm=4824MB
RSS_SAMPLE t=2871.8s rss=4824MB hwm=4824MB
RSS_SAMPLE t=2872.0s rss=4824MB hwm=4824MB
RSS_SAMPLE t=2872.3s rss=4824MB hwm=4824MB
RSS_SAMPLE t=2872.5s rss=4824MB hwm=4824MB
RSS_SAMPLE t=2872.8s rss=4824MB hwm=4824MB
RSS_SAMPLE t=2873.0s rss=4824MB hwm=4824MB
RSS_SAMPLE t=2873.3s rss=4824MB hwm=4824MB
RSS_SAMPLE t=2873.5s rss=4824MB hwm=4824MB
RSS_SAMPLE t=2873.8s rss=4824MB hwm=4824MB
RSS_SAMPLE t=2874.0s rss=4824MB hwm=4824MB
RSS_SAMPLE t=2874.3s rss=4824MB hwm=4824MB
RSS_SAMPLE t=2874.5s rss=4824MB hwm=4824MB
RSS_SAMPLE t=2874.8s rss=4824MB hwm=4824MB
RSS_SAMPLE t=2875.0s rss=4824MB hwm=4824MB
RSS_SAMPLE t=2875.3s rss=4824MB hwm=4824MB
RSS_SAMPLE t=2875.5s rss=4824MB hwm=4824MB
RSS_SAMPLE t=2875.8s rss=4824MB hwm=4824MB
RSS_SAMPLE t=2876.0s rss=4824MB hwm=4824MB
RSS_SAMPLE t=2876.3s rss=4824MB hwm=4824MB
RSS_SAMPLE t=2876.5s rss=4824MB hwm=4824MB
RSS_SAMPLE t=2876.8s rss=4824MB hwm=4824MB
RSS_SAMPLE t=2877.0s rss=4824MB hwm=4824MB
RSS_SAMPLE t=2877.3s rss=4824MB hwm=4824MB
RSS_SAMPLE t=2877.5s rss=4824MB hwm=4824MB
RSS_SAMPLE t=2877.8s rss=4824MB hwm=4824MB
RSS_SAMPLE t=2878.0s rss=4824MB hwm=4824MB
RSS_SAMPLE t=2878.3s rss=4824MB hwm=4824MB
RSS_SAMPLE t=2878.5s rss=4824MB hwm=4824MB
RSS_SAMPLE t=2878.8s rss=4824MB hwm=4824MB
RSS_SAMPLE t=2879.1s rss=4824MB hwm=4824MB
RSS_SAMPLE t=2879.3s rss=4824MB hwm=4824MB
RSS_SAMPLE t=2879.6s rss=4824MB hwm=4824MB
RSS_SAMPLE t=2879.8s rss=4824MB hwm=4824MB
RSS_SAMPLE t=2880.1s rss=4824MB hwm=4824MB
RSS_SAMPLE t=2880.3s rss=4824MB hwm=4824MB
RSS_SAMPLE t=2880.6s rss=4824MB hwm=4824MB
RSS_SAMPLE t=2880.8s rss=4824MB hwm=4824MB
RSS_SAMPLE t=2881.1s rss=4824MB hwm=4824MB
RSS_SAMPLE t=2881.3s rss=4824MB hwm=4824MB
RSS_SAMPLE t=2881.6s rss=4824MB hwm=4824MB
RSS_SAMPLE t=2881.8s rss=4824MB hwm=4824MB
RSS_SAMPLE t=2882.1s rss=4824MB hwm=4824MB
RSS_SAMPLE t=2882.3s rss=4824MB hwm=4824MB
RSS_SAMPLE t=2882.6s rss=4824MB hwm=4824MB
RSS_SAMPLE t=2882.8s rss=4824MB hwm=4824MB
RSS_SAMPLE t=2883.1s rss=4824MB hwm=4824MB
RSS_SAMPLE t=2883.3s rss=4824MB hwm=4824MB
RSS_SAMPLE t=2883.6s rss=4824MB hwm=4824MB
RSS_SAMPLE t=2883.8s rss=4824MB hwm=4824MB
RSS_SAMPLE t=2884.1s rss=4824MB hwm=4824MB
RSS_SAMPLE t=2884.3s rss=4824MB hwm=4824MB
RSS_SAMPLE t=2884.6s rss=4824MB hwm=4824MB
RSS_SAMPLE t=2884.8s rss=4824MB hwm=4824MB
RSS_SAMPLE t=2885.1s rss=4824MB hwm=4824MB
RSS_SAMPLE t=2885.3s rss=4824MB hwm=4824MB
RSS_SAMPLE t=2885.6s rss=4824MB hwm=4824MB
RSS_SAMPLE t=2885.8s rss=4824MB hwm=4824MB
RSS_SAMPLE t=2886.1s rss=4824MB hwm=4824MB
RSS_SAMPLE t=2886.3s rss=4824MB hwm=4824MB
RSS_SAMPLE t=2886.6s rss=4824MB hwm=4824MB
RSS_SAMPLE t=2886.8s rss=4824MB hwm=4824MB
RSS_SAMPLE t=2887.1s rss=4824MB hwm=4824MB
RSS_SAMPLE t=2887.3s rss=4824MB hwm=4824MB
RSS_SAMPLE t=2887.6s rss=4824MB hwm=4824MB
RSS_SAMPLE t=2887.8s rss=4824MB hwm=4824MB
RSS_SAMPLE t=2888.1s rss=4824MB hwm=4824MB
RSS_SAMPLE t=2888.3s rss=4824MB hwm=4824MB
RSS_SAMPLE t=2888.6s rss=4824MB hwm=4824MB
RSS_SAMPLE t=2888.8s rss=4824MB hwm=4824MB
RSS_SAMPLE t=2889.1s rss=4824MB hwm=4824MB
RSS_SAMPLE t=2889.3s rss=4824MB hwm=4824MB
RSS_SAMPLE t=2889.6s rss=4824MB hwm=4824MB
RSS_SAMPLE t=2889.8s rss=4824MB hwm=4824MB
RSS_SAMPLE t=2890.1s rss=4824MB hwm=4824MB
RSS_SAMPLE t=2890.3s rss=4824MB hwm=4824MB
RSS_SAMPLE t=2890.6s rss=4824MB hwm=4824MB
RSS_SAMPLE t=2890.8s rss=4824MB hwm=4824MB
RSS_SAMPLE t=2891.1s rss=4824MB hwm=4824MB
RSS_SAMPLE t=2891.3s rss=4824MB hwm=4824MB
RSS_SAMPLE t=2891.6s rss=4824MB hwm=4824MB
RSS_SAMPLE t=2891.8s rss=4824MB hwm=4824MB
RSS_SAMPLE t=2892.1s rss=4824MB hwm=4824MB
RSS_SAMPLE t=2892.3s rss=4824MB hwm=4824MB
RSS_SAMPLE t=2892.6s rss=4824MB hwm=4824MB
RSS_SAMPLE t=2892.8s rss=4824MB hwm=4824MB
RSS_SAMPLE t=2893.1s rss=4824MB hwm=4824MB
RSS_SAMPLE t=2893.3s rss=4824MB hwm=4824MB
RSS_SAMPLE t=2893.6s rss=4824MB hwm=4824MB
RSS_SAMPLE t=2893.8s rss=4824MB hwm=4824MB
RSS_SAMPLE t=2894.1s rss=4824MB hwm=4824MB
RSS_SAMPLE t=2894.3s rss=4824MB hwm=4824MB
RSS_SAMPLE t=2894.6s rss=4824MB hwm=4824MB
RSS_SAMPLE t=2894.8s rss=4824MB hwm=4824MB
RSS_SAMPLE t=2895.1s rss=4824MB hwm=4824MB
RSS_SAMPLE t=2895.3s rss=4824MB hwm=4824MB
RSS_SAMPLE t=2895.6s rss=4824MB hwm=4824MB
RSS_SAMPLE t=2895.8s rss=4824MB hwm=4824MB
RSS_SAMPLE t=2896.1s rss=4824MB hwm=4824MB
RSS_SAMPLE t=2896.3s rss=4824MB hwm=4824MB
RSS_SAMPLE t=2896.6s rss=4824MB hwm=4824MB
RSS_SAMPLE t=2896.8s rss=4824MB hwm=4824MB
RSS_SAMPLE t=2897.1s rss=4824MB hwm=4824MB
RSS_SAMPLE t=2897.3s rss=4824MB hwm=4824MB
MEM_POOL: workspaces=32 dense_usage_mb=1251 n_pipes=2562403
    post_solve_diag[outer=17]: solves=105117 cap_armed=105117 (100.0%) settle_avg=4359 above_sink_avg=206 (4.7%) settle_max=69353
    load_support[outer=17]: settle_avg=4359 load_nz_avg=3573 (82.0%) load_material_avg=2474 (56.8%)
    prune_ceiling[outer=17]: settle_avg=4359 heuristic_prunable_avg=274 (6.3%) vs oracle_zero_load=18.0%
    settle_hist[outer=17]: <100: 26159nets/0.2%work  <1k: 28904nets/2.2%work  <5k: 24816nets/14.2%work  <20k: 19286nets/43.3%work  <60k: 5895nets/39.2%work  >=60k: 57nets/0.8%work
    fanout_hist[outer=17]: fan1: 43710nets/13.7%work  fan2-4: 48279nets/49.7%work  fan5-16: 12974nets/35.5%work  fan17-64: 154nets/1.0%work  fan65-256: 0nets/0.0%work  fan>256: 0nets/0.0%work
    rss_probe[outer=17]: pre_post_solve=4823MB post_post_solve=4824MB after_apply=4824MB
    E_decomp: base=7647484.5 eff=103880646003739.1 cong=103880638356254.6 cong_share=100.0% sat_pipes=225885 max_util=1901.08  R_buckets: 1-2x=1064017 2-10x=283354 10-100x=180824 >=100x=1034208
    E_potential: beckmann=229717755966174.6 history_total=0.0
    SpanCache: epoch=18 entries=2030 lookups=2562403 hits=2560373 misses=2030 hit_rate=99.9%
  DCD  17: nets=105117 line=10192242 energy=1472214900.873 dE=-11007295612.804 friction=10384169.8 bins=2.0x(194) excess=67.4 moved=67606 disp=3.838 solves=105117 skip=105117 pops=458243201 theta=3.648 refresh=120973ms dcd=11600ms total=135329ms
    cache_stats: entries=58828778 capacity=127319206 est_mb=1098 rss_mb=4824
RSS_SAMPLE t=2897.6s rss=4824MB hwm=4824MB
RSS_SAMPLE t=2897.8s rss=4824MB hwm=4824MB
RSS_SAMPLE t=2898.1s rss=4824MB hwm=4824MB
RSS_SAMPLE t=2898.3s rss=4824MB hwm=4824MB
RSS_SAMPLE t=2898.6s rss=4824MB hwm=4824MB
RSS_SAMPLE t=2898.8s rss=4824MB hwm=4824MB
RSS_SAMPLE t=2899.1s rss=4824MB hwm=4824MB
RSS_SAMPLE t=2899.3s rss=4824MB hwm=4824MB
RSS_SAMPLE t=2899.6s rss=4824MB hwm=4824MB
RSS_SAMPLE t=2899.8s rss=4824MB hwm=4824MB
RSS_SAMPLE t=2900.1s rss=4824MB hwm=4824MB
    SwitchMatrix: type_usage_pairs=645 lookups=2074 hits=1429 dijkstra_calls=645 avg_us=13.0 total_ms=8.4
PHASE_MARK outer=18 enter=pre_solve rss=4824MB
    rss_probe[outer=18]: pre_refresh_rss=4824MB post_pre_solve_rss=4824MB cache_entries=58828778 cache_cap=127319206 cache_est_mb=1098
    pre_solve_diag[outer=18]: solves=0 fallback=0 (0.0%) cap_armed=0 (0.0%) settle_avg=0 settle_max=0 init_count=236
    Overflow: over=191502 (7.5% of used) avg_excess=1.77 max_excess=2134.96 (nc=2208.96 cap=74 span=2)  excess_buckets: <=1=112632 1-5=67007 5-20=10784 >20=1079  by_cap: cap1=89255 cap2=99339 cap3-5=16 cap>5=2892  by_span: s1=256 s2-3=290 s4-6=2547 s7-12=96126 s>12=92283  le1_cross: cap1=70985 cap2-5=40996 cap>5=651
    Congestion: pipes=2562403 used=2562403 congested(>50%)=519694 saturated(>90%)=225885 max_util=1901.08 avg_util=0.3640
PHASE_MARK outer=18 enter=dcd_sweep rss=4824MB
RSS_SAMPLE t=2900.3s rss=4824MB hwm=4824MB
RSS_SAMPLE t=2900.6s rss=4824MB hwm=4824MB
RSS_SAMPLE t=2900.8s rss=4824MB hwm=4824MB
RSS_SAMPLE t=2901.1s rss=4824MB hwm=4824MB
RSS_SAMPLE t=2901.3s rss=4824MB hwm=4824MB
RSS_SAMPLE t=2901.6s rss=4824MB hwm=4824MB
RSS_SAMPLE t=2901.8s rss=4824MB hwm=4824MB
RSS_SAMPLE t=2902.1s rss=4824MB hwm=4824MB
RSS_SAMPLE t=2902.3s rss=4824MB hwm=4824MB
RSS_SAMPLE t=2902.6s rss=4824MB hwm=4824MB
RSS_SAMPLE t=2902.8s rss=4824MB hwm=4824MB
RSS_SAMPLE t=2903.1s rss=4824MB hwm=4824MB
RSS_SAMPLE t=2903.3s rss=4824MB hwm=4824MB
RSS_SAMPLE t=2903.6s rss=4824MB hwm=4824MB
RSS_SAMPLE t=2903.8s rss=4824MB hwm=4824MB
RSS_SAMPLE t=2904.1s rss=4824MB hwm=4824MB
RSS_SAMPLE t=2904.3s rss=4824MB hwm=4824MB
RSS_SAMPLE t=2904.6s rss=4824MB hwm=4824MB
RSS_SAMPLE t=2904.8s rss=4824MB hwm=4824MB
RSS_SAMPLE t=2905.1s rss=4824MB hwm=4824MB
RSS_SAMPLE t=2905.3s rss=4824MB hwm=4824MB
RSS_SAMPLE t=2905.6s rss=4824MB hwm=4824MB
RSS_SAMPLE t=2905.8s rss=4824MB hwm=4824MB
RSS_SAMPLE t=2906.1s rss=4824MB hwm=4824MB
RSS_SAMPLE t=2906.3s rss=4824MB hwm=4824MB
RSS_SAMPLE t=2906.6s rss=4824MB hwm=4824MB
RSS_SAMPLE t=2906.8s rss=4824MB hwm=4824MB
RSS_SAMPLE t=2907.1s rss=4824MB hwm=4824MB
RSS_SAMPLE t=2907.3s rss=4824MB hwm=4824MB
RSS_SAMPLE t=2907.6s rss=4824MB hwm=4824MB
RSS_SAMPLE t=2907.8s rss=4824MB hwm=4824MB
RSS_SAMPLE t=2908.1s rss=4824MB hwm=4824MB
RSS_SAMPLE t=2908.3s rss=4824MB hwm=4824MB
RSS_SAMPLE t=2908.6s rss=4824MB hwm=4824MB
RSS_SAMPLE t=2908.8s rss=4824MB hwm=4824MB
RSS_SAMPLE t=2909.1s rss=4824MB hwm=4824MB
RSS_SAMPLE t=2909.3s rss=4824MB hwm=4824MB
RSS_SAMPLE t=2909.6s rss=4824MB hwm=4824MB
RSS_SAMPLE t=2909.8s rss=4824MB hwm=4824MB
RSS_SAMPLE t=2910.1s rss=4824MB hwm=4824MB
RSS_SAMPLE t=2910.3s rss=4824MB hwm=4824MB
RSS_SAMPLE t=2910.6s rss=4824MB hwm=4824MB
RSS_SAMPLE t=2910.8s rss=4824MB hwm=4824MB
PHASE_MARK outer=18 leave=dcd_sweep rss=4824MB
PHASE_MARK outer=18 enter=post_refresh rss=4824MB
RSS_SAMPLE t=2911.1s rss=4824MB hwm=4824MB
RSS_SAMPLE t=2911.3s rss=4824MB hwm=4824MB
RSS_SAMPLE t=2911.6s rss=4824MB hwm=4824MB
RSS_SAMPLE t=2911.8s rss=4824MB hwm=4824MB
RSS_SAMPLE t=2912.1s rss=4824MB hwm=4824MB
RSS_SAMPLE t=2912.3s rss=4824MB hwm=4824MB
RSS_SAMPLE t=2912.6s rss=4824MB hwm=4824MB
RSS_SAMPLE t=2912.8s rss=4824MB hwm=4824MB
RSS_SAMPLE t=2913.1s rss=4824MB hwm=4824MB
RSS_SAMPLE t=2913.3s rss=4824MB hwm=4824MB
RSS_SAMPLE t=2913.6s rss=4824MB hwm=4824MB
RSS_SAMPLE t=2913.8s rss=4824MB hwm=4824MB
RSS_SAMPLE t=2914.1s rss=4824MB hwm=4824MB
RSS_SAMPLE t=2914.3s rss=4824MB hwm=4824MB
RSS_SAMPLE t=2914.6s rss=4824MB hwm=4824MB
RSS_SAMPLE t=2914.8s rss=4824MB hwm=4824MB
RSS_SAMPLE t=2915.1s rss=4824MB hwm=4824MB
RSS_SAMPLE t=2915.3s rss=4824MB hwm=4824MB
RSS_SAMPLE t=2915.6s rss=4824MB hwm=4824MB
RSS_SAMPLE t=2915.8s rss=4824MB hwm=4824MB
RSS_SAMPLE t=2916.1s rss=4824MB hwm=4824MB
RSS_SAMPLE t=2916.3s rss=4824MB hwm=4824MB
RSS_SAMPLE t=2916.6s rss=4824MB hwm=4824MB
RSS_SAMPLE t=2916.8s rss=4824MB hwm=4824MB
RSS_SAMPLE t=2917.1s rss=4824MB hwm=4824MB
RSS_SAMPLE t=2917.3s rss=4824MB hwm=4824MB
RSS_SAMPLE t=2917.6s rss=4824MB hwm=4824MB
RSS_SAMPLE t=2917.8s rss=4824MB hwm=4824MB
RSS_SAMPLE t=2918.1s rss=4824MB hwm=4824MB
RSS_SAMPLE t=2918.3s rss=4824MB hwm=4824MB
RSS_SAMPLE t=2918.6s rss=4824MB hwm=4824MB
RSS_SAMPLE t=2918.8s rss=4824MB hwm=4824MB
RSS_SAMPLE t=2919.1s rss=4824MB hwm=4824MB
RSS_SAMPLE t=2919.3s rss=4824MB hwm=4824MB
RSS_SAMPLE t=2919.6s rss=4824MB hwm=4824MB
RSS_SAMPLE t=2919.8s rss=4824MB hwm=4824MB
RSS_SAMPLE t=2920.1s rss=4824MB hwm=4824MB
RSS_SAMPLE t=2920.4s rss=4825MB hwm=4825MB
RSS_SAMPLE t=2920.6s rss=4825MB hwm=4825MB
RSS_SAMPLE t=2920.9s rss=4825MB hwm=4825MB
RSS_SAMPLE t=2921.1s rss=4825MB hwm=4825MB
RSS_SAMPLE t=2921.4s rss=4825MB hwm=4825MB
RSS_SAMPLE t=2921.6s rss=4825MB hwm=4825MB
RSS_SAMPLE t=2921.9s rss=4825MB hwm=4825MB
RSS_SAMPLE t=2922.1s rss=4825MB hwm=4825MB
RSS_SAMPLE t=2922.4s rss=4825MB hwm=4825MB
RSS_SAMPLE t=2922.6s rss=4825MB hwm=4825MB
RSS_SAMPLE t=2922.9s rss=4825MB hwm=4825MB
RSS_SAMPLE t=2923.1s rss=4825MB hwm=4825MB
RSS_SAMPLE t=2923.4s rss=4825MB hwm=4825MB
RSS_SAMPLE t=2923.6s rss=4825MB hwm=4825MB
RSS_SAMPLE t=2923.9s rss=4825MB hwm=4825MB
RSS_SAMPLE t=2924.1s rss=4825MB hwm=4825MB
RSS_SAMPLE t=2924.4s rss=4825MB hwm=4825MB
RSS_SAMPLE t=2924.6s rss=4825MB hwm=4825MB
RSS_SAMPLE t=2924.9s rss=4825MB hwm=4825MB
RSS_SAMPLE t=2925.1s rss=4825MB hwm=4825MB
RSS_SAMPLE t=2925.4s rss=4825MB hwm=4825MB
RSS_SAMPLE t=2925.6s rss=4825MB hwm=4825MB
RSS_SAMPLE t=2925.9s rss=4825MB hwm=4825MB
RSS_SAMPLE t=2926.1s rss=4825MB hwm=4825MB
RSS_SAMPLE t=2926.4s rss=4825MB hwm=4825MB
RSS_SAMPLE t=2926.6s rss=4825MB hwm=4825MB
RSS_SAMPLE t=2926.9s rss=4825MB hwm=4825MB
RSS_SAMPLE t=2927.1s rss=4825MB hwm=4825MB
RSS_SAMPLE t=2927.4s rss=4825MB hwm=4825MB
RSS_SAMPLE t=2927.6s rss=4825MB hwm=4825MB
RSS_SAMPLE t=2927.9s rss=4825MB hwm=4825MB
RSS_SAMPLE t=2928.1s rss=4825MB hwm=4825MB
RSS_SAMPLE t=2928.4s rss=4825MB hwm=4825MB
RSS_SAMPLE t=2928.6s rss=4825MB hwm=4825MB
RSS_SAMPLE t=2928.9s rss=4825MB hwm=4825MB
RSS_SAMPLE t=2929.1s rss=4825MB hwm=4825MB
RSS_SAMPLE t=2929.4s rss=4825MB hwm=4825MB
RSS_SAMPLE t=2929.6s rss=4825MB hwm=4825MB
RSS_SAMPLE t=2929.9s rss=4825MB hwm=4825MB
RSS_SAMPLE t=2930.1s rss=4825MB hwm=4825MB
RSS_SAMPLE t=2930.4s rss=4825MB hwm=4825MB
RSS_SAMPLE t=2930.6s rss=4825MB hwm=4825MB
RSS_SAMPLE t=2930.9s rss=4825MB hwm=4825MB
RSS_SAMPLE t=2931.1s rss=4825MB hwm=4825MB
RSS_SAMPLE t=2931.4s rss=4825MB hwm=4825MB
RSS_SAMPLE t=2931.6s rss=4825MB hwm=4825MB
RSS_SAMPLE t=2931.9s rss=4825MB hwm=4825MB
RSS_SAMPLE t=2932.1s rss=4825MB hwm=4825MB
RSS_SAMPLE t=2932.4s rss=4825MB hwm=4825MB
RSS_SAMPLE t=2932.6s rss=4825MB hwm=4825MB
RSS_SAMPLE t=2932.9s rss=4825MB hwm=4825MB
RSS_SAMPLE t=2933.1s rss=4825MB hwm=4825MB
RSS_SAMPLE t=2933.4s rss=4825MB hwm=4825MB
RSS_SAMPLE t=2933.6s rss=4825MB hwm=4825MB
RSS_SAMPLE t=2933.9s rss=4825MB hwm=4825MB
RSS_SAMPLE t=2934.1s rss=4825MB hwm=4825MB
RSS_SAMPLE t=2934.4s rss=4825MB hwm=4825MB
RSS_SAMPLE t=2934.6s rss=4825MB hwm=4825MB
RSS_SAMPLE t=2934.9s rss=4825MB hwm=4825MB
RSS_SAMPLE t=2935.1s rss=4825MB hwm=4825MB
RSS_SAMPLE t=2935.4s rss=4825MB hwm=4825MB
RSS_SAMPLE t=2935.6s rss=4825MB hwm=4825MB
RSS_SAMPLE t=2935.9s rss=4825MB hwm=4825MB
RSS_SAMPLE t=2936.1s rss=4825MB hwm=4825MB
RSS_SAMPLE t=2936.4s rss=4825MB hwm=4825MB
RSS_SAMPLE t=2936.6s rss=4825MB hwm=4825MB
RSS_SAMPLE t=2936.9s rss=4825MB hwm=4825MB
RSS_SAMPLE t=2937.1s rss=4825MB hwm=4825MB
RSS_SAMPLE t=2937.4s rss=4825MB hwm=4825MB
RSS_SAMPLE t=2937.7s rss=4825MB hwm=4825MB
RSS_SAMPLE t=2937.9s rss=4825MB hwm=4825MB
RSS_SAMPLE t=2938.2s rss=4825MB hwm=4825MB
RSS_SAMPLE t=2938.4s rss=4825MB hwm=4825MB
RSS_SAMPLE t=2938.7s rss=4825MB hwm=4825MB
RSS_SAMPLE t=2938.9s rss=4825MB hwm=4825MB
RSS_SAMPLE t=2939.2s rss=4825MB hwm=4825MB
RSS_SAMPLE t=2939.4s rss=4825MB hwm=4825MB
RSS_SAMPLE t=2939.7s rss=4825MB hwm=4825MB
RSS_SAMPLE t=2939.9s rss=4825MB hwm=4825MB
RSS_SAMPLE t=2940.2s rss=4825MB hwm=4825MB
RSS_SAMPLE t=2940.4s rss=4825MB hwm=4825MB
RSS_SAMPLE t=2940.7s rss=4825MB hwm=4825MB
RSS_SAMPLE t=2940.9s rss=4825MB hwm=4825MB
RSS_SAMPLE t=2941.2s rss=4825MB hwm=4825MB
RSS_SAMPLE t=2941.4s rss=4825MB hwm=4825MB
RSS_SAMPLE t=2941.7s rss=4825MB hwm=4825MB
RSS_SAMPLE t=2941.9s rss=4825MB hwm=4825MB
RSS_SAMPLE t=2942.2s rss=4825MB hwm=4825MB
RSS_SAMPLE t=2942.4s rss=4825MB hwm=4825MB
RSS_SAMPLE t=2942.7s rss=4825MB hwm=4825MB
RSS_SAMPLE t=2942.9s rss=4825MB hwm=4825MB
RSS_SAMPLE t=2943.2s rss=4825MB hwm=4825MB
RSS_SAMPLE t=2943.4s rss=4825MB hwm=4825MB
RSS_SAMPLE t=2943.7s rss=4825MB hwm=4825MB
RSS_SAMPLE t=2943.9s rss=4825MB hwm=4825MB
RSS_SAMPLE t=2944.2s rss=4825MB hwm=4825MB
RSS_SAMPLE t=2944.4s rss=4825MB hwm=4825MB
RSS_SAMPLE t=2944.7s rss=4825MB hwm=4825MB
RSS_SAMPLE t=2944.9s rss=4825MB hwm=4825MB
RSS_SAMPLE t=2945.2s rss=4825MB hwm=4825MB
RSS_SAMPLE t=2945.4s rss=4825MB hwm=4825MB
RSS_SAMPLE t=2945.7s rss=4825MB hwm=4825MB
RSS_SAMPLE t=2945.9s rss=4825MB hwm=4825MB
RSS_SAMPLE t=2946.2s rss=4825MB hwm=4825MB
RSS_SAMPLE t=2946.4s rss=4825MB hwm=4825MB
RSS_SAMPLE t=2946.7s rss=4825MB hwm=4825MB
RSS_SAMPLE t=2946.9s rss=4825MB hwm=4825MB
RSS_SAMPLE t=2947.2s rss=4825MB hwm=4825MB
RSS_SAMPLE t=2947.4s rss=4825MB hwm=4825MB
RSS_SAMPLE t=2947.7s rss=4825MB hwm=4825MB
RSS_SAMPLE t=2947.9s rss=4825MB hwm=4825MB
RSS_SAMPLE t=2948.2s rss=4825MB hwm=4825MB
RSS_SAMPLE t=2948.4s rss=4825MB hwm=4825MB
RSS_SAMPLE t=2948.7s rss=4825MB hwm=4825MB
RSS_SAMPLE t=2948.9s rss=4825MB hwm=4825MB
RSS_SAMPLE t=2949.2s rss=4825MB hwm=4825MB
RSS_SAMPLE t=2949.4s rss=4825MB hwm=4825MB
RSS_SAMPLE t=2949.7s rss=4825MB hwm=4825MB
RSS_SAMPLE t=2949.9s rss=4825MB hwm=4825MB
RSS_SAMPLE t=2950.2s rss=4825MB hwm=4825MB
RSS_SAMPLE t=2950.4s rss=4825MB hwm=4825MB
RSS_SAMPLE t=2950.7s rss=4825MB hwm=4825MB
RSS_SAMPLE t=2950.9s rss=4825MB hwm=4825MB
RSS_SAMPLE t=2951.2s rss=4825MB hwm=4825MB
RSS_SAMPLE t=2951.4s rss=4825MB hwm=4825MB
RSS_SAMPLE t=2951.7s rss=4825MB hwm=4825MB
RSS_SAMPLE t=2951.9s rss=4825MB hwm=4825MB
RSS_SAMPLE t=2952.2s rss=4825MB hwm=4825MB
RSS_SAMPLE t=2952.4s rss=4825MB hwm=4825MB
RSS_SAMPLE t=2952.7s rss=4825MB hwm=4825MB
RSS_SAMPLE t=2952.9s rss=4825MB hwm=4825MB
RSS_SAMPLE t=2953.2s rss=4825MB hwm=4825MB
RSS_SAMPLE t=2953.4s rss=4825MB hwm=4825MB
RSS_SAMPLE t=2953.7s rss=4825MB hwm=4825MB
RSS_SAMPLE t=2953.9s rss=4825MB hwm=4825MB
RSS_SAMPLE t=2954.2s rss=4825MB hwm=4825MB
RSS_SAMPLE t=2954.4s rss=4825MB hwm=4825MB
RSS_SAMPLE t=2954.7s rss=4825MB hwm=4825MB
RSS_SAMPLE t=2954.9s rss=4825MB hwm=4825MB
RSS_SAMPLE t=2955.2s rss=4825MB hwm=4825MB
RSS_SAMPLE t=2955.4s rss=4825MB hwm=4825MB
RSS_SAMPLE t=2955.7s rss=4825MB hwm=4825MB
RSS_SAMPLE t=2955.9s rss=4825MB hwm=4825MB
RSS_SAMPLE t=2956.2s rss=4825MB hwm=4825MB
RSS_SAMPLE t=2956.4s rss=4825MB hwm=4825MB
RSS_SAMPLE t=2956.7s rss=4825MB hwm=4825MB
RSS_SAMPLE t=2956.9s rss=4825MB hwm=4825MB
RSS_SAMPLE t=2957.2s rss=4825MB hwm=4825MB
RSS_SAMPLE t=2957.5s rss=4825MB hwm=4825MB
RSS_SAMPLE t=2957.7s rss=4825MB hwm=4825MB
RSS_SAMPLE t=2958.0s rss=4825MB hwm=4825MB
RSS_SAMPLE t=2958.2s rss=4825MB hwm=4825MB
RSS_SAMPLE t=2958.5s rss=4825MB hwm=4825MB
RSS_SAMPLE t=2958.7s rss=4825MB hwm=4825MB
RSS_SAMPLE t=2959.0s rss=4825MB hwm=4825MB
RSS_SAMPLE t=2959.2s rss=4825MB hwm=4825MB
RSS_SAMPLE t=2959.5s rss=4825MB hwm=4825MB
RSS_SAMPLE t=2959.7s rss=4825MB hwm=4825MB
RSS_SAMPLE t=2960.0s rss=4825MB hwm=4825MB
RSS_SAMPLE t=2960.2s rss=4825MB hwm=4825MB
RSS_SAMPLE t=2960.5s rss=4825MB hwm=4825MB
RSS_SAMPLE t=2960.7s rss=4825MB hwm=4825MB
RSS_SAMPLE t=2961.0s rss=4825MB hwm=4825MB
RSS_SAMPLE t=2961.2s rss=4825MB hwm=4825MB
RSS_SAMPLE t=2961.5s rss=4825MB hwm=4825MB
RSS_SAMPLE t=2961.7s rss=4825MB hwm=4825MB
RSS_SAMPLE t=2962.0s rss=4825MB hwm=4825MB
RSS_SAMPLE t=2962.2s rss=4825MB hwm=4825MB
RSS_SAMPLE t=2962.5s rss=4825MB hwm=4825MB
RSS_SAMPLE t=2962.7s rss=4825MB hwm=4825MB
RSS_SAMPLE t=2963.0s rss=4825MB hwm=4825MB
RSS_SAMPLE t=2963.2s rss=4825MB hwm=4825MB
RSS_SAMPLE t=2963.5s rss=4825MB hwm=4825MB
RSS_SAMPLE t=2963.7s rss=4825MB hwm=4825MB
RSS_SAMPLE t=2964.0s rss=4825MB hwm=4825MB
RSS_SAMPLE t=2964.2s rss=4825MB hwm=4825MB
RSS_SAMPLE t=2964.5s rss=4825MB hwm=4825MB
RSS_SAMPLE t=2964.7s rss=4825MB hwm=4825MB
RSS_SAMPLE t=2965.0s rss=4825MB hwm=4825MB
RSS_SAMPLE t=2965.2s rss=4825MB hwm=4825MB
RSS_SAMPLE t=2965.5s rss=4825MB hwm=4825MB
RSS_SAMPLE t=2965.7s rss=4825MB hwm=4825MB
RSS_SAMPLE t=2966.0s rss=4825MB hwm=4825MB
RSS_SAMPLE t=2966.2s rss=4825MB hwm=4825MB
RSS_SAMPLE t=2966.5s rss=4825MB hwm=4825MB
RSS_SAMPLE t=2966.7s rss=4825MB hwm=4825MB
RSS_SAMPLE t=2967.0s rss=4825MB hwm=4825MB
RSS_SAMPLE t=2967.2s rss=4825MB hwm=4825MB
RSS_SAMPLE t=2967.5s rss=4825MB hwm=4825MB
RSS_SAMPLE t=2967.7s rss=4825MB hwm=4825MB
RSS_SAMPLE t=2968.0s rss=4825MB hwm=4825MB
RSS_SAMPLE t=2968.2s rss=4825MB hwm=4825MB
RSS_SAMPLE t=2968.5s rss=4825MB hwm=4825MB
RSS_SAMPLE t=2968.7s rss=4825MB hwm=4825MB
RSS_SAMPLE t=2969.0s rss=4825MB hwm=4825MB
RSS_SAMPLE t=2969.2s rss=4825MB hwm=4825MB
RSS_SAMPLE t=2969.5s rss=4825MB hwm=4825MB
RSS_SAMPLE t=2969.7s rss=4825MB hwm=4825MB
RSS_SAMPLE t=2970.0s rss=4825MB hwm=4825MB
RSS_SAMPLE t=2970.2s rss=4825MB hwm=4825MB
RSS_SAMPLE t=2970.5s rss=4825MB hwm=4825MB
RSS_SAMPLE t=2970.7s rss=4825MB hwm=4825MB
RSS_SAMPLE t=2971.0s rss=4825MB hwm=4825MB
RSS_SAMPLE t=2971.2s rss=4825MB hwm=4825MB
RSS_SAMPLE t=2971.5s rss=4825MB hwm=4825MB
RSS_SAMPLE t=2971.7s rss=4825MB hwm=4825MB
RSS_SAMPLE t=2972.0s rss=4826MB hwm=4826MB
RSS_SAMPLE t=2972.2s rss=4826MB hwm=4826MB
RSS_SAMPLE t=2972.5s rss=4826MB hwm=4826MB
RSS_SAMPLE t=2972.7s rss=4826MB hwm=4826MB
RSS_SAMPLE t=2973.0s rss=4826MB hwm=4826MB
RSS_SAMPLE t=2973.2s rss=4826MB hwm=4826MB
RSS_SAMPLE t=2973.5s rss=4826MB hwm=4826MB
RSS_SAMPLE t=2973.7s rss=4826MB hwm=4826MB
RSS_SAMPLE t=2974.0s rss=4826MB hwm=4826MB
RSS_SAMPLE t=2974.2s rss=4826MB hwm=4826MB
RSS_SAMPLE t=2974.5s rss=4826MB hwm=4826MB
RSS_SAMPLE t=2974.7s rss=4826MB hwm=4826MB
RSS_SAMPLE t=2975.0s rss=4826MB hwm=4826MB
RSS_SAMPLE t=2975.2s rss=4826MB hwm=4826MB
RSS_SAMPLE t=2975.5s rss=4826MB hwm=4826MB
RSS_SAMPLE t=2975.7s rss=4826MB hwm=4826MB
RSS_SAMPLE t=2976.0s rss=4826MB hwm=4826MB
RSS_SAMPLE t=2976.2s rss=4826MB hwm=4826MB
RSS_SAMPLE t=2976.5s rss=4826MB hwm=4826MB
RSS_SAMPLE t=2976.7s rss=4826MB hwm=4826MB
RSS_SAMPLE t=2977.0s rss=4826MB hwm=4826MB
RSS_SAMPLE t=2977.2s rss=4826MB hwm=4826MB
RSS_SAMPLE t=2977.5s rss=4826MB hwm=4826MB
RSS_SAMPLE t=2977.7s rss=4826MB hwm=4826MB
RSS_SAMPLE t=2978.0s rss=4826MB hwm=4826MB
RSS_SAMPLE t=2978.2s rss=4826MB hwm=4826MB
RSS_SAMPLE t=2978.5s rss=4826MB hwm=4826MB
RSS_SAMPLE t=2978.7s rss=4826MB hwm=4826MB
RSS_SAMPLE t=2979.0s rss=4826MB hwm=4826MB
RSS_SAMPLE t=2979.2s rss=4826MB hwm=4826MB
RSS_SAMPLE t=2979.5s rss=4826MB hwm=4826MB
RSS_SAMPLE t=2979.7s rss=4826MB hwm=4826MB
RSS_SAMPLE t=2980.0s rss=4826MB hwm=4826MB
RSS_SAMPLE t=2980.2s rss=4826MB hwm=4826MB
RSS_SAMPLE t=2980.5s rss=4826MB hwm=4826MB
RSS_SAMPLE t=2980.7s rss=4826MB hwm=4826MB
RSS_SAMPLE t=2981.0s rss=4826MB hwm=4826MB
RSS_SAMPLE t=2981.2s rss=4826MB hwm=4826MB
RSS_SAMPLE t=2981.5s rss=4826MB hwm=4826MB
RSS_SAMPLE t=2981.7s rss=4826MB hwm=4826MB
RSS_SAMPLE t=2982.0s rss=4826MB hwm=4826MB
RSS_SAMPLE t=2982.2s rss=4826MB hwm=4826MB
RSS_SAMPLE t=2982.5s rss=4826MB hwm=4826MB
RSS_SAMPLE t=2982.8s rss=4826MB hwm=4826MB
RSS_SAMPLE t=2983.0s rss=4826MB hwm=4826MB
RSS_SAMPLE t=2983.3s rss=4826MB hwm=4826MB
RSS_SAMPLE t=2983.5s rss=4826MB hwm=4826MB
RSS_SAMPLE t=2983.8s rss=4826MB hwm=4826MB
RSS_SAMPLE t=2984.0s rss=4826MB hwm=4826MB
RSS_SAMPLE t=2984.3s rss=4826MB hwm=4826MB
RSS_SAMPLE t=2984.5s rss=4826MB hwm=4826MB
RSS_SAMPLE t=2984.8s rss=4826MB hwm=4826MB
RSS_SAMPLE t=2985.0s rss=4826MB hwm=4826MB
RSS_SAMPLE t=2985.3s rss=4826MB hwm=4826MB
RSS_SAMPLE t=2985.5s rss=4826MB hwm=4826MB
RSS_SAMPLE t=2985.8s rss=4826MB hwm=4826MB
RSS_SAMPLE t=2986.0s rss=4826MB hwm=4826MB
RSS_SAMPLE t=2986.3s rss=4826MB hwm=4826MB
RSS_SAMPLE t=2986.5s rss=4826MB hwm=4826MB
RSS_SAMPLE t=2986.8s rss=4826MB hwm=4826MB
RSS_SAMPLE t=2987.0s rss=4826MB hwm=4826MB
RSS_SAMPLE t=2987.3s rss=4826MB hwm=4826MB
RSS_SAMPLE t=2987.5s rss=4826MB hwm=4826MB
RSS_SAMPLE t=2987.8s rss=4826MB hwm=4826MB
RSS_SAMPLE t=2988.0s rss=4826MB hwm=4826MB
RSS_SAMPLE t=2988.3s rss=4826MB hwm=4826MB
RSS_SAMPLE t=2988.5s rss=4826MB hwm=4826MB
RSS_SAMPLE t=2988.8s rss=4826MB hwm=4826MB
RSS_SAMPLE t=2989.0s rss=4826MB hwm=4826MB
RSS_SAMPLE t=2989.3s rss=4826MB hwm=4826MB
RSS_SAMPLE t=2989.5s rss=4826MB hwm=4826MB
RSS_SAMPLE t=2989.8s rss=4826MB hwm=4826MB
RSS_SAMPLE t=2990.0s rss=4826MB hwm=4826MB
RSS_SAMPLE t=2990.3s rss=4826MB hwm=4826MB
RSS_SAMPLE t=2990.5s rss=4826MB hwm=4826MB
RSS_SAMPLE t=2990.8s rss=4826MB hwm=4826MB
RSS_SAMPLE t=2991.0s rss=4826MB hwm=4826MB
RSS_SAMPLE t=2991.3s rss=4826MB hwm=4826MB
RSS_SAMPLE t=2991.5s rss=4826MB hwm=4826MB
RSS_SAMPLE t=2991.8s rss=4826MB hwm=4826MB
RSS_SAMPLE t=2992.0s rss=4826MB hwm=4826MB
RSS_SAMPLE t=2992.3s rss=4826MB hwm=4826MB
RSS_SAMPLE t=2992.5s rss=4826MB hwm=4826MB
RSS_SAMPLE t=2992.8s rss=4826MB hwm=4826MB
RSS_SAMPLE t=2993.0s rss=4826MB hwm=4826MB
RSS_SAMPLE t=2993.3s rss=4826MB hwm=4826MB
RSS_SAMPLE t=2993.5s rss=4826MB hwm=4826MB
RSS_SAMPLE t=2993.8s rss=4826MB hwm=4826MB
RSS_SAMPLE t=2994.0s rss=4826MB hwm=4826MB
RSS_SAMPLE t=2994.3s rss=4826MB hwm=4826MB
RSS_SAMPLE t=2994.5s rss=4826MB hwm=4826MB
RSS_SAMPLE t=2994.8s rss=4826MB hwm=4826MB
RSS_SAMPLE t=2995.0s rss=4826MB hwm=4826MB
RSS_SAMPLE t=2995.3s rss=4826MB hwm=4826MB
RSS_SAMPLE t=2995.5s rss=4826MB hwm=4826MB
RSS_SAMPLE t=2995.8s rss=4826MB hwm=4826MB
RSS_SAMPLE t=2996.0s rss=4826MB hwm=4826MB
RSS_SAMPLE t=2996.3s rss=4826MB hwm=4826MB
RSS_SAMPLE t=2996.5s rss=4826MB hwm=4826MB
RSS_SAMPLE t=2996.8s rss=4826MB hwm=4826MB
RSS_SAMPLE t=2997.0s rss=4826MB hwm=4826MB
RSS_SAMPLE t=2997.3s rss=4826MB hwm=4826MB
RSS_SAMPLE t=2997.5s rss=4826MB hwm=4826MB
RSS_SAMPLE t=2997.8s rss=4826MB hwm=4826MB
RSS_SAMPLE t=2998.0s rss=4826MB hwm=4826MB
RSS_SAMPLE t=2998.3s rss=4826MB hwm=4826MB
RSS_SAMPLE t=2998.5s rss=4826MB hwm=4826MB
RSS_SAMPLE t=2998.8s rss=4826MB hwm=4826MB
RSS_SAMPLE t=2999.0s rss=4826MB hwm=4826MB
RSS_SAMPLE t=2999.3s rss=4826MB hwm=4826MB
RSS_SAMPLE t=2999.5s rss=4826MB hwm=4826MB
RSS_SAMPLE t=2999.8s rss=4826MB hwm=4826MB
RSS_SAMPLE t=3000.0s rss=4826MB hwm=4826MB
RSS_SAMPLE t=3000.3s rss=4826MB hwm=4826MB
RSS_SAMPLE t=3000.5s rss=4826MB hwm=4826MB
RSS_SAMPLE t=3000.8s rss=4826MB hwm=4826MB
RSS_SAMPLE t=3001.0s rss=4826MB hwm=4826MB
RSS_SAMPLE t=3001.3s rss=4826MB hwm=4826MB
RSS_SAMPLE t=3001.5s rss=4826MB hwm=4826MB
RSS_SAMPLE t=3001.8s rss=4826MB hwm=4826MB
RSS_SAMPLE t=3002.0s rss=4826MB hwm=4826MB
RSS_SAMPLE t=3002.3s rss=4826MB hwm=4826MB
RSS_SAMPLE t=3002.5s rss=4826MB hwm=4826MB
RSS_SAMPLE t=3002.8s rss=4826MB hwm=4826MB
RSS_SAMPLE t=3003.0s rss=4826MB hwm=4826MB
RSS_SAMPLE t=3003.3s rss=4826MB hwm=4826MB
RSS_SAMPLE t=3003.5s rss=4826MB hwm=4826MB
RSS_SAMPLE t=3003.8s rss=4826MB hwm=4826MB
RSS_SAMPLE t=3004.0s rss=4826MB hwm=4826MB
RSS_SAMPLE t=3004.3s rss=4826MB hwm=4826MB
RSS_SAMPLE t=3004.5s rss=4826MB hwm=4826MB
RSS_SAMPLE t=3004.8s rss=4826MB hwm=4826MB
RSS_SAMPLE t=3005.0s rss=4826MB hwm=4826MB
RSS_SAMPLE t=3005.3s rss=4826MB hwm=4826MB
RSS_SAMPLE t=3005.5s rss=4826MB hwm=4826MB
RSS_SAMPLE t=3005.8s rss=4826MB hwm=4826MB
RSS_SAMPLE t=3006.0s rss=4826MB hwm=4826MB
RSS_SAMPLE t=3006.3s rss=4826MB hwm=4826MB
RSS_SAMPLE t=3006.5s rss=4826MB hwm=4826MB
RSS_SAMPLE t=3006.8s rss=4826MB hwm=4826MB
RSS_SAMPLE t=3007.1s rss=4826MB hwm=4826MB
RSS_SAMPLE t=3007.3s rss=4826MB hwm=4826MB
RSS_SAMPLE t=3007.6s rss=4826MB hwm=4826MB
RSS_SAMPLE t=3007.8s rss=4826MB hwm=4826MB
RSS_SAMPLE t=3008.1s rss=4826MB hwm=4826MB
RSS_SAMPLE t=3008.3s rss=4826MB hwm=4826MB
RSS_SAMPLE t=3008.6s rss=4826MB hwm=4826MB
RSS_SAMPLE t=3008.8s rss=4826MB hwm=4826MB
RSS_SAMPLE t=3009.1s rss=4826MB hwm=4826MB
RSS_SAMPLE t=3009.3s rss=4826MB hwm=4826MB
RSS_SAMPLE t=3009.6s rss=4826MB hwm=4826MB
RSS_SAMPLE t=3009.8s rss=4826MB hwm=4826MB
RSS_SAMPLE t=3010.1s rss=4826MB hwm=4826MB
RSS_SAMPLE t=3010.3s rss=4826MB hwm=4826MB
RSS_SAMPLE t=3010.6s rss=4826MB hwm=4826MB
RSS_SAMPLE t=3010.8s rss=4826MB hwm=4826MB
RSS_SAMPLE t=3011.1s rss=4826MB hwm=4826MB
RSS_SAMPLE t=3011.3s rss=4826MB hwm=4826MB
RSS_SAMPLE t=3011.6s rss=4826MB hwm=4826MB
RSS_SAMPLE t=3011.8s rss=4826MB hwm=4826MB
RSS_SAMPLE t=3012.1s rss=4826MB hwm=4826MB
RSS_SAMPLE t=3012.3s rss=4826MB hwm=4826MB
RSS_SAMPLE t=3012.6s rss=4826MB hwm=4826MB
RSS_SAMPLE t=3012.8s rss=4826MB hwm=4826MB
RSS_SAMPLE t=3013.1s rss=4826MB hwm=4826MB
RSS_SAMPLE t=3013.3s rss=4826MB hwm=4826MB
RSS_SAMPLE t=3013.6s rss=4826MB hwm=4826MB
RSS_SAMPLE t=3013.8s rss=4826MB hwm=4826MB
RSS_SAMPLE t=3014.1s rss=4826MB hwm=4826MB
RSS_SAMPLE t=3014.3s rss=4826MB hwm=4826MB
RSS_SAMPLE t=3014.6s rss=4826MB hwm=4826MB
RSS_SAMPLE t=3014.8s rss=4826MB hwm=4826MB
RSS_SAMPLE t=3015.1s rss=4826MB hwm=4826MB
RSS_SAMPLE t=3015.3s rss=4826MB hwm=4826MB
RSS_SAMPLE t=3015.6s rss=4826MB hwm=4826MB
RSS_SAMPLE t=3015.8s rss=4826MB hwm=4826MB
RSS_SAMPLE t=3016.1s rss=4826MB hwm=4826MB
RSS_SAMPLE t=3016.3s rss=4826MB hwm=4826MB
RSS_SAMPLE t=3016.6s rss=4826MB hwm=4826MB
RSS_SAMPLE t=3016.8s rss=4826MB hwm=4826MB
RSS_SAMPLE t=3017.1s rss=4826MB hwm=4826MB
RSS_SAMPLE t=3017.3s rss=4826MB hwm=4826MB
RSS_SAMPLE t=3017.6s rss=4826MB hwm=4826MB
RSS_SAMPLE t=3017.8s rss=4826MB hwm=4826MB
RSS_SAMPLE t=3018.1s rss=4826MB hwm=4826MB
RSS_SAMPLE t=3018.3s rss=4826MB hwm=4826MB
RSS_SAMPLE t=3018.6s rss=4826MB hwm=4826MB
RSS_SAMPLE t=3018.8s rss=4826MB hwm=4826MB
RSS_SAMPLE t=3019.1s rss=4826MB hwm=4826MB
RSS_SAMPLE t=3019.3s rss=4826MB hwm=4826MB
RSS_SAMPLE t=3019.6s rss=4826MB hwm=4826MB
RSS_SAMPLE t=3019.8s rss=4826MB hwm=4826MB
RSS_SAMPLE t=3020.1s rss=4826MB hwm=4826MB
RSS_SAMPLE t=3020.3s rss=4826MB hwm=4826MB
RSS_SAMPLE t=3020.6s rss=4826MB hwm=4826MB
RSS_SAMPLE t=3020.8s rss=4826MB hwm=4826MB
RSS_SAMPLE t=3021.1s rss=4826MB hwm=4826MB
RSS_SAMPLE t=3021.3s rss=4826MB hwm=4826MB
RSS_SAMPLE t=3021.6s rss=4826MB hwm=4826MB
RSS_SAMPLE t=3021.8s rss=4826MB hwm=4826MB
RSS_SAMPLE t=3022.1s rss=4826MB hwm=4826MB
RSS_SAMPLE t=3022.3s rss=4826MB hwm=4826MB
RSS_SAMPLE t=3022.6s rss=4826MB hwm=4826MB
RSS_SAMPLE t=3022.8s rss=4826MB hwm=4826MB
RSS_SAMPLE t=3023.1s rss=4826MB hwm=4826MB
RSS_SAMPLE t=3023.3s rss=4826MB hwm=4826MB
RSS_SAMPLE t=3023.6s rss=4826MB hwm=4826MB
RSS_SAMPLE t=3023.8s rss=4826MB hwm=4826MB
RSS_SAMPLE t=3024.1s rss=4826MB hwm=4826MB
RSS_SAMPLE t=3024.3s rss=4826MB hwm=4826MB
RSS_SAMPLE t=3024.6s rss=4826MB hwm=4826MB
RSS_SAMPLE t=3024.8s rss=4826MB hwm=4826MB
RSS_SAMPLE t=3025.1s rss=4826MB hwm=4826MB
RSS_SAMPLE t=3025.3s rss=4826MB hwm=4826MB
RSS_SAMPLE t=3025.6s rss=4826MB hwm=4826MB
RSS_SAMPLE t=3025.8s rss=4826MB hwm=4826MB
RSS_SAMPLE t=3026.1s rss=4826MB hwm=4826MB
RSS_SAMPLE t=3026.3s rss=4826MB hwm=4826MB
RSS_SAMPLE t=3026.6s rss=4826MB hwm=4826MB
RSS_SAMPLE t=3026.8s rss=4826MB hwm=4826MB
RSS_SAMPLE t=3027.1s rss=4826MB hwm=4826MB
MEM_POOL: workspaces=32 dense_usage_mb=1251 n_pipes=2562403
    post_solve_diag[outer=18]: solves=105117 cap_armed=105117 (100.0%) settle_avg=4203 above_sink_avg=199 (4.7%) settle_max=69353
    load_support[outer=18]: settle_avg=4203 load_nz_avg=3514 (83.6%) load_material_avg=2463 (58.6%)
    prune_ceiling[outer=18]: settle_avg=4203 heuristic_prunable_avg=279 (6.6%) vs oracle_zero_load=16.4%
    settle_hist[outer=18]: <100: 27282nets/0.3%work  <1k: 28497nets/2.3%work  <5k: 24783nets/14.7%work  <20k: 18977nets/44.1%work  <60k: 5529nets/38.0%work  >=60k: 49nets/0.7%work
    fanout_hist[outer=18]: fan1: 43710nets/13.8%work  fan2-4: 48279nets/49.7%work  fan5-16: 12974nets/35.5%work  fan17-64: 154nets/1.0%work  fan65-256: 0nets/0.0%work  fan>256: 0nets/0.0%work
    rss_probe[outer=18]: pre_post_solve=4824MB post_post_solve=4826MB after_apply=4826MB
RSS_SAMPLE t=3027.3s rss=4826MB hwm=4826MB
    E_decomp: base=7602356.7 eff=576507383594305.9 cong=576507375991949.1 cong_share=100.0% sat_pipes=220091 max_util=950.54  R_buckets: 1-2x=1130696 2-10x=239681 10-100x=358938 >=100x=833088
    E_potential: beckmann=7299010012051.8 history_total=0.0
    SpanCache: epoch=19 entries=2074 lookups=2562403 hits=2560329 misses=2074 hit_rate=99.9%
  DCD  18: nets=105117 line=9901274 energy=2047688245.365 dE=+575473344.491 friction=4069247.4 bins=2.0x(308) excess=118.0 moved=67656 disp=3.624 solves=105117 skip=105117 pops=441791905 theta=4.271 refresh=116412ms dcd=10598ms total=129878ms
    cache_stats: entries=58022665 capacity=126703430 est_mb=1092 rss_mb=4826
RSS_SAMPLE t=3027.6s rss=4826MB hwm=4826MB
RSS_SAMPLE t=3027.8s rss=4826MB hwm=4826MB
RSS_SAMPLE t=3028.1s rss=4826MB hwm=4826MB
RSS_SAMPLE t=3028.3s rss=4826MB hwm=4826MB
RSS_SAMPLE t=3028.6s rss=4826MB hwm=4826MB
RSS_SAMPLE t=3028.8s rss=4826MB hwm=4826MB
RSS_SAMPLE t=3029.1s rss=4826MB hwm=4826MB
RSS_SAMPLE t=3029.3s rss=4826MB hwm=4826MB
RSS_SAMPLE t=3029.6s rss=4826MB hwm=4826MB
RSS_SAMPLE t=3029.8s rss=4826MB hwm=4826MB
RSS_SAMPLE t=3030.1s rss=4826MB hwm=4826MB
    SwitchMatrix: type_usage_pairs=614 lookups=1980 hits=1366 dijkstra_calls=614 avg_us=11.9 total_ms=7.3
PHASE_MARK outer=19 enter=pre_solve rss=4826MB
    rss_probe[outer=19]: pre_refresh_rss=4826MB post_pre_solve_rss=4826MB cache_entries=58022665 cache_cap=126703430 cache_est_mb=1092
    pre_solve_diag[outer=19]: solves=0 fallback=0 (0.0%) cap_armed=0 (0.0%) settle_avg=0 settle_max=0 init_count=248
    Overflow: over=185906 (7.3% of used) avg_excess=1.69 max_excess=2641.55 (nc=2665.55 cap=24 span=1)  excess_buckets: <=1=113354 1-5=61279 5-20=10292 >20=981  by_cap: cap1=83332 cap2=99774 cap3-5=1 cap>5=2799  by_span: s1=303 s2-3=333 s4-6=2540 s7-12=96892 s>12=85838  le1_cross: cap1=67538 cap2-5=45237 cap>5=579
    Congestion: pipes=2562403 used=2562403 congested(>50%)=512820 saturated(>90%)=220091 max_util=950.54 avg_util=0.3552
PHASE_MARK outer=19 enter=dcd_sweep rss=4826MB
RSS_SAMPLE t=3030.3s rss=4826MB hwm=4826MB
RSS_SAMPLE t=3030.6s rss=4826MB hwm=4826MB
RSS_SAMPLE t=3030.8s rss=4826MB hwm=4826MB
RSS_SAMPLE t=3031.1s rss=4826MB hwm=4826MB
RSS_SAMPLE t=3031.3s rss=4826MB hwm=4826MB
RSS_SAMPLE t=3031.6s rss=4826MB hwm=4826MB
RSS_SAMPLE t=3031.8s rss=4826MB hwm=4826MB
RSS_SAMPLE t=3032.1s rss=4826MB hwm=4826MB
RSS_SAMPLE t=3032.3s rss=4826MB hwm=4826MB
RSS_SAMPLE t=3032.6s rss=4826MB hwm=4826MB
RSS_SAMPLE t=3032.8s rss=4826MB hwm=4826MB
RSS_SAMPLE t=3033.1s rss=4826MB hwm=4826MB
RSS_SAMPLE t=3033.3s rss=4826MB hwm=4826MB
RSS_SAMPLE t=3033.6s rss=4826MB hwm=4826MB
RSS_SAMPLE t=3033.8s rss=4826MB hwm=4826MB
RSS_SAMPLE t=3034.1s rss=4826MB hwm=4826MB
RSS_SAMPLE t=3034.3s rss=4826MB hwm=4826MB
RSS_SAMPLE t=3034.6s rss=4826MB hwm=4826MB
RSS_SAMPLE t=3034.8s rss=4826MB hwm=4826MB
RSS_SAMPLE t=3035.1s rss=4826MB hwm=4826MB
RSS_SAMPLE t=3035.3s rss=4826MB hwm=4826MB
RSS_SAMPLE t=3035.6s rss=4826MB hwm=4826MB
RSS_SAMPLE t=3035.8s rss=4826MB hwm=4826MB
RSS_SAMPLE t=3036.1s rss=4826MB hwm=4826MB
RSS_SAMPLE t=3036.3s rss=4826MB hwm=4826MB
RSS_SAMPLE t=3036.6s rss=4826MB hwm=4826MB
RSS_SAMPLE t=3036.8s rss=4826MB hwm=4826MB
RSS_SAMPLE t=3037.1s rss=4826MB hwm=4826MB
PHASE_MARK outer=19 leave=dcd_sweep rss=4826MB
PHASE_MARK outer=19 enter=post_refresh rss=4826MB
RSS_SAMPLE t=3037.3s rss=4826MB hwm=4826MB
RSS_SAMPLE t=3037.6s rss=4826MB hwm=4826MB
RSS_SAMPLE t=3037.8s rss=4826MB hwm=4826MB
RSS_SAMPLE t=3038.1s rss=4826MB hwm=4826MB
RSS_SAMPLE t=3038.3s rss=4826MB hwm=4826MB
RSS_SAMPLE t=3038.6s rss=4826MB hwm=4826MB
RSS_SAMPLE t=3038.8s rss=4826MB hwm=4826MB
RSS_SAMPLE t=3039.1s rss=4826MB hwm=4826MB
RSS_SAMPLE t=3039.3s rss=4826MB hwm=4826MB
RSS_SAMPLE t=3039.6s rss=4826MB hwm=4826MB
RSS_SAMPLE t=3039.8s rss=4826MB hwm=4826MB
RSS_SAMPLE t=3040.1s rss=4826MB hwm=4826MB
RSS_SAMPLE t=3040.3s rss=4826MB hwm=4826MB
RSS_SAMPLE t=3040.6s rss=4826MB hwm=4826MB
RSS_SAMPLE t=3040.8s rss=4826MB hwm=4826MB
RSS_SAMPLE t=3041.1s rss=4826MB hwm=4826MB
RSS_SAMPLE t=3041.3s rss=4826MB hwm=4826MB
RSS_SAMPLE t=3041.6s rss=4826MB hwm=4826MB
RSS_SAMPLE t=3041.8s rss=4826MB hwm=4826MB
RSS_SAMPLE t=3042.1s rss=4826MB hwm=4826MB
RSS_SAMPLE t=3042.3s rss=4826MB hwm=4826MB
RSS_SAMPLE t=3042.6s rss=4826MB hwm=4826MB
RSS_SAMPLE t=3042.8s rss=4826MB hwm=4826MB
RSS_SAMPLE t=3043.1s rss=4826MB hwm=4826MB
RSS_SAMPLE t=3043.3s rss=4826MB hwm=4826MB
RSS_SAMPLE t=3043.6s rss=4826MB hwm=4826MB
RSS_SAMPLE t=3043.8s rss=4826MB hwm=4826MB
RSS_SAMPLE t=3044.1s rss=4826MB hwm=4826MB
RSS_SAMPLE t=3044.3s rss=4826MB hwm=4826MB
RSS_SAMPLE t=3044.6s rss=4826MB hwm=4826MB
RSS_SAMPLE t=3044.8s rss=4826MB hwm=4826MB
RSS_SAMPLE t=3045.1s rss=4826MB hwm=4826MB
RSS_SAMPLE t=3045.3s rss=4826MB hwm=4826MB
RSS_SAMPLE t=3045.6s rss=4826MB hwm=4826MB
RSS_SAMPLE t=3045.8s rss=4826MB hwm=4826MB
RSS_SAMPLE t=3046.1s rss=4826MB hwm=4826MB
RSS_SAMPLE t=3046.3s rss=4826MB hwm=4826MB
RSS_SAMPLE t=3046.6s rss=4826MB hwm=4826MB
RSS_SAMPLE t=3046.8s rss=4826MB hwm=4826MB
RSS_SAMPLE t=3047.1s rss=4826MB hwm=4826MB
RSS_SAMPLE t=3047.3s rss=4826MB hwm=4826MB
RSS_SAMPLE t=3047.6s rss=4826MB hwm=4826MB
RSS_SAMPLE t=3047.8s rss=4826MB hwm=4826MB
RSS_SAMPLE t=3048.1s rss=4826MB hwm=4826MB
RSS_SAMPLE t=3048.3s rss=4826MB hwm=4826MB
RSS_SAMPLE t=3048.6s rss=4826MB hwm=4826MB
RSS_SAMPLE t=3048.8s rss=4826MB hwm=4826MB
RSS_SAMPLE t=3049.1s rss=4826MB hwm=4826MB
RSS_SAMPLE t=3049.3s rss=4826MB hwm=4826MB
RSS_SAMPLE t=3049.6s rss=4826MB hwm=4826MB
RSS_SAMPLE t=3049.8s rss=4826MB hwm=4826MB
RSS_SAMPLE t=3050.1s rss=4826MB hwm=4826MB
RSS_SAMPLE t=3050.3s rss=4826MB hwm=4826MB
RSS_SAMPLE t=3050.6s rss=4826MB hwm=4826MB
RSS_SAMPLE t=3050.8s rss=4826MB hwm=4826MB
RSS_SAMPLE t=3051.1s rss=4826MB hwm=4826MB
RSS_SAMPLE t=3051.3s rss=4826MB hwm=4826MB
RSS_SAMPLE t=3051.6s rss=4826MB hwm=4826MB
RSS_SAMPLE t=3051.8s rss=4826MB hwm=4826MB
RSS_SAMPLE t=3052.1s rss=4826MB hwm=4826MB
RSS_SAMPLE t=3052.3s rss=4826MB hwm=4826MB
RSS_SAMPLE t=3052.6s rss=4826MB hwm=4826MB
RSS_SAMPLE t=3052.8s rss=4826MB hwm=4826MB
RSS_SAMPLE t=3053.1s rss=4826MB hwm=4826MB
RSS_SAMPLE t=3053.3s rss=4826MB hwm=4826MB
RSS_SAMPLE t=3053.6s rss=4826MB hwm=4826MB
RSS_SAMPLE t=3053.9s rss=4826MB hwm=4826MB
RSS_SAMPLE t=3054.1s rss=4826MB hwm=4826MB
RSS_SAMPLE t=3054.4s rss=4826MB hwm=4826MB
RSS_SAMPLE t=3054.6s rss=4826MB hwm=4826MB
RSS_SAMPLE t=3054.9s rss=4826MB hwm=4826MB
RSS_SAMPLE t=3055.1s rss=4826MB hwm=4826MB
RSS_SAMPLE t=3055.4s rss=4826MB hwm=4826MB
RSS_SAMPLE t=3055.6s rss=4826MB hwm=4826MB
RSS_SAMPLE t=3055.9s rss=4826MB hwm=4826MB
RSS_SAMPLE t=3056.1s rss=4826MB hwm=4826MB
RSS_SAMPLE t=3056.4s rss=4826MB hwm=4826MB
RSS_SAMPLE t=3056.6s rss=4826MB hwm=4826MB
RSS_SAMPLE t=3056.9s rss=4826MB hwm=4826MB
RSS_SAMPLE t=3057.1s rss=4826MB hwm=4826MB
RSS_SAMPLE t=3057.4s rss=4826MB hwm=4826MB
RSS_SAMPLE t=3057.6s rss=4826MB hwm=4826MB
RSS_SAMPLE t=3057.9s rss=4826MB hwm=4826MB
RSS_SAMPLE t=3058.1s rss=4826MB hwm=4826MB
RSS_SAMPLE t=3058.4s rss=4826MB hwm=4826MB
RSS_SAMPLE t=3058.6s rss=4826MB hwm=4826MB
RSS_SAMPLE t=3058.9s rss=4826MB hwm=4826MB
RSS_SAMPLE t=3059.1s rss=4826MB hwm=4826MB
RSS_SAMPLE t=3059.4s rss=4826MB hwm=4826MB
RSS_SAMPLE t=3059.6s rss=4826MB hwm=4826MB
RSS_SAMPLE t=3059.9s rss=4826MB hwm=4826MB
RSS_SAMPLE t=3060.1s rss=4826MB hwm=4826MB
RSS_SAMPLE t=3060.4s rss=4826MB hwm=4826MB
RSS_SAMPLE t=3060.6s rss=4826MB hwm=4826MB
RSS_SAMPLE t=3060.9s rss=4826MB hwm=4826MB
RSS_SAMPLE t=3061.1s rss=4826MB hwm=4826MB
RSS_SAMPLE t=3061.4s rss=4826MB hwm=4826MB
RSS_SAMPLE t=3061.6s rss=4826MB hwm=4826MB
RSS_SAMPLE t=3061.9s rss=4826MB hwm=4826MB
RSS_SAMPLE t=3062.1s rss=4826MB hwm=4826MB
RSS_SAMPLE t=3062.4s rss=4826MB hwm=4826MB
RSS_SAMPLE t=3062.6s rss=4826MB hwm=4826MB
RSS_SAMPLE t=3062.9s rss=4826MB hwm=4826MB
RSS_SAMPLE t=3063.1s rss=4826MB hwm=4826MB
RSS_SAMPLE t=3063.4s rss=4826MB hwm=4826MB
RSS_SAMPLE t=3063.6s rss=4826MB hwm=4826MB
RSS_SAMPLE t=3063.9s rss=4826MB hwm=4826MB
RSS_SAMPLE t=3064.1s rss=4826MB hwm=4826MB
RSS_SAMPLE t=3064.4s rss=4826MB hwm=4826MB
RSS_SAMPLE t=3064.6s rss=4826MB hwm=4826MB
RSS_SAMPLE t=3064.9s rss=4826MB hwm=4826MB
RSS_SAMPLE t=3065.1s rss=4826MB hwm=4826MB
RSS_SAMPLE t=3065.4s rss=4826MB hwm=4826MB
RSS_SAMPLE t=3065.6s rss=4826MB hwm=4826MB
RSS_SAMPLE t=3065.9s rss=4826MB hwm=4826MB
RSS_SAMPLE t=3066.1s rss=4826MB hwm=4826MB
RSS_SAMPLE t=3066.4s rss=4826MB hwm=4826MB
RSS_SAMPLE t=3066.6s rss=4826MB hwm=4826MB
RSS_SAMPLE t=3066.9s rss=4826MB hwm=4826MB
RSS_SAMPLE t=3067.1s rss=4826MB hwm=4826MB
RSS_SAMPLE t=3067.4s rss=4826MB hwm=4826MB
RSS_SAMPLE t=3067.6s rss=4826MB hwm=4826MB
RSS_SAMPLE t=3067.9s rss=4826MB hwm=4826MB
RSS_SAMPLE t=3068.1s rss=4826MB hwm=4826MB
RSS_SAMPLE t=3068.4s rss=4826MB hwm=4826MB
RSS_SAMPLE t=3068.6s rss=4826MB hwm=4826MB
RSS_SAMPLE t=3068.9s rss=4826MB hwm=4826MB
RSS_SAMPLE t=3069.1s rss=4826MB hwm=4826MB
RSS_SAMPLE t=3069.4s rss=4826MB hwm=4826MB
RSS_SAMPLE t=3069.6s rss=4826MB hwm=4826MB
RSS_SAMPLE t=3069.9s rss=4826MB hwm=4826MB
RSS_SAMPLE t=3070.1s rss=4826MB hwm=4826MB
RSS_SAMPLE t=3070.4s rss=4826MB hwm=4826MB
RSS_SAMPLE t=3070.6s rss=4826MB hwm=4826MB
RSS_SAMPLE t=3070.9s rss=4826MB hwm=4826MB
RSS_SAMPLE t=3071.1s rss=4826MB hwm=4826MB
RSS_SAMPLE t=3071.4s rss=4826MB hwm=4826MB
RSS_SAMPLE t=3071.6s rss=4826MB hwm=4826MB
RSS_SAMPLE t=3071.9s rss=4827MB hwm=4827MB
RSS_SAMPLE t=3072.1s rss=4827MB hwm=4827MB
RSS_SAMPLE t=3072.4s rss=4827MB hwm=4827MB
RSS_SAMPLE t=3072.6s rss=4827MB hwm=4827MB
RSS_SAMPLE t=3072.9s rss=4827MB hwm=4827MB
RSS_SAMPLE t=3073.1s rss=4827MB hwm=4827MB
RSS_SAMPLE t=3073.4s rss=4827MB hwm=4827MB
RSS_SAMPLE t=3073.6s rss=4827MB hwm=4827MB
RSS_SAMPLE t=3073.9s rss=4827MB hwm=4827MB
RSS_SAMPLE t=3074.1s rss=4827MB hwm=4827MB
RSS_SAMPLE t=3074.4s rss=4827MB hwm=4827MB
RSS_SAMPLE t=3074.6s rss=4827MB hwm=4827MB
RSS_SAMPLE t=3074.9s rss=4827MB hwm=4827MB
RSS_SAMPLE t=3075.1s rss=4827MB hwm=4827MB
RSS_SAMPLE t=3075.4s rss=4827MB hwm=4827MB
RSS_SAMPLE t=3075.6s rss=4827MB hwm=4827MB
RSS_SAMPLE t=3075.9s rss=4827MB hwm=4827MB
RSS_SAMPLE t=3076.1s rss=4827MB hwm=4827MB
RSS_SAMPLE t=3076.4s rss=4827MB hwm=4827MB
RSS_SAMPLE t=3076.6s rss=4827MB hwm=4827MB
RSS_SAMPLE t=3076.9s rss=4827MB hwm=4827MB
RSS_SAMPLE t=3077.1s rss=4827MB hwm=4827MB
RSS_SAMPLE t=3077.4s rss=4827MB hwm=4827MB
RSS_SAMPLE t=3077.6s rss=4827MB hwm=4827MB
RSS_SAMPLE t=3077.9s rss=4827MB hwm=4827MB
RSS_SAMPLE t=3078.1s rss=4827MB hwm=4827MB
RSS_SAMPLE t=3078.4s rss=4827MB hwm=4827MB
RSS_SAMPLE t=3078.6s rss=4827MB hwm=4827MB
RSS_SAMPLE t=3078.9s rss=4827MB hwm=4827MB
RSS_SAMPLE t=3079.1s rss=4827MB hwm=4827MB
RSS_SAMPLE t=3079.4s rss=4827MB hwm=4827MB
RSS_SAMPLE t=3079.6s rss=4827MB hwm=4827MB
RSS_SAMPLE t=3079.9s rss=4827MB hwm=4827MB
RSS_SAMPLE t=3080.1s rss=4827MB hwm=4827MB
RSS_SAMPLE t=3080.4s rss=4827MB hwm=4827MB
RSS_SAMPLE t=3080.6s rss=4827MB hwm=4827MB
RSS_SAMPLE t=3080.9s rss=4827MB hwm=4827MB
RSS_SAMPLE t=3081.1s rss=4827MB hwm=4827MB
RSS_SAMPLE t=3081.4s rss=4827MB hwm=4827MB
RSS_SAMPLE t=3081.6s rss=4827MB hwm=4827MB
RSS_SAMPLE t=3081.9s rss=4827MB hwm=4827MB
RSS_SAMPLE t=3082.1s rss=4827MB hwm=4827MB
RSS_SAMPLE t=3082.4s rss=4827MB hwm=4827MB
RSS_SAMPLE t=3082.6s rss=4827MB hwm=4827MB
RSS_SAMPLE t=3082.9s rss=4827MB hwm=4827MB
RSS_SAMPLE t=3083.1s rss=4827MB hwm=4827MB
RSS_SAMPLE t=3083.4s rss=4827MB hwm=4827MB
RSS_SAMPLE t=3083.6s rss=4827MB hwm=4827MB
RSS_SAMPLE t=3083.9s rss=4827MB hwm=4827MB
RSS_SAMPLE t=3084.1s rss=4827MB hwm=4827MB
RSS_SAMPLE t=3084.4s rss=4827MB hwm=4827MB
RSS_SAMPLE t=3084.6s rss=4827MB hwm=4827MB
RSS_SAMPLE t=3084.9s rss=4827MB hwm=4827MB
RSS_SAMPLE t=3085.1s rss=4827MB hwm=4827MB
RSS_SAMPLE t=3085.4s rss=4827MB hwm=4827MB
RSS_SAMPLE t=3085.6s rss=4827MB hwm=4827MB
RSS_SAMPLE t=3085.9s rss=4827MB hwm=4827MB
RSS_SAMPLE t=3086.1s rss=4827MB hwm=4827MB
RSS_SAMPLE t=3086.4s rss=4827MB hwm=4827MB
RSS_SAMPLE t=3086.6s rss=4827MB hwm=4827MB
RSS_SAMPLE t=3086.9s rss=4827MB hwm=4827MB
RSS_SAMPLE t=3087.1s rss=4827MB hwm=4827MB
RSS_SAMPLE t=3087.4s rss=4827MB hwm=4827MB
RSS_SAMPLE t=3087.7s rss=4827MB hwm=4827MB
RSS_SAMPLE t=3087.9s rss=4827MB hwm=4827MB
RSS_SAMPLE t=3088.2s rss=4827MB hwm=4827MB
RSS_SAMPLE t=3088.4s rss=4827MB hwm=4827MB
RSS_SAMPLE t=3088.7s rss=4827MB hwm=4827MB
RSS_SAMPLE t=3088.9s rss=4827MB hwm=4827MB
RSS_SAMPLE t=3089.2s rss=4827MB hwm=4827MB
RSS_SAMPLE t=3089.4s rss=4827MB hwm=4827MB
RSS_SAMPLE t=3089.7s rss=4827MB hwm=4827MB
RSS_SAMPLE t=3089.9s rss=4827MB hwm=4827MB
RSS_SAMPLE t=3090.2s rss=4827MB hwm=4827MB
RSS_SAMPLE t=3090.4s rss=4827MB hwm=4827MB
RSS_SAMPLE t=3090.7s rss=4827MB hwm=4827MB
RSS_SAMPLE t=3090.9s rss=4827MB hwm=4827MB
RSS_SAMPLE t=3091.2s rss=4827MB hwm=4827MB
RSS_SAMPLE t=3091.4s rss=4827MB hwm=4827MB
RSS_SAMPLE t=3091.7s rss=4827MB hwm=4827MB
RSS_SAMPLE t=3091.9s rss=4827MB hwm=4827MB
RSS_SAMPLE t=3092.2s rss=4827MB hwm=4827MB
RSS_SAMPLE t=3092.4s rss=4827MB hwm=4827MB
RSS_SAMPLE t=3092.7s rss=4827MB hwm=4827MB
RSS_SAMPLE t=3092.9s rss=4827MB hwm=4827MB
RSS_SAMPLE t=3093.2s rss=4827MB hwm=4827MB
RSS_SAMPLE t=3093.4s rss=4827MB hwm=4827MB
RSS_SAMPLE t=3093.7s rss=4827MB hwm=4827MB
RSS_SAMPLE t=3093.9s rss=4827MB hwm=4827MB
RSS_SAMPLE t=3094.2s rss=4827MB hwm=4827MB
RSS_SAMPLE t=3094.4s rss=4827MB hwm=4827MB
RSS_SAMPLE t=3094.7s rss=4827MB hwm=4827MB
RSS_SAMPLE t=3094.9s rss=4827MB hwm=4827MB
RSS_SAMPLE t=3095.2s rss=4827MB hwm=4827MB
RSS_SAMPLE t=3095.4s rss=4827MB hwm=4827MB
RSS_SAMPLE t=3095.7s rss=4827MB hwm=4827MB
RSS_SAMPLE t=3095.9s rss=4827MB hwm=4827MB
RSS_SAMPLE t=3096.2s rss=4827MB hwm=4827MB
RSS_SAMPLE t=3096.4s rss=4827MB hwm=4827MB
RSS_SAMPLE t=3096.7s rss=4827MB hwm=4827MB
RSS_SAMPLE t=3096.9s rss=4827MB hwm=4827MB
RSS_SAMPLE t=3097.2s rss=4827MB hwm=4827MB
RSS_SAMPLE t=3097.4s rss=4827MB hwm=4827MB
RSS_SAMPLE t=3097.7s rss=4827MB hwm=4827MB
RSS_SAMPLE t=3097.9s rss=4827MB hwm=4827MB
RSS_SAMPLE t=3098.2s rss=4827MB hwm=4827MB
RSS_SAMPLE t=3098.4s rss=4827MB hwm=4827MB
RSS_SAMPLE t=3098.7s rss=4827MB hwm=4827MB
RSS_SAMPLE t=3098.9s rss=4827MB hwm=4827MB
RSS_SAMPLE t=3099.2s rss=4827MB hwm=4827MB
RSS_SAMPLE t=3099.4s rss=4827MB hwm=4827MB
RSS_SAMPLE t=3099.7s rss=4827MB hwm=4827MB
RSS_SAMPLE t=3099.9s rss=4827MB hwm=4827MB
RSS_SAMPLE t=3100.2s rss=4827MB hwm=4827MB
RSS_SAMPLE t=3100.4s rss=4827MB hwm=4827MB
RSS_SAMPLE t=3100.7s rss=4827MB hwm=4827MB
RSS_SAMPLE t=3100.9s rss=4827MB hwm=4827MB
RSS_SAMPLE t=3101.2s rss=4827MB hwm=4827MB
RSS_SAMPLE t=3101.4s rss=4827MB hwm=4827MB
RSS_SAMPLE t=3101.7s rss=4827MB hwm=4827MB
RSS_SAMPLE t=3101.9s rss=4827MB hwm=4827MB
RSS_SAMPLE t=3102.2s rss=4827MB hwm=4827MB
RSS_SAMPLE t=3102.4s rss=4827MB hwm=4827MB
RSS_SAMPLE t=3102.7s rss=4827MB hwm=4827MB
RSS_SAMPLE t=3102.9s rss=4827MB hwm=4827MB
RSS_SAMPLE t=3103.2s rss=4827MB hwm=4827MB
RSS_SAMPLE t=3103.4s rss=4827MB hwm=4827MB
RSS_SAMPLE t=3103.7s rss=4827MB hwm=4827MB
RSS_SAMPLE t=3103.9s rss=4827MB hwm=4827MB
RSS_SAMPLE t=3104.2s rss=4827MB hwm=4827MB
RSS_SAMPLE t=3104.4s rss=4827MB hwm=4827MB
RSS_SAMPLE t=3104.7s rss=4827MB hwm=4827MB
MEM_POOL: workspaces=32 dense_usage_mb=1251 n_pipes=2562403
    post_solve_diag[outer=19]: solves=105117 cap_armed=105117 (100.0%) settle_avg=4046 above_sink_avg=209 (5.2%) settle_max=69353
    load_support[outer=19]: settle_avg=4046 load_nz_avg=3258 (80.5%) load_material_avg=2177 (53.8%)
    prune_ceiling[outer=19]: settle_avg=4046 heuristic_prunable_avg=290 (7.2%) vs oracle_zero_load=19.5%
    settle_hist[outer=19]: <100: 26116nets/0.3%work  <1k: 30453nets/2.5%work  <5k: 24674nets/15.1%work  <20k: 18692nets/44.8%work  <60k: 5141nets/36.7%work  >=60k: 41nets/0.6%work
    fanout_hist[outer=19]: fan1: 43710nets/13.9%work  fan2-4: 48279nets/49.6%work  fan5-16: 12974nets/35.5%work  fan17-64: 154nets/1.0%work  fan65-256: 0nets/0.0%work  fan>256: 0nets/0.0%work
    rss_probe[outer=19]: pre_post_solve=4826MB post_post_solve=4827MB after_apply=4827MB
RSS_SAMPLE t=3104.9s rss=4827MB hwm=4827MB
    E_decomp: base=8381956.3 eff=20477509466957.6 cong=20477501085001.2 cong_share=100.0% sat_pipes=302742 max_util=991.99  R_buckets: 1-2x=1218210 2-10x=107540 10-100x=175423 >=100x=1061230
    E_potential: beckmann=129714344145702.9 history_total=0.0
    SpanCache: epoch=20 entries=1980 lookups=2562403 hits=2560423 misses=1980 hit_rate=99.9%
  DCD  19: nets=105117 line=9641215 energy=6900445383.544 dE=+4852757138.179 friction=5404265.4 bins=2.0x(221) excess=71.6 moved=67681 disp=3.498 solves=105117 skip=105117 pops=425352698 theta=5.000 refresh=67642ms dcd=7134ms total=77547ms
    cache_stats: entries=57430569 capacity=125780277 est_mb=1084 rss_mb=4827
DCD done: energy=6900445383.544 line=9641215 friction=5404265.4 bins=2.0x(221) excess=71.6
MuxSlotTracker: 125634 commit rejections over entire DCD
MuxSlotTracker[post-DCD]: populated_cells=67695, overflow_tiles=0, at_cap_tiles=81, peak_excess=0, capacity_hist={16:67346}
Pre-legalization: HPWL=7545692
  type DFF: 302 valid columns, 1077536 total BELs
  type LUT6: 302 valid columns, 538768 total BELs
TypeAwarePlacement: 2 cell types
RSS_SAMPLE t=3105.2s rss=2933MB hwm=4823MB
RSS_SAMPLE t=3105.4s rss=2983MB hwm=4823MB
RSS_SAMPLE t=3105.7s rss=2983MB hwm=4823MB
RSS_SAMPLE t=3105.9s rss=2983MB hwm=4823MB
RSS_SAMPLE t=3106.2s rss=2983MB hwm=4823MB
RSS_SAMPLE t=3106.4s rss=2983MB hwm=4823MB
RSS_SAMPLE t=3106.7s rss=2983MB hwm=4823MB
  SortedLegalizer: cluster_rejects=108445 shared_mux_rejects=5436986 arch_validity_rejects=0
RSS_SAMPLE t=3106.9s rss=2909MB hwm=4823MB
Post-legalization: HPWL=7387808, line=9707634
Per-net HPWL: 105118 nets, total=7387808
  #0: hpwl=531 fanout=93000 (0.0%)
  #1: hpwl=522 fanout=17 (0.0%)
  #2: hpwl=516 fanout=11 (0.0%)
  #3: hpwl=516 fanout=23 (0.0%)
  #4: hpwl=515 fanout=6 (0.0%)
  #5: hpwl=515 fanout=21 (0.0%)
  #6: hpwl=514 fanout=7 (0.0%)
  #7: hpwl=513 fanout=20 (0.0%)
  #8: hpwl=512 fanout=10 (0.0%)
  #9: hpwl=511 fanout=13 (0.0%)
  50% of HPWL from top 13452 nets (of 105118)
