Running scope as unit: run-rae72315e2e9247da878eebc8847d1c05.scope
chipdb: /home/kelvin/side-project/eisenjoch/chip_database/xc7_large.bin
design: /home/kelvin/side-project/eisenjoch/benchmark/ispd/generated/2016/FPGA01/FPGA01.json
RSS_SAMPLE t=0.0s rss=3MB hwm=3MB
RSS_SAMPLE t=0.3s rss=440MB hwm=440MB
RSS_SAMPLE t=0.5s rss=717MB hwm=717MB
RSS_SAMPLE t=0.8s rss=824MB hwm=824MB
RSS_SAMPLE t=1.0s rss=819MB hwm=823MB
RSS_SAMPLE t=1.3s rss=819MB hwm=823MB
RSS_SAMPLE t=1.5s rss=820MB hwm=823MB
cfg: max_outer_iters=20 blend_alpha=0.5 hardening_step=0 graph_model=TwoLevelPip
  topological compress: density=0.60 target_tiles=15971 final_tiles=15777 scale=1.851 center=(205.1,111.0)
  topological init: n_movable=76660, n_edges=229053, max_layer=26775, back_edges=54022, n_anchored=0
RSS_SAMPLE t=1.8s rss=820MB hwm=823MB
RSS_SAMPLE t=2.0s rss=820MB hwm=823MB
RSS_SAMPLE t=2.3s rss=820MB hwm=823MB
RSS_SAMPLE t=2.5s rss=820MB hwm=823MB
RSS_SAMPLE t=2.8s rss=820MB hwm=823MB
RSS_SAMPLE t=3.0s rss=820MB hwm=823MB
RSS_SAMPLE t=3.3s rss=820MB hwm=823MB
RSS_SAMPLE t=3.5s rss=820MB hwm=823MB
RSS_SAMPLE t=3.8s rss=820MB hwm=823MB
RSS_SAMPLE t=4.0s rss=820MB hwm=823MB
RSS_SAMPLE t=4.3s rss=820MB hwm=823MB
RSS_SAMPLE t=4.5s rss=820MB hwm=823MB
RSS_SAMPLE t=4.8s rss=820MB hwm=823MB
RSS_SAMPLE t=5.0s rss=820MB hwm=823MB
RSS_SAMPLE t=5.3s rss=820MB hwm=823MB
RSS_SAMPLE t=5.5s rss=820MB hwm=823MB
RSS_SAMPLE t=5.8s rss=820MB hwm=823MB
RSS_SAMPLE t=6.0s rss=820MB hwm=823MB
RSS_SAMPLE t=6.3s rss=820MB hwm=823MB
RSS_SAMPLE t=6.5s rss=820MB hwm=823MB
RSS_SAMPLE t=6.8s rss=820MB hwm=823MB
RSS_SAMPLE t=7.0s rss=820MB hwm=823MB
RSS_SAMPLE t=7.3s rss=820MB hwm=823MB
RSS_SAMPLE t=7.5s rss=820MB hwm=823MB
RSS_SAMPLE t=7.8s rss=820MB hwm=823MB
RSS_SAMPLE t=8.0s rss=820MB hwm=823MB
RSS_SAMPLE t=8.3s rss=820MB hwm=823MB
RSS_SAMPLE t=8.5s rss=820MB hwm=823MB
RSS_SAMPLE t=8.8s rss=820MB hwm=823MB
RSS_SAMPLE t=9.0s rss=820MB hwm=823MB
RSS_SAMPLE t=9.3s rss=820MB hwm=823MB
RSS_SAMPLE t=9.5s rss=820MB hwm=823MB
RSS_SAMPLE t=9.8s rss=820MB hwm=823MB
RSS_SAMPLE t=10.0s rss=820MB hwm=823MB
RSS_SAMPLE t=10.3s rss=820MB hwm=823MB
RSS_SAMPLE t=10.5s rss=820MB hwm=823MB
RSS_SAMPLE t=10.8s rss=820MB hwm=823MB
RSS_SAMPLE t=11.0s rss=820MB hwm=823MB
RSS_SAMPLE t=11.3s rss=820MB hwm=823MB
RSS_SAMPLE t=11.5s rss=820MB hwm=823MB
RSS_SAMPLE t=11.8s rss=820MB hwm=823MB
RSS_SAMPLE t=12.0s rss=820MB hwm=823MB
RSS_SAMPLE t=12.3s rss=820MB hwm=823MB
RSS_SAMPLE t=12.5s rss=820MB hwm=823MB
RSS_SAMPLE t=12.8s rss=820MB hwm=823MB
RSS_SAMPLE t=13.0s rss=820MB hwm=823MB
RSS_SAMPLE t=13.3s rss=820MB hwm=823MB
RSS_SAMPLE t=13.5s rss=820MB hwm=823MB
RSS_SAMPLE t=13.8s rss=820MB hwm=823MB
RSS_SAMPLE t=14.0s rss=820MB hwm=823MB
RSS_SAMPLE t=14.3s rss=820MB hwm=823MB
RSS_SAMPLE t=14.5s rss=820MB hwm=823MB
RSS_SAMPLE t=14.8s rss=820MB hwm=823MB
RSS_SAMPLE t=15.0s rss=820MB hwm=823MB
RSS_SAMPLE t=15.3s rss=820MB hwm=823MB
RSS_SAMPLE t=15.5s rss=820MB hwm=823MB
RSS_SAMPLE t=15.8s rss=820MB hwm=823MB
RSS_SAMPLE t=16.0s rss=820MB hwm=823MB
RSS_SAMPLE t=16.3s rss=820MB hwm=823MB
RSS_SAMPLE t=16.5s rss=820MB hwm=823MB
RSS_SAMPLE t=16.8s rss=820MB hwm=823MB
RSS_SAMPLE t=17.0s rss=820MB hwm=823MB
RSS_SAMPLE t=17.3s rss=820MB hwm=823MB
RSS_SAMPLE t=17.5s rss=820MB hwm=823MB
RSS_SAMPLE t=17.8s rss=820MB hwm=823MB
RSS_SAMPLE t=18.0s rss=820MB hwm=823MB
RSS_SAMPLE t=18.3s rss=820MB hwm=823MB
RSS_SAMPLE t=18.5s rss=820MB hwm=823MB
RSS_SAMPLE t=18.8s rss=820MB hwm=823MB
RSS_SAMPLE t=19.0s rss=820MB hwm=823MB
RSS_SAMPLE t=19.3s rss=820MB hwm=823MB
RSS_SAMPLE t=19.5s rss=820MB hwm=823MB
RSS_SAMPLE t=19.8s rss=820MB hwm=823MB
RSS_SAMPLE t=20.0s rss=820MB hwm=823MB
RSS_SAMPLE t=20.3s rss=820MB hwm=823MB
RSS_SAMPLE t=20.5s rss=820MB hwm=823MB
RSS_SAMPLE t=20.8s rss=820MB hwm=823MB
RSS_SAMPLE t=21.0s rss=820MB hwm=823MB
RSS_SAMPLE t=21.3s rss=820MB hwm=823MB
RSS_SAMPLE t=21.5s rss=820MB hwm=823MB
RSS_SAMPLE t=21.8s rss=820MB hwm=823MB
RSS_SAMPLE t=22.0s rss=820MB hwm=823MB
RSS_SAMPLE t=22.3s rss=820MB hwm=823MB
RSS_SAMPLE t=22.5s rss=820MB hwm=823MB
RSS_SAMPLE t=22.8s rss=820MB hwm=823MB
RSS_SAMPLE t=23.0s rss=820MB hwm=823MB
RSS_SAMPLE t=23.3s rss=820MB hwm=823MB
RSS_SAMPLE t=23.5s rss=820MB hwm=823MB
RSS_SAMPLE t=23.8s rss=820MB hwm=823MB
RSS_SAMPLE t=24.0s rss=820MB hwm=823MB
RSS_SAMPLE t=24.3s rss=820MB hwm=823MB
RSS_SAMPLE t=24.5s rss=820MB hwm=823MB
RSS_SAMPLE t=24.8s rss=820MB hwm=823MB
RSS_SAMPLE t=25.0s rss=820MB hwm=823MB
RSS_SAMPLE t=25.3s rss=820MB hwm=823MB
RSS_SAMPLE t=25.5s rss=820MB hwm=823MB
RSS_SAMPLE t=25.8s rss=820MB hwm=823MB
RSS_SAMPLE t=26.0s rss=820MB hwm=823MB
RSS_SAMPLE t=26.3s rss=820MB hwm=823MB
RSS_SAMPLE t=26.5s rss=820MB hwm=823MB
RSS_SAMPLE t=26.8s rss=820MB hwm=823MB
RSS_SAMPLE t=27.0s rss=820MB hwm=823MB
RSS_SAMPLE t=27.3s rss=820MB hwm=823MB
RSS_SAMPLE t=27.5s rss=820MB hwm=823MB
RSS_SAMPLE t=27.8s rss=820MB hwm=823MB
RSS_SAMPLE t=28.0s rss=820MB hwm=823MB
RSS_SAMPLE t=28.3s rss=820MB hwm=823MB
RSS_SAMPLE t=28.5s rss=820MB hwm=823MB
RSS_SAMPLE t=28.8s rss=820MB hwm=823MB
RSS_SAMPLE t=29.0s rss=820MB hwm=823MB
RSS_SAMPLE t=29.3s rss=820MB hwm=823MB
RSS_SAMPLE t=29.5s rss=820MB hwm=823MB
RSS_SAMPLE t=29.8s rss=820MB hwm=823MB
RSS_SAMPLE t=30.0s rss=820MB hwm=823MB
RSS_SAMPLE t=30.3s rss=820MB hwm=823MB
RSS_SAMPLE t=30.5s rss=820MB hwm=823MB
RSS_SAMPLE t=30.8s rss=820MB hwm=823MB
RSS_SAMPLE t=31.0s rss=820MB hwm=823MB
RSS_SAMPLE t=31.3s rss=820MB hwm=823MB
RSS_SAMPLE t=31.5s rss=820MB hwm=823MB
RSS_SAMPLE t=31.8s rss=820MB hwm=823MB
RSS_SAMPLE t=32.0s rss=820MB hwm=823MB
RSS_SAMPLE t=32.3s rss=820MB hwm=823MB
RSS_SAMPLE t=32.5s rss=820MB hwm=823MB
RSS_SAMPLE t=32.8s rss=820MB hwm=823MB
RSS_SAMPLE t=33.0s rss=820MB hwm=823MB
RSS_SAMPLE t=33.3s rss=820MB hwm=823MB
RSS_SAMPLE t=33.5s rss=820MB hwm=823MB
RSS_SAMPLE t=33.8s rss=820MB hwm=823MB
RSS_SAMPLE t=34.0s rss=820MB hwm=823MB
RSS_SAMPLE t=34.3s rss=820MB hwm=823MB
RSS_SAMPLE t=34.5s rss=820MB hwm=823MB
RSS_SAMPLE t=34.8s rss=820MB hwm=823MB
RSS_SAMPLE t=35.0s rss=820MB hwm=823MB
RSS_SAMPLE t=35.3s rss=820MB hwm=823MB
RSS_SAMPLE t=35.5s rss=820MB hwm=823MB
RSS_SAMPLE t=35.8s rss=820MB hwm=823MB
RSS_SAMPLE t=36.0s rss=820MB hwm=823MB
RSS_SAMPLE t=36.3s rss=820MB hwm=823MB
RSS_SAMPLE t=36.5s rss=820MB hwm=823MB
RSS_SAMPLE t=36.8s rss=820MB hwm=823MB
RSS_SAMPLE t=37.0s rss=820MB hwm=823MB
RSS_SAMPLE t=37.3s rss=820MB hwm=823MB
RSS_SAMPLE t=37.5s rss=820MB hwm=823MB
RSS_SAMPLE t=37.8s rss=820MB hwm=823MB
RSS_SAMPLE t=38.0s rss=820MB hwm=823MB
RSS_SAMPLE t=38.3s rss=820MB hwm=823MB
RSS_SAMPLE t=38.5s rss=820MB hwm=823MB
RSS_SAMPLE t=38.8s rss=820MB hwm=823MB
RSS_SAMPLE t=39.0s rss=820MB hwm=823MB
RSS_SAMPLE t=39.3s rss=820MB hwm=823MB
RSS_SAMPLE t=39.5s rss=820MB hwm=823MB
RSS_SAMPLE t=39.8s rss=820MB hwm=823MB
RSS_SAMPLE t=40.0s rss=820MB hwm=823MB
RSS_SAMPLE t=40.3s rss=820MB hwm=823MB
RSS_SAMPLE t=40.5s rss=820MB hwm=823MB
RSS_SAMPLE t=40.8s rss=820MB hwm=823MB
RSS_SAMPLE t=41.0s rss=820MB hwm=823MB
RSS_SAMPLE t=41.3s rss=820MB hwm=823MB
RSS_SAMPLE t=41.5s rss=820MB hwm=823MB
RSS_SAMPLE t=41.8s rss=820MB hwm=823MB
RSS_SAMPLE t=42.0s rss=820MB hwm=823MB
RSS_SAMPLE t=42.3s rss=820MB hwm=823MB
RSS_SAMPLE t=42.5s rss=820MB hwm=823MB
RSS_SAMPLE t=42.8s rss=820MB hwm=823MB
RSS_SAMPLE t=43.0s rss=820MB hwm=823MB
RSS_SAMPLE t=43.3s rss=820MB hwm=823MB
RSS_SAMPLE t=43.5s rss=820MB hwm=823MB
RSS_SAMPLE t=43.8s rss=820MB hwm=823MB
RSS_SAMPLE t=44.0s rss=820MB hwm=823MB
RSS_SAMPLE t=44.3s rss=820MB hwm=823MB
RSS_SAMPLE t=44.5s rss=820MB hwm=823MB
RSS_SAMPLE t=44.8s rss=820MB hwm=823MB
RSS_SAMPLE t=45.0s rss=820MB hwm=823MB
RSS_SAMPLE t=45.3s rss=820MB hwm=823MB
RSS_SAMPLE t=45.5s rss=820MB hwm=823MB
RSS_SAMPLE t=45.8s rss=820MB hwm=823MB
RSS_SAMPLE t=46.0s rss=820MB hwm=823MB
RSS_SAMPLE t=46.3s rss=820MB hwm=823MB
RSS_SAMPLE t=46.5s rss=820MB hwm=823MB
RSS_SAMPLE t=46.8s rss=820MB hwm=823MB
RSS_SAMPLE t=47.0s rss=820MB hwm=823MB
RSS_SAMPLE t=47.3s rss=820MB hwm=823MB
RSS_SAMPLE t=47.5s rss=820MB hwm=823MB
RSS_SAMPLE t=47.8s rss=820MB hwm=823MB
RSS_SAMPLE t=48.0s rss=820MB hwm=823MB
RSS_SAMPLE t=48.3s rss=820MB hwm=823MB
RSS_SAMPLE t=48.5s rss=820MB hwm=823MB
RSS_SAMPLE t=48.8s rss=820MB hwm=823MB
RSS_SAMPLE t=49.0s rss=820MB hwm=823MB
RSS_SAMPLE t=49.3s rss=820MB hwm=823MB
RSS_SAMPLE t=49.5s rss=820MB hwm=823MB
RSS_SAMPLE t=49.8s rss=820MB hwm=823MB
RSS_SAMPLE t=50.0s rss=820MB hwm=823MB
RSS_SAMPLE t=50.3s rss=820MB hwm=823MB
RSS_SAMPLE t=50.5s rss=820MB hwm=823MB
RSS_SAMPLE t=50.8s rss=820MB hwm=823MB
RSS_SAMPLE t=51.0s rss=820MB hwm=823MB
RSS_SAMPLE t=51.3s rss=820MB hwm=823MB
RSS_SAMPLE t=51.5s rss=820MB hwm=823MB
RSS_SAMPLE t=51.8s rss=820MB hwm=823MB
RSS_SAMPLE t=52.0s rss=820MB hwm=823MB
RSS_SAMPLE t=52.3s rss=820MB hwm=823MB
RSS_SAMPLE t=52.5s rss=820MB hwm=823MB
RSS_SAMPLE t=52.8s rss=871MB hwm=871MB
RSS_SAMPLE t=53.0s rss=914MB hwm=914MB
RSS_SAMPLE t=53.3s rss=933MB hwm=933MB
RSS_SAMPLE t=53.5s rss=933MB hwm=933MB
RSS_SAMPLE t=53.8s rss=933MB hwm=933MB
RSS_SAMPLE t=54.0s rss=933MB hwm=933MB
RSS_SAMPLE t=54.3s rss=933MB hwm=933MB
RSS_SAMPLE t=54.5s rss=933MB hwm=933MB
  Skipped truly-null coarse cells: 0 (of 69353 total); pruned pipes: src_null=0 dst_null=0
  Pipe capacity by span:
    span=  1: 138172 pipes, cap min=1 avg=134.5 max=432
    span=  2: 136455 pipes, cap min=2 avg=50.7 max=118
    span=  3: 135619 pipes, cap min=2 avg=26.1 max=52
    span=  4: 136319 pipes, cap min=2 avg=22.7 max=140
    span=  5: 135918 pipes, cap min=2 avg=66.1 max=124
    span=  6: 201217 pipes, cap min=2 avg=15.2 max=28
    span=  7: 200933 pipes, cap min=1 avg=7.3 max=20
    span=  8: 132748 pipes, cap min=2 avg=6.0 max=10
    span=  9: 130848 pipes, cap min=2 avg=6.0 max=10
    span= 10: 131090 pipes, cap min=2 avg=2.2 max=31
    span= 11: 129628 pipes, cap min=2 avg=2.0 max=4
    span= 12: 129018 pipes, cap min=2 avg=2.0 max=4
    span= 13: 128408 pipes, cap min=1 avg=1.5 max=4
    span= 14: 127798 pipes, cap min=1 avg=1.0 max=2
    span= 15: 127188 pipes, cap min=1 avg=1.0 max=2
    span= 16: 126578 pipes, cap min=1 avg=1.0 max=2
    span= 17: 125968 pipes, cap min=1 avg=1.0 max=2
    span= 18: 125358 pipes, cap min=1 avg=1.0 max=2
    span= 19: 63140 pipes, cap min=1 avg=1.0 max=2
  Thin span-1 pipes (cap<=2): 222 total, by tile-type pair (top 20):
    NULL <-> NULL: 220
    CLK_BUFG <-> NULL: 2
  Pipe cost: span^0.50 model (r1=1), span-1=1.000, span-12=3.464, 2×span-6=4.899, 12×span-1=12.000
RSS_SAMPLE t=54.8s rss=1030MB hwm=1030MB
  topological compress: density=0.60 target_tiles=15971 final_tiles=15777 scale=1.851 center=(205.1,111.0)
  topological init: n_movable=76660, n_edges=229053, max_layer=26775, back_edges=54022, n_anchored=0
  type DFF: 302 valid columns, 1077536 total BELs
  type LUT6: 302 valid columns, 538768 total BELs
TypeAwarePlacement: 2 cell types
Coordinate descent mode: 76660 cells, scale 1.00
CellValidityMask: 76660 cells, 311x223 grid, 2 bucket masks, per-cell valid positions: min=67346 avg=67346.0 max=67346, unmapped cells=0
MuxSlotTracker: 76660 cells (76660 with external fanout), 67346 tiles, total_cap=1077536, active_buckets=[DFF,LUT6], built in 72.0ms
MuxSlotTracker[post-seed]: populated_cells=27114, overflow_tiles=518, at_cap_tiles=50, peak_excess=41, capacity_hist={16:67346}
DCD placer: 76660 cells, 69353 nodes, outer_iters=20, dcd_iters_per_cell=8, graph_model=TwoLevelPip
MEM_STATIC: pipes=352MB nodes=1MB adjacency=78MB pipe_cost_vecs=59MB validity_mask=0MB n_pipes=2562403 n_edges=5124806 rss=1044MB
Softmin position update: enabled, theta 0.250 -> 5.000 (anneal over 20 iters)
RSS_SAMPLE t=55.0s rss=1071MB hwm=1071MB
RSS_SAMPLE t=55.3s rss=1071MB hwm=1071MB
RSS_SAMPLE t=55.5s rss=1071MB hwm=1071MB
RSS_SAMPLE t=55.8s rss=1071MB hwm=1071MB
RSS_SAMPLE t=56.0s rss=1071MB hwm=1071MB
RSS_SAMPLE t=56.3s rss=1071MB hwm=1071MB
RSS_SAMPLE t=56.5s rss=1071MB hwm=1071MB
RSS_SAMPLE t=56.8s rss=1071MB hwm=1071MB
RSS_SAMPLE t=57.0s rss=1071MB hwm=1071MB
RSS_SAMPLE t=57.3s rss=1071MB hwm=1071MB
    SwitchMatrix: type_usage_pairs=7 lookups=110 hits=103 dijkstra_calls=7 avg_us=10.4 total_ms=0.1
PHASE_MARK outer=0 enter=pre_solve rss=1075MB
RSS_SAMPLE t=57.5s rss=1190MB hwm=1190MB
RSS_SAMPLE t=57.8s rss=1221MB hwm=1221MB
RSS_SAMPLE t=58.0s rss=1235MB hwm=1235MB
RSS_SAMPLE t=58.3s rss=1242MB hwm=1242MB
RSS_SAMPLE t=58.5s rss=1247MB hwm=1247MB
RSS_SAMPLE t=58.8s rss=1252MB hwm=1252MB
RSS_SAMPLE t=59.0s rss=1258MB hwm=1258MB
RSS_SAMPLE t=59.3s rss=1262MB hwm=1262MB
RSS_SAMPLE t=59.5s rss=1267MB hwm=1267MB
RSS_SAMPLE t=59.8s rss=1273MB hwm=1273MB
RSS_SAMPLE t=60.0s rss=1281MB hwm=1281MB
RSS_SAMPLE t=60.3s rss=1287MB hwm=1287MB
RSS_SAMPLE t=60.5s rss=1294MB hwm=1294MB
RSS_SAMPLE t=60.8s rss=1300MB hwm=1300MB
RSS_SAMPLE t=61.0s rss=1308MB hwm=1308MB
RSS_SAMPLE t=61.3s rss=1315MB hwm=1315MB
RSS_SAMPLE t=61.5s rss=1322MB hwm=1322MB
RSS_SAMPLE t=61.8s rss=1330MB hwm=1330MB
RSS_SAMPLE t=62.0s rss=1336MB hwm=1336MB
RSS_SAMPLE t=62.3s rss=1342MB hwm=1342MB
RSS_SAMPLE t=62.5s rss=1349MB hwm=1349MB
RSS_SAMPLE t=62.8s rss=1356MB hwm=1356MB
RSS_SAMPLE t=63.0s rss=1363MB hwm=1363MB
RSS_SAMPLE t=63.3s rss=1369MB hwm=1369MB
RSS_SAMPLE t=63.5s rss=1375MB hwm=1375MB
RSS_SAMPLE t=63.8s rss=1381MB hwm=1381MB
RSS_SAMPLE t=64.0s rss=1387MB hwm=1387MB
RSS_SAMPLE t=64.3s rss=1394MB hwm=1394MB
RSS_SAMPLE t=64.5s rss=1401MB hwm=1401MB
RSS_SAMPLE t=64.8s rss=1407MB hwm=1407MB
RSS_SAMPLE t=65.0s rss=1413MB hwm=1413MB
RSS_SAMPLE t=65.3s rss=1420MB hwm=1420MB
RSS_SAMPLE t=65.5s rss=1426MB hwm=1426MB
RSS_SAMPLE t=65.8s rss=1433MB hwm=1433MB
RSS_SAMPLE t=66.0s rss=1441MB hwm=1441MB
RSS_SAMPLE t=66.3s rss=1448MB hwm=1448MB
RSS_SAMPLE t=66.5s rss=1455MB hwm=1455MB
RSS_SAMPLE t=66.8s rss=1462MB hwm=1462MB
RSS_SAMPLE t=67.0s rss=1468MB hwm=1468MB
RSS_SAMPLE t=67.3s rss=1475MB hwm=1475MB
RSS_SAMPLE t=67.5s rss=1483MB hwm=1483MB
RSS_SAMPLE t=67.8s rss=1491MB hwm=1491MB
RSS_SAMPLE t=68.0s rss=1499MB hwm=1499MB
RSS_SAMPLE t=68.3s rss=1505MB hwm=1505MB
RSS_SAMPLE t=68.5s rss=1512MB hwm=1512MB
RSS_SAMPLE t=68.8s rss=1519MB hwm=1519MB
RSS_SAMPLE t=69.0s rss=1526MB hwm=1526MB
RSS_SAMPLE t=69.3s rss=1532MB hwm=1532MB
RSS_SAMPLE t=69.5s rss=1539MB hwm=1539MB
RSS_SAMPLE t=69.8s rss=1545MB hwm=1545MB
RSS_SAMPLE t=70.0s rss=1552MB hwm=1552MB
RSS_SAMPLE t=70.3s rss=1558MB hwm=1558MB
RSS_SAMPLE t=70.5s rss=1564MB hwm=1564MB
RSS_SAMPLE t=70.8s rss=1571MB hwm=1571MB
RSS_SAMPLE t=71.0s rss=1577MB hwm=1577MB
RSS_SAMPLE t=71.3s rss=1582MB hwm=1582MB
RSS_SAMPLE t=71.5s rss=1588MB hwm=1588MB
RSS_SAMPLE t=71.8s rss=1593MB hwm=1593MB
RSS_SAMPLE t=72.0s rss=1601MB hwm=1601MB
RSS_SAMPLE t=72.3s rss=1608MB hwm=1608MB
RSS_SAMPLE t=72.5s rss=1613MB hwm=1613MB
RSS_SAMPLE t=72.8s rss=1621MB hwm=1621MB
RSS_SAMPLE t=73.0s rss=1626MB hwm=1626MB
RSS_SAMPLE t=73.3s rss=1634MB hwm=1634MB
RSS_SAMPLE t=73.5s rss=1640MB hwm=1640MB
RSS_SAMPLE t=73.8s rss=1647MB hwm=1647MB
RSS_SAMPLE t=74.0s rss=1652MB hwm=1652MB
RSS_SAMPLE t=74.3s rss=1659MB hwm=1659MB
RSS_SAMPLE t=74.5s rss=1664MB hwm=1664MB
RSS_SAMPLE t=74.8s rss=1670MB hwm=1670MB
RSS_SAMPLE t=75.0s rss=1677MB hwm=1677MB
RSS_SAMPLE t=75.3s rss=1683MB hwm=1683MB
RSS_SAMPLE t=75.5s rss=1689MB hwm=1689MB
RSS_SAMPLE t=75.8s rss=1696MB hwm=1696MB
RSS_SAMPLE t=76.0s rss=1701MB hwm=1701MB
RSS_SAMPLE t=76.3s rss=1707MB hwm=1707MB
RSS_SAMPLE t=76.5s rss=1714MB hwm=1714MB
RSS_SAMPLE t=76.8s rss=1721MB hwm=1721MB
RSS_SAMPLE t=77.1s rss=1727MB hwm=1727MB
RSS_SAMPLE t=77.3s rss=1733MB hwm=1733MB
RSS_SAMPLE t=77.6s rss=1739MB hwm=1739MB
RSS_SAMPLE t=77.8s rss=1746MB hwm=1746MB
RSS_SAMPLE t=78.1s rss=1752MB hwm=1752MB
RSS_SAMPLE t=78.3s rss=1757MB hwm=1757MB
RSS_SAMPLE t=78.6s rss=1763MB hwm=1763MB
RSS_SAMPLE t=78.8s rss=1769MB hwm=1769MB
RSS_SAMPLE t=79.1s rss=1775MB hwm=1775MB
RSS_SAMPLE t=79.3s rss=1780MB hwm=1780MB
RSS_SAMPLE t=79.6s rss=1787MB hwm=1787MB
RSS_SAMPLE t=79.8s rss=1792MB hwm=1792MB
RSS_SAMPLE t=80.1s rss=1798MB hwm=1798MB
RSS_SAMPLE t=80.3s rss=1805MB hwm=1805MB
RSS_SAMPLE t=80.6s rss=1809MB hwm=1809MB
RSS_SAMPLE t=80.8s rss=1815MB hwm=1815MB
RSS_SAMPLE t=81.1s rss=1822MB hwm=1822MB
RSS_SAMPLE t=81.3s rss=1828MB hwm=1828MB
RSS_SAMPLE t=81.6s rss=1835MB hwm=1835MB
RSS_SAMPLE t=81.8s rss=1840MB hwm=1840MB
RSS_SAMPLE t=82.1s rss=1846MB hwm=1846MB
RSS_SAMPLE t=82.3s rss=1852MB hwm=1852MB
RSS_SAMPLE t=82.6s rss=1856MB hwm=1856MB
RSS_SAMPLE t=82.8s rss=1861MB hwm=1861MB
RSS_SAMPLE t=83.1s rss=1866MB hwm=1866MB
RSS_SAMPLE t=83.3s rss=1871MB hwm=1871MB
RSS_SAMPLE t=83.6s rss=1876MB hwm=1876MB
RSS_SAMPLE t=83.8s rss=1879MB hwm=1879MB
RSS_SAMPLE t=84.1s rss=1882MB hwm=1882MB
RSS_SAMPLE t=84.3s rss=1884MB hwm=1884MB
RSS_SAMPLE t=84.6s rss=1886MB hwm=1886MB
RSS_SAMPLE t=84.8s rss=1888MB hwm=1888MB
RSS_SAMPLE t=85.1s rss=1888MB hwm=1888MB
RSS_SAMPLE t=85.3s rss=1889MB hwm=1889MB
RSS_SAMPLE t=85.6s rss=1889MB hwm=1889MB
RSS_SAMPLE t=85.8s rss=1890MB hwm=1890MB
RSS_SAMPLE t=86.1s rss=1890MB hwm=1890MB
RSS_SAMPLE t=86.3s rss=1891MB hwm=1891MB
RSS_SAMPLE t=86.6s rss=1892MB hwm=1892MB
RSS_SAMPLE t=86.8s rss=1893MB hwm=1893MB
RSS_SAMPLE t=87.1s rss=1893MB hwm=1893MB
RSS_SAMPLE t=87.3s rss=1893MB hwm=1893MB
RSS_SAMPLE t=87.6s rss=1894MB hwm=1894MB
RSS_SAMPLE t=87.8s rss=1895MB hwm=1895MB
RSS_SAMPLE t=88.1s rss=1895MB hwm=1895MB
RSS_SAMPLE t=88.3s rss=1896MB hwm=1896MB
RSS_SAMPLE t=88.6s rss=1896MB hwm=1896MB
RSS_SAMPLE t=88.8s rss=1896MB hwm=1896MB
RSS_SAMPLE t=89.1s rss=1897MB hwm=1897MB
RSS_SAMPLE t=89.3s rss=1897MB hwm=1897MB
RSS_SAMPLE t=89.6s rss=1897MB hwm=1897MB
RSS_SAMPLE t=89.8s rss=1898MB hwm=1898MB
RSS_SAMPLE t=90.1s rss=1898MB hwm=1898MB
RSS_SAMPLE t=90.3s rss=1898MB hwm=1898MB
RSS_SAMPLE t=90.6s rss=1899MB hwm=1899MB
RSS_SAMPLE t=90.8s rss=1899MB hwm=1899MB
RSS_SAMPLE t=91.1s rss=1899MB hwm=1899MB
RSS_SAMPLE t=91.3s rss=1900MB hwm=1900MB
RSS_SAMPLE t=91.6s rss=1900MB hwm=1900MB
RSS_SAMPLE t=91.8s rss=1900MB hwm=1900MB
RSS_SAMPLE t=92.1s rss=1901MB hwm=1901MB
RSS_SAMPLE t=92.3s rss=1901MB hwm=1901MB
RSS_SAMPLE t=92.6s rss=1901MB hwm=1901MB
RSS_SAMPLE t=92.8s rss=1901MB hwm=1901MB
RSS_SAMPLE t=93.1s rss=1902MB hwm=1902MB
RSS_SAMPLE t=93.3s rss=1902MB hwm=1902MB
RSS_SAMPLE t=93.6s rss=1903MB hwm=1903MB
RSS_SAMPLE t=93.8s rss=1903MB hwm=1903MB
RSS_SAMPLE t=94.1s rss=1903MB hwm=1903MB
RSS_SAMPLE t=94.3s rss=1903MB hwm=1903MB
RSS_SAMPLE t=94.6s rss=1903MB hwm=1903MB
RSS_SAMPLE t=94.8s rss=1903MB hwm=1903MB
RSS_SAMPLE t=95.1s rss=1904MB hwm=1904MB
RSS_SAMPLE t=95.3s rss=1904MB hwm=1904MB
RSS_SAMPLE t=95.6s rss=1904MB hwm=1904MB
RSS_SAMPLE t=95.8s rss=1905MB hwm=1905MB
RSS_SAMPLE t=96.1s rss=1905MB hwm=1905MB
RSS_SAMPLE t=96.3s rss=1905MB hwm=1905MB
RSS_SAMPLE t=96.6s rss=1905MB hwm=1905MB
RSS_SAMPLE t=96.8s rss=1906MB hwm=1906MB
RSS_SAMPLE t=97.1s rss=1906MB hwm=1906MB
RSS_SAMPLE t=97.3s rss=1907MB hwm=1907MB
RSS_SAMPLE t=97.6s rss=1907MB hwm=1907MB
RSS_SAMPLE t=97.8s rss=1908MB hwm=1908MB
RSS_SAMPLE t=98.1s rss=1908MB hwm=1908MB
RSS_SAMPLE t=98.3s rss=1908MB hwm=1908MB
RSS_SAMPLE t=98.6s rss=1909MB hwm=1909MB
RSS_SAMPLE t=98.8s rss=1909MB hwm=1909MB
RSS_SAMPLE t=99.1s rss=1909MB hwm=1909MB
RSS_SAMPLE t=99.3s rss=1909MB hwm=1909MB
RSS_SAMPLE t=99.6s rss=1910MB hwm=1910MB
RSS_SAMPLE t=99.8s rss=1910MB hwm=1910MB
RSS_SAMPLE t=100.1s rss=1911MB hwm=1911MB
RSS_SAMPLE t=100.3s rss=1911MB hwm=1911MB
RSS_SAMPLE t=100.6s rss=1911MB hwm=1911MB
RSS_SAMPLE t=100.8s rss=1912MB hwm=1912MB
RSS_SAMPLE t=101.1s rss=1912MB hwm=1912MB
RSS_SAMPLE t=101.3s rss=1912MB hwm=1912MB
RSS_SAMPLE t=101.6s rss=1913MB hwm=1913MB
RSS_SAMPLE t=101.8s rss=1913MB hwm=1913MB
RSS_SAMPLE t=102.1s rss=1913MB hwm=1913MB
RSS_SAMPLE t=102.3s rss=1913MB hwm=1913MB
RSS_SAMPLE t=102.6s rss=1914MB hwm=1914MB
RSS_SAMPLE t=102.8s rss=1914MB hwm=1914MB
    rss_probe[outer=0]: pre_refresh_rss=1075MB post_pre_solve_rss=1914MB cache_entries=42424857 cache_cap=69325648 cache_est_mb=600
    pre_solve_diag[outer=0]: solves=105117 fallback=0 (0.0%) cap_armed=105117 (100.0%) settle_avg=10344 settle_max=69353 init_count=254
  Cell placement by tile type (iter 0, 76660 cells):
    NULL: 31596
    CLB: 27114
    IOB_W: 15019
    CLK_BUFG: 2320
    BRAM: 351
    DSP: 182
    IOB_E: 78
    Overflow: over=0 (0.0% of used) avg_excess=0.00 max_excess=0.00 (nc=0.00 cap=0 span=0)  excess_buckets: <=1=0 1-5=0 5-20=0 >20=0  by_cap: cap1=0 cap2=0 cap3-5=0 cap>5=0  by_span: s1=0 s2-3=0 s4-6=0 s7-12=0 s>12=0  le1_cross: cap1=0 cap2-5=0 cap>5=0
    Congestion: pipes=2562403 used=0 congested(>50%)=0 saturated(>90%)=0 max_util=0.00 avg_util=0.0000
PHASE_MARK outer=0 enter=dcd_sweep rss=1914MB
RSS_SAMPLE t=103.1s rss=1914MB hwm=1914MB
RSS_SAMPLE t=103.3s rss=1914MB hwm=1914MB
RSS_SAMPLE t=103.6s rss=1914MB hwm=1914MB
RSS_SAMPLE t=103.8s rss=1915MB hwm=1915MB
RSS_SAMPLE t=104.1s rss=1915MB hwm=1915MB
RSS_SAMPLE t=104.3s rss=1915MB hwm=1915MB
RSS_SAMPLE t=104.6s rss=1915MB hwm=1915MB
RSS_SAMPLE t=104.8s rss=1915MB hwm=1915MB
RSS_SAMPLE t=105.1s rss=1916MB hwm=1916MB
RSS_SAMPLE t=105.3s rss=1916MB hwm=1916MB
RSS_SAMPLE t=105.6s rss=1916MB hwm=1916MB
RSS_SAMPLE t=105.8s rss=1916MB hwm=1916MB
RSS_SAMPLE t=106.1s rss=1916MB hwm=1916MB
RSS_SAMPLE t=106.3s rss=1916MB hwm=1916MB
RSS_SAMPLE t=106.6s rss=1917MB hwm=1917MB
RSS_SAMPLE t=106.8s rss=1917MB hwm=1917MB
RSS_SAMPLE t=107.1s rss=1917MB hwm=1917MB
RSS_SAMPLE t=107.3s rss=1917MB hwm=1917MB
RSS_SAMPLE t=107.6s rss=1917MB hwm=1917MB
RSS_SAMPLE t=107.8s rss=1917MB hwm=1917MB
RSS_SAMPLE t=108.1s rss=1918MB hwm=1918MB
RSS_SAMPLE t=108.3s rss=1918MB hwm=1918MB
RSS_SAMPLE t=108.6s rss=1918MB hwm=1918MB
RSS_SAMPLE t=108.8s rss=1918MB hwm=1918MB
RSS_SAMPLE t=109.1s rss=1918MB hwm=1918MB
RSS_SAMPLE t=109.3s rss=1918MB hwm=1918MB
RSS_SAMPLE t=109.6s rss=1919MB hwm=1919MB
PHASE_MARK outer=0 leave=dcd_sweep rss=1919MB
PHASE_MARK outer=0 enter=post_refresh rss=1919MB
RSS_SAMPLE t=109.8s rss=1948MB hwm=1948MB
RSS_SAMPLE t=110.1s rss=1948MB hwm=1948MB
RSS_SAMPLE t=110.3s rss=1948MB hwm=1948MB
RSS_SAMPLE t=110.6s rss=1948MB hwm=1948MB
RSS_SAMPLE t=110.8s rss=1949MB hwm=1949MB
RSS_SAMPLE t=111.1s rss=1949MB hwm=1949MB
RSS_SAMPLE t=111.3s rss=1949MB hwm=1949MB
RSS_SAMPLE t=111.6s rss=1949MB hwm=1949MB
RSS_SAMPLE t=111.8s rss=1949MB hwm=1949MB
RSS_SAMPLE t=112.1s rss=1949MB hwm=1949MB
RSS_SAMPLE t=112.3s rss=3013MB hwm=3013MB
RSS_SAMPLE t=112.6s rss=3493MB hwm=3493MB
RSS_SAMPLE t=112.8s rss=3663MB hwm=3663MB
RSS_SAMPLE t=113.1s rss=3731MB hwm=3731MB
RSS_SAMPLE t=113.3s rss=3746MB hwm=3746MB
RSS_SAMPLE t=113.6s rss=3753MB hwm=3753MB
RSS_SAMPLE t=113.8s rss=3767MB hwm=3767MB
RSS_SAMPLE t=114.1s rss=3787MB hwm=3787MB
RSS_SAMPLE t=114.3s rss=3817MB hwm=3817MB
RSS_SAMPLE t=114.6s rss=3848MB hwm=3848MB
RSS_SAMPLE t=114.8s rss=3857MB hwm=3857MB
RSS_SAMPLE t=115.1s rss=3859MB hwm=3859MB
RSS_SAMPLE t=115.3s rss=3866MB hwm=3866MB
RSS_SAMPLE t=115.6s rss=3868MB hwm=3868MB
RSS_SAMPLE t=115.8s rss=3873MB hwm=3873MB
RSS_SAMPLE t=116.1s rss=3879MB hwm=3879MB
RSS_SAMPLE t=116.3s rss=3881MB hwm=3881MB
RSS_SAMPLE t=116.6s rss=3881MB hwm=3881MB
RSS_SAMPLE t=116.8s rss=3884MB hwm=3884MB
RSS_SAMPLE t=117.1s rss=3889MB hwm=3889MB
RSS_SAMPLE t=117.3s rss=3892MB hwm=3892MB
RSS_SAMPLE t=117.6s rss=3892MB hwm=3892MB
RSS_SAMPLE t=117.8s rss=3893MB hwm=3893MB
RSS_SAMPLE t=118.1s rss=3893MB hwm=3893MB
RSS_SAMPLE t=118.3s rss=3900MB hwm=3900MB
RSS_SAMPLE t=118.6s rss=3901MB hwm=3901MB
RSS_SAMPLE t=118.8s rss=3906MB hwm=3906MB
RSS_SAMPLE t=119.1s rss=3915MB hwm=3915MB
RSS_SAMPLE t=119.3s rss=3915MB hwm=3915MB
RSS_SAMPLE t=119.6s rss=3915MB hwm=3915MB
RSS_SAMPLE t=119.8s rss=3920MB hwm=3920MB
RSS_SAMPLE t=120.1s rss=3924MB hwm=3924MB
RSS_SAMPLE t=120.3s rss=3926MB hwm=3926MB
RSS_SAMPLE t=120.6s rss=3926MB hwm=3926MB
RSS_SAMPLE t=120.8s rss=3926MB hwm=3926MB
RSS_SAMPLE t=121.1s rss=3926MB hwm=3926MB
RSS_SAMPLE t=121.3s rss=3926MB hwm=3926MB
RSS_SAMPLE t=121.6s rss=3927MB hwm=3927MB
RSS_SAMPLE t=121.8s rss=3927MB hwm=3927MB
RSS_SAMPLE t=122.1s rss=3929MB hwm=3929MB
RSS_SAMPLE t=122.3s rss=3930MB hwm=3930MB
RSS_SAMPLE t=122.6s rss=3931MB hwm=3931MB
RSS_SAMPLE t=122.8s rss=3931MB hwm=3931MB
RSS_SAMPLE t=123.1s rss=3933MB hwm=3933MB
RSS_SAMPLE t=123.3s rss=3933MB hwm=3933MB
RSS_SAMPLE t=123.6s rss=3933MB hwm=3933MB
RSS_SAMPLE t=123.8s rss=3934MB hwm=3934MB
RSS_SAMPLE t=124.1s rss=3935MB hwm=3935MB
RSS_SAMPLE t=124.3s rss=3938MB hwm=3938MB
RSS_SAMPLE t=124.6s rss=3938MB hwm=3938MB
RSS_SAMPLE t=124.8s rss=3939MB hwm=3939MB
RSS_SAMPLE t=125.1s rss=3939MB hwm=3939MB
RSS_SAMPLE t=125.3s rss=3940MB hwm=3940MB
RSS_SAMPLE t=125.6s rss=3941MB hwm=3941MB
RSS_SAMPLE t=125.8s rss=3942MB hwm=3942MB
RSS_SAMPLE t=126.1s rss=3942MB hwm=3942MB
RSS_SAMPLE t=126.3s rss=3943MB hwm=3943MB
RSS_SAMPLE t=126.6s rss=3943MB hwm=3943MB
RSS_SAMPLE t=126.8s rss=3944MB hwm=3944MB
RSS_SAMPLE t=127.1s rss=3944MB hwm=3944MB
RSS_SAMPLE t=127.3s rss=3945MB hwm=3945MB
RSS_SAMPLE t=127.6s rss=3946MB hwm=3946MB
RSS_SAMPLE t=127.8s rss=3946MB hwm=3946MB
RSS_SAMPLE t=128.1s rss=3947MB hwm=3947MB
RSS_SAMPLE t=128.3s rss=3947MB hwm=3947MB
RSS_SAMPLE t=128.6s rss=3948MB hwm=3948MB
RSS_SAMPLE t=128.8s rss=3950MB hwm=3950MB
RSS_SAMPLE t=129.1s rss=3951MB hwm=3951MB
RSS_SAMPLE t=129.3s rss=3953MB hwm=3953MB
RSS_SAMPLE t=129.6s rss=3953MB hwm=3953MB
RSS_SAMPLE t=129.8s rss=3954MB hwm=3954MB
RSS_SAMPLE t=130.1s rss=3956MB hwm=3956MB
RSS_SAMPLE t=130.3s rss=3957MB hwm=3957MB
RSS_SAMPLE t=130.6s rss=3957MB hwm=3957MB
RSS_SAMPLE t=130.8s rss=3959MB hwm=3959MB
RSS_SAMPLE t=131.1s rss=3960MB hwm=3960MB
RSS_SAMPLE t=131.3s rss=3961MB hwm=3961MB
RSS_SAMPLE t=131.6s rss=3962MB hwm=3962MB
RSS_SAMPLE t=131.8s rss=3963MB hwm=3963MB
RSS_SAMPLE t=132.1s rss=3964MB hwm=3964MB
RSS_SAMPLE t=132.3s rss=3966MB hwm=3966MB
RSS_SAMPLE t=132.6s rss=3967MB hwm=3967MB
RSS_SAMPLE t=132.9s rss=3968MB hwm=3968MB
RSS_SAMPLE t=133.1s rss=3968MB hwm=3968MB
RSS_SAMPLE t=133.4s rss=3970MB hwm=3970MB
RSS_SAMPLE t=133.6s rss=3970MB hwm=3970MB
RSS_SAMPLE t=133.9s rss=3971MB hwm=3971MB
RSS_SAMPLE t=134.1s rss=3973MB hwm=3973MB
RSS_SAMPLE t=134.4s rss=3974MB hwm=3974MB
RSS_SAMPLE t=134.6s rss=3975MB hwm=3975MB
RSS_SAMPLE t=134.9s rss=3975MB hwm=3975MB
RSS_SAMPLE t=135.1s rss=3976MB hwm=3976MB
RSS_SAMPLE t=135.4s rss=3977MB hwm=3977MB
RSS_SAMPLE t=135.6s rss=3978MB hwm=3978MB
RSS_SAMPLE t=135.9s rss=3978MB hwm=3978MB
RSS_SAMPLE t=136.1s rss=3979MB hwm=3979MB
RSS_SAMPLE t=136.4s rss=3979MB hwm=3979MB
RSS_SAMPLE t=136.6s rss=3980MB hwm=3980MB
RSS_SAMPLE t=136.9s rss=3981MB hwm=3981MB
RSS_SAMPLE t=137.1s rss=3981MB hwm=3981MB
RSS_SAMPLE t=137.4s rss=3981MB hwm=3981MB
RSS_SAMPLE t=137.6s rss=3982MB hwm=3982MB
RSS_SAMPLE t=137.9s rss=3983MB hwm=3983MB
RSS_SAMPLE t=138.1s rss=3983MB hwm=3983MB
RSS_SAMPLE t=138.4s rss=3984MB hwm=3984MB
RSS_SAMPLE t=138.6s rss=3984MB hwm=3984MB
RSS_SAMPLE t=138.9s rss=3985MB hwm=3985MB
RSS_SAMPLE t=139.1s rss=3987MB hwm=3987MB
RSS_SAMPLE t=139.4s rss=3988MB hwm=3988MB
RSS_SAMPLE t=139.6s rss=3989MB hwm=3989MB
RSS_SAMPLE t=139.9s rss=3990MB hwm=3990MB
RSS_SAMPLE t=140.1s rss=3991MB hwm=3991MB
RSS_SAMPLE t=140.4s rss=3991MB hwm=3991MB
RSS_SAMPLE t=140.6s rss=3992MB hwm=3992MB
RSS_SAMPLE t=140.9s rss=3993MB hwm=3993MB
RSS_SAMPLE t=141.1s rss=3994MB hwm=3994MB
RSS_SAMPLE t=141.4s rss=3994MB hwm=3994MB
RSS_SAMPLE t=141.6s rss=3995MB hwm=3995MB
RSS_SAMPLE t=141.9s rss=3995MB hwm=3995MB
RSS_SAMPLE t=142.1s rss=3996MB hwm=3996MB
RSS_SAMPLE t=142.4s rss=3996MB hwm=3996MB
RSS_SAMPLE t=142.6s rss=3997MB hwm=3997MB
RSS_SAMPLE t=142.9s rss=3999MB hwm=3999MB
RSS_SAMPLE t=143.1s rss=3999MB hwm=3999MB
RSS_SAMPLE t=143.4s rss=4000MB hwm=4000MB
RSS_SAMPLE t=143.6s rss=4002MB hwm=4002MB
RSS_SAMPLE t=143.9s rss=4002MB hwm=4002MB
RSS_SAMPLE t=144.1s rss=4003MB hwm=4003MB
RSS_SAMPLE t=144.4s rss=4005MB hwm=4005MB
RSS_SAMPLE t=144.6s rss=4006MB hwm=4006MB
RSS_SAMPLE t=144.9s rss=4007MB hwm=4007MB
RSS_SAMPLE t=145.1s rss=4008MB hwm=4008MB
RSS_SAMPLE t=145.4s rss=4008MB hwm=4008MB
RSS_SAMPLE t=145.6s rss=4009MB hwm=4009MB
RSS_SAMPLE t=145.9s rss=4010MB hwm=4010MB
RSS_SAMPLE t=146.1s rss=4011MB hwm=4011MB
RSS_SAMPLE t=146.4s rss=4011MB hwm=4011MB
RSS_SAMPLE t=146.6s rss=4011MB hwm=4011MB
RSS_SAMPLE t=146.9s rss=4012MB hwm=4012MB
RSS_SAMPLE t=147.1s rss=4013MB hwm=4013MB
RSS_SAMPLE t=147.4s rss=4014MB hwm=4014MB
RSS_SAMPLE t=147.6s rss=4015MB hwm=4015MB
RSS_SAMPLE t=147.9s rss=4016MB hwm=4016MB
RSS_SAMPLE t=148.1s rss=4016MB hwm=4016MB
RSS_SAMPLE t=148.4s rss=4017MB hwm=4017MB
RSS_SAMPLE t=148.6s rss=4018MB hwm=4018MB
RSS_SAMPLE t=148.9s rss=4019MB hwm=4019MB
RSS_SAMPLE t=149.1s rss=4019MB hwm=4019MB
RSS_SAMPLE t=149.4s rss=4020MB hwm=4020MB
RSS_SAMPLE t=149.6s rss=4021MB hwm=4021MB
RSS_SAMPLE t=149.9s rss=4022MB hwm=4022MB
RSS_SAMPLE t=150.1s rss=4023MB hwm=4023MB
RSS_SAMPLE t=150.4s rss=4024MB hwm=4024MB
RSS_SAMPLE t=150.6s rss=4024MB hwm=4024MB
RSS_SAMPLE t=150.9s rss=4025MB hwm=4025MB
RSS_SAMPLE t=151.1s rss=4026MB hwm=4026MB
RSS_SAMPLE t=151.4s rss=4027MB hwm=4027MB
RSS_SAMPLE t=151.6s rss=4027MB hwm=4027MB
RSS_SAMPLE t=151.9s rss=4028MB hwm=4028MB
RSS_SAMPLE t=152.1s rss=4029MB hwm=4029MB
RSS_SAMPLE t=152.4s rss=4030MB hwm=4030MB
RSS_SAMPLE t=152.6s rss=4031MB hwm=4031MB
RSS_SAMPLE t=152.9s rss=4031MB hwm=4031MB
RSS_SAMPLE t=153.1s rss=4033MB hwm=4033MB
RSS_SAMPLE t=153.4s rss=4033MB hwm=4033MB
RSS_SAMPLE t=153.6s rss=4034MB hwm=4034MB
RSS_SAMPLE t=153.9s rss=4034MB hwm=4034MB
RSS_SAMPLE t=154.1s rss=4035MB hwm=4035MB
RSS_SAMPLE t=154.4s rss=4036MB hwm=4036MB
RSS_SAMPLE t=154.6s rss=4037MB hwm=4037MB
RSS_SAMPLE t=154.9s rss=4038MB hwm=4038MB
RSS_SAMPLE t=155.1s rss=4038MB hwm=4038MB
RSS_SAMPLE t=155.4s rss=4040MB hwm=4040MB
RSS_SAMPLE t=155.6s rss=4040MB hwm=4040MB
RSS_SAMPLE t=155.9s rss=4041MB hwm=4041MB
RSS_SAMPLE t=156.1s rss=4041MB hwm=4041MB
RSS_SAMPLE t=156.4s rss=4043MB hwm=4043MB
RSS_SAMPLE t=156.6s rss=4044MB hwm=4044MB
RSS_SAMPLE t=156.9s rss=4045MB hwm=4045MB
RSS_SAMPLE t=157.1s rss=4046MB hwm=4046MB
RSS_SAMPLE t=157.4s rss=4047MB hwm=4047MB
RSS_SAMPLE t=157.6s rss=4048MB hwm=4048MB
RSS_SAMPLE t=157.9s rss=4049MB hwm=4049MB
RSS_SAMPLE t=158.1s rss=4051MB hwm=4051MB
RSS_SAMPLE t=158.4s rss=4052MB hwm=4052MB
RSS_SAMPLE t=158.6s rss=4053MB hwm=4053MB
RSS_SAMPLE t=158.9s rss=4054MB hwm=4054MB
RSS_SAMPLE t=159.1s rss=4056MB hwm=4056MB
RSS_SAMPLE t=159.4s rss=4057MB hwm=4057MB
RSS_SAMPLE t=159.6s rss=4059MB hwm=4059MB
RSS_SAMPLE t=159.9s rss=4060MB hwm=4060MB
RSS_SAMPLE t=160.1s rss=4062MB hwm=4062MB
RSS_SAMPLE t=160.4s rss=4063MB hwm=4063MB
RSS_SAMPLE t=160.6s rss=4065MB hwm=4065MB
RSS_SAMPLE t=160.9s rss=4066MB hwm=4066MB
RSS_SAMPLE t=161.1s rss=4067MB hwm=4067MB
RSS_SAMPLE t=161.4s rss=4069MB hwm=4069MB
RSS_SAMPLE t=161.6s rss=4070MB hwm=4070MB
RSS_SAMPLE t=161.9s rss=4072MB hwm=4072MB
RSS_SAMPLE t=162.1s rss=4073MB hwm=4073MB
RSS_SAMPLE t=162.4s rss=4074MB hwm=4074MB
RSS_SAMPLE t=162.6s rss=4074MB hwm=4074MB
RSS_SAMPLE t=162.9s rss=4076MB hwm=4076MB
RSS_SAMPLE t=163.1s rss=4077MB hwm=4077MB
RSS_SAMPLE t=163.4s rss=4078MB hwm=4078MB
RSS_SAMPLE t=163.6s rss=4078MB hwm=4078MB
RSS_SAMPLE t=163.9s rss=4079MB hwm=4079MB
RSS_SAMPLE t=164.1s rss=4080MB hwm=4080MB
RSS_SAMPLE t=164.4s rss=4080MB hwm=4080MB
RSS_SAMPLE t=164.6s rss=4081MB hwm=4081MB
RSS_SAMPLE t=164.9s rss=4081MB hwm=4081MB
RSS_SAMPLE t=165.1s rss=4082MB hwm=4082MB
RSS_SAMPLE t=165.4s rss=4082MB hwm=4082MB
RSS_SAMPLE t=165.6s rss=4083MB hwm=4083MB
RSS_SAMPLE t=165.9s rss=4083MB hwm=4083MB
RSS_SAMPLE t=166.1s rss=4083MB hwm=4083MB
RSS_SAMPLE t=166.4s rss=4083MB hwm=4083MB
RSS_SAMPLE t=166.6s rss=4083MB hwm=4083MB
RSS_SAMPLE t=166.9s rss=4083MB hwm=4083MB
RSS_SAMPLE t=167.1s rss=4083MB hwm=4083MB
RSS_SAMPLE t=167.4s rss=4083MB hwm=4083MB
RSS_SAMPLE t=167.6s rss=4083MB hwm=4083MB
RSS_SAMPLE t=167.9s rss=4083MB hwm=4083MB
RSS_SAMPLE t=168.1s rss=4083MB hwm=4083MB
RSS_SAMPLE t=168.4s rss=4083MB hwm=4083MB
RSS_SAMPLE t=168.6s rss=4083MB hwm=4083MB
RSS_SAMPLE t=168.9s rss=4083MB hwm=4083MB
RSS_SAMPLE t=169.1s rss=4084MB hwm=4084MB
RSS_SAMPLE t=169.4s rss=4084MB hwm=4084MB
RSS_SAMPLE t=169.6s rss=4084MB hwm=4084MB
RSS_SAMPLE t=169.9s rss=4084MB hwm=4084MB
RSS_SAMPLE t=170.1s rss=4084MB hwm=4084MB
RSS_SAMPLE t=170.4s rss=4084MB hwm=4084MB
RSS_SAMPLE t=170.6s rss=4084MB hwm=4084MB
RSS_SAMPLE t=170.9s rss=4084MB hwm=4084MB
RSS_SAMPLE t=171.1s rss=4084MB hwm=4084MB
RSS_SAMPLE t=171.4s rss=4084MB hwm=4084MB
RSS_SAMPLE t=171.6s rss=4084MB hwm=4084MB
RSS_SAMPLE t=171.9s rss=4084MB hwm=4084MB
RSS_SAMPLE t=172.1s rss=4085MB hwm=4085MB
RSS_SAMPLE t=172.4s rss=4085MB hwm=4085MB
RSS_SAMPLE t=172.6s rss=4085MB hwm=4085MB
RSS_SAMPLE t=172.9s rss=4085MB hwm=4085MB
RSS_SAMPLE t=173.1s rss=4085MB hwm=4085MB
RSS_SAMPLE t=173.4s rss=4085MB hwm=4085MB
RSS_SAMPLE t=173.6s rss=4085MB hwm=4085MB
RSS_SAMPLE t=173.9s rss=4085MB hwm=4085MB
RSS_SAMPLE t=174.1s rss=4085MB hwm=4085MB
RSS_SAMPLE t=174.4s rss=4085MB hwm=4085MB
RSS_SAMPLE t=174.6s rss=4085MB hwm=4085MB
RSS_SAMPLE t=174.9s rss=4085MB hwm=4085MB
RSS_SAMPLE t=175.1s rss=4085MB hwm=4085MB
RSS_SAMPLE t=175.4s rss=4085MB hwm=4085MB
RSS_SAMPLE t=175.6s rss=4085MB hwm=4085MB
RSS_SAMPLE t=175.9s rss=4085MB hwm=4085MB
RSS_SAMPLE t=176.1s rss=4085MB hwm=4085MB
RSS_SAMPLE t=176.4s rss=4085MB hwm=4085MB
RSS_SAMPLE t=176.6s rss=4085MB hwm=4085MB
RSS_SAMPLE t=176.9s rss=4086MB hwm=4086MB
RSS_SAMPLE t=177.1s rss=4086MB hwm=4086MB
RSS_SAMPLE t=177.4s rss=4086MB hwm=4086MB
RSS_SAMPLE t=177.6s rss=4086MB hwm=4086MB
RSS_SAMPLE t=177.9s rss=4086MB hwm=4086MB
RSS_SAMPLE t=178.1s rss=4086MB hwm=4086MB
RSS_SAMPLE t=178.4s rss=4086MB hwm=4086MB
RSS_SAMPLE t=178.6s rss=4086MB hwm=4086MB
RSS_SAMPLE t=178.9s rss=4086MB hwm=4086MB
RSS_SAMPLE t=179.1s rss=4086MB hwm=4086MB
RSS_SAMPLE t=179.4s rss=4086MB hwm=4086MB
RSS_SAMPLE t=179.6s rss=4086MB hwm=4086MB
RSS_SAMPLE t=179.9s rss=4087MB hwm=4087MB
RSS_SAMPLE t=180.1s rss=4087MB hwm=4087MB
RSS_SAMPLE t=180.4s rss=4087MB hwm=4087MB
RSS_SAMPLE t=180.6s rss=4087MB hwm=4087MB
RSS_SAMPLE t=180.9s rss=4087MB hwm=4087MB
RSS_SAMPLE t=181.1s rss=4087MB hwm=4087MB
RSS_SAMPLE t=181.4s rss=4087MB hwm=4087MB
RSS_SAMPLE t=181.7s rss=4087MB hwm=4087MB
RSS_SAMPLE t=181.9s rss=4087MB hwm=4087MB
RSS_SAMPLE t=182.2s rss=4088MB hwm=4088MB
RSS_SAMPLE t=182.4s rss=4088MB hwm=4088MB
RSS_SAMPLE t=182.7s rss=4088MB hwm=4088MB
RSS_SAMPLE t=182.9s rss=4088MB hwm=4088MB
RSS_SAMPLE t=183.2s rss=4088MB hwm=4088MB
RSS_SAMPLE t=183.4s rss=4088MB hwm=4088MB
RSS_SAMPLE t=183.7s rss=4088MB hwm=4088MB
RSS_SAMPLE t=183.9s rss=4088MB hwm=4088MB
RSS_SAMPLE t=184.2s rss=4088MB hwm=4088MB
RSS_SAMPLE t=184.4s rss=4089MB hwm=4089MB
RSS_SAMPLE t=184.7s rss=4089MB hwm=4089MB
RSS_SAMPLE t=184.9s rss=4089MB hwm=4089MB
RSS_SAMPLE t=185.2s rss=4089MB hwm=4089MB
RSS_SAMPLE t=185.4s rss=4089MB hwm=4089MB
RSS_SAMPLE t=185.7s rss=4089MB hwm=4089MB
RSS_SAMPLE t=185.9s rss=4089MB hwm=4089MB
RSS_SAMPLE t=186.2s rss=4089MB hwm=4089MB
RSS_SAMPLE t=186.4s rss=4089MB hwm=4089MB
RSS_SAMPLE t=186.7s rss=4089MB hwm=4089MB
RSS_SAMPLE t=186.9s rss=4089MB hwm=4089MB
RSS_SAMPLE t=187.2s rss=4089MB hwm=4089MB
RSS_SAMPLE t=187.4s rss=4090MB hwm=4090MB
RSS_SAMPLE t=187.7s rss=4090MB hwm=4090MB
RSS_SAMPLE t=187.9s rss=4090MB hwm=4090MB
RSS_SAMPLE t=188.2s rss=4090MB hwm=4090MB
RSS_SAMPLE t=188.4s rss=4090MB hwm=4090MB
RSS_SAMPLE t=188.7s rss=4090MB hwm=4090MB
RSS_SAMPLE t=188.9s rss=4090MB hwm=4090MB
RSS_SAMPLE t=189.2s rss=4090MB hwm=4090MB
RSS_SAMPLE t=189.4s rss=4110MB hwm=4110MB
MEM_POOL: workspaces=32 dense_usage_mb=1251 n_pipes=2562403
    post_solve_diag[outer=0]: solves=105117 cap_armed=105117 (100.0%) settle_avg=9381 above_sink_avg=228 (2.4%) settle_max=69353
    load_support[outer=0]: settle_avg=9381 load_nz_avg=5774 (61.5%) load_material_avg=2239 (23.9%)
    prune_ceiling[outer=0]: settle_avg=9381 heuristic_prunable_avg=4201 (44.8%) vs oracle_zero_load=38.5%
    settle_hist[outer=0]: <100: 25408nets/0.1%work  <1k: 22013nets/0.7%work  <5k: 23952nets/6.3%work  <20k: 14217nets/15.8%work  <60k: 17189nets/61.2%work  >=60k: 2338nets/15.7%work
    fanout_hist[outer=0]: fan1: 43710nets/13.4%work  fan2-4: 48279nets/50.8%work  fan5-16: 12974nets/35.0%work  fan17-64: 154nets/0.8%work  fan65-256: 0nets/0.0%work  fan>256: 0nets/0.0%work
    rss_probe[outer=0]: pre_post_solve=1949MB post_post_solve=4110MB after_apply=4110MB
MuxSlotTracker[sweep 0 LEAK]: populated_cells=59763, overflow_tiles=5, at_cap_tiles=1517, peak_excess=11, capacity_hist={16:67346}
    E_decomp: base=10426244.8 eff=10954477.0 cong=528232.3 cong_share=4.8% sat_pipes=174669 max_util=1142.28  R_buckets: 1-2x=2562403 2-10x=0 10-100x=0 >=100x=0
    E_potential: beckmann=14312237275341.0 history_total=0.0
    SpanCache: epoch=1 entries=110 lookups=2562403 hits=2562293 misses=110 hit_rate=100.0%
  DCD   0: nets=105117 line=17072682 energy=2323387.099 dE=+0.000 friction=4350392.9 bins=2.8x(1117) excess=567.0 moved=59576 disp=inf solves=210234 skip=0 pops=2073448511 theta=0.250 refresh=125229ms dcd=6795ms total=134605ms
    cache_stats: entries=52666944 capacity=88871412 est_mb=768 rss_mb=4094
RSS_SAMPLE t=189.7s rss=4095MB hwm=4105MB
RSS_SAMPLE t=189.9s rss=4095MB hwm=4105MB
RSS_SAMPLE t=190.2s rss=4095MB hwm=4105MB
RSS_SAMPLE t=190.4s rss=4095MB hwm=4105MB
RSS_SAMPLE t=190.7s rss=4095MB hwm=4105MB
RSS_SAMPLE t=190.9s rss=4095MB hwm=4105MB
RSS_SAMPLE t=191.2s rss=4095MB hwm=4105MB
RSS_SAMPLE t=191.4s rss=4095MB hwm=4105MB
RSS_SAMPLE t=191.7s rss=4095MB hwm=4105MB
RSS_SAMPLE t=191.9s rss=4095MB hwm=4105MB
    SwitchMatrix: type_usage_pairs=856 lookups=2516 hits=1660 dijkstra_calls=856 avg_us=12.0 total_ms=10.2
PHASE_MARK outer=1 enter=pre_solve rss=4095MB
    rss_probe[outer=1]: pre_refresh_rss=4095MB post_pre_solve_rss=4095MB cache_entries=52666944 cache_cap=88871412 cache_est_mb=768
    pre_solve_diag[outer=1]: solves=0 fallback=0 (0.0%) cap_armed=0 (0.0%) settle_avg=0 settle_max=0 init_count=251
RSS_SAMPLE t=192.2s rss=4095MB hwm=4105MB
    Overflow: over=150768 (5.9% of used) avg_excess=2.33 max_excess=1491.55 (nc=1515.55 cap=24 span=1)  excess_buckets: <=1=78661 1-5=56068 5-20=14604 >20=1435  by_cap: cap1=78287 cap2=46513 cap3-5=141 cap>5=25827  by_span: s1=1524 s2-3=1863 s4-6=15798 s7-12=51475 s>12=80108  le1_cross: cap1=50071 cap2-5=25347 cap>5=3243
    Congestion: pipes=2562403 used=2562403 congested(>50%)=359406 saturated(>90%)=174669 max_util=1142.28 avg_util=0.2973
PHASE_MARK outer=1 enter=dcd_sweep rss=4095MB
RSS_SAMPLE t=192.4s rss=4095MB hwm=4105MB
RSS_SAMPLE t=192.7s rss=4095MB hwm=4105MB
RSS_SAMPLE t=192.9s rss=4095MB hwm=4105MB
RSS_SAMPLE t=193.2s rss=4095MB hwm=4105MB
RSS_SAMPLE t=193.4s rss=4095MB hwm=4105MB
RSS_SAMPLE t=193.7s rss=4095MB hwm=4105MB
RSS_SAMPLE t=193.9s rss=4095MB hwm=4105MB
RSS_SAMPLE t=194.2s rss=4095MB hwm=4105MB
RSS_SAMPLE t=194.4s rss=4095MB hwm=4105MB
RSS_SAMPLE t=194.7s rss=4095MB hwm=4105MB
RSS_SAMPLE t=194.9s rss=4095MB hwm=4105MB
RSS_SAMPLE t=195.2s rss=4095MB hwm=4105MB
RSS_SAMPLE t=195.4s rss=4095MB hwm=4105MB
RSS_SAMPLE t=195.7s rss=4095MB hwm=4105MB
RSS_SAMPLE t=195.9s rss=4095MB hwm=4105MB
RSS_SAMPLE t=196.2s rss=4095MB hwm=4105MB
RSS_SAMPLE t=196.4s rss=4095MB hwm=4105MB
RSS_SAMPLE t=196.7s rss=4095MB hwm=4105MB
RSS_SAMPLE t=196.9s rss=4095MB hwm=4105MB
RSS_SAMPLE t=197.2s rss=4095MB hwm=4105MB
RSS_SAMPLE t=197.4s rss=4095MB hwm=4105MB
RSS_SAMPLE t=197.7s rss=4095MB hwm=4105MB
RSS_SAMPLE t=197.9s rss=4095MB hwm=4105MB
RSS_SAMPLE t=198.2s rss=4095MB hwm=4105MB
RSS_SAMPLE t=198.4s rss=4095MB hwm=4105MB
RSS_SAMPLE t=198.7s rss=4095MB hwm=4105MB
RSS_SAMPLE t=198.9s rss=4095MB hwm=4105MB
PHASE_MARK outer=1 leave=dcd_sweep rss=4095MB
PHASE_MARK outer=1 enter=post_refresh rss=4095MB
RSS_SAMPLE t=199.2s rss=4104MB hwm=4105MB
RSS_SAMPLE t=199.4s rss=4105MB hwm=4105MB
RSS_SAMPLE t=199.7s rss=4105MB hwm=4105MB
RSS_SAMPLE t=199.9s rss=4105MB hwm=4105MB
RSS_SAMPLE t=200.2s rss=4105MB hwm=4105MB
RSS_SAMPLE t=200.4s rss=4105MB hwm=4105MB
RSS_SAMPLE t=200.7s rss=4105MB hwm=4105MB
RSS_SAMPLE t=200.9s rss=4105MB hwm=4105MB
RSS_SAMPLE t=201.2s rss=4105MB hwm=4105MB
RSS_SAMPLE t=201.4s rss=4105MB hwm=4105MB
RSS_SAMPLE t=201.7s rss=4105MB hwm=4105MB
RSS_SAMPLE t=201.9s rss=4107MB hwm=4107MB
RSS_SAMPLE t=202.2s rss=4109MB hwm=4109MB
RSS_SAMPLE t=202.4s rss=4109MB hwm=4109MB
RSS_SAMPLE t=202.7s rss=4110MB hwm=4110MB
RSS_SAMPLE t=202.9s rss=4111MB hwm=4111MB
RSS_SAMPLE t=203.2s rss=4111MB hwm=4111MB
RSS_SAMPLE t=203.4s rss=4112MB hwm=4112MB
RSS_SAMPLE t=203.7s rss=4112MB hwm=4112MB
RSS_SAMPLE t=203.9s rss=4113MB hwm=4113MB
RSS_SAMPLE t=204.2s rss=4114MB hwm=4114MB
RSS_SAMPLE t=204.4s rss=4115MB hwm=4115MB
RSS_SAMPLE t=204.7s rss=4115MB hwm=4115MB
RSS_SAMPLE t=204.9s rss=4116MB hwm=4116MB
RSS_SAMPLE t=205.2s rss=4117MB hwm=4117MB
RSS_SAMPLE t=205.4s rss=4117MB hwm=4117MB
RSS_SAMPLE t=205.7s rss=4118MB hwm=4118MB
RSS_SAMPLE t=205.9s rss=4119MB hwm=4119MB
RSS_SAMPLE t=206.2s rss=4119MB hwm=4119MB
RSS_SAMPLE t=206.4s rss=4120MB hwm=4120MB
RSS_SAMPLE t=206.7s rss=4120MB hwm=4120MB
RSS_SAMPLE t=206.9s rss=4121MB hwm=4121MB
RSS_SAMPLE t=207.2s rss=4122MB hwm=4122MB
RSS_SAMPLE t=207.4s rss=4122MB hwm=4122MB
RSS_SAMPLE t=207.7s rss=4123MB hwm=4123MB
RSS_SAMPLE t=207.9s rss=4123MB hwm=4123MB
RSS_SAMPLE t=208.2s rss=4123MB hwm=4123MB
RSS_SAMPLE t=208.4s rss=4124MB hwm=4124MB
RSS_SAMPLE t=208.7s rss=4124MB hwm=4124MB
RSS_SAMPLE t=208.9s rss=4125MB hwm=4125MB
RSS_SAMPLE t=209.2s rss=4126MB hwm=4126MB
RSS_SAMPLE t=209.4s rss=4127MB hwm=4127MB
RSS_SAMPLE t=209.7s rss=4128MB hwm=4128MB
RSS_SAMPLE t=209.9s rss=4128MB hwm=4128MB
RSS_SAMPLE t=210.2s rss=4129MB hwm=4129MB
RSS_SAMPLE t=210.4s rss=4129MB hwm=4129MB
RSS_SAMPLE t=210.7s rss=4129MB hwm=4129MB
RSS_SAMPLE t=210.9s rss=4130MB hwm=4130MB
RSS_SAMPLE t=211.2s rss=4130MB hwm=4130MB
RSS_SAMPLE t=211.4s rss=4131MB hwm=4131MB
RSS_SAMPLE t=211.7s rss=4131MB hwm=4131MB
RSS_SAMPLE t=211.9s rss=4131MB hwm=4131MB
RSS_SAMPLE t=212.2s rss=4132MB hwm=4132MB
RSS_SAMPLE t=212.4s rss=4133MB hwm=4133MB
RSS_SAMPLE t=212.7s rss=4133MB hwm=4133MB
RSS_SAMPLE t=212.9s rss=4134MB hwm=4134MB
RSS_SAMPLE t=213.2s rss=4135MB hwm=4135MB
RSS_SAMPLE t=213.4s rss=4135MB hwm=4135MB
RSS_SAMPLE t=213.7s rss=4135MB hwm=4135MB
RSS_SAMPLE t=213.9s rss=4136MB hwm=4136MB
RSS_SAMPLE t=214.2s rss=4137MB hwm=4137MB
RSS_SAMPLE t=214.4s rss=4137MB hwm=4137MB
RSS_SAMPLE t=214.7s rss=4138MB hwm=4138MB
RSS_SAMPLE t=214.9s rss=4138MB hwm=4138MB
RSS_SAMPLE t=215.2s rss=4139MB hwm=4139MB
RSS_SAMPLE t=215.4s rss=4140MB hwm=4140MB
RSS_SAMPLE t=215.7s rss=4140MB hwm=4140MB
RSS_SAMPLE t=215.9s rss=4141MB hwm=4141MB
RSS_SAMPLE t=216.2s rss=4142MB hwm=4142MB
RSS_SAMPLE t=216.4s rss=4143MB hwm=4143MB
RSS_SAMPLE t=216.7s rss=4144MB hwm=4144MB
RSS_SAMPLE t=216.9s rss=4145MB hwm=4145MB
RSS_SAMPLE t=217.2s rss=4145MB hwm=4145MB
RSS_SAMPLE t=217.4s rss=4146MB hwm=4146MB
RSS_SAMPLE t=217.7s rss=4147MB hwm=4147MB
RSS_SAMPLE t=217.9s rss=4147MB hwm=4147MB
RSS_SAMPLE t=218.2s rss=4148MB hwm=4148MB
RSS_SAMPLE t=218.4s rss=4149MB hwm=4149MB
RSS_SAMPLE t=218.7s rss=4150MB hwm=4150MB
RSS_SAMPLE t=218.9s rss=4151MB hwm=4151MB
RSS_SAMPLE t=219.2s rss=4151MB hwm=4151MB
RSS_SAMPLE t=219.4s rss=4152MB hwm=4152MB
RSS_SAMPLE t=219.7s rss=4153MB hwm=4153MB
RSS_SAMPLE t=219.9s rss=4155MB hwm=4155MB
RSS_SAMPLE t=220.2s rss=4155MB hwm=4155MB
RSS_SAMPLE t=220.4s rss=4156MB hwm=4156MB
RSS_SAMPLE t=220.7s rss=4156MB hwm=4156MB
RSS_SAMPLE t=220.9s rss=4157MB hwm=4157MB
RSS_SAMPLE t=221.2s rss=4158MB hwm=4158MB
RSS_SAMPLE t=221.4s rss=4159MB hwm=4159MB
RSS_SAMPLE t=221.7s rss=4159MB hwm=4159MB
RSS_SAMPLE t=221.9s rss=4160MB hwm=4160MB
RSS_SAMPLE t=222.2s rss=4160MB hwm=4160MB
RSS_SAMPLE t=222.4s rss=4161MB hwm=4161MB
RSS_SAMPLE t=222.7s rss=4162MB hwm=4162MB
RSS_SAMPLE t=222.9s rss=4163MB hwm=4163MB
RSS_SAMPLE t=223.2s rss=4164MB hwm=4164MB
RSS_SAMPLE t=223.4s rss=4164MB hwm=4164MB
RSS_SAMPLE t=223.7s rss=4165MB hwm=4165MB
RSS_SAMPLE t=223.9s rss=4166MB hwm=4166MB
RSS_SAMPLE t=224.2s rss=4166MB hwm=4166MB
RSS_SAMPLE t=224.4s rss=4167MB hwm=4167MB
RSS_SAMPLE t=224.7s rss=4168MB hwm=4168MB
RSS_SAMPLE t=224.9s rss=4169MB hwm=4169MB
RSS_SAMPLE t=225.2s rss=4169MB hwm=4169MB
RSS_SAMPLE t=225.4s rss=4170MB hwm=4170MB
RSS_SAMPLE t=225.7s rss=4171MB hwm=4171MB
RSS_SAMPLE t=225.9s rss=4172MB hwm=4172MB
RSS_SAMPLE t=226.2s rss=4172MB hwm=4172MB
RSS_SAMPLE t=226.4s rss=4173MB hwm=4173MB
RSS_SAMPLE t=226.7s rss=4174MB hwm=4174MB
RSS_SAMPLE t=226.9s rss=4174MB hwm=4174MB
RSS_SAMPLE t=227.2s rss=4175MB hwm=4175MB
RSS_SAMPLE t=227.4s rss=4176MB hwm=4176MB
RSS_SAMPLE t=227.7s rss=4176MB hwm=4176MB
RSS_SAMPLE t=227.9s rss=4177MB hwm=4177MB
RSS_SAMPLE t=228.2s rss=4178MB hwm=4178MB
RSS_SAMPLE t=228.5s rss=4178MB hwm=4178MB
RSS_SAMPLE t=228.7s rss=4179MB hwm=4179MB
RSS_SAMPLE t=229.0s rss=4180MB hwm=4180MB
RSS_SAMPLE t=229.2s rss=4180MB hwm=4180MB
RSS_SAMPLE t=229.5s rss=4182MB hwm=4182MB
RSS_SAMPLE t=229.7s rss=4182MB hwm=4182MB
RSS_SAMPLE t=230.0s rss=4183MB hwm=4183MB
RSS_SAMPLE t=230.2s rss=4184MB hwm=4184MB
RSS_SAMPLE t=230.5s rss=4184MB hwm=4184MB
RSS_SAMPLE t=230.7s rss=4185MB hwm=4185MB
RSS_SAMPLE t=231.0s rss=4185MB hwm=4185MB
RSS_SAMPLE t=231.2s rss=4186MB hwm=4186MB
RSS_SAMPLE t=231.5s rss=4186MB hwm=4186MB
RSS_SAMPLE t=231.7s rss=4187MB hwm=4187MB
RSS_SAMPLE t=232.0s rss=4188MB hwm=4188MB
RSS_SAMPLE t=232.2s rss=4189MB hwm=4189MB
RSS_SAMPLE t=232.5s rss=4190MB hwm=4190MB
RSS_SAMPLE t=232.7s rss=4190MB hwm=4190MB
RSS_SAMPLE t=233.0s rss=4191MB hwm=4191MB
RSS_SAMPLE t=233.2s rss=4192MB hwm=4192MB
RSS_SAMPLE t=233.5s rss=4192MB hwm=4192MB
RSS_SAMPLE t=233.7s rss=4192MB hwm=4192MB
RSS_SAMPLE t=234.0s rss=4193MB hwm=4193MB
RSS_SAMPLE t=234.2s rss=4193MB hwm=4193MB
RSS_SAMPLE t=234.5s rss=4194MB hwm=4194MB
RSS_SAMPLE t=234.7s rss=4195MB hwm=4195MB
RSS_SAMPLE t=235.0s rss=4195MB hwm=4195MB
RSS_SAMPLE t=235.2s rss=4196MB hwm=4196MB
RSS_SAMPLE t=235.5s rss=4196MB hwm=4196MB
RSS_SAMPLE t=235.7s rss=4197MB hwm=4197MB
RSS_SAMPLE t=236.0s rss=4197MB hwm=4197MB
RSS_SAMPLE t=236.2s rss=4198MB hwm=4198MB
RSS_SAMPLE t=236.5s rss=4198MB hwm=4198MB
RSS_SAMPLE t=236.7s rss=4199MB hwm=4199MB
RSS_SAMPLE t=237.0s rss=4200MB hwm=4200MB
RSS_SAMPLE t=237.2s rss=4200MB hwm=4200MB
RSS_SAMPLE t=237.5s rss=4201MB hwm=4201MB
RSS_SAMPLE t=237.7s rss=4201MB hwm=4201MB
RSS_SAMPLE t=238.0s rss=4202MB hwm=4202MB
RSS_SAMPLE t=238.2s rss=4203MB hwm=4203MB
RSS_SAMPLE t=238.5s rss=4203MB hwm=4203MB
RSS_SAMPLE t=238.7s rss=4203MB hwm=4203MB
RSS_SAMPLE t=239.0s rss=4204MB hwm=4204MB
RSS_SAMPLE t=239.2s rss=4204MB hwm=4204MB
RSS_SAMPLE t=239.5s rss=4205MB hwm=4205MB
RSS_SAMPLE t=239.7s rss=4205MB hwm=4205MB
RSS_SAMPLE t=240.0s rss=4206MB hwm=4206MB
RSS_SAMPLE t=240.2s rss=4206MB hwm=4206MB
RSS_SAMPLE t=240.5s rss=4207MB hwm=4207MB
RSS_SAMPLE t=240.7s rss=4207MB hwm=4207MB
RSS_SAMPLE t=241.0s rss=4209MB hwm=4209MB
RSS_SAMPLE t=241.2s rss=4209MB hwm=4209MB
RSS_SAMPLE t=241.5s rss=4210MB hwm=4210MB
RSS_SAMPLE t=241.7s rss=4210MB hwm=4210MB
RSS_SAMPLE t=242.0s rss=4211MB hwm=4211MB
RSS_SAMPLE t=242.2s rss=4211MB hwm=4211MB
RSS_SAMPLE t=242.5s rss=4211MB hwm=4211MB
RSS_SAMPLE t=242.7s rss=4212MB hwm=4212MB
RSS_SAMPLE t=243.0s rss=4212MB hwm=4212MB
RSS_SAMPLE t=243.2s rss=4212MB hwm=4212MB
RSS_SAMPLE t=243.5s rss=4213MB hwm=4213MB
RSS_SAMPLE t=243.7s rss=4213MB hwm=4213MB
RSS_SAMPLE t=244.0s rss=4213MB hwm=4213MB
RSS_SAMPLE t=244.2s rss=4214MB hwm=4214MB
RSS_SAMPLE t=244.5s rss=4215MB hwm=4215MB
RSS_SAMPLE t=244.7s rss=4215MB hwm=4215MB
RSS_SAMPLE t=245.0s rss=4215MB hwm=4215MB
RSS_SAMPLE t=245.2s rss=4216MB hwm=4216MB
RSS_SAMPLE t=245.5s rss=4216MB hwm=4216MB
RSS_SAMPLE t=245.7s rss=4217MB hwm=4217MB
RSS_SAMPLE t=246.0s rss=4217MB hwm=4217MB
RSS_SAMPLE t=246.2s rss=4218MB hwm=4218MB
RSS_SAMPLE t=246.5s rss=4218MB hwm=4218MB
RSS_SAMPLE t=246.7s rss=4219MB hwm=4219MB
RSS_SAMPLE t=247.0s rss=4219MB hwm=4219MB
RSS_SAMPLE t=247.2s rss=4219MB hwm=4219MB
RSS_SAMPLE t=247.5s rss=4220MB hwm=4220MB
RSS_SAMPLE t=247.7s rss=4220MB hwm=4220MB
RSS_SAMPLE t=248.0s rss=4221MB hwm=4221MB
RSS_SAMPLE t=248.2s rss=4221MB hwm=4221MB
RSS_SAMPLE t=248.5s rss=4221MB hwm=4221MB
RSS_SAMPLE t=248.7s rss=4221MB hwm=4221MB
RSS_SAMPLE t=249.0s rss=4222MB hwm=4222MB
RSS_SAMPLE t=249.2s rss=4222MB hwm=4222MB
RSS_SAMPLE t=249.5s rss=4223MB hwm=4223MB
RSS_SAMPLE t=249.7s rss=4223MB hwm=4223MB
RSS_SAMPLE t=250.0s rss=4223MB hwm=4223MB
RSS_SAMPLE t=250.2s rss=4223MB hwm=4223MB
RSS_SAMPLE t=250.5s rss=4223MB hwm=4223MB
RSS_SAMPLE t=250.7s rss=4223MB hwm=4223MB
RSS_SAMPLE t=251.0s rss=4223MB hwm=4223MB
RSS_SAMPLE t=251.2s rss=4223MB hwm=4223MB
RSS_SAMPLE t=251.5s rss=4224MB hwm=4224MB
RSS_SAMPLE t=251.7s rss=4224MB hwm=4224MB
RSS_SAMPLE t=252.0s rss=4224MB hwm=4224MB
RSS_SAMPLE t=252.2s rss=4224MB hwm=4224MB
RSS_SAMPLE t=252.5s rss=4224MB hwm=4224MB
RSS_SAMPLE t=252.7s rss=4224MB hwm=4224MB
RSS_SAMPLE t=253.0s rss=4224MB hwm=4224MB
RSS_SAMPLE t=253.2s rss=4225MB hwm=4225MB
RSS_SAMPLE t=253.5s rss=4225MB hwm=4225MB
RSS_SAMPLE t=253.7s rss=4225MB hwm=4225MB
RSS_SAMPLE t=254.0s rss=4225MB hwm=4225MB
RSS_SAMPLE t=254.2s rss=4225MB hwm=4225MB
RSS_SAMPLE t=254.5s rss=4225MB hwm=4225MB
RSS_SAMPLE t=254.7s rss=4225MB hwm=4225MB
RSS_SAMPLE t=255.0s rss=4225MB hwm=4225MB
RSS_SAMPLE t=255.2s rss=4226MB hwm=4226MB
RSS_SAMPLE t=255.5s rss=4226MB hwm=4226MB
RSS_SAMPLE t=255.7s rss=4226MB hwm=4226MB
RSS_SAMPLE t=256.0s rss=4226MB hwm=4226MB
RSS_SAMPLE t=256.2s rss=4227MB hwm=4227MB
RSS_SAMPLE t=256.5s rss=4227MB hwm=4227MB
RSS_SAMPLE t=256.7s rss=4227MB hwm=4227MB
RSS_SAMPLE t=257.0s rss=4227MB hwm=4227MB
RSS_SAMPLE t=257.2s rss=4227MB hwm=4227MB
RSS_SAMPLE t=257.5s rss=4227MB hwm=4227MB
RSS_SAMPLE t=257.7s rss=4227MB hwm=4227MB
RSS_SAMPLE t=258.0s rss=4227MB hwm=4227MB
RSS_SAMPLE t=258.2s rss=4228MB hwm=4228MB
RSS_SAMPLE t=258.5s rss=4228MB hwm=4228MB
RSS_SAMPLE t=258.7s rss=4229MB hwm=4229MB
RSS_SAMPLE t=259.0s rss=4229MB hwm=4229MB
RSS_SAMPLE t=259.2s rss=4229MB hwm=4229MB
RSS_SAMPLE t=259.5s rss=4230MB hwm=4230MB
RSS_SAMPLE t=259.7s rss=4230MB hwm=4230MB
RSS_SAMPLE t=260.0s rss=4230MB hwm=4230MB
RSS_SAMPLE t=260.2s rss=4230MB hwm=4230MB
RSS_SAMPLE t=260.5s rss=4230MB hwm=4230MB
RSS_SAMPLE t=260.7s rss=4230MB hwm=4230MB
RSS_SAMPLE t=261.0s rss=4230MB hwm=4230MB
RSS_SAMPLE t=261.2s rss=4230MB hwm=4230MB
RSS_SAMPLE t=261.5s rss=4230MB hwm=4230MB
RSS_SAMPLE t=261.7s rss=4230MB hwm=4230MB
RSS_SAMPLE t=262.0s rss=4230MB hwm=4230MB
RSS_SAMPLE t=262.2s rss=4230MB hwm=4230MB
RSS_SAMPLE t=262.5s rss=4230MB hwm=4230MB
RSS_SAMPLE t=262.7s rss=4231MB hwm=4231MB
RSS_SAMPLE t=263.0s rss=4231MB hwm=4231MB
RSS_SAMPLE t=263.2s rss=4231MB hwm=4231MB
RSS_SAMPLE t=263.5s rss=4231MB hwm=4231MB
RSS_SAMPLE t=263.7s rss=4231MB hwm=4231MB
RSS_SAMPLE t=264.0s rss=4231MB hwm=4231MB
RSS_SAMPLE t=264.2s rss=4231MB hwm=4231MB
RSS_SAMPLE t=264.5s rss=4231MB hwm=4231MB
RSS_SAMPLE t=264.7s rss=4231MB hwm=4231MB
RSS_SAMPLE t=265.0s rss=4231MB hwm=4231MB
RSS_SAMPLE t=265.2s rss=4231MB hwm=4231MB
RSS_SAMPLE t=265.5s rss=4231MB hwm=4231MB
RSS_SAMPLE t=265.7s rss=4231MB hwm=4231MB
RSS_SAMPLE t=266.0s rss=4231MB hwm=4231MB
RSS_SAMPLE t=266.2s rss=4231MB hwm=4231MB
RSS_SAMPLE t=266.5s rss=4231MB hwm=4231MB
RSS_SAMPLE t=266.7s rss=4231MB hwm=4231MB
RSS_SAMPLE t=267.0s rss=4231MB hwm=4231MB
RSS_SAMPLE t=267.2s rss=4231MB hwm=4231MB
RSS_SAMPLE t=267.5s rss=4231MB hwm=4231MB
RSS_SAMPLE t=267.7s rss=4231MB hwm=4231MB
RSS_SAMPLE t=268.0s rss=4231MB hwm=4231MB
RSS_SAMPLE t=268.2s rss=4232MB hwm=4232MB
RSS_SAMPLE t=268.5s rss=4232MB hwm=4232MB
RSS_SAMPLE t=268.7s rss=4232MB hwm=4232MB
RSS_SAMPLE t=269.0s rss=4232MB hwm=4232MB
RSS_SAMPLE t=269.2s rss=4232MB hwm=4232MB
RSS_SAMPLE t=269.5s rss=4232MB hwm=4232MB
RSS_SAMPLE t=269.7s rss=4232MB hwm=4232MB
RSS_SAMPLE t=270.0s rss=4232MB hwm=4232MB
RSS_SAMPLE t=270.2s rss=4232MB hwm=4232MB
RSS_SAMPLE t=270.5s rss=4232MB hwm=4232MB
RSS_SAMPLE t=270.7s rss=4232MB hwm=4232MB
RSS_SAMPLE t=271.0s rss=4232MB hwm=4232MB
RSS_SAMPLE t=271.2s rss=4232MB hwm=4232MB
RSS_SAMPLE t=271.5s rss=4232MB hwm=4232MB
RSS_SAMPLE t=271.7s rss=4232MB hwm=4232MB
RSS_SAMPLE t=272.0s rss=4232MB hwm=4232MB
RSS_SAMPLE t=272.2s rss=4232MB hwm=4232MB
RSS_SAMPLE t=272.5s rss=4232MB hwm=4232MB
RSS_SAMPLE t=272.7s rss=4232MB hwm=4232MB
RSS_SAMPLE t=273.0s rss=4232MB hwm=4232MB
RSS_SAMPLE t=273.2s rss=4232MB hwm=4232MB
RSS_SAMPLE t=273.5s rss=4232MB hwm=4232MB
RSS_SAMPLE t=273.7s rss=4232MB hwm=4232MB
RSS_SAMPLE t=274.0s rss=4232MB hwm=4232MB
RSS_SAMPLE t=274.2s rss=4232MB hwm=4232MB
RSS_SAMPLE t=274.5s rss=4232MB hwm=4232MB
RSS_SAMPLE t=274.7s rss=4232MB hwm=4232MB
RSS_SAMPLE t=275.0s rss=4232MB hwm=4232MB
RSS_SAMPLE t=275.2s rss=4232MB hwm=4232MB
RSS_SAMPLE t=275.5s rss=4232MB hwm=4232MB
RSS_SAMPLE t=275.7s rss=4232MB hwm=4232MB
RSS_SAMPLE t=276.0s rss=4232MB hwm=4232MB
RSS_SAMPLE t=276.2s rss=4232MB hwm=4232MB
RSS_SAMPLE t=276.5s rss=4232MB hwm=4232MB
RSS_SAMPLE t=276.7s rss=4233MB hwm=4233MB
RSS_SAMPLE t=277.0s rss=4233MB hwm=4233MB
RSS_SAMPLE t=277.2s rss=4233MB hwm=4233MB
RSS_SAMPLE t=277.5s rss=4233MB hwm=4233MB
RSS_SAMPLE t=277.7s rss=4233MB hwm=4233MB
RSS_SAMPLE t=278.0s rss=4233MB hwm=4233MB
RSS_SAMPLE t=278.2s rss=4233MB hwm=4233MB
RSS_SAMPLE t=278.5s rss=4233MB hwm=4233MB
RSS_SAMPLE t=278.7s rss=4233MB hwm=4233MB
RSS_SAMPLE t=279.0s rss=4233MB hwm=4233MB
RSS_SAMPLE t=279.2s rss=4233MB hwm=4233MB
RSS_SAMPLE t=279.5s rss=4233MB hwm=4233MB
RSS_SAMPLE t=279.7s rss=4233MB hwm=4233MB
RSS_SAMPLE t=280.0s rss=4233MB hwm=4233MB
RSS_SAMPLE t=280.2s rss=4233MB hwm=4233MB
RSS_SAMPLE t=280.5s rss=4233MB hwm=4233MB
RSS_SAMPLE t=280.7s rss=4233MB hwm=4233MB
RSS_SAMPLE t=281.0s rss=4234MB hwm=4234MB
RSS_SAMPLE t=281.2s rss=4234MB hwm=4234MB
RSS_SAMPLE t=281.5s rss=4234MB hwm=4234MB
RSS_SAMPLE t=281.7s rss=4234MB hwm=4234MB
RSS_SAMPLE t=282.0s rss=4234MB hwm=4234MB
RSS_SAMPLE t=282.2s rss=4234MB hwm=4234MB
RSS_SAMPLE t=282.5s rss=4234MB hwm=4234MB
RSS_SAMPLE t=282.7s rss=4234MB hwm=4234MB
RSS_SAMPLE t=283.0s rss=4234MB hwm=4234MB
RSS_SAMPLE t=283.2s rss=4234MB hwm=4234MB
RSS_SAMPLE t=283.5s rss=4234MB hwm=4234MB
RSS_SAMPLE t=283.7s rss=4234MB hwm=4234MB
RSS_SAMPLE t=284.0s rss=4234MB hwm=4234MB
RSS_SAMPLE t=284.2s rss=4234MB hwm=4234MB
RSS_SAMPLE t=284.5s rss=4234MB hwm=4234MB
RSS_SAMPLE t=284.7s rss=4234MB hwm=4234MB
RSS_SAMPLE t=285.0s rss=4234MB hwm=4234MB
RSS_SAMPLE t=285.2s rss=4234MB hwm=4234MB
RSS_SAMPLE t=285.5s rss=4234MB hwm=4234MB
RSS_SAMPLE t=285.7s rss=4234MB hwm=4234MB
RSS_SAMPLE t=286.0s rss=4234MB hwm=4234MB
RSS_SAMPLE t=286.2s rss=4234MB hwm=4234MB
RSS_SAMPLE t=286.5s rss=4234MB hwm=4234MB
RSS_SAMPLE t=286.8s rss=4234MB hwm=4234MB
RSS_SAMPLE t=287.0s rss=4234MB hwm=4234MB
RSS_SAMPLE t=287.3s rss=4234MB hwm=4234MB
RSS_SAMPLE t=287.5s rss=4234MB hwm=4234MB
RSS_SAMPLE t=287.8s rss=4234MB hwm=4234MB
RSS_SAMPLE t=288.0s rss=4234MB hwm=4234MB
RSS_SAMPLE t=288.3s rss=4234MB hwm=4234MB
RSS_SAMPLE t=288.5s rss=4235MB hwm=4235MB
RSS_SAMPLE t=288.8s rss=4235MB hwm=4235MB
RSS_SAMPLE t=289.0s rss=4235MB hwm=4235MB
RSS_SAMPLE t=289.3s rss=4235MB hwm=4235MB
RSS_SAMPLE t=289.5s rss=4235MB hwm=4235MB
RSS_SAMPLE t=289.8s rss=4235MB hwm=4235MB
RSS_SAMPLE t=290.0s rss=4235MB hwm=4235MB
RSS_SAMPLE t=290.3s rss=4235MB hwm=4235MB
RSS_SAMPLE t=290.5s rss=4235MB hwm=4235MB
RSS_SAMPLE t=290.8s rss=4235MB hwm=4235MB
RSS_SAMPLE t=291.0s rss=4235MB hwm=4235MB
RSS_SAMPLE t=291.3s rss=4235MB hwm=4235MB
RSS_SAMPLE t=291.5s rss=4235MB hwm=4235MB
RSS_SAMPLE t=291.8s rss=4235MB hwm=4235MB
RSS_SAMPLE t=292.0s rss=4235MB hwm=4235MB
RSS_SAMPLE t=292.3s rss=4235MB hwm=4235MB
RSS_SAMPLE t=292.5s rss=4235MB hwm=4235MB
MEM_POOL: workspaces=32 dense_usage_mb=1251 n_pipes=2562403
    post_solve_diag[outer=1]: solves=105117 cap_armed=105117 (100.0%) settle_avg=8738 above_sink_avg=214 (2.4%) settle_max=69353
    load_support[outer=1]: settle_avg=8738 load_nz_avg=6735 (77.1%) load_material_avg=2448 (28.0%)
    prune_ceiling[outer=1]: settle_avg=8738 heuristic_prunable_avg=3531 (40.4%) vs oracle_zero_load=22.9%
    settle_hist[outer=1]: <100: 24031nets/0.1%work  <1k: 25406nets/0.9%work  <5k: 22821nets/6.5%work  <20k: 14728nets/17.5%work  <60k: 16265nets/61.6%work  >=60k: 1866nets/13.3%work
    fanout_hist[outer=1]: fan1: 43710nets/13.2%work  fan2-4: 48279nets/50.7%work  fan5-16: 12974nets/35.3%work  fan17-64: 154nets/0.8%work  fan65-256: 0nets/0.0%work  fan>256: 0nets/0.0%work
    rss_probe[outer=1]: pre_post_solve=4105MB post_post_solve=4254MB after_apply=4254MB
MuxSlotTracker[sweep 1 LEAK]: populated_cells=64549, overflow_tiles=1, at_cap_tiles=847, peak_excess=4, capacity_hist={16:67346}
    E_decomp: base=15751897.8 eff=26376224.4 cong=10624326.6 cong_share=40.3% sat_pipes=410209 max_util=743.50  R_buckets: 1-2x=2184224 2-10x=368273 10-100x=9906 >=100x=0
    E_potential: beckmann=2023637276808.6 history_total=0.0
    SpanCache: epoch=2 entries=2516 lookups=2562403 hits=2559887 misses=2516 hit_rate=99.9%
  DCD   1: nets=105117 line=16304955 energy=2818279.427 dE=+494892.328 friction=4944515.8 bins=2.1x(910) excess=366.0 moved=63760 disp=10.518 solves=105117 skip=105117 pops=918558736 theta=0.293 refresh=93499ms dcd=6983ms total=103104ms
    cache_stats: entries=56507919 capacity=98239469 est_mb=848 rss_mb=4256
RSS_SAMPLE t=292.8s rss=4260MB hwm=4260MB
RSS_SAMPLE t=293.0s rss=4260MB hwm=4260MB
RSS_SAMPLE t=293.3s rss=4260MB hwm=4260MB
RSS_SAMPLE t=293.5s rss=4260MB hwm=4260MB
RSS_SAMPLE t=293.8s rss=4260MB hwm=4260MB
RSS_SAMPLE t=294.0s rss=4260MB hwm=4260MB
RSS_SAMPLE t=294.3s rss=4260MB hwm=4260MB
RSS_SAMPLE t=294.5s rss=4260MB hwm=4260MB
RSS_SAMPLE t=294.8s rss=4260MB hwm=4260MB
RSS_SAMPLE t=295.0s rss=4260MB hwm=4260MB
    SwitchMatrix: type_usage_pairs=1163 lookups=3913 hits=2750 dijkstra_calls=1163 avg_us=12.4 total_ms=14.5
PHASE_MARK outer=2 enter=pre_solve rss=4260MB
    rss_probe[outer=2]: pre_refresh_rss=4260MB post_pre_solve_rss=4274MB cache_entries=56507919 cache_cap=98239469 cache_est_mb=848
    pre_solve_diag[outer=2]: solves=0 fallback=0 (0.0%) cap_armed=0 (0.0%) settle_avg=0 settle_max=0 init_count=245
    Overflow: over=360411 (14.1% of used) avg_excess=2.09 max_excess=2573.88 (nc=2597.88 cap=24 span=1)  excess_buckets: <=1=204060 1-5=126836 5-20=25508 >20=4007  by_cap: cap1=174335 cap2=149154 cap3-5=260 cap>5=36662  by_span: s1=1610 s2-3=3752 s4-6=23021 s7-12=149375 s>12=182653  le1_cross: cap1=119644 cap2-5=79214 cap>5=5202
    Congestion: pipes=2562403 used=2562403 congested(>50%)=735624 saturated(>90%)=410209 max_util=743.50 avg_util=0.5194
PHASE_MARK outer=2 enter=dcd_sweep rss=4274MB
RSS_SAMPLE t=295.3s rss=4274MB hwm=4274MB
RSS_SAMPLE t=295.5s rss=4274MB hwm=4274MB
RSS_SAMPLE t=295.8s rss=4274MB hwm=4274MB
RSS_SAMPLE t=296.0s rss=4274MB hwm=4274MB
RSS_SAMPLE t=296.3s rss=4274MB hwm=4274MB
RSS_SAMPLE t=296.5s rss=4274MB hwm=4274MB
RSS_SAMPLE t=296.8s rss=4274MB hwm=4274MB
RSS_SAMPLE t=297.0s rss=4274MB hwm=4274MB
RSS_SAMPLE t=297.3s rss=4274MB hwm=4274MB
RSS_SAMPLE t=297.5s rss=4274MB hwm=4274MB
RSS_SAMPLE t=297.8s rss=4274MB hwm=4274MB
RSS_SAMPLE t=298.0s rss=4274MB hwm=4274MB
RSS_SAMPLE t=298.3s rss=4274MB hwm=4274MB
RSS_SAMPLE t=298.5s rss=4274MB hwm=4274MB
RSS_SAMPLE t=298.8s rss=4274MB hwm=4274MB
RSS_SAMPLE t=299.0s rss=4274MB hwm=4274MB
RSS_SAMPLE t=299.3s rss=4274MB hwm=4274MB
RSS_SAMPLE t=299.5s rss=4274MB hwm=4274MB
RSS_SAMPLE t=299.8s rss=4274MB hwm=4274MB
RSS_SAMPLE t=300.0s rss=4274MB hwm=4274MB
RSS_SAMPLE t=300.3s rss=4274MB hwm=4274MB
RSS_SAMPLE t=300.5s rss=4274MB hwm=4274MB
RSS_SAMPLE t=300.8s rss=4274MB hwm=4274MB
RSS_SAMPLE t=301.0s rss=4274MB hwm=4274MB
RSS_SAMPLE t=301.3s rss=4274MB hwm=4274MB
RSS_SAMPLE t=301.5s rss=4274MB hwm=4274MB
RSS_SAMPLE t=301.8s rss=4274MB hwm=4274MB
RSS_SAMPLE t=302.0s rss=4274MB hwm=4274MB
PHASE_MARK outer=2 leave=dcd_sweep rss=4274MB
PHASE_MARK outer=2 enter=post_refresh rss=4274MB
RSS_SAMPLE t=302.3s rss=4275MB hwm=4275MB
RSS_SAMPLE t=302.5s rss=4275MB hwm=4275MB
RSS_SAMPLE t=302.8s rss=4275MB hwm=4275MB
RSS_SAMPLE t=303.0s rss=4275MB hwm=4275MB
RSS_SAMPLE t=303.3s rss=4275MB hwm=4275MB
RSS_SAMPLE t=303.5s rss=4275MB hwm=4275MB
RSS_SAMPLE t=303.8s rss=4275MB hwm=4275MB
RSS_SAMPLE t=304.0s rss=4275MB hwm=4275MB
RSS_SAMPLE t=304.3s rss=4275MB hwm=4275MB
RSS_SAMPLE t=304.5s rss=4275MB hwm=4275MB
RSS_SAMPLE t=304.8s rss=4276MB hwm=4276MB
RSS_SAMPLE t=305.0s rss=4276MB hwm=4276MB
RSS_SAMPLE t=305.3s rss=4277MB hwm=4277MB
RSS_SAMPLE t=305.5s rss=4278MB hwm=4278MB
RSS_SAMPLE t=305.8s rss=4278MB hwm=4278MB
RSS_SAMPLE t=306.0s rss=4279MB hwm=4279MB
RSS_SAMPLE t=306.3s rss=4280MB hwm=4280MB
RSS_SAMPLE t=306.5s rss=4280MB hwm=4280MB
RSS_SAMPLE t=306.8s rss=4280MB hwm=4280MB
RSS_SAMPLE t=307.0s rss=4281MB hwm=4281MB
RSS_SAMPLE t=307.3s rss=4281MB hwm=4281MB
RSS_SAMPLE t=307.5s rss=4281MB hwm=4281MB
RSS_SAMPLE t=307.8s rss=4282MB hwm=4282MB
RSS_SAMPLE t=308.0s rss=4282MB hwm=4282MB
RSS_SAMPLE t=308.3s rss=4282MB hwm=4282MB
RSS_SAMPLE t=308.5s rss=4283MB hwm=4283MB
RSS_SAMPLE t=308.8s rss=4284MB hwm=4284MB
RSS_SAMPLE t=309.0s rss=4284MB hwm=4284MB
RSS_SAMPLE t=309.3s rss=4285MB hwm=4285MB
RSS_SAMPLE t=309.5s rss=4285MB hwm=4285MB
RSS_SAMPLE t=309.8s rss=4286MB hwm=4286MB
RSS_SAMPLE t=310.0s rss=4286MB hwm=4286MB
RSS_SAMPLE t=310.3s rss=4287MB hwm=4287MB
RSS_SAMPLE t=310.5s rss=4288MB hwm=4288MB
RSS_SAMPLE t=310.8s rss=4288MB hwm=4288MB
RSS_SAMPLE t=311.0s rss=4289MB hwm=4289MB
RSS_SAMPLE t=311.3s rss=4289MB hwm=4289MB
RSS_SAMPLE t=311.5s rss=4289MB hwm=4289MB
RSS_SAMPLE t=311.8s rss=4290MB hwm=4290MB
RSS_SAMPLE t=312.0s rss=4291MB hwm=4291MB
RSS_SAMPLE t=312.3s rss=4291MB hwm=4291MB
RSS_SAMPLE t=312.5s rss=4291MB hwm=4291MB
RSS_SAMPLE t=312.8s rss=4292MB hwm=4292MB
RSS_SAMPLE t=313.0s rss=4293MB hwm=4293MB
RSS_SAMPLE t=313.3s rss=4293MB hwm=4293MB
RSS_SAMPLE t=313.5s rss=4294MB hwm=4294MB
RSS_SAMPLE t=313.8s rss=4295MB hwm=4295MB
RSS_SAMPLE t=314.0s rss=4295MB hwm=4295MB
RSS_SAMPLE t=314.3s rss=4296MB hwm=4296MB
RSS_SAMPLE t=314.5s rss=4297MB hwm=4297MB
RSS_SAMPLE t=314.8s rss=4297MB hwm=4297MB
RSS_SAMPLE t=315.0s rss=4297MB hwm=4297MB
RSS_SAMPLE t=315.3s rss=4298MB hwm=4298MB
RSS_SAMPLE t=315.5s rss=4298MB hwm=4298MB
RSS_SAMPLE t=315.8s rss=4300MB hwm=4300MB
RSS_SAMPLE t=316.0s rss=4300MB hwm=4300MB
RSS_SAMPLE t=316.3s rss=4301MB hwm=4301MB
RSS_SAMPLE t=316.5s rss=4302MB hwm=4302MB
RSS_SAMPLE t=316.8s rss=4302MB hwm=4302MB
RSS_SAMPLE t=317.0s rss=4303MB hwm=4303MB
RSS_SAMPLE t=317.3s rss=4303MB hwm=4303MB
RSS_SAMPLE t=317.5s rss=4304MB hwm=4304MB
RSS_SAMPLE t=317.8s rss=4305MB hwm=4305MB
RSS_SAMPLE t=318.0s rss=4305MB hwm=4305MB
RSS_SAMPLE t=318.3s rss=4306MB hwm=4306MB
RSS_SAMPLE t=318.5s rss=4306MB hwm=4306MB
RSS_SAMPLE t=318.8s rss=4307MB hwm=4307MB
RSS_SAMPLE t=319.0s rss=4308MB hwm=4308MB
RSS_SAMPLE t=319.3s rss=4308MB hwm=4308MB
RSS_SAMPLE t=319.5s rss=4309MB hwm=4309MB
RSS_SAMPLE t=319.8s rss=4310MB hwm=4310MB
RSS_SAMPLE t=320.0s rss=4311MB hwm=4311MB
RSS_SAMPLE t=320.3s rss=4311MB hwm=4311MB
RSS_SAMPLE t=320.5s rss=4311MB hwm=4311MB
RSS_SAMPLE t=320.8s rss=4312MB hwm=4312MB
RSS_SAMPLE t=321.0s rss=4312MB hwm=4312MB
RSS_SAMPLE t=321.3s rss=4313MB hwm=4313MB
RSS_SAMPLE t=321.5s rss=4314MB hwm=4314MB
RSS_SAMPLE t=321.8s rss=4314MB hwm=4314MB
RSS_SAMPLE t=322.0s rss=4314MB hwm=4314MB
RSS_SAMPLE t=322.3s rss=4315MB hwm=4315MB
RSS_SAMPLE t=322.5s rss=4316MB hwm=4316MB
RSS_SAMPLE t=322.8s rss=4317MB hwm=4317MB
RSS_SAMPLE t=323.0s rss=4317MB hwm=4317MB
RSS_SAMPLE t=323.3s rss=4317MB hwm=4317MB
RSS_SAMPLE t=323.5s rss=4318MB hwm=4318MB
RSS_SAMPLE t=323.8s rss=4318MB hwm=4318MB
RSS_SAMPLE t=324.0s rss=4319MB hwm=4319MB
RSS_SAMPLE t=324.3s rss=4319MB hwm=4319MB
RSS_SAMPLE t=324.5s rss=4320MB hwm=4320MB
RSS_SAMPLE t=324.8s rss=4320MB hwm=4320MB
RSS_SAMPLE t=325.0s rss=4321MB hwm=4321MB
RSS_SAMPLE t=325.3s rss=4322MB hwm=4322MB
RSS_SAMPLE t=325.5s rss=4323MB hwm=4323MB
RSS_SAMPLE t=325.8s rss=4323MB hwm=4323MB
RSS_SAMPLE t=326.0s rss=4324MB hwm=4324MB
RSS_SAMPLE t=326.3s rss=4325MB hwm=4325MB
RSS_SAMPLE t=326.5s rss=4326MB hwm=4326MB
RSS_SAMPLE t=326.8s rss=4326MB hwm=4326MB
RSS_SAMPLE t=327.0s rss=4327MB hwm=4327MB
RSS_SAMPLE t=327.3s rss=4327MB hwm=4327MB
RSS_SAMPLE t=327.5s rss=4328MB hwm=4328MB
RSS_SAMPLE t=327.8s rss=4328MB hwm=4328MB
RSS_SAMPLE t=328.0s rss=4329MB hwm=4329MB
RSS_SAMPLE t=328.3s rss=4330MB hwm=4330MB
RSS_SAMPLE t=328.5s rss=4331MB hwm=4331MB
RSS_SAMPLE t=328.8s rss=4332MB hwm=4332MB
RSS_SAMPLE t=329.0s rss=4332MB hwm=4332MB
RSS_SAMPLE t=329.3s rss=4333MB hwm=4333MB
RSS_SAMPLE t=329.5s rss=4333MB hwm=4333MB
RSS_SAMPLE t=329.8s rss=4334MB hwm=4334MB
RSS_SAMPLE t=330.1s rss=4334MB hwm=4334MB
RSS_SAMPLE t=330.3s rss=4335MB hwm=4335MB
RSS_SAMPLE t=330.6s rss=4336MB hwm=4336MB
RSS_SAMPLE t=330.8s rss=4336MB hwm=4336MB
RSS_SAMPLE t=331.1s rss=4337MB hwm=4337MB
RSS_SAMPLE t=331.3s rss=4337MB hwm=4337MB
RSS_SAMPLE t=331.6s rss=4337MB hwm=4337MB
RSS_SAMPLE t=331.8s rss=4338MB hwm=4338MB
RSS_SAMPLE t=332.1s rss=4338MB hwm=4338MB
RSS_SAMPLE t=332.3s rss=4339MB hwm=4339MB
RSS_SAMPLE t=332.6s rss=4339MB hwm=4339MB
RSS_SAMPLE t=332.8s rss=4339MB hwm=4339MB
RSS_SAMPLE t=333.1s rss=4340MB hwm=4340MB
RSS_SAMPLE t=333.3s rss=4340MB hwm=4340MB
RSS_SAMPLE t=333.6s rss=4341MB hwm=4341MB
RSS_SAMPLE t=333.8s rss=4341MB hwm=4341MB
RSS_SAMPLE t=334.1s rss=4342MB hwm=4342MB
RSS_SAMPLE t=334.3s rss=4342MB hwm=4342MB
RSS_SAMPLE t=334.6s rss=4343MB hwm=4343MB
RSS_SAMPLE t=334.8s rss=4344MB hwm=4344MB
RSS_SAMPLE t=335.1s rss=4344MB hwm=4344MB
RSS_SAMPLE t=335.3s rss=4345MB hwm=4345MB
RSS_SAMPLE t=335.6s rss=4345MB hwm=4345MB
RSS_SAMPLE t=335.8s rss=4345MB hwm=4345MB
RSS_SAMPLE t=336.1s rss=4346MB hwm=4346MB
RSS_SAMPLE t=336.3s rss=4346MB hwm=4346MB
RSS_SAMPLE t=336.6s rss=4346MB hwm=4346MB
RSS_SAMPLE t=336.8s rss=4347MB hwm=4347MB
RSS_SAMPLE t=337.1s rss=4347MB hwm=4347MB
RSS_SAMPLE t=337.3s rss=4348MB hwm=4348MB
RSS_SAMPLE t=337.6s rss=4348MB hwm=4348MB
RSS_SAMPLE t=337.8s rss=4349MB hwm=4349MB
RSS_SAMPLE t=338.1s rss=4349MB hwm=4349MB
RSS_SAMPLE t=338.3s rss=4349MB hwm=4349MB
RSS_SAMPLE t=338.6s rss=4350MB hwm=4350MB
RSS_SAMPLE t=338.8s rss=4350MB hwm=4350MB
RSS_SAMPLE t=339.1s rss=4351MB hwm=4351MB
RSS_SAMPLE t=339.3s rss=4351MB hwm=4351MB
RSS_SAMPLE t=339.6s rss=4351MB hwm=4351MB
RSS_SAMPLE t=339.8s rss=4352MB hwm=4352MB
RSS_SAMPLE t=340.1s rss=4352MB hwm=4352MB
RSS_SAMPLE t=340.3s rss=4352MB hwm=4352MB
RSS_SAMPLE t=340.6s rss=4353MB hwm=4353MB
RSS_SAMPLE t=340.8s rss=4353MB hwm=4353MB
RSS_SAMPLE t=341.1s rss=4353MB hwm=4353MB
RSS_SAMPLE t=341.3s rss=4354MB hwm=4354MB
RSS_SAMPLE t=341.6s rss=4354MB hwm=4354MB
RSS_SAMPLE t=341.8s rss=4355MB hwm=4355MB
RSS_SAMPLE t=342.1s rss=4355MB hwm=4355MB
RSS_SAMPLE t=342.3s rss=4355MB hwm=4355MB
RSS_SAMPLE t=342.6s rss=4355MB hwm=4355MB
RSS_SAMPLE t=342.8s rss=4356MB hwm=4356MB
RSS_SAMPLE t=343.1s rss=4356MB hwm=4356MB
RSS_SAMPLE t=343.3s rss=4356MB hwm=4356MB
RSS_SAMPLE t=343.6s rss=4357MB hwm=4357MB
RSS_SAMPLE t=343.8s rss=4357MB hwm=4357MB
RSS_SAMPLE t=344.1s rss=4358MB hwm=4358MB
RSS_SAMPLE t=344.3s rss=4358MB hwm=4358MB
RSS_SAMPLE t=344.6s rss=4358MB hwm=4358MB
RSS_SAMPLE t=344.8s rss=4358MB hwm=4358MB
RSS_SAMPLE t=345.1s rss=4359MB hwm=4359MB
RSS_SAMPLE t=345.3s rss=4359MB hwm=4359MB
RSS_SAMPLE t=345.6s rss=4359MB hwm=4359MB
RSS_SAMPLE t=345.8s rss=4360MB hwm=4360MB
RSS_SAMPLE t=346.1s rss=4360MB hwm=4360MB
RSS_SAMPLE t=346.3s rss=4361MB hwm=4361MB
RSS_SAMPLE t=346.6s rss=4361MB hwm=4361MB
RSS_SAMPLE t=346.8s rss=4361MB hwm=4361MB
RSS_SAMPLE t=347.1s rss=4361MB hwm=4361MB
RSS_SAMPLE t=347.3s rss=4362MB hwm=4362MB
RSS_SAMPLE t=347.6s rss=4362MB hwm=4362MB
RSS_SAMPLE t=347.8s rss=4362MB hwm=4362MB
RSS_SAMPLE t=348.1s rss=4362MB hwm=4362MB
RSS_SAMPLE t=348.3s rss=4363MB hwm=4363MB
RSS_SAMPLE t=348.6s rss=4363MB hwm=4363MB
RSS_SAMPLE t=348.8s rss=4363MB hwm=4363MB
RSS_SAMPLE t=349.1s rss=4364MB hwm=4364MB
RSS_SAMPLE t=349.3s rss=4364MB hwm=4364MB
RSS_SAMPLE t=349.6s rss=4364MB hwm=4364MB
RSS_SAMPLE t=349.8s rss=4364MB hwm=4364MB
RSS_SAMPLE t=350.1s rss=4364MB hwm=4364MB
RSS_SAMPLE t=350.3s rss=4365MB hwm=4365MB
RSS_SAMPLE t=350.6s rss=4365MB hwm=4365MB
RSS_SAMPLE t=350.8s rss=4365MB hwm=4365MB
RSS_SAMPLE t=351.1s rss=4365MB hwm=4365MB
RSS_SAMPLE t=351.3s rss=4365MB hwm=4365MB
RSS_SAMPLE t=351.6s rss=4366MB hwm=4366MB
RSS_SAMPLE t=351.8s rss=4366MB hwm=4366MB
RSS_SAMPLE t=352.1s rss=4366MB hwm=4366MB
RSS_SAMPLE t=352.3s rss=4367MB hwm=4367MB
RSS_SAMPLE t=352.6s rss=4367MB hwm=4367MB
RSS_SAMPLE t=352.8s rss=4367MB hwm=4367MB
RSS_SAMPLE t=353.1s rss=4367MB hwm=4367MB
RSS_SAMPLE t=353.3s rss=4367MB hwm=4367MB
RSS_SAMPLE t=353.6s rss=4367MB hwm=4367MB
RSS_SAMPLE t=353.8s rss=4368MB hwm=4368MB
RSS_SAMPLE t=354.1s rss=4368MB hwm=4368MB
RSS_SAMPLE t=354.3s rss=4368MB hwm=4368MB
RSS_SAMPLE t=354.6s rss=4368MB hwm=4368MB
RSS_SAMPLE t=354.8s rss=4369MB hwm=4369MB
RSS_SAMPLE t=355.1s rss=4369MB hwm=4369MB
RSS_SAMPLE t=355.3s rss=4369MB hwm=4369MB
RSS_SAMPLE t=355.6s rss=4369MB hwm=4369MB
RSS_SAMPLE t=355.8s rss=4369MB hwm=4369MB
RSS_SAMPLE t=356.1s rss=4370MB hwm=4370MB
RSS_SAMPLE t=356.3s rss=4370MB hwm=4370MB
RSS_SAMPLE t=356.6s rss=4370MB hwm=4370MB
RSS_SAMPLE t=356.8s rss=4371MB hwm=4371MB
RSS_SAMPLE t=357.1s rss=4371MB hwm=4371MB
RSS_SAMPLE t=357.3s rss=4371MB hwm=4371MB
RSS_SAMPLE t=357.6s rss=4371MB hwm=4371MB
RSS_SAMPLE t=357.8s rss=4371MB hwm=4371MB
RSS_SAMPLE t=358.1s rss=4372MB hwm=4372MB
RSS_SAMPLE t=358.3s rss=4372MB hwm=4372MB
RSS_SAMPLE t=358.6s rss=4372MB hwm=4372MB
RSS_SAMPLE t=358.8s rss=4372MB hwm=4372MB
RSS_SAMPLE t=359.1s rss=4372MB hwm=4372MB
RSS_SAMPLE t=359.3s rss=4372MB hwm=4372MB
RSS_SAMPLE t=359.6s rss=4373MB hwm=4373MB
RSS_SAMPLE t=359.8s rss=4373MB hwm=4373MB
RSS_SAMPLE t=360.1s rss=4373MB hwm=4373MB
RSS_SAMPLE t=360.3s rss=4373MB hwm=4373MB
RSS_SAMPLE t=360.6s rss=4374MB hwm=4374MB
RSS_SAMPLE t=360.8s rss=4374MB hwm=4374MB
RSS_SAMPLE t=361.1s rss=4374MB hwm=4374MB
RSS_SAMPLE t=361.3s rss=4374MB hwm=4374MB
RSS_SAMPLE t=361.6s rss=4374MB hwm=4374MB
RSS_SAMPLE t=361.8s rss=4374MB hwm=4374MB
RSS_SAMPLE t=362.1s rss=4375MB hwm=4375MB
RSS_SAMPLE t=362.3s rss=4375MB hwm=4375MB
RSS_SAMPLE t=362.6s rss=4375MB hwm=4375MB
RSS_SAMPLE t=362.8s rss=4375MB hwm=4375MB
RSS_SAMPLE t=363.1s rss=4375MB hwm=4375MB
RSS_SAMPLE t=363.3s rss=4375MB hwm=4375MB
RSS_SAMPLE t=363.6s rss=4375MB hwm=4375MB
RSS_SAMPLE t=363.8s rss=4375MB hwm=4375MB
RSS_SAMPLE t=364.1s rss=4375MB hwm=4375MB
RSS_SAMPLE t=364.3s rss=4375MB hwm=4375MB
RSS_SAMPLE t=364.6s rss=4375MB hwm=4375MB
RSS_SAMPLE t=364.8s rss=4375MB hwm=4375MB
RSS_SAMPLE t=365.1s rss=4375MB hwm=4375MB
RSS_SAMPLE t=365.3s rss=4375MB hwm=4375MB
RSS_SAMPLE t=365.6s rss=4375MB hwm=4375MB
RSS_SAMPLE t=365.8s rss=4375MB hwm=4375MB
RSS_SAMPLE t=366.1s rss=4375MB hwm=4375MB
RSS_SAMPLE t=366.3s rss=4375MB hwm=4375MB
RSS_SAMPLE t=366.6s rss=4375MB hwm=4375MB
RSS_SAMPLE t=366.8s rss=4375MB hwm=4375MB
RSS_SAMPLE t=367.1s rss=4375MB hwm=4375MB
RSS_SAMPLE t=367.3s rss=4375MB hwm=4375MB
RSS_SAMPLE t=367.6s rss=4375MB hwm=4375MB
RSS_SAMPLE t=367.8s rss=4375MB hwm=4375MB
RSS_SAMPLE t=368.1s rss=4375MB hwm=4375MB
RSS_SAMPLE t=368.3s rss=4375MB hwm=4375MB
RSS_SAMPLE t=368.6s rss=4375MB hwm=4375MB
RSS_SAMPLE t=368.8s rss=4375MB hwm=4375MB
RSS_SAMPLE t=369.1s rss=4375MB hwm=4375MB
RSS_SAMPLE t=369.3s rss=4375MB hwm=4375MB
RSS_SAMPLE t=369.6s rss=4376MB hwm=4376MB
RSS_SAMPLE t=369.8s rss=4376MB hwm=4376MB
RSS_SAMPLE t=370.1s rss=4376MB hwm=4376MB
RSS_SAMPLE t=370.3s rss=4376MB hwm=4376MB
RSS_SAMPLE t=370.6s rss=4376MB hwm=4376MB
RSS_SAMPLE t=370.8s rss=4376MB hwm=4376MB
RSS_SAMPLE t=371.1s rss=4376MB hwm=4376MB
RSS_SAMPLE t=371.3s rss=4376MB hwm=4376MB
RSS_SAMPLE t=371.6s rss=4376MB hwm=4376MB
RSS_SAMPLE t=371.8s rss=4376MB hwm=4376MB
RSS_SAMPLE t=372.1s rss=4376MB hwm=4376MB
RSS_SAMPLE t=372.3s rss=4376MB hwm=4376MB
RSS_SAMPLE t=372.6s rss=4376MB hwm=4376MB
RSS_SAMPLE t=372.8s rss=4376MB hwm=4376MB
RSS_SAMPLE t=373.1s rss=4376MB hwm=4376MB
RSS_SAMPLE t=373.3s rss=4376MB hwm=4376MB
RSS_SAMPLE t=373.6s rss=4376MB hwm=4376MB
RSS_SAMPLE t=373.8s rss=4376MB hwm=4376MB
RSS_SAMPLE t=374.1s rss=4376MB hwm=4376MB
RSS_SAMPLE t=374.3s rss=4376MB hwm=4376MB
RSS_SAMPLE t=374.6s rss=4376MB hwm=4376MB
RSS_SAMPLE t=374.9s rss=4376MB hwm=4376MB
RSS_SAMPLE t=375.1s rss=4376MB hwm=4376MB
RSS_SAMPLE t=375.4s rss=4376MB hwm=4376MB
RSS_SAMPLE t=375.6s rss=4376MB hwm=4376MB
RSS_SAMPLE t=375.9s rss=4376MB hwm=4376MB
RSS_SAMPLE t=376.1s rss=4376MB hwm=4376MB
RSS_SAMPLE t=376.4s rss=4376MB hwm=4376MB
RSS_SAMPLE t=376.6s rss=4376MB hwm=4376MB
RSS_SAMPLE t=376.9s rss=4376MB hwm=4376MB
RSS_SAMPLE t=377.1s rss=4376MB hwm=4376MB
RSS_SAMPLE t=377.4s rss=4376MB hwm=4376MB
RSS_SAMPLE t=377.6s rss=4376MB hwm=4376MB
RSS_SAMPLE t=377.9s rss=4376MB hwm=4376MB
RSS_SAMPLE t=378.1s rss=4376MB hwm=4376MB
RSS_SAMPLE t=378.4s rss=4376MB hwm=4376MB
RSS_SAMPLE t=378.6s rss=4376MB hwm=4376MB
RSS_SAMPLE t=378.9s rss=4376MB hwm=4376MB
RSS_SAMPLE t=379.1s rss=4376MB hwm=4376MB
RSS_SAMPLE t=379.4s rss=4376MB hwm=4376MB
RSS_SAMPLE t=379.6s rss=4376MB hwm=4376MB
RSS_SAMPLE t=379.9s rss=4376MB hwm=4376MB
RSS_SAMPLE t=380.1s rss=4376MB hwm=4376MB
RSS_SAMPLE t=380.4s rss=4376MB hwm=4376MB
RSS_SAMPLE t=380.6s rss=4376MB hwm=4376MB
RSS_SAMPLE t=380.9s rss=4376MB hwm=4376MB
RSS_SAMPLE t=381.1s rss=4376MB hwm=4376MB
RSS_SAMPLE t=381.4s rss=4376MB hwm=4376MB
RSS_SAMPLE t=381.6s rss=4376MB hwm=4376MB
RSS_SAMPLE t=381.9s rss=4376MB hwm=4376MB
RSS_SAMPLE t=382.1s rss=4376MB hwm=4376MB
RSS_SAMPLE t=382.4s rss=4376MB hwm=4376MB
RSS_SAMPLE t=382.6s rss=4376MB hwm=4376MB
RSS_SAMPLE t=382.9s rss=4376MB hwm=4376MB
RSS_SAMPLE t=383.1s rss=4376MB hwm=4376MB
RSS_SAMPLE t=383.4s rss=4376MB hwm=4376MB
RSS_SAMPLE t=383.6s rss=4376MB hwm=4376MB
RSS_SAMPLE t=383.9s rss=4376MB hwm=4376MB
RSS_SAMPLE t=384.1s rss=4376MB hwm=4376MB
RSS_SAMPLE t=384.4s rss=4376MB hwm=4376MB
RSS_SAMPLE t=384.6s rss=4376MB hwm=4376MB
RSS_SAMPLE t=384.9s rss=4376MB hwm=4376MB
RSS_SAMPLE t=385.1s rss=4376MB hwm=4376MB
RSS_SAMPLE t=385.4s rss=4376MB hwm=4376MB
RSS_SAMPLE t=385.6s rss=4376MB hwm=4376MB
RSS_SAMPLE t=385.9s rss=4376MB hwm=4376MB
RSS_SAMPLE t=386.1s rss=4376MB hwm=4376MB
RSS_SAMPLE t=386.4s rss=4376MB hwm=4376MB
RSS_SAMPLE t=386.6s rss=4376MB hwm=4376MB
RSS_SAMPLE t=386.9s rss=4376MB hwm=4376MB
RSS_SAMPLE t=387.1s rss=4376MB hwm=4376MB
RSS_SAMPLE t=387.4s rss=4376MB hwm=4376MB
RSS_SAMPLE t=387.6s rss=4376MB hwm=4376MB
RSS_SAMPLE t=387.9s rss=4376MB hwm=4376MB
RSS_SAMPLE t=388.1s rss=4376MB hwm=4376MB
RSS_SAMPLE t=388.4s rss=4376MB hwm=4376MB
RSS_SAMPLE t=388.6s rss=4376MB hwm=4376MB
RSS_SAMPLE t=388.9s rss=4376MB hwm=4376MB
RSS_SAMPLE t=389.1s rss=4377MB hwm=4377MB
RSS_SAMPLE t=389.4s rss=4377MB hwm=4377MB
RSS_SAMPLE t=389.6s rss=4377MB hwm=4377MB
RSS_SAMPLE t=389.9s rss=4377MB hwm=4377MB
RSS_SAMPLE t=390.1s rss=4377MB hwm=4377MB
RSS_SAMPLE t=390.4s rss=4377MB hwm=4377MB
RSS_SAMPLE t=390.6s rss=4377MB hwm=4377MB
RSS_SAMPLE t=390.9s rss=4377MB hwm=4377MB
RSS_SAMPLE t=391.1s rss=4377MB hwm=4377MB
RSS_SAMPLE t=391.4s rss=4377MB hwm=4377MB
RSS_SAMPLE t=391.6s rss=4377MB hwm=4377MB
RSS_SAMPLE t=391.9s rss=4377MB hwm=4377MB
RSS_SAMPLE t=392.1s rss=4377MB hwm=4377MB
RSS_SAMPLE t=392.4s rss=4377MB hwm=4377MB
RSS_SAMPLE t=392.6s rss=4377MB hwm=4377MB
RSS_SAMPLE t=392.9s rss=4377MB hwm=4377MB
RSS_SAMPLE t=393.1s rss=4377MB hwm=4377MB
MEM_POOL: workspaces=32 dense_usage_mb=1251 n_pipes=2562403
    post_solve_diag[outer=2]: solves=105117 cap_armed=105117 (100.0%) settle_avg=8205 above_sink_avg=218 (2.7%) settle_max=69353
    load_support[outer=2]: settle_avg=8205 load_nz_avg=6296 (76.7%) load_material_avg=2422 (29.5%)
    prune_ceiling[outer=2]: settle_avg=8205 heuristic_prunable_avg=3034 (37.0%) vs oracle_zero_load=23.3%
    settle_hist[outer=2]: <100: 23376nets/0.1%work  <1k: 27152nets/1.1%work  <5k: 22465nets/6.8%work  <20k: 15188nets/19.3%work  <60k: 15537nets/62.2%work  >=60k: 1399nets/10.5%work
    fanout_hist[outer=2]: fan1: 43710nets/13.0%work  fan2-4: 48279nets/50.6%work  fan5-16: 12974nets/35.6%work  fan17-64: 154nets/0.9%work  fan65-256: 0nets/0.0%work  fan>256: 0nets/0.0%work
    rss_probe[outer=2]: pre_post_solve=4275MB post_post_solve=4377MB after_apply=4377MB
    E_decomp: base=18563719.3 eff=34507012.8 cong=15943293.4 cong_share=46.2% sat_pipes=590535 max_util=1317.94  R_buckets: 1-2x=2139533 2-10x=398467 10-100x=24403 >=100x=0
    E_potential: beckmann=16922958444752.0 history_total=0.0
    SpanCache: epoch=3 entries=3913 lookups=2562403 hits=2558490 misses=3913 hit_rate=99.8%
  DCD   2: nets=105117 line=15700800 energy=2752611.844 dE=-65667.583 friction=5570609.2 bins=2.0x(697) excess=253.0 moved=65974 disp=7.567 solves=105117 skip=105117 pops=862489133 theta=0.343 refresh=91268ms dcd=6853ms total=100631ms
    cache_stats: entries=59255588 capacity=105152991 est_mb=907 rss_mb=4378
RSS_SAMPLE t=393.4s rss=4378MB hwm=4378MB
RSS_SAMPLE t=393.6s rss=4378MB hwm=4378MB
RSS_SAMPLE t=393.9s rss=4378MB hwm=4378MB
RSS_SAMPLE t=394.1s rss=4378MB hwm=4378MB
RSS_SAMPLE t=394.4s rss=4378MB hwm=4378MB
RSS_SAMPLE t=394.6s rss=4378MB hwm=4378MB
RSS_SAMPLE t=394.9s rss=4378MB hwm=4378MB
RSS_SAMPLE t=395.1s rss=4378MB hwm=4378MB
RSS_SAMPLE t=395.4s rss=4378MB hwm=4378MB
RSS_SAMPLE t=395.6s rss=4378MB hwm=4378MB
    SwitchMatrix: type_usage_pairs=1120 lookups=3463 hits=2343 dijkstra_calls=1120 avg_us=12.6 total_ms=14.1
PHASE_MARK outer=3 enter=pre_solve rss=4378MB
    rss_probe[outer=3]: pre_refresh_rss=4378MB post_pre_solve_rss=4378MB cache_entries=59255588 cache_cap=105152991 cache_est_mb=907
    pre_solve_diag[outer=3]: solves=0 fallback=0 (0.0%) cap_armed=0 (0.0%) settle_avg=0 settle_max=0 init_count=233
    Overflow: over=520245 (20.3% of used) avg_excess=1.54 max_excess=2652.25 (nc=2676.25 cap=24 span=1)  excess_buckets: <=1=330153 1-5=159826 5-20=27668 >20=2598  by_cap: cap1=254040 cap2=221890 cap3-5=497 cap>5=43818  by_span: s1=1395 s2-3=4433 s4-6=30237 s7-12=217920 s>12=266260  le1_cross: cap1=197087 cap2-5=126691 cap>5=6375
    Congestion: pipes=2562403 used=2562403 congested(>50%)=998409 saturated(>90%)=590535 max_util=1317.94 avg_util=0.6188
PHASE_MARK outer=3 enter=dcd_sweep rss=4378MB
RSS_SAMPLE t=395.9s rss=4378MB hwm=4378MB
RSS_SAMPLE t=396.1s rss=4378MB hwm=4378MB
RSS_SAMPLE t=396.4s rss=4378MB hwm=4378MB
RSS_SAMPLE t=396.6s rss=4378MB hwm=4378MB
RSS_SAMPLE t=396.9s rss=4378MB hwm=4378MB
RSS_SAMPLE t=397.1s rss=4378MB hwm=4378MB
RSS_SAMPLE t=397.4s rss=4378MB hwm=4378MB
RSS_SAMPLE t=397.6s rss=4378MB hwm=4378MB
RSS_SAMPLE t=397.9s rss=4378MB hwm=4378MB
RSS_SAMPLE t=398.1s rss=4378MB hwm=4378MB
RSS_SAMPLE t=398.4s rss=4378MB hwm=4378MB
RSS_SAMPLE t=398.6s rss=4378MB hwm=4378MB
RSS_SAMPLE t=398.9s rss=4378MB hwm=4378MB
RSS_SAMPLE t=399.1s rss=4378MB hwm=4378MB
RSS_SAMPLE t=399.4s rss=4378MB hwm=4378MB
RSS_SAMPLE t=399.6s rss=4378MB hwm=4378MB
RSS_SAMPLE t=399.9s rss=4378MB hwm=4378MB
RSS_SAMPLE t=400.1s rss=4378MB hwm=4378MB
RSS_SAMPLE t=400.4s rss=4378MB hwm=4378MB
RSS_SAMPLE t=400.6s rss=4378MB hwm=4378MB
RSS_SAMPLE t=400.9s rss=4378MB hwm=4378MB
RSS_SAMPLE t=401.1s rss=4378MB hwm=4378MB
RSS_SAMPLE t=401.4s rss=4378MB hwm=4378MB
RSS_SAMPLE t=401.6s rss=4378MB hwm=4378MB
RSS_SAMPLE t=401.9s rss=4378MB hwm=4378MB
RSS_SAMPLE t=402.1s rss=4378MB hwm=4378MB
RSS_SAMPLE t=402.4s rss=4378MB hwm=4378MB
RSS_SAMPLE t=402.6s rss=4378MB hwm=4378MB
PHASE_MARK outer=3 leave=dcd_sweep rss=4378MB
PHASE_MARK outer=3 enter=post_refresh rss=4378MB
RSS_SAMPLE t=402.9s rss=4382MB hwm=4382MB
RSS_SAMPLE t=403.1s rss=4382MB hwm=4382MB
RSS_SAMPLE t=403.4s rss=4382MB hwm=4382MB
RSS_SAMPLE t=403.6s rss=4382MB hwm=4382MB
RSS_SAMPLE t=403.9s rss=4382MB hwm=4382MB
RSS_SAMPLE t=404.1s rss=4382MB hwm=4382MB
RSS_SAMPLE t=404.4s rss=4382MB hwm=4382MB
RSS_SAMPLE t=404.6s rss=4382MB hwm=4382MB
RSS_SAMPLE t=404.9s rss=4382MB hwm=4382MB
RSS_SAMPLE t=405.1s rss=4382MB hwm=4382MB
RSS_SAMPLE t=405.4s rss=4383MB hwm=4383MB
RSS_SAMPLE t=405.6s rss=4383MB hwm=4383MB
RSS_SAMPLE t=405.9s rss=4383MB hwm=4383MB
RSS_SAMPLE t=406.1s rss=4383MB hwm=4383MB
RSS_SAMPLE t=406.4s rss=4384MB hwm=4384MB
RSS_SAMPLE t=406.6s rss=4384MB hwm=4384MB
RSS_SAMPLE t=406.9s rss=4384MB hwm=4384MB
RSS_SAMPLE t=407.1s rss=4384MB hwm=4384MB
RSS_SAMPLE t=407.4s rss=4385MB hwm=4385MB
RSS_SAMPLE t=407.6s rss=4385MB hwm=4385MB
RSS_SAMPLE t=407.9s rss=4385MB hwm=4385MB
RSS_SAMPLE t=408.1s rss=4386MB hwm=4386MB
RSS_SAMPLE t=408.4s rss=4386MB hwm=4386MB
RSS_SAMPLE t=408.6s rss=4386MB hwm=4386MB
RSS_SAMPLE t=408.9s rss=4387MB hwm=4387MB
RSS_SAMPLE t=409.1s rss=4387MB hwm=4387MB
RSS_SAMPLE t=409.4s rss=4387MB hwm=4387MB
RSS_SAMPLE t=409.6s rss=4388MB hwm=4388MB
RSS_SAMPLE t=409.9s rss=4388MB hwm=4388MB
RSS_SAMPLE t=410.1s rss=4388MB hwm=4388MB
RSS_SAMPLE t=410.4s rss=4389MB hwm=4389MB
RSS_SAMPLE t=410.6s rss=4389MB hwm=4389MB
RSS_SAMPLE t=410.9s rss=4389MB hwm=4389MB
RSS_SAMPLE t=411.1s rss=4389MB hwm=4389MB
RSS_SAMPLE t=411.4s rss=4389MB hwm=4389MB
RSS_SAMPLE t=411.6s rss=4390MB hwm=4390MB
RSS_SAMPLE t=411.9s rss=4390MB hwm=4390MB
RSS_SAMPLE t=412.1s rss=4391MB hwm=4391MB
RSS_SAMPLE t=412.4s rss=4391MB hwm=4391MB
RSS_SAMPLE t=412.6s rss=4391MB hwm=4391MB
RSS_SAMPLE t=412.9s rss=4392MB hwm=4392MB
RSS_SAMPLE t=413.1s rss=4392MB hwm=4392MB
RSS_SAMPLE t=413.4s rss=4392MB hwm=4392MB
RSS_SAMPLE t=413.6s rss=4392MB hwm=4392MB
RSS_SAMPLE t=413.9s rss=4393MB hwm=4393MB
RSS_SAMPLE t=414.1s rss=4393MB hwm=4393MB
RSS_SAMPLE t=414.4s rss=4393MB hwm=4393MB
RSS_SAMPLE t=414.6s rss=4394MB hwm=4394MB
RSS_SAMPLE t=414.9s rss=4394MB hwm=4394MB
RSS_SAMPLE t=415.1s rss=4395MB hwm=4395MB
RSS_SAMPLE t=415.4s rss=4395MB hwm=4395MB
RSS_SAMPLE t=415.6s rss=4396MB hwm=4396MB
RSS_SAMPLE t=415.9s rss=4396MB hwm=4396MB
RSS_SAMPLE t=416.1s rss=4396MB hwm=4396MB
RSS_SAMPLE t=416.4s rss=4396MB hwm=4396MB
RSS_SAMPLE t=416.6s rss=4397MB hwm=4397MB
RSS_SAMPLE t=416.9s rss=4398MB hwm=4398MB
RSS_SAMPLE t=417.1s rss=4398MB hwm=4398MB
RSS_SAMPLE t=417.4s rss=4398MB hwm=4398MB
RSS_SAMPLE t=417.6s rss=4399MB hwm=4399MB
RSS_SAMPLE t=417.9s rss=4400MB hwm=4400MB
RSS_SAMPLE t=418.1s rss=4400MB hwm=4400MB
RSS_SAMPLE t=418.4s rss=4400MB hwm=4400MB
RSS_SAMPLE t=418.6s rss=4401MB hwm=4401MB
RSS_SAMPLE t=418.9s rss=4401MB hwm=4401MB
RSS_SAMPLE t=419.1s rss=4401MB hwm=4401MB
RSS_SAMPLE t=419.4s rss=4401MB hwm=4401MB
RSS_SAMPLE t=419.6s rss=4402MB hwm=4402MB
RSS_SAMPLE t=419.9s rss=4402MB hwm=4402MB
RSS_SAMPLE t=420.1s rss=4402MB hwm=4402MB
RSS_SAMPLE t=420.4s rss=4403MB hwm=4403MB
RSS_SAMPLE t=420.6s rss=4403MB hwm=4403MB
RSS_SAMPLE t=420.9s rss=4404MB hwm=4404MB
RSS_SAMPLE t=421.1s rss=4404MB hwm=4404MB
RSS_SAMPLE t=421.4s rss=4404MB hwm=4404MB
RSS_SAMPLE t=421.6s rss=4405MB hwm=4405MB
RSS_SAMPLE t=421.9s rss=4406MB hwm=4406MB
RSS_SAMPLE t=422.1s rss=4407MB hwm=4407MB
RSS_SAMPLE t=422.4s rss=4407MB hwm=4407MB
RSS_SAMPLE t=422.6s rss=4408MB hwm=4408MB
RSS_SAMPLE t=422.9s rss=4408MB hwm=4408MB
RSS_SAMPLE t=423.1s rss=4409MB hwm=4409MB
RSS_SAMPLE t=423.4s rss=4409MB hwm=4409MB
RSS_SAMPLE t=423.6s rss=4410MB hwm=4410MB
RSS_SAMPLE t=423.9s rss=4410MB hwm=4410MB
RSS_SAMPLE t=424.1s rss=4411MB hwm=4411MB
RSS_SAMPLE t=424.4s rss=4412MB hwm=4412MB
RSS_SAMPLE t=424.6s rss=4412MB hwm=4412MB
RSS_SAMPLE t=424.9s rss=4413MB hwm=4413MB
RSS_SAMPLE t=425.1s rss=4414MB hwm=4414MB
RSS_SAMPLE t=425.4s rss=4415MB hwm=4415MB
RSS_SAMPLE t=425.6s rss=4415MB hwm=4415MB
RSS_SAMPLE t=425.9s rss=4415MB hwm=4415MB
RSS_SAMPLE t=426.1s rss=4416MB hwm=4416MB
RSS_SAMPLE t=426.4s rss=4416MB hwm=4416MB
RSS_SAMPLE t=426.6s rss=4417MB hwm=4417MB
RSS_SAMPLE t=426.9s rss=4418MB hwm=4418MB
RSS_SAMPLE t=427.1s rss=4418MB hwm=4418MB
RSS_SAMPLE t=427.4s rss=4419MB hwm=4419MB
RSS_SAMPLE t=427.6s rss=4420MB hwm=4420MB
RSS_SAMPLE t=427.9s rss=4420MB hwm=4420MB
RSS_SAMPLE t=428.1s rss=4420MB hwm=4420MB
RSS_SAMPLE t=428.4s rss=4421MB hwm=4421MB
RSS_SAMPLE t=428.6s rss=4421MB hwm=4421MB
RSS_SAMPLE t=428.9s rss=4421MB hwm=4421MB
RSS_SAMPLE t=429.2s rss=4422MB hwm=4422MB
RSS_SAMPLE t=429.4s rss=4422MB hwm=4422MB
RSS_SAMPLE t=429.7s rss=4423MB hwm=4423MB
RSS_SAMPLE t=429.9s rss=4423MB hwm=4423MB
RSS_SAMPLE t=430.2s rss=4423MB hwm=4423MB
RSS_SAMPLE t=430.4s rss=4424MB hwm=4424MB
RSS_SAMPLE t=430.7s rss=4424MB hwm=4424MB
RSS_SAMPLE t=430.9s rss=4425MB hwm=4425MB
RSS_SAMPLE t=431.2s rss=4425MB hwm=4425MB
RSS_SAMPLE t=431.4s rss=4425MB hwm=4425MB
RSS_SAMPLE t=431.7s rss=4426MB hwm=4426MB
RSS_SAMPLE t=431.9s rss=4427MB hwm=4427MB
RSS_SAMPLE t=432.2s rss=4428MB hwm=4428MB
RSS_SAMPLE t=432.4s rss=4429MB hwm=4429MB
RSS_SAMPLE t=432.7s rss=4429MB hwm=4429MB
RSS_SAMPLE t=432.9s rss=4429MB hwm=4429MB
RSS_SAMPLE t=433.2s rss=4430MB hwm=4430MB
RSS_SAMPLE t=433.4s rss=4430MB hwm=4430MB
RSS_SAMPLE t=433.7s rss=4431MB hwm=4431MB
RSS_SAMPLE t=433.9s rss=4431MB hwm=4431MB
RSS_SAMPLE t=434.2s rss=4432MB hwm=4432MB
RSS_SAMPLE t=434.4s rss=4432MB hwm=4432MB
RSS_SAMPLE t=434.7s rss=4432MB hwm=4432MB
RSS_SAMPLE t=434.9s rss=4433MB hwm=4433MB
RSS_SAMPLE t=435.2s rss=4434MB hwm=4434MB
RSS_SAMPLE t=435.4s rss=4434MB hwm=4434MB
RSS_SAMPLE t=435.7s rss=4434MB hwm=4434MB
RSS_SAMPLE t=435.9s rss=4434MB hwm=4434MB
RSS_SAMPLE t=436.2s rss=4434MB hwm=4434MB
RSS_SAMPLE t=436.4s rss=4435MB hwm=4435MB
RSS_SAMPLE t=436.7s rss=4436MB hwm=4436MB
RSS_SAMPLE t=436.9s rss=4436MB hwm=4436MB
RSS_SAMPLE t=437.2s rss=4437MB hwm=4437MB
RSS_SAMPLE t=437.4s rss=4438MB hwm=4438MB
RSS_SAMPLE t=437.7s rss=4438MB hwm=4438MB
RSS_SAMPLE t=437.9s rss=4438MB hwm=4438MB
RSS_SAMPLE t=438.2s rss=4439MB hwm=4439MB
RSS_SAMPLE t=438.4s rss=4439MB hwm=4439MB
RSS_SAMPLE t=438.7s rss=4440MB hwm=4440MB
RSS_SAMPLE t=438.9s rss=4440MB hwm=4440MB
RSS_SAMPLE t=439.2s rss=4440MB hwm=4440MB
RSS_SAMPLE t=439.4s rss=4441MB hwm=4441MB
RSS_SAMPLE t=439.7s rss=4441MB hwm=4441MB
RSS_SAMPLE t=439.9s rss=4442MB hwm=4442MB
RSS_SAMPLE t=440.2s rss=4442MB hwm=4442MB
RSS_SAMPLE t=440.4s rss=4442MB hwm=4442MB
RSS_SAMPLE t=440.7s rss=4442MB hwm=4442MB
RSS_SAMPLE t=440.9s rss=4442MB hwm=4442MB
RSS_SAMPLE t=441.2s rss=4443MB hwm=4443MB
RSS_SAMPLE t=441.4s rss=4443MB hwm=4443MB
RSS_SAMPLE t=441.7s rss=4444MB hwm=4444MB
RSS_SAMPLE t=441.9s rss=4444MB hwm=4444MB
RSS_SAMPLE t=442.2s rss=4445MB hwm=4445MB
RSS_SAMPLE t=442.4s rss=4445MB hwm=4445MB
RSS_SAMPLE t=442.7s rss=4446MB hwm=4446MB
RSS_SAMPLE t=442.9s rss=4446MB hwm=4446MB
RSS_SAMPLE t=443.2s rss=4446MB hwm=4446MB
RSS_SAMPLE t=443.4s rss=4446MB hwm=4446MB
RSS_SAMPLE t=443.7s rss=4447MB hwm=4447MB
RSS_SAMPLE t=443.9s rss=4447MB hwm=4447MB
RSS_SAMPLE t=444.2s rss=4448MB hwm=4448MB
RSS_SAMPLE t=444.4s rss=4448MB hwm=4448MB
RSS_SAMPLE t=444.7s rss=4448MB hwm=4448MB
RSS_SAMPLE t=444.9s rss=4448MB hwm=4448MB
RSS_SAMPLE t=445.2s rss=4448MB hwm=4448MB
RSS_SAMPLE t=445.4s rss=4449MB hwm=4449MB
RSS_SAMPLE t=445.7s rss=4449MB hwm=4449MB
RSS_SAMPLE t=445.9s rss=4449MB hwm=4449MB
RSS_SAMPLE t=446.2s rss=4449MB hwm=4449MB
RSS_SAMPLE t=446.4s rss=4450MB hwm=4450MB
RSS_SAMPLE t=446.7s rss=4450MB hwm=4450MB
RSS_SAMPLE t=446.9s rss=4450MB hwm=4450MB
RSS_SAMPLE t=447.2s rss=4451MB hwm=4451MB
RSS_SAMPLE t=447.4s rss=4451MB hwm=4451MB
RSS_SAMPLE t=447.7s rss=4451MB hwm=4451MB
RSS_SAMPLE t=447.9s rss=4451MB hwm=4451MB
RSS_SAMPLE t=448.2s rss=4452MB hwm=4452MB
RSS_SAMPLE t=448.4s rss=4452MB hwm=4452MB
RSS_SAMPLE t=448.7s rss=4452MB hwm=4452MB
RSS_SAMPLE t=448.9s rss=4452MB hwm=4452MB
RSS_SAMPLE t=449.2s rss=4452MB hwm=4452MB
RSS_SAMPLE t=449.4s rss=4453MB hwm=4453MB
RSS_SAMPLE t=449.7s rss=4453MB hwm=4453MB
RSS_SAMPLE t=449.9s rss=4453MB hwm=4453MB
RSS_SAMPLE t=450.2s rss=4453MB hwm=4453MB
RSS_SAMPLE t=450.4s rss=4454MB hwm=4454MB
RSS_SAMPLE t=450.7s rss=4454MB hwm=4454MB
RSS_SAMPLE t=450.9s rss=4454MB hwm=4454MB
RSS_SAMPLE t=451.2s rss=4454MB hwm=4454MB
RSS_SAMPLE t=451.4s rss=4454MB hwm=4454MB
RSS_SAMPLE t=451.7s rss=4454MB hwm=4454MB
RSS_SAMPLE t=451.9s rss=4455MB hwm=4455MB
RSS_SAMPLE t=452.2s rss=4455MB hwm=4455MB
RSS_SAMPLE t=452.4s rss=4455MB hwm=4455MB
RSS_SAMPLE t=452.7s rss=4455MB hwm=4455MB
RSS_SAMPLE t=452.9s rss=4456MB hwm=4456MB
RSS_SAMPLE t=453.2s rss=4456MB hwm=4456MB
RSS_SAMPLE t=453.4s rss=4456MB hwm=4456MB
RSS_SAMPLE t=453.7s rss=4456MB hwm=4456MB
RSS_SAMPLE t=453.9s rss=4456MB hwm=4456MB
RSS_SAMPLE t=454.2s rss=4456MB hwm=4456MB
RSS_SAMPLE t=454.4s rss=4457MB hwm=4457MB
RSS_SAMPLE t=454.7s rss=4457MB hwm=4457MB
RSS_SAMPLE t=454.9s rss=4457MB hwm=4457MB
RSS_SAMPLE t=455.2s rss=4457MB hwm=4457MB
RSS_SAMPLE t=455.4s rss=4457MB hwm=4457MB
RSS_SAMPLE t=455.7s rss=4457MB hwm=4457MB
RSS_SAMPLE t=455.9s rss=4457MB hwm=4457MB
RSS_SAMPLE t=456.2s rss=4457MB hwm=4457MB
RSS_SAMPLE t=456.4s rss=4457MB hwm=4457MB
RSS_SAMPLE t=456.7s rss=4457MB hwm=4457MB
RSS_SAMPLE t=456.9s rss=4457MB hwm=4457MB
RSS_SAMPLE t=457.2s rss=4457MB hwm=4457MB
RSS_SAMPLE t=457.4s rss=4457MB hwm=4457MB
RSS_SAMPLE t=457.7s rss=4457MB hwm=4457MB
RSS_SAMPLE t=457.9s rss=4457MB hwm=4457MB
RSS_SAMPLE t=458.2s rss=4457MB hwm=4457MB
RSS_SAMPLE t=458.4s rss=4457MB hwm=4457MB
RSS_SAMPLE t=458.7s rss=4457MB hwm=4457MB
RSS_SAMPLE t=458.9s rss=4457MB hwm=4457MB
RSS_SAMPLE t=459.2s rss=4457MB hwm=4457MB
RSS_SAMPLE t=459.4s rss=4457MB hwm=4457MB
RSS_SAMPLE t=459.7s rss=4457MB hwm=4457MB
RSS_SAMPLE t=459.9s rss=4458MB hwm=4458MB
RSS_SAMPLE t=460.2s rss=4458MB hwm=4458MB
RSS_SAMPLE t=460.4s rss=4458MB hwm=4458MB
RSS_SAMPLE t=460.7s rss=4458MB hwm=4458MB
RSS_SAMPLE t=460.9s rss=4458MB hwm=4458MB
RSS_SAMPLE t=461.2s rss=4458MB hwm=4458MB
RSS_SAMPLE t=461.4s rss=4458MB hwm=4458MB
RSS_SAMPLE t=461.7s rss=4458MB hwm=4458MB
RSS_SAMPLE t=461.9s rss=4458MB hwm=4458MB
RSS_SAMPLE t=462.2s rss=4458MB hwm=4458MB
RSS_SAMPLE t=462.4s rss=4458MB hwm=4458MB
RSS_SAMPLE t=462.7s rss=4458MB hwm=4458MB
RSS_SAMPLE t=462.9s rss=4458MB hwm=4458MB
RSS_SAMPLE t=463.2s rss=4458MB hwm=4458MB
RSS_SAMPLE t=463.4s rss=4458MB hwm=4458MB
RSS_SAMPLE t=463.7s rss=4458MB hwm=4458MB
RSS_SAMPLE t=463.9s rss=4458MB hwm=4458MB
RSS_SAMPLE t=464.2s rss=4458MB hwm=4458MB
RSS_SAMPLE t=464.4s rss=4458MB hwm=4458MB
RSS_SAMPLE t=464.7s rss=4458MB hwm=4458MB
RSS_SAMPLE t=464.9s rss=4458MB hwm=4458MB
RSS_SAMPLE t=465.2s rss=4458MB hwm=4458MB
RSS_SAMPLE t=465.4s rss=4458MB hwm=4458MB
RSS_SAMPLE t=465.7s rss=4458MB hwm=4458MB
RSS_SAMPLE t=465.9s rss=4458MB hwm=4458MB
RSS_SAMPLE t=466.2s rss=4458MB hwm=4458MB
RSS_SAMPLE t=466.4s rss=4458MB hwm=4458MB
RSS_SAMPLE t=466.7s rss=4458MB hwm=4458MB
RSS_SAMPLE t=466.9s rss=4458MB hwm=4458MB
RSS_SAMPLE t=467.2s rss=4458MB hwm=4458MB
RSS_SAMPLE t=467.4s rss=4458MB hwm=4458MB
RSS_SAMPLE t=467.7s rss=4458MB hwm=4458MB
RSS_SAMPLE t=467.9s rss=4458MB hwm=4458MB
RSS_SAMPLE t=468.2s rss=4458MB hwm=4458MB
RSS_SAMPLE t=468.4s rss=4458MB hwm=4458MB
RSS_SAMPLE t=468.7s rss=4458MB hwm=4458MB
RSS_SAMPLE t=468.9s rss=4458MB hwm=4458MB
RSS_SAMPLE t=469.2s rss=4458MB hwm=4458MB
RSS_SAMPLE t=469.4s rss=4458MB hwm=4458MB
RSS_SAMPLE t=469.7s rss=4458MB hwm=4458MB
RSS_SAMPLE t=469.9s rss=4458MB hwm=4458MB
RSS_SAMPLE t=470.2s rss=4458MB hwm=4458MB
RSS_SAMPLE t=470.4s rss=4458MB hwm=4458MB
RSS_SAMPLE t=470.7s rss=4458MB hwm=4458MB
RSS_SAMPLE t=470.9s rss=4458MB hwm=4458MB
RSS_SAMPLE t=471.2s rss=4458MB hwm=4458MB
RSS_SAMPLE t=471.4s rss=4458MB hwm=4458MB
RSS_SAMPLE t=471.7s rss=4459MB hwm=4459MB
RSS_SAMPLE t=471.9s rss=4459MB hwm=4459MB
RSS_SAMPLE t=472.2s rss=4459MB hwm=4459MB
RSS_SAMPLE t=472.4s rss=4459MB hwm=4459MB
RSS_SAMPLE t=472.7s rss=4459MB hwm=4459MB
RSS_SAMPLE t=472.9s rss=4459MB hwm=4459MB
RSS_SAMPLE t=473.2s rss=4459MB hwm=4459MB
RSS_SAMPLE t=473.4s rss=4459MB hwm=4459MB
RSS_SAMPLE t=473.7s rss=4459MB hwm=4459MB
RSS_SAMPLE t=473.9s rss=4459MB hwm=4459MB
RSS_SAMPLE t=474.2s rss=4459MB hwm=4459MB
RSS_SAMPLE t=474.4s rss=4459MB hwm=4459MB
RSS_SAMPLE t=474.7s rss=4459MB hwm=4459MB
RSS_SAMPLE t=474.9s rss=4459MB hwm=4459MB
RSS_SAMPLE t=475.2s rss=4459MB hwm=4459MB
RSS_SAMPLE t=475.4s rss=4459MB hwm=4459MB
RSS_SAMPLE t=475.7s rss=4459MB hwm=4459MB
RSS_SAMPLE t=475.9s rss=4459MB hwm=4459MB
RSS_SAMPLE t=476.2s rss=4459MB hwm=4459MB
RSS_SAMPLE t=476.4s rss=4459MB hwm=4459MB
RSS_SAMPLE t=476.7s rss=4459MB hwm=4459MB
RSS_SAMPLE t=476.9s rss=4459MB hwm=4459MB
RSS_SAMPLE t=477.2s rss=4459MB hwm=4459MB
RSS_SAMPLE t=477.4s rss=4459MB hwm=4459MB
RSS_SAMPLE t=477.7s rss=4459MB hwm=4459MB
RSS_SAMPLE t=477.9s rss=4459MB hwm=4459MB
RSS_SAMPLE t=478.2s rss=4459MB hwm=4459MB
RSS_SAMPLE t=478.4s rss=4459MB hwm=4459MB
RSS_SAMPLE t=478.7s rss=4459MB hwm=4459MB
RSS_SAMPLE t=478.9s rss=4459MB hwm=4459MB
RSS_SAMPLE t=479.2s rss=4459MB hwm=4459MB
RSS_SAMPLE t=479.4s rss=4459MB hwm=4459MB
RSS_SAMPLE t=479.7s rss=4459MB hwm=4459MB
RSS_SAMPLE t=479.9s rss=4459MB hwm=4459MB
RSS_SAMPLE t=480.2s rss=4459MB hwm=4459MB
RSS_SAMPLE t=480.4s rss=4459MB hwm=4459MB
RSS_SAMPLE t=480.7s rss=4459MB hwm=4459MB
RSS_SAMPLE t=480.9s rss=4459MB hwm=4459MB
RSS_SAMPLE t=481.2s rss=4459MB hwm=4459MB
RSS_SAMPLE t=481.4s rss=4459MB hwm=4459MB
RSS_SAMPLE t=481.7s rss=4459MB hwm=4459MB
RSS_SAMPLE t=481.9s rss=4459MB hwm=4459MB
RSS_SAMPLE t=482.2s rss=4459MB hwm=4459MB
RSS_SAMPLE t=482.4s rss=4459MB hwm=4459MB
RSS_SAMPLE t=482.7s rss=4460MB hwm=4460MB
RSS_SAMPLE t=482.9s rss=4460MB hwm=4460MB
RSS_SAMPLE t=483.2s rss=4460MB hwm=4460MB
RSS_SAMPLE t=483.4s rss=4460MB hwm=4460MB
RSS_SAMPLE t=483.7s rss=4460MB hwm=4460MB
RSS_SAMPLE t=483.9s rss=4460MB hwm=4460MB
RSS_SAMPLE t=484.2s rss=4460MB hwm=4460MB
RSS_SAMPLE t=484.4s rss=4460MB hwm=4460MB
RSS_SAMPLE t=484.7s rss=4460MB hwm=4460MB
RSS_SAMPLE t=484.9s rss=4460MB hwm=4460MB
RSS_SAMPLE t=485.2s rss=4460MB hwm=4460MB
RSS_SAMPLE t=485.4s rss=4460MB hwm=4460MB
RSS_SAMPLE t=485.7s rss=4460MB hwm=4460MB
RSS_SAMPLE t=485.9s rss=4460MB hwm=4460MB
RSS_SAMPLE t=486.2s rss=4460MB hwm=4460MB
RSS_SAMPLE t=486.4s rss=4460MB hwm=4460MB
RSS_SAMPLE t=486.7s rss=4460MB hwm=4460MB
RSS_SAMPLE t=486.9s rss=4460MB hwm=4460MB
RSS_SAMPLE t=487.2s rss=4460MB hwm=4460MB
RSS_SAMPLE t=487.4s rss=4460MB hwm=4460MB
RSS_SAMPLE t=487.7s rss=4460MB hwm=4460MB
RSS_SAMPLE t=487.9s rss=4460MB hwm=4460MB
RSS_SAMPLE t=488.2s rss=4460MB hwm=4460MB
RSS_SAMPLE t=488.4s rss=4460MB hwm=4460MB
RSS_SAMPLE t=488.7s rss=4460MB hwm=4460MB
MEM_POOL: workspaces=32 dense_usage_mb=1251 n_pipes=2562403
    post_solve_diag[outer=3]: solves=105117 cap_armed=105117 (100.0%) settle_avg=7727 above_sink_avg=225 (2.9%) settle_max=69353
    load_support[outer=3]: settle_avg=7727 load_nz_avg=5961 (77.1%) load_material_avg=2275 (29.4%)
    prune_ceiling[outer=3]: settle_avg=7727 heuristic_prunable_avg=2653 (34.3%) vs oracle_zero_load=22.9%
    settle_hist[outer=3]: <100: 23205nets/0.1%work  <1k: 27695nets/1.2%work  <5k: 22661nets/7.1%work  <20k: 15727nets/21.3%work  <60k: 14858nets/62.6%work  >=60k: 971nets/7.7%work
    fanout_hist[outer=3]: fan1: 43710nets/13.0%work  fan2-4: 48279nets/50.4%work  fan5-16: 12974nets/35.7%work  fan17-64: 154nets/0.9%work  fan65-256: 0nets/0.0%work  fan>256: 0nets/0.0%work
    rss_probe[outer=3]: pre_post_solve=4382MB post_post_solve=4460MB after_apply=4460MB
    E_decomp: base=19407756.2 eff=34552319.7 cong=15144563.5 cong_share=43.8% sat_pipes=648409 max_util=894.90  R_buckets: 1-2x=2134073 2-10x=410657 10-100x=17673 >=100x=0
    E_potential: beckmann=2713440796792.1 history_total=0.0
    SpanCache: epoch=4 entries=3463 lookups=2562403 hits=2558940 misses=3463 hit_rate=99.9%
  DCD   3: nets=105117 line=15080981 energy=2662730.356 dE=-89881.488 friction=3968578.1 bins=2.0x(492) excess=155.3 moved=66882 disp=6.248 solves=105117 skip=105117 pops=812289959 theta=0.401 refresh=86158ms dcd=6839ms total=95489ms
    cache_stats: entries=61028043 capacity=110570040 est_mb=954 rss_mb=4462
RSS_SAMPLE t=488.9s rss=4462MB hwm=4462MB
RSS_SAMPLE t=489.2s rss=4462MB hwm=4462MB
RSS_SAMPLE t=489.4s rss=4462MB hwm=4462MB
RSS_SAMPLE t=489.7s rss=4462MB hwm=4462MB
RSS_SAMPLE t=489.9s rss=4462MB hwm=4462MB
RSS_SAMPLE t=490.2s rss=4462MB hwm=4462MB
RSS_SAMPLE t=490.4s rss=4462MB hwm=4462MB
RSS_SAMPLE t=490.7s rss=4462MB hwm=4462MB
RSS_SAMPLE t=490.9s rss=4462MB hwm=4462MB
RSS_SAMPLE t=491.2s rss=4462MB hwm=4462MB
RSS_SAMPLE t=491.4s rss=4462MB hwm=4462MB
    SwitchMatrix: type_usage_pairs=1050 lookups=3248 hits=2198 dijkstra_calls=1050 avg_us=13.3 total_ms=14.0
PHASE_MARK outer=4 enter=pre_solve rss=4462MB
    rss_probe[outer=4]: pre_refresh_rss=4462MB post_pre_solve_rss=4462MB cache_entries=61028043 cache_cap=110570040 cache_est_mb=954
    pre_solve_diag[outer=4]: solves=0 fallback=0 (0.0%) cap_armed=0 (0.0%) settle_avg=0 settle_max=0 init_count=254
    Overflow: over=573382 (22.4% of used) avg_excess=1.38 max_excess=2716.41 (nc=2740.41 cap=24 span=1)  excess_buckets: <=1=366395 1-5=182347 5-20=22561 >20=2079  by_cap: cap1=288646 cap2=238467 cap3-5=516 cap>5=45753  by_span: s1=905 s2-3=4268 s4-6=32953 s7-12=233874 s>12=301382  le1_cross: cap1=233493 cap2-5=125253 cap>5=7649
    Congestion: pipes=2562403 used=2562403 congested(>50%)=1097403 saturated(>90%)=648409 max_util=894.90 avg_util=0.6467
PHASE_MARK outer=4 enter=dcd_sweep rss=4462MB
RSS_SAMPLE t=491.7s rss=4462MB hwm=4462MB
RSS_SAMPLE t=491.9s rss=4462MB hwm=4462MB
RSS_SAMPLE t=492.2s rss=4462MB hwm=4462MB
RSS_SAMPLE t=492.4s rss=4462MB hwm=4462MB
RSS_SAMPLE t=492.7s rss=4462MB hwm=4462MB
RSS_SAMPLE t=492.9s rss=4462MB hwm=4462MB
RSS_SAMPLE t=493.2s rss=4462MB hwm=4462MB
RSS_SAMPLE t=493.4s rss=4462MB hwm=4462MB
RSS_SAMPLE t=493.7s rss=4462MB hwm=4462MB
RSS_SAMPLE t=494.0s rss=4462MB hwm=4462MB
RSS_SAMPLE t=494.2s rss=4462MB hwm=4462MB
RSS_SAMPLE t=494.5s rss=4462MB hwm=4462MB
RSS_SAMPLE t=494.7s rss=4462MB hwm=4462MB
RSS_SAMPLE t=495.0s rss=4462MB hwm=4462MB
RSS_SAMPLE t=495.2s rss=4462MB hwm=4462MB
RSS_SAMPLE t=495.5s rss=4462MB hwm=4462MB
RSS_SAMPLE t=495.7s rss=4462MB hwm=4462MB
RSS_SAMPLE t=496.0s rss=4462MB hwm=4462MB
RSS_SAMPLE t=496.2s rss=4462MB hwm=4462MB
RSS_SAMPLE t=496.5s rss=4462MB hwm=4462MB
RSS_SAMPLE t=496.7s rss=4462MB hwm=4462MB
RSS_SAMPLE t=497.0s rss=4462MB hwm=4462MB
RSS_SAMPLE t=497.2s rss=4462MB hwm=4462MB
RSS_SAMPLE t=497.5s rss=4462MB hwm=4462MB
RSS_SAMPLE t=497.7s rss=4462MB hwm=4462MB
RSS_SAMPLE t=498.0s rss=4462MB hwm=4462MB
RSS_SAMPLE t=498.2s rss=4462MB hwm=4462MB
RSS_SAMPLE t=498.5s rss=4462MB hwm=4462MB
RSS_SAMPLE t=498.7s rss=4462MB hwm=4462MB
PHASE_MARK outer=4 leave=dcd_sweep rss=4462MB
PHASE_MARK outer=4 enter=post_refresh rss=4462MB
RSS_SAMPLE t=499.0s rss=4462MB hwm=4462MB
RSS_SAMPLE t=499.2s rss=4462MB hwm=4462MB
RSS_SAMPLE t=499.5s rss=4462MB hwm=4462MB
RSS_SAMPLE t=499.7s rss=4462MB hwm=4462MB
RSS_SAMPLE t=500.0s rss=4462MB hwm=4462MB
RSS_SAMPLE t=500.2s rss=4462MB hwm=4462MB
RSS_SAMPLE t=500.5s rss=4462MB hwm=4462MB
RSS_SAMPLE t=500.7s rss=4462MB hwm=4462MB
RSS_SAMPLE t=501.0s rss=4462MB hwm=4462MB
RSS_SAMPLE t=501.2s rss=4462MB hwm=4462MB
RSS_SAMPLE t=501.5s rss=4462MB hwm=4462MB
RSS_SAMPLE t=501.7s rss=4463MB hwm=4463MB
RSS_SAMPLE t=502.0s rss=4463MB hwm=4463MB
RSS_SAMPLE t=502.2s rss=4464MB hwm=4464MB
RSS_SAMPLE t=502.5s rss=4464MB hwm=4464MB
RSS_SAMPLE t=502.7s rss=4464MB hwm=4464MB
RSS_SAMPLE t=503.0s rss=4464MB hwm=4464MB
RSS_SAMPLE t=503.2s rss=4465MB hwm=4465MB
RSS_SAMPLE t=503.5s rss=4465MB hwm=4465MB
RSS_SAMPLE t=503.7s rss=4465MB hwm=4465MB
RSS_SAMPLE t=504.0s rss=4465MB hwm=4465MB
RSS_SAMPLE t=504.2s rss=4466MB hwm=4466MB
RSS_SAMPLE t=504.5s rss=4466MB hwm=4466MB
RSS_SAMPLE t=504.7s rss=4466MB hwm=4466MB
RSS_SAMPLE t=505.0s rss=4466MB hwm=4466MB
RSS_SAMPLE t=505.2s rss=4467MB hwm=4467MB
RSS_SAMPLE t=505.5s rss=4467MB hwm=4467MB
RSS_SAMPLE t=505.7s rss=4467MB hwm=4467MB
RSS_SAMPLE t=506.0s rss=4468MB hwm=4468MB
RSS_SAMPLE t=506.2s rss=4468MB hwm=4468MB
RSS_SAMPLE t=506.5s rss=4468MB hwm=4468MB
RSS_SAMPLE t=506.7s rss=4469MB hwm=4469MB
RSS_SAMPLE t=507.0s rss=4469MB hwm=4469MB
RSS_SAMPLE t=507.2s rss=4470MB hwm=4470MB
RSS_SAMPLE t=507.5s rss=4470MB hwm=4470MB
RSS_SAMPLE t=507.7s rss=4471MB hwm=4471MB
RSS_SAMPLE t=508.0s rss=4471MB hwm=4471MB
RSS_SAMPLE t=508.2s rss=4471MB hwm=4471MB
RSS_SAMPLE t=508.5s rss=4472MB hwm=4472MB
RSS_SAMPLE t=508.7s rss=4472MB hwm=4472MB
RSS_SAMPLE t=509.0s rss=4472MB hwm=4472MB
RSS_SAMPLE t=509.2s rss=4473MB hwm=4473MB
RSS_SAMPLE t=509.5s rss=4473MB hwm=4473MB
RSS_SAMPLE t=509.7s rss=4474MB hwm=4474MB
RSS_SAMPLE t=510.0s rss=4474MB hwm=4474MB
RSS_SAMPLE t=510.2s rss=4475MB hwm=4475MB
RSS_SAMPLE t=510.5s rss=4475MB hwm=4475MB
RSS_SAMPLE t=510.7s rss=4475MB hwm=4475MB
RSS_SAMPLE t=511.0s rss=4476MB hwm=4476MB
RSS_SAMPLE t=511.2s rss=4476MB hwm=4476MB
RSS_SAMPLE t=511.5s rss=4477MB hwm=4477MB
RSS_SAMPLE t=511.7s rss=4477MB hwm=4477MB
RSS_SAMPLE t=512.0s rss=4477MB hwm=4477MB
RSS_SAMPLE t=512.2s rss=4478MB hwm=4478MB
RSS_SAMPLE t=512.5s rss=4478MB hwm=4478MB
RSS_SAMPLE t=512.7s rss=4478MB hwm=4478MB
RSS_SAMPLE t=513.0s rss=4479MB hwm=4479MB
RSS_SAMPLE t=513.2s rss=4479MB hwm=4479MB
RSS_SAMPLE t=513.5s rss=4480MB hwm=4480MB
RSS_SAMPLE t=513.7s rss=4481MB hwm=4481MB
RSS_SAMPLE t=514.0s rss=4482MB hwm=4482MB
RSS_SAMPLE t=514.2s rss=4482MB hwm=4482MB
RSS_SAMPLE t=514.5s rss=4483MB hwm=4483MB
RSS_SAMPLE t=514.7s rss=4483MB hwm=4483MB
RSS_SAMPLE t=515.0s rss=4484MB hwm=4484MB
RSS_SAMPLE t=515.2s rss=4484MB hwm=4484MB
RSS_SAMPLE t=515.5s rss=4485MB hwm=4485MB
RSS_SAMPLE t=515.7s rss=4485MB hwm=4485MB
RSS_SAMPLE t=516.0s rss=4486MB hwm=4486MB
RSS_SAMPLE t=516.2s rss=4487MB hwm=4487MB
RSS_SAMPLE t=516.5s rss=4487MB hwm=4487MB
RSS_SAMPLE t=516.7s rss=4489MB hwm=4489MB
RSS_SAMPLE t=517.0s rss=4489MB hwm=4489MB
RSS_SAMPLE t=517.2s rss=4490MB hwm=4490MB
RSS_SAMPLE t=517.5s rss=4490MB hwm=4490MB
RSS_SAMPLE t=517.7s rss=4490MB hwm=4490MB
RSS_SAMPLE t=518.0s rss=4491MB hwm=4491MB
RSS_SAMPLE t=518.2s rss=4492MB hwm=4492MB
RSS_SAMPLE t=518.5s rss=4492MB hwm=4492MB
RSS_SAMPLE t=518.7s rss=4493MB hwm=4493MB
RSS_SAMPLE t=519.0s rss=4494MB hwm=4494MB
RSS_SAMPLE t=519.2s rss=4494MB hwm=4494MB
RSS_SAMPLE t=519.5s rss=4494MB hwm=4494MB
RSS_SAMPLE t=519.7s rss=4495MB hwm=4495MB
RSS_SAMPLE t=520.0s rss=4495MB hwm=4495MB
RSS_SAMPLE t=520.2s rss=4496MB hwm=4496MB
RSS_SAMPLE t=520.5s rss=4497MB hwm=4497MB
RSS_SAMPLE t=520.7s rss=4497MB hwm=4497MB
RSS_SAMPLE t=521.0s rss=4497MB hwm=4497MB
RSS_SAMPLE t=521.2s rss=4498MB hwm=4498MB
RSS_SAMPLE t=521.5s rss=4499MB hwm=4499MB
RSS_SAMPLE t=521.7s rss=4499MB hwm=4499MB
RSS_SAMPLE t=522.0s rss=4500MB hwm=4500MB
RSS_SAMPLE t=522.2s rss=4501MB hwm=4501MB
RSS_SAMPLE t=522.5s rss=4501MB hwm=4501MB
RSS_SAMPLE t=522.7s rss=4502MB hwm=4502MB
RSS_SAMPLE t=523.0s rss=4502MB hwm=4502MB
RSS_SAMPLE t=523.2s rss=4503MB hwm=4503MB
RSS_SAMPLE t=523.5s rss=4503MB hwm=4503MB
RSS_SAMPLE t=523.7s rss=4503MB hwm=4503MB
RSS_SAMPLE t=524.0s rss=4504MB hwm=4504MB
RSS_SAMPLE t=524.2s rss=4504MB hwm=4504MB
RSS_SAMPLE t=524.5s rss=4505MB hwm=4505MB
RSS_SAMPLE t=524.7s rss=4505MB hwm=4505MB
RSS_SAMPLE t=525.0s rss=4505MB hwm=4505MB
RSS_SAMPLE t=525.2s rss=4506MB hwm=4506MB
RSS_SAMPLE t=525.5s rss=4506MB hwm=4506MB
RSS_SAMPLE t=525.7s rss=4507MB hwm=4507MB
RSS_SAMPLE t=526.0s rss=4507MB hwm=4507MB
RSS_SAMPLE t=526.2s rss=4508MB hwm=4508MB
RSS_SAMPLE t=526.5s rss=4508MB hwm=4508MB
RSS_SAMPLE t=526.7s rss=4508MB hwm=4508MB
RSS_SAMPLE t=527.0s rss=4509MB hwm=4509MB
RSS_SAMPLE t=527.2s rss=4509MB hwm=4509MB
RSS_SAMPLE t=527.5s rss=4510MB hwm=4510MB
RSS_SAMPLE t=527.7s rss=4511MB hwm=4511MB
RSS_SAMPLE t=528.0s rss=4511MB hwm=4511MB
RSS_SAMPLE t=528.2s rss=4511MB hwm=4511MB
RSS_SAMPLE t=528.5s rss=4512MB hwm=4512MB
RSS_SAMPLE t=528.7s rss=4512MB hwm=4512MB
RSS_SAMPLE t=529.0s rss=4512MB hwm=4512MB
RSS_SAMPLE t=529.2s rss=4513MB hwm=4513MB
RSS_SAMPLE t=529.5s rss=4513MB hwm=4513MB
RSS_SAMPLE t=529.8s rss=4513MB hwm=4513MB
RSS_SAMPLE t=530.0s rss=4514MB hwm=4514MB
RSS_SAMPLE t=530.3s rss=4514MB hwm=4514MB
RSS_SAMPLE t=530.5s rss=4515MB hwm=4515MB
RSS_SAMPLE t=530.8s rss=4515MB hwm=4515MB
RSS_SAMPLE t=531.0s rss=4515MB hwm=4515MB
RSS_SAMPLE t=531.3s rss=4516MB hwm=4516MB
RSS_SAMPLE t=531.5s rss=4516MB hwm=4516MB
RSS_SAMPLE t=531.8s rss=4517MB hwm=4517MB
RSS_SAMPLE t=532.0s rss=4517MB hwm=4517MB
RSS_SAMPLE t=532.3s rss=4517MB hwm=4517MB
RSS_SAMPLE t=532.5s rss=4518MB hwm=4518MB
RSS_SAMPLE t=532.8s rss=4518MB hwm=4518MB
RSS_SAMPLE t=533.0s rss=4518MB hwm=4518MB
RSS_SAMPLE t=533.3s rss=4519MB hwm=4519MB
RSS_SAMPLE t=533.5s rss=4519MB hwm=4519MB
RSS_SAMPLE t=533.8s rss=4519MB hwm=4519MB
RSS_SAMPLE t=534.0s rss=4520MB hwm=4520MB
RSS_SAMPLE t=534.3s rss=4520MB hwm=4520MB
RSS_SAMPLE t=534.5s rss=4520MB hwm=4520MB
RSS_SAMPLE t=534.8s rss=4520MB hwm=4520MB
RSS_SAMPLE t=535.0s rss=4520MB hwm=4520MB
RSS_SAMPLE t=535.3s rss=4521MB hwm=4521MB
RSS_SAMPLE t=535.5s rss=4521MB hwm=4521MB
RSS_SAMPLE t=535.8s rss=4521MB hwm=4521MB
RSS_SAMPLE t=536.0s rss=4522MB hwm=4522MB
RSS_SAMPLE t=536.3s rss=4522MB hwm=4522MB
RSS_SAMPLE t=536.5s rss=4522MB hwm=4522MB
RSS_SAMPLE t=536.8s rss=4522MB hwm=4522MB
RSS_SAMPLE t=537.0s rss=4522MB hwm=4522MB
RSS_SAMPLE t=537.3s rss=4522MB hwm=4522MB
RSS_SAMPLE t=537.5s rss=4522MB hwm=4522MB
RSS_SAMPLE t=537.8s rss=4522MB hwm=4522MB
RSS_SAMPLE t=538.0s rss=4523MB hwm=4523MB
RSS_SAMPLE t=538.3s rss=4523MB hwm=4523MB
RSS_SAMPLE t=538.5s rss=4523MB hwm=4523MB
RSS_SAMPLE t=538.8s rss=4523MB hwm=4523MB
RSS_SAMPLE t=539.0s rss=4523MB hwm=4523MB
RSS_SAMPLE t=539.3s rss=4523MB hwm=4523MB
RSS_SAMPLE t=539.5s rss=4523MB hwm=4523MB
RSS_SAMPLE t=539.8s rss=4523MB hwm=4523MB
RSS_SAMPLE t=540.0s rss=4523MB hwm=4523MB
RSS_SAMPLE t=540.3s rss=4524MB hwm=4524MB
RSS_SAMPLE t=540.5s rss=4524MB hwm=4524MB
RSS_SAMPLE t=540.8s rss=4524MB hwm=4524MB
RSS_SAMPLE t=541.0s rss=4524MB hwm=4524MB
RSS_SAMPLE t=541.3s rss=4525MB hwm=4525MB
RSS_SAMPLE t=541.5s rss=4525MB hwm=4525MB
RSS_SAMPLE t=541.8s rss=4525MB hwm=4525MB
RSS_SAMPLE t=542.0s rss=4525MB hwm=4525MB
RSS_SAMPLE t=542.3s rss=4525MB hwm=4525MB
RSS_SAMPLE t=542.5s rss=4526MB hwm=4526MB
RSS_SAMPLE t=542.8s rss=4526MB hwm=4526MB
RSS_SAMPLE t=543.0s rss=4526MB hwm=4526MB
RSS_SAMPLE t=543.3s rss=4527MB hwm=4527MB
RSS_SAMPLE t=543.5s rss=4527MB hwm=4527MB
RSS_SAMPLE t=543.8s rss=4527MB hwm=4527MB
RSS_SAMPLE t=544.0s rss=4527MB hwm=4527MB
RSS_SAMPLE t=544.3s rss=4528MB hwm=4528MB
RSS_SAMPLE t=544.5s rss=4528MB hwm=4528MB
RSS_SAMPLE t=544.8s rss=4529MB hwm=4529MB
RSS_SAMPLE t=545.0s rss=4529MB hwm=4529MB
RSS_SAMPLE t=545.3s rss=4529MB hwm=4529MB
RSS_SAMPLE t=545.5s rss=4529MB hwm=4529MB
RSS_SAMPLE t=545.8s rss=4530MB hwm=4530MB
RSS_SAMPLE t=546.0s rss=4530MB hwm=4530MB
RSS_SAMPLE t=546.3s rss=4530MB hwm=4530MB
RSS_SAMPLE t=546.5s rss=4530MB hwm=4530MB
RSS_SAMPLE t=546.8s rss=4530MB hwm=4530MB
RSS_SAMPLE t=547.0s rss=4530MB hwm=4530MB
RSS_SAMPLE t=547.3s rss=4531MB hwm=4531MB
RSS_SAMPLE t=547.5s rss=4531MB hwm=4531MB
RSS_SAMPLE t=547.8s rss=4531MB hwm=4531MB
RSS_SAMPLE t=548.0s rss=4532MB hwm=4532MB
RSS_SAMPLE t=548.3s rss=4532MB hwm=4532MB
RSS_SAMPLE t=548.5s rss=4532MB hwm=4532MB
RSS_SAMPLE t=548.8s rss=4533MB hwm=4533MB
RSS_SAMPLE t=549.0s rss=4533MB hwm=4533MB
RSS_SAMPLE t=549.3s rss=4533MB hwm=4533MB
RSS_SAMPLE t=549.5s rss=4534MB hwm=4534MB
RSS_SAMPLE t=549.8s rss=4534MB hwm=4534MB
RSS_SAMPLE t=550.0s rss=4534MB hwm=4534MB
RSS_SAMPLE t=550.3s rss=4535MB hwm=4535MB
RSS_SAMPLE t=550.5s rss=4535MB hwm=4535MB
RSS_SAMPLE t=550.8s rss=4535MB hwm=4535MB
RSS_SAMPLE t=551.0s rss=4535MB hwm=4535MB
RSS_SAMPLE t=551.3s rss=4535MB hwm=4535MB
RSS_SAMPLE t=551.5s rss=4535MB hwm=4535MB
RSS_SAMPLE t=551.8s rss=4535MB hwm=4535MB
RSS_SAMPLE t=552.0s rss=4536MB hwm=4536MB
RSS_SAMPLE t=552.3s rss=4536MB hwm=4536MB
RSS_SAMPLE t=552.5s rss=4536MB hwm=4536MB
RSS_SAMPLE t=552.8s rss=4536MB hwm=4536MB
RSS_SAMPLE t=553.0s rss=4536MB hwm=4536MB
RSS_SAMPLE t=553.3s rss=4536MB hwm=4536MB
RSS_SAMPLE t=553.5s rss=4536MB hwm=4536MB
RSS_SAMPLE t=553.8s rss=4536MB hwm=4536MB
RSS_SAMPLE t=554.0s rss=4536MB hwm=4536MB
RSS_SAMPLE t=554.3s rss=4536MB hwm=4536MB
RSS_SAMPLE t=554.5s rss=4536MB hwm=4536MB
RSS_SAMPLE t=554.8s rss=4536MB hwm=4536MB
RSS_SAMPLE t=555.0s rss=4536MB hwm=4536MB
RSS_SAMPLE t=555.3s rss=4536MB hwm=4536MB
RSS_SAMPLE t=555.5s rss=4536MB hwm=4536MB
RSS_SAMPLE t=555.8s rss=4536MB hwm=4536MB
RSS_SAMPLE t=556.0s rss=4536MB hwm=4536MB
RSS_SAMPLE t=556.3s rss=4536MB hwm=4536MB
RSS_SAMPLE t=556.5s rss=4536MB hwm=4536MB
RSS_SAMPLE t=556.8s rss=4536MB hwm=4536MB
RSS_SAMPLE t=557.0s rss=4536MB hwm=4536MB
RSS_SAMPLE t=557.3s rss=4536MB hwm=4536MB
RSS_SAMPLE t=557.5s rss=4536MB hwm=4536MB
RSS_SAMPLE t=557.8s rss=4536MB hwm=4536MB
RSS_SAMPLE t=558.0s rss=4536MB hwm=4536MB
RSS_SAMPLE t=558.3s rss=4536MB hwm=4536MB
RSS_SAMPLE t=558.5s rss=4536MB hwm=4536MB
RSS_SAMPLE t=558.8s rss=4536MB hwm=4536MB
RSS_SAMPLE t=559.0s rss=4536MB hwm=4536MB
RSS_SAMPLE t=559.3s rss=4536MB hwm=4536MB
RSS_SAMPLE t=559.5s rss=4536MB hwm=4536MB
RSS_SAMPLE t=559.8s rss=4536MB hwm=4536MB
RSS_SAMPLE t=560.0s rss=4536MB hwm=4536MB
RSS_SAMPLE t=560.3s rss=4536MB hwm=4536MB
RSS_SAMPLE t=560.5s rss=4536MB hwm=4536MB
RSS_SAMPLE t=560.8s rss=4536MB hwm=4536MB
RSS_SAMPLE t=561.0s rss=4536MB hwm=4536MB
RSS_SAMPLE t=561.3s rss=4536MB hwm=4536MB
RSS_SAMPLE t=561.5s rss=4536MB hwm=4536MB
RSS_SAMPLE t=561.8s rss=4536MB hwm=4536MB
RSS_SAMPLE t=562.0s rss=4536MB hwm=4536MB
RSS_SAMPLE t=562.3s rss=4536MB hwm=4536MB
RSS_SAMPLE t=562.5s rss=4536MB hwm=4536MB
RSS_SAMPLE t=562.8s rss=4536MB hwm=4536MB
RSS_SAMPLE t=563.0s rss=4536MB hwm=4536MB
RSS_SAMPLE t=563.3s rss=4536MB hwm=4536MB
RSS_SAMPLE t=563.5s rss=4536MB hwm=4536MB
RSS_SAMPLE t=563.8s rss=4536MB hwm=4536MB
RSS_SAMPLE t=564.0s rss=4536MB hwm=4536MB
RSS_SAMPLE t=564.3s rss=4536MB hwm=4536MB
RSS_SAMPLE t=564.5s rss=4536MB hwm=4536MB
RSS_SAMPLE t=564.8s rss=4536MB hwm=4536MB
RSS_SAMPLE t=565.0s rss=4536MB hwm=4536MB
RSS_SAMPLE t=565.3s rss=4536MB hwm=4536MB
RSS_SAMPLE t=565.5s rss=4536MB hwm=4536MB
RSS_SAMPLE t=565.8s rss=4536MB hwm=4536MB
RSS_SAMPLE t=566.0s rss=4536MB hwm=4536MB
RSS_SAMPLE t=566.3s rss=4536MB hwm=4536MB
RSS_SAMPLE t=566.5s rss=4536MB hwm=4536MB
RSS_SAMPLE t=566.8s rss=4536MB hwm=4536MB
RSS_SAMPLE t=567.0s rss=4537MB hwm=4537MB
RSS_SAMPLE t=567.3s rss=4537MB hwm=4537MB
RSS_SAMPLE t=567.5s rss=4537MB hwm=4537MB
RSS_SAMPLE t=567.8s rss=4537MB hwm=4537MB
RSS_SAMPLE t=568.0s rss=4537MB hwm=4537MB
RSS_SAMPLE t=568.3s rss=4537MB hwm=4537MB
RSS_SAMPLE t=568.5s rss=4537MB hwm=4537MB
RSS_SAMPLE t=568.8s rss=4537MB hwm=4537MB
RSS_SAMPLE t=569.0s rss=4537MB hwm=4537MB
RSS_SAMPLE t=569.3s rss=4537MB hwm=4537MB
RSS_SAMPLE t=569.5s rss=4537MB hwm=4537MB
RSS_SAMPLE t=569.8s rss=4537MB hwm=4537MB
RSS_SAMPLE t=570.0s rss=4537MB hwm=4537MB
RSS_SAMPLE t=570.3s rss=4537MB hwm=4537MB
RSS_SAMPLE t=570.5s rss=4537MB hwm=4537MB
RSS_SAMPLE t=570.8s rss=4537MB hwm=4537MB
RSS_SAMPLE t=571.0s rss=4537MB hwm=4537MB
RSS_SAMPLE t=571.3s rss=4537MB hwm=4537MB
RSS_SAMPLE t=571.5s rss=4537MB hwm=4537MB
RSS_SAMPLE t=571.8s rss=4537MB hwm=4537MB
RSS_SAMPLE t=572.0s rss=4537MB hwm=4537MB
RSS_SAMPLE t=572.3s rss=4537MB hwm=4537MB
RSS_SAMPLE t=572.5s rss=4537MB hwm=4537MB
RSS_SAMPLE t=572.8s rss=4537MB hwm=4537MB
RSS_SAMPLE t=573.0s rss=4537MB hwm=4537MB
RSS_SAMPLE t=573.3s rss=4537MB hwm=4537MB
RSS_SAMPLE t=573.5s rss=4537MB hwm=4537MB
RSS_SAMPLE t=573.8s rss=4537MB hwm=4537MB
RSS_SAMPLE t=574.0s rss=4537MB hwm=4537MB
RSS_SAMPLE t=574.3s rss=4537MB hwm=4537MB
RSS_SAMPLE t=574.5s rss=4537MB hwm=4537MB
RSS_SAMPLE t=574.8s rss=4537MB hwm=4537MB
RSS_SAMPLE t=575.0s rss=4537MB hwm=4537MB
RSS_SAMPLE t=575.3s rss=4537MB hwm=4537MB
RSS_SAMPLE t=575.5s rss=4537MB hwm=4537MB
RSS_SAMPLE t=575.8s rss=4537MB hwm=4537MB
RSS_SAMPLE t=576.0s rss=4537MB hwm=4537MB
RSS_SAMPLE t=576.3s rss=4537MB hwm=4537MB
RSS_SAMPLE t=576.5s rss=4537MB hwm=4537MB
RSS_SAMPLE t=576.8s rss=4537MB hwm=4537MB
RSS_SAMPLE t=577.0s rss=4537MB hwm=4537MB
RSS_SAMPLE t=577.3s rss=4537MB hwm=4537MB
RSS_SAMPLE t=577.5s rss=4537MB hwm=4537MB
RSS_SAMPLE t=577.8s rss=4537MB hwm=4537MB
RSS_SAMPLE t=578.0s rss=4537MB hwm=4537MB
RSS_SAMPLE t=578.3s rss=4537MB hwm=4537MB
RSS_SAMPLE t=578.5s rss=4537MB hwm=4537MB
RSS_SAMPLE t=578.8s rss=4537MB hwm=4537MB
RSS_SAMPLE t=579.0s rss=4537MB hwm=4537MB
RSS_SAMPLE t=579.3s rss=4537MB hwm=4537MB
RSS_SAMPLE t=579.5s rss=4537MB hwm=4537MB
RSS_SAMPLE t=579.8s rss=4537MB hwm=4537MB
RSS_SAMPLE t=580.0s rss=4537MB hwm=4537MB
RSS_SAMPLE t=580.3s rss=4537MB hwm=4537MB
MEM_POOL: workspaces=32 dense_usage_mb=1251 n_pipes=2562403
    post_solve_diag[outer=4]: solves=105117 cap_armed=105117 (100.0%) settle_avg=7261 above_sink_avg=227 (3.1%) settle_max=69353
    load_support[outer=4]: settle_avg=7261 load_nz_avg=5595 (77.1%) load_material_avg=2211 (30.5%)
    prune_ceiling[outer=4]: settle_avg=7261 heuristic_prunable_avg=2297 (31.6%) vs oracle_zero_load=22.9%
    settle_hist[outer=4]: <100: 23554nets/0.1%work  <1k: 27695nets/1.3%work  <5k: 22836nets/7.5%work  <20k: 16332nets/23.5%work  <60k: 14067nets/62.2%work  >=60k: 633nets/5.3%work
    fanout_hist[outer=4]: fan1: 43710nets/13.0%work  fan2-4: 48279nets/50.3%work  fan5-16: 12974nets/35.8%work  fan17-64: 154nets/0.9%work  fan65-256: 0nets/0.0%work  fan>256: 0nets/0.0%work
    rss_probe[outer=4]: pre_post_solve=4462MB post_post_solve=4537MB after_apply=4537MB
    E_decomp: base=19343396.3 eff=33863452.9 cong=14520056.6 cong_share=42.9% sat_pipes=664836 max_util=1025.65  R_buckets: 1-2x=2133720 2-10x=415039 10-100x=13644 >=100x=0
    E_potential: beckmann=4975758895892.2 history_total=0.0
    SpanCache: epoch=5 entries=3248 lookups=2562403 hits=2559155 misses=3248 hit_rate=99.9%
  DCD   4: nets=105117 line=14452500 energy=2584792.880 dE=-77937.476 friction=4091913.5 bins=1.8x(315) excess=87.0 moved=67492 disp=5.802 solves=105117 skip=105117 pops=763301984 theta=0.470 refresh=81712ms dcd=7215ms total=91596ms
    cache_stats: entries=61795620 capacity=114728222 est_mb=990 rss_mb=4538
RSS_SAMPLE t=580.5s rss=4538MB hwm=4538MB
RSS_SAMPLE t=580.8s rss=4538MB hwm=4538MB
RSS_SAMPLE t=581.0s rss=4538MB hwm=4538MB
RSS_SAMPLE t=581.3s rss=4538MB hwm=4538MB
RSS_SAMPLE t=581.5s rss=4538MB hwm=4538MB
RSS_SAMPLE t=581.8s rss=4538MB hwm=4538MB
RSS_SAMPLE t=582.0s rss=4538MB hwm=4538MB
RSS_SAMPLE t=582.3s rss=4538MB hwm=4538MB
RSS_SAMPLE t=582.5s rss=4538MB hwm=4538MB
RSS_SAMPLE t=582.8s rss=4538MB hwm=4538MB
RSS_SAMPLE t=583.0s rss=4538MB hwm=4538MB
    SwitchMatrix: type_usage_pairs=1047 lookups=3180 hits=2133 dijkstra_calls=1047 avg_us=14.0 total_ms=14.7
PHASE_MARK outer=5 enter=pre_solve rss=4538MB
    rss_probe[outer=5]: pre_refresh_rss=4538MB post_pre_solve_rss=4538MB cache_entries=61795620 cache_cap=114728222 cache_est_mb=990
    pre_solve_diag[outer=5]: solves=0 fallback=0 (0.0%) cap_armed=0 (0.0%) settle_avg=0 settle_max=0 init_count=242
    Overflow: over=585011 (22.8% of used) avg_excess=1.19 max_excess=2605.47 (nc=2629.47 cap=24 span=1)  excess_buckets: <=1=405165 1-5=160795 5-20=17271 >20=1780  by_cap: cap1=304806 cap2=235132 cap3-5=463 cap>5=44610  by_span: s1=783 s2-3=3686 s4-6=33948 s7-12=229528 s>12=317066  le1_cross: cap1=262476 cap2-5=133807 cap>5=8882
    Congestion: pipes=2562403 used=2562403 congested(>50%)=1155581 saturated(>90%)=664836 max_util=1025.65 avg_util=0.6440
PHASE_MARK outer=5 enter=dcd_sweep rss=4538MB
RSS_SAMPLE t=583.3s rss=4538MB hwm=4538MB
RSS_SAMPLE t=583.5s rss=4538MB hwm=4538MB
RSS_SAMPLE t=583.8s rss=4538MB hwm=4538MB
RSS_SAMPLE t=584.0s rss=4538MB hwm=4538MB
RSS_SAMPLE t=584.3s rss=4538MB hwm=4538MB
RSS_SAMPLE t=584.5s rss=4538MB hwm=4538MB
RSS_SAMPLE t=584.8s rss=4538MB hwm=4538MB
RSS_SAMPLE t=585.0s rss=4538MB hwm=4538MB
RSS_SAMPLE t=585.3s rss=4538MB hwm=4538MB
RSS_SAMPLE t=585.5s rss=4538MB hwm=4538MB
RSS_SAMPLE t=585.8s rss=4538MB hwm=4538MB
RSS_SAMPLE t=586.0s rss=4538MB hwm=4538MB
RSS_SAMPLE t=586.3s rss=4538MB hwm=4538MB
RSS_SAMPLE t=586.5s rss=4538MB hwm=4538MB
RSS_SAMPLE t=586.8s rss=4538MB hwm=4538MB
RSS_SAMPLE t=587.0s rss=4538MB hwm=4538MB
RSS_SAMPLE t=587.3s rss=4538MB hwm=4538MB
RSS_SAMPLE t=587.5s rss=4538MB hwm=4538MB
RSS_SAMPLE t=587.8s rss=4538MB hwm=4538MB
RSS_SAMPLE t=588.0s rss=4538MB hwm=4538MB
RSS_SAMPLE t=588.3s rss=4538MB hwm=4538MB
RSS_SAMPLE t=588.5s rss=4538MB hwm=4538MB
RSS_SAMPLE t=588.8s rss=4538MB hwm=4538MB
RSS_SAMPLE t=589.0s rss=4538MB hwm=4538MB
RSS_SAMPLE t=589.3s rss=4538MB hwm=4538MB
RSS_SAMPLE t=589.5s rss=4538MB hwm=4538MB
RSS_SAMPLE t=589.8s rss=4538MB hwm=4538MB
RSS_SAMPLE t=590.0s rss=4538MB hwm=4538MB
RSS_SAMPLE t=590.3s rss=4538MB hwm=4538MB
PHASE_MARK outer=5 leave=dcd_sweep rss=4538MB
PHASE_MARK outer=5 enter=post_refresh rss=4538MB
RSS_SAMPLE t=590.5s rss=4538MB hwm=4538MB
RSS_SAMPLE t=590.8s rss=4538MB hwm=4538MB
RSS_SAMPLE t=591.0s rss=4538MB hwm=4538MB
RSS_SAMPLE t=591.3s rss=4538MB hwm=4538MB
RSS_SAMPLE t=591.5s rss=4538MB hwm=4538MB
RSS_SAMPLE t=591.8s rss=4538MB hwm=4538MB
RSS_SAMPLE t=592.1s rss=4538MB hwm=4538MB
RSS_SAMPLE t=592.3s rss=4538MB hwm=4538MB
RSS_SAMPLE t=592.6s rss=4538MB hwm=4538MB
RSS_SAMPLE t=592.8s rss=4538MB hwm=4538MB
RSS_SAMPLE t=593.1s rss=4538MB hwm=4538MB
RSS_SAMPLE t=593.3s rss=4538MB hwm=4538MB
RSS_SAMPLE t=593.6s rss=4538MB hwm=4538MB
RSS_SAMPLE t=593.8s rss=4538MB hwm=4538MB
RSS_SAMPLE t=594.1s rss=4539MB hwm=4539MB
RSS_SAMPLE t=594.3s rss=4539MB hwm=4539MB
RSS_SAMPLE t=594.6s rss=4539MB hwm=4539MB
RSS_SAMPLE t=594.8s rss=4539MB hwm=4539MB
RSS_SAMPLE t=595.1s rss=4539MB hwm=4539MB
RSS_SAMPLE t=595.3s rss=4539MB hwm=4539MB
RSS_SAMPLE t=595.6s rss=4539MB hwm=4539MB
RSS_SAMPLE t=595.8s rss=4540MB hwm=4540MB
RSS_SAMPLE t=596.1s rss=4540MB hwm=4540MB
RSS_SAMPLE t=596.3s rss=4540MB hwm=4540MB
RSS_SAMPLE t=596.6s rss=4540MB hwm=4540MB
RSS_SAMPLE t=596.8s rss=4540MB hwm=4540MB
RSS_SAMPLE t=597.1s rss=4541MB hwm=4541MB
RSS_SAMPLE t=597.3s rss=4541MB hwm=4541MB
RSS_SAMPLE t=597.6s rss=4541MB hwm=4541MB
RSS_SAMPLE t=597.8s rss=4541MB hwm=4541MB
RSS_SAMPLE t=598.1s rss=4541MB hwm=4541MB
RSS_SAMPLE t=598.3s rss=4542MB hwm=4542MB
RSS_SAMPLE t=598.6s rss=4542MB hwm=4542MB
RSS_SAMPLE t=598.8s rss=4542MB hwm=4542MB
RSS_SAMPLE t=599.1s rss=4543MB hwm=4543MB
RSS_SAMPLE t=599.3s rss=4543MB hwm=4543MB
RSS_SAMPLE t=599.6s rss=4544MB hwm=4544MB
RSS_SAMPLE t=599.8s rss=4544MB hwm=4544MB
RSS_SAMPLE t=600.1s rss=4544MB hwm=4544MB
RSS_SAMPLE t=600.3s rss=4545MB hwm=4545MB
RSS_SAMPLE t=600.6s rss=4545MB hwm=4545MB
RSS_SAMPLE t=600.8s rss=4546MB hwm=4546MB
RSS_SAMPLE t=601.1s rss=4546MB hwm=4546MB
RSS_SAMPLE t=601.3s rss=4547MB hwm=4547MB
RSS_SAMPLE t=601.6s rss=4547MB hwm=4547MB
RSS_SAMPLE t=601.8s rss=4548MB hwm=4548MB
RSS_SAMPLE t=602.1s rss=4548MB hwm=4548MB
RSS_SAMPLE t=602.3s rss=4548MB hwm=4548MB
RSS_SAMPLE t=602.6s rss=4548MB hwm=4548MB
RSS_SAMPLE t=602.8s rss=4549MB hwm=4549MB
RSS_SAMPLE t=603.1s rss=4549MB hwm=4549MB
RSS_SAMPLE t=603.3s rss=4550MB hwm=4550MB
RSS_SAMPLE t=603.6s rss=4550MB hwm=4550MB
RSS_SAMPLE t=603.8s rss=4551MB hwm=4551MB
RSS_SAMPLE t=604.1s rss=4551MB hwm=4551MB
RSS_SAMPLE t=604.3s rss=4552MB hwm=4552MB
RSS_SAMPLE t=604.6s rss=4552MB hwm=4552MB
RSS_SAMPLE t=604.8s rss=4553MB hwm=4553MB
RSS_SAMPLE t=605.1s rss=4553MB hwm=4553MB
RSS_SAMPLE t=605.3s rss=4554MB hwm=4554MB
RSS_SAMPLE t=605.6s rss=4554MB hwm=4554MB
RSS_SAMPLE t=605.8s rss=4554MB hwm=4554MB
RSS_SAMPLE t=606.1s rss=4555MB hwm=4555MB
RSS_SAMPLE t=606.3s rss=4555MB hwm=4555MB
RSS_SAMPLE t=606.6s rss=4556MB hwm=4556MB
RSS_SAMPLE t=606.8s rss=4556MB hwm=4556MB
RSS_SAMPLE t=607.1s rss=4557MB hwm=4557MB
RSS_SAMPLE t=607.3s rss=4557MB hwm=4557MB
RSS_SAMPLE t=607.6s rss=4558MB hwm=4558MB
RSS_SAMPLE t=607.8s rss=4559MB hwm=4559MB
RSS_SAMPLE t=608.1s rss=4559MB hwm=4559MB
RSS_SAMPLE t=608.3s rss=4559MB hwm=4559MB
RSS_SAMPLE t=608.6s rss=4560MB hwm=4560MB
RSS_SAMPLE t=608.8s rss=4560MB hwm=4560MB
RSS_SAMPLE t=609.1s rss=4560MB hwm=4560MB
RSS_SAMPLE t=609.3s rss=4561MB hwm=4561MB
RSS_SAMPLE t=609.6s rss=4562MB hwm=4562MB
RSS_SAMPLE t=609.8s rss=4562MB hwm=4562MB
RSS_SAMPLE t=610.1s rss=4562MB hwm=4562MB
RSS_SAMPLE t=610.3s rss=4563MB hwm=4563MB
RSS_SAMPLE t=610.6s rss=4563MB hwm=4563MB
RSS_SAMPLE t=610.8s rss=4563MB hwm=4563MB
RSS_SAMPLE t=611.1s rss=4564MB hwm=4564MB
RSS_SAMPLE t=611.3s rss=4564MB hwm=4564MB
RSS_SAMPLE t=611.6s rss=4565MB hwm=4565MB
RSS_SAMPLE t=611.8s rss=4565MB hwm=4565MB
RSS_SAMPLE t=612.1s rss=4565MB hwm=4565MB
RSS_SAMPLE t=612.3s rss=4566MB hwm=4566MB
RSS_SAMPLE t=612.6s rss=4566MB hwm=4566MB
RSS_SAMPLE t=612.8s rss=4567MB hwm=4567MB
RSS_SAMPLE t=613.1s rss=4567MB hwm=4567MB
RSS_SAMPLE t=613.3s rss=4568MB hwm=4568MB
RSS_SAMPLE t=613.6s rss=4568MB hwm=4568MB
RSS_SAMPLE t=613.8s rss=4569MB hwm=4569MB
RSS_SAMPLE t=614.1s rss=4569MB hwm=4569MB
RSS_SAMPLE t=614.3s rss=4569MB hwm=4569MB
RSS_SAMPLE t=614.6s rss=4570MB hwm=4570MB
RSS_SAMPLE t=614.8s rss=4570MB hwm=4570MB
RSS_SAMPLE t=615.1s rss=4570MB hwm=4570MB
RSS_SAMPLE t=615.3s rss=4570MB hwm=4570MB
RSS_SAMPLE t=615.6s rss=4570MB hwm=4570MB
RSS_SAMPLE t=615.8s rss=4571MB hwm=4571MB
RSS_SAMPLE t=616.1s rss=4571MB hwm=4571MB
RSS_SAMPLE t=616.3s rss=4571MB hwm=4571MB
RSS_SAMPLE t=616.6s rss=4571MB hwm=4571MB
RSS_SAMPLE t=616.8s rss=4571MB hwm=4571MB
RSS_SAMPLE t=617.1s rss=4572MB hwm=4572MB
RSS_SAMPLE t=617.3s rss=4572MB hwm=4572MB
RSS_SAMPLE t=617.6s rss=4572MB hwm=4572MB
RSS_SAMPLE t=617.8s rss=4572MB hwm=4572MB
RSS_SAMPLE t=618.1s rss=4572MB hwm=4572MB
RSS_SAMPLE t=618.4s rss=4573MB hwm=4573MB
RSS_SAMPLE t=618.6s rss=4573MB hwm=4573MB
RSS_SAMPLE t=618.9s rss=4573MB hwm=4573MB
RSS_SAMPLE t=619.1s rss=4573MB hwm=4573MB
RSS_SAMPLE t=619.4s rss=4574MB hwm=4574MB
RSS_SAMPLE t=619.6s rss=4574MB hwm=4574MB
RSS_SAMPLE t=619.9s rss=4574MB hwm=4574MB
RSS_SAMPLE t=620.1s rss=4574MB hwm=4574MB
RSS_SAMPLE t=620.4s rss=4574MB hwm=4574MB
RSS_SAMPLE t=620.6s rss=4575MB hwm=4575MB
RSS_SAMPLE t=620.9s rss=4575MB hwm=4575MB
RSS_SAMPLE t=621.1s rss=4575MB hwm=4575MB
RSS_SAMPLE t=621.4s rss=4575MB hwm=4575MB
RSS_SAMPLE t=621.6s rss=4575MB hwm=4575MB
RSS_SAMPLE t=621.9s rss=4575MB hwm=4575MB
RSS_SAMPLE t=622.1s rss=4575MB hwm=4575MB
RSS_SAMPLE t=622.4s rss=4576MB hwm=4576MB
RSS_SAMPLE t=622.6s rss=4576MB hwm=4576MB
RSS_SAMPLE t=622.9s rss=4576MB hwm=4576MB
RSS_SAMPLE t=623.1s rss=4576MB hwm=4576MB
RSS_SAMPLE t=623.4s rss=4576MB hwm=4576MB
RSS_SAMPLE t=623.6s rss=4576MB hwm=4576MB
RSS_SAMPLE t=623.9s rss=4576MB hwm=4576MB
RSS_SAMPLE t=624.1s rss=4576MB hwm=4576MB
RSS_SAMPLE t=624.4s rss=4576MB hwm=4576MB
RSS_SAMPLE t=624.6s rss=4577MB hwm=4577MB
RSS_SAMPLE t=624.9s rss=4577MB hwm=4577MB
RSS_SAMPLE t=625.1s rss=4577MB hwm=4577MB
RSS_SAMPLE t=625.4s rss=4578MB hwm=4578MB
RSS_SAMPLE t=625.6s rss=4578MB hwm=4578MB
RSS_SAMPLE t=625.9s rss=4578MB hwm=4578MB
RSS_SAMPLE t=626.1s rss=4578MB hwm=4578MB
RSS_SAMPLE t=626.4s rss=4578MB hwm=4578MB
RSS_SAMPLE t=626.6s rss=4578MB hwm=4578MB
RSS_SAMPLE t=626.9s rss=4578MB hwm=4578MB
RSS_SAMPLE t=627.1s rss=4579MB hwm=4579MB
RSS_SAMPLE t=627.4s rss=4579MB hwm=4579MB
RSS_SAMPLE t=627.6s rss=4579MB hwm=4579MB
RSS_SAMPLE t=627.9s rss=4579MB hwm=4579MB
RSS_SAMPLE t=628.1s rss=4579MB hwm=4579MB
RSS_SAMPLE t=628.4s rss=4580MB hwm=4580MB
RSS_SAMPLE t=628.6s rss=4580MB hwm=4580MB
RSS_SAMPLE t=628.9s rss=4580MB hwm=4580MB
RSS_SAMPLE t=629.1s rss=4580MB hwm=4580MB
RSS_SAMPLE t=629.4s rss=4580MB hwm=4580MB
RSS_SAMPLE t=629.6s rss=4580MB hwm=4580MB
RSS_SAMPLE t=629.9s rss=4580MB hwm=4580MB
RSS_SAMPLE t=630.1s rss=4581MB hwm=4581MB
RSS_SAMPLE t=630.4s rss=4581MB hwm=4581MB
RSS_SAMPLE t=630.6s rss=4581MB hwm=4581MB
RSS_SAMPLE t=630.9s rss=4581MB hwm=4581MB
RSS_SAMPLE t=631.1s rss=4582MB hwm=4582MB
RSS_SAMPLE t=631.4s rss=4582MB hwm=4582MB
RSS_SAMPLE t=631.6s rss=4582MB hwm=4582MB
RSS_SAMPLE t=631.9s rss=4582MB hwm=4582MB
RSS_SAMPLE t=632.1s rss=4583MB hwm=4583MB
RSS_SAMPLE t=632.4s rss=4583MB hwm=4583MB
RSS_SAMPLE t=632.6s rss=4583MB hwm=4583MB
RSS_SAMPLE t=632.9s rss=4583MB hwm=4583MB
RSS_SAMPLE t=633.1s rss=4583MB hwm=4583MB
RSS_SAMPLE t=633.4s rss=4583MB hwm=4583MB
RSS_SAMPLE t=633.6s rss=4584MB hwm=4584MB
RSS_SAMPLE t=633.9s rss=4584MB hwm=4584MB
RSS_SAMPLE t=634.1s rss=4584MB hwm=4584MB
RSS_SAMPLE t=634.4s rss=4584MB hwm=4584MB
RSS_SAMPLE t=634.6s rss=4584MB hwm=4584MB
RSS_SAMPLE t=634.9s rss=4584MB hwm=4584MB
RSS_SAMPLE t=635.1s rss=4584MB hwm=4584MB
RSS_SAMPLE t=635.4s rss=4585MB hwm=4585MB
RSS_SAMPLE t=635.6s rss=4585MB hwm=4585MB
RSS_SAMPLE t=635.9s rss=4585MB hwm=4585MB
RSS_SAMPLE t=636.1s rss=4585MB hwm=4585MB
RSS_SAMPLE t=636.4s rss=4585MB hwm=4585MB
RSS_SAMPLE t=636.6s rss=4585MB hwm=4585MB
RSS_SAMPLE t=636.9s rss=4585MB hwm=4585MB
RSS_SAMPLE t=637.1s rss=4585MB hwm=4585MB
RSS_SAMPLE t=637.4s rss=4585MB hwm=4585MB
RSS_SAMPLE t=637.6s rss=4585MB hwm=4585MB
RSS_SAMPLE t=637.9s rss=4585MB hwm=4585MB
RSS_SAMPLE t=638.1s rss=4585MB hwm=4585MB
RSS_SAMPLE t=638.4s rss=4585MB hwm=4585MB
RSS_SAMPLE t=638.6s rss=4586MB hwm=4586MB
RSS_SAMPLE t=638.9s rss=4586MB hwm=4586MB
RSS_SAMPLE t=639.2s rss=4586MB hwm=4586MB
RSS_SAMPLE t=639.4s rss=4586MB hwm=4586MB
RSS_SAMPLE t=639.7s rss=4586MB hwm=4586MB
RSS_SAMPLE t=639.9s rss=4586MB hwm=4586MB
RSS_SAMPLE t=640.2s rss=4586MB hwm=4586MB
RSS_SAMPLE t=640.4s rss=4586MB hwm=4586MB
RSS_SAMPLE t=640.7s rss=4586MB hwm=4586MB
RSS_SAMPLE t=640.9s rss=4586MB hwm=4586MB
RSS_SAMPLE t=641.2s rss=4586MB hwm=4586MB
RSS_SAMPLE t=641.4s rss=4586MB hwm=4586MB
RSS_SAMPLE t=641.7s rss=4586MB hwm=4586MB
RSS_SAMPLE t=641.9s rss=4586MB hwm=4586MB
RSS_SAMPLE t=642.2s rss=4586MB hwm=4586MB
RSS_SAMPLE t=642.4s rss=4586MB hwm=4586MB
RSS_SAMPLE t=642.7s rss=4586MB hwm=4586MB
RSS_SAMPLE t=642.9s rss=4586MB hwm=4586MB
RSS_SAMPLE t=643.2s rss=4586MB hwm=4586MB
RSS_SAMPLE t=643.4s rss=4587MB hwm=4587MB
RSS_SAMPLE t=643.7s rss=4587MB hwm=4587MB
RSS_SAMPLE t=643.9s rss=4587MB hwm=4587MB
RSS_SAMPLE t=644.2s rss=4587MB hwm=4587MB
RSS_SAMPLE t=644.4s rss=4587MB hwm=4587MB
RSS_SAMPLE t=644.7s rss=4587MB hwm=4587MB
RSS_SAMPLE t=644.9s rss=4587MB hwm=4587MB
RSS_SAMPLE t=645.2s rss=4587MB hwm=4587MB
RSS_SAMPLE t=645.4s rss=4587MB hwm=4587MB
RSS_SAMPLE t=645.7s rss=4587MB hwm=4587MB
RSS_SAMPLE t=645.9s rss=4587MB hwm=4587MB
RSS_SAMPLE t=646.2s rss=4587MB hwm=4587MB
RSS_SAMPLE t=646.4s rss=4587MB hwm=4587MB
RSS_SAMPLE t=646.7s rss=4587MB hwm=4587MB
RSS_SAMPLE t=646.9s rss=4587MB hwm=4587MB
RSS_SAMPLE t=647.2s rss=4587MB hwm=4587MB
RSS_SAMPLE t=647.4s rss=4587MB hwm=4587MB
RSS_SAMPLE t=647.7s rss=4587MB hwm=4587MB
RSS_SAMPLE t=647.9s rss=4587MB hwm=4587MB
RSS_SAMPLE t=648.2s rss=4587MB hwm=4587MB
RSS_SAMPLE t=648.4s rss=4587MB hwm=4587MB
RSS_SAMPLE t=648.7s rss=4587MB hwm=4587MB
RSS_SAMPLE t=648.9s rss=4587MB hwm=4587MB
RSS_SAMPLE t=649.2s rss=4587MB hwm=4587MB
RSS_SAMPLE t=649.4s rss=4587MB hwm=4587MB
RSS_SAMPLE t=649.7s rss=4587MB hwm=4587MB
RSS_SAMPLE t=649.9s rss=4587MB hwm=4587MB
RSS_SAMPLE t=650.2s rss=4587MB hwm=4587MB
RSS_SAMPLE t=650.4s rss=4587MB hwm=4587MB
RSS_SAMPLE t=650.7s rss=4587MB hwm=4587MB
RSS_SAMPLE t=650.9s rss=4587MB hwm=4587MB
RSS_SAMPLE t=651.2s rss=4587MB hwm=4587MB
RSS_SAMPLE t=651.4s rss=4587MB hwm=4587MB
RSS_SAMPLE t=651.7s rss=4587MB hwm=4587MB
RSS_SAMPLE t=651.9s rss=4587MB hwm=4587MB
RSS_SAMPLE t=652.2s rss=4587MB hwm=4587MB
RSS_SAMPLE t=652.4s rss=4587MB hwm=4587MB
RSS_SAMPLE t=652.7s rss=4587MB hwm=4587MB
RSS_SAMPLE t=652.9s rss=4587MB hwm=4587MB
RSS_SAMPLE t=653.2s rss=4587MB hwm=4587MB
RSS_SAMPLE t=653.4s rss=4587MB hwm=4587MB
RSS_SAMPLE t=653.7s rss=4587MB hwm=4587MB
RSS_SAMPLE t=653.9s rss=4587MB hwm=4587MB
RSS_SAMPLE t=654.2s rss=4587MB hwm=4587MB
RSS_SAMPLE t=654.4s rss=4587MB hwm=4587MB
RSS_SAMPLE t=654.7s rss=4587MB hwm=4587MB
RSS_SAMPLE t=654.9s rss=4587MB hwm=4587MB
RSS_SAMPLE t=655.2s rss=4587MB hwm=4587MB
RSS_SAMPLE t=655.4s rss=4587MB hwm=4587MB
RSS_SAMPLE t=655.7s rss=4587MB hwm=4587MB
RSS_SAMPLE t=655.9s rss=4587MB hwm=4587MB
RSS_SAMPLE t=656.2s rss=4587MB hwm=4587MB
RSS_SAMPLE t=656.4s rss=4587MB hwm=4587MB
RSS_SAMPLE t=656.7s rss=4587MB hwm=4587MB
RSS_SAMPLE t=656.9s rss=4587MB hwm=4587MB
RSS_SAMPLE t=657.2s rss=4587MB hwm=4587MB
RSS_SAMPLE t=657.4s rss=4587MB hwm=4587MB
RSS_SAMPLE t=657.7s rss=4587MB hwm=4587MB
RSS_SAMPLE t=657.9s rss=4587MB hwm=4587MB
RSS_SAMPLE t=658.2s rss=4587MB hwm=4587MB
RSS_SAMPLE t=658.4s rss=4587MB hwm=4587MB
RSS_SAMPLE t=658.7s rss=4587MB hwm=4587MB
RSS_SAMPLE t=658.9s rss=4587MB hwm=4587MB
RSS_SAMPLE t=659.2s rss=4587MB hwm=4587MB
RSS_SAMPLE t=659.4s rss=4587MB hwm=4587MB
RSS_SAMPLE t=659.7s rss=4587MB hwm=4587MB
RSS_SAMPLE t=659.9s rss=4587MB hwm=4587MB
RSS_SAMPLE t=660.2s rss=4587MB hwm=4587MB
RSS_SAMPLE t=660.4s rss=4587MB hwm=4587MB
RSS_SAMPLE t=660.7s rss=4587MB hwm=4587MB
RSS_SAMPLE t=660.9s rss=4587MB hwm=4587MB
RSS_SAMPLE t=661.2s rss=4587MB hwm=4587MB
RSS_SAMPLE t=661.4s rss=4587MB hwm=4587MB
RSS_SAMPLE t=661.7s rss=4587MB hwm=4587MB
RSS_SAMPLE t=661.9s rss=4587MB hwm=4587MB
RSS_SAMPLE t=662.2s rss=4587MB hwm=4587MB
RSS_SAMPLE t=662.4s rss=4587MB hwm=4587MB
RSS_SAMPLE t=662.7s rss=4587MB hwm=4587MB
RSS_SAMPLE t=662.9s rss=4587MB hwm=4587MB
RSS_SAMPLE t=663.2s rss=4587MB hwm=4587MB
RSS_SAMPLE t=663.4s rss=4587MB hwm=4587MB
RSS_SAMPLE t=663.7s rss=4587MB hwm=4587MB
RSS_SAMPLE t=663.9s rss=4587MB hwm=4587MB
RSS_SAMPLE t=664.2s rss=4587MB hwm=4587MB
RSS_SAMPLE t=664.4s rss=4587MB hwm=4587MB
RSS_SAMPLE t=664.7s rss=4587MB hwm=4587MB
RSS_SAMPLE t=664.9s rss=4587MB hwm=4587MB
RSS_SAMPLE t=665.2s rss=4587MB hwm=4587MB
RSS_SAMPLE t=665.4s rss=4587MB hwm=4587MB
RSS_SAMPLE t=665.7s rss=4587MB hwm=4587MB
RSS_SAMPLE t=665.9s rss=4587MB hwm=4587MB
RSS_SAMPLE t=666.2s rss=4587MB hwm=4587MB
RSS_SAMPLE t=666.4s rss=4587MB hwm=4587MB
RSS_SAMPLE t=666.7s rss=4587MB hwm=4587MB
RSS_SAMPLE t=666.9s rss=4587MB hwm=4587MB
RSS_SAMPLE t=667.2s rss=4587MB hwm=4587MB
RSS_SAMPLE t=667.4s rss=4587MB hwm=4587MB
MEM_POOL: workspaces=32 dense_usage_mb=1251 n_pipes=2562403
    post_solve_diag[outer=5]: solves=105117 cap_armed=105117 (100.0%) settle_avg=6815 above_sink_avg=227 (3.3%) settle_max=69353
    load_support[outer=5]: settle_avg=6815 load_nz_avg=5188 (76.1%) load_material_avg=2072 (30.4%)
    prune_ceiling[outer=5]: settle_avg=6815 heuristic_prunable_avg=1980 (29.0%) vs oracle_zero_load=23.9%
    settle_hist[outer=5]: <100: 23723nets/0.2%work  <1k: 27846nets/1.4%work  <5k: 23045nets/8.0%work  <20k: 16916nets/25.8%work  <60k: 13152nets/60.8%work  >=60k: 435nets/3.9%work
    fanout_hist[outer=5]: fan1: 43710nets/13.0%work  fan2-4: 48279nets/50.2%work  fan5-16: 12974nets/35.8%work  fan17-64: 154nets/0.9%work  fan65-256: 0nets/0.0%work  fan>256: 0nets/0.0%work
    rss_probe[outer=5]: pre_post_solve=4538MB post_post_solve=4587MB after_apply=4587MB
RSS_SAMPLE t=667.7s rss=4588MB hwm=4588MB
    E_decomp: base=19081729.6 eff=32167100.5 cong=13085371.0 cong_share=40.7% sat_pipes=652765 max_util=787.10  R_buckets: 1-2x=2172405 2-10x=381822 10-100x=8176 >=100x=0
    E_potential: beckmann=1580168473626.2 history_total=0.0
    SpanCache: epoch=6 entries=3180 lookups=2562403 hits=2559223 misses=3180 hit_rate=99.9%
  DCD   5: nets=105117 line=13865134 energy=2486883.834 dE=-97909.046 friction=3790906.4 bins=1.9x(223) excess=53.6 moved=67633 disp=5.517 solves=105117 skip=105117 pops=716381750 theta=0.550 refresh=77245ms dcd=7297ms total=87183ms
    cache_stats: entries=62084267 capacity=117835116 est_mb=1016 rss_mb=4588
RSS_SAMPLE t=667.9s rss=4588MB hwm=4588MB
RSS_SAMPLE t=668.2s rss=4588MB hwm=4588MB
RSS_SAMPLE t=668.4s rss=4588MB hwm=4588MB
RSS_SAMPLE t=668.7s rss=4588MB hwm=4588MB
RSS_SAMPLE t=668.9s rss=4588MB hwm=4588MB
RSS_SAMPLE t=669.2s rss=4588MB hwm=4588MB
RSS_SAMPLE t=669.4s rss=4588MB hwm=4588MB
RSS_SAMPLE t=669.7s rss=4588MB hwm=4588MB
RSS_SAMPLE t=669.9s rss=4588MB hwm=4588MB
RSS_SAMPLE t=670.2s rss=4588MB hwm=4588MB
    SwitchMatrix: type_usage_pairs=1005 lookups=3235 hits=2230 dijkstra_calls=1005 avg_us=12.8 total_ms=12.8
PHASE_MARK outer=6 enter=pre_solve rss=4588MB
    rss_probe[outer=6]: pre_refresh_rss=4588MB post_pre_solve_rss=4588MB cache_entries=62084267 cache_cap=117835116 cache_est_mb=1016
    pre_solve_diag[outer=6]: solves=0 fallback=0 (0.0%) cap_armed=0 (0.0%) settle_avg=0 settle_max=0 init_count=242
    Overflow: over=571532 (22.3% of used) avg_excess=1.17 max_excess=2684.34 (nc=2708.34 cap=24 span=1)  excess_buckets: <=1=394622 1-5=159663 5-20=15383 >20=1864  by_cap: cap1=301358 cap2=228223 cap3-5=441 cap>5=41510  by_span: s1=599 s2-3=2854 s4-6=32747 s7-12=222244 s>12=313088  le1_cross: cap1=263143 cap2-5=122127 cap>5=9352
    Congestion: pipes=2562403 used=2562403 congested(>50%)=1169695 saturated(>90%)=652765 max_util=787.10 avg_util=0.6428
PHASE_MARK outer=6 enter=dcd_sweep rss=4588MB
RSS_SAMPLE t=670.4s rss=4588MB hwm=4588MB
RSS_SAMPLE t=670.7s rss=4588MB hwm=4588MB
RSS_SAMPLE t=670.9s rss=4588MB hwm=4588MB
RSS_SAMPLE t=671.2s rss=4588MB hwm=4588MB
RSS_SAMPLE t=671.4s rss=4588MB hwm=4588MB
RSS_SAMPLE t=671.7s rss=4588MB hwm=4588MB
RSS_SAMPLE t=671.9s rss=4588MB hwm=4588MB
RSS_SAMPLE t=672.2s rss=4588MB hwm=4588MB
RSS_SAMPLE t=672.4s rss=4588MB hwm=4588MB
RSS_SAMPLE t=672.7s rss=4588MB hwm=4588MB
RSS_SAMPLE t=672.9s rss=4588MB hwm=4588MB
RSS_SAMPLE t=673.2s rss=4588MB hwm=4588MB
RSS_SAMPLE t=673.4s rss=4588MB hwm=4588MB
RSS_SAMPLE t=673.7s rss=4588MB hwm=4588MB
RSS_SAMPLE t=673.9s rss=4588MB hwm=4588MB
RSS_SAMPLE t=674.2s rss=4588MB hwm=4588MB
RSS_SAMPLE t=674.4s rss=4588MB hwm=4588MB
RSS_SAMPLE t=674.7s rss=4588MB hwm=4588MB
RSS_SAMPLE t=674.9s rss=4588MB hwm=4588MB
RSS_SAMPLE t=675.2s rss=4588MB hwm=4588MB
RSS_SAMPLE t=675.4s rss=4588MB hwm=4588MB
RSS_SAMPLE t=675.7s rss=4588MB hwm=4588MB
RSS_SAMPLE t=675.9s rss=4588MB hwm=4588MB
RSS_SAMPLE t=676.2s rss=4588MB hwm=4588MB
RSS_SAMPLE t=676.4s rss=4588MB hwm=4588MB
RSS_SAMPLE t=676.7s rss=4588MB hwm=4588MB
RSS_SAMPLE t=676.9s rss=4588MB hwm=4588MB
RSS_SAMPLE t=677.2s rss=4588MB hwm=4588MB
RSS_SAMPLE t=677.4s rss=4588MB hwm=4588MB
PHASE_MARK outer=6 leave=dcd_sweep rss=4588MB
PHASE_MARK outer=6 enter=post_refresh rss=4588MB
RSS_SAMPLE t=677.7s rss=4588MB hwm=4588MB
RSS_SAMPLE t=677.9s rss=4588MB hwm=4588MB
RSS_SAMPLE t=678.2s rss=4588MB hwm=4588MB
RSS_SAMPLE t=678.4s rss=4588MB hwm=4588MB
RSS_SAMPLE t=678.7s rss=4588MB hwm=4588MB
RSS_SAMPLE t=678.9s rss=4588MB hwm=4588MB
RSS_SAMPLE t=679.2s rss=4588MB hwm=4588MB
RSS_SAMPLE t=679.4s rss=4588MB hwm=4588MB
RSS_SAMPLE t=679.7s rss=4588MB hwm=4588MB
RSS_SAMPLE t=679.9s rss=4588MB hwm=4588MB
RSS_SAMPLE t=680.2s rss=4588MB hwm=4588MB
RSS_SAMPLE t=680.4s rss=4588MB hwm=4588MB
RSS_SAMPLE t=680.7s rss=4588MB hwm=4588MB
RSS_SAMPLE t=680.9s rss=4588MB hwm=4588MB
RSS_SAMPLE t=681.2s rss=4588MB hwm=4588MB
RSS_SAMPLE t=681.4s rss=4588MB hwm=4588MB
RSS_SAMPLE t=681.7s rss=4588MB hwm=4588MB
RSS_SAMPLE t=681.9s rss=4588MB hwm=4588MB
RSS_SAMPLE t=682.2s rss=4588MB hwm=4588MB
RSS_SAMPLE t=682.4s rss=4588MB hwm=4588MB
RSS_SAMPLE t=682.7s rss=4588MB hwm=4588MB
RSS_SAMPLE t=682.9s rss=4588MB hwm=4588MB
RSS_SAMPLE t=683.2s rss=4588MB hwm=4588MB
RSS_SAMPLE t=683.4s rss=4588MB hwm=4588MB
RSS_SAMPLE t=683.7s rss=4589MB hwm=4589MB
RSS_SAMPLE t=683.9s rss=4589MB hwm=4589MB
RSS_SAMPLE t=684.2s rss=4589MB hwm=4589MB
RSS_SAMPLE t=684.4s rss=4589MB hwm=4589MB
RSS_SAMPLE t=684.7s rss=4589MB hwm=4589MB
RSS_SAMPLE t=684.9s rss=4589MB hwm=4589MB
RSS_SAMPLE t=685.2s rss=4589MB hwm=4589MB
RSS_SAMPLE t=685.4s rss=4589MB hwm=4589MB
RSS_SAMPLE t=685.7s rss=4589MB hwm=4589MB
RSS_SAMPLE t=685.9s rss=4589MB hwm=4589MB
RSS_SAMPLE t=686.2s rss=4589MB hwm=4589MB
RSS_SAMPLE t=686.4s rss=4589MB hwm=4589MB
RSS_SAMPLE t=686.7s rss=4589MB hwm=4589MB
RSS_SAMPLE t=686.9s rss=4589MB hwm=4589MB
RSS_SAMPLE t=687.2s rss=4590MB hwm=4590MB
RSS_SAMPLE t=687.4s rss=4590MB hwm=4590MB
RSS_SAMPLE t=687.7s rss=4590MB hwm=4590MB
RSS_SAMPLE t=688.0s rss=4590MB hwm=4590MB
RSS_SAMPLE t=688.2s rss=4590MB hwm=4590MB
RSS_SAMPLE t=688.5s rss=4590MB hwm=4590MB
RSS_SAMPLE t=688.7s rss=4590MB hwm=4590MB
RSS_SAMPLE t=689.0s rss=4591MB hwm=4591MB
RSS_SAMPLE t=689.2s rss=4591MB hwm=4591MB
RSS_SAMPLE t=689.5s rss=4591MB hwm=4591MB
RSS_SAMPLE t=689.7s rss=4591MB hwm=4591MB
RSS_SAMPLE t=690.0s rss=4591MB hwm=4591MB
RSS_SAMPLE t=690.2s rss=4591MB hwm=4591MB
RSS_SAMPLE t=690.5s rss=4592MB hwm=4592MB
RSS_SAMPLE t=690.7s rss=4592MB hwm=4592MB
RSS_SAMPLE t=691.0s rss=4592MB hwm=4592MB
RSS_SAMPLE t=691.2s rss=4592MB hwm=4592MB
RSS_SAMPLE t=691.5s rss=4592MB hwm=4592MB
RSS_SAMPLE t=691.7s rss=4593MB hwm=4593MB
RSS_SAMPLE t=692.0s rss=4593MB hwm=4593MB
RSS_SAMPLE t=692.2s rss=4593MB hwm=4593MB
RSS_SAMPLE t=692.5s rss=4593MB hwm=4593MB
RSS_SAMPLE t=692.7s rss=4594MB hwm=4594MB
RSS_SAMPLE t=693.0s rss=4594MB hwm=4594MB
RSS_SAMPLE t=693.2s rss=4594MB hwm=4594MB
RSS_SAMPLE t=693.5s rss=4594MB hwm=4594MB
RSS_SAMPLE t=693.7s rss=4594MB hwm=4594MB
RSS_SAMPLE t=694.0s rss=4595MB hwm=4595MB
RSS_SAMPLE t=694.2s rss=4595MB hwm=4595MB
RSS_SAMPLE t=694.5s rss=4595MB hwm=4595MB
RSS_SAMPLE t=694.7s rss=4595MB hwm=4595MB
RSS_SAMPLE t=695.0s rss=4596MB hwm=4596MB
RSS_SAMPLE t=695.2s rss=4596MB hwm=4596MB
RSS_SAMPLE t=695.5s rss=4596MB hwm=4596MB
RSS_SAMPLE t=695.7s rss=4596MB hwm=4596MB
RSS_SAMPLE t=696.0s rss=4597MB hwm=4597MB
RSS_SAMPLE t=696.2s rss=4597MB hwm=4597MB
RSS_SAMPLE t=696.5s rss=4597MB hwm=4597MB
RSS_SAMPLE t=696.7s rss=4597MB hwm=4597MB
RSS_SAMPLE t=697.0s rss=4597MB hwm=4597MB
RSS_SAMPLE t=697.2s rss=4597MB hwm=4597MB
RSS_SAMPLE t=697.5s rss=4597MB hwm=4597MB
RSS_SAMPLE t=697.7s rss=4598MB hwm=4598MB
RSS_SAMPLE t=698.0s rss=4598MB hwm=4598MB
RSS_SAMPLE t=698.2s rss=4598MB hwm=4598MB
RSS_SAMPLE t=698.5s rss=4598MB hwm=4598MB
RSS_SAMPLE t=698.7s rss=4599MB hwm=4599MB
RSS_SAMPLE t=699.0s rss=4599MB hwm=4599MB
RSS_SAMPLE t=699.2s rss=4599MB hwm=4599MB
RSS_SAMPLE t=699.5s rss=4599MB hwm=4599MB
RSS_SAMPLE t=699.7s rss=4600MB hwm=4600MB
RSS_SAMPLE t=700.0s rss=4600MB hwm=4600MB
RSS_SAMPLE t=700.2s rss=4601MB hwm=4601MB
RSS_SAMPLE t=700.5s rss=4601MB hwm=4601MB
RSS_SAMPLE t=700.7s rss=4601MB hwm=4601MB
RSS_SAMPLE t=701.0s rss=4601MB hwm=4601MB
RSS_SAMPLE t=701.2s rss=4601MB hwm=4601MB
RSS_SAMPLE t=701.5s rss=4602MB hwm=4602MB
RSS_SAMPLE t=701.7s rss=4602MB hwm=4602MB
RSS_SAMPLE t=702.0s rss=4602MB hwm=4602MB
RSS_SAMPLE t=702.2s rss=4603MB hwm=4603MB
RSS_SAMPLE t=702.5s rss=4603MB hwm=4603MB
RSS_SAMPLE t=702.7s rss=4603MB hwm=4603MB
RSS_SAMPLE t=703.0s rss=4603MB hwm=4603MB
RSS_SAMPLE t=703.2s rss=4603MB hwm=4603MB
RSS_SAMPLE t=703.5s rss=4603MB hwm=4603MB
RSS_SAMPLE t=703.7s rss=4603MB hwm=4603MB
RSS_SAMPLE t=704.0s rss=4603MB hwm=4603MB
RSS_SAMPLE t=704.2s rss=4603MB hwm=4603MB
RSS_SAMPLE t=704.5s rss=4603MB hwm=4603MB
RSS_SAMPLE t=704.7s rss=4604MB hwm=4604MB
RSS_SAMPLE t=705.0s rss=4604MB hwm=4604MB
RSS_SAMPLE t=705.2s rss=4604MB hwm=4604MB
RSS_SAMPLE t=705.5s rss=4604MB hwm=4604MB
RSS_SAMPLE t=705.7s rss=4604MB hwm=4604MB
RSS_SAMPLE t=706.0s rss=4605MB hwm=4605MB
RSS_SAMPLE t=706.2s rss=4605MB hwm=4605MB
RSS_SAMPLE t=706.5s rss=4606MB hwm=4606MB
RSS_SAMPLE t=706.7s rss=4606MB hwm=4606MB
RSS_SAMPLE t=707.0s rss=4606MB hwm=4606MB
RSS_SAMPLE t=707.2s rss=4606MB hwm=4606MB
RSS_SAMPLE t=707.5s rss=4606MB hwm=4606MB
RSS_SAMPLE t=707.7s rss=4606MB hwm=4606MB
RSS_SAMPLE t=708.0s rss=4606MB hwm=4606MB
RSS_SAMPLE t=708.2s rss=4606MB hwm=4606MB
RSS_SAMPLE t=708.5s rss=4606MB hwm=4606MB
RSS_SAMPLE t=708.7s rss=4606MB hwm=4606MB
RSS_SAMPLE t=709.0s rss=4607MB hwm=4607MB
RSS_SAMPLE t=709.2s rss=4607MB hwm=4607MB
RSS_SAMPLE t=709.5s rss=4607MB hwm=4607MB
RSS_SAMPLE t=709.7s rss=4607MB hwm=4607MB
RSS_SAMPLE t=710.0s rss=4607MB hwm=4607MB
RSS_SAMPLE t=710.2s rss=4607MB hwm=4607MB
RSS_SAMPLE t=710.5s rss=4607MB hwm=4607MB
RSS_SAMPLE t=710.7s rss=4607MB hwm=4607MB
RSS_SAMPLE t=711.0s rss=4607MB hwm=4607MB
RSS_SAMPLE t=711.2s rss=4608MB hwm=4608MB
RSS_SAMPLE t=711.5s rss=4608MB hwm=4608MB
RSS_SAMPLE t=711.7s rss=4608MB hwm=4608MB
RSS_SAMPLE t=712.0s rss=4608MB hwm=4608MB
RSS_SAMPLE t=712.2s rss=4608MB hwm=4608MB
RSS_SAMPLE t=712.5s rss=4608MB hwm=4608MB
RSS_SAMPLE t=712.7s rss=4608MB hwm=4608MB
RSS_SAMPLE t=713.0s rss=4608MB hwm=4608MB
RSS_SAMPLE t=713.2s rss=4608MB hwm=4608MB
RSS_SAMPLE t=713.5s rss=4608MB hwm=4608MB
RSS_SAMPLE t=713.7s rss=4608MB hwm=4608MB
RSS_SAMPLE t=714.0s rss=4608MB hwm=4608MB
RSS_SAMPLE t=714.2s rss=4609MB hwm=4609MB
RSS_SAMPLE t=714.5s rss=4609MB hwm=4609MB
RSS_SAMPLE t=714.7s rss=4609MB hwm=4609MB
RSS_SAMPLE t=715.0s rss=4609MB hwm=4609MB
RSS_SAMPLE t=715.2s rss=4609MB hwm=4609MB
RSS_SAMPLE t=715.5s rss=4609MB hwm=4609MB
RSS_SAMPLE t=715.7s rss=4609MB hwm=4609MB
RSS_SAMPLE t=716.0s rss=4609MB hwm=4609MB
RSS_SAMPLE t=716.2s rss=4609MB hwm=4609MB
RSS_SAMPLE t=716.5s rss=4609MB hwm=4609MB
RSS_SAMPLE t=716.7s rss=4609MB hwm=4609MB
RSS_SAMPLE t=717.0s rss=4609MB hwm=4609MB
RSS_SAMPLE t=717.2s rss=4610MB hwm=4610MB
RSS_SAMPLE t=717.5s rss=4610MB hwm=4610MB
RSS_SAMPLE t=717.7s rss=4610MB hwm=4610MB
RSS_SAMPLE t=718.0s rss=4610MB hwm=4610MB
RSS_SAMPLE t=718.2s rss=4610MB hwm=4610MB
RSS_SAMPLE t=718.5s rss=4610MB hwm=4610MB
RSS_SAMPLE t=718.7s rss=4610MB hwm=4610MB
RSS_SAMPLE t=719.0s rss=4610MB hwm=4610MB
RSS_SAMPLE t=719.2s rss=4610MB hwm=4610MB
RSS_SAMPLE t=719.5s rss=4610MB hwm=4610MB
RSS_SAMPLE t=719.7s rss=4610MB hwm=4610MB
RSS_SAMPLE t=720.0s rss=4610MB hwm=4610MB
RSS_SAMPLE t=720.2s rss=4610MB hwm=4610MB
RSS_SAMPLE t=720.5s rss=4610MB hwm=4610MB
RSS_SAMPLE t=720.7s rss=4610MB hwm=4610MB
RSS_SAMPLE t=721.0s rss=4610MB hwm=4610MB
RSS_SAMPLE t=721.2s rss=4610MB hwm=4610MB
RSS_SAMPLE t=721.5s rss=4610MB hwm=4610MB
RSS_SAMPLE t=721.7s rss=4610MB hwm=4610MB
RSS_SAMPLE t=722.0s rss=4610MB hwm=4610MB
RSS_SAMPLE t=722.2s rss=4611MB hwm=4611MB
RSS_SAMPLE t=722.5s rss=4611MB hwm=4611MB
RSS_SAMPLE t=722.7s rss=4611MB hwm=4611MB
RSS_SAMPLE t=723.0s rss=4611MB hwm=4611MB
RSS_SAMPLE t=723.2s rss=4611MB hwm=4611MB
RSS_SAMPLE t=723.5s rss=4611MB hwm=4611MB
RSS_SAMPLE t=723.7s rss=4611MB hwm=4611MB
RSS_SAMPLE t=724.0s rss=4611MB hwm=4611MB
RSS_SAMPLE t=724.2s rss=4611MB hwm=4611MB
RSS_SAMPLE t=724.5s rss=4611MB hwm=4611MB
RSS_SAMPLE t=724.7s rss=4611MB hwm=4611MB
RSS_SAMPLE t=725.0s rss=4611MB hwm=4611MB
RSS_SAMPLE t=725.2s rss=4611MB hwm=4611MB
RSS_SAMPLE t=725.5s rss=4611MB hwm=4611MB
RSS_SAMPLE t=725.7s rss=4611MB hwm=4611MB
RSS_SAMPLE t=726.0s rss=4611MB hwm=4611MB
RSS_SAMPLE t=726.2s rss=4611MB hwm=4611MB
RSS_SAMPLE t=726.5s rss=4611MB hwm=4611MB
RSS_SAMPLE t=726.7s rss=4611MB hwm=4611MB
RSS_SAMPLE t=727.0s rss=4611MB hwm=4611MB
RSS_SAMPLE t=727.2s rss=4611MB hwm=4611MB
RSS_SAMPLE t=727.5s rss=4611MB hwm=4611MB
RSS_SAMPLE t=727.7s rss=4611MB hwm=4611MB
RSS_SAMPLE t=728.0s rss=4611MB hwm=4611MB
RSS_SAMPLE t=728.2s rss=4611MB hwm=4611MB
RSS_SAMPLE t=728.5s rss=4611MB hwm=4611MB
RSS_SAMPLE t=728.7s rss=4611MB hwm=4611MB
RSS_SAMPLE t=729.0s rss=4611MB hwm=4611MB
RSS_SAMPLE t=729.2s rss=4611MB hwm=4611MB
RSS_SAMPLE t=729.5s rss=4612MB hwm=4612MB
RSS_SAMPLE t=729.7s rss=4612MB hwm=4612MB
RSS_SAMPLE t=730.0s rss=4612MB hwm=4612MB
RSS_SAMPLE t=730.2s rss=4612MB hwm=4612MB
RSS_SAMPLE t=730.5s rss=4612MB hwm=4612MB
RSS_SAMPLE t=730.7s rss=4612MB hwm=4612MB
RSS_SAMPLE t=731.0s rss=4612MB hwm=4612MB
RSS_SAMPLE t=731.2s rss=4612MB hwm=4612MB
RSS_SAMPLE t=731.5s rss=4612MB hwm=4612MB
RSS_SAMPLE t=731.8s rss=4612MB hwm=4612MB
RSS_SAMPLE t=732.0s rss=4612MB hwm=4612MB
RSS_SAMPLE t=732.3s rss=4612MB hwm=4612MB
RSS_SAMPLE t=732.5s rss=4612MB hwm=4612MB
RSS_SAMPLE t=732.8s rss=4612MB hwm=4612MB
RSS_SAMPLE t=733.0s rss=4612MB hwm=4612MB
RSS_SAMPLE t=733.3s rss=4612MB hwm=4612MB
RSS_SAMPLE t=733.5s rss=4612MB hwm=4612MB
RSS_SAMPLE t=733.8s rss=4612MB hwm=4612MB
RSS_SAMPLE t=734.0s rss=4612MB hwm=4612MB
RSS_SAMPLE t=734.3s rss=4612MB hwm=4612MB
RSS_SAMPLE t=734.5s rss=4612MB hwm=4612MB
RSS_SAMPLE t=734.8s rss=4612MB hwm=4612MB
RSS_SAMPLE t=735.0s rss=4612MB hwm=4612MB
RSS_SAMPLE t=735.3s rss=4612MB hwm=4612MB
RSS_SAMPLE t=735.5s rss=4612MB hwm=4612MB
RSS_SAMPLE t=735.8s rss=4612MB hwm=4612MB
RSS_SAMPLE t=736.0s rss=4612MB hwm=4612MB
RSS_SAMPLE t=736.3s rss=4612MB hwm=4612MB
RSS_SAMPLE t=736.5s rss=4612MB hwm=4612MB
RSS_SAMPLE t=736.8s rss=4612MB hwm=4612MB
RSS_SAMPLE t=737.0s rss=4612MB hwm=4612MB
RSS_SAMPLE t=737.3s rss=4612MB hwm=4612MB
RSS_SAMPLE t=737.5s rss=4612MB hwm=4612MB
RSS_SAMPLE t=737.8s rss=4612MB hwm=4612MB
RSS_SAMPLE t=738.0s rss=4612MB hwm=4612MB
RSS_SAMPLE t=738.3s rss=4612MB hwm=4612MB
RSS_SAMPLE t=738.5s rss=4612MB hwm=4612MB
RSS_SAMPLE t=738.8s rss=4612MB hwm=4612MB
RSS_SAMPLE t=739.0s rss=4612MB hwm=4612MB
RSS_SAMPLE t=739.3s rss=4612MB hwm=4612MB
RSS_SAMPLE t=739.5s rss=4612MB hwm=4612MB
RSS_SAMPLE t=739.8s rss=4612MB hwm=4612MB
RSS_SAMPLE t=740.0s rss=4612MB hwm=4612MB
RSS_SAMPLE t=740.3s rss=4612MB hwm=4612MB
RSS_SAMPLE t=740.5s rss=4612MB hwm=4612MB
RSS_SAMPLE t=740.8s rss=4612MB hwm=4612MB
RSS_SAMPLE t=741.0s rss=4612MB hwm=4612MB
RSS_SAMPLE t=741.3s rss=4612MB hwm=4612MB
RSS_SAMPLE t=741.5s rss=4612MB hwm=4612MB
RSS_SAMPLE t=741.8s rss=4612MB hwm=4612MB
RSS_SAMPLE t=742.0s rss=4612MB hwm=4612MB
RSS_SAMPLE t=742.3s rss=4612MB hwm=4612MB
RSS_SAMPLE t=742.5s rss=4612MB hwm=4612MB
RSS_SAMPLE t=742.8s rss=4612MB hwm=4612MB
RSS_SAMPLE t=743.0s rss=4612MB hwm=4612MB
RSS_SAMPLE t=743.3s rss=4612MB hwm=4612MB
RSS_SAMPLE t=743.5s rss=4612MB hwm=4612MB
RSS_SAMPLE t=743.8s rss=4612MB hwm=4612MB
RSS_SAMPLE t=744.0s rss=4612MB hwm=4612MB
RSS_SAMPLE t=744.3s rss=4612MB hwm=4612MB
RSS_SAMPLE t=744.5s rss=4612MB hwm=4612MB
RSS_SAMPLE t=744.8s rss=4612MB hwm=4612MB
RSS_SAMPLE t=745.0s rss=4612MB hwm=4612MB
RSS_SAMPLE t=745.3s rss=4612MB hwm=4612MB
RSS_SAMPLE t=745.5s rss=4612MB hwm=4612MB
RSS_SAMPLE t=745.8s rss=4612MB hwm=4612MB
RSS_SAMPLE t=746.0s rss=4612MB hwm=4612MB
RSS_SAMPLE t=746.3s rss=4612MB hwm=4612MB
RSS_SAMPLE t=746.5s rss=4612MB hwm=4612MB
RSS_SAMPLE t=746.8s rss=4612MB hwm=4612MB
RSS_SAMPLE t=747.0s rss=4612MB hwm=4612MB
RSS_SAMPLE t=747.3s rss=4612MB hwm=4612MB
RSS_SAMPLE t=747.5s rss=4612MB hwm=4612MB
RSS_SAMPLE t=747.8s rss=4612MB hwm=4612MB
RSS_SAMPLE t=748.0s rss=4612MB hwm=4612MB
RSS_SAMPLE t=748.3s rss=4612MB hwm=4612MB
RSS_SAMPLE t=748.5s rss=4612MB hwm=4612MB
RSS_SAMPLE t=748.8s rss=4612MB hwm=4612MB
RSS_SAMPLE t=749.0s rss=4612MB hwm=4612MB
RSS_SAMPLE t=749.3s rss=4612MB hwm=4612MB
RSS_SAMPLE t=749.5s rss=4612MB hwm=4612MB
RSS_SAMPLE t=749.8s rss=4612MB hwm=4612MB
RSS_SAMPLE t=750.0s rss=4612MB hwm=4612MB
RSS_SAMPLE t=750.3s rss=4612MB hwm=4612MB
RSS_SAMPLE t=750.5s rss=4612MB hwm=4612MB
RSS_SAMPLE t=750.8s rss=4612MB hwm=4612MB
RSS_SAMPLE t=751.0s rss=4612MB hwm=4612MB
RSS_SAMPLE t=751.3s rss=4612MB hwm=4612MB
RSS_SAMPLE t=751.5s rss=4612MB hwm=4612MB
RSS_SAMPLE t=751.8s rss=4612MB hwm=4612MB
RSS_SAMPLE t=752.0s rss=4612MB hwm=4612MB
RSS_SAMPLE t=752.3s rss=4612MB hwm=4612MB
RSS_SAMPLE t=752.5s rss=4612MB hwm=4612MB
RSS_SAMPLE t=752.8s rss=4612MB hwm=4612MB
RSS_SAMPLE t=753.0s rss=4612MB hwm=4612MB
RSS_SAMPLE t=753.3s rss=4612MB hwm=4612MB
RSS_SAMPLE t=753.5s rss=4612MB hwm=4612MB
RSS_SAMPLE t=753.8s rss=4612MB hwm=4612MB
MEM_POOL: workspaces=32 dense_usage_mb=1251 n_pipes=2562403
    post_solve_diag[outer=6]: solves=105117 cap_armed=105117 (100.0%) settle_avg=6391 above_sink_avg=227 (3.5%) settle_max=69353
    load_support[outer=6]: settle_avg=6391 load_nz_avg=4881 (76.4%) load_material_avg=1994 (31.2%)
    prune_ceiling[outer=6]: settle_avg=6391 heuristic_prunable_avg=1694 (26.5%) vs oracle_zero_load=23.6%
    settle_hist[outer=6]: <100: 24002nets/0.2%work  <1k: 28028nets/1.5%work  <5k: 23287nets/8.7%work  <20k: 17380nets/28.2%work  <60k: 12114nets/58.5%work  >=60k: 306nets/2.9%work
    fanout_hist[outer=6]: fan1: 43710nets/13.0%work  fan2-4: 48279nets/50.2%work  fan5-16: 12974nets/35.9%work  fan17-64: 154nets/0.9%work  fan65-256: 0nets/0.0%work  fan>256: 0nets/0.0%work
    rss_probe[outer=6]: pre_post_solve=4588MB post_post_solve=4612MB after_apply=4612MB
RSS_SAMPLE t=754.0s rss=4613MB hwm=4613MB
    E_decomp: base=18552736.8 eff=31561620.3 cong=13008883.5 cong_share=41.2% sat_pipes=636935 max_util=893.54  R_buckets: 1-2x=2143863 2-10x=410104 10-100x=8436 >=100x=0
    E_potential: beckmann=2599211679425.9 history_total=0.0
    SpanCache: epoch=7 entries=3235 lookups=2562403 hits=2559168 misses=3235 hit_rate=99.9%
  DCD   6: nets=105117 line=13290071 energy=2422519.442 dE=-64364.392 friction=3621295.6 bins=1.6x(178) excess=40.6 moved=67665 disp=5.335 solves=105117 skip=105117 pops=671754945 theta=0.644 refresh=76458ms dcd=7345ms total=86361ms
    cache_stats: entries=62008171 capacity=120554700 est_mb=1040 rss_mb=4613
RSS_SAMPLE t=754.3s rss=4613MB hwm=4613MB
RSS_SAMPLE t=754.5s rss=4613MB hwm=4613MB
RSS_SAMPLE t=754.8s rss=4613MB hwm=4613MB
RSS_SAMPLE t=755.0s rss=4613MB hwm=4613MB
RSS_SAMPLE t=755.3s rss=4613MB hwm=4613MB
RSS_SAMPLE t=755.5s rss=4613MB hwm=4613MB
RSS_SAMPLE t=755.8s rss=4613MB hwm=4613MB
RSS_SAMPLE t=756.0s rss=4613MB hwm=4613MB
RSS_SAMPLE t=756.3s rss=4613MB hwm=4613MB
RSS_SAMPLE t=756.5s rss=4613MB hwm=4613MB
    SwitchMatrix: type_usage_pairs=1046 lookups=3258 hits=2212 dijkstra_calls=1046 avg_us=12.9 total_ms=13.5
PHASE_MARK outer=7 enter=pre_solve rss=4613MB
    rss_probe[outer=7]: pre_refresh_rss=4613MB post_pre_solve_rss=4613MB cache_entries=62008171 cache_cap=120554700 cache_est_mb=1040
    pre_solve_diag[outer=7]: solves=0 fallback=0 (0.0%) cap_armed=0 (0.0%) settle_avg=0 settle_max=0 init_count=227
    Overflow: over=556267 (21.7% of used) avg_excess=1.06 max_excess=2630.25 (nc=2654.25 cap=24 span=1)  excess_buckets: <=1=420007 1-5=120631 5-20=13744 >20=1885  by_cap: cap1=296044 cap2=219621 cap3-5=390 cap>5=40212  by_span: s1=568 s2-3=2338 s4-6=33157 s7-12=212727 s>12=307477  le1_cross: cap1=266616 cap2-5=144310 cap>5=9081
    Congestion: pipes=2562403 used=2562403 congested(>50%)=1153033 saturated(>90%)=636935 max_util=893.54 avg_util=0.6201
PHASE_MARK outer=7 enter=dcd_sweep rss=4613MB
RSS_SAMPLE t=756.8s rss=4613MB hwm=4613MB
RSS_SAMPLE t=757.0s rss=4613MB hwm=4613MB
RSS_SAMPLE t=757.3s rss=4613MB hwm=4613MB
RSS_SAMPLE t=757.5s rss=4613MB hwm=4613MB
RSS_SAMPLE t=757.8s rss=4613MB hwm=4613MB
RSS_SAMPLE t=758.0s rss=4613MB hwm=4613MB
RSS_SAMPLE t=758.3s rss=4613MB hwm=4613MB
RSS_SAMPLE t=758.5s rss=4613MB hwm=4613MB
RSS_SAMPLE t=758.8s rss=4613MB hwm=4613MB
RSS_SAMPLE t=759.0s rss=4613MB hwm=4613MB
RSS_SAMPLE t=759.3s rss=4613MB hwm=4613MB
RSS_SAMPLE t=759.5s rss=4613MB hwm=4613MB
RSS_SAMPLE t=759.8s rss=4613MB hwm=4613MB
RSS_SAMPLE t=760.0s rss=4613MB hwm=4613MB
RSS_SAMPLE t=760.3s rss=4613MB hwm=4613MB
RSS_SAMPLE t=760.5s rss=4613MB hwm=4613MB
RSS_SAMPLE t=760.8s rss=4613MB hwm=4613MB
RSS_SAMPLE t=761.0s rss=4613MB hwm=4613MB
RSS_SAMPLE t=761.3s rss=4613MB hwm=4613MB
RSS_SAMPLE t=761.5s rss=4613MB hwm=4613MB
RSS_SAMPLE t=761.8s rss=4613MB hwm=4613MB
RSS_SAMPLE t=762.0s rss=4613MB hwm=4613MB
RSS_SAMPLE t=762.3s rss=4613MB hwm=4613MB
RSS_SAMPLE t=762.5s rss=4613MB hwm=4613MB
RSS_SAMPLE t=762.8s rss=4613MB hwm=4613MB
RSS_SAMPLE t=763.0s rss=4613MB hwm=4613MB
RSS_SAMPLE t=763.3s rss=4613MB hwm=4613MB
RSS_SAMPLE t=763.5s rss=4613MB hwm=4613MB
RSS_SAMPLE t=763.8s rss=4613MB hwm=4613MB
PHASE_MARK outer=7 leave=dcd_sweep rss=4613MB
PHASE_MARK outer=7 enter=post_refresh rss=4613MB
RSS_SAMPLE t=764.0s rss=4613MB hwm=4613MB
RSS_SAMPLE t=764.3s rss=4613MB hwm=4613MB
RSS_SAMPLE t=764.5s rss=4613MB hwm=4613MB
RSS_SAMPLE t=764.8s rss=4613MB hwm=4613MB
RSS_SAMPLE t=765.0s rss=4613MB hwm=4613MB
RSS_SAMPLE t=765.3s rss=4613MB hwm=4613MB
RSS_SAMPLE t=765.5s rss=4613MB hwm=4613MB
RSS_SAMPLE t=765.8s rss=4613MB hwm=4613MB
RSS_SAMPLE t=766.0s rss=4613MB hwm=4613MB
RSS_SAMPLE t=766.3s rss=4613MB hwm=4613MB
RSS_SAMPLE t=766.5s rss=4613MB hwm=4613MB
RSS_SAMPLE t=766.8s rss=4614MB hwm=4614MB
RSS_SAMPLE t=767.0s rss=4614MB hwm=4614MB
RSS_SAMPLE t=767.3s rss=4614MB hwm=4614MB
RSS_SAMPLE t=767.5s rss=4614MB hwm=4614MB
RSS_SAMPLE t=767.8s rss=4614MB hwm=4614MB
RSS_SAMPLE t=768.0s rss=4614MB hwm=4614MB
RSS_SAMPLE t=768.3s rss=4614MB hwm=4614MB
RSS_SAMPLE t=768.5s rss=4614MB hwm=4614MB
RSS_SAMPLE t=768.8s rss=4614MB hwm=4614MB
RSS_SAMPLE t=769.0s rss=4614MB hwm=4614MB
RSS_SAMPLE t=769.3s rss=4614MB hwm=4614MB
RSS_SAMPLE t=769.5s rss=4614MB hwm=4614MB
RSS_SAMPLE t=769.8s rss=4614MB hwm=4614MB
RSS_SAMPLE t=770.0s rss=4614MB hwm=4614MB
RSS_SAMPLE t=770.3s rss=4614MB hwm=4614MB
RSS_SAMPLE t=770.5s rss=4614MB hwm=4614MB
RSS_SAMPLE t=770.8s rss=4614MB hwm=4614MB
RSS_SAMPLE t=771.0s rss=4614MB hwm=4614MB
RSS_SAMPLE t=771.3s rss=4615MB hwm=4615MB
RSS_SAMPLE t=771.5s rss=4615MB hwm=4615MB
RSS_SAMPLE t=771.8s rss=4615MB hwm=4615MB
RSS_SAMPLE t=772.0s rss=4615MB hwm=4615MB
RSS_SAMPLE t=772.3s rss=4615MB hwm=4615MB
RSS_SAMPLE t=772.5s rss=4615MB hwm=4615MB
RSS_SAMPLE t=772.8s rss=4615MB hwm=4615MB
RSS_SAMPLE t=773.0s rss=4615MB hwm=4615MB
RSS_SAMPLE t=773.3s rss=4615MB hwm=4615MB
RSS_SAMPLE t=773.5s rss=4615MB hwm=4615MB
RSS_SAMPLE t=773.8s rss=4616MB hwm=4616MB
RSS_SAMPLE t=774.0s rss=4616MB hwm=4616MB
RSS_SAMPLE t=774.3s rss=4616MB hwm=4616MB
RSS_SAMPLE t=774.5s rss=4616MB hwm=4616MB
RSS_SAMPLE t=774.8s rss=4616MB hwm=4616MB
RSS_SAMPLE t=775.0s rss=4617MB hwm=4617MB
RSS_SAMPLE t=775.3s rss=4617MB hwm=4617MB
RSS_SAMPLE t=775.5s rss=4617MB hwm=4617MB
RSS_SAMPLE t=775.8s rss=4618MB hwm=4618MB
RSS_SAMPLE t=776.0s rss=4618MB hwm=4618MB
RSS_SAMPLE t=776.3s rss=4618MB hwm=4618MB
RSS_SAMPLE t=776.5s rss=4618MB hwm=4618MB
RSS_SAMPLE t=776.8s rss=4619MB hwm=4619MB
RSS_SAMPLE t=777.0s rss=4619MB hwm=4619MB
RSS_SAMPLE t=777.3s rss=4619MB hwm=4619MB
RSS_SAMPLE t=777.5s rss=4619MB hwm=4619MB
RSS_SAMPLE t=777.8s rss=4620MB hwm=4620MB
RSS_SAMPLE t=778.0s rss=4620MB hwm=4620MB
RSS_SAMPLE t=778.3s rss=4620MB hwm=4620MB
RSS_SAMPLE t=778.5s rss=4621MB hwm=4621MB
RSS_SAMPLE t=778.8s rss=4621MB hwm=4621MB
RSS_SAMPLE t=779.0s rss=4621MB hwm=4621MB
RSS_SAMPLE t=779.3s rss=4622MB hwm=4622MB
RSS_SAMPLE t=779.5s rss=4622MB hwm=4622MB
RSS_SAMPLE t=779.8s rss=4622MB hwm=4622MB
RSS_SAMPLE t=780.0s rss=4622MB hwm=4622MB
RSS_SAMPLE t=780.3s rss=4623MB hwm=4623MB
RSS_SAMPLE t=780.5s rss=4623MB hwm=4623MB
RSS_SAMPLE t=780.8s rss=4623MB hwm=4623MB
RSS_SAMPLE t=781.0s rss=4624MB hwm=4624MB
RSS_SAMPLE t=781.3s rss=4624MB hwm=4624MB
RSS_SAMPLE t=781.5s rss=4624MB hwm=4624MB
RSS_SAMPLE t=781.8s rss=4624MB hwm=4624MB
RSS_SAMPLE t=782.0s rss=4625MB hwm=4625MB
RSS_SAMPLE t=782.3s rss=4625MB hwm=4625MB
RSS_SAMPLE t=782.5s rss=4625MB hwm=4625MB
RSS_SAMPLE t=782.8s rss=4625MB hwm=4625MB
RSS_SAMPLE t=783.0s rss=4626MB hwm=4626MB
RSS_SAMPLE t=783.3s rss=4626MB hwm=4626MB
RSS_SAMPLE t=783.5s rss=4626MB hwm=4626MB
RSS_SAMPLE t=783.8s rss=4627MB hwm=4627MB
RSS_SAMPLE t=784.0s rss=4627MB hwm=4627MB
RSS_SAMPLE t=784.3s rss=4628MB hwm=4628MB
RSS_SAMPLE t=784.5s rss=4628MB hwm=4628MB
RSS_SAMPLE t=784.8s rss=4628MB hwm=4628MB
RSS_SAMPLE t=785.0s rss=4628MB hwm=4628MB
RSS_SAMPLE t=785.3s rss=4628MB hwm=4628MB
RSS_SAMPLE t=785.5s rss=4628MB hwm=4628MB
RSS_SAMPLE t=785.8s rss=4628MB hwm=4628MB
RSS_SAMPLE t=786.0s rss=4629MB hwm=4629MB
RSS_SAMPLE t=786.3s rss=4629MB hwm=4629MB
RSS_SAMPLE t=786.5s rss=4629MB hwm=4629MB
RSS_SAMPLE t=786.8s rss=4629MB hwm=4629MB
RSS_SAMPLE t=787.0s rss=4630MB hwm=4630MB
RSS_SAMPLE t=787.3s rss=4630MB hwm=4630MB
RSS_SAMPLE t=787.5s rss=4630MB hwm=4630MB
RSS_SAMPLE t=787.8s rss=4631MB hwm=4631MB
RSS_SAMPLE t=788.1s rss=4631MB hwm=4631MB
RSS_SAMPLE t=788.3s rss=4631MB hwm=4631MB
RSS_SAMPLE t=788.6s rss=4631MB hwm=4631MB
RSS_SAMPLE t=788.8s rss=4631MB hwm=4631MB
RSS_SAMPLE t=789.1s rss=4632MB hwm=4632MB
RSS_SAMPLE t=789.3s rss=4632MB hwm=4632MB
RSS_SAMPLE t=789.6s rss=4632MB hwm=4632MB
RSS_SAMPLE t=789.8s rss=4632MB hwm=4632MB
RSS_SAMPLE t=790.1s rss=4633MB hwm=4633MB
RSS_SAMPLE t=790.3s rss=4633MB hwm=4633MB
RSS_SAMPLE t=790.6s rss=4633MB hwm=4633MB
RSS_SAMPLE t=790.8s rss=4633MB hwm=4633MB
RSS_SAMPLE t=791.1s rss=4633MB hwm=4633MB
RSS_SAMPLE t=791.3s rss=4633MB hwm=4633MB
RSS_SAMPLE t=791.6s rss=4633MB hwm=4633MB
RSS_SAMPLE t=791.8s rss=4633MB hwm=4633MB
RSS_SAMPLE t=792.1s rss=4633MB hwm=4633MB
RSS_SAMPLE t=792.3s rss=4633MB hwm=4633MB
RSS_SAMPLE t=792.6s rss=4633MB hwm=4633MB
RSS_SAMPLE t=792.8s rss=4633MB hwm=4633MB
RSS_SAMPLE t=793.1s rss=4634MB hwm=4634MB
RSS_SAMPLE t=793.3s rss=4634MB hwm=4634MB
RSS_SAMPLE t=793.6s rss=4634MB hwm=4634MB
RSS_SAMPLE t=793.8s rss=4634MB hwm=4634MB
RSS_SAMPLE t=794.1s rss=4634MB hwm=4634MB
RSS_SAMPLE t=794.3s rss=4634MB hwm=4634MB
RSS_SAMPLE t=794.6s rss=4635MB hwm=4635MB
RSS_SAMPLE t=794.8s rss=4635MB hwm=4635MB
RSS_SAMPLE t=795.1s rss=4635MB hwm=4635MB
RSS_SAMPLE t=795.3s rss=4635MB hwm=4635MB
RSS_SAMPLE t=795.6s rss=4635MB hwm=4635MB
RSS_SAMPLE t=795.8s rss=4635MB hwm=4635MB
RSS_SAMPLE t=796.1s rss=4635MB hwm=4635MB
RSS_SAMPLE t=796.3s rss=4636MB hwm=4636MB
RSS_SAMPLE t=796.6s rss=4636MB hwm=4636MB
RSS_SAMPLE t=796.8s rss=4636MB hwm=4636MB
RSS_SAMPLE t=797.1s rss=4636MB hwm=4636MB
RSS_SAMPLE t=797.3s rss=4636MB hwm=4636MB
RSS_SAMPLE t=797.6s rss=4636MB hwm=4636MB
RSS_SAMPLE t=797.8s rss=4637MB hwm=4637MB
RSS_SAMPLE t=798.1s rss=4637MB hwm=4637MB
RSS_SAMPLE t=798.3s rss=4637MB hwm=4637MB
RSS_SAMPLE t=798.6s rss=4637MB hwm=4637MB
RSS_SAMPLE t=798.8s rss=4637MB hwm=4637MB
RSS_SAMPLE t=799.1s rss=4637MB hwm=4637MB
RSS_SAMPLE t=799.3s rss=4638MB hwm=4638MB
RSS_SAMPLE t=799.6s rss=4638MB hwm=4638MB
RSS_SAMPLE t=799.8s rss=4638MB hwm=4638MB
RSS_SAMPLE t=800.1s rss=4638MB hwm=4638MB
RSS_SAMPLE t=800.3s rss=4638MB hwm=4638MB
RSS_SAMPLE t=800.6s rss=4638MB hwm=4638MB
RSS_SAMPLE t=800.8s rss=4638MB hwm=4638MB
RSS_SAMPLE t=801.1s rss=4638MB hwm=4638MB
RSS_SAMPLE t=801.3s rss=4639MB hwm=4639MB
RSS_SAMPLE t=801.6s rss=4639MB hwm=4639MB
RSS_SAMPLE t=801.8s rss=4639MB hwm=4639MB
RSS_SAMPLE t=802.1s rss=4639MB hwm=4639MB
RSS_SAMPLE t=802.3s rss=4639MB hwm=4639MB
RSS_SAMPLE t=802.6s rss=4639MB hwm=4639MB
RSS_SAMPLE t=802.8s rss=4639MB hwm=4639MB
RSS_SAMPLE t=803.1s rss=4639MB hwm=4639MB
RSS_SAMPLE t=803.3s rss=4639MB hwm=4639MB
RSS_SAMPLE t=803.6s rss=4639MB hwm=4639MB
RSS_SAMPLE t=803.8s rss=4639MB hwm=4639MB
RSS_SAMPLE t=804.1s rss=4639MB hwm=4639MB
RSS_SAMPLE t=804.3s rss=4639MB hwm=4639MB
RSS_SAMPLE t=804.6s rss=4639MB hwm=4639MB
RSS_SAMPLE t=804.8s rss=4640MB hwm=4640MB
RSS_SAMPLE t=805.1s rss=4640MB hwm=4640MB
RSS_SAMPLE t=805.3s rss=4640MB hwm=4640MB
RSS_SAMPLE t=805.6s rss=4640MB hwm=4640MB
RSS_SAMPLE t=805.8s rss=4640MB hwm=4640MB
RSS_SAMPLE t=806.1s rss=4640MB hwm=4640MB
RSS_SAMPLE t=806.3s rss=4640MB hwm=4640MB
RSS_SAMPLE t=806.6s rss=4640MB hwm=4640MB
RSS_SAMPLE t=806.8s rss=4641MB hwm=4641MB
RSS_SAMPLE t=807.1s rss=4641MB hwm=4641MB
RSS_SAMPLE t=807.3s rss=4641MB hwm=4641MB
RSS_SAMPLE t=807.6s rss=4641MB hwm=4641MB
RSS_SAMPLE t=807.8s rss=4641MB hwm=4641MB
RSS_SAMPLE t=808.1s rss=4641MB hwm=4641MB
RSS_SAMPLE t=808.3s rss=4641MB hwm=4641MB
RSS_SAMPLE t=808.6s rss=4641MB hwm=4641MB
RSS_SAMPLE t=808.8s rss=4641MB hwm=4641MB
RSS_SAMPLE t=809.1s rss=4641MB hwm=4641MB
RSS_SAMPLE t=809.3s rss=4641MB hwm=4641MB
RSS_SAMPLE t=809.6s rss=4641MB hwm=4641MB
RSS_SAMPLE t=809.8s rss=4641MB hwm=4641MB
RSS_SAMPLE t=810.1s rss=4641MB hwm=4641MB
RSS_SAMPLE t=810.3s rss=4641MB hwm=4641MB
RSS_SAMPLE t=810.6s rss=4641MB hwm=4641MB
RSS_SAMPLE t=810.8s rss=4641MB hwm=4641MB
RSS_SAMPLE t=811.1s rss=4641MB hwm=4641MB
RSS_SAMPLE t=811.3s rss=4641MB hwm=4641MB
RSS_SAMPLE t=811.6s rss=4641MB hwm=4641MB
RSS_SAMPLE t=811.8s rss=4641MB hwm=4641MB
RSS_SAMPLE t=812.1s rss=4641MB hwm=4641MB
RSS_SAMPLE t=812.3s rss=4641MB hwm=4641MB
RSS_SAMPLE t=812.6s rss=4641MB hwm=4641MB
RSS_SAMPLE t=812.8s rss=4641MB hwm=4641MB
RSS_SAMPLE t=813.1s rss=4641MB hwm=4641MB
RSS_SAMPLE t=813.3s rss=4641MB hwm=4641MB
RSS_SAMPLE t=813.6s rss=4641MB hwm=4641MB
RSS_SAMPLE t=813.8s rss=4641MB hwm=4641MB
RSS_SAMPLE t=814.1s rss=4641MB hwm=4641MB
RSS_SAMPLE t=814.3s rss=4641MB hwm=4641MB
RSS_SAMPLE t=814.6s rss=4641MB hwm=4641MB
RSS_SAMPLE t=814.8s rss=4641MB hwm=4641MB
RSS_SAMPLE t=815.1s rss=4641MB hwm=4641MB
RSS_SAMPLE t=815.3s rss=4641MB hwm=4641MB
RSS_SAMPLE t=815.6s rss=4641MB hwm=4641MB
RSS_SAMPLE t=815.8s rss=4641MB hwm=4641MB
RSS_SAMPLE t=816.1s rss=4641MB hwm=4641MB
RSS_SAMPLE t=816.3s rss=4641MB hwm=4641MB
RSS_SAMPLE t=816.6s rss=4641MB hwm=4641MB
RSS_SAMPLE t=816.8s rss=4641MB hwm=4641MB
RSS_SAMPLE t=817.1s rss=4641MB hwm=4641MB
RSS_SAMPLE t=817.3s rss=4641MB hwm=4641MB
RSS_SAMPLE t=817.6s rss=4641MB hwm=4641MB
RSS_SAMPLE t=817.8s rss=4641MB hwm=4641MB
RSS_SAMPLE t=818.1s rss=4641MB hwm=4641MB
RSS_SAMPLE t=818.3s rss=4641MB hwm=4641MB
RSS_SAMPLE t=818.6s rss=4641MB hwm=4641MB
RSS_SAMPLE t=818.8s rss=4641MB hwm=4641MB
RSS_SAMPLE t=819.1s rss=4641MB hwm=4641MB
RSS_SAMPLE t=819.3s rss=4641MB hwm=4641MB
RSS_SAMPLE t=819.6s rss=4641MB hwm=4641MB
RSS_SAMPLE t=819.8s rss=4641MB hwm=4641MB
RSS_SAMPLE t=820.1s rss=4641MB hwm=4641MB
RSS_SAMPLE t=820.3s rss=4641MB hwm=4641MB
RSS_SAMPLE t=820.6s rss=4641MB hwm=4641MB
RSS_SAMPLE t=820.8s rss=4641MB hwm=4641MB
RSS_SAMPLE t=821.1s rss=4641MB hwm=4641MB
RSS_SAMPLE t=821.3s rss=4641MB hwm=4641MB
RSS_SAMPLE t=821.6s rss=4641MB hwm=4641MB
RSS_SAMPLE t=821.8s rss=4641MB hwm=4641MB
RSS_SAMPLE t=822.1s rss=4641MB hwm=4641MB
RSS_SAMPLE t=822.3s rss=4641MB hwm=4641MB
RSS_SAMPLE t=822.6s rss=4641MB hwm=4641MB
RSS_SAMPLE t=822.8s rss=4641MB hwm=4641MB
RSS_SAMPLE t=823.1s rss=4641MB hwm=4641MB
RSS_SAMPLE t=823.3s rss=4641MB hwm=4641MB
RSS_SAMPLE t=823.6s rss=4641MB hwm=4641MB
RSS_SAMPLE t=823.8s rss=4641MB hwm=4641MB
RSS_SAMPLE t=824.1s rss=4641MB hwm=4641MB
RSS_SAMPLE t=824.3s rss=4641MB hwm=4641MB
RSS_SAMPLE t=824.6s rss=4641MB hwm=4641MB
RSS_SAMPLE t=824.8s rss=4641MB hwm=4641MB
RSS_SAMPLE t=825.1s rss=4641MB hwm=4641MB
RSS_SAMPLE t=825.3s rss=4641MB hwm=4641MB
RSS_SAMPLE t=825.6s rss=4641MB hwm=4641MB
RSS_SAMPLE t=825.8s rss=4641MB hwm=4641MB
RSS_SAMPLE t=826.1s rss=4641MB hwm=4641MB
RSS_SAMPLE t=826.3s rss=4641MB hwm=4641MB
RSS_SAMPLE t=826.6s rss=4641MB hwm=4641MB
RSS_SAMPLE t=826.8s rss=4641MB hwm=4641MB
RSS_SAMPLE t=827.1s rss=4641MB hwm=4641MB
RSS_SAMPLE t=827.3s rss=4641MB hwm=4641MB
RSS_SAMPLE t=827.6s rss=4641MB hwm=4641MB
RSS_SAMPLE t=827.8s rss=4641MB hwm=4641MB
RSS_SAMPLE t=828.1s rss=4641MB hwm=4641MB
RSS_SAMPLE t=828.3s rss=4641MB hwm=4641MB
RSS_SAMPLE t=828.6s rss=4641MB hwm=4641MB
RSS_SAMPLE t=828.8s rss=4641MB hwm=4641MB
RSS_SAMPLE t=829.1s rss=4641MB hwm=4641MB
RSS_SAMPLE t=829.3s rss=4641MB hwm=4641MB
RSS_SAMPLE t=829.6s rss=4641MB hwm=4641MB
RSS_SAMPLE t=829.8s rss=4641MB hwm=4641MB
RSS_SAMPLE t=830.1s rss=4641MB hwm=4641MB
RSS_SAMPLE t=830.3s rss=4641MB hwm=4641MB
RSS_SAMPLE t=830.6s rss=4641MB hwm=4641MB
RSS_SAMPLE t=830.8s rss=4641MB hwm=4641MB
RSS_SAMPLE t=831.1s rss=4641MB hwm=4641MB
RSS_SAMPLE t=831.3s rss=4641MB hwm=4641MB
RSS_SAMPLE t=831.6s rss=4641MB hwm=4641MB
RSS_SAMPLE t=831.8s rss=4641MB hwm=4641MB
RSS_SAMPLE t=832.1s rss=4641MB hwm=4641MB
RSS_SAMPLE t=832.3s rss=4641MB hwm=4641MB
RSS_SAMPLE t=832.6s rss=4641MB hwm=4641MB
RSS_SAMPLE t=832.8s rss=4641MB hwm=4641MB
RSS_SAMPLE t=833.1s rss=4641MB hwm=4641MB
RSS_SAMPLE t=833.3s rss=4641MB hwm=4641MB
RSS_SAMPLE t=833.6s rss=4641MB hwm=4641MB
RSS_SAMPLE t=833.8s rss=4641MB hwm=4641MB
RSS_SAMPLE t=834.1s rss=4641MB hwm=4641MB
RSS_SAMPLE t=834.3s rss=4641MB hwm=4641MB
RSS_SAMPLE t=834.6s rss=4641MB hwm=4641MB
RSS_SAMPLE t=834.8s rss=4641MB hwm=4641MB
RSS_SAMPLE t=835.1s rss=4641MB hwm=4641MB
RSS_SAMPLE t=835.3s rss=4641MB hwm=4641MB
RSS_SAMPLE t=835.6s rss=4641MB hwm=4641MB
RSS_SAMPLE t=835.8s rss=4641MB hwm=4641MB
RSS_SAMPLE t=836.1s rss=4641MB hwm=4641MB
RSS_SAMPLE t=836.3s rss=4641MB hwm=4641MB
RSS_SAMPLE t=836.6s rss=4641MB hwm=4641MB
MEM_POOL: workspaces=32 dense_usage_mb=1251 n_pipes=2562403
    post_solve_diag[outer=7]: solves=105117 cap_armed=105117 (100.0%) settle_avg=5997 above_sink_avg=225 (3.8%) settle_max=69353
    load_support[outer=7]: settle_avg=5997 load_nz_avg=4558 (76.0%) load_material_avg=1911 (31.9%)
    prune_ceiling[outer=7]: settle_avg=5997 heuristic_prunable_avg=1452 (24.2%) vs oracle_zero_load=24.0%
    settle_hist[outer=7]: <100: 24385nets/0.2%work  <1k: 28121nets/1.6%work  <5k: 23514nets/9.3%work  <20k: 17846nets/30.8%work  <60k: 11014nets/55.7%work  >=60k: 237nets/2.4%work
    fanout_hist[outer=7]: fan1: 43710nets/13.1%work  fan2-4: 48279nets/50.1%work  fan5-16: 12974nets/35.9%work  fan17-64: 154nets/0.9%work  fan65-256: 0nets/0.0%work  fan>256: 0nets/0.0%work
    rss_probe[outer=7]: pre_post_solve=4613MB post_post_solve=4641MB after_apply=4641MB
RSS_SAMPLE t=836.8s rss=4641MB hwm=4641MB
    E_decomp: base=18190289.8 eff=30376062.4 cong=12185772.6 cong_share=40.1% sat_pipes=616744 max_util=751.64  R_buckets: 1-2x=2166449 2-10x=388973 10-100x=6981 >=100x=0
    E_potential: beckmann=1246618036509.9 history_total=0.0
    SpanCache: epoch=8 entries=3258 lookups=2562403 hits=2559145 misses=3258 hit_rate=99.9%
  DCD   7: nets=105117 line=12768620 energy=2339956.815 dE=-82562.626 friction=3434585.3 bins=1.8x(137) excess=33.1 moved=67719 disp=5.163 solves=105117 skip=105117 pops=630359598 theta=0.754 refresh=72998ms dcd=7142ms total=82766ms
    cache_stats: entries=61715788 capacity=122274786 est_mb=1054 rss_mb=4641
RSS_SAMPLE t=837.1s rss=4641MB hwm=4641MB
RSS_SAMPLE t=837.3s rss=4641MB hwm=4641MB
RSS_SAMPLE t=837.6s rss=4641MB hwm=4641MB
RSS_SAMPLE t=837.8s rss=4641MB hwm=4641MB
RSS_SAMPLE t=838.1s rss=4641MB hwm=4641MB
RSS_SAMPLE t=838.3s rss=4641MB hwm=4641MB
RSS_SAMPLE t=838.6s rss=4641MB hwm=4641MB
RSS_SAMPLE t=838.9s rss=4641MB hwm=4641MB
RSS_SAMPLE t=839.1s rss=4641MB hwm=4641MB
RSS_SAMPLE t=839.4s rss=4641MB hwm=4641MB
    SwitchMatrix: type_usage_pairs=1023 lookups=3212 hits=2189 dijkstra_calls=1023 avg_us=12.6 total_ms=12.9
PHASE_MARK outer=8 enter=pre_solve rss=4641MB
    rss_probe[outer=8]: pre_refresh_rss=4641MB post_pre_solve_rss=4641MB cache_entries=61715788 cache_cap=122274786 cache_est_mb=1054
    pre_solve_diag[outer=8]: solves=0 fallback=0 (0.0%) cap_armed=0 (0.0%) settle_avg=0 settle_max=0 init_count=251
    Overflow: over=540576 (21.1% of used) avg_excess=1.13 max_excess=2479.12 (nc=2503.12 cap=24 span=1)  excess_buckets: <=1=388762 1-5=135876 5-20=14138 >20=1800  by_cap: cap1=288940 cap2=212614 cap3-5=355 cap>5=38667  by_span: s1=581 s2-3=1989 s4-6=32264 s7-12=205456 s>12=300286  le1_cross: cap1=255342 cap2-5=124932 cap>5=8488
    Congestion: pipes=2562403 used=2562403 congested(>50%)=1111614 saturated(>90%)=616744 max_util=751.64 avg_util=0.6158
PHASE_MARK outer=8 enter=dcd_sweep rss=4641MB
RSS_SAMPLE t=839.6s rss=4641MB hwm=4641MB
RSS_SAMPLE t=839.9s rss=4641MB hwm=4641MB
RSS_SAMPLE t=840.1s rss=4641MB hwm=4641MB
RSS_SAMPLE t=840.4s rss=4641MB hwm=4641MB
RSS_SAMPLE t=840.6s rss=4641MB hwm=4641MB
RSS_SAMPLE t=840.9s rss=4641MB hwm=4641MB
RSS_SAMPLE t=841.1s rss=4641MB hwm=4641MB
RSS_SAMPLE t=841.4s rss=4641MB hwm=4641MB
RSS_SAMPLE t=841.6s rss=4641MB hwm=4641MB
RSS_SAMPLE t=841.9s rss=4641MB hwm=4641MB
RSS_SAMPLE t=842.1s rss=4641MB hwm=4641MB
RSS_SAMPLE t=842.4s rss=4641MB hwm=4641MB
RSS_SAMPLE t=842.6s rss=4641MB hwm=4641MB
RSS_SAMPLE t=842.9s rss=4641MB hwm=4641MB
RSS_SAMPLE t=843.1s rss=4641MB hwm=4641MB
RSS_SAMPLE t=843.4s rss=4641MB hwm=4641MB
RSS_SAMPLE t=843.6s rss=4641MB hwm=4641MB
RSS_SAMPLE t=843.9s rss=4641MB hwm=4641MB
RSS_SAMPLE t=844.1s rss=4641MB hwm=4641MB
RSS_SAMPLE t=844.4s rss=4641MB hwm=4641MB
RSS_SAMPLE t=844.6s rss=4641MB hwm=4641MB
RSS_SAMPLE t=844.9s rss=4641MB hwm=4641MB
RSS_SAMPLE t=845.1s rss=4641MB hwm=4641MB
RSS_SAMPLE t=845.4s rss=4641MB hwm=4641MB
RSS_SAMPLE t=845.6s rss=4641MB hwm=4641MB
RSS_SAMPLE t=845.9s rss=4641MB hwm=4641MB
RSS_SAMPLE t=846.1s rss=4641MB hwm=4641MB
RSS_SAMPLE t=846.4s rss=4641MB hwm=4641MB
RSS_SAMPLE t=846.6s rss=4641MB hwm=4641MB
PHASE_MARK outer=8 leave=dcd_sweep rss=4641MB
PHASE_MARK outer=8 enter=post_refresh rss=4641MB
RSS_SAMPLE t=846.9s rss=4642MB hwm=4642MB
RSS_SAMPLE t=847.1s rss=4642MB hwm=4642MB
RSS_SAMPLE t=847.4s rss=4642MB hwm=4642MB
RSS_SAMPLE t=847.6s rss=4642MB hwm=4642MB
RSS_SAMPLE t=847.9s rss=4642MB hwm=4642MB
RSS_SAMPLE t=848.1s rss=4642MB hwm=4642MB
RSS_SAMPLE t=848.4s rss=4642MB hwm=4642MB
RSS_SAMPLE t=848.6s rss=4642MB hwm=4642MB
RSS_SAMPLE t=848.9s rss=4642MB hwm=4642MB
RSS_SAMPLE t=849.1s rss=4642MB hwm=4642MB
RSS_SAMPLE t=849.4s rss=4642MB hwm=4642MB
RSS_SAMPLE t=849.6s rss=4642MB hwm=4642MB
RSS_SAMPLE t=849.9s rss=4642MB hwm=4642MB
RSS_SAMPLE t=850.1s rss=4642MB hwm=4642MB
RSS_SAMPLE t=850.4s rss=4642MB hwm=4642MB
RSS_SAMPLE t=850.6s rss=4642MB hwm=4642MB
RSS_SAMPLE t=850.9s rss=4642MB hwm=4642MB
RSS_SAMPLE t=851.1s rss=4642MB hwm=4642MB
RSS_SAMPLE t=851.4s rss=4643MB hwm=4643MB
RSS_SAMPLE t=851.6s rss=4643MB hwm=4643MB
RSS_SAMPLE t=851.9s rss=4643MB hwm=4643MB
RSS_SAMPLE t=852.1s rss=4643MB hwm=4643MB
RSS_SAMPLE t=852.4s rss=4643MB hwm=4643MB
RSS_SAMPLE t=852.6s rss=4644MB hwm=4644MB
RSS_SAMPLE t=852.9s rss=4644MB hwm=4644MB
RSS_SAMPLE t=853.1s rss=4644MB hwm=4644MB
RSS_SAMPLE t=853.4s rss=4644MB hwm=4644MB
RSS_SAMPLE t=853.6s rss=4644MB hwm=4644MB
RSS_SAMPLE t=853.9s rss=4644MB hwm=4644MB
RSS_SAMPLE t=854.1s rss=4644MB hwm=4644MB
RSS_SAMPLE t=854.4s rss=4645MB hwm=4645MB
RSS_SAMPLE t=854.6s rss=4645MB hwm=4645MB
RSS_SAMPLE t=854.9s rss=4645MB hwm=4645MB
RSS_SAMPLE t=855.1s rss=4645MB hwm=4645MB
RSS_SAMPLE t=855.4s rss=4646MB hwm=4646MB
RSS_SAMPLE t=855.6s rss=4646MB hwm=4646MB
RSS_SAMPLE t=855.9s rss=4646MB hwm=4646MB
RSS_SAMPLE t=856.1s rss=4646MB hwm=4646MB
RSS_SAMPLE t=856.4s rss=4646MB hwm=4646MB
RSS_SAMPLE t=856.6s rss=4646MB hwm=4646MB
RSS_SAMPLE t=856.9s rss=4647MB hwm=4647MB
RSS_SAMPLE t=857.1s rss=4647MB hwm=4647MB
RSS_SAMPLE t=857.4s rss=4647MB hwm=4647MB
RSS_SAMPLE t=857.6s rss=4648MB hwm=4648MB
RSS_SAMPLE t=857.9s rss=4648MB hwm=4648MB
RSS_SAMPLE t=858.1s rss=4648MB hwm=4648MB
RSS_SAMPLE t=858.4s rss=4648MB hwm=4648MB
RSS_SAMPLE t=858.6s rss=4648MB hwm=4648MB
RSS_SAMPLE t=858.9s rss=4649MB hwm=4649MB
RSS_SAMPLE t=859.1s rss=4649MB hwm=4649MB
RSS_SAMPLE t=859.4s rss=4649MB hwm=4649MB
RSS_SAMPLE t=859.6s rss=4649MB hwm=4649MB
RSS_SAMPLE t=859.9s rss=4650MB hwm=4650MB
RSS_SAMPLE t=860.1s rss=4650MB hwm=4650MB
RSS_SAMPLE t=860.4s rss=4650MB hwm=4650MB
RSS_SAMPLE t=860.6s rss=4650MB hwm=4650MB
RSS_SAMPLE t=860.9s rss=4650MB hwm=4650MB
RSS_SAMPLE t=861.1s rss=4651MB hwm=4651MB
RSS_SAMPLE t=861.4s rss=4651MB hwm=4651MB
RSS_SAMPLE t=861.6s rss=4651MB hwm=4651MB
RSS_SAMPLE t=861.9s rss=4652MB hwm=4652MB
RSS_SAMPLE t=862.1s rss=4652MB hwm=4652MB
RSS_SAMPLE t=862.4s rss=4652MB hwm=4652MB
RSS_SAMPLE t=862.6s rss=4653MB hwm=4653MB
RSS_SAMPLE t=862.9s rss=4653MB hwm=4653MB
RSS_SAMPLE t=863.1s rss=4653MB hwm=4653MB
RSS_SAMPLE t=863.4s rss=4654MB hwm=4654MB
RSS_SAMPLE t=863.6s rss=4654MB hwm=4654MB
RSS_SAMPLE t=863.9s rss=4654MB hwm=4654MB
RSS_SAMPLE t=864.1s rss=4654MB hwm=4654MB
RSS_SAMPLE t=864.4s rss=4654MB hwm=4654MB
RSS_SAMPLE t=864.6s rss=4654MB hwm=4654MB
RSS_SAMPLE t=864.9s rss=4654MB hwm=4654MB
RSS_SAMPLE t=865.1s rss=4655MB hwm=4655MB
RSS_SAMPLE t=865.4s rss=4655MB hwm=4655MB
RSS_SAMPLE t=865.6s rss=4655MB hwm=4655MB
RSS_SAMPLE t=865.9s rss=4655MB hwm=4655MB
RSS_SAMPLE t=866.1s rss=4656MB hwm=4656MB
RSS_SAMPLE t=866.4s rss=4656MB hwm=4656MB
RSS_SAMPLE t=866.6s rss=4656MB hwm=4656MB
RSS_SAMPLE t=866.9s rss=4656MB hwm=4656MB
RSS_SAMPLE t=867.1s rss=4656MB hwm=4656MB
RSS_SAMPLE t=867.4s rss=4656MB hwm=4656MB
RSS_SAMPLE t=867.6s rss=4656MB hwm=4656MB
RSS_SAMPLE t=867.9s rss=4657MB hwm=4657MB
RSS_SAMPLE t=868.1s rss=4657MB hwm=4657MB
RSS_SAMPLE t=868.4s rss=4658MB hwm=4658MB
RSS_SAMPLE t=868.6s rss=4658MB hwm=4658MB
RSS_SAMPLE t=868.9s rss=4658MB hwm=4658MB
RSS_SAMPLE t=869.1s rss=4658MB hwm=4658MB
RSS_SAMPLE t=869.4s rss=4658MB hwm=4658MB
RSS_SAMPLE t=869.6s rss=4658MB hwm=4658MB
RSS_SAMPLE t=869.9s rss=4658MB hwm=4658MB
RSS_SAMPLE t=870.1s rss=4658MB hwm=4658MB
RSS_SAMPLE t=870.4s rss=4659MB hwm=4659MB
RSS_SAMPLE t=870.6s rss=4659MB hwm=4659MB
RSS_SAMPLE t=870.9s rss=4659MB hwm=4659MB
RSS_SAMPLE t=871.1s rss=4659MB hwm=4659MB
RSS_SAMPLE t=871.4s rss=4659MB hwm=4659MB
RSS_SAMPLE t=871.6s rss=4660MB hwm=4660MB
RSS_SAMPLE t=871.9s rss=4660MB hwm=4660MB
RSS_SAMPLE t=872.1s rss=4660MB hwm=4660MB
RSS_SAMPLE t=872.4s rss=4660MB hwm=4660MB
RSS_SAMPLE t=872.6s rss=4660MB hwm=4660MB
RSS_SAMPLE t=872.9s rss=4660MB hwm=4660MB
RSS_SAMPLE t=873.1s rss=4660MB hwm=4660MB
RSS_SAMPLE t=873.4s rss=4660MB hwm=4660MB
RSS_SAMPLE t=873.6s rss=4660MB hwm=4660MB
RSS_SAMPLE t=873.9s rss=4660MB hwm=4660MB
RSS_SAMPLE t=874.1s rss=4660MB hwm=4660MB
RSS_SAMPLE t=874.4s rss=4660MB hwm=4660MB
RSS_SAMPLE t=874.6s rss=4660MB hwm=4660MB
RSS_SAMPLE t=874.9s rss=4661MB hwm=4661MB
RSS_SAMPLE t=875.1s rss=4661MB hwm=4661MB
RSS_SAMPLE t=875.4s rss=4661MB hwm=4661MB
RSS_SAMPLE t=875.6s rss=4661MB hwm=4661MB
RSS_SAMPLE t=875.9s rss=4661MB hwm=4661MB
RSS_SAMPLE t=876.1s rss=4661MB hwm=4661MB
RSS_SAMPLE t=876.4s rss=4661MB hwm=4661MB
RSS_SAMPLE t=876.6s rss=4661MB hwm=4661MB
RSS_SAMPLE t=876.9s rss=4661MB hwm=4661MB
RSS_SAMPLE t=877.1s rss=4661MB hwm=4661MB
RSS_SAMPLE t=877.4s rss=4661MB hwm=4661MB
RSS_SAMPLE t=877.6s rss=4661MB hwm=4661MB
RSS_SAMPLE t=877.9s rss=4661MB hwm=4661MB
RSS_SAMPLE t=878.1s rss=4661MB hwm=4661MB
RSS_SAMPLE t=878.4s rss=4661MB hwm=4661MB
RSS_SAMPLE t=878.6s rss=4661MB hwm=4661MB
RSS_SAMPLE t=878.9s rss=4662MB hwm=4662MB
RSS_SAMPLE t=879.2s rss=4662MB hwm=4662MB
RSS_SAMPLE t=879.4s rss=4662MB hwm=4662MB
RSS_SAMPLE t=879.7s rss=4662MB hwm=4662MB
RSS_SAMPLE t=879.9s rss=4662MB hwm=4662MB
RSS_SAMPLE t=880.2s rss=4662MB hwm=4662MB
RSS_SAMPLE t=880.4s rss=4662MB hwm=4662MB
RSS_SAMPLE t=880.7s rss=4663MB hwm=4663MB
RSS_SAMPLE t=880.9s rss=4663MB hwm=4663MB
RSS_SAMPLE t=881.2s rss=4663MB hwm=4663MB
RSS_SAMPLE t=881.4s rss=4663MB hwm=4663MB
RSS_SAMPLE t=881.7s rss=4663MB hwm=4663MB
RSS_SAMPLE t=881.9s rss=4663MB hwm=4663MB
RSS_SAMPLE t=882.2s rss=4663MB hwm=4663MB
RSS_SAMPLE t=882.4s rss=4663MB hwm=4663MB
RSS_SAMPLE t=882.7s rss=4663MB hwm=4663MB
RSS_SAMPLE t=882.9s rss=4663MB hwm=4663MB
RSS_SAMPLE t=883.2s rss=4663MB hwm=4663MB
RSS_SAMPLE t=883.4s rss=4664MB hwm=4664MB
RSS_SAMPLE t=883.7s rss=4664MB hwm=4664MB
RSS_SAMPLE t=883.9s rss=4664MB hwm=4664MB
RSS_SAMPLE t=884.2s rss=4664MB hwm=4664MB
RSS_SAMPLE t=884.4s rss=4664MB hwm=4664MB
RSS_SAMPLE t=884.7s rss=4664MB hwm=4664MB
RSS_SAMPLE t=884.9s rss=4664MB hwm=4664MB
RSS_SAMPLE t=885.2s rss=4664MB hwm=4664MB
RSS_SAMPLE t=885.4s rss=4664MB hwm=4664MB
RSS_SAMPLE t=885.7s rss=4664MB hwm=4664MB
RSS_SAMPLE t=885.9s rss=4664MB hwm=4664MB
RSS_SAMPLE t=886.2s rss=4664MB hwm=4664MB
RSS_SAMPLE t=886.4s rss=4664MB hwm=4664MB
RSS_SAMPLE t=886.7s rss=4664MB hwm=4664MB
RSS_SAMPLE t=886.9s rss=4664MB hwm=4664MB
RSS_SAMPLE t=887.2s rss=4664MB hwm=4664MB
RSS_SAMPLE t=887.4s rss=4664MB hwm=4664MB
RSS_SAMPLE t=887.7s rss=4664MB hwm=4664MB
RSS_SAMPLE t=887.9s rss=4664MB hwm=4664MB
RSS_SAMPLE t=888.2s rss=4664MB hwm=4664MB
RSS_SAMPLE t=888.4s rss=4664MB hwm=4664MB
RSS_SAMPLE t=888.7s rss=4664MB hwm=4664MB
RSS_SAMPLE t=888.9s rss=4664MB hwm=4664MB
RSS_SAMPLE t=889.2s rss=4664MB hwm=4664MB
RSS_SAMPLE t=889.4s rss=4664MB hwm=4664MB
RSS_SAMPLE t=889.7s rss=4664MB hwm=4664MB
RSS_SAMPLE t=889.9s rss=4664MB hwm=4664MB
RSS_SAMPLE t=890.2s rss=4664MB hwm=4664MB
RSS_SAMPLE t=890.4s rss=4664MB hwm=4664MB
RSS_SAMPLE t=890.7s rss=4664MB hwm=4664MB
RSS_SAMPLE t=890.9s rss=4664MB hwm=4664MB
RSS_SAMPLE t=891.2s rss=4664MB hwm=4664MB
RSS_SAMPLE t=891.4s rss=4664MB hwm=4664MB
RSS_SAMPLE t=891.7s rss=4664MB hwm=4664MB
RSS_SAMPLE t=891.9s rss=4664MB hwm=4664MB
RSS_SAMPLE t=892.2s rss=4664MB hwm=4664MB
RSS_SAMPLE t=892.4s rss=4664MB hwm=4664MB
RSS_SAMPLE t=892.7s rss=4664MB hwm=4664MB
RSS_SAMPLE t=892.9s rss=4664MB hwm=4664MB
RSS_SAMPLE t=893.2s rss=4664MB hwm=4664MB
RSS_SAMPLE t=893.4s rss=4664MB hwm=4664MB
RSS_SAMPLE t=893.7s rss=4664MB hwm=4664MB
RSS_SAMPLE t=893.9s rss=4665MB hwm=4665MB
RSS_SAMPLE t=894.2s rss=4665MB hwm=4665MB
RSS_SAMPLE t=894.4s rss=4665MB hwm=4665MB
RSS_SAMPLE t=894.7s rss=4665MB hwm=4665MB
RSS_SAMPLE t=894.9s rss=4665MB hwm=4665MB
RSS_SAMPLE t=895.2s rss=4665MB hwm=4665MB
RSS_SAMPLE t=895.4s rss=4665MB hwm=4665MB
RSS_SAMPLE t=895.7s rss=4665MB hwm=4665MB
RSS_SAMPLE t=895.9s rss=4665MB hwm=4665MB
RSS_SAMPLE t=896.2s rss=4665MB hwm=4665MB
RSS_SAMPLE t=896.4s rss=4665MB hwm=4665MB
RSS_SAMPLE t=896.7s rss=4665MB hwm=4665MB
RSS_SAMPLE t=896.9s rss=4665MB hwm=4665MB
RSS_SAMPLE t=897.2s rss=4665MB hwm=4665MB
RSS_SAMPLE t=897.4s rss=4665MB hwm=4665MB
RSS_SAMPLE t=897.7s rss=4665MB hwm=4665MB
RSS_SAMPLE t=897.9s rss=4665MB hwm=4665MB
RSS_SAMPLE t=898.2s rss=4665MB hwm=4665MB
RSS_SAMPLE t=898.4s rss=4665MB hwm=4665MB
RSS_SAMPLE t=898.7s rss=4665MB hwm=4665MB
RSS_SAMPLE t=898.9s rss=4665MB hwm=4665MB
RSS_SAMPLE t=899.2s rss=4665MB hwm=4665MB
RSS_SAMPLE t=899.4s rss=4665MB hwm=4665MB
RSS_SAMPLE t=899.7s rss=4665MB hwm=4665MB
RSS_SAMPLE t=899.9s rss=4665MB hwm=4665MB
RSS_SAMPLE t=900.2s rss=4665MB hwm=4665MB
RSS_SAMPLE t=900.4s rss=4665MB hwm=4665MB
RSS_SAMPLE t=900.7s rss=4665MB hwm=4665MB
RSS_SAMPLE t=900.9s rss=4665MB hwm=4665MB
RSS_SAMPLE t=901.2s rss=4665MB hwm=4665MB
RSS_SAMPLE t=901.4s rss=4665MB hwm=4665MB
RSS_SAMPLE t=901.7s rss=4665MB hwm=4665MB
RSS_SAMPLE t=901.9s rss=4665MB hwm=4665MB
RSS_SAMPLE t=902.2s rss=4665MB hwm=4665MB
RSS_SAMPLE t=902.4s rss=4665MB hwm=4665MB
RSS_SAMPLE t=902.7s rss=4665MB hwm=4665MB
RSS_SAMPLE t=902.9s rss=4665MB hwm=4665MB
RSS_SAMPLE t=903.2s rss=4665MB hwm=4665MB
RSS_SAMPLE t=903.4s rss=4665MB hwm=4665MB
RSS_SAMPLE t=903.7s rss=4665MB hwm=4665MB
RSS_SAMPLE t=903.9s rss=4666MB hwm=4666MB
RSS_SAMPLE t=904.2s rss=4666MB hwm=4666MB
RSS_SAMPLE t=904.4s rss=4666MB hwm=4666MB
RSS_SAMPLE t=904.7s rss=4666MB hwm=4666MB
RSS_SAMPLE t=904.9s rss=4666MB hwm=4666MB
RSS_SAMPLE t=905.2s rss=4666MB hwm=4666MB
RSS_SAMPLE t=905.4s rss=4666MB hwm=4666MB
RSS_SAMPLE t=905.7s rss=4666MB hwm=4666MB
RSS_SAMPLE t=905.9s rss=4666MB hwm=4666MB
RSS_SAMPLE t=906.2s rss=4666MB hwm=4666MB
RSS_SAMPLE t=906.4s rss=4666MB hwm=4666MB
RSS_SAMPLE t=906.7s rss=4666MB hwm=4666MB
RSS_SAMPLE t=906.9s rss=4666MB hwm=4666MB
RSS_SAMPLE t=907.2s rss=4666MB hwm=4666MB
RSS_SAMPLE t=907.4s rss=4666MB hwm=4666MB
RSS_SAMPLE t=907.7s rss=4666MB hwm=4666MB
RSS_SAMPLE t=907.9s rss=4666MB hwm=4666MB
RSS_SAMPLE t=908.2s rss=4666MB hwm=4666MB
RSS_SAMPLE t=908.4s rss=4666MB hwm=4666MB
RSS_SAMPLE t=908.7s rss=4666MB hwm=4666MB
RSS_SAMPLE t=908.9s rss=4666MB hwm=4666MB
RSS_SAMPLE t=909.2s rss=4666MB hwm=4666MB
RSS_SAMPLE t=909.4s rss=4666MB hwm=4666MB
RSS_SAMPLE t=909.7s rss=4666MB hwm=4666MB
RSS_SAMPLE t=909.9s rss=4666MB hwm=4666MB
RSS_SAMPLE t=910.2s rss=4666MB hwm=4666MB
RSS_SAMPLE t=910.4s rss=4666MB hwm=4666MB
RSS_SAMPLE t=910.7s rss=4666MB hwm=4666MB
RSS_SAMPLE t=910.9s rss=4666MB hwm=4666MB
RSS_SAMPLE t=911.2s rss=4666MB hwm=4666MB
RSS_SAMPLE t=911.4s rss=4666MB hwm=4666MB
RSS_SAMPLE t=911.7s rss=4666MB hwm=4666MB
RSS_SAMPLE t=911.9s rss=4666MB hwm=4666MB
RSS_SAMPLE t=912.2s rss=4666MB hwm=4666MB
RSS_SAMPLE t=912.4s rss=4666MB hwm=4666MB
RSS_SAMPLE t=912.7s rss=4666MB hwm=4666MB
RSS_SAMPLE t=912.9s rss=4666MB hwm=4666MB
RSS_SAMPLE t=913.2s rss=4666MB hwm=4666MB
RSS_SAMPLE t=913.4s rss=4666MB hwm=4666MB
RSS_SAMPLE t=913.7s rss=4666MB hwm=4666MB
RSS_SAMPLE t=913.9s rss=4666MB hwm=4666MB
MEM_POOL: workspaces=32 dense_usage_mb=1251 n_pipes=2562403
    post_solve_diag[outer=8]: solves=105117 cap_armed=105117 (100.0%) settle_avg=5640 above_sink_avg=222 (3.9%) settle_max=69353
    load_support[outer=8]: settle_avg=5640 load_nz_avg=4251 (75.4%) load_material_avg=1839 (32.6%)
    prune_ceiling[outer=8]: settle_avg=5640 heuristic_prunable_avg=1243 (22.0%) vs oracle_zero_load=24.6%
    settle_hist[outer=8]: <100: 24602nets/0.2%work  <1k: 28397nets/1.7%work  <5k: 23698nets/10.0%work  <20k: 18200nets/33.1%work  <60k: 10063nets/53.2%work  >=60k: 157nets/1.7%work
    fanout_hist[outer=8]: fan1: 43710nets/13.2%work  fan2-4: 48279nets/50.0%work  fan5-16: 12974nets/35.9%work  fan17-64: 154nets/1.0%work  fan65-256: 0nets/0.0%work  fan>256: 0nets/0.0%work
    rss_probe[outer=8]: pre_post_solve=4642MB post_post_solve=4666MB after_apply=4666MB
    E_decomp: base=17558936.0 eff=29755936.8 cong=12197000.8 cong_share=41.0% sat_pipes=579667 max_util=821.16  R_buckets: 1-2x=2133592 2-10x=421072 10-100x=7739 >=100x=0
    E_potential: beckmann=1706440003656.7 history_total=0.0
    SpanCache: epoch=9 entries=3212 lookups=2562403 hits=2559191 misses=3212 hit_rate=99.9%
  DCD   8: nets=105117 line=12254437 energy=2271395.854 dE=-68560.961 friction=3262408.0 bins=1.6x(117) excess=28.9 moved=67775 disp=4.944 solves=105117 skip=105117 pops=592852083 theta=0.883 refresh=67460ms dcd=7238ms total=77218ms
    cache_stats: entries=61317095 capacity=123982264 est_mb=1069 rss_mb=4666
RSS_SAMPLE t=914.2s rss=4666MB hwm=4666MB
RSS_SAMPLE t=914.4s rss=4666MB hwm=4666MB
RSS_SAMPLE t=914.7s rss=4666MB hwm=4666MB
RSS_SAMPLE t=914.9s rss=4666MB hwm=4666MB
RSS_SAMPLE t=915.2s rss=4666MB hwm=4666MB
RSS_SAMPLE t=915.4s rss=4666MB hwm=4666MB
RSS_SAMPLE t=915.7s rss=4666MB hwm=4666MB
RSS_SAMPLE t=915.9s rss=4666MB hwm=4666MB
RSS_SAMPLE t=916.2s rss=4666MB hwm=4666MB
RSS_SAMPLE t=916.4s rss=4666MB hwm=4666MB
RSS_SAMPLE t=916.7s rss=4666MB hwm=4666MB
    SwitchMatrix: type_usage_pairs=1023 lookups=3146 hits=2123 dijkstra_calls=1023 avg_us=11.8 total_ms=12.1
PHASE_MARK outer=9 enter=pre_solve rss=4666MB
    rss_probe[outer=9]: pre_refresh_rss=4666MB post_pre_solve_rss=4666MB cache_entries=61317095 cache_cap=123982264 cache_est_mb=1069
    pre_solve_diag[outer=9]: solves=0 fallback=0 (0.0%) cap_armed=0 (0.0%) settle_avg=0 settle_max=0 init_count=248
    Overflow: over=507282 (19.8% of used) avg_excess=1.11 max_excess=2554.99 (nc=2578.99 cap=24 span=1)  excess_buckets: <=1=365794 1-5=126536 5-20=13315 >20=1637  by_cap: cap1=271564 cap2=199361 cap3-5=429 cap>5=35928  by_span: s1=576 s2-3=1651 s4-6=30433 s7-12=192552 s>12=282070  le1_cross: cap1=235206 cap2-5=122601 cap>5=7987
    Congestion: pipes=2562403 used=2562403 congested(>50%)=1063502 saturated(>90%)=579667 max_util=821.16 avg_util=0.5913
PHASE_MARK outer=9 enter=dcd_sweep rss=4666MB
RSS_SAMPLE t=916.9s rss=4666MB hwm=4666MB
RSS_SAMPLE t=917.2s rss=4666MB hwm=4666MB
RSS_SAMPLE t=917.4s rss=4666MB hwm=4666MB
RSS_SAMPLE t=917.7s rss=4666MB hwm=4666MB
RSS_SAMPLE t=917.9s rss=4666MB hwm=4666MB
RSS_SAMPLE t=918.2s rss=4666MB hwm=4666MB
RSS_SAMPLE t=918.4s rss=4666MB hwm=4666MB
RSS_SAMPLE t=918.7s rss=4666MB hwm=4666MB
RSS_SAMPLE t=918.9s rss=4666MB hwm=4666MB
RSS_SAMPLE t=919.2s rss=4666MB hwm=4666MB
RSS_SAMPLE t=919.4s rss=4666MB hwm=4666MB
RSS_SAMPLE t=919.7s rss=4666MB hwm=4666MB
RSS_SAMPLE t=919.9s rss=4666MB hwm=4666MB
RSS_SAMPLE t=920.2s rss=4666MB hwm=4666MB
RSS_SAMPLE t=920.4s rss=4666MB hwm=4666MB
RSS_SAMPLE t=920.7s rss=4666MB hwm=4666MB
RSS_SAMPLE t=920.9s rss=4666MB hwm=4666MB
RSS_SAMPLE t=921.2s rss=4666MB hwm=4666MB
RSS_SAMPLE t=921.4s rss=4666MB hwm=4666MB
RSS_SAMPLE t=921.7s rss=4666MB hwm=4666MB
RSS_SAMPLE t=921.9s rss=4666MB hwm=4666MB
RSS_SAMPLE t=922.2s rss=4666MB hwm=4666MB
RSS_SAMPLE t=922.4s rss=4666MB hwm=4666MB
RSS_SAMPLE t=922.7s rss=4666MB hwm=4666MB
RSS_SAMPLE t=922.9s rss=4666MB hwm=4666MB
RSS_SAMPLE t=923.2s rss=4666MB hwm=4666MB
RSS_SAMPLE t=923.4s rss=4666MB hwm=4666MB
RSS_SAMPLE t=923.7s rss=4666MB hwm=4666MB
RSS_SAMPLE t=923.9s rss=4666MB hwm=4666MB
PHASE_MARK outer=9 leave=dcd_sweep rss=4666MB
PHASE_MARK outer=9 enter=post_refresh rss=4666MB
RSS_SAMPLE t=924.2s rss=4666MB hwm=4666MB
RSS_SAMPLE t=924.4s rss=4666MB hwm=4666MB
RSS_SAMPLE t=924.7s rss=4666MB hwm=4666MB
RSS_SAMPLE t=924.9s rss=4666MB hwm=4666MB
RSS_SAMPLE t=925.2s rss=4666MB hwm=4666MB
RSS_SAMPLE t=925.4s rss=4666MB hwm=4666MB
RSS_SAMPLE t=925.7s rss=4666MB hwm=4666MB
RSS_SAMPLE t=925.9s rss=4666MB hwm=4666MB
RSS_SAMPLE t=926.2s rss=4666MB hwm=4666MB
RSS_SAMPLE t=926.4s rss=4666MB hwm=4666MB
RSS_SAMPLE t=926.7s rss=4666MB hwm=4666MB
RSS_SAMPLE t=926.9s rss=4667MB hwm=4667MB
RSS_SAMPLE t=927.2s rss=4667MB hwm=4667MB
RSS_SAMPLE t=927.4s rss=4667MB hwm=4667MB
RSS_SAMPLE t=927.7s rss=4667MB hwm=4667MB
RSS_SAMPLE t=927.9s rss=4667MB hwm=4667MB
RSS_SAMPLE t=928.2s rss=4667MB hwm=4667MB
RSS_SAMPLE t=928.4s rss=4667MB hwm=4667MB
RSS_SAMPLE t=928.7s rss=4667MB hwm=4667MB
RSS_SAMPLE t=928.9s rss=4667MB hwm=4667MB
RSS_SAMPLE t=929.2s rss=4667MB hwm=4667MB
RSS_SAMPLE t=929.4s rss=4667MB hwm=4667MB
RSS_SAMPLE t=929.7s rss=4667MB hwm=4667MB
RSS_SAMPLE t=929.9s rss=4667MB hwm=4667MB
RSS_SAMPLE t=930.2s rss=4667MB hwm=4667MB
RSS_SAMPLE t=930.4s rss=4667MB hwm=4667MB
RSS_SAMPLE t=930.7s rss=4667MB hwm=4667MB
RSS_SAMPLE t=930.9s rss=4667MB hwm=4667MB
RSS_SAMPLE t=931.2s rss=4667MB hwm=4667MB
RSS_SAMPLE t=931.4s rss=4667MB hwm=4667MB
RSS_SAMPLE t=931.7s rss=4667MB hwm=4667MB
RSS_SAMPLE t=931.9s rss=4667MB hwm=4667MB
RSS_SAMPLE t=932.2s rss=4667MB hwm=4667MB
RSS_SAMPLE t=932.4s rss=4668MB hwm=4668MB
RSS_SAMPLE t=932.7s rss=4668MB hwm=4668MB
RSS_SAMPLE t=932.9s rss=4668MB hwm=4668MB
RSS_SAMPLE t=933.2s rss=4668MB hwm=4668MB
RSS_SAMPLE t=933.4s rss=4668MB hwm=4668MB
RSS_SAMPLE t=933.7s rss=4668MB hwm=4668MB
RSS_SAMPLE t=934.0s rss=4668MB hwm=4668MB
RSS_SAMPLE t=934.2s rss=4668MB hwm=4668MB
RSS_SAMPLE t=934.5s rss=4668MB hwm=4668MB
RSS_SAMPLE t=934.7s rss=4668MB hwm=4668MB
RSS_SAMPLE t=935.0s rss=4668MB hwm=4668MB
RSS_SAMPLE t=935.2s rss=4668MB hwm=4668MB
RSS_SAMPLE t=935.5s rss=4668MB hwm=4668MB
RSS_SAMPLE t=935.7s rss=4669MB hwm=4669MB
RSS_SAMPLE t=936.0s rss=4669MB hwm=4669MB
RSS_SAMPLE t=936.2s rss=4669MB hwm=4669MB
RSS_SAMPLE t=936.5s rss=4669MB hwm=4669MB
RSS_SAMPLE t=936.7s rss=4669MB hwm=4669MB
RSS_SAMPLE t=937.0s rss=4669MB hwm=4669MB
RSS_SAMPLE t=937.2s rss=4669MB hwm=4669MB
RSS_SAMPLE t=937.5s rss=4669MB hwm=4669MB
RSS_SAMPLE t=937.7s rss=4669MB hwm=4669MB
RSS_SAMPLE t=938.0s rss=4669MB hwm=4669MB
RSS_SAMPLE t=938.2s rss=4670MB hwm=4670MB
RSS_SAMPLE t=938.5s rss=4670MB hwm=4670MB
RSS_SAMPLE t=938.7s rss=4670MB hwm=4670MB
RSS_SAMPLE t=939.0s rss=4670MB hwm=4670MB
RSS_SAMPLE t=939.2s rss=4670MB hwm=4670MB
RSS_SAMPLE t=939.5s rss=4670MB hwm=4670MB
RSS_SAMPLE t=939.7s rss=4670MB hwm=4670MB
RSS_SAMPLE t=940.0s rss=4671MB hwm=4671MB
RSS_SAMPLE t=940.2s rss=4671MB hwm=4671MB
RSS_SAMPLE t=940.5s rss=4671MB hwm=4671MB
RSS_SAMPLE t=940.7s rss=4671MB hwm=4671MB
RSS_SAMPLE t=941.0s rss=4671MB hwm=4671MB
RSS_SAMPLE t=941.2s rss=4672MB hwm=4672MB
RSS_SAMPLE t=941.5s rss=4672MB hwm=4672MB
RSS_SAMPLE t=941.7s rss=4672MB hwm=4672MB
RSS_SAMPLE t=942.0s rss=4672MB hwm=4672MB
RSS_SAMPLE t=942.2s rss=4672MB hwm=4672MB
RSS_SAMPLE t=942.5s rss=4672MB hwm=4672MB
RSS_SAMPLE t=942.7s rss=4673MB hwm=4673MB
RSS_SAMPLE t=943.0s rss=4673MB hwm=4673MB
RSS_SAMPLE t=943.2s rss=4673MB hwm=4673MB
RSS_SAMPLE t=943.5s rss=4673MB hwm=4673MB
RSS_SAMPLE t=943.7s rss=4673MB hwm=4673MB
RSS_SAMPLE t=944.0s rss=4673MB hwm=4673MB
RSS_SAMPLE t=944.2s rss=4673MB hwm=4673MB
RSS_SAMPLE t=944.5s rss=4673MB hwm=4673MB
RSS_SAMPLE t=944.7s rss=4673MB hwm=4673MB
RSS_SAMPLE t=945.0s rss=4673MB hwm=4673MB
RSS_SAMPLE t=945.2s rss=4673MB hwm=4673MB
RSS_SAMPLE t=945.5s rss=4673MB hwm=4673MB
RSS_SAMPLE t=945.7s rss=4673MB hwm=4673MB
RSS_SAMPLE t=946.0s rss=4673MB hwm=4673MB
RSS_SAMPLE t=946.2s rss=4673MB hwm=4673MB
RSS_SAMPLE t=946.5s rss=4674MB hwm=4674MB
RSS_SAMPLE t=946.7s rss=4674MB hwm=4674MB
RSS_SAMPLE t=947.0s rss=4674MB hwm=4674MB
RSS_SAMPLE t=947.2s rss=4674MB hwm=4674MB
RSS_SAMPLE t=947.5s rss=4674MB hwm=4674MB
RSS_SAMPLE t=947.7s rss=4674MB hwm=4674MB
RSS_SAMPLE t=948.0s rss=4674MB hwm=4674MB
RSS_SAMPLE t=948.2s rss=4675MB hwm=4675MB
RSS_SAMPLE t=948.5s rss=4675MB hwm=4675MB
RSS_SAMPLE t=948.7s rss=4675MB hwm=4675MB
RSS_SAMPLE t=949.0s rss=4675MB hwm=4675MB
RSS_SAMPLE t=949.2s rss=4675MB hwm=4675MB
RSS_SAMPLE t=949.5s rss=4675MB hwm=4675MB
RSS_SAMPLE t=949.7s rss=4675MB hwm=4675MB
RSS_SAMPLE t=950.0s rss=4675MB hwm=4675MB
RSS_SAMPLE t=950.2s rss=4675MB hwm=4675MB
RSS_SAMPLE t=950.5s rss=4675MB hwm=4675MB
RSS_SAMPLE t=950.7s rss=4676MB hwm=4676MB
RSS_SAMPLE t=951.0s rss=4676MB hwm=4676MB
RSS_SAMPLE t=951.2s rss=4676MB hwm=4676MB
RSS_SAMPLE t=951.5s rss=4676MB hwm=4676MB
RSS_SAMPLE t=951.7s rss=4676MB hwm=4676MB
RSS_SAMPLE t=952.0s rss=4676MB hwm=4676MB
RSS_SAMPLE t=952.2s rss=4676MB hwm=4676MB
RSS_SAMPLE t=952.5s rss=4676MB hwm=4676MB
RSS_SAMPLE t=952.7s rss=4676MB hwm=4676MB
RSS_SAMPLE t=953.0s rss=4676MB hwm=4676MB
RSS_SAMPLE t=953.2s rss=4676MB hwm=4676MB
RSS_SAMPLE t=953.5s rss=4676MB hwm=4676MB
RSS_SAMPLE t=953.7s rss=4676MB hwm=4676MB
RSS_SAMPLE t=954.0s rss=4676MB hwm=4676MB
RSS_SAMPLE t=954.2s rss=4676MB hwm=4676MB
RSS_SAMPLE t=954.5s rss=4676MB hwm=4676MB
RSS_SAMPLE t=954.7s rss=4676MB hwm=4676MB
RSS_SAMPLE t=955.0s rss=4676MB hwm=4676MB
RSS_SAMPLE t=955.2s rss=4676MB hwm=4676MB
RSS_SAMPLE t=955.5s rss=4676MB hwm=4676MB
RSS_SAMPLE t=955.7s rss=4676MB hwm=4676MB
RSS_SAMPLE t=956.0s rss=4676MB hwm=4676MB
RSS_SAMPLE t=956.2s rss=4676MB hwm=4676MB
RSS_SAMPLE t=956.5s rss=4676MB hwm=4676MB
RSS_SAMPLE t=956.7s rss=4676MB hwm=4676MB
RSS_SAMPLE t=957.0s rss=4676MB hwm=4676MB
RSS_SAMPLE t=957.2s rss=4676MB hwm=4676MB
RSS_SAMPLE t=957.5s rss=4676MB hwm=4676MB
RSS_SAMPLE t=957.7s rss=4676MB hwm=4676MB
RSS_SAMPLE t=958.0s rss=4676MB hwm=4676MB
RSS_SAMPLE t=958.2s rss=4676MB hwm=4676MB
RSS_SAMPLE t=958.5s rss=4676MB hwm=4676MB
RSS_SAMPLE t=958.7s rss=4676MB hwm=4676MB
RSS_SAMPLE t=959.0s rss=4676MB hwm=4676MB
RSS_SAMPLE t=959.2s rss=4677MB hwm=4677MB
RSS_SAMPLE t=959.5s rss=4677MB hwm=4677MB
RSS_SAMPLE t=959.7s rss=4677MB hwm=4677MB
RSS_SAMPLE t=960.0s rss=4677MB hwm=4677MB
RSS_SAMPLE t=960.2s rss=4677MB hwm=4677MB
RSS_SAMPLE t=960.5s rss=4677MB hwm=4677MB
RSS_SAMPLE t=960.7s rss=4678MB hwm=4678MB
RSS_SAMPLE t=961.0s rss=4678MB hwm=4678MB
RSS_SAMPLE t=961.2s rss=4678MB hwm=4678MB
RSS_SAMPLE t=961.5s rss=4678MB hwm=4678MB
RSS_SAMPLE t=961.7s rss=4678MB hwm=4678MB
RSS_SAMPLE t=962.0s rss=4678MB hwm=4678MB
RSS_SAMPLE t=962.2s rss=4678MB hwm=4678MB
RSS_SAMPLE t=962.5s rss=4678MB hwm=4678MB
RSS_SAMPLE t=962.7s rss=4678MB hwm=4678MB
RSS_SAMPLE t=963.0s rss=4678MB hwm=4678MB
RSS_SAMPLE t=963.2s rss=4678MB hwm=4678MB
RSS_SAMPLE t=963.5s rss=4678MB hwm=4678MB
RSS_SAMPLE t=963.7s rss=4678MB hwm=4678MB
RSS_SAMPLE t=964.0s rss=4678MB hwm=4678MB
RSS_SAMPLE t=964.2s rss=4678MB hwm=4678MB
RSS_SAMPLE t=964.5s rss=4678MB hwm=4678MB
RSS_SAMPLE t=964.7s rss=4678MB hwm=4678MB
RSS_SAMPLE t=965.0s rss=4678MB hwm=4678MB
RSS_SAMPLE t=965.2s rss=4678MB hwm=4678MB
RSS_SAMPLE t=965.5s rss=4678MB hwm=4678MB
RSS_SAMPLE t=965.7s rss=4678MB hwm=4678MB
RSS_SAMPLE t=966.0s rss=4678MB hwm=4678MB
RSS_SAMPLE t=966.2s rss=4678MB hwm=4678MB
RSS_SAMPLE t=966.5s rss=4678MB hwm=4678MB
RSS_SAMPLE t=966.7s rss=4678MB hwm=4678MB
RSS_SAMPLE t=967.0s rss=4678MB hwm=4678MB
RSS_SAMPLE t=967.2s rss=4678MB hwm=4678MB
RSS_SAMPLE t=967.5s rss=4678MB hwm=4678MB
RSS_SAMPLE t=967.7s rss=4678MB hwm=4678MB
RSS_SAMPLE t=968.0s rss=4678MB hwm=4678MB
RSS_SAMPLE t=968.2s rss=4678MB hwm=4678MB
RSS_SAMPLE t=968.5s rss=4678MB hwm=4678MB
RSS_SAMPLE t=968.7s rss=4678MB hwm=4678MB
RSS_SAMPLE t=969.0s rss=4678MB hwm=4678MB
RSS_SAMPLE t=969.2s rss=4678MB hwm=4678MB
RSS_SAMPLE t=969.5s rss=4678MB hwm=4678MB
RSS_SAMPLE t=969.7s rss=4678MB hwm=4678MB
RSS_SAMPLE t=970.0s rss=4679MB hwm=4679MB
RSS_SAMPLE t=970.2s rss=4679MB hwm=4679MB
RSS_SAMPLE t=970.5s rss=4679MB hwm=4679MB
RSS_SAMPLE t=970.7s rss=4679MB hwm=4679MB
RSS_SAMPLE t=971.0s rss=4679MB hwm=4679MB
RSS_SAMPLE t=971.2s rss=4679MB hwm=4679MB
RSS_SAMPLE t=971.5s rss=4679MB hwm=4679MB
RSS_SAMPLE t=971.7s rss=4679MB hwm=4679MB
RSS_SAMPLE t=972.0s rss=4679MB hwm=4679MB
RSS_SAMPLE t=972.2s rss=4679MB hwm=4679MB
RSS_SAMPLE t=972.5s rss=4679MB hwm=4679MB
RSS_SAMPLE t=972.7s rss=4679MB hwm=4679MB
RSS_SAMPLE t=973.0s rss=4679MB hwm=4679MB
RSS_SAMPLE t=973.2s rss=4679MB hwm=4679MB
RSS_SAMPLE t=973.5s rss=4679MB hwm=4679MB
RSS_SAMPLE t=973.7s rss=4679MB hwm=4679MB
RSS_SAMPLE t=974.0s rss=4679MB hwm=4679MB
RSS_SAMPLE t=974.2s rss=4679MB hwm=4679MB
RSS_SAMPLE t=974.5s rss=4679MB hwm=4679MB
RSS_SAMPLE t=974.7s rss=4679MB hwm=4679MB
RSS_SAMPLE t=975.0s rss=4679MB hwm=4679MB
RSS_SAMPLE t=975.2s rss=4679MB hwm=4679MB
RSS_SAMPLE t=975.5s rss=4679MB hwm=4679MB
RSS_SAMPLE t=975.7s rss=4679MB hwm=4679MB
RSS_SAMPLE t=976.0s rss=4679MB hwm=4679MB
RSS_SAMPLE t=976.2s rss=4679MB hwm=4679MB
RSS_SAMPLE t=976.5s rss=4679MB hwm=4679MB
RSS_SAMPLE t=976.7s rss=4679MB hwm=4679MB
RSS_SAMPLE t=977.0s rss=4679MB hwm=4679MB
RSS_SAMPLE t=977.2s rss=4679MB hwm=4679MB
RSS_SAMPLE t=977.5s rss=4679MB hwm=4679MB
RSS_SAMPLE t=977.7s rss=4679MB hwm=4679MB
RSS_SAMPLE t=978.0s rss=4679MB hwm=4679MB
RSS_SAMPLE t=978.2s rss=4679MB hwm=4679MB
RSS_SAMPLE t=978.5s rss=4679MB hwm=4679MB
RSS_SAMPLE t=978.7s rss=4679MB hwm=4679MB
RSS_SAMPLE t=979.0s rss=4679MB hwm=4679MB
RSS_SAMPLE t=979.2s rss=4679MB hwm=4679MB
RSS_SAMPLE t=979.5s rss=4679MB hwm=4679MB
RSS_SAMPLE t=979.7s rss=4679MB hwm=4679MB
RSS_SAMPLE t=980.0s rss=4679MB hwm=4679MB
RSS_SAMPLE t=980.2s rss=4679MB hwm=4679MB
RSS_SAMPLE t=980.5s rss=4679MB hwm=4679MB
RSS_SAMPLE t=980.7s rss=4679MB hwm=4679MB
RSS_SAMPLE t=981.0s rss=4679MB hwm=4679MB
RSS_SAMPLE t=981.2s rss=4679MB hwm=4679MB
RSS_SAMPLE t=981.5s rss=4679MB hwm=4679MB
RSS_SAMPLE t=981.7s rss=4679MB hwm=4679MB
RSS_SAMPLE t=982.0s rss=4679MB hwm=4679MB
RSS_SAMPLE t=982.2s rss=4679MB hwm=4679MB
RSS_SAMPLE t=982.5s rss=4679MB hwm=4679MB
RSS_SAMPLE t=982.7s rss=4679MB hwm=4679MB
RSS_SAMPLE t=983.0s rss=4679MB hwm=4679MB
RSS_SAMPLE t=983.2s rss=4679MB hwm=4679MB
RSS_SAMPLE t=983.5s rss=4679MB hwm=4679MB
RSS_SAMPLE t=983.7s rss=4679MB hwm=4679MB
RSS_SAMPLE t=984.0s rss=4679MB hwm=4679MB
MEM_POOL: workspaces=32 dense_usage_mb=1251 n_pipes=2562403
    post_solve_diag[outer=9]: solves=105117 cap_armed=105117 (100.0%) settle_avg=5314 above_sink_avg=219 (4.1%) settle_max=69353
    load_support[outer=9]: settle_avg=5314 load_nz_avg=3990 (75.1%) load_material_avg=1732 (32.6%)
    prune_ceiling[outer=9]: settle_avg=5314 heuristic_prunable_avg=1072 (20.2%) vs oracle_zero_load=24.9%
    settle_hist[outer=9]: <100: 24952nets/0.2%work  <1k: 28581nets/1.9%work  <5k: 23929nets/10.8%work  <20k: 18495nets/35.6%work  <60k: 9060nets/50.3%work  >=60k: 100nets/1.1%work
    fanout_hist[outer=9]: fan1: 43710nets/13.3%work  fan2-4: 48279nets/49.9%work  fan5-16: 12974nets/35.8%work  fan17-64: 154nets/1.0%work  fan65-256: 0nets/0.0%work  fan>256: 0nets/0.0%work
    rss_probe[outer=9]: pre_post_solve=4666MB post_post_solve=4679MB after_apply=4679MB
    E_decomp: base=16977073.2 eff=28529796.6 cong=11552723.4 cong_share=40.5% sat_pipes=567418 max_util=783.87  R_buckets: 1-2x=2154295 2-10x=400385 10-100x=7723 >=100x=0
    E_potential: beckmann=1484746631268.2 history_total=0.0
    SpanCache: epoch=10 entries=3146 lookups=2562403 hits=2559257 misses=3146 hit_rate=99.9%
  DCD   9: nets=105117 line=11776920 energy=2203641.266 dE=-67754.588 friction=3678337.1 bins=1.6x(111) excess=25.3 moved=67782 disp=4.769 solves=105117 skip=105117 pops=558642905 theta=1.033 refresh=60127ms dcd=7224ms total=69943ms
    cache_stats: entries=60826236 capacity=125236160 est_mb=1080 rss_mb=4679
RSS_SAMPLE t=984.2s rss=4679MB hwm=4679MB
RSS_SAMPLE t=984.5s rss=4679MB hwm=4679MB
RSS_SAMPLE t=984.7s rss=4679MB hwm=4679MB
RSS_SAMPLE t=985.0s rss=4679MB hwm=4679MB
RSS_SAMPLE t=985.2s rss=4679MB hwm=4679MB
RSS_SAMPLE t=985.5s rss=4679MB hwm=4679MB
RSS_SAMPLE t=985.7s rss=4679MB hwm=4679MB
RSS_SAMPLE t=986.0s rss=4679MB hwm=4679MB
RSS_SAMPLE t=986.2s rss=4679MB hwm=4679MB
RSS_SAMPLE t=986.5s rss=4679MB hwm=4679MB
    SwitchMatrix: type_usage_pairs=1042 lookups=3372 hits=2330 dijkstra_calls=1042 avg_us=12.7 total_ms=13.2
PHASE_MARK outer=10 enter=pre_solve rss=4679MB
    rss_probe[outer=10]: pre_refresh_rss=4679MB post_pre_solve_rss=4679MB cache_entries=60826236 cache_cap=125236160 cache_est_mb=1080
    pre_solve_diag[outer=10]: solves=0 fallback=0 (0.0%) cap_armed=0 (0.0%) settle_avg=0 settle_max=0 init_count=245
    Overflow: over=499135 (19.5% of used) avg_excess=1.19 max_excess=2612.47 (nc=2636.47 cap=24 span=1)  excess_buckets: <=1=352629 1-5=129848 5-20=14828 >20=1830  by_cap: cap1=265035 cap2=199724 cap3-5=438 cap>5=33938  by_span: s1=560 s2-3=1452 s4-6=29306 s7-12=192143 s>12=275674  le1_cross: cap1=230415 cap2-5=115733 cap>5=6481
    Congestion: pipes=2562403 used=2562403 congested(>50%)=1022727 saturated(>90%)=567418 max_util=783.87 avg_util=0.5835
PHASE_MARK outer=10 enter=dcd_sweep rss=4679MB
RSS_SAMPLE t=986.7s rss=4679MB hwm=4679MB
RSS_SAMPLE t=987.0s rss=4679MB hwm=4679MB
RSS_SAMPLE t=987.3s rss=4679MB hwm=4679MB
RSS_SAMPLE t=987.5s rss=4679MB hwm=4679MB
RSS_SAMPLE t=987.8s rss=4679MB hwm=4679MB
RSS_SAMPLE t=988.0s rss=4679MB hwm=4679MB
RSS_SAMPLE t=988.3s rss=4679MB hwm=4679MB
RSS_SAMPLE t=988.5s rss=4679MB hwm=4679MB
RSS_SAMPLE t=988.8s rss=4679MB hwm=4679MB
RSS_SAMPLE t=989.0s rss=4679MB hwm=4679MB
RSS_SAMPLE t=989.3s rss=4679MB hwm=4679MB
RSS_SAMPLE t=989.5s rss=4679MB hwm=4679MB
RSS_SAMPLE t=989.8s rss=4679MB hwm=4679MB
RSS_SAMPLE t=990.0s rss=4679MB hwm=4679MB
RSS_SAMPLE t=990.3s rss=4679MB hwm=4679MB
RSS_SAMPLE t=990.5s rss=4679MB hwm=4679MB
RSS_SAMPLE t=990.8s rss=4679MB hwm=4679MB
RSS_SAMPLE t=991.0s rss=4679MB hwm=4679MB
RSS_SAMPLE t=991.3s rss=4679MB hwm=4679MB
RSS_SAMPLE t=991.5s rss=4679MB hwm=4679MB
RSS_SAMPLE t=991.8s rss=4679MB hwm=4679MB
RSS_SAMPLE t=992.0s rss=4679MB hwm=4679MB
RSS_SAMPLE t=992.3s rss=4679MB hwm=4679MB
RSS_SAMPLE t=992.5s rss=4679MB hwm=4679MB
RSS_SAMPLE t=992.8s rss=4679MB hwm=4679MB
RSS_SAMPLE t=993.0s rss=4679MB hwm=4679MB
RSS_SAMPLE t=993.3s rss=4679MB hwm=4679MB
RSS_SAMPLE t=993.5s rss=4679MB hwm=4679MB
RSS_SAMPLE t=993.8s rss=4679MB hwm=4679MB
PHASE_MARK outer=10 leave=dcd_sweep rss=4679MB
PHASE_MARK outer=10 enter=post_refresh rss=4679MB
RSS_SAMPLE t=994.0s rss=4679MB hwm=4679MB
RSS_SAMPLE t=994.3s rss=4679MB hwm=4679MB
RSS_SAMPLE t=994.5s rss=4679MB hwm=4679MB
RSS_SAMPLE t=994.8s rss=4679MB hwm=4679MB
RSS_SAMPLE t=995.0s rss=4679MB hwm=4679MB
RSS_SAMPLE t=995.3s rss=4679MB hwm=4679MB
RSS_SAMPLE t=995.5s rss=4679MB hwm=4679MB
RSS_SAMPLE t=995.8s rss=4679MB hwm=4679MB
RSS_SAMPLE t=996.0s rss=4679MB hwm=4679MB
RSS_SAMPLE t=996.3s rss=4679MB hwm=4679MB
RSS_SAMPLE t=996.5s rss=4679MB hwm=4679MB
RSS_SAMPLE t=996.8s rss=4679MB hwm=4679MB
RSS_SAMPLE t=997.0s rss=4679MB hwm=4679MB
RSS_SAMPLE t=997.3s rss=4680MB hwm=4680MB
RSS_SAMPLE t=997.5s rss=4680MB hwm=4680MB
RSS_SAMPLE t=997.8s rss=4680MB hwm=4680MB
RSS_SAMPLE t=998.0s rss=4680MB hwm=4680MB
RSS_SAMPLE t=998.3s rss=4680MB hwm=4680MB
RSS_SAMPLE t=998.5s rss=4680MB hwm=4680MB
RSS_SAMPLE t=998.8s rss=4680MB hwm=4680MB
RSS_SAMPLE t=999.0s rss=4680MB hwm=4680MB
RSS_SAMPLE t=999.3s rss=4680MB hwm=4680MB
RSS_SAMPLE t=999.5s rss=4680MB hwm=4680MB
RSS_SAMPLE t=999.8s rss=4680MB hwm=4680MB
RSS_SAMPLE t=1000.0s rss=4680MB hwm=4680MB
RSS_SAMPLE t=1000.3s rss=4680MB hwm=4680MB
RSS_SAMPLE t=1000.5s rss=4681MB hwm=4681MB
RSS_SAMPLE t=1000.8s rss=4681MB hwm=4681MB
RSS_SAMPLE t=1001.0s rss=4681MB hwm=4681MB
RSS_SAMPLE t=1001.3s rss=4681MB hwm=4681MB
RSS_SAMPLE t=1001.5s rss=4681MB hwm=4681MB
RSS_SAMPLE t=1001.8s rss=4681MB hwm=4681MB
RSS_SAMPLE t=1002.0s rss=4681MB hwm=4681MB
RSS_SAMPLE t=1002.3s rss=4681MB hwm=4681MB
RSS_SAMPLE t=1002.5s rss=4681MB hwm=4681MB
RSS_SAMPLE t=1002.8s rss=4681MB hwm=4681MB
RSS_SAMPLE t=1003.0s rss=4681MB hwm=4681MB
RSS_SAMPLE t=1003.3s rss=4682MB hwm=4682MB
RSS_SAMPLE t=1003.5s rss=4682MB hwm=4682MB
RSS_SAMPLE t=1003.8s rss=4682MB hwm=4682MB
RSS_SAMPLE t=1004.0s rss=4682MB hwm=4682MB
RSS_SAMPLE t=1004.3s rss=4682MB hwm=4682MB
RSS_SAMPLE t=1004.5s rss=4682MB hwm=4682MB
RSS_SAMPLE t=1004.8s rss=4682MB hwm=4682MB
RSS_SAMPLE t=1005.0s rss=4682MB hwm=4682MB
RSS_SAMPLE t=1005.3s rss=4682MB hwm=4682MB
RSS_SAMPLE t=1005.5s rss=4682MB hwm=4682MB
RSS_SAMPLE t=1005.8s rss=4683MB hwm=4683MB
RSS_SAMPLE t=1006.0s rss=4683MB hwm=4683MB
RSS_SAMPLE t=1006.3s rss=4683MB hwm=4683MB
RSS_SAMPLE t=1006.5s rss=4683MB hwm=4683MB
RSS_SAMPLE t=1006.8s rss=4683MB hwm=4683MB
RSS_SAMPLE t=1007.0s rss=4683MB hwm=4683MB
RSS_SAMPLE t=1007.3s rss=4683MB hwm=4683MB
RSS_SAMPLE t=1007.5s rss=4683MB hwm=4683MB
RSS_SAMPLE t=1007.8s rss=4683MB hwm=4683MB
RSS_SAMPLE t=1008.0s rss=4684MB hwm=4684MB
RSS_SAMPLE t=1008.3s rss=4684MB hwm=4684MB
RSS_SAMPLE t=1008.5s rss=4684MB hwm=4684MB
RSS_SAMPLE t=1008.8s rss=4684MB hwm=4684MB
RSS_SAMPLE t=1009.0s rss=4684MB hwm=4684MB
RSS_SAMPLE t=1009.3s rss=4684MB hwm=4684MB
RSS_SAMPLE t=1009.5s rss=4684MB hwm=4684MB
RSS_SAMPLE t=1009.8s rss=4684MB hwm=4684MB
RSS_SAMPLE t=1010.0s rss=4684MB hwm=4684MB
RSS_SAMPLE t=1010.3s rss=4684MB hwm=4684MB
RSS_SAMPLE t=1010.5s rss=4684MB hwm=4684MB
RSS_SAMPLE t=1010.8s rss=4684MB hwm=4684MB
RSS_SAMPLE t=1011.0s rss=4684MB hwm=4684MB
RSS_SAMPLE t=1011.3s rss=4684MB hwm=4684MB
RSS_SAMPLE t=1011.5s rss=4684MB hwm=4684MB
RSS_SAMPLE t=1011.8s rss=4684MB hwm=4684MB
RSS_SAMPLE t=1012.0s rss=4684MB hwm=4684MB
RSS_SAMPLE t=1012.3s rss=4684MB hwm=4684MB
RSS_SAMPLE t=1012.5s rss=4684MB hwm=4684MB
RSS_SAMPLE t=1012.8s rss=4684MB hwm=4684MB
RSS_SAMPLE t=1013.0s rss=4685MB hwm=4685MB
RSS_SAMPLE t=1013.3s rss=4685MB hwm=4685MB
RSS_SAMPLE t=1013.5s rss=4685MB hwm=4685MB
RSS_SAMPLE t=1013.8s rss=4685MB hwm=4685MB
RSS_SAMPLE t=1014.0s rss=4685MB hwm=4685MB
RSS_SAMPLE t=1014.3s rss=4685MB hwm=4685MB
RSS_SAMPLE t=1014.5s rss=4685MB hwm=4685MB
RSS_SAMPLE t=1014.8s rss=4685MB hwm=4685MB
RSS_SAMPLE t=1015.0s rss=4685MB hwm=4685MB
RSS_SAMPLE t=1015.3s rss=4685MB hwm=4685MB
RSS_SAMPLE t=1015.5s rss=4685MB hwm=4685MB
RSS_SAMPLE t=1015.8s rss=4685MB hwm=4685MB
RSS_SAMPLE t=1016.0s rss=4685MB hwm=4685MB
RSS_SAMPLE t=1016.3s rss=4685MB hwm=4685MB
RSS_SAMPLE t=1016.5s rss=4685MB hwm=4685MB
RSS_SAMPLE t=1016.8s rss=4685MB hwm=4685MB
RSS_SAMPLE t=1017.0s rss=4685MB hwm=4685MB
RSS_SAMPLE t=1017.3s rss=4685MB hwm=4685MB
RSS_SAMPLE t=1017.5s rss=4685MB hwm=4685MB
RSS_SAMPLE t=1017.8s rss=4685MB hwm=4685MB
RSS_SAMPLE t=1018.0s rss=4685MB hwm=4685MB
RSS_SAMPLE t=1018.3s rss=4685MB hwm=4685MB
RSS_SAMPLE t=1018.5s rss=4685MB hwm=4685MB
RSS_SAMPLE t=1018.8s rss=4685MB hwm=4685MB
RSS_SAMPLE t=1019.0s rss=4686MB hwm=4686MB
RSS_SAMPLE t=1019.3s rss=4686MB hwm=4686MB
RSS_SAMPLE t=1019.5s rss=4686MB hwm=4686MB
RSS_SAMPLE t=1019.8s rss=4686MB hwm=4686MB
RSS_SAMPLE t=1020.0s rss=4686MB hwm=4686MB
RSS_SAMPLE t=1020.3s rss=4686MB hwm=4686MB
RSS_SAMPLE t=1020.5s rss=4686MB hwm=4686MB
RSS_SAMPLE t=1020.8s rss=4686MB hwm=4686MB
RSS_SAMPLE t=1021.0s rss=4686MB hwm=4686MB
RSS_SAMPLE t=1021.3s rss=4686MB hwm=4686MB
RSS_SAMPLE t=1021.5s rss=4686MB hwm=4686MB
RSS_SAMPLE t=1021.8s rss=4686MB hwm=4686MB
RSS_SAMPLE t=1022.0s rss=4686MB hwm=4686MB
RSS_SAMPLE t=1022.3s rss=4686MB hwm=4686MB
RSS_SAMPLE t=1022.5s rss=4686MB hwm=4686MB
RSS_SAMPLE t=1022.8s rss=4686MB hwm=4686MB
RSS_SAMPLE t=1023.0s rss=4686MB hwm=4686MB
RSS_SAMPLE t=1023.3s rss=4686MB hwm=4686MB
RSS_SAMPLE t=1023.5s rss=4686MB hwm=4686MB
RSS_SAMPLE t=1023.8s rss=4686MB hwm=4686MB
RSS_SAMPLE t=1024.0s rss=4686MB hwm=4686MB
RSS_SAMPLE t=1024.3s rss=4686MB hwm=4686MB
RSS_SAMPLE t=1024.5s rss=4686MB hwm=4686MB
RSS_SAMPLE t=1024.8s rss=4686MB hwm=4686MB
RSS_SAMPLE t=1025.0s rss=4686MB hwm=4686MB
RSS_SAMPLE t=1025.3s rss=4686MB hwm=4686MB
RSS_SAMPLE t=1025.5s rss=4686MB hwm=4686MB
RSS_SAMPLE t=1025.8s rss=4686MB hwm=4686MB
RSS_SAMPLE t=1026.0s rss=4686MB hwm=4686MB
RSS_SAMPLE t=1026.3s rss=4686MB hwm=4686MB
RSS_SAMPLE t=1026.5s rss=4686MB hwm=4686MB
RSS_SAMPLE t=1026.8s rss=4686MB hwm=4686MB
RSS_SAMPLE t=1027.0s rss=4686MB hwm=4686MB
RSS_SAMPLE t=1027.3s rss=4686MB hwm=4686MB
RSS_SAMPLE t=1027.5s rss=4686MB hwm=4686MB
RSS_SAMPLE t=1027.8s rss=4686MB hwm=4686MB
RSS_SAMPLE t=1028.0s rss=4686MB hwm=4686MB
RSS_SAMPLE t=1028.3s rss=4686MB hwm=4686MB
RSS_SAMPLE t=1028.6s rss=4686MB hwm=4686MB
RSS_SAMPLE t=1028.8s rss=4686MB hwm=4686MB
RSS_SAMPLE t=1029.1s rss=4686MB hwm=4686MB
RSS_SAMPLE t=1029.3s rss=4686MB hwm=4686MB
RSS_SAMPLE t=1029.6s rss=4686MB hwm=4686MB
RSS_SAMPLE t=1029.8s rss=4686MB hwm=4686MB
RSS_SAMPLE t=1030.1s rss=4686MB hwm=4686MB
RSS_SAMPLE t=1030.3s rss=4686MB hwm=4686MB
RSS_SAMPLE t=1030.6s rss=4686MB hwm=4686MB
RSS_SAMPLE t=1030.8s rss=4686MB hwm=4686MB
RSS_SAMPLE t=1031.1s rss=4686MB hwm=4686MB
RSS_SAMPLE t=1031.3s rss=4686MB hwm=4686MB
RSS_SAMPLE t=1031.6s rss=4686MB hwm=4686MB
RSS_SAMPLE t=1031.8s rss=4686MB hwm=4686MB
RSS_SAMPLE t=1032.1s rss=4686MB hwm=4686MB
RSS_SAMPLE t=1032.3s rss=4686MB hwm=4686MB
RSS_SAMPLE t=1032.6s rss=4686MB hwm=4686MB
RSS_SAMPLE t=1032.8s rss=4686MB hwm=4686MB
RSS_SAMPLE t=1033.1s rss=4686MB hwm=4686MB
RSS_SAMPLE t=1033.3s rss=4686MB hwm=4686MB
RSS_SAMPLE t=1033.6s rss=4686MB hwm=4686MB
RSS_SAMPLE t=1033.8s rss=4686MB hwm=4686MB
RSS_SAMPLE t=1034.1s rss=4686MB hwm=4686MB
RSS_SAMPLE t=1034.3s rss=4686MB hwm=4686MB
RSS_SAMPLE t=1034.6s rss=4686MB hwm=4686MB
RSS_SAMPLE t=1034.8s rss=4686MB hwm=4686MB
RSS_SAMPLE t=1035.1s rss=4686MB hwm=4686MB
RSS_SAMPLE t=1035.3s rss=4686MB hwm=4686MB
RSS_SAMPLE t=1035.6s rss=4686MB hwm=4686MB
RSS_SAMPLE t=1035.8s rss=4686MB hwm=4686MB
RSS_SAMPLE t=1036.1s rss=4686MB hwm=4686MB
RSS_SAMPLE t=1036.3s rss=4686MB hwm=4686MB
RSS_SAMPLE t=1036.6s rss=4686MB hwm=4686MB
RSS_SAMPLE t=1036.8s rss=4686MB hwm=4686MB
RSS_SAMPLE t=1037.1s rss=4686MB hwm=4686MB
RSS_SAMPLE t=1037.3s rss=4686MB hwm=4686MB
RSS_SAMPLE t=1037.6s rss=4686MB hwm=4686MB
RSS_SAMPLE t=1037.8s rss=4686MB hwm=4686MB
RSS_SAMPLE t=1038.1s rss=4686MB hwm=4686MB
RSS_SAMPLE t=1038.3s rss=4686MB hwm=4686MB
RSS_SAMPLE t=1038.6s rss=4686MB hwm=4686MB
RSS_SAMPLE t=1038.8s rss=4686MB hwm=4686MB
RSS_SAMPLE t=1039.1s rss=4686MB hwm=4686MB
RSS_SAMPLE t=1039.3s rss=4686MB hwm=4686MB
RSS_SAMPLE t=1039.6s rss=4686MB hwm=4686MB
RSS_SAMPLE t=1039.8s rss=4686MB hwm=4686MB
RSS_SAMPLE t=1040.1s rss=4686MB hwm=4686MB
RSS_SAMPLE t=1040.3s rss=4686MB hwm=4686MB
RSS_SAMPLE t=1040.6s rss=4686MB hwm=4686MB
RSS_SAMPLE t=1040.8s rss=4686MB hwm=4686MB
RSS_SAMPLE t=1041.1s rss=4686MB hwm=4686MB
RSS_SAMPLE t=1041.3s rss=4686MB hwm=4686MB
RSS_SAMPLE t=1041.6s rss=4686MB hwm=4686MB
RSS_SAMPLE t=1041.8s rss=4686MB hwm=4686MB
RSS_SAMPLE t=1042.1s rss=4686MB hwm=4686MB
RSS_SAMPLE t=1042.3s rss=4686MB hwm=4686MB
RSS_SAMPLE t=1042.6s rss=4686MB hwm=4686MB
RSS_SAMPLE t=1042.8s rss=4686MB hwm=4686MB
RSS_SAMPLE t=1043.1s rss=4686MB hwm=4686MB
RSS_SAMPLE t=1043.3s rss=4686MB hwm=4686MB
RSS_SAMPLE t=1043.6s rss=4686MB hwm=4686MB
RSS_SAMPLE t=1043.8s rss=4686MB hwm=4686MB
RSS_SAMPLE t=1044.1s rss=4686MB hwm=4686MB
RSS_SAMPLE t=1044.3s rss=4686MB hwm=4686MB
RSS_SAMPLE t=1044.6s rss=4686MB hwm=4686MB
RSS_SAMPLE t=1044.8s rss=4686MB hwm=4686MB
RSS_SAMPLE t=1045.1s rss=4686MB hwm=4686MB
RSS_SAMPLE t=1045.3s rss=4686MB hwm=4686MB
RSS_SAMPLE t=1045.6s rss=4686MB hwm=4686MB
RSS_SAMPLE t=1045.8s rss=4686MB hwm=4686MB
RSS_SAMPLE t=1046.1s rss=4686MB hwm=4686MB
RSS_SAMPLE t=1046.3s rss=4686MB hwm=4686MB
RSS_SAMPLE t=1046.6s rss=4686MB hwm=4686MB
RSS_SAMPLE t=1046.8s rss=4686MB hwm=4686MB
RSS_SAMPLE t=1047.1s rss=4686MB hwm=4686MB
RSS_SAMPLE t=1047.3s rss=4686MB hwm=4686MB
RSS_SAMPLE t=1047.6s rss=4686MB hwm=4686MB
RSS_SAMPLE t=1047.8s rss=4686MB hwm=4686MB
RSS_SAMPLE t=1048.1s rss=4686MB hwm=4686MB
RSS_SAMPLE t=1048.3s rss=4686MB hwm=4686MB
RSS_SAMPLE t=1048.6s rss=4686MB hwm=4686MB
RSS_SAMPLE t=1048.8s rss=4686MB hwm=4686MB
RSS_SAMPLE t=1049.1s rss=4686MB hwm=4686MB
RSS_SAMPLE t=1049.3s rss=4686MB hwm=4686MB
RSS_SAMPLE t=1049.6s rss=4686MB hwm=4686MB
RSS_SAMPLE t=1049.8s rss=4686MB hwm=4686MB
RSS_SAMPLE t=1050.1s rss=4686MB hwm=4686MB
RSS_SAMPLE t=1050.3s rss=4686MB hwm=4686MB
RSS_SAMPLE t=1050.6s rss=4686MB hwm=4686MB
RSS_SAMPLE t=1050.8s rss=4686MB hwm=4686MB
RSS_SAMPLE t=1051.1s rss=4686MB hwm=4686MB
RSS_SAMPLE t=1051.3s rss=4686MB hwm=4686MB
RSS_SAMPLE t=1051.6s rss=4686MB hwm=4686MB
RSS_SAMPLE t=1051.8s rss=4686MB hwm=4686MB
RSS_SAMPLE t=1052.1s rss=4686MB hwm=4686MB
RSS_SAMPLE t=1052.3s rss=4686MB hwm=4686MB
MEM_POOL: workspaces=32 dense_usage_mb=1251 n_pipes=2562403
    post_solve_diag[outer=10]: solves=105117 cap_armed=105117 (100.0%) settle_avg=5021 above_sink_avg=217 (4.3%) settle_max=69353
    load_support[outer=10]: settle_avg=5021 load_nz_avg=3801 (75.7%) load_material_avg=1703 (33.9%)
    prune_ceiling[outer=10]: settle_avg=5021 heuristic_prunable_avg=930 (18.5%) vs oracle_zero_load=24.3%
    settle_hist[outer=10]: <100: 25406nets/0.3%work  <1k: 28801nets/2.0%work  <5k: 23974nets/11.6%work  <20k: 18661nets/37.7%work  <60k: 8201nets/47.6%work  >=60k: 74nets/0.9%work
    fanout_hist[outer=10]: fan1: 43710nets/13.4%work  fan2-4: 48279nets/49.8%work  fan5-16: 12974nets/35.8%work  fan17-64: 154nets/1.0%work  fan65-256: 0nets/0.0%work  fan>256: 0nets/0.0%work
    rss_probe[outer=10]: pre_post_solve=4679MB post_post_solve=4686MB after_apply=4686MB
RSS_SAMPLE t=1052.6s rss=4686MB hwm=4686MB
    E_decomp: base=16527864.8 eff=28175516.5 cong=11647651.7 cong_share=41.3% sat_pipes=554220 max_util=893.21  R_buckets: 1-2x=2161693 2-10x=391693 10-100x=9017 >=100x=0
    E_potential: beckmann=2593020195758.9 history_total=0.0
    SpanCache: epoch=11 entries=3372 lookups=2562403 hits=2559031 misses=3372 hit_rate=99.9%
  DCD  10: nets=105117 line=11325905 energy=2148862.132 dE=-54779.134 friction=3634431.9 bins=1.6x(111) excess=25.4 moved=67793 disp=4.580 solves=105117 skip=105117 pops=527758443 theta=1.210 refresh=58682ms dcd=7259ms total=68506ms
    cache_stats: entries=60283081 capacity=125837040 est_mb=1085 rss_mb=4686
RSS_SAMPLE t=1052.8s rss=4686MB hwm=4686MB
RSS_SAMPLE t=1053.1s rss=4686MB hwm=4686MB
RSS_SAMPLE t=1053.3s rss=4686MB hwm=4686MB
RSS_SAMPLE t=1053.6s rss=4686MB hwm=4686MB
RSS_SAMPLE t=1053.8s rss=4686MB hwm=4686MB
RSS_SAMPLE t=1054.1s rss=4686MB hwm=4686MB
RSS_SAMPLE t=1054.3s rss=4686MB hwm=4686MB
RSS_SAMPLE t=1054.6s rss=4686MB hwm=4686MB
RSS_SAMPLE t=1054.8s rss=4686MB hwm=4686MB
RSS_SAMPLE t=1055.1s rss=4686MB hwm=4686MB
    SwitchMatrix: type_usage_pairs=1029 lookups=3272 hits=2243 dijkstra_calls=1029 avg_us=13.0 total_ms=13.4
PHASE_MARK outer=11 enter=pre_solve rss=4686MB
    rss_probe[outer=11]: pre_refresh_rss=4686MB post_pre_solve_rss=4686MB cache_entries=60283081 cache_cap=125837040 cache_est_mb=1085
    pre_solve_diag[outer=11]: solves=0 fallback=0 (0.0%) cap_armed=0 (0.0%) settle_avg=0 settle_max=0 init_count=248
    Overflow: over=488037 (19.0% of used) avg_excess=1.18 max_excess=2674.72 (nc=2698.72 cap=24 span=1)  excess_buckets: <=1=346272 1-5=125084 5-20=14822 >20=1859  by_cap: cap1=255337 cap2=200036 cap3-5=473 cap>5=32191  by_span: s1=514 s2-3=1416 s4-6=27740 s7-12=191453 s>12=266914  le1_cross: cap1=216024 cap2-5=124175 cap>5=6073
    Congestion: pipes=2562403 used=2562403 congested(>50%)=989961 saturated(>90%)=554220 max_util=893.21 avg_util=0.5698
PHASE_MARK outer=11 enter=dcd_sweep rss=4686MB
RSS_SAMPLE t=1055.3s rss=4686MB hwm=4686MB
RSS_SAMPLE t=1055.6s rss=4686MB hwm=4686MB
RSS_SAMPLE t=1055.8s rss=4686MB hwm=4686MB
RSS_SAMPLE t=1056.1s rss=4686MB hwm=4686MB
RSS_SAMPLE t=1056.3s rss=4686MB hwm=4686MB
RSS_SAMPLE t=1056.6s rss=4686MB hwm=4686MB
RSS_SAMPLE t=1056.8s rss=4686MB hwm=4686MB
RSS_SAMPLE t=1057.1s rss=4686MB hwm=4686MB
RSS_SAMPLE t=1057.3s rss=4686MB hwm=4686MB
RSS_SAMPLE t=1057.6s rss=4686MB hwm=4686MB
RSS_SAMPLE t=1057.8s rss=4686MB hwm=4686MB
RSS_SAMPLE t=1058.1s rss=4686MB hwm=4686MB
RSS_SAMPLE t=1058.3s rss=4686MB hwm=4686MB
RSS_SAMPLE t=1058.6s rss=4686MB hwm=4686MB
RSS_SAMPLE t=1058.8s rss=4686MB hwm=4686MB
RSS_SAMPLE t=1059.1s rss=4686MB hwm=4686MB
RSS_SAMPLE t=1059.3s rss=4686MB hwm=4686MB
RSS_SAMPLE t=1059.6s rss=4686MB hwm=4686MB
RSS_SAMPLE t=1059.8s rss=4686MB hwm=4686MB
RSS_SAMPLE t=1060.1s rss=4686MB hwm=4686MB
RSS_SAMPLE t=1060.3s rss=4686MB hwm=4686MB
RSS_SAMPLE t=1060.6s rss=4686MB hwm=4686MB
RSS_SAMPLE t=1060.8s rss=4686MB hwm=4686MB
RSS_SAMPLE t=1061.1s rss=4686MB hwm=4686MB
RSS_SAMPLE t=1061.3s rss=4686MB hwm=4686MB
RSS_SAMPLE t=1061.6s rss=4686MB hwm=4686MB
RSS_SAMPLE t=1061.8s rss=4686MB hwm=4686MB
RSS_SAMPLE t=1062.1s rss=4686MB hwm=4686MB
RSS_SAMPLE t=1062.3s rss=4686MB hwm=4686MB
RSS_SAMPLE t=1062.6s rss=4686MB hwm=4686MB
PHASE_MARK outer=11 leave=dcd_sweep rss=4686MB
PHASE_MARK outer=11 enter=post_refresh rss=4686MB
RSS_SAMPLE t=1062.8s rss=4686MB hwm=4686MB
RSS_SAMPLE t=1063.1s rss=4686MB hwm=4686MB
RSS_SAMPLE t=1063.3s rss=4686MB hwm=4686MB
RSS_SAMPLE t=1063.6s rss=4686MB hwm=4686MB
RSS_SAMPLE t=1063.8s rss=4686MB hwm=4686MB
RSS_SAMPLE t=1064.1s rss=4686MB hwm=4686MB
RSS_SAMPLE t=1064.3s rss=4686MB hwm=4686MB
RSS_SAMPLE t=1064.6s rss=4686MB hwm=4686MB
RSS_SAMPLE t=1064.8s rss=4686MB hwm=4686MB
RSS_SAMPLE t=1065.1s rss=4686MB hwm=4686MB
RSS_SAMPLE t=1065.3s rss=4686MB hwm=4686MB
RSS_SAMPLE t=1065.6s rss=4686MB hwm=4686MB
RSS_SAMPLE t=1065.8s rss=4686MB hwm=4686MB
RSS_SAMPLE t=1066.1s rss=4686MB hwm=4686MB
RSS_SAMPLE t=1066.3s rss=4686MB hwm=4686MB
RSS_SAMPLE t=1066.6s rss=4686MB hwm=4686MB
RSS_SAMPLE t=1066.8s rss=4686MB hwm=4686MB
RSS_SAMPLE t=1067.1s rss=4686MB hwm=4686MB
RSS_SAMPLE t=1067.3s rss=4686MB hwm=4686MB
RSS_SAMPLE t=1067.6s rss=4686MB hwm=4686MB
RSS_SAMPLE t=1067.8s rss=4686MB hwm=4686MB
RSS_SAMPLE t=1068.1s rss=4686MB hwm=4686MB
RSS_SAMPLE t=1068.3s rss=4686MB hwm=4686MB
RSS_SAMPLE t=1068.6s rss=4686MB hwm=4686MB
RSS_SAMPLE t=1068.8s rss=4686MB hwm=4686MB
RSS_SAMPLE t=1069.1s rss=4686MB hwm=4686MB
RSS_SAMPLE t=1069.3s rss=4686MB hwm=4686MB
RSS_SAMPLE t=1069.6s rss=4686MB hwm=4686MB
RSS_SAMPLE t=1069.8s rss=4686MB hwm=4686MB
RSS_SAMPLE t=1070.1s rss=4686MB hwm=4686MB
RSS_SAMPLE t=1070.3s rss=4686MB hwm=4686MB
RSS_SAMPLE t=1070.6s rss=4686MB hwm=4686MB
RSS_SAMPLE t=1070.8s rss=4686MB hwm=4686MB
RSS_SAMPLE t=1071.1s rss=4686MB hwm=4686MB
RSS_SAMPLE t=1071.3s rss=4686MB hwm=4686MB
RSS_SAMPLE t=1071.6s rss=4686MB hwm=4686MB
RSS_SAMPLE t=1071.8s rss=4686MB hwm=4686MB
RSS_SAMPLE t=1072.1s rss=4686MB hwm=4686MB
RSS_SAMPLE t=1072.3s rss=4686MB hwm=4686MB
RSS_SAMPLE t=1072.6s rss=4686MB hwm=4686MB
RSS_SAMPLE t=1072.8s rss=4687MB hwm=4687MB
RSS_SAMPLE t=1073.1s rss=4687MB hwm=4687MB
RSS_SAMPLE t=1073.3s rss=4687MB hwm=4687MB
RSS_SAMPLE t=1073.6s rss=4687MB hwm=4687MB
RSS_SAMPLE t=1073.8s rss=4687MB hwm=4687MB
RSS_SAMPLE t=1074.1s rss=4687MB hwm=4687MB
RSS_SAMPLE t=1074.3s rss=4687MB hwm=4687MB
RSS_SAMPLE t=1074.6s rss=4687MB hwm=4687MB
RSS_SAMPLE t=1074.8s rss=4687MB hwm=4687MB
RSS_SAMPLE t=1075.1s rss=4687MB hwm=4687MB
RSS_SAMPLE t=1075.3s rss=4687MB hwm=4687MB
RSS_SAMPLE t=1075.6s rss=4687MB hwm=4687MB
RSS_SAMPLE t=1075.8s rss=4687MB hwm=4687MB
RSS_SAMPLE t=1076.1s rss=4687MB hwm=4687MB
RSS_SAMPLE t=1076.3s rss=4687MB hwm=4687MB
RSS_SAMPLE t=1076.6s rss=4688MB hwm=4688MB
RSS_SAMPLE t=1076.8s rss=4688MB hwm=4688MB
RSS_SAMPLE t=1077.1s rss=4688MB hwm=4688MB
RSS_SAMPLE t=1077.3s rss=4688MB hwm=4688MB
RSS_SAMPLE t=1077.6s rss=4688MB hwm=4688MB
RSS_SAMPLE t=1077.8s rss=4688MB hwm=4688MB
RSS_SAMPLE t=1078.1s rss=4688MB hwm=4688MB
RSS_SAMPLE t=1078.3s rss=4688MB hwm=4688MB
RSS_SAMPLE t=1078.6s rss=4688MB hwm=4688MB
RSS_SAMPLE t=1078.8s rss=4688MB hwm=4688MB
RSS_SAMPLE t=1079.1s rss=4688MB hwm=4688MB
RSS_SAMPLE t=1079.3s rss=4688MB hwm=4688MB
RSS_SAMPLE t=1079.6s rss=4688MB hwm=4688MB
RSS_SAMPLE t=1079.8s rss=4688MB hwm=4688MB
RSS_SAMPLE t=1080.1s rss=4688MB hwm=4688MB
RSS_SAMPLE t=1080.3s rss=4689MB hwm=4689MB
RSS_SAMPLE t=1080.6s rss=4689MB hwm=4689MB
RSS_SAMPLE t=1080.8s rss=4689MB hwm=4689MB
RSS_SAMPLE t=1081.1s rss=4689MB hwm=4689MB
RSS_SAMPLE t=1081.3s rss=4689MB hwm=4689MB
RSS_SAMPLE t=1081.6s rss=4689MB hwm=4689MB
RSS_SAMPLE t=1081.8s rss=4689MB hwm=4689MB
RSS_SAMPLE t=1082.1s rss=4689MB hwm=4689MB
RSS_SAMPLE t=1082.3s rss=4689MB hwm=4689MB
RSS_SAMPLE t=1082.6s rss=4689MB hwm=4689MB
RSS_SAMPLE t=1082.8s rss=4689MB hwm=4689MB
RSS_SAMPLE t=1083.1s rss=4689MB hwm=4689MB
RSS_SAMPLE t=1083.3s rss=4689MB hwm=4689MB
RSS_SAMPLE t=1083.6s rss=4689MB hwm=4689MB
RSS_SAMPLE t=1083.8s rss=4689MB hwm=4689MB
RSS_SAMPLE t=1084.1s rss=4689MB hwm=4689MB
RSS_SAMPLE t=1084.3s rss=4689MB hwm=4689MB
RSS_SAMPLE t=1084.6s rss=4689MB hwm=4689MB
RSS_SAMPLE t=1084.8s rss=4689MB hwm=4689MB
RSS_SAMPLE t=1085.1s rss=4689MB hwm=4689MB
RSS_SAMPLE t=1085.3s rss=4689MB hwm=4689MB
RSS_SAMPLE t=1085.6s rss=4689MB hwm=4689MB
RSS_SAMPLE t=1085.8s rss=4689MB hwm=4689MB
RSS_SAMPLE t=1086.1s rss=4689MB hwm=4689MB
RSS_SAMPLE t=1086.3s rss=4689MB hwm=4689MB
RSS_SAMPLE t=1086.6s rss=4689MB hwm=4689MB
RSS_SAMPLE t=1086.8s rss=4689MB hwm=4689MB
RSS_SAMPLE t=1087.1s rss=4689MB hwm=4689MB
RSS_SAMPLE t=1087.3s rss=4689MB hwm=4689MB
RSS_SAMPLE t=1087.6s rss=4689MB hwm=4689MB
RSS_SAMPLE t=1087.8s rss=4689MB hwm=4689MB
RSS_SAMPLE t=1088.1s rss=4689MB hwm=4689MB
RSS_SAMPLE t=1088.4s rss=4689MB hwm=4689MB
RSS_SAMPLE t=1088.6s rss=4689MB hwm=4689MB
RSS_SAMPLE t=1088.9s rss=4689MB hwm=4689MB
RSS_SAMPLE t=1089.1s rss=4689MB hwm=4689MB
RSS_SAMPLE t=1089.4s rss=4689MB hwm=4689MB
RSS_SAMPLE t=1089.6s rss=4689MB hwm=4689MB
RSS_SAMPLE t=1089.9s rss=4689MB hwm=4689MB
RSS_SAMPLE t=1090.1s rss=4689MB hwm=4689MB
RSS_SAMPLE t=1090.4s rss=4689MB hwm=4689MB
RSS_SAMPLE t=1090.6s rss=4689MB hwm=4689MB
RSS_SAMPLE t=1090.9s rss=4689MB hwm=4689MB
RSS_SAMPLE t=1091.1s rss=4689MB hwm=4689MB
RSS_SAMPLE t=1091.4s rss=4689MB hwm=4689MB
RSS_SAMPLE t=1091.6s rss=4689MB hwm=4689MB
RSS_SAMPLE t=1091.9s rss=4689MB hwm=4689MB
RSS_SAMPLE t=1092.1s rss=4689MB hwm=4689MB
RSS_SAMPLE t=1092.4s rss=4689MB hwm=4689MB
RSS_SAMPLE t=1092.6s rss=4689MB hwm=4689MB
RSS_SAMPLE t=1092.9s rss=4689MB hwm=4689MB
RSS_SAMPLE t=1093.1s rss=4689MB hwm=4689MB
RSS_SAMPLE t=1093.4s rss=4689MB hwm=4689MB
RSS_SAMPLE t=1093.6s rss=4689MB hwm=4689MB
RSS_SAMPLE t=1093.9s rss=4689MB hwm=4689MB
RSS_SAMPLE t=1094.1s rss=4689MB hwm=4689MB
RSS_SAMPLE t=1094.4s rss=4689MB hwm=4689MB
RSS_SAMPLE t=1094.6s rss=4689MB hwm=4689MB
RSS_SAMPLE t=1094.9s rss=4689MB hwm=4689MB
RSS_SAMPLE t=1095.1s rss=4689MB hwm=4689MB
RSS_SAMPLE t=1095.4s rss=4689MB hwm=4689MB
RSS_SAMPLE t=1095.6s rss=4689MB hwm=4689MB
RSS_SAMPLE t=1095.9s rss=4689MB hwm=4689MB
RSS_SAMPLE t=1096.1s rss=4689MB hwm=4689MB
RSS_SAMPLE t=1096.4s rss=4690MB hwm=4690MB
RSS_SAMPLE t=1096.6s rss=4690MB hwm=4690MB
RSS_SAMPLE t=1096.9s rss=4690MB hwm=4690MB
RSS_SAMPLE t=1097.1s rss=4690MB hwm=4690MB
RSS_SAMPLE t=1097.4s rss=4690MB hwm=4690MB
RSS_SAMPLE t=1097.6s rss=4690MB hwm=4690MB
RSS_SAMPLE t=1097.9s rss=4690MB hwm=4690MB
RSS_SAMPLE t=1098.1s rss=4690MB hwm=4690MB
RSS_SAMPLE t=1098.4s rss=4690MB hwm=4690MB
RSS_SAMPLE t=1098.6s rss=4690MB hwm=4690MB
RSS_SAMPLE t=1098.9s rss=4690MB hwm=4690MB
RSS_SAMPLE t=1099.1s rss=4690MB hwm=4690MB
RSS_SAMPLE t=1099.4s rss=4690MB hwm=4690MB
RSS_SAMPLE t=1099.6s rss=4690MB hwm=4690MB
RSS_SAMPLE t=1099.9s rss=4690MB hwm=4690MB
RSS_SAMPLE t=1100.1s rss=4690MB hwm=4690MB
RSS_SAMPLE t=1100.4s rss=4690MB hwm=4690MB
RSS_SAMPLE t=1100.6s rss=4690MB hwm=4690MB
RSS_SAMPLE t=1100.9s rss=4690MB hwm=4690MB
RSS_SAMPLE t=1101.1s rss=4690MB hwm=4690MB
RSS_SAMPLE t=1101.4s rss=4690MB hwm=4690MB
RSS_SAMPLE t=1101.6s rss=4690MB hwm=4690MB
RSS_SAMPLE t=1101.9s rss=4690MB hwm=4690MB
RSS_SAMPLE t=1102.1s rss=4690MB hwm=4690MB
RSS_SAMPLE t=1102.4s rss=4690MB hwm=4690MB
RSS_SAMPLE t=1102.6s rss=4690MB hwm=4690MB
RSS_SAMPLE t=1102.9s rss=4690MB hwm=4690MB
RSS_SAMPLE t=1103.1s rss=4690MB hwm=4690MB
RSS_SAMPLE t=1103.4s rss=4690MB hwm=4690MB
RSS_SAMPLE t=1103.6s rss=4690MB hwm=4690MB
RSS_SAMPLE t=1103.9s rss=4690MB hwm=4690MB
RSS_SAMPLE t=1104.1s rss=4690MB hwm=4690MB
RSS_SAMPLE t=1104.4s rss=4690MB hwm=4690MB
RSS_SAMPLE t=1104.6s rss=4690MB hwm=4690MB
RSS_SAMPLE t=1104.9s rss=4690MB hwm=4690MB
RSS_SAMPLE t=1105.1s rss=4690MB hwm=4690MB
RSS_SAMPLE t=1105.4s rss=4690MB hwm=4690MB
RSS_SAMPLE t=1105.6s rss=4690MB hwm=4690MB
RSS_SAMPLE t=1105.9s rss=4690MB hwm=4690MB
RSS_SAMPLE t=1106.1s rss=4690MB hwm=4690MB
RSS_SAMPLE t=1106.4s rss=4690MB hwm=4690MB
RSS_SAMPLE t=1106.6s rss=4690MB hwm=4690MB
RSS_SAMPLE t=1106.9s rss=4690MB hwm=4690MB
RSS_SAMPLE t=1107.1s rss=4690MB hwm=4690MB
RSS_SAMPLE t=1107.4s rss=4690MB hwm=4690MB
RSS_SAMPLE t=1107.6s rss=4690MB hwm=4690MB
RSS_SAMPLE t=1107.9s rss=4690MB hwm=4690MB
RSS_SAMPLE t=1108.1s rss=4690MB hwm=4690MB
RSS_SAMPLE t=1108.4s rss=4690MB hwm=4690MB
RSS_SAMPLE t=1108.6s rss=4690MB hwm=4690MB
RSS_SAMPLE t=1108.9s rss=4690MB hwm=4690MB
RSS_SAMPLE t=1109.1s rss=4690MB hwm=4690MB
RSS_SAMPLE t=1109.4s rss=4690MB hwm=4690MB
RSS_SAMPLE t=1109.6s rss=4690MB hwm=4690MB
RSS_SAMPLE t=1109.9s rss=4690MB hwm=4690MB
RSS_SAMPLE t=1110.1s rss=4690MB hwm=4690MB
RSS_SAMPLE t=1110.4s rss=4690MB hwm=4690MB
RSS_SAMPLE t=1110.6s rss=4690MB hwm=4690MB
RSS_SAMPLE t=1110.9s rss=4690MB hwm=4690MB
RSS_SAMPLE t=1111.1s rss=4690MB hwm=4690MB
RSS_SAMPLE t=1111.4s rss=4690MB hwm=4690MB
RSS_SAMPLE t=1111.6s rss=4690MB hwm=4690MB
RSS_SAMPLE t=1111.9s rss=4690MB hwm=4690MB
RSS_SAMPLE t=1112.1s rss=4690MB hwm=4690MB
RSS_SAMPLE t=1112.4s rss=4690MB hwm=4690MB
RSS_SAMPLE t=1112.6s rss=4691MB hwm=4691MB
RSS_SAMPLE t=1112.9s rss=4691MB hwm=4691MB
RSS_SAMPLE t=1113.1s rss=4691MB hwm=4691MB
RSS_SAMPLE t=1113.4s rss=4691MB hwm=4691MB
RSS_SAMPLE t=1113.6s rss=4691MB hwm=4691MB
RSS_SAMPLE t=1113.9s rss=4691MB hwm=4691MB
RSS_SAMPLE t=1114.1s rss=4691MB hwm=4691MB
RSS_SAMPLE t=1114.4s rss=4691MB hwm=4691MB
RSS_SAMPLE t=1114.6s rss=4691MB hwm=4691MB
RSS_SAMPLE t=1114.9s rss=4691MB hwm=4691MB
RSS_SAMPLE t=1115.1s rss=4691MB hwm=4691MB
RSS_SAMPLE t=1115.4s rss=4691MB hwm=4691MB
RSS_SAMPLE t=1115.6s rss=4691MB hwm=4691MB
RSS_SAMPLE t=1115.9s rss=4691MB hwm=4691MB
RSS_SAMPLE t=1116.1s rss=4691MB hwm=4691MB
RSS_SAMPLE t=1116.4s rss=4691MB hwm=4691MB
RSS_SAMPLE t=1116.6s rss=4691MB hwm=4691MB
RSS_SAMPLE t=1116.9s rss=4691MB hwm=4691MB
RSS_SAMPLE t=1117.1s rss=4691MB hwm=4691MB
RSS_SAMPLE t=1117.4s rss=4691MB hwm=4691MB
RSS_SAMPLE t=1117.6s rss=4691MB hwm=4691MB
RSS_SAMPLE t=1117.9s rss=4691MB hwm=4691MB
RSS_SAMPLE t=1118.1s rss=4691MB hwm=4691MB
MEM_POOL: workspaces=32 dense_usage_mb=1251 n_pipes=2562403
    post_solve_diag[outer=11]: solves=105117 cap_armed=105117 (100.0%) settle_avg=4755 above_sink_avg=213 (4.5%) settle_max=69353
    load_support[outer=11]: settle_avg=4755 load_nz_avg=3620 (76.1%) load_material_avg=1639 (34.5%)
    prune_ceiling[outer=11]: settle_avg=4755 heuristic_prunable_avg=814 (17.1%) vs oracle_zero_load=23.9%
    settle_hist[outer=11]: <100: 25846nets/0.3%work  <1k: 28983nets/2.1%work  <5k: 24004nets/12.2%work  <20k: 18881nets/39.9%work  <60k: 7338nets/44.6%work  >=60k: 65nets/0.8%work
    fanout_hist[outer=11]: fan1: 43710nets/13.5%work  fan2-4: 48279nets/49.8%work  fan5-16: 12974nets/35.7%work  fan17-64: 154nets/1.0%work  fan65-256: 0nets/0.0%work  fan>256: 0nets/0.0%work
    rss_probe[outer=11]: pre_post_solve=4686MB post_post_solve=4691MB after_apply=4691MB
RSS_SAMPLE t=1118.4s rss=4691MB hwm=4691MB
    E_decomp: base=16221659.2 eff=27616070.5 cong=11394411.3 cong_share=41.3% sat_pipes=550437 max_util=763.20  R_buckets: 1-2x=2174299 2-10x=378356 10-100x=9748 >=100x=0
    E_potential: beckmann=1378284994446.4 history_total=0.0
    SpanCache: epoch=12 entries=3272 lookups=2562403 hits=2559131 misses=3272 hit_rate=99.9%
  DCD  11: nets=105117 line=10905799 energy=2102322.813 dE=-46539.319 friction=3299392.5 bins=1.8x(101) excess=23.2 moved=67831 disp=4.380 solves=105117 skip=105117 pops=499876070 theta=1.416 refresh=55728ms dcd=7459ms total=65764ms
    cache_stats: entries=59664503 capacity=126194600 est_mb=1088 rss_mb=4691
RSS_SAMPLE t=1118.6s rss=4691MB hwm=4691MB
RSS_SAMPLE t=1118.9s rss=4691MB hwm=4691MB
RSS_SAMPLE t=1119.1s rss=4691MB hwm=4691MB
RSS_SAMPLE t=1119.4s rss=4691MB hwm=4691MB
RSS_SAMPLE t=1119.6s rss=4691MB hwm=4691MB
RSS_SAMPLE t=1119.9s rss=4691MB hwm=4691MB
RSS_SAMPLE t=1120.1s rss=4691MB hwm=4691MB
RSS_SAMPLE t=1120.4s rss=4691MB hwm=4691MB
RSS_SAMPLE t=1120.6s rss=4691MB hwm=4691MB
RSS_SAMPLE t=1120.9s rss=4691MB hwm=4691MB
    SwitchMatrix: type_usage_pairs=989 lookups=3128 hits=2139 dijkstra_calls=989 avg_us=14.2 total_ms=14.1
PHASE_MARK outer=12 enter=pre_solve rss=4691MB
    rss_probe[outer=12]: pre_refresh_rss=4691MB post_pre_solve_rss=4691MB cache_entries=59664503 cache_cap=126194600 cache_est_mb=1088
    pre_solve_diag[outer=12]: solves=0 fallback=0 (0.0%) cap_armed=0 (0.0%) settle_avg=0 settle_max=0 init_count=248
    Overflow: over=487735 (19.0% of used) avg_excess=1.20 max_excess=2648.33 (nc=2672.33 cap=24 span=1)  excess_buckets: <=1=332758 1-5=138978 5-20=14326 >20=1673  by_cap: cap1=255557 cap2=199191 cap3-5=486 cap>5=32501  by_span: s1=531 s2-3=1312 s4-6=28421 s7-12=189958 s>12=267513  le1_cross: cap1=210202 cap2-5=116732 cap>5=5824
    Congestion: pipes=2562403 used=2562403 congested(>50%)=963573 saturated(>90%)=550437 max_util=763.20 avg_util=0.5626
PHASE_MARK outer=12 enter=dcd_sweep rss=4691MB
RSS_SAMPLE t=1121.1s rss=4691MB hwm=4691MB
RSS_SAMPLE t=1121.4s rss=4691MB hwm=4691MB
RSS_SAMPLE t=1121.6s rss=4691MB hwm=4691MB
RSS_SAMPLE t=1121.9s rss=4691MB hwm=4691MB
RSS_SAMPLE t=1122.1s rss=4691MB hwm=4691MB
RSS_SAMPLE t=1122.4s rss=4691MB hwm=4691MB
RSS_SAMPLE t=1122.6s rss=4691MB hwm=4691MB
RSS_SAMPLE t=1122.9s rss=4691MB hwm=4691MB
RSS_SAMPLE t=1123.1s rss=4691MB hwm=4691MB
RSS_SAMPLE t=1123.4s rss=4691MB hwm=4691MB
RSS_SAMPLE t=1123.6s rss=4691MB hwm=4691MB
RSS_SAMPLE t=1123.9s rss=4691MB hwm=4691MB
RSS_SAMPLE t=1124.1s rss=4691MB hwm=4691MB
RSS_SAMPLE t=1124.4s rss=4691MB hwm=4691MB
RSS_SAMPLE t=1124.6s rss=4691MB hwm=4691MB
RSS_SAMPLE t=1124.9s rss=4691MB hwm=4691MB
RSS_SAMPLE t=1125.1s rss=4691MB hwm=4691MB
RSS_SAMPLE t=1125.4s rss=4691MB hwm=4691MB
RSS_SAMPLE t=1125.6s rss=4691MB hwm=4691MB
RSS_SAMPLE t=1125.9s rss=4691MB hwm=4691MB
RSS_SAMPLE t=1126.1s rss=4691MB hwm=4691MB
RSS_SAMPLE t=1126.4s rss=4691MB hwm=4691MB
RSS_SAMPLE t=1126.6s rss=4691MB hwm=4691MB
RSS_SAMPLE t=1126.9s rss=4691MB hwm=4691MB
RSS_SAMPLE t=1127.1s rss=4691MB hwm=4691MB
RSS_SAMPLE t=1127.4s rss=4691MB hwm=4691MB
RSS_SAMPLE t=1127.6s rss=4691MB hwm=4691MB
RSS_SAMPLE t=1127.9s rss=4691MB hwm=4691MB
RSS_SAMPLE t=1128.1s rss=4691MB hwm=4691MB
PHASE_MARK outer=12 leave=dcd_sweep rss=4691MB
PHASE_MARK outer=12 enter=post_refresh rss=4691MB
RSS_SAMPLE t=1128.4s rss=4691MB hwm=4691MB
RSS_SAMPLE t=1128.6s rss=4691MB hwm=4691MB
RSS_SAMPLE t=1128.9s rss=4691MB hwm=4691MB
RSS_SAMPLE t=1129.1s rss=4691MB hwm=4691MB
RSS_SAMPLE t=1129.4s rss=4691MB hwm=4691MB
RSS_SAMPLE t=1129.6s rss=4691MB hwm=4691MB
RSS_SAMPLE t=1129.9s rss=4691MB hwm=4691MB
RSS_SAMPLE t=1130.1s rss=4691MB hwm=4691MB
RSS_SAMPLE t=1130.4s rss=4691MB hwm=4691MB
RSS_SAMPLE t=1130.6s rss=4691MB hwm=4691MB
RSS_SAMPLE t=1130.9s rss=4691MB hwm=4691MB
RSS_SAMPLE t=1131.1s rss=4691MB hwm=4691MB
RSS_SAMPLE t=1131.4s rss=4691MB hwm=4691MB
RSS_SAMPLE t=1131.6s rss=4691MB hwm=4691MB
RSS_SAMPLE t=1131.9s rss=4691MB hwm=4691MB
RSS_SAMPLE t=1132.1s rss=4691MB hwm=4691MB
RSS_SAMPLE t=1132.4s rss=4691MB hwm=4691MB
RSS_SAMPLE t=1132.6s rss=4691MB hwm=4691MB
RSS_SAMPLE t=1132.9s rss=4691MB hwm=4691MB
RSS_SAMPLE t=1133.1s rss=4691MB hwm=4691MB
RSS_SAMPLE t=1133.4s rss=4691MB hwm=4691MB
RSS_SAMPLE t=1133.6s rss=4691MB hwm=4691MB
RSS_SAMPLE t=1133.9s rss=4691MB hwm=4691MB
RSS_SAMPLE t=1134.1s rss=4691MB hwm=4691MB
RSS_SAMPLE t=1134.4s rss=4691MB hwm=4691MB
RSS_SAMPLE t=1134.6s rss=4691MB hwm=4691MB
RSS_SAMPLE t=1134.9s rss=4691MB hwm=4691MB
RSS_SAMPLE t=1135.1s rss=4691MB hwm=4691MB
RSS_SAMPLE t=1135.4s rss=4692MB hwm=4692MB
RSS_SAMPLE t=1135.6s rss=4692MB hwm=4692MB
RSS_SAMPLE t=1135.9s rss=4692MB hwm=4692MB
RSS_SAMPLE t=1136.1s rss=4692MB hwm=4692MB
RSS_SAMPLE t=1136.4s rss=4692MB hwm=4692MB
RSS_SAMPLE t=1136.6s rss=4692MB hwm=4692MB
RSS_SAMPLE t=1136.9s rss=4692MB hwm=4692MB
RSS_SAMPLE t=1137.1s rss=4692MB hwm=4692MB
RSS_SAMPLE t=1137.4s rss=4692MB hwm=4692MB
RSS_SAMPLE t=1137.6s rss=4692MB hwm=4692MB
RSS_SAMPLE t=1137.9s rss=4692MB hwm=4692MB
RSS_SAMPLE t=1138.1s rss=4692MB hwm=4692MB
RSS_SAMPLE t=1138.4s rss=4692MB hwm=4692MB
RSS_SAMPLE t=1138.6s rss=4692MB hwm=4692MB
RSS_SAMPLE t=1138.9s rss=4692MB hwm=4692MB
RSS_SAMPLE t=1139.1s rss=4692MB hwm=4692MB
RSS_SAMPLE t=1139.4s rss=4692MB hwm=4692MB
RSS_SAMPLE t=1139.6s rss=4692MB hwm=4692MB
RSS_SAMPLE t=1139.9s rss=4692MB hwm=4692MB
RSS_SAMPLE t=1140.1s rss=4692MB hwm=4692MB
RSS_SAMPLE t=1140.4s rss=4692MB hwm=4692MB
RSS_SAMPLE t=1140.6s rss=4692MB hwm=4692MB
RSS_SAMPLE t=1140.9s rss=4692MB hwm=4692MB
RSS_SAMPLE t=1141.1s rss=4692MB hwm=4692MB
RSS_SAMPLE t=1141.4s rss=4692MB hwm=4692MB
RSS_SAMPLE t=1141.6s rss=4692MB hwm=4692MB
RSS_SAMPLE t=1141.9s rss=4692MB hwm=4692MB
RSS_SAMPLE t=1142.1s rss=4692MB hwm=4692MB
RSS_SAMPLE t=1142.4s rss=4693MB hwm=4693MB
RSS_SAMPLE t=1142.6s rss=4693MB hwm=4693MB
RSS_SAMPLE t=1142.9s rss=4693MB hwm=4693MB
RSS_SAMPLE t=1143.1s rss=4693MB hwm=4693MB
RSS_SAMPLE t=1143.4s rss=4693MB hwm=4693MB
RSS_SAMPLE t=1143.6s rss=4693MB hwm=4693MB
RSS_SAMPLE t=1143.9s rss=4693MB hwm=4693MB
RSS_SAMPLE t=1144.1s rss=4693MB hwm=4693MB
RSS_SAMPLE t=1144.4s rss=4693MB hwm=4693MB
RSS_SAMPLE t=1144.6s rss=4693MB hwm=4693MB
RSS_SAMPLE t=1144.9s rss=4693MB hwm=4693MB
RSS_SAMPLE t=1145.1s rss=4693MB hwm=4693MB
RSS_SAMPLE t=1145.4s rss=4693MB hwm=4693MB
RSS_SAMPLE t=1145.6s rss=4693MB hwm=4693MB
RSS_SAMPLE t=1145.9s rss=4693MB hwm=4693MB
RSS_SAMPLE t=1146.1s rss=4693MB hwm=4693MB
RSS_SAMPLE t=1146.4s rss=4693MB hwm=4693MB
RSS_SAMPLE t=1146.6s rss=4693MB hwm=4693MB
RSS_SAMPLE t=1146.9s rss=4693MB hwm=4693MB
RSS_SAMPLE t=1147.1s rss=4693MB hwm=4693MB
RSS_SAMPLE t=1147.4s rss=4693MB hwm=4693MB
RSS_SAMPLE t=1147.6s rss=4693MB hwm=4693MB
RSS_SAMPLE t=1147.9s rss=4693MB hwm=4693MB
RSS_SAMPLE t=1148.2s rss=4693MB hwm=4693MB
RSS_SAMPLE t=1148.4s rss=4693MB hwm=4693MB
RSS_SAMPLE t=1148.7s rss=4693MB hwm=4693MB
RSS_SAMPLE t=1148.9s rss=4694MB hwm=4694MB
RSS_SAMPLE t=1149.2s rss=4694MB hwm=4694MB
RSS_SAMPLE t=1149.4s rss=4694MB hwm=4694MB
RSS_SAMPLE t=1149.7s rss=4694MB hwm=4694MB
RSS_SAMPLE t=1149.9s rss=4694MB hwm=4694MB
RSS_SAMPLE t=1150.2s rss=4694MB hwm=4694MB
RSS_SAMPLE t=1150.4s rss=4694MB hwm=4694MB
RSS_SAMPLE t=1150.7s rss=4694MB hwm=4694MB
RSS_SAMPLE t=1150.9s rss=4694MB hwm=4694MB
RSS_SAMPLE t=1151.2s rss=4694MB hwm=4694MB
RSS_SAMPLE t=1151.4s rss=4694MB hwm=4694MB
RSS_SAMPLE t=1151.7s rss=4695MB hwm=4695MB
RSS_SAMPLE t=1151.9s rss=4695MB hwm=4695MB
RSS_SAMPLE t=1152.2s rss=4695MB hwm=4695MB
RSS_SAMPLE t=1152.4s rss=4695MB hwm=4695MB
RSS_SAMPLE t=1152.7s rss=4695MB hwm=4695MB
RSS_SAMPLE t=1152.9s rss=4696MB hwm=4696MB
RSS_SAMPLE t=1153.2s rss=4696MB hwm=4696MB
RSS_SAMPLE t=1153.4s rss=4696MB hwm=4696MB
RSS_SAMPLE t=1153.7s rss=4696MB hwm=4696MB
RSS_SAMPLE t=1153.9s rss=4696MB hwm=4696MB
RSS_SAMPLE t=1154.2s rss=4696MB hwm=4696MB
RSS_SAMPLE t=1154.4s rss=4696MB hwm=4696MB
RSS_SAMPLE t=1154.7s rss=4696MB hwm=4696MB
RSS_SAMPLE t=1154.9s rss=4696MB hwm=4696MB
RSS_SAMPLE t=1155.2s rss=4696MB hwm=4696MB
RSS_SAMPLE t=1155.4s rss=4696MB hwm=4696MB
RSS_SAMPLE t=1155.7s rss=4696MB hwm=4696MB
RSS_SAMPLE t=1155.9s rss=4696MB hwm=4696MB
RSS_SAMPLE t=1156.2s rss=4696MB hwm=4696MB
RSS_SAMPLE t=1156.4s rss=4696MB hwm=4696MB
RSS_SAMPLE t=1156.7s rss=4696MB hwm=4696MB
RSS_SAMPLE t=1156.9s rss=4697MB hwm=4697MB
RSS_SAMPLE t=1157.2s rss=4697MB hwm=4697MB
RSS_SAMPLE t=1157.4s rss=4697MB hwm=4697MB
RSS_SAMPLE t=1157.7s rss=4697MB hwm=4697MB
RSS_SAMPLE t=1157.9s rss=4697MB hwm=4697MB
RSS_SAMPLE t=1158.2s rss=4697MB hwm=4697MB
RSS_SAMPLE t=1158.4s rss=4697MB hwm=4697MB
RSS_SAMPLE t=1158.7s rss=4697MB hwm=4697MB
RSS_SAMPLE t=1158.9s rss=4697MB hwm=4697MB
RSS_SAMPLE t=1159.2s rss=4697MB hwm=4697MB
RSS_SAMPLE t=1159.4s rss=4697MB hwm=4697MB
RSS_SAMPLE t=1159.7s rss=4697MB hwm=4697MB
RSS_SAMPLE t=1159.9s rss=4697MB hwm=4697MB
RSS_SAMPLE t=1160.2s rss=4697MB hwm=4697MB
RSS_SAMPLE t=1160.4s rss=4697MB hwm=4697MB
RSS_SAMPLE t=1160.7s rss=4697MB hwm=4697MB
RSS_SAMPLE t=1160.9s rss=4697MB hwm=4697MB
RSS_SAMPLE t=1161.2s rss=4697MB hwm=4697MB
RSS_SAMPLE t=1161.4s rss=4697MB hwm=4697MB
RSS_SAMPLE t=1161.7s rss=4697MB hwm=4697MB
RSS_SAMPLE t=1161.9s rss=4697MB hwm=4697MB
RSS_SAMPLE t=1162.2s rss=4697MB hwm=4697MB
RSS_SAMPLE t=1162.4s rss=4697MB hwm=4697MB
RSS_SAMPLE t=1162.7s rss=4697MB hwm=4697MB
RSS_SAMPLE t=1162.9s rss=4697MB hwm=4697MB
RSS_SAMPLE t=1163.2s rss=4697MB hwm=4697MB
RSS_SAMPLE t=1163.4s rss=4697MB hwm=4697MB
RSS_SAMPLE t=1163.7s rss=4697MB hwm=4697MB
RSS_SAMPLE t=1163.9s rss=4697MB hwm=4697MB
RSS_SAMPLE t=1164.2s rss=4697MB hwm=4697MB
RSS_SAMPLE t=1164.4s rss=4697MB hwm=4697MB
RSS_SAMPLE t=1164.7s rss=4697MB hwm=4697MB
RSS_SAMPLE t=1164.9s rss=4697MB hwm=4697MB
RSS_SAMPLE t=1165.2s rss=4697MB hwm=4697MB
RSS_SAMPLE t=1165.4s rss=4697MB hwm=4697MB
RSS_SAMPLE t=1165.7s rss=4697MB hwm=4697MB
RSS_SAMPLE t=1165.9s rss=4697MB hwm=4697MB
RSS_SAMPLE t=1166.2s rss=4697MB hwm=4697MB
RSS_SAMPLE t=1166.4s rss=4697MB hwm=4697MB
RSS_SAMPLE t=1166.7s rss=4697MB hwm=4697MB
RSS_SAMPLE t=1166.9s rss=4697MB hwm=4697MB
RSS_SAMPLE t=1167.2s rss=4697MB hwm=4697MB
RSS_SAMPLE t=1167.4s rss=4697MB hwm=4697MB
RSS_SAMPLE t=1167.7s rss=4697MB hwm=4697MB
RSS_SAMPLE t=1167.9s rss=4697MB hwm=4697MB
RSS_SAMPLE t=1168.2s rss=4697MB hwm=4697MB
RSS_SAMPLE t=1168.4s rss=4697MB hwm=4697MB
RSS_SAMPLE t=1168.7s rss=4697MB hwm=4697MB
RSS_SAMPLE t=1168.9s rss=4697MB hwm=4697MB
RSS_SAMPLE t=1169.2s rss=4697MB hwm=4697MB
RSS_SAMPLE t=1169.4s rss=4697MB hwm=4697MB
RSS_SAMPLE t=1169.7s rss=4697MB hwm=4697MB
RSS_SAMPLE t=1169.9s rss=4697MB hwm=4697MB
RSS_SAMPLE t=1170.2s rss=4697MB hwm=4697MB
RSS_SAMPLE t=1170.4s rss=4697MB hwm=4697MB
RSS_SAMPLE t=1170.7s rss=4697MB hwm=4697MB
RSS_SAMPLE t=1170.9s rss=4697MB hwm=4697MB
RSS_SAMPLE t=1171.2s rss=4697MB hwm=4697MB
RSS_SAMPLE t=1171.4s rss=4697MB hwm=4697MB
RSS_SAMPLE t=1171.7s rss=4697MB hwm=4697MB
RSS_SAMPLE t=1171.9s rss=4697MB hwm=4697MB
RSS_SAMPLE t=1172.2s rss=4697MB hwm=4697MB
RSS_SAMPLE t=1172.4s rss=4697MB hwm=4697MB
RSS_SAMPLE t=1172.7s rss=4697MB hwm=4697MB
RSS_SAMPLE t=1172.9s rss=4697MB hwm=4697MB
RSS_SAMPLE t=1173.2s rss=4697MB hwm=4697MB
RSS_SAMPLE t=1173.4s rss=4697MB hwm=4697MB
RSS_SAMPLE t=1173.7s rss=4697MB hwm=4697MB
RSS_SAMPLE t=1173.9s rss=4697MB hwm=4697MB
RSS_SAMPLE t=1174.2s rss=4697MB hwm=4697MB
RSS_SAMPLE t=1174.4s rss=4697MB hwm=4697MB
RSS_SAMPLE t=1174.7s rss=4697MB hwm=4697MB
RSS_SAMPLE t=1174.9s rss=4697MB hwm=4697MB
RSS_SAMPLE t=1175.2s rss=4697MB hwm=4697MB
RSS_SAMPLE t=1175.4s rss=4697MB hwm=4697MB
RSS_SAMPLE t=1175.7s rss=4697MB hwm=4697MB
RSS_SAMPLE t=1175.9s rss=4697MB hwm=4697MB
RSS_SAMPLE t=1176.2s rss=4697MB hwm=4697MB
RSS_SAMPLE t=1176.4s rss=4697MB hwm=4697MB
RSS_SAMPLE t=1176.7s rss=4697MB hwm=4697MB
RSS_SAMPLE t=1176.9s rss=4697MB hwm=4697MB
RSS_SAMPLE t=1177.2s rss=4697MB hwm=4697MB
RSS_SAMPLE t=1177.4s rss=4697MB hwm=4697MB
RSS_SAMPLE t=1177.7s rss=4697MB hwm=4697MB
RSS_SAMPLE t=1177.9s rss=4697MB hwm=4697MB
RSS_SAMPLE t=1178.2s rss=4697MB hwm=4697MB
RSS_SAMPLE t=1178.4s rss=4697MB hwm=4697MB
RSS_SAMPLE t=1178.7s rss=4697MB hwm=4697MB
RSS_SAMPLE t=1178.9s rss=4697MB hwm=4697MB
RSS_SAMPLE t=1179.2s rss=4697MB hwm=4697MB
RSS_SAMPLE t=1179.4s rss=4697MB hwm=4697MB
RSS_SAMPLE t=1179.7s rss=4697MB hwm=4697MB
RSS_SAMPLE t=1179.9s rss=4697MB hwm=4697MB
RSS_SAMPLE t=1180.2s rss=4697MB hwm=4697MB
MEM_POOL: workspaces=32 dense_usage_mb=1251 n_pipes=2562403
    post_solve_diag[outer=12]: solves=105117 cap_armed=105117 (100.0%) settle_avg=4518 above_sink_avg=209 (4.6%) settle_max=69353
    load_support[outer=12]: settle_avg=4518 load_nz_avg=3364 (74.4%) load_material_avg=1562 (34.6%)
    prune_ceiling[outer=12]: settle_avg=4518 heuristic_prunable_avg=725 (16.1%) vs oracle_zero_load=25.6%
    settle_hist[outer=12]: <100: 26057nets/0.3%work  <1k: 29608nets/2.3%work  <5k: 23861nets/12.9%work  <20k: 18952nets/41.8%work  <60k: 6587nets/42.0%work  >=60k: 52nets/0.7%work
    fanout_hist[outer=12]: fan1: 43710nets/13.6%work  fan2-4: 48279nets/49.7%work  fan5-16: 12974nets/35.7%work  fan17-64: 154nets/1.0%work  fan65-256: 0nets/0.0%work  fan>256: 0nets/0.0%work
    rss_probe[outer=12]: pre_post_solve=4691MB post_post_solve=4697MB after_apply=4697MB
    E_decomp: base=15238929.0 eff=26296149.6 cong=11057220.5 cong_share=42.0% sat_pipes=513759 max_util=806.37  R_buckets: 1-2x=2146254 2-10x=407573 10-100x=8576 >=100x=0
    E_potential: beckmann=1725545906404.0 history_total=0.0
    SpanCache: epoch=13 entries=3128 lookups=2562403 hits=2559275 misses=3128 hit_rate=99.9%
  DCD  12: nets=105117 line=10509687 energy=2026486.569 dE=-75836.244 friction=3484638.1 bins=1.8x(105) excess=26.6 moved=67881 disp=4.139 solves=105117 skip=105117 pops=474931459 theta=1.658 refresh=52077ms dcd=7166ms total=61907ms
    cache_stats: entries=59011438 capacity=126202692 est_mb=1088 rss_mb=4697
RSS_SAMPLE t=1180.4s rss=4697MB hwm=4697MB
RSS_SAMPLE t=1180.7s rss=4697MB hwm=4697MB
RSS_SAMPLE t=1180.9s rss=4697MB hwm=4697MB
RSS_SAMPLE t=1181.2s rss=4697MB hwm=4697MB
RSS_SAMPLE t=1181.4s rss=4697MB hwm=4697MB
RSS_SAMPLE t=1181.7s rss=4697MB hwm=4697MB
RSS_SAMPLE t=1181.9s rss=4697MB hwm=4697MB
RSS_SAMPLE t=1182.2s rss=4697MB hwm=4697MB
RSS_SAMPLE t=1182.4s rss=4697MB hwm=4697MB
RSS_SAMPLE t=1182.7s rss=4697MB hwm=4697MB
    SwitchMatrix: type_usage_pairs=1022 lookups=3248 hits=2226 dijkstra_calls=1022 avg_us=13.1 total_ms=13.4
PHASE_MARK outer=13 enter=pre_solve rss=4697MB
    rss_probe[outer=13]: pre_refresh_rss=4697MB post_pre_solve_rss=4697MB cache_entries=59011438 cache_cap=126202692 cache_est_mb=1088
    pre_solve_diag[outer=13]: solves=0 fallback=0 (0.0%) cap_armed=0 (0.0%) settle_avg=0 settle_max=0 init_count=248
    Overflow: over=449728 (17.6% of used) avg_excess=1.17 max_excess=2679.27 (nc=2703.27 cap=24 span=1)  excess_buckets: <=1=327186 1-5=107517 5-20=13311 >20=1714  by_cap: cap1=233291 cap2=186686 cap3-5=427 cap>5=29324  by_span: s1=498 s2-3=1256 s4-6=25486 s7-12=178807 s>12=243681  le1_cross: cap1=201058 cap2-5=120696 cap>5=5432
    Congestion: pipes=2562403 used=2562403 congested(>50%)=906313 saturated(>90%)=513759 max_util=806.37 avg_util=0.5267
PHASE_MARK outer=13 enter=dcd_sweep rss=4697MB
RSS_SAMPLE t=1182.9s rss=4697MB hwm=4697MB
RSS_SAMPLE t=1183.2s rss=4697MB hwm=4697MB
RSS_SAMPLE t=1183.4s rss=4697MB hwm=4697MB
RSS_SAMPLE t=1183.7s rss=4697MB hwm=4697MB
RSS_SAMPLE t=1183.9s rss=4697MB hwm=4697MB
RSS_SAMPLE t=1184.2s rss=4697MB hwm=4697MB
RSS_SAMPLE t=1184.4s rss=4697MB hwm=4697MB
RSS_SAMPLE t=1184.7s rss=4697MB hwm=4697MB
RSS_SAMPLE t=1184.9s rss=4697MB hwm=4697MB
RSS_SAMPLE t=1185.2s rss=4697MB hwm=4697MB
RSS_SAMPLE t=1185.4s rss=4697MB hwm=4697MB
RSS_SAMPLE t=1185.7s rss=4697MB hwm=4697MB
RSS_SAMPLE t=1185.9s rss=4697MB hwm=4697MB
RSS_SAMPLE t=1186.2s rss=4697MB hwm=4697MB
RSS_SAMPLE t=1186.4s rss=4697MB hwm=4697MB
RSS_SAMPLE t=1186.7s rss=4697MB hwm=4697MB
RSS_SAMPLE t=1186.9s rss=4697MB hwm=4697MB
RSS_SAMPLE t=1187.2s rss=4697MB hwm=4697MB
RSS_SAMPLE t=1187.4s rss=4697MB hwm=4697MB
RSS_SAMPLE t=1187.7s rss=4697MB hwm=4697MB
RSS_SAMPLE t=1187.9s rss=4697MB hwm=4697MB
RSS_SAMPLE t=1188.2s rss=4697MB hwm=4697MB
RSS_SAMPLE t=1188.4s rss=4697MB hwm=4697MB
RSS_SAMPLE t=1188.7s rss=4697MB hwm=4697MB
RSS_SAMPLE t=1188.9s rss=4697MB hwm=4697MB
RSS_SAMPLE t=1189.2s rss=4697MB hwm=4697MB
RSS_SAMPLE t=1189.4s rss=4697MB hwm=4697MB
RSS_SAMPLE t=1189.7s rss=4697MB hwm=4697MB
RSS_SAMPLE t=1189.9s rss=4697MB hwm=4697MB
PHASE_MARK outer=13 leave=dcd_sweep rss=4697MB
PHASE_MARK outer=13 enter=post_refresh rss=4697MB
RSS_SAMPLE t=1190.2s rss=4697MB hwm=4697MB
RSS_SAMPLE t=1190.4s rss=4697MB hwm=4697MB
RSS_SAMPLE t=1190.7s rss=4697MB hwm=4697MB
RSS_SAMPLE t=1190.9s rss=4697MB hwm=4697MB
RSS_SAMPLE t=1191.2s rss=4697MB hwm=4697MB
RSS_SAMPLE t=1191.4s rss=4697MB hwm=4697MB
RSS_SAMPLE t=1191.7s rss=4697MB hwm=4697MB
RSS_SAMPLE t=1191.9s rss=4697MB hwm=4697MB
RSS_SAMPLE t=1192.2s rss=4697MB hwm=4697MB
RSS_SAMPLE t=1192.4s rss=4697MB hwm=4697MB
RSS_SAMPLE t=1192.7s rss=4697MB hwm=4697MB
RSS_SAMPLE t=1192.9s rss=4697MB hwm=4697MB
RSS_SAMPLE t=1193.2s rss=4697MB hwm=4697MB
RSS_SAMPLE t=1193.4s rss=4697MB hwm=4697MB
RSS_SAMPLE t=1193.7s rss=4697MB hwm=4697MB
RSS_SAMPLE t=1193.9s rss=4697MB hwm=4697MB
RSS_SAMPLE t=1194.2s rss=4697MB hwm=4697MB
RSS_SAMPLE t=1194.4s rss=4698MB hwm=4698MB
RSS_SAMPLE t=1194.7s rss=4698MB hwm=4698MB
RSS_SAMPLE t=1194.9s rss=4698MB hwm=4698MB
RSS_SAMPLE t=1195.2s rss=4698MB hwm=4698MB
RSS_SAMPLE t=1195.4s rss=4698MB hwm=4698MB
RSS_SAMPLE t=1195.7s rss=4698MB hwm=4698MB
RSS_SAMPLE t=1195.9s rss=4698MB hwm=4698MB
RSS_SAMPLE t=1196.2s rss=4698MB hwm=4698MB
RSS_SAMPLE t=1196.4s rss=4698MB hwm=4698MB
RSS_SAMPLE t=1196.7s rss=4698MB hwm=4698MB
RSS_SAMPLE t=1196.9s rss=4698MB hwm=4698MB
RSS_SAMPLE t=1197.2s rss=4698MB hwm=4698MB
RSS_SAMPLE t=1197.4s rss=4698MB hwm=4698MB
RSS_SAMPLE t=1197.7s rss=4698MB hwm=4698MB
RSS_SAMPLE t=1197.9s rss=4698MB hwm=4698MB
RSS_SAMPLE t=1198.2s rss=4698MB hwm=4698MB
RSS_SAMPLE t=1198.4s rss=4698MB hwm=4698MB
RSS_SAMPLE t=1198.7s rss=4698MB hwm=4698MB
RSS_SAMPLE t=1198.9s rss=4698MB hwm=4698MB
RSS_SAMPLE t=1199.2s rss=4698MB hwm=4698MB
RSS_SAMPLE t=1199.4s rss=4699MB hwm=4699MB
RSS_SAMPLE t=1199.7s rss=4699MB hwm=4699MB
RSS_SAMPLE t=1199.9s rss=4699MB hwm=4699MB
RSS_SAMPLE t=1200.2s rss=4699MB hwm=4699MB
RSS_SAMPLE t=1200.4s rss=4699MB hwm=4699MB
RSS_SAMPLE t=1200.7s rss=4699MB hwm=4699MB
RSS_SAMPLE t=1200.9s rss=4699MB hwm=4699MB
RSS_SAMPLE t=1201.2s rss=4699MB hwm=4699MB
RSS_SAMPLE t=1201.4s rss=4699MB hwm=4699MB
RSS_SAMPLE t=1201.7s rss=4699MB hwm=4699MB
RSS_SAMPLE t=1201.9s rss=4699MB hwm=4699MB
RSS_SAMPLE t=1202.2s rss=4699MB hwm=4699MB
RSS_SAMPLE t=1202.4s rss=4700MB hwm=4700MB
RSS_SAMPLE t=1202.7s rss=4700MB hwm=4700MB
RSS_SAMPLE t=1202.9s rss=4700MB hwm=4700MB
RSS_SAMPLE t=1203.2s rss=4700MB hwm=4700MB
RSS_SAMPLE t=1203.4s rss=4700MB hwm=4700MB
RSS_SAMPLE t=1203.7s rss=4700MB hwm=4700MB
RSS_SAMPLE t=1203.9s rss=4700MB hwm=4700MB
RSS_SAMPLE t=1204.2s rss=4700MB hwm=4700MB
RSS_SAMPLE t=1204.5s rss=4700MB hwm=4700MB
RSS_SAMPLE t=1204.7s rss=4700MB hwm=4700MB
RSS_SAMPLE t=1205.0s rss=4700MB hwm=4700MB
RSS_SAMPLE t=1205.2s rss=4700MB hwm=4700MB
RSS_SAMPLE t=1205.5s rss=4700MB hwm=4700MB
RSS_SAMPLE t=1205.7s rss=4701MB hwm=4701MB
RSS_SAMPLE t=1206.0s rss=4701MB hwm=4701MB
RSS_SAMPLE t=1206.2s rss=4701MB hwm=4701MB
RSS_SAMPLE t=1206.5s rss=4701MB hwm=4701MB
RSS_SAMPLE t=1206.7s rss=4701MB hwm=4701MB
RSS_SAMPLE t=1207.0s rss=4701MB hwm=4701MB
RSS_SAMPLE t=1207.2s rss=4701MB hwm=4701MB
RSS_SAMPLE t=1207.5s rss=4701MB hwm=4701MB
RSS_SAMPLE t=1207.7s rss=4701MB hwm=4701MB
RSS_SAMPLE t=1208.0s rss=4701MB hwm=4701MB
RSS_SAMPLE t=1208.2s rss=4701MB hwm=4701MB
RSS_SAMPLE t=1208.5s rss=4701MB hwm=4701MB
RSS_SAMPLE t=1208.7s rss=4701MB hwm=4701MB
RSS_SAMPLE t=1209.0s rss=4702MB hwm=4702MB
RSS_SAMPLE t=1209.2s rss=4702MB hwm=4702MB
RSS_SAMPLE t=1209.5s rss=4702MB hwm=4702MB
RSS_SAMPLE t=1209.7s rss=4702MB hwm=4702MB
RSS_SAMPLE t=1210.0s rss=4702MB hwm=4702MB
RSS_SAMPLE t=1210.2s rss=4702MB hwm=4702MB
RSS_SAMPLE t=1210.5s rss=4702MB hwm=4702MB
RSS_SAMPLE t=1210.7s rss=4702MB hwm=4702MB
RSS_SAMPLE t=1211.0s rss=4702MB hwm=4702MB
RSS_SAMPLE t=1211.2s rss=4702MB hwm=4702MB
RSS_SAMPLE t=1211.5s rss=4702MB hwm=4702MB
RSS_SAMPLE t=1211.7s rss=4702MB hwm=4702MB
RSS_SAMPLE t=1212.0s rss=4702MB hwm=4702MB
RSS_SAMPLE t=1212.2s rss=4702MB hwm=4702MB
RSS_SAMPLE t=1212.5s rss=4702MB hwm=4702MB
RSS_SAMPLE t=1212.7s rss=4702MB hwm=4702MB
RSS_SAMPLE t=1213.0s rss=4702MB hwm=4702MB
RSS_SAMPLE t=1213.2s rss=4702MB hwm=4702MB
RSS_SAMPLE t=1213.5s rss=4702MB hwm=4702MB
RSS_SAMPLE t=1213.7s rss=4702MB hwm=4702MB
RSS_SAMPLE t=1214.0s rss=4702MB hwm=4702MB
RSS_SAMPLE t=1214.2s rss=4702MB hwm=4702MB
RSS_SAMPLE t=1214.5s rss=4702MB hwm=4702MB
RSS_SAMPLE t=1214.7s rss=4702MB hwm=4702MB
RSS_SAMPLE t=1215.0s rss=4703MB hwm=4703MB
RSS_SAMPLE t=1215.2s rss=4703MB hwm=4703MB
RSS_SAMPLE t=1215.5s rss=4703MB hwm=4703MB
RSS_SAMPLE t=1215.7s rss=4703MB hwm=4703MB
RSS_SAMPLE t=1216.0s rss=4703MB hwm=4703MB
RSS_SAMPLE t=1216.2s rss=4703MB hwm=4703MB
RSS_SAMPLE t=1216.5s rss=4703MB hwm=4703MB
RSS_SAMPLE t=1216.7s rss=4703MB hwm=4703MB
RSS_SAMPLE t=1217.0s rss=4703MB hwm=4703MB
RSS_SAMPLE t=1217.2s rss=4703MB hwm=4703MB
RSS_SAMPLE t=1217.5s rss=4703MB hwm=4703MB
RSS_SAMPLE t=1217.7s rss=4703MB hwm=4703MB
RSS_SAMPLE t=1218.0s rss=4703MB hwm=4703MB
RSS_SAMPLE t=1218.2s rss=4703MB hwm=4703MB
RSS_SAMPLE t=1218.5s rss=4703MB hwm=4703MB
RSS_SAMPLE t=1218.7s rss=4703MB hwm=4703MB
RSS_SAMPLE t=1219.0s rss=4703MB hwm=4703MB
RSS_SAMPLE t=1219.2s rss=4703MB hwm=4703MB
RSS_SAMPLE t=1219.5s rss=4703MB hwm=4703MB
RSS_SAMPLE t=1219.7s rss=4703MB hwm=4703MB
RSS_SAMPLE t=1220.0s rss=4703MB hwm=4703MB
RSS_SAMPLE t=1220.2s rss=4703MB hwm=4703MB
RSS_SAMPLE t=1220.5s rss=4703MB hwm=4703MB
RSS_SAMPLE t=1220.7s rss=4703MB hwm=4703MB
RSS_SAMPLE t=1221.0s rss=4703MB hwm=4703MB
RSS_SAMPLE t=1221.2s rss=4703MB hwm=4703MB
RSS_SAMPLE t=1221.5s rss=4703MB hwm=4703MB
RSS_SAMPLE t=1221.7s rss=4703MB hwm=4703MB
RSS_SAMPLE t=1222.0s rss=4703MB hwm=4703MB
RSS_SAMPLE t=1222.2s rss=4703MB hwm=4703MB
RSS_SAMPLE t=1222.5s rss=4703MB hwm=4703MB
RSS_SAMPLE t=1222.7s rss=4703MB hwm=4703MB
RSS_SAMPLE t=1223.0s rss=4703MB hwm=4703MB
RSS_SAMPLE t=1223.2s rss=4703MB hwm=4703MB
RSS_SAMPLE t=1223.5s rss=4703MB hwm=4703MB
RSS_SAMPLE t=1223.7s rss=4703MB hwm=4703MB
RSS_SAMPLE t=1224.0s rss=4703MB hwm=4703MB
RSS_SAMPLE t=1224.2s rss=4703MB hwm=4703MB
RSS_SAMPLE t=1224.5s rss=4703MB hwm=4703MB
RSS_SAMPLE t=1224.7s rss=4703MB hwm=4703MB
RSS_SAMPLE t=1225.0s rss=4703MB hwm=4703MB
RSS_SAMPLE t=1225.2s rss=4703MB hwm=4703MB
RSS_SAMPLE t=1225.5s rss=4703MB hwm=4703MB
RSS_SAMPLE t=1225.7s rss=4703MB hwm=4703MB
RSS_SAMPLE t=1226.0s rss=4703MB hwm=4703MB
RSS_SAMPLE t=1226.2s rss=4703MB hwm=4703MB
RSS_SAMPLE t=1226.5s rss=4703MB hwm=4703MB
RSS_SAMPLE t=1226.7s rss=4703MB hwm=4703MB
RSS_SAMPLE t=1227.0s rss=4703MB hwm=4703MB
RSS_SAMPLE t=1227.2s rss=4703MB hwm=4703MB
RSS_SAMPLE t=1227.5s rss=4703MB hwm=4703MB
RSS_SAMPLE t=1227.7s rss=4703MB hwm=4703MB
RSS_SAMPLE t=1228.0s rss=4703MB hwm=4703MB
RSS_SAMPLE t=1228.2s rss=4703MB hwm=4703MB
RSS_SAMPLE t=1228.5s rss=4703MB hwm=4703MB
RSS_SAMPLE t=1228.7s rss=4703MB hwm=4703MB
RSS_SAMPLE t=1229.0s rss=4703MB hwm=4703MB
RSS_SAMPLE t=1229.2s rss=4703MB hwm=4703MB
RSS_SAMPLE t=1229.5s rss=4703MB hwm=4703MB
RSS_SAMPLE t=1229.7s rss=4703MB hwm=4703MB
RSS_SAMPLE t=1230.0s rss=4703MB hwm=4703MB
RSS_SAMPLE t=1230.2s rss=4703MB hwm=4703MB
RSS_SAMPLE t=1230.5s rss=4703MB hwm=4703MB
RSS_SAMPLE t=1230.7s rss=4703MB hwm=4703MB
RSS_SAMPLE t=1231.0s rss=4703MB hwm=4703MB
RSS_SAMPLE t=1231.2s rss=4703MB hwm=4703MB
RSS_SAMPLE t=1231.5s rss=4703MB hwm=4703MB
RSS_SAMPLE t=1231.7s rss=4703MB hwm=4703MB
RSS_SAMPLE t=1232.0s rss=4703MB hwm=4703MB
RSS_SAMPLE t=1232.2s rss=4703MB hwm=4703MB
RSS_SAMPLE t=1232.5s rss=4703MB hwm=4703MB
RSS_SAMPLE t=1232.7s rss=4703MB hwm=4703MB
RSS_SAMPLE t=1233.0s rss=4703MB hwm=4703MB
RSS_SAMPLE t=1233.2s rss=4703MB hwm=4703MB
RSS_SAMPLE t=1233.5s rss=4703MB hwm=4703MB
RSS_SAMPLE t=1233.7s rss=4703MB hwm=4703MB
RSS_SAMPLE t=1234.0s rss=4703MB hwm=4703MB
RSS_SAMPLE t=1234.2s rss=4703MB hwm=4703MB
RSS_SAMPLE t=1234.5s rss=4703MB hwm=4703MB
RSS_SAMPLE t=1234.7s rss=4703MB hwm=4703MB
RSS_SAMPLE t=1235.0s rss=4703MB hwm=4703MB
RSS_SAMPLE t=1235.2s rss=4703MB hwm=4703MB
RSS_SAMPLE t=1235.5s rss=4703MB hwm=4703MB
RSS_SAMPLE t=1235.7s rss=4703MB hwm=4703MB
RSS_SAMPLE t=1236.0s rss=4703MB hwm=4703MB
RSS_SAMPLE t=1236.2s rss=4703MB hwm=4703MB
RSS_SAMPLE t=1236.5s rss=4703MB hwm=4703MB
RSS_SAMPLE t=1236.7s rss=4703MB hwm=4703MB
RSS_SAMPLE t=1237.0s rss=4703MB hwm=4703MB
RSS_SAMPLE t=1237.2s rss=4703MB hwm=4703MB
RSS_SAMPLE t=1237.5s rss=4703MB hwm=4703MB
RSS_SAMPLE t=1237.7s rss=4703MB hwm=4703MB
RSS_SAMPLE t=1238.0s rss=4703MB hwm=4703MB
RSS_SAMPLE t=1238.2s rss=4703MB hwm=4703MB
RSS_SAMPLE t=1238.5s rss=4703MB hwm=4703MB
RSS_SAMPLE t=1238.7s rss=4703MB hwm=4703MB
RSS_SAMPLE t=1239.0s rss=4703MB hwm=4703MB
RSS_SAMPLE t=1239.2s rss=4703MB hwm=4703MB
RSS_SAMPLE t=1239.5s rss=4703MB hwm=4703MB
RSS_SAMPLE t=1239.7s rss=4703MB hwm=4703MB
RSS_SAMPLE t=1240.0s rss=4703MB hwm=4703MB
RSS_SAMPLE t=1240.2s rss=4703MB hwm=4703MB
RSS_SAMPLE t=1240.5s rss=4703MB hwm=4703MB
RSS_SAMPLE t=1240.7s rss=4703MB hwm=4703MB
RSS_SAMPLE t=1241.0s rss=4703MB hwm=4703MB
RSS_SAMPLE t=1241.2s rss=4703MB hwm=4703MB
RSS_SAMPLE t=1241.5s rss=4703MB hwm=4703MB
RSS_SAMPLE t=1241.7s rss=4703MB hwm=4703MB
RSS_SAMPLE t=1242.0s rss=4703MB hwm=4703MB
MEM_POOL: workspaces=32 dense_usage_mb=1251 n_pipes=2562403
    post_solve_diag[outer=13]: solves=105117 cap_armed=105117 (100.0%) settle_avg=4298 above_sink_avg=209 (4.9%) settle_max=69353
    load_support[outer=13]: settle_avg=4298 load_nz_avg=3326 (77.4%) load_material_avg=1579 (36.7%)
    prune_ceiling[outer=13]: settle_avg=4298 heuristic_prunable_avg=646 (15.0%) vs oracle_zero_load=22.6%
    settle_hist[outer=13]: <100: 26625nets/0.3%work  <1k: 29780nets/2.4%work  <5k: 23907nets/13.6%work  <20k: 18798nets/43.2%work  <60k: 5962nets/39.8%work  >=60k: 45nets/0.6%work
    fanout_hist[outer=13]: fan1: 43710nets/13.7%work  fan2-4: 48279nets/49.6%work  fan5-16: 12974nets/35.6%work  fan17-64: 154nets/1.0%work  fan65-256: 0nets/0.0%work  fan>256: 0nets/0.0%work
    rss_probe[outer=13]: pre_post_solve=4697MB post_post_solve=4703MB after_apply=4703MB
RSS_SAMPLE t=1242.2s rss=4703MB hwm=4703MB
    E_decomp: base=15328945.4 eff=26259274.1 cong=10930328.7 cong_share=41.6% sat_pipes=526055 max_util=906.06  R_buckets: 1-2x=2186941 2-10x=365288 10-100x=10174 >=100x=0
    E_potential: beckmann=2755836208623.1 history_total=0.0
    SpanCache: epoch=14 entries=3248 lookups=2562403 hits=2559155 misses=3248 hit_rate=99.9%
  DCD  13: nets=105117 line=10145471 energy=2026171.607 dE=-314.962 friction=3373555.1 bins=1.5x(94) excess=20.9 moved=67878 disp=3.964 solves=105117 skip=105117 pops=451818721 theta=1.941 refresh=52080ms dcd=7285ms total=61884ms
    cache_stats: entries=58281227 capacity=125749162 est_mb=1084 rss_mb=4703
RSS_SAMPLE t=1242.5s rss=4703MB hwm=4703MB
RSS_SAMPLE t=1242.7s rss=4703MB hwm=4703MB
RSS_SAMPLE t=1243.0s rss=4703MB hwm=4703MB
RSS_SAMPLE t=1243.2s rss=4703MB hwm=4703MB
RSS_SAMPLE t=1243.5s rss=4703MB hwm=4703MB
RSS_SAMPLE t=1243.7s rss=4703MB hwm=4703MB
RSS_SAMPLE t=1244.0s rss=4703MB hwm=4703MB
RSS_SAMPLE t=1244.2s rss=4703MB hwm=4703MB
RSS_SAMPLE t=1244.5s rss=4703MB hwm=4703MB
RSS_SAMPLE t=1244.7s rss=4703MB hwm=4703MB
    SwitchMatrix: type_usage_pairs=994 lookups=3178 hits=2184 dijkstra_calls=994 avg_us=13.2 total_ms=13.2
PHASE_MARK outer=14 enter=pre_solve rss=4703MB
    rss_probe[outer=14]: pre_refresh_rss=4703MB post_pre_solve_rss=4703MB cache_entries=58281227 cache_cap=125749162 cache_est_mb=1084
    pre_solve_diag[outer=14]: solves=0 fallback=0 (0.0%) cap_armed=0 (0.0%) settle_avg=0 settle_max=0 init_count=224
    Overflow: over=468262 (18.3% of used) avg_excess=1.20 max_excess=2740.87 (nc=2764.87 cap=24 span=1)  excess_buckets: <=1=325562 1-5=128418 5-20=12631 >20=1651  by_cap: cap1=241324 cap2=197249 cap3-5=537 cap>5=29152  by_span: s1=495 s2-3=1306 s4-6=24863 s7-12=187728 s>12=253870  le1_cross: cap1=202654 cap2-5=117779 cap>5=5129
    Congestion: pipes=2562403 used=2562403 congested(>50%)=898996 saturated(>90%)=526055 max_util=906.06 avg_util=0.5320
PHASE_MARK outer=14 enter=dcd_sweep rss=4703MB
RSS_SAMPLE t=1245.0s rss=4703MB hwm=4703MB
RSS_SAMPLE t=1245.2s rss=4703MB hwm=4703MB
RSS_SAMPLE t=1245.5s rss=4703MB hwm=4703MB
RSS_SAMPLE t=1245.7s rss=4703MB hwm=4703MB
RSS_SAMPLE t=1246.0s rss=4703MB hwm=4703MB
RSS_SAMPLE t=1246.2s rss=4703MB hwm=4703MB
RSS_SAMPLE t=1246.5s rss=4703MB hwm=4703MB
RSS_SAMPLE t=1246.7s rss=4703MB hwm=4703MB
RSS_SAMPLE t=1247.0s rss=4703MB hwm=4703MB
RSS_SAMPLE t=1247.2s rss=4703MB hwm=4703MB
RSS_SAMPLE t=1247.5s rss=4703MB hwm=4703MB
RSS_SAMPLE t=1247.7s rss=4703MB hwm=4703MB
RSS_SAMPLE t=1248.0s rss=4703MB hwm=4703MB
RSS_SAMPLE t=1248.2s rss=4703MB hwm=4703MB
RSS_SAMPLE t=1248.5s rss=4703MB hwm=4703MB
RSS_SAMPLE t=1248.7s rss=4703MB hwm=4703MB
RSS_SAMPLE t=1249.0s rss=4703MB hwm=4703MB
RSS_SAMPLE t=1249.2s rss=4703MB hwm=4703MB
RSS_SAMPLE t=1249.5s rss=4703MB hwm=4703MB
RSS_SAMPLE t=1249.7s rss=4703MB hwm=4703MB
RSS_SAMPLE t=1250.0s rss=4703MB hwm=4703MB
RSS_SAMPLE t=1250.2s rss=4703MB hwm=4703MB
RSS_SAMPLE t=1250.5s rss=4703MB hwm=4703MB
RSS_SAMPLE t=1250.7s rss=4703MB hwm=4703MB
RSS_SAMPLE t=1251.0s rss=4703MB hwm=4703MB
RSS_SAMPLE t=1251.2s rss=4703MB hwm=4703MB
RSS_SAMPLE t=1251.5s rss=4703MB hwm=4703MB
RSS_SAMPLE t=1251.7s rss=4703MB hwm=4703MB
RSS_SAMPLE t=1252.0s rss=4703MB hwm=4703MB
PHASE_MARK outer=14 leave=dcd_sweep rss=4703MB
PHASE_MARK outer=14 enter=post_refresh rss=4703MB
RSS_SAMPLE t=1252.2s rss=4703MB hwm=4703MB
RSS_SAMPLE t=1252.5s rss=4703MB hwm=4703MB
RSS_SAMPLE t=1252.7s rss=4703MB hwm=4703MB
RSS_SAMPLE t=1253.0s rss=4703MB hwm=4703MB
RSS_SAMPLE t=1253.2s rss=4703MB hwm=4703MB
RSS_SAMPLE t=1253.5s rss=4703MB hwm=4703MB
RSS_SAMPLE t=1253.7s rss=4703MB hwm=4703MB
RSS_SAMPLE t=1254.0s rss=4703MB hwm=4703MB
RSS_SAMPLE t=1254.2s rss=4703MB hwm=4703MB
RSS_SAMPLE t=1254.5s rss=4703MB hwm=4703MB
RSS_SAMPLE t=1254.8s rss=4703MB hwm=4703MB
RSS_SAMPLE t=1255.0s rss=4703MB hwm=4703MB
RSS_SAMPLE t=1255.3s rss=4703MB hwm=4703MB
RSS_SAMPLE t=1255.5s rss=4703MB hwm=4703MB
RSS_SAMPLE t=1255.8s rss=4703MB hwm=4703MB
RSS_SAMPLE t=1256.0s rss=4703MB hwm=4703MB
RSS_SAMPLE t=1256.3s rss=4703MB hwm=4703MB
RSS_SAMPLE t=1256.5s rss=4703MB hwm=4703MB
RSS_SAMPLE t=1256.8s rss=4703MB hwm=4703MB
RSS_SAMPLE t=1257.0s rss=4703MB hwm=4703MB
RSS_SAMPLE t=1257.3s rss=4703MB hwm=4703MB
RSS_SAMPLE t=1257.5s rss=4703MB hwm=4703MB
RSS_SAMPLE t=1257.8s rss=4703MB hwm=4703MB
RSS_SAMPLE t=1258.0s rss=4703MB hwm=4703MB
RSS_SAMPLE t=1258.3s rss=4703MB hwm=4703MB
RSS_SAMPLE t=1258.5s rss=4703MB hwm=4703MB
RSS_SAMPLE t=1258.8s rss=4703MB hwm=4703MB
RSS_SAMPLE t=1259.0s rss=4703MB hwm=4703MB
RSS_SAMPLE t=1259.3s rss=4703MB hwm=4703MB
RSS_SAMPLE t=1259.5s rss=4703MB hwm=4703MB
RSS_SAMPLE t=1259.8s rss=4703MB hwm=4703MB
RSS_SAMPLE t=1260.0s rss=4703MB hwm=4703MB
RSS_SAMPLE t=1260.3s rss=4703MB hwm=4703MB
RSS_SAMPLE t=1260.5s rss=4703MB hwm=4703MB
RSS_SAMPLE t=1260.8s rss=4703MB hwm=4703MB
RSS_SAMPLE t=1261.0s rss=4703MB hwm=4703MB
RSS_SAMPLE t=1261.3s rss=4703MB hwm=4703MB
RSS_SAMPLE t=1261.5s rss=4703MB hwm=4703MB
RSS_SAMPLE t=1261.8s rss=4703MB hwm=4703MB
RSS_SAMPLE t=1262.0s rss=4703MB hwm=4703MB
RSS_SAMPLE t=1262.3s rss=4703MB hwm=4703MB
RSS_SAMPLE t=1262.5s rss=4703MB hwm=4703MB
RSS_SAMPLE t=1262.8s rss=4703MB hwm=4703MB
RSS_SAMPLE t=1263.0s rss=4703MB hwm=4703MB
RSS_SAMPLE t=1263.3s rss=4703MB hwm=4703MB
RSS_SAMPLE t=1263.5s rss=4703MB hwm=4703MB
RSS_SAMPLE t=1263.8s rss=4703MB hwm=4703MB
RSS_SAMPLE t=1264.0s rss=4704MB hwm=4704MB
RSS_SAMPLE t=1264.3s rss=4704MB hwm=4704MB
RSS_SAMPLE t=1264.5s rss=4704MB hwm=4704MB
RSS_SAMPLE t=1264.8s rss=4704MB hwm=4704MB
RSS_SAMPLE t=1265.0s rss=4704MB hwm=4704MB
RSS_SAMPLE t=1265.3s rss=4704MB hwm=4704MB
RSS_SAMPLE t=1265.5s rss=4704MB hwm=4704MB
RSS_SAMPLE t=1265.8s rss=4704MB hwm=4704MB
RSS_SAMPLE t=1266.0s rss=4704MB hwm=4704MB
RSS_SAMPLE t=1266.3s rss=4704MB hwm=4704MB
RSS_SAMPLE t=1266.5s rss=4704MB hwm=4704MB
RSS_SAMPLE t=1266.8s rss=4705MB hwm=4705MB
RSS_SAMPLE t=1267.0s rss=4705MB hwm=4705MB
RSS_SAMPLE t=1267.3s rss=4705MB hwm=4705MB
RSS_SAMPLE t=1267.5s rss=4705MB hwm=4705MB
RSS_SAMPLE t=1267.8s rss=4705MB hwm=4705MB
RSS_SAMPLE t=1268.0s rss=4705MB hwm=4705MB
RSS_SAMPLE t=1268.3s rss=4705MB hwm=4705MB
RSS_SAMPLE t=1268.5s rss=4706MB hwm=4706MB
RSS_SAMPLE t=1268.8s rss=4706MB hwm=4706MB
RSS_SAMPLE t=1269.0s rss=4706MB hwm=4706MB
RSS_SAMPLE t=1269.3s rss=4706MB hwm=4706MB
RSS_SAMPLE t=1269.5s rss=4706MB hwm=4706MB
RSS_SAMPLE t=1269.8s rss=4706MB hwm=4706MB
RSS_SAMPLE t=1270.0s rss=4706MB hwm=4706MB
RSS_SAMPLE t=1270.3s rss=4706MB hwm=4706MB
RSS_SAMPLE t=1270.5s rss=4706MB hwm=4706MB
RSS_SAMPLE t=1270.8s rss=4706MB hwm=4706MB
RSS_SAMPLE t=1271.0s rss=4706MB hwm=4706MB
RSS_SAMPLE t=1271.3s rss=4706MB hwm=4706MB
RSS_SAMPLE t=1271.5s rss=4706MB hwm=4706MB
RSS_SAMPLE t=1271.8s rss=4706MB hwm=4706MB
RSS_SAMPLE t=1272.0s rss=4706MB hwm=4706MB
RSS_SAMPLE t=1272.3s rss=4706MB hwm=4706MB
RSS_SAMPLE t=1272.5s rss=4706MB hwm=4706MB
RSS_SAMPLE t=1272.8s rss=4706MB hwm=4706MB
RSS_SAMPLE t=1273.0s rss=4706MB hwm=4706MB
RSS_SAMPLE t=1273.3s rss=4706MB hwm=4706MB
RSS_SAMPLE t=1273.5s rss=4706MB hwm=4706MB
RSS_SAMPLE t=1273.8s rss=4706MB hwm=4706MB
RSS_SAMPLE t=1274.0s rss=4706MB hwm=4706MB
RSS_SAMPLE t=1274.3s rss=4706MB hwm=4706MB
RSS_SAMPLE t=1274.5s rss=4706MB hwm=4706MB
RSS_SAMPLE t=1274.8s rss=4706MB hwm=4706MB
RSS_SAMPLE t=1275.0s rss=4706MB hwm=4706MB
RSS_SAMPLE t=1275.3s rss=4706MB hwm=4706MB
RSS_SAMPLE t=1275.5s rss=4706MB hwm=4706MB
RSS_SAMPLE t=1275.8s rss=4706MB hwm=4706MB
RSS_SAMPLE t=1276.0s rss=4706MB hwm=4706MB
RSS_SAMPLE t=1276.3s rss=4706MB hwm=4706MB
RSS_SAMPLE t=1276.5s rss=4706MB hwm=4706MB
RSS_SAMPLE t=1276.8s rss=4706MB hwm=4706MB
RSS_SAMPLE t=1277.0s rss=4706MB hwm=4706MB
RSS_SAMPLE t=1277.3s rss=4706MB hwm=4706MB
RSS_SAMPLE t=1277.5s rss=4706MB hwm=4706MB
RSS_SAMPLE t=1277.8s rss=4706MB hwm=4706MB
RSS_SAMPLE t=1278.0s rss=4706MB hwm=4706MB
RSS_SAMPLE t=1278.3s rss=4706MB hwm=4706MB
RSS_SAMPLE t=1278.5s rss=4706MB hwm=4706MB
RSS_SAMPLE t=1278.8s rss=4706MB hwm=4706MB
RSS_SAMPLE t=1279.0s rss=4706MB hwm=4706MB
RSS_SAMPLE t=1279.3s rss=4706MB hwm=4706MB
RSS_SAMPLE t=1279.5s rss=4706MB hwm=4706MB
RSS_SAMPLE t=1279.8s rss=4706MB hwm=4706MB
RSS_SAMPLE t=1280.0s rss=4706MB hwm=4706MB
RSS_SAMPLE t=1280.3s rss=4707MB hwm=4707MB
RSS_SAMPLE t=1280.5s rss=4707MB hwm=4707MB
RSS_SAMPLE t=1280.8s rss=4707MB hwm=4707MB
RSS_SAMPLE t=1281.0s rss=4707MB hwm=4707MB
RSS_SAMPLE t=1281.3s rss=4707MB hwm=4707MB
RSS_SAMPLE t=1281.5s rss=4707MB hwm=4707MB
RSS_SAMPLE t=1281.8s rss=4707MB hwm=4707MB
RSS_SAMPLE t=1282.0s rss=4707MB hwm=4707MB
RSS_SAMPLE t=1282.3s rss=4707MB hwm=4707MB
RSS_SAMPLE t=1282.5s rss=4707MB hwm=4707MB
RSS_SAMPLE t=1282.8s rss=4707MB hwm=4707MB
RSS_SAMPLE t=1283.0s rss=4707MB hwm=4707MB
RSS_SAMPLE t=1283.3s rss=4707MB hwm=4707MB
RSS_SAMPLE t=1283.5s rss=4707MB hwm=4707MB
RSS_SAMPLE t=1283.8s rss=4707MB hwm=4707MB
RSS_SAMPLE t=1284.0s rss=4707MB hwm=4707MB
RSS_SAMPLE t=1284.3s rss=4707MB hwm=4707MB
RSS_SAMPLE t=1284.5s rss=4707MB hwm=4707MB
RSS_SAMPLE t=1284.8s rss=4707MB hwm=4707MB
RSS_SAMPLE t=1285.0s rss=4707MB hwm=4707MB
RSS_SAMPLE t=1285.3s rss=4707MB hwm=4707MB
RSS_SAMPLE t=1285.5s rss=4707MB hwm=4707MB
RSS_SAMPLE t=1285.8s rss=4707MB hwm=4707MB
RSS_SAMPLE t=1286.0s rss=4707MB hwm=4707MB
RSS_SAMPLE t=1286.3s rss=4707MB hwm=4707MB
RSS_SAMPLE t=1286.5s rss=4707MB hwm=4707MB
RSS_SAMPLE t=1286.8s rss=4707MB hwm=4707MB
RSS_SAMPLE t=1287.0s rss=4707MB hwm=4707MB
RSS_SAMPLE t=1287.3s rss=4707MB hwm=4707MB
RSS_SAMPLE t=1287.5s rss=4707MB hwm=4707MB
RSS_SAMPLE t=1287.8s rss=4707MB hwm=4707MB
RSS_SAMPLE t=1288.0s rss=4707MB hwm=4707MB
RSS_SAMPLE t=1288.3s rss=4707MB hwm=4707MB
RSS_SAMPLE t=1288.5s rss=4707MB hwm=4707MB
RSS_SAMPLE t=1288.8s rss=4707MB hwm=4707MB
RSS_SAMPLE t=1289.0s rss=4707MB hwm=4707MB
RSS_SAMPLE t=1289.3s rss=4707MB hwm=4707MB
RSS_SAMPLE t=1289.5s rss=4707MB hwm=4707MB
RSS_SAMPLE t=1289.8s rss=4707MB hwm=4707MB
RSS_SAMPLE t=1290.0s rss=4707MB hwm=4707MB
RSS_SAMPLE t=1290.3s rss=4707MB hwm=4707MB
RSS_SAMPLE t=1290.5s rss=4707MB hwm=4707MB
RSS_SAMPLE t=1290.8s rss=4707MB hwm=4707MB
RSS_SAMPLE t=1291.0s rss=4707MB hwm=4707MB
RSS_SAMPLE t=1291.3s rss=4707MB hwm=4707MB
RSS_SAMPLE t=1291.5s rss=4707MB hwm=4707MB
RSS_SAMPLE t=1291.8s rss=4707MB hwm=4707MB
RSS_SAMPLE t=1292.0s rss=4707MB hwm=4707MB
RSS_SAMPLE t=1292.3s rss=4707MB hwm=4707MB
RSS_SAMPLE t=1292.5s rss=4707MB hwm=4707MB
RSS_SAMPLE t=1292.8s rss=4707MB hwm=4707MB
RSS_SAMPLE t=1293.0s rss=4707MB hwm=4707MB
RSS_SAMPLE t=1293.3s rss=4707MB hwm=4707MB
RSS_SAMPLE t=1293.5s rss=4707MB hwm=4707MB
RSS_SAMPLE t=1293.8s rss=4707MB hwm=4707MB
RSS_SAMPLE t=1294.0s rss=4707MB hwm=4707MB
RSS_SAMPLE t=1294.3s rss=4707MB hwm=4707MB
RSS_SAMPLE t=1294.5s rss=4707MB hwm=4707MB
RSS_SAMPLE t=1294.8s rss=4707MB hwm=4707MB
RSS_SAMPLE t=1295.0s rss=4707MB hwm=4707MB
RSS_SAMPLE t=1295.3s rss=4707MB hwm=4707MB
RSS_SAMPLE t=1295.5s rss=4707MB hwm=4707MB
RSS_SAMPLE t=1295.8s rss=4707MB hwm=4707MB
RSS_SAMPLE t=1296.0s rss=4707MB hwm=4707MB
RSS_SAMPLE t=1296.3s rss=4707MB hwm=4707MB
RSS_SAMPLE t=1296.5s rss=4707MB hwm=4707MB
RSS_SAMPLE t=1296.8s rss=4707MB hwm=4707MB
RSS_SAMPLE t=1297.0s rss=4707MB hwm=4707MB
RSS_SAMPLE t=1297.3s rss=4707MB hwm=4707MB
RSS_SAMPLE t=1297.5s rss=4707MB hwm=4707MB
RSS_SAMPLE t=1297.8s rss=4707MB hwm=4707MB
RSS_SAMPLE t=1298.0s rss=4707MB hwm=4707MB
RSS_SAMPLE t=1298.3s rss=4707MB hwm=4707MB
RSS_SAMPLE t=1298.5s rss=4707MB hwm=4707MB
RSS_SAMPLE t=1298.8s rss=4707MB hwm=4707MB
RSS_SAMPLE t=1299.0s rss=4707MB hwm=4707MB
RSS_SAMPLE t=1299.3s rss=4707MB hwm=4707MB
MEM_POOL: workspaces=32 dense_usage_mb=1251 n_pipes=2562403
    post_solve_diag[outer=14]: solves=105117 cap_armed=105117 (100.0%) settle_avg=4108 above_sink_avg=201 (4.9%) settle_max=69353
    load_support[outer=14]: settle_avg=4108 load_nz_avg=3087 (75.2%) load_material_avg=1436 (35.0%)
    prune_ceiling[outer=14]: settle_avg=4108 heuristic_prunable_avg=591 (14.4%) vs oracle_zero_load=24.8%
    settle_hist[outer=14]: <100: 27007nets/0.4%work  <1k: 30177nets/2.5%work  <5k: 23840nets/14.2%work  <20k: 18635nets/44.6%work  <60k: 5420nets/37.8%work  >=60k: 38nets/0.6%work
    fanout_hist[outer=14]: fan1: 43710nets/13.8%work  fan2-4: 48279nets/49.5%work  fan5-16: 12974nets/35.6%work  fan17-64: 154nets/1.0%work  fan65-256: 0nets/0.0%work  fan>256: 0nets/0.0%work
    rss_probe[outer=14]: pre_post_solve=4703MB post_post_solve=4707MB after_apply=4707MB
    E_decomp: base=14584765.3 eff=24961512.4 cong=10376747.1 cong_share=41.6% sat_pipes=487770 max_util=915.72  R_buckets: 1-2x=2175995 2-10x=378228 10-100x=8180 >=100x=0
    E_potential: beckmann=3044152861592.1 history_total=0.0
    SpanCache: epoch=15 entries=3178 lookups=2562403 hits=2559225 misses=3178 hit_rate=99.9%
  DCD  14: nets=105117 line=9800700 energy=1946302.559 dE=-79869.048 friction=3655957.7 bins=1.9x(114) excess=27.9 moved=67905 disp=3.753 solves=105117 skip=105117 pops=431800696 theta=2.273 refresh=47369ms dcd=7193ms total=57168ms
    cache_stats: entries=57499906 capacity=125109768 est_mb=1079 rss_mb=4707
RSS_SAMPLE t=1299.5s rss=4707MB hwm=4707MB
RSS_SAMPLE t=1299.8s rss=4707MB hwm=4707MB
RSS_SAMPLE t=1300.0s rss=4707MB hwm=4707MB
RSS_SAMPLE t=1300.3s rss=4707MB hwm=4707MB
RSS_SAMPLE t=1300.5s rss=4707MB hwm=4707MB
RSS_SAMPLE t=1300.8s rss=4707MB hwm=4707MB
RSS_SAMPLE t=1301.0s rss=4707MB hwm=4707MB
RSS_SAMPLE t=1301.3s rss=4707MB hwm=4707MB
RSS_SAMPLE t=1301.5s rss=4707MB hwm=4707MB
RSS_SAMPLE t=1301.8s rss=4707MB hwm=4707MB
RSS_SAMPLE t=1302.0s rss=4707MB hwm=4707MB
    SwitchMatrix: type_usage_pairs=996 lookups=3227 hits=2231 dijkstra_calls=996 avg_us=13.5 total_ms=13.4
PHASE_MARK outer=15 enter=pre_solve rss=4707MB
    rss_probe[outer=15]: pre_refresh_rss=4707MB post_pre_solve_rss=4707MB cache_entries=57499906 cache_cap=125109768 cache_est_mb=1079
    pre_solve_diag[outer=15]: solves=0 fallback=0 (0.0%) cap_armed=0 (0.0%) settle_avg=0 settle_max=0 init_count=245
    Overflow: over=430049 (16.8% of used) avg_excess=1.22 max_excess=2431.13 (nc=2455.13 cap=24 span=1)  excess_buckets: <=1=302009 1-5=113215 5-20=13009 >20=1816  by_cap: cap1=223026 cap2=180062 cap3-5=486 cap>5=26475  by_span: s1=477 s2-3=1225 s4-6=22432 s7-12=173032 s>12=232883  le1_cross: cap1=184303 cap2-5=113196 cap>5=4510
    Congestion: pipes=2562403 used=2562403 congested(>50%)=847199 saturated(>90%)=487770 max_util=915.72 avg_util=0.5040
PHASE_MARK outer=15 enter=dcd_sweep rss=4707MB
RSS_SAMPLE t=1302.3s rss=4707MB hwm=4707MB
RSS_SAMPLE t=1302.5s rss=4707MB hwm=4707MB
RSS_SAMPLE t=1302.8s rss=4707MB hwm=4707MB
RSS_SAMPLE t=1303.0s rss=4707MB hwm=4707MB
RSS_SAMPLE t=1303.3s rss=4707MB hwm=4707MB
RSS_SAMPLE t=1303.5s rss=4707MB hwm=4707MB
RSS_SAMPLE t=1303.8s rss=4707MB hwm=4707MB
RSS_SAMPLE t=1304.0s rss=4707MB hwm=4707MB
RSS_SAMPLE t=1304.3s rss=4707MB hwm=4707MB
RSS_SAMPLE t=1304.5s rss=4707MB hwm=4707MB
RSS_SAMPLE t=1304.8s rss=4707MB hwm=4707MB
RSS_SAMPLE t=1305.0s rss=4707MB hwm=4707MB
RSS_SAMPLE t=1305.3s rss=4707MB hwm=4707MB
RSS_SAMPLE t=1305.5s rss=4707MB hwm=4707MB
RSS_SAMPLE t=1305.8s rss=4707MB hwm=4707MB
RSS_SAMPLE t=1306.0s rss=4707MB hwm=4707MB
RSS_SAMPLE t=1306.3s rss=4707MB hwm=4707MB
RSS_SAMPLE t=1306.5s rss=4707MB hwm=4707MB
RSS_SAMPLE t=1306.8s rss=4707MB hwm=4707MB
RSS_SAMPLE t=1307.0s rss=4707MB hwm=4707MB
RSS_SAMPLE t=1307.3s rss=4707MB hwm=4707MB
RSS_SAMPLE t=1307.5s rss=4707MB hwm=4707MB
RSS_SAMPLE t=1307.8s rss=4707MB hwm=4707MB
RSS_SAMPLE t=1308.0s rss=4707MB hwm=4707MB
RSS_SAMPLE t=1308.3s rss=4707MB hwm=4707MB
RSS_SAMPLE t=1308.6s rss=4707MB hwm=4707MB
RSS_SAMPLE t=1308.8s rss=4707MB hwm=4707MB
RSS_SAMPLE t=1309.1s rss=4707MB hwm=4707MB
PHASE_MARK outer=15 leave=dcd_sweep rss=4707MB
PHASE_MARK outer=15 enter=post_refresh rss=4707MB
RSS_SAMPLE t=1309.3s rss=4707MB hwm=4707MB
RSS_SAMPLE t=1309.6s rss=4707MB hwm=4707MB
RSS_SAMPLE t=1309.8s rss=4707MB hwm=4707MB
RSS_SAMPLE t=1310.1s rss=4707MB hwm=4707MB
RSS_SAMPLE t=1310.3s rss=4707MB hwm=4707MB
RSS_SAMPLE t=1310.6s rss=4707MB hwm=4707MB
RSS_SAMPLE t=1310.8s rss=4707MB hwm=4707MB
RSS_SAMPLE t=1311.1s rss=4707MB hwm=4707MB
RSS_SAMPLE t=1311.3s rss=4707MB hwm=4707MB
RSS_SAMPLE t=1311.6s rss=4707MB hwm=4707MB
RSS_SAMPLE t=1311.8s rss=4707MB hwm=4707MB
RSS_SAMPLE t=1312.1s rss=4707MB hwm=4707MB
RSS_SAMPLE t=1312.3s rss=4707MB hwm=4707MB
RSS_SAMPLE t=1312.6s rss=4707MB hwm=4707MB
RSS_SAMPLE t=1312.8s rss=4707MB hwm=4707MB
RSS_SAMPLE t=1313.1s rss=4707MB hwm=4707MB
RSS_SAMPLE t=1313.3s rss=4707MB hwm=4707MB
RSS_SAMPLE t=1313.6s rss=4707MB hwm=4707MB
RSS_SAMPLE t=1313.8s rss=4707MB hwm=4707MB
RSS_SAMPLE t=1314.1s rss=4707MB hwm=4707MB
RSS_SAMPLE t=1314.3s rss=4707MB hwm=4707MB
RSS_SAMPLE t=1314.6s rss=4707MB hwm=4707MB
RSS_SAMPLE t=1314.8s rss=4707MB hwm=4707MB
RSS_SAMPLE t=1315.1s rss=4707MB hwm=4707MB
RSS_SAMPLE t=1315.3s rss=4707MB hwm=4707MB
RSS_SAMPLE t=1315.6s rss=4707MB hwm=4707MB
RSS_SAMPLE t=1315.8s rss=4707MB hwm=4707MB
RSS_SAMPLE t=1316.1s rss=4707MB hwm=4707MB
RSS_SAMPLE t=1316.3s rss=4707MB hwm=4707MB
RSS_SAMPLE t=1316.6s rss=4707MB hwm=4707MB
RSS_SAMPLE t=1316.8s rss=4707MB hwm=4707MB
RSS_SAMPLE t=1317.1s rss=4707MB hwm=4707MB
RSS_SAMPLE t=1317.3s rss=4707MB hwm=4707MB
RSS_SAMPLE t=1317.6s rss=4707MB hwm=4707MB
RSS_SAMPLE t=1317.8s rss=4707MB hwm=4707MB
RSS_SAMPLE t=1318.1s rss=4707MB hwm=4707MB
RSS_SAMPLE t=1318.3s rss=4708MB hwm=4708MB
RSS_SAMPLE t=1318.6s rss=4708MB hwm=4708MB
RSS_SAMPLE t=1318.8s rss=4708MB hwm=4708MB
RSS_SAMPLE t=1319.1s rss=4708MB hwm=4708MB
RSS_SAMPLE t=1319.3s rss=4708MB hwm=4708MB
RSS_SAMPLE t=1319.6s rss=4708MB hwm=4708MB
RSS_SAMPLE t=1319.8s rss=4708MB hwm=4708MB
RSS_SAMPLE t=1320.1s rss=4708MB hwm=4708MB
RSS_SAMPLE t=1320.3s rss=4708MB hwm=4708MB
RSS_SAMPLE t=1320.6s rss=4708MB hwm=4708MB
RSS_SAMPLE t=1320.8s rss=4708MB hwm=4708MB
RSS_SAMPLE t=1321.1s rss=4708MB hwm=4708MB
RSS_SAMPLE t=1321.3s rss=4708MB hwm=4708MB
RSS_SAMPLE t=1321.6s rss=4708MB hwm=4708MB
RSS_SAMPLE t=1321.8s rss=4708MB hwm=4708MB
RSS_SAMPLE t=1322.1s rss=4708MB hwm=4708MB
RSS_SAMPLE t=1322.3s rss=4708MB hwm=4708MB
RSS_SAMPLE t=1322.6s rss=4708MB hwm=4708MB
RSS_SAMPLE t=1322.8s rss=4708MB hwm=4708MB
RSS_SAMPLE t=1323.1s rss=4708MB hwm=4708MB
RSS_SAMPLE t=1323.3s rss=4708MB hwm=4708MB
RSS_SAMPLE t=1323.6s rss=4708MB hwm=4708MB
RSS_SAMPLE t=1323.8s rss=4708MB hwm=4708MB
RSS_SAMPLE t=1324.1s rss=4708MB hwm=4708MB
RSS_SAMPLE t=1324.3s rss=4708MB hwm=4708MB
RSS_SAMPLE t=1324.6s rss=4708MB hwm=4708MB
RSS_SAMPLE t=1324.8s rss=4708MB hwm=4708MB
RSS_SAMPLE t=1325.1s rss=4708MB hwm=4708MB
RSS_SAMPLE t=1325.3s rss=4708MB hwm=4708MB
RSS_SAMPLE t=1325.6s rss=4708MB hwm=4708MB
RSS_SAMPLE t=1325.8s rss=4708MB hwm=4708MB
RSS_SAMPLE t=1326.1s rss=4708MB hwm=4708MB
RSS_SAMPLE t=1326.3s rss=4708MB hwm=4708MB
RSS_SAMPLE t=1326.6s rss=4708MB hwm=4708MB
RSS_SAMPLE t=1326.8s rss=4708MB hwm=4708MB
RSS_SAMPLE t=1327.1s rss=4708MB hwm=4708MB
RSS_SAMPLE t=1327.3s rss=4708MB hwm=4708MB
RSS_SAMPLE t=1327.6s rss=4708MB hwm=4708MB
RSS_SAMPLE t=1327.8s rss=4708MB hwm=4708MB
RSS_SAMPLE t=1328.1s rss=4708MB hwm=4708MB
RSS_SAMPLE t=1328.3s rss=4708MB hwm=4708MB
RSS_SAMPLE t=1328.6s rss=4708MB hwm=4708MB
RSS_SAMPLE t=1328.8s rss=4708MB hwm=4708MB
RSS_SAMPLE t=1329.1s rss=4708MB hwm=4708MB
RSS_SAMPLE t=1329.3s rss=4708MB hwm=4708MB
RSS_SAMPLE t=1329.6s rss=4708MB hwm=4708MB
RSS_SAMPLE t=1329.8s rss=4708MB hwm=4708MB
RSS_SAMPLE t=1330.1s rss=4708MB hwm=4708MB
RSS_SAMPLE t=1330.3s rss=4708MB hwm=4708MB
RSS_SAMPLE t=1330.6s rss=4708MB hwm=4708MB
RSS_SAMPLE t=1330.8s rss=4708MB hwm=4708MB
RSS_SAMPLE t=1331.1s rss=4708MB hwm=4708MB
RSS_SAMPLE t=1331.3s rss=4708MB hwm=4708MB
RSS_SAMPLE t=1331.6s rss=4708MB hwm=4708MB
RSS_SAMPLE t=1331.8s rss=4708MB hwm=4708MB
RSS_SAMPLE t=1332.1s rss=4708MB hwm=4708MB
RSS_SAMPLE t=1332.3s rss=4708MB hwm=4708MB
RSS_SAMPLE t=1332.6s rss=4708MB hwm=4708MB
RSS_SAMPLE t=1332.8s rss=4708MB hwm=4708MB
RSS_SAMPLE t=1333.1s rss=4708MB hwm=4708MB
RSS_SAMPLE t=1333.3s rss=4708MB hwm=4708MB
RSS_SAMPLE t=1333.6s rss=4708MB hwm=4708MB
RSS_SAMPLE t=1333.8s rss=4708MB hwm=4708MB
RSS_SAMPLE t=1334.1s rss=4708MB hwm=4708MB
RSS_SAMPLE t=1334.3s rss=4708MB hwm=4708MB
RSS_SAMPLE t=1334.6s rss=4708MB hwm=4708MB
RSS_SAMPLE t=1334.8s rss=4708MB hwm=4708MB
RSS_SAMPLE t=1335.1s rss=4708MB hwm=4708MB
RSS_SAMPLE t=1335.3s rss=4708MB hwm=4708MB
RSS_SAMPLE t=1335.6s rss=4708MB hwm=4708MB
RSS_SAMPLE t=1335.8s rss=4708MB hwm=4708MB
RSS_SAMPLE t=1336.1s rss=4708MB hwm=4708MB
RSS_SAMPLE t=1336.3s rss=4708MB hwm=4708MB
RSS_SAMPLE t=1336.6s rss=4708MB hwm=4708MB
RSS_SAMPLE t=1336.8s rss=4708MB hwm=4708MB
RSS_SAMPLE t=1337.1s rss=4708MB hwm=4708MB
RSS_SAMPLE t=1337.3s rss=4708MB hwm=4708MB
RSS_SAMPLE t=1337.6s rss=4708MB hwm=4708MB
RSS_SAMPLE t=1337.8s rss=4708MB hwm=4708MB
RSS_SAMPLE t=1338.1s rss=4708MB hwm=4708MB
RSS_SAMPLE t=1338.3s rss=4708MB hwm=4708MB
RSS_SAMPLE t=1338.6s rss=4708MB hwm=4708MB
RSS_SAMPLE t=1338.8s rss=4708MB hwm=4708MB
RSS_SAMPLE t=1339.1s rss=4708MB hwm=4708MB
RSS_SAMPLE t=1339.3s rss=4708MB hwm=4708MB
RSS_SAMPLE t=1339.6s rss=4708MB hwm=4708MB
RSS_SAMPLE t=1339.8s rss=4708MB hwm=4708MB
RSS_SAMPLE t=1340.1s rss=4708MB hwm=4708MB
RSS_SAMPLE t=1340.3s rss=4708MB hwm=4708MB
RSS_SAMPLE t=1340.6s rss=4708MB hwm=4708MB
RSS_SAMPLE t=1340.8s rss=4708MB hwm=4708MB
RSS_SAMPLE t=1341.1s rss=4708MB hwm=4708MB
RSS_SAMPLE t=1341.3s rss=4708MB hwm=4708MB
RSS_SAMPLE t=1341.6s rss=4708MB hwm=4708MB
RSS_SAMPLE t=1341.8s rss=4708MB hwm=4708MB
RSS_SAMPLE t=1342.1s rss=4708MB hwm=4708MB
RSS_SAMPLE t=1342.3s rss=4708MB hwm=4708MB
RSS_SAMPLE t=1342.6s rss=4708MB hwm=4708MB
RSS_SAMPLE t=1342.8s rss=4708MB hwm=4708MB
RSS_SAMPLE t=1343.1s rss=4708MB hwm=4708MB
RSS_SAMPLE t=1343.3s rss=4708MB hwm=4708MB
RSS_SAMPLE t=1343.6s rss=4708MB hwm=4708MB
RSS_SAMPLE t=1343.8s rss=4708MB hwm=4708MB
RSS_SAMPLE t=1344.1s rss=4708MB hwm=4708MB
RSS_SAMPLE t=1344.3s rss=4708MB hwm=4708MB
RSS_SAMPLE t=1344.6s rss=4708MB hwm=4708MB
RSS_SAMPLE t=1344.8s rss=4708MB hwm=4708MB
RSS_SAMPLE t=1345.1s rss=4708MB hwm=4708MB
RSS_SAMPLE t=1345.3s rss=4708MB hwm=4708MB
RSS_SAMPLE t=1345.6s rss=4708MB hwm=4708MB
RSS_SAMPLE t=1345.8s rss=4708MB hwm=4708MB
RSS_SAMPLE t=1346.1s rss=4708MB hwm=4708MB
RSS_SAMPLE t=1346.3s rss=4708MB hwm=4708MB
RSS_SAMPLE t=1346.6s rss=4708MB hwm=4708MB
RSS_SAMPLE t=1346.8s rss=4708MB hwm=4708MB
RSS_SAMPLE t=1347.1s rss=4708MB hwm=4708MB
RSS_SAMPLE t=1347.3s rss=4708MB hwm=4708MB
RSS_SAMPLE t=1347.6s rss=4708MB hwm=4708MB
RSS_SAMPLE t=1347.8s rss=4708MB hwm=4708MB
RSS_SAMPLE t=1348.1s rss=4708MB hwm=4708MB
RSS_SAMPLE t=1348.3s rss=4708MB hwm=4708MB
RSS_SAMPLE t=1348.6s rss=4708MB hwm=4708MB
RSS_SAMPLE t=1348.8s rss=4708MB hwm=4708MB
RSS_SAMPLE t=1349.1s rss=4708MB hwm=4708MB
RSS_SAMPLE t=1349.3s rss=4708MB hwm=4708MB
RSS_SAMPLE t=1349.6s rss=4708MB hwm=4708MB
RSS_SAMPLE t=1349.8s rss=4708MB hwm=4708MB
RSS_SAMPLE t=1350.1s rss=4708MB hwm=4708MB
RSS_SAMPLE t=1350.3s rss=4708MB hwm=4708MB
RSS_SAMPLE t=1350.6s rss=4708MB hwm=4708MB
RSS_SAMPLE t=1350.8s rss=4708MB hwm=4708MB
RSS_SAMPLE t=1351.1s rss=4708MB hwm=4708MB
RSS_SAMPLE t=1351.3s rss=4708MB hwm=4708MB
RSS_SAMPLE t=1351.6s rss=4708MB hwm=4708MB
RSS_SAMPLE t=1351.8s rss=4708MB hwm=4708MB
RSS_SAMPLE t=1352.1s rss=4708MB hwm=4708MB
RSS_SAMPLE t=1352.3s rss=4708MB hwm=4708MB
RSS_SAMPLE t=1352.6s rss=4708MB hwm=4708MB
RSS_SAMPLE t=1352.8s rss=4708MB hwm=4708MB
RSS_SAMPLE t=1353.1s rss=4708MB hwm=4708MB
RSS_SAMPLE t=1353.3s rss=4708MB hwm=4708MB
RSS_SAMPLE t=1353.6s rss=4708MB hwm=4708MB
RSS_SAMPLE t=1353.8s rss=4708MB hwm=4708MB
RSS_SAMPLE t=1354.1s rss=4708MB hwm=4708MB
MEM_POOL: workspaces=32 dense_usage_mb=1251 n_pipes=2562403
    post_solve_diag[outer=15]: solves=105117 cap_armed=105117 (100.0%) settle_avg=3928 above_sink_avg=199 (5.1%) settle_max=69353
    load_support[outer=15]: settle_avg=3928 load_nz_avg=3018 (76.8%) load_material_avg=1445 (36.8%)
    prune_ceiling[outer=15]: settle_avg=3928 heuristic_prunable_avg=548 (14.0%) vs oracle_zero_load=23.2%
    settle_hist[outer=15]: <100: 27514nets/0.4%work  <1k: 30531nets/2.7%work  <5k: 23740nets/14.8%work  <20k: 18358nets/45.6%work  <60k: 4937nets/36.0%work  >=60k: 37nets/0.6%work
    fanout_hist[outer=15]: fan1: 43710nets/14.0%work  fan2-4: 48279nets/49.4%work  fan5-16: 12974nets/35.5%work  fan17-64: 154nets/1.1%work  fan65-256: 0nets/0.0%work  fan>256: 0nets/0.0%work
    rss_probe[outer=15]: pre_post_solve=4707MB post_post_solve=4708MB after_apply=4708MB
    E_decomp: base=14304063.8 eff=24797137.4 cong=10493073.5 cong_share=42.3% sat_pipes=483928 max_util=719.26  R_buckets: 1-2x=2167490 2-10x=386396 10-100x=8517 >=100x=0
    E_potential: beckmann=1306450512512.2 history_total=0.0
    SpanCache: epoch=16 entries=3227 lookups=2562403 hits=2559176 misses=3227 hit_rate=99.9%
  DCD  15: nets=105117 line=9476125 energy=1910110.279 dE=-36192.279 friction=3373061.7 bins=1.9x(94) excess=23.0 moved=67932 disp=3.549 solves=105117 skip=105117 pops=412906882 theta=2.661 refresh=45039ms dcd=7053ms total=54773ms
    cache_stats: entries=56635442 capacity=123941048 est_mb=1069 rss_mb=4708
RSS_SAMPLE t=1354.3s rss=4708MB hwm=4708MB
RSS_SAMPLE t=1354.6s rss=4708MB hwm=4708MB
RSS_SAMPLE t=1354.8s rss=4708MB hwm=4708MB
RSS_SAMPLE t=1355.1s rss=4708MB hwm=4708MB
RSS_SAMPLE t=1355.3s rss=4708MB hwm=4708MB
RSS_SAMPLE t=1355.6s rss=4708MB hwm=4708MB
RSS_SAMPLE t=1355.8s rss=4708MB hwm=4708MB
RSS_SAMPLE t=1356.1s rss=4708MB hwm=4708MB
RSS_SAMPLE t=1356.3s rss=4708MB hwm=4708MB
RSS_SAMPLE t=1356.6s rss=4708MB hwm=4708MB
    SwitchMatrix: type_usage_pairs=974 lookups=3226 hits=2252 dijkstra_calls=974 avg_us=11.7 total_ms=11.4
PHASE_MARK outer=16 enter=pre_solve rss=4708MB
    rss_probe[outer=16]: pre_refresh_rss=4708MB post_pre_solve_rss=4708MB cache_entries=56635442 cache_cap=123941048 cache_est_mb=1069
    pre_solve_diag[outer=16]: solves=0 fallback=0 (0.0%) cap_armed=0 (0.0%) settle_avg=0 settle_max=0 init_count=221
    Overflow: over=430113 (16.8% of used) avg_excess=1.23 max_excess=2645.06 (nc=2669.06 cap=24 span=1)  excess_buckets: <=1=301675 1-5=113226 5-20=13517 >20=1695  by_cap: cap1=220050 cap2=183116 cap3-5=494 cap>5=26453  by_span: s1=471 s2-3=1095 s4-6=21980 s7-12=175303 s>12=231264  le1_cross: cap1=185906 cap2-5=111039 cap>5=4730
    Congestion: pipes=2562403 used=2562403 congested(>50%)=820686 saturated(>90%)=483928 max_util=719.26 avg_util=0.4960
PHASE_MARK outer=16 enter=dcd_sweep rss=4708MB
RSS_SAMPLE t=1356.8s rss=4708MB hwm=4708MB
RSS_SAMPLE t=1357.1s rss=4708MB hwm=4708MB
RSS_SAMPLE t=1357.3s rss=4708MB hwm=4708MB
RSS_SAMPLE t=1357.6s rss=4708MB hwm=4708MB
RSS_SAMPLE t=1357.8s rss=4708MB hwm=4708MB
RSS_SAMPLE t=1358.1s rss=4708MB hwm=4708MB
RSS_SAMPLE t=1358.3s rss=4708MB hwm=4708MB
RSS_SAMPLE t=1358.6s rss=4708MB hwm=4708MB
RSS_SAMPLE t=1358.8s rss=4708MB hwm=4708MB
RSS_SAMPLE t=1359.1s rss=4708MB hwm=4708MB
RSS_SAMPLE t=1359.3s rss=4708MB hwm=4708MB
RSS_SAMPLE t=1359.6s rss=4708MB hwm=4708MB
RSS_SAMPLE t=1359.8s rss=4708MB hwm=4708MB
RSS_SAMPLE t=1360.1s rss=4708MB hwm=4708MB
RSS_SAMPLE t=1360.3s rss=4708MB hwm=4708MB
RSS_SAMPLE t=1360.6s rss=4708MB hwm=4708MB
RSS_SAMPLE t=1360.8s rss=4708MB hwm=4708MB
RSS_SAMPLE t=1361.1s rss=4708MB hwm=4708MB
RSS_SAMPLE t=1361.3s rss=4708MB hwm=4708MB
RSS_SAMPLE t=1361.6s rss=4708MB hwm=4708MB
RSS_SAMPLE t=1361.8s rss=4708MB hwm=4708MB
RSS_SAMPLE t=1362.1s rss=4708MB hwm=4708MB
RSS_SAMPLE t=1362.3s rss=4708MB hwm=4708MB
RSS_SAMPLE t=1362.6s rss=4708MB hwm=4708MB
RSS_SAMPLE t=1362.8s rss=4708MB hwm=4708MB
RSS_SAMPLE t=1363.1s rss=4708MB hwm=4708MB
RSS_SAMPLE t=1363.3s rss=4708MB hwm=4708MB
RSS_SAMPLE t=1363.6s rss=4708MB hwm=4708MB
PHASE_MARK outer=16 leave=dcd_sweep rss=4708MB
PHASE_MARK outer=16 enter=post_refresh rss=4708MB
RSS_SAMPLE t=1363.8s rss=4709MB hwm=4709MB
RSS_SAMPLE t=1364.1s rss=4709MB hwm=4709MB
RSS_SAMPLE t=1364.3s rss=4709MB hwm=4709MB
RSS_SAMPLE t=1364.6s rss=4709MB hwm=4709MB
RSS_SAMPLE t=1364.8s rss=4709MB hwm=4709MB
RSS_SAMPLE t=1365.1s rss=4709MB hwm=4709MB
RSS_SAMPLE t=1365.3s rss=4709MB hwm=4709MB
RSS_SAMPLE t=1365.6s rss=4709MB hwm=4709MB
RSS_SAMPLE t=1365.8s rss=4709MB hwm=4709MB
RSS_SAMPLE t=1366.1s rss=4709MB hwm=4709MB
RSS_SAMPLE t=1366.4s rss=4709MB hwm=4709MB
RSS_SAMPLE t=1366.6s rss=4709MB hwm=4709MB
RSS_SAMPLE t=1366.9s rss=4709MB hwm=4709MB
RSS_SAMPLE t=1367.1s rss=4709MB hwm=4709MB
RSS_SAMPLE t=1367.4s rss=4709MB hwm=4709MB
RSS_SAMPLE t=1367.6s rss=4709MB hwm=4709MB
RSS_SAMPLE t=1367.9s rss=4709MB hwm=4709MB
RSS_SAMPLE t=1368.1s rss=4709MB hwm=4709MB
RSS_SAMPLE t=1368.4s rss=4709MB hwm=4709MB
RSS_SAMPLE t=1368.6s rss=4709MB hwm=4709MB
RSS_SAMPLE t=1368.9s rss=4709MB hwm=4709MB
RSS_SAMPLE t=1369.1s rss=4709MB hwm=4709MB
RSS_SAMPLE t=1369.4s rss=4709MB hwm=4709MB
RSS_SAMPLE t=1369.6s rss=4709MB hwm=4709MB
RSS_SAMPLE t=1369.9s rss=4709MB hwm=4709MB
RSS_SAMPLE t=1370.1s rss=4709MB hwm=4709MB
RSS_SAMPLE t=1370.4s rss=4709MB hwm=4709MB
RSS_SAMPLE t=1370.6s rss=4709MB hwm=4709MB
RSS_SAMPLE t=1370.9s rss=4709MB hwm=4709MB
RSS_SAMPLE t=1371.1s rss=4709MB hwm=4709MB
RSS_SAMPLE t=1371.4s rss=4709MB hwm=4709MB
RSS_SAMPLE t=1371.6s rss=4709MB hwm=4709MB
RSS_SAMPLE t=1371.9s rss=4709MB hwm=4709MB
RSS_SAMPLE t=1372.1s rss=4709MB hwm=4709MB
RSS_SAMPLE t=1372.4s rss=4709MB hwm=4709MB
RSS_SAMPLE t=1372.6s rss=4709MB hwm=4709MB
RSS_SAMPLE t=1372.9s rss=4709MB hwm=4709MB
RSS_SAMPLE t=1373.1s rss=4709MB hwm=4709MB
RSS_SAMPLE t=1373.4s rss=4709MB hwm=4709MB
RSS_SAMPLE t=1373.6s rss=4709MB hwm=4709MB
RSS_SAMPLE t=1373.9s rss=4709MB hwm=4709MB
RSS_SAMPLE t=1374.1s rss=4709MB hwm=4709MB
RSS_SAMPLE t=1374.4s rss=4709MB hwm=4709MB
RSS_SAMPLE t=1374.6s rss=4709MB hwm=4709MB
RSS_SAMPLE t=1374.9s rss=4709MB hwm=4709MB
RSS_SAMPLE t=1375.1s rss=4709MB hwm=4709MB
RSS_SAMPLE t=1375.4s rss=4709MB hwm=4709MB
RSS_SAMPLE t=1375.6s rss=4709MB hwm=4709MB
RSS_SAMPLE t=1375.9s rss=4709MB hwm=4709MB
RSS_SAMPLE t=1376.1s rss=4709MB hwm=4709MB
RSS_SAMPLE t=1376.4s rss=4709MB hwm=4709MB
RSS_SAMPLE t=1376.6s rss=4709MB hwm=4709MB
RSS_SAMPLE t=1376.9s rss=4709MB hwm=4709MB
RSS_SAMPLE t=1377.1s rss=4709MB hwm=4709MB
RSS_SAMPLE t=1377.4s rss=4709MB hwm=4709MB
RSS_SAMPLE t=1377.6s rss=4709MB hwm=4709MB
RSS_SAMPLE t=1377.9s rss=4709MB hwm=4709MB
RSS_SAMPLE t=1378.1s rss=4709MB hwm=4709MB
RSS_SAMPLE t=1378.4s rss=4709MB hwm=4709MB
RSS_SAMPLE t=1378.6s rss=4709MB hwm=4709MB
RSS_SAMPLE t=1378.9s rss=4709MB hwm=4709MB
RSS_SAMPLE t=1379.1s rss=4709MB hwm=4709MB
RSS_SAMPLE t=1379.4s rss=4709MB hwm=4709MB
RSS_SAMPLE t=1379.6s rss=4709MB hwm=4709MB
RSS_SAMPLE t=1379.9s rss=4709MB hwm=4709MB
RSS_SAMPLE t=1380.1s rss=4709MB hwm=4709MB
RSS_SAMPLE t=1380.4s rss=4709MB hwm=4709MB
RSS_SAMPLE t=1380.6s rss=4709MB hwm=4709MB
RSS_SAMPLE t=1380.9s rss=4709MB hwm=4709MB
RSS_SAMPLE t=1381.1s rss=4709MB hwm=4709MB
RSS_SAMPLE t=1381.4s rss=4709MB hwm=4709MB
RSS_SAMPLE t=1381.6s rss=4709MB hwm=4709MB
RSS_SAMPLE t=1381.9s rss=4709MB hwm=4709MB
RSS_SAMPLE t=1382.1s rss=4709MB hwm=4709MB
RSS_SAMPLE t=1382.4s rss=4709MB hwm=4709MB
RSS_SAMPLE t=1382.6s rss=4709MB hwm=4709MB
RSS_SAMPLE t=1382.9s rss=4709MB hwm=4709MB
RSS_SAMPLE t=1383.1s rss=4709MB hwm=4709MB
RSS_SAMPLE t=1383.4s rss=4709MB hwm=4709MB
RSS_SAMPLE t=1383.6s rss=4709MB hwm=4709MB
RSS_SAMPLE t=1383.9s rss=4709MB hwm=4709MB
RSS_SAMPLE t=1384.1s rss=4709MB hwm=4709MB
RSS_SAMPLE t=1384.4s rss=4709MB hwm=4709MB
RSS_SAMPLE t=1384.6s rss=4709MB hwm=4709MB
RSS_SAMPLE t=1384.9s rss=4709MB hwm=4709MB
RSS_SAMPLE t=1385.1s rss=4709MB hwm=4709MB
RSS_SAMPLE t=1385.4s rss=4709MB hwm=4709MB
RSS_SAMPLE t=1385.6s rss=4709MB hwm=4709MB
RSS_SAMPLE t=1385.9s rss=4709MB hwm=4709MB
RSS_SAMPLE t=1386.1s rss=4709MB hwm=4709MB
RSS_SAMPLE t=1386.4s rss=4709MB hwm=4709MB
RSS_SAMPLE t=1386.6s rss=4709MB hwm=4709MB
RSS_SAMPLE t=1386.9s rss=4709MB hwm=4709MB
RSS_SAMPLE t=1387.1s rss=4709MB hwm=4709MB
RSS_SAMPLE t=1387.4s rss=4709MB hwm=4709MB
RSS_SAMPLE t=1387.6s rss=4709MB hwm=4709MB
RSS_SAMPLE t=1387.9s rss=4709MB hwm=4709MB
RSS_SAMPLE t=1388.1s rss=4709MB hwm=4709MB
RSS_SAMPLE t=1388.4s rss=4709MB hwm=4709MB
RSS_SAMPLE t=1388.6s rss=4709MB hwm=4709MB
RSS_SAMPLE t=1388.9s rss=4709MB hwm=4709MB
RSS_SAMPLE t=1389.1s rss=4709MB hwm=4709MB
RSS_SAMPLE t=1389.4s rss=4709MB hwm=4709MB
RSS_SAMPLE t=1389.6s rss=4709MB hwm=4709MB
RSS_SAMPLE t=1389.9s rss=4709MB hwm=4709MB
RSS_SAMPLE t=1390.1s rss=4709MB hwm=4709MB
RSS_SAMPLE t=1390.4s rss=4709MB hwm=4709MB
RSS_SAMPLE t=1390.6s rss=4709MB hwm=4709MB
RSS_SAMPLE t=1390.9s rss=4709MB hwm=4709MB
RSS_SAMPLE t=1391.1s rss=4709MB hwm=4709MB
RSS_SAMPLE t=1391.4s rss=4709MB hwm=4709MB
RSS_SAMPLE t=1391.6s rss=4709MB hwm=4709MB
RSS_SAMPLE t=1391.9s rss=4709MB hwm=4709MB
RSS_SAMPLE t=1392.1s rss=4709MB hwm=4709MB
RSS_SAMPLE t=1392.4s rss=4709MB hwm=4709MB
RSS_SAMPLE t=1392.6s rss=4709MB hwm=4709MB
RSS_SAMPLE t=1392.9s rss=4709MB hwm=4709MB
RSS_SAMPLE t=1393.1s rss=4709MB hwm=4709MB
RSS_SAMPLE t=1393.4s rss=4709MB hwm=4709MB
RSS_SAMPLE t=1393.6s rss=4709MB hwm=4709MB
RSS_SAMPLE t=1393.9s rss=4709MB hwm=4709MB
RSS_SAMPLE t=1394.1s rss=4709MB hwm=4709MB
RSS_SAMPLE t=1394.4s rss=4709MB hwm=4709MB
RSS_SAMPLE t=1394.6s rss=4709MB hwm=4709MB
RSS_SAMPLE t=1394.9s rss=4709MB hwm=4709MB
RSS_SAMPLE t=1395.1s rss=4709MB hwm=4709MB
RSS_SAMPLE t=1395.4s rss=4709MB hwm=4709MB
RSS_SAMPLE t=1395.6s rss=4709MB hwm=4709MB
RSS_SAMPLE t=1395.9s rss=4709MB hwm=4709MB
RSS_SAMPLE t=1396.1s rss=4709MB hwm=4709MB
RSS_SAMPLE t=1396.4s rss=4709MB hwm=4709MB
RSS_SAMPLE t=1396.6s rss=4709MB hwm=4709MB
RSS_SAMPLE t=1396.9s rss=4709MB hwm=4709MB
RSS_SAMPLE t=1397.1s rss=4709MB hwm=4709MB
RSS_SAMPLE t=1397.4s rss=4709MB hwm=4709MB
RSS_SAMPLE t=1397.6s rss=4709MB hwm=4709MB
RSS_SAMPLE t=1397.9s rss=4709MB hwm=4709MB
RSS_SAMPLE t=1398.1s rss=4709MB hwm=4709MB
RSS_SAMPLE t=1398.4s rss=4709MB hwm=4709MB
RSS_SAMPLE t=1398.6s rss=4709MB hwm=4709MB
RSS_SAMPLE t=1398.9s rss=4709MB hwm=4709MB
RSS_SAMPLE t=1399.1s rss=4709MB hwm=4709MB
RSS_SAMPLE t=1399.4s rss=4709MB hwm=4709MB
RSS_SAMPLE t=1399.6s rss=4709MB hwm=4709MB
RSS_SAMPLE t=1399.9s rss=4709MB hwm=4709MB
RSS_SAMPLE t=1400.1s rss=4709MB hwm=4709MB
RSS_SAMPLE t=1400.4s rss=4709MB hwm=4709MB
RSS_SAMPLE t=1400.6s rss=4709MB hwm=4709MB
RSS_SAMPLE t=1400.9s rss=4709MB hwm=4709MB
RSS_SAMPLE t=1401.1s rss=4709MB hwm=4709MB
RSS_SAMPLE t=1401.4s rss=4709MB hwm=4709MB
RSS_SAMPLE t=1401.6s rss=4709MB hwm=4709MB
RSS_SAMPLE t=1401.9s rss=4709MB hwm=4709MB
RSS_SAMPLE t=1402.1s rss=4709MB hwm=4709MB
RSS_SAMPLE t=1402.4s rss=4709MB hwm=4709MB
RSS_SAMPLE t=1402.6s rss=4709MB hwm=4709MB
RSS_SAMPLE t=1402.9s rss=4709MB hwm=4709MB
RSS_SAMPLE t=1403.1s rss=4709MB hwm=4709MB
RSS_SAMPLE t=1403.4s rss=4709MB hwm=4709MB
RSS_SAMPLE t=1403.6s rss=4709MB hwm=4709MB
RSS_SAMPLE t=1403.9s rss=4709MB hwm=4709MB
RSS_SAMPLE t=1404.1s rss=4709MB hwm=4709MB
RSS_SAMPLE t=1404.4s rss=4709MB hwm=4709MB
RSS_SAMPLE t=1404.6s rss=4709MB hwm=4709MB
RSS_SAMPLE t=1404.9s rss=4709MB hwm=4709MB
RSS_SAMPLE t=1405.1s rss=4709MB hwm=4709MB
RSS_SAMPLE t=1405.4s rss=4709MB hwm=4709MB
RSS_SAMPLE t=1405.6s rss=4709MB hwm=4709MB
RSS_SAMPLE t=1405.9s rss=4709MB hwm=4709MB
RSS_SAMPLE t=1406.1s rss=4709MB hwm=4709MB
RSS_SAMPLE t=1406.4s rss=4709MB hwm=4709MB
RSS_SAMPLE t=1406.6s rss=4709MB hwm=4709MB
MEM_POOL: workspaces=32 dense_usage_mb=1251 n_pipes=2562403
    post_solve_diag[outer=16]: solves=105117 cap_armed=105117 (100.0%) settle_avg=3768 above_sink_avg=194 (5.2%) settle_max=69353
    load_support[outer=16]: settle_avg=3768 load_nz_avg=2828 (75.0%) load_material_avg=1358 (36.0%)
    prune_ceiling[outer=16]: settle_avg=3768 heuristic_prunable_avg=512 (13.6%) vs oracle_zero_load=25.0%
    settle_hist[outer=16]: <100: 27985nets/0.4%work  <1k: 30933nets/2.8%work  <5k: 23613nets/15.4%work  <20k: 17999nets/46.2%work  <60k: 4554nets/34.6%work  >=60k: 33nets/0.5%work
    fanout_hist[outer=16]: fan1: 43710nets/14.1%work  fan2-4: 48279nets/49.4%work  fan5-16: 12974nets/35.5%work  fan17-64: 154nets/1.1%work  fan65-256: 0nets/0.0%work  fan>256: 0nets/0.0%work
    rss_probe[outer=16]: pre_post_solve=4709MB post_post_solve=4709MB after_apply=4709MB
    E_decomp: base=13858436.4 eff=23876243.5 cong=10017807.1 cong_share=42.0% sat_pipes=468305 max_util=887.52  R_buckets: 1-2x=2184403 2-10x=369602 10-100x=8398 >=100x=0
    E_potential: beckmann=2986067379153.8 history_total=0.0
    SpanCache: epoch=17 entries=3226 lookups=2562403 hits=2559177 misses=3226 hit_rate=99.9%
  DCD  16: nets=105117 line=9185167 energy=1854014.147 dE=-56096.132 friction=3678178.6 bins=1.9x(134) excess=34.0 moved=67920 disp=3.342 solves=105117 skip=105117 pops=396120147 theta=3.116 refresh=42943ms dcd=7034ms total=52457ms
    cache_stats: entries=55760238 capacity=122531248 est_mb=1057 rss_mb=4709
RSS_SAMPLE t=1406.9s rss=4709MB hwm=4709MB
RSS_SAMPLE t=1407.1s rss=4709MB hwm=4709MB
RSS_SAMPLE t=1407.4s rss=4709MB hwm=4709MB
RSS_SAMPLE t=1407.6s rss=4709MB hwm=4709MB
RSS_SAMPLE t=1407.9s rss=4709MB hwm=4709MB
RSS_SAMPLE t=1408.1s rss=4709MB hwm=4709MB
RSS_SAMPLE t=1408.4s rss=4709MB hwm=4709MB
RSS_SAMPLE t=1408.6s rss=4709MB hwm=4709MB
RSS_SAMPLE t=1408.9s rss=4709MB hwm=4709MB
RSS_SAMPLE t=1409.1s rss=4709MB hwm=4709MB
    SwitchMatrix: type_usage_pairs=993 lookups=3153 hits=2160 dijkstra_calls=993 avg_us=12.1 total_ms=12.0
PHASE_MARK outer=17 enter=pre_solve rss=4709MB
    rss_probe[outer=17]: pre_refresh_rss=4709MB post_pre_solve_rss=4709MB cache_entries=55760238 cache_cap=122531248 cache_est_mb=1057
    pre_solve_diag[outer=17]: solves=0 fallback=0 (0.0%) cap_armed=0 (0.0%) settle_avg=0 settle_max=0 init_count=233
    Overflow: over=417140 (16.3% of used) avg_excess=1.25 max_excess=2543.95 (nc=2567.95 cap=24 span=1)  excess_buckets: <=1=291482 1-5=110161 5-20=13865 >20=1632  by_cap: cap1=212326 cap2=178513 cap3-5=481 cap>5=25820  by_span: s1=428 s2-3=1082 s4-6=21582 s7-12=171010 s>12=223038  le1_cross: cap1=176986 cap2-5=110107 cap>5=4389
    Congestion: pipes=2562403 used=2562403 congested(>50%)=790191 saturated(>90%)=468305 max_util=887.52 avg_util=0.4832
PHASE_MARK outer=17 enter=dcd_sweep rss=4709MB
RSS_SAMPLE t=1409.4s rss=4709MB hwm=4709MB
RSS_SAMPLE t=1409.6s rss=4709MB hwm=4709MB
RSS_SAMPLE t=1409.9s rss=4709MB hwm=4709MB
RSS_SAMPLE t=1410.1s rss=4709MB hwm=4709MB
RSS_SAMPLE t=1410.4s rss=4709MB hwm=4709MB
RSS_SAMPLE t=1410.6s rss=4709MB hwm=4709MB
RSS_SAMPLE t=1410.9s rss=4709MB hwm=4709MB
RSS_SAMPLE t=1411.1s rss=4709MB hwm=4709MB
RSS_SAMPLE t=1411.4s rss=4709MB hwm=4709MB
RSS_SAMPLE t=1411.6s rss=4709MB hwm=4709MB
RSS_SAMPLE t=1411.9s rss=4709MB hwm=4709MB
RSS_SAMPLE t=1412.1s rss=4709MB hwm=4709MB
RSS_SAMPLE t=1412.4s rss=4709MB hwm=4709MB
RSS_SAMPLE t=1412.6s rss=4709MB hwm=4709MB
RSS_SAMPLE t=1412.9s rss=4709MB hwm=4709MB
RSS_SAMPLE t=1413.1s rss=4709MB hwm=4709MB
RSS_SAMPLE t=1413.4s rss=4709MB hwm=4709MB
RSS_SAMPLE t=1413.6s rss=4709MB hwm=4709MB
RSS_SAMPLE t=1413.9s rss=4709MB hwm=4709MB
RSS_SAMPLE t=1414.1s rss=4709MB hwm=4709MB
RSS_SAMPLE t=1414.4s rss=4709MB hwm=4709MB
RSS_SAMPLE t=1414.6s rss=4709MB hwm=4709MB
RSS_SAMPLE t=1414.9s rss=4709MB hwm=4709MB
RSS_SAMPLE t=1415.1s rss=4709MB hwm=4709MB
RSS_SAMPLE t=1415.4s rss=4709MB hwm=4709MB
RSS_SAMPLE t=1415.6s rss=4709MB hwm=4709MB
RSS_SAMPLE t=1415.9s rss=4709MB hwm=4709MB
RSS_SAMPLE t=1416.1s rss=4709MB hwm=4709MB
RSS_SAMPLE t=1416.4s rss=4709MB hwm=4709MB
PHASE_MARK outer=17 leave=dcd_sweep rss=4709MB
PHASE_MARK outer=17 enter=post_refresh rss=4709MB
RSS_SAMPLE t=1416.6s rss=4709MB hwm=4709MB
RSS_SAMPLE t=1416.9s rss=4709MB hwm=4709MB
RSS_SAMPLE t=1417.1s rss=4709MB hwm=4709MB
RSS_SAMPLE t=1417.4s rss=4709MB hwm=4709MB
RSS_SAMPLE t=1417.6s rss=4709MB hwm=4709MB
RSS_SAMPLE t=1417.9s rss=4709MB hwm=4709MB
RSS_SAMPLE t=1418.1s rss=4709MB hwm=4709MB
RSS_SAMPLE t=1418.4s rss=4709MB hwm=4709MB
RSS_SAMPLE t=1418.6s rss=4709MB hwm=4709MB
RSS_SAMPLE t=1418.9s rss=4709MB hwm=4709MB
RSS_SAMPLE t=1419.1s rss=4709MB hwm=4709MB
RSS_SAMPLE t=1419.4s rss=4709MB hwm=4709MB
RSS_SAMPLE t=1419.6s rss=4709MB hwm=4709MB
RSS_SAMPLE t=1419.9s rss=4709MB hwm=4709MB
RSS_SAMPLE t=1420.1s rss=4709MB hwm=4709MB
RSS_SAMPLE t=1420.4s rss=4709MB hwm=4709MB
RSS_SAMPLE t=1420.6s rss=4709MB hwm=4709MB
RSS_SAMPLE t=1420.9s rss=4709MB hwm=4709MB
RSS_SAMPLE t=1421.1s rss=4709MB hwm=4709MB
RSS_SAMPLE t=1421.4s rss=4709MB hwm=4709MB
RSS_SAMPLE t=1421.6s rss=4709MB hwm=4709MB
RSS_SAMPLE t=1421.9s rss=4709MB hwm=4709MB
RSS_SAMPLE t=1422.1s rss=4709MB hwm=4709MB
RSS_SAMPLE t=1422.4s rss=4709MB hwm=4709MB
RSS_SAMPLE t=1422.6s rss=4709MB hwm=4709MB
RSS_SAMPLE t=1422.9s rss=4709MB hwm=4709MB
RSS_SAMPLE t=1423.1s rss=4709MB hwm=4709MB
RSS_SAMPLE t=1423.4s rss=4709MB hwm=4709MB
RSS_SAMPLE t=1423.7s rss=4709MB hwm=4709MB
RSS_SAMPLE t=1423.9s rss=4709MB hwm=4709MB
RSS_SAMPLE t=1424.2s rss=4709MB hwm=4709MB
RSS_SAMPLE t=1424.4s rss=4709MB hwm=4709MB
RSS_SAMPLE t=1424.7s rss=4709MB hwm=4709MB
RSS_SAMPLE t=1424.9s rss=4709MB hwm=4709MB
RSS_SAMPLE t=1425.2s rss=4709MB hwm=4709MB
RSS_SAMPLE t=1425.4s rss=4709MB hwm=4709MB
RSS_SAMPLE t=1425.7s rss=4709MB hwm=4709MB
RSS_SAMPLE t=1425.9s rss=4709MB hwm=4709MB
RSS_SAMPLE t=1426.2s rss=4709MB hwm=4709MB
RSS_SAMPLE t=1426.4s rss=4709MB hwm=4709MB
RSS_SAMPLE t=1426.7s rss=4709MB hwm=4709MB
RSS_SAMPLE t=1426.9s rss=4710MB hwm=4710MB
RSS_SAMPLE t=1427.2s rss=4710MB hwm=4710MB
RSS_SAMPLE t=1427.4s rss=4710MB hwm=4710MB
RSS_SAMPLE t=1427.7s rss=4710MB hwm=4710MB
RSS_SAMPLE t=1427.9s rss=4710MB hwm=4710MB
RSS_SAMPLE t=1428.2s rss=4710MB hwm=4710MB
RSS_SAMPLE t=1428.4s rss=4710MB hwm=4710MB
RSS_SAMPLE t=1428.7s rss=4710MB hwm=4710MB
RSS_SAMPLE t=1428.9s rss=4710MB hwm=4710MB
RSS_SAMPLE t=1429.2s rss=4710MB hwm=4710MB
RSS_SAMPLE t=1429.4s rss=4710MB hwm=4710MB
RSS_SAMPLE t=1429.7s rss=4710MB hwm=4710MB
RSS_SAMPLE t=1429.9s rss=4710MB hwm=4710MB
RSS_SAMPLE t=1430.2s rss=4710MB hwm=4710MB
RSS_SAMPLE t=1430.4s rss=4710MB hwm=4710MB
RSS_SAMPLE t=1430.7s rss=4710MB hwm=4710MB
RSS_SAMPLE t=1430.9s rss=4710MB hwm=4710MB
RSS_SAMPLE t=1431.2s rss=4710MB hwm=4710MB
RSS_SAMPLE t=1431.4s rss=4710MB hwm=4710MB
RSS_SAMPLE t=1431.7s rss=4710MB hwm=4710MB
RSS_SAMPLE t=1431.9s rss=4710MB hwm=4710MB
RSS_SAMPLE t=1432.2s rss=4710MB hwm=4710MB
RSS_SAMPLE t=1432.4s rss=4710MB hwm=4710MB
RSS_SAMPLE t=1432.7s rss=4710MB hwm=4710MB
RSS_SAMPLE t=1432.9s rss=4710MB hwm=4710MB
RSS_SAMPLE t=1433.2s rss=4710MB hwm=4710MB
RSS_SAMPLE t=1433.4s rss=4710MB hwm=4710MB
RSS_SAMPLE t=1433.7s rss=4710MB hwm=4710MB
RSS_SAMPLE t=1433.9s rss=4710MB hwm=4710MB
RSS_SAMPLE t=1434.2s rss=4710MB hwm=4710MB
RSS_SAMPLE t=1434.4s rss=4710MB hwm=4710MB
RSS_SAMPLE t=1434.7s rss=4710MB hwm=4710MB
RSS_SAMPLE t=1434.9s rss=4710MB hwm=4710MB
RSS_SAMPLE t=1435.2s rss=4710MB hwm=4710MB
RSS_SAMPLE t=1435.4s rss=4710MB hwm=4710MB
RSS_SAMPLE t=1435.7s rss=4710MB hwm=4710MB
RSS_SAMPLE t=1435.9s rss=4710MB hwm=4710MB
RSS_SAMPLE t=1436.2s rss=4710MB hwm=4710MB
RSS_SAMPLE t=1436.4s rss=4710MB hwm=4710MB
RSS_SAMPLE t=1436.7s rss=4710MB hwm=4710MB
RSS_SAMPLE t=1436.9s rss=4710MB hwm=4710MB
RSS_SAMPLE t=1437.2s rss=4710MB hwm=4710MB
RSS_SAMPLE t=1437.4s rss=4710MB hwm=4710MB
RSS_SAMPLE t=1437.7s rss=4710MB hwm=4710MB
RSS_SAMPLE t=1437.9s rss=4710MB hwm=4710MB
RSS_SAMPLE t=1438.2s rss=4710MB hwm=4710MB
RSS_SAMPLE t=1438.4s rss=4710MB hwm=4710MB
RSS_SAMPLE t=1438.7s rss=4710MB hwm=4710MB
RSS_SAMPLE t=1438.9s rss=4710MB hwm=4710MB
RSS_SAMPLE t=1439.2s rss=4710MB hwm=4710MB
RSS_SAMPLE t=1439.4s rss=4710MB hwm=4710MB
RSS_SAMPLE t=1439.7s rss=4710MB hwm=4710MB
RSS_SAMPLE t=1439.9s rss=4710MB hwm=4710MB
RSS_SAMPLE t=1440.2s rss=4710MB hwm=4710MB
RSS_SAMPLE t=1440.4s rss=4710MB hwm=4710MB
RSS_SAMPLE t=1440.7s rss=4710MB hwm=4710MB
RSS_SAMPLE t=1440.9s rss=4710MB hwm=4710MB
RSS_SAMPLE t=1441.2s rss=4710MB hwm=4710MB
RSS_SAMPLE t=1441.4s rss=4710MB hwm=4710MB
RSS_SAMPLE t=1441.7s rss=4710MB hwm=4710MB
RSS_SAMPLE t=1441.9s rss=4710MB hwm=4710MB
RSS_SAMPLE t=1442.2s rss=4710MB hwm=4710MB
RSS_SAMPLE t=1442.4s rss=4710MB hwm=4710MB
RSS_SAMPLE t=1442.7s rss=4710MB hwm=4710MB
RSS_SAMPLE t=1442.9s rss=4710MB hwm=4710MB
RSS_SAMPLE t=1443.2s rss=4710MB hwm=4710MB
RSS_SAMPLE t=1443.4s rss=4710MB hwm=4710MB
RSS_SAMPLE t=1443.7s rss=4710MB hwm=4710MB
RSS_SAMPLE t=1443.9s rss=4710MB hwm=4710MB
RSS_SAMPLE t=1444.2s rss=4710MB hwm=4710MB
RSS_SAMPLE t=1444.4s rss=4710MB hwm=4710MB
RSS_SAMPLE t=1444.7s rss=4710MB hwm=4710MB
RSS_SAMPLE t=1444.9s rss=4710MB hwm=4710MB
RSS_SAMPLE t=1445.2s rss=4710MB hwm=4710MB
RSS_SAMPLE t=1445.4s rss=4710MB hwm=4710MB
RSS_SAMPLE t=1445.7s rss=4710MB hwm=4710MB
RSS_SAMPLE t=1445.9s rss=4710MB hwm=4710MB
RSS_SAMPLE t=1446.2s rss=4710MB hwm=4710MB
RSS_SAMPLE t=1446.4s rss=4710MB hwm=4710MB
RSS_SAMPLE t=1446.7s rss=4710MB hwm=4710MB
RSS_SAMPLE t=1446.9s rss=4710MB hwm=4710MB
RSS_SAMPLE t=1447.2s rss=4710MB hwm=4710MB
RSS_SAMPLE t=1447.4s rss=4710MB hwm=4710MB
RSS_SAMPLE t=1447.7s rss=4710MB hwm=4710MB
RSS_SAMPLE t=1447.9s rss=4710MB hwm=4710MB
RSS_SAMPLE t=1448.2s rss=4710MB hwm=4710MB
RSS_SAMPLE t=1448.4s rss=4710MB hwm=4710MB
RSS_SAMPLE t=1448.7s rss=4710MB hwm=4710MB
RSS_SAMPLE t=1448.9s rss=4710MB hwm=4710MB
RSS_SAMPLE t=1449.2s rss=4710MB hwm=4710MB
RSS_SAMPLE t=1449.4s rss=4710MB hwm=4710MB
RSS_SAMPLE t=1449.7s rss=4710MB hwm=4710MB
RSS_SAMPLE t=1449.9s rss=4710MB hwm=4710MB
RSS_SAMPLE t=1450.2s rss=4710MB hwm=4710MB
RSS_SAMPLE t=1450.4s rss=4710MB hwm=4710MB
RSS_SAMPLE t=1450.7s rss=4710MB hwm=4710MB
RSS_SAMPLE t=1450.9s rss=4710MB hwm=4710MB
RSS_SAMPLE t=1451.2s rss=4710MB hwm=4710MB
RSS_SAMPLE t=1451.4s rss=4710MB hwm=4710MB
RSS_SAMPLE t=1451.7s rss=4710MB hwm=4710MB
RSS_SAMPLE t=1451.9s rss=4710MB hwm=4710MB
RSS_SAMPLE t=1452.2s rss=4710MB hwm=4710MB
RSS_SAMPLE t=1452.4s rss=4710MB hwm=4710MB
RSS_SAMPLE t=1452.7s rss=4710MB hwm=4710MB
RSS_SAMPLE t=1452.9s rss=4710MB hwm=4710MB
RSS_SAMPLE t=1453.2s rss=4710MB hwm=4710MB
RSS_SAMPLE t=1453.4s rss=4710MB hwm=4710MB
RSS_SAMPLE t=1453.7s rss=4710MB hwm=4710MB
RSS_SAMPLE t=1453.9s rss=4710MB hwm=4710MB
RSS_SAMPLE t=1454.2s rss=4710MB hwm=4710MB
RSS_SAMPLE t=1454.4s rss=4710MB hwm=4710MB
RSS_SAMPLE t=1454.7s rss=4710MB hwm=4710MB
RSS_SAMPLE t=1454.9s rss=4710MB hwm=4710MB
RSS_SAMPLE t=1455.2s rss=4710MB hwm=4710MB
RSS_SAMPLE t=1455.4s rss=4710MB hwm=4710MB
RSS_SAMPLE t=1455.7s rss=4710MB hwm=4710MB
RSS_SAMPLE t=1455.9s rss=4710MB hwm=4710MB
RSS_SAMPLE t=1456.2s rss=4710MB hwm=4710MB
RSS_SAMPLE t=1456.4s rss=4710MB hwm=4710MB
RSS_SAMPLE t=1456.7s rss=4710MB hwm=4710MB
RSS_SAMPLE t=1456.9s rss=4710MB hwm=4710MB
RSS_SAMPLE t=1457.2s rss=4710MB hwm=4710MB
RSS_SAMPLE t=1457.4s rss=4710MB hwm=4710MB
RSS_SAMPLE t=1457.7s rss=4710MB hwm=4710MB
RSS_SAMPLE t=1457.9s rss=4710MB hwm=4710MB
RSS_SAMPLE t=1458.2s rss=4710MB hwm=4710MB
RSS_SAMPLE t=1458.4s rss=4710MB hwm=4710MB
RSS_SAMPLE t=1458.7s rss=4710MB hwm=4710MB
RSS_SAMPLE t=1458.9s rss=4710MB hwm=4710MB
RSS_SAMPLE t=1459.2s rss=4710MB hwm=4710MB
RSS_SAMPLE t=1459.4s rss=4710MB hwm=4710MB
RSS_SAMPLE t=1459.7s rss=4710MB hwm=4710MB
RSS_SAMPLE t=1459.9s rss=4710MB hwm=4710MB
MEM_POOL: workspaces=32 dense_usage_mb=1251 n_pipes=2562403
    post_solve_diag[outer=17]: solves=105117 cap_armed=105117 (100.0%) settle_avg=3623 above_sink_avg=192 (5.3%) settle_max=69353
    load_support[outer=17]: settle_avg=3623 load_nz_avg=2801 (77.3%) load_material_avg=1362 (37.6%)
    prune_ceiling[outer=17]: settle_avg=3623 heuristic_prunable_avg=480 (13.2%) vs oracle_zero_load=22.7%
    settle_hist[outer=17]: <100: 28365nets/0.4%work  <1k: 31395nets/2.9%work  <5k: 23451nets/15.9%work  <20k: 17613nets/46.6%work  <60k: 4266nets/33.7%work  >=60k: 27nets/0.5%work
    fanout_hist[outer=17]: fan1: 43710nets/14.1%work  fan2-4: 48279nets/49.3%work  fan5-16: 12974nets/35.5%work  fan17-64: 154nets/1.1%work  fan65-256: 0nets/0.0%work  fan>256: 0nets/0.0%work
    rss_probe[outer=17]: pre_post_solve=4709MB post_post_solve=4710MB after_apply=4710MB
    E_decomp: base=13711684.6 eff=23717223.3 cong=10005538.7 cong_share=42.2% sat_pipes=464895 max_util=670.82  R_buckets: 1-2x=2188126 2-10x=364237 10-100x=10040 >=100x=0
    E_potential: beckmann=1084236285740.4 history_total=0.0
    SpanCache: epoch=18 entries=3153 lookups=2562403 hits=2559250 misses=3153 hit_rate=99.9%
  DCD  17: nets=105117 line=8922361 energy=1850950.132 dE=-3064.015 friction=3058968.8 bins=1.6x(110) excess=25.4 moved=67931 disp=3.157 solves=105117 skip=105117 pops=380890500 theta=3.648 refresh=43536ms dcd=7212ms total=53285ms
    cache_stats: entries=54926602 capacity=121020158 est_mb=1044 rss_mb=4710
RSS_SAMPLE t=1460.2s rss=4710MB hwm=4710MB
RSS_SAMPLE t=1460.4s rss=4710MB hwm=4710MB
RSS_SAMPLE t=1460.7s rss=4710MB hwm=4710MB
RSS_SAMPLE t=1460.9s rss=4710MB hwm=4710MB
RSS_SAMPLE t=1461.2s rss=4710MB hwm=4710MB
RSS_SAMPLE t=1461.4s rss=4710MB hwm=4710MB
RSS_SAMPLE t=1461.7s rss=4710MB hwm=4710MB
RSS_SAMPLE t=1461.9s rss=4710MB hwm=4710MB
RSS_SAMPLE t=1462.2s rss=4710MB hwm=4710MB
RSS_SAMPLE t=1462.4s rss=4710MB hwm=4710MB
    SwitchMatrix: type_usage_pairs=987 lookups=3125 hits=2138 dijkstra_calls=987 avg_us=12.9 total_ms=12.7
PHASE_MARK outer=18 enter=pre_solve rss=4710MB
    rss_probe[outer=18]: pre_refresh_rss=4710MB post_pre_solve_rss=4710MB cache_entries=54926602 cache_cap=121020158 cache_est_mb=1044
    pre_solve_diag[outer=18]: solves=0 fallback=0 (0.0%) cap_armed=0 (0.0%) settle_avg=0 settle_max=0 init_count=242
    Overflow: over=417380 (16.3% of used) avg_excess=1.29 max_excess=2638.97 (nc=2662.97 cap=24 span=1)  excess_buckets: <=1=278348 1-5=124800 5-20=12521 >20=1711  by_cap: cap1=212514 cap2=179613 cap3-5=504 cap>5=24749  by_span: s1=456 s2-3=1158 s4-6=20818 s7-12=171010 s>12=223938  le1_cross: cap1=173458 cap2-5=100931 cap>5=3959
    Congestion: pipes=2562403 used=2562403 congested(>50%)=771650 saturated(>90%)=464895 max_util=670.82 avg_util=0.4780
PHASE_MARK outer=18 enter=dcd_sweep rss=4710MB
RSS_SAMPLE t=1462.7s rss=4710MB hwm=4710MB
RSS_SAMPLE t=1462.9s rss=4710MB hwm=4710MB
RSS_SAMPLE t=1463.2s rss=4710MB hwm=4710MB
RSS_SAMPLE t=1463.4s rss=4710MB hwm=4710MB
RSS_SAMPLE t=1463.7s rss=4710MB hwm=4710MB
RSS_SAMPLE t=1463.9s rss=4710MB hwm=4710MB
RSS_SAMPLE t=1464.2s rss=4710MB hwm=4710MB
RSS_SAMPLE t=1464.4s rss=4710MB hwm=4710MB
RSS_SAMPLE t=1464.7s rss=4710MB hwm=4710MB
RSS_SAMPLE t=1464.9s rss=4710MB hwm=4710MB
RSS_SAMPLE t=1465.2s rss=4710MB hwm=4710MB
RSS_SAMPLE t=1465.4s rss=4710MB hwm=4710MB
RSS_SAMPLE t=1465.7s rss=4710MB hwm=4710MB
RSS_SAMPLE t=1465.9s rss=4710MB hwm=4710MB
RSS_SAMPLE t=1466.2s rss=4710MB hwm=4710MB
RSS_SAMPLE t=1466.4s rss=4710MB hwm=4710MB
RSS_SAMPLE t=1466.7s rss=4710MB hwm=4710MB
RSS_SAMPLE t=1466.9s rss=4710MB hwm=4710MB
RSS_SAMPLE t=1467.2s rss=4710MB hwm=4710MB
RSS_SAMPLE t=1467.4s rss=4710MB hwm=4710MB
RSS_SAMPLE t=1467.7s rss=4710MB hwm=4710MB
RSS_SAMPLE t=1467.9s rss=4710MB hwm=4710MB
RSS_SAMPLE t=1468.2s rss=4710MB hwm=4710MB
RSS_SAMPLE t=1468.4s rss=4710MB hwm=4710MB
RSS_SAMPLE t=1468.7s rss=4710MB hwm=4710MB
RSS_SAMPLE t=1468.9s rss=4710MB hwm=4710MB
RSS_SAMPLE t=1469.2s rss=4710MB hwm=4710MB
RSS_SAMPLE t=1469.4s rss=4710MB hwm=4710MB
RSS_SAMPLE t=1469.7s rss=4710MB hwm=4710MB
PHASE_MARK outer=18 leave=dcd_sweep rss=4710MB
PHASE_MARK outer=18 enter=post_refresh rss=4710MB
RSS_SAMPLE t=1469.9s rss=4710MB hwm=4710MB
RSS_SAMPLE t=1470.2s rss=4710MB hwm=4710MB
RSS_SAMPLE t=1470.4s rss=4710MB hwm=4710MB
RSS_SAMPLE t=1470.7s rss=4710MB hwm=4710MB
RSS_SAMPLE t=1470.9s rss=4710MB hwm=4710MB
RSS_SAMPLE t=1471.2s rss=4710MB hwm=4710MB
RSS_SAMPLE t=1471.4s rss=4710MB hwm=4710MB
RSS_SAMPLE t=1471.7s rss=4710MB hwm=4710MB
RSS_SAMPLE t=1471.9s rss=4710MB hwm=4710MB
RSS_SAMPLE t=1472.2s rss=4710MB hwm=4710MB
RSS_SAMPLE t=1472.4s rss=4710MB hwm=4710MB
RSS_SAMPLE t=1472.7s rss=4710MB hwm=4710MB
RSS_SAMPLE t=1472.9s rss=4710MB hwm=4710MB
RSS_SAMPLE t=1473.2s rss=4710MB hwm=4710MB
RSS_SAMPLE t=1473.4s rss=4710MB hwm=4710MB
RSS_SAMPLE t=1473.7s rss=4710MB hwm=4710MB
RSS_SAMPLE t=1473.9s rss=4710MB hwm=4710MB
RSS_SAMPLE t=1474.2s rss=4710MB hwm=4710MB
RSS_SAMPLE t=1474.4s rss=4710MB hwm=4710MB
RSS_SAMPLE t=1474.7s rss=4710MB hwm=4710MB
RSS_SAMPLE t=1474.9s rss=4710MB hwm=4710MB
RSS_SAMPLE t=1475.2s rss=4710MB hwm=4710MB
RSS_SAMPLE t=1475.4s rss=4710MB hwm=4710MB
RSS_SAMPLE t=1475.7s rss=4710MB hwm=4710MB
RSS_SAMPLE t=1475.9s rss=4710MB hwm=4710MB
RSS_SAMPLE t=1476.2s rss=4710MB hwm=4710MB
RSS_SAMPLE t=1476.4s rss=4710MB hwm=4710MB
RSS_SAMPLE t=1476.7s rss=4710MB hwm=4710MB
RSS_SAMPLE t=1476.9s rss=4710MB hwm=4710MB
RSS_SAMPLE t=1477.2s rss=4710MB hwm=4710MB
RSS_SAMPLE t=1477.5s rss=4710MB hwm=4710MB
RSS_SAMPLE t=1477.7s rss=4710MB hwm=4710MB
RSS_SAMPLE t=1478.0s rss=4710MB hwm=4710MB
RSS_SAMPLE t=1478.2s rss=4710MB hwm=4710MB
RSS_SAMPLE t=1478.5s rss=4710MB hwm=4710MB
RSS_SAMPLE t=1478.7s rss=4710MB hwm=4710MB
RSS_SAMPLE t=1479.0s rss=4710MB hwm=4710MB
RSS_SAMPLE t=1479.2s rss=4710MB hwm=4710MB
RSS_SAMPLE t=1479.5s rss=4710MB hwm=4710MB
RSS_SAMPLE t=1479.7s rss=4710MB hwm=4710MB
RSS_SAMPLE t=1480.0s rss=4710MB hwm=4710MB
RSS_SAMPLE t=1480.2s rss=4710MB hwm=4710MB
RSS_SAMPLE t=1480.5s rss=4710MB hwm=4710MB
RSS_SAMPLE t=1480.7s rss=4710MB hwm=4710MB
RSS_SAMPLE t=1481.0s rss=4710MB hwm=4710MB
RSS_SAMPLE t=1481.2s rss=4710MB hwm=4710MB
RSS_SAMPLE t=1481.5s rss=4710MB hwm=4710MB
RSS_SAMPLE t=1481.7s rss=4710MB hwm=4710MB
RSS_SAMPLE t=1482.0s rss=4710MB hwm=4710MB
RSS_SAMPLE t=1482.2s rss=4710MB hwm=4710MB
RSS_SAMPLE t=1482.5s rss=4710MB hwm=4710MB
RSS_SAMPLE t=1482.7s rss=4710MB hwm=4710MB
RSS_SAMPLE t=1483.0s rss=4710MB hwm=4710MB
RSS_SAMPLE t=1483.2s rss=4710MB hwm=4710MB
RSS_SAMPLE t=1483.5s rss=4710MB hwm=4710MB
RSS_SAMPLE t=1483.7s rss=4710MB hwm=4710MB
RSS_SAMPLE t=1484.0s rss=4710MB hwm=4710MB
RSS_SAMPLE t=1484.2s rss=4710MB hwm=4710MB
RSS_SAMPLE t=1484.5s rss=4710MB hwm=4710MB
RSS_SAMPLE t=1484.7s rss=4710MB hwm=4710MB
RSS_SAMPLE t=1485.0s rss=4710MB hwm=4710MB
RSS_SAMPLE t=1485.2s rss=4710MB hwm=4710MB
RSS_SAMPLE t=1485.5s rss=4710MB hwm=4710MB
RSS_SAMPLE t=1485.7s rss=4710MB hwm=4710MB
RSS_SAMPLE t=1486.0s rss=4710MB hwm=4710MB
RSS_SAMPLE t=1486.2s rss=4710MB hwm=4710MB
RSS_SAMPLE t=1486.5s rss=4710MB hwm=4710MB
RSS_SAMPLE t=1486.7s rss=4710MB hwm=4710MB
RSS_SAMPLE t=1487.0s rss=4710MB hwm=4710MB
RSS_SAMPLE t=1487.2s rss=4710MB hwm=4710MB
RSS_SAMPLE t=1487.5s rss=4710MB hwm=4710MB
RSS_SAMPLE t=1487.7s rss=4710MB hwm=4710MB
RSS_SAMPLE t=1488.0s rss=4710MB hwm=4710MB
RSS_SAMPLE t=1488.2s rss=4710MB hwm=4710MB
RSS_SAMPLE t=1488.5s rss=4710MB hwm=4710MB
RSS_SAMPLE t=1488.7s rss=4710MB hwm=4710MB
RSS_SAMPLE t=1489.0s rss=4710MB hwm=4710MB
RSS_SAMPLE t=1489.2s rss=4710MB hwm=4710MB
RSS_SAMPLE t=1489.5s rss=4710MB hwm=4710MB
RSS_SAMPLE t=1489.7s rss=4710MB hwm=4710MB
RSS_SAMPLE t=1490.0s rss=4710MB hwm=4710MB
RSS_SAMPLE t=1490.2s rss=4710MB hwm=4710MB
RSS_SAMPLE t=1490.5s rss=4710MB hwm=4710MB
RSS_SAMPLE t=1490.7s rss=4710MB hwm=4710MB
RSS_SAMPLE t=1491.0s rss=4710MB hwm=4710MB
RSS_SAMPLE t=1491.2s rss=4710MB hwm=4710MB
RSS_SAMPLE t=1491.5s rss=4710MB hwm=4710MB
RSS_SAMPLE t=1491.7s rss=4710MB hwm=4710MB
RSS_SAMPLE t=1492.0s rss=4710MB hwm=4710MB
RSS_SAMPLE t=1492.2s rss=4710MB hwm=4710MB
RSS_SAMPLE t=1492.5s rss=4710MB hwm=4710MB
RSS_SAMPLE t=1492.7s rss=4710MB hwm=4710MB
RSS_SAMPLE t=1493.0s rss=4710MB hwm=4710MB
RSS_SAMPLE t=1493.2s rss=4710MB hwm=4710MB
RSS_SAMPLE t=1493.5s rss=4710MB hwm=4710MB
RSS_SAMPLE t=1493.7s rss=4710MB hwm=4710MB
RSS_SAMPLE t=1494.0s rss=4710MB hwm=4710MB
RSS_SAMPLE t=1494.2s rss=4710MB hwm=4710MB
RSS_SAMPLE t=1494.5s rss=4710MB hwm=4710MB
RSS_SAMPLE t=1494.7s rss=4710MB hwm=4710MB
RSS_SAMPLE t=1495.0s rss=4710MB hwm=4710MB
RSS_SAMPLE t=1495.2s rss=4710MB hwm=4710MB
RSS_SAMPLE t=1495.5s rss=4710MB hwm=4710MB
RSS_SAMPLE t=1495.7s rss=4710MB hwm=4710MB
RSS_SAMPLE t=1496.0s rss=4710MB hwm=4710MB
RSS_SAMPLE t=1496.2s rss=4710MB hwm=4710MB
RSS_SAMPLE t=1496.5s rss=4710MB hwm=4710MB
RSS_SAMPLE t=1496.7s rss=4710MB hwm=4710MB
RSS_SAMPLE t=1497.0s rss=4710MB hwm=4710MB
RSS_SAMPLE t=1497.2s rss=4710MB hwm=4710MB
RSS_SAMPLE t=1497.5s rss=4710MB hwm=4710MB
RSS_SAMPLE t=1497.7s rss=4710MB hwm=4710MB
RSS_SAMPLE t=1498.0s rss=4710MB hwm=4710MB
RSS_SAMPLE t=1498.2s rss=4710MB hwm=4710MB
RSS_SAMPLE t=1498.5s rss=4710MB hwm=4710MB
RSS_SAMPLE t=1498.7s rss=4710MB hwm=4710MB
RSS_SAMPLE t=1499.0s rss=4710MB hwm=4710MB
RSS_SAMPLE t=1499.2s rss=4710MB hwm=4710MB
RSS_SAMPLE t=1499.5s rss=4710MB hwm=4710MB
RSS_SAMPLE t=1499.7s rss=4710MB hwm=4710MB
RSS_SAMPLE t=1500.0s rss=4710MB hwm=4710MB
RSS_SAMPLE t=1500.2s rss=4710MB hwm=4710MB
RSS_SAMPLE t=1500.5s rss=4710MB hwm=4710MB
RSS_SAMPLE t=1500.7s rss=4710MB hwm=4710MB
RSS_SAMPLE t=1501.0s rss=4710MB hwm=4710MB
RSS_SAMPLE t=1501.2s rss=4710MB hwm=4710MB
RSS_SAMPLE t=1501.5s rss=4710MB hwm=4710MB
RSS_SAMPLE t=1501.7s rss=4710MB hwm=4710MB
RSS_SAMPLE t=1502.0s rss=4710MB hwm=4710MB
RSS_SAMPLE t=1502.2s rss=4710MB hwm=4710MB
RSS_SAMPLE t=1502.5s rss=4710MB hwm=4710MB
RSS_SAMPLE t=1502.7s rss=4710MB hwm=4710MB
RSS_SAMPLE t=1503.0s rss=4710MB hwm=4710MB
RSS_SAMPLE t=1503.2s rss=4710MB hwm=4710MB
RSS_SAMPLE t=1503.5s rss=4710MB hwm=4710MB
RSS_SAMPLE t=1503.7s rss=4710MB hwm=4710MB
RSS_SAMPLE t=1504.0s rss=4710MB hwm=4710MB
RSS_SAMPLE t=1504.2s rss=4710MB hwm=4710MB
RSS_SAMPLE t=1504.5s rss=4710MB hwm=4710MB
RSS_SAMPLE t=1504.7s rss=4710MB hwm=4710MB
RSS_SAMPLE t=1505.0s rss=4710MB hwm=4710MB
RSS_SAMPLE t=1505.2s rss=4710MB hwm=4710MB
RSS_SAMPLE t=1505.5s rss=4710MB hwm=4710MB
RSS_SAMPLE t=1505.7s rss=4710MB hwm=4710MB
RSS_SAMPLE t=1506.0s rss=4710MB hwm=4710MB
RSS_SAMPLE t=1506.2s rss=4710MB hwm=4710MB
RSS_SAMPLE t=1506.5s rss=4710MB hwm=4710MB
RSS_SAMPLE t=1506.7s rss=4710MB hwm=4710MB
RSS_SAMPLE t=1507.0s rss=4710MB hwm=4710MB
RSS_SAMPLE t=1507.2s rss=4710MB hwm=4710MB
RSS_SAMPLE t=1507.5s rss=4710MB hwm=4710MB
RSS_SAMPLE t=1507.7s rss=4710MB hwm=4710MB
RSS_SAMPLE t=1508.0s rss=4710MB hwm=4710MB
RSS_SAMPLE t=1508.2s rss=4710MB hwm=4710MB
RSS_SAMPLE t=1508.5s rss=4710MB hwm=4710MB
RSS_SAMPLE t=1508.7s rss=4710MB hwm=4710MB
RSS_SAMPLE t=1509.0s rss=4710MB hwm=4710MB
RSS_SAMPLE t=1509.2s rss=4710MB hwm=4710MB
RSS_SAMPLE t=1509.5s rss=4710MB hwm=4710MB
RSS_SAMPLE t=1509.7s rss=4710MB hwm=4710MB
RSS_SAMPLE t=1510.0s rss=4710MB hwm=4710MB
RSS_SAMPLE t=1510.2s rss=4710MB hwm=4710MB
RSS_SAMPLE t=1510.5s rss=4710MB hwm=4710MB
RSS_SAMPLE t=1510.7s rss=4710MB hwm=4710MB
RSS_SAMPLE t=1511.0s rss=4710MB hwm=4710MB
MEM_POOL: workspaces=32 dense_usage_mb=1251 n_pipes=2562403
    post_solve_diag[outer=18]: solves=105117 cap_armed=105117 (100.0%) settle_avg=3498 above_sink_avg=188 (5.4%) settle_max=69353
    load_support[outer=18]: settle_avg=3498 load_nz_avg=2663 (76.1%) load_material_avg=1338 (38.3%)
    prune_ceiling[outer=18]: settle_avg=3498 heuristic_prunable_avg=456 (13.0%) vs oracle_zero_load=23.9%
    settle_hist[outer=18]: <100: 28764nets/0.5%work  <1k: 31814nets/3.0%work  <5k: 23318nets/16.4%work  <20k: 17174nets/46.8%work  <60k: 4023nets/32.9%work  >=60k: 24nets/0.4%work
    fanout_hist[outer=18]: fan1: 43710nets/14.2%work  fan2-4: 48279nets/49.2%work  fan5-16: 12974nets/35.5%work  fan17-64: 154nets/1.1%work  fan65-256: 0nets/0.0%work  fan>256: 0nets/0.0%work
    rss_probe[outer=18]: pre_post_solve=4710MB post_post_solve=4710MB after_apply=4710MB
    E_decomp: base=13394264.2 eff=23245779.5 cong=9851515.3 cong_share=42.4% sat_pipes=461020 max_util=825.87  R_buckets: 1-2x=2152766 2-10x=401047 10-100x=8590 >=100x=0
    E_potential: beckmann=1994707822815.7 history_total=0.0
    SpanCache: epoch=19 entries=3125 lookups=2562403 hits=2559278 misses=3125 hit_rate=99.9%
  DCD  18: nets=105117 line=8671576 energy=1791937.196 dE=-59012.936 friction=3089552.5 bins=1.9x(161) excess=40.5 moved=67919 disp=2.994 solves=105117 skip=105117 pops=367716411 theta=4.271 refresh=41162ms dcd=7228ms total=50971ms
    cache_stats: entries=54033471 capacity=119369418 est_mb=1029 rss_mb=4710
RSS_SAMPLE t=1511.2s rss=4710MB hwm=4710MB
RSS_SAMPLE t=1511.5s rss=4710MB hwm=4710MB
RSS_SAMPLE t=1511.7s rss=4710MB hwm=4710MB
RSS_SAMPLE t=1512.0s rss=4710MB hwm=4710MB
RSS_SAMPLE t=1512.2s rss=4710MB hwm=4710MB
RSS_SAMPLE t=1512.5s rss=4710MB hwm=4710MB
RSS_SAMPLE t=1512.7s rss=4710MB hwm=4710MB
RSS_SAMPLE t=1513.0s rss=4710MB hwm=4710MB
RSS_SAMPLE t=1513.2s rss=4710MB hwm=4710MB
RSS_SAMPLE t=1513.5s rss=4710MB hwm=4710MB
    SwitchMatrix: type_usage_pairs=945 lookups=3069 hits=2124 dijkstra_calls=945 avg_us=13.1 total_ms=12.4
PHASE_MARK outer=19 enter=pre_solve rss=4710MB
    rss_probe[outer=19]: pre_refresh_rss=4710MB post_pre_solve_rss=4710MB cache_entries=54033471 cache_cap=119369418 cache_est_mb=1029
    pre_solve_diag[outer=19]: solves=0 fallback=0 (0.0%) cap_armed=0 (0.0%) settle_avg=0 settle_max=0 init_count=248
    Overflow: over=412472 (16.1% of used) avg_excess=1.21 max_excess=2727.62 (nc=2751.62 cap=24 span=1)  excess_buckets: <=1=290866 1-5=107495 5-20=12498 >20=1613  by_cap: cap1=209829 cap2=178301 cap3-5=457 cap>5=23885  by_span: s1=409 s2-3=1038 s4-6=20346 s7-12=169252 s>12=221427  le1_cross: cap1=174997 cap2-5=111951 cap>5=3918
    Congestion: pipes=2562403 used=2562403 congested(>50%)=758791 saturated(>90%)=461020 max_util=825.87 avg_util=0.4649
PHASE_MARK outer=19 enter=dcd_sweep rss=4710MB
RSS_SAMPLE t=1513.7s rss=4710MB hwm=4710MB
RSS_SAMPLE t=1514.0s rss=4710MB hwm=4710MB
RSS_SAMPLE t=1514.2s rss=4710MB hwm=4710MB
RSS_SAMPLE t=1514.5s rss=4710MB hwm=4710MB
RSS_SAMPLE t=1514.7s rss=4710MB hwm=4710MB
RSS_SAMPLE t=1515.0s rss=4710MB hwm=4710MB
RSS_SAMPLE t=1515.2s rss=4710MB hwm=4710MB
RSS_SAMPLE t=1515.5s rss=4710MB hwm=4710MB
RSS_SAMPLE t=1515.7s rss=4710MB hwm=4710MB
RSS_SAMPLE t=1516.0s rss=4710MB hwm=4710MB
RSS_SAMPLE t=1516.2s rss=4710MB hwm=4710MB
RSS_SAMPLE t=1516.5s rss=4710MB hwm=4710MB
RSS_SAMPLE t=1516.7s rss=4710MB hwm=4710MB
RSS_SAMPLE t=1517.0s rss=4710MB hwm=4710MB
RSS_SAMPLE t=1517.2s rss=4710MB hwm=4710MB
RSS_SAMPLE t=1517.5s rss=4710MB hwm=4710MB
RSS_SAMPLE t=1517.7s rss=4710MB hwm=4710MB
RSS_SAMPLE t=1518.0s rss=4710MB hwm=4710MB
RSS_SAMPLE t=1518.2s rss=4710MB hwm=4710MB
RSS_SAMPLE t=1518.5s rss=4710MB hwm=4710MB
RSS_SAMPLE t=1518.7s rss=4710MB hwm=4710MB
RSS_SAMPLE t=1519.0s rss=4710MB hwm=4710MB
RSS_SAMPLE t=1519.2s rss=4710MB hwm=4710MB
RSS_SAMPLE t=1519.5s rss=4710MB hwm=4710MB
RSS_SAMPLE t=1519.7s rss=4710MB hwm=4710MB
RSS_SAMPLE t=1520.0s rss=4710MB hwm=4710MB
RSS_SAMPLE t=1520.2s rss=4710MB hwm=4710MB
RSS_SAMPLE t=1520.5s rss=4710MB hwm=4710MB
PHASE_MARK outer=19 leave=dcd_sweep rss=4710MB
PHASE_MARK outer=19 enter=post_refresh rss=4710MB
RSS_SAMPLE t=1520.7s rss=4710MB hwm=4710MB
RSS_SAMPLE t=1521.0s rss=4710MB hwm=4710MB
RSS_SAMPLE t=1521.2s rss=4710MB hwm=4710MB
RSS_SAMPLE t=1521.5s rss=4710MB hwm=4710MB
RSS_SAMPLE t=1521.7s rss=4710MB hwm=4710MB
RSS_SAMPLE t=1522.0s rss=4710MB hwm=4710MB
RSS_SAMPLE t=1522.2s rss=4710MB hwm=4710MB
RSS_SAMPLE t=1522.5s rss=4710MB hwm=4710MB
RSS_SAMPLE t=1522.7s rss=4710MB hwm=4710MB
RSS_SAMPLE t=1523.0s rss=4710MB hwm=4710MB
RSS_SAMPLE t=1523.2s rss=4710MB hwm=4710MB
RSS_SAMPLE t=1523.5s rss=4710MB hwm=4710MB
RSS_SAMPLE t=1523.7s rss=4710MB hwm=4710MB
RSS_SAMPLE t=1524.0s rss=4710MB hwm=4710MB
RSS_SAMPLE t=1524.2s rss=4710MB hwm=4710MB
RSS_SAMPLE t=1524.5s rss=4710MB hwm=4710MB
RSS_SAMPLE t=1524.7s rss=4710MB hwm=4710MB
RSS_SAMPLE t=1525.0s rss=4710MB hwm=4710MB
RSS_SAMPLE t=1525.2s rss=4710MB hwm=4710MB
RSS_SAMPLE t=1525.5s rss=4710MB hwm=4710MB
RSS_SAMPLE t=1525.7s rss=4710MB hwm=4710MB
RSS_SAMPLE t=1526.0s rss=4710MB hwm=4710MB
RSS_SAMPLE t=1526.2s rss=4710MB hwm=4710MB
RSS_SAMPLE t=1526.5s rss=4710MB hwm=4710MB
RSS_SAMPLE t=1526.7s rss=4710MB hwm=4710MB
RSS_SAMPLE t=1527.0s rss=4710MB hwm=4710MB
RSS_SAMPLE t=1527.2s rss=4710MB hwm=4710MB
RSS_SAMPLE t=1527.5s rss=4710MB hwm=4710MB
RSS_SAMPLE t=1527.7s rss=4710MB hwm=4710MB
RSS_SAMPLE t=1528.0s rss=4710MB hwm=4710MB
RSS_SAMPLE t=1528.2s rss=4710MB hwm=4710MB
RSS_SAMPLE t=1528.5s rss=4710MB hwm=4710MB
RSS_SAMPLE t=1528.7s rss=4710MB hwm=4710MB
RSS_SAMPLE t=1529.0s rss=4710MB hwm=4710MB
RSS_SAMPLE t=1529.2s rss=4710MB hwm=4710MB
RSS_SAMPLE t=1529.5s rss=4710MB hwm=4710MB
RSS_SAMPLE t=1529.7s rss=4710MB hwm=4710MB
RSS_SAMPLE t=1530.0s rss=4710MB hwm=4710MB
RSS_SAMPLE t=1530.2s rss=4710MB hwm=4710MB
RSS_SAMPLE t=1530.5s rss=4710MB hwm=4710MB
RSS_SAMPLE t=1530.7s rss=4710MB hwm=4710MB
RSS_SAMPLE t=1531.0s rss=4710MB hwm=4710MB
RSS_SAMPLE t=1531.2s rss=4710MB hwm=4710MB
RSS_SAMPLE t=1531.5s rss=4710MB hwm=4710MB
RSS_SAMPLE t=1531.7s rss=4710MB hwm=4710MB
RSS_SAMPLE t=1532.0s rss=4710MB hwm=4710MB
RSS_SAMPLE t=1532.2s rss=4710MB hwm=4710MB
RSS_SAMPLE t=1532.5s rss=4710MB hwm=4710MB
RSS_SAMPLE t=1532.7s rss=4710MB hwm=4710MB
RSS_SAMPLE t=1533.0s rss=4710MB hwm=4710MB
RSS_SAMPLE t=1533.3s rss=4710MB hwm=4710MB
RSS_SAMPLE t=1533.5s rss=4710MB hwm=4710MB
RSS_SAMPLE t=1533.8s rss=4710MB hwm=4710MB
RSS_SAMPLE t=1534.0s rss=4710MB hwm=4710MB
RSS_SAMPLE t=1534.3s rss=4710MB hwm=4710MB
RSS_SAMPLE t=1534.5s rss=4710MB hwm=4710MB
RSS_SAMPLE t=1534.8s rss=4710MB hwm=4710MB
RSS_SAMPLE t=1535.0s rss=4710MB hwm=4710MB
RSS_SAMPLE t=1535.3s rss=4710MB hwm=4710MB
RSS_SAMPLE t=1535.5s rss=4710MB hwm=4710MB
RSS_SAMPLE t=1535.8s rss=4710MB hwm=4710MB
RSS_SAMPLE t=1536.0s rss=4710MB hwm=4710MB
RSS_SAMPLE t=1536.3s rss=4710MB hwm=4710MB
RSS_SAMPLE t=1536.5s rss=4710MB hwm=4710MB
RSS_SAMPLE t=1536.8s rss=4710MB hwm=4710MB
RSS_SAMPLE t=1537.0s rss=4710MB hwm=4710MB
RSS_SAMPLE t=1537.3s rss=4710MB hwm=4710MB
RSS_SAMPLE t=1537.5s rss=4710MB hwm=4710MB
RSS_SAMPLE t=1537.8s rss=4710MB hwm=4710MB
RSS_SAMPLE t=1538.0s rss=4710MB hwm=4710MB
RSS_SAMPLE t=1538.3s rss=4710MB hwm=4710MB
RSS_SAMPLE t=1538.5s rss=4710MB hwm=4710MB
RSS_SAMPLE t=1538.8s rss=4710MB hwm=4710MB
RSS_SAMPLE t=1539.0s rss=4710MB hwm=4710MB
RSS_SAMPLE t=1539.3s rss=4710MB hwm=4710MB
RSS_SAMPLE t=1539.5s rss=4710MB hwm=4710MB
RSS_SAMPLE t=1539.8s rss=4710MB hwm=4710MB
RSS_SAMPLE t=1540.0s rss=4710MB hwm=4710MB
RSS_SAMPLE t=1540.3s rss=4710MB hwm=4710MB
RSS_SAMPLE t=1540.5s rss=4710MB hwm=4710MB
RSS_SAMPLE t=1540.8s rss=4710MB hwm=4710MB
RSS_SAMPLE t=1541.0s rss=4710MB hwm=4710MB
RSS_SAMPLE t=1541.3s rss=4710MB hwm=4710MB
RSS_SAMPLE t=1541.5s rss=4710MB hwm=4710MB
RSS_SAMPLE t=1541.8s rss=4710MB hwm=4710MB
RSS_SAMPLE t=1542.0s rss=4710MB hwm=4710MB
RSS_SAMPLE t=1542.3s rss=4710MB hwm=4710MB
RSS_SAMPLE t=1542.5s rss=4710MB hwm=4710MB
RSS_SAMPLE t=1542.8s rss=4710MB hwm=4710MB
RSS_SAMPLE t=1543.0s rss=4710MB hwm=4710MB
RSS_SAMPLE t=1543.3s rss=4710MB hwm=4710MB
RSS_SAMPLE t=1543.5s rss=4710MB hwm=4710MB
RSS_SAMPLE t=1543.8s rss=4710MB hwm=4710MB
RSS_SAMPLE t=1544.0s rss=4710MB hwm=4710MB
RSS_SAMPLE t=1544.3s rss=4710MB hwm=4710MB
RSS_SAMPLE t=1544.5s rss=4710MB hwm=4710MB
RSS_SAMPLE t=1544.8s rss=4710MB hwm=4710MB
RSS_SAMPLE t=1545.0s rss=4710MB hwm=4710MB
RSS_SAMPLE t=1545.3s rss=4710MB hwm=4710MB
RSS_SAMPLE t=1545.5s rss=4710MB hwm=4710MB
RSS_SAMPLE t=1545.8s rss=4710MB hwm=4710MB
RSS_SAMPLE t=1546.0s rss=4710MB hwm=4710MB
RSS_SAMPLE t=1546.3s rss=4710MB hwm=4710MB
RSS_SAMPLE t=1546.5s rss=4710MB hwm=4710MB
RSS_SAMPLE t=1546.8s rss=4710MB hwm=4710MB
RSS_SAMPLE t=1547.0s rss=4710MB hwm=4710MB
RSS_SAMPLE t=1547.3s rss=4710MB hwm=4710MB
RSS_SAMPLE t=1547.5s rss=4710MB hwm=4710MB
RSS_SAMPLE t=1547.8s rss=4710MB hwm=4710MB
RSS_SAMPLE t=1548.0s rss=4710MB hwm=4710MB
RSS_SAMPLE t=1548.3s rss=4710MB hwm=4710MB
RSS_SAMPLE t=1548.5s rss=4710MB hwm=4710MB
RSS_SAMPLE t=1548.8s rss=4710MB hwm=4710MB
RSS_SAMPLE t=1549.0s rss=4710MB hwm=4710MB
RSS_SAMPLE t=1549.3s rss=4710MB hwm=4710MB
RSS_SAMPLE t=1549.5s rss=4710MB hwm=4710MB
RSS_SAMPLE t=1549.8s rss=4710MB hwm=4710MB
RSS_SAMPLE t=1550.0s rss=4710MB hwm=4710MB
RSS_SAMPLE t=1550.3s rss=4710MB hwm=4710MB
RSS_SAMPLE t=1550.5s rss=4710MB hwm=4710MB
RSS_SAMPLE t=1550.8s rss=4710MB hwm=4710MB
RSS_SAMPLE t=1551.0s rss=4710MB hwm=4710MB
RSS_SAMPLE t=1551.3s rss=4710MB hwm=4710MB
RSS_SAMPLE t=1551.5s rss=4710MB hwm=4710MB
RSS_SAMPLE t=1551.8s rss=4710MB hwm=4710MB
RSS_SAMPLE t=1552.0s rss=4710MB hwm=4710MB
RSS_SAMPLE t=1552.3s rss=4710MB hwm=4710MB
RSS_SAMPLE t=1552.5s rss=4710MB hwm=4710MB
RSS_SAMPLE t=1552.8s rss=4710MB hwm=4710MB
RSS_SAMPLE t=1553.0s rss=4710MB hwm=4710MB
RSS_SAMPLE t=1553.3s rss=4710MB hwm=4710MB
RSS_SAMPLE t=1553.5s rss=4710MB hwm=4710MB
RSS_SAMPLE t=1553.8s rss=4710MB hwm=4710MB
RSS_SAMPLE t=1554.0s rss=4710MB hwm=4710MB
RSS_SAMPLE t=1554.3s rss=4710MB hwm=4710MB
RSS_SAMPLE t=1554.5s rss=4710MB hwm=4710MB
RSS_SAMPLE t=1554.8s rss=4710MB hwm=4710MB
RSS_SAMPLE t=1555.0s rss=4710MB hwm=4710MB
RSS_SAMPLE t=1555.3s rss=4710MB hwm=4710MB
RSS_SAMPLE t=1555.5s rss=4710MB hwm=4710MB
RSS_SAMPLE t=1555.8s rss=4710MB hwm=4710MB
RSS_SAMPLE t=1556.0s rss=4710MB hwm=4710MB
RSS_SAMPLE t=1556.3s rss=4710MB hwm=4710MB
RSS_SAMPLE t=1556.5s rss=4710MB hwm=4710MB
RSS_SAMPLE t=1556.8s rss=4710MB hwm=4710MB
RSS_SAMPLE t=1557.0s rss=4710MB hwm=4710MB
RSS_SAMPLE t=1557.3s rss=4710MB hwm=4710MB
RSS_SAMPLE t=1557.5s rss=4710MB hwm=4710MB
RSS_SAMPLE t=1557.8s rss=4710MB hwm=4710MB
RSS_SAMPLE t=1558.0s rss=4710MB hwm=4710MB
RSS_SAMPLE t=1558.3s rss=4710MB hwm=4710MB
RSS_SAMPLE t=1558.5s rss=4710MB hwm=4710MB
RSS_SAMPLE t=1558.8s rss=4710MB hwm=4710MB
RSS_SAMPLE t=1559.0s rss=4710MB hwm=4710MB
RSS_SAMPLE t=1559.3s rss=4710MB hwm=4710MB
RSS_SAMPLE t=1559.5s rss=4710MB hwm=4710MB
RSS_SAMPLE t=1559.8s rss=4710MB hwm=4710MB
RSS_SAMPLE t=1560.0s rss=4710MB hwm=4710MB
MEM_POOL: workspaces=32 dense_usage_mb=1251 n_pipes=2562403
    post_solve_diag[outer=19]: solves=105117 cap_armed=105117 (100.0%) settle_avg=3384 above_sink_avg=184 (5.4%) settle_max=69353
    load_support[outer=19]: settle_avg=3384 load_nz_avg=2590 (76.6%) load_material_avg=1284 (38.0%)
    prune_ceiling[outer=19]: settle_avg=3384 heuristic_prunable_avg=438 (12.9%) vs oracle_zero_load=23.4%
    settle_hist[outer=19]: <100: 29116nets/0.5%work  <1k: 32231nets/3.2%work  <5k: 23177nets/16.8%work  <20k: 16772nets/47.1%work  <60k: 3798nets/32.1%work  >=60k: 23nets/0.4%work
    fanout_hist[outer=19]: fan1: 43710nets/14.3%work  fan2-4: 48279nets/49.1%work  fan5-16: 12974nets/35.5%work  fan17-64: 154nets/1.1%work  fan65-256: 0nets/0.0%work  fan>256: 0nets/0.0%work
    rss_probe[outer=19]: pre_post_solve=4710MB post_post_solve=4710MB after_apply=4710MB
    E_decomp: base=13110697.1 eff=22631071.0 cong=9520373.9 cong_share=42.1% sat_pipes=448281 max_util=889.07  R_buckets: 1-2x=2167546 2-10x=386269 10-100x=8588 >=100x=0
    E_potential: beckmann=2951247458861.6 history_total=0.0
    SpanCache: epoch=20 entries=3069 lookups=2562403 hits=2559334 misses=3069 hit_rate=99.9%
  DCD  19: nets=105117 line=8451352 energy=1772936.092 dE=-19001.105 friction=3395043.1 bins=1.9x(177) excess=47.6 moved=67921 disp=2.839 solves=105117 skip=105117 pops=355689888 theta=5.000 refresh=39525ms dcd=6902ms total=49022ms
    cache_stats: entries=53201091 capacity=117746874 est_mb=1015 rss_mb=4710
DCD done: energy=1772936.092 line=8451352 friction=3395043.1 bins=1.9x(177) excess=47.6
MuxSlotTracker: 120617 commit rejections over entire DCD
MuxSlotTracker[post-DCD]: populated_cells=67951, overflow_tiles=0, at_cap_tiles=102, peak_excess=0, capacity_hist={16:67346}
RSS_SAMPLE t=1560.3s rss=3205MB hwm=4704MB
Pre-legalization: HPWL=6588139
  type DFF: 302 valid columns, 1077536 total BELs
  type LUT6: 302 valid columns, 538768 total BELs
TypeAwarePlacement: 2 cell types
RSS_SAMPLE t=1560.5s rss=2868MB hwm=4704MB
RSS_SAMPLE t=1560.8s rss=2868MB hwm=4704MB
RSS_SAMPLE t=1561.0s rss=2868MB hwm=4704MB
RSS_SAMPLE t=1561.3s rss=2868MB hwm=4704MB
RSS_SAMPLE t=1561.5s rss=2868MB hwm=4704MB
RSS_SAMPLE t=1561.8s rss=2868MB hwm=4704MB
  SortedLegalizer: cluster_rejects=112502 shared_mux_rejects=5270676 arch_validity_rejects=0
RSS_SAMPLE t=1562.0s rss=2798MB hwm=4704MB
Post-legalization: HPWL=6456365, line=8539234
Per-net HPWL: 105118 nets, total=6456365
  #0: hpwl=531 fanout=93000 (0.0%)
  #1: hpwl=524 fanout=23 (0.0%)
  #2: hpwl=520 fanout=11 (0.0%)
  #3: hpwl=519 fanout=21 (0.0%)
  #4: hpwl=518 fanout=17 (0.0%)
  #5: hpwl=516 fanout=6 (0.0%)
  #6: hpwl=515 fanout=11 (0.0%)
  #7: hpwl=515 fanout=7 (0.0%)
  #8: hpwl=515 fanout=10 (0.0%)
  #9: hpwl=514 fanout=20 (0.0%)
  50% of HPWL from top 12474 nets (of 105118)
