Running scope as unit: run-r197c0968bd2a4eec9b6caa57b0009e46.scope
chipdb: /home/kelvin/side-project/eisenjoch/chip_database/xc7_large.bin
design: /home/kelvin/side-project/eisenjoch/benchmark/ispd/generated/2016/FPGA01/FPGA01.json
RSS_SAMPLE t=0.0s rss=3MB hwm=3MB
RSS_SAMPLE t=0.3s rss=474MB hwm=474MB
RSS_SAMPLE t=0.5s rss=729MB hwm=729MB
RSS_SAMPLE t=0.8s rss=818MB hwm=823MB
RSS_SAMPLE t=1.0s rss=819MB hwm=823MB
RSS_SAMPLE t=1.3s rss=819MB hwm=823MB
RSS_SAMPLE t=1.5s rss=820MB hwm=823MB
cfg: max_outer_iters=20 blend_alpha=0.5 hardening_step=0 graph_model=TwoLevelPip
  topological compress: density=0.60 target_tiles=15971 final_tiles=15777 scale=1.851 center=(205.1,111.0)
  topological init: n_movable=76660, n_edges=229053, max_layer=26775, back_edges=54022, n_anchored=0
RSS_SAMPLE t=1.8s rss=820MB hwm=823MB
RSS_SAMPLE t=2.0s rss=820MB hwm=823MB
RSS_SAMPLE t=2.3s rss=820MB hwm=823MB
RSS_SAMPLE t=2.5s rss=820MB hwm=823MB
RSS_SAMPLE t=2.8s rss=820MB hwm=823MB
RSS_SAMPLE t=3.0s rss=820MB hwm=823MB
RSS_SAMPLE t=3.3s rss=820MB hwm=823MB
RSS_SAMPLE t=3.5s rss=820MB hwm=823MB
RSS_SAMPLE t=3.8s rss=820MB hwm=823MB
RSS_SAMPLE t=4.0s rss=820MB hwm=823MB
RSS_SAMPLE t=4.3s rss=820MB hwm=823MB
RSS_SAMPLE t=4.5s rss=820MB hwm=823MB
RSS_SAMPLE t=4.8s rss=820MB hwm=823MB
RSS_SAMPLE t=5.0s rss=820MB hwm=823MB
RSS_SAMPLE t=5.3s rss=820MB hwm=823MB
RSS_SAMPLE t=5.5s rss=820MB hwm=823MB
RSS_SAMPLE t=5.8s rss=820MB hwm=823MB
RSS_SAMPLE t=6.0s rss=820MB hwm=823MB
RSS_SAMPLE t=6.3s rss=820MB hwm=823MB
RSS_SAMPLE t=6.5s rss=820MB hwm=823MB
RSS_SAMPLE t=6.8s rss=820MB hwm=823MB
RSS_SAMPLE t=7.0s rss=820MB hwm=823MB
RSS_SAMPLE t=7.3s rss=820MB hwm=823MB
RSS_SAMPLE t=7.5s rss=820MB hwm=823MB
RSS_SAMPLE t=7.8s rss=820MB hwm=823MB
RSS_SAMPLE t=8.0s rss=820MB hwm=823MB
RSS_SAMPLE t=8.3s rss=820MB hwm=823MB
RSS_SAMPLE t=8.5s rss=820MB hwm=823MB
RSS_SAMPLE t=8.8s rss=820MB hwm=823MB
RSS_SAMPLE t=9.0s rss=820MB hwm=823MB
RSS_SAMPLE t=9.3s rss=820MB hwm=823MB
RSS_SAMPLE t=9.5s rss=820MB hwm=823MB
RSS_SAMPLE t=9.8s rss=820MB hwm=823MB
RSS_SAMPLE t=10.0s rss=820MB hwm=823MB
RSS_SAMPLE t=10.3s rss=820MB hwm=823MB
RSS_SAMPLE t=10.5s rss=820MB hwm=823MB
RSS_SAMPLE t=10.8s rss=820MB hwm=823MB
RSS_SAMPLE t=11.0s rss=820MB hwm=823MB
RSS_SAMPLE t=11.3s rss=820MB hwm=823MB
RSS_SAMPLE t=11.5s rss=820MB hwm=823MB
RSS_SAMPLE t=11.8s rss=820MB hwm=823MB
RSS_SAMPLE t=12.0s rss=820MB hwm=823MB
RSS_SAMPLE t=12.3s rss=820MB hwm=823MB
RSS_SAMPLE t=12.5s rss=820MB hwm=823MB
RSS_SAMPLE t=12.8s rss=820MB hwm=823MB
RSS_SAMPLE t=13.0s rss=820MB hwm=823MB
RSS_SAMPLE t=13.3s rss=820MB hwm=823MB
RSS_SAMPLE t=13.5s rss=820MB hwm=823MB
RSS_SAMPLE t=13.8s rss=820MB hwm=823MB
RSS_SAMPLE t=14.0s rss=820MB hwm=823MB
RSS_SAMPLE t=14.3s rss=820MB hwm=823MB
RSS_SAMPLE t=14.5s rss=820MB hwm=823MB
RSS_SAMPLE t=14.8s rss=820MB hwm=823MB
RSS_SAMPLE t=15.0s rss=820MB hwm=823MB
RSS_SAMPLE t=15.3s rss=820MB hwm=823MB
RSS_SAMPLE t=15.5s rss=820MB hwm=823MB
RSS_SAMPLE t=15.8s rss=820MB hwm=823MB
RSS_SAMPLE t=16.0s rss=820MB hwm=823MB
RSS_SAMPLE t=16.3s rss=820MB hwm=823MB
RSS_SAMPLE t=16.5s rss=820MB hwm=823MB
RSS_SAMPLE t=16.8s rss=820MB hwm=823MB
RSS_SAMPLE t=17.0s rss=820MB hwm=823MB
RSS_SAMPLE t=17.3s rss=820MB hwm=823MB
RSS_SAMPLE t=17.5s rss=820MB hwm=823MB
RSS_SAMPLE t=17.8s rss=820MB hwm=823MB
RSS_SAMPLE t=18.0s rss=820MB hwm=823MB
RSS_SAMPLE t=18.3s rss=820MB hwm=823MB
RSS_SAMPLE t=18.5s rss=820MB hwm=823MB
RSS_SAMPLE t=18.8s rss=820MB hwm=823MB
RSS_SAMPLE t=19.0s rss=820MB hwm=823MB
RSS_SAMPLE t=19.3s rss=820MB hwm=823MB
RSS_SAMPLE t=19.5s rss=820MB hwm=823MB
RSS_SAMPLE t=19.8s rss=820MB hwm=823MB
RSS_SAMPLE t=20.0s rss=820MB hwm=823MB
RSS_SAMPLE t=20.3s rss=820MB hwm=823MB
RSS_SAMPLE t=20.5s rss=820MB hwm=823MB
RSS_SAMPLE t=20.8s rss=820MB hwm=823MB
RSS_SAMPLE t=21.0s rss=820MB hwm=823MB
RSS_SAMPLE t=21.3s rss=820MB hwm=823MB
RSS_SAMPLE t=21.5s rss=820MB hwm=823MB
RSS_SAMPLE t=21.8s rss=820MB hwm=823MB
RSS_SAMPLE t=22.0s rss=820MB hwm=823MB
RSS_SAMPLE t=22.3s rss=820MB hwm=823MB
RSS_SAMPLE t=22.5s rss=820MB hwm=823MB
RSS_SAMPLE t=22.8s rss=820MB hwm=823MB
RSS_SAMPLE t=23.0s rss=820MB hwm=823MB
RSS_SAMPLE t=23.3s rss=820MB hwm=823MB
RSS_SAMPLE t=23.5s rss=820MB hwm=823MB
RSS_SAMPLE t=23.8s rss=820MB hwm=823MB
RSS_SAMPLE t=24.0s rss=820MB hwm=823MB
RSS_SAMPLE t=24.3s rss=820MB hwm=823MB
RSS_SAMPLE t=24.5s rss=820MB hwm=823MB
RSS_SAMPLE t=24.8s rss=820MB hwm=823MB
RSS_SAMPLE t=25.0s rss=820MB hwm=823MB
RSS_SAMPLE t=25.3s rss=820MB hwm=823MB
RSS_SAMPLE t=25.5s rss=820MB hwm=823MB
RSS_SAMPLE t=25.8s rss=820MB hwm=823MB
RSS_SAMPLE t=26.0s rss=820MB hwm=823MB
RSS_SAMPLE t=26.3s rss=820MB hwm=823MB
RSS_SAMPLE t=26.5s rss=820MB hwm=823MB
RSS_SAMPLE t=26.8s rss=820MB hwm=823MB
RSS_SAMPLE t=27.0s rss=820MB hwm=823MB
RSS_SAMPLE t=27.3s rss=820MB hwm=823MB
RSS_SAMPLE t=27.5s rss=820MB hwm=823MB
RSS_SAMPLE t=27.8s rss=820MB hwm=823MB
RSS_SAMPLE t=28.0s rss=820MB hwm=823MB
RSS_SAMPLE t=28.3s rss=820MB hwm=823MB
RSS_SAMPLE t=28.5s rss=820MB hwm=823MB
RSS_SAMPLE t=28.8s rss=820MB hwm=823MB
RSS_SAMPLE t=29.0s rss=820MB hwm=823MB
RSS_SAMPLE t=29.3s rss=820MB hwm=823MB
RSS_SAMPLE t=29.5s rss=820MB hwm=823MB
RSS_SAMPLE t=29.8s rss=820MB hwm=823MB
RSS_SAMPLE t=30.0s rss=820MB hwm=823MB
RSS_SAMPLE t=30.3s rss=820MB hwm=823MB
RSS_SAMPLE t=30.5s rss=820MB hwm=823MB
RSS_SAMPLE t=30.8s rss=820MB hwm=823MB
RSS_SAMPLE t=31.0s rss=820MB hwm=823MB
RSS_SAMPLE t=31.3s rss=820MB hwm=823MB
RSS_SAMPLE t=31.5s rss=820MB hwm=823MB
RSS_SAMPLE t=31.8s rss=820MB hwm=823MB
RSS_SAMPLE t=32.0s rss=820MB hwm=823MB
RSS_SAMPLE t=32.3s rss=820MB hwm=823MB
RSS_SAMPLE t=32.5s rss=820MB hwm=823MB
RSS_SAMPLE t=32.8s rss=820MB hwm=823MB
RSS_SAMPLE t=33.0s rss=820MB hwm=823MB
RSS_SAMPLE t=33.3s rss=820MB hwm=823MB
RSS_SAMPLE t=33.5s rss=820MB hwm=823MB
RSS_SAMPLE t=33.8s rss=820MB hwm=823MB
RSS_SAMPLE t=34.0s rss=820MB hwm=823MB
RSS_SAMPLE t=34.3s rss=820MB hwm=823MB
RSS_SAMPLE t=34.5s rss=820MB hwm=823MB
RSS_SAMPLE t=34.8s rss=820MB hwm=823MB
RSS_SAMPLE t=35.0s rss=820MB hwm=823MB
RSS_SAMPLE t=35.3s rss=820MB hwm=823MB
RSS_SAMPLE t=35.5s rss=820MB hwm=823MB
RSS_SAMPLE t=35.8s rss=820MB hwm=823MB
RSS_SAMPLE t=36.0s rss=820MB hwm=823MB
RSS_SAMPLE t=36.3s rss=820MB hwm=823MB
RSS_SAMPLE t=36.5s rss=820MB hwm=823MB
RSS_SAMPLE t=36.8s rss=820MB hwm=823MB
RSS_SAMPLE t=37.0s rss=820MB hwm=823MB
RSS_SAMPLE t=37.3s rss=820MB hwm=823MB
RSS_SAMPLE t=37.5s rss=820MB hwm=823MB
RSS_SAMPLE t=37.8s rss=820MB hwm=823MB
RSS_SAMPLE t=38.0s rss=820MB hwm=823MB
RSS_SAMPLE t=38.3s rss=820MB hwm=823MB
RSS_SAMPLE t=38.5s rss=820MB hwm=823MB
RSS_SAMPLE t=38.8s rss=820MB hwm=823MB
RSS_SAMPLE t=39.0s rss=820MB hwm=823MB
RSS_SAMPLE t=39.3s rss=820MB hwm=823MB
RSS_SAMPLE t=39.5s rss=820MB hwm=823MB
RSS_SAMPLE t=39.8s rss=820MB hwm=823MB
RSS_SAMPLE t=40.0s rss=820MB hwm=823MB
RSS_SAMPLE t=40.3s rss=820MB hwm=823MB
RSS_SAMPLE t=40.5s rss=820MB hwm=823MB
RSS_SAMPLE t=40.8s rss=820MB hwm=823MB
RSS_SAMPLE t=41.0s rss=820MB hwm=823MB
RSS_SAMPLE t=41.3s rss=820MB hwm=823MB
RSS_SAMPLE t=41.5s rss=820MB hwm=823MB
RSS_SAMPLE t=41.8s rss=820MB hwm=823MB
RSS_SAMPLE t=42.0s rss=820MB hwm=823MB
RSS_SAMPLE t=42.3s rss=820MB hwm=823MB
RSS_SAMPLE t=42.5s rss=820MB hwm=823MB
RSS_SAMPLE t=42.8s rss=820MB hwm=823MB
RSS_SAMPLE t=43.0s rss=820MB hwm=823MB
RSS_SAMPLE t=43.3s rss=820MB hwm=823MB
RSS_SAMPLE t=43.5s rss=820MB hwm=823MB
RSS_SAMPLE t=43.8s rss=820MB hwm=823MB
RSS_SAMPLE t=44.0s rss=820MB hwm=823MB
RSS_SAMPLE t=44.3s rss=820MB hwm=823MB
RSS_SAMPLE t=44.5s rss=820MB hwm=823MB
RSS_SAMPLE t=44.8s rss=820MB hwm=823MB
RSS_SAMPLE t=45.0s rss=820MB hwm=823MB
RSS_SAMPLE t=45.3s rss=820MB hwm=823MB
RSS_SAMPLE t=45.5s rss=820MB hwm=823MB
RSS_SAMPLE t=45.8s rss=820MB hwm=823MB
RSS_SAMPLE t=46.0s rss=820MB hwm=823MB
RSS_SAMPLE t=46.3s rss=820MB hwm=823MB
RSS_SAMPLE t=46.5s rss=820MB hwm=823MB
RSS_SAMPLE t=46.8s rss=820MB hwm=823MB
RSS_SAMPLE t=47.0s rss=820MB hwm=823MB
RSS_SAMPLE t=47.3s rss=820MB hwm=823MB
RSS_SAMPLE t=47.5s rss=820MB hwm=823MB
RSS_SAMPLE t=47.8s rss=820MB hwm=823MB
RSS_SAMPLE t=48.0s rss=820MB hwm=823MB
RSS_SAMPLE t=48.3s rss=820MB hwm=823MB
RSS_SAMPLE t=48.5s rss=820MB hwm=823MB
RSS_SAMPLE t=48.8s rss=820MB hwm=823MB
RSS_SAMPLE t=49.0s rss=820MB hwm=823MB
RSS_SAMPLE t=49.3s rss=820MB hwm=823MB
RSS_SAMPLE t=49.5s rss=820MB hwm=823MB
RSS_SAMPLE t=49.8s rss=820MB hwm=823MB
RSS_SAMPLE t=50.0s rss=820MB hwm=823MB
RSS_SAMPLE t=50.3s rss=820MB hwm=823MB
RSS_SAMPLE t=50.5s rss=820MB hwm=823MB
RSS_SAMPLE t=50.8s rss=820MB hwm=823MB
RSS_SAMPLE t=51.0s rss=820MB hwm=823MB
RSS_SAMPLE t=51.3s rss=820MB hwm=823MB
RSS_SAMPLE t=51.5s rss=820MB hwm=823MB
RSS_SAMPLE t=51.8s rss=820MB hwm=823MB
RSS_SAMPLE t=52.0s rss=820MB hwm=823MB
RSS_SAMPLE t=52.3s rss=820MB hwm=823MB
RSS_SAMPLE t=52.5s rss=820MB hwm=823MB
RSS_SAMPLE t=52.8s rss=820MB hwm=823MB
RSS_SAMPLE t=53.0s rss=820MB hwm=823MB
RSS_SAMPLE t=53.3s rss=848MB hwm=848MB
RSS_SAMPLE t=53.5s rss=891MB hwm=891MB
RSS_SAMPLE t=53.8s rss=928MB hwm=928MB
RSS_SAMPLE t=54.0s rss=932MB hwm=932MB
RSS_SAMPLE t=54.3s rss=933MB hwm=933MB
RSS_SAMPLE t=54.5s rss=933MB hwm=933MB
RSS_SAMPLE t=54.8s rss=933MB hwm=933MB
RSS_SAMPLE t=55.0s rss=933MB hwm=933MB
RSS_SAMPLE t=55.3s rss=933MB hwm=933MB
  Skipped truly-null coarse cells: 0 (of 69353 total); pruned pipes: src_null=0 dst_null=0
  Pipe capacity by span:
    span=  1: 138172 pipes, cap min=1 avg=134.5 max=432
    span=  2: 136455 pipes, cap min=2 avg=50.7 max=118
    span=  3: 135619 pipes, cap min=2 avg=26.1 max=52
    span=  4: 136319 pipes, cap min=2 avg=22.7 max=140
    span=  5: 135918 pipes, cap min=2 avg=66.1 max=124
    span=  6: 201217 pipes, cap min=2 avg=15.2 max=28
    span=  7: 200933 pipes, cap min=1 avg=7.3 max=20
    span=  8: 132748 pipes, cap min=2 avg=6.0 max=10
    span=  9: 130848 pipes, cap min=2 avg=6.0 max=10
    span= 10: 131090 pipes, cap min=2 avg=2.2 max=31
    span= 11: 129628 pipes, cap min=2 avg=2.0 max=4
    span= 12: 129018 pipes, cap min=2 avg=2.0 max=4
    span= 13: 128408 pipes, cap min=1 avg=1.5 max=4
    span= 14: 127798 pipes, cap min=1 avg=1.0 max=2
    span= 15: 127188 pipes, cap min=1 avg=1.0 max=2
    span= 16: 126578 pipes, cap min=1 avg=1.0 max=2
    span= 17: 125968 pipes, cap min=1 avg=1.0 max=2
    span= 18: 125358 pipes, cap min=1 avg=1.0 max=2
    span= 19: 63140 pipes, cap min=1 avg=1.0 max=2
  Thin span-1 pipes (cap<=2): 222 total, by tile-type pair (top 20):
    NULL <-> NULL: 220
    CLK_BUFG <-> NULL: 2
  Pipe cost: span^0.50 model (r1=1), span-1=1.000, span-12=3.464, 2×span-6=4.899, 12×span-1=12.000
RSS_SAMPLE t=55.5s rss=1030MB hwm=1030MB
  topological compress: density=0.60 target_tiles=15971 final_tiles=15777 scale=1.851 center=(205.1,111.0)
  topological init: n_movable=76660, n_edges=229053, max_layer=26775, back_edges=54022, n_anchored=0
  type DFF: 302 valid columns, 1077536 total BELs
  type LUT6: 302 valid columns, 538768 total BELs
TypeAwarePlacement: 2 cell types
Coordinate descent mode: 76660 cells, scale 1.00
CellValidityMask: 76660 cells, 311x223 grid, 2 bucket masks, per-cell valid positions: min=67346 avg=67346.0 max=67346, unmapped cells=0
MuxSlotTracker: 76660 cells (76660 with external fanout), 67346 tiles, total_cap=1077536, active_buckets=[DFF,LUT6], built in 68.7ms
MuxSlotTracker[post-seed]: populated_cells=27114, overflow_tiles=518, at_cap_tiles=50, peak_excess=41, capacity_hist={16:67346}
DCD placer: 76660 cells, 69353 nodes, outer_iters=20, dcd_iters_per_cell=8, graph_model=TwoLevelPip
MEM_STATIC: pipes=352MB nodes=1MB adjacency=78MB pipe_cost_vecs=59MB validity_mask=0MB n_pipes=2562403 n_edges=5124806 rss=1043MB
Softmin position update: enabled, theta 0.250 -> 5.000 (anneal over 20 iters)
RSS_SAMPLE t=55.8s rss=1071MB hwm=1071MB
RSS_SAMPLE t=56.0s rss=1071MB hwm=1071MB
RSS_SAMPLE t=56.3s rss=1071MB hwm=1071MB
RSS_SAMPLE t=56.5s rss=1071MB hwm=1071MB
RSS_SAMPLE t=56.8s rss=1071MB hwm=1071MB
RSS_SAMPLE t=57.0s rss=1071MB hwm=1071MB
RSS_SAMPLE t=57.3s rss=1071MB hwm=1071MB
RSS_SAMPLE t=57.5s rss=1071MB hwm=1071MB
RSS_SAMPLE t=57.8s rss=1071MB hwm=1071MB
RSS_SAMPLE t=58.0s rss=1071MB hwm=1071MB
    SwitchMatrix: type_usage_pairs=7 lookups=110 hits=103 dijkstra_calls=7 avg_us=10.6 total_ms=0.1
PHASE_MARK outer=0 enter=pre_solve rss=1074MB
RSS_SAMPLE t=58.3s rss=1111MB hwm=1111MB
RSS_SAMPLE t=58.5s rss=1117MB hwm=1117MB
RSS_SAMPLE t=58.8s rss=1119MB hwm=1119MB
RSS_SAMPLE t=59.0s rss=1122MB hwm=1122MB
RSS_SAMPLE t=59.3s rss=1125MB hwm=1125MB
RSS_SAMPLE t=59.5s rss=1129MB hwm=1129MB
RSS_SAMPLE t=59.8s rss=1131MB hwm=1131MB
RSS_SAMPLE t=60.0s rss=1135MB hwm=1135MB
RSS_SAMPLE t=60.3s rss=1139MB hwm=1139MB
RSS_SAMPLE t=60.5s rss=1142MB hwm=1142MB
RSS_SAMPLE t=60.8s rss=1145MB hwm=1145MB
RSS_SAMPLE t=61.0s rss=1148MB hwm=1148MB
RSS_SAMPLE t=61.3s rss=1150MB hwm=1150MB
RSS_SAMPLE t=61.5s rss=1154MB hwm=1154MB
RSS_SAMPLE t=61.8s rss=1157MB hwm=1157MB
RSS_SAMPLE t=62.0s rss=1160MB hwm=1160MB
RSS_SAMPLE t=62.3s rss=1162MB hwm=1162MB
RSS_SAMPLE t=62.5s rss=1166MB hwm=1166MB
RSS_SAMPLE t=62.8s rss=1169MB hwm=1169MB
RSS_SAMPLE t=63.0s rss=1172MB hwm=1172MB
RSS_SAMPLE t=63.3s rss=1174MB hwm=1174MB
RSS_SAMPLE t=63.5s rss=1177MB hwm=1177MB
RSS_SAMPLE t=63.8s rss=1180MB hwm=1180MB
RSS_SAMPLE t=64.0s rss=1183MB hwm=1183MB
RSS_SAMPLE t=64.3s rss=1187MB hwm=1187MB
RSS_SAMPLE t=64.5s rss=1190MB hwm=1190MB
RSS_SAMPLE t=64.8s rss=1192MB hwm=1192MB
RSS_SAMPLE t=65.0s rss=1195MB hwm=1195MB
RSS_SAMPLE t=65.3s rss=1198MB hwm=1198MB
RSS_SAMPLE t=65.5s rss=1200MB hwm=1200MB
RSS_SAMPLE t=65.8s rss=1203MB hwm=1203MB
RSS_SAMPLE t=66.0s rss=1206MB hwm=1206MB
RSS_SAMPLE t=66.3s rss=1208MB hwm=1208MB
RSS_SAMPLE t=66.5s rss=1211MB hwm=1211MB
RSS_SAMPLE t=66.8s rss=1214MB hwm=1214MB
RSS_SAMPLE t=67.0s rss=1217MB hwm=1217MB
RSS_SAMPLE t=67.3s rss=1220MB hwm=1220MB
RSS_SAMPLE t=67.5s rss=1223MB hwm=1223MB
RSS_SAMPLE t=67.8s rss=1226MB hwm=1226MB
RSS_SAMPLE t=68.0s rss=1229MB hwm=1229MB
RSS_SAMPLE t=68.3s rss=1232MB hwm=1232MB
RSS_SAMPLE t=68.5s rss=1235MB hwm=1235MB
RSS_SAMPLE t=68.8s rss=1238MB hwm=1238MB
RSS_SAMPLE t=69.0s rss=1241MB hwm=1241MB
RSS_SAMPLE t=69.3s rss=1245MB hwm=1245MB
RSS_SAMPLE t=69.5s rss=1248MB hwm=1248MB
RSS_SAMPLE t=69.8s rss=1251MB hwm=1251MB
RSS_SAMPLE t=70.0s rss=1254MB hwm=1254MB
RSS_SAMPLE t=70.3s rss=1257MB hwm=1257MB
RSS_SAMPLE t=70.5s rss=1261MB hwm=1261MB
RSS_SAMPLE t=70.8s rss=1263MB hwm=1263MB
RSS_SAMPLE t=71.0s rss=1265MB hwm=1265MB
RSS_SAMPLE t=71.3s rss=1268MB hwm=1268MB
RSS_SAMPLE t=71.5s rss=1272MB hwm=1272MB
RSS_SAMPLE t=71.8s rss=1275MB hwm=1275MB
RSS_SAMPLE t=72.0s rss=1278MB hwm=1278MB
RSS_SAMPLE t=72.3s rss=1281MB hwm=1281MB
RSS_SAMPLE t=72.5s rss=1285MB hwm=1285MB
RSS_SAMPLE t=72.8s rss=1287MB hwm=1287MB
RSS_SAMPLE t=73.0s rss=1291MB hwm=1291MB
RSS_SAMPLE t=73.3s rss=1294MB hwm=1294MB
RSS_SAMPLE t=73.5s rss=1297MB hwm=1297MB
RSS_SAMPLE t=73.8s rss=1301MB hwm=1301MB
RSS_SAMPLE t=74.0s rss=1304MB hwm=1304MB
RSS_SAMPLE t=74.3s rss=1308MB hwm=1308MB
RSS_SAMPLE t=74.5s rss=1311MB hwm=1311MB
RSS_SAMPLE t=74.8s rss=1316MB hwm=1316MB
RSS_SAMPLE t=75.0s rss=1318MB hwm=1318MB
RSS_SAMPLE t=75.3s rss=1322MB hwm=1322MB
RSS_SAMPLE t=75.5s rss=1325MB hwm=1325MB
RSS_SAMPLE t=75.8s rss=1328MB hwm=1328MB
RSS_SAMPLE t=76.0s rss=1331MB hwm=1331MB
RSS_SAMPLE t=76.3s rss=1335MB hwm=1335MB
RSS_SAMPLE t=76.5s rss=1339MB hwm=1339MB
RSS_SAMPLE t=76.8s rss=1342MB hwm=1342MB
RSS_SAMPLE t=77.0s rss=1345MB hwm=1345MB
RSS_SAMPLE t=77.3s rss=1349MB hwm=1349MB
RSS_SAMPLE t=77.5s rss=1353MB hwm=1353MB
RSS_SAMPLE t=77.8s rss=1356MB hwm=1356MB
RSS_SAMPLE t=78.0s rss=1359MB hwm=1359MB
RSS_SAMPLE t=78.3s rss=1362MB hwm=1362MB
RSS_SAMPLE t=78.5s rss=1366MB hwm=1366MB
RSS_SAMPLE t=78.8s rss=1368MB hwm=1368MB
RSS_SAMPLE t=79.0s rss=1371MB hwm=1371MB
RSS_SAMPLE t=79.3s rss=1375MB hwm=1375MB
RSS_SAMPLE t=79.5s rss=1379MB hwm=1379MB
RSS_SAMPLE t=79.8s rss=1381MB hwm=1381MB
RSS_SAMPLE t=80.0s rss=1384MB hwm=1384MB
RSS_SAMPLE t=80.3s rss=1388MB hwm=1388MB
RSS_SAMPLE t=80.5s rss=1391MB hwm=1391MB
RSS_SAMPLE t=80.8s rss=1394MB hwm=1394MB
RSS_SAMPLE t=81.0s rss=1397MB hwm=1397MB
RSS_SAMPLE t=81.3s rss=1401MB hwm=1401MB
RSS_SAMPLE t=81.5s rss=1404MB hwm=1404MB
RSS_SAMPLE t=81.8s rss=1408MB hwm=1408MB
RSS_SAMPLE t=82.0s rss=1411MB hwm=1411MB
RSS_SAMPLE t=82.3s rss=1415MB hwm=1415MB
RSS_SAMPLE t=82.5s rss=1418MB hwm=1418MB
RSS_SAMPLE t=82.8s rss=1420MB hwm=1420MB
RSS_SAMPLE t=83.0s rss=1423MB hwm=1423MB
RSS_SAMPLE t=83.3s rss=1426MB hwm=1426MB
RSS_SAMPLE t=83.5s rss=1430MB hwm=1430MB
RSS_SAMPLE t=83.8s rss=1433MB hwm=1433MB
RSS_SAMPLE t=84.0s rss=1437MB hwm=1437MB
RSS_SAMPLE t=84.3s rss=1440MB hwm=1440MB
RSS_SAMPLE t=84.5s rss=1444MB hwm=1444MB
RSS_SAMPLE t=84.8s rss=1446MB hwm=1446MB
RSS_SAMPLE t=85.0s rss=1449MB hwm=1449MB
RSS_SAMPLE t=85.3s rss=1453MB hwm=1453MB
RSS_SAMPLE t=85.5s rss=1456MB hwm=1456MB
RSS_SAMPLE t=85.8s rss=1459MB hwm=1459MB
RSS_SAMPLE t=86.0s rss=1462MB hwm=1462MB
RSS_SAMPLE t=86.3s rss=1465MB hwm=1465MB
RSS_SAMPLE t=86.5s rss=1468MB hwm=1468MB
RSS_SAMPLE t=86.8s rss=1471MB hwm=1471MB
RSS_SAMPLE t=87.0s rss=1474MB hwm=1474MB
RSS_SAMPLE t=87.3s rss=1477MB hwm=1477MB
RSS_SAMPLE t=87.5s rss=1480MB hwm=1480MB
RSS_SAMPLE t=87.8s rss=1484MB hwm=1484MB
RSS_SAMPLE t=88.0s rss=1487MB hwm=1487MB
RSS_SAMPLE t=88.3s rss=1491MB hwm=1491MB
RSS_SAMPLE t=88.5s rss=1494MB hwm=1494MB
RSS_SAMPLE t=88.8s rss=1497MB hwm=1497MB
RSS_SAMPLE t=89.0s rss=1500MB hwm=1500MB
RSS_SAMPLE t=89.3s rss=1502MB hwm=1502MB
RSS_SAMPLE t=89.5s rss=1506MB hwm=1506MB
RSS_SAMPLE t=89.8s rss=1508MB hwm=1508MB
RSS_SAMPLE t=90.0s rss=1511MB hwm=1511MB
RSS_SAMPLE t=90.3s rss=1514MB hwm=1514MB
RSS_SAMPLE t=90.5s rss=1517MB hwm=1517MB
RSS_SAMPLE t=90.8s rss=1520MB hwm=1520MB
RSS_SAMPLE t=91.0s rss=1523MB hwm=1523MB
RSS_SAMPLE t=91.3s rss=1527MB hwm=1527MB
RSS_SAMPLE t=91.5s rss=1530MB hwm=1530MB
RSS_SAMPLE t=91.8s rss=1533MB hwm=1533MB
RSS_SAMPLE t=92.0s rss=1536MB hwm=1536MB
RSS_SAMPLE t=92.3s rss=1539MB hwm=1539MB
RSS_SAMPLE t=92.5s rss=1542MB hwm=1542MB
RSS_SAMPLE t=92.8s rss=1544MB hwm=1544MB
RSS_SAMPLE t=93.0s rss=1546MB hwm=1546MB
RSS_SAMPLE t=93.3s rss=1550MB hwm=1550MB
RSS_SAMPLE t=93.5s rss=1553MB hwm=1553MB
RSS_SAMPLE t=93.8s rss=1556MB hwm=1556MB
RSS_SAMPLE t=94.0s rss=1560MB hwm=1560MB
RSS_SAMPLE t=94.3s rss=1563MB hwm=1563MB
RSS_SAMPLE t=94.6s rss=1567MB hwm=1567MB
RSS_SAMPLE t=94.8s rss=1570MB hwm=1570MB
RSS_SAMPLE t=95.1s rss=1574MB hwm=1574MB
RSS_SAMPLE t=95.3s rss=1577MB hwm=1577MB
RSS_SAMPLE t=95.6s rss=1580MB hwm=1580MB
RSS_SAMPLE t=95.8s rss=1584MB hwm=1584MB
RSS_SAMPLE t=96.1s rss=1588MB hwm=1588MB
RSS_SAMPLE t=96.3s rss=1591MB hwm=1591MB
RSS_SAMPLE t=96.6s rss=1595MB hwm=1595MB
RSS_SAMPLE t=96.8s rss=1599MB hwm=1599MB
RSS_SAMPLE t=97.1s rss=1602MB hwm=1602MB
RSS_SAMPLE t=97.3s rss=1605MB hwm=1605MB
RSS_SAMPLE t=97.6s rss=1608MB hwm=1608MB
RSS_SAMPLE t=97.8s rss=1612MB hwm=1612MB
RSS_SAMPLE t=98.1s rss=1615MB hwm=1615MB
RSS_SAMPLE t=98.3s rss=1618MB hwm=1618MB
RSS_SAMPLE t=98.6s rss=1622MB hwm=1622MB
RSS_SAMPLE t=98.8s rss=1624MB hwm=1624MB
RSS_SAMPLE t=99.1s rss=1628MB hwm=1628MB
RSS_SAMPLE t=99.3s rss=1631MB hwm=1631MB
RSS_SAMPLE t=99.6s rss=1634MB hwm=1634MB
RSS_SAMPLE t=99.8s rss=1638MB hwm=1638MB
RSS_SAMPLE t=100.1s rss=1641MB hwm=1641MB
RSS_SAMPLE t=100.3s rss=1644MB hwm=1644MB
RSS_SAMPLE t=100.6s rss=1647MB hwm=1647MB
RSS_SAMPLE t=100.8s rss=1649MB hwm=1649MB
RSS_SAMPLE t=101.1s rss=1653MB hwm=1653MB
RSS_SAMPLE t=101.3s rss=1657MB hwm=1657MB
RSS_SAMPLE t=101.6s rss=1660MB hwm=1660MB
RSS_SAMPLE t=101.8s rss=1664MB hwm=1664MB
RSS_SAMPLE t=102.1s rss=1667MB hwm=1667MB
RSS_SAMPLE t=102.3s rss=1670MB hwm=1670MB
RSS_SAMPLE t=102.6s rss=1673MB hwm=1673MB
RSS_SAMPLE t=102.8s rss=1676MB hwm=1676MB
RSS_SAMPLE t=103.1s rss=1680MB hwm=1680MB
RSS_SAMPLE t=103.3s rss=1682MB hwm=1682MB
RSS_SAMPLE t=103.6s rss=1685MB hwm=1685MB
RSS_SAMPLE t=103.8s rss=1688MB hwm=1688MB
RSS_SAMPLE t=104.1s rss=1690MB hwm=1690MB
RSS_SAMPLE t=104.3s rss=1694MB hwm=1694MB
RSS_SAMPLE t=104.6s rss=1696MB hwm=1696MB
RSS_SAMPLE t=104.8s rss=1699MB hwm=1699MB
RSS_SAMPLE t=105.1s rss=1702MB hwm=1702MB
RSS_SAMPLE t=105.3s rss=1704MB hwm=1704MB
RSS_SAMPLE t=105.6s rss=1707MB hwm=1707MB
RSS_SAMPLE t=105.8s rss=1708MB hwm=1708MB
RSS_SAMPLE t=106.1s rss=1710MB hwm=1710MB
RSS_SAMPLE t=106.3s rss=1712MB hwm=1712MB
RSS_SAMPLE t=106.6s rss=1715MB hwm=1715MB
RSS_SAMPLE t=106.8s rss=1717MB hwm=1717MB
RSS_SAMPLE t=107.1s rss=1719MB hwm=1719MB
RSS_SAMPLE t=107.3s rss=1720MB hwm=1720MB
RSS_SAMPLE t=107.6s rss=1723MB hwm=1723MB
RSS_SAMPLE t=107.8s rss=1724MB hwm=1724MB
RSS_SAMPLE t=108.1s rss=1726MB hwm=1726MB
RSS_SAMPLE t=108.3s rss=1727MB hwm=1727MB
RSS_SAMPLE t=108.6s rss=1729MB hwm=1729MB
RSS_SAMPLE t=108.8s rss=1731MB hwm=1731MB
RSS_SAMPLE t=109.1s rss=1733MB hwm=1733MB
RSS_SAMPLE t=109.3s rss=1735MB hwm=1735MB
RSS_SAMPLE t=109.6s rss=1737MB hwm=1737MB
RSS_SAMPLE t=109.8s rss=1739MB hwm=1739MB
RSS_SAMPLE t=110.1s rss=1740MB hwm=1740MB
RSS_SAMPLE t=110.3s rss=1741MB hwm=1741MB
RSS_SAMPLE t=110.6s rss=1743MB hwm=1743MB
RSS_SAMPLE t=110.8s rss=1745MB hwm=1745MB
RSS_SAMPLE t=111.1s rss=1745MB hwm=1745MB
RSS_SAMPLE t=111.3s rss=1746MB hwm=1746MB
RSS_SAMPLE t=111.6s rss=1747MB hwm=1747MB
RSS_SAMPLE t=111.8s rss=1748MB hwm=1748MB
RSS_SAMPLE t=112.1s rss=1749MB hwm=1749MB
RSS_SAMPLE t=112.3s rss=1749MB hwm=1749MB
RSS_SAMPLE t=112.6s rss=1750MB hwm=1750MB
RSS_SAMPLE t=112.8s rss=1750MB hwm=1750MB
RSS_SAMPLE t=113.1s rss=1751MB hwm=1751MB
RSS_SAMPLE t=113.3s rss=1752MB hwm=1752MB
RSS_SAMPLE t=113.6s rss=1753MB hwm=1753MB
RSS_SAMPLE t=113.8s rss=1753MB hwm=1753MB
RSS_SAMPLE t=114.1s rss=1754MB hwm=1754MB
RSS_SAMPLE t=114.3s rss=1754MB hwm=1754MB
RSS_SAMPLE t=114.6s rss=1755MB hwm=1755MB
RSS_SAMPLE t=114.8s rss=1756MB hwm=1756MB
RSS_SAMPLE t=115.1s rss=1757MB hwm=1757MB
RSS_SAMPLE t=115.3s rss=1757MB hwm=1757MB
RSS_SAMPLE t=115.6s rss=1758MB hwm=1758MB
RSS_SAMPLE t=115.8s rss=1758MB hwm=1758MB
RSS_SAMPLE t=116.1s rss=1759MB hwm=1759MB
RSS_SAMPLE t=116.3s rss=1760MB hwm=1760MB
RSS_SAMPLE t=116.6s rss=1761MB hwm=1761MB
RSS_SAMPLE t=116.8s rss=1761MB hwm=1761MB
RSS_SAMPLE t=117.1s rss=1762MB hwm=1762MB
RSS_SAMPLE t=117.3s rss=1762MB hwm=1762MB
RSS_SAMPLE t=117.6s rss=1762MB hwm=1762MB
RSS_SAMPLE t=117.8s rss=1763MB hwm=1763MB
RSS_SAMPLE t=118.1s rss=1763MB hwm=1763MB
RSS_SAMPLE t=118.3s rss=1763MB hwm=1763MB
RSS_SAMPLE t=118.6s rss=1764MB hwm=1764MB
RSS_SAMPLE t=118.8s rss=1764MB hwm=1764MB
RSS_SAMPLE t=119.1s rss=1764MB hwm=1764MB
RSS_SAMPLE t=119.3s rss=1764MB hwm=1764MB
RSS_SAMPLE t=119.6s rss=1765MB hwm=1765MB
RSS_SAMPLE t=119.8s rss=1765MB hwm=1765MB
RSS_SAMPLE t=120.1s rss=1765MB hwm=1765MB
RSS_SAMPLE t=120.3s rss=1766MB hwm=1766MB
RSS_SAMPLE t=120.6s rss=1766MB hwm=1766MB
RSS_SAMPLE t=120.8s rss=1766MB hwm=1766MB
RSS_SAMPLE t=121.1s rss=1767MB hwm=1767MB
RSS_SAMPLE t=121.3s rss=1767MB hwm=1767MB
RSS_SAMPLE t=121.6s rss=1768MB hwm=1768MB
RSS_SAMPLE t=121.8s rss=1768MB hwm=1768MB
RSS_SAMPLE t=122.1s rss=1768MB hwm=1768MB
RSS_SAMPLE t=122.3s rss=1768MB hwm=1768MB
RSS_SAMPLE t=122.6s rss=1769MB hwm=1769MB
RSS_SAMPLE t=122.8s rss=1769MB hwm=1769MB
RSS_SAMPLE t=123.1s rss=1769MB hwm=1769MB
RSS_SAMPLE t=123.3s rss=1769MB hwm=1769MB
RSS_SAMPLE t=123.6s rss=1769MB hwm=1769MB
RSS_SAMPLE t=123.8s rss=1770MB hwm=1770MB
RSS_SAMPLE t=124.1s rss=1770MB hwm=1770MB
RSS_SAMPLE t=124.3s rss=1770MB hwm=1770MB
RSS_SAMPLE t=124.6s rss=1770MB hwm=1770MB
RSS_SAMPLE t=124.8s rss=1771MB hwm=1771MB
RSS_SAMPLE t=125.1s rss=1771MB hwm=1771MB
RSS_SAMPLE t=125.3s rss=1771MB hwm=1771MB
RSS_SAMPLE t=125.6s rss=1772MB hwm=1772MB
RSS_SAMPLE t=125.8s rss=1772MB hwm=1772MB
RSS_SAMPLE t=126.1s rss=1772MB hwm=1772MB
RSS_SAMPLE t=126.3s rss=1772MB hwm=1772MB
RSS_SAMPLE t=126.6s rss=1773MB hwm=1773MB
RSS_SAMPLE t=126.8s rss=1773MB hwm=1773MB
RSS_SAMPLE t=127.1s rss=1774MB hwm=1774MB
RSS_SAMPLE t=127.3s rss=1774MB hwm=1774MB
RSS_SAMPLE t=127.6s rss=1774MB hwm=1774MB
RSS_SAMPLE t=127.8s rss=1774MB hwm=1774MB
RSS_SAMPLE t=128.1s rss=1775MB hwm=1775MB
RSS_SAMPLE t=128.3s rss=1775MB hwm=1775MB
RSS_SAMPLE t=128.6s rss=1775MB hwm=1775MB
RSS_SAMPLE t=128.8s rss=1776MB hwm=1776MB
RSS_SAMPLE t=129.1s rss=1776MB hwm=1776MB
RSS_SAMPLE t=129.3s rss=1777MB hwm=1777MB
RSS_SAMPLE t=129.6s rss=1777MB hwm=1777MB
RSS_SAMPLE t=129.8s rss=1777MB hwm=1777MB
RSS_SAMPLE t=130.1s rss=1778MB hwm=1778MB
RSS_SAMPLE t=130.3s rss=1778MB hwm=1778MB
RSS_SAMPLE t=130.6s rss=1778MB hwm=1778MB
RSS_SAMPLE t=130.8s rss=1778MB hwm=1778MB
RSS_SAMPLE t=131.1s rss=1779MB hwm=1779MB
RSS_SAMPLE t=131.3s rss=1779MB hwm=1779MB
RSS_SAMPLE t=131.6s rss=1779MB hwm=1779MB
RSS_SAMPLE t=131.8s rss=1779MB hwm=1779MB
RSS_SAMPLE t=132.1s rss=1780MB hwm=1780MB
RSS_SAMPLE t=132.3s rss=1780MB hwm=1780MB
RSS_SAMPLE t=132.6s rss=1780MB hwm=1780MB
RSS_SAMPLE t=132.8s rss=1780MB hwm=1780MB
RSS_SAMPLE t=133.1s rss=1781MB hwm=1781MB
RSS_SAMPLE t=133.3s rss=1781MB hwm=1781MB
RSS_SAMPLE t=133.6s rss=1781MB hwm=1781MB
RSS_SAMPLE t=133.8s rss=1782MB hwm=1782MB
RSS_SAMPLE t=134.1s rss=1782MB hwm=1782MB
RSS_SAMPLE t=134.3s rss=1782MB hwm=1782MB
RSS_SAMPLE t=134.6s rss=1783MB hwm=1783MB
RSS_SAMPLE t=134.8s rss=1783MB hwm=1783MB
RSS_SAMPLE t=135.1s rss=1783MB hwm=1783MB
RSS_SAMPLE t=135.3s rss=1783MB hwm=1783MB
RSS_SAMPLE t=135.6s rss=1784MB hwm=1784MB
RSS_SAMPLE t=135.8s rss=1784MB hwm=1784MB
RSS_SAMPLE t=136.1s rss=1784MB hwm=1784MB
RSS_SAMPLE t=136.3s rss=1785MB hwm=1785MB
RSS_SAMPLE t=136.6s rss=1785MB hwm=1785MB
RSS_SAMPLE t=136.8s rss=1786MB hwm=1786MB
RSS_SAMPLE t=137.1s rss=1786MB hwm=1786MB
RSS_SAMPLE t=137.3s rss=1786MB hwm=1786MB
RSS_SAMPLE t=137.6s rss=1787MB hwm=1787MB
RSS_SAMPLE t=137.8s rss=1787MB hwm=1787MB
RSS_SAMPLE t=138.1s rss=1787MB hwm=1787MB
RSS_SAMPLE t=138.3s rss=1788MB hwm=1788MB
RSS_SAMPLE t=138.6s rss=1788MB hwm=1788MB
RSS_SAMPLE t=138.8s rss=1788MB hwm=1788MB
RSS_SAMPLE t=139.1s rss=1788MB hwm=1788MB
RSS_SAMPLE t=139.3s rss=1789MB hwm=1789MB
RSS_SAMPLE t=139.6s rss=1789MB hwm=1789MB
RSS_SAMPLE t=139.8s rss=1789MB hwm=1789MB
RSS_SAMPLE t=140.1s rss=1789MB hwm=1789MB
RSS_SAMPLE t=140.3s rss=1790MB hwm=1790MB
RSS_SAMPLE t=140.6s rss=1790MB hwm=1790MB
RSS_SAMPLE t=140.8s rss=1791MB hwm=1791MB
RSS_SAMPLE t=141.1s rss=1791MB hwm=1791MB
RSS_SAMPLE t=141.3s rss=1791MB hwm=1791MB
RSS_SAMPLE t=141.6s rss=1791MB hwm=1791MB
RSS_SAMPLE t=141.8s rss=1792MB hwm=1792MB
RSS_SAMPLE t=142.1s rss=1792MB hwm=1792MB
RSS_SAMPLE t=142.3s rss=1792MB hwm=1792MB
RSS_SAMPLE t=142.6s rss=1792MB hwm=1792MB
RSS_SAMPLE t=142.8s rss=1793MB hwm=1793MB
RSS_SAMPLE t=143.1s rss=1793MB hwm=1793MB
RSS_SAMPLE t=143.3s rss=1793MB hwm=1793MB
RSS_SAMPLE t=143.6s rss=1793MB hwm=1793MB
RSS_SAMPLE t=143.8s rss=1794MB hwm=1794MB
RSS_SAMPLE t=144.1s rss=1794MB hwm=1794MB
RSS_SAMPLE t=144.3s rss=1794MB hwm=1794MB
RSS_SAMPLE t=144.6s rss=1795MB hwm=1795MB
RSS_SAMPLE t=144.8s rss=1795MB hwm=1795MB
RSS_SAMPLE t=145.1s rss=1795MB hwm=1795MB
RSS_SAMPLE t=145.3s rss=1795MB hwm=1795MB
RSS_SAMPLE t=145.6s rss=1796MB hwm=1796MB
RSS_SAMPLE t=145.8s rss=1796MB hwm=1796MB
RSS_SAMPLE t=146.1s rss=1796MB hwm=1796MB
RSS_SAMPLE t=146.3s rss=1797MB hwm=1797MB
RSS_SAMPLE t=146.6s rss=1797MB hwm=1797MB
RSS_SAMPLE t=146.8s rss=1797MB hwm=1797MB
RSS_SAMPLE t=147.1s rss=1797MB hwm=1797MB
RSS_SAMPLE t=147.3s rss=1798MB hwm=1798MB
RSS_SAMPLE t=147.6s rss=1798MB hwm=1798MB
RSS_SAMPLE t=147.8s rss=1799MB hwm=1799MB
RSS_SAMPLE t=148.1s rss=1799MB hwm=1799MB
RSS_SAMPLE t=148.3s rss=1799MB hwm=1799MB
RSS_SAMPLE t=148.6s rss=1799MB hwm=1799MB
RSS_SAMPLE t=148.8s rss=1799MB hwm=1799MB
RSS_SAMPLE t=149.1s rss=1800MB hwm=1800MB
RSS_SAMPLE t=149.3s rss=1800MB hwm=1800MB
RSS_SAMPLE t=149.6s rss=1800MB hwm=1800MB
RSS_SAMPLE t=149.8s rss=1800MB hwm=1800MB
RSS_SAMPLE t=150.1s rss=1801MB hwm=1801MB
RSS_SAMPLE t=150.3s rss=1801MB hwm=1801MB
RSS_SAMPLE t=150.6s rss=1801MB hwm=1801MB
RSS_SAMPLE t=150.8s rss=1801MB hwm=1801MB
RSS_SAMPLE t=151.1s rss=1801MB hwm=1801MB
RSS_SAMPLE t=151.3s rss=1801MB hwm=1801MB
RSS_SAMPLE t=151.6s rss=1802MB hwm=1802MB
RSS_SAMPLE t=151.8s rss=1802MB hwm=1802MB
RSS_SAMPLE t=152.1s rss=1802MB hwm=1802MB
RSS_SAMPLE t=152.3s rss=1803MB hwm=1803MB
RSS_SAMPLE t=152.6s rss=1803MB hwm=1803MB
RSS_SAMPLE t=152.8s rss=1803MB hwm=1803MB
RSS_SAMPLE t=153.1s rss=1804MB hwm=1804MB
RSS_SAMPLE t=153.3s rss=1804MB hwm=1804MB
RSS_SAMPLE t=153.6s rss=1804MB hwm=1804MB
RSS_SAMPLE t=153.8s rss=1804MB hwm=1804MB
RSS_SAMPLE t=154.1s rss=1805MB hwm=1805MB
RSS_SAMPLE t=154.3s rss=1805MB hwm=1805MB
RSS_SAMPLE t=154.6s rss=1805MB hwm=1805MB
RSS_SAMPLE t=154.8s rss=1806MB hwm=1806MB
RSS_SAMPLE t=155.1s rss=1806MB hwm=1806MB
RSS_SAMPLE t=155.3s rss=1806MB hwm=1806MB
RSS_SAMPLE t=155.6s rss=1807MB hwm=1807MB
RSS_SAMPLE t=155.8s rss=1807MB hwm=1807MB
RSS_SAMPLE t=156.1s rss=1807MB hwm=1807MB
RSS_SAMPLE t=156.3s rss=1808MB hwm=1808MB
RSS_SAMPLE t=156.6s rss=1808MB hwm=1808MB
RSS_SAMPLE t=156.8s rss=1808MB hwm=1808MB
RSS_SAMPLE t=157.1s rss=1809MB hwm=1809MB
RSS_SAMPLE t=157.3s rss=1809MB hwm=1809MB
RSS_SAMPLE t=157.6s rss=1809MB hwm=1809MB
RSS_SAMPLE t=157.8s rss=1810MB hwm=1810MB
RSS_SAMPLE t=158.1s rss=1810MB hwm=1810MB
RSS_SAMPLE t=158.3s rss=1810MB hwm=1810MB
RSS_SAMPLE t=158.6s rss=1811MB hwm=1811MB
RSS_SAMPLE t=158.8s rss=1811MB hwm=1811MB
RSS_SAMPLE t=159.1s rss=1811MB hwm=1811MB
RSS_SAMPLE t=159.3s rss=1812MB hwm=1812MB
RSS_SAMPLE t=159.6s rss=1812MB hwm=1812MB
RSS_SAMPLE t=159.8s rss=1812MB hwm=1812MB
    rss_probe[outer=0]: pre_refresh_rss=1074MB post_pre_solve_rss=1813MB cache_entries=42424857 cache_cap=69325648 cache_est_mb=600
    pre_solve_diag[outer=0]: solves=105117 fallback=0 (0.0%) cap_armed=105117 (100.0%) settle_avg=10344 settle_max=69353 init_count=62
RSS_SAMPLE t=160.1s rss=1813MB hwm=1813MB
  Cell placement by tile type (iter 0, 76660 cells):
    NULL: 31596
    CLB: 27114
    IOB_W: 15019
    CLK_BUFG: 2320
    BRAM: 351
    DSP: 182
    IOB_E: 78
    Overflow: over=0 (0.0% of used) avg_excess=0.00 max_excess=0.00 (nc=0.00 cap=0 span=0)  excess_buckets: <=1=0 1-5=0 5-20=0 >20=0  by_cap: cap1=0 cap2=0 cap3-5=0 cap>5=0  by_span: s1=0 s2-3=0 s4-6=0 s7-12=0 s>12=0  le1_cross: cap1=0 cap2-5=0 cap>5=0
    Congestion: pipes=2562403 used=0 congested(>50%)=0 saturated(>90%)=0 max_util=0.00 avg_util=0.0000
PHASE_MARK outer=0 enter=dcd_sweep rss=1813MB
RSS_SAMPLE t=160.3s rss=1813MB hwm=1813MB
RSS_SAMPLE t=160.6s rss=1814MB hwm=1814MB
RSS_SAMPLE t=160.8s rss=1814MB hwm=1814MB
RSS_SAMPLE t=161.1s rss=1814MB hwm=1814MB
RSS_SAMPLE t=161.3s rss=1814MB hwm=1814MB
RSS_SAMPLE t=161.6s rss=1814MB hwm=1814MB
RSS_SAMPLE t=161.8s rss=1814MB hwm=1814MB
RSS_SAMPLE t=162.1s rss=1815MB hwm=1815MB
RSS_SAMPLE t=162.3s rss=1815MB hwm=1815MB
RSS_SAMPLE t=162.6s rss=1815MB hwm=1815MB
RSS_SAMPLE t=162.8s rss=1815MB hwm=1815MB
RSS_SAMPLE t=163.1s rss=1815MB hwm=1815MB
RSS_SAMPLE t=163.3s rss=1815MB hwm=1815MB
RSS_SAMPLE t=163.6s rss=1816MB hwm=1816MB
RSS_SAMPLE t=163.8s rss=1816MB hwm=1816MB
RSS_SAMPLE t=164.1s rss=1816MB hwm=1816MB
RSS_SAMPLE t=164.3s rss=1816MB hwm=1816MB
RSS_SAMPLE t=164.6s rss=1816MB hwm=1816MB
RSS_SAMPLE t=164.8s rss=1817MB hwm=1817MB
RSS_SAMPLE t=165.1s rss=1817MB hwm=1817MB
RSS_SAMPLE t=165.3s rss=1817MB hwm=1817MB
RSS_SAMPLE t=165.6s rss=1817MB hwm=1817MB
RSS_SAMPLE t=165.8s rss=1817MB hwm=1817MB
RSS_SAMPLE t=166.1s rss=1817MB hwm=1817MB
RSS_SAMPLE t=166.3s rss=1818MB hwm=1818MB
RSS_SAMPLE t=166.6s rss=1818MB hwm=1818MB
PHASE_MARK outer=0 leave=dcd_sweep rss=1818MB
PHASE_MARK outer=0 enter=post_refresh rss=1818MB
RSS_SAMPLE t=166.8s rss=1847MB hwm=1847MB
RSS_SAMPLE t=167.1s rss=1847MB hwm=1847MB
RSS_SAMPLE t=167.3s rss=1847MB hwm=1847MB
RSS_SAMPLE t=167.6s rss=1847MB hwm=1847MB
RSS_SAMPLE t=167.8s rss=1848MB hwm=1848MB
RSS_SAMPLE t=168.1s rss=1848MB hwm=1848MB
RSS_SAMPLE t=168.3s rss=1848MB hwm=1848MB
RSS_SAMPLE t=168.6s rss=1848MB hwm=1848MB
RSS_SAMPLE t=168.8s rss=1848MB hwm=1848MB
RSS_SAMPLE t=169.1s rss=1848MB hwm=1848MB
RSS_SAMPLE t=169.3s rss=2099MB hwm=2099MB
RSS_SAMPLE t=169.6s rss=2268MB hwm=2268MB
RSS_SAMPLE t=169.8s rss=2306MB hwm=2306MB
RSS_SAMPLE t=170.1s rss=2324MB hwm=2324MB
RSS_SAMPLE t=170.3s rss=2330MB hwm=2330MB
RSS_SAMPLE t=170.6s rss=2331MB hwm=2331MB
RSS_SAMPLE t=170.8s rss=2334MB hwm=2334MB
RSS_SAMPLE t=171.1s rss=2338MB hwm=2338MB
RSS_SAMPLE t=171.3s rss=2338MB hwm=2338MB
RSS_SAMPLE t=171.6s rss=2338MB hwm=2338MB
RSS_SAMPLE t=171.8s rss=2341MB hwm=2341MB
RSS_SAMPLE t=172.1s rss=2341MB hwm=2341MB
RSS_SAMPLE t=172.3s rss=2341MB hwm=2341MB
RSS_SAMPLE t=172.6s rss=2341MB hwm=2341MB
RSS_SAMPLE t=172.8s rss=2341MB hwm=2341MB
RSS_SAMPLE t=173.1s rss=2341MB hwm=2341MB
RSS_SAMPLE t=173.3s rss=2341MB hwm=2341MB
RSS_SAMPLE t=173.6s rss=2341MB hwm=2341MB
RSS_SAMPLE t=173.8s rss=2341MB hwm=2341MB
RSS_SAMPLE t=174.1s rss=2342MB hwm=2342MB
RSS_SAMPLE t=174.3s rss=2343MB hwm=2343MB
RSS_SAMPLE t=174.6s rss=2346MB hwm=2346MB
RSS_SAMPLE t=174.8s rss=2347MB hwm=2347MB
RSS_SAMPLE t=175.1s rss=2347MB hwm=2347MB
RSS_SAMPLE t=175.3s rss=2347MB hwm=2347MB
RSS_SAMPLE t=175.6s rss=2347MB hwm=2347MB
RSS_SAMPLE t=175.8s rss=2348MB hwm=2348MB
RSS_SAMPLE t=176.1s rss=2348MB hwm=2348MB
RSS_SAMPLE t=176.3s rss=2349MB hwm=2349MB
RSS_SAMPLE t=176.6s rss=2349MB hwm=2349MB
RSS_SAMPLE t=176.8s rss=2349MB hwm=2349MB
RSS_SAMPLE t=177.1s rss=2350MB hwm=2350MB
RSS_SAMPLE t=177.3s rss=2350MB hwm=2350MB
RSS_SAMPLE t=177.6s rss=2351MB hwm=2351MB
RSS_SAMPLE t=177.9s rss=2352MB hwm=2352MB
RSS_SAMPLE t=178.1s rss=2352MB hwm=2352MB
RSS_SAMPLE t=178.4s rss=2352MB hwm=2352MB
RSS_SAMPLE t=178.6s rss=2353MB hwm=2353MB
RSS_SAMPLE t=178.9s rss=2354MB hwm=2354MB
RSS_SAMPLE t=179.1s rss=2354MB hwm=2354MB
RSS_SAMPLE t=179.4s rss=2354MB hwm=2354MB
RSS_SAMPLE t=179.6s rss=2356MB hwm=2356MB
RSS_SAMPLE t=179.9s rss=2357MB hwm=2357MB
RSS_SAMPLE t=180.1s rss=2358MB hwm=2358MB
RSS_SAMPLE t=180.4s rss=2358MB hwm=2358MB
RSS_SAMPLE t=180.6s rss=2359MB hwm=2359MB
RSS_SAMPLE t=180.9s rss=2360MB hwm=2360MB
RSS_SAMPLE t=181.1s rss=2361MB hwm=2361MB
RSS_SAMPLE t=181.4s rss=2361MB hwm=2361MB
RSS_SAMPLE t=181.6s rss=2361MB hwm=2361MB
RSS_SAMPLE t=181.9s rss=2362MB hwm=2362MB
RSS_SAMPLE t=182.1s rss=2362MB hwm=2362MB
RSS_SAMPLE t=182.4s rss=2363MB hwm=2363MB
RSS_SAMPLE t=182.6s rss=2364MB hwm=2364MB
RSS_SAMPLE t=182.9s rss=2365MB hwm=2365MB
RSS_SAMPLE t=183.1s rss=2365MB hwm=2365MB
RSS_SAMPLE t=183.4s rss=2366MB hwm=2366MB
RSS_SAMPLE t=183.6s rss=2368MB hwm=2368MB
RSS_SAMPLE t=183.9s rss=2368MB hwm=2368MB
RSS_SAMPLE t=184.1s rss=2369MB hwm=2369MB
RSS_SAMPLE t=184.4s rss=2370MB hwm=2370MB
RSS_SAMPLE t=184.6s rss=2370MB hwm=2370MB
RSS_SAMPLE t=184.9s rss=2371MB hwm=2371MB
RSS_SAMPLE t=185.1s rss=2372MB hwm=2372MB
RSS_SAMPLE t=185.4s rss=2373MB hwm=2373MB
RSS_SAMPLE t=185.6s rss=2374MB hwm=2374MB
RSS_SAMPLE t=185.9s rss=2374MB hwm=2374MB
RSS_SAMPLE t=186.1s rss=2375MB hwm=2375MB
RSS_SAMPLE t=186.4s rss=2376MB hwm=2376MB
RSS_SAMPLE t=186.6s rss=2376MB hwm=2376MB
RSS_SAMPLE t=186.9s rss=2377MB hwm=2377MB
RSS_SAMPLE t=187.1s rss=2377MB hwm=2377MB
RSS_SAMPLE t=187.4s rss=2379MB hwm=2379MB
RSS_SAMPLE t=187.6s rss=2379MB hwm=2379MB
RSS_SAMPLE t=187.9s rss=2380MB hwm=2380MB
RSS_SAMPLE t=188.1s rss=2381MB hwm=2381MB
RSS_SAMPLE t=188.4s rss=2381MB hwm=2381MB
RSS_SAMPLE t=188.6s rss=2382MB hwm=2382MB
RSS_SAMPLE t=188.9s rss=2383MB hwm=2383MB
RSS_SAMPLE t=189.1s rss=2384MB hwm=2384MB
RSS_SAMPLE t=189.4s rss=2384MB hwm=2384MB
RSS_SAMPLE t=189.6s rss=2385MB hwm=2385MB
RSS_SAMPLE t=189.9s rss=2386MB hwm=2386MB
RSS_SAMPLE t=190.1s rss=2387MB hwm=2387MB
RSS_SAMPLE t=190.4s rss=2388MB hwm=2388MB
RSS_SAMPLE t=190.6s rss=2388MB hwm=2388MB
RSS_SAMPLE t=190.9s rss=2389MB hwm=2389MB
RSS_SAMPLE t=191.1s rss=2390MB hwm=2390MB
RSS_SAMPLE t=191.4s rss=2391MB hwm=2391MB
RSS_SAMPLE t=191.6s rss=2392MB hwm=2392MB
RSS_SAMPLE t=191.9s rss=2393MB hwm=2393MB
RSS_SAMPLE t=192.1s rss=2393MB hwm=2393MB
RSS_SAMPLE t=192.4s rss=2394MB hwm=2394MB
RSS_SAMPLE t=192.6s rss=2395MB hwm=2395MB
RSS_SAMPLE t=192.9s rss=2396MB hwm=2396MB
RSS_SAMPLE t=193.1s rss=2396MB hwm=2396MB
RSS_SAMPLE t=193.4s rss=2397MB hwm=2397MB
RSS_SAMPLE t=193.6s rss=2397MB hwm=2397MB
RSS_SAMPLE t=193.9s rss=2399MB hwm=2399MB
RSS_SAMPLE t=194.1s rss=2399MB hwm=2399MB
RSS_SAMPLE t=194.4s rss=2399MB hwm=2399MB
RSS_SAMPLE t=194.6s rss=2400MB hwm=2400MB
RSS_SAMPLE t=194.9s rss=2400MB hwm=2400MB
RSS_SAMPLE t=195.1s rss=2401MB hwm=2401MB
RSS_SAMPLE t=195.4s rss=2402MB hwm=2402MB
RSS_SAMPLE t=195.6s rss=2402MB hwm=2402MB
RSS_SAMPLE t=195.9s rss=2403MB hwm=2403MB
RSS_SAMPLE t=196.1s rss=2403MB hwm=2403MB
RSS_SAMPLE t=196.4s rss=2404MB hwm=2404MB
RSS_SAMPLE t=196.6s rss=2404MB hwm=2404MB
RSS_SAMPLE t=196.9s rss=2405MB hwm=2405MB
RSS_SAMPLE t=197.1s rss=2405MB hwm=2405MB
RSS_SAMPLE t=197.4s rss=2406MB hwm=2406MB
RSS_SAMPLE t=197.6s rss=2406MB hwm=2406MB
RSS_SAMPLE t=197.9s rss=2407MB hwm=2407MB
RSS_SAMPLE t=198.1s rss=2408MB hwm=2408MB
RSS_SAMPLE t=198.4s rss=2408MB hwm=2408MB
RSS_SAMPLE t=198.6s rss=2409MB hwm=2409MB
RSS_SAMPLE t=198.9s rss=2409MB hwm=2409MB
RSS_SAMPLE t=199.1s rss=2409MB hwm=2409MB
RSS_SAMPLE t=199.4s rss=2410MB hwm=2410MB
RSS_SAMPLE t=199.6s rss=2410MB hwm=2410MB
RSS_SAMPLE t=199.9s rss=2411MB hwm=2411MB
RSS_SAMPLE t=200.1s rss=2412MB hwm=2412MB
RSS_SAMPLE t=200.4s rss=2412MB hwm=2412MB
RSS_SAMPLE t=200.6s rss=2413MB hwm=2413MB
RSS_SAMPLE t=200.9s rss=2413MB hwm=2413MB
RSS_SAMPLE t=201.1s rss=2413MB hwm=2413MB
RSS_SAMPLE t=201.4s rss=2414MB hwm=2414MB
RSS_SAMPLE t=201.6s rss=2414MB hwm=2414MB
RSS_SAMPLE t=201.9s rss=2414MB hwm=2414MB
RSS_SAMPLE t=202.1s rss=2415MB hwm=2415MB
RSS_SAMPLE t=202.4s rss=2415MB hwm=2415MB
RSS_SAMPLE t=202.6s rss=2416MB hwm=2416MB
RSS_SAMPLE t=202.9s rss=2416MB hwm=2416MB
RSS_SAMPLE t=203.1s rss=2417MB hwm=2417MB
RSS_SAMPLE t=203.4s rss=2417MB hwm=2417MB
RSS_SAMPLE t=203.6s rss=2417MB hwm=2417MB
RSS_SAMPLE t=203.9s rss=2418MB hwm=2418MB
RSS_SAMPLE t=204.1s rss=2418MB hwm=2418MB
RSS_SAMPLE t=204.4s rss=2419MB hwm=2419MB
RSS_SAMPLE t=204.6s rss=2419MB hwm=2419MB
RSS_SAMPLE t=204.9s rss=2419MB hwm=2419MB
RSS_SAMPLE t=205.1s rss=2420MB hwm=2420MB
RSS_SAMPLE t=205.4s rss=2420MB hwm=2420MB
RSS_SAMPLE t=205.6s rss=2420MB hwm=2420MB
RSS_SAMPLE t=205.9s rss=2421MB hwm=2421MB
RSS_SAMPLE t=206.1s rss=2421MB hwm=2421MB
RSS_SAMPLE t=206.4s rss=2421MB hwm=2421MB
RSS_SAMPLE t=206.6s rss=2422MB hwm=2422MB
RSS_SAMPLE t=206.9s rss=2422MB hwm=2422MB
RSS_SAMPLE t=207.1s rss=2423MB hwm=2423MB
RSS_SAMPLE t=207.4s rss=2423MB hwm=2423MB
RSS_SAMPLE t=207.6s rss=2424MB hwm=2424MB
RSS_SAMPLE t=207.9s rss=2424MB hwm=2424MB
RSS_SAMPLE t=208.1s rss=2425MB hwm=2425MB
RSS_SAMPLE t=208.4s rss=2425MB hwm=2425MB
RSS_SAMPLE t=208.6s rss=2425MB hwm=2425MB
RSS_SAMPLE t=208.9s rss=2426MB hwm=2426MB
RSS_SAMPLE t=209.1s rss=2426MB hwm=2426MB
RSS_SAMPLE t=209.4s rss=2427MB hwm=2427MB
RSS_SAMPLE t=209.6s rss=2427MB hwm=2427MB
RSS_SAMPLE t=209.9s rss=2428MB hwm=2428MB
RSS_SAMPLE t=210.1s rss=2428MB hwm=2428MB
RSS_SAMPLE t=210.4s rss=2428MB hwm=2428MB
RSS_SAMPLE t=210.6s rss=2429MB hwm=2429MB
RSS_SAMPLE t=210.9s rss=2429MB hwm=2429MB
RSS_SAMPLE t=211.1s rss=2430MB hwm=2430MB
RSS_SAMPLE t=211.4s rss=2430MB hwm=2430MB
RSS_SAMPLE t=211.6s rss=2431MB hwm=2431MB
RSS_SAMPLE t=211.9s rss=2431MB hwm=2431MB
RSS_SAMPLE t=212.1s rss=2432MB hwm=2432MB
RSS_SAMPLE t=212.4s rss=2432MB hwm=2432MB
RSS_SAMPLE t=212.6s rss=2433MB hwm=2433MB
RSS_SAMPLE t=212.9s rss=2433MB hwm=2433MB
RSS_SAMPLE t=213.1s rss=2434MB hwm=2434MB
RSS_SAMPLE t=213.4s rss=2435MB hwm=2435MB
RSS_SAMPLE t=213.6s rss=2435MB hwm=2435MB
RSS_SAMPLE t=213.9s rss=2435MB hwm=2435MB
RSS_SAMPLE t=214.1s rss=2435MB hwm=2435MB
RSS_SAMPLE t=214.4s rss=2436MB hwm=2436MB
RSS_SAMPLE t=214.6s rss=2437MB hwm=2437MB
RSS_SAMPLE t=214.9s rss=2437MB hwm=2437MB
RSS_SAMPLE t=215.1s rss=2438MB hwm=2438MB
RSS_SAMPLE t=215.4s rss=2438MB hwm=2438MB
RSS_SAMPLE t=215.6s rss=2439MB hwm=2439MB
RSS_SAMPLE t=215.9s rss=2439MB hwm=2439MB
RSS_SAMPLE t=216.1s rss=2439MB hwm=2439MB
RSS_SAMPLE t=216.4s rss=2440MB hwm=2440MB
RSS_SAMPLE t=216.6s rss=2440MB hwm=2440MB
RSS_SAMPLE t=216.9s rss=2441MB hwm=2441MB
RSS_SAMPLE t=217.1s rss=2441MB hwm=2441MB
RSS_SAMPLE t=217.4s rss=2441MB hwm=2441MB
RSS_SAMPLE t=217.6s rss=2443MB hwm=2443MB
RSS_SAMPLE t=217.9s rss=2443MB hwm=2443MB
RSS_SAMPLE t=218.1s rss=2443MB hwm=2443MB
RSS_SAMPLE t=218.4s rss=2444MB hwm=2444MB
RSS_SAMPLE t=218.6s rss=2445MB hwm=2445MB
RSS_SAMPLE t=218.9s rss=2445MB hwm=2445MB
RSS_SAMPLE t=219.1s rss=2446MB hwm=2446MB
RSS_SAMPLE t=219.4s rss=2446MB hwm=2446MB
RSS_SAMPLE t=219.6s rss=2446MB hwm=2446MB
RSS_SAMPLE t=219.9s rss=2448MB hwm=2448MB
RSS_SAMPLE t=220.1s rss=2448MB hwm=2448MB
RSS_SAMPLE t=220.4s rss=2448MB hwm=2448MB
RSS_SAMPLE t=220.6s rss=2448MB hwm=2448MB
RSS_SAMPLE t=220.9s rss=2449MB hwm=2449MB
RSS_SAMPLE t=221.1s rss=2449MB hwm=2449MB
RSS_SAMPLE t=221.4s rss=2449MB hwm=2449MB
RSS_SAMPLE t=221.6s rss=2450MB hwm=2450MB
RSS_SAMPLE t=221.9s rss=2450MB hwm=2450MB
RSS_SAMPLE t=222.1s rss=2451MB hwm=2451MB
RSS_SAMPLE t=222.4s rss=2451MB hwm=2451MB
RSS_SAMPLE t=222.6s rss=2452MB hwm=2452MB
RSS_SAMPLE t=222.9s rss=2452MB hwm=2452MB
RSS_SAMPLE t=223.1s rss=2452MB hwm=2452MB
RSS_SAMPLE t=223.4s rss=2453MB hwm=2453MB
RSS_SAMPLE t=223.6s rss=2453MB hwm=2453MB
RSS_SAMPLE t=223.9s rss=2454MB hwm=2454MB
RSS_SAMPLE t=224.1s rss=2454MB hwm=2454MB
RSS_SAMPLE t=224.4s rss=2454MB hwm=2454MB
RSS_SAMPLE t=224.6s rss=2455MB hwm=2455MB
RSS_SAMPLE t=224.9s rss=2455MB hwm=2455MB
RSS_SAMPLE t=225.1s rss=2455MB hwm=2455MB
RSS_SAMPLE t=225.4s rss=2455MB hwm=2455MB
RSS_SAMPLE t=225.6s rss=2456MB hwm=2456MB
RSS_SAMPLE t=225.9s rss=2456MB hwm=2456MB
RSS_SAMPLE t=226.1s rss=2457MB hwm=2457MB
RSS_SAMPLE t=226.4s rss=2457MB hwm=2457MB
RSS_SAMPLE t=226.6s rss=2458MB hwm=2458MB
RSS_SAMPLE t=226.9s rss=2458MB hwm=2458MB
RSS_SAMPLE t=227.1s rss=2459MB hwm=2459MB
RSS_SAMPLE t=227.4s rss=2459MB hwm=2459MB
RSS_SAMPLE t=227.6s rss=2460MB hwm=2460MB
RSS_SAMPLE t=227.9s rss=2460MB hwm=2460MB
RSS_SAMPLE t=228.1s rss=2461MB hwm=2461MB
RSS_SAMPLE t=228.4s rss=2461MB hwm=2461MB
RSS_SAMPLE t=228.6s rss=2462MB hwm=2462MB
RSS_SAMPLE t=228.9s rss=2462MB hwm=2462MB
RSS_SAMPLE t=229.1s rss=2463MB hwm=2463MB
RSS_SAMPLE t=229.4s rss=2463MB hwm=2463MB
RSS_SAMPLE t=229.6s rss=2464MB hwm=2464MB
RSS_SAMPLE t=229.9s rss=2465MB hwm=2465MB
RSS_SAMPLE t=230.1s rss=2465MB hwm=2465MB
RSS_SAMPLE t=230.4s rss=2466MB hwm=2466MB
RSS_SAMPLE t=230.6s rss=2467MB hwm=2467MB
RSS_SAMPLE t=230.9s rss=2468MB hwm=2468MB
RSS_SAMPLE t=231.1s rss=2468MB hwm=2468MB
RSS_SAMPLE t=231.4s rss=2469MB hwm=2469MB
RSS_SAMPLE t=231.6s rss=2470MB hwm=2470MB
RSS_SAMPLE t=231.9s rss=2471MB hwm=2471MB
RSS_SAMPLE t=232.1s rss=2471MB hwm=2471MB
RSS_SAMPLE t=232.4s rss=2472MB hwm=2472MB
RSS_SAMPLE t=232.6s rss=2473MB hwm=2473MB
RSS_SAMPLE t=232.9s rss=2473MB hwm=2473MB
RSS_SAMPLE t=233.1s rss=2474MB hwm=2474MB
RSS_SAMPLE t=233.4s rss=2475MB hwm=2475MB
RSS_SAMPLE t=233.6s rss=2476MB hwm=2476MB
RSS_SAMPLE t=233.9s rss=2477MB hwm=2477MB
RSS_SAMPLE t=234.1s rss=2478MB hwm=2478MB
RSS_SAMPLE t=234.4s rss=2479MB hwm=2479MB
RSS_SAMPLE t=234.6s rss=2480MB hwm=2480MB
RSS_SAMPLE t=234.9s rss=2481MB hwm=2481MB
RSS_SAMPLE t=235.1s rss=2481MB hwm=2481MB
RSS_SAMPLE t=235.4s rss=2482MB hwm=2482MB
RSS_SAMPLE t=235.6s rss=2483MB hwm=2483MB
RSS_SAMPLE t=235.9s rss=2484MB hwm=2484MB
RSS_SAMPLE t=236.1s rss=2484MB hwm=2484MB
RSS_SAMPLE t=236.4s rss=2485MB hwm=2485MB
RSS_SAMPLE t=236.6s rss=2486MB hwm=2486MB
RSS_SAMPLE t=236.9s rss=2487MB hwm=2487MB
RSS_SAMPLE t=237.1s rss=2488MB hwm=2488MB
RSS_SAMPLE t=237.4s rss=2488MB hwm=2488MB
RSS_SAMPLE t=237.6s rss=2489MB hwm=2489MB
RSS_SAMPLE t=237.9s rss=2490MB hwm=2490MB
RSS_SAMPLE t=238.1s rss=2490MB hwm=2490MB
RSS_SAMPLE t=238.4s rss=2491MB hwm=2491MB
RSS_SAMPLE t=238.6s rss=2492MB hwm=2492MB
RSS_SAMPLE t=238.9s rss=2492MB hwm=2492MB
RSS_SAMPLE t=239.1s rss=2493MB hwm=2493MB
RSS_SAMPLE t=239.4s rss=2494MB hwm=2494MB
RSS_SAMPLE t=239.6s rss=2495MB hwm=2495MB
RSS_SAMPLE t=239.9s rss=2496MB hwm=2496MB
RSS_SAMPLE t=240.1s rss=2496MB hwm=2496MB
RSS_SAMPLE t=240.4s rss=2497MB hwm=2497MB
RSS_SAMPLE t=240.6s rss=2498MB hwm=2498MB
RSS_SAMPLE t=240.9s rss=2499MB hwm=2499MB
RSS_SAMPLE t=241.1s rss=2499MB hwm=2499MB
RSS_SAMPLE t=241.4s rss=2500MB hwm=2500MB
RSS_SAMPLE t=241.6s rss=2501MB hwm=2501MB
RSS_SAMPLE t=241.9s rss=2502MB hwm=2502MB
RSS_SAMPLE t=242.1s rss=2503MB hwm=2503MB
RSS_SAMPLE t=242.4s rss=2503MB hwm=2503MB
RSS_SAMPLE t=242.6s rss=2504MB hwm=2504MB
RSS_SAMPLE t=242.9s rss=2505MB hwm=2505MB
RSS_SAMPLE t=243.1s rss=2506MB hwm=2506MB
RSS_SAMPLE t=243.4s rss=2508MB hwm=2508MB
RSS_SAMPLE t=243.6s rss=2509MB hwm=2509MB
RSS_SAMPLE t=243.9s rss=2510MB hwm=2510MB
RSS_SAMPLE t=244.1s rss=2511MB hwm=2511MB
RSS_SAMPLE t=244.4s rss=2512MB hwm=2512MB
RSS_SAMPLE t=244.6s rss=2513MB hwm=2513MB
RSS_SAMPLE t=244.9s rss=2514MB hwm=2514MB
RSS_SAMPLE t=245.1s rss=2515MB hwm=2515MB
RSS_SAMPLE t=245.4s rss=2515MB hwm=2515MB
RSS_SAMPLE t=245.6s rss=2516MB hwm=2516MB
RSS_SAMPLE t=245.9s rss=2517MB hwm=2517MB
RSS_SAMPLE t=246.1s rss=2518MB hwm=2518MB
RSS_SAMPLE t=246.4s rss=2519MB hwm=2519MB
RSS_SAMPLE t=246.6s rss=2519MB hwm=2519MB
RSS_SAMPLE t=246.9s rss=2520MB hwm=2520MB
RSS_SAMPLE t=247.1s rss=2520MB hwm=2520MB
RSS_SAMPLE t=247.4s rss=2521MB hwm=2521MB
RSS_SAMPLE t=247.6s rss=2522MB hwm=2522MB
RSS_SAMPLE t=247.9s rss=2523MB hwm=2523MB
RSS_SAMPLE t=248.1s rss=2523MB hwm=2523MB
RSS_SAMPLE t=248.4s rss=2524MB hwm=2524MB
RSS_SAMPLE t=248.6s rss=2525MB hwm=2525MB
RSS_SAMPLE t=248.9s rss=2525MB hwm=2525MB
RSS_SAMPLE t=249.1s rss=2526MB hwm=2526MB
RSS_SAMPLE t=249.4s rss=2527MB hwm=2527MB
RSS_SAMPLE t=249.6s rss=2527MB hwm=2527MB
RSS_SAMPLE t=249.9s rss=2527MB hwm=2527MB
RSS_SAMPLE t=250.1s rss=2528MB hwm=2528MB
RSS_SAMPLE t=250.4s rss=2528MB hwm=2528MB
RSS_SAMPLE t=250.6s rss=2528MB hwm=2528MB
RSS_SAMPLE t=250.9s rss=2529MB hwm=2529MB
RSS_SAMPLE t=251.1s rss=2529MB hwm=2529MB
RSS_SAMPLE t=251.4s rss=2530MB hwm=2530MB
RSS_SAMPLE t=251.6s rss=2530MB hwm=2530MB
RSS_SAMPLE t=251.9s rss=2531MB hwm=2531MB
RSS_SAMPLE t=252.1s rss=2531MB hwm=2531MB
RSS_SAMPLE t=252.4s rss=2532MB hwm=2532MB
RSS_SAMPLE t=252.6s rss=2532MB hwm=2532MB
RSS_SAMPLE t=252.9s rss=2533MB hwm=2533MB
RSS_SAMPLE t=253.1s rss=2533MB hwm=2533MB
RSS_SAMPLE t=253.4s rss=2533MB hwm=2533MB
RSS_SAMPLE t=253.6s rss=2534MB hwm=2534MB
RSS_SAMPLE t=253.9s rss=2535MB hwm=2535MB
RSS_SAMPLE t=254.1s rss=2535MB hwm=2535MB
RSS_SAMPLE t=254.4s rss=2535MB hwm=2535MB
RSS_SAMPLE t=254.6s rss=2535MB hwm=2535MB
RSS_SAMPLE t=254.9s rss=2536MB hwm=2536MB
RSS_SAMPLE t=255.1s rss=2536MB hwm=2536MB
RSS_SAMPLE t=255.4s rss=2536MB hwm=2536MB
RSS_SAMPLE t=255.7s rss=2537MB hwm=2537MB
RSS_SAMPLE t=255.9s rss=2537MB hwm=2537MB
RSS_SAMPLE t=256.2s rss=2537MB hwm=2537MB
RSS_SAMPLE t=256.4s rss=2537MB hwm=2537MB
RSS_SAMPLE t=256.7s rss=2537MB hwm=2537MB
RSS_SAMPLE t=256.9s rss=2537MB hwm=2537MB
RSS_SAMPLE t=257.2s rss=2537MB hwm=2537MB
RSS_SAMPLE t=257.4s rss=2538MB hwm=2538MB
RSS_SAMPLE t=257.7s rss=2538MB hwm=2538MB
RSS_SAMPLE t=257.9s rss=2538MB hwm=2538MB
RSS_SAMPLE t=258.2s rss=2538MB hwm=2538MB
RSS_SAMPLE t=258.4s rss=2538MB hwm=2538MB
RSS_SAMPLE t=258.7s rss=2538MB hwm=2538MB
RSS_SAMPLE t=258.9s rss=2538MB hwm=2538MB
RSS_SAMPLE t=259.2s rss=2538MB hwm=2538MB
RSS_SAMPLE t=259.4s rss=2538MB hwm=2538MB
RSS_SAMPLE t=259.7s rss=2538MB hwm=2538MB
RSS_SAMPLE t=259.9s rss=2539MB hwm=2539MB
RSS_SAMPLE t=260.2s rss=2539MB hwm=2539MB
RSS_SAMPLE t=260.4s rss=2539MB hwm=2539MB
RSS_SAMPLE t=260.7s rss=2539MB hwm=2539MB
RSS_SAMPLE t=260.9s rss=2539MB hwm=2539MB
RSS_SAMPLE t=261.2s rss=2540MB hwm=2540MB
RSS_SAMPLE t=261.4s rss=2540MB hwm=2540MB
RSS_SAMPLE t=261.7s rss=2540MB hwm=2540MB
RSS_SAMPLE t=261.9s rss=2540MB hwm=2540MB
RSS_SAMPLE t=262.2s rss=2540MB hwm=2540MB
RSS_SAMPLE t=262.4s rss=2540MB hwm=2540MB
RSS_SAMPLE t=262.7s rss=2540MB hwm=2540MB
RSS_SAMPLE t=262.9s rss=2540MB hwm=2540MB
RSS_SAMPLE t=263.2s rss=2540MB hwm=2540MB
RSS_SAMPLE t=263.4s rss=2540MB hwm=2540MB
RSS_SAMPLE t=263.7s rss=2540MB hwm=2540MB
RSS_SAMPLE t=263.9s rss=2541MB hwm=2541MB
RSS_SAMPLE t=264.2s rss=2541MB hwm=2541MB
RSS_SAMPLE t=264.4s rss=2541MB hwm=2541MB
RSS_SAMPLE t=264.7s rss=2541MB hwm=2541MB
RSS_SAMPLE t=264.9s rss=2541MB hwm=2541MB
RSS_SAMPLE t=265.2s rss=2541MB hwm=2541MB
RSS_SAMPLE t=265.4s rss=2541MB hwm=2541MB
RSS_SAMPLE t=265.7s rss=2541MB hwm=2541MB
RSS_SAMPLE t=265.9s rss=2541MB hwm=2541MB
RSS_SAMPLE t=266.2s rss=2541MB hwm=2541MB
RSS_SAMPLE t=266.4s rss=2541MB hwm=2541MB
RSS_SAMPLE t=266.7s rss=2541MB hwm=2541MB
RSS_SAMPLE t=266.9s rss=2541MB hwm=2541MB
RSS_SAMPLE t=267.2s rss=2542MB hwm=2542MB
RSS_SAMPLE t=267.4s rss=2542MB hwm=2542MB
RSS_SAMPLE t=267.7s rss=2542MB hwm=2542MB
RSS_SAMPLE t=267.9s rss=2542MB hwm=2542MB
RSS_SAMPLE t=268.2s rss=2542MB hwm=2542MB
RSS_SAMPLE t=268.4s rss=2542MB hwm=2542MB
RSS_SAMPLE t=268.7s rss=2542MB hwm=2542MB
RSS_SAMPLE t=268.9s rss=2542MB hwm=2542MB
RSS_SAMPLE t=269.2s rss=2542MB hwm=2542MB
RSS_SAMPLE t=269.4s rss=2543MB hwm=2543MB
RSS_SAMPLE t=269.7s rss=2543MB hwm=2543MB
RSS_SAMPLE t=269.9s rss=2543MB hwm=2543MB
RSS_SAMPLE t=270.2s rss=2543MB hwm=2543MB
RSS_SAMPLE t=270.4s rss=2543MB hwm=2543MB
RSS_SAMPLE t=270.7s rss=2543MB hwm=2543MB
RSS_SAMPLE t=270.9s rss=2543MB hwm=2543MB
RSS_SAMPLE t=271.2s rss=2543MB hwm=2543MB
RSS_SAMPLE t=271.4s rss=2543MB hwm=2543MB
RSS_SAMPLE t=271.7s rss=2543MB hwm=2543MB
RSS_SAMPLE t=271.9s rss=2543MB hwm=2543MB
RSS_SAMPLE t=272.2s rss=2543MB hwm=2543MB
RSS_SAMPLE t=272.4s rss=2543MB hwm=2543MB
RSS_SAMPLE t=272.7s rss=2544MB hwm=2544MB
RSS_SAMPLE t=272.9s rss=2544MB hwm=2544MB
RSS_SAMPLE t=273.2s rss=2544MB hwm=2544MB
RSS_SAMPLE t=273.4s rss=2544MB hwm=2544MB
RSS_SAMPLE t=273.7s rss=2544MB hwm=2544MB
RSS_SAMPLE t=273.9s rss=2544MB hwm=2544MB
RSS_SAMPLE t=274.2s rss=2544MB hwm=2544MB
RSS_SAMPLE t=274.4s rss=2544MB hwm=2544MB
RSS_SAMPLE t=274.7s rss=2544MB hwm=2544MB
RSS_SAMPLE t=274.9s rss=2544MB hwm=2544MB
RSS_SAMPLE t=275.2s rss=2544MB hwm=2544MB
RSS_SAMPLE t=275.4s rss=2544MB hwm=2544MB
RSS_SAMPLE t=275.7s rss=2544MB hwm=2544MB
RSS_SAMPLE t=275.9s rss=2545MB hwm=2545MB
RSS_SAMPLE t=276.2s rss=2545MB hwm=2545MB
RSS_SAMPLE t=276.4s rss=2545MB hwm=2545MB
RSS_SAMPLE t=276.7s rss=2545MB hwm=2545MB
RSS_SAMPLE t=276.9s rss=2545MB hwm=2545MB
RSS_SAMPLE t=277.2s rss=2545MB hwm=2545MB
RSS_SAMPLE t=277.4s rss=2545MB hwm=2545MB
RSS_SAMPLE t=277.7s rss=2545MB hwm=2545MB
RSS_SAMPLE t=277.9s rss=2545MB hwm=2545MB
RSS_SAMPLE t=278.2s rss=2545MB hwm=2545MB
RSS_SAMPLE t=278.4s rss=2545MB hwm=2545MB
RSS_SAMPLE t=278.7s rss=2545MB hwm=2545MB
RSS_SAMPLE t=278.9s rss=2545MB hwm=2545MB
RSS_SAMPLE t=279.2s rss=2546MB hwm=2546MB
RSS_SAMPLE t=279.4s rss=2546MB hwm=2546MB
RSS_SAMPLE t=279.7s rss=2546MB hwm=2546MB
RSS_SAMPLE t=279.9s rss=2546MB hwm=2546MB
RSS_SAMPLE t=280.2s rss=2546MB hwm=2546MB
RSS_SAMPLE t=280.4s rss=2546MB hwm=2546MB
RSS_SAMPLE t=280.7s rss=2546MB hwm=2546MB
RSS_SAMPLE t=280.9s rss=2546MB hwm=2546MB
RSS_SAMPLE t=281.2s rss=2546MB hwm=2546MB
RSS_SAMPLE t=281.4s rss=2546MB hwm=2546MB
RSS_SAMPLE t=281.7s rss=2546MB hwm=2546MB
RSS_SAMPLE t=281.9s rss=2546MB hwm=2546MB
RSS_SAMPLE t=282.2s rss=2546MB hwm=2546MB
RSS_SAMPLE t=282.4s rss=2546MB hwm=2546MB
RSS_SAMPLE t=282.7s rss=2546MB hwm=2546MB
RSS_SAMPLE t=282.9s rss=2547MB hwm=2547MB
RSS_SAMPLE t=283.2s rss=2547MB hwm=2547MB
RSS_SAMPLE t=283.4s rss=2547MB hwm=2547MB
RSS_SAMPLE t=283.7s rss=2547MB hwm=2547MB
RSS_SAMPLE t=283.9s rss=2547MB hwm=2547MB
RSS_SAMPLE t=284.2s rss=2547MB hwm=2547MB
RSS_SAMPLE t=284.4s rss=2547MB hwm=2547MB
RSS_SAMPLE t=284.7s rss=2547MB hwm=2547MB
RSS_SAMPLE t=284.9s rss=2547MB hwm=2547MB
RSS_SAMPLE t=285.2s rss=2547MB hwm=2547MB
RSS_SAMPLE t=285.4s rss=2547MB hwm=2547MB
RSS_SAMPLE t=285.7s rss=2547MB hwm=2547MB
RSS_SAMPLE t=285.9s rss=2547MB hwm=2547MB
RSS_SAMPLE t=286.2s rss=2547MB hwm=2547MB
RSS_SAMPLE t=286.4s rss=2547MB hwm=2547MB
RSS_SAMPLE t=286.7s rss=2547MB hwm=2547MB
RSS_SAMPLE t=286.9s rss=2547MB hwm=2547MB
RSS_SAMPLE t=287.2s rss=2547MB hwm=2547MB
RSS_SAMPLE t=287.4s rss=2548MB hwm=2548MB
RSS_SAMPLE t=287.7s rss=2548MB hwm=2548MB
RSS_SAMPLE t=287.9s rss=2548MB hwm=2548MB
RSS_SAMPLE t=288.2s rss=2548MB hwm=2548MB
RSS_SAMPLE t=288.4s rss=2548MB hwm=2548MB
RSS_SAMPLE t=288.7s rss=2548MB hwm=2548MB
RSS_SAMPLE t=288.9s rss=2548MB hwm=2548MB
RSS_SAMPLE t=289.2s rss=2548MB hwm=2548MB
RSS_SAMPLE t=289.4s rss=2548MB hwm=2548MB
RSS_SAMPLE t=289.7s rss=2548MB hwm=2548MB
RSS_SAMPLE t=289.9s rss=2548MB hwm=2548MB
RSS_SAMPLE t=290.2s rss=2548MB hwm=2548MB
RSS_SAMPLE t=290.4s rss=2549MB hwm=2549MB
RSS_SAMPLE t=290.7s rss=2549MB hwm=2549MB
RSS_SAMPLE t=290.9s rss=2549MB hwm=2549MB
RSS_SAMPLE t=291.2s rss=2549MB hwm=2549MB
RSS_SAMPLE t=291.4s rss=2549MB hwm=2549MB
RSS_SAMPLE t=291.7s rss=2549MB hwm=2549MB
RSS_SAMPLE t=291.9s rss=2549MB hwm=2549MB
RSS_SAMPLE t=292.2s rss=2549MB hwm=2549MB
RSS_SAMPLE t=292.4s rss=2549MB hwm=2549MB
RSS_SAMPLE t=292.7s rss=2549MB hwm=2549MB
RSS_SAMPLE t=292.9s rss=2549MB hwm=2549MB
RSS_SAMPLE t=293.2s rss=2550MB hwm=2550MB
RSS_SAMPLE t=293.4s rss=2550MB hwm=2550MB
RSS_SAMPLE t=293.7s rss=2550MB hwm=2550MB
RSS_SAMPLE t=293.9s rss=2550MB hwm=2550MB
RSS_SAMPLE t=294.2s rss=2550MB hwm=2550MB
RSS_SAMPLE t=294.4s rss=2550MB hwm=2550MB
RSS_SAMPLE t=294.7s rss=2550MB hwm=2550MB
RSS_SAMPLE t=294.9s rss=2550MB hwm=2550MB
RSS_SAMPLE t=295.2s rss=2550MB hwm=2550MB
RSS_SAMPLE t=295.4s rss=2550MB hwm=2550MB
RSS_SAMPLE t=295.7s rss=2550MB hwm=2550MB
RSS_SAMPLE t=295.9s rss=2551MB hwm=2551MB
RSS_SAMPLE t=296.2s rss=2551MB hwm=2551MB
RSS_SAMPLE t=296.4s rss=2551MB hwm=2551MB
RSS_SAMPLE t=296.7s rss=2551MB hwm=2551MB
RSS_SAMPLE t=296.9s rss=2551MB hwm=2551MB
RSS_SAMPLE t=297.2s rss=2551MB hwm=2551MB
RSS_SAMPLE t=297.4s rss=2551MB hwm=2551MB
RSS_SAMPLE t=297.7s rss=2551MB hwm=2551MB
RSS_SAMPLE t=297.9s rss=2551MB hwm=2551MB
RSS_SAMPLE t=298.2s rss=2551MB hwm=2551MB
RSS_SAMPLE t=298.4s rss=2551MB hwm=2551MB
RSS_SAMPLE t=298.7s rss=2551MB hwm=2551MB
RSS_SAMPLE t=298.9s rss=2551MB hwm=2551MB
RSS_SAMPLE t=299.2s rss=2551MB hwm=2551MB
RSS_SAMPLE t=299.4s rss=2551MB hwm=2551MB
RSS_SAMPLE t=299.7s rss=2551MB hwm=2551MB
RSS_SAMPLE t=299.9s rss=2551MB hwm=2551MB
RSS_SAMPLE t=300.2s rss=2551MB hwm=2551MB
RSS_SAMPLE t=300.4s rss=2551MB hwm=2551MB
RSS_SAMPLE t=300.7s rss=2551MB hwm=2551MB
RSS_SAMPLE t=300.9s rss=2551MB hwm=2551MB
RSS_SAMPLE t=301.2s rss=2551MB hwm=2551MB
RSS_SAMPLE t=301.4s rss=2552MB hwm=2552MB
RSS_SAMPLE t=301.7s rss=2552MB hwm=2552MB
RSS_SAMPLE t=301.9s rss=2552MB hwm=2552MB
RSS_SAMPLE t=302.2s rss=2552MB hwm=2552MB
RSS_SAMPLE t=302.4s rss=2552MB hwm=2552MB
RSS_SAMPLE t=302.7s rss=2552MB hwm=2552MB
RSS_SAMPLE t=302.9s rss=2552MB hwm=2552MB
RSS_SAMPLE t=303.2s rss=2552MB hwm=2552MB
RSS_SAMPLE t=303.4s rss=2552MB hwm=2552MB
RSS_SAMPLE t=303.7s rss=2552MB hwm=2552MB
RSS_SAMPLE t=303.9s rss=2552MB hwm=2552MB
RSS_SAMPLE t=304.2s rss=2552MB hwm=2552MB
RSS_SAMPLE t=304.4s rss=2552MB hwm=2552MB
RSS_SAMPLE t=304.7s rss=2552MB hwm=2552MB
RSS_SAMPLE t=304.9s rss=2552MB hwm=2552MB
RSS_SAMPLE t=305.2s rss=2552MB hwm=2552MB
RSS_SAMPLE t=305.4s rss=2552MB hwm=2552MB
RSS_SAMPLE t=305.7s rss=2552MB hwm=2552MB
RSS_SAMPLE t=305.9s rss=2552MB hwm=2552MB
RSS_SAMPLE t=306.2s rss=2552MB hwm=2552MB
RSS_SAMPLE t=306.4s rss=2552MB hwm=2552MB
RSS_SAMPLE t=306.7s rss=2553MB hwm=2553MB
RSS_SAMPLE t=306.9s rss=2553MB hwm=2553MB
RSS_SAMPLE t=307.2s rss=2553MB hwm=2553MB
RSS_SAMPLE t=307.4s rss=2553MB hwm=2553MB
RSS_SAMPLE t=307.7s rss=2553MB hwm=2553MB
RSS_SAMPLE t=307.9s rss=2553MB hwm=2553MB
RSS_SAMPLE t=308.2s rss=2553MB hwm=2553MB
RSS_SAMPLE t=308.4s rss=2553MB hwm=2553MB
RSS_SAMPLE t=308.7s rss=2553MB hwm=2553MB
RSS_SAMPLE t=308.9s rss=2553MB hwm=2553MB
RSS_SAMPLE t=309.2s rss=2553MB hwm=2553MB
RSS_SAMPLE t=309.4s rss=2553MB hwm=2553MB
RSS_SAMPLE t=309.7s rss=2553MB hwm=2553MB
RSS_SAMPLE t=309.9s rss=2553MB hwm=2553MB
RSS_SAMPLE t=310.2s rss=2553MB hwm=2553MB
RSS_SAMPLE t=310.4s rss=2553MB hwm=2553MB
RSS_SAMPLE t=310.7s rss=2553MB hwm=2553MB
RSS_SAMPLE t=310.9s rss=2553MB hwm=2553MB
RSS_SAMPLE t=311.2s rss=2553MB hwm=2553MB
RSS_SAMPLE t=311.4s rss=2553MB hwm=2553MB
RSS_SAMPLE t=311.7s rss=2554MB hwm=2554MB
RSS_SAMPLE t=311.9s rss=2554MB hwm=2554MB
RSS_SAMPLE t=312.2s rss=2554MB hwm=2554MB
RSS_SAMPLE t=312.4s rss=2554MB hwm=2554MB
RSS_SAMPLE t=312.7s rss=2554MB hwm=2554MB
RSS_SAMPLE t=312.9s rss=2554MB hwm=2554MB
RSS_SAMPLE t=313.2s rss=2554MB hwm=2554MB
RSS_SAMPLE t=313.4s rss=2554MB hwm=2554MB
RSS_SAMPLE t=313.7s rss=2554MB hwm=2554MB
RSS_SAMPLE t=313.9s rss=2554MB hwm=2554MB
RSS_SAMPLE t=314.2s rss=2554MB hwm=2554MB
RSS_SAMPLE t=314.4s rss=2554MB hwm=2554MB
RSS_SAMPLE t=314.7s rss=2554MB hwm=2554MB
RSS_SAMPLE t=314.9s rss=2554MB hwm=2554MB
RSS_SAMPLE t=315.2s rss=2554MB hwm=2554MB
RSS_SAMPLE t=315.4s rss=2554MB hwm=2554MB
RSS_SAMPLE t=315.7s rss=2555MB hwm=2555MB
RSS_SAMPLE t=315.9s rss=2555MB hwm=2555MB
RSS_SAMPLE t=316.2s rss=2555MB hwm=2555MB
RSS_SAMPLE t=316.4s rss=2555MB hwm=2555MB
RSS_SAMPLE t=316.7s rss=2555MB hwm=2555MB
RSS_SAMPLE t=316.9s rss=2555MB hwm=2555MB
RSS_SAMPLE t=317.2s rss=2555MB hwm=2555MB
RSS_SAMPLE t=317.4s rss=2555MB hwm=2555MB
RSS_SAMPLE t=317.7s rss=2555MB hwm=2555MB
RSS_SAMPLE t=317.9s rss=2555MB hwm=2555MB
RSS_SAMPLE t=318.2s rss=2555MB hwm=2555MB
RSS_SAMPLE t=318.4s rss=2555MB hwm=2555MB
RSS_SAMPLE t=318.7s rss=2555MB hwm=2555MB
RSS_SAMPLE t=318.9s rss=2556MB hwm=2556MB
RSS_SAMPLE t=319.2s rss=2556MB hwm=2556MB
RSS_SAMPLE t=319.4s rss=2556MB hwm=2556MB
RSS_SAMPLE t=319.7s rss=2556MB hwm=2556MB
RSS_SAMPLE t=319.9s rss=2575MB hwm=2575MB
MEM_POOL: workspaces=8 dense_usage_mb=313 n_pipes=2562403
    rss_probe[outer=0]: pre_post_solve=1848MB post_post_solve=2575MB after_apply=2575MB
MuxSlotTracker[sweep 0 LEAK]: populated_cells=60057, overflow_tiles=2, at_cap_tiles=1508, peak_excess=10, capacity_hist={16:67346}
    E_decomp: base=10441110.8 eff=10970358.1 cong=529247.3 cong_share=4.8% sat_pipes=174503 max_util=1120.69  R_buckets: 1-2x=2562403 2-10x=0 10-100x=0 >=100x=0
    E_potential: beckmann=13592605808625.2 history_total=0.0
    SpanCache: epoch=1 entries=110 lookups=2562403 hits=2562293 misses=110 hit_rate=100.0%
  DCD   0: nets=105117 line=17120971 energy=2328478.501 dE=+0.000 friction=4254579.6 bins=2.7x(1063) excess=560.4 moved=59928 disp=inf solves=210234 skip=0 pops=2075628612 theta=0.250 refresh=255223ms dcd=6678ms total=264350ms
    cache_stats: entries=52729886 capacity=89047560 est_mb=769 rss_mb=2559
RSS_SAMPLE t=320.2s rss=2559MB hwm=2571MB
RSS_SAMPLE t=320.4s rss=2559MB hwm=2571MB
RSS_SAMPLE t=320.7s rss=2559MB hwm=2571MB
RSS_SAMPLE t=320.9s rss=2559MB hwm=2571MB
RSS_SAMPLE t=321.2s rss=2559MB hwm=2571MB
RSS_SAMPLE t=321.4s rss=2559MB hwm=2571MB
RSS_SAMPLE t=321.7s rss=2559MB hwm=2571MB
RSS_SAMPLE t=321.9s rss=2559MB hwm=2571MB
RSS_SAMPLE t=322.2s rss=2559MB hwm=2571MB
    SwitchMatrix: type_usage_pairs=887 lookups=2503 hits=1616 dijkstra_calls=887 avg_us=12.1 total_ms=10.7
RSS_SAMPLE t=322.4s rss=2559MB hwm=2571MB
PHASE_MARK outer=1 enter=pre_solve rss=2559MB
    rss_probe[outer=1]: pre_refresh_rss=2559MB post_pre_solve_rss=2559MB cache_entries=52729886 cache_cap=89047560 cache_est_mb=769
    pre_solve_diag[outer=1]: solves=0 fallback=0 (0.0%) cap_armed=0 (0.0%) settle_avg=0 settle_max=0 init_count=62
    Overflow: over=150603 (5.9% of used) avg_excess=2.33 max_excess=1496.49 (nc=1520.49 cap=24 span=1)  excess_buckets: <=1=78512 1-5=56018 5-20=14625 >20=1448  by_cap: cap1=78100 cap2=46418 cap3-5=137 cap>5=25948  by_span: s1=1527 s2-3=1856 s4-6=15985 s7-12=51370 s>12=79865  le1_cross: cap1=49827 cap2-5=25412 cap>5=3273
    Congestion: pipes=2562403 used=2562403 congested(>50%)=360329 saturated(>90%)=174503 max_util=1120.69 avg_util=0.2974
PHASE_MARK outer=1 enter=dcd_sweep rss=2559MB
RSS_SAMPLE t=322.7s rss=2559MB hwm=2571MB
RSS_SAMPLE t=322.9s rss=2559MB hwm=2571MB
RSS_SAMPLE t=323.2s rss=2559MB hwm=2571MB
RSS_SAMPLE t=323.4s rss=2559MB hwm=2571MB
RSS_SAMPLE t=323.7s rss=2559MB hwm=2571MB
RSS_SAMPLE t=323.9s rss=2559MB hwm=2571MB
RSS_SAMPLE t=324.2s rss=2559MB hwm=2571MB
RSS_SAMPLE t=324.4s rss=2559MB hwm=2571MB
RSS_SAMPLE t=324.7s rss=2559MB hwm=2571MB
RSS_SAMPLE t=324.9s rss=2559MB hwm=2571MB
RSS_SAMPLE t=325.2s rss=2559MB hwm=2571MB
RSS_SAMPLE t=325.4s rss=2559MB hwm=2571MB
RSS_SAMPLE t=325.7s rss=2559MB hwm=2571MB
RSS_SAMPLE t=325.9s rss=2559MB hwm=2571MB
RSS_SAMPLE t=326.2s rss=2559MB hwm=2571MB
RSS_SAMPLE t=326.4s rss=2559MB hwm=2571MB
RSS_SAMPLE t=326.7s rss=2559MB hwm=2571MB
RSS_SAMPLE t=326.9s rss=2559MB hwm=2571MB
RSS_SAMPLE t=327.2s rss=2559MB hwm=2571MB
RSS_SAMPLE t=327.4s rss=2559MB hwm=2571MB
RSS_SAMPLE t=327.7s rss=2559MB hwm=2571MB
RSS_SAMPLE t=327.9s rss=2559MB hwm=2571MB
RSS_SAMPLE t=328.2s rss=2559MB hwm=2571MB
RSS_SAMPLE t=328.4s rss=2559MB hwm=2571MB
RSS_SAMPLE t=328.7s rss=2559MB hwm=2571MB
RSS_SAMPLE t=328.9s rss=2559MB hwm=2571MB
PHASE_MARK outer=1 leave=dcd_sweep rss=2560MB
PHASE_MARK outer=1 enter=post_refresh rss=2560MB
RSS_SAMPLE t=329.2s rss=2570MB hwm=2571MB
RSS_SAMPLE t=329.4s rss=2570MB hwm=2571MB
RSS_SAMPLE t=329.7s rss=2570MB hwm=2571MB
RSS_SAMPLE t=329.9s rss=2570MB hwm=2571MB
RSS_SAMPLE t=330.2s rss=2570MB hwm=2571MB
RSS_SAMPLE t=330.4s rss=2570MB hwm=2571MB
RSS_SAMPLE t=330.7s rss=2570MB hwm=2571MB
RSS_SAMPLE t=330.9s rss=2570MB hwm=2571MB
RSS_SAMPLE t=331.2s rss=2570MB hwm=2571MB
RSS_SAMPLE t=331.4s rss=2570MB hwm=2571MB
RSS_SAMPLE t=331.7s rss=2609MB hwm=2609MB
RSS_SAMPLE t=331.9s rss=2622MB hwm=2622MB
RSS_SAMPLE t=332.2s rss=2626MB hwm=2626MB
RSS_SAMPLE t=332.4s rss=2628MB hwm=2628MB
RSS_SAMPLE t=332.7s rss=2628MB hwm=2628MB
RSS_SAMPLE t=332.9s rss=2628MB hwm=2628MB
RSS_SAMPLE t=333.2s rss=2628MB hwm=2628MB
RSS_SAMPLE t=333.4s rss=2628MB hwm=2628MB
RSS_SAMPLE t=333.7s rss=2628MB hwm=2628MB
RSS_SAMPLE t=334.0s rss=2629MB hwm=2629MB
RSS_SAMPLE t=334.2s rss=2629MB hwm=2629MB
RSS_SAMPLE t=334.5s rss=2629MB hwm=2629MB
RSS_SAMPLE t=334.7s rss=2629MB hwm=2629MB
RSS_SAMPLE t=335.0s rss=2629MB hwm=2629MB
RSS_SAMPLE t=335.2s rss=2629MB hwm=2629MB
RSS_SAMPLE t=335.5s rss=2629MB hwm=2629MB
RSS_SAMPLE t=335.7s rss=2629MB hwm=2629MB
RSS_SAMPLE t=336.0s rss=2629MB hwm=2629MB
RSS_SAMPLE t=336.2s rss=2629MB hwm=2629MB
RSS_SAMPLE t=336.5s rss=2629MB hwm=2629MB
RSS_SAMPLE t=336.7s rss=2630MB hwm=2630MB
RSS_SAMPLE t=337.0s rss=2630MB hwm=2630MB
RSS_SAMPLE t=337.2s rss=2630MB hwm=2630MB
RSS_SAMPLE t=337.5s rss=2630MB hwm=2630MB
RSS_SAMPLE t=337.7s rss=2630MB hwm=2630MB
RSS_SAMPLE t=338.0s rss=2630MB hwm=2630MB
RSS_SAMPLE t=338.2s rss=2630MB hwm=2630MB
RSS_SAMPLE t=338.5s rss=2630MB hwm=2630MB
RSS_SAMPLE t=338.7s rss=2630MB hwm=2630MB
RSS_SAMPLE t=339.0s rss=2630MB hwm=2630MB
RSS_SAMPLE t=339.2s rss=2630MB hwm=2630MB
RSS_SAMPLE t=339.5s rss=2630MB hwm=2630MB
RSS_SAMPLE t=339.7s rss=2630MB hwm=2630MB
RSS_SAMPLE t=340.0s rss=2630MB hwm=2630MB
RSS_SAMPLE t=340.2s rss=2630MB hwm=2630MB
RSS_SAMPLE t=340.5s rss=2630MB hwm=2630MB
RSS_SAMPLE t=340.7s rss=2630MB hwm=2630MB
RSS_SAMPLE t=341.0s rss=2630MB hwm=2630MB
RSS_SAMPLE t=341.2s rss=2630MB hwm=2630MB
RSS_SAMPLE t=341.5s rss=2630MB hwm=2630MB
RSS_SAMPLE t=341.7s rss=2631MB hwm=2631MB
RSS_SAMPLE t=342.0s rss=2631MB hwm=2631MB
RSS_SAMPLE t=342.2s rss=2631MB hwm=2631MB
RSS_SAMPLE t=342.5s rss=2631MB hwm=2631MB
RSS_SAMPLE t=342.7s rss=2631MB hwm=2631MB
RSS_SAMPLE t=343.0s rss=2631MB hwm=2631MB
RSS_SAMPLE t=343.2s rss=2632MB hwm=2632MB
RSS_SAMPLE t=343.5s rss=2632MB hwm=2632MB
RSS_SAMPLE t=343.7s rss=2633MB hwm=2633MB
RSS_SAMPLE t=344.0s rss=2633MB hwm=2633MB
RSS_SAMPLE t=344.2s rss=2633MB hwm=2633MB
RSS_SAMPLE t=344.5s rss=2633MB hwm=2633MB
RSS_SAMPLE t=344.7s rss=2634MB hwm=2634MB
RSS_SAMPLE t=345.0s rss=2634MB hwm=2634MB
RSS_SAMPLE t=345.2s rss=2634MB hwm=2634MB
RSS_SAMPLE t=345.5s rss=2635MB hwm=2635MB
RSS_SAMPLE t=345.7s rss=2635MB hwm=2635MB
RSS_SAMPLE t=346.0s rss=2636MB hwm=2636MB
RSS_SAMPLE t=346.2s rss=2636MB hwm=2636MB
RSS_SAMPLE t=346.5s rss=2636MB hwm=2636MB
RSS_SAMPLE t=346.7s rss=2637MB hwm=2637MB
RSS_SAMPLE t=347.0s rss=2637MB hwm=2637MB
RSS_SAMPLE t=347.2s rss=2637MB hwm=2637MB
RSS_SAMPLE t=347.5s rss=2637MB hwm=2637MB
RSS_SAMPLE t=347.7s rss=2638MB hwm=2638MB
RSS_SAMPLE t=348.0s rss=2638MB hwm=2638MB
RSS_SAMPLE t=348.2s rss=2639MB hwm=2639MB
RSS_SAMPLE t=348.5s rss=2639MB hwm=2639MB
RSS_SAMPLE t=348.7s rss=2640MB hwm=2640MB
RSS_SAMPLE t=349.0s rss=2640MB hwm=2640MB
RSS_SAMPLE t=349.2s rss=2641MB hwm=2641MB
RSS_SAMPLE t=349.5s rss=2641MB hwm=2641MB
RSS_SAMPLE t=349.7s rss=2642MB hwm=2642MB
RSS_SAMPLE t=350.0s rss=2642MB hwm=2642MB
RSS_SAMPLE t=350.2s rss=2642MB hwm=2642MB
RSS_SAMPLE t=350.5s rss=2643MB hwm=2643MB
RSS_SAMPLE t=350.7s rss=2643MB hwm=2643MB
RSS_SAMPLE t=351.0s rss=2643MB hwm=2643MB
RSS_SAMPLE t=351.2s rss=2643MB hwm=2643MB
RSS_SAMPLE t=351.5s rss=2644MB hwm=2644MB
RSS_SAMPLE t=351.7s rss=2644MB hwm=2644MB
RSS_SAMPLE t=352.0s rss=2644MB hwm=2644MB
RSS_SAMPLE t=352.2s rss=2644MB hwm=2644MB
RSS_SAMPLE t=352.5s rss=2645MB hwm=2645MB
RSS_SAMPLE t=352.7s rss=2645MB hwm=2645MB
RSS_SAMPLE t=353.0s rss=2646MB hwm=2646MB
RSS_SAMPLE t=353.2s rss=2646MB hwm=2646MB
RSS_SAMPLE t=353.5s rss=2646MB hwm=2646MB
RSS_SAMPLE t=353.7s rss=2646MB hwm=2646MB
RSS_SAMPLE t=354.0s rss=2647MB hwm=2647MB
RSS_SAMPLE t=354.2s rss=2647MB hwm=2647MB
RSS_SAMPLE t=354.5s rss=2647MB hwm=2647MB
RSS_SAMPLE t=354.7s rss=2648MB hwm=2648MB
RSS_SAMPLE t=355.0s rss=2648MB hwm=2648MB
RSS_SAMPLE t=355.2s rss=2649MB hwm=2649MB
RSS_SAMPLE t=355.5s rss=2650MB hwm=2650MB
RSS_SAMPLE t=355.7s rss=2650MB hwm=2650MB
RSS_SAMPLE t=356.0s rss=2651MB hwm=2651MB
RSS_SAMPLE t=356.2s rss=2652MB hwm=2652MB
RSS_SAMPLE t=356.5s rss=2652MB hwm=2652MB
RSS_SAMPLE t=356.7s rss=2653MB hwm=2653MB
RSS_SAMPLE t=357.0s rss=2653MB hwm=2653MB
RSS_SAMPLE t=357.2s rss=2654MB hwm=2654MB
RSS_SAMPLE t=357.5s rss=2654MB hwm=2654MB
RSS_SAMPLE t=357.7s rss=2654MB hwm=2654MB
RSS_SAMPLE t=358.0s rss=2655MB hwm=2655MB
RSS_SAMPLE t=358.2s rss=2655MB hwm=2655MB
RSS_SAMPLE t=358.5s rss=2655MB hwm=2655MB
RSS_SAMPLE t=358.7s rss=2655MB hwm=2655MB
RSS_SAMPLE t=359.0s rss=2656MB hwm=2656MB
RSS_SAMPLE t=359.2s rss=2656MB hwm=2656MB
RSS_SAMPLE t=359.5s rss=2656MB hwm=2656MB
RSS_SAMPLE t=359.7s rss=2656MB hwm=2656MB
RSS_SAMPLE t=360.0s rss=2656MB hwm=2656MB
RSS_SAMPLE t=360.2s rss=2656MB hwm=2656MB
RSS_SAMPLE t=360.5s rss=2657MB hwm=2657MB
RSS_SAMPLE t=360.7s rss=2657MB hwm=2657MB
RSS_SAMPLE t=361.0s rss=2657MB hwm=2657MB
RSS_SAMPLE t=361.2s rss=2657MB hwm=2657MB
RSS_SAMPLE t=361.5s rss=2657MB hwm=2657MB
RSS_SAMPLE t=361.7s rss=2658MB hwm=2658MB
RSS_SAMPLE t=362.0s rss=2658MB hwm=2658MB
RSS_SAMPLE t=362.2s rss=2658MB hwm=2658MB
RSS_SAMPLE t=362.5s rss=2659MB hwm=2659MB
RSS_SAMPLE t=362.7s rss=2659MB hwm=2659MB
RSS_SAMPLE t=363.0s rss=2659MB hwm=2659MB
RSS_SAMPLE t=363.2s rss=2660MB hwm=2660MB
RSS_SAMPLE t=363.5s rss=2660MB hwm=2660MB
RSS_SAMPLE t=363.7s rss=2660MB hwm=2660MB
RSS_SAMPLE t=364.0s rss=2660MB hwm=2660MB
RSS_SAMPLE t=364.2s rss=2660MB hwm=2660MB
RSS_SAMPLE t=364.5s rss=2661MB hwm=2661MB
RSS_SAMPLE t=364.7s rss=2661MB hwm=2661MB
RSS_SAMPLE t=365.0s rss=2661MB hwm=2661MB
RSS_SAMPLE t=365.2s rss=2661MB hwm=2661MB
RSS_SAMPLE t=365.5s rss=2661MB hwm=2661MB
RSS_SAMPLE t=365.7s rss=2661MB hwm=2661MB
RSS_SAMPLE t=366.0s rss=2661MB hwm=2661MB
RSS_SAMPLE t=366.2s rss=2662MB hwm=2662MB
RSS_SAMPLE t=366.5s rss=2662MB hwm=2662MB
RSS_SAMPLE t=366.7s rss=2662MB hwm=2662MB
RSS_SAMPLE t=367.0s rss=2662MB hwm=2662MB
RSS_SAMPLE t=367.2s rss=2662MB hwm=2662MB
RSS_SAMPLE t=367.5s rss=2662MB hwm=2662MB
RSS_SAMPLE t=367.7s rss=2662MB hwm=2662MB
RSS_SAMPLE t=368.0s rss=2662MB hwm=2662MB
RSS_SAMPLE t=368.2s rss=2662MB hwm=2662MB
RSS_SAMPLE t=368.5s rss=2662MB hwm=2662MB
RSS_SAMPLE t=368.7s rss=2662MB hwm=2662MB
RSS_SAMPLE t=369.0s rss=2662MB hwm=2662MB
RSS_SAMPLE t=369.2s rss=2662MB hwm=2662MB
RSS_SAMPLE t=369.5s rss=2662MB hwm=2662MB
RSS_SAMPLE t=369.7s rss=2662MB hwm=2662MB
RSS_SAMPLE t=370.0s rss=2662MB hwm=2662MB
RSS_SAMPLE t=370.2s rss=2663MB hwm=2663MB
RSS_SAMPLE t=370.5s rss=2663MB hwm=2663MB
RSS_SAMPLE t=370.7s rss=2663MB hwm=2663MB
RSS_SAMPLE t=371.0s rss=2664MB hwm=2664MB
RSS_SAMPLE t=371.2s rss=2664MB hwm=2664MB
RSS_SAMPLE t=371.5s rss=2665MB hwm=2665MB
RSS_SAMPLE t=371.7s rss=2666MB hwm=2666MB
RSS_SAMPLE t=372.0s rss=2667MB hwm=2667MB
RSS_SAMPLE t=372.2s rss=2667MB hwm=2667MB
RSS_SAMPLE t=372.5s rss=2668MB hwm=2668MB
RSS_SAMPLE t=372.7s rss=2668MB hwm=2668MB
RSS_SAMPLE t=373.0s rss=2668MB hwm=2668MB
RSS_SAMPLE t=373.2s rss=2668MB hwm=2668MB
RSS_SAMPLE t=373.5s rss=2668MB hwm=2668MB
RSS_SAMPLE t=373.7s rss=2669MB hwm=2669MB
RSS_SAMPLE t=374.0s rss=2669MB hwm=2669MB
RSS_SAMPLE t=374.2s rss=2669MB hwm=2669MB
RSS_SAMPLE t=374.5s rss=2670MB hwm=2670MB
RSS_SAMPLE t=374.7s rss=2670MB hwm=2670MB
RSS_SAMPLE t=375.0s rss=2671MB hwm=2671MB
RSS_SAMPLE t=375.2s rss=2671MB hwm=2671MB
RSS_SAMPLE t=375.5s rss=2671MB hwm=2671MB
RSS_SAMPLE t=375.7s rss=2672MB hwm=2672MB
RSS_SAMPLE t=376.0s rss=2672MB hwm=2672MB
RSS_SAMPLE t=376.2s rss=2673MB hwm=2673MB
RSS_SAMPLE t=376.5s rss=2673MB hwm=2673MB
RSS_SAMPLE t=376.7s rss=2674MB hwm=2674MB
RSS_SAMPLE t=377.0s rss=2674MB hwm=2674MB
RSS_SAMPLE t=377.2s rss=2674MB hwm=2674MB
RSS_SAMPLE t=377.5s rss=2675MB hwm=2675MB
RSS_SAMPLE t=377.7s rss=2675MB hwm=2675MB
RSS_SAMPLE t=378.0s rss=2676MB hwm=2676MB
RSS_SAMPLE t=378.2s rss=2676MB hwm=2676MB
RSS_SAMPLE t=378.5s rss=2677MB hwm=2677MB
RSS_SAMPLE t=378.7s rss=2677MB hwm=2677MB
RSS_SAMPLE t=379.0s rss=2677MB hwm=2677MB
RSS_SAMPLE t=379.2s rss=2677MB hwm=2677MB
RSS_SAMPLE t=379.5s rss=2677MB hwm=2677MB
RSS_SAMPLE t=379.7s rss=2677MB hwm=2677MB
RSS_SAMPLE t=380.0s rss=2677MB hwm=2677MB
RSS_SAMPLE t=380.2s rss=2677MB hwm=2677MB
RSS_SAMPLE t=380.5s rss=2677MB hwm=2677MB
RSS_SAMPLE t=380.7s rss=2677MB hwm=2677MB
RSS_SAMPLE t=381.0s rss=2677MB hwm=2677MB
RSS_SAMPLE t=381.2s rss=2677MB hwm=2677MB
RSS_SAMPLE t=381.5s rss=2677MB hwm=2677MB
RSS_SAMPLE t=381.7s rss=2677MB hwm=2677MB
RSS_SAMPLE t=382.0s rss=2677MB hwm=2677MB
RSS_SAMPLE t=382.2s rss=2677MB hwm=2677MB
RSS_SAMPLE t=382.5s rss=2677MB hwm=2677MB
RSS_SAMPLE t=382.7s rss=2677MB hwm=2677MB
RSS_SAMPLE t=383.0s rss=2678MB hwm=2678MB
RSS_SAMPLE t=383.2s rss=2678MB hwm=2678MB
RSS_SAMPLE t=383.5s rss=2678MB hwm=2678MB
RSS_SAMPLE t=383.7s rss=2678MB hwm=2678MB
RSS_SAMPLE t=384.0s rss=2678MB hwm=2678MB
RSS_SAMPLE t=384.2s rss=2678MB hwm=2678MB
RSS_SAMPLE t=384.5s rss=2678MB hwm=2678MB
RSS_SAMPLE t=384.7s rss=2678MB hwm=2678MB
RSS_SAMPLE t=385.0s rss=2678MB hwm=2678MB
RSS_SAMPLE t=385.2s rss=2678MB hwm=2678MB
RSS_SAMPLE t=385.5s rss=2678MB hwm=2678MB
RSS_SAMPLE t=385.7s rss=2678MB hwm=2678MB
RSS_SAMPLE t=386.0s rss=2678MB hwm=2678MB
RSS_SAMPLE t=386.2s rss=2678MB hwm=2678MB
RSS_SAMPLE t=386.5s rss=2678MB hwm=2678MB
RSS_SAMPLE t=386.7s rss=2678MB hwm=2678MB
RSS_SAMPLE t=387.0s rss=2678MB hwm=2678MB
RSS_SAMPLE t=387.2s rss=2678MB hwm=2678MB
RSS_SAMPLE t=387.5s rss=2678MB hwm=2678MB
RSS_SAMPLE t=387.7s rss=2678MB hwm=2678MB
RSS_SAMPLE t=388.0s rss=2678MB hwm=2678MB
RSS_SAMPLE t=388.2s rss=2678MB hwm=2678MB
RSS_SAMPLE t=388.5s rss=2678MB hwm=2678MB
RSS_SAMPLE t=388.7s rss=2678MB hwm=2678MB
RSS_SAMPLE t=389.0s rss=2678MB hwm=2678MB
RSS_SAMPLE t=389.2s rss=2678MB hwm=2678MB
RSS_SAMPLE t=389.5s rss=2678MB hwm=2678MB
RSS_SAMPLE t=389.7s rss=2678MB hwm=2678MB
RSS_SAMPLE t=390.0s rss=2678MB hwm=2678MB
RSS_SAMPLE t=390.2s rss=2678MB hwm=2678MB
RSS_SAMPLE t=390.5s rss=2678MB hwm=2678MB
RSS_SAMPLE t=390.7s rss=2678MB hwm=2678MB
RSS_SAMPLE t=391.0s rss=2678MB hwm=2678MB
RSS_SAMPLE t=391.2s rss=2678MB hwm=2678MB
RSS_SAMPLE t=391.5s rss=2678MB hwm=2678MB
RSS_SAMPLE t=391.7s rss=2678MB hwm=2678MB
RSS_SAMPLE t=392.0s rss=2678MB hwm=2678MB
RSS_SAMPLE t=392.2s rss=2678MB hwm=2678MB
RSS_SAMPLE t=392.5s rss=2678MB hwm=2678MB
RSS_SAMPLE t=392.7s rss=2678MB hwm=2678MB
RSS_SAMPLE t=393.0s rss=2678MB hwm=2678MB
RSS_SAMPLE t=393.2s rss=2678MB hwm=2678MB
RSS_SAMPLE t=393.5s rss=2678MB hwm=2678MB
RSS_SAMPLE t=393.7s rss=2678MB hwm=2678MB
RSS_SAMPLE t=394.0s rss=2678MB hwm=2678MB
RSS_SAMPLE t=394.2s rss=2678MB hwm=2678MB
RSS_SAMPLE t=394.5s rss=2678MB hwm=2678MB
RSS_SAMPLE t=394.7s rss=2678MB hwm=2678MB
RSS_SAMPLE t=395.0s rss=2678MB hwm=2678MB
RSS_SAMPLE t=395.2s rss=2678MB hwm=2678MB
RSS_SAMPLE t=395.5s rss=2678MB hwm=2678MB
RSS_SAMPLE t=395.7s rss=2678MB hwm=2678MB
RSS_SAMPLE t=396.0s rss=2678MB hwm=2678MB
RSS_SAMPLE t=396.2s rss=2678MB hwm=2678MB
RSS_SAMPLE t=396.5s rss=2678MB hwm=2678MB
RSS_SAMPLE t=396.7s rss=2678MB hwm=2678MB
RSS_SAMPLE t=397.0s rss=2678MB hwm=2678MB
RSS_SAMPLE t=397.2s rss=2678MB hwm=2678MB
RSS_SAMPLE t=397.5s rss=2678MB hwm=2678MB
RSS_SAMPLE t=397.7s rss=2678MB hwm=2678MB
RSS_SAMPLE t=398.0s rss=2678MB hwm=2678MB
RSS_SAMPLE t=398.2s rss=2679MB hwm=2679MB
RSS_SAMPLE t=398.5s rss=2679MB hwm=2679MB
RSS_SAMPLE t=398.7s rss=2679MB hwm=2679MB
RSS_SAMPLE t=399.0s rss=2679MB hwm=2679MB
RSS_SAMPLE t=399.2s rss=2679MB hwm=2679MB
RSS_SAMPLE t=399.5s rss=2679MB hwm=2679MB
RSS_SAMPLE t=399.7s rss=2679MB hwm=2679MB
RSS_SAMPLE t=400.0s rss=2679MB hwm=2679MB
RSS_SAMPLE t=400.2s rss=2679MB hwm=2679MB
RSS_SAMPLE t=400.5s rss=2679MB hwm=2679MB
RSS_SAMPLE t=400.7s rss=2679MB hwm=2679MB
RSS_SAMPLE t=401.0s rss=2679MB hwm=2679MB
RSS_SAMPLE t=401.2s rss=2679MB hwm=2679MB
RSS_SAMPLE t=401.5s rss=2679MB hwm=2679MB
RSS_SAMPLE t=401.7s rss=2679MB hwm=2679MB
RSS_SAMPLE t=402.0s rss=2679MB hwm=2679MB
RSS_SAMPLE t=402.2s rss=2679MB hwm=2679MB
RSS_SAMPLE t=402.5s rss=2679MB hwm=2679MB
RSS_SAMPLE t=402.7s rss=2679MB hwm=2679MB
RSS_SAMPLE t=403.0s rss=2679MB hwm=2679MB
RSS_SAMPLE t=403.2s rss=2680MB hwm=2680MB
RSS_SAMPLE t=403.5s rss=2680MB hwm=2680MB
RSS_SAMPLE t=403.7s rss=2680MB hwm=2680MB
RSS_SAMPLE t=404.0s rss=2680MB hwm=2680MB
RSS_SAMPLE t=404.2s rss=2680MB hwm=2680MB
RSS_SAMPLE t=404.5s rss=2680MB hwm=2680MB
RSS_SAMPLE t=404.7s rss=2680MB hwm=2680MB
RSS_SAMPLE t=405.0s rss=2680MB hwm=2680MB
RSS_SAMPLE t=405.2s rss=2680MB hwm=2680MB
RSS_SAMPLE t=405.5s rss=2680MB hwm=2680MB
RSS_SAMPLE t=405.7s rss=2680MB hwm=2680MB
RSS_SAMPLE t=406.0s rss=2680MB hwm=2680MB
RSS_SAMPLE t=406.2s rss=2680MB hwm=2680MB
RSS_SAMPLE t=406.5s rss=2680MB hwm=2680MB
RSS_SAMPLE t=406.7s rss=2680MB hwm=2680MB
RSS_SAMPLE t=407.0s rss=2680MB hwm=2680MB
RSS_SAMPLE t=407.2s rss=2680MB hwm=2680MB
RSS_SAMPLE t=407.5s rss=2680MB hwm=2680MB
RSS_SAMPLE t=407.7s rss=2680MB hwm=2680MB
RSS_SAMPLE t=408.0s rss=2681MB hwm=2681MB
RSS_SAMPLE t=408.2s rss=2681MB hwm=2681MB
RSS_SAMPLE t=408.5s rss=2681MB hwm=2681MB
RSS_SAMPLE t=408.7s rss=2681MB hwm=2681MB
RSS_SAMPLE t=409.0s rss=2681MB hwm=2681MB
RSS_SAMPLE t=409.2s rss=2681MB hwm=2681MB
RSS_SAMPLE t=409.5s rss=2681MB hwm=2681MB
RSS_SAMPLE t=409.7s rss=2681MB hwm=2681MB
RSS_SAMPLE t=410.0s rss=2681MB hwm=2681MB
RSS_SAMPLE t=410.2s rss=2681MB hwm=2681MB
RSS_SAMPLE t=410.5s rss=2681MB hwm=2681MB
RSS_SAMPLE t=410.7s rss=2681MB hwm=2681MB
RSS_SAMPLE t=411.0s rss=2681MB hwm=2681MB
RSS_SAMPLE t=411.2s rss=2681MB hwm=2681MB
RSS_SAMPLE t=411.5s rss=2681MB hwm=2681MB
RSS_SAMPLE t=411.7s rss=2681MB hwm=2681MB
RSS_SAMPLE t=412.0s rss=2681MB hwm=2681MB
RSS_SAMPLE t=412.2s rss=2681MB hwm=2681MB
RSS_SAMPLE t=412.5s rss=2681MB hwm=2681MB
RSS_SAMPLE t=412.7s rss=2681MB hwm=2681MB
RSS_SAMPLE t=413.0s rss=2681MB hwm=2681MB
RSS_SAMPLE t=413.2s rss=2682MB hwm=2682MB
RSS_SAMPLE t=413.5s rss=2682MB hwm=2682MB
RSS_SAMPLE t=413.7s rss=2682MB hwm=2682MB
RSS_SAMPLE t=414.0s rss=2682MB hwm=2682MB
RSS_SAMPLE t=414.2s rss=2682MB hwm=2682MB
RSS_SAMPLE t=414.5s rss=2682MB hwm=2682MB
RSS_SAMPLE t=414.7s rss=2682MB hwm=2682MB
RSS_SAMPLE t=415.0s rss=2682MB hwm=2682MB
RSS_SAMPLE t=415.2s rss=2682MB hwm=2682MB
RSS_SAMPLE t=415.5s rss=2682MB hwm=2682MB
RSS_SAMPLE t=415.7s rss=2682MB hwm=2682MB
RSS_SAMPLE t=416.0s rss=2682MB hwm=2682MB
RSS_SAMPLE t=416.2s rss=2682MB hwm=2682MB
RSS_SAMPLE t=416.5s rss=2682MB hwm=2682MB
RSS_SAMPLE t=416.7s rss=2682MB hwm=2682MB
RSS_SAMPLE t=417.0s rss=2682MB hwm=2682MB
RSS_SAMPLE t=417.2s rss=2682MB hwm=2682MB
RSS_SAMPLE t=417.5s rss=2682MB hwm=2682MB
RSS_SAMPLE t=417.7s rss=2682MB hwm=2682MB
RSS_SAMPLE t=418.0s rss=2682MB hwm=2682MB
RSS_SAMPLE t=418.2s rss=2683MB hwm=2683MB
RSS_SAMPLE t=418.5s rss=2683MB hwm=2683MB
RSS_SAMPLE t=418.7s rss=2683MB hwm=2683MB
RSS_SAMPLE t=419.0s rss=2683MB hwm=2683MB
RSS_SAMPLE t=419.3s rss=2683MB hwm=2683MB
RSS_SAMPLE t=419.5s rss=2683MB hwm=2683MB
RSS_SAMPLE t=419.8s rss=2683MB hwm=2683MB
RSS_SAMPLE t=420.0s rss=2683MB hwm=2683MB
RSS_SAMPLE t=420.3s rss=2683MB hwm=2683MB
RSS_SAMPLE t=420.5s rss=2683MB hwm=2683MB
RSS_SAMPLE t=420.8s rss=2683MB hwm=2683MB
RSS_SAMPLE t=421.0s rss=2684MB hwm=2684MB
RSS_SAMPLE t=421.3s rss=2684MB hwm=2684MB
RSS_SAMPLE t=421.5s rss=2684MB hwm=2684MB
RSS_SAMPLE t=421.8s rss=2684MB hwm=2684MB
RSS_SAMPLE t=422.0s rss=2684MB hwm=2684MB
RSS_SAMPLE t=422.3s rss=2684MB hwm=2684MB
RSS_SAMPLE t=422.5s rss=2684MB hwm=2684MB
RSS_SAMPLE t=422.8s rss=2684MB hwm=2684MB
RSS_SAMPLE t=423.0s rss=2684MB hwm=2684MB
RSS_SAMPLE t=423.3s rss=2684MB hwm=2684MB
RSS_SAMPLE t=423.5s rss=2684MB hwm=2684MB
RSS_SAMPLE t=423.8s rss=2684MB hwm=2684MB
RSS_SAMPLE t=424.0s rss=2684MB hwm=2684MB
RSS_SAMPLE t=424.3s rss=2684MB hwm=2684MB
RSS_SAMPLE t=424.5s rss=2684MB hwm=2684MB
RSS_SAMPLE t=424.8s rss=2684MB hwm=2684MB
RSS_SAMPLE t=425.0s rss=2684MB hwm=2684MB
MEM_POOL: workspaces=8 dense_usage_mb=313 n_pipes=2562403
    rss_probe[outer=1]: pre_post_solve=2571MB post_post_solve=2703MB after_apply=2703MB
RSS_SAMPLE t=425.3s rss=2703MB hwm=2703MB
MuxSlotTracker[sweep 1 LEAK]: populated_cells=65434, overflow_tiles=1, at_cap_tiles=758, peak_excess=5, capacity_hist={16:67346}
    E_decomp: base=8631665.2 eff=63667506424117.7 cong=63667497792452.5 cong_share=100.0% sat_pipes=120120 max_util=2451.71  R_buckets: 1-2x=133708 2-10x=1774 10-100x=564 >=100x=2426357
    E_potential: beckmann=7549982831768596.0 history_total=0.0
    SpanCache: epoch=2 entries=2503 lookups=2562403 hits=2559900 misses=2503 hit_rate=99.9%
  DCD   1: nets=105117 line=16401909 energy=6082956621.400 dE=+6080628142.899 friction=257223204.1 bins=2.1x(1025) excess=398.6 moved=65162 disp=11.097 solves=105117 skip=105117 pops=857900994 theta=0.293 refresh=96213ms dcd=6636ms total=105280ms
    cache_stats: entries=50631014 capacity=88468484 est_mb=764 rss_mb=2705
RSS_SAMPLE t=425.5s rss=2705MB hwm=2705MB
RSS_SAMPLE t=425.8s rss=2705MB hwm=2705MB
RSS_SAMPLE t=426.0s rss=2705MB hwm=2705MB
RSS_SAMPLE t=426.3s rss=2705MB hwm=2705MB
RSS_SAMPLE t=426.5s rss=2705MB hwm=2705MB
RSS_SAMPLE t=426.8s rss=2705MB hwm=2705MB
RSS_SAMPLE t=427.0s rss=2705MB hwm=2705MB
RSS_SAMPLE t=427.3s rss=2705MB hwm=2705MB
RSS_SAMPLE t=427.5s rss=2705MB hwm=2705MB
RSS_SAMPLE t=427.8s rss=2705MB hwm=2705MB
    SwitchMatrix: type_usage_pairs=1355 lookups=3230 hits=1875 dijkstra_calls=1355 avg_us=8.8 total_ms=11.9
PHASE_MARK outer=2 enter=pre_solve rss=2705MB
    rss_probe[outer=2]: pre_refresh_rss=2705MB post_pre_solve_rss=2723MB cache_entries=50631014 cache_cap=88468484 cache_est_mb=764
    pre_solve_diag[outer=2]: solves=0 fallback=0 (0.0%) cap_armed=0 (0.0%) settle_avg=0 settle_max=0 init_count=59
    Overflow: over=108541 (4.2% of used) avg_excess=11.18 max_excess=3124.47 (nc=3148.47 cap=24 span=1)  excess_buckets: <=1=37664 1-5=50872 5-20=15390 >20=4615  by_cap: cap1=28563 cap2=72711 cap3-5=27 cap>5=7240  by_span: s1=699 s2-3=1548 s4-6=4519 s7-12=73010 s>12=28765  le1_cross: cap1=22223 cap2-5=13949 cap>5=1492
    Congestion: pipes=2562403 used=2562403 congested(>50%)=215802 saturated(>90%)=120120 max_util=2451.71 avg_util=0.3241
PHASE_MARK outer=2 enter=dcd_sweep rss=2723MB
RSS_SAMPLE t=428.0s rss=2723MB hwm=2723MB
RSS_SAMPLE t=428.3s rss=2723MB hwm=2723MB
RSS_SAMPLE t=428.5s rss=2723MB hwm=2723MB
RSS_SAMPLE t=428.8s rss=2723MB hwm=2723MB
RSS_SAMPLE t=429.0s rss=2723MB hwm=2723MB
RSS_SAMPLE t=429.3s rss=2723MB hwm=2723MB
RSS_SAMPLE t=429.5s rss=2723MB hwm=2723MB
RSS_SAMPLE t=429.8s rss=2723MB hwm=2723MB
RSS_SAMPLE t=430.0s rss=2723MB hwm=2723MB
RSS_SAMPLE t=430.3s rss=2723MB hwm=2723MB
RSS_SAMPLE t=430.5s rss=2723MB hwm=2723MB
RSS_SAMPLE t=430.8s rss=2723MB hwm=2723MB
RSS_SAMPLE t=431.0s rss=2723MB hwm=2723MB
RSS_SAMPLE t=431.3s rss=2723MB hwm=2723MB
RSS_SAMPLE t=431.5s rss=2723MB hwm=2723MB
RSS_SAMPLE t=431.8s rss=2723MB hwm=2723MB
RSS_SAMPLE t=432.0s rss=2723MB hwm=2723MB
RSS_SAMPLE t=432.3s rss=2723MB hwm=2723MB
RSS_SAMPLE t=432.5s rss=2723MB hwm=2723MB
RSS_SAMPLE t=432.8s rss=2723MB hwm=2723MB
RSS_SAMPLE t=433.0s rss=2723MB hwm=2723MB
RSS_SAMPLE t=433.3s rss=2723MB hwm=2723MB
RSS_SAMPLE t=433.5s rss=2723MB hwm=2723MB
RSS_SAMPLE t=433.8s rss=2723MB hwm=2723MB
RSS_SAMPLE t=434.0s rss=2723MB hwm=2723MB
RSS_SAMPLE t=434.3s rss=2723MB hwm=2723MB
PHASE_MARK outer=2 leave=dcd_sweep rss=2723MB
PHASE_MARK outer=2 enter=post_refresh rss=2723MB
RSS_SAMPLE t=434.5s rss=2725MB hwm=2725MB
RSS_SAMPLE t=434.8s rss=2725MB hwm=2725MB
RSS_SAMPLE t=435.0s rss=2725MB hwm=2725MB
RSS_SAMPLE t=435.3s rss=2725MB hwm=2725MB
RSS_SAMPLE t=435.5s rss=2725MB hwm=2725MB
RSS_SAMPLE t=435.8s rss=2725MB hwm=2725MB
RSS_SAMPLE t=436.0s rss=2725MB hwm=2725MB
RSS_SAMPLE t=436.3s rss=2725MB hwm=2725MB
RSS_SAMPLE t=436.5s rss=2725MB hwm=2725MB
RSS_SAMPLE t=436.8s rss=2725MB hwm=2725MB
RSS_SAMPLE t=437.0s rss=2725MB hwm=2725MB
RSS_SAMPLE t=437.3s rss=2725MB hwm=2725MB
RSS_SAMPLE t=437.5s rss=2725MB hwm=2725MB
RSS_SAMPLE t=437.8s rss=2725MB hwm=2725MB
RSS_SAMPLE t=438.0s rss=2725MB hwm=2725MB
RSS_SAMPLE t=438.3s rss=2725MB hwm=2725MB
RSS_SAMPLE t=438.5s rss=2725MB hwm=2725MB
RSS_SAMPLE t=438.8s rss=2726MB hwm=2726MB
RSS_SAMPLE t=439.0s rss=2726MB hwm=2726MB
RSS_SAMPLE t=439.3s rss=2726MB hwm=2726MB
RSS_SAMPLE t=439.5s rss=2726MB hwm=2726MB
RSS_SAMPLE t=439.8s rss=2726MB hwm=2726MB
RSS_SAMPLE t=440.0s rss=2727MB hwm=2727MB
RSS_SAMPLE t=440.3s rss=2727MB hwm=2727MB
RSS_SAMPLE t=440.5s rss=2727MB hwm=2727MB
RSS_SAMPLE t=440.8s rss=2728MB hwm=2728MB
RSS_SAMPLE t=441.0s rss=2728MB hwm=2728MB
RSS_SAMPLE t=441.3s rss=2728MB hwm=2728MB
RSS_SAMPLE t=441.5s rss=2728MB hwm=2728MB
RSS_SAMPLE t=441.8s rss=2729MB hwm=2729MB
RSS_SAMPLE t=442.0s rss=2729MB hwm=2729MB
RSS_SAMPLE t=442.3s rss=2729MB hwm=2729MB
RSS_SAMPLE t=442.5s rss=2729MB hwm=2729MB
RSS_SAMPLE t=442.8s rss=2730MB hwm=2730MB
RSS_SAMPLE t=443.0s rss=2730MB hwm=2730MB
RSS_SAMPLE t=443.3s rss=2730MB hwm=2730MB
RSS_SAMPLE t=443.5s rss=2731MB hwm=2731MB
RSS_SAMPLE t=443.8s rss=2731MB hwm=2731MB
RSS_SAMPLE t=444.0s rss=2731MB hwm=2731MB
RSS_SAMPLE t=444.3s rss=2731MB hwm=2731MB
RSS_SAMPLE t=444.5s rss=2732MB hwm=2732MB
RSS_SAMPLE t=444.8s rss=2732MB hwm=2732MB
RSS_SAMPLE t=445.0s rss=2733MB hwm=2733MB
RSS_SAMPLE t=445.3s rss=2733MB hwm=2733MB
RSS_SAMPLE t=445.5s rss=2734MB hwm=2734MB
RSS_SAMPLE t=445.8s rss=2734MB hwm=2734MB
RSS_SAMPLE t=446.0s rss=2734MB hwm=2734MB
RSS_SAMPLE t=446.3s rss=2734MB hwm=2734MB
RSS_SAMPLE t=446.5s rss=2735MB hwm=2735MB
RSS_SAMPLE t=446.8s rss=2735MB hwm=2735MB
RSS_SAMPLE t=447.0s rss=2736MB hwm=2736MB
RSS_SAMPLE t=447.3s rss=2736MB hwm=2736MB
RSS_SAMPLE t=447.5s rss=2736MB hwm=2736MB
RSS_SAMPLE t=447.8s rss=2737MB hwm=2737MB
RSS_SAMPLE t=448.0s rss=2737MB hwm=2737MB
RSS_SAMPLE t=448.3s rss=2737MB hwm=2737MB
RSS_SAMPLE t=448.5s rss=2738MB hwm=2738MB
RSS_SAMPLE t=448.8s rss=2738MB hwm=2738MB
RSS_SAMPLE t=449.0s rss=2738MB hwm=2738MB
RSS_SAMPLE t=449.3s rss=2738MB hwm=2738MB
RSS_SAMPLE t=449.5s rss=2738MB hwm=2738MB
RSS_SAMPLE t=449.8s rss=2738MB hwm=2738MB
RSS_SAMPLE t=450.0s rss=2738MB hwm=2738MB
RSS_SAMPLE t=450.3s rss=2738MB hwm=2738MB
RSS_SAMPLE t=450.5s rss=2738MB hwm=2738MB
RSS_SAMPLE t=450.8s rss=2738MB hwm=2738MB
RSS_SAMPLE t=451.0s rss=2738MB hwm=2738MB
RSS_SAMPLE t=451.3s rss=2738MB hwm=2738MB
RSS_SAMPLE t=451.5s rss=2738MB hwm=2738MB
RSS_SAMPLE t=451.8s rss=2738MB hwm=2738MB
RSS_SAMPLE t=452.0s rss=2738MB hwm=2738MB
RSS_SAMPLE t=452.3s rss=2738MB hwm=2738MB
RSS_SAMPLE t=452.5s rss=2738MB hwm=2738MB
RSS_SAMPLE t=452.8s rss=2738MB hwm=2738MB
RSS_SAMPLE t=453.0s rss=2738MB hwm=2738MB
RSS_SAMPLE t=453.3s rss=2738MB hwm=2738MB
RSS_SAMPLE t=453.5s rss=2738MB hwm=2738MB
RSS_SAMPLE t=453.8s rss=2738MB hwm=2738MB
RSS_SAMPLE t=454.0s rss=2738MB hwm=2738MB
RSS_SAMPLE t=454.3s rss=2738MB hwm=2738MB
RSS_SAMPLE t=454.5s rss=2738MB hwm=2738MB
RSS_SAMPLE t=454.8s rss=2738MB hwm=2738MB
RSS_SAMPLE t=455.0s rss=2738MB hwm=2738MB
RSS_SAMPLE t=455.3s rss=2738MB hwm=2738MB
RSS_SAMPLE t=455.5s rss=2738MB hwm=2738MB
RSS_SAMPLE t=455.8s rss=2738MB hwm=2738MB
RSS_SAMPLE t=456.0s rss=2738MB hwm=2738MB
RSS_SAMPLE t=456.3s rss=2739MB hwm=2739MB
RSS_SAMPLE t=456.5s rss=2739MB hwm=2739MB
RSS_SAMPLE t=456.8s rss=2739MB hwm=2739MB
RSS_SAMPLE t=457.0s rss=2739MB hwm=2739MB
RSS_SAMPLE t=457.3s rss=2739MB hwm=2739MB
RSS_SAMPLE t=457.5s rss=2739MB hwm=2739MB
RSS_SAMPLE t=457.8s rss=2739MB hwm=2739MB
RSS_SAMPLE t=458.0s rss=2739MB hwm=2739MB
RSS_SAMPLE t=458.3s rss=2739MB hwm=2739MB
RSS_SAMPLE t=458.5s rss=2739MB hwm=2739MB
RSS_SAMPLE t=458.8s rss=2739MB hwm=2739MB
RSS_SAMPLE t=459.0s rss=2739MB hwm=2739MB
RSS_SAMPLE t=459.3s rss=2739MB hwm=2739MB
RSS_SAMPLE t=459.5s rss=2739MB hwm=2739MB
RSS_SAMPLE t=459.8s rss=2739MB hwm=2739MB
RSS_SAMPLE t=460.0s rss=2739MB hwm=2739MB
RSS_SAMPLE t=460.3s rss=2739MB hwm=2739MB
RSS_SAMPLE t=460.5s rss=2739MB hwm=2739MB
RSS_SAMPLE t=460.8s rss=2739MB hwm=2739MB
RSS_SAMPLE t=461.0s rss=2739MB hwm=2739MB
RSS_SAMPLE t=461.3s rss=2739MB hwm=2739MB
RSS_SAMPLE t=461.5s rss=2739MB hwm=2739MB
RSS_SAMPLE t=461.8s rss=2739MB hwm=2739MB
RSS_SAMPLE t=462.0s rss=2739MB hwm=2739MB
RSS_SAMPLE t=462.3s rss=2739MB hwm=2739MB
RSS_SAMPLE t=462.5s rss=2739MB hwm=2739MB
RSS_SAMPLE t=462.8s rss=2739MB hwm=2739MB
RSS_SAMPLE t=463.0s rss=2739MB hwm=2739MB
RSS_SAMPLE t=463.3s rss=2739MB hwm=2739MB
RSS_SAMPLE t=463.5s rss=2739MB hwm=2739MB
RSS_SAMPLE t=463.8s rss=2739MB hwm=2739MB
RSS_SAMPLE t=464.0s rss=2739MB hwm=2739MB
RSS_SAMPLE t=464.3s rss=2739MB hwm=2739MB
RSS_SAMPLE t=464.5s rss=2739MB hwm=2739MB
RSS_SAMPLE t=464.8s rss=2739MB hwm=2739MB
RSS_SAMPLE t=465.0s rss=2739MB hwm=2739MB
RSS_SAMPLE t=465.3s rss=2739MB hwm=2739MB
RSS_SAMPLE t=465.5s rss=2739MB hwm=2739MB
RSS_SAMPLE t=465.8s rss=2739MB hwm=2739MB
RSS_SAMPLE t=466.0s rss=2739MB hwm=2739MB
RSS_SAMPLE t=466.3s rss=2739MB hwm=2739MB
RSS_SAMPLE t=466.5s rss=2739MB hwm=2739MB
RSS_SAMPLE t=466.8s rss=2739MB hwm=2739MB
RSS_SAMPLE t=467.0s rss=2739MB hwm=2739MB
RSS_SAMPLE t=467.3s rss=2739MB hwm=2739MB
RSS_SAMPLE t=467.5s rss=2739MB hwm=2739MB
RSS_SAMPLE t=467.8s rss=2739MB hwm=2739MB
RSS_SAMPLE t=468.0s rss=2740MB hwm=2740MB
RSS_SAMPLE t=468.3s rss=2740MB hwm=2740MB
RSS_SAMPLE t=468.5s rss=2740MB hwm=2740MB
RSS_SAMPLE t=468.8s rss=2740MB hwm=2740MB
RSS_SAMPLE t=469.0s rss=2740MB hwm=2740MB
RSS_SAMPLE t=469.3s rss=2740MB hwm=2740MB
RSS_SAMPLE t=469.5s rss=2740MB hwm=2740MB
RSS_SAMPLE t=469.8s rss=2740MB hwm=2740MB
RSS_SAMPLE t=470.0s rss=2740MB hwm=2740MB
RSS_SAMPLE t=470.3s rss=2740MB hwm=2740MB
RSS_SAMPLE t=470.5s rss=2740MB hwm=2740MB
RSS_SAMPLE t=470.8s rss=2740MB hwm=2740MB
RSS_SAMPLE t=471.0s rss=2740MB hwm=2740MB
RSS_SAMPLE t=471.3s rss=2740MB hwm=2740MB
RSS_SAMPLE t=471.5s rss=2740MB hwm=2740MB
RSS_SAMPLE t=471.8s rss=2740MB hwm=2740MB
RSS_SAMPLE t=472.0s rss=2740MB hwm=2740MB
RSS_SAMPLE t=472.3s rss=2740MB hwm=2740MB
RSS_SAMPLE t=472.5s rss=2740MB hwm=2740MB
RSS_SAMPLE t=472.8s rss=2740MB hwm=2740MB
RSS_SAMPLE t=473.0s rss=2740MB hwm=2740MB
RSS_SAMPLE t=473.3s rss=2740MB hwm=2740MB
RSS_SAMPLE t=473.5s rss=2740MB hwm=2740MB
RSS_SAMPLE t=473.8s rss=2740MB hwm=2740MB
RSS_SAMPLE t=474.0s rss=2740MB hwm=2740MB
RSS_SAMPLE t=474.3s rss=2740MB hwm=2740MB
RSS_SAMPLE t=474.5s rss=2740MB hwm=2740MB
RSS_SAMPLE t=474.8s rss=2740MB hwm=2740MB
RSS_SAMPLE t=475.0s rss=2740MB hwm=2740MB
RSS_SAMPLE t=475.3s rss=2740MB hwm=2740MB
RSS_SAMPLE t=475.5s rss=2740MB hwm=2740MB
RSS_SAMPLE t=475.8s rss=2740MB hwm=2740MB
RSS_SAMPLE t=476.0s rss=2740MB hwm=2740MB
RSS_SAMPLE t=476.3s rss=2740MB hwm=2740MB
RSS_SAMPLE t=476.5s rss=2740MB hwm=2740MB
RSS_SAMPLE t=476.8s rss=2740MB hwm=2740MB
RSS_SAMPLE t=477.0s rss=2740MB hwm=2740MB
RSS_SAMPLE t=477.3s rss=2740MB hwm=2740MB
RSS_SAMPLE t=477.5s rss=2740MB hwm=2740MB
RSS_SAMPLE t=477.8s rss=2740MB hwm=2740MB
RSS_SAMPLE t=478.0s rss=2740MB hwm=2740MB
RSS_SAMPLE t=478.3s rss=2740MB hwm=2740MB
RSS_SAMPLE t=478.5s rss=2741MB hwm=2741MB
RSS_SAMPLE t=478.8s rss=2741MB hwm=2741MB
RSS_SAMPLE t=479.0s rss=2741MB hwm=2741MB
RSS_SAMPLE t=479.3s rss=2741MB hwm=2741MB
RSS_SAMPLE t=479.5s rss=2741MB hwm=2741MB
RSS_SAMPLE t=479.8s rss=2741MB hwm=2741MB
RSS_SAMPLE t=480.0s rss=2741MB hwm=2741MB
RSS_SAMPLE t=480.3s rss=2741MB hwm=2741MB
RSS_SAMPLE t=480.5s rss=2741MB hwm=2741MB
RSS_SAMPLE t=480.8s rss=2741MB hwm=2741MB
RSS_SAMPLE t=481.0s rss=2741MB hwm=2741MB
RSS_SAMPLE t=481.3s rss=2741MB hwm=2741MB
RSS_SAMPLE t=481.5s rss=2741MB hwm=2741MB
RSS_SAMPLE t=481.8s rss=2741MB hwm=2741MB
RSS_SAMPLE t=482.0s rss=2741MB hwm=2741MB
RSS_SAMPLE t=482.3s rss=2741MB hwm=2741MB
RSS_SAMPLE t=482.5s rss=2741MB hwm=2741MB
RSS_SAMPLE t=482.8s rss=2741MB hwm=2741MB
RSS_SAMPLE t=483.0s rss=2741MB hwm=2741MB
RSS_SAMPLE t=483.3s rss=2741MB hwm=2741MB
RSS_SAMPLE t=483.5s rss=2741MB hwm=2741MB
RSS_SAMPLE t=483.8s rss=2741MB hwm=2741MB
RSS_SAMPLE t=484.0s rss=2741MB hwm=2741MB
RSS_SAMPLE t=484.3s rss=2741MB hwm=2741MB
RSS_SAMPLE t=484.5s rss=2741MB hwm=2741MB
RSS_SAMPLE t=484.8s rss=2741MB hwm=2741MB
RSS_SAMPLE t=485.0s rss=2741MB hwm=2741MB
RSS_SAMPLE t=485.3s rss=2741MB hwm=2741MB
RSS_SAMPLE t=485.5s rss=2741MB hwm=2741MB
RSS_SAMPLE t=485.8s rss=2741MB hwm=2741MB
RSS_SAMPLE t=486.0s rss=2741MB hwm=2741MB
RSS_SAMPLE t=486.3s rss=2741MB hwm=2741MB
RSS_SAMPLE t=486.5s rss=2741MB hwm=2741MB
RSS_SAMPLE t=486.8s rss=2741MB hwm=2741MB
RSS_SAMPLE t=487.0s rss=2741MB hwm=2741MB
RSS_SAMPLE t=487.3s rss=2741MB hwm=2741MB
RSS_SAMPLE t=487.5s rss=2741MB hwm=2741MB
RSS_SAMPLE t=487.8s rss=2741MB hwm=2741MB
RSS_SAMPLE t=488.0s rss=2741MB hwm=2741MB
RSS_SAMPLE t=488.3s rss=2741MB hwm=2741MB
RSS_SAMPLE t=488.5s rss=2741MB hwm=2741MB
RSS_SAMPLE t=488.8s rss=2741MB hwm=2741MB
RSS_SAMPLE t=489.0s rss=2741MB hwm=2741MB
RSS_SAMPLE t=489.3s rss=2741MB hwm=2741MB
RSS_SAMPLE t=489.5s rss=2741MB hwm=2741MB
RSS_SAMPLE t=489.8s rss=2741MB hwm=2741MB
RSS_SAMPLE t=490.0s rss=2741MB hwm=2741MB
RSS_SAMPLE t=490.3s rss=2741MB hwm=2741MB
RSS_SAMPLE t=490.5s rss=2741MB hwm=2741MB
RSS_SAMPLE t=490.8s rss=2741MB hwm=2741MB
RSS_SAMPLE t=491.0s rss=2741MB hwm=2741MB
RSS_SAMPLE t=491.3s rss=2741MB hwm=2741MB
RSS_SAMPLE t=491.5s rss=2741MB hwm=2741MB
RSS_SAMPLE t=491.8s rss=2741MB hwm=2741MB
RSS_SAMPLE t=492.0s rss=2741MB hwm=2741MB
RSS_SAMPLE t=492.3s rss=2741MB hwm=2741MB
RSS_SAMPLE t=492.5s rss=2741MB hwm=2741MB
RSS_SAMPLE t=492.8s rss=2741MB hwm=2741MB
RSS_SAMPLE t=493.0s rss=2741MB hwm=2741MB
RSS_SAMPLE t=493.3s rss=2741MB hwm=2741MB
RSS_SAMPLE t=493.5s rss=2741MB hwm=2741MB
RSS_SAMPLE t=493.8s rss=2741MB hwm=2741MB
RSS_SAMPLE t=494.0s rss=2742MB hwm=2742MB
RSS_SAMPLE t=494.3s rss=2742MB hwm=2742MB
RSS_SAMPLE t=494.5s rss=2742MB hwm=2742MB
RSS_SAMPLE t=494.8s rss=2742MB hwm=2742MB
RSS_SAMPLE t=495.0s rss=2742MB hwm=2742MB
RSS_SAMPLE t=495.3s rss=2742MB hwm=2742MB
RSS_SAMPLE t=495.5s rss=2742MB hwm=2742MB
RSS_SAMPLE t=495.8s rss=2742MB hwm=2742MB
RSS_SAMPLE t=496.0s rss=2742MB hwm=2742MB
RSS_SAMPLE t=496.3s rss=2742MB hwm=2742MB
RSS_SAMPLE t=496.5s rss=2742MB hwm=2742MB
RSS_SAMPLE t=496.8s rss=2742MB hwm=2742MB
RSS_SAMPLE t=497.0s rss=2742MB hwm=2742MB
RSS_SAMPLE t=497.3s rss=2742MB hwm=2742MB
RSS_SAMPLE t=497.5s rss=2742MB hwm=2742MB
RSS_SAMPLE t=497.8s rss=2742MB hwm=2742MB
RSS_SAMPLE t=498.0s rss=2742MB hwm=2742MB
RSS_SAMPLE t=498.3s rss=2742MB hwm=2742MB
RSS_SAMPLE t=498.5s rss=2742MB hwm=2742MB
RSS_SAMPLE t=498.8s rss=2742MB hwm=2742MB
RSS_SAMPLE t=499.0s rss=2742MB hwm=2742MB
RSS_SAMPLE t=499.3s rss=2742MB hwm=2742MB
RSS_SAMPLE t=499.5s rss=2742MB hwm=2742MB
RSS_SAMPLE t=499.8s rss=2742MB hwm=2742MB
RSS_SAMPLE t=500.0s rss=2742MB hwm=2742MB
RSS_SAMPLE t=500.3s rss=2742MB hwm=2742MB
RSS_SAMPLE t=500.5s rss=2742MB hwm=2742MB
RSS_SAMPLE t=500.8s rss=2742MB hwm=2742MB
RSS_SAMPLE t=501.0s rss=2742MB hwm=2742MB
RSS_SAMPLE t=501.3s rss=2742MB hwm=2742MB
RSS_SAMPLE t=501.5s rss=2742MB hwm=2742MB
RSS_SAMPLE t=501.8s rss=2742MB hwm=2742MB
RSS_SAMPLE t=502.0s rss=2742MB hwm=2742MB
RSS_SAMPLE t=502.3s rss=2742MB hwm=2742MB
RSS_SAMPLE t=502.6s rss=2742MB hwm=2742MB
RSS_SAMPLE t=502.8s rss=2742MB hwm=2742MB
RSS_SAMPLE t=503.1s rss=2742MB hwm=2742MB
RSS_SAMPLE t=503.3s rss=2742MB hwm=2742MB
RSS_SAMPLE t=503.6s rss=2742MB hwm=2742MB
RSS_SAMPLE t=503.8s rss=2742MB hwm=2742MB
RSS_SAMPLE t=504.1s rss=2742MB hwm=2742MB
RSS_SAMPLE t=504.3s rss=2742MB hwm=2742MB
RSS_SAMPLE t=504.6s rss=2742MB hwm=2742MB
RSS_SAMPLE t=504.8s rss=2742MB hwm=2742MB
RSS_SAMPLE t=505.1s rss=2742MB hwm=2742MB
RSS_SAMPLE t=505.3s rss=2742MB hwm=2742MB
RSS_SAMPLE t=505.6s rss=2742MB hwm=2742MB
RSS_SAMPLE t=505.8s rss=2742MB hwm=2742MB
RSS_SAMPLE t=506.1s rss=2742MB hwm=2742MB
RSS_SAMPLE t=506.3s rss=2742MB hwm=2742MB
RSS_SAMPLE t=506.6s rss=2742MB hwm=2742MB
RSS_SAMPLE t=506.8s rss=2742MB hwm=2742MB
RSS_SAMPLE t=507.1s rss=2742MB hwm=2742MB
RSS_SAMPLE t=507.3s rss=2742MB hwm=2742MB
RSS_SAMPLE t=507.6s rss=2742MB hwm=2742MB
RSS_SAMPLE t=507.8s rss=2742MB hwm=2742MB
RSS_SAMPLE t=508.1s rss=2742MB hwm=2742MB
RSS_SAMPLE t=508.3s rss=2742MB hwm=2742MB
RSS_SAMPLE t=508.6s rss=2742MB hwm=2742MB
RSS_SAMPLE t=508.8s rss=2742MB hwm=2742MB
RSS_SAMPLE t=509.1s rss=2742MB hwm=2742MB
RSS_SAMPLE t=509.3s rss=2742MB hwm=2742MB
RSS_SAMPLE t=509.6s rss=2742MB hwm=2742MB
RSS_SAMPLE t=509.8s rss=2742MB hwm=2742MB
RSS_SAMPLE t=510.1s rss=2742MB hwm=2742MB
RSS_SAMPLE t=510.3s rss=2742MB hwm=2742MB
RSS_SAMPLE t=510.6s rss=2743MB hwm=2743MB
RSS_SAMPLE t=510.8s rss=2743MB hwm=2743MB
RSS_SAMPLE t=511.1s rss=2743MB hwm=2743MB
RSS_SAMPLE t=511.3s rss=2743MB hwm=2743MB
RSS_SAMPLE t=511.6s rss=2743MB hwm=2743MB
RSS_SAMPLE t=511.8s rss=2743MB hwm=2743MB
RSS_SAMPLE t=512.1s rss=2743MB hwm=2743MB
RSS_SAMPLE t=512.3s rss=2743MB hwm=2743MB
RSS_SAMPLE t=512.6s rss=2743MB hwm=2743MB
RSS_SAMPLE t=512.8s rss=2743MB hwm=2743MB
RSS_SAMPLE t=513.1s rss=2743MB hwm=2743MB
RSS_SAMPLE t=513.3s rss=2743MB hwm=2743MB
RSS_SAMPLE t=513.6s rss=2743MB hwm=2743MB
RSS_SAMPLE t=513.8s rss=2743MB hwm=2743MB
RSS_SAMPLE t=514.1s rss=2743MB hwm=2743MB
RSS_SAMPLE t=514.3s rss=2743MB hwm=2743MB
RSS_SAMPLE t=514.6s rss=2743MB hwm=2743MB
RSS_SAMPLE t=514.8s rss=2743MB hwm=2743MB
RSS_SAMPLE t=515.1s rss=2743MB hwm=2743MB
RSS_SAMPLE t=515.3s rss=2743MB hwm=2743MB
RSS_SAMPLE t=515.6s rss=2743MB hwm=2743MB
RSS_SAMPLE t=515.8s rss=2743MB hwm=2743MB
RSS_SAMPLE t=516.1s rss=2743MB hwm=2743MB
RSS_SAMPLE t=516.3s rss=2743MB hwm=2743MB
RSS_SAMPLE t=516.6s rss=2743MB hwm=2743MB
RSS_SAMPLE t=516.8s rss=2743MB hwm=2743MB
RSS_SAMPLE t=517.1s rss=2743MB hwm=2743MB
RSS_SAMPLE t=517.3s rss=2743MB hwm=2743MB
RSS_SAMPLE t=517.6s rss=2743MB hwm=2743MB
RSS_SAMPLE t=517.8s rss=2743MB hwm=2743MB
RSS_SAMPLE t=518.1s rss=2743MB hwm=2743MB
RSS_SAMPLE t=518.3s rss=2743MB hwm=2743MB
RSS_SAMPLE t=518.6s rss=2743MB hwm=2743MB
RSS_SAMPLE t=518.8s rss=2743MB hwm=2743MB
RSS_SAMPLE t=519.1s rss=2743MB hwm=2743MB
RSS_SAMPLE t=519.3s rss=2743MB hwm=2743MB
RSS_SAMPLE t=519.6s rss=2743MB hwm=2743MB
RSS_SAMPLE t=519.8s rss=2743MB hwm=2743MB
RSS_SAMPLE t=520.1s rss=2743MB hwm=2743MB
RSS_SAMPLE t=520.3s rss=2743MB hwm=2743MB
RSS_SAMPLE t=520.6s rss=2743MB hwm=2743MB
RSS_SAMPLE t=520.8s rss=2743MB hwm=2743MB
RSS_SAMPLE t=521.1s rss=2743MB hwm=2743MB
RSS_SAMPLE t=521.3s rss=2743MB hwm=2743MB
RSS_SAMPLE t=521.6s rss=2743MB hwm=2743MB
RSS_SAMPLE t=521.8s rss=2743MB hwm=2743MB
RSS_SAMPLE t=522.1s rss=2743MB hwm=2743MB
RSS_SAMPLE t=522.3s rss=2743MB hwm=2743MB
RSS_SAMPLE t=522.6s rss=2743MB hwm=2743MB
RSS_SAMPLE t=522.8s rss=2743MB hwm=2743MB
RSS_SAMPLE t=523.1s rss=2743MB hwm=2743MB
RSS_SAMPLE t=523.3s rss=2743MB hwm=2743MB
RSS_SAMPLE t=523.6s rss=2743MB hwm=2743MB
RSS_SAMPLE t=523.8s rss=2743MB hwm=2743MB
RSS_SAMPLE t=524.1s rss=2743MB hwm=2743MB
RSS_SAMPLE t=524.3s rss=2743MB hwm=2743MB
RSS_SAMPLE t=524.6s rss=2743MB hwm=2743MB
RSS_SAMPLE t=524.8s rss=2743MB hwm=2743MB
RSS_SAMPLE t=525.1s rss=2743MB hwm=2743MB
RSS_SAMPLE t=525.3s rss=2743MB hwm=2743MB
RSS_SAMPLE t=525.6s rss=2743MB hwm=2743MB
RSS_SAMPLE t=525.8s rss=2743MB hwm=2743MB
RSS_SAMPLE t=526.1s rss=2743MB hwm=2743MB
RSS_SAMPLE t=526.3s rss=2743MB hwm=2743MB
RSS_SAMPLE t=526.6s rss=2743MB hwm=2743MB
RSS_SAMPLE t=526.8s rss=2743MB hwm=2743MB
RSS_SAMPLE t=527.1s rss=2743MB hwm=2743MB
RSS_SAMPLE t=527.3s rss=2743MB hwm=2743MB
RSS_SAMPLE t=527.6s rss=2743MB hwm=2743MB
RSS_SAMPLE t=527.8s rss=2743MB hwm=2743MB
RSS_SAMPLE t=528.1s rss=2743MB hwm=2743MB
RSS_SAMPLE t=528.3s rss=2743MB hwm=2743MB
RSS_SAMPLE t=528.6s rss=2743MB hwm=2743MB
RSS_SAMPLE t=528.8s rss=2743MB hwm=2743MB
RSS_SAMPLE t=529.1s rss=2743MB hwm=2743MB
RSS_SAMPLE t=529.3s rss=2743MB hwm=2743MB
RSS_SAMPLE t=529.6s rss=2743MB hwm=2743MB
RSS_SAMPLE t=529.8s rss=2743MB hwm=2743MB
RSS_SAMPLE t=530.1s rss=2743MB hwm=2743MB
RSS_SAMPLE t=530.3s rss=2743MB hwm=2743MB
RSS_SAMPLE t=530.6s rss=2743MB hwm=2743MB
RSS_SAMPLE t=530.8s rss=2743MB hwm=2743MB
RSS_SAMPLE t=531.1s rss=2743MB hwm=2743MB
RSS_SAMPLE t=531.3s rss=2743MB hwm=2743MB
RSS_SAMPLE t=531.6s rss=2743MB hwm=2743MB
RSS_SAMPLE t=531.8s rss=2743MB hwm=2743MB
RSS_SAMPLE t=532.1s rss=2743MB hwm=2743MB
RSS_SAMPLE t=532.3s rss=2743MB hwm=2743MB
RSS_SAMPLE t=532.6s rss=2743MB hwm=2743MB
RSS_SAMPLE t=532.8s rss=2743MB hwm=2743MB
RSS_SAMPLE t=533.1s rss=2743MB hwm=2743MB
RSS_SAMPLE t=533.3s rss=2743MB hwm=2743MB
RSS_SAMPLE t=533.6s rss=2743MB hwm=2743MB
RSS_SAMPLE t=533.8s rss=2743MB hwm=2743MB
RSS_SAMPLE t=534.1s rss=2743MB hwm=2743MB
RSS_SAMPLE t=534.3s rss=2743MB hwm=2743MB
RSS_SAMPLE t=534.6s rss=2743MB hwm=2743MB
RSS_SAMPLE t=534.8s rss=2743MB hwm=2743MB
RSS_SAMPLE t=535.1s rss=2743MB hwm=2743MB
RSS_SAMPLE t=535.3s rss=2743MB hwm=2743MB
RSS_SAMPLE t=535.6s rss=2743MB hwm=2743MB
RSS_SAMPLE t=535.8s rss=2743MB hwm=2743MB
RSS_SAMPLE t=536.1s rss=2743MB hwm=2743MB
RSS_SAMPLE t=536.3s rss=2743MB hwm=2743MB
RSS_SAMPLE t=536.6s rss=2743MB hwm=2743MB
RSS_SAMPLE t=536.8s rss=2743MB hwm=2743MB
RSS_SAMPLE t=537.1s rss=2743MB hwm=2743MB
RSS_SAMPLE t=537.3s rss=2743MB hwm=2743MB
RSS_SAMPLE t=537.6s rss=2743MB hwm=2743MB
RSS_SAMPLE t=537.8s rss=2743MB hwm=2743MB
RSS_SAMPLE t=538.1s rss=2743MB hwm=2743MB
RSS_SAMPLE t=538.3s rss=2743MB hwm=2743MB
RSS_SAMPLE t=538.6s rss=2743MB hwm=2743MB
RSS_SAMPLE t=538.8s rss=2743MB hwm=2743MB
RSS_SAMPLE t=539.1s rss=2743MB hwm=2743MB
RSS_SAMPLE t=539.3s rss=2743MB hwm=2743MB
RSS_SAMPLE t=539.6s rss=2743MB hwm=2743MB
RSS_SAMPLE t=539.8s rss=2743MB hwm=2743MB
RSS_SAMPLE t=540.1s rss=2743MB hwm=2743MB
RSS_SAMPLE t=540.3s rss=2743MB hwm=2743MB
RSS_SAMPLE t=540.6s rss=2743MB hwm=2743MB
RSS_SAMPLE t=540.8s rss=2743MB hwm=2743MB
RSS_SAMPLE t=541.1s rss=2743MB hwm=2743MB
RSS_SAMPLE t=541.3s rss=2743MB hwm=2743MB
RSS_SAMPLE t=541.6s rss=2743MB hwm=2743MB
RSS_SAMPLE t=541.8s rss=2743MB hwm=2743MB
RSS_SAMPLE t=542.1s rss=2743MB hwm=2743MB
RSS_SAMPLE t=542.3s rss=2743MB hwm=2743MB
RSS_SAMPLE t=542.6s rss=2743MB hwm=2743MB
RSS_SAMPLE t=542.8s rss=2743MB hwm=2743MB
RSS_SAMPLE t=543.1s rss=2743MB hwm=2743MB
RSS_SAMPLE t=543.3s rss=2743MB hwm=2743MB
RSS_SAMPLE t=543.6s rss=2743MB hwm=2743MB
RSS_SAMPLE t=543.8s rss=2743MB hwm=2743MB
RSS_SAMPLE t=544.1s rss=2743MB hwm=2743MB
RSS_SAMPLE t=544.3s rss=2743MB hwm=2743MB
RSS_SAMPLE t=544.6s rss=2743MB hwm=2743MB
RSS_SAMPLE t=544.8s rss=2743MB hwm=2743MB
RSS_SAMPLE t=545.1s rss=2743MB hwm=2743MB
RSS_SAMPLE t=545.3s rss=2743MB hwm=2743MB
RSS_SAMPLE t=545.6s rss=2743MB hwm=2743MB
RSS_SAMPLE t=545.8s rss=2743MB hwm=2743MB
RSS_SAMPLE t=546.1s rss=2743MB hwm=2743MB
RSS_SAMPLE t=546.3s rss=2743MB hwm=2743MB
RSS_SAMPLE t=546.6s rss=2743MB hwm=2743MB
RSS_SAMPLE t=546.8s rss=2743MB hwm=2743MB
RSS_SAMPLE t=547.1s rss=2743MB hwm=2743MB
RSS_SAMPLE t=547.3s rss=2743MB hwm=2743MB
RSS_SAMPLE t=547.6s rss=2743MB hwm=2743MB
RSS_SAMPLE t=547.8s rss=2743MB hwm=2743MB
RSS_SAMPLE t=548.1s rss=2743MB hwm=2743MB
RSS_SAMPLE t=548.3s rss=2743MB hwm=2743MB
RSS_SAMPLE t=548.6s rss=2743MB hwm=2743MB
RSS_SAMPLE t=548.8s rss=2743MB hwm=2743MB
RSS_SAMPLE t=549.1s rss=2743MB hwm=2743MB
RSS_SAMPLE t=549.3s rss=2743MB hwm=2743MB
RSS_SAMPLE t=549.6s rss=2743MB hwm=2743MB
RSS_SAMPLE t=549.8s rss=2743MB hwm=2743MB
RSS_SAMPLE t=550.1s rss=2743MB hwm=2743MB
RSS_SAMPLE t=550.3s rss=2743MB hwm=2743MB
RSS_SAMPLE t=550.6s rss=2743MB hwm=2743MB
RSS_SAMPLE t=550.8s rss=2743MB hwm=2743MB
RSS_SAMPLE t=551.1s rss=2743MB hwm=2743MB
MEM_POOL: workspaces=8 dense_usage_mb=313 n_pipes=2562403
    rss_probe[outer=2]: pre_post_solve=2725MB post_post_solve=2743MB after_apply=2743MB
    E_decomp: base=8976304.6 eff=18882513797859672.0 cong=18882513788883368.0 cong_share=100.0% sat_pipes=85981 max_util=1657.35  R_buckets: 1-2x=97454 2-10x=23356 10-100x=8967 >=100x=2432626
    E_potential: beckmann=651964215569463.5 history_total=0.0
    SpanCache: epoch=3 entries=3230 lookups=2562403 hits=2559173 misses=3230 hit_rate=99.9%
  DCD   2: nets=105117 line=15951597 energy=34781736444.121 dE=+28698779822.721 friction=97128488.8 bins=2.0x(892) excess=341.7 moved=66983 disp=10.740 solves=105117 skip=105117 pops=768483825 theta=0.343 refresh=116840ms dcd=6649ms total=125929ms
    cache_stats: entries=47180320 capacity=84145194 est_mb=727 rss_mb=2744
RSS_SAMPLE t=551.3s rss=2744MB hwm=2744MB
RSS_SAMPLE t=551.6s rss=2744MB hwm=2744MB
RSS_SAMPLE t=551.8s rss=2744MB hwm=2744MB
RSS_SAMPLE t=552.1s rss=2744MB hwm=2744MB
RSS_SAMPLE t=552.3s rss=2744MB hwm=2744MB
RSS_SAMPLE t=552.6s rss=2744MB hwm=2744MB
RSS_SAMPLE t=552.8s rss=2744MB hwm=2744MB
RSS_SAMPLE t=553.1s rss=2744MB hwm=2744MB
RSS_SAMPLE t=553.3s rss=2744MB hwm=2744MB
RSS_SAMPLE t=553.6s rss=2744MB hwm=2744MB
    SwitchMatrix: type_usage_pairs=1553 lookups=3266 hits=1713 dijkstra_calls=1553 avg_us=9.5 total_ms=14.8
PHASE_MARK outer=3 enter=pre_solve rss=2744MB
    rss_probe[outer=3]: pre_refresh_rss=2744MB post_pre_solve_rss=2744MB cache_entries=47180320 cache_cap=84145194 cache_est_mb=727
    pre_solve_diag[outer=3]: solves=0 fallback=0 (0.0%) cap_armed=0 (0.0%) settle_avg=0 settle_max=0 init_count=53
    Overflow: over=82651 (3.2% of used) avg_excess=22.73 max_excess=3458.48 (nc=3482.48 cap=24 span=1)  excess_buckets: <=1=7408 1-5=35441 5-20=26564 >20=13238  by_cap: cap1=6344 cap2=67853 cap3-5=41 cap>5=8413  by_span: s1=670 s2-3=7101 s4-6=1887 s7-12=66855 s>12=6138  le1_cross: cap1=5527 cap2-5=1665 cap>5=216
    Congestion: pipes=2562403 used=2562403 congested(>50%)=126523 saturated(>90%)=85981 max_util=1657.35 avg_util=0.2936
PHASE_MARK outer=3 enter=dcd_sweep rss=2744MB
RSS_SAMPLE t=553.8s rss=2744MB hwm=2744MB
RSS_SAMPLE t=554.1s rss=2744MB hwm=2744MB
RSS_SAMPLE t=554.3s rss=2744MB hwm=2744MB
RSS_SAMPLE t=554.6s rss=2744MB hwm=2744MB
RSS_SAMPLE t=554.8s rss=2744MB hwm=2744MB
RSS_SAMPLE t=555.1s rss=2744MB hwm=2744MB
RSS_SAMPLE t=555.3s rss=2744MB hwm=2744MB
RSS_SAMPLE t=555.6s rss=2744MB hwm=2744MB
RSS_SAMPLE t=555.8s rss=2744MB hwm=2744MB
RSS_SAMPLE t=556.1s rss=2744MB hwm=2744MB
RSS_SAMPLE t=556.3s rss=2744MB hwm=2744MB
RSS_SAMPLE t=556.6s rss=2744MB hwm=2744MB
RSS_SAMPLE t=556.8s rss=2744MB hwm=2744MB
RSS_SAMPLE t=557.1s rss=2744MB hwm=2744MB
RSS_SAMPLE t=557.3s rss=2744MB hwm=2744MB
RSS_SAMPLE t=557.6s rss=2744MB hwm=2744MB
RSS_SAMPLE t=557.8s rss=2744MB hwm=2744MB
RSS_SAMPLE t=558.1s rss=2744MB hwm=2744MB
RSS_SAMPLE t=558.3s rss=2744MB hwm=2744MB
RSS_SAMPLE t=558.6s rss=2744MB hwm=2744MB
RSS_SAMPLE t=558.8s rss=2744MB hwm=2744MB
RSS_SAMPLE t=559.1s rss=2744MB hwm=2744MB
RSS_SAMPLE t=559.3s rss=2744MB hwm=2744MB
RSS_SAMPLE t=559.6s rss=2744MB hwm=2744MB
RSS_SAMPLE t=559.8s rss=2744MB hwm=2744MB
RSS_SAMPLE t=560.1s rss=2744MB hwm=2744MB
RSS_SAMPLE t=560.3s rss=2744MB hwm=2744MB
PHASE_MARK outer=3 leave=dcd_sweep rss=2744MB
PHASE_MARK outer=3 enter=post_refresh rss=2744MB
RSS_SAMPLE t=560.6s rss=2746MB hwm=2746MB
RSS_SAMPLE t=560.8s rss=2746MB hwm=2746MB
RSS_SAMPLE t=561.1s rss=2746MB hwm=2746MB
RSS_SAMPLE t=561.3s rss=2746MB hwm=2746MB
RSS_SAMPLE t=561.6s rss=2746MB hwm=2746MB
RSS_SAMPLE t=561.8s rss=2746MB hwm=2746MB
RSS_SAMPLE t=562.1s rss=2746MB hwm=2746MB
RSS_SAMPLE t=562.3s rss=2746MB hwm=2746MB
RSS_SAMPLE t=562.6s rss=2746MB hwm=2746MB
RSS_SAMPLE t=562.8s rss=2746MB hwm=2746MB
RSS_SAMPLE t=563.1s rss=2746MB hwm=2746MB
RSS_SAMPLE t=563.3s rss=2746MB hwm=2746MB
RSS_SAMPLE t=563.6s rss=2746MB hwm=2746MB
RSS_SAMPLE t=563.8s rss=2746MB hwm=2746MB
RSS_SAMPLE t=564.1s rss=2746MB hwm=2746MB
RSS_SAMPLE t=564.3s rss=2746MB hwm=2746MB
RSS_SAMPLE t=564.6s rss=2746MB hwm=2746MB
RSS_SAMPLE t=564.8s rss=2746MB hwm=2746MB
RSS_SAMPLE t=565.1s rss=2746MB hwm=2746MB
RSS_SAMPLE t=565.3s rss=2747MB hwm=2747MB
RSS_SAMPLE t=565.6s rss=2747MB hwm=2747MB
RSS_SAMPLE t=565.8s rss=2747MB hwm=2747MB
RSS_SAMPLE t=566.1s rss=2747MB hwm=2747MB
RSS_SAMPLE t=566.3s rss=2747MB hwm=2747MB
RSS_SAMPLE t=566.6s rss=2747MB hwm=2747MB
RSS_SAMPLE t=566.8s rss=2747MB hwm=2747MB
RSS_SAMPLE t=567.1s rss=2747MB hwm=2747MB
RSS_SAMPLE t=567.3s rss=2747MB hwm=2747MB
RSS_SAMPLE t=567.6s rss=2747MB hwm=2747MB
RSS_SAMPLE t=567.8s rss=2747MB hwm=2747MB
RSS_SAMPLE t=568.1s rss=2747MB hwm=2747MB
RSS_SAMPLE t=568.3s rss=2747MB hwm=2747MB
RSS_SAMPLE t=568.6s rss=2747MB hwm=2747MB
RSS_SAMPLE t=568.8s rss=2747MB hwm=2747MB
RSS_SAMPLE t=569.1s rss=2747MB hwm=2747MB
RSS_SAMPLE t=569.3s rss=2747MB hwm=2747MB
RSS_SAMPLE t=569.6s rss=2747MB hwm=2747MB
RSS_SAMPLE t=569.8s rss=2747MB hwm=2747MB
RSS_SAMPLE t=570.1s rss=2747MB hwm=2747MB
RSS_SAMPLE t=570.3s rss=2747MB hwm=2747MB
RSS_SAMPLE t=570.6s rss=2748MB hwm=2748MB
RSS_SAMPLE t=570.8s rss=2748MB hwm=2748MB
RSS_SAMPLE t=571.1s rss=2748MB hwm=2748MB
RSS_SAMPLE t=571.3s rss=2748MB hwm=2748MB
RSS_SAMPLE t=571.6s rss=2749MB hwm=2749MB
RSS_SAMPLE t=571.8s rss=2749MB hwm=2749MB
RSS_SAMPLE t=572.1s rss=2750MB hwm=2750MB
RSS_SAMPLE t=572.3s rss=2750MB hwm=2750MB
RSS_SAMPLE t=572.6s rss=2750MB hwm=2750MB
RSS_SAMPLE t=572.8s rss=2751MB hwm=2751MB
RSS_SAMPLE t=573.1s rss=2751MB hwm=2751MB
RSS_SAMPLE t=573.3s rss=2751MB hwm=2751MB
RSS_SAMPLE t=573.6s rss=2751MB hwm=2751MB
RSS_SAMPLE t=573.8s rss=2752MB hwm=2752MB
RSS_SAMPLE t=574.1s rss=2752MB hwm=2752MB
RSS_SAMPLE t=574.3s rss=2752MB hwm=2752MB
RSS_SAMPLE t=574.6s rss=2752MB hwm=2752MB
RSS_SAMPLE t=574.8s rss=2753MB hwm=2753MB
RSS_SAMPLE t=575.1s rss=2753MB hwm=2753MB
RSS_SAMPLE t=575.3s rss=2753MB hwm=2753MB
RSS_SAMPLE t=575.6s rss=2754MB hwm=2754MB
RSS_SAMPLE t=575.8s rss=2754MB hwm=2754MB
RSS_SAMPLE t=576.1s rss=2754MB hwm=2754MB
RSS_SAMPLE t=576.3s rss=2754MB hwm=2754MB
RSS_SAMPLE t=576.6s rss=2754MB hwm=2754MB
RSS_SAMPLE t=576.8s rss=2754MB hwm=2754MB
RSS_SAMPLE t=577.1s rss=2754MB hwm=2754MB
RSS_SAMPLE t=577.3s rss=2755MB hwm=2755MB
RSS_SAMPLE t=577.6s rss=2755MB hwm=2755MB
RSS_SAMPLE t=577.8s rss=2755MB hwm=2755MB
RSS_SAMPLE t=578.1s rss=2755MB hwm=2755MB
RSS_SAMPLE t=578.3s rss=2755MB hwm=2755MB
RSS_SAMPLE t=578.6s rss=2756MB hwm=2756MB
RSS_SAMPLE t=578.8s rss=2756MB hwm=2756MB
RSS_SAMPLE t=579.1s rss=2756MB hwm=2756MB
RSS_SAMPLE t=579.3s rss=2756MB hwm=2756MB
RSS_SAMPLE t=579.6s rss=2756MB hwm=2756MB
RSS_SAMPLE t=579.8s rss=2756MB hwm=2756MB
RSS_SAMPLE t=580.1s rss=2757MB hwm=2757MB
RSS_SAMPLE t=580.3s rss=2757MB hwm=2757MB
RSS_SAMPLE t=580.6s rss=2757MB hwm=2757MB
RSS_SAMPLE t=580.8s rss=2757MB hwm=2757MB
RSS_SAMPLE t=581.1s rss=2757MB hwm=2757MB
RSS_SAMPLE t=581.3s rss=2758MB hwm=2758MB
RSS_SAMPLE t=581.6s rss=2758MB hwm=2758MB
RSS_SAMPLE t=581.8s rss=2759MB hwm=2759MB
RSS_SAMPLE t=582.1s rss=2759MB hwm=2759MB
RSS_SAMPLE t=582.3s rss=2759MB hwm=2759MB
RSS_SAMPLE t=582.6s rss=2760MB hwm=2760MB
RSS_SAMPLE t=582.8s rss=2760MB hwm=2760MB
RSS_SAMPLE t=583.1s rss=2760MB hwm=2760MB
RSS_SAMPLE t=583.3s rss=2760MB hwm=2760MB
RSS_SAMPLE t=583.6s rss=2761MB hwm=2761MB
RSS_SAMPLE t=583.8s rss=2761MB hwm=2761MB
RSS_SAMPLE t=584.1s rss=2761MB hwm=2761MB
RSS_SAMPLE t=584.3s rss=2762MB hwm=2762MB
RSS_SAMPLE t=584.6s rss=2762MB hwm=2762MB
RSS_SAMPLE t=584.8s rss=2762MB hwm=2762MB
RSS_SAMPLE t=585.1s rss=2763MB hwm=2763MB
RSS_SAMPLE t=585.3s rss=2763MB hwm=2763MB
RSS_SAMPLE t=585.6s rss=2763MB hwm=2763MB
RSS_SAMPLE t=585.8s rss=2764MB hwm=2764MB
RSS_SAMPLE t=586.1s rss=2764MB hwm=2764MB
RSS_SAMPLE t=586.3s rss=2764MB hwm=2764MB
RSS_SAMPLE t=586.6s rss=2764MB hwm=2764MB
RSS_SAMPLE t=586.8s rss=2765MB hwm=2765MB
RSS_SAMPLE t=587.1s rss=2765MB hwm=2765MB
RSS_SAMPLE t=587.3s rss=2765MB hwm=2765MB
RSS_SAMPLE t=587.6s rss=2766MB hwm=2766MB
RSS_SAMPLE t=587.8s rss=2766MB hwm=2766MB
RSS_SAMPLE t=588.1s rss=2766MB hwm=2766MB
RSS_SAMPLE t=588.3s rss=2766MB hwm=2766MB
RSS_SAMPLE t=588.6s rss=2767MB hwm=2767MB
RSS_SAMPLE t=588.8s rss=2767MB hwm=2767MB
RSS_SAMPLE t=589.1s rss=2767MB hwm=2767MB
RSS_SAMPLE t=589.3s rss=2768MB hwm=2768MB
RSS_SAMPLE t=589.6s rss=2768MB hwm=2768MB
RSS_SAMPLE t=589.9s rss=2768MB hwm=2768MB
RSS_SAMPLE t=590.1s rss=2768MB hwm=2768MB
RSS_SAMPLE t=590.4s rss=2768MB hwm=2768MB
RSS_SAMPLE t=590.6s rss=2768MB hwm=2768MB
RSS_SAMPLE t=590.9s rss=2769MB hwm=2769MB
RSS_SAMPLE t=591.1s rss=2769MB hwm=2769MB
RSS_SAMPLE t=591.4s rss=2769MB hwm=2769MB
RSS_SAMPLE t=591.6s rss=2769MB hwm=2769MB
RSS_SAMPLE t=591.9s rss=2769MB hwm=2769MB
RSS_SAMPLE t=592.1s rss=2769MB hwm=2769MB
RSS_SAMPLE t=592.4s rss=2770MB hwm=2770MB
RSS_SAMPLE t=592.6s rss=2770MB hwm=2770MB
RSS_SAMPLE t=592.9s rss=2770MB hwm=2770MB
RSS_SAMPLE t=593.1s rss=2771MB hwm=2771MB
RSS_SAMPLE t=593.4s rss=2771MB hwm=2771MB
RSS_SAMPLE t=593.6s rss=2771MB hwm=2771MB
RSS_SAMPLE t=593.9s rss=2771MB hwm=2771MB
RSS_SAMPLE t=594.1s rss=2771MB hwm=2771MB
RSS_SAMPLE t=594.4s rss=2771MB hwm=2771MB
RSS_SAMPLE t=594.6s rss=2772MB hwm=2772MB
RSS_SAMPLE t=594.9s rss=2772MB hwm=2772MB
RSS_SAMPLE t=595.1s rss=2772MB hwm=2772MB
RSS_SAMPLE t=595.4s rss=2772MB hwm=2772MB
RSS_SAMPLE t=595.6s rss=2773MB hwm=2773MB
RSS_SAMPLE t=595.9s rss=2773MB hwm=2773MB
RSS_SAMPLE t=596.1s rss=2773MB hwm=2773MB
RSS_SAMPLE t=596.4s rss=2773MB hwm=2773MB
RSS_SAMPLE t=596.6s rss=2773MB hwm=2773MB
RSS_SAMPLE t=596.9s rss=2774MB hwm=2774MB
RSS_SAMPLE t=597.1s rss=2774MB hwm=2774MB
RSS_SAMPLE t=597.4s rss=2774MB hwm=2774MB
RSS_SAMPLE t=597.6s rss=2774MB hwm=2774MB
RSS_SAMPLE t=597.9s rss=2774MB hwm=2774MB
RSS_SAMPLE t=598.1s rss=2774MB hwm=2774MB
RSS_SAMPLE t=598.4s rss=2774MB hwm=2774MB
RSS_SAMPLE t=598.6s rss=2774MB hwm=2774MB
RSS_SAMPLE t=598.9s rss=2774MB hwm=2774MB
RSS_SAMPLE t=599.1s rss=2774MB hwm=2774MB
RSS_SAMPLE t=599.4s rss=2774MB hwm=2774MB
RSS_SAMPLE t=599.6s rss=2775MB hwm=2775MB
RSS_SAMPLE t=599.9s rss=2775MB hwm=2775MB
RSS_SAMPLE t=600.1s rss=2775MB hwm=2775MB
RSS_SAMPLE t=600.4s rss=2775MB hwm=2775MB
RSS_SAMPLE t=600.6s rss=2775MB hwm=2775MB
RSS_SAMPLE t=600.9s rss=2775MB hwm=2775MB
RSS_SAMPLE t=601.1s rss=2775MB hwm=2775MB
RSS_SAMPLE t=601.4s rss=2775MB hwm=2775MB
RSS_SAMPLE t=601.6s rss=2775MB hwm=2775MB
RSS_SAMPLE t=601.9s rss=2775MB hwm=2775MB
RSS_SAMPLE t=602.1s rss=2775MB hwm=2775MB
RSS_SAMPLE t=602.4s rss=2775MB hwm=2775MB
RSS_SAMPLE t=602.6s rss=2775MB hwm=2775MB
RSS_SAMPLE t=602.9s rss=2775MB hwm=2775MB
RSS_SAMPLE t=603.1s rss=2775MB hwm=2775MB
RSS_SAMPLE t=603.4s rss=2775MB hwm=2775MB
RSS_SAMPLE t=603.6s rss=2775MB hwm=2775MB
RSS_SAMPLE t=603.9s rss=2775MB hwm=2775MB
RSS_SAMPLE t=604.1s rss=2775MB hwm=2775MB
RSS_SAMPLE t=604.4s rss=2775MB hwm=2775MB
RSS_SAMPLE t=604.6s rss=2775MB hwm=2775MB
RSS_SAMPLE t=604.9s rss=2775MB hwm=2775MB
RSS_SAMPLE t=605.1s rss=2775MB hwm=2775MB
RSS_SAMPLE t=605.4s rss=2775MB hwm=2775MB
RSS_SAMPLE t=605.6s rss=2775MB hwm=2775MB
RSS_SAMPLE t=605.9s rss=2775MB hwm=2775MB
RSS_SAMPLE t=606.1s rss=2775MB hwm=2775MB
RSS_SAMPLE t=606.4s rss=2775MB hwm=2775MB
RSS_SAMPLE t=606.6s rss=2775MB hwm=2775MB
RSS_SAMPLE t=606.9s rss=2775MB hwm=2775MB
RSS_SAMPLE t=607.1s rss=2775MB hwm=2775MB
RSS_SAMPLE t=607.4s rss=2775MB hwm=2775MB
RSS_SAMPLE t=607.6s rss=2775MB hwm=2775MB
RSS_SAMPLE t=607.9s rss=2775MB hwm=2775MB
RSS_SAMPLE t=608.1s rss=2775MB hwm=2775MB
RSS_SAMPLE t=608.4s rss=2775MB hwm=2775MB
RSS_SAMPLE t=608.6s rss=2775MB hwm=2775MB
RSS_SAMPLE t=608.9s rss=2775MB hwm=2775MB
RSS_SAMPLE t=609.1s rss=2775MB hwm=2775MB
RSS_SAMPLE t=609.4s rss=2775MB hwm=2775MB
RSS_SAMPLE t=609.6s rss=2775MB hwm=2775MB
RSS_SAMPLE t=609.9s rss=2775MB hwm=2775MB
RSS_SAMPLE t=610.1s rss=2775MB hwm=2775MB
RSS_SAMPLE t=610.4s rss=2775MB hwm=2775MB
RSS_SAMPLE t=610.6s rss=2776MB hwm=2776MB
RSS_SAMPLE t=610.9s rss=2776MB hwm=2776MB
RSS_SAMPLE t=611.1s rss=2776MB hwm=2776MB
RSS_SAMPLE t=611.4s rss=2776MB hwm=2776MB
RSS_SAMPLE t=611.6s rss=2776MB hwm=2776MB
RSS_SAMPLE t=611.9s rss=2776MB hwm=2776MB
RSS_SAMPLE t=612.1s rss=2776MB hwm=2776MB
RSS_SAMPLE t=612.4s rss=2776MB hwm=2776MB
RSS_SAMPLE t=612.6s rss=2776MB hwm=2776MB
RSS_SAMPLE t=612.9s rss=2776MB hwm=2776MB
RSS_SAMPLE t=613.1s rss=2776MB hwm=2776MB
RSS_SAMPLE t=613.4s rss=2776MB hwm=2776MB
RSS_SAMPLE t=613.6s rss=2776MB hwm=2776MB
RSS_SAMPLE t=613.9s rss=2776MB hwm=2776MB
RSS_SAMPLE t=614.1s rss=2776MB hwm=2776MB
RSS_SAMPLE t=614.4s rss=2776MB hwm=2776MB
RSS_SAMPLE t=614.6s rss=2776MB hwm=2776MB
RSS_SAMPLE t=614.9s rss=2776MB hwm=2776MB
RSS_SAMPLE t=615.1s rss=2776MB hwm=2776MB
RSS_SAMPLE t=615.4s rss=2776MB hwm=2776MB
RSS_SAMPLE t=615.6s rss=2776MB hwm=2776MB
RSS_SAMPLE t=615.9s rss=2776MB hwm=2776MB
RSS_SAMPLE t=616.1s rss=2776MB hwm=2776MB
RSS_SAMPLE t=616.4s rss=2776MB hwm=2776MB
RSS_SAMPLE t=616.6s rss=2776MB hwm=2776MB
RSS_SAMPLE t=616.9s rss=2776MB hwm=2776MB
RSS_SAMPLE t=617.1s rss=2776MB hwm=2776MB
RSS_SAMPLE t=617.4s rss=2776MB hwm=2776MB
RSS_SAMPLE t=617.6s rss=2776MB hwm=2776MB
RSS_SAMPLE t=617.9s rss=2776MB hwm=2776MB
RSS_SAMPLE t=618.1s rss=2776MB hwm=2776MB
RSS_SAMPLE t=618.4s rss=2776MB hwm=2776MB
RSS_SAMPLE t=618.6s rss=2776MB hwm=2776MB
RSS_SAMPLE t=618.9s rss=2776MB hwm=2776MB
RSS_SAMPLE t=619.1s rss=2776MB hwm=2776MB
RSS_SAMPLE t=619.4s rss=2776MB hwm=2776MB
RSS_SAMPLE t=619.6s rss=2776MB hwm=2776MB
RSS_SAMPLE t=619.9s rss=2776MB hwm=2776MB
RSS_SAMPLE t=620.1s rss=2777MB hwm=2777MB
RSS_SAMPLE t=620.4s rss=2777MB hwm=2777MB
RSS_SAMPLE t=620.6s rss=2777MB hwm=2777MB
RSS_SAMPLE t=620.9s rss=2777MB hwm=2777MB
RSS_SAMPLE t=621.1s rss=2777MB hwm=2777MB
RSS_SAMPLE t=621.4s rss=2777MB hwm=2777MB
RSS_SAMPLE t=621.6s rss=2777MB hwm=2777MB
RSS_SAMPLE t=621.9s rss=2777MB hwm=2777MB
RSS_SAMPLE t=622.1s rss=2777MB hwm=2777MB
RSS_SAMPLE t=622.4s rss=2777MB hwm=2777MB
RSS_SAMPLE t=622.6s rss=2777MB hwm=2777MB
RSS_SAMPLE t=622.9s rss=2777MB hwm=2777MB
RSS_SAMPLE t=623.1s rss=2777MB hwm=2777MB
RSS_SAMPLE t=623.4s rss=2777MB hwm=2777MB
RSS_SAMPLE t=623.6s rss=2777MB hwm=2777MB
RSS_SAMPLE t=623.9s rss=2777MB hwm=2777MB
RSS_SAMPLE t=624.1s rss=2777MB hwm=2777MB
RSS_SAMPLE t=624.4s rss=2777MB hwm=2777MB
RSS_SAMPLE t=624.6s rss=2777MB hwm=2777MB
RSS_SAMPLE t=624.9s rss=2777MB hwm=2777MB
RSS_SAMPLE t=625.1s rss=2777MB hwm=2777MB
RSS_SAMPLE t=625.4s rss=2777MB hwm=2777MB
RSS_SAMPLE t=625.6s rss=2777MB hwm=2777MB
RSS_SAMPLE t=625.9s rss=2777MB hwm=2777MB
RSS_SAMPLE t=626.1s rss=2777MB hwm=2777MB
RSS_SAMPLE t=626.4s rss=2777MB hwm=2777MB
RSS_SAMPLE t=626.6s rss=2777MB hwm=2777MB
RSS_SAMPLE t=626.9s rss=2777MB hwm=2777MB
RSS_SAMPLE t=627.1s rss=2777MB hwm=2777MB
RSS_SAMPLE t=627.4s rss=2777MB hwm=2777MB
RSS_SAMPLE t=627.6s rss=2777MB hwm=2777MB
RSS_SAMPLE t=627.9s rss=2777MB hwm=2777MB
RSS_SAMPLE t=628.1s rss=2777MB hwm=2777MB
RSS_SAMPLE t=628.4s rss=2777MB hwm=2777MB
RSS_SAMPLE t=628.6s rss=2777MB hwm=2777MB
RSS_SAMPLE t=628.9s rss=2777MB hwm=2777MB
RSS_SAMPLE t=629.1s rss=2777MB hwm=2777MB
RSS_SAMPLE t=629.4s rss=2777MB hwm=2777MB
RSS_SAMPLE t=629.6s rss=2777MB hwm=2777MB
RSS_SAMPLE t=629.9s rss=2777MB hwm=2777MB
RSS_SAMPLE t=630.1s rss=2778MB hwm=2778MB
RSS_SAMPLE t=630.4s rss=2778MB hwm=2778MB
RSS_SAMPLE t=630.6s rss=2778MB hwm=2778MB
RSS_SAMPLE t=630.9s rss=2778MB hwm=2778MB
RSS_SAMPLE t=631.1s rss=2778MB hwm=2778MB
RSS_SAMPLE t=631.4s rss=2778MB hwm=2778MB
RSS_SAMPLE t=631.6s rss=2778MB hwm=2778MB
RSS_SAMPLE t=631.9s rss=2778MB hwm=2778MB
RSS_SAMPLE t=632.1s rss=2778MB hwm=2778MB
RSS_SAMPLE t=632.4s rss=2778MB hwm=2778MB
RSS_SAMPLE t=632.6s rss=2778MB hwm=2778MB
RSS_SAMPLE t=632.9s rss=2778MB hwm=2778MB
RSS_SAMPLE t=633.1s rss=2778MB hwm=2778MB
RSS_SAMPLE t=633.4s rss=2778MB hwm=2778MB
RSS_SAMPLE t=633.6s rss=2778MB hwm=2778MB
RSS_SAMPLE t=633.9s rss=2778MB hwm=2778MB
RSS_SAMPLE t=634.1s rss=2778MB hwm=2778MB
RSS_SAMPLE t=634.4s rss=2778MB hwm=2778MB
RSS_SAMPLE t=634.6s rss=2778MB hwm=2778MB
RSS_SAMPLE t=634.9s rss=2778MB hwm=2778MB
RSS_SAMPLE t=635.1s rss=2778MB hwm=2778MB
RSS_SAMPLE t=635.4s rss=2778MB hwm=2778MB
RSS_SAMPLE t=635.6s rss=2778MB hwm=2778MB
RSS_SAMPLE t=635.9s rss=2778MB hwm=2778MB
RSS_SAMPLE t=636.1s rss=2778MB hwm=2778MB
RSS_SAMPLE t=636.4s rss=2778MB hwm=2778MB
RSS_SAMPLE t=636.6s rss=2778MB hwm=2778MB
RSS_SAMPLE t=636.9s rss=2778MB hwm=2778MB
RSS_SAMPLE t=637.1s rss=2778MB hwm=2778MB
RSS_SAMPLE t=637.4s rss=2778MB hwm=2778MB
RSS_SAMPLE t=637.6s rss=2778MB hwm=2778MB
RSS_SAMPLE t=637.9s rss=2778MB hwm=2778MB
RSS_SAMPLE t=638.1s rss=2778MB hwm=2778MB
RSS_SAMPLE t=638.4s rss=2778MB hwm=2778MB
RSS_SAMPLE t=638.6s rss=2778MB hwm=2778MB
RSS_SAMPLE t=638.9s rss=2778MB hwm=2778MB
RSS_SAMPLE t=639.1s rss=2778MB hwm=2778MB
RSS_SAMPLE t=639.4s rss=2778MB hwm=2778MB
RSS_SAMPLE t=639.6s rss=2778MB hwm=2778MB
RSS_SAMPLE t=639.9s rss=2778MB hwm=2778MB
RSS_SAMPLE t=640.1s rss=2778MB hwm=2778MB
RSS_SAMPLE t=640.4s rss=2778MB hwm=2778MB
RSS_SAMPLE t=640.6s rss=2778MB hwm=2778MB
RSS_SAMPLE t=640.9s rss=2778MB hwm=2778MB
RSS_SAMPLE t=641.1s rss=2779MB hwm=2779MB
RSS_SAMPLE t=641.4s rss=2779MB hwm=2779MB
RSS_SAMPLE t=641.6s rss=2779MB hwm=2779MB
RSS_SAMPLE t=641.9s rss=2779MB hwm=2779MB
RSS_SAMPLE t=642.1s rss=2779MB hwm=2779MB
RSS_SAMPLE t=642.4s rss=2779MB hwm=2779MB
RSS_SAMPLE t=642.6s rss=2779MB hwm=2779MB
RSS_SAMPLE t=642.9s rss=2779MB hwm=2779MB
RSS_SAMPLE t=643.1s rss=2779MB hwm=2779MB
RSS_SAMPLE t=643.4s rss=2779MB hwm=2779MB
RSS_SAMPLE t=643.6s rss=2779MB hwm=2779MB
RSS_SAMPLE t=643.9s rss=2779MB hwm=2779MB
RSS_SAMPLE t=644.1s rss=2779MB hwm=2779MB
RSS_SAMPLE t=644.4s rss=2779MB hwm=2779MB
RSS_SAMPLE t=644.6s rss=2779MB hwm=2779MB
RSS_SAMPLE t=644.9s rss=2779MB hwm=2779MB
RSS_SAMPLE t=645.1s rss=2779MB hwm=2779MB
RSS_SAMPLE t=645.4s rss=2779MB hwm=2779MB
RSS_SAMPLE t=645.6s rss=2779MB hwm=2779MB
RSS_SAMPLE t=645.9s rss=2779MB hwm=2779MB
RSS_SAMPLE t=646.1s rss=2779MB hwm=2779MB
RSS_SAMPLE t=646.4s rss=2779MB hwm=2779MB
RSS_SAMPLE t=646.6s rss=2779MB hwm=2779MB
RSS_SAMPLE t=646.9s rss=2779MB hwm=2779MB
RSS_SAMPLE t=647.1s rss=2779MB hwm=2779MB
RSS_SAMPLE t=647.4s rss=2779MB hwm=2779MB
RSS_SAMPLE t=647.6s rss=2779MB hwm=2779MB
RSS_SAMPLE t=647.9s rss=2779MB hwm=2779MB
RSS_SAMPLE t=648.1s rss=2779MB hwm=2779MB
RSS_SAMPLE t=648.4s rss=2779MB hwm=2779MB
RSS_SAMPLE t=648.6s rss=2779MB hwm=2779MB
RSS_SAMPLE t=648.9s rss=2779MB hwm=2779MB
RSS_SAMPLE t=649.1s rss=2779MB hwm=2779MB
RSS_SAMPLE t=649.4s rss=2779MB hwm=2779MB
RSS_SAMPLE t=649.6s rss=2779MB hwm=2779MB
RSS_SAMPLE t=649.9s rss=2779MB hwm=2779MB
RSS_SAMPLE t=650.1s rss=2779MB hwm=2779MB
RSS_SAMPLE t=650.4s rss=2779MB hwm=2779MB
RSS_SAMPLE t=650.6s rss=2779MB hwm=2779MB
RSS_SAMPLE t=650.9s rss=2779MB hwm=2779MB
RSS_SAMPLE t=651.1s rss=2779MB hwm=2779MB
RSS_SAMPLE t=651.4s rss=2779MB hwm=2779MB
RSS_SAMPLE t=651.6s rss=2780MB hwm=2780MB
RSS_SAMPLE t=651.9s rss=2780MB hwm=2780MB
RSS_SAMPLE t=652.1s rss=2780MB hwm=2780MB
RSS_SAMPLE t=652.4s rss=2780MB hwm=2780MB
RSS_SAMPLE t=652.6s rss=2780MB hwm=2780MB
RSS_SAMPLE t=652.9s rss=2780MB hwm=2780MB
RSS_SAMPLE t=653.1s rss=2780MB hwm=2780MB
RSS_SAMPLE t=653.4s rss=2780MB hwm=2780MB
RSS_SAMPLE t=653.6s rss=2780MB hwm=2780MB
RSS_SAMPLE t=653.9s rss=2780MB hwm=2780MB
RSS_SAMPLE t=654.1s rss=2780MB hwm=2780MB
RSS_SAMPLE t=654.4s rss=2780MB hwm=2780MB
RSS_SAMPLE t=654.6s rss=2780MB hwm=2780MB
RSS_SAMPLE t=654.9s rss=2780MB hwm=2780MB
RSS_SAMPLE t=655.1s rss=2780MB hwm=2780MB
RSS_SAMPLE t=655.4s rss=2780MB hwm=2780MB
RSS_SAMPLE t=655.6s rss=2780MB hwm=2780MB
RSS_SAMPLE t=655.9s rss=2780MB hwm=2780MB
RSS_SAMPLE t=656.1s rss=2780MB hwm=2780MB
RSS_SAMPLE t=656.4s rss=2780MB hwm=2780MB
RSS_SAMPLE t=656.6s rss=2780MB hwm=2780MB
RSS_SAMPLE t=656.9s rss=2780MB hwm=2780MB
RSS_SAMPLE t=657.1s rss=2780MB hwm=2780MB
RSS_SAMPLE t=657.4s rss=2780MB hwm=2780MB
RSS_SAMPLE t=657.6s rss=2780MB hwm=2780MB
RSS_SAMPLE t=657.9s rss=2780MB hwm=2780MB
RSS_SAMPLE t=658.1s rss=2780MB hwm=2780MB
RSS_SAMPLE t=658.4s rss=2780MB hwm=2780MB
RSS_SAMPLE t=658.6s rss=2780MB hwm=2780MB
RSS_SAMPLE t=658.9s rss=2780MB hwm=2780MB
RSS_SAMPLE t=659.1s rss=2780MB hwm=2780MB
RSS_SAMPLE t=659.4s rss=2780MB hwm=2780MB
RSS_SAMPLE t=659.6s rss=2780MB hwm=2780MB
RSS_SAMPLE t=659.9s rss=2780MB hwm=2780MB
RSS_SAMPLE t=660.1s rss=2780MB hwm=2780MB
RSS_SAMPLE t=660.4s rss=2780MB hwm=2780MB
RSS_SAMPLE t=660.6s rss=2780MB hwm=2780MB
RSS_SAMPLE t=660.9s rss=2780MB hwm=2780MB
RSS_SAMPLE t=661.1s rss=2780MB hwm=2780MB
RSS_SAMPLE t=661.4s rss=2780MB hwm=2780MB
RSS_SAMPLE t=661.6s rss=2780MB hwm=2780MB
RSS_SAMPLE t=661.9s rss=2780MB hwm=2780MB
RSS_SAMPLE t=662.1s rss=2780MB hwm=2780MB
RSS_SAMPLE t=662.4s rss=2780MB hwm=2780MB
RSS_SAMPLE t=662.6s rss=2780MB hwm=2780MB
RSS_SAMPLE t=662.9s rss=2780MB hwm=2780MB
RSS_SAMPLE t=663.1s rss=2780MB hwm=2780MB
RSS_SAMPLE t=663.4s rss=2780MB hwm=2780MB
RSS_SAMPLE t=663.6s rss=2780MB hwm=2780MB
RSS_SAMPLE t=663.9s rss=2780MB hwm=2780MB
RSS_SAMPLE t=664.1s rss=2780MB hwm=2780MB
RSS_SAMPLE t=664.4s rss=2780MB hwm=2780MB
RSS_SAMPLE t=664.6s rss=2780MB hwm=2780MB
RSS_SAMPLE t=664.9s rss=2780MB hwm=2780MB
RSS_SAMPLE t=665.1s rss=2780MB hwm=2780MB
RSS_SAMPLE t=665.4s rss=2780MB hwm=2780MB
RSS_SAMPLE t=665.6s rss=2780MB hwm=2780MB
RSS_SAMPLE t=665.9s rss=2780MB hwm=2780MB
RSS_SAMPLE t=666.1s rss=2780MB hwm=2780MB
RSS_SAMPLE t=666.4s rss=2780MB hwm=2780MB
RSS_SAMPLE t=666.6s rss=2780MB hwm=2780MB
RSS_SAMPLE t=666.9s rss=2780MB hwm=2780MB
RSS_SAMPLE t=667.1s rss=2780MB hwm=2780MB
RSS_SAMPLE t=667.4s rss=2780MB hwm=2780MB
RSS_SAMPLE t=667.6s rss=2780MB hwm=2780MB
RSS_SAMPLE t=667.9s rss=2780MB hwm=2780MB
RSS_SAMPLE t=668.1s rss=2780MB hwm=2780MB
RSS_SAMPLE t=668.4s rss=2780MB hwm=2780MB
RSS_SAMPLE t=668.6s rss=2780MB hwm=2780MB
RSS_SAMPLE t=668.9s rss=2780MB hwm=2780MB
RSS_SAMPLE t=669.1s rss=2780MB hwm=2780MB
RSS_SAMPLE t=669.4s rss=2780MB hwm=2780MB
RSS_SAMPLE t=669.6s rss=2780MB hwm=2780MB
RSS_SAMPLE t=669.9s rss=2780MB hwm=2780MB
RSS_SAMPLE t=670.1s rss=2780MB hwm=2780MB
RSS_SAMPLE t=670.4s rss=2780MB hwm=2780MB
RSS_SAMPLE t=670.6s rss=2780MB hwm=2780MB
RSS_SAMPLE t=670.9s rss=2780MB hwm=2780MB
RSS_SAMPLE t=671.1s rss=2780MB hwm=2780MB
MEM_POOL: workspaces=8 dense_usage_mb=313 n_pipes=2562403
    rss_probe[outer=3]: pre_post_solve=2746MB post_post_solve=2780MB after_apply=2780MB
    E_decomp: base=9052889.7 eff=1633699685698197.5 cong=1633699676645307.8 cong_share=100.0% sat_pipes=82129 max_util=975.38  R_buckets: 1-2x=84591 2-10x=16012 10-100x=20099 >=100x=2441701
    E_potential: beckmann=127152595600730.1 history_total=0.0
    SpanCache: epoch=4 entries=3266 lookups=2562403 hits=2559137 misses=3266 hit_rate=99.9%
  DCD   3: nets=105117 line=15571061 energy=37675381922.332 dE=+2893645478.211 friction=42376780.8 bins=2.0x(677) excess=264.6 moved=67194 disp=8.393 solves=105117 skip=105117 pops=719757723 theta=0.401 refresh=110728ms dcd=6779ms total=119961ms
    cache_stats: entries=47825532 capacity=85496001 est_mb=739 rss_mb=2781
RSS_SAMPLE t=671.4s rss=2781MB hwm=2781MB
RSS_SAMPLE t=671.6s rss=2781MB hwm=2781MB
RSS_SAMPLE t=671.9s rss=2781MB hwm=2781MB
RSS_SAMPLE t=672.1s rss=2781MB hwm=2781MB
RSS_SAMPLE t=672.4s rss=2781MB hwm=2781MB
RSS_SAMPLE t=672.6s rss=2781MB hwm=2781MB
RSS_SAMPLE t=672.9s rss=2781MB hwm=2781MB
RSS_SAMPLE t=673.1s rss=2781MB hwm=2781MB
RSS_SAMPLE t=673.4s rss=2781MB hwm=2781MB
RSS_SAMPLE t=673.6s rss=2781MB hwm=2781MB
    SwitchMatrix: type_usage_pairs=1470 lookups=2987 hits=1517 dijkstra_calls=1470 avg_us=9.9 total_ms=14.5
PHASE_MARK outer=4 enter=pre_solve rss=2781MB
    rss_probe[outer=4]: pre_refresh_rss=2781MB post_pre_solve_rss=2781MB cache_entries=47825532 cache_cap=85496001 cache_est_mb=739
    pre_solve_diag[outer=4]: solves=0 fallback=0 (0.0%) cap_armed=0 (0.0%) settle_avg=0 settle_max=0 init_count=56
    Overflow: over=80365 (3.1% of used) avg_excess=27.90 max_excess=3649.16 (nc=3673.16 cap=24 span=1)  excess_buckets: <=1=2501 1-5=34102 5-20=25051 >20=18711  by_cap: cap1=1108 cap2=67471 cap3-5=33 cap>5=11753  by_span: s1=643 s2-3=10618 s4-6=1769 s7-12=66399 s>12=936  le1_cross: cap1=763 cap2-5=1569 cap>5=169
    Congestion: pipes=2562403 used=2562403 congested(>50%)=101816 saturated(>90%)=82129 max_util=975.38 avg_util=0.2736
PHASE_MARK outer=4 enter=dcd_sweep rss=2781MB
RSS_SAMPLE t=673.9s rss=2781MB hwm=2781MB
RSS_SAMPLE t=674.1s rss=2781MB hwm=2781MB
RSS_SAMPLE t=674.4s rss=2781MB hwm=2781MB
RSS_SAMPLE t=674.6s rss=2781MB hwm=2781MB
RSS_SAMPLE t=674.9s rss=2781MB hwm=2781MB
RSS_SAMPLE t=675.2s rss=2781MB hwm=2781MB
RSS_SAMPLE t=675.4s rss=2781MB hwm=2781MB
RSS_SAMPLE t=675.7s rss=2781MB hwm=2781MB
RSS_SAMPLE t=675.9s rss=2781MB hwm=2781MB
RSS_SAMPLE t=676.2s rss=2781MB hwm=2781MB
RSS_SAMPLE t=676.4s rss=2781MB hwm=2781MB
RSS_SAMPLE t=676.7s rss=2781MB hwm=2781MB
RSS_SAMPLE t=676.9s rss=2781MB hwm=2781MB
RSS_SAMPLE t=677.2s rss=2781MB hwm=2781MB
RSS_SAMPLE t=677.4s rss=2781MB hwm=2781MB
RSS_SAMPLE t=677.7s rss=2781MB hwm=2781MB
RSS_SAMPLE t=677.9s rss=2781MB hwm=2781MB
RSS_SAMPLE t=678.2s rss=2781MB hwm=2781MB
RSS_SAMPLE t=678.4s rss=2781MB hwm=2781MB
RSS_SAMPLE t=678.7s rss=2781MB hwm=2781MB
RSS_SAMPLE t=678.9s rss=2781MB hwm=2781MB
RSS_SAMPLE t=679.2s rss=2781MB hwm=2781MB
RSS_SAMPLE t=679.4s rss=2781MB hwm=2781MB
RSS_SAMPLE t=679.7s rss=2781MB hwm=2781MB
RSS_SAMPLE t=679.9s rss=2781MB hwm=2781MB
RSS_SAMPLE t=680.2s rss=2781MB hwm=2781MB
PHASE_MARK outer=4 leave=dcd_sweep rss=2781MB
PHASE_MARK outer=4 enter=post_refresh rss=2781MB
RSS_SAMPLE t=680.4s rss=2781MB hwm=2781MB
RSS_SAMPLE t=680.7s rss=2781MB hwm=2781MB
RSS_SAMPLE t=680.9s rss=2781MB hwm=2781MB
RSS_SAMPLE t=681.2s rss=2781MB hwm=2781MB
RSS_SAMPLE t=681.4s rss=2781MB hwm=2781MB
RSS_SAMPLE t=681.7s rss=2781MB hwm=2781MB
RSS_SAMPLE t=681.9s rss=2781MB hwm=2781MB
RSS_SAMPLE t=682.2s rss=2781MB hwm=2781MB
RSS_SAMPLE t=682.4s rss=2781MB hwm=2781MB
RSS_SAMPLE t=682.7s rss=2781MB hwm=2781MB
RSS_SAMPLE t=682.9s rss=2781MB hwm=2781MB
RSS_SAMPLE t=683.2s rss=2781MB hwm=2781MB
RSS_SAMPLE t=683.4s rss=2781MB hwm=2781MB
RSS_SAMPLE t=683.7s rss=2781MB hwm=2781MB
RSS_SAMPLE t=683.9s rss=2781MB hwm=2781MB
RSS_SAMPLE t=684.2s rss=2781MB hwm=2781MB
RSS_SAMPLE t=684.4s rss=2781MB hwm=2781MB
RSS_SAMPLE t=684.7s rss=2782MB hwm=2782MB
RSS_SAMPLE t=684.9s rss=2782MB hwm=2782MB
RSS_SAMPLE t=685.2s rss=2782MB hwm=2782MB
RSS_SAMPLE t=685.4s rss=2782MB hwm=2782MB
RSS_SAMPLE t=685.7s rss=2782MB hwm=2782MB
RSS_SAMPLE t=685.9s rss=2782MB hwm=2782MB
RSS_SAMPLE t=686.2s rss=2782MB hwm=2782MB
RSS_SAMPLE t=686.4s rss=2782MB hwm=2782MB
RSS_SAMPLE t=686.7s rss=2782MB hwm=2782MB
RSS_SAMPLE t=686.9s rss=2782MB hwm=2782MB
RSS_SAMPLE t=687.2s rss=2782MB hwm=2782MB
RSS_SAMPLE t=687.4s rss=2782MB hwm=2782MB
RSS_SAMPLE t=687.7s rss=2783MB hwm=2783MB
RSS_SAMPLE t=687.9s rss=2783MB hwm=2783MB
RSS_SAMPLE t=688.2s rss=2783MB hwm=2783MB
RSS_SAMPLE t=688.4s rss=2783MB hwm=2783MB
RSS_SAMPLE t=688.7s rss=2783MB hwm=2783MB
RSS_SAMPLE t=688.9s rss=2783MB hwm=2783MB
RSS_SAMPLE t=689.2s rss=2783MB hwm=2783MB
RSS_SAMPLE t=689.4s rss=2783MB hwm=2783MB
RSS_SAMPLE t=689.7s rss=2783MB hwm=2783MB
RSS_SAMPLE t=689.9s rss=2783MB hwm=2783MB
RSS_SAMPLE t=690.2s rss=2783MB hwm=2783MB
RSS_SAMPLE t=690.4s rss=2783MB hwm=2783MB
RSS_SAMPLE t=690.7s rss=2783MB hwm=2783MB
RSS_SAMPLE t=690.9s rss=2783MB hwm=2783MB
RSS_SAMPLE t=691.2s rss=2783MB hwm=2783MB
RSS_SAMPLE t=691.4s rss=2783MB hwm=2783MB
RSS_SAMPLE t=691.7s rss=2783MB hwm=2783MB
RSS_SAMPLE t=691.9s rss=2783MB hwm=2783MB
RSS_SAMPLE t=692.2s rss=2783MB hwm=2783MB
RSS_SAMPLE t=692.4s rss=2783MB hwm=2783MB
RSS_SAMPLE t=692.7s rss=2783MB hwm=2783MB
RSS_SAMPLE t=692.9s rss=2783MB hwm=2783MB
RSS_SAMPLE t=693.2s rss=2783MB hwm=2783MB
RSS_SAMPLE t=693.4s rss=2783MB hwm=2783MB
RSS_SAMPLE t=693.7s rss=2783MB hwm=2783MB
RSS_SAMPLE t=693.9s rss=2783MB hwm=2783MB
RSS_SAMPLE t=694.2s rss=2783MB hwm=2783MB
RSS_SAMPLE t=694.4s rss=2783MB hwm=2783MB
RSS_SAMPLE t=694.7s rss=2783MB hwm=2783MB
RSS_SAMPLE t=694.9s rss=2783MB hwm=2783MB
RSS_SAMPLE t=695.2s rss=2783MB hwm=2783MB
RSS_SAMPLE t=695.4s rss=2783MB hwm=2783MB
RSS_SAMPLE t=695.7s rss=2783MB hwm=2783MB
RSS_SAMPLE t=695.9s rss=2783MB hwm=2783MB
RSS_SAMPLE t=696.2s rss=2783MB hwm=2783MB
RSS_SAMPLE t=696.4s rss=2783MB hwm=2783MB
RSS_SAMPLE t=696.7s rss=2783MB hwm=2783MB
RSS_SAMPLE t=696.9s rss=2783MB hwm=2783MB
RSS_SAMPLE t=697.2s rss=2784MB hwm=2784MB
RSS_SAMPLE t=697.4s rss=2784MB hwm=2784MB
RSS_SAMPLE t=697.7s rss=2784MB hwm=2784MB
RSS_SAMPLE t=697.9s rss=2784MB hwm=2784MB
RSS_SAMPLE t=698.2s rss=2784MB hwm=2784MB
RSS_SAMPLE t=698.4s rss=2784MB hwm=2784MB
RSS_SAMPLE t=698.7s rss=2784MB hwm=2784MB
RSS_SAMPLE t=698.9s rss=2784MB hwm=2784MB
RSS_SAMPLE t=699.2s rss=2784MB hwm=2784MB
RSS_SAMPLE t=699.4s rss=2784MB hwm=2784MB
RSS_SAMPLE t=699.7s rss=2784MB hwm=2784MB
RSS_SAMPLE t=699.9s rss=2784MB hwm=2784MB
RSS_SAMPLE t=700.2s rss=2784MB hwm=2784MB
RSS_SAMPLE t=700.4s rss=2784MB hwm=2784MB
RSS_SAMPLE t=700.7s rss=2784MB hwm=2784MB
RSS_SAMPLE t=700.9s rss=2784MB hwm=2784MB
RSS_SAMPLE t=701.2s rss=2784MB hwm=2784MB
RSS_SAMPLE t=701.4s rss=2784MB hwm=2784MB
RSS_SAMPLE t=701.7s rss=2784MB hwm=2784MB
RSS_SAMPLE t=701.9s rss=2784MB hwm=2784MB
RSS_SAMPLE t=702.2s rss=2784MB hwm=2784MB
RSS_SAMPLE t=702.4s rss=2785MB hwm=2785MB
RSS_SAMPLE t=702.7s rss=2785MB hwm=2785MB
RSS_SAMPLE t=702.9s rss=2786MB hwm=2786MB
RSS_SAMPLE t=703.2s rss=2786MB hwm=2786MB
RSS_SAMPLE t=703.4s rss=2786MB hwm=2786MB
RSS_SAMPLE t=703.7s rss=2787MB hwm=2787MB
RSS_SAMPLE t=703.9s rss=2787MB hwm=2787MB
RSS_SAMPLE t=704.2s rss=2788MB hwm=2788MB
RSS_SAMPLE t=704.4s rss=2788MB hwm=2788MB
RSS_SAMPLE t=704.7s rss=2788MB hwm=2788MB
RSS_SAMPLE t=704.9s rss=2789MB hwm=2789MB
RSS_SAMPLE t=705.2s rss=2789MB hwm=2789MB
RSS_SAMPLE t=705.4s rss=2790MB hwm=2790MB
RSS_SAMPLE t=705.7s rss=2790MB hwm=2790MB
RSS_SAMPLE t=705.9s rss=2790MB hwm=2790MB
RSS_SAMPLE t=706.2s rss=2790MB hwm=2790MB
RSS_SAMPLE t=706.4s rss=2791MB hwm=2791MB
RSS_SAMPLE t=706.7s rss=2791MB hwm=2791MB
RSS_SAMPLE t=706.9s rss=2791MB hwm=2791MB
RSS_SAMPLE t=707.2s rss=2791MB hwm=2791MB
RSS_SAMPLE t=707.4s rss=2792MB hwm=2792MB
RSS_SAMPLE t=707.7s rss=2792MB hwm=2792MB
RSS_SAMPLE t=707.9s rss=2792MB hwm=2792MB
RSS_SAMPLE t=708.2s rss=2792MB hwm=2792MB
RSS_SAMPLE t=708.4s rss=2792MB hwm=2792MB
RSS_SAMPLE t=708.7s rss=2792MB hwm=2792MB
RSS_SAMPLE t=708.9s rss=2793MB hwm=2793MB
RSS_SAMPLE t=709.2s rss=2793MB hwm=2793MB
RSS_SAMPLE t=709.4s rss=2793MB hwm=2793MB
RSS_SAMPLE t=709.7s rss=2793MB hwm=2793MB
RSS_SAMPLE t=709.9s rss=2794MB hwm=2794MB
RSS_SAMPLE t=710.2s rss=2794MB hwm=2794MB
RSS_SAMPLE t=710.4s rss=2794MB hwm=2794MB
RSS_SAMPLE t=710.7s rss=2794MB hwm=2794MB
RSS_SAMPLE t=710.9s rss=2794MB hwm=2794MB
RSS_SAMPLE t=711.2s rss=2794MB hwm=2794MB
RSS_SAMPLE t=711.4s rss=2794MB hwm=2794MB
RSS_SAMPLE t=711.7s rss=2795MB hwm=2795MB
RSS_SAMPLE t=711.9s rss=2795MB hwm=2795MB
RSS_SAMPLE t=712.2s rss=2795MB hwm=2795MB
RSS_SAMPLE t=712.4s rss=2795MB hwm=2795MB
RSS_SAMPLE t=712.7s rss=2795MB hwm=2795MB
RSS_SAMPLE t=712.9s rss=2795MB hwm=2795MB
RSS_SAMPLE t=713.2s rss=2795MB hwm=2795MB
RSS_SAMPLE t=713.4s rss=2796MB hwm=2796MB
RSS_SAMPLE t=713.7s rss=2796MB hwm=2796MB
RSS_SAMPLE t=713.9s rss=2796MB hwm=2796MB
RSS_SAMPLE t=714.2s rss=2796MB hwm=2796MB
RSS_SAMPLE t=714.4s rss=2797MB hwm=2797MB
RSS_SAMPLE t=714.7s rss=2797MB hwm=2797MB
RSS_SAMPLE t=714.9s rss=2797MB hwm=2797MB
RSS_SAMPLE t=715.2s rss=2797MB hwm=2797MB
RSS_SAMPLE t=715.4s rss=2797MB hwm=2797MB
RSS_SAMPLE t=715.7s rss=2798MB hwm=2798MB
RSS_SAMPLE t=715.9s rss=2798MB hwm=2798MB
RSS_SAMPLE t=716.2s rss=2798MB hwm=2798MB
RSS_SAMPLE t=716.4s rss=2799MB hwm=2799MB
RSS_SAMPLE t=716.7s rss=2799MB hwm=2799MB
RSS_SAMPLE t=716.9s rss=2799MB hwm=2799MB
RSS_SAMPLE t=717.2s rss=2799MB hwm=2799MB
RSS_SAMPLE t=717.4s rss=2800MB hwm=2800MB
RSS_SAMPLE t=717.7s rss=2800MB hwm=2800MB
RSS_SAMPLE t=717.9s rss=2800MB hwm=2800MB
RSS_SAMPLE t=718.2s rss=2800MB hwm=2800MB
RSS_SAMPLE t=718.4s rss=2800MB hwm=2800MB
RSS_SAMPLE t=718.7s rss=2800MB hwm=2800MB
RSS_SAMPLE t=718.9s rss=2800MB hwm=2800MB
RSS_SAMPLE t=719.2s rss=2800MB hwm=2800MB
RSS_SAMPLE t=719.4s rss=2800MB hwm=2800MB
RSS_SAMPLE t=719.7s rss=2800MB hwm=2800MB
RSS_SAMPLE t=719.9s rss=2800MB hwm=2800MB
RSS_SAMPLE t=720.2s rss=2800MB hwm=2800MB
RSS_SAMPLE t=720.4s rss=2800MB hwm=2800MB
RSS_SAMPLE t=720.7s rss=2800MB hwm=2800MB
RSS_SAMPLE t=720.9s rss=2800MB hwm=2800MB
RSS_SAMPLE t=721.2s rss=2800MB hwm=2800MB
RSS_SAMPLE t=721.4s rss=2800MB hwm=2800MB
RSS_SAMPLE t=721.7s rss=2800MB hwm=2800MB
RSS_SAMPLE t=721.9s rss=2800MB hwm=2800MB
RSS_SAMPLE t=722.2s rss=2800MB hwm=2800MB
RSS_SAMPLE t=722.4s rss=2801MB hwm=2801MB
RSS_SAMPLE t=722.7s rss=2801MB hwm=2801MB
RSS_SAMPLE t=722.9s rss=2801MB hwm=2801MB
RSS_SAMPLE t=723.2s rss=2801MB hwm=2801MB
RSS_SAMPLE t=723.4s rss=2801MB hwm=2801MB
RSS_SAMPLE t=723.7s rss=2801MB hwm=2801MB
RSS_SAMPLE t=723.9s rss=2801MB hwm=2801MB
RSS_SAMPLE t=724.2s rss=2801MB hwm=2801MB
RSS_SAMPLE t=724.4s rss=2801MB hwm=2801MB
RSS_SAMPLE t=724.7s rss=2801MB hwm=2801MB
RSS_SAMPLE t=724.9s rss=2801MB hwm=2801MB
RSS_SAMPLE t=725.2s rss=2801MB hwm=2801MB
RSS_SAMPLE t=725.4s rss=2801MB hwm=2801MB
RSS_SAMPLE t=725.7s rss=2801MB hwm=2801MB
RSS_SAMPLE t=725.9s rss=2801MB hwm=2801MB
RSS_SAMPLE t=726.2s rss=2801MB hwm=2801MB
RSS_SAMPLE t=726.4s rss=2801MB hwm=2801MB
RSS_SAMPLE t=726.7s rss=2801MB hwm=2801MB
RSS_SAMPLE t=726.9s rss=2801MB hwm=2801MB
RSS_SAMPLE t=727.2s rss=2801MB hwm=2801MB
RSS_SAMPLE t=727.4s rss=2801MB hwm=2801MB
RSS_SAMPLE t=727.7s rss=2801MB hwm=2801MB
RSS_SAMPLE t=727.9s rss=2801MB hwm=2801MB
RSS_SAMPLE t=728.2s rss=2801MB hwm=2801MB
RSS_SAMPLE t=728.4s rss=2801MB hwm=2801MB
RSS_SAMPLE t=728.7s rss=2801MB hwm=2801MB
RSS_SAMPLE t=728.9s rss=2801MB hwm=2801MB
RSS_SAMPLE t=729.2s rss=2802MB hwm=2802MB
RSS_SAMPLE t=729.4s rss=2802MB hwm=2802MB
RSS_SAMPLE t=729.7s rss=2802MB hwm=2802MB
RSS_SAMPLE t=729.9s rss=2802MB hwm=2802MB
RSS_SAMPLE t=730.2s rss=2802MB hwm=2802MB
RSS_SAMPLE t=730.4s rss=2802MB hwm=2802MB
RSS_SAMPLE t=730.7s rss=2802MB hwm=2802MB
RSS_SAMPLE t=730.9s rss=2802MB hwm=2802MB
RSS_SAMPLE t=731.2s rss=2802MB hwm=2802MB
RSS_SAMPLE t=731.4s rss=2802MB hwm=2802MB
RSS_SAMPLE t=731.7s rss=2802MB hwm=2802MB
RSS_SAMPLE t=731.9s rss=2802MB hwm=2802MB
RSS_SAMPLE t=732.2s rss=2803MB hwm=2803MB
RSS_SAMPLE t=732.4s rss=2803MB hwm=2803MB
RSS_SAMPLE t=732.7s rss=2803MB hwm=2803MB
RSS_SAMPLE t=732.9s rss=2803MB hwm=2803MB
RSS_SAMPLE t=733.2s rss=2803MB hwm=2803MB
RSS_SAMPLE t=733.4s rss=2803MB hwm=2803MB
RSS_SAMPLE t=733.7s rss=2803MB hwm=2803MB
RSS_SAMPLE t=733.9s rss=2803MB hwm=2803MB
RSS_SAMPLE t=734.2s rss=2803MB hwm=2803MB
RSS_SAMPLE t=734.4s rss=2803MB hwm=2803MB
RSS_SAMPLE t=734.7s rss=2803MB hwm=2803MB
RSS_SAMPLE t=734.9s rss=2803MB hwm=2803MB
RSS_SAMPLE t=735.2s rss=2803MB hwm=2803MB
RSS_SAMPLE t=735.4s rss=2803MB hwm=2803MB
RSS_SAMPLE t=735.7s rss=2803MB hwm=2803MB
RSS_SAMPLE t=735.9s rss=2803MB hwm=2803MB
RSS_SAMPLE t=736.2s rss=2803MB hwm=2803MB
RSS_SAMPLE t=736.4s rss=2803MB hwm=2803MB
RSS_SAMPLE t=736.7s rss=2803MB hwm=2803MB
RSS_SAMPLE t=736.9s rss=2803MB hwm=2803MB
RSS_SAMPLE t=737.2s rss=2803MB hwm=2803MB
RSS_SAMPLE t=737.4s rss=2803MB hwm=2803MB
RSS_SAMPLE t=737.7s rss=2803MB hwm=2803MB
RSS_SAMPLE t=737.9s rss=2803MB hwm=2803MB
RSS_SAMPLE t=738.2s rss=2803MB hwm=2803MB
RSS_SAMPLE t=738.4s rss=2803MB hwm=2803MB
RSS_SAMPLE t=738.7s rss=2803MB hwm=2803MB
RSS_SAMPLE t=738.9s rss=2803MB hwm=2803MB
RSS_SAMPLE t=739.2s rss=2803MB hwm=2803MB
RSS_SAMPLE t=739.4s rss=2804MB hwm=2804MB
RSS_SAMPLE t=739.7s rss=2804MB hwm=2804MB
RSS_SAMPLE t=739.9s rss=2804MB hwm=2804MB
RSS_SAMPLE t=740.2s rss=2804MB hwm=2804MB
RSS_SAMPLE t=740.4s rss=2804MB hwm=2804MB
RSS_SAMPLE t=740.7s rss=2804MB hwm=2804MB
RSS_SAMPLE t=740.9s rss=2804MB hwm=2804MB
RSS_SAMPLE t=741.2s rss=2804MB hwm=2804MB
RSS_SAMPLE t=741.4s rss=2804MB hwm=2804MB
RSS_SAMPLE t=741.7s rss=2804MB hwm=2804MB
RSS_SAMPLE t=741.9s rss=2804MB hwm=2804MB
RSS_SAMPLE t=742.2s rss=2804MB hwm=2804MB
RSS_SAMPLE t=742.4s rss=2804MB hwm=2804MB
RSS_SAMPLE t=742.7s rss=2804MB hwm=2804MB
RSS_SAMPLE t=742.9s rss=2804MB hwm=2804MB
RSS_SAMPLE t=743.2s rss=2804MB hwm=2804MB
RSS_SAMPLE t=743.4s rss=2804MB hwm=2804MB
RSS_SAMPLE t=743.7s rss=2804MB hwm=2804MB
RSS_SAMPLE t=743.9s rss=2805MB hwm=2805MB
RSS_SAMPLE t=744.2s rss=2805MB hwm=2805MB
RSS_SAMPLE t=744.4s rss=2805MB hwm=2805MB
RSS_SAMPLE t=744.7s rss=2805MB hwm=2805MB
RSS_SAMPLE t=744.9s rss=2805MB hwm=2805MB
RSS_SAMPLE t=745.2s rss=2805MB hwm=2805MB
RSS_SAMPLE t=745.4s rss=2805MB hwm=2805MB
RSS_SAMPLE t=745.7s rss=2805MB hwm=2805MB
RSS_SAMPLE t=745.9s rss=2805MB hwm=2805MB
RSS_SAMPLE t=746.2s rss=2805MB hwm=2805MB
RSS_SAMPLE t=746.4s rss=2805MB hwm=2805MB
RSS_SAMPLE t=746.7s rss=2805MB hwm=2805MB
RSS_SAMPLE t=746.9s rss=2805MB hwm=2805MB
RSS_SAMPLE t=747.2s rss=2805MB hwm=2805MB
RSS_SAMPLE t=747.4s rss=2805MB hwm=2805MB
RSS_SAMPLE t=747.7s rss=2805MB hwm=2805MB
RSS_SAMPLE t=747.9s rss=2805MB hwm=2805MB
RSS_SAMPLE t=748.2s rss=2805MB hwm=2805MB
RSS_SAMPLE t=748.4s rss=2806MB hwm=2806MB
RSS_SAMPLE t=748.7s rss=2806MB hwm=2806MB
RSS_SAMPLE t=748.9s rss=2806MB hwm=2806MB
RSS_SAMPLE t=749.2s rss=2806MB hwm=2806MB
RSS_SAMPLE t=749.4s rss=2806MB hwm=2806MB
RSS_SAMPLE t=749.7s rss=2806MB hwm=2806MB
RSS_SAMPLE t=749.9s rss=2806MB hwm=2806MB
RSS_SAMPLE t=750.2s rss=2806MB hwm=2806MB
RSS_SAMPLE t=750.4s rss=2806MB hwm=2806MB
RSS_SAMPLE t=750.7s rss=2806MB hwm=2806MB
RSS_SAMPLE t=750.9s rss=2806MB hwm=2806MB
RSS_SAMPLE t=751.2s rss=2806MB hwm=2806MB
RSS_SAMPLE t=751.4s rss=2806MB hwm=2806MB
RSS_SAMPLE t=751.7s rss=2806MB hwm=2806MB
RSS_SAMPLE t=751.9s rss=2806MB hwm=2806MB
RSS_SAMPLE t=752.2s rss=2806MB hwm=2806MB
RSS_SAMPLE t=752.4s rss=2806MB hwm=2806MB
RSS_SAMPLE t=752.7s rss=2806MB hwm=2806MB
RSS_SAMPLE t=752.9s rss=2806MB hwm=2806MB
RSS_SAMPLE t=753.2s rss=2806MB hwm=2806MB
RSS_SAMPLE t=753.4s rss=2806MB hwm=2806MB
RSS_SAMPLE t=753.7s rss=2806MB hwm=2806MB
RSS_SAMPLE t=753.9s rss=2806MB hwm=2806MB
RSS_SAMPLE t=754.2s rss=2806MB hwm=2806MB
RSS_SAMPLE t=754.4s rss=2806MB hwm=2806MB
RSS_SAMPLE t=754.7s rss=2806MB hwm=2806MB
RSS_SAMPLE t=754.9s rss=2806MB hwm=2806MB
RSS_SAMPLE t=755.2s rss=2806MB hwm=2806MB
RSS_SAMPLE t=755.4s rss=2806MB hwm=2806MB
RSS_SAMPLE t=755.7s rss=2806MB hwm=2806MB
RSS_SAMPLE t=755.9s rss=2806MB hwm=2806MB
RSS_SAMPLE t=756.2s rss=2806MB hwm=2806MB
RSS_SAMPLE t=756.4s rss=2806MB hwm=2806MB
RSS_SAMPLE t=756.7s rss=2806MB hwm=2806MB
RSS_SAMPLE t=757.0s rss=2806MB hwm=2806MB
RSS_SAMPLE t=757.2s rss=2806MB hwm=2806MB
RSS_SAMPLE t=757.5s rss=2806MB hwm=2806MB
RSS_SAMPLE t=757.7s rss=2806MB hwm=2806MB
RSS_SAMPLE t=758.0s rss=2806MB hwm=2806MB
RSS_SAMPLE t=758.2s rss=2806MB hwm=2806MB
RSS_SAMPLE t=758.5s rss=2806MB hwm=2806MB
RSS_SAMPLE t=758.7s rss=2806MB hwm=2806MB
RSS_SAMPLE t=759.0s rss=2806MB hwm=2806MB
RSS_SAMPLE t=759.2s rss=2806MB hwm=2806MB
RSS_SAMPLE t=759.5s rss=2806MB hwm=2806MB
RSS_SAMPLE t=759.7s rss=2807MB hwm=2807MB
RSS_SAMPLE t=760.0s rss=2807MB hwm=2807MB
RSS_SAMPLE t=760.2s rss=2807MB hwm=2807MB
RSS_SAMPLE t=760.5s rss=2807MB hwm=2807MB
RSS_SAMPLE t=760.7s rss=2807MB hwm=2807MB
RSS_SAMPLE t=761.0s rss=2807MB hwm=2807MB
RSS_SAMPLE t=761.2s rss=2807MB hwm=2807MB
RSS_SAMPLE t=761.5s rss=2807MB hwm=2807MB
RSS_SAMPLE t=761.7s rss=2807MB hwm=2807MB
RSS_SAMPLE t=762.0s rss=2807MB hwm=2807MB
RSS_SAMPLE t=762.2s rss=2807MB hwm=2807MB
RSS_SAMPLE t=762.5s rss=2807MB hwm=2807MB
RSS_SAMPLE t=762.7s rss=2807MB hwm=2807MB
RSS_SAMPLE t=763.0s rss=2807MB hwm=2807MB
RSS_SAMPLE t=763.2s rss=2807MB hwm=2807MB
RSS_SAMPLE t=763.5s rss=2807MB hwm=2807MB
RSS_SAMPLE t=763.7s rss=2807MB hwm=2807MB
RSS_SAMPLE t=764.0s rss=2807MB hwm=2807MB
RSS_SAMPLE t=764.2s rss=2807MB hwm=2807MB
RSS_SAMPLE t=764.5s rss=2808MB hwm=2808MB
RSS_SAMPLE t=764.7s rss=2808MB hwm=2808MB
RSS_SAMPLE t=765.0s rss=2808MB hwm=2808MB
RSS_SAMPLE t=765.2s rss=2808MB hwm=2808MB
RSS_SAMPLE t=765.5s rss=2808MB hwm=2808MB
RSS_SAMPLE t=765.7s rss=2808MB hwm=2808MB
RSS_SAMPLE t=766.0s rss=2808MB hwm=2808MB
RSS_SAMPLE t=766.2s rss=2808MB hwm=2808MB
RSS_SAMPLE t=766.5s rss=2808MB hwm=2808MB
RSS_SAMPLE t=766.7s rss=2808MB hwm=2808MB
RSS_SAMPLE t=767.0s rss=2808MB hwm=2808MB
RSS_SAMPLE t=767.2s rss=2808MB hwm=2808MB
RSS_SAMPLE t=767.5s rss=2808MB hwm=2808MB
RSS_SAMPLE t=767.7s rss=2808MB hwm=2808MB
RSS_SAMPLE t=768.0s rss=2808MB hwm=2808MB
RSS_SAMPLE t=768.2s rss=2808MB hwm=2808MB
RSS_SAMPLE t=768.5s rss=2808MB hwm=2808MB
RSS_SAMPLE t=768.7s rss=2808MB hwm=2808MB
RSS_SAMPLE t=769.0s rss=2808MB hwm=2808MB
RSS_SAMPLE t=769.2s rss=2808MB hwm=2808MB
RSS_SAMPLE t=769.5s rss=2808MB hwm=2808MB
RSS_SAMPLE t=769.7s rss=2808MB hwm=2808MB
RSS_SAMPLE t=770.0s rss=2808MB hwm=2808MB
RSS_SAMPLE t=770.2s rss=2808MB hwm=2808MB
RSS_SAMPLE t=770.5s rss=2808MB hwm=2808MB
RSS_SAMPLE t=770.7s rss=2808MB hwm=2808MB
RSS_SAMPLE t=771.0s rss=2808MB hwm=2808MB
RSS_SAMPLE t=771.2s rss=2808MB hwm=2808MB
RSS_SAMPLE t=771.5s rss=2808MB hwm=2808MB
RSS_SAMPLE t=771.7s rss=2808MB hwm=2808MB
RSS_SAMPLE t=772.0s rss=2808MB hwm=2808MB
RSS_SAMPLE t=772.2s rss=2808MB hwm=2808MB
RSS_SAMPLE t=772.5s rss=2808MB hwm=2808MB
RSS_SAMPLE t=772.7s rss=2808MB hwm=2808MB
RSS_SAMPLE t=773.0s rss=2808MB hwm=2808MB
RSS_SAMPLE t=773.2s rss=2808MB hwm=2808MB
RSS_SAMPLE t=773.5s rss=2808MB hwm=2808MB
RSS_SAMPLE t=773.7s rss=2808MB hwm=2808MB
RSS_SAMPLE t=774.0s rss=2808MB hwm=2808MB
RSS_SAMPLE t=774.2s rss=2808MB hwm=2808MB
RSS_SAMPLE t=774.5s rss=2808MB hwm=2808MB
RSS_SAMPLE t=774.7s rss=2808MB hwm=2808MB
RSS_SAMPLE t=775.0s rss=2808MB hwm=2808MB
RSS_SAMPLE t=775.2s rss=2808MB hwm=2808MB
RSS_SAMPLE t=775.5s rss=2808MB hwm=2808MB
RSS_SAMPLE t=775.7s rss=2808MB hwm=2808MB
RSS_SAMPLE t=776.0s rss=2808MB hwm=2808MB
RSS_SAMPLE t=776.2s rss=2808MB hwm=2808MB
RSS_SAMPLE t=776.5s rss=2808MB hwm=2808MB
RSS_SAMPLE t=776.7s rss=2808MB hwm=2808MB
RSS_SAMPLE t=777.0s rss=2808MB hwm=2808MB
RSS_SAMPLE t=777.2s rss=2808MB hwm=2808MB
RSS_SAMPLE t=777.5s rss=2808MB hwm=2808MB
RSS_SAMPLE t=777.7s rss=2808MB hwm=2808MB
RSS_SAMPLE t=778.0s rss=2808MB hwm=2808MB
RSS_SAMPLE t=778.2s rss=2808MB hwm=2808MB
RSS_SAMPLE t=778.5s rss=2808MB hwm=2808MB
RSS_SAMPLE t=778.7s rss=2808MB hwm=2808MB
RSS_SAMPLE t=779.0s rss=2808MB hwm=2808MB
RSS_SAMPLE t=779.2s rss=2808MB hwm=2808MB
RSS_SAMPLE t=779.5s rss=2808MB hwm=2808MB
RSS_SAMPLE t=779.7s rss=2808MB hwm=2808MB
RSS_SAMPLE t=780.0s rss=2808MB hwm=2808MB
RSS_SAMPLE t=780.2s rss=2808MB hwm=2808MB
RSS_SAMPLE t=780.5s rss=2808MB hwm=2808MB
RSS_SAMPLE t=780.7s rss=2808MB hwm=2808MB
RSS_SAMPLE t=781.0s rss=2808MB hwm=2808MB
RSS_SAMPLE t=781.2s rss=2808MB hwm=2808MB
RSS_SAMPLE t=781.5s rss=2808MB hwm=2808MB
RSS_SAMPLE t=781.7s rss=2808MB hwm=2808MB
RSS_SAMPLE t=782.0s rss=2808MB hwm=2808MB
RSS_SAMPLE t=782.2s rss=2808MB hwm=2808MB
RSS_SAMPLE t=782.5s rss=2808MB hwm=2808MB
MEM_POOL: workspaces=8 dense_usage_mb=313 n_pipes=2562403
    rss_probe[outer=4]: pre_post_solve=2781MB post_post_solve=2808MB after_apply=2808MB
RSS_SAMPLE t=782.7s rss=2808MB hwm=2808MB
    E_decomp: base=8433529.2 eff=319244142306789.0 cong=319244133873259.8 cong_share=100.0% sat_pipes=83152 max_util=1903.57  R_buckets: 1-2x=82843 2-10x=21007 10-100x=19452 >=100x=2439101
    E_potential: beckmann=286319047288190.9 history_total=0.0
    SpanCache: epoch=5 entries=2987 lookups=2562403 hits=2559416 misses=2987 hit_rate=99.9%
  DCD   4: nets=105117 line=15204753 energy=25684989477.787 dE=-11990392444.544 friction=31961111.8 bins=2.0x(575) excess=223.7 moved=66449 disp=7.446 solves=105117 skip=105117 pops=728097372 theta=0.470 refresh=102318ms dcd=6700ms total=111425ms
    cache_stats: entries=50818059 capacity=91302808 est_mb=788 rss_mb=2808
RSS_SAMPLE t=783.0s rss=2808MB hwm=2808MB
RSS_SAMPLE t=783.2s rss=2808MB hwm=2808MB
RSS_SAMPLE t=783.5s rss=2808MB hwm=2808MB
RSS_SAMPLE t=783.7s rss=2808MB hwm=2808MB
RSS_SAMPLE t=784.0s rss=2808MB hwm=2808MB
RSS_SAMPLE t=784.2s rss=2808MB hwm=2808MB
RSS_SAMPLE t=784.5s rss=2808MB hwm=2808MB
RSS_SAMPLE t=784.7s rss=2808MB hwm=2808MB
RSS_SAMPLE t=785.0s rss=2808MB hwm=2808MB
    SwitchMatrix: type_usage_pairs=1294 lookups=2574 hits=1280 dijkstra_calls=1294 avg_us=10.0 total_ms=12.9
PHASE_MARK outer=5 enter=pre_solve rss=2808MB
    rss_probe[outer=5]: pre_refresh_rss=2808MB post_pre_solve_rss=2808MB cache_entries=50818059 cache_cap=91302808 cache_est_mb=788
    pre_solve_diag[outer=5]: solves=0 fallback=0 (0.0%) cap_armed=0 (0.0%) settle_avg=0 settle_max=0 init_count=59
    Overflow: over=81616 (3.2% of used) avg_excess=25.38 max_excess=1947.20 (nc=1949.20 cap=2 span=7)  excess_buckets: <=1=2115 1-5=31757 5-20=27382 >20=20362  by_cap: cap1=1039 cap2=67363 cap3-5=20 cap>5=13194  by_span: s1=595 s2-3=12192 s4-6=1717 s7-12=66237 s>12=875  le1_cross: cap1=472 cap2-5=1465 cap>5=178
    Congestion: pipes=2562403 used=2562403 congested(>50%)=98678 saturated(>90%)=83152 max_util=1903.57 avg_util=0.2498
PHASE_MARK outer=5 enter=dcd_sweep rss=2808MB
RSS_SAMPLE t=785.2s rss=2808MB hwm=2808MB
RSS_SAMPLE t=785.5s rss=2808MB hwm=2808MB
RSS_SAMPLE t=785.7s rss=2808MB hwm=2808MB
RSS_SAMPLE t=786.0s rss=2808MB hwm=2808MB
RSS_SAMPLE t=786.2s rss=2808MB hwm=2808MB
RSS_SAMPLE t=786.5s rss=2808MB hwm=2808MB
RSS_SAMPLE t=786.7s rss=2808MB hwm=2808MB
RSS_SAMPLE t=787.0s rss=2808MB hwm=2808MB
RSS_SAMPLE t=787.2s rss=2808MB hwm=2808MB
RSS_SAMPLE t=787.5s rss=2808MB hwm=2808MB
RSS_SAMPLE t=787.7s rss=2808MB hwm=2808MB
RSS_SAMPLE t=788.0s rss=2808MB hwm=2808MB
RSS_SAMPLE t=788.2s rss=2808MB hwm=2808MB
RSS_SAMPLE t=788.5s rss=2808MB hwm=2808MB
RSS_SAMPLE t=788.7s rss=2808MB hwm=2808MB
RSS_SAMPLE t=789.0s rss=2808MB hwm=2808MB
RSS_SAMPLE t=789.2s rss=2808MB hwm=2808MB
RSS_SAMPLE t=789.5s rss=2808MB hwm=2808MB
RSS_SAMPLE t=789.7s rss=2808MB hwm=2808MB
RSS_SAMPLE t=790.0s rss=2808MB hwm=2808MB
RSS_SAMPLE t=790.2s rss=2808MB hwm=2808MB
RSS_SAMPLE t=790.5s rss=2808MB hwm=2808MB
RSS_SAMPLE t=790.7s rss=2808MB hwm=2808MB
RSS_SAMPLE t=791.0s rss=2808MB hwm=2808MB
RSS_SAMPLE t=791.2s rss=2808MB hwm=2808MB
RSS_SAMPLE t=791.5s rss=2808MB hwm=2808MB
RSS_SAMPLE t=791.7s rss=2808MB hwm=2808MB
PHASE_MARK outer=5 leave=dcd_sweep rss=2808MB
PHASE_MARK outer=5 enter=post_refresh rss=2808MB
RSS_SAMPLE t=792.0s rss=2810MB hwm=2810MB
RSS_SAMPLE t=792.2s rss=2810MB hwm=2810MB
RSS_SAMPLE t=792.5s rss=2810MB hwm=2810MB
RSS_SAMPLE t=792.7s rss=2810MB hwm=2810MB
RSS_SAMPLE t=793.0s rss=2810MB hwm=2810MB
RSS_SAMPLE t=793.2s rss=2810MB hwm=2810MB
RSS_SAMPLE t=793.5s rss=2810MB hwm=2810MB
RSS_SAMPLE t=793.7s rss=2810MB hwm=2810MB
RSS_SAMPLE t=794.0s rss=2810MB hwm=2810MB
RSS_SAMPLE t=794.2s rss=2810MB hwm=2810MB
RSS_SAMPLE t=794.5s rss=2810MB hwm=2810MB
RSS_SAMPLE t=794.7s rss=2810MB hwm=2810MB
RSS_SAMPLE t=795.0s rss=2810MB hwm=2810MB
RSS_SAMPLE t=795.2s rss=2810MB hwm=2810MB
RSS_SAMPLE t=795.5s rss=2810MB hwm=2810MB
RSS_SAMPLE t=795.7s rss=2810MB hwm=2810MB
RSS_SAMPLE t=796.0s rss=2811MB hwm=2811MB
RSS_SAMPLE t=796.2s rss=2811MB hwm=2811MB
RSS_SAMPLE t=796.5s rss=2811MB hwm=2811MB
RSS_SAMPLE t=796.7s rss=2811MB hwm=2811MB
RSS_SAMPLE t=797.0s rss=2811MB hwm=2811MB
RSS_SAMPLE t=797.2s rss=2811MB hwm=2811MB
RSS_SAMPLE t=797.5s rss=2811MB hwm=2811MB
RSS_SAMPLE t=797.7s rss=2811MB hwm=2811MB
RSS_SAMPLE t=798.0s rss=2811MB hwm=2811MB
RSS_SAMPLE t=798.2s rss=2811MB hwm=2811MB
RSS_SAMPLE t=798.5s rss=2811MB hwm=2811MB
RSS_SAMPLE t=798.7s rss=2811MB hwm=2811MB
RSS_SAMPLE t=799.0s rss=2811MB hwm=2811MB
RSS_SAMPLE t=799.2s rss=2811MB hwm=2811MB
RSS_SAMPLE t=799.5s rss=2811MB hwm=2811MB
RSS_SAMPLE t=799.7s rss=2811MB hwm=2811MB
RSS_SAMPLE t=800.0s rss=2812MB hwm=2812MB
RSS_SAMPLE t=800.2s rss=2812MB hwm=2812MB
RSS_SAMPLE t=800.5s rss=2812MB hwm=2812MB
RSS_SAMPLE t=800.7s rss=2812MB hwm=2812MB
RSS_SAMPLE t=801.0s rss=2812MB hwm=2812MB
RSS_SAMPLE t=801.2s rss=2812MB hwm=2812MB
RSS_SAMPLE t=801.5s rss=2812MB hwm=2812MB
RSS_SAMPLE t=801.7s rss=2812MB hwm=2812MB
RSS_SAMPLE t=802.0s rss=2812MB hwm=2812MB
RSS_SAMPLE t=802.2s rss=2812MB hwm=2812MB
RSS_SAMPLE t=802.5s rss=2812MB hwm=2812MB
RSS_SAMPLE t=802.7s rss=2812MB hwm=2812MB
RSS_SAMPLE t=803.0s rss=2812MB hwm=2812MB
RSS_SAMPLE t=803.2s rss=2813MB hwm=2813MB
RSS_SAMPLE t=803.5s rss=2813MB hwm=2813MB
RSS_SAMPLE t=803.7s rss=2813MB hwm=2813MB
RSS_SAMPLE t=804.0s rss=2813MB hwm=2813MB
RSS_SAMPLE t=804.2s rss=2813MB hwm=2813MB
RSS_SAMPLE t=804.5s rss=2813MB hwm=2813MB
RSS_SAMPLE t=804.7s rss=2813MB hwm=2813MB
RSS_SAMPLE t=805.0s rss=2813MB hwm=2813MB
RSS_SAMPLE t=805.2s rss=2813MB hwm=2813MB
RSS_SAMPLE t=805.5s rss=2813MB hwm=2813MB
RSS_SAMPLE t=805.7s rss=2813MB hwm=2813MB
RSS_SAMPLE t=806.0s rss=2814MB hwm=2814MB
RSS_SAMPLE t=806.2s rss=2814MB hwm=2814MB
RSS_SAMPLE t=806.5s rss=2814MB hwm=2814MB
RSS_SAMPLE t=806.7s rss=2814MB hwm=2814MB
RSS_SAMPLE t=807.0s rss=2814MB hwm=2814MB
RSS_SAMPLE t=807.2s rss=2814MB hwm=2814MB
RSS_SAMPLE t=807.5s rss=2814MB hwm=2814MB
RSS_SAMPLE t=807.7s rss=2814MB hwm=2814MB
RSS_SAMPLE t=808.0s rss=2814MB hwm=2814MB
RSS_SAMPLE t=808.2s rss=2814MB hwm=2814MB
RSS_SAMPLE t=808.5s rss=2815MB hwm=2815MB
RSS_SAMPLE t=808.7s rss=2815MB hwm=2815MB
RSS_SAMPLE t=809.0s rss=2815MB hwm=2815MB
RSS_SAMPLE t=809.2s rss=2815MB hwm=2815MB
RSS_SAMPLE t=809.5s rss=2815MB hwm=2815MB
RSS_SAMPLE t=809.7s rss=2815MB hwm=2815MB
RSS_SAMPLE t=810.0s rss=2815MB hwm=2815MB
RSS_SAMPLE t=810.2s rss=2815MB hwm=2815MB
RSS_SAMPLE t=810.5s rss=2816MB hwm=2816MB
RSS_SAMPLE t=810.7s rss=2816MB hwm=2816MB
RSS_SAMPLE t=811.0s rss=2816MB hwm=2816MB
RSS_SAMPLE t=811.2s rss=2816MB hwm=2816MB
RSS_SAMPLE t=811.5s rss=2816MB hwm=2816MB
RSS_SAMPLE t=811.7s rss=2816MB hwm=2816MB
RSS_SAMPLE t=812.0s rss=2816MB hwm=2816MB
RSS_SAMPLE t=812.2s rss=2816MB hwm=2816MB
RSS_SAMPLE t=812.5s rss=2816MB hwm=2816MB
RSS_SAMPLE t=812.7s rss=2816MB hwm=2816MB
RSS_SAMPLE t=813.0s rss=2816MB hwm=2816MB
RSS_SAMPLE t=813.2s rss=2816MB hwm=2816MB
RSS_SAMPLE t=813.5s rss=2816MB hwm=2816MB
RSS_SAMPLE t=813.7s rss=2816MB hwm=2816MB
RSS_SAMPLE t=814.0s rss=2816MB hwm=2816MB
RSS_SAMPLE t=814.2s rss=2816MB hwm=2816MB
RSS_SAMPLE t=814.5s rss=2816MB hwm=2816MB
RSS_SAMPLE t=814.7s rss=2817MB hwm=2817MB
RSS_SAMPLE t=815.0s rss=2817MB hwm=2817MB
RSS_SAMPLE t=815.2s rss=2817MB hwm=2817MB
RSS_SAMPLE t=815.5s rss=2817MB hwm=2817MB
RSS_SAMPLE t=815.7s rss=2817MB hwm=2817MB
RSS_SAMPLE t=816.0s rss=2817MB hwm=2817MB
RSS_SAMPLE t=816.2s rss=2818MB hwm=2818MB
RSS_SAMPLE t=816.5s rss=2818MB hwm=2818MB
RSS_SAMPLE t=816.7s rss=2818MB hwm=2818MB
RSS_SAMPLE t=817.0s rss=2819MB hwm=2819MB
RSS_SAMPLE t=817.2s rss=2819MB hwm=2819MB
RSS_SAMPLE t=817.5s rss=2819MB hwm=2819MB
RSS_SAMPLE t=817.7s rss=2819MB hwm=2819MB
RSS_SAMPLE t=818.0s rss=2820MB hwm=2820MB
RSS_SAMPLE t=818.2s rss=2820MB hwm=2820MB
RSS_SAMPLE t=818.5s rss=2820MB hwm=2820MB
RSS_SAMPLE t=818.7s rss=2820MB hwm=2820MB
RSS_SAMPLE t=819.0s rss=2820MB hwm=2820MB
RSS_SAMPLE t=819.2s rss=2821MB hwm=2821MB
RSS_SAMPLE t=819.5s rss=2821MB hwm=2821MB
RSS_SAMPLE t=819.7s rss=2821MB hwm=2821MB
RSS_SAMPLE t=820.0s rss=2821MB hwm=2821MB
RSS_SAMPLE t=820.2s rss=2821MB hwm=2821MB
RSS_SAMPLE t=820.5s rss=2821MB hwm=2821MB
RSS_SAMPLE t=820.7s rss=2821MB hwm=2821MB
RSS_SAMPLE t=821.0s rss=2821MB hwm=2821MB
RSS_SAMPLE t=821.2s rss=2821MB hwm=2821MB
RSS_SAMPLE t=821.5s rss=2822MB hwm=2822MB
RSS_SAMPLE t=821.7s rss=2822MB hwm=2822MB
RSS_SAMPLE t=822.0s rss=2822MB hwm=2822MB
RSS_SAMPLE t=822.2s rss=2822MB hwm=2822MB
RSS_SAMPLE t=822.5s rss=2822MB hwm=2822MB
RSS_SAMPLE t=822.7s rss=2822MB hwm=2822MB
RSS_SAMPLE t=823.0s rss=2822MB hwm=2822MB
RSS_SAMPLE t=823.2s rss=2823MB hwm=2823MB
RSS_SAMPLE t=823.5s rss=2823MB hwm=2823MB
RSS_SAMPLE t=823.7s rss=2823MB hwm=2823MB
RSS_SAMPLE t=824.0s rss=2823MB hwm=2823MB
RSS_SAMPLE t=824.2s rss=2823MB hwm=2823MB
RSS_SAMPLE t=824.5s rss=2824MB hwm=2824MB
RSS_SAMPLE t=824.7s rss=2824MB hwm=2824MB
RSS_SAMPLE t=825.0s rss=2824MB hwm=2824MB
RSS_SAMPLE t=825.2s rss=2824MB hwm=2824MB
RSS_SAMPLE t=825.5s rss=2824MB hwm=2824MB
RSS_SAMPLE t=825.7s rss=2824MB hwm=2824MB
RSS_SAMPLE t=826.0s rss=2825MB hwm=2825MB
RSS_SAMPLE t=826.2s rss=2825MB hwm=2825MB
RSS_SAMPLE t=826.5s rss=2825MB hwm=2825MB
RSS_SAMPLE t=826.7s rss=2825MB hwm=2825MB
RSS_SAMPLE t=827.0s rss=2825MB hwm=2825MB
RSS_SAMPLE t=827.2s rss=2825MB hwm=2825MB
RSS_SAMPLE t=827.5s rss=2825MB hwm=2825MB
RSS_SAMPLE t=827.7s rss=2825MB hwm=2825MB
RSS_SAMPLE t=828.0s rss=2825MB hwm=2825MB
RSS_SAMPLE t=828.2s rss=2825MB hwm=2825MB
RSS_SAMPLE t=828.5s rss=2825MB hwm=2825MB
RSS_SAMPLE t=828.7s rss=2825MB hwm=2825MB
RSS_SAMPLE t=829.0s rss=2826MB hwm=2826MB
RSS_SAMPLE t=829.2s rss=2826MB hwm=2826MB
RSS_SAMPLE t=829.5s rss=2826MB hwm=2826MB
RSS_SAMPLE t=829.7s rss=2826MB hwm=2826MB
RSS_SAMPLE t=830.0s rss=2826MB hwm=2826MB
RSS_SAMPLE t=830.2s rss=2826MB hwm=2826MB
RSS_SAMPLE t=830.5s rss=2826MB hwm=2826MB
RSS_SAMPLE t=830.7s rss=2826MB hwm=2826MB
RSS_SAMPLE t=831.0s rss=2826MB hwm=2826MB
RSS_SAMPLE t=831.2s rss=2826MB hwm=2826MB
RSS_SAMPLE t=831.5s rss=2826MB hwm=2826MB
RSS_SAMPLE t=831.7s rss=2826MB hwm=2826MB
RSS_SAMPLE t=832.0s rss=2826MB hwm=2826MB
RSS_SAMPLE t=832.2s rss=2826MB hwm=2826MB
RSS_SAMPLE t=832.5s rss=2826MB hwm=2826MB
RSS_SAMPLE t=832.7s rss=2826MB hwm=2826MB
RSS_SAMPLE t=833.0s rss=2826MB hwm=2826MB
RSS_SAMPLE t=833.2s rss=2827MB hwm=2827MB
RSS_SAMPLE t=833.5s rss=2827MB hwm=2827MB
RSS_SAMPLE t=833.7s rss=2827MB hwm=2827MB
RSS_SAMPLE t=834.0s rss=2827MB hwm=2827MB
RSS_SAMPLE t=834.2s rss=2827MB hwm=2827MB
RSS_SAMPLE t=834.5s rss=2827MB hwm=2827MB
RSS_SAMPLE t=834.7s rss=2827MB hwm=2827MB
RSS_SAMPLE t=835.0s rss=2827MB hwm=2827MB
RSS_SAMPLE t=835.2s rss=2827MB hwm=2827MB
RSS_SAMPLE t=835.5s rss=2827MB hwm=2827MB
RSS_SAMPLE t=835.7s rss=2827MB hwm=2827MB
RSS_SAMPLE t=836.0s rss=2827MB hwm=2827MB
RSS_SAMPLE t=836.2s rss=2827MB hwm=2827MB
RSS_SAMPLE t=836.5s rss=2827MB hwm=2827MB
RSS_SAMPLE t=836.7s rss=2827MB hwm=2827MB
RSS_SAMPLE t=837.0s rss=2827MB hwm=2827MB
RSS_SAMPLE t=837.2s rss=2827MB hwm=2827MB
RSS_SAMPLE t=837.5s rss=2827MB hwm=2827MB
RSS_SAMPLE t=837.7s rss=2827MB hwm=2827MB
RSS_SAMPLE t=838.0s rss=2827MB hwm=2827MB
RSS_SAMPLE t=838.2s rss=2828MB hwm=2828MB
RSS_SAMPLE t=838.5s rss=2828MB hwm=2828MB
RSS_SAMPLE t=838.7s rss=2828MB hwm=2828MB
RSS_SAMPLE t=839.0s rss=2828MB hwm=2828MB
RSS_SAMPLE t=839.2s rss=2828MB hwm=2828MB
RSS_SAMPLE t=839.5s rss=2828MB hwm=2828MB
RSS_SAMPLE t=839.7s rss=2828MB hwm=2828MB
RSS_SAMPLE t=840.0s rss=2828MB hwm=2828MB
RSS_SAMPLE t=840.2s rss=2828MB hwm=2828MB
RSS_SAMPLE t=840.5s rss=2828MB hwm=2828MB
RSS_SAMPLE t=840.7s rss=2828MB hwm=2828MB
RSS_SAMPLE t=841.0s rss=2828MB hwm=2828MB
RSS_SAMPLE t=841.3s rss=2828MB hwm=2828MB
RSS_SAMPLE t=841.5s rss=2828MB hwm=2828MB
RSS_SAMPLE t=841.8s rss=2828MB hwm=2828MB
RSS_SAMPLE t=842.0s rss=2828MB hwm=2828MB
RSS_SAMPLE t=842.3s rss=2828MB hwm=2828MB
RSS_SAMPLE t=842.5s rss=2828MB hwm=2828MB
RSS_SAMPLE t=842.8s rss=2828MB hwm=2828MB
RSS_SAMPLE t=843.0s rss=2828MB hwm=2828MB
RSS_SAMPLE t=843.3s rss=2828MB hwm=2828MB
RSS_SAMPLE t=843.5s rss=2828MB hwm=2828MB
RSS_SAMPLE t=843.8s rss=2828MB hwm=2828MB
RSS_SAMPLE t=844.0s rss=2828MB hwm=2828MB
RSS_SAMPLE t=844.3s rss=2828MB hwm=2828MB
RSS_SAMPLE t=844.5s rss=2828MB hwm=2828MB
RSS_SAMPLE t=844.8s rss=2828MB hwm=2828MB
RSS_SAMPLE t=845.0s rss=2828MB hwm=2828MB
RSS_SAMPLE t=845.3s rss=2828MB hwm=2828MB
RSS_SAMPLE t=845.5s rss=2828MB hwm=2828MB
RSS_SAMPLE t=845.8s rss=2828MB hwm=2828MB
RSS_SAMPLE t=846.0s rss=2828MB hwm=2828MB
RSS_SAMPLE t=846.3s rss=2828MB hwm=2828MB
RSS_SAMPLE t=846.5s rss=2828MB hwm=2828MB
RSS_SAMPLE t=846.8s rss=2828MB hwm=2828MB
RSS_SAMPLE t=847.0s rss=2829MB hwm=2829MB
RSS_SAMPLE t=847.3s rss=2829MB hwm=2829MB
RSS_SAMPLE t=847.5s rss=2829MB hwm=2829MB
RSS_SAMPLE t=847.8s rss=2829MB hwm=2829MB
RSS_SAMPLE t=848.0s rss=2829MB hwm=2829MB
RSS_SAMPLE t=848.3s rss=2829MB hwm=2829MB
RSS_SAMPLE t=848.5s rss=2829MB hwm=2829MB
RSS_SAMPLE t=848.8s rss=2829MB hwm=2829MB
RSS_SAMPLE t=849.0s rss=2829MB hwm=2829MB
RSS_SAMPLE t=849.3s rss=2829MB hwm=2829MB
RSS_SAMPLE t=849.5s rss=2829MB hwm=2829MB
RSS_SAMPLE t=849.8s rss=2829MB hwm=2829MB
RSS_SAMPLE t=850.0s rss=2829MB hwm=2829MB
RSS_SAMPLE t=850.3s rss=2829MB hwm=2829MB
RSS_SAMPLE t=850.5s rss=2829MB hwm=2829MB
RSS_SAMPLE t=850.8s rss=2829MB hwm=2829MB
RSS_SAMPLE t=851.0s rss=2829MB hwm=2829MB
RSS_SAMPLE t=851.3s rss=2829MB hwm=2829MB
RSS_SAMPLE t=851.5s rss=2829MB hwm=2829MB
RSS_SAMPLE t=851.8s rss=2829MB hwm=2829MB
RSS_SAMPLE t=852.0s rss=2829MB hwm=2829MB
RSS_SAMPLE t=852.3s rss=2829MB hwm=2829MB
RSS_SAMPLE t=852.5s rss=2829MB hwm=2829MB
RSS_SAMPLE t=852.8s rss=2829MB hwm=2829MB
RSS_SAMPLE t=853.0s rss=2829MB hwm=2829MB
RSS_SAMPLE t=853.3s rss=2829MB hwm=2829MB
RSS_SAMPLE t=853.5s rss=2829MB hwm=2829MB
RSS_SAMPLE t=853.8s rss=2830MB hwm=2830MB
RSS_SAMPLE t=854.0s rss=2830MB hwm=2830MB
RSS_SAMPLE t=854.3s rss=2830MB hwm=2830MB
RSS_SAMPLE t=854.5s rss=2830MB hwm=2830MB
RSS_SAMPLE t=854.8s rss=2830MB hwm=2830MB
RSS_SAMPLE t=855.0s rss=2830MB hwm=2830MB
RSS_SAMPLE t=855.3s rss=2830MB hwm=2830MB
RSS_SAMPLE t=855.5s rss=2830MB hwm=2830MB
RSS_SAMPLE t=855.8s rss=2830MB hwm=2830MB
RSS_SAMPLE t=856.0s rss=2830MB hwm=2830MB
RSS_SAMPLE t=856.3s rss=2830MB hwm=2830MB
RSS_SAMPLE t=856.5s rss=2830MB hwm=2830MB
RSS_SAMPLE t=856.8s rss=2830MB hwm=2830MB
RSS_SAMPLE t=857.0s rss=2830MB hwm=2830MB
RSS_SAMPLE t=857.3s rss=2830MB hwm=2830MB
RSS_SAMPLE t=857.5s rss=2830MB hwm=2830MB
RSS_SAMPLE t=857.8s rss=2830MB hwm=2830MB
RSS_SAMPLE t=858.0s rss=2830MB hwm=2830MB
RSS_SAMPLE t=858.3s rss=2830MB hwm=2830MB
RSS_SAMPLE t=858.5s rss=2830MB hwm=2830MB
RSS_SAMPLE t=858.8s rss=2830MB hwm=2830MB
RSS_SAMPLE t=859.0s rss=2830MB hwm=2830MB
RSS_SAMPLE t=859.3s rss=2830MB hwm=2830MB
RSS_SAMPLE t=859.5s rss=2830MB hwm=2830MB
RSS_SAMPLE t=859.8s rss=2830MB hwm=2830MB
RSS_SAMPLE t=860.0s rss=2830MB hwm=2830MB
RSS_SAMPLE t=860.3s rss=2830MB hwm=2830MB
RSS_SAMPLE t=860.5s rss=2830MB hwm=2830MB
RSS_SAMPLE t=860.8s rss=2830MB hwm=2830MB
RSS_SAMPLE t=861.0s rss=2830MB hwm=2830MB
RSS_SAMPLE t=861.3s rss=2830MB hwm=2830MB
RSS_SAMPLE t=861.5s rss=2830MB hwm=2830MB
RSS_SAMPLE t=861.8s rss=2830MB hwm=2830MB
RSS_SAMPLE t=862.0s rss=2831MB hwm=2831MB
RSS_SAMPLE t=862.3s rss=2831MB hwm=2831MB
RSS_SAMPLE t=862.5s rss=2831MB hwm=2831MB
RSS_SAMPLE t=862.8s rss=2831MB hwm=2831MB
RSS_SAMPLE t=863.0s rss=2831MB hwm=2831MB
RSS_SAMPLE t=863.3s rss=2831MB hwm=2831MB
RSS_SAMPLE t=863.5s rss=2831MB hwm=2831MB
RSS_SAMPLE t=863.8s rss=2831MB hwm=2831MB
RSS_SAMPLE t=864.0s rss=2831MB hwm=2831MB
RSS_SAMPLE t=864.3s rss=2831MB hwm=2831MB
RSS_SAMPLE t=864.5s rss=2831MB hwm=2831MB
RSS_SAMPLE t=864.8s rss=2831MB hwm=2831MB
RSS_SAMPLE t=865.0s rss=2831MB hwm=2831MB
RSS_SAMPLE t=865.3s rss=2831MB hwm=2831MB
RSS_SAMPLE t=865.5s rss=2831MB hwm=2831MB
RSS_SAMPLE t=865.8s rss=2831MB hwm=2831MB
RSS_SAMPLE t=866.0s rss=2831MB hwm=2831MB
RSS_SAMPLE t=866.3s rss=2831MB hwm=2831MB
RSS_SAMPLE t=866.5s rss=2831MB hwm=2831MB
RSS_SAMPLE t=866.8s rss=2831MB hwm=2831MB
RSS_SAMPLE t=867.0s rss=2831MB hwm=2831MB
RSS_SAMPLE t=867.3s rss=2831MB hwm=2831MB
RSS_SAMPLE t=867.5s rss=2831MB hwm=2831MB
RSS_SAMPLE t=867.8s rss=2831MB hwm=2831MB
RSS_SAMPLE t=868.0s rss=2831MB hwm=2831MB
RSS_SAMPLE t=868.3s rss=2831MB hwm=2831MB
RSS_SAMPLE t=868.5s rss=2831MB hwm=2831MB
RSS_SAMPLE t=868.8s rss=2831MB hwm=2831MB
RSS_SAMPLE t=869.0s rss=2831MB hwm=2831MB
RSS_SAMPLE t=869.3s rss=2831MB hwm=2831MB
RSS_SAMPLE t=869.5s rss=2831MB hwm=2831MB
RSS_SAMPLE t=869.8s rss=2831MB hwm=2831MB
RSS_SAMPLE t=870.0s rss=2831MB hwm=2831MB
RSS_SAMPLE t=870.3s rss=2831MB hwm=2831MB
RSS_SAMPLE t=870.5s rss=2831MB hwm=2831MB
RSS_SAMPLE t=870.8s rss=2831MB hwm=2831MB
RSS_SAMPLE t=871.0s rss=2831MB hwm=2831MB
RSS_SAMPLE t=871.3s rss=2831MB hwm=2831MB
RSS_SAMPLE t=871.5s rss=2831MB hwm=2831MB
RSS_SAMPLE t=871.8s rss=2831MB hwm=2831MB
RSS_SAMPLE t=872.0s rss=2831MB hwm=2831MB
RSS_SAMPLE t=872.3s rss=2831MB hwm=2831MB
RSS_SAMPLE t=872.5s rss=2831MB hwm=2831MB
RSS_SAMPLE t=872.8s rss=2831MB hwm=2831MB
RSS_SAMPLE t=873.0s rss=2831MB hwm=2831MB
RSS_SAMPLE t=873.3s rss=2831MB hwm=2831MB
RSS_SAMPLE t=873.5s rss=2832MB hwm=2832MB
RSS_SAMPLE t=873.8s rss=2832MB hwm=2832MB
RSS_SAMPLE t=874.0s rss=2832MB hwm=2832MB
RSS_SAMPLE t=874.3s rss=2832MB hwm=2832MB
RSS_SAMPLE t=874.5s rss=2832MB hwm=2832MB
RSS_SAMPLE t=874.8s rss=2832MB hwm=2832MB
RSS_SAMPLE t=875.0s rss=2832MB hwm=2832MB
RSS_SAMPLE t=875.3s rss=2832MB hwm=2832MB
RSS_SAMPLE t=875.5s rss=2832MB hwm=2832MB
RSS_SAMPLE t=875.8s rss=2832MB hwm=2832MB
RSS_SAMPLE t=876.0s rss=2832MB hwm=2832MB
RSS_SAMPLE t=876.3s rss=2832MB hwm=2832MB
RSS_SAMPLE t=876.5s rss=2832MB hwm=2832MB
RSS_SAMPLE t=876.8s rss=2832MB hwm=2832MB
RSS_SAMPLE t=877.0s rss=2832MB hwm=2832MB
RSS_SAMPLE t=877.3s rss=2832MB hwm=2832MB
RSS_SAMPLE t=877.5s rss=2832MB hwm=2832MB
RSS_SAMPLE t=877.8s rss=2832MB hwm=2832MB
RSS_SAMPLE t=878.0s rss=2832MB hwm=2832MB
RSS_SAMPLE t=878.3s rss=2832MB hwm=2832MB
RSS_SAMPLE t=878.5s rss=2832MB hwm=2832MB
RSS_SAMPLE t=878.8s rss=2832MB hwm=2832MB
RSS_SAMPLE t=879.0s rss=2832MB hwm=2832MB
RSS_SAMPLE t=879.3s rss=2832MB hwm=2832MB
RSS_SAMPLE t=879.5s rss=2832MB hwm=2832MB
RSS_SAMPLE t=879.8s rss=2832MB hwm=2832MB
RSS_SAMPLE t=880.0s rss=2832MB hwm=2832MB
RSS_SAMPLE t=880.3s rss=2832MB hwm=2832MB
RSS_SAMPLE t=880.5s rss=2832MB hwm=2832MB
RSS_SAMPLE t=880.8s rss=2832MB hwm=2832MB
RSS_SAMPLE t=881.0s rss=2832MB hwm=2832MB
RSS_SAMPLE t=881.3s rss=2832MB hwm=2832MB
RSS_SAMPLE t=881.5s rss=2832MB hwm=2832MB
RSS_SAMPLE t=881.8s rss=2832MB hwm=2832MB
RSS_SAMPLE t=882.0s rss=2832MB hwm=2832MB
RSS_SAMPLE t=882.3s rss=2832MB hwm=2832MB
RSS_SAMPLE t=882.5s rss=2832MB hwm=2832MB
RSS_SAMPLE t=882.8s rss=2832MB hwm=2832MB
RSS_SAMPLE t=883.0s rss=2832MB hwm=2832MB
RSS_SAMPLE t=883.3s rss=2832MB hwm=2832MB
RSS_SAMPLE t=883.5s rss=2832MB hwm=2832MB
RSS_SAMPLE t=883.8s rss=2832MB hwm=2832MB
RSS_SAMPLE t=884.0s rss=2832MB hwm=2832MB
RSS_SAMPLE t=884.3s rss=2832MB hwm=2832MB
RSS_SAMPLE t=884.5s rss=2832MB hwm=2832MB
RSS_SAMPLE t=884.8s rss=2832MB hwm=2832MB
RSS_SAMPLE t=885.0s rss=2832MB hwm=2832MB
RSS_SAMPLE t=885.3s rss=2832MB hwm=2832MB
RSS_SAMPLE t=885.5s rss=2832MB hwm=2832MB
RSS_SAMPLE t=885.8s rss=2832MB hwm=2832MB
RSS_SAMPLE t=886.0s rss=2832MB hwm=2832MB
RSS_SAMPLE t=886.3s rss=2832MB hwm=2832MB
RSS_SAMPLE t=886.5s rss=2833MB hwm=2833MB
RSS_SAMPLE t=886.8s rss=2833MB hwm=2833MB
RSS_SAMPLE t=887.0s rss=2833MB hwm=2833MB
RSS_SAMPLE t=887.3s rss=2833MB hwm=2833MB
RSS_SAMPLE t=887.5s rss=2833MB hwm=2833MB
RSS_SAMPLE t=887.8s rss=2833MB hwm=2833MB
RSS_SAMPLE t=888.0s rss=2833MB hwm=2833MB
RSS_SAMPLE t=888.3s rss=2833MB hwm=2833MB
RSS_SAMPLE t=888.5s rss=2833MB hwm=2833MB
RSS_SAMPLE t=888.8s rss=2833MB hwm=2833MB
RSS_SAMPLE t=889.0s rss=2833MB hwm=2833MB
RSS_SAMPLE t=889.3s rss=2833MB hwm=2833MB
RSS_SAMPLE t=889.5s rss=2833MB hwm=2833MB
RSS_SAMPLE t=889.8s rss=2833MB hwm=2833MB
RSS_SAMPLE t=890.0s rss=2833MB hwm=2833MB
RSS_SAMPLE t=890.3s rss=2833MB hwm=2833MB
RSS_SAMPLE t=890.5s rss=2833MB hwm=2833MB
RSS_SAMPLE t=890.8s rss=2833MB hwm=2833MB
RSS_SAMPLE t=891.0s rss=2833MB hwm=2833MB
RSS_SAMPLE t=891.3s rss=2833MB hwm=2833MB
RSS_SAMPLE t=891.5s rss=2833MB hwm=2833MB
RSS_SAMPLE t=891.8s rss=2833MB hwm=2833MB
RSS_SAMPLE t=892.0s rss=2833MB hwm=2833MB
RSS_SAMPLE t=892.3s rss=2833MB hwm=2833MB
RSS_SAMPLE t=892.5s rss=2833MB hwm=2833MB
RSS_SAMPLE t=892.8s rss=2833MB hwm=2833MB
RSS_SAMPLE t=893.0s rss=2833MB hwm=2833MB
RSS_SAMPLE t=893.3s rss=2833MB hwm=2833MB
RSS_SAMPLE t=893.5s rss=2833MB hwm=2833MB
RSS_SAMPLE t=893.8s rss=2833MB hwm=2833MB
RSS_SAMPLE t=894.0s rss=2833MB hwm=2833MB
RSS_SAMPLE t=894.3s rss=2833MB hwm=2833MB
RSS_SAMPLE t=894.5s rss=2833MB hwm=2833MB
RSS_SAMPLE t=894.8s rss=2833MB hwm=2833MB
RSS_SAMPLE t=895.0s rss=2833MB hwm=2833MB
RSS_SAMPLE t=895.3s rss=2833MB hwm=2833MB
RSS_SAMPLE t=895.5s rss=2833MB hwm=2833MB
RSS_SAMPLE t=895.8s rss=2833MB hwm=2833MB
RSS_SAMPLE t=896.0s rss=2833MB hwm=2833MB
RSS_SAMPLE t=896.3s rss=2833MB hwm=2833MB
RSS_SAMPLE t=896.5s rss=2833MB hwm=2833MB
RSS_SAMPLE t=896.8s rss=2833MB hwm=2833MB
RSS_SAMPLE t=897.0s rss=2833MB hwm=2833MB
RSS_SAMPLE t=897.3s rss=2833MB hwm=2833MB
RSS_SAMPLE t=897.5s rss=2833MB hwm=2833MB
RSS_SAMPLE t=897.8s rss=2833MB hwm=2833MB
RSS_SAMPLE t=898.0s rss=2833MB hwm=2833MB
RSS_SAMPLE t=898.3s rss=2833MB hwm=2833MB
RSS_SAMPLE t=898.5s rss=2833MB hwm=2833MB
RSS_SAMPLE t=898.8s rss=2833MB hwm=2833MB
RSS_SAMPLE t=899.0s rss=2833MB hwm=2833MB
RSS_SAMPLE t=899.3s rss=2833MB hwm=2833MB
RSS_SAMPLE t=899.5s rss=2833MB hwm=2833MB
RSS_SAMPLE t=899.8s rss=2833MB hwm=2833MB
RSS_SAMPLE t=900.0s rss=2833MB hwm=2833MB
RSS_SAMPLE t=900.3s rss=2833MB hwm=2833MB
RSS_SAMPLE t=900.5s rss=2833MB hwm=2833MB
RSS_SAMPLE t=900.8s rss=2833MB hwm=2833MB
RSS_SAMPLE t=901.0s rss=2833MB hwm=2833MB
RSS_SAMPLE t=901.3s rss=2833MB hwm=2833MB
RSS_SAMPLE t=901.5s rss=2833MB hwm=2833MB
RSS_SAMPLE t=901.8s rss=2833MB hwm=2833MB
RSS_SAMPLE t=902.0s rss=2833MB hwm=2833MB
RSS_SAMPLE t=902.3s rss=2833MB hwm=2833MB
MEM_POOL: workspaces=8 dense_usage_mb=313 n_pipes=2562403
    rss_probe[outer=5]: pre_post_solve=2810MB post_post_solve=2833MB after_apply=2833MB
RSS_SAMPLE t=902.5s rss=2834MB hwm=2834MB
    E_decomp: base=7488786.7 eff=716369753354035.4 cong=716369745865248.8 cong_share=100.0% sat_pipes=82765 max_util=1897.56  R_buckets: 1-2x=81702 2-10x=20103 10-100x=81251 >=100x=2379347
    E_potential: beckmann=122024342981331.0 history_total=0.0
    SpanCache: epoch=6 entries=2574 lookups=2562403 hits=2559829 misses=2574 hit_rate=99.9%
  DCD   5: nets=105117 line=14842371 energy=2977969914.390 dE=-22707019563.398 friction=18520386.1 bins=2.0x(417) excess=157.4 moved=65739 disp=6.566 solves=105117 skip=105117 pops=742992593 theta=0.550 refresh=110686ms dcd=6728ms total=119841ms
    cache_stats: entries=52526456 capacity=95297023 est_mb=823 rss_mb=2834
RSS_SAMPLE t=902.8s rss=2834MB hwm=2834MB
RSS_SAMPLE t=903.0s rss=2834MB hwm=2834MB
RSS_SAMPLE t=903.3s rss=2834MB hwm=2834MB
RSS_SAMPLE t=903.5s rss=2834MB hwm=2834MB
RSS_SAMPLE t=903.8s rss=2834MB hwm=2834MB
RSS_SAMPLE t=904.0s rss=2834MB hwm=2834MB
RSS_SAMPLE t=904.3s rss=2834MB hwm=2834MB
RSS_SAMPLE t=904.5s rss=2834MB hwm=2834MB
RSS_SAMPLE t=904.8s rss=2834MB hwm=2834MB
    SwitchMatrix: type_usage_pairs=1065 lookups=2136 hits=1071 dijkstra_calls=1065 avg_us=10.4 total_ms=11.0
PHASE_MARK outer=6 enter=pre_solve rss=2834MB
    rss_probe[outer=6]: pre_refresh_rss=2834MB post_pre_solve_rss=2834MB cache_entries=52526456 cache_cap=95297023 cache_est_mb=823
    pre_solve_diag[outer=6]: solves=0 fallback=0 (0.0%) cap_armed=0 (0.0%) settle_avg=0 settle_max=0 init_count=56
    Overflow: over=81148 (3.2% of used) avg_excess=20.34 max_excess=2485.35 (nc=2509.35 cap=24 span=1)  excess_buckets: <=1=1836 1-5=31103 5-20=29368 >20=18841  by_cap: cap1=589 cap2=67395 cap3-5=54 cap>5=13110  by_span: s1=561 s2-3=12037 s4-6=1837 s7-12=66081 s>12=632  le1_cross: cap1=240 cap2-5=1383 cap>5=213
    Congestion: pipes=2562403 used=2562403 congested(>50%)=99355 saturated(>90%)=82765 max_util=1897.56 avg_util=0.2130
PHASE_MARK outer=6 enter=dcd_sweep rss=2834MB
RSS_SAMPLE t=905.0s rss=2834MB hwm=2834MB
RSS_SAMPLE t=905.3s rss=2834MB hwm=2834MB
RSS_SAMPLE t=905.5s rss=2834MB hwm=2834MB
RSS_SAMPLE t=905.8s rss=2834MB hwm=2834MB
RSS_SAMPLE t=906.0s rss=2834MB hwm=2834MB
RSS_SAMPLE t=906.3s rss=2834MB hwm=2834MB
RSS_SAMPLE t=906.5s rss=2834MB hwm=2834MB
RSS_SAMPLE t=906.8s rss=2834MB hwm=2834MB
RSS_SAMPLE t=907.0s rss=2834MB hwm=2834MB
RSS_SAMPLE t=907.3s rss=2834MB hwm=2834MB
RSS_SAMPLE t=907.5s rss=2834MB hwm=2834MB
RSS_SAMPLE t=907.8s rss=2834MB hwm=2834MB
RSS_SAMPLE t=908.0s rss=2834MB hwm=2834MB
RSS_SAMPLE t=908.3s rss=2834MB hwm=2834MB
RSS_SAMPLE t=908.5s rss=2834MB hwm=2834MB
RSS_SAMPLE t=908.8s rss=2834MB hwm=2834MB
RSS_SAMPLE t=909.0s rss=2834MB hwm=2834MB
RSS_SAMPLE t=909.3s rss=2834MB hwm=2834MB
RSS_SAMPLE t=909.5s rss=2834MB hwm=2834MB
RSS_SAMPLE t=909.8s rss=2834MB hwm=2834MB
RSS_SAMPLE t=910.0s rss=2834MB hwm=2834MB
RSS_SAMPLE t=910.3s rss=2834MB hwm=2834MB
RSS_SAMPLE t=910.5s rss=2834MB hwm=2834MB
RSS_SAMPLE t=910.8s rss=2834MB hwm=2834MB
RSS_SAMPLE t=911.0s rss=2834MB hwm=2834MB
RSS_SAMPLE t=911.3s rss=2834MB hwm=2834MB
RSS_SAMPLE t=911.5s rss=2834MB hwm=2834MB
PHASE_MARK outer=6 leave=dcd_sweep rss=2834MB
PHASE_MARK outer=6 enter=post_refresh rss=2834MB
RSS_SAMPLE t=911.8s rss=2834MB hwm=2834MB
RSS_SAMPLE t=912.0s rss=2834MB hwm=2834MB
RSS_SAMPLE t=912.3s rss=2834MB hwm=2834MB
RSS_SAMPLE t=912.5s rss=2834MB hwm=2834MB
RSS_SAMPLE t=912.8s rss=2834MB hwm=2834MB
RSS_SAMPLE t=913.0s rss=2834MB hwm=2834MB
RSS_SAMPLE t=913.3s rss=2834MB hwm=2834MB
RSS_SAMPLE t=913.5s rss=2834MB hwm=2834MB
RSS_SAMPLE t=913.8s rss=2834MB hwm=2834MB
RSS_SAMPLE t=914.0s rss=2834MB hwm=2834MB
RSS_SAMPLE t=914.3s rss=2834MB hwm=2834MB
RSS_SAMPLE t=914.5s rss=2835MB hwm=2835MB
RSS_SAMPLE t=914.8s rss=2835MB hwm=2835MB
RSS_SAMPLE t=915.0s rss=2835MB hwm=2835MB
RSS_SAMPLE t=915.3s rss=2835MB hwm=2835MB
RSS_SAMPLE t=915.5s rss=2835MB hwm=2835MB
RSS_SAMPLE t=915.8s rss=2835MB hwm=2835MB
RSS_SAMPLE t=916.0s rss=2835MB hwm=2835MB
RSS_SAMPLE t=916.3s rss=2835MB hwm=2835MB
RSS_SAMPLE t=916.5s rss=2836MB hwm=2836MB
RSS_SAMPLE t=916.8s rss=2836MB hwm=2836MB
RSS_SAMPLE t=917.0s rss=2836MB hwm=2836MB
RSS_SAMPLE t=917.3s rss=2836MB hwm=2836MB
RSS_SAMPLE t=917.5s rss=2836MB hwm=2836MB
RSS_SAMPLE t=917.8s rss=2836MB hwm=2836MB
RSS_SAMPLE t=918.0s rss=2837MB hwm=2837MB
RSS_SAMPLE t=918.3s rss=2837MB hwm=2837MB
RSS_SAMPLE t=918.5s rss=2837MB hwm=2837MB
RSS_SAMPLE t=918.8s rss=2837MB hwm=2837MB
RSS_SAMPLE t=919.0s rss=2837MB hwm=2837MB
RSS_SAMPLE t=919.3s rss=2837MB hwm=2837MB
RSS_SAMPLE t=919.5s rss=2838MB hwm=2838MB
RSS_SAMPLE t=919.8s rss=2838MB hwm=2838MB
RSS_SAMPLE t=920.0s rss=2838MB hwm=2838MB
RSS_SAMPLE t=920.3s rss=2838MB hwm=2838MB
RSS_SAMPLE t=920.5s rss=2839MB hwm=2839MB
RSS_SAMPLE t=920.8s rss=2839MB hwm=2839MB
RSS_SAMPLE t=921.0s rss=2839MB hwm=2839MB
RSS_SAMPLE t=921.3s rss=2839MB hwm=2839MB
RSS_SAMPLE t=921.5s rss=2839MB hwm=2839MB
RSS_SAMPLE t=921.8s rss=2840MB hwm=2840MB
RSS_SAMPLE t=922.0s rss=2840MB hwm=2840MB
RSS_SAMPLE t=922.3s rss=2840MB hwm=2840MB
RSS_SAMPLE t=922.5s rss=2840MB hwm=2840MB
RSS_SAMPLE t=922.8s rss=2840MB hwm=2840MB
RSS_SAMPLE t=923.0s rss=2840MB hwm=2840MB
RSS_SAMPLE t=923.3s rss=2841MB hwm=2841MB
RSS_SAMPLE t=923.5s rss=2841MB hwm=2841MB
RSS_SAMPLE t=923.8s rss=2841MB hwm=2841MB
RSS_SAMPLE t=924.0s rss=2841MB hwm=2841MB
RSS_SAMPLE t=924.3s rss=2842MB hwm=2842MB
RSS_SAMPLE t=924.5s rss=2842MB hwm=2842MB
RSS_SAMPLE t=924.8s rss=2842MB hwm=2842MB
RSS_SAMPLE t=925.0s rss=2842MB hwm=2842MB
RSS_SAMPLE t=925.3s rss=2843MB hwm=2843MB
RSS_SAMPLE t=925.5s rss=2843MB hwm=2843MB
RSS_SAMPLE t=925.8s rss=2843MB hwm=2843MB
RSS_SAMPLE t=926.0s rss=2844MB hwm=2844MB
RSS_SAMPLE t=926.3s rss=2844MB hwm=2844MB
RSS_SAMPLE t=926.5s rss=2844MB hwm=2844MB
RSS_SAMPLE t=926.8s rss=2845MB hwm=2845MB
RSS_SAMPLE t=927.0s rss=2845MB hwm=2845MB
RSS_SAMPLE t=927.3s rss=2845MB hwm=2845MB
RSS_SAMPLE t=927.5s rss=2845MB hwm=2845MB
RSS_SAMPLE t=927.8s rss=2845MB hwm=2845MB
RSS_SAMPLE t=928.0s rss=2845MB hwm=2845MB
RSS_SAMPLE t=928.3s rss=2846MB hwm=2846MB
RSS_SAMPLE t=928.5s rss=2846MB hwm=2846MB
RSS_SAMPLE t=928.8s rss=2846MB hwm=2846MB
RSS_SAMPLE t=929.0s rss=2847MB hwm=2847MB
RSS_SAMPLE t=929.3s rss=2847MB hwm=2847MB
RSS_SAMPLE t=929.5s rss=2847MB hwm=2847MB
RSS_SAMPLE t=929.8s rss=2847MB hwm=2847MB
RSS_SAMPLE t=930.0s rss=2848MB hwm=2848MB
RSS_SAMPLE t=930.3s rss=2848MB hwm=2848MB
RSS_SAMPLE t=930.5s rss=2849MB hwm=2849MB
RSS_SAMPLE t=930.8s rss=2849MB hwm=2849MB
RSS_SAMPLE t=931.0s rss=2849MB hwm=2849MB
RSS_SAMPLE t=931.3s rss=2850MB hwm=2850MB
RSS_SAMPLE t=931.6s rss=2850MB hwm=2850MB
RSS_SAMPLE t=931.8s rss=2850MB hwm=2850MB
RSS_SAMPLE t=932.1s rss=2850MB hwm=2850MB
RSS_SAMPLE t=932.3s rss=2851MB hwm=2851MB
RSS_SAMPLE t=932.6s rss=2851MB hwm=2851MB
RSS_SAMPLE t=932.8s rss=2851MB hwm=2851MB
RSS_SAMPLE t=933.1s rss=2852MB hwm=2852MB
RSS_SAMPLE t=933.3s rss=2852MB hwm=2852MB
RSS_SAMPLE t=933.6s rss=2852MB hwm=2852MB
RSS_SAMPLE t=933.8s rss=2852MB hwm=2852MB
RSS_SAMPLE t=934.1s rss=2852MB hwm=2852MB
RSS_SAMPLE t=934.3s rss=2853MB hwm=2853MB
RSS_SAMPLE t=934.6s rss=2853MB hwm=2853MB
RSS_SAMPLE t=934.8s rss=2853MB hwm=2853MB
RSS_SAMPLE t=935.1s rss=2853MB hwm=2853MB
RSS_SAMPLE t=935.3s rss=2854MB hwm=2854MB
RSS_SAMPLE t=935.6s rss=2854MB hwm=2854MB
RSS_SAMPLE t=935.8s rss=2854MB hwm=2854MB
RSS_SAMPLE t=936.1s rss=2854MB hwm=2854MB
RSS_SAMPLE t=936.3s rss=2854MB hwm=2854MB
RSS_SAMPLE t=936.6s rss=2855MB hwm=2855MB
RSS_SAMPLE t=936.8s rss=2855MB hwm=2855MB
RSS_SAMPLE t=937.1s rss=2855MB hwm=2855MB
RSS_SAMPLE t=937.3s rss=2855MB hwm=2855MB
RSS_SAMPLE t=937.6s rss=2855MB hwm=2855MB
RSS_SAMPLE t=937.8s rss=2855MB hwm=2855MB
RSS_SAMPLE t=938.1s rss=2855MB hwm=2855MB
RSS_SAMPLE t=938.3s rss=2855MB hwm=2855MB
RSS_SAMPLE t=938.6s rss=2856MB hwm=2856MB
RSS_SAMPLE t=938.8s rss=2856MB hwm=2856MB
RSS_SAMPLE t=939.1s rss=2856MB hwm=2856MB
RSS_SAMPLE t=939.3s rss=2856MB hwm=2856MB
RSS_SAMPLE t=939.6s rss=2857MB hwm=2857MB
RSS_SAMPLE t=939.8s rss=2857MB hwm=2857MB
RSS_SAMPLE t=940.1s rss=2857MB hwm=2857MB
RSS_SAMPLE t=940.3s rss=2858MB hwm=2858MB
RSS_SAMPLE t=940.6s rss=2858MB hwm=2858MB
RSS_SAMPLE t=940.8s rss=2858MB hwm=2858MB
RSS_SAMPLE t=941.1s rss=2858MB hwm=2858MB
RSS_SAMPLE t=941.3s rss=2858MB hwm=2858MB
RSS_SAMPLE t=941.6s rss=2859MB hwm=2859MB
RSS_SAMPLE t=941.8s rss=2859MB hwm=2859MB
RSS_SAMPLE t=942.1s rss=2859MB hwm=2859MB
RSS_SAMPLE t=942.3s rss=2859MB hwm=2859MB
RSS_SAMPLE t=942.6s rss=2859MB hwm=2859MB
RSS_SAMPLE t=942.8s rss=2859MB hwm=2859MB
RSS_SAMPLE t=943.1s rss=2859MB hwm=2859MB
RSS_SAMPLE t=943.3s rss=2860MB hwm=2860MB
RSS_SAMPLE t=943.6s rss=2860MB hwm=2860MB
RSS_SAMPLE t=943.8s rss=2860MB hwm=2860MB
RSS_SAMPLE t=944.1s rss=2860MB hwm=2860MB
RSS_SAMPLE t=944.3s rss=2860MB hwm=2860MB
RSS_SAMPLE t=944.6s rss=2860MB hwm=2860MB
RSS_SAMPLE t=944.8s rss=2861MB hwm=2861MB
RSS_SAMPLE t=945.1s rss=2861MB hwm=2861MB
RSS_SAMPLE t=945.3s rss=2861MB hwm=2861MB
RSS_SAMPLE t=945.6s rss=2861MB hwm=2861MB
RSS_SAMPLE t=945.8s rss=2862MB hwm=2862MB
RSS_SAMPLE t=946.1s rss=2862MB hwm=2862MB
RSS_SAMPLE t=946.3s rss=2862MB hwm=2862MB
RSS_SAMPLE t=946.6s rss=2862MB hwm=2862MB
RSS_SAMPLE t=946.8s rss=2863MB hwm=2863MB
RSS_SAMPLE t=947.1s rss=2863MB hwm=2863MB
RSS_SAMPLE t=947.3s rss=2863MB hwm=2863MB
RSS_SAMPLE t=947.6s rss=2863MB hwm=2863MB
RSS_SAMPLE t=947.8s rss=2863MB hwm=2863MB
RSS_SAMPLE t=948.1s rss=2864MB hwm=2864MB
RSS_SAMPLE t=948.3s rss=2864MB hwm=2864MB
RSS_SAMPLE t=948.6s rss=2864MB hwm=2864MB
RSS_SAMPLE t=948.8s rss=2864MB hwm=2864MB
RSS_SAMPLE t=949.1s rss=2864MB hwm=2864MB
RSS_SAMPLE t=949.3s rss=2864MB hwm=2864MB
RSS_SAMPLE t=949.6s rss=2865MB hwm=2865MB
RSS_SAMPLE t=949.8s rss=2865MB hwm=2865MB
RSS_SAMPLE t=950.1s rss=2865MB hwm=2865MB
RSS_SAMPLE t=950.3s rss=2865MB hwm=2865MB
RSS_SAMPLE t=950.6s rss=2866MB hwm=2866MB
RSS_SAMPLE t=950.8s rss=2866MB hwm=2866MB
RSS_SAMPLE t=951.1s rss=2866MB hwm=2866MB
RSS_SAMPLE t=951.3s rss=2866MB hwm=2866MB
RSS_SAMPLE t=951.6s rss=2866MB hwm=2866MB
RSS_SAMPLE t=951.8s rss=2867MB hwm=2867MB
RSS_SAMPLE t=952.1s rss=2867MB hwm=2867MB
RSS_SAMPLE t=952.3s rss=2867MB hwm=2867MB
RSS_SAMPLE t=952.6s rss=2867MB hwm=2867MB
RSS_SAMPLE t=952.8s rss=2868MB hwm=2868MB
RSS_SAMPLE t=953.1s rss=2868MB hwm=2868MB
RSS_SAMPLE t=953.3s rss=2868MB hwm=2868MB
RSS_SAMPLE t=953.6s rss=2868MB hwm=2868MB
RSS_SAMPLE t=953.8s rss=2868MB hwm=2868MB
RSS_SAMPLE t=954.1s rss=2869MB hwm=2869MB
RSS_SAMPLE t=954.3s rss=2869MB hwm=2869MB
RSS_SAMPLE t=954.6s rss=2869MB hwm=2869MB
RSS_SAMPLE t=954.8s rss=2870MB hwm=2870MB
RSS_SAMPLE t=955.1s rss=2870MB hwm=2870MB
RSS_SAMPLE t=955.3s rss=2870MB hwm=2870MB
RSS_SAMPLE t=955.6s rss=2870MB hwm=2870MB
RSS_SAMPLE t=955.8s rss=2871MB hwm=2871MB
RSS_SAMPLE t=956.1s rss=2871MB hwm=2871MB
RSS_SAMPLE t=956.3s rss=2871MB hwm=2871MB
RSS_SAMPLE t=956.6s rss=2872MB hwm=2872MB
RSS_SAMPLE t=956.8s rss=2872MB hwm=2872MB
RSS_SAMPLE t=957.1s rss=2872MB hwm=2872MB
RSS_SAMPLE t=957.3s rss=2873MB hwm=2873MB
RSS_SAMPLE t=957.6s rss=2873MB hwm=2873MB
RSS_SAMPLE t=957.8s rss=2873MB hwm=2873MB
RSS_SAMPLE t=958.1s rss=2873MB hwm=2873MB
RSS_SAMPLE t=958.3s rss=2874MB hwm=2874MB
RSS_SAMPLE t=958.6s rss=2874MB hwm=2874MB
RSS_SAMPLE t=958.8s rss=2874MB hwm=2874MB
RSS_SAMPLE t=959.1s rss=2875MB hwm=2875MB
RSS_SAMPLE t=959.3s rss=2875MB hwm=2875MB
RSS_SAMPLE t=959.6s rss=2875MB hwm=2875MB
RSS_SAMPLE t=959.8s rss=2876MB hwm=2876MB
RSS_SAMPLE t=960.1s rss=2876MB hwm=2876MB
RSS_SAMPLE t=960.3s rss=2876MB hwm=2876MB
RSS_SAMPLE t=960.6s rss=2876MB hwm=2876MB
RSS_SAMPLE t=960.8s rss=2876MB hwm=2876MB
RSS_SAMPLE t=961.1s rss=2876MB hwm=2876MB
RSS_SAMPLE t=961.3s rss=2877MB hwm=2877MB
RSS_SAMPLE t=961.6s rss=2877MB hwm=2877MB
RSS_SAMPLE t=961.8s rss=2877MB hwm=2877MB
RSS_SAMPLE t=962.1s rss=2877MB hwm=2877MB
RSS_SAMPLE t=962.3s rss=2877MB hwm=2877MB
RSS_SAMPLE t=962.6s rss=2878MB hwm=2878MB
RSS_SAMPLE t=962.8s rss=2878MB hwm=2878MB
RSS_SAMPLE t=963.1s rss=2878MB hwm=2878MB
RSS_SAMPLE t=963.3s rss=2878MB hwm=2878MB
RSS_SAMPLE t=963.6s rss=2878MB hwm=2878MB
RSS_SAMPLE t=963.8s rss=2879MB hwm=2879MB
RSS_SAMPLE t=964.1s rss=2879MB hwm=2879MB
RSS_SAMPLE t=964.3s rss=2879MB hwm=2879MB
RSS_SAMPLE t=964.6s rss=2879MB hwm=2879MB
RSS_SAMPLE t=964.8s rss=2879MB hwm=2879MB
RSS_SAMPLE t=965.1s rss=2880MB hwm=2880MB
RSS_SAMPLE t=965.3s rss=2880MB hwm=2880MB
RSS_SAMPLE t=965.6s rss=2880MB hwm=2880MB
RSS_SAMPLE t=965.8s rss=2880MB hwm=2880MB
RSS_SAMPLE t=966.1s rss=2880MB hwm=2880MB
RSS_SAMPLE t=966.3s rss=2881MB hwm=2881MB
RSS_SAMPLE t=966.6s rss=2881MB hwm=2881MB
RSS_SAMPLE t=966.8s rss=2881MB hwm=2881MB
RSS_SAMPLE t=967.1s rss=2881MB hwm=2881MB
RSS_SAMPLE t=967.3s rss=2882MB hwm=2882MB
RSS_SAMPLE t=967.6s rss=2882MB hwm=2882MB
RSS_SAMPLE t=967.8s rss=2882MB hwm=2882MB
RSS_SAMPLE t=968.1s rss=2882MB hwm=2882MB
RSS_SAMPLE t=968.3s rss=2882MB hwm=2882MB
RSS_SAMPLE t=968.6s rss=2882MB hwm=2882MB
RSS_SAMPLE t=968.8s rss=2883MB hwm=2883MB
RSS_SAMPLE t=969.1s rss=2883MB hwm=2883MB
RSS_SAMPLE t=969.3s rss=2883MB hwm=2883MB
RSS_SAMPLE t=969.6s rss=2883MB hwm=2883MB
RSS_SAMPLE t=969.8s rss=2883MB hwm=2883MB
RSS_SAMPLE t=970.1s rss=2883MB hwm=2883MB
RSS_SAMPLE t=970.3s rss=2883MB hwm=2883MB
RSS_SAMPLE t=970.6s rss=2883MB hwm=2883MB
RSS_SAMPLE t=970.8s rss=2883MB hwm=2883MB
RSS_SAMPLE t=971.1s rss=2884MB hwm=2884MB
RSS_SAMPLE t=971.3s rss=2884MB hwm=2884MB
RSS_SAMPLE t=971.6s rss=2884MB hwm=2884MB
RSS_SAMPLE t=971.8s rss=2884MB hwm=2884MB
RSS_SAMPLE t=972.1s rss=2884MB hwm=2884MB
RSS_SAMPLE t=972.3s rss=2884MB hwm=2884MB
RSS_SAMPLE t=972.6s rss=2884MB hwm=2884MB
RSS_SAMPLE t=972.8s rss=2885MB hwm=2885MB
RSS_SAMPLE t=973.1s rss=2885MB hwm=2885MB
RSS_SAMPLE t=973.3s rss=2885MB hwm=2885MB
RSS_SAMPLE t=973.6s rss=2885MB hwm=2885MB
RSS_SAMPLE t=973.8s rss=2885MB hwm=2885MB
RSS_SAMPLE t=974.1s rss=2885MB hwm=2885MB
RSS_SAMPLE t=974.3s rss=2885MB hwm=2885MB
RSS_SAMPLE t=974.6s rss=2885MB hwm=2885MB
RSS_SAMPLE t=974.8s rss=2885MB hwm=2885MB
RSS_SAMPLE t=975.1s rss=2885MB hwm=2885MB
RSS_SAMPLE t=975.3s rss=2885MB hwm=2885MB
RSS_SAMPLE t=975.6s rss=2885MB hwm=2885MB
RSS_SAMPLE t=975.8s rss=2885MB hwm=2885MB
RSS_SAMPLE t=976.1s rss=2885MB hwm=2885MB
RSS_SAMPLE t=976.3s rss=2885MB hwm=2885MB
RSS_SAMPLE t=976.6s rss=2885MB hwm=2885MB
RSS_SAMPLE t=976.8s rss=2885MB hwm=2885MB
RSS_SAMPLE t=977.1s rss=2885MB hwm=2885MB
RSS_SAMPLE t=977.3s rss=2885MB hwm=2885MB
RSS_SAMPLE t=977.6s rss=2885MB hwm=2885MB
RSS_SAMPLE t=977.8s rss=2885MB hwm=2885MB
RSS_SAMPLE t=978.1s rss=2885MB hwm=2885MB
RSS_SAMPLE t=978.3s rss=2885MB hwm=2885MB
RSS_SAMPLE t=978.6s rss=2885MB hwm=2885MB
RSS_SAMPLE t=978.8s rss=2886MB hwm=2886MB
RSS_SAMPLE t=979.1s rss=2886MB hwm=2886MB
RSS_SAMPLE t=979.3s rss=2886MB hwm=2886MB
RSS_SAMPLE t=979.6s rss=2886MB hwm=2886MB
RSS_SAMPLE t=979.8s rss=2886MB hwm=2886MB
RSS_SAMPLE t=980.1s rss=2886MB hwm=2886MB
RSS_SAMPLE t=980.3s rss=2886MB hwm=2886MB
RSS_SAMPLE t=980.6s rss=2886MB hwm=2886MB
RSS_SAMPLE t=980.8s rss=2886MB hwm=2886MB
RSS_SAMPLE t=981.1s rss=2886MB hwm=2886MB
RSS_SAMPLE t=981.3s rss=2886MB hwm=2886MB
RSS_SAMPLE t=981.6s rss=2886MB hwm=2886MB
RSS_SAMPLE t=981.8s rss=2886MB hwm=2886MB
RSS_SAMPLE t=982.1s rss=2886MB hwm=2886MB
RSS_SAMPLE t=982.3s rss=2886MB hwm=2886MB
RSS_SAMPLE t=982.6s rss=2886MB hwm=2886MB
RSS_SAMPLE t=982.8s rss=2886MB hwm=2886MB
RSS_SAMPLE t=983.1s rss=2886MB hwm=2886MB
RSS_SAMPLE t=983.3s rss=2886MB hwm=2886MB
RSS_SAMPLE t=983.6s rss=2886MB hwm=2886MB
RSS_SAMPLE t=983.8s rss=2886MB hwm=2886MB
RSS_SAMPLE t=984.1s rss=2886MB hwm=2886MB
RSS_SAMPLE t=984.3s rss=2886MB hwm=2886MB
RSS_SAMPLE t=984.6s rss=2886MB hwm=2886MB
RSS_SAMPLE t=984.8s rss=2886MB hwm=2886MB
RSS_SAMPLE t=985.1s rss=2886MB hwm=2886MB
RSS_SAMPLE t=985.3s rss=2886MB hwm=2886MB
RSS_SAMPLE t=985.6s rss=2886MB hwm=2886MB
RSS_SAMPLE t=985.8s rss=2886MB hwm=2886MB
RSS_SAMPLE t=986.1s rss=2886MB hwm=2886MB
RSS_SAMPLE t=986.3s rss=2886MB hwm=2886MB
RSS_SAMPLE t=986.6s rss=2886MB hwm=2886MB
RSS_SAMPLE t=986.8s rss=2886MB hwm=2886MB
RSS_SAMPLE t=987.1s rss=2886MB hwm=2886MB
RSS_SAMPLE t=987.3s rss=2886MB hwm=2886MB
RSS_SAMPLE t=987.6s rss=2886MB hwm=2886MB
RSS_SAMPLE t=987.8s rss=2886MB hwm=2886MB
RSS_SAMPLE t=988.1s rss=2886MB hwm=2886MB
RSS_SAMPLE t=988.3s rss=2886MB hwm=2886MB
RSS_SAMPLE t=988.6s rss=2886MB hwm=2886MB
RSS_SAMPLE t=988.8s rss=2886MB hwm=2886MB
RSS_SAMPLE t=989.1s rss=2886MB hwm=2886MB
RSS_SAMPLE t=989.3s rss=2886MB hwm=2886MB
RSS_SAMPLE t=989.6s rss=2886MB hwm=2886MB
RSS_SAMPLE t=989.8s rss=2886MB hwm=2886MB
RSS_SAMPLE t=990.1s rss=2886MB hwm=2886MB
RSS_SAMPLE t=990.3s rss=2887MB hwm=2887MB
RSS_SAMPLE t=990.6s rss=2887MB hwm=2887MB
RSS_SAMPLE t=990.8s rss=2887MB hwm=2887MB
RSS_SAMPLE t=991.1s rss=2887MB hwm=2887MB
RSS_SAMPLE t=991.3s rss=2887MB hwm=2887MB
RSS_SAMPLE t=991.6s rss=2887MB hwm=2887MB
RSS_SAMPLE t=991.8s rss=2887MB hwm=2887MB
RSS_SAMPLE t=992.1s rss=2887MB hwm=2887MB
RSS_SAMPLE t=992.3s rss=2887MB hwm=2887MB
RSS_SAMPLE t=992.6s rss=2887MB hwm=2887MB
RSS_SAMPLE t=992.8s rss=2887MB hwm=2887MB
RSS_SAMPLE t=993.1s rss=2887MB hwm=2887MB
RSS_SAMPLE t=993.3s rss=2887MB hwm=2887MB
RSS_SAMPLE t=993.6s rss=2887MB hwm=2887MB
RSS_SAMPLE t=993.8s rss=2887MB hwm=2887MB
RSS_SAMPLE t=994.1s rss=2887MB hwm=2887MB
RSS_SAMPLE t=994.3s rss=2887MB hwm=2887MB
RSS_SAMPLE t=994.6s rss=2887MB hwm=2887MB
RSS_SAMPLE t=994.8s rss=2887MB hwm=2887MB
RSS_SAMPLE t=995.1s rss=2887MB hwm=2887MB
RSS_SAMPLE t=995.3s rss=2887MB hwm=2887MB
RSS_SAMPLE t=995.6s rss=2887MB hwm=2887MB
RSS_SAMPLE t=995.8s rss=2887MB hwm=2887MB
RSS_SAMPLE t=996.1s rss=2887MB hwm=2887MB
RSS_SAMPLE t=996.3s rss=2888MB hwm=2888MB
RSS_SAMPLE t=996.6s rss=2888MB hwm=2888MB
RSS_SAMPLE t=996.8s rss=2888MB hwm=2888MB
RSS_SAMPLE t=997.1s rss=2888MB hwm=2888MB
RSS_SAMPLE t=997.3s rss=2888MB hwm=2888MB
RSS_SAMPLE t=997.6s rss=2888MB hwm=2888MB
RSS_SAMPLE t=997.8s rss=2888MB hwm=2888MB
RSS_SAMPLE t=998.1s rss=2888MB hwm=2888MB
RSS_SAMPLE t=998.3s rss=2888MB hwm=2888MB
RSS_SAMPLE t=998.6s rss=2888MB hwm=2888MB
RSS_SAMPLE t=998.8s rss=2888MB hwm=2888MB
RSS_SAMPLE t=999.1s rss=2888MB hwm=2888MB
RSS_SAMPLE t=999.3s rss=2888MB hwm=2888MB
RSS_SAMPLE t=999.6s rss=2888MB hwm=2888MB
RSS_SAMPLE t=999.8s rss=2888MB hwm=2888MB
RSS_SAMPLE t=1000.1s rss=2889MB hwm=2889MB
RSS_SAMPLE t=1000.3s rss=2889MB hwm=2889MB
RSS_SAMPLE t=1000.6s rss=2889MB hwm=2889MB
RSS_SAMPLE t=1000.8s rss=2889MB hwm=2889MB
RSS_SAMPLE t=1001.1s rss=2889MB hwm=2889MB
RSS_SAMPLE t=1001.3s rss=2889MB hwm=2889MB
RSS_SAMPLE t=1001.6s rss=2889MB hwm=2889MB
RSS_SAMPLE t=1001.8s rss=2889MB hwm=2889MB
RSS_SAMPLE t=1002.1s rss=2889MB hwm=2889MB
RSS_SAMPLE t=1002.3s rss=2889MB hwm=2889MB
RSS_SAMPLE t=1002.6s rss=2889MB hwm=2889MB
RSS_SAMPLE t=1002.8s rss=2889MB hwm=2889MB
RSS_SAMPLE t=1003.1s rss=2889MB hwm=2889MB
RSS_SAMPLE t=1003.3s rss=2889MB hwm=2889MB
RSS_SAMPLE t=1003.6s rss=2889MB hwm=2889MB
RSS_SAMPLE t=1003.8s rss=2889MB hwm=2889MB
RSS_SAMPLE t=1004.1s rss=2889MB hwm=2889MB
RSS_SAMPLE t=1004.3s rss=2889MB hwm=2889MB
RSS_SAMPLE t=1004.6s rss=2889MB hwm=2889MB
RSS_SAMPLE t=1004.8s rss=2889MB hwm=2889MB
RSS_SAMPLE t=1005.1s rss=2889MB hwm=2889MB
RSS_SAMPLE t=1005.3s rss=2890MB hwm=2890MB
RSS_SAMPLE t=1005.6s rss=2890MB hwm=2890MB
RSS_SAMPLE t=1005.8s rss=2890MB hwm=2890MB
RSS_SAMPLE t=1006.1s rss=2890MB hwm=2890MB
RSS_SAMPLE t=1006.3s rss=2890MB hwm=2890MB
RSS_SAMPLE t=1006.6s rss=2890MB hwm=2890MB
RSS_SAMPLE t=1006.8s rss=2890MB hwm=2890MB
RSS_SAMPLE t=1007.1s rss=2890MB hwm=2890MB
RSS_SAMPLE t=1007.3s rss=2890MB hwm=2890MB
RSS_SAMPLE t=1007.6s rss=2890MB hwm=2890MB
RSS_SAMPLE t=1007.8s rss=2890MB hwm=2890MB
RSS_SAMPLE t=1008.1s rss=2890MB hwm=2890MB
RSS_SAMPLE t=1008.3s rss=2890MB hwm=2890MB
RSS_SAMPLE t=1008.6s rss=2890MB hwm=2890MB
RSS_SAMPLE t=1008.8s rss=2890MB hwm=2890MB
RSS_SAMPLE t=1009.1s rss=2890MB hwm=2890MB
RSS_SAMPLE t=1009.3s rss=2890MB hwm=2890MB
RSS_SAMPLE t=1009.6s rss=2890MB hwm=2890MB
RSS_SAMPLE t=1009.8s rss=2890MB hwm=2890MB
RSS_SAMPLE t=1010.1s rss=2890MB hwm=2890MB
RSS_SAMPLE t=1010.3s rss=2890MB hwm=2890MB
RSS_SAMPLE t=1010.6s rss=2890MB hwm=2890MB
RSS_SAMPLE t=1010.8s rss=2890MB hwm=2890MB
RSS_SAMPLE t=1011.1s rss=2890MB hwm=2890MB
RSS_SAMPLE t=1011.3s rss=2890MB hwm=2890MB
RSS_SAMPLE t=1011.6s rss=2890MB hwm=2890MB
RSS_SAMPLE t=1011.8s rss=2890MB hwm=2890MB
RSS_SAMPLE t=1012.1s rss=2890MB hwm=2890MB
RSS_SAMPLE t=1012.3s rss=2890MB hwm=2890MB
RSS_SAMPLE t=1012.6s rss=2890MB hwm=2890MB
RSS_SAMPLE t=1012.8s rss=2890MB hwm=2890MB
RSS_SAMPLE t=1013.1s rss=2890MB hwm=2890MB
RSS_SAMPLE t=1013.3s rss=2890MB hwm=2890MB
RSS_SAMPLE t=1013.6s rss=2890MB hwm=2890MB
RSS_SAMPLE t=1013.8s rss=2890MB hwm=2890MB
RSS_SAMPLE t=1014.1s rss=2890MB hwm=2890MB
RSS_SAMPLE t=1014.3s rss=2890MB hwm=2890MB
RSS_SAMPLE t=1014.6s rss=2890MB hwm=2890MB
RSS_SAMPLE t=1014.8s rss=2890MB hwm=2890MB
RSS_SAMPLE t=1015.1s rss=2890MB hwm=2890MB
RSS_SAMPLE t=1015.3s rss=2890MB hwm=2890MB
RSS_SAMPLE t=1015.6s rss=2890MB hwm=2890MB
RSS_SAMPLE t=1015.8s rss=2890MB hwm=2890MB
RSS_SAMPLE t=1016.1s rss=2890MB hwm=2890MB
RSS_SAMPLE t=1016.3s rss=2890MB hwm=2890MB
RSS_SAMPLE t=1016.6s rss=2891MB hwm=2891MB
RSS_SAMPLE t=1016.8s rss=2891MB hwm=2891MB
RSS_SAMPLE t=1017.1s rss=2891MB hwm=2891MB
RSS_SAMPLE t=1017.3s rss=2891MB hwm=2891MB
RSS_SAMPLE t=1017.6s rss=2891MB hwm=2891MB
RSS_SAMPLE t=1017.8s rss=2891MB hwm=2891MB
RSS_SAMPLE t=1018.1s rss=2891MB hwm=2891MB
RSS_SAMPLE t=1018.3s rss=2891MB hwm=2891MB
RSS_SAMPLE t=1018.6s rss=2891MB hwm=2891MB
RSS_SAMPLE t=1018.8s rss=2891MB hwm=2891MB
RSS_SAMPLE t=1019.1s rss=2891MB hwm=2891MB
RSS_SAMPLE t=1019.3s rss=2891MB hwm=2891MB
RSS_SAMPLE t=1019.6s rss=2891MB hwm=2891MB
RSS_SAMPLE t=1019.8s rss=2891MB hwm=2891MB
RSS_SAMPLE t=1020.1s rss=2891MB hwm=2891MB
RSS_SAMPLE t=1020.3s rss=2891MB hwm=2891MB
RSS_SAMPLE t=1020.6s rss=2891MB hwm=2891MB
RSS_SAMPLE t=1020.8s rss=2891MB hwm=2891MB
RSS_SAMPLE t=1021.1s rss=2891MB hwm=2891MB
RSS_SAMPLE t=1021.3s rss=2891MB hwm=2891MB
RSS_SAMPLE t=1021.6s rss=2891MB hwm=2891MB
RSS_SAMPLE t=1021.8s rss=2891MB hwm=2891MB
RSS_SAMPLE t=1022.1s rss=2891MB hwm=2891MB
RSS_SAMPLE t=1022.3s rss=2891MB hwm=2891MB
RSS_SAMPLE t=1022.6s rss=2891MB hwm=2891MB
RSS_SAMPLE t=1022.8s rss=2891MB hwm=2891MB
RSS_SAMPLE t=1023.1s rss=2891MB hwm=2891MB
RSS_SAMPLE t=1023.3s rss=2891MB hwm=2891MB
RSS_SAMPLE t=1023.6s rss=2891MB hwm=2891MB
RSS_SAMPLE t=1023.8s rss=2891MB hwm=2891MB
RSS_SAMPLE t=1024.1s rss=2891MB hwm=2891MB
RSS_SAMPLE t=1024.4s rss=2891MB hwm=2891MB
RSS_SAMPLE t=1024.6s rss=2891MB hwm=2891MB
RSS_SAMPLE t=1024.9s rss=2891MB hwm=2891MB
RSS_SAMPLE t=1025.1s rss=2891MB hwm=2891MB
RSS_SAMPLE t=1025.4s rss=2891MB hwm=2891MB
RSS_SAMPLE t=1025.6s rss=2891MB hwm=2891MB
RSS_SAMPLE t=1025.9s rss=2891MB hwm=2891MB
RSS_SAMPLE t=1026.1s rss=2891MB hwm=2891MB
RSS_SAMPLE t=1026.4s rss=2891MB hwm=2891MB
RSS_SAMPLE t=1026.6s rss=2891MB hwm=2891MB
RSS_SAMPLE t=1026.9s rss=2891MB hwm=2891MB
RSS_SAMPLE t=1027.1s rss=2891MB hwm=2891MB
RSS_SAMPLE t=1027.4s rss=2891MB hwm=2891MB
RSS_SAMPLE t=1027.6s rss=2891MB hwm=2891MB
RSS_SAMPLE t=1027.9s rss=2891MB hwm=2891MB
RSS_SAMPLE t=1028.1s rss=2892MB hwm=2892MB
RSS_SAMPLE t=1028.4s rss=2892MB hwm=2892MB
RSS_SAMPLE t=1028.6s rss=2892MB hwm=2892MB
RSS_SAMPLE t=1028.9s rss=2892MB hwm=2892MB
RSS_SAMPLE t=1029.1s rss=2892MB hwm=2892MB
RSS_SAMPLE t=1029.4s rss=2892MB hwm=2892MB
RSS_SAMPLE t=1029.6s rss=2892MB hwm=2892MB
RSS_SAMPLE t=1029.9s rss=2892MB hwm=2892MB
RSS_SAMPLE t=1030.1s rss=2892MB hwm=2892MB
RSS_SAMPLE t=1030.4s rss=2892MB hwm=2892MB
RSS_SAMPLE t=1030.6s rss=2892MB hwm=2892MB
RSS_SAMPLE t=1030.9s rss=2892MB hwm=2892MB
RSS_SAMPLE t=1031.1s rss=2892MB hwm=2892MB
RSS_SAMPLE t=1031.4s rss=2892MB hwm=2892MB
RSS_SAMPLE t=1031.6s rss=2892MB hwm=2892MB
RSS_SAMPLE t=1031.9s rss=2892MB hwm=2892MB
RSS_SAMPLE t=1032.1s rss=2892MB hwm=2892MB
RSS_SAMPLE t=1032.4s rss=2892MB hwm=2892MB
RSS_SAMPLE t=1032.6s rss=2892MB hwm=2892MB
RSS_SAMPLE t=1032.9s rss=2892MB hwm=2892MB
RSS_SAMPLE t=1033.1s rss=2892MB hwm=2892MB
RSS_SAMPLE t=1033.4s rss=2892MB hwm=2892MB
RSS_SAMPLE t=1033.6s rss=2892MB hwm=2892MB
RSS_SAMPLE t=1033.9s rss=2892MB hwm=2892MB
RSS_SAMPLE t=1034.1s rss=2892MB hwm=2892MB
RSS_SAMPLE t=1034.4s rss=2892MB hwm=2892MB
RSS_SAMPLE t=1034.6s rss=2892MB hwm=2892MB
RSS_SAMPLE t=1034.9s rss=2892MB hwm=2892MB
RSS_SAMPLE t=1035.1s rss=2892MB hwm=2892MB
RSS_SAMPLE t=1035.4s rss=2892MB hwm=2892MB
RSS_SAMPLE t=1035.6s rss=2892MB hwm=2892MB
RSS_SAMPLE t=1035.9s rss=2892MB hwm=2892MB
RSS_SAMPLE t=1036.1s rss=2892MB hwm=2892MB
RSS_SAMPLE t=1036.4s rss=2892MB hwm=2892MB
RSS_SAMPLE t=1036.6s rss=2892MB hwm=2892MB
RSS_SAMPLE t=1036.9s rss=2892MB hwm=2892MB
RSS_SAMPLE t=1037.1s rss=2892MB hwm=2892MB
RSS_SAMPLE t=1037.4s rss=2892MB hwm=2892MB
RSS_SAMPLE t=1037.6s rss=2892MB hwm=2892MB
RSS_SAMPLE t=1037.9s rss=2892MB hwm=2892MB
RSS_SAMPLE t=1038.1s rss=2892MB hwm=2892MB
RSS_SAMPLE t=1038.4s rss=2892MB hwm=2892MB
RSS_SAMPLE t=1038.6s rss=2892MB hwm=2892MB
RSS_SAMPLE t=1038.9s rss=2892MB hwm=2892MB
RSS_SAMPLE t=1039.1s rss=2892MB hwm=2892MB
RSS_SAMPLE t=1039.4s rss=2892MB hwm=2892MB
RSS_SAMPLE t=1039.6s rss=2892MB hwm=2892MB
RSS_SAMPLE t=1039.9s rss=2893MB hwm=2893MB
RSS_SAMPLE t=1040.1s rss=2893MB hwm=2893MB
RSS_SAMPLE t=1040.4s rss=2893MB hwm=2893MB
RSS_SAMPLE t=1040.6s rss=2893MB hwm=2893MB
RSS_SAMPLE t=1040.9s rss=2893MB hwm=2893MB
RSS_SAMPLE t=1041.1s rss=2893MB hwm=2893MB
RSS_SAMPLE t=1041.4s rss=2893MB hwm=2893MB
RSS_SAMPLE t=1041.6s rss=2893MB hwm=2893MB
RSS_SAMPLE t=1041.9s rss=2893MB hwm=2893MB
RSS_SAMPLE t=1042.1s rss=2893MB hwm=2893MB
RSS_SAMPLE t=1042.4s rss=2893MB hwm=2893MB
RSS_SAMPLE t=1042.6s rss=2893MB hwm=2893MB
RSS_SAMPLE t=1042.9s rss=2893MB hwm=2893MB
RSS_SAMPLE t=1043.1s rss=2893MB hwm=2893MB
RSS_SAMPLE t=1043.4s rss=2893MB hwm=2893MB
RSS_SAMPLE t=1043.6s rss=2893MB hwm=2893MB
RSS_SAMPLE t=1043.9s rss=2893MB hwm=2893MB
RSS_SAMPLE t=1044.1s rss=2893MB hwm=2893MB
RSS_SAMPLE t=1044.4s rss=2893MB hwm=2893MB
RSS_SAMPLE t=1044.6s rss=2893MB hwm=2893MB
RSS_SAMPLE t=1044.9s rss=2893MB hwm=2893MB
RSS_SAMPLE t=1045.1s rss=2893MB hwm=2893MB
RSS_SAMPLE t=1045.4s rss=2893MB hwm=2893MB
RSS_SAMPLE t=1045.6s rss=2893MB hwm=2893MB
RSS_SAMPLE t=1045.9s rss=2893MB hwm=2893MB
RSS_SAMPLE t=1046.1s rss=2893MB hwm=2893MB
RSS_SAMPLE t=1046.4s rss=2893MB hwm=2893MB
RSS_SAMPLE t=1046.6s rss=2893MB hwm=2893MB
RSS_SAMPLE t=1046.9s rss=2893MB hwm=2893MB
RSS_SAMPLE t=1047.1s rss=2893MB hwm=2893MB
RSS_SAMPLE t=1047.4s rss=2893MB hwm=2893MB
RSS_SAMPLE t=1047.6s rss=2893MB hwm=2893MB
RSS_SAMPLE t=1047.9s rss=2893MB hwm=2893MB
RSS_SAMPLE t=1048.1s rss=2893MB hwm=2893MB
RSS_SAMPLE t=1048.4s rss=2893MB hwm=2893MB
RSS_SAMPLE t=1048.6s rss=2893MB hwm=2893MB
RSS_SAMPLE t=1048.9s rss=2893MB hwm=2893MB
RSS_SAMPLE t=1049.1s rss=2893MB hwm=2893MB
RSS_SAMPLE t=1049.4s rss=2893MB hwm=2893MB
RSS_SAMPLE t=1049.6s rss=2893MB hwm=2893MB
RSS_SAMPLE t=1049.9s rss=2893MB hwm=2893MB
RSS_SAMPLE t=1050.1s rss=2893MB hwm=2893MB
RSS_SAMPLE t=1050.4s rss=2893MB hwm=2893MB
RSS_SAMPLE t=1050.6s rss=2893MB hwm=2893MB
RSS_SAMPLE t=1050.9s rss=2893MB hwm=2893MB
RSS_SAMPLE t=1051.1s rss=2893MB hwm=2893MB
RSS_SAMPLE t=1051.4s rss=2893MB hwm=2893MB
RSS_SAMPLE t=1051.6s rss=2893MB hwm=2893MB
RSS_SAMPLE t=1051.9s rss=2893MB hwm=2893MB
RSS_SAMPLE t=1052.1s rss=2893MB hwm=2893MB
RSS_SAMPLE t=1052.4s rss=2893MB hwm=2893MB
RSS_SAMPLE t=1052.6s rss=2893MB hwm=2893MB
RSS_SAMPLE t=1052.9s rss=2893MB hwm=2893MB
RSS_SAMPLE t=1053.1s rss=2893MB hwm=2893MB
RSS_SAMPLE t=1053.4s rss=2893MB hwm=2893MB
RSS_SAMPLE t=1053.6s rss=2893MB hwm=2893MB
RSS_SAMPLE t=1053.9s rss=2893MB hwm=2893MB
RSS_SAMPLE t=1054.1s rss=2893MB hwm=2893MB
RSS_SAMPLE t=1054.4s rss=2893MB hwm=2893MB
RSS_SAMPLE t=1054.6s rss=2893MB hwm=2893MB
RSS_SAMPLE t=1054.9s rss=2893MB hwm=2893MB
RSS_SAMPLE t=1055.1s rss=2893MB hwm=2893MB
RSS_SAMPLE t=1055.4s rss=2893MB hwm=2893MB
RSS_SAMPLE t=1055.6s rss=2893MB hwm=2893MB
RSS_SAMPLE t=1055.9s rss=2893MB hwm=2893MB
RSS_SAMPLE t=1056.1s rss=2893MB hwm=2893MB
RSS_SAMPLE t=1056.4s rss=2893MB hwm=2893MB
RSS_SAMPLE t=1056.6s rss=2893MB hwm=2893MB
RSS_SAMPLE t=1056.9s rss=2893MB hwm=2893MB
RSS_SAMPLE t=1057.1s rss=2893MB hwm=2893MB
RSS_SAMPLE t=1057.4s rss=2893MB hwm=2893MB
RSS_SAMPLE t=1057.6s rss=2893MB hwm=2893MB
RSS_SAMPLE t=1057.9s rss=2893MB hwm=2893MB
RSS_SAMPLE t=1058.1s rss=2893MB hwm=2893MB
RSS_SAMPLE t=1058.4s rss=2894MB hwm=2894MB
RSS_SAMPLE t=1058.6s rss=2894MB hwm=2894MB
RSS_SAMPLE t=1058.9s rss=2894MB hwm=2894MB
RSS_SAMPLE t=1059.1s rss=2894MB hwm=2894MB
RSS_SAMPLE t=1059.4s rss=2894MB hwm=2894MB
RSS_SAMPLE t=1059.6s rss=2894MB hwm=2894MB
RSS_SAMPLE t=1059.9s rss=2894MB hwm=2894MB
RSS_SAMPLE t=1060.1s rss=2894MB hwm=2894MB
RSS_SAMPLE t=1060.4s rss=2894MB hwm=2894MB
RSS_SAMPLE t=1060.6s rss=2894MB hwm=2894MB
RSS_SAMPLE t=1060.9s rss=2894MB hwm=2894MB
RSS_SAMPLE t=1061.1s rss=2894MB hwm=2894MB
RSS_SAMPLE t=1061.4s rss=2894MB hwm=2894MB
RSS_SAMPLE t=1061.6s rss=2894MB hwm=2894MB
RSS_SAMPLE t=1061.9s rss=2894MB hwm=2894MB
RSS_SAMPLE t=1062.1s rss=2894MB hwm=2894MB
RSS_SAMPLE t=1062.4s rss=2894MB hwm=2894MB
RSS_SAMPLE t=1062.6s rss=2894MB hwm=2894MB
RSS_SAMPLE t=1062.9s rss=2894MB hwm=2894MB
RSS_SAMPLE t=1063.1s rss=2894MB hwm=2894MB
RSS_SAMPLE t=1063.4s rss=2894MB hwm=2894MB
RSS_SAMPLE t=1063.6s rss=2894MB hwm=2894MB
RSS_SAMPLE t=1063.9s rss=2894MB hwm=2894MB
RSS_SAMPLE t=1064.1s rss=2894MB hwm=2894MB
RSS_SAMPLE t=1064.4s rss=2894MB hwm=2894MB
RSS_SAMPLE t=1064.6s rss=2894MB hwm=2894MB
RSS_SAMPLE t=1064.9s rss=2895MB hwm=2895MB
RSS_SAMPLE t=1065.1s rss=2895MB hwm=2895MB
RSS_SAMPLE t=1065.4s rss=2895MB hwm=2895MB
RSS_SAMPLE t=1065.6s rss=2895MB hwm=2895MB
RSS_SAMPLE t=1065.9s rss=2895MB hwm=2895MB
RSS_SAMPLE t=1066.1s rss=2895MB hwm=2895MB
RSS_SAMPLE t=1066.4s rss=2895MB hwm=2895MB
RSS_SAMPLE t=1066.6s rss=2895MB hwm=2895MB
RSS_SAMPLE t=1066.9s rss=2895MB hwm=2895MB
RSS_SAMPLE t=1067.1s rss=2895MB hwm=2895MB
RSS_SAMPLE t=1067.4s rss=2895MB hwm=2895MB
RSS_SAMPLE t=1067.6s rss=2895MB hwm=2895MB
RSS_SAMPLE t=1067.9s rss=2895MB hwm=2895MB
RSS_SAMPLE t=1068.1s rss=2895MB hwm=2895MB
RSS_SAMPLE t=1068.4s rss=2895MB hwm=2895MB
RSS_SAMPLE t=1068.6s rss=2895MB hwm=2895MB
RSS_SAMPLE t=1068.9s rss=2895MB hwm=2895MB
RSS_SAMPLE t=1069.1s rss=2895MB hwm=2895MB
RSS_SAMPLE t=1069.4s rss=2895MB hwm=2895MB
RSS_SAMPLE t=1069.6s rss=2895MB hwm=2895MB
RSS_SAMPLE t=1069.9s rss=2895MB hwm=2895MB
RSS_SAMPLE t=1070.1s rss=2895MB hwm=2895MB
RSS_SAMPLE t=1070.4s rss=2895MB hwm=2895MB
RSS_SAMPLE t=1070.6s rss=2895MB hwm=2895MB
RSS_SAMPLE t=1070.9s rss=2895MB hwm=2895MB
RSS_SAMPLE t=1071.1s rss=2895MB hwm=2895MB
RSS_SAMPLE t=1071.4s rss=2895MB hwm=2895MB
RSS_SAMPLE t=1071.6s rss=2895MB hwm=2895MB
RSS_SAMPLE t=1071.9s rss=2895MB hwm=2895MB
RSS_SAMPLE t=1072.1s rss=2895MB hwm=2895MB
RSS_SAMPLE t=1072.4s rss=2895MB hwm=2895MB
RSS_SAMPLE t=1072.6s rss=2895MB hwm=2895MB
RSS_SAMPLE t=1072.9s rss=2895MB hwm=2895MB
RSS_SAMPLE t=1073.1s rss=2895MB hwm=2895MB
RSS_SAMPLE t=1073.4s rss=2896MB hwm=2896MB
RSS_SAMPLE t=1073.6s rss=2896MB hwm=2896MB
RSS_SAMPLE t=1073.9s rss=2896MB hwm=2896MB
RSS_SAMPLE t=1074.1s rss=2896MB hwm=2896MB
RSS_SAMPLE t=1074.4s rss=2896MB hwm=2896MB
RSS_SAMPLE t=1074.6s rss=2896MB hwm=2896MB
RSS_SAMPLE t=1074.9s rss=2896MB hwm=2896MB
RSS_SAMPLE t=1075.1s rss=2896MB hwm=2896MB
RSS_SAMPLE t=1075.4s rss=2896MB hwm=2896MB
RSS_SAMPLE t=1075.6s rss=2896MB hwm=2896MB
RSS_SAMPLE t=1075.9s rss=2896MB hwm=2896MB
RSS_SAMPLE t=1076.1s rss=2896MB hwm=2896MB
RSS_SAMPLE t=1076.4s rss=2896MB hwm=2896MB
RSS_SAMPLE t=1076.6s rss=2896MB hwm=2896MB
RSS_SAMPLE t=1076.9s rss=2896MB hwm=2896MB
RSS_SAMPLE t=1077.1s rss=2896MB hwm=2896MB
RSS_SAMPLE t=1077.4s rss=2896MB hwm=2896MB
RSS_SAMPLE t=1077.6s rss=2896MB hwm=2896MB
RSS_SAMPLE t=1077.9s rss=2896MB hwm=2896MB
RSS_SAMPLE t=1078.1s rss=2896MB hwm=2896MB
RSS_SAMPLE t=1078.4s rss=2896MB hwm=2896MB
RSS_SAMPLE t=1078.6s rss=2896MB hwm=2896MB
RSS_SAMPLE t=1078.9s rss=2896MB hwm=2896MB
RSS_SAMPLE t=1079.1s rss=2896MB hwm=2896MB
RSS_SAMPLE t=1079.4s rss=2896MB hwm=2896MB
RSS_SAMPLE t=1079.6s rss=2896MB hwm=2896MB
RSS_SAMPLE t=1079.9s rss=2896MB hwm=2896MB
RSS_SAMPLE t=1080.1s rss=2896MB hwm=2896MB
RSS_SAMPLE t=1080.4s rss=2896MB hwm=2896MB
RSS_SAMPLE t=1080.6s rss=2896MB hwm=2896MB
RSS_SAMPLE t=1080.9s rss=2896MB hwm=2896MB
RSS_SAMPLE t=1081.1s rss=2896MB hwm=2896MB
RSS_SAMPLE t=1081.4s rss=2896MB hwm=2896MB
RSS_SAMPLE t=1081.6s rss=2896MB hwm=2896MB
RSS_SAMPLE t=1081.9s rss=2896MB hwm=2896MB
RSS_SAMPLE t=1082.1s rss=2896MB hwm=2896MB
RSS_SAMPLE t=1082.4s rss=2896MB hwm=2896MB
RSS_SAMPLE t=1082.6s rss=2896MB hwm=2896MB
RSS_SAMPLE t=1082.9s rss=2896MB hwm=2896MB
RSS_SAMPLE t=1083.1s rss=2896MB hwm=2896MB
RSS_SAMPLE t=1083.4s rss=2896MB hwm=2896MB
RSS_SAMPLE t=1083.6s rss=2896MB hwm=2896MB
RSS_SAMPLE t=1083.9s rss=2896MB hwm=2896MB
RSS_SAMPLE t=1084.1s rss=2896MB hwm=2896MB
RSS_SAMPLE t=1084.4s rss=2896MB hwm=2896MB
RSS_SAMPLE t=1084.6s rss=2896MB hwm=2896MB
RSS_SAMPLE t=1084.9s rss=2896MB hwm=2896MB
RSS_SAMPLE t=1085.1s rss=2896MB hwm=2896MB
RSS_SAMPLE t=1085.4s rss=2896MB hwm=2896MB
RSS_SAMPLE t=1085.6s rss=2896MB hwm=2896MB
RSS_SAMPLE t=1085.9s rss=2896MB hwm=2896MB
RSS_SAMPLE t=1086.1s rss=2896MB hwm=2896MB
RSS_SAMPLE t=1086.4s rss=2896MB hwm=2896MB
RSS_SAMPLE t=1086.6s rss=2896MB hwm=2896MB
RSS_SAMPLE t=1086.9s rss=2896MB hwm=2896MB
RSS_SAMPLE t=1087.1s rss=2896MB hwm=2896MB
RSS_SAMPLE t=1087.4s rss=2896MB hwm=2896MB
RSS_SAMPLE t=1087.6s rss=2896MB hwm=2896MB
RSS_SAMPLE t=1087.9s rss=2896MB hwm=2896MB
RSS_SAMPLE t=1088.1s rss=2896MB hwm=2896MB
RSS_SAMPLE t=1088.4s rss=2896MB hwm=2896MB
RSS_SAMPLE t=1088.6s rss=2896MB hwm=2896MB
RSS_SAMPLE t=1088.9s rss=2896MB hwm=2896MB
RSS_SAMPLE t=1089.1s rss=2896MB hwm=2896MB
RSS_SAMPLE t=1089.4s rss=2897MB hwm=2897MB
RSS_SAMPLE t=1089.6s rss=2897MB hwm=2897MB
RSS_SAMPLE t=1089.9s rss=2897MB hwm=2897MB
RSS_SAMPLE t=1090.1s rss=2897MB hwm=2897MB
RSS_SAMPLE t=1090.4s rss=2897MB hwm=2897MB
RSS_SAMPLE t=1090.6s rss=2897MB hwm=2897MB
RSS_SAMPLE t=1090.9s rss=2897MB hwm=2897MB
RSS_SAMPLE t=1091.1s rss=2897MB hwm=2897MB
RSS_SAMPLE t=1091.4s rss=2897MB hwm=2897MB
RSS_SAMPLE t=1091.6s rss=2897MB hwm=2897MB
RSS_SAMPLE t=1091.9s rss=2897MB hwm=2897MB
RSS_SAMPLE t=1092.1s rss=2897MB hwm=2897MB
RSS_SAMPLE t=1092.4s rss=2897MB hwm=2897MB
RSS_SAMPLE t=1092.6s rss=2897MB hwm=2897MB
RSS_SAMPLE t=1092.9s rss=2897MB hwm=2897MB
RSS_SAMPLE t=1093.1s rss=2897MB hwm=2897MB
RSS_SAMPLE t=1093.4s rss=2897MB hwm=2897MB
RSS_SAMPLE t=1093.6s rss=2897MB hwm=2897MB
RSS_SAMPLE t=1093.9s rss=2897MB hwm=2897MB
RSS_SAMPLE t=1094.1s rss=2897MB hwm=2897MB
RSS_SAMPLE t=1094.4s rss=2897MB hwm=2897MB
RSS_SAMPLE t=1094.6s rss=2897MB hwm=2897MB
RSS_SAMPLE t=1094.9s rss=2897MB hwm=2897MB
RSS_SAMPLE t=1095.1s rss=2897MB hwm=2897MB
RSS_SAMPLE t=1095.4s rss=2897MB hwm=2897MB
MEM_POOL: workspaces=8 dense_usage_mb=313 n_pipes=2562403
    rss_probe[outer=6]: pre_post_solve=2834MB post_post_solve=2897MB after_apply=2897MB
    E_decomp: base=6013710.0 eff=305526923260188.1 cong=305526917246478.1 cong_share=100.0% sat_pipes=84960 max_util=948.78  R_buckets: 1-2x=80884 2-10x=110901 10-100x=2287174 >=100x=83444
    E_potential: beckmann=35372572546854.7 history_total=0.0
    SpanCache: epoch=7 entries=2136 lookups=2562403 hits=2560267 misses=2136 hit_rate=99.9%
  DCD   6: nets=105117 line=14431246 energy=9231649114.955 dE=+6253679200.565 friction=13192359.2 bins=2.0x(328) excess=114.9 moved=66733 disp=5.937 solves=105117 skip=105117 pops=748751171 theta=0.644 refresh=183958ms dcd=6614ms total=192970ms
    cache_stats: entries=58231330 capacity=106115722 est_mb=916 rss_mb=2897
RSS_SAMPLE t=1095.6s rss=2897MB hwm=2897MB
RSS_SAMPLE t=1095.9s rss=2897MB hwm=2897MB
RSS_SAMPLE t=1096.1s rss=2897MB hwm=2897MB
RSS_SAMPLE t=1096.4s rss=2897MB hwm=2897MB
RSS_SAMPLE t=1096.6s rss=2897MB hwm=2897MB
RSS_SAMPLE t=1096.9s rss=2897MB hwm=2897MB
RSS_SAMPLE t=1097.1s rss=2897MB hwm=2897MB
RSS_SAMPLE t=1097.4s rss=2897MB hwm=2897MB
RSS_SAMPLE t=1097.6s rss=2897MB hwm=2897MB
RSS_SAMPLE t=1097.9s rss=2897MB hwm=2897MB
    SwitchMatrix: type_usage_pairs=983 lookups=2157 hits=1174 dijkstra_calls=983 avg_us=12.3 total_ms=12.1
PHASE_MARK outer=7 enter=pre_solve rss=2897MB
    rss_probe[outer=7]: pre_refresh_rss=2897MB post_pre_solve_rss=2897MB cache_entries=58231330 cache_cap=106115722 cache_est_mb=916
    pre_solve_diag[outer=7]: solves=0 fallback=0 (0.0%) cap_armed=0 (0.0%) settle_avg=0 settle_max=0 init_count=56
    Overflow: over=82853 (3.2% of used) avg_excess=12.58 max_excess=3072.37 (nc=3096.37 cap=24 span=1)  excess_buckets: <=1=4890 1-5=39902 5-20=25465 >20=12596  by_cap: cap1=1971 cap2=70095 cap3-5=444 cap>5=10343  by_span: s1=518 s2-3=9282 s4-6=1772 s7-12=66611 s>12=4670  le1_cross: cap1=1188 cap2-5=3475 cap>5=227
    Congestion: pipes=2562403 used=2562403 congested(>50%)=100192 saturated(>90%)=84960 max_util=948.78 avg_util=0.1800
PHASE_MARK outer=7 enter=dcd_sweep rss=2897MB
RSS_SAMPLE t=1098.1s rss=2897MB hwm=2897MB
RSS_SAMPLE t=1098.4s rss=2897MB hwm=2897MB
RSS_SAMPLE t=1098.6s rss=2897MB hwm=2897MB
RSS_SAMPLE t=1098.9s rss=2897MB hwm=2897MB
RSS_SAMPLE t=1099.1s rss=2897MB hwm=2897MB
RSS_SAMPLE t=1099.4s rss=2897MB hwm=2897MB
RSS_SAMPLE t=1099.6s rss=2897MB hwm=2897MB
RSS_SAMPLE t=1099.9s rss=2897MB hwm=2897MB
RSS_SAMPLE t=1100.1s rss=2897MB hwm=2897MB
RSS_SAMPLE t=1100.4s rss=2897MB hwm=2897MB
RSS_SAMPLE t=1100.6s rss=2897MB hwm=2897MB
RSS_SAMPLE t=1100.9s rss=2897MB hwm=2897MB
RSS_SAMPLE t=1101.1s rss=2897MB hwm=2897MB
RSS_SAMPLE t=1101.4s rss=2897MB hwm=2897MB
RSS_SAMPLE t=1101.6s rss=2897MB hwm=2897MB
RSS_SAMPLE t=1101.9s rss=2897MB hwm=2897MB
RSS_SAMPLE t=1102.1s rss=2897MB hwm=2897MB
RSS_SAMPLE t=1102.4s rss=2897MB hwm=2897MB
RSS_SAMPLE t=1102.6s rss=2897MB hwm=2897MB
RSS_SAMPLE t=1102.9s rss=2897MB hwm=2897MB
RSS_SAMPLE t=1103.1s rss=2897MB hwm=2897MB
RSS_SAMPLE t=1103.4s rss=2897MB hwm=2897MB
RSS_SAMPLE t=1103.6s rss=2897MB hwm=2897MB
RSS_SAMPLE t=1103.9s rss=2897MB hwm=2897MB
RSS_SAMPLE t=1104.1s rss=2897MB hwm=2897MB
RSS_SAMPLE t=1104.4s rss=2897MB hwm=2897MB
RSS_SAMPLE t=1104.6s rss=2897MB hwm=2897MB
PHASE_MARK outer=7 leave=dcd_sweep rss=2897MB
PHASE_MARK outer=7 enter=post_refresh rss=2897MB
RSS_SAMPLE t=1104.9s rss=2897MB hwm=2897MB
RSS_SAMPLE t=1105.1s rss=2897MB hwm=2897MB
RSS_SAMPLE t=1105.4s rss=2897MB hwm=2897MB
RSS_SAMPLE t=1105.6s rss=2897MB hwm=2897MB
RSS_SAMPLE t=1105.9s rss=2897MB hwm=2897MB
RSS_SAMPLE t=1106.1s rss=2897MB hwm=2897MB
RSS_SAMPLE t=1106.4s rss=2897MB hwm=2897MB
RSS_SAMPLE t=1106.6s rss=2897MB hwm=2897MB
RSS_SAMPLE t=1106.9s rss=2897MB hwm=2897MB
RSS_SAMPLE t=1107.1s rss=2897MB hwm=2897MB
RSS_SAMPLE t=1107.4s rss=2897MB hwm=2897MB
RSS_SAMPLE t=1107.6s rss=2897MB hwm=2897MB
RSS_SAMPLE t=1107.9s rss=2897MB hwm=2897MB
RSS_SAMPLE t=1108.1s rss=2898MB hwm=2898MB
RSS_SAMPLE t=1108.4s rss=2898MB hwm=2898MB
RSS_SAMPLE t=1108.6s rss=2898MB hwm=2898MB
RSS_SAMPLE t=1108.9s rss=2898MB hwm=2898MB
RSS_SAMPLE t=1109.1s rss=2898MB hwm=2898MB
RSS_SAMPLE t=1109.4s rss=2899MB hwm=2899MB
RSS_SAMPLE t=1109.6s rss=2899MB hwm=2899MB
RSS_SAMPLE t=1109.9s rss=2899MB hwm=2899MB
RSS_SAMPLE t=1110.1s rss=2900MB hwm=2900MB
RSS_SAMPLE t=1110.4s rss=2900MB hwm=2900MB
RSS_SAMPLE t=1110.6s rss=2900MB hwm=2900MB
RSS_SAMPLE t=1110.9s rss=2900MB hwm=2900MB
RSS_SAMPLE t=1111.1s rss=2901MB hwm=2901MB
RSS_SAMPLE t=1111.4s rss=2901MB hwm=2901MB
RSS_SAMPLE t=1111.6s rss=2902MB hwm=2902MB
RSS_SAMPLE t=1111.9s rss=2902MB hwm=2902MB
RSS_SAMPLE t=1112.1s rss=2902MB hwm=2902MB
RSS_SAMPLE t=1112.4s rss=2902MB hwm=2902MB
RSS_SAMPLE t=1112.6s rss=2902MB hwm=2902MB
RSS_SAMPLE t=1112.9s rss=2903MB hwm=2903MB
RSS_SAMPLE t=1113.1s rss=2903MB hwm=2903MB
RSS_SAMPLE t=1113.4s rss=2903MB hwm=2903MB
RSS_SAMPLE t=1113.6s rss=2903MB hwm=2903MB
RSS_SAMPLE t=1113.9s rss=2903MB hwm=2903MB
RSS_SAMPLE t=1114.1s rss=2904MB hwm=2904MB
RSS_SAMPLE t=1114.4s rss=2904MB hwm=2904MB
RSS_SAMPLE t=1114.7s rss=2905MB hwm=2905MB
RSS_SAMPLE t=1114.9s rss=2905MB hwm=2905MB
RSS_SAMPLE t=1115.2s rss=2905MB hwm=2905MB
RSS_SAMPLE t=1115.4s rss=2905MB hwm=2905MB
RSS_SAMPLE t=1115.7s rss=2906MB hwm=2906MB
RSS_SAMPLE t=1115.9s rss=2906MB hwm=2906MB
RSS_SAMPLE t=1116.2s rss=2906MB hwm=2906MB
RSS_SAMPLE t=1116.4s rss=2906MB hwm=2906MB
RSS_SAMPLE t=1116.7s rss=2906MB hwm=2906MB
RSS_SAMPLE t=1116.9s rss=2907MB hwm=2907MB
RSS_SAMPLE t=1117.2s rss=2907MB hwm=2907MB
RSS_SAMPLE t=1117.4s rss=2907MB hwm=2907MB
RSS_SAMPLE t=1117.7s rss=2908MB hwm=2908MB
RSS_SAMPLE t=1117.9s rss=2908MB hwm=2908MB
RSS_SAMPLE t=1118.2s rss=2908MB hwm=2908MB
RSS_SAMPLE t=1118.4s rss=2908MB hwm=2908MB
RSS_SAMPLE t=1118.7s rss=2909MB hwm=2909MB
RSS_SAMPLE t=1118.9s rss=2909MB hwm=2909MB
RSS_SAMPLE t=1119.2s rss=2909MB hwm=2909MB
RSS_SAMPLE t=1119.4s rss=2910MB hwm=2910MB
RSS_SAMPLE t=1119.7s rss=2910MB hwm=2910MB
RSS_SAMPLE t=1119.9s rss=2911MB hwm=2911MB
RSS_SAMPLE t=1120.2s rss=2911MB hwm=2911MB
RSS_SAMPLE t=1120.4s rss=2911MB hwm=2911MB
RSS_SAMPLE t=1120.7s rss=2911MB hwm=2911MB
RSS_SAMPLE t=1120.9s rss=2912MB hwm=2912MB
RSS_SAMPLE t=1121.2s rss=2912MB hwm=2912MB
RSS_SAMPLE t=1121.4s rss=2913MB hwm=2913MB
RSS_SAMPLE t=1121.7s rss=2913MB hwm=2913MB
RSS_SAMPLE t=1121.9s rss=2913MB hwm=2913MB
RSS_SAMPLE t=1122.2s rss=2914MB hwm=2914MB
RSS_SAMPLE t=1122.4s rss=2914MB hwm=2914MB
RSS_SAMPLE t=1122.7s rss=2914MB hwm=2914MB
RSS_SAMPLE t=1122.9s rss=2915MB hwm=2915MB
RSS_SAMPLE t=1123.2s rss=2915MB hwm=2915MB
RSS_SAMPLE t=1123.4s rss=2915MB hwm=2915MB
RSS_SAMPLE t=1123.7s rss=2916MB hwm=2916MB
RSS_SAMPLE t=1123.9s rss=2916MB hwm=2916MB
RSS_SAMPLE t=1124.2s rss=2917MB hwm=2917MB
RSS_SAMPLE t=1124.4s rss=2917MB hwm=2917MB
RSS_SAMPLE t=1124.7s rss=2917MB hwm=2917MB
RSS_SAMPLE t=1124.9s rss=2918MB hwm=2918MB
RSS_SAMPLE t=1125.2s rss=2918MB hwm=2918MB
RSS_SAMPLE t=1125.4s rss=2919MB hwm=2919MB
RSS_SAMPLE t=1125.7s rss=2919MB hwm=2919MB
RSS_SAMPLE t=1125.9s rss=2920MB hwm=2920MB
RSS_SAMPLE t=1126.2s rss=2920MB hwm=2920MB
RSS_SAMPLE t=1126.4s rss=2920MB hwm=2920MB
RSS_SAMPLE t=1126.7s rss=2921MB hwm=2921MB
RSS_SAMPLE t=1126.9s rss=2921MB hwm=2921MB
RSS_SAMPLE t=1127.2s rss=2922MB hwm=2922MB
RSS_SAMPLE t=1127.4s rss=2922MB hwm=2922MB
RSS_SAMPLE t=1127.7s rss=2922MB hwm=2922MB
RSS_SAMPLE t=1127.9s rss=2923MB hwm=2923MB
RSS_SAMPLE t=1128.2s rss=2923MB hwm=2923MB
RSS_SAMPLE t=1128.4s rss=2924MB hwm=2924MB
RSS_SAMPLE t=1128.7s rss=2924MB hwm=2924MB
RSS_SAMPLE t=1128.9s rss=2925MB hwm=2925MB
RSS_SAMPLE t=1129.2s rss=2925MB hwm=2925MB
RSS_SAMPLE t=1129.4s rss=2926MB hwm=2926MB
RSS_SAMPLE t=1129.7s rss=2926MB hwm=2926MB
RSS_SAMPLE t=1129.9s rss=2926MB hwm=2926MB
RSS_SAMPLE t=1130.2s rss=2927MB hwm=2927MB
RSS_SAMPLE t=1130.4s rss=2927MB hwm=2927MB
RSS_SAMPLE t=1130.7s rss=2927MB hwm=2927MB
RSS_SAMPLE t=1130.9s rss=2928MB hwm=2928MB
RSS_SAMPLE t=1131.2s rss=2928MB hwm=2928MB
RSS_SAMPLE t=1131.4s rss=2928MB hwm=2928MB
RSS_SAMPLE t=1131.7s rss=2929MB hwm=2929MB
RSS_SAMPLE t=1131.9s rss=2929MB hwm=2929MB
RSS_SAMPLE t=1132.2s rss=2929MB hwm=2929MB
RSS_SAMPLE t=1132.4s rss=2930MB hwm=2930MB
RSS_SAMPLE t=1132.7s rss=2930MB hwm=2930MB
RSS_SAMPLE t=1132.9s rss=2930MB hwm=2930MB
RSS_SAMPLE t=1133.2s rss=2931MB hwm=2931MB
RSS_SAMPLE t=1133.4s rss=2931MB hwm=2931MB
RSS_SAMPLE t=1133.7s rss=2932MB hwm=2932MB
RSS_SAMPLE t=1133.9s rss=2932MB hwm=2932MB
RSS_SAMPLE t=1134.2s rss=2932MB hwm=2932MB
RSS_SAMPLE t=1134.4s rss=2933MB hwm=2933MB
RSS_SAMPLE t=1134.7s rss=2933MB hwm=2933MB
RSS_SAMPLE t=1134.9s rss=2933MB hwm=2933MB
RSS_SAMPLE t=1135.2s rss=2934MB hwm=2934MB
RSS_SAMPLE t=1135.4s rss=2934MB hwm=2934MB
RSS_SAMPLE t=1135.7s rss=2935MB hwm=2935MB
RSS_SAMPLE t=1135.9s rss=2935MB hwm=2935MB
RSS_SAMPLE t=1136.2s rss=2935MB hwm=2935MB
RSS_SAMPLE t=1136.4s rss=2935MB hwm=2935MB
RSS_SAMPLE t=1136.7s rss=2936MB hwm=2936MB
RSS_SAMPLE t=1136.9s rss=2936MB hwm=2936MB
RSS_SAMPLE t=1137.2s rss=2937MB hwm=2937MB
RSS_SAMPLE t=1137.4s rss=2937MB hwm=2937MB
RSS_SAMPLE t=1137.7s rss=2937MB hwm=2937MB
RSS_SAMPLE t=1137.9s rss=2938MB hwm=2938MB
RSS_SAMPLE t=1138.2s rss=2938MB hwm=2938MB
RSS_SAMPLE t=1138.4s rss=2939MB hwm=2939MB
RSS_SAMPLE t=1138.7s rss=2939MB hwm=2939MB
RSS_SAMPLE t=1138.9s rss=2939MB hwm=2939MB
RSS_SAMPLE t=1139.2s rss=2940MB hwm=2940MB
RSS_SAMPLE t=1139.4s rss=2940MB hwm=2940MB
RSS_SAMPLE t=1139.7s rss=2941MB hwm=2941MB
RSS_SAMPLE t=1139.9s rss=2941MB hwm=2941MB
RSS_SAMPLE t=1140.2s rss=2941MB hwm=2941MB
RSS_SAMPLE t=1140.4s rss=2942MB hwm=2942MB
RSS_SAMPLE t=1140.7s rss=2942MB hwm=2942MB
RSS_SAMPLE t=1140.9s rss=2942MB hwm=2942MB
RSS_SAMPLE t=1141.2s rss=2943MB hwm=2943MB
RSS_SAMPLE t=1141.4s rss=2943MB hwm=2943MB
RSS_SAMPLE t=1141.7s rss=2944MB hwm=2944MB
RSS_SAMPLE t=1141.9s rss=2944MB hwm=2944MB
RSS_SAMPLE t=1142.2s rss=2944MB hwm=2944MB
RSS_SAMPLE t=1142.4s rss=2945MB hwm=2945MB
RSS_SAMPLE t=1142.7s rss=2945MB hwm=2945MB
RSS_SAMPLE t=1142.9s rss=2945MB hwm=2945MB
RSS_SAMPLE t=1143.2s rss=2946MB hwm=2946MB
RSS_SAMPLE t=1143.4s rss=2946MB hwm=2946MB
RSS_SAMPLE t=1143.7s rss=2946MB hwm=2946MB
RSS_SAMPLE t=1143.9s rss=2947MB hwm=2947MB
RSS_SAMPLE t=1144.2s rss=2947MB hwm=2947MB
RSS_SAMPLE t=1144.4s rss=2947MB hwm=2947MB
RSS_SAMPLE t=1144.7s rss=2948MB hwm=2948MB
RSS_SAMPLE t=1144.9s rss=2948MB hwm=2948MB
RSS_SAMPLE t=1145.2s rss=2948MB hwm=2948MB
RSS_SAMPLE t=1145.4s rss=2949MB hwm=2949MB
RSS_SAMPLE t=1145.7s rss=2949MB hwm=2949MB
RSS_SAMPLE t=1145.9s rss=2949MB hwm=2949MB
RSS_SAMPLE t=1146.2s rss=2949MB hwm=2949MB
RSS_SAMPLE t=1146.4s rss=2950MB hwm=2950MB
RSS_SAMPLE t=1146.7s rss=2950MB hwm=2950MB
RSS_SAMPLE t=1146.9s rss=2950MB hwm=2950MB
RSS_SAMPLE t=1147.2s rss=2951MB hwm=2951MB
RSS_SAMPLE t=1147.4s rss=2951MB hwm=2951MB
RSS_SAMPLE t=1147.7s rss=2952MB hwm=2952MB
RSS_SAMPLE t=1147.9s rss=2952MB hwm=2952MB
RSS_SAMPLE t=1148.2s rss=2952MB hwm=2952MB
RSS_SAMPLE t=1148.4s rss=2952MB hwm=2952MB
RSS_SAMPLE t=1148.7s rss=2952MB hwm=2952MB
RSS_SAMPLE t=1148.9s rss=2953MB hwm=2953MB
RSS_SAMPLE t=1149.2s rss=2953MB hwm=2953MB
RSS_SAMPLE t=1149.4s rss=2953MB hwm=2953MB
RSS_SAMPLE t=1149.7s rss=2953MB hwm=2953MB
RSS_SAMPLE t=1149.9s rss=2953MB hwm=2953MB
RSS_SAMPLE t=1150.2s rss=2953MB hwm=2953MB
RSS_SAMPLE t=1150.4s rss=2953MB hwm=2953MB
RSS_SAMPLE t=1150.7s rss=2953MB hwm=2953MB
RSS_SAMPLE t=1150.9s rss=2954MB hwm=2954MB
RSS_SAMPLE t=1151.2s rss=2954MB hwm=2954MB
RSS_SAMPLE t=1151.4s rss=2954MB hwm=2954MB
RSS_SAMPLE t=1151.7s rss=2954MB hwm=2954MB
RSS_SAMPLE t=1151.9s rss=2955MB hwm=2955MB
RSS_SAMPLE t=1152.2s rss=2955MB hwm=2955MB
RSS_SAMPLE t=1152.4s rss=2955MB hwm=2955MB
RSS_SAMPLE t=1152.7s rss=2955MB hwm=2955MB
RSS_SAMPLE t=1152.9s rss=2955MB hwm=2955MB
RSS_SAMPLE t=1153.2s rss=2955MB hwm=2955MB
RSS_SAMPLE t=1153.4s rss=2956MB hwm=2956MB
RSS_SAMPLE t=1153.7s rss=2956MB hwm=2956MB
RSS_SAMPLE t=1153.9s rss=2956MB hwm=2956MB
RSS_SAMPLE t=1154.2s rss=2957MB hwm=2957MB
RSS_SAMPLE t=1154.4s rss=2957MB hwm=2957MB
RSS_SAMPLE t=1154.7s rss=2957MB hwm=2957MB
RSS_SAMPLE t=1154.9s rss=2957MB hwm=2957MB
RSS_SAMPLE t=1155.2s rss=2958MB hwm=2958MB
RSS_SAMPLE t=1155.4s rss=2958MB hwm=2958MB
RSS_SAMPLE t=1155.7s rss=2958MB hwm=2958MB
RSS_SAMPLE t=1155.9s rss=2958MB hwm=2958MB
RSS_SAMPLE t=1156.2s rss=2959MB hwm=2959MB
RSS_SAMPLE t=1156.4s rss=2959MB hwm=2959MB
RSS_SAMPLE t=1156.7s rss=2959MB hwm=2959MB
RSS_SAMPLE t=1156.9s rss=2960MB hwm=2960MB
RSS_SAMPLE t=1157.2s rss=2960MB hwm=2960MB
RSS_SAMPLE t=1157.4s rss=2960MB hwm=2960MB
RSS_SAMPLE t=1157.7s rss=2961MB hwm=2961MB
RSS_SAMPLE t=1157.9s rss=2961MB hwm=2961MB
RSS_SAMPLE t=1158.2s rss=2961MB hwm=2961MB
RSS_SAMPLE t=1158.4s rss=2961MB hwm=2961MB
RSS_SAMPLE t=1158.7s rss=2961MB hwm=2961MB
RSS_SAMPLE t=1158.9s rss=2961MB hwm=2961MB
RSS_SAMPLE t=1159.2s rss=2961MB hwm=2961MB
RSS_SAMPLE t=1159.4s rss=2961MB hwm=2961MB
RSS_SAMPLE t=1159.7s rss=2962MB hwm=2962MB
RSS_SAMPLE t=1159.9s rss=2962MB hwm=2962MB
RSS_SAMPLE t=1160.2s rss=2962MB hwm=2962MB
RSS_SAMPLE t=1160.4s rss=2962MB hwm=2962MB
RSS_SAMPLE t=1160.7s rss=2963MB hwm=2963MB
RSS_SAMPLE t=1160.9s rss=2963MB hwm=2963MB
RSS_SAMPLE t=1161.2s rss=2963MB hwm=2963MB
RSS_SAMPLE t=1161.4s rss=2963MB hwm=2963MB
RSS_SAMPLE t=1161.7s rss=2964MB hwm=2964MB
RSS_SAMPLE t=1161.9s rss=2964MB hwm=2964MB
RSS_SAMPLE t=1162.2s rss=2964MB hwm=2964MB
RSS_SAMPLE t=1162.4s rss=2964MB hwm=2964MB
RSS_SAMPLE t=1162.7s rss=2964MB hwm=2964MB
RSS_SAMPLE t=1162.9s rss=2965MB hwm=2965MB
RSS_SAMPLE t=1163.2s rss=2965MB hwm=2965MB
RSS_SAMPLE t=1163.4s rss=2965MB hwm=2965MB
RSS_SAMPLE t=1163.7s rss=2965MB hwm=2965MB
RSS_SAMPLE t=1163.9s rss=2965MB hwm=2965MB
RSS_SAMPLE t=1164.2s rss=2965MB hwm=2965MB
RSS_SAMPLE t=1164.4s rss=2965MB hwm=2965MB
RSS_SAMPLE t=1164.7s rss=2966MB hwm=2966MB
RSS_SAMPLE t=1164.9s rss=2966MB hwm=2966MB
RSS_SAMPLE t=1165.2s rss=2966MB hwm=2966MB
RSS_SAMPLE t=1165.4s rss=2966MB hwm=2966MB
RSS_SAMPLE t=1165.7s rss=2966MB hwm=2966MB
RSS_SAMPLE t=1165.9s rss=2966MB hwm=2966MB
RSS_SAMPLE t=1166.2s rss=2966MB hwm=2966MB
RSS_SAMPLE t=1166.4s rss=2967MB hwm=2967MB
RSS_SAMPLE t=1166.7s rss=2967MB hwm=2967MB
RSS_SAMPLE t=1166.9s rss=2967MB hwm=2967MB
RSS_SAMPLE t=1167.2s rss=2967MB hwm=2967MB
RSS_SAMPLE t=1167.4s rss=2967MB hwm=2967MB
RSS_SAMPLE t=1167.7s rss=2968MB hwm=2968MB
RSS_SAMPLE t=1167.9s rss=2968MB hwm=2968MB
RSS_SAMPLE t=1168.2s rss=2968MB hwm=2968MB
RSS_SAMPLE t=1168.4s rss=2968MB hwm=2968MB
RSS_SAMPLE t=1168.7s rss=2968MB hwm=2968MB
RSS_SAMPLE t=1168.9s rss=2969MB hwm=2969MB
RSS_SAMPLE t=1169.2s rss=2969MB hwm=2969MB
RSS_SAMPLE t=1169.4s rss=2969MB hwm=2969MB
RSS_SAMPLE t=1169.7s rss=2970MB hwm=2970MB
RSS_SAMPLE t=1169.9s rss=2970MB hwm=2970MB
RSS_SAMPLE t=1170.2s rss=2970MB hwm=2970MB
RSS_SAMPLE t=1170.4s rss=2971MB hwm=2971MB
RSS_SAMPLE t=1170.7s rss=2971MB hwm=2971MB
RSS_SAMPLE t=1170.9s rss=2971MB hwm=2971MB
RSS_SAMPLE t=1171.2s rss=2972MB hwm=2972MB
RSS_SAMPLE t=1171.4s rss=2972MB hwm=2972MB
RSS_SAMPLE t=1171.7s rss=2972MB hwm=2972MB
RSS_SAMPLE t=1171.9s rss=2973MB hwm=2973MB
RSS_SAMPLE t=1172.2s rss=2973MB hwm=2973MB
RSS_SAMPLE t=1172.4s rss=2973MB hwm=2973MB
RSS_SAMPLE t=1172.7s rss=2974MB hwm=2974MB
RSS_SAMPLE t=1172.9s rss=2974MB hwm=2974MB
RSS_SAMPLE t=1173.2s rss=2974MB hwm=2974MB
RSS_SAMPLE t=1173.4s rss=2975MB hwm=2975MB
RSS_SAMPLE t=1173.7s rss=2975MB hwm=2975MB
RSS_SAMPLE t=1173.9s rss=2975MB hwm=2975MB
RSS_SAMPLE t=1174.2s rss=2975MB hwm=2975MB
RSS_SAMPLE t=1174.4s rss=2975MB hwm=2975MB
RSS_SAMPLE t=1174.7s rss=2976MB hwm=2976MB
RSS_SAMPLE t=1174.9s rss=2976MB hwm=2976MB
RSS_SAMPLE t=1175.2s rss=2976MB hwm=2976MB
RSS_SAMPLE t=1175.4s rss=2977MB hwm=2977MB
RSS_SAMPLE t=1175.7s rss=2977MB hwm=2977MB
RSS_SAMPLE t=1175.9s rss=2978MB hwm=2978MB
RSS_SAMPLE t=1176.2s rss=2978MB hwm=2978MB
RSS_SAMPLE t=1176.4s rss=2978MB hwm=2978MB
RSS_SAMPLE t=1176.7s rss=2979MB hwm=2979MB
RSS_SAMPLE t=1176.9s rss=2979MB hwm=2979MB
RSS_SAMPLE t=1177.2s rss=2980MB hwm=2980MB
RSS_SAMPLE t=1177.4s rss=2980MB hwm=2980MB
RSS_SAMPLE t=1177.7s rss=2981MB hwm=2981MB
RSS_SAMPLE t=1177.9s rss=2981MB hwm=2981MB
RSS_SAMPLE t=1178.2s rss=2982MB hwm=2982MB
RSS_SAMPLE t=1178.4s rss=2982MB hwm=2982MB
RSS_SAMPLE t=1178.7s rss=2982MB hwm=2982MB
RSS_SAMPLE t=1178.9s rss=2983MB hwm=2983MB
RSS_SAMPLE t=1179.2s rss=2983MB hwm=2983MB
RSS_SAMPLE t=1179.4s rss=2983MB hwm=2983MB
RSS_SAMPLE t=1179.7s rss=2983MB hwm=2983MB
RSS_SAMPLE t=1179.9s rss=2984MB hwm=2984MB
RSS_SAMPLE t=1180.2s rss=2984MB hwm=2984MB
RSS_SAMPLE t=1180.4s rss=2984MB hwm=2984MB
RSS_SAMPLE t=1180.7s rss=2985MB hwm=2985MB
RSS_SAMPLE t=1180.9s rss=2985MB hwm=2985MB
RSS_SAMPLE t=1181.2s rss=2985MB hwm=2985MB
RSS_SAMPLE t=1181.4s rss=2986MB hwm=2986MB
RSS_SAMPLE t=1181.7s rss=2986MB hwm=2986MB
RSS_SAMPLE t=1181.9s rss=2987MB hwm=2987MB
RSS_SAMPLE t=1182.2s rss=2987MB hwm=2987MB
RSS_SAMPLE t=1182.4s rss=2988MB hwm=2988MB
RSS_SAMPLE t=1182.7s rss=2988MB hwm=2988MB
RSS_SAMPLE t=1182.9s rss=2989MB hwm=2989MB
RSS_SAMPLE t=1183.2s rss=2989MB hwm=2989MB
RSS_SAMPLE t=1183.4s rss=2990MB hwm=2990MB
RSS_SAMPLE t=1183.7s rss=2990MB hwm=2990MB
RSS_SAMPLE t=1183.9s rss=2991MB hwm=2991MB
RSS_SAMPLE t=1184.2s rss=2991MB hwm=2991MB
RSS_SAMPLE t=1184.4s rss=2991MB hwm=2991MB
RSS_SAMPLE t=1184.7s rss=2992MB hwm=2992MB
RSS_SAMPLE t=1184.9s rss=2992MB hwm=2992MB
RSS_SAMPLE t=1185.2s rss=2993MB hwm=2993MB
RSS_SAMPLE t=1185.4s rss=2993MB hwm=2993MB
RSS_SAMPLE t=1185.7s rss=2994MB hwm=2994MB
RSS_SAMPLE t=1185.9s rss=2994MB hwm=2994MB
RSS_SAMPLE t=1186.2s rss=2994MB hwm=2994MB
RSS_SAMPLE t=1186.4s rss=2995MB hwm=2995MB
RSS_SAMPLE t=1186.7s rss=2996MB hwm=2996MB
RSS_SAMPLE t=1186.9s rss=2996MB hwm=2996MB
RSS_SAMPLE t=1187.2s rss=2996MB hwm=2996MB
RSS_SAMPLE t=1187.4s rss=2996MB hwm=2996MB
RSS_SAMPLE t=1187.7s rss=2997MB hwm=2997MB
RSS_SAMPLE t=1187.9s rss=2997MB hwm=2997MB
RSS_SAMPLE t=1188.2s rss=2997MB hwm=2997MB
RSS_SAMPLE t=1188.4s rss=2998MB hwm=2998MB
RSS_SAMPLE t=1188.7s rss=2998MB hwm=2998MB
RSS_SAMPLE t=1188.9s rss=2998MB hwm=2998MB
RSS_SAMPLE t=1189.2s rss=2998MB hwm=2998MB
RSS_SAMPLE t=1189.4s rss=2998MB hwm=2998MB
RSS_SAMPLE t=1189.7s rss=2999MB hwm=2999MB
RSS_SAMPLE t=1189.9s rss=2999MB hwm=2999MB
RSS_SAMPLE t=1190.2s rss=2999MB hwm=2999MB
RSS_SAMPLE t=1190.4s rss=2999MB hwm=2999MB
RSS_SAMPLE t=1190.7s rss=2999MB hwm=2999MB
RSS_SAMPLE t=1190.9s rss=3000MB hwm=3000MB
RSS_SAMPLE t=1191.2s rss=3000MB hwm=3000MB
RSS_SAMPLE t=1191.4s rss=3000MB hwm=3000MB
RSS_SAMPLE t=1191.7s rss=3001MB hwm=3001MB
RSS_SAMPLE t=1191.9s rss=3001MB hwm=3001MB
RSS_SAMPLE t=1192.2s rss=3001MB hwm=3001MB
RSS_SAMPLE t=1192.4s rss=3001MB hwm=3001MB
RSS_SAMPLE t=1192.7s rss=3002MB hwm=3002MB
RSS_SAMPLE t=1192.9s rss=3002MB hwm=3002MB
RSS_SAMPLE t=1193.2s rss=3002MB hwm=3002MB
RSS_SAMPLE t=1193.4s rss=3002MB hwm=3002MB
RSS_SAMPLE t=1193.7s rss=3002MB hwm=3002MB
RSS_SAMPLE t=1193.9s rss=3002MB hwm=3002MB
RSS_SAMPLE t=1194.2s rss=3002MB hwm=3002MB
RSS_SAMPLE t=1194.4s rss=3002MB hwm=3002MB
RSS_SAMPLE t=1194.7s rss=3002MB hwm=3002MB
RSS_SAMPLE t=1194.9s rss=3002MB hwm=3002MB
RSS_SAMPLE t=1195.2s rss=3002MB hwm=3002MB
RSS_SAMPLE t=1195.4s rss=3002MB hwm=3002MB
RSS_SAMPLE t=1195.7s rss=3002MB hwm=3002MB
RSS_SAMPLE t=1195.9s rss=3002MB hwm=3002MB
RSS_SAMPLE t=1196.2s rss=3002MB hwm=3002MB
RSS_SAMPLE t=1196.4s rss=3002MB hwm=3002MB
RSS_SAMPLE t=1196.7s rss=3002MB hwm=3002MB
RSS_SAMPLE t=1196.9s rss=3002MB hwm=3002MB
RSS_SAMPLE t=1197.2s rss=3002MB hwm=3002MB
RSS_SAMPLE t=1197.4s rss=3002MB hwm=3002MB
RSS_SAMPLE t=1197.7s rss=3002MB hwm=3002MB
RSS_SAMPLE t=1197.9s rss=3002MB hwm=3002MB
RSS_SAMPLE t=1198.2s rss=3002MB hwm=3002MB
RSS_SAMPLE t=1198.4s rss=3002MB hwm=3002MB
RSS_SAMPLE t=1198.7s rss=3002MB hwm=3002MB
RSS_SAMPLE t=1198.9s rss=3002MB hwm=3002MB
RSS_SAMPLE t=1199.2s rss=3003MB hwm=3003MB
RSS_SAMPLE t=1199.4s rss=3003MB hwm=3003MB
RSS_SAMPLE t=1199.7s rss=3003MB hwm=3003MB
RSS_SAMPLE t=1199.9s rss=3003MB hwm=3003MB
RSS_SAMPLE t=1200.2s rss=3003MB hwm=3003MB
RSS_SAMPLE t=1200.4s rss=3003MB hwm=3003MB
RSS_SAMPLE t=1200.7s rss=3003MB hwm=3003MB
RSS_SAMPLE t=1200.9s rss=3003MB hwm=3003MB
RSS_SAMPLE t=1201.2s rss=3003MB hwm=3003MB
RSS_SAMPLE t=1201.4s rss=3003MB hwm=3003MB
RSS_SAMPLE t=1201.7s rss=3003MB hwm=3003MB
RSS_SAMPLE t=1201.9s rss=3003MB hwm=3003MB
RSS_SAMPLE t=1202.2s rss=3003MB hwm=3003MB
RSS_SAMPLE t=1202.4s rss=3003MB hwm=3003MB
RSS_SAMPLE t=1202.7s rss=3003MB hwm=3003MB
RSS_SAMPLE t=1202.9s rss=3003MB hwm=3003MB
RSS_SAMPLE t=1203.2s rss=3003MB hwm=3003MB
RSS_SAMPLE t=1203.4s rss=3003MB hwm=3003MB
RSS_SAMPLE t=1203.7s rss=3003MB hwm=3003MB
RSS_SAMPLE t=1203.9s rss=3003MB hwm=3003MB
RSS_SAMPLE t=1204.2s rss=3003MB hwm=3003MB
RSS_SAMPLE t=1204.4s rss=3003MB hwm=3003MB
RSS_SAMPLE t=1204.7s rss=3003MB hwm=3003MB
RSS_SAMPLE t=1204.9s rss=3003MB hwm=3003MB
RSS_SAMPLE t=1205.2s rss=3003MB hwm=3003MB
RSS_SAMPLE t=1205.4s rss=3003MB hwm=3003MB
RSS_SAMPLE t=1205.7s rss=3003MB hwm=3003MB
RSS_SAMPLE t=1205.9s rss=3003MB hwm=3003MB
RSS_SAMPLE t=1206.2s rss=3003MB hwm=3003MB
RSS_SAMPLE t=1206.4s rss=3003MB hwm=3003MB
RSS_SAMPLE t=1206.7s rss=3003MB hwm=3003MB
RSS_SAMPLE t=1206.9s rss=3003MB hwm=3003MB
RSS_SAMPLE t=1207.2s rss=3003MB hwm=3003MB
RSS_SAMPLE t=1207.4s rss=3003MB hwm=3003MB
RSS_SAMPLE t=1207.7s rss=3003MB hwm=3003MB
RSS_SAMPLE t=1207.9s rss=3003MB hwm=3003MB
RSS_SAMPLE t=1208.2s rss=3003MB hwm=3003MB
RSS_SAMPLE t=1208.5s rss=3003MB hwm=3003MB
RSS_SAMPLE t=1208.7s rss=3003MB hwm=3003MB
RSS_SAMPLE t=1209.0s rss=3003MB hwm=3003MB
RSS_SAMPLE t=1209.2s rss=3003MB hwm=3003MB
RSS_SAMPLE t=1209.5s rss=3003MB hwm=3003MB
RSS_SAMPLE t=1209.7s rss=3004MB hwm=3004MB
RSS_SAMPLE t=1210.0s rss=3004MB hwm=3004MB
RSS_SAMPLE t=1210.2s rss=3004MB hwm=3004MB
RSS_SAMPLE t=1210.5s rss=3004MB hwm=3004MB
RSS_SAMPLE t=1210.7s rss=3004MB hwm=3004MB
RSS_SAMPLE t=1211.0s rss=3004MB hwm=3004MB
RSS_SAMPLE t=1211.2s rss=3004MB hwm=3004MB
RSS_SAMPLE t=1211.5s rss=3004MB hwm=3004MB
RSS_SAMPLE t=1211.7s rss=3004MB hwm=3004MB
RSS_SAMPLE t=1212.0s rss=3004MB hwm=3004MB
RSS_SAMPLE t=1212.2s rss=3004MB hwm=3004MB
RSS_SAMPLE t=1212.5s rss=3004MB hwm=3004MB
RSS_SAMPLE t=1212.7s rss=3004MB hwm=3004MB
RSS_SAMPLE t=1213.0s rss=3004MB hwm=3004MB
RSS_SAMPLE t=1213.2s rss=3004MB hwm=3004MB
RSS_SAMPLE t=1213.5s rss=3004MB hwm=3004MB
RSS_SAMPLE t=1213.7s rss=3004MB hwm=3004MB
RSS_SAMPLE t=1214.0s rss=3004MB hwm=3004MB
RSS_SAMPLE t=1214.2s rss=3004MB hwm=3004MB
RSS_SAMPLE t=1214.5s rss=3004MB hwm=3004MB
RSS_SAMPLE t=1214.7s rss=3004MB hwm=3004MB
RSS_SAMPLE t=1215.0s rss=3004MB hwm=3004MB
RSS_SAMPLE t=1215.2s rss=3004MB hwm=3004MB
RSS_SAMPLE t=1215.5s rss=3004MB hwm=3004MB
RSS_SAMPLE t=1215.7s rss=3004MB hwm=3004MB
RSS_SAMPLE t=1216.0s rss=3004MB hwm=3004MB
RSS_SAMPLE t=1216.2s rss=3004MB hwm=3004MB
RSS_SAMPLE t=1216.5s rss=3004MB hwm=3004MB
RSS_SAMPLE t=1216.7s rss=3004MB hwm=3004MB
RSS_SAMPLE t=1217.0s rss=3004MB hwm=3004MB
RSS_SAMPLE t=1217.2s rss=3004MB hwm=3004MB
RSS_SAMPLE t=1217.5s rss=3004MB hwm=3004MB
RSS_SAMPLE t=1217.7s rss=3004MB hwm=3004MB
RSS_SAMPLE t=1218.0s rss=3004MB hwm=3004MB
RSS_SAMPLE t=1218.2s rss=3004MB hwm=3004MB
RSS_SAMPLE t=1218.5s rss=3004MB hwm=3004MB
RSS_SAMPLE t=1218.7s rss=3004MB hwm=3004MB
RSS_SAMPLE t=1219.0s rss=3004MB hwm=3004MB
RSS_SAMPLE t=1219.2s rss=3004MB hwm=3004MB
RSS_SAMPLE t=1219.5s rss=3004MB hwm=3004MB
RSS_SAMPLE t=1219.7s rss=3004MB hwm=3004MB
RSS_SAMPLE t=1220.0s rss=3004MB hwm=3004MB
RSS_SAMPLE t=1220.2s rss=3004MB hwm=3004MB
RSS_SAMPLE t=1220.5s rss=3004MB hwm=3004MB
RSS_SAMPLE t=1220.7s rss=3004MB hwm=3004MB
RSS_SAMPLE t=1221.0s rss=3004MB hwm=3004MB
RSS_SAMPLE t=1221.2s rss=3004MB hwm=3004MB
RSS_SAMPLE t=1221.5s rss=3004MB hwm=3004MB
RSS_SAMPLE t=1221.7s rss=3004MB hwm=3004MB
RSS_SAMPLE t=1222.0s rss=3004MB hwm=3004MB
RSS_SAMPLE t=1222.2s rss=3004MB hwm=3004MB
RSS_SAMPLE t=1222.5s rss=3004MB hwm=3004MB
RSS_SAMPLE t=1222.7s rss=3005MB hwm=3005MB
RSS_SAMPLE t=1223.0s rss=3005MB hwm=3005MB
RSS_SAMPLE t=1223.2s rss=3005MB hwm=3005MB
RSS_SAMPLE t=1223.5s rss=3005MB hwm=3005MB
RSS_SAMPLE t=1223.7s rss=3005MB hwm=3005MB
RSS_SAMPLE t=1224.0s rss=3005MB hwm=3005MB
RSS_SAMPLE t=1224.2s rss=3005MB hwm=3005MB
RSS_SAMPLE t=1224.5s rss=3005MB hwm=3005MB
RSS_SAMPLE t=1224.7s rss=3005MB hwm=3005MB
RSS_SAMPLE t=1225.0s rss=3005MB hwm=3005MB
RSS_SAMPLE t=1225.2s rss=3005MB hwm=3005MB
RSS_SAMPLE t=1225.5s rss=3005MB hwm=3005MB
RSS_SAMPLE t=1225.7s rss=3005MB hwm=3005MB
RSS_SAMPLE t=1226.0s rss=3005MB hwm=3005MB
RSS_SAMPLE t=1226.2s rss=3005MB hwm=3005MB
RSS_SAMPLE t=1226.5s rss=3005MB hwm=3005MB
RSS_SAMPLE t=1226.7s rss=3005MB hwm=3005MB
RSS_SAMPLE t=1227.0s rss=3005MB hwm=3005MB
RSS_SAMPLE t=1227.2s rss=3005MB hwm=3005MB
RSS_SAMPLE t=1227.5s rss=3005MB hwm=3005MB
RSS_SAMPLE t=1227.7s rss=3005MB hwm=3005MB
RSS_SAMPLE t=1228.0s rss=3005MB hwm=3005MB
RSS_SAMPLE t=1228.2s rss=3005MB hwm=3005MB
RSS_SAMPLE t=1228.5s rss=3005MB hwm=3005MB
RSS_SAMPLE t=1228.7s rss=3005MB hwm=3005MB
RSS_SAMPLE t=1229.0s rss=3005MB hwm=3005MB
RSS_SAMPLE t=1229.2s rss=3005MB hwm=3005MB
RSS_SAMPLE t=1229.5s rss=3005MB hwm=3005MB
RSS_SAMPLE t=1229.7s rss=3005MB hwm=3005MB
RSS_SAMPLE t=1230.0s rss=3005MB hwm=3005MB
RSS_SAMPLE t=1230.2s rss=3005MB hwm=3005MB
RSS_SAMPLE t=1230.5s rss=3005MB hwm=3005MB
RSS_SAMPLE t=1230.7s rss=3005MB hwm=3005MB
RSS_SAMPLE t=1231.0s rss=3005MB hwm=3005MB
RSS_SAMPLE t=1231.2s rss=3005MB hwm=3005MB
RSS_SAMPLE t=1231.5s rss=3005MB hwm=3005MB
RSS_SAMPLE t=1231.7s rss=3005MB hwm=3005MB
RSS_SAMPLE t=1232.0s rss=3005MB hwm=3005MB
RSS_SAMPLE t=1232.2s rss=3005MB hwm=3005MB
RSS_SAMPLE t=1232.5s rss=3005MB hwm=3005MB
RSS_SAMPLE t=1232.7s rss=3005MB hwm=3005MB
RSS_SAMPLE t=1233.0s rss=3005MB hwm=3005MB
RSS_SAMPLE t=1233.2s rss=3005MB hwm=3005MB
RSS_SAMPLE t=1233.5s rss=3005MB hwm=3005MB
RSS_SAMPLE t=1233.7s rss=3005MB hwm=3005MB
RSS_SAMPLE t=1234.0s rss=3005MB hwm=3005MB
RSS_SAMPLE t=1234.2s rss=3005MB hwm=3005MB
RSS_SAMPLE t=1234.5s rss=3005MB hwm=3005MB
RSS_SAMPLE t=1234.7s rss=3005MB hwm=3005MB
RSS_SAMPLE t=1235.0s rss=3006MB hwm=3006MB
RSS_SAMPLE t=1235.2s rss=3006MB hwm=3006MB
RSS_SAMPLE t=1235.5s rss=3006MB hwm=3006MB
RSS_SAMPLE t=1235.7s rss=3006MB hwm=3006MB
RSS_SAMPLE t=1236.0s rss=3006MB hwm=3006MB
RSS_SAMPLE t=1236.2s rss=3006MB hwm=3006MB
RSS_SAMPLE t=1236.5s rss=3006MB hwm=3006MB
RSS_SAMPLE t=1236.7s rss=3006MB hwm=3006MB
RSS_SAMPLE t=1237.0s rss=3006MB hwm=3006MB
RSS_SAMPLE t=1237.2s rss=3006MB hwm=3006MB
RSS_SAMPLE t=1237.5s rss=3006MB hwm=3006MB
RSS_SAMPLE t=1237.7s rss=3006MB hwm=3006MB
RSS_SAMPLE t=1238.0s rss=3006MB hwm=3006MB
RSS_SAMPLE t=1238.2s rss=3006MB hwm=3006MB
RSS_SAMPLE t=1238.5s rss=3006MB hwm=3006MB
RSS_SAMPLE t=1238.7s rss=3006MB hwm=3006MB
RSS_SAMPLE t=1239.0s rss=3006MB hwm=3006MB
RSS_SAMPLE t=1239.2s rss=3006MB hwm=3006MB
RSS_SAMPLE t=1239.5s rss=3006MB hwm=3006MB
RSS_SAMPLE t=1239.7s rss=3006MB hwm=3006MB
RSS_SAMPLE t=1240.0s rss=3006MB hwm=3006MB
RSS_SAMPLE t=1240.2s rss=3006MB hwm=3006MB
RSS_SAMPLE t=1240.5s rss=3006MB hwm=3006MB
RSS_SAMPLE t=1240.7s rss=3006MB hwm=3006MB
RSS_SAMPLE t=1241.0s rss=3006MB hwm=3006MB
RSS_SAMPLE t=1241.2s rss=3006MB hwm=3006MB
RSS_SAMPLE t=1241.5s rss=3007MB hwm=3007MB
RSS_SAMPLE t=1241.7s rss=3007MB hwm=3007MB
RSS_SAMPLE t=1242.0s rss=3007MB hwm=3007MB
RSS_SAMPLE t=1242.2s rss=3007MB hwm=3007MB
RSS_SAMPLE t=1242.5s rss=3007MB hwm=3007MB
RSS_SAMPLE t=1242.7s rss=3007MB hwm=3007MB
RSS_SAMPLE t=1243.0s rss=3007MB hwm=3007MB
RSS_SAMPLE t=1243.2s rss=3007MB hwm=3007MB
RSS_SAMPLE t=1243.5s rss=3007MB hwm=3007MB
RSS_SAMPLE t=1243.7s rss=3007MB hwm=3007MB
RSS_SAMPLE t=1244.0s rss=3007MB hwm=3007MB
RSS_SAMPLE t=1244.2s rss=3007MB hwm=3007MB
RSS_SAMPLE t=1244.5s rss=3007MB hwm=3007MB
RSS_SAMPLE t=1244.7s rss=3007MB hwm=3007MB
RSS_SAMPLE t=1245.0s rss=3007MB hwm=3007MB
RSS_SAMPLE t=1245.2s rss=3007MB hwm=3007MB
RSS_SAMPLE t=1245.5s rss=3007MB hwm=3007MB
RSS_SAMPLE t=1245.7s rss=3007MB hwm=3007MB
RSS_SAMPLE t=1246.0s rss=3007MB hwm=3007MB
RSS_SAMPLE t=1246.2s rss=3007MB hwm=3007MB
RSS_SAMPLE t=1246.5s rss=3007MB hwm=3007MB
RSS_SAMPLE t=1246.7s rss=3007MB hwm=3007MB
RSS_SAMPLE t=1247.0s rss=3007MB hwm=3007MB
RSS_SAMPLE t=1247.2s rss=3007MB hwm=3007MB
RSS_SAMPLE t=1247.5s rss=3007MB hwm=3007MB
RSS_SAMPLE t=1247.7s rss=3007MB hwm=3007MB
RSS_SAMPLE t=1248.0s rss=3007MB hwm=3007MB
RSS_SAMPLE t=1248.2s rss=3007MB hwm=3007MB
RSS_SAMPLE t=1248.5s rss=3007MB hwm=3007MB
RSS_SAMPLE t=1248.7s rss=3007MB hwm=3007MB
RSS_SAMPLE t=1249.0s rss=3007MB hwm=3007MB
RSS_SAMPLE t=1249.2s rss=3007MB hwm=3007MB
RSS_SAMPLE t=1249.5s rss=3007MB hwm=3007MB
RSS_SAMPLE t=1249.7s rss=3007MB hwm=3007MB
RSS_SAMPLE t=1250.0s rss=3007MB hwm=3007MB
RSS_SAMPLE t=1250.2s rss=3007MB hwm=3007MB
RSS_SAMPLE t=1250.5s rss=3007MB hwm=3007MB
RSS_SAMPLE t=1250.7s rss=3007MB hwm=3007MB
RSS_SAMPLE t=1251.0s rss=3008MB hwm=3008MB
RSS_SAMPLE t=1251.2s rss=3008MB hwm=3008MB
RSS_SAMPLE t=1251.5s rss=3008MB hwm=3008MB
RSS_SAMPLE t=1251.7s rss=3008MB hwm=3008MB
RSS_SAMPLE t=1252.0s rss=3008MB hwm=3008MB
RSS_SAMPLE t=1252.2s rss=3008MB hwm=3008MB
RSS_SAMPLE t=1252.5s rss=3008MB hwm=3008MB
RSS_SAMPLE t=1252.7s rss=3008MB hwm=3008MB
RSS_SAMPLE t=1253.0s rss=3008MB hwm=3008MB
RSS_SAMPLE t=1253.2s rss=3008MB hwm=3008MB
RSS_SAMPLE t=1253.5s rss=3008MB hwm=3008MB
RSS_SAMPLE t=1253.7s rss=3008MB hwm=3008MB
RSS_SAMPLE t=1254.0s rss=3008MB hwm=3008MB
RSS_SAMPLE t=1254.2s rss=3008MB hwm=3008MB
RSS_SAMPLE t=1254.5s rss=3008MB hwm=3008MB
RSS_SAMPLE t=1254.7s rss=3008MB hwm=3008MB
RSS_SAMPLE t=1255.0s rss=3008MB hwm=3008MB
RSS_SAMPLE t=1255.2s rss=3008MB hwm=3008MB
RSS_SAMPLE t=1255.5s rss=3008MB hwm=3008MB
RSS_SAMPLE t=1255.7s rss=3008MB hwm=3008MB
RSS_SAMPLE t=1256.0s rss=3008MB hwm=3008MB
RSS_SAMPLE t=1256.2s rss=3008MB hwm=3008MB
RSS_SAMPLE t=1256.5s rss=3008MB hwm=3008MB
RSS_SAMPLE t=1256.7s rss=3008MB hwm=3008MB
RSS_SAMPLE t=1257.0s rss=3008MB hwm=3008MB
RSS_SAMPLE t=1257.2s rss=3008MB hwm=3008MB
RSS_SAMPLE t=1257.5s rss=3008MB hwm=3008MB
RSS_SAMPLE t=1257.7s rss=3008MB hwm=3008MB
RSS_SAMPLE t=1258.0s rss=3008MB hwm=3008MB
RSS_SAMPLE t=1258.2s rss=3008MB hwm=3008MB
RSS_SAMPLE t=1258.5s rss=3008MB hwm=3008MB
RSS_SAMPLE t=1258.7s rss=3008MB hwm=3008MB
RSS_SAMPLE t=1259.0s rss=3008MB hwm=3008MB
RSS_SAMPLE t=1259.2s rss=3008MB hwm=3008MB
RSS_SAMPLE t=1259.5s rss=3008MB hwm=3008MB
RSS_SAMPLE t=1259.7s rss=3008MB hwm=3008MB
RSS_SAMPLE t=1260.0s rss=3008MB hwm=3008MB
RSS_SAMPLE t=1260.2s rss=3008MB hwm=3008MB
RSS_SAMPLE t=1260.5s rss=3008MB hwm=3008MB
RSS_SAMPLE t=1260.7s rss=3008MB hwm=3008MB
RSS_SAMPLE t=1261.0s rss=3008MB hwm=3008MB
RSS_SAMPLE t=1261.2s rss=3008MB hwm=3008MB
RSS_SAMPLE t=1261.5s rss=3008MB hwm=3008MB
RSS_SAMPLE t=1261.7s rss=3009MB hwm=3009MB
RSS_SAMPLE t=1262.0s rss=3009MB hwm=3009MB
RSS_SAMPLE t=1262.2s rss=3009MB hwm=3009MB
RSS_SAMPLE t=1262.5s rss=3009MB hwm=3009MB
RSS_SAMPLE t=1262.7s rss=3009MB hwm=3009MB
RSS_SAMPLE t=1263.0s rss=3009MB hwm=3009MB
RSS_SAMPLE t=1263.2s rss=3009MB hwm=3009MB
RSS_SAMPLE t=1263.5s rss=3009MB hwm=3009MB
RSS_SAMPLE t=1263.7s rss=3009MB hwm=3009MB
RSS_SAMPLE t=1264.0s rss=3009MB hwm=3009MB
RSS_SAMPLE t=1264.2s rss=3009MB hwm=3009MB
RSS_SAMPLE t=1264.5s rss=3009MB hwm=3009MB
RSS_SAMPLE t=1264.7s rss=3009MB hwm=3009MB
RSS_SAMPLE t=1265.0s rss=3009MB hwm=3009MB
RSS_SAMPLE t=1265.2s rss=3009MB hwm=3009MB
RSS_SAMPLE t=1265.5s rss=3009MB hwm=3009MB
RSS_SAMPLE t=1265.7s rss=3009MB hwm=3009MB
RSS_SAMPLE t=1266.0s rss=3009MB hwm=3009MB
RSS_SAMPLE t=1266.2s rss=3009MB hwm=3009MB
RSS_SAMPLE t=1266.5s rss=3009MB hwm=3009MB
RSS_SAMPLE t=1266.7s rss=3009MB hwm=3009MB
RSS_SAMPLE t=1267.0s rss=3009MB hwm=3009MB
RSS_SAMPLE t=1267.2s rss=3009MB hwm=3009MB
RSS_SAMPLE t=1267.5s rss=3009MB hwm=3009MB
RSS_SAMPLE t=1267.7s rss=3009MB hwm=3009MB
RSS_SAMPLE t=1268.0s rss=3009MB hwm=3009MB
RSS_SAMPLE t=1268.2s rss=3009MB hwm=3009MB
MEM_POOL: workspaces=8 dense_usage_mb=313 n_pipes=2562403
    rss_probe[outer=7]: pre_post_solve=2897MB post_post_solve=3009MB after_apply=3009MB
    E_decomp: base=12337979.7 eff=89329772023738.0 cong=89329759685758.3 cong_share=100.0% sat_pipes=349003 max_util=951.28  R_buckets: 1-2x=1159856 2-10x=1320725 10-100x=14920 >=100x=66902
    E_potential: beckmann=42474766569479.1 history_total=0.0
    SpanCache: epoch=8 entries=2157 lookups=2562403 hits=2560246 misses=2157 hit_rate=99.9%
  DCD   7: nets=105117 line=13954064 energy=20016139176.263 dE=+10784490061.308 friction=6055791.2 bins=2.0x(359) excess=137.4 moved=67739 disp=5.631 solves=105117 skip=105117 pops=727171299 theta=0.754 refresh=163585ms dcd=6732ms total=172728ms
    cache_stats: entries=63095163 capacity=116498039 est_mb=1005 rss_mb=3009
RSS_SAMPLE t=1268.5s rss=3009MB hwm=3009MB
RSS_SAMPLE t=1268.7s rss=3009MB hwm=3009MB
RSS_SAMPLE t=1269.0s rss=3009MB hwm=3009MB
RSS_SAMPLE t=1269.2s rss=3009MB hwm=3009MB
RSS_SAMPLE t=1269.5s rss=3009MB hwm=3009MB
RSS_SAMPLE t=1269.7s rss=3009MB hwm=3009MB
RSS_SAMPLE t=1270.0s rss=3009MB hwm=3009MB
RSS_SAMPLE t=1270.2s rss=3009MB hwm=3009MB
RSS_SAMPLE t=1270.5s rss=3009MB hwm=3009MB
RSS_SAMPLE t=1270.7s rss=3009MB hwm=3009MB
    SwitchMatrix: type_usage_pairs=945 lookups=2665 hits=1720 dijkstra_calls=945 avg_us=12.8 total_ms=12.1
PHASE_MARK outer=8 enter=pre_solve rss=3009MB
    rss_probe[outer=8]: pre_refresh_rss=3009MB post_pre_solve_rss=3009MB cache_entries=63095163 cache_cap=116498039 cache_est_mb=1005
    pre_solve_diag[outer=8]: solves=0 fallback=0 (0.0%) cap_armed=0 (0.0%) settle_avg=0 settle_max=0 init_count=53
    Overflow: over=298682 (11.7% of used) avg_excess=2.31 max_excess=2993.57 (nc=3017.57 cap=24 span=1)  excess_buckets: <=1=169318 1-5=102013 5-20=23600 >20=3751  by_cap: cap1=130604 cap2=157581 cap3-5=48 cap>5=10449  by_span: s1=492 s2-3=2642 s4-6=6880 s7-12=149624 s>12=139044  le1_cross: cap1=99471 cap2-5=68130 cap>5=1717
    Congestion: pipes=2562403 used=2562403 congested(>50%)=722282 saturated(>90%)=349003 max_util=951.28 avg_util=0.4887
PHASE_MARK outer=8 enter=dcd_sweep rss=3009MB
RSS_SAMPLE t=1271.0s rss=3009MB hwm=3009MB
RSS_SAMPLE t=1271.2s rss=3009MB hwm=3009MB
RSS_SAMPLE t=1271.5s rss=3009MB hwm=3009MB
RSS_SAMPLE t=1271.7s rss=3009MB hwm=3009MB
RSS_SAMPLE t=1272.0s rss=3009MB hwm=3009MB
RSS_SAMPLE t=1272.2s rss=3009MB hwm=3009MB
RSS_SAMPLE t=1272.5s rss=3009MB hwm=3009MB
RSS_SAMPLE t=1272.7s rss=3009MB hwm=3009MB
RSS_SAMPLE t=1273.0s rss=3009MB hwm=3009MB
RSS_SAMPLE t=1273.2s rss=3009MB hwm=3009MB
RSS_SAMPLE t=1273.5s rss=3009MB hwm=3009MB
RSS_SAMPLE t=1273.7s rss=3009MB hwm=3009MB
RSS_SAMPLE t=1274.0s rss=3009MB hwm=3009MB
RSS_SAMPLE t=1274.2s rss=3009MB hwm=3009MB
RSS_SAMPLE t=1274.5s rss=3009MB hwm=3009MB
RSS_SAMPLE t=1274.7s rss=3009MB hwm=3009MB
RSS_SAMPLE t=1275.0s rss=3009MB hwm=3009MB
RSS_SAMPLE t=1275.2s rss=3009MB hwm=3009MB
RSS_SAMPLE t=1275.5s rss=3009MB hwm=3009MB
RSS_SAMPLE t=1275.7s rss=3009MB hwm=3009MB
RSS_SAMPLE t=1276.0s rss=3009MB hwm=3009MB
RSS_SAMPLE t=1276.2s rss=3009MB hwm=3009MB
RSS_SAMPLE t=1276.5s rss=3009MB hwm=3009MB
RSS_SAMPLE t=1276.7s rss=3009MB hwm=3009MB
RSS_SAMPLE t=1277.0s rss=3009MB hwm=3009MB
RSS_SAMPLE t=1277.2s rss=3009MB hwm=3009MB
RSS_SAMPLE t=1277.5s rss=3009MB hwm=3009MB
RSS_SAMPLE t=1277.7s rss=3009MB hwm=3009MB
PHASE_MARK outer=8 leave=dcd_sweep rss=3009MB
PHASE_MARK outer=8 enter=post_refresh rss=3009MB
RSS_SAMPLE t=1278.0s rss=3010MB hwm=3010MB
RSS_SAMPLE t=1278.2s rss=3010MB hwm=3010MB
RSS_SAMPLE t=1278.5s rss=3010MB hwm=3010MB
RSS_SAMPLE t=1278.7s rss=3010MB hwm=3010MB
RSS_SAMPLE t=1279.0s rss=3010MB hwm=3010MB
RSS_SAMPLE t=1279.2s rss=3010MB hwm=3010MB
RSS_SAMPLE t=1279.5s rss=3010MB hwm=3010MB
RSS_SAMPLE t=1279.7s rss=3010MB hwm=3010MB
RSS_SAMPLE t=1280.0s rss=3010MB hwm=3010MB
RSS_SAMPLE t=1280.2s rss=3010MB hwm=3010MB
RSS_SAMPLE t=1280.5s rss=3010MB hwm=3010MB
RSS_SAMPLE t=1280.7s rss=3010MB hwm=3010MB
RSS_SAMPLE t=1281.0s rss=3010MB hwm=3010MB
RSS_SAMPLE t=1281.2s rss=3010MB hwm=3010MB
RSS_SAMPLE t=1281.5s rss=3010MB hwm=3010MB
RSS_SAMPLE t=1281.7s rss=3010MB hwm=3010MB
RSS_SAMPLE t=1282.0s rss=3011MB hwm=3011MB
RSS_SAMPLE t=1282.2s rss=3011MB hwm=3011MB
RSS_SAMPLE t=1282.5s rss=3011MB hwm=3011MB
RSS_SAMPLE t=1282.7s rss=3011MB hwm=3011MB
RSS_SAMPLE t=1283.0s rss=3011MB hwm=3011MB
RSS_SAMPLE t=1283.2s rss=3011MB hwm=3011MB
RSS_SAMPLE t=1283.5s rss=3012MB hwm=3012MB
RSS_SAMPLE t=1283.7s rss=3012MB hwm=3012MB
RSS_SAMPLE t=1284.0s rss=3012MB hwm=3012MB
RSS_SAMPLE t=1284.2s rss=3012MB hwm=3012MB
RSS_SAMPLE t=1284.5s rss=3013MB hwm=3013MB
RSS_SAMPLE t=1284.7s rss=3013MB hwm=3013MB
RSS_SAMPLE t=1285.0s rss=3013MB hwm=3013MB
RSS_SAMPLE t=1285.2s rss=3013MB hwm=3013MB
RSS_SAMPLE t=1285.5s rss=3013MB hwm=3013MB
RSS_SAMPLE t=1285.7s rss=3013MB hwm=3013MB
RSS_SAMPLE t=1286.0s rss=3013MB hwm=3013MB
RSS_SAMPLE t=1286.2s rss=3014MB hwm=3014MB
RSS_SAMPLE t=1286.5s rss=3014MB hwm=3014MB
RSS_SAMPLE t=1286.7s rss=3014MB hwm=3014MB
RSS_SAMPLE t=1287.0s rss=3014MB hwm=3014MB
RSS_SAMPLE t=1287.2s rss=3014MB hwm=3014MB
RSS_SAMPLE t=1287.5s rss=3014MB hwm=3014MB
RSS_SAMPLE t=1287.7s rss=3015MB hwm=3015MB
RSS_SAMPLE t=1288.0s rss=3015MB hwm=3015MB
RSS_SAMPLE t=1288.2s rss=3015MB hwm=3015MB
RSS_SAMPLE t=1288.5s rss=3015MB hwm=3015MB
RSS_SAMPLE t=1288.7s rss=3015MB hwm=3015MB
RSS_SAMPLE t=1289.0s rss=3016MB hwm=3016MB
RSS_SAMPLE t=1289.2s rss=3016MB hwm=3016MB
RSS_SAMPLE t=1289.5s rss=3016MB hwm=3016MB
RSS_SAMPLE t=1289.7s rss=3017MB hwm=3017MB
RSS_SAMPLE t=1290.0s rss=3017MB hwm=3017MB
RSS_SAMPLE t=1290.2s rss=3017MB hwm=3017MB
RSS_SAMPLE t=1290.5s rss=3017MB hwm=3017MB
RSS_SAMPLE t=1290.7s rss=3017MB hwm=3017MB
RSS_SAMPLE t=1291.0s rss=3017MB hwm=3017MB
RSS_SAMPLE t=1291.2s rss=3018MB hwm=3018MB
RSS_SAMPLE t=1291.5s rss=3018MB hwm=3018MB
RSS_SAMPLE t=1291.7s rss=3018MB hwm=3018MB
RSS_SAMPLE t=1292.0s rss=3019MB hwm=3019MB
RSS_SAMPLE t=1292.2s rss=3019MB hwm=3019MB
RSS_SAMPLE t=1292.5s rss=3019MB hwm=3019MB
RSS_SAMPLE t=1292.7s rss=3019MB hwm=3019MB
RSS_SAMPLE t=1293.0s rss=3019MB hwm=3019MB
RSS_SAMPLE t=1293.2s rss=3019MB hwm=3019MB
RSS_SAMPLE t=1293.5s rss=3020MB hwm=3020MB
RSS_SAMPLE t=1293.7s rss=3020MB hwm=3020MB
RSS_SAMPLE t=1294.0s rss=3020MB hwm=3020MB
RSS_SAMPLE t=1294.2s rss=3020MB hwm=3020MB
RSS_SAMPLE t=1294.5s rss=3021MB hwm=3021MB
RSS_SAMPLE t=1294.7s rss=3021MB hwm=3021MB
RSS_SAMPLE t=1295.0s rss=3021MB hwm=3021MB
RSS_SAMPLE t=1295.2s rss=3021MB hwm=3021MB
RSS_SAMPLE t=1295.5s rss=3021MB hwm=3021MB
RSS_SAMPLE t=1295.7s rss=3021MB hwm=3021MB
RSS_SAMPLE t=1296.0s rss=3021MB hwm=3021MB
RSS_SAMPLE t=1296.2s rss=3021MB hwm=3021MB
RSS_SAMPLE t=1296.5s rss=3021MB hwm=3021MB
RSS_SAMPLE t=1296.7s rss=3022MB hwm=3022MB
RSS_SAMPLE t=1297.0s rss=3022MB hwm=3022MB
RSS_SAMPLE t=1297.2s rss=3022MB hwm=3022MB
RSS_SAMPLE t=1297.5s rss=3022MB hwm=3022MB
RSS_SAMPLE t=1297.7s rss=3023MB hwm=3023MB
RSS_SAMPLE t=1298.0s rss=3023MB hwm=3023MB
RSS_SAMPLE t=1298.2s rss=3023MB hwm=3023MB
RSS_SAMPLE t=1298.5s rss=3023MB hwm=3023MB
RSS_SAMPLE t=1298.7s rss=3023MB hwm=3023MB
RSS_SAMPLE t=1299.0s rss=3023MB hwm=3023MB
RSS_SAMPLE t=1299.2s rss=3024MB hwm=3024MB
RSS_SAMPLE t=1299.5s rss=3024MB hwm=3024MB
RSS_SAMPLE t=1299.7s rss=3024MB hwm=3024MB
RSS_SAMPLE t=1300.0s rss=3024MB hwm=3024MB
RSS_SAMPLE t=1300.3s rss=3024MB hwm=3024MB
RSS_SAMPLE t=1300.5s rss=3024MB hwm=3024MB
RSS_SAMPLE t=1300.8s rss=3024MB hwm=3024MB
RSS_SAMPLE t=1301.0s rss=3025MB hwm=3025MB
RSS_SAMPLE t=1301.3s rss=3025MB hwm=3025MB
RSS_SAMPLE t=1301.5s rss=3025MB hwm=3025MB
RSS_SAMPLE t=1301.8s rss=3025MB hwm=3025MB
RSS_SAMPLE t=1302.0s rss=3025MB hwm=3025MB
RSS_SAMPLE t=1302.3s rss=3025MB hwm=3025MB
RSS_SAMPLE t=1302.5s rss=3026MB hwm=3026MB
RSS_SAMPLE t=1302.8s rss=3026MB hwm=3026MB
RSS_SAMPLE t=1303.0s rss=3026MB hwm=3026MB
RSS_SAMPLE t=1303.3s rss=3026MB hwm=3026MB
RSS_SAMPLE t=1303.5s rss=3026MB hwm=3026MB
RSS_SAMPLE t=1303.8s rss=3026MB hwm=3026MB
RSS_SAMPLE t=1304.0s rss=3026MB hwm=3026MB
RSS_SAMPLE t=1304.3s rss=3027MB hwm=3027MB
RSS_SAMPLE t=1304.5s rss=3027MB hwm=3027MB
RSS_SAMPLE t=1304.8s rss=3027MB hwm=3027MB
RSS_SAMPLE t=1305.0s rss=3027MB hwm=3027MB
RSS_SAMPLE t=1305.3s rss=3027MB hwm=3027MB
RSS_SAMPLE t=1305.5s rss=3028MB hwm=3028MB
RSS_SAMPLE t=1305.8s rss=3028MB hwm=3028MB
RSS_SAMPLE t=1306.0s rss=3028MB hwm=3028MB
RSS_SAMPLE t=1306.3s rss=3028MB hwm=3028MB
RSS_SAMPLE t=1306.5s rss=3028MB hwm=3028MB
RSS_SAMPLE t=1306.8s rss=3029MB hwm=3029MB
RSS_SAMPLE t=1307.0s rss=3029MB hwm=3029MB
RSS_SAMPLE t=1307.3s rss=3029MB hwm=3029MB
RSS_SAMPLE t=1307.5s rss=3029MB hwm=3029MB
RSS_SAMPLE t=1307.8s rss=3030MB hwm=3030MB
RSS_SAMPLE t=1308.0s rss=3030MB hwm=3030MB
RSS_SAMPLE t=1308.3s rss=3030MB hwm=3030MB
RSS_SAMPLE t=1308.5s rss=3030MB hwm=3030MB
RSS_SAMPLE t=1308.8s rss=3030MB hwm=3030MB
RSS_SAMPLE t=1309.0s rss=3031MB hwm=3031MB
RSS_SAMPLE t=1309.3s rss=3031MB hwm=3031MB
RSS_SAMPLE t=1309.5s rss=3031MB hwm=3031MB
RSS_SAMPLE t=1309.8s rss=3031MB hwm=3031MB
RSS_SAMPLE t=1310.0s rss=3032MB hwm=3032MB
RSS_SAMPLE t=1310.3s rss=3032MB hwm=3032MB
RSS_SAMPLE t=1310.5s rss=3032MB hwm=3032MB
RSS_SAMPLE t=1310.8s rss=3032MB hwm=3032MB
RSS_SAMPLE t=1311.0s rss=3032MB hwm=3032MB
RSS_SAMPLE t=1311.3s rss=3033MB hwm=3033MB
RSS_SAMPLE t=1311.5s rss=3033MB hwm=3033MB
RSS_SAMPLE t=1311.8s rss=3033MB hwm=3033MB
RSS_SAMPLE t=1312.0s rss=3033MB hwm=3033MB
RSS_SAMPLE t=1312.3s rss=3033MB hwm=3033MB
RSS_SAMPLE t=1312.5s rss=3034MB hwm=3034MB
RSS_SAMPLE t=1312.8s rss=3034MB hwm=3034MB
RSS_SAMPLE t=1313.0s rss=3034MB hwm=3034MB
RSS_SAMPLE t=1313.3s rss=3034MB hwm=3034MB
RSS_SAMPLE t=1313.5s rss=3034MB hwm=3034MB
RSS_SAMPLE t=1313.8s rss=3034MB hwm=3034MB
RSS_SAMPLE t=1314.0s rss=3034MB hwm=3034MB
RSS_SAMPLE t=1314.3s rss=3035MB hwm=3035MB
RSS_SAMPLE t=1314.5s rss=3035MB hwm=3035MB
RSS_SAMPLE t=1314.8s rss=3035MB hwm=3035MB
RSS_SAMPLE t=1315.0s rss=3035MB hwm=3035MB
RSS_SAMPLE t=1315.3s rss=3035MB hwm=3035MB
RSS_SAMPLE t=1315.5s rss=3035MB hwm=3035MB
RSS_SAMPLE t=1315.8s rss=3035MB hwm=3035MB
RSS_SAMPLE t=1316.0s rss=3035MB hwm=3035MB
RSS_SAMPLE t=1316.3s rss=3035MB hwm=3035MB
RSS_SAMPLE t=1316.5s rss=3035MB hwm=3035MB
RSS_SAMPLE t=1316.8s rss=3035MB hwm=3035MB
RSS_SAMPLE t=1317.0s rss=3035MB hwm=3035MB
RSS_SAMPLE t=1317.3s rss=3036MB hwm=3036MB
RSS_SAMPLE t=1317.5s rss=3036MB hwm=3036MB
RSS_SAMPLE t=1317.8s rss=3036MB hwm=3036MB
RSS_SAMPLE t=1318.0s rss=3036MB hwm=3036MB
RSS_SAMPLE t=1318.3s rss=3036MB hwm=3036MB
RSS_SAMPLE t=1318.5s rss=3036MB hwm=3036MB
RSS_SAMPLE t=1318.8s rss=3036MB hwm=3036MB
RSS_SAMPLE t=1319.0s rss=3036MB hwm=3036MB
RSS_SAMPLE t=1319.3s rss=3036MB hwm=3036MB
RSS_SAMPLE t=1319.5s rss=3037MB hwm=3037MB
RSS_SAMPLE t=1319.8s rss=3037MB hwm=3037MB
RSS_SAMPLE t=1320.0s rss=3037MB hwm=3037MB
RSS_SAMPLE t=1320.3s rss=3037MB hwm=3037MB
RSS_SAMPLE t=1320.5s rss=3037MB hwm=3037MB
RSS_SAMPLE t=1320.8s rss=3037MB hwm=3037MB
RSS_SAMPLE t=1321.0s rss=3037MB hwm=3037MB
RSS_SAMPLE t=1321.3s rss=3037MB hwm=3037MB
RSS_SAMPLE t=1321.5s rss=3037MB hwm=3037MB
RSS_SAMPLE t=1321.8s rss=3037MB hwm=3037MB
RSS_SAMPLE t=1322.0s rss=3037MB hwm=3037MB
RSS_SAMPLE t=1322.3s rss=3037MB hwm=3037MB
RSS_SAMPLE t=1322.5s rss=3037MB hwm=3037MB
RSS_SAMPLE t=1322.8s rss=3037MB hwm=3037MB
RSS_SAMPLE t=1323.0s rss=3037MB hwm=3037MB
RSS_SAMPLE t=1323.3s rss=3037MB hwm=3037MB
RSS_SAMPLE t=1323.5s rss=3037MB hwm=3037MB
RSS_SAMPLE t=1323.8s rss=3037MB hwm=3037MB
RSS_SAMPLE t=1324.0s rss=3038MB hwm=3038MB
RSS_SAMPLE t=1324.3s rss=3038MB hwm=3038MB
RSS_SAMPLE t=1324.5s rss=3038MB hwm=3038MB
RSS_SAMPLE t=1324.8s rss=3038MB hwm=3038MB
RSS_SAMPLE t=1325.0s rss=3038MB hwm=3038MB
RSS_SAMPLE t=1325.3s rss=3038MB hwm=3038MB
RSS_SAMPLE t=1325.5s rss=3038MB hwm=3038MB
RSS_SAMPLE t=1325.8s rss=3038MB hwm=3038MB
RSS_SAMPLE t=1326.0s rss=3038MB hwm=3038MB
RSS_SAMPLE t=1326.3s rss=3038MB hwm=3038MB
RSS_SAMPLE t=1326.5s rss=3038MB hwm=3038MB
RSS_SAMPLE t=1326.8s rss=3038MB hwm=3038MB
RSS_SAMPLE t=1327.0s rss=3038MB hwm=3038MB
RSS_SAMPLE t=1327.3s rss=3038MB hwm=3038MB
RSS_SAMPLE t=1327.5s rss=3038MB hwm=3038MB
RSS_SAMPLE t=1327.8s rss=3038MB hwm=3038MB
RSS_SAMPLE t=1328.0s rss=3038MB hwm=3038MB
RSS_SAMPLE t=1328.3s rss=3038MB hwm=3038MB
RSS_SAMPLE t=1328.5s rss=3038MB hwm=3038MB
RSS_SAMPLE t=1328.8s rss=3038MB hwm=3038MB
RSS_SAMPLE t=1329.0s rss=3038MB hwm=3038MB
RSS_SAMPLE t=1329.3s rss=3038MB hwm=3038MB
RSS_SAMPLE t=1329.5s rss=3038MB hwm=3038MB
RSS_SAMPLE t=1329.8s rss=3038MB hwm=3038MB
RSS_SAMPLE t=1330.0s rss=3038MB hwm=3038MB
RSS_SAMPLE t=1330.3s rss=3038MB hwm=3038MB
RSS_SAMPLE t=1330.5s rss=3038MB hwm=3038MB
RSS_SAMPLE t=1330.8s rss=3038MB hwm=3038MB
RSS_SAMPLE t=1331.0s rss=3039MB hwm=3039MB
RSS_SAMPLE t=1331.3s rss=3039MB hwm=3039MB
RSS_SAMPLE t=1331.5s rss=3039MB hwm=3039MB
RSS_SAMPLE t=1331.8s rss=3039MB hwm=3039MB
RSS_SAMPLE t=1332.0s rss=3039MB hwm=3039MB
RSS_SAMPLE t=1332.3s rss=3039MB hwm=3039MB
RSS_SAMPLE t=1332.5s rss=3039MB hwm=3039MB
RSS_SAMPLE t=1332.8s rss=3039MB hwm=3039MB
RSS_SAMPLE t=1333.0s rss=3039MB hwm=3039MB
RSS_SAMPLE t=1333.3s rss=3040MB hwm=3040MB
RSS_SAMPLE t=1333.5s rss=3040MB hwm=3040MB
RSS_SAMPLE t=1333.8s rss=3040MB hwm=3040MB
RSS_SAMPLE t=1334.0s rss=3040MB hwm=3040MB
RSS_SAMPLE t=1334.3s rss=3040MB hwm=3040MB
RSS_SAMPLE t=1334.5s rss=3040MB hwm=3040MB
RSS_SAMPLE t=1334.8s rss=3040MB hwm=3040MB
RSS_SAMPLE t=1335.0s rss=3040MB hwm=3040MB
RSS_SAMPLE t=1335.3s rss=3040MB hwm=3040MB
RSS_SAMPLE t=1335.5s rss=3041MB hwm=3041MB
RSS_SAMPLE t=1335.8s rss=3041MB hwm=3041MB
RSS_SAMPLE t=1336.0s rss=3041MB hwm=3041MB
RSS_SAMPLE t=1336.3s rss=3041MB hwm=3041MB
RSS_SAMPLE t=1336.5s rss=3041MB hwm=3041MB
RSS_SAMPLE t=1336.8s rss=3041MB hwm=3041MB
RSS_SAMPLE t=1337.0s rss=3041MB hwm=3041MB
RSS_SAMPLE t=1337.3s rss=3041MB hwm=3041MB
RSS_SAMPLE t=1337.5s rss=3041MB hwm=3041MB
RSS_SAMPLE t=1337.8s rss=3041MB hwm=3041MB
RSS_SAMPLE t=1338.0s rss=3041MB hwm=3041MB
RSS_SAMPLE t=1338.3s rss=3041MB hwm=3041MB
RSS_SAMPLE t=1338.5s rss=3042MB hwm=3042MB
RSS_SAMPLE t=1338.8s rss=3042MB hwm=3042MB
RSS_SAMPLE t=1339.0s rss=3042MB hwm=3042MB
RSS_SAMPLE t=1339.3s rss=3042MB hwm=3042MB
RSS_SAMPLE t=1339.5s rss=3042MB hwm=3042MB
RSS_SAMPLE t=1339.8s rss=3042MB hwm=3042MB
RSS_SAMPLE t=1340.0s rss=3042MB hwm=3042MB
RSS_SAMPLE t=1340.3s rss=3042MB hwm=3042MB
RSS_SAMPLE t=1340.5s rss=3042MB hwm=3042MB
RSS_SAMPLE t=1340.8s rss=3042MB hwm=3042MB
RSS_SAMPLE t=1341.0s rss=3042MB hwm=3042MB
RSS_SAMPLE t=1341.3s rss=3042MB hwm=3042MB
RSS_SAMPLE t=1341.5s rss=3042MB hwm=3042MB
RSS_SAMPLE t=1341.8s rss=3042MB hwm=3042MB
RSS_SAMPLE t=1342.0s rss=3042MB hwm=3042MB
RSS_SAMPLE t=1342.3s rss=3042MB hwm=3042MB
RSS_SAMPLE t=1342.5s rss=3042MB hwm=3042MB
RSS_SAMPLE t=1342.8s rss=3042MB hwm=3042MB
RSS_SAMPLE t=1343.0s rss=3043MB hwm=3043MB
RSS_SAMPLE t=1343.3s rss=3043MB hwm=3043MB
RSS_SAMPLE t=1343.5s rss=3043MB hwm=3043MB
RSS_SAMPLE t=1343.8s rss=3043MB hwm=3043MB
RSS_SAMPLE t=1344.0s rss=3044MB hwm=3044MB
RSS_SAMPLE t=1344.3s rss=3044MB hwm=3044MB
RSS_SAMPLE t=1344.5s rss=3044MB hwm=3044MB
RSS_SAMPLE t=1344.8s rss=3044MB hwm=3044MB
RSS_SAMPLE t=1345.0s rss=3044MB hwm=3044MB
RSS_SAMPLE t=1345.3s rss=3044MB hwm=3044MB
RSS_SAMPLE t=1345.5s rss=3044MB hwm=3044MB
RSS_SAMPLE t=1345.8s rss=3045MB hwm=3045MB
RSS_SAMPLE t=1346.0s rss=3045MB hwm=3045MB
RSS_SAMPLE t=1346.3s rss=3045MB hwm=3045MB
RSS_SAMPLE t=1346.5s rss=3045MB hwm=3045MB
RSS_SAMPLE t=1346.8s rss=3045MB hwm=3045MB
RSS_SAMPLE t=1347.0s rss=3045MB hwm=3045MB
RSS_SAMPLE t=1347.3s rss=3046MB hwm=3046MB
RSS_SAMPLE t=1347.5s rss=3046MB hwm=3046MB
RSS_SAMPLE t=1347.8s rss=3046MB hwm=3046MB
RSS_SAMPLE t=1348.0s rss=3046MB hwm=3046MB
RSS_SAMPLE t=1348.3s rss=3046MB hwm=3046MB
RSS_SAMPLE t=1348.5s rss=3046MB hwm=3046MB
RSS_SAMPLE t=1348.8s rss=3046MB hwm=3046MB
RSS_SAMPLE t=1349.0s rss=3046MB hwm=3046MB
RSS_SAMPLE t=1349.3s rss=3046MB hwm=3046MB
RSS_SAMPLE t=1349.5s rss=3046MB hwm=3046MB
RSS_SAMPLE t=1349.8s rss=3046MB hwm=3046MB
RSS_SAMPLE t=1350.0s rss=3046MB hwm=3046MB
RSS_SAMPLE t=1350.3s rss=3046MB hwm=3046MB
RSS_SAMPLE t=1350.5s rss=3046MB hwm=3046MB
RSS_SAMPLE t=1350.8s rss=3046MB hwm=3046MB
RSS_SAMPLE t=1351.0s rss=3046MB hwm=3046MB
RSS_SAMPLE t=1351.3s rss=3046MB hwm=3046MB
RSS_SAMPLE t=1351.5s rss=3046MB hwm=3046MB
RSS_SAMPLE t=1351.8s rss=3046MB hwm=3046MB
RSS_SAMPLE t=1352.0s rss=3047MB hwm=3047MB
RSS_SAMPLE t=1352.3s rss=3047MB hwm=3047MB
RSS_SAMPLE t=1352.5s rss=3047MB hwm=3047MB
RSS_SAMPLE t=1352.8s rss=3047MB hwm=3047MB
RSS_SAMPLE t=1353.0s rss=3047MB hwm=3047MB
RSS_SAMPLE t=1353.3s rss=3047MB hwm=3047MB
RSS_SAMPLE t=1353.5s rss=3047MB hwm=3047MB
RSS_SAMPLE t=1353.8s rss=3047MB hwm=3047MB
RSS_SAMPLE t=1354.0s rss=3047MB hwm=3047MB
RSS_SAMPLE t=1354.3s rss=3047MB hwm=3047MB
RSS_SAMPLE t=1354.5s rss=3047MB hwm=3047MB
RSS_SAMPLE t=1354.8s rss=3047MB hwm=3047MB
RSS_SAMPLE t=1355.0s rss=3047MB hwm=3047MB
RSS_SAMPLE t=1355.3s rss=3047MB hwm=3047MB
RSS_SAMPLE t=1355.5s rss=3047MB hwm=3047MB
RSS_SAMPLE t=1355.8s rss=3047MB hwm=3047MB
RSS_SAMPLE t=1356.0s rss=3047MB hwm=3047MB
RSS_SAMPLE t=1356.3s rss=3047MB hwm=3047MB
RSS_SAMPLE t=1356.5s rss=3047MB hwm=3047MB
RSS_SAMPLE t=1356.8s rss=3047MB hwm=3047MB
RSS_SAMPLE t=1357.0s rss=3047MB hwm=3047MB
RSS_SAMPLE t=1357.3s rss=3047MB hwm=3047MB
RSS_SAMPLE t=1357.5s rss=3047MB hwm=3047MB
RSS_SAMPLE t=1357.8s rss=3047MB hwm=3047MB
RSS_SAMPLE t=1358.0s rss=3048MB hwm=3048MB
RSS_SAMPLE t=1358.3s rss=3048MB hwm=3048MB
RSS_SAMPLE t=1358.5s rss=3048MB hwm=3048MB
RSS_SAMPLE t=1358.8s rss=3048MB hwm=3048MB
RSS_SAMPLE t=1359.0s rss=3048MB hwm=3048MB
RSS_SAMPLE t=1359.3s rss=3048MB hwm=3048MB
RSS_SAMPLE t=1359.5s rss=3049MB hwm=3049MB
RSS_SAMPLE t=1359.8s rss=3049MB hwm=3049MB
RSS_SAMPLE t=1360.0s rss=3049MB hwm=3049MB
RSS_SAMPLE t=1360.3s rss=3049MB hwm=3049MB
RSS_SAMPLE t=1360.5s rss=3049MB hwm=3049MB
RSS_SAMPLE t=1360.8s rss=3049MB hwm=3049MB
RSS_SAMPLE t=1361.0s rss=3049MB hwm=3049MB
RSS_SAMPLE t=1361.3s rss=3049MB hwm=3049MB
RSS_SAMPLE t=1361.5s rss=3049MB hwm=3049MB
RSS_SAMPLE t=1361.8s rss=3049MB hwm=3049MB
RSS_SAMPLE t=1362.0s rss=3049MB hwm=3049MB
RSS_SAMPLE t=1362.3s rss=3049MB hwm=3049MB
RSS_SAMPLE t=1362.5s rss=3049MB hwm=3049MB
RSS_SAMPLE t=1362.8s rss=3049MB hwm=3049MB
RSS_SAMPLE t=1363.0s rss=3049MB hwm=3049MB
RSS_SAMPLE t=1363.3s rss=3049MB hwm=3049MB
RSS_SAMPLE t=1363.5s rss=3049MB hwm=3049MB
RSS_SAMPLE t=1363.8s rss=3049MB hwm=3049MB
RSS_SAMPLE t=1364.0s rss=3049MB hwm=3049MB
RSS_SAMPLE t=1364.3s rss=3049MB hwm=3049MB
RSS_SAMPLE t=1364.5s rss=3049MB hwm=3049MB
RSS_SAMPLE t=1364.8s rss=3049MB hwm=3049MB
RSS_SAMPLE t=1365.0s rss=3049MB hwm=3049MB
RSS_SAMPLE t=1365.3s rss=3049MB hwm=3049MB
RSS_SAMPLE t=1365.5s rss=3049MB hwm=3049MB
RSS_SAMPLE t=1365.8s rss=3049MB hwm=3049MB
RSS_SAMPLE t=1366.0s rss=3049MB hwm=3049MB
RSS_SAMPLE t=1366.3s rss=3049MB hwm=3049MB
RSS_SAMPLE t=1366.5s rss=3049MB hwm=3049MB
RSS_SAMPLE t=1366.8s rss=3049MB hwm=3049MB
RSS_SAMPLE t=1367.0s rss=3049MB hwm=3049MB
RSS_SAMPLE t=1367.3s rss=3049MB hwm=3049MB
RSS_SAMPLE t=1367.5s rss=3049MB hwm=3049MB
RSS_SAMPLE t=1367.8s rss=3049MB hwm=3049MB
RSS_SAMPLE t=1368.0s rss=3049MB hwm=3049MB
RSS_SAMPLE t=1368.3s rss=3049MB hwm=3049MB
RSS_SAMPLE t=1368.5s rss=3049MB hwm=3049MB
RSS_SAMPLE t=1368.8s rss=3049MB hwm=3049MB
RSS_SAMPLE t=1369.0s rss=3049MB hwm=3049MB
RSS_SAMPLE t=1369.3s rss=3049MB hwm=3049MB
RSS_SAMPLE t=1369.5s rss=3049MB hwm=3049MB
RSS_SAMPLE t=1369.8s rss=3049MB hwm=3049MB
RSS_SAMPLE t=1370.0s rss=3049MB hwm=3049MB
RSS_SAMPLE t=1370.3s rss=3049MB hwm=3049MB
RSS_SAMPLE t=1370.5s rss=3049MB hwm=3049MB
RSS_SAMPLE t=1370.8s rss=3049MB hwm=3049MB
RSS_SAMPLE t=1371.0s rss=3049MB hwm=3049MB
RSS_SAMPLE t=1371.3s rss=3049MB hwm=3049MB
RSS_SAMPLE t=1371.5s rss=3049MB hwm=3049MB
RSS_SAMPLE t=1371.8s rss=3049MB hwm=3049MB
RSS_SAMPLE t=1372.0s rss=3049MB hwm=3049MB
RSS_SAMPLE t=1372.3s rss=3049MB hwm=3049MB
RSS_SAMPLE t=1372.5s rss=3049MB hwm=3049MB
RSS_SAMPLE t=1372.8s rss=3049MB hwm=3049MB
RSS_SAMPLE t=1373.0s rss=3049MB hwm=3049MB
RSS_SAMPLE t=1373.3s rss=3049MB hwm=3049MB
RSS_SAMPLE t=1373.5s rss=3049MB hwm=3049MB
RSS_SAMPLE t=1373.8s rss=3049MB hwm=3049MB
RSS_SAMPLE t=1374.0s rss=3049MB hwm=3049MB
RSS_SAMPLE t=1374.3s rss=3049MB hwm=3049MB
RSS_SAMPLE t=1374.5s rss=3049MB hwm=3049MB
RSS_SAMPLE t=1374.8s rss=3050MB hwm=3050MB
RSS_SAMPLE t=1375.0s rss=3050MB hwm=3050MB
RSS_SAMPLE t=1375.3s rss=3050MB hwm=3050MB
RSS_SAMPLE t=1375.5s rss=3050MB hwm=3050MB
RSS_SAMPLE t=1375.8s rss=3050MB hwm=3050MB
RSS_SAMPLE t=1376.0s rss=3050MB hwm=3050MB
RSS_SAMPLE t=1376.3s rss=3050MB hwm=3050MB
RSS_SAMPLE t=1376.5s rss=3050MB hwm=3050MB
RSS_SAMPLE t=1376.8s rss=3050MB hwm=3050MB
RSS_SAMPLE t=1377.0s rss=3050MB hwm=3050MB
RSS_SAMPLE t=1377.3s rss=3050MB hwm=3050MB
RSS_SAMPLE t=1377.5s rss=3050MB hwm=3050MB
RSS_SAMPLE t=1377.8s rss=3050MB hwm=3050MB
RSS_SAMPLE t=1378.0s rss=3050MB hwm=3050MB
RSS_SAMPLE t=1378.3s rss=3050MB hwm=3050MB
RSS_SAMPLE t=1378.5s rss=3050MB hwm=3050MB
RSS_SAMPLE t=1378.8s rss=3050MB hwm=3050MB
RSS_SAMPLE t=1379.0s rss=3050MB hwm=3050MB
RSS_SAMPLE t=1379.3s rss=3050MB hwm=3050MB
RSS_SAMPLE t=1379.5s rss=3050MB hwm=3050MB
RSS_SAMPLE t=1379.8s rss=3050MB hwm=3050MB
RSS_SAMPLE t=1380.0s rss=3050MB hwm=3050MB
RSS_SAMPLE t=1380.3s rss=3050MB hwm=3050MB
RSS_SAMPLE t=1380.5s rss=3050MB hwm=3050MB
RSS_SAMPLE t=1380.8s rss=3050MB hwm=3050MB
RSS_SAMPLE t=1381.0s rss=3050MB hwm=3050MB
RSS_SAMPLE t=1381.3s rss=3050MB hwm=3050MB
RSS_SAMPLE t=1381.5s rss=3050MB hwm=3050MB
RSS_SAMPLE t=1381.8s rss=3050MB hwm=3050MB
RSS_SAMPLE t=1382.0s rss=3050MB hwm=3050MB
RSS_SAMPLE t=1382.3s rss=3050MB hwm=3050MB
RSS_SAMPLE t=1382.5s rss=3050MB hwm=3050MB
RSS_SAMPLE t=1382.8s rss=3050MB hwm=3050MB
RSS_SAMPLE t=1383.0s rss=3050MB hwm=3050MB
RSS_SAMPLE t=1383.3s rss=3050MB hwm=3050MB
RSS_SAMPLE t=1383.5s rss=3050MB hwm=3050MB
RSS_SAMPLE t=1383.8s rss=3050MB hwm=3050MB
RSS_SAMPLE t=1384.0s rss=3050MB hwm=3050MB
RSS_SAMPLE t=1384.3s rss=3050MB hwm=3050MB
RSS_SAMPLE t=1384.5s rss=3050MB hwm=3050MB
RSS_SAMPLE t=1384.8s rss=3050MB hwm=3050MB
RSS_SAMPLE t=1385.0s rss=3050MB hwm=3050MB
RSS_SAMPLE t=1385.3s rss=3050MB hwm=3050MB
RSS_SAMPLE t=1385.5s rss=3050MB hwm=3050MB
RSS_SAMPLE t=1385.8s rss=3050MB hwm=3050MB
RSS_SAMPLE t=1386.0s rss=3051MB hwm=3051MB
RSS_SAMPLE t=1386.3s rss=3051MB hwm=3051MB
RSS_SAMPLE t=1386.5s rss=3051MB hwm=3051MB
RSS_SAMPLE t=1386.8s rss=3051MB hwm=3051MB
RSS_SAMPLE t=1387.0s rss=3051MB hwm=3051MB
RSS_SAMPLE t=1387.3s rss=3051MB hwm=3051MB
RSS_SAMPLE t=1387.6s rss=3051MB hwm=3051MB
RSS_SAMPLE t=1387.8s rss=3051MB hwm=3051MB
RSS_SAMPLE t=1388.1s rss=3051MB hwm=3051MB
RSS_SAMPLE t=1388.3s rss=3051MB hwm=3051MB
RSS_SAMPLE t=1388.6s rss=3051MB hwm=3051MB
RSS_SAMPLE t=1388.8s rss=3051MB hwm=3051MB
RSS_SAMPLE t=1389.1s rss=3051MB hwm=3051MB
RSS_SAMPLE t=1389.3s rss=3051MB hwm=3051MB
RSS_SAMPLE t=1389.6s rss=3051MB hwm=3051MB
RSS_SAMPLE t=1389.8s rss=3051MB hwm=3051MB
RSS_SAMPLE t=1390.1s rss=3051MB hwm=3051MB
RSS_SAMPLE t=1390.3s rss=3051MB hwm=3051MB
RSS_SAMPLE t=1390.6s rss=3051MB hwm=3051MB
RSS_SAMPLE t=1390.8s rss=3051MB hwm=3051MB
RSS_SAMPLE t=1391.1s rss=3051MB hwm=3051MB
RSS_SAMPLE t=1391.3s rss=3051MB hwm=3051MB
RSS_SAMPLE t=1391.6s rss=3051MB hwm=3051MB
RSS_SAMPLE t=1391.8s rss=3051MB hwm=3051MB
RSS_SAMPLE t=1392.1s rss=3051MB hwm=3051MB
RSS_SAMPLE t=1392.3s rss=3051MB hwm=3051MB
RSS_SAMPLE t=1392.6s rss=3051MB hwm=3051MB
RSS_SAMPLE t=1392.8s rss=3051MB hwm=3051MB
RSS_SAMPLE t=1393.1s rss=3052MB hwm=3052MB
RSS_SAMPLE t=1393.3s rss=3052MB hwm=3052MB
RSS_SAMPLE t=1393.6s rss=3052MB hwm=3052MB
RSS_SAMPLE t=1393.8s rss=3052MB hwm=3052MB
RSS_SAMPLE t=1394.1s rss=3052MB hwm=3052MB
RSS_SAMPLE t=1394.3s rss=3052MB hwm=3052MB
RSS_SAMPLE t=1394.6s rss=3052MB hwm=3052MB
RSS_SAMPLE t=1394.8s rss=3052MB hwm=3052MB
RSS_SAMPLE t=1395.1s rss=3052MB hwm=3052MB
RSS_SAMPLE t=1395.3s rss=3052MB hwm=3052MB
RSS_SAMPLE t=1395.6s rss=3052MB hwm=3052MB
RSS_SAMPLE t=1395.8s rss=3052MB hwm=3052MB
RSS_SAMPLE t=1396.1s rss=3052MB hwm=3052MB
RSS_SAMPLE t=1396.3s rss=3052MB hwm=3052MB
RSS_SAMPLE t=1396.6s rss=3052MB hwm=3052MB
RSS_SAMPLE t=1396.8s rss=3052MB hwm=3052MB
RSS_SAMPLE t=1397.1s rss=3052MB hwm=3052MB
RSS_SAMPLE t=1397.3s rss=3052MB hwm=3052MB
RSS_SAMPLE t=1397.6s rss=3052MB hwm=3052MB
RSS_SAMPLE t=1397.8s rss=3052MB hwm=3052MB
RSS_SAMPLE t=1398.1s rss=3052MB hwm=3052MB
RSS_SAMPLE t=1398.3s rss=3052MB hwm=3052MB
RSS_SAMPLE t=1398.6s rss=3052MB hwm=3052MB
RSS_SAMPLE t=1398.8s rss=3052MB hwm=3052MB
RSS_SAMPLE t=1399.1s rss=3052MB hwm=3052MB
RSS_SAMPLE t=1399.3s rss=3052MB hwm=3052MB
RSS_SAMPLE t=1399.6s rss=3052MB hwm=3052MB
RSS_SAMPLE t=1399.8s rss=3052MB hwm=3052MB
RSS_SAMPLE t=1400.1s rss=3052MB hwm=3052MB
RSS_SAMPLE t=1400.3s rss=3052MB hwm=3052MB
RSS_SAMPLE t=1400.6s rss=3052MB hwm=3052MB
RSS_SAMPLE t=1400.8s rss=3052MB hwm=3052MB
RSS_SAMPLE t=1401.1s rss=3052MB hwm=3052MB
RSS_SAMPLE t=1401.3s rss=3052MB hwm=3052MB
RSS_SAMPLE t=1401.6s rss=3052MB hwm=3052MB
RSS_SAMPLE t=1401.8s rss=3052MB hwm=3052MB
RSS_SAMPLE t=1402.1s rss=3052MB hwm=3052MB
RSS_SAMPLE t=1402.3s rss=3052MB hwm=3052MB
RSS_SAMPLE t=1402.6s rss=3052MB hwm=3052MB
RSS_SAMPLE t=1402.8s rss=3052MB hwm=3052MB
RSS_SAMPLE t=1403.1s rss=3052MB hwm=3052MB
RSS_SAMPLE t=1403.3s rss=3052MB hwm=3052MB
RSS_SAMPLE t=1403.6s rss=3052MB hwm=3052MB
RSS_SAMPLE t=1403.8s rss=3052MB hwm=3052MB
RSS_SAMPLE t=1404.1s rss=3052MB hwm=3052MB
RSS_SAMPLE t=1404.3s rss=3053MB hwm=3053MB
RSS_SAMPLE t=1404.6s rss=3053MB hwm=3053MB
RSS_SAMPLE t=1404.8s rss=3053MB hwm=3053MB
RSS_SAMPLE t=1405.1s rss=3053MB hwm=3053MB
RSS_SAMPLE t=1405.3s rss=3053MB hwm=3053MB
RSS_SAMPLE t=1405.6s rss=3053MB hwm=3053MB
RSS_SAMPLE t=1405.8s rss=3053MB hwm=3053MB
RSS_SAMPLE t=1406.1s rss=3053MB hwm=3053MB
RSS_SAMPLE t=1406.3s rss=3053MB hwm=3053MB
RSS_SAMPLE t=1406.6s rss=3053MB hwm=3053MB
RSS_SAMPLE t=1406.8s rss=3053MB hwm=3053MB
RSS_SAMPLE t=1407.1s rss=3053MB hwm=3053MB
RSS_SAMPLE t=1407.3s rss=3053MB hwm=3053MB
RSS_SAMPLE t=1407.6s rss=3053MB hwm=3053MB
RSS_SAMPLE t=1407.8s rss=3053MB hwm=3053MB
RSS_SAMPLE t=1408.1s rss=3053MB hwm=3053MB
RSS_SAMPLE t=1408.3s rss=3053MB hwm=3053MB
RSS_SAMPLE t=1408.6s rss=3053MB hwm=3053MB
RSS_SAMPLE t=1408.8s rss=3053MB hwm=3053MB
RSS_SAMPLE t=1409.1s rss=3053MB hwm=3053MB
RSS_SAMPLE t=1409.3s rss=3053MB hwm=3053MB
RSS_SAMPLE t=1409.6s rss=3053MB hwm=3053MB
RSS_SAMPLE t=1409.8s rss=3053MB hwm=3053MB
RSS_SAMPLE t=1410.1s rss=3053MB hwm=3053MB
RSS_SAMPLE t=1410.3s rss=3053MB hwm=3053MB
RSS_SAMPLE t=1410.6s rss=3053MB hwm=3053MB
RSS_SAMPLE t=1410.8s rss=3053MB hwm=3053MB
RSS_SAMPLE t=1411.1s rss=3053MB hwm=3053MB
RSS_SAMPLE t=1411.3s rss=3053MB hwm=3053MB
RSS_SAMPLE t=1411.6s rss=3053MB hwm=3053MB
RSS_SAMPLE t=1411.8s rss=3053MB hwm=3053MB
RSS_SAMPLE t=1412.1s rss=3053MB hwm=3053MB
RSS_SAMPLE t=1412.3s rss=3053MB hwm=3053MB
RSS_SAMPLE t=1412.6s rss=3053MB hwm=3053MB
RSS_SAMPLE t=1412.8s rss=3053MB hwm=3053MB
RSS_SAMPLE t=1413.1s rss=3053MB hwm=3053MB
RSS_SAMPLE t=1413.3s rss=3053MB hwm=3053MB
RSS_SAMPLE t=1413.6s rss=3053MB hwm=3053MB
RSS_SAMPLE t=1413.8s rss=3053MB hwm=3053MB
RSS_SAMPLE t=1414.1s rss=3053MB hwm=3053MB
RSS_SAMPLE t=1414.3s rss=3053MB hwm=3053MB
RSS_SAMPLE t=1414.6s rss=3053MB hwm=3053MB
RSS_SAMPLE t=1414.8s rss=3053MB hwm=3053MB
RSS_SAMPLE t=1415.1s rss=3053MB hwm=3053MB
RSS_SAMPLE t=1415.3s rss=3053MB hwm=3053MB
RSS_SAMPLE t=1415.6s rss=3053MB hwm=3053MB
RSS_SAMPLE t=1415.8s rss=3053MB hwm=3053MB
RSS_SAMPLE t=1416.1s rss=3053MB hwm=3053MB
RSS_SAMPLE t=1416.3s rss=3053MB hwm=3053MB
RSS_SAMPLE t=1416.6s rss=3053MB hwm=3053MB
RSS_SAMPLE t=1416.8s rss=3053MB hwm=3053MB
RSS_SAMPLE t=1417.1s rss=3053MB hwm=3053MB
RSS_SAMPLE t=1417.3s rss=3053MB hwm=3053MB
RSS_SAMPLE t=1417.6s rss=3053MB hwm=3053MB
RSS_SAMPLE t=1417.8s rss=3053MB hwm=3053MB
RSS_SAMPLE t=1418.1s rss=3053MB hwm=3053MB
RSS_SAMPLE t=1418.3s rss=3053MB hwm=3053MB
RSS_SAMPLE t=1418.6s rss=3053MB hwm=3053MB
RSS_SAMPLE t=1418.8s rss=3053MB hwm=3053MB
RSS_SAMPLE t=1419.1s rss=3053MB hwm=3053MB
RSS_SAMPLE t=1419.3s rss=3053MB hwm=3053MB
RSS_SAMPLE t=1419.6s rss=3053MB hwm=3053MB
RSS_SAMPLE t=1419.8s rss=3053MB hwm=3053MB
RSS_SAMPLE t=1420.1s rss=3053MB hwm=3053MB
RSS_SAMPLE t=1420.3s rss=3053MB hwm=3053MB
RSS_SAMPLE t=1420.6s rss=3053MB hwm=3053MB
RSS_SAMPLE t=1420.8s rss=3053MB hwm=3053MB
RSS_SAMPLE t=1421.1s rss=3053MB hwm=3053MB
RSS_SAMPLE t=1421.3s rss=3053MB hwm=3053MB
RSS_SAMPLE t=1421.6s rss=3053MB hwm=3053MB
RSS_SAMPLE t=1421.8s rss=3053MB hwm=3053MB
RSS_SAMPLE t=1422.1s rss=3053MB hwm=3053MB
RSS_SAMPLE t=1422.3s rss=3053MB hwm=3053MB
RSS_SAMPLE t=1422.6s rss=3053MB hwm=3053MB
RSS_SAMPLE t=1422.8s rss=3053MB hwm=3053MB
RSS_SAMPLE t=1423.1s rss=3053MB hwm=3053MB
RSS_SAMPLE t=1423.3s rss=3053MB hwm=3053MB
RSS_SAMPLE t=1423.6s rss=3053MB hwm=3053MB
RSS_SAMPLE t=1423.8s rss=3053MB hwm=3053MB
RSS_SAMPLE t=1424.1s rss=3053MB hwm=3053MB
RSS_SAMPLE t=1424.3s rss=3053MB hwm=3053MB
RSS_SAMPLE t=1424.6s rss=3054MB hwm=3054MB
RSS_SAMPLE t=1424.8s rss=3054MB hwm=3054MB
RSS_SAMPLE t=1425.1s rss=3054MB hwm=3054MB
RSS_SAMPLE t=1425.3s rss=3054MB hwm=3054MB
RSS_SAMPLE t=1425.6s rss=3054MB hwm=3054MB
RSS_SAMPLE t=1425.8s rss=3054MB hwm=3054MB
RSS_SAMPLE t=1426.1s rss=3054MB hwm=3054MB
RSS_SAMPLE t=1426.3s rss=3054MB hwm=3054MB
MEM_POOL: workspaces=8 dense_usage_mb=313 n_pipes=2562403
    rss_probe[outer=8]: pre_post_solve=3010MB post_post_solve=3054MB after_apply=3054MB
    E_decomp: base=9039357.9 eff=117663642420327.5 cong=117663633380969.6 cong_share=100.0% sat_pipes=225856 max_util=475.64  R_buckets: 1-2x=811932 2-10x=65923 10-100x=115754 >=100x=1568794
    E_potential: beckmann=1621561688586.0 history_total=0.0
    SpanCache: epoch=9 entries=2665 lookups=2562403 hits=2559738 misses=2665 hit_rate=99.9%
  DCD   8: nets=105117 line=13368991 energy=19014995786.244 dE=-1001143390.019 friction=3682898.3 bins=2.0x(190) excess=62.6 moved=68129 disp=6.429 solves=105117 skip=105117 pops=681936687 theta=0.883 refresh=148758ms dcd=6800ms total=158169ms
    cache_stats: entries=62286089 capacity=119164382 est_mb=1028 rss_mb=3054
RSS_SAMPLE t=1426.6s rss=3054MB hwm=3054MB
RSS_SAMPLE t=1426.8s rss=3054MB hwm=3054MB
RSS_SAMPLE t=1427.1s rss=3054MB hwm=3054MB
RSS_SAMPLE t=1427.3s rss=3054MB hwm=3054MB
RSS_SAMPLE t=1427.6s rss=3054MB hwm=3054MB
RSS_SAMPLE t=1427.8s rss=3054MB hwm=3054MB
RSS_SAMPLE t=1428.1s rss=3054MB hwm=3054MB
RSS_SAMPLE t=1428.3s rss=3054MB hwm=3054MB
RSS_SAMPLE t=1428.6s rss=3054MB hwm=3054MB
RSS_SAMPLE t=1428.8s rss=3054MB hwm=3054MB
RSS_SAMPLE t=1429.1s rss=3054MB hwm=3054MB
    SwitchMatrix: type_usage_pairs=721 lookups=2077 hits=1356 dijkstra_calls=721 avg_us=13.2 total_ms=9.5
PHASE_MARK outer=9 enter=pre_solve rss=3054MB
    rss_probe[outer=9]: pre_refresh_rss=3054MB post_pre_solve_rss=3054MB cache_entries=62286089 cache_cap=119164382 cache_est_mb=1028
    pre_solve_diag[outer=9]: solves=0 fallback=0 (0.0%) cap_armed=0 (0.0%) settle_avg=0 settle_max=0 init_count=59
    Overflow: over=193874 (7.6% of used) avg_excess=2.53 max_excess=3341.95 (nc=3365.95 cap=24 span=1)  excess_buckets: <=1=102088 1-5=70391 5-20=18603 >20=2792  by_cap: cap1=86972 cap2=103263 cap3-5=1 cap>5=3638  by_span: s1=489 s2-3=825 s4-6=3229 s7-12=99797 s>12=89534  le1_cross: cap1=66734 cap2-5=34826 cap>5=528
    Congestion: pipes=2562403 used=2562403 congested(>50%)=552400 saturated(>90%)=225856 max_util=475.64 avg_util=0.4104
PHASE_MARK outer=9 enter=dcd_sweep rss=3054MB
RSS_SAMPLE t=1429.3s rss=3054MB hwm=3054MB
RSS_SAMPLE t=1429.6s rss=3054MB hwm=3054MB
RSS_SAMPLE t=1429.8s rss=3054MB hwm=3054MB
RSS_SAMPLE t=1430.1s rss=3054MB hwm=3054MB
RSS_SAMPLE t=1430.3s rss=3054MB hwm=3054MB
RSS_SAMPLE t=1430.6s rss=3054MB hwm=3054MB
RSS_SAMPLE t=1430.8s rss=3054MB hwm=3054MB
RSS_SAMPLE t=1431.1s rss=3054MB hwm=3054MB
RSS_SAMPLE t=1431.3s rss=3054MB hwm=3054MB
RSS_SAMPLE t=1431.6s rss=3054MB hwm=3054MB
RSS_SAMPLE t=1431.8s rss=3054MB hwm=3054MB
RSS_SAMPLE t=1432.1s rss=3054MB hwm=3054MB
RSS_SAMPLE t=1432.3s rss=3054MB hwm=3054MB
RSS_SAMPLE t=1432.6s rss=3054MB hwm=3054MB
RSS_SAMPLE t=1432.8s rss=3054MB hwm=3054MB
RSS_SAMPLE t=1433.1s rss=3054MB hwm=3054MB
RSS_SAMPLE t=1433.3s rss=3054MB hwm=3054MB
RSS_SAMPLE t=1433.6s rss=3054MB hwm=3054MB
RSS_SAMPLE t=1433.8s rss=3054MB hwm=3054MB
RSS_SAMPLE t=1434.1s rss=3054MB hwm=3054MB
RSS_SAMPLE t=1434.3s rss=3054MB hwm=3054MB
RSS_SAMPLE t=1434.6s rss=3054MB hwm=3054MB
RSS_SAMPLE t=1434.8s rss=3054MB hwm=3054MB
RSS_SAMPLE t=1435.1s rss=3054MB hwm=3054MB
RSS_SAMPLE t=1435.3s rss=3054MB hwm=3054MB
RSS_SAMPLE t=1435.6s rss=3054MB hwm=3054MB
RSS_SAMPLE t=1435.8s rss=3054MB hwm=3054MB
PHASE_MARK outer=9 leave=dcd_sweep rss=3054MB
PHASE_MARK outer=9 enter=post_refresh rss=3054MB
RSS_SAMPLE t=1436.1s rss=3055MB hwm=3055MB
RSS_SAMPLE t=1436.3s rss=3055MB hwm=3055MB
RSS_SAMPLE t=1436.6s rss=3055MB hwm=3055MB
RSS_SAMPLE t=1436.8s rss=3055MB hwm=3055MB
RSS_SAMPLE t=1437.1s rss=3055MB hwm=3055MB
RSS_SAMPLE t=1437.3s rss=3055MB hwm=3055MB
RSS_SAMPLE t=1437.6s rss=3055MB hwm=3055MB
RSS_SAMPLE t=1437.8s rss=3055MB hwm=3055MB
RSS_SAMPLE t=1438.1s rss=3055MB hwm=3055MB
RSS_SAMPLE t=1438.3s rss=3055MB hwm=3055MB
RSS_SAMPLE t=1438.6s rss=3055MB hwm=3055MB
RSS_SAMPLE t=1438.8s rss=3055MB hwm=3055MB
RSS_SAMPLE t=1439.1s rss=3055MB hwm=3055MB
RSS_SAMPLE t=1439.3s rss=3055MB hwm=3055MB
RSS_SAMPLE t=1439.6s rss=3055MB hwm=3055MB
RSS_SAMPLE t=1439.8s rss=3056MB hwm=3056MB
RSS_SAMPLE t=1440.1s rss=3056MB hwm=3056MB
RSS_SAMPLE t=1440.3s rss=3056MB hwm=3056MB
RSS_SAMPLE t=1440.6s rss=3056MB hwm=3056MB
RSS_SAMPLE t=1440.8s rss=3056MB hwm=3056MB
RSS_SAMPLE t=1441.1s rss=3056MB hwm=3056MB
RSS_SAMPLE t=1441.3s rss=3056MB hwm=3056MB
RSS_SAMPLE t=1441.6s rss=3056MB hwm=3056MB
RSS_SAMPLE t=1441.8s rss=3056MB hwm=3056MB
RSS_SAMPLE t=1442.1s rss=3056MB hwm=3056MB
RSS_SAMPLE t=1442.3s rss=3057MB hwm=3057MB
RSS_SAMPLE t=1442.6s rss=3057MB hwm=3057MB
RSS_SAMPLE t=1442.8s rss=3057MB hwm=3057MB
RSS_SAMPLE t=1443.1s rss=3057MB hwm=3057MB
RSS_SAMPLE t=1443.3s rss=3057MB hwm=3057MB
RSS_SAMPLE t=1443.6s rss=3057MB hwm=3057MB
RSS_SAMPLE t=1443.8s rss=3057MB hwm=3057MB
RSS_SAMPLE t=1444.1s rss=3057MB hwm=3057MB
RSS_SAMPLE t=1444.3s rss=3057MB hwm=3057MB
RSS_SAMPLE t=1444.6s rss=3057MB hwm=3057MB
RSS_SAMPLE t=1444.8s rss=3057MB hwm=3057MB
RSS_SAMPLE t=1445.1s rss=3057MB hwm=3057MB
RSS_SAMPLE t=1445.3s rss=3057MB hwm=3057MB
RSS_SAMPLE t=1445.6s rss=3057MB hwm=3057MB
RSS_SAMPLE t=1445.8s rss=3057MB hwm=3057MB
RSS_SAMPLE t=1446.1s rss=3057MB hwm=3057MB
RSS_SAMPLE t=1446.3s rss=3057MB hwm=3057MB
RSS_SAMPLE t=1446.6s rss=3057MB hwm=3057MB
RSS_SAMPLE t=1446.8s rss=3057MB hwm=3057MB
RSS_SAMPLE t=1447.1s rss=3058MB hwm=3058MB
RSS_SAMPLE t=1447.3s rss=3058MB hwm=3058MB
RSS_SAMPLE t=1447.6s rss=3058MB hwm=3058MB
RSS_SAMPLE t=1447.8s rss=3058MB hwm=3058MB
RSS_SAMPLE t=1448.1s rss=3059MB hwm=3059MB
RSS_SAMPLE t=1448.3s rss=3059MB hwm=3059MB
RSS_SAMPLE t=1448.6s rss=3059MB hwm=3059MB
RSS_SAMPLE t=1448.8s rss=3059MB hwm=3059MB
RSS_SAMPLE t=1449.1s rss=3059MB hwm=3059MB
RSS_SAMPLE t=1449.3s rss=3060MB hwm=3060MB
RSS_SAMPLE t=1449.6s rss=3060MB hwm=3060MB
RSS_SAMPLE t=1449.8s rss=3060MB hwm=3060MB
RSS_SAMPLE t=1450.1s rss=3060MB hwm=3060MB
RSS_SAMPLE t=1450.3s rss=3060MB hwm=3060MB
RSS_SAMPLE t=1450.6s rss=3061MB hwm=3061MB
RSS_SAMPLE t=1450.8s rss=3061MB hwm=3061MB
RSS_SAMPLE t=1451.1s rss=3061MB hwm=3061MB
RSS_SAMPLE t=1451.3s rss=3061MB hwm=3061MB
RSS_SAMPLE t=1451.6s rss=3061MB hwm=3061MB
RSS_SAMPLE t=1451.8s rss=3061MB hwm=3061MB
RSS_SAMPLE t=1452.1s rss=3061MB hwm=3061MB
RSS_SAMPLE t=1452.3s rss=3062MB hwm=3062MB
RSS_SAMPLE t=1452.6s rss=3062MB hwm=3062MB
RSS_SAMPLE t=1452.8s rss=3062MB hwm=3062MB
RSS_SAMPLE t=1453.1s rss=3062MB hwm=3062MB
RSS_SAMPLE t=1453.3s rss=3062MB hwm=3062MB
RSS_SAMPLE t=1453.6s rss=3063MB hwm=3063MB
RSS_SAMPLE t=1453.8s rss=3063MB hwm=3063MB
RSS_SAMPLE t=1454.1s rss=3063MB hwm=3063MB
RSS_SAMPLE t=1454.3s rss=3063MB hwm=3063MB
RSS_SAMPLE t=1454.6s rss=3063MB hwm=3063MB
RSS_SAMPLE t=1454.8s rss=3063MB hwm=3063MB
RSS_SAMPLE t=1455.1s rss=3064MB hwm=3064MB
RSS_SAMPLE t=1455.3s rss=3064MB hwm=3064MB
RSS_SAMPLE t=1455.6s rss=3064MB hwm=3064MB
RSS_SAMPLE t=1455.8s rss=3064MB hwm=3064MB
RSS_SAMPLE t=1456.1s rss=3064MB hwm=3064MB
RSS_SAMPLE t=1456.3s rss=3065MB hwm=3065MB
RSS_SAMPLE t=1456.6s rss=3065MB hwm=3065MB
RSS_SAMPLE t=1456.8s rss=3065MB hwm=3065MB
RSS_SAMPLE t=1457.1s rss=3065MB hwm=3065MB
RSS_SAMPLE t=1457.3s rss=3065MB hwm=3065MB
RSS_SAMPLE t=1457.6s rss=3066MB hwm=3066MB
RSS_SAMPLE t=1457.8s rss=3066MB hwm=3066MB
RSS_SAMPLE t=1458.1s rss=3066MB hwm=3066MB
RSS_SAMPLE t=1458.3s rss=3066MB hwm=3066MB
RSS_SAMPLE t=1458.6s rss=3066MB hwm=3066MB
RSS_SAMPLE t=1458.8s rss=3067MB hwm=3067MB
RSS_SAMPLE t=1459.1s rss=3067MB hwm=3067MB
RSS_SAMPLE t=1459.3s rss=3067MB hwm=3067MB
RSS_SAMPLE t=1459.6s rss=3067MB hwm=3067MB
RSS_SAMPLE t=1459.8s rss=3067MB hwm=3067MB
RSS_SAMPLE t=1460.1s rss=3068MB hwm=3068MB
RSS_SAMPLE t=1460.3s rss=3068MB hwm=3068MB
RSS_SAMPLE t=1460.6s rss=3068MB hwm=3068MB
RSS_SAMPLE t=1460.8s rss=3068MB hwm=3068MB
RSS_SAMPLE t=1461.1s rss=3069MB hwm=3069MB
RSS_SAMPLE t=1461.3s rss=3069MB hwm=3069MB
RSS_SAMPLE t=1461.6s rss=3069MB hwm=3069MB
RSS_SAMPLE t=1461.8s rss=3069MB hwm=3069MB
RSS_SAMPLE t=1462.1s rss=3069MB hwm=3069MB
RSS_SAMPLE t=1462.3s rss=3069MB hwm=3069MB
RSS_SAMPLE t=1462.6s rss=3069MB hwm=3069MB
RSS_SAMPLE t=1462.8s rss=3069MB hwm=3069MB
RSS_SAMPLE t=1463.1s rss=3069MB hwm=3069MB
RSS_SAMPLE t=1463.3s rss=3069MB hwm=3069MB
RSS_SAMPLE t=1463.6s rss=3069MB hwm=3069MB
RSS_SAMPLE t=1463.8s rss=3070MB hwm=3070MB
RSS_SAMPLE t=1464.1s rss=3070MB hwm=3070MB
RSS_SAMPLE t=1464.3s rss=3070MB hwm=3070MB
RSS_SAMPLE t=1464.6s rss=3070MB hwm=3070MB
RSS_SAMPLE t=1464.8s rss=3070MB hwm=3070MB
RSS_SAMPLE t=1465.1s rss=3070MB hwm=3070MB
RSS_SAMPLE t=1465.3s rss=3070MB hwm=3070MB
RSS_SAMPLE t=1465.6s rss=3070MB hwm=3070MB
RSS_SAMPLE t=1465.8s rss=3070MB hwm=3070MB
RSS_SAMPLE t=1466.1s rss=3070MB hwm=3070MB
RSS_SAMPLE t=1466.4s rss=3070MB hwm=3070MB
RSS_SAMPLE t=1466.6s rss=3070MB hwm=3070MB
RSS_SAMPLE t=1466.9s rss=3070MB hwm=3070MB
RSS_SAMPLE t=1467.1s rss=3070MB hwm=3070MB
RSS_SAMPLE t=1467.4s rss=3070MB hwm=3070MB
RSS_SAMPLE t=1467.6s rss=3070MB hwm=3070MB
RSS_SAMPLE t=1467.9s rss=3070MB hwm=3070MB
RSS_SAMPLE t=1468.1s rss=3070MB hwm=3070MB
RSS_SAMPLE t=1468.4s rss=3070MB hwm=3070MB
RSS_SAMPLE t=1468.6s rss=3070MB hwm=3070MB
RSS_SAMPLE t=1468.9s rss=3070MB hwm=3070MB
RSS_SAMPLE t=1469.1s rss=3070MB hwm=3070MB
RSS_SAMPLE t=1469.4s rss=3070MB hwm=3070MB
RSS_SAMPLE t=1469.6s rss=3070MB hwm=3070MB
RSS_SAMPLE t=1469.9s rss=3070MB hwm=3070MB
RSS_SAMPLE t=1470.1s rss=3070MB hwm=3070MB
RSS_SAMPLE t=1470.4s rss=3070MB hwm=3070MB
RSS_SAMPLE t=1470.6s rss=3070MB hwm=3070MB
RSS_SAMPLE t=1470.9s rss=3070MB hwm=3070MB
RSS_SAMPLE t=1471.1s rss=3070MB hwm=3070MB
RSS_SAMPLE t=1471.4s rss=3070MB hwm=3070MB
RSS_SAMPLE t=1471.6s rss=3070MB hwm=3070MB
RSS_SAMPLE t=1471.9s rss=3070MB hwm=3070MB
RSS_SAMPLE t=1472.1s rss=3070MB hwm=3070MB
RSS_SAMPLE t=1472.4s rss=3070MB hwm=3070MB
RSS_SAMPLE t=1472.6s rss=3070MB hwm=3070MB
RSS_SAMPLE t=1472.9s rss=3070MB hwm=3070MB
RSS_SAMPLE t=1473.1s rss=3070MB hwm=3070MB
RSS_SAMPLE t=1473.4s rss=3070MB hwm=3070MB
RSS_SAMPLE t=1473.6s rss=3070MB hwm=3070MB
RSS_SAMPLE t=1473.9s rss=3070MB hwm=3070MB
RSS_SAMPLE t=1474.1s rss=3070MB hwm=3070MB
RSS_SAMPLE t=1474.4s rss=3071MB hwm=3071MB
RSS_SAMPLE t=1474.6s rss=3071MB hwm=3071MB
RSS_SAMPLE t=1474.9s rss=3071MB hwm=3071MB
RSS_SAMPLE t=1475.1s rss=3071MB hwm=3071MB
RSS_SAMPLE t=1475.4s rss=3071MB hwm=3071MB
RSS_SAMPLE t=1475.6s rss=3071MB hwm=3071MB
RSS_SAMPLE t=1475.9s rss=3071MB hwm=3071MB
RSS_SAMPLE t=1476.1s rss=3071MB hwm=3071MB
RSS_SAMPLE t=1476.4s rss=3071MB hwm=3071MB
RSS_SAMPLE t=1476.6s rss=3071MB hwm=3071MB
RSS_SAMPLE t=1476.9s rss=3071MB hwm=3071MB
RSS_SAMPLE t=1477.1s rss=3071MB hwm=3071MB
RSS_SAMPLE t=1477.4s rss=3071MB hwm=3071MB
RSS_SAMPLE t=1477.6s rss=3071MB hwm=3071MB
RSS_SAMPLE t=1477.9s rss=3071MB hwm=3071MB
RSS_SAMPLE t=1478.1s rss=3071MB hwm=3071MB
RSS_SAMPLE t=1478.4s rss=3071MB hwm=3071MB
RSS_SAMPLE t=1478.6s rss=3071MB hwm=3071MB
RSS_SAMPLE t=1478.9s rss=3071MB hwm=3071MB
RSS_SAMPLE t=1479.1s rss=3071MB hwm=3071MB
RSS_SAMPLE t=1479.4s rss=3071MB hwm=3071MB
RSS_SAMPLE t=1479.6s rss=3071MB hwm=3071MB
RSS_SAMPLE t=1479.9s rss=3071MB hwm=3071MB
RSS_SAMPLE t=1480.1s rss=3071MB hwm=3071MB
RSS_SAMPLE t=1480.4s rss=3071MB hwm=3071MB
RSS_SAMPLE t=1480.6s rss=3071MB hwm=3071MB
RSS_SAMPLE t=1480.9s rss=3071MB hwm=3071MB
RSS_SAMPLE t=1481.1s rss=3071MB hwm=3071MB
RSS_SAMPLE t=1481.4s rss=3071MB hwm=3071MB
RSS_SAMPLE t=1481.6s rss=3071MB hwm=3071MB
RSS_SAMPLE t=1481.9s rss=3071MB hwm=3071MB
RSS_SAMPLE t=1482.1s rss=3071MB hwm=3071MB
RSS_SAMPLE t=1482.4s rss=3071MB hwm=3071MB
RSS_SAMPLE t=1482.6s rss=3071MB hwm=3071MB
RSS_SAMPLE t=1482.9s rss=3071MB hwm=3071MB
RSS_SAMPLE t=1483.1s rss=3072MB hwm=3072MB
RSS_SAMPLE t=1483.4s rss=3072MB hwm=3072MB
RSS_SAMPLE t=1483.6s rss=3072MB hwm=3072MB
RSS_SAMPLE t=1483.9s rss=3072MB hwm=3072MB
RSS_SAMPLE t=1484.1s rss=3072MB hwm=3072MB
RSS_SAMPLE t=1484.4s rss=3072MB hwm=3072MB
RSS_SAMPLE t=1484.6s rss=3072MB hwm=3072MB
RSS_SAMPLE t=1484.9s rss=3072MB hwm=3072MB
RSS_SAMPLE t=1485.1s rss=3072MB hwm=3072MB
RSS_SAMPLE t=1485.4s rss=3072MB hwm=3072MB
RSS_SAMPLE t=1485.6s rss=3072MB hwm=3072MB
RSS_SAMPLE t=1485.9s rss=3072MB hwm=3072MB
RSS_SAMPLE t=1486.1s rss=3072MB hwm=3072MB
RSS_SAMPLE t=1486.4s rss=3072MB hwm=3072MB
RSS_SAMPLE t=1486.6s rss=3072MB hwm=3072MB
RSS_SAMPLE t=1486.9s rss=3072MB hwm=3072MB
RSS_SAMPLE t=1487.1s rss=3072MB hwm=3072MB
RSS_SAMPLE t=1487.4s rss=3072MB hwm=3072MB
RSS_SAMPLE t=1487.6s rss=3072MB hwm=3072MB
RSS_SAMPLE t=1487.9s rss=3072MB hwm=3072MB
RSS_SAMPLE t=1488.1s rss=3072MB hwm=3072MB
RSS_SAMPLE t=1488.4s rss=3072MB hwm=3072MB
RSS_SAMPLE t=1488.6s rss=3072MB hwm=3072MB
RSS_SAMPLE t=1488.9s rss=3072MB hwm=3072MB
RSS_SAMPLE t=1489.1s rss=3072MB hwm=3072MB
RSS_SAMPLE t=1489.4s rss=3072MB hwm=3072MB
RSS_SAMPLE t=1489.6s rss=3072MB hwm=3072MB
RSS_SAMPLE t=1489.9s rss=3072MB hwm=3072MB
RSS_SAMPLE t=1490.1s rss=3072MB hwm=3072MB
RSS_SAMPLE t=1490.4s rss=3072MB hwm=3072MB
RSS_SAMPLE t=1490.6s rss=3072MB hwm=3072MB
RSS_SAMPLE t=1490.9s rss=3072MB hwm=3072MB
RSS_SAMPLE t=1491.1s rss=3072MB hwm=3072MB
RSS_SAMPLE t=1491.4s rss=3072MB hwm=3072MB
RSS_SAMPLE t=1491.6s rss=3072MB hwm=3072MB
RSS_SAMPLE t=1491.9s rss=3072MB hwm=3072MB
RSS_SAMPLE t=1492.1s rss=3072MB hwm=3072MB
RSS_SAMPLE t=1492.4s rss=3072MB hwm=3072MB
RSS_SAMPLE t=1492.6s rss=3072MB hwm=3072MB
RSS_SAMPLE t=1492.9s rss=3072MB hwm=3072MB
RSS_SAMPLE t=1493.1s rss=3072MB hwm=3072MB
RSS_SAMPLE t=1493.4s rss=3072MB hwm=3072MB
RSS_SAMPLE t=1493.6s rss=3072MB hwm=3072MB
RSS_SAMPLE t=1493.9s rss=3072MB hwm=3072MB
RSS_SAMPLE t=1494.1s rss=3072MB hwm=3072MB
RSS_SAMPLE t=1494.4s rss=3072MB hwm=3072MB
RSS_SAMPLE t=1494.6s rss=3072MB hwm=3072MB
RSS_SAMPLE t=1494.9s rss=3072MB hwm=3072MB
RSS_SAMPLE t=1495.1s rss=3072MB hwm=3072MB
RSS_SAMPLE t=1495.4s rss=3072MB hwm=3072MB
RSS_SAMPLE t=1495.6s rss=3072MB hwm=3072MB
RSS_SAMPLE t=1495.9s rss=3072MB hwm=3072MB
RSS_SAMPLE t=1496.1s rss=3072MB hwm=3072MB
RSS_SAMPLE t=1496.4s rss=3072MB hwm=3072MB
RSS_SAMPLE t=1496.6s rss=3072MB hwm=3072MB
RSS_SAMPLE t=1496.9s rss=3072MB hwm=3072MB
RSS_SAMPLE t=1497.1s rss=3072MB hwm=3072MB
RSS_SAMPLE t=1497.4s rss=3072MB hwm=3072MB
RSS_SAMPLE t=1497.6s rss=3072MB hwm=3072MB
RSS_SAMPLE t=1497.9s rss=3072MB hwm=3072MB
RSS_SAMPLE t=1498.1s rss=3072MB hwm=3072MB
RSS_SAMPLE t=1498.4s rss=3072MB hwm=3072MB
RSS_SAMPLE t=1498.6s rss=3072MB hwm=3072MB
RSS_SAMPLE t=1498.9s rss=3072MB hwm=3072MB
RSS_SAMPLE t=1499.1s rss=3072MB hwm=3072MB
RSS_SAMPLE t=1499.4s rss=3072MB hwm=3072MB
RSS_SAMPLE t=1499.6s rss=3072MB hwm=3072MB
RSS_SAMPLE t=1499.9s rss=3072MB hwm=3072MB
RSS_SAMPLE t=1500.1s rss=3072MB hwm=3072MB
RSS_SAMPLE t=1500.4s rss=3072MB hwm=3072MB
RSS_SAMPLE t=1500.6s rss=3072MB hwm=3072MB
RSS_SAMPLE t=1500.9s rss=3072MB hwm=3072MB
RSS_SAMPLE t=1501.1s rss=3072MB hwm=3072MB
RSS_SAMPLE t=1501.4s rss=3072MB hwm=3072MB
RSS_SAMPLE t=1501.6s rss=3072MB hwm=3072MB
RSS_SAMPLE t=1501.9s rss=3072MB hwm=3072MB
RSS_SAMPLE t=1502.1s rss=3072MB hwm=3072MB
RSS_SAMPLE t=1502.4s rss=3072MB hwm=3072MB
RSS_SAMPLE t=1502.6s rss=3072MB hwm=3072MB
RSS_SAMPLE t=1502.9s rss=3072MB hwm=3072MB
RSS_SAMPLE t=1503.1s rss=3072MB hwm=3072MB
RSS_SAMPLE t=1503.4s rss=3072MB hwm=3072MB
RSS_SAMPLE t=1503.6s rss=3072MB hwm=3072MB
RSS_SAMPLE t=1503.9s rss=3072MB hwm=3072MB
RSS_SAMPLE t=1504.1s rss=3072MB hwm=3072MB
RSS_SAMPLE t=1504.4s rss=3072MB hwm=3072MB
RSS_SAMPLE t=1504.6s rss=3072MB hwm=3072MB
RSS_SAMPLE t=1504.9s rss=3072MB hwm=3072MB
RSS_SAMPLE t=1505.1s rss=3072MB hwm=3072MB
RSS_SAMPLE t=1505.4s rss=3072MB hwm=3072MB
RSS_SAMPLE t=1505.6s rss=3072MB hwm=3072MB
RSS_SAMPLE t=1505.9s rss=3072MB hwm=3072MB
RSS_SAMPLE t=1506.1s rss=3072MB hwm=3072MB
RSS_SAMPLE t=1506.4s rss=3072MB hwm=3072MB
RSS_SAMPLE t=1506.6s rss=3072MB hwm=3072MB
RSS_SAMPLE t=1506.9s rss=3072MB hwm=3072MB
RSS_SAMPLE t=1507.1s rss=3072MB hwm=3072MB
RSS_SAMPLE t=1507.4s rss=3072MB hwm=3072MB
RSS_SAMPLE t=1507.6s rss=3072MB hwm=3072MB
RSS_SAMPLE t=1507.9s rss=3072MB hwm=3072MB
RSS_SAMPLE t=1508.1s rss=3072MB hwm=3072MB
RSS_SAMPLE t=1508.4s rss=3072MB hwm=3072MB
RSS_SAMPLE t=1508.6s rss=3072MB hwm=3072MB
RSS_SAMPLE t=1508.9s rss=3072MB hwm=3072MB
RSS_SAMPLE t=1509.1s rss=3072MB hwm=3072MB
RSS_SAMPLE t=1509.4s rss=3072MB hwm=3072MB
RSS_SAMPLE t=1509.6s rss=3072MB hwm=3072MB
RSS_SAMPLE t=1509.9s rss=3072MB hwm=3072MB
RSS_SAMPLE t=1510.1s rss=3072MB hwm=3072MB
RSS_SAMPLE t=1510.4s rss=3072MB hwm=3072MB
RSS_SAMPLE t=1510.6s rss=3072MB hwm=3072MB
RSS_SAMPLE t=1510.9s rss=3072MB hwm=3072MB
RSS_SAMPLE t=1511.1s rss=3072MB hwm=3072MB
RSS_SAMPLE t=1511.4s rss=3072MB hwm=3072MB
RSS_SAMPLE t=1511.6s rss=3072MB hwm=3072MB
RSS_SAMPLE t=1511.9s rss=3072MB hwm=3072MB
RSS_SAMPLE t=1512.1s rss=3072MB hwm=3072MB
RSS_SAMPLE t=1512.4s rss=3072MB hwm=3072MB
RSS_SAMPLE t=1512.6s rss=3072MB hwm=3072MB
RSS_SAMPLE t=1512.9s rss=3072MB hwm=3072MB
RSS_SAMPLE t=1513.1s rss=3072MB hwm=3072MB
RSS_SAMPLE t=1513.4s rss=3072MB hwm=3072MB
RSS_SAMPLE t=1513.6s rss=3072MB hwm=3072MB
RSS_SAMPLE t=1513.9s rss=3072MB hwm=3072MB
RSS_SAMPLE t=1514.1s rss=3072MB hwm=3072MB
RSS_SAMPLE t=1514.4s rss=3072MB hwm=3072MB
RSS_SAMPLE t=1514.6s rss=3072MB hwm=3072MB
RSS_SAMPLE t=1514.9s rss=3072MB hwm=3072MB
RSS_SAMPLE t=1515.1s rss=3072MB hwm=3072MB
RSS_SAMPLE t=1515.4s rss=3072MB hwm=3072MB
RSS_SAMPLE t=1515.6s rss=3072MB hwm=3072MB
RSS_SAMPLE t=1515.9s rss=3072MB hwm=3072MB
RSS_SAMPLE t=1516.1s rss=3072MB hwm=3072MB
RSS_SAMPLE t=1516.4s rss=3072MB hwm=3072MB
RSS_SAMPLE t=1516.6s rss=3072MB hwm=3072MB
RSS_SAMPLE t=1516.9s rss=3072MB hwm=3072MB
RSS_SAMPLE t=1517.1s rss=3072MB hwm=3072MB
RSS_SAMPLE t=1517.4s rss=3072MB hwm=3072MB
RSS_SAMPLE t=1517.6s rss=3072MB hwm=3072MB
RSS_SAMPLE t=1517.9s rss=3072MB hwm=3072MB
RSS_SAMPLE t=1518.1s rss=3072MB hwm=3072MB
RSS_SAMPLE t=1518.4s rss=3072MB hwm=3072MB
RSS_SAMPLE t=1518.6s rss=3072MB hwm=3072MB
RSS_SAMPLE t=1518.9s rss=3072MB hwm=3072MB
RSS_SAMPLE t=1519.1s rss=3072MB hwm=3072MB
RSS_SAMPLE t=1519.4s rss=3072MB hwm=3072MB
RSS_SAMPLE t=1519.6s rss=3072MB hwm=3072MB
RSS_SAMPLE t=1519.9s rss=3072MB hwm=3072MB
RSS_SAMPLE t=1520.1s rss=3072MB hwm=3072MB
RSS_SAMPLE t=1520.4s rss=3072MB hwm=3072MB
RSS_SAMPLE t=1520.6s rss=3072MB hwm=3072MB
RSS_SAMPLE t=1520.9s rss=3072MB hwm=3072MB
RSS_SAMPLE t=1521.1s rss=3072MB hwm=3072MB
RSS_SAMPLE t=1521.4s rss=3072MB hwm=3072MB
RSS_SAMPLE t=1521.6s rss=3072MB hwm=3072MB
RSS_SAMPLE t=1521.9s rss=3072MB hwm=3072MB
RSS_SAMPLE t=1522.1s rss=3072MB hwm=3072MB
RSS_SAMPLE t=1522.4s rss=3072MB hwm=3072MB
RSS_SAMPLE t=1522.6s rss=3072MB hwm=3072MB
RSS_SAMPLE t=1522.9s rss=3072MB hwm=3072MB
RSS_SAMPLE t=1523.1s rss=3072MB hwm=3072MB
RSS_SAMPLE t=1523.4s rss=3072MB hwm=3072MB
RSS_SAMPLE t=1523.6s rss=3072MB hwm=3072MB
RSS_SAMPLE t=1523.9s rss=3072MB hwm=3072MB
RSS_SAMPLE t=1524.1s rss=3072MB hwm=3072MB
RSS_SAMPLE t=1524.4s rss=3072MB hwm=3072MB
RSS_SAMPLE t=1524.6s rss=3072MB hwm=3072MB
MEM_POOL: workspaces=8 dense_usage_mb=313 n_pipes=2562403
    rss_probe[outer=9]: pre_post_solve=3055MB post_post_solve=3072MB after_apply=3072MB
    E_decomp: base=6790011.4 eff=5339223536124.2 cong=5339216746112.8 cong_share=100.0% sat_pipes=107326 max_util=958.31  R_buckets: 1-2x=104493 2-10x=23951 10-100x=1174534 >=100x=1259425
    E_potential: beckmann=65621189473384.7 history_total=0.0
    SpanCache: epoch=10 entries=2077 lookups=2562403 hits=2560326 misses=2077 hit_rate=99.9%
  DCD   9: nets=105117 line=12904976 energy=6947413108.065 dE=-12067582678.179 friction=7535320.4 bins=2.0x(215) excess=63.6 moved=68164 disp=5.437 solves=105117 skip=105117 pops=618473444 theta=1.033 refresh=88772ms dcd=6864ms total=98233ms
    cache_stats: entries=57626785 capacity=113089192 est_mb=975 rss_mb=3072
RSS_SAMPLE t=1524.9s rss=3072MB hwm=3072MB
RSS_SAMPLE t=1525.1s rss=3072MB hwm=3072MB
RSS_SAMPLE t=1525.4s rss=3072MB hwm=3072MB
RSS_SAMPLE t=1525.6s rss=3072MB hwm=3072MB
RSS_SAMPLE t=1525.9s rss=3072MB hwm=3072MB
RSS_SAMPLE t=1526.1s rss=3072MB hwm=3072MB
RSS_SAMPLE t=1526.4s rss=3072MB hwm=3072MB
RSS_SAMPLE t=1526.6s rss=3072MB hwm=3072MB
RSS_SAMPLE t=1526.9s rss=3072MB hwm=3072MB
RSS_SAMPLE t=1527.1s rss=3072MB hwm=3072MB
    SwitchMatrix: type_usage_pairs=1016 lookups=2501 hits=1485 dijkstra_calls=1016 avg_us=9.6 total_ms=9.8
PHASE_MARK outer=10 enter=pre_solve rss=3072MB
    rss_probe[outer=10]: pre_refresh_rss=3072MB post_pre_solve_rss=3072MB cache_entries=57626785 cache_cap=113089192 cache_est_mb=975
    pre_solve_diag[outer=10]: solves=0 fallback=0 (0.0%) cap_armed=0 (0.0%) settle_avg=0 settle_max=0 init_count=59
    Overflow: over=98088 (3.8% of used) avg_excess=7.33 max_excess=2205.03 (nc=2229.03 cap=24 span=1)  excess_buckets: <=1=31393 1-5=42166 5-20=19160 >20=5369  by_cap: cap1=22097 cap2=72361 cap3-5=0 cap>5=3630  by_span: s1=526 s2-3=1882 s4-6=2152 s7-12=71246 s>12=22282  le1_cross: cap1=16994 cap2-5=14138 cap>5=261
    Congestion: pipes=2562403 used=2562403 congested(>50%)=208410 saturated(>90%)=107326 max_util=958.31 avg_util=0.2833
PHASE_MARK outer=10 enter=dcd_sweep rss=3072MB
RSS_SAMPLE t=1527.4s rss=3072MB hwm=3072MB
RSS_SAMPLE t=1527.6s rss=3072MB hwm=3072MB
RSS_SAMPLE t=1527.9s rss=3072MB hwm=3072MB
RSS_SAMPLE t=1528.1s rss=3072MB hwm=3072MB
RSS_SAMPLE t=1528.4s rss=3072MB hwm=3072MB
RSS_SAMPLE t=1528.6s rss=3072MB hwm=3072MB
RSS_SAMPLE t=1528.9s rss=3072MB hwm=3072MB
RSS_SAMPLE t=1529.1s rss=3072MB hwm=3072MB
RSS_SAMPLE t=1529.4s rss=3072MB hwm=3072MB
RSS_SAMPLE t=1529.6s rss=3072MB hwm=3072MB
RSS_SAMPLE t=1529.9s rss=3072MB hwm=3072MB
RSS_SAMPLE t=1530.1s rss=3072MB hwm=3072MB
RSS_SAMPLE t=1530.4s rss=3072MB hwm=3072MB
RSS_SAMPLE t=1530.6s rss=3072MB hwm=3072MB
RSS_SAMPLE t=1530.9s rss=3072MB hwm=3072MB
RSS_SAMPLE t=1531.1s rss=3072MB hwm=3072MB
RSS_SAMPLE t=1531.4s rss=3072MB hwm=3072MB
RSS_SAMPLE t=1531.6s rss=3072MB hwm=3072MB
RSS_SAMPLE t=1531.9s rss=3072MB hwm=3072MB
RSS_SAMPLE t=1532.1s rss=3072MB hwm=3072MB
RSS_SAMPLE t=1532.4s rss=3072MB hwm=3072MB
RSS_SAMPLE t=1532.6s rss=3072MB hwm=3072MB
RSS_SAMPLE t=1532.9s rss=3072MB hwm=3072MB
RSS_SAMPLE t=1533.1s rss=3072MB hwm=3072MB
RSS_SAMPLE t=1533.4s rss=3072MB hwm=3072MB
RSS_SAMPLE t=1533.6s rss=3072MB hwm=3072MB
RSS_SAMPLE t=1533.9s rss=3072MB hwm=3072MB
PHASE_MARK outer=10 leave=dcd_sweep rss=3072MB
PHASE_MARK outer=10 enter=post_refresh rss=3072MB
RSS_SAMPLE t=1534.1s rss=3072MB hwm=3072MB
RSS_SAMPLE t=1534.4s rss=3072MB hwm=3072MB
RSS_SAMPLE t=1534.6s rss=3072MB hwm=3072MB
RSS_SAMPLE t=1534.9s rss=3072MB hwm=3072MB
RSS_SAMPLE t=1535.1s rss=3072MB hwm=3072MB
RSS_SAMPLE t=1535.4s rss=3072MB hwm=3072MB
RSS_SAMPLE t=1535.6s rss=3072MB hwm=3072MB
RSS_SAMPLE t=1535.9s rss=3072MB hwm=3072MB
RSS_SAMPLE t=1536.1s rss=3072MB hwm=3072MB
RSS_SAMPLE t=1536.4s rss=3072MB hwm=3072MB
RSS_SAMPLE t=1536.6s rss=3072MB hwm=3072MB
RSS_SAMPLE t=1536.9s rss=3072MB hwm=3072MB
RSS_SAMPLE t=1537.1s rss=3072MB hwm=3072MB
RSS_SAMPLE t=1537.4s rss=3072MB hwm=3072MB
RSS_SAMPLE t=1537.6s rss=3072MB hwm=3072MB
RSS_SAMPLE t=1537.9s rss=3072MB hwm=3072MB
RSS_SAMPLE t=1538.1s rss=3072MB hwm=3072MB
RSS_SAMPLE t=1538.4s rss=3072MB hwm=3072MB
RSS_SAMPLE t=1538.6s rss=3072MB hwm=3072MB
RSS_SAMPLE t=1538.9s rss=3072MB hwm=3072MB
RSS_SAMPLE t=1539.1s rss=3072MB hwm=3072MB
RSS_SAMPLE t=1539.4s rss=3072MB hwm=3072MB
RSS_SAMPLE t=1539.6s rss=3072MB hwm=3072MB
RSS_SAMPLE t=1539.9s rss=3072MB hwm=3072MB
RSS_SAMPLE t=1540.1s rss=3072MB hwm=3072MB
RSS_SAMPLE t=1540.4s rss=3072MB hwm=3072MB
RSS_SAMPLE t=1540.6s rss=3072MB hwm=3072MB
RSS_SAMPLE t=1540.9s rss=3072MB hwm=3072MB
RSS_SAMPLE t=1541.1s rss=3072MB hwm=3072MB
RSS_SAMPLE t=1541.4s rss=3072MB hwm=3072MB
RSS_SAMPLE t=1541.6s rss=3072MB hwm=3072MB
RSS_SAMPLE t=1541.9s rss=3072MB hwm=3072MB
RSS_SAMPLE t=1542.1s rss=3072MB hwm=3072MB
RSS_SAMPLE t=1542.4s rss=3072MB hwm=3072MB
RSS_SAMPLE t=1542.6s rss=3072MB hwm=3072MB
RSS_SAMPLE t=1542.9s rss=3072MB hwm=3072MB
RSS_SAMPLE t=1543.1s rss=3072MB hwm=3072MB
RSS_SAMPLE t=1543.4s rss=3072MB hwm=3072MB
RSS_SAMPLE t=1543.6s rss=3072MB hwm=3072MB
RSS_SAMPLE t=1543.9s rss=3072MB hwm=3072MB
RSS_SAMPLE t=1544.1s rss=3072MB hwm=3072MB
RSS_SAMPLE t=1544.4s rss=3072MB hwm=3072MB
RSS_SAMPLE t=1544.6s rss=3072MB hwm=3072MB
RSS_SAMPLE t=1544.9s rss=3072MB hwm=3072MB
RSS_SAMPLE t=1545.1s rss=3072MB hwm=3072MB
RSS_SAMPLE t=1545.4s rss=3072MB hwm=3072MB
RSS_SAMPLE t=1545.6s rss=3072MB hwm=3072MB
RSS_SAMPLE t=1545.9s rss=3072MB hwm=3072MB
RSS_SAMPLE t=1546.2s rss=3072MB hwm=3072MB
RSS_SAMPLE t=1546.4s rss=3072MB hwm=3072MB
RSS_SAMPLE t=1546.7s rss=3072MB hwm=3072MB
RSS_SAMPLE t=1546.9s rss=3072MB hwm=3072MB
RSS_SAMPLE t=1547.2s rss=3072MB hwm=3072MB
RSS_SAMPLE t=1547.4s rss=3072MB hwm=3072MB
RSS_SAMPLE t=1547.7s rss=3072MB hwm=3072MB
RSS_SAMPLE t=1547.9s rss=3072MB hwm=3072MB
RSS_SAMPLE t=1548.2s rss=3072MB hwm=3072MB
RSS_SAMPLE t=1548.4s rss=3072MB hwm=3072MB
RSS_SAMPLE t=1548.7s rss=3072MB hwm=3072MB
RSS_SAMPLE t=1548.9s rss=3072MB hwm=3072MB
RSS_SAMPLE t=1549.2s rss=3072MB hwm=3072MB
RSS_SAMPLE t=1549.4s rss=3073MB hwm=3073MB
RSS_SAMPLE t=1549.7s rss=3073MB hwm=3073MB
RSS_SAMPLE t=1549.9s rss=3073MB hwm=3073MB
RSS_SAMPLE t=1550.2s rss=3073MB hwm=3073MB
RSS_SAMPLE t=1550.4s rss=3073MB hwm=3073MB
RSS_SAMPLE t=1550.7s rss=3073MB hwm=3073MB
RSS_SAMPLE t=1550.9s rss=3073MB hwm=3073MB
RSS_SAMPLE t=1551.2s rss=3073MB hwm=3073MB
RSS_SAMPLE t=1551.4s rss=3074MB hwm=3074MB
RSS_SAMPLE t=1551.7s rss=3074MB hwm=3074MB
RSS_SAMPLE t=1551.9s rss=3074MB hwm=3074MB
RSS_SAMPLE t=1552.2s rss=3074MB hwm=3074MB
RSS_SAMPLE t=1552.4s rss=3074MB hwm=3074MB
RSS_SAMPLE t=1552.7s rss=3074MB hwm=3074MB
RSS_SAMPLE t=1552.9s rss=3074MB hwm=3074MB
RSS_SAMPLE t=1553.2s rss=3074MB hwm=3074MB
RSS_SAMPLE t=1553.4s rss=3074MB hwm=3074MB
RSS_SAMPLE t=1553.7s rss=3075MB hwm=3075MB
RSS_SAMPLE t=1553.9s rss=3075MB hwm=3075MB
RSS_SAMPLE t=1554.2s rss=3075MB hwm=3075MB
RSS_SAMPLE t=1554.4s rss=3075MB hwm=3075MB
RSS_SAMPLE t=1554.7s rss=3075MB hwm=3075MB
RSS_SAMPLE t=1554.9s rss=3076MB hwm=3076MB
RSS_SAMPLE t=1555.2s rss=3076MB hwm=3076MB
RSS_SAMPLE t=1555.4s rss=3076MB hwm=3076MB
RSS_SAMPLE t=1555.7s rss=3076MB hwm=3076MB
RSS_SAMPLE t=1555.9s rss=3076MB hwm=3076MB
RSS_SAMPLE t=1556.2s rss=3077MB hwm=3077MB
RSS_SAMPLE t=1556.4s rss=3077MB hwm=3077MB
RSS_SAMPLE t=1556.7s rss=3077MB hwm=3077MB
RSS_SAMPLE t=1556.9s rss=3077MB hwm=3077MB
RSS_SAMPLE t=1557.2s rss=3077MB hwm=3077MB
RSS_SAMPLE t=1557.4s rss=3077MB hwm=3077MB
RSS_SAMPLE t=1557.7s rss=3077MB hwm=3077MB
RSS_SAMPLE t=1557.9s rss=3077MB hwm=3077MB
RSS_SAMPLE t=1558.2s rss=3077MB hwm=3077MB
RSS_SAMPLE t=1558.4s rss=3077MB hwm=3077MB
RSS_SAMPLE t=1558.7s rss=3078MB hwm=3078MB
RSS_SAMPLE t=1558.9s rss=3078MB hwm=3078MB
RSS_SAMPLE t=1559.2s rss=3078MB hwm=3078MB
RSS_SAMPLE t=1559.4s rss=3078MB hwm=3078MB
RSS_SAMPLE t=1559.7s rss=3078MB hwm=3078MB
RSS_SAMPLE t=1559.9s rss=3078MB hwm=3078MB
RSS_SAMPLE t=1560.2s rss=3078MB hwm=3078MB
RSS_SAMPLE t=1560.4s rss=3078MB hwm=3078MB
RSS_SAMPLE t=1560.7s rss=3078MB hwm=3078MB
RSS_SAMPLE t=1560.9s rss=3079MB hwm=3079MB
RSS_SAMPLE t=1561.2s rss=3079MB hwm=3079MB
RSS_SAMPLE t=1561.4s rss=3079MB hwm=3079MB
RSS_SAMPLE t=1561.7s rss=3079MB hwm=3079MB
RSS_SAMPLE t=1561.9s rss=3079MB hwm=3079MB
RSS_SAMPLE t=1562.2s rss=3079MB hwm=3079MB
RSS_SAMPLE t=1562.4s rss=3079MB hwm=3079MB
RSS_SAMPLE t=1562.7s rss=3079MB hwm=3079MB
RSS_SAMPLE t=1562.9s rss=3080MB hwm=3080MB
RSS_SAMPLE t=1563.2s rss=3080MB hwm=3080MB
RSS_SAMPLE t=1563.4s rss=3080MB hwm=3080MB
RSS_SAMPLE t=1563.7s rss=3080MB hwm=3080MB
RSS_SAMPLE t=1563.9s rss=3080MB hwm=3080MB
RSS_SAMPLE t=1564.2s rss=3081MB hwm=3081MB
RSS_SAMPLE t=1564.4s rss=3081MB hwm=3081MB
RSS_SAMPLE t=1564.7s rss=3081MB hwm=3081MB
RSS_SAMPLE t=1564.9s rss=3081MB hwm=3081MB
RSS_SAMPLE t=1565.2s rss=3081MB hwm=3081MB
RSS_SAMPLE t=1565.4s rss=3081MB hwm=3081MB
RSS_SAMPLE t=1565.7s rss=3081MB hwm=3081MB
RSS_SAMPLE t=1565.9s rss=3081MB hwm=3081MB
RSS_SAMPLE t=1566.2s rss=3082MB hwm=3082MB
RSS_SAMPLE t=1566.4s rss=3082MB hwm=3082MB
RSS_SAMPLE t=1566.7s rss=3082MB hwm=3082MB
RSS_SAMPLE t=1566.9s rss=3082MB hwm=3082MB
RSS_SAMPLE t=1567.2s rss=3082MB hwm=3082MB
RSS_SAMPLE t=1567.4s rss=3083MB hwm=3083MB
RSS_SAMPLE t=1567.7s rss=3083MB hwm=3083MB
RSS_SAMPLE t=1567.9s rss=3083MB hwm=3083MB
RSS_SAMPLE t=1568.2s rss=3083MB hwm=3083MB
RSS_SAMPLE t=1568.4s rss=3083MB hwm=3083MB
RSS_SAMPLE t=1568.7s rss=3083MB hwm=3083MB
RSS_SAMPLE t=1568.9s rss=3083MB hwm=3083MB
RSS_SAMPLE t=1569.2s rss=3083MB hwm=3083MB
RSS_SAMPLE t=1569.4s rss=3083MB hwm=3083MB
RSS_SAMPLE t=1569.7s rss=3083MB hwm=3083MB
RSS_SAMPLE t=1569.9s rss=3083MB hwm=3083MB
RSS_SAMPLE t=1570.2s rss=3084MB hwm=3084MB
RSS_SAMPLE t=1570.4s rss=3084MB hwm=3084MB
RSS_SAMPLE t=1570.7s rss=3084MB hwm=3084MB
RSS_SAMPLE t=1570.9s rss=3084MB hwm=3084MB
RSS_SAMPLE t=1571.2s rss=3084MB hwm=3084MB
RSS_SAMPLE t=1571.4s rss=3084MB hwm=3084MB
RSS_SAMPLE t=1571.7s rss=3084MB hwm=3084MB
RSS_SAMPLE t=1571.9s rss=3085MB hwm=3085MB
RSS_SAMPLE t=1572.2s rss=3085MB hwm=3085MB
RSS_SAMPLE t=1572.4s rss=3085MB hwm=3085MB
RSS_SAMPLE t=1572.7s rss=3085MB hwm=3085MB
RSS_SAMPLE t=1572.9s rss=3086MB hwm=3086MB
RSS_SAMPLE t=1573.2s rss=3086MB hwm=3086MB
RSS_SAMPLE t=1573.4s rss=3086MB hwm=3086MB
RSS_SAMPLE t=1573.7s rss=3087MB hwm=3087MB
RSS_SAMPLE t=1573.9s rss=3087MB hwm=3087MB
RSS_SAMPLE t=1574.2s rss=3087MB hwm=3087MB
RSS_SAMPLE t=1574.4s rss=3087MB hwm=3087MB
RSS_SAMPLE t=1574.7s rss=3088MB hwm=3088MB
RSS_SAMPLE t=1574.9s rss=3088MB hwm=3088MB
RSS_SAMPLE t=1575.2s rss=3088MB hwm=3088MB
RSS_SAMPLE t=1575.4s rss=3088MB hwm=3088MB
RSS_SAMPLE t=1575.7s rss=3088MB hwm=3088MB
RSS_SAMPLE t=1575.9s rss=3089MB hwm=3089MB
RSS_SAMPLE t=1576.2s rss=3089MB hwm=3089MB
RSS_SAMPLE t=1576.4s rss=3089MB hwm=3089MB
RSS_SAMPLE t=1576.7s rss=3089MB hwm=3089MB
RSS_SAMPLE t=1576.9s rss=3089MB hwm=3089MB
RSS_SAMPLE t=1577.2s rss=3089MB hwm=3089MB
RSS_SAMPLE t=1577.4s rss=3089MB hwm=3089MB
RSS_SAMPLE t=1577.7s rss=3090MB hwm=3090MB
RSS_SAMPLE t=1577.9s rss=3090MB hwm=3090MB
RSS_SAMPLE t=1578.2s rss=3090MB hwm=3090MB
RSS_SAMPLE t=1578.4s rss=3090MB hwm=3090MB
RSS_SAMPLE t=1578.7s rss=3090MB hwm=3090MB
RSS_SAMPLE t=1578.9s rss=3090MB hwm=3090MB
RSS_SAMPLE t=1579.2s rss=3091MB hwm=3091MB
RSS_SAMPLE t=1579.4s rss=3091MB hwm=3091MB
RSS_SAMPLE t=1579.7s rss=3091MB hwm=3091MB
RSS_SAMPLE t=1579.9s rss=3091MB hwm=3091MB
RSS_SAMPLE t=1580.2s rss=3091MB hwm=3091MB
RSS_SAMPLE t=1580.4s rss=3091MB hwm=3091MB
RSS_SAMPLE t=1580.7s rss=3092MB hwm=3092MB
RSS_SAMPLE t=1580.9s rss=3092MB hwm=3092MB
RSS_SAMPLE t=1581.2s rss=3092MB hwm=3092MB
RSS_SAMPLE t=1581.4s rss=3092MB hwm=3092MB
RSS_SAMPLE t=1581.7s rss=3092MB hwm=3092MB
RSS_SAMPLE t=1581.9s rss=3092MB hwm=3092MB
RSS_SAMPLE t=1582.2s rss=3092MB hwm=3092MB
RSS_SAMPLE t=1582.4s rss=3092MB hwm=3092MB
RSS_SAMPLE t=1582.7s rss=3093MB hwm=3093MB
RSS_SAMPLE t=1582.9s rss=3093MB hwm=3093MB
RSS_SAMPLE t=1583.2s rss=3093MB hwm=3093MB
RSS_SAMPLE t=1583.4s rss=3093MB hwm=3093MB
RSS_SAMPLE t=1583.7s rss=3093MB hwm=3093MB
RSS_SAMPLE t=1583.9s rss=3093MB hwm=3093MB
RSS_SAMPLE t=1584.2s rss=3093MB hwm=3093MB
RSS_SAMPLE t=1584.4s rss=3093MB hwm=3093MB
RSS_SAMPLE t=1584.7s rss=3093MB hwm=3093MB
RSS_SAMPLE t=1584.9s rss=3093MB hwm=3093MB
RSS_SAMPLE t=1585.2s rss=3093MB hwm=3093MB
RSS_SAMPLE t=1585.4s rss=3093MB hwm=3093MB
RSS_SAMPLE t=1585.7s rss=3093MB hwm=3093MB
RSS_SAMPLE t=1585.9s rss=3093MB hwm=3093MB
RSS_SAMPLE t=1586.2s rss=3093MB hwm=3093MB
RSS_SAMPLE t=1586.4s rss=3093MB hwm=3093MB
RSS_SAMPLE t=1586.7s rss=3093MB hwm=3093MB
RSS_SAMPLE t=1586.9s rss=3093MB hwm=3093MB
RSS_SAMPLE t=1587.2s rss=3093MB hwm=3093MB
RSS_SAMPLE t=1587.4s rss=3093MB hwm=3093MB
RSS_SAMPLE t=1587.7s rss=3093MB hwm=3093MB
RSS_SAMPLE t=1587.9s rss=3093MB hwm=3093MB
RSS_SAMPLE t=1588.2s rss=3093MB hwm=3093MB
RSS_SAMPLE t=1588.4s rss=3093MB hwm=3093MB
RSS_SAMPLE t=1588.7s rss=3093MB hwm=3093MB
RSS_SAMPLE t=1588.9s rss=3093MB hwm=3093MB
RSS_SAMPLE t=1589.2s rss=3093MB hwm=3093MB
RSS_SAMPLE t=1589.4s rss=3094MB hwm=3094MB
RSS_SAMPLE t=1589.7s rss=3094MB hwm=3094MB
RSS_SAMPLE t=1589.9s rss=3094MB hwm=3094MB
RSS_SAMPLE t=1590.2s rss=3094MB hwm=3094MB
RSS_SAMPLE t=1590.4s rss=3094MB hwm=3094MB
RSS_SAMPLE t=1590.7s rss=3094MB hwm=3094MB
RSS_SAMPLE t=1590.9s rss=3095MB hwm=3095MB
RSS_SAMPLE t=1591.2s rss=3095MB hwm=3095MB
RSS_SAMPLE t=1591.4s rss=3095MB hwm=3095MB
RSS_SAMPLE t=1591.7s rss=3095MB hwm=3095MB
RSS_SAMPLE t=1591.9s rss=3095MB hwm=3095MB
RSS_SAMPLE t=1592.2s rss=3095MB hwm=3095MB
RSS_SAMPLE t=1592.4s rss=3096MB hwm=3096MB
RSS_SAMPLE t=1592.7s rss=3096MB hwm=3096MB
RSS_SAMPLE t=1592.9s rss=3096MB hwm=3096MB
RSS_SAMPLE t=1593.2s rss=3096MB hwm=3096MB
RSS_SAMPLE t=1593.4s rss=3096MB hwm=3096MB
RSS_SAMPLE t=1593.7s rss=3097MB hwm=3097MB
RSS_SAMPLE t=1593.9s rss=3097MB hwm=3097MB
RSS_SAMPLE t=1594.2s rss=3097MB hwm=3097MB
RSS_SAMPLE t=1594.4s rss=3097MB hwm=3097MB
RSS_SAMPLE t=1594.7s rss=3097MB hwm=3097MB
RSS_SAMPLE t=1594.9s rss=3097MB hwm=3097MB
RSS_SAMPLE t=1595.2s rss=3098MB hwm=3098MB
RSS_SAMPLE t=1595.4s rss=3098MB hwm=3098MB
RSS_SAMPLE t=1595.7s rss=3098MB hwm=3098MB
RSS_SAMPLE t=1595.9s rss=3098MB hwm=3098MB
RSS_SAMPLE t=1596.2s rss=3098MB hwm=3098MB
RSS_SAMPLE t=1596.4s rss=3098MB hwm=3098MB
RSS_SAMPLE t=1596.7s rss=3098MB hwm=3098MB
RSS_SAMPLE t=1596.9s rss=3098MB hwm=3098MB
RSS_SAMPLE t=1597.2s rss=3098MB hwm=3098MB
RSS_SAMPLE t=1597.4s rss=3099MB hwm=3099MB
RSS_SAMPLE t=1597.7s rss=3099MB hwm=3099MB
RSS_SAMPLE t=1597.9s rss=3099MB hwm=3099MB
RSS_SAMPLE t=1598.2s rss=3099MB hwm=3099MB
RSS_SAMPLE t=1598.4s rss=3099MB hwm=3099MB
RSS_SAMPLE t=1598.7s rss=3099MB hwm=3099MB
RSS_SAMPLE t=1598.9s rss=3100MB hwm=3100MB
RSS_SAMPLE t=1599.2s rss=3100MB hwm=3100MB
RSS_SAMPLE t=1599.4s rss=3100MB hwm=3100MB
RSS_SAMPLE t=1599.7s rss=3100MB hwm=3100MB
RSS_SAMPLE t=1599.9s rss=3100MB hwm=3100MB
RSS_SAMPLE t=1600.2s rss=3100MB hwm=3100MB
RSS_SAMPLE t=1600.4s rss=3100MB hwm=3100MB
RSS_SAMPLE t=1600.7s rss=3100MB hwm=3100MB
RSS_SAMPLE t=1600.9s rss=3101MB hwm=3101MB
RSS_SAMPLE t=1601.2s rss=3101MB hwm=3101MB
RSS_SAMPLE t=1601.4s rss=3101MB hwm=3101MB
RSS_SAMPLE t=1601.7s rss=3101MB hwm=3101MB
RSS_SAMPLE t=1601.9s rss=3101MB hwm=3101MB
RSS_SAMPLE t=1602.2s rss=3101MB hwm=3101MB
RSS_SAMPLE t=1602.4s rss=3101MB hwm=3101MB
RSS_SAMPLE t=1602.7s rss=3102MB hwm=3102MB
RSS_SAMPLE t=1602.9s rss=3102MB hwm=3102MB
RSS_SAMPLE t=1603.2s rss=3102MB hwm=3102MB
RSS_SAMPLE t=1603.4s rss=3102MB hwm=3102MB
RSS_SAMPLE t=1603.7s rss=3102MB hwm=3102MB
RSS_SAMPLE t=1603.9s rss=3102MB hwm=3102MB
RSS_SAMPLE t=1604.2s rss=3102MB hwm=3102MB
RSS_SAMPLE t=1604.4s rss=3102MB hwm=3102MB
RSS_SAMPLE t=1604.7s rss=3102MB hwm=3102MB
RSS_SAMPLE t=1604.9s rss=3102MB hwm=3102MB
RSS_SAMPLE t=1605.2s rss=3102MB hwm=3102MB
RSS_SAMPLE t=1605.4s rss=3103MB hwm=3103MB
RSS_SAMPLE t=1605.7s rss=3103MB hwm=3103MB
RSS_SAMPLE t=1605.9s rss=3103MB hwm=3103MB
RSS_SAMPLE t=1606.2s rss=3103MB hwm=3103MB
RSS_SAMPLE t=1606.4s rss=3103MB hwm=3103MB
RSS_SAMPLE t=1606.7s rss=3103MB hwm=3103MB
RSS_SAMPLE t=1606.9s rss=3103MB hwm=3103MB
RSS_SAMPLE t=1607.2s rss=3104MB hwm=3104MB
RSS_SAMPLE t=1607.4s rss=3104MB hwm=3104MB
RSS_SAMPLE t=1607.7s rss=3104MB hwm=3104MB
RSS_SAMPLE t=1607.9s rss=3104MB hwm=3104MB
RSS_SAMPLE t=1608.2s rss=3104MB hwm=3104MB
RSS_SAMPLE t=1608.4s rss=3104MB hwm=3104MB
RSS_SAMPLE t=1608.7s rss=3104MB hwm=3104MB
RSS_SAMPLE t=1608.9s rss=3104MB hwm=3104MB
RSS_SAMPLE t=1609.2s rss=3104MB hwm=3104MB
RSS_SAMPLE t=1609.4s rss=3104MB hwm=3104MB
RSS_SAMPLE t=1609.7s rss=3104MB hwm=3104MB
RSS_SAMPLE t=1609.9s rss=3104MB hwm=3104MB
RSS_SAMPLE t=1610.2s rss=3104MB hwm=3104MB
RSS_SAMPLE t=1610.4s rss=3104MB hwm=3104MB
RSS_SAMPLE t=1610.7s rss=3104MB hwm=3104MB
RSS_SAMPLE t=1610.9s rss=3104MB hwm=3104MB
RSS_SAMPLE t=1611.2s rss=3104MB hwm=3104MB
RSS_SAMPLE t=1611.4s rss=3104MB hwm=3104MB
RSS_SAMPLE t=1611.7s rss=3104MB hwm=3104MB
RSS_SAMPLE t=1611.9s rss=3104MB hwm=3104MB
RSS_SAMPLE t=1612.2s rss=3104MB hwm=3104MB
RSS_SAMPLE t=1612.4s rss=3104MB hwm=3104MB
RSS_SAMPLE t=1612.7s rss=3104MB hwm=3104MB
RSS_SAMPLE t=1612.9s rss=3104MB hwm=3104MB
RSS_SAMPLE t=1613.2s rss=3104MB hwm=3104MB
RSS_SAMPLE t=1613.4s rss=3104MB hwm=3104MB
RSS_SAMPLE t=1613.7s rss=3104MB hwm=3104MB
RSS_SAMPLE t=1613.9s rss=3104MB hwm=3104MB
RSS_SAMPLE t=1614.2s rss=3104MB hwm=3104MB
RSS_SAMPLE t=1614.4s rss=3104MB hwm=3104MB
RSS_SAMPLE t=1614.7s rss=3104MB hwm=3104MB
RSS_SAMPLE t=1614.9s rss=3104MB hwm=3104MB
RSS_SAMPLE t=1615.2s rss=3104MB hwm=3104MB
RSS_SAMPLE t=1615.4s rss=3104MB hwm=3104MB
RSS_SAMPLE t=1615.7s rss=3104MB hwm=3104MB
RSS_SAMPLE t=1615.9s rss=3104MB hwm=3104MB
RSS_SAMPLE t=1616.2s rss=3104MB hwm=3104MB
RSS_SAMPLE t=1616.4s rss=3104MB hwm=3104MB
RSS_SAMPLE t=1616.7s rss=3104MB hwm=3104MB
RSS_SAMPLE t=1616.9s rss=3104MB hwm=3104MB
RSS_SAMPLE t=1617.2s rss=3104MB hwm=3104MB
RSS_SAMPLE t=1617.4s rss=3104MB hwm=3104MB
RSS_SAMPLE t=1617.7s rss=3104MB hwm=3104MB
RSS_SAMPLE t=1617.9s rss=3104MB hwm=3104MB
RSS_SAMPLE t=1618.2s rss=3104MB hwm=3104MB
RSS_SAMPLE t=1618.4s rss=3104MB hwm=3104MB
RSS_SAMPLE t=1618.7s rss=3104MB hwm=3104MB
RSS_SAMPLE t=1618.9s rss=3104MB hwm=3104MB
RSS_SAMPLE t=1619.2s rss=3104MB hwm=3104MB
RSS_SAMPLE t=1619.4s rss=3104MB hwm=3104MB
RSS_SAMPLE t=1619.7s rss=3104MB hwm=3104MB
RSS_SAMPLE t=1619.9s rss=3104MB hwm=3104MB
RSS_SAMPLE t=1620.2s rss=3104MB hwm=3104MB
RSS_SAMPLE t=1620.4s rss=3104MB hwm=3104MB
RSS_SAMPLE t=1620.7s rss=3104MB hwm=3104MB
RSS_SAMPLE t=1620.9s rss=3104MB hwm=3104MB
RSS_SAMPLE t=1621.2s rss=3104MB hwm=3104MB
RSS_SAMPLE t=1621.4s rss=3104MB hwm=3104MB
RSS_SAMPLE t=1621.7s rss=3104MB hwm=3104MB
RSS_SAMPLE t=1621.9s rss=3104MB hwm=3104MB
RSS_SAMPLE t=1622.2s rss=3104MB hwm=3104MB
RSS_SAMPLE t=1622.4s rss=3104MB hwm=3104MB
RSS_SAMPLE t=1622.7s rss=3104MB hwm=3104MB
RSS_SAMPLE t=1622.9s rss=3104MB hwm=3104MB
RSS_SAMPLE t=1623.2s rss=3104MB hwm=3104MB
RSS_SAMPLE t=1623.4s rss=3104MB hwm=3104MB
RSS_SAMPLE t=1623.7s rss=3104MB hwm=3104MB
RSS_SAMPLE t=1623.9s rss=3104MB hwm=3104MB
RSS_SAMPLE t=1624.2s rss=3104MB hwm=3104MB
RSS_SAMPLE t=1624.4s rss=3104MB hwm=3104MB
RSS_SAMPLE t=1624.7s rss=3104MB hwm=3104MB
RSS_SAMPLE t=1624.9s rss=3104MB hwm=3104MB
RSS_SAMPLE t=1625.2s rss=3104MB hwm=3104MB
RSS_SAMPLE t=1625.4s rss=3104MB hwm=3104MB
RSS_SAMPLE t=1625.7s rss=3104MB hwm=3104MB
RSS_SAMPLE t=1625.9s rss=3104MB hwm=3104MB
RSS_SAMPLE t=1626.2s rss=3104MB hwm=3104MB
RSS_SAMPLE t=1626.4s rss=3104MB hwm=3104MB
RSS_SAMPLE t=1626.7s rss=3104MB hwm=3104MB
RSS_SAMPLE t=1626.9s rss=3104MB hwm=3104MB
RSS_SAMPLE t=1627.2s rss=3104MB hwm=3104MB
RSS_SAMPLE t=1627.4s rss=3104MB hwm=3104MB
RSS_SAMPLE t=1627.7s rss=3104MB hwm=3104MB
RSS_SAMPLE t=1627.9s rss=3104MB hwm=3104MB
RSS_SAMPLE t=1628.2s rss=3105MB hwm=3105MB
RSS_SAMPLE t=1628.4s rss=3105MB hwm=3105MB
RSS_SAMPLE t=1628.7s rss=3105MB hwm=3105MB
RSS_SAMPLE t=1628.9s rss=3105MB hwm=3105MB
RSS_SAMPLE t=1629.2s rss=3105MB hwm=3105MB
RSS_SAMPLE t=1629.4s rss=3105MB hwm=3105MB
RSS_SAMPLE t=1629.7s rss=3105MB hwm=3105MB
RSS_SAMPLE t=1629.9s rss=3105MB hwm=3105MB
RSS_SAMPLE t=1630.2s rss=3105MB hwm=3105MB
RSS_SAMPLE t=1630.4s rss=3105MB hwm=3105MB
RSS_SAMPLE t=1630.7s rss=3105MB hwm=3105MB
RSS_SAMPLE t=1630.9s rss=3105MB hwm=3105MB
RSS_SAMPLE t=1631.2s rss=3105MB hwm=3105MB
RSS_SAMPLE t=1631.4s rss=3105MB hwm=3105MB
RSS_SAMPLE t=1631.7s rss=3105MB hwm=3105MB
RSS_SAMPLE t=1631.9s rss=3105MB hwm=3105MB
RSS_SAMPLE t=1632.2s rss=3105MB hwm=3105MB
RSS_SAMPLE t=1632.4s rss=3105MB hwm=3105MB
RSS_SAMPLE t=1632.7s rss=3105MB hwm=3105MB
RSS_SAMPLE t=1632.9s rss=3105MB hwm=3105MB
RSS_SAMPLE t=1633.2s rss=3105MB hwm=3105MB
RSS_SAMPLE t=1633.4s rss=3105MB hwm=3105MB
RSS_SAMPLE t=1633.7s rss=3105MB hwm=3105MB
RSS_SAMPLE t=1633.9s rss=3105MB hwm=3105MB
RSS_SAMPLE t=1634.2s rss=3105MB hwm=3105MB
RSS_SAMPLE t=1634.4s rss=3105MB hwm=3105MB
RSS_SAMPLE t=1634.7s rss=3105MB hwm=3105MB
RSS_SAMPLE t=1634.9s rss=3105MB hwm=3105MB
RSS_SAMPLE t=1635.2s rss=3105MB hwm=3105MB
RSS_SAMPLE t=1635.4s rss=3105MB hwm=3105MB
RSS_SAMPLE t=1635.7s rss=3105MB hwm=3105MB
RSS_SAMPLE t=1635.9s rss=3105MB hwm=3105MB
RSS_SAMPLE t=1636.2s rss=3105MB hwm=3105MB
RSS_SAMPLE t=1636.4s rss=3105MB hwm=3105MB
RSS_SAMPLE t=1636.7s rss=3105MB hwm=3105MB
RSS_SAMPLE t=1636.9s rss=3105MB hwm=3105MB
RSS_SAMPLE t=1637.2s rss=3105MB hwm=3105MB
RSS_SAMPLE t=1637.4s rss=3105MB hwm=3105MB
RSS_SAMPLE t=1637.7s rss=3105MB hwm=3105MB
RSS_SAMPLE t=1637.9s rss=3105MB hwm=3105MB
RSS_SAMPLE t=1638.2s rss=3105MB hwm=3105MB
RSS_SAMPLE t=1638.4s rss=3105MB hwm=3105MB
RSS_SAMPLE t=1638.7s rss=3105MB hwm=3105MB
RSS_SAMPLE t=1638.9s rss=3105MB hwm=3105MB
RSS_SAMPLE t=1639.2s rss=3105MB hwm=3105MB
RSS_SAMPLE t=1639.4s rss=3105MB hwm=3105MB
RSS_SAMPLE t=1639.7s rss=3105MB hwm=3105MB
RSS_SAMPLE t=1639.9s rss=3105MB hwm=3105MB
RSS_SAMPLE t=1640.2s rss=3105MB hwm=3105MB
RSS_SAMPLE t=1640.4s rss=3105MB hwm=3105MB
RSS_SAMPLE t=1640.7s rss=3105MB hwm=3105MB
RSS_SAMPLE t=1640.9s rss=3105MB hwm=3105MB
RSS_SAMPLE t=1641.2s rss=3105MB hwm=3105MB
RSS_SAMPLE t=1641.5s rss=3105MB hwm=3105MB
RSS_SAMPLE t=1641.7s rss=3105MB hwm=3105MB
RSS_SAMPLE t=1642.0s rss=3105MB hwm=3105MB
RSS_SAMPLE t=1642.2s rss=3105MB hwm=3105MB
RSS_SAMPLE t=1642.5s rss=3105MB hwm=3105MB
RSS_SAMPLE t=1642.7s rss=3105MB hwm=3105MB
RSS_SAMPLE t=1643.0s rss=3105MB hwm=3105MB
RSS_SAMPLE t=1643.2s rss=3105MB hwm=3105MB
RSS_SAMPLE t=1643.5s rss=3105MB hwm=3105MB
RSS_SAMPLE t=1643.7s rss=3105MB hwm=3105MB
RSS_SAMPLE t=1644.0s rss=3105MB hwm=3105MB
RSS_SAMPLE t=1644.2s rss=3105MB hwm=3105MB
RSS_SAMPLE t=1644.5s rss=3105MB hwm=3105MB
RSS_SAMPLE t=1644.7s rss=3105MB hwm=3105MB
RSS_SAMPLE t=1645.0s rss=3105MB hwm=3105MB
RSS_SAMPLE t=1645.2s rss=3105MB hwm=3105MB
RSS_SAMPLE t=1645.5s rss=3105MB hwm=3105MB
RSS_SAMPLE t=1645.7s rss=3105MB hwm=3105MB
RSS_SAMPLE t=1646.0s rss=3105MB hwm=3105MB
RSS_SAMPLE t=1646.2s rss=3105MB hwm=3105MB
RSS_SAMPLE t=1646.5s rss=3105MB hwm=3105MB
RSS_SAMPLE t=1646.7s rss=3105MB hwm=3105MB
RSS_SAMPLE t=1647.0s rss=3105MB hwm=3105MB
RSS_SAMPLE t=1647.2s rss=3105MB hwm=3105MB
RSS_SAMPLE t=1647.5s rss=3105MB hwm=3105MB
RSS_SAMPLE t=1647.7s rss=3106MB hwm=3106MB
RSS_SAMPLE t=1648.0s rss=3106MB hwm=3106MB
RSS_SAMPLE t=1648.2s rss=3106MB hwm=3106MB
RSS_SAMPLE t=1648.5s rss=3106MB hwm=3106MB
RSS_SAMPLE t=1648.7s rss=3106MB hwm=3106MB
RSS_SAMPLE t=1649.0s rss=3106MB hwm=3106MB
RSS_SAMPLE t=1649.2s rss=3106MB hwm=3106MB
RSS_SAMPLE t=1649.5s rss=3106MB hwm=3106MB
RSS_SAMPLE t=1649.7s rss=3106MB hwm=3106MB
RSS_SAMPLE t=1650.0s rss=3106MB hwm=3106MB
RSS_SAMPLE t=1650.2s rss=3106MB hwm=3106MB
RSS_SAMPLE t=1650.5s rss=3106MB hwm=3106MB
RSS_SAMPLE t=1650.7s rss=3106MB hwm=3106MB
RSS_SAMPLE t=1651.0s rss=3106MB hwm=3106MB
RSS_SAMPLE t=1651.2s rss=3106MB hwm=3106MB
RSS_SAMPLE t=1651.5s rss=3106MB hwm=3106MB
RSS_SAMPLE t=1651.7s rss=3106MB hwm=3106MB
RSS_SAMPLE t=1652.0s rss=3106MB hwm=3106MB
RSS_SAMPLE t=1652.2s rss=3106MB hwm=3106MB
RSS_SAMPLE t=1652.5s rss=3106MB hwm=3106MB
RSS_SAMPLE t=1652.7s rss=3106MB hwm=3106MB
RSS_SAMPLE t=1653.0s rss=3106MB hwm=3106MB
RSS_SAMPLE t=1653.2s rss=3106MB hwm=3106MB
RSS_SAMPLE t=1653.5s rss=3106MB hwm=3106MB
RSS_SAMPLE t=1653.7s rss=3106MB hwm=3106MB
RSS_SAMPLE t=1654.0s rss=3106MB hwm=3106MB
RSS_SAMPLE t=1654.2s rss=3106MB hwm=3106MB
RSS_SAMPLE t=1654.5s rss=3106MB hwm=3106MB
RSS_SAMPLE t=1654.7s rss=3106MB hwm=3106MB
RSS_SAMPLE t=1655.0s rss=3106MB hwm=3106MB
RSS_SAMPLE t=1655.2s rss=3106MB hwm=3106MB
RSS_SAMPLE t=1655.5s rss=3106MB hwm=3106MB
RSS_SAMPLE t=1655.7s rss=3106MB hwm=3106MB
RSS_SAMPLE t=1656.0s rss=3106MB hwm=3106MB
RSS_SAMPLE t=1656.2s rss=3106MB hwm=3106MB
RSS_SAMPLE t=1656.5s rss=3106MB hwm=3106MB
RSS_SAMPLE t=1656.7s rss=3106MB hwm=3106MB
RSS_SAMPLE t=1657.0s rss=3106MB hwm=3106MB
RSS_SAMPLE t=1657.2s rss=3106MB hwm=3106MB
RSS_SAMPLE t=1657.5s rss=3106MB hwm=3106MB
RSS_SAMPLE t=1657.7s rss=3106MB hwm=3106MB
RSS_SAMPLE t=1658.0s rss=3106MB hwm=3106MB
RSS_SAMPLE t=1658.2s rss=3106MB hwm=3106MB
RSS_SAMPLE t=1658.5s rss=3106MB hwm=3106MB
RSS_SAMPLE t=1658.7s rss=3106MB hwm=3106MB
RSS_SAMPLE t=1659.0s rss=3106MB hwm=3106MB
RSS_SAMPLE t=1659.2s rss=3106MB hwm=3106MB
RSS_SAMPLE t=1659.5s rss=3106MB hwm=3106MB
RSS_SAMPLE t=1659.7s rss=3106MB hwm=3106MB
RSS_SAMPLE t=1660.0s rss=3106MB hwm=3106MB
RSS_SAMPLE t=1660.2s rss=3106MB hwm=3106MB
RSS_SAMPLE t=1660.5s rss=3106MB hwm=3106MB
RSS_SAMPLE t=1660.7s rss=3106MB hwm=3106MB
RSS_SAMPLE t=1661.0s rss=3106MB hwm=3106MB
RSS_SAMPLE t=1661.2s rss=3106MB hwm=3106MB
RSS_SAMPLE t=1661.5s rss=3106MB hwm=3106MB
RSS_SAMPLE t=1661.7s rss=3106MB hwm=3106MB
RSS_SAMPLE t=1662.0s rss=3106MB hwm=3106MB
RSS_SAMPLE t=1662.2s rss=3106MB hwm=3106MB
RSS_SAMPLE t=1662.5s rss=3106MB hwm=3106MB
RSS_SAMPLE t=1662.7s rss=3106MB hwm=3106MB
RSS_SAMPLE t=1663.0s rss=3106MB hwm=3106MB
RSS_SAMPLE t=1663.2s rss=3106MB hwm=3106MB
RSS_SAMPLE t=1663.5s rss=3106MB hwm=3106MB
RSS_SAMPLE t=1663.7s rss=3106MB hwm=3106MB
RSS_SAMPLE t=1664.0s rss=3106MB hwm=3106MB
RSS_SAMPLE t=1664.2s rss=3106MB hwm=3106MB
RSS_SAMPLE t=1664.5s rss=3106MB hwm=3106MB
RSS_SAMPLE t=1664.7s rss=3106MB hwm=3106MB
RSS_SAMPLE t=1665.0s rss=3106MB hwm=3106MB
RSS_SAMPLE t=1665.2s rss=3106MB hwm=3106MB
RSS_SAMPLE t=1665.5s rss=3106MB hwm=3106MB
RSS_SAMPLE t=1665.7s rss=3106MB hwm=3106MB
RSS_SAMPLE t=1666.0s rss=3106MB hwm=3106MB
RSS_SAMPLE t=1666.2s rss=3106MB hwm=3106MB
RSS_SAMPLE t=1666.5s rss=3106MB hwm=3106MB
RSS_SAMPLE t=1666.7s rss=3106MB hwm=3106MB
RSS_SAMPLE t=1667.0s rss=3106MB hwm=3106MB
RSS_SAMPLE t=1667.2s rss=3106MB hwm=3106MB
RSS_SAMPLE t=1667.5s rss=3106MB hwm=3106MB
RSS_SAMPLE t=1667.7s rss=3106MB hwm=3106MB
RSS_SAMPLE t=1668.0s rss=3106MB hwm=3106MB
RSS_SAMPLE t=1668.2s rss=3106MB hwm=3106MB
RSS_SAMPLE t=1668.5s rss=3106MB hwm=3106MB
RSS_SAMPLE t=1668.7s rss=3106MB hwm=3106MB
RSS_SAMPLE t=1669.0s rss=3106MB hwm=3106MB
RSS_SAMPLE t=1669.2s rss=3106MB hwm=3106MB
RSS_SAMPLE t=1669.5s rss=3106MB hwm=3106MB
RSS_SAMPLE t=1669.7s rss=3106MB hwm=3106MB
RSS_SAMPLE t=1670.0s rss=3106MB hwm=3106MB
RSS_SAMPLE t=1670.2s rss=3106MB hwm=3106MB
RSS_SAMPLE t=1670.5s rss=3106MB hwm=3106MB
RSS_SAMPLE t=1670.7s rss=3106MB hwm=3106MB
RSS_SAMPLE t=1671.0s rss=3106MB hwm=3106MB
RSS_SAMPLE t=1671.2s rss=3106MB hwm=3106MB
RSS_SAMPLE t=1671.5s rss=3106MB hwm=3106MB
RSS_SAMPLE t=1671.7s rss=3106MB hwm=3106MB
RSS_SAMPLE t=1672.0s rss=3106MB hwm=3106MB
RSS_SAMPLE t=1672.2s rss=3106MB hwm=3106MB
RSS_SAMPLE t=1672.5s rss=3106MB hwm=3106MB
RSS_SAMPLE t=1672.7s rss=3106MB hwm=3106MB
RSS_SAMPLE t=1673.0s rss=3106MB hwm=3106MB
RSS_SAMPLE t=1673.2s rss=3106MB hwm=3106MB
RSS_SAMPLE t=1673.5s rss=3106MB hwm=3106MB
RSS_SAMPLE t=1673.7s rss=3106MB hwm=3106MB
RSS_SAMPLE t=1674.0s rss=3106MB hwm=3106MB
RSS_SAMPLE t=1674.2s rss=3106MB hwm=3106MB
RSS_SAMPLE t=1674.5s rss=3106MB hwm=3106MB
RSS_SAMPLE t=1674.7s rss=3106MB hwm=3106MB
RSS_SAMPLE t=1675.0s rss=3106MB hwm=3106MB
RSS_SAMPLE t=1675.2s rss=3106MB hwm=3106MB
RSS_SAMPLE t=1675.5s rss=3106MB hwm=3106MB
RSS_SAMPLE t=1675.7s rss=3106MB hwm=3106MB
RSS_SAMPLE t=1676.0s rss=3106MB hwm=3106MB
RSS_SAMPLE t=1676.2s rss=3106MB hwm=3106MB
RSS_SAMPLE t=1676.5s rss=3106MB hwm=3106MB
RSS_SAMPLE t=1676.7s rss=3106MB hwm=3106MB
RSS_SAMPLE t=1677.0s rss=3106MB hwm=3106MB
RSS_SAMPLE t=1677.2s rss=3107MB hwm=3107MB
RSS_SAMPLE t=1677.5s rss=3107MB hwm=3107MB
RSS_SAMPLE t=1677.7s rss=3107MB hwm=3107MB
RSS_SAMPLE t=1678.0s rss=3107MB hwm=3107MB
RSS_SAMPLE t=1678.2s rss=3107MB hwm=3107MB
RSS_SAMPLE t=1678.5s rss=3107MB hwm=3107MB
RSS_SAMPLE t=1678.7s rss=3107MB hwm=3107MB
RSS_SAMPLE t=1679.0s rss=3107MB hwm=3107MB
RSS_SAMPLE t=1679.2s rss=3107MB hwm=3107MB
RSS_SAMPLE t=1679.5s rss=3107MB hwm=3107MB
RSS_SAMPLE t=1679.7s rss=3107MB hwm=3107MB
MEM_POOL: workspaces=8 dense_usage_mb=313 n_pipes=2562403
    rss_probe[outer=10]: pre_post_solve=3072MB post_post_solve=3107MB after_apply=3107MB
    E_decomp: base=5479062.8 eff=164713702919135.0 cong=164713697440072.2 cong_share=100.0% sat_pipes=79531 max_util=1871.06  R_buckets: 1-2x=100544 2-10x=1687747 10-100x=293031 >=100x=481081
    E_potential: beckmann=173255305144502.8 history_total=0.0
    SpanCache: epoch=11 entries=2501 lookups=2562403 hits=2559902 misses=2501 hit_rate=99.9%
  DCD  10: nets=105117 line=12593507 energy=2759784313.540 dE=-4187628794.525 friction=8967106.2 bins=2.0x(141) excess=45.0 moved=68178 disp=5.212 solves=105117 skip=105117 pops=618650911 theta=1.210 refresh=145890ms dcd=6744ms total=155059ms
    cache_stats: entries=61352040 capacity=120832737 est_mb=1042 rss_mb=3107
RSS_SAMPLE t=1680.0s rss=3107MB hwm=3107MB
RSS_SAMPLE t=1680.2s rss=3107MB hwm=3107MB
RSS_SAMPLE t=1680.5s rss=3107MB hwm=3107MB
RSS_SAMPLE t=1680.7s rss=3107MB hwm=3107MB
RSS_SAMPLE t=1681.0s rss=3107MB hwm=3107MB
RSS_SAMPLE t=1681.2s rss=3107MB hwm=3107MB
RSS_SAMPLE t=1681.5s rss=3107MB hwm=3107MB
RSS_SAMPLE t=1681.7s rss=3107MB hwm=3107MB
RSS_SAMPLE t=1682.0s rss=3107MB hwm=3107MB
RSS_SAMPLE t=1682.2s rss=3107MB hwm=3107MB
    SwitchMatrix: type_usage_pairs=752 lookups=1850 hits=1098 dijkstra_calls=752 avg_us=10.5 total_ms=7.9
PHASE_MARK outer=11 enter=pre_solve rss=3107MB
    rss_probe[outer=11]: pre_refresh_rss=3107MB post_pre_solve_rss=3107MB cache_entries=61352040 cache_cap=120832737 cache_est_mb=1042
    pre_solve_diag[outer=11]: solves=0 fallback=0 (0.0%) cap_armed=0 (0.0%) settle_avg=0 settle_max=0 init_count=62
    Overflow: over=75887 (3.0% of used) avg_excess=6.52 max_excess=2675.38 (nc=2699.38 cap=24 span=1)  excess_buckets: <=1=14287 1-5=39064 5-20=19324 >20=3212  by_cap: cap1=6524 cap2=67445 cap3-5=0 cap>5=1918  by_span: s1=503 s2-3=1031 s4-6=1547 s7-12=66461 s>12=6345  le1_cross: cap1=4656 cap2-5=9448 cap>5=183
    Congestion: pipes=2562403 used=2562403 congested(>50%)=136853 saturated(>90%)=79531 max_util=1871.06 avg_util=0.2426
PHASE_MARK outer=11 enter=dcd_sweep rss=3107MB
RSS_SAMPLE t=1682.5s rss=3107MB hwm=3107MB
RSS_SAMPLE t=1682.7s rss=3107MB hwm=3107MB
RSS_SAMPLE t=1683.0s rss=3107MB hwm=3107MB
RSS_SAMPLE t=1683.2s rss=3107MB hwm=3107MB
RSS_SAMPLE t=1683.5s rss=3107MB hwm=3107MB
RSS_SAMPLE t=1683.7s rss=3107MB hwm=3107MB
RSS_SAMPLE t=1684.0s rss=3107MB hwm=3107MB
RSS_SAMPLE t=1684.2s rss=3107MB hwm=3107MB
RSS_SAMPLE t=1684.5s rss=3107MB hwm=3107MB
RSS_SAMPLE t=1684.7s rss=3107MB hwm=3107MB
RSS_SAMPLE t=1685.0s rss=3107MB hwm=3107MB
RSS_SAMPLE t=1685.2s rss=3107MB hwm=3107MB
RSS_SAMPLE t=1685.5s rss=3107MB hwm=3107MB
RSS_SAMPLE t=1685.7s rss=3107MB hwm=3107MB
RSS_SAMPLE t=1686.0s rss=3107MB hwm=3107MB
RSS_SAMPLE t=1686.2s rss=3107MB hwm=3107MB
RSS_SAMPLE t=1686.5s rss=3107MB hwm=3107MB
RSS_SAMPLE t=1686.7s rss=3107MB hwm=3107MB
RSS_SAMPLE t=1687.0s rss=3107MB hwm=3107MB
RSS_SAMPLE t=1687.2s rss=3107MB hwm=3107MB
RSS_SAMPLE t=1687.5s rss=3107MB hwm=3107MB
RSS_SAMPLE t=1687.7s rss=3107MB hwm=3107MB
RSS_SAMPLE t=1688.0s rss=3107MB hwm=3107MB
RSS_SAMPLE t=1688.2s rss=3107MB hwm=3107MB
RSS_SAMPLE t=1688.5s rss=3107MB hwm=3107MB
RSS_SAMPLE t=1688.7s rss=3107MB hwm=3107MB
RSS_SAMPLE t=1689.0s rss=3107MB hwm=3107MB
PHASE_MARK outer=11 leave=dcd_sweep rss=3107MB
PHASE_MARK outer=11 enter=post_refresh rss=3107MB
RSS_SAMPLE t=1689.2s rss=3107MB hwm=3107MB
RSS_SAMPLE t=1689.5s rss=3107MB hwm=3107MB
RSS_SAMPLE t=1689.7s rss=3107MB hwm=3107MB
RSS_SAMPLE t=1690.0s rss=3107MB hwm=3107MB
RSS_SAMPLE t=1690.2s rss=3107MB hwm=3107MB
RSS_SAMPLE t=1690.5s rss=3107MB hwm=3107MB
RSS_SAMPLE t=1690.7s rss=3107MB hwm=3107MB
RSS_SAMPLE t=1691.0s rss=3107MB hwm=3107MB
RSS_SAMPLE t=1691.2s rss=3107MB hwm=3107MB
RSS_SAMPLE t=1691.5s rss=3107MB hwm=3107MB
RSS_SAMPLE t=1691.7s rss=3107MB hwm=3107MB
RSS_SAMPLE t=1692.0s rss=3107MB hwm=3107MB
RSS_SAMPLE t=1692.2s rss=3107MB hwm=3107MB
RSS_SAMPLE t=1692.5s rss=3107MB hwm=3107MB
RSS_SAMPLE t=1692.7s rss=3107MB hwm=3107MB
RSS_SAMPLE t=1693.0s rss=3107MB hwm=3107MB
RSS_SAMPLE t=1693.2s rss=3108MB hwm=3108MB
RSS_SAMPLE t=1693.5s rss=3108MB hwm=3108MB
RSS_SAMPLE t=1693.7s rss=3108MB hwm=3108MB
RSS_SAMPLE t=1694.0s rss=3108MB hwm=3108MB
RSS_SAMPLE t=1694.2s rss=3108MB hwm=3108MB
RSS_SAMPLE t=1694.5s rss=3108MB hwm=3108MB
RSS_SAMPLE t=1694.7s rss=3108MB hwm=3108MB
RSS_SAMPLE t=1695.0s rss=3108MB hwm=3108MB
RSS_SAMPLE t=1695.2s rss=3108MB hwm=3108MB
RSS_SAMPLE t=1695.5s rss=3108MB hwm=3108MB
RSS_SAMPLE t=1695.7s rss=3108MB hwm=3108MB
RSS_SAMPLE t=1696.0s rss=3108MB hwm=3108MB
RSS_SAMPLE t=1696.2s rss=3108MB hwm=3108MB
RSS_SAMPLE t=1696.5s rss=3108MB hwm=3108MB
RSS_SAMPLE t=1696.7s rss=3108MB hwm=3108MB
RSS_SAMPLE t=1697.0s rss=3108MB hwm=3108MB
RSS_SAMPLE t=1697.2s rss=3108MB hwm=3108MB
RSS_SAMPLE t=1697.5s rss=3108MB hwm=3108MB
RSS_SAMPLE t=1697.7s rss=3108MB hwm=3108MB
RSS_SAMPLE t=1698.0s rss=3108MB hwm=3108MB
RSS_SAMPLE t=1698.2s rss=3108MB hwm=3108MB
RSS_SAMPLE t=1698.5s rss=3108MB hwm=3108MB
RSS_SAMPLE t=1698.7s rss=3108MB hwm=3108MB
RSS_SAMPLE t=1699.0s rss=3109MB hwm=3109MB
RSS_SAMPLE t=1699.2s rss=3109MB hwm=3109MB
RSS_SAMPLE t=1699.5s rss=3109MB hwm=3109MB
RSS_SAMPLE t=1699.7s rss=3109MB hwm=3109MB
RSS_SAMPLE t=1700.0s rss=3109MB hwm=3109MB
RSS_SAMPLE t=1700.2s rss=3109MB hwm=3109MB
RSS_SAMPLE t=1700.5s rss=3110MB hwm=3110MB
RSS_SAMPLE t=1700.7s rss=3110MB hwm=3110MB
RSS_SAMPLE t=1701.0s rss=3110MB hwm=3110MB
RSS_SAMPLE t=1701.2s rss=3110MB hwm=3110MB
RSS_SAMPLE t=1701.5s rss=3110MB hwm=3110MB
RSS_SAMPLE t=1701.7s rss=3110MB hwm=3110MB
RSS_SAMPLE t=1702.0s rss=3110MB hwm=3110MB
RSS_SAMPLE t=1702.2s rss=3111MB hwm=3111MB
RSS_SAMPLE t=1702.5s rss=3111MB hwm=3111MB
RSS_SAMPLE t=1702.7s rss=3111MB hwm=3111MB
RSS_SAMPLE t=1703.0s rss=3111MB hwm=3111MB
RSS_SAMPLE t=1703.2s rss=3111MB hwm=3111MB
RSS_SAMPLE t=1703.5s rss=3111MB hwm=3111MB
RSS_SAMPLE t=1703.7s rss=3111MB hwm=3111MB
RSS_SAMPLE t=1704.0s rss=3112MB hwm=3112MB
RSS_SAMPLE t=1704.2s rss=3112MB hwm=3112MB
RSS_SAMPLE t=1704.5s rss=3112MB hwm=3112MB
RSS_SAMPLE t=1704.7s rss=3112MB hwm=3112MB
RSS_SAMPLE t=1705.0s rss=3112MB hwm=3112MB
RSS_SAMPLE t=1705.2s rss=3112MB hwm=3112MB
RSS_SAMPLE t=1705.5s rss=3113MB hwm=3113MB
RSS_SAMPLE t=1705.7s rss=3113MB hwm=3113MB
RSS_SAMPLE t=1706.0s rss=3113MB hwm=3113MB
RSS_SAMPLE t=1706.2s rss=3113MB hwm=3113MB
RSS_SAMPLE t=1706.5s rss=3113MB hwm=3113MB
RSS_SAMPLE t=1706.7s rss=3113MB hwm=3113MB
RSS_SAMPLE t=1707.0s rss=3113MB hwm=3113MB
RSS_SAMPLE t=1707.2s rss=3113MB hwm=3113MB
RSS_SAMPLE t=1707.5s rss=3113MB hwm=3113MB
RSS_SAMPLE t=1707.7s rss=3113MB hwm=3113MB
RSS_SAMPLE t=1708.0s rss=3114MB hwm=3114MB
RSS_SAMPLE t=1708.2s rss=3114MB hwm=3114MB
RSS_SAMPLE t=1708.5s rss=3114MB hwm=3114MB
RSS_SAMPLE t=1708.7s rss=3114MB hwm=3114MB
RSS_SAMPLE t=1709.0s rss=3114MB hwm=3114MB
RSS_SAMPLE t=1709.2s rss=3114MB hwm=3114MB
RSS_SAMPLE t=1709.5s rss=3114MB hwm=3114MB
RSS_SAMPLE t=1709.7s rss=3114MB hwm=3114MB
RSS_SAMPLE t=1710.0s rss=3114MB hwm=3114MB
RSS_SAMPLE t=1710.2s rss=3114MB hwm=3114MB
RSS_SAMPLE t=1710.5s rss=3114MB hwm=3114MB
RSS_SAMPLE t=1710.7s rss=3114MB hwm=3114MB
RSS_SAMPLE t=1711.0s rss=3114MB hwm=3114MB
RSS_SAMPLE t=1711.2s rss=3114MB hwm=3114MB
RSS_SAMPLE t=1711.5s rss=3114MB hwm=3114MB
RSS_SAMPLE t=1711.7s rss=3114MB hwm=3114MB
RSS_SAMPLE t=1712.0s rss=3114MB hwm=3114MB
RSS_SAMPLE t=1712.2s rss=3114MB hwm=3114MB
RSS_SAMPLE t=1712.5s rss=3114MB hwm=3114MB
RSS_SAMPLE t=1712.7s rss=3114MB hwm=3114MB
RSS_SAMPLE t=1713.0s rss=3114MB hwm=3114MB
RSS_SAMPLE t=1713.2s rss=3114MB hwm=3114MB
RSS_SAMPLE t=1713.5s rss=3114MB hwm=3114MB
RSS_SAMPLE t=1713.7s rss=3114MB hwm=3114MB
RSS_SAMPLE t=1714.0s rss=3114MB hwm=3114MB
RSS_SAMPLE t=1714.2s rss=3114MB hwm=3114MB
RSS_SAMPLE t=1714.5s rss=3114MB hwm=3114MB
RSS_SAMPLE t=1714.7s rss=3114MB hwm=3114MB
RSS_SAMPLE t=1715.0s rss=3114MB hwm=3114MB
RSS_SAMPLE t=1715.2s rss=3115MB hwm=3115MB
RSS_SAMPLE t=1715.5s rss=3115MB hwm=3115MB
RSS_SAMPLE t=1715.7s rss=3115MB hwm=3115MB
RSS_SAMPLE t=1716.0s rss=3115MB hwm=3115MB
RSS_SAMPLE t=1716.2s rss=3115MB hwm=3115MB
RSS_SAMPLE t=1716.5s rss=3115MB hwm=3115MB
RSS_SAMPLE t=1716.7s rss=3115MB hwm=3115MB
RSS_SAMPLE t=1717.0s rss=3115MB hwm=3115MB
RSS_SAMPLE t=1717.2s rss=3116MB hwm=3116MB
RSS_SAMPLE t=1717.5s rss=3116MB hwm=3116MB
RSS_SAMPLE t=1717.7s rss=3116MB hwm=3116MB
RSS_SAMPLE t=1718.0s rss=3116MB hwm=3116MB
RSS_SAMPLE t=1718.2s rss=3116MB hwm=3116MB
RSS_SAMPLE t=1718.5s rss=3116MB hwm=3116MB
RSS_SAMPLE t=1718.7s rss=3116MB hwm=3116MB
RSS_SAMPLE t=1719.0s rss=3116MB hwm=3116MB
RSS_SAMPLE t=1719.2s rss=3116MB hwm=3116MB
RSS_SAMPLE t=1719.5s rss=3116MB hwm=3116MB
RSS_SAMPLE t=1719.7s rss=3117MB hwm=3117MB
RSS_SAMPLE t=1720.0s rss=3117MB hwm=3117MB
RSS_SAMPLE t=1720.2s rss=3117MB hwm=3117MB
RSS_SAMPLE t=1720.5s rss=3117MB hwm=3117MB
RSS_SAMPLE t=1720.7s rss=3117MB hwm=3117MB
RSS_SAMPLE t=1721.0s rss=3117MB hwm=3117MB
RSS_SAMPLE t=1721.2s rss=3117MB hwm=3117MB
RSS_SAMPLE t=1721.5s rss=3117MB hwm=3117MB
RSS_SAMPLE t=1721.7s rss=3118MB hwm=3118MB
RSS_SAMPLE t=1722.0s rss=3118MB hwm=3118MB
RSS_SAMPLE t=1722.2s rss=3118MB hwm=3118MB
RSS_SAMPLE t=1722.5s rss=3118MB hwm=3118MB
RSS_SAMPLE t=1722.7s rss=3118MB hwm=3118MB
RSS_SAMPLE t=1723.0s rss=3119MB hwm=3119MB
RSS_SAMPLE t=1723.2s rss=3119MB hwm=3119MB
RSS_SAMPLE t=1723.5s rss=3119MB hwm=3119MB
RSS_SAMPLE t=1723.7s rss=3119MB hwm=3119MB
RSS_SAMPLE t=1724.0s rss=3119MB hwm=3119MB
RSS_SAMPLE t=1724.2s rss=3120MB hwm=3120MB
RSS_SAMPLE t=1724.5s rss=3120MB hwm=3120MB
RSS_SAMPLE t=1724.7s rss=3120MB hwm=3120MB
RSS_SAMPLE t=1725.0s rss=3120MB hwm=3120MB
RSS_SAMPLE t=1725.2s rss=3120MB hwm=3120MB
RSS_SAMPLE t=1725.5s rss=3121MB hwm=3121MB
RSS_SAMPLE t=1725.7s rss=3121MB hwm=3121MB
RSS_SAMPLE t=1726.0s rss=3121MB hwm=3121MB
RSS_SAMPLE t=1726.2s rss=3121MB hwm=3121MB
RSS_SAMPLE t=1726.5s rss=3121MB hwm=3121MB
RSS_SAMPLE t=1726.7s rss=3122MB hwm=3122MB
RSS_SAMPLE t=1727.0s rss=3122MB hwm=3122MB
RSS_SAMPLE t=1727.2s rss=3122MB hwm=3122MB
RSS_SAMPLE t=1727.5s rss=3122MB hwm=3122MB
RSS_SAMPLE t=1727.7s rss=3122MB hwm=3122MB
RSS_SAMPLE t=1728.0s rss=3123MB hwm=3123MB
RSS_SAMPLE t=1728.2s rss=3123MB hwm=3123MB
RSS_SAMPLE t=1728.5s rss=3123MB hwm=3123MB
RSS_SAMPLE t=1728.7s rss=3123MB hwm=3123MB
RSS_SAMPLE t=1729.0s rss=3123MB hwm=3123MB
RSS_SAMPLE t=1729.2s rss=3123MB hwm=3123MB
RSS_SAMPLE t=1729.5s rss=3123MB hwm=3123MB
RSS_SAMPLE t=1729.7s rss=3124MB hwm=3124MB
RSS_SAMPLE t=1730.0s rss=3124MB hwm=3124MB
RSS_SAMPLE t=1730.2s rss=3124MB hwm=3124MB
RSS_SAMPLE t=1730.5s rss=3125MB hwm=3125MB
RSS_SAMPLE t=1730.7s rss=3125MB hwm=3125MB
RSS_SAMPLE t=1731.0s rss=3125MB hwm=3125MB
RSS_SAMPLE t=1731.2s rss=3125MB hwm=3125MB
RSS_SAMPLE t=1731.5s rss=3125MB hwm=3125MB
RSS_SAMPLE t=1731.7s rss=3125MB hwm=3125MB
RSS_SAMPLE t=1732.0s rss=3126MB hwm=3126MB
RSS_SAMPLE t=1732.2s rss=3126MB hwm=3126MB
RSS_SAMPLE t=1732.5s rss=3126MB hwm=3126MB
RSS_SAMPLE t=1732.7s rss=3126MB hwm=3126MB
RSS_SAMPLE t=1733.0s rss=3126MB hwm=3126MB
RSS_SAMPLE t=1733.2s rss=3126MB hwm=3126MB
RSS_SAMPLE t=1733.5s rss=3127MB hwm=3127MB
RSS_SAMPLE t=1733.7s rss=3127MB hwm=3127MB
RSS_SAMPLE t=1734.0s rss=3127MB hwm=3127MB
RSS_SAMPLE t=1734.2s rss=3127MB hwm=3127MB
RSS_SAMPLE t=1734.5s rss=3127MB hwm=3127MB
RSS_SAMPLE t=1734.7s rss=3127MB hwm=3127MB
RSS_SAMPLE t=1735.0s rss=3128MB hwm=3128MB
RSS_SAMPLE t=1735.2s rss=3128MB hwm=3128MB
RSS_SAMPLE t=1735.5s rss=3128MB hwm=3128MB
RSS_SAMPLE t=1735.7s rss=3128MB hwm=3128MB
RSS_SAMPLE t=1736.0s rss=3128MB hwm=3128MB
RSS_SAMPLE t=1736.2s rss=3128MB hwm=3128MB
RSS_SAMPLE t=1736.5s rss=3128MB hwm=3128MB
RSS_SAMPLE t=1736.7s rss=3128MB hwm=3128MB
RSS_SAMPLE t=1737.0s rss=3128MB hwm=3128MB
RSS_SAMPLE t=1737.2s rss=3129MB hwm=3129MB
RSS_SAMPLE t=1737.5s rss=3129MB hwm=3129MB
RSS_SAMPLE t=1737.7s rss=3129MB hwm=3129MB
RSS_SAMPLE t=1738.0s rss=3129MB hwm=3129MB
RSS_SAMPLE t=1738.2s rss=3129MB hwm=3129MB
RSS_SAMPLE t=1738.5s rss=3129MB hwm=3129MB
RSS_SAMPLE t=1738.8s rss=3129MB hwm=3129MB
RSS_SAMPLE t=1739.0s rss=3129MB hwm=3129MB
RSS_SAMPLE t=1739.3s rss=3129MB hwm=3129MB
RSS_SAMPLE t=1739.5s rss=3129MB hwm=3129MB
RSS_SAMPLE t=1739.8s rss=3130MB hwm=3130MB
RSS_SAMPLE t=1740.0s rss=3130MB hwm=3130MB
RSS_SAMPLE t=1740.3s rss=3130MB hwm=3130MB
RSS_SAMPLE t=1740.5s rss=3131MB hwm=3131MB
RSS_SAMPLE t=1740.8s rss=3131MB hwm=3131MB
RSS_SAMPLE t=1741.0s rss=3131MB hwm=3131MB
RSS_SAMPLE t=1741.3s rss=3132MB hwm=3132MB
RSS_SAMPLE t=1741.5s rss=3132MB hwm=3132MB
RSS_SAMPLE t=1741.8s rss=3132MB hwm=3132MB
RSS_SAMPLE t=1742.0s rss=3132MB hwm=3132MB
RSS_SAMPLE t=1742.3s rss=3132MB hwm=3132MB
RSS_SAMPLE t=1742.5s rss=3132MB hwm=3132MB
RSS_SAMPLE t=1742.8s rss=3132MB hwm=3132MB
RSS_SAMPLE t=1743.0s rss=3132MB hwm=3132MB
RSS_SAMPLE t=1743.3s rss=3133MB hwm=3133MB
RSS_SAMPLE t=1743.5s rss=3133MB hwm=3133MB
RSS_SAMPLE t=1743.8s rss=3133MB hwm=3133MB
RSS_SAMPLE t=1744.0s rss=3133MB hwm=3133MB
RSS_SAMPLE t=1744.3s rss=3133MB hwm=3133MB
RSS_SAMPLE t=1744.5s rss=3133MB hwm=3133MB
RSS_SAMPLE t=1744.8s rss=3134MB hwm=3134MB
RSS_SAMPLE t=1745.0s rss=3134MB hwm=3134MB
RSS_SAMPLE t=1745.3s rss=3134MB hwm=3134MB
RSS_SAMPLE t=1745.5s rss=3134MB hwm=3134MB
RSS_SAMPLE t=1745.8s rss=3134MB hwm=3134MB
RSS_SAMPLE t=1746.0s rss=3134MB hwm=3134MB
RSS_SAMPLE t=1746.3s rss=3134MB hwm=3134MB
RSS_SAMPLE t=1746.5s rss=3135MB hwm=3135MB
RSS_SAMPLE t=1746.8s rss=3135MB hwm=3135MB
RSS_SAMPLE t=1747.0s rss=3135MB hwm=3135MB
RSS_SAMPLE t=1747.3s rss=3135MB hwm=3135MB
RSS_SAMPLE t=1747.5s rss=3135MB hwm=3135MB
RSS_SAMPLE t=1747.8s rss=3135MB hwm=3135MB
RSS_SAMPLE t=1748.0s rss=3136MB hwm=3136MB
RSS_SAMPLE t=1748.3s rss=3136MB hwm=3136MB
RSS_SAMPLE t=1748.5s rss=3136MB hwm=3136MB
RSS_SAMPLE t=1748.8s rss=3136MB hwm=3136MB
RSS_SAMPLE t=1749.0s rss=3136MB hwm=3136MB
RSS_SAMPLE t=1749.3s rss=3136MB hwm=3136MB
RSS_SAMPLE t=1749.5s rss=3136MB hwm=3136MB
RSS_SAMPLE t=1749.8s rss=3136MB hwm=3136MB
RSS_SAMPLE t=1750.0s rss=3136MB hwm=3136MB
RSS_SAMPLE t=1750.3s rss=3136MB hwm=3136MB
RSS_SAMPLE t=1750.5s rss=3136MB hwm=3136MB
RSS_SAMPLE t=1750.8s rss=3137MB hwm=3137MB
RSS_SAMPLE t=1751.0s rss=3137MB hwm=3137MB
RSS_SAMPLE t=1751.3s rss=3137MB hwm=3137MB
RSS_SAMPLE t=1751.5s rss=3137MB hwm=3137MB
RSS_SAMPLE t=1751.8s rss=3137MB hwm=3137MB
RSS_SAMPLE t=1752.0s rss=3137MB hwm=3137MB
RSS_SAMPLE t=1752.3s rss=3137MB hwm=3137MB
RSS_SAMPLE t=1752.5s rss=3137MB hwm=3137MB
RSS_SAMPLE t=1752.8s rss=3137MB hwm=3137MB
RSS_SAMPLE t=1753.0s rss=3137MB hwm=3137MB
RSS_SAMPLE t=1753.3s rss=3137MB hwm=3137MB
RSS_SAMPLE t=1753.5s rss=3137MB hwm=3137MB
RSS_SAMPLE t=1753.8s rss=3137MB hwm=3137MB
RSS_SAMPLE t=1754.0s rss=3137MB hwm=3137MB
RSS_SAMPLE t=1754.3s rss=3137MB hwm=3137MB
RSS_SAMPLE t=1754.5s rss=3137MB hwm=3137MB
RSS_SAMPLE t=1754.8s rss=3138MB hwm=3138MB
RSS_SAMPLE t=1755.0s rss=3138MB hwm=3138MB
RSS_SAMPLE t=1755.3s rss=3138MB hwm=3138MB
RSS_SAMPLE t=1755.5s rss=3138MB hwm=3138MB
RSS_SAMPLE t=1755.8s rss=3138MB hwm=3138MB
RSS_SAMPLE t=1756.0s rss=3138MB hwm=3138MB
RSS_SAMPLE t=1756.3s rss=3138MB hwm=3138MB
RSS_SAMPLE t=1756.5s rss=3138MB hwm=3138MB
RSS_SAMPLE t=1756.8s rss=3138MB hwm=3138MB
RSS_SAMPLE t=1757.0s rss=3138MB hwm=3138MB
RSS_SAMPLE t=1757.3s rss=3138MB hwm=3138MB
RSS_SAMPLE t=1757.5s rss=3138MB hwm=3138MB
RSS_SAMPLE t=1757.8s rss=3138MB hwm=3138MB
RSS_SAMPLE t=1758.0s rss=3138MB hwm=3138MB
RSS_SAMPLE t=1758.3s rss=3138MB hwm=3138MB
RSS_SAMPLE t=1758.5s rss=3138MB hwm=3138MB
RSS_SAMPLE t=1758.8s rss=3138MB hwm=3138MB
RSS_SAMPLE t=1759.0s rss=3138MB hwm=3138MB
RSS_SAMPLE t=1759.3s rss=3138MB hwm=3138MB
RSS_SAMPLE t=1759.5s rss=3138MB hwm=3138MB
RSS_SAMPLE t=1759.8s rss=3138MB hwm=3138MB
RSS_SAMPLE t=1760.0s rss=3138MB hwm=3138MB
RSS_SAMPLE t=1760.3s rss=3138MB hwm=3138MB
RSS_SAMPLE t=1760.5s rss=3139MB hwm=3139MB
RSS_SAMPLE t=1760.8s rss=3139MB hwm=3139MB
RSS_SAMPLE t=1761.0s rss=3139MB hwm=3139MB
RSS_SAMPLE t=1761.3s rss=3139MB hwm=3139MB
RSS_SAMPLE t=1761.5s rss=3139MB hwm=3139MB
RSS_SAMPLE t=1761.8s rss=3139MB hwm=3139MB
RSS_SAMPLE t=1762.0s rss=3139MB hwm=3139MB
RSS_SAMPLE t=1762.3s rss=3139MB hwm=3139MB
RSS_SAMPLE t=1762.5s rss=3139MB hwm=3139MB
RSS_SAMPLE t=1762.8s rss=3139MB hwm=3139MB
RSS_SAMPLE t=1763.0s rss=3139MB hwm=3139MB
RSS_SAMPLE t=1763.3s rss=3139MB hwm=3139MB
RSS_SAMPLE t=1763.5s rss=3139MB hwm=3139MB
RSS_SAMPLE t=1763.8s rss=3139MB hwm=3139MB
RSS_SAMPLE t=1764.0s rss=3139MB hwm=3139MB
RSS_SAMPLE t=1764.3s rss=3139MB hwm=3139MB
RSS_SAMPLE t=1764.5s rss=3139MB hwm=3139MB
RSS_SAMPLE t=1764.8s rss=3139MB hwm=3139MB
RSS_SAMPLE t=1765.0s rss=3139MB hwm=3139MB
RSS_SAMPLE t=1765.3s rss=3139MB hwm=3139MB
RSS_SAMPLE t=1765.5s rss=3139MB hwm=3139MB
RSS_SAMPLE t=1765.8s rss=3139MB hwm=3139MB
RSS_SAMPLE t=1766.0s rss=3139MB hwm=3139MB
RSS_SAMPLE t=1766.3s rss=3139MB hwm=3139MB
RSS_SAMPLE t=1766.5s rss=3139MB hwm=3139MB
RSS_SAMPLE t=1766.8s rss=3139MB hwm=3139MB
RSS_SAMPLE t=1767.0s rss=3139MB hwm=3139MB
RSS_SAMPLE t=1767.3s rss=3139MB hwm=3139MB
RSS_SAMPLE t=1767.5s rss=3139MB hwm=3139MB
RSS_SAMPLE t=1767.8s rss=3139MB hwm=3139MB
RSS_SAMPLE t=1768.0s rss=3139MB hwm=3139MB
RSS_SAMPLE t=1768.3s rss=3139MB hwm=3139MB
RSS_SAMPLE t=1768.5s rss=3139MB hwm=3139MB
RSS_SAMPLE t=1768.8s rss=3139MB hwm=3139MB
RSS_SAMPLE t=1769.0s rss=3139MB hwm=3139MB
RSS_SAMPLE t=1769.3s rss=3139MB hwm=3139MB
RSS_SAMPLE t=1769.5s rss=3139MB hwm=3139MB
RSS_SAMPLE t=1769.8s rss=3139MB hwm=3139MB
RSS_SAMPLE t=1770.0s rss=3139MB hwm=3139MB
RSS_SAMPLE t=1770.3s rss=3139MB hwm=3139MB
RSS_SAMPLE t=1770.5s rss=3139MB hwm=3139MB
RSS_SAMPLE t=1770.8s rss=3139MB hwm=3139MB
RSS_SAMPLE t=1771.0s rss=3139MB hwm=3139MB
RSS_SAMPLE t=1771.3s rss=3139MB hwm=3139MB
RSS_SAMPLE t=1771.5s rss=3139MB hwm=3139MB
RSS_SAMPLE t=1771.8s rss=3139MB hwm=3139MB
RSS_SAMPLE t=1772.0s rss=3139MB hwm=3139MB
RSS_SAMPLE t=1772.3s rss=3139MB hwm=3139MB
RSS_SAMPLE t=1772.5s rss=3139MB hwm=3139MB
RSS_SAMPLE t=1772.8s rss=3139MB hwm=3139MB
RSS_SAMPLE t=1773.0s rss=3139MB hwm=3139MB
RSS_SAMPLE t=1773.3s rss=3139MB hwm=3139MB
RSS_SAMPLE t=1773.5s rss=3139MB hwm=3139MB
RSS_SAMPLE t=1773.8s rss=3139MB hwm=3139MB
RSS_SAMPLE t=1774.0s rss=3139MB hwm=3139MB
RSS_SAMPLE t=1774.3s rss=3139MB hwm=3139MB
RSS_SAMPLE t=1774.5s rss=3139MB hwm=3139MB
RSS_SAMPLE t=1774.8s rss=3139MB hwm=3139MB
RSS_SAMPLE t=1775.0s rss=3139MB hwm=3139MB
RSS_SAMPLE t=1775.3s rss=3139MB hwm=3139MB
RSS_SAMPLE t=1775.5s rss=3139MB hwm=3139MB
RSS_SAMPLE t=1775.8s rss=3139MB hwm=3139MB
RSS_SAMPLE t=1776.0s rss=3139MB hwm=3139MB
RSS_SAMPLE t=1776.3s rss=3139MB hwm=3139MB
RSS_SAMPLE t=1776.5s rss=3139MB hwm=3139MB
RSS_SAMPLE t=1776.8s rss=3139MB hwm=3139MB
RSS_SAMPLE t=1777.0s rss=3139MB hwm=3139MB
RSS_SAMPLE t=1777.3s rss=3139MB hwm=3139MB
RSS_SAMPLE t=1777.5s rss=3139MB hwm=3139MB
RSS_SAMPLE t=1777.8s rss=3139MB hwm=3139MB
RSS_SAMPLE t=1778.0s rss=3139MB hwm=3139MB
RSS_SAMPLE t=1778.3s rss=3139MB hwm=3139MB
RSS_SAMPLE t=1778.5s rss=3139MB hwm=3139MB
RSS_SAMPLE t=1778.8s rss=3139MB hwm=3139MB
RSS_SAMPLE t=1779.0s rss=3139MB hwm=3139MB
RSS_SAMPLE t=1779.3s rss=3139MB hwm=3139MB
RSS_SAMPLE t=1779.5s rss=3139MB hwm=3139MB
RSS_SAMPLE t=1779.8s rss=3139MB hwm=3139MB
RSS_SAMPLE t=1780.0s rss=3139MB hwm=3139MB
RSS_SAMPLE t=1780.3s rss=3139MB hwm=3139MB
RSS_SAMPLE t=1780.5s rss=3139MB hwm=3139MB
RSS_SAMPLE t=1780.8s rss=3139MB hwm=3139MB
RSS_SAMPLE t=1781.0s rss=3139MB hwm=3139MB
RSS_SAMPLE t=1781.3s rss=3139MB hwm=3139MB
RSS_SAMPLE t=1781.5s rss=3139MB hwm=3139MB
RSS_SAMPLE t=1781.8s rss=3139MB hwm=3139MB
RSS_SAMPLE t=1782.0s rss=3139MB hwm=3139MB
RSS_SAMPLE t=1782.3s rss=3139MB hwm=3139MB
RSS_SAMPLE t=1782.5s rss=3139MB hwm=3139MB
RSS_SAMPLE t=1782.8s rss=3139MB hwm=3139MB
RSS_SAMPLE t=1783.0s rss=3139MB hwm=3139MB
RSS_SAMPLE t=1783.3s rss=3139MB hwm=3139MB
RSS_SAMPLE t=1783.5s rss=3139MB hwm=3139MB
RSS_SAMPLE t=1783.8s rss=3140MB hwm=3140MB
RSS_SAMPLE t=1784.0s rss=3140MB hwm=3140MB
RSS_SAMPLE t=1784.3s rss=3140MB hwm=3140MB
RSS_SAMPLE t=1784.5s rss=3140MB hwm=3140MB
RSS_SAMPLE t=1784.8s rss=3140MB hwm=3140MB
RSS_SAMPLE t=1785.0s rss=3140MB hwm=3140MB
RSS_SAMPLE t=1785.3s rss=3140MB hwm=3140MB
RSS_SAMPLE t=1785.5s rss=3140MB hwm=3140MB
RSS_SAMPLE t=1785.8s rss=3140MB hwm=3140MB
RSS_SAMPLE t=1786.0s rss=3140MB hwm=3140MB
RSS_SAMPLE t=1786.3s rss=3140MB hwm=3140MB
RSS_SAMPLE t=1786.5s rss=3140MB hwm=3140MB
RSS_SAMPLE t=1786.8s rss=3140MB hwm=3140MB
RSS_SAMPLE t=1787.0s rss=3140MB hwm=3140MB
RSS_SAMPLE t=1787.3s rss=3140MB hwm=3140MB
RSS_SAMPLE t=1787.5s rss=3140MB hwm=3140MB
RSS_SAMPLE t=1787.8s rss=3140MB hwm=3140MB
RSS_SAMPLE t=1788.0s rss=3140MB hwm=3140MB
RSS_SAMPLE t=1788.3s rss=3140MB hwm=3140MB
RSS_SAMPLE t=1788.5s rss=3140MB hwm=3140MB
RSS_SAMPLE t=1788.8s rss=3140MB hwm=3140MB
RSS_SAMPLE t=1789.0s rss=3140MB hwm=3140MB
RSS_SAMPLE t=1789.3s rss=3140MB hwm=3140MB
RSS_SAMPLE t=1789.5s rss=3140MB hwm=3140MB
RSS_SAMPLE t=1789.8s rss=3140MB hwm=3140MB
RSS_SAMPLE t=1790.0s rss=3140MB hwm=3140MB
RSS_SAMPLE t=1790.3s rss=3140MB hwm=3140MB
RSS_SAMPLE t=1790.5s rss=3140MB hwm=3140MB
RSS_SAMPLE t=1790.8s rss=3140MB hwm=3140MB
RSS_SAMPLE t=1791.0s rss=3140MB hwm=3140MB
RSS_SAMPLE t=1791.3s rss=3140MB hwm=3140MB
RSS_SAMPLE t=1791.5s rss=3140MB hwm=3140MB
RSS_SAMPLE t=1791.8s rss=3140MB hwm=3140MB
RSS_SAMPLE t=1792.0s rss=3140MB hwm=3140MB
RSS_SAMPLE t=1792.3s rss=3140MB hwm=3140MB
RSS_SAMPLE t=1792.5s rss=3140MB hwm=3140MB
RSS_SAMPLE t=1792.8s rss=3140MB hwm=3140MB
RSS_SAMPLE t=1793.0s rss=3140MB hwm=3140MB
RSS_SAMPLE t=1793.3s rss=3140MB hwm=3140MB
RSS_SAMPLE t=1793.5s rss=3140MB hwm=3140MB
RSS_SAMPLE t=1793.8s rss=3140MB hwm=3140MB
RSS_SAMPLE t=1794.0s rss=3140MB hwm=3140MB
RSS_SAMPLE t=1794.3s rss=3140MB hwm=3140MB
RSS_SAMPLE t=1794.5s rss=3140MB hwm=3140MB
RSS_SAMPLE t=1794.8s rss=3140MB hwm=3140MB
RSS_SAMPLE t=1795.0s rss=3140MB hwm=3140MB
RSS_SAMPLE t=1795.3s rss=3140MB hwm=3140MB
RSS_SAMPLE t=1795.5s rss=3140MB hwm=3140MB
RSS_SAMPLE t=1795.8s rss=3140MB hwm=3140MB
RSS_SAMPLE t=1796.0s rss=3140MB hwm=3140MB
RSS_SAMPLE t=1796.3s rss=3140MB hwm=3140MB
RSS_SAMPLE t=1796.5s rss=3140MB hwm=3140MB
RSS_SAMPLE t=1796.8s rss=3140MB hwm=3140MB
RSS_SAMPLE t=1797.0s rss=3140MB hwm=3140MB
RSS_SAMPLE t=1797.3s rss=3140MB hwm=3140MB
RSS_SAMPLE t=1797.5s rss=3140MB hwm=3140MB
RSS_SAMPLE t=1797.8s rss=3140MB hwm=3140MB
RSS_SAMPLE t=1798.0s rss=3140MB hwm=3140MB
RSS_SAMPLE t=1798.3s rss=3140MB hwm=3140MB
RSS_SAMPLE t=1798.5s rss=3140MB hwm=3140MB
RSS_SAMPLE t=1798.8s rss=3140MB hwm=3140MB
RSS_SAMPLE t=1799.0s rss=3140MB hwm=3140MB
RSS_SAMPLE t=1799.3s rss=3140MB hwm=3140MB
RSS_SAMPLE t=1799.5s rss=3140MB hwm=3140MB
RSS_SAMPLE t=1799.8s rss=3140MB hwm=3140MB
RSS_SAMPLE t=1800.0s rss=3140MB hwm=3140MB
RSS_SAMPLE t=1800.3s rss=3140MB hwm=3140MB
RSS_SAMPLE t=1800.5s rss=3140MB hwm=3140MB
RSS_SAMPLE t=1800.8s rss=3140MB hwm=3140MB
RSS_SAMPLE t=1801.0s rss=3140MB hwm=3140MB
RSS_SAMPLE t=1801.3s rss=3140MB hwm=3140MB
RSS_SAMPLE t=1801.5s rss=3140MB hwm=3140MB
RSS_SAMPLE t=1801.8s rss=3140MB hwm=3140MB
RSS_SAMPLE t=1802.0s rss=3140MB hwm=3140MB
RSS_SAMPLE t=1802.3s rss=3140MB hwm=3140MB
RSS_SAMPLE t=1802.5s rss=3140MB hwm=3140MB
RSS_SAMPLE t=1802.8s rss=3140MB hwm=3140MB
RSS_SAMPLE t=1803.0s rss=3140MB hwm=3140MB
RSS_SAMPLE t=1803.3s rss=3140MB hwm=3140MB
RSS_SAMPLE t=1803.5s rss=3140MB hwm=3140MB
RSS_SAMPLE t=1803.8s rss=3140MB hwm=3140MB
RSS_SAMPLE t=1804.0s rss=3140MB hwm=3140MB
RSS_SAMPLE t=1804.3s rss=3140MB hwm=3140MB
RSS_SAMPLE t=1804.5s rss=3140MB hwm=3140MB
RSS_SAMPLE t=1804.8s rss=3140MB hwm=3140MB
RSS_SAMPLE t=1805.0s rss=3140MB hwm=3140MB
RSS_SAMPLE t=1805.3s rss=3140MB hwm=3140MB
RSS_SAMPLE t=1805.5s rss=3140MB hwm=3140MB
RSS_SAMPLE t=1805.8s rss=3140MB hwm=3140MB
RSS_SAMPLE t=1806.0s rss=3140MB hwm=3140MB
RSS_SAMPLE t=1806.3s rss=3140MB hwm=3140MB
RSS_SAMPLE t=1806.5s rss=3140MB hwm=3140MB
RSS_SAMPLE t=1806.8s rss=3140MB hwm=3140MB
RSS_SAMPLE t=1807.0s rss=3140MB hwm=3140MB
RSS_SAMPLE t=1807.3s rss=3140MB hwm=3140MB
RSS_SAMPLE t=1807.5s rss=3140MB hwm=3140MB
RSS_SAMPLE t=1807.8s rss=3140MB hwm=3140MB
RSS_SAMPLE t=1808.0s rss=3140MB hwm=3140MB
RSS_SAMPLE t=1808.3s rss=3140MB hwm=3140MB
RSS_SAMPLE t=1808.5s rss=3140MB hwm=3140MB
RSS_SAMPLE t=1808.8s rss=3140MB hwm=3140MB
RSS_SAMPLE t=1809.0s rss=3140MB hwm=3140MB
RSS_SAMPLE t=1809.3s rss=3140MB hwm=3140MB
RSS_SAMPLE t=1809.5s rss=3140MB hwm=3140MB
RSS_SAMPLE t=1809.8s rss=3140MB hwm=3140MB
RSS_SAMPLE t=1810.0s rss=3140MB hwm=3140MB
RSS_SAMPLE t=1810.3s rss=3140MB hwm=3140MB
RSS_SAMPLE t=1810.5s rss=3140MB hwm=3140MB
RSS_SAMPLE t=1810.8s rss=3141MB hwm=3141MB
RSS_SAMPLE t=1811.0s rss=3141MB hwm=3141MB
RSS_SAMPLE t=1811.3s rss=3141MB hwm=3141MB
RSS_SAMPLE t=1811.5s rss=3141MB hwm=3141MB
RSS_SAMPLE t=1811.8s rss=3141MB hwm=3141MB
RSS_SAMPLE t=1812.0s rss=3141MB hwm=3141MB
RSS_SAMPLE t=1812.3s rss=3141MB hwm=3141MB
RSS_SAMPLE t=1812.5s rss=3141MB hwm=3141MB
RSS_SAMPLE t=1812.8s rss=3141MB hwm=3141MB
RSS_SAMPLE t=1813.0s rss=3141MB hwm=3141MB
RSS_SAMPLE t=1813.3s rss=3141MB hwm=3141MB
RSS_SAMPLE t=1813.5s rss=3141MB hwm=3141MB
RSS_SAMPLE t=1813.8s rss=3141MB hwm=3141MB
RSS_SAMPLE t=1814.0s rss=3141MB hwm=3141MB
RSS_SAMPLE t=1814.3s rss=3141MB hwm=3141MB
RSS_SAMPLE t=1814.5s rss=3141MB hwm=3141MB
RSS_SAMPLE t=1814.8s rss=3141MB hwm=3141MB
RSS_SAMPLE t=1815.0s rss=3141MB hwm=3141MB
RSS_SAMPLE t=1815.3s rss=3141MB hwm=3141MB
RSS_SAMPLE t=1815.5s rss=3141MB hwm=3141MB
RSS_SAMPLE t=1815.8s rss=3141MB hwm=3141MB
RSS_SAMPLE t=1816.0s rss=3141MB hwm=3141MB
RSS_SAMPLE t=1816.3s rss=3141MB hwm=3141MB
RSS_SAMPLE t=1816.5s rss=3141MB hwm=3141MB
RSS_SAMPLE t=1816.8s rss=3141MB hwm=3141MB
RSS_SAMPLE t=1817.0s rss=3141MB hwm=3141MB
RSS_SAMPLE t=1817.3s rss=3141MB hwm=3141MB
RSS_SAMPLE t=1817.5s rss=3141MB hwm=3141MB
RSS_SAMPLE t=1817.8s rss=3141MB hwm=3141MB
RSS_SAMPLE t=1818.0s rss=3141MB hwm=3141MB
RSS_SAMPLE t=1818.3s rss=3141MB hwm=3141MB
RSS_SAMPLE t=1818.5s rss=3141MB hwm=3141MB
RSS_SAMPLE t=1818.8s rss=3141MB hwm=3141MB
RSS_SAMPLE t=1819.0s rss=3141MB hwm=3141MB
RSS_SAMPLE t=1819.3s rss=3141MB hwm=3141MB
RSS_SAMPLE t=1819.5s rss=3141MB hwm=3141MB
RSS_SAMPLE t=1819.8s rss=3141MB hwm=3141MB
RSS_SAMPLE t=1820.0s rss=3141MB hwm=3141MB
RSS_SAMPLE t=1820.3s rss=3141MB hwm=3141MB
RSS_SAMPLE t=1820.5s rss=3141MB hwm=3141MB
RSS_SAMPLE t=1820.8s rss=3141MB hwm=3141MB
RSS_SAMPLE t=1821.0s rss=3141MB hwm=3141MB
RSS_SAMPLE t=1821.3s rss=3141MB hwm=3141MB
RSS_SAMPLE t=1821.5s rss=3141MB hwm=3141MB
RSS_SAMPLE t=1821.8s rss=3141MB hwm=3141MB
RSS_SAMPLE t=1822.0s rss=3141MB hwm=3141MB
RSS_SAMPLE t=1822.3s rss=3141MB hwm=3141MB
RSS_SAMPLE t=1822.5s rss=3141MB hwm=3141MB
RSS_SAMPLE t=1822.8s rss=3141MB hwm=3141MB
RSS_SAMPLE t=1823.0s rss=3141MB hwm=3141MB
RSS_SAMPLE t=1823.3s rss=3141MB hwm=3141MB
RSS_SAMPLE t=1823.5s rss=3141MB hwm=3141MB
RSS_SAMPLE t=1823.8s rss=3141MB hwm=3141MB
RSS_SAMPLE t=1824.0s rss=3141MB hwm=3141MB
RSS_SAMPLE t=1824.3s rss=3141MB hwm=3141MB
MEM_POOL: workspaces=8 dense_usage_mb=313 n_pipes=2562403
    rss_probe[outer=11]: pre_post_solve=3107MB post_post_solve=3141MB after_apply=3141MB
RSS_SAMPLE t=1824.5s rss=3141MB hwm=3141MB
    E_decomp: base=14008348.9 eff=433476988877363.7 cong=433476974869014.8 cong_share=100.0% sat_pipes=594756 max_util=1883.72  R_buckets: 1-2x=1967440 2-10x=100110 10-100x=241701 >=100x=253152
    E_potential: beckmann=114430227059373.0 history_total=0.0
    SpanCache: epoch=12 entries=1850 lookups=2562403 hits=2560553 misses=1850 hit_rate=99.9%
  DCD  11: nets=105117 line=12216940 energy=1285899534.295 dE=-1473884779.245 friction=10130450.0 bins=2.0x(156) excess=42.2 moved=68105 disp=4.901 solves=105117 skip=105117 pops=597379002 theta=1.416 refresh=135559ms dcd=6695ms total=144705ms
    cache_stats: entries=63074796 capacity=125441809 est_mb=1081 rss_mb=3141
RSS_SAMPLE t=1824.8s rss=3141MB hwm=3141MB
RSS_SAMPLE t=1825.0s rss=3141MB hwm=3141MB
RSS_SAMPLE t=1825.3s rss=3141MB hwm=3141MB
RSS_SAMPLE t=1825.5s rss=3141MB hwm=3141MB
RSS_SAMPLE t=1825.8s rss=3141MB hwm=3141MB
RSS_SAMPLE t=1826.0s rss=3141MB hwm=3141MB
RSS_SAMPLE t=1826.3s rss=3141MB hwm=3141MB
RSS_SAMPLE t=1826.5s rss=3141MB hwm=3141MB
RSS_SAMPLE t=1826.8s rss=3141MB hwm=3141MB
RSS_SAMPLE t=1827.0s rss=3141MB hwm=3141MB
    SwitchMatrix: type_usage_pairs=1018 lookups=3215 hits=2197 dijkstra_calls=1018 avg_us=11.4 total_ms=11.6
PHASE_MARK outer=12 enter=pre_solve rss=3141MB
    rss_probe[outer=12]: pre_refresh_rss=3141MB post_pre_solve_rss=3141MB cache_entries=63074796 cache_cap=125441809 cache_est_mb=1081
    pre_solve_diag[outer=12]: solves=0 fallback=0 (0.0%) cap_armed=0 (0.0%) settle_avg=0 settle_max=0 init_count=53
    Overflow: over=525677 (20.5% of used) avg_excess=1.69 max_excess=2341.64 (nc=2365.64 cap=24 span=1)  excess_buckets: <=1=312155 1-5=183337 5-20=27510 >20=2675  by_cap: cap1=292795 cap2=221544 cap3-5=32 cap>5=11306  by_span: s1=425 s2-3=1599 s4-6=7950 s7-12=207758 s>12=307945  le1_cross: cap1=207260 cap2-5=102743 cap>5=2152
    Congestion: pipes=2562403 used=2562403 congested(>50%)=955255 saturated(>90%)=594756 max_util=1883.72 avg_util=0.6384
PHASE_MARK outer=12 enter=dcd_sweep rss=3141MB
RSS_SAMPLE t=1827.3s rss=3141MB hwm=3141MB
RSS_SAMPLE t=1827.5s rss=3141MB hwm=3141MB
RSS_SAMPLE t=1827.8s rss=3141MB hwm=3141MB
RSS_SAMPLE t=1828.0s rss=3141MB hwm=3141MB
RSS_SAMPLE t=1828.3s rss=3141MB hwm=3141MB
RSS_SAMPLE t=1828.5s rss=3141MB hwm=3141MB
RSS_SAMPLE t=1828.8s rss=3141MB hwm=3141MB
RSS_SAMPLE t=1829.0s rss=3141MB hwm=3141MB
RSS_SAMPLE t=1829.3s rss=3141MB hwm=3141MB
RSS_SAMPLE t=1829.5s rss=3141MB hwm=3141MB
RSS_SAMPLE t=1829.8s rss=3141MB hwm=3141MB
RSS_SAMPLE t=1830.0s rss=3141MB hwm=3141MB
RSS_SAMPLE t=1830.3s rss=3141MB hwm=3141MB
RSS_SAMPLE t=1830.6s rss=3141MB hwm=3141MB
RSS_SAMPLE t=1830.8s rss=3141MB hwm=3141MB
RSS_SAMPLE t=1831.1s rss=3141MB hwm=3141MB
RSS_SAMPLE t=1831.3s rss=3141MB hwm=3141MB
RSS_SAMPLE t=1831.6s rss=3141MB hwm=3141MB
RSS_SAMPLE t=1831.8s rss=3141MB hwm=3141MB
RSS_SAMPLE t=1832.1s rss=3141MB hwm=3141MB
RSS_SAMPLE t=1832.3s rss=3141MB hwm=3141MB
RSS_SAMPLE t=1832.6s rss=3141MB hwm=3141MB
RSS_SAMPLE t=1832.8s rss=3141MB hwm=3141MB
RSS_SAMPLE t=1833.1s rss=3141MB hwm=3141MB
RSS_SAMPLE t=1833.3s rss=3141MB hwm=3141MB
RSS_SAMPLE t=1833.6s rss=3141MB hwm=3141MB
RSS_SAMPLE t=1833.8s rss=3141MB hwm=3141MB
PHASE_MARK outer=12 leave=dcd_sweep rss=3141MB
PHASE_MARK outer=12 enter=post_refresh rss=3141MB
RSS_SAMPLE t=1834.1s rss=3141MB hwm=3141MB
RSS_SAMPLE t=1834.3s rss=3141MB hwm=3141MB
RSS_SAMPLE t=1834.6s rss=3141MB hwm=3141MB
RSS_SAMPLE t=1834.8s rss=3141MB hwm=3141MB
RSS_SAMPLE t=1835.1s rss=3141MB hwm=3141MB
RSS_SAMPLE t=1835.3s rss=3141MB hwm=3141MB
RSS_SAMPLE t=1835.6s rss=3141MB hwm=3141MB
RSS_SAMPLE t=1835.8s rss=3141MB hwm=3141MB
RSS_SAMPLE t=1836.1s rss=3141MB hwm=3141MB
RSS_SAMPLE t=1836.3s rss=3141MB hwm=3141MB
RSS_SAMPLE t=1836.6s rss=3141MB hwm=3141MB
RSS_SAMPLE t=1836.8s rss=3141MB hwm=3141MB
RSS_SAMPLE t=1837.1s rss=3141MB hwm=3141MB
RSS_SAMPLE t=1837.3s rss=3142MB hwm=3142MB
RSS_SAMPLE t=1837.6s rss=3142MB hwm=3142MB
RSS_SAMPLE t=1837.8s rss=3142MB hwm=3142MB
RSS_SAMPLE t=1838.1s rss=3142MB hwm=3142MB
RSS_SAMPLE t=1838.3s rss=3142MB hwm=3142MB
RSS_SAMPLE t=1838.6s rss=3142MB hwm=3142MB
RSS_SAMPLE t=1838.8s rss=3142MB hwm=3142MB
RSS_SAMPLE t=1839.1s rss=3142MB hwm=3142MB
RSS_SAMPLE t=1839.3s rss=3143MB hwm=3143MB
RSS_SAMPLE t=1839.6s rss=3143MB hwm=3143MB
RSS_SAMPLE t=1839.8s rss=3143MB hwm=3143MB
RSS_SAMPLE t=1840.1s rss=3143MB hwm=3143MB
RSS_SAMPLE t=1840.3s rss=3143MB hwm=3143MB
RSS_SAMPLE t=1840.6s rss=3143MB hwm=3143MB
RSS_SAMPLE t=1840.8s rss=3143MB hwm=3143MB
RSS_SAMPLE t=1841.1s rss=3143MB hwm=3143MB
RSS_SAMPLE t=1841.3s rss=3144MB hwm=3144MB
RSS_SAMPLE t=1841.6s rss=3144MB hwm=3144MB
RSS_SAMPLE t=1841.8s rss=3144MB hwm=3144MB
RSS_SAMPLE t=1842.1s rss=3144MB hwm=3144MB
RSS_SAMPLE t=1842.3s rss=3144MB hwm=3144MB
RSS_SAMPLE t=1842.6s rss=3144MB hwm=3144MB
RSS_SAMPLE t=1842.8s rss=3144MB hwm=3144MB
RSS_SAMPLE t=1843.1s rss=3145MB hwm=3145MB
RSS_SAMPLE t=1843.3s rss=3145MB hwm=3145MB
RSS_SAMPLE t=1843.6s rss=3145MB hwm=3145MB
RSS_SAMPLE t=1843.8s rss=3145MB hwm=3145MB
RSS_SAMPLE t=1844.1s rss=3145MB hwm=3145MB
RSS_SAMPLE t=1844.3s rss=3145MB hwm=3145MB
RSS_SAMPLE t=1844.6s rss=3145MB hwm=3145MB
RSS_SAMPLE t=1844.8s rss=3146MB hwm=3146MB
RSS_SAMPLE t=1845.1s rss=3146MB hwm=3146MB
RSS_SAMPLE t=1845.3s rss=3146MB hwm=3146MB
RSS_SAMPLE t=1845.6s rss=3146MB hwm=3146MB
RSS_SAMPLE t=1845.8s rss=3146MB hwm=3146MB
RSS_SAMPLE t=1846.1s rss=3146MB hwm=3146MB
RSS_SAMPLE t=1846.3s rss=3146MB hwm=3146MB
RSS_SAMPLE t=1846.6s rss=3147MB hwm=3147MB
RSS_SAMPLE t=1846.8s rss=3147MB hwm=3147MB
RSS_SAMPLE t=1847.1s rss=3147MB hwm=3147MB
RSS_SAMPLE t=1847.3s rss=3147MB hwm=3147MB
RSS_SAMPLE t=1847.6s rss=3147MB hwm=3147MB
RSS_SAMPLE t=1847.8s rss=3147MB hwm=3147MB
RSS_SAMPLE t=1848.1s rss=3147MB hwm=3147MB
RSS_SAMPLE t=1848.3s rss=3147MB hwm=3147MB
RSS_SAMPLE t=1848.6s rss=3148MB hwm=3148MB
RSS_SAMPLE t=1848.8s rss=3148MB hwm=3148MB
RSS_SAMPLE t=1849.1s rss=3148MB hwm=3148MB
RSS_SAMPLE t=1849.3s rss=3148MB hwm=3148MB
RSS_SAMPLE t=1849.6s rss=3148MB hwm=3148MB
RSS_SAMPLE t=1849.8s rss=3148MB hwm=3148MB
RSS_SAMPLE t=1850.1s rss=3148MB hwm=3148MB
RSS_SAMPLE t=1850.3s rss=3148MB hwm=3148MB
RSS_SAMPLE t=1850.6s rss=3148MB hwm=3148MB
RSS_SAMPLE t=1850.8s rss=3148MB hwm=3148MB
RSS_SAMPLE t=1851.1s rss=3149MB hwm=3149MB
RSS_SAMPLE t=1851.3s rss=3149MB hwm=3149MB
RSS_SAMPLE t=1851.6s rss=3149MB hwm=3149MB
RSS_SAMPLE t=1851.8s rss=3149MB hwm=3149MB
RSS_SAMPLE t=1852.1s rss=3149MB hwm=3149MB
RSS_SAMPLE t=1852.3s rss=3149MB hwm=3149MB
RSS_SAMPLE t=1852.6s rss=3149MB hwm=3149MB
RSS_SAMPLE t=1852.8s rss=3150MB hwm=3150MB
RSS_SAMPLE t=1853.1s rss=3150MB hwm=3150MB
RSS_SAMPLE t=1853.3s rss=3150MB hwm=3150MB
RSS_SAMPLE t=1853.6s rss=3150MB hwm=3150MB
RSS_SAMPLE t=1853.8s rss=3150MB hwm=3150MB
RSS_SAMPLE t=1854.1s rss=3150MB hwm=3150MB
RSS_SAMPLE t=1854.3s rss=3150MB hwm=3150MB
RSS_SAMPLE t=1854.6s rss=3150MB hwm=3150MB
RSS_SAMPLE t=1854.8s rss=3150MB hwm=3150MB
RSS_SAMPLE t=1855.1s rss=3150MB hwm=3150MB
RSS_SAMPLE t=1855.3s rss=3150MB hwm=3150MB
RSS_SAMPLE t=1855.6s rss=3150MB hwm=3150MB
RSS_SAMPLE t=1855.8s rss=3150MB hwm=3150MB
RSS_SAMPLE t=1856.1s rss=3151MB hwm=3151MB
RSS_SAMPLE t=1856.3s rss=3151MB hwm=3151MB
RSS_SAMPLE t=1856.6s rss=3151MB hwm=3151MB
RSS_SAMPLE t=1856.8s rss=3151MB hwm=3151MB
RSS_SAMPLE t=1857.1s rss=3151MB hwm=3151MB
RSS_SAMPLE t=1857.3s rss=3151MB hwm=3151MB
RSS_SAMPLE t=1857.6s rss=3151MB hwm=3151MB
RSS_SAMPLE t=1857.8s rss=3151MB hwm=3151MB
RSS_SAMPLE t=1858.1s rss=3151MB hwm=3151MB
RSS_SAMPLE t=1858.3s rss=3151MB hwm=3151MB
RSS_SAMPLE t=1858.6s rss=3151MB hwm=3151MB
RSS_SAMPLE t=1858.8s rss=3151MB hwm=3151MB
RSS_SAMPLE t=1859.1s rss=3151MB hwm=3151MB
RSS_SAMPLE t=1859.3s rss=3151MB hwm=3151MB
RSS_SAMPLE t=1859.6s rss=3152MB hwm=3152MB
RSS_SAMPLE t=1859.8s rss=3152MB hwm=3152MB
RSS_SAMPLE t=1860.1s rss=3152MB hwm=3152MB
RSS_SAMPLE t=1860.3s rss=3152MB hwm=3152MB
RSS_SAMPLE t=1860.6s rss=3152MB hwm=3152MB
RSS_SAMPLE t=1860.8s rss=3152MB hwm=3152MB
RSS_SAMPLE t=1861.1s rss=3152MB hwm=3152MB
RSS_SAMPLE t=1861.3s rss=3152MB hwm=3152MB
RSS_SAMPLE t=1861.6s rss=3153MB hwm=3153MB
RSS_SAMPLE t=1861.8s rss=3153MB hwm=3153MB
RSS_SAMPLE t=1862.1s rss=3153MB hwm=3153MB
RSS_SAMPLE t=1862.3s rss=3153MB hwm=3153MB
RSS_SAMPLE t=1862.6s rss=3153MB hwm=3153MB
RSS_SAMPLE t=1862.8s rss=3153MB hwm=3153MB
RSS_SAMPLE t=1863.1s rss=3153MB hwm=3153MB
RSS_SAMPLE t=1863.3s rss=3153MB hwm=3153MB
RSS_SAMPLE t=1863.6s rss=3153MB hwm=3153MB
RSS_SAMPLE t=1863.8s rss=3153MB hwm=3153MB
RSS_SAMPLE t=1864.1s rss=3154MB hwm=3154MB
RSS_SAMPLE t=1864.3s rss=3154MB hwm=3154MB
RSS_SAMPLE t=1864.6s rss=3154MB hwm=3154MB
RSS_SAMPLE t=1864.8s rss=3154MB hwm=3154MB
RSS_SAMPLE t=1865.1s rss=3154MB hwm=3154MB
RSS_SAMPLE t=1865.3s rss=3155MB hwm=3155MB
RSS_SAMPLE t=1865.6s rss=3155MB hwm=3155MB
RSS_SAMPLE t=1865.8s rss=3156MB hwm=3156MB
RSS_SAMPLE t=1866.1s rss=3156MB hwm=3156MB
RSS_SAMPLE t=1866.3s rss=3156MB hwm=3156MB
RSS_SAMPLE t=1866.6s rss=3156MB hwm=3156MB
RSS_SAMPLE t=1866.8s rss=3156MB hwm=3156MB
RSS_SAMPLE t=1867.1s rss=3157MB hwm=3157MB
RSS_SAMPLE t=1867.3s rss=3157MB hwm=3157MB
RSS_SAMPLE t=1867.6s rss=3157MB hwm=3157MB
RSS_SAMPLE t=1867.8s rss=3157MB hwm=3157MB
RSS_SAMPLE t=1868.1s rss=3158MB hwm=3158MB
RSS_SAMPLE t=1868.3s rss=3158MB hwm=3158MB
RSS_SAMPLE t=1868.6s rss=3158MB hwm=3158MB
RSS_SAMPLE t=1868.8s rss=3159MB hwm=3159MB
RSS_SAMPLE t=1869.1s rss=3159MB hwm=3159MB
RSS_SAMPLE t=1869.3s rss=3159MB hwm=3159MB
RSS_SAMPLE t=1869.6s rss=3159MB hwm=3159MB
RSS_SAMPLE t=1869.8s rss=3159MB hwm=3159MB
RSS_SAMPLE t=1870.1s rss=3159MB hwm=3159MB
RSS_SAMPLE t=1870.3s rss=3159MB hwm=3159MB
RSS_SAMPLE t=1870.6s rss=3159MB hwm=3159MB
RSS_SAMPLE t=1870.8s rss=3160MB hwm=3160MB
RSS_SAMPLE t=1871.1s rss=3160MB hwm=3160MB
RSS_SAMPLE t=1871.3s rss=3160MB hwm=3160MB
RSS_SAMPLE t=1871.6s rss=3160MB hwm=3160MB
RSS_SAMPLE t=1871.8s rss=3160MB hwm=3160MB
RSS_SAMPLE t=1872.1s rss=3160MB hwm=3160MB
RSS_SAMPLE t=1872.3s rss=3160MB hwm=3160MB
RSS_SAMPLE t=1872.6s rss=3161MB hwm=3161MB
RSS_SAMPLE t=1872.8s rss=3161MB hwm=3161MB
RSS_SAMPLE t=1873.1s rss=3161MB hwm=3161MB
RSS_SAMPLE t=1873.3s rss=3161MB hwm=3161MB
RSS_SAMPLE t=1873.6s rss=3161MB hwm=3161MB
RSS_SAMPLE t=1873.8s rss=3161MB hwm=3161MB
RSS_SAMPLE t=1874.1s rss=3161MB hwm=3161MB
RSS_SAMPLE t=1874.3s rss=3161MB hwm=3161MB
RSS_SAMPLE t=1874.6s rss=3161MB hwm=3161MB
RSS_SAMPLE t=1874.8s rss=3161MB hwm=3161MB
RSS_SAMPLE t=1875.1s rss=3161MB hwm=3161MB
RSS_SAMPLE t=1875.3s rss=3161MB hwm=3161MB
RSS_SAMPLE t=1875.6s rss=3161MB hwm=3161MB
RSS_SAMPLE t=1875.8s rss=3161MB hwm=3161MB
RSS_SAMPLE t=1876.1s rss=3162MB hwm=3162MB
RSS_SAMPLE t=1876.3s rss=3162MB hwm=3162MB
RSS_SAMPLE t=1876.6s rss=3162MB hwm=3162MB
RSS_SAMPLE t=1876.8s rss=3162MB hwm=3162MB
RSS_SAMPLE t=1877.1s rss=3162MB hwm=3162MB
RSS_SAMPLE t=1877.3s rss=3162MB hwm=3162MB
RSS_SAMPLE t=1877.6s rss=3162MB hwm=3162MB
RSS_SAMPLE t=1877.8s rss=3162MB hwm=3162MB
RSS_SAMPLE t=1878.1s rss=3162MB hwm=3162MB
RSS_SAMPLE t=1878.3s rss=3162MB hwm=3162MB
RSS_SAMPLE t=1878.6s rss=3162MB hwm=3162MB
RSS_SAMPLE t=1878.8s rss=3162MB hwm=3162MB
RSS_SAMPLE t=1879.1s rss=3162MB hwm=3162MB
RSS_SAMPLE t=1879.3s rss=3162MB hwm=3162MB
RSS_SAMPLE t=1879.6s rss=3162MB hwm=3162MB
RSS_SAMPLE t=1879.8s rss=3162MB hwm=3162MB
RSS_SAMPLE t=1880.1s rss=3162MB hwm=3162MB
RSS_SAMPLE t=1880.3s rss=3162MB hwm=3162MB
RSS_SAMPLE t=1880.6s rss=3162MB hwm=3162MB
RSS_SAMPLE t=1880.8s rss=3162MB hwm=3162MB
RSS_SAMPLE t=1881.1s rss=3162MB hwm=3162MB
RSS_SAMPLE t=1881.3s rss=3162MB hwm=3162MB
RSS_SAMPLE t=1881.6s rss=3162MB hwm=3162MB
RSS_SAMPLE t=1881.8s rss=3162MB hwm=3162MB
RSS_SAMPLE t=1882.1s rss=3162MB hwm=3162MB
RSS_SAMPLE t=1882.3s rss=3162MB hwm=3162MB
RSS_SAMPLE t=1882.6s rss=3162MB hwm=3162MB
RSS_SAMPLE t=1882.8s rss=3162MB hwm=3162MB
RSS_SAMPLE t=1883.1s rss=3162MB hwm=3162MB
RSS_SAMPLE t=1883.3s rss=3162MB hwm=3162MB
RSS_SAMPLE t=1883.6s rss=3162MB hwm=3162MB
RSS_SAMPLE t=1883.8s rss=3162MB hwm=3162MB
RSS_SAMPLE t=1884.1s rss=3162MB hwm=3162MB
RSS_SAMPLE t=1884.3s rss=3162MB hwm=3162MB
RSS_SAMPLE t=1884.6s rss=3162MB hwm=3162MB
RSS_SAMPLE t=1884.8s rss=3162MB hwm=3162MB
RSS_SAMPLE t=1885.1s rss=3162MB hwm=3162MB
RSS_SAMPLE t=1885.3s rss=3162MB hwm=3162MB
RSS_SAMPLE t=1885.6s rss=3162MB hwm=3162MB
RSS_SAMPLE t=1885.8s rss=3162MB hwm=3162MB
RSS_SAMPLE t=1886.1s rss=3162MB hwm=3162MB
RSS_SAMPLE t=1886.3s rss=3162MB hwm=3162MB
RSS_SAMPLE t=1886.6s rss=3162MB hwm=3162MB
RSS_SAMPLE t=1886.8s rss=3162MB hwm=3162MB
RSS_SAMPLE t=1887.1s rss=3162MB hwm=3162MB
RSS_SAMPLE t=1887.3s rss=3162MB hwm=3162MB
RSS_SAMPLE t=1887.6s rss=3162MB hwm=3162MB
RSS_SAMPLE t=1887.8s rss=3162MB hwm=3162MB
RSS_SAMPLE t=1888.1s rss=3162MB hwm=3162MB
RSS_SAMPLE t=1888.3s rss=3162MB hwm=3162MB
RSS_SAMPLE t=1888.6s rss=3162MB hwm=3162MB
RSS_SAMPLE t=1888.8s rss=3162MB hwm=3162MB
RSS_SAMPLE t=1889.1s rss=3162MB hwm=3162MB
RSS_SAMPLE t=1889.3s rss=3162MB hwm=3162MB
RSS_SAMPLE t=1889.6s rss=3162MB hwm=3162MB
RSS_SAMPLE t=1889.8s rss=3162MB hwm=3162MB
RSS_SAMPLE t=1890.1s rss=3162MB hwm=3162MB
RSS_SAMPLE t=1890.3s rss=3162MB hwm=3162MB
RSS_SAMPLE t=1890.6s rss=3162MB hwm=3162MB
RSS_SAMPLE t=1890.8s rss=3162MB hwm=3162MB
RSS_SAMPLE t=1891.1s rss=3162MB hwm=3162MB
RSS_SAMPLE t=1891.3s rss=3162MB hwm=3162MB
RSS_SAMPLE t=1891.6s rss=3162MB hwm=3162MB
RSS_SAMPLE t=1891.8s rss=3162MB hwm=3162MB
RSS_SAMPLE t=1892.1s rss=3162MB hwm=3162MB
RSS_SAMPLE t=1892.3s rss=3162MB hwm=3162MB
RSS_SAMPLE t=1892.6s rss=3162MB hwm=3162MB
RSS_SAMPLE t=1892.8s rss=3162MB hwm=3162MB
RSS_SAMPLE t=1893.1s rss=3162MB hwm=3162MB
RSS_SAMPLE t=1893.3s rss=3162MB hwm=3162MB
RSS_SAMPLE t=1893.6s rss=3162MB hwm=3162MB
RSS_SAMPLE t=1893.8s rss=3162MB hwm=3162MB
RSS_SAMPLE t=1894.1s rss=3162MB hwm=3162MB
RSS_SAMPLE t=1894.3s rss=3162MB hwm=3162MB
RSS_SAMPLE t=1894.6s rss=3162MB hwm=3162MB
RSS_SAMPLE t=1894.8s rss=3163MB hwm=3163MB
RSS_SAMPLE t=1895.1s rss=3163MB hwm=3163MB
RSS_SAMPLE t=1895.3s rss=3163MB hwm=3163MB
RSS_SAMPLE t=1895.6s rss=3163MB hwm=3163MB
RSS_SAMPLE t=1895.8s rss=3163MB hwm=3163MB
RSS_SAMPLE t=1896.1s rss=3163MB hwm=3163MB
RSS_SAMPLE t=1896.3s rss=3164MB hwm=3164MB
RSS_SAMPLE t=1896.6s rss=3164MB hwm=3164MB
RSS_SAMPLE t=1896.8s rss=3164MB hwm=3164MB
RSS_SAMPLE t=1897.1s rss=3164MB hwm=3164MB
RSS_SAMPLE t=1897.3s rss=3164MB hwm=3164MB
RSS_SAMPLE t=1897.6s rss=3164MB hwm=3164MB
RSS_SAMPLE t=1897.8s rss=3164MB hwm=3164MB
RSS_SAMPLE t=1898.1s rss=3164MB hwm=3164MB
RSS_SAMPLE t=1898.3s rss=3165MB hwm=3165MB
RSS_SAMPLE t=1898.6s rss=3165MB hwm=3165MB
RSS_SAMPLE t=1898.8s rss=3165MB hwm=3165MB
RSS_SAMPLE t=1899.1s rss=3165MB hwm=3165MB
RSS_SAMPLE t=1899.3s rss=3166MB hwm=3166MB
RSS_SAMPLE t=1899.6s rss=3166MB hwm=3166MB
RSS_SAMPLE t=1899.8s rss=3166MB hwm=3166MB
RSS_SAMPLE t=1900.1s rss=3166MB hwm=3166MB
RSS_SAMPLE t=1900.3s rss=3166MB hwm=3166MB
RSS_SAMPLE t=1900.6s rss=3166MB hwm=3166MB
RSS_SAMPLE t=1900.8s rss=3166MB hwm=3166MB
RSS_SAMPLE t=1901.1s rss=3166MB hwm=3166MB
RSS_SAMPLE t=1901.3s rss=3166MB hwm=3166MB
RSS_SAMPLE t=1901.6s rss=3166MB hwm=3166MB
RSS_SAMPLE t=1901.8s rss=3166MB hwm=3166MB
RSS_SAMPLE t=1902.1s rss=3166MB hwm=3166MB
RSS_SAMPLE t=1902.3s rss=3166MB hwm=3166MB
RSS_SAMPLE t=1902.6s rss=3166MB hwm=3166MB
RSS_SAMPLE t=1902.8s rss=3166MB hwm=3166MB
RSS_SAMPLE t=1903.1s rss=3166MB hwm=3166MB
RSS_SAMPLE t=1903.3s rss=3166MB hwm=3166MB
RSS_SAMPLE t=1903.6s rss=3166MB hwm=3166MB
RSS_SAMPLE t=1903.8s rss=3166MB hwm=3166MB
RSS_SAMPLE t=1904.1s rss=3166MB hwm=3166MB
RSS_SAMPLE t=1904.3s rss=3166MB hwm=3166MB
RSS_SAMPLE t=1904.6s rss=3166MB hwm=3166MB
RSS_SAMPLE t=1904.8s rss=3166MB hwm=3166MB
RSS_SAMPLE t=1905.1s rss=3166MB hwm=3166MB
RSS_SAMPLE t=1905.3s rss=3166MB hwm=3166MB
RSS_SAMPLE t=1905.6s rss=3166MB hwm=3166MB
RSS_SAMPLE t=1905.8s rss=3166MB hwm=3166MB
RSS_SAMPLE t=1906.1s rss=3166MB hwm=3166MB
RSS_SAMPLE t=1906.3s rss=3166MB hwm=3166MB
RSS_SAMPLE t=1906.6s rss=3166MB hwm=3166MB
RSS_SAMPLE t=1906.8s rss=3166MB hwm=3166MB
RSS_SAMPLE t=1907.1s rss=3166MB hwm=3166MB
RSS_SAMPLE t=1907.3s rss=3166MB hwm=3166MB
RSS_SAMPLE t=1907.6s rss=3166MB hwm=3166MB
RSS_SAMPLE t=1907.8s rss=3166MB hwm=3166MB
RSS_SAMPLE t=1908.1s rss=3166MB hwm=3166MB
RSS_SAMPLE t=1908.3s rss=3166MB hwm=3166MB
RSS_SAMPLE t=1908.6s rss=3166MB hwm=3166MB
RSS_SAMPLE t=1908.8s rss=3166MB hwm=3166MB
RSS_SAMPLE t=1909.1s rss=3166MB hwm=3166MB
RSS_SAMPLE t=1909.3s rss=3166MB hwm=3166MB
RSS_SAMPLE t=1909.6s rss=3166MB hwm=3166MB
RSS_SAMPLE t=1909.8s rss=3166MB hwm=3166MB
RSS_SAMPLE t=1910.1s rss=3166MB hwm=3166MB
RSS_SAMPLE t=1910.3s rss=3166MB hwm=3166MB
RSS_SAMPLE t=1910.6s rss=3166MB hwm=3166MB
RSS_SAMPLE t=1910.8s rss=3166MB hwm=3166MB
RSS_SAMPLE t=1911.1s rss=3166MB hwm=3166MB
RSS_SAMPLE t=1911.3s rss=3166MB hwm=3166MB
RSS_SAMPLE t=1911.6s rss=3166MB hwm=3166MB
RSS_SAMPLE t=1911.8s rss=3166MB hwm=3166MB
RSS_SAMPLE t=1912.1s rss=3166MB hwm=3166MB
RSS_SAMPLE t=1912.3s rss=3166MB hwm=3166MB
RSS_SAMPLE t=1912.6s rss=3166MB hwm=3166MB
RSS_SAMPLE t=1912.8s rss=3166MB hwm=3166MB
RSS_SAMPLE t=1913.1s rss=3166MB hwm=3166MB
RSS_SAMPLE t=1913.3s rss=3166MB hwm=3166MB
RSS_SAMPLE t=1913.6s rss=3166MB hwm=3166MB
RSS_SAMPLE t=1913.8s rss=3166MB hwm=3166MB
RSS_SAMPLE t=1914.1s rss=3166MB hwm=3166MB
RSS_SAMPLE t=1914.3s rss=3166MB hwm=3166MB
RSS_SAMPLE t=1914.6s rss=3166MB hwm=3166MB
RSS_SAMPLE t=1914.8s rss=3166MB hwm=3166MB
RSS_SAMPLE t=1915.1s rss=3166MB hwm=3166MB
RSS_SAMPLE t=1915.3s rss=3166MB hwm=3166MB
RSS_SAMPLE t=1915.6s rss=3166MB hwm=3166MB
RSS_SAMPLE t=1915.8s rss=3166MB hwm=3166MB
RSS_SAMPLE t=1916.1s rss=3166MB hwm=3166MB
RSS_SAMPLE t=1916.3s rss=3166MB hwm=3166MB
RSS_SAMPLE t=1916.6s rss=3166MB hwm=3166MB
RSS_SAMPLE t=1916.8s rss=3166MB hwm=3166MB
RSS_SAMPLE t=1917.1s rss=3166MB hwm=3166MB
RSS_SAMPLE t=1917.3s rss=3166MB hwm=3166MB
RSS_SAMPLE t=1917.6s rss=3166MB hwm=3166MB
RSS_SAMPLE t=1917.8s rss=3166MB hwm=3166MB
RSS_SAMPLE t=1918.1s rss=3166MB hwm=3166MB
RSS_SAMPLE t=1918.3s rss=3166MB hwm=3166MB
RSS_SAMPLE t=1918.6s rss=3166MB hwm=3166MB
RSS_SAMPLE t=1918.8s rss=3166MB hwm=3166MB
RSS_SAMPLE t=1919.1s rss=3166MB hwm=3166MB
RSS_SAMPLE t=1919.3s rss=3166MB hwm=3166MB
RSS_SAMPLE t=1919.6s rss=3166MB hwm=3166MB
RSS_SAMPLE t=1919.8s rss=3166MB hwm=3166MB
RSS_SAMPLE t=1920.1s rss=3166MB hwm=3166MB
RSS_SAMPLE t=1920.3s rss=3166MB hwm=3166MB
RSS_SAMPLE t=1920.6s rss=3166MB hwm=3166MB
RSS_SAMPLE t=1920.8s rss=3166MB hwm=3166MB
RSS_SAMPLE t=1921.1s rss=3166MB hwm=3166MB
RSS_SAMPLE t=1921.3s rss=3166MB hwm=3166MB
RSS_SAMPLE t=1921.6s rss=3166MB hwm=3166MB
RSS_SAMPLE t=1921.8s rss=3166MB hwm=3166MB
RSS_SAMPLE t=1922.1s rss=3166MB hwm=3166MB
RSS_SAMPLE t=1922.4s rss=3166MB hwm=3166MB
RSS_SAMPLE t=1922.6s rss=3166MB hwm=3166MB
RSS_SAMPLE t=1922.9s rss=3166MB hwm=3166MB
RSS_SAMPLE t=1923.1s rss=3166MB hwm=3166MB
RSS_SAMPLE t=1923.4s rss=3166MB hwm=3166MB
RSS_SAMPLE t=1923.6s rss=3166MB hwm=3166MB
RSS_SAMPLE t=1923.9s rss=3166MB hwm=3166MB
RSS_SAMPLE t=1924.1s rss=3167MB hwm=3167MB
RSS_SAMPLE t=1924.4s rss=3167MB hwm=3167MB
RSS_SAMPLE t=1924.6s rss=3167MB hwm=3167MB
RSS_SAMPLE t=1924.9s rss=3167MB hwm=3167MB
RSS_SAMPLE t=1925.1s rss=3167MB hwm=3167MB
RSS_SAMPLE t=1925.4s rss=3167MB hwm=3167MB
RSS_SAMPLE t=1925.6s rss=3167MB hwm=3167MB
RSS_SAMPLE t=1925.9s rss=3167MB hwm=3167MB
RSS_SAMPLE t=1926.1s rss=3167MB hwm=3167MB
RSS_SAMPLE t=1926.4s rss=3167MB hwm=3167MB
RSS_SAMPLE t=1926.6s rss=3167MB hwm=3167MB
RSS_SAMPLE t=1926.9s rss=3167MB hwm=3167MB
RSS_SAMPLE t=1927.1s rss=3167MB hwm=3167MB
RSS_SAMPLE t=1927.4s rss=3167MB hwm=3167MB
RSS_SAMPLE t=1927.6s rss=3167MB hwm=3167MB
RSS_SAMPLE t=1927.9s rss=3167MB hwm=3167MB
RSS_SAMPLE t=1928.1s rss=3167MB hwm=3167MB
RSS_SAMPLE t=1928.4s rss=3167MB hwm=3167MB
RSS_SAMPLE t=1928.6s rss=3167MB hwm=3167MB
RSS_SAMPLE t=1928.9s rss=3167MB hwm=3167MB
RSS_SAMPLE t=1929.1s rss=3167MB hwm=3167MB
RSS_SAMPLE t=1929.4s rss=3167MB hwm=3167MB
RSS_SAMPLE t=1929.6s rss=3167MB hwm=3167MB
RSS_SAMPLE t=1929.9s rss=3167MB hwm=3167MB
RSS_SAMPLE t=1930.1s rss=3167MB hwm=3167MB
RSS_SAMPLE t=1930.4s rss=3167MB hwm=3167MB
RSS_SAMPLE t=1930.6s rss=3167MB hwm=3167MB
RSS_SAMPLE t=1930.9s rss=3167MB hwm=3167MB
RSS_SAMPLE t=1931.1s rss=3167MB hwm=3167MB
RSS_SAMPLE t=1931.4s rss=3167MB hwm=3167MB
RSS_SAMPLE t=1931.6s rss=3167MB hwm=3167MB
RSS_SAMPLE t=1931.9s rss=3167MB hwm=3167MB
RSS_SAMPLE t=1932.1s rss=3167MB hwm=3167MB
RSS_SAMPLE t=1932.4s rss=3167MB hwm=3167MB
RSS_SAMPLE t=1932.6s rss=3167MB hwm=3167MB
RSS_SAMPLE t=1932.9s rss=3167MB hwm=3167MB
RSS_SAMPLE t=1933.1s rss=3167MB hwm=3167MB
RSS_SAMPLE t=1933.4s rss=3167MB hwm=3167MB
RSS_SAMPLE t=1933.6s rss=3167MB hwm=3167MB
RSS_SAMPLE t=1933.9s rss=3167MB hwm=3167MB
RSS_SAMPLE t=1934.1s rss=3167MB hwm=3167MB
RSS_SAMPLE t=1934.4s rss=3167MB hwm=3167MB
RSS_SAMPLE t=1934.6s rss=3167MB hwm=3167MB
RSS_SAMPLE t=1934.9s rss=3167MB hwm=3167MB
RSS_SAMPLE t=1935.1s rss=3167MB hwm=3167MB
RSS_SAMPLE t=1935.4s rss=3167MB hwm=3167MB
RSS_SAMPLE t=1935.6s rss=3167MB hwm=3167MB
RSS_SAMPLE t=1935.9s rss=3167MB hwm=3167MB
RSS_SAMPLE t=1936.1s rss=3167MB hwm=3167MB
RSS_SAMPLE t=1936.4s rss=3167MB hwm=3167MB
RSS_SAMPLE t=1936.6s rss=3167MB hwm=3167MB
RSS_SAMPLE t=1936.9s rss=3167MB hwm=3167MB
RSS_SAMPLE t=1937.1s rss=3167MB hwm=3167MB
RSS_SAMPLE t=1937.4s rss=3168MB hwm=3168MB
RSS_SAMPLE t=1937.6s rss=3168MB hwm=3168MB
RSS_SAMPLE t=1937.9s rss=3168MB hwm=3168MB
RSS_SAMPLE t=1938.1s rss=3168MB hwm=3168MB
RSS_SAMPLE t=1938.4s rss=3168MB hwm=3168MB
RSS_SAMPLE t=1938.6s rss=3168MB hwm=3168MB
RSS_SAMPLE t=1938.9s rss=3168MB hwm=3168MB
RSS_SAMPLE t=1939.1s rss=3168MB hwm=3168MB
RSS_SAMPLE t=1939.4s rss=3168MB hwm=3168MB
RSS_SAMPLE t=1939.6s rss=3168MB hwm=3168MB
RSS_SAMPLE t=1939.9s rss=3168MB hwm=3168MB
RSS_SAMPLE t=1940.1s rss=3168MB hwm=3168MB
RSS_SAMPLE t=1940.4s rss=3168MB hwm=3168MB
RSS_SAMPLE t=1940.6s rss=3168MB hwm=3168MB
RSS_SAMPLE t=1940.9s rss=3168MB hwm=3168MB
RSS_SAMPLE t=1941.1s rss=3168MB hwm=3168MB
RSS_SAMPLE t=1941.4s rss=3168MB hwm=3168MB
RSS_SAMPLE t=1941.6s rss=3168MB hwm=3168MB
RSS_SAMPLE t=1941.9s rss=3168MB hwm=3168MB
RSS_SAMPLE t=1942.1s rss=3168MB hwm=3168MB
RSS_SAMPLE t=1942.4s rss=3168MB hwm=3168MB
RSS_SAMPLE t=1942.6s rss=3168MB hwm=3168MB
RSS_SAMPLE t=1942.9s rss=3168MB hwm=3168MB
RSS_SAMPLE t=1943.1s rss=3168MB hwm=3168MB
RSS_SAMPLE t=1943.4s rss=3168MB hwm=3168MB
RSS_SAMPLE t=1943.6s rss=3168MB hwm=3168MB
RSS_SAMPLE t=1943.9s rss=3168MB hwm=3168MB
RSS_SAMPLE t=1944.1s rss=3168MB hwm=3168MB
RSS_SAMPLE t=1944.4s rss=3168MB hwm=3168MB
RSS_SAMPLE t=1944.6s rss=3168MB hwm=3168MB
RSS_SAMPLE t=1944.9s rss=3168MB hwm=3168MB
RSS_SAMPLE t=1945.1s rss=3168MB hwm=3168MB
RSS_SAMPLE t=1945.4s rss=3168MB hwm=3168MB
RSS_SAMPLE t=1945.6s rss=3168MB hwm=3168MB
RSS_SAMPLE t=1945.9s rss=3168MB hwm=3168MB
RSS_SAMPLE t=1946.1s rss=3168MB hwm=3168MB
RSS_SAMPLE t=1946.4s rss=3168MB hwm=3168MB
RSS_SAMPLE t=1946.6s rss=3168MB hwm=3168MB
RSS_SAMPLE t=1946.9s rss=3168MB hwm=3168MB
RSS_SAMPLE t=1947.1s rss=3168MB hwm=3168MB
RSS_SAMPLE t=1947.4s rss=3168MB hwm=3168MB
RSS_SAMPLE t=1947.6s rss=3168MB hwm=3168MB
RSS_SAMPLE t=1947.9s rss=3168MB hwm=3168MB
RSS_SAMPLE t=1948.1s rss=3168MB hwm=3168MB
RSS_SAMPLE t=1948.4s rss=3168MB hwm=3168MB
RSS_SAMPLE t=1948.6s rss=3168MB hwm=3168MB
RSS_SAMPLE t=1948.9s rss=3168MB hwm=3168MB
RSS_SAMPLE t=1949.1s rss=3168MB hwm=3168MB
RSS_SAMPLE t=1949.4s rss=3168MB hwm=3168MB
RSS_SAMPLE t=1949.6s rss=3168MB hwm=3168MB
RSS_SAMPLE t=1949.9s rss=3168MB hwm=3168MB
RSS_SAMPLE t=1950.1s rss=3168MB hwm=3168MB
RSS_SAMPLE t=1950.4s rss=3168MB hwm=3168MB
RSS_SAMPLE t=1950.6s rss=3168MB hwm=3168MB
RSS_SAMPLE t=1950.9s rss=3168MB hwm=3168MB
RSS_SAMPLE t=1951.1s rss=3168MB hwm=3168MB
RSS_SAMPLE t=1951.4s rss=3168MB hwm=3168MB
RSS_SAMPLE t=1951.6s rss=3168MB hwm=3168MB
RSS_SAMPLE t=1951.9s rss=3168MB hwm=3168MB
RSS_SAMPLE t=1952.1s rss=3168MB hwm=3168MB
RSS_SAMPLE t=1952.4s rss=3168MB hwm=3168MB
RSS_SAMPLE t=1952.6s rss=3168MB hwm=3168MB
RSS_SAMPLE t=1952.9s rss=3168MB hwm=3168MB
RSS_SAMPLE t=1953.1s rss=3168MB hwm=3168MB
RSS_SAMPLE t=1953.4s rss=3168MB hwm=3168MB
RSS_SAMPLE t=1953.6s rss=3168MB hwm=3168MB
RSS_SAMPLE t=1953.9s rss=3168MB hwm=3168MB
RSS_SAMPLE t=1954.1s rss=3168MB hwm=3168MB
RSS_SAMPLE t=1954.4s rss=3168MB hwm=3168MB
RSS_SAMPLE t=1954.6s rss=3168MB hwm=3168MB
RSS_SAMPLE t=1954.9s rss=3168MB hwm=3168MB
RSS_SAMPLE t=1955.1s rss=3168MB hwm=3168MB
RSS_SAMPLE t=1955.4s rss=3168MB hwm=3168MB
RSS_SAMPLE t=1955.6s rss=3168MB hwm=3168MB
RSS_SAMPLE t=1955.9s rss=3168MB hwm=3168MB
RSS_SAMPLE t=1956.1s rss=3168MB hwm=3168MB
RSS_SAMPLE t=1956.4s rss=3168MB hwm=3168MB
RSS_SAMPLE t=1956.6s rss=3168MB hwm=3168MB
RSS_SAMPLE t=1956.9s rss=3168MB hwm=3168MB
RSS_SAMPLE t=1957.1s rss=3168MB hwm=3168MB
RSS_SAMPLE t=1957.4s rss=3168MB hwm=3168MB
RSS_SAMPLE t=1957.6s rss=3168MB hwm=3168MB
RSS_SAMPLE t=1957.9s rss=3168MB hwm=3168MB
RSS_SAMPLE t=1958.1s rss=3168MB hwm=3168MB
RSS_SAMPLE t=1958.4s rss=3168MB hwm=3168MB
RSS_SAMPLE t=1958.6s rss=3168MB hwm=3168MB
RSS_SAMPLE t=1958.9s rss=3168MB hwm=3168MB
RSS_SAMPLE t=1959.1s rss=3168MB hwm=3168MB
RSS_SAMPLE t=1959.4s rss=3168MB hwm=3168MB
RSS_SAMPLE t=1959.6s rss=3168MB hwm=3168MB
RSS_SAMPLE t=1959.9s rss=3168MB hwm=3168MB
RSS_SAMPLE t=1960.1s rss=3168MB hwm=3168MB
RSS_SAMPLE t=1960.4s rss=3168MB hwm=3168MB
RSS_SAMPLE t=1960.6s rss=3168MB hwm=3168MB
RSS_SAMPLE t=1960.9s rss=3168MB hwm=3168MB
RSS_SAMPLE t=1961.1s rss=3168MB hwm=3168MB
RSS_SAMPLE t=1961.4s rss=3168MB hwm=3168MB
RSS_SAMPLE t=1961.6s rss=3168MB hwm=3168MB
RSS_SAMPLE t=1961.9s rss=3168MB hwm=3168MB
RSS_SAMPLE t=1962.1s rss=3168MB hwm=3168MB
RSS_SAMPLE t=1962.4s rss=3168MB hwm=3168MB
RSS_SAMPLE t=1962.6s rss=3168MB hwm=3168MB
RSS_SAMPLE t=1962.9s rss=3168MB hwm=3168MB
RSS_SAMPLE t=1963.1s rss=3168MB hwm=3168MB
RSS_SAMPLE t=1963.4s rss=3168MB hwm=3168MB
RSS_SAMPLE t=1963.6s rss=3168MB hwm=3168MB
RSS_SAMPLE t=1963.9s rss=3168MB hwm=3168MB
RSS_SAMPLE t=1964.1s rss=3168MB hwm=3168MB
RSS_SAMPLE t=1964.4s rss=3168MB hwm=3168MB
RSS_SAMPLE t=1964.6s rss=3168MB hwm=3168MB
RSS_SAMPLE t=1964.9s rss=3168MB hwm=3168MB
RSS_SAMPLE t=1965.1s rss=3168MB hwm=3168MB
RSS_SAMPLE t=1965.4s rss=3168MB hwm=3168MB
RSS_SAMPLE t=1965.6s rss=3168MB hwm=3168MB
RSS_SAMPLE t=1965.9s rss=3168MB hwm=3168MB
RSS_SAMPLE t=1966.1s rss=3168MB hwm=3168MB
RSS_SAMPLE t=1966.4s rss=3168MB hwm=3168MB
RSS_SAMPLE t=1966.6s rss=3168MB hwm=3168MB
RSS_SAMPLE t=1966.9s rss=3168MB hwm=3168MB
RSS_SAMPLE t=1967.1s rss=3168MB hwm=3168MB
RSS_SAMPLE t=1967.4s rss=3168MB hwm=3168MB
RSS_SAMPLE t=1967.6s rss=3168MB hwm=3168MB
RSS_SAMPLE t=1967.9s rss=3168MB hwm=3168MB
RSS_SAMPLE t=1968.1s rss=3168MB hwm=3168MB
RSS_SAMPLE t=1968.4s rss=3168MB hwm=3168MB
RSS_SAMPLE t=1968.6s rss=3168MB hwm=3168MB
RSS_SAMPLE t=1968.9s rss=3168MB hwm=3168MB
RSS_SAMPLE t=1969.1s rss=3168MB hwm=3168MB
RSS_SAMPLE t=1969.4s rss=3168MB hwm=3168MB
MEM_POOL: workspaces=8 dense_usage_mb=313 n_pipes=2562403
    rss_probe[outer=12]: pre_post_solve=3141MB post_post_solve=3168MB after_apply=3168MB
    E_decomp: base=10593333.3 eff=305645207604616.1 cong=305645197011282.8 cong_share=100.0% sat_pipes=316957 max_util=950.38  R_buckets: 1-2x=814316 2-10x=60992 10-100x=399937 >=100x=1287158
    E_potential: beckmann=44668260198727.7 history_total=0.0
    SpanCache: epoch=13 entries=3215 lookups=2562403 hits=2559188 misses=3215 hit_rate=99.9%
  DCD  12: nets=105117 line=11767307 energy=6851000967.032 dE=+5565101432.738 friction=4689984.9 bins=2.0x(180) excess=63.0 moved=68248 disp=4.842 solves=105117 skip=105117 pops=565224587 theta=1.658 refresh=135505ms dcd=6795ms total=144899ms
    cache_stats: entries=62453677 capacity=127336600 est_mb=1098 rss_mb=3168
RSS_SAMPLE t=1969.6s rss=3168MB hwm=3168MB
RSS_SAMPLE t=1969.9s rss=3168MB hwm=3168MB
RSS_SAMPLE t=1970.1s rss=3168MB hwm=3168MB
RSS_SAMPLE t=1970.4s rss=3168MB hwm=3168MB
RSS_SAMPLE t=1970.6s rss=3168MB hwm=3168MB
RSS_SAMPLE t=1970.9s rss=3168MB hwm=3168MB
RSS_SAMPLE t=1971.1s rss=3168MB hwm=3168MB
RSS_SAMPLE t=1971.4s rss=3168MB hwm=3168MB
RSS_SAMPLE t=1971.6s rss=3168MB hwm=3168MB
RSS_SAMPLE t=1971.9s rss=3168MB hwm=3168MB
    SwitchMatrix: type_usage_pairs=833 lookups=2470 hits=1637 dijkstra_calls=833 avg_us=13.1 total_ms=11.0
PHASE_MARK outer=13 enter=pre_solve rss=3168MB
    rss_probe[outer=13]: pre_refresh_rss=3168MB post_pre_solve_rss=3168MB cache_entries=62453677 cache_cap=127336600 cache_est_mb=1098
    pre_solve_diag[outer=13]: solves=0 fallback=0 (0.0%) cap_armed=0 (0.0%) settle_avg=0 settle_max=0 init_count=62
    Overflow: over=265492 (10.4% of used) avg_excess=1.80 max_excess=2508.01 (nc=2532.01 cap=24 span=1)  excess_buckets: <=1=156699 1-5=91435 5-20=15836 >20=1522  by_cap: cap1=110000 cap2=148136 cap3-5=9 cap>5=7347  by_span: s1=354 s2-3=713 s4-6=6184 s7-12=143395 s>12=114846  le1_cross: cap1=87481 cap2-5=67733 cap>5=1485
    Congestion: pipes=2562403 used=2562403 congested(>50%)=720959 saturated(>90%)=316957 max_util=950.38 avg_util=0.4570
PHASE_MARK outer=13 enter=dcd_sweep rss=3168MB
RSS_SAMPLE t=1972.1s rss=3168MB hwm=3168MB
RSS_SAMPLE t=1972.4s rss=3168MB hwm=3168MB
RSS_SAMPLE t=1972.6s rss=3168MB hwm=3168MB
RSS_SAMPLE t=1972.9s rss=3168MB hwm=3168MB
RSS_SAMPLE t=1973.1s rss=3168MB hwm=3168MB
RSS_SAMPLE t=1973.4s rss=3168MB hwm=3168MB
RSS_SAMPLE t=1973.6s rss=3168MB hwm=3168MB
RSS_SAMPLE t=1973.9s rss=3168MB hwm=3168MB
RSS_SAMPLE t=1974.1s rss=3168MB hwm=3168MB
RSS_SAMPLE t=1974.4s rss=3168MB hwm=3168MB
RSS_SAMPLE t=1974.6s rss=3168MB hwm=3168MB
RSS_SAMPLE t=1974.9s rss=3168MB hwm=3168MB
RSS_SAMPLE t=1975.1s rss=3168MB hwm=3168MB
RSS_SAMPLE t=1975.4s rss=3168MB hwm=3168MB
RSS_SAMPLE t=1975.6s rss=3168MB hwm=3168MB
RSS_SAMPLE t=1975.9s rss=3168MB hwm=3168MB
RSS_SAMPLE t=1976.1s rss=3168MB hwm=3168MB
RSS_SAMPLE t=1976.4s rss=3168MB hwm=3168MB
RSS_SAMPLE t=1976.6s rss=3168MB hwm=3168MB
RSS_SAMPLE t=1976.9s rss=3168MB hwm=3168MB
RSS_SAMPLE t=1977.1s rss=3168MB hwm=3168MB
RSS_SAMPLE t=1977.4s rss=3168MB hwm=3168MB
RSS_SAMPLE t=1977.6s rss=3168MB hwm=3168MB
RSS_SAMPLE t=1977.9s rss=3168MB hwm=3168MB
RSS_SAMPLE t=1978.1s rss=3168MB hwm=3168MB
RSS_SAMPLE t=1978.4s rss=3168MB hwm=3168MB
RSS_SAMPLE t=1978.6s rss=3168MB hwm=3168MB
PHASE_MARK outer=13 leave=dcd_sweep rss=3168MB
PHASE_MARK outer=13 enter=post_refresh rss=3168MB
RSS_SAMPLE t=1978.9s rss=3168MB hwm=3168MB
RSS_SAMPLE t=1979.1s rss=3168MB hwm=3168MB
RSS_SAMPLE t=1979.4s rss=3168MB hwm=3168MB
RSS_SAMPLE t=1979.6s rss=3168MB hwm=3168MB
RSS_SAMPLE t=1979.9s rss=3168MB hwm=3168MB
RSS_SAMPLE t=1980.1s rss=3168MB hwm=3168MB
RSS_SAMPLE t=1980.4s rss=3168MB hwm=3168MB
RSS_SAMPLE t=1980.6s rss=3168MB hwm=3168MB
RSS_SAMPLE t=1980.9s rss=3168MB hwm=3168MB
RSS_SAMPLE t=1981.1s rss=3168MB hwm=3168MB
RSS_SAMPLE t=1981.4s rss=3168MB hwm=3168MB
RSS_SAMPLE t=1981.6s rss=3168MB hwm=3168MB
RSS_SAMPLE t=1981.9s rss=3168MB hwm=3168MB
RSS_SAMPLE t=1982.1s rss=3168MB hwm=3168MB
RSS_SAMPLE t=1982.4s rss=3168MB hwm=3168MB
RSS_SAMPLE t=1982.6s rss=3168MB hwm=3168MB
RSS_SAMPLE t=1982.9s rss=3168MB hwm=3168MB
RSS_SAMPLE t=1983.1s rss=3168MB hwm=3168MB
RSS_SAMPLE t=1983.4s rss=3168MB hwm=3168MB
RSS_SAMPLE t=1983.6s rss=3168MB hwm=3168MB
RSS_SAMPLE t=1983.9s rss=3168MB hwm=3168MB
RSS_SAMPLE t=1984.1s rss=3168MB hwm=3168MB
RSS_SAMPLE t=1984.4s rss=3168MB hwm=3168MB
RSS_SAMPLE t=1984.6s rss=3168MB hwm=3168MB
RSS_SAMPLE t=1984.9s rss=3168MB hwm=3168MB
RSS_SAMPLE t=1985.1s rss=3168MB hwm=3168MB
RSS_SAMPLE t=1985.4s rss=3168MB hwm=3168MB
RSS_SAMPLE t=1985.6s rss=3168MB hwm=3168MB
RSS_SAMPLE t=1985.9s rss=3168MB hwm=3168MB
RSS_SAMPLE t=1986.1s rss=3169MB hwm=3169MB
RSS_SAMPLE t=1986.4s rss=3169MB hwm=3169MB
RSS_SAMPLE t=1986.6s rss=3169MB hwm=3169MB
RSS_SAMPLE t=1986.9s rss=3169MB hwm=3169MB
RSS_SAMPLE t=1987.1s rss=3169MB hwm=3169MB
RSS_SAMPLE t=1987.4s rss=3169MB hwm=3169MB
RSS_SAMPLE t=1987.6s rss=3169MB hwm=3169MB
RSS_SAMPLE t=1987.9s rss=3169MB hwm=3169MB
RSS_SAMPLE t=1988.1s rss=3169MB hwm=3169MB
RSS_SAMPLE t=1988.4s rss=3169MB hwm=3169MB
RSS_SAMPLE t=1988.6s rss=3169MB hwm=3169MB
RSS_SAMPLE t=1988.9s rss=3169MB hwm=3169MB
RSS_SAMPLE t=1989.1s rss=3169MB hwm=3169MB
RSS_SAMPLE t=1989.4s rss=3169MB hwm=3169MB
RSS_SAMPLE t=1989.6s rss=3169MB hwm=3169MB
RSS_SAMPLE t=1989.9s rss=3169MB hwm=3169MB
RSS_SAMPLE t=1990.1s rss=3169MB hwm=3169MB
RSS_SAMPLE t=1990.4s rss=3169MB hwm=3169MB
RSS_SAMPLE t=1990.6s rss=3169MB hwm=3169MB
RSS_SAMPLE t=1990.9s rss=3169MB hwm=3169MB
RSS_SAMPLE t=1991.1s rss=3169MB hwm=3169MB
RSS_SAMPLE t=1991.4s rss=3169MB hwm=3169MB
RSS_SAMPLE t=1991.6s rss=3169MB hwm=3169MB
RSS_SAMPLE t=1991.9s rss=3169MB hwm=3169MB
RSS_SAMPLE t=1992.1s rss=3169MB hwm=3169MB
RSS_SAMPLE t=1992.4s rss=3169MB hwm=3169MB
RSS_SAMPLE t=1992.6s rss=3169MB hwm=3169MB
RSS_SAMPLE t=1992.9s rss=3169MB hwm=3169MB
RSS_SAMPLE t=1993.1s rss=3169MB hwm=3169MB
RSS_SAMPLE t=1993.4s rss=3169MB hwm=3169MB
RSS_SAMPLE t=1993.6s rss=3169MB hwm=3169MB
RSS_SAMPLE t=1993.9s rss=3169MB hwm=3169MB
RSS_SAMPLE t=1994.1s rss=3169MB hwm=3169MB
RSS_SAMPLE t=1994.4s rss=3169MB hwm=3169MB
RSS_SAMPLE t=1994.6s rss=3169MB hwm=3169MB
RSS_SAMPLE t=1994.9s rss=3169MB hwm=3169MB
RSS_SAMPLE t=1995.1s rss=3169MB hwm=3169MB
RSS_SAMPLE t=1995.4s rss=3169MB hwm=3169MB
RSS_SAMPLE t=1995.6s rss=3169MB hwm=3169MB
RSS_SAMPLE t=1995.9s rss=3169MB hwm=3169MB
RSS_SAMPLE t=1996.1s rss=3169MB hwm=3169MB
RSS_SAMPLE t=1996.4s rss=3169MB hwm=3169MB
RSS_SAMPLE t=1996.6s rss=3169MB hwm=3169MB
RSS_SAMPLE t=1996.9s rss=3169MB hwm=3169MB
RSS_SAMPLE t=1997.1s rss=3169MB hwm=3169MB
RSS_SAMPLE t=1997.4s rss=3169MB hwm=3169MB
RSS_SAMPLE t=1997.6s rss=3169MB hwm=3169MB
RSS_SAMPLE t=1997.9s rss=3169MB hwm=3169MB
RSS_SAMPLE t=1998.1s rss=3169MB hwm=3169MB
RSS_SAMPLE t=1998.4s rss=3169MB hwm=3169MB
RSS_SAMPLE t=1998.6s rss=3169MB hwm=3169MB
RSS_SAMPLE t=1998.9s rss=3169MB hwm=3169MB
RSS_SAMPLE t=1999.1s rss=3169MB hwm=3169MB
RSS_SAMPLE t=1999.4s rss=3169MB hwm=3169MB
RSS_SAMPLE t=1999.6s rss=3169MB hwm=3169MB
RSS_SAMPLE t=1999.9s rss=3169MB hwm=3169MB
RSS_SAMPLE t=2000.1s rss=3169MB hwm=3169MB
RSS_SAMPLE t=2000.4s rss=3169MB hwm=3169MB
RSS_SAMPLE t=2000.6s rss=3169MB hwm=3169MB
RSS_SAMPLE t=2000.9s rss=3169MB hwm=3169MB
RSS_SAMPLE t=2001.1s rss=3169MB hwm=3169MB
RSS_SAMPLE t=2001.4s rss=3169MB hwm=3169MB
RSS_SAMPLE t=2001.6s rss=3169MB hwm=3169MB
RSS_SAMPLE t=2001.9s rss=3169MB hwm=3169MB
RSS_SAMPLE t=2002.1s rss=3169MB hwm=3169MB
RSS_SAMPLE t=2002.4s rss=3169MB hwm=3169MB
RSS_SAMPLE t=2002.6s rss=3169MB hwm=3169MB
RSS_SAMPLE t=2002.9s rss=3169MB hwm=3169MB
RSS_SAMPLE t=2003.2s rss=3169MB hwm=3169MB
RSS_SAMPLE t=2003.4s rss=3169MB hwm=3169MB
RSS_SAMPLE t=2003.7s rss=3169MB hwm=3169MB
RSS_SAMPLE t=2003.9s rss=3169MB hwm=3169MB
RSS_SAMPLE t=2004.2s rss=3169MB hwm=3169MB
RSS_SAMPLE t=2004.4s rss=3169MB hwm=3169MB
RSS_SAMPLE t=2004.7s rss=3169MB hwm=3169MB
RSS_SAMPLE t=2004.9s rss=3169MB hwm=3169MB
RSS_SAMPLE t=2005.2s rss=3169MB hwm=3169MB
RSS_SAMPLE t=2005.4s rss=3169MB hwm=3169MB
RSS_SAMPLE t=2005.7s rss=3169MB hwm=3169MB
RSS_SAMPLE t=2005.9s rss=3169MB hwm=3169MB
RSS_SAMPLE t=2006.2s rss=3169MB hwm=3169MB
RSS_SAMPLE t=2006.4s rss=3169MB hwm=3169MB
RSS_SAMPLE t=2006.7s rss=3169MB hwm=3169MB
RSS_SAMPLE t=2006.9s rss=3169MB hwm=3169MB
RSS_SAMPLE t=2007.2s rss=3169MB hwm=3169MB
RSS_SAMPLE t=2007.4s rss=3169MB hwm=3169MB
RSS_SAMPLE t=2007.7s rss=3169MB hwm=3169MB
RSS_SAMPLE t=2007.9s rss=3169MB hwm=3169MB
RSS_SAMPLE t=2008.2s rss=3169MB hwm=3169MB
RSS_SAMPLE t=2008.4s rss=3169MB hwm=3169MB
RSS_SAMPLE t=2008.7s rss=3169MB hwm=3169MB
RSS_SAMPLE t=2008.9s rss=3169MB hwm=3169MB
RSS_SAMPLE t=2009.2s rss=3169MB hwm=3169MB
RSS_SAMPLE t=2009.4s rss=3169MB hwm=3169MB
RSS_SAMPLE t=2009.7s rss=3169MB hwm=3169MB
RSS_SAMPLE t=2009.9s rss=3169MB hwm=3169MB
RSS_SAMPLE t=2010.2s rss=3169MB hwm=3169MB
RSS_SAMPLE t=2010.4s rss=3169MB hwm=3169MB
RSS_SAMPLE t=2010.7s rss=3169MB hwm=3169MB
RSS_SAMPLE t=2010.9s rss=3169MB hwm=3169MB
RSS_SAMPLE t=2011.2s rss=3169MB hwm=3169MB
RSS_SAMPLE t=2011.4s rss=3169MB hwm=3169MB
RSS_SAMPLE t=2011.7s rss=3169MB hwm=3169MB
RSS_SAMPLE t=2011.9s rss=3169MB hwm=3169MB
RSS_SAMPLE t=2012.2s rss=3169MB hwm=3169MB
RSS_SAMPLE t=2012.4s rss=3169MB hwm=3169MB
RSS_SAMPLE t=2012.7s rss=3169MB hwm=3169MB
RSS_SAMPLE t=2012.9s rss=3169MB hwm=3169MB
RSS_SAMPLE t=2013.2s rss=3169MB hwm=3169MB
RSS_SAMPLE t=2013.4s rss=3169MB hwm=3169MB
RSS_SAMPLE t=2013.7s rss=3169MB hwm=3169MB
RSS_SAMPLE t=2013.9s rss=3169MB hwm=3169MB
RSS_SAMPLE t=2014.2s rss=3169MB hwm=3169MB
RSS_SAMPLE t=2014.4s rss=3169MB hwm=3169MB
RSS_SAMPLE t=2014.7s rss=3169MB hwm=3169MB
RSS_SAMPLE t=2014.9s rss=3169MB hwm=3169MB
RSS_SAMPLE t=2015.2s rss=3169MB hwm=3169MB
RSS_SAMPLE t=2015.4s rss=3169MB hwm=3169MB
RSS_SAMPLE t=2015.7s rss=3169MB hwm=3169MB
RSS_SAMPLE t=2015.9s rss=3169MB hwm=3169MB
RSS_SAMPLE t=2016.2s rss=3169MB hwm=3169MB
RSS_SAMPLE t=2016.4s rss=3169MB hwm=3169MB
RSS_SAMPLE t=2016.7s rss=3169MB hwm=3169MB
RSS_SAMPLE t=2016.9s rss=3169MB hwm=3169MB
RSS_SAMPLE t=2017.2s rss=3169MB hwm=3169MB
RSS_SAMPLE t=2017.4s rss=3169MB hwm=3169MB
RSS_SAMPLE t=2017.7s rss=3169MB hwm=3169MB
RSS_SAMPLE t=2017.9s rss=3169MB hwm=3169MB
RSS_SAMPLE t=2018.2s rss=3169MB hwm=3169MB
RSS_SAMPLE t=2018.4s rss=3169MB hwm=3169MB
RSS_SAMPLE t=2018.7s rss=3169MB hwm=3169MB
RSS_SAMPLE t=2018.9s rss=3169MB hwm=3169MB
RSS_SAMPLE t=2019.2s rss=3169MB hwm=3169MB
RSS_SAMPLE t=2019.4s rss=3169MB hwm=3169MB
RSS_SAMPLE t=2019.7s rss=3169MB hwm=3169MB
RSS_SAMPLE t=2019.9s rss=3169MB hwm=3169MB
RSS_SAMPLE t=2020.2s rss=3169MB hwm=3169MB
RSS_SAMPLE t=2020.4s rss=3169MB hwm=3169MB
RSS_SAMPLE t=2020.7s rss=3169MB hwm=3169MB
RSS_SAMPLE t=2020.9s rss=3169MB hwm=3169MB
RSS_SAMPLE t=2021.2s rss=3169MB hwm=3169MB
RSS_SAMPLE t=2021.4s rss=3169MB hwm=3169MB
RSS_SAMPLE t=2021.7s rss=3169MB hwm=3169MB
RSS_SAMPLE t=2021.9s rss=3169MB hwm=3169MB
RSS_SAMPLE t=2022.2s rss=3169MB hwm=3169MB
RSS_SAMPLE t=2022.4s rss=3169MB hwm=3169MB
RSS_SAMPLE t=2022.7s rss=3169MB hwm=3169MB
RSS_SAMPLE t=2022.9s rss=3169MB hwm=3169MB
RSS_SAMPLE t=2023.2s rss=3169MB hwm=3169MB
RSS_SAMPLE t=2023.4s rss=3169MB hwm=3169MB
RSS_SAMPLE t=2023.7s rss=3169MB hwm=3169MB
RSS_SAMPLE t=2023.9s rss=3169MB hwm=3169MB
RSS_SAMPLE t=2024.2s rss=3169MB hwm=3169MB
RSS_SAMPLE t=2024.4s rss=3169MB hwm=3169MB
RSS_SAMPLE t=2024.7s rss=3169MB hwm=3169MB
RSS_SAMPLE t=2024.9s rss=3169MB hwm=3169MB
RSS_SAMPLE t=2025.2s rss=3169MB hwm=3169MB
RSS_SAMPLE t=2025.4s rss=3169MB hwm=3169MB
RSS_SAMPLE t=2025.7s rss=3169MB hwm=3169MB
RSS_SAMPLE t=2025.9s rss=3169MB hwm=3169MB
RSS_SAMPLE t=2026.2s rss=3169MB hwm=3169MB
RSS_SAMPLE t=2026.4s rss=3169MB hwm=3169MB
RSS_SAMPLE t=2026.7s rss=3169MB hwm=3169MB
RSS_SAMPLE t=2026.9s rss=3169MB hwm=3169MB
RSS_SAMPLE t=2027.2s rss=3169MB hwm=3169MB
RSS_SAMPLE t=2027.4s rss=3169MB hwm=3169MB
RSS_SAMPLE t=2027.7s rss=3169MB hwm=3169MB
RSS_SAMPLE t=2027.9s rss=3169MB hwm=3169MB
RSS_SAMPLE t=2028.2s rss=3169MB hwm=3169MB
RSS_SAMPLE t=2028.4s rss=3169MB hwm=3169MB
RSS_SAMPLE t=2028.7s rss=3169MB hwm=3169MB
RSS_SAMPLE t=2028.9s rss=3169MB hwm=3169MB
RSS_SAMPLE t=2029.2s rss=3169MB hwm=3169MB
RSS_SAMPLE t=2029.4s rss=3169MB hwm=3169MB
RSS_SAMPLE t=2029.7s rss=3169MB hwm=3169MB
RSS_SAMPLE t=2029.9s rss=3169MB hwm=3169MB
RSS_SAMPLE t=2030.2s rss=3169MB hwm=3169MB
RSS_SAMPLE t=2030.4s rss=3169MB hwm=3169MB
RSS_SAMPLE t=2030.7s rss=3169MB hwm=3169MB
RSS_SAMPLE t=2030.9s rss=3169MB hwm=3169MB
RSS_SAMPLE t=2031.2s rss=3169MB hwm=3169MB
RSS_SAMPLE t=2031.4s rss=3169MB hwm=3169MB
RSS_SAMPLE t=2031.7s rss=3169MB hwm=3169MB
RSS_SAMPLE t=2031.9s rss=3169MB hwm=3169MB
RSS_SAMPLE t=2032.2s rss=3169MB hwm=3169MB
RSS_SAMPLE t=2032.4s rss=3169MB hwm=3169MB
RSS_SAMPLE t=2032.7s rss=3169MB hwm=3169MB
RSS_SAMPLE t=2032.9s rss=3169MB hwm=3169MB
RSS_SAMPLE t=2033.2s rss=3170MB hwm=3170MB
RSS_SAMPLE t=2033.4s rss=3170MB hwm=3170MB
RSS_SAMPLE t=2033.7s rss=3170MB hwm=3170MB
RSS_SAMPLE t=2033.9s rss=3170MB hwm=3170MB
RSS_SAMPLE t=2034.2s rss=3170MB hwm=3170MB
RSS_SAMPLE t=2034.4s rss=3170MB hwm=3170MB
RSS_SAMPLE t=2034.7s rss=3170MB hwm=3170MB
RSS_SAMPLE t=2034.9s rss=3170MB hwm=3170MB
RSS_SAMPLE t=2035.2s rss=3170MB hwm=3170MB
RSS_SAMPLE t=2035.4s rss=3170MB hwm=3170MB
RSS_SAMPLE t=2035.7s rss=3170MB hwm=3170MB
RSS_SAMPLE t=2035.9s rss=3170MB hwm=3170MB
RSS_SAMPLE t=2036.2s rss=3170MB hwm=3170MB
RSS_SAMPLE t=2036.4s rss=3170MB hwm=3170MB
RSS_SAMPLE t=2036.7s rss=3170MB hwm=3170MB
RSS_SAMPLE t=2036.9s rss=3170MB hwm=3170MB
RSS_SAMPLE t=2037.2s rss=3170MB hwm=3170MB
RSS_SAMPLE t=2037.4s rss=3170MB hwm=3170MB
RSS_SAMPLE t=2037.7s rss=3170MB hwm=3170MB
RSS_SAMPLE t=2037.9s rss=3170MB hwm=3170MB
RSS_SAMPLE t=2038.2s rss=3170MB hwm=3170MB
RSS_SAMPLE t=2038.4s rss=3170MB hwm=3170MB
RSS_SAMPLE t=2038.7s rss=3170MB hwm=3170MB
RSS_SAMPLE t=2038.9s rss=3170MB hwm=3170MB
RSS_SAMPLE t=2039.2s rss=3170MB hwm=3170MB
RSS_SAMPLE t=2039.4s rss=3170MB hwm=3170MB
RSS_SAMPLE t=2039.7s rss=3170MB hwm=3170MB
RSS_SAMPLE t=2039.9s rss=3170MB hwm=3170MB
RSS_SAMPLE t=2040.2s rss=3171MB hwm=3171MB
RSS_SAMPLE t=2040.4s rss=3171MB hwm=3171MB
RSS_SAMPLE t=2040.7s rss=3171MB hwm=3171MB
RSS_SAMPLE t=2040.9s rss=3171MB hwm=3171MB
RSS_SAMPLE t=2041.2s rss=3171MB hwm=3171MB
RSS_SAMPLE t=2041.4s rss=3171MB hwm=3171MB
RSS_SAMPLE t=2041.7s rss=3171MB hwm=3171MB
RSS_SAMPLE t=2041.9s rss=3171MB hwm=3171MB
RSS_SAMPLE t=2042.2s rss=3171MB hwm=3171MB
RSS_SAMPLE t=2042.4s rss=3171MB hwm=3171MB
RSS_SAMPLE t=2042.7s rss=3171MB hwm=3171MB
RSS_SAMPLE t=2042.9s rss=3171MB hwm=3171MB
RSS_SAMPLE t=2043.2s rss=3171MB hwm=3171MB
RSS_SAMPLE t=2043.4s rss=3171MB hwm=3171MB
RSS_SAMPLE t=2043.7s rss=3171MB hwm=3171MB
RSS_SAMPLE t=2043.9s rss=3171MB hwm=3171MB
RSS_SAMPLE t=2044.2s rss=3171MB hwm=3171MB
RSS_SAMPLE t=2044.4s rss=3171MB hwm=3171MB
RSS_SAMPLE t=2044.7s rss=3171MB hwm=3171MB
RSS_SAMPLE t=2044.9s rss=3171MB hwm=3171MB
RSS_SAMPLE t=2045.2s rss=3171MB hwm=3171MB
RSS_SAMPLE t=2045.4s rss=3171MB hwm=3171MB
RSS_SAMPLE t=2045.7s rss=3171MB hwm=3171MB
RSS_SAMPLE t=2045.9s rss=3171MB hwm=3171MB
RSS_SAMPLE t=2046.2s rss=3171MB hwm=3171MB
RSS_SAMPLE t=2046.4s rss=3171MB hwm=3171MB
RSS_SAMPLE t=2046.7s rss=3171MB hwm=3171MB
RSS_SAMPLE t=2046.9s rss=3171MB hwm=3171MB
RSS_SAMPLE t=2047.2s rss=3171MB hwm=3171MB
RSS_SAMPLE t=2047.4s rss=3171MB hwm=3171MB
RSS_SAMPLE t=2047.7s rss=3171MB hwm=3171MB
RSS_SAMPLE t=2047.9s rss=3171MB hwm=3171MB
RSS_SAMPLE t=2048.2s rss=3171MB hwm=3171MB
RSS_SAMPLE t=2048.4s rss=3171MB hwm=3171MB
RSS_SAMPLE t=2048.7s rss=3171MB hwm=3171MB
RSS_SAMPLE t=2048.9s rss=3171MB hwm=3171MB
RSS_SAMPLE t=2049.2s rss=3171MB hwm=3171MB
RSS_SAMPLE t=2049.4s rss=3171MB hwm=3171MB
RSS_SAMPLE t=2049.7s rss=3171MB hwm=3171MB
RSS_SAMPLE t=2049.9s rss=3171MB hwm=3171MB
RSS_SAMPLE t=2050.2s rss=3171MB hwm=3171MB
RSS_SAMPLE t=2050.4s rss=3171MB hwm=3171MB
RSS_SAMPLE t=2050.7s rss=3171MB hwm=3171MB
RSS_SAMPLE t=2050.9s rss=3171MB hwm=3171MB
RSS_SAMPLE t=2051.2s rss=3171MB hwm=3171MB
RSS_SAMPLE t=2051.4s rss=3171MB hwm=3171MB
RSS_SAMPLE t=2051.7s rss=3171MB hwm=3171MB
RSS_SAMPLE t=2051.9s rss=3171MB hwm=3171MB
RSS_SAMPLE t=2052.2s rss=3171MB hwm=3171MB
RSS_SAMPLE t=2052.4s rss=3171MB hwm=3171MB
RSS_SAMPLE t=2052.7s rss=3171MB hwm=3171MB
RSS_SAMPLE t=2052.9s rss=3171MB hwm=3171MB
RSS_SAMPLE t=2053.2s rss=3171MB hwm=3171MB
RSS_SAMPLE t=2053.4s rss=3171MB hwm=3171MB
RSS_SAMPLE t=2053.7s rss=3171MB hwm=3171MB
RSS_SAMPLE t=2053.9s rss=3171MB hwm=3171MB
RSS_SAMPLE t=2054.2s rss=3171MB hwm=3171MB
RSS_SAMPLE t=2054.4s rss=3171MB hwm=3171MB
RSS_SAMPLE t=2054.7s rss=3171MB hwm=3171MB
RSS_SAMPLE t=2054.9s rss=3171MB hwm=3171MB
RSS_SAMPLE t=2055.2s rss=3171MB hwm=3171MB
RSS_SAMPLE t=2055.4s rss=3171MB hwm=3171MB
RSS_SAMPLE t=2055.7s rss=3171MB hwm=3171MB
RSS_SAMPLE t=2055.9s rss=3171MB hwm=3171MB
RSS_SAMPLE t=2056.2s rss=3171MB hwm=3171MB
RSS_SAMPLE t=2056.4s rss=3171MB hwm=3171MB
RSS_SAMPLE t=2056.7s rss=3171MB hwm=3171MB
RSS_SAMPLE t=2056.9s rss=3171MB hwm=3171MB
RSS_SAMPLE t=2057.2s rss=3171MB hwm=3171MB
RSS_SAMPLE t=2057.4s rss=3171MB hwm=3171MB
RSS_SAMPLE t=2057.7s rss=3171MB hwm=3171MB
RSS_SAMPLE t=2057.9s rss=3171MB hwm=3171MB
RSS_SAMPLE t=2058.2s rss=3171MB hwm=3171MB
RSS_SAMPLE t=2058.4s rss=3171MB hwm=3171MB
RSS_SAMPLE t=2058.7s rss=3171MB hwm=3171MB
RSS_SAMPLE t=2058.9s rss=3171MB hwm=3171MB
RSS_SAMPLE t=2059.2s rss=3171MB hwm=3171MB
RSS_SAMPLE t=2059.4s rss=3171MB hwm=3171MB
RSS_SAMPLE t=2059.7s rss=3171MB hwm=3171MB
RSS_SAMPLE t=2059.9s rss=3171MB hwm=3171MB
RSS_SAMPLE t=2060.2s rss=3171MB hwm=3171MB
RSS_SAMPLE t=2060.4s rss=3171MB hwm=3171MB
RSS_SAMPLE t=2060.7s rss=3171MB hwm=3171MB
RSS_SAMPLE t=2060.9s rss=3171MB hwm=3171MB
RSS_SAMPLE t=2061.2s rss=3171MB hwm=3171MB
RSS_SAMPLE t=2061.4s rss=3171MB hwm=3171MB
RSS_SAMPLE t=2061.7s rss=3171MB hwm=3171MB
RSS_SAMPLE t=2061.9s rss=3171MB hwm=3171MB
RSS_SAMPLE t=2062.2s rss=3171MB hwm=3171MB
RSS_SAMPLE t=2062.4s rss=3171MB hwm=3171MB
RSS_SAMPLE t=2062.7s rss=3171MB hwm=3171MB
RSS_SAMPLE t=2062.9s rss=3171MB hwm=3171MB
RSS_SAMPLE t=2063.2s rss=3171MB hwm=3171MB
RSS_SAMPLE t=2063.4s rss=3171MB hwm=3171MB
RSS_SAMPLE t=2063.7s rss=3171MB hwm=3171MB
RSS_SAMPLE t=2063.9s rss=3171MB hwm=3171MB
RSS_SAMPLE t=2064.2s rss=3171MB hwm=3171MB
RSS_SAMPLE t=2064.4s rss=3171MB hwm=3171MB
RSS_SAMPLE t=2064.7s rss=3172MB hwm=3172MB
RSS_SAMPLE t=2064.9s rss=3172MB hwm=3172MB
RSS_SAMPLE t=2065.2s rss=3172MB hwm=3172MB
RSS_SAMPLE t=2065.4s rss=3172MB hwm=3172MB
RSS_SAMPLE t=2065.7s rss=3172MB hwm=3172MB
RSS_SAMPLE t=2065.9s rss=3172MB hwm=3172MB
RSS_SAMPLE t=2066.2s rss=3172MB hwm=3172MB
RSS_SAMPLE t=2066.4s rss=3172MB hwm=3172MB
RSS_SAMPLE t=2066.7s rss=3172MB hwm=3172MB
RSS_SAMPLE t=2066.9s rss=3172MB hwm=3172MB
RSS_SAMPLE t=2067.2s rss=3172MB hwm=3172MB
RSS_SAMPLE t=2067.4s rss=3172MB hwm=3172MB
RSS_SAMPLE t=2067.7s rss=3172MB hwm=3172MB
RSS_SAMPLE t=2067.9s rss=3172MB hwm=3172MB
RSS_SAMPLE t=2068.2s rss=3172MB hwm=3172MB
RSS_SAMPLE t=2068.4s rss=3172MB hwm=3172MB
RSS_SAMPLE t=2068.7s rss=3172MB hwm=3172MB
RSS_SAMPLE t=2068.9s rss=3172MB hwm=3172MB
RSS_SAMPLE t=2069.2s rss=3172MB hwm=3172MB
RSS_SAMPLE t=2069.4s rss=3172MB hwm=3172MB
RSS_SAMPLE t=2069.7s rss=3172MB hwm=3172MB
RSS_SAMPLE t=2069.9s rss=3172MB hwm=3172MB
RSS_SAMPLE t=2070.2s rss=3172MB hwm=3172MB
RSS_SAMPLE t=2070.4s rss=3172MB hwm=3172MB
RSS_SAMPLE t=2070.7s rss=3172MB hwm=3172MB
RSS_SAMPLE t=2070.9s rss=3172MB hwm=3172MB
RSS_SAMPLE t=2071.2s rss=3172MB hwm=3172MB
RSS_SAMPLE t=2071.4s rss=3172MB hwm=3172MB
RSS_SAMPLE t=2071.7s rss=3172MB hwm=3172MB
RSS_SAMPLE t=2071.9s rss=3172MB hwm=3172MB
RSS_SAMPLE t=2072.2s rss=3172MB hwm=3172MB
RSS_SAMPLE t=2072.4s rss=3172MB hwm=3172MB
RSS_SAMPLE t=2072.7s rss=3172MB hwm=3172MB
RSS_SAMPLE t=2072.9s rss=3172MB hwm=3172MB
RSS_SAMPLE t=2073.2s rss=3172MB hwm=3172MB
RSS_SAMPLE t=2073.4s rss=3172MB hwm=3172MB
RSS_SAMPLE t=2073.7s rss=3172MB hwm=3172MB
RSS_SAMPLE t=2073.9s rss=3172MB hwm=3172MB
RSS_SAMPLE t=2074.2s rss=3172MB hwm=3172MB
RSS_SAMPLE t=2074.4s rss=3172MB hwm=3172MB
RSS_SAMPLE t=2074.7s rss=3172MB hwm=3172MB
RSS_SAMPLE t=2074.9s rss=3172MB hwm=3172MB
RSS_SAMPLE t=2075.2s rss=3172MB hwm=3172MB
RSS_SAMPLE t=2075.4s rss=3172MB hwm=3172MB
RSS_SAMPLE t=2075.7s rss=3172MB hwm=3172MB
RSS_SAMPLE t=2075.9s rss=3172MB hwm=3172MB
RSS_SAMPLE t=2076.2s rss=3172MB hwm=3172MB
RSS_SAMPLE t=2076.4s rss=3172MB hwm=3172MB
RSS_SAMPLE t=2076.7s rss=3172MB hwm=3172MB
RSS_SAMPLE t=2076.9s rss=3172MB hwm=3172MB
RSS_SAMPLE t=2077.2s rss=3172MB hwm=3172MB
RSS_SAMPLE t=2077.4s rss=3172MB hwm=3172MB
RSS_SAMPLE t=2077.7s rss=3172MB hwm=3172MB
RSS_SAMPLE t=2077.9s rss=3172MB hwm=3172MB
RSS_SAMPLE t=2078.2s rss=3172MB hwm=3172MB
RSS_SAMPLE t=2078.4s rss=3172MB hwm=3172MB
RSS_SAMPLE t=2078.7s rss=3172MB hwm=3172MB
RSS_SAMPLE t=2078.9s rss=3172MB hwm=3172MB
RSS_SAMPLE t=2079.2s rss=3172MB hwm=3172MB
RSS_SAMPLE t=2079.4s rss=3172MB hwm=3172MB
RSS_SAMPLE t=2079.7s rss=3172MB hwm=3172MB
RSS_SAMPLE t=2079.9s rss=3172MB hwm=3172MB
RSS_SAMPLE t=2080.2s rss=3172MB hwm=3172MB
RSS_SAMPLE t=2080.4s rss=3172MB hwm=3172MB
RSS_SAMPLE t=2080.7s rss=3172MB hwm=3172MB
RSS_SAMPLE t=2080.9s rss=3172MB hwm=3172MB
RSS_SAMPLE t=2081.2s rss=3172MB hwm=3172MB
RSS_SAMPLE t=2081.4s rss=3172MB hwm=3172MB
RSS_SAMPLE t=2081.7s rss=3172MB hwm=3172MB
RSS_SAMPLE t=2081.9s rss=3172MB hwm=3172MB
RSS_SAMPLE t=2082.2s rss=3172MB hwm=3172MB
RSS_SAMPLE t=2082.5s rss=3172MB hwm=3172MB
RSS_SAMPLE t=2082.7s rss=3172MB hwm=3172MB
RSS_SAMPLE t=2083.0s rss=3172MB hwm=3172MB
RSS_SAMPLE t=2083.2s rss=3172MB hwm=3172MB
RSS_SAMPLE t=2083.5s rss=3172MB hwm=3172MB
RSS_SAMPLE t=2083.7s rss=3172MB hwm=3172MB
RSS_SAMPLE t=2084.0s rss=3172MB hwm=3172MB
RSS_SAMPLE t=2084.2s rss=3172MB hwm=3172MB
RSS_SAMPLE t=2084.5s rss=3172MB hwm=3172MB
RSS_SAMPLE t=2084.7s rss=3172MB hwm=3172MB
RSS_SAMPLE t=2085.0s rss=3172MB hwm=3172MB
RSS_SAMPLE t=2085.2s rss=3172MB hwm=3172MB
RSS_SAMPLE t=2085.5s rss=3172MB hwm=3172MB
RSS_SAMPLE t=2085.7s rss=3172MB hwm=3172MB
RSS_SAMPLE t=2086.0s rss=3172MB hwm=3172MB
RSS_SAMPLE t=2086.2s rss=3172MB hwm=3172MB
RSS_SAMPLE t=2086.5s rss=3172MB hwm=3172MB
RSS_SAMPLE t=2086.7s rss=3172MB hwm=3172MB
RSS_SAMPLE t=2087.0s rss=3172MB hwm=3172MB
RSS_SAMPLE t=2087.2s rss=3172MB hwm=3172MB
RSS_SAMPLE t=2087.5s rss=3172MB hwm=3172MB
RSS_SAMPLE t=2087.7s rss=3172MB hwm=3172MB
RSS_SAMPLE t=2088.0s rss=3172MB hwm=3172MB
RSS_SAMPLE t=2088.2s rss=3172MB hwm=3172MB
RSS_SAMPLE t=2088.5s rss=3172MB hwm=3172MB
RSS_SAMPLE t=2088.7s rss=3172MB hwm=3172MB
RSS_SAMPLE t=2089.0s rss=3173MB hwm=3173MB
RSS_SAMPLE t=2089.2s rss=3173MB hwm=3173MB
RSS_SAMPLE t=2089.5s rss=3173MB hwm=3173MB
RSS_SAMPLE t=2089.7s rss=3173MB hwm=3173MB
RSS_SAMPLE t=2090.0s rss=3173MB hwm=3173MB
RSS_SAMPLE t=2090.2s rss=3173MB hwm=3173MB
RSS_SAMPLE t=2090.5s rss=3173MB hwm=3173MB
RSS_SAMPLE t=2090.7s rss=3173MB hwm=3173MB
RSS_SAMPLE t=2091.0s rss=3173MB hwm=3173MB
RSS_SAMPLE t=2091.2s rss=3173MB hwm=3173MB
RSS_SAMPLE t=2091.5s rss=3173MB hwm=3173MB
RSS_SAMPLE t=2091.7s rss=3173MB hwm=3173MB
RSS_SAMPLE t=2092.0s rss=3173MB hwm=3173MB
RSS_SAMPLE t=2092.2s rss=3173MB hwm=3173MB
RSS_SAMPLE t=2092.5s rss=3173MB hwm=3173MB
RSS_SAMPLE t=2092.7s rss=3173MB hwm=3173MB
RSS_SAMPLE t=2093.0s rss=3173MB hwm=3173MB
RSS_SAMPLE t=2093.2s rss=3173MB hwm=3173MB
RSS_SAMPLE t=2093.5s rss=3173MB hwm=3173MB
RSS_SAMPLE t=2093.7s rss=3173MB hwm=3173MB
RSS_SAMPLE t=2094.0s rss=3173MB hwm=3173MB
RSS_SAMPLE t=2094.2s rss=3173MB hwm=3173MB
RSS_SAMPLE t=2094.5s rss=3173MB hwm=3173MB
RSS_SAMPLE t=2094.7s rss=3173MB hwm=3173MB
RSS_SAMPLE t=2095.0s rss=3173MB hwm=3173MB
RSS_SAMPLE t=2095.2s rss=3173MB hwm=3173MB
RSS_SAMPLE t=2095.5s rss=3173MB hwm=3173MB
RSS_SAMPLE t=2095.7s rss=3173MB hwm=3173MB
RSS_SAMPLE t=2096.0s rss=3173MB hwm=3173MB
RSS_SAMPLE t=2096.2s rss=3173MB hwm=3173MB
RSS_SAMPLE t=2096.5s rss=3173MB hwm=3173MB
RSS_SAMPLE t=2096.7s rss=3173MB hwm=3173MB
RSS_SAMPLE t=2097.0s rss=3173MB hwm=3173MB
RSS_SAMPLE t=2097.2s rss=3173MB hwm=3173MB
RSS_SAMPLE t=2097.5s rss=3173MB hwm=3173MB
RSS_SAMPLE t=2097.7s rss=3173MB hwm=3173MB
RSS_SAMPLE t=2098.0s rss=3173MB hwm=3173MB
RSS_SAMPLE t=2098.2s rss=3173MB hwm=3173MB
RSS_SAMPLE t=2098.5s rss=3173MB hwm=3173MB
RSS_SAMPLE t=2098.7s rss=3173MB hwm=3173MB
RSS_SAMPLE t=2099.0s rss=3173MB hwm=3173MB
RSS_SAMPLE t=2099.2s rss=3173MB hwm=3173MB
RSS_SAMPLE t=2099.5s rss=3173MB hwm=3173MB
RSS_SAMPLE t=2099.7s rss=3173MB hwm=3173MB
RSS_SAMPLE t=2100.0s rss=3173MB hwm=3173MB
RSS_SAMPLE t=2100.2s rss=3173MB hwm=3173MB
RSS_SAMPLE t=2100.5s rss=3173MB hwm=3173MB
RSS_SAMPLE t=2100.7s rss=3173MB hwm=3173MB
RSS_SAMPLE t=2101.0s rss=3173MB hwm=3173MB
RSS_SAMPLE t=2101.2s rss=3173MB hwm=3173MB
RSS_SAMPLE t=2101.5s rss=3173MB hwm=3173MB
RSS_SAMPLE t=2101.7s rss=3173MB hwm=3173MB
RSS_SAMPLE t=2102.0s rss=3173MB hwm=3173MB
RSS_SAMPLE t=2102.2s rss=3173MB hwm=3173MB
RSS_SAMPLE t=2102.5s rss=3173MB hwm=3173MB
RSS_SAMPLE t=2102.7s rss=3173MB hwm=3173MB
RSS_SAMPLE t=2103.0s rss=3173MB hwm=3173MB
RSS_SAMPLE t=2103.2s rss=3173MB hwm=3173MB
RSS_SAMPLE t=2103.5s rss=3173MB hwm=3173MB
RSS_SAMPLE t=2103.7s rss=3173MB hwm=3173MB
RSS_SAMPLE t=2104.0s rss=3173MB hwm=3173MB
RSS_SAMPLE t=2104.2s rss=3173MB hwm=3173MB
RSS_SAMPLE t=2104.5s rss=3173MB hwm=3173MB
RSS_SAMPLE t=2104.7s rss=3173MB hwm=3173MB
RSS_SAMPLE t=2105.0s rss=3173MB hwm=3173MB
RSS_SAMPLE t=2105.2s rss=3173MB hwm=3173MB
RSS_SAMPLE t=2105.5s rss=3173MB hwm=3173MB
RSS_SAMPLE t=2105.7s rss=3173MB hwm=3173MB
RSS_SAMPLE t=2106.0s rss=3173MB hwm=3173MB
RSS_SAMPLE t=2106.2s rss=3173MB hwm=3173MB
RSS_SAMPLE t=2106.5s rss=3173MB hwm=3173MB
RSS_SAMPLE t=2106.7s rss=3173MB hwm=3173MB
MEM_POOL: workspaces=8 dense_usage_mb=313 n_pipes=2562403
    rss_probe[outer=13]: pre_post_solve=3168MB post_post_solve=3173MB after_apply=3173MB
    E_decomp: base=7706303.3 eff=118795070292886.8 cong=118795062586583.5 cong_share=100.0% sat_pipes=178132 max_util=819.79  R_buckets: 1-2x=819200 2-10x=129921 10-100x=474908 >=100x=1138374
    E_potential: beckmann=6631633766408.0 history_total=0.0
    SpanCache: epoch=14 entries=2470 lookups=2562403 hits=2559933 misses=2470 hit_rate=99.9%
  DCD  13: nets=105117 line=11366233 energy=13194424201.612 dE=+6343423234.580 friction=3147628.2 bins=2.1x(133) excess=43.5 moved=68544 disp=4.503 solves=105117 skip=105117 pops=534182304 theta=1.941 refresh=128059ms dcd=6824ms total=137371ms
    cache_stats: entries=61381544 capacity=128029790 est_mb=1104 rss_mb=3173
RSS_SAMPLE t=2107.0s rss=3173MB hwm=3173MB
RSS_SAMPLE t=2107.2s rss=3173MB hwm=3173MB
RSS_SAMPLE t=2107.5s rss=3173MB hwm=3173MB
RSS_SAMPLE t=2107.7s rss=3173MB hwm=3173MB
RSS_SAMPLE t=2108.0s rss=3173MB hwm=3173MB
RSS_SAMPLE t=2108.2s rss=3173MB hwm=3173MB
RSS_SAMPLE t=2108.5s rss=3173MB hwm=3173MB
RSS_SAMPLE t=2108.7s rss=3173MB hwm=3173MB
RSS_SAMPLE t=2109.0s rss=3173MB hwm=3173MB
RSS_SAMPLE t=2109.2s rss=3173MB hwm=3173MB
    SwitchMatrix: type_usage_pairs=624 lookups=1880 hits=1256 dijkstra_calls=624 avg_us=11.8 total_ms=7.4
PHASE_MARK outer=14 enter=pre_solve rss=3173MB
    rss_probe[outer=14]: pre_refresh_rss=3173MB post_pre_solve_rss=3173MB cache_entries=61381544 cache_cap=128029790 cache_est_mb=1104
    pre_solve_diag[outer=14]: solves=0 fallback=0 (0.0%) cap_armed=0 (0.0%) settle_avg=0 settle_max=0 init_count=59
    Overflow: over=150236 (5.9% of used) avg_excess=2.28 max_excess=3099.17 (nc=3123.17 cap=24 span=1)  excess_buckets: <=1=78023 1-5=57370 5-20=13555 >20=1288  by_cap: cap1=58025 cap2=89662 cap3-5=0 cap>5=2549  by_span: s1=446 s2-3=487 s4-6=2240 s7-12=87984 s>12=59079  le1_cross: cap1=48269 cap2-5=29268 cap>5=486
    Congestion: pipes=2562403 used=2562403 congested(>50%)=470105 saturated(>90%)=178132 max_util=819.79 avg_util=0.3565
PHASE_MARK outer=14 enter=dcd_sweep rss=3173MB
RSS_SAMPLE t=2109.5s rss=3173MB hwm=3173MB
RSS_SAMPLE t=2109.7s rss=3173MB hwm=3173MB
RSS_SAMPLE t=2110.0s rss=3173MB hwm=3173MB
RSS_SAMPLE t=2110.2s rss=3173MB hwm=3173MB
RSS_SAMPLE t=2110.5s rss=3173MB hwm=3173MB
RSS_SAMPLE t=2110.7s rss=3173MB hwm=3173MB
RSS_SAMPLE t=2111.0s rss=3173MB hwm=3173MB
RSS_SAMPLE t=2111.2s rss=3173MB hwm=3173MB
RSS_SAMPLE t=2111.5s rss=3173MB hwm=3173MB
RSS_SAMPLE t=2111.7s rss=3173MB hwm=3173MB
RSS_SAMPLE t=2112.0s rss=3173MB hwm=3173MB
RSS_SAMPLE t=2112.2s rss=3173MB hwm=3173MB
RSS_SAMPLE t=2112.5s rss=3173MB hwm=3173MB
RSS_SAMPLE t=2112.7s rss=3173MB hwm=3173MB
RSS_SAMPLE t=2113.0s rss=3173MB hwm=3173MB
RSS_SAMPLE t=2113.2s rss=3173MB hwm=3173MB
RSS_SAMPLE t=2113.5s rss=3173MB hwm=3173MB
RSS_SAMPLE t=2113.7s rss=3173MB hwm=3173MB
RSS_SAMPLE t=2114.0s rss=3173MB hwm=3173MB
RSS_SAMPLE t=2114.2s rss=3173MB hwm=3173MB
RSS_SAMPLE t=2114.5s rss=3173MB hwm=3173MB
RSS_SAMPLE t=2114.7s rss=3173MB hwm=3173MB
RSS_SAMPLE t=2115.0s rss=3173MB hwm=3173MB
RSS_SAMPLE t=2115.2s rss=3173MB hwm=3173MB
RSS_SAMPLE t=2115.5s rss=3173MB hwm=3173MB
RSS_SAMPLE t=2115.7s rss=3173MB hwm=3173MB
RSS_SAMPLE t=2116.0s rss=3173MB hwm=3173MB
RSS_SAMPLE t=2116.2s rss=3173MB hwm=3173MB
PHASE_MARK outer=14 leave=dcd_sweep rss=3173MB
PHASE_MARK outer=14 enter=post_refresh rss=3173MB
RSS_SAMPLE t=2116.5s rss=3173MB hwm=3173MB
RSS_SAMPLE t=2116.7s rss=3173MB hwm=3173MB
RSS_SAMPLE t=2117.0s rss=3173MB hwm=3173MB
RSS_SAMPLE t=2117.2s rss=3173MB hwm=3173MB
RSS_SAMPLE t=2117.5s rss=3173MB hwm=3173MB
RSS_SAMPLE t=2117.7s rss=3173MB hwm=3173MB
RSS_SAMPLE t=2118.0s rss=3173MB hwm=3173MB
RSS_SAMPLE t=2118.2s rss=3173MB hwm=3173MB
RSS_SAMPLE t=2118.5s rss=3173MB hwm=3173MB
RSS_SAMPLE t=2118.7s rss=3173MB hwm=3173MB
RSS_SAMPLE t=2119.0s rss=3173MB hwm=3173MB
RSS_SAMPLE t=2119.2s rss=3173MB hwm=3173MB
RSS_SAMPLE t=2119.5s rss=3173MB hwm=3173MB
RSS_SAMPLE t=2119.7s rss=3173MB hwm=3173MB
RSS_SAMPLE t=2120.0s rss=3173MB hwm=3173MB
RSS_SAMPLE t=2120.2s rss=3173MB hwm=3173MB
RSS_SAMPLE t=2120.5s rss=3173MB hwm=3173MB
RSS_SAMPLE t=2120.7s rss=3173MB hwm=3173MB
RSS_SAMPLE t=2121.0s rss=3173MB hwm=3173MB
RSS_SAMPLE t=2121.2s rss=3173MB hwm=3173MB
RSS_SAMPLE t=2121.5s rss=3173MB hwm=3173MB
RSS_SAMPLE t=2121.7s rss=3173MB hwm=3173MB
RSS_SAMPLE t=2122.0s rss=3173MB hwm=3173MB
RSS_SAMPLE t=2122.2s rss=3173MB hwm=3173MB
RSS_SAMPLE t=2122.5s rss=3173MB hwm=3173MB
RSS_SAMPLE t=2122.7s rss=3173MB hwm=3173MB
RSS_SAMPLE t=2123.0s rss=3173MB hwm=3173MB
RSS_SAMPLE t=2123.2s rss=3173MB hwm=3173MB
RSS_SAMPLE t=2123.5s rss=3173MB hwm=3173MB
RSS_SAMPLE t=2123.7s rss=3173MB hwm=3173MB
RSS_SAMPLE t=2124.0s rss=3173MB hwm=3173MB
RSS_SAMPLE t=2124.2s rss=3173MB hwm=3173MB
RSS_SAMPLE t=2124.5s rss=3173MB hwm=3173MB
RSS_SAMPLE t=2124.7s rss=3173MB hwm=3173MB
RSS_SAMPLE t=2125.0s rss=3173MB hwm=3173MB
RSS_SAMPLE t=2125.2s rss=3173MB hwm=3173MB
RSS_SAMPLE t=2125.5s rss=3173MB hwm=3173MB
RSS_SAMPLE t=2125.7s rss=3173MB hwm=3173MB
RSS_SAMPLE t=2126.0s rss=3173MB hwm=3173MB
RSS_SAMPLE t=2126.2s rss=3173MB hwm=3173MB
RSS_SAMPLE t=2126.5s rss=3173MB hwm=3173MB
RSS_SAMPLE t=2126.7s rss=3173MB hwm=3173MB
RSS_SAMPLE t=2127.0s rss=3173MB hwm=3173MB
RSS_SAMPLE t=2127.2s rss=3173MB hwm=3173MB
RSS_SAMPLE t=2127.5s rss=3173MB hwm=3173MB
RSS_SAMPLE t=2127.7s rss=3173MB hwm=3173MB
RSS_SAMPLE t=2128.0s rss=3173MB hwm=3173MB
RSS_SAMPLE t=2128.2s rss=3173MB hwm=3173MB
RSS_SAMPLE t=2128.5s rss=3173MB hwm=3173MB
RSS_SAMPLE t=2128.7s rss=3173MB hwm=3173MB
RSS_SAMPLE t=2129.0s rss=3173MB hwm=3173MB
RSS_SAMPLE t=2129.2s rss=3173MB hwm=3173MB
RSS_SAMPLE t=2129.5s rss=3173MB hwm=3173MB
RSS_SAMPLE t=2129.7s rss=3173MB hwm=3173MB
RSS_SAMPLE t=2130.0s rss=3173MB hwm=3173MB
RSS_SAMPLE t=2130.2s rss=3173MB hwm=3173MB
RSS_SAMPLE t=2130.5s rss=3173MB hwm=3173MB
RSS_SAMPLE t=2130.7s rss=3173MB hwm=3173MB
RSS_SAMPLE t=2131.0s rss=3173MB hwm=3173MB
RSS_SAMPLE t=2131.2s rss=3173MB hwm=3173MB
RSS_SAMPLE t=2131.5s rss=3173MB hwm=3173MB
RSS_SAMPLE t=2131.7s rss=3173MB hwm=3173MB
RSS_SAMPLE t=2132.0s rss=3173MB hwm=3173MB
RSS_SAMPLE t=2132.2s rss=3173MB hwm=3173MB
RSS_SAMPLE t=2132.5s rss=3173MB hwm=3173MB
RSS_SAMPLE t=2132.7s rss=3173MB hwm=3173MB
RSS_SAMPLE t=2133.0s rss=3173MB hwm=3173MB
RSS_SAMPLE t=2133.2s rss=3173MB hwm=3173MB
RSS_SAMPLE t=2133.5s rss=3173MB hwm=3173MB
RSS_SAMPLE t=2133.7s rss=3173MB hwm=3173MB
RSS_SAMPLE t=2134.0s rss=3173MB hwm=3173MB
RSS_SAMPLE t=2134.2s rss=3173MB hwm=3173MB
RSS_SAMPLE t=2134.5s rss=3173MB hwm=3173MB
RSS_SAMPLE t=2134.7s rss=3173MB hwm=3173MB
RSS_SAMPLE t=2135.0s rss=3173MB hwm=3173MB
RSS_SAMPLE t=2135.2s rss=3173MB hwm=3173MB
RSS_SAMPLE t=2135.5s rss=3173MB hwm=3173MB
RSS_SAMPLE t=2135.7s rss=3173MB hwm=3173MB
RSS_SAMPLE t=2136.0s rss=3173MB hwm=3173MB
RSS_SAMPLE t=2136.2s rss=3173MB hwm=3173MB
RSS_SAMPLE t=2136.5s rss=3173MB hwm=3173MB
RSS_SAMPLE t=2136.7s rss=3173MB hwm=3173MB
RSS_SAMPLE t=2137.0s rss=3173MB hwm=3173MB
RSS_SAMPLE t=2137.2s rss=3173MB hwm=3173MB
RSS_SAMPLE t=2137.5s rss=3173MB hwm=3173MB
RSS_SAMPLE t=2137.7s rss=3173MB hwm=3173MB
RSS_SAMPLE t=2138.0s rss=3173MB hwm=3173MB
RSS_SAMPLE t=2138.2s rss=3173MB hwm=3173MB
RSS_SAMPLE t=2138.5s rss=3173MB hwm=3173MB
RSS_SAMPLE t=2138.7s rss=3173MB hwm=3173MB
RSS_SAMPLE t=2139.0s rss=3173MB hwm=3173MB
RSS_SAMPLE t=2139.2s rss=3173MB hwm=3173MB
RSS_SAMPLE t=2139.5s rss=3173MB hwm=3173MB
RSS_SAMPLE t=2139.7s rss=3173MB hwm=3173MB
RSS_SAMPLE t=2140.0s rss=3173MB hwm=3173MB
RSS_SAMPLE t=2140.2s rss=3173MB hwm=3173MB
RSS_SAMPLE t=2140.5s rss=3173MB hwm=3173MB
RSS_SAMPLE t=2140.7s rss=3173MB hwm=3173MB
RSS_SAMPLE t=2141.0s rss=3173MB hwm=3173MB
RSS_SAMPLE t=2141.2s rss=3173MB hwm=3173MB
RSS_SAMPLE t=2141.5s rss=3173MB hwm=3173MB
RSS_SAMPLE t=2141.7s rss=3173MB hwm=3173MB
RSS_SAMPLE t=2142.0s rss=3173MB hwm=3173MB
RSS_SAMPLE t=2142.2s rss=3173MB hwm=3173MB
RSS_SAMPLE t=2142.5s rss=3173MB hwm=3173MB
RSS_SAMPLE t=2142.7s rss=3173MB hwm=3173MB
RSS_SAMPLE t=2143.0s rss=3173MB hwm=3173MB
RSS_SAMPLE t=2143.2s rss=3173MB hwm=3173MB
RSS_SAMPLE t=2143.5s rss=3173MB hwm=3173MB
RSS_SAMPLE t=2143.7s rss=3173MB hwm=3173MB
RSS_SAMPLE t=2144.0s rss=3173MB hwm=3173MB
RSS_SAMPLE t=2144.2s rss=3173MB hwm=3173MB
RSS_SAMPLE t=2144.5s rss=3173MB hwm=3173MB
RSS_SAMPLE t=2144.7s rss=3173MB hwm=3173MB
RSS_SAMPLE t=2145.0s rss=3173MB hwm=3173MB
RSS_SAMPLE t=2145.2s rss=3173MB hwm=3173MB
RSS_SAMPLE t=2145.5s rss=3173MB hwm=3173MB
RSS_SAMPLE t=2145.7s rss=3173MB hwm=3173MB
RSS_SAMPLE t=2146.0s rss=3173MB hwm=3173MB
RSS_SAMPLE t=2146.2s rss=3173MB hwm=3173MB
RSS_SAMPLE t=2146.5s rss=3173MB hwm=3173MB
RSS_SAMPLE t=2146.7s rss=3173MB hwm=3173MB
RSS_SAMPLE t=2147.0s rss=3173MB hwm=3173MB
RSS_SAMPLE t=2147.2s rss=3173MB hwm=3173MB
RSS_SAMPLE t=2147.5s rss=3173MB hwm=3173MB
RSS_SAMPLE t=2147.7s rss=3173MB hwm=3173MB
RSS_SAMPLE t=2148.0s rss=3173MB hwm=3173MB
RSS_SAMPLE t=2148.2s rss=3173MB hwm=3173MB
RSS_SAMPLE t=2148.5s rss=3173MB hwm=3173MB
RSS_SAMPLE t=2148.7s rss=3173MB hwm=3173MB
RSS_SAMPLE t=2149.0s rss=3173MB hwm=3173MB
RSS_SAMPLE t=2149.2s rss=3173MB hwm=3173MB
RSS_SAMPLE t=2149.5s rss=3173MB hwm=3173MB
RSS_SAMPLE t=2149.7s rss=3173MB hwm=3173MB
RSS_SAMPLE t=2150.0s rss=3173MB hwm=3173MB
RSS_SAMPLE t=2150.2s rss=3173MB hwm=3173MB
RSS_SAMPLE t=2150.5s rss=3173MB hwm=3173MB
RSS_SAMPLE t=2150.7s rss=3173MB hwm=3173MB
RSS_SAMPLE t=2151.0s rss=3173MB hwm=3173MB
RSS_SAMPLE t=2151.2s rss=3173MB hwm=3173MB
RSS_SAMPLE t=2151.5s rss=3173MB hwm=3173MB
RSS_SAMPLE t=2151.7s rss=3173MB hwm=3173MB
RSS_SAMPLE t=2152.0s rss=3173MB hwm=3173MB
RSS_SAMPLE t=2152.2s rss=3173MB hwm=3173MB
RSS_SAMPLE t=2152.5s rss=3173MB hwm=3173MB
RSS_SAMPLE t=2152.7s rss=3173MB hwm=3173MB
RSS_SAMPLE t=2153.0s rss=3173MB hwm=3173MB
RSS_SAMPLE t=2153.2s rss=3173MB hwm=3173MB
RSS_SAMPLE t=2153.5s rss=3173MB hwm=3173MB
RSS_SAMPLE t=2153.7s rss=3173MB hwm=3173MB
RSS_SAMPLE t=2154.0s rss=3173MB hwm=3173MB
RSS_SAMPLE t=2154.2s rss=3173MB hwm=3173MB
RSS_SAMPLE t=2154.5s rss=3173MB hwm=3173MB
RSS_SAMPLE t=2154.7s rss=3173MB hwm=3173MB
RSS_SAMPLE t=2155.0s rss=3173MB hwm=3173MB
RSS_SAMPLE t=2155.2s rss=3173MB hwm=3173MB
RSS_SAMPLE t=2155.5s rss=3173MB hwm=3173MB
RSS_SAMPLE t=2155.7s rss=3173MB hwm=3173MB
RSS_SAMPLE t=2156.0s rss=3173MB hwm=3173MB
RSS_SAMPLE t=2156.2s rss=3173MB hwm=3173MB
RSS_SAMPLE t=2156.5s rss=3173MB hwm=3173MB
RSS_SAMPLE t=2156.7s rss=3173MB hwm=3173MB
RSS_SAMPLE t=2157.0s rss=3173MB hwm=3173MB
RSS_SAMPLE t=2157.2s rss=3173MB hwm=3173MB
RSS_SAMPLE t=2157.5s rss=3173MB hwm=3173MB
RSS_SAMPLE t=2157.7s rss=3173MB hwm=3173MB
RSS_SAMPLE t=2158.0s rss=3173MB hwm=3173MB
RSS_SAMPLE t=2158.2s rss=3173MB hwm=3173MB
RSS_SAMPLE t=2158.5s rss=3173MB hwm=3173MB
RSS_SAMPLE t=2158.8s rss=3173MB hwm=3173MB
RSS_SAMPLE t=2159.0s rss=3173MB hwm=3173MB
RSS_SAMPLE t=2159.3s rss=3173MB hwm=3173MB
RSS_SAMPLE t=2159.5s rss=3173MB hwm=3173MB
RSS_SAMPLE t=2159.8s rss=3173MB hwm=3173MB
RSS_SAMPLE t=2160.0s rss=3173MB hwm=3173MB
RSS_SAMPLE t=2160.3s rss=3173MB hwm=3173MB
RSS_SAMPLE t=2160.5s rss=3173MB hwm=3173MB
RSS_SAMPLE t=2160.8s rss=3173MB hwm=3173MB
RSS_SAMPLE t=2161.0s rss=3173MB hwm=3173MB
RSS_SAMPLE t=2161.3s rss=3173MB hwm=3173MB
RSS_SAMPLE t=2161.5s rss=3173MB hwm=3173MB
RSS_SAMPLE t=2161.8s rss=3173MB hwm=3173MB
RSS_SAMPLE t=2162.0s rss=3173MB hwm=3173MB
RSS_SAMPLE t=2162.3s rss=3173MB hwm=3173MB
RSS_SAMPLE t=2162.5s rss=3173MB hwm=3173MB
RSS_SAMPLE t=2162.8s rss=3173MB hwm=3173MB
RSS_SAMPLE t=2163.0s rss=3173MB hwm=3173MB
RSS_SAMPLE t=2163.3s rss=3173MB hwm=3173MB
RSS_SAMPLE t=2163.5s rss=3173MB hwm=3173MB
RSS_SAMPLE t=2163.8s rss=3173MB hwm=3173MB
RSS_SAMPLE t=2164.0s rss=3173MB hwm=3173MB
RSS_SAMPLE t=2164.3s rss=3173MB hwm=3173MB
RSS_SAMPLE t=2164.5s rss=3173MB hwm=3173MB
RSS_SAMPLE t=2164.8s rss=3173MB hwm=3173MB
RSS_SAMPLE t=2165.0s rss=3173MB hwm=3173MB
RSS_SAMPLE t=2165.3s rss=3173MB hwm=3173MB
RSS_SAMPLE t=2165.5s rss=3173MB hwm=3173MB
RSS_SAMPLE t=2165.8s rss=3173MB hwm=3173MB
RSS_SAMPLE t=2166.0s rss=3173MB hwm=3173MB
RSS_SAMPLE t=2166.3s rss=3173MB hwm=3173MB
RSS_SAMPLE t=2166.5s rss=3173MB hwm=3173MB
RSS_SAMPLE t=2166.8s rss=3173MB hwm=3173MB
RSS_SAMPLE t=2167.0s rss=3173MB hwm=3173MB
RSS_SAMPLE t=2167.3s rss=3173MB hwm=3173MB
RSS_SAMPLE t=2167.5s rss=3173MB hwm=3173MB
RSS_SAMPLE t=2167.8s rss=3173MB hwm=3173MB
RSS_SAMPLE t=2168.0s rss=3173MB hwm=3173MB
RSS_SAMPLE t=2168.3s rss=3173MB hwm=3173MB
RSS_SAMPLE t=2168.5s rss=3173MB hwm=3173MB
RSS_SAMPLE t=2168.8s rss=3173MB hwm=3173MB
RSS_SAMPLE t=2169.0s rss=3173MB hwm=3173MB
RSS_SAMPLE t=2169.3s rss=3173MB hwm=3173MB
RSS_SAMPLE t=2169.5s rss=3173MB hwm=3173MB
RSS_SAMPLE t=2169.8s rss=3173MB hwm=3173MB
RSS_SAMPLE t=2170.0s rss=3173MB hwm=3173MB
RSS_SAMPLE t=2170.3s rss=3173MB hwm=3173MB
RSS_SAMPLE t=2170.5s rss=3173MB hwm=3173MB
RSS_SAMPLE t=2170.8s rss=3173MB hwm=3173MB
RSS_SAMPLE t=2171.0s rss=3173MB hwm=3173MB
RSS_SAMPLE t=2171.3s rss=3173MB hwm=3173MB
RSS_SAMPLE t=2171.5s rss=3173MB hwm=3173MB
RSS_SAMPLE t=2171.8s rss=3173MB hwm=3173MB
RSS_SAMPLE t=2172.0s rss=3173MB hwm=3173MB
RSS_SAMPLE t=2172.3s rss=3173MB hwm=3173MB
RSS_SAMPLE t=2172.5s rss=3173MB hwm=3173MB
RSS_SAMPLE t=2172.8s rss=3173MB hwm=3173MB
RSS_SAMPLE t=2173.0s rss=3173MB hwm=3173MB
RSS_SAMPLE t=2173.3s rss=3173MB hwm=3173MB
RSS_SAMPLE t=2173.5s rss=3173MB hwm=3173MB
RSS_SAMPLE t=2173.8s rss=3173MB hwm=3173MB
RSS_SAMPLE t=2174.0s rss=3173MB hwm=3173MB
RSS_SAMPLE t=2174.3s rss=3173MB hwm=3173MB
RSS_SAMPLE t=2174.5s rss=3173MB hwm=3173MB
RSS_SAMPLE t=2174.8s rss=3173MB hwm=3173MB
RSS_SAMPLE t=2175.0s rss=3173MB hwm=3173MB
RSS_SAMPLE t=2175.3s rss=3173MB hwm=3173MB
RSS_SAMPLE t=2175.5s rss=3173MB hwm=3173MB
RSS_SAMPLE t=2175.8s rss=3173MB hwm=3173MB
RSS_SAMPLE t=2176.0s rss=3173MB hwm=3173MB
RSS_SAMPLE t=2176.3s rss=3173MB hwm=3173MB
RSS_SAMPLE t=2176.5s rss=3173MB hwm=3173MB
RSS_SAMPLE t=2176.8s rss=3173MB hwm=3173MB
RSS_SAMPLE t=2177.0s rss=3173MB hwm=3173MB
RSS_SAMPLE t=2177.3s rss=3173MB hwm=3173MB
RSS_SAMPLE t=2177.5s rss=3173MB hwm=3173MB
RSS_SAMPLE t=2177.8s rss=3173MB hwm=3173MB
RSS_SAMPLE t=2178.0s rss=3173MB hwm=3173MB
RSS_SAMPLE t=2178.3s rss=3173MB hwm=3173MB
RSS_SAMPLE t=2178.5s rss=3173MB hwm=3173MB
RSS_SAMPLE t=2178.8s rss=3173MB hwm=3173MB
RSS_SAMPLE t=2179.0s rss=3173MB hwm=3173MB
RSS_SAMPLE t=2179.3s rss=3173MB hwm=3173MB
RSS_SAMPLE t=2179.5s rss=3173MB hwm=3173MB
RSS_SAMPLE t=2179.8s rss=3173MB hwm=3173MB
RSS_SAMPLE t=2180.0s rss=3173MB hwm=3173MB
RSS_SAMPLE t=2180.3s rss=3173MB hwm=3173MB
RSS_SAMPLE t=2180.5s rss=3173MB hwm=3173MB
RSS_SAMPLE t=2180.8s rss=3173MB hwm=3173MB
RSS_SAMPLE t=2181.0s rss=3173MB hwm=3173MB
RSS_SAMPLE t=2181.3s rss=3173MB hwm=3173MB
RSS_SAMPLE t=2181.5s rss=3173MB hwm=3173MB
RSS_SAMPLE t=2181.8s rss=3173MB hwm=3173MB
RSS_SAMPLE t=2182.0s rss=3173MB hwm=3173MB
RSS_SAMPLE t=2182.3s rss=3173MB hwm=3173MB
RSS_SAMPLE t=2182.5s rss=3173MB hwm=3173MB
RSS_SAMPLE t=2182.8s rss=3173MB hwm=3173MB
RSS_SAMPLE t=2183.0s rss=3173MB hwm=3173MB
RSS_SAMPLE t=2183.3s rss=3173MB hwm=3173MB
RSS_SAMPLE t=2183.5s rss=3173MB hwm=3173MB
RSS_SAMPLE t=2183.8s rss=3173MB hwm=3173MB
RSS_SAMPLE t=2184.0s rss=3173MB hwm=3173MB
RSS_SAMPLE t=2184.3s rss=3173MB hwm=3173MB
RSS_SAMPLE t=2184.5s rss=3173MB hwm=3173MB
RSS_SAMPLE t=2184.8s rss=3173MB hwm=3173MB
RSS_SAMPLE t=2185.0s rss=3173MB hwm=3173MB
RSS_SAMPLE t=2185.3s rss=3173MB hwm=3173MB
RSS_SAMPLE t=2185.5s rss=3173MB hwm=3173MB
RSS_SAMPLE t=2185.8s rss=3173MB hwm=3173MB
RSS_SAMPLE t=2186.0s rss=3173MB hwm=3173MB
RSS_SAMPLE t=2186.3s rss=3173MB hwm=3173MB
RSS_SAMPLE t=2186.5s rss=3173MB hwm=3173MB
RSS_SAMPLE t=2186.8s rss=3173MB hwm=3173MB
RSS_SAMPLE t=2187.0s rss=3173MB hwm=3173MB
RSS_SAMPLE t=2187.3s rss=3173MB hwm=3173MB
RSS_SAMPLE t=2187.5s rss=3173MB hwm=3173MB
RSS_SAMPLE t=2187.8s rss=3173MB hwm=3173MB
RSS_SAMPLE t=2188.0s rss=3173MB hwm=3173MB
RSS_SAMPLE t=2188.3s rss=3173MB hwm=3173MB
RSS_SAMPLE t=2188.5s rss=3173MB hwm=3173MB
RSS_SAMPLE t=2188.8s rss=3173MB hwm=3173MB
RSS_SAMPLE t=2189.0s rss=3173MB hwm=3173MB
RSS_SAMPLE t=2189.3s rss=3173MB hwm=3173MB
RSS_SAMPLE t=2189.5s rss=3173MB hwm=3173MB
RSS_SAMPLE t=2189.8s rss=3173MB hwm=3173MB
RSS_SAMPLE t=2190.0s rss=3173MB hwm=3173MB
RSS_SAMPLE t=2190.3s rss=3173MB hwm=3173MB
RSS_SAMPLE t=2190.5s rss=3173MB hwm=3173MB
RSS_SAMPLE t=2190.8s rss=3173MB hwm=3173MB
RSS_SAMPLE t=2191.0s rss=3173MB hwm=3173MB
RSS_SAMPLE t=2191.3s rss=3173MB hwm=3173MB
RSS_SAMPLE t=2191.5s rss=3173MB hwm=3173MB
RSS_SAMPLE t=2191.8s rss=3173MB hwm=3173MB
RSS_SAMPLE t=2192.0s rss=3173MB hwm=3173MB
RSS_SAMPLE t=2192.3s rss=3173MB hwm=3173MB
RSS_SAMPLE t=2192.5s rss=3173MB hwm=3173MB
RSS_SAMPLE t=2192.8s rss=3173MB hwm=3173MB
RSS_SAMPLE t=2193.0s rss=3173MB hwm=3173MB
RSS_SAMPLE t=2193.3s rss=3173MB hwm=3173MB
RSS_SAMPLE t=2193.5s rss=3173MB hwm=3173MB
RSS_SAMPLE t=2193.8s rss=3173MB hwm=3173MB
RSS_SAMPLE t=2194.0s rss=3173MB hwm=3173MB
RSS_SAMPLE t=2194.3s rss=3173MB hwm=3173MB
RSS_SAMPLE t=2194.5s rss=3173MB hwm=3173MB
RSS_SAMPLE t=2194.8s rss=3173MB hwm=3173MB
RSS_SAMPLE t=2195.0s rss=3173MB hwm=3173MB
RSS_SAMPLE t=2195.3s rss=3173MB hwm=3173MB
RSS_SAMPLE t=2195.5s rss=3173MB hwm=3173MB
RSS_SAMPLE t=2195.8s rss=3173MB hwm=3173MB
RSS_SAMPLE t=2196.0s rss=3173MB hwm=3173MB
RSS_SAMPLE t=2196.3s rss=3173MB hwm=3173MB
RSS_SAMPLE t=2196.5s rss=3173MB hwm=3173MB
RSS_SAMPLE t=2196.8s rss=3173MB hwm=3173MB
RSS_SAMPLE t=2197.0s rss=3173MB hwm=3173MB
RSS_SAMPLE t=2197.3s rss=3173MB hwm=3173MB
RSS_SAMPLE t=2197.5s rss=3173MB hwm=3173MB
RSS_SAMPLE t=2197.8s rss=3173MB hwm=3173MB
RSS_SAMPLE t=2198.0s rss=3173MB hwm=3173MB
RSS_SAMPLE t=2198.3s rss=3173MB hwm=3173MB
RSS_SAMPLE t=2198.5s rss=3173MB hwm=3173MB
RSS_SAMPLE t=2198.8s rss=3173MB hwm=3173MB
RSS_SAMPLE t=2199.0s rss=3173MB hwm=3173MB
RSS_SAMPLE t=2199.3s rss=3173MB hwm=3173MB
RSS_SAMPLE t=2199.5s rss=3173MB hwm=3173MB
RSS_SAMPLE t=2199.8s rss=3173MB hwm=3173MB
RSS_SAMPLE t=2200.0s rss=3173MB hwm=3173MB
RSS_SAMPLE t=2200.3s rss=3173MB hwm=3173MB
RSS_SAMPLE t=2200.5s rss=3173MB hwm=3173MB
RSS_SAMPLE t=2200.8s rss=3173MB hwm=3173MB
RSS_SAMPLE t=2201.0s rss=3173MB hwm=3173MB
RSS_SAMPLE t=2201.3s rss=3173MB hwm=3173MB
RSS_SAMPLE t=2201.5s rss=3173MB hwm=3173MB
RSS_SAMPLE t=2201.8s rss=3173MB hwm=3173MB
RSS_SAMPLE t=2202.0s rss=3173MB hwm=3173MB
RSS_SAMPLE t=2202.3s rss=3173MB hwm=3173MB
RSS_SAMPLE t=2202.5s rss=3173MB hwm=3173MB
RSS_SAMPLE t=2202.8s rss=3173MB hwm=3173MB
RSS_SAMPLE t=2203.0s rss=3173MB hwm=3173MB
RSS_SAMPLE t=2203.3s rss=3173MB hwm=3173MB
RSS_SAMPLE t=2203.5s rss=3173MB hwm=3173MB
RSS_SAMPLE t=2203.8s rss=3173MB hwm=3173MB
RSS_SAMPLE t=2204.0s rss=3173MB hwm=3173MB
RSS_SAMPLE t=2204.3s rss=3173MB hwm=3173MB
RSS_SAMPLE t=2204.5s rss=3173MB hwm=3173MB
RSS_SAMPLE t=2204.8s rss=3173MB hwm=3173MB
RSS_SAMPLE t=2205.0s rss=3173MB hwm=3173MB
RSS_SAMPLE t=2205.3s rss=3173MB hwm=3173MB
RSS_SAMPLE t=2205.5s rss=3173MB hwm=3173MB
RSS_SAMPLE t=2205.8s rss=3173MB hwm=3173MB
RSS_SAMPLE t=2206.0s rss=3173MB hwm=3173MB
RSS_SAMPLE t=2206.3s rss=3173MB hwm=3173MB
RSS_SAMPLE t=2206.5s rss=3173MB hwm=3173MB
RSS_SAMPLE t=2206.8s rss=3173MB hwm=3173MB
RSS_SAMPLE t=2207.0s rss=3173MB hwm=3173MB
RSS_SAMPLE t=2207.3s rss=3173MB hwm=3173MB
RSS_SAMPLE t=2207.5s rss=3173MB hwm=3173MB
RSS_SAMPLE t=2207.8s rss=3173MB hwm=3173MB
RSS_SAMPLE t=2208.0s rss=3173MB hwm=3173MB
RSS_SAMPLE t=2208.3s rss=3173MB hwm=3173MB
RSS_SAMPLE t=2208.5s rss=3173MB hwm=3173MB
RSS_SAMPLE t=2208.8s rss=3173MB hwm=3173MB
RSS_SAMPLE t=2209.0s rss=3173MB hwm=3173MB
RSS_SAMPLE t=2209.3s rss=3173MB hwm=3173MB
RSS_SAMPLE t=2209.5s rss=3173MB hwm=3173MB
RSS_SAMPLE t=2209.8s rss=3173MB hwm=3173MB
RSS_SAMPLE t=2210.0s rss=3173MB hwm=3173MB
RSS_SAMPLE t=2210.3s rss=3173MB hwm=3173MB
RSS_SAMPLE t=2210.5s rss=3173MB hwm=3173MB
RSS_SAMPLE t=2210.8s rss=3173MB hwm=3173MB
RSS_SAMPLE t=2211.0s rss=3173MB hwm=3173MB
RSS_SAMPLE t=2211.3s rss=3173MB hwm=3173MB
RSS_SAMPLE t=2211.5s rss=3173MB hwm=3173MB
RSS_SAMPLE t=2211.8s rss=3173MB hwm=3173MB
RSS_SAMPLE t=2212.0s rss=3173MB hwm=3173MB
RSS_SAMPLE t=2212.3s rss=3173MB hwm=3173MB
RSS_SAMPLE t=2212.5s rss=3173MB hwm=3173MB
RSS_SAMPLE t=2212.8s rss=3173MB hwm=3173MB
RSS_SAMPLE t=2213.0s rss=3173MB hwm=3173MB
RSS_SAMPLE t=2213.3s rss=3173MB hwm=3173MB
RSS_SAMPLE t=2213.5s rss=3173MB hwm=3173MB
RSS_SAMPLE t=2213.8s rss=3173MB hwm=3173MB
RSS_SAMPLE t=2214.0s rss=3173MB hwm=3173MB
RSS_SAMPLE t=2214.3s rss=3173MB hwm=3173MB
RSS_SAMPLE t=2214.5s rss=3173MB hwm=3173MB
RSS_SAMPLE t=2214.8s rss=3173MB hwm=3173MB
RSS_SAMPLE t=2215.0s rss=3173MB hwm=3173MB
RSS_SAMPLE t=2215.3s rss=3173MB hwm=3173MB
RSS_SAMPLE t=2215.5s rss=3173MB hwm=3173MB
RSS_SAMPLE t=2215.8s rss=3173MB hwm=3173MB
RSS_SAMPLE t=2216.0s rss=3173MB hwm=3173MB
RSS_SAMPLE t=2216.3s rss=3173MB hwm=3173MB
RSS_SAMPLE t=2216.5s rss=3173MB hwm=3173MB
RSS_SAMPLE t=2216.8s rss=3173MB hwm=3173MB
RSS_SAMPLE t=2217.0s rss=3173MB hwm=3173MB
RSS_SAMPLE t=2217.3s rss=3173MB hwm=3173MB
RSS_SAMPLE t=2217.5s rss=3173MB hwm=3173MB
RSS_SAMPLE t=2217.8s rss=3173MB hwm=3173MB
RSS_SAMPLE t=2218.0s rss=3173MB hwm=3173MB
RSS_SAMPLE t=2218.3s rss=3173MB hwm=3173MB
RSS_SAMPLE t=2218.5s rss=3173MB hwm=3173MB
RSS_SAMPLE t=2218.8s rss=3173MB hwm=3173MB
RSS_SAMPLE t=2219.0s rss=3173MB hwm=3173MB
RSS_SAMPLE t=2219.3s rss=3173MB hwm=3173MB
RSS_SAMPLE t=2219.5s rss=3173MB hwm=3173MB
RSS_SAMPLE t=2219.8s rss=3173MB hwm=3173MB
RSS_SAMPLE t=2220.0s rss=3173MB hwm=3173MB
RSS_SAMPLE t=2220.3s rss=3173MB hwm=3173MB
RSS_SAMPLE t=2220.5s rss=3173MB hwm=3173MB
RSS_SAMPLE t=2220.8s rss=3173MB hwm=3173MB
RSS_SAMPLE t=2221.0s rss=3173MB hwm=3173MB
RSS_SAMPLE t=2221.3s rss=3173MB hwm=3173MB
RSS_SAMPLE t=2221.5s rss=3173MB hwm=3173MB
RSS_SAMPLE t=2221.8s rss=3173MB hwm=3173MB
RSS_SAMPLE t=2222.0s rss=3173MB hwm=3173MB
RSS_SAMPLE t=2222.3s rss=3173MB hwm=3173MB
RSS_SAMPLE t=2222.5s rss=3173MB hwm=3173MB
RSS_SAMPLE t=2222.8s rss=3173MB hwm=3173MB
RSS_SAMPLE t=2223.0s rss=3173MB hwm=3173MB
RSS_SAMPLE t=2223.3s rss=3173MB hwm=3173MB
RSS_SAMPLE t=2223.5s rss=3173MB hwm=3173MB
RSS_SAMPLE t=2223.8s rss=3173MB hwm=3173MB
RSS_SAMPLE t=2224.0s rss=3173MB hwm=3173MB
RSS_SAMPLE t=2224.3s rss=3173MB hwm=3173MB
RSS_SAMPLE t=2224.5s rss=3173MB hwm=3173MB
RSS_SAMPLE t=2224.8s rss=3173MB hwm=3173MB
RSS_SAMPLE t=2225.0s rss=3173MB hwm=3173MB
RSS_SAMPLE t=2225.3s rss=3173MB hwm=3173MB
RSS_SAMPLE t=2225.5s rss=3173MB hwm=3173MB
RSS_SAMPLE t=2225.8s rss=3173MB hwm=3173MB
RSS_SAMPLE t=2226.0s rss=3173MB hwm=3173MB
RSS_SAMPLE t=2226.3s rss=3173MB hwm=3173MB
RSS_SAMPLE t=2226.5s rss=3173MB hwm=3173MB
RSS_SAMPLE t=2226.8s rss=3173MB hwm=3173MB
RSS_SAMPLE t=2227.0s rss=3173MB hwm=3173MB
RSS_SAMPLE t=2227.3s rss=3173MB hwm=3173MB
RSS_SAMPLE t=2227.5s rss=3173MB hwm=3173MB
RSS_SAMPLE t=2227.8s rss=3173MB hwm=3173MB
RSS_SAMPLE t=2228.0s rss=3173MB hwm=3173MB
RSS_SAMPLE t=2228.3s rss=3173MB hwm=3173MB
RSS_SAMPLE t=2228.5s rss=3173MB hwm=3173MB
RSS_SAMPLE t=2228.8s rss=3173MB hwm=3173MB
RSS_SAMPLE t=2229.0s rss=3173MB hwm=3173MB
RSS_SAMPLE t=2229.3s rss=3173MB hwm=3173MB
RSS_SAMPLE t=2229.5s rss=3173MB hwm=3173MB
RSS_SAMPLE t=2229.8s rss=3173MB hwm=3173MB
RSS_SAMPLE t=2230.0s rss=3173MB hwm=3173MB
RSS_SAMPLE t=2230.3s rss=3173MB hwm=3173MB
RSS_SAMPLE t=2230.5s rss=3173MB hwm=3173MB
RSS_SAMPLE t=2230.8s rss=3173MB hwm=3173MB
RSS_SAMPLE t=2231.0s rss=3173MB hwm=3173MB
RSS_SAMPLE t=2231.3s rss=3173MB hwm=3173MB
RSS_SAMPLE t=2231.5s rss=3173MB hwm=3173MB
RSS_SAMPLE t=2231.8s rss=3173MB hwm=3173MB
RSS_SAMPLE t=2232.0s rss=3173MB hwm=3173MB
RSS_SAMPLE t=2232.3s rss=3173MB hwm=3173MB
RSS_SAMPLE t=2232.5s rss=3173MB hwm=3173MB
RSS_SAMPLE t=2232.8s rss=3173MB hwm=3173MB
RSS_SAMPLE t=2233.0s rss=3173MB hwm=3173MB
RSS_SAMPLE t=2233.3s rss=3173MB hwm=3173MB
RSS_SAMPLE t=2233.5s rss=3173MB hwm=3173MB
RSS_SAMPLE t=2233.8s rss=3173MB hwm=3173MB
RSS_SAMPLE t=2234.0s rss=3173MB hwm=3173MB
RSS_SAMPLE t=2234.3s rss=3173MB hwm=3173MB
RSS_SAMPLE t=2234.5s rss=3173MB hwm=3173MB
RSS_SAMPLE t=2234.8s rss=3173MB hwm=3173MB
RSS_SAMPLE t=2235.0s rss=3173MB hwm=3173MB
RSS_SAMPLE t=2235.3s rss=3173MB hwm=3173MB
RSS_SAMPLE t=2235.5s rss=3173MB hwm=3173MB
RSS_SAMPLE t=2235.8s rss=3173MB hwm=3173MB
MEM_POOL: workspaces=8 dense_usage_mb=313 n_pipes=2562403
    rss_probe[outer=14]: pre_post_solve=3173MB post_post_solve=3173MB after_apply=3173MB
RSS_SAMPLE t=2236.0s rss=3173MB hwm=3173MB
    E_decomp: base=7211546.6 eff=18413551481813.6 cong=18413544270267.0 cong_share=100.0% sat_pipes=216877 max_util=958.53  R_buckets: 1-2x=1056662 2-10x=126928 10-100x=503722 >=100x=875091
    E_potential: beckmann=48584070251201.7 history_total=0.0
    SpanCache: epoch=15 entries=1880 lookups=2562403 hits=2560523 misses=1880 hit_rate=99.9%
  DCD  14: nets=105117 line=11021983 energy=14287783533.018 dE=+1093359331.406 friction=3551373.4 bins=2.0x(188) excess=55.2 moved=68666 disp=4.267 solves=105117 skip=105117 pops=511959291 theta=2.273 refresh=119775ms dcd=6846ms total=129087ms
    cache_stats: entries=60803240 capacity=128419697 est_mb=1107 rss_mb=3173
RSS_SAMPLE t=2236.3s rss=3173MB hwm=3173MB
RSS_SAMPLE t=2236.5s rss=3173MB hwm=3173MB
RSS_SAMPLE t=2236.8s rss=3173MB hwm=3173MB
RSS_SAMPLE t=2237.0s rss=3173MB hwm=3173MB
RSS_SAMPLE t=2237.3s rss=3173MB hwm=3173MB
RSS_SAMPLE t=2237.5s rss=3173MB hwm=3173MB
RSS_SAMPLE t=2237.8s rss=3173MB hwm=3173MB
RSS_SAMPLE t=2238.0s rss=3173MB hwm=3173MB
RSS_SAMPLE t=2238.3s rss=3173MB hwm=3173MB
    SwitchMatrix: type_usage_pairs=609 lookups=2021 hits=1412 dijkstra_calls=609 avg_us=13.8 total_ms=8.4
PHASE_MARK outer=15 enter=pre_solve rss=3173MB
    rss_probe[outer=15]: pre_refresh_rss=3173MB post_pre_solve_rss=3173MB cache_entries=60803240 cache_cap=128419697 cache_est_mb=1107
    pre_solve_diag[outer=15]: solves=0 fallback=0 (0.0%) cap_armed=0 (0.0%) settle_avg=0 settle_max=0 init_count=41
    Overflow: over=179713 (7.0% of used) avg_excess=1.87 max_excess=3033.68 (nc=3057.68 cap=24 span=1)  excess_buckets: <=1=106780 1-5=58780 5-20=12918 >20=1235  by_cap: cap1=91587 cap2=86244 cap3-5=320 cap>5=1562  by_span: s1=425 s2-3=401 s4-6=1357 s7-12=83677 s>12=93853  le1_cross: cap1=77507 cap2-5=29069 cap>5=204
    Congestion: pipes=2562403 used=2562403 congested(>50%)=532602 saturated(>90%)=216877 max_util=958.53 avg_util=0.3638
PHASE_MARK outer=15 enter=dcd_sweep rss=3173MB
RSS_SAMPLE t=2238.5s rss=3173MB hwm=3173MB
RSS_SAMPLE t=2238.8s rss=3173MB hwm=3173MB
RSS_SAMPLE t=2239.0s rss=3173MB hwm=3173MB
RSS_SAMPLE t=2239.3s rss=3173MB hwm=3173MB
RSS_SAMPLE t=2239.5s rss=3173MB hwm=3173MB
RSS_SAMPLE t=2239.8s rss=3173MB hwm=3173MB
RSS_SAMPLE t=2240.1s rss=3173MB hwm=3173MB
RSS_SAMPLE t=2240.3s rss=3173MB hwm=3173MB
RSS_SAMPLE t=2240.6s rss=3173MB hwm=3173MB
RSS_SAMPLE t=2240.8s rss=3173MB hwm=3173MB
RSS_SAMPLE t=2241.1s rss=3173MB hwm=3173MB
RSS_SAMPLE t=2241.3s rss=3173MB hwm=3173MB
RSS_SAMPLE t=2241.6s rss=3173MB hwm=3173MB
RSS_SAMPLE t=2241.8s rss=3173MB hwm=3173MB
RSS_SAMPLE t=2242.1s rss=3173MB hwm=3173MB
RSS_SAMPLE t=2242.3s rss=3173MB hwm=3173MB
RSS_SAMPLE t=2242.6s rss=3173MB hwm=3173MB
RSS_SAMPLE t=2242.8s rss=3173MB hwm=3173MB
RSS_SAMPLE t=2243.1s rss=3173MB hwm=3173MB
RSS_SAMPLE t=2243.3s rss=3173MB hwm=3173MB
RSS_SAMPLE t=2243.6s rss=3173MB hwm=3173MB
RSS_SAMPLE t=2243.8s rss=3173MB hwm=3173MB
RSS_SAMPLE t=2244.1s rss=3173MB hwm=3173MB
RSS_SAMPLE t=2244.3s rss=3173MB hwm=3173MB
RSS_SAMPLE t=2244.6s rss=3173MB hwm=3173MB
RSS_SAMPLE t=2244.8s rss=3173MB hwm=3173MB
RSS_SAMPLE t=2245.1s rss=3173MB hwm=3173MB
RSS_SAMPLE t=2245.3s rss=3173MB hwm=3173MB
PHASE_MARK outer=15 leave=dcd_sweep rss=3173MB
PHASE_MARK outer=15 enter=post_refresh rss=3173MB
RSS_SAMPLE t=2245.6s rss=3174MB hwm=3174MB
RSS_SAMPLE t=2245.8s rss=3174MB hwm=3174MB
RSS_SAMPLE t=2246.1s rss=3174MB hwm=3174MB
RSS_SAMPLE t=2246.3s rss=3174MB hwm=3174MB
RSS_SAMPLE t=2246.6s rss=3174MB hwm=3174MB
RSS_SAMPLE t=2246.8s rss=3174MB hwm=3174MB
RSS_SAMPLE t=2247.1s rss=3174MB hwm=3174MB
RSS_SAMPLE t=2247.3s rss=3174MB hwm=3174MB
RSS_SAMPLE t=2247.6s rss=3174MB hwm=3174MB
RSS_SAMPLE t=2247.8s rss=3174MB hwm=3174MB
RSS_SAMPLE t=2248.1s rss=3174MB hwm=3174MB
RSS_SAMPLE t=2248.3s rss=3174MB hwm=3174MB
RSS_SAMPLE t=2248.6s rss=3174MB hwm=3174MB
RSS_SAMPLE t=2248.8s rss=3174MB hwm=3174MB
RSS_SAMPLE t=2249.1s rss=3174MB hwm=3174MB
RSS_SAMPLE t=2249.3s rss=3174MB hwm=3174MB
RSS_SAMPLE t=2249.6s rss=3174MB hwm=3174MB
RSS_SAMPLE t=2249.8s rss=3174MB hwm=3174MB
RSS_SAMPLE t=2250.1s rss=3174MB hwm=3174MB
RSS_SAMPLE t=2250.3s rss=3174MB hwm=3174MB
RSS_SAMPLE t=2250.6s rss=3174MB hwm=3174MB
RSS_SAMPLE t=2250.8s rss=3174MB hwm=3174MB
RSS_SAMPLE t=2251.1s rss=3174MB hwm=3174MB
RSS_SAMPLE t=2251.3s rss=3174MB hwm=3174MB
RSS_SAMPLE t=2251.6s rss=3174MB hwm=3174MB
RSS_SAMPLE t=2251.8s rss=3174MB hwm=3174MB
RSS_SAMPLE t=2252.1s rss=3174MB hwm=3174MB
RSS_SAMPLE t=2252.3s rss=3174MB hwm=3174MB
RSS_SAMPLE t=2252.6s rss=3174MB hwm=3174MB
RSS_SAMPLE t=2252.8s rss=3174MB hwm=3174MB
RSS_SAMPLE t=2253.1s rss=3174MB hwm=3174MB
RSS_SAMPLE t=2253.3s rss=3174MB hwm=3174MB
RSS_SAMPLE t=2253.6s rss=3174MB hwm=3174MB
RSS_SAMPLE t=2253.8s rss=3174MB hwm=3174MB
RSS_SAMPLE t=2254.1s rss=3174MB hwm=3174MB
RSS_SAMPLE t=2254.3s rss=3174MB hwm=3174MB
RSS_SAMPLE t=2254.6s rss=3174MB hwm=3174MB
RSS_SAMPLE t=2254.8s rss=3174MB hwm=3174MB
RSS_SAMPLE t=2255.1s rss=3174MB hwm=3174MB
RSS_SAMPLE t=2255.3s rss=3174MB hwm=3174MB
RSS_SAMPLE t=2255.6s rss=3174MB hwm=3174MB
RSS_SAMPLE t=2255.8s rss=3174MB hwm=3174MB
RSS_SAMPLE t=2256.1s rss=3174MB hwm=3174MB
RSS_SAMPLE t=2256.3s rss=3174MB hwm=3174MB
RSS_SAMPLE t=2256.6s rss=3174MB hwm=3174MB
RSS_SAMPLE t=2256.8s rss=3174MB hwm=3174MB
RSS_SAMPLE t=2257.1s rss=3174MB hwm=3174MB
RSS_SAMPLE t=2257.3s rss=3174MB hwm=3174MB
RSS_SAMPLE t=2257.6s rss=3174MB hwm=3174MB
RSS_SAMPLE t=2257.8s rss=3174MB hwm=3174MB
RSS_SAMPLE t=2258.1s rss=3174MB hwm=3174MB
RSS_SAMPLE t=2258.3s rss=3174MB hwm=3174MB
RSS_SAMPLE t=2258.6s rss=3174MB hwm=3174MB
RSS_SAMPLE t=2258.8s rss=3174MB hwm=3174MB
RSS_SAMPLE t=2259.1s rss=3174MB hwm=3174MB
RSS_SAMPLE t=2259.3s rss=3174MB hwm=3174MB
RSS_SAMPLE t=2259.6s rss=3174MB hwm=3174MB
RSS_SAMPLE t=2259.8s rss=3174MB hwm=3174MB
RSS_SAMPLE t=2260.1s rss=3174MB hwm=3174MB
RSS_SAMPLE t=2260.3s rss=3174MB hwm=3174MB
RSS_SAMPLE t=2260.6s rss=3174MB hwm=3174MB
RSS_SAMPLE t=2260.8s rss=3174MB hwm=3174MB
RSS_SAMPLE t=2261.1s rss=3174MB hwm=3174MB
RSS_SAMPLE t=2261.3s rss=3174MB hwm=3174MB
RSS_SAMPLE t=2261.6s rss=3174MB hwm=3174MB
RSS_SAMPLE t=2261.8s rss=3174MB hwm=3174MB
RSS_SAMPLE t=2262.1s rss=3174MB hwm=3174MB
RSS_SAMPLE t=2262.3s rss=3174MB hwm=3174MB
RSS_SAMPLE t=2262.6s rss=3174MB hwm=3174MB
RSS_SAMPLE t=2262.8s rss=3174MB hwm=3174MB
RSS_SAMPLE t=2263.1s rss=3174MB hwm=3174MB
RSS_SAMPLE t=2263.3s rss=3174MB hwm=3174MB
RSS_SAMPLE t=2263.6s rss=3174MB hwm=3174MB
RSS_SAMPLE t=2263.8s rss=3174MB hwm=3174MB
RSS_SAMPLE t=2264.1s rss=3174MB hwm=3174MB
RSS_SAMPLE t=2264.3s rss=3174MB hwm=3174MB
RSS_SAMPLE t=2264.6s rss=3174MB hwm=3174MB
RSS_SAMPLE t=2264.8s rss=3174MB hwm=3174MB
RSS_SAMPLE t=2265.1s rss=3174MB hwm=3174MB
RSS_SAMPLE t=2265.3s rss=3174MB hwm=3174MB
RSS_SAMPLE t=2265.6s rss=3174MB hwm=3174MB
RSS_SAMPLE t=2265.8s rss=3174MB hwm=3174MB
RSS_SAMPLE t=2266.1s rss=3174MB hwm=3174MB
RSS_SAMPLE t=2266.3s rss=3174MB hwm=3174MB
RSS_SAMPLE t=2266.6s rss=3174MB hwm=3174MB
RSS_SAMPLE t=2266.8s rss=3174MB hwm=3174MB
RSS_SAMPLE t=2267.1s rss=3174MB hwm=3174MB
RSS_SAMPLE t=2267.3s rss=3174MB hwm=3174MB
RSS_SAMPLE t=2267.6s rss=3174MB hwm=3174MB
RSS_SAMPLE t=2267.8s rss=3174MB hwm=3174MB
RSS_SAMPLE t=2268.1s rss=3174MB hwm=3174MB
RSS_SAMPLE t=2268.3s rss=3174MB hwm=3174MB
RSS_SAMPLE t=2268.6s rss=3174MB hwm=3174MB
RSS_SAMPLE t=2268.8s rss=3174MB hwm=3174MB
RSS_SAMPLE t=2269.1s rss=3174MB hwm=3174MB
RSS_SAMPLE t=2269.3s rss=3174MB hwm=3174MB
RSS_SAMPLE t=2269.6s rss=3174MB hwm=3174MB
RSS_SAMPLE t=2269.8s rss=3174MB hwm=3174MB
RSS_SAMPLE t=2270.1s rss=3174MB hwm=3174MB
RSS_SAMPLE t=2270.3s rss=3174MB hwm=3174MB
RSS_SAMPLE t=2270.6s rss=3174MB hwm=3174MB
RSS_SAMPLE t=2270.8s rss=3174MB hwm=3174MB
RSS_SAMPLE t=2271.1s rss=3174MB hwm=3174MB
RSS_SAMPLE t=2271.3s rss=3174MB hwm=3174MB
RSS_SAMPLE t=2271.6s rss=3174MB hwm=3174MB
RSS_SAMPLE t=2271.8s rss=3174MB hwm=3174MB
RSS_SAMPLE t=2272.1s rss=3174MB hwm=3174MB
RSS_SAMPLE t=2272.3s rss=3174MB hwm=3174MB
RSS_SAMPLE t=2272.6s rss=3174MB hwm=3174MB
RSS_SAMPLE t=2272.8s rss=3174MB hwm=3174MB
RSS_SAMPLE t=2273.1s rss=3174MB hwm=3174MB
RSS_SAMPLE t=2273.3s rss=3174MB hwm=3174MB
RSS_SAMPLE t=2273.6s rss=3174MB hwm=3174MB
RSS_SAMPLE t=2273.8s rss=3174MB hwm=3174MB
RSS_SAMPLE t=2274.1s rss=3174MB hwm=3174MB
RSS_SAMPLE t=2274.3s rss=3174MB hwm=3174MB
RSS_SAMPLE t=2274.6s rss=3174MB hwm=3174MB
RSS_SAMPLE t=2274.8s rss=3174MB hwm=3174MB
RSS_SAMPLE t=2275.1s rss=3174MB hwm=3174MB
RSS_SAMPLE t=2275.3s rss=3174MB hwm=3174MB
RSS_SAMPLE t=2275.6s rss=3174MB hwm=3174MB
RSS_SAMPLE t=2275.8s rss=3174MB hwm=3174MB
RSS_SAMPLE t=2276.1s rss=3174MB hwm=3174MB
RSS_SAMPLE t=2276.3s rss=3174MB hwm=3174MB
RSS_SAMPLE t=2276.6s rss=3174MB hwm=3174MB
RSS_SAMPLE t=2276.8s rss=3174MB hwm=3174MB
RSS_SAMPLE t=2277.1s rss=3174MB hwm=3174MB
RSS_SAMPLE t=2277.3s rss=3174MB hwm=3174MB
RSS_SAMPLE t=2277.6s rss=3174MB hwm=3174MB
RSS_SAMPLE t=2277.8s rss=3174MB hwm=3174MB
RSS_SAMPLE t=2278.1s rss=3174MB hwm=3174MB
RSS_SAMPLE t=2278.3s rss=3174MB hwm=3174MB
RSS_SAMPLE t=2278.6s rss=3174MB hwm=3174MB
RSS_SAMPLE t=2278.8s rss=3174MB hwm=3174MB
RSS_SAMPLE t=2279.1s rss=3174MB hwm=3174MB
RSS_SAMPLE t=2279.3s rss=3174MB hwm=3174MB
RSS_SAMPLE t=2279.6s rss=3174MB hwm=3174MB
RSS_SAMPLE t=2279.8s rss=3174MB hwm=3174MB
RSS_SAMPLE t=2280.1s rss=3174MB hwm=3174MB
RSS_SAMPLE t=2280.3s rss=3174MB hwm=3174MB
RSS_SAMPLE t=2280.6s rss=3174MB hwm=3174MB
RSS_SAMPLE t=2280.8s rss=3174MB hwm=3174MB
RSS_SAMPLE t=2281.1s rss=3174MB hwm=3174MB
RSS_SAMPLE t=2281.3s rss=3174MB hwm=3174MB
RSS_SAMPLE t=2281.6s rss=3174MB hwm=3174MB
RSS_SAMPLE t=2281.8s rss=3174MB hwm=3174MB
RSS_SAMPLE t=2282.1s rss=3174MB hwm=3174MB
RSS_SAMPLE t=2282.3s rss=3174MB hwm=3174MB
RSS_SAMPLE t=2282.6s rss=3174MB hwm=3174MB
RSS_SAMPLE t=2282.8s rss=3174MB hwm=3174MB
RSS_SAMPLE t=2283.1s rss=3174MB hwm=3174MB
RSS_SAMPLE t=2283.3s rss=3174MB hwm=3174MB
RSS_SAMPLE t=2283.6s rss=3174MB hwm=3174MB
RSS_SAMPLE t=2283.8s rss=3174MB hwm=3174MB
RSS_SAMPLE t=2284.1s rss=3174MB hwm=3174MB
RSS_SAMPLE t=2284.3s rss=3174MB hwm=3174MB
RSS_SAMPLE t=2284.6s rss=3174MB hwm=3174MB
RSS_SAMPLE t=2284.8s rss=3174MB hwm=3174MB
RSS_SAMPLE t=2285.1s rss=3174MB hwm=3174MB
RSS_SAMPLE t=2285.3s rss=3174MB hwm=3174MB
RSS_SAMPLE t=2285.6s rss=3174MB hwm=3174MB
RSS_SAMPLE t=2285.8s rss=3174MB hwm=3174MB
RSS_SAMPLE t=2286.1s rss=3174MB hwm=3174MB
RSS_SAMPLE t=2286.3s rss=3174MB hwm=3174MB
RSS_SAMPLE t=2286.6s rss=3174MB hwm=3174MB
RSS_SAMPLE t=2286.8s rss=3174MB hwm=3174MB
RSS_SAMPLE t=2287.1s rss=3174MB hwm=3174MB
RSS_SAMPLE t=2287.3s rss=3174MB hwm=3174MB
RSS_SAMPLE t=2287.6s rss=3174MB hwm=3174MB
RSS_SAMPLE t=2287.8s rss=3174MB hwm=3174MB
RSS_SAMPLE t=2288.1s rss=3174MB hwm=3174MB
RSS_SAMPLE t=2288.3s rss=3174MB hwm=3174MB
RSS_SAMPLE t=2288.6s rss=3174MB hwm=3174MB
RSS_SAMPLE t=2288.8s rss=3174MB hwm=3174MB
RSS_SAMPLE t=2289.1s rss=3174MB hwm=3174MB
RSS_SAMPLE t=2289.3s rss=3174MB hwm=3174MB
RSS_SAMPLE t=2289.6s rss=3174MB hwm=3174MB
RSS_SAMPLE t=2289.8s rss=3174MB hwm=3174MB
RSS_SAMPLE t=2290.1s rss=3174MB hwm=3174MB
RSS_SAMPLE t=2290.3s rss=3174MB hwm=3174MB
RSS_SAMPLE t=2290.6s rss=3174MB hwm=3174MB
RSS_SAMPLE t=2290.8s rss=3174MB hwm=3174MB
RSS_SAMPLE t=2291.1s rss=3174MB hwm=3174MB
RSS_SAMPLE t=2291.3s rss=3174MB hwm=3174MB
RSS_SAMPLE t=2291.6s rss=3174MB hwm=3174MB
RSS_SAMPLE t=2291.8s rss=3174MB hwm=3174MB
RSS_SAMPLE t=2292.1s rss=3174MB hwm=3174MB
RSS_SAMPLE t=2292.3s rss=3174MB hwm=3174MB
RSS_SAMPLE t=2292.6s rss=3174MB hwm=3174MB
RSS_SAMPLE t=2292.8s rss=3174MB hwm=3174MB
RSS_SAMPLE t=2293.1s rss=3174MB hwm=3174MB
RSS_SAMPLE t=2293.3s rss=3174MB hwm=3174MB
RSS_SAMPLE t=2293.6s rss=3174MB hwm=3174MB
RSS_SAMPLE t=2293.8s rss=3174MB hwm=3174MB
RSS_SAMPLE t=2294.1s rss=3174MB hwm=3174MB
RSS_SAMPLE t=2294.3s rss=3174MB hwm=3174MB
RSS_SAMPLE t=2294.6s rss=3174MB hwm=3174MB
RSS_SAMPLE t=2294.8s rss=3174MB hwm=3174MB
RSS_SAMPLE t=2295.1s rss=3174MB hwm=3174MB
RSS_SAMPLE t=2295.3s rss=3174MB hwm=3174MB
RSS_SAMPLE t=2295.6s rss=3174MB hwm=3174MB
RSS_SAMPLE t=2295.8s rss=3174MB hwm=3174MB
RSS_SAMPLE t=2296.1s rss=3174MB hwm=3174MB
RSS_SAMPLE t=2296.3s rss=3174MB hwm=3174MB
RSS_SAMPLE t=2296.6s rss=3174MB hwm=3174MB
RSS_SAMPLE t=2296.8s rss=3174MB hwm=3174MB
RSS_SAMPLE t=2297.1s rss=3174MB hwm=3174MB
RSS_SAMPLE t=2297.3s rss=3174MB hwm=3174MB
RSS_SAMPLE t=2297.6s rss=3174MB hwm=3174MB
RSS_SAMPLE t=2297.8s rss=3174MB hwm=3174MB
RSS_SAMPLE t=2298.1s rss=3174MB hwm=3174MB
RSS_SAMPLE t=2298.3s rss=3174MB hwm=3174MB
RSS_SAMPLE t=2298.6s rss=3174MB hwm=3174MB
RSS_SAMPLE t=2298.8s rss=3174MB hwm=3174MB
RSS_SAMPLE t=2299.1s rss=3174MB hwm=3174MB
RSS_SAMPLE t=2299.3s rss=3174MB hwm=3174MB
RSS_SAMPLE t=2299.6s rss=3174MB hwm=3174MB
RSS_SAMPLE t=2299.8s rss=3174MB hwm=3174MB
RSS_SAMPLE t=2300.1s rss=3174MB hwm=3174MB
RSS_SAMPLE t=2300.3s rss=3174MB hwm=3174MB
RSS_SAMPLE t=2300.6s rss=3174MB hwm=3174MB
RSS_SAMPLE t=2300.8s rss=3174MB hwm=3174MB
RSS_SAMPLE t=2301.1s rss=3174MB hwm=3174MB
RSS_SAMPLE t=2301.3s rss=3174MB hwm=3174MB
RSS_SAMPLE t=2301.6s rss=3174MB hwm=3174MB
RSS_SAMPLE t=2301.8s rss=3174MB hwm=3174MB
RSS_SAMPLE t=2302.1s rss=3174MB hwm=3174MB
RSS_SAMPLE t=2302.3s rss=3174MB hwm=3174MB
RSS_SAMPLE t=2302.6s rss=3174MB hwm=3174MB
RSS_SAMPLE t=2302.8s rss=3174MB hwm=3174MB
RSS_SAMPLE t=2303.1s rss=3174MB hwm=3174MB
RSS_SAMPLE t=2303.3s rss=3174MB hwm=3174MB
RSS_SAMPLE t=2303.6s rss=3174MB hwm=3174MB
RSS_SAMPLE t=2303.8s rss=3174MB hwm=3174MB
RSS_SAMPLE t=2304.1s rss=3174MB hwm=3174MB
RSS_SAMPLE t=2304.3s rss=3174MB hwm=3174MB
RSS_SAMPLE t=2304.6s rss=3174MB hwm=3174MB
RSS_SAMPLE t=2304.8s rss=3174MB hwm=3174MB
RSS_SAMPLE t=2305.1s rss=3174MB hwm=3174MB
RSS_SAMPLE t=2305.3s rss=3174MB hwm=3174MB
RSS_SAMPLE t=2305.6s rss=3174MB hwm=3174MB
RSS_SAMPLE t=2305.8s rss=3174MB hwm=3174MB
RSS_SAMPLE t=2306.1s rss=3174MB hwm=3174MB
RSS_SAMPLE t=2306.3s rss=3174MB hwm=3174MB
RSS_SAMPLE t=2306.6s rss=3174MB hwm=3174MB
RSS_SAMPLE t=2306.8s rss=3174MB hwm=3174MB
RSS_SAMPLE t=2307.1s rss=3174MB hwm=3174MB
RSS_SAMPLE t=2307.3s rss=3174MB hwm=3174MB
RSS_SAMPLE t=2307.6s rss=3174MB hwm=3174MB
RSS_SAMPLE t=2307.8s rss=3174MB hwm=3174MB
RSS_SAMPLE t=2308.1s rss=3174MB hwm=3174MB
RSS_SAMPLE t=2308.3s rss=3174MB hwm=3174MB
RSS_SAMPLE t=2308.6s rss=3174MB hwm=3174MB
RSS_SAMPLE t=2308.8s rss=3174MB hwm=3174MB
RSS_SAMPLE t=2309.1s rss=3174MB hwm=3174MB
RSS_SAMPLE t=2309.3s rss=3174MB hwm=3174MB
RSS_SAMPLE t=2309.6s rss=3174MB hwm=3174MB
RSS_SAMPLE t=2309.8s rss=3174MB hwm=3174MB
RSS_SAMPLE t=2310.1s rss=3174MB hwm=3174MB
RSS_SAMPLE t=2310.3s rss=3174MB hwm=3174MB
RSS_SAMPLE t=2310.6s rss=3174MB hwm=3174MB
RSS_SAMPLE t=2310.8s rss=3174MB hwm=3174MB
RSS_SAMPLE t=2311.1s rss=3174MB hwm=3174MB
RSS_SAMPLE t=2311.3s rss=3174MB hwm=3174MB
RSS_SAMPLE t=2311.6s rss=3174MB hwm=3174MB
RSS_SAMPLE t=2311.8s rss=3174MB hwm=3174MB
RSS_SAMPLE t=2312.1s rss=3174MB hwm=3174MB
RSS_SAMPLE t=2312.3s rss=3174MB hwm=3174MB
RSS_SAMPLE t=2312.6s rss=3174MB hwm=3174MB
RSS_SAMPLE t=2312.8s rss=3174MB hwm=3174MB
RSS_SAMPLE t=2313.1s rss=3174MB hwm=3174MB
RSS_SAMPLE t=2313.3s rss=3174MB hwm=3174MB
RSS_SAMPLE t=2313.6s rss=3174MB hwm=3174MB
RSS_SAMPLE t=2313.8s rss=3174MB hwm=3174MB
RSS_SAMPLE t=2314.1s rss=3174MB hwm=3174MB
RSS_SAMPLE t=2314.3s rss=3174MB hwm=3174MB
RSS_SAMPLE t=2314.6s rss=3174MB hwm=3174MB
RSS_SAMPLE t=2314.8s rss=3174MB hwm=3174MB
RSS_SAMPLE t=2315.1s rss=3174MB hwm=3174MB
RSS_SAMPLE t=2315.4s rss=3174MB hwm=3174MB
RSS_SAMPLE t=2315.6s rss=3174MB hwm=3174MB
RSS_SAMPLE t=2315.9s rss=3174MB hwm=3174MB
RSS_SAMPLE t=2316.1s rss=3174MB hwm=3174MB
RSS_SAMPLE t=2316.4s rss=3174MB hwm=3174MB
RSS_SAMPLE t=2316.6s rss=3174MB hwm=3174MB
RSS_SAMPLE t=2316.9s rss=3174MB hwm=3174MB
RSS_SAMPLE t=2317.1s rss=3174MB hwm=3174MB
RSS_SAMPLE t=2317.4s rss=3174MB hwm=3174MB
RSS_SAMPLE t=2317.6s rss=3174MB hwm=3174MB
RSS_SAMPLE t=2317.9s rss=3174MB hwm=3174MB
RSS_SAMPLE t=2318.1s rss=3174MB hwm=3174MB
RSS_SAMPLE t=2318.4s rss=3174MB hwm=3174MB
RSS_SAMPLE t=2318.6s rss=3174MB hwm=3174MB
RSS_SAMPLE t=2318.9s rss=3174MB hwm=3174MB
RSS_SAMPLE t=2319.1s rss=3174MB hwm=3174MB
RSS_SAMPLE t=2319.4s rss=3174MB hwm=3174MB
RSS_SAMPLE t=2319.6s rss=3174MB hwm=3174MB
RSS_SAMPLE t=2319.9s rss=3174MB hwm=3174MB
RSS_SAMPLE t=2320.1s rss=3174MB hwm=3174MB
RSS_SAMPLE t=2320.4s rss=3174MB hwm=3174MB
RSS_SAMPLE t=2320.6s rss=3174MB hwm=3174MB
RSS_SAMPLE t=2320.9s rss=3174MB hwm=3174MB
RSS_SAMPLE t=2321.1s rss=3174MB hwm=3174MB
RSS_SAMPLE t=2321.4s rss=3174MB hwm=3174MB
RSS_SAMPLE t=2321.6s rss=3174MB hwm=3174MB
RSS_SAMPLE t=2321.9s rss=3174MB hwm=3174MB
RSS_SAMPLE t=2322.1s rss=3174MB hwm=3174MB
RSS_SAMPLE t=2322.4s rss=3174MB hwm=3174MB
RSS_SAMPLE t=2322.6s rss=3174MB hwm=3174MB
RSS_SAMPLE t=2322.9s rss=3174MB hwm=3174MB
RSS_SAMPLE t=2323.1s rss=3174MB hwm=3174MB
RSS_SAMPLE t=2323.4s rss=3174MB hwm=3174MB
RSS_SAMPLE t=2323.6s rss=3174MB hwm=3174MB
RSS_SAMPLE t=2323.9s rss=3174MB hwm=3174MB
RSS_SAMPLE t=2324.1s rss=3174MB hwm=3174MB
RSS_SAMPLE t=2324.4s rss=3174MB hwm=3174MB
RSS_SAMPLE t=2324.6s rss=3174MB hwm=3174MB
RSS_SAMPLE t=2324.9s rss=3174MB hwm=3174MB
RSS_SAMPLE t=2325.1s rss=3174MB hwm=3174MB
RSS_SAMPLE t=2325.4s rss=3174MB hwm=3174MB
RSS_SAMPLE t=2325.6s rss=3174MB hwm=3174MB
RSS_SAMPLE t=2325.9s rss=3174MB hwm=3174MB
RSS_SAMPLE t=2326.1s rss=3174MB hwm=3174MB
RSS_SAMPLE t=2326.4s rss=3174MB hwm=3174MB
RSS_SAMPLE t=2326.6s rss=3174MB hwm=3174MB
RSS_SAMPLE t=2326.9s rss=3174MB hwm=3174MB
RSS_SAMPLE t=2327.1s rss=3174MB hwm=3174MB
RSS_SAMPLE t=2327.4s rss=3174MB hwm=3174MB
RSS_SAMPLE t=2327.6s rss=3174MB hwm=3174MB
RSS_SAMPLE t=2327.9s rss=3174MB hwm=3174MB
RSS_SAMPLE t=2328.1s rss=3174MB hwm=3174MB
RSS_SAMPLE t=2328.4s rss=3174MB hwm=3174MB
RSS_SAMPLE t=2328.6s rss=3174MB hwm=3174MB
RSS_SAMPLE t=2328.9s rss=3174MB hwm=3174MB
RSS_SAMPLE t=2329.1s rss=3174MB hwm=3174MB
RSS_SAMPLE t=2329.4s rss=3174MB hwm=3174MB
RSS_SAMPLE t=2329.6s rss=3174MB hwm=3174MB
RSS_SAMPLE t=2329.9s rss=3174MB hwm=3174MB
RSS_SAMPLE t=2330.1s rss=3174MB hwm=3174MB
RSS_SAMPLE t=2330.4s rss=3174MB hwm=3174MB
RSS_SAMPLE t=2330.6s rss=3174MB hwm=3174MB
RSS_SAMPLE t=2330.9s rss=3174MB hwm=3174MB
RSS_SAMPLE t=2331.1s rss=3174MB hwm=3174MB
RSS_SAMPLE t=2331.4s rss=3174MB hwm=3174MB
RSS_SAMPLE t=2331.6s rss=3174MB hwm=3174MB
RSS_SAMPLE t=2331.9s rss=3174MB hwm=3174MB
RSS_SAMPLE t=2332.1s rss=3174MB hwm=3174MB
RSS_SAMPLE t=2332.4s rss=3174MB hwm=3174MB
RSS_SAMPLE t=2332.6s rss=3174MB hwm=3174MB
RSS_SAMPLE t=2332.9s rss=3174MB hwm=3174MB
RSS_SAMPLE t=2333.1s rss=3174MB hwm=3174MB
RSS_SAMPLE t=2333.4s rss=3174MB hwm=3174MB
RSS_SAMPLE t=2333.6s rss=3174MB hwm=3174MB
RSS_SAMPLE t=2333.9s rss=3174MB hwm=3174MB
RSS_SAMPLE t=2334.1s rss=3174MB hwm=3174MB
RSS_SAMPLE t=2334.4s rss=3174MB hwm=3174MB
RSS_SAMPLE t=2334.6s rss=3174MB hwm=3174MB
RSS_SAMPLE t=2334.9s rss=3174MB hwm=3174MB
RSS_SAMPLE t=2335.1s rss=3174MB hwm=3174MB
RSS_SAMPLE t=2335.4s rss=3174MB hwm=3174MB
RSS_SAMPLE t=2335.6s rss=3174MB hwm=3174MB
RSS_SAMPLE t=2335.9s rss=3174MB hwm=3174MB
RSS_SAMPLE t=2336.1s rss=3174MB hwm=3174MB
RSS_SAMPLE t=2336.4s rss=3174MB hwm=3174MB
RSS_SAMPLE t=2336.6s rss=3174MB hwm=3174MB
RSS_SAMPLE t=2336.9s rss=3174MB hwm=3174MB
RSS_SAMPLE t=2337.1s rss=3174MB hwm=3174MB
RSS_SAMPLE t=2337.4s rss=3174MB hwm=3174MB
RSS_SAMPLE t=2337.6s rss=3174MB hwm=3174MB
RSS_SAMPLE t=2337.9s rss=3174MB hwm=3174MB
RSS_SAMPLE t=2338.1s rss=3174MB hwm=3174MB
RSS_SAMPLE t=2338.4s rss=3174MB hwm=3174MB
RSS_SAMPLE t=2338.6s rss=3174MB hwm=3174MB
RSS_SAMPLE t=2338.9s rss=3174MB hwm=3174MB
RSS_SAMPLE t=2339.1s rss=3174MB hwm=3174MB
RSS_SAMPLE t=2339.4s rss=3174MB hwm=3174MB
RSS_SAMPLE t=2339.6s rss=3174MB hwm=3174MB
RSS_SAMPLE t=2339.9s rss=3174MB hwm=3174MB
RSS_SAMPLE t=2340.1s rss=3174MB hwm=3174MB
RSS_SAMPLE t=2340.4s rss=3174MB hwm=3174MB
RSS_SAMPLE t=2340.6s rss=3174MB hwm=3174MB
RSS_SAMPLE t=2340.9s rss=3174MB hwm=3174MB
RSS_SAMPLE t=2341.1s rss=3174MB hwm=3174MB
RSS_SAMPLE t=2341.4s rss=3174MB hwm=3174MB
RSS_SAMPLE t=2341.6s rss=3174MB hwm=3174MB
RSS_SAMPLE t=2341.9s rss=3174MB hwm=3174MB
RSS_SAMPLE t=2342.1s rss=3174MB hwm=3174MB
RSS_SAMPLE t=2342.4s rss=3174MB hwm=3174MB
RSS_SAMPLE t=2342.6s rss=3174MB hwm=3174MB
RSS_SAMPLE t=2342.9s rss=3174MB hwm=3174MB
RSS_SAMPLE t=2343.1s rss=3174MB hwm=3174MB
RSS_SAMPLE t=2343.4s rss=3174MB hwm=3174MB
RSS_SAMPLE t=2343.6s rss=3174MB hwm=3174MB
RSS_SAMPLE t=2343.9s rss=3174MB hwm=3174MB
RSS_SAMPLE t=2344.1s rss=3174MB hwm=3174MB
RSS_SAMPLE t=2344.4s rss=3174MB hwm=3174MB
RSS_SAMPLE t=2344.6s rss=3174MB hwm=3174MB
RSS_SAMPLE t=2344.9s rss=3174MB hwm=3174MB
RSS_SAMPLE t=2345.1s rss=3174MB hwm=3174MB
RSS_SAMPLE t=2345.4s rss=3174MB hwm=3174MB
RSS_SAMPLE t=2345.6s rss=3174MB hwm=3174MB
RSS_SAMPLE t=2345.9s rss=3174MB hwm=3174MB
RSS_SAMPLE t=2346.1s rss=3174MB hwm=3174MB
RSS_SAMPLE t=2346.4s rss=3174MB hwm=3174MB
RSS_SAMPLE t=2346.6s rss=3174MB hwm=3174MB
RSS_SAMPLE t=2346.9s rss=3174MB hwm=3174MB
RSS_SAMPLE t=2347.1s rss=3174MB hwm=3174MB
RSS_SAMPLE t=2347.4s rss=3174MB hwm=3174MB
RSS_SAMPLE t=2347.6s rss=3174MB hwm=3174MB
RSS_SAMPLE t=2347.9s rss=3174MB hwm=3174MB
RSS_SAMPLE t=2348.1s rss=3174MB hwm=3174MB
RSS_SAMPLE t=2348.4s rss=3174MB hwm=3174MB
RSS_SAMPLE t=2348.6s rss=3174MB hwm=3174MB
RSS_SAMPLE t=2348.9s rss=3174MB hwm=3174MB
RSS_SAMPLE t=2349.1s rss=3174MB hwm=3174MB
RSS_SAMPLE t=2349.4s rss=3174MB hwm=3174MB
RSS_SAMPLE t=2349.6s rss=3174MB hwm=3174MB
RSS_SAMPLE t=2349.9s rss=3174MB hwm=3174MB
RSS_SAMPLE t=2350.1s rss=3174MB hwm=3174MB
RSS_SAMPLE t=2350.4s rss=3174MB hwm=3174MB
RSS_SAMPLE t=2350.6s rss=3174MB hwm=3174MB
RSS_SAMPLE t=2350.9s rss=3174MB hwm=3174MB
RSS_SAMPLE t=2351.1s rss=3174MB hwm=3174MB
RSS_SAMPLE t=2351.4s rss=3174MB hwm=3174MB
RSS_SAMPLE t=2351.6s rss=3174MB hwm=3174MB
RSS_SAMPLE t=2351.9s rss=3174MB hwm=3174MB
RSS_SAMPLE t=2352.1s rss=3174MB hwm=3174MB
RSS_SAMPLE t=2352.4s rss=3174MB hwm=3174MB
RSS_SAMPLE t=2352.6s rss=3174MB hwm=3174MB
RSS_SAMPLE t=2352.9s rss=3174MB hwm=3174MB
RSS_SAMPLE t=2353.1s rss=3174MB hwm=3174MB
RSS_SAMPLE t=2353.4s rss=3174MB hwm=3174MB
RSS_SAMPLE t=2353.6s rss=3174MB hwm=3174MB
RSS_SAMPLE t=2353.9s rss=3174MB hwm=3174MB
RSS_SAMPLE t=2354.1s rss=3174MB hwm=3174MB
RSS_SAMPLE t=2354.4s rss=3174MB hwm=3174MB
RSS_SAMPLE t=2354.6s rss=3174MB hwm=3174MB
RSS_SAMPLE t=2354.9s rss=3174MB hwm=3174MB
RSS_SAMPLE t=2355.1s rss=3174MB hwm=3174MB
RSS_SAMPLE t=2355.4s rss=3174MB hwm=3174MB
RSS_SAMPLE t=2355.6s rss=3174MB hwm=3174MB
RSS_SAMPLE t=2355.9s rss=3174MB hwm=3174MB
RSS_SAMPLE t=2356.1s rss=3174MB hwm=3174MB
RSS_SAMPLE t=2356.4s rss=3174MB hwm=3174MB
RSS_SAMPLE t=2356.6s rss=3174MB hwm=3174MB
RSS_SAMPLE t=2356.9s rss=3174MB hwm=3174MB
RSS_SAMPLE t=2357.1s rss=3174MB hwm=3174MB
RSS_SAMPLE t=2357.4s rss=3174MB hwm=3174MB
RSS_SAMPLE t=2357.6s rss=3174MB hwm=3174MB
RSS_SAMPLE t=2357.9s rss=3174MB hwm=3174MB
RSS_SAMPLE t=2358.1s rss=3174MB hwm=3174MB
RSS_SAMPLE t=2358.4s rss=3174MB hwm=3174MB
RSS_SAMPLE t=2358.6s rss=3174MB hwm=3174MB
RSS_SAMPLE t=2358.9s rss=3174MB hwm=3174MB
RSS_SAMPLE t=2359.1s rss=3174MB hwm=3174MB
RSS_SAMPLE t=2359.4s rss=3174MB hwm=3174MB
RSS_SAMPLE t=2359.6s rss=3174MB hwm=3174MB
RSS_SAMPLE t=2359.9s rss=3174MB hwm=3174MB
RSS_SAMPLE t=2360.1s rss=3174MB hwm=3174MB
RSS_SAMPLE t=2360.4s rss=3174MB hwm=3174MB
RSS_SAMPLE t=2360.6s rss=3174MB hwm=3174MB
RSS_SAMPLE t=2360.9s rss=3174MB hwm=3174MB
RSS_SAMPLE t=2361.1s rss=3174MB hwm=3174MB
RSS_SAMPLE t=2361.4s rss=3174MB hwm=3174MB
RSS_SAMPLE t=2361.6s rss=3174MB hwm=3174MB
RSS_SAMPLE t=2361.9s rss=3174MB hwm=3174MB
RSS_SAMPLE t=2362.1s rss=3174MB hwm=3174MB
RSS_SAMPLE t=2362.4s rss=3174MB hwm=3174MB
RSS_SAMPLE t=2362.6s rss=3174MB hwm=3174MB
RSS_SAMPLE t=2362.9s rss=3174MB hwm=3174MB
RSS_SAMPLE t=2363.1s rss=3174MB hwm=3174MB
RSS_SAMPLE t=2363.4s rss=3174MB hwm=3174MB
RSS_SAMPLE t=2363.6s rss=3174MB hwm=3174MB
RSS_SAMPLE t=2363.9s rss=3174MB hwm=3174MB
RSS_SAMPLE t=2364.1s rss=3174MB hwm=3174MB
RSS_SAMPLE t=2364.4s rss=3174MB hwm=3174MB
RSS_SAMPLE t=2364.6s rss=3174MB hwm=3174MB
RSS_SAMPLE t=2364.9s rss=3174MB hwm=3174MB
RSS_SAMPLE t=2365.1s rss=3174MB hwm=3174MB
RSS_SAMPLE t=2365.4s rss=3174MB hwm=3174MB
RSS_SAMPLE t=2365.6s rss=3174MB hwm=3174MB
MEM_POOL: workspaces=8 dense_usage_mb=313 n_pipes=2562403
    rss_probe[outer=15]: pre_post_solve=3174MB post_post_solve=3174MB after_apply=3174MB
    E_decomp: base=9050347.8 eff=122301888898773.6 cong=122301879848425.8 cong_share=100.0% sat_pipes=345389 max_util=1899.79  R_buckets: 1-2x=1207741 2-10x=12229 10-100x=416801 >=100x=925632
    E_potential: beckmann=115670124540096.4 history_total=0.0
    SpanCache: epoch=16 entries=2021 lookups=2562403 hits=2560382 misses=2021 hit_rate=99.9%
  DCD  15: nets=105117 line=10709695 energy=16393035046.472 dE=+2105251513.454 friction=8999819.3 bins=1.9x(206) excess=73.5 moved=68736 disp=4.134 solves=105117 skip=105117 pops=492633264 theta=2.661 refresh=120482ms dcd=6835ms total=129785ms
    cache_stats: entries=60989896 capacity=129498460 est_mb=1116 rss_mb=3174
RSS_SAMPLE t=2365.9s rss=3174MB hwm=3174MB
RSS_SAMPLE t=2366.1s rss=3174MB hwm=3174MB
RSS_SAMPLE t=2366.4s rss=3174MB hwm=3174MB
RSS_SAMPLE t=2366.6s rss=3174MB hwm=3174MB
RSS_SAMPLE t=2366.9s rss=3174MB hwm=3174MB
RSS_SAMPLE t=2367.1s rss=3174MB hwm=3174MB
RSS_SAMPLE t=2367.4s rss=3174MB hwm=3174MB
RSS_SAMPLE t=2367.6s rss=3174MB hwm=3174MB
RSS_SAMPLE t=2367.9s rss=3174MB hwm=3174MB
RSS_SAMPLE t=2368.1s rss=3174MB hwm=3174MB
    SwitchMatrix: type_usage_pairs=634 lookups=2243 hits=1609 dijkstra_calls=634 avg_us=12.3 total_ms=7.8
RSS_SAMPLE t=2368.4s rss=3174MB hwm=3174MB
PHASE_MARK outer=16 enter=pre_solve rss=3174MB
    rss_probe[outer=16]: pre_refresh_rss=3174MB post_pre_solve_rss=3174MB cache_entries=60989896 cache_cap=129498460 cache_est_mb=1116
    pre_solve_diag[outer=16]: solves=0 fallback=0 (0.0%) cap_armed=0 (0.0%) settle_avg=0 settle_max=0 init_count=59
    Overflow: over=302490 (11.8% of used) avg_excess=1.55 max_excess=2613.96 (nc=2637.96 cap=24 span=1)  excess_buckets: <=1=179283 1-5=109065 5-20=12987 >20=1155  by_cap: cap1=152102 cap2=146501 cap3-5=7 cap>5=3880  by_span: s1=298 s2-3=371 s4-6=3151 s7-12=139666 s>12=159004  le1_cross: cap1=111443 cap2-5=67091 cap>5=749
    Congestion: pipes=2562403 used=2562403 congested(>50%)=645160 saturated(>90%)=345389 max_util=1899.79 avg_util=0.4440
PHASE_MARK outer=16 enter=dcd_sweep rss=3174MB
RSS_SAMPLE t=2368.6s rss=3174MB hwm=3174MB
RSS_SAMPLE t=2368.9s rss=3174MB hwm=3174MB
RSS_SAMPLE t=2369.1s rss=3174MB hwm=3174MB
RSS_SAMPLE t=2369.4s rss=3174MB hwm=3174MB
RSS_SAMPLE t=2369.6s rss=3174MB hwm=3174MB
RSS_SAMPLE t=2369.9s rss=3174MB hwm=3174MB
RSS_SAMPLE t=2370.1s rss=3174MB hwm=3174MB
RSS_SAMPLE t=2370.4s rss=3174MB hwm=3174MB
RSS_SAMPLE t=2370.6s rss=3174MB hwm=3174MB
RSS_SAMPLE t=2370.9s rss=3174MB hwm=3174MB
RSS_SAMPLE t=2371.1s rss=3174MB hwm=3174MB
RSS_SAMPLE t=2371.4s rss=3174MB hwm=3174MB
RSS_SAMPLE t=2371.6s rss=3174MB hwm=3174MB
RSS_SAMPLE t=2371.9s rss=3174MB hwm=3174MB
RSS_SAMPLE t=2372.1s rss=3174MB hwm=3174MB
RSS_SAMPLE t=2372.4s rss=3174MB hwm=3174MB
RSS_SAMPLE t=2372.6s rss=3174MB hwm=3174MB
RSS_SAMPLE t=2372.9s rss=3174MB hwm=3174MB
RSS_SAMPLE t=2373.1s rss=3174MB hwm=3174MB
RSS_SAMPLE t=2373.4s rss=3174MB hwm=3174MB
RSS_SAMPLE t=2373.6s rss=3174MB hwm=3174MB
RSS_SAMPLE t=2373.9s rss=3174MB hwm=3174MB
RSS_SAMPLE t=2374.1s rss=3174MB hwm=3174MB
RSS_SAMPLE t=2374.4s rss=3174MB hwm=3174MB
RSS_SAMPLE t=2374.6s rss=3174MB hwm=3174MB
RSS_SAMPLE t=2374.9s rss=3174MB hwm=3174MB
RSS_SAMPLE t=2375.1s rss=3174MB hwm=3174MB
PHASE_MARK outer=16 leave=dcd_sweep rss=3174MB
PHASE_MARK outer=16 enter=post_refresh rss=3174MB
RSS_SAMPLE t=2375.4s rss=3175MB hwm=3175MB
RSS_SAMPLE t=2375.6s rss=3175MB hwm=3175MB
RSS_SAMPLE t=2375.9s rss=3175MB hwm=3175MB
RSS_SAMPLE t=2376.1s rss=3175MB hwm=3175MB
RSS_SAMPLE t=2376.4s rss=3175MB hwm=3175MB
RSS_SAMPLE t=2376.6s rss=3175MB hwm=3175MB
RSS_SAMPLE t=2376.9s rss=3175MB hwm=3175MB
RSS_SAMPLE t=2377.1s rss=3175MB hwm=3175MB
RSS_SAMPLE t=2377.4s rss=3175MB hwm=3175MB
RSS_SAMPLE t=2377.6s rss=3175MB hwm=3175MB
RSS_SAMPLE t=2377.9s rss=3175MB hwm=3175MB
RSS_SAMPLE t=2378.1s rss=3175MB hwm=3175MB
RSS_SAMPLE t=2378.4s rss=3175MB hwm=3175MB
RSS_SAMPLE t=2378.6s rss=3175MB hwm=3175MB
RSS_SAMPLE t=2378.9s rss=3175MB hwm=3175MB
RSS_SAMPLE t=2379.1s rss=3175MB hwm=3175MB
RSS_SAMPLE t=2379.4s rss=3175MB hwm=3175MB
RSS_SAMPLE t=2379.6s rss=3175MB hwm=3175MB
RSS_SAMPLE t=2379.9s rss=3175MB hwm=3175MB
RSS_SAMPLE t=2380.1s rss=3175MB hwm=3175MB
RSS_SAMPLE t=2380.4s rss=3175MB hwm=3175MB
RSS_SAMPLE t=2380.6s rss=3175MB hwm=3175MB
RSS_SAMPLE t=2380.9s rss=3175MB hwm=3175MB
RSS_SAMPLE t=2381.1s rss=3175MB hwm=3175MB
RSS_SAMPLE t=2381.4s rss=3175MB hwm=3175MB
RSS_SAMPLE t=2381.6s rss=3175MB hwm=3175MB
RSS_SAMPLE t=2381.9s rss=3175MB hwm=3175MB
RSS_SAMPLE t=2382.1s rss=3175MB hwm=3175MB
RSS_SAMPLE t=2382.4s rss=3175MB hwm=3175MB
RSS_SAMPLE t=2382.6s rss=3175MB hwm=3175MB
RSS_SAMPLE t=2382.9s rss=3175MB hwm=3175MB
RSS_SAMPLE t=2383.1s rss=3175MB hwm=3175MB
RSS_SAMPLE t=2383.4s rss=3175MB hwm=3175MB
RSS_SAMPLE t=2383.6s rss=3175MB hwm=3175MB
RSS_SAMPLE t=2383.9s rss=3175MB hwm=3175MB
RSS_SAMPLE t=2384.1s rss=3175MB hwm=3175MB
RSS_SAMPLE t=2384.4s rss=3175MB hwm=3175MB
RSS_SAMPLE t=2384.6s rss=3175MB hwm=3175MB
RSS_SAMPLE t=2384.9s rss=3175MB hwm=3175MB
RSS_SAMPLE t=2385.1s rss=3175MB hwm=3175MB
RSS_SAMPLE t=2385.4s rss=3175MB hwm=3175MB
RSS_SAMPLE t=2385.6s rss=3175MB hwm=3175MB
RSS_SAMPLE t=2385.9s rss=3175MB hwm=3175MB
RSS_SAMPLE t=2386.1s rss=3175MB hwm=3175MB
RSS_SAMPLE t=2386.4s rss=3175MB hwm=3175MB
RSS_SAMPLE t=2386.6s rss=3175MB hwm=3175MB
RSS_SAMPLE t=2386.9s rss=3175MB hwm=3175MB
RSS_SAMPLE t=2387.1s rss=3175MB hwm=3175MB
RSS_SAMPLE t=2387.4s rss=3175MB hwm=3175MB
RSS_SAMPLE t=2387.6s rss=3175MB hwm=3175MB
RSS_SAMPLE t=2387.9s rss=3175MB hwm=3175MB
RSS_SAMPLE t=2388.1s rss=3175MB hwm=3175MB
RSS_SAMPLE t=2388.4s rss=3175MB hwm=3175MB
RSS_SAMPLE t=2388.6s rss=3175MB hwm=3175MB
RSS_SAMPLE t=2388.9s rss=3175MB hwm=3175MB
RSS_SAMPLE t=2389.1s rss=3175MB hwm=3175MB
RSS_SAMPLE t=2389.4s rss=3175MB hwm=3175MB
RSS_SAMPLE t=2389.6s rss=3175MB hwm=3175MB
RSS_SAMPLE t=2389.9s rss=3175MB hwm=3175MB
RSS_SAMPLE t=2390.1s rss=3175MB hwm=3175MB
RSS_SAMPLE t=2390.4s rss=3175MB hwm=3175MB
RSS_SAMPLE t=2390.6s rss=3175MB hwm=3175MB
RSS_SAMPLE t=2390.9s rss=3175MB hwm=3175MB
RSS_SAMPLE t=2391.2s rss=3175MB hwm=3175MB
RSS_SAMPLE t=2391.4s rss=3175MB hwm=3175MB
RSS_SAMPLE t=2391.7s rss=3175MB hwm=3175MB
RSS_SAMPLE t=2391.9s rss=3175MB hwm=3175MB
RSS_SAMPLE t=2392.2s rss=3175MB hwm=3175MB
RSS_SAMPLE t=2392.4s rss=3175MB hwm=3175MB
RSS_SAMPLE t=2392.7s rss=3175MB hwm=3175MB
RSS_SAMPLE t=2392.9s rss=3175MB hwm=3175MB
RSS_SAMPLE t=2393.2s rss=3175MB hwm=3175MB
RSS_SAMPLE t=2393.4s rss=3175MB hwm=3175MB
RSS_SAMPLE t=2393.7s rss=3175MB hwm=3175MB
RSS_SAMPLE t=2393.9s rss=3175MB hwm=3175MB
RSS_SAMPLE t=2394.2s rss=3175MB hwm=3175MB
RSS_SAMPLE t=2394.4s rss=3175MB hwm=3175MB
RSS_SAMPLE t=2394.7s rss=3175MB hwm=3175MB
RSS_SAMPLE t=2394.9s rss=3175MB hwm=3175MB
RSS_SAMPLE t=2395.2s rss=3175MB hwm=3175MB
RSS_SAMPLE t=2395.4s rss=3175MB hwm=3175MB
RSS_SAMPLE t=2395.7s rss=3175MB hwm=3175MB
RSS_SAMPLE t=2395.9s rss=3175MB hwm=3175MB
RSS_SAMPLE t=2396.2s rss=3175MB hwm=3175MB
RSS_SAMPLE t=2396.4s rss=3175MB hwm=3175MB
RSS_SAMPLE t=2396.7s rss=3175MB hwm=3175MB
RSS_SAMPLE t=2396.9s rss=3175MB hwm=3175MB
RSS_SAMPLE t=2397.2s rss=3175MB hwm=3175MB
RSS_SAMPLE t=2397.4s rss=3175MB hwm=3175MB
RSS_SAMPLE t=2397.7s rss=3175MB hwm=3175MB
RSS_SAMPLE t=2397.9s rss=3175MB hwm=3175MB
RSS_SAMPLE t=2398.2s rss=3175MB hwm=3175MB
RSS_SAMPLE t=2398.4s rss=3175MB hwm=3175MB
RSS_SAMPLE t=2398.7s rss=3175MB hwm=3175MB
RSS_SAMPLE t=2398.9s rss=3175MB hwm=3175MB
RSS_SAMPLE t=2399.2s rss=3175MB hwm=3175MB
RSS_SAMPLE t=2399.4s rss=3175MB hwm=3175MB
RSS_SAMPLE t=2399.7s rss=3175MB hwm=3175MB
RSS_SAMPLE t=2399.9s rss=3176MB hwm=3176MB
RSS_SAMPLE t=2400.2s rss=3176MB hwm=3176MB
RSS_SAMPLE t=2400.4s rss=3176MB hwm=3176MB
RSS_SAMPLE t=2400.7s rss=3176MB hwm=3176MB
RSS_SAMPLE t=2400.9s rss=3176MB hwm=3176MB
RSS_SAMPLE t=2401.2s rss=3176MB hwm=3176MB
RSS_SAMPLE t=2401.4s rss=3176MB hwm=3176MB
RSS_SAMPLE t=2401.7s rss=3176MB hwm=3176MB
RSS_SAMPLE t=2401.9s rss=3177MB hwm=3177MB
RSS_SAMPLE t=2402.2s rss=3177MB hwm=3177MB
RSS_SAMPLE t=2402.4s rss=3177MB hwm=3177MB
RSS_SAMPLE t=2402.7s rss=3177MB hwm=3177MB
RSS_SAMPLE t=2402.9s rss=3177MB hwm=3177MB
RSS_SAMPLE t=2403.2s rss=3177MB hwm=3177MB
RSS_SAMPLE t=2403.4s rss=3177MB hwm=3177MB
RSS_SAMPLE t=2403.7s rss=3177MB hwm=3177MB
RSS_SAMPLE t=2403.9s rss=3177MB hwm=3177MB
RSS_SAMPLE t=2404.2s rss=3177MB hwm=3177MB
RSS_SAMPLE t=2404.4s rss=3177MB hwm=3177MB
RSS_SAMPLE t=2404.7s rss=3177MB hwm=3177MB
RSS_SAMPLE t=2404.9s rss=3178MB hwm=3178MB
RSS_SAMPLE t=2405.2s rss=3178MB hwm=3178MB
RSS_SAMPLE t=2405.4s rss=3178MB hwm=3178MB
RSS_SAMPLE t=2405.7s rss=3178MB hwm=3178MB
RSS_SAMPLE t=2405.9s rss=3178MB hwm=3178MB
RSS_SAMPLE t=2406.2s rss=3178MB hwm=3178MB
RSS_SAMPLE t=2406.4s rss=3178MB hwm=3178MB
RSS_SAMPLE t=2406.7s rss=3178MB hwm=3178MB
RSS_SAMPLE t=2406.9s rss=3178MB hwm=3178MB
RSS_SAMPLE t=2407.2s rss=3178MB hwm=3178MB
RSS_SAMPLE t=2407.4s rss=3178MB hwm=3178MB
RSS_SAMPLE t=2407.7s rss=3178MB hwm=3178MB
RSS_SAMPLE t=2407.9s rss=3178MB hwm=3178MB
RSS_SAMPLE t=2408.2s rss=3178MB hwm=3178MB
RSS_SAMPLE t=2408.4s rss=3178MB hwm=3178MB
RSS_SAMPLE t=2408.7s rss=3178MB hwm=3178MB
RSS_SAMPLE t=2408.9s rss=3178MB hwm=3178MB
RSS_SAMPLE t=2409.2s rss=3178MB hwm=3178MB
RSS_SAMPLE t=2409.4s rss=3178MB hwm=3178MB
RSS_SAMPLE t=2409.7s rss=3178MB hwm=3178MB
RSS_SAMPLE t=2409.9s rss=3178MB hwm=3178MB
RSS_SAMPLE t=2410.2s rss=3178MB hwm=3178MB
RSS_SAMPLE t=2410.4s rss=3178MB hwm=3178MB
RSS_SAMPLE t=2410.7s rss=3178MB hwm=3178MB
RSS_SAMPLE t=2410.9s rss=3178MB hwm=3178MB
RSS_SAMPLE t=2411.2s rss=3178MB hwm=3178MB
RSS_SAMPLE t=2411.4s rss=3178MB hwm=3178MB
RSS_SAMPLE t=2411.7s rss=3178MB hwm=3178MB
RSS_SAMPLE t=2411.9s rss=3178MB hwm=3178MB
RSS_SAMPLE t=2412.2s rss=3178MB hwm=3178MB
RSS_SAMPLE t=2412.4s rss=3178MB hwm=3178MB
RSS_SAMPLE t=2412.7s rss=3178MB hwm=3178MB
RSS_SAMPLE t=2412.9s rss=3178MB hwm=3178MB
RSS_SAMPLE t=2413.2s rss=3178MB hwm=3178MB
RSS_SAMPLE t=2413.4s rss=3178MB hwm=3178MB
RSS_SAMPLE t=2413.7s rss=3178MB hwm=3178MB
RSS_SAMPLE t=2413.9s rss=3178MB hwm=3178MB
RSS_SAMPLE t=2414.2s rss=3178MB hwm=3178MB
RSS_SAMPLE t=2414.4s rss=3178MB hwm=3178MB
RSS_SAMPLE t=2414.7s rss=3178MB hwm=3178MB
RSS_SAMPLE t=2414.9s rss=3178MB hwm=3178MB
RSS_SAMPLE t=2415.2s rss=3178MB hwm=3178MB
RSS_SAMPLE t=2415.4s rss=3178MB hwm=3178MB
RSS_SAMPLE t=2415.7s rss=3178MB hwm=3178MB
RSS_SAMPLE t=2415.9s rss=3178MB hwm=3178MB
RSS_SAMPLE t=2416.2s rss=3178MB hwm=3178MB
RSS_SAMPLE t=2416.4s rss=3178MB hwm=3178MB
RSS_SAMPLE t=2416.7s rss=3178MB hwm=3178MB
RSS_SAMPLE t=2416.9s rss=3178MB hwm=3178MB
RSS_SAMPLE t=2417.2s rss=3178MB hwm=3178MB
RSS_SAMPLE t=2417.4s rss=3178MB hwm=3178MB
RSS_SAMPLE t=2417.7s rss=3178MB hwm=3178MB
RSS_SAMPLE t=2417.9s rss=3178MB hwm=3178MB
RSS_SAMPLE t=2418.2s rss=3178MB hwm=3178MB
RSS_SAMPLE t=2418.4s rss=3178MB hwm=3178MB
RSS_SAMPLE t=2418.7s rss=3178MB hwm=3178MB
RSS_SAMPLE t=2418.9s rss=3178MB hwm=3178MB
RSS_SAMPLE t=2419.2s rss=3178MB hwm=3178MB
RSS_SAMPLE t=2419.4s rss=3178MB hwm=3178MB
RSS_SAMPLE t=2419.7s rss=3178MB hwm=3178MB
RSS_SAMPLE t=2419.9s rss=3178MB hwm=3178MB
RSS_SAMPLE t=2420.2s rss=3178MB hwm=3178MB
RSS_SAMPLE t=2420.4s rss=3178MB hwm=3178MB
RSS_SAMPLE t=2420.7s rss=3178MB hwm=3178MB
RSS_SAMPLE t=2420.9s rss=3178MB hwm=3178MB
RSS_SAMPLE t=2421.2s rss=3178MB hwm=3178MB
RSS_SAMPLE t=2421.4s rss=3178MB hwm=3178MB
RSS_SAMPLE t=2421.7s rss=3178MB hwm=3178MB
RSS_SAMPLE t=2421.9s rss=3178MB hwm=3178MB
RSS_SAMPLE t=2422.2s rss=3178MB hwm=3178MB
RSS_SAMPLE t=2422.4s rss=3178MB hwm=3178MB
RSS_SAMPLE t=2422.7s rss=3178MB hwm=3178MB
RSS_SAMPLE t=2422.9s rss=3178MB hwm=3178MB
RSS_SAMPLE t=2423.2s rss=3178MB hwm=3178MB
RSS_SAMPLE t=2423.4s rss=3179MB hwm=3179MB
RSS_SAMPLE t=2423.7s rss=3179MB hwm=3179MB
RSS_SAMPLE t=2423.9s rss=3179MB hwm=3179MB
RSS_SAMPLE t=2424.2s rss=3179MB hwm=3179MB
RSS_SAMPLE t=2424.4s rss=3179MB hwm=3179MB
RSS_SAMPLE t=2424.7s rss=3179MB hwm=3179MB
RSS_SAMPLE t=2424.9s rss=3179MB hwm=3179MB
RSS_SAMPLE t=2425.2s rss=3179MB hwm=3179MB
RSS_SAMPLE t=2425.4s rss=3179MB hwm=3179MB
RSS_SAMPLE t=2425.7s rss=3179MB hwm=3179MB
RSS_SAMPLE t=2425.9s rss=3179MB hwm=3179MB
RSS_SAMPLE t=2426.2s rss=3179MB hwm=3179MB
RSS_SAMPLE t=2426.4s rss=3179MB hwm=3179MB
RSS_SAMPLE t=2426.7s rss=3179MB hwm=3179MB
RSS_SAMPLE t=2426.9s rss=3179MB hwm=3179MB
RSS_SAMPLE t=2427.2s rss=3179MB hwm=3179MB
RSS_SAMPLE t=2427.4s rss=3179MB hwm=3179MB
RSS_SAMPLE t=2427.7s rss=3179MB hwm=3179MB
RSS_SAMPLE t=2427.9s rss=3179MB hwm=3179MB
RSS_SAMPLE t=2428.2s rss=3179MB hwm=3179MB
RSS_SAMPLE t=2428.4s rss=3179MB hwm=3179MB
RSS_SAMPLE t=2428.7s rss=3179MB hwm=3179MB
RSS_SAMPLE t=2428.9s rss=3179MB hwm=3179MB
RSS_SAMPLE t=2429.2s rss=3179MB hwm=3179MB
RSS_SAMPLE t=2429.4s rss=3179MB hwm=3179MB
RSS_SAMPLE t=2429.7s rss=3179MB hwm=3179MB
RSS_SAMPLE t=2429.9s rss=3179MB hwm=3179MB
RSS_SAMPLE t=2430.2s rss=3179MB hwm=3179MB
RSS_SAMPLE t=2430.4s rss=3179MB hwm=3179MB
RSS_SAMPLE t=2430.7s rss=3179MB hwm=3179MB
RSS_SAMPLE t=2430.9s rss=3179MB hwm=3179MB
RSS_SAMPLE t=2431.2s rss=3179MB hwm=3179MB
RSS_SAMPLE t=2431.4s rss=3179MB hwm=3179MB
RSS_SAMPLE t=2431.7s rss=3179MB hwm=3179MB
RSS_SAMPLE t=2431.9s rss=3179MB hwm=3179MB
RSS_SAMPLE t=2432.2s rss=3179MB hwm=3179MB
RSS_SAMPLE t=2432.4s rss=3179MB hwm=3179MB
RSS_SAMPLE t=2432.7s rss=3179MB hwm=3179MB
RSS_SAMPLE t=2432.9s rss=3179MB hwm=3179MB
RSS_SAMPLE t=2433.2s rss=3179MB hwm=3179MB
RSS_SAMPLE t=2433.4s rss=3179MB hwm=3179MB
RSS_SAMPLE t=2433.7s rss=3179MB hwm=3179MB
RSS_SAMPLE t=2433.9s rss=3179MB hwm=3179MB
RSS_SAMPLE t=2434.2s rss=3179MB hwm=3179MB
RSS_SAMPLE t=2434.4s rss=3179MB hwm=3179MB
RSS_SAMPLE t=2434.7s rss=3179MB hwm=3179MB
RSS_SAMPLE t=2434.9s rss=3179MB hwm=3179MB
RSS_SAMPLE t=2435.2s rss=3179MB hwm=3179MB
RSS_SAMPLE t=2435.4s rss=3179MB hwm=3179MB
RSS_SAMPLE t=2435.7s rss=3179MB hwm=3179MB
RSS_SAMPLE t=2435.9s rss=3179MB hwm=3179MB
RSS_SAMPLE t=2436.2s rss=3179MB hwm=3179MB
RSS_SAMPLE t=2436.4s rss=3179MB hwm=3179MB
RSS_SAMPLE t=2436.7s rss=3179MB hwm=3179MB
RSS_SAMPLE t=2436.9s rss=3179MB hwm=3179MB
RSS_SAMPLE t=2437.2s rss=3179MB hwm=3179MB
RSS_SAMPLE t=2437.4s rss=3179MB hwm=3179MB
RSS_SAMPLE t=2437.7s rss=3179MB hwm=3179MB
RSS_SAMPLE t=2437.9s rss=3179MB hwm=3179MB
RSS_SAMPLE t=2438.2s rss=3179MB hwm=3179MB
RSS_SAMPLE t=2438.4s rss=3179MB hwm=3179MB
RSS_SAMPLE t=2438.7s rss=3179MB hwm=3179MB
RSS_SAMPLE t=2438.9s rss=3179MB hwm=3179MB
RSS_SAMPLE t=2439.2s rss=3179MB hwm=3179MB
RSS_SAMPLE t=2439.4s rss=3179MB hwm=3179MB
RSS_SAMPLE t=2439.7s rss=3179MB hwm=3179MB
RSS_SAMPLE t=2439.9s rss=3179MB hwm=3179MB
RSS_SAMPLE t=2440.2s rss=3179MB hwm=3179MB
RSS_SAMPLE t=2440.4s rss=3179MB hwm=3179MB
RSS_SAMPLE t=2440.7s rss=3179MB hwm=3179MB
RSS_SAMPLE t=2440.9s rss=3179MB hwm=3179MB
RSS_SAMPLE t=2441.2s rss=3179MB hwm=3179MB
RSS_SAMPLE t=2441.4s rss=3179MB hwm=3179MB
RSS_SAMPLE t=2441.7s rss=3179MB hwm=3179MB
RSS_SAMPLE t=2441.9s rss=3179MB hwm=3179MB
RSS_SAMPLE t=2442.2s rss=3179MB hwm=3179MB
RSS_SAMPLE t=2442.4s rss=3179MB hwm=3179MB
RSS_SAMPLE t=2442.7s rss=3179MB hwm=3179MB
RSS_SAMPLE t=2442.9s rss=3179MB hwm=3179MB
RSS_SAMPLE t=2443.2s rss=3179MB hwm=3179MB
RSS_SAMPLE t=2443.4s rss=3179MB hwm=3179MB
RSS_SAMPLE t=2443.7s rss=3179MB hwm=3179MB
RSS_SAMPLE t=2443.9s rss=3179MB hwm=3179MB
RSS_SAMPLE t=2444.2s rss=3179MB hwm=3179MB
RSS_SAMPLE t=2444.4s rss=3179MB hwm=3179MB
RSS_SAMPLE t=2444.7s rss=3179MB hwm=3179MB
RSS_SAMPLE t=2444.9s rss=3179MB hwm=3179MB
RSS_SAMPLE t=2445.2s rss=3179MB hwm=3179MB
RSS_SAMPLE t=2445.4s rss=3179MB hwm=3179MB
RSS_SAMPLE t=2445.7s rss=3179MB hwm=3179MB
RSS_SAMPLE t=2445.9s rss=3179MB hwm=3179MB
RSS_SAMPLE t=2446.2s rss=3179MB hwm=3179MB
RSS_SAMPLE t=2446.4s rss=3179MB hwm=3179MB
RSS_SAMPLE t=2446.7s rss=3179MB hwm=3179MB
RSS_SAMPLE t=2446.9s rss=3179MB hwm=3179MB
RSS_SAMPLE t=2447.2s rss=3179MB hwm=3179MB
RSS_SAMPLE t=2447.4s rss=3179MB hwm=3179MB
RSS_SAMPLE t=2447.7s rss=3179MB hwm=3179MB
RSS_SAMPLE t=2447.9s rss=3179MB hwm=3179MB
RSS_SAMPLE t=2448.2s rss=3179MB hwm=3179MB
RSS_SAMPLE t=2448.4s rss=3179MB hwm=3179MB
RSS_SAMPLE t=2448.7s rss=3179MB hwm=3179MB
RSS_SAMPLE t=2448.9s rss=3179MB hwm=3179MB
RSS_SAMPLE t=2449.2s rss=3179MB hwm=3179MB
RSS_SAMPLE t=2449.4s rss=3179MB hwm=3179MB
RSS_SAMPLE t=2449.7s rss=3179MB hwm=3179MB
RSS_SAMPLE t=2449.9s rss=3179MB hwm=3179MB
RSS_SAMPLE t=2450.2s rss=3179MB hwm=3179MB
RSS_SAMPLE t=2450.4s rss=3179MB hwm=3179MB
RSS_SAMPLE t=2450.7s rss=3179MB hwm=3179MB
RSS_SAMPLE t=2450.9s rss=3179MB hwm=3179MB
RSS_SAMPLE t=2451.2s rss=3179MB hwm=3179MB
RSS_SAMPLE t=2451.4s rss=3179MB hwm=3179MB
RSS_SAMPLE t=2451.7s rss=3179MB hwm=3179MB
RSS_SAMPLE t=2451.9s rss=3179MB hwm=3179MB
RSS_SAMPLE t=2452.2s rss=3179MB hwm=3179MB
RSS_SAMPLE t=2452.4s rss=3179MB hwm=3179MB
RSS_SAMPLE t=2452.7s rss=3179MB hwm=3179MB
RSS_SAMPLE t=2452.9s rss=3179MB hwm=3179MB
RSS_SAMPLE t=2453.2s rss=3179MB hwm=3179MB
RSS_SAMPLE t=2453.4s rss=3179MB hwm=3179MB
RSS_SAMPLE t=2453.7s rss=3179MB hwm=3179MB
RSS_SAMPLE t=2453.9s rss=3179MB hwm=3179MB
RSS_SAMPLE t=2454.2s rss=3179MB hwm=3179MB
RSS_SAMPLE t=2454.4s rss=3179MB hwm=3179MB
RSS_SAMPLE t=2454.7s rss=3179MB hwm=3179MB
RSS_SAMPLE t=2454.9s rss=3179MB hwm=3179MB
RSS_SAMPLE t=2455.2s rss=3179MB hwm=3179MB
RSS_SAMPLE t=2455.4s rss=3179MB hwm=3179MB
RSS_SAMPLE t=2455.7s rss=3179MB hwm=3179MB
RSS_SAMPLE t=2455.9s rss=3179MB hwm=3179MB
RSS_SAMPLE t=2456.2s rss=3179MB hwm=3179MB
RSS_SAMPLE t=2456.4s rss=3179MB hwm=3179MB
RSS_SAMPLE t=2456.7s rss=3179MB hwm=3179MB
RSS_SAMPLE t=2456.9s rss=3179MB hwm=3179MB
RSS_SAMPLE t=2457.2s rss=3179MB hwm=3179MB
RSS_SAMPLE t=2457.4s rss=3179MB hwm=3179MB
RSS_SAMPLE t=2457.7s rss=3179MB hwm=3179MB
RSS_SAMPLE t=2457.9s rss=3179MB hwm=3179MB
RSS_SAMPLE t=2458.2s rss=3179MB hwm=3179MB
RSS_SAMPLE t=2458.4s rss=3179MB hwm=3179MB
RSS_SAMPLE t=2458.7s rss=3179MB hwm=3179MB
RSS_SAMPLE t=2458.9s rss=3179MB hwm=3179MB
RSS_SAMPLE t=2459.2s rss=3179MB hwm=3179MB
RSS_SAMPLE t=2459.4s rss=3179MB hwm=3179MB
RSS_SAMPLE t=2459.7s rss=3179MB hwm=3179MB
RSS_SAMPLE t=2459.9s rss=3179MB hwm=3179MB
RSS_SAMPLE t=2460.2s rss=3179MB hwm=3179MB
RSS_SAMPLE t=2460.4s rss=3179MB hwm=3179MB
RSS_SAMPLE t=2460.7s rss=3179MB hwm=3179MB
RSS_SAMPLE t=2460.9s rss=3179MB hwm=3179MB
RSS_SAMPLE t=2461.2s rss=3179MB hwm=3179MB
RSS_SAMPLE t=2461.4s rss=3179MB hwm=3179MB
RSS_SAMPLE t=2461.7s rss=3179MB hwm=3179MB
RSS_SAMPLE t=2461.9s rss=3179MB hwm=3179MB
RSS_SAMPLE t=2462.2s rss=3179MB hwm=3179MB
RSS_SAMPLE t=2462.4s rss=3179MB hwm=3179MB
RSS_SAMPLE t=2462.7s rss=3179MB hwm=3179MB
RSS_SAMPLE t=2462.9s rss=3179MB hwm=3179MB
RSS_SAMPLE t=2463.2s rss=3179MB hwm=3179MB
RSS_SAMPLE t=2463.4s rss=3179MB hwm=3179MB
RSS_SAMPLE t=2463.7s rss=3179MB hwm=3179MB
RSS_SAMPLE t=2463.9s rss=3179MB hwm=3179MB
RSS_SAMPLE t=2464.2s rss=3179MB hwm=3179MB
RSS_SAMPLE t=2464.4s rss=3179MB hwm=3179MB
RSS_SAMPLE t=2464.7s rss=3179MB hwm=3179MB
RSS_SAMPLE t=2464.9s rss=3179MB hwm=3179MB
RSS_SAMPLE t=2465.2s rss=3179MB hwm=3179MB
RSS_SAMPLE t=2465.4s rss=3179MB hwm=3179MB
RSS_SAMPLE t=2465.7s rss=3179MB hwm=3179MB
RSS_SAMPLE t=2465.9s rss=3179MB hwm=3179MB
RSS_SAMPLE t=2466.2s rss=3179MB hwm=3179MB
RSS_SAMPLE t=2466.4s rss=3179MB hwm=3179MB
RSS_SAMPLE t=2466.7s rss=3179MB hwm=3179MB
RSS_SAMPLE t=2466.9s rss=3179MB hwm=3179MB
RSS_SAMPLE t=2467.2s rss=3179MB hwm=3179MB
RSS_SAMPLE t=2467.4s rss=3179MB hwm=3179MB
RSS_SAMPLE t=2467.7s rss=3179MB hwm=3179MB
RSS_SAMPLE t=2467.9s rss=3179MB hwm=3179MB
RSS_SAMPLE t=2468.2s rss=3179MB hwm=3179MB
RSS_SAMPLE t=2468.4s rss=3179MB hwm=3179MB
RSS_SAMPLE t=2468.7s rss=3179MB hwm=3179MB
RSS_SAMPLE t=2468.9s rss=3179MB hwm=3179MB
RSS_SAMPLE t=2469.2s rss=3179MB hwm=3179MB
RSS_SAMPLE t=2469.4s rss=3179MB hwm=3179MB
RSS_SAMPLE t=2469.7s rss=3179MB hwm=3179MB
RSS_SAMPLE t=2469.9s rss=3179MB hwm=3179MB
RSS_SAMPLE t=2470.2s rss=3179MB hwm=3179MB
RSS_SAMPLE t=2470.4s rss=3179MB hwm=3179MB
RSS_SAMPLE t=2470.7s rss=3179MB hwm=3179MB
RSS_SAMPLE t=2470.9s rss=3179MB hwm=3179MB
RSS_SAMPLE t=2471.2s rss=3179MB hwm=3179MB
RSS_SAMPLE t=2471.4s rss=3179MB hwm=3179MB
RSS_SAMPLE t=2471.7s rss=3179MB hwm=3179MB
RSS_SAMPLE t=2471.9s rss=3179MB hwm=3179MB
RSS_SAMPLE t=2472.2s rss=3179MB hwm=3179MB
RSS_SAMPLE t=2472.4s rss=3179MB hwm=3179MB
RSS_SAMPLE t=2472.7s rss=3179MB hwm=3179MB
RSS_SAMPLE t=2472.9s rss=3179MB hwm=3179MB
RSS_SAMPLE t=2473.2s rss=3179MB hwm=3179MB
RSS_SAMPLE t=2473.4s rss=3179MB hwm=3179MB
RSS_SAMPLE t=2473.7s rss=3179MB hwm=3179MB
RSS_SAMPLE t=2473.9s rss=3179MB hwm=3179MB
RSS_SAMPLE t=2474.2s rss=3179MB hwm=3179MB
RSS_SAMPLE t=2474.4s rss=3179MB hwm=3179MB
RSS_SAMPLE t=2474.7s rss=3179MB hwm=3179MB
RSS_SAMPLE t=2475.0s rss=3179MB hwm=3179MB
RSS_SAMPLE t=2475.2s rss=3179MB hwm=3179MB
RSS_SAMPLE t=2475.5s rss=3179MB hwm=3179MB
RSS_SAMPLE t=2475.7s rss=3179MB hwm=3179MB
RSS_SAMPLE t=2476.0s rss=3179MB hwm=3179MB
RSS_SAMPLE t=2476.2s rss=3179MB hwm=3179MB
RSS_SAMPLE t=2476.5s rss=3179MB hwm=3179MB
RSS_SAMPLE t=2476.7s rss=3179MB hwm=3179MB
RSS_SAMPLE t=2477.0s rss=3179MB hwm=3179MB
RSS_SAMPLE t=2477.2s rss=3179MB hwm=3179MB
RSS_SAMPLE t=2477.5s rss=3179MB hwm=3179MB
RSS_SAMPLE t=2477.7s rss=3179MB hwm=3179MB
RSS_SAMPLE t=2478.0s rss=3179MB hwm=3179MB
RSS_SAMPLE t=2478.2s rss=3179MB hwm=3179MB
RSS_SAMPLE t=2478.5s rss=3179MB hwm=3179MB
RSS_SAMPLE t=2478.7s rss=3179MB hwm=3179MB
RSS_SAMPLE t=2479.0s rss=3179MB hwm=3179MB
RSS_SAMPLE t=2479.2s rss=3179MB hwm=3179MB
RSS_SAMPLE t=2479.5s rss=3179MB hwm=3179MB
RSS_SAMPLE t=2479.7s rss=3179MB hwm=3179MB
RSS_SAMPLE t=2480.0s rss=3179MB hwm=3179MB
RSS_SAMPLE t=2480.2s rss=3179MB hwm=3179MB
RSS_SAMPLE t=2480.5s rss=3179MB hwm=3179MB
RSS_SAMPLE t=2480.7s rss=3179MB hwm=3179MB
RSS_SAMPLE t=2481.0s rss=3179MB hwm=3179MB
RSS_SAMPLE t=2481.2s rss=3179MB hwm=3179MB
RSS_SAMPLE t=2481.5s rss=3179MB hwm=3179MB
RSS_SAMPLE t=2481.7s rss=3179MB hwm=3179MB
RSS_SAMPLE t=2482.0s rss=3179MB hwm=3179MB
RSS_SAMPLE t=2482.2s rss=3179MB hwm=3179MB
RSS_SAMPLE t=2482.5s rss=3179MB hwm=3179MB
RSS_SAMPLE t=2482.7s rss=3179MB hwm=3179MB
RSS_SAMPLE t=2483.0s rss=3179MB hwm=3179MB
RSS_SAMPLE t=2483.2s rss=3179MB hwm=3179MB
RSS_SAMPLE t=2483.5s rss=3179MB hwm=3179MB
RSS_SAMPLE t=2483.7s rss=3179MB hwm=3179MB
RSS_SAMPLE t=2484.0s rss=3179MB hwm=3179MB
RSS_SAMPLE t=2484.2s rss=3179MB hwm=3179MB
RSS_SAMPLE t=2484.5s rss=3179MB hwm=3179MB
RSS_SAMPLE t=2484.7s rss=3179MB hwm=3179MB
RSS_SAMPLE t=2485.0s rss=3179MB hwm=3179MB
RSS_SAMPLE t=2485.2s rss=3179MB hwm=3179MB
RSS_SAMPLE t=2485.5s rss=3179MB hwm=3179MB
RSS_SAMPLE t=2485.7s rss=3179MB hwm=3179MB
RSS_SAMPLE t=2486.0s rss=3179MB hwm=3179MB
RSS_SAMPLE t=2486.2s rss=3179MB hwm=3179MB
RSS_SAMPLE t=2486.5s rss=3179MB hwm=3179MB
RSS_SAMPLE t=2486.7s rss=3179MB hwm=3179MB
RSS_SAMPLE t=2487.0s rss=3179MB hwm=3179MB
MEM_POOL: workspaces=8 dense_usage_mb=313 n_pipes=2562403
    rss_probe[outer=16]: pre_post_solve=3175MB post_post_solve=3179MB after_apply=3179MB
    E_decomp: base=8318982.3 eff=292620818193530.9 cong=292620809874548.7 cong_share=100.0% sat_pipes=273634 max_util=949.89  R_buckets: 1-2x=1048943 2-10x=172271 10-100x=300329 >=100x=1040860
    E_potential: beckmann=48907247154088.5 history_total=0.0
    SpanCache: epoch=17 entries=2243 lookups=2562403 hits=2560160 misses=2243 hit_rate=99.9%
  DCD  16: nets=105117 line=10354750 energy=12704967437.323 dE=-3688067609.149 friction=4997122.5 bins=2.0x(273) excess=108.2 moved=68789 disp=4.034 solves=105117 skip=105117 pops=469427776 theta=3.116 refresh=111826ms dcd=6881ms total=121248ms
    cache_stats: entries=59982277 capacity=129381049 est_mb=1115 rss_mb=3179
RSS_SAMPLE t=2487.2s rss=3179MB hwm=3179MB
RSS_SAMPLE t=2487.5s rss=3179MB hwm=3179MB
RSS_SAMPLE t=2487.7s rss=3179MB hwm=3179MB
RSS_SAMPLE t=2488.0s rss=3179MB hwm=3179MB
RSS_SAMPLE t=2488.2s rss=3179MB hwm=3179MB
RSS_SAMPLE t=2488.5s rss=3179MB hwm=3179MB
RSS_SAMPLE t=2488.7s rss=3179MB hwm=3179MB
RSS_SAMPLE t=2489.0s rss=3179MB hwm=3179MB
RSS_SAMPLE t=2489.2s rss=3179MB hwm=3179MB
RSS_SAMPLE t=2489.5s rss=3179MB hwm=3179MB
    SwitchMatrix: type_usage_pairs=577 lookups=1782 hits=1205 dijkstra_calls=577 avg_us=12.7 total_ms=7.3
PHASE_MARK outer=17 enter=pre_solve rss=3179MB
    rss_probe[outer=17]: pre_refresh_rss=3179MB post_pre_solve_rss=3179MB cache_entries=59982277 cache_cap=129381049 cache_est_mb=1115
    pre_solve_diag[outer=17]: solves=0 fallback=0 (0.0%) cap_armed=0 (0.0%) settle_avg=0 settle_max=0 init_count=62
    Overflow: over=230964 (9.0% of used) avg_excess=1.47 max_excess=3152.15 (nc=3176.15 cap=24 span=1)  excess_buckets: <=1=146761 1-5=73540 5-20=9757 >20=906  by_cap: cap1=110954 cap2=116912 cap3-5=1 cap>5=3097  by_span: s1=249 s2-3=300 s4-6=2892 s7-12=113246 s>12=114277  le1_cross: cap1=91820 cap2-5=54234 cap>5=707
    Congestion: pipes=2562403 used=2562403 congested(>50%)=595052 saturated(>90%)=273634 max_util=949.89 avg_util=0.3908
PHASE_MARK outer=17 enter=dcd_sweep rss=3179MB
RSS_SAMPLE t=2489.7s rss=3179MB hwm=3179MB
RSS_SAMPLE t=2490.0s rss=3179MB hwm=3179MB
RSS_SAMPLE t=2490.2s rss=3179MB hwm=3179MB
RSS_SAMPLE t=2490.5s rss=3179MB hwm=3179MB
RSS_SAMPLE t=2490.7s rss=3179MB hwm=3179MB
RSS_SAMPLE t=2491.0s rss=3179MB hwm=3179MB
RSS_SAMPLE t=2491.2s rss=3179MB hwm=3179MB
RSS_SAMPLE t=2491.5s rss=3179MB hwm=3179MB
RSS_SAMPLE t=2491.7s rss=3179MB hwm=3179MB
RSS_SAMPLE t=2492.0s rss=3179MB hwm=3179MB
RSS_SAMPLE t=2492.2s rss=3179MB hwm=3179MB
RSS_SAMPLE t=2492.5s rss=3179MB hwm=3179MB
RSS_SAMPLE t=2492.7s rss=3179MB hwm=3179MB
RSS_SAMPLE t=2493.0s rss=3179MB hwm=3179MB
RSS_SAMPLE t=2493.2s rss=3179MB hwm=3179MB
RSS_SAMPLE t=2493.5s rss=3179MB hwm=3179MB
RSS_SAMPLE t=2493.7s rss=3179MB hwm=3179MB
RSS_SAMPLE t=2494.0s rss=3179MB hwm=3179MB
RSS_SAMPLE t=2494.2s rss=3179MB hwm=3179MB
RSS_SAMPLE t=2494.5s rss=3179MB hwm=3179MB
RSS_SAMPLE t=2494.7s rss=3179MB hwm=3179MB
RSS_SAMPLE t=2495.0s rss=3179MB hwm=3179MB
RSS_SAMPLE t=2495.2s rss=3179MB hwm=3179MB
RSS_SAMPLE t=2495.5s rss=3179MB hwm=3179MB
RSS_SAMPLE t=2495.7s rss=3179MB hwm=3179MB
RSS_SAMPLE t=2496.0s rss=3179MB hwm=3179MB
RSS_SAMPLE t=2496.2s rss=3179MB hwm=3179MB
PHASE_MARK outer=17 leave=dcd_sweep rss=3179MB
PHASE_MARK outer=17 enter=post_refresh rss=3179MB
RSS_SAMPLE t=2496.5s rss=3179MB hwm=3179MB
RSS_SAMPLE t=2496.7s rss=3179MB hwm=3179MB
RSS_SAMPLE t=2497.0s rss=3179MB hwm=3179MB
RSS_SAMPLE t=2497.2s rss=3179MB hwm=3179MB
RSS_SAMPLE t=2497.5s rss=3179MB hwm=3179MB
RSS_SAMPLE t=2497.7s rss=3179MB hwm=3179MB
RSS_SAMPLE t=2498.0s rss=3179MB hwm=3179MB
RSS_SAMPLE t=2498.2s rss=3179MB hwm=3179MB
RSS_SAMPLE t=2498.5s rss=3179MB hwm=3179MB
RSS_SAMPLE t=2498.7s rss=3179MB hwm=3179MB
RSS_SAMPLE t=2499.0s rss=3179MB hwm=3179MB
RSS_SAMPLE t=2499.2s rss=3179MB hwm=3179MB
RSS_SAMPLE t=2499.5s rss=3179MB hwm=3179MB
RSS_SAMPLE t=2499.7s rss=3179MB hwm=3179MB
RSS_SAMPLE t=2500.0s rss=3179MB hwm=3179MB
RSS_SAMPLE t=2500.2s rss=3179MB hwm=3179MB
RSS_SAMPLE t=2500.5s rss=3179MB hwm=3179MB
RSS_SAMPLE t=2500.7s rss=3179MB hwm=3179MB
RSS_SAMPLE t=2501.0s rss=3179MB hwm=3179MB
RSS_SAMPLE t=2501.2s rss=3179MB hwm=3179MB
RSS_SAMPLE t=2501.5s rss=3179MB hwm=3179MB
RSS_SAMPLE t=2501.7s rss=3179MB hwm=3179MB
RSS_SAMPLE t=2502.0s rss=3179MB hwm=3179MB
RSS_SAMPLE t=2502.2s rss=3179MB hwm=3179MB
RSS_SAMPLE t=2502.5s rss=3179MB hwm=3179MB
RSS_SAMPLE t=2502.7s rss=3179MB hwm=3179MB
RSS_SAMPLE t=2503.0s rss=3179MB hwm=3179MB
RSS_SAMPLE t=2503.2s rss=3179MB hwm=3179MB
RSS_SAMPLE t=2503.5s rss=3179MB hwm=3179MB
RSS_SAMPLE t=2503.7s rss=3179MB hwm=3179MB
RSS_SAMPLE t=2504.0s rss=3179MB hwm=3179MB
RSS_SAMPLE t=2504.2s rss=3179MB hwm=3179MB
RSS_SAMPLE t=2504.5s rss=3179MB hwm=3179MB
RSS_SAMPLE t=2504.7s rss=3179MB hwm=3179MB
RSS_SAMPLE t=2505.0s rss=3179MB hwm=3179MB
RSS_SAMPLE t=2505.2s rss=3179MB hwm=3179MB
RSS_SAMPLE t=2505.5s rss=3179MB hwm=3179MB
RSS_SAMPLE t=2505.7s rss=3179MB hwm=3179MB
RSS_SAMPLE t=2506.0s rss=3179MB hwm=3179MB
RSS_SAMPLE t=2506.2s rss=3179MB hwm=3179MB
RSS_SAMPLE t=2506.5s rss=3179MB hwm=3179MB
RSS_SAMPLE t=2506.7s rss=3179MB hwm=3179MB
RSS_SAMPLE t=2507.0s rss=3179MB hwm=3179MB
RSS_SAMPLE t=2507.2s rss=3179MB hwm=3179MB
RSS_SAMPLE t=2507.5s rss=3179MB hwm=3179MB
RSS_SAMPLE t=2507.7s rss=3179MB hwm=3179MB
RSS_SAMPLE t=2508.0s rss=3179MB hwm=3179MB
RSS_SAMPLE t=2508.2s rss=3179MB hwm=3179MB
RSS_SAMPLE t=2508.5s rss=3179MB hwm=3179MB
RSS_SAMPLE t=2508.7s rss=3179MB hwm=3179MB
RSS_SAMPLE t=2509.0s rss=3179MB hwm=3179MB
RSS_SAMPLE t=2509.2s rss=3179MB hwm=3179MB
RSS_SAMPLE t=2509.5s rss=3179MB hwm=3179MB
RSS_SAMPLE t=2509.7s rss=3179MB hwm=3179MB
RSS_SAMPLE t=2510.0s rss=3179MB hwm=3179MB
RSS_SAMPLE t=2510.2s rss=3179MB hwm=3179MB
RSS_SAMPLE t=2510.5s rss=3179MB hwm=3179MB
RSS_SAMPLE t=2510.7s rss=3179MB hwm=3179MB
RSS_SAMPLE t=2511.0s rss=3179MB hwm=3179MB
RSS_SAMPLE t=2511.2s rss=3179MB hwm=3179MB
RSS_SAMPLE t=2511.5s rss=3179MB hwm=3179MB
RSS_SAMPLE t=2511.7s rss=3179MB hwm=3179MB
RSS_SAMPLE t=2512.0s rss=3179MB hwm=3179MB
RSS_SAMPLE t=2512.2s rss=3179MB hwm=3179MB
RSS_SAMPLE t=2512.5s rss=3179MB hwm=3179MB
RSS_SAMPLE t=2512.7s rss=3179MB hwm=3179MB
RSS_SAMPLE t=2513.0s rss=3179MB hwm=3179MB
RSS_SAMPLE t=2513.2s rss=3179MB hwm=3179MB
RSS_SAMPLE t=2513.5s rss=3179MB hwm=3179MB
RSS_SAMPLE t=2513.7s rss=3179MB hwm=3179MB
RSS_SAMPLE t=2514.0s rss=3179MB hwm=3179MB
RSS_SAMPLE t=2514.2s rss=3179MB hwm=3179MB
RSS_SAMPLE t=2514.5s rss=3179MB hwm=3179MB
RSS_SAMPLE t=2514.7s rss=3179MB hwm=3179MB
RSS_SAMPLE t=2515.0s rss=3179MB hwm=3179MB
RSS_SAMPLE t=2515.2s rss=3179MB hwm=3179MB
RSS_SAMPLE t=2515.5s rss=3179MB hwm=3179MB
RSS_SAMPLE t=2515.7s rss=3179MB hwm=3179MB
RSS_SAMPLE t=2516.0s rss=3179MB hwm=3179MB
RSS_SAMPLE t=2516.2s rss=3179MB hwm=3179MB
RSS_SAMPLE t=2516.5s rss=3179MB hwm=3179MB
RSS_SAMPLE t=2516.7s rss=3179MB hwm=3179MB
RSS_SAMPLE t=2517.0s rss=3179MB hwm=3179MB
RSS_SAMPLE t=2517.2s rss=3179MB hwm=3179MB
RSS_SAMPLE t=2517.5s rss=3179MB hwm=3179MB
RSS_SAMPLE t=2517.7s rss=3179MB hwm=3179MB
RSS_SAMPLE t=2518.0s rss=3179MB hwm=3179MB
RSS_SAMPLE t=2518.2s rss=3179MB hwm=3179MB
RSS_SAMPLE t=2518.5s rss=3179MB hwm=3179MB
RSS_SAMPLE t=2518.7s rss=3179MB hwm=3179MB
RSS_SAMPLE t=2519.0s rss=3179MB hwm=3179MB
RSS_SAMPLE t=2519.2s rss=3179MB hwm=3179MB
RSS_SAMPLE t=2519.5s rss=3179MB hwm=3179MB
RSS_SAMPLE t=2519.7s rss=3179MB hwm=3179MB
RSS_SAMPLE t=2520.0s rss=3179MB hwm=3179MB
RSS_SAMPLE t=2520.2s rss=3179MB hwm=3179MB
RSS_SAMPLE t=2520.5s rss=3179MB hwm=3179MB
RSS_SAMPLE t=2520.7s rss=3179MB hwm=3179MB
RSS_SAMPLE t=2521.0s rss=3179MB hwm=3179MB
RSS_SAMPLE t=2521.2s rss=3179MB hwm=3179MB
RSS_SAMPLE t=2521.5s rss=3179MB hwm=3179MB
RSS_SAMPLE t=2521.7s rss=3179MB hwm=3179MB
RSS_SAMPLE t=2522.0s rss=3179MB hwm=3179MB
RSS_SAMPLE t=2522.2s rss=3179MB hwm=3179MB
RSS_SAMPLE t=2522.5s rss=3179MB hwm=3179MB
RSS_SAMPLE t=2522.7s rss=3179MB hwm=3179MB
RSS_SAMPLE t=2523.0s rss=3179MB hwm=3179MB
RSS_SAMPLE t=2523.2s rss=3179MB hwm=3179MB
RSS_SAMPLE t=2523.5s rss=3179MB hwm=3179MB
RSS_SAMPLE t=2523.7s rss=3179MB hwm=3179MB
RSS_SAMPLE t=2524.0s rss=3179MB hwm=3179MB
RSS_SAMPLE t=2524.2s rss=3179MB hwm=3179MB
RSS_SAMPLE t=2524.5s rss=3179MB hwm=3179MB
RSS_SAMPLE t=2524.7s rss=3179MB hwm=3179MB
RSS_SAMPLE t=2525.0s rss=3179MB hwm=3179MB
RSS_SAMPLE t=2525.2s rss=3179MB hwm=3179MB
RSS_SAMPLE t=2525.5s rss=3179MB hwm=3179MB
RSS_SAMPLE t=2525.7s rss=3179MB hwm=3179MB
RSS_SAMPLE t=2526.0s rss=3179MB hwm=3179MB
RSS_SAMPLE t=2526.2s rss=3179MB hwm=3179MB
RSS_SAMPLE t=2526.5s rss=3179MB hwm=3179MB
RSS_SAMPLE t=2526.7s rss=3179MB hwm=3179MB
RSS_SAMPLE t=2527.0s rss=3179MB hwm=3179MB
RSS_SAMPLE t=2527.2s rss=3179MB hwm=3179MB
RSS_SAMPLE t=2527.5s rss=3179MB hwm=3179MB
RSS_SAMPLE t=2527.7s rss=3179MB hwm=3179MB
RSS_SAMPLE t=2528.0s rss=3179MB hwm=3179MB
RSS_SAMPLE t=2528.2s rss=3179MB hwm=3179MB
RSS_SAMPLE t=2528.5s rss=3179MB hwm=3179MB
RSS_SAMPLE t=2528.7s rss=3179MB hwm=3179MB
RSS_SAMPLE t=2529.0s rss=3179MB hwm=3179MB
RSS_SAMPLE t=2529.2s rss=3179MB hwm=3179MB
RSS_SAMPLE t=2529.5s rss=3179MB hwm=3179MB
RSS_SAMPLE t=2529.7s rss=3179MB hwm=3179MB
RSS_SAMPLE t=2530.0s rss=3179MB hwm=3179MB
RSS_SAMPLE t=2530.2s rss=3179MB hwm=3179MB
RSS_SAMPLE t=2530.5s rss=3179MB hwm=3179MB
RSS_SAMPLE t=2530.7s rss=3179MB hwm=3179MB
RSS_SAMPLE t=2531.0s rss=3179MB hwm=3179MB
RSS_SAMPLE t=2531.2s rss=3179MB hwm=3179MB
RSS_SAMPLE t=2531.5s rss=3179MB hwm=3179MB
RSS_SAMPLE t=2531.7s rss=3179MB hwm=3179MB
RSS_SAMPLE t=2532.0s rss=3179MB hwm=3179MB
RSS_SAMPLE t=2532.2s rss=3179MB hwm=3179MB
RSS_SAMPLE t=2532.5s rss=3179MB hwm=3179MB
RSS_SAMPLE t=2532.7s rss=3179MB hwm=3179MB
RSS_SAMPLE t=2533.0s rss=3179MB hwm=3179MB
RSS_SAMPLE t=2533.2s rss=3179MB hwm=3179MB
RSS_SAMPLE t=2533.5s rss=3179MB hwm=3179MB
RSS_SAMPLE t=2533.7s rss=3179MB hwm=3179MB
RSS_SAMPLE t=2534.0s rss=3179MB hwm=3179MB
RSS_SAMPLE t=2534.2s rss=3179MB hwm=3179MB
RSS_SAMPLE t=2534.5s rss=3179MB hwm=3179MB
RSS_SAMPLE t=2534.7s rss=3179MB hwm=3179MB
RSS_SAMPLE t=2535.0s rss=3179MB hwm=3179MB
RSS_SAMPLE t=2535.2s rss=3179MB hwm=3179MB
RSS_SAMPLE t=2535.5s rss=3179MB hwm=3179MB
RSS_SAMPLE t=2535.7s rss=3179MB hwm=3179MB
RSS_SAMPLE t=2536.0s rss=3179MB hwm=3179MB
RSS_SAMPLE t=2536.2s rss=3179MB hwm=3179MB
RSS_SAMPLE t=2536.5s rss=3179MB hwm=3179MB
RSS_SAMPLE t=2536.7s rss=3179MB hwm=3179MB
RSS_SAMPLE t=2537.0s rss=3179MB hwm=3179MB
RSS_SAMPLE t=2537.2s rss=3179MB hwm=3179MB
RSS_SAMPLE t=2537.5s rss=3179MB hwm=3179MB
RSS_SAMPLE t=2537.7s rss=3179MB hwm=3179MB
RSS_SAMPLE t=2538.0s rss=3179MB hwm=3179MB
RSS_SAMPLE t=2538.2s rss=3179MB hwm=3179MB
RSS_SAMPLE t=2538.5s rss=3179MB hwm=3179MB
RSS_SAMPLE t=2538.7s rss=3179MB hwm=3179MB
RSS_SAMPLE t=2539.0s rss=3179MB hwm=3179MB
RSS_SAMPLE t=2539.2s rss=3179MB hwm=3179MB
RSS_SAMPLE t=2539.5s rss=3179MB hwm=3179MB
RSS_SAMPLE t=2539.7s rss=3179MB hwm=3179MB
RSS_SAMPLE t=2540.0s rss=3179MB hwm=3179MB
RSS_SAMPLE t=2540.2s rss=3179MB hwm=3179MB
RSS_SAMPLE t=2540.5s rss=3179MB hwm=3179MB
RSS_SAMPLE t=2540.7s rss=3179MB hwm=3179MB
RSS_SAMPLE t=2541.0s rss=3179MB hwm=3179MB
RSS_SAMPLE t=2541.2s rss=3179MB hwm=3179MB
RSS_SAMPLE t=2541.5s rss=3179MB hwm=3179MB
RSS_SAMPLE t=2541.7s rss=3179MB hwm=3179MB
RSS_SAMPLE t=2542.0s rss=3179MB hwm=3179MB
RSS_SAMPLE t=2542.2s rss=3179MB hwm=3179MB
RSS_SAMPLE t=2542.5s rss=3179MB hwm=3179MB
RSS_SAMPLE t=2542.7s rss=3179MB hwm=3179MB
RSS_SAMPLE t=2543.0s rss=3179MB hwm=3179MB
RSS_SAMPLE t=2543.2s rss=3179MB hwm=3179MB
RSS_SAMPLE t=2543.5s rss=3179MB hwm=3179MB
RSS_SAMPLE t=2543.7s rss=3179MB hwm=3179MB
RSS_SAMPLE t=2544.0s rss=3179MB hwm=3179MB
RSS_SAMPLE t=2544.2s rss=3179MB hwm=3179MB
RSS_SAMPLE t=2544.5s rss=3179MB hwm=3179MB
RSS_SAMPLE t=2544.7s rss=3179MB hwm=3179MB
RSS_SAMPLE t=2545.0s rss=3179MB hwm=3179MB
RSS_SAMPLE t=2545.2s rss=3179MB hwm=3179MB
RSS_SAMPLE t=2545.5s rss=3179MB hwm=3179MB
RSS_SAMPLE t=2545.7s rss=3179MB hwm=3179MB
RSS_SAMPLE t=2546.0s rss=3179MB hwm=3179MB
RSS_SAMPLE t=2546.2s rss=3179MB hwm=3179MB
RSS_SAMPLE t=2546.5s rss=3179MB hwm=3179MB
RSS_SAMPLE t=2546.7s rss=3179MB hwm=3179MB
RSS_SAMPLE t=2547.0s rss=3179MB hwm=3179MB
RSS_SAMPLE t=2547.2s rss=3179MB hwm=3179MB
RSS_SAMPLE t=2547.5s rss=3179MB hwm=3179MB
RSS_SAMPLE t=2547.7s rss=3179MB hwm=3179MB
RSS_SAMPLE t=2548.0s rss=3179MB hwm=3179MB
RSS_SAMPLE t=2548.2s rss=3179MB hwm=3179MB
RSS_SAMPLE t=2548.5s rss=3179MB hwm=3179MB
RSS_SAMPLE t=2548.7s rss=3179MB hwm=3179MB
RSS_SAMPLE t=2549.0s rss=3179MB hwm=3179MB
RSS_SAMPLE t=2549.2s rss=3179MB hwm=3179MB
RSS_SAMPLE t=2549.5s rss=3179MB hwm=3179MB
RSS_SAMPLE t=2549.7s rss=3179MB hwm=3179MB
RSS_SAMPLE t=2550.0s rss=3179MB hwm=3179MB
RSS_SAMPLE t=2550.2s rss=3179MB hwm=3179MB
RSS_SAMPLE t=2550.5s rss=3179MB hwm=3179MB
RSS_SAMPLE t=2550.7s rss=3179MB hwm=3179MB
RSS_SAMPLE t=2551.0s rss=3179MB hwm=3179MB
RSS_SAMPLE t=2551.2s rss=3179MB hwm=3179MB
RSS_SAMPLE t=2551.5s rss=3179MB hwm=3179MB
RSS_SAMPLE t=2551.7s rss=3179MB hwm=3179MB
RSS_SAMPLE t=2552.0s rss=3179MB hwm=3179MB
RSS_SAMPLE t=2552.2s rss=3179MB hwm=3179MB
RSS_SAMPLE t=2552.5s rss=3179MB hwm=3179MB
RSS_SAMPLE t=2552.7s rss=3179MB hwm=3179MB
RSS_SAMPLE t=2553.0s rss=3179MB hwm=3179MB
RSS_SAMPLE t=2553.2s rss=3179MB hwm=3179MB
RSS_SAMPLE t=2553.5s rss=3179MB hwm=3179MB
RSS_SAMPLE t=2553.7s rss=3179MB hwm=3179MB
RSS_SAMPLE t=2554.0s rss=3179MB hwm=3179MB
RSS_SAMPLE t=2554.2s rss=3179MB hwm=3179MB
RSS_SAMPLE t=2554.5s rss=3179MB hwm=3179MB
RSS_SAMPLE t=2554.7s rss=3179MB hwm=3179MB
RSS_SAMPLE t=2555.0s rss=3179MB hwm=3179MB
RSS_SAMPLE t=2555.2s rss=3179MB hwm=3179MB
RSS_SAMPLE t=2555.5s rss=3179MB hwm=3179MB
RSS_SAMPLE t=2555.7s rss=3179MB hwm=3179MB
RSS_SAMPLE t=2556.0s rss=3179MB hwm=3179MB
RSS_SAMPLE t=2556.2s rss=3179MB hwm=3179MB
RSS_SAMPLE t=2556.5s rss=3179MB hwm=3179MB
RSS_SAMPLE t=2556.7s rss=3179MB hwm=3179MB
RSS_SAMPLE t=2557.0s rss=3179MB hwm=3179MB
RSS_SAMPLE t=2557.2s rss=3179MB hwm=3179MB
RSS_SAMPLE t=2557.5s rss=3179MB hwm=3179MB
RSS_SAMPLE t=2557.7s rss=3179MB hwm=3179MB
RSS_SAMPLE t=2558.0s rss=3179MB hwm=3179MB
RSS_SAMPLE t=2558.3s rss=3179MB hwm=3179MB
RSS_SAMPLE t=2558.5s rss=3179MB hwm=3179MB
RSS_SAMPLE t=2558.8s rss=3179MB hwm=3179MB
RSS_SAMPLE t=2559.0s rss=3179MB hwm=3179MB
RSS_SAMPLE t=2559.3s rss=3179MB hwm=3179MB
RSS_SAMPLE t=2559.5s rss=3179MB hwm=3179MB
RSS_SAMPLE t=2559.8s rss=3179MB hwm=3179MB
RSS_SAMPLE t=2560.0s rss=3179MB hwm=3179MB
RSS_SAMPLE t=2560.3s rss=3179MB hwm=3179MB
RSS_SAMPLE t=2560.5s rss=3179MB hwm=3179MB
RSS_SAMPLE t=2560.8s rss=3179MB hwm=3179MB
RSS_SAMPLE t=2561.0s rss=3179MB hwm=3179MB
RSS_SAMPLE t=2561.3s rss=3179MB hwm=3179MB
RSS_SAMPLE t=2561.5s rss=3179MB hwm=3179MB
RSS_SAMPLE t=2561.8s rss=3179MB hwm=3179MB
RSS_SAMPLE t=2562.0s rss=3179MB hwm=3179MB
RSS_SAMPLE t=2562.3s rss=3179MB hwm=3179MB
RSS_SAMPLE t=2562.5s rss=3179MB hwm=3179MB
RSS_SAMPLE t=2562.8s rss=3179MB hwm=3179MB
RSS_SAMPLE t=2563.0s rss=3179MB hwm=3179MB
RSS_SAMPLE t=2563.3s rss=3179MB hwm=3179MB
RSS_SAMPLE t=2563.5s rss=3179MB hwm=3179MB
RSS_SAMPLE t=2563.8s rss=3179MB hwm=3179MB
RSS_SAMPLE t=2564.0s rss=3179MB hwm=3179MB
RSS_SAMPLE t=2564.3s rss=3179MB hwm=3179MB
RSS_SAMPLE t=2564.5s rss=3179MB hwm=3179MB
RSS_SAMPLE t=2564.8s rss=3179MB hwm=3179MB
RSS_SAMPLE t=2565.0s rss=3179MB hwm=3179MB
RSS_SAMPLE t=2565.3s rss=3179MB hwm=3179MB
RSS_SAMPLE t=2565.5s rss=3179MB hwm=3179MB
RSS_SAMPLE t=2565.8s rss=3179MB hwm=3179MB
RSS_SAMPLE t=2566.0s rss=3179MB hwm=3179MB
RSS_SAMPLE t=2566.3s rss=3179MB hwm=3179MB
RSS_SAMPLE t=2566.5s rss=3179MB hwm=3179MB
RSS_SAMPLE t=2566.8s rss=3179MB hwm=3179MB
RSS_SAMPLE t=2567.0s rss=3179MB hwm=3179MB
RSS_SAMPLE t=2567.3s rss=3179MB hwm=3179MB
RSS_SAMPLE t=2567.5s rss=3179MB hwm=3179MB
RSS_SAMPLE t=2567.8s rss=3179MB hwm=3179MB
RSS_SAMPLE t=2568.0s rss=3179MB hwm=3179MB
RSS_SAMPLE t=2568.3s rss=3179MB hwm=3179MB
RSS_SAMPLE t=2568.5s rss=3179MB hwm=3179MB
RSS_SAMPLE t=2568.8s rss=3179MB hwm=3179MB
RSS_SAMPLE t=2569.0s rss=3179MB hwm=3179MB
RSS_SAMPLE t=2569.3s rss=3179MB hwm=3179MB
RSS_SAMPLE t=2569.5s rss=3179MB hwm=3179MB
RSS_SAMPLE t=2569.8s rss=3179MB hwm=3179MB
RSS_SAMPLE t=2570.0s rss=3179MB hwm=3179MB
RSS_SAMPLE t=2570.3s rss=3179MB hwm=3179MB
RSS_SAMPLE t=2570.5s rss=3179MB hwm=3179MB
RSS_SAMPLE t=2570.8s rss=3179MB hwm=3179MB
RSS_SAMPLE t=2571.0s rss=3179MB hwm=3179MB
RSS_SAMPLE t=2571.3s rss=3179MB hwm=3179MB
RSS_SAMPLE t=2571.5s rss=3179MB hwm=3179MB
RSS_SAMPLE t=2571.8s rss=3179MB hwm=3179MB
RSS_SAMPLE t=2572.0s rss=3179MB hwm=3179MB
RSS_SAMPLE t=2572.3s rss=3179MB hwm=3179MB
RSS_SAMPLE t=2572.5s rss=3179MB hwm=3179MB
RSS_SAMPLE t=2572.8s rss=3179MB hwm=3179MB
RSS_SAMPLE t=2573.0s rss=3179MB hwm=3179MB
RSS_SAMPLE t=2573.3s rss=3179MB hwm=3179MB
RSS_SAMPLE t=2573.5s rss=3179MB hwm=3179MB
RSS_SAMPLE t=2573.8s rss=3179MB hwm=3179MB
RSS_SAMPLE t=2574.0s rss=3179MB hwm=3179MB
RSS_SAMPLE t=2574.3s rss=3179MB hwm=3179MB
RSS_SAMPLE t=2574.5s rss=3179MB hwm=3179MB
RSS_SAMPLE t=2574.8s rss=3179MB hwm=3179MB
RSS_SAMPLE t=2575.0s rss=3179MB hwm=3179MB
RSS_SAMPLE t=2575.3s rss=3179MB hwm=3179MB
RSS_SAMPLE t=2575.5s rss=3179MB hwm=3179MB
RSS_SAMPLE t=2575.8s rss=3179MB hwm=3179MB
RSS_SAMPLE t=2576.0s rss=3179MB hwm=3179MB
RSS_SAMPLE t=2576.3s rss=3179MB hwm=3179MB
RSS_SAMPLE t=2576.5s rss=3179MB hwm=3179MB
RSS_SAMPLE t=2576.8s rss=3179MB hwm=3179MB
RSS_SAMPLE t=2577.0s rss=3179MB hwm=3179MB
RSS_SAMPLE t=2577.3s rss=3179MB hwm=3179MB
RSS_SAMPLE t=2577.5s rss=3179MB hwm=3179MB
RSS_SAMPLE t=2577.8s rss=3179MB hwm=3179MB
RSS_SAMPLE t=2578.0s rss=3179MB hwm=3179MB
RSS_SAMPLE t=2578.3s rss=3179MB hwm=3179MB
RSS_SAMPLE t=2578.5s rss=3179MB hwm=3179MB
RSS_SAMPLE t=2578.8s rss=3179MB hwm=3179MB
RSS_SAMPLE t=2579.0s rss=3179MB hwm=3179MB
RSS_SAMPLE t=2579.3s rss=3179MB hwm=3179MB
RSS_SAMPLE t=2579.5s rss=3179MB hwm=3179MB
RSS_SAMPLE t=2579.8s rss=3179MB hwm=3179MB
RSS_SAMPLE t=2580.0s rss=3179MB hwm=3179MB
RSS_SAMPLE t=2580.3s rss=3179MB hwm=3179MB
RSS_SAMPLE t=2580.5s rss=3179MB hwm=3179MB
RSS_SAMPLE t=2580.8s rss=3179MB hwm=3179MB
RSS_SAMPLE t=2581.0s rss=3179MB hwm=3179MB
RSS_SAMPLE t=2581.3s rss=3179MB hwm=3179MB
RSS_SAMPLE t=2581.5s rss=3179MB hwm=3179MB
RSS_SAMPLE t=2581.8s rss=3179MB hwm=3179MB
RSS_SAMPLE t=2582.0s rss=3179MB hwm=3179MB
RSS_SAMPLE t=2582.3s rss=3179MB hwm=3179MB
RSS_SAMPLE t=2582.5s rss=3179MB hwm=3179MB
RSS_SAMPLE t=2582.8s rss=3179MB hwm=3179MB
RSS_SAMPLE t=2583.0s rss=3179MB hwm=3179MB
RSS_SAMPLE t=2583.3s rss=3179MB hwm=3179MB
RSS_SAMPLE t=2583.5s rss=3179MB hwm=3179MB
RSS_SAMPLE t=2583.8s rss=3179MB hwm=3179MB
RSS_SAMPLE t=2584.0s rss=3179MB hwm=3179MB
RSS_SAMPLE t=2584.3s rss=3179MB hwm=3179MB
RSS_SAMPLE t=2584.5s rss=3179MB hwm=3179MB
RSS_SAMPLE t=2584.8s rss=3179MB hwm=3179MB
RSS_SAMPLE t=2585.0s rss=3179MB hwm=3179MB
RSS_SAMPLE t=2585.3s rss=3179MB hwm=3179MB
RSS_SAMPLE t=2585.5s rss=3179MB hwm=3179MB
RSS_SAMPLE t=2585.8s rss=3179MB hwm=3179MB
RSS_SAMPLE t=2586.0s rss=3179MB hwm=3179MB
RSS_SAMPLE t=2586.3s rss=3179MB hwm=3179MB
RSS_SAMPLE t=2586.5s rss=3179MB hwm=3179MB
RSS_SAMPLE t=2586.8s rss=3179MB hwm=3179MB
RSS_SAMPLE t=2587.0s rss=3179MB hwm=3179MB
RSS_SAMPLE t=2587.3s rss=3179MB hwm=3179MB
RSS_SAMPLE t=2587.5s rss=3179MB hwm=3179MB
RSS_SAMPLE t=2587.8s rss=3179MB hwm=3179MB
RSS_SAMPLE t=2588.0s rss=3179MB hwm=3179MB
RSS_SAMPLE t=2588.3s rss=3179MB hwm=3179MB
RSS_SAMPLE t=2588.5s rss=3179MB hwm=3179MB
RSS_SAMPLE t=2588.8s rss=3179MB hwm=3179MB
RSS_SAMPLE t=2589.0s rss=3179MB hwm=3179MB
RSS_SAMPLE t=2589.3s rss=3179MB hwm=3179MB
RSS_SAMPLE t=2589.5s rss=3179MB hwm=3179MB
RSS_SAMPLE t=2589.8s rss=3179MB hwm=3179MB
RSS_SAMPLE t=2590.0s rss=3179MB hwm=3179MB
RSS_SAMPLE t=2590.3s rss=3179MB hwm=3179MB
RSS_SAMPLE t=2590.5s rss=3179MB hwm=3179MB
RSS_SAMPLE t=2590.8s rss=3179MB hwm=3179MB
RSS_SAMPLE t=2591.0s rss=3179MB hwm=3179MB
RSS_SAMPLE t=2591.3s rss=3179MB hwm=3179MB
RSS_SAMPLE t=2591.5s rss=3179MB hwm=3179MB
RSS_SAMPLE t=2591.8s rss=3179MB hwm=3179MB
RSS_SAMPLE t=2592.0s rss=3179MB hwm=3179MB
RSS_SAMPLE t=2592.3s rss=3179MB hwm=3179MB
RSS_SAMPLE t=2592.5s rss=3179MB hwm=3179MB
RSS_SAMPLE t=2592.8s rss=3179MB hwm=3179MB
RSS_SAMPLE t=2593.0s rss=3179MB hwm=3179MB
RSS_SAMPLE t=2593.3s rss=3179MB hwm=3179MB
RSS_SAMPLE t=2593.5s rss=3179MB hwm=3179MB
RSS_SAMPLE t=2593.8s rss=3179MB hwm=3179MB
RSS_SAMPLE t=2594.0s rss=3179MB hwm=3179MB
RSS_SAMPLE t=2594.3s rss=3179MB hwm=3179MB
RSS_SAMPLE t=2594.5s rss=3179MB hwm=3179MB
RSS_SAMPLE t=2594.8s rss=3179MB hwm=3179MB
RSS_SAMPLE t=2595.0s rss=3179MB hwm=3179MB
RSS_SAMPLE t=2595.3s rss=3179MB hwm=3179MB
RSS_SAMPLE t=2595.5s rss=3179MB hwm=3179MB
RSS_SAMPLE t=2595.8s rss=3179MB hwm=3179MB
RSS_SAMPLE t=2596.0s rss=3179MB hwm=3179MB
RSS_SAMPLE t=2596.3s rss=3179MB hwm=3179MB
RSS_SAMPLE t=2596.5s rss=3179MB hwm=3179MB
RSS_SAMPLE t=2596.8s rss=3179MB hwm=3179MB
RSS_SAMPLE t=2597.0s rss=3179MB hwm=3179MB
RSS_SAMPLE t=2597.3s rss=3179MB hwm=3179MB
RSS_SAMPLE t=2597.5s rss=3179MB hwm=3179MB
RSS_SAMPLE t=2597.8s rss=3179MB hwm=3179MB
RSS_SAMPLE t=2598.0s rss=3179MB hwm=3179MB
RSS_SAMPLE t=2598.3s rss=3179MB hwm=3179MB
RSS_SAMPLE t=2598.5s rss=3179MB hwm=3179MB
RSS_SAMPLE t=2598.8s rss=3179MB hwm=3179MB
RSS_SAMPLE t=2599.0s rss=3179MB hwm=3179MB
RSS_SAMPLE t=2599.3s rss=3179MB hwm=3179MB
RSS_SAMPLE t=2599.5s rss=3179MB hwm=3179MB
RSS_SAMPLE t=2599.8s rss=3179MB hwm=3179MB
RSS_SAMPLE t=2600.0s rss=3179MB hwm=3179MB
RSS_SAMPLE t=2600.3s rss=3179MB hwm=3179MB
RSS_SAMPLE t=2600.5s rss=3179MB hwm=3179MB
RSS_SAMPLE t=2600.8s rss=3179MB hwm=3179MB
MEM_POOL: workspaces=8 dense_usage_mb=313 n_pipes=2562403
    rss_probe[outer=17]: pre_post_solve=3179MB post_post_solve=3179MB after_apply=3179MB
    E_decomp: base=7368204.4 eff=124909458723362.7 cong=124909451355158.3 cong_share=100.0% sat_pipes=183546 max_util=1886.60  R_buckets: 1-2x=1077025 2-10x=126454 10-100x=294112 >=100x=1064812
    E_potential: beckmann=140627938776533.5 history_total=0.0
    SpanCache: epoch=18 entries=1782 lookups=2562403 hits=2560621 misses=1782 hit_rate=99.9%
  DCD  17: nets=105117 line=10071023 energy=7018852827.589 dE=-5686114609.734 friction=6902565.2 bins=2.0x(236) excess=93.8 moved=68810 disp=3.811 solves=105117 skip=105117 pops=451420925 theta=3.648 refresh=104667ms dcd=6626ms total=113808ms
    cache_stats: entries=59435390 capacity=128909424 est_mb=1111 rss_mb=3179
RSS_SAMPLE t=2601.0s rss=3179MB hwm=3179MB
RSS_SAMPLE t=2601.3s rss=3179MB hwm=3179MB
RSS_SAMPLE t=2601.5s rss=3179MB hwm=3179MB
RSS_SAMPLE t=2601.8s rss=3179MB hwm=3179MB
RSS_SAMPLE t=2602.0s rss=3179MB hwm=3179MB
RSS_SAMPLE t=2602.3s rss=3179MB hwm=3179MB
RSS_SAMPLE t=2602.5s rss=3179MB hwm=3179MB
RSS_SAMPLE t=2602.8s rss=3179MB hwm=3179MB
RSS_SAMPLE t=2603.0s rss=3179MB hwm=3179MB
RSS_SAMPLE t=2603.3s rss=3179MB hwm=3179MB
    SwitchMatrix: type_usage_pairs=598 lookups=2081 hits=1483 dijkstra_calls=598 avg_us=12.0 total_ms=7.2
PHASE_MARK outer=18 enter=pre_solve rss=3179MB
    rss_probe[outer=18]: pre_refresh_rss=3179MB post_pre_solve_rss=3179MB cache_entries=59435390 cache_cap=128909424 cache_est_mb=1111
    pre_solve_diag[outer=18]: solves=0 fallback=0 (0.0%) cap_armed=0 (0.0%) settle_avg=0 settle_max=0 init_count=59
    Overflow: over=153096 (6.0% of used) avg_excess=1.88 max_excess=2127.79 (nc=2151.79 cap=24 span=1)  excess_buckets: <=1=88896 1-5=53268 5-20=9977 >20=955  by_cap: cap1=64820 cap2=85715 cap3-5=42 cap>5=2519  by_span: s1=270 s2-3=290 s4-6=2341 s7-12=83968 s>12=66227  le1_cross: cap1=54508 cap2-5=33804 cap>5=584
    Congestion: pipes=2562403 used=2562403 congested(>50%)=479619 saturated(>90%)=183546 max_util=1886.60 avg_util=0.3411
PHASE_MARK outer=18 enter=dcd_sweep rss=3179MB
RSS_SAMPLE t=2603.5s rss=3179MB hwm=3179MB
RSS_SAMPLE t=2603.8s rss=3179MB hwm=3179MB
RSS_SAMPLE t=2604.0s rss=3179MB hwm=3179MB
RSS_SAMPLE t=2604.3s rss=3179MB hwm=3179MB
RSS_SAMPLE t=2604.5s rss=3179MB hwm=3179MB
RSS_SAMPLE t=2604.8s rss=3179MB hwm=3179MB
RSS_SAMPLE t=2605.0s rss=3179MB hwm=3179MB
RSS_SAMPLE t=2605.3s rss=3179MB hwm=3179MB
RSS_SAMPLE t=2605.5s rss=3179MB hwm=3179MB
RSS_SAMPLE t=2605.8s rss=3179MB hwm=3179MB
RSS_SAMPLE t=2606.0s rss=3179MB hwm=3179MB
RSS_SAMPLE t=2606.3s rss=3179MB hwm=3179MB
RSS_SAMPLE t=2606.5s rss=3179MB hwm=3179MB
RSS_SAMPLE t=2606.8s rss=3179MB hwm=3179MB
RSS_SAMPLE t=2607.0s rss=3179MB hwm=3179MB
RSS_SAMPLE t=2607.3s rss=3179MB hwm=3179MB
RSS_SAMPLE t=2607.5s rss=3179MB hwm=3179MB
RSS_SAMPLE t=2607.8s rss=3179MB hwm=3179MB
RSS_SAMPLE t=2608.0s rss=3179MB hwm=3179MB
RSS_SAMPLE t=2608.3s rss=3179MB hwm=3179MB
RSS_SAMPLE t=2608.5s rss=3179MB hwm=3179MB
RSS_SAMPLE t=2608.8s rss=3179MB hwm=3179MB
RSS_SAMPLE t=2609.0s rss=3179MB hwm=3179MB
RSS_SAMPLE t=2609.3s rss=3179MB hwm=3179MB
RSS_SAMPLE t=2609.5s rss=3179MB hwm=3179MB
RSS_SAMPLE t=2609.8s rss=3179MB hwm=3179MB
PHASE_MARK outer=18 leave=dcd_sweep rss=3179MB
PHASE_MARK outer=18 enter=post_refresh rss=3179MB
RSS_SAMPLE t=2610.0s rss=3179MB hwm=3179MB
RSS_SAMPLE t=2610.3s rss=3179MB hwm=3179MB
RSS_SAMPLE t=2610.5s rss=3179MB hwm=3179MB
RSS_SAMPLE t=2610.8s rss=3179MB hwm=3179MB
RSS_SAMPLE t=2611.0s rss=3179MB hwm=3179MB
RSS_SAMPLE t=2611.3s rss=3179MB hwm=3179MB
RSS_SAMPLE t=2611.5s rss=3179MB hwm=3179MB
RSS_SAMPLE t=2611.8s rss=3179MB hwm=3179MB
RSS_SAMPLE t=2612.0s rss=3179MB hwm=3179MB
RSS_SAMPLE t=2612.3s rss=3179MB hwm=3179MB
RSS_SAMPLE t=2612.5s rss=3179MB hwm=3179MB
RSS_SAMPLE t=2612.8s rss=3179MB hwm=3179MB
RSS_SAMPLE t=2613.0s rss=3179MB hwm=3179MB
RSS_SAMPLE t=2613.3s rss=3179MB hwm=3179MB
RSS_SAMPLE t=2613.5s rss=3179MB hwm=3179MB
RSS_SAMPLE t=2613.8s rss=3179MB hwm=3179MB
RSS_SAMPLE t=2614.0s rss=3179MB hwm=3179MB
RSS_SAMPLE t=2614.3s rss=3179MB hwm=3179MB
RSS_SAMPLE t=2614.5s rss=3179MB hwm=3179MB
RSS_SAMPLE t=2614.8s rss=3179MB hwm=3179MB
RSS_SAMPLE t=2615.0s rss=3179MB hwm=3179MB
RSS_SAMPLE t=2615.3s rss=3179MB hwm=3179MB
RSS_SAMPLE t=2615.5s rss=3179MB hwm=3179MB
RSS_SAMPLE t=2615.8s rss=3179MB hwm=3179MB
RSS_SAMPLE t=2616.0s rss=3179MB hwm=3179MB
RSS_SAMPLE t=2616.3s rss=3179MB hwm=3179MB
RSS_SAMPLE t=2616.5s rss=3179MB hwm=3179MB
RSS_SAMPLE t=2616.8s rss=3179MB hwm=3179MB
RSS_SAMPLE t=2617.0s rss=3179MB hwm=3179MB
RSS_SAMPLE t=2617.3s rss=3179MB hwm=3179MB
RSS_SAMPLE t=2617.5s rss=3179MB hwm=3179MB
RSS_SAMPLE t=2617.8s rss=3179MB hwm=3179MB
RSS_SAMPLE t=2618.0s rss=3179MB hwm=3179MB
RSS_SAMPLE t=2618.3s rss=3179MB hwm=3179MB
RSS_SAMPLE t=2618.5s rss=3179MB hwm=3179MB
RSS_SAMPLE t=2618.8s rss=3179MB hwm=3179MB
RSS_SAMPLE t=2619.0s rss=3179MB hwm=3179MB
RSS_SAMPLE t=2619.3s rss=3179MB hwm=3179MB
RSS_SAMPLE t=2619.5s rss=3179MB hwm=3179MB
RSS_SAMPLE t=2619.8s rss=3179MB hwm=3179MB
RSS_SAMPLE t=2620.0s rss=3179MB hwm=3179MB
RSS_SAMPLE t=2620.3s rss=3179MB hwm=3179MB
RSS_SAMPLE t=2620.5s rss=3179MB hwm=3179MB
RSS_SAMPLE t=2620.8s rss=3179MB hwm=3179MB
RSS_SAMPLE t=2621.0s rss=3179MB hwm=3179MB
RSS_SAMPLE t=2621.3s rss=3179MB hwm=3179MB
RSS_SAMPLE t=2621.5s rss=3179MB hwm=3179MB
RSS_SAMPLE t=2621.8s rss=3179MB hwm=3179MB
RSS_SAMPLE t=2622.0s rss=3179MB hwm=3179MB
RSS_SAMPLE t=2622.3s rss=3179MB hwm=3179MB
RSS_SAMPLE t=2622.5s rss=3179MB hwm=3179MB
RSS_SAMPLE t=2622.8s rss=3179MB hwm=3179MB
RSS_SAMPLE t=2623.0s rss=3179MB hwm=3179MB
RSS_SAMPLE t=2623.3s rss=3179MB hwm=3179MB
RSS_SAMPLE t=2623.5s rss=3179MB hwm=3179MB
RSS_SAMPLE t=2623.8s rss=3179MB hwm=3179MB
RSS_SAMPLE t=2624.0s rss=3179MB hwm=3179MB
RSS_SAMPLE t=2624.3s rss=3179MB hwm=3179MB
RSS_SAMPLE t=2624.5s rss=3179MB hwm=3179MB
RSS_SAMPLE t=2624.8s rss=3179MB hwm=3179MB
RSS_SAMPLE t=2625.0s rss=3179MB hwm=3179MB
RSS_SAMPLE t=2625.3s rss=3179MB hwm=3179MB
RSS_SAMPLE t=2625.5s rss=3179MB hwm=3179MB
RSS_SAMPLE t=2625.8s rss=3179MB hwm=3179MB
RSS_SAMPLE t=2626.0s rss=3179MB hwm=3179MB
RSS_SAMPLE t=2626.3s rss=3179MB hwm=3179MB
RSS_SAMPLE t=2626.5s rss=3179MB hwm=3179MB
RSS_SAMPLE t=2626.8s rss=3179MB hwm=3179MB
RSS_SAMPLE t=2627.0s rss=3179MB hwm=3179MB
RSS_SAMPLE t=2627.3s rss=3179MB hwm=3179MB
RSS_SAMPLE t=2627.5s rss=3179MB hwm=3179MB
RSS_SAMPLE t=2627.8s rss=3179MB hwm=3179MB
RSS_SAMPLE t=2628.0s rss=3179MB hwm=3179MB
RSS_SAMPLE t=2628.3s rss=3179MB hwm=3179MB
RSS_SAMPLE t=2628.5s rss=3179MB hwm=3179MB
RSS_SAMPLE t=2628.8s rss=3179MB hwm=3179MB
RSS_SAMPLE t=2629.0s rss=3179MB hwm=3179MB
RSS_SAMPLE t=2629.3s rss=3179MB hwm=3179MB
RSS_SAMPLE t=2629.5s rss=3179MB hwm=3179MB
RSS_SAMPLE t=2629.8s rss=3179MB hwm=3179MB
RSS_SAMPLE t=2630.0s rss=3179MB hwm=3179MB
RSS_SAMPLE t=2630.3s rss=3179MB hwm=3179MB
RSS_SAMPLE t=2630.5s rss=3179MB hwm=3179MB
RSS_SAMPLE t=2630.8s rss=3179MB hwm=3179MB
RSS_SAMPLE t=2631.0s rss=3179MB hwm=3179MB
RSS_SAMPLE t=2631.3s rss=3179MB hwm=3179MB
RSS_SAMPLE t=2631.5s rss=3179MB hwm=3179MB
RSS_SAMPLE t=2631.8s rss=3179MB hwm=3179MB
RSS_SAMPLE t=2632.0s rss=3179MB hwm=3179MB
RSS_SAMPLE t=2632.3s rss=3179MB hwm=3179MB
RSS_SAMPLE t=2632.5s rss=3179MB hwm=3179MB
RSS_SAMPLE t=2632.8s rss=3179MB hwm=3179MB
RSS_SAMPLE t=2633.0s rss=3179MB hwm=3179MB
RSS_SAMPLE t=2633.3s rss=3179MB hwm=3179MB
RSS_SAMPLE t=2633.5s rss=3179MB hwm=3179MB
RSS_SAMPLE t=2633.8s rss=3179MB hwm=3179MB
RSS_SAMPLE t=2634.0s rss=3179MB hwm=3179MB
RSS_SAMPLE t=2634.3s rss=3179MB hwm=3179MB
RSS_SAMPLE t=2634.5s rss=3179MB hwm=3179MB
RSS_SAMPLE t=2634.8s rss=3179MB hwm=3179MB
RSS_SAMPLE t=2635.0s rss=3179MB hwm=3179MB
RSS_SAMPLE t=2635.3s rss=3179MB hwm=3179MB
RSS_SAMPLE t=2635.6s rss=3179MB hwm=3179MB
RSS_SAMPLE t=2635.8s rss=3179MB hwm=3179MB
RSS_SAMPLE t=2636.1s rss=3179MB hwm=3179MB
RSS_SAMPLE t=2636.3s rss=3179MB hwm=3179MB
RSS_SAMPLE t=2636.6s rss=3179MB hwm=3179MB
RSS_SAMPLE t=2636.8s rss=3179MB hwm=3179MB
RSS_SAMPLE t=2637.1s rss=3179MB hwm=3179MB
RSS_SAMPLE t=2637.3s rss=3179MB hwm=3179MB
RSS_SAMPLE t=2637.6s rss=3179MB hwm=3179MB
RSS_SAMPLE t=2637.8s rss=3179MB hwm=3179MB
RSS_SAMPLE t=2638.1s rss=3179MB hwm=3179MB
RSS_SAMPLE t=2638.3s rss=3179MB hwm=3179MB
RSS_SAMPLE t=2638.6s rss=3179MB hwm=3179MB
RSS_SAMPLE t=2638.8s rss=3179MB hwm=3179MB
RSS_SAMPLE t=2639.1s rss=3179MB hwm=3179MB
RSS_SAMPLE t=2639.3s rss=3179MB hwm=3179MB
RSS_SAMPLE t=2639.6s rss=3179MB hwm=3179MB
RSS_SAMPLE t=2639.8s rss=3179MB hwm=3179MB
RSS_SAMPLE t=2640.1s rss=3179MB hwm=3179MB
RSS_SAMPLE t=2640.3s rss=3179MB hwm=3179MB
RSS_SAMPLE t=2640.6s rss=3179MB hwm=3179MB
RSS_SAMPLE t=2640.8s rss=3179MB hwm=3179MB
RSS_SAMPLE t=2641.1s rss=3179MB hwm=3179MB
RSS_SAMPLE t=2641.3s rss=3179MB hwm=3179MB
RSS_SAMPLE t=2641.6s rss=3179MB hwm=3179MB
RSS_SAMPLE t=2641.8s rss=3179MB hwm=3179MB
RSS_SAMPLE t=2642.1s rss=3179MB hwm=3179MB
RSS_SAMPLE t=2642.3s rss=3179MB hwm=3179MB
RSS_SAMPLE t=2642.6s rss=3179MB hwm=3179MB
RSS_SAMPLE t=2642.8s rss=3180MB hwm=3180MB
RSS_SAMPLE t=2643.1s rss=3180MB hwm=3180MB
RSS_SAMPLE t=2643.3s rss=3180MB hwm=3180MB
RSS_SAMPLE t=2643.6s rss=3180MB hwm=3180MB
RSS_SAMPLE t=2643.8s rss=3180MB hwm=3180MB
RSS_SAMPLE t=2644.1s rss=3180MB hwm=3180MB
RSS_SAMPLE t=2644.3s rss=3180MB hwm=3180MB
RSS_SAMPLE t=2644.6s rss=3180MB hwm=3180MB
RSS_SAMPLE t=2644.8s rss=3180MB hwm=3180MB
RSS_SAMPLE t=2645.1s rss=3180MB hwm=3180MB
RSS_SAMPLE t=2645.3s rss=3180MB hwm=3180MB
RSS_SAMPLE t=2645.6s rss=3181MB hwm=3181MB
RSS_SAMPLE t=2645.8s rss=3181MB hwm=3181MB
RSS_SAMPLE t=2646.1s rss=3181MB hwm=3181MB
RSS_SAMPLE t=2646.3s rss=3181MB hwm=3181MB
RSS_SAMPLE t=2646.6s rss=3181MB hwm=3181MB
RSS_SAMPLE t=2646.8s rss=3181MB hwm=3181MB
RSS_SAMPLE t=2647.1s rss=3181MB hwm=3181MB
RSS_SAMPLE t=2647.3s rss=3181MB hwm=3181MB
RSS_SAMPLE t=2647.6s rss=3181MB hwm=3181MB
RSS_SAMPLE t=2647.8s rss=3181MB hwm=3181MB
RSS_SAMPLE t=2648.1s rss=3181MB hwm=3181MB
RSS_SAMPLE t=2648.3s rss=3181MB hwm=3181MB
RSS_SAMPLE t=2648.6s rss=3181MB hwm=3181MB
RSS_SAMPLE t=2648.8s rss=3181MB hwm=3181MB
RSS_SAMPLE t=2649.1s rss=3181MB hwm=3181MB
RSS_SAMPLE t=2649.3s rss=3181MB hwm=3181MB
RSS_SAMPLE t=2649.6s rss=3181MB hwm=3181MB
RSS_SAMPLE t=2649.8s rss=3181MB hwm=3181MB
RSS_SAMPLE t=2650.1s rss=3181MB hwm=3181MB
RSS_SAMPLE t=2650.3s rss=3181MB hwm=3181MB
RSS_SAMPLE t=2650.6s rss=3181MB hwm=3181MB
RSS_SAMPLE t=2650.8s rss=3181MB hwm=3181MB
RSS_SAMPLE t=2651.1s rss=3181MB hwm=3181MB
RSS_SAMPLE t=2651.3s rss=3181MB hwm=3181MB
RSS_SAMPLE t=2651.6s rss=3181MB hwm=3181MB
RSS_SAMPLE t=2651.8s rss=3181MB hwm=3181MB
RSS_SAMPLE t=2652.1s rss=3181MB hwm=3181MB
RSS_SAMPLE t=2652.3s rss=3181MB hwm=3181MB
RSS_SAMPLE t=2652.6s rss=3181MB hwm=3181MB
RSS_SAMPLE t=2652.8s rss=3181MB hwm=3181MB
RSS_SAMPLE t=2653.1s rss=3181MB hwm=3181MB
RSS_SAMPLE t=2653.3s rss=3181MB hwm=3181MB
RSS_SAMPLE t=2653.6s rss=3181MB hwm=3181MB
RSS_SAMPLE t=2653.8s rss=3181MB hwm=3181MB
RSS_SAMPLE t=2654.1s rss=3181MB hwm=3181MB
RSS_SAMPLE t=2654.3s rss=3181MB hwm=3181MB
RSS_SAMPLE t=2654.6s rss=3181MB hwm=3181MB
RSS_SAMPLE t=2654.8s rss=3181MB hwm=3181MB
RSS_SAMPLE t=2655.1s rss=3181MB hwm=3181MB
RSS_SAMPLE t=2655.3s rss=3181MB hwm=3181MB
RSS_SAMPLE t=2655.6s rss=3181MB hwm=3181MB
RSS_SAMPLE t=2655.8s rss=3181MB hwm=3181MB
RSS_SAMPLE t=2656.1s rss=3181MB hwm=3181MB
RSS_SAMPLE t=2656.3s rss=3181MB hwm=3181MB
RSS_SAMPLE t=2656.6s rss=3181MB hwm=3181MB
RSS_SAMPLE t=2656.8s rss=3181MB hwm=3181MB
RSS_SAMPLE t=2657.1s rss=3181MB hwm=3181MB
RSS_SAMPLE t=2657.3s rss=3181MB hwm=3181MB
RSS_SAMPLE t=2657.6s rss=3181MB hwm=3181MB
RSS_SAMPLE t=2657.8s rss=3181MB hwm=3181MB
RSS_SAMPLE t=2658.1s rss=3181MB hwm=3181MB
RSS_SAMPLE t=2658.3s rss=3181MB hwm=3181MB
RSS_SAMPLE t=2658.6s rss=3181MB hwm=3181MB
RSS_SAMPLE t=2658.8s rss=3181MB hwm=3181MB
RSS_SAMPLE t=2659.1s rss=3181MB hwm=3181MB
RSS_SAMPLE t=2659.3s rss=3181MB hwm=3181MB
RSS_SAMPLE t=2659.6s rss=3181MB hwm=3181MB
RSS_SAMPLE t=2659.8s rss=3181MB hwm=3181MB
RSS_SAMPLE t=2660.1s rss=3181MB hwm=3181MB
RSS_SAMPLE t=2660.3s rss=3181MB hwm=3181MB
RSS_SAMPLE t=2660.6s rss=3181MB hwm=3181MB
RSS_SAMPLE t=2660.8s rss=3181MB hwm=3181MB
RSS_SAMPLE t=2661.1s rss=3181MB hwm=3181MB
RSS_SAMPLE t=2661.3s rss=3181MB hwm=3181MB
RSS_SAMPLE t=2661.6s rss=3181MB hwm=3181MB
RSS_SAMPLE t=2661.8s rss=3181MB hwm=3181MB
RSS_SAMPLE t=2662.1s rss=3181MB hwm=3181MB
RSS_SAMPLE t=2662.3s rss=3181MB hwm=3181MB
RSS_SAMPLE t=2662.6s rss=3181MB hwm=3181MB
RSS_SAMPLE t=2662.8s rss=3181MB hwm=3181MB
RSS_SAMPLE t=2663.1s rss=3181MB hwm=3181MB
RSS_SAMPLE t=2663.3s rss=3181MB hwm=3181MB
RSS_SAMPLE t=2663.6s rss=3181MB hwm=3181MB
RSS_SAMPLE t=2663.8s rss=3181MB hwm=3181MB
RSS_SAMPLE t=2664.1s rss=3181MB hwm=3181MB
RSS_SAMPLE t=2664.3s rss=3181MB hwm=3181MB
RSS_SAMPLE t=2664.6s rss=3181MB hwm=3181MB
RSS_SAMPLE t=2664.8s rss=3181MB hwm=3181MB
RSS_SAMPLE t=2665.1s rss=3181MB hwm=3181MB
RSS_SAMPLE t=2665.3s rss=3181MB hwm=3181MB
RSS_SAMPLE t=2665.6s rss=3181MB hwm=3181MB
RSS_SAMPLE t=2665.8s rss=3181MB hwm=3181MB
RSS_SAMPLE t=2666.1s rss=3181MB hwm=3181MB
RSS_SAMPLE t=2666.3s rss=3181MB hwm=3181MB
RSS_SAMPLE t=2666.6s rss=3181MB hwm=3181MB
RSS_SAMPLE t=2666.8s rss=3181MB hwm=3181MB
RSS_SAMPLE t=2667.1s rss=3181MB hwm=3181MB
RSS_SAMPLE t=2667.3s rss=3181MB hwm=3181MB
RSS_SAMPLE t=2667.6s rss=3181MB hwm=3181MB
RSS_SAMPLE t=2667.8s rss=3181MB hwm=3181MB
RSS_SAMPLE t=2668.1s rss=3181MB hwm=3181MB
RSS_SAMPLE t=2668.3s rss=3181MB hwm=3181MB
RSS_SAMPLE t=2668.6s rss=3181MB hwm=3181MB
RSS_SAMPLE t=2668.8s rss=3181MB hwm=3181MB
RSS_SAMPLE t=2669.1s rss=3181MB hwm=3181MB
RSS_SAMPLE t=2669.3s rss=3181MB hwm=3181MB
RSS_SAMPLE t=2669.6s rss=3181MB hwm=3181MB
RSS_SAMPLE t=2669.8s rss=3181MB hwm=3181MB
RSS_SAMPLE t=2670.1s rss=3181MB hwm=3181MB
RSS_SAMPLE t=2670.3s rss=3181MB hwm=3181MB
RSS_SAMPLE t=2670.6s rss=3181MB hwm=3181MB
RSS_SAMPLE t=2670.8s rss=3181MB hwm=3181MB
RSS_SAMPLE t=2671.1s rss=3181MB hwm=3181MB
RSS_SAMPLE t=2671.3s rss=3181MB hwm=3181MB
RSS_SAMPLE t=2671.6s rss=3181MB hwm=3181MB
RSS_SAMPLE t=2671.8s rss=3181MB hwm=3181MB
RSS_SAMPLE t=2672.1s rss=3181MB hwm=3181MB
RSS_SAMPLE t=2672.3s rss=3181MB hwm=3181MB
RSS_SAMPLE t=2672.6s rss=3181MB hwm=3181MB
RSS_SAMPLE t=2672.8s rss=3181MB hwm=3181MB
RSS_SAMPLE t=2673.1s rss=3181MB hwm=3181MB
RSS_SAMPLE t=2673.3s rss=3181MB hwm=3181MB
RSS_SAMPLE t=2673.6s rss=3181MB hwm=3181MB
RSS_SAMPLE t=2673.8s rss=3181MB hwm=3181MB
RSS_SAMPLE t=2674.1s rss=3181MB hwm=3181MB
RSS_SAMPLE t=2674.3s rss=3181MB hwm=3181MB
RSS_SAMPLE t=2674.6s rss=3181MB hwm=3181MB
RSS_SAMPLE t=2674.8s rss=3181MB hwm=3181MB
RSS_SAMPLE t=2675.1s rss=3181MB hwm=3181MB
RSS_SAMPLE t=2675.3s rss=3181MB hwm=3181MB
RSS_SAMPLE t=2675.6s rss=3181MB hwm=3181MB
RSS_SAMPLE t=2675.8s rss=3181MB hwm=3181MB
RSS_SAMPLE t=2676.1s rss=3181MB hwm=3181MB
RSS_SAMPLE t=2676.3s rss=3181MB hwm=3181MB
RSS_SAMPLE t=2676.6s rss=3181MB hwm=3181MB
RSS_SAMPLE t=2676.8s rss=3181MB hwm=3181MB
RSS_SAMPLE t=2677.1s rss=3181MB hwm=3181MB
RSS_SAMPLE t=2677.3s rss=3181MB hwm=3181MB
RSS_SAMPLE t=2677.6s rss=3181MB hwm=3181MB
RSS_SAMPLE t=2677.8s rss=3181MB hwm=3181MB
RSS_SAMPLE t=2678.1s rss=3181MB hwm=3181MB
RSS_SAMPLE t=2678.3s rss=3181MB hwm=3181MB
RSS_SAMPLE t=2678.6s rss=3181MB hwm=3181MB
RSS_SAMPLE t=2678.8s rss=3181MB hwm=3181MB
RSS_SAMPLE t=2679.1s rss=3181MB hwm=3181MB
RSS_SAMPLE t=2679.3s rss=3181MB hwm=3181MB
RSS_SAMPLE t=2679.6s rss=3181MB hwm=3181MB
RSS_SAMPLE t=2679.8s rss=3181MB hwm=3181MB
RSS_SAMPLE t=2680.1s rss=3181MB hwm=3181MB
RSS_SAMPLE t=2680.3s rss=3181MB hwm=3181MB
RSS_SAMPLE t=2680.6s rss=3181MB hwm=3181MB
RSS_SAMPLE t=2680.8s rss=3181MB hwm=3181MB
RSS_SAMPLE t=2681.1s rss=3181MB hwm=3181MB
RSS_SAMPLE t=2681.3s rss=3181MB hwm=3181MB
RSS_SAMPLE t=2681.6s rss=3181MB hwm=3181MB
RSS_SAMPLE t=2681.8s rss=3181MB hwm=3181MB
RSS_SAMPLE t=2682.1s rss=3181MB hwm=3181MB
RSS_SAMPLE t=2682.3s rss=3181MB hwm=3181MB
RSS_SAMPLE t=2682.6s rss=3181MB hwm=3181MB
RSS_SAMPLE t=2682.8s rss=3181MB hwm=3181MB
RSS_SAMPLE t=2683.1s rss=3181MB hwm=3181MB
RSS_SAMPLE t=2683.3s rss=3181MB hwm=3181MB
RSS_SAMPLE t=2683.6s rss=3181MB hwm=3181MB
RSS_SAMPLE t=2683.8s rss=3181MB hwm=3181MB
RSS_SAMPLE t=2684.1s rss=3181MB hwm=3181MB
RSS_SAMPLE t=2684.3s rss=3181MB hwm=3181MB
RSS_SAMPLE t=2684.6s rss=3181MB hwm=3181MB
RSS_SAMPLE t=2684.8s rss=3181MB hwm=3181MB
RSS_SAMPLE t=2685.1s rss=3181MB hwm=3181MB
RSS_SAMPLE t=2685.3s rss=3181MB hwm=3181MB
RSS_SAMPLE t=2685.6s rss=3181MB hwm=3181MB
RSS_SAMPLE t=2685.8s rss=3181MB hwm=3181MB
RSS_SAMPLE t=2686.1s rss=3181MB hwm=3181MB
RSS_SAMPLE t=2686.3s rss=3181MB hwm=3181MB
RSS_SAMPLE t=2686.6s rss=3181MB hwm=3181MB
RSS_SAMPLE t=2686.8s rss=3181MB hwm=3181MB
RSS_SAMPLE t=2687.1s rss=3181MB hwm=3181MB
RSS_SAMPLE t=2687.3s rss=3181MB hwm=3181MB
RSS_SAMPLE t=2687.6s rss=3181MB hwm=3181MB
RSS_SAMPLE t=2687.8s rss=3181MB hwm=3181MB
RSS_SAMPLE t=2688.1s rss=3181MB hwm=3181MB
RSS_SAMPLE t=2688.3s rss=3181MB hwm=3181MB
RSS_SAMPLE t=2688.6s rss=3181MB hwm=3181MB
RSS_SAMPLE t=2688.8s rss=3181MB hwm=3181MB
RSS_SAMPLE t=2689.1s rss=3181MB hwm=3181MB
RSS_SAMPLE t=2689.3s rss=3181MB hwm=3181MB
RSS_SAMPLE t=2689.6s rss=3181MB hwm=3181MB
RSS_SAMPLE t=2689.8s rss=3181MB hwm=3181MB
RSS_SAMPLE t=2690.1s rss=3181MB hwm=3181MB
RSS_SAMPLE t=2690.3s rss=3181MB hwm=3181MB
RSS_SAMPLE t=2690.6s rss=3181MB hwm=3181MB
RSS_SAMPLE t=2690.8s rss=3181MB hwm=3181MB
RSS_SAMPLE t=2691.1s rss=3181MB hwm=3181MB
RSS_SAMPLE t=2691.3s rss=3181MB hwm=3181MB
RSS_SAMPLE t=2691.6s rss=3181MB hwm=3181MB
RSS_SAMPLE t=2691.8s rss=3181MB hwm=3181MB
RSS_SAMPLE t=2692.1s rss=3181MB hwm=3181MB
RSS_SAMPLE t=2692.3s rss=3181MB hwm=3181MB
RSS_SAMPLE t=2692.6s rss=3181MB hwm=3181MB
RSS_SAMPLE t=2692.8s rss=3181MB hwm=3181MB
RSS_SAMPLE t=2693.1s rss=3181MB hwm=3181MB
RSS_SAMPLE t=2693.3s rss=3181MB hwm=3181MB
RSS_SAMPLE t=2693.6s rss=3181MB hwm=3181MB
RSS_SAMPLE t=2693.8s rss=3181MB hwm=3181MB
RSS_SAMPLE t=2694.1s rss=3181MB hwm=3181MB
RSS_SAMPLE t=2694.3s rss=3181MB hwm=3181MB
RSS_SAMPLE t=2694.6s rss=3181MB hwm=3181MB
RSS_SAMPLE t=2694.8s rss=3181MB hwm=3181MB
RSS_SAMPLE t=2695.1s rss=3181MB hwm=3181MB
RSS_SAMPLE t=2695.3s rss=3181MB hwm=3181MB
RSS_SAMPLE t=2695.6s rss=3181MB hwm=3181MB
RSS_SAMPLE t=2695.8s rss=3181MB hwm=3181MB
RSS_SAMPLE t=2696.1s rss=3181MB hwm=3181MB
RSS_SAMPLE t=2696.3s rss=3181MB hwm=3181MB
RSS_SAMPLE t=2696.6s rss=3181MB hwm=3181MB
RSS_SAMPLE t=2696.8s rss=3181MB hwm=3181MB
RSS_SAMPLE t=2697.1s rss=3181MB hwm=3181MB
RSS_SAMPLE t=2697.3s rss=3181MB hwm=3181MB
RSS_SAMPLE t=2697.6s rss=3181MB hwm=3181MB
RSS_SAMPLE t=2697.8s rss=3181MB hwm=3181MB
RSS_SAMPLE t=2698.1s rss=3181MB hwm=3181MB
RSS_SAMPLE t=2698.3s rss=3181MB hwm=3181MB
RSS_SAMPLE t=2698.6s rss=3181MB hwm=3181MB
RSS_SAMPLE t=2698.8s rss=3181MB hwm=3181MB
RSS_SAMPLE t=2699.1s rss=3181MB hwm=3181MB
RSS_SAMPLE t=2699.3s rss=3181MB hwm=3181MB
RSS_SAMPLE t=2699.6s rss=3181MB hwm=3181MB
RSS_SAMPLE t=2699.8s rss=3181MB hwm=3181MB
RSS_SAMPLE t=2700.1s rss=3181MB hwm=3181MB
RSS_SAMPLE t=2700.3s rss=3181MB hwm=3181MB
RSS_SAMPLE t=2700.6s rss=3181MB hwm=3181MB
RSS_SAMPLE t=2700.8s rss=3181MB hwm=3181MB
RSS_SAMPLE t=2701.1s rss=3181MB hwm=3181MB
RSS_SAMPLE t=2701.3s rss=3181MB hwm=3181MB
RSS_SAMPLE t=2701.6s rss=3181MB hwm=3181MB
RSS_SAMPLE t=2701.8s rss=3181MB hwm=3181MB
RSS_SAMPLE t=2702.1s rss=3181MB hwm=3181MB
RSS_SAMPLE t=2702.3s rss=3181MB hwm=3181MB
RSS_SAMPLE t=2702.6s rss=3181MB hwm=3181MB
RSS_SAMPLE t=2702.8s rss=3181MB hwm=3181MB
RSS_SAMPLE t=2703.1s rss=3181MB hwm=3181MB
RSS_SAMPLE t=2703.3s rss=3181MB hwm=3181MB
RSS_SAMPLE t=2703.6s rss=3181MB hwm=3181MB
RSS_SAMPLE t=2703.8s rss=3181MB hwm=3181MB
RSS_SAMPLE t=2704.1s rss=3181MB hwm=3181MB
RSS_SAMPLE t=2704.3s rss=3181MB hwm=3181MB
RSS_SAMPLE t=2704.6s rss=3181MB hwm=3181MB
RSS_SAMPLE t=2704.8s rss=3181MB hwm=3181MB
RSS_SAMPLE t=2705.1s rss=3181MB hwm=3181MB
RSS_SAMPLE t=2705.3s rss=3181MB hwm=3181MB
RSS_SAMPLE t=2705.6s rss=3181MB hwm=3181MB
RSS_SAMPLE t=2705.8s rss=3181MB hwm=3181MB
RSS_SAMPLE t=2706.1s rss=3181MB hwm=3181MB
RSS_SAMPLE t=2706.3s rss=3181MB hwm=3181MB
RSS_SAMPLE t=2706.6s rss=3181MB hwm=3181MB
RSS_SAMPLE t=2706.8s rss=3181MB hwm=3181MB
RSS_SAMPLE t=2707.1s rss=3181MB hwm=3181MB
RSS_SAMPLE t=2707.3s rss=3181MB hwm=3181MB
RSS_SAMPLE t=2707.6s rss=3181MB hwm=3181MB
RSS_SAMPLE t=2707.8s rss=3181MB hwm=3181MB
RSS_SAMPLE t=2708.1s rss=3181MB hwm=3181MB
RSS_SAMPLE t=2708.3s rss=3181MB hwm=3181MB
RSS_SAMPLE t=2708.6s rss=3181MB hwm=3181MB
MEM_POOL: workspaces=8 dense_usage_mb=313 n_pipes=2562403
    rss_probe[outer=18]: pre_post_solve=3179MB post_post_solve=3181MB after_apply=3181MB
    E_decomp: base=6883478.2 eff=352406224919716.4 cong=352406218036238.2 cong_share=100.0% sat_pipes=183480 max_util=943.30  R_buckets: 1-2x=1124867 2-10x=217423 10-100x=256065 >=100x=964048
    E_potential: beckmann=17950554737842.1 history_total=0.0
    SpanCache: epoch=19 entries=2081 lookups=2562403 hits=2560322 misses=2081 hit_rate=99.9%
  DCD  18: nets=105117 line=9784543 energy=1544207949.165 dE=-5474644878.424 friction=3698348.8 bins=2.0x(263) excess=101.5 moved=68810 disp=3.670 solves=105117 skip=105117 pops=432479041 theta=4.271 refresh=98742ms dcd=6574ms total=107770ms
    cache_stats: entries=58353338 capacity=128075150 est_mb=1104 rss_mb=3181
RSS_SAMPLE t=2708.8s rss=3181MB hwm=3181MB
RSS_SAMPLE t=2709.1s rss=3181MB hwm=3181MB
RSS_SAMPLE t=2709.3s rss=3181MB hwm=3181MB
RSS_SAMPLE t=2709.6s rss=3181MB hwm=3181MB
RSS_SAMPLE t=2709.8s rss=3181MB hwm=3181MB
RSS_SAMPLE t=2710.1s rss=3181MB hwm=3181MB
RSS_SAMPLE t=2710.3s rss=3181MB hwm=3181MB
RSS_SAMPLE t=2710.6s rss=3181MB hwm=3181MB
RSS_SAMPLE t=2710.8s rss=3181MB hwm=3181MB
RSS_SAMPLE t=2711.1s rss=3181MB hwm=3181MB
    SwitchMatrix: type_usage_pairs=579 lookups=1995 hits=1416 dijkstra_calls=579 avg_us=12.6 total_ms=7.3
PHASE_MARK outer=19 enter=pre_solve rss=3181MB
    rss_probe[outer=19]: pre_refresh_rss=3181MB post_pre_solve_rss=3181MB cache_entries=58353338 cache_cap=128075150 cache_est_mb=1104
    pre_solve_diag[outer=19]: solves=0 fallback=0 (0.0%) cap_armed=0 (0.0%) settle_avg=0 settle_max=0 init_count=62
    Overflow: over=153174 (6.0% of used) avg_excess=1.92 max_excess=2627.20 (nc=2651.20 cap=24 span=1)  excess_buckets: <=1=90613 1-5=50572 5-20=10947 >20=1042  by_cap: cap1=70835 cap2=80293 cap3-5=10 cap>5=2036  by_span: s1=293 s2-3=266 s4-6=1795 s7-12=78438 s>12=72382  le1_cross: cap1=59222 cap2-5=31023 cap>5=368
    Congestion: pipes=2562403 used=2562403 congested(>50%)=470165 saturated(>90%)=183480 max_util=943.30 avg_util=0.3334
PHASE_MARK outer=19 enter=dcd_sweep rss=3181MB
RSS_SAMPLE t=2711.3s rss=3181MB hwm=3181MB
RSS_SAMPLE t=2711.6s rss=3181MB hwm=3181MB
RSS_SAMPLE t=2711.8s rss=3181MB hwm=3181MB
RSS_SAMPLE t=2712.1s rss=3181MB hwm=3181MB
RSS_SAMPLE t=2712.3s rss=3181MB hwm=3181MB
RSS_SAMPLE t=2712.6s rss=3181MB hwm=3181MB
RSS_SAMPLE t=2712.8s rss=3181MB hwm=3181MB
RSS_SAMPLE t=2713.1s rss=3181MB hwm=3181MB
RSS_SAMPLE t=2713.3s rss=3181MB hwm=3181MB
RSS_SAMPLE t=2713.6s rss=3181MB hwm=3181MB
RSS_SAMPLE t=2713.8s rss=3181MB hwm=3181MB
RSS_SAMPLE t=2714.1s rss=3181MB hwm=3181MB
RSS_SAMPLE t=2714.3s rss=3181MB hwm=3181MB
RSS_SAMPLE t=2714.6s rss=3181MB hwm=3181MB
RSS_SAMPLE t=2714.8s rss=3181MB hwm=3181MB
RSS_SAMPLE t=2715.1s rss=3181MB hwm=3181MB
RSS_SAMPLE t=2715.3s rss=3181MB hwm=3181MB
RSS_SAMPLE t=2715.6s rss=3181MB hwm=3181MB
RSS_SAMPLE t=2715.8s rss=3181MB hwm=3181MB
RSS_SAMPLE t=2716.1s rss=3181MB hwm=3181MB
RSS_SAMPLE t=2716.3s rss=3181MB hwm=3181MB
RSS_SAMPLE t=2716.6s rss=3181MB hwm=3181MB
RSS_SAMPLE t=2716.8s rss=3181MB hwm=3181MB
RSS_SAMPLE t=2717.1s rss=3181MB hwm=3181MB
RSS_SAMPLE t=2717.3s rss=3181MB hwm=3181MB
RSS_SAMPLE t=2717.6s rss=3181MB hwm=3181MB
PHASE_MARK outer=19 leave=dcd_sweep rss=3181MB
PHASE_MARK outer=19 enter=post_refresh rss=3181MB
RSS_SAMPLE t=2717.8s rss=3181MB hwm=3181MB
RSS_SAMPLE t=2718.1s rss=3181MB hwm=3181MB
RSS_SAMPLE t=2718.3s rss=3181MB hwm=3181MB
RSS_SAMPLE t=2718.6s rss=3181MB hwm=3181MB
RSS_SAMPLE t=2718.8s rss=3181MB hwm=3181MB
RSS_SAMPLE t=2719.1s rss=3181MB hwm=3181MB
RSS_SAMPLE t=2719.3s rss=3181MB hwm=3181MB
RSS_SAMPLE t=2719.6s rss=3181MB hwm=3181MB
RSS_SAMPLE t=2719.8s rss=3181MB hwm=3181MB
RSS_SAMPLE t=2720.1s rss=3181MB hwm=3181MB
RSS_SAMPLE t=2720.3s rss=3181MB hwm=3181MB
RSS_SAMPLE t=2720.6s rss=3181MB hwm=3181MB
RSS_SAMPLE t=2720.8s rss=3181MB hwm=3181MB
RSS_SAMPLE t=2721.1s rss=3181MB hwm=3181MB
RSS_SAMPLE t=2721.3s rss=3181MB hwm=3181MB
RSS_SAMPLE t=2721.6s rss=3181MB hwm=3181MB
RSS_SAMPLE t=2721.8s rss=3181MB hwm=3181MB
RSS_SAMPLE t=2722.1s rss=3181MB hwm=3181MB
RSS_SAMPLE t=2722.4s rss=3181MB hwm=3181MB
RSS_SAMPLE t=2722.6s rss=3181MB hwm=3181MB
RSS_SAMPLE t=2722.9s rss=3181MB hwm=3181MB
RSS_SAMPLE t=2723.1s rss=3182MB hwm=3182MB
RSS_SAMPLE t=2723.4s rss=3182MB hwm=3182MB
RSS_SAMPLE t=2723.6s rss=3182MB hwm=3182MB
RSS_SAMPLE t=2723.9s rss=3182MB hwm=3182MB
RSS_SAMPLE t=2724.1s rss=3182MB hwm=3182MB
RSS_SAMPLE t=2724.4s rss=3182MB hwm=3182MB
RSS_SAMPLE t=2724.6s rss=3182MB hwm=3182MB
RSS_SAMPLE t=2724.9s rss=3182MB hwm=3182MB
RSS_SAMPLE t=2725.1s rss=3182MB hwm=3182MB
RSS_SAMPLE t=2725.4s rss=3182MB hwm=3182MB
RSS_SAMPLE t=2725.6s rss=3183MB hwm=3183MB
RSS_SAMPLE t=2725.9s rss=3183MB hwm=3183MB
RSS_SAMPLE t=2726.1s rss=3183MB hwm=3183MB
RSS_SAMPLE t=2726.4s rss=3183MB hwm=3183MB
RSS_SAMPLE t=2726.6s rss=3183MB hwm=3183MB
RSS_SAMPLE t=2726.9s rss=3183MB hwm=3183MB
RSS_SAMPLE t=2727.1s rss=3183MB hwm=3183MB
RSS_SAMPLE t=2727.4s rss=3183MB hwm=3183MB
RSS_SAMPLE t=2727.6s rss=3183MB hwm=3183MB
RSS_SAMPLE t=2727.9s rss=3184MB hwm=3184MB
RSS_SAMPLE t=2728.1s rss=3184MB hwm=3184MB
RSS_SAMPLE t=2728.4s rss=3184MB hwm=3184MB
RSS_SAMPLE t=2728.6s rss=3184MB hwm=3184MB
RSS_SAMPLE t=2728.9s rss=3184MB hwm=3184MB
RSS_SAMPLE t=2729.1s rss=3184MB hwm=3184MB
RSS_SAMPLE t=2729.4s rss=3184MB hwm=3184MB
RSS_SAMPLE t=2729.6s rss=3184MB hwm=3184MB
RSS_SAMPLE t=2729.9s rss=3184MB hwm=3184MB
RSS_SAMPLE t=2730.1s rss=3185MB hwm=3185MB
RSS_SAMPLE t=2730.4s rss=3185MB hwm=3185MB
RSS_SAMPLE t=2730.6s rss=3185MB hwm=3185MB
RSS_SAMPLE t=2730.9s rss=3185MB hwm=3185MB
RSS_SAMPLE t=2731.1s rss=3185MB hwm=3185MB
RSS_SAMPLE t=2731.4s rss=3185MB hwm=3185MB
RSS_SAMPLE t=2731.6s rss=3185MB hwm=3185MB
RSS_SAMPLE t=2731.9s rss=3185MB hwm=3185MB
RSS_SAMPLE t=2732.1s rss=3185MB hwm=3185MB
RSS_SAMPLE t=2732.4s rss=3185MB hwm=3185MB
RSS_SAMPLE t=2732.6s rss=3186MB hwm=3186MB
RSS_SAMPLE t=2732.9s rss=3186MB hwm=3186MB
RSS_SAMPLE t=2733.1s rss=3186MB hwm=3186MB
RSS_SAMPLE t=2733.4s rss=3186MB hwm=3186MB
RSS_SAMPLE t=2733.6s rss=3186MB hwm=3186MB
RSS_SAMPLE t=2733.9s rss=3186MB hwm=3186MB
RSS_SAMPLE t=2734.1s rss=3186MB hwm=3186MB
RSS_SAMPLE t=2734.4s rss=3186MB hwm=3186MB
RSS_SAMPLE t=2734.6s rss=3186MB hwm=3186MB
RSS_SAMPLE t=2734.9s rss=3186MB hwm=3186MB
RSS_SAMPLE t=2735.1s rss=3186MB hwm=3186MB
RSS_SAMPLE t=2735.4s rss=3187MB hwm=3187MB
RSS_SAMPLE t=2735.6s rss=3187MB hwm=3187MB
RSS_SAMPLE t=2735.9s rss=3187MB hwm=3187MB
RSS_SAMPLE t=2736.1s rss=3187MB hwm=3187MB
RSS_SAMPLE t=2736.4s rss=3187MB hwm=3187MB
RSS_SAMPLE t=2736.6s rss=3187MB hwm=3187MB
RSS_SAMPLE t=2736.9s rss=3187MB hwm=3187MB
RSS_SAMPLE t=2737.1s rss=3187MB hwm=3187MB
RSS_SAMPLE t=2737.4s rss=3187MB hwm=3187MB
RSS_SAMPLE t=2737.6s rss=3187MB hwm=3187MB
RSS_SAMPLE t=2737.9s rss=3187MB hwm=3187MB
RSS_SAMPLE t=2738.1s rss=3187MB hwm=3187MB
RSS_SAMPLE t=2738.4s rss=3187MB hwm=3187MB
RSS_SAMPLE t=2738.6s rss=3187MB hwm=3187MB
RSS_SAMPLE t=2738.9s rss=3187MB hwm=3187MB
RSS_SAMPLE t=2739.1s rss=3187MB hwm=3187MB
RSS_SAMPLE t=2739.4s rss=3187MB hwm=3187MB
RSS_SAMPLE t=2739.6s rss=3187MB hwm=3187MB
RSS_SAMPLE t=2739.9s rss=3187MB hwm=3187MB
RSS_SAMPLE t=2740.1s rss=3187MB hwm=3187MB
RSS_SAMPLE t=2740.4s rss=3187MB hwm=3187MB
RSS_SAMPLE t=2740.6s rss=3187MB hwm=3187MB
RSS_SAMPLE t=2740.9s rss=3187MB hwm=3187MB
RSS_SAMPLE t=2741.1s rss=3187MB hwm=3187MB
RSS_SAMPLE t=2741.4s rss=3187MB hwm=3187MB
RSS_SAMPLE t=2741.6s rss=3187MB hwm=3187MB
RSS_SAMPLE t=2741.9s rss=3187MB hwm=3187MB
RSS_SAMPLE t=2742.1s rss=3187MB hwm=3187MB
RSS_SAMPLE t=2742.4s rss=3187MB hwm=3187MB
RSS_SAMPLE t=2742.6s rss=3187MB hwm=3187MB
RSS_SAMPLE t=2742.9s rss=3187MB hwm=3187MB
RSS_SAMPLE t=2743.1s rss=3187MB hwm=3187MB
RSS_SAMPLE t=2743.4s rss=3187MB hwm=3187MB
RSS_SAMPLE t=2743.6s rss=3187MB hwm=3187MB
RSS_SAMPLE t=2743.9s rss=3187MB hwm=3187MB
RSS_SAMPLE t=2744.1s rss=3187MB hwm=3187MB
RSS_SAMPLE t=2744.4s rss=3187MB hwm=3187MB
RSS_SAMPLE t=2744.6s rss=3187MB hwm=3187MB
RSS_SAMPLE t=2744.9s rss=3187MB hwm=3187MB
RSS_SAMPLE t=2745.1s rss=3187MB hwm=3187MB
RSS_SAMPLE t=2745.4s rss=3187MB hwm=3187MB
RSS_SAMPLE t=2745.6s rss=3187MB hwm=3187MB
RSS_SAMPLE t=2745.9s rss=3187MB hwm=3187MB
RSS_SAMPLE t=2746.1s rss=3187MB hwm=3187MB
RSS_SAMPLE t=2746.4s rss=3187MB hwm=3187MB
RSS_SAMPLE t=2746.6s rss=3187MB hwm=3187MB
RSS_SAMPLE t=2746.9s rss=3187MB hwm=3187MB
RSS_SAMPLE t=2747.1s rss=3187MB hwm=3187MB
RSS_SAMPLE t=2747.4s rss=3187MB hwm=3187MB
RSS_SAMPLE t=2747.6s rss=3187MB hwm=3187MB
RSS_SAMPLE t=2747.9s rss=3187MB hwm=3187MB
RSS_SAMPLE t=2748.1s rss=3187MB hwm=3187MB
RSS_SAMPLE t=2748.4s rss=3187MB hwm=3187MB
RSS_SAMPLE t=2748.6s rss=3187MB hwm=3187MB
RSS_SAMPLE t=2748.9s rss=3187MB hwm=3187MB
RSS_SAMPLE t=2749.1s rss=3187MB hwm=3187MB
RSS_SAMPLE t=2749.4s rss=3187MB hwm=3187MB
RSS_SAMPLE t=2749.6s rss=3187MB hwm=3187MB
RSS_SAMPLE t=2749.9s rss=3187MB hwm=3187MB
RSS_SAMPLE t=2750.1s rss=3187MB hwm=3187MB
RSS_SAMPLE t=2750.4s rss=3187MB hwm=3187MB
RSS_SAMPLE t=2750.6s rss=3187MB hwm=3187MB
RSS_SAMPLE t=2750.9s rss=3187MB hwm=3187MB
RSS_SAMPLE t=2751.1s rss=3187MB hwm=3187MB
RSS_SAMPLE t=2751.4s rss=3187MB hwm=3187MB
RSS_SAMPLE t=2751.6s rss=3187MB hwm=3187MB
RSS_SAMPLE t=2751.9s rss=3187MB hwm=3187MB
RSS_SAMPLE t=2752.1s rss=3187MB hwm=3187MB
RSS_SAMPLE t=2752.4s rss=3187MB hwm=3187MB
RSS_SAMPLE t=2752.6s rss=3187MB hwm=3187MB
RSS_SAMPLE t=2752.9s rss=3187MB hwm=3187MB
RSS_SAMPLE t=2753.1s rss=3187MB hwm=3187MB
RSS_SAMPLE t=2753.4s rss=3187MB hwm=3187MB
RSS_SAMPLE t=2753.6s rss=3187MB hwm=3187MB
RSS_SAMPLE t=2753.9s rss=3187MB hwm=3187MB
RSS_SAMPLE t=2754.1s rss=3187MB hwm=3187MB
RSS_SAMPLE t=2754.4s rss=3187MB hwm=3187MB
RSS_SAMPLE t=2754.6s rss=3187MB hwm=3187MB
RSS_SAMPLE t=2754.9s rss=3187MB hwm=3187MB
RSS_SAMPLE t=2755.1s rss=3187MB hwm=3187MB
RSS_SAMPLE t=2755.4s rss=3187MB hwm=3187MB
RSS_SAMPLE t=2755.6s rss=3187MB hwm=3187MB
RSS_SAMPLE t=2755.9s rss=3187MB hwm=3187MB
RSS_SAMPLE t=2756.1s rss=3187MB hwm=3187MB
RSS_SAMPLE t=2756.4s rss=3187MB hwm=3187MB
RSS_SAMPLE t=2756.6s rss=3187MB hwm=3187MB
RSS_SAMPLE t=2756.9s rss=3187MB hwm=3187MB
RSS_SAMPLE t=2757.1s rss=3187MB hwm=3187MB
RSS_SAMPLE t=2757.4s rss=3187MB hwm=3187MB
RSS_SAMPLE t=2757.6s rss=3187MB hwm=3187MB
RSS_SAMPLE t=2757.9s rss=3187MB hwm=3187MB
RSS_SAMPLE t=2758.1s rss=3187MB hwm=3187MB
RSS_SAMPLE t=2758.4s rss=3187MB hwm=3187MB
RSS_SAMPLE t=2758.6s rss=3187MB hwm=3187MB
RSS_SAMPLE t=2758.9s rss=3187MB hwm=3187MB
RSS_SAMPLE t=2759.1s rss=3187MB hwm=3187MB
RSS_SAMPLE t=2759.4s rss=3187MB hwm=3187MB
RSS_SAMPLE t=2759.6s rss=3187MB hwm=3187MB
RSS_SAMPLE t=2759.9s rss=3187MB hwm=3187MB
RSS_SAMPLE t=2760.1s rss=3187MB hwm=3187MB
RSS_SAMPLE t=2760.4s rss=3187MB hwm=3187MB
RSS_SAMPLE t=2760.6s rss=3187MB hwm=3187MB
RSS_SAMPLE t=2760.9s rss=3187MB hwm=3187MB
RSS_SAMPLE t=2761.1s rss=3187MB hwm=3187MB
RSS_SAMPLE t=2761.4s rss=3187MB hwm=3187MB
RSS_SAMPLE t=2761.6s rss=3187MB hwm=3187MB
RSS_SAMPLE t=2761.9s rss=3187MB hwm=3187MB
RSS_SAMPLE t=2762.1s rss=3187MB hwm=3187MB
RSS_SAMPLE t=2762.4s rss=3187MB hwm=3187MB
RSS_SAMPLE t=2762.6s rss=3187MB hwm=3187MB
RSS_SAMPLE t=2762.9s rss=3187MB hwm=3187MB
RSS_SAMPLE t=2763.1s rss=3187MB hwm=3187MB
RSS_SAMPLE t=2763.4s rss=3187MB hwm=3187MB
RSS_SAMPLE t=2763.6s rss=3187MB hwm=3187MB
RSS_SAMPLE t=2763.9s rss=3187MB hwm=3187MB
RSS_SAMPLE t=2764.1s rss=3187MB hwm=3187MB
RSS_SAMPLE t=2764.4s rss=3187MB hwm=3187MB
RSS_SAMPLE t=2764.6s rss=3187MB hwm=3187MB
RSS_SAMPLE t=2764.9s rss=3187MB hwm=3187MB
RSS_SAMPLE t=2765.1s rss=3187MB hwm=3187MB
RSS_SAMPLE t=2765.4s rss=3187MB hwm=3187MB
RSS_SAMPLE t=2765.6s rss=3187MB hwm=3187MB
RSS_SAMPLE t=2765.9s rss=3187MB hwm=3187MB
RSS_SAMPLE t=2766.1s rss=3187MB hwm=3187MB
RSS_SAMPLE t=2766.4s rss=3187MB hwm=3187MB
RSS_SAMPLE t=2766.6s rss=3187MB hwm=3187MB
RSS_SAMPLE t=2766.9s rss=3187MB hwm=3187MB
RSS_SAMPLE t=2767.1s rss=3187MB hwm=3187MB
RSS_SAMPLE t=2767.4s rss=3187MB hwm=3187MB
RSS_SAMPLE t=2767.6s rss=3187MB hwm=3187MB
RSS_SAMPLE t=2767.9s rss=3187MB hwm=3187MB
RSS_SAMPLE t=2768.1s rss=3187MB hwm=3187MB
RSS_SAMPLE t=2768.4s rss=3187MB hwm=3187MB
RSS_SAMPLE t=2768.6s rss=3187MB hwm=3187MB
RSS_SAMPLE t=2768.9s rss=3187MB hwm=3187MB
RSS_SAMPLE t=2769.1s rss=3187MB hwm=3187MB
RSS_SAMPLE t=2769.4s rss=3187MB hwm=3187MB
RSS_SAMPLE t=2769.6s rss=3187MB hwm=3187MB
RSS_SAMPLE t=2769.9s rss=3187MB hwm=3187MB
RSS_SAMPLE t=2770.1s rss=3187MB hwm=3187MB
RSS_SAMPLE t=2770.4s rss=3187MB hwm=3187MB
RSS_SAMPLE t=2770.6s rss=3187MB hwm=3187MB
RSS_SAMPLE t=2770.9s rss=3187MB hwm=3187MB
RSS_SAMPLE t=2771.1s rss=3187MB hwm=3187MB
RSS_SAMPLE t=2771.4s rss=3187MB hwm=3187MB
RSS_SAMPLE t=2771.6s rss=3187MB hwm=3187MB
RSS_SAMPLE t=2771.9s rss=3187MB hwm=3187MB
RSS_SAMPLE t=2772.1s rss=3187MB hwm=3187MB
RSS_SAMPLE t=2772.4s rss=3187MB hwm=3187MB
RSS_SAMPLE t=2772.6s rss=3187MB hwm=3187MB
RSS_SAMPLE t=2772.9s rss=3187MB hwm=3187MB
RSS_SAMPLE t=2773.1s rss=3187MB hwm=3187MB
RSS_SAMPLE t=2773.4s rss=3187MB hwm=3187MB
RSS_SAMPLE t=2773.6s rss=3187MB hwm=3187MB
RSS_SAMPLE t=2773.9s rss=3187MB hwm=3187MB
RSS_SAMPLE t=2774.1s rss=3187MB hwm=3187MB
RSS_SAMPLE t=2774.4s rss=3187MB hwm=3187MB
RSS_SAMPLE t=2774.6s rss=3187MB hwm=3187MB
RSS_SAMPLE t=2774.9s rss=3187MB hwm=3187MB
RSS_SAMPLE t=2775.1s rss=3187MB hwm=3187MB
RSS_SAMPLE t=2775.4s rss=3187MB hwm=3187MB
RSS_SAMPLE t=2775.6s rss=3187MB hwm=3187MB
RSS_SAMPLE t=2775.9s rss=3187MB hwm=3187MB
RSS_SAMPLE t=2776.1s rss=3187MB hwm=3187MB
RSS_SAMPLE t=2776.4s rss=3187MB hwm=3187MB
RSS_SAMPLE t=2776.6s rss=3187MB hwm=3187MB
RSS_SAMPLE t=2776.9s rss=3187MB hwm=3187MB
RSS_SAMPLE t=2777.1s rss=3187MB hwm=3187MB
RSS_SAMPLE t=2777.4s rss=3187MB hwm=3187MB
RSS_SAMPLE t=2777.6s rss=3187MB hwm=3187MB
RSS_SAMPLE t=2777.9s rss=3187MB hwm=3187MB
RSS_SAMPLE t=2778.1s rss=3187MB hwm=3187MB
RSS_SAMPLE t=2778.4s rss=3187MB hwm=3187MB
RSS_SAMPLE t=2778.6s rss=3187MB hwm=3187MB
RSS_SAMPLE t=2778.9s rss=3187MB hwm=3187MB
RSS_SAMPLE t=2779.1s rss=3187MB hwm=3187MB
RSS_SAMPLE t=2779.4s rss=3187MB hwm=3187MB
RSS_SAMPLE t=2779.6s rss=3187MB hwm=3187MB
RSS_SAMPLE t=2779.9s rss=3187MB hwm=3187MB
RSS_SAMPLE t=2780.1s rss=3187MB hwm=3187MB
RSS_SAMPLE t=2780.4s rss=3187MB hwm=3187MB
RSS_SAMPLE t=2780.6s rss=3187MB hwm=3187MB
RSS_SAMPLE t=2780.9s rss=3187MB hwm=3187MB
RSS_SAMPLE t=2781.1s rss=3187MB hwm=3187MB
RSS_SAMPLE t=2781.4s rss=3187MB hwm=3187MB
RSS_SAMPLE t=2781.6s rss=3187MB hwm=3187MB
RSS_SAMPLE t=2781.9s rss=3187MB hwm=3187MB
RSS_SAMPLE t=2782.1s rss=3187MB hwm=3187MB
RSS_SAMPLE t=2782.4s rss=3187MB hwm=3187MB
RSS_SAMPLE t=2782.6s rss=3187MB hwm=3187MB
RSS_SAMPLE t=2782.9s rss=3187MB hwm=3187MB
RSS_SAMPLE t=2783.1s rss=3187MB hwm=3187MB
RSS_SAMPLE t=2783.4s rss=3187MB hwm=3187MB
RSS_SAMPLE t=2783.6s rss=3187MB hwm=3187MB
RSS_SAMPLE t=2783.9s rss=3187MB hwm=3187MB
RSS_SAMPLE t=2784.1s rss=3187MB hwm=3187MB
RSS_SAMPLE t=2784.4s rss=3187MB hwm=3187MB
RSS_SAMPLE t=2784.6s rss=3187MB hwm=3187MB
RSS_SAMPLE t=2784.9s rss=3187MB hwm=3187MB
RSS_SAMPLE t=2785.1s rss=3187MB hwm=3187MB
RSS_SAMPLE t=2785.4s rss=3187MB hwm=3187MB
RSS_SAMPLE t=2785.6s rss=3187MB hwm=3187MB
RSS_SAMPLE t=2785.9s rss=3187MB hwm=3187MB
RSS_SAMPLE t=2786.1s rss=3187MB hwm=3187MB
RSS_SAMPLE t=2786.4s rss=3187MB hwm=3187MB
RSS_SAMPLE t=2786.6s rss=3187MB hwm=3187MB
RSS_SAMPLE t=2786.9s rss=3187MB hwm=3187MB
RSS_SAMPLE t=2787.1s rss=3187MB hwm=3187MB
RSS_SAMPLE t=2787.4s rss=3187MB hwm=3187MB
RSS_SAMPLE t=2787.6s rss=3187MB hwm=3187MB
RSS_SAMPLE t=2787.9s rss=3187MB hwm=3187MB
RSS_SAMPLE t=2788.1s rss=3187MB hwm=3187MB
RSS_SAMPLE t=2788.4s rss=3187MB hwm=3187MB
RSS_SAMPLE t=2788.6s rss=3187MB hwm=3187MB
RSS_SAMPLE t=2788.9s rss=3187MB hwm=3187MB
RSS_SAMPLE t=2789.1s rss=3187MB hwm=3187MB
RSS_SAMPLE t=2789.4s rss=3187MB hwm=3187MB
RSS_SAMPLE t=2789.6s rss=3187MB hwm=3187MB
RSS_SAMPLE t=2789.9s rss=3187MB hwm=3187MB
RSS_SAMPLE t=2790.1s rss=3187MB hwm=3187MB
RSS_SAMPLE t=2790.4s rss=3187MB hwm=3187MB
RSS_SAMPLE t=2790.6s rss=3187MB hwm=3187MB
RSS_SAMPLE t=2790.9s rss=3187MB hwm=3187MB
RSS_SAMPLE t=2791.1s rss=3187MB hwm=3187MB
RSS_SAMPLE t=2791.4s rss=3187MB hwm=3187MB
RSS_SAMPLE t=2791.6s rss=3187MB hwm=3187MB
RSS_SAMPLE t=2791.9s rss=3187MB hwm=3187MB
RSS_SAMPLE t=2792.1s rss=3187MB hwm=3187MB
RSS_SAMPLE t=2792.4s rss=3187MB hwm=3187MB
RSS_SAMPLE t=2792.6s rss=3187MB hwm=3187MB
RSS_SAMPLE t=2792.9s rss=3187MB hwm=3187MB
RSS_SAMPLE t=2793.1s rss=3187MB hwm=3187MB
RSS_SAMPLE t=2793.4s rss=3187MB hwm=3187MB
RSS_SAMPLE t=2793.6s rss=3187MB hwm=3187MB
RSS_SAMPLE t=2793.9s rss=3187MB hwm=3187MB
RSS_SAMPLE t=2794.1s rss=3187MB hwm=3187MB
RSS_SAMPLE t=2794.4s rss=3187MB hwm=3187MB
RSS_SAMPLE t=2794.6s rss=3187MB hwm=3187MB
RSS_SAMPLE t=2794.9s rss=3187MB hwm=3187MB
RSS_SAMPLE t=2795.1s rss=3187MB hwm=3187MB
RSS_SAMPLE t=2795.4s rss=3187MB hwm=3187MB
RSS_SAMPLE t=2795.6s rss=3187MB hwm=3187MB
RSS_SAMPLE t=2795.9s rss=3187MB hwm=3187MB
RSS_SAMPLE t=2796.1s rss=3187MB hwm=3187MB
RSS_SAMPLE t=2796.4s rss=3187MB hwm=3187MB
RSS_SAMPLE t=2796.6s rss=3187MB hwm=3187MB
RSS_SAMPLE t=2796.9s rss=3187MB hwm=3187MB
RSS_SAMPLE t=2797.1s rss=3187MB hwm=3187MB
RSS_SAMPLE t=2797.4s rss=3187MB hwm=3187MB
RSS_SAMPLE t=2797.6s rss=3187MB hwm=3187MB
RSS_SAMPLE t=2797.9s rss=3187MB hwm=3187MB
RSS_SAMPLE t=2798.1s rss=3187MB hwm=3187MB
RSS_SAMPLE t=2798.4s rss=3187MB hwm=3187MB
RSS_SAMPLE t=2798.6s rss=3187MB hwm=3187MB
RSS_SAMPLE t=2798.9s rss=3187MB hwm=3187MB
RSS_SAMPLE t=2799.1s rss=3187MB hwm=3187MB
RSS_SAMPLE t=2799.4s rss=3187MB hwm=3187MB
RSS_SAMPLE t=2799.6s rss=3187MB hwm=3187MB
RSS_SAMPLE t=2799.9s rss=3187MB hwm=3187MB
RSS_SAMPLE t=2800.1s rss=3187MB hwm=3187MB
RSS_SAMPLE t=2800.4s rss=3187MB hwm=3187MB
RSS_SAMPLE t=2800.6s rss=3187MB hwm=3187MB
RSS_SAMPLE t=2800.9s rss=3187MB hwm=3187MB
RSS_SAMPLE t=2801.1s rss=3187MB hwm=3187MB
RSS_SAMPLE t=2801.4s rss=3187MB hwm=3187MB
RSS_SAMPLE t=2801.6s rss=3187MB hwm=3187MB
RSS_SAMPLE t=2801.9s rss=3187MB hwm=3187MB
RSS_SAMPLE t=2802.1s rss=3187MB hwm=3187MB
RSS_SAMPLE t=2802.4s rss=3187MB hwm=3187MB
RSS_SAMPLE t=2802.6s rss=3187MB hwm=3187MB
RSS_SAMPLE t=2802.9s rss=3187MB hwm=3187MB
RSS_SAMPLE t=2803.1s rss=3187MB hwm=3187MB
RSS_SAMPLE t=2803.4s rss=3187MB hwm=3187MB
RSS_SAMPLE t=2803.6s rss=3187MB hwm=3187MB
RSS_SAMPLE t=2803.9s rss=3187MB hwm=3187MB
RSS_SAMPLE t=2804.1s rss=3187MB hwm=3187MB
RSS_SAMPLE t=2804.4s rss=3187MB hwm=3187MB
RSS_SAMPLE t=2804.6s rss=3187MB hwm=3187MB
RSS_SAMPLE t=2804.9s rss=3187MB hwm=3187MB
RSS_SAMPLE t=2805.2s rss=3187MB hwm=3187MB
RSS_SAMPLE t=2805.4s rss=3187MB hwm=3187MB
RSS_SAMPLE t=2805.7s rss=3187MB hwm=3187MB
RSS_SAMPLE t=2805.9s rss=3187MB hwm=3187MB
RSS_SAMPLE t=2806.2s rss=3187MB hwm=3187MB
RSS_SAMPLE t=2806.4s rss=3187MB hwm=3187MB
RSS_SAMPLE t=2806.7s rss=3187MB hwm=3187MB
RSS_SAMPLE t=2806.9s rss=3187MB hwm=3187MB
RSS_SAMPLE t=2807.2s rss=3187MB hwm=3187MB
RSS_SAMPLE t=2807.4s rss=3187MB hwm=3187MB
RSS_SAMPLE t=2807.7s rss=3187MB hwm=3187MB
RSS_SAMPLE t=2807.9s rss=3187MB hwm=3187MB
RSS_SAMPLE t=2808.2s rss=3187MB hwm=3187MB
RSS_SAMPLE t=2808.4s rss=3187MB hwm=3187MB
RSS_SAMPLE t=2808.7s rss=3187MB hwm=3187MB
RSS_SAMPLE t=2808.9s rss=3187MB hwm=3187MB
RSS_SAMPLE t=2809.2s rss=3187MB hwm=3187MB
RSS_SAMPLE t=2809.4s rss=3187MB hwm=3187MB
RSS_SAMPLE t=2809.7s rss=3187MB hwm=3187MB
RSS_SAMPLE t=2809.9s rss=3187MB hwm=3187MB
RSS_SAMPLE t=2810.2s rss=3187MB hwm=3187MB
RSS_SAMPLE t=2810.4s rss=3187MB hwm=3187MB
RSS_SAMPLE t=2810.7s rss=3187MB hwm=3187MB
RSS_SAMPLE t=2810.9s rss=3187MB hwm=3187MB
RSS_SAMPLE t=2811.2s rss=3187MB hwm=3187MB
RSS_SAMPLE t=2811.4s rss=3187MB hwm=3187MB
RSS_SAMPLE t=2811.7s rss=3187MB hwm=3187MB
RSS_SAMPLE t=2811.9s rss=3187MB hwm=3187MB
RSS_SAMPLE t=2812.2s rss=3187MB hwm=3187MB
RSS_SAMPLE t=2812.4s rss=3187MB hwm=3187MB
RSS_SAMPLE t=2812.7s rss=3187MB hwm=3187MB
RSS_SAMPLE t=2812.9s rss=3187MB hwm=3187MB
RSS_SAMPLE t=2813.2s rss=3187MB hwm=3187MB
RSS_SAMPLE t=2813.4s rss=3187MB hwm=3187MB
RSS_SAMPLE t=2813.7s rss=3187MB hwm=3187MB
RSS_SAMPLE t=2813.9s rss=3187MB hwm=3187MB
RSS_SAMPLE t=2814.2s rss=3187MB hwm=3187MB
RSS_SAMPLE t=2814.4s rss=3187MB hwm=3187MB
RSS_SAMPLE t=2814.7s rss=3187MB hwm=3187MB
RSS_SAMPLE t=2814.9s rss=3187MB hwm=3187MB
RSS_SAMPLE t=2815.2s rss=3187MB hwm=3187MB
RSS_SAMPLE t=2815.4s rss=3187MB hwm=3187MB
RSS_SAMPLE t=2815.7s rss=3187MB hwm=3187MB
RSS_SAMPLE t=2815.9s rss=3187MB hwm=3187MB
RSS_SAMPLE t=2816.2s rss=3187MB hwm=3187MB
RSS_SAMPLE t=2816.4s rss=3187MB hwm=3187MB
RSS_SAMPLE t=2816.7s rss=3187MB hwm=3187MB
RSS_SAMPLE t=2816.9s rss=3187MB hwm=3187MB
RSS_SAMPLE t=2817.2s rss=3187MB hwm=3187MB
RSS_SAMPLE t=2817.4s rss=3187MB hwm=3187MB
RSS_SAMPLE t=2817.7s rss=3187MB hwm=3187MB
MEM_POOL: workspaces=8 dense_usage_mb=313 n_pipes=2562403
    rss_probe[outer=19]: pre_post_solve=3181MB post_post_solve=3187MB after_apply=3187MB
    E_decomp: base=5550318.8 eff=46028322009066.4 cong=46028316458747.6 cong_share=100.0% sat_pipes=104030 max_util=958.54  R_buckets: 1-2x=768180 2-10x=586327 10-100x=523265 >=100x=684631
    E_potential: beckmann=43515578953853.9 history_total=0.0
    SpanCache: epoch=20 entries=1995 lookups=2562403 hits=2560408 misses=1995 hit_rate=99.9%
  DCD  19: nets=105117 line=9535235 energy=6391953782.064 dE=+4847745832.899 friction=2850917.3 bins=2.0x(225) excess=85.6 moved=68816 disp=3.520 solves=105117 skip=105117 pops=416910565 theta=5.000 refresh=100014ms dcd=6539ms total=109001ms
    cache_stats: entries=57116564 capacity=126233758 est_mb=1088 rss_mb=3187
DCD done: energy=6391953782.064 line=9535235 friction=2850917.3 bins=2.0x(225) excess=85.6
MuxSlotTracker: 22657 commit rejections over entire DCD
MuxSlotTracker[post-DCD]: populated_cells=68824, overflow_tiles=0, at_cap_tiles=118, peak_excess=0, capacity_hist={16:67346}
RSS_SAMPLE t=2817.9s rss=2366MB hwm=3182MB
Pre-legalization: HPWL=7439917
  type DFF: 302 valid columns, 1077536 total BELs
  type LUT6: 302 valid columns, 538768 total BELs
TypeAwarePlacement: 2 cell types
RSS_SAMPLE t=2818.2s rss=2421MB hwm=3182MB
RSS_SAMPLE t=2818.4s rss=2421MB hwm=3182MB
RSS_SAMPLE t=2818.7s rss=2421MB hwm=3182MB
RSS_SAMPLE t=2818.9s rss=2421MB hwm=3182MB
RSS_SAMPLE t=2819.2s rss=2421MB hwm=3182MB
  SortedLegalizer: cluster_rejects=91011 shared_mux_rejects=4648720 arch_validity_rejects=0
RSS_SAMPLE t=2819.4s rss=2351MB hwm=3182MB
Post-legalization: HPWL=7291219, line=9588189
Per-net HPWL: 105118 nets, total=7291219
  #0: hpwl=531 fanout=93000 (0.0%)
  #1: hpwl=523 fanout=13 (0.0%)
  #2: hpwl=522 fanout=9 (0.0%)
  #3: hpwl=519 fanout=9 (0.0%)
  #4: hpwl=517 fanout=5 (0.0%)
  #5: hpwl=517 fanout=20 (0.0%)
  #6: hpwl=516 fanout=9 (0.0%)
  #7: hpwl=516 fanout=17 (0.0%)
  #8: hpwl=514 fanout=11 (0.0%)
  #9: hpwl=514 fanout=8 (0.0%)
  50% of HPWL from top 13446 nets (of 105118)
