Running scope as unit: run-reb46892c2d4049168e820e1ff0f68057.scope
chipdb: /home/kelvin/side-project/eisenjoch/chip_database/xc7_large.bin
design: /home/kelvin/side-project/eisenjoch/benchmark/ispd/generated/2016/FPGA01/FPGA01.json
RSS_SAMPLE t=0.0s rss=3MB hwm=3MB
RSS_SAMPLE t=0.3s rss=453MB hwm=453MB
RSS_SAMPLE t=0.5s rss=716MB hwm=716MB
RSS_SAMPLE t=0.8s rss=821MB hwm=821MB
RSS_SAMPLE t=1.0s rss=819MB hwm=824MB
RSS_SAMPLE t=1.3s rss=819MB hwm=824MB
RSS_SAMPLE t=1.5s rss=821MB hwm=824MB
cfg: max_outer_iters=20 blend_alpha=0.5 hardening_step=0 graph_model=TwoLevelPip
RSS_SAMPLE t=1.8s rss=821MB hwm=824MB
  topological compress: density=0.60 target_tiles=15971 final_tiles=15777 scale=1.851 center=(205.1,111.0)
  topological init: n_movable=76660, n_edges=229053, max_layer=26775, back_edges=54022, n_anchored=0
RSS_SAMPLE t=2.0s rss=821MB hwm=824MB
RSS_SAMPLE t=2.3s rss=821MB hwm=824MB
RSS_SAMPLE t=2.5s rss=821MB hwm=824MB
RSS_SAMPLE t=2.8s rss=821MB hwm=824MB
RSS_SAMPLE t=3.0s rss=821MB hwm=824MB
RSS_SAMPLE t=3.3s rss=821MB hwm=824MB
RSS_SAMPLE t=3.5s rss=821MB hwm=824MB
RSS_SAMPLE t=3.8s rss=821MB hwm=824MB
RSS_SAMPLE t=4.0s rss=821MB hwm=824MB
RSS_SAMPLE t=4.3s rss=821MB hwm=824MB
RSS_SAMPLE t=4.5s rss=821MB hwm=824MB
RSS_SAMPLE t=4.8s rss=821MB hwm=824MB
RSS_SAMPLE t=5.0s rss=821MB hwm=824MB
RSS_SAMPLE t=5.3s rss=821MB hwm=824MB
RSS_SAMPLE t=5.5s rss=821MB hwm=824MB
RSS_SAMPLE t=5.8s rss=821MB hwm=824MB
RSS_SAMPLE t=6.0s rss=821MB hwm=824MB
RSS_SAMPLE t=6.3s rss=821MB hwm=824MB
RSS_SAMPLE t=6.5s rss=821MB hwm=824MB
RSS_SAMPLE t=6.8s rss=821MB hwm=824MB
RSS_SAMPLE t=7.0s rss=821MB hwm=824MB
RSS_SAMPLE t=7.3s rss=821MB hwm=824MB
RSS_SAMPLE t=7.5s rss=821MB hwm=824MB
RSS_SAMPLE t=7.8s rss=821MB hwm=824MB
RSS_SAMPLE t=8.0s rss=821MB hwm=824MB
RSS_SAMPLE t=8.3s rss=821MB hwm=824MB
RSS_SAMPLE t=8.5s rss=821MB hwm=824MB
RSS_SAMPLE t=8.8s rss=821MB hwm=824MB
RSS_SAMPLE t=9.0s rss=821MB hwm=824MB
RSS_SAMPLE t=9.3s rss=821MB hwm=824MB
RSS_SAMPLE t=9.5s rss=821MB hwm=824MB
RSS_SAMPLE t=9.8s rss=821MB hwm=824MB
RSS_SAMPLE t=10.0s rss=821MB hwm=824MB
RSS_SAMPLE t=10.3s rss=821MB hwm=824MB
RSS_SAMPLE t=10.5s rss=821MB hwm=824MB
RSS_SAMPLE t=10.8s rss=821MB hwm=824MB
RSS_SAMPLE t=11.0s rss=821MB hwm=824MB
RSS_SAMPLE t=11.3s rss=821MB hwm=824MB
RSS_SAMPLE t=11.5s rss=821MB hwm=824MB
RSS_SAMPLE t=11.8s rss=821MB hwm=824MB
RSS_SAMPLE t=12.0s rss=821MB hwm=824MB
RSS_SAMPLE t=12.3s rss=821MB hwm=824MB
RSS_SAMPLE t=12.5s rss=821MB hwm=824MB
RSS_SAMPLE t=12.8s rss=821MB hwm=824MB
RSS_SAMPLE t=13.0s rss=821MB hwm=824MB
RSS_SAMPLE t=13.3s rss=821MB hwm=824MB
RSS_SAMPLE t=13.5s rss=821MB hwm=824MB
RSS_SAMPLE t=13.8s rss=821MB hwm=824MB
RSS_SAMPLE t=14.0s rss=821MB hwm=824MB
RSS_SAMPLE t=14.3s rss=821MB hwm=824MB
RSS_SAMPLE t=14.5s rss=821MB hwm=824MB
RSS_SAMPLE t=14.8s rss=821MB hwm=824MB
RSS_SAMPLE t=15.0s rss=821MB hwm=824MB
RSS_SAMPLE t=15.3s rss=821MB hwm=824MB
RSS_SAMPLE t=15.5s rss=821MB hwm=824MB
RSS_SAMPLE t=15.8s rss=821MB hwm=824MB
RSS_SAMPLE t=16.0s rss=821MB hwm=824MB
RSS_SAMPLE t=16.3s rss=821MB hwm=824MB
RSS_SAMPLE t=16.5s rss=821MB hwm=824MB
RSS_SAMPLE t=16.8s rss=821MB hwm=824MB
RSS_SAMPLE t=17.0s rss=821MB hwm=824MB
RSS_SAMPLE t=17.3s rss=821MB hwm=824MB
RSS_SAMPLE t=17.5s rss=821MB hwm=824MB
RSS_SAMPLE t=17.8s rss=821MB hwm=824MB
RSS_SAMPLE t=18.0s rss=821MB hwm=824MB
RSS_SAMPLE t=18.3s rss=821MB hwm=824MB
RSS_SAMPLE t=18.5s rss=821MB hwm=824MB
RSS_SAMPLE t=18.8s rss=821MB hwm=824MB
RSS_SAMPLE t=19.0s rss=821MB hwm=824MB
RSS_SAMPLE t=19.3s rss=821MB hwm=824MB
RSS_SAMPLE t=19.5s rss=821MB hwm=824MB
RSS_SAMPLE t=19.8s rss=821MB hwm=824MB
RSS_SAMPLE t=20.0s rss=821MB hwm=824MB
RSS_SAMPLE t=20.3s rss=821MB hwm=824MB
RSS_SAMPLE t=20.5s rss=821MB hwm=824MB
RSS_SAMPLE t=20.8s rss=821MB hwm=824MB
RSS_SAMPLE t=21.0s rss=821MB hwm=824MB
RSS_SAMPLE t=21.3s rss=821MB hwm=824MB
RSS_SAMPLE t=21.5s rss=821MB hwm=824MB
RSS_SAMPLE t=21.8s rss=821MB hwm=824MB
RSS_SAMPLE t=22.0s rss=821MB hwm=824MB
RSS_SAMPLE t=22.3s rss=821MB hwm=824MB
RSS_SAMPLE t=22.5s rss=821MB hwm=824MB
RSS_SAMPLE t=22.8s rss=821MB hwm=824MB
RSS_SAMPLE t=23.0s rss=821MB hwm=824MB
RSS_SAMPLE t=23.3s rss=821MB hwm=824MB
RSS_SAMPLE t=23.5s rss=821MB hwm=824MB
RSS_SAMPLE t=23.8s rss=821MB hwm=824MB
RSS_SAMPLE t=24.0s rss=821MB hwm=824MB
RSS_SAMPLE t=24.3s rss=821MB hwm=824MB
RSS_SAMPLE t=24.5s rss=821MB hwm=824MB
RSS_SAMPLE t=24.8s rss=821MB hwm=824MB
RSS_SAMPLE t=25.0s rss=821MB hwm=824MB
RSS_SAMPLE t=25.3s rss=821MB hwm=824MB
RSS_SAMPLE t=25.5s rss=821MB hwm=824MB
RSS_SAMPLE t=25.8s rss=821MB hwm=824MB
RSS_SAMPLE t=26.0s rss=821MB hwm=824MB
RSS_SAMPLE t=26.3s rss=821MB hwm=824MB
RSS_SAMPLE t=26.5s rss=821MB hwm=824MB
RSS_SAMPLE t=26.8s rss=821MB hwm=824MB
RSS_SAMPLE t=27.0s rss=821MB hwm=824MB
RSS_SAMPLE t=27.3s rss=821MB hwm=824MB
RSS_SAMPLE t=27.5s rss=821MB hwm=824MB
RSS_SAMPLE t=27.8s rss=821MB hwm=824MB
RSS_SAMPLE t=28.0s rss=821MB hwm=824MB
RSS_SAMPLE t=28.3s rss=821MB hwm=824MB
RSS_SAMPLE t=28.5s rss=821MB hwm=824MB
RSS_SAMPLE t=28.8s rss=821MB hwm=824MB
RSS_SAMPLE t=29.0s rss=821MB hwm=824MB
RSS_SAMPLE t=29.3s rss=821MB hwm=824MB
RSS_SAMPLE t=29.5s rss=821MB hwm=824MB
RSS_SAMPLE t=29.8s rss=821MB hwm=824MB
RSS_SAMPLE t=30.0s rss=821MB hwm=824MB
RSS_SAMPLE t=30.3s rss=821MB hwm=824MB
RSS_SAMPLE t=30.5s rss=821MB hwm=824MB
RSS_SAMPLE t=30.8s rss=821MB hwm=824MB
RSS_SAMPLE t=31.0s rss=821MB hwm=824MB
RSS_SAMPLE t=31.3s rss=821MB hwm=824MB
RSS_SAMPLE t=31.5s rss=821MB hwm=824MB
RSS_SAMPLE t=31.8s rss=821MB hwm=824MB
RSS_SAMPLE t=32.0s rss=821MB hwm=824MB
RSS_SAMPLE t=32.3s rss=821MB hwm=824MB
RSS_SAMPLE t=32.5s rss=821MB hwm=824MB
RSS_SAMPLE t=32.8s rss=821MB hwm=824MB
RSS_SAMPLE t=33.0s rss=821MB hwm=824MB
RSS_SAMPLE t=33.3s rss=821MB hwm=824MB
RSS_SAMPLE t=33.5s rss=821MB hwm=824MB
RSS_SAMPLE t=33.8s rss=821MB hwm=824MB
RSS_SAMPLE t=34.0s rss=821MB hwm=824MB
RSS_SAMPLE t=34.3s rss=821MB hwm=824MB
RSS_SAMPLE t=34.5s rss=821MB hwm=824MB
RSS_SAMPLE t=34.8s rss=821MB hwm=824MB
RSS_SAMPLE t=35.0s rss=821MB hwm=824MB
RSS_SAMPLE t=35.3s rss=821MB hwm=824MB
RSS_SAMPLE t=35.5s rss=821MB hwm=824MB
RSS_SAMPLE t=35.8s rss=821MB hwm=824MB
RSS_SAMPLE t=36.0s rss=821MB hwm=824MB
RSS_SAMPLE t=36.3s rss=821MB hwm=824MB
RSS_SAMPLE t=36.5s rss=821MB hwm=824MB
RSS_SAMPLE t=36.8s rss=821MB hwm=824MB
RSS_SAMPLE t=37.0s rss=821MB hwm=824MB
RSS_SAMPLE t=37.3s rss=821MB hwm=824MB
RSS_SAMPLE t=37.5s rss=821MB hwm=824MB
RSS_SAMPLE t=37.8s rss=821MB hwm=824MB
RSS_SAMPLE t=38.0s rss=821MB hwm=824MB
RSS_SAMPLE t=38.3s rss=821MB hwm=824MB
RSS_SAMPLE t=38.5s rss=821MB hwm=824MB
RSS_SAMPLE t=38.8s rss=821MB hwm=824MB
RSS_SAMPLE t=39.0s rss=821MB hwm=824MB
RSS_SAMPLE t=39.3s rss=821MB hwm=824MB
RSS_SAMPLE t=39.5s rss=821MB hwm=824MB
RSS_SAMPLE t=39.8s rss=821MB hwm=824MB
RSS_SAMPLE t=40.0s rss=821MB hwm=824MB
RSS_SAMPLE t=40.3s rss=821MB hwm=824MB
RSS_SAMPLE t=40.5s rss=821MB hwm=824MB
RSS_SAMPLE t=40.8s rss=821MB hwm=824MB
RSS_SAMPLE t=41.0s rss=821MB hwm=824MB
RSS_SAMPLE t=41.3s rss=821MB hwm=824MB
RSS_SAMPLE t=41.5s rss=821MB hwm=824MB
RSS_SAMPLE t=41.8s rss=821MB hwm=824MB
RSS_SAMPLE t=42.0s rss=821MB hwm=824MB
RSS_SAMPLE t=42.3s rss=821MB hwm=824MB
RSS_SAMPLE t=42.5s rss=821MB hwm=824MB
RSS_SAMPLE t=42.8s rss=821MB hwm=824MB
RSS_SAMPLE t=43.0s rss=821MB hwm=824MB
RSS_SAMPLE t=43.3s rss=821MB hwm=824MB
RSS_SAMPLE t=43.5s rss=821MB hwm=824MB
RSS_SAMPLE t=43.8s rss=821MB hwm=824MB
RSS_SAMPLE t=44.0s rss=821MB hwm=824MB
RSS_SAMPLE t=44.3s rss=821MB hwm=824MB
RSS_SAMPLE t=44.5s rss=821MB hwm=824MB
RSS_SAMPLE t=44.8s rss=821MB hwm=824MB
RSS_SAMPLE t=45.0s rss=821MB hwm=824MB
RSS_SAMPLE t=45.3s rss=821MB hwm=824MB
RSS_SAMPLE t=45.5s rss=821MB hwm=824MB
RSS_SAMPLE t=45.8s rss=821MB hwm=824MB
RSS_SAMPLE t=46.0s rss=821MB hwm=824MB
RSS_SAMPLE t=46.3s rss=821MB hwm=824MB
RSS_SAMPLE t=46.5s rss=821MB hwm=824MB
RSS_SAMPLE t=46.8s rss=821MB hwm=824MB
RSS_SAMPLE t=47.0s rss=821MB hwm=824MB
RSS_SAMPLE t=47.3s rss=821MB hwm=824MB
RSS_SAMPLE t=47.5s rss=821MB hwm=824MB
RSS_SAMPLE t=47.8s rss=821MB hwm=824MB
RSS_SAMPLE t=48.0s rss=821MB hwm=824MB
RSS_SAMPLE t=48.3s rss=821MB hwm=824MB
RSS_SAMPLE t=48.5s rss=821MB hwm=824MB
RSS_SAMPLE t=48.8s rss=821MB hwm=824MB
RSS_SAMPLE t=49.0s rss=821MB hwm=824MB
RSS_SAMPLE t=49.3s rss=821MB hwm=824MB
RSS_SAMPLE t=49.5s rss=821MB hwm=824MB
RSS_SAMPLE t=49.8s rss=821MB hwm=824MB
RSS_SAMPLE t=50.0s rss=821MB hwm=824MB
RSS_SAMPLE t=50.3s rss=821MB hwm=824MB
RSS_SAMPLE t=50.5s rss=821MB hwm=824MB
RSS_SAMPLE t=50.8s rss=821MB hwm=824MB
RSS_SAMPLE t=51.0s rss=821MB hwm=824MB
RSS_SAMPLE t=51.3s rss=821MB hwm=824MB
RSS_SAMPLE t=51.5s rss=821MB hwm=824MB
RSS_SAMPLE t=51.8s rss=821MB hwm=824MB
RSS_SAMPLE t=52.0s rss=821MB hwm=824MB
RSS_SAMPLE t=52.3s rss=821MB hwm=824MB
RSS_SAMPLE t=52.5s rss=821MB hwm=824MB
RSS_SAMPLE t=52.8s rss=821MB hwm=824MB
RSS_SAMPLE t=53.0s rss=821MB hwm=824MB
RSS_SAMPLE t=53.3s rss=821MB hwm=824MB
RSS_SAMPLE t=53.5s rss=821MB hwm=824MB
RSS_SAMPLE t=53.8s rss=821MB hwm=824MB
RSS_SAMPLE t=54.0s rss=870MB hwm=870MB
RSS_SAMPLE t=54.3s rss=913MB hwm=913MB
RSS_SAMPLE t=54.5s rss=933MB hwm=933MB
RSS_SAMPLE t=54.8s rss=933MB hwm=933MB
RSS_SAMPLE t=55.0s rss=934MB hwm=934MB
RSS_SAMPLE t=55.3s rss=934MB hwm=934MB
RSS_SAMPLE t=55.5s rss=934MB hwm=934MB
RSS_SAMPLE t=55.8s rss=934MB hwm=934MB
  Skipped truly-null coarse cells: 0 (of 69353 total); pruned pipes: src_null=0 dst_null=0
  Pipe capacity by span:
    span=  1: 138172 pipes, cap min=1 avg=134.5 max=432
    span=  2: 136455 pipes, cap min=2 avg=50.7 max=118
    span=  3: 135619 pipes, cap min=2 avg=26.1 max=52
    span=  4: 136319 pipes, cap min=2 avg=22.7 max=140
    span=  5: 135918 pipes, cap min=2 avg=66.1 max=124
    span=  6: 201217 pipes, cap min=2 avg=15.2 max=28
    span=  7: 200933 pipes, cap min=1 avg=7.3 max=20
    span=  8: 132748 pipes, cap min=2 avg=6.0 max=10
    span=  9: 130848 pipes, cap min=2 avg=6.0 max=10
    span= 10: 131090 pipes, cap min=2 avg=2.2 max=31
    span= 11: 129628 pipes, cap min=2 avg=2.0 max=4
    span= 12: 129018 pipes, cap min=2 avg=2.0 max=4
    span= 13: 128408 pipes, cap min=1 avg=1.5 max=4
    span= 14: 127798 pipes, cap min=1 avg=1.0 max=2
    span= 15: 127188 pipes, cap min=1 avg=1.0 max=2
    span= 16: 126578 pipes, cap min=1 avg=1.0 max=2
    span= 17: 125968 pipes, cap min=1 avg=1.0 max=2
    span= 18: 125358 pipes, cap min=1 avg=1.0 max=2
    span= 19: 63140 pipes, cap min=1 avg=1.0 max=2
  Thin span-1 pipes (cap<=2): 222 total, by tile-type pair (top 20):
    NULL <-> NULL: 220
    CLK_BUFG <-> NULL: 2
  Pipe cost: span^0.50 model (r1=1), span-1=1.000, span-12=3.464, 2×span-6=4.899, 12×span-1=12.000
RSS_SAMPLE t=56.0s rss=998MB hwm=998MB
  topological compress: density=0.60 target_tiles=15971 final_tiles=15777 scale=1.851 center=(205.1,111.0)
  topological init: n_movable=76660, n_edges=229053, max_layer=26775, back_edges=54022, n_anchored=0
  type DFF: 302 valid columns, 1077536 total BELs
  type LUT6: 302 valid columns, 538768 total BELs
TypeAwarePlacement: 2 cell types
Coordinate descent mode: 76660 cells, scale 1.00
CellValidityMask: 76660 cells, 311x223 grid, 2 bucket masks, per-cell valid positions: min=67346 avg=67346.0 max=67346, unmapped cells=0
RSS_SAMPLE t=56.3s rss=1039MB hwm=1039MB
MuxSlotTracker: 76660 cells (76660 with external fanout), 67346 tiles, total_cap=1077536, active_buckets=[DFF,LUT6], built in 76.7ms
MuxSlotTracker[post-seed]: populated_cells=27114, overflow_tiles=518, at_cap_tiles=50, peak_excess=41, capacity_hist={16:67346}
DCD placer: 76660 cells, 69353 nodes, outer_iters=20, dcd_iters_per_cell=8, graph_model=TwoLevelPip
MEM_STATIC: pipes=352MB nodes=1MB adjacency=78MB pipe_cost_vecs=59MB validity_mask=0MB n_pipes=2562403 n_edges=5124806 rss=1044MB
Softmin position update: enabled, theta 0.250 -> 5.000 (anneal over 20 iters)
RSS_SAMPLE t=56.5s rss=1071MB hwm=1071MB
RSS_SAMPLE t=56.8s rss=1071MB hwm=1071MB
RSS_SAMPLE t=57.0s rss=1071MB hwm=1071MB
RSS_SAMPLE t=57.3s rss=1071MB hwm=1071MB
RSS_SAMPLE t=57.5s rss=1071MB hwm=1071MB
RSS_SAMPLE t=57.8s rss=1071MB hwm=1071MB
RSS_SAMPLE t=58.0s rss=1071MB hwm=1071MB
RSS_SAMPLE t=58.3s rss=1071MB hwm=1071MB
RSS_SAMPLE t=58.5s rss=1071MB hwm=1071MB
RSS_SAMPLE t=58.8s rss=1071MB hwm=1071MB
RSS_SAMPLE t=59.0s rss=1071MB hwm=1071MB
    SwitchMatrix: type_usage_pairs=7 lookups=110 hits=103 dijkstra_calls=7 avg_us=10.6 total_ms=0.1
PHASE_MARK outer=0 enter=pre_solve rss=1075MB
RSS_SAMPLE t=59.3s rss=1211MB hwm=1211MB
RSS_SAMPLE t=59.5s rss=1229MB hwm=1229MB
RSS_SAMPLE t=59.8s rss=1238MB hwm=1238MB
RSS_SAMPLE t=60.0s rss=1245MB hwm=1245MB
RSS_SAMPLE t=60.3s rss=1248MB hwm=1248MB
RSS_SAMPLE t=60.5s rss=1252MB hwm=1252MB
RSS_SAMPLE t=60.8s rss=1261MB hwm=1261MB
RSS_SAMPLE t=61.0s rss=1266MB hwm=1266MB
RSS_SAMPLE t=61.3s rss=1270MB hwm=1270MB
RSS_SAMPLE t=61.5s rss=1275MB hwm=1275MB
RSS_SAMPLE t=61.8s rss=1280MB hwm=1280MB
RSS_SAMPLE t=62.0s rss=1286MB hwm=1286MB
RSS_SAMPLE t=62.3s rss=1292MB hwm=1292MB
RSS_SAMPLE t=62.5s rss=1298MB hwm=1298MB
RSS_SAMPLE t=62.8s rss=1303MB hwm=1303MB
RSS_SAMPLE t=63.0s rss=1313MB hwm=1313MB
RSS_SAMPLE t=63.3s rss=1318MB hwm=1318MB
RSS_SAMPLE t=63.5s rss=1324MB hwm=1324MB
RSS_SAMPLE t=63.8s rss=1330MB hwm=1330MB
RSS_SAMPLE t=64.0s rss=1336MB hwm=1336MB
RSS_SAMPLE t=64.3s rss=1341MB hwm=1341MB
RSS_SAMPLE t=64.5s rss=1348MB hwm=1348MB
RSS_SAMPLE t=64.8s rss=1355MB hwm=1355MB
RSS_SAMPLE t=65.0s rss=1360MB hwm=1360MB
RSS_SAMPLE t=65.3s rss=1366MB hwm=1366MB
RSS_SAMPLE t=65.5s rss=1373MB hwm=1373MB
RSS_SAMPLE t=65.8s rss=1380MB hwm=1380MB
RSS_SAMPLE t=66.0s rss=1386MB hwm=1386MB
RSS_SAMPLE t=66.3s rss=1392MB hwm=1392MB
RSS_SAMPLE t=66.5s rss=1397MB hwm=1397MB
RSS_SAMPLE t=66.8s rss=1404MB hwm=1404MB
RSS_SAMPLE t=67.0s rss=1410MB hwm=1410MB
RSS_SAMPLE t=67.3s rss=1416MB hwm=1416MB
RSS_SAMPLE t=67.5s rss=1423MB hwm=1423MB
RSS_SAMPLE t=67.8s rss=1429MB hwm=1429MB
RSS_SAMPLE t=68.0s rss=1437MB hwm=1437MB
RSS_SAMPLE t=68.3s rss=1444MB hwm=1444MB
RSS_SAMPLE t=68.5s rss=1450MB hwm=1450MB
RSS_SAMPLE t=68.8s rss=1456MB hwm=1456MB
RSS_SAMPLE t=69.0s rss=1462MB hwm=1462MB
RSS_SAMPLE t=69.3s rss=1468MB hwm=1468MB
RSS_SAMPLE t=69.5s rss=1473MB hwm=1473MB
RSS_SAMPLE t=69.8s rss=1481MB hwm=1481MB
RSS_SAMPLE t=70.0s rss=1488MB hwm=1488MB
RSS_SAMPLE t=70.3s rss=1494MB hwm=1494MB
RSS_SAMPLE t=70.5s rss=1502MB hwm=1502MB
RSS_SAMPLE t=70.8s rss=1509MB hwm=1509MB
RSS_SAMPLE t=71.0s rss=1515MB hwm=1515MB
RSS_SAMPLE t=71.3s rss=1521MB hwm=1521MB
RSS_SAMPLE t=71.5s rss=1528MB hwm=1528MB
RSS_SAMPLE t=71.8s rss=1536MB hwm=1536MB
RSS_SAMPLE t=72.0s rss=1541MB hwm=1541MB
RSS_SAMPLE t=72.3s rss=1548MB hwm=1548MB
RSS_SAMPLE t=72.5s rss=1554MB hwm=1554MB
RSS_SAMPLE t=72.8s rss=1561MB hwm=1561MB
RSS_SAMPLE t=73.0s rss=1567MB hwm=1567MB
RSS_SAMPLE t=73.3s rss=1575MB hwm=1575MB
RSS_SAMPLE t=73.5s rss=1581MB hwm=1581MB
RSS_SAMPLE t=73.8s rss=1587MB hwm=1587MB
RSS_SAMPLE t=74.0s rss=1594MB hwm=1594MB
RSS_SAMPLE t=74.3s rss=1600MB hwm=1600MB
RSS_SAMPLE t=74.5s rss=1607MB hwm=1607MB
RSS_SAMPLE t=74.8s rss=1613MB hwm=1613MB
RSS_SAMPLE t=75.0s rss=1620MB hwm=1620MB
RSS_SAMPLE t=75.3s rss=1626MB hwm=1626MB
RSS_SAMPLE t=75.5s rss=1633MB hwm=1633MB
RSS_SAMPLE t=75.8s rss=1640MB hwm=1640MB
RSS_SAMPLE t=76.0s rss=1648MB hwm=1648MB
RSS_SAMPLE t=76.3s rss=1654MB hwm=1654MB
RSS_SAMPLE t=76.5s rss=1661MB hwm=1661MB
RSS_SAMPLE t=76.8s rss=1668MB hwm=1668MB
RSS_SAMPLE t=77.0s rss=1675MB hwm=1675MB
RSS_SAMPLE t=77.3s rss=1683MB hwm=1683MB
RSS_SAMPLE t=77.5s rss=1689MB hwm=1689MB
RSS_SAMPLE t=77.8s rss=1696MB hwm=1696MB
RSS_SAMPLE t=78.0s rss=1702MB hwm=1702MB
RSS_SAMPLE t=78.3s rss=1708MB hwm=1708MB
RSS_SAMPLE t=78.5s rss=1715MB hwm=1715MB
RSS_SAMPLE t=78.8s rss=1721MB hwm=1721MB
RSS_SAMPLE t=79.0s rss=1727MB hwm=1727MB
RSS_SAMPLE t=79.3s rss=1733MB hwm=1733MB
RSS_SAMPLE t=79.5s rss=1740MB hwm=1740MB
RSS_SAMPLE t=79.8s rss=1747MB hwm=1747MB
RSS_SAMPLE t=80.0s rss=1752MB hwm=1752MB
RSS_SAMPLE t=80.3s rss=1759MB hwm=1759MB
RSS_SAMPLE t=80.5s rss=1766MB hwm=1766MB
RSS_SAMPLE t=80.8s rss=1772MB hwm=1772MB
RSS_SAMPLE t=81.0s rss=1777MB hwm=1777MB
RSS_SAMPLE t=81.3s rss=1783MB hwm=1783MB
RSS_SAMPLE t=81.5s rss=1790MB hwm=1790MB
RSS_SAMPLE t=81.8s rss=1796MB hwm=1796MB
RSS_SAMPLE t=82.0s rss=1802MB hwm=1802MB
RSS_SAMPLE t=82.3s rss=1809MB hwm=1809MB
RSS_SAMPLE t=82.5s rss=1814MB hwm=1814MB
RSS_SAMPLE t=82.8s rss=1819MB hwm=1819MB
RSS_SAMPLE t=83.0s rss=1825MB hwm=1825MB
RSS_SAMPLE t=83.3s rss=1831MB hwm=1831MB
RSS_SAMPLE t=83.6s rss=1837MB hwm=1837MB
RSS_SAMPLE t=83.8s rss=1844MB hwm=1844MB
RSS_SAMPLE t=84.1s rss=1849MB hwm=1849MB
RSS_SAMPLE t=84.3s rss=1857MB hwm=1857MB
RSS_SAMPLE t=84.6s rss=1862MB hwm=1862MB
RSS_SAMPLE t=84.8s rss=1868MB hwm=1868MB
RSS_SAMPLE t=85.1s rss=1872MB hwm=1872MB
RSS_SAMPLE t=85.3s rss=1877MB hwm=1877MB
RSS_SAMPLE t=85.6s rss=1880MB hwm=1880MB
RSS_SAMPLE t=85.8s rss=1882MB hwm=1882MB
RSS_SAMPLE t=86.1s rss=1885MB hwm=1885MB
RSS_SAMPLE t=86.3s rss=1886MB hwm=1886MB
RSS_SAMPLE t=86.6s rss=1887MB hwm=1887MB
RSS_SAMPLE t=86.8s rss=1888MB hwm=1888MB
RSS_SAMPLE t=87.1s rss=1889MB hwm=1889MB
RSS_SAMPLE t=87.3s rss=1889MB hwm=1889MB
RSS_SAMPLE t=87.6s rss=1889MB hwm=1889MB
RSS_SAMPLE t=87.8s rss=1889MB hwm=1889MB
RSS_SAMPLE t=88.1s rss=1890MB hwm=1890MB
RSS_SAMPLE t=88.3s rss=1890MB hwm=1890MB
RSS_SAMPLE t=88.6s rss=1890MB hwm=1890MB
RSS_SAMPLE t=88.8s rss=1891MB hwm=1891MB
RSS_SAMPLE t=89.1s rss=1891MB hwm=1891MB
RSS_SAMPLE t=89.3s rss=1891MB hwm=1891MB
RSS_SAMPLE t=89.6s rss=1891MB hwm=1891MB
RSS_SAMPLE t=89.8s rss=1892MB hwm=1892MB
RSS_SAMPLE t=90.1s rss=1892MB hwm=1892MB
RSS_SAMPLE t=90.3s rss=1892MB hwm=1892MB
RSS_SAMPLE t=90.6s rss=1893MB hwm=1893MB
RSS_SAMPLE t=90.8s rss=1893MB hwm=1893MB
RSS_SAMPLE t=91.1s rss=1893MB hwm=1893MB
RSS_SAMPLE t=91.3s rss=1894MB hwm=1894MB
RSS_SAMPLE t=91.6s rss=1894MB hwm=1894MB
RSS_SAMPLE t=91.8s rss=1894MB hwm=1894MB
RSS_SAMPLE t=92.1s rss=1895MB hwm=1895MB
RSS_SAMPLE t=92.3s rss=1895MB hwm=1895MB
RSS_SAMPLE t=92.6s rss=1895MB hwm=1895MB
RSS_SAMPLE t=92.8s rss=1895MB hwm=1895MB
RSS_SAMPLE t=93.1s rss=1896MB hwm=1896MB
RSS_SAMPLE t=93.3s rss=1896MB hwm=1896MB
RSS_SAMPLE t=93.6s rss=1897MB hwm=1897MB
RSS_SAMPLE t=93.8s rss=1897MB hwm=1897MB
RSS_SAMPLE t=94.1s rss=1897MB hwm=1897MB
RSS_SAMPLE t=94.3s rss=1897MB hwm=1897MB
RSS_SAMPLE t=94.6s rss=1898MB hwm=1898MB
RSS_SAMPLE t=94.8s rss=1898MB hwm=1898MB
RSS_SAMPLE t=95.1s rss=1898MB hwm=1898MB
RSS_SAMPLE t=95.3s rss=1899MB hwm=1899MB
RSS_SAMPLE t=95.6s rss=1899MB hwm=1899MB
RSS_SAMPLE t=95.8s rss=1899MB hwm=1899MB
RSS_SAMPLE t=96.1s rss=1900MB hwm=1900MB
RSS_SAMPLE t=96.3s rss=1900MB hwm=1900MB
RSS_SAMPLE t=96.6s rss=1900MB hwm=1900MB
RSS_SAMPLE t=96.8s rss=1900MB hwm=1900MB
RSS_SAMPLE t=97.1s rss=1900MB hwm=1900MB
RSS_SAMPLE t=97.3s rss=1901MB hwm=1901MB
RSS_SAMPLE t=97.6s rss=1901MB hwm=1901MB
RSS_SAMPLE t=97.8s rss=1901MB hwm=1901MB
RSS_SAMPLE t=98.1s rss=1902MB hwm=1902MB
RSS_SAMPLE t=98.3s rss=1902MB hwm=1902MB
RSS_SAMPLE t=98.6s rss=1902MB hwm=1902MB
RSS_SAMPLE t=98.8s rss=1903MB hwm=1903MB
RSS_SAMPLE t=99.1s rss=1903MB hwm=1903MB
RSS_SAMPLE t=99.3s rss=1903MB hwm=1903MB
RSS_SAMPLE t=99.6s rss=1904MB hwm=1904MB
RSS_SAMPLE t=99.8s rss=1904MB hwm=1904MB
RSS_SAMPLE t=100.1s rss=1904MB hwm=1904MB
RSS_SAMPLE t=100.3s rss=1905MB hwm=1905MB
RSS_SAMPLE t=100.6s rss=1905MB hwm=1905MB
RSS_SAMPLE t=100.8s rss=1905MB hwm=1905MB
RSS_SAMPLE t=101.1s rss=1906MB hwm=1906MB
RSS_SAMPLE t=101.3s rss=1906MB hwm=1906MB
RSS_SAMPLE t=101.6s rss=1906MB hwm=1906MB
RSS_SAMPLE t=101.8s rss=1907MB hwm=1907MB
RSS_SAMPLE t=102.1s rss=1907MB hwm=1907MB
RSS_SAMPLE t=102.3s rss=1908MB hwm=1908MB
RSS_SAMPLE t=102.6s rss=1908MB hwm=1908MB
RSS_SAMPLE t=102.8s rss=1908MB hwm=1908MB
RSS_SAMPLE t=103.1s rss=1908MB hwm=1908MB
RSS_SAMPLE t=103.3s rss=1909MB hwm=1909MB
RSS_SAMPLE t=103.6s rss=1909MB hwm=1909MB
RSS_SAMPLE t=103.8s rss=1909MB hwm=1909MB
RSS_SAMPLE t=104.1s rss=1910MB hwm=1910MB
RSS_SAMPLE t=104.3s rss=1910MB hwm=1910MB
RSS_SAMPLE t=104.6s rss=1910MB hwm=1910MB
RSS_SAMPLE t=104.8s rss=1910MB hwm=1910MB
    rss_probe[outer=0]: pre_refresh_rss=1075MB post_pre_solve_rss=1911MB cache_entries=42424857 cache_cap=69325648 cache_est_mb=600
    pre_solve_diag[outer=0]: solves=105117 fallback=0 (0.0%) cap_armed=105117 (100.0%) settle_avg=10344 settle_max=69353 init_count=254
  Cell placement by tile type (iter 0, 76660 cells):
    NULL: 31596
    CLB: 27114
    IOB_W: 15019
    CLK_BUFG: 2320
    BRAM: 351
    DSP: 182
    IOB_E: 78
    Overflow: over=0 (0.0% of used) avg_excess=0.00 max_excess=0.00 (nc=0.00 cap=0 span=0)  excess_buckets: <=1=0 1-5=0 5-20=0 >20=0  by_cap: cap1=0 cap2=0 cap3-5=0 cap>5=0  by_span: s1=0 s2-3=0 s4-6=0 s7-12=0 s>12=0  le1_cross: cap1=0 cap2-5=0 cap>5=0
    Congestion: pipes=2562403 used=0 congested(>50%)=0 saturated(>90%)=0 max_util=0.00 avg_util=0.0000
PHASE_MARK outer=0 enter=dcd_sweep rss=1911MB
RSS_SAMPLE t=105.1s rss=1911MB hwm=1911MB
RSS_SAMPLE t=105.3s rss=1911MB hwm=1911MB
RSS_SAMPLE t=105.6s rss=1911MB hwm=1911MB
RSS_SAMPLE t=105.8s rss=1911MB hwm=1911MB
RSS_SAMPLE t=106.1s rss=1911MB hwm=1911MB
RSS_SAMPLE t=106.3s rss=1912MB hwm=1912MB
RSS_SAMPLE t=106.6s rss=1912MB hwm=1912MB
RSS_SAMPLE t=106.8s rss=1912MB hwm=1912MB
RSS_SAMPLE t=107.1s rss=1912MB hwm=1912MB
RSS_SAMPLE t=107.3s rss=1912MB hwm=1912MB
RSS_SAMPLE t=107.6s rss=1912MB hwm=1912MB
RSS_SAMPLE t=107.8s rss=1913MB hwm=1913MB
RSS_SAMPLE t=108.1s rss=1913MB hwm=1913MB
RSS_SAMPLE t=108.3s rss=1913MB hwm=1913MB
RSS_SAMPLE t=108.6s rss=1913MB hwm=1913MB
RSS_SAMPLE t=108.8s rss=1913MB hwm=1913MB
RSS_SAMPLE t=109.1s rss=1913MB hwm=1913MB
RSS_SAMPLE t=109.3s rss=1914MB hwm=1914MB
RSS_SAMPLE t=109.6s rss=1914MB hwm=1914MB
RSS_SAMPLE t=109.8s rss=1914MB hwm=1914MB
RSS_SAMPLE t=110.1s rss=1914MB hwm=1914MB
RSS_SAMPLE t=110.3s rss=1914MB hwm=1914MB
RSS_SAMPLE t=110.6s rss=1915MB hwm=1915MB
RSS_SAMPLE t=110.8s rss=1915MB hwm=1915MB
RSS_SAMPLE t=111.1s rss=1915MB hwm=1915MB
RSS_SAMPLE t=111.3s rss=1915MB hwm=1915MB
RSS_SAMPLE t=111.6s rss=1915MB hwm=1915MB
RSS_SAMPLE t=111.8s rss=1915MB hwm=1915MB
PHASE_MARK outer=0 leave=dcd_sweep rss=1916MB
PHASE_MARK outer=0 enter=post_refresh rss=1916MB
RSS_SAMPLE t=112.1s rss=1945MB hwm=1945MB
RSS_SAMPLE t=112.3s rss=1945MB hwm=1945MB
RSS_SAMPLE t=112.6s rss=1945MB hwm=1945MB
RSS_SAMPLE t=112.8s rss=1945MB hwm=1945MB
RSS_SAMPLE t=113.1s rss=1945MB hwm=1945MB
RSS_SAMPLE t=113.3s rss=1945MB hwm=1945MB
RSS_SAMPLE t=113.6s rss=1945MB hwm=1945MB
RSS_SAMPLE t=113.8s rss=1945MB hwm=1945MB
RSS_SAMPLE t=114.1s rss=1945MB hwm=1945MB
RSS_SAMPLE t=114.3s rss=1945MB hwm=1945MB
RSS_SAMPLE t=114.6s rss=1946MB hwm=1946MB
RSS_SAMPLE t=114.8s rss=2504MB hwm=2504MB
RSS_SAMPLE t=115.1s rss=3304MB hwm=3304MB
RSS_SAMPLE t=115.3s rss=3547MB hwm=3547MB
RSS_SAMPLE t=115.6s rss=3629MB hwm=3629MB
RSS_SAMPLE t=115.8s rss=3722MB hwm=3722MB
RSS_SAMPLE t=116.1s rss=3758MB hwm=3758MB
RSS_SAMPLE t=116.3s rss=3777MB hwm=3777MB
RSS_SAMPLE t=116.6s rss=3788MB hwm=3788MB
RSS_SAMPLE t=116.8s rss=3806MB hwm=3806MB
RSS_SAMPLE t=117.1s rss=3822MB hwm=3822MB
RSS_SAMPLE t=117.3s rss=3838MB hwm=3838MB
RSS_SAMPLE t=117.6s rss=3862MB hwm=3862MB
RSS_SAMPLE t=117.8s rss=3867MB hwm=3867MB
RSS_SAMPLE t=118.1s rss=3876MB hwm=3876MB
RSS_SAMPLE t=118.3s rss=3876MB hwm=3876MB
RSS_SAMPLE t=118.6s rss=3885MB hwm=3885MB
RSS_SAMPLE t=118.8s rss=3885MB hwm=3885MB
RSS_SAMPLE t=119.1s rss=3890MB hwm=3890MB
RSS_SAMPLE t=119.3s rss=3892MB hwm=3892MB
RSS_SAMPLE t=119.6s rss=3897MB hwm=3897MB
RSS_SAMPLE t=119.8s rss=3897MB hwm=3897MB
RSS_SAMPLE t=120.1s rss=3897MB hwm=3897MB
RSS_SAMPLE t=120.3s rss=3904MB hwm=3904MB
RSS_SAMPLE t=120.6s rss=3904MB hwm=3904MB
RSS_SAMPLE t=120.8s rss=3907MB hwm=3907MB
RSS_SAMPLE t=121.1s rss=3907MB hwm=3907MB
RSS_SAMPLE t=121.3s rss=3911MB hwm=3911MB
RSS_SAMPLE t=121.6s rss=3915MB hwm=3915MB
RSS_SAMPLE t=121.8s rss=3915MB hwm=3915MB
RSS_SAMPLE t=122.1s rss=3917MB hwm=3917MB
RSS_SAMPLE t=122.3s rss=3918MB hwm=3918MB
RSS_SAMPLE t=122.6s rss=3922MB hwm=3922MB
RSS_SAMPLE t=122.8s rss=3922MB hwm=3922MB
RSS_SAMPLE t=123.1s rss=3922MB hwm=3922MB
RSS_SAMPLE t=123.3s rss=3922MB hwm=3922MB
RSS_SAMPLE t=123.6s rss=3922MB hwm=3922MB
RSS_SAMPLE t=123.8s rss=3922MB hwm=3922MB
RSS_SAMPLE t=124.1s rss=3922MB hwm=3922MB
RSS_SAMPLE t=124.3s rss=3922MB hwm=3922MB
RSS_SAMPLE t=124.6s rss=3923MB hwm=3923MB
RSS_SAMPLE t=124.8s rss=3923MB hwm=3923MB
RSS_SAMPLE t=125.1s rss=3926MB hwm=3926MB
RSS_SAMPLE t=125.3s rss=3927MB hwm=3927MB
RSS_SAMPLE t=125.6s rss=3927MB hwm=3927MB
RSS_SAMPLE t=125.8s rss=3928MB hwm=3928MB
RSS_SAMPLE t=126.1s rss=3928MB hwm=3928MB
RSS_SAMPLE t=126.3s rss=3929MB hwm=3929MB
RSS_SAMPLE t=126.6s rss=3929MB hwm=3929MB
RSS_SAMPLE t=126.8s rss=3932MB hwm=3932MB
RSS_SAMPLE t=127.1s rss=3933MB hwm=3933MB
RSS_SAMPLE t=127.3s rss=3934MB hwm=3934MB
RSS_SAMPLE t=127.6s rss=3935MB hwm=3935MB
RSS_SAMPLE t=127.8s rss=3936MB hwm=3936MB
RSS_SAMPLE t=128.1s rss=3937MB hwm=3937MB
RSS_SAMPLE t=128.3s rss=3937MB hwm=3937MB
RSS_SAMPLE t=128.6s rss=3938MB hwm=3938MB
RSS_SAMPLE t=128.8s rss=3938MB hwm=3938MB
RSS_SAMPLE t=129.1s rss=3939MB hwm=3939MB
RSS_SAMPLE t=129.3s rss=3939MB hwm=3939MB
RSS_SAMPLE t=129.6s rss=3940MB hwm=3940MB
RSS_SAMPLE t=129.8s rss=3940MB hwm=3940MB
RSS_SAMPLE t=130.1s rss=3941MB hwm=3941MB
RSS_SAMPLE t=130.3s rss=3942MB hwm=3942MB
RSS_SAMPLE t=130.6s rss=3942MB hwm=3942MB
RSS_SAMPLE t=130.8s rss=3943MB hwm=3943MB
RSS_SAMPLE t=131.1s rss=3944MB hwm=3944MB
RSS_SAMPLE t=131.3s rss=3944MB hwm=3944MB
RSS_SAMPLE t=131.6s rss=3946MB hwm=3946MB
RSS_SAMPLE t=131.8s rss=3947MB hwm=3947MB
RSS_SAMPLE t=132.1s rss=3947MB hwm=3947MB
RSS_SAMPLE t=132.3s rss=3948MB hwm=3948MB
RSS_SAMPLE t=132.6s rss=3949MB hwm=3949MB
RSS_SAMPLE t=132.8s rss=3950MB hwm=3950MB
RSS_SAMPLE t=133.1s rss=3950MB hwm=3950MB
RSS_SAMPLE t=133.3s rss=3951MB hwm=3951MB
RSS_SAMPLE t=133.6s rss=3952MB hwm=3952MB
RSS_SAMPLE t=133.8s rss=3953MB hwm=3953MB
RSS_SAMPLE t=134.1s rss=3953MB hwm=3953MB
RSS_SAMPLE t=134.3s rss=3954MB hwm=3954MB
RSS_SAMPLE t=134.6s rss=3955MB hwm=3955MB
RSS_SAMPLE t=134.8s rss=3956MB hwm=3956MB
RSS_SAMPLE t=135.1s rss=3957MB hwm=3957MB
RSS_SAMPLE t=135.4s rss=3958MB hwm=3958MB
RSS_SAMPLE t=135.6s rss=3958MB hwm=3958MB
RSS_SAMPLE t=135.9s rss=3959MB hwm=3959MB
RSS_SAMPLE t=136.1s rss=3964MB hwm=3964MB
RSS_SAMPLE t=136.4s rss=3966MB hwm=3966MB
RSS_SAMPLE t=136.6s rss=3967MB hwm=3967MB
RSS_SAMPLE t=136.9s rss=3967MB hwm=3967MB
RSS_SAMPLE t=137.1s rss=3968MB hwm=3968MB
RSS_SAMPLE t=137.4s rss=3971MB hwm=3971MB
RSS_SAMPLE t=137.6s rss=3971MB hwm=3971MB
RSS_SAMPLE t=137.9s rss=3971MB hwm=3971MB
RSS_SAMPLE t=138.1s rss=3972MB hwm=3972MB
RSS_SAMPLE t=138.4s rss=3973MB hwm=3973MB
RSS_SAMPLE t=138.6s rss=3974MB hwm=3974MB
RSS_SAMPLE t=138.9s rss=3974MB hwm=3974MB
RSS_SAMPLE t=139.1s rss=3976MB hwm=3976MB
RSS_SAMPLE t=139.4s rss=3976MB hwm=3976MB
RSS_SAMPLE t=139.6s rss=3977MB hwm=3977MB
RSS_SAMPLE t=139.9s rss=3978MB hwm=3978MB
RSS_SAMPLE t=140.1s rss=3979MB hwm=3979MB
RSS_SAMPLE t=140.4s rss=3980MB hwm=3980MB
RSS_SAMPLE t=140.6s rss=3980MB hwm=3980MB
RSS_SAMPLE t=140.9s rss=3982MB hwm=3982MB
RSS_SAMPLE t=141.1s rss=3983MB hwm=3983MB
RSS_SAMPLE t=141.4s rss=3984MB hwm=3984MB
RSS_SAMPLE t=141.6s rss=3985MB hwm=3985MB
RSS_SAMPLE t=141.9s rss=3986MB hwm=3986MB
RSS_SAMPLE t=142.1s rss=3987MB hwm=3987MB
RSS_SAMPLE t=142.4s rss=3988MB hwm=3988MB
RSS_SAMPLE t=142.6s rss=3990MB hwm=3990MB
RSS_SAMPLE t=142.9s rss=3991MB hwm=3991MB
RSS_SAMPLE t=143.1s rss=3992MB hwm=3992MB
RSS_SAMPLE t=143.4s rss=3993MB hwm=3993MB
RSS_SAMPLE t=143.6s rss=3993MB hwm=3993MB
RSS_SAMPLE t=143.9s rss=3994MB hwm=3994MB
RSS_SAMPLE t=144.1s rss=3995MB hwm=3995MB
RSS_SAMPLE t=144.4s rss=3995MB hwm=3995MB
RSS_SAMPLE t=144.6s rss=3996MB hwm=3996MB
RSS_SAMPLE t=144.9s rss=3997MB hwm=3997MB
RSS_SAMPLE t=145.1s rss=3998MB hwm=3998MB
RSS_SAMPLE t=145.4s rss=3998MB hwm=3998MB
RSS_SAMPLE t=145.6s rss=3999MB hwm=3999MB
RSS_SAMPLE t=145.9s rss=4000MB hwm=4000MB
RSS_SAMPLE t=146.1s rss=4001MB hwm=4001MB
RSS_SAMPLE t=146.4s rss=4002MB hwm=4002MB
RSS_SAMPLE t=146.6s rss=4003MB hwm=4003MB
RSS_SAMPLE t=146.9s rss=4004MB hwm=4004MB
RSS_SAMPLE t=147.1s rss=4005MB hwm=4005MB
RSS_SAMPLE t=147.4s rss=4006MB hwm=4006MB
RSS_SAMPLE t=147.6s rss=4007MB hwm=4007MB
RSS_SAMPLE t=147.9s rss=4008MB hwm=4008MB
RSS_SAMPLE t=148.1s rss=4008MB hwm=4008MB
RSS_SAMPLE t=148.4s rss=4009MB hwm=4009MB
RSS_SAMPLE t=148.6s rss=4011MB hwm=4011MB
RSS_SAMPLE t=148.9s rss=4012MB hwm=4012MB
RSS_SAMPLE t=149.1s rss=4012MB hwm=4012MB
RSS_SAMPLE t=149.4s rss=4013MB hwm=4013MB
RSS_SAMPLE t=149.6s rss=4014MB hwm=4014MB
RSS_SAMPLE t=149.9s rss=4014MB hwm=4014MB
RSS_SAMPLE t=150.1s rss=4015MB hwm=4015MB
RSS_SAMPLE t=150.4s rss=4016MB hwm=4016MB
RSS_SAMPLE t=150.6s rss=4017MB hwm=4017MB
RSS_SAMPLE t=150.9s rss=4018MB hwm=4018MB
RSS_SAMPLE t=151.1s rss=4019MB hwm=4019MB
RSS_SAMPLE t=151.4s rss=4020MB hwm=4020MB
RSS_SAMPLE t=151.6s rss=4021MB hwm=4021MB
RSS_SAMPLE t=151.9s rss=4022MB hwm=4022MB
RSS_SAMPLE t=152.1s rss=4022MB hwm=4022MB
RSS_SAMPLE t=152.4s rss=4023MB hwm=4023MB
RSS_SAMPLE t=152.6s rss=4024MB hwm=4024MB
RSS_SAMPLE t=152.9s rss=4025MB hwm=4025MB
RSS_SAMPLE t=153.1s rss=4026MB hwm=4026MB
RSS_SAMPLE t=153.4s rss=4026MB hwm=4026MB
RSS_SAMPLE t=153.6s rss=4028MB hwm=4028MB
RSS_SAMPLE t=153.9s rss=4029MB hwm=4029MB
RSS_SAMPLE t=154.1s rss=4029MB hwm=4029MB
RSS_SAMPLE t=154.4s rss=4030MB hwm=4030MB
RSS_SAMPLE t=154.6s rss=4031MB hwm=4031MB
RSS_SAMPLE t=154.9s rss=4032MB hwm=4032MB
RSS_SAMPLE t=155.1s rss=4033MB hwm=4033MB
RSS_SAMPLE t=155.4s rss=4034MB hwm=4034MB
RSS_SAMPLE t=155.6s rss=4035MB hwm=4035MB
RSS_SAMPLE t=155.9s rss=4036MB hwm=4036MB
RSS_SAMPLE t=156.1s rss=4037MB hwm=4037MB
RSS_SAMPLE t=156.4s rss=4038MB hwm=4038MB
RSS_SAMPLE t=156.6s rss=4039MB hwm=4039MB
RSS_SAMPLE t=156.9s rss=4039MB hwm=4039MB
RSS_SAMPLE t=157.1s rss=4040MB hwm=4040MB
RSS_SAMPLE t=157.4s rss=4041MB hwm=4041MB
RSS_SAMPLE t=157.6s rss=4041MB hwm=4041MB
RSS_SAMPLE t=157.9s rss=4042MB hwm=4042MB
RSS_SAMPLE t=158.1s rss=4043MB hwm=4043MB
RSS_SAMPLE t=158.4s rss=4044MB hwm=4044MB
RSS_SAMPLE t=158.6s rss=4044MB hwm=4044MB
RSS_SAMPLE t=158.9s rss=4045MB hwm=4045MB
RSS_SAMPLE t=159.1s rss=4046MB hwm=4046MB
RSS_SAMPLE t=159.4s rss=4047MB hwm=4047MB
RSS_SAMPLE t=159.6s rss=4048MB hwm=4048MB
RSS_SAMPLE t=159.9s rss=4049MB hwm=4049MB
RSS_SAMPLE t=160.1s rss=4050MB hwm=4050MB
RSS_SAMPLE t=160.4s rss=4051MB hwm=4051MB
RSS_SAMPLE t=160.6s rss=4052MB hwm=4052MB
RSS_SAMPLE t=160.9s rss=4053MB hwm=4053MB
RSS_SAMPLE t=161.1s rss=4054MB hwm=4054MB
RSS_SAMPLE t=161.4s rss=4055MB hwm=4055MB
RSS_SAMPLE t=161.6s rss=4056MB hwm=4056MB
RSS_SAMPLE t=161.9s rss=4057MB hwm=4057MB
RSS_SAMPLE t=162.1s rss=4058MB hwm=4058MB
RSS_SAMPLE t=162.4s rss=4059MB hwm=4059MB
RSS_SAMPLE t=162.6s rss=4060MB hwm=4060MB
RSS_SAMPLE t=162.9s rss=4061MB hwm=4061MB
RSS_SAMPLE t=163.1s rss=4063MB hwm=4063MB
RSS_SAMPLE t=163.4s rss=4064MB hwm=4064MB
RSS_SAMPLE t=163.6s rss=4066MB hwm=4066MB
RSS_SAMPLE t=163.9s rss=4067MB hwm=4067MB
RSS_SAMPLE t=164.1s rss=4068MB hwm=4068MB
RSS_SAMPLE t=164.4s rss=4070MB hwm=4070MB
RSS_SAMPLE t=164.6s rss=4071MB hwm=4071MB
RSS_SAMPLE t=164.9s rss=4072MB hwm=4072MB
RSS_SAMPLE t=165.1s rss=4073MB hwm=4073MB
RSS_SAMPLE t=165.4s rss=4073MB hwm=4073MB
RSS_SAMPLE t=165.6s rss=4074MB hwm=4074MB
RSS_SAMPLE t=165.9s rss=4074MB hwm=4074MB
RSS_SAMPLE t=166.1s rss=4075MB hwm=4075MB
RSS_SAMPLE t=166.4s rss=4075MB hwm=4075MB
RSS_SAMPLE t=166.6s rss=4076MB hwm=4076MB
RSS_SAMPLE t=166.9s rss=4076MB hwm=4076MB
RSS_SAMPLE t=167.1s rss=4076MB hwm=4076MB
RSS_SAMPLE t=167.4s rss=4076MB hwm=4076MB
RSS_SAMPLE t=167.6s rss=4076MB hwm=4076MB
RSS_SAMPLE t=167.9s rss=4076MB hwm=4076MB
RSS_SAMPLE t=168.1s rss=4076MB hwm=4076MB
RSS_SAMPLE t=168.4s rss=4076MB hwm=4076MB
RSS_SAMPLE t=168.6s rss=4076MB hwm=4076MB
RSS_SAMPLE t=168.9s rss=4076MB hwm=4076MB
RSS_SAMPLE t=169.1s rss=4076MB hwm=4076MB
RSS_SAMPLE t=169.4s rss=4076MB hwm=4076MB
RSS_SAMPLE t=169.6s rss=4076MB hwm=4076MB
RSS_SAMPLE t=169.9s rss=4076MB hwm=4076MB
RSS_SAMPLE t=170.1s rss=4076MB hwm=4076MB
RSS_SAMPLE t=170.4s rss=4076MB hwm=4076MB
RSS_SAMPLE t=170.6s rss=4076MB hwm=4076MB
RSS_SAMPLE t=170.9s rss=4077MB hwm=4077MB
RSS_SAMPLE t=171.1s rss=4077MB hwm=4077MB
RSS_SAMPLE t=171.4s rss=4077MB hwm=4077MB
RSS_SAMPLE t=171.6s rss=4077MB hwm=4077MB
RSS_SAMPLE t=171.9s rss=4077MB hwm=4077MB
RSS_SAMPLE t=172.1s rss=4077MB hwm=4077MB
RSS_SAMPLE t=172.4s rss=4077MB hwm=4077MB
RSS_SAMPLE t=172.6s rss=4077MB hwm=4077MB
RSS_SAMPLE t=172.9s rss=4077MB hwm=4077MB
RSS_SAMPLE t=173.1s rss=4077MB hwm=4077MB
RSS_SAMPLE t=173.4s rss=4078MB hwm=4078MB
RSS_SAMPLE t=173.6s rss=4078MB hwm=4078MB
RSS_SAMPLE t=173.9s rss=4078MB hwm=4078MB
RSS_SAMPLE t=174.1s rss=4078MB hwm=4078MB
RSS_SAMPLE t=174.4s rss=4078MB hwm=4078MB
RSS_SAMPLE t=174.6s rss=4078MB hwm=4078MB
RSS_SAMPLE t=174.9s rss=4078MB hwm=4078MB
RSS_SAMPLE t=175.1s rss=4078MB hwm=4078MB
RSS_SAMPLE t=175.4s rss=4078MB hwm=4078MB
RSS_SAMPLE t=175.6s rss=4078MB hwm=4078MB
RSS_SAMPLE t=175.9s rss=4078MB hwm=4078MB
RSS_SAMPLE t=176.1s rss=4078MB hwm=4078MB
RSS_SAMPLE t=176.4s rss=4079MB hwm=4079MB
RSS_SAMPLE t=176.6s rss=4079MB hwm=4079MB
RSS_SAMPLE t=176.9s rss=4079MB hwm=4079MB
RSS_SAMPLE t=177.1s rss=4079MB hwm=4079MB
RSS_SAMPLE t=177.4s rss=4079MB hwm=4079MB
RSS_SAMPLE t=177.6s rss=4079MB hwm=4079MB
RSS_SAMPLE t=177.9s rss=4079MB hwm=4079MB
RSS_SAMPLE t=178.1s rss=4079MB hwm=4079MB
RSS_SAMPLE t=178.4s rss=4079MB hwm=4079MB
RSS_SAMPLE t=178.7s rss=4079MB hwm=4079MB
RSS_SAMPLE t=178.9s rss=4079MB hwm=4079MB
RSS_SAMPLE t=179.2s rss=4079MB hwm=4079MB
RSS_SAMPLE t=179.4s rss=4079MB hwm=4079MB
RSS_SAMPLE t=179.7s rss=4079MB hwm=4079MB
RSS_SAMPLE t=179.9s rss=4079MB hwm=4079MB
RSS_SAMPLE t=180.2s rss=4079MB hwm=4079MB
RSS_SAMPLE t=180.4s rss=4079MB hwm=4079MB
RSS_SAMPLE t=180.7s rss=4079MB hwm=4079MB
RSS_SAMPLE t=180.9s rss=4079MB hwm=4079MB
RSS_SAMPLE t=181.2s rss=4080MB hwm=4080MB
RSS_SAMPLE t=181.4s rss=4080MB hwm=4080MB
RSS_SAMPLE t=181.7s rss=4080MB hwm=4080MB
RSS_SAMPLE t=181.9s rss=4080MB hwm=4080MB
RSS_SAMPLE t=182.2s rss=4080MB hwm=4080MB
RSS_SAMPLE t=182.4s rss=4080MB hwm=4080MB
RSS_SAMPLE t=182.7s rss=4080MB hwm=4080MB
RSS_SAMPLE t=182.9s rss=4080MB hwm=4080MB
RSS_SAMPLE t=183.2s rss=4080MB hwm=4080MB
RSS_SAMPLE t=183.4s rss=4080MB hwm=4080MB
RSS_SAMPLE t=183.7s rss=4080MB hwm=4080MB
RSS_SAMPLE t=183.9s rss=4081MB hwm=4081MB
RSS_SAMPLE t=184.2s rss=4081MB hwm=4081MB
RSS_SAMPLE t=184.4s rss=4081MB hwm=4081MB
RSS_SAMPLE t=184.7s rss=4081MB hwm=4081MB
RSS_SAMPLE t=184.9s rss=4081MB hwm=4081MB
RSS_SAMPLE t=185.2s rss=4081MB hwm=4081MB
RSS_SAMPLE t=185.4s rss=4081MB hwm=4081MB
RSS_SAMPLE t=185.7s rss=4081MB hwm=4081MB
RSS_SAMPLE t=185.9s rss=4081MB hwm=4081MB
RSS_SAMPLE t=186.2s rss=4081MB hwm=4081MB
RSS_SAMPLE t=186.4s rss=4082MB hwm=4082MB
RSS_SAMPLE t=186.7s rss=4082MB hwm=4082MB
RSS_SAMPLE t=186.9s rss=4082MB hwm=4082MB
RSS_SAMPLE t=187.2s rss=4082MB hwm=4082MB
RSS_SAMPLE t=187.4s rss=4082MB hwm=4082MB
RSS_SAMPLE t=187.7s rss=4082MB hwm=4082MB
RSS_SAMPLE t=187.9s rss=4082MB hwm=4082MB
RSS_SAMPLE t=188.2s rss=4083MB hwm=4083MB
RSS_SAMPLE t=188.4s rss=4083MB hwm=4083MB
RSS_SAMPLE t=188.7s rss=4083MB hwm=4083MB
RSS_SAMPLE t=188.9s rss=4083MB hwm=4083MB
RSS_SAMPLE t=189.2s rss=4083MB hwm=4083MB
RSS_SAMPLE t=189.4s rss=4083MB hwm=4083MB
RSS_SAMPLE t=189.7s rss=4083MB hwm=4083MB
RSS_SAMPLE t=189.9s rss=4083MB hwm=4083MB
RSS_SAMPLE t=190.2s rss=4083MB hwm=4083MB
RSS_SAMPLE t=190.4s rss=4083MB hwm=4083MB
RSS_SAMPLE t=190.7s rss=4083MB hwm=4083MB
RSS_SAMPLE t=190.9s rss=4083MB hwm=4083MB
RSS_SAMPLE t=191.2s rss=4083MB hwm=4083MB
MEM_POOL: workspaces=32 dense_usage_mb=1251 n_pipes=2562403
    post_solve_diag[outer=0]: solves=105117 cap_armed=105117 (100.0%) settle_avg=9395 above_sink_avg=228 (2.4%) settle_max=69353
    settle_hist[outer=0]: <100: 25265nets/0.1%work  <1k: 22111nets/0.7%work  <5k: 24042nets/6.3%work  <20k: 14154nets/15.7%work  <60k: 17184nets/61.2%work  >=60k: 2361nets/15.9%work
    fanout_hist[outer=0]: fan1: 43710nets/13.4%work  fan2-4: 48279nets/50.8%work  fan5-16: 12974nets/35.0%work  fan17-64: 154nets/0.8%work  fan65-256: 0nets/0.0%work  fan>256: 0nets/0.0%work
    rss_probe[outer=0]: pre_post_solve=1946MB post_post_solve=4103MB after_apply=4103MB
MuxSlotTracker[sweep 0 LEAK]: populated_cells=60001, overflow_tiles=2, at_cap_tiles=1508, peak_excess=11, capacity_hist={16:67346}
RSS_SAMPLE t=191.4s rss=4087MB hwm=4099MB
    E_decomp: base=10438307.7 eff=10967543.2 cong=529235.5 cong_share=4.8% sat_pipes=173685 max_util=1128.50  R_buckets: 1-2x=2562403 2-10x=0 10-100x=0 >=100x=0
    E_potential: beckmann=14021623631616.7 history_total=0.0
    SpanCache: epoch=1 entries=110 lookups=2562403 hits=2562293 misses=110 hit_rate=100.0%
  DCD   0: nets=105117 line=17107890 energy=2329224.341 dE=+0.000 friction=4296932.5 bins=2.8x(1080) excess=565.0 moved=59887 disp=inf solves=210234 skip=0 pops=2074908945 theta=0.250 refresh=125383ms dcd=6940ms total=135154ms
    cache_stats: entries=52651453 capacity=88980192 est_mb=769 rss_mb=4087
RSS_SAMPLE t=191.7s rss=4088MB hwm=4099MB
RSS_SAMPLE t=191.9s rss=4088MB hwm=4099MB
RSS_SAMPLE t=192.2s rss=4088MB hwm=4099MB
RSS_SAMPLE t=192.4s rss=4088MB hwm=4099MB
RSS_SAMPLE t=192.7s rss=4088MB hwm=4099MB
RSS_SAMPLE t=192.9s rss=4088MB hwm=4099MB
RSS_SAMPLE t=193.2s rss=4088MB hwm=4099MB
RSS_SAMPLE t=193.4s rss=4088MB hwm=4099MB
RSS_SAMPLE t=193.7s rss=4088MB hwm=4099MB
RSS_SAMPLE t=193.9s rss=4088MB hwm=4099MB
    SwitchMatrix: type_usage_pairs=870 lookups=2492 hits=1622 dijkstra_calls=870 avg_us=12.5 total_ms=10.9
PHASE_MARK outer=1 enter=pre_solve rss=4088MB
    rss_probe[outer=1]: pre_refresh_rss=4088MB post_pre_solve_rss=4088MB cache_entries=52651453 cache_cap=88980192 cache_est_mb=769
    pre_solve_diag[outer=1]: solves=0 fallback=0 (0.0%) cap_armed=0 (0.0%) settle_avg=0 settle_max=0 init_count=245
    Overflow: over=149894 (5.8% of used) avg_excess=2.34 max_excess=1502.68 (nc=1526.68 cap=24 span=1)  excess_buckets: <=1=78397 1-5=55383 5-20=14654 >20=1460  by_cap: cap1=77963 cap2=45999 cap3-5=142 cap>5=25790  by_span: s1=1547 s2-3=1885 s4-6=15733 s7-12=50995 s>12=79734  le1_cross: cap1=50070 cap2-5=25086 cap>5=3241
    Congestion: pipes=2562403 used=2562403 congested(>50%)=359503 saturated(>90%)=173685 max_util=1128.50 avg_util=0.2972
PHASE_MARK outer=1 enter=dcd_sweep rss=4088MB
RSS_SAMPLE t=194.2s rss=4088MB hwm=4099MB
RSS_SAMPLE t=194.4s rss=4088MB hwm=4099MB
RSS_SAMPLE t=194.7s rss=4088MB hwm=4099MB
RSS_SAMPLE t=194.9s rss=4088MB hwm=4099MB
RSS_SAMPLE t=195.2s rss=4088MB hwm=4099MB
RSS_SAMPLE t=195.4s rss=4088MB hwm=4099MB
RSS_SAMPLE t=195.7s rss=4088MB hwm=4099MB
RSS_SAMPLE t=195.9s rss=4088MB hwm=4099MB
RSS_SAMPLE t=196.2s rss=4088MB hwm=4099MB
RSS_SAMPLE t=196.4s rss=4088MB hwm=4099MB
RSS_SAMPLE t=196.7s rss=4088MB hwm=4099MB
RSS_SAMPLE t=196.9s rss=4088MB hwm=4099MB
RSS_SAMPLE t=197.2s rss=4088MB hwm=4099MB
RSS_SAMPLE t=197.4s rss=4088MB hwm=4099MB
RSS_SAMPLE t=197.7s rss=4088MB hwm=4099MB
RSS_SAMPLE t=197.9s rss=4088MB hwm=4099MB
RSS_SAMPLE t=198.2s rss=4088MB hwm=4099MB
RSS_SAMPLE t=198.4s rss=4088MB hwm=4099MB
RSS_SAMPLE t=198.7s rss=4088MB hwm=4099MB
RSS_SAMPLE t=198.9s rss=4088MB hwm=4099MB
RSS_SAMPLE t=199.2s rss=4088MB hwm=4099MB
RSS_SAMPLE t=199.4s rss=4088MB hwm=4099MB
RSS_SAMPLE t=199.7s rss=4088MB hwm=4099MB
RSS_SAMPLE t=199.9s rss=4088MB hwm=4099MB
RSS_SAMPLE t=200.2s rss=4088MB hwm=4099MB
RSS_SAMPLE t=200.4s rss=4088MB hwm=4099MB
RSS_SAMPLE t=200.7s rss=4088MB hwm=4099MB
RSS_SAMPLE t=200.9s rss=4088MB hwm=4099MB
PHASE_MARK outer=1 leave=dcd_sweep rss=4088MB
PHASE_MARK outer=1 enter=post_refresh rss=4088MB
RSS_SAMPLE t=201.2s rss=4098MB hwm=4099MB
RSS_SAMPLE t=201.4s rss=4098MB hwm=4099MB
RSS_SAMPLE t=201.7s rss=4098MB hwm=4099MB
RSS_SAMPLE t=201.9s rss=4098MB hwm=4099MB
RSS_SAMPLE t=202.2s rss=4098MB hwm=4099MB
RSS_SAMPLE t=202.4s rss=4098MB hwm=4099MB
RSS_SAMPLE t=202.7s rss=4098MB hwm=4099MB
RSS_SAMPLE t=202.9s rss=4098MB hwm=4099MB
RSS_SAMPLE t=203.2s rss=4098MB hwm=4099MB
RSS_SAMPLE t=203.4s rss=4098MB hwm=4099MB
RSS_SAMPLE t=203.7s rss=4098MB hwm=4099MB
RSS_SAMPLE t=203.9s rss=4167MB hwm=4167MB
RSS_SAMPLE t=204.2s rss=4184MB hwm=4184MB
RSS_SAMPLE t=204.4s rss=4195MB hwm=4195MB
RSS_SAMPLE t=204.7s rss=4202MB hwm=4202MB
RSS_SAMPLE t=204.9s rss=4205MB hwm=4205MB
RSS_SAMPLE t=205.2s rss=4207MB hwm=4207MB
RSS_SAMPLE t=205.4s rss=4209MB hwm=4209MB
RSS_SAMPLE t=205.7s rss=4211MB hwm=4211MB
RSS_SAMPLE t=205.9s rss=4211MB hwm=4211MB
RSS_SAMPLE t=206.2s rss=4213MB hwm=4213MB
RSS_SAMPLE t=206.4s rss=4214MB hwm=4214MB
RSS_SAMPLE t=206.7s rss=4215MB hwm=4215MB
RSS_SAMPLE t=206.9s rss=4216MB hwm=4216MB
RSS_SAMPLE t=207.2s rss=4218MB hwm=4218MB
RSS_SAMPLE t=207.4s rss=4220MB hwm=4220MB
RSS_SAMPLE t=207.7s rss=4221MB hwm=4221MB
RSS_SAMPLE t=207.9s rss=4222MB hwm=4222MB
RSS_SAMPLE t=208.2s rss=4223MB hwm=4223MB
RSS_SAMPLE t=208.4s rss=4224MB hwm=4224MB
RSS_SAMPLE t=208.7s rss=4226MB hwm=4226MB
RSS_SAMPLE t=208.9s rss=4227MB hwm=4227MB
RSS_SAMPLE t=209.2s rss=4228MB hwm=4228MB
RSS_SAMPLE t=209.4s rss=4229MB hwm=4229MB
RSS_SAMPLE t=209.7s rss=4230MB hwm=4230MB
RSS_SAMPLE t=209.9s rss=4231MB hwm=4231MB
RSS_SAMPLE t=210.2s rss=4233MB hwm=4233MB
RSS_SAMPLE t=210.4s rss=4234MB hwm=4234MB
RSS_SAMPLE t=210.7s rss=4235MB hwm=4235MB
RSS_SAMPLE t=210.9s rss=4236MB hwm=4236MB
RSS_SAMPLE t=211.2s rss=4236MB hwm=4236MB
RSS_SAMPLE t=211.4s rss=4237MB hwm=4237MB
RSS_SAMPLE t=211.7s rss=4238MB hwm=4238MB
RSS_SAMPLE t=211.9s rss=4239MB hwm=4239MB
RSS_SAMPLE t=212.2s rss=4240MB hwm=4240MB
RSS_SAMPLE t=212.4s rss=4241MB hwm=4241MB
RSS_SAMPLE t=212.7s rss=4241MB hwm=4241MB
RSS_SAMPLE t=212.9s rss=4243MB hwm=4243MB
RSS_SAMPLE t=213.2s rss=4243MB hwm=4243MB
RSS_SAMPLE t=213.4s rss=4243MB hwm=4243MB
RSS_SAMPLE t=213.7s rss=4244MB hwm=4244MB
RSS_SAMPLE t=213.9s rss=4244MB hwm=4244MB
RSS_SAMPLE t=214.2s rss=4245MB hwm=4245MB
RSS_SAMPLE t=214.4s rss=4245MB hwm=4245MB
RSS_SAMPLE t=214.7s rss=4246MB hwm=4246MB
RSS_SAMPLE t=214.9s rss=4246MB hwm=4246MB
RSS_SAMPLE t=215.2s rss=4247MB hwm=4247MB
RSS_SAMPLE t=215.4s rss=4247MB hwm=4247MB
RSS_SAMPLE t=215.7s rss=4248MB hwm=4248MB
RSS_SAMPLE t=215.9s rss=4249MB hwm=4249MB
RSS_SAMPLE t=216.2s rss=4249MB hwm=4249MB
RSS_SAMPLE t=216.4s rss=4249MB hwm=4249MB
RSS_SAMPLE t=216.7s rss=4250MB hwm=4250MB
RSS_SAMPLE t=216.9s rss=4251MB hwm=4251MB
RSS_SAMPLE t=217.2s rss=4251MB hwm=4251MB
RSS_SAMPLE t=217.4s rss=4252MB hwm=4252MB
RSS_SAMPLE t=217.7s rss=4252MB hwm=4252MB
RSS_SAMPLE t=217.9s rss=4253MB hwm=4253MB
RSS_SAMPLE t=218.2s rss=4253MB hwm=4253MB
RSS_SAMPLE t=218.4s rss=4253MB hwm=4253MB
RSS_SAMPLE t=218.7s rss=4254MB hwm=4254MB
RSS_SAMPLE t=218.9s rss=4254MB hwm=4254MB
RSS_SAMPLE t=219.2s rss=4255MB hwm=4255MB
RSS_SAMPLE t=219.4s rss=4255MB hwm=4255MB
RSS_SAMPLE t=219.7s rss=4255MB hwm=4255MB
RSS_SAMPLE t=219.9s rss=4256MB hwm=4256MB
RSS_SAMPLE t=220.2s rss=4257MB hwm=4257MB
RSS_SAMPLE t=220.4s rss=4257MB hwm=4257MB
RSS_SAMPLE t=220.7s rss=4258MB hwm=4258MB
RSS_SAMPLE t=220.9s rss=4258MB hwm=4258MB
RSS_SAMPLE t=221.2s rss=4259MB hwm=4259MB
RSS_SAMPLE t=221.4s rss=4260MB hwm=4260MB
RSS_SAMPLE t=221.7s rss=4261MB hwm=4261MB
RSS_SAMPLE t=221.9s rss=4262MB hwm=4262MB
RSS_SAMPLE t=222.2s rss=4263MB hwm=4263MB
RSS_SAMPLE t=222.4s rss=4264MB hwm=4264MB
RSS_SAMPLE t=222.7s rss=4265MB hwm=4265MB
RSS_SAMPLE t=222.9s rss=4267MB hwm=4267MB
RSS_SAMPLE t=223.2s rss=4268MB hwm=4268MB
RSS_SAMPLE t=223.4s rss=4269MB hwm=4269MB
RSS_SAMPLE t=223.7s rss=4271MB hwm=4271MB
RSS_SAMPLE t=223.9s rss=4274MB hwm=4274MB
RSS_SAMPLE t=224.2s rss=4276MB hwm=4276MB
RSS_SAMPLE t=224.4s rss=4278MB hwm=4278MB
RSS_SAMPLE t=224.7s rss=4281MB hwm=4281MB
RSS_SAMPLE t=224.9s rss=4282MB hwm=4282MB
RSS_SAMPLE t=225.2s rss=4283MB hwm=4283MB
RSS_SAMPLE t=225.4s rss=4283MB hwm=4283MB
RSS_SAMPLE t=225.7s rss=4284MB hwm=4284MB
RSS_SAMPLE t=225.9s rss=4284MB hwm=4284MB
RSS_SAMPLE t=226.2s rss=4284MB hwm=4284MB
RSS_SAMPLE t=226.4s rss=4284MB hwm=4284MB
RSS_SAMPLE t=226.7s rss=4284MB hwm=4284MB
RSS_SAMPLE t=226.9s rss=4284MB hwm=4284MB
RSS_SAMPLE t=227.2s rss=4284MB hwm=4284MB
RSS_SAMPLE t=227.4s rss=4284MB hwm=4284MB
RSS_SAMPLE t=227.7s rss=4284MB hwm=4284MB
RSS_SAMPLE t=227.9s rss=4284MB hwm=4284MB
RSS_SAMPLE t=228.2s rss=4284MB hwm=4284MB
RSS_SAMPLE t=228.4s rss=4284MB hwm=4284MB
RSS_SAMPLE t=228.7s rss=4284MB hwm=4284MB
RSS_SAMPLE t=228.9s rss=4284MB hwm=4284MB
RSS_SAMPLE t=229.2s rss=4284MB hwm=4284MB
RSS_SAMPLE t=229.4s rss=4284MB hwm=4284MB
RSS_SAMPLE t=229.7s rss=4284MB hwm=4284MB
RSS_SAMPLE t=229.9s rss=4285MB hwm=4285MB
RSS_SAMPLE t=230.2s rss=4285MB hwm=4285MB
RSS_SAMPLE t=230.4s rss=4285MB hwm=4285MB
RSS_SAMPLE t=230.7s rss=4285MB hwm=4285MB
RSS_SAMPLE t=230.9s rss=4285MB hwm=4285MB
RSS_SAMPLE t=231.2s rss=4285MB hwm=4285MB
RSS_SAMPLE t=231.4s rss=4285MB hwm=4285MB
RSS_SAMPLE t=231.7s rss=4285MB hwm=4285MB
RSS_SAMPLE t=231.9s rss=4285MB hwm=4285MB
RSS_SAMPLE t=232.2s rss=4285MB hwm=4285MB
RSS_SAMPLE t=232.4s rss=4285MB hwm=4285MB
RSS_SAMPLE t=232.7s rss=4285MB hwm=4285MB
RSS_SAMPLE t=232.9s rss=4285MB hwm=4285MB
RSS_SAMPLE t=233.2s rss=4285MB hwm=4285MB
RSS_SAMPLE t=233.4s rss=4285MB hwm=4285MB
RSS_SAMPLE t=233.7s rss=4285MB hwm=4285MB
RSS_SAMPLE t=233.9s rss=4285MB hwm=4285MB
RSS_SAMPLE t=234.2s rss=4285MB hwm=4285MB
RSS_SAMPLE t=234.4s rss=4285MB hwm=4285MB
RSS_SAMPLE t=234.7s rss=4286MB hwm=4286MB
RSS_SAMPLE t=234.9s rss=4286MB hwm=4286MB
RSS_SAMPLE t=235.2s rss=4286MB hwm=4286MB
RSS_SAMPLE t=235.4s rss=4286MB hwm=4286MB
RSS_SAMPLE t=235.7s rss=4286MB hwm=4286MB
RSS_SAMPLE t=235.9s rss=4286MB hwm=4286MB
RSS_SAMPLE t=236.2s rss=4286MB hwm=4286MB
RSS_SAMPLE t=236.4s rss=4286MB hwm=4286MB
RSS_SAMPLE t=236.7s rss=4286MB hwm=4286MB
RSS_SAMPLE t=236.9s rss=4286MB hwm=4286MB
RSS_SAMPLE t=237.2s rss=4286MB hwm=4286MB
RSS_SAMPLE t=237.4s rss=4286MB hwm=4286MB
RSS_SAMPLE t=237.7s rss=4286MB hwm=4286MB
RSS_SAMPLE t=237.9s rss=4287MB hwm=4287MB
RSS_SAMPLE t=238.2s rss=4287MB hwm=4287MB
RSS_SAMPLE t=238.4s rss=4287MB hwm=4287MB
RSS_SAMPLE t=238.7s rss=4287MB hwm=4287MB
RSS_SAMPLE t=238.9s rss=4287MB hwm=4287MB
RSS_SAMPLE t=239.2s rss=4287MB hwm=4287MB
RSS_SAMPLE t=239.4s rss=4287MB hwm=4287MB
RSS_SAMPLE t=239.7s rss=4287MB hwm=4287MB
RSS_SAMPLE t=239.9s rss=4287MB hwm=4287MB
RSS_SAMPLE t=240.2s rss=4287MB hwm=4287MB
RSS_SAMPLE t=240.4s rss=4287MB hwm=4287MB
RSS_SAMPLE t=240.7s rss=4287MB hwm=4287MB
RSS_SAMPLE t=240.9s rss=4287MB hwm=4287MB
RSS_SAMPLE t=241.2s rss=4287MB hwm=4287MB
RSS_SAMPLE t=241.4s rss=4287MB hwm=4287MB
RSS_SAMPLE t=241.7s rss=4287MB hwm=4287MB
RSS_SAMPLE t=241.9s rss=4287MB hwm=4287MB
RSS_SAMPLE t=242.2s rss=4287MB hwm=4287MB
RSS_SAMPLE t=242.4s rss=4287MB hwm=4287MB
RSS_SAMPLE t=242.7s rss=4287MB hwm=4287MB
RSS_SAMPLE t=242.9s rss=4287MB hwm=4287MB
RSS_SAMPLE t=243.2s rss=4287MB hwm=4287MB
RSS_SAMPLE t=243.4s rss=4306MB hwm=4306MB
MEM_POOL: workspaces=32 dense_usage_mb=1251 n_pipes=2562403
    post_solve_diag[outer=1]: solves=105117 cap_armed=105117 (100.0%) settle_avg=8166 above_sink_avg=138 (1.7%) settle_max=69353
    settle_hist[outer=1]: <100: 27248nets/0.1%work  <1k: 24069nets/1.0%work  <5k: 23464nets/6.8%work  <20k: 13546nets/17.6%work  <60k: 15030nets/61.1%work  >=60k: 1760nets/13.5%work
    fanout_hist[outer=1]: fan1: 43710nets/11.8%work  fan2-4: 48279nets/50.4%work  fan5-16: 12974nets/36.9%work  fan17-64: 154nets/0.9%work  fan65-256: 0nets/0.0%work  fan>256: 0nets/0.0%work
    rss_probe[outer=1]: pre_post_solve=4098MB post_post_solve=4307MB after_apply=4307MB
    E_decomp: base=8618903.1 eff=65220524069090.5 cong=65220515450187.4 cong_share=100.0% sat_pipes=118919 max_util=2492.21  R_buckets: 1-2x=134364 2-10x=1093 10-100x=582 >=100x=2426364
    E_potential: beckmann=9034991886523970.0 history_total=0.0
    SpanCache: epoch=2 entries=2492 lookups=2562403 hits=2559911 misses=2492 hit_rate=99.9%
  DCD   1: nets=105117 line=16403291 energy=4825158859.288 dE=+4822829634.947 friction=267897308.4 bins=2.0x(1009) excess=392.1 moved=64984 disp=10.999 solves=105117 skip=105117 pops=858362672 theta=0.293 refresh=42484ms dcd=6904ms total=52084ms
    cache_stats: entries=50506858 capacity=88237475 est_mb=762 rss_mb=4309
RSS_SAMPLE t=243.7s rss=4309MB hwm=4309MB
RSS_SAMPLE t=243.9s rss=4309MB hwm=4309MB
RSS_SAMPLE t=244.2s rss=4309MB hwm=4309MB
RSS_SAMPLE t=244.4s rss=4309MB hwm=4309MB
RSS_SAMPLE t=244.7s rss=4309MB hwm=4309MB
RSS_SAMPLE t=244.9s rss=4309MB hwm=4309MB
RSS_SAMPLE t=245.2s rss=4309MB hwm=4309MB
RSS_SAMPLE t=245.4s rss=4309MB hwm=4309MB
RSS_SAMPLE t=245.7s rss=4309MB hwm=4309MB
RSS_SAMPLE t=245.9s rss=4309MB hwm=4309MB
RSS_SAMPLE t=246.2s rss=4309MB hwm=4309MB
    SwitchMatrix: type_usage_pairs=1349 lookups=3226 hits=1877 dijkstra_calls=1349 avg_us=8.7 total_ms=11.8
PHASE_MARK outer=2 enter=pre_solve rss=4309MB
    rss_probe[outer=2]: pre_refresh_rss=4309MB post_pre_solve_rss=4327MB cache_entries=50506858 cache_cap=88237475 cache_est_mb=762
    pre_solve_diag[outer=2]: solves=0 fallback=0 (0.0%) cap_armed=0 (0.0%) settle_avg=0 settle_max=0 init_count=245
    Overflow: over=107304 (4.2% of used) avg_excess=11.41 max_excess=3176.67 (nc=3200.67 cap=24 span=1)  excess_buckets: <=1=37306 1-5=50134 5-20=15156 >20=4708  by_cap: cap1=28062 cap2=71934 cap3-5=25 cap>5=7283  by_span: s1=684 s2-3=1572 s4-6=4527 s7-12=72247 s>12=28274  le1_cross: cap1=21718 cap2-5=14037 cap>5=1551
    Congestion: pipes=2562403 used=2562403 congested(>50%)=214733 saturated(>90%)=118919 max_util=2492.21 avg_util=0.3222
PHASE_MARK outer=2 enter=dcd_sweep rss=4327MB
RSS_SAMPLE t=246.4s rss=4327MB hwm=4327MB
RSS_SAMPLE t=246.7s rss=4327MB hwm=4327MB
RSS_SAMPLE t=246.9s rss=4327MB hwm=4327MB
RSS_SAMPLE t=247.2s rss=4327MB hwm=4327MB
RSS_SAMPLE t=247.4s rss=4327MB hwm=4327MB
RSS_SAMPLE t=247.7s rss=4327MB hwm=4327MB
RSS_SAMPLE t=247.9s rss=4327MB hwm=4327MB
RSS_SAMPLE t=248.2s rss=4327MB hwm=4327MB
RSS_SAMPLE t=248.4s rss=4327MB hwm=4327MB
RSS_SAMPLE t=248.7s rss=4327MB hwm=4327MB
RSS_SAMPLE t=248.9s rss=4327MB hwm=4327MB
RSS_SAMPLE t=249.2s rss=4327MB hwm=4327MB
RSS_SAMPLE t=249.4s rss=4327MB hwm=4327MB
RSS_SAMPLE t=249.7s rss=4327MB hwm=4327MB
RSS_SAMPLE t=249.9s rss=4327MB hwm=4327MB
RSS_SAMPLE t=250.2s rss=4327MB hwm=4327MB
RSS_SAMPLE t=250.4s rss=4327MB hwm=4327MB
RSS_SAMPLE t=250.7s rss=4327MB hwm=4327MB
RSS_SAMPLE t=250.9s rss=4327MB hwm=4327MB
RSS_SAMPLE t=251.2s rss=4327MB hwm=4327MB
RSS_SAMPLE t=251.4s rss=4327MB hwm=4327MB
RSS_SAMPLE t=251.7s rss=4327MB hwm=4327MB
RSS_SAMPLE t=251.9s rss=4327MB hwm=4327MB
RSS_SAMPLE t=252.2s rss=4327MB hwm=4327MB
RSS_SAMPLE t=252.4s rss=4327MB hwm=4327MB
RSS_SAMPLE t=252.7s rss=4327MB hwm=4327MB
RSS_SAMPLE t=252.9s rss=4327MB hwm=4327MB
RSS_SAMPLE t=253.2s rss=4327MB hwm=4327MB
PHASE_MARK outer=2 leave=dcd_sweep rss=4327MB
PHASE_MARK outer=2 enter=post_refresh rss=4327MB
RSS_SAMPLE t=253.5s rss=4329MB hwm=4329MB
RSS_SAMPLE t=253.7s rss=4329MB hwm=4329MB
RSS_SAMPLE t=254.0s rss=4329MB hwm=4329MB
RSS_SAMPLE t=254.2s rss=4329MB hwm=4329MB
RSS_SAMPLE t=254.5s rss=4329MB hwm=4329MB
RSS_SAMPLE t=254.7s rss=4329MB hwm=4329MB
RSS_SAMPLE t=255.0s rss=4329MB hwm=4329MB
RSS_SAMPLE t=255.2s rss=4329MB hwm=4329MB
RSS_SAMPLE t=255.5s rss=4329MB hwm=4329MB
RSS_SAMPLE t=255.7s rss=4329MB hwm=4329MB
RSS_SAMPLE t=256.0s rss=4329MB hwm=4329MB
RSS_SAMPLE t=256.2s rss=4330MB hwm=4330MB
RSS_SAMPLE t=256.5s rss=4330MB hwm=4330MB
RSS_SAMPLE t=256.7s rss=4331MB hwm=4331MB
RSS_SAMPLE t=257.0s rss=4331MB hwm=4331MB
RSS_SAMPLE t=257.2s rss=4332MB hwm=4332MB
RSS_SAMPLE t=257.5s rss=4332MB hwm=4332MB
RSS_SAMPLE t=257.7s rss=4332MB hwm=4332MB
RSS_SAMPLE t=258.0s rss=4333MB hwm=4333MB
RSS_SAMPLE t=258.2s rss=4333MB hwm=4333MB
RSS_SAMPLE t=258.5s rss=4334MB hwm=4334MB
RSS_SAMPLE t=258.7s rss=4334MB hwm=4334MB
RSS_SAMPLE t=259.0s rss=4334MB hwm=4334MB
RSS_SAMPLE t=259.2s rss=4335MB hwm=4335MB
RSS_SAMPLE t=259.5s rss=4335MB hwm=4335MB
RSS_SAMPLE t=259.7s rss=4335MB hwm=4335MB
RSS_SAMPLE t=260.0s rss=4336MB hwm=4336MB
RSS_SAMPLE t=260.2s rss=4336MB hwm=4336MB
RSS_SAMPLE t=260.5s rss=4336MB hwm=4336MB
RSS_SAMPLE t=260.7s rss=4337MB hwm=4337MB
RSS_SAMPLE t=261.0s rss=4337MB hwm=4337MB
RSS_SAMPLE t=261.2s rss=4338MB hwm=4338MB
RSS_SAMPLE t=261.5s rss=4338MB hwm=4338MB
RSS_SAMPLE t=261.7s rss=4339MB hwm=4339MB
RSS_SAMPLE t=262.0s rss=4339MB hwm=4339MB
RSS_SAMPLE t=262.2s rss=4340MB hwm=4340MB
RSS_SAMPLE t=262.5s rss=4340MB hwm=4340MB
RSS_SAMPLE t=262.7s rss=4340MB hwm=4340MB
RSS_SAMPLE t=263.0s rss=4341MB hwm=4341MB
RSS_SAMPLE t=263.2s rss=4341MB hwm=4341MB
RSS_SAMPLE t=263.5s rss=4341MB hwm=4341MB
RSS_SAMPLE t=263.7s rss=4342MB hwm=4342MB
RSS_SAMPLE t=264.0s rss=4342MB hwm=4342MB
RSS_SAMPLE t=264.2s rss=4343MB hwm=4343MB
RSS_SAMPLE t=264.5s rss=4343MB hwm=4343MB
RSS_SAMPLE t=264.7s rss=4343MB hwm=4343MB
RSS_SAMPLE t=265.0s rss=4344MB hwm=4344MB
RSS_SAMPLE t=265.2s rss=4344MB hwm=4344MB
RSS_SAMPLE t=265.5s rss=4345MB hwm=4345MB
RSS_SAMPLE t=265.7s rss=4345MB hwm=4345MB
RSS_SAMPLE t=266.0s rss=4346MB hwm=4346MB
RSS_SAMPLE t=266.2s rss=4347MB hwm=4347MB
RSS_SAMPLE t=266.5s rss=4347MB hwm=4347MB
RSS_SAMPLE t=266.7s rss=4348MB hwm=4348MB
RSS_SAMPLE t=267.0s rss=4348MB hwm=4348MB
RSS_SAMPLE t=267.2s rss=4348MB hwm=4348MB
RSS_SAMPLE t=267.5s rss=4348MB hwm=4348MB
RSS_SAMPLE t=267.7s rss=4349MB hwm=4349MB
RSS_SAMPLE t=268.0s rss=4349MB hwm=4349MB
RSS_SAMPLE t=268.2s rss=4350MB hwm=4350MB
RSS_SAMPLE t=268.5s rss=4350MB hwm=4350MB
RSS_SAMPLE t=268.7s rss=4351MB hwm=4351MB
RSS_SAMPLE t=269.0s rss=4351MB hwm=4351MB
RSS_SAMPLE t=269.2s rss=4351MB hwm=4351MB
RSS_SAMPLE t=269.5s rss=4352MB hwm=4352MB
RSS_SAMPLE t=269.7s rss=4352MB hwm=4352MB
RSS_SAMPLE t=270.0s rss=4353MB hwm=4353MB
RSS_SAMPLE t=270.2s rss=4353MB hwm=4353MB
RSS_SAMPLE t=270.5s rss=4354MB hwm=4354MB
RSS_SAMPLE t=270.7s rss=4354MB hwm=4354MB
RSS_SAMPLE t=271.0s rss=4355MB hwm=4355MB
RSS_SAMPLE t=271.2s rss=4355MB hwm=4355MB
RSS_SAMPLE t=271.5s rss=4356MB hwm=4356MB
RSS_SAMPLE t=271.7s rss=4356MB hwm=4356MB
RSS_SAMPLE t=272.0s rss=4356MB hwm=4356MB
RSS_SAMPLE t=272.2s rss=4357MB hwm=4357MB
RSS_SAMPLE t=272.5s rss=4357MB hwm=4357MB
RSS_SAMPLE t=272.7s rss=4358MB hwm=4358MB
RSS_SAMPLE t=273.0s rss=4358MB hwm=4358MB
RSS_SAMPLE t=273.2s rss=4359MB hwm=4359MB
RSS_SAMPLE t=273.5s rss=4359MB hwm=4359MB
RSS_SAMPLE t=273.7s rss=4360MB hwm=4360MB
RSS_SAMPLE t=274.0s rss=4360MB hwm=4360MB
RSS_SAMPLE t=274.2s rss=4361MB hwm=4361MB
RSS_SAMPLE t=274.5s rss=4361MB hwm=4361MB
RSS_SAMPLE t=274.7s rss=4361MB hwm=4361MB
RSS_SAMPLE t=275.0s rss=4361MB hwm=4361MB
RSS_SAMPLE t=275.2s rss=4362MB hwm=4362MB
RSS_SAMPLE t=275.5s rss=4362MB hwm=4362MB
RSS_SAMPLE t=275.7s rss=4362MB hwm=4362MB
RSS_SAMPLE t=276.0s rss=4363MB hwm=4363MB
RSS_SAMPLE t=276.2s rss=4363MB hwm=4363MB
RSS_SAMPLE t=276.5s rss=4363MB hwm=4363MB
RSS_SAMPLE t=276.7s rss=4363MB hwm=4363MB
RSS_SAMPLE t=277.0s rss=4363MB hwm=4363MB
RSS_SAMPLE t=277.2s rss=4363MB hwm=4363MB
RSS_SAMPLE t=277.5s rss=4363MB hwm=4363MB
RSS_SAMPLE t=277.7s rss=4364MB hwm=4364MB
RSS_SAMPLE t=278.0s rss=4364MB hwm=4364MB
RSS_SAMPLE t=278.2s rss=4364MB hwm=4364MB
RSS_SAMPLE t=278.5s rss=4365MB hwm=4365MB
RSS_SAMPLE t=278.7s rss=4365MB hwm=4365MB
RSS_SAMPLE t=279.0s rss=4365MB hwm=4365MB
RSS_SAMPLE t=279.2s rss=4365MB hwm=4365MB
RSS_SAMPLE t=279.5s rss=4366MB hwm=4366MB
RSS_SAMPLE t=279.7s rss=4366MB hwm=4366MB
RSS_SAMPLE t=280.0s rss=4366MB hwm=4366MB
RSS_SAMPLE t=280.2s rss=4366MB hwm=4366MB
RSS_SAMPLE t=280.5s rss=4366MB hwm=4366MB
RSS_SAMPLE t=280.7s rss=4366MB hwm=4366MB
RSS_SAMPLE t=281.0s rss=4366MB hwm=4366MB
RSS_SAMPLE t=281.2s rss=4366MB hwm=4366MB
RSS_SAMPLE t=281.5s rss=4366MB hwm=4366MB
RSS_SAMPLE t=281.7s rss=4366MB hwm=4366MB
RSS_SAMPLE t=282.0s rss=4366MB hwm=4366MB
RSS_SAMPLE t=282.2s rss=4366MB hwm=4366MB
RSS_SAMPLE t=282.5s rss=4366MB hwm=4366MB
RSS_SAMPLE t=282.7s rss=4366MB hwm=4366MB
RSS_SAMPLE t=283.0s rss=4366MB hwm=4366MB
RSS_SAMPLE t=283.2s rss=4366MB hwm=4366MB
RSS_SAMPLE t=283.5s rss=4366MB hwm=4366MB
RSS_SAMPLE t=283.7s rss=4366MB hwm=4366MB
RSS_SAMPLE t=284.0s rss=4366MB hwm=4366MB
RSS_SAMPLE t=284.2s rss=4366MB hwm=4366MB
RSS_SAMPLE t=284.5s rss=4366MB hwm=4366MB
RSS_SAMPLE t=284.7s rss=4367MB hwm=4367MB
RSS_SAMPLE t=285.0s rss=4367MB hwm=4367MB
RSS_SAMPLE t=285.2s rss=4367MB hwm=4367MB
RSS_SAMPLE t=285.5s rss=4367MB hwm=4367MB
RSS_SAMPLE t=285.7s rss=4367MB hwm=4367MB
RSS_SAMPLE t=286.0s rss=4367MB hwm=4367MB
RSS_SAMPLE t=286.2s rss=4367MB hwm=4367MB
RSS_SAMPLE t=286.5s rss=4367MB hwm=4367MB
RSS_SAMPLE t=286.7s rss=4367MB hwm=4367MB
RSS_SAMPLE t=287.0s rss=4367MB hwm=4367MB
RSS_SAMPLE t=287.2s rss=4367MB hwm=4367MB
RSS_SAMPLE t=287.5s rss=4367MB hwm=4367MB
RSS_SAMPLE t=287.7s rss=4367MB hwm=4367MB
RSS_SAMPLE t=288.0s rss=4367MB hwm=4367MB
RSS_SAMPLE t=288.2s rss=4367MB hwm=4367MB
RSS_SAMPLE t=288.5s rss=4367MB hwm=4367MB
RSS_SAMPLE t=288.7s rss=4367MB hwm=4367MB
RSS_SAMPLE t=289.0s rss=4367MB hwm=4367MB
RSS_SAMPLE t=289.2s rss=4367MB hwm=4367MB
RSS_SAMPLE t=289.5s rss=4367MB hwm=4367MB
RSS_SAMPLE t=289.7s rss=4367MB hwm=4367MB
RSS_SAMPLE t=290.0s rss=4367MB hwm=4367MB
RSS_SAMPLE t=290.2s rss=4367MB hwm=4367MB
RSS_SAMPLE t=290.5s rss=4367MB hwm=4367MB
RSS_SAMPLE t=290.7s rss=4367MB hwm=4367MB
RSS_SAMPLE t=291.0s rss=4367MB hwm=4367MB
RSS_SAMPLE t=291.2s rss=4367MB hwm=4367MB
RSS_SAMPLE t=291.5s rss=4367MB hwm=4367MB
RSS_SAMPLE t=291.7s rss=4367MB hwm=4367MB
RSS_SAMPLE t=292.0s rss=4367MB hwm=4367MB
RSS_SAMPLE t=292.2s rss=4367MB hwm=4367MB
RSS_SAMPLE t=292.5s rss=4367MB hwm=4367MB
RSS_SAMPLE t=292.7s rss=4367MB hwm=4367MB
RSS_SAMPLE t=293.0s rss=4367MB hwm=4367MB
RSS_SAMPLE t=293.2s rss=4367MB hwm=4367MB
RSS_SAMPLE t=293.5s rss=4367MB hwm=4367MB
RSS_SAMPLE t=293.7s rss=4367MB hwm=4367MB
RSS_SAMPLE t=294.0s rss=4367MB hwm=4367MB
RSS_SAMPLE t=294.2s rss=4367MB hwm=4367MB
RSS_SAMPLE t=294.5s rss=4367MB hwm=4367MB
RSS_SAMPLE t=294.7s rss=4367MB hwm=4367MB
RSS_SAMPLE t=295.0s rss=4367MB hwm=4367MB
RSS_SAMPLE t=295.2s rss=4367MB hwm=4367MB
RSS_SAMPLE t=295.5s rss=4367MB hwm=4367MB
RSS_SAMPLE t=295.7s rss=4367MB hwm=4367MB
RSS_SAMPLE t=296.0s rss=4367MB hwm=4367MB
RSS_SAMPLE t=296.2s rss=4367MB hwm=4367MB
RSS_SAMPLE t=296.5s rss=4367MB hwm=4367MB
RSS_SAMPLE t=296.7s rss=4367MB hwm=4367MB
RSS_SAMPLE t=297.0s rss=4368MB hwm=4368MB
RSS_SAMPLE t=297.2s rss=4368MB hwm=4368MB
RSS_SAMPLE t=297.5s rss=4368MB hwm=4368MB
RSS_SAMPLE t=297.7s rss=4368MB hwm=4368MB
RSS_SAMPLE t=298.0s rss=4368MB hwm=4368MB
RSS_SAMPLE t=298.2s rss=4368MB hwm=4368MB
RSS_SAMPLE t=298.5s rss=4368MB hwm=4368MB
RSS_SAMPLE t=298.7s rss=4368MB hwm=4368MB
RSS_SAMPLE t=299.0s rss=4368MB hwm=4368MB
RSS_SAMPLE t=299.2s rss=4368MB hwm=4368MB
RSS_SAMPLE t=299.5s rss=4368MB hwm=4368MB
RSS_SAMPLE t=299.7s rss=4368MB hwm=4368MB
RSS_SAMPLE t=300.0s rss=4368MB hwm=4368MB
RSS_SAMPLE t=300.2s rss=4368MB hwm=4368MB
RSS_SAMPLE t=300.5s rss=4368MB hwm=4368MB
RSS_SAMPLE t=300.7s rss=4368MB hwm=4368MB
RSS_SAMPLE t=301.0s rss=4368MB hwm=4368MB
RSS_SAMPLE t=301.2s rss=4368MB hwm=4368MB
RSS_SAMPLE t=301.5s rss=4368MB hwm=4368MB
RSS_SAMPLE t=301.7s rss=4368MB hwm=4368MB
RSS_SAMPLE t=302.0s rss=4368MB hwm=4368MB
RSS_SAMPLE t=302.2s rss=4368MB hwm=4368MB
RSS_SAMPLE t=302.5s rss=4368MB hwm=4368MB
RSS_SAMPLE t=302.7s rss=4368MB hwm=4368MB
RSS_SAMPLE t=303.0s rss=4368MB hwm=4368MB
RSS_SAMPLE t=303.2s rss=4368MB hwm=4368MB
RSS_SAMPLE t=303.5s rss=4368MB hwm=4368MB
RSS_SAMPLE t=303.7s rss=4368MB hwm=4368MB
RSS_SAMPLE t=304.0s rss=4368MB hwm=4368MB
RSS_SAMPLE t=304.2s rss=4368MB hwm=4368MB
RSS_SAMPLE t=304.5s rss=4368MB hwm=4368MB
RSS_SAMPLE t=304.7s rss=4368MB hwm=4368MB
RSS_SAMPLE t=305.0s rss=4368MB hwm=4368MB
RSS_SAMPLE t=305.2s rss=4368MB hwm=4368MB
RSS_SAMPLE t=305.5s rss=4368MB hwm=4368MB
RSS_SAMPLE t=305.7s rss=4368MB hwm=4368MB
MEM_POOL: workspaces=32 dense_usage_mb=1251 n_pipes=2562403
    post_solve_diag[outer=2]: solves=105117 cap_armed=105117 (100.0%) settle_avg=7405 above_sink_avg=113 (1.5%) settle_max=69353
    settle_hist[outer=2]: <100: 30293nets/0.1%work  <1k: 23412nets/1.1%work  <5k: 21724nets/7.1%work  <20k: 14652nets/20.6%work  <60k: 13884nets/61.5%work  >=60k: 1152nets/9.6%work
    fanout_hist[outer=2]: fan1: 43710nets/11.4%work  fan2-4: 48279nets/49.8%work  fan5-16: 12974nets/37.9%work  fan17-64: 154nets/0.9%work  fan65-256: 0nets/0.0%work  fan>256: 0nets/0.0%work
    rss_probe[outer=2]: pre_post_solve=4329MB post_post_solve=4368MB after_apply=4368MB
    E_decomp: base=8795675.8 eff=22596882391248984.0 cong=22596882382453308.0 cong_share=100.0% sat_pipes=86541 max_util=2125.39  R_buckets: 1-2x=98076 2-10x=22709 10-100x=8977 >=100x=2432641
    E_potential: beckmann=796212072231132.1 history_total=0.0
    SpanCache: epoch=3 entries=3226 lookups=2562403 hits=2559177 misses=3226 hit_rate=99.9%
  DCD   2: nets=105117 line=15955704 energy=37231993400.649 dE=+32406834541.361 friction=101898085.5 bins=2.0x(924) excess=337.3 moved=66825 disp=10.798 solves=105117 skip=105117 pops=778383066 theta=0.343 refresh=52461ms dcd=7080ms total=62260ms
    cache_stats: entries=48241954 capacity=86356415 est_mb=746 rss_mb=4369
RSS_SAMPLE t=306.0s rss=4369MB hwm=4369MB
RSS_SAMPLE t=306.2s rss=4369MB hwm=4369MB
RSS_SAMPLE t=306.5s rss=4369MB hwm=4369MB
RSS_SAMPLE t=306.7s rss=4369MB hwm=4369MB
RSS_SAMPLE t=307.0s rss=4369MB hwm=4369MB
RSS_SAMPLE t=307.2s rss=4369MB hwm=4369MB
RSS_SAMPLE t=307.5s rss=4369MB hwm=4369MB
RSS_SAMPLE t=307.7s rss=4369MB hwm=4369MB
RSS_SAMPLE t=308.0s rss=4369MB hwm=4369MB
RSS_SAMPLE t=308.2s rss=4369MB hwm=4369MB
RSS_SAMPLE t=308.5s rss=4369MB hwm=4369MB
    SwitchMatrix: type_usage_pairs=1603 lookups=3217 hits=1614 dijkstra_calls=1603 avg_us=10.2 total_ms=16.3
PHASE_MARK outer=3 enter=pre_solve rss=4369MB
    rss_probe[outer=3]: pre_refresh_rss=4369MB post_pre_solve_rss=4369MB cache_entries=48241954 cache_cap=86356415 cache_est_mb=746
    pre_solve_diag[outer=3]: solves=0 fallback=0 (0.0%) cap_armed=0 (0.0%) settle_avg=0 settle_max=0 init_count=248
    Overflow: over=82934 (3.2% of used) avg_excess=22.01 max_excess=3533.38 (nc=3557.38 cap=24 span=1)  excess_buckets: <=1=8750 1-5=37753 5-20=23369 >20=13062  by_cap: cap1=6737 cap2=67868 cap3-5=3 cap>5=8326  by_span: s1=653 s2-3=7066 s4-6=1856 s7-12=66824 s>12=6535  le1_cross: cap1=5860 cap2-5=2694 cap>5=196
    Congestion: pipes=2562403 used=2562403 congested(>50%)=126704 saturated(>90%)=86541 max_util=2125.39 avg_util=0.2893
PHASE_MARK outer=3 enter=dcd_sweep rss=4369MB
RSS_SAMPLE t=308.7s rss=4369MB hwm=4369MB
RSS_SAMPLE t=309.0s rss=4369MB hwm=4369MB
RSS_SAMPLE t=309.2s rss=4369MB hwm=4369MB
RSS_SAMPLE t=309.5s rss=4369MB hwm=4369MB
RSS_SAMPLE t=309.7s rss=4369MB hwm=4369MB
RSS_SAMPLE t=310.0s rss=4369MB hwm=4369MB
RSS_SAMPLE t=310.2s rss=4369MB hwm=4369MB
RSS_SAMPLE t=310.5s rss=4369MB hwm=4369MB
RSS_SAMPLE t=310.7s rss=4369MB hwm=4369MB
RSS_SAMPLE t=311.0s rss=4369MB hwm=4369MB
RSS_SAMPLE t=311.3s rss=4369MB hwm=4369MB
RSS_SAMPLE t=311.5s rss=4369MB hwm=4369MB
RSS_SAMPLE t=311.8s rss=4369MB hwm=4369MB
RSS_SAMPLE t=312.0s rss=4369MB hwm=4369MB
RSS_SAMPLE t=312.3s rss=4369MB hwm=4369MB
RSS_SAMPLE t=312.5s rss=4369MB hwm=4369MB
RSS_SAMPLE t=312.8s rss=4369MB hwm=4369MB
RSS_SAMPLE t=313.0s rss=4369MB hwm=4369MB
RSS_SAMPLE t=313.3s rss=4369MB hwm=4369MB
RSS_SAMPLE t=313.5s rss=4369MB hwm=4369MB
RSS_SAMPLE t=313.8s rss=4369MB hwm=4369MB
RSS_SAMPLE t=314.0s rss=4369MB hwm=4369MB
RSS_SAMPLE t=314.3s rss=4369MB hwm=4369MB
RSS_SAMPLE t=314.5s rss=4369MB hwm=4369MB
RSS_SAMPLE t=314.8s rss=4369MB hwm=4369MB
RSS_SAMPLE t=315.0s rss=4369MB hwm=4369MB
RSS_SAMPLE t=315.3s rss=4369MB hwm=4369MB
RSS_SAMPLE t=315.5s rss=4369MB hwm=4369MB
PHASE_MARK outer=3 leave=dcd_sweep rss=4369MB
PHASE_MARK outer=3 enter=post_refresh rss=4369MB
RSS_SAMPLE t=315.8s rss=4370MB hwm=4370MB
RSS_SAMPLE t=316.0s rss=4370MB hwm=4370MB
RSS_SAMPLE t=316.3s rss=4370MB hwm=4370MB
RSS_SAMPLE t=316.5s rss=4370MB hwm=4370MB
RSS_SAMPLE t=316.8s rss=4370MB hwm=4370MB
RSS_SAMPLE t=317.0s rss=4370MB hwm=4370MB
RSS_SAMPLE t=317.3s rss=4370MB hwm=4370MB
RSS_SAMPLE t=317.5s rss=4370MB hwm=4370MB
RSS_SAMPLE t=317.8s rss=4370MB hwm=4370MB
RSS_SAMPLE t=318.0s rss=4370MB hwm=4370MB
RSS_SAMPLE t=318.3s rss=4370MB hwm=4370MB
RSS_SAMPLE t=318.5s rss=4370MB hwm=4370MB
RSS_SAMPLE t=318.8s rss=4370MB hwm=4370MB
RSS_SAMPLE t=319.0s rss=4371MB hwm=4371MB
RSS_SAMPLE t=319.3s rss=4371MB hwm=4371MB
RSS_SAMPLE t=319.5s rss=4371MB hwm=4371MB
RSS_SAMPLE t=319.8s rss=4371MB hwm=4371MB
RSS_SAMPLE t=320.0s rss=4371MB hwm=4371MB
RSS_SAMPLE t=320.3s rss=4371MB hwm=4371MB
RSS_SAMPLE t=320.5s rss=4371MB hwm=4371MB
RSS_SAMPLE t=320.8s rss=4371MB hwm=4371MB
RSS_SAMPLE t=321.0s rss=4371MB hwm=4371MB
RSS_SAMPLE t=321.3s rss=4372MB hwm=4372MB
RSS_SAMPLE t=321.5s rss=4372MB hwm=4372MB
RSS_SAMPLE t=321.8s rss=4372MB hwm=4372MB
RSS_SAMPLE t=322.0s rss=4372MB hwm=4372MB
RSS_SAMPLE t=322.3s rss=4372MB hwm=4372MB
RSS_SAMPLE t=322.5s rss=4372MB hwm=4372MB
RSS_SAMPLE t=322.8s rss=4373MB hwm=4373MB
RSS_SAMPLE t=323.0s rss=4373MB hwm=4373MB
RSS_SAMPLE t=323.3s rss=4373MB hwm=4373MB
RSS_SAMPLE t=323.5s rss=4373MB hwm=4373MB
RSS_SAMPLE t=323.8s rss=4374MB hwm=4374MB
RSS_SAMPLE t=324.0s rss=4374MB hwm=4374MB
RSS_SAMPLE t=324.3s rss=4375MB hwm=4375MB
RSS_SAMPLE t=324.5s rss=4375MB hwm=4375MB
RSS_SAMPLE t=324.8s rss=4375MB hwm=4375MB
RSS_SAMPLE t=325.0s rss=4375MB hwm=4375MB
RSS_SAMPLE t=325.3s rss=4375MB hwm=4375MB
RSS_SAMPLE t=325.5s rss=4375MB hwm=4375MB
RSS_SAMPLE t=325.8s rss=4376MB hwm=4376MB
RSS_SAMPLE t=326.0s rss=4376MB hwm=4376MB
RSS_SAMPLE t=326.3s rss=4376MB hwm=4376MB
RSS_SAMPLE t=326.5s rss=4376MB hwm=4376MB
RSS_SAMPLE t=326.8s rss=4376MB hwm=4376MB
RSS_SAMPLE t=327.0s rss=4376MB hwm=4376MB
RSS_SAMPLE t=327.3s rss=4376MB hwm=4376MB
RSS_SAMPLE t=327.5s rss=4377MB hwm=4377MB
RSS_SAMPLE t=327.8s rss=4377MB hwm=4377MB
RSS_SAMPLE t=328.0s rss=4377MB hwm=4377MB
RSS_SAMPLE t=328.3s rss=4377MB hwm=4377MB
RSS_SAMPLE t=328.5s rss=4377MB hwm=4377MB
RSS_SAMPLE t=328.8s rss=4377MB hwm=4377MB
RSS_SAMPLE t=329.0s rss=4378MB hwm=4378MB
RSS_SAMPLE t=329.3s rss=4378MB hwm=4378MB
RSS_SAMPLE t=329.5s rss=4378MB hwm=4378MB
RSS_SAMPLE t=329.8s rss=4378MB hwm=4378MB
RSS_SAMPLE t=330.0s rss=4378MB hwm=4378MB
RSS_SAMPLE t=330.3s rss=4378MB hwm=4378MB
RSS_SAMPLE t=330.5s rss=4378MB hwm=4378MB
RSS_SAMPLE t=330.8s rss=4379MB hwm=4379MB
RSS_SAMPLE t=331.0s rss=4379MB hwm=4379MB
RSS_SAMPLE t=331.3s rss=4379MB hwm=4379MB
RSS_SAMPLE t=331.5s rss=4379MB hwm=4379MB
RSS_SAMPLE t=331.8s rss=4379MB hwm=4379MB
RSS_SAMPLE t=332.0s rss=4380MB hwm=4380MB
RSS_SAMPLE t=332.3s rss=4380MB hwm=4380MB
RSS_SAMPLE t=332.5s rss=4380MB hwm=4380MB
RSS_SAMPLE t=332.8s rss=4380MB hwm=4380MB
RSS_SAMPLE t=333.0s rss=4380MB hwm=4380MB
RSS_SAMPLE t=333.3s rss=4381MB hwm=4381MB
RSS_SAMPLE t=333.5s rss=4381MB hwm=4381MB
RSS_SAMPLE t=333.8s rss=4381MB hwm=4381MB
RSS_SAMPLE t=334.0s rss=4381MB hwm=4381MB
RSS_SAMPLE t=334.3s rss=4381MB hwm=4381MB
RSS_SAMPLE t=334.5s rss=4381MB hwm=4381MB
RSS_SAMPLE t=334.8s rss=4381MB hwm=4381MB
RSS_SAMPLE t=335.0s rss=4381MB hwm=4381MB
RSS_SAMPLE t=335.3s rss=4381MB hwm=4381MB
RSS_SAMPLE t=335.5s rss=4381MB hwm=4381MB
RSS_SAMPLE t=335.8s rss=4381MB hwm=4381MB
RSS_SAMPLE t=336.0s rss=4381MB hwm=4381MB
RSS_SAMPLE t=336.3s rss=4381MB hwm=4381MB
RSS_SAMPLE t=336.5s rss=4381MB hwm=4381MB
RSS_SAMPLE t=336.8s rss=4382MB hwm=4382MB
RSS_SAMPLE t=337.0s rss=4382MB hwm=4382MB
RSS_SAMPLE t=337.3s rss=4382MB hwm=4382MB
RSS_SAMPLE t=337.5s rss=4382MB hwm=4382MB
RSS_SAMPLE t=337.8s rss=4382MB hwm=4382MB
RSS_SAMPLE t=338.0s rss=4382MB hwm=4382MB
RSS_SAMPLE t=338.3s rss=4382MB hwm=4382MB
RSS_SAMPLE t=338.5s rss=4383MB hwm=4383MB
RSS_SAMPLE t=338.8s rss=4383MB hwm=4383MB
RSS_SAMPLE t=339.0s rss=4383MB hwm=4383MB
RSS_SAMPLE t=339.3s rss=4384MB hwm=4384MB
RSS_SAMPLE t=339.5s rss=4384MB hwm=4384MB
RSS_SAMPLE t=339.8s rss=4385MB hwm=4385MB
RSS_SAMPLE t=340.0s rss=4385MB hwm=4385MB
RSS_SAMPLE t=340.3s rss=4385MB hwm=4385MB
RSS_SAMPLE t=340.5s rss=4386MB hwm=4386MB
RSS_SAMPLE t=340.8s rss=4386MB hwm=4386MB
RSS_SAMPLE t=341.0s rss=4386MB hwm=4386MB
RSS_SAMPLE t=341.3s rss=4387MB hwm=4387MB
RSS_SAMPLE t=341.5s rss=4387MB hwm=4387MB
RSS_SAMPLE t=341.8s rss=4387MB hwm=4387MB
RSS_SAMPLE t=342.0s rss=4387MB hwm=4387MB
RSS_SAMPLE t=342.3s rss=4387MB hwm=4387MB
RSS_SAMPLE t=342.5s rss=4387MB hwm=4387MB
RSS_SAMPLE t=342.8s rss=4387MB hwm=4387MB
RSS_SAMPLE t=343.0s rss=4387MB hwm=4387MB
RSS_SAMPLE t=343.3s rss=4387MB hwm=4387MB
RSS_SAMPLE t=343.5s rss=4387MB hwm=4387MB
RSS_SAMPLE t=343.8s rss=4387MB hwm=4387MB
RSS_SAMPLE t=344.0s rss=4387MB hwm=4387MB
RSS_SAMPLE t=344.3s rss=4388MB hwm=4388MB
RSS_SAMPLE t=344.5s rss=4388MB hwm=4388MB
RSS_SAMPLE t=344.8s rss=4388MB hwm=4388MB
RSS_SAMPLE t=345.0s rss=4388MB hwm=4388MB
RSS_SAMPLE t=345.3s rss=4388MB hwm=4388MB
RSS_SAMPLE t=345.5s rss=4388MB hwm=4388MB
RSS_SAMPLE t=345.8s rss=4388MB hwm=4388MB
RSS_SAMPLE t=346.0s rss=4388MB hwm=4388MB
RSS_SAMPLE t=346.3s rss=4388MB hwm=4388MB
RSS_SAMPLE t=346.5s rss=4388MB hwm=4388MB
RSS_SAMPLE t=346.8s rss=4388MB hwm=4388MB
RSS_SAMPLE t=347.0s rss=4388MB hwm=4388MB
RSS_SAMPLE t=347.3s rss=4388MB hwm=4388MB
RSS_SAMPLE t=347.5s rss=4388MB hwm=4388MB
RSS_SAMPLE t=347.8s rss=4388MB hwm=4388MB
RSS_SAMPLE t=348.0s rss=4388MB hwm=4388MB
RSS_SAMPLE t=348.3s rss=4388MB hwm=4388MB
RSS_SAMPLE t=348.5s rss=4388MB hwm=4388MB
RSS_SAMPLE t=348.8s rss=4388MB hwm=4388MB
RSS_SAMPLE t=349.0s rss=4388MB hwm=4388MB
RSS_SAMPLE t=349.3s rss=4388MB hwm=4388MB
RSS_SAMPLE t=349.5s rss=4388MB hwm=4388MB
RSS_SAMPLE t=349.8s rss=4388MB hwm=4388MB
RSS_SAMPLE t=350.0s rss=4388MB hwm=4388MB
RSS_SAMPLE t=350.3s rss=4388MB hwm=4388MB
RSS_SAMPLE t=350.5s rss=4388MB hwm=4388MB
RSS_SAMPLE t=350.8s rss=4388MB hwm=4388MB
RSS_SAMPLE t=351.0s rss=4388MB hwm=4388MB
RSS_SAMPLE t=351.3s rss=4388MB hwm=4388MB
RSS_SAMPLE t=351.5s rss=4388MB hwm=4388MB
RSS_SAMPLE t=351.8s rss=4388MB hwm=4388MB
RSS_SAMPLE t=352.0s rss=4388MB hwm=4388MB
RSS_SAMPLE t=352.3s rss=4388MB hwm=4388MB
RSS_SAMPLE t=352.5s rss=4388MB hwm=4388MB
RSS_SAMPLE t=352.8s rss=4388MB hwm=4388MB
RSS_SAMPLE t=353.0s rss=4388MB hwm=4388MB
RSS_SAMPLE t=353.3s rss=4388MB hwm=4388MB
RSS_SAMPLE t=353.5s rss=4388MB hwm=4388MB
RSS_SAMPLE t=353.8s rss=4388MB hwm=4388MB
RSS_SAMPLE t=354.0s rss=4388MB hwm=4388MB
RSS_SAMPLE t=354.3s rss=4388MB hwm=4388MB
RSS_SAMPLE t=354.5s rss=4388MB hwm=4388MB
RSS_SAMPLE t=354.8s rss=4388MB hwm=4388MB
RSS_SAMPLE t=355.0s rss=4388MB hwm=4388MB
RSS_SAMPLE t=355.3s rss=4388MB hwm=4388MB
RSS_SAMPLE t=355.5s rss=4388MB hwm=4388MB
RSS_SAMPLE t=355.8s rss=4388MB hwm=4388MB
RSS_SAMPLE t=356.0s rss=4388MB hwm=4388MB
RSS_SAMPLE t=356.3s rss=4388MB hwm=4388MB
RSS_SAMPLE t=356.5s rss=4388MB hwm=4388MB
RSS_SAMPLE t=356.8s rss=4388MB hwm=4388MB
RSS_SAMPLE t=357.0s rss=4388MB hwm=4388MB
RSS_SAMPLE t=357.3s rss=4388MB hwm=4388MB
RSS_SAMPLE t=357.5s rss=4388MB hwm=4388MB
RSS_SAMPLE t=357.8s rss=4388MB hwm=4388MB
RSS_SAMPLE t=358.0s rss=4388MB hwm=4388MB
RSS_SAMPLE t=358.3s rss=4388MB hwm=4388MB
RSS_SAMPLE t=358.5s rss=4388MB hwm=4388MB
RSS_SAMPLE t=358.8s rss=4388MB hwm=4388MB
RSS_SAMPLE t=359.0s rss=4388MB hwm=4388MB
RSS_SAMPLE t=359.3s rss=4389MB hwm=4389MB
RSS_SAMPLE t=359.5s rss=4389MB hwm=4389MB
RSS_SAMPLE t=359.8s rss=4389MB hwm=4389MB
RSS_SAMPLE t=360.0s rss=4389MB hwm=4389MB
RSS_SAMPLE t=360.3s rss=4389MB hwm=4389MB
RSS_SAMPLE t=360.5s rss=4389MB hwm=4389MB
RSS_SAMPLE t=360.8s rss=4389MB hwm=4389MB
RSS_SAMPLE t=361.0s rss=4389MB hwm=4389MB
RSS_SAMPLE t=361.3s rss=4389MB hwm=4389MB
RSS_SAMPLE t=361.5s rss=4389MB hwm=4389MB
RSS_SAMPLE t=361.8s rss=4389MB hwm=4389MB
RSS_SAMPLE t=362.0s rss=4389MB hwm=4389MB
RSS_SAMPLE t=362.3s rss=4389MB hwm=4389MB
RSS_SAMPLE t=362.5s rss=4389MB hwm=4389MB
RSS_SAMPLE t=362.8s rss=4389MB hwm=4389MB
RSS_SAMPLE t=363.0s rss=4389MB hwm=4389MB
RSS_SAMPLE t=363.3s rss=4389MB hwm=4389MB
RSS_SAMPLE t=363.5s rss=4389MB hwm=4389MB
RSS_SAMPLE t=363.8s rss=4389MB hwm=4389MB
RSS_SAMPLE t=364.0s rss=4389MB hwm=4389MB
RSS_SAMPLE t=364.3s rss=4389MB hwm=4389MB
RSS_SAMPLE t=364.5s rss=4389MB hwm=4389MB
MEM_POOL: workspaces=32 dense_usage_mb=1251 n_pipes=2562403
    post_solve_diag[outer=3]: solves=105117 cap_armed=105117 (100.0%) settle_avg=6895 above_sink_avg=88 (1.3%) settle_max=69353
    settle_hist[outer=3]: <100: 31813nets/0.1%work  <1k: 22866nets/1.2%work  <5k: 21863nets/7.6%work  <20k: 14719nets/22.1%work  <60k: 13000nets/61.4%work  >=60k: 856nets/7.7%work
    fanout_hist[outer=3]: fan1: 43710nets/10.8%work  fan2-4: 48279nets/49.3%work  fan5-16: 12974nets/38.9%work  fan17-64: 154nets/1.0%work  fan65-256: 0nets/0.0%work  fan>256: 0nets/0.0%work
    rss_probe[outer=3]: pre_post_solve=4370MB post_post_solve=4389MB after_apply=4389MB
    E_decomp: base=8908298.1 eff=1994309979900080.8 cong=1994309970991782.8 cong_share=100.0% sat_pipes=81968 max_util=1062.70  R_buckets: 1-2x=88958 2-10x=19058 10-100x=12254 >=100x=2442133
    E_potential: beckmann=150268038769901.7 history_total=0.0
    SpanCache: epoch=4 entries=3217 lookups=2562403 hits=2559186 misses=3217 hit_rate=99.9%
  DCD   3: nets=105117 line=15574188 energy=41160324926.583 dE=+3928331525.934 friction=43428359.3 bins=2.0x(724) excess=267.5 moved=67241 disp=8.362 solves=105117 skip=105117 pops=724747412 theta=0.401 refresh=49130ms dcd=6996ms total=58829ms
    cache_stats: entries=47949617 capacity=85953587 est_mb=743 rss_mb=4389
RSS_SAMPLE t=364.8s rss=4389MB hwm=4389MB
RSS_SAMPLE t=365.0s rss=4389MB hwm=4389MB
RSS_SAMPLE t=365.3s rss=4389MB hwm=4389MB
RSS_SAMPLE t=365.5s rss=4389MB hwm=4389MB
RSS_SAMPLE t=365.8s rss=4389MB hwm=4389MB
RSS_SAMPLE t=366.0s rss=4389MB hwm=4389MB
RSS_SAMPLE t=366.3s rss=4389MB hwm=4389MB
RSS_SAMPLE t=366.5s rss=4389MB hwm=4389MB
RSS_SAMPLE t=366.8s rss=4389MB hwm=4389MB
RSS_SAMPLE t=367.0s rss=4389MB hwm=4389MB
RSS_SAMPLE t=367.3s rss=4389MB hwm=4389MB
    SwitchMatrix: type_usage_pairs=1465 lookups=2897 hits=1432 dijkstra_calls=1465 avg_us=10.3 total_ms=15.1
PHASE_MARK outer=4 enter=pre_solve rss=4389MB
    rss_probe[outer=4]: pre_refresh_rss=4389MB post_pre_solve_rss=4389MB cache_entries=47949617 cache_cap=85953587 cache_est_mb=743
    pre_solve_diag[outer=4]: solves=0 fallback=0 (0.0%) cap_armed=0 (0.0%) settle_avg=0 settle_max=0 init_count=245
    Overflow: over=80272 (3.1% of used) avg_excess=27.16 max_excess=3703.04 (nc=3727.04 cap=24 span=1)  excess_buckets: <=1=2813 1-5=32867 5-20=26277 >20=18315  by_cap: cap1=1361 cap2=67408 cap3-5=0 cap>5=11503  by_span: s1=629 s2-3=10398 s4-6=1798 s7-12=66278 s>12=1169  le1_cross: cap1=983 cap2-5=1666 cap>5=164
    Congestion: pipes=2562403 used=2562403 congested(>50%)=102206 saturated(>90%)=81968 max_util=1062.70 avg_util=0.2714
PHASE_MARK outer=4 enter=dcd_sweep rss=4389MB
RSS_SAMPLE t=367.5s rss=4389MB hwm=4389MB
RSS_SAMPLE t=367.8s rss=4389MB hwm=4389MB
RSS_SAMPLE t=368.0s rss=4389MB hwm=4389MB
RSS_SAMPLE t=368.3s rss=4389MB hwm=4389MB
RSS_SAMPLE t=368.5s rss=4389MB hwm=4389MB
RSS_SAMPLE t=368.8s rss=4389MB hwm=4389MB
RSS_SAMPLE t=369.0s rss=4389MB hwm=4389MB
RSS_SAMPLE t=369.3s rss=4389MB hwm=4389MB
RSS_SAMPLE t=369.5s rss=4389MB hwm=4389MB
RSS_SAMPLE t=369.8s rss=4389MB hwm=4389MB
RSS_SAMPLE t=370.0s rss=4389MB hwm=4389MB
RSS_SAMPLE t=370.3s rss=4389MB hwm=4389MB
RSS_SAMPLE t=370.5s rss=4389MB hwm=4389MB
RSS_SAMPLE t=370.8s rss=4389MB hwm=4389MB
RSS_SAMPLE t=371.0s rss=4389MB hwm=4389MB
RSS_SAMPLE t=371.3s rss=4389MB hwm=4389MB
RSS_SAMPLE t=371.5s rss=4389MB hwm=4389MB
RSS_SAMPLE t=371.8s rss=4389MB hwm=4389MB
RSS_SAMPLE t=372.0s rss=4389MB hwm=4389MB
RSS_SAMPLE t=372.3s rss=4389MB hwm=4389MB
RSS_SAMPLE t=372.5s rss=4389MB hwm=4389MB
RSS_SAMPLE t=372.8s rss=4389MB hwm=4389MB
RSS_SAMPLE t=373.0s rss=4389MB hwm=4389MB
RSS_SAMPLE t=373.3s rss=4389MB hwm=4389MB
RSS_SAMPLE t=373.5s rss=4389MB hwm=4389MB
RSS_SAMPLE t=373.8s rss=4389MB hwm=4389MB
RSS_SAMPLE t=374.0s rss=4389MB hwm=4389MB
RSS_SAMPLE t=374.3s rss=4389MB hwm=4389MB
PHASE_MARK outer=4 leave=dcd_sweep rss=4389MB
PHASE_MARK outer=4 enter=post_refresh rss=4389MB
RSS_SAMPLE t=374.5s rss=4389MB hwm=4389MB
RSS_SAMPLE t=374.8s rss=4389MB hwm=4389MB
RSS_SAMPLE t=375.0s rss=4389MB hwm=4389MB
RSS_SAMPLE t=375.3s rss=4389MB hwm=4389MB
RSS_SAMPLE t=375.5s rss=4389MB hwm=4389MB
RSS_SAMPLE t=375.8s rss=4389MB hwm=4389MB
RSS_SAMPLE t=376.0s rss=4389MB hwm=4389MB
RSS_SAMPLE t=376.3s rss=4389MB hwm=4389MB
RSS_SAMPLE t=376.5s rss=4389MB hwm=4389MB
RSS_SAMPLE t=376.8s rss=4389MB hwm=4389MB
RSS_SAMPLE t=377.0s rss=4389MB hwm=4389MB
RSS_SAMPLE t=377.3s rss=4390MB hwm=4390MB
RSS_SAMPLE t=377.5s rss=4390MB hwm=4390MB
RSS_SAMPLE t=377.8s rss=4390MB hwm=4390MB
RSS_SAMPLE t=378.0s rss=4390MB hwm=4390MB
RSS_SAMPLE t=378.3s rss=4390MB hwm=4390MB
RSS_SAMPLE t=378.5s rss=4390MB hwm=4390MB
RSS_SAMPLE t=378.8s rss=4390MB hwm=4390MB
RSS_SAMPLE t=379.0s rss=4391MB hwm=4391MB
RSS_SAMPLE t=379.3s rss=4391MB hwm=4391MB
RSS_SAMPLE t=379.5s rss=4392MB hwm=4392MB
RSS_SAMPLE t=379.8s rss=4392MB hwm=4392MB
RSS_SAMPLE t=380.0s rss=4392MB hwm=4392MB
RSS_SAMPLE t=380.3s rss=4393MB hwm=4393MB
RSS_SAMPLE t=380.6s rss=4393MB hwm=4393MB
RSS_SAMPLE t=380.8s rss=4393MB hwm=4393MB
RSS_SAMPLE t=381.1s rss=4394MB hwm=4394MB
RSS_SAMPLE t=381.3s rss=4394MB hwm=4394MB
RSS_SAMPLE t=381.6s rss=4394MB hwm=4394MB
RSS_SAMPLE t=381.8s rss=4394MB hwm=4394MB
RSS_SAMPLE t=382.1s rss=4395MB hwm=4395MB
RSS_SAMPLE t=382.3s rss=4395MB hwm=4395MB
RSS_SAMPLE t=382.6s rss=4395MB hwm=4395MB
RSS_SAMPLE t=382.8s rss=4395MB hwm=4395MB
RSS_SAMPLE t=383.1s rss=4395MB hwm=4395MB
RSS_SAMPLE t=383.3s rss=4395MB hwm=4395MB
RSS_SAMPLE t=383.6s rss=4396MB hwm=4396MB
RSS_SAMPLE t=383.8s rss=4396MB hwm=4396MB
RSS_SAMPLE t=384.1s rss=4396MB hwm=4396MB
RSS_SAMPLE t=384.3s rss=4396MB hwm=4396MB
RSS_SAMPLE t=384.6s rss=4397MB hwm=4397MB
RSS_SAMPLE t=384.8s rss=4398MB hwm=4398MB
RSS_SAMPLE t=385.1s rss=4399MB hwm=4399MB
RSS_SAMPLE t=385.3s rss=4399MB hwm=4399MB
RSS_SAMPLE t=385.6s rss=4400MB hwm=4400MB
RSS_SAMPLE t=385.8s rss=4401MB hwm=4401MB
RSS_SAMPLE t=386.1s rss=4401MB hwm=4401MB
RSS_SAMPLE t=386.3s rss=4402MB hwm=4402MB
RSS_SAMPLE t=386.6s rss=4402MB hwm=4402MB
RSS_SAMPLE t=386.8s rss=4403MB hwm=4403MB
RSS_SAMPLE t=387.1s rss=4404MB hwm=4404MB
RSS_SAMPLE t=387.3s rss=4404MB hwm=4404MB
RSS_SAMPLE t=387.6s rss=4405MB hwm=4405MB
RSS_SAMPLE t=387.8s rss=4405MB hwm=4405MB
RSS_SAMPLE t=388.1s rss=4405MB hwm=4405MB
RSS_SAMPLE t=388.3s rss=4406MB hwm=4406MB
RSS_SAMPLE t=388.6s rss=4406MB hwm=4406MB
RSS_SAMPLE t=388.8s rss=4406MB hwm=4406MB
RSS_SAMPLE t=389.1s rss=4407MB hwm=4407MB
RSS_SAMPLE t=389.3s rss=4407MB hwm=4407MB
RSS_SAMPLE t=389.6s rss=4407MB hwm=4407MB
RSS_SAMPLE t=389.8s rss=4407MB hwm=4407MB
RSS_SAMPLE t=390.1s rss=4408MB hwm=4408MB
RSS_SAMPLE t=390.3s rss=4408MB hwm=4408MB
RSS_SAMPLE t=390.6s rss=4408MB hwm=4408MB
RSS_SAMPLE t=390.8s rss=4408MB hwm=4408MB
RSS_SAMPLE t=391.1s rss=4409MB hwm=4409MB
RSS_SAMPLE t=391.3s rss=4409MB hwm=4409MB
RSS_SAMPLE t=391.6s rss=4409MB hwm=4409MB
RSS_SAMPLE t=391.8s rss=4409MB hwm=4409MB
RSS_SAMPLE t=392.1s rss=4409MB hwm=4409MB
RSS_SAMPLE t=392.3s rss=4409MB hwm=4409MB
RSS_SAMPLE t=392.6s rss=4409MB hwm=4409MB
RSS_SAMPLE t=392.8s rss=4409MB hwm=4409MB
RSS_SAMPLE t=393.1s rss=4409MB hwm=4409MB
RSS_SAMPLE t=393.3s rss=4409MB hwm=4409MB
RSS_SAMPLE t=393.6s rss=4409MB hwm=4409MB
RSS_SAMPLE t=393.8s rss=4409MB hwm=4409MB
RSS_SAMPLE t=394.1s rss=4409MB hwm=4409MB
RSS_SAMPLE t=394.3s rss=4409MB hwm=4409MB
RSS_SAMPLE t=394.6s rss=4410MB hwm=4410MB
RSS_SAMPLE t=394.8s rss=4410MB hwm=4410MB
RSS_SAMPLE t=395.1s rss=4410MB hwm=4410MB
RSS_SAMPLE t=395.3s rss=4410MB hwm=4410MB
RSS_SAMPLE t=395.6s rss=4410MB hwm=4410MB
RSS_SAMPLE t=395.8s rss=4410MB hwm=4410MB
RSS_SAMPLE t=396.1s rss=4410MB hwm=4410MB
RSS_SAMPLE t=396.3s rss=4410MB hwm=4410MB
RSS_SAMPLE t=396.6s rss=4410MB hwm=4410MB
RSS_SAMPLE t=396.8s rss=4410MB hwm=4410MB
RSS_SAMPLE t=397.1s rss=4410MB hwm=4410MB
RSS_SAMPLE t=397.3s rss=4410MB hwm=4410MB
RSS_SAMPLE t=397.6s rss=4410MB hwm=4410MB
RSS_SAMPLE t=397.8s rss=4410MB hwm=4410MB
RSS_SAMPLE t=398.1s rss=4410MB hwm=4410MB
RSS_SAMPLE t=398.3s rss=4410MB hwm=4410MB
RSS_SAMPLE t=398.6s rss=4410MB hwm=4410MB
RSS_SAMPLE t=398.8s rss=4410MB hwm=4410MB
RSS_SAMPLE t=399.1s rss=4410MB hwm=4410MB
RSS_SAMPLE t=399.3s rss=4410MB hwm=4410MB
RSS_SAMPLE t=399.6s rss=4410MB hwm=4410MB
RSS_SAMPLE t=399.8s rss=4410MB hwm=4410MB
RSS_SAMPLE t=400.1s rss=4410MB hwm=4410MB
RSS_SAMPLE t=400.3s rss=4410MB hwm=4410MB
RSS_SAMPLE t=400.6s rss=4410MB hwm=4410MB
RSS_SAMPLE t=400.8s rss=4410MB hwm=4410MB
RSS_SAMPLE t=401.1s rss=4410MB hwm=4410MB
RSS_SAMPLE t=401.3s rss=4410MB hwm=4410MB
RSS_SAMPLE t=401.6s rss=4410MB hwm=4410MB
RSS_SAMPLE t=401.8s rss=4410MB hwm=4410MB
RSS_SAMPLE t=402.1s rss=4410MB hwm=4410MB
RSS_SAMPLE t=402.3s rss=4410MB hwm=4410MB
RSS_SAMPLE t=402.6s rss=4410MB hwm=4410MB
RSS_SAMPLE t=402.8s rss=4410MB hwm=4410MB
RSS_SAMPLE t=403.1s rss=4410MB hwm=4410MB
RSS_SAMPLE t=403.3s rss=4410MB hwm=4410MB
RSS_SAMPLE t=403.6s rss=4410MB hwm=4410MB
RSS_SAMPLE t=403.8s rss=4410MB hwm=4410MB
RSS_SAMPLE t=404.1s rss=4410MB hwm=4410MB
RSS_SAMPLE t=404.3s rss=4410MB hwm=4410MB
RSS_SAMPLE t=404.6s rss=4410MB hwm=4410MB
RSS_SAMPLE t=404.8s rss=4410MB hwm=4410MB
RSS_SAMPLE t=405.1s rss=4410MB hwm=4410MB
RSS_SAMPLE t=405.3s rss=4411MB hwm=4411MB
RSS_SAMPLE t=405.6s rss=4411MB hwm=4411MB
RSS_SAMPLE t=405.8s rss=4411MB hwm=4411MB
RSS_SAMPLE t=406.1s rss=4411MB hwm=4411MB
RSS_SAMPLE t=406.3s rss=4411MB hwm=4411MB
RSS_SAMPLE t=406.6s rss=4411MB hwm=4411MB
RSS_SAMPLE t=406.8s rss=4411MB hwm=4411MB
RSS_SAMPLE t=407.1s rss=4411MB hwm=4411MB
RSS_SAMPLE t=407.3s rss=4411MB hwm=4411MB
RSS_SAMPLE t=407.6s rss=4411MB hwm=4411MB
RSS_SAMPLE t=407.8s rss=4411MB hwm=4411MB
RSS_SAMPLE t=408.1s rss=4411MB hwm=4411MB
RSS_SAMPLE t=408.3s rss=4411MB hwm=4411MB
RSS_SAMPLE t=408.6s rss=4411MB hwm=4411MB
RSS_SAMPLE t=408.8s rss=4411MB hwm=4411MB
RSS_SAMPLE t=409.1s rss=4411MB hwm=4411MB
RSS_SAMPLE t=409.3s rss=4411MB hwm=4411MB
RSS_SAMPLE t=409.6s rss=4411MB hwm=4411MB
RSS_SAMPLE t=409.8s rss=4411MB hwm=4411MB
RSS_SAMPLE t=410.1s rss=4411MB hwm=4411MB
RSS_SAMPLE t=410.3s rss=4411MB hwm=4411MB
RSS_SAMPLE t=410.6s rss=4411MB hwm=4411MB
RSS_SAMPLE t=410.8s rss=4411MB hwm=4411MB
RSS_SAMPLE t=411.1s rss=4411MB hwm=4411MB
RSS_SAMPLE t=411.3s rss=4411MB hwm=4411MB
RSS_SAMPLE t=411.6s rss=4411MB hwm=4411MB
RSS_SAMPLE t=411.8s rss=4411MB hwm=4411MB
RSS_SAMPLE t=412.1s rss=4411MB hwm=4411MB
RSS_SAMPLE t=412.3s rss=4411MB hwm=4411MB
RSS_SAMPLE t=412.6s rss=4411MB hwm=4411MB
RSS_SAMPLE t=412.8s rss=4411MB hwm=4411MB
RSS_SAMPLE t=413.1s rss=4411MB hwm=4411MB
RSS_SAMPLE t=413.3s rss=4411MB hwm=4411MB
RSS_SAMPLE t=413.6s rss=4411MB hwm=4411MB
RSS_SAMPLE t=413.8s rss=4411MB hwm=4411MB
RSS_SAMPLE t=414.1s rss=4411MB hwm=4411MB
RSS_SAMPLE t=414.3s rss=4411MB hwm=4411MB
RSS_SAMPLE t=414.6s rss=4411MB hwm=4411MB
RSS_SAMPLE t=414.8s rss=4411MB hwm=4411MB
RSS_SAMPLE t=415.1s rss=4411MB hwm=4411MB
RSS_SAMPLE t=415.3s rss=4411MB hwm=4411MB
RSS_SAMPLE t=415.6s rss=4411MB hwm=4411MB
RSS_SAMPLE t=415.8s rss=4411MB hwm=4411MB
RSS_SAMPLE t=416.1s rss=4411MB hwm=4411MB
RSS_SAMPLE t=416.3s rss=4411MB hwm=4411MB
RSS_SAMPLE t=416.6s rss=4411MB hwm=4411MB
RSS_SAMPLE t=416.8s rss=4411MB hwm=4411MB
RSS_SAMPLE t=417.1s rss=4412MB hwm=4412MB
RSS_SAMPLE t=417.3s rss=4412MB hwm=4412MB
RSS_SAMPLE t=417.6s rss=4412MB hwm=4412MB
RSS_SAMPLE t=417.8s rss=4412MB hwm=4412MB
RSS_SAMPLE t=418.1s rss=4412MB hwm=4412MB
RSS_SAMPLE t=418.3s rss=4412MB hwm=4412MB
RSS_SAMPLE t=418.6s rss=4412MB hwm=4412MB
RSS_SAMPLE t=418.8s rss=4412MB hwm=4412MB
RSS_SAMPLE t=419.1s rss=4412MB hwm=4412MB
RSS_SAMPLE t=419.3s rss=4412MB hwm=4412MB
RSS_SAMPLE t=419.6s rss=4412MB hwm=4412MB
RSS_SAMPLE t=419.8s rss=4412MB hwm=4412MB
RSS_SAMPLE t=420.1s rss=4412MB hwm=4412MB
RSS_SAMPLE t=420.3s rss=4412MB hwm=4412MB
RSS_SAMPLE t=420.6s rss=4412MB hwm=4412MB
RSS_SAMPLE t=420.8s rss=4412MB hwm=4412MB
RSS_SAMPLE t=421.1s rss=4412MB hwm=4412MB
RSS_SAMPLE t=421.3s rss=4412MB hwm=4412MB
RSS_SAMPLE t=421.6s rss=4412MB hwm=4412MB
RSS_SAMPLE t=421.8s rss=4412MB hwm=4412MB
RSS_SAMPLE t=422.1s rss=4412MB hwm=4412MB
MEM_POOL: workspaces=32 dense_usage_mb=1251 n_pipes=2562403
    post_solve_diag[outer=4]: solves=105117 cap_armed=105117 (100.0%) settle_avg=6860 above_sink_avg=101 (1.5%) settle_max=69353
    settle_hist[outer=4]: <100: 31707nets/0.1%work  <1k: 22068nets/1.2%work  <5k: 22324nets/7.9%work  <20k: 15289nets/22.8%work  <60k: 13013nets/61.6%work  >=60k: 716nets/6.4%work
    fanout_hist[outer=4]: fan1: 43710nets/11.3%work  fan2-4: 48279nets/49.4%work  fan5-16: 12974nets/38.3%work  fan17-64: 154nets/1.0%work  fan65-256: 0nets/0.0%work  fan>256: 0nets/0.0%work
    rss_probe[outer=4]: pre_post_solve=4389MB post_post_solve=4412MB after_apply=4412MB
RSS_SAMPLE t=422.3s rss=4412MB hwm=4412MB
    E_decomp: base=8510505.5 eff=377176608938942.6 cong=377176600428437.1 cong_share=100.0% sat_pipes=82055 max_util=1904.85  R_buckets: 1-2x=81774 2-10x=20907 10-100x=16214 >=100x=2443508
    E_potential: beckmann=218659917491069.6 history_total=0.0
    SpanCache: epoch=5 entries=2897 lookups=2562403 hits=2559506 misses=2897 hit_rate=99.9%
  DCD   4: nets=105117 line=15207106 energy=26383279225.527 dE=-14777045701.056 friction=29524781.5 bins=2.0x(576) excess=216.7 moved=66371 disp=7.393 solves=105117 skip=105117 pops=721146786 theta=0.470 refresh=47982ms dcd=6967ms total=57653ms
    cache_stats: entries=49787142 capacity=89935722 est_mb=777 rss_mb=4412
RSS_SAMPLE t=422.6s rss=4412MB hwm=4412MB
RSS_SAMPLE t=422.8s rss=4412MB hwm=4412MB
RSS_SAMPLE t=423.1s rss=4412MB hwm=4412MB
RSS_SAMPLE t=423.3s rss=4412MB hwm=4412MB
RSS_SAMPLE t=423.6s rss=4412MB hwm=4412MB
RSS_SAMPLE t=423.8s rss=4412MB hwm=4412MB
RSS_SAMPLE t=424.1s rss=4412MB hwm=4412MB
RSS_SAMPLE t=424.3s rss=4412MB hwm=4412MB
RSS_SAMPLE t=424.6s rss=4412MB hwm=4412MB
RSS_SAMPLE t=424.8s rss=4412MB hwm=4412MB
    SwitchMatrix: type_usage_pairs=1348 lookups=2590 hits=1242 dijkstra_calls=1348 avg_us=10.9 total_ms=14.8
PHASE_MARK outer=5 enter=pre_solve rss=4412MB
    rss_probe[outer=5]: pre_refresh_rss=4412MB post_pre_solve_rss=4412MB cache_entries=49787142 cache_cap=89935722 cache_est_mb=777
    pre_solve_diag[outer=5]: solves=0 fallback=0 (0.0%) cap_armed=0 (0.0%) settle_avg=0 settle_max=0 init_count=233
RSS_SAMPLE t=425.1s rss=4412MB hwm=4412MB
    Overflow: over=80624 (3.1% of used) avg_excess=26.62 max_excess=2061.97 (nc=2085.97 cap=24 span=1)  excess_buckets: <=1=1539 1-5=31485 5-20=27599 >20=20001  by_cap: cap1=383 cap2=67239 cap3-5=1 cap>5=13001  by_span: s1=612 s2-3=11909 s4-6=1784 s7-12=66080 s>12=239  le1_cross: cap1=145 cap2-5=1204 cap>5=190
    Congestion: pipes=2562403 used=2562403 congested(>50%)=97164 saturated(>90%)=82055 max_util=1904.85 avg_util=0.2487
PHASE_MARK outer=5 enter=dcd_sweep rss=4412MB
RSS_SAMPLE t=425.3s rss=4412MB hwm=4412MB
RSS_SAMPLE t=425.6s rss=4412MB hwm=4412MB
RSS_SAMPLE t=425.8s rss=4412MB hwm=4412MB
RSS_SAMPLE t=426.1s rss=4412MB hwm=4412MB
RSS_SAMPLE t=426.3s rss=4412MB hwm=4412MB
RSS_SAMPLE t=426.6s rss=4412MB hwm=4412MB
RSS_SAMPLE t=426.8s rss=4412MB hwm=4412MB
RSS_SAMPLE t=427.1s rss=4412MB hwm=4412MB
RSS_SAMPLE t=427.3s rss=4412MB hwm=4412MB
RSS_SAMPLE t=427.6s rss=4412MB hwm=4412MB
RSS_SAMPLE t=427.8s rss=4412MB hwm=4412MB
RSS_SAMPLE t=428.1s rss=4412MB hwm=4412MB
RSS_SAMPLE t=428.3s rss=4412MB hwm=4412MB
RSS_SAMPLE t=428.6s rss=4412MB hwm=4412MB
RSS_SAMPLE t=428.8s rss=4412MB hwm=4412MB
RSS_SAMPLE t=429.1s rss=4412MB hwm=4412MB
RSS_SAMPLE t=429.3s rss=4412MB hwm=4412MB
RSS_SAMPLE t=429.6s rss=4412MB hwm=4412MB
RSS_SAMPLE t=429.8s rss=4412MB hwm=4412MB
RSS_SAMPLE t=430.1s rss=4412MB hwm=4412MB
RSS_SAMPLE t=430.3s rss=4412MB hwm=4412MB
RSS_SAMPLE t=430.6s rss=4412MB hwm=4412MB
RSS_SAMPLE t=430.8s rss=4412MB hwm=4412MB
RSS_SAMPLE t=431.1s rss=4412MB hwm=4412MB
RSS_SAMPLE t=431.3s rss=4412MB hwm=4412MB
RSS_SAMPLE t=431.6s rss=4412MB hwm=4412MB
RSS_SAMPLE t=431.8s rss=4412MB hwm=4412MB
RSS_SAMPLE t=432.1s rss=4412MB hwm=4412MB
PHASE_MARK outer=5 leave=dcd_sweep rss=4412MB
PHASE_MARK outer=5 enter=post_refresh rss=4412MB
RSS_SAMPLE t=432.3s rss=4412MB hwm=4412MB
RSS_SAMPLE t=432.6s rss=4412MB hwm=4412MB
RSS_SAMPLE t=432.8s rss=4412MB hwm=4412MB
RSS_SAMPLE t=433.1s rss=4412MB hwm=4412MB
RSS_SAMPLE t=433.3s rss=4412MB hwm=4412MB
RSS_SAMPLE t=433.6s rss=4412MB hwm=4412MB
RSS_SAMPLE t=433.8s rss=4412MB hwm=4412MB
RSS_SAMPLE t=434.1s rss=4412MB hwm=4412MB
RSS_SAMPLE t=434.3s rss=4412MB hwm=4412MB
RSS_SAMPLE t=434.6s rss=4412MB hwm=4412MB
RSS_SAMPLE t=434.8s rss=4412MB hwm=4412MB
RSS_SAMPLE t=435.1s rss=4412MB hwm=4412MB
RSS_SAMPLE t=435.3s rss=4413MB hwm=4413MB
RSS_SAMPLE t=435.6s rss=4413MB hwm=4413MB
RSS_SAMPLE t=435.8s rss=4413MB hwm=4413MB
RSS_SAMPLE t=436.1s rss=4413MB hwm=4413MB
RSS_SAMPLE t=436.3s rss=4413MB hwm=4413MB
RSS_SAMPLE t=436.6s rss=4413MB hwm=4413MB
RSS_SAMPLE t=436.8s rss=4413MB hwm=4413MB
RSS_SAMPLE t=437.1s rss=4414MB hwm=4414MB
RSS_SAMPLE t=437.3s rss=4414MB hwm=4414MB
RSS_SAMPLE t=437.6s rss=4414MB hwm=4414MB
RSS_SAMPLE t=437.8s rss=4414MB hwm=4414MB
RSS_SAMPLE t=438.1s rss=4415MB hwm=4415MB
RSS_SAMPLE t=438.3s rss=4415MB hwm=4415MB
RSS_SAMPLE t=438.6s rss=4415MB hwm=4415MB
RSS_SAMPLE t=438.8s rss=4415MB hwm=4415MB
RSS_SAMPLE t=439.1s rss=4415MB hwm=4415MB
RSS_SAMPLE t=439.4s rss=4416MB hwm=4416MB
RSS_SAMPLE t=439.6s rss=4416MB hwm=4416MB
RSS_SAMPLE t=439.9s rss=4417MB hwm=4417MB
RSS_SAMPLE t=440.1s rss=4417MB hwm=4417MB
RSS_SAMPLE t=440.4s rss=4417MB hwm=4417MB
RSS_SAMPLE t=440.6s rss=4418MB hwm=4418MB
RSS_SAMPLE t=440.9s rss=4418MB hwm=4418MB
RSS_SAMPLE t=441.1s rss=4419MB hwm=4419MB
RSS_SAMPLE t=441.4s rss=4419MB hwm=4419MB
RSS_SAMPLE t=441.6s rss=4420MB hwm=4420MB
RSS_SAMPLE t=441.9s rss=4420MB hwm=4420MB
RSS_SAMPLE t=442.1s rss=4421MB hwm=4421MB
RSS_SAMPLE t=442.4s rss=4422MB hwm=4422MB
RSS_SAMPLE t=442.6s rss=4423MB hwm=4423MB
RSS_SAMPLE t=442.9s rss=4423MB hwm=4423MB
RSS_SAMPLE t=443.1s rss=4424MB hwm=4424MB
RSS_SAMPLE t=443.4s rss=4424MB hwm=4424MB
RSS_SAMPLE t=443.6s rss=4425MB hwm=4425MB
RSS_SAMPLE t=443.9s rss=4426MB hwm=4426MB
RSS_SAMPLE t=444.1s rss=4426MB hwm=4426MB
RSS_SAMPLE t=444.4s rss=4427MB hwm=4427MB
RSS_SAMPLE t=444.6s rss=4427MB hwm=4427MB
RSS_SAMPLE t=444.9s rss=4428MB hwm=4428MB
RSS_SAMPLE t=445.1s rss=4428MB hwm=4428MB
RSS_SAMPLE t=445.4s rss=4430MB hwm=4430MB
RSS_SAMPLE t=445.6s rss=4430MB hwm=4430MB
RSS_SAMPLE t=445.9s rss=4431MB hwm=4431MB
RSS_SAMPLE t=446.1s rss=4431MB hwm=4431MB
RSS_SAMPLE t=446.4s rss=4432MB hwm=4432MB
RSS_SAMPLE t=446.6s rss=4432MB hwm=4432MB
RSS_SAMPLE t=446.9s rss=4433MB hwm=4433MB
RSS_SAMPLE t=447.1s rss=4433MB hwm=4433MB
RSS_SAMPLE t=447.4s rss=4434MB hwm=4434MB
RSS_SAMPLE t=447.6s rss=4434MB hwm=4434MB
RSS_SAMPLE t=447.9s rss=4435MB hwm=4435MB
RSS_SAMPLE t=448.1s rss=4435MB hwm=4435MB
RSS_SAMPLE t=448.4s rss=4436MB hwm=4436MB
RSS_SAMPLE t=448.6s rss=4436MB hwm=4436MB
RSS_SAMPLE t=448.9s rss=4436MB hwm=4436MB
RSS_SAMPLE t=449.1s rss=4437MB hwm=4437MB
RSS_SAMPLE t=449.4s rss=4437MB hwm=4437MB
RSS_SAMPLE t=449.6s rss=4438MB hwm=4438MB
RSS_SAMPLE t=449.9s rss=4438MB hwm=4438MB
RSS_SAMPLE t=450.1s rss=4439MB hwm=4439MB
RSS_SAMPLE t=450.4s rss=4439MB hwm=4439MB
RSS_SAMPLE t=450.6s rss=4439MB hwm=4439MB
RSS_SAMPLE t=450.9s rss=4440MB hwm=4440MB
RSS_SAMPLE t=451.1s rss=4440MB hwm=4440MB
RSS_SAMPLE t=451.4s rss=4441MB hwm=4441MB
RSS_SAMPLE t=451.6s rss=4441MB hwm=4441MB
RSS_SAMPLE t=451.9s rss=4442MB hwm=4442MB
RSS_SAMPLE t=452.1s rss=4442MB hwm=4442MB
RSS_SAMPLE t=452.4s rss=4443MB hwm=4443MB
RSS_SAMPLE t=452.6s rss=4443MB hwm=4443MB
RSS_SAMPLE t=452.9s rss=4444MB hwm=4444MB
RSS_SAMPLE t=453.1s rss=4444MB hwm=4444MB
RSS_SAMPLE t=453.4s rss=4444MB hwm=4444MB
RSS_SAMPLE t=453.6s rss=4444MB hwm=4444MB
RSS_SAMPLE t=453.9s rss=4445MB hwm=4445MB
RSS_SAMPLE t=454.1s rss=4445MB hwm=4445MB
RSS_SAMPLE t=454.4s rss=4445MB hwm=4445MB
RSS_SAMPLE t=454.6s rss=4445MB hwm=4445MB
RSS_SAMPLE t=454.9s rss=4446MB hwm=4446MB
RSS_SAMPLE t=455.1s rss=4446MB hwm=4446MB
RSS_SAMPLE t=455.4s rss=4447MB hwm=4447MB
RSS_SAMPLE t=455.6s rss=4447MB hwm=4447MB
RSS_SAMPLE t=455.9s rss=4448MB hwm=4448MB
RSS_SAMPLE t=456.1s rss=4449MB hwm=4449MB
RSS_SAMPLE t=456.4s rss=4450MB hwm=4450MB
RSS_SAMPLE t=456.6s rss=4450MB hwm=4450MB
RSS_SAMPLE t=456.9s rss=4451MB hwm=4451MB
RSS_SAMPLE t=457.1s rss=4451MB hwm=4451MB
RSS_SAMPLE t=457.4s rss=4451MB hwm=4451MB
RSS_SAMPLE t=457.6s rss=4451MB hwm=4451MB
RSS_SAMPLE t=457.9s rss=4451MB hwm=4451MB
RSS_SAMPLE t=458.1s rss=4451MB hwm=4451MB
RSS_SAMPLE t=458.4s rss=4451MB hwm=4451MB
RSS_SAMPLE t=458.6s rss=4451MB hwm=4451MB
RSS_SAMPLE t=458.9s rss=4451MB hwm=4451MB
RSS_SAMPLE t=459.1s rss=4451MB hwm=4451MB
RSS_SAMPLE t=459.4s rss=4451MB hwm=4451MB
RSS_SAMPLE t=459.6s rss=4451MB hwm=4451MB
RSS_SAMPLE t=459.9s rss=4451MB hwm=4451MB
RSS_SAMPLE t=460.1s rss=4451MB hwm=4451MB
RSS_SAMPLE t=460.4s rss=4451MB hwm=4451MB
RSS_SAMPLE t=460.6s rss=4451MB hwm=4451MB
RSS_SAMPLE t=460.9s rss=4451MB hwm=4451MB
RSS_SAMPLE t=461.1s rss=4451MB hwm=4451MB
RSS_SAMPLE t=461.4s rss=4451MB hwm=4451MB
RSS_SAMPLE t=461.6s rss=4451MB hwm=4451MB
RSS_SAMPLE t=461.9s rss=4452MB hwm=4452MB
RSS_SAMPLE t=462.1s rss=4452MB hwm=4452MB
RSS_SAMPLE t=462.4s rss=4452MB hwm=4452MB
RSS_SAMPLE t=462.6s rss=4452MB hwm=4452MB
RSS_SAMPLE t=462.9s rss=4452MB hwm=4452MB
RSS_SAMPLE t=463.1s rss=4452MB hwm=4452MB
RSS_SAMPLE t=463.4s rss=4452MB hwm=4452MB
RSS_SAMPLE t=463.6s rss=4452MB hwm=4452MB
RSS_SAMPLE t=463.9s rss=4452MB hwm=4452MB
RSS_SAMPLE t=464.1s rss=4452MB hwm=4452MB
RSS_SAMPLE t=464.4s rss=4452MB hwm=4452MB
RSS_SAMPLE t=464.6s rss=4452MB hwm=4452MB
RSS_SAMPLE t=464.9s rss=4452MB hwm=4452MB
RSS_SAMPLE t=465.1s rss=4452MB hwm=4452MB
RSS_SAMPLE t=465.4s rss=4452MB hwm=4452MB
RSS_SAMPLE t=465.6s rss=4452MB hwm=4452MB
RSS_SAMPLE t=465.9s rss=4452MB hwm=4452MB
RSS_SAMPLE t=466.1s rss=4452MB hwm=4452MB
RSS_SAMPLE t=466.4s rss=4452MB hwm=4452MB
RSS_SAMPLE t=466.6s rss=4452MB hwm=4452MB
RSS_SAMPLE t=466.9s rss=4452MB hwm=4452MB
RSS_SAMPLE t=467.1s rss=4452MB hwm=4452MB
RSS_SAMPLE t=467.4s rss=4452MB hwm=4452MB
RSS_SAMPLE t=467.6s rss=4452MB hwm=4452MB
RSS_SAMPLE t=467.9s rss=4452MB hwm=4452MB
RSS_SAMPLE t=468.1s rss=4452MB hwm=4452MB
RSS_SAMPLE t=468.4s rss=4452MB hwm=4452MB
RSS_SAMPLE t=468.6s rss=4452MB hwm=4452MB
RSS_SAMPLE t=468.9s rss=4452MB hwm=4452MB
RSS_SAMPLE t=469.1s rss=4452MB hwm=4452MB
RSS_SAMPLE t=469.4s rss=4452MB hwm=4452MB
RSS_SAMPLE t=469.6s rss=4452MB hwm=4452MB
RSS_SAMPLE t=469.9s rss=4452MB hwm=4452MB
RSS_SAMPLE t=470.1s rss=4452MB hwm=4452MB
RSS_SAMPLE t=470.4s rss=4452MB hwm=4452MB
RSS_SAMPLE t=470.6s rss=4452MB hwm=4452MB
RSS_SAMPLE t=470.9s rss=4452MB hwm=4452MB
RSS_SAMPLE t=471.1s rss=4452MB hwm=4452MB
RSS_SAMPLE t=471.4s rss=4452MB hwm=4452MB
RSS_SAMPLE t=471.6s rss=4452MB hwm=4452MB
RSS_SAMPLE t=471.9s rss=4452MB hwm=4452MB
RSS_SAMPLE t=472.1s rss=4452MB hwm=4452MB
RSS_SAMPLE t=472.4s rss=4452MB hwm=4452MB
RSS_SAMPLE t=472.6s rss=4452MB hwm=4452MB
RSS_SAMPLE t=472.9s rss=4452MB hwm=4452MB
RSS_SAMPLE t=473.1s rss=4453MB hwm=4453MB
RSS_SAMPLE t=473.4s rss=4453MB hwm=4453MB
RSS_SAMPLE t=473.6s rss=4453MB hwm=4453MB
RSS_SAMPLE t=473.9s rss=4453MB hwm=4453MB
RSS_SAMPLE t=474.1s rss=4453MB hwm=4453MB
RSS_SAMPLE t=474.4s rss=4453MB hwm=4453MB
RSS_SAMPLE t=474.6s rss=4453MB hwm=4453MB
RSS_SAMPLE t=474.9s rss=4453MB hwm=4453MB
RSS_SAMPLE t=475.1s rss=4453MB hwm=4453MB
RSS_SAMPLE t=475.4s rss=4453MB hwm=4453MB
RSS_SAMPLE t=475.6s rss=4453MB hwm=4453MB
RSS_SAMPLE t=475.9s rss=4453MB hwm=4453MB
RSS_SAMPLE t=476.1s rss=4453MB hwm=4453MB
RSS_SAMPLE t=476.4s rss=4453MB hwm=4453MB
RSS_SAMPLE t=476.6s rss=4453MB hwm=4453MB
RSS_SAMPLE t=476.9s rss=4453MB hwm=4453MB
RSS_SAMPLE t=477.1s rss=4453MB hwm=4453MB
RSS_SAMPLE t=477.4s rss=4453MB hwm=4453MB
RSS_SAMPLE t=477.6s rss=4453MB hwm=4453MB
RSS_SAMPLE t=477.9s rss=4453MB hwm=4453MB
RSS_SAMPLE t=478.1s rss=4453MB hwm=4453MB
RSS_SAMPLE t=478.4s rss=4453MB hwm=4453MB
RSS_SAMPLE t=478.6s rss=4453MB hwm=4453MB
RSS_SAMPLE t=478.9s rss=4453MB hwm=4453MB
MEM_POOL: workspaces=32 dense_usage_mb=1251 n_pipes=2562403
    post_solve_diag[outer=5]: solves=105117 cap_armed=105117 (100.0%) settle_avg=7078 above_sink_avg=101 (1.4%) settle_max=69353
    settle_hist[outer=5]: <100: 32451nets/0.1%work  <1k: 20084nets/1.1%work  <5k: 21647nets/7.5%work  <20k: 16654nets/24.1%work  <60k: 13658nets/61.8%work  >=60k: 623nets/5.4%work
    fanout_hist[outer=5]: fan1: 43710nets/12.9%work  fan2-4: 48279nets/49.8%work  fan5-16: 12974nets/36.4%work  fan17-64: 154nets/0.9%work  fan65-256: 0nets/0.0%work  fan>256: 0nets/0.0%work
RSS_SAMPLE t=479.1s rss=4453MB hwm=4453MB
    rss_probe[outer=5]: pre_post_solve=4412MB post_post_solve=4453MB after_apply=4453MB
    E_decomp: base=7517962.2 eff=547238831170302.6 cong=547238823652340.4 cong_share=100.0% sat_pipes=83236 max_util=1911.16  R_buckets: 1-2x=79957 2-10x=21689 10-100x=43127 >=100x=2417630
    E_potential: beckmann=165599914578346.2 history_total=0.0
    SpanCache: epoch=6 entries=2590 lookups=2562403 hits=2559813 misses=2590 hit_rate=99.9%
  DCD   5: nets=105117 line=14849733 energy=2863568137.146 dE=-23519711088.381 friction=20050691.6 bins=2.0x(432) excess=159.5 moved=65710 disp=6.532 solves=105117 skip=105117 pops=744024611 theta=0.550 refresh=47065ms dcd=7034ms total=56805ms
    cache_stats: entries=52695608 capacity=96002898 est_mb=829 rss_mb=4454
RSS_SAMPLE t=479.4s rss=4454MB hwm=4454MB
RSS_SAMPLE t=479.6s rss=4454MB hwm=4454MB
RSS_SAMPLE t=479.9s rss=4454MB hwm=4454MB
RSS_SAMPLE t=480.1s rss=4454MB hwm=4454MB
RSS_SAMPLE t=480.4s rss=4454MB hwm=4454MB
RSS_SAMPLE t=480.6s rss=4454MB hwm=4454MB
RSS_SAMPLE t=480.9s rss=4454MB hwm=4454MB
RSS_SAMPLE t=481.1s rss=4454MB hwm=4454MB
RSS_SAMPLE t=481.4s rss=4454MB hwm=4454MB
RSS_SAMPLE t=481.6s rss=4454MB hwm=4454MB
RSS_SAMPLE t=481.9s rss=4454MB hwm=4454MB
    SwitchMatrix: type_usage_pairs=1149 lookups=2319 hits=1170 dijkstra_calls=1149 avg_us=10.8 total_ms=12.4
PHASE_MARK outer=6 enter=pre_solve rss=4454MB
    rss_probe[outer=6]: pre_refresh_rss=4454MB post_pre_solve_rss=4454MB cache_entries=52695608 cache_cap=96002898 cache_est_mb=829
    pre_solve_diag[outer=6]: solves=0 fallback=0 (0.0%) cap_armed=0 (0.0%) settle_avg=0 settle_max=0 init_count=248
    Overflow: over=81625 (3.2% of used) avg_excess=21.27 max_excess=2487.33 (nc=2511.33 cap=24 span=1)  excess_buckets: <=1=2127 1-5=33359 5-20=27440 >20=18699  by_cap: cap1=647 cap2=67929 cap3-5=62 cap>5=12987  by_span: s1=589 s2-3=12001 s4-6=1725 s7-12=66274 s>12=1036  le1_cross: cap1=302 cap2-5=1638 cap>5=187
    Congestion: pipes=2562403 used=2562403 congested(>50%)=97397 saturated(>90%)=83236 max_util=1911.16 avg_util=0.2145
PHASE_MARK outer=6 enter=dcd_sweep rss=4454MB
RSS_SAMPLE t=482.1s rss=4454MB hwm=4454MB
RSS_SAMPLE t=482.4s rss=4454MB hwm=4454MB
RSS_SAMPLE t=482.6s rss=4454MB hwm=4454MB
RSS_SAMPLE t=482.9s rss=4454MB hwm=4454MB
RSS_SAMPLE t=483.1s rss=4454MB hwm=4454MB
RSS_SAMPLE t=483.4s rss=4454MB hwm=4454MB
RSS_SAMPLE t=483.6s rss=4454MB hwm=4454MB
RSS_SAMPLE t=483.9s rss=4454MB hwm=4454MB
RSS_SAMPLE t=484.1s rss=4454MB hwm=4454MB
RSS_SAMPLE t=484.4s rss=4454MB hwm=4454MB
RSS_SAMPLE t=484.6s rss=4454MB hwm=4454MB
RSS_SAMPLE t=484.9s rss=4454MB hwm=4454MB
RSS_SAMPLE t=485.1s rss=4454MB hwm=4454MB
RSS_SAMPLE t=485.4s rss=4454MB hwm=4454MB
RSS_SAMPLE t=485.6s rss=4454MB hwm=4454MB
RSS_SAMPLE t=485.9s rss=4454MB hwm=4454MB
RSS_SAMPLE t=486.1s rss=4454MB hwm=4454MB
RSS_SAMPLE t=486.4s rss=4454MB hwm=4454MB
RSS_SAMPLE t=486.6s rss=4454MB hwm=4454MB
RSS_SAMPLE t=486.9s rss=4454MB hwm=4454MB
RSS_SAMPLE t=487.1s rss=4454MB hwm=4454MB
RSS_SAMPLE t=487.4s rss=4454MB hwm=4454MB
RSS_SAMPLE t=487.6s rss=4454MB hwm=4454MB
RSS_SAMPLE t=487.9s rss=4454MB hwm=4454MB
RSS_SAMPLE t=488.1s rss=4454MB hwm=4454MB
RSS_SAMPLE t=488.4s rss=4454MB hwm=4454MB
RSS_SAMPLE t=488.6s rss=4454MB hwm=4454MB
RSS_SAMPLE t=488.9s rss=4454MB hwm=4454MB
PHASE_MARK outer=6 leave=dcd_sweep rss=4454MB
PHASE_MARK outer=6 enter=post_refresh rss=4454MB
RSS_SAMPLE t=489.1s rss=4454MB hwm=4454MB
RSS_SAMPLE t=489.4s rss=4454MB hwm=4454MB
RSS_SAMPLE t=489.6s rss=4454MB hwm=4454MB
RSS_SAMPLE t=489.9s rss=4454MB hwm=4454MB
RSS_SAMPLE t=490.1s rss=4454MB hwm=4454MB
RSS_SAMPLE t=490.4s rss=4454MB hwm=4454MB
RSS_SAMPLE t=490.6s rss=4454MB hwm=4454MB
RSS_SAMPLE t=490.9s rss=4454MB hwm=4454MB
RSS_SAMPLE t=491.1s rss=4454MB hwm=4454MB
RSS_SAMPLE t=491.4s rss=4454MB hwm=4454MB
RSS_SAMPLE t=491.6s rss=4454MB hwm=4454MB
RSS_SAMPLE t=491.9s rss=4455MB hwm=4455MB
RSS_SAMPLE t=492.1s rss=4455MB hwm=4455MB
RSS_SAMPLE t=492.4s rss=4455MB hwm=4455MB
RSS_SAMPLE t=492.6s rss=4456MB hwm=4456MB
RSS_SAMPLE t=492.9s rss=4456MB hwm=4456MB
RSS_SAMPLE t=493.1s rss=4456MB hwm=4456MB
RSS_SAMPLE t=493.4s rss=4456MB hwm=4456MB
RSS_SAMPLE t=493.6s rss=4457MB hwm=4457MB
RSS_SAMPLE t=493.9s rss=4457MB hwm=4457MB
RSS_SAMPLE t=494.1s rss=4458MB hwm=4458MB
RSS_SAMPLE t=494.4s rss=4459MB hwm=4459MB
RSS_SAMPLE t=494.6s rss=4460MB hwm=4460MB
RSS_SAMPLE t=494.9s rss=4461MB hwm=4461MB
RSS_SAMPLE t=495.1s rss=4462MB hwm=4462MB
RSS_SAMPLE t=495.4s rss=4464MB hwm=4464MB
RSS_SAMPLE t=495.6s rss=4465MB hwm=4465MB
RSS_SAMPLE t=495.9s rss=4465MB hwm=4465MB
RSS_SAMPLE t=496.1s rss=4466MB hwm=4466MB
RSS_SAMPLE t=496.4s rss=4467MB hwm=4467MB
RSS_SAMPLE t=496.6s rss=4468MB hwm=4468MB
RSS_SAMPLE t=496.9s rss=4469MB hwm=4469MB
RSS_SAMPLE t=497.1s rss=4470MB hwm=4470MB
RSS_SAMPLE t=497.4s rss=4470MB hwm=4470MB
RSS_SAMPLE t=497.6s rss=4471MB hwm=4471MB
RSS_SAMPLE t=497.9s rss=4472MB hwm=4472MB
RSS_SAMPLE t=498.1s rss=4474MB hwm=4474MB
RSS_SAMPLE t=498.4s rss=4475MB hwm=4475MB
RSS_SAMPLE t=498.6s rss=4476MB hwm=4476MB
RSS_SAMPLE t=498.9s rss=4477MB hwm=4477MB
RSS_SAMPLE t=499.1s rss=4479MB hwm=4479MB
RSS_SAMPLE t=499.4s rss=4480MB hwm=4480MB
RSS_SAMPLE t=499.6s rss=4480MB hwm=4480MB
RSS_SAMPLE t=499.9s rss=4481MB hwm=4481MB
RSS_SAMPLE t=500.1s rss=4483MB hwm=4483MB
RSS_SAMPLE t=500.4s rss=4484MB hwm=4484MB
RSS_SAMPLE t=500.6s rss=4485MB hwm=4485MB
RSS_SAMPLE t=500.9s rss=4486MB hwm=4486MB
RSS_SAMPLE t=501.1s rss=4487MB hwm=4487MB
RSS_SAMPLE t=501.4s rss=4488MB hwm=4488MB
RSS_SAMPLE t=501.6s rss=4489MB hwm=4489MB
RSS_SAMPLE t=501.9s rss=4489MB hwm=4489MB
RSS_SAMPLE t=502.1s rss=4490MB hwm=4490MB
RSS_SAMPLE t=502.4s rss=4491MB hwm=4491MB
RSS_SAMPLE t=502.7s rss=4492MB hwm=4492MB
RSS_SAMPLE t=502.9s rss=4493MB hwm=4493MB
RSS_SAMPLE t=503.2s rss=4494MB hwm=4494MB
RSS_SAMPLE t=503.4s rss=4494MB hwm=4494MB
RSS_SAMPLE t=503.7s rss=4496MB hwm=4496MB
RSS_SAMPLE t=503.9s rss=4496MB hwm=4496MB
RSS_SAMPLE t=504.2s rss=4497MB hwm=4497MB
RSS_SAMPLE t=504.4s rss=4498MB hwm=4498MB
RSS_SAMPLE t=504.7s rss=4498MB hwm=4498MB
RSS_SAMPLE t=504.9s rss=4499MB hwm=4499MB
RSS_SAMPLE t=505.2s rss=4499MB hwm=4499MB
RSS_SAMPLE t=505.4s rss=4500MB hwm=4500MB
RSS_SAMPLE t=505.7s rss=4500MB hwm=4500MB
RSS_SAMPLE t=505.9s rss=4501MB hwm=4501MB
RSS_SAMPLE t=506.2s rss=4502MB hwm=4502MB
RSS_SAMPLE t=506.4s rss=4502MB hwm=4502MB
RSS_SAMPLE t=506.7s rss=4503MB hwm=4503MB
RSS_SAMPLE t=506.9s rss=4504MB hwm=4504MB
RSS_SAMPLE t=507.2s rss=4504MB hwm=4504MB
RSS_SAMPLE t=507.4s rss=4505MB hwm=4505MB
RSS_SAMPLE t=507.7s rss=4505MB hwm=4505MB
RSS_SAMPLE t=507.9s rss=4506MB hwm=4506MB
RSS_SAMPLE t=508.2s rss=4506MB hwm=4506MB
RSS_SAMPLE t=508.4s rss=4506MB hwm=4506MB
RSS_SAMPLE t=508.7s rss=4507MB hwm=4507MB
RSS_SAMPLE t=508.9s rss=4507MB hwm=4507MB
RSS_SAMPLE t=509.2s rss=4507MB hwm=4507MB
RSS_SAMPLE t=509.4s rss=4507MB hwm=4507MB
RSS_SAMPLE t=509.7s rss=4507MB hwm=4507MB
RSS_SAMPLE t=509.9s rss=4508MB hwm=4508MB
RSS_SAMPLE t=510.2s rss=4508MB hwm=4508MB
RSS_SAMPLE t=510.4s rss=4508MB hwm=4508MB
RSS_SAMPLE t=510.7s rss=4509MB hwm=4509MB
RSS_SAMPLE t=510.9s rss=4509MB hwm=4509MB
RSS_SAMPLE t=511.2s rss=4509MB hwm=4509MB
RSS_SAMPLE t=511.4s rss=4510MB hwm=4510MB
RSS_SAMPLE t=511.7s rss=4510MB hwm=4510MB
RSS_SAMPLE t=511.9s rss=4510MB hwm=4510MB
RSS_SAMPLE t=512.2s rss=4511MB hwm=4511MB
RSS_SAMPLE t=512.4s rss=4511MB hwm=4511MB
RSS_SAMPLE t=512.7s rss=4511MB hwm=4511MB
RSS_SAMPLE t=512.9s rss=4511MB hwm=4511MB
RSS_SAMPLE t=513.2s rss=4511MB hwm=4511MB
RSS_SAMPLE t=513.4s rss=4511MB hwm=4511MB
RSS_SAMPLE t=513.7s rss=4511MB hwm=4511MB
RSS_SAMPLE t=513.9s rss=4511MB hwm=4511MB
RSS_SAMPLE t=514.2s rss=4511MB hwm=4511MB
RSS_SAMPLE t=514.4s rss=4511MB hwm=4511MB
RSS_SAMPLE t=514.7s rss=4511MB hwm=4511MB
RSS_SAMPLE t=514.9s rss=4512MB hwm=4512MB
RSS_SAMPLE t=515.2s rss=4512MB hwm=4512MB
RSS_SAMPLE t=515.4s rss=4513MB hwm=4513MB
RSS_SAMPLE t=515.7s rss=4513MB hwm=4513MB
RSS_SAMPLE t=515.9s rss=4513MB hwm=4513MB
RSS_SAMPLE t=516.2s rss=4513MB hwm=4513MB
RSS_SAMPLE t=516.4s rss=4513MB hwm=4513MB
RSS_SAMPLE t=516.7s rss=4513MB hwm=4513MB
RSS_SAMPLE t=516.9s rss=4513MB hwm=4513MB
RSS_SAMPLE t=517.2s rss=4513MB hwm=4513MB
RSS_SAMPLE t=517.4s rss=4513MB hwm=4513MB
RSS_SAMPLE t=517.7s rss=4513MB hwm=4513MB
RSS_SAMPLE t=517.9s rss=4513MB hwm=4513MB
RSS_SAMPLE t=518.2s rss=4513MB hwm=4513MB
RSS_SAMPLE t=518.4s rss=4513MB hwm=4513MB
RSS_SAMPLE t=518.7s rss=4513MB hwm=4513MB
RSS_SAMPLE t=518.9s rss=4513MB hwm=4513MB
RSS_SAMPLE t=519.2s rss=4513MB hwm=4513MB
RSS_SAMPLE t=519.4s rss=4513MB hwm=4513MB
RSS_SAMPLE t=519.7s rss=4513MB hwm=4513MB
RSS_SAMPLE t=519.9s rss=4513MB hwm=4513MB
RSS_SAMPLE t=520.2s rss=4513MB hwm=4513MB
RSS_SAMPLE t=520.4s rss=4513MB hwm=4513MB
RSS_SAMPLE t=520.7s rss=4513MB hwm=4513MB
RSS_SAMPLE t=520.9s rss=4513MB hwm=4513MB
RSS_SAMPLE t=521.2s rss=4513MB hwm=4513MB
RSS_SAMPLE t=521.4s rss=4513MB hwm=4513MB
RSS_SAMPLE t=521.7s rss=4513MB hwm=4513MB
RSS_SAMPLE t=521.9s rss=4513MB hwm=4513MB
RSS_SAMPLE t=522.2s rss=4513MB hwm=4513MB
RSS_SAMPLE t=522.4s rss=4513MB hwm=4513MB
RSS_SAMPLE t=522.7s rss=4513MB hwm=4513MB
RSS_SAMPLE t=522.9s rss=4513MB hwm=4513MB
RSS_SAMPLE t=523.2s rss=4513MB hwm=4513MB
RSS_SAMPLE t=523.4s rss=4513MB hwm=4513MB
RSS_SAMPLE t=523.7s rss=4513MB hwm=4513MB
RSS_SAMPLE t=523.9s rss=4513MB hwm=4513MB
RSS_SAMPLE t=524.2s rss=4513MB hwm=4513MB
RSS_SAMPLE t=524.4s rss=4513MB hwm=4513MB
RSS_SAMPLE t=524.7s rss=4513MB hwm=4513MB
RSS_SAMPLE t=524.9s rss=4513MB hwm=4513MB
RSS_SAMPLE t=525.2s rss=4513MB hwm=4513MB
RSS_SAMPLE t=525.4s rss=4513MB hwm=4513MB
RSS_SAMPLE t=525.7s rss=4513MB hwm=4513MB
RSS_SAMPLE t=525.9s rss=4513MB hwm=4513MB
RSS_SAMPLE t=526.2s rss=4513MB hwm=4513MB
RSS_SAMPLE t=526.4s rss=4513MB hwm=4513MB
RSS_SAMPLE t=526.7s rss=4513MB hwm=4513MB
RSS_SAMPLE t=526.9s rss=4513MB hwm=4513MB
RSS_SAMPLE t=527.2s rss=4513MB hwm=4513MB
RSS_SAMPLE t=527.4s rss=4513MB hwm=4513MB
RSS_SAMPLE t=527.7s rss=4513MB hwm=4513MB
RSS_SAMPLE t=527.9s rss=4513MB hwm=4513MB
RSS_SAMPLE t=528.2s rss=4513MB hwm=4513MB
RSS_SAMPLE t=528.4s rss=4513MB hwm=4513MB
RSS_SAMPLE t=528.7s rss=4513MB hwm=4513MB
RSS_SAMPLE t=528.9s rss=4513MB hwm=4513MB
RSS_SAMPLE t=529.2s rss=4513MB hwm=4513MB
RSS_SAMPLE t=529.4s rss=4513MB hwm=4513MB
RSS_SAMPLE t=529.7s rss=4513MB hwm=4513MB
RSS_SAMPLE t=529.9s rss=4513MB hwm=4513MB
RSS_SAMPLE t=530.2s rss=4513MB hwm=4513MB
RSS_SAMPLE t=530.4s rss=4513MB hwm=4513MB
RSS_SAMPLE t=530.7s rss=4513MB hwm=4513MB
RSS_SAMPLE t=530.9s rss=4513MB hwm=4513MB
RSS_SAMPLE t=531.2s rss=4513MB hwm=4513MB
RSS_SAMPLE t=531.4s rss=4513MB hwm=4513MB
RSS_SAMPLE t=531.7s rss=4513MB hwm=4513MB
RSS_SAMPLE t=531.9s rss=4513MB hwm=4513MB
RSS_SAMPLE t=532.2s rss=4513MB hwm=4513MB
RSS_SAMPLE t=532.4s rss=4513MB hwm=4513MB
RSS_SAMPLE t=532.7s rss=4514MB hwm=4514MB
RSS_SAMPLE t=532.9s rss=4514MB hwm=4514MB
RSS_SAMPLE t=533.2s rss=4514MB hwm=4514MB
RSS_SAMPLE t=533.4s rss=4514MB hwm=4514MB
RSS_SAMPLE t=533.7s rss=4514MB hwm=4514MB
RSS_SAMPLE t=533.9s rss=4514MB hwm=4514MB
RSS_SAMPLE t=534.2s rss=4514MB hwm=4514MB
RSS_SAMPLE t=534.4s rss=4514MB hwm=4514MB
RSS_SAMPLE t=534.7s rss=4514MB hwm=4514MB
RSS_SAMPLE t=534.9s rss=4514MB hwm=4514MB
RSS_SAMPLE t=535.2s rss=4514MB hwm=4514MB
RSS_SAMPLE t=535.4s rss=4514MB hwm=4514MB
RSS_SAMPLE t=535.7s rss=4514MB hwm=4514MB
RSS_SAMPLE t=535.9s rss=4514MB hwm=4514MB
RSS_SAMPLE t=536.2s rss=4514MB hwm=4514MB
RSS_SAMPLE t=536.4s rss=4514MB hwm=4514MB
RSS_SAMPLE t=536.7s rss=4514MB hwm=4514MB
RSS_SAMPLE t=536.9s rss=4514MB hwm=4514MB
RSS_SAMPLE t=537.2s rss=4514MB hwm=4514MB
RSS_SAMPLE t=537.4s rss=4514MB hwm=4514MB
RSS_SAMPLE t=537.7s rss=4514MB hwm=4514MB
RSS_SAMPLE t=537.9s rss=4514MB hwm=4514MB
RSS_SAMPLE t=538.2s rss=4514MB hwm=4514MB
MEM_POOL: workspaces=32 dense_usage_mb=1251 n_pipes=2562403
    post_solve_diag[outer=6]: solves=105117 cap_armed=105117 (100.0%) settle_avg=7053 above_sink_avg=113 (1.6%) settle_max=69353
    settle_hist[outer=6]: <100: 30971nets/0.1%work  <1k: 18664nets/1.0%work  <5k: 23664nets/8.2%work  <20k: 17921nets/25.9%work  <60k: 13346nets/60.0%work  >=60k: 551nets/4.8%work
    fanout_hist[outer=6]: fan1: 43710nets/13.4%work  fan2-4: 48279nets/50.0%work  fan5-16: 12974nets/35.7%work  fan17-64: 154nets/0.9%work  fan65-256: 0nets/0.0%work  fan>256: 0nets/0.0%work
    rss_probe[outer=6]: pre_post_solve=4454MB post_post_solve=4514MB after_apply=4514MB
RSS_SAMPLE t=538.4s rss=4515MB hwm=4515MB
    E_decomp: base=6631706.6 eff=414450264032557.1 cong=414450257400850.4 cong_share=100.0% sat_pipes=83421 max_util=955.58  R_buckets: 1-2x=83179 2-10x=27428 10-100x=1727409 >=100x=724387
    E_potential: beckmann=109637986129907.7 history_total=0.0
    SpanCache: epoch=7 entries=2319 lookups=2562403 hits=2560084 misses=2319 hit_rate=99.9%
  DCD   6: nets=105117 line=14461825 energy=9260416398.800 dE=+6396848261.654 friction=16197951.2 bins=2.0x(316) excess=115.9 moved=66493 disp=5.949 solves=105117 skip=105117 pops=741405223 theta=0.644 refresh=49472ms dcd=7036ms total=59215ms
    cache_stats: entries=56275624 capacity=102842277 est_mb=888 rss_mb=4515
RSS_SAMPLE t=538.7s rss=4515MB hwm=4515MB
RSS_SAMPLE t=538.9s rss=4515MB hwm=4515MB
RSS_SAMPLE t=539.2s rss=4515MB hwm=4515MB
RSS_SAMPLE t=539.4s rss=4515MB hwm=4515MB
RSS_SAMPLE t=539.7s rss=4515MB hwm=4515MB
RSS_SAMPLE t=539.9s rss=4515MB hwm=4515MB
RSS_SAMPLE t=540.2s rss=4515MB hwm=4515MB
RSS_SAMPLE t=540.4s rss=4515MB hwm=4515MB
RSS_SAMPLE t=540.7s rss=4515MB hwm=4515MB
RSS_SAMPLE t=540.9s rss=4515MB hwm=4515MB
    SwitchMatrix: type_usage_pairs=1100 lookups=2217 hits=1117 dijkstra_calls=1100 avg_us=10.8 total_ms=11.9
PHASE_MARK outer=7 enter=pre_solve rss=4515MB
    rss_probe[outer=7]: pre_refresh_rss=4515MB post_pre_solve_rss=4515MB cache_entries=56275624 cache_cap=102842277 cache_est_mb=888
    pre_solve_diag[outer=7]: solves=0 fallback=0 (0.0%) cap_armed=0 (0.0%) settle_avg=0 settle_max=0 init_count=254
    Overflow: over=81623 (3.2% of used) avg_excess=16.79 max_excess=3070.16 (nc=3094.16 cap=24 span=1)  excess_buckets: <=1=3907 1-5=36800 5-20=25671 >20=15245  by_cap: cap1=1840 cap2=68056 cap3-5=10 cap>5=11717  by_span: s1=556 s2-3=10774 s4-6=1693 s7-12=66876 s>12=1724  le1_cross: cap1=494 cap2-5=3212 cap>5=201
    Congestion: pipes=2562403 used=2562403 congested(>50%)=97135 saturated(>90%)=83421 max_util=955.58 avg_util=0.1887
PHASE_MARK outer=7 enter=dcd_sweep rss=4515MB
RSS_SAMPLE t=541.2s rss=4515MB hwm=4515MB
RSS_SAMPLE t=541.4s rss=4515MB hwm=4515MB
RSS_SAMPLE t=541.7s rss=4515MB hwm=4515MB
RSS_SAMPLE t=541.9s rss=4515MB hwm=4515MB
RSS_SAMPLE t=542.2s rss=4515MB hwm=4515MB
RSS_SAMPLE t=542.4s rss=4515MB hwm=4515MB
RSS_SAMPLE t=542.7s rss=4515MB hwm=4515MB
RSS_SAMPLE t=542.9s rss=4515MB hwm=4515MB
RSS_SAMPLE t=543.2s rss=4515MB hwm=4515MB
RSS_SAMPLE t=543.4s rss=4515MB hwm=4515MB
RSS_SAMPLE t=543.7s rss=4515MB hwm=4515MB
RSS_SAMPLE t=543.9s rss=4515MB hwm=4515MB
RSS_SAMPLE t=544.2s rss=4515MB hwm=4515MB
RSS_SAMPLE t=544.4s rss=4515MB hwm=4515MB
RSS_SAMPLE t=544.7s rss=4515MB hwm=4515MB
RSS_SAMPLE t=544.9s rss=4515MB hwm=4515MB
RSS_SAMPLE t=545.2s rss=4515MB hwm=4515MB
RSS_SAMPLE t=545.4s rss=4515MB hwm=4515MB
RSS_SAMPLE t=545.7s rss=4515MB hwm=4515MB
RSS_SAMPLE t=545.9s rss=4515MB hwm=4515MB
RSS_SAMPLE t=546.2s rss=4515MB hwm=4515MB
RSS_SAMPLE t=546.4s rss=4515MB hwm=4515MB
RSS_SAMPLE t=546.7s rss=4515MB hwm=4515MB
RSS_SAMPLE t=546.9s rss=4515MB hwm=4515MB
RSS_SAMPLE t=547.2s rss=4515MB hwm=4515MB
RSS_SAMPLE t=547.4s rss=4515MB hwm=4515MB
RSS_SAMPLE t=547.7s rss=4515MB hwm=4515MB
RSS_SAMPLE t=547.9s rss=4515MB hwm=4515MB
PHASE_MARK outer=7 leave=dcd_sweep rss=4515MB
PHASE_MARK outer=7 enter=post_refresh rss=4515MB
RSS_SAMPLE t=548.2s rss=4515MB hwm=4515MB
RSS_SAMPLE t=548.4s rss=4515MB hwm=4515MB
RSS_SAMPLE t=548.7s rss=4515MB hwm=4515MB
RSS_SAMPLE t=548.9s rss=4515MB hwm=4515MB
RSS_SAMPLE t=549.2s rss=4515MB hwm=4515MB
RSS_SAMPLE t=549.4s rss=4515MB hwm=4515MB
RSS_SAMPLE t=549.7s rss=4515MB hwm=4515MB
RSS_SAMPLE t=549.9s rss=4515MB hwm=4515MB
RSS_SAMPLE t=550.2s rss=4515MB hwm=4515MB
RSS_SAMPLE t=550.4s rss=4515MB hwm=4515MB
RSS_SAMPLE t=550.7s rss=4515MB hwm=4515MB
RSS_SAMPLE t=551.0s rss=4515MB hwm=4515MB
RSS_SAMPLE t=551.2s rss=4516MB hwm=4516MB
RSS_SAMPLE t=551.5s rss=4516MB hwm=4516MB
RSS_SAMPLE t=551.7s rss=4516MB hwm=4516MB
RSS_SAMPLE t=552.0s rss=4516MB hwm=4516MB
RSS_SAMPLE t=552.2s rss=4517MB hwm=4517MB
RSS_SAMPLE t=552.5s rss=4517MB hwm=4517MB
RSS_SAMPLE t=552.7s rss=4517MB hwm=4517MB
RSS_SAMPLE t=553.0s rss=4517MB hwm=4517MB
RSS_SAMPLE t=553.2s rss=4518MB hwm=4518MB
RSS_SAMPLE t=553.5s rss=4518MB hwm=4518MB
RSS_SAMPLE t=553.7s rss=4519MB hwm=4519MB
RSS_SAMPLE t=554.0s rss=4519MB hwm=4519MB
RSS_SAMPLE t=554.2s rss=4519MB hwm=4519MB
RSS_SAMPLE t=554.5s rss=4520MB hwm=4520MB
RSS_SAMPLE t=554.7s rss=4520MB hwm=4520MB
RSS_SAMPLE t=555.0s rss=4520MB hwm=4520MB
RSS_SAMPLE t=555.2s rss=4521MB hwm=4521MB
RSS_SAMPLE t=555.5s rss=4521MB hwm=4521MB
RSS_SAMPLE t=555.7s rss=4521MB hwm=4521MB
RSS_SAMPLE t=556.0s rss=4522MB hwm=4522MB
RSS_SAMPLE t=556.2s rss=4522MB hwm=4522MB
RSS_SAMPLE t=556.5s rss=4523MB hwm=4523MB
RSS_SAMPLE t=556.7s rss=4523MB hwm=4523MB
RSS_SAMPLE t=557.0s rss=4524MB hwm=4524MB
RSS_SAMPLE t=557.2s rss=4524MB hwm=4524MB
RSS_SAMPLE t=557.5s rss=4525MB hwm=4525MB
RSS_SAMPLE t=557.7s rss=4525MB hwm=4525MB
RSS_SAMPLE t=558.0s rss=4525MB hwm=4525MB
RSS_SAMPLE t=558.2s rss=4526MB hwm=4526MB
RSS_SAMPLE t=558.5s rss=4526MB hwm=4526MB
RSS_SAMPLE t=558.7s rss=4527MB hwm=4527MB
RSS_SAMPLE t=559.0s rss=4527MB hwm=4527MB
RSS_SAMPLE t=559.2s rss=4528MB hwm=4528MB
RSS_SAMPLE t=559.5s rss=4528MB hwm=4528MB
RSS_SAMPLE t=559.7s rss=4529MB hwm=4529MB
RSS_SAMPLE t=560.0s rss=4529MB hwm=4529MB
RSS_SAMPLE t=560.2s rss=4530MB hwm=4530MB
RSS_SAMPLE t=560.5s rss=4530MB hwm=4530MB
RSS_SAMPLE t=560.7s rss=4530MB hwm=4530MB
RSS_SAMPLE t=561.0s rss=4531MB hwm=4531MB
RSS_SAMPLE t=561.2s rss=4532MB hwm=4532MB
RSS_SAMPLE t=561.5s rss=4532MB hwm=4532MB
RSS_SAMPLE t=561.7s rss=4533MB hwm=4533MB
RSS_SAMPLE t=562.0s rss=4533MB hwm=4533MB
RSS_SAMPLE t=562.2s rss=4533MB hwm=4533MB
RSS_SAMPLE t=562.5s rss=4534MB hwm=4534MB
RSS_SAMPLE t=562.7s rss=4534MB hwm=4534MB
RSS_SAMPLE t=563.0s rss=4535MB hwm=4535MB
RSS_SAMPLE t=563.2s rss=4535MB hwm=4535MB
RSS_SAMPLE t=563.5s rss=4536MB hwm=4536MB
RSS_SAMPLE t=563.7s rss=4536MB hwm=4536MB
RSS_SAMPLE t=564.0s rss=4537MB hwm=4537MB
RSS_SAMPLE t=564.2s rss=4537MB hwm=4537MB
RSS_SAMPLE t=564.5s rss=4537MB hwm=4537MB
RSS_SAMPLE t=564.7s rss=4537MB hwm=4537MB
RSS_SAMPLE t=565.0s rss=4537MB hwm=4537MB
RSS_SAMPLE t=565.2s rss=4538MB hwm=4538MB
RSS_SAMPLE t=565.5s rss=4538MB hwm=4538MB
RSS_SAMPLE t=565.7s rss=4538MB hwm=4538MB
RSS_SAMPLE t=566.0s rss=4539MB hwm=4539MB
RSS_SAMPLE t=566.2s rss=4539MB hwm=4539MB
RSS_SAMPLE t=566.5s rss=4540MB hwm=4540MB
RSS_SAMPLE t=566.7s rss=4540MB hwm=4540MB
RSS_SAMPLE t=567.0s rss=4540MB hwm=4540MB
RSS_SAMPLE t=567.2s rss=4541MB hwm=4541MB
RSS_SAMPLE t=567.5s rss=4542MB hwm=4542MB
RSS_SAMPLE t=567.7s rss=4542MB hwm=4542MB
RSS_SAMPLE t=568.0s rss=4542MB hwm=4542MB
RSS_SAMPLE t=568.2s rss=4543MB hwm=4543MB
RSS_SAMPLE t=568.5s rss=4543MB hwm=4543MB
RSS_SAMPLE t=568.7s rss=4543MB hwm=4543MB
RSS_SAMPLE t=569.0s rss=4543MB hwm=4543MB
RSS_SAMPLE t=569.2s rss=4543MB hwm=4543MB
RSS_SAMPLE t=569.5s rss=4544MB hwm=4544MB
RSS_SAMPLE t=569.7s rss=4544MB hwm=4544MB
RSS_SAMPLE t=570.0s rss=4544MB hwm=4544MB
RSS_SAMPLE t=570.2s rss=4544MB hwm=4544MB
RSS_SAMPLE t=570.5s rss=4544MB hwm=4544MB
RSS_SAMPLE t=570.7s rss=4545MB hwm=4545MB
RSS_SAMPLE t=571.0s rss=4545MB hwm=4545MB
RSS_SAMPLE t=571.2s rss=4545MB hwm=4545MB
RSS_SAMPLE t=571.5s rss=4545MB hwm=4545MB
RSS_SAMPLE t=571.7s rss=4546MB hwm=4546MB
RSS_SAMPLE t=572.0s rss=4546MB hwm=4546MB
RSS_SAMPLE t=572.2s rss=4546MB hwm=4546MB
RSS_SAMPLE t=572.5s rss=4546MB hwm=4546MB
RSS_SAMPLE t=572.7s rss=4546MB hwm=4546MB
RSS_SAMPLE t=573.0s rss=4546MB hwm=4546MB
RSS_SAMPLE t=573.2s rss=4547MB hwm=4547MB
RSS_SAMPLE t=573.5s rss=4547MB hwm=4547MB
RSS_SAMPLE t=573.7s rss=4547MB hwm=4547MB
RSS_SAMPLE t=574.0s rss=4548MB hwm=4548MB
RSS_SAMPLE t=574.2s rss=4548MB hwm=4548MB
RSS_SAMPLE t=574.5s rss=4549MB hwm=4549MB
RSS_SAMPLE t=574.7s rss=4549MB hwm=4549MB
RSS_SAMPLE t=575.0s rss=4549MB hwm=4549MB
RSS_SAMPLE t=575.2s rss=4549MB hwm=4549MB
RSS_SAMPLE t=575.5s rss=4549MB hwm=4549MB
RSS_SAMPLE t=575.7s rss=4549MB hwm=4549MB
RSS_SAMPLE t=576.0s rss=4549MB hwm=4549MB
RSS_SAMPLE t=576.2s rss=4549MB hwm=4549MB
RSS_SAMPLE t=576.5s rss=4550MB hwm=4550MB
RSS_SAMPLE t=576.7s rss=4550MB hwm=4550MB
RSS_SAMPLE t=577.0s rss=4550MB hwm=4550MB
RSS_SAMPLE t=577.2s rss=4550MB hwm=4550MB
RSS_SAMPLE t=577.5s rss=4550MB hwm=4550MB
RSS_SAMPLE t=577.7s rss=4550MB hwm=4550MB
RSS_SAMPLE t=578.0s rss=4550MB hwm=4550MB
RSS_SAMPLE t=578.2s rss=4550MB hwm=4550MB
RSS_SAMPLE t=578.5s rss=4551MB hwm=4551MB
RSS_SAMPLE t=578.7s rss=4551MB hwm=4551MB
RSS_SAMPLE t=579.0s rss=4551MB hwm=4551MB
RSS_SAMPLE t=579.2s rss=4551MB hwm=4551MB
RSS_SAMPLE t=579.5s rss=4551MB hwm=4551MB
RSS_SAMPLE t=579.7s rss=4551MB hwm=4551MB
RSS_SAMPLE t=580.0s rss=4552MB hwm=4552MB
RSS_SAMPLE t=580.2s rss=4552MB hwm=4552MB
RSS_SAMPLE t=580.5s rss=4552MB hwm=4552MB
RSS_SAMPLE t=580.7s rss=4552MB hwm=4552MB
RSS_SAMPLE t=581.0s rss=4552MB hwm=4552MB
RSS_SAMPLE t=581.2s rss=4552MB hwm=4552MB
RSS_SAMPLE t=581.5s rss=4552MB hwm=4552MB
RSS_SAMPLE t=581.7s rss=4552MB hwm=4552MB
RSS_SAMPLE t=582.0s rss=4552MB hwm=4552MB
RSS_SAMPLE t=582.2s rss=4552MB hwm=4552MB
RSS_SAMPLE t=582.5s rss=4552MB hwm=4552MB
RSS_SAMPLE t=582.7s rss=4552MB hwm=4552MB
RSS_SAMPLE t=583.0s rss=4552MB hwm=4552MB
RSS_SAMPLE t=583.2s rss=4552MB hwm=4552MB
RSS_SAMPLE t=583.5s rss=4552MB hwm=4552MB
RSS_SAMPLE t=583.7s rss=4552MB hwm=4552MB
RSS_SAMPLE t=584.0s rss=4552MB hwm=4552MB
RSS_SAMPLE t=584.2s rss=4552MB hwm=4552MB
RSS_SAMPLE t=584.5s rss=4552MB hwm=4552MB
RSS_SAMPLE t=584.7s rss=4552MB hwm=4552MB
RSS_SAMPLE t=585.0s rss=4552MB hwm=4552MB
RSS_SAMPLE t=585.2s rss=4552MB hwm=4552MB
RSS_SAMPLE t=585.5s rss=4552MB hwm=4552MB
RSS_SAMPLE t=585.7s rss=4552MB hwm=4552MB
RSS_SAMPLE t=586.0s rss=4552MB hwm=4552MB
RSS_SAMPLE t=586.2s rss=4552MB hwm=4552MB
RSS_SAMPLE t=586.5s rss=4552MB hwm=4552MB
RSS_SAMPLE t=586.7s rss=4552MB hwm=4552MB
RSS_SAMPLE t=587.0s rss=4552MB hwm=4552MB
RSS_SAMPLE t=587.2s rss=4552MB hwm=4552MB
RSS_SAMPLE t=587.5s rss=4552MB hwm=4552MB
RSS_SAMPLE t=587.7s rss=4552MB hwm=4552MB
RSS_SAMPLE t=588.0s rss=4552MB hwm=4552MB
RSS_SAMPLE t=588.2s rss=4552MB hwm=4552MB
RSS_SAMPLE t=588.5s rss=4552MB hwm=4552MB
RSS_SAMPLE t=588.7s rss=4552MB hwm=4552MB
RSS_SAMPLE t=589.0s rss=4552MB hwm=4552MB
RSS_SAMPLE t=589.2s rss=4552MB hwm=4552MB
RSS_SAMPLE t=589.5s rss=4552MB hwm=4552MB
RSS_SAMPLE t=589.7s rss=4552MB hwm=4552MB
RSS_SAMPLE t=590.0s rss=4552MB hwm=4552MB
RSS_SAMPLE t=590.2s rss=4552MB hwm=4552MB
RSS_SAMPLE t=590.5s rss=4552MB hwm=4552MB
RSS_SAMPLE t=590.7s rss=4552MB hwm=4552MB
RSS_SAMPLE t=591.0s rss=4552MB hwm=4552MB
RSS_SAMPLE t=591.2s rss=4552MB hwm=4552MB
RSS_SAMPLE t=591.5s rss=4552MB hwm=4552MB
RSS_SAMPLE t=591.7s rss=4552MB hwm=4552MB
RSS_SAMPLE t=592.0s rss=4552MB hwm=4552MB
RSS_SAMPLE t=592.2s rss=4552MB hwm=4552MB
RSS_SAMPLE t=592.5s rss=4552MB hwm=4552MB
RSS_SAMPLE t=592.7s rss=4552MB hwm=4552MB
RSS_SAMPLE t=593.0s rss=4552MB hwm=4552MB
RSS_SAMPLE t=593.2s rss=4552MB hwm=4552MB
RSS_SAMPLE t=593.5s rss=4552MB hwm=4552MB
RSS_SAMPLE t=593.7s rss=4552MB hwm=4552MB
RSS_SAMPLE t=594.0s rss=4552MB hwm=4552MB
RSS_SAMPLE t=594.2s rss=4552MB hwm=4552MB
RSS_SAMPLE t=594.5s rss=4552MB hwm=4552MB
RSS_SAMPLE t=594.7s rss=4552MB hwm=4552MB
RSS_SAMPLE t=595.0s rss=4552MB hwm=4552MB
RSS_SAMPLE t=595.2s rss=4552MB hwm=4552MB
RSS_SAMPLE t=595.5s rss=4552MB hwm=4552MB
RSS_SAMPLE t=595.7s rss=4552MB hwm=4552MB
RSS_SAMPLE t=596.0s rss=4552MB hwm=4552MB
RSS_SAMPLE t=596.2s rss=4552MB hwm=4552MB
RSS_SAMPLE t=596.5s rss=4552MB hwm=4552MB
RSS_SAMPLE t=596.7s rss=4552MB hwm=4552MB
RSS_SAMPLE t=597.0s rss=4552MB hwm=4552MB
RSS_SAMPLE t=597.2s rss=4552MB hwm=4552MB
RSS_SAMPLE t=597.5s rss=4552MB hwm=4552MB
RSS_SAMPLE t=597.7s rss=4552MB hwm=4552MB
RSS_SAMPLE t=598.0s rss=4552MB hwm=4552MB
RSS_SAMPLE t=598.2s rss=4552MB hwm=4552MB
RSS_SAMPLE t=598.5s rss=4552MB hwm=4552MB
RSS_SAMPLE t=598.7s rss=4552MB hwm=4552MB
RSS_SAMPLE t=599.0s rss=4552MB hwm=4552MB
RSS_SAMPLE t=599.2s rss=4552MB hwm=4552MB
RSS_SAMPLE t=599.5s rss=4552MB hwm=4552MB
RSS_SAMPLE t=599.7s rss=4552MB hwm=4552MB
RSS_SAMPLE t=600.0s rss=4552MB hwm=4552MB
RSS_SAMPLE t=600.2s rss=4552MB hwm=4552MB
RSS_SAMPLE t=600.5s rss=4552MB hwm=4552MB
RSS_SAMPLE t=600.7s rss=4552MB hwm=4552MB
RSS_SAMPLE t=601.0s rss=4552MB hwm=4552MB
RSS_SAMPLE t=601.2s rss=4552MB hwm=4552MB
RSS_SAMPLE t=601.5s rss=4552MB hwm=4552MB
RSS_SAMPLE t=601.7s rss=4552MB hwm=4552MB
RSS_SAMPLE t=602.0s rss=4552MB hwm=4552MB
RSS_SAMPLE t=602.2s rss=4552MB hwm=4552MB
RSS_SAMPLE t=602.5s rss=4552MB hwm=4552MB
RSS_SAMPLE t=602.7s rss=4552MB hwm=4552MB
RSS_SAMPLE t=603.0s rss=4552MB hwm=4552MB
RSS_SAMPLE t=603.2s rss=4552MB hwm=4552MB
RSS_SAMPLE t=603.5s rss=4552MB hwm=4552MB
RSS_SAMPLE t=603.7s rss=4552MB hwm=4552MB
MEM_POOL: workspaces=32 dense_usage_mb=1251 n_pipes=2562403
    post_solve_diag[outer=7]: solves=105117 cap_armed=105117 (100.0%) settle_avg=6764 above_sink_avg=115 (1.7%) settle_max=69353
    settle_hist[outer=7]: <100: 31568nets/0.1%work  <1k: 18345nets/1.0%work  <5k: 23696nets/8.7%work  <20k: 18381nets/27.5%work  <60k: 12656nets/58.4%work  >=60k: 471nets/4.3%work
    fanout_hist[outer=7]: fan1: 43710nets/13.3%work  fan2-4: 48279nets/50.1%work  fan5-16: 12974nets/35.7%work  fan17-64: 154nets/0.9%work  fan65-256: 0nets/0.0%work  fan>256: 0nets/0.0%work
    rss_probe[outer=7]: pre_post_solve=4515MB post_post_solve=4552MB after_apply=4552MB
RSS_SAMPLE t=604.0s rss=4552MB hwm=4552MB
    E_decomp: base=6198403.1 eff=274759980984237.9 cong=274759974785834.8 cong_share=100.0% sat_pipes=81264 max_util=829.79  R_buckets: 1-2x=88371 2-10x=21959 10-100x=2106467 >=100x=345606
    E_potential: beckmann=37890055839702.9 history_total=0.0
    SpanCache: epoch=8 entries=2217 lookups=2562403 hits=2560186 misses=2217 hit_rate=99.9%
  DCD   7: nets=105117 line=14024327 energy=6894473300.707 dE=-2365943098.093 friction=12901725.1 bins=2.0x(325) excess=132.2 moved=67320 disp=5.643 solves=105117 skip=105117 pops=710961391 theta=0.754 refresh=55854ms dcd=7001ms total=65543ms
    cache_stats: entries=56384610 capacity=105150795 est_mb=907 rss_mb=4552
RSS_SAMPLE t=604.2s rss=4552MB hwm=4552MB
RSS_SAMPLE t=604.5s rss=4552MB hwm=4552MB
RSS_SAMPLE t=604.7s rss=4552MB hwm=4552MB
RSS_SAMPLE t=605.0s rss=4552MB hwm=4552MB
RSS_SAMPLE t=605.2s rss=4552MB hwm=4552MB
RSS_SAMPLE t=605.5s rss=4552MB hwm=4552MB
RSS_SAMPLE t=605.7s rss=4552MB hwm=4552MB
RSS_SAMPLE t=606.0s rss=4552MB hwm=4552MB
RSS_SAMPLE t=606.2s rss=4552MB hwm=4552MB
RSS_SAMPLE t=606.5s rss=4552MB hwm=4552MB
    SwitchMatrix: type_usage_pairs=1065 lookups=2090 hits=1025 dijkstra_calls=1065 avg_us=10.3 total_ms=10.9
PHASE_MARK outer=8 enter=pre_solve rss=4552MB
    rss_probe[outer=8]: pre_refresh_rss=4552MB post_pre_solve_rss=4552MB cache_entries=56384610 cache_cap=105150795 cache_est_mb=907
    pre_solve_diag[outer=8]: solves=0 fallback=0 (0.0%) cap_armed=0 (0.0%) settle_avg=0 settle_max=0 init_count=248
    Overflow: over=79269 (3.1% of used) avg_excess=14.95 max_excess=3003.75 (nc=3027.75 cap=24 span=1)  excess_buckets: <=1=4123 1-5=36995 5-20=25291 >20=12860  by_cap: cap1=1828 cap2=67178 cap3-5=0 cap>5=10263  by_span: s1=568 s2-3=9359 s4-6=1672 s7-12=66010 s>12=1660  le1_cross: cap1=598 cap2-5=3309 cap>5=216
    Congestion: pipes=2562403 used=2562403 congested(>50%)=97006 saturated(>90%)=81264 max_util=829.79 avg_util=0.1759
PHASE_MARK outer=8 enter=dcd_sweep rss=4552MB
RSS_SAMPLE t=606.7s rss=4552MB hwm=4552MB
RSS_SAMPLE t=607.0s rss=4552MB hwm=4552MB
RSS_SAMPLE t=607.2s rss=4552MB hwm=4552MB
RSS_SAMPLE t=607.5s rss=4552MB hwm=4552MB
RSS_SAMPLE t=607.7s rss=4552MB hwm=4552MB
RSS_SAMPLE t=608.0s rss=4552MB hwm=4552MB
RSS_SAMPLE t=608.2s rss=4552MB hwm=4552MB
RSS_SAMPLE t=608.5s rss=4552MB hwm=4552MB
RSS_SAMPLE t=608.7s rss=4552MB hwm=4552MB
RSS_SAMPLE t=609.0s rss=4552MB hwm=4552MB
RSS_SAMPLE t=609.2s rss=4552MB hwm=4552MB
RSS_SAMPLE t=609.5s rss=4552MB hwm=4552MB
RSS_SAMPLE t=609.7s rss=4552MB hwm=4552MB
RSS_SAMPLE t=610.0s rss=4552MB hwm=4552MB
RSS_SAMPLE t=610.2s rss=4552MB hwm=4552MB
RSS_SAMPLE t=610.5s rss=4552MB hwm=4552MB
RSS_SAMPLE t=610.7s rss=4552MB hwm=4552MB
RSS_SAMPLE t=611.0s rss=4552MB hwm=4552MB
RSS_SAMPLE t=611.2s rss=4552MB hwm=4552MB
RSS_SAMPLE t=611.5s rss=4552MB hwm=4552MB
RSS_SAMPLE t=611.7s rss=4552MB hwm=4552MB
RSS_SAMPLE t=612.0s rss=4552MB hwm=4552MB
RSS_SAMPLE t=612.2s rss=4552MB hwm=4552MB
RSS_SAMPLE t=612.5s rss=4552MB hwm=4552MB
RSS_SAMPLE t=612.7s rss=4552MB hwm=4552MB
RSS_SAMPLE t=613.0s rss=4552MB hwm=4552MB
RSS_SAMPLE t=613.2s rss=4552MB hwm=4552MB
RSS_SAMPLE t=613.5s rss=4552MB hwm=4552MB
RSS_SAMPLE t=613.7s rss=4552MB hwm=4552MB
PHASE_MARK outer=8 leave=dcd_sweep rss=4552MB
PHASE_MARK outer=8 enter=post_refresh rss=4552MB
RSS_SAMPLE t=614.0s rss=4553MB hwm=4553MB
RSS_SAMPLE t=614.2s rss=4553MB hwm=4553MB
RSS_SAMPLE t=614.5s rss=4553MB hwm=4553MB
RSS_SAMPLE t=614.7s rss=4553MB hwm=4553MB
RSS_SAMPLE t=615.0s rss=4553MB hwm=4553MB
RSS_SAMPLE t=615.2s rss=4553MB hwm=4553MB
RSS_SAMPLE t=615.5s rss=4553MB hwm=4553MB
RSS_SAMPLE t=615.7s rss=4553MB hwm=4553MB
RSS_SAMPLE t=616.0s rss=4553MB hwm=4553MB
RSS_SAMPLE t=616.2s rss=4553MB hwm=4553MB
RSS_SAMPLE t=616.5s rss=4553MB hwm=4553MB
RSS_SAMPLE t=616.8s rss=4553MB hwm=4553MB
RSS_SAMPLE t=617.0s rss=4553MB hwm=4553MB
RSS_SAMPLE t=617.3s rss=4553MB hwm=4553MB
RSS_SAMPLE t=617.5s rss=4553MB hwm=4553MB
RSS_SAMPLE t=617.8s rss=4553MB hwm=4553MB
RSS_SAMPLE t=618.0s rss=4553MB hwm=4553MB
RSS_SAMPLE t=618.3s rss=4553MB hwm=4553MB
RSS_SAMPLE t=618.5s rss=4553MB hwm=4553MB
RSS_SAMPLE t=618.8s rss=4553MB hwm=4553MB
RSS_SAMPLE t=619.0s rss=4553MB hwm=4553MB
RSS_SAMPLE t=619.3s rss=4553MB hwm=4553MB
RSS_SAMPLE t=619.5s rss=4553MB hwm=4553MB
RSS_SAMPLE t=619.8s rss=4553MB hwm=4553MB
RSS_SAMPLE t=620.0s rss=4553MB hwm=4553MB
RSS_SAMPLE t=620.3s rss=4554MB hwm=4554MB
RSS_SAMPLE t=620.5s rss=4554MB hwm=4554MB
RSS_SAMPLE t=620.8s rss=4554MB hwm=4554MB
RSS_SAMPLE t=621.0s rss=4554MB hwm=4554MB
RSS_SAMPLE t=621.3s rss=4554MB hwm=4554MB
RSS_SAMPLE t=621.5s rss=4554MB hwm=4554MB
RSS_SAMPLE t=621.8s rss=4554MB hwm=4554MB
RSS_SAMPLE t=622.0s rss=4554MB hwm=4554MB
RSS_SAMPLE t=622.3s rss=4554MB hwm=4554MB
RSS_SAMPLE t=622.5s rss=4554MB hwm=4554MB
RSS_SAMPLE t=622.8s rss=4554MB hwm=4554MB
RSS_SAMPLE t=623.0s rss=4554MB hwm=4554MB
RSS_SAMPLE t=623.3s rss=4555MB hwm=4555MB
RSS_SAMPLE t=623.5s rss=4555MB hwm=4555MB
RSS_SAMPLE t=623.8s rss=4555MB hwm=4555MB
RSS_SAMPLE t=624.0s rss=4555MB hwm=4555MB
RSS_SAMPLE t=624.3s rss=4555MB hwm=4555MB
RSS_SAMPLE t=624.5s rss=4556MB hwm=4556MB
RSS_SAMPLE t=624.8s rss=4556MB hwm=4556MB
RSS_SAMPLE t=625.0s rss=4557MB hwm=4557MB
RSS_SAMPLE t=625.3s rss=4557MB hwm=4557MB
RSS_SAMPLE t=625.5s rss=4557MB hwm=4557MB
RSS_SAMPLE t=625.8s rss=4557MB hwm=4557MB
RSS_SAMPLE t=626.0s rss=4557MB hwm=4557MB
RSS_SAMPLE t=626.3s rss=4558MB hwm=4558MB
RSS_SAMPLE t=626.5s rss=4558MB hwm=4558MB
RSS_SAMPLE t=626.8s rss=4558MB hwm=4558MB
RSS_SAMPLE t=627.0s rss=4558MB hwm=4558MB
RSS_SAMPLE t=627.3s rss=4559MB hwm=4559MB
RSS_SAMPLE t=627.5s rss=4559MB hwm=4559MB
RSS_SAMPLE t=627.8s rss=4559MB hwm=4559MB
RSS_SAMPLE t=628.0s rss=4560MB hwm=4560MB
RSS_SAMPLE t=628.3s rss=4560MB hwm=4560MB
RSS_SAMPLE t=628.5s rss=4561MB hwm=4561MB
RSS_SAMPLE t=628.8s rss=4561MB hwm=4561MB
RSS_SAMPLE t=629.0s rss=4562MB hwm=4562MB
RSS_SAMPLE t=629.3s rss=4562MB hwm=4562MB
RSS_SAMPLE t=629.5s rss=4563MB hwm=4563MB
RSS_SAMPLE t=629.8s rss=4563MB hwm=4563MB
RSS_SAMPLE t=630.0s rss=4563MB hwm=4563MB
RSS_SAMPLE t=630.3s rss=4564MB hwm=4564MB
RSS_SAMPLE t=630.5s rss=4564MB hwm=4564MB
RSS_SAMPLE t=630.8s rss=4564MB hwm=4564MB
RSS_SAMPLE t=631.0s rss=4565MB hwm=4565MB
RSS_SAMPLE t=631.3s rss=4565MB hwm=4565MB
RSS_SAMPLE t=631.5s rss=4566MB hwm=4566MB
RSS_SAMPLE t=631.8s rss=4566MB hwm=4566MB
RSS_SAMPLE t=632.0s rss=4566MB hwm=4566MB
RSS_SAMPLE t=632.3s rss=4567MB hwm=4567MB
RSS_SAMPLE t=632.5s rss=4567MB hwm=4567MB
RSS_SAMPLE t=632.8s rss=4567MB hwm=4567MB
RSS_SAMPLE t=633.0s rss=4568MB hwm=4568MB
RSS_SAMPLE t=633.3s rss=4568MB hwm=4568MB
RSS_SAMPLE t=633.5s rss=4568MB hwm=4568MB
RSS_SAMPLE t=633.8s rss=4569MB hwm=4569MB
RSS_SAMPLE t=634.0s rss=4569MB hwm=4569MB
RSS_SAMPLE t=634.3s rss=4570MB hwm=4570MB
RSS_SAMPLE t=634.5s rss=4570MB hwm=4570MB
RSS_SAMPLE t=634.8s rss=4570MB hwm=4570MB
RSS_SAMPLE t=635.0s rss=4571MB hwm=4571MB
RSS_SAMPLE t=635.3s rss=4571MB hwm=4571MB
RSS_SAMPLE t=635.5s rss=4571MB hwm=4571MB
RSS_SAMPLE t=635.8s rss=4572MB hwm=4572MB
RSS_SAMPLE t=636.0s rss=4572MB hwm=4572MB
RSS_SAMPLE t=636.3s rss=4573MB hwm=4573MB
RSS_SAMPLE t=636.5s rss=4573MB hwm=4573MB
RSS_SAMPLE t=636.8s rss=4573MB hwm=4573MB
RSS_SAMPLE t=637.0s rss=4574MB hwm=4574MB
RSS_SAMPLE t=637.3s rss=4574MB hwm=4574MB
RSS_SAMPLE t=637.5s rss=4574MB hwm=4574MB
RSS_SAMPLE t=637.8s rss=4575MB hwm=4575MB
RSS_SAMPLE t=638.0s rss=4575MB hwm=4575MB
RSS_SAMPLE t=638.3s rss=4575MB hwm=4575MB
RSS_SAMPLE t=638.5s rss=4576MB hwm=4576MB
RSS_SAMPLE t=638.8s rss=4576MB hwm=4576MB
RSS_SAMPLE t=639.0s rss=4577MB hwm=4577MB
RSS_SAMPLE t=639.3s rss=4577MB hwm=4577MB
RSS_SAMPLE t=639.5s rss=4577MB hwm=4577MB
RSS_SAMPLE t=639.8s rss=4577MB hwm=4577MB
RSS_SAMPLE t=640.0s rss=4577MB hwm=4577MB
RSS_SAMPLE t=640.3s rss=4577MB hwm=4577MB
RSS_SAMPLE t=640.5s rss=4578MB hwm=4578MB
RSS_SAMPLE t=640.8s rss=4578MB hwm=4578MB
RSS_SAMPLE t=641.0s rss=4579MB hwm=4579MB
RSS_SAMPLE t=641.3s rss=4579MB hwm=4579MB
RSS_SAMPLE t=641.5s rss=4579MB hwm=4579MB
RSS_SAMPLE t=641.8s rss=4579MB hwm=4579MB
RSS_SAMPLE t=642.0s rss=4579MB hwm=4579MB
RSS_SAMPLE t=642.3s rss=4580MB hwm=4580MB
RSS_SAMPLE t=642.5s rss=4580MB hwm=4580MB
RSS_SAMPLE t=642.8s rss=4581MB hwm=4581MB
RSS_SAMPLE t=643.0s rss=4581MB hwm=4581MB
RSS_SAMPLE t=643.3s rss=4581MB hwm=4581MB
RSS_SAMPLE t=643.5s rss=4581MB hwm=4581MB
RSS_SAMPLE t=643.8s rss=4581MB hwm=4581MB
RSS_SAMPLE t=644.0s rss=4581MB hwm=4581MB
RSS_SAMPLE t=644.3s rss=4582MB hwm=4582MB
RSS_SAMPLE t=644.5s rss=4582MB hwm=4582MB
RSS_SAMPLE t=644.8s rss=4582MB hwm=4582MB
RSS_SAMPLE t=645.0s rss=4582MB hwm=4582MB
RSS_SAMPLE t=645.3s rss=4582MB hwm=4582MB
RSS_SAMPLE t=645.5s rss=4583MB hwm=4583MB
RSS_SAMPLE t=645.8s rss=4583MB hwm=4583MB
RSS_SAMPLE t=646.0s rss=4583MB hwm=4583MB
RSS_SAMPLE t=646.3s rss=4583MB hwm=4583MB
RSS_SAMPLE t=646.5s rss=4583MB hwm=4583MB
RSS_SAMPLE t=646.8s rss=4583MB hwm=4583MB
RSS_SAMPLE t=647.0s rss=4583MB hwm=4583MB
RSS_SAMPLE t=647.3s rss=4584MB hwm=4584MB
RSS_SAMPLE t=647.5s rss=4584MB hwm=4584MB
RSS_SAMPLE t=647.8s rss=4584MB hwm=4584MB
RSS_SAMPLE t=648.0s rss=4585MB hwm=4585MB
RSS_SAMPLE t=648.3s rss=4585MB hwm=4585MB
RSS_SAMPLE t=648.5s rss=4585MB hwm=4585MB
RSS_SAMPLE t=648.8s rss=4585MB hwm=4585MB
RSS_SAMPLE t=649.0s rss=4585MB hwm=4585MB
RSS_SAMPLE t=649.3s rss=4585MB hwm=4585MB
RSS_SAMPLE t=649.5s rss=4586MB hwm=4586MB
RSS_SAMPLE t=649.8s rss=4586MB hwm=4586MB
RSS_SAMPLE t=650.0s rss=4586MB hwm=4586MB
RSS_SAMPLE t=650.3s rss=4586MB hwm=4586MB
RSS_SAMPLE t=650.5s rss=4586MB hwm=4586MB
RSS_SAMPLE t=650.8s rss=4586MB hwm=4586MB
RSS_SAMPLE t=651.0s rss=4586MB hwm=4586MB
RSS_SAMPLE t=651.3s rss=4586MB hwm=4586MB
RSS_SAMPLE t=651.6s rss=4587MB hwm=4587MB
RSS_SAMPLE t=651.8s rss=4587MB hwm=4587MB
RSS_SAMPLE t=652.1s rss=4587MB hwm=4587MB
RSS_SAMPLE t=652.3s rss=4587MB hwm=4587MB
RSS_SAMPLE t=652.6s rss=4587MB hwm=4587MB
RSS_SAMPLE t=652.8s rss=4587MB hwm=4587MB
RSS_SAMPLE t=653.1s rss=4587MB hwm=4587MB
RSS_SAMPLE t=653.3s rss=4587MB hwm=4587MB
RSS_SAMPLE t=653.6s rss=4587MB hwm=4587MB
RSS_SAMPLE t=653.8s rss=4587MB hwm=4587MB
RSS_SAMPLE t=654.1s rss=4587MB hwm=4587MB
RSS_SAMPLE t=654.3s rss=4588MB hwm=4588MB
RSS_SAMPLE t=654.6s rss=4588MB hwm=4588MB
RSS_SAMPLE t=654.8s rss=4588MB hwm=4588MB
RSS_SAMPLE t=655.1s rss=4588MB hwm=4588MB
RSS_SAMPLE t=655.3s rss=4588MB hwm=4588MB
RSS_SAMPLE t=655.6s rss=4588MB hwm=4588MB
RSS_SAMPLE t=655.8s rss=4588MB hwm=4588MB
RSS_SAMPLE t=656.1s rss=4588MB hwm=4588MB
RSS_SAMPLE t=656.3s rss=4588MB hwm=4588MB
RSS_SAMPLE t=656.6s rss=4588MB hwm=4588MB
RSS_SAMPLE t=656.8s rss=4588MB hwm=4588MB
RSS_SAMPLE t=657.1s rss=4589MB hwm=4589MB
RSS_SAMPLE t=657.3s rss=4589MB hwm=4589MB
RSS_SAMPLE t=657.6s rss=4589MB hwm=4589MB
RSS_SAMPLE t=657.8s rss=4589MB hwm=4589MB
RSS_SAMPLE t=658.1s rss=4589MB hwm=4589MB
RSS_SAMPLE t=658.3s rss=4589MB hwm=4589MB
RSS_SAMPLE t=658.6s rss=4589MB hwm=4589MB
RSS_SAMPLE t=658.8s rss=4589MB hwm=4589MB
RSS_SAMPLE t=659.1s rss=4590MB hwm=4590MB
RSS_SAMPLE t=659.3s rss=4590MB hwm=4590MB
RSS_SAMPLE t=659.6s rss=4590MB hwm=4590MB
RSS_SAMPLE t=659.8s rss=4590MB hwm=4590MB
RSS_SAMPLE t=660.1s rss=4590MB hwm=4590MB
RSS_SAMPLE t=660.3s rss=4590MB hwm=4590MB
RSS_SAMPLE t=660.6s rss=4590MB hwm=4590MB
RSS_SAMPLE t=660.8s rss=4590MB hwm=4590MB
RSS_SAMPLE t=661.1s rss=4590MB hwm=4590MB
RSS_SAMPLE t=661.3s rss=4590MB hwm=4590MB
RSS_SAMPLE t=661.6s rss=4590MB hwm=4590MB
RSS_SAMPLE t=661.8s rss=4590MB hwm=4590MB
RSS_SAMPLE t=662.1s rss=4590MB hwm=4590MB
RSS_SAMPLE t=662.3s rss=4590MB hwm=4590MB
RSS_SAMPLE t=662.6s rss=4590MB hwm=4590MB
RSS_SAMPLE t=662.8s rss=4590MB hwm=4590MB
RSS_SAMPLE t=663.1s rss=4590MB hwm=4590MB
RSS_SAMPLE t=663.3s rss=4590MB hwm=4590MB
RSS_SAMPLE t=663.6s rss=4590MB hwm=4590MB
RSS_SAMPLE t=663.8s rss=4590MB hwm=4590MB
RSS_SAMPLE t=664.1s rss=4590MB hwm=4590MB
RSS_SAMPLE t=664.3s rss=4590MB hwm=4590MB
RSS_SAMPLE t=664.6s rss=4590MB hwm=4590MB
RSS_SAMPLE t=664.8s rss=4590MB hwm=4590MB
RSS_SAMPLE t=665.1s rss=4590MB hwm=4590MB
RSS_SAMPLE t=665.3s rss=4590MB hwm=4590MB
RSS_SAMPLE t=665.6s rss=4590MB hwm=4590MB
RSS_SAMPLE t=665.8s rss=4590MB hwm=4590MB
RSS_SAMPLE t=666.1s rss=4590MB hwm=4590MB
RSS_SAMPLE t=666.3s rss=4590MB hwm=4590MB
RSS_SAMPLE t=666.6s rss=4590MB hwm=4590MB
RSS_SAMPLE t=666.8s rss=4590MB hwm=4590MB
RSS_SAMPLE t=667.1s rss=4590MB hwm=4590MB
RSS_SAMPLE t=667.3s rss=4590MB hwm=4590MB
RSS_SAMPLE t=667.6s rss=4590MB hwm=4590MB
RSS_SAMPLE t=667.8s rss=4590MB hwm=4590MB
RSS_SAMPLE t=668.1s rss=4590MB hwm=4590MB
RSS_SAMPLE t=668.3s rss=4590MB hwm=4590MB
RSS_SAMPLE t=668.6s rss=4590MB hwm=4590MB
RSS_SAMPLE t=668.8s rss=4590MB hwm=4590MB
RSS_SAMPLE t=669.1s rss=4590MB hwm=4590MB
RSS_SAMPLE t=669.3s rss=4590MB hwm=4590MB
RSS_SAMPLE t=669.6s rss=4590MB hwm=4590MB
RSS_SAMPLE t=669.8s rss=4590MB hwm=4590MB
RSS_SAMPLE t=670.1s rss=4590MB hwm=4590MB
RSS_SAMPLE t=670.3s rss=4590MB hwm=4590MB
RSS_SAMPLE t=670.6s rss=4590MB hwm=4590MB
RSS_SAMPLE t=670.8s rss=4590MB hwm=4590MB
RSS_SAMPLE t=671.1s rss=4590MB hwm=4590MB
RSS_SAMPLE t=671.3s rss=4590MB hwm=4590MB
RSS_SAMPLE t=671.6s rss=4590MB hwm=4590MB
RSS_SAMPLE t=671.8s rss=4590MB hwm=4590MB
RSS_SAMPLE t=672.1s rss=4590MB hwm=4590MB
RSS_SAMPLE t=672.3s rss=4590MB hwm=4590MB
RSS_SAMPLE t=672.6s rss=4590MB hwm=4590MB
RSS_SAMPLE t=672.8s rss=4590MB hwm=4590MB
RSS_SAMPLE t=673.1s rss=4590MB hwm=4590MB
RSS_SAMPLE t=673.3s rss=4590MB hwm=4590MB
RSS_SAMPLE t=673.6s rss=4590MB hwm=4590MB
RSS_SAMPLE t=673.8s rss=4590MB hwm=4590MB
RSS_SAMPLE t=674.1s rss=4590MB hwm=4590MB
RSS_SAMPLE t=674.3s rss=4590MB hwm=4590MB
RSS_SAMPLE t=674.6s rss=4590MB hwm=4590MB
RSS_SAMPLE t=674.8s rss=4590MB hwm=4590MB
RSS_SAMPLE t=675.1s rss=4590MB hwm=4590MB
RSS_SAMPLE t=675.3s rss=4590MB hwm=4590MB
RSS_SAMPLE t=675.6s rss=4590MB hwm=4590MB
RSS_SAMPLE t=675.8s rss=4590MB hwm=4590MB
RSS_SAMPLE t=676.1s rss=4590MB hwm=4590MB
RSS_SAMPLE t=676.3s rss=4590MB hwm=4590MB
RSS_SAMPLE t=676.6s rss=4590MB hwm=4590MB
RSS_SAMPLE t=676.8s rss=4590MB hwm=4590MB
RSS_SAMPLE t=677.1s rss=4590MB hwm=4590MB
RSS_SAMPLE t=677.3s rss=4590MB hwm=4590MB
RSS_SAMPLE t=677.6s rss=4590MB hwm=4590MB
RSS_SAMPLE t=677.8s rss=4590MB hwm=4590MB
RSS_SAMPLE t=678.1s rss=4590MB hwm=4590MB
RSS_SAMPLE t=678.3s rss=4590MB hwm=4590MB
RSS_SAMPLE t=678.6s rss=4590MB hwm=4590MB
RSS_SAMPLE t=678.8s rss=4590MB hwm=4590MB
RSS_SAMPLE t=679.1s rss=4591MB hwm=4591MB
RSS_SAMPLE t=679.3s rss=4591MB hwm=4591MB
RSS_SAMPLE t=679.6s rss=4591MB hwm=4591MB
RSS_SAMPLE t=679.8s rss=4591MB hwm=4591MB
RSS_SAMPLE t=680.1s rss=4591MB hwm=4591MB
RSS_SAMPLE t=680.3s rss=4591MB hwm=4591MB
RSS_SAMPLE t=680.6s rss=4591MB hwm=4591MB
RSS_SAMPLE t=680.8s rss=4591MB hwm=4591MB
RSS_SAMPLE t=681.1s rss=4591MB hwm=4591MB
RSS_SAMPLE t=681.3s rss=4591MB hwm=4591MB
RSS_SAMPLE t=681.6s rss=4591MB hwm=4591MB
RSS_SAMPLE t=681.8s rss=4591MB hwm=4591MB
RSS_SAMPLE t=682.1s rss=4591MB hwm=4591MB
RSS_SAMPLE t=682.3s rss=4591MB hwm=4591MB
RSS_SAMPLE t=682.6s rss=4591MB hwm=4591MB
RSS_SAMPLE t=682.8s rss=4591MB hwm=4591MB
RSS_SAMPLE t=683.1s rss=4591MB hwm=4591MB
RSS_SAMPLE t=683.3s rss=4591MB hwm=4591MB
RSS_SAMPLE t=683.6s rss=4591MB hwm=4591MB
RSS_SAMPLE t=683.8s rss=4591MB hwm=4591MB
RSS_SAMPLE t=684.1s rss=4591MB hwm=4591MB
RSS_SAMPLE t=684.3s rss=4591MB hwm=4591MB
RSS_SAMPLE t=684.6s rss=4591MB hwm=4591MB
RSS_SAMPLE t=684.8s rss=4591MB hwm=4591MB
RSS_SAMPLE t=685.1s rss=4591MB hwm=4591MB
RSS_SAMPLE t=685.3s rss=4591MB hwm=4591MB
RSS_SAMPLE t=685.6s rss=4591MB hwm=4591MB
RSS_SAMPLE t=685.8s rss=4591MB hwm=4591MB
RSS_SAMPLE t=686.1s rss=4591MB hwm=4591MB
RSS_SAMPLE t=686.3s rss=4591MB hwm=4591MB
RSS_SAMPLE t=686.6s rss=4591MB hwm=4591MB
RSS_SAMPLE t=686.8s rss=4591MB hwm=4591MB
RSS_SAMPLE t=687.1s rss=4591MB hwm=4591MB
RSS_SAMPLE t=687.3s rss=4591MB hwm=4591MB
RSS_SAMPLE t=687.6s rss=4591MB hwm=4591MB
RSS_SAMPLE t=687.8s rss=4591MB hwm=4591MB
RSS_SAMPLE t=688.1s rss=4591MB hwm=4591MB
RSS_SAMPLE t=688.3s rss=4591MB hwm=4591MB
RSS_SAMPLE t=688.6s rss=4591MB hwm=4591MB
RSS_SAMPLE t=688.8s rss=4591MB hwm=4591MB
RSS_SAMPLE t=689.1s rss=4591MB hwm=4591MB
RSS_SAMPLE t=689.3s rss=4591MB hwm=4591MB
RSS_SAMPLE t=689.6s rss=4591MB hwm=4591MB
RSS_SAMPLE t=689.8s rss=4591MB hwm=4591MB
RSS_SAMPLE t=690.1s rss=4591MB hwm=4591MB
RSS_SAMPLE t=690.3s rss=4591MB hwm=4591MB
RSS_SAMPLE t=690.6s rss=4591MB hwm=4591MB
RSS_SAMPLE t=690.8s rss=4591MB hwm=4591MB
RSS_SAMPLE t=691.1s rss=4591MB hwm=4591MB
RSS_SAMPLE t=691.3s rss=4591MB hwm=4591MB
RSS_SAMPLE t=691.6s rss=4591MB hwm=4591MB
RSS_SAMPLE t=691.8s rss=4591MB hwm=4591MB
RSS_SAMPLE t=692.1s rss=4591MB hwm=4591MB
RSS_SAMPLE t=692.3s rss=4591MB hwm=4591MB
RSS_SAMPLE t=692.6s rss=4591MB hwm=4591MB
RSS_SAMPLE t=692.8s rss=4591MB hwm=4591MB
RSS_SAMPLE t=693.1s rss=4591MB hwm=4591MB
RSS_SAMPLE t=693.3s rss=4591MB hwm=4591MB
RSS_SAMPLE t=693.6s rss=4591MB hwm=4591MB
RSS_SAMPLE t=693.8s rss=4591MB hwm=4591MB
RSS_SAMPLE t=694.1s rss=4591MB hwm=4591MB
RSS_SAMPLE t=694.3s rss=4591MB hwm=4591MB
RSS_SAMPLE t=694.6s rss=4591MB hwm=4591MB
RSS_SAMPLE t=694.8s rss=4591MB hwm=4591MB
RSS_SAMPLE t=695.1s rss=4591MB hwm=4591MB
RSS_SAMPLE t=695.3s rss=4591MB hwm=4591MB
RSS_SAMPLE t=695.6s rss=4591MB hwm=4591MB
RSS_SAMPLE t=695.8s rss=4591MB hwm=4591MB
RSS_SAMPLE t=696.1s rss=4591MB hwm=4591MB
RSS_SAMPLE t=696.3s rss=4591MB hwm=4591MB
RSS_SAMPLE t=696.6s rss=4591MB hwm=4591MB
RSS_SAMPLE t=696.8s rss=4591MB hwm=4591MB
RSS_SAMPLE t=697.1s rss=4591MB hwm=4591MB
RSS_SAMPLE t=697.3s rss=4591MB hwm=4591MB
RSS_SAMPLE t=697.6s rss=4591MB hwm=4591MB
RSS_SAMPLE t=697.8s rss=4591MB hwm=4591MB
RSS_SAMPLE t=698.1s rss=4591MB hwm=4591MB
MEM_POOL: workspaces=32 dense_usage_mb=1251 n_pipes=2562403
    post_solve_diag[outer=8]: solves=105117 cap_armed=105117 (100.0%) settle_avg=6516 above_sink_avg=149 (2.3%) settle_max=69353
    settle_hist[outer=8]: <100: 31053nets/0.1%work  <1k: 18483nets/1.1%work  <5k: 24285nets/9.2%work  <20k: 18890nets/29.4%work  <60k: 12033nets/56.7%work  >=60k: 373nets/3.5%work
    fanout_hist[outer=8]: fan1: 43710nets/13.4%work  fan2-4: 48279nets/50.1%work  fan5-16: 12974nets/35.6%work  fan17-64: 154nets/0.9%work  fan65-256: 0nets/0.0%work  fan>256: 0nets/0.0%work
    rss_probe[outer=8]: pre_post_solve=4553MB post_post_solve=4591MB after_apply=4591MB
    E_decomp: base=5097861.4 eff=95672785480927.7 cong=95672780383066.3 cong_share=100.0% sat_pipes=79032 max_util=934.55  R_buckets: 1-2x=90440 2-10x=711281 10-100x=1705355 >=100x=55327
    E_potential: beckmann=39182300907055.2 history_total=0.0
    SpanCache: epoch=9 entries=2090 lookups=2562403 hits=2560313 misses=2090 hit_rate=99.9%
  DCD   8: nets=105117 line=13619627 energy=20184192434.152 dE=+13289719133.446 friction=8101670.3 bins=2.0x(222) excess=71.8 moved=67592 disp=5.312 solves=105117 skip=105117 pops=684904695 theta=0.883 refresh=84422ms dcd=7113ms total=94234ms
    cache_stats: entries=58192897 capacity=109756372 est_mb=947 rss_mb=4591
RSS_SAMPLE t=698.3s rss=4591MB hwm=4591MB
RSS_SAMPLE t=698.6s rss=4591MB hwm=4591MB
RSS_SAMPLE t=698.8s rss=4591MB hwm=4591MB
RSS_SAMPLE t=699.1s rss=4591MB hwm=4591MB
RSS_SAMPLE t=699.3s rss=4591MB hwm=4591MB
RSS_SAMPLE t=699.6s rss=4591MB hwm=4591MB
RSS_SAMPLE t=699.8s rss=4591MB hwm=4591MB
RSS_SAMPLE t=700.1s rss=4591MB hwm=4591MB
RSS_SAMPLE t=700.3s rss=4591MB hwm=4591MB
RSS_SAMPLE t=700.6s rss=4591MB hwm=4591MB
RSS_SAMPLE t=700.8s rss=4591MB hwm=4591MB
    SwitchMatrix: type_usage_pairs=959 lookups=2586 hits=1627 dijkstra_calls=959 avg_us=10.1 total_ms=9.7
PHASE_MARK outer=9 enter=pre_solve rss=4591MB
    rss_probe[outer=9]: pre_refresh_rss=4591MB post_pre_solve_rss=4591MB cache_entries=58192897 cache_cap=109756372 cache_est_mb=947
    pre_solve_diag[outer=9]: solves=0 fallback=0 (0.0%) cap_armed=0 (0.0%) settle_avg=0 settle_max=0 init_count=254
    Overflow: over=76809 (3.0% of used) avg_excess=10.08 max_excess=3351.07 (nc=3375.07 cap=24 span=1)  excess_buckets: <=1=5787 1-5=38423 5-20=23984 >20=8615  by_cap: cap1=2432 cap2=67236 cap3-5=0 cap>5=7141  by_span: s1=637 s2-3=5664 s4-6=1911 s7-12=66451 s>12=2146  le1_cross: cap1=953 cap2-5=4549 cap>5=285
    Congestion: pipes=2562403 used=2562403 congested(>50%)=93659 saturated(>90%)=79032 max_util=934.55 avg_util=0.1647
PHASE_MARK outer=9 enter=dcd_sweep rss=4591MB
RSS_SAMPLE t=701.1s rss=4591MB hwm=4591MB
RSS_SAMPLE t=701.3s rss=4591MB hwm=4591MB
RSS_SAMPLE t=701.6s rss=4591MB hwm=4591MB
RSS_SAMPLE t=701.8s rss=4591MB hwm=4591MB
RSS_SAMPLE t=702.1s rss=4591MB hwm=4591MB
RSS_SAMPLE t=702.3s rss=4591MB hwm=4591MB
RSS_SAMPLE t=702.6s rss=4591MB hwm=4591MB
RSS_SAMPLE t=702.8s rss=4591MB hwm=4591MB
RSS_SAMPLE t=703.1s rss=4591MB hwm=4591MB
RSS_SAMPLE t=703.3s rss=4591MB hwm=4591MB
RSS_SAMPLE t=703.6s rss=4591MB hwm=4591MB
RSS_SAMPLE t=703.8s rss=4591MB hwm=4591MB
RSS_SAMPLE t=704.1s rss=4591MB hwm=4591MB
RSS_SAMPLE t=704.3s rss=4591MB hwm=4591MB
RSS_SAMPLE t=704.6s rss=4591MB hwm=4591MB
RSS_SAMPLE t=704.8s rss=4591MB hwm=4591MB
RSS_SAMPLE t=705.1s rss=4591MB hwm=4591MB
RSS_SAMPLE t=705.3s rss=4591MB hwm=4591MB
RSS_SAMPLE t=705.6s rss=4591MB hwm=4591MB
RSS_SAMPLE t=705.8s rss=4591MB hwm=4591MB
RSS_SAMPLE t=706.1s rss=4591MB hwm=4591MB
RSS_SAMPLE t=706.3s rss=4591MB hwm=4591MB
RSS_SAMPLE t=706.6s rss=4591MB hwm=4591MB
RSS_SAMPLE t=706.8s rss=4591MB hwm=4591MB
RSS_SAMPLE t=707.1s rss=4591MB hwm=4591MB
RSS_SAMPLE t=707.3s rss=4591MB hwm=4591MB
RSS_SAMPLE t=707.6s rss=4591MB hwm=4591MB
RSS_SAMPLE t=707.8s rss=4591MB hwm=4591MB
PHASE_MARK outer=9 leave=dcd_sweep rss=4591MB
PHASE_MARK outer=9 enter=post_refresh rss=4591MB
RSS_SAMPLE t=708.1s rss=4593MB hwm=4593MB
RSS_SAMPLE t=708.3s rss=4593MB hwm=4593MB
RSS_SAMPLE t=708.6s rss=4593MB hwm=4593MB
RSS_SAMPLE t=708.8s rss=4593MB hwm=4593MB
RSS_SAMPLE t=709.1s rss=4593MB hwm=4593MB
RSS_SAMPLE t=709.3s rss=4593MB hwm=4593MB
RSS_SAMPLE t=709.6s rss=4593MB hwm=4593MB
RSS_SAMPLE t=709.8s rss=4593MB hwm=4593MB
RSS_SAMPLE t=710.1s rss=4593MB hwm=4593MB
RSS_SAMPLE t=710.3s rss=4593MB hwm=4593MB
RSS_SAMPLE t=710.6s rss=4593MB hwm=4593MB
RSS_SAMPLE t=710.8s rss=4593MB hwm=4593MB
RSS_SAMPLE t=711.1s rss=4593MB hwm=4593MB
RSS_SAMPLE t=711.3s rss=4593MB hwm=4593MB
RSS_SAMPLE t=711.6s rss=4593MB hwm=4593MB
RSS_SAMPLE t=711.8s rss=4593MB hwm=4593MB
RSS_SAMPLE t=712.1s rss=4593MB hwm=4593MB
RSS_SAMPLE t=712.3s rss=4593MB hwm=4593MB
RSS_SAMPLE t=712.6s rss=4593MB hwm=4593MB
RSS_SAMPLE t=712.8s rss=4593MB hwm=4593MB
RSS_SAMPLE t=713.1s rss=4593MB hwm=4593MB
RSS_SAMPLE t=713.3s rss=4593MB hwm=4593MB
RSS_SAMPLE t=713.6s rss=4593MB hwm=4593MB
RSS_SAMPLE t=713.8s rss=4594MB hwm=4594MB
RSS_SAMPLE t=714.1s rss=4594MB hwm=4594MB
RSS_SAMPLE t=714.3s rss=4594MB hwm=4594MB
RSS_SAMPLE t=714.6s rss=4594MB hwm=4594MB
RSS_SAMPLE t=714.8s rss=4594MB hwm=4594MB
RSS_SAMPLE t=715.1s rss=4594MB hwm=4594MB
RSS_SAMPLE t=715.3s rss=4594MB hwm=4594MB
RSS_SAMPLE t=715.6s rss=4594MB hwm=4594MB
RSS_SAMPLE t=715.8s rss=4595MB hwm=4595MB
RSS_SAMPLE t=716.1s rss=4595MB hwm=4595MB
RSS_SAMPLE t=716.3s rss=4595MB hwm=4595MB
RSS_SAMPLE t=716.6s rss=4595MB hwm=4595MB
RSS_SAMPLE t=716.8s rss=4595MB hwm=4595MB
RSS_SAMPLE t=717.1s rss=4596MB hwm=4596MB
RSS_SAMPLE t=717.3s rss=4596MB hwm=4596MB
RSS_SAMPLE t=717.6s rss=4596MB hwm=4596MB
RSS_SAMPLE t=717.8s rss=4596MB hwm=4596MB
RSS_SAMPLE t=718.1s rss=4596MB hwm=4596MB
RSS_SAMPLE t=718.3s rss=4596MB hwm=4596MB
RSS_SAMPLE t=718.6s rss=4596MB hwm=4596MB
RSS_SAMPLE t=718.9s rss=4596MB hwm=4596MB
RSS_SAMPLE t=719.1s rss=4596MB hwm=4596MB
RSS_SAMPLE t=719.4s rss=4596MB hwm=4596MB
RSS_SAMPLE t=719.6s rss=4597MB hwm=4597MB
RSS_SAMPLE t=719.9s rss=4597MB hwm=4597MB
RSS_SAMPLE t=720.1s rss=4597MB hwm=4597MB
RSS_SAMPLE t=720.4s rss=4598MB hwm=4598MB
RSS_SAMPLE t=720.6s rss=4598MB hwm=4598MB
RSS_SAMPLE t=720.9s rss=4598MB hwm=4598MB
RSS_SAMPLE t=721.1s rss=4599MB hwm=4599MB
RSS_SAMPLE t=721.4s rss=4599MB hwm=4599MB
RSS_SAMPLE t=721.6s rss=4599MB hwm=4599MB
RSS_SAMPLE t=721.9s rss=4599MB hwm=4599MB
RSS_SAMPLE t=722.1s rss=4600MB hwm=4600MB
RSS_SAMPLE t=722.4s rss=4600MB hwm=4600MB
RSS_SAMPLE t=722.6s rss=4600MB hwm=4600MB
RSS_SAMPLE t=722.9s rss=4601MB hwm=4601MB
RSS_SAMPLE t=723.1s rss=4601MB hwm=4601MB
RSS_SAMPLE t=723.4s rss=4601MB hwm=4601MB
RSS_SAMPLE t=723.6s rss=4602MB hwm=4602MB
RSS_SAMPLE t=723.9s rss=4602MB hwm=4602MB
RSS_SAMPLE t=724.1s rss=4602MB hwm=4602MB
RSS_SAMPLE t=724.4s rss=4603MB hwm=4603MB
RSS_SAMPLE t=724.6s rss=4603MB hwm=4603MB
RSS_SAMPLE t=724.9s rss=4603MB hwm=4603MB
RSS_SAMPLE t=725.1s rss=4603MB hwm=4603MB
RSS_SAMPLE t=725.4s rss=4604MB hwm=4604MB
RSS_SAMPLE t=725.6s rss=4604MB hwm=4604MB
RSS_SAMPLE t=725.9s rss=4604MB hwm=4604MB
RSS_SAMPLE t=726.1s rss=4604MB hwm=4604MB
RSS_SAMPLE t=726.4s rss=4604MB hwm=4604MB
RSS_SAMPLE t=726.6s rss=4605MB hwm=4605MB
RSS_SAMPLE t=726.9s rss=4605MB hwm=4605MB
RSS_SAMPLE t=727.1s rss=4605MB hwm=4605MB
RSS_SAMPLE t=727.4s rss=4605MB hwm=4605MB
RSS_SAMPLE t=727.6s rss=4606MB hwm=4606MB
RSS_SAMPLE t=727.9s rss=4606MB hwm=4606MB
RSS_SAMPLE t=728.1s rss=4606MB hwm=4606MB
RSS_SAMPLE t=728.4s rss=4606MB hwm=4606MB
RSS_SAMPLE t=728.6s rss=4606MB hwm=4606MB
RSS_SAMPLE t=728.9s rss=4607MB hwm=4607MB
RSS_SAMPLE t=729.1s rss=4607MB hwm=4607MB
RSS_SAMPLE t=729.4s rss=4607MB hwm=4607MB
RSS_SAMPLE t=729.6s rss=4607MB hwm=4607MB
RSS_SAMPLE t=729.9s rss=4607MB hwm=4607MB
RSS_SAMPLE t=730.1s rss=4607MB hwm=4607MB
RSS_SAMPLE t=730.4s rss=4608MB hwm=4608MB
RSS_SAMPLE t=730.6s rss=4608MB hwm=4608MB
RSS_SAMPLE t=730.9s rss=4608MB hwm=4608MB
RSS_SAMPLE t=731.1s rss=4608MB hwm=4608MB
RSS_SAMPLE t=731.4s rss=4608MB hwm=4608MB
RSS_SAMPLE t=731.6s rss=4609MB hwm=4609MB
RSS_SAMPLE t=731.9s rss=4609MB hwm=4609MB
RSS_SAMPLE t=732.1s rss=4609MB hwm=4609MB
RSS_SAMPLE t=732.4s rss=4609MB hwm=4609MB
RSS_SAMPLE t=732.6s rss=4609MB hwm=4609MB
RSS_SAMPLE t=732.9s rss=4609MB hwm=4609MB
RSS_SAMPLE t=733.1s rss=4609MB hwm=4609MB
RSS_SAMPLE t=733.4s rss=4610MB hwm=4610MB
RSS_SAMPLE t=733.6s rss=4610MB hwm=4610MB
RSS_SAMPLE t=733.9s rss=4610MB hwm=4610MB
RSS_SAMPLE t=734.1s rss=4610MB hwm=4610MB
RSS_SAMPLE t=734.4s rss=4611MB hwm=4611MB
RSS_SAMPLE t=734.6s rss=4611MB hwm=4611MB
RSS_SAMPLE t=734.9s rss=4611MB hwm=4611MB
RSS_SAMPLE t=735.1s rss=4611MB hwm=4611MB
RSS_SAMPLE t=735.4s rss=4611MB hwm=4611MB
RSS_SAMPLE t=735.6s rss=4612MB hwm=4612MB
RSS_SAMPLE t=735.9s rss=4612MB hwm=4612MB
RSS_SAMPLE t=736.1s rss=4612MB hwm=4612MB
RSS_SAMPLE t=736.4s rss=4613MB hwm=4613MB
RSS_SAMPLE t=736.6s rss=4613MB hwm=4613MB
RSS_SAMPLE t=736.9s rss=4614MB hwm=4614MB
RSS_SAMPLE t=737.1s rss=4614MB hwm=4614MB
RSS_SAMPLE t=737.4s rss=4614MB hwm=4614MB
RSS_SAMPLE t=737.6s rss=4615MB hwm=4615MB
RSS_SAMPLE t=737.9s rss=4615MB hwm=4615MB
RSS_SAMPLE t=738.1s rss=4615MB hwm=4615MB
RSS_SAMPLE t=738.4s rss=4616MB hwm=4616MB
RSS_SAMPLE t=738.6s rss=4616MB hwm=4616MB
RSS_SAMPLE t=738.9s rss=4616MB hwm=4616MB
RSS_SAMPLE t=739.1s rss=4616MB hwm=4616MB
RSS_SAMPLE t=739.4s rss=4616MB hwm=4616MB
RSS_SAMPLE t=739.6s rss=4617MB hwm=4617MB
RSS_SAMPLE t=739.9s rss=4617MB hwm=4617MB
RSS_SAMPLE t=740.1s rss=4617MB hwm=4617MB
RSS_SAMPLE t=740.4s rss=4617MB hwm=4617MB
RSS_SAMPLE t=740.6s rss=4617MB hwm=4617MB
RSS_SAMPLE t=740.9s rss=4617MB hwm=4617MB
RSS_SAMPLE t=741.1s rss=4617MB hwm=4617MB
RSS_SAMPLE t=741.4s rss=4618MB hwm=4618MB
RSS_SAMPLE t=741.6s rss=4618MB hwm=4618MB
RSS_SAMPLE t=741.9s rss=4618MB hwm=4618MB
RSS_SAMPLE t=742.1s rss=4618MB hwm=4618MB
RSS_SAMPLE t=742.4s rss=4618MB hwm=4618MB
RSS_SAMPLE t=742.6s rss=4618MB hwm=4618MB
RSS_SAMPLE t=742.9s rss=4618MB hwm=4618MB
RSS_SAMPLE t=743.1s rss=4618MB hwm=4618MB
RSS_SAMPLE t=743.4s rss=4618MB hwm=4618MB
RSS_SAMPLE t=743.6s rss=4618MB hwm=4618MB
RSS_SAMPLE t=743.9s rss=4618MB hwm=4618MB
RSS_SAMPLE t=744.1s rss=4618MB hwm=4618MB
RSS_SAMPLE t=744.4s rss=4618MB hwm=4618MB
RSS_SAMPLE t=744.6s rss=4618MB hwm=4618MB
RSS_SAMPLE t=744.9s rss=4618MB hwm=4618MB
RSS_SAMPLE t=745.1s rss=4618MB hwm=4618MB
RSS_SAMPLE t=745.4s rss=4619MB hwm=4619MB
RSS_SAMPLE t=745.6s rss=4619MB hwm=4619MB
RSS_SAMPLE t=745.9s rss=4619MB hwm=4619MB
RSS_SAMPLE t=746.1s rss=4619MB hwm=4619MB
RSS_SAMPLE t=746.4s rss=4619MB hwm=4619MB
RSS_SAMPLE t=746.6s rss=4619MB hwm=4619MB
RSS_SAMPLE t=746.9s rss=4619MB hwm=4619MB
RSS_SAMPLE t=747.1s rss=4619MB hwm=4619MB
RSS_SAMPLE t=747.4s rss=4619MB hwm=4619MB
RSS_SAMPLE t=747.6s rss=4619MB hwm=4619MB
RSS_SAMPLE t=747.9s rss=4619MB hwm=4619MB
RSS_SAMPLE t=748.1s rss=4619MB hwm=4619MB
RSS_SAMPLE t=748.4s rss=4619MB hwm=4619MB
RSS_SAMPLE t=748.6s rss=4619MB hwm=4619MB
RSS_SAMPLE t=748.9s rss=4619MB hwm=4619MB
RSS_SAMPLE t=749.1s rss=4620MB hwm=4620MB
RSS_SAMPLE t=749.4s rss=4620MB hwm=4620MB
RSS_SAMPLE t=749.6s rss=4620MB hwm=4620MB
RSS_SAMPLE t=749.9s rss=4620MB hwm=4620MB
RSS_SAMPLE t=750.1s rss=4620MB hwm=4620MB
RSS_SAMPLE t=750.4s rss=4620MB hwm=4620MB
RSS_SAMPLE t=750.6s rss=4620MB hwm=4620MB
RSS_SAMPLE t=750.9s rss=4620MB hwm=4620MB
RSS_SAMPLE t=751.2s rss=4620MB hwm=4620MB
RSS_SAMPLE t=751.4s rss=4620MB hwm=4620MB
RSS_SAMPLE t=751.7s rss=4620MB hwm=4620MB
RSS_SAMPLE t=751.9s rss=4620MB hwm=4620MB
RSS_SAMPLE t=752.2s rss=4620MB hwm=4620MB
RSS_SAMPLE t=752.4s rss=4620MB hwm=4620MB
RSS_SAMPLE t=752.7s rss=4620MB hwm=4620MB
RSS_SAMPLE t=752.9s rss=4620MB hwm=4620MB
RSS_SAMPLE t=753.2s rss=4620MB hwm=4620MB
RSS_SAMPLE t=753.4s rss=4620MB hwm=4620MB
RSS_SAMPLE t=753.7s rss=4620MB hwm=4620MB
RSS_SAMPLE t=753.9s rss=4620MB hwm=4620MB
RSS_SAMPLE t=754.2s rss=4620MB hwm=4620MB
RSS_SAMPLE t=754.4s rss=4620MB hwm=4620MB
RSS_SAMPLE t=754.7s rss=4620MB hwm=4620MB
RSS_SAMPLE t=754.9s rss=4620MB hwm=4620MB
RSS_SAMPLE t=755.2s rss=4620MB hwm=4620MB
RSS_SAMPLE t=755.4s rss=4620MB hwm=4620MB
RSS_SAMPLE t=755.7s rss=4620MB hwm=4620MB
RSS_SAMPLE t=755.9s rss=4620MB hwm=4620MB
RSS_SAMPLE t=756.2s rss=4620MB hwm=4620MB
RSS_SAMPLE t=756.4s rss=4620MB hwm=4620MB
RSS_SAMPLE t=756.7s rss=4620MB hwm=4620MB
RSS_SAMPLE t=756.9s rss=4620MB hwm=4620MB
RSS_SAMPLE t=757.2s rss=4620MB hwm=4620MB
RSS_SAMPLE t=757.4s rss=4620MB hwm=4620MB
RSS_SAMPLE t=757.7s rss=4620MB hwm=4620MB
RSS_SAMPLE t=757.9s rss=4620MB hwm=4620MB
RSS_SAMPLE t=758.2s rss=4620MB hwm=4620MB
RSS_SAMPLE t=758.4s rss=4620MB hwm=4620MB
RSS_SAMPLE t=758.7s rss=4620MB hwm=4620MB
RSS_SAMPLE t=758.9s rss=4620MB hwm=4620MB
RSS_SAMPLE t=759.2s rss=4620MB hwm=4620MB
RSS_SAMPLE t=759.4s rss=4620MB hwm=4620MB
RSS_SAMPLE t=759.7s rss=4620MB hwm=4620MB
RSS_SAMPLE t=759.9s rss=4620MB hwm=4620MB
RSS_SAMPLE t=760.2s rss=4620MB hwm=4620MB
RSS_SAMPLE t=760.4s rss=4620MB hwm=4620MB
RSS_SAMPLE t=760.7s rss=4620MB hwm=4620MB
RSS_SAMPLE t=760.9s rss=4620MB hwm=4620MB
RSS_SAMPLE t=761.2s rss=4620MB hwm=4620MB
RSS_SAMPLE t=761.4s rss=4620MB hwm=4620MB
RSS_SAMPLE t=761.7s rss=4620MB hwm=4620MB
RSS_SAMPLE t=761.9s rss=4620MB hwm=4620MB
RSS_SAMPLE t=762.2s rss=4620MB hwm=4620MB
RSS_SAMPLE t=762.4s rss=4620MB hwm=4620MB
RSS_SAMPLE t=762.7s rss=4620MB hwm=4620MB
RSS_SAMPLE t=762.9s rss=4620MB hwm=4620MB
RSS_SAMPLE t=763.2s rss=4620MB hwm=4620MB
RSS_SAMPLE t=763.4s rss=4620MB hwm=4620MB
RSS_SAMPLE t=763.7s rss=4620MB hwm=4620MB
RSS_SAMPLE t=763.9s rss=4620MB hwm=4620MB
RSS_SAMPLE t=764.2s rss=4620MB hwm=4620MB
RSS_SAMPLE t=764.4s rss=4620MB hwm=4620MB
RSS_SAMPLE t=764.7s rss=4620MB hwm=4620MB
RSS_SAMPLE t=764.9s rss=4620MB hwm=4620MB
RSS_SAMPLE t=765.2s rss=4620MB hwm=4620MB
RSS_SAMPLE t=765.4s rss=4620MB hwm=4620MB
RSS_SAMPLE t=765.7s rss=4620MB hwm=4620MB
RSS_SAMPLE t=765.9s rss=4620MB hwm=4620MB
RSS_SAMPLE t=766.2s rss=4620MB hwm=4620MB
RSS_SAMPLE t=766.4s rss=4620MB hwm=4620MB
RSS_SAMPLE t=766.7s rss=4620MB hwm=4620MB
RSS_SAMPLE t=766.9s rss=4620MB hwm=4620MB
RSS_SAMPLE t=767.2s rss=4620MB hwm=4620MB
RSS_SAMPLE t=767.4s rss=4620MB hwm=4620MB
RSS_SAMPLE t=767.7s rss=4620MB hwm=4620MB
RSS_SAMPLE t=767.9s rss=4620MB hwm=4620MB
RSS_SAMPLE t=768.2s rss=4620MB hwm=4620MB
RSS_SAMPLE t=768.4s rss=4620MB hwm=4620MB
RSS_SAMPLE t=768.7s rss=4620MB hwm=4620MB
RSS_SAMPLE t=768.9s rss=4620MB hwm=4620MB
RSS_SAMPLE t=769.2s rss=4620MB hwm=4620MB
RSS_SAMPLE t=769.4s rss=4620MB hwm=4620MB
RSS_SAMPLE t=769.7s rss=4620MB hwm=4620MB
RSS_SAMPLE t=769.9s rss=4620MB hwm=4620MB
RSS_SAMPLE t=770.2s rss=4620MB hwm=4620MB
RSS_SAMPLE t=770.4s rss=4620MB hwm=4620MB
RSS_SAMPLE t=770.7s rss=4620MB hwm=4620MB
RSS_SAMPLE t=770.9s rss=4620MB hwm=4620MB
RSS_SAMPLE t=771.2s rss=4620MB hwm=4620MB
RSS_SAMPLE t=771.4s rss=4620MB hwm=4620MB
RSS_SAMPLE t=771.7s rss=4620MB hwm=4620MB
RSS_SAMPLE t=771.9s rss=4620MB hwm=4620MB
RSS_SAMPLE t=772.2s rss=4620MB hwm=4620MB
RSS_SAMPLE t=772.4s rss=4620MB hwm=4620MB
RSS_SAMPLE t=772.7s rss=4620MB hwm=4620MB
RSS_SAMPLE t=772.9s rss=4620MB hwm=4620MB
RSS_SAMPLE t=773.2s rss=4620MB hwm=4620MB
RSS_SAMPLE t=773.4s rss=4620MB hwm=4620MB
RSS_SAMPLE t=773.7s rss=4620MB hwm=4620MB
RSS_SAMPLE t=773.9s rss=4620MB hwm=4620MB
RSS_SAMPLE t=774.2s rss=4620MB hwm=4620MB
RSS_SAMPLE t=774.4s rss=4620MB hwm=4620MB
RSS_SAMPLE t=774.7s rss=4620MB hwm=4620MB
RSS_SAMPLE t=774.9s rss=4620MB hwm=4620MB
RSS_SAMPLE t=775.2s rss=4620MB hwm=4620MB
RSS_SAMPLE t=775.4s rss=4620MB hwm=4620MB
RSS_SAMPLE t=775.7s rss=4620MB hwm=4620MB
RSS_SAMPLE t=775.9s rss=4620MB hwm=4620MB
RSS_SAMPLE t=776.2s rss=4620MB hwm=4620MB
RSS_SAMPLE t=776.4s rss=4620MB hwm=4620MB
RSS_SAMPLE t=776.7s rss=4620MB hwm=4620MB
RSS_SAMPLE t=776.9s rss=4620MB hwm=4620MB
RSS_SAMPLE t=777.2s rss=4620MB hwm=4620MB
RSS_SAMPLE t=777.4s rss=4620MB hwm=4620MB
RSS_SAMPLE t=777.7s rss=4620MB hwm=4620MB
RSS_SAMPLE t=777.9s rss=4620MB hwm=4620MB
RSS_SAMPLE t=778.2s rss=4620MB hwm=4620MB
RSS_SAMPLE t=778.4s rss=4620MB hwm=4620MB
RSS_SAMPLE t=778.7s rss=4620MB hwm=4620MB
RSS_SAMPLE t=778.9s rss=4620MB hwm=4620MB
RSS_SAMPLE t=779.2s rss=4620MB hwm=4620MB
RSS_SAMPLE t=779.4s rss=4620MB hwm=4620MB
RSS_SAMPLE t=779.7s rss=4620MB hwm=4620MB
RSS_SAMPLE t=779.9s rss=4620MB hwm=4620MB
RSS_SAMPLE t=780.2s rss=4620MB hwm=4620MB
RSS_SAMPLE t=780.4s rss=4620MB hwm=4620MB
RSS_SAMPLE t=780.7s rss=4620MB hwm=4620MB
RSS_SAMPLE t=780.9s rss=4620MB hwm=4620MB
RSS_SAMPLE t=781.2s rss=4620MB hwm=4620MB
RSS_SAMPLE t=781.4s rss=4620MB hwm=4620MB
RSS_SAMPLE t=781.7s rss=4620MB hwm=4620MB
RSS_SAMPLE t=781.9s rss=4620MB hwm=4620MB
RSS_SAMPLE t=782.2s rss=4620MB hwm=4620MB
RSS_SAMPLE t=782.4s rss=4620MB hwm=4620MB
RSS_SAMPLE t=782.7s rss=4620MB hwm=4620MB
RSS_SAMPLE t=782.9s rss=4620MB hwm=4620MB
RSS_SAMPLE t=783.2s rss=4620MB hwm=4620MB
RSS_SAMPLE t=783.4s rss=4620MB hwm=4620MB
RSS_SAMPLE t=783.7s rss=4620MB hwm=4620MB
RSS_SAMPLE t=783.9s rss=4620MB hwm=4620MB
RSS_SAMPLE t=784.2s rss=4620MB hwm=4620MB
RSS_SAMPLE t=784.4s rss=4620MB hwm=4620MB
RSS_SAMPLE t=784.7s rss=4620MB hwm=4620MB
RSS_SAMPLE t=784.9s rss=4620MB hwm=4620MB
RSS_SAMPLE t=785.2s rss=4620MB hwm=4620MB
RSS_SAMPLE t=785.4s rss=4620MB hwm=4620MB
RSS_SAMPLE t=785.7s rss=4620MB hwm=4620MB
RSS_SAMPLE t=785.9s rss=4620MB hwm=4620MB
RSS_SAMPLE t=786.2s rss=4620MB hwm=4620MB
RSS_SAMPLE t=786.4s rss=4620MB hwm=4620MB
RSS_SAMPLE t=786.7s rss=4620MB hwm=4620MB
RSS_SAMPLE t=786.9s rss=4620MB hwm=4620MB
RSS_SAMPLE t=787.2s rss=4620MB hwm=4620MB
MEM_POOL: workspaces=32 dense_usage_mb=1251 n_pipes=2562403
    post_solve_diag[outer=9]: solves=105117 cap_armed=105117 (100.0%) settle_avg=6260 above_sink_avg=128 (2.0%) settle_max=69353
    settle_hist[outer=9]: <100: 30202nets/0.1%work  <1k: 19686nets/1.2%work  <5k: 24445nets/9.7%work  <20k: 19178nets/30.9%work  <60k: 11269nets/54.8%work  >=60k: 337nets/3.3%work
    fanout_hist[outer=9]: fan1: 43710nets/13.4%work  fan2-4: 48279nets/50.1%work  fan5-16: 12974nets/35.5%work  fan17-64: 154nets/0.9%work  fan65-256: 0nets/0.0%work  fan>256: 0nets/0.0%work
    rss_probe[outer=9]: pre_post_solve=4593MB post_post_solve=4620MB after_apply=4620MB
RSS_SAMPLE t=787.4s rss=4621MB hwm=4621MB
    E_decomp: base=4847469.8 eff=99497606590491.0 cong=99497601743021.2 cong_share=100.0% sat_pipes=75531 max_util=961.11  R_buckets: 1-2x=93139 2-10x=717957 10-100x=1691297 >=100x=60010
    E_potential: beckmann=81743159962149.5 history_total=0.0
    SpanCache: epoch=10 entries=2586 lookups=2562403 hits=2559817 misses=2586 hit_rate=99.9%
  DCD   9: nets=105117 line=13206329 energy=7578702826.446 dE=-12605489607.706 friction=8635633.7 bins=2.0x(189) excess=55.6 moved=67560 disp=5.220 solves=105117 skip=105117 pops=658068148 theta=1.033 refresh=79341ms dcd=6992ms total=89121ms
    cache_stats: entries=58302891 capacity=111481797 est_mb=962 rss_mb=4621
RSS_SAMPLE t=787.7s rss=4621MB hwm=4621MB
RSS_SAMPLE t=787.9s rss=4621MB hwm=4621MB
RSS_SAMPLE t=788.2s rss=4621MB hwm=4621MB
RSS_SAMPLE t=788.4s rss=4621MB hwm=4621MB
RSS_SAMPLE t=788.7s rss=4621MB hwm=4621MB
RSS_SAMPLE t=788.9s rss=4621MB hwm=4621MB
RSS_SAMPLE t=789.2s rss=4621MB hwm=4621MB
RSS_SAMPLE t=789.4s rss=4621MB hwm=4621MB
RSS_SAMPLE t=789.7s rss=4621MB hwm=4621MB
RSS_SAMPLE t=789.9s rss=4621MB hwm=4621MB
    SwitchMatrix: type_usage_pairs=907 lookups=2220 hits=1313 dijkstra_calls=907 avg_us=9.7 total_ms=8.8
PHASE_MARK outer=10 enter=pre_solve rss=4621MB
    rss_probe[outer=10]: pre_refresh_rss=4621MB post_pre_solve_rss=4621MB cache_entries=58302891 cache_cap=111481797 cache_est_mb=962
    pre_solve_diag[outer=10]: solves=0 fallback=0 (0.0%) cap_armed=0 (0.0%) settle_avg=0 settle_max=0 init_count=254
    Overflow: over=73743 (2.9% of used) avg_excess=9.43 max_excess=2202.10 (nc=2226.10 cap=24 span=1)  excess_buckets: <=1=5434 1-5=38472 5-20=22641 >20=7196  by_cap: cap1=1823 cap2=66755 cap3-5=0 cap>5=5165  by_span: s1=560 s2-3=4106 s4-6=1696 s7-12=65815 s>12=1566  le1_cross: cap1=800 cap2-5=4449 cap>5=185
    Congestion: pipes=2562403 used=2562403 congested(>50%)=89623 saturated(>90%)=75531 max_util=961.11 avg_util=0.1566
PHASE_MARK outer=10 enter=dcd_sweep rss=4621MB
RSS_SAMPLE t=790.2s rss=4621MB hwm=4621MB
RSS_SAMPLE t=790.4s rss=4621MB hwm=4621MB
RSS_SAMPLE t=790.7s rss=4621MB hwm=4621MB
RSS_SAMPLE t=790.9s rss=4621MB hwm=4621MB
RSS_SAMPLE t=791.2s rss=4621MB hwm=4621MB
RSS_SAMPLE t=791.4s rss=4621MB hwm=4621MB
RSS_SAMPLE t=791.7s rss=4621MB hwm=4621MB
RSS_SAMPLE t=791.9s rss=4621MB hwm=4621MB
RSS_SAMPLE t=792.2s rss=4621MB hwm=4621MB
RSS_SAMPLE t=792.4s rss=4621MB hwm=4621MB
RSS_SAMPLE t=792.7s rss=4621MB hwm=4621MB
RSS_SAMPLE t=792.9s rss=4621MB hwm=4621MB
RSS_SAMPLE t=793.2s rss=4621MB hwm=4621MB
RSS_SAMPLE t=793.4s rss=4621MB hwm=4621MB
RSS_SAMPLE t=793.7s rss=4621MB hwm=4621MB
RSS_SAMPLE t=793.9s rss=4621MB hwm=4621MB
RSS_SAMPLE t=794.2s rss=4621MB hwm=4621MB
RSS_SAMPLE t=794.4s rss=4621MB hwm=4621MB
RSS_SAMPLE t=794.7s rss=4621MB hwm=4621MB
RSS_SAMPLE t=794.9s rss=4621MB hwm=4621MB
RSS_SAMPLE t=795.2s rss=4621MB hwm=4621MB
RSS_SAMPLE t=795.4s rss=4621MB hwm=4621MB
RSS_SAMPLE t=795.7s rss=4621MB hwm=4621MB
RSS_SAMPLE t=795.9s rss=4621MB hwm=4621MB
RSS_SAMPLE t=796.2s rss=4621MB hwm=4621MB
RSS_SAMPLE t=796.4s rss=4621MB hwm=4621MB
RSS_SAMPLE t=796.7s rss=4621MB hwm=4621MB
RSS_SAMPLE t=796.9s rss=4621MB hwm=4621MB
RSS_SAMPLE t=797.2s rss=4621MB hwm=4621MB
PHASE_MARK outer=10 leave=dcd_sweep rss=4621MB
PHASE_MARK outer=10 enter=post_refresh rss=4621MB
RSS_SAMPLE t=797.4s rss=4621MB hwm=4621MB
RSS_SAMPLE t=797.7s rss=4621MB hwm=4621MB
RSS_SAMPLE t=797.9s rss=4621MB hwm=4621MB
RSS_SAMPLE t=798.2s rss=4621MB hwm=4621MB
RSS_SAMPLE t=798.4s rss=4621MB hwm=4621MB
RSS_SAMPLE t=798.7s rss=4621MB hwm=4621MB
RSS_SAMPLE t=798.9s rss=4621MB hwm=4621MB
RSS_SAMPLE t=799.2s rss=4621MB hwm=4621MB
RSS_SAMPLE t=799.4s rss=4621MB hwm=4621MB
RSS_SAMPLE t=799.7s rss=4621MB hwm=4621MB
RSS_SAMPLE t=799.9s rss=4621MB hwm=4621MB
RSS_SAMPLE t=800.2s rss=4621MB hwm=4621MB
RSS_SAMPLE t=800.4s rss=4621MB hwm=4621MB
RSS_SAMPLE t=800.7s rss=4621MB hwm=4621MB
RSS_SAMPLE t=800.9s rss=4621MB hwm=4621MB
RSS_SAMPLE t=801.2s rss=4622MB hwm=4622MB
RSS_SAMPLE t=801.4s rss=4622MB hwm=4622MB
RSS_SAMPLE t=801.7s rss=4622MB hwm=4622MB
RSS_SAMPLE t=801.9s rss=4622MB hwm=4622MB
RSS_SAMPLE t=802.2s rss=4622MB hwm=4622MB
RSS_SAMPLE t=802.4s rss=4622MB hwm=4622MB
RSS_SAMPLE t=802.7s rss=4622MB hwm=4622MB
RSS_SAMPLE t=802.9s rss=4622MB hwm=4622MB
RSS_SAMPLE t=803.2s rss=4623MB hwm=4623MB
RSS_SAMPLE t=803.4s rss=4623MB hwm=4623MB
RSS_SAMPLE t=803.7s rss=4623MB hwm=4623MB
RSS_SAMPLE t=803.9s rss=4623MB hwm=4623MB
RSS_SAMPLE t=804.2s rss=4623MB hwm=4623MB
RSS_SAMPLE t=804.4s rss=4623MB hwm=4623MB
RSS_SAMPLE t=804.7s rss=4624MB hwm=4624MB
RSS_SAMPLE t=804.9s rss=4624MB hwm=4624MB
RSS_SAMPLE t=805.2s rss=4624MB hwm=4624MB
RSS_SAMPLE t=805.4s rss=4624MB hwm=4624MB
RSS_SAMPLE t=805.7s rss=4624MB hwm=4624MB
RSS_SAMPLE t=805.9s rss=4624MB hwm=4624MB
RSS_SAMPLE t=806.2s rss=4625MB hwm=4625MB
RSS_SAMPLE t=806.5s rss=4625MB hwm=4625MB
RSS_SAMPLE t=806.7s rss=4625MB hwm=4625MB
RSS_SAMPLE t=807.0s rss=4625MB hwm=4625MB
RSS_SAMPLE t=807.2s rss=4625MB hwm=4625MB
RSS_SAMPLE t=807.5s rss=4626MB hwm=4626MB
RSS_SAMPLE t=807.7s rss=4626MB hwm=4626MB
RSS_SAMPLE t=808.0s rss=4626MB hwm=4626MB
RSS_SAMPLE t=808.2s rss=4627MB hwm=4627MB
RSS_SAMPLE t=808.5s rss=4627MB hwm=4627MB
RSS_SAMPLE t=808.7s rss=4627MB hwm=4627MB
RSS_SAMPLE t=809.0s rss=4627MB hwm=4627MB
RSS_SAMPLE t=809.2s rss=4628MB hwm=4628MB
RSS_SAMPLE t=809.5s rss=4628MB hwm=4628MB
RSS_SAMPLE t=809.7s rss=4628MB hwm=4628MB
RSS_SAMPLE t=810.0s rss=4628MB hwm=4628MB
RSS_SAMPLE t=810.2s rss=4628MB hwm=4628MB
RSS_SAMPLE t=810.5s rss=4629MB hwm=4629MB
RSS_SAMPLE t=810.7s rss=4629MB hwm=4629MB
RSS_SAMPLE t=811.0s rss=4630MB hwm=4630MB
RSS_SAMPLE t=811.2s rss=4630MB hwm=4630MB
RSS_SAMPLE t=811.5s rss=4630MB hwm=4630MB
RSS_SAMPLE t=811.7s rss=4630MB hwm=4630MB
RSS_SAMPLE t=812.0s rss=4630MB hwm=4630MB
RSS_SAMPLE t=812.2s rss=4631MB hwm=4631MB
RSS_SAMPLE t=812.5s rss=4631MB hwm=4631MB
RSS_SAMPLE t=812.7s rss=4632MB hwm=4632MB
RSS_SAMPLE t=813.0s rss=4632MB hwm=4632MB
RSS_SAMPLE t=813.2s rss=4632MB hwm=4632MB
RSS_SAMPLE t=813.5s rss=4632MB hwm=4632MB
RSS_SAMPLE t=813.7s rss=4632MB hwm=4632MB
RSS_SAMPLE t=814.0s rss=4633MB hwm=4633MB
RSS_SAMPLE t=814.2s rss=4633MB hwm=4633MB
RSS_SAMPLE t=814.5s rss=4633MB hwm=4633MB
RSS_SAMPLE t=814.7s rss=4633MB hwm=4633MB
RSS_SAMPLE t=815.0s rss=4633MB hwm=4633MB
RSS_SAMPLE t=815.2s rss=4633MB hwm=4633MB
RSS_SAMPLE t=815.5s rss=4634MB hwm=4634MB
RSS_SAMPLE t=815.7s rss=4634MB hwm=4634MB
RSS_SAMPLE t=816.0s rss=4634MB hwm=4634MB
RSS_SAMPLE t=816.2s rss=4634MB hwm=4634MB
RSS_SAMPLE t=816.5s rss=4634MB hwm=4634MB
RSS_SAMPLE t=816.7s rss=4635MB hwm=4635MB
RSS_SAMPLE t=817.0s rss=4635MB hwm=4635MB
RSS_SAMPLE t=817.2s rss=4635MB hwm=4635MB
RSS_SAMPLE t=817.5s rss=4635MB hwm=4635MB
RSS_SAMPLE t=817.7s rss=4635MB hwm=4635MB
RSS_SAMPLE t=818.0s rss=4636MB hwm=4636MB
RSS_SAMPLE t=818.2s rss=4636MB hwm=4636MB
RSS_SAMPLE t=818.5s rss=4636MB hwm=4636MB
RSS_SAMPLE t=818.7s rss=4636MB hwm=4636MB
RSS_SAMPLE t=819.0s rss=4636MB hwm=4636MB
RSS_SAMPLE t=819.2s rss=4636MB hwm=4636MB
RSS_SAMPLE t=819.5s rss=4637MB hwm=4637MB
RSS_SAMPLE t=819.7s rss=4637MB hwm=4637MB
RSS_SAMPLE t=820.0s rss=4637MB hwm=4637MB
RSS_SAMPLE t=820.2s rss=4637MB hwm=4637MB
RSS_SAMPLE t=820.5s rss=4638MB hwm=4638MB
RSS_SAMPLE t=820.7s rss=4638MB hwm=4638MB
RSS_SAMPLE t=821.0s rss=4638MB hwm=4638MB
RSS_SAMPLE t=821.2s rss=4638MB hwm=4638MB
RSS_SAMPLE t=821.5s rss=4639MB hwm=4639MB
RSS_SAMPLE t=821.7s rss=4639MB hwm=4639MB
RSS_SAMPLE t=822.0s rss=4639MB hwm=4639MB
RSS_SAMPLE t=822.2s rss=4639MB hwm=4639MB
RSS_SAMPLE t=822.5s rss=4639MB hwm=4639MB
RSS_SAMPLE t=822.7s rss=4640MB hwm=4640MB
RSS_SAMPLE t=823.0s rss=4640MB hwm=4640MB
RSS_SAMPLE t=823.2s rss=4640MB hwm=4640MB
RSS_SAMPLE t=823.5s rss=4640MB hwm=4640MB
RSS_SAMPLE t=823.7s rss=4640MB hwm=4640MB
RSS_SAMPLE t=824.0s rss=4641MB hwm=4641MB
RSS_SAMPLE t=824.2s rss=4641MB hwm=4641MB
RSS_SAMPLE t=824.5s rss=4641MB hwm=4641MB
RSS_SAMPLE t=824.7s rss=4641MB hwm=4641MB
RSS_SAMPLE t=825.0s rss=4641MB hwm=4641MB
RSS_SAMPLE t=825.2s rss=4641MB hwm=4641MB
RSS_SAMPLE t=825.5s rss=4641MB hwm=4641MB
RSS_SAMPLE t=825.7s rss=4642MB hwm=4642MB
RSS_SAMPLE t=826.0s rss=4642MB hwm=4642MB
RSS_SAMPLE t=826.2s rss=4642MB hwm=4642MB
RSS_SAMPLE t=826.5s rss=4642MB hwm=4642MB
RSS_SAMPLE t=826.7s rss=4642MB hwm=4642MB
RSS_SAMPLE t=827.0s rss=4642MB hwm=4642MB
RSS_SAMPLE t=827.2s rss=4642MB hwm=4642MB
RSS_SAMPLE t=827.5s rss=4642MB hwm=4642MB
RSS_SAMPLE t=827.7s rss=4642MB hwm=4642MB
RSS_SAMPLE t=828.0s rss=4642MB hwm=4642MB
RSS_SAMPLE t=828.2s rss=4642MB hwm=4642MB
RSS_SAMPLE t=828.5s rss=4642MB hwm=4642MB
RSS_SAMPLE t=828.7s rss=4642MB hwm=4642MB
RSS_SAMPLE t=829.0s rss=4642MB hwm=4642MB
RSS_SAMPLE t=829.2s rss=4642MB hwm=4642MB
RSS_SAMPLE t=829.5s rss=4642MB hwm=4642MB
RSS_SAMPLE t=829.7s rss=4642MB hwm=4642MB
RSS_SAMPLE t=830.0s rss=4643MB hwm=4643MB
RSS_SAMPLE t=830.2s rss=4643MB hwm=4643MB
RSS_SAMPLE t=830.5s rss=4643MB hwm=4643MB
RSS_SAMPLE t=830.7s rss=4643MB hwm=4643MB
RSS_SAMPLE t=831.0s rss=4643MB hwm=4643MB
RSS_SAMPLE t=831.2s rss=4643MB hwm=4643MB
RSS_SAMPLE t=831.5s rss=4643MB hwm=4643MB
RSS_SAMPLE t=831.7s rss=4643MB hwm=4643MB
RSS_SAMPLE t=832.0s rss=4644MB hwm=4644MB
RSS_SAMPLE t=832.2s rss=4644MB hwm=4644MB
RSS_SAMPLE t=832.5s rss=4644MB hwm=4644MB
RSS_SAMPLE t=832.7s rss=4644MB hwm=4644MB
RSS_SAMPLE t=833.0s rss=4644MB hwm=4644MB
RSS_SAMPLE t=833.2s rss=4644MB hwm=4644MB
RSS_SAMPLE t=833.5s rss=4644MB hwm=4644MB
RSS_SAMPLE t=833.7s rss=4644MB hwm=4644MB
RSS_SAMPLE t=834.0s rss=4644MB hwm=4644MB
RSS_SAMPLE t=834.2s rss=4644MB hwm=4644MB
RSS_SAMPLE t=834.5s rss=4644MB hwm=4644MB
RSS_SAMPLE t=834.7s rss=4644MB hwm=4644MB
RSS_SAMPLE t=835.0s rss=4644MB hwm=4644MB
RSS_SAMPLE t=835.2s rss=4644MB hwm=4644MB
RSS_SAMPLE t=835.5s rss=4645MB hwm=4645MB
RSS_SAMPLE t=835.7s rss=4645MB hwm=4645MB
RSS_SAMPLE t=836.0s rss=4645MB hwm=4645MB
RSS_SAMPLE t=836.2s rss=4645MB hwm=4645MB
RSS_SAMPLE t=836.5s rss=4645MB hwm=4645MB
RSS_SAMPLE t=836.7s rss=4645MB hwm=4645MB
RSS_SAMPLE t=837.0s rss=4645MB hwm=4645MB
RSS_SAMPLE t=837.2s rss=4645MB hwm=4645MB
RSS_SAMPLE t=837.5s rss=4645MB hwm=4645MB
RSS_SAMPLE t=837.7s rss=4645MB hwm=4645MB
RSS_SAMPLE t=838.0s rss=4645MB hwm=4645MB
RSS_SAMPLE t=838.2s rss=4645MB hwm=4645MB
RSS_SAMPLE t=838.5s rss=4645MB hwm=4645MB
RSS_SAMPLE t=838.7s rss=4645MB hwm=4645MB
RSS_SAMPLE t=839.0s rss=4645MB hwm=4645MB
RSS_SAMPLE t=839.2s rss=4645MB hwm=4645MB
RSS_SAMPLE t=839.5s rss=4645MB hwm=4645MB
RSS_SAMPLE t=839.7s rss=4645MB hwm=4645MB
RSS_SAMPLE t=840.0s rss=4645MB hwm=4645MB
RSS_SAMPLE t=840.2s rss=4646MB hwm=4646MB
RSS_SAMPLE t=840.5s rss=4646MB hwm=4646MB
RSS_SAMPLE t=840.7s rss=4646MB hwm=4646MB
RSS_SAMPLE t=841.0s rss=4646MB hwm=4646MB
RSS_SAMPLE t=841.2s rss=4646MB hwm=4646MB
RSS_SAMPLE t=841.5s rss=4646MB hwm=4646MB
RSS_SAMPLE t=841.7s rss=4646MB hwm=4646MB
RSS_SAMPLE t=842.0s rss=4647MB hwm=4647MB
RSS_SAMPLE t=842.2s rss=4647MB hwm=4647MB
RSS_SAMPLE t=842.5s rss=4647MB hwm=4647MB
RSS_SAMPLE t=842.7s rss=4647MB hwm=4647MB
RSS_SAMPLE t=843.0s rss=4647MB hwm=4647MB
RSS_SAMPLE t=843.2s rss=4647MB hwm=4647MB
RSS_SAMPLE t=843.5s rss=4647MB hwm=4647MB
RSS_SAMPLE t=843.7s rss=4648MB hwm=4648MB
RSS_SAMPLE t=844.0s rss=4648MB hwm=4648MB
RSS_SAMPLE t=844.2s rss=4648MB hwm=4648MB
RSS_SAMPLE t=844.5s rss=4649MB hwm=4649MB
RSS_SAMPLE t=844.7s rss=4649MB hwm=4649MB
RSS_SAMPLE t=845.0s rss=4649MB hwm=4649MB
RSS_SAMPLE t=845.2s rss=4649MB hwm=4649MB
RSS_SAMPLE t=845.5s rss=4650MB hwm=4650MB
RSS_SAMPLE t=845.7s rss=4650MB hwm=4650MB
RSS_SAMPLE t=846.0s rss=4650MB hwm=4650MB
RSS_SAMPLE t=846.2s rss=4650MB hwm=4650MB
RSS_SAMPLE t=846.5s rss=4651MB hwm=4651MB
RSS_SAMPLE t=846.7s rss=4651MB hwm=4651MB
RSS_SAMPLE t=847.0s rss=4651MB hwm=4651MB
RSS_SAMPLE t=847.2s rss=4651MB hwm=4651MB
RSS_SAMPLE t=847.5s rss=4651MB hwm=4651MB
RSS_SAMPLE t=847.7s rss=4651MB hwm=4651MB
RSS_SAMPLE t=848.0s rss=4651MB hwm=4651MB
RSS_SAMPLE t=848.2s rss=4651MB hwm=4651MB
RSS_SAMPLE t=848.5s rss=4651MB hwm=4651MB
RSS_SAMPLE t=848.7s rss=4652MB hwm=4652MB
RSS_SAMPLE t=849.0s rss=4652MB hwm=4652MB
RSS_SAMPLE t=849.2s rss=4652MB hwm=4652MB
RSS_SAMPLE t=849.5s rss=4652MB hwm=4652MB
RSS_SAMPLE t=849.7s rss=4652MB hwm=4652MB
RSS_SAMPLE t=850.0s rss=4652MB hwm=4652MB
RSS_SAMPLE t=850.2s rss=4652MB hwm=4652MB
RSS_SAMPLE t=850.5s rss=4652MB hwm=4652MB
RSS_SAMPLE t=850.7s rss=4652MB hwm=4652MB
RSS_SAMPLE t=851.0s rss=4652MB hwm=4652MB
RSS_SAMPLE t=851.2s rss=4652MB hwm=4652MB
RSS_SAMPLE t=851.5s rss=4652MB hwm=4652MB
RSS_SAMPLE t=851.7s rss=4652MB hwm=4652MB
RSS_SAMPLE t=852.0s rss=4652MB hwm=4652MB
RSS_SAMPLE t=852.2s rss=4652MB hwm=4652MB
RSS_SAMPLE t=852.5s rss=4652MB hwm=4652MB
RSS_SAMPLE t=852.7s rss=4652MB hwm=4652MB
RSS_SAMPLE t=853.0s rss=4652MB hwm=4652MB
RSS_SAMPLE t=853.2s rss=4652MB hwm=4652MB
RSS_SAMPLE t=853.5s rss=4652MB hwm=4652MB
RSS_SAMPLE t=853.7s rss=4652MB hwm=4652MB
RSS_SAMPLE t=854.0s rss=4652MB hwm=4652MB
RSS_SAMPLE t=854.2s rss=4652MB hwm=4652MB
RSS_SAMPLE t=854.5s rss=4652MB hwm=4652MB
RSS_SAMPLE t=854.7s rss=4652MB hwm=4652MB
RSS_SAMPLE t=855.0s rss=4652MB hwm=4652MB
RSS_SAMPLE t=855.2s rss=4652MB hwm=4652MB
RSS_SAMPLE t=855.5s rss=4652MB hwm=4652MB
RSS_SAMPLE t=855.7s rss=4652MB hwm=4652MB
RSS_SAMPLE t=856.0s rss=4652MB hwm=4652MB
RSS_SAMPLE t=856.2s rss=4652MB hwm=4652MB
RSS_SAMPLE t=856.5s rss=4652MB hwm=4652MB
RSS_SAMPLE t=856.7s rss=4652MB hwm=4652MB
RSS_SAMPLE t=857.0s rss=4652MB hwm=4652MB
RSS_SAMPLE t=857.2s rss=4652MB hwm=4652MB
RSS_SAMPLE t=857.5s rss=4652MB hwm=4652MB
RSS_SAMPLE t=857.7s rss=4652MB hwm=4652MB
RSS_SAMPLE t=858.0s rss=4652MB hwm=4652MB
RSS_SAMPLE t=858.2s rss=4652MB hwm=4652MB
RSS_SAMPLE t=858.5s rss=4652MB hwm=4652MB
RSS_SAMPLE t=858.7s rss=4652MB hwm=4652MB
RSS_SAMPLE t=859.0s rss=4652MB hwm=4652MB
RSS_SAMPLE t=859.2s rss=4652MB hwm=4652MB
RSS_SAMPLE t=859.5s rss=4652MB hwm=4652MB
RSS_SAMPLE t=859.7s rss=4652MB hwm=4652MB
RSS_SAMPLE t=860.0s rss=4652MB hwm=4652MB
RSS_SAMPLE t=860.2s rss=4652MB hwm=4652MB
RSS_SAMPLE t=860.5s rss=4652MB hwm=4652MB
RSS_SAMPLE t=860.7s rss=4652MB hwm=4652MB
RSS_SAMPLE t=861.0s rss=4652MB hwm=4652MB
RSS_SAMPLE t=861.2s rss=4652MB hwm=4652MB
RSS_SAMPLE t=861.5s rss=4652MB hwm=4652MB
RSS_SAMPLE t=861.7s rss=4652MB hwm=4652MB
RSS_SAMPLE t=862.0s rss=4652MB hwm=4652MB
RSS_SAMPLE t=862.2s rss=4652MB hwm=4652MB
RSS_SAMPLE t=862.5s rss=4652MB hwm=4652MB
RSS_SAMPLE t=862.7s rss=4652MB hwm=4652MB
RSS_SAMPLE t=863.0s rss=4652MB hwm=4652MB
RSS_SAMPLE t=863.2s rss=4652MB hwm=4652MB
RSS_SAMPLE t=863.5s rss=4652MB hwm=4652MB
RSS_SAMPLE t=863.7s rss=4652MB hwm=4652MB
RSS_SAMPLE t=864.0s rss=4652MB hwm=4652MB
RSS_SAMPLE t=864.2s rss=4652MB hwm=4652MB
RSS_SAMPLE t=864.5s rss=4652MB hwm=4652MB
RSS_SAMPLE t=864.7s rss=4652MB hwm=4652MB
RSS_SAMPLE t=865.0s rss=4652MB hwm=4652MB
RSS_SAMPLE t=865.2s rss=4652MB hwm=4652MB
RSS_SAMPLE t=865.5s rss=4652MB hwm=4652MB
RSS_SAMPLE t=865.7s rss=4652MB hwm=4652MB
RSS_SAMPLE t=866.0s rss=4652MB hwm=4652MB
RSS_SAMPLE t=866.2s rss=4652MB hwm=4652MB
RSS_SAMPLE t=866.5s rss=4652MB hwm=4652MB
RSS_SAMPLE t=866.7s rss=4652MB hwm=4652MB
RSS_SAMPLE t=867.0s rss=4652MB hwm=4652MB
RSS_SAMPLE t=867.3s rss=4652MB hwm=4652MB
RSS_SAMPLE t=867.5s rss=4652MB hwm=4652MB
RSS_SAMPLE t=867.8s rss=4652MB hwm=4652MB
RSS_SAMPLE t=868.0s rss=4652MB hwm=4652MB
RSS_SAMPLE t=868.3s rss=4652MB hwm=4652MB
RSS_SAMPLE t=868.5s rss=4652MB hwm=4652MB
RSS_SAMPLE t=868.8s rss=4652MB hwm=4652MB
RSS_SAMPLE t=869.0s rss=4652MB hwm=4652MB
RSS_SAMPLE t=869.3s rss=4652MB hwm=4652MB
RSS_SAMPLE t=869.5s rss=4652MB hwm=4652MB
RSS_SAMPLE t=869.8s rss=4652MB hwm=4652MB
RSS_SAMPLE t=870.0s rss=4652MB hwm=4652MB
RSS_SAMPLE t=870.3s rss=4652MB hwm=4652MB
RSS_SAMPLE t=870.5s rss=4652MB hwm=4652MB
RSS_SAMPLE t=870.8s rss=4652MB hwm=4652MB
RSS_SAMPLE t=871.0s rss=4652MB hwm=4652MB
RSS_SAMPLE t=871.3s rss=4652MB hwm=4652MB
RSS_SAMPLE t=871.5s rss=4652MB hwm=4652MB
RSS_SAMPLE t=871.8s rss=4652MB hwm=4652MB
RSS_SAMPLE t=872.0s rss=4653MB hwm=4653MB
MEM_POOL: workspaces=32 dense_usage_mb=1251 n_pipes=2562403
    post_solve_diag[outer=10]: solves=105117 cap_armed=105117 (100.0%) settle_avg=6056 above_sink_avg=141 (2.3%) settle_max=69353
    settle_hist[outer=10]: <100: 28922nets/0.1%work  <1k: 20931nets/1.3%work  <5k: 24779nets/10.3%work  <20k: 19608nets/32.7%work  <60k: 10592nets/52.8%work  >=60k: 285nets/2.9%work
    fanout_hist[outer=10]: fan1: 43710nets/13.5%work  fan2-4: 48279nets/50.2%work  fan5-16: 12974nets/35.4%work  fan17-64: 154nets/0.9%work  fan65-256: 0nets/0.0%work  fan>256: 0nets/0.0%work
    rss_probe[outer=10]: pre_post_solve=4621MB post_post_solve=4653MB after_apply=4653MB
    E_decomp: base=4305054.1 eff=205628293168749.5 cong=205628288863695.4 cong_share=100.0% sat_pipes=71875 max_util=1868.26  R_buckets: 1-2x=105488 2-10x=1825393 10-100x=593998 >=100x=37524
    E_potential: beckmann=160949337838005.3 history_total=0.0
    SpanCache: epoch=11 entries=2220 lookups=2562403 hits=2560183 misses=2220 hit_rate=99.9%
  DCD  10: nets=105117 line=12839984 energy=2843795029.406 dE=-4734907797.040 friction=10073124.4 bins=2.0x(194) excess=63.8 moved=68032 disp=4.939 solves=105117 skip=105117 pops=636628745 theta=1.210 refresh=74748ms dcd=7284ms total=84746ms
    cache_stats: entries=59657427 capacity=115922368 est_mb=1000 rss_mb=4653
RSS_SAMPLE t=872.3s rss=4653MB hwm=4653MB
RSS_SAMPLE t=872.5s rss=4653MB hwm=4653MB
RSS_SAMPLE t=872.8s rss=4653MB hwm=4653MB
RSS_SAMPLE t=873.0s rss=4653MB hwm=4653MB
RSS_SAMPLE t=873.3s rss=4653MB hwm=4653MB
RSS_SAMPLE t=873.5s rss=4653MB hwm=4653MB
RSS_SAMPLE t=873.8s rss=4653MB hwm=4653MB
RSS_SAMPLE t=874.0s rss=4653MB hwm=4653MB
RSS_SAMPLE t=874.3s rss=4653MB hwm=4653MB
RSS_SAMPLE t=874.5s rss=4653MB hwm=4653MB
RSS_SAMPLE t=874.8s rss=4653MB hwm=4653MB
    SwitchMatrix: type_usage_pairs=736 lookups=1748 hits=1012 dijkstra_calls=736 avg_us=11.7 total_ms=8.6
PHASE_MARK outer=11 enter=pre_solve rss=4653MB
    rss_probe[outer=11]: pre_refresh_rss=4653MB post_pre_solve_rss=4653MB cache_entries=59657427 cache_cap=115922368 cache_est_mb=1000
    pre_solve_diag[outer=11]: solves=0 fallback=0 (0.0%) cap_armed=0 (0.0%) settle_avg=0 settle_max=0 init_count=245
    Overflow: over=70502 (2.8% of used) avg_excess=7.20 max_excess=2681.30 (nc=2705.30 cap=24 span=1)  excess_buckets: <=1=6683 1-5=39458 5-20=19793 >20=4568  by_cap: cap1=1243 cap2=66682 cap3-5=0 cap>5=2577  by_span: s1=493 s2-3=1768 s4-6=1573 s7-12=65647 s>12=1021  le1_cross: cap1=472 cap2-5=6033 cap>5=178
    Congestion: pipes=2562403 used=2562403 congested(>50%)=83367 saturated(>90%)=71875 max_util=1868.26 avg_util=0.1474
PHASE_MARK outer=11 enter=dcd_sweep rss=4653MB
RSS_SAMPLE t=875.0s rss=4653MB hwm=4653MB
RSS_SAMPLE t=875.3s rss=4653MB hwm=4653MB
RSS_SAMPLE t=875.5s rss=4653MB hwm=4653MB
RSS_SAMPLE t=875.8s rss=4653MB hwm=4653MB
RSS_SAMPLE t=876.0s rss=4653MB hwm=4653MB
RSS_SAMPLE t=876.3s rss=4653MB hwm=4653MB
RSS_SAMPLE t=876.5s rss=4653MB hwm=4653MB
RSS_SAMPLE t=876.8s rss=4653MB hwm=4653MB
RSS_SAMPLE t=877.0s rss=4653MB hwm=4653MB
RSS_SAMPLE t=877.3s rss=4653MB hwm=4653MB
RSS_SAMPLE t=877.5s rss=4653MB hwm=4653MB
RSS_SAMPLE t=877.8s rss=4653MB hwm=4653MB
RSS_SAMPLE t=878.0s rss=4653MB hwm=4653MB
RSS_SAMPLE t=878.3s rss=4653MB hwm=4653MB
RSS_SAMPLE t=878.5s rss=4653MB hwm=4653MB
RSS_SAMPLE t=878.8s rss=4653MB hwm=4653MB
RSS_SAMPLE t=879.0s rss=4653MB hwm=4653MB
RSS_SAMPLE t=879.3s rss=4653MB hwm=4653MB
RSS_SAMPLE t=879.5s rss=4653MB hwm=4653MB
RSS_SAMPLE t=879.8s rss=4653MB hwm=4653MB
RSS_SAMPLE t=880.0s rss=4653MB hwm=4653MB
RSS_SAMPLE t=880.3s rss=4653MB hwm=4653MB
RSS_SAMPLE t=880.5s rss=4653MB hwm=4653MB
RSS_SAMPLE t=880.8s rss=4653MB hwm=4653MB
RSS_SAMPLE t=881.0s rss=4653MB hwm=4653MB
RSS_SAMPLE t=881.3s rss=4653MB hwm=4653MB
RSS_SAMPLE t=881.5s rss=4653MB hwm=4653MB
RSS_SAMPLE t=881.8s rss=4653MB hwm=4653MB
RSS_SAMPLE t=882.0s rss=4653MB hwm=4653MB
PHASE_MARK outer=11 leave=dcd_sweep rss=4653MB
PHASE_MARK outer=11 enter=post_refresh rss=4653MB
RSS_SAMPLE t=882.3s rss=4653MB hwm=4653MB
RSS_SAMPLE t=882.5s rss=4653MB hwm=4653MB
RSS_SAMPLE t=882.8s rss=4653MB hwm=4653MB
RSS_SAMPLE t=883.0s rss=4653MB hwm=4653MB
RSS_SAMPLE t=883.3s rss=4653MB hwm=4653MB
RSS_SAMPLE t=883.5s rss=4653MB hwm=4653MB
RSS_SAMPLE t=883.8s rss=4653MB hwm=4653MB
RSS_SAMPLE t=884.0s rss=4653MB hwm=4653MB
RSS_SAMPLE t=884.3s rss=4653MB hwm=4653MB
RSS_SAMPLE t=884.5s rss=4653MB hwm=4653MB
RSS_SAMPLE t=884.8s rss=4653MB hwm=4653MB
RSS_SAMPLE t=885.0s rss=4653MB hwm=4653MB
RSS_SAMPLE t=885.3s rss=4653MB hwm=4653MB
RSS_SAMPLE t=885.5s rss=4653MB hwm=4653MB
RSS_SAMPLE t=885.8s rss=4653MB hwm=4653MB
RSS_SAMPLE t=886.0s rss=4653MB hwm=4653MB
RSS_SAMPLE t=886.3s rss=4653MB hwm=4653MB
RSS_SAMPLE t=886.5s rss=4653MB hwm=4653MB
RSS_SAMPLE t=886.8s rss=4653MB hwm=4653MB
RSS_SAMPLE t=887.0s rss=4653MB hwm=4653MB
RSS_SAMPLE t=887.3s rss=4654MB hwm=4654MB
RSS_SAMPLE t=887.5s rss=4654MB hwm=4654MB
RSS_SAMPLE t=887.8s rss=4654MB hwm=4654MB
RSS_SAMPLE t=888.0s rss=4654MB hwm=4654MB
RSS_SAMPLE t=888.3s rss=4654MB hwm=4654MB
RSS_SAMPLE t=888.5s rss=4654MB hwm=4654MB
RSS_SAMPLE t=888.8s rss=4654MB hwm=4654MB
RSS_SAMPLE t=889.0s rss=4654MB hwm=4654MB
RSS_SAMPLE t=889.3s rss=4654MB hwm=4654MB
RSS_SAMPLE t=889.5s rss=4655MB hwm=4655MB
RSS_SAMPLE t=889.8s rss=4655MB hwm=4655MB
RSS_SAMPLE t=890.0s rss=4655MB hwm=4655MB
RSS_SAMPLE t=890.3s rss=4655MB hwm=4655MB
RSS_SAMPLE t=890.5s rss=4656MB hwm=4656MB
RSS_SAMPLE t=890.8s rss=4656MB hwm=4656MB
RSS_SAMPLE t=891.0s rss=4656MB hwm=4656MB
RSS_SAMPLE t=891.3s rss=4657MB hwm=4657MB
RSS_SAMPLE t=891.5s rss=4657MB hwm=4657MB
RSS_SAMPLE t=891.8s rss=4657MB hwm=4657MB
RSS_SAMPLE t=892.0s rss=4658MB hwm=4658MB
RSS_SAMPLE t=892.3s rss=4658MB hwm=4658MB
RSS_SAMPLE t=892.5s rss=4658MB hwm=4658MB
RSS_SAMPLE t=892.8s rss=4658MB hwm=4658MB
RSS_SAMPLE t=893.0s rss=4658MB hwm=4658MB
RSS_SAMPLE t=893.3s rss=4658MB hwm=4658MB
RSS_SAMPLE t=893.5s rss=4659MB hwm=4659MB
RSS_SAMPLE t=893.8s rss=4659MB hwm=4659MB
RSS_SAMPLE t=894.0s rss=4659MB hwm=4659MB
RSS_SAMPLE t=894.3s rss=4660MB hwm=4660MB
RSS_SAMPLE t=894.5s rss=4660MB hwm=4660MB
RSS_SAMPLE t=894.8s rss=4660MB hwm=4660MB
RSS_SAMPLE t=895.0s rss=4660MB hwm=4660MB
RSS_SAMPLE t=895.3s rss=4660MB hwm=4660MB
RSS_SAMPLE t=895.5s rss=4661MB hwm=4661MB
RSS_SAMPLE t=895.8s rss=4661MB hwm=4661MB
RSS_SAMPLE t=896.0s rss=4662MB hwm=4662MB
RSS_SAMPLE t=896.3s rss=4662MB hwm=4662MB
RSS_SAMPLE t=896.5s rss=4662MB hwm=4662MB
RSS_SAMPLE t=896.8s rss=4663MB hwm=4663MB
RSS_SAMPLE t=897.0s rss=4663MB hwm=4663MB
RSS_SAMPLE t=897.3s rss=4664MB hwm=4664MB
RSS_SAMPLE t=897.5s rss=4664MB hwm=4664MB
RSS_SAMPLE t=897.8s rss=4664MB hwm=4664MB
RSS_SAMPLE t=898.0s rss=4664MB hwm=4664MB
RSS_SAMPLE t=898.3s rss=4664MB hwm=4664MB
RSS_SAMPLE t=898.5s rss=4665MB hwm=4665MB
RSS_SAMPLE t=898.8s rss=4665MB hwm=4665MB
RSS_SAMPLE t=899.0s rss=4665MB hwm=4665MB
RSS_SAMPLE t=899.3s rss=4665MB hwm=4665MB
RSS_SAMPLE t=899.5s rss=4665MB hwm=4665MB
RSS_SAMPLE t=899.8s rss=4666MB hwm=4666MB
RSS_SAMPLE t=900.0s rss=4666MB hwm=4666MB
RSS_SAMPLE t=900.3s rss=4666MB hwm=4666MB
RSS_SAMPLE t=900.5s rss=4667MB hwm=4667MB
RSS_SAMPLE t=900.8s rss=4667MB hwm=4667MB
RSS_SAMPLE t=901.0s rss=4667MB hwm=4667MB
RSS_SAMPLE t=901.3s rss=4667MB hwm=4667MB
RSS_SAMPLE t=901.5s rss=4668MB hwm=4668MB
RSS_SAMPLE t=901.8s rss=4668MB hwm=4668MB
RSS_SAMPLE t=902.0s rss=4668MB hwm=4668MB
RSS_SAMPLE t=902.3s rss=4669MB hwm=4669MB
RSS_SAMPLE t=902.5s rss=4669MB hwm=4669MB
RSS_SAMPLE t=902.8s rss=4669MB hwm=4669MB
RSS_SAMPLE t=903.0s rss=4669MB hwm=4669MB
RSS_SAMPLE t=903.3s rss=4670MB hwm=4670MB
RSS_SAMPLE t=903.5s rss=4670MB hwm=4670MB
RSS_SAMPLE t=903.8s rss=4670MB hwm=4670MB
RSS_SAMPLE t=904.0s rss=4670MB hwm=4670MB
RSS_SAMPLE t=904.3s rss=4671MB hwm=4671MB
RSS_SAMPLE t=904.5s rss=4671MB hwm=4671MB
RSS_SAMPLE t=904.8s rss=4671MB hwm=4671MB
RSS_SAMPLE t=905.0s rss=4672MB hwm=4672MB
RSS_SAMPLE t=905.3s rss=4672MB hwm=4672MB
RSS_SAMPLE t=905.5s rss=4672MB hwm=4672MB
RSS_SAMPLE t=905.8s rss=4672MB hwm=4672MB
RSS_SAMPLE t=906.0s rss=4672MB hwm=4672MB
RSS_SAMPLE t=906.3s rss=4673MB hwm=4673MB
RSS_SAMPLE t=906.5s rss=4673MB hwm=4673MB
RSS_SAMPLE t=906.8s rss=4673MB hwm=4673MB
RSS_SAMPLE t=907.0s rss=4674MB hwm=4674MB
RSS_SAMPLE t=907.3s rss=4674MB hwm=4674MB
RSS_SAMPLE t=907.5s rss=4674MB hwm=4674MB
RSS_SAMPLE t=907.8s rss=4674MB hwm=4674MB
RSS_SAMPLE t=908.0s rss=4675MB hwm=4675MB
RSS_SAMPLE t=908.3s rss=4675MB hwm=4675MB
RSS_SAMPLE t=908.5s rss=4675MB hwm=4675MB
RSS_SAMPLE t=908.8s rss=4675MB hwm=4675MB
RSS_SAMPLE t=909.0s rss=4675MB hwm=4675MB
RSS_SAMPLE t=909.3s rss=4675MB hwm=4675MB
RSS_SAMPLE t=909.5s rss=4675MB hwm=4675MB
RSS_SAMPLE t=909.8s rss=4676MB hwm=4676MB
RSS_SAMPLE t=910.0s rss=4676MB hwm=4676MB
RSS_SAMPLE t=910.3s rss=4676MB hwm=4676MB
RSS_SAMPLE t=910.5s rss=4676MB hwm=4676MB
RSS_SAMPLE t=910.8s rss=4676MB hwm=4676MB
RSS_SAMPLE t=911.0s rss=4677MB hwm=4677MB
RSS_SAMPLE t=911.3s rss=4677MB hwm=4677MB
RSS_SAMPLE t=911.5s rss=4677MB hwm=4677MB
RSS_SAMPLE t=911.8s rss=4677MB hwm=4677MB
RSS_SAMPLE t=912.0s rss=4677MB hwm=4677MB
RSS_SAMPLE t=912.3s rss=4678MB hwm=4678MB
RSS_SAMPLE t=912.5s rss=4678MB hwm=4678MB
RSS_SAMPLE t=912.8s rss=4678MB hwm=4678MB
RSS_SAMPLE t=913.0s rss=4678MB hwm=4678MB
RSS_SAMPLE t=913.3s rss=4678MB hwm=4678MB
RSS_SAMPLE t=913.5s rss=4678MB hwm=4678MB
RSS_SAMPLE t=913.8s rss=4678MB hwm=4678MB
RSS_SAMPLE t=914.0s rss=4679MB hwm=4679MB
RSS_SAMPLE t=914.3s rss=4679MB hwm=4679MB
RSS_SAMPLE t=914.5s rss=4679MB hwm=4679MB
RSS_SAMPLE t=914.8s rss=4679MB hwm=4679MB
RSS_SAMPLE t=915.1s rss=4679MB hwm=4679MB
RSS_SAMPLE t=915.3s rss=4679MB hwm=4679MB
RSS_SAMPLE t=915.6s rss=4679MB hwm=4679MB
RSS_SAMPLE t=915.8s rss=4680MB hwm=4680MB
RSS_SAMPLE t=916.1s rss=4680MB hwm=4680MB
RSS_SAMPLE t=916.3s rss=4680MB hwm=4680MB
RSS_SAMPLE t=916.6s rss=4680MB hwm=4680MB
RSS_SAMPLE t=916.8s rss=4680MB hwm=4680MB
RSS_SAMPLE t=917.1s rss=4680MB hwm=4680MB
RSS_SAMPLE t=917.3s rss=4680MB hwm=4680MB
RSS_SAMPLE t=917.6s rss=4680MB hwm=4680MB
RSS_SAMPLE t=917.8s rss=4681MB hwm=4681MB
RSS_SAMPLE t=918.1s rss=4681MB hwm=4681MB
RSS_SAMPLE t=918.3s rss=4681MB hwm=4681MB
RSS_SAMPLE t=918.6s rss=4681MB hwm=4681MB
RSS_SAMPLE t=918.8s rss=4681MB hwm=4681MB
RSS_SAMPLE t=919.1s rss=4681MB hwm=4681MB
RSS_SAMPLE t=919.3s rss=4681MB hwm=4681MB
RSS_SAMPLE t=919.6s rss=4681MB hwm=4681MB
RSS_SAMPLE t=919.8s rss=4681MB hwm=4681MB
RSS_SAMPLE t=920.1s rss=4681MB hwm=4681MB
RSS_SAMPLE t=920.3s rss=4682MB hwm=4682MB
RSS_SAMPLE t=920.6s rss=4682MB hwm=4682MB
RSS_SAMPLE t=920.8s rss=4682MB hwm=4682MB
RSS_SAMPLE t=921.1s rss=4682MB hwm=4682MB
RSS_SAMPLE t=921.3s rss=4682MB hwm=4682MB
RSS_SAMPLE t=921.6s rss=4682MB hwm=4682MB
RSS_SAMPLE t=921.8s rss=4683MB hwm=4683MB
RSS_SAMPLE t=922.1s rss=4683MB hwm=4683MB
RSS_SAMPLE t=922.3s rss=4683MB hwm=4683MB
RSS_SAMPLE t=922.6s rss=4683MB hwm=4683MB
RSS_SAMPLE t=922.8s rss=4683MB hwm=4683MB
RSS_SAMPLE t=923.1s rss=4683MB hwm=4683MB
RSS_SAMPLE t=923.3s rss=4684MB hwm=4684MB
RSS_SAMPLE t=923.6s rss=4684MB hwm=4684MB
RSS_SAMPLE t=923.8s rss=4684MB hwm=4684MB
RSS_SAMPLE t=924.1s rss=4684MB hwm=4684MB
RSS_SAMPLE t=924.3s rss=4684MB hwm=4684MB
RSS_SAMPLE t=924.6s rss=4684MB hwm=4684MB
RSS_SAMPLE t=924.8s rss=4684MB hwm=4684MB
RSS_SAMPLE t=925.1s rss=4685MB hwm=4685MB
RSS_SAMPLE t=925.3s rss=4685MB hwm=4685MB
RSS_SAMPLE t=925.6s rss=4685MB hwm=4685MB
RSS_SAMPLE t=925.8s rss=4685MB hwm=4685MB
RSS_SAMPLE t=926.1s rss=4685MB hwm=4685MB
RSS_SAMPLE t=926.3s rss=4685MB hwm=4685MB
RSS_SAMPLE t=926.6s rss=4685MB hwm=4685MB
RSS_SAMPLE t=926.8s rss=4685MB hwm=4685MB
RSS_SAMPLE t=927.1s rss=4685MB hwm=4685MB
RSS_SAMPLE t=927.3s rss=4685MB hwm=4685MB
RSS_SAMPLE t=927.6s rss=4685MB hwm=4685MB
RSS_SAMPLE t=927.8s rss=4685MB hwm=4685MB
RSS_SAMPLE t=928.1s rss=4685MB hwm=4685MB
RSS_SAMPLE t=928.3s rss=4686MB hwm=4686MB
RSS_SAMPLE t=928.6s rss=4686MB hwm=4686MB
RSS_SAMPLE t=928.8s rss=4686MB hwm=4686MB
RSS_SAMPLE t=929.1s rss=4686MB hwm=4686MB
RSS_SAMPLE t=929.3s rss=4686MB hwm=4686MB
RSS_SAMPLE t=929.6s rss=4686MB hwm=4686MB
RSS_SAMPLE t=929.8s rss=4686MB hwm=4686MB
RSS_SAMPLE t=930.1s rss=4686MB hwm=4686MB
RSS_SAMPLE t=930.3s rss=4686MB hwm=4686MB
RSS_SAMPLE t=930.6s rss=4686MB hwm=4686MB
RSS_SAMPLE t=930.8s rss=4686MB hwm=4686MB
RSS_SAMPLE t=931.1s rss=4686MB hwm=4686MB
RSS_SAMPLE t=931.3s rss=4686MB hwm=4686MB
RSS_SAMPLE t=931.6s rss=4686MB hwm=4686MB
RSS_SAMPLE t=931.8s rss=4686MB hwm=4686MB
RSS_SAMPLE t=932.1s rss=4686MB hwm=4686MB
RSS_SAMPLE t=932.3s rss=4686MB hwm=4686MB
RSS_SAMPLE t=932.6s rss=4686MB hwm=4686MB
RSS_SAMPLE t=932.8s rss=4686MB hwm=4686MB
RSS_SAMPLE t=933.1s rss=4686MB hwm=4686MB
RSS_SAMPLE t=933.3s rss=4686MB hwm=4686MB
RSS_SAMPLE t=933.6s rss=4686MB hwm=4686MB
RSS_SAMPLE t=933.8s rss=4686MB hwm=4686MB
RSS_SAMPLE t=934.1s rss=4686MB hwm=4686MB
RSS_SAMPLE t=934.3s rss=4686MB hwm=4686MB
RSS_SAMPLE t=934.6s rss=4686MB hwm=4686MB
RSS_SAMPLE t=934.8s rss=4686MB hwm=4686MB
RSS_SAMPLE t=935.1s rss=4686MB hwm=4686MB
RSS_SAMPLE t=935.3s rss=4686MB hwm=4686MB
RSS_SAMPLE t=935.6s rss=4686MB hwm=4686MB
RSS_SAMPLE t=935.8s rss=4686MB hwm=4686MB
RSS_SAMPLE t=936.1s rss=4686MB hwm=4686MB
RSS_SAMPLE t=936.3s rss=4686MB hwm=4686MB
RSS_SAMPLE t=936.6s rss=4686MB hwm=4686MB
RSS_SAMPLE t=936.8s rss=4686MB hwm=4686MB
RSS_SAMPLE t=937.1s rss=4686MB hwm=4686MB
RSS_SAMPLE t=937.3s rss=4686MB hwm=4686MB
RSS_SAMPLE t=937.6s rss=4686MB hwm=4686MB
RSS_SAMPLE t=937.8s rss=4686MB hwm=4686MB
RSS_SAMPLE t=938.1s rss=4686MB hwm=4686MB
RSS_SAMPLE t=938.3s rss=4686MB hwm=4686MB
RSS_SAMPLE t=938.6s rss=4686MB hwm=4686MB
RSS_SAMPLE t=938.8s rss=4686MB hwm=4686MB
RSS_SAMPLE t=939.1s rss=4686MB hwm=4686MB
RSS_SAMPLE t=939.3s rss=4686MB hwm=4686MB
RSS_SAMPLE t=939.6s rss=4686MB hwm=4686MB
RSS_SAMPLE t=939.8s rss=4686MB hwm=4686MB
RSS_SAMPLE t=940.1s rss=4686MB hwm=4686MB
RSS_SAMPLE t=940.3s rss=4686MB hwm=4686MB
RSS_SAMPLE t=940.6s rss=4686MB hwm=4686MB
RSS_SAMPLE t=940.8s rss=4686MB hwm=4686MB
RSS_SAMPLE t=941.1s rss=4686MB hwm=4686MB
RSS_SAMPLE t=941.3s rss=4686MB hwm=4686MB
RSS_SAMPLE t=941.6s rss=4686MB hwm=4686MB
RSS_SAMPLE t=941.8s rss=4686MB hwm=4686MB
RSS_SAMPLE t=942.1s rss=4686MB hwm=4686MB
RSS_SAMPLE t=942.3s rss=4686MB hwm=4686MB
RSS_SAMPLE t=942.6s rss=4686MB hwm=4686MB
RSS_SAMPLE t=942.8s rss=4686MB hwm=4686MB
RSS_SAMPLE t=943.1s rss=4686MB hwm=4686MB
RSS_SAMPLE t=943.3s rss=4686MB hwm=4686MB
RSS_SAMPLE t=943.6s rss=4686MB hwm=4686MB
RSS_SAMPLE t=943.8s rss=4686MB hwm=4686MB
RSS_SAMPLE t=944.1s rss=4686MB hwm=4686MB
RSS_SAMPLE t=944.3s rss=4686MB hwm=4686MB
RSS_SAMPLE t=944.6s rss=4686MB hwm=4686MB
RSS_SAMPLE t=944.8s rss=4686MB hwm=4686MB
RSS_SAMPLE t=945.1s rss=4686MB hwm=4686MB
RSS_SAMPLE t=945.3s rss=4686MB hwm=4686MB
RSS_SAMPLE t=945.6s rss=4686MB hwm=4686MB
RSS_SAMPLE t=945.8s rss=4686MB hwm=4686MB
RSS_SAMPLE t=946.1s rss=4686MB hwm=4686MB
RSS_SAMPLE t=946.3s rss=4686MB hwm=4686MB
RSS_SAMPLE t=946.6s rss=4686MB hwm=4686MB
RSS_SAMPLE t=946.8s rss=4686MB hwm=4686MB
RSS_SAMPLE t=947.1s rss=4686MB hwm=4686MB
RSS_SAMPLE t=947.3s rss=4686MB hwm=4686MB
RSS_SAMPLE t=947.6s rss=4686MB hwm=4686MB
RSS_SAMPLE t=947.8s rss=4686MB hwm=4686MB
RSS_SAMPLE t=948.1s rss=4686MB hwm=4686MB
RSS_SAMPLE t=948.3s rss=4686MB hwm=4686MB
RSS_SAMPLE t=948.6s rss=4686MB hwm=4686MB
RSS_SAMPLE t=948.8s rss=4686MB hwm=4686MB
RSS_SAMPLE t=949.1s rss=4686MB hwm=4686MB
RSS_SAMPLE t=949.3s rss=4686MB hwm=4686MB
RSS_SAMPLE t=949.6s rss=4686MB hwm=4686MB
RSS_SAMPLE t=949.8s rss=4686MB hwm=4686MB
RSS_SAMPLE t=950.1s rss=4686MB hwm=4686MB
RSS_SAMPLE t=950.3s rss=4686MB hwm=4686MB
RSS_SAMPLE t=950.6s rss=4686MB hwm=4686MB
RSS_SAMPLE t=950.8s rss=4686MB hwm=4686MB
RSS_SAMPLE t=951.1s rss=4686MB hwm=4686MB
RSS_SAMPLE t=951.3s rss=4686MB hwm=4686MB
RSS_SAMPLE t=951.6s rss=4686MB hwm=4686MB
RSS_SAMPLE t=951.8s rss=4686MB hwm=4686MB
RSS_SAMPLE t=952.1s rss=4686MB hwm=4686MB
RSS_SAMPLE t=952.3s rss=4686MB hwm=4686MB
RSS_SAMPLE t=952.6s rss=4686MB hwm=4686MB
RSS_SAMPLE t=952.8s rss=4686MB hwm=4686MB
RSS_SAMPLE t=953.1s rss=4686MB hwm=4686MB
RSS_SAMPLE t=953.3s rss=4686MB hwm=4686MB
RSS_SAMPLE t=953.6s rss=4686MB hwm=4686MB
RSS_SAMPLE t=953.8s rss=4686MB hwm=4686MB
RSS_SAMPLE t=954.1s rss=4686MB hwm=4686MB
RSS_SAMPLE t=954.3s rss=4686MB hwm=4686MB
RSS_SAMPLE t=954.6s rss=4686MB hwm=4686MB
RSS_SAMPLE t=954.8s rss=4686MB hwm=4686MB
RSS_SAMPLE t=955.1s rss=4686MB hwm=4686MB
RSS_SAMPLE t=955.3s rss=4686MB hwm=4686MB
RSS_SAMPLE t=955.6s rss=4686MB hwm=4686MB
RSS_SAMPLE t=955.8s rss=4686MB hwm=4686MB
RSS_SAMPLE t=956.1s rss=4686MB hwm=4686MB
RSS_SAMPLE t=956.3s rss=4686MB hwm=4686MB
RSS_SAMPLE t=956.6s rss=4686MB hwm=4686MB
RSS_SAMPLE t=956.8s rss=4686MB hwm=4686MB
RSS_SAMPLE t=957.1s rss=4686MB hwm=4686MB
RSS_SAMPLE t=957.3s rss=4686MB hwm=4686MB
RSS_SAMPLE t=957.6s rss=4686MB hwm=4686MB
MEM_POOL: workspaces=32 dense_usage_mb=1251 n_pipes=2562403
    post_solve_diag[outer=11]: solves=105117 cap_armed=105117 (100.0%) settle_avg=5789 above_sink_avg=164 (2.8%) settle_max=69353
    settle_hist[outer=11]: <100: 29888nets/0.1%work  <1k: 20926nets/1.3%work  <5k: 24469nets/10.7%work  <20k: 19745nets/34.4%work  <60k: 9844nets/50.9%work  >=60k: 245nets/2.6%work
    fanout_hist[outer=11]: fan1: 43710nets/13.3%work  fan2-4: 48279nets/50.1%work  fan5-16: 12974nets/35.6%work  fan17-64: 154nets/0.9%work  fan65-256: 0nets/0.0%work  fan>256: 0nets/0.0%work
RSS_SAMPLE t=957.8s rss=4686MB hwm=4686MB
    rss_probe[outer=11]: pre_post_solve=4653MB post_post_solve=4686MB after_apply=4686MB
    E_decomp: base=4515975.9 eff=403425540094448.9 cong=403425535578473.0 cong_share=100.0% sat_pipes=84944 max_util=1891.06  R_buckets: 1-2x=109510 2-10x=717795 10-100x=1690220 >=100x=44878
    E_potential: beckmann=118857594759323.5 history_total=0.0
    SpanCache: epoch=12 entries=1748 lookups=2562403 hits=2560655 misses=1748 hit_rate=99.9%
  DCD  11: nets=105117 line=12436571 energy=1324272085.878 dE=-1519522943.528 friction=13656378.0 bins=2.0x(183) excess=62.5 moved=68043 disp=4.871 solves=105117 skip=105117 pops=608483973 theta=1.416 refresh=75863ms dcd=7108ms total=85679ms
    cache_stats: entries=59020053 capacity=118199939 est_mb=1019 rss_mb=4686
RSS_SAMPLE t=958.1s rss=4686MB hwm=4686MB
RSS_SAMPLE t=958.3s rss=4686MB hwm=4686MB
RSS_SAMPLE t=958.6s rss=4686MB hwm=4686MB
RSS_SAMPLE t=958.8s rss=4686MB hwm=4686MB
RSS_SAMPLE t=959.1s rss=4686MB hwm=4686MB
RSS_SAMPLE t=959.3s rss=4686MB hwm=4686MB
RSS_SAMPLE t=959.6s rss=4686MB hwm=4686MB
RSS_SAMPLE t=959.8s rss=4686MB hwm=4686MB
RSS_SAMPLE t=960.1s rss=4686MB hwm=4686MB
RSS_SAMPLE t=960.3s rss=4686MB hwm=4686MB
RSS_SAMPLE t=960.6s rss=4686MB hwm=4686MB
    SwitchMatrix: type_usage_pairs=1129 lookups=3205 hits=2076 dijkstra_calls=1129 avg_us=10.3 total_ms=11.6
PHASE_MARK outer=12 enter=pre_solve rss=4686MB
    rss_probe[outer=12]: pre_refresh_rss=4686MB post_pre_solve_rss=4686MB cache_entries=59020053 cache_cap=118199939 cache_est_mb=1019
    pre_solve_diag[outer=12]: solves=0 fallback=0 (0.0%) cap_armed=0 (0.0%) settle_avg=0 settle_max=0 init_count=245
    Overflow: over=82312 (3.2% of used) avg_excess=8.33 max_excess=2371.02 (nc=2395.02 cap=24 span=1)  excess_buckets: <=1=14808 1-5=40907 5-20=20491 >20=6106  by_cap: cap1=1214 cap2=68836 cap3-5=4396 cap>5=7866  by_span: s1=1377 s2-3=1722 s4-6=4690 s7-12=69732 s>12=4791  le1_cross: cap1=580 cap2-5=13766 cap>5=462
    Congestion: pipes=2562403 used=2562403 congested(>50%)=98510 saturated(>90%)=84944 max_util=1891.06 avg_util=0.1504
PHASE_MARK outer=12 enter=dcd_sweep rss=4686MB
RSS_SAMPLE t=960.8s rss=4686MB hwm=4686MB
RSS_SAMPLE t=961.1s rss=4686MB hwm=4686MB
RSS_SAMPLE t=961.3s rss=4686MB hwm=4686MB
RSS_SAMPLE t=961.6s rss=4686MB hwm=4686MB
RSS_SAMPLE t=961.8s rss=4686MB hwm=4686MB
RSS_SAMPLE t=962.1s rss=4686MB hwm=4686MB
RSS_SAMPLE t=962.3s rss=4686MB hwm=4686MB
RSS_SAMPLE t=962.6s rss=4686MB hwm=4686MB
RSS_SAMPLE t=962.8s rss=4686MB hwm=4686MB
RSS_SAMPLE t=963.1s rss=4686MB hwm=4686MB
RSS_SAMPLE t=963.3s rss=4686MB hwm=4686MB
RSS_SAMPLE t=963.6s rss=4686MB hwm=4686MB
RSS_SAMPLE t=963.8s rss=4686MB hwm=4686MB
RSS_SAMPLE t=964.1s rss=4686MB hwm=4686MB
RSS_SAMPLE t=964.3s rss=4686MB hwm=4686MB
RSS_SAMPLE t=964.6s rss=4686MB hwm=4686MB
RSS_SAMPLE t=964.8s rss=4686MB hwm=4686MB
RSS_SAMPLE t=965.1s rss=4686MB hwm=4686MB
RSS_SAMPLE t=965.3s rss=4686MB hwm=4686MB
RSS_SAMPLE t=965.6s rss=4686MB hwm=4686MB
RSS_SAMPLE t=965.8s rss=4686MB hwm=4686MB
RSS_SAMPLE t=966.1s rss=4686MB hwm=4686MB
RSS_SAMPLE t=966.3s rss=4686MB hwm=4686MB
RSS_SAMPLE t=966.6s rss=4686MB hwm=4686MB
RSS_SAMPLE t=966.8s rss=4686MB hwm=4686MB
RSS_SAMPLE t=967.1s rss=4686MB hwm=4686MB
RSS_SAMPLE t=967.3s rss=4686MB hwm=4686MB
RSS_SAMPLE t=967.6s rss=4686MB hwm=4686MB
PHASE_MARK outer=12 leave=dcd_sweep rss=4686MB
PHASE_MARK outer=12 enter=post_refresh rss=4686MB
RSS_SAMPLE t=967.8s rss=4686MB hwm=4686MB
RSS_SAMPLE t=968.1s rss=4687MB hwm=4687MB
RSS_SAMPLE t=968.3s rss=4687MB hwm=4687MB
RSS_SAMPLE t=968.6s rss=4687MB hwm=4687MB
RSS_SAMPLE t=968.8s rss=4687MB hwm=4687MB
RSS_SAMPLE t=969.1s rss=4687MB hwm=4687MB
RSS_SAMPLE t=969.3s rss=4687MB hwm=4687MB
RSS_SAMPLE t=969.6s rss=4687MB hwm=4687MB
RSS_SAMPLE t=969.8s rss=4687MB hwm=4687MB
RSS_SAMPLE t=970.1s rss=4687MB hwm=4687MB
RSS_SAMPLE t=970.3s rss=4687MB hwm=4687MB
RSS_SAMPLE t=970.6s rss=4687MB hwm=4687MB
RSS_SAMPLE t=970.8s rss=4687MB hwm=4687MB
RSS_SAMPLE t=971.1s rss=4687MB hwm=4687MB
RSS_SAMPLE t=971.3s rss=4687MB hwm=4687MB
RSS_SAMPLE t=971.6s rss=4687MB hwm=4687MB
RSS_SAMPLE t=971.8s rss=4687MB hwm=4687MB
RSS_SAMPLE t=972.1s rss=4688MB hwm=4688MB
RSS_SAMPLE t=972.3s rss=4688MB hwm=4688MB
RSS_SAMPLE t=972.6s rss=4688MB hwm=4688MB
RSS_SAMPLE t=972.8s rss=4688MB hwm=4688MB
RSS_SAMPLE t=973.1s rss=4688MB hwm=4688MB
RSS_SAMPLE t=973.3s rss=4688MB hwm=4688MB
RSS_SAMPLE t=973.6s rss=4688MB hwm=4688MB
RSS_SAMPLE t=973.8s rss=4689MB hwm=4689MB
RSS_SAMPLE t=974.1s rss=4689MB hwm=4689MB
RSS_SAMPLE t=974.3s rss=4689MB hwm=4689MB
RSS_SAMPLE t=974.6s rss=4689MB hwm=4689MB
RSS_SAMPLE t=974.8s rss=4689MB hwm=4689MB
RSS_SAMPLE t=975.1s rss=4689MB hwm=4689MB
RSS_SAMPLE t=975.3s rss=4689MB hwm=4689MB
RSS_SAMPLE t=975.6s rss=4689MB hwm=4689MB
RSS_SAMPLE t=975.8s rss=4689MB hwm=4689MB
RSS_SAMPLE t=976.1s rss=4690MB hwm=4690MB
RSS_SAMPLE t=976.3s rss=4690MB hwm=4690MB
RSS_SAMPLE t=976.6s rss=4690MB hwm=4690MB
RSS_SAMPLE t=976.8s rss=4690MB hwm=4690MB
RSS_SAMPLE t=977.1s rss=4690MB hwm=4690MB
RSS_SAMPLE t=977.3s rss=4691MB hwm=4691MB
RSS_SAMPLE t=977.6s rss=4691MB hwm=4691MB
RSS_SAMPLE t=977.8s rss=4691MB hwm=4691MB
RSS_SAMPLE t=978.1s rss=4691MB hwm=4691MB
RSS_SAMPLE t=978.3s rss=4691MB hwm=4691MB
RSS_SAMPLE t=978.6s rss=4691MB hwm=4691MB
RSS_SAMPLE t=978.8s rss=4692MB hwm=4692MB
RSS_SAMPLE t=979.1s rss=4692MB hwm=4692MB
RSS_SAMPLE t=979.4s rss=4692MB hwm=4692MB
RSS_SAMPLE t=979.6s rss=4692MB hwm=4692MB
RSS_SAMPLE t=979.9s rss=4692MB hwm=4692MB
RSS_SAMPLE t=980.1s rss=4692MB hwm=4692MB
RSS_SAMPLE t=980.4s rss=4693MB hwm=4693MB
RSS_SAMPLE t=980.6s rss=4693MB hwm=4693MB
RSS_SAMPLE t=980.9s rss=4693MB hwm=4693MB
RSS_SAMPLE t=981.1s rss=4693MB hwm=4693MB
RSS_SAMPLE t=981.4s rss=4693MB hwm=4693MB
RSS_SAMPLE t=981.6s rss=4693MB hwm=4693MB
RSS_SAMPLE t=981.9s rss=4694MB hwm=4694MB
RSS_SAMPLE t=982.1s rss=4694MB hwm=4694MB
RSS_SAMPLE t=982.4s rss=4694MB hwm=4694MB
RSS_SAMPLE t=982.6s rss=4694MB hwm=4694MB
RSS_SAMPLE t=982.9s rss=4695MB hwm=4695MB
RSS_SAMPLE t=983.1s rss=4695MB hwm=4695MB
RSS_SAMPLE t=983.4s rss=4695MB hwm=4695MB
RSS_SAMPLE t=983.6s rss=4696MB hwm=4696MB
RSS_SAMPLE t=983.9s rss=4696MB hwm=4696MB
RSS_SAMPLE t=984.1s rss=4696MB hwm=4696MB
RSS_SAMPLE t=984.4s rss=4696MB hwm=4696MB
RSS_SAMPLE t=984.6s rss=4696MB hwm=4696MB
RSS_SAMPLE t=984.9s rss=4697MB hwm=4697MB
RSS_SAMPLE t=985.1s rss=4697MB hwm=4697MB
RSS_SAMPLE t=985.4s rss=4697MB hwm=4697MB
RSS_SAMPLE t=985.6s rss=4698MB hwm=4698MB
RSS_SAMPLE t=985.9s rss=4698MB hwm=4698MB
RSS_SAMPLE t=986.1s rss=4698MB hwm=4698MB
RSS_SAMPLE t=986.4s rss=4698MB hwm=4698MB
RSS_SAMPLE t=986.6s rss=4698MB hwm=4698MB
RSS_SAMPLE t=986.9s rss=4698MB hwm=4698MB
RSS_SAMPLE t=987.1s rss=4698MB hwm=4698MB
RSS_SAMPLE t=987.4s rss=4699MB hwm=4699MB
RSS_SAMPLE t=987.6s rss=4699MB hwm=4699MB
RSS_SAMPLE t=987.9s rss=4699MB hwm=4699MB
RSS_SAMPLE t=988.1s rss=4699MB hwm=4699MB
RSS_SAMPLE t=988.4s rss=4699MB hwm=4699MB
RSS_SAMPLE t=988.6s rss=4699MB hwm=4699MB
RSS_SAMPLE t=988.9s rss=4700MB hwm=4700MB
RSS_SAMPLE t=989.1s rss=4700MB hwm=4700MB
RSS_SAMPLE t=989.4s rss=4700MB hwm=4700MB
RSS_SAMPLE t=989.6s rss=4700MB hwm=4700MB
RSS_SAMPLE t=989.9s rss=4700MB hwm=4700MB
RSS_SAMPLE t=990.1s rss=4700MB hwm=4700MB
RSS_SAMPLE t=990.4s rss=4700MB hwm=4700MB
RSS_SAMPLE t=990.6s rss=4700MB hwm=4700MB
RSS_SAMPLE t=990.9s rss=4700MB hwm=4700MB
RSS_SAMPLE t=991.1s rss=4701MB hwm=4701MB
RSS_SAMPLE t=991.4s rss=4701MB hwm=4701MB
RSS_SAMPLE t=991.6s rss=4701MB hwm=4701MB
RSS_SAMPLE t=991.9s rss=4701MB hwm=4701MB
RSS_SAMPLE t=992.1s rss=4701MB hwm=4701MB
RSS_SAMPLE t=992.4s rss=4701MB hwm=4701MB
RSS_SAMPLE t=992.6s rss=4701MB hwm=4701MB
RSS_SAMPLE t=992.9s rss=4701MB hwm=4701MB
RSS_SAMPLE t=993.1s rss=4701MB hwm=4701MB
RSS_SAMPLE t=993.4s rss=4701MB hwm=4701MB
RSS_SAMPLE t=993.6s rss=4701MB hwm=4701MB
RSS_SAMPLE t=993.9s rss=4701MB hwm=4701MB
RSS_SAMPLE t=994.1s rss=4701MB hwm=4701MB
RSS_SAMPLE t=994.4s rss=4702MB hwm=4702MB
RSS_SAMPLE t=994.6s rss=4702MB hwm=4702MB
RSS_SAMPLE t=994.9s rss=4702MB hwm=4702MB
RSS_SAMPLE t=995.1s rss=4702MB hwm=4702MB
RSS_SAMPLE t=995.4s rss=4702MB hwm=4702MB
RSS_SAMPLE t=995.6s rss=4702MB hwm=4702MB
RSS_SAMPLE t=995.9s rss=4702MB hwm=4702MB
RSS_SAMPLE t=996.1s rss=4702MB hwm=4702MB
RSS_SAMPLE t=996.4s rss=4702MB hwm=4702MB
RSS_SAMPLE t=996.6s rss=4703MB hwm=4703MB
RSS_SAMPLE t=996.9s rss=4703MB hwm=4703MB
RSS_SAMPLE t=997.1s rss=4703MB hwm=4703MB
RSS_SAMPLE t=997.4s rss=4703MB hwm=4703MB
RSS_SAMPLE t=997.6s rss=4703MB hwm=4703MB
RSS_SAMPLE t=997.9s rss=4703MB hwm=4703MB
RSS_SAMPLE t=998.1s rss=4703MB hwm=4703MB
RSS_SAMPLE t=998.4s rss=4703MB hwm=4703MB
RSS_SAMPLE t=998.6s rss=4703MB hwm=4703MB
RSS_SAMPLE t=998.9s rss=4703MB hwm=4703MB
RSS_SAMPLE t=999.1s rss=4703MB hwm=4703MB
RSS_SAMPLE t=999.4s rss=4703MB hwm=4703MB
RSS_SAMPLE t=999.6s rss=4704MB hwm=4704MB
RSS_SAMPLE t=999.9s rss=4704MB hwm=4704MB
RSS_SAMPLE t=1000.1s rss=4704MB hwm=4704MB
RSS_SAMPLE t=1000.4s rss=4704MB hwm=4704MB
RSS_SAMPLE t=1000.6s rss=4704MB hwm=4704MB
RSS_SAMPLE t=1000.9s rss=4704MB hwm=4704MB
RSS_SAMPLE t=1001.1s rss=4704MB hwm=4704MB
RSS_SAMPLE t=1001.4s rss=4704MB hwm=4704MB
RSS_SAMPLE t=1001.6s rss=4704MB hwm=4704MB
RSS_SAMPLE t=1001.9s rss=4705MB hwm=4705MB
RSS_SAMPLE t=1002.1s rss=4705MB hwm=4705MB
RSS_SAMPLE t=1002.4s rss=4705MB hwm=4705MB
RSS_SAMPLE t=1002.6s rss=4705MB hwm=4705MB
RSS_SAMPLE t=1002.9s rss=4705MB hwm=4705MB
RSS_SAMPLE t=1003.1s rss=4705MB hwm=4705MB
RSS_SAMPLE t=1003.4s rss=4705MB hwm=4705MB
RSS_SAMPLE t=1003.6s rss=4705MB hwm=4705MB
RSS_SAMPLE t=1003.9s rss=4705MB hwm=4705MB
RSS_SAMPLE t=1004.1s rss=4706MB hwm=4706MB
RSS_SAMPLE t=1004.4s rss=4706MB hwm=4706MB
RSS_SAMPLE t=1004.6s rss=4706MB hwm=4706MB
RSS_SAMPLE t=1004.9s rss=4706MB hwm=4706MB
RSS_SAMPLE t=1005.1s rss=4706MB hwm=4706MB
RSS_SAMPLE t=1005.4s rss=4706MB hwm=4706MB
RSS_SAMPLE t=1005.6s rss=4706MB hwm=4706MB
RSS_SAMPLE t=1005.9s rss=4706MB hwm=4706MB
RSS_SAMPLE t=1006.1s rss=4706MB hwm=4706MB
RSS_SAMPLE t=1006.4s rss=4706MB hwm=4706MB
RSS_SAMPLE t=1006.6s rss=4706MB hwm=4706MB
RSS_SAMPLE t=1006.9s rss=4706MB hwm=4706MB
RSS_SAMPLE t=1007.1s rss=4706MB hwm=4706MB
RSS_SAMPLE t=1007.4s rss=4706MB hwm=4706MB
RSS_SAMPLE t=1007.6s rss=4706MB hwm=4706MB
RSS_SAMPLE t=1007.9s rss=4706MB hwm=4706MB
RSS_SAMPLE t=1008.1s rss=4706MB hwm=4706MB
RSS_SAMPLE t=1008.4s rss=4706MB hwm=4706MB
RSS_SAMPLE t=1008.6s rss=4706MB hwm=4706MB
RSS_SAMPLE t=1008.9s rss=4706MB hwm=4706MB
RSS_SAMPLE t=1009.1s rss=4707MB hwm=4707MB
RSS_SAMPLE t=1009.4s rss=4707MB hwm=4707MB
RSS_SAMPLE t=1009.6s rss=4707MB hwm=4707MB
RSS_SAMPLE t=1009.9s rss=4707MB hwm=4707MB
RSS_SAMPLE t=1010.1s rss=4707MB hwm=4707MB
RSS_SAMPLE t=1010.4s rss=4707MB hwm=4707MB
RSS_SAMPLE t=1010.6s rss=4707MB hwm=4707MB
RSS_SAMPLE t=1010.9s rss=4707MB hwm=4707MB
RSS_SAMPLE t=1011.1s rss=4707MB hwm=4707MB
RSS_SAMPLE t=1011.4s rss=4707MB hwm=4707MB
RSS_SAMPLE t=1011.6s rss=4707MB hwm=4707MB
RSS_SAMPLE t=1011.9s rss=4707MB hwm=4707MB
RSS_SAMPLE t=1012.1s rss=4707MB hwm=4707MB
RSS_SAMPLE t=1012.4s rss=4707MB hwm=4707MB
RSS_SAMPLE t=1012.6s rss=4707MB hwm=4707MB
RSS_SAMPLE t=1012.9s rss=4707MB hwm=4707MB
RSS_SAMPLE t=1013.1s rss=4707MB hwm=4707MB
RSS_SAMPLE t=1013.4s rss=4707MB hwm=4707MB
RSS_SAMPLE t=1013.6s rss=4707MB hwm=4707MB
RSS_SAMPLE t=1013.9s rss=4707MB hwm=4707MB
RSS_SAMPLE t=1014.1s rss=4707MB hwm=4707MB
RSS_SAMPLE t=1014.4s rss=4707MB hwm=4707MB
RSS_SAMPLE t=1014.6s rss=4707MB hwm=4707MB
RSS_SAMPLE t=1014.9s rss=4707MB hwm=4707MB
RSS_SAMPLE t=1015.1s rss=4707MB hwm=4707MB
RSS_SAMPLE t=1015.4s rss=4707MB hwm=4707MB
RSS_SAMPLE t=1015.6s rss=4707MB hwm=4707MB
RSS_SAMPLE t=1015.9s rss=4707MB hwm=4707MB
RSS_SAMPLE t=1016.1s rss=4707MB hwm=4707MB
RSS_SAMPLE t=1016.4s rss=4707MB hwm=4707MB
RSS_SAMPLE t=1016.6s rss=4707MB hwm=4707MB
RSS_SAMPLE t=1016.9s rss=4707MB hwm=4707MB
RSS_SAMPLE t=1017.1s rss=4707MB hwm=4707MB
RSS_SAMPLE t=1017.4s rss=4707MB hwm=4707MB
RSS_SAMPLE t=1017.6s rss=4707MB hwm=4707MB
RSS_SAMPLE t=1017.9s rss=4707MB hwm=4707MB
RSS_SAMPLE t=1018.1s rss=4707MB hwm=4707MB
RSS_SAMPLE t=1018.4s rss=4707MB hwm=4707MB
RSS_SAMPLE t=1018.6s rss=4707MB hwm=4707MB
RSS_SAMPLE t=1018.9s rss=4707MB hwm=4707MB
RSS_SAMPLE t=1019.1s rss=4707MB hwm=4707MB
RSS_SAMPLE t=1019.4s rss=4707MB hwm=4707MB
RSS_SAMPLE t=1019.6s rss=4707MB hwm=4707MB
RSS_SAMPLE t=1019.9s rss=4707MB hwm=4707MB
RSS_SAMPLE t=1020.1s rss=4707MB hwm=4707MB
RSS_SAMPLE t=1020.4s rss=4707MB hwm=4707MB
RSS_SAMPLE t=1020.6s rss=4707MB hwm=4707MB
RSS_SAMPLE t=1020.9s rss=4707MB hwm=4707MB
RSS_SAMPLE t=1021.1s rss=4707MB hwm=4707MB
RSS_SAMPLE t=1021.4s rss=4707MB hwm=4707MB
RSS_SAMPLE t=1021.6s rss=4707MB hwm=4707MB
RSS_SAMPLE t=1021.9s rss=4707MB hwm=4707MB
RSS_SAMPLE t=1022.1s rss=4707MB hwm=4707MB
RSS_SAMPLE t=1022.4s rss=4707MB hwm=4707MB
RSS_SAMPLE t=1022.6s rss=4707MB hwm=4707MB
RSS_SAMPLE t=1022.9s rss=4707MB hwm=4707MB
RSS_SAMPLE t=1023.1s rss=4707MB hwm=4707MB
RSS_SAMPLE t=1023.4s rss=4707MB hwm=4707MB
RSS_SAMPLE t=1023.6s rss=4707MB hwm=4707MB
RSS_SAMPLE t=1023.9s rss=4707MB hwm=4707MB
RSS_SAMPLE t=1024.1s rss=4707MB hwm=4707MB
RSS_SAMPLE t=1024.4s rss=4707MB hwm=4707MB
RSS_SAMPLE t=1024.6s rss=4707MB hwm=4707MB
RSS_SAMPLE t=1024.9s rss=4707MB hwm=4707MB
RSS_SAMPLE t=1025.1s rss=4707MB hwm=4707MB
RSS_SAMPLE t=1025.4s rss=4707MB hwm=4707MB
RSS_SAMPLE t=1025.6s rss=4707MB hwm=4707MB
RSS_SAMPLE t=1025.9s rss=4707MB hwm=4707MB
RSS_SAMPLE t=1026.1s rss=4707MB hwm=4707MB
RSS_SAMPLE t=1026.4s rss=4707MB hwm=4707MB
RSS_SAMPLE t=1026.6s rss=4707MB hwm=4707MB
RSS_SAMPLE t=1026.9s rss=4707MB hwm=4707MB
RSS_SAMPLE t=1027.1s rss=4707MB hwm=4707MB
RSS_SAMPLE t=1027.4s rss=4707MB hwm=4707MB
RSS_SAMPLE t=1027.6s rss=4707MB hwm=4707MB
RSS_SAMPLE t=1027.9s rss=4707MB hwm=4707MB
RSS_SAMPLE t=1028.1s rss=4707MB hwm=4707MB
RSS_SAMPLE t=1028.4s rss=4707MB hwm=4707MB
RSS_SAMPLE t=1028.6s rss=4707MB hwm=4707MB
RSS_SAMPLE t=1028.9s rss=4707MB hwm=4707MB
RSS_SAMPLE t=1029.1s rss=4707MB hwm=4707MB
RSS_SAMPLE t=1029.4s rss=4707MB hwm=4707MB
RSS_SAMPLE t=1029.6s rss=4707MB hwm=4707MB
RSS_SAMPLE t=1029.9s rss=4707MB hwm=4707MB
RSS_SAMPLE t=1030.1s rss=4707MB hwm=4707MB
RSS_SAMPLE t=1030.4s rss=4707MB hwm=4707MB
RSS_SAMPLE t=1030.6s rss=4707MB hwm=4707MB
RSS_SAMPLE t=1030.9s rss=4707MB hwm=4707MB
RSS_SAMPLE t=1031.1s rss=4707MB hwm=4707MB
RSS_SAMPLE t=1031.4s rss=4707MB hwm=4707MB
RSS_SAMPLE t=1031.6s rss=4707MB hwm=4707MB
RSS_SAMPLE t=1031.9s rss=4707MB hwm=4707MB
RSS_SAMPLE t=1032.1s rss=4707MB hwm=4707MB
RSS_SAMPLE t=1032.4s rss=4707MB hwm=4707MB
RSS_SAMPLE t=1032.6s rss=4707MB hwm=4707MB
RSS_SAMPLE t=1032.9s rss=4707MB hwm=4707MB
RSS_SAMPLE t=1033.1s rss=4707MB hwm=4707MB
RSS_SAMPLE t=1033.4s rss=4707MB hwm=4707MB
RSS_SAMPLE t=1033.6s rss=4707MB hwm=4707MB
RSS_SAMPLE t=1033.9s rss=4707MB hwm=4707MB
RSS_SAMPLE t=1034.1s rss=4707MB hwm=4707MB
RSS_SAMPLE t=1034.4s rss=4707MB hwm=4707MB
RSS_SAMPLE t=1034.6s rss=4707MB hwm=4707MB
MEM_POOL: workspaces=32 dense_usage_mb=1251 n_pipes=2562403
    post_solve_diag[outer=12]: solves=105117 cap_armed=105117 (100.0%) settle_avg=5606 above_sink_avg=149 (2.6%) settle_max=69353
    settle_hist[outer=12]: <100: 29370nets/0.1%work  <1k: 21395nets/1.4%work  <5k: 24767nets/11.1%work  <20k: 20109nets/35.9%work  <60k: 9256nets/49.1%work  >=60k: 220nets/2.4%work
    fanout_hist[outer=12]: fan1: 43710nets/13.4%work  fan2-4: 48279nets/50.2%work  fan5-16: 12974nets/35.5%work  fan17-64: 154nets/0.9%work  fan65-256: 0nets/0.0%work  fan>256: 0nets/0.0%work
    rss_probe[outer=12]: pre_post_solve=4687MB post_post_solve=4707MB after_apply=4707MB
    E_decomp: base=4066899.5 eff=306169497637469.2 cong=306169493570569.8 cong_share=100.0% sat_pipes=76141 max_util=945.53  R_buckets: 1-2x=108906 2-10x=1806875 10-100x=592226 >=100x=54396
    E_potential: beckmann=44124240517623.6 history_total=0.0
    SpanCache: epoch=13 entries=3205 lookups=2562403 hits=2559198 misses=3205 hit_rate=99.9%
  DCD  12: nets=105117 line=12131958 energy=8244706866.400 dE=+6920434780.523 friction=6822895.6 bins=2.0x(321) excess=119.9 moved=68066 disp=4.986 solves=105117 skip=105117 pops=589301555 theta=1.658 refresh=66950ms dcd=7158ms total=76860ms
    cache_stats: entries=59014524 capacity=118537706 est_mb=1022 rss_mb=4707
RSS_SAMPLE t=1034.9s rss=4707MB hwm=4707MB
RSS_SAMPLE t=1035.1s rss=4707MB hwm=4707MB
RSS_SAMPLE t=1035.4s rss=4707MB hwm=4707MB
RSS_SAMPLE t=1035.6s rss=4707MB hwm=4707MB
RSS_SAMPLE t=1035.9s rss=4707MB hwm=4707MB
RSS_SAMPLE t=1036.1s rss=4707MB hwm=4707MB
RSS_SAMPLE t=1036.4s rss=4707MB hwm=4707MB
RSS_SAMPLE t=1036.6s rss=4707MB hwm=4707MB
RSS_SAMPLE t=1036.9s rss=4707MB hwm=4707MB
RSS_SAMPLE t=1037.1s rss=4707MB hwm=4707MB
RSS_SAMPLE t=1037.4s rss=4707MB hwm=4707MB
    SwitchMatrix: type_usage_pairs=817 lookups=2199 hits=1382 dijkstra_calls=817 avg_us=10.5 total_ms=8.6
PHASE_MARK outer=13 enter=pre_solve rss=4707MB
    rss_probe[outer=13]: pre_refresh_rss=4707MB post_pre_solve_rss=4707MB cache_entries=59014524 cache_cap=118537706 cache_est_mb=1022
    pre_solve_diag[outer=13]: solves=0 fallback=0 (0.0%) cap_armed=0 (0.0%) settle_avg=0 settle_max=0 init_count=245
    Overflow: over=73982 (2.9% of used) avg_excess=6.88 max_excess=3012.01 (nc=3036.01 cap=24 span=1)  excess_buckets: <=1=9754 1-5=39329 5-20=20818 >20=4081  by_cap: cap1=797 cap2=66393 cap3-5=2988 cap>5=3804  by_span: s1=1216 s2-3=1044 s4-6=2608 s7-12=67135 s>12=1979  le1_cross: cap1=339 cap2-5=9037 cap>5=378
    Congestion: pipes=2562403 used=2562403 congested(>50%)=89561 saturated(>90%)=76141 max_util=945.53 avg_util=0.1432
PHASE_MARK outer=13 enter=dcd_sweep rss=4707MB
RSS_SAMPLE t=1037.6s rss=4707MB hwm=4707MB
RSS_SAMPLE t=1037.9s rss=4707MB hwm=4707MB
RSS_SAMPLE t=1038.1s rss=4707MB hwm=4707MB
RSS_SAMPLE t=1038.4s rss=4707MB hwm=4707MB
RSS_SAMPLE t=1038.6s rss=4707MB hwm=4707MB
RSS_SAMPLE t=1038.9s rss=4707MB hwm=4707MB
RSS_SAMPLE t=1039.1s rss=4707MB hwm=4707MB
RSS_SAMPLE t=1039.4s rss=4707MB hwm=4707MB
RSS_SAMPLE t=1039.6s rss=4707MB hwm=4707MB
RSS_SAMPLE t=1039.9s rss=4707MB hwm=4707MB
RSS_SAMPLE t=1040.1s rss=4707MB hwm=4707MB
RSS_SAMPLE t=1040.4s rss=4707MB hwm=4707MB
RSS_SAMPLE t=1040.6s rss=4707MB hwm=4707MB
RSS_SAMPLE t=1040.9s rss=4707MB hwm=4707MB
RSS_SAMPLE t=1041.1s rss=4707MB hwm=4707MB
RSS_SAMPLE t=1041.4s rss=4707MB hwm=4707MB
RSS_SAMPLE t=1041.6s rss=4707MB hwm=4707MB
RSS_SAMPLE t=1041.9s rss=4707MB hwm=4707MB
RSS_SAMPLE t=1042.2s rss=4707MB hwm=4707MB
RSS_SAMPLE t=1042.4s rss=4707MB hwm=4707MB
RSS_SAMPLE t=1042.7s rss=4707MB hwm=4707MB
RSS_SAMPLE t=1042.9s rss=4707MB hwm=4707MB
RSS_SAMPLE t=1043.2s rss=4707MB hwm=4707MB
RSS_SAMPLE t=1043.4s rss=4707MB hwm=4707MB
RSS_SAMPLE t=1043.7s rss=4707MB hwm=4707MB
RSS_SAMPLE t=1043.9s rss=4707MB hwm=4707MB
RSS_SAMPLE t=1044.2s rss=4707MB hwm=4707MB
RSS_SAMPLE t=1044.4s rss=4707MB hwm=4707MB
PHASE_MARK outer=13 leave=dcd_sweep rss=4707MB
PHASE_MARK outer=13 enter=post_refresh rss=4707MB
RSS_SAMPLE t=1044.7s rss=4707MB hwm=4707MB
RSS_SAMPLE t=1044.9s rss=4707MB hwm=4707MB
RSS_SAMPLE t=1045.2s rss=4707MB hwm=4707MB
RSS_SAMPLE t=1045.4s rss=4707MB hwm=4707MB
RSS_SAMPLE t=1045.7s rss=4707MB hwm=4707MB
RSS_SAMPLE t=1045.9s rss=4707MB hwm=4707MB
RSS_SAMPLE t=1046.2s rss=4707MB hwm=4707MB
RSS_SAMPLE t=1046.4s rss=4707MB hwm=4707MB
RSS_SAMPLE t=1046.7s rss=4707MB hwm=4707MB
RSS_SAMPLE t=1046.9s rss=4707MB hwm=4707MB
RSS_SAMPLE t=1047.2s rss=4707MB hwm=4707MB
RSS_SAMPLE t=1047.4s rss=4707MB hwm=4707MB
RSS_SAMPLE t=1047.7s rss=4707MB hwm=4707MB
RSS_SAMPLE t=1047.9s rss=4707MB hwm=4707MB
RSS_SAMPLE t=1048.2s rss=4707MB hwm=4707MB
RSS_SAMPLE t=1048.4s rss=4707MB hwm=4707MB
RSS_SAMPLE t=1048.7s rss=4707MB hwm=4707MB
RSS_SAMPLE t=1048.9s rss=4707MB hwm=4707MB
RSS_SAMPLE t=1049.2s rss=4707MB hwm=4707MB
RSS_SAMPLE t=1049.4s rss=4707MB hwm=4707MB
RSS_SAMPLE t=1049.7s rss=4707MB hwm=4707MB
RSS_SAMPLE t=1049.9s rss=4707MB hwm=4707MB
RSS_SAMPLE t=1050.2s rss=4707MB hwm=4707MB
RSS_SAMPLE t=1050.4s rss=4707MB hwm=4707MB
RSS_SAMPLE t=1050.7s rss=4707MB hwm=4707MB
RSS_SAMPLE t=1050.9s rss=4707MB hwm=4707MB
RSS_SAMPLE t=1051.2s rss=4707MB hwm=4707MB
RSS_SAMPLE t=1051.4s rss=4707MB hwm=4707MB
RSS_SAMPLE t=1051.7s rss=4707MB hwm=4707MB
RSS_SAMPLE t=1051.9s rss=4708MB hwm=4708MB
RSS_SAMPLE t=1052.2s rss=4708MB hwm=4708MB
RSS_SAMPLE t=1052.4s rss=4708MB hwm=4708MB
RSS_SAMPLE t=1052.7s rss=4708MB hwm=4708MB
RSS_SAMPLE t=1052.9s rss=4708MB hwm=4708MB
RSS_SAMPLE t=1053.2s rss=4708MB hwm=4708MB
RSS_SAMPLE t=1053.4s rss=4708MB hwm=4708MB
RSS_SAMPLE t=1053.7s rss=4708MB hwm=4708MB
RSS_SAMPLE t=1053.9s rss=4709MB hwm=4709MB
RSS_SAMPLE t=1054.2s rss=4709MB hwm=4709MB
RSS_SAMPLE t=1054.4s rss=4709MB hwm=4709MB
RSS_SAMPLE t=1054.7s rss=4709MB hwm=4709MB
RSS_SAMPLE t=1054.9s rss=4709MB hwm=4709MB
RSS_SAMPLE t=1055.2s rss=4709MB hwm=4709MB
RSS_SAMPLE t=1055.4s rss=4709MB hwm=4709MB
RSS_SAMPLE t=1055.7s rss=4709MB hwm=4709MB
RSS_SAMPLE t=1055.9s rss=4709MB hwm=4709MB
RSS_SAMPLE t=1056.2s rss=4710MB hwm=4710MB
RSS_SAMPLE t=1056.4s rss=4710MB hwm=4710MB
RSS_SAMPLE t=1056.7s rss=4710MB hwm=4710MB
RSS_SAMPLE t=1056.9s rss=4710MB hwm=4710MB
RSS_SAMPLE t=1057.2s rss=4711MB hwm=4711MB
RSS_SAMPLE t=1057.4s rss=4711MB hwm=4711MB
RSS_SAMPLE t=1057.7s rss=4711MB hwm=4711MB
RSS_SAMPLE t=1057.9s rss=4711MB hwm=4711MB
RSS_SAMPLE t=1058.2s rss=4712MB hwm=4712MB
RSS_SAMPLE t=1058.4s rss=4712MB hwm=4712MB
RSS_SAMPLE t=1058.7s rss=4712MB hwm=4712MB
RSS_SAMPLE t=1058.9s rss=4712MB hwm=4712MB
RSS_SAMPLE t=1059.2s rss=4712MB hwm=4712MB
RSS_SAMPLE t=1059.4s rss=4713MB hwm=4713MB
RSS_SAMPLE t=1059.7s rss=4713MB hwm=4713MB
RSS_SAMPLE t=1059.9s rss=4713MB hwm=4713MB
RSS_SAMPLE t=1060.2s rss=4713MB hwm=4713MB
RSS_SAMPLE t=1060.4s rss=4713MB hwm=4713MB
RSS_SAMPLE t=1060.7s rss=4714MB hwm=4714MB
RSS_SAMPLE t=1060.9s rss=4714MB hwm=4714MB
RSS_SAMPLE t=1061.2s rss=4714MB hwm=4714MB
RSS_SAMPLE t=1061.4s rss=4714MB hwm=4714MB
RSS_SAMPLE t=1061.7s rss=4714MB hwm=4714MB
RSS_SAMPLE t=1061.9s rss=4714MB hwm=4714MB
RSS_SAMPLE t=1062.2s rss=4714MB hwm=4714MB
RSS_SAMPLE t=1062.4s rss=4715MB hwm=4715MB
RSS_SAMPLE t=1062.7s rss=4715MB hwm=4715MB
RSS_SAMPLE t=1062.9s rss=4715MB hwm=4715MB
RSS_SAMPLE t=1063.2s rss=4715MB hwm=4715MB
RSS_SAMPLE t=1063.4s rss=4715MB hwm=4715MB
RSS_SAMPLE t=1063.7s rss=4715MB hwm=4715MB
RSS_SAMPLE t=1063.9s rss=4715MB hwm=4715MB
RSS_SAMPLE t=1064.2s rss=4715MB hwm=4715MB
RSS_SAMPLE t=1064.4s rss=4715MB hwm=4715MB
RSS_SAMPLE t=1064.7s rss=4715MB hwm=4715MB
RSS_SAMPLE t=1064.9s rss=4715MB hwm=4715MB
RSS_SAMPLE t=1065.2s rss=4715MB hwm=4715MB
RSS_SAMPLE t=1065.4s rss=4716MB hwm=4716MB
RSS_SAMPLE t=1065.7s rss=4716MB hwm=4716MB
RSS_SAMPLE t=1065.9s rss=4716MB hwm=4716MB
RSS_SAMPLE t=1066.2s rss=4716MB hwm=4716MB
RSS_SAMPLE t=1066.4s rss=4716MB hwm=4716MB
RSS_SAMPLE t=1066.7s rss=4716MB hwm=4716MB
RSS_SAMPLE t=1066.9s rss=4716MB hwm=4716MB
RSS_SAMPLE t=1067.2s rss=4717MB hwm=4717MB
RSS_SAMPLE t=1067.4s rss=4717MB hwm=4717MB
RSS_SAMPLE t=1067.7s rss=4717MB hwm=4717MB
RSS_SAMPLE t=1067.9s rss=4717MB hwm=4717MB
RSS_SAMPLE t=1068.2s rss=4718MB hwm=4718MB
RSS_SAMPLE t=1068.4s rss=4718MB hwm=4718MB
RSS_SAMPLE t=1068.7s rss=4718MB hwm=4718MB
RSS_SAMPLE t=1068.9s rss=4718MB hwm=4718MB
RSS_SAMPLE t=1069.2s rss=4718MB hwm=4718MB
RSS_SAMPLE t=1069.4s rss=4718MB hwm=4718MB
RSS_SAMPLE t=1069.7s rss=4718MB hwm=4718MB
RSS_SAMPLE t=1069.9s rss=4718MB hwm=4718MB
RSS_SAMPLE t=1070.2s rss=4718MB hwm=4718MB
RSS_SAMPLE t=1070.4s rss=4718MB hwm=4718MB
RSS_SAMPLE t=1070.7s rss=4719MB hwm=4719MB
RSS_SAMPLE t=1070.9s rss=4719MB hwm=4719MB
RSS_SAMPLE t=1071.2s rss=4720MB hwm=4720MB
RSS_SAMPLE t=1071.4s rss=4720MB hwm=4720MB
RSS_SAMPLE t=1071.7s rss=4720MB hwm=4720MB
RSS_SAMPLE t=1071.9s rss=4720MB hwm=4720MB
RSS_SAMPLE t=1072.2s rss=4720MB hwm=4720MB
RSS_SAMPLE t=1072.4s rss=4720MB hwm=4720MB
RSS_SAMPLE t=1072.7s rss=4721MB hwm=4721MB
RSS_SAMPLE t=1072.9s rss=4721MB hwm=4721MB
RSS_SAMPLE t=1073.2s rss=4721MB hwm=4721MB
RSS_SAMPLE t=1073.4s rss=4721MB hwm=4721MB
RSS_SAMPLE t=1073.7s rss=4721MB hwm=4721MB
RSS_SAMPLE t=1073.9s rss=4721MB hwm=4721MB
RSS_SAMPLE t=1074.2s rss=4721MB hwm=4721MB
RSS_SAMPLE t=1074.4s rss=4722MB hwm=4722MB
RSS_SAMPLE t=1074.7s rss=4722MB hwm=4722MB
RSS_SAMPLE t=1074.9s rss=4722MB hwm=4722MB
RSS_SAMPLE t=1075.2s rss=4722MB hwm=4722MB
RSS_SAMPLE t=1075.4s rss=4722MB hwm=4722MB
RSS_SAMPLE t=1075.7s rss=4722MB hwm=4722MB
RSS_SAMPLE t=1075.9s rss=4722MB hwm=4722MB
RSS_SAMPLE t=1076.2s rss=4722MB hwm=4722MB
RSS_SAMPLE t=1076.4s rss=4722MB hwm=4722MB
RSS_SAMPLE t=1076.7s rss=4723MB hwm=4723MB
RSS_SAMPLE t=1076.9s rss=4723MB hwm=4723MB
RSS_SAMPLE t=1077.2s rss=4723MB hwm=4723MB
RSS_SAMPLE t=1077.4s rss=4723MB hwm=4723MB
RSS_SAMPLE t=1077.7s rss=4723MB hwm=4723MB
RSS_SAMPLE t=1077.9s rss=4724MB hwm=4724MB
RSS_SAMPLE t=1078.2s rss=4724MB hwm=4724MB
RSS_SAMPLE t=1078.4s rss=4724MB hwm=4724MB
RSS_SAMPLE t=1078.7s rss=4724MB hwm=4724MB
RSS_SAMPLE t=1078.9s rss=4724MB hwm=4724MB
RSS_SAMPLE t=1079.2s rss=4724MB hwm=4724MB
RSS_SAMPLE t=1079.4s rss=4724MB hwm=4724MB
RSS_SAMPLE t=1079.7s rss=4724MB hwm=4724MB
RSS_SAMPLE t=1079.9s rss=4724MB hwm=4724MB
RSS_SAMPLE t=1080.2s rss=4724MB hwm=4724MB
RSS_SAMPLE t=1080.4s rss=4724MB hwm=4724MB
RSS_SAMPLE t=1080.7s rss=4724MB hwm=4724MB
RSS_SAMPLE t=1080.9s rss=4724MB hwm=4724MB
RSS_SAMPLE t=1081.2s rss=4724MB hwm=4724MB
RSS_SAMPLE t=1081.4s rss=4724MB hwm=4724MB
RSS_SAMPLE t=1081.7s rss=4724MB hwm=4724MB
RSS_SAMPLE t=1081.9s rss=4724MB hwm=4724MB
RSS_SAMPLE t=1082.2s rss=4724MB hwm=4724MB
RSS_SAMPLE t=1082.4s rss=4724MB hwm=4724MB
RSS_SAMPLE t=1082.7s rss=4724MB hwm=4724MB
RSS_SAMPLE t=1082.9s rss=4724MB hwm=4724MB
RSS_SAMPLE t=1083.2s rss=4724MB hwm=4724MB
RSS_SAMPLE t=1083.4s rss=4724MB hwm=4724MB
RSS_SAMPLE t=1083.7s rss=4724MB hwm=4724MB
RSS_SAMPLE t=1083.9s rss=4725MB hwm=4725MB
RSS_SAMPLE t=1084.2s rss=4725MB hwm=4725MB
RSS_SAMPLE t=1084.4s rss=4725MB hwm=4725MB
RSS_SAMPLE t=1084.7s rss=4725MB hwm=4725MB
RSS_SAMPLE t=1084.9s rss=4725MB hwm=4725MB
RSS_SAMPLE t=1085.2s rss=4726MB hwm=4726MB
RSS_SAMPLE t=1085.4s rss=4726MB hwm=4726MB
RSS_SAMPLE t=1085.7s rss=4726MB hwm=4726MB
RSS_SAMPLE t=1085.9s rss=4726MB hwm=4726MB
RSS_SAMPLE t=1086.2s rss=4726MB hwm=4726MB
RSS_SAMPLE t=1086.4s rss=4726MB hwm=4726MB
RSS_SAMPLE t=1086.7s rss=4726MB hwm=4726MB
RSS_SAMPLE t=1086.9s rss=4726MB hwm=4726MB
RSS_SAMPLE t=1087.2s rss=4726MB hwm=4726MB
RSS_SAMPLE t=1087.4s rss=4726MB hwm=4726MB
RSS_SAMPLE t=1087.7s rss=4726MB hwm=4726MB
RSS_SAMPLE t=1088.0s rss=4726MB hwm=4726MB
RSS_SAMPLE t=1088.2s rss=4726MB hwm=4726MB
RSS_SAMPLE t=1088.5s rss=4726MB hwm=4726MB
RSS_SAMPLE t=1088.7s rss=4726MB hwm=4726MB
RSS_SAMPLE t=1089.0s rss=4726MB hwm=4726MB
RSS_SAMPLE t=1089.2s rss=4726MB hwm=4726MB
RSS_SAMPLE t=1089.5s rss=4726MB hwm=4726MB
RSS_SAMPLE t=1089.7s rss=4726MB hwm=4726MB
RSS_SAMPLE t=1090.0s rss=4726MB hwm=4726MB
RSS_SAMPLE t=1090.2s rss=4726MB hwm=4726MB
RSS_SAMPLE t=1090.5s rss=4726MB hwm=4726MB
RSS_SAMPLE t=1090.7s rss=4726MB hwm=4726MB
RSS_SAMPLE t=1091.0s rss=4726MB hwm=4726MB
RSS_SAMPLE t=1091.2s rss=4726MB hwm=4726MB
RSS_SAMPLE t=1091.5s rss=4726MB hwm=4726MB
RSS_SAMPLE t=1091.7s rss=4726MB hwm=4726MB
RSS_SAMPLE t=1092.0s rss=4726MB hwm=4726MB
RSS_SAMPLE t=1092.2s rss=4726MB hwm=4726MB
RSS_SAMPLE t=1092.5s rss=4726MB hwm=4726MB
RSS_SAMPLE t=1092.7s rss=4726MB hwm=4726MB
RSS_SAMPLE t=1093.0s rss=4726MB hwm=4726MB
RSS_SAMPLE t=1093.2s rss=4726MB hwm=4726MB
RSS_SAMPLE t=1093.5s rss=4726MB hwm=4726MB
RSS_SAMPLE t=1093.7s rss=4726MB hwm=4726MB
RSS_SAMPLE t=1094.0s rss=4726MB hwm=4726MB
RSS_SAMPLE t=1094.2s rss=4726MB hwm=4726MB
RSS_SAMPLE t=1094.5s rss=4726MB hwm=4726MB
RSS_SAMPLE t=1094.7s rss=4726MB hwm=4726MB
RSS_SAMPLE t=1095.0s rss=4726MB hwm=4726MB
RSS_SAMPLE t=1095.2s rss=4726MB hwm=4726MB
RSS_SAMPLE t=1095.5s rss=4726MB hwm=4726MB
RSS_SAMPLE t=1095.7s rss=4726MB hwm=4726MB
RSS_SAMPLE t=1096.0s rss=4726MB hwm=4726MB
RSS_SAMPLE t=1096.2s rss=4726MB hwm=4726MB
RSS_SAMPLE t=1096.5s rss=4726MB hwm=4726MB
RSS_SAMPLE t=1096.7s rss=4726MB hwm=4726MB
RSS_SAMPLE t=1097.0s rss=4726MB hwm=4726MB
RSS_SAMPLE t=1097.2s rss=4726MB hwm=4726MB
RSS_SAMPLE t=1097.5s rss=4726MB hwm=4726MB
RSS_SAMPLE t=1097.7s rss=4726MB hwm=4726MB
RSS_SAMPLE t=1098.0s rss=4726MB hwm=4726MB
RSS_SAMPLE t=1098.2s rss=4726MB hwm=4726MB
RSS_SAMPLE t=1098.5s rss=4726MB hwm=4726MB
RSS_SAMPLE t=1098.7s rss=4726MB hwm=4726MB
RSS_SAMPLE t=1099.0s rss=4726MB hwm=4726MB
RSS_SAMPLE t=1099.2s rss=4726MB hwm=4726MB
RSS_SAMPLE t=1099.5s rss=4726MB hwm=4726MB
RSS_SAMPLE t=1099.7s rss=4726MB hwm=4726MB
RSS_SAMPLE t=1100.0s rss=4726MB hwm=4726MB
RSS_SAMPLE t=1100.2s rss=4726MB hwm=4726MB
RSS_SAMPLE t=1100.5s rss=4726MB hwm=4726MB
RSS_SAMPLE t=1100.7s rss=4726MB hwm=4726MB
RSS_SAMPLE t=1101.0s rss=4726MB hwm=4726MB
RSS_SAMPLE t=1101.2s rss=4726MB hwm=4726MB
RSS_SAMPLE t=1101.5s rss=4726MB hwm=4726MB
RSS_SAMPLE t=1101.7s rss=4726MB hwm=4726MB
RSS_SAMPLE t=1102.0s rss=4726MB hwm=4726MB
RSS_SAMPLE t=1102.2s rss=4726MB hwm=4726MB
RSS_SAMPLE t=1102.5s rss=4726MB hwm=4726MB
RSS_SAMPLE t=1102.7s rss=4726MB hwm=4726MB
RSS_SAMPLE t=1103.0s rss=4726MB hwm=4726MB
RSS_SAMPLE t=1103.2s rss=4726MB hwm=4726MB
RSS_SAMPLE t=1103.5s rss=4726MB hwm=4726MB
RSS_SAMPLE t=1103.7s rss=4726MB hwm=4726MB
RSS_SAMPLE t=1104.0s rss=4726MB hwm=4726MB
RSS_SAMPLE t=1104.2s rss=4726MB hwm=4726MB
RSS_SAMPLE t=1104.5s rss=4726MB hwm=4726MB
RSS_SAMPLE t=1104.7s rss=4726MB hwm=4726MB
RSS_SAMPLE t=1105.0s rss=4726MB hwm=4726MB
RSS_SAMPLE t=1105.2s rss=4726MB hwm=4726MB
RSS_SAMPLE t=1105.5s rss=4726MB hwm=4726MB
RSS_SAMPLE t=1105.7s rss=4726MB hwm=4726MB
RSS_SAMPLE t=1106.0s rss=4726MB hwm=4726MB
RSS_SAMPLE t=1106.2s rss=4726MB hwm=4726MB
RSS_SAMPLE t=1106.5s rss=4726MB hwm=4726MB
RSS_SAMPLE t=1106.7s rss=4726MB hwm=4726MB
RSS_SAMPLE t=1107.0s rss=4726MB hwm=4726MB
RSS_SAMPLE t=1107.2s rss=4726MB hwm=4726MB
RSS_SAMPLE t=1107.5s rss=4726MB hwm=4726MB
RSS_SAMPLE t=1107.7s rss=4726MB hwm=4726MB
RSS_SAMPLE t=1108.0s rss=4726MB hwm=4726MB
RSS_SAMPLE t=1108.2s rss=4726MB hwm=4726MB
RSS_SAMPLE t=1108.5s rss=4726MB hwm=4726MB
RSS_SAMPLE t=1108.7s rss=4726MB hwm=4726MB
RSS_SAMPLE t=1109.0s rss=4726MB hwm=4726MB
MEM_POOL: workspaces=32 dense_usage_mb=1251 n_pipes=2562403
    post_solve_diag[outer=13]: solves=105117 cap_armed=105117 (100.0%) settle_avg=5420 above_sink_avg=162 (3.0%) settle_max=69353
    settle_hist[outer=13]: <100: 28801nets/0.1%work  <1k: 22115nets/1.5%work  <5k: 24953nets/11.7%work  <20k: 20377nets/37.4%work  <60k: 8689nets/47.3%work  >=60k: 182nets/2.1%work
    fanout_hist[outer=13]: fan1: 43710nets/13.5%work  fan2-4: 48279nets/50.2%work  fan5-16: 12974nets/35.4%work  fan17-64: 154nets/1.0%work  fan65-256: 0nets/0.0%work  fan>256: 0nets/0.0%work
    rss_probe[outer=13]: pre_post_solve=4707MB post_post_solve=4726MB after_apply=4726MB
    E_decomp: base=3762813.3 eff=114783405010622.2 cong=114783401247809.0 cong_share=100.0% sat_pipes=75099 max_util=948.45  R_buckets: 1-2x=102210 2-10x=2083312 10-100x=319958 >=100x=56923
    E_potential: beckmann=55492848913023.8 history_total=0.0
    SpanCache: epoch=14 entries=2199 lookups=2562403 hits=2560204 misses=2199 hit_rate=99.9%
  DCD  13: nets=105117 line=11801091 energy=18950805396.582 dE=+10706098530.182 friction=5240567.4 bins=2.0x(162) excess=50.4 moved=68127 disp=4.654 solves=105117 skip=105117 pops=569768074 theta=1.941 refresh=64590ms dcd=6958ms total=74224ms
    cache_stats: entries=59817711 capacity=122138933 est_mb=1053 rss_mb=4726
RSS_SAMPLE t=1109.2s rss=4726MB hwm=4726MB
RSS_SAMPLE t=1109.5s rss=4726MB hwm=4726MB
RSS_SAMPLE t=1109.7s rss=4726MB hwm=4726MB
RSS_SAMPLE t=1110.0s rss=4726MB hwm=4726MB
RSS_SAMPLE t=1110.2s rss=4726MB hwm=4726MB
RSS_SAMPLE t=1110.5s rss=4726MB hwm=4726MB
RSS_SAMPLE t=1110.7s rss=4726MB hwm=4726MB
RSS_SAMPLE t=1111.0s rss=4726MB hwm=4726MB
RSS_SAMPLE t=1111.2s rss=4726MB hwm=4726MB
RSS_SAMPLE t=1111.5s rss=4726MB hwm=4726MB
RSS_SAMPLE t=1111.7s rss=4726MB hwm=4726MB
    SwitchMatrix: type_usage_pairs=756 lookups=2030 hits=1274 dijkstra_calls=756 avg_us=10.7 total_ms=8.1
PHASE_MARK outer=14 enter=pre_solve rss=4726MB
    rss_probe[outer=14]: pre_refresh_rss=4726MB post_pre_solve_rss=4726MB cache_entries=59817711 cache_cap=122138933 cache_est_mb=1053
    pre_solve_diag[outer=14]: solves=0 fallback=0 (0.0%) cap_armed=0 (0.0%) settle_avg=0 settle_max=0 init_count=245
    Overflow: over=73356 (2.9% of used) avg_excess=5.70 max_excess=3105.96 (nc=3129.96 cap=24 span=1)  excess_buckets: <=1=11949 1-5=41659 5-20=16464 >20=3284  by_cap: cap1=2454 cap2=67057 cap3-5=1352 cap>5=2493  by_span: s1=1025 s2-3=794 s4-6=1737 s7-12=67544 s>12=2256  le1_cross: cap1=1002 cap2-5=10593 cap>5=354
    Congestion: pipes=2562403 used=2562403 congested(>50%)=85866 saturated(>90%)=75099 max_util=948.45 avg_util=0.1419
PHASE_MARK outer=14 enter=dcd_sweep rss=4726MB
RSS_SAMPLE t=1112.0s rss=4726MB hwm=4726MB
RSS_SAMPLE t=1112.2s rss=4726MB hwm=4726MB
RSS_SAMPLE t=1112.5s rss=4726MB hwm=4726MB
RSS_SAMPLE t=1112.7s rss=4726MB hwm=4726MB
RSS_SAMPLE t=1113.0s rss=4726MB hwm=4726MB
RSS_SAMPLE t=1113.2s rss=4726MB hwm=4726MB
RSS_SAMPLE t=1113.5s rss=4726MB hwm=4726MB
RSS_SAMPLE t=1113.7s rss=4726MB hwm=4726MB
RSS_SAMPLE t=1114.0s rss=4726MB hwm=4726MB
RSS_SAMPLE t=1114.2s rss=4726MB hwm=4726MB
RSS_SAMPLE t=1114.5s rss=4726MB hwm=4726MB
RSS_SAMPLE t=1114.7s rss=4726MB hwm=4726MB
RSS_SAMPLE t=1115.0s rss=4726MB hwm=4726MB
RSS_SAMPLE t=1115.2s rss=4726MB hwm=4726MB
RSS_SAMPLE t=1115.5s rss=4726MB hwm=4726MB
RSS_SAMPLE t=1115.7s rss=4726MB hwm=4726MB
RSS_SAMPLE t=1116.0s rss=4726MB hwm=4726MB
RSS_SAMPLE t=1116.2s rss=4726MB hwm=4726MB
RSS_SAMPLE t=1116.5s rss=4726MB hwm=4726MB
RSS_SAMPLE t=1116.7s rss=4726MB hwm=4726MB
RSS_SAMPLE t=1117.0s rss=4726MB hwm=4726MB
RSS_SAMPLE t=1117.2s rss=4726MB hwm=4726MB
RSS_SAMPLE t=1117.5s rss=4726MB hwm=4726MB
RSS_SAMPLE t=1117.7s rss=4726MB hwm=4726MB
RSS_SAMPLE t=1118.0s rss=4726MB hwm=4726MB
RSS_SAMPLE t=1118.2s rss=4726MB hwm=4726MB
RSS_SAMPLE t=1118.5s rss=4726MB hwm=4726MB
PHASE_MARK outer=14 leave=dcd_sweep rss=4726MB
PHASE_MARK outer=14 enter=post_refresh rss=4726MB
RSS_SAMPLE t=1118.7s rss=4726MB hwm=4726MB
RSS_SAMPLE t=1119.0s rss=4726MB hwm=4726MB
RSS_SAMPLE t=1119.2s rss=4726MB hwm=4726MB
RSS_SAMPLE t=1119.5s rss=4726MB hwm=4726MB
RSS_SAMPLE t=1119.7s rss=4726MB hwm=4726MB
RSS_SAMPLE t=1120.0s rss=4726MB hwm=4726MB
RSS_SAMPLE t=1120.2s rss=4726MB hwm=4726MB
RSS_SAMPLE t=1120.5s rss=4726MB hwm=4726MB
RSS_SAMPLE t=1120.7s rss=4726MB hwm=4726MB
RSS_SAMPLE t=1121.0s rss=4726MB hwm=4726MB
RSS_SAMPLE t=1121.2s rss=4726MB hwm=4726MB
RSS_SAMPLE t=1121.5s rss=4726MB hwm=4726MB
RSS_SAMPLE t=1121.7s rss=4726MB hwm=4726MB
RSS_SAMPLE t=1122.0s rss=4726MB hwm=4726MB
RSS_SAMPLE t=1122.2s rss=4727MB hwm=4727MB
RSS_SAMPLE t=1122.5s rss=4727MB hwm=4727MB
RSS_SAMPLE t=1122.7s rss=4727MB hwm=4727MB
RSS_SAMPLE t=1123.0s rss=4727MB hwm=4727MB
RSS_SAMPLE t=1123.2s rss=4727MB hwm=4727MB
RSS_SAMPLE t=1123.5s rss=4727MB hwm=4727MB
RSS_SAMPLE t=1123.7s rss=4727MB hwm=4727MB
RSS_SAMPLE t=1124.0s rss=4727MB hwm=4727MB
RSS_SAMPLE t=1124.2s rss=4727MB hwm=4727MB
RSS_SAMPLE t=1124.5s rss=4727MB hwm=4727MB
RSS_SAMPLE t=1124.7s rss=4727MB hwm=4727MB
RSS_SAMPLE t=1125.0s rss=4727MB hwm=4727MB
RSS_SAMPLE t=1125.2s rss=4727MB hwm=4727MB
RSS_SAMPLE t=1125.5s rss=4727MB hwm=4727MB
RSS_SAMPLE t=1125.7s rss=4727MB hwm=4727MB
RSS_SAMPLE t=1126.0s rss=4727MB hwm=4727MB
RSS_SAMPLE t=1126.2s rss=4727MB hwm=4727MB
RSS_SAMPLE t=1126.5s rss=4727MB hwm=4727MB
RSS_SAMPLE t=1126.7s rss=4727MB hwm=4727MB
RSS_SAMPLE t=1127.0s rss=4727MB hwm=4727MB
RSS_SAMPLE t=1127.2s rss=4727MB hwm=4727MB
RSS_SAMPLE t=1127.5s rss=4727MB hwm=4727MB
RSS_SAMPLE t=1127.7s rss=4728MB hwm=4728MB
RSS_SAMPLE t=1128.0s rss=4728MB hwm=4728MB
RSS_SAMPLE t=1128.2s rss=4728MB hwm=4728MB
RSS_SAMPLE t=1128.5s rss=4728MB hwm=4728MB
RSS_SAMPLE t=1128.7s rss=4728MB hwm=4728MB
RSS_SAMPLE t=1129.0s rss=4728MB hwm=4728MB
RSS_SAMPLE t=1129.2s rss=4728MB hwm=4728MB
RSS_SAMPLE t=1129.5s rss=4728MB hwm=4728MB
RSS_SAMPLE t=1129.7s rss=4728MB hwm=4728MB
RSS_SAMPLE t=1130.0s rss=4728MB hwm=4728MB
RSS_SAMPLE t=1130.2s rss=4728MB hwm=4728MB
RSS_SAMPLE t=1130.5s rss=4728MB hwm=4728MB
RSS_SAMPLE t=1130.7s rss=4728MB hwm=4728MB
RSS_SAMPLE t=1131.0s rss=4728MB hwm=4728MB
RSS_SAMPLE t=1131.2s rss=4728MB hwm=4728MB
RSS_SAMPLE t=1131.5s rss=4728MB hwm=4728MB
RSS_SAMPLE t=1131.7s rss=4729MB hwm=4729MB
RSS_SAMPLE t=1132.0s rss=4729MB hwm=4729MB
RSS_SAMPLE t=1132.2s rss=4729MB hwm=4729MB
RSS_SAMPLE t=1132.5s rss=4729MB hwm=4729MB
RSS_SAMPLE t=1132.7s rss=4729MB hwm=4729MB
RSS_SAMPLE t=1133.0s rss=4729MB hwm=4729MB
RSS_SAMPLE t=1133.2s rss=4729MB hwm=4729MB
RSS_SAMPLE t=1133.5s rss=4729MB hwm=4729MB
RSS_SAMPLE t=1133.7s rss=4729MB hwm=4729MB
RSS_SAMPLE t=1134.0s rss=4729MB hwm=4729MB
RSS_SAMPLE t=1134.2s rss=4729MB hwm=4729MB
RSS_SAMPLE t=1134.5s rss=4729MB hwm=4729MB
RSS_SAMPLE t=1134.7s rss=4730MB hwm=4730MB
RSS_SAMPLE t=1135.0s rss=4730MB hwm=4730MB
RSS_SAMPLE t=1135.2s rss=4730MB hwm=4730MB
RSS_SAMPLE t=1135.5s rss=4730MB hwm=4730MB
RSS_SAMPLE t=1135.7s rss=4730MB hwm=4730MB
RSS_SAMPLE t=1136.0s rss=4730MB hwm=4730MB
RSS_SAMPLE t=1136.2s rss=4730MB hwm=4730MB
RSS_SAMPLE t=1136.5s rss=4730MB hwm=4730MB
RSS_SAMPLE t=1136.7s rss=4730MB hwm=4730MB
RSS_SAMPLE t=1137.0s rss=4730MB hwm=4730MB
RSS_SAMPLE t=1137.2s rss=4730MB hwm=4730MB
RSS_SAMPLE t=1137.5s rss=4730MB hwm=4730MB
RSS_SAMPLE t=1137.7s rss=4730MB hwm=4730MB
RSS_SAMPLE t=1138.0s rss=4731MB hwm=4731MB
RSS_SAMPLE t=1138.2s rss=4731MB hwm=4731MB
RSS_SAMPLE t=1138.5s rss=4731MB hwm=4731MB
RSS_SAMPLE t=1138.7s rss=4731MB hwm=4731MB
RSS_SAMPLE t=1139.0s rss=4731MB hwm=4731MB
RSS_SAMPLE t=1139.2s rss=4731MB hwm=4731MB
RSS_SAMPLE t=1139.5s rss=4731MB hwm=4731MB
RSS_SAMPLE t=1139.7s rss=4732MB hwm=4732MB
RSS_SAMPLE t=1140.0s rss=4732MB hwm=4732MB
RSS_SAMPLE t=1140.2s rss=4732MB hwm=4732MB
RSS_SAMPLE t=1140.5s rss=4733MB hwm=4733MB
RSS_SAMPLE t=1140.7s rss=4733MB hwm=4733MB
RSS_SAMPLE t=1141.0s rss=4733MB hwm=4733MB
RSS_SAMPLE t=1141.2s rss=4733MB hwm=4733MB
RSS_SAMPLE t=1141.5s rss=4733MB hwm=4733MB
RSS_SAMPLE t=1141.7s rss=4733MB hwm=4733MB
RSS_SAMPLE t=1142.0s rss=4733MB hwm=4733MB
RSS_SAMPLE t=1142.2s rss=4733MB hwm=4733MB
RSS_SAMPLE t=1142.5s rss=4734MB hwm=4734MB
RSS_SAMPLE t=1142.8s rss=4734MB hwm=4734MB
RSS_SAMPLE t=1143.0s rss=4734MB hwm=4734MB
RSS_SAMPLE t=1143.3s rss=4734MB hwm=4734MB
RSS_SAMPLE t=1143.5s rss=4734MB hwm=4734MB
RSS_SAMPLE t=1143.8s rss=4735MB hwm=4735MB
RSS_SAMPLE t=1144.0s rss=4735MB hwm=4735MB
RSS_SAMPLE t=1144.3s rss=4735MB hwm=4735MB
RSS_SAMPLE t=1144.5s rss=4735MB hwm=4735MB
RSS_SAMPLE t=1144.8s rss=4735MB hwm=4735MB
RSS_SAMPLE t=1145.0s rss=4735MB hwm=4735MB
RSS_SAMPLE t=1145.3s rss=4735MB hwm=4735MB
RSS_SAMPLE t=1145.5s rss=4735MB hwm=4735MB
RSS_SAMPLE t=1145.8s rss=4736MB hwm=4736MB
RSS_SAMPLE t=1146.0s rss=4736MB hwm=4736MB
RSS_SAMPLE t=1146.3s rss=4736MB hwm=4736MB
RSS_SAMPLE t=1146.5s rss=4736MB hwm=4736MB
RSS_SAMPLE t=1146.8s rss=4736MB hwm=4736MB
RSS_SAMPLE t=1147.0s rss=4736MB hwm=4736MB
RSS_SAMPLE t=1147.3s rss=4736MB hwm=4736MB
RSS_SAMPLE t=1147.5s rss=4737MB hwm=4737MB
RSS_SAMPLE t=1147.8s rss=4737MB hwm=4737MB
RSS_SAMPLE t=1148.0s rss=4737MB hwm=4737MB
RSS_SAMPLE t=1148.3s rss=4737MB hwm=4737MB
RSS_SAMPLE t=1148.5s rss=4737MB hwm=4737MB
RSS_SAMPLE t=1148.8s rss=4737MB hwm=4737MB
RSS_SAMPLE t=1149.0s rss=4737MB hwm=4737MB
RSS_SAMPLE t=1149.3s rss=4737MB hwm=4737MB
RSS_SAMPLE t=1149.5s rss=4737MB hwm=4737MB
RSS_SAMPLE t=1149.8s rss=4737MB hwm=4737MB
RSS_SAMPLE t=1150.0s rss=4737MB hwm=4737MB
RSS_SAMPLE t=1150.3s rss=4738MB hwm=4738MB
RSS_SAMPLE t=1150.5s rss=4738MB hwm=4738MB
RSS_SAMPLE t=1150.8s rss=4738MB hwm=4738MB
RSS_SAMPLE t=1151.0s rss=4739MB hwm=4739MB
RSS_SAMPLE t=1151.3s rss=4739MB hwm=4739MB
RSS_SAMPLE t=1151.5s rss=4739MB hwm=4739MB
RSS_SAMPLE t=1151.8s rss=4739MB hwm=4739MB
RSS_SAMPLE t=1152.0s rss=4739MB hwm=4739MB
RSS_SAMPLE t=1152.3s rss=4739MB hwm=4739MB
RSS_SAMPLE t=1152.5s rss=4740MB hwm=4740MB
RSS_SAMPLE t=1152.8s rss=4740MB hwm=4740MB
RSS_SAMPLE t=1153.0s rss=4740MB hwm=4740MB
RSS_SAMPLE t=1153.3s rss=4740MB hwm=4740MB
RSS_SAMPLE t=1153.5s rss=4740MB hwm=4740MB
RSS_SAMPLE t=1153.8s rss=4741MB hwm=4741MB
RSS_SAMPLE t=1154.0s rss=4741MB hwm=4741MB
RSS_SAMPLE t=1154.3s rss=4741MB hwm=4741MB
RSS_SAMPLE t=1154.5s rss=4741MB hwm=4741MB
RSS_SAMPLE t=1154.8s rss=4741MB hwm=4741MB
RSS_SAMPLE t=1155.0s rss=4741MB hwm=4741MB
RSS_SAMPLE t=1155.3s rss=4742MB hwm=4742MB
RSS_SAMPLE t=1155.5s rss=4742MB hwm=4742MB
RSS_SAMPLE t=1155.8s rss=4742MB hwm=4742MB
RSS_SAMPLE t=1156.0s rss=4742MB hwm=4742MB
RSS_SAMPLE t=1156.3s rss=4742MB hwm=4742MB
RSS_SAMPLE t=1156.5s rss=4742MB hwm=4742MB
RSS_SAMPLE t=1156.8s rss=4742MB hwm=4742MB
RSS_SAMPLE t=1157.0s rss=4742MB hwm=4742MB
RSS_SAMPLE t=1157.3s rss=4742MB hwm=4742MB
RSS_SAMPLE t=1157.5s rss=4742MB hwm=4742MB
RSS_SAMPLE t=1157.8s rss=4742MB hwm=4742MB
RSS_SAMPLE t=1158.0s rss=4742MB hwm=4742MB
RSS_SAMPLE t=1158.3s rss=4742MB hwm=4742MB
RSS_SAMPLE t=1158.5s rss=4742MB hwm=4742MB
RSS_SAMPLE t=1158.8s rss=4742MB hwm=4742MB
RSS_SAMPLE t=1159.0s rss=4742MB hwm=4742MB
RSS_SAMPLE t=1159.3s rss=4742MB hwm=4742MB
RSS_SAMPLE t=1159.5s rss=4742MB hwm=4742MB
RSS_SAMPLE t=1159.8s rss=4742MB hwm=4742MB
RSS_SAMPLE t=1160.0s rss=4742MB hwm=4742MB
RSS_SAMPLE t=1160.3s rss=4742MB hwm=4742MB
RSS_SAMPLE t=1160.5s rss=4742MB hwm=4742MB
RSS_SAMPLE t=1160.8s rss=4742MB hwm=4742MB
RSS_SAMPLE t=1161.0s rss=4742MB hwm=4742MB
RSS_SAMPLE t=1161.3s rss=4742MB hwm=4742MB
RSS_SAMPLE t=1161.5s rss=4742MB hwm=4742MB
RSS_SAMPLE t=1161.8s rss=4742MB hwm=4742MB
RSS_SAMPLE t=1162.0s rss=4742MB hwm=4742MB
RSS_SAMPLE t=1162.3s rss=4742MB hwm=4742MB
RSS_SAMPLE t=1162.5s rss=4742MB hwm=4742MB
RSS_SAMPLE t=1162.8s rss=4742MB hwm=4742MB
RSS_SAMPLE t=1163.0s rss=4742MB hwm=4742MB
RSS_SAMPLE t=1163.3s rss=4742MB hwm=4742MB
RSS_SAMPLE t=1163.5s rss=4742MB hwm=4742MB
RSS_SAMPLE t=1163.8s rss=4742MB hwm=4742MB
RSS_SAMPLE t=1164.0s rss=4742MB hwm=4742MB
RSS_SAMPLE t=1164.3s rss=4742MB hwm=4742MB
RSS_SAMPLE t=1164.5s rss=4742MB hwm=4742MB
RSS_SAMPLE t=1164.8s rss=4742MB hwm=4742MB
RSS_SAMPLE t=1165.0s rss=4742MB hwm=4742MB
RSS_SAMPLE t=1165.3s rss=4742MB hwm=4742MB
RSS_SAMPLE t=1165.5s rss=4742MB hwm=4742MB
RSS_SAMPLE t=1165.8s rss=4742MB hwm=4742MB
RSS_SAMPLE t=1166.0s rss=4742MB hwm=4742MB
RSS_SAMPLE t=1166.3s rss=4742MB hwm=4742MB
RSS_SAMPLE t=1166.5s rss=4742MB hwm=4742MB
RSS_SAMPLE t=1166.8s rss=4742MB hwm=4742MB
RSS_SAMPLE t=1167.0s rss=4742MB hwm=4742MB
RSS_SAMPLE t=1167.3s rss=4742MB hwm=4742MB
RSS_SAMPLE t=1167.5s rss=4742MB hwm=4742MB
RSS_SAMPLE t=1167.8s rss=4742MB hwm=4742MB
RSS_SAMPLE t=1168.0s rss=4742MB hwm=4742MB
RSS_SAMPLE t=1168.3s rss=4742MB hwm=4742MB
RSS_SAMPLE t=1168.5s rss=4742MB hwm=4742MB
RSS_SAMPLE t=1168.8s rss=4742MB hwm=4742MB
RSS_SAMPLE t=1169.0s rss=4742MB hwm=4742MB
RSS_SAMPLE t=1169.3s rss=4742MB hwm=4742MB
RSS_SAMPLE t=1169.5s rss=4742MB hwm=4742MB
RSS_SAMPLE t=1169.8s rss=4742MB hwm=4742MB
RSS_SAMPLE t=1170.0s rss=4742MB hwm=4742MB
RSS_SAMPLE t=1170.3s rss=4742MB hwm=4742MB
RSS_SAMPLE t=1170.5s rss=4742MB hwm=4742MB
RSS_SAMPLE t=1170.8s rss=4742MB hwm=4742MB
RSS_SAMPLE t=1171.0s rss=4742MB hwm=4742MB
RSS_SAMPLE t=1171.3s rss=4742MB hwm=4742MB
RSS_SAMPLE t=1171.5s rss=4742MB hwm=4742MB
RSS_SAMPLE t=1171.8s rss=4742MB hwm=4742MB
RSS_SAMPLE t=1172.0s rss=4742MB hwm=4742MB
RSS_SAMPLE t=1172.3s rss=4742MB hwm=4742MB
RSS_SAMPLE t=1172.5s rss=4742MB hwm=4742MB
RSS_SAMPLE t=1172.8s rss=4742MB hwm=4742MB
RSS_SAMPLE t=1173.0s rss=4742MB hwm=4742MB
RSS_SAMPLE t=1173.3s rss=4742MB hwm=4742MB
RSS_SAMPLE t=1173.5s rss=4742MB hwm=4742MB
RSS_SAMPLE t=1173.8s rss=4742MB hwm=4742MB
RSS_SAMPLE t=1174.0s rss=4742MB hwm=4742MB
RSS_SAMPLE t=1174.3s rss=4742MB hwm=4742MB
RSS_SAMPLE t=1174.5s rss=4742MB hwm=4742MB
RSS_SAMPLE t=1174.8s rss=4742MB hwm=4742MB
RSS_SAMPLE t=1175.0s rss=4742MB hwm=4742MB
RSS_SAMPLE t=1175.3s rss=4742MB hwm=4742MB
RSS_SAMPLE t=1175.5s rss=4742MB hwm=4742MB
RSS_SAMPLE t=1175.8s rss=4742MB hwm=4742MB
RSS_SAMPLE t=1176.0s rss=4742MB hwm=4742MB
RSS_SAMPLE t=1176.3s rss=4742MB hwm=4742MB
RSS_SAMPLE t=1176.5s rss=4742MB hwm=4742MB
RSS_SAMPLE t=1176.8s rss=4742MB hwm=4742MB
RSS_SAMPLE t=1177.0s rss=4742MB hwm=4742MB
RSS_SAMPLE t=1177.3s rss=4742MB hwm=4742MB
RSS_SAMPLE t=1177.5s rss=4742MB hwm=4742MB
RSS_SAMPLE t=1177.8s rss=4742MB hwm=4742MB
RSS_SAMPLE t=1178.0s rss=4742MB hwm=4742MB
RSS_SAMPLE t=1178.3s rss=4742MB hwm=4742MB
RSS_SAMPLE t=1178.5s rss=4742MB hwm=4742MB
RSS_SAMPLE t=1178.8s rss=4742MB hwm=4742MB
RSS_SAMPLE t=1179.0s rss=4742MB hwm=4742MB
RSS_SAMPLE t=1179.3s rss=4742MB hwm=4742MB
RSS_SAMPLE t=1179.5s rss=4742MB hwm=4742MB
RSS_SAMPLE t=1179.8s rss=4742MB hwm=4742MB
RSS_SAMPLE t=1180.0s rss=4742MB hwm=4742MB
RSS_SAMPLE t=1180.3s rss=4742MB hwm=4742MB
RSS_SAMPLE t=1180.5s rss=4742MB hwm=4742MB
RSS_SAMPLE t=1180.8s rss=4742MB hwm=4742MB
RSS_SAMPLE t=1181.0s rss=4742MB hwm=4742MB
RSS_SAMPLE t=1181.3s rss=4742MB hwm=4742MB
RSS_SAMPLE t=1181.5s rss=4742MB hwm=4742MB
RSS_SAMPLE t=1181.8s rss=4742MB hwm=4742MB
RSS_SAMPLE t=1182.0s rss=4742MB hwm=4742MB
RSS_SAMPLE t=1182.3s rss=4742MB hwm=4742MB
MEM_POOL: workspaces=32 dense_usage_mb=1251 n_pipes=2562403
    post_solve_diag[outer=14]: solves=105117 cap_armed=105117 (100.0%) settle_avg=5290 above_sink_avg=199 (3.8%) settle_max=69352
    settle_hist[outer=14]: <100: 25595nets/0.2%work  <1k: 25508nets/1.6%work  <5k: 25029nets/12.0%work  <20k: 20636nets/38.7%work  <60k: 8191nets/45.6%work  >=60k: 158nets/1.8%work
    fanout_hist[outer=14]: fan1: 43710nets/13.6%work  fan2-4: 48279nets/50.2%work  fan5-16: 12974nets/35.3%work  fan17-64: 154nets/1.0%work  fan65-256: 0nets/0.0%work  fan>256: 0nets/0.0%work
    rss_probe[outer=14]: pre_post_solve=4726MB post_post_solve=4742MB after_apply=4742MB
RSS_SAMPLE t=1182.5s rss=4742MB hwm=4742MB
    E_decomp: base=9159036.1 eff=140490947924564.0 cong=140490938765527.8 cong_share=100.0% sat_pipes=223364 max_util=960.63  R_buckets: 1-2x=1184962 2-10x=1285404 10-100x=10365 >=100x=81672
    E_potential: beckmann=45138999033225.5 history_total=0.0
    SpanCache: epoch=15 entries=2030 lookups=2562403 hits=2560373 misses=2030 hit_rate=99.9%
  DCD  14: nets=105117 line=11500346 energy=7619702637.477 dE=-11331102759.106 friction=3250984.3 bins=2.0x(204) excess=64.5 moved=68140 disp=4.387 solves=105117 skip=105117 pops=556098160 theta=2.273 refresh=63856ms dcd=6979ms total=73518ms
    cache_stats: entries=61750616 capacity=126125334 est_mb=1087 rss_mb=4742
RSS_SAMPLE t=1182.8s rss=4742MB hwm=4742MB
RSS_SAMPLE t=1183.0s rss=4742MB hwm=4742MB
RSS_SAMPLE t=1183.3s rss=4742MB hwm=4742MB
RSS_SAMPLE t=1183.5s rss=4742MB hwm=4742MB
RSS_SAMPLE t=1183.8s rss=4742MB hwm=4742MB
RSS_SAMPLE t=1184.0s rss=4742MB hwm=4742MB
RSS_SAMPLE t=1184.3s rss=4742MB hwm=4742MB
RSS_SAMPLE t=1184.5s rss=4742MB hwm=4742MB
RSS_SAMPLE t=1184.8s rss=4742MB hwm=4742MB
RSS_SAMPLE t=1185.0s rss=4742MB hwm=4742MB
    SwitchMatrix: type_usage_pairs=790 lookups=2258 hits=1468 dijkstra_calls=790 avg_us=12.8 total_ms=10.1
PHASE_MARK outer=15 enter=pre_solve rss=4742MB
    rss_probe[outer=15]: pre_refresh_rss=4742MB post_pre_solve_rss=4742MB cache_entries=61750616 cache_cap=126125334 cache_est_mb=1087
    pre_solve_diag[outer=15]: solves=0 fallback=0 (0.0%) cap_armed=0 (0.0%) settle_avg=0 settle_max=0 init_count=236
    Overflow: over=182078 (7.1% of used) avg_excess=1.72 max_excess=2573.50 (nc=2597.50 cap=24 span=1)  excess_buckets: <=1=119227 1-5=51232 5-20=10192 >20=1427  by_cap: cap1=70323 cap2=105130 cap3-5=192 cap>5=6433  by_span: s1=460 s2-3=582 s4-6=6036 s7-12=102914 s>12=72086  le1_cross: cap1=61276 cap2-5=56543 cap>5=1408
    Congestion: pipes=2562403 used=2562403 congested(>50%)=553531 saturated(>90%)=223364 max_util=960.63 avg_util=0.3507
PHASE_MARK outer=15 enter=dcd_sweep rss=4742MB
RSS_SAMPLE t=1185.3s rss=4742MB hwm=4742MB
RSS_SAMPLE t=1185.5s rss=4742MB hwm=4742MB
RSS_SAMPLE t=1185.8s rss=4742MB hwm=4742MB
RSS_SAMPLE t=1186.0s rss=4742MB hwm=4742MB
RSS_SAMPLE t=1186.3s rss=4742MB hwm=4742MB
RSS_SAMPLE t=1186.5s rss=4742MB hwm=4742MB
RSS_SAMPLE t=1186.8s rss=4742MB hwm=4742MB
RSS_SAMPLE t=1187.0s rss=4742MB hwm=4742MB
RSS_SAMPLE t=1187.3s rss=4742MB hwm=4742MB
RSS_SAMPLE t=1187.5s rss=4742MB hwm=4742MB
RSS_SAMPLE t=1187.8s rss=4742MB hwm=4742MB
RSS_SAMPLE t=1188.0s rss=4742MB hwm=4742MB
RSS_SAMPLE t=1188.3s rss=4742MB hwm=4742MB
RSS_SAMPLE t=1188.5s rss=4742MB hwm=4742MB
RSS_SAMPLE t=1188.8s rss=4742MB hwm=4742MB
RSS_SAMPLE t=1189.0s rss=4742MB hwm=4742MB
RSS_SAMPLE t=1189.3s rss=4742MB hwm=4742MB
RSS_SAMPLE t=1189.5s rss=4742MB hwm=4742MB
RSS_SAMPLE t=1189.8s rss=4742MB hwm=4742MB
RSS_SAMPLE t=1190.0s rss=4742MB hwm=4742MB
RSS_SAMPLE t=1190.3s rss=4742MB hwm=4742MB
RSS_SAMPLE t=1190.5s rss=4742MB hwm=4742MB
RSS_SAMPLE t=1190.8s rss=4742MB hwm=4742MB
RSS_SAMPLE t=1191.0s rss=4742MB hwm=4742MB
RSS_SAMPLE t=1191.3s rss=4742MB hwm=4742MB
RSS_SAMPLE t=1191.5s rss=4742MB hwm=4742MB
RSS_SAMPLE t=1191.8s rss=4742MB hwm=4742MB
RSS_SAMPLE t=1192.0s rss=4742MB hwm=4742MB
PHASE_MARK outer=15 leave=dcd_sweep rss=4742MB
PHASE_MARK outer=15 enter=post_refresh rss=4742MB
RSS_SAMPLE t=1192.3s rss=4742MB hwm=4742MB
RSS_SAMPLE t=1192.5s rss=4742MB hwm=4742MB
RSS_SAMPLE t=1192.8s rss=4742MB hwm=4742MB
RSS_SAMPLE t=1193.0s rss=4742MB hwm=4742MB
RSS_SAMPLE t=1193.3s rss=4742MB hwm=4742MB
RSS_SAMPLE t=1193.5s rss=4742MB hwm=4742MB
RSS_SAMPLE t=1193.8s rss=4742MB hwm=4742MB
RSS_SAMPLE t=1194.0s rss=4742MB hwm=4742MB
RSS_SAMPLE t=1194.3s rss=4742MB hwm=4742MB
RSS_SAMPLE t=1194.5s rss=4742MB hwm=4742MB
RSS_SAMPLE t=1194.8s rss=4742MB hwm=4742MB
RSS_SAMPLE t=1195.0s rss=4743MB hwm=4743MB
RSS_SAMPLE t=1195.3s rss=4743MB hwm=4743MB
RSS_SAMPLE t=1195.5s rss=4743MB hwm=4743MB
RSS_SAMPLE t=1195.8s rss=4744MB hwm=4744MB
RSS_SAMPLE t=1196.0s rss=4744MB hwm=4744MB
RSS_SAMPLE t=1196.3s rss=4744MB hwm=4744MB
RSS_SAMPLE t=1196.5s rss=4744MB hwm=4744MB
RSS_SAMPLE t=1196.8s rss=4744MB hwm=4744MB
RSS_SAMPLE t=1197.0s rss=4744MB hwm=4744MB
RSS_SAMPLE t=1197.3s rss=4745MB hwm=4745MB
RSS_SAMPLE t=1197.5s rss=4745MB hwm=4745MB
RSS_SAMPLE t=1197.8s rss=4745MB hwm=4745MB
RSS_SAMPLE t=1198.0s rss=4745MB hwm=4745MB
RSS_SAMPLE t=1198.3s rss=4745MB hwm=4745MB
RSS_SAMPLE t=1198.5s rss=4745MB hwm=4745MB
RSS_SAMPLE t=1198.8s rss=4745MB hwm=4745MB
RSS_SAMPLE t=1199.0s rss=4746MB hwm=4746MB
RSS_SAMPLE t=1199.3s rss=4746MB hwm=4746MB
RSS_SAMPLE t=1199.5s rss=4746MB hwm=4746MB
RSS_SAMPLE t=1199.8s rss=4746MB hwm=4746MB
RSS_SAMPLE t=1200.0s rss=4746MB hwm=4746MB
RSS_SAMPLE t=1200.3s rss=4747MB hwm=4747MB
RSS_SAMPLE t=1200.5s rss=4747MB hwm=4747MB
RSS_SAMPLE t=1200.8s rss=4747MB hwm=4747MB
RSS_SAMPLE t=1201.0s rss=4747MB hwm=4747MB
RSS_SAMPLE t=1201.3s rss=4747MB hwm=4747MB
RSS_SAMPLE t=1201.5s rss=4747MB hwm=4747MB
RSS_SAMPLE t=1201.8s rss=4748MB hwm=4748MB
RSS_SAMPLE t=1202.0s rss=4748MB hwm=4748MB
RSS_SAMPLE t=1202.3s rss=4748MB hwm=4748MB
RSS_SAMPLE t=1202.5s rss=4748MB hwm=4748MB
RSS_SAMPLE t=1202.8s rss=4748MB hwm=4748MB
RSS_SAMPLE t=1203.1s rss=4748MB hwm=4748MB
RSS_SAMPLE t=1203.3s rss=4748MB hwm=4748MB
RSS_SAMPLE t=1203.6s rss=4748MB hwm=4748MB
RSS_SAMPLE t=1203.8s rss=4748MB hwm=4748MB
RSS_SAMPLE t=1204.1s rss=4748MB hwm=4748MB
RSS_SAMPLE t=1204.3s rss=4748MB hwm=4748MB
RSS_SAMPLE t=1204.6s rss=4748MB hwm=4748MB
RSS_SAMPLE t=1204.8s rss=4748MB hwm=4748MB
RSS_SAMPLE t=1205.1s rss=4748MB hwm=4748MB
RSS_SAMPLE t=1205.3s rss=4748MB hwm=4748MB
RSS_SAMPLE t=1205.6s rss=4748MB hwm=4748MB
RSS_SAMPLE t=1205.8s rss=4748MB hwm=4748MB
RSS_SAMPLE t=1206.1s rss=4748MB hwm=4748MB
RSS_SAMPLE t=1206.3s rss=4748MB hwm=4748MB
RSS_SAMPLE t=1206.6s rss=4748MB hwm=4748MB
RSS_SAMPLE t=1206.8s rss=4748MB hwm=4748MB
RSS_SAMPLE t=1207.1s rss=4748MB hwm=4748MB
RSS_SAMPLE t=1207.3s rss=4748MB hwm=4748MB
RSS_SAMPLE t=1207.6s rss=4748MB hwm=4748MB
RSS_SAMPLE t=1207.8s rss=4748MB hwm=4748MB
RSS_SAMPLE t=1208.1s rss=4748MB hwm=4748MB
RSS_SAMPLE t=1208.3s rss=4748MB hwm=4748MB
RSS_SAMPLE t=1208.6s rss=4748MB hwm=4748MB
RSS_SAMPLE t=1208.8s rss=4748MB hwm=4748MB
RSS_SAMPLE t=1209.1s rss=4748MB hwm=4748MB
RSS_SAMPLE t=1209.3s rss=4748MB hwm=4748MB
RSS_SAMPLE t=1209.6s rss=4749MB hwm=4749MB
RSS_SAMPLE t=1209.8s rss=4749MB hwm=4749MB
RSS_SAMPLE t=1210.1s rss=4749MB hwm=4749MB
RSS_SAMPLE t=1210.3s rss=4749MB hwm=4749MB
RSS_SAMPLE t=1210.6s rss=4749MB hwm=4749MB
RSS_SAMPLE t=1210.8s rss=4749MB hwm=4749MB
RSS_SAMPLE t=1211.1s rss=4749MB hwm=4749MB
RSS_SAMPLE t=1211.3s rss=4749MB hwm=4749MB
RSS_SAMPLE t=1211.6s rss=4749MB hwm=4749MB
RSS_SAMPLE t=1211.8s rss=4749MB hwm=4749MB
RSS_SAMPLE t=1212.1s rss=4749MB hwm=4749MB
RSS_SAMPLE t=1212.3s rss=4749MB hwm=4749MB
RSS_SAMPLE t=1212.6s rss=4749MB hwm=4749MB
RSS_SAMPLE t=1212.8s rss=4749MB hwm=4749MB
RSS_SAMPLE t=1213.1s rss=4749MB hwm=4749MB
RSS_SAMPLE t=1213.3s rss=4749MB hwm=4749MB
RSS_SAMPLE t=1213.6s rss=4749MB hwm=4749MB
RSS_SAMPLE t=1213.8s rss=4749MB hwm=4749MB
RSS_SAMPLE t=1214.1s rss=4749MB hwm=4749MB
RSS_SAMPLE t=1214.3s rss=4749MB hwm=4749MB
RSS_SAMPLE t=1214.6s rss=4749MB hwm=4749MB
RSS_SAMPLE t=1214.8s rss=4749MB hwm=4749MB
RSS_SAMPLE t=1215.1s rss=4749MB hwm=4749MB
RSS_SAMPLE t=1215.3s rss=4749MB hwm=4749MB
RSS_SAMPLE t=1215.6s rss=4750MB hwm=4750MB
RSS_SAMPLE t=1215.8s rss=4750MB hwm=4750MB
RSS_SAMPLE t=1216.1s rss=4750MB hwm=4750MB
RSS_SAMPLE t=1216.3s rss=4750MB hwm=4750MB
RSS_SAMPLE t=1216.6s rss=4750MB hwm=4750MB
RSS_SAMPLE t=1216.8s rss=4750MB hwm=4750MB
RSS_SAMPLE t=1217.1s rss=4750MB hwm=4750MB
RSS_SAMPLE t=1217.3s rss=4750MB hwm=4750MB
RSS_SAMPLE t=1217.6s rss=4750MB hwm=4750MB
RSS_SAMPLE t=1217.8s rss=4750MB hwm=4750MB
RSS_SAMPLE t=1218.1s rss=4750MB hwm=4750MB
RSS_SAMPLE t=1218.3s rss=4750MB hwm=4750MB
RSS_SAMPLE t=1218.6s rss=4750MB hwm=4750MB
RSS_SAMPLE t=1218.8s rss=4750MB hwm=4750MB
RSS_SAMPLE t=1219.1s rss=4750MB hwm=4750MB
RSS_SAMPLE t=1219.3s rss=4750MB hwm=4750MB
RSS_SAMPLE t=1219.6s rss=4750MB hwm=4750MB
RSS_SAMPLE t=1219.8s rss=4750MB hwm=4750MB
RSS_SAMPLE t=1220.1s rss=4750MB hwm=4750MB
RSS_SAMPLE t=1220.3s rss=4750MB hwm=4750MB
RSS_SAMPLE t=1220.6s rss=4750MB hwm=4750MB
RSS_SAMPLE t=1220.8s rss=4750MB hwm=4750MB
RSS_SAMPLE t=1221.1s rss=4750MB hwm=4750MB
RSS_SAMPLE t=1221.3s rss=4750MB hwm=4750MB
RSS_SAMPLE t=1221.6s rss=4750MB hwm=4750MB
RSS_SAMPLE t=1221.8s rss=4750MB hwm=4750MB
RSS_SAMPLE t=1222.1s rss=4750MB hwm=4750MB
RSS_SAMPLE t=1222.3s rss=4750MB hwm=4750MB
RSS_SAMPLE t=1222.6s rss=4750MB hwm=4750MB
RSS_SAMPLE t=1222.8s rss=4750MB hwm=4750MB
RSS_SAMPLE t=1223.1s rss=4750MB hwm=4750MB
RSS_SAMPLE t=1223.3s rss=4750MB hwm=4750MB
RSS_SAMPLE t=1223.6s rss=4750MB hwm=4750MB
RSS_SAMPLE t=1223.8s rss=4750MB hwm=4750MB
RSS_SAMPLE t=1224.1s rss=4750MB hwm=4750MB
RSS_SAMPLE t=1224.3s rss=4750MB hwm=4750MB
RSS_SAMPLE t=1224.6s rss=4750MB hwm=4750MB
RSS_SAMPLE t=1224.8s rss=4750MB hwm=4750MB
RSS_SAMPLE t=1225.1s rss=4750MB hwm=4750MB
RSS_SAMPLE t=1225.3s rss=4750MB hwm=4750MB
RSS_SAMPLE t=1225.6s rss=4750MB hwm=4750MB
RSS_SAMPLE t=1225.8s rss=4750MB hwm=4750MB
RSS_SAMPLE t=1226.1s rss=4750MB hwm=4750MB
RSS_SAMPLE t=1226.3s rss=4750MB hwm=4750MB
RSS_SAMPLE t=1226.6s rss=4750MB hwm=4750MB
RSS_SAMPLE t=1226.8s rss=4750MB hwm=4750MB
RSS_SAMPLE t=1227.1s rss=4750MB hwm=4750MB
RSS_SAMPLE t=1227.3s rss=4750MB hwm=4750MB
RSS_SAMPLE t=1227.6s rss=4750MB hwm=4750MB
RSS_SAMPLE t=1227.8s rss=4750MB hwm=4750MB
RSS_SAMPLE t=1228.1s rss=4750MB hwm=4750MB
RSS_SAMPLE t=1228.3s rss=4750MB hwm=4750MB
RSS_SAMPLE t=1228.6s rss=4750MB hwm=4750MB
RSS_SAMPLE t=1228.8s rss=4750MB hwm=4750MB
RSS_SAMPLE t=1229.1s rss=4750MB hwm=4750MB
RSS_SAMPLE t=1229.3s rss=4750MB hwm=4750MB
RSS_SAMPLE t=1229.6s rss=4750MB hwm=4750MB
RSS_SAMPLE t=1229.8s rss=4750MB hwm=4750MB
RSS_SAMPLE t=1230.1s rss=4750MB hwm=4750MB
RSS_SAMPLE t=1230.3s rss=4750MB hwm=4750MB
RSS_SAMPLE t=1230.6s rss=4750MB hwm=4750MB
RSS_SAMPLE t=1230.8s rss=4750MB hwm=4750MB
RSS_SAMPLE t=1231.1s rss=4750MB hwm=4750MB
RSS_SAMPLE t=1231.3s rss=4750MB hwm=4750MB
RSS_SAMPLE t=1231.6s rss=4750MB hwm=4750MB
RSS_SAMPLE t=1231.8s rss=4750MB hwm=4750MB
RSS_SAMPLE t=1232.1s rss=4750MB hwm=4750MB
RSS_SAMPLE t=1232.3s rss=4750MB hwm=4750MB
RSS_SAMPLE t=1232.6s rss=4750MB hwm=4750MB
RSS_SAMPLE t=1232.8s rss=4750MB hwm=4750MB
RSS_SAMPLE t=1233.1s rss=4750MB hwm=4750MB
RSS_SAMPLE t=1233.3s rss=4750MB hwm=4750MB
RSS_SAMPLE t=1233.6s rss=4750MB hwm=4750MB
RSS_SAMPLE t=1233.8s rss=4750MB hwm=4750MB
RSS_SAMPLE t=1234.1s rss=4750MB hwm=4750MB
RSS_SAMPLE t=1234.3s rss=4750MB hwm=4750MB
RSS_SAMPLE t=1234.6s rss=4750MB hwm=4750MB
RSS_SAMPLE t=1234.8s rss=4750MB hwm=4750MB
RSS_SAMPLE t=1235.1s rss=4750MB hwm=4750MB
RSS_SAMPLE t=1235.3s rss=4750MB hwm=4750MB
RSS_SAMPLE t=1235.6s rss=4750MB hwm=4750MB
RSS_SAMPLE t=1235.8s rss=4750MB hwm=4750MB
RSS_SAMPLE t=1236.1s rss=4750MB hwm=4750MB
RSS_SAMPLE t=1236.3s rss=4750MB hwm=4750MB
RSS_SAMPLE t=1236.6s rss=4750MB hwm=4750MB
RSS_SAMPLE t=1236.8s rss=4750MB hwm=4750MB
RSS_SAMPLE t=1237.1s rss=4750MB hwm=4750MB
RSS_SAMPLE t=1237.3s rss=4750MB hwm=4750MB
RSS_SAMPLE t=1237.6s rss=4750MB hwm=4750MB
RSS_SAMPLE t=1237.8s rss=4750MB hwm=4750MB
RSS_SAMPLE t=1238.1s rss=4750MB hwm=4750MB
RSS_SAMPLE t=1238.3s rss=4750MB hwm=4750MB
RSS_SAMPLE t=1238.6s rss=4750MB hwm=4750MB
RSS_SAMPLE t=1238.8s rss=4750MB hwm=4750MB
RSS_SAMPLE t=1239.1s rss=4750MB hwm=4750MB
RSS_SAMPLE t=1239.3s rss=4750MB hwm=4750MB
RSS_SAMPLE t=1239.6s rss=4750MB hwm=4750MB
RSS_SAMPLE t=1239.8s rss=4750MB hwm=4750MB
RSS_SAMPLE t=1240.1s rss=4750MB hwm=4750MB
RSS_SAMPLE t=1240.3s rss=4750MB hwm=4750MB
RSS_SAMPLE t=1240.6s rss=4750MB hwm=4750MB
RSS_SAMPLE t=1240.8s rss=4750MB hwm=4750MB
RSS_SAMPLE t=1241.1s rss=4750MB hwm=4750MB
RSS_SAMPLE t=1241.3s rss=4750MB hwm=4750MB
RSS_SAMPLE t=1241.6s rss=4750MB hwm=4750MB
RSS_SAMPLE t=1241.8s rss=4750MB hwm=4750MB
RSS_SAMPLE t=1242.1s rss=4750MB hwm=4750MB
RSS_SAMPLE t=1242.3s rss=4750MB hwm=4750MB
RSS_SAMPLE t=1242.6s rss=4750MB hwm=4750MB
RSS_SAMPLE t=1242.8s rss=4750MB hwm=4750MB
RSS_SAMPLE t=1243.1s rss=4750MB hwm=4750MB
RSS_SAMPLE t=1243.3s rss=4750MB hwm=4750MB
RSS_SAMPLE t=1243.6s rss=4750MB hwm=4750MB
RSS_SAMPLE t=1243.8s rss=4750MB hwm=4750MB
RSS_SAMPLE t=1244.1s rss=4750MB hwm=4750MB
RSS_SAMPLE t=1244.3s rss=4750MB hwm=4750MB
RSS_SAMPLE t=1244.6s rss=4750MB hwm=4750MB
RSS_SAMPLE t=1244.8s rss=4750MB hwm=4750MB
RSS_SAMPLE t=1245.1s rss=4750MB hwm=4750MB
RSS_SAMPLE t=1245.3s rss=4750MB hwm=4750MB
RSS_SAMPLE t=1245.6s rss=4750MB hwm=4750MB
RSS_SAMPLE t=1245.8s rss=4750MB hwm=4750MB
RSS_SAMPLE t=1246.1s rss=4750MB hwm=4750MB
RSS_SAMPLE t=1246.3s rss=4750MB hwm=4750MB
RSS_SAMPLE t=1246.6s rss=4750MB hwm=4750MB
RSS_SAMPLE t=1246.8s rss=4750MB hwm=4750MB
MEM_POOL: workspaces=32 dense_usage_mb=1251 n_pipes=2562403
    post_solve_diag[outer=15]: solves=105117 cap_armed=105117 (100.0%) settle_avg=5014 above_sink_avg=183 (3.7%) settle_max=69353
    settle_hist[outer=15]: <100: 28953nets/0.2%work  <1k: 23274nets/1.6%work  <5k: 24813nets/12.5%work  <20k: 20468nets/40.3%work  <60k: 7474nets/43.7%work  >=60k: 135nets/1.7%work
    fanout_hist[outer=15]: fan1: 43710nets/13.5%work  fan2-4: 48279nets/50.2%work  fan5-16: 12974nets/35.4%work  fan17-64: 154nets/1.0%work  fan65-256: 0nets/0.0%work  fan>256: 0nets/0.0%work
    rss_probe[outer=15]: pre_post_solve=4742MB post_post_solve=4750MB after_apply=4750MB
RSS_SAMPLE t=1247.1s rss=4750MB hwm=4750MB
    E_decomp: base=6096300.4 eff=121943022102088.9 cong=121943016005788.5 cong_share=100.0% sat_pipes=94936 max_util=612.20  R_buckets: 1-2x=151452 2-10x=1031299 10-100x=264703 >=100x=1114949
    E_potential: beckmann=3829486318320.3 history_total=0.0
    SpanCache: epoch=16 entries=2258 lookups=2562403 hits=2560145 misses=2258 hit_rate=99.9%
  DCD  15: nets=105117 line=11101207 energy=12685643471.049 dE=+5065940833.572 friction=2574969.2 bins=2.0x(261) excess=94.9 moved=68268 disp=4.477 solves=105117 skip=105117 pops=527023873 theta=2.661 refresh=54889ms dcd=6951ms total=64512ms
    cache_stats: entries=59641612 capacity=125071464 est_mb=1078 rss_mb=4750
RSS_SAMPLE t=1247.3s rss=4750MB hwm=4750MB
RSS_SAMPLE t=1247.6s rss=4750MB hwm=4750MB
RSS_SAMPLE t=1247.8s rss=4750MB hwm=4750MB
RSS_SAMPLE t=1248.1s rss=4750MB hwm=4750MB
RSS_SAMPLE t=1248.3s rss=4750MB hwm=4750MB
RSS_SAMPLE t=1248.6s rss=4750MB hwm=4750MB
RSS_SAMPLE t=1248.8s rss=4750MB hwm=4750MB
RSS_SAMPLE t=1249.1s rss=4750MB hwm=4750MB
RSS_SAMPLE t=1249.3s rss=4750MB hwm=4750MB
RSS_SAMPLE t=1249.6s rss=4750MB hwm=4750MB
    SwitchMatrix: type_usage_pairs=654 lookups=1757 hits=1103 dijkstra_calls=654 avg_us=11.4 total_ms=7.5
PHASE_MARK outer=16 enter=pre_solve rss=4750MB
    rss_probe[outer=16]: pre_refresh_rss=4750MB post_pre_solve_rss=4750MB cache_entries=59641612 cache_cap=125071464 cache_est_mb=1078
    pre_solve_diag[outer=16]: solves=0 fallback=0 (0.0%) cap_armed=0 (0.0%) settle_avg=0 settle_max=0 init_count=242
RSS_SAMPLE t=1249.8s rss=4750MB hwm=4750MB
    Overflow: over=85150 (3.3% of used) avg_excess=3.57 max_excess=3113.24 (nc=3137.24 cap=24 span=1)  excess_buckets: <=1=29654 1-5=40729 5-20=13223 >20=1544  by_cap: cap1=15295 cap2=67573 cap3-5=1 cap>5=2281  by_span: s1=472 s2-3=558 s4-6=2253 s7-12=66756 s>12=15111  le1_cross: cap1=12893 cap2-5=16420 cap>5=341
    Congestion: pipes=2562403 used=2562403 congested(>50%)=228584 saturated(>90%)=94936 max_util=612.20 avg_util=0.2482
PHASE_MARK outer=16 enter=dcd_sweep rss=4750MB
RSS_SAMPLE t=1250.1s rss=4750MB hwm=4750MB
RSS_SAMPLE t=1250.3s rss=4750MB hwm=4750MB
RSS_SAMPLE t=1250.6s rss=4750MB hwm=4750MB
RSS_SAMPLE t=1250.8s rss=4750MB hwm=4750MB
RSS_SAMPLE t=1251.1s rss=4750MB hwm=4750MB
RSS_SAMPLE t=1251.3s rss=4750MB hwm=4750MB
RSS_SAMPLE t=1251.6s rss=4750MB hwm=4750MB
RSS_SAMPLE t=1251.8s rss=4750MB hwm=4750MB
RSS_SAMPLE t=1252.1s rss=4750MB hwm=4750MB
RSS_SAMPLE t=1252.3s rss=4750MB hwm=4750MB
RSS_SAMPLE t=1252.6s rss=4750MB hwm=4750MB
RSS_SAMPLE t=1252.8s rss=4750MB hwm=4750MB
RSS_SAMPLE t=1253.1s rss=4750MB hwm=4750MB
RSS_SAMPLE t=1253.3s rss=4750MB hwm=4750MB
RSS_SAMPLE t=1253.6s rss=4750MB hwm=4750MB
RSS_SAMPLE t=1253.8s rss=4750MB hwm=4750MB
RSS_SAMPLE t=1254.1s rss=4750MB hwm=4750MB
RSS_SAMPLE t=1254.3s rss=4750MB hwm=4750MB
RSS_SAMPLE t=1254.6s rss=4750MB hwm=4750MB
RSS_SAMPLE t=1254.8s rss=4750MB hwm=4750MB
RSS_SAMPLE t=1255.1s rss=4750MB hwm=4750MB
RSS_SAMPLE t=1255.3s rss=4750MB hwm=4750MB
RSS_SAMPLE t=1255.6s rss=4750MB hwm=4750MB
RSS_SAMPLE t=1255.8s rss=4750MB hwm=4750MB
RSS_SAMPLE t=1256.1s rss=4750MB hwm=4750MB
RSS_SAMPLE t=1256.3s rss=4750MB hwm=4750MB
RSS_SAMPLE t=1256.6s rss=4750MB hwm=4750MB
RSS_SAMPLE t=1256.8s rss=4750MB hwm=4750MB
PHASE_MARK outer=16 leave=dcd_sweep rss=4750MB
PHASE_MARK outer=16 enter=post_refresh rss=4750MB
RSS_SAMPLE t=1257.1s rss=4750MB hwm=4750MB
RSS_SAMPLE t=1257.3s rss=4750MB hwm=4750MB
RSS_SAMPLE t=1257.6s rss=4750MB hwm=4750MB
RSS_SAMPLE t=1257.8s rss=4750MB hwm=4750MB
RSS_SAMPLE t=1258.1s rss=4750MB hwm=4750MB
RSS_SAMPLE t=1258.3s rss=4750MB hwm=4750MB
RSS_SAMPLE t=1258.6s rss=4750MB hwm=4750MB
RSS_SAMPLE t=1258.8s rss=4750MB hwm=4750MB
RSS_SAMPLE t=1259.1s rss=4750MB hwm=4750MB
RSS_SAMPLE t=1259.3s rss=4750MB hwm=4750MB
RSS_SAMPLE t=1259.6s rss=4750MB hwm=4750MB
RSS_SAMPLE t=1259.8s rss=4750MB hwm=4750MB
RSS_SAMPLE t=1260.1s rss=4750MB hwm=4750MB
RSS_SAMPLE t=1260.3s rss=4750MB hwm=4750MB
RSS_SAMPLE t=1260.6s rss=4750MB hwm=4750MB
RSS_SAMPLE t=1260.8s rss=4750MB hwm=4750MB
RSS_SAMPLE t=1261.1s rss=4750MB hwm=4750MB
RSS_SAMPLE t=1261.3s rss=4750MB hwm=4750MB
RSS_SAMPLE t=1261.6s rss=4750MB hwm=4750MB
RSS_SAMPLE t=1261.8s rss=4750MB hwm=4750MB
RSS_SAMPLE t=1262.1s rss=4750MB hwm=4750MB
RSS_SAMPLE t=1262.3s rss=4750MB hwm=4750MB
RSS_SAMPLE t=1262.6s rss=4750MB hwm=4750MB
RSS_SAMPLE t=1262.8s rss=4750MB hwm=4750MB
RSS_SAMPLE t=1263.1s rss=4751MB hwm=4751MB
RSS_SAMPLE t=1263.4s rss=4751MB hwm=4751MB
RSS_SAMPLE t=1263.6s rss=4751MB hwm=4751MB
RSS_SAMPLE t=1263.9s rss=4751MB hwm=4751MB
RSS_SAMPLE t=1264.1s rss=4751MB hwm=4751MB
RSS_SAMPLE t=1264.4s rss=4751MB hwm=4751MB
RSS_SAMPLE t=1264.6s rss=4752MB hwm=4752MB
RSS_SAMPLE t=1264.9s rss=4752MB hwm=4752MB
RSS_SAMPLE t=1265.1s rss=4752MB hwm=4752MB
RSS_SAMPLE t=1265.4s rss=4752MB hwm=4752MB
RSS_SAMPLE t=1265.6s rss=4752MB hwm=4752MB
RSS_SAMPLE t=1265.9s rss=4752MB hwm=4752MB
RSS_SAMPLE t=1266.1s rss=4752MB hwm=4752MB
RSS_SAMPLE t=1266.4s rss=4752MB hwm=4752MB
RSS_SAMPLE t=1266.6s rss=4752MB hwm=4752MB
RSS_SAMPLE t=1266.9s rss=4753MB hwm=4753MB
RSS_SAMPLE t=1267.1s rss=4753MB hwm=4753MB
RSS_SAMPLE t=1267.4s rss=4753MB hwm=4753MB
RSS_SAMPLE t=1267.6s rss=4753MB hwm=4753MB
RSS_SAMPLE t=1267.9s rss=4753MB hwm=4753MB
RSS_SAMPLE t=1268.1s rss=4753MB hwm=4753MB
RSS_SAMPLE t=1268.4s rss=4753MB hwm=4753MB
RSS_SAMPLE t=1268.6s rss=4753MB hwm=4753MB
RSS_SAMPLE t=1268.9s rss=4753MB hwm=4753MB
RSS_SAMPLE t=1269.1s rss=4754MB hwm=4754MB
RSS_SAMPLE t=1269.4s rss=4754MB hwm=4754MB
RSS_SAMPLE t=1269.6s rss=4754MB hwm=4754MB
RSS_SAMPLE t=1269.9s rss=4754MB hwm=4754MB
RSS_SAMPLE t=1270.1s rss=4754MB hwm=4754MB
RSS_SAMPLE t=1270.4s rss=4754MB hwm=4754MB
RSS_SAMPLE t=1270.6s rss=4754MB hwm=4754MB
RSS_SAMPLE t=1270.9s rss=4754MB hwm=4754MB
RSS_SAMPLE t=1271.1s rss=4754MB hwm=4754MB
RSS_SAMPLE t=1271.4s rss=4754MB hwm=4754MB
RSS_SAMPLE t=1271.6s rss=4754MB hwm=4754MB
RSS_SAMPLE t=1271.9s rss=4755MB hwm=4755MB
RSS_SAMPLE t=1272.1s rss=4755MB hwm=4755MB
RSS_SAMPLE t=1272.4s rss=4755MB hwm=4755MB
RSS_SAMPLE t=1272.6s rss=4755MB hwm=4755MB
RSS_SAMPLE t=1272.9s rss=4755MB hwm=4755MB
RSS_SAMPLE t=1273.1s rss=4755MB hwm=4755MB
RSS_SAMPLE t=1273.4s rss=4755MB hwm=4755MB
RSS_SAMPLE t=1273.6s rss=4755MB hwm=4755MB
RSS_SAMPLE t=1273.9s rss=4756MB hwm=4756MB
RSS_SAMPLE t=1274.1s rss=4756MB hwm=4756MB
RSS_SAMPLE t=1274.4s rss=4756MB hwm=4756MB
RSS_SAMPLE t=1274.6s rss=4756MB hwm=4756MB
RSS_SAMPLE t=1274.9s rss=4756MB hwm=4756MB
RSS_SAMPLE t=1275.1s rss=4756MB hwm=4756MB
RSS_SAMPLE t=1275.4s rss=4757MB hwm=4757MB
RSS_SAMPLE t=1275.6s rss=4757MB hwm=4757MB
RSS_SAMPLE t=1275.9s rss=4757MB hwm=4757MB
RSS_SAMPLE t=1276.1s rss=4757MB hwm=4757MB
RSS_SAMPLE t=1276.4s rss=4757MB hwm=4757MB
RSS_SAMPLE t=1276.6s rss=4757MB hwm=4757MB
RSS_SAMPLE t=1276.9s rss=4757MB hwm=4757MB
RSS_SAMPLE t=1277.1s rss=4757MB hwm=4757MB
RSS_SAMPLE t=1277.4s rss=4757MB hwm=4757MB
RSS_SAMPLE t=1277.6s rss=4758MB hwm=4758MB
RSS_SAMPLE t=1277.9s rss=4758MB hwm=4758MB
RSS_SAMPLE t=1278.1s rss=4758MB hwm=4758MB
RSS_SAMPLE t=1278.4s rss=4758MB hwm=4758MB
RSS_SAMPLE t=1278.6s rss=4758MB hwm=4758MB
RSS_SAMPLE t=1278.9s rss=4758MB hwm=4758MB
RSS_SAMPLE t=1279.1s rss=4758MB hwm=4758MB
RSS_SAMPLE t=1279.4s rss=4758MB hwm=4758MB
RSS_SAMPLE t=1279.6s rss=4758MB hwm=4758MB
RSS_SAMPLE t=1279.9s rss=4758MB hwm=4758MB
RSS_SAMPLE t=1280.1s rss=4758MB hwm=4758MB
RSS_SAMPLE t=1280.4s rss=4758MB hwm=4758MB
RSS_SAMPLE t=1280.6s rss=4758MB hwm=4758MB
RSS_SAMPLE t=1280.9s rss=4758MB hwm=4758MB
RSS_SAMPLE t=1281.1s rss=4758MB hwm=4758MB
RSS_SAMPLE t=1281.4s rss=4758MB hwm=4758MB
RSS_SAMPLE t=1281.6s rss=4758MB hwm=4758MB
RSS_SAMPLE t=1281.9s rss=4758MB hwm=4758MB
RSS_SAMPLE t=1282.1s rss=4758MB hwm=4758MB
RSS_SAMPLE t=1282.4s rss=4758MB hwm=4758MB
RSS_SAMPLE t=1282.6s rss=4758MB hwm=4758MB
RSS_SAMPLE t=1282.9s rss=4758MB hwm=4758MB
RSS_SAMPLE t=1283.1s rss=4758MB hwm=4758MB
RSS_SAMPLE t=1283.4s rss=4758MB hwm=4758MB
RSS_SAMPLE t=1283.6s rss=4758MB hwm=4758MB
RSS_SAMPLE t=1283.9s rss=4758MB hwm=4758MB
RSS_SAMPLE t=1284.1s rss=4758MB hwm=4758MB
RSS_SAMPLE t=1284.4s rss=4758MB hwm=4758MB
RSS_SAMPLE t=1284.6s rss=4758MB hwm=4758MB
RSS_SAMPLE t=1284.9s rss=4759MB hwm=4759MB
RSS_SAMPLE t=1285.1s rss=4759MB hwm=4759MB
RSS_SAMPLE t=1285.4s rss=4759MB hwm=4759MB
RSS_SAMPLE t=1285.6s rss=4759MB hwm=4759MB
RSS_SAMPLE t=1285.9s rss=4759MB hwm=4759MB
RSS_SAMPLE t=1286.1s rss=4759MB hwm=4759MB
RSS_SAMPLE t=1286.4s rss=4759MB hwm=4759MB
RSS_SAMPLE t=1286.6s rss=4759MB hwm=4759MB
RSS_SAMPLE t=1286.9s rss=4759MB hwm=4759MB
RSS_SAMPLE t=1287.1s rss=4759MB hwm=4759MB
RSS_SAMPLE t=1287.4s rss=4759MB hwm=4759MB
RSS_SAMPLE t=1287.6s rss=4759MB hwm=4759MB
RSS_SAMPLE t=1287.9s rss=4759MB hwm=4759MB
RSS_SAMPLE t=1288.1s rss=4759MB hwm=4759MB
RSS_SAMPLE t=1288.4s rss=4759MB hwm=4759MB
RSS_SAMPLE t=1288.6s rss=4759MB hwm=4759MB
RSS_SAMPLE t=1288.9s rss=4759MB hwm=4759MB
RSS_SAMPLE t=1289.1s rss=4759MB hwm=4759MB
RSS_SAMPLE t=1289.4s rss=4759MB hwm=4759MB
RSS_SAMPLE t=1289.6s rss=4759MB hwm=4759MB
RSS_SAMPLE t=1289.9s rss=4759MB hwm=4759MB
RSS_SAMPLE t=1290.1s rss=4759MB hwm=4759MB
RSS_SAMPLE t=1290.4s rss=4759MB hwm=4759MB
RSS_SAMPLE t=1290.6s rss=4759MB hwm=4759MB
RSS_SAMPLE t=1290.9s rss=4759MB hwm=4759MB
RSS_SAMPLE t=1291.1s rss=4759MB hwm=4759MB
RSS_SAMPLE t=1291.4s rss=4759MB hwm=4759MB
RSS_SAMPLE t=1291.6s rss=4759MB hwm=4759MB
RSS_SAMPLE t=1291.9s rss=4759MB hwm=4759MB
RSS_SAMPLE t=1292.1s rss=4759MB hwm=4759MB
RSS_SAMPLE t=1292.4s rss=4759MB hwm=4759MB
RSS_SAMPLE t=1292.6s rss=4759MB hwm=4759MB
RSS_SAMPLE t=1292.9s rss=4759MB hwm=4759MB
RSS_SAMPLE t=1293.1s rss=4759MB hwm=4759MB
RSS_SAMPLE t=1293.4s rss=4759MB hwm=4759MB
RSS_SAMPLE t=1293.6s rss=4759MB hwm=4759MB
RSS_SAMPLE t=1293.9s rss=4759MB hwm=4759MB
RSS_SAMPLE t=1294.1s rss=4759MB hwm=4759MB
RSS_SAMPLE t=1294.4s rss=4759MB hwm=4759MB
RSS_SAMPLE t=1294.6s rss=4759MB hwm=4759MB
RSS_SAMPLE t=1294.9s rss=4759MB hwm=4759MB
RSS_SAMPLE t=1295.1s rss=4759MB hwm=4759MB
RSS_SAMPLE t=1295.4s rss=4759MB hwm=4759MB
RSS_SAMPLE t=1295.6s rss=4759MB hwm=4759MB
RSS_SAMPLE t=1295.9s rss=4759MB hwm=4759MB
RSS_SAMPLE t=1296.1s rss=4759MB hwm=4759MB
RSS_SAMPLE t=1296.4s rss=4759MB hwm=4759MB
RSS_SAMPLE t=1296.6s rss=4759MB hwm=4759MB
RSS_SAMPLE t=1296.9s rss=4759MB hwm=4759MB
RSS_SAMPLE t=1297.1s rss=4759MB hwm=4759MB
RSS_SAMPLE t=1297.4s rss=4759MB hwm=4759MB
RSS_SAMPLE t=1297.6s rss=4759MB hwm=4759MB
RSS_SAMPLE t=1297.9s rss=4759MB hwm=4759MB
RSS_SAMPLE t=1298.1s rss=4759MB hwm=4759MB
RSS_SAMPLE t=1298.4s rss=4759MB hwm=4759MB
RSS_SAMPLE t=1298.6s rss=4759MB hwm=4759MB
RSS_SAMPLE t=1298.9s rss=4759MB hwm=4759MB
RSS_SAMPLE t=1299.1s rss=4759MB hwm=4759MB
RSS_SAMPLE t=1299.4s rss=4759MB hwm=4759MB
RSS_SAMPLE t=1299.6s rss=4759MB hwm=4759MB
RSS_SAMPLE t=1299.9s rss=4759MB hwm=4759MB
RSS_SAMPLE t=1300.1s rss=4759MB hwm=4759MB
RSS_SAMPLE t=1300.4s rss=4759MB hwm=4759MB
RSS_SAMPLE t=1300.6s rss=4759MB hwm=4759MB
RSS_SAMPLE t=1300.9s rss=4759MB hwm=4759MB
RSS_SAMPLE t=1301.1s rss=4759MB hwm=4759MB
RSS_SAMPLE t=1301.4s rss=4759MB hwm=4759MB
RSS_SAMPLE t=1301.6s rss=4759MB hwm=4759MB
RSS_SAMPLE t=1301.9s rss=4759MB hwm=4759MB
RSS_SAMPLE t=1302.1s rss=4759MB hwm=4759MB
RSS_SAMPLE t=1302.4s rss=4759MB hwm=4759MB
RSS_SAMPLE t=1302.6s rss=4759MB hwm=4759MB
RSS_SAMPLE t=1302.9s rss=4759MB hwm=4759MB
RSS_SAMPLE t=1303.1s rss=4759MB hwm=4759MB
RSS_SAMPLE t=1303.4s rss=4759MB hwm=4759MB
RSS_SAMPLE t=1303.6s rss=4759MB hwm=4759MB
RSS_SAMPLE t=1303.9s rss=4759MB hwm=4759MB
RSS_SAMPLE t=1304.1s rss=4759MB hwm=4759MB
RSS_SAMPLE t=1304.4s rss=4759MB hwm=4759MB
RSS_SAMPLE t=1304.6s rss=4759MB hwm=4759MB
RSS_SAMPLE t=1304.9s rss=4759MB hwm=4759MB
RSS_SAMPLE t=1305.1s rss=4759MB hwm=4759MB
RSS_SAMPLE t=1305.4s rss=4759MB hwm=4759MB
RSS_SAMPLE t=1305.6s rss=4759MB hwm=4759MB
RSS_SAMPLE t=1305.9s rss=4759MB hwm=4759MB
RSS_SAMPLE t=1306.1s rss=4759MB hwm=4759MB
RSS_SAMPLE t=1306.4s rss=4759MB hwm=4759MB
RSS_SAMPLE t=1306.6s rss=4759MB hwm=4759MB
RSS_SAMPLE t=1306.9s rss=4759MB hwm=4759MB
RSS_SAMPLE t=1307.1s rss=4759MB hwm=4759MB
RSS_SAMPLE t=1307.4s rss=4759MB hwm=4759MB
RSS_SAMPLE t=1307.6s rss=4759MB hwm=4759MB
RSS_SAMPLE t=1307.9s rss=4759MB hwm=4759MB
RSS_SAMPLE t=1308.1s rss=4759MB hwm=4759MB
RSS_SAMPLE t=1308.4s rss=4759MB hwm=4759MB
RSS_SAMPLE t=1308.6s rss=4759MB hwm=4759MB
RSS_SAMPLE t=1308.9s rss=4759MB hwm=4759MB
RSS_SAMPLE t=1309.1s rss=4759MB hwm=4759MB
RSS_SAMPLE t=1309.4s rss=4759MB hwm=4759MB
RSS_SAMPLE t=1309.6s rss=4759MB hwm=4759MB
RSS_SAMPLE t=1309.9s rss=4759MB hwm=4759MB
RSS_SAMPLE t=1310.1s rss=4759MB hwm=4759MB
RSS_SAMPLE t=1310.4s rss=4759MB hwm=4759MB
RSS_SAMPLE t=1310.6s rss=4759MB hwm=4759MB
RSS_SAMPLE t=1310.9s rss=4759MB hwm=4759MB
RSS_SAMPLE t=1311.1s rss=4759MB hwm=4759MB
RSS_SAMPLE t=1311.4s rss=4759MB hwm=4759MB
RSS_SAMPLE t=1311.6s rss=4759MB hwm=4759MB
RSS_SAMPLE t=1311.9s rss=4759MB hwm=4759MB
RSS_SAMPLE t=1312.1s rss=4759MB hwm=4759MB
MEM_POOL: workspaces=32 dense_usage_mb=1251 n_pipes=2562403
    post_solve_diag[outer=16]: solves=105117 cap_armed=105117 (100.0%) settle_avg=4880 above_sink_avg=215 (4.4%) settle_max=69353
    settle_hist[outer=16]: <100: 26758nets/0.2%work  <1k: 25674nets/1.8%work  <5k: 25004nets/12.9%work  <20k: 20504nets/41.3%work  <60k: 7053nets/42.3%work  >=60k: 124nets/1.6%work
    fanout_hist[outer=16]: fan1: 43710nets/13.6%work  fan2-4: 48279nets/50.1%work  fan5-16: 12974nets/35.3%work  fan17-64: 154nets/1.0%work  fan65-256: 0nets/0.0%work  fan>256: 0nets/0.0%work
    rss_probe[outer=16]: pre_post_solve=4750MB post_post_solve=4759MB after_apply=4759MB
RSS_SAMPLE t=1312.4s rss=4759MB hwm=4759MB
    E_decomp: base=8086536.7 eff=12282559923313.1 cong=12282551836776.4 cong_share=100.0% sat_pipes=266592 max_util=1867.69  R_buckets: 1-2x=1471445 2-10x=231072 10-100x=142284 >=100x=717602
    E_potential: beckmann=169190338822056.5 history_total=0.0
    SpanCache: epoch=17 entries=1757 lookups=2562403 hits=2560646 misses=1757 hit_rate=99.9%
  DCD  16: nets=105117 line=10846880 energy=12139445541.473 dE=-546197929.576 friction=7795008.6 bins=2.0x(149) excess=42.5 moved=68325 disp=4.038 solves=105117 skip=105117 pops=512926799 theta=3.116 refresh=55492ms dcd=7046ms total=65254ms
    cache_stats: entries=60607502 capacity=126800800 est_mb=1093 rss_mb=4759
RSS_SAMPLE t=1312.6s rss=4759MB hwm=4759MB
RSS_SAMPLE t=1312.9s rss=4759MB hwm=4759MB
RSS_SAMPLE t=1313.1s rss=4759MB hwm=4759MB
RSS_SAMPLE t=1313.4s rss=4759MB hwm=4759MB
RSS_SAMPLE t=1313.6s rss=4759MB hwm=4759MB
RSS_SAMPLE t=1313.9s rss=4759MB hwm=4759MB
RSS_SAMPLE t=1314.1s rss=4759MB hwm=4759MB
RSS_SAMPLE t=1314.4s rss=4759MB hwm=4759MB
RSS_SAMPLE t=1314.6s rss=4759MB hwm=4759MB
RSS_SAMPLE t=1314.9s rss=4759MB hwm=4759MB
    SwitchMatrix: type_usage_pairs=636 lookups=2177 hits=1541 dijkstra_calls=636 avg_us=13.6 total_ms=8.7
PHASE_MARK outer=17 enter=pre_solve rss=4759MB
    rss_probe[outer=17]: pre_refresh_rss=4759MB post_pre_solve_rss=4759MB cache_entries=60607502 cache_cap=126800800 cache_est_mb=1093
    pre_solve_diag[outer=17]: solves=0 fallback=0 (0.0%) cap_armed=0 (0.0%) settle_avg=0 settle_max=0 init_count=248
    Overflow: over=219981 (8.6% of used) avg_excess=1.82 max_excess=3159.04 (nc=3183.04 cap=24 span=1)  excess_buckets: <=1=139055 1-5=64533 5-20=14709 >20=1684  by_cap: cap1=114543 cap2=102250 cap3-5=0 cap>5=3188  by_span: s1=464 s2-3=470 s4-6=2660 s7-12=98786 s>12=117601  le1_cross: cap1=95023 cap2-5=43589 cap>5=443
    Congestion: pipes=2562403 used=2562403 congested(>50%)=620981 saturated(>90%)=266592 max_util=1867.69 avg_util=0.3953
PHASE_MARK outer=17 enter=dcd_sweep rss=4759MB
RSS_SAMPLE t=1315.1s rss=4759MB hwm=4759MB
RSS_SAMPLE t=1315.4s rss=4759MB hwm=4759MB
RSS_SAMPLE t=1315.6s rss=4759MB hwm=4759MB
RSS_SAMPLE t=1315.9s rss=4759MB hwm=4759MB
RSS_SAMPLE t=1316.1s rss=4759MB hwm=4759MB
RSS_SAMPLE t=1316.4s rss=4759MB hwm=4759MB
RSS_SAMPLE t=1316.6s rss=4759MB hwm=4759MB
RSS_SAMPLE t=1316.9s rss=4759MB hwm=4759MB
RSS_SAMPLE t=1317.1s rss=4759MB hwm=4759MB
RSS_SAMPLE t=1317.4s rss=4759MB hwm=4759MB
RSS_SAMPLE t=1317.6s rss=4759MB hwm=4759MB
RSS_SAMPLE t=1317.9s rss=4759MB hwm=4759MB
RSS_SAMPLE t=1318.1s rss=4759MB hwm=4759MB
RSS_SAMPLE t=1318.4s rss=4759MB hwm=4759MB
RSS_SAMPLE t=1318.6s rss=4759MB hwm=4759MB
RSS_SAMPLE t=1318.9s rss=4759MB hwm=4759MB
RSS_SAMPLE t=1319.1s rss=4759MB hwm=4759MB
RSS_SAMPLE t=1319.4s rss=4759MB hwm=4759MB
RSS_SAMPLE t=1319.6s rss=4759MB hwm=4759MB
RSS_SAMPLE t=1319.9s rss=4759MB hwm=4759MB
RSS_SAMPLE t=1320.1s rss=4759MB hwm=4759MB
RSS_SAMPLE t=1320.4s rss=4759MB hwm=4759MB
RSS_SAMPLE t=1320.6s rss=4759MB hwm=4759MB
RSS_SAMPLE t=1320.9s rss=4759MB hwm=4759MB
RSS_SAMPLE t=1321.1s rss=4759MB hwm=4759MB
RSS_SAMPLE t=1321.4s rss=4759MB hwm=4759MB
RSS_SAMPLE t=1321.6s rss=4759MB hwm=4759MB
RSS_SAMPLE t=1321.9s rss=4759MB hwm=4759MB
PHASE_MARK outer=17 leave=dcd_sweep rss=4759MB
PHASE_MARK outer=17 enter=post_refresh rss=4759MB
RSS_SAMPLE t=1322.1s rss=4759MB hwm=4759MB
RSS_SAMPLE t=1322.4s rss=4759MB hwm=4759MB
RSS_SAMPLE t=1322.6s rss=4759MB hwm=4759MB
RSS_SAMPLE t=1322.9s rss=4759MB hwm=4759MB
RSS_SAMPLE t=1323.1s rss=4759MB hwm=4759MB
RSS_SAMPLE t=1323.4s rss=4759MB hwm=4759MB
RSS_SAMPLE t=1323.6s rss=4759MB hwm=4759MB
RSS_SAMPLE t=1323.9s rss=4759MB hwm=4759MB
RSS_SAMPLE t=1324.1s rss=4759MB hwm=4759MB
RSS_SAMPLE t=1324.4s rss=4759MB hwm=4759MB
RSS_SAMPLE t=1324.6s rss=4759MB hwm=4759MB
RSS_SAMPLE t=1324.9s rss=4759MB hwm=4759MB
RSS_SAMPLE t=1325.2s rss=4759MB hwm=4759MB
RSS_SAMPLE t=1325.4s rss=4759MB hwm=4759MB
RSS_SAMPLE t=1325.7s rss=4759MB hwm=4759MB
RSS_SAMPLE t=1325.9s rss=4759MB hwm=4759MB
RSS_SAMPLE t=1326.2s rss=4759MB hwm=4759MB
RSS_SAMPLE t=1326.4s rss=4759MB hwm=4759MB
RSS_SAMPLE t=1326.7s rss=4759MB hwm=4759MB
RSS_SAMPLE t=1326.9s rss=4759MB hwm=4759MB
RSS_SAMPLE t=1327.2s rss=4759MB hwm=4759MB
RSS_SAMPLE t=1327.4s rss=4759MB hwm=4759MB
RSS_SAMPLE t=1327.7s rss=4759MB hwm=4759MB
RSS_SAMPLE t=1327.9s rss=4759MB hwm=4759MB
RSS_SAMPLE t=1328.2s rss=4759MB hwm=4759MB
RSS_SAMPLE t=1328.4s rss=4759MB hwm=4759MB
RSS_SAMPLE t=1328.7s rss=4759MB hwm=4759MB
RSS_SAMPLE t=1328.9s rss=4759MB hwm=4759MB
RSS_SAMPLE t=1329.2s rss=4759MB hwm=4759MB
RSS_SAMPLE t=1329.4s rss=4760MB hwm=4760MB
RSS_SAMPLE t=1329.7s rss=4760MB hwm=4760MB
RSS_SAMPLE t=1329.9s rss=4760MB hwm=4760MB
RSS_SAMPLE t=1330.2s rss=4760MB hwm=4760MB
RSS_SAMPLE t=1330.4s rss=4760MB hwm=4760MB
RSS_SAMPLE t=1330.7s rss=4760MB hwm=4760MB
RSS_SAMPLE t=1330.9s rss=4760MB hwm=4760MB
RSS_SAMPLE t=1331.2s rss=4760MB hwm=4760MB
RSS_SAMPLE t=1331.4s rss=4760MB hwm=4760MB
RSS_SAMPLE t=1331.7s rss=4760MB hwm=4760MB
RSS_SAMPLE t=1331.9s rss=4760MB hwm=4760MB
RSS_SAMPLE t=1332.2s rss=4760MB hwm=4760MB
RSS_SAMPLE t=1332.4s rss=4760MB hwm=4760MB
RSS_SAMPLE t=1332.7s rss=4760MB hwm=4760MB
RSS_SAMPLE t=1332.9s rss=4760MB hwm=4760MB
RSS_SAMPLE t=1333.2s rss=4760MB hwm=4760MB
RSS_SAMPLE t=1333.4s rss=4760MB hwm=4760MB
RSS_SAMPLE t=1333.7s rss=4760MB hwm=4760MB
RSS_SAMPLE t=1333.9s rss=4760MB hwm=4760MB
RSS_SAMPLE t=1334.2s rss=4760MB hwm=4760MB
RSS_SAMPLE t=1334.4s rss=4760MB hwm=4760MB
RSS_SAMPLE t=1334.7s rss=4760MB hwm=4760MB
RSS_SAMPLE t=1334.9s rss=4761MB hwm=4761MB
RSS_SAMPLE t=1335.2s rss=4761MB hwm=4761MB
RSS_SAMPLE t=1335.4s rss=4761MB hwm=4761MB
RSS_SAMPLE t=1335.7s rss=4761MB hwm=4761MB
RSS_SAMPLE t=1335.9s rss=4761MB hwm=4761MB
RSS_SAMPLE t=1336.2s rss=4761MB hwm=4761MB
RSS_SAMPLE t=1336.4s rss=4761MB hwm=4761MB
RSS_SAMPLE t=1336.7s rss=4761MB hwm=4761MB
RSS_SAMPLE t=1336.9s rss=4761MB hwm=4761MB
RSS_SAMPLE t=1337.2s rss=4761MB hwm=4761MB
RSS_SAMPLE t=1337.4s rss=4761MB hwm=4761MB
RSS_SAMPLE t=1337.7s rss=4761MB hwm=4761MB
RSS_SAMPLE t=1337.9s rss=4762MB hwm=4762MB
RSS_SAMPLE t=1338.2s rss=4762MB hwm=4762MB
RSS_SAMPLE t=1338.4s rss=4762MB hwm=4762MB
RSS_SAMPLE t=1338.7s rss=4762MB hwm=4762MB
RSS_SAMPLE t=1338.9s rss=4762MB hwm=4762MB
RSS_SAMPLE t=1339.2s rss=4762MB hwm=4762MB
RSS_SAMPLE t=1339.4s rss=4762MB hwm=4762MB
RSS_SAMPLE t=1339.7s rss=4762MB hwm=4762MB
RSS_SAMPLE t=1339.9s rss=4762MB hwm=4762MB
RSS_SAMPLE t=1340.2s rss=4762MB hwm=4762MB
RSS_SAMPLE t=1340.4s rss=4762MB hwm=4762MB
RSS_SAMPLE t=1340.7s rss=4762MB hwm=4762MB
RSS_SAMPLE t=1340.9s rss=4762MB hwm=4762MB
RSS_SAMPLE t=1341.2s rss=4762MB hwm=4762MB
RSS_SAMPLE t=1341.4s rss=4762MB hwm=4762MB
RSS_SAMPLE t=1341.7s rss=4762MB hwm=4762MB
RSS_SAMPLE t=1341.9s rss=4763MB hwm=4763MB
RSS_SAMPLE t=1342.2s rss=4763MB hwm=4763MB
RSS_SAMPLE t=1342.4s rss=4763MB hwm=4763MB
RSS_SAMPLE t=1342.7s rss=4763MB hwm=4763MB
RSS_SAMPLE t=1342.9s rss=4763MB hwm=4763MB
RSS_SAMPLE t=1343.2s rss=4763MB hwm=4763MB
RSS_SAMPLE t=1343.4s rss=4763MB hwm=4763MB
RSS_SAMPLE t=1343.7s rss=4763MB hwm=4763MB
RSS_SAMPLE t=1343.9s rss=4763MB hwm=4763MB
RSS_SAMPLE t=1344.2s rss=4763MB hwm=4763MB
RSS_SAMPLE t=1344.4s rss=4763MB hwm=4763MB
RSS_SAMPLE t=1344.7s rss=4763MB hwm=4763MB
RSS_SAMPLE t=1344.9s rss=4763MB hwm=4763MB
RSS_SAMPLE t=1345.2s rss=4764MB hwm=4764MB
RSS_SAMPLE t=1345.4s rss=4764MB hwm=4764MB
RSS_SAMPLE t=1345.7s rss=4764MB hwm=4764MB
RSS_SAMPLE t=1345.9s rss=4764MB hwm=4764MB
RSS_SAMPLE t=1346.2s rss=4764MB hwm=4764MB
RSS_SAMPLE t=1346.4s rss=4764MB hwm=4764MB
RSS_SAMPLE t=1346.7s rss=4764MB hwm=4764MB
RSS_SAMPLE t=1346.9s rss=4764MB hwm=4764MB
RSS_SAMPLE t=1347.2s rss=4765MB hwm=4765MB
RSS_SAMPLE t=1347.4s rss=4765MB hwm=4765MB
RSS_SAMPLE t=1347.7s rss=4765MB hwm=4765MB
RSS_SAMPLE t=1347.9s rss=4765MB hwm=4765MB
RSS_SAMPLE t=1348.2s rss=4765MB hwm=4765MB
RSS_SAMPLE t=1348.4s rss=4765MB hwm=4765MB
RSS_SAMPLE t=1348.7s rss=4765MB hwm=4765MB
RSS_SAMPLE t=1348.9s rss=4765MB hwm=4765MB
RSS_SAMPLE t=1349.2s rss=4765MB hwm=4765MB
RSS_SAMPLE t=1349.4s rss=4765MB hwm=4765MB
RSS_SAMPLE t=1349.7s rss=4765MB hwm=4765MB
RSS_SAMPLE t=1349.9s rss=4765MB hwm=4765MB
RSS_SAMPLE t=1350.2s rss=4765MB hwm=4765MB
RSS_SAMPLE t=1350.4s rss=4765MB hwm=4765MB
RSS_SAMPLE t=1350.7s rss=4765MB hwm=4765MB
RSS_SAMPLE t=1350.9s rss=4765MB hwm=4765MB
RSS_SAMPLE t=1351.2s rss=4765MB hwm=4765MB
RSS_SAMPLE t=1351.4s rss=4765MB hwm=4765MB
RSS_SAMPLE t=1351.7s rss=4765MB hwm=4765MB
RSS_SAMPLE t=1351.9s rss=4765MB hwm=4765MB
RSS_SAMPLE t=1352.2s rss=4765MB hwm=4765MB
RSS_SAMPLE t=1352.4s rss=4765MB hwm=4765MB
RSS_SAMPLE t=1352.7s rss=4765MB hwm=4765MB
RSS_SAMPLE t=1352.9s rss=4765MB hwm=4765MB
RSS_SAMPLE t=1353.2s rss=4765MB hwm=4765MB
RSS_SAMPLE t=1353.4s rss=4765MB hwm=4765MB
RSS_SAMPLE t=1353.7s rss=4765MB hwm=4765MB
RSS_SAMPLE t=1353.9s rss=4765MB hwm=4765MB
RSS_SAMPLE t=1354.2s rss=4765MB hwm=4765MB
RSS_SAMPLE t=1354.4s rss=4765MB hwm=4765MB
RSS_SAMPLE t=1354.7s rss=4765MB hwm=4765MB
RSS_SAMPLE t=1354.9s rss=4765MB hwm=4765MB
RSS_SAMPLE t=1355.2s rss=4765MB hwm=4765MB
RSS_SAMPLE t=1355.4s rss=4765MB hwm=4765MB
RSS_SAMPLE t=1355.7s rss=4765MB hwm=4765MB
RSS_SAMPLE t=1355.9s rss=4765MB hwm=4765MB
RSS_SAMPLE t=1356.2s rss=4765MB hwm=4765MB
RSS_SAMPLE t=1356.4s rss=4765MB hwm=4765MB
RSS_SAMPLE t=1356.7s rss=4765MB hwm=4765MB
RSS_SAMPLE t=1356.9s rss=4765MB hwm=4765MB
RSS_SAMPLE t=1357.2s rss=4765MB hwm=4765MB
RSS_SAMPLE t=1357.4s rss=4765MB hwm=4765MB
RSS_SAMPLE t=1357.7s rss=4765MB hwm=4765MB
RSS_SAMPLE t=1357.9s rss=4765MB hwm=4765MB
RSS_SAMPLE t=1358.2s rss=4765MB hwm=4765MB
RSS_SAMPLE t=1358.4s rss=4765MB hwm=4765MB
RSS_SAMPLE t=1358.7s rss=4765MB hwm=4765MB
RSS_SAMPLE t=1358.9s rss=4765MB hwm=4765MB
RSS_SAMPLE t=1359.2s rss=4765MB hwm=4765MB
RSS_SAMPLE t=1359.4s rss=4765MB hwm=4765MB
RSS_SAMPLE t=1359.7s rss=4765MB hwm=4765MB
RSS_SAMPLE t=1359.9s rss=4765MB hwm=4765MB
RSS_SAMPLE t=1360.2s rss=4765MB hwm=4765MB
RSS_SAMPLE t=1360.4s rss=4765MB hwm=4765MB
RSS_SAMPLE t=1360.7s rss=4765MB hwm=4765MB
RSS_SAMPLE t=1360.9s rss=4765MB hwm=4765MB
RSS_SAMPLE t=1361.2s rss=4765MB hwm=4765MB
RSS_SAMPLE t=1361.4s rss=4765MB hwm=4765MB
RSS_SAMPLE t=1361.7s rss=4765MB hwm=4765MB
RSS_SAMPLE t=1361.9s rss=4765MB hwm=4765MB
RSS_SAMPLE t=1362.2s rss=4765MB hwm=4765MB
RSS_SAMPLE t=1362.4s rss=4765MB hwm=4765MB
RSS_SAMPLE t=1362.7s rss=4765MB hwm=4765MB
RSS_SAMPLE t=1362.9s rss=4765MB hwm=4765MB
RSS_SAMPLE t=1363.2s rss=4765MB hwm=4765MB
RSS_SAMPLE t=1363.4s rss=4765MB hwm=4765MB
RSS_SAMPLE t=1363.7s rss=4765MB hwm=4765MB
RSS_SAMPLE t=1363.9s rss=4765MB hwm=4765MB
RSS_SAMPLE t=1364.2s rss=4765MB hwm=4765MB
RSS_SAMPLE t=1364.4s rss=4765MB hwm=4765MB
RSS_SAMPLE t=1364.7s rss=4765MB hwm=4765MB
RSS_SAMPLE t=1364.9s rss=4765MB hwm=4765MB
RSS_SAMPLE t=1365.2s rss=4765MB hwm=4765MB
RSS_SAMPLE t=1365.4s rss=4765MB hwm=4765MB
RSS_SAMPLE t=1365.7s rss=4765MB hwm=4765MB
RSS_SAMPLE t=1365.9s rss=4765MB hwm=4765MB
RSS_SAMPLE t=1366.2s rss=4765MB hwm=4765MB
RSS_SAMPLE t=1366.4s rss=4765MB hwm=4765MB
RSS_SAMPLE t=1366.7s rss=4765MB hwm=4765MB
RSS_SAMPLE t=1366.9s rss=4765MB hwm=4765MB
RSS_SAMPLE t=1367.2s rss=4765MB hwm=4765MB
RSS_SAMPLE t=1367.4s rss=4765MB hwm=4765MB
RSS_SAMPLE t=1367.7s rss=4765MB hwm=4765MB
RSS_SAMPLE t=1367.9s rss=4765MB hwm=4765MB
RSS_SAMPLE t=1368.2s rss=4765MB hwm=4765MB
RSS_SAMPLE t=1368.4s rss=4765MB hwm=4765MB
RSS_SAMPLE t=1368.7s rss=4765MB hwm=4765MB
RSS_SAMPLE t=1368.9s rss=4765MB hwm=4765MB
RSS_SAMPLE t=1369.2s rss=4765MB hwm=4765MB
RSS_SAMPLE t=1369.4s rss=4765MB hwm=4765MB
RSS_SAMPLE t=1369.7s rss=4765MB hwm=4765MB
RSS_SAMPLE t=1369.9s rss=4765MB hwm=4765MB
RSS_SAMPLE t=1370.2s rss=4765MB hwm=4765MB
RSS_SAMPLE t=1370.4s rss=4765MB hwm=4765MB
RSS_SAMPLE t=1370.7s rss=4765MB hwm=4765MB
RSS_SAMPLE t=1370.9s rss=4765MB hwm=4765MB
RSS_SAMPLE t=1371.2s rss=4765MB hwm=4765MB
RSS_SAMPLE t=1371.5s rss=4765MB hwm=4765MB
RSS_SAMPLE t=1371.7s rss=4765MB hwm=4765MB
RSS_SAMPLE t=1372.0s rss=4765MB hwm=4765MB
RSS_SAMPLE t=1372.2s rss=4765MB hwm=4765MB
RSS_SAMPLE t=1372.5s rss=4765MB hwm=4765MB
RSS_SAMPLE t=1372.7s rss=4765MB hwm=4765MB
RSS_SAMPLE t=1373.0s rss=4765MB hwm=4765MB
RSS_SAMPLE t=1373.2s rss=4765MB hwm=4765MB
RSS_SAMPLE t=1373.5s rss=4765MB hwm=4765MB
RSS_SAMPLE t=1373.7s rss=4765MB hwm=4765MB
RSS_SAMPLE t=1374.0s rss=4765MB hwm=4765MB
RSS_SAMPLE t=1374.2s rss=4765MB hwm=4765MB
RSS_SAMPLE t=1374.5s rss=4765MB hwm=4765MB
RSS_SAMPLE t=1374.7s rss=4765MB hwm=4765MB
RSS_SAMPLE t=1375.0s rss=4765MB hwm=4765MB
RSS_SAMPLE t=1375.2s rss=4765MB hwm=4765MB
RSS_SAMPLE t=1375.5s rss=4765MB hwm=4765MB
RSS_SAMPLE t=1375.7s rss=4765MB hwm=4765MB
RSS_SAMPLE t=1376.0s rss=4765MB hwm=4765MB
RSS_SAMPLE t=1376.2s rss=4765MB hwm=4765MB
RSS_SAMPLE t=1376.5s rss=4765MB hwm=4765MB
RSS_SAMPLE t=1376.7s rss=4765MB hwm=4765MB
RSS_SAMPLE t=1377.0s rss=4765MB hwm=4765MB
RSS_SAMPLE t=1377.2s rss=4765MB hwm=4765MB
RSS_SAMPLE t=1377.5s rss=4765MB hwm=4765MB
RSS_SAMPLE t=1377.7s rss=4765MB hwm=4765MB
RSS_SAMPLE t=1378.0s rss=4765MB hwm=4765MB
RSS_SAMPLE t=1378.2s rss=4765MB hwm=4765MB
RSS_SAMPLE t=1378.5s rss=4765MB hwm=4765MB
MEM_POOL: workspaces=32 dense_usage_mb=1251 n_pipes=2562403
    post_solve_diag[outer=17]: solves=105117 cap_armed=105117 (100.0%) settle_avg=4685 above_sink_avg=194 (4.1%) settle_max=69353
    settle_hist[outer=17]: <100: 27349nets/0.2%work  <1k: 25823nets/1.9%work  <5k: 25028nets/13.5%work  <20k: 20237nets/42.3%work  <60k: 6583nets/40.9%work  >=60k: 97nets/1.3%work
    fanout_hist[outer=17]: fan1: 43710nets/13.6%work  fan2-4: 48279nets/50.1%work  fan5-16: 12974nets/35.4%work  fan17-64: 154nets/1.0%work  fan65-256: 0nets/0.0%work  fan>256: 0nets/0.0%work
    rss_probe[outer=17]: pre_post_solve=4759MB post_post_solve=4765MB after_apply=4765MB
    E_decomp: base=6240840.0 eff=425678954077031.8 cong=425678947836191.8 cong_share=100.0% sat_pipes=119716 max_util=1890.75  R_buckets: 1-2x=660728 2-10x=551082 10-100x=288258 >=100x=1062335
    E_potential: beckmann=142897349992554.7 history_total=0.0
    SpanCache: epoch=18 entries=2177 lookups=2562403 hits=2560226 misses=2177 hit_rate=99.9%
  DCD  17: nets=105117 line=10541221 energy=950014200.259 dE=-11189431341.214 friction=7882128.8 bins=2.0x(189) excess=62.1 moved=68436 disp=4.099 solves=105117 skip=105117 pops=492503737 theta=3.648 refresh=56484ms dcd=6949ms total=66168ms
    cache_stats: entries=59871773 capacity=126942214 est_mb=1094 rss_mb=4765
RSS_SAMPLE t=1378.7s rss=4765MB hwm=4765MB
RSS_SAMPLE t=1379.0s rss=4765MB hwm=4765MB
RSS_SAMPLE t=1379.2s rss=4765MB hwm=4765MB
RSS_SAMPLE t=1379.5s rss=4765MB hwm=4765MB
RSS_SAMPLE t=1379.7s rss=4765MB hwm=4765MB
RSS_SAMPLE t=1380.0s rss=4765MB hwm=4765MB
RSS_SAMPLE t=1380.2s rss=4765MB hwm=4765MB
RSS_SAMPLE t=1380.5s rss=4765MB hwm=4765MB
RSS_SAMPLE t=1380.7s rss=4765MB hwm=4765MB
RSS_SAMPLE t=1381.0s rss=4765MB hwm=4765MB
RSS_SAMPLE t=1381.2s rss=4765MB hwm=4765MB
    SwitchMatrix: type_usage_pairs=507 lookups=1629 hits=1122 dijkstra_calls=507 avg_us=13.4 total_ms=6.8
PHASE_MARK outer=18 enter=pre_solve rss=4765MB
    rss_probe[outer=18]: pre_refresh_rss=4765MB post_pre_solve_rss=4765MB cache_entries=59871773 cache_cap=126942214 cache_est_mb=1094
    pre_solve_diag[outer=18]: solves=0 fallback=0 (0.0%) cap_armed=0 (0.0%) settle_avg=0 settle_max=0 init_count=245
    Overflow: over=101471 (4.0% of used) avg_excess=2.86 max_excess=1911.41 (nc=1985.41 cap=74 span=2)  excess_buckets: <=1=43787 1-5=43254 5-20=13555 >20=875  by_cap: cap1=30604 cap2=69417 cap3-5=0 cap>5=1450  by_span: s1=347 s2-3=443 s4-6=1569 s7-12=68140 s>12=30972  le1_cross: cap1=25087 cap2-5=18473 cap>5=227
    Congestion: pipes=2562403 used=2562403 congested(>50%)=368910 saturated(>90%)=119716 max_util=1890.75 avg_util=0.3005
PHASE_MARK outer=18 enter=dcd_sweep rss=4765MB
RSS_SAMPLE t=1381.5s rss=4765MB hwm=4765MB
RSS_SAMPLE t=1381.7s rss=4765MB hwm=4765MB
RSS_SAMPLE t=1382.0s rss=4765MB hwm=4765MB
RSS_SAMPLE t=1382.2s rss=4765MB hwm=4765MB
RSS_SAMPLE t=1382.5s rss=4765MB hwm=4765MB
RSS_SAMPLE t=1382.7s rss=4765MB hwm=4765MB
RSS_SAMPLE t=1383.0s rss=4765MB hwm=4765MB
RSS_SAMPLE t=1383.2s rss=4765MB hwm=4765MB
RSS_SAMPLE t=1383.5s rss=4765MB hwm=4765MB
RSS_SAMPLE t=1383.7s rss=4765MB hwm=4765MB
RSS_SAMPLE t=1384.0s rss=4765MB hwm=4765MB
RSS_SAMPLE t=1384.2s rss=4765MB hwm=4765MB
RSS_SAMPLE t=1384.5s rss=4765MB hwm=4765MB
RSS_SAMPLE t=1384.7s rss=4765MB hwm=4765MB
RSS_SAMPLE t=1385.0s rss=4765MB hwm=4765MB
RSS_SAMPLE t=1385.2s rss=4765MB hwm=4765MB
RSS_SAMPLE t=1385.5s rss=4765MB hwm=4765MB
RSS_SAMPLE t=1385.7s rss=4765MB hwm=4765MB
RSS_SAMPLE t=1386.0s rss=4765MB hwm=4765MB
RSS_SAMPLE t=1386.2s rss=4765MB hwm=4765MB
RSS_SAMPLE t=1386.5s rss=4765MB hwm=4765MB
RSS_SAMPLE t=1386.7s rss=4765MB hwm=4765MB
RSS_SAMPLE t=1387.0s rss=4765MB hwm=4765MB
RSS_SAMPLE t=1387.2s rss=4765MB hwm=4765MB
RSS_SAMPLE t=1387.5s rss=4765MB hwm=4765MB
RSS_SAMPLE t=1387.7s rss=4765MB hwm=4765MB
RSS_SAMPLE t=1388.0s rss=4765MB hwm=4765MB
RSS_SAMPLE t=1388.2s rss=4765MB hwm=4765MB
PHASE_MARK outer=18 leave=dcd_sweep rss=4765MB
PHASE_MARK outer=18 enter=post_refresh rss=4765MB
RSS_SAMPLE t=1388.5s rss=4765MB hwm=4765MB
RSS_SAMPLE t=1388.7s rss=4765MB hwm=4765MB
RSS_SAMPLE t=1389.0s rss=4765MB hwm=4765MB
RSS_SAMPLE t=1389.2s rss=4765MB hwm=4765MB
RSS_SAMPLE t=1389.5s rss=4765MB hwm=4765MB
RSS_SAMPLE t=1389.7s rss=4765MB hwm=4765MB
RSS_SAMPLE t=1390.0s rss=4765MB hwm=4765MB
RSS_SAMPLE t=1390.2s rss=4765MB hwm=4765MB
RSS_SAMPLE t=1390.5s rss=4765MB hwm=4765MB
RSS_SAMPLE t=1390.7s rss=4765MB hwm=4765MB
RSS_SAMPLE t=1391.0s rss=4765MB hwm=4765MB
RSS_SAMPLE t=1391.2s rss=4765MB hwm=4765MB
RSS_SAMPLE t=1391.5s rss=4765MB hwm=4765MB
RSS_SAMPLE t=1391.7s rss=4765MB hwm=4765MB
RSS_SAMPLE t=1392.0s rss=4765MB hwm=4765MB
RSS_SAMPLE t=1392.2s rss=4766MB hwm=4766MB
RSS_SAMPLE t=1392.5s rss=4766MB hwm=4766MB
RSS_SAMPLE t=1392.7s rss=4766MB hwm=4766MB
RSS_SAMPLE t=1393.0s rss=4766MB hwm=4766MB
RSS_SAMPLE t=1393.2s rss=4766MB hwm=4766MB
RSS_SAMPLE t=1393.5s rss=4766MB hwm=4766MB
RSS_SAMPLE t=1393.7s rss=4766MB hwm=4766MB
RSS_SAMPLE t=1394.0s rss=4766MB hwm=4766MB
RSS_SAMPLE t=1394.2s rss=4766MB hwm=4766MB
RSS_SAMPLE t=1394.5s rss=4766MB hwm=4766MB
RSS_SAMPLE t=1394.7s rss=4766MB hwm=4766MB
RSS_SAMPLE t=1395.0s rss=4766MB hwm=4766MB
RSS_SAMPLE t=1395.2s rss=4766MB hwm=4766MB
RSS_SAMPLE t=1395.5s rss=4766MB hwm=4766MB
RSS_SAMPLE t=1395.7s rss=4767MB hwm=4767MB
RSS_SAMPLE t=1396.0s rss=4767MB hwm=4767MB
RSS_SAMPLE t=1396.2s rss=4767MB hwm=4767MB
RSS_SAMPLE t=1396.5s rss=4767MB hwm=4767MB
RSS_SAMPLE t=1396.7s rss=4767MB hwm=4767MB
RSS_SAMPLE t=1397.0s rss=4767MB hwm=4767MB
RSS_SAMPLE t=1397.2s rss=4767MB hwm=4767MB
RSS_SAMPLE t=1397.5s rss=4767MB hwm=4767MB
RSS_SAMPLE t=1397.7s rss=4767MB hwm=4767MB
RSS_SAMPLE t=1398.0s rss=4768MB hwm=4768MB
RSS_SAMPLE t=1398.2s rss=4768MB hwm=4768MB
RSS_SAMPLE t=1398.5s rss=4768MB hwm=4768MB
RSS_SAMPLE t=1398.7s rss=4768MB hwm=4768MB
RSS_SAMPLE t=1399.0s rss=4769MB hwm=4769MB
RSS_SAMPLE t=1399.2s rss=4769MB hwm=4769MB
RSS_SAMPLE t=1399.5s rss=4769MB hwm=4769MB
RSS_SAMPLE t=1399.7s rss=4769MB hwm=4769MB
RSS_SAMPLE t=1400.0s rss=4769MB hwm=4769MB
RSS_SAMPLE t=1400.2s rss=4769MB hwm=4769MB
RSS_SAMPLE t=1400.5s rss=4769MB hwm=4769MB
RSS_SAMPLE t=1400.7s rss=4769MB hwm=4769MB
RSS_SAMPLE t=1401.0s rss=4770MB hwm=4770MB
RSS_SAMPLE t=1401.2s rss=4770MB hwm=4770MB
RSS_SAMPLE t=1401.5s rss=4770MB hwm=4770MB
RSS_SAMPLE t=1401.7s rss=4770MB hwm=4770MB
RSS_SAMPLE t=1402.0s rss=4770MB hwm=4770MB
RSS_SAMPLE t=1402.2s rss=4770MB hwm=4770MB
RSS_SAMPLE t=1402.5s rss=4771MB hwm=4771MB
RSS_SAMPLE t=1402.7s rss=4771MB hwm=4771MB
RSS_SAMPLE t=1403.0s rss=4771MB hwm=4771MB
RSS_SAMPLE t=1403.2s rss=4771MB hwm=4771MB
RSS_SAMPLE t=1403.5s rss=4771MB hwm=4771MB
RSS_SAMPLE t=1403.7s rss=4771MB hwm=4771MB
RSS_SAMPLE t=1404.0s rss=4771MB hwm=4771MB
RSS_SAMPLE t=1404.2s rss=4771MB hwm=4771MB
RSS_SAMPLE t=1404.5s rss=4771MB hwm=4771MB
RSS_SAMPLE t=1404.7s rss=4771MB hwm=4771MB
RSS_SAMPLE t=1405.0s rss=4772MB hwm=4772MB
RSS_SAMPLE t=1405.2s rss=4772MB hwm=4772MB
RSS_SAMPLE t=1405.5s rss=4772MB hwm=4772MB
RSS_SAMPLE t=1405.7s rss=4772MB hwm=4772MB
RSS_SAMPLE t=1406.0s rss=4772MB hwm=4772MB
RSS_SAMPLE t=1406.2s rss=4772MB hwm=4772MB
RSS_SAMPLE t=1406.5s rss=4772MB hwm=4772MB
RSS_SAMPLE t=1406.7s rss=4772MB hwm=4772MB
RSS_SAMPLE t=1407.0s rss=4772MB hwm=4772MB
RSS_SAMPLE t=1407.2s rss=4772MB hwm=4772MB
RSS_SAMPLE t=1407.5s rss=4772MB hwm=4772MB
RSS_SAMPLE t=1407.7s rss=4772MB hwm=4772MB
RSS_SAMPLE t=1408.0s rss=4772MB hwm=4772MB
RSS_SAMPLE t=1408.2s rss=4772MB hwm=4772MB
RSS_SAMPLE t=1408.5s rss=4772MB hwm=4772MB
RSS_SAMPLE t=1408.7s rss=4773MB hwm=4773MB
RSS_SAMPLE t=1409.0s rss=4773MB hwm=4773MB
RSS_SAMPLE t=1409.2s rss=4773MB hwm=4773MB
RSS_SAMPLE t=1409.5s rss=4773MB hwm=4773MB
RSS_SAMPLE t=1409.7s rss=4773MB hwm=4773MB
RSS_SAMPLE t=1410.0s rss=4773MB hwm=4773MB
RSS_SAMPLE t=1410.2s rss=4773MB hwm=4773MB
RSS_SAMPLE t=1410.5s rss=4773MB hwm=4773MB
RSS_SAMPLE t=1410.7s rss=4773MB hwm=4773MB
RSS_SAMPLE t=1411.0s rss=4773MB hwm=4773MB
RSS_SAMPLE t=1411.2s rss=4773MB hwm=4773MB
RSS_SAMPLE t=1411.5s rss=4773MB hwm=4773MB
RSS_SAMPLE t=1411.7s rss=4773MB hwm=4773MB
RSS_SAMPLE t=1412.0s rss=4773MB hwm=4773MB
RSS_SAMPLE t=1412.2s rss=4773MB hwm=4773MB
RSS_SAMPLE t=1412.5s rss=4773MB hwm=4773MB
RSS_SAMPLE t=1412.8s rss=4773MB hwm=4773MB
RSS_SAMPLE t=1413.0s rss=4773MB hwm=4773MB
RSS_SAMPLE t=1413.3s rss=4774MB hwm=4774MB
RSS_SAMPLE t=1413.5s rss=4774MB hwm=4774MB
RSS_SAMPLE t=1413.8s rss=4774MB hwm=4774MB
RSS_SAMPLE t=1414.0s rss=4774MB hwm=4774MB
RSS_SAMPLE t=1414.3s rss=4774MB hwm=4774MB
RSS_SAMPLE t=1414.5s rss=4774MB hwm=4774MB
RSS_SAMPLE t=1414.8s rss=4774MB hwm=4774MB
RSS_SAMPLE t=1415.0s rss=4774MB hwm=4774MB
RSS_SAMPLE t=1415.3s rss=4775MB hwm=4775MB
RSS_SAMPLE t=1415.5s rss=4775MB hwm=4775MB
RSS_SAMPLE t=1415.8s rss=4775MB hwm=4775MB
RSS_SAMPLE t=1416.0s rss=4775MB hwm=4775MB
RSS_SAMPLE t=1416.3s rss=4775MB hwm=4775MB
RSS_SAMPLE t=1416.5s rss=4775MB hwm=4775MB
RSS_SAMPLE t=1416.8s rss=4775MB hwm=4775MB
RSS_SAMPLE t=1417.0s rss=4775MB hwm=4775MB
RSS_SAMPLE t=1417.3s rss=4775MB hwm=4775MB
RSS_SAMPLE t=1417.5s rss=4775MB hwm=4775MB
RSS_SAMPLE t=1417.8s rss=4775MB hwm=4775MB
RSS_SAMPLE t=1418.0s rss=4775MB hwm=4775MB
RSS_SAMPLE t=1418.3s rss=4775MB hwm=4775MB
RSS_SAMPLE t=1418.5s rss=4775MB hwm=4775MB
RSS_SAMPLE t=1418.8s rss=4775MB hwm=4775MB
RSS_SAMPLE t=1419.0s rss=4775MB hwm=4775MB
RSS_SAMPLE t=1419.3s rss=4775MB hwm=4775MB
RSS_SAMPLE t=1419.5s rss=4775MB hwm=4775MB
RSS_SAMPLE t=1419.8s rss=4775MB hwm=4775MB
RSS_SAMPLE t=1420.0s rss=4775MB hwm=4775MB
RSS_SAMPLE t=1420.3s rss=4775MB hwm=4775MB
RSS_SAMPLE t=1420.5s rss=4775MB hwm=4775MB
RSS_SAMPLE t=1420.8s rss=4775MB hwm=4775MB
RSS_SAMPLE t=1421.0s rss=4775MB hwm=4775MB
RSS_SAMPLE t=1421.3s rss=4775MB hwm=4775MB
RSS_SAMPLE t=1421.5s rss=4775MB hwm=4775MB
RSS_SAMPLE t=1421.8s rss=4775MB hwm=4775MB
RSS_SAMPLE t=1422.0s rss=4775MB hwm=4775MB
RSS_SAMPLE t=1422.3s rss=4775MB hwm=4775MB
RSS_SAMPLE t=1422.5s rss=4775MB hwm=4775MB
RSS_SAMPLE t=1422.8s rss=4775MB hwm=4775MB
RSS_SAMPLE t=1423.0s rss=4775MB hwm=4775MB
RSS_SAMPLE t=1423.3s rss=4775MB hwm=4775MB
RSS_SAMPLE t=1423.5s rss=4775MB hwm=4775MB
RSS_SAMPLE t=1423.8s rss=4775MB hwm=4775MB
RSS_SAMPLE t=1424.0s rss=4775MB hwm=4775MB
RSS_SAMPLE t=1424.3s rss=4775MB hwm=4775MB
RSS_SAMPLE t=1424.5s rss=4775MB hwm=4775MB
RSS_SAMPLE t=1424.8s rss=4775MB hwm=4775MB
RSS_SAMPLE t=1425.0s rss=4775MB hwm=4775MB
RSS_SAMPLE t=1425.3s rss=4775MB hwm=4775MB
RSS_SAMPLE t=1425.5s rss=4775MB hwm=4775MB
RSS_SAMPLE t=1425.8s rss=4775MB hwm=4775MB
RSS_SAMPLE t=1426.0s rss=4775MB hwm=4775MB
RSS_SAMPLE t=1426.3s rss=4775MB hwm=4775MB
RSS_SAMPLE t=1426.5s rss=4775MB hwm=4775MB
RSS_SAMPLE t=1426.8s rss=4775MB hwm=4775MB
RSS_SAMPLE t=1427.0s rss=4775MB hwm=4775MB
RSS_SAMPLE t=1427.3s rss=4775MB hwm=4775MB
RSS_SAMPLE t=1427.5s rss=4775MB hwm=4775MB
RSS_SAMPLE t=1427.8s rss=4775MB hwm=4775MB
RSS_SAMPLE t=1428.0s rss=4775MB hwm=4775MB
RSS_SAMPLE t=1428.3s rss=4775MB hwm=4775MB
RSS_SAMPLE t=1428.5s rss=4775MB hwm=4775MB
RSS_SAMPLE t=1428.8s rss=4775MB hwm=4775MB
RSS_SAMPLE t=1429.0s rss=4775MB hwm=4775MB
RSS_SAMPLE t=1429.3s rss=4775MB hwm=4775MB
RSS_SAMPLE t=1429.5s rss=4775MB hwm=4775MB
RSS_SAMPLE t=1429.8s rss=4775MB hwm=4775MB
RSS_SAMPLE t=1430.0s rss=4775MB hwm=4775MB
RSS_SAMPLE t=1430.3s rss=4775MB hwm=4775MB
RSS_SAMPLE t=1430.5s rss=4775MB hwm=4775MB
RSS_SAMPLE t=1430.8s rss=4775MB hwm=4775MB
RSS_SAMPLE t=1431.0s rss=4775MB hwm=4775MB
RSS_SAMPLE t=1431.3s rss=4775MB hwm=4775MB
RSS_SAMPLE t=1431.5s rss=4775MB hwm=4775MB
RSS_SAMPLE t=1431.8s rss=4775MB hwm=4775MB
RSS_SAMPLE t=1432.0s rss=4775MB hwm=4775MB
RSS_SAMPLE t=1432.3s rss=4775MB hwm=4775MB
RSS_SAMPLE t=1432.5s rss=4775MB hwm=4775MB
RSS_SAMPLE t=1432.8s rss=4775MB hwm=4775MB
RSS_SAMPLE t=1433.0s rss=4775MB hwm=4775MB
RSS_SAMPLE t=1433.3s rss=4775MB hwm=4775MB
RSS_SAMPLE t=1433.5s rss=4775MB hwm=4775MB
RSS_SAMPLE t=1433.8s rss=4775MB hwm=4775MB
RSS_SAMPLE t=1434.0s rss=4775MB hwm=4775MB
RSS_SAMPLE t=1434.3s rss=4775MB hwm=4775MB
RSS_SAMPLE t=1434.5s rss=4775MB hwm=4775MB
RSS_SAMPLE t=1434.8s rss=4775MB hwm=4775MB
RSS_SAMPLE t=1435.0s rss=4775MB hwm=4775MB
RSS_SAMPLE t=1435.3s rss=4775MB hwm=4775MB
RSS_SAMPLE t=1435.5s rss=4775MB hwm=4775MB
RSS_SAMPLE t=1435.8s rss=4775MB hwm=4775MB
RSS_SAMPLE t=1436.0s rss=4775MB hwm=4775MB
RSS_SAMPLE t=1436.3s rss=4775MB hwm=4775MB
RSS_SAMPLE t=1436.5s rss=4775MB hwm=4775MB
RSS_SAMPLE t=1436.8s rss=4775MB hwm=4775MB
RSS_SAMPLE t=1437.0s rss=4775MB hwm=4775MB
RSS_SAMPLE t=1437.3s rss=4775MB hwm=4775MB
RSS_SAMPLE t=1437.5s rss=4775MB hwm=4775MB
RSS_SAMPLE t=1437.8s rss=4775MB hwm=4775MB
RSS_SAMPLE t=1438.0s rss=4775MB hwm=4775MB
RSS_SAMPLE t=1438.3s rss=4775MB hwm=4775MB
RSS_SAMPLE t=1438.5s rss=4775MB hwm=4775MB
RSS_SAMPLE t=1438.8s rss=4775MB hwm=4775MB
RSS_SAMPLE t=1439.0s rss=4775MB hwm=4775MB
RSS_SAMPLE t=1439.3s rss=4775MB hwm=4775MB
RSS_SAMPLE t=1439.5s rss=4775MB hwm=4775MB
RSS_SAMPLE t=1439.8s rss=4775MB hwm=4775MB
RSS_SAMPLE t=1440.0s rss=4775MB hwm=4775MB
RSS_SAMPLE t=1440.3s rss=4775MB hwm=4775MB
RSS_SAMPLE t=1440.5s rss=4775MB hwm=4775MB
RSS_SAMPLE t=1440.8s rss=4775MB hwm=4775MB
RSS_SAMPLE t=1441.0s rss=4775MB hwm=4775MB
RSS_SAMPLE t=1441.3s rss=4775MB hwm=4775MB
RSS_SAMPLE t=1441.5s rss=4775MB hwm=4775MB
RSS_SAMPLE t=1441.8s rss=4775MB hwm=4775MB
RSS_SAMPLE t=1442.0s rss=4775MB hwm=4775MB
RSS_SAMPLE t=1442.3s rss=4775MB hwm=4775MB
MEM_POOL: workspaces=32 dense_usage_mb=1251 n_pipes=2562403
    post_solve_diag[outer=18]: solves=105117 cap_armed=105117 (100.0%) settle_avg=4500 above_sink_avg=192 (4.3%) settle_max=69353
    settle_hist[outer=18]: <100: 27204nets/0.2%work  <1k: 26619nets/2.0%work  <5k: 25104nets/14.0%work  <20k: 19983nets/43.2%work  <60k: 6128nets/39.5%work  >=60k: 79nets/1.1%work
    fanout_hist[outer=18]: fan1: 43710nets/13.7%work  fan2-4: 48279nets/50.0%work  fan5-16: 12974nets/35.4%work  fan17-64: 154nets/1.0%work  fan65-256: 0nets/0.0%work  fan>256: 0nets/0.0%work
    rss_probe[outer=18]: pre_post_solve=4765MB post_post_solve=4775MB after_apply=4775MB
RSS_SAMPLE t=1442.5s rss=4775MB hwm=4775MB
    E_decomp: base=5774891.8 eff=357813535738814.4 cong=357813529963922.7 cong_share=100.0% sat_pipes=115925 max_util=945.37  R_buckets: 1-2x=829720 2-10x=625404 10-100x=440472 >=100x=666807
    E_potential: beckmann=42361871842216.1 history_total=0.0
    SpanCache: epoch=19 entries=1629 lookups=2562403 hits=2560774 misses=1629 hit_rate=99.9%
  DCD  18: nets=105117 line=10293532 energy=1598802231.297 dE=+648788031.038 friction=4225881.5 bins=2.0x(183) excess=61.2 moved=68441 disp=3.900 solves=105117 skip=105117 pops=473027137 theta=4.271 refresh=54187ms dcd=7015ms total=63919ms
    cache_stats: entries=59417446 capacity=127201564 est_mb=1097 rss_mb=4775
RSS_SAMPLE t=1442.8s rss=4775MB hwm=4775MB
RSS_SAMPLE t=1443.0s rss=4775MB hwm=4775MB
RSS_SAMPLE t=1443.3s rss=4775MB hwm=4775MB
RSS_SAMPLE t=1443.5s rss=4775MB hwm=4775MB
RSS_SAMPLE t=1443.8s rss=4775MB hwm=4775MB
RSS_SAMPLE t=1444.0s rss=4775MB hwm=4775MB
RSS_SAMPLE t=1444.3s rss=4775MB hwm=4775MB
RSS_SAMPLE t=1444.5s rss=4775MB hwm=4775MB
RSS_SAMPLE t=1444.8s rss=4775MB hwm=4775MB
RSS_SAMPLE t=1445.0s rss=4775MB hwm=4775MB
    SwitchMatrix: type_usage_pairs=501 lookups=1497 hits=996 dijkstra_calls=501 avg_us=11.8 total_ms=5.9
PHASE_MARK outer=19 enter=pre_solve rss=4775MB
    rss_probe[outer=19]: pre_refresh_rss=4775MB post_pre_solve_rss=4775MB cache_entries=59417446 cache_cap=127201564 cache_est_mb=1097
    pre_solve_diag[outer=19]: solves=0 fallback=0 (0.0%) cap_armed=0 (0.0%) settle_avg=0 settle_max=0 init_count=242
    Overflow: over=100971 (3.9% of used) avg_excess=2.70 max_excess=2632.96 (nc=2656.96 cap=24 span=1)  excess_buckets: <=1=43866 1-5=46213 5-20=9597 >20=1295  by_cap: cap1=30105 cap2=70012 cap3-5=3 cap>5=851  by_span: s1=280 s2-3=401 s4-6=986 s7-12=68967 s>12=30337  le1_cross: cap1=25824 cap2-5=17890 cap>5=152
    Congestion: pipes=2562403 used=2562403 congested(>50%)=281831 saturated(>90%)=115925 max_util=945.37 avg_util=0.2701
PHASE_MARK outer=19 enter=dcd_sweep rss=4775MB
RSS_SAMPLE t=1445.3s rss=4775MB hwm=4775MB
RSS_SAMPLE t=1445.5s rss=4775MB hwm=4775MB
RSS_SAMPLE t=1445.8s rss=4775MB hwm=4775MB
RSS_SAMPLE t=1446.0s rss=4775MB hwm=4775MB
RSS_SAMPLE t=1446.3s rss=4775MB hwm=4775MB
RSS_SAMPLE t=1446.5s rss=4775MB hwm=4775MB
RSS_SAMPLE t=1446.8s rss=4775MB hwm=4775MB
RSS_SAMPLE t=1447.0s rss=4775MB hwm=4775MB
RSS_SAMPLE t=1447.3s rss=4775MB hwm=4775MB
RSS_SAMPLE t=1447.5s rss=4775MB hwm=4775MB
RSS_SAMPLE t=1447.8s rss=4775MB hwm=4775MB
RSS_SAMPLE t=1448.0s rss=4775MB hwm=4775MB
RSS_SAMPLE t=1448.3s rss=4775MB hwm=4775MB
RSS_SAMPLE t=1448.5s rss=4775MB hwm=4775MB
RSS_SAMPLE t=1448.8s rss=4775MB hwm=4775MB
RSS_SAMPLE t=1449.0s rss=4775MB hwm=4775MB
RSS_SAMPLE t=1449.3s rss=4775MB hwm=4775MB
RSS_SAMPLE t=1449.5s rss=4775MB hwm=4775MB
RSS_SAMPLE t=1449.8s rss=4775MB hwm=4775MB
RSS_SAMPLE t=1450.0s rss=4775MB hwm=4775MB
RSS_SAMPLE t=1450.3s rss=4775MB hwm=4775MB
RSS_SAMPLE t=1450.5s rss=4775MB hwm=4775MB
RSS_SAMPLE t=1450.8s rss=4775MB hwm=4775MB
RSS_SAMPLE t=1451.0s rss=4775MB hwm=4775MB
RSS_SAMPLE t=1451.3s rss=4775MB hwm=4775MB
RSS_SAMPLE t=1451.5s rss=4775MB hwm=4775MB
RSS_SAMPLE t=1451.8s rss=4775MB hwm=4775MB
RSS_SAMPLE t=1452.0s rss=4775MB hwm=4775MB
RSS_SAMPLE t=1452.3s rss=4775MB hwm=4775MB
PHASE_MARK outer=19 leave=dcd_sweep rss=4775MB
PHASE_MARK outer=19 enter=post_refresh rss=4775MB
RSS_SAMPLE t=1452.5s rss=4776MB hwm=4776MB
RSS_SAMPLE t=1452.8s rss=4776MB hwm=4776MB
RSS_SAMPLE t=1453.0s rss=4776MB hwm=4776MB
RSS_SAMPLE t=1453.3s rss=4776MB hwm=4776MB
RSS_SAMPLE t=1453.5s rss=4776MB hwm=4776MB
RSS_SAMPLE t=1453.8s rss=4776MB hwm=4776MB
RSS_SAMPLE t=1454.0s rss=4776MB hwm=4776MB
RSS_SAMPLE t=1454.3s rss=4776MB hwm=4776MB
RSS_SAMPLE t=1454.5s rss=4776MB hwm=4776MB
RSS_SAMPLE t=1454.8s rss=4776MB hwm=4776MB
RSS_SAMPLE t=1455.0s rss=4776MB hwm=4776MB
RSS_SAMPLE t=1455.3s rss=4776MB hwm=4776MB
RSS_SAMPLE t=1455.5s rss=4776MB hwm=4776MB
RSS_SAMPLE t=1455.8s rss=4776MB hwm=4776MB
RSS_SAMPLE t=1456.0s rss=4776MB hwm=4776MB
RSS_SAMPLE t=1456.3s rss=4776MB hwm=4776MB
RSS_SAMPLE t=1456.5s rss=4776MB hwm=4776MB
RSS_SAMPLE t=1456.8s rss=4776MB hwm=4776MB
RSS_SAMPLE t=1457.0s rss=4776MB hwm=4776MB
RSS_SAMPLE t=1457.3s rss=4776MB hwm=4776MB
RSS_SAMPLE t=1457.5s rss=4776MB hwm=4776MB
RSS_SAMPLE t=1457.8s rss=4776MB hwm=4776MB
RSS_SAMPLE t=1458.0s rss=4776MB hwm=4776MB
RSS_SAMPLE t=1458.3s rss=4776MB hwm=4776MB
RSS_SAMPLE t=1458.5s rss=4776MB hwm=4776MB
RSS_SAMPLE t=1458.8s rss=4776MB hwm=4776MB
RSS_SAMPLE t=1459.0s rss=4776MB hwm=4776MB
RSS_SAMPLE t=1459.3s rss=4776MB hwm=4776MB
RSS_SAMPLE t=1459.5s rss=4776MB hwm=4776MB
RSS_SAMPLE t=1459.8s rss=4776MB hwm=4776MB
RSS_SAMPLE t=1460.0s rss=4776MB hwm=4776MB
RSS_SAMPLE t=1460.3s rss=4776MB hwm=4776MB
RSS_SAMPLE t=1460.5s rss=4776MB hwm=4776MB
RSS_SAMPLE t=1460.8s rss=4776MB hwm=4776MB
RSS_SAMPLE t=1461.0s rss=4776MB hwm=4776MB
RSS_SAMPLE t=1461.3s rss=4776MB hwm=4776MB
RSS_SAMPLE t=1461.5s rss=4776MB hwm=4776MB
RSS_SAMPLE t=1461.8s rss=4776MB hwm=4776MB
RSS_SAMPLE t=1462.0s rss=4776MB hwm=4776MB
RSS_SAMPLE t=1462.3s rss=4776MB hwm=4776MB
RSS_SAMPLE t=1462.5s rss=4776MB hwm=4776MB
RSS_SAMPLE t=1462.8s rss=4776MB hwm=4776MB
RSS_SAMPLE t=1463.0s rss=4776MB hwm=4776MB
RSS_SAMPLE t=1463.3s rss=4776MB hwm=4776MB
RSS_SAMPLE t=1463.5s rss=4776MB hwm=4776MB
RSS_SAMPLE t=1463.8s rss=4776MB hwm=4776MB
RSS_SAMPLE t=1464.0s rss=4776MB hwm=4776MB
RSS_SAMPLE t=1464.3s rss=4776MB hwm=4776MB
RSS_SAMPLE t=1464.5s rss=4776MB hwm=4776MB
RSS_SAMPLE t=1464.8s rss=4776MB hwm=4776MB
RSS_SAMPLE t=1465.0s rss=4776MB hwm=4776MB
RSS_SAMPLE t=1465.3s rss=4776MB hwm=4776MB
RSS_SAMPLE t=1465.5s rss=4776MB hwm=4776MB
RSS_SAMPLE t=1465.8s rss=4776MB hwm=4776MB
RSS_SAMPLE t=1466.0s rss=4776MB hwm=4776MB
RSS_SAMPLE t=1466.3s rss=4776MB hwm=4776MB
RSS_SAMPLE t=1466.5s rss=4776MB hwm=4776MB
RSS_SAMPLE t=1466.8s rss=4776MB hwm=4776MB
RSS_SAMPLE t=1467.0s rss=4776MB hwm=4776MB
RSS_SAMPLE t=1467.3s rss=4776MB hwm=4776MB
RSS_SAMPLE t=1467.5s rss=4776MB hwm=4776MB
RSS_SAMPLE t=1467.8s rss=4776MB hwm=4776MB
RSS_SAMPLE t=1468.0s rss=4776MB hwm=4776MB
RSS_SAMPLE t=1468.3s rss=4776MB hwm=4776MB
RSS_SAMPLE t=1468.5s rss=4776MB hwm=4776MB
RSS_SAMPLE t=1468.8s rss=4776MB hwm=4776MB
RSS_SAMPLE t=1469.0s rss=4776MB hwm=4776MB
RSS_SAMPLE t=1469.3s rss=4776MB hwm=4776MB
RSS_SAMPLE t=1469.5s rss=4776MB hwm=4776MB
RSS_SAMPLE t=1469.8s rss=4776MB hwm=4776MB
RSS_SAMPLE t=1470.0s rss=4776MB hwm=4776MB
RSS_SAMPLE t=1470.3s rss=4776MB hwm=4776MB
RSS_SAMPLE t=1470.5s rss=4776MB hwm=4776MB
RSS_SAMPLE t=1470.8s rss=4776MB hwm=4776MB
RSS_SAMPLE t=1471.0s rss=4776MB hwm=4776MB
RSS_SAMPLE t=1471.3s rss=4776MB hwm=4776MB
RSS_SAMPLE t=1471.5s rss=4776MB hwm=4776MB
RSS_SAMPLE t=1471.8s rss=4776MB hwm=4776MB
RSS_SAMPLE t=1472.0s rss=4776MB hwm=4776MB
RSS_SAMPLE t=1472.3s rss=4776MB hwm=4776MB
RSS_SAMPLE t=1472.5s rss=4776MB hwm=4776MB
RSS_SAMPLE t=1472.8s rss=4776MB hwm=4776MB
RSS_SAMPLE t=1473.0s rss=4776MB hwm=4776MB
RSS_SAMPLE t=1473.3s rss=4776MB hwm=4776MB
RSS_SAMPLE t=1473.5s rss=4776MB hwm=4776MB
RSS_SAMPLE t=1473.8s rss=4776MB hwm=4776MB
RSS_SAMPLE t=1474.0s rss=4776MB hwm=4776MB
RSS_SAMPLE t=1474.3s rss=4776MB hwm=4776MB
RSS_SAMPLE t=1474.5s rss=4776MB hwm=4776MB
RSS_SAMPLE t=1474.8s rss=4776MB hwm=4776MB
RSS_SAMPLE t=1475.0s rss=4776MB hwm=4776MB
RSS_SAMPLE t=1475.3s rss=4776MB hwm=4776MB
RSS_SAMPLE t=1475.6s rss=4776MB hwm=4776MB
RSS_SAMPLE t=1475.8s rss=4776MB hwm=4776MB
RSS_SAMPLE t=1476.1s rss=4776MB hwm=4776MB
RSS_SAMPLE t=1476.3s rss=4776MB hwm=4776MB
RSS_SAMPLE t=1476.6s rss=4776MB hwm=4776MB
RSS_SAMPLE t=1476.8s rss=4776MB hwm=4776MB
RSS_SAMPLE t=1477.1s rss=4776MB hwm=4776MB
RSS_SAMPLE t=1477.3s rss=4776MB hwm=4776MB
RSS_SAMPLE t=1477.6s rss=4776MB hwm=4776MB
RSS_SAMPLE t=1477.8s rss=4776MB hwm=4776MB
RSS_SAMPLE t=1478.1s rss=4776MB hwm=4776MB
RSS_SAMPLE t=1478.3s rss=4776MB hwm=4776MB
RSS_SAMPLE t=1478.6s rss=4776MB hwm=4776MB
RSS_SAMPLE t=1478.8s rss=4776MB hwm=4776MB
RSS_SAMPLE t=1479.1s rss=4776MB hwm=4776MB
RSS_SAMPLE t=1479.3s rss=4776MB hwm=4776MB
RSS_SAMPLE t=1479.6s rss=4776MB hwm=4776MB
RSS_SAMPLE t=1479.8s rss=4776MB hwm=4776MB
RSS_SAMPLE t=1480.1s rss=4776MB hwm=4776MB
RSS_SAMPLE t=1480.3s rss=4776MB hwm=4776MB
RSS_SAMPLE t=1480.6s rss=4776MB hwm=4776MB
RSS_SAMPLE t=1480.8s rss=4776MB hwm=4776MB
RSS_SAMPLE t=1481.1s rss=4776MB hwm=4776MB
RSS_SAMPLE t=1481.3s rss=4776MB hwm=4776MB
RSS_SAMPLE t=1481.6s rss=4776MB hwm=4776MB
RSS_SAMPLE t=1481.8s rss=4776MB hwm=4776MB
RSS_SAMPLE t=1482.1s rss=4776MB hwm=4776MB
RSS_SAMPLE t=1482.3s rss=4776MB hwm=4776MB
RSS_SAMPLE t=1482.6s rss=4776MB hwm=4776MB
RSS_SAMPLE t=1482.8s rss=4776MB hwm=4776MB
RSS_SAMPLE t=1483.1s rss=4776MB hwm=4776MB
RSS_SAMPLE t=1483.3s rss=4776MB hwm=4776MB
RSS_SAMPLE t=1483.6s rss=4776MB hwm=4776MB
RSS_SAMPLE t=1483.8s rss=4776MB hwm=4776MB
RSS_SAMPLE t=1484.1s rss=4776MB hwm=4776MB
RSS_SAMPLE t=1484.3s rss=4776MB hwm=4776MB
RSS_SAMPLE t=1484.6s rss=4776MB hwm=4776MB
RSS_SAMPLE t=1484.8s rss=4776MB hwm=4776MB
RSS_SAMPLE t=1485.1s rss=4776MB hwm=4776MB
RSS_SAMPLE t=1485.3s rss=4776MB hwm=4776MB
RSS_SAMPLE t=1485.6s rss=4776MB hwm=4776MB
RSS_SAMPLE t=1485.8s rss=4776MB hwm=4776MB
RSS_SAMPLE t=1486.1s rss=4776MB hwm=4776MB
RSS_SAMPLE t=1486.3s rss=4776MB hwm=4776MB
RSS_SAMPLE t=1486.6s rss=4776MB hwm=4776MB
RSS_SAMPLE t=1486.8s rss=4776MB hwm=4776MB
RSS_SAMPLE t=1487.1s rss=4776MB hwm=4776MB
RSS_SAMPLE t=1487.3s rss=4776MB hwm=4776MB
RSS_SAMPLE t=1487.6s rss=4776MB hwm=4776MB
RSS_SAMPLE t=1487.8s rss=4776MB hwm=4776MB
RSS_SAMPLE t=1488.1s rss=4776MB hwm=4776MB
RSS_SAMPLE t=1488.3s rss=4776MB hwm=4776MB
RSS_SAMPLE t=1488.6s rss=4776MB hwm=4776MB
RSS_SAMPLE t=1488.8s rss=4776MB hwm=4776MB
RSS_SAMPLE t=1489.1s rss=4776MB hwm=4776MB
RSS_SAMPLE t=1489.3s rss=4776MB hwm=4776MB
RSS_SAMPLE t=1489.6s rss=4776MB hwm=4776MB
RSS_SAMPLE t=1489.8s rss=4776MB hwm=4776MB
RSS_SAMPLE t=1490.1s rss=4776MB hwm=4776MB
RSS_SAMPLE t=1490.3s rss=4776MB hwm=4776MB
RSS_SAMPLE t=1490.6s rss=4776MB hwm=4776MB
RSS_SAMPLE t=1490.8s rss=4776MB hwm=4776MB
RSS_SAMPLE t=1491.1s rss=4776MB hwm=4776MB
RSS_SAMPLE t=1491.3s rss=4776MB hwm=4776MB
RSS_SAMPLE t=1491.6s rss=4776MB hwm=4776MB
RSS_SAMPLE t=1491.8s rss=4776MB hwm=4776MB
RSS_SAMPLE t=1492.1s rss=4776MB hwm=4776MB
RSS_SAMPLE t=1492.3s rss=4776MB hwm=4776MB
RSS_SAMPLE t=1492.6s rss=4776MB hwm=4776MB
RSS_SAMPLE t=1492.8s rss=4776MB hwm=4776MB
RSS_SAMPLE t=1493.1s rss=4776MB hwm=4776MB
RSS_SAMPLE t=1493.3s rss=4776MB hwm=4776MB
RSS_SAMPLE t=1493.6s rss=4776MB hwm=4776MB
RSS_SAMPLE t=1493.8s rss=4776MB hwm=4776MB
RSS_SAMPLE t=1494.1s rss=4776MB hwm=4776MB
RSS_SAMPLE t=1494.3s rss=4776MB hwm=4776MB
RSS_SAMPLE t=1494.6s rss=4776MB hwm=4776MB
RSS_SAMPLE t=1494.8s rss=4776MB hwm=4776MB
RSS_SAMPLE t=1495.1s rss=4776MB hwm=4776MB
RSS_SAMPLE t=1495.3s rss=4776MB hwm=4776MB
RSS_SAMPLE t=1495.6s rss=4776MB hwm=4776MB
RSS_SAMPLE t=1495.8s rss=4776MB hwm=4776MB
RSS_SAMPLE t=1496.1s rss=4776MB hwm=4776MB
RSS_SAMPLE t=1496.3s rss=4776MB hwm=4776MB
RSS_SAMPLE t=1496.6s rss=4776MB hwm=4776MB
RSS_SAMPLE t=1496.8s rss=4776MB hwm=4776MB
RSS_SAMPLE t=1497.1s rss=4776MB hwm=4776MB
RSS_SAMPLE t=1497.3s rss=4776MB hwm=4776MB
RSS_SAMPLE t=1497.6s rss=4776MB hwm=4776MB
RSS_SAMPLE t=1497.8s rss=4776MB hwm=4776MB
RSS_SAMPLE t=1498.1s rss=4776MB hwm=4776MB
RSS_SAMPLE t=1498.3s rss=4776MB hwm=4776MB
RSS_SAMPLE t=1498.6s rss=4776MB hwm=4776MB
RSS_SAMPLE t=1498.8s rss=4776MB hwm=4776MB
RSS_SAMPLE t=1499.1s rss=4776MB hwm=4776MB
RSS_SAMPLE t=1499.3s rss=4776MB hwm=4776MB
RSS_SAMPLE t=1499.6s rss=4776MB hwm=4776MB
RSS_SAMPLE t=1499.8s rss=4776MB hwm=4776MB
RSS_SAMPLE t=1500.1s rss=4776MB hwm=4776MB
RSS_SAMPLE t=1500.3s rss=4776MB hwm=4776MB
RSS_SAMPLE t=1500.6s rss=4776MB hwm=4776MB
RSS_SAMPLE t=1500.8s rss=4776MB hwm=4776MB
RSS_SAMPLE t=1501.1s rss=4776MB hwm=4776MB
RSS_SAMPLE t=1501.3s rss=4776MB hwm=4776MB
RSS_SAMPLE t=1501.6s rss=4776MB hwm=4776MB
RSS_SAMPLE t=1501.8s rss=4776MB hwm=4776MB
RSS_SAMPLE t=1502.1s rss=4776MB hwm=4776MB
RSS_SAMPLE t=1502.3s rss=4776MB hwm=4776MB
RSS_SAMPLE t=1502.6s rss=4776MB hwm=4776MB
RSS_SAMPLE t=1502.8s rss=4776MB hwm=4776MB
RSS_SAMPLE t=1503.1s rss=4776MB hwm=4776MB
RSS_SAMPLE t=1503.3s rss=4776MB hwm=4776MB
RSS_SAMPLE t=1503.6s rss=4776MB hwm=4776MB
RSS_SAMPLE t=1503.8s rss=4776MB hwm=4776MB
RSS_SAMPLE t=1504.1s rss=4776MB hwm=4776MB
RSS_SAMPLE t=1504.3s rss=4776MB hwm=4776MB
RSS_SAMPLE t=1504.6s rss=4776MB hwm=4776MB
MEM_POOL: workspaces=32 dense_usage_mb=1251 n_pipes=2562403
    post_solve_diag[outer=19]: solves=105117 cap_armed=105117 (100.0%) settle_avg=4332 above_sink_avg=191 (4.4%) settle_max=69353
    settle_hist[outer=19]: <100: 27642nets/0.2%work  <1k: 26937nets/2.1%work  <5k: 25058nets/14.5%work  <20k: 19723nets/44.2%work  <60k: 5698nets/38.1%work  >=60k: 59nets/0.8%work
    fanout_hist[outer=19]: fan1: 43710nets/13.7%work  fan2-4: 48279nets/49.9%work  fan5-16: 12974nets/35.4%work  fan17-64: 154nets/1.0%work  fan65-256: 0nets/0.0%work  fan>256: 0nets/0.0%work
    rss_probe[outer=19]: pre_post_solve=4776MB post_post_solve=4776MB after_apply=4776MB
RSS_SAMPLE t=1504.8s rss=4776MB hwm=4776MB
    E_decomp: base=5674894.5 eff=106449425932837.9 cong=106449420257943.4 cong_share=100.0% sat_pipes=112556 max_util=960.62  R_buckets: 1-2x=932891 2-10x=744064 10-100x=238064 >=100x=647384
    E_potential: beckmann=91665345556578.8 history_total=0.0
    SpanCache: epoch=20 entries=1497 lookups=2562403 hits=2560906 misses=1497 hit_rate=99.9%
  DCD  19: nets=105117 line=10032710 energy=6767675381.973 dE=+5168873150.676 friction=4740332.7 bins=2.0x(348) excess=144.4 moved=68453 disp=3.747 solves=105117 skip=105117 pops=455318765 theta=5.000 refresh=52530ms dcd=7054ms total=62298ms
    cache_stats: entries=58731067 capacity=126897652 est_mb=1094 rss_mb=4776
DCD done: energy=6767675381.973 line=10032710 friction=4740332.7 bins=2.0x(348) excess=144.4
MuxSlotTracker: 22596 commit rejections over entire DCD
MuxSlotTracker[post-DCD]: populated_cells=68453, overflow_tiles=0, at_cap_tiles=173, peak_excess=0, capacity_hist={16:67346}
Pre-legalization: HPWL=7917698
RSS_SAMPLE t=1505.1s rss=2860MB hwm=4771MB
  type DFF: 302 valid columns, 1077536 total BELs
  type LUT6: 302 valid columns, 538768 total BELs
TypeAwarePlacement: 2 cell types
RSS_SAMPLE t=1505.3s rss=2910MB hwm=4771MB
RSS_SAMPLE t=1505.6s rss=2910MB hwm=4771MB
RSS_SAMPLE t=1505.8s rss=2910MB hwm=4771MB
RSS_SAMPLE t=1506.1s rss=2910MB hwm=4771MB
RSS_SAMPLE t=1506.3s rss=2910MB hwm=4771MB
RSS_SAMPLE t=1506.6s rss=2910MB hwm=4771MB
  SortedLegalizer: cluster_rejects=114217 shared_mux_rejects=5209977 arch_validity_rejects=0
RSS_SAMPLE t=1506.8s rss=2881MB hwm=4771MB
Post-legalization: HPWL=7757880, line=10085550
Per-net HPWL: 105118 nets, total=7757880
  #0: hpwl=531 fanout=93000 (0.0%)
  #1: hpwl=528 fanout=9 (0.0%)
  #2: hpwl=522 fanout=13 (0.0%)
  #3: hpwl=521 fanout=5 (0.0%)
  #4: hpwl=521 fanout=9 (0.0%)
  #5: hpwl=518 fanout=6 (0.0%)
  #6: hpwl=518 fanout=21 (0.0%)
  #7: hpwl=517 fanout=11 (0.0%)
  #8: hpwl=515 fanout=9 (0.0%)
  #9: hpwl=514 fanout=20 (0.0%)
  50% of HPWL from top 13957 nets (of 105118)
