Running scope as unit: run-radb6e735d7904b01bab1cee5dc7a4d5b.scope
chipdb: /home/kelvin/side-project/eisenjoch/chip_database/xc7_large.bin
design: /home/kelvin/side-project/eisenjoch/benchmark/ispd/generated/2016/FPGA01/FPGA01.json
RSS_SAMPLE t=0.0s rss=3MB hwm=3MB
RSS_SAMPLE t=0.3s rss=399MB hwm=399MB
RSS_SAMPLE t=0.5s rss=705MB hwm=705MB
RSS_SAMPLE t=0.8s rss=814MB hwm=814MB
RSS_SAMPLE t=1.0s rss=818MB hwm=822MB
RSS_SAMPLE t=1.3s rss=819MB hwm=822MB
RSS_SAMPLE t=1.5s rss=820MB hwm=822MB
cfg: max_outer_iters=20 blend_alpha=0.5 hardening_step=0 graph_model=TwoLevelPip
  topological compress: density=0.60 target_tiles=15971 final_tiles=15777 scale=1.851 center=(205.1,111.0)
  topological init: n_movable=76660, n_edges=229053, max_layer=26775, back_edges=54022, n_anchored=0
RSS_SAMPLE t=1.8s rss=820MB hwm=822MB
RSS_SAMPLE t=2.0s rss=820MB hwm=822MB
RSS_SAMPLE t=2.3s rss=820MB hwm=822MB
RSS_SAMPLE t=2.5s rss=820MB hwm=822MB
RSS_SAMPLE t=2.8s rss=820MB hwm=822MB
RSS_SAMPLE t=3.0s rss=820MB hwm=822MB
RSS_SAMPLE t=3.3s rss=820MB hwm=822MB
RSS_SAMPLE t=3.5s rss=820MB hwm=822MB
RSS_SAMPLE t=3.8s rss=820MB hwm=822MB
RSS_SAMPLE t=4.0s rss=820MB hwm=822MB
RSS_SAMPLE t=4.3s rss=820MB hwm=822MB
RSS_SAMPLE t=4.5s rss=820MB hwm=822MB
RSS_SAMPLE t=4.8s rss=820MB hwm=822MB
RSS_SAMPLE t=5.0s rss=820MB hwm=822MB
RSS_SAMPLE t=5.3s rss=820MB hwm=822MB
RSS_SAMPLE t=5.5s rss=820MB hwm=822MB
RSS_SAMPLE t=5.8s rss=820MB hwm=822MB
RSS_SAMPLE t=6.0s rss=820MB hwm=822MB
RSS_SAMPLE t=6.3s rss=820MB hwm=822MB
RSS_SAMPLE t=6.5s rss=820MB hwm=822MB
RSS_SAMPLE t=6.8s rss=820MB hwm=822MB
RSS_SAMPLE t=7.0s rss=820MB hwm=822MB
RSS_SAMPLE t=7.3s rss=820MB hwm=822MB
RSS_SAMPLE t=7.5s rss=820MB hwm=822MB
RSS_SAMPLE t=7.8s rss=820MB hwm=822MB
RSS_SAMPLE t=8.0s rss=820MB hwm=822MB
RSS_SAMPLE t=8.3s rss=820MB hwm=822MB
RSS_SAMPLE t=8.5s rss=820MB hwm=822MB
RSS_SAMPLE t=8.8s rss=820MB hwm=822MB
RSS_SAMPLE t=9.0s rss=820MB hwm=822MB
RSS_SAMPLE t=9.3s rss=820MB hwm=822MB
RSS_SAMPLE t=9.5s rss=820MB hwm=822MB
RSS_SAMPLE t=9.8s rss=820MB hwm=822MB
RSS_SAMPLE t=10.0s rss=820MB hwm=822MB
RSS_SAMPLE t=10.3s rss=820MB hwm=822MB
RSS_SAMPLE t=10.5s rss=820MB hwm=822MB
RSS_SAMPLE t=10.8s rss=820MB hwm=822MB
RSS_SAMPLE t=11.0s rss=820MB hwm=822MB
RSS_SAMPLE t=11.3s rss=820MB hwm=822MB
RSS_SAMPLE t=11.5s rss=820MB hwm=822MB
RSS_SAMPLE t=11.8s rss=820MB hwm=822MB
RSS_SAMPLE t=12.0s rss=820MB hwm=822MB
RSS_SAMPLE t=12.3s rss=820MB hwm=822MB
RSS_SAMPLE t=12.5s rss=820MB hwm=822MB
RSS_SAMPLE t=12.8s rss=820MB hwm=822MB
RSS_SAMPLE t=13.0s rss=820MB hwm=822MB
RSS_SAMPLE t=13.3s rss=820MB hwm=822MB
RSS_SAMPLE t=13.5s rss=820MB hwm=822MB
RSS_SAMPLE t=13.8s rss=820MB hwm=822MB
RSS_SAMPLE t=14.0s rss=820MB hwm=822MB
RSS_SAMPLE t=14.3s rss=820MB hwm=822MB
RSS_SAMPLE t=14.5s rss=820MB hwm=822MB
RSS_SAMPLE t=14.8s rss=820MB hwm=822MB
RSS_SAMPLE t=15.0s rss=820MB hwm=822MB
RSS_SAMPLE t=15.3s rss=820MB hwm=822MB
RSS_SAMPLE t=15.5s rss=820MB hwm=822MB
RSS_SAMPLE t=15.8s rss=820MB hwm=822MB
RSS_SAMPLE t=16.0s rss=820MB hwm=822MB
RSS_SAMPLE t=16.3s rss=820MB hwm=822MB
RSS_SAMPLE t=16.5s rss=820MB hwm=822MB
RSS_SAMPLE t=16.8s rss=820MB hwm=822MB
RSS_SAMPLE t=17.0s rss=820MB hwm=822MB
RSS_SAMPLE t=17.3s rss=820MB hwm=822MB
RSS_SAMPLE t=17.5s rss=820MB hwm=822MB
RSS_SAMPLE t=17.8s rss=820MB hwm=822MB
RSS_SAMPLE t=18.0s rss=820MB hwm=822MB
RSS_SAMPLE t=18.3s rss=819MB hwm=822MB
RSS_SAMPLE t=18.5s rss=819MB hwm=822MB
RSS_SAMPLE t=18.8s rss=819MB hwm=822MB
RSS_SAMPLE t=19.0s rss=819MB hwm=822MB
RSS_SAMPLE t=19.3s rss=819MB hwm=822MB
RSS_SAMPLE t=19.5s rss=819MB hwm=822MB
RSS_SAMPLE t=19.8s rss=819MB hwm=822MB
RSS_SAMPLE t=20.0s rss=819MB hwm=822MB
RSS_SAMPLE t=20.3s rss=819MB hwm=822MB
RSS_SAMPLE t=20.5s rss=819MB hwm=822MB
RSS_SAMPLE t=20.8s rss=819MB hwm=822MB
RSS_SAMPLE t=21.0s rss=819MB hwm=822MB
RSS_SAMPLE t=21.3s rss=819MB hwm=822MB
RSS_SAMPLE t=21.5s rss=819MB hwm=822MB
RSS_SAMPLE t=21.8s rss=819MB hwm=822MB
RSS_SAMPLE t=22.0s rss=819MB hwm=822MB
RSS_SAMPLE t=22.3s rss=819MB hwm=822MB
RSS_SAMPLE t=22.5s rss=819MB hwm=822MB
RSS_SAMPLE t=22.8s rss=819MB hwm=822MB
RSS_SAMPLE t=23.0s rss=819MB hwm=822MB
RSS_SAMPLE t=23.3s rss=819MB hwm=822MB
RSS_SAMPLE t=23.5s rss=819MB hwm=822MB
RSS_SAMPLE t=23.8s rss=819MB hwm=822MB
RSS_SAMPLE t=24.0s rss=819MB hwm=822MB
RSS_SAMPLE t=24.3s rss=819MB hwm=822MB
RSS_SAMPLE t=24.5s rss=819MB hwm=822MB
RSS_SAMPLE t=24.8s rss=819MB hwm=822MB
RSS_SAMPLE t=25.0s rss=819MB hwm=822MB
RSS_SAMPLE t=25.3s rss=819MB hwm=822MB
RSS_SAMPLE t=25.5s rss=819MB hwm=822MB
RSS_SAMPLE t=25.8s rss=819MB hwm=822MB
RSS_SAMPLE t=26.0s rss=819MB hwm=822MB
RSS_SAMPLE t=26.3s rss=819MB hwm=822MB
RSS_SAMPLE t=26.5s rss=819MB hwm=822MB
RSS_SAMPLE t=26.8s rss=819MB hwm=822MB
RSS_SAMPLE t=27.0s rss=819MB hwm=822MB
RSS_SAMPLE t=27.3s rss=819MB hwm=822MB
RSS_SAMPLE t=27.5s rss=819MB hwm=822MB
RSS_SAMPLE t=27.8s rss=819MB hwm=822MB
RSS_SAMPLE t=28.0s rss=820MB hwm=822MB
RSS_SAMPLE t=28.3s rss=820MB hwm=822MB
RSS_SAMPLE t=28.5s rss=820MB hwm=822MB
RSS_SAMPLE t=28.8s rss=820MB hwm=822MB
RSS_SAMPLE t=29.0s rss=820MB hwm=822MB
RSS_SAMPLE t=29.3s rss=820MB hwm=822MB
RSS_SAMPLE t=29.5s rss=820MB hwm=822MB
RSS_SAMPLE t=29.8s rss=820MB hwm=822MB
RSS_SAMPLE t=30.0s rss=820MB hwm=822MB
RSS_SAMPLE t=30.3s rss=820MB hwm=822MB
RSS_SAMPLE t=30.5s rss=820MB hwm=822MB
RSS_SAMPLE t=30.8s rss=820MB hwm=822MB
RSS_SAMPLE t=31.0s rss=820MB hwm=822MB
RSS_SAMPLE t=31.3s rss=820MB hwm=822MB
RSS_SAMPLE t=31.5s rss=820MB hwm=822MB
RSS_SAMPLE t=31.8s rss=820MB hwm=822MB
RSS_SAMPLE t=32.0s rss=820MB hwm=822MB
RSS_SAMPLE t=32.3s rss=820MB hwm=822MB
RSS_SAMPLE t=32.5s rss=820MB hwm=822MB
RSS_SAMPLE t=32.8s rss=820MB hwm=822MB
RSS_SAMPLE t=33.0s rss=820MB hwm=822MB
RSS_SAMPLE t=33.3s rss=820MB hwm=822MB
RSS_SAMPLE t=33.5s rss=820MB hwm=822MB
RSS_SAMPLE t=33.8s rss=820MB hwm=822MB
RSS_SAMPLE t=34.0s rss=820MB hwm=822MB
RSS_SAMPLE t=34.3s rss=820MB hwm=822MB
RSS_SAMPLE t=34.5s rss=820MB hwm=822MB
RSS_SAMPLE t=34.8s rss=820MB hwm=822MB
RSS_SAMPLE t=35.0s rss=820MB hwm=822MB
RSS_SAMPLE t=35.3s rss=820MB hwm=822MB
RSS_SAMPLE t=35.5s rss=820MB hwm=822MB
RSS_SAMPLE t=35.8s rss=820MB hwm=822MB
RSS_SAMPLE t=36.0s rss=820MB hwm=822MB
RSS_SAMPLE t=36.3s rss=820MB hwm=822MB
RSS_SAMPLE t=36.5s rss=820MB hwm=822MB
RSS_SAMPLE t=36.8s rss=820MB hwm=822MB
RSS_SAMPLE t=37.0s rss=820MB hwm=822MB
RSS_SAMPLE t=37.3s rss=820MB hwm=822MB
RSS_SAMPLE t=37.5s rss=820MB hwm=822MB
RSS_SAMPLE t=37.8s rss=820MB hwm=822MB
RSS_SAMPLE t=38.0s rss=820MB hwm=822MB
RSS_SAMPLE t=38.3s rss=820MB hwm=822MB
RSS_SAMPLE t=38.5s rss=820MB hwm=822MB
RSS_SAMPLE t=38.8s rss=820MB hwm=822MB
RSS_SAMPLE t=39.0s rss=820MB hwm=822MB
RSS_SAMPLE t=39.3s rss=820MB hwm=822MB
RSS_SAMPLE t=39.5s rss=820MB hwm=822MB
RSS_SAMPLE t=39.8s rss=820MB hwm=822MB
RSS_SAMPLE t=40.0s rss=820MB hwm=822MB
RSS_SAMPLE t=40.3s rss=820MB hwm=822MB
RSS_SAMPLE t=40.5s rss=820MB hwm=822MB
RSS_SAMPLE t=40.8s rss=820MB hwm=822MB
RSS_SAMPLE t=41.0s rss=820MB hwm=822MB
RSS_SAMPLE t=41.3s rss=820MB hwm=822MB
RSS_SAMPLE t=41.5s rss=820MB hwm=822MB
RSS_SAMPLE t=41.8s rss=820MB hwm=822MB
RSS_SAMPLE t=42.0s rss=820MB hwm=822MB
RSS_SAMPLE t=42.3s rss=820MB hwm=822MB
RSS_SAMPLE t=42.5s rss=820MB hwm=822MB
RSS_SAMPLE t=42.8s rss=820MB hwm=822MB
RSS_SAMPLE t=43.0s rss=820MB hwm=822MB
RSS_SAMPLE t=43.3s rss=820MB hwm=822MB
RSS_SAMPLE t=43.5s rss=820MB hwm=822MB
RSS_SAMPLE t=43.8s rss=820MB hwm=822MB
RSS_SAMPLE t=44.0s rss=820MB hwm=822MB
RSS_SAMPLE t=44.3s rss=820MB hwm=822MB
RSS_SAMPLE t=44.5s rss=820MB hwm=822MB
RSS_SAMPLE t=44.8s rss=820MB hwm=822MB
RSS_SAMPLE t=45.0s rss=820MB hwm=822MB
RSS_SAMPLE t=45.3s rss=820MB hwm=822MB
RSS_SAMPLE t=45.5s rss=820MB hwm=822MB
RSS_SAMPLE t=45.8s rss=820MB hwm=822MB
RSS_SAMPLE t=46.0s rss=820MB hwm=822MB
RSS_SAMPLE t=46.3s rss=820MB hwm=822MB
RSS_SAMPLE t=46.5s rss=820MB hwm=822MB
RSS_SAMPLE t=46.8s rss=820MB hwm=822MB
RSS_SAMPLE t=47.0s rss=820MB hwm=822MB
RSS_SAMPLE t=47.3s rss=820MB hwm=822MB
RSS_SAMPLE t=47.5s rss=820MB hwm=822MB
RSS_SAMPLE t=47.8s rss=820MB hwm=822MB
RSS_SAMPLE t=48.0s rss=820MB hwm=822MB
RSS_SAMPLE t=48.3s rss=820MB hwm=822MB
RSS_SAMPLE t=48.5s rss=820MB hwm=822MB
RSS_SAMPLE t=48.8s rss=820MB hwm=822MB
RSS_SAMPLE t=49.0s rss=820MB hwm=822MB
RSS_SAMPLE t=49.3s rss=820MB hwm=822MB
RSS_SAMPLE t=49.5s rss=820MB hwm=822MB
RSS_SAMPLE t=49.8s rss=820MB hwm=822MB
RSS_SAMPLE t=50.0s rss=820MB hwm=822MB
RSS_SAMPLE t=50.3s rss=820MB hwm=822MB
RSS_SAMPLE t=50.5s rss=820MB hwm=822MB
RSS_SAMPLE t=50.8s rss=820MB hwm=822MB
RSS_SAMPLE t=51.0s rss=820MB hwm=822MB
RSS_SAMPLE t=51.3s rss=820MB hwm=822MB
RSS_SAMPLE t=51.5s rss=820MB hwm=822MB
RSS_SAMPLE t=51.8s rss=820MB hwm=822MB
RSS_SAMPLE t=52.0s rss=820MB hwm=822MB
RSS_SAMPLE t=52.3s rss=860MB hwm=860MB
RSS_SAMPLE t=52.5s rss=902MB hwm=902MB
RSS_SAMPLE t=52.8s rss=932MB hwm=932MB
RSS_SAMPLE t=53.0s rss=933MB hwm=933MB
RSS_SAMPLE t=53.3s rss=933MB hwm=933MB
RSS_SAMPLE t=53.5s rss=933MB hwm=933MB
RSS_SAMPLE t=53.8s rss=933MB hwm=933MB
RSS_SAMPLE t=54.0s rss=933MB hwm=933MB
  Skipped truly-null coarse cells: 0 (of 69353 total); pruned pipes: src_null=0 dst_null=0
  Pipe capacity by span:
    span=  1: 138172 pipes, cap min=1 avg=134.5 max=432
    span=  2: 136455 pipes, cap min=2 avg=50.7 max=118
    span=  3: 135619 pipes, cap min=2 avg=26.1 max=52
    span=  4: 136319 pipes, cap min=2 avg=22.7 max=140
    span=  5: 135918 pipes, cap min=2 avg=66.1 max=124
    span=  6: 201217 pipes, cap min=2 avg=15.2 max=28
    span=  7: 200933 pipes, cap min=1 avg=7.3 max=20
    span=  8: 132748 pipes, cap min=2 avg=6.0 max=10
    span=  9: 130848 pipes, cap min=2 avg=6.0 max=10
    span= 10: 131090 pipes, cap min=2 avg=2.2 max=31
    span= 11: 129628 pipes, cap min=2 avg=2.0 max=4
    span= 12: 129018 pipes, cap min=2 avg=2.0 max=4
    span= 13: 128408 pipes, cap min=1 avg=1.5 max=4
    span= 14: 127798 pipes, cap min=1 avg=1.0 max=2
    span= 15: 127188 pipes, cap min=1 avg=1.0 max=2
    span= 16: 126578 pipes, cap min=1 avg=1.0 max=2
    span= 17: 125968 pipes, cap min=1 avg=1.0 max=2
    span= 18: 125358 pipes, cap min=1 avg=1.0 max=2
    span= 19: 63140 pipes, cap min=1 avg=1.0 max=2
  Thin span-1 pipes (cap<=2): 222 total, by tile-type pair (top 20):
    NULL <-> NULL: 220
    CLK_BUFG <-> NULL: 2
  Pipe cost: span^0.50 model (r1=1), span-1=1.000, span-12=3.464, 2×span-6=4.899, 12×span-1=12.000
RSS_SAMPLE t=54.3s rss=933MB hwm=933MB
  topological compress: density=0.60 target_tiles=15971 final_tiles=15777 scale=1.851 center=(205.1,111.0)
  topological init: n_movable=76660, n_edges=229053, max_layer=26775, back_edges=54022, n_anchored=0
  type DFF: 302 valid columns, 1077536 total BELs
  type LUT6: 302 valid columns, 538768 total BELs
TypeAwarePlacement: 2 cell types
Coordinate descent mode: 76660 cells, scale 1.00
CellValidityMask: 76660 cells, 311x223 grid, 2 bucket masks, per-cell valid positions: min=67346 avg=67346.0 max=67346, unmapped cells=0
RSS_SAMPLE t=54.5s rss=1032MB hwm=1032MB
MuxSlotTracker: 76660 cells (76660 with external fanout), 67346 tiles, total_cap=1077536, active_buckets=[DFF,LUT6], built in 62.5ms
MuxSlotTracker[post-seed]: populated_cells=27114, overflow_tiles=518, at_cap_tiles=50, peak_excess=41, capacity_hist={16:67346}
DCD placer: 76660 cells, 69353 nodes, outer_iters=20, dcd_iters_per_cell=8, graph_model=TwoLevelPip
MEM_STATIC: pipes=352MB nodes=1MB adjacency=78MB pipe_cost_vecs=59MB validity_mask=0MB n_pipes=2562403 n_edges=5124806 rss=1037MB
Softmin position update: enabled, theta 0.250 -> 5.000 (anneal over 20 iters)
RSS_SAMPLE t=54.8s rss=1065MB hwm=1065MB
RSS_SAMPLE t=55.0s rss=1065MB hwm=1065MB
RSS_SAMPLE t=55.3s rss=1065MB hwm=1065MB
RSS_SAMPLE t=55.5s rss=1065MB hwm=1065MB
RSS_SAMPLE t=55.8s rss=1065MB hwm=1065MB
RSS_SAMPLE t=56.0s rss=1065MB hwm=1065MB
RSS_SAMPLE t=56.3s rss=1065MB hwm=1065MB
RSS_SAMPLE t=56.5s rss=1065MB hwm=1065MB
RSS_SAMPLE t=56.8s rss=1065MB hwm=1065MB
RSS_SAMPLE t=57.0s rss=1065MB hwm=1065MB
    SwitchMatrix: type_usage_pairs=7 lookups=110 hits=103 dijkstra_calls=7 avg_us=10.4 total_ms=0.1
PHASE_MARK outer=0 enter=pre_solve rss=1068MB
RSS_SAMPLE t=57.3s rss=1198MB hwm=1198MB
RSS_SAMPLE t=57.5s rss=1214MB hwm=1214MB
RSS_SAMPLE t=57.8s rss=1224MB hwm=1224MB
RSS_SAMPLE t=58.0s rss=1232MB hwm=1232MB
RSS_SAMPLE t=58.3s rss=1241MB hwm=1241MB
RSS_SAMPLE t=58.5s rss=1248MB hwm=1248MB
RSS_SAMPLE t=58.8s rss=1254MB hwm=1254MB
RSS_SAMPLE t=59.0s rss=1262MB hwm=1262MB
RSS_SAMPLE t=59.3s rss=1271MB hwm=1271MB
RSS_SAMPLE t=59.5s rss=1280MB hwm=1280MB
RSS_SAMPLE t=59.8s rss=1286MB hwm=1286MB
RSS_SAMPLE t=60.0s rss=1294MB hwm=1294MB
RSS_SAMPLE t=60.3s rss=1301MB hwm=1301MB
RSS_SAMPLE t=60.5s rss=1309MB hwm=1309MB
RSS_SAMPLE t=60.8s rss=1316MB hwm=1316MB
RSS_SAMPLE t=61.0s rss=1323MB hwm=1323MB
RSS_SAMPLE t=61.3s rss=1330MB hwm=1330MB
RSS_SAMPLE t=61.5s rss=1336MB hwm=1336MB
RSS_SAMPLE t=61.8s rss=1343MB hwm=1343MB
RSS_SAMPLE t=62.0s rss=1349MB hwm=1349MB
RSS_SAMPLE t=62.3s rss=1356MB hwm=1356MB
RSS_SAMPLE t=62.5s rss=1364MB hwm=1364MB
RSS_SAMPLE t=62.8s rss=1372MB hwm=1372MB
RSS_SAMPLE t=63.0s rss=1377MB hwm=1377MB
RSS_SAMPLE t=63.3s rss=1385MB hwm=1385MB
RSS_SAMPLE t=63.5s rss=1392MB hwm=1392MB
RSS_SAMPLE t=63.8s rss=1399MB hwm=1399MB
RSS_SAMPLE t=64.0s rss=1405MB hwm=1405MB
RSS_SAMPLE t=64.3s rss=1414MB hwm=1414MB
RSS_SAMPLE t=64.5s rss=1419MB hwm=1419MB
RSS_SAMPLE t=64.8s rss=1426MB hwm=1426MB
RSS_SAMPLE t=65.0s rss=1433MB hwm=1433MB
RSS_SAMPLE t=65.3s rss=1440MB hwm=1440MB
RSS_SAMPLE t=65.5s rss=1447MB hwm=1447MB
RSS_SAMPLE t=65.8s rss=1454MB hwm=1454MB
RSS_SAMPLE t=66.0s rss=1461MB hwm=1461MB
RSS_SAMPLE t=66.3s rss=1468MB hwm=1468MB
RSS_SAMPLE t=66.5s rss=1474MB hwm=1474MB
RSS_SAMPLE t=66.8s rss=1481MB hwm=1481MB
RSS_SAMPLE t=67.0s rss=1488MB hwm=1488MB
RSS_SAMPLE t=67.3s rss=1493MB hwm=1493MB
RSS_SAMPLE t=67.5s rss=1499MB hwm=1499MB
RSS_SAMPLE t=67.8s rss=1506MB hwm=1506MB
RSS_SAMPLE t=68.0s rss=1514MB hwm=1514MB
RSS_SAMPLE t=68.3s rss=1519MB hwm=1519MB
RSS_SAMPLE t=68.5s rss=1524MB hwm=1524MB
RSS_SAMPLE t=68.8s rss=1532MB hwm=1532MB
RSS_SAMPLE t=69.0s rss=1537MB hwm=1537MB
RSS_SAMPLE t=69.3s rss=1544MB hwm=1544MB
RSS_SAMPLE t=69.5s rss=1550MB hwm=1550MB
RSS_SAMPLE t=69.8s rss=1556MB hwm=1556MB
RSS_SAMPLE t=70.0s rss=1563MB hwm=1563MB
RSS_SAMPLE t=70.3s rss=1570MB hwm=1570MB
RSS_SAMPLE t=70.5s rss=1577MB hwm=1577MB
RSS_SAMPLE t=70.8s rss=1583MB hwm=1583MB
RSS_SAMPLE t=71.0s rss=1591MB hwm=1591MB
RSS_SAMPLE t=71.3s rss=1597MB hwm=1597MB
RSS_SAMPLE t=71.5s rss=1603MB hwm=1603MB
RSS_SAMPLE t=71.8s rss=1609MB hwm=1609MB
RSS_SAMPLE t=72.0s rss=1616MB hwm=1616MB
RSS_SAMPLE t=72.3s rss=1621MB hwm=1621MB
RSS_SAMPLE t=72.5s rss=1628MB hwm=1628MB
RSS_SAMPLE t=72.8s rss=1635MB hwm=1635MB
RSS_SAMPLE t=73.0s rss=1643MB hwm=1643MB
RSS_SAMPLE t=73.3s rss=1649MB hwm=1649MB
RSS_SAMPLE t=73.5s rss=1656MB hwm=1656MB
RSS_SAMPLE t=73.8s rss=1661MB hwm=1661MB
RSS_SAMPLE t=74.0s rss=1668MB hwm=1668MB
RSS_SAMPLE t=74.3s rss=1675MB hwm=1675MB
RSS_SAMPLE t=74.5s rss=1680MB hwm=1680MB
RSS_SAMPLE t=74.8s rss=1687MB hwm=1687MB
RSS_SAMPLE t=75.0s rss=1694MB hwm=1694MB
RSS_SAMPLE t=75.3s rss=1700MB hwm=1700MB
RSS_SAMPLE t=75.5s rss=1708MB hwm=1708MB
RSS_SAMPLE t=75.8s rss=1713MB hwm=1713MB
RSS_SAMPLE t=76.0s rss=1720MB hwm=1720MB
RSS_SAMPLE t=76.3s rss=1727MB hwm=1727MB
RSS_SAMPLE t=76.5s rss=1733MB hwm=1733MB
RSS_SAMPLE t=76.8s rss=1739MB hwm=1739MB
RSS_SAMPLE t=77.0s rss=1746MB hwm=1746MB
RSS_SAMPLE t=77.3s rss=1754MB hwm=1754MB
RSS_SAMPLE t=77.5s rss=1760MB hwm=1760MB
RSS_SAMPLE t=77.8s rss=1768MB hwm=1768MB
RSS_SAMPLE t=78.0s rss=1773MB hwm=1773MB
RSS_SAMPLE t=78.3s rss=1780MB hwm=1780MB
RSS_SAMPLE t=78.5s rss=1787MB hwm=1787MB
RSS_SAMPLE t=78.8s rss=1794MB hwm=1794MB
RSS_SAMPLE t=79.0s rss=1800MB hwm=1800MB
RSS_SAMPLE t=79.3s rss=1807MB hwm=1807MB
RSS_SAMPLE t=79.5s rss=1813MB hwm=1813MB
RSS_SAMPLE t=79.8s rss=1819MB hwm=1819MB
RSS_SAMPLE t=80.0s rss=1825MB hwm=1825MB
RSS_SAMPLE t=80.3s rss=1832MB hwm=1832MB
RSS_SAMPLE t=80.5s rss=1838MB hwm=1838MB
RSS_SAMPLE t=80.8s rss=1844MB hwm=1844MB
RSS_SAMPLE t=81.0s rss=1850MB hwm=1850MB
RSS_SAMPLE t=81.3s rss=1855MB hwm=1855MB
RSS_SAMPLE t=81.5s rss=1861MB hwm=1861MB
RSS_SAMPLE t=81.8s rss=1865MB hwm=1865MB
RSS_SAMPLE t=82.0s rss=1869MB hwm=1869MB
RSS_SAMPLE t=82.3s rss=1871MB hwm=1871MB
RSS_SAMPLE t=82.5s rss=1873MB hwm=1873MB
RSS_SAMPLE t=82.8s rss=1874MB hwm=1874MB
RSS_SAMPLE t=83.1s rss=1875MB hwm=1875MB
RSS_SAMPLE t=83.3s rss=1876MB hwm=1876MB
RSS_SAMPLE t=83.6s rss=1877MB hwm=1877MB
RSS_SAMPLE t=83.8s rss=1878MB hwm=1878MB
RSS_SAMPLE t=84.1s rss=1879MB hwm=1879MB
RSS_SAMPLE t=84.3s rss=1880MB hwm=1880MB
RSS_SAMPLE t=84.6s rss=1881MB hwm=1881MB
RSS_SAMPLE t=84.8s rss=1882MB hwm=1882MB
RSS_SAMPLE t=85.1s rss=1883MB hwm=1883MB
RSS_SAMPLE t=85.3s rss=1884MB hwm=1884MB
RSS_SAMPLE t=85.6s rss=1885MB hwm=1885MB
RSS_SAMPLE t=85.8s rss=1886MB hwm=1886MB
RSS_SAMPLE t=86.1s rss=1887MB hwm=1887MB
RSS_SAMPLE t=86.3s rss=1887MB hwm=1887MB
RSS_SAMPLE t=86.6s rss=1888MB hwm=1888MB
RSS_SAMPLE t=86.8s rss=1889MB hwm=1889MB
RSS_SAMPLE t=87.1s rss=1889MB hwm=1889MB
RSS_SAMPLE t=87.3s rss=1889MB hwm=1889MB
RSS_SAMPLE t=87.6s rss=1890MB hwm=1890MB
RSS_SAMPLE t=87.8s rss=1890MB hwm=1890MB
RSS_SAMPLE t=88.1s rss=1890MB hwm=1890MB
RSS_SAMPLE t=88.3s rss=1891MB hwm=1891MB
RSS_SAMPLE t=88.6s rss=1891MB hwm=1891MB
RSS_SAMPLE t=88.8s rss=1891MB hwm=1891MB
RSS_SAMPLE t=89.1s rss=1892MB hwm=1892MB
RSS_SAMPLE t=89.3s rss=1892MB hwm=1892MB
RSS_SAMPLE t=89.6s rss=1892MB hwm=1892MB
RSS_SAMPLE t=89.8s rss=1893MB hwm=1893MB
RSS_SAMPLE t=90.1s rss=1893MB hwm=1893MB
RSS_SAMPLE t=90.3s rss=1894MB hwm=1894MB
RSS_SAMPLE t=90.6s rss=1894MB hwm=1894MB
RSS_SAMPLE t=90.8s rss=1894MB hwm=1894MB
RSS_SAMPLE t=91.1s rss=1894MB hwm=1894MB
RSS_SAMPLE t=91.3s rss=1895MB hwm=1895MB
RSS_SAMPLE t=91.6s rss=1895MB hwm=1895MB
RSS_SAMPLE t=91.8s rss=1895MB hwm=1895MB
RSS_SAMPLE t=92.1s rss=1896MB hwm=1896MB
RSS_SAMPLE t=92.3s rss=1896MB hwm=1896MB
RSS_SAMPLE t=92.6s rss=1896MB hwm=1896MB
RSS_SAMPLE t=92.8s rss=1896MB hwm=1896MB
RSS_SAMPLE t=93.1s rss=1897MB hwm=1897MB
RSS_SAMPLE t=93.3s rss=1897MB hwm=1897MB
RSS_SAMPLE t=93.6s rss=1897MB hwm=1897MB
RSS_SAMPLE t=93.8s rss=1897MB hwm=1897MB
RSS_SAMPLE t=94.1s rss=1898MB hwm=1898MB
RSS_SAMPLE t=94.3s rss=1898MB hwm=1898MB
RSS_SAMPLE t=94.6s rss=1898MB hwm=1898MB
RSS_SAMPLE t=94.8s rss=1898MB hwm=1898MB
RSS_SAMPLE t=95.1s rss=1899MB hwm=1899MB
RSS_SAMPLE t=95.3s rss=1899MB hwm=1899MB
RSS_SAMPLE t=95.6s rss=1900MB hwm=1900MB
RSS_SAMPLE t=95.8s rss=1900MB hwm=1900MB
RSS_SAMPLE t=96.1s rss=1901MB hwm=1901MB
RSS_SAMPLE t=96.3s rss=1901MB hwm=1901MB
RSS_SAMPLE t=96.6s rss=1901MB hwm=1901MB
RSS_SAMPLE t=96.8s rss=1902MB hwm=1902MB
RSS_SAMPLE t=97.1s rss=1902MB hwm=1902MB
RSS_SAMPLE t=97.3s rss=1903MB hwm=1903MB
RSS_SAMPLE t=97.6s rss=1903MB hwm=1903MB
RSS_SAMPLE t=97.8s rss=1903MB hwm=1903MB
RSS_SAMPLE t=98.1s rss=1904MB hwm=1904MB
RSS_SAMPLE t=98.3s rss=1904MB hwm=1904MB
RSS_SAMPLE t=98.6s rss=1904MB hwm=1904MB
RSS_SAMPLE t=98.8s rss=1904MB hwm=1904MB
RSS_SAMPLE t=99.1s rss=1905MB hwm=1905MB
RSS_SAMPLE t=99.3s rss=1905MB hwm=1905MB
RSS_SAMPLE t=99.6s rss=1905MB hwm=1905MB
RSS_SAMPLE t=99.8s rss=1906MB hwm=1906MB
RSS_SAMPLE t=100.1s rss=1906MB hwm=1906MB
RSS_SAMPLE t=100.3s rss=1906MB hwm=1906MB
RSS_SAMPLE t=100.6s rss=1907MB hwm=1907MB
RSS_SAMPLE t=100.8s rss=1907MB hwm=1907MB
RSS_SAMPLE t=101.1s rss=1907MB hwm=1907MB
    rss_probe[outer=0]: pre_refresh_rss=1068MB post_pre_solve_rss=1907MB cache_entries=42424857 cache_cap=69325648 cache_est_mb=600
    pre_solve_diag[outer=0]: solves=105117 fallback=0 (0.0%) cap_armed=105117 (100.0%) settle_avg=10344 settle_max=69353 init_count=254
  Cell placement by tile type (iter 0, 76660 cells):
    NULL: 31596
    CLB: 27114
    IOB_W: 15019
    CLK_BUFG: 2320
    BRAM: 351
    DSP: 182
    IOB_E: 78
    Overflow: over=0 (0.0% of used) avg_excess=0.00 max_excess=0.00 (nc=0.00 cap=0 span=0)  excess_buckets: <=1=0 1-5=0 5-20=0 >20=0  by_cap: cap1=0 cap2=0 cap3-5=0 cap>5=0  by_span: s1=0 s2-3=0 s4-6=0 s7-12=0 s>12=0  le1_cross: cap1=0 cap2-5=0 cap>5=0
    Congestion: pipes=2562403 used=0 congested(>50%)=0 saturated(>90%)=0 max_util=0.00 avg_util=0.0000
PHASE_MARK outer=0 enter=dcd_sweep rss=1907MB
RSS_SAMPLE t=101.3s rss=1907MB hwm=1907MB
RSS_SAMPLE t=101.6s rss=1908MB hwm=1908MB
RSS_SAMPLE t=101.8s rss=1908MB hwm=1908MB
RSS_SAMPLE t=102.1s rss=1908MB hwm=1908MB
RSS_SAMPLE t=102.3s rss=1908MB hwm=1908MB
RSS_SAMPLE t=102.6s rss=1908MB hwm=1908MB
RSS_SAMPLE t=102.8s rss=1908MB hwm=1908MB
RSS_SAMPLE t=103.1s rss=1909MB hwm=1909MB
RSS_SAMPLE t=103.3s rss=1909MB hwm=1909MB
RSS_SAMPLE t=103.6s rss=1909MB hwm=1909MB
RSS_SAMPLE t=103.8s rss=1909MB hwm=1909MB
RSS_SAMPLE t=104.1s rss=1910MB hwm=1910MB
RSS_SAMPLE t=104.3s rss=1910MB hwm=1910MB
RSS_SAMPLE t=104.6s rss=1910MB hwm=1910MB
RSS_SAMPLE t=104.8s rss=1910MB hwm=1910MB
RSS_SAMPLE t=105.1s rss=1910MB hwm=1910MB
RSS_SAMPLE t=105.3s rss=1910MB hwm=1910MB
RSS_SAMPLE t=105.6s rss=1911MB hwm=1911MB
RSS_SAMPLE t=105.8s rss=1911MB hwm=1911MB
RSS_SAMPLE t=106.1s rss=1911MB hwm=1911MB
RSS_SAMPLE t=106.3s rss=1911MB hwm=1911MB
RSS_SAMPLE t=106.6s rss=1911MB hwm=1911MB
RSS_SAMPLE t=106.8s rss=1912MB hwm=1912MB
RSS_SAMPLE t=107.1s rss=1912MB hwm=1912MB
RSS_SAMPLE t=107.3s rss=1912MB hwm=1912MB
RSS_SAMPLE t=107.6s rss=1912MB hwm=1912MB
PHASE_MARK outer=0 leave=dcd_sweep rss=1908MB
PHASE_MARK outer=0 enter=post_refresh rss=1908MB
RSS_SAMPLE t=107.8s rss=1941MB hwm=1941MB
RSS_SAMPLE t=108.1s rss=1941MB hwm=1941MB
RSS_SAMPLE t=108.3s rss=1941MB hwm=1941MB
RSS_SAMPLE t=108.6s rss=1941MB hwm=1941MB
RSS_SAMPLE t=108.8s rss=1941MB hwm=1941MB
RSS_SAMPLE t=109.1s rss=1941MB hwm=1941MB
RSS_SAMPLE t=109.3s rss=1941MB hwm=1941MB
RSS_SAMPLE t=109.6s rss=1941MB hwm=1941MB
RSS_SAMPLE t=109.8s rss=1941MB hwm=1941MB
RSS_SAMPLE t=110.1s rss=1941MB hwm=1941MB
RSS_SAMPLE t=110.3s rss=2150MB hwm=2150MB
RSS_SAMPLE t=110.6s rss=3209MB hwm=3209MB
RSS_SAMPLE t=110.8s rss=3517MB hwm=3517MB
RSS_SAMPLE t=111.1s rss=3643MB hwm=3643MB
RSS_SAMPLE t=111.3s rss=3739MB hwm=3739MB
RSS_SAMPLE t=111.6s rss=3771MB hwm=3771MB
RSS_SAMPLE t=111.8s rss=3789MB hwm=3789MB
RSS_SAMPLE t=112.1s rss=3792MB hwm=3792MB
RSS_SAMPLE t=112.3s rss=3811MB hwm=3811MB
RSS_SAMPLE t=112.6s rss=3836MB hwm=3836MB
RSS_SAMPLE t=112.8s rss=3845MB hwm=3845MB
RSS_SAMPLE t=113.1s rss=3862MB hwm=3862MB
RSS_SAMPLE t=113.3s rss=3863MB hwm=3863MB
RSS_SAMPLE t=113.6s rss=3871MB hwm=3871MB
RSS_SAMPLE t=113.8s rss=3872MB hwm=3872MB
RSS_SAMPLE t=114.1s rss=3872MB hwm=3872MB
RSS_SAMPLE t=114.3s rss=3887MB hwm=3887MB
RSS_SAMPLE t=114.6s rss=3887MB hwm=3887MB
RSS_SAMPLE t=114.8s rss=3887MB hwm=3887MB
RSS_SAMPLE t=115.1s rss=3892MB hwm=3892MB
RSS_SAMPLE t=115.3s rss=3897MB hwm=3897MB
RSS_SAMPLE t=115.6s rss=3897MB hwm=3897MB
RSS_SAMPLE t=115.8s rss=3897MB hwm=3897MB
RSS_SAMPLE t=116.1s rss=3901MB hwm=3901MB
RSS_SAMPLE t=116.3s rss=3901MB hwm=3901MB
RSS_SAMPLE t=116.6s rss=3905MB hwm=3905MB
RSS_SAMPLE t=116.8s rss=3908MB hwm=3908MB
RSS_SAMPLE t=117.1s rss=3908MB hwm=3908MB
RSS_SAMPLE t=117.3s rss=3909MB hwm=3909MB
RSS_SAMPLE t=117.6s rss=3910MB hwm=3910MB
RSS_SAMPLE t=117.8s rss=3912MB hwm=3912MB
RSS_SAMPLE t=118.1s rss=3915MB hwm=3915MB
RSS_SAMPLE t=118.3s rss=3917MB hwm=3917MB
RSS_SAMPLE t=118.6s rss=3917MB hwm=3917MB
RSS_SAMPLE t=118.8s rss=3917MB hwm=3917MB
RSS_SAMPLE t=119.1s rss=3917MB hwm=3917MB
RSS_SAMPLE t=119.3s rss=3918MB hwm=3918MB
RSS_SAMPLE t=119.6s rss=3919MB hwm=3919MB
RSS_SAMPLE t=119.8s rss=3919MB hwm=3919MB
RSS_SAMPLE t=120.1s rss=3919MB hwm=3919MB
RSS_SAMPLE t=120.3s rss=3919MB hwm=3919MB
RSS_SAMPLE t=120.6s rss=3920MB hwm=3920MB
RSS_SAMPLE t=120.8s rss=3922MB hwm=3922MB
RSS_SAMPLE t=121.1s rss=3923MB hwm=3923MB
RSS_SAMPLE t=121.3s rss=3924MB hwm=3924MB
RSS_SAMPLE t=121.6s rss=3925MB hwm=3925MB
RSS_SAMPLE t=121.8s rss=3926MB hwm=3926MB
RSS_SAMPLE t=122.1s rss=3929MB hwm=3929MB
RSS_SAMPLE t=122.3s rss=3929MB hwm=3929MB
RSS_SAMPLE t=122.6s rss=3930MB hwm=3930MB
RSS_SAMPLE t=122.8s rss=3931MB hwm=3931MB
RSS_SAMPLE t=123.1s rss=3931MB hwm=3931MB
RSS_SAMPLE t=123.3s rss=3933MB hwm=3933MB
RSS_SAMPLE t=123.6s rss=3933MB hwm=3933MB
RSS_SAMPLE t=123.8s rss=3936MB hwm=3936MB
RSS_SAMPLE t=124.1s rss=3938MB hwm=3938MB
RSS_SAMPLE t=124.3s rss=3938MB hwm=3938MB
RSS_SAMPLE t=124.6s rss=3939MB hwm=3939MB
RSS_SAMPLE t=124.8s rss=3941MB hwm=3941MB
RSS_SAMPLE t=125.1s rss=3942MB hwm=3942MB
RSS_SAMPLE t=125.3s rss=3943MB hwm=3943MB
RSS_SAMPLE t=125.6s rss=3944MB hwm=3944MB
RSS_SAMPLE t=125.8s rss=3946MB hwm=3946MB
RSS_SAMPLE t=126.1s rss=3947MB hwm=3947MB
RSS_SAMPLE t=126.3s rss=3948MB hwm=3948MB
RSS_SAMPLE t=126.6s rss=3948MB hwm=3948MB
RSS_SAMPLE t=126.8s rss=3949MB hwm=3949MB
RSS_SAMPLE t=127.1s rss=3950MB hwm=3950MB
RSS_SAMPLE t=127.3s rss=3951MB hwm=3951MB
RSS_SAMPLE t=127.6s rss=3951MB hwm=3951MB
RSS_SAMPLE t=127.8s rss=3952MB hwm=3952MB
RSS_SAMPLE t=128.1s rss=3953MB hwm=3953MB
RSS_SAMPLE t=128.3s rss=3954MB hwm=3954MB
RSS_SAMPLE t=128.6s rss=3954MB hwm=3954MB
RSS_SAMPLE t=128.8s rss=3955MB hwm=3955MB
RSS_SAMPLE t=129.1s rss=3957MB hwm=3957MB
RSS_SAMPLE t=129.3s rss=3957MB hwm=3957MB
RSS_SAMPLE t=129.6s rss=3958MB hwm=3958MB
RSS_SAMPLE t=129.8s rss=3959MB hwm=3959MB
RSS_SAMPLE t=130.1s rss=3961MB hwm=3961MB
RSS_SAMPLE t=130.3s rss=3962MB hwm=3962MB
RSS_SAMPLE t=130.6s rss=3967MB hwm=3967MB
RSS_SAMPLE t=130.8s rss=3969MB hwm=3969MB
RSS_SAMPLE t=131.1s rss=3969MB hwm=3969MB
RSS_SAMPLE t=131.3s rss=3970MB hwm=3970MB
RSS_SAMPLE t=131.6s rss=3972MB hwm=3972MB
RSS_SAMPLE t=131.8s rss=3972MB hwm=3972MB
RSS_SAMPLE t=132.1s rss=3974MB hwm=3974MB
RSS_SAMPLE t=132.4s rss=3975MB hwm=3975MB
RSS_SAMPLE t=132.6s rss=3977MB hwm=3977MB
RSS_SAMPLE t=132.9s rss=3978MB hwm=3978MB
RSS_SAMPLE t=133.1s rss=3979MB hwm=3979MB
RSS_SAMPLE t=133.4s rss=3980MB hwm=3980MB
RSS_SAMPLE t=133.6s rss=3980MB hwm=3980MB
RSS_SAMPLE t=133.9s rss=3981MB hwm=3981MB
RSS_SAMPLE t=134.1s rss=3983MB hwm=3983MB
RSS_SAMPLE t=134.4s rss=3985MB hwm=3985MB
RSS_SAMPLE t=134.6s rss=3986MB hwm=3986MB
RSS_SAMPLE t=134.9s rss=3987MB hwm=3987MB
RSS_SAMPLE t=135.1s rss=3988MB hwm=3988MB
RSS_SAMPLE t=135.4s rss=3988MB hwm=3988MB
RSS_SAMPLE t=135.6s rss=3990MB hwm=3990MB
RSS_SAMPLE t=135.9s rss=3991MB hwm=3991MB
RSS_SAMPLE t=136.1s rss=3991MB hwm=3991MB
RSS_SAMPLE t=136.4s rss=3992MB hwm=3992MB
RSS_SAMPLE t=136.6s rss=3993MB hwm=3993MB
RSS_SAMPLE t=136.9s rss=3994MB hwm=3994MB
RSS_SAMPLE t=137.1s rss=3996MB hwm=3996MB
RSS_SAMPLE t=137.4s rss=3996MB hwm=3996MB
RSS_SAMPLE t=137.6s rss=3997MB hwm=3997MB
RSS_SAMPLE t=137.9s rss=3999MB hwm=3999MB
RSS_SAMPLE t=138.1s rss=4000MB hwm=4000MB
RSS_SAMPLE t=138.4s rss=4000MB hwm=4000MB
RSS_SAMPLE t=138.6s rss=4001MB hwm=4001MB
RSS_SAMPLE t=138.9s rss=4002MB hwm=4002MB
RSS_SAMPLE t=139.1s rss=4003MB hwm=4003MB
RSS_SAMPLE t=139.4s rss=4004MB hwm=4004MB
RSS_SAMPLE t=139.6s rss=4006MB hwm=4006MB
RSS_SAMPLE t=139.9s rss=4006MB hwm=4006MB
RSS_SAMPLE t=140.1s rss=4007MB hwm=4007MB
RSS_SAMPLE t=140.4s rss=4008MB hwm=4008MB
RSS_SAMPLE t=140.6s rss=4008MB hwm=4008MB
RSS_SAMPLE t=140.9s rss=4009MB hwm=4009MB
RSS_SAMPLE t=141.1s rss=4010MB hwm=4010MB
RSS_SAMPLE t=141.4s rss=4011MB hwm=4011MB
RSS_SAMPLE t=141.6s rss=4011MB hwm=4011MB
RSS_SAMPLE t=141.9s rss=4012MB hwm=4012MB
RSS_SAMPLE t=142.1s rss=4013MB hwm=4013MB
RSS_SAMPLE t=142.4s rss=4013MB hwm=4013MB
RSS_SAMPLE t=142.6s rss=4014MB hwm=4014MB
RSS_SAMPLE t=142.9s rss=4015MB hwm=4015MB
RSS_SAMPLE t=143.1s rss=4015MB hwm=4015MB
RSS_SAMPLE t=143.4s rss=4016MB hwm=4016MB
RSS_SAMPLE t=143.6s rss=4017MB hwm=4017MB
RSS_SAMPLE t=143.9s rss=4018MB hwm=4018MB
RSS_SAMPLE t=144.1s rss=4019MB hwm=4019MB
RSS_SAMPLE t=144.4s rss=4021MB hwm=4021MB
RSS_SAMPLE t=144.6s rss=4021MB hwm=4021MB
RSS_SAMPLE t=144.9s rss=4022MB hwm=4022MB
RSS_SAMPLE t=145.1s rss=4023MB hwm=4023MB
RSS_SAMPLE t=145.4s rss=4024MB hwm=4024MB
RSS_SAMPLE t=145.6s rss=4025MB hwm=4025MB
RSS_SAMPLE t=145.9s rss=4025MB hwm=4025MB
RSS_SAMPLE t=146.1s rss=4026MB hwm=4026MB
RSS_SAMPLE t=146.4s rss=4026MB hwm=4026MB
RSS_SAMPLE t=146.6s rss=4028MB hwm=4028MB
RSS_SAMPLE t=146.9s rss=4029MB hwm=4029MB
RSS_SAMPLE t=147.1s rss=4030MB hwm=4030MB
RSS_SAMPLE t=147.4s rss=4031MB hwm=4031MB
RSS_SAMPLE t=147.6s rss=4032MB hwm=4032MB
RSS_SAMPLE t=147.9s rss=4034MB hwm=4034MB
RSS_SAMPLE t=148.1s rss=4035MB hwm=4035MB
RSS_SAMPLE t=148.4s rss=4036MB hwm=4036MB
RSS_SAMPLE t=148.6s rss=4037MB hwm=4037MB
RSS_SAMPLE t=148.9s rss=4038MB hwm=4038MB
RSS_SAMPLE t=149.1s rss=4039MB hwm=4039MB
RSS_SAMPLE t=149.4s rss=4040MB hwm=4040MB
RSS_SAMPLE t=149.6s rss=4041MB hwm=4041MB
RSS_SAMPLE t=149.9s rss=4041MB hwm=4041MB
RSS_SAMPLE t=150.1s rss=4042MB hwm=4042MB
RSS_SAMPLE t=150.4s rss=4044MB hwm=4044MB
RSS_SAMPLE t=150.6s rss=4045MB hwm=4045MB
RSS_SAMPLE t=150.9s rss=4045MB hwm=4045MB
RSS_SAMPLE t=151.1s rss=4046MB hwm=4046MB
RSS_SAMPLE t=151.4s rss=4047MB hwm=4047MB
RSS_SAMPLE t=151.6s rss=4048MB hwm=4048MB
RSS_SAMPLE t=151.9s rss=4048MB hwm=4048MB
RSS_SAMPLE t=152.1s rss=4049MB hwm=4049MB
RSS_SAMPLE t=152.4s rss=4050MB hwm=4050MB
RSS_SAMPLE t=152.6s rss=4051MB hwm=4051MB
RSS_SAMPLE t=152.9s rss=4052MB hwm=4052MB
RSS_SAMPLE t=153.1s rss=4052MB hwm=4052MB
RSS_SAMPLE t=153.4s rss=4053MB hwm=4053MB
RSS_SAMPLE t=153.6s rss=4054MB hwm=4054MB
RSS_SAMPLE t=153.9s rss=4055MB hwm=4055MB
RSS_SAMPLE t=154.1s rss=4055MB hwm=4055MB
RSS_SAMPLE t=154.4s rss=4056MB hwm=4056MB
RSS_SAMPLE t=154.6s rss=4057MB hwm=4057MB
RSS_SAMPLE t=154.9s rss=4058MB hwm=4058MB
RSS_SAMPLE t=155.1s rss=4058MB hwm=4058MB
RSS_SAMPLE t=155.4s rss=4059MB hwm=4059MB
RSS_SAMPLE t=155.6s rss=4060MB hwm=4060MB
RSS_SAMPLE t=155.9s rss=4061MB hwm=4061MB
RSS_SAMPLE t=156.1s rss=4062MB hwm=4062MB
RSS_SAMPLE t=156.4s rss=4063MB hwm=4063MB
RSS_SAMPLE t=156.6s rss=4064MB hwm=4064MB
RSS_SAMPLE t=156.9s rss=4065MB hwm=4065MB
RSS_SAMPLE t=157.1s rss=4066MB hwm=4066MB
RSS_SAMPLE t=157.4s rss=4068MB hwm=4068MB
RSS_SAMPLE t=157.6s rss=4070MB hwm=4070MB
RSS_SAMPLE t=157.9s rss=4071MB hwm=4071MB
RSS_SAMPLE t=158.1s rss=4072MB hwm=4072MB
RSS_SAMPLE t=158.4s rss=4073MB hwm=4073MB
RSS_SAMPLE t=158.6s rss=4074MB hwm=4074MB
RSS_SAMPLE t=158.9s rss=4075MB hwm=4075MB
RSS_SAMPLE t=159.1s rss=4076MB hwm=4076MB
RSS_SAMPLE t=159.4s rss=4077MB hwm=4077MB
RSS_SAMPLE t=159.6s rss=4079MB hwm=4079MB
RSS_SAMPLE t=159.9s rss=4080MB hwm=4080MB
RSS_SAMPLE t=160.1s rss=4081MB hwm=4081MB
RSS_SAMPLE t=160.4s rss=4081MB hwm=4081MB
RSS_SAMPLE t=160.6s rss=4082MB hwm=4082MB
RSS_SAMPLE t=160.9s rss=4082MB hwm=4082MB
RSS_SAMPLE t=161.1s rss=4083MB hwm=4083MB
RSS_SAMPLE t=161.4s rss=4083MB hwm=4083MB
RSS_SAMPLE t=161.6s rss=4084MB hwm=4084MB
RSS_SAMPLE t=161.9s rss=4085MB hwm=4085MB
RSS_SAMPLE t=162.1s rss=4085MB hwm=4085MB
RSS_SAMPLE t=162.4s rss=4085MB hwm=4085MB
RSS_SAMPLE t=162.6s rss=4086MB hwm=4086MB
RSS_SAMPLE t=162.9s rss=4086MB hwm=4086MB
RSS_SAMPLE t=163.1s rss=4086MB hwm=4086MB
RSS_SAMPLE t=163.4s rss=4086MB hwm=4086MB
RSS_SAMPLE t=163.6s rss=4086MB hwm=4086MB
RSS_SAMPLE t=163.9s rss=4086MB hwm=4086MB
RSS_SAMPLE t=164.1s rss=4086MB hwm=4086MB
RSS_SAMPLE t=164.4s rss=4086MB hwm=4086MB
RSS_SAMPLE t=164.6s rss=4086MB hwm=4086MB
RSS_SAMPLE t=164.9s rss=4086MB hwm=4086MB
RSS_SAMPLE t=165.1s rss=4086MB hwm=4086MB
RSS_SAMPLE t=165.4s rss=4086MB hwm=4086MB
RSS_SAMPLE t=165.6s rss=4086MB hwm=4086MB
RSS_SAMPLE t=165.9s rss=4086MB hwm=4086MB
RSS_SAMPLE t=166.1s rss=4086MB hwm=4086MB
RSS_SAMPLE t=166.4s rss=4087MB hwm=4087MB
RSS_SAMPLE t=166.6s rss=4087MB hwm=4087MB
RSS_SAMPLE t=166.9s rss=4087MB hwm=4087MB
RSS_SAMPLE t=167.1s rss=4087MB hwm=4087MB
RSS_SAMPLE t=167.4s rss=4087MB hwm=4087MB
RSS_SAMPLE t=167.6s rss=4087MB hwm=4087MB
RSS_SAMPLE t=167.9s rss=4087MB hwm=4087MB
RSS_SAMPLE t=168.1s rss=4088MB hwm=4088MB
RSS_SAMPLE t=168.4s rss=4088MB hwm=4088MB
RSS_SAMPLE t=168.6s rss=4088MB hwm=4088MB
RSS_SAMPLE t=168.9s rss=4088MB hwm=4088MB
RSS_SAMPLE t=169.1s rss=4088MB hwm=4088MB
RSS_SAMPLE t=169.4s rss=4088MB hwm=4088MB
RSS_SAMPLE t=169.6s rss=4088MB hwm=4088MB
RSS_SAMPLE t=169.9s rss=4088MB hwm=4088MB
RSS_SAMPLE t=170.1s rss=4088MB hwm=4088MB
RSS_SAMPLE t=170.4s rss=4088MB hwm=4088MB
RSS_SAMPLE t=170.6s rss=4088MB hwm=4088MB
RSS_SAMPLE t=170.9s rss=4088MB hwm=4088MB
RSS_SAMPLE t=171.1s rss=4088MB hwm=4088MB
RSS_SAMPLE t=171.4s rss=4088MB hwm=4088MB
RSS_SAMPLE t=171.6s rss=4088MB hwm=4088MB
RSS_SAMPLE t=171.9s rss=4088MB hwm=4088MB
RSS_SAMPLE t=172.1s rss=4088MB hwm=4088MB
RSS_SAMPLE t=172.4s rss=4088MB hwm=4088MB
RSS_SAMPLE t=172.6s rss=4088MB hwm=4088MB
RSS_SAMPLE t=172.9s rss=4089MB hwm=4089MB
RSS_SAMPLE t=173.1s rss=4089MB hwm=4089MB
RSS_SAMPLE t=173.4s rss=4089MB hwm=4089MB
RSS_SAMPLE t=173.6s rss=4089MB hwm=4089MB
RSS_SAMPLE t=173.9s rss=4089MB hwm=4089MB
RSS_SAMPLE t=174.1s rss=4089MB hwm=4089MB
RSS_SAMPLE t=174.4s rss=4089MB hwm=4089MB
RSS_SAMPLE t=174.6s rss=4089MB hwm=4089MB
RSS_SAMPLE t=174.9s rss=4089MB hwm=4089MB
RSS_SAMPLE t=175.1s rss=4089MB hwm=4089MB
RSS_SAMPLE t=175.4s rss=4089MB hwm=4089MB
RSS_SAMPLE t=175.6s rss=4089MB hwm=4089MB
RSS_SAMPLE t=175.9s rss=4090MB hwm=4090MB
RSS_SAMPLE t=176.1s rss=4090MB hwm=4090MB
RSS_SAMPLE t=176.4s rss=4090MB hwm=4090MB
RSS_SAMPLE t=176.6s rss=4090MB hwm=4090MB
RSS_SAMPLE t=176.9s rss=4090MB hwm=4090MB
RSS_SAMPLE t=177.1s rss=4090MB hwm=4090MB
RSS_SAMPLE t=177.4s rss=4090MB hwm=4090MB
RSS_SAMPLE t=177.6s rss=4090MB hwm=4090MB
RSS_SAMPLE t=177.9s rss=4090MB hwm=4090MB
RSS_SAMPLE t=178.1s rss=4091MB hwm=4091MB
RSS_SAMPLE t=178.4s rss=4091MB hwm=4091MB
RSS_SAMPLE t=178.6s rss=4091MB hwm=4091MB
RSS_SAMPLE t=178.9s rss=4091MB hwm=4091MB
RSS_SAMPLE t=179.1s rss=4091MB hwm=4091MB
RSS_SAMPLE t=179.4s rss=4091MB hwm=4091MB
RSS_SAMPLE t=179.6s rss=4091MB hwm=4091MB
RSS_SAMPLE t=179.9s rss=4091MB hwm=4091MB
RSS_SAMPLE t=180.2s rss=4092MB hwm=4092MB
RSS_SAMPLE t=180.4s rss=4092MB hwm=4092MB
RSS_SAMPLE t=180.7s rss=4092MB hwm=4092MB
RSS_SAMPLE t=180.9s rss=4092MB hwm=4092MB
RSS_SAMPLE t=181.2s rss=4092MB hwm=4092MB
RSS_SAMPLE t=181.4s rss=4092MB hwm=4092MB
RSS_SAMPLE t=181.7s rss=4092MB hwm=4092MB
RSS_SAMPLE t=181.9s rss=4092MB hwm=4092MB
RSS_SAMPLE t=182.2s rss=4092MB hwm=4092MB
RSS_SAMPLE t=182.4s rss=4092MB hwm=4092MB
RSS_SAMPLE t=182.7s rss=4092MB hwm=4092MB
RSS_SAMPLE t=182.9s rss=4092MB hwm=4092MB
RSS_SAMPLE t=183.2s rss=4093MB hwm=4093MB
RSS_SAMPLE t=183.4s rss=4093MB hwm=4093MB
RSS_SAMPLE t=183.7s rss=4093MB hwm=4093MB
RSS_SAMPLE t=183.9s rss=4093MB hwm=4093MB
RSS_SAMPLE t=184.2s rss=4093MB hwm=4093MB
RSS_SAMPLE t=184.4s rss=4093MB hwm=4093MB
RSS_SAMPLE t=184.7s rss=4093MB hwm=4093MB
RSS_SAMPLE t=184.9s rss=4093MB hwm=4093MB
MEM_POOL: workspaces=32 dense_usage_mb=1251 n_pipes=2562403
    post_solve_diag[outer=0]: solves=105117 cap_armed=105117 (100.0%) settle_avg=9381 above_sink_avg=228 (2.4%) settle_max=69353
    load_support[outer=0]: settle_avg=9381 load_nz_avg=5774 (61.5%) load_material_avg=2239 (23.9%)
    prune_ceiling[outer=0]: settle_avg=9381 heuristic_prunable_avg=4201 (44.8%) vs oracle_zero_load=38.5%
    settle_hist[outer=0]: <100: 25408nets/0.1%work  <1k: 22013nets/0.7%work  <5k: 23952nets/6.3%work  <20k: 14217nets/15.8%work  <60k: 17189nets/61.2%work  >=60k: 2338nets/15.7%work
    fanout_hist[outer=0]: fan1: 43710nets/13.4%work  fan2-4: 48279nets/50.8%work  fan5-16: 12974nets/35.0%work  fan17-64: 154nets/0.8%work  fan65-256: 0nets/0.0%work  fan>256: 0nets/0.0%work
    rss_probe[outer=0]: pre_post_solve=1941MB post_post_solve=4113MB after_apply=4113MB
MuxSlotTracker[sweep 0 LEAK]: populated_cells=59763, overflow_tiles=5, at_cap_tiles=1517, peak_excess=11, capacity_hist={16:67346}
    E_decomp: base=10426244.8 eff=10954477.0 cong=528232.3 cong_share=4.8% sat_pipes=174669 max_util=1142.28  R_buckets: 1-2x=2562403 2-10x=0 10-100x=0 >=100x=0
    E_potential: beckmann=14312237275341.0 history_total=0.0
    SpanCache: epoch=1 entries=110 lookups=2562403 hits=2562293 misses=110 hit_rate=100.0%
  DCD   0: nets=105117 line=17072682 energy=2323387.099 dE=+0.000 friction=4350392.9 bins=2.8x(1117) excess=567.0 moved=59576 disp=inf solves=210234 skip=0 pops=2073448511 theta=0.250 refresh=121406ms dcd=6546ms total=130583ms
    cache_stats: entries=52666944 capacity=88871412 est_mb=768 rss_mb=4097
RSS_SAMPLE t=185.2s rss=4097MB hwm=4107MB
RSS_SAMPLE t=185.4s rss=4097MB hwm=4107MB
RSS_SAMPLE t=185.7s rss=4097MB hwm=4107MB
RSS_SAMPLE t=185.9s rss=4097MB hwm=4107MB
RSS_SAMPLE t=186.2s rss=4097MB hwm=4107MB
RSS_SAMPLE t=186.4s rss=4097MB hwm=4107MB
RSS_SAMPLE t=186.7s rss=4097MB hwm=4107MB
RSS_SAMPLE t=186.9s rss=4097MB hwm=4107MB
RSS_SAMPLE t=187.2s rss=4097MB hwm=4107MB
RSS_SAMPLE t=187.4s rss=4097MB hwm=4107MB
RSS_SAMPLE t=187.7s rss=4097MB hwm=4107MB
    SwitchMatrix: type_usage_pairs=856 lookups=2516 hits=1660 dijkstra_calls=856 avg_us=10.3 total_ms=8.8
PHASE_MARK outer=1 enter=pre_solve rss=4097MB
    rss_probe[outer=1]: pre_refresh_rss=4097MB post_pre_solve_rss=4097MB cache_entries=52666944 cache_cap=88871412 cache_est_mb=768
    pre_solve_diag[outer=1]: solves=0 fallback=0 (0.0%) cap_armed=0 (0.0%) settle_avg=0 settle_max=0 init_count=236
    Overflow: over=150768 (5.9% of used) avg_excess=2.33 max_excess=1491.55 (nc=1515.55 cap=24 span=1)  excess_buckets: <=1=78661 1-5=56068 5-20=14604 >20=1435  by_cap: cap1=78287 cap2=46513 cap3-5=141 cap>5=25827  by_span: s1=1524 s2-3=1863 s4-6=15798 s7-12=51475 s>12=80108  le1_cross: cap1=50071 cap2-5=25347 cap>5=3243
    Congestion: pipes=2562403 used=2562403 congested(>50%)=359406 saturated(>90%)=174669 max_util=1142.28 avg_util=0.2973
PHASE_MARK outer=1 enter=dcd_sweep rss=4097MB
RSS_SAMPLE t=187.9s rss=4097MB hwm=4107MB
RSS_SAMPLE t=188.2s rss=4097MB hwm=4107MB
RSS_SAMPLE t=188.4s rss=4097MB hwm=4107MB
RSS_SAMPLE t=188.7s rss=4097MB hwm=4107MB
RSS_SAMPLE t=188.9s rss=4097MB hwm=4107MB
RSS_SAMPLE t=189.2s rss=4097MB hwm=4107MB
RSS_SAMPLE t=189.4s rss=4097MB hwm=4107MB
RSS_SAMPLE t=189.7s rss=4097MB hwm=4107MB
RSS_SAMPLE t=189.9s rss=4097MB hwm=4107MB
RSS_SAMPLE t=190.2s rss=4097MB hwm=4107MB
RSS_SAMPLE t=190.4s rss=4097MB hwm=4107MB
RSS_SAMPLE t=190.7s rss=4097MB hwm=4107MB
RSS_SAMPLE t=190.9s rss=4097MB hwm=4107MB
RSS_SAMPLE t=191.2s rss=4097MB hwm=4107MB
RSS_SAMPLE t=191.4s rss=4097MB hwm=4107MB
RSS_SAMPLE t=191.7s rss=4097MB hwm=4107MB
RSS_SAMPLE t=191.9s rss=4097MB hwm=4107MB
RSS_SAMPLE t=192.2s rss=4097MB hwm=4107MB
RSS_SAMPLE t=192.4s rss=4097MB hwm=4107MB
RSS_SAMPLE t=192.7s rss=4097MB hwm=4107MB
RSS_SAMPLE t=192.9s rss=4097MB hwm=4107MB
RSS_SAMPLE t=193.2s rss=4097MB hwm=4107MB
RSS_SAMPLE t=193.4s rss=4097MB hwm=4107MB
RSS_SAMPLE t=193.7s rss=4097MB hwm=4107MB
RSS_SAMPLE t=193.9s rss=4097MB hwm=4107MB
RSS_SAMPLE t=194.2s rss=4097MB hwm=4107MB
PHASE_MARK outer=1 leave=dcd_sweep rss=4097MB
PHASE_MARK outer=1 enter=post_refresh rss=4097MB
RSS_SAMPLE t=194.4s rss=4106MB hwm=4107MB
RSS_SAMPLE t=194.7s rss=4106MB hwm=4107MB
RSS_SAMPLE t=194.9s rss=4106MB hwm=4107MB
RSS_SAMPLE t=195.2s rss=4106MB hwm=4107MB
RSS_SAMPLE t=195.4s rss=4106MB hwm=4107MB
RSS_SAMPLE t=195.7s rss=4106MB hwm=4107MB
RSS_SAMPLE t=195.9s rss=4106MB hwm=4107MB
RSS_SAMPLE t=196.2s rss=4106MB hwm=4107MB
RSS_SAMPLE t=196.4s rss=4106MB hwm=4107MB
RSS_SAMPLE t=196.7s rss=4106MB hwm=4107MB
RSS_SAMPLE t=196.9s rss=4106MB hwm=4107MB
RSS_SAMPLE t=197.2s rss=4201MB hwm=4201MB
RSS_SAMPLE t=197.4s rss=4219MB hwm=4219MB
RSS_SAMPLE t=197.7s rss=4243MB hwm=4243MB
RSS_SAMPLE t=197.9s rss=4246MB hwm=4246MB
RSS_SAMPLE t=198.2s rss=4249MB hwm=4249MB
RSS_SAMPLE t=198.4s rss=4264MB hwm=4264MB
RSS_SAMPLE t=198.7s rss=4271MB hwm=4271MB
RSS_SAMPLE t=198.9s rss=4277MB hwm=4277MB
RSS_SAMPLE t=199.2s rss=4278MB hwm=4278MB
RSS_SAMPLE t=199.4s rss=4278MB hwm=4278MB
RSS_SAMPLE t=199.7s rss=4282MB hwm=4282MB
RSS_SAMPLE t=199.9s rss=4283MB hwm=4283MB
RSS_SAMPLE t=200.2s rss=4283MB hwm=4283MB
RSS_SAMPLE t=200.4s rss=4284MB hwm=4284MB
RSS_SAMPLE t=200.7s rss=4285MB hwm=4285MB
RSS_SAMPLE t=200.9s rss=4285MB hwm=4285MB
RSS_SAMPLE t=201.2s rss=4286MB hwm=4286MB
RSS_SAMPLE t=201.4s rss=4286MB hwm=4286MB
RSS_SAMPLE t=201.7s rss=4287MB hwm=4287MB
RSS_SAMPLE t=201.9s rss=4287MB hwm=4287MB
RSS_SAMPLE t=202.2s rss=4288MB hwm=4288MB
RSS_SAMPLE t=202.4s rss=4289MB hwm=4289MB
RSS_SAMPLE t=202.7s rss=4290MB hwm=4290MB
RSS_SAMPLE t=202.9s rss=4291MB hwm=4291MB
RSS_SAMPLE t=203.2s rss=4292MB hwm=4292MB
RSS_SAMPLE t=203.4s rss=4293MB hwm=4293MB
RSS_SAMPLE t=203.7s rss=4294MB hwm=4294MB
RSS_SAMPLE t=203.9s rss=4295MB hwm=4295MB
RSS_SAMPLE t=204.2s rss=4296MB hwm=4296MB
RSS_SAMPLE t=204.4s rss=4297MB hwm=4297MB
RSS_SAMPLE t=204.7s rss=4298MB hwm=4298MB
RSS_SAMPLE t=204.9s rss=4300MB hwm=4300MB
RSS_SAMPLE t=205.2s rss=4301MB hwm=4301MB
RSS_SAMPLE t=205.4s rss=4303MB hwm=4303MB
RSS_SAMPLE t=205.7s rss=4304MB hwm=4304MB
RSS_SAMPLE t=205.9s rss=4306MB hwm=4306MB
RSS_SAMPLE t=206.2s rss=4306MB hwm=4306MB
RSS_SAMPLE t=206.4s rss=4308MB hwm=4308MB
RSS_SAMPLE t=206.7s rss=4309MB hwm=4309MB
RSS_SAMPLE t=206.9s rss=4310MB hwm=4310MB
RSS_SAMPLE t=207.2s rss=4311MB hwm=4311MB
RSS_SAMPLE t=207.4s rss=4312MB hwm=4312MB
RSS_SAMPLE t=207.7s rss=4313MB hwm=4313MB
RSS_SAMPLE t=207.9s rss=4313MB hwm=4313MB
RSS_SAMPLE t=208.2s rss=4314MB hwm=4314MB
RSS_SAMPLE t=208.4s rss=4315MB hwm=4315MB
RSS_SAMPLE t=208.7s rss=4316MB hwm=4316MB
RSS_SAMPLE t=208.9s rss=4317MB hwm=4317MB
RSS_SAMPLE t=209.2s rss=4317MB hwm=4317MB
RSS_SAMPLE t=209.4s rss=4318MB hwm=4318MB
RSS_SAMPLE t=209.7s rss=4318MB hwm=4318MB
RSS_SAMPLE t=209.9s rss=4319MB hwm=4319MB
RSS_SAMPLE t=210.2s rss=4319MB hwm=4319MB
RSS_SAMPLE t=210.4s rss=4319MB hwm=4319MB
RSS_SAMPLE t=210.7s rss=4320MB hwm=4320MB
RSS_SAMPLE t=210.9s rss=4321MB hwm=4321MB
RSS_SAMPLE t=211.2s rss=4321MB hwm=4321MB
RSS_SAMPLE t=211.4s rss=4321MB hwm=4321MB
RSS_SAMPLE t=211.7s rss=4322MB hwm=4322MB
RSS_SAMPLE t=211.9s rss=4322MB hwm=4322MB
RSS_SAMPLE t=212.2s rss=4322MB hwm=4322MB
RSS_SAMPLE t=212.4s rss=4322MB hwm=4322MB
RSS_SAMPLE t=212.7s rss=4323MB hwm=4323MB
RSS_SAMPLE t=212.9s rss=4323MB hwm=4323MB
RSS_SAMPLE t=213.2s rss=4323MB hwm=4323MB
RSS_SAMPLE t=213.4s rss=4323MB hwm=4323MB
RSS_SAMPLE t=213.7s rss=4323MB hwm=4323MB
RSS_SAMPLE t=213.9s rss=4323MB hwm=4323MB
RSS_SAMPLE t=214.2s rss=4323MB hwm=4323MB
RSS_SAMPLE t=214.4s rss=4323MB hwm=4323MB
RSS_SAMPLE t=214.7s rss=4323MB hwm=4323MB
RSS_SAMPLE t=214.9s rss=4323MB hwm=4323MB
RSS_SAMPLE t=215.2s rss=4323MB hwm=4323MB
RSS_SAMPLE t=215.4s rss=4323MB hwm=4323MB
RSS_SAMPLE t=215.7s rss=4323MB hwm=4323MB
RSS_SAMPLE t=215.9s rss=4324MB hwm=4324MB
RSS_SAMPLE t=216.2s rss=4324MB hwm=4324MB
RSS_SAMPLE t=216.4s rss=4324MB hwm=4324MB
RSS_SAMPLE t=216.7s rss=4324MB hwm=4324MB
RSS_SAMPLE t=216.9s rss=4324MB hwm=4324MB
RSS_SAMPLE t=217.2s rss=4324MB hwm=4324MB
RSS_SAMPLE t=217.4s rss=4324MB hwm=4324MB
RSS_SAMPLE t=217.7s rss=4324MB hwm=4324MB
RSS_SAMPLE t=217.9s rss=4324MB hwm=4324MB
RSS_SAMPLE t=218.2s rss=4324MB hwm=4324MB
RSS_SAMPLE t=218.4s rss=4324MB hwm=4324MB
RSS_SAMPLE t=218.7s rss=4324MB hwm=4324MB
RSS_SAMPLE t=218.9s rss=4324MB hwm=4324MB
RSS_SAMPLE t=219.2s rss=4324MB hwm=4324MB
RSS_SAMPLE t=219.4s rss=4324MB hwm=4324MB
RSS_SAMPLE t=219.7s rss=4324MB hwm=4324MB
RSS_SAMPLE t=219.9s rss=4324MB hwm=4324MB
RSS_SAMPLE t=220.2s rss=4324MB hwm=4324MB
RSS_SAMPLE t=220.4s rss=4325MB hwm=4325MB
RSS_SAMPLE t=220.7s rss=4325MB hwm=4325MB
RSS_SAMPLE t=220.9s rss=4325MB hwm=4325MB
RSS_SAMPLE t=221.2s rss=4325MB hwm=4325MB
RSS_SAMPLE t=221.4s rss=4325MB hwm=4325MB
RSS_SAMPLE t=221.7s rss=4325MB hwm=4325MB
RSS_SAMPLE t=221.9s rss=4325MB hwm=4325MB
RSS_SAMPLE t=222.2s rss=4325MB hwm=4325MB
RSS_SAMPLE t=222.4s rss=4325MB hwm=4325MB
RSS_SAMPLE t=222.7s rss=4325MB hwm=4325MB
RSS_SAMPLE t=222.9s rss=4325MB hwm=4325MB
RSS_SAMPLE t=223.2s rss=4325MB hwm=4325MB
RSS_SAMPLE t=223.4s rss=4325MB hwm=4325MB
RSS_SAMPLE t=223.7s rss=4325MB hwm=4325MB
RSS_SAMPLE t=223.9s rss=4325MB hwm=4325MB
RSS_SAMPLE t=224.2s rss=4325MB hwm=4325MB
RSS_SAMPLE t=224.4s rss=4325MB hwm=4325MB
RSS_SAMPLE t=224.7s rss=4325MB hwm=4325MB
RSS_SAMPLE t=224.9s rss=4325MB hwm=4325MB
RSS_SAMPLE t=225.2s rss=4325MB hwm=4325MB
RSS_SAMPLE t=225.4s rss=4325MB hwm=4325MB
RSS_SAMPLE t=225.7s rss=4325MB hwm=4325MB
RSS_SAMPLE t=225.9s rss=4325MB hwm=4325MB
RSS_SAMPLE t=226.2s rss=4325MB hwm=4325MB
RSS_SAMPLE t=226.4s rss=4325MB hwm=4325MB
RSS_SAMPLE t=226.7s rss=4325MB hwm=4325MB
RSS_SAMPLE t=226.9s rss=4325MB hwm=4325MB
RSS_SAMPLE t=227.2s rss=4326MB hwm=4326MB
RSS_SAMPLE t=227.4s rss=4326MB hwm=4326MB
RSS_SAMPLE t=227.7s rss=4326MB hwm=4326MB
RSS_SAMPLE t=227.9s rss=4326MB hwm=4326MB
RSS_SAMPLE t=228.2s rss=4326MB hwm=4326MB
RSS_SAMPLE t=228.4s rss=4326MB hwm=4326MB
RSS_SAMPLE t=228.7s rss=4326MB hwm=4326MB
RSS_SAMPLE t=228.9s rss=4326MB hwm=4326MB
RSS_SAMPLE t=229.2s rss=4327MB hwm=4327MB
RSS_SAMPLE t=229.4s rss=4327MB hwm=4327MB
RSS_SAMPLE t=229.7s rss=4327MB hwm=4327MB
RSS_SAMPLE t=229.9s rss=4327MB hwm=4327MB
RSS_SAMPLE t=230.2s rss=4327MB hwm=4327MB
RSS_SAMPLE t=230.4s rss=4327MB hwm=4327MB
RSS_SAMPLE t=230.7s rss=4327MB hwm=4327MB
RSS_SAMPLE t=230.9s rss=4327MB hwm=4327MB
RSS_SAMPLE t=231.2s rss=4327MB hwm=4327MB
RSS_SAMPLE t=231.4s rss=4327MB hwm=4327MB
RSS_SAMPLE t=231.7s rss=4327MB hwm=4327MB
RSS_SAMPLE t=231.9s rss=4327MB hwm=4327MB
RSS_SAMPLE t=232.2s rss=4327MB hwm=4327MB
RSS_SAMPLE t=232.4s rss=4327MB hwm=4327MB
RSS_SAMPLE t=232.7s rss=4327MB hwm=4327MB
RSS_SAMPLE t=232.9s rss=4327MB hwm=4327MB
RSS_SAMPLE t=233.2s rss=4327MB hwm=4327MB
RSS_SAMPLE t=233.4s rss=4327MB hwm=4327MB
RSS_SAMPLE t=233.7s rss=4328MB hwm=4328MB
RSS_SAMPLE t=233.9s rss=4328MB hwm=4328MB
RSS_SAMPLE t=234.2s rss=4328MB hwm=4328MB
RSS_SAMPLE t=234.4s rss=4328MB hwm=4328MB
RSS_SAMPLE t=234.7s rss=4328MB hwm=4328MB
RSS_SAMPLE t=234.9s rss=4328MB hwm=4328MB
RSS_SAMPLE t=235.2s rss=4328MB hwm=4328MB
RSS_SAMPLE t=235.4s rss=4328MB hwm=4328MB
RSS_SAMPLE t=235.7s rss=4328MB hwm=4328MB
RSS_SAMPLE t=235.9s rss=4328MB hwm=4328MB
RSS_SAMPLE t=236.2s rss=4328MB hwm=4328MB
RSS_SAMPLE t=236.4s rss=4328MB hwm=4328MB
RSS_SAMPLE t=236.7s rss=4328MB hwm=4328MB
MEM_POOL: workspaces=32 dense_usage_mb=1251 n_pipes=2562403
    post_solve_diag[outer=1]: solves=105117 cap_armed=105117 (100.0%) settle_avg=8179 above_sink_avg=131 (1.6%) settle_max=69353
    load_support[outer=1]: settle_avg=8179 load_nz_avg=986 (12.1%) load_material_avg=640 (7.8%)
    prune_ceiling[outer=1]: settle_avg=8179 heuristic_prunable_avg=1300 (15.9%) vs oracle_zero_load=87.9%
    settle_hist[outer=1]: <100: 28130nets/0.1%work  <1k: 23150nets/0.9%work  <5k: 23473nets/6.8%work  <20k: 13493nets/17.5%work  <60k: 15112nets/61.3%work  >=60k: 1759nets/13.4%work
    fanout_hist[outer=1]: fan1: 43710nets/11.8%work  fan2-4: 48279nets/50.4%work  fan5-16: 12974nets/36.9%work  fan17-64: 154nets/0.9%work  fan65-256: 0nets/0.0%work  fan>256: 0nets/0.0%work
    rss_probe[outer=1]: pre_post_solve=4106MB post_post_solve=4347MB after_apply=4347MB
MuxSlotTracker[sweep 1 LEAK]: populated_cells=64549, overflow_tiles=1, at_cap_tiles=847, peak_excess=4, capacity_hist={16:67346}
    E_decomp: base=8615454.8 eff=64908626197168.8 cong=64908617581714.1 cong_share=100.0% sat_pipes=119136 max_util=2343.22  R_buckets: 1-2x=133627 2-10x=1840 10-100x=571 >=100x=2426365
    E_potential: beckmann=6876122757217839.0 history_total=0.0
    SpanCache: epoch=2 entries=2516 lookups=2562403 hits=2559887 misses=2516 hit_rate=99.9%
  DCD   1: nets=105117 line=16304955 energy=5295309336.168 dE=+5292985949.069 friction=236522656.6 bins=2.1x(910) excess=366.0 moved=63760 disp=10.518 solves=105117 skip=105117 pops=859712023 theta=0.293 refresh=42471ms dcd=6563ms total=51663ms
    cache_stats: entries=50100039 capacity=87627887 est_mb=757 rss_mb=4349
RSS_SAMPLE t=236.9s rss=4349MB hwm=4349MB
RSS_SAMPLE t=237.2s rss=4349MB hwm=4349MB
RSS_SAMPLE t=237.4s rss=4349MB hwm=4349MB
RSS_SAMPLE t=237.7s rss=4349MB hwm=4349MB
RSS_SAMPLE t=237.9s rss=4349MB hwm=4349MB
RSS_SAMPLE t=238.2s rss=4349MB hwm=4349MB
RSS_SAMPLE t=238.4s rss=4349MB hwm=4349MB
RSS_SAMPLE t=238.7s rss=4349MB hwm=4349MB
RSS_SAMPLE t=238.9s rss=4349MB hwm=4349MB
RSS_SAMPLE t=239.2s rss=4349MB hwm=4349MB
    SwitchMatrix: type_usage_pairs=1381 lookups=3251 hits=1870 dijkstra_calls=1381 avg_us=8.3 total_ms=11.5
PHASE_MARK outer=2 enter=pre_solve rss=4349MB
RSS_SAMPLE t=239.4s rss=4350MB hwm=4350MB
    rss_probe[outer=2]: pre_refresh_rss=4349MB post_pre_solve_rss=4362MB cache_entries=50100039 cache_cap=87627887 cache_est_mb=757
    pre_solve_diag[outer=2]: solves=0 fallback=0 (0.0%) cap_armed=0 (0.0%) settle_avg=0 settle_max=0 init_count=254
    Overflow: over=107326 (4.2% of used) avg_excess=11.29 max_excess=3100.34 (nc=3124.34 cap=24 span=1)  excess_buckets: <=1=36978 1-5=50793 5-20=14861 >20=4694  by_cap: cap1=28451 cap2=71623 cap3-5=26 cap>5=7226  by_span: s1=684 s2-3=1608 s4-6=4466 s7-12=71881 s>12=28687  le1_cross: cap1=21875 cap2-5=13627 cap>5=1476
    Congestion: pipes=2562403 used=2562403 congested(>50%)=215447 saturated(>90%)=119136 max_util=2343.22 avg_util=0.3188
PHASE_MARK outer=2 enter=dcd_sweep rss=4362MB
RSS_SAMPLE t=239.7s rss=4362MB hwm=4362MB
RSS_SAMPLE t=240.0s rss=4362MB hwm=4362MB
RSS_SAMPLE t=240.2s rss=4363MB hwm=4363MB
RSS_SAMPLE t=240.5s rss=4363MB hwm=4363MB
RSS_SAMPLE t=240.7s rss=4363MB hwm=4363MB
RSS_SAMPLE t=241.0s rss=4363MB hwm=4363MB
RSS_SAMPLE t=241.2s rss=4363MB hwm=4363MB
RSS_SAMPLE t=241.5s rss=4363MB hwm=4363MB
RSS_SAMPLE t=241.7s rss=4364MB hwm=4364MB
RSS_SAMPLE t=242.0s rss=4364MB hwm=4364MB
RSS_SAMPLE t=242.2s rss=4364MB hwm=4364MB
RSS_SAMPLE t=242.5s rss=4364MB hwm=4364MB
RSS_SAMPLE t=242.7s rss=4364MB hwm=4364MB
RSS_SAMPLE t=243.0s rss=4365MB hwm=4365MB
RSS_SAMPLE t=243.2s rss=4365MB hwm=4365MB
RSS_SAMPLE t=243.5s rss=4365MB hwm=4365MB
RSS_SAMPLE t=243.7s rss=4365MB hwm=4365MB
RSS_SAMPLE t=244.0s rss=4365MB hwm=4365MB
RSS_SAMPLE t=244.2s rss=4365MB hwm=4365MB
RSS_SAMPLE t=244.5s rss=4366MB hwm=4366MB
RSS_SAMPLE t=244.7s rss=4366MB hwm=4366MB
RSS_SAMPLE t=245.0s rss=4366MB hwm=4366MB
RSS_SAMPLE t=245.2s rss=4366MB hwm=4366MB
RSS_SAMPLE t=245.5s rss=4366MB hwm=4366MB
RSS_SAMPLE t=245.7s rss=4366MB hwm=4366MB
RSS_SAMPLE t=246.0s rss=4367MB hwm=4367MB
PHASE_MARK outer=2 leave=dcd_sweep rss=4367MB
PHASE_MARK outer=2 enter=post_refresh rss=4367MB
RSS_SAMPLE t=246.2s rss=4369MB hwm=4369MB
RSS_SAMPLE t=246.5s rss=4369MB hwm=4369MB
RSS_SAMPLE t=246.7s rss=4369MB hwm=4369MB
RSS_SAMPLE t=247.0s rss=4369MB hwm=4369MB
RSS_SAMPLE t=247.2s rss=4369MB hwm=4369MB
RSS_SAMPLE t=247.5s rss=4369MB hwm=4369MB
RSS_SAMPLE t=247.7s rss=4369MB hwm=4369MB
RSS_SAMPLE t=248.0s rss=4369MB hwm=4369MB
RSS_SAMPLE t=248.2s rss=4369MB hwm=4369MB
RSS_SAMPLE t=248.5s rss=4369MB hwm=4369MB
RSS_SAMPLE t=248.7s rss=4369MB hwm=4369MB
RSS_SAMPLE t=249.0s rss=4369MB hwm=4369MB
RSS_SAMPLE t=249.2s rss=4369MB hwm=4369MB
RSS_SAMPLE t=249.5s rss=4369MB hwm=4369MB
RSS_SAMPLE t=249.7s rss=4369MB hwm=4369MB
RSS_SAMPLE t=250.0s rss=4369MB hwm=4369MB
RSS_SAMPLE t=250.2s rss=4369MB hwm=4369MB
RSS_SAMPLE t=250.5s rss=4370MB hwm=4370MB
RSS_SAMPLE t=250.7s rss=4370MB hwm=4370MB
RSS_SAMPLE t=251.0s rss=4370MB hwm=4370MB
RSS_SAMPLE t=251.2s rss=4370MB hwm=4370MB
RSS_SAMPLE t=251.5s rss=4370MB hwm=4370MB
RSS_SAMPLE t=251.7s rss=4370MB hwm=4370MB
RSS_SAMPLE t=252.0s rss=4371MB hwm=4371MB
RSS_SAMPLE t=252.2s rss=4371MB hwm=4371MB
RSS_SAMPLE t=252.5s rss=4371MB hwm=4371MB
RSS_SAMPLE t=252.7s rss=4371MB hwm=4371MB
RSS_SAMPLE t=253.0s rss=4372MB hwm=4372MB
RSS_SAMPLE t=253.2s rss=4372MB hwm=4372MB
RSS_SAMPLE t=253.5s rss=4373MB hwm=4373MB
RSS_SAMPLE t=253.7s rss=4374MB hwm=4374MB
RSS_SAMPLE t=254.0s rss=4374MB hwm=4374MB
RSS_SAMPLE t=254.2s rss=4375MB hwm=4375MB
RSS_SAMPLE t=254.5s rss=4375MB hwm=4375MB
RSS_SAMPLE t=254.7s rss=4375MB hwm=4375MB
RSS_SAMPLE t=255.0s rss=4376MB hwm=4376MB
RSS_SAMPLE t=255.2s rss=4376MB hwm=4376MB
RSS_SAMPLE t=255.5s rss=4377MB hwm=4377MB
RSS_SAMPLE t=255.7s rss=4377MB hwm=4377MB
RSS_SAMPLE t=256.0s rss=4378MB hwm=4378MB
RSS_SAMPLE t=256.2s rss=4378MB hwm=4378MB
RSS_SAMPLE t=256.5s rss=4379MB hwm=4379MB
RSS_SAMPLE t=256.7s rss=4379MB hwm=4379MB
RSS_SAMPLE t=257.0s rss=4379MB hwm=4379MB
RSS_SAMPLE t=257.2s rss=4380MB hwm=4380MB
RSS_SAMPLE t=257.5s rss=4381MB hwm=4381MB
RSS_SAMPLE t=257.7s rss=4381MB hwm=4381MB
RSS_SAMPLE t=258.0s rss=4382MB hwm=4382MB
RSS_SAMPLE t=258.2s rss=4382MB hwm=4382MB
RSS_SAMPLE t=258.5s rss=4382MB hwm=4382MB
RSS_SAMPLE t=258.7s rss=4383MB hwm=4383MB
RSS_SAMPLE t=259.0s rss=4384MB hwm=4384MB
RSS_SAMPLE t=259.2s rss=4384MB hwm=4384MB
RSS_SAMPLE t=259.5s rss=4385MB hwm=4385MB
RSS_SAMPLE t=259.7s rss=4385MB hwm=4385MB
RSS_SAMPLE t=260.0s rss=4386MB hwm=4386MB
RSS_SAMPLE t=260.2s rss=4386MB hwm=4386MB
RSS_SAMPLE t=260.5s rss=4386MB hwm=4386MB
RSS_SAMPLE t=260.7s rss=4387MB hwm=4387MB
RSS_SAMPLE t=261.0s rss=4387MB hwm=4387MB
RSS_SAMPLE t=261.2s rss=4387MB hwm=4387MB
RSS_SAMPLE t=261.5s rss=4387MB hwm=4387MB
RSS_SAMPLE t=261.7s rss=4387MB hwm=4387MB
RSS_SAMPLE t=262.0s rss=4387MB hwm=4387MB
RSS_SAMPLE t=262.2s rss=4387MB hwm=4387MB
RSS_SAMPLE t=262.5s rss=4387MB hwm=4387MB
RSS_SAMPLE t=262.7s rss=4388MB hwm=4388MB
RSS_SAMPLE t=263.0s rss=4388MB hwm=4388MB
RSS_SAMPLE t=263.2s rss=4388MB hwm=4388MB
RSS_SAMPLE t=263.5s rss=4388MB hwm=4388MB
RSS_SAMPLE t=263.7s rss=4388MB hwm=4388MB
RSS_SAMPLE t=264.0s rss=4388MB hwm=4388MB
RSS_SAMPLE t=264.2s rss=4389MB hwm=4389MB
RSS_SAMPLE t=264.5s rss=4389MB hwm=4389MB
RSS_SAMPLE t=264.7s rss=4389MB hwm=4389MB
RSS_SAMPLE t=265.0s rss=4389MB hwm=4389MB
RSS_SAMPLE t=265.2s rss=4389MB hwm=4389MB
RSS_SAMPLE t=265.5s rss=4389MB hwm=4389MB
RSS_SAMPLE t=265.7s rss=4389MB hwm=4389MB
RSS_SAMPLE t=266.0s rss=4389MB hwm=4389MB
RSS_SAMPLE t=266.2s rss=4389MB hwm=4389MB
RSS_SAMPLE t=266.5s rss=4389MB hwm=4389MB
RSS_SAMPLE t=266.7s rss=4389MB hwm=4389MB
RSS_SAMPLE t=267.0s rss=4390MB hwm=4390MB
RSS_SAMPLE t=267.2s rss=4390MB hwm=4390MB
RSS_SAMPLE t=267.5s rss=4390MB hwm=4390MB
RSS_SAMPLE t=267.7s rss=4390MB hwm=4390MB
RSS_SAMPLE t=268.0s rss=4390MB hwm=4390MB
RSS_SAMPLE t=268.2s rss=4390MB hwm=4390MB
RSS_SAMPLE t=268.5s rss=4390MB hwm=4390MB
RSS_SAMPLE t=268.7s rss=4390MB hwm=4390MB
RSS_SAMPLE t=269.0s rss=4390MB hwm=4390MB
RSS_SAMPLE t=269.2s rss=4391MB hwm=4391MB
RSS_SAMPLE t=269.5s rss=4391MB hwm=4391MB
RSS_SAMPLE t=269.7s rss=4391MB hwm=4391MB
RSS_SAMPLE t=270.0s rss=4391MB hwm=4391MB
RSS_SAMPLE t=270.2s rss=4391MB hwm=4391MB
RSS_SAMPLE t=270.5s rss=4391MB hwm=4391MB
RSS_SAMPLE t=270.7s rss=4391MB hwm=4391MB
RSS_SAMPLE t=271.0s rss=4391MB hwm=4391MB
RSS_SAMPLE t=271.2s rss=4391MB hwm=4391MB
RSS_SAMPLE t=271.5s rss=4391MB hwm=4391MB
RSS_SAMPLE t=271.7s rss=4391MB hwm=4391MB
RSS_SAMPLE t=272.0s rss=4391MB hwm=4391MB
RSS_SAMPLE t=272.2s rss=4391MB hwm=4391MB
RSS_SAMPLE t=272.5s rss=4391MB hwm=4391MB
RSS_SAMPLE t=272.7s rss=4391MB hwm=4391MB
RSS_SAMPLE t=273.0s rss=4391MB hwm=4391MB
RSS_SAMPLE t=273.2s rss=4391MB hwm=4391MB
RSS_SAMPLE t=273.5s rss=4391MB hwm=4391MB
RSS_SAMPLE t=273.7s rss=4391MB hwm=4391MB
RSS_SAMPLE t=274.0s rss=4391MB hwm=4391MB
RSS_SAMPLE t=274.2s rss=4391MB hwm=4391MB
RSS_SAMPLE t=274.5s rss=4391MB hwm=4391MB
RSS_SAMPLE t=274.7s rss=4391MB hwm=4391MB
RSS_SAMPLE t=275.0s rss=4391MB hwm=4391MB
RSS_SAMPLE t=275.2s rss=4391MB hwm=4391MB
RSS_SAMPLE t=275.5s rss=4391MB hwm=4391MB
RSS_SAMPLE t=275.7s rss=4391MB hwm=4391MB
RSS_SAMPLE t=276.0s rss=4391MB hwm=4391MB
RSS_SAMPLE t=276.2s rss=4391MB hwm=4391MB
RSS_SAMPLE t=276.5s rss=4391MB hwm=4391MB
RSS_SAMPLE t=276.7s rss=4391MB hwm=4391MB
RSS_SAMPLE t=277.0s rss=4391MB hwm=4391MB
RSS_SAMPLE t=277.2s rss=4391MB hwm=4391MB
RSS_SAMPLE t=277.5s rss=4391MB hwm=4391MB
RSS_SAMPLE t=277.7s rss=4391MB hwm=4391MB
RSS_SAMPLE t=278.0s rss=4391MB hwm=4391MB
RSS_SAMPLE t=278.2s rss=4391MB hwm=4391MB
RSS_SAMPLE t=278.5s rss=4391MB hwm=4391MB
RSS_SAMPLE t=278.7s rss=4391MB hwm=4391MB
RSS_SAMPLE t=279.0s rss=4391MB hwm=4391MB
RSS_SAMPLE t=279.2s rss=4391MB hwm=4391MB
RSS_SAMPLE t=279.5s rss=4391MB hwm=4391MB
RSS_SAMPLE t=279.7s rss=4391MB hwm=4391MB
RSS_SAMPLE t=280.0s rss=4391MB hwm=4391MB
RSS_SAMPLE t=280.2s rss=4391MB hwm=4391MB
RSS_SAMPLE t=280.5s rss=4391MB hwm=4391MB
RSS_SAMPLE t=280.7s rss=4391MB hwm=4391MB
RSS_SAMPLE t=281.0s rss=4391MB hwm=4391MB
RSS_SAMPLE t=281.2s rss=4391MB hwm=4391MB
RSS_SAMPLE t=281.5s rss=4391MB hwm=4391MB
RSS_SAMPLE t=281.7s rss=4391MB hwm=4391MB
RSS_SAMPLE t=282.0s rss=4391MB hwm=4391MB
RSS_SAMPLE t=282.2s rss=4391MB hwm=4391MB
RSS_SAMPLE t=282.5s rss=4391MB hwm=4391MB
RSS_SAMPLE t=282.7s rss=4391MB hwm=4391MB
RSS_SAMPLE t=283.0s rss=4391MB hwm=4391MB
RSS_SAMPLE t=283.2s rss=4391MB hwm=4391MB
RSS_SAMPLE t=283.5s rss=4391MB hwm=4391MB
RSS_SAMPLE t=283.7s rss=4391MB hwm=4391MB
RSS_SAMPLE t=284.0s rss=4391MB hwm=4391MB
RSS_SAMPLE t=284.2s rss=4391MB hwm=4391MB
RSS_SAMPLE t=284.5s rss=4391MB hwm=4391MB
RSS_SAMPLE t=284.7s rss=4391MB hwm=4391MB
RSS_SAMPLE t=285.0s rss=4391MB hwm=4391MB
RSS_SAMPLE t=285.2s rss=4391MB hwm=4391MB
RSS_SAMPLE t=285.5s rss=4391MB hwm=4391MB
RSS_SAMPLE t=285.7s rss=4391MB hwm=4391MB
RSS_SAMPLE t=286.0s rss=4391MB hwm=4391MB
RSS_SAMPLE t=286.2s rss=4391MB hwm=4391MB
RSS_SAMPLE t=286.5s rss=4391MB hwm=4391MB
RSS_SAMPLE t=286.7s rss=4391MB hwm=4391MB
RSS_SAMPLE t=287.0s rss=4391MB hwm=4391MB
RSS_SAMPLE t=287.2s rss=4391MB hwm=4391MB
RSS_SAMPLE t=287.5s rss=4391MB hwm=4391MB
RSS_SAMPLE t=287.7s rss=4391MB hwm=4391MB
RSS_SAMPLE t=288.0s rss=4391MB hwm=4391MB
RSS_SAMPLE t=288.2s rss=4391MB hwm=4391MB
RSS_SAMPLE t=288.5s rss=4391MB hwm=4391MB
RSS_SAMPLE t=288.7s rss=4391MB hwm=4391MB
RSS_SAMPLE t=289.0s rss=4391MB hwm=4391MB
RSS_SAMPLE t=289.2s rss=4391MB hwm=4391MB
RSS_SAMPLE t=289.5s rss=4391MB hwm=4391MB
RSS_SAMPLE t=289.7s rss=4391MB hwm=4391MB
RSS_SAMPLE t=290.0s rss=4391MB hwm=4391MB
RSS_SAMPLE t=290.2s rss=4391MB hwm=4391MB
RSS_SAMPLE t=290.5s rss=4391MB hwm=4391MB
RSS_SAMPLE t=290.7s rss=4391MB hwm=4391MB
RSS_SAMPLE t=291.0s rss=4391MB hwm=4391MB
RSS_SAMPLE t=291.2s rss=4392MB hwm=4392MB
RSS_SAMPLE t=291.5s rss=4392MB hwm=4392MB
RSS_SAMPLE t=291.7s rss=4392MB hwm=4392MB
RSS_SAMPLE t=292.0s rss=4392MB hwm=4392MB
RSS_SAMPLE t=292.2s rss=4392MB hwm=4392MB
RSS_SAMPLE t=292.5s rss=4392MB hwm=4392MB
RSS_SAMPLE t=292.7s rss=4392MB hwm=4392MB
RSS_SAMPLE t=293.0s rss=4392MB hwm=4392MB
RSS_SAMPLE t=293.2s rss=4392MB hwm=4392MB
RSS_SAMPLE t=293.5s rss=4392MB hwm=4392MB
RSS_SAMPLE t=293.7s rss=4392MB hwm=4392MB
RSS_SAMPLE t=294.0s rss=4392MB hwm=4392MB
RSS_SAMPLE t=294.2s rss=4392MB hwm=4392MB
RSS_SAMPLE t=294.5s rss=4392MB hwm=4392MB
RSS_SAMPLE t=294.7s rss=4392MB hwm=4392MB
RSS_SAMPLE t=295.0s rss=4392MB hwm=4392MB
RSS_SAMPLE t=295.2s rss=4392MB hwm=4392MB
RSS_SAMPLE t=295.5s rss=4392MB hwm=4392MB
RSS_SAMPLE t=295.7s rss=4392MB hwm=4392MB
RSS_SAMPLE t=296.0s rss=4392MB hwm=4392MB
RSS_SAMPLE t=296.2s rss=4392MB hwm=4392MB
RSS_SAMPLE t=296.5s rss=4392MB hwm=4392MB
RSS_SAMPLE t=296.7s rss=4392MB hwm=4392MB
RSS_SAMPLE t=297.0s rss=4392MB hwm=4392MB
RSS_SAMPLE t=297.2s rss=4392MB hwm=4392MB
RSS_SAMPLE t=297.5s rss=4392MB hwm=4392MB
RSS_SAMPLE t=297.7s rss=4392MB hwm=4392MB
RSS_SAMPLE t=298.0s rss=4392MB hwm=4392MB
RSS_SAMPLE t=298.2s rss=4392MB hwm=4392MB
RSS_SAMPLE t=298.5s rss=4392MB hwm=4392MB
RSS_SAMPLE t=298.7s rss=4392MB hwm=4392MB
RSS_SAMPLE t=299.0s rss=4392MB hwm=4392MB
RSS_SAMPLE t=299.2s rss=4392MB hwm=4392MB
MEM_POOL: workspaces=32 dense_usage_mb=1251 n_pipes=2562403
    post_solve_diag[outer=2]: solves=105117 cap_armed=105117 (100.0%) settle_avg=7390 above_sink_avg=96 (1.3%) settle_max=69353
    load_support[outer=2]: settle_avg=7390 load_nz_avg=718 (9.7%) load_material_avg=584 (7.9%)
    prune_ceiling[outer=2]: settle_avg=7390 heuristic_prunable_avg=831 (11.2%) vs oracle_zero_load=90.3%
    settle_hist[outer=2]: <100: 31076nets/0.1%work  <1k: 22831nets/1.0%work  <5k: 22121nets/7.1%work  <20k: 14038nets/19.8%work  <60k: 13809nets/61.5%work  >=60k: 1242nets/10.4%work
    fanout_hist[outer=2]: fan1: 43710nets/11.2%work  fan2-4: 48279nets/49.8%work  fan5-16: 12974nets/38.1%work  fan17-64: 154nets/1.0%work  fan65-256: 0nets/0.0%work  fan>256: 0nets/0.0%work
    rss_probe[outer=2]: pre_post_solve=4369MB post_post_solve=4392MB after_apply=4392MB
    E_decomp: base=8903251.6 eff=17199126457928668.0 cong=17199126449025416.0 cong_share=100.0% sat_pipes=86185 max_util=1941.46  R_buckets: 1-2x=97617 2-10x=23480 10-100x=8616 >=100x=2432690
    E_potential: beckmann=741812577579590.9 history_total=0.0
    SpanCache: epoch=3 entries=3251 lookups=2562403 hits=2559152 misses=3251 hit_rate=99.9%
  DCD   2: nets=105117 line=15902274 energy=35041021370.856 dE=+29745712034.689 friction=92606799.2 bins=2.0x(794) excess=304.4 moved=65489 disp=10.479 solves=105117 skip=105117 pops=776800174 theta=0.343 refresh=53325ms dcd=6547ms total=62499ms
    cache_stats: entries=46875584 capacity=83731125 est_mb=723 rss_mb=4393
RSS_SAMPLE t=299.5s rss=4393MB hwm=4393MB
RSS_SAMPLE t=299.7s rss=4393MB hwm=4393MB
RSS_SAMPLE t=300.0s rss=4393MB hwm=4393MB
RSS_SAMPLE t=300.2s rss=4393MB hwm=4393MB
RSS_SAMPLE t=300.5s rss=4393MB hwm=4393MB
RSS_SAMPLE t=300.7s rss=4393MB hwm=4393MB
RSS_SAMPLE t=301.0s rss=4393MB hwm=4393MB
RSS_SAMPLE t=301.2s rss=4393MB hwm=4393MB
RSS_SAMPLE t=301.5s rss=4393MB hwm=4393MB
RSS_SAMPLE t=301.7s rss=4393MB hwm=4393MB
RSS_SAMPLE t=302.0s rss=4393MB hwm=4393MB
    SwitchMatrix: type_usage_pairs=1577 lookups=3264 hits=1687 dijkstra_calls=1577 avg_us=9.8 total_ms=15.5
PHASE_MARK outer=3 enter=pre_solve rss=4393MB
    rss_probe[outer=3]: pre_refresh_rss=4393MB post_pre_solve_rss=4393MB cache_entries=46875584 cache_cap=83731125 cache_est_mb=723
    pre_solve_diag[outer=3]: solves=0 fallback=0 (0.0%) cap_armed=0 (0.0%) settle_avg=0 settle_max=0 init_count=239
    Overflow: over=82604 (3.2% of used) avg_excess=22.05 max_excess=3536.58 (nc=3560.58 cap=24 span=1)  excess_buckets: <=1=7933 1-5=36089 5-20=25381 >20=13201  by_cap: cap1=6588 cap2=67762 cap3-5=37 cap>5=8217  by_span: s1=657 s2-3=6949 s4-6=1860 s7-12=66720 s>12=6418  le1_cross: cap1=5740 cap2-5=1993 cap>5=200
    Congestion: pipes=2562403 used=2562403 congested(>50%)=126342 saturated(>90%)=86185 max_util=1941.46 avg_util=0.2893
PHASE_MARK outer=3 enter=dcd_sweep rss=4393MB
RSS_SAMPLE t=302.2s rss=4393MB hwm=4393MB
RSS_SAMPLE t=302.5s rss=4393MB hwm=4393MB
RSS_SAMPLE t=302.7s rss=4393MB hwm=4393MB
RSS_SAMPLE t=303.0s rss=4393MB hwm=4393MB
RSS_SAMPLE t=303.2s rss=4393MB hwm=4393MB
RSS_SAMPLE t=303.5s rss=4393MB hwm=4393MB
RSS_SAMPLE t=303.7s rss=4393MB hwm=4393MB
RSS_SAMPLE t=304.0s rss=4393MB hwm=4393MB
RSS_SAMPLE t=304.2s rss=4393MB hwm=4393MB
RSS_SAMPLE t=304.5s rss=4393MB hwm=4393MB
RSS_SAMPLE t=304.7s rss=4393MB hwm=4393MB
RSS_SAMPLE t=305.0s rss=4393MB hwm=4393MB
RSS_SAMPLE t=305.2s rss=4393MB hwm=4393MB
RSS_SAMPLE t=305.5s rss=4393MB hwm=4393MB
RSS_SAMPLE t=305.7s rss=4393MB hwm=4393MB
RSS_SAMPLE t=306.0s rss=4393MB hwm=4393MB
RSS_SAMPLE t=306.2s rss=4393MB hwm=4393MB
RSS_SAMPLE t=306.5s rss=4393MB hwm=4393MB
RSS_SAMPLE t=306.7s rss=4393MB hwm=4393MB
RSS_SAMPLE t=307.0s rss=4393MB hwm=4393MB
RSS_SAMPLE t=307.2s rss=4393MB hwm=4393MB
RSS_SAMPLE t=307.5s rss=4393MB hwm=4393MB
RSS_SAMPLE t=307.7s rss=4393MB hwm=4393MB
RSS_SAMPLE t=308.0s rss=4393MB hwm=4393MB
RSS_SAMPLE t=308.3s rss=4393MB hwm=4393MB
RSS_SAMPLE t=308.5s rss=4393MB hwm=4393MB
PHASE_MARK outer=3 leave=dcd_sweep rss=4393MB
PHASE_MARK outer=3 enter=post_refresh rss=4393MB
RSS_SAMPLE t=308.8s rss=4394MB hwm=4394MB
RSS_SAMPLE t=309.0s rss=4394MB hwm=4394MB
RSS_SAMPLE t=309.3s rss=4394MB hwm=4394MB
RSS_SAMPLE t=309.5s rss=4394MB hwm=4394MB
RSS_SAMPLE t=309.8s rss=4394MB hwm=4394MB
RSS_SAMPLE t=310.0s rss=4394MB hwm=4394MB
RSS_SAMPLE t=310.3s rss=4394MB hwm=4394MB
RSS_SAMPLE t=310.5s rss=4394MB hwm=4394MB
RSS_SAMPLE t=310.8s rss=4394MB hwm=4394MB
RSS_SAMPLE t=311.0s rss=4394MB hwm=4394MB
RSS_SAMPLE t=311.3s rss=4394MB hwm=4394MB
RSS_SAMPLE t=311.5s rss=4394MB hwm=4394MB
RSS_SAMPLE t=311.8s rss=4394MB hwm=4394MB
RSS_SAMPLE t=312.0s rss=4394MB hwm=4394MB
RSS_SAMPLE t=312.3s rss=4394MB hwm=4394MB
RSS_SAMPLE t=312.5s rss=4394MB hwm=4394MB
RSS_SAMPLE t=312.8s rss=4394MB hwm=4394MB
RSS_SAMPLE t=313.0s rss=4394MB hwm=4394MB
RSS_SAMPLE t=313.3s rss=4394MB hwm=4394MB
RSS_SAMPLE t=313.5s rss=4394MB hwm=4394MB
RSS_SAMPLE t=313.8s rss=4394MB hwm=4394MB
RSS_SAMPLE t=314.0s rss=4394MB hwm=4394MB
RSS_SAMPLE t=314.3s rss=4394MB hwm=4394MB
RSS_SAMPLE t=314.5s rss=4394MB hwm=4394MB
RSS_SAMPLE t=314.8s rss=4394MB hwm=4394MB
RSS_SAMPLE t=315.0s rss=4394MB hwm=4394MB
RSS_SAMPLE t=315.3s rss=4394MB hwm=4394MB
RSS_SAMPLE t=315.5s rss=4394MB hwm=4394MB
RSS_SAMPLE t=315.8s rss=4394MB hwm=4394MB
RSS_SAMPLE t=316.0s rss=4394MB hwm=4394MB
RSS_SAMPLE t=316.3s rss=4394MB hwm=4394MB
RSS_SAMPLE t=316.5s rss=4395MB hwm=4395MB
RSS_SAMPLE t=316.8s rss=4395MB hwm=4395MB
RSS_SAMPLE t=317.0s rss=4395MB hwm=4395MB
RSS_SAMPLE t=317.3s rss=4395MB hwm=4395MB
RSS_SAMPLE t=317.5s rss=4395MB hwm=4395MB
RSS_SAMPLE t=317.8s rss=4395MB hwm=4395MB
RSS_SAMPLE t=318.0s rss=4395MB hwm=4395MB
RSS_SAMPLE t=318.3s rss=4395MB hwm=4395MB
RSS_SAMPLE t=318.5s rss=4395MB hwm=4395MB
RSS_SAMPLE t=318.8s rss=4395MB hwm=4395MB
RSS_SAMPLE t=319.0s rss=4395MB hwm=4395MB
RSS_SAMPLE t=319.3s rss=4395MB hwm=4395MB
RSS_SAMPLE t=319.5s rss=4395MB hwm=4395MB
RSS_SAMPLE t=319.8s rss=4395MB hwm=4395MB
RSS_SAMPLE t=320.0s rss=4395MB hwm=4395MB
RSS_SAMPLE t=320.3s rss=4395MB hwm=4395MB
RSS_SAMPLE t=320.5s rss=4396MB hwm=4396MB
RSS_SAMPLE t=320.8s rss=4396MB hwm=4396MB
RSS_SAMPLE t=321.0s rss=4396MB hwm=4396MB
RSS_SAMPLE t=321.3s rss=4396MB hwm=4396MB
RSS_SAMPLE t=321.5s rss=4397MB hwm=4397MB
RSS_SAMPLE t=321.8s rss=4397MB hwm=4397MB
RSS_SAMPLE t=322.0s rss=4397MB hwm=4397MB
RSS_SAMPLE t=322.3s rss=4397MB hwm=4397MB
RSS_SAMPLE t=322.5s rss=4398MB hwm=4398MB
RSS_SAMPLE t=322.8s rss=4398MB hwm=4398MB
RSS_SAMPLE t=323.0s rss=4398MB hwm=4398MB
RSS_SAMPLE t=323.3s rss=4398MB hwm=4398MB
RSS_SAMPLE t=323.5s rss=4399MB hwm=4399MB
RSS_SAMPLE t=323.8s rss=4399MB hwm=4399MB
RSS_SAMPLE t=324.0s rss=4399MB hwm=4399MB
RSS_SAMPLE t=324.3s rss=4399MB hwm=4399MB
RSS_SAMPLE t=324.5s rss=4400MB hwm=4400MB
RSS_SAMPLE t=324.8s rss=4400MB hwm=4400MB
RSS_SAMPLE t=325.0s rss=4400MB hwm=4400MB
RSS_SAMPLE t=325.3s rss=4400MB hwm=4400MB
RSS_SAMPLE t=325.5s rss=4400MB hwm=4400MB
RSS_SAMPLE t=325.8s rss=4401MB hwm=4401MB
RSS_SAMPLE t=326.0s rss=4401MB hwm=4401MB
RSS_SAMPLE t=326.3s rss=4401MB hwm=4401MB
RSS_SAMPLE t=326.5s rss=4401MB hwm=4401MB
RSS_SAMPLE t=326.8s rss=4402MB hwm=4402MB
RSS_SAMPLE t=327.0s rss=4402MB hwm=4402MB
RSS_SAMPLE t=327.3s rss=4402MB hwm=4402MB
RSS_SAMPLE t=327.5s rss=4403MB hwm=4403MB
RSS_SAMPLE t=327.8s rss=4403MB hwm=4403MB
RSS_SAMPLE t=328.0s rss=4403MB hwm=4403MB
RSS_SAMPLE t=328.3s rss=4403MB hwm=4403MB
RSS_SAMPLE t=328.5s rss=4403MB hwm=4403MB
RSS_SAMPLE t=328.8s rss=4403MB hwm=4403MB
RSS_SAMPLE t=329.0s rss=4403MB hwm=4403MB
RSS_SAMPLE t=329.3s rss=4403MB hwm=4403MB
RSS_SAMPLE t=329.5s rss=4403MB hwm=4403MB
RSS_SAMPLE t=329.8s rss=4403MB hwm=4403MB
RSS_SAMPLE t=330.0s rss=4403MB hwm=4403MB
RSS_SAMPLE t=330.3s rss=4404MB hwm=4404MB
RSS_SAMPLE t=330.5s rss=4404MB hwm=4404MB
RSS_SAMPLE t=330.8s rss=4404MB hwm=4404MB
RSS_SAMPLE t=331.0s rss=4404MB hwm=4404MB
RSS_SAMPLE t=331.3s rss=4404MB hwm=4404MB
RSS_SAMPLE t=331.5s rss=4404MB hwm=4404MB
RSS_SAMPLE t=331.8s rss=4404MB hwm=4404MB
RSS_SAMPLE t=332.0s rss=4404MB hwm=4404MB
RSS_SAMPLE t=332.3s rss=4404MB hwm=4404MB
RSS_SAMPLE t=332.5s rss=4404MB hwm=4404MB
RSS_SAMPLE t=332.8s rss=4404MB hwm=4404MB
RSS_SAMPLE t=333.0s rss=4405MB hwm=4405MB
RSS_SAMPLE t=333.3s rss=4405MB hwm=4405MB
RSS_SAMPLE t=333.5s rss=4405MB hwm=4405MB
RSS_SAMPLE t=333.8s rss=4406MB hwm=4406MB
RSS_SAMPLE t=334.0s rss=4406MB hwm=4406MB
RSS_SAMPLE t=334.3s rss=4406MB hwm=4406MB
RSS_SAMPLE t=334.5s rss=4406MB hwm=4406MB
RSS_SAMPLE t=334.8s rss=4406MB hwm=4406MB
RSS_SAMPLE t=335.0s rss=4406MB hwm=4406MB
RSS_SAMPLE t=335.3s rss=4406MB hwm=4406MB
RSS_SAMPLE t=335.5s rss=4406MB hwm=4406MB
RSS_SAMPLE t=335.8s rss=4406MB hwm=4406MB
RSS_SAMPLE t=336.0s rss=4407MB hwm=4407MB
RSS_SAMPLE t=336.3s rss=4407MB hwm=4407MB
RSS_SAMPLE t=336.5s rss=4407MB hwm=4407MB
RSS_SAMPLE t=336.8s rss=4407MB hwm=4407MB
RSS_SAMPLE t=337.0s rss=4407MB hwm=4407MB
RSS_SAMPLE t=337.3s rss=4407MB hwm=4407MB
RSS_SAMPLE t=337.5s rss=4407MB hwm=4407MB
RSS_SAMPLE t=337.8s rss=4407MB hwm=4407MB
RSS_SAMPLE t=338.0s rss=4407MB hwm=4407MB
RSS_SAMPLE t=338.3s rss=4407MB hwm=4407MB
RSS_SAMPLE t=338.5s rss=4407MB hwm=4407MB
RSS_SAMPLE t=338.8s rss=4407MB hwm=4407MB
RSS_SAMPLE t=339.0s rss=4407MB hwm=4407MB
RSS_SAMPLE t=339.3s rss=4407MB hwm=4407MB
RSS_SAMPLE t=339.5s rss=4407MB hwm=4407MB
RSS_SAMPLE t=339.8s rss=4407MB hwm=4407MB
RSS_SAMPLE t=340.0s rss=4407MB hwm=4407MB
RSS_SAMPLE t=340.3s rss=4407MB hwm=4407MB
RSS_SAMPLE t=340.5s rss=4407MB hwm=4407MB
RSS_SAMPLE t=340.8s rss=4407MB hwm=4407MB
RSS_SAMPLE t=341.0s rss=4407MB hwm=4407MB
RSS_SAMPLE t=341.3s rss=4407MB hwm=4407MB
RSS_SAMPLE t=341.5s rss=4407MB hwm=4407MB
RSS_SAMPLE t=341.8s rss=4407MB hwm=4407MB
RSS_SAMPLE t=342.0s rss=4407MB hwm=4407MB
RSS_SAMPLE t=342.3s rss=4407MB hwm=4407MB
RSS_SAMPLE t=342.5s rss=4407MB hwm=4407MB
RSS_SAMPLE t=342.8s rss=4407MB hwm=4407MB
RSS_SAMPLE t=343.0s rss=4407MB hwm=4407MB
RSS_SAMPLE t=343.3s rss=4407MB hwm=4407MB
RSS_SAMPLE t=343.5s rss=4407MB hwm=4407MB
RSS_SAMPLE t=343.8s rss=4407MB hwm=4407MB
RSS_SAMPLE t=344.0s rss=4407MB hwm=4407MB
RSS_SAMPLE t=344.3s rss=4407MB hwm=4407MB
RSS_SAMPLE t=344.5s rss=4407MB hwm=4407MB
RSS_SAMPLE t=344.8s rss=4407MB hwm=4407MB
RSS_SAMPLE t=345.0s rss=4407MB hwm=4407MB
RSS_SAMPLE t=345.3s rss=4407MB hwm=4407MB
RSS_SAMPLE t=345.5s rss=4407MB hwm=4407MB
RSS_SAMPLE t=345.8s rss=4407MB hwm=4407MB
RSS_SAMPLE t=346.0s rss=4407MB hwm=4407MB
RSS_SAMPLE t=346.3s rss=4407MB hwm=4407MB
RSS_SAMPLE t=346.5s rss=4407MB hwm=4407MB
RSS_SAMPLE t=346.8s rss=4407MB hwm=4407MB
RSS_SAMPLE t=347.0s rss=4407MB hwm=4407MB
RSS_SAMPLE t=347.3s rss=4407MB hwm=4407MB
RSS_SAMPLE t=347.5s rss=4407MB hwm=4407MB
RSS_SAMPLE t=347.8s rss=4407MB hwm=4407MB
RSS_SAMPLE t=348.0s rss=4407MB hwm=4407MB
RSS_SAMPLE t=348.3s rss=4407MB hwm=4407MB
RSS_SAMPLE t=348.5s rss=4407MB hwm=4407MB
RSS_SAMPLE t=348.8s rss=4407MB hwm=4407MB
RSS_SAMPLE t=349.0s rss=4407MB hwm=4407MB
RSS_SAMPLE t=349.3s rss=4407MB hwm=4407MB
RSS_SAMPLE t=349.5s rss=4407MB hwm=4407MB
RSS_SAMPLE t=349.8s rss=4407MB hwm=4407MB
RSS_SAMPLE t=350.0s rss=4407MB hwm=4407MB
RSS_SAMPLE t=350.3s rss=4407MB hwm=4407MB
RSS_SAMPLE t=350.5s rss=4407MB hwm=4407MB
RSS_SAMPLE t=350.8s rss=4407MB hwm=4407MB
RSS_SAMPLE t=351.0s rss=4407MB hwm=4407MB
RSS_SAMPLE t=351.3s rss=4408MB hwm=4408MB
RSS_SAMPLE t=351.5s rss=4408MB hwm=4408MB
RSS_SAMPLE t=351.8s rss=4408MB hwm=4408MB
RSS_SAMPLE t=352.0s rss=4408MB hwm=4408MB
RSS_SAMPLE t=352.3s rss=4408MB hwm=4408MB
RSS_SAMPLE t=352.5s rss=4408MB hwm=4408MB
RSS_SAMPLE t=352.8s rss=4408MB hwm=4408MB
RSS_SAMPLE t=353.0s rss=4408MB hwm=4408MB
RSS_SAMPLE t=353.3s rss=4408MB hwm=4408MB
RSS_SAMPLE t=353.5s rss=4408MB hwm=4408MB
RSS_SAMPLE t=353.8s rss=4408MB hwm=4408MB
RSS_SAMPLE t=354.0s rss=4408MB hwm=4408MB
RSS_SAMPLE t=354.3s rss=4408MB hwm=4408MB
RSS_SAMPLE t=354.5s rss=4408MB hwm=4408MB
RSS_SAMPLE t=354.8s rss=4408MB hwm=4408MB
RSS_SAMPLE t=355.0s rss=4408MB hwm=4408MB
RSS_SAMPLE t=355.3s rss=4408MB hwm=4408MB
RSS_SAMPLE t=355.5s rss=4408MB hwm=4408MB
RSS_SAMPLE t=355.8s rss=4408MB hwm=4408MB
RSS_SAMPLE t=356.0s rss=4408MB hwm=4408MB
RSS_SAMPLE t=356.3s rss=4408MB hwm=4408MB
RSS_SAMPLE t=356.5s rss=4408MB hwm=4408MB
RSS_SAMPLE t=356.8s rss=4408MB hwm=4408MB
RSS_SAMPLE t=357.0s rss=4408MB hwm=4408MB
RSS_SAMPLE t=357.3s rss=4408MB hwm=4408MB
MEM_POOL: workspaces=32 dense_usage_mb=1251 n_pipes=2562403
    post_solve_diag[outer=3]: solves=105117 cap_armed=105117 (100.0%) settle_avg=6923 above_sink_avg=83 (1.2%) settle_max=69353
    load_support[outer=3]: settle_avg=6923 load_nz_avg=570 (8.2%) load_material_avg=473 (6.8%)
    prune_ceiling[outer=3]: settle_avg=6923 heuristic_prunable_avg=565 (8.2%) vs oracle_zero_load=91.8%
    settle_hist[outer=3]: <100: 31897nets/0.1%work  <1k: 22695nets/1.2%work  <5k: 21949nets/7.6%work  <20k: 14667nets/22.0%work  <60k: 13064nets/61.5%work  >=60k: 845nets/7.5%work
    fanout_hist[outer=3]: fan1: 43710nets/10.8%work  fan2-4: 48279nets/49.4%work  fan5-16: 12974nets/38.8%work  fan17-64: 154nets/1.0%work  fan65-256: 0nets/0.0%work  fan>256: 0nets/0.0%work
    rss_probe[outer=3]: pre_post_solve=4394MB post_post_solve=4408MB after_apply=4408MB
    E_decomp: base=8976688.1 eff=1858640217446792.2 cong=1858640208470104.2 cong_share=100.0% sat_pipes=82416 max_util=1049.04  R_buckets: 1-2x=85985 2-10x=19930 10-100x=15035 >=100x=2441453
    E_potential: beckmann=193618535597664.3 history_total=0.0
    SpanCache: epoch=4 entries=3264 lookups=2562403 hits=2559139 misses=3264 hit_rate=99.9%
  DCD   3: nets=105117 line=15560273 energy=41650082764.100 dE=+6609061393.244 friction=42783810.9 bins=2.0x(679) excess=259.1 moved=65927 disp=8.362 solves=105117 skip=105117 pops=727695039 theta=0.401 refresh=48816ms dcd=6555ms total=58121ms
    cache_stats: entries=47558940 capacity=84890459 est_mb=733 rss_mb=4408
RSS_SAMPLE t=357.5s rss=4408MB hwm=4408MB
RSS_SAMPLE t=357.8s rss=4408MB hwm=4408MB
RSS_SAMPLE t=358.0s rss=4408MB hwm=4408MB
RSS_SAMPLE t=358.3s rss=4408MB hwm=4408MB
RSS_SAMPLE t=358.5s rss=4408MB hwm=4408MB
RSS_SAMPLE t=358.8s rss=4408MB hwm=4408MB
RSS_SAMPLE t=359.0s rss=4408MB hwm=4408MB
RSS_SAMPLE t=359.3s rss=4408MB hwm=4408MB
RSS_SAMPLE t=359.5s rss=4408MB hwm=4408MB
RSS_SAMPLE t=359.8s rss=4408MB hwm=4408MB
RSS_SAMPLE t=360.0s rss=4408MB hwm=4408MB
    SwitchMatrix: type_usage_pairs=1503 lookups=2948 hits=1445 dijkstra_calls=1503 avg_us=9.7 total_ms=14.5
PHASE_MARK outer=4 enter=pre_solve rss=4408MB
    rss_probe[outer=4]: pre_refresh_rss=4408MB post_pre_solve_rss=4408MB cache_entries=47558940 cache_cap=84890459 cache_est_mb=733
    pre_solve_diag[outer=4]: solves=0 fallback=0 (0.0%) cap_armed=0 (0.0%) settle_avg=0 settle_max=0 init_count=233
    Overflow: over=80713 (3.1% of used) avg_excess=27.23 max_excess=3722.62 (nc=3746.62 cap=24 span=1)  excess_buckets: <=1=2759 1-5=33318 5-20=26496 >20=18140  by_cap: cap1=1420 cap2=67818 cap3-5=23 cap>5=11452  by_span: s1=644 s2-3=10410 s4-6=1722 s7-12=66673 s>12=1264  le1_cross: cap1=1002 cap2-5=1591 cap>5=166
    Congestion: pipes=2562403 used=2562403 congested(>50%)=102340 saturated(>90%)=82416 max_util=1049.04 avg_util=0.2718
PHASE_MARK outer=4 enter=dcd_sweep rss=4408MB
RSS_SAMPLE t=360.3s rss=4408MB hwm=4408MB
RSS_SAMPLE t=360.5s rss=4408MB hwm=4408MB
RSS_SAMPLE t=360.8s rss=4408MB hwm=4408MB
RSS_SAMPLE t=361.0s rss=4408MB hwm=4408MB
RSS_SAMPLE t=361.3s rss=4408MB hwm=4408MB
RSS_SAMPLE t=361.5s rss=4408MB hwm=4408MB
RSS_SAMPLE t=361.8s rss=4408MB hwm=4408MB
RSS_SAMPLE t=362.0s rss=4408MB hwm=4408MB
RSS_SAMPLE t=362.3s rss=4408MB hwm=4408MB
RSS_SAMPLE t=362.5s rss=4408MB hwm=4408MB
RSS_SAMPLE t=362.8s rss=4408MB hwm=4408MB
RSS_SAMPLE t=363.0s rss=4408MB hwm=4408MB
RSS_SAMPLE t=363.3s rss=4408MB hwm=4408MB
RSS_SAMPLE t=363.5s rss=4408MB hwm=4408MB
RSS_SAMPLE t=363.8s rss=4408MB hwm=4408MB
RSS_SAMPLE t=364.0s rss=4408MB hwm=4408MB
RSS_SAMPLE t=364.3s rss=4408MB hwm=4408MB
RSS_SAMPLE t=364.5s rss=4408MB hwm=4408MB
RSS_SAMPLE t=364.8s rss=4408MB hwm=4408MB
RSS_SAMPLE t=365.0s rss=4408MB hwm=4408MB
RSS_SAMPLE t=365.3s rss=4408MB hwm=4408MB
RSS_SAMPLE t=365.5s rss=4408MB hwm=4408MB
RSS_SAMPLE t=365.8s rss=4408MB hwm=4408MB
RSS_SAMPLE t=366.0s rss=4408MB hwm=4408MB
RSS_SAMPLE t=366.3s rss=4408MB hwm=4408MB
RSS_SAMPLE t=366.5s rss=4408MB hwm=4408MB
PHASE_MARK outer=4 leave=dcd_sweep rss=4408MB
PHASE_MARK outer=4 enter=post_refresh rss=4408MB
RSS_SAMPLE t=366.8s rss=4409MB hwm=4409MB
RSS_SAMPLE t=367.0s rss=4409MB hwm=4409MB
RSS_SAMPLE t=367.3s rss=4409MB hwm=4409MB
RSS_SAMPLE t=367.5s rss=4409MB hwm=4409MB
RSS_SAMPLE t=367.8s rss=4409MB hwm=4409MB
RSS_SAMPLE t=368.0s rss=4409MB hwm=4409MB
RSS_SAMPLE t=368.3s rss=4409MB hwm=4409MB
RSS_SAMPLE t=368.5s rss=4409MB hwm=4409MB
RSS_SAMPLE t=368.8s rss=4409MB hwm=4409MB
RSS_SAMPLE t=369.0s rss=4409MB hwm=4409MB
RSS_SAMPLE t=369.3s rss=4409MB hwm=4409MB
RSS_SAMPLE t=369.5s rss=4409MB hwm=4409MB
RSS_SAMPLE t=369.8s rss=4409MB hwm=4409MB
RSS_SAMPLE t=370.0s rss=4409MB hwm=4409MB
RSS_SAMPLE t=370.3s rss=4410MB hwm=4410MB
RSS_SAMPLE t=370.5s rss=4410MB hwm=4410MB
RSS_SAMPLE t=370.8s rss=4410MB hwm=4410MB
RSS_SAMPLE t=371.0s rss=4410MB hwm=4410MB
RSS_SAMPLE t=371.3s rss=4411MB hwm=4411MB
RSS_SAMPLE t=371.5s rss=4411MB hwm=4411MB
RSS_SAMPLE t=371.8s rss=4412MB hwm=4412MB
RSS_SAMPLE t=372.0s rss=4412MB hwm=4412MB
RSS_SAMPLE t=372.3s rss=4412MB hwm=4412MB
RSS_SAMPLE t=372.5s rss=4413MB hwm=4413MB
RSS_SAMPLE t=372.8s rss=4413MB hwm=4413MB
RSS_SAMPLE t=373.0s rss=4414MB hwm=4414MB
RSS_SAMPLE t=373.3s rss=4414MB hwm=4414MB
RSS_SAMPLE t=373.6s rss=4415MB hwm=4415MB
RSS_SAMPLE t=373.8s rss=4415MB hwm=4415MB
RSS_SAMPLE t=374.1s rss=4416MB hwm=4416MB
RSS_SAMPLE t=374.3s rss=4416MB hwm=4416MB
RSS_SAMPLE t=374.6s rss=4417MB hwm=4417MB
RSS_SAMPLE t=374.8s rss=4417MB hwm=4417MB
RSS_SAMPLE t=375.1s rss=4417MB hwm=4417MB
RSS_SAMPLE t=375.3s rss=4418MB hwm=4418MB
RSS_SAMPLE t=375.6s rss=4418MB hwm=4418MB
RSS_SAMPLE t=375.8s rss=4418MB hwm=4418MB
RSS_SAMPLE t=376.1s rss=4418MB hwm=4418MB
RSS_SAMPLE t=376.3s rss=4419MB hwm=4419MB
RSS_SAMPLE t=376.6s rss=4420MB hwm=4420MB
RSS_SAMPLE t=376.8s rss=4420MB hwm=4420MB
RSS_SAMPLE t=377.1s rss=4421MB hwm=4421MB
RSS_SAMPLE t=377.3s rss=4421MB hwm=4421MB
RSS_SAMPLE t=377.6s rss=4421MB hwm=4421MB
RSS_SAMPLE t=377.8s rss=4421MB hwm=4421MB
RSS_SAMPLE t=378.1s rss=4422MB hwm=4422MB
RSS_SAMPLE t=378.3s rss=4422MB hwm=4422MB
RSS_SAMPLE t=378.6s rss=4422MB hwm=4422MB
RSS_SAMPLE t=378.8s rss=4422MB hwm=4422MB
RSS_SAMPLE t=379.1s rss=4423MB hwm=4423MB
RSS_SAMPLE t=379.3s rss=4423MB hwm=4423MB
RSS_SAMPLE t=379.6s rss=4423MB hwm=4423MB
RSS_SAMPLE t=379.8s rss=4423MB hwm=4423MB
RSS_SAMPLE t=380.1s rss=4423MB hwm=4423MB
RSS_SAMPLE t=380.3s rss=4423MB hwm=4423MB
RSS_SAMPLE t=380.6s rss=4424MB hwm=4424MB
RSS_SAMPLE t=380.8s rss=4425MB hwm=4425MB
RSS_SAMPLE t=381.1s rss=4425MB hwm=4425MB
RSS_SAMPLE t=381.3s rss=4425MB hwm=4425MB
RSS_SAMPLE t=381.6s rss=4425MB hwm=4425MB
RSS_SAMPLE t=381.8s rss=4425MB hwm=4425MB
RSS_SAMPLE t=382.1s rss=4425MB hwm=4425MB
RSS_SAMPLE t=382.3s rss=4425MB hwm=4425MB
RSS_SAMPLE t=382.6s rss=4425MB hwm=4425MB
RSS_SAMPLE t=382.8s rss=4425MB hwm=4425MB
RSS_SAMPLE t=383.1s rss=4425MB hwm=4425MB
RSS_SAMPLE t=383.3s rss=4425MB hwm=4425MB
RSS_SAMPLE t=383.6s rss=4425MB hwm=4425MB
RSS_SAMPLE t=383.8s rss=4425MB hwm=4425MB
RSS_SAMPLE t=384.1s rss=4425MB hwm=4425MB
RSS_SAMPLE t=384.3s rss=4425MB hwm=4425MB
RSS_SAMPLE t=384.6s rss=4425MB hwm=4425MB
RSS_SAMPLE t=384.8s rss=4425MB hwm=4425MB
RSS_SAMPLE t=385.1s rss=4425MB hwm=4425MB
RSS_SAMPLE t=385.3s rss=4426MB hwm=4426MB
RSS_SAMPLE t=385.6s rss=4426MB hwm=4426MB
RSS_SAMPLE t=385.8s rss=4426MB hwm=4426MB
RSS_SAMPLE t=386.1s rss=4426MB hwm=4426MB
RSS_SAMPLE t=386.3s rss=4426MB hwm=4426MB
RSS_SAMPLE t=386.6s rss=4426MB hwm=4426MB
RSS_SAMPLE t=386.8s rss=4426MB hwm=4426MB
RSS_SAMPLE t=387.1s rss=4426MB hwm=4426MB
RSS_SAMPLE t=387.3s rss=4426MB hwm=4426MB
RSS_SAMPLE t=387.6s rss=4426MB hwm=4426MB
RSS_SAMPLE t=387.8s rss=4427MB hwm=4427MB
RSS_SAMPLE t=388.1s rss=4427MB hwm=4427MB
RSS_SAMPLE t=388.3s rss=4428MB hwm=4428MB
RSS_SAMPLE t=388.6s rss=4428MB hwm=4428MB
RSS_SAMPLE t=388.8s rss=4428MB hwm=4428MB
RSS_SAMPLE t=389.1s rss=4428MB hwm=4428MB
RSS_SAMPLE t=389.3s rss=4428MB hwm=4428MB
RSS_SAMPLE t=389.6s rss=4428MB hwm=4428MB
RSS_SAMPLE t=389.8s rss=4428MB hwm=4428MB
RSS_SAMPLE t=390.1s rss=4428MB hwm=4428MB
RSS_SAMPLE t=390.3s rss=4428MB hwm=4428MB
RSS_SAMPLE t=390.6s rss=4428MB hwm=4428MB
RSS_SAMPLE t=390.8s rss=4428MB hwm=4428MB
RSS_SAMPLE t=391.1s rss=4428MB hwm=4428MB
RSS_SAMPLE t=391.3s rss=4428MB hwm=4428MB
RSS_SAMPLE t=391.6s rss=4428MB hwm=4428MB
RSS_SAMPLE t=391.8s rss=4428MB hwm=4428MB
RSS_SAMPLE t=392.1s rss=4428MB hwm=4428MB
RSS_SAMPLE t=392.3s rss=4428MB hwm=4428MB
RSS_SAMPLE t=392.6s rss=4428MB hwm=4428MB
RSS_SAMPLE t=392.8s rss=4428MB hwm=4428MB
RSS_SAMPLE t=393.1s rss=4428MB hwm=4428MB
RSS_SAMPLE t=393.3s rss=4428MB hwm=4428MB
RSS_SAMPLE t=393.6s rss=4428MB hwm=4428MB
RSS_SAMPLE t=393.8s rss=4428MB hwm=4428MB
RSS_SAMPLE t=394.1s rss=4428MB hwm=4428MB
RSS_SAMPLE t=394.3s rss=4428MB hwm=4428MB
RSS_SAMPLE t=394.6s rss=4428MB hwm=4428MB
RSS_SAMPLE t=394.8s rss=4428MB hwm=4428MB
RSS_SAMPLE t=395.1s rss=4429MB hwm=4429MB
RSS_SAMPLE t=395.3s rss=4429MB hwm=4429MB
RSS_SAMPLE t=395.6s rss=4429MB hwm=4429MB
RSS_SAMPLE t=395.8s rss=4429MB hwm=4429MB
RSS_SAMPLE t=396.1s rss=4429MB hwm=4429MB
RSS_SAMPLE t=396.3s rss=4429MB hwm=4429MB
RSS_SAMPLE t=396.6s rss=4429MB hwm=4429MB
RSS_SAMPLE t=396.8s rss=4429MB hwm=4429MB
RSS_SAMPLE t=397.1s rss=4429MB hwm=4429MB
RSS_SAMPLE t=397.3s rss=4429MB hwm=4429MB
RSS_SAMPLE t=397.6s rss=4429MB hwm=4429MB
RSS_SAMPLE t=397.8s rss=4429MB hwm=4429MB
RSS_SAMPLE t=398.1s rss=4429MB hwm=4429MB
RSS_SAMPLE t=398.3s rss=4429MB hwm=4429MB
RSS_SAMPLE t=398.6s rss=4429MB hwm=4429MB
RSS_SAMPLE t=398.8s rss=4429MB hwm=4429MB
RSS_SAMPLE t=399.1s rss=4429MB hwm=4429MB
RSS_SAMPLE t=399.3s rss=4429MB hwm=4429MB
RSS_SAMPLE t=399.6s rss=4429MB hwm=4429MB
RSS_SAMPLE t=399.8s rss=4429MB hwm=4429MB
RSS_SAMPLE t=400.1s rss=4429MB hwm=4429MB
RSS_SAMPLE t=400.3s rss=4429MB hwm=4429MB
RSS_SAMPLE t=400.6s rss=4429MB hwm=4429MB
RSS_SAMPLE t=400.8s rss=4429MB hwm=4429MB
RSS_SAMPLE t=401.1s rss=4429MB hwm=4429MB
RSS_SAMPLE t=401.3s rss=4429MB hwm=4429MB
RSS_SAMPLE t=401.6s rss=4429MB hwm=4429MB
RSS_SAMPLE t=401.8s rss=4429MB hwm=4429MB
RSS_SAMPLE t=402.1s rss=4429MB hwm=4429MB
RSS_SAMPLE t=402.3s rss=4429MB hwm=4429MB
RSS_SAMPLE t=402.6s rss=4429MB hwm=4429MB
RSS_SAMPLE t=402.8s rss=4429MB hwm=4429MB
RSS_SAMPLE t=403.1s rss=4429MB hwm=4429MB
RSS_SAMPLE t=403.3s rss=4429MB hwm=4429MB
RSS_SAMPLE t=403.6s rss=4429MB hwm=4429MB
RSS_SAMPLE t=403.8s rss=4429MB hwm=4429MB
RSS_SAMPLE t=404.1s rss=4430MB hwm=4430MB
RSS_SAMPLE t=404.3s rss=4430MB hwm=4430MB
RSS_SAMPLE t=404.6s rss=4430MB hwm=4430MB
RSS_SAMPLE t=404.8s rss=4430MB hwm=4430MB
RSS_SAMPLE t=405.1s rss=4430MB hwm=4430MB
RSS_SAMPLE t=405.3s rss=4430MB hwm=4430MB
RSS_SAMPLE t=405.6s rss=4430MB hwm=4430MB
RSS_SAMPLE t=405.8s rss=4430MB hwm=4430MB
RSS_SAMPLE t=406.1s rss=4430MB hwm=4430MB
RSS_SAMPLE t=406.3s rss=4430MB hwm=4430MB
RSS_SAMPLE t=406.6s rss=4430MB hwm=4430MB
RSS_SAMPLE t=406.8s rss=4430MB hwm=4430MB
RSS_SAMPLE t=407.1s rss=4430MB hwm=4430MB
RSS_SAMPLE t=407.3s rss=4430MB hwm=4430MB
RSS_SAMPLE t=407.6s rss=4430MB hwm=4430MB
RSS_SAMPLE t=407.8s rss=4430MB hwm=4430MB
RSS_SAMPLE t=408.1s rss=4430MB hwm=4430MB
RSS_SAMPLE t=408.3s rss=4430MB hwm=4430MB
RSS_SAMPLE t=408.6s rss=4430MB hwm=4430MB
RSS_SAMPLE t=408.8s rss=4430MB hwm=4430MB
RSS_SAMPLE t=409.1s rss=4430MB hwm=4430MB
RSS_SAMPLE t=409.3s rss=4430MB hwm=4430MB
RSS_SAMPLE t=409.6s rss=4430MB hwm=4430MB
RSS_SAMPLE t=409.8s rss=4430MB hwm=4430MB
RSS_SAMPLE t=410.1s rss=4430MB hwm=4430MB
RSS_SAMPLE t=410.3s rss=4430MB hwm=4430MB
RSS_SAMPLE t=410.6s rss=4430MB hwm=4430MB
RSS_SAMPLE t=410.8s rss=4430MB hwm=4430MB
RSS_SAMPLE t=411.1s rss=4430MB hwm=4430MB
RSS_SAMPLE t=411.3s rss=4430MB hwm=4430MB
RSS_SAMPLE t=411.6s rss=4430MB hwm=4430MB
RSS_SAMPLE t=411.8s rss=4430MB hwm=4430MB
RSS_SAMPLE t=412.1s rss=4430MB hwm=4430MB
RSS_SAMPLE t=412.3s rss=4430MB hwm=4430MB
RSS_SAMPLE t=412.6s rss=4430MB hwm=4430MB
RSS_SAMPLE t=412.8s rss=4430MB hwm=4430MB
RSS_SAMPLE t=413.1s rss=4430MB hwm=4430MB
RSS_SAMPLE t=413.3s rss=4430MB hwm=4430MB
RSS_SAMPLE t=413.6s rss=4430MB hwm=4430MB
RSS_SAMPLE t=413.8s rss=4430MB hwm=4430MB
RSS_SAMPLE t=414.1s rss=4430MB hwm=4430MB
RSS_SAMPLE t=414.3s rss=4430MB hwm=4430MB
MEM_POOL: workspaces=32 dense_usage_mb=1251 n_pipes=2562403
    post_solve_diag[outer=4]: solves=105117 cap_armed=105117 (100.0%) settle_avg=6903 above_sink_avg=100 (1.4%) settle_max=69353
    load_support[outer=4]: settle_avg=6903 load_nz_avg=566 (8.2%) load_material_avg=455 (6.6%)
    prune_ceiling[outer=4]: settle_avg=6903 heuristic_prunable_avg=562 (8.1%) vs oracle_zero_load=91.8%
    settle_hist[outer=4]: <100: 32373nets/0.1%work  <1k: 21444nets/1.1%work  <5k: 21954nets/7.7%work  <20k: 15566nets/23.2%work  <60k: 13061nets/61.4%work  >=60k: 719nets/6.4%work
    fanout_hist[outer=4]: fan1: 43710nets/11.3%work  fan2-4: 48279nets/49.6%work  fan5-16: 12974nets/38.1%work  fan17-64: 154nets/1.0%work  fan65-256: 0nets/0.0%work  fan>256: 0nets/0.0%work
    rss_probe[outer=4]: pre_post_solve=4409MB post_post_solve=4430MB after_apply=4430MB
    E_decomp: base=8454274.0 eff=485666455892538.4 cong=485666447438264.5 cong_share=100.0% sat_pipes=83403 max_util=1909.31  R_buckets: 1-2x=82021 2-10x=20893 10-100x=16233 >=100x=2443256
    E_potential: beckmann=218936413925341.7 history_total=0.0
    SpanCache: epoch=5 entries=2948 lookups=2562403 hits=2559455 misses=2948 hit_rate=99.9%
  DCD   4: nets=105117 line=15199577 energy=25881588056.352 dE=-15768494707.748 friction=29652272.4 bins=2.0x(525) excess=213.0 moved=65565 disp=7.451 solves=105117 skip=105117 pops=725624518 theta=0.470 refresh=47696ms dcd=6565ms total=56923ms
    cache_stats: entries=49678121 capacity=89463748 est_mb=773 rss_mb=4431
RSS_SAMPLE t=414.6s rss=4431MB hwm=4431MB
RSS_SAMPLE t=414.8s rss=4431MB hwm=4431MB
RSS_SAMPLE t=415.1s rss=4431MB hwm=4431MB
RSS_SAMPLE t=415.3s rss=4431MB hwm=4431MB
RSS_SAMPLE t=415.6s rss=4431MB hwm=4431MB
RSS_SAMPLE t=415.8s rss=4431MB hwm=4431MB
RSS_SAMPLE t=416.1s rss=4431MB hwm=4431MB
RSS_SAMPLE t=416.3s rss=4431MB hwm=4431MB
RSS_SAMPLE t=416.6s rss=4431MB hwm=4431MB
RSS_SAMPLE t=416.8s rss=4431MB hwm=4431MB
RSS_SAMPLE t=417.1s rss=4431MB hwm=4431MB
    SwitchMatrix: type_usage_pairs=1331 lookups=2649 hits=1318 dijkstra_calls=1331 avg_us=10.3 total_ms=13.8
PHASE_MARK outer=5 enter=pre_solve rss=4431MB
    rss_probe[outer=5]: pre_refresh_rss=4431MB post_pre_solve_rss=4431MB cache_entries=49678121 cache_cap=89463748 cache_est_mb=773
    pre_solve_diag[outer=5]: solves=0 fallback=0 (0.0%) cap_armed=0 (0.0%) settle_avg=0 settle_max=0 init_count=236
    Overflow: over=81861 (3.2% of used) avg_excess=25.79 max_excess=2142.98 (nc=2166.98 cap=24 span=1)  excess_buckets: <=1=2033 1-5=31741 5-20=27986 >20=20101  by_cap: cap1=1347 cap2=67644 cap3-5=21 cap>5=12849  by_span: s1=615 s2-3=11840 s4-6=1719 s7-12=66367 s>12=1320  le1_cross: cap1=689 cap2-5=1164 cap>5=180
    Congestion: pipes=2562403 used=2562403 congested(>50%)=98963 saturated(>90%)=83403 max_util=1909.31 avg_util=0.2508
PHASE_MARK outer=5 enter=dcd_sweep rss=4431MB
RSS_SAMPLE t=417.3s rss=4431MB hwm=4431MB
RSS_SAMPLE t=417.6s rss=4431MB hwm=4431MB
RSS_SAMPLE t=417.8s rss=4431MB hwm=4431MB
RSS_SAMPLE t=418.1s rss=4431MB hwm=4431MB
RSS_SAMPLE t=418.3s rss=4431MB hwm=4431MB
RSS_SAMPLE t=418.6s rss=4431MB hwm=4431MB
RSS_SAMPLE t=418.8s rss=4431MB hwm=4431MB
RSS_SAMPLE t=419.1s rss=4431MB hwm=4431MB
RSS_SAMPLE t=419.3s rss=4431MB hwm=4431MB
RSS_SAMPLE t=419.6s rss=4431MB hwm=4431MB
RSS_SAMPLE t=419.8s rss=4431MB hwm=4431MB
RSS_SAMPLE t=420.1s rss=4431MB hwm=4431MB
RSS_SAMPLE t=420.3s rss=4431MB hwm=4431MB
RSS_SAMPLE t=420.6s rss=4431MB hwm=4431MB
RSS_SAMPLE t=420.8s rss=4431MB hwm=4431MB
RSS_SAMPLE t=421.1s rss=4431MB hwm=4431MB
RSS_SAMPLE t=421.3s rss=4431MB hwm=4431MB
RSS_SAMPLE t=421.6s rss=4431MB hwm=4431MB
RSS_SAMPLE t=421.8s rss=4431MB hwm=4431MB
RSS_SAMPLE t=422.1s rss=4431MB hwm=4431MB
RSS_SAMPLE t=422.3s rss=4431MB hwm=4431MB
RSS_SAMPLE t=422.6s rss=4431MB hwm=4431MB
RSS_SAMPLE t=422.8s rss=4431MB hwm=4431MB
RSS_SAMPLE t=423.1s rss=4431MB hwm=4431MB
RSS_SAMPLE t=423.3s rss=4431MB hwm=4431MB
RSS_SAMPLE t=423.6s rss=4431MB hwm=4431MB
PHASE_MARK outer=5 leave=dcd_sweep rss=4431MB
PHASE_MARK outer=5 enter=post_refresh rss=4431MB
RSS_SAMPLE t=423.8s rss=4432MB hwm=4432MB
RSS_SAMPLE t=424.1s rss=4432MB hwm=4432MB
RSS_SAMPLE t=424.3s rss=4432MB hwm=4432MB
RSS_SAMPLE t=424.6s rss=4432MB hwm=4432MB
RSS_SAMPLE t=424.8s rss=4432MB hwm=4432MB
RSS_SAMPLE t=425.1s rss=4432MB hwm=4432MB
RSS_SAMPLE t=425.3s rss=4432MB hwm=4432MB
RSS_SAMPLE t=425.6s rss=4432MB hwm=4432MB
RSS_SAMPLE t=425.8s rss=4432MB hwm=4432MB
RSS_SAMPLE t=426.1s rss=4432MB hwm=4432MB
RSS_SAMPLE t=426.3s rss=4432MB hwm=4432MB
RSS_SAMPLE t=426.6s rss=4433MB hwm=4433MB
RSS_SAMPLE t=426.8s rss=4433MB hwm=4433MB
RSS_SAMPLE t=427.1s rss=4433MB hwm=4433MB
RSS_SAMPLE t=427.3s rss=4434MB hwm=4434MB
RSS_SAMPLE t=427.6s rss=4434MB hwm=4434MB
RSS_SAMPLE t=427.8s rss=4434MB hwm=4434MB
RSS_SAMPLE t=428.1s rss=4435MB hwm=4435MB
RSS_SAMPLE t=428.3s rss=4435MB hwm=4435MB
RSS_SAMPLE t=428.6s rss=4436MB hwm=4436MB
RSS_SAMPLE t=428.8s rss=4436MB hwm=4436MB
RSS_SAMPLE t=429.1s rss=4436MB hwm=4436MB
RSS_SAMPLE t=429.3s rss=4436MB hwm=4436MB
RSS_SAMPLE t=429.6s rss=4437MB hwm=4437MB
RSS_SAMPLE t=429.8s rss=4437MB hwm=4437MB
RSS_SAMPLE t=430.1s rss=4437MB hwm=4437MB
RSS_SAMPLE t=430.3s rss=4438MB hwm=4438MB
RSS_SAMPLE t=430.6s rss=4438MB hwm=4438MB
RSS_SAMPLE t=430.8s rss=4439MB hwm=4439MB
RSS_SAMPLE t=431.1s rss=4439MB hwm=4439MB
RSS_SAMPLE t=431.3s rss=4439MB hwm=4439MB
RSS_SAMPLE t=431.6s rss=4440MB hwm=4440MB
RSS_SAMPLE t=431.8s rss=4440MB hwm=4440MB
RSS_SAMPLE t=432.1s rss=4440MB hwm=4440MB
RSS_SAMPLE t=432.3s rss=4440MB hwm=4440MB
RSS_SAMPLE t=432.6s rss=4441MB hwm=4441MB
RSS_SAMPLE t=432.8s rss=4441MB hwm=4441MB
RSS_SAMPLE t=433.1s rss=4441MB hwm=4441MB
RSS_SAMPLE t=433.3s rss=4442MB hwm=4442MB
RSS_SAMPLE t=433.6s rss=4442MB hwm=4442MB
RSS_SAMPLE t=433.8s rss=4442MB hwm=4442MB
RSS_SAMPLE t=434.1s rss=4443MB hwm=4443MB
RSS_SAMPLE t=434.3s rss=4443MB hwm=4443MB
RSS_SAMPLE t=434.6s rss=4444MB hwm=4444MB
RSS_SAMPLE t=434.8s rss=4444MB hwm=4444MB
RSS_SAMPLE t=435.1s rss=4444MB hwm=4444MB
RSS_SAMPLE t=435.3s rss=4444MB hwm=4444MB
RSS_SAMPLE t=435.6s rss=4445MB hwm=4445MB
RSS_SAMPLE t=435.8s rss=4445MB hwm=4445MB
RSS_SAMPLE t=436.1s rss=4445MB hwm=4445MB
RSS_SAMPLE t=436.4s rss=4446MB hwm=4446MB
RSS_SAMPLE t=436.6s rss=4446MB hwm=4446MB
RSS_SAMPLE t=436.9s rss=4446MB hwm=4446MB
RSS_SAMPLE t=437.1s rss=4447MB hwm=4447MB
RSS_SAMPLE t=437.4s rss=4448MB hwm=4448MB
RSS_SAMPLE t=437.6s rss=4448MB hwm=4448MB
RSS_SAMPLE t=437.9s rss=4448MB hwm=4448MB
RSS_SAMPLE t=438.1s rss=4449MB hwm=4449MB
RSS_SAMPLE t=438.4s rss=4449MB hwm=4449MB
RSS_SAMPLE t=438.6s rss=4449MB hwm=4449MB
RSS_SAMPLE t=438.9s rss=4450MB hwm=4450MB
RSS_SAMPLE t=439.1s rss=4450MB hwm=4450MB
RSS_SAMPLE t=439.4s rss=4450MB hwm=4450MB
RSS_SAMPLE t=439.6s rss=4450MB hwm=4450MB
RSS_SAMPLE t=439.9s rss=4450MB hwm=4450MB
RSS_SAMPLE t=440.1s rss=4451MB hwm=4451MB
RSS_SAMPLE t=440.4s rss=4451MB hwm=4451MB
RSS_SAMPLE t=440.6s rss=4451MB hwm=4451MB
RSS_SAMPLE t=440.9s rss=4451MB hwm=4451MB
RSS_SAMPLE t=441.1s rss=4451MB hwm=4451MB
RSS_SAMPLE t=441.4s rss=4451MB hwm=4451MB
RSS_SAMPLE t=441.6s rss=4451MB hwm=4451MB
RSS_SAMPLE t=441.9s rss=4452MB hwm=4452MB
RSS_SAMPLE t=442.1s rss=4452MB hwm=4452MB
RSS_SAMPLE t=442.4s rss=4452MB hwm=4452MB
RSS_SAMPLE t=442.6s rss=4452MB hwm=4452MB
RSS_SAMPLE t=442.9s rss=4452MB hwm=4452MB
RSS_SAMPLE t=443.1s rss=4452MB hwm=4452MB
RSS_SAMPLE t=443.4s rss=4452MB hwm=4452MB
RSS_SAMPLE t=443.6s rss=4452MB hwm=4452MB
RSS_SAMPLE t=443.9s rss=4452MB hwm=4452MB
RSS_SAMPLE t=444.1s rss=4452MB hwm=4452MB
RSS_SAMPLE t=444.4s rss=4452MB hwm=4452MB
RSS_SAMPLE t=444.6s rss=4452MB hwm=4452MB
RSS_SAMPLE t=444.9s rss=4452MB hwm=4452MB
RSS_SAMPLE t=445.1s rss=4452MB hwm=4452MB
RSS_SAMPLE t=445.4s rss=4452MB hwm=4452MB
RSS_SAMPLE t=445.6s rss=4452MB hwm=4452MB
RSS_SAMPLE t=445.9s rss=4452MB hwm=4452MB
RSS_SAMPLE t=446.1s rss=4452MB hwm=4452MB
RSS_SAMPLE t=446.4s rss=4452MB hwm=4452MB
RSS_SAMPLE t=446.6s rss=4452MB hwm=4452MB
RSS_SAMPLE t=446.9s rss=4452MB hwm=4452MB
RSS_SAMPLE t=447.1s rss=4452MB hwm=4452MB
RSS_SAMPLE t=447.4s rss=4452MB hwm=4452MB
RSS_SAMPLE t=447.6s rss=4452MB hwm=4452MB
RSS_SAMPLE t=447.9s rss=4452MB hwm=4452MB
RSS_SAMPLE t=448.1s rss=4452MB hwm=4452MB
RSS_SAMPLE t=448.4s rss=4452MB hwm=4452MB
RSS_SAMPLE t=448.6s rss=4452MB hwm=4452MB
RSS_SAMPLE t=448.9s rss=4452MB hwm=4452MB
RSS_SAMPLE t=449.1s rss=4452MB hwm=4452MB
RSS_SAMPLE t=449.4s rss=4452MB hwm=4452MB
RSS_SAMPLE t=449.6s rss=4452MB hwm=4452MB
RSS_SAMPLE t=449.9s rss=4452MB hwm=4452MB
RSS_SAMPLE t=450.1s rss=4452MB hwm=4452MB
RSS_SAMPLE t=450.4s rss=4452MB hwm=4452MB
RSS_SAMPLE t=450.6s rss=4452MB hwm=4452MB
RSS_SAMPLE t=450.9s rss=4452MB hwm=4452MB
RSS_SAMPLE t=451.1s rss=4452MB hwm=4452MB
RSS_SAMPLE t=451.4s rss=4452MB hwm=4452MB
RSS_SAMPLE t=451.6s rss=4452MB hwm=4452MB
RSS_SAMPLE t=451.9s rss=4452MB hwm=4452MB
RSS_SAMPLE t=452.1s rss=4453MB hwm=4453MB
RSS_SAMPLE t=452.4s rss=4453MB hwm=4453MB
RSS_SAMPLE t=452.6s rss=4453MB hwm=4453MB
RSS_SAMPLE t=452.9s rss=4453MB hwm=4453MB
RSS_SAMPLE t=453.1s rss=4453MB hwm=4453MB
RSS_SAMPLE t=453.4s rss=4453MB hwm=4453MB
RSS_SAMPLE t=453.6s rss=4453MB hwm=4453MB
RSS_SAMPLE t=453.9s rss=4453MB hwm=4453MB
RSS_SAMPLE t=454.1s rss=4453MB hwm=4453MB
RSS_SAMPLE t=454.4s rss=4453MB hwm=4453MB
RSS_SAMPLE t=454.6s rss=4453MB hwm=4453MB
RSS_SAMPLE t=454.9s rss=4453MB hwm=4453MB
RSS_SAMPLE t=455.1s rss=4453MB hwm=4453MB
RSS_SAMPLE t=455.4s rss=4453MB hwm=4453MB
RSS_SAMPLE t=455.6s rss=4453MB hwm=4453MB
RSS_SAMPLE t=455.9s rss=4453MB hwm=4453MB
RSS_SAMPLE t=456.1s rss=4453MB hwm=4453MB
RSS_SAMPLE t=456.4s rss=4453MB hwm=4453MB
RSS_SAMPLE t=456.6s rss=4453MB hwm=4453MB
RSS_SAMPLE t=456.9s rss=4453MB hwm=4453MB
RSS_SAMPLE t=457.1s rss=4453MB hwm=4453MB
RSS_SAMPLE t=457.4s rss=4453MB hwm=4453MB
RSS_SAMPLE t=457.6s rss=4453MB hwm=4453MB
RSS_SAMPLE t=457.9s rss=4453MB hwm=4453MB
RSS_SAMPLE t=458.1s rss=4453MB hwm=4453MB
RSS_SAMPLE t=458.4s rss=4453MB hwm=4453MB
RSS_SAMPLE t=458.6s rss=4453MB hwm=4453MB
RSS_SAMPLE t=458.9s rss=4453MB hwm=4453MB
RSS_SAMPLE t=459.1s rss=4453MB hwm=4453MB
RSS_SAMPLE t=459.4s rss=4453MB hwm=4453MB
RSS_SAMPLE t=459.6s rss=4453MB hwm=4453MB
RSS_SAMPLE t=459.9s rss=4453MB hwm=4453MB
RSS_SAMPLE t=460.1s rss=4453MB hwm=4453MB
RSS_SAMPLE t=460.4s rss=4453MB hwm=4453MB
RSS_SAMPLE t=460.6s rss=4453MB hwm=4453MB
RSS_SAMPLE t=460.9s rss=4453MB hwm=4453MB
RSS_SAMPLE t=461.1s rss=4453MB hwm=4453MB
RSS_SAMPLE t=461.4s rss=4453MB hwm=4453MB
RSS_SAMPLE t=461.6s rss=4453MB hwm=4453MB
RSS_SAMPLE t=461.9s rss=4453MB hwm=4453MB
RSS_SAMPLE t=462.1s rss=4453MB hwm=4453MB
RSS_SAMPLE t=462.4s rss=4453MB hwm=4453MB
RSS_SAMPLE t=462.6s rss=4453MB hwm=4453MB
RSS_SAMPLE t=462.9s rss=4453MB hwm=4453MB
RSS_SAMPLE t=463.1s rss=4453MB hwm=4453MB
RSS_SAMPLE t=463.4s rss=4453MB hwm=4453MB
RSS_SAMPLE t=463.6s rss=4453MB hwm=4453MB
RSS_SAMPLE t=463.9s rss=4453MB hwm=4453MB
RSS_SAMPLE t=464.1s rss=4453MB hwm=4453MB
RSS_SAMPLE t=464.4s rss=4453MB hwm=4453MB
RSS_SAMPLE t=464.6s rss=4453MB hwm=4453MB
RSS_SAMPLE t=464.9s rss=4453MB hwm=4453MB
RSS_SAMPLE t=465.1s rss=4453MB hwm=4453MB
RSS_SAMPLE t=465.4s rss=4453MB hwm=4453MB
RSS_SAMPLE t=465.6s rss=4453MB hwm=4453MB
RSS_SAMPLE t=465.9s rss=4453MB hwm=4453MB
RSS_SAMPLE t=466.1s rss=4453MB hwm=4453MB
RSS_SAMPLE t=466.4s rss=4453MB hwm=4453MB
RSS_SAMPLE t=466.6s rss=4453MB hwm=4453MB
RSS_SAMPLE t=466.9s rss=4453MB hwm=4453MB
RSS_SAMPLE t=467.1s rss=4453MB hwm=4453MB
RSS_SAMPLE t=467.4s rss=4453MB hwm=4453MB
RSS_SAMPLE t=467.6s rss=4453MB hwm=4453MB
RSS_SAMPLE t=467.9s rss=4453MB hwm=4453MB
RSS_SAMPLE t=468.1s rss=4453MB hwm=4453MB
RSS_SAMPLE t=468.4s rss=4453MB hwm=4453MB
RSS_SAMPLE t=468.6s rss=4453MB hwm=4453MB
MEM_POOL: workspaces=32 dense_usage_mb=1251 n_pipes=2562403
    post_solve_diag[outer=5]: solves=105117 cap_armed=105117 (100.0%) settle_avg=6564 above_sink_avg=84 (1.3%) settle_max=69353
    load_support[outer=5]: settle_avg=6564 load_nz_avg=788 (12.0%) load_material_avg=584 (8.9%)
    prune_ceiling[outer=5]: settle_avg=6564 heuristic_prunable_avg=597 (9.1%) vs oracle_zero_load=88.0%
    settle_hist[outer=5]: <100: 33009nets/0.1%work  <1k: 20745nets/1.2%work  <5k: 22480nets/8.3%work  <20k: 16023nets/24.9%work  <60k: 12267nets/59.9%work  >=60k: 593nets/5.6%work
    fanout_hist[outer=5]: fan1: 43710nets/11.7%work  fan2-4: 48279nets/49.2%work  fan5-16: 12974nets/38.1%work  fan17-64: 154nets/1.0%work  fan65-256: 0nets/0.0%work  fan>256: 0nets/0.0%work
    rss_probe[outer=5]: pre_post_solve=4432MB post_post_solve=4453MB after_apply=4453MB
RSS_SAMPLE t=468.9s rss=4454MB hwm=4454MB
    E_decomp: base=7840975.8 eff=547974836676327.0 cong=547974828835351.2 cong_share=100.0% sat_pipes=84342 max_util=1912.66  R_buckets: 1-2x=80942 2-10x=20126 10-100x=16846 >=100x=2444489
    E_potential: beckmann=135243152749553.7 history_total=0.0
    SpanCache: epoch=6 entries=2649 lookups=2562403 hits=2559754 misses=2649 hit_rate=99.9%
  DCD   5: nets=105117 line=14841475 energy=3046230067.501 dE=-22835357988.852 friction=21287649.9 bins=2.0x(407) excess=152.1 moved=64987 disp=6.482 solves=105117 skip=105117 pops=689998399 theta=0.550 refresh=45134ms dcd=6564ms total=54458ms
    cache_stats: entries=48881968 capacity=89202062 est_mb=770 rss_mb=4454
RSS_SAMPLE t=469.1s rss=4454MB hwm=4454MB
RSS_SAMPLE t=469.4s rss=4454MB hwm=4454MB
RSS_SAMPLE t=469.6s rss=4454MB hwm=4454MB
RSS_SAMPLE t=469.9s rss=4454MB hwm=4454MB
RSS_SAMPLE t=470.1s rss=4454MB hwm=4454MB
RSS_SAMPLE t=470.4s rss=4454MB hwm=4454MB
RSS_SAMPLE t=470.6s rss=4454MB hwm=4454MB
RSS_SAMPLE t=470.9s rss=4454MB hwm=4454MB
RSS_SAMPLE t=471.1s rss=4454MB hwm=4454MB
RSS_SAMPLE t=471.4s rss=4454MB hwm=4454MB
    SwitchMatrix: type_usage_pairs=1167 lookups=2232 hits=1065 dijkstra_calls=1167 avg_us=9.8 total_ms=11.4
PHASE_MARK outer=6 enter=pre_solve rss=4454MB
    rss_probe[outer=6]: pre_refresh_rss=4454MB post_pre_solve_rss=4454MB cache_entries=48881968 cache_cap=89202062 cache_est_mb=770
    pre_solve_diag[outer=6]: solves=0 fallback=0 (0.0%) cap_armed=0 (0.0%) settle_avg=0 settle_max=0 init_count=227
    Overflow: over=82608 (3.2% of used) avg_excess=22.31 max_excess=2495.81 (nc=2519.81 cap=24 span=1)  excess_buckets: <=1=2737 1-5=33061 5-20=26705 >20=20105  by_cap: cap1=1233 cap2=67346 cap3-5=1 cap>5=14028  by_span: s1=560 s2-3=13089 s4-6=1713 s7-12=66186 s>12=1060  le1_cross: cap1=606 cap2-5=1934 cap>5=197
    Congestion: pipes=2562403 used=2562403 congested(>50%)=99795 saturated(>90%)=84342 max_util=1912.66 avg_util=0.2208
PHASE_MARK outer=6 enter=dcd_sweep rss=4454MB
RSS_SAMPLE t=471.6s rss=4454MB hwm=4454MB
RSS_SAMPLE t=471.9s rss=4454MB hwm=4454MB
RSS_SAMPLE t=472.1s rss=4454MB hwm=4454MB
RSS_SAMPLE t=472.4s rss=4454MB hwm=4454MB
RSS_SAMPLE t=472.6s rss=4454MB hwm=4454MB
RSS_SAMPLE t=472.9s rss=4454MB hwm=4454MB
RSS_SAMPLE t=473.1s rss=4454MB hwm=4454MB
RSS_SAMPLE t=473.4s rss=4454MB hwm=4454MB
RSS_SAMPLE t=473.6s rss=4454MB hwm=4454MB
RSS_SAMPLE t=473.9s rss=4454MB hwm=4454MB
RSS_SAMPLE t=474.1s rss=4454MB hwm=4454MB
RSS_SAMPLE t=474.4s rss=4454MB hwm=4454MB
RSS_SAMPLE t=474.6s rss=4454MB hwm=4454MB
RSS_SAMPLE t=474.9s rss=4454MB hwm=4454MB
RSS_SAMPLE t=475.1s rss=4454MB hwm=4454MB
RSS_SAMPLE t=475.4s rss=4454MB hwm=4454MB
RSS_SAMPLE t=475.6s rss=4454MB hwm=4454MB
RSS_SAMPLE t=475.9s rss=4454MB hwm=4454MB
RSS_SAMPLE t=476.1s rss=4454MB hwm=4454MB
RSS_SAMPLE t=476.4s rss=4454MB hwm=4454MB
RSS_SAMPLE t=476.6s rss=4454MB hwm=4454MB
RSS_SAMPLE t=476.9s rss=4454MB hwm=4454MB
RSS_SAMPLE t=477.1s rss=4454MB hwm=4454MB
RSS_SAMPLE t=477.4s rss=4454MB hwm=4454MB
RSS_SAMPLE t=477.6s rss=4454MB hwm=4454MB
RSS_SAMPLE t=477.9s rss=4454MB hwm=4454MB
PHASE_MARK outer=6 leave=dcd_sweep rss=4454MB
PHASE_MARK outer=6 enter=post_refresh rss=4454MB
RSS_SAMPLE t=478.1s rss=4454MB hwm=4454MB
RSS_SAMPLE t=478.4s rss=4454MB hwm=4454MB
RSS_SAMPLE t=478.6s rss=4454MB hwm=4454MB
RSS_SAMPLE t=478.9s rss=4454MB hwm=4454MB
RSS_SAMPLE t=479.1s rss=4454MB hwm=4454MB
RSS_SAMPLE t=479.4s rss=4454MB hwm=4454MB
RSS_SAMPLE t=479.6s rss=4454MB hwm=4454MB
RSS_SAMPLE t=479.9s rss=4454MB hwm=4454MB
RSS_SAMPLE t=480.1s rss=4454MB hwm=4454MB
RSS_SAMPLE t=480.4s rss=4454MB hwm=4454MB
RSS_SAMPLE t=480.6s rss=4454MB hwm=4454MB
RSS_SAMPLE t=480.9s rss=4454MB hwm=4454MB
RSS_SAMPLE t=481.1s rss=4454MB hwm=4454MB
RSS_SAMPLE t=481.4s rss=4454MB hwm=4454MB
RSS_SAMPLE t=481.6s rss=4454MB hwm=4454MB
RSS_SAMPLE t=481.9s rss=4455MB hwm=4455MB
RSS_SAMPLE t=482.1s rss=4455MB hwm=4455MB
RSS_SAMPLE t=482.4s rss=4455MB hwm=4455MB
RSS_SAMPLE t=482.6s rss=4455MB hwm=4455MB
RSS_SAMPLE t=482.9s rss=4455MB hwm=4455MB
RSS_SAMPLE t=483.1s rss=4455MB hwm=4455MB
RSS_SAMPLE t=483.4s rss=4455MB hwm=4455MB
RSS_SAMPLE t=483.6s rss=4456MB hwm=4456MB
RSS_SAMPLE t=483.9s rss=4456MB hwm=4456MB
RSS_SAMPLE t=484.1s rss=4457MB hwm=4457MB
RSS_SAMPLE t=484.4s rss=4457MB hwm=4457MB
RSS_SAMPLE t=484.6s rss=4458MB hwm=4458MB
RSS_SAMPLE t=484.9s rss=4458MB hwm=4458MB
RSS_SAMPLE t=485.1s rss=4459MB hwm=4459MB
RSS_SAMPLE t=485.4s rss=4459MB hwm=4459MB
RSS_SAMPLE t=485.6s rss=4460MB hwm=4460MB
RSS_SAMPLE t=485.9s rss=4461MB hwm=4461MB
RSS_SAMPLE t=486.1s rss=4461MB hwm=4461MB
RSS_SAMPLE t=486.4s rss=4462MB hwm=4462MB
RSS_SAMPLE t=486.6s rss=4462MB hwm=4462MB
RSS_SAMPLE t=486.9s rss=4463MB hwm=4463MB
RSS_SAMPLE t=487.1s rss=4463MB hwm=4463MB
RSS_SAMPLE t=487.4s rss=4464MB hwm=4464MB
RSS_SAMPLE t=487.6s rss=4464MB hwm=4464MB
RSS_SAMPLE t=487.9s rss=4465MB hwm=4465MB
RSS_SAMPLE t=488.1s rss=4465MB hwm=4465MB
RSS_SAMPLE t=488.4s rss=4466MB hwm=4466MB
RSS_SAMPLE t=488.6s rss=4466MB hwm=4466MB
RSS_SAMPLE t=488.9s rss=4467MB hwm=4467MB
RSS_SAMPLE t=489.1s rss=4467MB hwm=4467MB
RSS_SAMPLE t=489.4s rss=4468MB hwm=4468MB
RSS_SAMPLE t=489.6s rss=4469MB hwm=4469MB
RSS_SAMPLE t=489.9s rss=4470MB hwm=4470MB
RSS_SAMPLE t=490.1s rss=4471MB hwm=4471MB
RSS_SAMPLE t=490.4s rss=4471MB hwm=4471MB
RSS_SAMPLE t=490.6s rss=4472MB hwm=4472MB
RSS_SAMPLE t=490.9s rss=4474MB hwm=4474MB
RSS_SAMPLE t=491.1s rss=4475MB hwm=4475MB
RSS_SAMPLE t=491.4s rss=4475MB hwm=4475MB
RSS_SAMPLE t=491.6s rss=4476MB hwm=4476MB
RSS_SAMPLE t=491.9s rss=4478MB hwm=4478MB
RSS_SAMPLE t=492.1s rss=4478MB hwm=4478MB
RSS_SAMPLE t=492.4s rss=4479MB hwm=4479MB
RSS_SAMPLE t=492.6s rss=4480MB hwm=4480MB
RSS_SAMPLE t=492.9s rss=4481MB hwm=4481MB
RSS_SAMPLE t=493.2s rss=4482MB hwm=4482MB
RSS_SAMPLE t=493.4s rss=4482MB hwm=4482MB
RSS_SAMPLE t=493.7s rss=4483MB hwm=4483MB
RSS_SAMPLE t=493.9s rss=4484MB hwm=4484MB
RSS_SAMPLE t=494.2s rss=4485MB hwm=4485MB
RSS_SAMPLE t=494.4s rss=4487MB hwm=4487MB
RSS_SAMPLE t=494.7s rss=4487MB hwm=4487MB
RSS_SAMPLE t=494.9s rss=4488MB hwm=4488MB
RSS_SAMPLE t=495.2s rss=4489MB hwm=4489MB
RSS_SAMPLE t=495.4s rss=4489MB hwm=4489MB
RSS_SAMPLE t=495.7s rss=4490MB hwm=4490MB
RSS_SAMPLE t=495.9s rss=4491MB hwm=4491MB
RSS_SAMPLE t=496.2s rss=4492MB hwm=4492MB
RSS_SAMPLE t=496.4s rss=4493MB hwm=4493MB
RSS_SAMPLE t=496.7s rss=4494MB hwm=4494MB
RSS_SAMPLE t=496.9s rss=4495MB hwm=4495MB
RSS_SAMPLE t=497.2s rss=4496MB hwm=4496MB
RSS_SAMPLE t=497.4s rss=4497MB hwm=4497MB
RSS_SAMPLE t=497.7s rss=4498MB hwm=4498MB
RSS_SAMPLE t=497.9s rss=4499MB hwm=4499MB
RSS_SAMPLE t=498.2s rss=4500MB hwm=4500MB
RSS_SAMPLE t=498.4s rss=4501MB hwm=4501MB
RSS_SAMPLE t=498.7s rss=4501MB hwm=4501MB
RSS_SAMPLE t=498.9s rss=4502MB hwm=4502MB
RSS_SAMPLE t=499.2s rss=4502MB hwm=4502MB
RSS_SAMPLE t=499.4s rss=4503MB hwm=4503MB
RSS_SAMPLE t=499.7s rss=4504MB hwm=4504MB
RSS_SAMPLE t=499.9s rss=4504MB hwm=4504MB
RSS_SAMPLE t=500.2s rss=4504MB hwm=4504MB
RSS_SAMPLE t=500.4s rss=4504MB hwm=4504MB
RSS_SAMPLE t=500.7s rss=4505MB hwm=4505MB
RSS_SAMPLE t=500.9s rss=4505MB hwm=4505MB
RSS_SAMPLE t=501.2s rss=4506MB hwm=4506MB
RSS_SAMPLE t=501.4s rss=4506MB hwm=4506MB
RSS_SAMPLE t=501.7s rss=4507MB hwm=4507MB
RSS_SAMPLE t=501.9s rss=4507MB hwm=4507MB
RSS_SAMPLE t=502.2s rss=4507MB hwm=4507MB
RSS_SAMPLE t=502.4s rss=4508MB hwm=4508MB
RSS_SAMPLE t=502.7s rss=4508MB hwm=4508MB
RSS_SAMPLE t=502.9s rss=4508MB hwm=4508MB
RSS_SAMPLE t=503.2s rss=4509MB hwm=4509MB
RSS_SAMPLE t=503.4s rss=4509MB hwm=4509MB
RSS_SAMPLE t=503.7s rss=4510MB hwm=4510MB
RSS_SAMPLE t=503.9s rss=4510MB hwm=4510MB
RSS_SAMPLE t=504.2s rss=4511MB hwm=4511MB
RSS_SAMPLE t=504.4s rss=4511MB hwm=4511MB
RSS_SAMPLE t=504.7s rss=4511MB hwm=4511MB
RSS_SAMPLE t=504.9s rss=4511MB hwm=4511MB
RSS_SAMPLE t=505.2s rss=4512MB hwm=4512MB
RSS_SAMPLE t=505.4s rss=4512MB hwm=4512MB
RSS_SAMPLE t=505.7s rss=4513MB hwm=4513MB
RSS_SAMPLE t=505.9s rss=4514MB hwm=4514MB
RSS_SAMPLE t=506.2s rss=4514MB hwm=4514MB
RSS_SAMPLE t=506.4s rss=4514MB hwm=4514MB
RSS_SAMPLE t=506.7s rss=4514MB hwm=4514MB
RSS_SAMPLE t=506.9s rss=4515MB hwm=4515MB
RSS_SAMPLE t=507.2s rss=4515MB hwm=4515MB
RSS_SAMPLE t=507.4s rss=4515MB hwm=4515MB
RSS_SAMPLE t=507.7s rss=4515MB hwm=4515MB
RSS_SAMPLE t=507.9s rss=4515MB hwm=4515MB
RSS_SAMPLE t=508.2s rss=4515MB hwm=4515MB
RSS_SAMPLE t=508.4s rss=4515MB hwm=4515MB
RSS_SAMPLE t=508.7s rss=4515MB hwm=4515MB
RSS_SAMPLE t=508.9s rss=4515MB hwm=4515MB
RSS_SAMPLE t=509.2s rss=4515MB hwm=4515MB
RSS_SAMPLE t=509.4s rss=4515MB hwm=4515MB
RSS_SAMPLE t=509.7s rss=4515MB hwm=4515MB
RSS_SAMPLE t=509.9s rss=4515MB hwm=4515MB
RSS_SAMPLE t=510.2s rss=4515MB hwm=4515MB
RSS_SAMPLE t=510.4s rss=4515MB hwm=4515MB
RSS_SAMPLE t=510.7s rss=4515MB hwm=4515MB
RSS_SAMPLE t=510.9s rss=4515MB hwm=4515MB
RSS_SAMPLE t=511.2s rss=4515MB hwm=4515MB
RSS_SAMPLE t=511.4s rss=4515MB hwm=4515MB
RSS_SAMPLE t=511.7s rss=4515MB hwm=4515MB
RSS_SAMPLE t=511.9s rss=4515MB hwm=4515MB
RSS_SAMPLE t=512.2s rss=4515MB hwm=4515MB
RSS_SAMPLE t=512.4s rss=4515MB hwm=4515MB
RSS_SAMPLE t=512.7s rss=4515MB hwm=4515MB
RSS_SAMPLE t=512.9s rss=4515MB hwm=4515MB
RSS_SAMPLE t=513.2s rss=4515MB hwm=4515MB
RSS_SAMPLE t=513.4s rss=4515MB hwm=4515MB
RSS_SAMPLE t=513.7s rss=4515MB hwm=4515MB
RSS_SAMPLE t=513.9s rss=4515MB hwm=4515MB
RSS_SAMPLE t=514.2s rss=4515MB hwm=4515MB
RSS_SAMPLE t=514.4s rss=4515MB hwm=4515MB
RSS_SAMPLE t=514.7s rss=4515MB hwm=4515MB
RSS_SAMPLE t=514.9s rss=4515MB hwm=4515MB
RSS_SAMPLE t=515.2s rss=4515MB hwm=4515MB
RSS_SAMPLE t=515.4s rss=4515MB hwm=4515MB
RSS_SAMPLE t=515.7s rss=4515MB hwm=4515MB
RSS_SAMPLE t=515.9s rss=4515MB hwm=4515MB
RSS_SAMPLE t=516.2s rss=4515MB hwm=4515MB
RSS_SAMPLE t=516.4s rss=4515MB hwm=4515MB
RSS_SAMPLE t=516.7s rss=4515MB hwm=4515MB
RSS_SAMPLE t=516.9s rss=4515MB hwm=4515MB
RSS_SAMPLE t=517.2s rss=4515MB hwm=4515MB
RSS_SAMPLE t=517.4s rss=4515MB hwm=4515MB
RSS_SAMPLE t=517.7s rss=4515MB hwm=4515MB
RSS_SAMPLE t=517.9s rss=4516MB hwm=4516MB
RSS_SAMPLE t=518.2s rss=4516MB hwm=4516MB
RSS_SAMPLE t=518.4s rss=4516MB hwm=4516MB
RSS_SAMPLE t=518.7s rss=4516MB hwm=4516MB
RSS_SAMPLE t=518.9s rss=4516MB hwm=4516MB
RSS_SAMPLE t=519.2s rss=4516MB hwm=4516MB
RSS_SAMPLE t=519.4s rss=4516MB hwm=4516MB
RSS_SAMPLE t=519.7s rss=4516MB hwm=4516MB
RSS_SAMPLE t=519.9s rss=4516MB hwm=4516MB
RSS_SAMPLE t=520.2s rss=4516MB hwm=4516MB
RSS_SAMPLE t=520.4s rss=4516MB hwm=4516MB
RSS_SAMPLE t=520.7s rss=4516MB hwm=4516MB
RSS_SAMPLE t=520.9s rss=4516MB hwm=4516MB
RSS_SAMPLE t=521.2s rss=4516MB hwm=4516MB
RSS_SAMPLE t=521.4s rss=4516MB hwm=4516MB
RSS_SAMPLE t=521.7s rss=4516MB hwm=4516MB
RSS_SAMPLE t=521.9s rss=4516MB hwm=4516MB
RSS_SAMPLE t=522.2s rss=4516MB hwm=4516MB
RSS_SAMPLE t=522.4s rss=4516MB hwm=4516MB
RSS_SAMPLE t=522.7s rss=4516MB hwm=4516MB
RSS_SAMPLE t=522.9s rss=4516MB hwm=4516MB
RSS_SAMPLE t=523.2s rss=4516MB hwm=4516MB
RSS_SAMPLE t=523.4s rss=4516MB hwm=4516MB
RSS_SAMPLE t=523.7s rss=4517MB hwm=4517MB
RSS_SAMPLE t=523.9s rss=4517MB hwm=4517MB
RSS_SAMPLE t=524.2s rss=4517MB hwm=4517MB
RSS_SAMPLE t=524.4s rss=4517MB hwm=4517MB
RSS_SAMPLE t=524.7s rss=4517MB hwm=4517MB
RSS_SAMPLE t=524.9s rss=4517MB hwm=4517MB
RSS_SAMPLE t=525.2s rss=4517MB hwm=4517MB
RSS_SAMPLE t=525.4s rss=4517MB hwm=4517MB
RSS_SAMPLE t=525.7s rss=4517MB hwm=4517MB
RSS_SAMPLE t=525.9s rss=4517MB hwm=4517MB
RSS_SAMPLE t=526.2s rss=4517MB hwm=4517MB
RSS_SAMPLE t=526.4s rss=4517MB hwm=4517MB
RSS_SAMPLE t=526.7s rss=4517MB hwm=4517MB
RSS_SAMPLE t=526.9s rss=4517MB hwm=4517MB
RSS_SAMPLE t=527.2s rss=4517MB hwm=4517MB
RSS_SAMPLE t=527.4s rss=4517MB hwm=4517MB
RSS_SAMPLE t=527.7s rss=4518MB hwm=4518MB
RSS_SAMPLE t=527.9s rss=4518MB hwm=4518MB
RSS_SAMPLE t=528.2s rss=4518MB hwm=4518MB
RSS_SAMPLE t=528.4s rss=4518MB hwm=4518MB
RSS_SAMPLE t=528.7s rss=4518MB hwm=4518MB
RSS_SAMPLE t=528.9s rss=4518MB hwm=4518MB
MEM_POOL: workspaces=32 dense_usage_mb=1251 n_pipes=2562403
    post_solve_diag[outer=6]: solves=105117 cap_armed=105117 (100.0%) settle_avg=7027 above_sink_avg=106 (1.5%) settle_max=69353
    load_support[outer=6]: settle_avg=7027 load_nz_avg=2546 (36.2%) load_material_avg=1235 (17.6%)
    prune_ceiling[outer=6]: settle_avg=7027 heuristic_prunable_avg=474 (6.7%) vs oracle_zero_load=63.8%
    settle_hist[outer=6]: <100: 31702nets/0.1%work  <1k: 18276nets/1.0%work  <5k: 23333nets/8.2%work  <20k: 17946nets/26.0%work  <60k: 13310nets/59.9%work  >=60k: 550nets/4.8%work
    fanout_hist[outer=6]: fan1: 43710nets/13.4%work  fan2-4: 48279nets/50.0%work  fan5-16: 12974nets/35.7%work  fan17-64: 154nets/0.9%work  fan65-256: 0nets/0.0%work  fan>256: 0nets/0.0%work
    rss_probe[outer=6]: pre_post_solve=4454MB post_post_solve=4518MB after_apply=4518MB
    E_decomp: base=6836072.8 eff=338660707065942.6 cong=338660700229869.8 cong_share=100.0% sat_pipes=82693 max_util=1001.64  R_buckets: 1-2x=71628 2-10x=37582 10-100x=1181670 >=100x=1271523
    E_potential: beckmann=73804770680759.8 history_total=0.0
    SpanCache: epoch=7 entries=2232 lookups=2562403 hits=2560171 misses=2232 hit_rate=99.9%
  DCD   6: nets=105117 line=14466318 energy=9406475298.479 dE=+6360245230.978 friction=14052993.5 bins=2.0x(309) excess=105.2 moved=65832 disp=5.872 solves=105117 skip=105117 pops=738646824 theta=0.644 refresh=50975ms dcd=6565ms total=60171ms
    cache_stats: entries=55065311 capacity=99885517 est_mb=862 rss_mb=4518
RSS_SAMPLE t=529.2s rss=4518MB hwm=4518MB
RSS_SAMPLE t=529.4s rss=4518MB hwm=4518MB
RSS_SAMPLE t=529.7s rss=4518MB hwm=4518MB
RSS_SAMPLE t=529.9s rss=4518MB hwm=4518MB
RSS_SAMPLE t=530.2s rss=4518MB hwm=4518MB
RSS_SAMPLE t=530.4s rss=4518MB hwm=4518MB
RSS_SAMPLE t=530.7s rss=4518MB hwm=4518MB
RSS_SAMPLE t=530.9s rss=4518MB hwm=4518MB
RSS_SAMPLE t=531.2s rss=4518MB hwm=4518MB
RSS_SAMPLE t=531.4s rss=4518MB hwm=4518MB
RSS_SAMPLE t=531.7s rss=4518MB hwm=4518MB
    SwitchMatrix: type_usage_pairs=973 lookups=1853 hits=880 dijkstra_calls=973 avg_us=10.5 total_ms=10.2
PHASE_MARK outer=7 enter=pre_solve rss=4518MB
    rss_probe[outer=7]: pre_refresh_rss=4518MB post_pre_solve_rss=4518MB cache_entries=55065311 cache_cap=99885517 cache_est_mb=862
    pre_solve_diag[outer=7]: solves=0 fallback=0 (0.0%) cap_armed=0 (0.0%) settle_avg=0 settle_max=0 init_count=239
    Overflow: over=80668 (3.1% of used) avg_excess=16.29 max_excess=3079.10 (nc=3103.10 cap=24 span=1)  excess_buckets: <=1=2940 1-5=34475 5-20=27189 >20=16064  by_cap: cap1=1071 cap2=67116 cap3-5=0 cap>5=12481  by_span: s1=518 s2-3=11340 s4-6=1694 s7-12=66236 s>12=880  le1_cross: cap1=493 cap2-5=2204 cap>5=243
    Congestion: pipes=2562403 used=2562403 congested(>50%)=100533 saturated(>90%)=82693 max_util=1001.64 avg_util=0.1898
PHASE_MARK outer=7 enter=dcd_sweep rss=4518MB
RSS_SAMPLE t=531.9s rss=4518MB hwm=4518MB
RSS_SAMPLE t=532.2s rss=4518MB hwm=4518MB
RSS_SAMPLE t=532.4s rss=4518MB hwm=4518MB
RSS_SAMPLE t=532.7s rss=4518MB hwm=4518MB
RSS_SAMPLE t=532.9s rss=4518MB hwm=4518MB
RSS_SAMPLE t=533.2s rss=4518MB hwm=4518MB
RSS_SAMPLE t=533.4s rss=4518MB hwm=4518MB
RSS_SAMPLE t=533.7s rss=4518MB hwm=4518MB
RSS_SAMPLE t=533.9s rss=4518MB hwm=4518MB
RSS_SAMPLE t=534.2s rss=4518MB hwm=4518MB
RSS_SAMPLE t=534.4s rss=4518MB hwm=4518MB
RSS_SAMPLE t=534.7s rss=4518MB hwm=4518MB
RSS_SAMPLE t=534.9s rss=4518MB hwm=4518MB
RSS_SAMPLE t=535.2s rss=4518MB hwm=4518MB
RSS_SAMPLE t=535.4s rss=4518MB hwm=4518MB
RSS_SAMPLE t=535.7s rss=4518MB hwm=4518MB
RSS_SAMPLE t=535.9s rss=4518MB hwm=4518MB
RSS_SAMPLE t=536.2s rss=4518MB hwm=4518MB
RSS_SAMPLE t=536.4s rss=4518MB hwm=4518MB
RSS_SAMPLE t=536.7s rss=4518MB hwm=4518MB
RSS_SAMPLE t=536.9s rss=4518MB hwm=4518MB
RSS_SAMPLE t=537.2s rss=4518MB hwm=4518MB
RSS_SAMPLE t=537.4s rss=4518MB hwm=4518MB
RSS_SAMPLE t=537.7s rss=4518MB hwm=4518MB
RSS_SAMPLE t=537.9s rss=4518MB hwm=4518MB
RSS_SAMPLE t=538.2s rss=4518MB hwm=4518MB
PHASE_MARK outer=7 leave=dcd_sweep rss=4518MB
PHASE_MARK outer=7 enter=post_refresh rss=4518MB
RSS_SAMPLE t=538.4s rss=4518MB hwm=4518MB
RSS_SAMPLE t=538.7s rss=4518MB hwm=4518MB
RSS_SAMPLE t=538.9s rss=4518MB hwm=4518MB
RSS_SAMPLE t=539.2s rss=4518MB hwm=4518MB
RSS_SAMPLE t=539.4s rss=4518MB hwm=4518MB
RSS_SAMPLE t=539.7s rss=4518MB hwm=4518MB
RSS_SAMPLE t=539.9s rss=4518MB hwm=4518MB
RSS_SAMPLE t=540.2s rss=4518MB hwm=4518MB
RSS_SAMPLE t=540.4s rss=4518MB hwm=4518MB
RSS_SAMPLE t=540.7s rss=4518MB hwm=4518MB
RSS_SAMPLE t=540.9s rss=4518MB hwm=4518MB
RSS_SAMPLE t=541.2s rss=4518MB hwm=4518MB
RSS_SAMPLE t=541.4s rss=4519MB hwm=4519MB
RSS_SAMPLE t=541.7s rss=4519MB hwm=4519MB
RSS_SAMPLE t=541.9s rss=4519MB hwm=4519MB
RSS_SAMPLE t=542.2s rss=4519MB hwm=4519MB
RSS_SAMPLE t=542.4s rss=4520MB hwm=4520MB
RSS_SAMPLE t=542.7s rss=4520MB hwm=4520MB
RSS_SAMPLE t=542.9s rss=4520MB hwm=4520MB
RSS_SAMPLE t=543.2s rss=4520MB hwm=4520MB
RSS_SAMPLE t=543.4s rss=4520MB hwm=4520MB
RSS_SAMPLE t=543.7s rss=4520MB hwm=4520MB
RSS_SAMPLE t=543.9s rss=4520MB hwm=4520MB
RSS_SAMPLE t=544.2s rss=4521MB hwm=4521MB
RSS_SAMPLE t=544.4s rss=4521MB hwm=4521MB
RSS_SAMPLE t=544.7s rss=4521MB hwm=4521MB
RSS_SAMPLE t=544.9s rss=4521MB hwm=4521MB
RSS_SAMPLE t=545.2s rss=4522MB hwm=4522MB
RSS_SAMPLE t=545.4s rss=4522MB hwm=4522MB
RSS_SAMPLE t=545.7s rss=4522MB hwm=4522MB
RSS_SAMPLE t=545.9s rss=4522MB hwm=4522MB
RSS_SAMPLE t=546.2s rss=4522MB hwm=4522MB
RSS_SAMPLE t=546.4s rss=4522MB hwm=4522MB
RSS_SAMPLE t=546.7s rss=4522MB hwm=4522MB
RSS_SAMPLE t=546.9s rss=4523MB hwm=4523MB
RSS_SAMPLE t=547.2s rss=4523MB hwm=4523MB
RSS_SAMPLE t=547.4s rss=4523MB hwm=4523MB
RSS_SAMPLE t=547.7s rss=4524MB hwm=4524MB
RSS_SAMPLE t=547.9s rss=4524MB hwm=4524MB
RSS_SAMPLE t=548.2s rss=4524MB hwm=4524MB
RSS_SAMPLE t=548.4s rss=4524MB hwm=4524MB
RSS_SAMPLE t=548.7s rss=4525MB hwm=4525MB
RSS_SAMPLE t=548.9s rss=4525MB hwm=4525MB
RSS_SAMPLE t=549.2s rss=4525MB hwm=4525MB
RSS_SAMPLE t=549.4s rss=4525MB hwm=4525MB
RSS_SAMPLE t=549.7s rss=4525MB hwm=4525MB
RSS_SAMPLE t=549.9s rss=4526MB hwm=4526MB
RSS_SAMPLE t=550.2s rss=4526MB hwm=4526MB
RSS_SAMPLE t=550.4s rss=4526MB hwm=4526MB
RSS_SAMPLE t=550.7s rss=4526MB hwm=4526MB
RSS_SAMPLE t=550.9s rss=4526MB hwm=4526MB
RSS_SAMPLE t=551.2s rss=4527MB hwm=4527MB
RSS_SAMPLE t=551.4s rss=4527MB hwm=4527MB
RSS_SAMPLE t=551.7s rss=4527MB hwm=4527MB
RSS_SAMPLE t=551.9s rss=4527MB hwm=4527MB
RSS_SAMPLE t=552.2s rss=4528MB hwm=4528MB
RSS_SAMPLE t=552.4s rss=4528MB hwm=4528MB
RSS_SAMPLE t=552.7s rss=4528MB hwm=4528MB
RSS_SAMPLE t=552.9s rss=4528MB hwm=4528MB
RSS_SAMPLE t=553.2s rss=4529MB hwm=4529MB
RSS_SAMPLE t=553.4s rss=4529MB hwm=4529MB
RSS_SAMPLE t=553.7s rss=4529MB hwm=4529MB
RSS_SAMPLE t=553.9s rss=4529MB hwm=4529MB
RSS_SAMPLE t=554.2s rss=4530MB hwm=4530MB
RSS_SAMPLE t=554.4s rss=4530MB hwm=4530MB
RSS_SAMPLE t=554.7s rss=4530MB hwm=4530MB
RSS_SAMPLE t=554.9s rss=4531MB hwm=4531MB
RSS_SAMPLE t=555.2s rss=4531MB hwm=4531MB
RSS_SAMPLE t=555.4s rss=4531MB hwm=4531MB
RSS_SAMPLE t=555.7s rss=4531MB hwm=4531MB
RSS_SAMPLE t=556.0s rss=4532MB hwm=4532MB
RSS_SAMPLE t=556.2s rss=4532MB hwm=4532MB
RSS_SAMPLE t=556.5s rss=4533MB hwm=4533MB
RSS_SAMPLE t=556.7s rss=4533MB hwm=4533MB
RSS_SAMPLE t=557.0s rss=4533MB hwm=4533MB
RSS_SAMPLE t=557.2s rss=4534MB hwm=4534MB
RSS_SAMPLE t=557.5s rss=4534MB hwm=4534MB
RSS_SAMPLE t=557.7s rss=4535MB hwm=4535MB
RSS_SAMPLE t=558.0s rss=4535MB hwm=4535MB
RSS_SAMPLE t=558.2s rss=4536MB hwm=4536MB
RSS_SAMPLE t=558.5s rss=4536MB hwm=4536MB
RSS_SAMPLE t=558.7s rss=4537MB hwm=4537MB
RSS_SAMPLE t=559.0s rss=4537MB hwm=4537MB
RSS_SAMPLE t=559.2s rss=4538MB hwm=4538MB
RSS_SAMPLE t=559.5s rss=4538MB hwm=4538MB
RSS_SAMPLE t=559.7s rss=4539MB hwm=4539MB
RSS_SAMPLE t=560.0s rss=4539MB hwm=4539MB
RSS_SAMPLE t=560.2s rss=4540MB hwm=4540MB
RSS_SAMPLE t=560.5s rss=4541MB hwm=4541MB
RSS_SAMPLE t=560.7s rss=4541MB hwm=4541MB
RSS_SAMPLE t=561.0s rss=4542MB hwm=4542MB
RSS_SAMPLE t=561.2s rss=4543MB hwm=4543MB
RSS_SAMPLE t=561.5s rss=4543MB hwm=4543MB
RSS_SAMPLE t=561.7s rss=4543MB hwm=4543MB
RSS_SAMPLE t=562.0s rss=4544MB hwm=4544MB
RSS_SAMPLE t=562.2s rss=4545MB hwm=4545MB
RSS_SAMPLE t=562.5s rss=4545MB hwm=4545MB
RSS_SAMPLE t=562.7s rss=4545MB hwm=4545MB
RSS_SAMPLE t=563.0s rss=4546MB hwm=4546MB
RSS_SAMPLE t=563.2s rss=4547MB hwm=4547MB
RSS_SAMPLE t=563.5s rss=4548MB hwm=4548MB
RSS_SAMPLE t=563.7s rss=4548MB hwm=4548MB
RSS_SAMPLE t=564.0s rss=4549MB hwm=4549MB
RSS_SAMPLE t=564.2s rss=4550MB hwm=4550MB
RSS_SAMPLE t=564.5s rss=4550MB hwm=4550MB
RSS_SAMPLE t=564.7s rss=4551MB hwm=4551MB
RSS_SAMPLE t=565.0s rss=4552MB hwm=4552MB
RSS_SAMPLE t=565.2s rss=4553MB hwm=4553MB
RSS_SAMPLE t=565.5s rss=4553MB hwm=4553MB
RSS_SAMPLE t=565.7s rss=4554MB hwm=4554MB
RSS_SAMPLE t=566.0s rss=4554MB hwm=4554MB
RSS_SAMPLE t=566.2s rss=4555MB hwm=4555MB
RSS_SAMPLE t=566.5s rss=4556MB hwm=4556MB
RSS_SAMPLE t=566.7s rss=4556MB hwm=4556MB
RSS_SAMPLE t=567.0s rss=4557MB hwm=4557MB
RSS_SAMPLE t=567.2s rss=4557MB hwm=4557MB
RSS_SAMPLE t=567.5s rss=4558MB hwm=4558MB
RSS_SAMPLE t=567.7s rss=4558MB hwm=4558MB
RSS_SAMPLE t=568.0s rss=4559MB hwm=4559MB
RSS_SAMPLE t=568.2s rss=4559MB hwm=4559MB
RSS_SAMPLE t=568.5s rss=4560MB hwm=4560MB
RSS_SAMPLE t=568.7s rss=4560MB hwm=4560MB
RSS_SAMPLE t=569.0s rss=4561MB hwm=4561MB
RSS_SAMPLE t=569.2s rss=4561MB hwm=4561MB
RSS_SAMPLE t=569.5s rss=4562MB hwm=4562MB
RSS_SAMPLE t=569.7s rss=4562MB hwm=4562MB
RSS_SAMPLE t=570.0s rss=4562MB hwm=4562MB
RSS_SAMPLE t=570.2s rss=4563MB hwm=4563MB
RSS_SAMPLE t=570.5s rss=4563MB hwm=4563MB
RSS_SAMPLE t=570.7s rss=4563MB hwm=4563MB
RSS_SAMPLE t=571.0s rss=4564MB hwm=4564MB
RSS_SAMPLE t=571.2s rss=4565MB hwm=4565MB
RSS_SAMPLE t=571.5s rss=4565MB hwm=4565MB
RSS_SAMPLE t=571.7s rss=4566MB hwm=4566MB
RSS_SAMPLE t=572.0s rss=4566MB hwm=4566MB
RSS_SAMPLE t=572.2s rss=4567MB hwm=4567MB
RSS_SAMPLE t=572.5s rss=4567MB hwm=4567MB
RSS_SAMPLE t=572.7s rss=4568MB hwm=4568MB
RSS_SAMPLE t=573.0s rss=4569MB hwm=4569MB
RSS_SAMPLE t=573.2s rss=4569MB hwm=4569MB
RSS_SAMPLE t=573.5s rss=4570MB hwm=4570MB
RSS_SAMPLE t=573.7s rss=4570MB hwm=4570MB
RSS_SAMPLE t=574.0s rss=4571MB hwm=4571MB
RSS_SAMPLE t=574.2s rss=4572MB hwm=4572MB
RSS_SAMPLE t=574.5s rss=4572MB hwm=4572MB
RSS_SAMPLE t=574.7s rss=4573MB hwm=4573MB
RSS_SAMPLE t=575.0s rss=4573MB hwm=4573MB
RSS_SAMPLE t=575.2s rss=4574MB hwm=4574MB
RSS_SAMPLE t=575.5s rss=4575MB hwm=4575MB
RSS_SAMPLE t=575.7s rss=4575MB hwm=4575MB
RSS_SAMPLE t=576.0s rss=4576MB hwm=4576MB
RSS_SAMPLE t=576.2s rss=4576MB hwm=4576MB
RSS_SAMPLE t=576.5s rss=4577MB hwm=4577MB
RSS_SAMPLE t=576.7s rss=4577MB hwm=4577MB
RSS_SAMPLE t=577.0s rss=4577MB hwm=4577MB
RSS_SAMPLE t=577.2s rss=4578MB hwm=4578MB
RSS_SAMPLE t=577.5s rss=4578MB hwm=4578MB
RSS_SAMPLE t=577.7s rss=4579MB hwm=4579MB
RSS_SAMPLE t=578.0s rss=4580MB hwm=4580MB
RSS_SAMPLE t=578.2s rss=4580MB hwm=4580MB
RSS_SAMPLE t=578.5s rss=4580MB hwm=4580MB
RSS_SAMPLE t=578.7s rss=4581MB hwm=4581MB
RSS_SAMPLE t=579.0s rss=4581MB hwm=4581MB
RSS_SAMPLE t=579.2s rss=4582MB hwm=4582MB
RSS_SAMPLE t=579.5s rss=4582MB hwm=4582MB
RSS_SAMPLE t=579.7s rss=4583MB hwm=4583MB
RSS_SAMPLE t=580.0s rss=4583MB hwm=4583MB
RSS_SAMPLE t=580.2s rss=4583MB hwm=4583MB
RSS_SAMPLE t=580.5s rss=4583MB hwm=4583MB
RSS_SAMPLE t=580.7s rss=4584MB hwm=4584MB
RSS_SAMPLE t=581.0s rss=4585MB hwm=4585MB
RSS_SAMPLE t=581.2s rss=4585MB hwm=4585MB
RSS_SAMPLE t=581.5s rss=4585MB hwm=4585MB
RSS_SAMPLE t=581.7s rss=4586MB hwm=4586MB
RSS_SAMPLE t=582.0s rss=4586MB hwm=4586MB
RSS_SAMPLE t=582.2s rss=4586MB hwm=4586MB
RSS_SAMPLE t=582.5s rss=4587MB hwm=4587MB
RSS_SAMPLE t=582.7s rss=4587MB hwm=4587MB
RSS_SAMPLE t=583.0s rss=4588MB hwm=4588MB
RSS_SAMPLE t=583.2s rss=4588MB hwm=4588MB
RSS_SAMPLE t=583.5s rss=4588MB hwm=4588MB
RSS_SAMPLE t=583.7s rss=4588MB hwm=4588MB
RSS_SAMPLE t=584.0s rss=4588MB hwm=4588MB
RSS_SAMPLE t=584.2s rss=4588MB hwm=4588MB
RSS_SAMPLE t=584.5s rss=4589MB hwm=4589MB
RSS_SAMPLE t=584.7s rss=4589MB hwm=4589MB
RSS_SAMPLE t=585.0s rss=4589MB hwm=4589MB
RSS_SAMPLE t=585.2s rss=4589MB hwm=4589MB
RSS_SAMPLE t=585.5s rss=4589MB hwm=4589MB
RSS_SAMPLE t=585.7s rss=4590MB hwm=4590MB
RSS_SAMPLE t=586.0s rss=4590MB hwm=4590MB
RSS_SAMPLE t=586.2s rss=4590MB hwm=4590MB
RSS_SAMPLE t=586.5s rss=4590MB hwm=4590MB
RSS_SAMPLE t=586.7s rss=4591MB hwm=4591MB
RSS_SAMPLE t=587.0s rss=4591MB hwm=4591MB
RSS_SAMPLE t=587.2s rss=4591MB hwm=4591MB
RSS_SAMPLE t=587.5s rss=4591MB hwm=4591MB
RSS_SAMPLE t=587.7s rss=4591MB hwm=4591MB
RSS_SAMPLE t=588.0s rss=4591MB hwm=4591MB
RSS_SAMPLE t=588.2s rss=4591MB hwm=4591MB
RSS_SAMPLE t=588.5s rss=4592MB hwm=4592MB
RSS_SAMPLE t=588.7s rss=4592MB hwm=4592MB
RSS_SAMPLE t=589.0s rss=4593MB hwm=4593MB
RSS_SAMPLE t=589.2s rss=4593MB hwm=4593MB
RSS_SAMPLE t=589.5s rss=4593MB hwm=4593MB
RSS_SAMPLE t=589.7s rss=4594MB hwm=4594MB
RSS_SAMPLE t=590.0s rss=4594MB hwm=4594MB
RSS_SAMPLE t=590.2s rss=4594MB hwm=4594MB
RSS_SAMPLE t=590.5s rss=4594MB hwm=4594MB
RSS_SAMPLE t=590.7s rss=4595MB hwm=4595MB
RSS_SAMPLE t=591.0s rss=4595MB hwm=4595MB
RSS_SAMPLE t=591.2s rss=4596MB hwm=4596MB
RSS_SAMPLE t=591.5s rss=4596MB hwm=4596MB
RSS_SAMPLE t=591.7s rss=4597MB hwm=4597MB
RSS_SAMPLE t=592.0s rss=4597MB hwm=4597MB
RSS_SAMPLE t=592.2s rss=4597MB hwm=4597MB
RSS_SAMPLE t=592.5s rss=4598MB hwm=4598MB
RSS_SAMPLE t=592.7s rss=4598MB hwm=4598MB
RSS_SAMPLE t=593.0s rss=4598MB hwm=4598MB
RSS_SAMPLE t=593.2s rss=4598MB hwm=4598MB
RSS_SAMPLE t=593.5s rss=4598MB hwm=4598MB
RSS_SAMPLE t=593.7s rss=4598MB hwm=4598MB
RSS_SAMPLE t=594.0s rss=4598MB hwm=4598MB
RSS_SAMPLE t=594.2s rss=4598MB hwm=4598MB
RSS_SAMPLE t=594.5s rss=4598MB hwm=4598MB
RSS_SAMPLE t=594.8s rss=4598MB hwm=4598MB
RSS_SAMPLE t=595.0s rss=4598MB hwm=4598MB
RSS_SAMPLE t=595.3s rss=4598MB hwm=4598MB
RSS_SAMPLE t=595.5s rss=4598MB hwm=4598MB
RSS_SAMPLE t=595.8s rss=4599MB hwm=4599MB
RSS_SAMPLE t=596.0s rss=4599MB hwm=4599MB
RSS_SAMPLE t=596.3s rss=4599MB hwm=4599MB
RSS_SAMPLE t=596.5s rss=4599MB hwm=4599MB
RSS_SAMPLE t=596.8s rss=4599MB hwm=4599MB
RSS_SAMPLE t=597.0s rss=4599MB hwm=4599MB
RSS_SAMPLE t=597.3s rss=4599MB hwm=4599MB
RSS_SAMPLE t=597.5s rss=4599MB hwm=4599MB
RSS_SAMPLE t=597.8s rss=4599MB hwm=4599MB
RSS_SAMPLE t=598.0s rss=4599MB hwm=4599MB
RSS_SAMPLE t=598.3s rss=4599MB hwm=4599MB
RSS_SAMPLE t=598.5s rss=4599MB hwm=4599MB
RSS_SAMPLE t=598.8s rss=4599MB hwm=4599MB
RSS_SAMPLE t=599.0s rss=4599MB hwm=4599MB
RSS_SAMPLE t=599.3s rss=4599MB hwm=4599MB
RSS_SAMPLE t=599.5s rss=4599MB hwm=4599MB
RSS_SAMPLE t=599.8s rss=4599MB hwm=4599MB
RSS_SAMPLE t=600.0s rss=4599MB hwm=4599MB
RSS_SAMPLE t=600.3s rss=4599MB hwm=4599MB
RSS_SAMPLE t=600.5s rss=4599MB hwm=4599MB
RSS_SAMPLE t=600.8s rss=4599MB hwm=4599MB
RSS_SAMPLE t=601.0s rss=4599MB hwm=4599MB
RSS_SAMPLE t=601.3s rss=4599MB hwm=4599MB
RSS_SAMPLE t=601.5s rss=4599MB hwm=4599MB
RSS_SAMPLE t=601.8s rss=4599MB hwm=4599MB
RSS_SAMPLE t=602.0s rss=4599MB hwm=4599MB
RSS_SAMPLE t=602.3s rss=4599MB hwm=4599MB
RSS_SAMPLE t=602.5s rss=4599MB hwm=4599MB
RSS_SAMPLE t=602.8s rss=4599MB hwm=4599MB
RSS_SAMPLE t=603.0s rss=4599MB hwm=4599MB
RSS_SAMPLE t=603.3s rss=4599MB hwm=4599MB
RSS_SAMPLE t=603.5s rss=4599MB hwm=4599MB
RSS_SAMPLE t=603.8s rss=4599MB hwm=4599MB
RSS_SAMPLE t=604.0s rss=4599MB hwm=4599MB
RSS_SAMPLE t=604.3s rss=4599MB hwm=4599MB
RSS_SAMPLE t=604.5s rss=4599MB hwm=4599MB
RSS_SAMPLE t=604.8s rss=4599MB hwm=4599MB
RSS_SAMPLE t=605.0s rss=4599MB hwm=4599MB
RSS_SAMPLE t=605.3s rss=4599MB hwm=4599MB
RSS_SAMPLE t=605.5s rss=4599MB hwm=4599MB
RSS_SAMPLE t=605.8s rss=4599MB hwm=4599MB
RSS_SAMPLE t=606.0s rss=4599MB hwm=4599MB
RSS_SAMPLE t=606.3s rss=4599MB hwm=4599MB
RSS_SAMPLE t=606.5s rss=4599MB hwm=4599MB
RSS_SAMPLE t=606.8s rss=4599MB hwm=4599MB
RSS_SAMPLE t=607.0s rss=4599MB hwm=4599MB
RSS_SAMPLE t=607.3s rss=4599MB hwm=4599MB
RSS_SAMPLE t=607.5s rss=4599MB hwm=4599MB
RSS_SAMPLE t=607.8s rss=4599MB hwm=4599MB
RSS_SAMPLE t=608.0s rss=4599MB hwm=4599MB
RSS_SAMPLE t=608.3s rss=4599MB hwm=4599MB
RSS_SAMPLE t=608.5s rss=4599MB hwm=4599MB
RSS_SAMPLE t=608.8s rss=4599MB hwm=4599MB
RSS_SAMPLE t=609.0s rss=4599MB hwm=4599MB
RSS_SAMPLE t=609.3s rss=4599MB hwm=4599MB
RSS_SAMPLE t=609.5s rss=4599MB hwm=4599MB
RSS_SAMPLE t=609.8s rss=4599MB hwm=4599MB
RSS_SAMPLE t=610.0s rss=4599MB hwm=4599MB
RSS_SAMPLE t=610.3s rss=4599MB hwm=4599MB
RSS_SAMPLE t=610.5s rss=4599MB hwm=4599MB
RSS_SAMPLE t=610.8s rss=4599MB hwm=4599MB
RSS_SAMPLE t=611.0s rss=4599MB hwm=4599MB
RSS_SAMPLE t=611.3s rss=4599MB hwm=4599MB
RSS_SAMPLE t=611.5s rss=4599MB hwm=4599MB
RSS_SAMPLE t=611.8s rss=4599MB hwm=4599MB
RSS_SAMPLE t=612.0s rss=4599MB hwm=4599MB
RSS_SAMPLE t=612.3s rss=4599MB hwm=4599MB
RSS_SAMPLE t=612.5s rss=4599MB hwm=4599MB
RSS_SAMPLE t=612.8s rss=4599MB hwm=4599MB
RSS_SAMPLE t=613.0s rss=4599MB hwm=4599MB
RSS_SAMPLE t=613.3s rss=4599MB hwm=4599MB
RSS_SAMPLE t=613.5s rss=4600MB hwm=4600MB
RSS_SAMPLE t=613.8s rss=4600MB hwm=4600MB
RSS_SAMPLE t=614.0s rss=4600MB hwm=4600MB
RSS_SAMPLE t=614.3s rss=4600MB hwm=4600MB
RSS_SAMPLE t=614.5s rss=4600MB hwm=4600MB
RSS_SAMPLE t=614.8s rss=4600MB hwm=4600MB
RSS_SAMPLE t=615.0s rss=4600MB hwm=4600MB
RSS_SAMPLE t=615.3s rss=4600MB hwm=4600MB
RSS_SAMPLE t=615.5s rss=4600MB hwm=4600MB
RSS_SAMPLE t=615.8s rss=4600MB hwm=4600MB
RSS_SAMPLE t=616.0s rss=4600MB hwm=4600MB
RSS_SAMPLE t=616.3s rss=4600MB hwm=4600MB
RSS_SAMPLE t=616.5s rss=4600MB hwm=4600MB
RSS_SAMPLE t=616.8s rss=4600MB hwm=4600MB
RSS_SAMPLE t=617.0s rss=4600MB hwm=4600MB
RSS_SAMPLE t=617.3s rss=4600MB hwm=4600MB
RSS_SAMPLE t=617.5s rss=4600MB hwm=4600MB
RSS_SAMPLE t=617.8s rss=4600MB hwm=4600MB
RSS_SAMPLE t=618.0s rss=4600MB hwm=4600MB
RSS_SAMPLE t=618.3s rss=4600MB hwm=4600MB
RSS_SAMPLE t=618.5s rss=4600MB hwm=4600MB
RSS_SAMPLE t=618.8s rss=4600MB hwm=4600MB
RSS_SAMPLE t=619.0s rss=4600MB hwm=4600MB
RSS_SAMPLE t=619.3s rss=4600MB hwm=4600MB
RSS_SAMPLE t=619.5s rss=4600MB hwm=4600MB
RSS_SAMPLE t=619.8s rss=4600MB hwm=4600MB
RSS_SAMPLE t=620.0s rss=4600MB hwm=4600MB
RSS_SAMPLE t=620.3s rss=4600MB hwm=4600MB
RSS_SAMPLE t=620.5s rss=4600MB hwm=4600MB
RSS_SAMPLE t=620.8s rss=4600MB hwm=4600MB
RSS_SAMPLE t=621.0s rss=4600MB hwm=4600MB
RSS_SAMPLE t=621.3s rss=4600MB hwm=4600MB
RSS_SAMPLE t=621.5s rss=4600MB hwm=4600MB
RSS_SAMPLE t=621.8s rss=4600MB hwm=4600MB
RSS_SAMPLE t=622.0s rss=4600MB hwm=4600MB
RSS_SAMPLE t=622.3s rss=4600MB hwm=4600MB
RSS_SAMPLE t=622.5s rss=4600MB hwm=4600MB
RSS_SAMPLE t=622.8s rss=4600MB hwm=4600MB
RSS_SAMPLE t=623.0s rss=4600MB hwm=4600MB
RSS_SAMPLE t=623.3s rss=4600MB hwm=4600MB
RSS_SAMPLE t=623.5s rss=4600MB hwm=4600MB
RSS_SAMPLE t=623.8s rss=4600MB hwm=4600MB
RSS_SAMPLE t=624.0s rss=4600MB hwm=4600MB
RSS_SAMPLE t=624.3s rss=4600MB hwm=4600MB
RSS_SAMPLE t=624.5s rss=4600MB hwm=4600MB
RSS_SAMPLE t=624.8s rss=4600MB hwm=4600MB
RSS_SAMPLE t=625.0s rss=4600MB hwm=4600MB
RSS_SAMPLE t=625.3s rss=4600MB hwm=4600MB
RSS_SAMPLE t=625.5s rss=4600MB hwm=4600MB
RSS_SAMPLE t=625.8s rss=4600MB hwm=4600MB
RSS_SAMPLE t=626.0s rss=4600MB hwm=4600MB
RSS_SAMPLE t=626.3s rss=4600MB hwm=4600MB
RSS_SAMPLE t=626.5s rss=4600MB hwm=4600MB
RSS_SAMPLE t=626.8s rss=4600MB hwm=4600MB
MEM_POOL: workspaces=32 dense_usage_mb=1251 n_pipes=2562403
    post_solve_diag[outer=7]: solves=105117 cap_armed=105117 (100.0%) settle_avg=6925 above_sink_avg=142 (2.0%) settle_max=69353
    load_support[outer=7]: settle_avg=6925 load_nz_avg=5921 (85.5%) load_material_avg=3859 (55.7%)
    prune_ceiling[outer=7]: settle_avg=6925 heuristic_prunable_avg=537 (7.8%) vs oracle_zero_load=14.5%
    settle_hist[outer=7]: <100: 29354nets/0.1%work  <1k: 19262nets/1.1%work  <5k: 24363nets/8.7%work  <20k: 18716nets/27.4%work  <60k: 12927nets/58.4%work  >=60k: 495nets/4.4%work
    fanout_hist[outer=7]: fan1: 43710nets/13.6%work  fan2-4: 48279nets/50.2%work  fan5-16: 12974nets/35.3%work  fan17-64: 154nets/0.9%work  fan65-256: 0nets/0.0%work  fan>256: 0nets/0.0%work
    rss_probe[outer=7]: pre_post_solve=4518MB post_post_solve=4600MB after_apply=4600MB
RSS_SAMPLE t=627.0s rss=4600MB hwm=4600MB
    E_decomp: base=5348963.8 eff=185293924180065.8 cong=185293918831102.1 cong_share=100.0% sat_pipes=85394 max_util=500.82  R_buckets: 1-2x=85285 2-10x=1866168 10-100x=581334 >=100x=29616
    E_potential: beckmann=3310932548476.6 history_total=0.0
    SpanCache: epoch=8 entries=1853 lookups=2562403 hits=2560550 misses=1853 hit_rate=99.9%
  DCD   7: nets=105117 line=14048785 energy=7174138638.090 dE=-2232336660.389 friction=7115721.5 bins=2.0x(269) excess=87.3 moved=66558 disp=5.542 solves=105117 skip=105117 pops=727926820 theta=0.754 refresh=88700ms dcd=6572ms total=97896ms
    cache_stats: entries=59844156 capacity=110004584 est_mb=949 rss_mb=4600
RSS_SAMPLE t=627.3s rss=4600MB hwm=4600MB
RSS_SAMPLE t=627.5s rss=4600MB hwm=4600MB
RSS_SAMPLE t=627.8s rss=4600MB hwm=4600MB
RSS_SAMPLE t=628.0s rss=4600MB hwm=4600MB
RSS_SAMPLE t=628.3s rss=4600MB hwm=4600MB
RSS_SAMPLE t=628.5s rss=4600MB hwm=4600MB
RSS_SAMPLE t=628.8s rss=4600MB hwm=4600MB
RSS_SAMPLE t=629.0s rss=4600MB hwm=4600MB
RSS_SAMPLE t=629.3s rss=4600MB hwm=4600MB
RSS_SAMPLE t=629.5s rss=4600MB hwm=4600MB
RSS_SAMPLE t=629.8s rss=4600MB hwm=4600MB
    SwitchMatrix: type_usage_pairs=874 lookups=2105 hits=1231 dijkstra_calls=874 avg_us=10.3 total_ms=9.0
PHASE_MARK outer=8 enter=pre_solve rss=4600MB
    rss_probe[outer=8]: pre_refresh_rss=4600MB post_pre_solve_rss=4600MB cache_entries=59844156 cache_cap=110004584 cache_est_mb=949
    pre_solve_diag[outer=8]: solves=0 fallback=0 (0.0%) cap_armed=0 (0.0%) settle_avg=0 settle_max=0 init_count=230
    Overflow: over=82590 (3.2% of used) avg_excess=8.86 max_excess=3014.08 (nc=3038.08 cap=24 span=1)  excess_buckets: <=1=8307 1-5=43166 5-20=23061 >20=8056  by_cap: cap1=2054 cap2=71215 cap3-5=2465 cap>5=6856  by_span: s1=521 s2-3=5360 s4-6=1978 s7-12=70022 s>12=4709  le1_cross: cap1=1098 cap2-5=6812 cap>5=397
    Congestion: pipes=2562403 used=2562403 congested(>50%)=102875 saturated(>90%)=85394 max_util=500.82 avg_util=0.1669
PHASE_MARK outer=8 enter=dcd_sweep rss=4600MB
RSS_SAMPLE t=630.0s rss=4600MB hwm=4600MB
RSS_SAMPLE t=630.3s rss=4600MB hwm=4600MB
RSS_SAMPLE t=630.5s rss=4600MB hwm=4600MB
RSS_SAMPLE t=630.8s rss=4600MB hwm=4600MB
RSS_SAMPLE t=631.0s rss=4600MB hwm=4600MB
RSS_SAMPLE t=631.3s rss=4600MB hwm=4600MB
RSS_SAMPLE t=631.5s rss=4600MB hwm=4600MB
RSS_SAMPLE t=631.8s rss=4600MB hwm=4600MB
RSS_SAMPLE t=632.0s rss=4600MB hwm=4600MB
RSS_SAMPLE t=632.3s rss=4600MB hwm=4600MB
RSS_SAMPLE t=632.5s rss=4600MB hwm=4600MB
RSS_SAMPLE t=632.8s rss=4600MB hwm=4600MB
RSS_SAMPLE t=633.0s rss=4600MB hwm=4600MB
RSS_SAMPLE t=633.3s rss=4600MB hwm=4600MB
RSS_SAMPLE t=633.5s rss=4600MB hwm=4600MB
RSS_SAMPLE t=633.8s rss=4600MB hwm=4600MB
RSS_SAMPLE t=634.0s rss=4600MB hwm=4600MB
RSS_SAMPLE t=634.3s rss=4600MB hwm=4600MB
RSS_SAMPLE t=634.5s rss=4600MB hwm=4600MB
RSS_SAMPLE t=634.8s rss=4600MB hwm=4600MB
RSS_SAMPLE t=635.0s rss=4600MB hwm=4600MB
RSS_SAMPLE t=635.3s rss=4600MB hwm=4600MB
RSS_SAMPLE t=635.5s rss=4600MB hwm=4600MB
RSS_SAMPLE t=635.8s rss=4600MB hwm=4600MB
RSS_SAMPLE t=636.0s rss=4600MB hwm=4600MB
RSS_SAMPLE t=636.3s rss=4600MB hwm=4600MB
PHASE_MARK outer=8 leave=dcd_sweep rss=4600MB
PHASE_MARK outer=8 enter=post_refresh rss=4600MB
RSS_SAMPLE t=636.5s rss=4601MB hwm=4601MB
RSS_SAMPLE t=636.8s rss=4601MB hwm=4601MB
RSS_SAMPLE t=637.0s rss=4601MB hwm=4601MB
RSS_SAMPLE t=637.3s rss=4601MB hwm=4601MB
RSS_SAMPLE t=637.5s rss=4601MB hwm=4601MB
RSS_SAMPLE t=637.8s rss=4601MB hwm=4601MB
RSS_SAMPLE t=638.0s rss=4601MB hwm=4601MB
RSS_SAMPLE t=638.3s rss=4601MB hwm=4601MB
RSS_SAMPLE t=638.5s rss=4601MB hwm=4601MB
RSS_SAMPLE t=638.8s rss=4601MB hwm=4601MB
RSS_SAMPLE t=639.0s rss=4601MB hwm=4601MB
RSS_SAMPLE t=639.3s rss=4601MB hwm=4601MB
RSS_SAMPLE t=639.5s rss=4601MB hwm=4601MB
RSS_SAMPLE t=639.8s rss=4602MB hwm=4602MB
RSS_SAMPLE t=640.0s rss=4602MB hwm=4602MB
RSS_SAMPLE t=640.3s rss=4602MB hwm=4602MB
RSS_SAMPLE t=640.5s rss=4603MB hwm=4603MB
RSS_SAMPLE t=640.8s rss=4603MB hwm=4603MB
RSS_SAMPLE t=641.0s rss=4604MB hwm=4604MB
RSS_SAMPLE t=641.3s rss=4604MB hwm=4604MB
RSS_SAMPLE t=641.5s rss=4604MB hwm=4604MB
RSS_SAMPLE t=641.8s rss=4605MB hwm=4605MB
RSS_SAMPLE t=642.0s rss=4605MB hwm=4605MB
RSS_SAMPLE t=642.3s rss=4605MB hwm=4605MB
RSS_SAMPLE t=642.5s rss=4606MB hwm=4606MB
RSS_SAMPLE t=642.8s rss=4607MB hwm=4607MB
RSS_SAMPLE t=643.0s rss=4607MB hwm=4607MB
RSS_SAMPLE t=643.3s rss=4607MB hwm=4607MB
RSS_SAMPLE t=643.5s rss=4608MB hwm=4608MB
RSS_SAMPLE t=643.8s rss=4608MB hwm=4608MB
RSS_SAMPLE t=644.0s rss=4608MB hwm=4608MB
RSS_SAMPLE t=644.3s rss=4608MB hwm=4608MB
RSS_SAMPLE t=644.5s rss=4609MB hwm=4609MB
RSS_SAMPLE t=644.8s rss=4609MB hwm=4609MB
RSS_SAMPLE t=645.0s rss=4610MB hwm=4610MB
RSS_SAMPLE t=645.3s rss=4610MB hwm=4610MB
RSS_SAMPLE t=645.5s rss=4611MB hwm=4611MB
RSS_SAMPLE t=645.8s rss=4611MB hwm=4611MB
RSS_SAMPLE t=646.0s rss=4612MB hwm=4612MB
RSS_SAMPLE t=646.3s rss=4612MB hwm=4612MB
RSS_SAMPLE t=646.5s rss=4613MB hwm=4613MB
RSS_SAMPLE t=646.8s rss=4613MB hwm=4613MB
RSS_SAMPLE t=647.0s rss=4613MB hwm=4613MB
RSS_SAMPLE t=647.3s rss=4614MB hwm=4614MB
RSS_SAMPLE t=647.5s rss=4615MB hwm=4615MB
RSS_SAMPLE t=647.8s rss=4615MB hwm=4615MB
RSS_SAMPLE t=648.0s rss=4616MB hwm=4616MB
RSS_SAMPLE t=648.3s rss=4616MB hwm=4616MB
RSS_SAMPLE t=648.5s rss=4617MB hwm=4617MB
RSS_SAMPLE t=648.8s rss=4618MB hwm=4618MB
RSS_SAMPLE t=649.0s rss=4618MB hwm=4618MB
RSS_SAMPLE t=649.3s rss=4619MB hwm=4619MB
RSS_SAMPLE t=649.5s rss=4619MB hwm=4619MB
RSS_SAMPLE t=649.8s rss=4620MB hwm=4620MB
RSS_SAMPLE t=650.0s rss=4620MB hwm=4620MB
RSS_SAMPLE t=650.3s rss=4621MB hwm=4621MB
RSS_SAMPLE t=650.5s rss=4622MB hwm=4622MB
RSS_SAMPLE t=650.8s rss=4622MB hwm=4622MB
RSS_SAMPLE t=651.0s rss=4623MB hwm=4623MB
RSS_SAMPLE t=651.3s rss=4623MB hwm=4623MB
RSS_SAMPLE t=651.5s rss=4624MB hwm=4624MB
RSS_SAMPLE t=651.8s rss=4624MB hwm=4624MB
RSS_SAMPLE t=652.0s rss=4624MB hwm=4624MB
RSS_SAMPLE t=652.3s rss=4625MB hwm=4625MB
RSS_SAMPLE t=652.5s rss=4625MB hwm=4625MB
RSS_SAMPLE t=652.8s rss=4626MB hwm=4626MB
RSS_SAMPLE t=653.0s rss=4627MB hwm=4627MB
RSS_SAMPLE t=653.3s rss=4628MB hwm=4628MB
RSS_SAMPLE t=653.5s rss=4628MB hwm=4628MB
RSS_SAMPLE t=653.8s rss=4629MB hwm=4629MB
RSS_SAMPLE t=654.0s rss=4629MB hwm=4629MB
RSS_SAMPLE t=654.3s rss=4630MB hwm=4630MB
RSS_SAMPLE t=654.5s rss=4630MB hwm=4630MB
RSS_SAMPLE t=654.8s rss=4631MB hwm=4631MB
RSS_SAMPLE t=655.0s rss=4632MB hwm=4632MB
RSS_SAMPLE t=655.3s rss=4632MB hwm=4632MB
RSS_SAMPLE t=655.5s rss=4633MB hwm=4633MB
RSS_SAMPLE t=655.8s rss=4633MB hwm=4633MB
RSS_SAMPLE t=656.0s rss=4634MB hwm=4634MB
RSS_SAMPLE t=656.3s rss=4635MB hwm=4635MB
RSS_SAMPLE t=656.5s rss=4635MB hwm=4635MB
RSS_SAMPLE t=656.8s rss=4635MB hwm=4635MB
RSS_SAMPLE t=657.0s rss=4636MB hwm=4636MB
RSS_SAMPLE t=657.3s rss=4636MB hwm=4636MB
RSS_SAMPLE t=657.5s rss=4637MB hwm=4637MB
RSS_SAMPLE t=657.8s rss=4637MB hwm=4637MB
RSS_SAMPLE t=658.1s rss=4637MB hwm=4637MB
RSS_SAMPLE t=658.3s rss=4638MB hwm=4638MB
RSS_SAMPLE t=658.6s rss=4638MB hwm=4638MB
RSS_SAMPLE t=658.8s rss=4639MB hwm=4639MB
RSS_SAMPLE t=659.1s rss=4639MB hwm=4639MB
RSS_SAMPLE t=659.3s rss=4640MB hwm=4640MB
RSS_SAMPLE t=659.6s rss=4640MB hwm=4640MB
RSS_SAMPLE t=659.8s rss=4641MB hwm=4641MB
RSS_SAMPLE t=660.1s rss=4641MB hwm=4641MB
RSS_SAMPLE t=660.3s rss=4641MB hwm=4641MB
RSS_SAMPLE t=660.6s rss=4642MB hwm=4642MB
RSS_SAMPLE t=660.8s rss=4642MB hwm=4642MB
RSS_SAMPLE t=661.1s rss=4642MB hwm=4642MB
RSS_SAMPLE t=661.3s rss=4642MB hwm=4642MB
RSS_SAMPLE t=661.6s rss=4643MB hwm=4643MB
RSS_SAMPLE t=661.8s rss=4643MB hwm=4643MB
RSS_SAMPLE t=662.1s rss=4643MB hwm=4643MB
RSS_SAMPLE t=662.3s rss=4644MB hwm=4644MB
RSS_SAMPLE t=662.6s rss=4645MB hwm=4645MB
RSS_SAMPLE t=662.8s rss=4645MB hwm=4645MB
RSS_SAMPLE t=663.1s rss=4645MB hwm=4645MB
RSS_SAMPLE t=663.3s rss=4646MB hwm=4646MB
RSS_SAMPLE t=663.6s rss=4646MB hwm=4646MB
RSS_SAMPLE t=663.8s rss=4646MB hwm=4646MB
RSS_SAMPLE t=664.1s rss=4646MB hwm=4646MB
RSS_SAMPLE t=664.3s rss=4647MB hwm=4647MB
RSS_SAMPLE t=664.6s rss=4647MB hwm=4647MB
RSS_SAMPLE t=664.8s rss=4647MB hwm=4647MB
RSS_SAMPLE t=665.1s rss=4648MB hwm=4648MB
RSS_SAMPLE t=665.3s rss=4648MB hwm=4648MB
RSS_SAMPLE t=665.6s rss=4648MB hwm=4648MB
RSS_SAMPLE t=665.8s rss=4648MB hwm=4648MB
RSS_SAMPLE t=666.1s rss=4648MB hwm=4648MB
RSS_SAMPLE t=666.3s rss=4649MB hwm=4649MB
RSS_SAMPLE t=666.6s rss=4650MB hwm=4650MB
RSS_SAMPLE t=666.8s rss=4650MB hwm=4650MB
RSS_SAMPLE t=667.1s rss=4650MB hwm=4650MB
RSS_SAMPLE t=667.3s rss=4650MB hwm=4650MB
RSS_SAMPLE t=667.6s rss=4650MB hwm=4650MB
RSS_SAMPLE t=667.8s rss=4651MB hwm=4651MB
RSS_SAMPLE t=668.1s rss=4651MB hwm=4651MB
RSS_SAMPLE t=668.3s rss=4651MB hwm=4651MB
RSS_SAMPLE t=668.6s rss=4651MB hwm=4651MB
RSS_SAMPLE t=668.8s rss=4652MB hwm=4652MB
RSS_SAMPLE t=669.1s rss=4652MB hwm=4652MB
RSS_SAMPLE t=669.3s rss=4652MB hwm=4652MB
RSS_SAMPLE t=669.6s rss=4652MB hwm=4652MB
RSS_SAMPLE t=669.8s rss=4652MB hwm=4652MB
RSS_SAMPLE t=670.1s rss=4652MB hwm=4652MB
RSS_SAMPLE t=670.3s rss=4653MB hwm=4653MB
RSS_SAMPLE t=670.6s rss=4653MB hwm=4653MB
RSS_SAMPLE t=670.8s rss=4653MB hwm=4653MB
RSS_SAMPLE t=671.1s rss=4653MB hwm=4653MB
RSS_SAMPLE t=671.3s rss=4653MB hwm=4653MB
RSS_SAMPLE t=671.6s rss=4653MB hwm=4653MB
RSS_SAMPLE t=671.8s rss=4654MB hwm=4654MB
RSS_SAMPLE t=672.1s rss=4654MB hwm=4654MB
RSS_SAMPLE t=672.3s rss=4654MB hwm=4654MB
RSS_SAMPLE t=672.6s rss=4654MB hwm=4654MB
RSS_SAMPLE t=672.8s rss=4654MB hwm=4654MB
RSS_SAMPLE t=673.1s rss=4654MB hwm=4654MB
RSS_SAMPLE t=673.3s rss=4654MB hwm=4654MB
RSS_SAMPLE t=673.6s rss=4655MB hwm=4655MB
RSS_SAMPLE t=673.8s rss=4655MB hwm=4655MB
RSS_SAMPLE t=674.1s rss=4655MB hwm=4655MB
RSS_SAMPLE t=674.3s rss=4655MB hwm=4655MB
RSS_SAMPLE t=674.6s rss=4655MB hwm=4655MB
RSS_SAMPLE t=674.8s rss=4656MB hwm=4656MB
RSS_SAMPLE t=675.1s rss=4656MB hwm=4656MB
RSS_SAMPLE t=675.3s rss=4656MB hwm=4656MB
RSS_SAMPLE t=675.6s rss=4656MB hwm=4656MB
RSS_SAMPLE t=675.8s rss=4656MB hwm=4656MB
RSS_SAMPLE t=676.1s rss=4656MB hwm=4656MB
RSS_SAMPLE t=676.3s rss=4656MB hwm=4656MB
RSS_SAMPLE t=676.6s rss=4656MB hwm=4656MB
RSS_SAMPLE t=676.8s rss=4657MB hwm=4657MB
RSS_SAMPLE t=677.1s rss=4657MB hwm=4657MB
RSS_SAMPLE t=677.3s rss=4657MB hwm=4657MB
RSS_SAMPLE t=677.6s rss=4657MB hwm=4657MB
RSS_SAMPLE t=677.8s rss=4658MB hwm=4658MB
RSS_SAMPLE t=678.1s rss=4658MB hwm=4658MB
RSS_SAMPLE t=678.3s rss=4658MB hwm=4658MB
RSS_SAMPLE t=678.6s rss=4658MB hwm=4658MB
RSS_SAMPLE t=678.8s rss=4658MB hwm=4658MB
RSS_SAMPLE t=679.1s rss=4658MB hwm=4658MB
RSS_SAMPLE t=679.3s rss=4659MB hwm=4659MB
RSS_SAMPLE t=679.6s rss=4659MB hwm=4659MB
RSS_SAMPLE t=679.8s rss=4659MB hwm=4659MB
RSS_SAMPLE t=680.1s rss=4659MB hwm=4659MB
RSS_SAMPLE t=680.3s rss=4659MB hwm=4659MB
RSS_SAMPLE t=680.6s rss=4660MB hwm=4660MB
RSS_SAMPLE t=680.8s rss=4660MB hwm=4660MB
RSS_SAMPLE t=681.1s rss=4660MB hwm=4660MB
RSS_SAMPLE t=681.3s rss=4660MB hwm=4660MB
RSS_SAMPLE t=681.6s rss=4660MB hwm=4660MB
RSS_SAMPLE t=681.8s rss=4660MB hwm=4660MB
RSS_SAMPLE t=682.1s rss=4661MB hwm=4661MB
RSS_SAMPLE t=682.3s rss=4661MB hwm=4661MB
RSS_SAMPLE t=682.6s rss=4661MB hwm=4661MB
RSS_SAMPLE t=682.8s rss=4661MB hwm=4661MB
RSS_SAMPLE t=683.1s rss=4662MB hwm=4662MB
RSS_SAMPLE t=683.3s rss=4662MB hwm=4662MB
RSS_SAMPLE t=683.6s rss=4662MB hwm=4662MB
RSS_SAMPLE t=683.8s rss=4662MB hwm=4662MB
RSS_SAMPLE t=684.1s rss=4662MB hwm=4662MB
RSS_SAMPLE t=684.3s rss=4663MB hwm=4663MB
RSS_SAMPLE t=684.6s rss=4663MB hwm=4663MB
RSS_SAMPLE t=684.8s rss=4663MB hwm=4663MB
RSS_SAMPLE t=685.1s rss=4664MB hwm=4664MB
RSS_SAMPLE t=685.3s rss=4664MB hwm=4664MB
RSS_SAMPLE t=685.6s rss=4664MB hwm=4664MB
RSS_SAMPLE t=685.8s rss=4664MB hwm=4664MB
RSS_SAMPLE t=686.1s rss=4664MB hwm=4664MB
RSS_SAMPLE t=686.3s rss=4664MB hwm=4664MB
RSS_SAMPLE t=686.6s rss=4664MB hwm=4664MB
RSS_SAMPLE t=686.8s rss=4664MB hwm=4664MB
RSS_SAMPLE t=687.1s rss=4664MB hwm=4664MB
RSS_SAMPLE t=687.3s rss=4664MB hwm=4664MB
RSS_SAMPLE t=687.6s rss=4664MB hwm=4664MB
RSS_SAMPLE t=687.8s rss=4664MB hwm=4664MB
RSS_SAMPLE t=688.1s rss=4664MB hwm=4664MB
RSS_SAMPLE t=688.3s rss=4664MB hwm=4664MB
RSS_SAMPLE t=688.6s rss=4664MB hwm=4664MB
RSS_SAMPLE t=688.8s rss=4664MB hwm=4664MB
RSS_SAMPLE t=689.1s rss=4664MB hwm=4664MB
RSS_SAMPLE t=689.3s rss=4664MB hwm=4664MB
RSS_SAMPLE t=689.6s rss=4664MB hwm=4664MB
RSS_SAMPLE t=689.8s rss=4664MB hwm=4664MB
RSS_SAMPLE t=690.1s rss=4664MB hwm=4664MB
RSS_SAMPLE t=690.3s rss=4664MB hwm=4664MB
RSS_SAMPLE t=690.6s rss=4664MB hwm=4664MB
RSS_SAMPLE t=690.8s rss=4664MB hwm=4664MB
RSS_SAMPLE t=691.1s rss=4664MB hwm=4664MB
RSS_SAMPLE t=691.3s rss=4664MB hwm=4664MB
RSS_SAMPLE t=691.6s rss=4664MB hwm=4664MB
RSS_SAMPLE t=691.8s rss=4664MB hwm=4664MB
RSS_SAMPLE t=692.1s rss=4664MB hwm=4664MB
RSS_SAMPLE t=692.3s rss=4664MB hwm=4664MB
RSS_SAMPLE t=692.6s rss=4664MB hwm=4664MB
RSS_SAMPLE t=692.8s rss=4664MB hwm=4664MB
RSS_SAMPLE t=693.1s rss=4664MB hwm=4664MB
RSS_SAMPLE t=693.3s rss=4664MB hwm=4664MB
RSS_SAMPLE t=693.6s rss=4664MB hwm=4664MB
RSS_SAMPLE t=693.8s rss=4664MB hwm=4664MB
RSS_SAMPLE t=694.1s rss=4664MB hwm=4664MB
RSS_SAMPLE t=694.3s rss=4664MB hwm=4664MB
RSS_SAMPLE t=694.6s rss=4664MB hwm=4664MB
RSS_SAMPLE t=694.8s rss=4664MB hwm=4664MB
RSS_SAMPLE t=695.1s rss=4664MB hwm=4664MB
RSS_SAMPLE t=695.3s rss=4664MB hwm=4664MB
RSS_SAMPLE t=695.6s rss=4664MB hwm=4664MB
RSS_SAMPLE t=695.8s rss=4664MB hwm=4664MB
RSS_SAMPLE t=696.1s rss=4664MB hwm=4664MB
RSS_SAMPLE t=696.3s rss=4664MB hwm=4664MB
RSS_SAMPLE t=696.6s rss=4664MB hwm=4664MB
RSS_SAMPLE t=696.8s rss=4664MB hwm=4664MB
RSS_SAMPLE t=697.1s rss=4664MB hwm=4664MB
RSS_SAMPLE t=697.3s rss=4664MB hwm=4664MB
RSS_SAMPLE t=697.6s rss=4664MB hwm=4664MB
RSS_SAMPLE t=697.8s rss=4664MB hwm=4664MB
RSS_SAMPLE t=698.1s rss=4664MB hwm=4664MB
RSS_SAMPLE t=698.3s rss=4664MB hwm=4664MB
RSS_SAMPLE t=698.6s rss=4664MB hwm=4664MB
RSS_SAMPLE t=698.8s rss=4664MB hwm=4664MB
RSS_SAMPLE t=699.1s rss=4664MB hwm=4664MB
RSS_SAMPLE t=699.3s rss=4664MB hwm=4664MB
RSS_SAMPLE t=699.6s rss=4664MB hwm=4664MB
RSS_SAMPLE t=699.8s rss=4664MB hwm=4664MB
RSS_SAMPLE t=700.1s rss=4664MB hwm=4664MB
RSS_SAMPLE t=700.3s rss=4664MB hwm=4664MB
RSS_SAMPLE t=700.6s rss=4664MB hwm=4664MB
RSS_SAMPLE t=700.8s rss=4664MB hwm=4664MB
RSS_SAMPLE t=701.1s rss=4664MB hwm=4664MB
RSS_SAMPLE t=701.3s rss=4664MB hwm=4664MB
RSS_SAMPLE t=701.6s rss=4664MB hwm=4664MB
RSS_SAMPLE t=701.8s rss=4664MB hwm=4664MB
RSS_SAMPLE t=702.1s rss=4664MB hwm=4664MB
RSS_SAMPLE t=702.3s rss=4664MB hwm=4664MB
RSS_SAMPLE t=702.6s rss=4664MB hwm=4664MB
RSS_SAMPLE t=702.8s rss=4664MB hwm=4664MB
RSS_SAMPLE t=703.1s rss=4664MB hwm=4664MB
RSS_SAMPLE t=703.3s rss=4664MB hwm=4664MB
RSS_SAMPLE t=703.6s rss=4664MB hwm=4664MB
RSS_SAMPLE t=703.8s rss=4664MB hwm=4664MB
RSS_SAMPLE t=704.1s rss=4664MB hwm=4664MB
RSS_SAMPLE t=704.3s rss=4664MB hwm=4664MB
RSS_SAMPLE t=704.6s rss=4664MB hwm=4664MB
RSS_SAMPLE t=704.8s rss=4664MB hwm=4664MB
RSS_SAMPLE t=705.1s rss=4664MB hwm=4664MB
RSS_SAMPLE t=705.3s rss=4664MB hwm=4664MB
RSS_SAMPLE t=705.6s rss=4664MB hwm=4664MB
RSS_SAMPLE t=705.8s rss=4664MB hwm=4664MB
RSS_SAMPLE t=706.1s rss=4664MB hwm=4664MB
RSS_SAMPLE t=706.3s rss=4664MB hwm=4664MB
RSS_SAMPLE t=706.6s rss=4664MB hwm=4664MB
RSS_SAMPLE t=706.8s rss=4664MB hwm=4664MB
RSS_SAMPLE t=707.1s rss=4664MB hwm=4664MB
RSS_SAMPLE t=707.3s rss=4664MB hwm=4664MB
RSS_SAMPLE t=707.6s rss=4665MB hwm=4665MB
RSS_SAMPLE t=707.8s rss=4665MB hwm=4665MB
RSS_SAMPLE t=708.1s rss=4665MB hwm=4665MB
RSS_SAMPLE t=708.3s rss=4665MB hwm=4665MB
RSS_SAMPLE t=708.6s rss=4665MB hwm=4665MB
RSS_SAMPLE t=708.8s rss=4665MB hwm=4665MB
RSS_SAMPLE t=709.1s rss=4665MB hwm=4665MB
RSS_SAMPLE t=709.3s rss=4665MB hwm=4665MB
RSS_SAMPLE t=709.6s rss=4665MB hwm=4665MB
RSS_SAMPLE t=709.8s rss=4665MB hwm=4665MB
RSS_SAMPLE t=710.1s rss=4665MB hwm=4665MB
RSS_SAMPLE t=710.3s rss=4665MB hwm=4665MB
RSS_SAMPLE t=710.6s rss=4665MB hwm=4665MB
RSS_SAMPLE t=710.8s rss=4665MB hwm=4665MB
RSS_SAMPLE t=711.1s rss=4665MB hwm=4665MB
RSS_SAMPLE t=711.3s rss=4665MB hwm=4665MB
RSS_SAMPLE t=711.6s rss=4665MB hwm=4665MB
RSS_SAMPLE t=711.8s rss=4665MB hwm=4665MB
RSS_SAMPLE t=712.1s rss=4665MB hwm=4665MB
RSS_SAMPLE t=712.3s rss=4665MB hwm=4665MB
RSS_SAMPLE t=712.6s rss=4665MB hwm=4665MB
RSS_SAMPLE t=712.8s rss=4665MB hwm=4665MB
RSS_SAMPLE t=713.1s rss=4665MB hwm=4665MB
RSS_SAMPLE t=713.3s rss=4665MB hwm=4665MB
RSS_SAMPLE t=713.6s rss=4665MB hwm=4665MB
RSS_SAMPLE t=713.8s rss=4665MB hwm=4665MB
RSS_SAMPLE t=714.1s rss=4665MB hwm=4665MB
RSS_SAMPLE t=714.3s rss=4665MB hwm=4665MB
RSS_SAMPLE t=714.6s rss=4665MB hwm=4665MB
RSS_SAMPLE t=714.8s rss=4665MB hwm=4665MB
RSS_SAMPLE t=715.1s rss=4665MB hwm=4665MB
MEM_POOL: workspaces=32 dense_usage_mb=1251 n_pipes=2562403
    post_solve_diag[outer=8]: solves=105117 cap_armed=105117 (100.0%) settle_avg=6660 above_sink_avg=207 (3.1%) settle_max=69353
    load_support[outer=8]: settle_avg=6660 load_nz_avg=5715 (85.8%) load_material_avg=3363 (50.5%)
    prune_ceiling[outer=8]: settle_avg=6660 heuristic_prunable_avg=771 (11.6%) vs oracle_zero_load=14.2%
    settle_hist[outer=8]: <100: 26009nets/0.1%work  <1k: 22905nets/1.2%work  <5k: 24353nets/9.1%work  <20k: 19281nets/29.3%work  <60k: 12152nets/56.4%work  >=60k: 417nets/3.8%work
    fanout_hist[outer=8]: fan1: 43710nets/13.6%work  fan2-4: 48279nets/50.2%work  fan5-16: 12974nets/35.2%work  fan17-64: 154nets/0.9%work  fan65-256: 0nets/0.0%work  fan>256: 0nets/0.0%work
    rss_probe[outer=8]: pre_post_solve=4601MB post_post_solve=4665MB after_apply=4665MB
RSS_SAMPLE t=715.3s rss=4665MB hwm=4665MB
    E_decomp: base=11420093.8 eff=10504514332977.6 cong=10504502912883.8 cong_share=100.0% sat_pipes=327825 max_util=936.49  R_buckets: 1-2x=1150711 2-10x=1311157 10-100x=34453 >=100x=66082
    E_potential: beckmann=38361353974225.9 history_total=0.0
    SpanCache: epoch=9 entries=2105 lookups=2562403 hits=2560298 misses=2105 hit_rate=99.9%
  DCD   8: nets=105117 line=13555274 energy=20555873652.252 dE=+13381735014.162 friction=4226380.3 bins=2.0x(282) excess=101.9 moved=67315 disp=5.832 solves=105117 skip=105117 pops=700110653 theta=0.883 refresh=78938ms dcd=6580ms total=88282ms
    cache_stats: entries=62788530 capacity=117602996 est_mb=1014 rss_mb=4665
RSS_SAMPLE t=715.6s rss=4665MB hwm=4665MB
RSS_SAMPLE t=715.8s rss=4665MB hwm=4665MB
RSS_SAMPLE t=716.1s rss=4665MB hwm=4665MB
RSS_SAMPLE t=716.3s rss=4665MB hwm=4665MB
RSS_SAMPLE t=716.6s rss=4665MB hwm=4665MB
RSS_SAMPLE t=716.8s rss=4665MB hwm=4665MB
RSS_SAMPLE t=717.1s rss=4665MB hwm=4665MB
RSS_SAMPLE t=717.3s rss=4665MB hwm=4665MB
RSS_SAMPLE t=717.6s rss=4665MB hwm=4665MB
RSS_SAMPLE t=717.8s rss=4665MB hwm=4665MB
    SwitchMatrix: type_usage_pairs=778 lookups=2273 hits=1495 dijkstra_calls=778 avg_us=12.0 total_ms=9.3
PHASE_MARK outer=9 enter=pre_solve rss=4665MB
    rss_probe[outer=9]: pre_refresh_rss=4665MB post_pre_solve_rss=4665MB cache_entries=62788530 cache_cap=117602996 cache_est_mb=1014
    pre_solve_diag[outer=9]: solves=0 fallback=0 (0.0%) cap_armed=0 (0.0%) settle_avg=0 settle_max=0 init_count=239
    Overflow: over=277875 (10.8% of used) avg_excess=2.01 max_excess=3363.35 (nc=3387.35 cap=24 span=1)  excess_buckets: <=1=165023 1-5=91154 5-20=18907 >20=2791  by_cap: cap1=122532 cap2=146389 cap3-5=351 cap>5=8603  by_span: s1=459 s2-3=1251 s4-6=7157 s7-12=140507 s>12=128501  le1_cross: cap1=95784 cap2-5=67627 cap>5=1612
    Congestion: pipes=2562403 used=2562403 congested(>50%)=700331 saturated(>90%)=327825 max_util=936.49 avg_util=0.4573
PHASE_MARK outer=9 enter=dcd_sweep rss=4665MB
RSS_SAMPLE t=718.1s rss=4665MB hwm=4665MB
RSS_SAMPLE t=718.4s rss=4665MB hwm=4665MB
RSS_SAMPLE t=718.6s rss=4665MB hwm=4665MB
RSS_SAMPLE t=718.9s rss=4665MB hwm=4665MB
RSS_SAMPLE t=719.1s rss=4665MB hwm=4665MB
RSS_SAMPLE t=719.4s rss=4665MB hwm=4665MB
RSS_SAMPLE t=719.6s rss=4665MB hwm=4665MB
RSS_SAMPLE t=719.9s rss=4665MB hwm=4665MB
RSS_SAMPLE t=720.1s rss=4665MB hwm=4665MB
RSS_SAMPLE t=720.4s rss=4665MB hwm=4665MB
RSS_SAMPLE t=720.6s rss=4665MB hwm=4665MB
RSS_SAMPLE t=720.9s rss=4665MB hwm=4665MB
RSS_SAMPLE t=721.1s rss=4665MB hwm=4665MB
RSS_SAMPLE t=721.4s rss=4665MB hwm=4665MB
RSS_SAMPLE t=721.6s rss=4665MB hwm=4665MB
RSS_SAMPLE t=721.9s rss=4665MB hwm=4665MB
RSS_SAMPLE t=722.1s rss=4665MB hwm=4665MB
RSS_SAMPLE t=722.4s rss=4665MB hwm=4665MB
RSS_SAMPLE t=722.6s rss=4665MB hwm=4665MB
RSS_SAMPLE t=722.9s rss=4665MB hwm=4665MB
RSS_SAMPLE t=723.1s rss=4665MB hwm=4665MB
RSS_SAMPLE t=723.4s rss=4665MB hwm=4665MB
RSS_SAMPLE t=723.6s rss=4665MB hwm=4665MB
RSS_SAMPLE t=723.9s rss=4665MB hwm=4665MB
RSS_SAMPLE t=724.1s rss=4665MB hwm=4665MB
RSS_SAMPLE t=724.4s rss=4665MB hwm=4665MB
PHASE_MARK outer=9 leave=dcd_sweep rss=4665MB
PHASE_MARK outer=9 enter=post_refresh rss=4665MB
RSS_SAMPLE t=724.6s rss=4665MB hwm=4665MB
RSS_SAMPLE t=724.9s rss=4665MB hwm=4665MB
RSS_SAMPLE t=725.1s rss=4665MB hwm=4665MB
RSS_SAMPLE t=725.4s rss=4665MB hwm=4665MB
RSS_SAMPLE t=725.6s rss=4665MB hwm=4665MB
RSS_SAMPLE t=725.9s rss=4665MB hwm=4665MB
RSS_SAMPLE t=726.1s rss=4665MB hwm=4665MB
RSS_SAMPLE t=726.4s rss=4665MB hwm=4665MB
RSS_SAMPLE t=726.6s rss=4665MB hwm=4665MB
RSS_SAMPLE t=726.9s rss=4665MB hwm=4665MB
RSS_SAMPLE t=727.1s rss=4665MB hwm=4665MB
RSS_SAMPLE t=727.4s rss=4665MB hwm=4665MB
RSS_SAMPLE t=727.6s rss=4665MB hwm=4665MB
RSS_SAMPLE t=727.9s rss=4665MB hwm=4665MB
RSS_SAMPLE t=728.1s rss=4666MB hwm=4666MB
RSS_SAMPLE t=728.4s rss=4666MB hwm=4666MB
RSS_SAMPLE t=728.6s rss=4666MB hwm=4666MB
RSS_SAMPLE t=728.9s rss=4666MB hwm=4666MB
RSS_SAMPLE t=729.1s rss=4667MB hwm=4667MB
RSS_SAMPLE t=729.4s rss=4667MB hwm=4667MB
RSS_SAMPLE t=729.6s rss=4667MB hwm=4667MB
RSS_SAMPLE t=729.9s rss=4667MB hwm=4667MB
RSS_SAMPLE t=730.1s rss=4668MB hwm=4668MB
RSS_SAMPLE t=730.4s rss=4668MB hwm=4668MB
RSS_SAMPLE t=730.6s rss=4668MB hwm=4668MB
RSS_SAMPLE t=730.9s rss=4668MB hwm=4668MB
RSS_SAMPLE t=731.1s rss=4668MB hwm=4668MB
RSS_SAMPLE t=731.4s rss=4668MB hwm=4668MB
RSS_SAMPLE t=731.6s rss=4669MB hwm=4669MB
RSS_SAMPLE t=731.9s rss=4669MB hwm=4669MB
RSS_SAMPLE t=732.1s rss=4669MB hwm=4669MB
RSS_SAMPLE t=732.4s rss=4669MB hwm=4669MB
RSS_SAMPLE t=732.6s rss=4670MB hwm=4670MB
RSS_SAMPLE t=732.9s rss=4670MB hwm=4670MB
RSS_SAMPLE t=733.1s rss=4670MB hwm=4670MB
RSS_SAMPLE t=733.4s rss=4671MB hwm=4671MB
RSS_SAMPLE t=733.6s rss=4671MB hwm=4671MB
RSS_SAMPLE t=733.9s rss=4672MB hwm=4672MB
RSS_SAMPLE t=734.1s rss=4672MB hwm=4672MB
RSS_SAMPLE t=734.4s rss=4673MB hwm=4673MB
RSS_SAMPLE t=734.6s rss=4673MB hwm=4673MB
RSS_SAMPLE t=734.9s rss=4674MB hwm=4674MB
RSS_SAMPLE t=735.1s rss=4674MB hwm=4674MB
RSS_SAMPLE t=735.4s rss=4675MB hwm=4675MB
RSS_SAMPLE t=735.6s rss=4675MB hwm=4675MB
RSS_SAMPLE t=735.9s rss=4676MB hwm=4676MB
RSS_SAMPLE t=736.1s rss=4676MB hwm=4676MB
RSS_SAMPLE t=736.4s rss=4677MB hwm=4677MB
RSS_SAMPLE t=736.6s rss=4677MB hwm=4677MB
RSS_SAMPLE t=736.9s rss=4678MB hwm=4678MB
RSS_SAMPLE t=737.1s rss=4679MB hwm=4679MB
RSS_SAMPLE t=737.4s rss=4679MB hwm=4679MB
RSS_SAMPLE t=737.6s rss=4680MB hwm=4680MB
RSS_SAMPLE t=737.9s rss=4681MB hwm=4681MB
RSS_SAMPLE t=738.1s rss=4682MB hwm=4682MB
RSS_SAMPLE t=738.4s rss=4682MB hwm=4682MB
RSS_SAMPLE t=738.6s rss=4683MB hwm=4683MB
RSS_SAMPLE t=738.9s rss=4684MB hwm=4684MB
RSS_SAMPLE t=739.1s rss=4684MB hwm=4684MB
RSS_SAMPLE t=739.4s rss=4686MB hwm=4686MB
RSS_SAMPLE t=739.6s rss=4686MB hwm=4686MB
RSS_SAMPLE t=739.9s rss=4688MB hwm=4688MB
RSS_SAMPLE t=740.1s rss=4688MB hwm=4688MB
RSS_SAMPLE t=740.4s rss=4689MB hwm=4689MB
RSS_SAMPLE t=740.6s rss=4689MB hwm=4689MB
RSS_SAMPLE t=740.9s rss=4690MB hwm=4690MB
RSS_SAMPLE t=741.1s rss=4690MB hwm=4690MB
RSS_SAMPLE t=741.4s rss=4691MB hwm=4691MB
RSS_SAMPLE t=741.6s rss=4691MB hwm=4691MB
RSS_SAMPLE t=741.9s rss=4692MB hwm=4692MB
RSS_SAMPLE t=742.1s rss=4693MB hwm=4693MB
RSS_SAMPLE t=742.4s rss=4694MB hwm=4694MB
RSS_SAMPLE t=742.6s rss=4694MB hwm=4694MB
RSS_SAMPLE t=742.9s rss=4694MB hwm=4694MB
RSS_SAMPLE t=743.1s rss=4695MB hwm=4695MB
RSS_SAMPLE t=743.4s rss=4696MB hwm=4696MB
RSS_SAMPLE t=743.6s rss=4696MB hwm=4696MB
RSS_SAMPLE t=743.9s rss=4696MB hwm=4696MB
RSS_SAMPLE t=744.1s rss=4697MB hwm=4697MB
RSS_SAMPLE t=744.4s rss=4697MB hwm=4697MB
RSS_SAMPLE t=744.6s rss=4698MB hwm=4698MB
RSS_SAMPLE t=744.9s rss=4699MB hwm=4699MB
RSS_SAMPLE t=745.1s rss=4699MB hwm=4699MB
RSS_SAMPLE t=745.4s rss=4699MB hwm=4699MB
RSS_SAMPLE t=745.6s rss=4700MB hwm=4700MB
RSS_SAMPLE t=745.9s rss=4700MB hwm=4700MB
RSS_SAMPLE t=746.1s rss=4701MB hwm=4701MB
RSS_SAMPLE t=746.4s rss=4701MB hwm=4701MB
RSS_SAMPLE t=746.6s rss=4702MB hwm=4702MB
RSS_SAMPLE t=746.9s rss=4702MB hwm=4702MB
RSS_SAMPLE t=747.1s rss=4702MB hwm=4702MB
RSS_SAMPLE t=747.4s rss=4703MB hwm=4703MB
RSS_SAMPLE t=747.6s rss=4703MB hwm=4703MB
RSS_SAMPLE t=747.9s rss=4703MB hwm=4703MB
RSS_SAMPLE t=748.1s rss=4704MB hwm=4704MB
RSS_SAMPLE t=748.4s rss=4704MB hwm=4704MB
RSS_SAMPLE t=748.6s rss=4704MB hwm=4704MB
RSS_SAMPLE t=748.9s rss=4705MB hwm=4705MB
RSS_SAMPLE t=749.1s rss=4705MB hwm=4705MB
RSS_SAMPLE t=749.4s rss=4705MB hwm=4705MB
RSS_SAMPLE t=749.6s rss=4705MB hwm=4705MB
RSS_SAMPLE t=749.9s rss=4705MB hwm=4705MB
RSS_SAMPLE t=750.1s rss=4706MB hwm=4706MB
RSS_SAMPLE t=750.4s rss=4706MB hwm=4706MB
RSS_SAMPLE t=750.6s rss=4706MB hwm=4706MB
RSS_SAMPLE t=750.9s rss=4706MB hwm=4706MB
RSS_SAMPLE t=751.1s rss=4706MB hwm=4706MB
RSS_SAMPLE t=751.4s rss=4707MB hwm=4707MB
RSS_SAMPLE t=751.6s rss=4707MB hwm=4707MB
RSS_SAMPLE t=751.9s rss=4707MB hwm=4707MB
RSS_SAMPLE t=752.1s rss=4707MB hwm=4707MB
RSS_SAMPLE t=752.4s rss=4707MB hwm=4707MB
RSS_SAMPLE t=752.6s rss=4708MB hwm=4708MB
RSS_SAMPLE t=752.9s rss=4708MB hwm=4708MB
RSS_SAMPLE t=753.1s rss=4708MB hwm=4708MB
RSS_SAMPLE t=753.4s rss=4708MB hwm=4708MB
RSS_SAMPLE t=753.6s rss=4708MB hwm=4708MB
RSS_SAMPLE t=753.9s rss=4709MB hwm=4709MB
RSS_SAMPLE t=754.1s rss=4709MB hwm=4709MB
RSS_SAMPLE t=754.4s rss=4709MB hwm=4709MB
RSS_SAMPLE t=754.6s rss=4709MB hwm=4709MB
RSS_SAMPLE t=754.9s rss=4709MB hwm=4709MB
RSS_SAMPLE t=755.1s rss=4709MB hwm=4709MB
RSS_SAMPLE t=755.4s rss=4709MB hwm=4709MB
RSS_SAMPLE t=755.6s rss=4709MB hwm=4709MB
RSS_SAMPLE t=755.9s rss=4710MB hwm=4710MB
RSS_SAMPLE t=756.1s rss=4710MB hwm=4710MB
RSS_SAMPLE t=756.4s rss=4710MB hwm=4710MB
RSS_SAMPLE t=756.6s rss=4710MB hwm=4710MB
RSS_SAMPLE t=756.9s rss=4710MB hwm=4710MB
RSS_SAMPLE t=757.1s rss=4710MB hwm=4710MB
RSS_SAMPLE t=757.4s rss=4710MB hwm=4710MB
RSS_SAMPLE t=757.7s rss=4711MB hwm=4711MB
RSS_SAMPLE t=757.9s rss=4711MB hwm=4711MB
RSS_SAMPLE t=758.2s rss=4711MB hwm=4711MB
RSS_SAMPLE t=758.4s rss=4711MB hwm=4711MB
RSS_SAMPLE t=758.7s rss=4711MB hwm=4711MB
RSS_SAMPLE t=758.9s rss=4711MB hwm=4711MB
RSS_SAMPLE t=759.2s rss=4712MB hwm=4712MB
RSS_SAMPLE t=759.4s rss=4712MB hwm=4712MB
RSS_SAMPLE t=759.7s rss=4712MB hwm=4712MB
RSS_SAMPLE t=759.9s rss=4712MB hwm=4712MB
RSS_SAMPLE t=760.2s rss=4712MB hwm=4712MB
RSS_SAMPLE t=760.4s rss=4712MB hwm=4712MB
RSS_SAMPLE t=760.7s rss=4712MB hwm=4712MB
RSS_SAMPLE t=760.9s rss=4712MB hwm=4712MB
RSS_SAMPLE t=761.2s rss=4712MB hwm=4712MB
RSS_SAMPLE t=761.4s rss=4712MB hwm=4712MB
RSS_SAMPLE t=761.7s rss=4712MB hwm=4712MB
RSS_SAMPLE t=761.9s rss=4712MB hwm=4712MB
RSS_SAMPLE t=762.2s rss=4712MB hwm=4712MB
RSS_SAMPLE t=762.4s rss=4712MB hwm=4712MB
RSS_SAMPLE t=762.7s rss=4712MB hwm=4712MB
RSS_SAMPLE t=762.9s rss=4712MB hwm=4712MB
RSS_SAMPLE t=763.2s rss=4712MB hwm=4712MB
RSS_SAMPLE t=763.4s rss=4712MB hwm=4712MB
RSS_SAMPLE t=763.7s rss=4712MB hwm=4712MB
RSS_SAMPLE t=763.9s rss=4712MB hwm=4712MB
RSS_SAMPLE t=764.2s rss=4712MB hwm=4712MB
RSS_SAMPLE t=764.4s rss=4712MB hwm=4712MB
RSS_SAMPLE t=764.7s rss=4712MB hwm=4712MB
RSS_SAMPLE t=764.9s rss=4712MB hwm=4712MB
RSS_SAMPLE t=765.2s rss=4712MB hwm=4712MB
RSS_SAMPLE t=765.4s rss=4712MB hwm=4712MB
RSS_SAMPLE t=765.7s rss=4712MB hwm=4712MB
RSS_SAMPLE t=765.9s rss=4712MB hwm=4712MB
RSS_SAMPLE t=766.2s rss=4712MB hwm=4712MB
RSS_SAMPLE t=766.4s rss=4712MB hwm=4712MB
RSS_SAMPLE t=766.7s rss=4712MB hwm=4712MB
RSS_SAMPLE t=766.9s rss=4712MB hwm=4712MB
RSS_SAMPLE t=767.2s rss=4712MB hwm=4712MB
RSS_SAMPLE t=767.4s rss=4712MB hwm=4712MB
RSS_SAMPLE t=767.7s rss=4712MB hwm=4712MB
RSS_SAMPLE t=767.9s rss=4712MB hwm=4712MB
RSS_SAMPLE t=768.2s rss=4712MB hwm=4712MB
RSS_SAMPLE t=768.4s rss=4712MB hwm=4712MB
RSS_SAMPLE t=768.7s rss=4712MB hwm=4712MB
RSS_SAMPLE t=768.9s rss=4712MB hwm=4712MB
RSS_SAMPLE t=769.2s rss=4712MB hwm=4712MB
RSS_SAMPLE t=769.4s rss=4712MB hwm=4712MB
RSS_SAMPLE t=769.7s rss=4712MB hwm=4712MB
RSS_SAMPLE t=769.9s rss=4712MB hwm=4712MB
RSS_SAMPLE t=770.2s rss=4712MB hwm=4712MB
RSS_SAMPLE t=770.4s rss=4712MB hwm=4712MB
RSS_SAMPLE t=770.7s rss=4712MB hwm=4712MB
RSS_SAMPLE t=770.9s rss=4712MB hwm=4712MB
RSS_SAMPLE t=771.2s rss=4712MB hwm=4712MB
RSS_SAMPLE t=771.4s rss=4712MB hwm=4712MB
RSS_SAMPLE t=771.7s rss=4712MB hwm=4712MB
RSS_SAMPLE t=771.9s rss=4712MB hwm=4712MB
RSS_SAMPLE t=772.2s rss=4712MB hwm=4712MB
RSS_SAMPLE t=772.4s rss=4712MB hwm=4712MB
RSS_SAMPLE t=772.7s rss=4712MB hwm=4712MB
RSS_SAMPLE t=772.9s rss=4712MB hwm=4712MB
RSS_SAMPLE t=773.2s rss=4712MB hwm=4712MB
RSS_SAMPLE t=773.4s rss=4712MB hwm=4712MB
RSS_SAMPLE t=773.7s rss=4712MB hwm=4712MB
RSS_SAMPLE t=773.9s rss=4712MB hwm=4712MB
RSS_SAMPLE t=774.2s rss=4712MB hwm=4712MB
RSS_SAMPLE t=774.4s rss=4712MB hwm=4712MB
RSS_SAMPLE t=774.7s rss=4712MB hwm=4712MB
RSS_SAMPLE t=774.9s rss=4712MB hwm=4712MB
RSS_SAMPLE t=775.2s rss=4712MB hwm=4712MB
RSS_SAMPLE t=775.4s rss=4712MB hwm=4712MB
RSS_SAMPLE t=775.7s rss=4712MB hwm=4712MB
RSS_SAMPLE t=775.9s rss=4712MB hwm=4712MB
RSS_SAMPLE t=776.2s rss=4712MB hwm=4712MB
RSS_SAMPLE t=776.4s rss=4712MB hwm=4712MB
RSS_SAMPLE t=776.7s rss=4712MB hwm=4712MB
RSS_SAMPLE t=776.9s rss=4713MB hwm=4713MB
RSS_SAMPLE t=777.2s rss=4713MB hwm=4713MB
RSS_SAMPLE t=777.4s rss=4713MB hwm=4713MB
RSS_SAMPLE t=777.7s rss=4713MB hwm=4713MB
RSS_SAMPLE t=777.9s rss=4713MB hwm=4713MB
RSS_SAMPLE t=778.2s rss=4713MB hwm=4713MB
RSS_SAMPLE t=778.4s rss=4713MB hwm=4713MB
RSS_SAMPLE t=778.7s rss=4713MB hwm=4713MB
RSS_SAMPLE t=778.9s rss=4713MB hwm=4713MB
RSS_SAMPLE t=779.2s rss=4713MB hwm=4713MB
RSS_SAMPLE t=779.4s rss=4713MB hwm=4713MB
RSS_SAMPLE t=779.7s rss=4713MB hwm=4713MB
RSS_SAMPLE t=779.9s rss=4713MB hwm=4713MB
RSS_SAMPLE t=780.2s rss=4713MB hwm=4713MB
RSS_SAMPLE t=780.4s rss=4713MB hwm=4713MB
RSS_SAMPLE t=780.7s rss=4713MB hwm=4713MB
RSS_SAMPLE t=780.9s rss=4713MB hwm=4713MB
RSS_SAMPLE t=781.2s rss=4713MB hwm=4713MB
RSS_SAMPLE t=781.4s rss=4713MB hwm=4713MB
RSS_SAMPLE t=781.7s rss=4713MB hwm=4713MB
RSS_SAMPLE t=781.9s rss=4713MB hwm=4713MB
RSS_SAMPLE t=782.2s rss=4713MB hwm=4713MB
RSS_SAMPLE t=782.4s rss=4713MB hwm=4713MB
RSS_SAMPLE t=782.7s rss=4713MB hwm=4713MB
RSS_SAMPLE t=782.9s rss=4713MB hwm=4713MB
RSS_SAMPLE t=783.2s rss=4713MB hwm=4713MB
RSS_SAMPLE t=783.4s rss=4713MB hwm=4713MB
RSS_SAMPLE t=783.7s rss=4713MB hwm=4713MB
RSS_SAMPLE t=783.9s rss=4713MB hwm=4713MB
RSS_SAMPLE t=784.2s rss=4713MB hwm=4713MB
RSS_SAMPLE t=784.4s rss=4713MB hwm=4713MB
RSS_SAMPLE t=784.7s rss=4713MB hwm=4713MB
RSS_SAMPLE t=784.9s rss=4713MB hwm=4713MB
RSS_SAMPLE t=785.2s rss=4713MB hwm=4713MB
RSS_SAMPLE t=785.4s rss=4713MB hwm=4713MB
RSS_SAMPLE t=785.7s rss=4713MB hwm=4713MB
RSS_SAMPLE t=785.9s rss=4713MB hwm=4713MB
RSS_SAMPLE t=786.2s rss=4713MB hwm=4713MB
RSS_SAMPLE t=786.4s rss=4713MB hwm=4713MB
RSS_SAMPLE t=786.7s rss=4713MB hwm=4713MB
RSS_SAMPLE t=786.9s rss=4713MB hwm=4713MB
RSS_SAMPLE t=787.2s rss=4713MB hwm=4713MB
RSS_SAMPLE t=787.4s rss=4713MB hwm=4713MB
RSS_SAMPLE t=787.7s rss=4713MB hwm=4713MB
RSS_SAMPLE t=787.9s rss=4713MB hwm=4713MB
RSS_SAMPLE t=788.2s rss=4713MB hwm=4713MB
RSS_SAMPLE t=788.4s rss=4713MB hwm=4713MB
RSS_SAMPLE t=788.7s rss=4713MB hwm=4713MB
RSS_SAMPLE t=788.9s rss=4713MB hwm=4713MB
RSS_SAMPLE t=789.2s rss=4713MB hwm=4713MB
RSS_SAMPLE t=789.4s rss=4713MB hwm=4713MB
RSS_SAMPLE t=789.7s rss=4713MB hwm=4713MB
RSS_SAMPLE t=789.9s rss=4713MB hwm=4713MB
RSS_SAMPLE t=790.2s rss=4713MB hwm=4713MB
RSS_SAMPLE t=790.4s rss=4713MB hwm=4713MB
MEM_POOL: workspaces=32 dense_usage_mb=1251 n_pipes=2562403
    post_solve_diag[outer=9]: solves=105117 cap_armed=105117 (100.0%) settle_avg=6250 above_sink_avg=230 (3.7%) settle_max=69353
    load_support[outer=9]: settle_avg=6250 load_nz_avg=4739 (75.8%) load_material_avg=2739 (43.8%)
    prune_ceiling[outer=9]: settle_avg=6250 heuristic_prunable_avg=966 (15.5%) vs oracle_zero_load=24.2%
    settle_hist[outer=9]: <100: 27762nets/0.1%work  <1k: 22485nets/1.3%work  <5k: 24116nets/9.6%work  <20k: 19203nets/31.1%work  <60k: 11240nets/54.9%work  >=60k: 311nets/3.0%work
    fanout_hist[outer=9]: fan1: 43710nets/13.4%work  fan2-4: 48279nets/50.2%work  fan5-16: 12974nets/35.5%work  fan17-64: 154nets/0.9%work  fan65-256: 0nets/0.0%work  fan>256: 0nets/0.0%work
    rss_probe[outer=9]: pre_post_solve=4665MB post_post_solve=4713MB after_apply=4713MB
    E_decomp: base=8725877.7 eff=108013953245157.9 cong=108013944519280.2 cong_share=100.0% sat_pipes=224581 max_util=1000.51  R_buckets: 1-2x=832376 2-10x=97962 10-100x=388596 >=100x=1243469
    E_potential: beckmann=82401427392982.7 history_total=0.0
    SpanCache: epoch=10 entries=2273 lookups=2562403 hits=2560130 misses=2273 hit_rate=99.9%
  DCD   9: nets=105117 line=13035389 energy=7319084516.412 dE=-13236789135.840 friction=5110570.8 bins=2.0x(205) excess=70.5 moved=67484 disp=5.880 solves=105117 skip=105117 pops=656934617 theta=1.033 refresh=65967ms dcd=6599ms total=75198ms
    cache_stats: entries=61655736 capacity=119544172 est_mb=1031 rss_mb=4713
RSS_SAMPLE t=790.7s rss=4713MB hwm=4713MB
RSS_SAMPLE t=790.9s rss=4713MB hwm=4713MB
RSS_SAMPLE t=791.2s rss=4713MB hwm=4713MB
RSS_SAMPLE t=791.4s rss=4713MB hwm=4713MB
RSS_SAMPLE t=791.7s rss=4713MB hwm=4713MB
RSS_SAMPLE t=791.9s rss=4713MB hwm=4713MB
RSS_SAMPLE t=792.2s rss=4713MB hwm=4713MB
RSS_SAMPLE t=792.4s rss=4713MB hwm=4713MB
RSS_SAMPLE t=792.7s rss=4713MB hwm=4713MB
RSS_SAMPLE t=792.9s rss=4713MB hwm=4713MB
RSS_SAMPLE t=793.2s rss=4713MB hwm=4713MB
    SwitchMatrix: type_usage_pairs=677 lookups=2052 hits=1375 dijkstra_calls=677 avg_us=11.6 total_ms=7.9
PHASE_MARK outer=10 enter=pre_solve rss=4713MB
    rss_probe[outer=10]: pre_refresh_rss=4713MB post_pre_solve_rss=4713MB cache_entries=61655736 cache_cap=119544172 cache_est_mb=1031
    pre_solve_diag[outer=10]: solves=0 fallback=0 (0.0%) cap_armed=0 (0.0%) settle_avg=0 settle_max=0 init_count=254
    Overflow: over=192910 (7.5% of used) avg_excess=2.39 max_excess=2208.11 (nc=2232.11 cap=24 span=1)  excess_buckets: <=1=103604 1-5=69535 5-20=17224 >20=2547  by_cap: cap1=90699 cap2=98820 cap3-5=1 cap>5=3390  by_span: s1=468 s2-3=732 s4-6=3161 s7-12=95882 s>12=92667  le1_cross: cap1=68711 cap2-5=34434 cap>5=459
    Congestion: pipes=2562403 used=2562403 congested(>50%)=547973 saturated(>90%)=224581 max_util=1000.51 avg_util=0.4058
PHASE_MARK outer=10 enter=dcd_sweep rss=4713MB
RSS_SAMPLE t=793.4s rss=4713MB hwm=4713MB
RSS_SAMPLE t=793.7s rss=4713MB hwm=4713MB
RSS_SAMPLE t=793.9s rss=4713MB hwm=4713MB
RSS_SAMPLE t=794.2s rss=4713MB hwm=4713MB
RSS_SAMPLE t=794.4s rss=4713MB hwm=4713MB
RSS_SAMPLE t=794.7s rss=4713MB hwm=4713MB
RSS_SAMPLE t=794.9s rss=4713MB hwm=4713MB
RSS_SAMPLE t=795.2s rss=4713MB hwm=4713MB
RSS_SAMPLE t=795.4s rss=4713MB hwm=4713MB
RSS_SAMPLE t=795.7s rss=4713MB hwm=4713MB
RSS_SAMPLE t=795.9s rss=4713MB hwm=4713MB
RSS_SAMPLE t=796.2s rss=4713MB hwm=4713MB
RSS_SAMPLE t=796.4s rss=4713MB hwm=4713MB
RSS_SAMPLE t=796.7s rss=4713MB hwm=4713MB
RSS_SAMPLE t=796.9s rss=4713MB hwm=4713MB
RSS_SAMPLE t=797.2s rss=4713MB hwm=4713MB
RSS_SAMPLE t=797.4s rss=4713MB hwm=4713MB
RSS_SAMPLE t=797.7s rss=4713MB hwm=4713MB
RSS_SAMPLE t=797.9s rss=4713MB hwm=4713MB
RSS_SAMPLE t=798.2s rss=4713MB hwm=4713MB
RSS_SAMPLE t=798.4s rss=4713MB hwm=4713MB
RSS_SAMPLE t=798.7s rss=4713MB hwm=4713MB
RSS_SAMPLE t=798.9s rss=4713MB hwm=4713MB
RSS_SAMPLE t=799.2s rss=4713MB hwm=4713MB
RSS_SAMPLE t=799.4s rss=4713MB hwm=4713MB
RSS_SAMPLE t=799.7s rss=4713MB hwm=4713MB
PHASE_MARK outer=10 leave=dcd_sweep rss=4713MB
PHASE_MARK outer=10 enter=post_refresh rss=4713MB
RSS_SAMPLE t=799.9s rss=4714MB hwm=4714MB
RSS_SAMPLE t=800.2s rss=4714MB hwm=4714MB
RSS_SAMPLE t=800.4s rss=4714MB hwm=4714MB
RSS_SAMPLE t=800.7s rss=4714MB hwm=4714MB
RSS_SAMPLE t=800.9s rss=4714MB hwm=4714MB
RSS_SAMPLE t=801.2s rss=4714MB hwm=4714MB
RSS_SAMPLE t=801.4s rss=4714MB hwm=4714MB
RSS_SAMPLE t=801.7s rss=4714MB hwm=4714MB
RSS_SAMPLE t=801.9s rss=4714MB hwm=4714MB
RSS_SAMPLE t=802.2s rss=4714MB hwm=4714MB
RSS_SAMPLE t=802.4s rss=4714MB hwm=4714MB
RSS_SAMPLE t=802.7s rss=4715MB hwm=4715MB
RSS_SAMPLE t=802.9s rss=4715MB hwm=4715MB
RSS_SAMPLE t=803.2s rss=4715MB hwm=4715MB
RSS_SAMPLE t=803.4s rss=4715MB hwm=4715MB
RSS_SAMPLE t=803.7s rss=4715MB hwm=4715MB
RSS_SAMPLE t=803.9s rss=4716MB hwm=4716MB
RSS_SAMPLE t=804.2s rss=4716MB hwm=4716MB
RSS_SAMPLE t=804.4s rss=4716MB hwm=4716MB
RSS_SAMPLE t=804.7s rss=4717MB hwm=4717MB
RSS_SAMPLE t=804.9s rss=4717MB hwm=4717MB
RSS_SAMPLE t=805.2s rss=4717MB hwm=4717MB
RSS_SAMPLE t=805.4s rss=4718MB hwm=4718MB
RSS_SAMPLE t=805.7s rss=4718MB hwm=4718MB
RSS_SAMPLE t=805.9s rss=4718MB hwm=4718MB
RSS_SAMPLE t=806.2s rss=4718MB hwm=4718MB
RSS_SAMPLE t=806.4s rss=4718MB hwm=4718MB
RSS_SAMPLE t=806.7s rss=4718MB hwm=4718MB
RSS_SAMPLE t=806.9s rss=4718MB hwm=4718MB
RSS_SAMPLE t=807.2s rss=4719MB hwm=4719MB
RSS_SAMPLE t=807.4s rss=4719MB hwm=4719MB
RSS_SAMPLE t=807.7s rss=4720MB hwm=4720MB
RSS_SAMPLE t=807.9s rss=4720MB hwm=4720MB
RSS_SAMPLE t=808.2s rss=4720MB hwm=4720MB
RSS_SAMPLE t=808.4s rss=4720MB hwm=4720MB
RSS_SAMPLE t=808.7s rss=4720MB hwm=4720MB
RSS_SAMPLE t=808.9s rss=4720MB hwm=4720MB
RSS_SAMPLE t=809.2s rss=4720MB hwm=4720MB
RSS_SAMPLE t=809.4s rss=4720MB hwm=4720MB
RSS_SAMPLE t=809.7s rss=4720MB hwm=4720MB
RSS_SAMPLE t=809.9s rss=4720MB hwm=4720MB
RSS_SAMPLE t=810.2s rss=4720MB hwm=4720MB
RSS_SAMPLE t=810.4s rss=4720MB hwm=4720MB
RSS_SAMPLE t=810.7s rss=4721MB hwm=4721MB
RSS_SAMPLE t=810.9s rss=4721MB hwm=4721MB
RSS_SAMPLE t=811.2s rss=4721MB hwm=4721MB
RSS_SAMPLE t=811.4s rss=4721MB hwm=4721MB
RSS_SAMPLE t=811.7s rss=4722MB hwm=4722MB
RSS_SAMPLE t=811.9s rss=4722MB hwm=4722MB
RSS_SAMPLE t=812.2s rss=4722MB hwm=4722MB
RSS_SAMPLE t=812.4s rss=4722MB hwm=4722MB
RSS_SAMPLE t=812.7s rss=4723MB hwm=4723MB
RSS_SAMPLE t=812.9s rss=4723MB hwm=4723MB
RSS_SAMPLE t=813.2s rss=4723MB hwm=4723MB
RSS_SAMPLE t=813.4s rss=4723MB hwm=4723MB
RSS_SAMPLE t=813.7s rss=4723MB hwm=4723MB
RSS_SAMPLE t=813.9s rss=4723MB hwm=4723MB
RSS_SAMPLE t=814.2s rss=4723MB hwm=4723MB
RSS_SAMPLE t=814.4s rss=4723MB hwm=4723MB
RSS_SAMPLE t=814.7s rss=4723MB hwm=4723MB
RSS_SAMPLE t=814.9s rss=4724MB hwm=4724MB
RSS_SAMPLE t=815.2s rss=4724MB hwm=4724MB
RSS_SAMPLE t=815.4s rss=4724MB hwm=4724MB
RSS_SAMPLE t=815.7s rss=4724MB hwm=4724MB
RSS_SAMPLE t=815.9s rss=4724MB hwm=4724MB
RSS_SAMPLE t=816.2s rss=4725MB hwm=4725MB
RSS_SAMPLE t=816.4s rss=4725MB hwm=4725MB
RSS_SAMPLE t=816.7s rss=4725MB hwm=4725MB
RSS_SAMPLE t=816.9s rss=4725MB hwm=4725MB
RSS_SAMPLE t=817.2s rss=4726MB hwm=4726MB
RSS_SAMPLE t=817.4s rss=4726MB hwm=4726MB
RSS_SAMPLE t=817.7s rss=4726MB hwm=4726MB
RSS_SAMPLE t=817.9s rss=4726MB hwm=4726MB
RSS_SAMPLE t=818.2s rss=4726MB hwm=4726MB
RSS_SAMPLE t=818.4s rss=4726MB hwm=4726MB
RSS_SAMPLE t=818.7s rss=4726MB hwm=4726MB
RSS_SAMPLE t=818.9s rss=4726MB hwm=4726MB
RSS_SAMPLE t=819.2s rss=4726MB hwm=4726MB
RSS_SAMPLE t=819.4s rss=4727MB hwm=4727MB
RSS_SAMPLE t=819.7s rss=4727MB hwm=4727MB
RSS_SAMPLE t=819.9s rss=4727MB hwm=4727MB
RSS_SAMPLE t=820.2s rss=4727MB hwm=4727MB
RSS_SAMPLE t=820.4s rss=4727MB hwm=4727MB
RSS_SAMPLE t=820.7s rss=4727MB hwm=4727MB
RSS_SAMPLE t=820.9s rss=4727MB hwm=4727MB
RSS_SAMPLE t=821.2s rss=4727MB hwm=4727MB
RSS_SAMPLE t=821.4s rss=4727MB hwm=4727MB
RSS_SAMPLE t=821.7s rss=4727MB hwm=4727MB
RSS_SAMPLE t=821.9s rss=4727MB hwm=4727MB
RSS_SAMPLE t=822.2s rss=4727MB hwm=4727MB
RSS_SAMPLE t=822.5s rss=4727MB hwm=4727MB
RSS_SAMPLE t=822.7s rss=4727MB hwm=4727MB
RSS_SAMPLE t=823.0s rss=4727MB hwm=4727MB
RSS_SAMPLE t=823.2s rss=4727MB hwm=4727MB
RSS_SAMPLE t=823.5s rss=4727MB hwm=4727MB
RSS_SAMPLE t=823.7s rss=4727MB hwm=4727MB
RSS_SAMPLE t=824.0s rss=4727MB hwm=4727MB
RSS_SAMPLE t=824.2s rss=4727MB hwm=4727MB
RSS_SAMPLE t=824.5s rss=4728MB hwm=4728MB
RSS_SAMPLE t=824.7s rss=4728MB hwm=4728MB
RSS_SAMPLE t=825.0s rss=4728MB hwm=4728MB
RSS_SAMPLE t=825.2s rss=4728MB hwm=4728MB
RSS_SAMPLE t=825.5s rss=4728MB hwm=4728MB
RSS_SAMPLE t=825.7s rss=4728MB hwm=4728MB
RSS_SAMPLE t=826.0s rss=4728MB hwm=4728MB
RSS_SAMPLE t=826.2s rss=4728MB hwm=4728MB
RSS_SAMPLE t=826.5s rss=4728MB hwm=4728MB
RSS_SAMPLE t=826.7s rss=4728MB hwm=4728MB
RSS_SAMPLE t=827.0s rss=4728MB hwm=4728MB
RSS_SAMPLE t=827.2s rss=4728MB hwm=4728MB
RSS_SAMPLE t=827.5s rss=4728MB hwm=4728MB
RSS_SAMPLE t=827.7s rss=4729MB hwm=4729MB
RSS_SAMPLE t=828.0s rss=4729MB hwm=4729MB
RSS_SAMPLE t=828.2s rss=4729MB hwm=4729MB
RSS_SAMPLE t=828.5s rss=4729MB hwm=4729MB
RSS_SAMPLE t=828.7s rss=4729MB hwm=4729MB
RSS_SAMPLE t=829.0s rss=4729MB hwm=4729MB
RSS_SAMPLE t=829.2s rss=4729MB hwm=4729MB
RSS_SAMPLE t=829.5s rss=4729MB hwm=4729MB
RSS_SAMPLE t=829.7s rss=4729MB hwm=4729MB
RSS_SAMPLE t=830.0s rss=4729MB hwm=4729MB
RSS_SAMPLE t=830.2s rss=4729MB hwm=4729MB
RSS_SAMPLE t=830.5s rss=4729MB hwm=4729MB
RSS_SAMPLE t=830.7s rss=4729MB hwm=4729MB
RSS_SAMPLE t=831.0s rss=4729MB hwm=4729MB
RSS_SAMPLE t=831.2s rss=4729MB hwm=4729MB
RSS_SAMPLE t=831.5s rss=4729MB hwm=4729MB
RSS_SAMPLE t=831.7s rss=4729MB hwm=4729MB
RSS_SAMPLE t=832.0s rss=4729MB hwm=4729MB
RSS_SAMPLE t=832.2s rss=4729MB hwm=4729MB
RSS_SAMPLE t=832.5s rss=4729MB hwm=4729MB
RSS_SAMPLE t=832.7s rss=4729MB hwm=4729MB
RSS_SAMPLE t=833.0s rss=4729MB hwm=4729MB
RSS_SAMPLE t=833.2s rss=4729MB hwm=4729MB
RSS_SAMPLE t=833.5s rss=4729MB hwm=4729MB
RSS_SAMPLE t=833.7s rss=4729MB hwm=4729MB
RSS_SAMPLE t=834.0s rss=4729MB hwm=4729MB
RSS_SAMPLE t=834.2s rss=4729MB hwm=4729MB
RSS_SAMPLE t=834.5s rss=4729MB hwm=4729MB
RSS_SAMPLE t=834.7s rss=4729MB hwm=4729MB
RSS_SAMPLE t=835.0s rss=4729MB hwm=4729MB
RSS_SAMPLE t=835.2s rss=4729MB hwm=4729MB
RSS_SAMPLE t=835.5s rss=4729MB hwm=4729MB
RSS_SAMPLE t=835.7s rss=4729MB hwm=4729MB
RSS_SAMPLE t=836.0s rss=4729MB hwm=4729MB
RSS_SAMPLE t=836.2s rss=4729MB hwm=4729MB
RSS_SAMPLE t=836.5s rss=4729MB hwm=4729MB
RSS_SAMPLE t=836.7s rss=4729MB hwm=4729MB
RSS_SAMPLE t=837.0s rss=4729MB hwm=4729MB
RSS_SAMPLE t=837.2s rss=4729MB hwm=4729MB
RSS_SAMPLE t=837.5s rss=4729MB hwm=4729MB
RSS_SAMPLE t=837.7s rss=4729MB hwm=4729MB
RSS_SAMPLE t=838.0s rss=4729MB hwm=4729MB
RSS_SAMPLE t=838.2s rss=4729MB hwm=4729MB
RSS_SAMPLE t=838.5s rss=4729MB hwm=4729MB
RSS_SAMPLE t=838.7s rss=4729MB hwm=4729MB
RSS_SAMPLE t=839.0s rss=4729MB hwm=4729MB
RSS_SAMPLE t=839.2s rss=4729MB hwm=4729MB
RSS_SAMPLE t=839.5s rss=4729MB hwm=4729MB
RSS_SAMPLE t=839.7s rss=4729MB hwm=4729MB
RSS_SAMPLE t=840.0s rss=4729MB hwm=4729MB
RSS_SAMPLE t=840.2s rss=4729MB hwm=4729MB
RSS_SAMPLE t=840.5s rss=4729MB hwm=4729MB
RSS_SAMPLE t=840.7s rss=4729MB hwm=4729MB
RSS_SAMPLE t=841.0s rss=4729MB hwm=4729MB
RSS_SAMPLE t=841.2s rss=4729MB hwm=4729MB
RSS_SAMPLE t=841.5s rss=4729MB hwm=4729MB
RSS_SAMPLE t=841.7s rss=4729MB hwm=4729MB
RSS_SAMPLE t=842.0s rss=4729MB hwm=4729MB
RSS_SAMPLE t=842.2s rss=4729MB hwm=4729MB
RSS_SAMPLE t=842.5s rss=4729MB hwm=4729MB
RSS_SAMPLE t=842.7s rss=4729MB hwm=4729MB
RSS_SAMPLE t=843.0s rss=4729MB hwm=4729MB
RSS_SAMPLE t=843.2s rss=4729MB hwm=4729MB
RSS_SAMPLE t=843.5s rss=4729MB hwm=4729MB
RSS_SAMPLE t=843.7s rss=4729MB hwm=4729MB
RSS_SAMPLE t=844.0s rss=4729MB hwm=4729MB
RSS_SAMPLE t=844.2s rss=4729MB hwm=4729MB
RSS_SAMPLE t=844.5s rss=4729MB hwm=4729MB
RSS_SAMPLE t=844.7s rss=4729MB hwm=4729MB
RSS_SAMPLE t=845.0s rss=4729MB hwm=4729MB
RSS_SAMPLE t=845.2s rss=4729MB hwm=4729MB
RSS_SAMPLE t=845.5s rss=4729MB hwm=4729MB
RSS_SAMPLE t=845.7s rss=4729MB hwm=4729MB
RSS_SAMPLE t=846.0s rss=4729MB hwm=4729MB
RSS_SAMPLE t=846.2s rss=4729MB hwm=4729MB
RSS_SAMPLE t=846.5s rss=4729MB hwm=4729MB
RSS_SAMPLE t=846.7s rss=4729MB hwm=4729MB
RSS_SAMPLE t=847.0s rss=4729MB hwm=4729MB
RSS_SAMPLE t=847.2s rss=4729MB hwm=4729MB
RSS_SAMPLE t=847.5s rss=4729MB hwm=4729MB
RSS_SAMPLE t=847.7s rss=4729MB hwm=4729MB
RSS_SAMPLE t=848.0s rss=4729MB hwm=4729MB
RSS_SAMPLE t=848.2s rss=4729MB hwm=4729MB
RSS_SAMPLE t=848.5s rss=4729MB hwm=4729MB
RSS_SAMPLE t=848.7s rss=4729MB hwm=4729MB
RSS_SAMPLE t=849.0s rss=4729MB hwm=4729MB
RSS_SAMPLE t=849.2s rss=4729MB hwm=4729MB
RSS_SAMPLE t=849.5s rss=4729MB hwm=4729MB
RSS_SAMPLE t=849.7s rss=4729MB hwm=4729MB
RSS_SAMPLE t=850.0s rss=4729MB hwm=4729MB
RSS_SAMPLE t=850.2s rss=4729MB hwm=4729MB
RSS_SAMPLE t=850.5s rss=4729MB hwm=4729MB
RSS_SAMPLE t=850.7s rss=4729MB hwm=4729MB
RSS_SAMPLE t=851.0s rss=4729MB hwm=4729MB
RSS_SAMPLE t=851.2s rss=4729MB hwm=4729MB
RSS_SAMPLE t=851.5s rss=4729MB hwm=4729MB
RSS_SAMPLE t=851.7s rss=4729MB hwm=4729MB
RSS_SAMPLE t=852.0s rss=4729MB hwm=4729MB
RSS_SAMPLE t=852.2s rss=4729MB hwm=4729MB
RSS_SAMPLE t=852.5s rss=4729MB hwm=4729MB
RSS_SAMPLE t=852.7s rss=4729MB hwm=4729MB
RSS_SAMPLE t=853.0s rss=4729MB hwm=4729MB
RSS_SAMPLE t=853.2s rss=4729MB hwm=4729MB
RSS_SAMPLE t=853.5s rss=4730MB hwm=4730MB
RSS_SAMPLE t=853.7s rss=4730MB hwm=4730MB
RSS_SAMPLE t=854.0s rss=4730MB hwm=4730MB
RSS_SAMPLE t=854.2s rss=4730MB hwm=4730MB
RSS_SAMPLE t=854.5s rss=4730MB hwm=4730MB
RSS_SAMPLE t=854.7s rss=4730MB hwm=4730MB
RSS_SAMPLE t=855.0s rss=4730MB hwm=4730MB
RSS_SAMPLE t=855.2s rss=4730MB hwm=4730MB
RSS_SAMPLE t=855.5s rss=4730MB hwm=4730MB
RSS_SAMPLE t=855.7s rss=4730MB hwm=4730MB
RSS_SAMPLE t=856.0s rss=4730MB hwm=4730MB
RSS_SAMPLE t=856.2s rss=4730MB hwm=4730MB
RSS_SAMPLE t=856.5s rss=4730MB hwm=4730MB
RSS_SAMPLE t=856.7s rss=4730MB hwm=4730MB
RSS_SAMPLE t=857.0s rss=4730MB hwm=4730MB
RSS_SAMPLE t=857.2s rss=4730MB hwm=4730MB
RSS_SAMPLE t=857.5s rss=4730MB hwm=4730MB
RSS_SAMPLE t=857.7s rss=4730MB hwm=4730MB
RSS_SAMPLE t=858.0s rss=4730MB hwm=4730MB
RSS_SAMPLE t=858.2s rss=4730MB hwm=4730MB
RSS_SAMPLE t=858.5s rss=4730MB hwm=4730MB
RSS_SAMPLE t=858.7s rss=4730MB hwm=4730MB
RSS_SAMPLE t=859.0s rss=4730MB hwm=4730MB
RSS_SAMPLE t=859.2s rss=4730MB hwm=4730MB
RSS_SAMPLE t=859.5s rss=4730MB hwm=4730MB
RSS_SAMPLE t=859.7s rss=4730MB hwm=4730MB
RSS_SAMPLE t=860.0s rss=4730MB hwm=4730MB
RSS_SAMPLE t=860.2s rss=4730MB hwm=4730MB
RSS_SAMPLE t=860.5s rss=4730MB hwm=4730MB
RSS_SAMPLE t=860.7s rss=4730MB hwm=4730MB
RSS_SAMPLE t=861.0s rss=4730MB hwm=4730MB
RSS_SAMPLE t=861.2s rss=4730MB hwm=4730MB
RSS_SAMPLE t=861.5s rss=4730MB hwm=4730MB
RSS_SAMPLE t=861.7s rss=4730MB hwm=4730MB
RSS_SAMPLE t=862.0s rss=4730MB hwm=4730MB
RSS_SAMPLE t=862.2s rss=4730MB hwm=4730MB
RSS_SAMPLE t=862.5s rss=4730MB hwm=4730MB
RSS_SAMPLE t=862.7s rss=4730MB hwm=4730MB
RSS_SAMPLE t=863.0s rss=4730MB hwm=4730MB
RSS_SAMPLE t=863.2s rss=4730MB hwm=4730MB
RSS_SAMPLE t=863.5s rss=4730MB hwm=4730MB
RSS_SAMPLE t=863.7s rss=4730MB hwm=4730MB
RSS_SAMPLE t=864.0s rss=4730MB hwm=4730MB
RSS_SAMPLE t=864.2s rss=4730MB hwm=4730MB
RSS_SAMPLE t=864.5s rss=4730MB hwm=4730MB
RSS_SAMPLE t=864.7s rss=4730MB hwm=4730MB
RSS_SAMPLE t=865.0s rss=4730MB hwm=4730MB
RSS_SAMPLE t=865.2s rss=4730MB hwm=4730MB
RSS_SAMPLE t=865.5s rss=4730MB hwm=4730MB
RSS_SAMPLE t=865.7s rss=4730MB hwm=4730MB
RSS_SAMPLE t=866.0s rss=4730MB hwm=4730MB
RSS_SAMPLE t=866.2s rss=4730MB hwm=4730MB
RSS_SAMPLE t=866.5s rss=4730MB hwm=4730MB
RSS_SAMPLE t=866.7s rss=4730MB hwm=4730MB
RSS_SAMPLE t=867.0s rss=4730MB hwm=4730MB
RSS_SAMPLE t=867.2s rss=4730MB hwm=4730MB
MEM_POOL: workspaces=32 dense_usage_mb=1251 n_pipes=2562403
    post_solve_diag[outer=10]: solves=105117 cap_armed=105117 (100.0%) settle_avg=5813 above_sink_avg=180 (3.1%) settle_max=69353
    load_support[outer=10]: settle_avg=5813 load_nz_avg=3940 (67.8%) load_material_avg=1567 (27.0%)
    prune_ceiling[outer=10]: settle_avg=5813 heuristic_prunable_avg=631 (10.8%) vs oracle_zero_load=32.2%
    settle_hist[outer=10]: <100: 30198nets/0.1%work  <1k: 21085nets/1.3%work  <5k: 24394nets/10.4%work  <20k: 19028nets/33.2%work  <60k: 10188nets/52.6%work  >=60k: 224nets/2.3%work
    fanout_hist[outer=10]: fan1: 43710nets/13.1%work  fan2-4: 48279nets/50.0%work  fan5-16: 12974nets/35.9%work  fan17-64: 154nets/1.0%work  fan65-256: 0nets/0.0%work  fan>256: 0nets/0.0%work
    rss_probe[outer=10]: pre_post_solve=4714MB post_post_solve=4730MB after_apply=4730MB
RSS_SAMPLE t=867.5s rss=4730MB hwm=4730MB
    E_decomp: base=6379553.3 eff=208202405419058.6 cong=208202399039505.4 cong_share=100.0% sat_pipes=107020 max_util=1872.64  R_buckets: 1-2x=111768 2-10x=418990 10-100x=1042821 >=100x=988824
    E_potential: beckmann=185631426780367.6 history_total=0.0
    SpanCache: epoch=11 entries=2052 lookups=2562403 hits=2560351 misses=2052 hit_rate=99.9%
  DCD  10: nets=105117 line=12621770 energy=2900858375.696 dE=-4418226140.716 friction=9986143.2 bins=2.0x(222) excess=72.5 moved=67514 disp=5.144 solves=105117 skip=105117 pops=611008296 theta=1.210 refresh=67727ms dcd=6593ms total=76958ms
    cache_stats: entries=58916446 capacity=117022947 est_mb=1009 rss_mb=4731
RSS_SAMPLE t=867.7s rss=4731MB hwm=4731MB
RSS_SAMPLE t=868.0s rss=4731MB hwm=4731MB
RSS_SAMPLE t=868.2s rss=4731MB hwm=4731MB
RSS_SAMPLE t=868.5s rss=4731MB hwm=4731MB
RSS_SAMPLE t=868.7s rss=4731MB hwm=4731MB
RSS_SAMPLE t=869.0s rss=4731MB hwm=4731MB
RSS_SAMPLE t=869.2s rss=4731MB hwm=4731MB
RSS_SAMPLE t=869.5s rss=4731MB hwm=4731MB
RSS_SAMPLE t=869.7s rss=4731MB hwm=4731MB
RSS_SAMPLE t=870.0s rss=4731MB hwm=4731MB
    SwitchMatrix: type_usage_pairs=991 lookups=2988 hits=1997 dijkstra_calls=991 avg_us=8.7 total_ms=8.6
PHASE_MARK outer=11 enter=pre_solve rss=4731MB
    rss_probe[outer=11]: pre_refresh_rss=4731MB post_pre_solve_rss=4731MB cache_entries=58916446 cache_cap=117022947 cache_est_mb=1009
    pre_solve_diag[outer=11]: solves=0 fallback=0 (0.0%) cap_armed=0 (0.0%) settle_avg=0 settle_max=0 init_count=248
    Overflow: over=97445 (3.8% of used) avg_excess=6.10 max_excess=2691.27 (nc=2715.27 cap=24 span=1)  excess_buckets: <=1=33130 1-5=39975 5-20=19532 >20=4808  by_cap: cap1=23987 cap2=70466 cap3-5=0 cap>5=2992  by_span: s1=540 s2-3=1281 s4-6=2198 s7-12=69200 s>12=24226  le1_cross: cap1=18509 cap2-5=14456 cap>5=165
    Congestion: pipes=2562403 used=2562403 congested(>50%)=209513 saturated(>90%)=107020 max_util=1872.64 avg_util=0.2828
PHASE_MARK outer=11 enter=dcd_sweep rss=4731MB
RSS_SAMPLE t=870.2s rss=4731MB hwm=4731MB
RSS_SAMPLE t=870.5s rss=4731MB hwm=4731MB
RSS_SAMPLE t=870.7s rss=4731MB hwm=4731MB
RSS_SAMPLE t=871.0s rss=4731MB hwm=4731MB
RSS_SAMPLE t=871.2s rss=4731MB hwm=4731MB
RSS_SAMPLE t=871.5s rss=4731MB hwm=4731MB
RSS_SAMPLE t=871.7s rss=4731MB hwm=4731MB
RSS_SAMPLE t=872.0s rss=4731MB hwm=4731MB
RSS_SAMPLE t=872.2s rss=4731MB hwm=4731MB
RSS_SAMPLE t=872.5s rss=4731MB hwm=4731MB
RSS_SAMPLE t=872.7s rss=4731MB hwm=4731MB
RSS_SAMPLE t=873.0s rss=4731MB hwm=4731MB
RSS_SAMPLE t=873.2s rss=4731MB hwm=4731MB
RSS_SAMPLE t=873.5s rss=4731MB hwm=4731MB
RSS_SAMPLE t=873.7s rss=4731MB hwm=4731MB
RSS_SAMPLE t=874.0s rss=4731MB hwm=4731MB
RSS_SAMPLE t=874.2s rss=4731MB hwm=4731MB
RSS_SAMPLE t=874.5s rss=4731MB hwm=4731MB
RSS_SAMPLE t=874.7s rss=4731MB hwm=4731MB
RSS_SAMPLE t=875.0s rss=4731MB hwm=4731MB
RSS_SAMPLE t=875.2s rss=4731MB hwm=4731MB
RSS_SAMPLE t=875.5s rss=4731MB hwm=4731MB
RSS_SAMPLE t=875.7s rss=4731MB hwm=4731MB
RSS_SAMPLE t=876.0s rss=4731MB hwm=4731MB
RSS_SAMPLE t=876.2s rss=4731MB hwm=4731MB
RSS_SAMPLE t=876.5s rss=4731MB hwm=4731MB
RSS_SAMPLE t=876.7s rss=4731MB hwm=4731MB
PHASE_MARK outer=11 leave=dcd_sweep rss=4731MB
PHASE_MARK outer=11 enter=post_refresh rss=4731MB
RSS_SAMPLE t=877.0s rss=4731MB hwm=4731MB
RSS_SAMPLE t=877.2s rss=4731MB hwm=4731MB
RSS_SAMPLE t=877.5s rss=4731MB hwm=4731MB
RSS_SAMPLE t=877.7s rss=4731MB hwm=4731MB
RSS_SAMPLE t=878.0s rss=4731MB hwm=4731MB
RSS_SAMPLE t=878.2s rss=4731MB hwm=4731MB
RSS_SAMPLE t=878.5s rss=4731MB hwm=4731MB
RSS_SAMPLE t=878.7s rss=4731MB hwm=4731MB
RSS_SAMPLE t=879.0s rss=4731MB hwm=4731MB
RSS_SAMPLE t=879.2s rss=4731MB hwm=4731MB
RSS_SAMPLE t=879.5s rss=4731MB hwm=4731MB
RSS_SAMPLE t=879.7s rss=4731MB hwm=4731MB
RSS_SAMPLE t=880.0s rss=4731MB hwm=4731MB
RSS_SAMPLE t=880.2s rss=4731MB hwm=4731MB
RSS_SAMPLE t=880.5s rss=4731MB hwm=4731MB
RSS_SAMPLE t=880.7s rss=4731MB hwm=4731MB
RSS_SAMPLE t=881.0s rss=4731MB hwm=4731MB
RSS_SAMPLE t=881.2s rss=4731MB hwm=4731MB
RSS_SAMPLE t=881.5s rss=4731MB hwm=4731MB
RSS_SAMPLE t=881.7s rss=4731MB hwm=4731MB
RSS_SAMPLE t=882.0s rss=4731MB hwm=4731MB
RSS_SAMPLE t=882.2s rss=4731MB hwm=4731MB
RSS_SAMPLE t=882.5s rss=4731MB hwm=4731MB
RSS_SAMPLE t=882.7s rss=4731MB hwm=4731MB
RSS_SAMPLE t=883.0s rss=4731MB hwm=4731MB
RSS_SAMPLE t=883.2s rss=4731MB hwm=4731MB
RSS_SAMPLE t=883.5s rss=4731MB hwm=4731MB
RSS_SAMPLE t=883.7s rss=4731MB hwm=4731MB
RSS_SAMPLE t=884.0s rss=4731MB hwm=4731MB
RSS_SAMPLE t=884.2s rss=4731MB hwm=4731MB
RSS_SAMPLE t=884.5s rss=4731MB hwm=4731MB
RSS_SAMPLE t=884.7s rss=4732MB hwm=4732MB
RSS_SAMPLE t=885.0s rss=4732MB hwm=4732MB
RSS_SAMPLE t=885.2s rss=4732MB hwm=4732MB
RSS_SAMPLE t=885.5s rss=4732MB hwm=4732MB
RSS_SAMPLE t=885.7s rss=4732MB hwm=4732MB
RSS_SAMPLE t=886.0s rss=4732MB hwm=4732MB
RSS_SAMPLE t=886.2s rss=4732MB hwm=4732MB
RSS_SAMPLE t=886.5s rss=4732MB hwm=4732MB
RSS_SAMPLE t=886.7s rss=4732MB hwm=4732MB
RSS_SAMPLE t=887.0s rss=4732MB hwm=4732MB
RSS_SAMPLE t=887.2s rss=4732MB hwm=4732MB
RSS_SAMPLE t=887.5s rss=4732MB hwm=4732MB
RSS_SAMPLE t=887.7s rss=4732MB hwm=4732MB
RSS_SAMPLE t=888.0s rss=4732MB hwm=4732MB
RSS_SAMPLE t=888.2s rss=4732MB hwm=4732MB
RSS_SAMPLE t=888.5s rss=4732MB hwm=4732MB
RSS_SAMPLE t=888.7s rss=4732MB hwm=4732MB
RSS_SAMPLE t=889.0s rss=4732MB hwm=4732MB
RSS_SAMPLE t=889.3s rss=4732MB hwm=4732MB
RSS_SAMPLE t=889.5s rss=4732MB hwm=4732MB
RSS_SAMPLE t=889.8s rss=4732MB hwm=4732MB
RSS_SAMPLE t=890.0s rss=4732MB hwm=4732MB
RSS_SAMPLE t=890.3s rss=4732MB hwm=4732MB
RSS_SAMPLE t=890.5s rss=4732MB hwm=4732MB
RSS_SAMPLE t=890.8s rss=4732MB hwm=4732MB
RSS_SAMPLE t=891.0s rss=4732MB hwm=4732MB
RSS_SAMPLE t=891.3s rss=4732MB hwm=4732MB
RSS_SAMPLE t=891.5s rss=4733MB hwm=4733MB
RSS_SAMPLE t=891.8s rss=4733MB hwm=4733MB
RSS_SAMPLE t=892.0s rss=4733MB hwm=4733MB
RSS_SAMPLE t=892.3s rss=4733MB hwm=4733MB
RSS_SAMPLE t=892.5s rss=4733MB hwm=4733MB
RSS_SAMPLE t=892.8s rss=4733MB hwm=4733MB
RSS_SAMPLE t=893.0s rss=4733MB hwm=4733MB
RSS_SAMPLE t=893.3s rss=4734MB hwm=4734MB
RSS_SAMPLE t=893.5s rss=4734MB hwm=4734MB
RSS_SAMPLE t=893.8s rss=4734MB hwm=4734MB
RSS_SAMPLE t=894.0s rss=4734MB hwm=4734MB
RSS_SAMPLE t=894.3s rss=4734MB hwm=4734MB
RSS_SAMPLE t=894.5s rss=4734MB hwm=4734MB
RSS_SAMPLE t=894.8s rss=4735MB hwm=4735MB
RSS_SAMPLE t=895.0s rss=4735MB hwm=4735MB
RSS_SAMPLE t=895.3s rss=4735MB hwm=4735MB
RSS_SAMPLE t=895.5s rss=4735MB hwm=4735MB
RSS_SAMPLE t=895.8s rss=4735MB hwm=4735MB
RSS_SAMPLE t=896.0s rss=4735MB hwm=4735MB
RSS_SAMPLE t=896.3s rss=4735MB hwm=4735MB
RSS_SAMPLE t=896.5s rss=4735MB hwm=4735MB
RSS_SAMPLE t=896.8s rss=4735MB hwm=4735MB
RSS_SAMPLE t=897.0s rss=4736MB hwm=4736MB
RSS_SAMPLE t=897.3s rss=4736MB hwm=4736MB
RSS_SAMPLE t=897.5s rss=4736MB hwm=4736MB
RSS_SAMPLE t=897.8s rss=4736MB hwm=4736MB
RSS_SAMPLE t=898.0s rss=4736MB hwm=4736MB
RSS_SAMPLE t=898.3s rss=4737MB hwm=4737MB
RSS_SAMPLE t=898.5s rss=4737MB hwm=4737MB
RSS_SAMPLE t=898.8s rss=4737MB hwm=4737MB
RSS_SAMPLE t=899.0s rss=4737MB hwm=4737MB
RSS_SAMPLE t=899.3s rss=4737MB hwm=4737MB
RSS_SAMPLE t=899.5s rss=4737MB hwm=4737MB
RSS_SAMPLE t=899.8s rss=4737MB hwm=4737MB
RSS_SAMPLE t=900.0s rss=4737MB hwm=4737MB
RSS_SAMPLE t=900.3s rss=4737MB hwm=4737MB
RSS_SAMPLE t=900.5s rss=4737MB hwm=4737MB
RSS_SAMPLE t=900.8s rss=4737MB hwm=4737MB
RSS_SAMPLE t=901.0s rss=4738MB hwm=4738MB
RSS_SAMPLE t=901.3s rss=4738MB hwm=4738MB
RSS_SAMPLE t=901.5s rss=4738MB hwm=4738MB
RSS_SAMPLE t=901.8s rss=4738MB hwm=4738MB
RSS_SAMPLE t=902.0s rss=4738MB hwm=4738MB
RSS_SAMPLE t=902.3s rss=4738MB hwm=4738MB
RSS_SAMPLE t=902.5s rss=4738MB hwm=4738MB
RSS_SAMPLE t=902.8s rss=4738MB hwm=4738MB
RSS_SAMPLE t=903.0s rss=4738MB hwm=4738MB
RSS_SAMPLE t=903.3s rss=4738MB hwm=4738MB
RSS_SAMPLE t=903.5s rss=4739MB hwm=4739MB
RSS_SAMPLE t=903.8s rss=4739MB hwm=4739MB
RSS_SAMPLE t=904.0s rss=4739MB hwm=4739MB
RSS_SAMPLE t=904.3s rss=4739MB hwm=4739MB
RSS_SAMPLE t=904.5s rss=4739MB hwm=4739MB
RSS_SAMPLE t=904.8s rss=4739MB hwm=4739MB
RSS_SAMPLE t=905.0s rss=4739MB hwm=4739MB
RSS_SAMPLE t=905.3s rss=4740MB hwm=4740MB
RSS_SAMPLE t=905.5s rss=4740MB hwm=4740MB
RSS_SAMPLE t=905.8s rss=4740MB hwm=4740MB
RSS_SAMPLE t=906.0s rss=4740MB hwm=4740MB
RSS_SAMPLE t=906.3s rss=4740MB hwm=4740MB
RSS_SAMPLE t=906.5s rss=4740MB hwm=4740MB
RSS_SAMPLE t=906.8s rss=4740MB hwm=4740MB
RSS_SAMPLE t=907.0s rss=4740MB hwm=4740MB
RSS_SAMPLE t=907.3s rss=4740MB hwm=4740MB
RSS_SAMPLE t=907.5s rss=4740MB hwm=4740MB
RSS_SAMPLE t=907.8s rss=4740MB hwm=4740MB
RSS_SAMPLE t=908.0s rss=4741MB hwm=4741MB
RSS_SAMPLE t=908.3s rss=4741MB hwm=4741MB
RSS_SAMPLE t=908.5s rss=4741MB hwm=4741MB
RSS_SAMPLE t=908.8s rss=4741MB hwm=4741MB
RSS_SAMPLE t=909.0s rss=4741MB hwm=4741MB
RSS_SAMPLE t=909.3s rss=4741MB hwm=4741MB
RSS_SAMPLE t=909.5s rss=4741MB hwm=4741MB
RSS_SAMPLE t=909.8s rss=4742MB hwm=4742MB
RSS_SAMPLE t=910.0s rss=4742MB hwm=4742MB
RSS_SAMPLE t=910.3s rss=4742MB hwm=4742MB
RSS_SAMPLE t=910.5s rss=4742MB hwm=4742MB
RSS_SAMPLE t=910.8s rss=4742MB hwm=4742MB
RSS_SAMPLE t=911.0s rss=4742MB hwm=4742MB
RSS_SAMPLE t=911.3s rss=4742MB hwm=4742MB
RSS_SAMPLE t=911.5s rss=4742MB hwm=4742MB
RSS_SAMPLE t=911.8s rss=4742MB hwm=4742MB
RSS_SAMPLE t=912.0s rss=4743MB hwm=4743MB
RSS_SAMPLE t=912.3s rss=4743MB hwm=4743MB
RSS_SAMPLE t=912.5s rss=4743MB hwm=4743MB
RSS_SAMPLE t=912.8s rss=4743MB hwm=4743MB
RSS_SAMPLE t=913.0s rss=4743MB hwm=4743MB
RSS_SAMPLE t=913.3s rss=4743MB hwm=4743MB
RSS_SAMPLE t=913.5s rss=4743MB hwm=4743MB
RSS_SAMPLE t=913.8s rss=4743MB hwm=4743MB
RSS_SAMPLE t=914.0s rss=4743MB hwm=4743MB
RSS_SAMPLE t=914.3s rss=4743MB hwm=4743MB
RSS_SAMPLE t=914.5s rss=4743MB hwm=4743MB
RSS_SAMPLE t=914.8s rss=4744MB hwm=4744MB
RSS_SAMPLE t=915.0s rss=4744MB hwm=4744MB
RSS_SAMPLE t=915.3s rss=4744MB hwm=4744MB
RSS_SAMPLE t=915.5s rss=4744MB hwm=4744MB
RSS_SAMPLE t=915.8s rss=4744MB hwm=4744MB
RSS_SAMPLE t=916.0s rss=4744MB hwm=4744MB
RSS_SAMPLE t=916.3s rss=4744MB hwm=4744MB
RSS_SAMPLE t=916.5s rss=4744MB hwm=4744MB
RSS_SAMPLE t=916.8s rss=4744MB hwm=4744MB
RSS_SAMPLE t=917.0s rss=4744MB hwm=4744MB
RSS_SAMPLE t=917.3s rss=4744MB hwm=4744MB
RSS_SAMPLE t=917.5s rss=4745MB hwm=4745MB
RSS_SAMPLE t=917.8s rss=4745MB hwm=4745MB
RSS_SAMPLE t=918.0s rss=4745MB hwm=4745MB
RSS_SAMPLE t=918.3s rss=4745MB hwm=4745MB
RSS_SAMPLE t=918.5s rss=4745MB hwm=4745MB
RSS_SAMPLE t=918.8s rss=4745MB hwm=4745MB
RSS_SAMPLE t=919.0s rss=4746MB hwm=4746MB
RSS_SAMPLE t=919.3s rss=4746MB hwm=4746MB
RSS_SAMPLE t=919.5s rss=4746MB hwm=4746MB
RSS_SAMPLE t=919.8s rss=4746MB hwm=4746MB
RSS_SAMPLE t=920.0s rss=4746MB hwm=4746MB
RSS_SAMPLE t=920.3s rss=4746MB hwm=4746MB
RSS_SAMPLE t=920.5s rss=4746MB hwm=4746MB
RSS_SAMPLE t=920.8s rss=4746MB hwm=4746MB
RSS_SAMPLE t=921.0s rss=4746MB hwm=4746MB
RSS_SAMPLE t=921.3s rss=4746MB hwm=4746MB
RSS_SAMPLE t=921.5s rss=4746MB hwm=4746MB
RSS_SAMPLE t=921.8s rss=4746MB hwm=4746MB
RSS_SAMPLE t=922.0s rss=4746MB hwm=4746MB
RSS_SAMPLE t=922.3s rss=4746MB hwm=4746MB
RSS_SAMPLE t=922.5s rss=4746MB hwm=4746MB
RSS_SAMPLE t=922.8s rss=4746MB hwm=4746MB
RSS_SAMPLE t=923.0s rss=4746MB hwm=4746MB
RSS_SAMPLE t=923.3s rss=4746MB hwm=4746MB
RSS_SAMPLE t=923.5s rss=4746MB hwm=4746MB
RSS_SAMPLE t=923.8s rss=4746MB hwm=4746MB
RSS_SAMPLE t=924.0s rss=4746MB hwm=4746MB
RSS_SAMPLE t=924.3s rss=4746MB hwm=4746MB
RSS_SAMPLE t=924.5s rss=4746MB hwm=4746MB
RSS_SAMPLE t=924.8s rss=4746MB hwm=4746MB
RSS_SAMPLE t=925.0s rss=4746MB hwm=4746MB
RSS_SAMPLE t=925.3s rss=4746MB hwm=4746MB
RSS_SAMPLE t=925.5s rss=4746MB hwm=4746MB
RSS_SAMPLE t=925.8s rss=4746MB hwm=4746MB
RSS_SAMPLE t=926.0s rss=4746MB hwm=4746MB
RSS_SAMPLE t=926.3s rss=4746MB hwm=4746MB
RSS_SAMPLE t=926.5s rss=4746MB hwm=4746MB
RSS_SAMPLE t=926.8s rss=4746MB hwm=4746MB
RSS_SAMPLE t=927.0s rss=4746MB hwm=4746MB
RSS_SAMPLE t=927.3s rss=4746MB hwm=4746MB
RSS_SAMPLE t=927.5s rss=4746MB hwm=4746MB
RSS_SAMPLE t=927.8s rss=4746MB hwm=4746MB
RSS_SAMPLE t=928.0s rss=4746MB hwm=4746MB
RSS_SAMPLE t=928.3s rss=4746MB hwm=4746MB
RSS_SAMPLE t=928.5s rss=4746MB hwm=4746MB
RSS_SAMPLE t=928.8s rss=4746MB hwm=4746MB
RSS_SAMPLE t=929.0s rss=4746MB hwm=4746MB
RSS_SAMPLE t=929.3s rss=4746MB hwm=4746MB
RSS_SAMPLE t=929.5s rss=4746MB hwm=4746MB
RSS_SAMPLE t=929.8s rss=4747MB hwm=4747MB
RSS_SAMPLE t=930.0s rss=4747MB hwm=4747MB
RSS_SAMPLE t=930.3s rss=4747MB hwm=4747MB
RSS_SAMPLE t=930.5s rss=4747MB hwm=4747MB
RSS_SAMPLE t=930.8s rss=4747MB hwm=4747MB
RSS_SAMPLE t=931.0s rss=4747MB hwm=4747MB
RSS_SAMPLE t=931.3s rss=4747MB hwm=4747MB
RSS_SAMPLE t=931.5s rss=4747MB hwm=4747MB
RSS_SAMPLE t=931.8s rss=4747MB hwm=4747MB
RSS_SAMPLE t=932.0s rss=4747MB hwm=4747MB
RSS_SAMPLE t=932.3s rss=4747MB hwm=4747MB
RSS_SAMPLE t=932.5s rss=4747MB hwm=4747MB
RSS_SAMPLE t=932.8s rss=4747MB hwm=4747MB
RSS_SAMPLE t=933.0s rss=4747MB hwm=4747MB
RSS_SAMPLE t=933.3s rss=4747MB hwm=4747MB
RSS_SAMPLE t=933.5s rss=4747MB hwm=4747MB
RSS_SAMPLE t=933.8s rss=4747MB hwm=4747MB
RSS_SAMPLE t=934.0s rss=4747MB hwm=4747MB
RSS_SAMPLE t=934.3s rss=4747MB hwm=4747MB
RSS_SAMPLE t=934.5s rss=4747MB hwm=4747MB
RSS_SAMPLE t=934.8s rss=4747MB hwm=4747MB
RSS_SAMPLE t=935.0s rss=4747MB hwm=4747MB
RSS_SAMPLE t=935.3s rss=4747MB hwm=4747MB
RSS_SAMPLE t=935.5s rss=4747MB hwm=4747MB
RSS_SAMPLE t=935.8s rss=4747MB hwm=4747MB
RSS_SAMPLE t=936.0s rss=4747MB hwm=4747MB
RSS_SAMPLE t=936.3s rss=4747MB hwm=4747MB
RSS_SAMPLE t=936.5s rss=4747MB hwm=4747MB
RSS_SAMPLE t=936.8s rss=4747MB hwm=4747MB
RSS_SAMPLE t=937.0s rss=4747MB hwm=4747MB
RSS_SAMPLE t=937.3s rss=4747MB hwm=4747MB
RSS_SAMPLE t=937.5s rss=4747MB hwm=4747MB
RSS_SAMPLE t=937.8s rss=4747MB hwm=4747MB
RSS_SAMPLE t=938.0s rss=4747MB hwm=4747MB
RSS_SAMPLE t=938.3s rss=4747MB hwm=4747MB
RSS_SAMPLE t=938.5s rss=4747MB hwm=4747MB
RSS_SAMPLE t=938.8s rss=4747MB hwm=4747MB
RSS_SAMPLE t=939.0s rss=4747MB hwm=4747MB
RSS_SAMPLE t=939.3s rss=4747MB hwm=4747MB
RSS_SAMPLE t=939.5s rss=4747MB hwm=4747MB
RSS_SAMPLE t=939.8s rss=4747MB hwm=4747MB
RSS_SAMPLE t=940.0s rss=4747MB hwm=4747MB
RSS_SAMPLE t=940.3s rss=4747MB hwm=4747MB
RSS_SAMPLE t=940.5s rss=4747MB hwm=4747MB
RSS_SAMPLE t=940.8s rss=4747MB hwm=4747MB
RSS_SAMPLE t=941.0s rss=4747MB hwm=4747MB
RSS_SAMPLE t=941.3s rss=4747MB hwm=4747MB
RSS_SAMPLE t=941.5s rss=4747MB hwm=4747MB
RSS_SAMPLE t=941.8s rss=4747MB hwm=4747MB
RSS_SAMPLE t=942.0s rss=4747MB hwm=4747MB
RSS_SAMPLE t=942.3s rss=4747MB hwm=4747MB
RSS_SAMPLE t=942.5s rss=4747MB hwm=4747MB
RSS_SAMPLE t=942.8s rss=4747MB hwm=4747MB
RSS_SAMPLE t=943.0s rss=4747MB hwm=4747MB
RSS_SAMPLE t=943.3s rss=4747MB hwm=4747MB
RSS_SAMPLE t=943.5s rss=4747MB hwm=4747MB
RSS_SAMPLE t=943.8s rss=4747MB hwm=4747MB
RSS_SAMPLE t=944.0s rss=4747MB hwm=4747MB
RSS_SAMPLE t=944.3s rss=4747MB hwm=4747MB
RSS_SAMPLE t=944.5s rss=4747MB hwm=4747MB
RSS_SAMPLE t=944.8s rss=4747MB hwm=4747MB
RSS_SAMPLE t=945.0s rss=4747MB hwm=4747MB
RSS_SAMPLE t=945.3s rss=4747MB hwm=4747MB
RSS_SAMPLE t=945.5s rss=4747MB hwm=4747MB
RSS_SAMPLE t=945.8s rss=4747MB hwm=4747MB
RSS_SAMPLE t=946.0s rss=4747MB hwm=4747MB
RSS_SAMPLE t=946.3s rss=4747MB hwm=4747MB
MEM_POOL: workspaces=32 dense_usage_mb=1251 n_pipes=2562403
    post_solve_diag[outer=11]: solves=105117 cap_armed=105117 (100.0%) settle_avg=5733 above_sink_avg=205 (3.6%) settle_max=69353
    load_support[outer=11]: settle_avg=5733 load_nz_avg=4876 (85.0%) load_material_avg=3174 (55.4%)
    prune_ceiling[outer=11]: settle_avg=5733 heuristic_prunable_avg=634 (11.1%) vs oracle_zero_load=15.0%
    settle_hist[outer=11]: <100: 26608nets/0.1%work  <1k: 24225nets/1.5%work  <5k: 24598nets/10.8%work  <20k: 19717nets/34.5%work  <60k: 9762nets/50.9%work  >=60k: 207nets/2.2%work
    fanout_hist[outer=11]: fan1: 43710nets/13.5%work  fan2-4: 48279nets/50.1%work  fan5-16: 12974nets/35.5%work  fan17-64: 154nets/1.0%work  fan65-256: 0nets/0.0%work  fan>256: 0nets/0.0%work
    rss_probe[outer=11]: pre_post_solve=4731MB post_post_solve=4747MB after_apply=4747MB
RSS_SAMPLE t=946.5s rss=4747MB hwm=4747MB
    E_decomp: base=7481109.6 eff=465505823766270.8 cong=465505816285161.2 cong_share=100.0% sat_pipes=189695 max_util=1898.19  R_buckets: 1-2x=999986 2-10x=862452 10-100x=215044 >=100x=484921
    E_potential: beckmann=117368695772980.1 history_total=0.0
    SpanCache: epoch=12 entries=2988 lookups=2562403 hits=2559415 misses=2988 hit_rate=99.9%
  DCD  11: nets=105117 line=12300175 energy=1332932536.145 dE=-1567925839.551 friction=8696835.3 bins=1.9x(158) excess=43.1 moved=67480 disp=5.049 solves=105117 skip=105117 pops=602607521 theta=1.416 refresh=69754ms dcd=6621ms total=79005ms
    cache_stats: entries=61717333 capacity=122962370 est_mb=1060 rss_mb=4747
RSS_SAMPLE t=946.8s rss=4747MB hwm=4747MB
RSS_SAMPLE t=947.0s rss=4747MB hwm=4747MB
RSS_SAMPLE t=947.3s rss=4747MB hwm=4747MB
RSS_SAMPLE t=947.5s rss=4747MB hwm=4747MB
RSS_SAMPLE t=947.8s rss=4747MB hwm=4747MB
RSS_SAMPLE t=948.0s rss=4747MB hwm=4747MB
RSS_SAMPLE t=948.3s rss=4747MB hwm=4747MB
RSS_SAMPLE t=948.5s rss=4747MB hwm=4747MB
RSS_SAMPLE t=948.8s rss=4747MB hwm=4747MB
RSS_SAMPLE t=949.0s rss=4747MB hwm=4747MB
RSS_SAMPLE t=949.3s rss=4747MB hwm=4747MB
    SwitchMatrix: type_usage_pairs=860 lookups=2605 hits=1745 dijkstra_calls=860 avg_us=10.0 total_ms=8.6
PHASE_MARK outer=12 enter=pre_solve rss=4747MB
    rss_probe[outer=12]: pre_refresh_rss=4747MB post_pre_solve_rss=4747MB cache_entries=61717333 cache_cap=122962370 cache_est_mb=1060
    pre_solve_diag[outer=12]: solves=0 fallback=0 (0.0%) cap_armed=0 (0.0%) settle_avg=0 settle_max=0 init_count=245
    Overflow: over=158814 (6.2% of used) avg_excess=2.92 max_excess=2376.84 (nc=2400.84 cap=24 span=1)  excess_buckets: <=1=83691 1-5=56085 5-20=16477 >20=2561  by_cap: cap1=64846 cap2=91558 cap3-5=0 cap>5=2410  by_span: s1=487 s2-3=790 s4-6=2006 s7-12=89011 s>12=66520  le1_cross: cap1=53722 cap2-5=29692 cap>5=277
    Congestion: pipes=2562403 used=2562403 congested(>50%)=493490 saturated(>90%)=189695 max_util=1898.19 avg_util=0.3593
PHASE_MARK outer=12 enter=dcd_sweep rss=4747MB
RSS_SAMPLE t=949.5s rss=4747MB hwm=4747MB
RSS_SAMPLE t=949.8s rss=4747MB hwm=4747MB
RSS_SAMPLE t=950.1s rss=4747MB hwm=4747MB
RSS_SAMPLE t=950.3s rss=4747MB hwm=4747MB
RSS_SAMPLE t=950.6s rss=4747MB hwm=4747MB
RSS_SAMPLE t=950.8s rss=4747MB hwm=4747MB
RSS_SAMPLE t=951.1s rss=4747MB hwm=4747MB
RSS_SAMPLE t=951.3s rss=4747MB hwm=4747MB
RSS_SAMPLE t=951.6s rss=4747MB hwm=4747MB
RSS_SAMPLE t=951.8s rss=4747MB hwm=4747MB
RSS_SAMPLE t=952.1s rss=4747MB hwm=4747MB
RSS_SAMPLE t=952.3s rss=4747MB hwm=4747MB
RSS_SAMPLE t=952.6s rss=4747MB hwm=4747MB
RSS_SAMPLE t=952.8s rss=4747MB hwm=4747MB
RSS_SAMPLE t=953.1s rss=4747MB hwm=4747MB
RSS_SAMPLE t=953.3s rss=4747MB hwm=4747MB
RSS_SAMPLE t=953.6s rss=4747MB hwm=4747MB
RSS_SAMPLE t=953.8s rss=4747MB hwm=4747MB
RSS_SAMPLE t=954.1s rss=4747MB hwm=4747MB
RSS_SAMPLE t=954.3s rss=4747MB hwm=4747MB
RSS_SAMPLE t=954.6s rss=4747MB hwm=4747MB
RSS_SAMPLE t=954.8s rss=4747MB hwm=4747MB
RSS_SAMPLE t=955.1s rss=4747MB hwm=4747MB
RSS_SAMPLE t=955.3s rss=4747MB hwm=4747MB
RSS_SAMPLE t=955.6s rss=4747MB hwm=4747MB
RSS_SAMPLE t=955.8s rss=4747MB hwm=4747MB
PHASE_MARK outer=12 leave=dcd_sweep rss=4747MB
PHASE_MARK outer=12 enter=post_refresh rss=4747MB
RSS_SAMPLE t=956.1s rss=4747MB hwm=4747MB
RSS_SAMPLE t=956.3s rss=4747MB hwm=4747MB
RSS_SAMPLE t=956.6s rss=4747MB hwm=4747MB
RSS_SAMPLE t=956.8s rss=4747MB hwm=4747MB
RSS_SAMPLE t=957.1s rss=4747MB hwm=4747MB
RSS_SAMPLE t=957.3s rss=4747MB hwm=4747MB
RSS_SAMPLE t=957.6s rss=4747MB hwm=4747MB
RSS_SAMPLE t=957.8s rss=4747MB hwm=4747MB
RSS_SAMPLE t=958.1s rss=4747MB hwm=4747MB
RSS_SAMPLE t=958.3s rss=4747MB hwm=4747MB
RSS_SAMPLE t=958.6s rss=4747MB hwm=4747MB
RSS_SAMPLE t=958.8s rss=4747MB hwm=4747MB
RSS_SAMPLE t=959.1s rss=4747MB hwm=4747MB
RSS_SAMPLE t=959.3s rss=4747MB hwm=4747MB
RSS_SAMPLE t=959.6s rss=4747MB hwm=4747MB
RSS_SAMPLE t=959.8s rss=4747MB hwm=4747MB
RSS_SAMPLE t=960.1s rss=4747MB hwm=4747MB
RSS_SAMPLE t=960.3s rss=4747MB hwm=4747MB
RSS_SAMPLE t=960.6s rss=4747MB hwm=4747MB
RSS_SAMPLE t=960.8s rss=4748MB hwm=4748MB
RSS_SAMPLE t=961.1s rss=4748MB hwm=4748MB
RSS_SAMPLE t=961.3s rss=4748MB hwm=4748MB
RSS_SAMPLE t=961.6s rss=4748MB hwm=4748MB
RSS_SAMPLE t=961.8s rss=4748MB hwm=4748MB
RSS_SAMPLE t=962.1s rss=4748MB hwm=4748MB
RSS_SAMPLE t=962.3s rss=4748MB hwm=4748MB
RSS_SAMPLE t=962.6s rss=4748MB hwm=4748MB
RSS_SAMPLE t=962.8s rss=4748MB hwm=4748MB
RSS_SAMPLE t=963.1s rss=4748MB hwm=4748MB
RSS_SAMPLE t=963.3s rss=4749MB hwm=4749MB
RSS_SAMPLE t=963.6s rss=4749MB hwm=4749MB
RSS_SAMPLE t=963.8s rss=4749MB hwm=4749MB
RSS_SAMPLE t=964.1s rss=4749MB hwm=4749MB
RSS_SAMPLE t=964.3s rss=4749MB hwm=4749MB
RSS_SAMPLE t=964.6s rss=4749MB hwm=4749MB
RSS_SAMPLE t=964.8s rss=4750MB hwm=4750MB
RSS_SAMPLE t=965.1s rss=4750MB hwm=4750MB
RSS_SAMPLE t=965.3s rss=4750MB hwm=4750MB
RSS_SAMPLE t=965.6s rss=4750MB hwm=4750MB
RSS_SAMPLE t=965.8s rss=4750MB hwm=4750MB
RSS_SAMPLE t=966.1s rss=4751MB hwm=4751MB
RSS_SAMPLE t=966.3s rss=4751MB hwm=4751MB
RSS_SAMPLE t=966.6s rss=4751MB hwm=4751MB
RSS_SAMPLE t=966.8s rss=4751MB hwm=4751MB
RSS_SAMPLE t=967.1s rss=4752MB hwm=4752MB
RSS_SAMPLE t=967.3s rss=4752MB hwm=4752MB
RSS_SAMPLE t=967.6s rss=4752MB hwm=4752MB
RSS_SAMPLE t=967.8s rss=4753MB hwm=4753MB
RSS_SAMPLE t=968.1s rss=4753MB hwm=4753MB
RSS_SAMPLE t=968.3s rss=4753MB hwm=4753MB
RSS_SAMPLE t=968.6s rss=4753MB hwm=4753MB
RSS_SAMPLE t=968.8s rss=4753MB hwm=4753MB
RSS_SAMPLE t=969.1s rss=4754MB hwm=4754MB
RSS_SAMPLE t=969.3s rss=4754MB hwm=4754MB
RSS_SAMPLE t=969.6s rss=4755MB hwm=4755MB
RSS_SAMPLE t=969.8s rss=4755MB hwm=4755MB
RSS_SAMPLE t=970.1s rss=4755MB hwm=4755MB
RSS_SAMPLE t=970.3s rss=4755MB hwm=4755MB
RSS_SAMPLE t=970.6s rss=4755MB hwm=4755MB
RSS_SAMPLE t=970.8s rss=4755MB hwm=4755MB
RSS_SAMPLE t=971.1s rss=4756MB hwm=4756MB
RSS_SAMPLE t=971.3s rss=4756MB hwm=4756MB
RSS_SAMPLE t=971.6s rss=4756MB hwm=4756MB
RSS_SAMPLE t=971.8s rss=4757MB hwm=4757MB
RSS_SAMPLE t=972.1s rss=4757MB hwm=4757MB
RSS_SAMPLE t=972.3s rss=4757MB hwm=4757MB
RSS_SAMPLE t=972.6s rss=4758MB hwm=4758MB
RSS_SAMPLE t=972.8s rss=4758MB hwm=4758MB
RSS_SAMPLE t=973.1s rss=4758MB hwm=4758MB
RSS_SAMPLE t=973.3s rss=4759MB hwm=4759MB
RSS_SAMPLE t=973.6s rss=4759MB hwm=4759MB
RSS_SAMPLE t=973.8s rss=4759MB hwm=4759MB
RSS_SAMPLE t=974.1s rss=4760MB hwm=4760MB
RSS_SAMPLE t=974.3s rss=4760MB hwm=4760MB
RSS_SAMPLE t=974.6s rss=4760MB hwm=4760MB
RSS_SAMPLE t=974.8s rss=4760MB hwm=4760MB
RSS_SAMPLE t=975.1s rss=4760MB hwm=4760MB
RSS_SAMPLE t=975.3s rss=4760MB hwm=4760MB
RSS_SAMPLE t=975.6s rss=4761MB hwm=4761MB
RSS_SAMPLE t=975.8s rss=4761MB hwm=4761MB
RSS_SAMPLE t=976.1s rss=4761MB hwm=4761MB
RSS_SAMPLE t=976.3s rss=4761MB hwm=4761MB
RSS_SAMPLE t=976.6s rss=4761MB hwm=4761MB
RSS_SAMPLE t=976.8s rss=4761MB hwm=4761MB
RSS_SAMPLE t=977.1s rss=4761MB hwm=4761MB
RSS_SAMPLE t=977.3s rss=4761MB hwm=4761MB
RSS_SAMPLE t=977.6s rss=4762MB hwm=4762MB
RSS_SAMPLE t=977.8s rss=4762MB hwm=4762MB
RSS_SAMPLE t=978.1s rss=4762MB hwm=4762MB
RSS_SAMPLE t=978.3s rss=4762MB hwm=4762MB
RSS_SAMPLE t=978.6s rss=4762MB hwm=4762MB
RSS_SAMPLE t=978.8s rss=4762MB hwm=4762MB
RSS_SAMPLE t=979.1s rss=4763MB hwm=4763MB
RSS_SAMPLE t=979.3s rss=4763MB hwm=4763MB
RSS_SAMPLE t=979.6s rss=4763MB hwm=4763MB
RSS_SAMPLE t=979.8s rss=4763MB hwm=4763MB
RSS_SAMPLE t=980.1s rss=4763MB hwm=4763MB
RSS_SAMPLE t=980.3s rss=4763MB hwm=4763MB
RSS_SAMPLE t=980.6s rss=4763MB hwm=4763MB
RSS_SAMPLE t=980.8s rss=4763MB hwm=4763MB
RSS_SAMPLE t=981.1s rss=4763MB hwm=4763MB
RSS_SAMPLE t=981.3s rss=4763MB hwm=4763MB
RSS_SAMPLE t=981.6s rss=4763MB hwm=4763MB
RSS_SAMPLE t=981.8s rss=4763MB hwm=4763MB
RSS_SAMPLE t=982.1s rss=4763MB hwm=4763MB
RSS_SAMPLE t=982.3s rss=4763MB hwm=4763MB
RSS_SAMPLE t=982.6s rss=4763MB hwm=4763MB
RSS_SAMPLE t=982.8s rss=4763MB hwm=4763MB
RSS_SAMPLE t=983.1s rss=4764MB hwm=4764MB
RSS_SAMPLE t=983.3s rss=4764MB hwm=4764MB
RSS_SAMPLE t=983.6s rss=4764MB hwm=4764MB
RSS_SAMPLE t=983.8s rss=4764MB hwm=4764MB
RSS_SAMPLE t=984.1s rss=4764MB hwm=4764MB
RSS_SAMPLE t=984.3s rss=4765MB hwm=4765MB
RSS_SAMPLE t=984.6s rss=4765MB hwm=4765MB
RSS_SAMPLE t=984.8s rss=4765MB hwm=4765MB
RSS_SAMPLE t=985.1s rss=4765MB hwm=4765MB
RSS_SAMPLE t=985.3s rss=4765MB hwm=4765MB
RSS_SAMPLE t=985.6s rss=4765MB hwm=4765MB
RSS_SAMPLE t=985.8s rss=4765MB hwm=4765MB
RSS_SAMPLE t=986.1s rss=4766MB hwm=4766MB
RSS_SAMPLE t=986.3s rss=4766MB hwm=4766MB
RSS_SAMPLE t=986.6s rss=4766MB hwm=4766MB
RSS_SAMPLE t=986.8s rss=4766MB hwm=4766MB
RSS_SAMPLE t=987.1s rss=4766MB hwm=4766MB
RSS_SAMPLE t=987.3s rss=4766MB hwm=4766MB
RSS_SAMPLE t=987.6s rss=4766MB hwm=4766MB
RSS_SAMPLE t=987.8s rss=4766MB hwm=4766MB
RSS_SAMPLE t=988.1s rss=4766MB hwm=4766MB
RSS_SAMPLE t=988.3s rss=4766MB hwm=4766MB
RSS_SAMPLE t=988.6s rss=4767MB hwm=4767MB
RSS_SAMPLE t=988.8s rss=4767MB hwm=4767MB
RSS_SAMPLE t=989.1s rss=4767MB hwm=4767MB
RSS_SAMPLE t=989.3s rss=4767MB hwm=4767MB
RSS_SAMPLE t=989.6s rss=4767MB hwm=4767MB
RSS_SAMPLE t=989.8s rss=4767MB hwm=4767MB
RSS_SAMPLE t=990.1s rss=4767MB hwm=4767MB
RSS_SAMPLE t=990.3s rss=4767MB hwm=4767MB
RSS_SAMPLE t=990.6s rss=4767MB hwm=4767MB
RSS_SAMPLE t=990.8s rss=4767MB hwm=4767MB
RSS_SAMPLE t=991.1s rss=4767MB hwm=4767MB
RSS_SAMPLE t=991.3s rss=4767MB hwm=4767MB
RSS_SAMPLE t=991.6s rss=4767MB hwm=4767MB
RSS_SAMPLE t=991.8s rss=4768MB hwm=4768MB
RSS_SAMPLE t=992.1s rss=4768MB hwm=4768MB
RSS_SAMPLE t=992.3s rss=4768MB hwm=4768MB
RSS_SAMPLE t=992.6s rss=4768MB hwm=4768MB
RSS_SAMPLE t=992.8s rss=4768MB hwm=4768MB
RSS_SAMPLE t=993.1s rss=4769MB hwm=4769MB
RSS_SAMPLE t=993.3s rss=4769MB hwm=4769MB
RSS_SAMPLE t=993.6s rss=4769MB hwm=4769MB
RSS_SAMPLE t=993.8s rss=4769MB hwm=4769MB
RSS_SAMPLE t=994.1s rss=4769MB hwm=4769MB
RSS_SAMPLE t=994.3s rss=4769MB hwm=4769MB
RSS_SAMPLE t=994.6s rss=4769MB hwm=4769MB
RSS_SAMPLE t=994.8s rss=4769MB hwm=4769MB
RSS_SAMPLE t=995.1s rss=4769MB hwm=4769MB
RSS_SAMPLE t=995.3s rss=4769MB hwm=4769MB
RSS_SAMPLE t=995.6s rss=4769MB hwm=4769MB
RSS_SAMPLE t=995.8s rss=4769MB hwm=4769MB
RSS_SAMPLE t=996.1s rss=4769MB hwm=4769MB
RSS_SAMPLE t=996.3s rss=4769MB hwm=4769MB
RSS_SAMPLE t=996.6s rss=4769MB hwm=4769MB
RSS_SAMPLE t=996.8s rss=4769MB hwm=4769MB
RSS_SAMPLE t=997.1s rss=4769MB hwm=4769MB
RSS_SAMPLE t=997.3s rss=4769MB hwm=4769MB
RSS_SAMPLE t=997.6s rss=4769MB hwm=4769MB
RSS_SAMPLE t=997.8s rss=4769MB hwm=4769MB
RSS_SAMPLE t=998.1s rss=4769MB hwm=4769MB
RSS_SAMPLE t=998.3s rss=4769MB hwm=4769MB
RSS_SAMPLE t=998.6s rss=4769MB hwm=4769MB
RSS_SAMPLE t=998.8s rss=4769MB hwm=4769MB
RSS_SAMPLE t=999.1s rss=4769MB hwm=4769MB
RSS_SAMPLE t=999.3s rss=4769MB hwm=4769MB
RSS_SAMPLE t=999.6s rss=4769MB hwm=4769MB
RSS_SAMPLE t=999.8s rss=4769MB hwm=4769MB
RSS_SAMPLE t=1000.1s rss=4770MB hwm=4770MB
RSS_SAMPLE t=1000.3s rss=4770MB hwm=4770MB
RSS_SAMPLE t=1000.6s rss=4770MB hwm=4770MB
RSS_SAMPLE t=1000.8s rss=4770MB hwm=4770MB
RSS_SAMPLE t=1001.1s rss=4770MB hwm=4770MB
RSS_SAMPLE t=1001.3s rss=4770MB hwm=4770MB
RSS_SAMPLE t=1001.6s rss=4770MB hwm=4770MB
RSS_SAMPLE t=1001.8s rss=4770MB hwm=4770MB
RSS_SAMPLE t=1002.1s rss=4770MB hwm=4770MB
RSS_SAMPLE t=1002.3s rss=4770MB hwm=4770MB
RSS_SAMPLE t=1002.6s rss=4770MB hwm=4770MB
RSS_SAMPLE t=1002.8s rss=4770MB hwm=4770MB
RSS_SAMPLE t=1003.1s rss=4770MB hwm=4770MB
RSS_SAMPLE t=1003.3s rss=4770MB hwm=4770MB
RSS_SAMPLE t=1003.6s rss=4770MB hwm=4770MB
RSS_SAMPLE t=1003.8s rss=4770MB hwm=4770MB
RSS_SAMPLE t=1004.1s rss=4770MB hwm=4770MB
RSS_SAMPLE t=1004.3s rss=4770MB hwm=4770MB
RSS_SAMPLE t=1004.6s rss=4770MB hwm=4770MB
RSS_SAMPLE t=1004.8s rss=4770MB hwm=4770MB
RSS_SAMPLE t=1005.1s rss=4770MB hwm=4770MB
RSS_SAMPLE t=1005.3s rss=4770MB hwm=4770MB
RSS_SAMPLE t=1005.6s rss=4770MB hwm=4770MB
RSS_SAMPLE t=1005.8s rss=4770MB hwm=4770MB
RSS_SAMPLE t=1006.1s rss=4770MB hwm=4770MB
RSS_SAMPLE t=1006.3s rss=4770MB hwm=4770MB
RSS_SAMPLE t=1006.6s rss=4770MB hwm=4770MB
RSS_SAMPLE t=1006.8s rss=4770MB hwm=4770MB
RSS_SAMPLE t=1007.1s rss=4770MB hwm=4770MB
RSS_SAMPLE t=1007.3s rss=4770MB hwm=4770MB
RSS_SAMPLE t=1007.6s rss=4770MB hwm=4770MB
RSS_SAMPLE t=1007.9s rss=4770MB hwm=4770MB
RSS_SAMPLE t=1008.1s rss=4770MB hwm=4770MB
RSS_SAMPLE t=1008.4s rss=4770MB hwm=4770MB
RSS_SAMPLE t=1008.6s rss=4770MB hwm=4770MB
RSS_SAMPLE t=1008.9s rss=4770MB hwm=4770MB
RSS_SAMPLE t=1009.1s rss=4770MB hwm=4770MB
RSS_SAMPLE t=1009.4s rss=4770MB hwm=4770MB
RSS_SAMPLE t=1009.6s rss=4770MB hwm=4770MB
RSS_SAMPLE t=1009.9s rss=4770MB hwm=4770MB
RSS_SAMPLE t=1010.1s rss=4770MB hwm=4770MB
RSS_SAMPLE t=1010.4s rss=4770MB hwm=4770MB
RSS_SAMPLE t=1010.6s rss=4770MB hwm=4770MB
RSS_SAMPLE t=1010.9s rss=4770MB hwm=4770MB
RSS_SAMPLE t=1011.1s rss=4770MB hwm=4770MB
RSS_SAMPLE t=1011.4s rss=4770MB hwm=4770MB
RSS_SAMPLE t=1011.6s rss=4770MB hwm=4770MB
RSS_SAMPLE t=1011.9s rss=4770MB hwm=4770MB
RSS_SAMPLE t=1012.1s rss=4770MB hwm=4770MB
RSS_SAMPLE t=1012.4s rss=4770MB hwm=4770MB
RSS_SAMPLE t=1012.6s rss=4770MB hwm=4770MB
RSS_SAMPLE t=1012.9s rss=4770MB hwm=4770MB
RSS_SAMPLE t=1013.1s rss=4770MB hwm=4770MB
RSS_SAMPLE t=1013.4s rss=4770MB hwm=4770MB
RSS_SAMPLE t=1013.6s rss=4770MB hwm=4770MB
RSS_SAMPLE t=1013.9s rss=4770MB hwm=4770MB
RSS_SAMPLE t=1014.1s rss=4770MB hwm=4770MB
RSS_SAMPLE t=1014.4s rss=4770MB hwm=4770MB
RSS_SAMPLE t=1014.6s rss=4770MB hwm=4770MB
RSS_SAMPLE t=1014.9s rss=4770MB hwm=4770MB
RSS_SAMPLE t=1015.1s rss=4770MB hwm=4770MB
RSS_SAMPLE t=1015.4s rss=4770MB hwm=4770MB
RSS_SAMPLE t=1015.6s rss=4770MB hwm=4770MB
RSS_SAMPLE t=1015.9s rss=4770MB hwm=4770MB
RSS_SAMPLE t=1016.1s rss=4770MB hwm=4770MB
RSS_SAMPLE t=1016.4s rss=4770MB hwm=4770MB
RSS_SAMPLE t=1016.6s rss=4770MB hwm=4770MB
RSS_SAMPLE t=1016.9s rss=4770MB hwm=4770MB
RSS_SAMPLE t=1017.1s rss=4770MB hwm=4770MB
RSS_SAMPLE t=1017.4s rss=4770MB hwm=4770MB
RSS_SAMPLE t=1017.6s rss=4771MB hwm=4771MB
RSS_SAMPLE t=1017.9s rss=4771MB hwm=4771MB
RSS_SAMPLE t=1018.1s rss=4771MB hwm=4771MB
RSS_SAMPLE t=1018.4s rss=4771MB hwm=4771MB
RSS_SAMPLE t=1018.6s rss=4771MB hwm=4771MB
RSS_SAMPLE t=1018.9s rss=4771MB hwm=4771MB
RSS_SAMPLE t=1019.1s rss=4771MB hwm=4771MB
RSS_SAMPLE t=1019.4s rss=4771MB hwm=4771MB
RSS_SAMPLE t=1019.6s rss=4771MB hwm=4771MB
RSS_SAMPLE t=1019.9s rss=4771MB hwm=4771MB
RSS_SAMPLE t=1020.1s rss=4771MB hwm=4771MB
RSS_SAMPLE t=1020.4s rss=4771MB hwm=4771MB
RSS_SAMPLE t=1020.6s rss=4771MB hwm=4771MB
RSS_SAMPLE t=1020.9s rss=4771MB hwm=4771MB
RSS_SAMPLE t=1021.1s rss=4771MB hwm=4771MB
RSS_SAMPLE t=1021.4s rss=4771MB hwm=4771MB
MEM_POOL: workspaces=32 dense_usage_mb=1251 n_pipes=2562403
    post_solve_diag[outer=12]: solves=105117 cap_armed=105117 (100.0%) settle_avg=5459 above_sink_avg=225 (4.1%) settle_max=69353
    load_support[outer=12]: settle_avg=5459 load_nz_avg=4655 (85.3%) load_material_avg=2996 (54.9%)
    prune_ceiling[outer=12]: settle_avg=5459 heuristic_prunable_avg=630 (11.5%) vs oracle_zero_load=14.7%
    settle_hist[outer=12]: <100: 25624nets/0.2%work  <1k: 25848nets/1.6%work  <5k: 24760nets/11.4%work  <20k: 19707nets/36.1%work  <60k: 9020nets/48.9%work  >=60k: 158nets/1.8%work
    fanout_hist[outer=12]: fan1: 43710nets/13.5%work  fan2-4: 48279nets/50.1%work  fan5-16: 12974nets/35.5%work  fan17-64: 154nets/1.0%work  fan65-256: 0nets/0.0%work  fan>256: 0nets/0.0%work
    rss_probe[outer=12]: pre_post_solve=4747MB post_post_solve=4771MB after_apply=4771MB
    E_decomp: base=9612535.3 eff=295116156191512.6 cong=295116146578977.3 cong_share=100.0% sat_pipes=287432 max_util=949.10  R_buckets: 1-2x=1178709 2-10x=228950 10-100x=385599 >=100x=769145
    E_potential: beckmann=3825930411334.5 history_total=0.0
    SpanCache: epoch=13 entries=2605 lookups=2562403 hits=2559798 misses=2605 hit_rate=99.9%
  DCD  12: nets=105117 line=11890531 energy=8347297515.028 dE=+7014364978.884 friction=4177959.4 bins=2.0x(258) excess=99.5 moved=67518 disp=4.962 solves=105117 skip=105117 pops=573854326 theta=1.658 refresh=65567ms dcd=6587ms total=74916ms
    cache_stats: entries=61957546 capacity=125898976 est_mb=1085 rss_mb=4771
RSS_SAMPLE t=1021.6s rss=4771MB hwm=4771MB
RSS_SAMPLE t=1021.9s rss=4771MB hwm=4771MB
RSS_SAMPLE t=1022.1s rss=4771MB hwm=4771MB
RSS_SAMPLE t=1022.4s rss=4771MB hwm=4771MB
RSS_SAMPLE t=1022.6s rss=4771MB hwm=4771MB
RSS_SAMPLE t=1022.9s rss=4771MB hwm=4771MB
RSS_SAMPLE t=1023.1s rss=4771MB hwm=4771MB
RSS_SAMPLE t=1023.4s rss=4771MB hwm=4771MB
RSS_SAMPLE t=1023.6s rss=4771MB hwm=4771MB
RSS_SAMPLE t=1023.9s rss=4771MB hwm=4771MB
RSS_SAMPLE t=1024.1s rss=4771MB hwm=4771MB
    SwitchMatrix: type_usage_pairs=871 lookups=2706 hits=1835 dijkstra_calls=871 avg_us=11.4 total_ms=9.9
PHASE_MARK outer=13 enter=pre_solve rss=4771MB
    rss_probe[outer=13]: pre_refresh_rss=4771MB post_pre_solve_rss=4771MB cache_entries=61957546 cache_cap=125898976 cache_est_mb=1085
    pre_solve_diag[outer=13]: solves=0 fallback=0 (0.0%) cap_armed=0 (0.0%) settle_avg=0 settle_max=0 init_count=233
    Overflow: over=249028 (9.7% of used) avg_excess=2.03 max_excess=3019.23 (nc=3043.23 cap=24 span=1)  excess_buckets: <=1=139536 1-5=90771 5-20=16804 >20=1917  by_cap: cap1=118494 cap2=124019 cap3-5=145 cap>5=6370  by_span: s1=414 s2-3=682 s4-6=5270 s7-12=120034 s>12=122628  le1_cross: cap1=86946 cap2-5=51270 cap>5=1320
    Congestion: pipes=2562403 used=2562403 congested(>50%)=593778 saturated(>90%)=287432 max_util=949.10 avg_util=0.4305
PHASE_MARK outer=13 enter=dcd_sweep rss=4771MB
RSS_SAMPLE t=1024.4s rss=4771MB hwm=4771MB
RSS_SAMPLE t=1024.6s rss=4771MB hwm=4771MB
RSS_SAMPLE t=1024.9s rss=4771MB hwm=4771MB
RSS_SAMPLE t=1025.1s rss=4771MB hwm=4771MB
RSS_SAMPLE t=1025.4s rss=4771MB hwm=4771MB
RSS_SAMPLE t=1025.6s rss=4771MB hwm=4771MB
RSS_SAMPLE t=1025.9s rss=4771MB hwm=4771MB
RSS_SAMPLE t=1026.1s rss=4771MB hwm=4771MB
RSS_SAMPLE t=1026.4s rss=4771MB hwm=4771MB
RSS_SAMPLE t=1026.6s rss=4771MB hwm=4771MB
RSS_SAMPLE t=1026.9s rss=4771MB hwm=4771MB
RSS_SAMPLE t=1027.1s rss=4771MB hwm=4771MB
RSS_SAMPLE t=1027.4s rss=4771MB hwm=4771MB
RSS_SAMPLE t=1027.6s rss=4771MB hwm=4771MB
RSS_SAMPLE t=1027.9s rss=4771MB hwm=4771MB
RSS_SAMPLE t=1028.1s rss=4771MB hwm=4771MB
RSS_SAMPLE t=1028.4s rss=4771MB hwm=4771MB
RSS_SAMPLE t=1028.6s rss=4771MB hwm=4771MB
RSS_SAMPLE t=1028.9s rss=4771MB hwm=4771MB
RSS_SAMPLE t=1029.1s rss=4771MB hwm=4771MB
RSS_SAMPLE t=1029.4s rss=4771MB hwm=4771MB
RSS_SAMPLE t=1029.6s rss=4771MB hwm=4771MB
RSS_SAMPLE t=1029.9s rss=4771MB hwm=4771MB
RSS_SAMPLE t=1030.1s rss=4771MB hwm=4771MB
RSS_SAMPLE t=1030.4s rss=4771MB hwm=4771MB
RSS_SAMPLE t=1030.6s rss=4771MB hwm=4771MB
RSS_SAMPLE t=1030.9s rss=4771MB hwm=4771MB
PHASE_MARK outer=13 leave=dcd_sweep rss=4771MB
PHASE_MARK outer=13 enter=post_refresh rss=4771MB
RSS_SAMPLE t=1031.1s rss=4771MB hwm=4771MB
RSS_SAMPLE t=1031.4s rss=4771MB hwm=4771MB
RSS_SAMPLE t=1031.6s rss=4771MB hwm=4771MB
RSS_SAMPLE t=1031.9s rss=4771MB hwm=4771MB
RSS_SAMPLE t=1032.1s rss=4771MB hwm=4771MB
RSS_SAMPLE t=1032.4s rss=4771MB hwm=4771MB
RSS_SAMPLE t=1032.6s rss=4771MB hwm=4771MB
RSS_SAMPLE t=1032.9s rss=4771MB hwm=4771MB
RSS_SAMPLE t=1033.1s rss=4771MB hwm=4771MB
RSS_SAMPLE t=1033.4s rss=4771MB hwm=4771MB
RSS_SAMPLE t=1033.6s rss=4771MB hwm=4771MB
RSS_SAMPLE t=1033.9s rss=4771MB hwm=4771MB
RSS_SAMPLE t=1034.1s rss=4771MB hwm=4771MB
RSS_SAMPLE t=1034.4s rss=4771MB hwm=4771MB
RSS_SAMPLE t=1034.6s rss=4771MB hwm=4771MB
RSS_SAMPLE t=1034.9s rss=4771MB hwm=4771MB
RSS_SAMPLE t=1035.1s rss=4771MB hwm=4771MB
RSS_SAMPLE t=1035.4s rss=4772MB hwm=4772MB
RSS_SAMPLE t=1035.6s rss=4772MB hwm=4772MB
RSS_SAMPLE t=1035.9s rss=4772MB hwm=4772MB
RSS_SAMPLE t=1036.1s rss=4772MB hwm=4772MB
RSS_SAMPLE t=1036.4s rss=4772MB hwm=4772MB
RSS_SAMPLE t=1036.6s rss=4772MB hwm=4772MB
RSS_SAMPLE t=1036.9s rss=4772MB hwm=4772MB
RSS_SAMPLE t=1037.1s rss=4772MB hwm=4772MB
RSS_SAMPLE t=1037.4s rss=4772MB hwm=4772MB
RSS_SAMPLE t=1037.6s rss=4773MB hwm=4773MB
RSS_SAMPLE t=1037.9s rss=4773MB hwm=4773MB
RSS_SAMPLE t=1038.1s rss=4773MB hwm=4773MB
RSS_SAMPLE t=1038.4s rss=4773MB hwm=4773MB
RSS_SAMPLE t=1038.6s rss=4773MB hwm=4773MB
RSS_SAMPLE t=1038.9s rss=4773MB hwm=4773MB
RSS_SAMPLE t=1039.1s rss=4773MB hwm=4773MB
RSS_SAMPLE t=1039.4s rss=4773MB hwm=4773MB
RSS_SAMPLE t=1039.6s rss=4773MB hwm=4773MB
RSS_SAMPLE t=1039.9s rss=4773MB hwm=4773MB
RSS_SAMPLE t=1040.1s rss=4773MB hwm=4773MB
RSS_SAMPLE t=1040.4s rss=4773MB hwm=4773MB
RSS_SAMPLE t=1040.6s rss=4774MB hwm=4774MB
RSS_SAMPLE t=1040.9s rss=4774MB hwm=4774MB
RSS_SAMPLE t=1041.1s rss=4774MB hwm=4774MB
RSS_SAMPLE t=1041.4s rss=4774MB hwm=4774MB
RSS_SAMPLE t=1041.6s rss=4774MB hwm=4774MB
RSS_SAMPLE t=1041.9s rss=4774MB hwm=4774MB
RSS_SAMPLE t=1042.1s rss=4774MB hwm=4774MB
RSS_SAMPLE t=1042.4s rss=4774MB hwm=4774MB
RSS_SAMPLE t=1042.6s rss=4774MB hwm=4774MB
RSS_SAMPLE t=1042.9s rss=4775MB hwm=4775MB
RSS_SAMPLE t=1043.1s rss=4775MB hwm=4775MB
RSS_SAMPLE t=1043.4s rss=4775MB hwm=4775MB
RSS_SAMPLE t=1043.6s rss=4775MB hwm=4775MB
RSS_SAMPLE t=1043.9s rss=4775MB hwm=4775MB
RSS_SAMPLE t=1044.1s rss=4775MB hwm=4775MB
RSS_SAMPLE t=1044.4s rss=4775MB hwm=4775MB
RSS_SAMPLE t=1044.6s rss=4775MB hwm=4775MB
RSS_SAMPLE t=1044.9s rss=4775MB hwm=4775MB
RSS_SAMPLE t=1045.1s rss=4775MB hwm=4775MB
RSS_SAMPLE t=1045.4s rss=4775MB hwm=4775MB
RSS_SAMPLE t=1045.6s rss=4775MB hwm=4775MB
RSS_SAMPLE t=1045.9s rss=4775MB hwm=4775MB
RSS_SAMPLE t=1046.1s rss=4775MB hwm=4775MB
RSS_SAMPLE t=1046.4s rss=4775MB hwm=4775MB
RSS_SAMPLE t=1046.6s rss=4775MB hwm=4775MB
RSS_SAMPLE t=1046.9s rss=4775MB hwm=4775MB
RSS_SAMPLE t=1047.1s rss=4775MB hwm=4775MB
RSS_SAMPLE t=1047.4s rss=4775MB hwm=4775MB
RSS_SAMPLE t=1047.6s rss=4775MB hwm=4775MB
RSS_SAMPLE t=1047.9s rss=4775MB hwm=4775MB
RSS_SAMPLE t=1048.1s rss=4775MB hwm=4775MB
RSS_SAMPLE t=1048.4s rss=4775MB hwm=4775MB
RSS_SAMPLE t=1048.6s rss=4775MB hwm=4775MB
RSS_SAMPLE t=1048.9s rss=4775MB hwm=4775MB
RSS_SAMPLE t=1049.1s rss=4775MB hwm=4775MB
RSS_SAMPLE t=1049.4s rss=4775MB hwm=4775MB
RSS_SAMPLE t=1049.6s rss=4775MB hwm=4775MB
RSS_SAMPLE t=1049.9s rss=4776MB hwm=4776MB
RSS_SAMPLE t=1050.1s rss=4776MB hwm=4776MB
RSS_SAMPLE t=1050.4s rss=4776MB hwm=4776MB
RSS_SAMPLE t=1050.6s rss=4776MB hwm=4776MB
RSS_SAMPLE t=1050.9s rss=4776MB hwm=4776MB
RSS_SAMPLE t=1051.1s rss=4776MB hwm=4776MB
RSS_SAMPLE t=1051.4s rss=4776MB hwm=4776MB
RSS_SAMPLE t=1051.6s rss=4776MB hwm=4776MB
RSS_SAMPLE t=1051.9s rss=4776MB hwm=4776MB
RSS_SAMPLE t=1052.1s rss=4777MB hwm=4777MB
RSS_SAMPLE t=1052.4s rss=4777MB hwm=4777MB
RSS_SAMPLE t=1052.6s rss=4777MB hwm=4777MB
RSS_SAMPLE t=1052.9s rss=4777MB hwm=4777MB
RSS_SAMPLE t=1053.1s rss=4777MB hwm=4777MB
RSS_SAMPLE t=1053.4s rss=4777MB hwm=4777MB
RSS_SAMPLE t=1053.6s rss=4777MB hwm=4777MB
RSS_SAMPLE t=1053.9s rss=4777MB hwm=4777MB
RSS_SAMPLE t=1054.1s rss=4777MB hwm=4777MB
RSS_SAMPLE t=1054.4s rss=4778MB hwm=4778MB
RSS_SAMPLE t=1054.6s rss=4778MB hwm=4778MB
RSS_SAMPLE t=1054.9s rss=4778MB hwm=4778MB
RSS_SAMPLE t=1055.1s rss=4778MB hwm=4778MB
RSS_SAMPLE t=1055.4s rss=4778MB hwm=4778MB
RSS_SAMPLE t=1055.6s rss=4778MB hwm=4778MB
RSS_SAMPLE t=1055.9s rss=4778MB hwm=4778MB
RSS_SAMPLE t=1056.1s rss=4778MB hwm=4778MB
RSS_SAMPLE t=1056.4s rss=4778MB hwm=4778MB
RSS_SAMPLE t=1056.6s rss=4778MB hwm=4778MB
RSS_SAMPLE t=1056.9s rss=4778MB hwm=4778MB
RSS_SAMPLE t=1057.1s rss=4778MB hwm=4778MB
RSS_SAMPLE t=1057.4s rss=4778MB hwm=4778MB
RSS_SAMPLE t=1057.6s rss=4778MB hwm=4778MB
RSS_SAMPLE t=1057.9s rss=4778MB hwm=4778MB
RSS_SAMPLE t=1058.1s rss=4778MB hwm=4778MB
RSS_SAMPLE t=1058.4s rss=4778MB hwm=4778MB
RSS_SAMPLE t=1058.6s rss=4778MB hwm=4778MB
RSS_SAMPLE t=1058.9s rss=4778MB hwm=4778MB
RSS_SAMPLE t=1059.1s rss=4779MB hwm=4779MB
RSS_SAMPLE t=1059.4s rss=4779MB hwm=4779MB
RSS_SAMPLE t=1059.6s rss=4779MB hwm=4779MB
RSS_SAMPLE t=1059.9s rss=4779MB hwm=4779MB
RSS_SAMPLE t=1060.1s rss=4779MB hwm=4779MB
RSS_SAMPLE t=1060.4s rss=4779MB hwm=4779MB
RSS_SAMPLE t=1060.7s rss=4779MB hwm=4779MB
RSS_SAMPLE t=1060.9s rss=4779MB hwm=4779MB
RSS_SAMPLE t=1061.2s rss=4779MB hwm=4779MB
RSS_SAMPLE t=1061.4s rss=4779MB hwm=4779MB
RSS_SAMPLE t=1061.7s rss=4779MB hwm=4779MB
RSS_SAMPLE t=1061.9s rss=4779MB hwm=4779MB
RSS_SAMPLE t=1062.2s rss=4779MB hwm=4779MB
RSS_SAMPLE t=1062.4s rss=4779MB hwm=4779MB
RSS_SAMPLE t=1062.7s rss=4779MB hwm=4779MB
RSS_SAMPLE t=1062.9s rss=4779MB hwm=4779MB
RSS_SAMPLE t=1063.2s rss=4779MB hwm=4779MB
RSS_SAMPLE t=1063.4s rss=4779MB hwm=4779MB
RSS_SAMPLE t=1063.7s rss=4779MB hwm=4779MB
RSS_SAMPLE t=1063.9s rss=4779MB hwm=4779MB
RSS_SAMPLE t=1064.2s rss=4779MB hwm=4779MB
RSS_SAMPLE t=1064.4s rss=4779MB hwm=4779MB
RSS_SAMPLE t=1064.7s rss=4779MB hwm=4779MB
RSS_SAMPLE t=1064.9s rss=4779MB hwm=4779MB
RSS_SAMPLE t=1065.2s rss=4779MB hwm=4779MB
RSS_SAMPLE t=1065.4s rss=4779MB hwm=4779MB
RSS_SAMPLE t=1065.7s rss=4779MB hwm=4779MB
RSS_SAMPLE t=1065.9s rss=4779MB hwm=4779MB
RSS_SAMPLE t=1066.2s rss=4779MB hwm=4779MB
RSS_SAMPLE t=1066.4s rss=4779MB hwm=4779MB
RSS_SAMPLE t=1066.7s rss=4779MB hwm=4779MB
RSS_SAMPLE t=1066.9s rss=4779MB hwm=4779MB
RSS_SAMPLE t=1067.2s rss=4779MB hwm=4779MB
RSS_SAMPLE t=1067.4s rss=4779MB hwm=4779MB
RSS_SAMPLE t=1067.7s rss=4779MB hwm=4779MB
RSS_SAMPLE t=1067.9s rss=4779MB hwm=4779MB
RSS_SAMPLE t=1068.2s rss=4779MB hwm=4779MB
RSS_SAMPLE t=1068.4s rss=4779MB hwm=4779MB
RSS_SAMPLE t=1068.7s rss=4779MB hwm=4779MB
RSS_SAMPLE t=1068.9s rss=4779MB hwm=4779MB
RSS_SAMPLE t=1069.2s rss=4779MB hwm=4779MB
RSS_SAMPLE t=1069.4s rss=4779MB hwm=4779MB
RSS_SAMPLE t=1069.7s rss=4779MB hwm=4779MB
RSS_SAMPLE t=1069.9s rss=4779MB hwm=4779MB
RSS_SAMPLE t=1070.2s rss=4779MB hwm=4779MB
RSS_SAMPLE t=1070.4s rss=4779MB hwm=4779MB
RSS_SAMPLE t=1070.7s rss=4779MB hwm=4779MB
RSS_SAMPLE t=1070.9s rss=4779MB hwm=4779MB
RSS_SAMPLE t=1071.2s rss=4779MB hwm=4779MB
RSS_SAMPLE t=1071.4s rss=4779MB hwm=4779MB
RSS_SAMPLE t=1071.7s rss=4779MB hwm=4779MB
RSS_SAMPLE t=1071.9s rss=4779MB hwm=4779MB
RSS_SAMPLE t=1072.2s rss=4779MB hwm=4779MB
RSS_SAMPLE t=1072.4s rss=4779MB hwm=4779MB
RSS_SAMPLE t=1072.7s rss=4779MB hwm=4779MB
RSS_SAMPLE t=1072.9s rss=4779MB hwm=4779MB
RSS_SAMPLE t=1073.2s rss=4779MB hwm=4779MB
RSS_SAMPLE t=1073.4s rss=4779MB hwm=4779MB
RSS_SAMPLE t=1073.7s rss=4779MB hwm=4779MB
RSS_SAMPLE t=1073.9s rss=4779MB hwm=4779MB
RSS_SAMPLE t=1074.2s rss=4779MB hwm=4779MB
RSS_SAMPLE t=1074.4s rss=4779MB hwm=4779MB
RSS_SAMPLE t=1074.7s rss=4779MB hwm=4779MB
RSS_SAMPLE t=1074.9s rss=4779MB hwm=4779MB
RSS_SAMPLE t=1075.2s rss=4779MB hwm=4779MB
RSS_SAMPLE t=1075.4s rss=4779MB hwm=4779MB
RSS_SAMPLE t=1075.7s rss=4779MB hwm=4779MB
RSS_SAMPLE t=1075.9s rss=4779MB hwm=4779MB
RSS_SAMPLE t=1076.2s rss=4779MB hwm=4779MB
RSS_SAMPLE t=1076.4s rss=4779MB hwm=4779MB
RSS_SAMPLE t=1076.7s rss=4779MB hwm=4779MB
RSS_SAMPLE t=1076.9s rss=4779MB hwm=4779MB
RSS_SAMPLE t=1077.2s rss=4779MB hwm=4779MB
RSS_SAMPLE t=1077.4s rss=4779MB hwm=4779MB
RSS_SAMPLE t=1077.7s rss=4779MB hwm=4779MB
RSS_SAMPLE t=1077.9s rss=4779MB hwm=4779MB
RSS_SAMPLE t=1078.2s rss=4779MB hwm=4779MB
RSS_SAMPLE t=1078.4s rss=4779MB hwm=4779MB
RSS_SAMPLE t=1078.7s rss=4779MB hwm=4779MB
RSS_SAMPLE t=1078.9s rss=4779MB hwm=4779MB
RSS_SAMPLE t=1079.2s rss=4779MB hwm=4779MB
RSS_SAMPLE t=1079.4s rss=4779MB hwm=4779MB
RSS_SAMPLE t=1079.7s rss=4779MB hwm=4779MB
RSS_SAMPLE t=1079.9s rss=4779MB hwm=4779MB
RSS_SAMPLE t=1080.2s rss=4779MB hwm=4779MB
RSS_SAMPLE t=1080.4s rss=4779MB hwm=4779MB
RSS_SAMPLE t=1080.7s rss=4779MB hwm=4779MB
RSS_SAMPLE t=1080.9s rss=4779MB hwm=4779MB
RSS_SAMPLE t=1081.2s rss=4779MB hwm=4779MB
RSS_SAMPLE t=1081.4s rss=4779MB hwm=4779MB
RSS_SAMPLE t=1081.7s rss=4779MB hwm=4779MB
RSS_SAMPLE t=1081.9s rss=4779MB hwm=4779MB
RSS_SAMPLE t=1082.2s rss=4779MB hwm=4779MB
RSS_SAMPLE t=1082.4s rss=4779MB hwm=4779MB
RSS_SAMPLE t=1082.7s rss=4779MB hwm=4779MB
RSS_SAMPLE t=1082.9s rss=4779MB hwm=4779MB
RSS_SAMPLE t=1083.2s rss=4779MB hwm=4779MB
RSS_SAMPLE t=1083.4s rss=4779MB hwm=4779MB
RSS_SAMPLE t=1083.7s rss=4779MB hwm=4779MB
RSS_SAMPLE t=1083.9s rss=4779MB hwm=4779MB
RSS_SAMPLE t=1084.2s rss=4779MB hwm=4779MB
RSS_SAMPLE t=1084.4s rss=4779MB hwm=4779MB
RSS_SAMPLE t=1084.7s rss=4779MB hwm=4779MB
RSS_SAMPLE t=1084.9s rss=4779MB hwm=4779MB
RSS_SAMPLE t=1085.2s rss=4779MB hwm=4779MB
RSS_SAMPLE t=1085.4s rss=4779MB hwm=4779MB
RSS_SAMPLE t=1085.7s rss=4779MB hwm=4779MB
RSS_SAMPLE t=1085.9s rss=4779MB hwm=4779MB
RSS_SAMPLE t=1086.2s rss=4779MB hwm=4779MB
RSS_SAMPLE t=1086.4s rss=4779MB hwm=4779MB
RSS_SAMPLE t=1086.7s rss=4779MB hwm=4779MB
RSS_SAMPLE t=1086.9s rss=4779MB hwm=4779MB
RSS_SAMPLE t=1087.2s rss=4779MB hwm=4779MB
RSS_SAMPLE t=1087.4s rss=4779MB hwm=4779MB
RSS_SAMPLE t=1087.7s rss=4779MB hwm=4779MB
RSS_SAMPLE t=1087.9s rss=4779MB hwm=4779MB
RSS_SAMPLE t=1088.2s rss=4779MB hwm=4779MB
RSS_SAMPLE t=1088.4s rss=4779MB hwm=4779MB
RSS_SAMPLE t=1088.7s rss=4779MB hwm=4779MB
RSS_SAMPLE t=1088.9s rss=4779MB hwm=4779MB
RSS_SAMPLE t=1089.2s rss=4779MB hwm=4779MB
RSS_SAMPLE t=1089.4s rss=4779MB hwm=4779MB
RSS_SAMPLE t=1089.7s rss=4779MB hwm=4779MB
RSS_SAMPLE t=1089.9s rss=4779MB hwm=4779MB
RSS_SAMPLE t=1090.2s rss=4779MB hwm=4779MB
RSS_SAMPLE t=1090.4s rss=4779MB hwm=4779MB
RSS_SAMPLE t=1090.7s rss=4779MB hwm=4779MB
RSS_SAMPLE t=1090.9s rss=4779MB hwm=4779MB
RSS_SAMPLE t=1091.2s rss=4779MB hwm=4779MB
MEM_POOL: workspaces=32 dense_usage_mb=1251 n_pipes=2562403
    post_solve_diag[outer=13]: solves=105117 cap_armed=105117 (100.0%) settle_avg=5193 above_sink_avg=239 (4.6%) settle_max=69353
    load_support[outer=13]: settle_avg=5193 load_nz_avg=4266 (82.2%) load_material_avg=2523 (48.6%)
    prune_ceiling[outer=13]: settle_avg=5193 heuristic_prunable_avg=592 (11.4%) vs oracle_zero_load=17.8%
    settle_hist[outer=13]: <100: 24283nets/0.2%work  <1k: 27885nets/1.8%work  <5k: 24790nets/12.0%work  <20k: 19760nets/37.8%work  <60k: 8270nets/46.7%work  >=60k: 129nets/1.5%work
    fanout_hist[outer=13]: fan1: 43710nets/13.5%work  fan2-4: 48279nets/50.0%work  fan5-16: 12974nets/35.5%work  fan17-64: 154nets/1.0%work  fan65-256: 0nets/0.0%work  fan>256: 0nets/0.0%work
    rss_probe[outer=13]: pre_post_solve=4771MB post_post_solve=4779MB after_apply=4779MB
RSS_SAMPLE t=1091.4s rss=4780MB hwm=4780MB
    E_decomp: base=11404602.6 eff=14736642836384.9 cong=14736631431782.3 cong_share=100.0% sat_pipes=442463 max_util=992.22  R_buckets: 1-2x=1109174 2-10x=126011 10-100x=365762 >=100x=961456
    E_potential: beckmann=91300339753484.7 history_total=0.0
    SpanCache: epoch=14 entries=2706 lookups=2562403 hits=2559697 misses=2706 hit_rate=99.9%
  DCD  13: nets=105117 line=11496740 energy=19284014084.172 dE=+10936716569.143 friction=6115058.4 bins=2.0x(226) excess=81.2 moved=67557 disp=4.565 solves=105117 skip=105117 pops=545834385 theta=1.941 refresh=60542ms dcd=6603ms total=69919ms
    cache_stats: entries=61601861 capacity=127432137 est_mb=1099 rss_mb=4780
RSS_SAMPLE t=1091.7s rss=4780MB hwm=4780MB
RSS_SAMPLE t=1091.9s rss=4780MB hwm=4780MB
RSS_SAMPLE t=1092.2s rss=4780MB hwm=4780MB
RSS_SAMPLE t=1092.4s rss=4780MB hwm=4780MB
RSS_SAMPLE t=1092.7s rss=4780MB hwm=4780MB
RSS_SAMPLE t=1092.9s rss=4780MB hwm=4780MB
RSS_SAMPLE t=1093.2s rss=4780MB hwm=4780MB
RSS_SAMPLE t=1093.4s rss=4780MB hwm=4780MB
RSS_SAMPLE t=1093.7s rss=4780MB hwm=4780MB
RSS_SAMPLE t=1093.9s rss=4780MB hwm=4780MB
    SwitchMatrix: type_usage_pairs=889 lookups=2891 hits=2002 dijkstra_calls=889 avg_us=10.9 total_ms=9.7
PHASE_MARK outer=14 enter=pre_solve rss=4780MB
    rss_probe[outer=14]: pre_refresh_rss=4780MB post_pre_solve_rss=4780MB cache_entries=61601861 cache_cap=127432137 cache_est_mb=1099
    pre_solve_diag[outer=14]: solves=0 fallback=0 (0.0%) cap_armed=0 (0.0%) settle_avg=0 settle_max=0 init_count=254
    Overflow: over=393954 (15.4% of used) avg_excess=1.61 max_excess=3117.87 (nc=3141.87 cap=24 span=1)  excess_buckets: <=1=220559 1-5=155371 5-20=16549 >20=1475  by_cap: cap1=212589 cap2=174312 cap3-5=900 cap>5=6153  by_span: s1=325 s2-3=851 s4-6=3526 s7-12=165511 s>12=223741  le1_cross: cap1=142034 cap2-5=77228 cap>5=1297
    Congestion: pipes=2562403 used=2562403 congested(>50%)=746617 saturated(>90%)=442463 max_util=992.22 avg_util=0.5237
PHASE_MARK outer=14 enter=dcd_sweep rss=4780MB
RSS_SAMPLE t=1094.2s rss=4780MB hwm=4780MB
RSS_SAMPLE t=1094.4s rss=4780MB hwm=4780MB
RSS_SAMPLE t=1094.7s rss=4780MB hwm=4780MB
RSS_SAMPLE t=1094.9s rss=4780MB hwm=4780MB
RSS_SAMPLE t=1095.2s rss=4780MB hwm=4780MB
RSS_SAMPLE t=1095.4s rss=4780MB hwm=4780MB
RSS_SAMPLE t=1095.7s rss=4780MB hwm=4780MB
RSS_SAMPLE t=1095.9s rss=4780MB hwm=4780MB
RSS_SAMPLE t=1096.2s rss=4780MB hwm=4780MB
RSS_SAMPLE t=1096.4s rss=4780MB hwm=4780MB
RSS_SAMPLE t=1096.7s rss=4780MB hwm=4780MB
RSS_SAMPLE t=1096.9s rss=4780MB hwm=4780MB
RSS_SAMPLE t=1097.2s rss=4780MB hwm=4780MB
RSS_SAMPLE t=1097.4s rss=4780MB hwm=4780MB
RSS_SAMPLE t=1097.7s rss=4780MB hwm=4780MB
RSS_SAMPLE t=1097.9s rss=4780MB hwm=4780MB
RSS_SAMPLE t=1098.2s rss=4780MB hwm=4780MB
RSS_SAMPLE t=1098.4s rss=4780MB hwm=4780MB
RSS_SAMPLE t=1098.7s rss=4780MB hwm=4780MB
RSS_SAMPLE t=1098.9s rss=4780MB hwm=4780MB
RSS_SAMPLE t=1099.2s rss=4780MB hwm=4780MB
RSS_SAMPLE t=1099.4s rss=4780MB hwm=4780MB
RSS_SAMPLE t=1099.7s rss=4780MB hwm=4780MB
RSS_SAMPLE t=1099.9s rss=4780MB hwm=4780MB
RSS_SAMPLE t=1100.2s rss=4780MB hwm=4780MB
RSS_SAMPLE t=1100.4s rss=4780MB hwm=4780MB
RSS_SAMPLE t=1100.7s rss=4780MB hwm=4780MB
PHASE_MARK outer=14 leave=dcd_sweep rss=4780MB
PHASE_MARK outer=14 enter=post_refresh rss=4780MB
RSS_SAMPLE t=1100.9s rss=4780MB hwm=4780MB
RSS_SAMPLE t=1101.2s rss=4780MB hwm=4780MB
RSS_SAMPLE t=1101.4s rss=4780MB hwm=4780MB
RSS_SAMPLE t=1101.7s rss=4780MB hwm=4780MB
RSS_SAMPLE t=1101.9s rss=4780MB hwm=4780MB
RSS_SAMPLE t=1102.2s rss=4780MB hwm=4780MB
RSS_SAMPLE t=1102.4s rss=4780MB hwm=4780MB
RSS_SAMPLE t=1102.7s rss=4780MB hwm=4780MB
RSS_SAMPLE t=1102.9s rss=4780MB hwm=4780MB
RSS_SAMPLE t=1103.2s rss=4780MB hwm=4780MB
RSS_SAMPLE t=1103.4s rss=4780MB hwm=4780MB
RSS_SAMPLE t=1103.7s rss=4780MB hwm=4780MB
RSS_SAMPLE t=1103.9s rss=4780MB hwm=4780MB
RSS_SAMPLE t=1104.2s rss=4780MB hwm=4780MB
RSS_SAMPLE t=1104.4s rss=4780MB hwm=4780MB
RSS_SAMPLE t=1104.7s rss=4780MB hwm=4780MB
RSS_SAMPLE t=1104.9s rss=4780MB hwm=4780MB
RSS_SAMPLE t=1105.2s rss=4780MB hwm=4780MB
RSS_SAMPLE t=1105.4s rss=4780MB hwm=4780MB
RSS_SAMPLE t=1105.7s rss=4780MB hwm=4780MB
RSS_SAMPLE t=1105.9s rss=4780MB hwm=4780MB
RSS_SAMPLE t=1106.2s rss=4780MB hwm=4780MB
RSS_SAMPLE t=1106.4s rss=4780MB hwm=4780MB
RSS_SAMPLE t=1106.7s rss=4780MB hwm=4780MB
RSS_SAMPLE t=1106.9s rss=4780MB hwm=4780MB
RSS_SAMPLE t=1107.2s rss=4781MB hwm=4781MB
RSS_SAMPLE t=1107.4s rss=4781MB hwm=4781MB
RSS_SAMPLE t=1107.7s rss=4781MB hwm=4781MB
RSS_SAMPLE t=1107.9s rss=4781MB hwm=4781MB
RSS_SAMPLE t=1108.2s rss=4781MB hwm=4781MB
RSS_SAMPLE t=1108.4s rss=4781MB hwm=4781MB
RSS_SAMPLE t=1108.7s rss=4781MB hwm=4781MB
RSS_SAMPLE t=1108.9s rss=4781MB hwm=4781MB
RSS_SAMPLE t=1109.2s rss=4782MB hwm=4782MB
RSS_SAMPLE t=1109.4s rss=4782MB hwm=4782MB
RSS_SAMPLE t=1109.7s rss=4782MB hwm=4782MB
RSS_SAMPLE t=1109.9s rss=4782MB hwm=4782MB
RSS_SAMPLE t=1110.2s rss=4782MB hwm=4782MB
RSS_SAMPLE t=1110.4s rss=4782MB hwm=4782MB
RSS_SAMPLE t=1110.7s rss=4782MB hwm=4782MB
RSS_SAMPLE t=1110.9s rss=4782MB hwm=4782MB
RSS_SAMPLE t=1111.2s rss=4782MB hwm=4782MB
RSS_SAMPLE t=1111.4s rss=4783MB hwm=4783MB
RSS_SAMPLE t=1111.7s rss=4783MB hwm=4783MB
RSS_SAMPLE t=1111.9s rss=4783MB hwm=4783MB
RSS_SAMPLE t=1112.2s rss=4783MB hwm=4783MB
RSS_SAMPLE t=1112.4s rss=4783MB hwm=4783MB
RSS_SAMPLE t=1112.7s rss=4783MB hwm=4783MB
RSS_SAMPLE t=1112.9s rss=4783MB hwm=4783MB
RSS_SAMPLE t=1113.2s rss=4784MB hwm=4784MB
RSS_SAMPLE t=1113.4s rss=4784MB hwm=4784MB
RSS_SAMPLE t=1113.7s rss=4784MB hwm=4784MB
RSS_SAMPLE t=1113.9s rss=4784MB hwm=4784MB
RSS_SAMPLE t=1114.2s rss=4784MB hwm=4784MB
RSS_SAMPLE t=1114.4s rss=4785MB hwm=4785MB
RSS_SAMPLE t=1114.7s rss=4785MB hwm=4785MB
RSS_SAMPLE t=1114.9s rss=4785MB hwm=4785MB
RSS_SAMPLE t=1115.2s rss=4785MB hwm=4785MB
RSS_SAMPLE t=1115.4s rss=4785MB hwm=4785MB
RSS_SAMPLE t=1115.7s rss=4785MB hwm=4785MB
RSS_SAMPLE t=1115.9s rss=4785MB hwm=4785MB
RSS_SAMPLE t=1116.2s rss=4786MB hwm=4786MB
RSS_SAMPLE t=1116.4s rss=4786MB hwm=4786MB
RSS_SAMPLE t=1116.7s rss=4786MB hwm=4786MB
RSS_SAMPLE t=1116.9s rss=4786MB hwm=4786MB
RSS_SAMPLE t=1117.2s rss=4786MB hwm=4786MB
RSS_SAMPLE t=1117.4s rss=4787MB hwm=4787MB
RSS_SAMPLE t=1117.7s rss=4787MB hwm=4787MB
RSS_SAMPLE t=1117.9s rss=4787MB hwm=4787MB
RSS_SAMPLE t=1118.2s rss=4787MB hwm=4787MB
RSS_SAMPLE t=1118.4s rss=4787MB hwm=4787MB
RSS_SAMPLE t=1118.7s rss=4787MB hwm=4787MB
RSS_SAMPLE t=1118.9s rss=4788MB hwm=4788MB
RSS_SAMPLE t=1119.2s rss=4788MB hwm=4788MB
RSS_SAMPLE t=1119.4s rss=4788MB hwm=4788MB
RSS_SAMPLE t=1119.7s rss=4788MB hwm=4788MB
RSS_SAMPLE t=1119.9s rss=4788MB hwm=4788MB
RSS_SAMPLE t=1120.2s rss=4788MB hwm=4788MB
RSS_SAMPLE t=1120.5s rss=4788MB hwm=4788MB
RSS_SAMPLE t=1120.7s rss=4788MB hwm=4788MB
RSS_SAMPLE t=1121.0s rss=4788MB hwm=4788MB
RSS_SAMPLE t=1121.2s rss=4788MB hwm=4788MB
RSS_SAMPLE t=1121.5s rss=4788MB hwm=4788MB
RSS_SAMPLE t=1121.7s rss=4788MB hwm=4788MB
RSS_SAMPLE t=1122.0s rss=4788MB hwm=4788MB
RSS_SAMPLE t=1122.2s rss=4789MB hwm=4789MB
RSS_SAMPLE t=1122.5s rss=4789MB hwm=4789MB
RSS_SAMPLE t=1122.7s rss=4789MB hwm=4789MB
RSS_SAMPLE t=1123.0s rss=4789MB hwm=4789MB
RSS_SAMPLE t=1123.2s rss=4789MB hwm=4789MB
RSS_SAMPLE t=1123.5s rss=4789MB hwm=4789MB
RSS_SAMPLE t=1123.7s rss=4789MB hwm=4789MB
RSS_SAMPLE t=1124.0s rss=4789MB hwm=4789MB
RSS_SAMPLE t=1124.2s rss=4789MB hwm=4789MB
RSS_SAMPLE t=1124.5s rss=4789MB hwm=4789MB
RSS_SAMPLE t=1124.7s rss=4789MB hwm=4789MB
RSS_SAMPLE t=1125.0s rss=4789MB hwm=4789MB
RSS_SAMPLE t=1125.2s rss=4789MB hwm=4789MB
RSS_SAMPLE t=1125.5s rss=4789MB hwm=4789MB
RSS_SAMPLE t=1125.7s rss=4789MB hwm=4789MB
RSS_SAMPLE t=1126.0s rss=4789MB hwm=4789MB
RSS_SAMPLE t=1126.2s rss=4789MB hwm=4789MB
RSS_SAMPLE t=1126.5s rss=4789MB hwm=4789MB
RSS_SAMPLE t=1126.7s rss=4790MB hwm=4790MB
RSS_SAMPLE t=1127.0s rss=4790MB hwm=4790MB
RSS_SAMPLE t=1127.2s rss=4790MB hwm=4790MB
RSS_SAMPLE t=1127.5s rss=4790MB hwm=4790MB
RSS_SAMPLE t=1127.7s rss=4790MB hwm=4790MB
RSS_SAMPLE t=1128.0s rss=4790MB hwm=4790MB
RSS_SAMPLE t=1128.2s rss=4790MB hwm=4790MB
RSS_SAMPLE t=1128.5s rss=4790MB hwm=4790MB
RSS_SAMPLE t=1128.7s rss=4790MB hwm=4790MB
RSS_SAMPLE t=1129.0s rss=4790MB hwm=4790MB
RSS_SAMPLE t=1129.2s rss=4790MB hwm=4790MB
RSS_SAMPLE t=1129.5s rss=4790MB hwm=4790MB
RSS_SAMPLE t=1129.7s rss=4790MB hwm=4790MB
RSS_SAMPLE t=1130.0s rss=4790MB hwm=4790MB
RSS_SAMPLE t=1130.2s rss=4790MB hwm=4790MB
RSS_SAMPLE t=1130.5s rss=4790MB hwm=4790MB
RSS_SAMPLE t=1130.7s rss=4790MB hwm=4790MB
RSS_SAMPLE t=1131.0s rss=4790MB hwm=4790MB
RSS_SAMPLE t=1131.2s rss=4790MB hwm=4790MB
RSS_SAMPLE t=1131.5s rss=4790MB hwm=4790MB
RSS_SAMPLE t=1131.7s rss=4790MB hwm=4790MB
RSS_SAMPLE t=1132.0s rss=4790MB hwm=4790MB
RSS_SAMPLE t=1132.2s rss=4790MB hwm=4790MB
RSS_SAMPLE t=1132.5s rss=4790MB hwm=4790MB
RSS_SAMPLE t=1132.7s rss=4790MB hwm=4790MB
RSS_SAMPLE t=1133.0s rss=4790MB hwm=4790MB
RSS_SAMPLE t=1133.2s rss=4790MB hwm=4790MB
RSS_SAMPLE t=1133.5s rss=4790MB hwm=4790MB
RSS_SAMPLE t=1133.7s rss=4790MB hwm=4790MB
RSS_SAMPLE t=1134.0s rss=4790MB hwm=4790MB
RSS_SAMPLE t=1134.2s rss=4790MB hwm=4790MB
RSS_SAMPLE t=1134.5s rss=4790MB hwm=4790MB
RSS_SAMPLE t=1134.7s rss=4790MB hwm=4790MB
RSS_SAMPLE t=1135.0s rss=4790MB hwm=4790MB
RSS_SAMPLE t=1135.2s rss=4790MB hwm=4790MB
RSS_SAMPLE t=1135.5s rss=4790MB hwm=4790MB
RSS_SAMPLE t=1135.7s rss=4790MB hwm=4790MB
RSS_SAMPLE t=1136.0s rss=4790MB hwm=4790MB
RSS_SAMPLE t=1136.2s rss=4790MB hwm=4790MB
RSS_SAMPLE t=1136.5s rss=4790MB hwm=4790MB
RSS_SAMPLE t=1136.7s rss=4790MB hwm=4790MB
RSS_SAMPLE t=1137.0s rss=4790MB hwm=4790MB
RSS_SAMPLE t=1137.2s rss=4790MB hwm=4790MB
RSS_SAMPLE t=1137.5s rss=4790MB hwm=4790MB
RSS_SAMPLE t=1137.7s rss=4790MB hwm=4790MB
RSS_SAMPLE t=1138.0s rss=4790MB hwm=4790MB
RSS_SAMPLE t=1138.2s rss=4790MB hwm=4790MB
RSS_SAMPLE t=1138.5s rss=4790MB hwm=4790MB
RSS_SAMPLE t=1138.7s rss=4790MB hwm=4790MB
RSS_SAMPLE t=1139.0s rss=4790MB hwm=4790MB
RSS_SAMPLE t=1139.2s rss=4790MB hwm=4790MB
RSS_SAMPLE t=1139.5s rss=4790MB hwm=4790MB
RSS_SAMPLE t=1139.7s rss=4790MB hwm=4790MB
RSS_SAMPLE t=1140.0s rss=4790MB hwm=4790MB
RSS_SAMPLE t=1140.2s rss=4790MB hwm=4790MB
RSS_SAMPLE t=1140.5s rss=4790MB hwm=4790MB
RSS_SAMPLE t=1140.7s rss=4790MB hwm=4790MB
RSS_SAMPLE t=1141.0s rss=4790MB hwm=4790MB
RSS_SAMPLE t=1141.2s rss=4790MB hwm=4790MB
RSS_SAMPLE t=1141.5s rss=4790MB hwm=4790MB
RSS_SAMPLE t=1141.7s rss=4790MB hwm=4790MB
RSS_SAMPLE t=1142.0s rss=4790MB hwm=4790MB
RSS_SAMPLE t=1142.2s rss=4790MB hwm=4790MB
RSS_SAMPLE t=1142.5s rss=4790MB hwm=4790MB
RSS_SAMPLE t=1142.7s rss=4790MB hwm=4790MB
RSS_SAMPLE t=1143.0s rss=4790MB hwm=4790MB
RSS_SAMPLE t=1143.2s rss=4790MB hwm=4790MB
RSS_SAMPLE t=1143.5s rss=4790MB hwm=4790MB
RSS_SAMPLE t=1143.7s rss=4790MB hwm=4790MB
RSS_SAMPLE t=1144.0s rss=4790MB hwm=4790MB
RSS_SAMPLE t=1144.2s rss=4790MB hwm=4790MB
RSS_SAMPLE t=1144.5s rss=4790MB hwm=4790MB
RSS_SAMPLE t=1144.7s rss=4790MB hwm=4790MB
RSS_SAMPLE t=1145.0s rss=4790MB hwm=4790MB
RSS_SAMPLE t=1145.2s rss=4790MB hwm=4790MB
RSS_SAMPLE t=1145.5s rss=4790MB hwm=4790MB
RSS_SAMPLE t=1145.7s rss=4790MB hwm=4790MB
RSS_SAMPLE t=1146.0s rss=4790MB hwm=4790MB
RSS_SAMPLE t=1146.2s rss=4790MB hwm=4790MB
RSS_SAMPLE t=1146.5s rss=4790MB hwm=4790MB
RSS_SAMPLE t=1146.7s rss=4790MB hwm=4790MB
RSS_SAMPLE t=1147.0s rss=4790MB hwm=4790MB
RSS_SAMPLE t=1147.2s rss=4790MB hwm=4790MB
RSS_SAMPLE t=1147.5s rss=4790MB hwm=4790MB
RSS_SAMPLE t=1147.7s rss=4790MB hwm=4790MB
RSS_SAMPLE t=1148.0s rss=4790MB hwm=4790MB
RSS_SAMPLE t=1148.2s rss=4790MB hwm=4790MB
RSS_SAMPLE t=1148.5s rss=4790MB hwm=4790MB
RSS_SAMPLE t=1148.7s rss=4790MB hwm=4790MB
RSS_SAMPLE t=1149.0s rss=4790MB hwm=4790MB
RSS_SAMPLE t=1149.2s rss=4791MB hwm=4791MB
RSS_SAMPLE t=1149.5s rss=4791MB hwm=4791MB
RSS_SAMPLE t=1149.7s rss=4791MB hwm=4791MB
RSS_SAMPLE t=1150.0s rss=4791MB hwm=4791MB
RSS_SAMPLE t=1150.2s rss=4791MB hwm=4791MB
RSS_SAMPLE t=1150.5s rss=4791MB hwm=4791MB
RSS_SAMPLE t=1150.7s rss=4791MB hwm=4791MB
RSS_SAMPLE t=1151.0s rss=4791MB hwm=4791MB
RSS_SAMPLE t=1151.2s rss=4791MB hwm=4791MB
RSS_SAMPLE t=1151.5s rss=4791MB hwm=4791MB
RSS_SAMPLE t=1151.7s rss=4791MB hwm=4791MB
RSS_SAMPLE t=1152.0s rss=4791MB hwm=4791MB
RSS_SAMPLE t=1152.2s rss=4791MB hwm=4791MB
RSS_SAMPLE t=1152.5s rss=4791MB hwm=4791MB
RSS_SAMPLE t=1152.7s rss=4791MB hwm=4791MB
RSS_SAMPLE t=1153.0s rss=4791MB hwm=4791MB
RSS_SAMPLE t=1153.2s rss=4791MB hwm=4791MB
RSS_SAMPLE t=1153.5s rss=4791MB hwm=4791MB
RSS_SAMPLE t=1153.7s rss=4791MB hwm=4791MB
RSS_SAMPLE t=1154.0s rss=4791MB hwm=4791MB
RSS_SAMPLE t=1154.2s rss=4791MB hwm=4791MB
RSS_SAMPLE t=1154.5s rss=4791MB hwm=4791MB
RSS_SAMPLE t=1154.7s rss=4791MB hwm=4791MB
RSS_SAMPLE t=1155.0s rss=4791MB hwm=4791MB
RSS_SAMPLE t=1155.2s rss=4791MB hwm=4791MB
RSS_SAMPLE t=1155.5s rss=4791MB hwm=4791MB
RSS_SAMPLE t=1155.7s rss=4791MB hwm=4791MB
RSS_SAMPLE t=1156.0s rss=4791MB hwm=4791MB
RSS_SAMPLE t=1156.2s rss=4791MB hwm=4791MB
RSS_SAMPLE t=1156.5s rss=4791MB hwm=4791MB
RSS_SAMPLE t=1156.7s rss=4791MB hwm=4791MB
RSS_SAMPLE t=1157.0s rss=4791MB hwm=4791MB
RSS_SAMPLE t=1157.2s rss=4791MB hwm=4791MB
RSS_SAMPLE t=1157.5s rss=4791MB hwm=4791MB
RSS_SAMPLE t=1157.7s rss=4791MB hwm=4791MB
RSS_SAMPLE t=1158.0s rss=4791MB hwm=4791MB
RSS_SAMPLE t=1158.2s rss=4791MB hwm=4791MB
RSS_SAMPLE t=1158.5s rss=4791MB hwm=4791MB
RSS_SAMPLE t=1158.7s rss=4791MB hwm=4791MB
MEM_POOL: workspaces=32 dense_usage_mb=1251 n_pipes=2562403
    post_solve_diag[outer=14]: solves=105117 cap_armed=105117 (100.0%) settle_avg=4960 above_sink_avg=222 (4.5%) settle_max=69352
    load_support[outer=14]: settle_avg=4960 load_nz_avg=4082 (82.3%) load_material_avg=2437 (49.1%)
    prune_ceiling[outer=14]: settle_avg=4960 heuristic_prunable_avg=571 (11.5%) vs oracle_zero_load=17.7%
    settle_hist[outer=14]: <100: 24560nets/0.2%work  <1k: 28379nets/1.9%work  <5k: 24776nets/12.5%work  <20k: 19700nets/39.4%work  <60k: 7596nets/44.7%work  >=60k: 106nets/1.3%work
    fanout_hist[outer=14]: fan1: 43710nets/13.6%work  fan2-4: 48279nets/49.9%work  fan5-16: 12974nets/35.5%work  fan17-64: 154nets/1.0%work  fan65-256: 0nets/0.0%work  fan>256: 0nets/0.0%work
    rss_probe[outer=14]: pre_post_solve=4780MB post_post_solve=4791MB after_apply=4791MB
RSS_SAMPLE t=1159.0s rss=4791MB hwm=4791MB
    E_decomp: base=10325061.4 eff=236975932501887.7 cong=236975922176826.3 cong_share=100.0% sat_pipes=351281 max_util=964.31  R_buckets: 1-2x=994816 2-10x=116999 10-100x=285613 >=100x=1164975
    E_potential: beckmann=58096439926944.0 history_total=0.0
    SpanCache: epoch=15 entries=2891 lookups=2562403 hits=2559512 misses=2891 hit_rate=99.9%
  DCD  14: nets=105117 line=11117089 energy=7763952870.105 dE=-11520061214.067 friction=5077268.9 bins=1.9x(88) excess=24.6 moved=67572 disp=4.310 solves=105117 skip=105117 pops=521386167 theta=2.273 refresh=58327ms dcd=6581ms total=67550ms
    cache_stats: entries=60989272 capacity=127960042 est_mb=1103 rss_mb=4791
RSS_SAMPLE t=1159.2s rss=4791MB hwm=4791MB
RSS_SAMPLE t=1159.5s rss=4791MB hwm=4791MB
RSS_SAMPLE t=1159.7s rss=4791MB hwm=4791MB
RSS_SAMPLE t=1160.0s rss=4791MB hwm=4791MB
RSS_SAMPLE t=1160.2s rss=4791MB hwm=4791MB
RSS_SAMPLE t=1160.5s rss=4791MB hwm=4791MB
RSS_SAMPLE t=1160.7s rss=4791MB hwm=4791MB
RSS_SAMPLE t=1161.0s rss=4791MB hwm=4791MB
RSS_SAMPLE t=1161.2s rss=4791MB hwm=4791MB
RSS_SAMPLE t=1161.5s rss=4791MB hwm=4791MB
    SwitchMatrix: type_usage_pairs=817 lookups=2686 hits=1869 dijkstra_calls=817 avg_us=14.0 total_ms=11.4
PHASE_MARK outer=15 enter=pre_solve rss=4791MB
    rss_probe[outer=15]: pre_refresh_rss=4791MB post_pre_solve_rss=4791MB cache_entries=60989272 cache_cap=127960042 cache_est_mb=1103
    pre_solve_diag[outer=15]: solves=0 fallback=0 (0.0%) cap_armed=0 (0.0%) settle_avg=0 settle_max=0 init_count=233
    Overflow: over=300653 (11.7% of used) avg_excess=1.63 max_excess=2579.74 (nc=2603.74 cap=24 span=1)  excess_buckets: <=1=182043 1-5=102581 5-20=14385 >20=1644  by_cap: cap1=144752 cap2=151098 cap3-5=80 cap>5=4723  by_span: s1=387 s2-3=732 s4-6=3093 s7-12=145651 s>12=150790  le1_cross: cap1=110602 cap2-5=70518 cap>5=923
    Congestion: pipes=2562403 used=2562403 congested(>50%)=721481 saturated(>90%)=351281 max_util=964.31 avg_util=0.4679
PHASE_MARK outer=15 enter=dcd_sweep rss=4791MB
RSS_SAMPLE t=1161.7s rss=4791MB hwm=4791MB
RSS_SAMPLE t=1162.0s rss=4791MB hwm=4791MB
RSS_SAMPLE t=1162.2s rss=4791MB hwm=4791MB
RSS_SAMPLE t=1162.5s rss=4791MB hwm=4791MB
RSS_SAMPLE t=1162.7s rss=4791MB hwm=4791MB
RSS_SAMPLE t=1163.0s rss=4791MB hwm=4791MB
RSS_SAMPLE t=1163.2s rss=4791MB hwm=4791MB
RSS_SAMPLE t=1163.5s rss=4791MB hwm=4791MB
RSS_SAMPLE t=1163.7s rss=4791MB hwm=4791MB
RSS_SAMPLE t=1164.0s rss=4791MB hwm=4791MB
RSS_SAMPLE t=1164.2s rss=4791MB hwm=4791MB
RSS_SAMPLE t=1164.5s rss=4791MB hwm=4791MB
RSS_SAMPLE t=1164.7s rss=4791MB hwm=4791MB
RSS_SAMPLE t=1165.0s rss=4791MB hwm=4791MB
RSS_SAMPLE t=1165.2s rss=4791MB hwm=4791MB
RSS_SAMPLE t=1165.5s rss=4791MB hwm=4791MB
RSS_SAMPLE t=1165.7s rss=4791MB hwm=4791MB
RSS_SAMPLE t=1166.0s rss=4791MB hwm=4791MB
RSS_SAMPLE t=1166.2s rss=4791MB hwm=4791MB
RSS_SAMPLE t=1166.5s rss=4791MB hwm=4791MB
RSS_SAMPLE t=1166.7s rss=4791MB hwm=4791MB
RSS_SAMPLE t=1167.0s rss=4791MB hwm=4791MB
RSS_SAMPLE t=1167.2s rss=4791MB hwm=4791MB
RSS_SAMPLE t=1167.5s rss=4791MB hwm=4791MB
RSS_SAMPLE t=1167.7s rss=4791MB hwm=4791MB
RSS_SAMPLE t=1168.0s rss=4791MB hwm=4791MB
RSS_SAMPLE t=1168.2s rss=4791MB hwm=4791MB
PHASE_MARK outer=15 leave=dcd_sweep rss=4791MB
PHASE_MARK outer=15 enter=post_refresh rss=4791MB
RSS_SAMPLE t=1168.5s rss=4791MB hwm=4791MB
RSS_SAMPLE t=1168.7s rss=4791MB hwm=4791MB
RSS_SAMPLE t=1169.0s rss=4791MB hwm=4791MB
RSS_SAMPLE t=1169.2s rss=4791MB hwm=4791MB
RSS_SAMPLE t=1169.5s rss=4791MB hwm=4791MB
RSS_SAMPLE t=1169.7s rss=4791MB hwm=4791MB
RSS_SAMPLE t=1170.0s rss=4791MB hwm=4791MB
RSS_SAMPLE t=1170.2s rss=4791MB hwm=4791MB
RSS_SAMPLE t=1170.5s rss=4791MB hwm=4791MB
RSS_SAMPLE t=1170.7s rss=4791MB hwm=4791MB
RSS_SAMPLE t=1171.0s rss=4791MB hwm=4791MB
RSS_SAMPLE t=1171.2s rss=4791MB hwm=4791MB
RSS_SAMPLE t=1171.5s rss=4791MB hwm=4791MB
RSS_SAMPLE t=1171.7s rss=4791MB hwm=4791MB
RSS_SAMPLE t=1172.0s rss=4791MB hwm=4791MB
RSS_SAMPLE t=1172.2s rss=4792MB hwm=4792MB
RSS_SAMPLE t=1172.5s rss=4792MB hwm=4792MB
RSS_SAMPLE t=1172.7s rss=4792MB hwm=4792MB
RSS_SAMPLE t=1173.0s rss=4792MB hwm=4792MB
RSS_SAMPLE t=1173.2s rss=4792MB hwm=4792MB
RSS_SAMPLE t=1173.5s rss=4792MB hwm=4792MB
RSS_SAMPLE t=1173.7s rss=4792MB hwm=4792MB
RSS_SAMPLE t=1174.0s rss=4792MB hwm=4792MB
RSS_SAMPLE t=1174.2s rss=4792MB hwm=4792MB
RSS_SAMPLE t=1174.5s rss=4792MB hwm=4792MB
RSS_SAMPLE t=1174.7s rss=4792MB hwm=4792MB
RSS_SAMPLE t=1175.0s rss=4792MB hwm=4792MB
RSS_SAMPLE t=1175.2s rss=4792MB hwm=4792MB
RSS_SAMPLE t=1175.5s rss=4792MB hwm=4792MB
RSS_SAMPLE t=1175.7s rss=4793MB hwm=4793MB
RSS_SAMPLE t=1176.0s rss=4793MB hwm=4793MB
RSS_SAMPLE t=1176.2s rss=4793MB hwm=4793MB
RSS_SAMPLE t=1176.5s rss=4793MB hwm=4793MB
RSS_SAMPLE t=1176.7s rss=4793MB hwm=4793MB
RSS_SAMPLE t=1177.0s rss=4793MB hwm=4793MB
RSS_SAMPLE t=1177.2s rss=4793MB hwm=4793MB
RSS_SAMPLE t=1177.5s rss=4794MB hwm=4794MB
RSS_SAMPLE t=1177.7s rss=4794MB hwm=4794MB
RSS_SAMPLE t=1178.0s rss=4794MB hwm=4794MB
RSS_SAMPLE t=1178.2s rss=4794MB hwm=4794MB
RSS_SAMPLE t=1178.5s rss=4794MB hwm=4794MB
RSS_SAMPLE t=1178.7s rss=4794MB hwm=4794MB
RSS_SAMPLE t=1179.0s rss=4794MB hwm=4794MB
RSS_SAMPLE t=1179.2s rss=4795MB hwm=4795MB
RSS_SAMPLE t=1179.5s rss=4795MB hwm=4795MB
RSS_SAMPLE t=1179.7s rss=4795MB hwm=4795MB
RSS_SAMPLE t=1180.0s rss=4795MB hwm=4795MB
RSS_SAMPLE t=1180.3s rss=4795MB hwm=4795MB
RSS_SAMPLE t=1180.5s rss=4795MB hwm=4795MB
RSS_SAMPLE t=1180.8s rss=4795MB hwm=4795MB
RSS_SAMPLE t=1181.0s rss=4795MB hwm=4795MB
RSS_SAMPLE t=1181.3s rss=4796MB hwm=4796MB
RSS_SAMPLE t=1181.5s rss=4796MB hwm=4796MB
RSS_SAMPLE t=1181.8s rss=4796MB hwm=4796MB
RSS_SAMPLE t=1182.0s rss=4796MB hwm=4796MB
RSS_SAMPLE t=1182.3s rss=4796MB hwm=4796MB
RSS_SAMPLE t=1182.5s rss=4796MB hwm=4796MB
RSS_SAMPLE t=1182.8s rss=4796MB hwm=4796MB
RSS_SAMPLE t=1183.0s rss=4796MB hwm=4796MB
RSS_SAMPLE t=1183.3s rss=4796MB hwm=4796MB
RSS_SAMPLE t=1183.5s rss=4796MB hwm=4796MB
RSS_SAMPLE t=1183.8s rss=4796MB hwm=4796MB
RSS_SAMPLE t=1184.0s rss=4796MB hwm=4796MB
RSS_SAMPLE t=1184.3s rss=4797MB hwm=4797MB
RSS_SAMPLE t=1184.5s rss=4797MB hwm=4797MB
RSS_SAMPLE t=1184.8s rss=4797MB hwm=4797MB
RSS_SAMPLE t=1185.0s rss=4797MB hwm=4797MB
RSS_SAMPLE t=1185.3s rss=4797MB hwm=4797MB
RSS_SAMPLE t=1185.5s rss=4797MB hwm=4797MB
RSS_SAMPLE t=1185.8s rss=4797MB hwm=4797MB
RSS_SAMPLE t=1186.0s rss=4797MB hwm=4797MB
RSS_SAMPLE t=1186.3s rss=4797MB hwm=4797MB
RSS_SAMPLE t=1186.5s rss=4797MB hwm=4797MB
RSS_SAMPLE t=1186.8s rss=4797MB hwm=4797MB
RSS_SAMPLE t=1187.0s rss=4797MB hwm=4797MB
RSS_SAMPLE t=1187.3s rss=4797MB hwm=4797MB
RSS_SAMPLE t=1187.5s rss=4797MB hwm=4797MB
RSS_SAMPLE t=1187.8s rss=4798MB hwm=4798MB
RSS_SAMPLE t=1188.0s rss=4798MB hwm=4798MB
RSS_SAMPLE t=1188.3s rss=4798MB hwm=4798MB
RSS_SAMPLE t=1188.5s rss=4798MB hwm=4798MB
RSS_SAMPLE t=1188.8s rss=4798MB hwm=4798MB
RSS_SAMPLE t=1189.0s rss=4798MB hwm=4798MB
RSS_SAMPLE t=1189.3s rss=4798MB hwm=4798MB
RSS_SAMPLE t=1189.5s rss=4798MB hwm=4798MB
RSS_SAMPLE t=1189.8s rss=4798MB hwm=4798MB
RSS_SAMPLE t=1190.0s rss=4798MB hwm=4798MB
RSS_SAMPLE t=1190.3s rss=4798MB hwm=4798MB
RSS_SAMPLE t=1190.5s rss=4798MB hwm=4798MB
RSS_SAMPLE t=1190.8s rss=4798MB hwm=4798MB
RSS_SAMPLE t=1191.0s rss=4798MB hwm=4798MB
RSS_SAMPLE t=1191.3s rss=4798MB hwm=4798MB
RSS_SAMPLE t=1191.5s rss=4798MB hwm=4798MB
RSS_SAMPLE t=1191.8s rss=4799MB hwm=4799MB
RSS_SAMPLE t=1192.0s rss=4799MB hwm=4799MB
RSS_SAMPLE t=1192.3s rss=4799MB hwm=4799MB
RSS_SAMPLE t=1192.5s rss=4799MB hwm=4799MB
RSS_SAMPLE t=1192.8s rss=4799MB hwm=4799MB
RSS_SAMPLE t=1193.0s rss=4799MB hwm=4799MB
RSS_SAMPLE t=1193.3s rss=4800MB hwm=4800MB
RSS_SAMPLE t=1193.5s rss=4800MB hwm=4800MB
RSS_SAMPLE t=1193.8s rss=4800MB hwm=4800MB
RSS_SAMPLE t=1194.0s rss=4800MB hwm=4800MB
RSS_SAMPLE t=1194.3s rss=4800MB hwm=4800MB
RSS_SAMPLE t=1194.5s rss=4801MB hwm=4801MB
RSS_SAMPLE t=1194.8s rss=4801MB hwm=4801MB
RSS_SAMPLE t=1195.0s rss=4801MB hwm=4801MB
RSS_SAMPLE t=1195.3s rss=4801MB hwm=4801MB
RSS_SAMPLE t=1195.5s rss=4801MB hwm=4801MB
RSS_SAMPLE t=1195.8s rss=4802MB hwm=4802MB
RSS_SAMPLE t=1196.0s rss=4802MB hwm=4802MB
RSS_SAMPLE t=1196.3s rss=4802MB hwm=4802MB
RSS_SAMPLE t=1196.5s rss=4802MB hwm=4802MB
RSS_SAMPLE t=1196.8s rss=4802MB hwm=4802MB
RSS_SAMPLE t=1197.0s rss=4802MB hwm=4802MB
RSS_SAMPLE t=1197.3s rss=4803MB hwm=4803MB
RSS_SAMPLE t=1197.5s rss=4803MB hwm=4803MB
RSS_SAMPLE t=1197.8s rss=4803MB hwm=4803MB
RSS_SAMPLE t=1198.0s rss=4803MB hwm=4803MB
RSS_SAMPLE t=1198.3s rss=4803MB hwm=4803MB
RSS_SAMPLE t=1198.5s rss=4803MB hwm=4803MB
RSS_SAMPLE t=1198.8s rss=4803MB hwm=4803MB
RSS_SAMPLE t=1199.0s rss=4803MB hwm=4803MB
RSS_SAMPLE t=1199.3s rss=4803MB hwm=4803MB
RSS_SAMPLE t=1199.5s rss=4803MB hwm=4803MB
RSS_SAMPLE t=1199.8s rss=4803MB hwm=4803MB
RSS_SAMPLE t=1200.0s rss=4803MB hwm=4803MB
RSS_SAMPLE t=1200.3s rss=4803MB hwm=4803MB
RSS_SAMPLE t=1200.5s rss=4803MB hwm=4803MB
RSS_SAMPLE t=1200.8s rss=4803MB hwm=4803MB
RSS_SAMPLE t=1201.0s rss=4803MB hwm=4803MB
RSS_SAMPLE t=1201.3s rss=4803MB hwm=4803MB
RSS_SAMPLE t=1201.5s rss=4803MB hwm=4803MB
RSS_SAMPLE t=1201.8s rss=4803MB hwm=4803MB
RSS_SAMPLE t=1202.0s rss=4803MB hwm=4803MB
RSS_SAMPLE t=1202.3s rss=4803MB hwm=4803MB
RSS_SAMPLE t=1202.5s rss=4803MB hwm=4803MB
RSS_SAMPLE t=1202.8s rss=4803MB hwm=4803MB
RSS_SAMPLE t=1203.0s rss=4803MB hwm=4803MB
RSS_SAMPLE t=1203.3s rss=4803MB hwm=4803MB
RSS_SAMPLE t=1203.5s rss=4803MB hwm=4803MB
RSS_SAMPLE t=1203.8s rss=4803MB hwm=4803MB
RSS_SAMPLE t=1204.0s rss=4803MB hwm=4803MB
RSS_SAMPLE t=1204.3s rss=4803MB hwm=4803MB
RSS_SAMPLE t=1204.5s rss=4803MB hwm=4803MB
RSS_SAMPLE t=1204.8s rss=4803MB hwm=4803MB
RSS_SAMPLE t=1205.0s rss=4803MB hwm=4803MB
RSS_SAMPLE t=1205.3s rss=4803MB hwm=4803MB
RSS_SAMPLE t=1205.5s rss=4803MB hwm=4803MB
RSS_SAMPLE t=1205.8s rss=4803MB hwm=4803MB
RSS_SAMPLE t=1206.0s rss=4803MB hwm=4803MB
RSS_SAMPLE t=1206.3s rss=4803MB hwm=4803MB
RSS_SAMPLE t=1206.5s rss=4803MB hwm=4803MB
RSS_SAMPLE t=1206.8s rss=4803MB hwm=4803MB
RSS_SAMPLE t=1207.0s rss=4803MB hwm=4803MB
RSS_SAMPLE t=1207.3s rss=4803MB hwm=4803MB
RSS_SAMPLE t=1207.5s rss=4803MB hwm=4803MB
RSS_SAMPLE t=1207.8s rss=4803MB hwm=4803MB
RSS_SAMPLE t=1208.0s rss=4803MB hwm=4803MB
RSS_SAMPLE t=1208.3s rss=4803MB hwm=4803MB
RSS_SAMPLE t=1208.5s rss=4803MB hwm=4803MB
RSS_SAMPLE t=1208.8s rss=4803MB hwm=4803MB
RSS_SAMPLE t=1209.0s rss=4803MB hwm=4803MB
RSS_SAMPLE t=1209.3s rss=4803MB hwm=4803MB
RSS_SAMPLE t=1209.5s rss=4803MB hwm=4803MB
RSS_SAMPLE t=1209.8s rss=4803MB hwm=4803MB
RSS_SAMPLE t=1210.0s rss=4803MB hwm=4803MB
RSS_SAMPLE t=1210.3s rss=4803MB hwm=4803MB
RSS_SAMPLE t=1210.5s rss=4803MB hwm=4803MB
RSS_SAMPLE t=1210.8s rss=4803MB hwm=4803MB
RSS_SAMPLE t=1211.0s rss=4803MB hwm=4803MB
RSS_SAMPLE t=1211.3s rss=4803MB hwm=4803MB
RSS_SAMPLE t=1211.5s rss=4803MB hwm=4803MB
RSS_SAMPLE t=1211.8s rss=4803MB hwm=4803MB
RSS_SAMPLE t=1212.0s rss=4803MB hwm=4803MB
RSS_SAMPLE t=1212.3s rss=4803MB hwm=4803MB
RSS_SAMPLE t=1212.5s rss=4803MB hwm=4803MB
RSS_SAMPLE t=1212.8s rss=4803MB hwm=4803MB
RSS_SAMPLE t=1213.0s rss=4803MB hwm=4803MB
RSS_SAMPLE t=1213.3s rss=4803MB hwm=4803MB
RSS_SAMPLE t=1213.5s rss=4803MB hwm=4803MB
RSS_SAMPLE t=1213.8s rss=4803MB hwm=4803MB
RSS_SAMPLE t=1214.0s rss=4803MB hwm=4803MB
RSS_SAMPLE t=1214.3s rss=4803MB hwm=4803MB
RSS_SAMPLE t=1214.5s rss=4803MB hwm=4803MB
RSS_SAMPLE t=1214.8s rss=4803MB hwm=4803MB
RSS_SAMPLE t=1215.0s rss=4803MB hwm=4803MB
RSS_SAMPLE t=1215.3s rss=4803MB hwm=4803MB
RSS_SAMPLE t=1215.5s rss=4803MB hwm=4803MB
RSS_SAMPLE t=1215.8s rss=4803MB hwm=4803MB
RSS_SAMPLE t=1216.0s rss=4803MB hwm=4803MB
RSS_SAMPLE t=1216.3s rss=4803MB hwm=4803MB
RSS_SAMPLE t=1216.5s rss=4803MB hwm=4803MB
RSS_SAMPLE t=1216.8s rss=4803MB hwm=4803MB
RSS_SAMPLE t=1217.0s rss=4803MB hwm=4803MB
RSS_SAMPLE t=1217.3s rss=4803MB hwm=4803MB
RSS_SAMPLE t=1217.5s rss=4803MB hwm=4803MB
RSS_SAMPLE t=1217.8s rss=4803MB hwm=4803MB
RSS_SAMPLE t=1218.0s rss=4803MB hwm=4803MB
RSS_SAMPLE t=1218.3s rss=4803MB hwm=4803MB
RSS_SAMPLE t=1218.5s rss=4803MB hwm=4803MB
RSS_SAMPLE t=1218.8s rss=4803MB hwm=4803MB
RSS_SAMPLE t=1219.0s rss=4803MB hwm=4803MB
RSS_SAMPLE t=1219.3s rss=4803MB hwm=4803MB
RSS_SAMPLE t=1219.5s rss=4803MB hwm=4803MB
RSS_SAMPLE t=1219.8s rss=4803MB hwm=4803MB
RSS_SAMPLE t=1220.0s rss=4803MB hwm=4803MB
RSS_SAMPLE t=1220.3s rss=4803MB hwm=4803MB
RSS_SAMPLE t=1220.5s rss=4803MB hwm=4803MB
RSS_SAMPLE t=1220.8s rss=4803MB hwm=4803MB
RSS_SAMPLE t=1221.0s rss=4803MB hwm=4803MB
RSS_SAMPLE t=1221.3s rss=4803MB hwm=4803MB
RSS_SAMPLE t=1221.5s rss=4803MB hwm=4803MB
RSS_SAMPLE t=1221.8s rss=4803MB hwm=4803MB
RSS_SAMPLE t=1222.0s rss=4803MB hwm=4803MB
RSS_SAMPLE t=1222.3s rss=4803MB hwm=4803MB
RSS_SAMPLE t=1222.5s rss=4803MB hwm=4803MB
RSS_SAMPLE t=1222.8s rss=4803MB hwm=4803MB
RSS_SAMPLE t=1223.0s rss=4803MB hwm=4803MB
RSS_SAMPLE t=1223.3s rss=4803MB hwm=4803MB
RSS_SAMPLE t=1223.5s rss=4803MB hwm=4803MB
RSS_SAMPLE t=1223.8s rss=4803MB hwm=4803MB
MEM_POOL: workspaces=32 dense_usage_mb=1251 n_pipes=2562403
    post_solve_diag[outer=15]: solves=105117 cap_armed=105117 (100.0%) settle_avg=4716 above_sink_avg=191 (4.1%) settle_max=69353
    load_support[outer=15]: settle_avg=4716 load_nz_avg=3875 (82.2%) load_material_avg=2964 (62.9%)
    prune_ceiling[outer=15]: settle_avg=4716 heuristic_prunable_avg=434 (9.2%) vs oracle_zero_load=17.8%
    settle_hist[outer=15]: <100: 26700nets/0.2%work  <1k: 27061nets/2.0%work  <5k: 24809nets/13.2%work  <20k: 19564nets/41.0%work  <60k: 6896nets/42.5%work  >=60k: 87nets/1.1%work
    fanout_hist[outer=15]: fan1: 43710nets/13.5%work  fan2-4: 48279nets/49.9%work  fan5-16: 12974nets/35.6%work  fan17-64: 154nets/1.0%work  fan65-256: 0nets/0.0%work  fan>256: 0nets/0.0%work
    rss_probe[outer=15]: pre_post_solve=4791MB post_post_solve=4803MB after_apply=4803MB
RSS_SAMPLE t=1224.0s rss=4803MB hwm=4803MB
    E_decomp: base=7070004.0 eff=150223429948440.0 cong=150223422878436.0 cong_share=100.0% sat_pipes=149613 max_util=482.15  R_buckets: 1-2x=599484 2-10x=450092 10-100x=345155 >=100x=1167672
    E_potential: beckmann=2044988637973.1 history_total=0.0
    SpanCache: epoch=16 entries=2686 lookups=2562403 hits=2559717 misses=2686 hit_rate=99.9%
  DCD  15: nets=105117 line=10758835 energy=2670336488.620 dE=-5093616381.484 friction=2413928.7 bins=2.0x(175) excess=61.2 moved=67575 disp=4.093 solves=105117 skip=105117 pops=495696116 theta=2.661 refresh=55791ms dcd=6574ms total=65013ms
    cache_stats: entries=59613871 capacity=127315125 est_mb=1098 rss_mb=4803
RSS_SAMPLE t=1224.3s rss=4803MB hwm=4803MB
RSS_SAMPLE t=1224.5s rss=4803MB hwm=4803MB
RSS_SAMPLE t=1224.8s rss=4803MB hwm=4803MB
RSS_SAMPLE t=1225.0s rss=4803MB hwm=4803MB
RSS_SAMPLE t=1225.3s rss=4803MB hwm=4803MB
RSS_SAMPLE t=1225.5s rss=4803MB hwm=4803MB
RSS_SAMPLE t=1225.8s rss=4803MB hwm=4803MB
RSS_SAMPLE t=1226.0s rss=4803MB hwm=4803MB
RSS_SAMPLE t=1226.3s rss=4803MB hwm=4803MB
RSS_SAMPLE t=1226.5s rss=4803MB hwm=4803MB
    SwitchMatrix: type_usage_pairs=612 lookups=1945 hits=1333 dijkstra_calls=612 avg_us=11.4 total_ms=7.0
PHASE_MARK outer=16 enter=pre_solve rss=4803MB
    rss_probe[outer=16]: pre_refresh_rss=4803MB post_pre_solve_rss=4803MB cache_entries=59613871 cache_cap=127315125 cache_est_mb=1098
    pre_solve_diag[outer=16]: solves=0 fallback=0 (0.0%) cap_armed=0 (0.0%) settle_avg=0 settle_max=0 init_count=233
    Overflow: over=125907 (4.9% of used) avg_excess=2.41 max_excess=2629.78 (nc=2653.78 cap=24 span=1)  excess_buckets: <=1=63988 1-5=47827 5-20=12975 >20=1117  by_cap: cap1=40512 cap2=83731 cap3-5=5 cap>5=1659  by_span: s1=405 s2-3=495 s4-6=1509 s7-12=82059 s>12=41439  le1_cross: cap1=34645 cap2-5=29070 cap>5=273
    Congestion: pipes=2562403 used=2562403 congested(>50%)=398076 saturated(>90%)=149613 max_util=482.15 avg_util=0.3202
PHASE_MARK outer=16 enter=dcd_sweep rss=4803MB
RSS_SAMPLE t=1226.8s rss=4803MB hwm=4803MB
RSS_SAMPLE t=1227.0s rss=4803MB hwm=4803MB
RSS_SAMPLE t=1227.3s rss=4803MB hwm=4803MB
RSS_SAMPLE t=1227.5s rss=4803MB hwm=4803MB
RSS_SAMPLE t=1227.8s rss=4803MB hwm=4803MB
RSS_SAMPLE t=1228.0s rss=4803MB hwm=4803MB
RSS_SAMPLE t=1228.3s rss=4803MB hwm=4803MB
RSS_SAMPLE t=1228.5s rss=4803MB hwm=4803MB
RSS_SAMPLE t=1228.8s rss=4803MB hwm=4803MB
RSS_SAMPLE t=1229.0s rss=4803MB hwm=4803MB
RSS_SAMPLE t=1229.3s rss=4803MB hwm=4803MB
RSS_SAMPLE t=1229.5s rss=4803MB hwm=4803MB
RSS_SAMPLE t=1229.8s rss=4803MB hwm=4803MB
RSS_SAMPLE t=1230.0s rss=4803MB hwm=4803MB
RSS_SAMPLE t=1230.3s rss=4803MB hwm=4803MB
RSS_SAMPLE t=1230.5s rss=4803MB hwm=4803MB
RSS_SAMPLE t=1230.8s rss=4803MB hwm=4803MB
RSS_SAMPLE t=1231.0s rss=4803MB hwm=4803MB
RSS_SAMPLE t=1231.3s rss=4803MB hwm=4803MB
RSS_SAMPLE t=1231.5s rss=4803MB hwm=4803MB
RSS_SAMPLE t=1231.8s rss=4803MB hwm=4803MB
RSS_SAMPLE t=1232.0s rss=4803MB hwm=4803MB
RSS_SAMPLE t=1232.3s rss=4803MB hwm=4803MB
RSS_SAMPLE t=1232.5s rss=4803MB hwm=4803MB
RSS_SAMPLE t=1232.8s rss=4803MB hwm=4803MB
RSS_SAMPLE t=1233.0s rss=4803MB hwm=4803MB
PHASE_MARK outer=16 leave=dcd_sweep rss=4803MB
PHASE_MARK outer=16 enter=post_refresh rss=4803MB
RSS_SAMPLE t=1233.3s rss=4803MB hwm=4803MB
RSS_SAMPLE t=1233.5s rss=4803MB hwm=4803MB
RSS_SAMPLE t=1233.8s rss=4803MB hwm=4803MB
RSS_SAMPLE t=1234.0s rss=4803MB hwm=4803MB
RSS_SAMPLE t=1234.3s rss=4803MB hwm=4803MB
RSS_SAMPLE t=1234.5s rss=4803MB hwm=4803MB
RSS_SAMPLE t=1234.8s rss=4803MB hwm=4803MB
RSS_SAMPLE t=1235.0s rss=4803MB hwm=4803MB
RSS_SAMPLE t=1235.3s rss=4803MB hwm=4803MB
RSS_SAMPLE t=1235.5s rss=4803MB hwm=4803MB
RSS_SAMPLE t=1235.8s rss=4803MB hwm=4803MB
RSS_SAMPLE t=1236.0s rss=4803MB hwm=4803MB
RSS_SAMPLE t=1236.3s rss=4804MB hwm=4804MB
RSS_SAMPLE t=1236.5s rss=4804MB hwm=4804MB
RSS_SAMPLE t=1236.8s rss=4804MB hwm=4804MB
RSS_SAMPLE t=1237.0s rss=4804MB hwm=4804MB
RSS_SAMPLE t=1237.3s rss=4804MB hwm=4804MB
RSS_SAMPLE t=1237.5s rss=4804MB hwm=4804MB
RSS_SAMPLE t=1237.8s rss=4804MB hwm=4804MB
RSS_SAMPLE t=1238.0s rss=4804MB hwm=4804MB
RSS_SAMPLE t=1238.3s rss=4804MB hwm=4804MB
RSS_SAMPLE t=1238.5s rss=4804MB hwm=4804MB
RSS_SAMPLE t=1238.8s rss=4804MB hwm=4804MB
RSS_SAMPLE t=1239.0s rss=4804MB hwm=4804MB
RSS_SAMPLE t=1239.3s rss=4804MB hwm=4804MB
RSS_SAMPLE t=1239.5s rss=4804MB hwm=4804MB
RSS_SAMPLE t=1239.8s rss=4804MB hwm=4804MB
RSS_SAMPLE t=1240.0s rss=4804MB hwm=4804MB
RSS_SAMPLE t=1240.3s rss=4804MB hwm=4804MB
RSS_SAMPLE t=1240.5s rss=4804MB hwm=4804MB
RSS_SAMPLE t=1240.8s rss=4804MB hwm=4804MB
RSS_SAMPLE t=1241.0s rss=4804MB hwm=4804MB
RSS_SAMPLE t=1241.3s rss=4804MB hwm=4804MB
RSS_SAMPLE t=1241.5s rss=4804MB hwm=4804MB
RSS_SAMPLE t=1241.8s rss=4804MB hwm=4804MB
RSS_SAMPLE t=1242.0s rss=4804MB hwm=4804MB
RSS_SAMPLE t=1242.3s rss=4804MB hwm=4804MB
RSS_SAMPLE t=1242.5s rss=4804MB hwm=4804MB
RSS_SAMPLE t=1242.8s rss=4804MB hwm=4804MB
RSS_SAMPLE t=1243.1s rss=4804MB hwm=4804MB
RSS_SAMPLE t=1243.3s rss=4804MB hwm=4804MB
RSS_SAMPLE t=1243.6s rss=4804MB hwm=4804MB
RSS_SAMPLE t=1243.8s rss=4804MB hwm=4804MB
RSS_SAMPLE t=1244.1s rss=4804MB hwm=4804MB
RSS_SAMPLE t=1244.3s rss=4805MB hwm=4805MB
RSS_SAMPLE t=1244.6s rss=4805MB hwm=4805MB
RSS_SAMPLE t=1244.8s rss=4805MB hwm=4805MB
RSS_SAMPLE t=1245.1s rss=4805MB hwm=4805MB
RSS_SAMPLE t=1245.3s rss=4805MB hwm=4805MB
RSS_SAMPLE t=1245.6s rss=4805MB hwm=4805MB
RSS_SAMPLE t=1245.8s rss=4805MB hwm=4805MB
RSS_SAMPLE t=1246.1s rss=4805MB hwm=4805MB
RSS_SAMPLE t=1246.3s rss=4805MB hwm=4805MB
RSS_SAMPLE t=1246.6s rss=4805MB hwm=4805MB
RSS_SAMPLE t=1246.8s rss=4805MB hwm=4805MB
RSS_SAMPLE t=1247.1s rss=4805MB hwm=4805MB
RSS_SAMPLE t=1247.3s rss=4805MB hwm=4805MB
RSS_SAMPLE t=1247.6s rss=4805MB hwm=4805MB
RSS_SAMPLE t=1247.8s rss=4805MB hwm=4805MB
RSS_SAMPLE t=1248.1s rss=4805MB hwm=4805MB
RSS_SAMPLE t=1248.3s rss=4805MB hwm=4805MB
RSS_SAMPLE t=1248.6s rss=4805MB hwm=4805MB
RSS_SAMPLE t=1248.8s rss=4805MB hwm=4805MB
RSS_SAMPLE t=1249.1s rss=4805MB hwm=4805MB
RSS_SAMPLE t=1249.3s rss=4805MB hwm=4805MB
RSS_SAMPLE t=1249.6s rss=4805MB hwm=4805MB
RSS_SAMPLE t=1249.8s rss=4805MB hwm=4805MB
RSS_SAMPLE t=1250.1s rss=4805MB hwm=4805MB
RSS_SAMPLE t=1250.3s rss=4805MB hwm=4805MB
RSS_SAMPLE t=1250.6s rss=4805MB hwm=4805MB
RSS_SAMPLE t=1250.8s rss=4805MB hwm=4805MB
RSS_SAMPLE t=1251.1s rss=4805MB hwm=4805MB
RSS_SAMPLE t=1251.3s rss=4805MB hwm=4805MB
RSS_SAMPLE t=1251.6s rss=4805MB hwm=4805MB
RSS_SAMPLE t=1251.8s rss=4805MB hwm=4805MB
RSS_SAMPLE t=1252.1s rss=4805MB hwm=4805MB
RSS_SAMPLE t=1252.3s rss=4805MB hwm=4805MB
RSS_SAMPLE t=1252.6s rss=4805MB hwm=4805MB
RSS_SAMPLE t=1252.8s rss=4805MB hwm=4805MB
RSS_SAMPLE t=1253.1s rss=4805MB hwm=4805MB
RSS_SAMPLE t=1253.3s rss=4805MB hwm=4805MB
RSS_SAMPLE t=1253.6s rss=4805MB hwm=4805MB
RSS_SAMPLE t=1253.8s rss=4805MB hwm=4805MB
RSS_SAMPLE t=1254.1s rss=4805MB hwm=4805MB
RSS_SAMPLE t=1254.3s rss=4805MB hwm=4805MB
RSS_SAMPLE t=1254.6s rss=4805MB hwm=4805MB
RSS_SAMPLE t=1254.8s rss=4805MB hwm=4805MB
RSS_SAMPLE t=1255.1s rss=4805MB hwm=4805MB
RSS_SAMPLE t=1255.3s rss=4805MB hwm=4805MB
RSS_SAMPLE t=1255.6s rss=4805MB hwm=4805MB
RSS_SAMPLE t=1255.8s rss=4805MB hwm=4805MB
RSS_SAMPLE t=1256.1s rss=4805MB hwm=4805MB
RSS_SAMPLE t=1256.3s rss=4805MB hwm=4805MB
RSS_SAMPLE t=1256.6s rss=4805MB hwm=4805MB
RSS_SAMPLE t=1256.8s rss=4805MB hwm=4805MB
RSS_SAMPLE t=1257.1s rss=4805MB hwm=4805MB
RSS_SAMPLE t=1257.3s rss=4805MB hwm=4805MB
RSS_SAMPLE t=1257.6s rss=4805MB hwm=4805MB
RSS_SAMPLE t=1257.8s rss=4805MB hwm=4805MB
RSS_SAMPLE t=1258.1s rss=4805MB hwm=4805MB
RSS_SAMPLE t=1258.3s rss=4805MB hwm=4805MB
RSS_SAMPLE t=1258.6s rss=4805MB hwm=4805MB
RSS_SAMPLE t=1258.8s rss=4805MB hwm=4805MB
RSS_SAMPLE t=1259.1s rss=4805MB hwm=4805MB
RSS_SAMPLE t=1259.3s rss=4805MB hwm=4805MB
RSS_SAMPLE t=1259.6s rss=4805MB hwm=4805MB
RSS_SAMPLE t=1259.8s rss=4805MB hwm=4805MB
RSS_SAMPLE t=1260.1s rss=4805MB hwm=4805MB
RSS_SAMPLE t=1260.3s rss=4806MB hwm=4806MB
RSS_SAMPLE t=1260.6s rss=4806MB hwm=4806MB
RSS_SAMPLE t=1260.8s rss=4806MB hwm=4806MB
RSS_SAMPLE t=1261.1s rss=4806MB hwm=4806MB
RSS_SAMPLE t=1261.3s rss=4806MB hwm=4806MB
RSS_SAMPLE t=1261.6s rss=4807MB hwm=4807MB
RSS_SAMPLE t=1261.8s rss=4807MB hwm=4807MB
RSS_SAMPLE t=1262.1s rss=4807MB hwm=4807MB
RSS_SAMPLE t=1262.3s rss=4807MB hwm=4807MB
RSS_SAMPLE t=1262.6s rss=4807MB hwm=4807MB
RSS_SAMPLE t=1262.8s rss=4808MB hwm=4808MB
RSS_SAMPLE t=1263.1s rss=4808MB hwm=4808MB
RSS_SAMPLE t=1263.3s rss=4808MB hwm=4808MB
RSS_SAMPLE t=1263.6s rss=4808MB hwm=4808MB
RSS_SAMPLE t=1263.8s rss=4808MB hwm=4808MB
RSS_SAMPLE t=1264.1s rss=4808MB hwm=4808MB
RSS_SAMPLE t=1264.3s rss=4808MB hwm=4808MB
RSS_SAMPLE t=1264.6s rss=4808MB hwm=4808MB
RSS_SAMPLE t=1264.8s rss=4808MB hwm=4808MB
RSS_SAMPLE t=1265.1s rss=4808MB hwm=4808MB
RSS_SAMPLE t=1265.3s rss=4808MB hwm=4808MB
RSS_SAMPLE t=1265.6s rss=4808MB hwm=4808MB
RSS_SAMPLE t=1265.8s rss=4808MB hwm=4808MB
RSS_SAMPLE t=1266.1s rss=4808MB hwm=4808MB
RSS_SAMPLE t=1266.3s rss=4808MB hwm=4808MB
RSS_SAMPLE t=1266.6s rss=4808MB hwm=4808MB
RSS_SAMPLE t=1266.8s rss=4808MB hwm=4808MB
RSS_SAMPLE t=1267.1s rss=4808MB hwm=4808MB
RSS_SAMPLE t=1267.3s rss=4808MB hwm=4808MB
RSS_SAMPLE t=1267.6s rss=4808MB hwm=4808MB
RSS_SAMPLE t=1267.8s rss=4808MB hwm=4808MB
RSS_SAMPLE t=1268.1s rss=4808MB hwm=4808MB
RSS_SAMPLE t=1268.3s rss=4808MB hwm=4808MB
RSS_SAMPLE t=1268.6s rss=4808MB hwm=4808MB
RSS_SAMPLE t=1268.8s rss=4808MB hwm=4808MB
RSS_SAMPLE t=1269.1s rss=4808MB hwm=4808MB
RSS_SAMPLE t=1269.3s rss=4808MB hwm=4808MB
RSS_SAMPLE t=1269.6s rss=4808MB hwm=4808MB
RSS_SAMPLE t=1269.8s rss=4808MB hwm=4808MB
RSS_SAMPLE t=1270.1s rss=4808MB hwm=4808MB
RSS_SAMPLE t=1270.3s rss=4808MB hwm=4808MB
RSS_SAMPLE t=1270.6s rss=4808MB hwm=4808MB
RSS_SAMPLE t=1270.8s rss=4808MB hwm=4808MB
RSS_SAMPLE t=1271.1s rss=4808MB hwm=4808MB
RSS_SAMPLE t=1271.3s rss=4808MB hwm=4808MB
RSS_SAMPLE t=1271.6s rss=4808MB hwm=4808MB
RSS_SAMPLE t=1271.8s rss=4808MB hwm=4808MB
RSS_SAMPLE t=1272.1s rss=4808MB hwm=4808MB
RSS_SAMPLE t=1272.3s rss=4808MB hwm=4808MB
RSS_SAMPLE t=1272.6s rss=4808MB hwm=4808MB
RSS_SAMPLE t=1272.8s rss=4808MB hwm=4808MB
RSS_SAMPLE t=1273.1s rss=4808MB hwm=4808MB
RSS_SAMPLE t=1273.3s rss=4808MB hwm=4808MB
RSS_SAMPLE t=1273.6s rss=4808MB hwm=4808MB
RSS_SAMPLE t=1273.8s rss=4808MB hwm=4808MB
RSS_SAMPLE t=1274.1s rss=4808MB hwm=4808MB
RSS_SAMPLE t=1274.3s rss=4808MB hwm=4808MB
RSS_SAMPLE t=1274.6s rss=4808MB hwm=4808MB
RSS_SAMPLE t=1274.8s rss=4808MB hwm=4808MB
RSS_SAMPLE t=1275.1s rss=4808MB hwm=4808MB
RSS_SAMPLE t=1275.3s rss=4808MB hwm=4808MB
RSS_SAMPLE t=1275.6s rss=4808MB hwm=4808MB
RSS_SAMPLE t=1275.8s rss=4808MB hwm=4808MB
RSS_SAMPLE t=1276.1s rss=4808MB hwm=4808MB
RSS_SAMPLE t=1276.3s rss=4808MB hwm=4808MB
RSS_SAMPLE t=1276.6s rss=4808MB hwm=4808MB
RSS_SAMPLE t=1276.8s rss=4808MB hwm=4808MB
RSS_SAMPLE t=1277.1s rss=4808MB hwm=4808MB
RSS_SAMPLE t=1277.3s rss=4808MB hwm=4808MB
RSS_SAMPLE t=1277.6s rss=4808MB hwm=4808MB
RSS_SAMPLE t=1277.8s rss=4808MB hwm=4808MB
RSS_SAMPLE t=1278.1s rss=4808MB hwm=4808MB
RSS_SAMPLE t=1278.3s rss=4808MB hwm=4808MB
RSS_SAMPLE t=1278.6s rss=4808MB hwm=4808MB
RSS_SAMPLE t=1278.8s rss=4808MB hwm=4808MB
RSS_SAMPLE t=1279.1s rss=4808MB hwm=4808MB
RSS_SAMPLE t=1279.3s rss=4808MB hwm=4808MB
RSS_SAMPLE t=1279.6s rss=4808MB hwm=4808MB
RSS_SAMPLE t=1279.8s rss=4808MB hwm=4808MB
RSS_SAMPLE t=1280.1s rss=4808MB hwm=4808MB
RSS_SAMPLE t=1280.3s rss=4808MB hwm=4808MB
RSS_SAMPLE t=1280.6s rss=4808MB hwm=4808MB
RSS_SAMPLE t=1280.8s rss=4808MB hwm=4808MB
RSS_SAMPLE t=1281.1s rss=4808MB hwm=4808MB
RSS_SAMPLE t=1281.3s rss=4808MB hwm=4808MB
RSS_SAMPLE t=1281.6s rss=4808MB hwm=4808MB
RSS_SAMPLE t=1281.8s rss=4808MB hwm=4808MB
RSS_SAMPLE t=1282.1s rss=4808MB hwm=4808MB
RSS_SAMPLE t=1282.3s rss=4808MB hwm=4808MB
RSS_SAMPLE t=1282.6s rss=4808MB hwm=4808MB
RSS_SAMPLE t=1282.8s rss=4808MB hwm=4808MB
RSS_SAMPLE t=1283.1s rss=4808MB hwm=4808MB
RSS_SAMPLE t=1283.3s rss=4808MB hwm=4808MB
RSS_SAMPLE t=1283.6s rss=4808MB hwm=4808MB
RSS_SAMPLE t=1283.8s rss=4808MB hwm=4808MB
RSS_SAMPLE t=1284.1s rss=4808MB hwm=4808MB
RSS_SAMPLE t=1284.3s rss=4808MB hwm=4808MB
RSS_SAMPLE t=1284.6s rss=4808MB hwm=4808MB
RSS_SAMPLE t=1284.8s rss=4808MB hwm=4808MB
RSS_SAMPLE t=1285.1s rss=4808MB hwm=4808MB
MEM_POOL: workspaces=32 dense_usage_mb=1251 n_pipes=2562403
    post_solve_diag[outer=16]: solves=105117 cap_armed=105117 (100.0%) settle_avg=4536 above_sink_avg=209 (4.6%) settle_max=69353
    load_support[outer=16]: settle_avg=4536 load_nz_avg=3638 (80.2%) load_material_avg=2462 (54.3%)
    prune_ceiling[outer=16]: settle_avg=4536 heuristic_prunable_avg=272 (6.0%) vs oracle_zero_load=19.8%
    settle_hist[outer=16]: <100: 26547nets/0.2%work  <1k: 27723nets/2.1%work  <5k: 24932nets/13.7%work  <20k: 19507nets/42.4%work  <60k: 6338nets/40.6%work  >=60k: 70nets/0.9%work
    fanout_hist[outer=16]: fan1: 43710nets/13.7%work  fan2-4: 48279nets/49.8%work  fan5-16: 12974nets/35.5%work  fan17-64: 154nets/1.0%work  fan65-256: 0nets/0.0%work  fan>256: 0nets/0.0%work
    rss_probe[outer=16]: pre_post_solve=4803MB post_post_solve=4808MB after_apply=4808MB
    E_decomp: base=7662171.3 eff=6245682563510.7 cong=6245674901339.4 cong_share=100.0% sat_pipes=246370 max_util=945.66  R_buckets: 1-2x=1236851 2-10x=174866 10-100x=320569 >=100x=830117
    E_potential: beckmann=40551024006435.7 history_total=0.0
    SpanCache: epoch=17 entries=1945 lookups=2562403 hits=2560458 misses=1945 hit_rate=99.9%
  DCD  16: nets=105117 line=10479394 energy=12479510513.677 dE=+9809174025.057 friction=2963706.3 bins=2.0x(165) excess=54.2 moved=67566 disp=3.902 solves=105117 skip=105117 pops=476789351 theta=3.116 refresh=51864ms dcd=6564ms total=61058ms
    cache_stats: entries=59461650 capacity=127645532 est_mb=1100 rss_mb=4808
RSS_SAMPLE t=1285.3s rss=4808MB hwm=4808MB
RSS_SAMPLE t=1285.6s rss=4808MB hwm=4808MB
RSS_SAMPLE t=1285.8s rss=4808MB hwm=4808MB
RSS_SAMPLE t=1286.1s rss=4808MB hwm=4808MB
RSS_SAMPLE t=1286.3s rss=4808MB hwm=4808MB
RSS_SAMPLE t=1286.6s rss=4808MB hwm=4808MB
RSS_SAMPLE t=1286.8s rss=4808MB hwm=4808MB
RSS_SAMPLE t=1287.1s rss=4808MB hwm=4808MB
RSS_SAMPLE t=1287.3s rss=4808MB hwm=4808MB
RSS_SAMPLE t=1287.6s rss=4808MB hwm=4808MB
    SwitchMatrix: type_usage_pairs=608 lookups=2030 hits=1422 dijkstra_calls=608 avg_us=12.6 total_ms=7.6
PHASE_MARK outer=17 enter=pre_solve rss=4808MB
    rss_probe[outer=17]: pre_refresh_rss=4808MB post_pre_solve_rss=4808MB cache_entries=59461650 cache_cap=127645532 cache_est_mb=1100
    pre_solve_diag[outer=17]: solves=0 fallback=0 (0.0%) cap_armed=0 (0.0%) settle_avg=0 settle_max=0 init_count=233
    Overflow: over=206902 (8.1% of used) avg_excess=1.56 max_excess=3164.97 (nc=3188.97 cap=24 span=1)  excess_buckets: <=1=131925 1-5=63944 5-20=10030 >20=1003  by_cap: cap1=109112 cap2=95085 cap3-5=173 cap>5=2532  by_span: s1=276 s2-3=394 s4-6=2441 s7-12=91945 s>12=111846  le1_cross: cap1=91592 cap2-5=39773 cap>5=560
    Congestion: pipes=2562403 used=2562403 congested(>50%)=560932 saturated(>90%)=246370 max_util=945.66 avg_util=0.3711
PHASE_MARK outer=17 enter=dcd_sweep rss=4808MB
RSS_SAMPLE t=1287.8s rss=4808MB hwm=4808MB
RSS_SAMPLE t=1288.1s rss=4808MB hwm=4808MB
RSS_SAMPLE t=1288.3s rss=4808MB hwm=4808MB
RSS_SAMPLE t=1288.6s rss=4808MB hwm=4808MB
RSS_SAMPLE t=1288.8s rss=4808MB hwm=4808MB
RSS_SAMPLE t=1289.1s rss=4808MB hwm=4808MB
RSS_SAMPLE t=1289.3s rss=4808MB hwm=4808MB
RSS_SAMPLE t=1289.6s rss=4808MB hwm=4808MB
RSS_SAMPLE t=1289.8s rss=4808MB hwm=4808MB
RSS_SAMPLE t=1290.1s rss=4808MB hwm=4808MB
RSS_SAMPLE t=1290.3s rss=4808MB hwm=4808MB
RSS_SAMPLE t=1290.6s rss=4808MB hwm=4808MB
RSS_SAMPLE t=1290.8s rss=4808MB hwm=4808MB
RSS_SAMPLE t=1291.1s rss=4808MB hwm=4808MB
RSS_SAMPLE t=1291.3s rss=4808MB hwm=4808MB
RSS_SAMPLE t=1291.6s rss=4808MB hwm=4808MB
RSS_SAMPLE t=1291.8s rss=4808MB hwm=4808MB
RSS_SAMPLE t=1292.1s rss=4808MB hwm=4808MB
RSS_SAMPLE t=1292.3s rss=4808MB hwm=4808MB
RSS_SAMPLE t=1292.6s rss=4808MB hwm=4808MB
RSS_SAMPLE t=1292.8s rss=4808MB hwm=4808MB
RSS_SAMPLE t=1293.1s rss=4808MB hwm=4808MB
RSS_SAMPLE t=1293.3s rss=4808MB hwm=4808MB
RSS_SAMPLE t=1293.6s rss=4808MB hwm=4808MB
RSS_SAMPLE t=1293.8s rss=4808MB hwm=4808MB
RSS_SAMPLE t=1294.1s rss=4808MB hwm=4808MB
RSS_SAMPLE t=1294.3s rss=4808MB hwm=4808MB
PHASE_MARK outer=17 leave=dcd_sweep rss=4808MB
PHASE_MARK outer=17 enter=post_refresh rss=4808MB
RSS_SAMPLE t=1294.6s rss=4808MB hwm=4808MB
RSS_SAMPLE t=1294.8s rss=4808MB hwm=4808MB
RSS_SAMPLE t=1295.1s rss=4808MB hwm=4808MB
RSS_SAMPLE t=1295.3s rss=4808MB hwm=4808MB
RSS_SAMPLE t=1295.6s rss=4808MB hwm=4808MB
RSS_SAMPLE t=1295.8s rss=4808MB hwm=4808MB
RSS_SAMPLE t=1296.1s rss=4808MB hwm=4808MB
RSS_SAMPLE t=1296.3s rss=4808MB hwm=4808MB
RSS_SAMPLE t=1296.6s rss=4808MB hwm=4808MB
RSS_SAMPLE t=1296.8s rss=4808MB hwm=4808MB
RSS_SAMPLE t=1297.1s rss=4808MB hwm=4808MB
RSS_SAMPLE t=1297.3s rss=4808MB hwm=4808MB
RSS_SAMPLE t=1297.6s rss=4808MB hwm=4808MB
RSS_SAMPLE t=1297.8s rss=4808MB hwm=4808MB
RSS_SAMPLE t=1298.1s rss=4809MB hwm=4809MB
RSS_SAMPLE t=1298.3s rss=4809MB hwm=4809MB
RSS_SAMPLE t=1298.6s rss=4809MB hwm=4809MB
RSS_SAMPLE t=1298.8s rss=4809MB hwm=4809MB
RSS_SAMPLE t=1299.1s rss=4809MB hwm=4809MB
RSS_SAMPLE t=1299.3s rss=4809MB hwm=4809MB
RSS_SAMPLE t=1299.6s rss=4809MB hwm=4809MB
RSS_SAMPLE t=1299.8s rss=4809MB hwm=4809MB
RSS_SAMPLE t=1300.1s rss=4809MB hwm=4809MB
RSS_SAMPLE t=1300.3s rss=4809MB hwm=4809MB
RSS_SAMPLE t=1300.6s rss=4809MB hwm=4809MB
RSS_SAMPLE t=1300.9s rss=4809MB hwm=4809MB
RSS_SAMPLE t=1301.1s rss=4809MB hwm=4809MB
RSS_SAMPLE t=1301.4s rss=4809MB hwm=4809MB
RSS_SAMPLE t=1301.6s rss=4809MB hwm=4809MB
RSS_SAMPLE t=1301.9s rss=4809MB hwm=4809MB
RSS_SAMPLE t=1302.1s rss=4809MB hwm=4809MB
RSS_SAMPLE t=1302.4s rss=4809MB hwm=4809MB
RSS_SAMPLE t=1302.6s rss=4809MB hwm=4809MB
RSS_SAMPLE t=1302.9s rss=4810MB hwm=4810MB
RSS_SAMPLE t=1303.1s rss=4810MB hwm=4810MB
RSS_SAMPLE t=1303.4s rss=4810MB hwm=4810MB
RSS_SAMPLE t=1303.6s rss=4810MB hwm=4810MB
RSS_SAMPLE t=1303.9s rss=4810MB hwm=4810MB
RSS_SAMPLE t=1304.1s rss=4810MB hwm=4810MB
RSS_SAMPLE t=1304.4s rss=4810MB hwm=4810MB
RSS_SAMPLE t=1304.6s rss=4810MB hwm=4810MB
RSS_SAMPLE t=1304.9s rss=4810MB hwm=4810MB
RSS_SAMPLE t=1305.1s rss=4810MB hwm=4810MB
RSS_SAMPLE t=1305.4s rss=4810MB hwm=4810MB
RSS_SAMPLE t=1305.6s rss=4810MB hwm=4810MB
RSS_SAMPLE t=1305.9s rss=4810MB hwm=4810MB
RSS_SAMPLE t=1306.1s rss=4810MB hwm=4810MB
RSS_SAMPLE t=1306.4s rss=4811MB hwm=4811MB
RSS_SAMPLE t=1306.6s rss=4811MB hwm=4811MB
RSS_SAMPLE t=1306.9s rss=4811MB hwm=4811MB
RSS_SAMPLE t=1307.1s rss=4811MB hwm=4811MB
RSS_SAMPLE t=1307.4s rss=4811MB hwm=4811MB
RSS_SAMPLE t=1307.6s rss=4811MB hwm=4811MB
RSS_SAMPLE t=1307.9s rss=4811MB hwm=4811MB
RSS_SAMPLE t=1308.1s rss=4811MB hwm=4811MB
RSS_SAMPLE t=1308.4s rss=4811MB hwm=4811MB
RSS_SAMPLE t=1308.6s rss=4811MB hwm=4811MB
RSS_SAMPLE t=1308.9s rss=4811MB hwm=4811MB
RSS_SAMPLE t=1309.1s rss=4811MB hwm=4811MB
RSS_SAMPLE t=1309.4s rss=4812MB hwm=4812MB
RSS_SAMPLE t=1309.6s rss=4812MB hwm=4812MB
RSS_SAMPLE t=1309.9s rss=4812MB hwm=4812MB
RSS_SAMPLE t=1310.1s rss=4812MB hwm=4812MB
RSS_SAMPLE t=1310.4s rss=4812MB hwm=4812MB
RSS_SAMPLE t=1310.6s rss=4812MB hwm=4812MB
RSS_SAMPLE t=1310.9s rss=4812MB hwm=4812MB
RSS_SAMPLE t=1311.1s rss=4812MB hwm=4812MB
RSS_SAMPLE t=1311.4s rss=4812MB hwm=4812MB
RSS_SAMPLE t=1311.6s rss=4812MB hwm=4812MB
RSS_SAMPLE t=1311.9s rss=4812MB hwm=4812MB
RSS_SAMPLE t=1312.1s rss=4812MB hwm=4812MB
RSS_SAMPLE t=1312.4s rss=4812MB hwm=4812MB
RSS_SAMPLE t=1312.6s rss=4812MB hwm=4812MB
RSS_SAMPLE t=1312.9s rss=4812MB hwm=4812MB
RSS_SAMPLE t=1313.1s rss=4812MB hwm=4812MB
RSS_SAMPLE t=1313.4s rss=4812MB hwm=4812MB
RSS_SAMPLE t=1313.6s rss=4812MB hwm=4812MB
RSS_SAMPLE t=1313.9s rss=4812MB hwm=4812MB
RSS_SAMPLE t=1314.1s rss=4812MB hwm=4812MB
RSS_SAMPLE t=1314.4s rss=4812MB hwm=4812MB
RSS_SAMPLE t=1314.6s rss=4812MB hwm=4812MB
RSS_SAMPLE t=1314.9s rss=4812MB hwm=4812MB
RSS_SAMPLE t=1315.1s rss=4812MB hwm=4812MB
RSS_SAMPLE t=1315.4s rss=4812MB hwm=4812MB
RSS_SAMPLE t=1315.6s rss=4812MB hwm=4812MB
RSS_SAMPLE t=1315.9s rss=4812MB hwm=4812MB
RSS_SAMPLE t=1316.1s rss=4812MB hwm=4812MB
RSS_SAMPLE t=1316.4s rss=4812MB hwm=4812MB
RSS_SAMPLE t=1316.6s rss=4812MB hwm=4812MB
RSS_SAMPLE t=1316.9s rss=4812MB hwm=4812MB
RSS_SAMPLE t=1317.1s rss=4812MB hwm=4812MB
RSS_SAMPLE t=1317.4s rss=4812MB hwm=4812MB
RSS_SAMPLE t=1317.6s rss=4812MB hwm=4812MB
RSS_SAMPLE t=1317.9s rss=4812MB hwm=4812MB
RSS_SAMPLE t=1318.1s rss=4812MB hwm=4812MB
RSS_SAMPLE t=1318.4s rss=4812MB hwm=4812MB
RSS_SAMPLE t=1318.6s rss=4812MB hwm=4812MB
RSS_SAMPLE t=1318.9s rss=4812MB hwm=4812MB
RSS_SAMPLE t=1319.1s rss=4812MB hwm=4812MB
RSS_SAMPLE t=1319.4s rss=4812MB hwm=4812MB
RSS_SAMPLE t=1319.6s rss=4812MB hwm=4812MB
RSS_SAMPLE t=1319.9s rss=4812MB hwm=4812MB
RSS_SAMPLE t=1320.1s rss=4812MB hwm=4812MB
RSS_SAMPLE t=1320.4s rss=4812MB hwm=4812MB
RSS_SAMPLE t=1320.6s rss=4812MB hwm=4812MB
RSS_SAMPLE t=1320.9s rss=4812MB hwm=4812MB
RSS_SAMPLE t=1321.1s rss=4812MB hwm=4812MB
RSS_SAMPLE t=1321.4s rss=4812MB hwm=4812MB
RSS_SAMPLE t=1321.6s rss=4812MB hwm=4812MB
RSS_SAMPLE t=1321.9s rss=4812MB hwm=4812MB
RSS_SAMPLE t=1322.1s rss=4812MB hwm=4812MB
RSS_SAMPLE t=1322.4s rss=4812MB hwm=4812MB
RSS_SAMPLE t=1322.6s rss=4812MB hwm=4812MB
RSS_SAMPLE t=1322.9s rss=4812MB hwm=4812MB
RSS_SAMPLE t=1323.1s rss=4812MB hwm=4812MB
RSS_SAMPLE t=1323.4s rss=4812MB hwm=4812MB
RSS_SAMPLE t=1323.6s rss=4812MB hwm=4812MB
RSS_SAMPLE t=1323.9s rss=4812MB hwm=4812MB
RSS_SAMPLE t=1324.1s rss=4812MB hwm=4812MB
RSS_SAMPLE t=1324.4s rss=4812MB hwm=4812MB
RSS_SAMPLE t=1324.6s rss=4812MB hwm=4812MB
RSS_SAMPLE t=1324.9s rss=4812MB hwm=4812MB
RSS_SAMPLE t=1325.1s rss=4812MB hwm=4812MB
RSS_SAMPLE t=1325.4s rss=4812MB hwm=4812MB
RSS_SAMPLE t=1325.6s rss=4812MB hwm=4812MB
RSS_SAMPLE t=1325.9s rss=4812MB hwm=4812MB
RSS_SAMPLE t=1326.1s rss=4812MB hwm=4812MB
RSS_SAMPLE t=1326.4s rss=4812MB hwm=4812MB
RSS_SAMPLE t=1326.6s rss=4812MB hwm=4812MB
RSS_SAMPLE t=1326.9s rss=4812MB hwm=4812MB
RSS_SAMPLE t=1327.1s rss=4812MB hwm=4812MB
RSS_SAMPLE t=1327.4s rss=4812MB hwm=4812MB
RSS_SAMPLE t=1327.6s rss=4812MB hwm=4812MB
RSS_SAMPLE t=1327.9s rss=4812MB hwm=4812MB
RSS_SAMPLE t=1328.1s rss=4812MB hwm=4812MB
RSS_SAMPLE t=1328.4s rss=4812MB hwm=4812MB
RSS_SAMPLE t=1328.6s rss=4812MB hwm=4812MB
RSS_SAMPLE t=1328.9s rss=4812MB hwm=4812MB
RSS_SAMPLE t=1329.1s rss=4812MB hwm=4812MB
RSS_SAMPLE t=1329.4s rss=4812MB hwm=4812MB
RSS_SAMPLE t=1329.6s rss=4812MB hwm=4812MB
RSS_SAMPLE t=1329.9s rss=4812MB hwm=4812MB
RSS_SAMPLE t=1330.1s rss=4812MB hwm=4812MB
RSS_SAMPLE t=1330.4s rss=4812MB hwm=4812MB
RSS_SAMPLE t=1330.6s rss=4812MB hwm=4812MB
RSS_SAMPLE t=1330.9s rss=4812MB hwm=4812MB
RSS_SAMPLE t=1331.1s rss=4812MB hwm=4812MB
RSS_SAMPLE t=1331.4s rss=4812MB hwm=4812MB
RSS_SAMPLE t=1331.6s rss=4812MB hwm=4812MB
RSS_SAMPLE t=1331.9s rss=4812MB hwm=4812MB
RSS_SAMPLE t=1332.1s rss=4812MB hwm=4812MB
RSS_SAMPLE t=1332.4s rss=4812MB hwm=4812MB
RSS_SAMPLE t=1332.6s rss=4812MB hwm=4812MB
RSS_SAMPLE t=1332.9s rss=4812MB hwm=4812MB
RSS_SAMPLE t=1333.1s rss=4812MB hwm=4812MB
RSS_SAMPLE t=1333.4s rss=4812MB hwm=4812MB
RSS_SAMPLE t=1333.6s rss=4812MB hwm=4812MB
RSS_SAMPLE t=1333.9s rss=4812MB hwm=4812MB
RSS_SAMPLE t=1334.1s rss=4812MB hwm=4812MB
RSS_SAMPLE t=1334.4s rss=4812MB hwm=4812MB
RSS_SAMPLE t=1334.6s rss=4812MB hwm=4812MB
RSS_SAMPLE t=1334.9s rss=4812MB hwm=4812MB
RSS_SAMPLE t=1335.1s rss=4812MB hwm=4812MB
RSS_SAMPLE t=1335.4s rss=4812MB hwm=4812MB
RSS_SAMPLE t=1335.6s rss=4812MB hwm=4812MB
RSS_SAMPLE t=1335.9s rss=4812MB hwm=4812MB
RSS_SAMPLE t=1336.1s rss=4812MB hwm=4812MB
RSS_SAMPLE t=1336.4s rss=4812MB hwm=4812MB
RSS_SAMPLE t=1336.6s rss=4812MB hwm=4812MB
RSS_SAMPLE t=1336.9s rss=4812MB hwm=4812MB
RSS_SAMPLE t=1337.1s rss=4812MB hwm=4812MB
RSS_SAMPLE t=1337.4s rss=4812MB hwm=4812MB
RSS_SAMPLE t=1337.6s rss=4812MB hwm=4812MB
RSS_SAMPLE t=1337.9s rss=4812MB hwm=4812MB
RSS_SAMPLE t=1338.1s rss=4812MB hwm=4812MB
RSS_SAMPLE t=1338.4s rss=4812MB hwm=4812MB
RSS_SAMPLE t=1338.6s rss=4812MB hwm=4812MB
RSS_SAMPLE t=1338.9s rss=4812MB hwm=4812MB
RSS_SAMPLE t=1339.1s rss=4812MB hwm=4812MB
RSS_SAMPLE t=1339.4s rss=4812MB hwm=4812MB
RSS_SAMPLE t=1339.6s rss=4812MB hwm=4812MB
RSS_SAMPLE t=1339.9s rss=4812MB hwm=4812MB
RSS_SAMPLE t=1340.1s rss=4812MB hwm=4812MB
RSS_SAMPLE t=1340.4s rss=4812MB hwm=4812MB
RSS_SAMPLE t=1340.6s rss=4812MB hwm=4812MB
RSS_SAMPLE t=1340.9s rss=4812MB hwm=4812MB
RSS_SAMPLE t=1341.1s rss=4812MB hwm=4812MB
RSS_SAMPLE t=1341.4s rss=4812MB hwm=4812MB
RSS_SAMPLE t=1341.6s rss=4812MB hwm=4812MB
RSS_SAMPLE t=1341.9s rss=4812MB hwm=4812MB
RSS_SAMPLE t=1342.1s rss=4812MB hwm=4812MB
RSS_SAMPLE t=1342.4s rss=4812MB hwm=4812MB
RSS_SAMPLE t=1342.6s rss=4812MB hwm=4812MB
RSS_SAMPLE t=1342.9s rss=4812MB hwm=4812MB
RSS_SAMPLE t=1343.1s rss=4812MB hwm=4812MB
RSS_SAMPLE t=1343.4s rss=4812MB hwm=4812MB
RSS_SAMPLE t=1343.6s rss=4812MB hwm=4812MB
RSS_SAMPLE t=1343.9s rss=4812MB hwm=4812MB
RSS_SAMPLE t=1344.1s rss=4812MB hwm=4812MB
RSS_SAMPLE t=1344.4s rss=4812MB hwm=4812MB
RSS_SAMPLE t=1344.6s rss=4812MB hwm=4812MB
RSS_SAMPLE t=1344.9s rss=4812MB hwm=4812MB
RSS_SAMPLE t=1345.1s rss=4812MB hwm=4812MB
RSS_SAMPLE t=1345.4s rss=4812MB hwm=4812MB
RSS_SAMPLE t=1345.6s rss=4812MB hwm=4812MB
RSS_SAMPLE t=1345.9s rss=4812MB hwm=4812MB
RSS_SAMPLE t=1346.1s rss=4812MB hwm=4812MB
RSS_SAMPLE t=1346.4s rss=4812MB hwm=4812MB
RSS_SAMPLE t=1346.6s rss=4812MB hwm=4812MB
MEM_POOL: workspaces=32 dense_usage_mb=1251 n_pipes=2562403
    post_solve_diag[outer=17]: solves=105117 cap_armed=105117 (100.0%) settle_avg=4359 above_sink_avg=206 (4.7%) settle_max=69353
    load_support[outer=17]: settle_avg=4359 load_nz_avg=3573 (82.0%) load_material_avg=2474 (56.8%)
    prune_ceiling[outer=17]: settle_avg=4359 heuristic_prunable_avg=274 (6.3%) vs oracle_zero_load=18.0%
    settle_hist[outer=17]: <100: 26159nets/0.2%work  <1k: 28904nets/2.2%work  <5k: 24816nets/14.2%work  <20k: 19286nets/43.3%work  <60k: 5895nets/39.2%work  >=60k: 57nets/0.8%work
    fanout_hist[outer=17]: fan1: 43710nets/13.7%work  fan2-4: 48279nets/49.7%work  fan5-16: 12974nets/35.5%work  fan17-64: 154nets/1.0%work  fan65-256: 0nets/0.0%work  fan>256: 0nets/0.0%work
    rss_probe[outer=17]: pre_post_solve=4808MB post_post_solve=4812MB after_apply=4812MB
    E_decomp: base=7647484.5 eff=103880646003739.3 cong=103880638356254.8 cong_share=100.0% sat_pipes=225885 max_util=1901.08  R_buckets: 1-2x=1064017 2-10x=283354 10-100x=180824 >=100x=1034208
    E_potential: beckmann=229717755966174.7 history_total=0.0
    SpanCache: epoch=18 entries=2030 lookups=2562403 hits=2560373 misses=2030 hit_rate=99.9%
  DCD  17: nets=105117 line=10192242 energy=1472214900.873 dE=-11007295612.804 friction=10384169.8 bins=2.0x(194) excess=67.4 moved=67606 disp=3.838 solves=105117 skip=105117 pops=458243201 theta=3.648 refresh=52402ms dcd=6592ms total=61629ms
    cache_stats: entries=58828778 capacity=127319206 est_mb=1098 rss_mb=4812
RSS_SAMPLE t=1346.9s rss=4812MB hwm=4812MB
RSS_SAMPLE t=1347.1s rss=4812MB hwm=4812MB
RSS_SAMPLE t=1347.4s rss=4812MB hwm=4812MB
RSS_SAMPLE t=1347.6s rss=4812MB hwm=4812MB
RSS_SAMPLE t=1347.9s rss=4812MB hwm=4812MB
RSS_SAMPLE t=1348.1s rss=4812MB hwm=4812MB
RSS_SAMPLE t=1348.4s rss=4812MB hwm=4812MB
RSS_SAMPLE t=1348.6s rss=4812MB hwm=4812MB
RSS_SAMPLE t=1348.9s rss=4812MB hwm=4812MB
RSS_SAMPLE t=1349.1s rss=4812MB hwm=4812MB
RSS_SAMPLE t=1349.4s rss=4812MB hwm=4812MB
    SwitchMatrix: type_usage_pairs=645 lookups=2074 hits=1429 dijkstra_calls=645 avg_us=11.4 total_ms=7.4
PHASE_MARK outer=18 enter=pre_solve rss=4812MB
    rss_probe[outer=18]: pre_refresh_rss=4812MB post_pre_solve_rss=4812MB cache_entries=58828778 cache_cap=127319206 cache_est_mb=1098
    pre_solve_diag[outer=18]: solves=0 fallback=0 (0.0%) cap_armed=0 (0.0%) settle_avg=0 settle_max=0 init_count=242
    Overflow: over=191502 (7.5% of used) avg_excess=1.77 max_excess=2134.96 (nc=2208.96 cap=74 span=2)  excess_buckets: <=1=112632 1-5=67007 5-20=10784 >20=1079  by_cap: cap1=89255 cap2=99339 cap3-5=16 cap>5=2892  by_span: s1=256 s2-3=290 s4-6=2547 s7-12=96126 s>12=92283  le1_cross: cap1=70985 cap2-5=40996 cap>5=651
    Congestion: pipes=2562403 used=2562403 congested(>50%)=519694 saturated(>90%)=225885 max_util=1901.08 avg_util=0.3640
PHASE_MARK outer=18 enter=dcd_sweep rss=4812MB
RSS_SAMPLE t=1349.6s rss=4812MB hwm=4812MB
RSS_SAMPLE t=1349.9s rss=4812MB hwm=4812MB
RSS_SAMPLE t=1350.1s rss=4812MB hwm=4812MB
RSS_SAMPLE t=1350.4s rss=4812MB hwm=4812MB
RSS_SAMPLE t=1350.6s rss=4812MB hwm=4812MB
RSS_SAMPLE t=1350.9s rss=4812MB hwm=4812MB
RSS_SAMPLE t=1351.1s rss=4812MB hwm=4812MB
RSS_SAMPLE t=1351.4s rss=4812MB hwm=4812MB
RSS_SAMPLE t=1351.6s rss=4812MB hwm=4812MB
RSS_SAMPLE t=1351.9s rss=4812MB hwm=4812MB
RSS_SAMPLE t=1352.1s rss=4812MB hwm=4812MB
RSS_SAMPLE t=1352.4s rss=4812MB hwm=4812MB
RSS_SAMPLE t=1352.6s rss=4812MB hwm=4812MB
RSS_SAMPLE t=1352.9s rss=4812MB hwm=4812MB
RSS_SAMPLE t=1353.1s rss=4812MB hwm=4812MB
RSS_SAMPLE t=1353.4s rss=4812MB hwm=4812MB
RSS_SAMPLE t=1353.6s rss=4812MB hwm=4812MB
RSS_SAMPLE t=1353.9s rss=4812MB hwm=4812MB
RSS_SAMPLE t=1354.1s rss=4812MB hwm=4812MB
RSS_SAMPLE t=1354.4s rss=4812MB hwm=4812MB
RSS_SAMPLE t=1354.6s rss=4812MB hwm=4812MB
RSS_SAMPLE t=1354.9s rss=4812MB hwm=4812MB
RSS_SAMPLE t=1355.1s rss=4812MB hwm=4812MB
RSS_SAMPLE t=1355.4s rss=4812MB hwm=4812MB
RSS_SAMPLE t=1355.6s rss=4812MB hwm=4812MB
RSS_SAMPLE t=1355.9s rss=4812MB hwm=4812MB
PHASE_MARK outer=18 leave=dcd_sweep rss=4812MB
PHASE_MARK outer=18 enter=post_refresh rss=4812MB
RSS_SAMPLE t=1356.1s rss=4813MB hwm=4813MB
RSS_SAMPLE t=1356.4s rss=4813MB hwm=4813MB
RSS_SAMPLE t=1356.7s rss=4813MB hwm=4813MB
RSS_SAMPLE t=1356.9s rss=4813MB hwm=4813MB
RSS_SAMPLE t=1357.2s rss=4813MB hwm=4813MB
RSS_SAMPLE t=1357.4s rss=4813MB hwm=4813MB
RSS_SAMPLE t=1357.7s rss=4813MB hwm=4813MB
RSS_SAMPLE t=1357.9s rss=4813MB hwm=4813MB
RSS_SAMPLE t=1358.2s rss=4813MB hwm=4813MB
RSS_SAMPLE t=1358.4s rss=4813MB hwm=4813MB
RSS_SAMPLE t=1358.7s rss=4813MB hwm=4813MB
RSS_SAMPLE t=1358.9s rss=4813MB hwm=4813MB
RSS_SAMPLE t=1359.2s rss=4813MB hwm=4813MB
RSS_SAMPLE t=1359.4s rss=4813MB hwm=4813MB
RSS_SAMPLE t=1359.7s rss=4813MB hwm=4813MB
RSS_SAMPLE t=1359.9s rss=4813MB hwm=4813MB
RSS_SAMPLE t=1360.2s rss=4813MB hwm=4813MB
RSS_SAMPLE t=1360.4s rss=4813MB hwm=4813MB
RSS_SAMPLE t=1360.7s rss=4813MB hwm=4813MB
RSS_SAMPLE t=1360.9s rss=4813MB hwm=4813MB
RSS_SAMPLE t=1361.2s rss=4813MB hwm=4813MB
RSS_SAMPLE t=1361.4s rss=4813MB hwm=4813MB
RSS_SAMPLE t=1361.7s rss=4813MB hwm=4813MB
RSS_SAMPLE t=1361.9s rss=4813MB hwm=4813MB
RSS_SAMPLE t=1362.2s rss=4813MB hwm=4813MB
RSS_SAMPLE t=1362.4s rss=4813MB hwm=4813MB
RSS_SAMPLE t=1362.7s rss=4813MB hwm=4813MB
RSS_SAMPLE t=1362.9s rss=4813MB hwm=4813MB
RSS_SAMPLE t=1363.2s rss=4813MB hwm=4813MB
RSS_SAMPLE t=1363.4s rss=4813MB hwm=4813MB
RSS_SAMPLE t=1363.7s rss=4813MB hwm=4813MB
RSS_SAMPLE t=1363.9s rss=4813MB hwm=4813MB
RSS_SAMPLE t=1364.2s rss=4813MB hwm=4813MB
RSS_SAMPLE t=1364.4s rss=4813MB hwm=4813MB
RSS_SAMPLE t=1364.7s rss=4813MB hwm=4813MB
RSS_SAMPLE t=1364.9s rss=4813MB hwm=4813MB
RSS_SAMPLE t=1365.2s rss=4813MB hwm=4813MB
RSS_SAMPLE t=1365.4s rss=4813MB hwm=4813MB
RSS_SAMPLE t=1365.7s rss=4813MB hwm=4813MB
RSS_SAMPLE t=1365.9s rss=4813MB hwm=4813MB
RSS_SAMPLE t=1366.2s rss=4813MB hwm=4813MB
RSS_SAMPLE t=1366.4s rss=4813MB hwm=4813MB
RSS_SAMPLE t=1366.7s rss=4813MB hwm=4813MB
RSS_SAMPLE t=1366.9s rss=4813MB hwm=4813MB
RSS_SAMPLE t=1367.2s rss=4813MB hwm=4813MB
RSS_SAMPLE t=1367.4s rss=4813MB hwm=4813MB
RSS_SAMPLE t=1367.7s rss=4813MB hwm=4813MB
RSS_SAMPLE t=1367.9s rss=4813MB hwm=4813MB
RSS_SAMPLE t=1368.2s rss=4813MB hwm=4813MB
RSS_SAMPLE t=1368.4s rss=4813MB hwm=4813MB
RSS_SAMPLE t=1368.7s rss=4813MB hwm=4813MB
RSS_SAMPLE t=1368.9s rss=4813MB hwm=4813MB
RSS_SAMPLE t=1369.2s rss=4813MB hwm=4813MB
RSS_SAMPLE t=1369.4s rss=4813MB hwm=4813MB
RSS_SAMPLE t=1369.7s rss=4813MB hwm=4813MB
RSS_SAMPLE t=1369.9s rss=4813MB hwm=4813MB
RSS_SAMPLE t=1370.2s rss=4813MB hwm=4813MB
RSS_SAMPLE t=1370.4s rss=4813MB hwm=4813MB
RSS_SAMPLE t=1370.7s rss=4813MB hwm=4813MB
RSS_SAMPLE t=1370.9s rss=4813MB hwm=4813MB
RSS_SAMPLE t=1371.2s rss=4813MB hwm=4813MB
RSS_SAMPLE t=1371.4s rss=4813MB hwm=4813MB
RSS_SAMPLE t=1371.7s rss=4813MB hwm=4813MB
RSS_SAMPLE t=1371.9s rss=4813MB hwm=4813MB
RSS_SAMPLE t=1372.2s rss=4813MB hwm=4813MB
RSS_SAMPLE t=1372.4s rss=4813MB hwm=4813MB
RSS_SAMPLE t=1372.7s rss=4813MB hwm=4813MB
RSS_SAMPLE t=1372.9s rss=4813MB hwm=4813MB
RSS_SAMPLE t=1373.2s rss=4813MB hwm=4813MB
RSS_SAMPLE t=1373.4s rss=4813MB hwm=4813MB
RSS_SAMPLE t=1373.7s rss=4813MB hwm=4813MB
RSS_SAMPLE t=1373.9s rss=4813MB hwm=4813MB
RSS_SAMPLE t=1374.2s rss=4813MB hwm=4813MB
RSS_SAMPLE t=1374.4s rss=4813MB hwm=4813MB
RSS_SAMPLE t=1374.7s rss=4813MB hwm=4813MB
RSS_SAMPLE t=1374.9s rss=4813MB hwm=4813MB
RSS_SAMPLE t=1375.2s rss=4813MB hwm=4813MB
RSS_SAMPLE t=1375.4s rss=4813MB hwm=4813MB
RSS_SAMPLE t=1375.7s rss=4813MB hwm=4813MB
RSS_SAMPLE t=1375.9s rss=4813MB hwm=4813MB
RSS_SAMPLE t=1376.2s rss=4813MB hwm=4813MB
RSS_SAMPLE t=1376.4s rss=4813MB hwm=4813MB
RSS_SAMPLE t=1376.7s rss=4813MB hwm=4813MB
RSS_SAMPLE t=1376.9s rss=4813MB hwm=4813MB
RSS_SAMPLE t=1377.2s rss=4813MB hwm=4813MB
RSS_SAMPLE t=1377.4s rss=4813MB hwm=4813MB
RSS_SAMPLE t=1377.7s rss=4813MB hwm=4813MB
RSS_SAMPLE t=1377.9s rss=4813MB hwm=4813MB
RSS_SAMPLE t=1378.2s rss=4813MB hwm=4813MB
RSS_SAMPLE t=1378.4s rss=4813MB hwm=4813MB
RSS_SAMPLE t=1378.7s rss=4813MB hwm=4813MB
RSS_SAMPLE t=1378.9s rss=4813MB hwm=4813MB
RSS_SAMPLE t=1379.2s rss=4813MB hwm=4813MB
RSS_SAMPLE t=1379.4s rss=4813MB hwm=4813MB
RSS_SAMPLE t=1379.7s rss=4813MB hwm=4813MB
RSS_SAMPLE t=1379.9s rss=4813MB hwm=4813MB
RSS_SAMPLE t=1380.2s rss=4813MB hwm=4813MB
RSS_SAMPLE t=1380.4s rss=4813MB hwm=4813MB
RSS_SAMPLE t=1380.7s rss=4813MB hwm=4813MB
RSS_SAMPLE t=1380.9s rss=4813MB hwm=4813MB
RSS_SAMPLE t=1381.2s rss=4813MB hwm=4813MB
RSS_SAMPLE t=1381.4s rss=4813MB hwm=4813MB
RSS_SAMPLE t=1381.7s rss=4813MB hwm=4813MB
RSS_SAMPLE t=1381.9s rss=4813MB hwm=4813MB
RSS_SAMPLE t=1382.2s rss=4813MB hwm=4813MB
RSS_SAMPLE t=1382.4s rss=4813MB hwm=4813MB
RSS_SAMPLE t=1382.7s rss=4813MB hwm=4813MB
RSS_SAMPLE t=1382.9s rss=4813MB hwm=4813MB
RSS_SAMPLE t=1383.2s rss=4813MB hwm=4813MB
RSS_SAMPLE t=1383.4s rss=4813MB hwm=4813MB
RSS_SAMPLE t=1383.7s rss=4813MB hwm=4813MB
RSS_SAMPLE t=1383.9s rss=4813MB hwm=4813MB
RSS_SAMPLE t=1384.2s rss=4813MB hwm=4813MB
RSS_SAMPLE t=1384.4s rss=4813MB hwm=4813MB
RSS_SAMPLE t=1384.7s rss=4813MB hwm=4813MB
RSS_SAMPLE t=1384.9s rss=4813MB hwm=4813MB
RSS_SAMPLE t=1385.2s rss=4813MB hwm=4813MB
RSS_SAMPLE t=1385.4s rss=4813MB hwm=4813MB
RSS_SAMPLE t=1385.7s rss=4813MB hwm=4813MB
RSS_SAMPLE t=1385.9s rss=4813MB hwm=4813MB
RSS_SAMPLE t=1386.2s rss=4813MB hwm=4813MB
RSS_SAMPLE t=1386.4s rss=4813MB hwm=4813MB
RSS_SAMPLE t=1386.7s rss=4813MB hwm=4813MB
RSS_SAMPLE t=1386.9s rss=4813MB hwm=4813MB
RSS_SAMPLE t=1387.2s rss=4813MB hwm=4813MB
RSS_SAMPLE t=1387.4s rss=4813MB hwm=4813MB
RSS_SAMPLE t=1387.7s rss=4813MB hwm=4813MB
RSS_SAMPLE t=1387.9s rss=4813MB hwm=4813MB
RSS_SAMPLE t=1388.2s rss=4813MB hwm=4813MB
RSS_SAMPLE t=1388.4s rss=4813MB hwm=4813MB
RSS_SAMPLE t=1388.7s rss=4813MB hwm=4813MB
RSS_SAMPLE t=1388.9s rss=4813MB hwm=4813MB
RSS_SAMPLE t=1389.2s rss=4813MB hwm=4813MB
RSS_SAMPLE t=1389.4s rss=4813MB hwm=4813MB
RSS_SAMPLE t=1389.7s rss=4813MB hwm=4813MB
RSS_SAMPLE t=1389.9s rss=4813MB hwm=4813MB
RSS_SAMPLE t=1390.2s rss=4813MB hwm=4813MB
RSS_SAMPLE t=1390.4s rss=4813MB hwm=4813MB
RSS_SAMPLE t=1390.7s rss=4813MB hwm=4813MB
RSS_SAMPLE t=1390.9s rss=4813MB hwm=4813MB
RSS_SAMPLE t=1391.2s rss=4813MB hwm=4813MB
RSS_SAMPLE t=1391.4s rss=4813MB hwm=4813MB
RSS_SAMPLE t=1391.7s rss=4813MB hwm=4813MB
RSS_SAMPLE t=1391.9s rss=4813MB hwm=4813MB
RSS_SAMPLE t=1392.2s rss=4813MB hwm=4813MB
RSS_SAMPLE t=1392.4s rss=4813MB hwm=4813MB
RSS_SAMPLE t=1392.7s rss=4813MB hwm=4813MB
RSS_SAMPLE t=1392.9s rss=4813MB hwm=4813MB
RSS_SAMPLE t=1393.2s rss=4813MB hwm=4813MB
RSS_SAMPLE t=1393.4s rss=4813MB hwm=4813MB
RSS_SAMPLE t=1393.7s rss=4813MB hwm=4813MB
RSS_SAMPLE t=1393.9s rss=4813MB hwm=4813MB
RSS_SAMPLE t=1394.2s rss=4813MB hwm=4813MB
RSS_SAMPLE t=1394.4s rss=4813MB hwm=4813MB
RSS_SAMPLE t=1394.7s rss=4813MB hwm=4813MB
RSS_SAMPLE t=1394.9s rss=4813MB hwm=4813MB
RSS_SAMPLE t=1395.2s rss=4813MB hwm=4813MB
RSS_SAMPLE t=1395.4s rss=4813MB hwm=4813MB
RSS_SAMPLE t=1395.7s rss=4813MB hwm=4813MB
RSS_SAMPLE t=1395.9s rss=4813MB hwm=4813MB
RSS_SAMPLE t=1396.2s rss=4813MB hwm=4813MB
RSS_SAMPLE t=1396.4s rss=4813MB hwm=4813MB
RSS_SAMPLE t=1396.7s rss=4813MB hwm=4813MB
RSS_SAMPLE t=1396.9s rss=4813MB hwm=4813MB
RSS_SAMPLE t=1397.2s rss=4813MB hwm=4813MB
RSS_SAMPLE t=1397.4s rss=4813MB hwm=4813MB
RSS_SAMPLE t=1397.7s rss=4813MB hwm=4813MB
RSS_SAMPLE t=1397.9s rss=4813MB hwm=4813MB
RSS_SAMPLE t=1398.2s rss=4813MB hwm=4813MB
RSS_SAMPLE t=1398.4s rss=4813MB hwm=4813MB
RSS_SAMPLE t=1398.7s rss=4813MB hwm=4813MB
RSS_SAMPLE t=1398.9s rss=4813MB hwm=4813MB
RSS_SAMPLE t=1399.2s rss=4813MB hwm=4813MB
RSS_SAMPLE t=1399.4s rss=4813MB hwm=4813MB
RSS_SAMPLE t=1399.7s rss=4813MB hwm=4813MB
RSS_SAMPLE t=1399.9s rss=4813MB hwm=4813MB
RSS_SAMPLE t=1400.2s rss=4813MB hwm=4813MB
RSS_SAMPLE t=1400.4s rss=4813MB hwm=4813MB
RSS_SAMPLE t=1400.7s rss=4813MB hwm=4813MB
RSS_SAMPLE t=1400.9s rss=4813MB hwm=4813MB
RSS_SAMPLE t=1401.2s rss=4813MB hwm=4813MB
RSS_SAMPLE t=1401.4s rss=4813MB hwm=4813MB
RSS_SAMPLE t=1401.7s rss=4813MB hwm=4813MB
RSS_SAMPLE t=1401.9s rss=4813MB hwm=4813MB
RSS_SAMPLE t=1402.2s rss=4813MB hwm=4813MB
RSS_SAMPLE t=1402.4s rss=4813MB hwm=4813MB
RSS_SAMPLE t=1402.7s rss=4813MB hwm=4813MB
RSS_SAMPLE t=1402.9s rss=4813MB hwm=4813MB
RSS_SAMPLE t=1403.2s rss=4813MB hwm=4813MB
RSS_SAMPLE t=1403.4s rss=4813MB hwm=4813MB
RSS_SAMPLE t=1403.7s rss=4813MB hwm=4813MB
RSS_SAMPLE t=1403.9s rss=4813MB hwm=4813MB
RSS_SAMPLE t=1404.2s rss=4813MB hwm=4813MB
RSS_SAMPLE t=1404.4s rss=4813MB hwm=4813MB
RSS_SAMPLE t=1404.7s rss=4813MB hwm=4813MB
RSS_SAMPLE t=1404.9s rss=4813MB hwm=4813MB
RSS_SAMPLE t=1405.2s rss=4813MB hwm=4813MB
RSS_SAMPLE t=1405.4s rss=4813MB hwm=4813MB
RSS_SAMPLE t=1405.7s rss=4813MB hwm=4813MB
RSS_SAMPLE t=1405.9s rss=4813MB hwm=4813MB
RSS_SAMPLE t=1406.2s rss=4813MB hwm=4813MB
RSS_SAMPLE t=1406.4s rss=4813MB hwm=4813MB
RSS_SAMPLE t=1406.7s rss=4813MB hwm=4813MB
MEM_POOL: workspaces=32 dense_usage_mb=1251 n_pipes=2562403
    post_solve_diag[outer=18]: solves=105117 cap_armed=105117 (100.0%) settle_avg=4203 above_sink_avg=199 (4.7%) settle_max=69353
    load_support[outer=18]: settle_avg=4203 load_nz_avg=3514 (83.6%) load_material_avg=2463 (58.6%)
    prune_ceiling[outer=18]: settle_avg=4203 heuristic_prunable_avg=279 (6.6%) vs oracle_zero_load=16.4%
    settle_hist[outer=18]: <100: 27282nets/0.3%work  <1k: 28497nets/2.3%work  <5k: 24783nets/14.7%work  <20k: 18977nets/44.1%work  <60k: 5529nets/38.0%work  >=60k: 49nets/0.7%work
    fanout_hist[outer=18]: fan1: 43710nets/13.8%work  fan2-4: 48279nets/49.7%work  fan5-16: 12974nets/35.5%work  fan17-64: 154nets/1.0%work  fan65-256: 0nets/0.0%work  fan>256: 0nets/0.0%work
    rss_probe[outer=18]: pre_post_solve=4813MB post_post_solve=4813MB after_apply=4813MB
RSS_SAMPLE t=1406.9s rss=4813MB hwm=4813MB
    E_decomp: base=7602356.7 eff=576507383594306.2 cong=576507375991949.5 cong_share=100.0% sat_pipes=220091 max_util=950.54  R_buckets: 1-2x=1130696 2-10x=239681 10-100x=358938 >=100x=833088
    E_potential: beckmann=7299010012051.8 history_total=0.0
    SpanCache: epoch=19 entries=2074 lookups=2562403 hits=2560329 misses=2074 hit_rate=99.9%
  DCD  18: nets=105117 line=9901274 energy=2047688245.365 dE=+575473344.491 friction=4069247.4 bins=2.0x(308) excess=118.0 moved=67656 disp=3.624 solves=105117 skip=105117 pops=441791905 theta=4.271 refresh=50920ms dcd=6564ms total=60117ms
    cache_stats: entries=58022665 capacity=126703430 est_mb=1092 rss_mb=4813
RSS_SAMPLE t=1407.2s rss=4813MB hwm=4813MB
RSS_SAMPLE t=1407.4s rss=4813MB hwm=4813MB
RSS_SAMPLE t=1407.7s rss=4813MB hwm=4813MB
RSS_SAMPLE t=1407.9s rss=4813MB hwm=4813MB
RSS_SAMPLE t=1408.2s rss=4813MB hwm=4813MB
RSS_SAMPLE t=1408.4s rss=4813MB hwm=4813MB
RSS_SAMPLE t=1408.7s rss=4813MB hwm=4813MB
RSS_SAMPLE t=1408.9s rss=4813MB hwm=4813MB
RSS_SAMPLE t=1409.2s rss=4813MB hwm=4813MB
RSS_SAMPLE t=1409.4s rss=4813MB hwm=4813MB
    SwitchMatrix: type_usage_pairs=614 lookups=1980 hits=1366 dijkstra_calls=614 avg_us=11.4 total_ms=7.0
PHASE_MARK outer=19 enter=pre_solve rss=4813MB
    rss_probe[outer=19]: pre_refresh_rss=4813MB post_pre_solve_rss=4813MB cache_entries=58022665 cache_cap=126703430 cache_est_mb=1092
    pre_solve_diag[outer=19]: solves=0 fallback=0 (0.0%) cap_armed=0 (0.0%) settle_avg=0 settle_max=0 init_count=254
    Overflow: over=185906 (7.3% of used) avg_excess=1.69 max_excess=2641.55 (nc=2665.55 cap=24 span=1)  excess_buckets: <=1=113354 1-5=61279 5-20=10292 >20=981  by_cap: cap1=83332 cap2=99774 cap3-5=1 cap>5=2799  by_span: s1=303 s2-3=333 s4-6=2540 s7-12=96892 s>12=85838  le1_cross: cap1=67538 cap2-5=45237 cap>5=579
    Congestion: pipes=2562403 used=2562403 congested(>50%)=512820 saturated(>90%)=220091 max_util=950.54 avg_util=0.3552
PHASE_MARK outer=19 enter=dcd_sweep rss=4813MB
RSS_SAMPLE t=1409.7s rss=4813MB hwm=4813MB
RSS_SAMPLE t=1409.9s rss=4813MB hwm=4813MB
RSS_SAMPLE t=1410.2s rss=4813MB hwm=4813MB
RSS_SAMPLE t=1410.4s rss=4813MB hwm=4813MB
RSS_SAMPLE t=1410.7s rss=4813MB hwm=4813MB
RSS_SAMPLE t=1410.9s rss=4813MB hwm=4813MB
RSS_SAMPLE t=1411.2s rss=4813MB hwm=4813MB
RSS_SAMPLE t=1411.4s rss=4813MB hwm=4813MB
RSS_SAMPLE t=1411.7s rss=4813MB hwm=4813MB
RSS_SAMPLE t=1411.9s rss=4813MB hwm=4813MB
RSS_SAMPLE t=1412.2s rss=4813MB hwm=4813MB
RSS_SAMPLE t=1412.4s rss=4813MB hwm=4813MB
RSS_SAMPLE t=1412.7s rss=4813MB hwm=4813MB
RSS_SAMPLE t=1412.9s rss=4813MB hwm=4813MB
RSS_SAMPLE t=1413.2s rss=4813MB hwm=4813MB
RSS_SAMPLE t=1413.4s rss=4813MB hwm=4813MB
RSS_SAMPLE t=1413.7s rss=4813MB hwm=4813MB
RSS_SAMPLE t=1413.9s rss=4813MB hwm=4813MB
RSS_SAMPLE t=1414.2s rss=4813MB hwm=4813MB
RSS_SAMPLE t=1414.4s rss=4813MB hwm=4813MB
RSS_SAMPLE t=1414.7s rss=4813MB hwm=4813MB
RSS_SAMPLE t=1414.9s rss=4813MB hwm=4813MB
RSS_SAMPLE t=1415.2s rss=4813MB hwm=4813MB
RSS_SAMPLE t=1415.4s rss=4813MB hwm=4813MB
RSS_SAMPLE t=1415.7s rss=4813MB hwm=4813MB
RSS_SAMPLE t=1415.9s rss=4813MB hwm=4813MB
PHASE_MARK outer=19 leave=dcd_sweep rss=4813MB
PHASE_MARK outer=19 enter=post_refresh rss=4813MB
RSS_SAMPLE t=1416.2s rss=4813MB hwm=4813MB
RSS_SAMPLE t=1416.4s rss=4813MB hwm=4813MB
RSS_SAMPLE t=1416.7s rss=4813MB hwm=4813MB
RSS_SAMPLE t=1416.9s rss=4813MB hwm=4813MB
RSS_SAMPLE t=1417.2s rss=4813MB hwm=4813MB
RSS_SAMPLE t=1417.4s rss=4813MB hwm=4813MB
RSS_SAMPLE t=1417.7s rss=4813MB hwm=4813MB
RSS_SAMPLE t=1417.9s rss=4813MB hwm=4813MB
RSS_SAMPLE t=1418.2s rss=4813MB hwm=4813MB
RSS_SAMPLE t=1418.4s rss=4813MB hwm=4813MB
RSS_SAMPLE t=1418.7s rss=4813MB hwm=4813MB
RSS_SAMPLE t=1419.0s rss=4813MB hwm=4813MB
RSS_SAMPLE t=1419.2s rss=4813MB hwm=4813MB
RSS_SAMPLE t=1419.5s rss=4813MB hwm=4813MB
RSS_SAMPLE t=1419.7s rss=4813MB hwm=4813MB
RSS_SAMPLE t=1420.0s rss=4813MB hwm=4813MB
RSS_SAMPLE t=1420.2s rss=4813MB hwm=4813MB
RSS_SAMPLE t=1420.5s rss=4813MB hwm=4813MB
RSS_SAMPLE t=1420.7s rss=4813MB hwm=4813MB
RSS_SAMPLE t=1421.0s rss=4813MB hwm=4813MB
RSS_SAMPLE t=1421.2s rss=4813MB hwm=4813MB
RSS_SAMPLE t=1421.5s rss=4813MB hwm=4813MB
RSS_SAMPLE t=1421.7s rss=4813MB hwm=4813MB
RSS_SAMPLE t=1422.0s rss=4813MB hwm=4813MB
RSS_SAMPLE t=1422.2s rss=4813MB hwm=4813MB
RSS_SAMPLE t=1422.5s rss=4813MB hwm=4813MB
RSS_SAMPLE t=1422.7s rss=4813MB hwm=4813MB
RSS_SAMPLE t=1423.0s rss=4813MB hwm=4813MB
RSS_SAMPLE t=1423.2s rss=4813MB hwm=4813MB
RSS_SAMPLE t=1423.5s rss=4813MB hwm=4813MB
RSS_SAMPLE t=1423.7s rss=4813MB hwm=4813MB
RSS_SAMPLE t=1424.0s rss=4813MB hwm=4813MB
RSS_SAMPLE t=1424.2s rss=4813MB hwm=4813MB
RSS_SAMPLE t=1424.5s rss=4813MB hwm=4813MB
RSS_SAMPLE t=1424.7s rss=4813MB hwm=4813MB
RSS_SAMPLE t=1425.0s rss=4813MB hwm=4813MB
RSS_SAMPLE t=1425.2s rss=4813MB hwm=4813MB
RSS_SAMPLE t=1425.5s rss=4813MB hwm=4813MB
RSS_SAMPLE t=1425.7s rss=4813MB hwm=4813MB
RSS_SAMPLE t=1426.0s rss=4813MB hwm=4813MB
RSS_SAMPLE t=1426.2s rss=4813MB hwm=4813MB
RSS_SAMPLE t=1426.5s rss=4813MB hwm=4813MB
RSS_SAMPLE t=1426.7s rss=4813MB hwm=4813MB
RSS_SAMPLE t=1427.0s rss=4813MB hwm=4813MB
RSS_SAMPLE t=1427.2s rss=4813MB hwm=4813MB
RSS_SAMPLE t=1427.5s rss=4813MB hwm=4813MB
RSS_SAMPLE t=1427.7s rss=4813MB hwm=4813MB
RSS_SAMPLE t=1428.0s rss=4813MB hwm=4813MB
RSS_SAMPLE t=1428.2s rss=4813MB hwm=4813MB
RSS_SAMPLE t=1428.5s rss=4813MB hwm=4813MB
RSS_SAMPLE t=1428.7s rss=4813MB hwm=4813MB
RSS_SAMPLE t=1429.0s rss=4813MB hwm=4813MB
RSS_SAMPLE t=1429.2s rss=4813MB hwm=4813MB
RSS_SAMPLE t=1429.5s rss=4813MB hwm=4813MB
RSS_SAMPLE t=1429.7s rss=4813MB hwm=4813MB
RSS_SAMPLE t=1430.0s rss=4813MB hwm=4813MB
RSS_SAMPLE t=1430.2s rss=4813MB hwm=4813MB
RSS_SAMPLE t=1430.5s rss=4813MB hwm=4813MB
RSS_SAMPLE t=1430.7s rss=4813MB hwm=4813MB
RSS_SAMPLE t=1431.0s rss=4813MB hwm=4813MB
RSS_SAMPLE t=1431.2s rss=4813MB hwm=4813MB
RSS_SAMPLE t=1431.5s rss=4813MB hwm=4813MB
RSS_SAMPLE t=1431.7s rss=4813MB hwm=4813MB
RSS_SAMPLE t=1432.0s rss=4813MB hwm=4813MB
RSS_SAMPLE t=1432.2s rss=4813MB hwm=4813MB
RSS_SAMPLE t=1432.5s rss=4813MB hwm=4813MB
RSS_SAMPLE t=1432.7s rss=4813MB hwm=4813MB
RSS_SAMPLE t=1433.0s rss=4813MB hwm=4813MB
RSS_SAMPLE t=1433.2s rss=4813MB hwm=4813MB
RSS_SAMPLE t=1433.5s rss=4813MB hwm=4813MB
RSS_SAMPLE t=1433.7s rss=4813MB hwm=4813MB
RSS_SAMPLE t=1434.0s rss=4813MB hwm=4813MB
RSS_SAMPLE t=1434.2s rss=4813MB hwm=4813MB
RSS_SAMPLE t=1434.5s rss=4813MB hwm=4813MB
RSS_SAMPLE t=1434.7s rss=4813MB hwm=4813MB
RSS_SAMPLE t=1435.0s rss=4813MB hwm=4813MB
RSS_SAMPLE t=1435.2s rss=4813MB hwm=4813MB
RSS_SAMPLE t=1435.5s rss=4813MB hwm=4813MB
RSS_SAMPLE t=1435.7s rss=4813MB hwm=4813MB
RSS_SAMPLE t=1436.0s rss=4813MB hwm=4813MB
RSS_SAMPLE t=1436.2s rss=4813MB hwm=4813MB
RSS_SAMPLE t=1436.5s rss=4813MB hwm=4813MB
RSS_SAMPLE t=1436.7s rss=4813MB hwm=4813MB
RSS_SAMPLE t=1437.0s rss=4813MB hwm=4813MB
RSS_SAMPLE t=1437.2s rss=4813MB hwm=4813MB
RSS_SAMPLE t=1437.5s rss=4813MB hwm=4813MB
RSS_SAMPLE t=1437.7s rss=4813MB hwm=4813MB
RSS_SAMPLE t=1438.0s rss=4813MB hwm=4813MB
RSS_SAMPLE t=1438.2s rss=4813MB hwm=4813MB
RSS_SAMPLE t=1438.5s rss=4813MB hwm=4813MB
RSS_SAMPLE t=1438.7s rss=4813MB hwm=4813MB
RSS_SAMPLE t=1439.0s rss=4813MB hwm=4813MB
RSS_SAMPLE t=1439.2s rss=4813MB hwm=4813MB
RSS_SAMPLE t=1439.5s rss=4813MB hwm=4813MB
RSS_SAMPLE t=1439.7s rss=4813MB hwm=4813MB
RSS_SAMPLE t=1440.0s rss=4813MB hwm=4813MB
RSS_SAMPLE t=1440.2s rss=4813MB hwm=4813MB
RSS_SAMPLE t=1440.5s rss=4813MB hwm=4813MB
RSS_SAMPLE t=1440.7s rss=4813MB hwm=4813MB
RSS_SAMPLE t=1441.0s rss=4813MB hwm=4813MB
RSS_SAMPLE t=1441.2s rss=4813MB hwm=4813MB
RSS_SAMPLE t=1441.5s rss=4813MB hwm=4813MB
RSS_SAMPLE t=1441.7s rss=4813MB hwm=4813MB
RSS_SAMPLE t=1442.0s rss=4813MB hwm=4813MB
RSS_SAMPLE t=1442.2s rss=4813MB hwm=4813MB
RSS_SAMPLE t=1442.5s rss=4813MB hwm=4813MB
RSS_SAMPLE t=1442.7s rss=4813MB hwm=4813MB
RSS_SAMPLE t=1443.0s rss=4813MB hwm=4813MB
RSS_SAMPLE t=1443.2s rss=4813MB hwm=4813MB
RSS_SAMPLE t=1443.5s rss=4813MB hwm=4813MB
RSS_SAMPLE t=1443.7s rss=4813MB hwm=4813MB
RSS_SAMPLE t=1444.0s rss=4813MB hwm=4813MB
RSS_SAMPLE t=1444.2s rss=4813MB hwm=4813MB
RSS_SAMPLE t=1444.5s rss=4813MB hwm=4813MB
RSS_SAMPLE t=1444.7s rss=4813MB hwm=4813MB
RSS_SAMPLE t=1445.0s rss=4813MB hwm=4813MB
RSS_SAMPLE t=1445.2s rss=4813MB hwm=4813MB
RSS_SAMPLE t=1445.5s rss=4813MB hwm=4813MB
RSS_SAMPLE t=1445.7s rss=4813MB hwm=4813MB
RSS_SAMPLE t=1446.0s rss=4813MB hwm=4813MB
RSS_SAMPLE t=1446.2s rss=4813MB hwm=4813MB
RSS_SAMPLE t=1446.5s rss=4813MB hwm=4813MB
RSS_SAMPLE t=1446.7s rss=4813MB hwm=4813MB
RSS_SAMPLE t=1447.0s rss=4813MB hwm=4813MB
RSS_SAMPLE t=1447.2s rss=4813MB hwm=4813MB
RSS_SAMPLE t=1447.5s rss=4813MB hwm=4813MB
RSS_SAMPLE t=1447.7s rss=4813MB hwm=4813MB
RSS_SAMPLE t=1448.0s rss=4813MB hwm=4813MB
RSS_SAMPLE t=1448.2s rss=4813MB hwm=4813MB
RSS_SAMPLE t=1448.5s rss=4813MB hwm=4813MB
RSS_SAMPLE t=1448.7s rss=4813MB hwm=4813MB
RSS_SAMPLE t=1449.0s rss=4813MB hwm=4813MB
RSS_SAMPLE t=1449.2s rss=4813MB hwm=4813MB
RSS_SAMPLE t=1449.5s rss=4813MB hwm=4813MB
RSS_SAMPLE t=1449.7s rss=4813MB hwm=4813MB
RSS_SAMPLE t=1450.0s rss=4813MB hwm=4813MB
RSS_SAMPLE t=1450.2s rss=4813MB hwm=4813MB
RSS_SAMPLE t=1450.5s rss=4813MB hwm=4813MB
RSS_SAMPLE t=1450.7s rss=4813MB hwm=4813MB
RSS_SAMPLE t=1451.0s rss=4813MB hwm=4813MB
RSS_SAMPLE t=1451.2s rss=4813MB hwm=4813MB
RSS_SAMPLE t=1451.5s rss=4813MB hwm=4813MB
RSS_SAMPLE t=1451.7s rss=4813MB hwm=4813MB
RSS_SAMPLE t=1452.0s rss=4813MB hwm=4813MB
RSS_SAMPLE t=1452.2s rss=4813MB hwm=4813MB
RSS_SAMPLE t=1452.5s rss=4813MB hwm=4813MB
RSS_SAMPLE t=1452.7s rss=4813MB hwm=4813MB
RSS_SAMPLE t=1453.0s rss=4813MB hwm=4813MB
RSS_SAMPLE t=1453.2s rss=4813MB hwm=4813MB
RSS_SAMPLE t=1453.5s rss=4813MB hwm=4813MB
RSS_SAMPLE t=1453.7s rss=4813MB hwm=4813MB
RSS_SAMPLE t=1454.0s rss=4813MB hwm=4813MB
RSS_SAMPLE t=1454.2s rss=4813MB hwm=4813MB
RSS_SAMPLE t=1454.5s rss=4813MB hwm=4813MB
RSS_SAMPLE t=1454.7s rss=4813MB hwm=4813MB
RSS_SAMPLE t=1455.0s rss=4813MB hwm=4813MB
RSS_SAMPLE t=1455.2s rss=4813MB hwm=4813MB
RSS_SAMPLE t=1455.5s rss=4813MB hwm=4813MB
RSS_SAMPLE t=1455.7s rss=4813MB hwm=4813MB
RSS_SAMPLE t=1456.0s rss=4813MB hwm=4813MB
RSS_SAMPLE t=1456.2s rss=4813MB hwm=4813MB
RSS_SAMPLE t=1456.5s rss=4813MB hwm=4813MB
RSS_SAMPLE t=1456.7s rss=4813MB hwm=4813MB
RSS_SAMPLE t=1457.0s rss=4813MB hwm=4813MB
RSS_SAMPLE t=1457.2s rss=4813MB hwm=4813MB
RSS_SAMPLE t=1457.5s rss=4813MB hwm=4813MB
RSS_SAMPLE t=1457.7s rss=4813MB hwm=4813MB
RSS_SAMPLE t=1458.0s rss=4813MB hwm=4813MB
RSS_SAMPLE t=1458.2s rss=4813MB hwm=4813MB
RSS_SAMPLE t=1458.5s rss=4813MB hwm=4813MB
RSS_SAMPLE t=1458.7s rss=4813MB hwm=4813MB
RSS_SAMPLE t=1459.0s rss=4813MB hwm=4813MB
RSS_SAMPLE t=1459.2s rss=4813MB hwm=4813MB
RSS_SAMPLE t=1459.5s rss=4813MB hwm=4813MB
RSS_SAMPLE t=1459.7s rss=4813MB hwm=4813MB
RSS_SAMPLE t=1460.0s rss=4813MB hwm=4813MB
RSS_SAMPLE t=1460.2s rss=4813MB hwm=4813MB
RSS_SAMPLE t=1460.5s rss=4813MB hwm=4813MB
RSS_SAMPLE t=1460.7s rss=4813MB hwm=4813MB
RSS_SAMPLE t=1461.0s rss=4813MB hwm=4813MB
RSS_SAMPLE t=1461.2s rss=4813MB hwm=4813MB
RSS_SAMPLE t=1461.5s rss=4813MB hwm=4813MB
RSS_SAMPLE t=1461.7s rss=4813MB hwm=4813MB
RSS_SAMPLE t=1462.0s rss=4813MB hwm=4813MB
RSS_SAMPLE t=1462.2s rss=4813MB hwm=4813MB
RSS_SAMPLE t=1462.5s rss=4813MB hwm=4813MB
RSS_SAMPLE t=1462.7s rss=4813MB hwm=4813MB
RSS_SAMPLE t=1463.0s rss=4813MB hwm=4813MB
MEM_POOL: workspaces=32 dense_usage_mb=1251 n_pipes=2562403
    post_solve_diag[outer=19]: solves=105117 cap_armed=105117 (100.0%) settle_avg=4046 above_sink_avg=209 (5.2%) settle_max=69353
    load_support[outer=19]: settle_avg=4046 load_nz_avg=3258 (80.5%) load_material_avg=2177 (53.8%)
    prune_ceiling[outer=19]: settle_avg=4046 heuristic_prunable_avg=290 (7.2%) vs oracle_zero_load=19.5%
    settle_hist[outer=19]: <100: 26116nets/0.3%work  <1k: 30453nets/2.5%work  <5k: 24674nets/15.1%work  <20k: 18692nets/44.8%work  <60k: 5141nets/36.7%work  >=60k: 41nets/0.6%work
    fanout_hist[outer=19]: fan1: 43710nets/13.9%work  fan2-4: 48279nets/49.6%work  fan5-16: 12974nets/35.5%work  fan17-64: 154nets/1.0%work  fan65-256: 0nets/0.0%work  fan>256: 0nets/0.0%work
    rss_probe[outer=19]: pre_post_solve=4813MB post_post_solve=4818MB after_apply=4818MB
RSS_SAMPLE t=1463.2s rss=4818MB hwm=4818MB
    E_decomp: base=8381956.3 eff=20477509466957.6 cong=20477501085001.2 cong_share=100.0% sat_pipes=302742 max_util=991.99  R_buckets: 1-2x=1218210 2-10x=107540 10-100x=175423 >=100x=1061230
    E_potential: beckmann=129714344145702.9 history_total=0.0
    SpanCache: epoch=20 entries=1980 lookups=2562403 hits=2560423 misses=1980 hit_rate=99.9%
  DCD  19: nets=105117 line=9641215 energy=6900445383.544 dE=+4852757138.179 friction=5404265.4 bins=2.0x(221) excess=71.6 moved=67681 disp=3.498 solves=105117 skip=105117 pops=425352698 theta=5.000 refresh=47084ms dcd=6554ms total=56280ms
    cache_stats: entries=57430569 capacity=125780277 est_mb=1084 rss_mb=4818
DCD done: energy=6900445383.544 line=9641215 friction=5404265.4 bins=2.0x(221) excess=71.6
MuxSlotTracker: 125634 commit rejections over entire DCD
MuxSlotTracker[post-DCD]: populated_cells=67695, overflow_tiles=0, at_cap_tiles=81, peak_excess=0, capacity_hist={16:67346}
RSS_SAMPLE t=1463.5s rss=2898MB hwm=4813MB
Pre-legalization: HPWL=7545692
  type DFF: 302 valid columns, 1077536 total BELs
  type LUT6: 302 valid columns, 538768 total BELs
TypeAwarePlacement: 2 cell types
RSS_SAMPLE t=1463.7s rss=2948MB hwm=4813MB
RSS_SAMPLE t=1464.0s rss=2948MB hwm=4813MB
RSS_SAMPLE t=1464.2s rss=2948MB hwm=4813MB
RSS_SAMPLE t=1464.5s rss=2948MB hwm=4813MB
RSS_SAMPLE t=1464.7s rss=2948MB hwm=4813MB
RSS_SAMPLE t=1465.0s rss=2948MB hwm=4813MB
  SortedLegalizer: cluster_rejects=108445 shared_mux_rejects=5436986 arch_validity_rejects=0
RSS_SAMPLE t=1465.2s rss=2931MB hwm=4813MB
Post-legalization: HPWL=7387808, line=9707634
Per-net HPWL: 105118 nets, total=7387808
  #0: hpwl=531 fanout=93000 (0.0%)
  #1: hpwl=522 fanout=17 (0.0%)
  #2: hpwl=516 fanout=11 (0.0%)
  #3: hpwl=516 fanout=23 (0.0%)
  #4: hpwl=515 fanout=6 (0.0%)
  #5: hpwl=515 fanout=21 (0.0%)
  #6: hpwl=514 fanout=7 (0.0%)
  #7: hpwl=513 fanout=20 (0.0%)
  #8: hpwl=512 fanout=10 (0.0%)
  #9: hpwl=511 fanout=13 (0.0%)
  50% of HPWL from top 13452 nets (of 105118)
