Running scope as unit: run-ra76c386c9e06456c88ebef61363e1baf.scope
chipdb: /home/kelvin/side-project/eisenjoch/chip_database/xc7_large.bin
design: /home/kelvin/side-project/eisenjoch/benchmark/ispd/generated/2016/FPGA01/FPGA01.json
RSS_SAMPLE t=0.0s rss=4MB hwm=4MB
RSS_SAMPLE t=0.3s rss=79MB hwm=79MB
RSS_SAMPLE t=0.5s rss=302MB hwm=302MB
RSS_SAMPLE t=0.8s rss=560MB hwm=560MB
RSS_SAMPLE t=1.0s rss=693MB hwm=693MB
RSS_SAMPLE t=1.3s rss=725MB hwm=725MB
RSS_SAMPLE t=1.5s rss=768MB hwm=768MB
RSS_SAMPLE t=1.8s rss=813MB hwm=813MB
RSS_SAMPLE t=2.0s rss=819MB hwm=824MB
RSS_SAMPLE t=2.3s rss=819MB hwm=824MB
RSS_SAMPLE t=2.5s rss=819MB hwm=824MB
RSS_SAMPLE t=2.8s rss=819MB hwm=824MB
RSS_SAMPLE t=3.0s rss=819MB hwm=824MB
RSS_SAMPLE t=3.3s rss=821MB hwm=824MB
RSS_SAMPLE t=3.5s rss=821MB hwm=824MB
cfg: max_outer_iters=3 blend_alpha=0.5 hardening_step=0 graph_model=TwoLevelPip
RSS_SAMPLE t=3.8s rss=821MB hwm=824MB
RSS_SAMPLE t=4.0s rss=821MB hwm=824MB
  topological compress: density=0.60 target_tiles=15971 final_tiles=15777 scale=1.851 center=(205.1,111.0)
  topological init: n_movable=76660, n_edges=229053, max_layer=26775, back_edges=54022, n_anchored=0
RSS_SAMPLE t=4.3s rss=821MB hwm=824MB
RSS_SAMPLE t=4.5s rss=821MB hwm=824MB
RSS_SAMPLE t=4.8s rss=821MB hwm=824MB
RSS_SAMPLE t=5.0s rss=821MB hwm=824MB
RSS_SAMPLE t=5.3s rss=821MB hwm=824MB
RSS_SAMPLE t=5.5s rss=821MB hwm=824MB
RSS_SAMPLE t=5.8s rss=821MB hwm=824MB
RSS_SAMPLE t=6.0s rss=821MB hwm=824MB
RSS_SAMPLE t=6.3s rss=821MB hwm=824MB
RSS_SAMPLE t=6.5s rss=821MB hwm=824MB
RSS_SAMPLE t=6.8s rss=821MB hwm=824MB
RSS_SAMPLE t=7.0s rss=821MB hwm=824MB
RSS_SAMPLE t=7.3s rss=821MB hwm=824MB
RSS_SAMPLE t=7.5s rss=821MB hwm=824MB
RSS_SAMPLE t=7.8s rss=821MB hwm=824MB
RSS_SAMPLE t=8.0s rss=821MB hwm=824MB
RSS_SAMPLE t=8.3s rss=821MB hwm=824MB
RSS_SAMPLE t=8.5s rss=821MB hwm=824MB
RSS_SAMPLE t=8.8s rss=821MB hwm=824MB
RSS_SAMPLE t=9.0s rss=821MB hwm=824MB
RSS_SAMPLE t=9.3s rss=821MB hwm=824MB
RSS_SAMPLE t=9.5s rss=821MB hwm=824MB
RSS_SAMPLE t=9.8s rss=821MB hwm=824MB
RSS_SAMPLE t=10.0s rss=821MB hwm=824MB
RSS_SAMPLE t=10.3s rss=821MB hwm=824MB
RSS_SAMPLE t=10.5s rss=821MB hwm=824MB
RSS_SAMPLE t=10.8s rss=821MB hwm=824MB
RSS_SAMPLE t=11.0s rss=821MB hwm=824MB
RSS_SAMPLE t=11.3s rss=821MB hwm=824MB
RSS_SAMPLE t=11.5s rss=821MB hwm=824MB
RSS_SAMPLE t=11.8s rss=821MB hwm=824MB
RSS_SAMPLE t=12.0s rss=821MB hwm=824MB
RSS_SAMPLE t=12.3s rss=821MB hwm=824MB
RSS_SAMPLE t=12.5s rss=821MB hwm=824MB
RSS_SAMPLE t=12.8s rss=821MB hwm=824MB
RSS_SAMPLE t=13.0s rss=821MB hwm=824MB
RSS_SAMPLE t=13.3s rss=821MB hwm=824MB
RSS_SAMPLE t=13.5s rss=821MB hwm=824MB
RSS_SAMPLE t=13.8s rss=821MB hwm=824MB
RSS_SAMPLE t=14.0s rss=821MB hwm=824MB
RSS_SAMPLE t=14.3s rss=821MB hwm=824MB
RSS_SAMPLE t=14.5s rss=821MB hwm=824MB
RSS_SAMPLE t=14.8s rss=821MB hwm=824MB
RSS_SAMPLE t=15.0s rss=821MB hwm=824MB
RSS_SAMPLE t=15.3s rss=821MB hwm=824MB
RSS_SAMPLE t=15.5s rss=821MB hwm=824MB
RSS_SAMPLE t=15.8s rss=821MB hwm=824MB
RSS_SAMPLE t=16.0s rss=821MB hwm=824MB
RSS_SAMPLE t=16.3s rss=821MB hwm=824MB
RSS_SAMPLE t=16.5s rss=821MB hwm=824MB
RSS_SAMPLE t=16.8s rss=821MB hwm=824MB
RSS_SAMPLE t=17.0s rss=821MB hwm=824MB
RSS_SAMPLE t=17.3s rss=821MB hwm=824MB
RSS_SAMPLE t=17.5s rss=821MB hwm=824MB
RSS_SAMPLE t=17.8s rss=821MB hwm=824MB
RSS_SAMPLE t=18.0s rss=821MB hwm=824MB
RSS_SAMPLE t=18.3s rss=821MB hwm=824MB
RSS_SAMPLE t=18.5s rss=821MB hwm=824MB
RSS_SAMPLE t=18.8s rss=821MB hwm=824MB
RSS_SAMPLE t=19.0s rss=821MB hwm=824MB
RSS_SAMPLE t=19.3s rss=821MB hwm=824MB
RSS_SAMPLE t=19.5s rss=821MB hwm=824MB
RSS_SAMPLE t=19.8s rss=821MB hwm=824MB
RSS_SAMPLE t=20.0s rss=821MB hwm=824MB
RSS_SAMPLE t=20.3s rss=821MB hwm=824MB
RSS_SAMPLE t=20.5s rss=821MB hwm=824MB
RSS_SAMPLE t=20.8s rss=821MB hwm=824MB
RSS_SAMPLE t=21.0s rss=821MB hwm=824MB
RSS_SAMPLE t=21.3s rss=821MB hwm=824MB
RSS_SAMPLE t=21.5s rss=821MB hwm=824MB
RSS_SAMPLE t=21.8s rss=821MB hwm=824MB
RSS_SAMPLE t=22.0s rss=821MB hwm=824MB
RSS_SAMPLE t=22.3s rss=821MB hwm=824MB
RSS_SAMPLE t=22.5s rss=821MB hwm=824MB
RSS_SAMPLE t=22.8s rss=821MB hwm=824MB
RSS_SAMPLE t=23.0s rss=821MB hwm=824MB
RSS_SAMPLE t=23.3s rss=821MB hwm=824MB
RSS_SAMPLE t=23.5s rss=821MB hwm=824MB
RSS_SAMPLE t=23.8s rss=821MB hwm=824MB
RSS_SAMPLE t=24.0s rss=821MB hwm=824MB
RSS_SAMPLE t=24.3s rss=821MB hwm=824MB
RSS_SAMPLE t=24.5s rss=821MB hwm=824MB
RSS_SAMPLE t=24.8s rss=821MB hwm=824MB
RSS_SAMPLE t=25.0s rss=821MB hwm=824MB
RSS_SAMPLE t=25.3s rss=821MB hwm=824MB
RSS_SAMPLE t=25.5s rss=821MB hwm=824MB
RSS_SAMPLE t=25.8s rss=821MB hwm=824MB
RSS_SAMPLE t=26.0s rss=821MB hwm=824MB
RSS_SAMPLE t=26.3s rss=821MB hwm=824MB
RSS_SAMPLE t=26.5s rss=821MB hwm=824MB
RSS_SAMPLE t=26.8s rss=821MB hwm=824MB
RSS_SAMPLE t=27.0s rss=821MB hwm=824MB
RSS_SAMPLE t=27.3s rss=821MB hwm=824MB
RSS_SAMPLE t=27.5s rss=821MB hwm=824MB
RSS_SAMPLE t=27.8s rss=821MB hwm=824MB
RSS_SAMPLE t=28.0s rss=821MB hwm=824MB
RSS_SAMPLE t=28.3s rss=821MB hwm=824MB
RSS_SAMPLE t=28.5s rss=821MB hwm=824MB
RSS_SAMPLE t=28.8s rss=821MB hwm=824MB
RSS_SAMPLE t=29.0s rss=821MB hwm=824MB
RSS_SAMPLE t=29.3s rss=821MB hwm=824MB
RSS_SAMPLE t=29.5s rss=821MB hwm=824MB
RSS_SAMPLE t=29.8s rss=821MB hwm=824MB
RSS_SAMPLE t=30.0s rss=821MB hwm=824MB
RSS_SAMPLE t=30.3s rss=821MB hwm=824MB
RSS_SAMPLE t=30.5s rss=821MB hwm=824MB
RSS_SAMPLE t=30.8s rss=821MB hwm=824MB
RSS_SAMPLE t=31.0s rss=821MB hwm=824MB
RSS_SAMPLE t=31.3s rss=821MB hwm=824MB
RSS_SAMPLE t=31.5s rss=821MB hwm=824MB
RSS_SAMPLE t=31.8s rss=821MB hwm=824MB
RSS_SAMPLE t=32.0s rss=821MB hwm=824MB
RSS_SAMPLE t=32.3s rss=821MB hwm=824MB
RSS_SAMPLE t=32.5s rss=821MB hwm=824MB
RSS_SAMPLE t=32.8s rss=821MB hwm=824MB
RSS_SAMPLE t=33.0s rss=821MB hwm=824MB
RSS_SAMPLE t=33.3s rss=821MB hwm=824MB
RSS_SAMPLE t=33.5s rss=821MB hwm=824MB
RSS_SAMPLE t=33.8s rss=821MB hwm=824MB
RSS_SAMPLE t=34.0s rss=821MB hwm=824MB
RSS_SAMPLE t=34.3s rss=821MB hwm=824MB
RSS_SAMPLE t=34.5s rss=821MB hwm=824MB
RSS_SAMPLE t=34.8s rss=821MB hwm=824MB
RSS_SAMPLE t=35.0s rss=821MB hwm=824MB
RSS_SAMPLE t=35.3s rss=821MB hwm=824MB
RSS_SAMPLE t=35.5s rss=821MB hwm=824MB
RSS_SAMPLE t=35.8s rss=821MB hwm=824MB
RSS_SAMPLE t=36.0s rss=821MB hwm=824MB
RSS_SAMPLE t=36.3s rss=821MB hwm=824MB
RSS_SAMPLE t=36.5s rss=821MB hwm=824MB
RSS_SAMPLE t=36.8s rss=821MB hwm=824MB
RSS_SAMPLE t=37.0s rss=821MB hwm=824MB
RSS_SAMPLE t=37.3s rss=821MB hwm=824MB
RSS_SAMPLE t=37.5s rss=821MB hwm=824MB
RSS_SAMPLE t=37.8s rss=821MB hwm=824MB
RSS_SAMPLE t=38.0s rss=821MB hwm=824MB
RSS_SAMPLE t=38.3s rss=821MB hwm=824MB
RSS_SAMPLE t=38.5s rss=821MB hwm=824MB
RSS_SAMPLE t=38.8s rss=821MB hwm=824MB
RSS_SAMPLE t=39.0s rss=821MB hwm=824MB
RSS_SAMPLE t=39.3s rss=821MB hwm=824MB
RSS_SAMPLE t=39.5s rss=821MB hwm=824MB
RSS_SAMPLE t=39.8s rss=821MB hwm=824MB
RSS_SAMPLE t=40.0s rss=821MB hwm=824MB
RSS_SAMPLE t=40.3s rss=821MB hwm=824MB
RSS_SAMPLE t=40.5s rss=821MB hwm=824MB
RSS_SAMPLE t=40.8s rss=821MB hwm=824MB
RSS_SAMPLE t=41.0s rss=821MB hwm=824MB
RSS_SAMPLE t=41.3s rss=821MB hwm=824MB
RSS_SAMPLE t=41.5s rss=821MB hwm=824MB
RSS_SAMPLE t=41.8s rss=821MB hwm=824MB
RSS_SAMPLE t=42.0s rss=821MB hwm=824MB
RSS_SAMPLE t=42.3s rss=821MB hwm=824MB
RSS_SAMPLE t=42.5s rss=821MB hwm=824MB
RSS_SAMPLE t=42.8s rss=821MB hwm=824MB
RSS_SAMPLE t=43.0s rss=821MB hwm=824MB
RSS_SAMPLE t=43.3s rss=821MB hwm=824MB
RSS_SAMPLE t=43.5s rss=821MB hwm=824MB
RSS_SAMPLE t=43.8s rss=821MB hwm=824MB
RSS_SAMPLE t=44.0s rss=821MB hwm=824MB
RSS_SAMPLE t=44.3s rss=821MB hwm=824MB
RSS_SAMPLE t=44.5s rss=821MB hwm=824MB
RSS_SAMPLE t=44.8s rss=821MB hwm=824MB
RSS_SAMPLE t=45.0s rss=821MB hwm=824MB
RSS_SAMPLE t=45.3s rss=821MB hwm=824MB
RSS_SAMPLE t=45.5s rss=821MB hwm=824MB
RSS_SAMPLE t=45.8s rss=821MB hwm=824MB
RSS_SAMPLE t=46.0s rss=821MB hwm=824MB
RSS_SAMPLE t=46.3s rss=821MB hwm=824MB
RSS_SAMPLE t=46.5s rss=821MB hwm=824MB
RSS_SAMPLE t=46.8s rss=821MB hwm=824MB
RSS_SAMPLE t=47.0s rss=821MB hwm=824MB
RSS_SAMPLE t=47.3s rss=821MB hwm=824MB
RSS_SAMPLE t=47.5s rss=821MB hwm=824MB
RSS_SAMPLE t=47.8s rss=821MB hwm=824MB
RSS_SAMPLE t=48.0s rss=821MB hwm=824MB
RSS_SAMPLE t=48.3s rss=821MB hwm=824MB
RSS_SAMPLE t=48.5s rss=821MB hwm=824MB
RSS_SAMPLE t=48.8s rss=821MB hwm=824MB
RSS_SAMPLE t=49.0s rss=821MB hwm=824MB
RSS_SAMPLE t=49.3s rss=821MB hwm=824MB
RSS_SAMPLE t=49.5s rss=821MB hwm=824MB
RSS_SAMPLE t=49.8s rss=821MB hwm=824MB
RSS_SAMPLE t=50.0s rss=821MB hwm=824MB
RSS_SAMPLE t=50.3s rss=821MB hwm=824MB
RSS_SAMPLE t=50.5s rss=821MB hwm=824MB
RSS_SAMPLE t=50.8s rss=821MB hwm=824MB
RSS_SAMPLE t=51.0s rss=821MB hwm=824MB
RSS_SAMPLE t=51.3s rss=821MB hwm=824MB
RSS_SAMPLE t=51.5s rss=821MB hwm=824MB
RSS_SAMPLE t=51.8s rss=821MB hwm=824MB
RSS_SAMPLE t=52.0s rss=821MB hwm=824MB
RSS_SAMPLE t=52.3s rss=821MB hwm=824MB
RSS_SAMPLE t=52.5s rss=821MB hwm=824MB
RSS_SAMPLE t=52.8s rss=821MB hwm=824MB
RSS_SAMPLE t=53.0s rss=821MB hwm=824MB
RSS_SAMPLE t=53.3s rss=821MB hwm=824MB
RSS_SAMPLE t=53.5s rss=821MB hwm=824MB
RSS_SAMPLE t=53.8s rss=821MB hwm=824MB
RSS_SAMPLE t=54.0s rss=821MB hwm=824MB
RSS_SAMPLE t=54.3s rss=821MB hwm=824MB
RSS_SAMPLE t=54.5s rss=821MB hwm=824MB
RSS_SAMPLE t=54.8s rss=821MB hwm=824MB
RSS_SAMPLE t=55.0s rss=821MB hwm=824MB
RSS_SAMPLE t=55.3s rss=821MB hwm=824MB
RSS_SAMPLE t=55.5s rss=821MB hwm=824MB
RSS_SAMPLE t=55.8s rss=821MB hwm=824MB
RSS_SAMPLE t=56.0s rss=821MB hwm=824MB
RSS_SAMPLE t=56.3s rss=821MB hwm=824MB
RSS_SAMPLE t=56.5s rss=821MB hwm=824MB
RSS_SAMPLE t=56.8s rss=821MB hwm=824MB
RSS_SAMPLE t=57.0s rss=821MB hwm=824MB
RSS_SAMPLE t=57.3s rss=821MB hwm=824MB
RSS_SAMPLE t=57.5s rss=821MB hwm=824MB
RSS_SAMPLE t=57.8s rss=821MB hwm=824MB
RSS_SAMPLE t=58.0s rss=821MB hwm=824MB
RSS_SAMPLE t=58.3s rss=821MB hwm=824MB
RSS_SAMPLE t=58.5s rss=821MB hwm=824MB
RSS_SAMPLE t=58.8s rss=821MB hwm=824MB
RSS_SAMPLE t=59.0s rss=821MB hwm=824MB
RSS_SAMPLE t=59.3s rss=821MB hwm=824MB
RSS_SAMPLE t=59.5s rss=821MB hwm=824MB
RSS_SAMPLE t=59.8s rss=821MB hwm=824MB
RSS_SAMPLE t=60.0s rss=821MB hwm=824MB
RSS_SAMPLE t=60.3s rss=821MB hwm=824MB
RSS_SAMPLE t=60.5s rss=821MB hwm=824MB
RSS_SAMPLE t=60.8s rss=821MB hwm=824MB
RSS_SAMPLE t=61.0s rss=821MB hwm=824MB
RSS_SAMPLE t=61.3s rss=821MB hwm=824MB
RSS_SAMPLE t=61.6s rss=821MB hwm=824MB
RSS_SAMPLE t=61.8s rss=821MB hwm=824MB
RSS_SAMPLE t=62.1s rss=821MB hwm=824MB
RSS_SAMPLE t=62.3s rss=821MB hwm=824MB
RSS_SAMPLE t=62.6s rss=821MB hwm=824MB
RSS_SAMPLE t=62.8s rss=821MB hwm=824MB
RSS_SAMPLE t=63.1s rss=821MB hwm=824MB
RSS_SAMPLE t=63.3s rss=821MB hwm=824MB
RSS_SAMPLE t=63.6s rss=821MB hwm=824MB
RSS_SAMPLE t=63.8s rss=821MB hwm=824MB
RSS_SAMPLE t=64.1s rss=821MB hwm=824MB
RSS_SAMPLE t=64.3s rss=821MB hwm=824MB
RSS_SAMPLE t=64.6s rss=821MB hwm=824MB
RSS_SAMPLE t=64.8s rss=821MB hwm=824MB
RSS_SAMPLE t=65.1s rss=821MB hwm=824MB
RSS_SAMPLE t=65.3s rss=821MB hwm=824MB
RSS_SAMPLE t=65.6s rss=821MB hwm=824MB
RSS_SAMPLE t=65.8s rss=821MB hwm=824MB
RSS_SAMPLE t=66.1s rss=821MB hwm=824MB
RSS_SAMPLE t=66.3s rss=821MB hwm=824MB
RSS_SAMPLE t=66.6s rss=821MB hwm=824MB
RSS_SAMPLE t=66.8s rss=821MB hwm=824MB
RSS_SAMPLE t=67.1s rss=821MB hwm=824MB
RSS_SAMPLE t=67.3s rss=821MB hwm=824MB
RSS_SAMPLE t=67.6s rss=821MB hwm=824MB
RSS_SAMPLE t=67.8s rss=821MB hwm=824MB
RSS_SAMPLE t=68.1s rss=821MB hwm=824MB
RSS_SAMPLE t=68.3s rss=821MB hwm=824MB
RSS_SAMPLE t=68.6s rss=821MB hwm=824MB
RSS_SAMPLE t=68.8s rss=821MB hwm=824MB
RSS_SAMPLE t=69.1s rss=821MB hwm=824MB
RSS_SAMPLE t=69.3s rss=821MB hwm=824MB
RSS_SAMPLE t=69.6s rss=821MB hwm=824MB
RSS_SAMPLE t=69.8s rss=821MB hwm=824MB
RSS_SAMPLE t=70.1s rss=821MB hwm=824MB
RSS_SAMPLE t=70.3s rss=821MB hwm=824MB
RSS_SAMPLE t=70.6s rss=821MB hwm=824MB
RSS_SAMPLE t=70.8s rss=821MB hwm=824MB
RSS_SAMPLE t=71.1s rss=821MB hwm=824MB
RSS_SAMPLE t=71.3s rss=821MB hwm=824MB
RSS_SAMPLE t=71.6s rss=821MB hwm=824MB
RSS_SAMPLE t=71.8s rss=821MB hwm=824MB
RSS_SAMPLE t=72.1s rss=821MB hwm=824MB
RSS_SAMPLE t=72.3s rss=821MB hwm=824MB
RSS_SAMPLE t=72.6s rss=821MB hwm=824MB
RSS_SAMPLE t=72.8s rss=854MB hwm=854MB
RSS_SAMPLE t=73.1s rss=898MB hwm=898MB
RSS_SAMPLE t=73.3s rss=932MB hwm=932MB
RSS_SAMPLE t=73.6s rss=933MB hwm=933MB
RSS_SAMPLE t=73.8s rss=933MB hwm=933MB
RSS_SAMPLE t=74.1s rss=933MB hwm=933MB
RSS_SAMPLE t=74.3s rss=933MB hwm=933MB
RSS_SAMPLE t=74.6s rss=933MB hwm=933MB
  Skipped truly-null coarse cells: 0 (of 69353 total); pruned pipes: src_null=0 dst_null=0
RSS_SAMPLE t=74.8s rss=934MB hwm=934MB
  Pipe capacity by span:
    span=  1: 138172 pipes, cap min=1 avg=134.5 max=432
    span=  2: 136455 pipes, cap min=2 avg=50.7 max=118
    span=  3: 135619 pipes, cap min=2 avg=26.1 max=52
    span=  4: 136319 pipes, cap min=2 avg=22.7 max=140
    span=  5: 135918 pipes, cap min=2 avg=66.1 max=124
    span=  6: 201217 pipes, cap min=2 avg=15.2 max=28
    span=  7: 200933 pipes, cap min=1 avg=7.3 max=20
    span=  8: 132748 pipes, cap min=2 avg=6.0 max=10
    span=  9: 130848 pipes, cap min=2 avg=6.0 max=10
    span= 10: 131090 pipes, cap min=2 avg=2.2 max=31
    span= 11: 129628 pipes, cap min=2 avg=2.0 max=4
    span= 12: 129018 pipes, cap min=2 avg=2.0 max=4
    span= 13: 128408 pipes, cap min=1 avg=1.5 max=4
    span= 14: 127798 pipes, cap min=1 avg=1.0 max=2
    span= 15: 127188 pipes, cap min=1 avg=1.0 max=2
    span= 16: 126578 pipes, cap min=1 avg=1.0 max=2
    span= 17: 125968 pipes, cap min=1 avg=1.0 max=2
    span= 18: 125358 pipes, cap min=1 avg=1.0 max=2
    span= 19: 63140 pipes, cap min=1 avg=1.0 max=2
  Thin span-1 pipes (cap<=2): 222 total, by tile-type pair (top 20):
    NULL <-> NULL: 220
    CLK_BUFG <-> NULL: 2
  Pipe cost: span^0.50 model (r1=1), span-1=1.000, span-12=3.464, 2×span-6=4.899, 12×span-1=12.000
RSS_SAMPLE t=75.1s rss=1030MB hwm=1030MB
  topological compress: density=0.60 target_tiles=15971 final_tiles=15777 scale=1.851 center=(205.1,111.0)
  topological init: n_movable=76660, n_edges=229053, max_layer=26775, back_edges=54022, n_anchored=0
  type DFF: 302 valid columns, 1077536 total BELs
  type LUT6: 302 valid columns, 538768 total BELs
TypeAwarePlacement: 2 cell types
Coordinate descent mode: 76660 cells, scale 1.00
CellValidityMask: 76660 cells, 311x223 grid, 2 bucket masks, per-cell valid positions: min=67346 avg=67346.0 max=67346, unmapped cells=0
MuxSlotTracker: 76660 cells (76660 with external fanout), 67346 tiles, total_cap=1077536, active_buckets=[DFF,LUT6], built in 74.3ms
MuxSlotTracker[post-seed]: populated_cells=27114, overflow_tiles=518, at_cap_tiles=50, peak_excess=41, capacity_hist={16:67346}
DCD placer: 76660 cells, 69353 nodes, outer_iters=3, dcd_iters_per_cell=8, graph_model=TwoLevelPip
MEM_STATIC: pipes=352MB nodes=1MB adjacency=78MB pipe_cost_vecs=59MB validity_mask=0MB n_pipes=2562403 n_edges=5124806 rss=1043MB
Softmin position update: enabled, theta 0.250 -> 5.000 (anneal over 3 iters)
RSS_SAMPLE t=75.3s rss=1070MB hwm=1070MB
RSS_SAMPLE t=75.6s rss=1070MB hwm=1070MB
RSS_SAMPLE t=75.8s rss=1070MB hwm=1070MB
RSS_SAMPLE t=76.1s rss=1070MB hwm=1070MB
RSS_SAMPLE t=76.3s rss=1070MB hwm=1070MB
RSS_SAMPLE t=76.6s rss=1070MB hwm=1070MB
RSS_SAMPLE t=76.8s rss=1070MB hwm=1070MB
RSS_SAMPLE t=77.1s rss=1070MB hwm=1070MB
RSS_SAMPLE t=77.3s rss=1070MB hwm=1070MB
RSS_SAMPLE t=77.6s rss=1070MB hwm=1070MB
    SwitchMatrix: type_usage_pairs=7 lookups=110 hits=103 dijkstra_calls=7 avg_us=10.7 total_ms=0.1
PHASE_MARK outer=0 enter=pre_solve rss=1073MB
RSS_SAMPLE t=77.8s rss=1091MB hwm=1091MB
RSS_SAMPLE t=78.1s rss=1094MB hwm=1094MB
RSS_SAMPLE t=78.3s rss=1095MB hwm=1095MB
RSS_SAMPLE t=78.6s rss=1096MB hwm=1096MB
RSS_SAMPLE t=78.8s rss=1098MB hwm=1098MB
RSS_SAMPLE t=79.1s rss=1100MB hwm=1100MB
RSS_SAMPLE t=79.3s rss=1102MB hwm=1102MB
RSS_SAMPLE t=79.6s rss=1103MB hwm=1103MB
RSS_SAMPLE t=79.8s rss=1106MB hwm=1106MB
RSS_SAMPLE t=80.1s rss=1108MB hwm=1108MB
RSS_SAMPLE t=80.3s rss=1109MB hwm=1109MB
RSS_SAMPLE t=80.6s rss=1111MB hwm=1111MB
RSS_SAMPLE t=80.8s rss=1112MB hwm=1112MB
RSS_SAMPLE t=81.1s rss=1113MB hwm=1113MB
RSS_SAMPLE t=81.3s rss=1116MB hwm=1116MB
RSS_SAMPLE t=81.6s rss=1117MB hwm=1117MB
RSS_SAMPLE t=81.8s rss=1118MB hwm=1118MB
RSS_SAMPLE t=82.1s rss=1120MB hwm=1120MB
RSS_SAMPLE t=82.3s rss=1121MB hwm=1121MB
RSS_SAMPLE t=82.6s rss=1123MB hwm=1123MB
RSS_SAMPLE t=82.8s rss=1125MB hwm=1125MB
RSS_SAMPLE t=83.1s rss=1126MB hwm=1126MB
RSS_SAMPLE t=83.3s rss=1128MB hwm=1128MB
RSS_SAMPLE t=83.6s rss=1130MB hwm=1130MB
RSS_SAMPLE t=83.8s rss=1131MB hwm=1131MB
RSS_SAMPLE t=84.1s rss=1133MB hwm=1133MB
RSS_SAMPLE t=84.3s rss=1135MB hwm=1135MB
RSS_SAMPLE t=84.6s rss=1136MB hwm=1136MB
RSS_SAMPLE t=84.8s rss=1137MB hwm=1137MB
RSS_SAMPLE t=85.1s rss=1138MB hwm=1138MB
RSS_SAMPLE t=85.3s rss=1140MB hwm=1140MB
RSS_SAMPLE t=85.6s rss=1141MB hwm=1141MB
RSS_SAMPLE t=85.8s rss=1143MB hwm=1143MB
RSS_SAMPLE t=86.1s rss=1144MB hwm=1144MB
RSS_SAMPLE t=86.3s rss=1146MB hwm=1146MB
RSS_SAMPLE t=86.6s rss=1147MB hwm=1147MB
RSS_SAMPLE t=86.8s rss=1148MB hwm=1148MB
RSS_SAMPLE t=87.1s rss=1149MB hwm=1149MB
RSS_SAMPLE t=87.3s rss=1151MB hwm=1151MB
RSS_SAMPLE t=87.6s rss=1152MB hwm=1152MB
RSS_SAMPLE t=87.8s rss=1154MB hwm=1154MB
RSS_SAMPLE t=88.1s rss=1155MB hwm=1155MB
RSS_SAMPLE t=88.3s rss=1156MB hwm=1156MB
RSS_SAMPLE t=88.6s rss=1158MB hwm=1158MB
RSS_SAMPLE t=88.8s rss=1159MB hwm=1159MB
RSS_SAMPLE t=89.1s rss=1161MB hwm=1161MB
RSS_SAMPLE t=89.3s rss=1162MB hwm=1162MB
RSS_SAMPLE t=89.6s rss=1163MB hwm=1163MB
RSS_SAMPLE t=89.8s rss=1165MB hwm=1165MB
RSS_SAMPLE t=90.1s rss=1166MB hwm=1166MB
RSS_SAMPLE t=90.3s rss=1167MB hwm=1167MB
RSS_SAMPLE t=90.6s rss=1168MB hwm=1168MB
RSS_SAMPLE t=90.8s rss=1170MB hwm=1170MB
RSS_SAMPLE t=91.1s rss=1171MB hwm=1171MB
RSS_SAMPLE t=91.3s rss=1172MB hwm=1172MB
RSS_SAMPLE t=91.6s rss=1173MB hwm=1173MB
RSS_SAMPLE t=91.8s rss=1175MB hwm=1175MB
RSS_SAMPLE t=92.1s rss=1176MB hwm=1176MB
RSS_SAMPLE t=92.3s rss=1178MB hwm=1178MB
RSS_SAMPLE t=92.6s rss=1179MB hwm=1179MB
RSS_SAMPLE t=92.8s rss=1180MB hwm=1180MB
RSS_SAMPLE t=93.1s rss=1182MB hwm=1182MB
RSS_SAMPLE t=93.3s rss=1184MB hwm=1184MB
RSS_SAMPLE t=93.6s rss=1185MB hwm=1185MB
RSS_SAMPLE t=93.8s rss=1186MB hwm=1186MB
RSS_SAMPLE t=94.1s rss=1188MB hwm=1188MB
RSS_SAMPLE t=94.3s rss=1188MB hwm=1188MB
RSS_SAMPLE t=94.6s rss=1189MB hwm=1189MB
RSS_SAMPLE t=94.8s rss=1190MB hwm=1190MB
RSS_SAMPLE t=95.1s rss=1191MB hwm=1191MB
RSS_SAMPLE t=95.3s rss=1192MB hwm=1192MB
RSS_SAMPLE t=95.6s rss=1192MB hwm=1192MB
RSS_SAMPLE t=95.8s rss=1193MB hwm=1193MB
RSS_SAMPLE t=96.1s rss=1194MB hwm=1194MB
RSS_SAMPLE t=96.3s rss=1195MB hwm=1195MB
RSS_SAMPLE t=96.6s rss=1195MB hwm=1195MB
RSS_SAMPLE t=96.8s rss=1196MB hwm=1196MB
RSS_SAMPLE t=97.1s rss=1197MB hwm=1197MB
RSS_SAMPLE t=97.3s rss=1197MB hwm=1197MB
RSS_SAMPLE t=97.6s rss=1198MB hwm=1198MB
RSS_SAMPLE t=97.8s rss=1199MB hwm=1199MB
RSS_SAMPLE t=98.1s rss=1200MB hwm=1200MB
RSS_SAMPLE t=98.3s rss=1201MB hwm=1201MB
RSS_SAMPLE t=98.6s rss=1201MB hwm=1201MB
RSS_SAMPLE t=98.8s rss=1202MB hwm=1202MB
RSS_SAMPLE t=99.1s rss=1202MB hwm=1202MB
RSS_SAMPLE t=99.3s rss=1203MB hwm=1203MB
RSS_SAMPLE t=99.6s rss=1204MB hwm=1204MB
RSS_SAMPLE t=99.8s rss=1205MB hwm=1205MB
RSS_SAMPLE t=100.1s rss=1206MB hwm=1206MB
RSS_SAMPLE t=100.3s rss=1206MB hwm=1206MB
RSS_SAMPLE t=100.6s rss=1207MB hwm=1207MB
RSS_SAMPLE t=100.8s rss=1208MB hwm=1208MB
RSS_SAMPLE t=101.1s rss=1209MB hwm=1209MB
RSS_SAMPLE t=101.3s rss=1210MB hwm=1210MB
RSS_SAMPLE t=101.6s rss=1210MB hwm=1210MB
RSS_SAMPLE t=101.8s rss=1212MB hwm=1212MB
RSS_SAMPLE t=102.1s rss=1212MB hwm=1212MB
RSS_SAMPLE t=102.3s rss=1214MB hwm=1214MB
RSS_SAMPLE t=102.6s rss=1216MB hwm=1216MB
RSS_SAMPLE t=102.8s rss=1218MB hwm=1218MB
RSS_SAMPLE t=103.1s rss=1219MB hwm=1219MB
RSS_SAMPLE t=103.3s rss=1220MB hwm=1220MB
RSS_SAMPLE t=103.6s rss=1222MB hwm=1222MB
RSS_SAMPLE t=103.8s rss=1224MB hwm=1224MB
RSS_SAMPLE t=104.1s rss=1225MB hwm=1225MB
RSS_SAMPLE t=104.3s rss=1227MB hwm=1227MB
RSS_SAMPLE t=104.6s rss=1228MB hwm=1228MB
RSS_SAMPLE t=104.8s rss=1230MB hwm=1230MB
RSS_SAMPLE t=105.1s rss=1230MB hwm=1230MB
RSS_SAMPLE t=105.3s rss=1231MB hwm=1231MB
RSS_SAMPLE t=105.6s rss=1232MB hwm=1232MB
RSS_SAMPLE t=105.8s rss=1233MB hwm=1233MB
RSS_SAMPLE t=106.1s rss=1234MB hwm=1234MB
RSS_SAMPLE t=106.3s rss=1235MB hwm=1235MB
RSS_SAMPLE t=106.6s rss=1235MB hwm=1235MB
RSS_SAMPLE t=106.8s rss=1236MB hwm=1236MB
RSS_SAMPLE t=107.1s rss=1236MB hwm=1236MB
RSS_SAMPLE t=107.3s rss=1237MB hwm=1237MB
RSS_SAMPLE t=107.6s rss=1237MB hwm=1237MB
RSS_SAMPLE t=107.8s rss=1238MB hwm=1238MB
RSS_SAMPLE t=108.1s rss=1239MB hwm=1239MB
RSS_SAMPLE t=108.3s rss=1240MB hwm=1240MB
RSS_SAMPLE t=108.6s rss=1240MB hwm=1240MB
RSS_SAMPLE t=108.8s rss=1241MB hwm=1241MB
RSS_SAMPLE t=109.1s rss=1242MB hwm=1242MB
RSS_SAMPLE t=109.3s rss=1242MB hwm=1242MB
RSS_SAMPLE t=109.6s rss=1243MB hwm=1243MB
RSS_SAMPLE t=109.8s rss=1244MB hwm=1244MB
RSS_SAMPLE t=110.1s rss=1245MB hwm=1245MB
RSS_SAMPLE t=110.3s rss=1245MB hwm=1245MB
RSS_SAMPLE t=110.6s rss=1246MB hwm=1246MB
RSS_SAMPLE t=110.8s rss=1246MB hwm=1246MB
RSS_SAMPLE t=111.1s rss=1247MB hwm=1247MB
RSS_SAMPLE t=111.3s rss=1247MB hwm=1247MB
RSS_SAMPLE t=111.6s rss=1248MB hwm=1248MB
RSS_SAMPLE t=111.8s rss=1249MB hwm=1249MB
RSS_SAMPLE t=112.1s rss=1249MB hwm=1249MB
RSS_SAMPLE t=112.3s rss=1250MB hwm=1250MB
RSS_SAMPLE t=112.6s rss=1250MB hwm=1250MB
RSS_SAMPLE t=112.8s rss=1251MB hwm=1251MB
RSS_SAMPLE t=113.1s rss=1251MB hwm=1251MB
RSS_SAMPLE t=113.3s rss=1252MB hwm=1252MB
RSS_SAMPLE t=113.6s rss=1253MB hwm=1253MB
RSS_SAMPLE t=113.8s rss=1253MB hwm=1253MB
RSS_SAMPLE t=114.1s rss=1254MB hwm=1254MB
RSS_SAMPLE t=114.3s rss=1255MB hwm=1255MB
RSS_SAMPLE t=114.6s rss=1256MB hwm=1256MB
RSS_SAMPLE t=114.8s rss=1256MB hwm=1256MB
RSS_SAMPLE t=115.1s rss=1257MB hwm=1257MB
RSS_SAMPLE t=115.3s rss=1258MB hwm=1258MB
RSS_SAMPLE t=115.6s rss=1258MB hwm=1258MB
RSS_SAMPLE t=115.8s rss=1259MB hwm=1259MB
RSS_SAMPLE t=116.1s rss=1259MB hwm=1259MB
RSS_SAMPLE t=116.3s rss=1260MB hwm=1260MB
RSS_SAMPLE t=116.6s rss=1260MB hwm=1260MB
RSS_SAMPLE t=116.8s rss=1261MB hwm=1261MB
RSS_SAMPLE t=117.1s rss=1262MB hwm=1262MB
RSS_SAMPLE t=117.3s rss=1262MB hwm=1262MB
RSS_SAMPLE t=117.6s rss=1263MB hwm=1263MB
RSS_SAMPLE t=117.8s rss=1264MB hwm=1264MB
RSS_SAMPLE t=118.1s rss=1265MB hwm=1265MB
RSS_SAMPLE t=118.4s rss=1265MB hwm=1265MB
RSS_SAMPLE t=118.6s rss=1266MB hwm=1266MB
RSS_SAMPLE t=118.9s rss=1267MB hwm=1267MB
RSS_SAMPLE t=119.1s rss=1267MB hwm=1267MB
RSS_SAMPLE t=119.4s rss=1268MB hwm=1268MB
RSS_SAMPLE t=119.6s rss=1268MB hwm=1268MB
RSS_SAMPLE t=119.9s rss=1269MB hwm=1269MB
RSS_SAMPLE t=120.1s rss=1270MB hwm=1270MB
RSS_SAMPLE t=120.4s rss=1270MB hwm=1270MB
RSS_SAMPLE t=120.6s rss=1271MB hwm=1271MB
RSS_SAMPLE t=120.9s rss=1272MB hwm=1272MB
RSS_SAMPLE t=121.1s rss=1272MB hwm=1272MB
RSS_SAMPLE t=121.4s rss=1273MB hwm=1273MB
RSS_SAMPLE t=121.6s rss=1274MB hwm=1274MB
RSS_SAMPLE t=121.9s rss=1274MB hwm=1274MB
RSS_SAMPLE t=122.1s rss=1275MB hwm=1275MB
RSS_SAMPLE t=122.4s rss=1276MB hwm=1276MB
RSS_SAMPLE t=122.6s rss=1276MB hwm=1276MB
RSS_SAMPLE t=122.9s rss=1276MB hwm=1276MB
RSS_SAMPLE t=123.1s rss=1277MB hwm=1277MB
RSS_SAMPLE t=123.4s rss=1278MB hwm=1278MB
RSS_SAMPLE t=123.6s rss=1279MB hwm=1279MB
RSS_SAMPLE t=123.9s rss=1279MB hwm=1279MB
RSS_SAMPLE t=124.1s rss=1280MB hwm=1280MB
RSS_SAMPLE t=124.4s rss=1281MB hwm=1281MB
RSS_SAMPLE t=124.6s rss=1281MB hwm=1281MB
RSS_SAMPLE t=124.9s rss=1282MB hwm=1282MB
RSS_SAMPLE t=125.1s rss=1282MB hwm=1282MB
RSS_SAMPLE t=125.4s rss=1283MB hwm=1283MB
RSS_SAMPLE t=125.6s rss=1284MB hwm=1284MB
RSS_SAMPLE t=125.9s rss=1284MB hwm=1284MB
RSS_SAMPLE t=126.1s rss=1285MB hwm=1285MB
RSS_SAMPLE t=126.4s rss=1286MB hwm=1286MB
RSS_SAMPLE t=126.6s rss=1286MB hwm=1286MB
RSS_SAMPLE t=126.9s rss=1286MB hwm=1286MB
RSS_SAMPLE t=127.1s rss=1287MB hwm=1287MB
RSS_SAMPLE t=127.4s rss=1287MB hwm=1287MB
RSS_SAMPLE t=127.6s rss=1287MB hwm=1287MB
RSS_SAMPLE t=127.9s rss=1288MB hwm=1288MB
RSS_SAMPLE t=128.1s rss=1288MB hwm=1288MB
RSS_SAMPLE t=128.4s rss=1289MB hwm=1289MB
RSS_SAMPLE t=128.6s rss=1289MB hwm=1289MB
RSS_SAMPLE t=128.9s rss=1290MB hwm=1290MB
RSS_SAMPLE t=129.1s rss=1291MB hwm=1291MB
RSS_SAMPLE t=129.4s rss=1291MB hwm=1291MB
RSS_SAMPLE t=129.6s rss=1292MB hwm=1292MB
RSS_SAMPLE t=129.9s rss=1292MB hwm=1292MB
RSS_SAMPLE t=130.1s rss=1293MB hwm=1293MB
RSS_SAMPLE t=130.4s rss=1293MB hwm=1293MB
RSS_SAMPLE t=130.6s rss=1294MB hwm=1294MB
RSS_SAMPLE t=130.9s rss=1295MB hwm=1295MB
RSS_SAMPLE t=131.1s rss=1295MB hwm=1295MB
RSS_SAMPLE t=131.4s rss=1296MB hwm=1296MB
RSS_SAMPLE t=131.6s rss=1296MB hwm=1296MB
RSS_SAMPLE t=131.9s rss=1297MB hwm=1297MB
RSS_SAMPLE t=132.1s rss=1298MB hwm=1298MB
RSS_SAMPLE t=132.4s rss=1299MB hwm=1299MB
RSS_SAMPLE t=132.6s rss=1301MB hwm=1301MB
RSS_SAMPLE t=132.9s rss=1302MB hwm=1302MB
RSS_SAMPLE t=133.1s rss=1303MB hwm=1303MB
RSS_SAMPLE t=133.4s rss=1304MB hwm=1304MB
RSS_SAMPLE t=133.6s rss=1305MB hwm=1305MB
RSS_SAMPLE t=133.9s rss=1307MB hwm=1307MB
RSS_SAMPLE t=134.1s rss=1308MB hwm=1308MB
RSS_SAMPLE t=134.4s rss=1310MB hwm=1310MB
RSS_SAMPLE t=134.6s rss=1311MB hwm=1311MB
RSS_SAMPLE t=134.9s rss=1313MB hwm=1313MB
RSS_SAMPLE t=135.1s rss=1314MB hwm=1314MB
RSS_SAMPLE t=135.4s rss=1316MB hwm=1316MB
RSS_SAMPLE t=135.6s rss=1318MB hwm=1318MB
RSS_SAMPLE t=135.9s rss=1319MB hwm=1319MB
RSS_SAMPLE t=136.1s rss=1321MB hwm=1321MB
RSS_SAMPLE t=136.4s rss=1322MB hwm=1322MB
RSS_SAMPLE t=136.6s rss=1323MB hwm=1323MB
RSS_SAMPLE t=136.9s rss=1325MB hwm=1325MB
RSS_SAMPLE t=137.1s rss=1326MB hwm=1326MB
RSS_SAMPLE t=137.4s rss=1328MB hwm=1328MB
RSS_SAMPLE t=137.6s rss=1329MB hwm=1329MB
RSS_SAMPLE t=137.9s rss=1331MB hwm=1331MB
RSS_SAMPLE t=138.1s rss=1333MB hwm=1333MB
RSS_SAMPLE t=138.4s rss=1334MB hwm=1334MB
RSS_SAMPLE t=138.6s rss=1336MB hwm=1336MB
RSS_SAMPLE t=138.9s rss=1337MB hwm=1337MB
RSS_SAMPLE t=139.1s rss=1338MB hwm=1338MB
RSS_SAMPLE t=139.4s rss=1340MB hwm=1340MB
RSS_SAMPLE t=139.6s rss=1341MB hwm=1341MB
RSS_SAMPLE t=139.9s rss=1343MB hwm=1343MB
RSS_SAMPLE t=140.1s rss=1344MB hwm=1344MB
RSS_SAMPLE t=140.4s rss=1346MB hwm=1346MB
RSS_SAMPLE t=140.6s rss=1348MB hwm=1348MB
RSS_SAMPLE t=140.9s rss=1349MB hwm=1349MB
RSS_SAMPLE t=141.1s rss=1350MB hwm=1350MB
RSS_SAMPLE t=141.4s rss=1352MB hwm=1352MB
RSS_SAMPLE t=141.6s rss=1353MB hwm=1353MB
RSS_SAMPLE t=141.9s rss=1355MB hwm=1355MB
RSS_SAMPLE t=142.1s rss=1356MB hwm=1356MB
RSS_SAMPLE t=142.4s rss=1358MB hwm=1358MB
RSS_SAMPLE t=142.6s rss=1359MB hwm=1359MB
RSS_SAMPLE t=142.9s rss=1361MB hwm=1361MB
RSS_SAMPLE t=143.1s rss=1363MB hwm=1363MB
RSS_SAMPLE t=143.4s rss=1364MB hwm=1364MB
RSS_SAMPLE t=143.6s rss=1365MB hwm=1365MB
RSS_SAMPLE t=143.9s rss=1367MB hwm=1367MB
RSS_SAMPLE t=144.1s rss=1369MB hwm=1369MB
RSS_SAMPLE t=144.4s rss=1371MB hwm=1371MB
RSS_SAMPLE t=144.6s rss=1372MB hwm=1372MB
RSS_SAMPLE t=144.9s rss=1374MB hwm=1374MB
RSS_SAMPLE t=145.1s rss=1375MB hwm=1375MB
RSS_SAMPLE t=145.4s rss=1377MB hwm=1377MB
RSS_SAMPLE t=145.6s rss=1378MB hwm=1378MB
RSS_SAMPLE t=145.9s rss=1380MB hwm=1380MB
RSS_SAMPLE t=146.1s rss=1381MB hwm=1381MB
RSS_SAMPLE t=146.4s rss=1383MB hwm=1383MB
RSS_SAMPLE t=146.6s rss=1384MB hwm=1384MB
RSS_SAMPLE t=146.9s rss=1386MB hwm=1386MB
RSS_SAMPLE t=147.1s rss=1388MB hwm=1388MB
RSS_SAMPLE t=147.4s rss=1389MB hwm=1389MB
RSS_SAMPLE t=147.6s rss=1391MB hwm=1391MB
RSS_SAMPLE t=147.9s rss=1393MB hwm=1393MB
RSS_SAMPLE t=148.1s rss=1394MB hwm=1394MB
RSS_SAMPLE t=148.4s rss=1396MB hwm=1396MB
RSS_SAMPLE t=148.6s rss=1397MB hwm=1397MB
RSS_SAMPLE t=148.9s rss=1399MB hwm=1399MB
RSS_SAMPLE t=149.1s rss=1400MB hwm=1400MB
RSS_SAMPLE t=149.4s rss=1402MB hwm=1402MB
RSS_SAMPLE t=149.6s rss=1404MB hwm=1404MB
RSS_SAMPLE t=149.9s rss=1405MB hwm=1405MB
RSS_SAMPLE t=150.1s rss=1407MB hwm=1407MB
RSS_SAMPLE t=150.4s rss=1409MB hwm=1409MB
RSS_SAMPLE t=150.6s rss=1410MB hwm=1410MB
RSS_SAMPLE t=150.9s rss=1412MB hwm=1412MB
RSS_SAMPLE t=151.1s rss=1414MB hwm=1414MB
RSS_SAMPLE t=151.4s rss=1416MB hwm=1416MB
RSS_SAMPLE t=151.6s rss=1417MB hwm=1417MB
RSS_SAMPLE t=151.9s rss=1419MB hwm=1419MB
RSS_SAMPLE t=152.1s rss=1421MB hwm=1421MB
RSS_SAMPLE t=152.4s rss=1422MB hwm=1422MB
RSS_SAMPLE t=152.6s rss=1423MB hwm=1423MB
RSS_SAMPLE t=152.9s rss=1425MB hwm=1425MB
RSS_SAMPLE t=153.1s rss=1427MB hwm=1427MB
RSS_SAMPLE t=153.4s rss=1428MB hwm=1428MB
RSS_SAMPLE t=153.6s rss=1430MB hwm=1430MB
RSS_SAMPLE t=153.9s rss=1431MB hwm=1431MB
RSS_SAMPLE t=154.1s rss=1433MB hwm=1433MB
RSS_SAMPLE t=154.4s rss=1434MB hwm=1434MB
RSS_SAMPLE t=154.6s rss=1436MB hwm=1436MB
RSS_SAMPLE t=154.9s rss=1437MB hwm=1437MB
RSS_SAMPLE t=155.1s rss=1439MB hwm=1439MB
RSS_SAMPLE t=155.4s rss=1441MB hwm=1441MB
RSS_SAMPLE t=155.6s rss=1443MB hwm=1443MB
RSS_SAMPLE t=155.9s rss=1444MB hwm=1444MB
RSS_SAMPLE t=156.1s rss=1445MB hwm=1445MB
RSS_SAMPLE t=156.4s rss=1446MB hwm=1446MB
RSS_SAMPLE t=156.6s rss=1448MB hwm=1448MB
RSS_SAMPLE t=156.9s rss=1449MB hwm=1449MB
RSS_SAMPLE t=157.1s rss=1450MB hwm=1450MB
RSS_SAMPLE t=157.4s rss=1452MB hwm=1452MB
RSS_SAMPLE t=157.6s rss=1453MB hwm=1453MB
RSS_SAMPLE t=157.9s rss=1455MB hwm=1455MB
RSS_SAMPLE t=158.1s rss=1456MB hwm=1456MB
RSS_SAMPLE t=158.4s rss=1457MB hwm=1457MB
RSS_SAMPLE t=158.6s rss=1458MB hwm=1458MB
RSS_SAMPLE t=158.9s rss=1459MB hwm=1459MB
RSS_SAMPLE t=159.1s rss=1460MB hwm=1460MB
RSS_SAMPLE t=159.4s rss=1462MB hwm=1462MB
RSS_SAMPLE t=159.6s rss=1463MB hwm=1463MB
RSS_SAMPLE t=159.9s rss=1465MB hwm=1465MB
RSS_SAMPLE t=160.1s rss=1467MB hwm=1467MB
RSS_SAMPLE t=160.4s rss=1468MB hwm=1468MB
RSS_SAMPLE t=160.6s rss=1470MB hwm=1470MB
RSS_SAMPLE t=160.9s rss=1472MB hwm=1472MB
RSS_SAMPLE t=161.1s rss=1473MB hwm=1473MB
RSS_SAMPLE t=161.4s rss=1474MB hwm=1474MB
RSS_SAMPLE t=161.6s rss=1476MB hwm=1476MB
RSS_SAMPLE t=161.9s rss=1477MB hwm=1477MB
RSS_SAMPLE t=162.1s rss=1479MB hwm=1479MB
RSS_SAMPLE t=162.4s rss=1479MB hwm=1479MB
RSS_SAMPLE t=162.6s rss=1481MB hwm=1481MB
RSS_SAMPLE t=162.9s rss=1481MB hwm=1481MB
RSS_SAMPLE t=163.1s rss=1482MB hwm=1482MB
RSS_SAMPLE t=163.4s rss=1482MB hwm=1482MB
RSS_SAMPLE t=163.6s rss=1484MB hwm=1484MB
RSS_SAMPLE t=163.9s rss=1484MB hwm=1484MB
RSS_SAMPLE t=164.1s rss=1485MB hwm=1485MB
RSS_SAMPLE t=164.4s rss=1485MB hwm=1485MB
RSS_SAMPLE t=164.6s rss=1487MB hwm=1487MB
RSS_SAMPLE t=164.9s rss=1487MB hwm=1487MB
RSS_SAMPLE t=165.1s rss=1488MB hwm=1488MB
RSS_SAMPLE t=165.4s rss=1488MB hwm=1488MB
RSS_SAMPLE t=165.6s rss=1489MB hwm=1489MB
RSS_SAMPLE t=165.9s rss=1489MB hwm=1489MB
RSS_SAMPLE t=166.1s rss=1490MB hwm=1490MB
RSS_SAMPLE t=166.4s rss=1491MB hwm=1491MB
RSS_SAMPLE t=166.6s rss=1491MB hwm=1491MB
RSS_SAMPLE t=166.9s rss=1492MB hwm=1492MB
RSS_SAMPLE t=167.1s rss=1493MB hwm=1493MB
RSS_SAMPLE t=167.4s rss=1494MB hwm=1494MB
RSS_SAMPLE t=167.6s rss=1494MB hwm=1494MB
RSS_SAMPLE t=167.9s rss=1495MB hwm=1495MB
RSS_SAMPLE t=168.1s rss=1496MB hwm=1496MB
RSS_SAMPLE t=168.4s rss=1497MB hwm=1497MB
RSS_SAMPLE t=168.6s rss=1498MB hwm=1498MB
RSS_SAMPLE t=168.9s rss=1499MB hwm=1499MB
RSS_SAMPLE t=169.1s rss=1500MB hwm=1500MB
RSS_SAMPLE t=169.4s rss=1501MB hwm=1501MB
RSS_SAMPLE t=169.6s rss=1501MB hwm=1501MB
RSS_SAMPLE t=169.9s rss=1503MB hwm=1503MB
RSS_SAMPLE t=170.1s rss=1504MB hwm=1504MB
RSS_SAMPLE t=170.4s rss=1506MB hwm=1506MB
RSS_SAMPLE t=170.6s rss=1508MB hwm=1508MB
RSS_SAMPLE t=170.9s rss=1510MB hwm=1510MB
RSS_SAMPLE t=171.1s rss=1511MB hwm=1511MB
RSS_SAMPLE t=171.4s rss=1514MB hwm=1514MB
RSS_SAMPLE t=171.6s rss=1516MB hwm=1516MB
RSS_SAMPLE t=171.9s rss=1517MB hwm=1517MB
RSS_SAMPLE t=172.1s rss=1519MB hwm=1519MB
RSS_SAMPLE t=172.4s rss=1521MB hwm=1521MB
RSS_SAMPLE t=172.6s rss=1523MB hwm=1523MB
RSS_SAMPLE t=172.9s rss=1525MB hwm=1525MB
RSS_SAMPLE t=173.2s rss=1526MB hwm=1526MB
RSS_SAMPLE t=173.4s rss=1527MB hwm=1527MB
RSS_SAMPLE t=173.7s rss=1527MB hwm=1527MB
RSS_SAMPLE t=173.9s rss=1527MB hwm=1527MB
RSS_SAMPLE t=174.2s rss=1528MB hwm=1528MB
RSS_SAMPLE t=174.4s rss=1529MB hwm=1529MB
RSS_SAMPLE t=174.7s rss=1530MB hwm=1530MB
RSS_SAMPLE t=174.9s rss=1530MB hwm=1530MB
RSS_SAMPLE t=175.2s rss=1530MB hwm=1530MB
RSS_SAMPLE t=175.4s rss=1530MB hwm=1530MB
RSS_SAMPLE t=175.7s rss=1531MB hwm=1531MB
RSS_SAMPLE t=175.9s rss=1532MB hwm=1532MB
RSS_SAMPLE t=176.2s rss=1532MB hwm=1532MB
RSS_SAMPLE t=176.4s rss=1533MB hwm=1533MB
RSS_SAMPLE t=176.7s rss=1533MB hwm=1533MB
RSS_SAMPLE t=176.9s rss=1534MB hwm=1534MB
RSS_SAMPLE t=177.2s rss=1534MB hwm=1534MB
RSS_SAMPLE t=177.4s rss=1535MB hwm=1535MB
RSS_SAMPLE t=177.7s rss=1536MB hwm=1536MB
RSS_SAMPLE t=177.9s rss=1536MB hwm=1536MB
RSS_SAMPLE t=178.2s rss=1536MB hwm=1536MB
RSS_SAMPLE t=178.4s rss=1537MB hwm=1537MB
RSS_SAMPLE t=178.7s rss=1538MB hwm=1538MB
RSS_SAMPLE t=178.9s rss=1539MB hwm=1539MB
RSS_SAMPLE t=179.2s rss=1539MB hwm=1539MB
RSS_SAMPLE t=179.4s rss=1540MB hwm=1540MB
RSS_SAMPLE t=179.7s rss=1540MB hwm=1540MB
RSS_SAMPLE t=179.9s rss=1540MB hwm=1540MB
RSS_SAMPLE t=180.2s rss=1541MB hwm=1541MB
RSS_SAMPLE t=180.4s rss=1542MB hwm=1542MB
RSS_SAMPLE t=180.7s rss=1542MB hwm=1542MB
RSS_SAMPLE t=180.9s rss=1542MB hwm=1542MB
RSS_SAMPLE t=181.2s rss=1542MB hwm=1542MB
RSS_SAMPLE t=181.4s rss=1543MB hwm=1543MB
RSS_SAMPLE t=181.7s rss=1543MB hwm=1543MB
RSS_SAMPLE t=181.9s rss=1543MB hwm=1543MB
RSS_SAMPLE t=182.2s rss=1544MB hwm=1544MB
RSS_SAMPLE t=182.4s rss=1544MB hwm=1544MB
RSS_SAMPLE t=182.7s rss=1544MB hwm=1544MB
RSS_SAMPLE t=182.9s rss=1545MB hwm=1545MB
RSS_SAMPLE t=183.2s rss=1545MB hwm=1545MB
RSS_SAMPLE t=183.4s rss=1546MB hwm=1546MB
RSS_SAMPLE t=183.7s rss=1546MB hwm=1546MB
RSS_SAMPLE t=183.9s rss=1547MB hwm=1547MB
RSS_SAMPLE t=184.2s rss=1548MB hwm=1548MB
RSS_SAMPLE t=184.4s rss=1549MB hwm=1549MB
RSS_SAMPLE t=184.7s rss=1549MB hwm=1549MB
RSS_SAMPLE t=184.9s rss=1550MB hwm=1550MB
RSS_SAMPLE t=185.2s rss=1550MB hwm=1550MB
RSS_SAMPLE t=185.4s rss=1551MB hwm=1551MB
RSS_SAMPLE t=185.7s rss=1551MB hwm=1551MB
RSS_SAMPLE t=185.9s rss=1551MB hwm=1551MB
RSS_SAMPLE t=186.2s rss=1552MB hwm=1552MB
RSS_SAMPLE t=186.4s rss=1552MB hwm=1552MB
RSS_SAMPLE t=186.7s rss=1553MB hwm=1553MB
RSS_SAMPLE t=186.9s rss=1553MB hwm=1553MB
RSS_SAMPLE t=187.2s rss=1553MB hwm=1553MB
RSS_SAMPLE t=187.4s rss=1554MB hwm=1554MB
RSS_SAMPLE t=187.7s rss=1555MB hwm=1555MB
RSS_SAMPLE t=187.9s rss=1555MB hwm=1555MB
RSS_SAMPLE t=188.2s rss=1556MB hwm=1556MB
RSS_SAMPLE t=188.4s rss=1556MB hwm=1556MB
RSS_SAMPLE t=188.7s rss=1556MB hwm=1556MB
RSS_SAMPLE t=188.9s rss=1557MB hwm=1557MB
RSS_SAMPLE t=189.2s rss=1558MB hwm=1558MB
RSS_SAMPLE t=189.4s rss=1558MB hwm=1558MB
RSS_SAMPLE t=189.7s rss=1558MB hwm=1558MB
RSS_SAMPLE t=189.9s rss=1559MB hwm=1559MB
RSS_SAMPLE t=190.2s rss=1559MB hwm=1559MB
RSS_SAMPLE t=190.4s rss=1560MB hwm=1560MB
RSS_SAMPLE t=190.7s rss=1560MB hwm=1560MB
RSS_SAMPLE t=190.9s rss=1561MB hwm=1561MB
RSS_SAMPLE t=191.2s rss=1561MB hwm=1561MB
RSS_SAMPLE t=191.4s rss=1562MB hwm=1562MB
RSS_SAMPLE t=191.7s rss=1562MB hwm=1562MB
RSS_SAMPLE t=191.9s rss=1563MB hwm=1563MB
RSS_SAMPLE t=192.2s rss=1564MB hwm=1564MB
RSS_SAMPLE t=192.4s rss=1565MB hwm=1565MB
RSS_SAMPLE t=192.7s rss=1565MB hwm=1565MB
RSS_SAMPLE t=192.9s rss=1565MB hwm=1565MB
RSS_SAMPLE t=193.2s rss=1566MB hwm=1566MB
RSS_SAMPLE t=193.4s rss=1567MB hwm=1567MB
RSS_SAMPLE t=193.7s rss=1567MB hwm=1567MB
RSS_SAMPLE t=193.9s rss=1568MB hwm=1568MB
RSS_SAMPLE t=194.2s rss=1569MB hwm=1569MB
RSS_SAMPLE t=194.4s rss=1569MB hwm=1569MB
RSS_SAMPLE t=194.7s rss=1570MB hwm=1570MB
RSS_SAMPLE t=194.9s rss=1570MB hwm=1570MB
RSS_SAMPLE t=195.2s rss=1570MB hwm=1570MB
RSS_SAMPLE t=195.4s rss=1571MB hwm=1571MB
RSS_SAMPLE t=195.7s rss=1571MB hwm=1571MB
RSS_SAMPLE t=195.9s rss=1572MB hwm=1572MB
RSS_SAMPLE t=196.2s rss=1573MB hwm=1573MB
RSS_SAMPLE t=196.4s rss=1573MB hwm=1573MB
RSS_SAMPLE t=196.7s rss=1574MB hwm=1574MB
RSS_SAMPLE t=196.9s rss=1574MB hwm=1574MB
RSS_SAMPLE t=197.2s rss=1575MB hwm=1575MB
RSS_SAMPLE t=197.4s rss=1575MB hwm=1575MB
RSS_SAMPLE t=197.7s rss=1575MB hwm=1575MB
RSS_SAMPLE t=197.9s rss=1576MB hwm=1576MB
RSS_SAMPLE t=198.2s rss=1576MB hwm=1576MB
RSS_SAMPLE t=198.4s rss=1577MB hwm=1577MB
RSS_SAMPLE t=198.7s rss=1578MB hwm=1578MB
RSS_SAMPLE t=198.9s rss=1579MB hwm=1579MB
RSS_SAMPLE t=199.2s rss=1579MB hwm=1579MB
RSS_SAMPLE t=199.4s rss=1580MB hwm=1580MB
RSS_SAMPLE t=199.7s rss=1581MB hwm=1581MB
RSS_SAMPLE t=199.9s rss=1581MB hwm=1581MB
RSS_SAMPLE t=200.2s rss=1582MB hwm=1582MB
RSS_SAMPLE t=200.4s rss=1583MB hwm=1583MB
RSS_SAMPLE t=200.7s rss=1583MB hwm=1583MB
RSS_SAMPLE t=200.9s rss=1583MB hwm=1583MB
RSS_SAMPLE t=201.2s rss=1584MB hwm=1584MB
RSS_SAMPLE t=201.4s rss=1584MB hwm=1584MB
RSS_SAMPLE t=201.7s rss=1585MB hwm=1585MB
RSS_SAMPLE t=201.9s rss=1585MB hwm=1585MB
RSS_SAMPLE t=202.2s rss=1586MB hwm=1586MB
RSS_SAMPLE t=202.4s rss=1586MB hwm=1586MB
RSS_SAMPLE t=202.7s rss=1587MB hwm=1587MB
RSS_SAMPLE t=202.9s rss=1588MB hwm=1588MB
RSS_SAMPLE t=203.2s rss=1588MB hwm=1588MB
RSS_SAMPLE t=203.4s rss=1589MB hwm=1589MB
RSS_SAMPLE t=203.7s rss=1590MB hwm=1590MB
RSS_SAMPLE t=203.9s rss=1590MB hwm=1590MB
RSS_SAMPLE t=204.2s rss=1591MB hwm=1591MB
RSS_SAMPLE t=204.4s rss=1591MB hwm=1591MB
RSS_SAMPLE t=204.7s rss=1591MB hwm=1591MB
RSS_SAMPLE t=204.9s rss=1592MB hwm=1592MB
RSS_SAMPLE t=205.2s rss=1593MB hwm=1593MB
RSS_SAMPLE t=205.4s rss=1593MB hwm=1593MB
RSS_SAMPLE t=205.7s rss=1594MB hwm=1594MB
RSS_SAMPLE t=206.0s rss=1594MB hwm=1594MB
RSS_SAMPLE t=206.2s rss=1595MB hwm=1595MB
RSS_SAMPLE t=206.5s rss=1596MB hwm=1596MB
RSS_SAMPLE t=206.7s rss=1596MB hwm=1596MB
RSS_SAMPLE t=207.0s rss=1597MB hwm=1597MB
RSS_SAMPLE t=207.2s rss=1598MB hwm=1598MB
RSS_SAMPLE t=207.5s rss=1598MB hwm=1598MB
RSS_SAMPLE t=207.7s rss=1599MB hwm=1599MB
RSS_SAMPLE t=208.0s rss=1599MB hwm=1599MB
RSS_SAMPLE t=208.2s rss=1599MB hwm=1599MB
RSS_SAMPLE t=208.5s rss=1600MB hwm=1600MB
RSS_SAMPLE t=208.7s rss=1601MB hwm=1601MB
RSS_SAMPLE t=209.0s rss=1602MB hwm=1602MB
RSS_SAMPLE t=209.2s rss=1602MB hwm=1602MB
RSS_SAMPLE t=209.5s rss=1602MB hwm=1602MB
RSS_SAMPLE t=209.7s rss=1603MB hwm=1603MB
RSS_SAMPLE t=210.0s rss=1604MB hwm=1604MB
RSS_SAMPLE t=210.2s rss=1604MB hwm=1604MB
RSS_SAMPLE t=210.5s rss=1605MB hwm=1605MB
RSS_SAMPLE t=210.7s rss=1606MB hwm=1606MB
RSS_SAMPLE t=211.0s rss=1606MB hwm=1606MB
RSS_SAMPLE t=211.2s rss=1607MB hwm=1607MB
RSS_SAMPLE t=211.5s rss=1607MB hwm=1607MB
RSS_SAMPLE t=211.7s rss=1608MB hwm=1608MB
RSS_SAMPLE t=212.0s rss=1608MB hwm=1608MB
RSS_SAMPLE t=212.2s rss=1609MB hwm=1609MB
RSS_SAMPLE t=212.5s rss=1610MB hwm=1610MB
RSS_SAMPLE t=212.7s rss=1610MB hwm=1610MB
RSS_SAMPLE t=213.0s rss=1611MB hwm=1611MB
RSS_SAMPLE t=213.2s rss=1611MB hwm=1611MB
RSS_SAMPLE t=213.5s rss=1612MB hwm=1612MB
RSS_SAMPLE t=213.7s rss=1612MB hwm=1612MB
RSS_SAMPLE t=214.0s rss=1613MB hwm=1613MB
RSS_SAMPLE t=214.2s rss=1614MB hwm=1614MB
RSS_SAMPLE t=214.5s rss=1615MB hwm=1615MB
RSS_SAMPLE t=214.7s rss=1615MB hwm=1615MB
RSS_SAMPLE t=215.0s rss=1616MB hwm=1616MB
RSS_SAMPLE t=215.2s rss=1616MB hwm=1616MB
RSS_SAMPLE t=215.5s rss=1617MB hwm=1617MB
RSS_SAMPLE t=215.7s rss=1618MB hwm=1618MB
RSS_SAMPLE t=216.0s rss=1619MB hwm=1619MB
RSS_SAMPLE t=216.2s rss=1620MB hwm=1620MB
RSS_SAMPLE t=216.5s rss=1620MB hwm=1620MB
RSS_SAMPLE t=216.7s rss=1621MB hwm=1621MB
RSS_SAMPLE t=217.0s rss=1622MB hwm=1622MB
RSS_SAMPLE t=217.2s rss=1623MB hwm=1623MB
RSS_SAMPLE t=217.5s rss=1623MB hwm=1623MB
RSS_SAMPLE t=217.7s rss=1624MB hwm=1624MB
RSS_SAMPLE t=218.0s rss=1624MB hwm=1624MB
RSS_SAMPLE t=218.2s rss=1625MB hwm=1625MB
RSS_SAMPLE t=218.5s rss=1625MB hwm=1625MB
RSS_SAMPLE t=218.7s rss=1626MB hwm=1626MB
RSS_SAMPLE t=219.0s rss=1627MB hwm=1627MB
RSS_SAMPLE t=219.2s rss=1628MB hwm=1628MB
RSS_SAMPLE t=219.5s rss=1628MB hwm=1628MB
RSS_SAMPLE t=219.7s rss=1629MB hwm=1629MB
RSS_SAMPLE t=220.0s rss=1629MB hwm=1629MB
RSS_SAMPLE t=220.2s rss=1630MB hwm=1630MB
RSS_SAMPLE t=220.5s rss=1630MB hwm=1630MB
RSS_SAMPLE t=220.7s rss=1630MB hwm=1630MB
RSS_SAMPLE t=221.0s rss=1631MB hwm=1631MB
RSS_SAMPLE t=221.2s rss=1631MB hwm=1631MB
RSS_SAMPLE t=221.5s rss=1632MB hwm=1632MB
RSS_SAMPLE t=221.7s rss=1633MB hwm=1633MB
RSS_SAMPLE t=222.0s rss=1633MB hwm=1633MB
RSS_SAMPLE t=222.2s rss=1633MB hwm=1633MB
RSS_SAMPLE t=222.5s rss=1634MB hwm=1634MB
RSS_SAMPLE t=222.7s rss=1634MB hwm=1634MB
RSS_SAMPLE t=223.0s rss=1635MB hwm=1635MB
RSS_SAMPLE t=223.2s rss=1635MB hwm=1635MB
RSS_SAMPLE t=223.5s rss=1636MB hwm=1636MB
RSS_SAMPLE t=223.7s rss=1637MB hwm=1637MB
RSS_SAMPLE t=224.0s rss=1638MB hwm=1638MB
RSS_SAMPLE t=224.2s rss=1638MB hwm=1638MB
RSS_SAMPLE t=224.5s rss=1639MB hwm=1639MB
RSS_SAMPLE t=224.7s rss=1639MB hwm=1639MB
RSS_SAMPLE t=225.0s rss=1640MB hwm=1640MB
RSS_SAMPLE t=225.2s rss=1640MB hwm=1640MB
RSS_SAMPLE t=225.5s rss=1641MB hwm=1641MB
RSS_SAMPLE t=225.7s rss=1642MB hwm=1642MB
RSS_SAMPLE t=226.0s rss=1642MB hwm=1642MB
RSS_SAMPLE t=226.2s rss=1643MB hwm=1643MB
RSS_SAMPLE t=226.5s rss=1644MB hwm=1644MB
RSS_SAMPLE t=226.7s rss=1644MB hwm=1644MB
RSS_SAMPLE t=227.0s rss=1644MB hwm=1644MB
RSS_SAMPLE t=227.2s rss=1645MB hwm=1645MB
RSS_SAMPLE t=227.5s rss=1646MB hwm=1646MB
RSS_SAMPLE t=227.7s rss=1646MB hwm=1646MB
RSS_SAMPLE t=228.0s rss=1647MB hwm=1647MB
RSS_SAMPLE t=228.2s rss=1648MB hwm=1648MB
RSS_SAMPLE t=228.5s rss=1648MB hwm=1648MB
RSS_SAMPLE t=228.7s rss=1649MB hwm=1649MB
RSS_SAMPLE t=229.0s rss=1649MB hwm=1649MB
RSS_SAMPLE t=229.2s rss=1650MB hwm=1650MB
RSS_SAMPLE t=229.5s rss=1651MB hwm=1651MB
RSS_SAMPLE t=229.7s rss=1652MB hwm=1652MB
RSS_SAMPLE t=230.0s rss=1653MB hwm=1653MB
RSS_SAMPLE t=230.2s rss=1654MB hwm=1654MB
RSS_SAMPLE t=230.5s rss=1655MB hwm=1655MB
RSS_SAMPLE t=230.7s rss=1656MB hwm=1656MB
RSS_SAMPLE t=231.0s rss=1657MB hwm=1657MB
RSS_SAMPLE t=231.2s rss=1659MB hwm=1659MB
RSS_SAMPLE t=231.5s rss=1660MB hwm=1660MB
RSS_SAMPLE t=231.7s rss=1661MB hwm=1661MB
RSS_SAMPLE t=232.0s rss=1662MB hwm=1662MB
RSS_SAMPLE t=232.2s rss=1663MB hwm=1663MB
RSS_SAMPLE t=232.5s rss=1664MB hwm=1664MB
RSS_SAMPLE t=232.7s rss=1665MB hwm=1665MB
RSS_SAMPLE t=233.0s rss=1666MB hwm=1666MB
RSS_SAMPLE t=233.2s rss=1667MB hwm=1667MB
RSS_SAMPLE t=233.5s rss=1667MB hwm=1667MB
RSS_SAMPLE t=233.7s rss=1668MB hwm=1668MB
RSS_SAMPLE t=234.0s rss=1669MB hwm=1669MB
RSS_SAMPLE t=234.2s rss=1670MB hwm=1670MB
RSS_SAMPLE t=234.5s rss=1671MB hwm=1671MB
RSS_SAMPLE t=234.7s rss=1672MB hwm=1672MB
RSS_SAMPLE t=235.0s rss=1673MB hwm=1673MB
RSS_SAMPLE t=235.2s rss=1673MB hwm=1673MB
RSS_SAMPLE t=235.5s rss=1675MB hwm=1675MB
RSS_SAMPLE t=235.7s rss=1675MB hwm=1675MB
RSS_SAMPLE t=236.0s rss=1676MB hwm=1676MB
RSS_SAMPLE t=236.2s rss=1676MB hwm=1676MB
RSS_SAMPLE t=236.5s rss=1678MB hwm=1678MB
RSS_SAMPLE t=236.7s rss=1678MB hwm=1678MB
RSS_SAMPLE t=237.0s rss=1679MB hwm=1679MB
RSS_SAMPLE t=237.2s rss=1680MB hwm=1680MB
RSS_SAMPLE t=237.5s rss=1681MB hwm=1681MB
RSS_SAMPLE t=237.7s rss=1683MB hwm=1683MB
RSS_SAMPLE t=238.0s rss=1684MB hwm=1684MB
RSS_SAMPLE t=238.2s rss=1684MB hwm=1684MB
RSS_SAMPLE t=238.5s rss=1685MB hwm=1685MB
RSS_SAMPLE t=238.7s rss=1687MB hwm=1687MB
RSS_SAMPLE t=239.0s rss=1688MB hwm=1688MB
RSS_SAMPLE t=239.2s rss=1689MB hwm=1689MB
RSS_SAMPLE t=239.5s rss=1690MB hwm=1690MB
RSS_SAMPLE t=239.7s rss=1691MB hwm=1691MB
RSS_SAMPLE t=240.0s rss=1692MB hwm=1692MB
RSS_SAMPLE t=240.2s rss=1694MB hwm=1694MB
RSS_SAMPLE t=240.5s rss=1695MB hwm=1695MB
RSS_SAMPLE t=240.7s rss=1696MB hwm=1696MB
RSS_SAMPLE t=241.0s rss=1697MB hwm=1697MB
RSS_SAMPLE t=241.2s rss=1698MB hwm=1698MB
RSS_SAMPLE t=241.5s rss=1699MB hwm=1699MB
RSS_SAMPLE t=241.7s rss=1700MB hwm=1700MB
RSS_SAMPLE t=242.0s rss=1701MB hwm=1701MB
RSS_SAMPLE t=242.2s rss=1703MB hwm=1703MB
RSS_SAMPLE t=242.5s rss=1704MB hwm=1704MB
RSS_SAMPLE t=242.7s rss=1704MB hwm=1704MB
RSS_SAMPLE t=243.0s rss=1705MB hwm=1705MB
RSS_SAMPLE t=243.2s rss=1706MB hwm=1706MB
RSS_SAMPLE t=243.5s rss=1706MB hwm=1706MB
RSS_SAMPLE t=243.7s rss=1707MB hwm=1707MB
RSS_SAMPLE t=244.0s rss=1708MB hwm=1708MB
RSS_SAMPLE t=244.2s rss=1709MB hwm=1709MB
RSS_SAMPLE t=244.5s rss=1710MB hwm=1710MB
RSS_SAMPLE t=244.7s rss=1710MB hwm=1710MB
RSS_SAMPLE t=245.0s rss=1711MB hwm=1711MB
RSS_SAMPLE t=245.2s rss=1711MB hwm=1711MB
RSS_SAMPLE t=245.5s rss=1711MB hwm=1711MB
RSS_SAMPLE t=245.7s rss=1711MB hwm=1711MB
RSS_SAMPLE t=246.0s rss=1712MB hwm=1712MB
RSS_SAMPLE t=246.2s rss=1712MB hwm=1712MB
RSS_SAMPLE t=246.5s rss=1712MB hwm=1712MB
RSS_SAMPLE t=246.7s rss=1712MB hwm=1712MB
RSS_SAMPLE t=247.0s rss=1713MB hwm=1713MB
RSS_SAMPLE t=247.2s rss=1713MB hwm=1713MB
RSS_SAMPLE t=247.5s rss=1713MB hwm=1713MB
RSS_SAMPLE t=247.7s rss=1713MB hwm=1713MB
RSS_SAMPLE t=248.0s rss=1714MB hwm=1714MB
RSS_SAMPLE t=248.2s rss=1714MB hwm=1714MB
RSS_SAMPLE t=248.5s rss=1714MB hwm=1714MB
RSS_SAMPLE t=248.7s rss=1714MB hwm=1714MB
RSS_SAMPLE t=249.0s rss=1715MB hwm=1715MB
RSS_SAMPLE t=249.2s rss=1715MB hwm=1715MB
RSS_SAMPLE t=249.5s rss=1715MB hwm=1715MB
RSS_SAMPLE t=249.7s rss=1716MB hwm=1716MB
RSS_SAMPLE t=250.0s rss=1716MB hwm=1716MB
RSS_SAMPLE t=250.2s rss=1716MB hwm=1716MB
RSS_SAMPLE t=250.5s rss=1717MB hwm=1717MB
RSS_SAMPLE t=250.7s rss=1717MB hwm=1717MB
RSS_SAMPLE t=251.0s rss=1717MB hwm=1717MB
RSS_SAMPLE t=251.2s rss=1717MB hwm=1717MB
RSS_SAMPLE t=251.5s rss=1718MB hwm=1718MB
RSS_SAMPLE t=251.7s rss=1718MB hwm=1718MB
RSS_SAMPLE t=252.0s rss=1718MB hwm=1718MB
RSS_SAMPLE t=252.2s rss=1718MB hwm=1718MB
RSS_SAMPLE t=252.5s rss=1719MB hwm=1719MB
RSS_SAMPLE t=252.7s rss=1719MB hwm=1719MB
RSS_SAMPLE t=253.0s rss=1719MB hwm=1719MB
RSS_SAMPLE t=253.2s rss=1720MB hwm=1720MB
RSS_SAMPLE t=253.5s rss=1720MB hwm=1720MB
RSS_SAMPLE t=253.7s rss=1720MB hwm=1720MB
RSS_SAMPLE t=254.0s rss=1720MB hwm=1720MB
RSS_SAMPLE t=254.2s rss=1721MB hwm=1721MB
RSS_SAMPLE t=254.5s rss=1721MB hwm=1721MB
RSS_SAMPLE t=254.7s rss=1722MB hwm=1722MB
RSS_SAMPLE t=255.0s rss=1722MB hwm=1722MB
RSS_SAMPLE t=255.2s rss=1722MB hwm=1722MB
RSS_SAMPLE t=255.5s rss=1723MB hwm=1723MB
RSS_SAMPLE t=255.8s rss=1723MB hwm=1723MB
RSS_SAMPLE t=256.0s rss=1723MB hwm=1723MB
RSS_SAMPLE t=256.3s rss=1724MB hwm=1724MB
RSS_SAMPLE t=256.5s rss=1724MB hwm=1724MB
RSS_SAMPLE t=256.8s rss=1724MB hwm=1724MB
RSS_SAMPLE t=257.0s rss=1725MB hwm=1725MB
RSS_SAMPLE t=257.3s rss=1725MB hwm=1725MB
RSS_SAMPLE t=257.5s rss=1725MB hwm=1725MB
RSS_SAMPLE t=257.8s rss=1725MB hwm=1725MB
RSS_SAMPLE t=258.0s rss=1726MB hwm=1726MB
RSS_SAMPLE t=258.3s rss=1726MB hwm=1726MB
RSS_SAMPLE t=258.5s rss=1726MB hwm=1726MB
RSS_SAMPLE t=258.8s rss=1727MB hwm=1727MB
RSS_SAMPLE t=259.0s rss=1727MB hwm=1727MB
RSS_SAMPLE t=259.3s rss=1727MB hwm=1727MB
RSS_SAMPLE t=259.5s rss=1728MB hwm=1728MB
RSS_SAMPLE t=259.8s rss=1728MB hwm=1728MB
RSS_SAMPLE t=260.0s rss=1728MB hwm=1728MB
RSS_SAMPLE t=260.3s rss=1728MB hwm=1728MB
RSS_SAMPLE t=260.5s rss=1728MB hwm=1728MB
RSS_SAMPLE t=260.8s rss=1729MB hwm=1729MB
RSS_SAMPLE t=261.0s rss=1729MB hwm=1729MB
RSS_SAMPLE t=261.3s rss=1729MB hwm=1729MB
RSS_SAMPLE t=261.5s rss=1730MB hwm=1730MB
RSS_SAMPLE t=261.8s rss=1730MB hwm=1730MB
RSS_SAMPLE t=262.0s rss=1730MB hwm=1730MB
RSS_SAMPLE t=262.3s rss=1730MB hwm=1730MB
RSS_SAMPLE t=262.5s rss=1730MB hwm=1730MB
RSS_SAMPLE t=262.8s rss=1731MB hwm=1731MB
RSS_SAMPLE t=263.0s rss=1731MB hwm=1731MB
RSS_SAMPLE t=263.3s rss=1731MB hwm=1731MB
RSS_SAMPLE t=263.5s rss=1731MB hwm=1731MB
RSS_SAMPLE t=263.8s rss=1732MB hwm=1732MB
RSS_SAMPLE t=264.0s rss=1732MB hwm=1732MB
RSS_SAMPLE t=264.3s rss=1732MB hwm=1732MB
RSS_SAMPLE t=264.5s rss=1733MB hwm=1733MB
RSS_SAMPLE t=264.8s rss=1733MB hwm=1733MB
RSS_SAMPLE t=265.0s rss=1733MB hwm=1733MB
RSS_SAMPLE t=265.3s rss=1734MB hwm=1734MB
RSS_SAMPLE t=265.5s rss=1734MB hwm=1734MB
RSS_SAMPLE t=265.8s rss=1734MB hwm=1734MB
RSS_SAMPLE t=266.0s rss=1734MB hwm=1734MB
RSS_SAMPLE t=266.3s rss=1735MB hwm=1735MB
RSS_SAMPLE t=266.5s rss=1735MB hwm=1735MB
RSS_SAMPLE t=266.8s rss=1735MB hwm=1735MB
RSS_SAMPLE t=267.0s rss=1736MB hwm=1736MB
RSS_SAMPLE t=267.3s rss=1736MB hwm=1736MB
RSS_SAMPLE t=267.5s rss=1736MB hwm=1736MB
RSS_SAMPLE t=267.8s rss=1737MB hwm=1737MB
RSS_SAMPLE t=268.0s rss=1737MB hwm=1737MB
RSS_SAMPLE t=268.3s rss=1738MB hwm=1738MB
RSS_SAMPLE t=268.5s rss=1738MB hwm=1738MB
RSS_SAMPLE t=268.8s rss=1738MB hwm=1738MB
RSS_SAMPLE t=269.0s rss=1738MB hwm=1738MB
RSS_SAMPLE t=269.3s rss=1739MB hwm=1739MB
RSS_SAMPLE t=269.5s rss=1739MB hwm=1739MB
RSS_SAMPLE t=269.8s rss=1739MB hwm=1739MB
RSS_SAMPLE t=270.0s rss=1739MB hwm=1739MB
RSS_SAMPLE t=270.3s rss=1740MB hwm=1740MB
RSS_SAMPLE t=270.5s rss=1740MB hwm=1740MB
RSS_SAMPLE t=270.8s rss=1740MB hwm=1740MB
RSS_SAMPLE t=271.0s rss=1741MB hwm=1741MB
RSS_SAMPLE t=271.3s rss=1741MB hwm=1741MB
RSS_SAMPLE t=271.5s rss=1741MB hwm=1741MB
RSS_SAMPLE t=271.8s rss=1741MB hwm=1741MB
RSS_SAMPLE t=272.0s rss=1741MB hwm=1741MB
RSS_SAMPLE t=272.3s rss=1741MB hwm=1741MB
RSS_SAMPLE t=272.5s rss=1741MB hwm=1741MB
RSS_SAMPLE t=272.8s rss=1742MB hwm=1742MB
RSS_SAMPLE t=273.0s rss=1742MB hwm=1742MB
RSS_SAMPLE t=273.3s rss=1742MB hwm=1742MB
RSS_SAMPLE t=273.5s rss=1742MB hwm=1742MB
RSS_SAMPLE t=273.8s rss=1742MB hwm=1742MB
RSS_SAMPLE t=274.0s rss=1742MB hwm=1742MB
RSS_SAMPLE t=274.3s rss=1743MB hwm=1743MB
RSS_SAMPLE t=274.5s rss=1743MB hwm=1743MB
RSS_SAMPLE t=274.8s rss=1743MB hwm=1743MB
RSS_SAMPLE t=275.0s rss=1743MB hwm=1743MB
RSS_SAMPLE t=275.3s rss=1744MB hwm=1744MB
RSS_SAMPLE t=275.5s rss=1744MB hwm=1744MB
RSS_SAMPLE t=275.8s rss=1744MB hwm=1744MB
RSS_SAMPLE t=276.0s rss=1744MB hwm=1744MB
RSS_SAMPLE t=276.3s rss=1744MB hwm=1744MB
RSS_SAMPLE t=276.5s rss=1744MB hwm=1744MB
RSS_SAMPLE t=276.8s rss=1744MB hwm=1744MB
RSS_SAMPLE t=277.0s rss=1745MB hwm=1745MB
RSS_SAMPLE t=277.3s rss=1745MB hwm=1745MB
RSS_SAMPLE t=277.5s rss=1745MB hwm=1745MB
RSS_SAMPLE t=277.8s rss=1745MB hwm=1745MB
RSS_SAMPLE t=278.0s rss=1746MB hwm=1746MB
RSS_SAMPLE t=278.3s rss=1746MB hwm=1746MB
RSS_SAMPLE t=278.5s rss=1746MB hwm=1746MB
RSS_SAMPLE t=278.8s rss=1746MB hwm=1746MB
RSS_SAMPLE t=279.0s rss=1746MB hwm=1746MB
RSS_SAMPLE t=279.3s rss=1747MB hwm=1747MB
RSS_SAMPLE t=279.5s rss=1747MB hwm=1747MB
RSS_SAMPLE t=279.8s rss=1747MB hwm=1747MB
RSS_SAMPLE t=280.0s rss=1747MB hwm=1747MB
RSS_SAMPLE t=280.3s rss=1748MB hwm=1748MB
RSS_SAMPLE t=280.5s rss=1748MB hwm=1748MB
RSS_SAMPLE t=280.8s rss=1748MB hwm=1748MB
RSS_SAMPLE t=281.0s rss=1749MB hwm=1749MB
RSS_SAMPLE t=281.3s rss=1749MB hwm=1749MB
RSS_SAMPLE t=281.5s rss=1750MB hwm=1750MB
RSS_SAMPLE t=281.8s rss=1750MB hwm=1750MB
RSS_SAMPLE t=282.0s rss=1750MB hwm=1750MB
RSS_SAMPLE t=282.3s rss=1750MB hwm=1750MB
RSS_SAMPLE t=282.5s rss=1750MB hwm=1750MB
RSS_SAMPLE t=282.8s rss=1750MB hwm=1750MB
RSS_SAMPLE t=283.0s rss=1750MB hwm=1750MB
RSS_SAMPLE t=283.3s rss=1750MB hwm=1750MB
RSS_SAMPLE t=283.5s rss=1751MB hwm=1751MB
RSS_SAMPLE t=283.8s rss=1751MB hwm=1751MB
RSS_SAMPLE t=284.0s rss=1751MB hwm=1751MB
RSS_SAMPLE t=284.3s rss=1751MB hwm=1751MB
RSS_SAMPLE t=284.5s rss=1751MB hwm=1751MB
RSS_SAMPLE t=284.8s rss=1751MB hwm=1751MB
RSS_SAMPLE t=285.0s rss=1752MB hwm=1752MB
RSS_SAMPLE t=285.3s rss=1752MB hwm=1752MB
RSS_SAMPLE t=285.5s rss=1752MB hwm=1752MB
RSS_SAMPLE t=285.8s rss=1752MB hwm=1752MB
RSS_SAMPLE t=286.0s rss=1753MB hwm=1753MB
RSS_SAMPLE t=286.3s rss=1753MB hwm=1753MB
RSS_SAMPLE t=286.5s rss=1753MB hwm=1753MB
RSS_SAMPLE t=286.8s rss=1753MB hwm=1753MB
RSS_SAMPLE t=287.0s rss=1753MB hwm=1753MB
RSS_SAMPLE t=287.3s rss=1753MB hwm=1753MB
RSS_SAMPLE t=287.5s rss=1753MB hwm=1753MB
RSS_SAMPLE t=287.8s rss=1753MB hwm=1753MB
RSS_SAMPLE t=288.0s rss=1754MB hwm=1754MB
RSS_SAMPLE t=288.3s rss=1754MB hwm=1754MB
RSS_SAMPLE t=288.5s rss=1754MB hwm=1754MB
RSS_SAMPLE t=288.8s rss=1754MB hwm=1754MB
RSS_SAMPLE t=289.0s rss=1754MB hwm=1754MB
RSS_SAMPLE t=289.3s rss=1754MB hwm=1754MB
RSS_SAMPLE t=289.5s rss=1755MB hwm=1755MB
RSS_SAMPLE t=289.8s rss=1755MB hwm=1755MB
RSS_SAMPLE t=290.0s rss=1755MB hwm=1755MB
RSS_SAMPLE t=290.3s rss=1755MB hwm=1755MB
RSS_SAMPLE t=290.5s rss=1755MB hwm=1755MB
RSS_SAMPLE t=290.8s rss=1755MB hwm=1755MB
RSS_SAMPLE t=291.0s rss=1756MB hwm=1756MB
RSS_SAMPLE t=291.3s rss=1756MB hwm=1756MB
RSS_SAMPLE t=291.5s rss=1756MB hwm=1756MB
RSS_SAMPLE t=291.8s rss=1756MB hwm=1756MB
RSS_SAMPLE t=292.0s rss=1756MB hwm=1756MB
RSS_SAMPLE t=292.3s rss=1756MB hwm=1756MB
RSS_SAMPLE t=292.5s rss=1756MB hwm=1756MB
RSS_SAMPLE t=292.8s rss=1756MB hwm=1756MB
RSS_SAMPLE t=293.0s rss=1757MB hwm=1757MB
RSS_SAMPLE t=293.3s rss=1757MB hwm=1757MB
RSS_SAMPLE t=293.5s rss=1757MB hwm=1757MB
RSS_SAMPLE t=293.8s rss=1757MB hwm=1757MB
RSS_SAMPLE t=294.0s rss=1757MB hwm=1757MB
RSS_SAMPLE t=294.3s rss=1757MB hwm=1757MB
RSS_SAMPLE t=294.5s rss=1758MB hwm=1758MB
RSS_SAMPLE t=294.8s rss=1758MB hwm=1758MB
RSS_SAMPLE t=295.0s rss=1758MB hwm=1758MB
RSS_SAMPLE t=295.3s rss=1758MB hwm=1758MB
RSS_SAMPLE t=295.6s rss=1758MB hwm=1758MB
RSS_SAMPLE t=295.8s rss=1758MB hwm=1758MB
RSS_SAMPLE t=296.1s rss=1758MB hwm=1758MB
RSS_SAMPLE t=296.3s rss=1758MB hwm=1758MB
RSS_SAMPLE t=296.6s rss=1759MB hwm=1759MB
RSS_SAMPLE t=296.8s rss=1759MB hwm=1759MB
RSS_SAMPLE t=297.1s rss=1759MB hwm=1759MB
RSS_SAMPLE t=297.3s rss=1759MB hwm=1759MB
RSS_SAMPLE t=297.6s rss=1759MB hwm=1759MB
RSS_SAMPLE t=297.8s rss=1759MB hwm=1759MB
RSS_SAMPLE t=298.1s rss=1759MB hwm=1759MB
RSS_SAMPLE t=298.3s rss=1760MB hwm=1760MB
RSS_SAMPLE t=298.6s rss=1760MB hwm=1760MB
RSS_SAMPLE t=298.8s rss=1760MB hwm=1760MB
RSS_SAMPLE t=299.1s rss=1760MB hwm=1760MB
RSS_SAMPLE t=299.3s rss=1760MB hwm=1760MB
RSS_SAMPLE t=299.6s rss=1760MB hwm=1760MB
RSS_SAMPLE t=299.8s rss=1760MB hwm=1760MB
RSS_SAMPLE t=300.1s rss=1760MB hwm=1760MB
RSS_SAMPLE t=300.3s rss=1760MB hwm=1760MB
RSS_SAMPLE t=300.6s rss=1761MB hwm=1761MB
RSS_SAMPLE t=300.8s rss=1761MB hwm=1761MB
RSS_SAMPLE t=301.1s rss=1761MB hwm=1761MB
RSS_SAMPLE t=301.3s rss=1761MB hwm=1761MB
RSS_SAMPLE t=301.6s rss=1761MB hwm=1761MB
RSS_SAMPLE t=301.8s rss=1761MB hwm=1761MB
RSS_SAMPLE t=302.1s rss=1761MB hwm=1761MB
RSS_SAMPLE t=302.3s rss=1761MB hwm=1761MB
RSS_SAMPLE t=302.6s rss=1761MB hwm=1761MB
RSS_SAMPLE t=302.8s rss=1762MB hwm=1762MB
RSS_SAMPLE t=303.1s rss=1762MB hwm=1762MB
RSS_SAMPLE t=303.3s rss=1762MB hwm=1762MB
RSS_SAMPLE t=303.6s rss=1762MB hwm=1762MB
RSS_SAMPLE t=303.8s rss=1762MB hwm=1762MB
RSS_SAMPLE t=304.1s rss=1762MB hwm=1762MB
RSS_SAMPLE t=304.3s rss=1762MB hwm=1762MB
RSS_SAMPLE t=304.6s rss=1762MB hwm=1762MB
RSS_SAMPLE t=304.8s rss=1762MB hwm=1762MB
RSS_SAMPLE t=305.1s rss=1762MB hwm=1762MB
RSS_SAMPLE t=305.3s rss=1762MB hwm=1762MB
RSS_SAMPLE t=305.6s rss=1762MB hwm=1762MB
RSS_SAMPLE t=305.8s rss=1762MB hwm=1762MB
RSS_SAMPLE t=306.1s rss=1763MB hwm=1763MB
RSS_SAMPLE t=306.3s rss=1763MB hwm=1763MB
RSS_SAMPLE t=306.6s rss=1763MB hwm=1763MB
RSS_SAMPLE t=306.8s rss=1763MB hwm=1763MB
RSS_SAMPLE t=307.1s rss=1763MB hwm=1763MB
RSS_SAMPLE t=307.3s rss=1763MB hwm=1763MB
RSS_SAMPLE t=307.6s rss=1763MB hwm=1763MB
RSS_SAMPLE t=307.8s rss=1763MB hwm=1763MB
RSS_SAMPLE t=308.1s rss=1763MB hwm=1763MB
RSS_SAMPLE t=308.3s rss=1763MB hwm=1763MB
RSS_SAMPLE t=308.6s rss=1763MB hwm=1763MB
RSS_SAMPLE t=308.8s rss=1763MB hwm=1763MB
RSS_SAMPLE t=309.1s rss=1764MB hwm=1764MB
RSS_SAMPLE t=309.3s rss=1764MB hwm=1764MB
RSS_SAMPLE t=309.6s rss=1764MB hwm=1764MB
RSS_SAMPLE t=309.8s rss=1764MB hwm=1764MB
RSS_SAMPLE t=310.1s rss=1764MB hwm=1764MB
RSS_SAMPLE t=310.3s rss=1764MB hwm=1764MB
RSS_SAMPLE t=310.6s rss=1764MB hwm=1764MB
RSS_SAMPLE t=310.8s rss=1764MB hwm=1764MB
RSS_SAMPLE t=311.1s rss=1764MB hwm=1764MB
RSS_SAMPLE t=311.3s rss=1764MB hwm=1764MB
RSS_SAMPLE t=311.6s rss=1764MB hwm=1764MB
RSS_SAMPLE t=311.8s rss=1764MB hwm=1764MB
RSS_SAMPLE t=312.1s rss=1764MB hwm=1764MB
RSS_SAMPLE t=312.3s rss=1764MB hwm=1764MB
RSS_SAMPLE t=312.6s rss=1765MB hwm=1765MB
RSS_SAMPLE t=312.8s rss=1765MB hwm=1765MB
RSS_SAMPLE t=313.1s rss=1765MB hwm=1765MB
RSS_SAMPLE t=313.3s rss=1765MB hwm=1765MB
RSS_SAMPLE t=313.6s rss=1765MB hwm=1765MB
RSS_SAMPLE t=313.8s rss=1765MB hwm=1765MB
RSS_SAMPLE t=314.1s rss=1765MB hwm=1765MB
RSS_SAMPLE t=314.3s rss=1765MB hwm=1765MB
RSS_SAMPLE t=314.6s rss=1765MB hwm=1765MB
RSS_SAMPLE t=314.8s rss=1766MB hwm=1766MB
RSS_SAMPLE t=315.1s rss=1766MB hwm=1766MB
RSS_SAMPLE t=315.3s rss=1766MB hwm=1766MB
RSS_SAMPLE t=315.6s rss=1766MB hwm=1766MB
RSS_SAMPLE t=315.8s rss=1766MB hwm=1766MB
RSS_SAMPLE t=316.1s rss=1766MB hwm=1766MB
RSS_SAMPLE t=316.3s rss=1766MB hwm=1766MB
RSS_SAMPLE t=316.6s rss=1766MB hwm=1766MB
RSS_SAMPLE t=316.8s rss=1766MB hwm=1766MB
RSS_SAMPLE t=317.1s rss=1766MB hwm=1766MB
RSS_SAMPLE t=317.3s rss=1767MB hwm=1767MB
RSS_SAMPLE t=317.6s rss=1767MB hwm=1767MB
RSS_SAMPLE t=317.8s rss=1767MB hwm=1767MB
RSS_SAMPLE t=318.1s rss=1767MB hwm=1767MB
RSS_SAMPLE t=318.3s rss=1767MB hwm=1767MB
RSS_SAMPLE t=318.6s rss=1767MB hwm=1767MB
RSS_SAMPLE t=318.8s rss=1767MB hwm=1767MB
RSS_SAMPLE t=319.1s rss=1767MB hwm=1767MB
RSS_SAMPLE t=319.3s rss=1768MB hwm=1768MB
RSS_SAMPLE t=319.6s rss=1768MB hwm=1768MB
RSS_SAMPLE t=319.8s rss=1768MB hwm=1768MB
RSS_SAMPLE t=320.1s rss=1768MB hwm=1768MB
RSS_SAMPLE t=320.3s rss=1768MB hwm=1768MB
RSS_SAMPLE t=320.6s rss=1768MB hwm=1768MB
RSS_SAMPLE t=320.8s rss=1768MB hwm=1768MB
RSS_SAMPLE t=321.1s rss=1768MB hwm=1768MB
RSS_SAMPLE t=321.3s rss=1768MB hwm=1768MB
RSS_SAMPLE t=321.6s rss=1768MB hwm=1768MB
RSS_SAMPLE t=321.8s rss=1768MB hwm=1768MB
RSS_SAMPLE t=322.1s rss=1769MB hwm=1769MB
RSS_SAMPLE t=322.3s rss=1769MB hwm=1769MB
RSS_SAMPLE t=322.6s rss=1769MB hwm=1769MB
RSS_SAMPLE t=322.8s rss=1769MB hwm=1769MB
RSS_SAMPLE t=323.1s rss=1769MB hwm=1769MB
RSS_SAMPLE t=323.3s rss=1769MB hwm=1769MB
RSS_SAMPLE t=323.6s rss=1769MB hwm=1769MB
RSS_SAMPLE t=323.8s rss=1769MB hwm=1769MB
RSS_SAMPLE t=324.1s rss=1769MB hwm=1769MB
RSS_SAMPLE t=324.3s rss=1770MB hwm=1770MB
RSS_SAMPLE t=324.6s rss=1770MB hwm=1770MB
RSS_SAMPLE t=324.8s rss=1770MB hwm=1770MB
RSS_SAMPLE t=325.1s rss=1770MB hwm=1770MB
RSS_SAMPLE t=325.3s rss=1770MB hwm=1770MB
RSS_SAMPLE t=325.6s rss=1770MB hwm=1770MB
RSS_SAMPLE t=325.8s rss=1770MB hwm=1770MB
RSS_SAMPLE t=326.1s rss=1770MB hwm=1770MB
RSS_SAMPLE t=326.3s rss=1771MB hwm=1771MB
RSS_SAMPLE t=326.6s rss=1771MB hwm=1771MB
RSS_SAMPLE t=326.8s rss=1771MB hwm=1771MB
RSS_SAMPLE t=327.1s rss=1771MB hwm=1771MB
RSS_SAMPLE t=327.3s rss=1771MB hwm=1771MB
RSS_SAMPLE t=327.6s rss=1771MB hwm=1771MB
RSS_SAMPLE t=327.8s rss=1771MB hwm=1771MB
RSS_SAMPLE t=328.1s rss=1772MB hwm=1772MB
RSS_SAMPLE t=328.3s rss=1772MB hwm=1772MB
RSS_SAMPLE t=328.6s rss=1772MB hwm=1772MB
RSS_SAMPLE t=328.8s rss=1772MB hwm=1772MB
RSS_SAMPLE t=329.1s rss=1773MB hwm=1773MB
RSS_SAMPLE t=329.3s rss=1773MB hwm=1773MB
RSS_SAMPLE t=329.6s rss=1773MB hwm=1773MB
RSS_SAMPLE t=329.8s rss=1773MB hwm=1773MB
RSS_SAMPLE t=330.1s rss=1774MB hwm=1774MB
RSS_SAMPLE t=330.3s rss=1774MB hwm=1774MB
RSS_SAMPLE t=330.6s rss=1774MB hwm=1774MB
RSS_SAMPLE t=330.8s rss=1775MB hwm=1775MB
RSS_SAMPLE t=331.1s rss=1775MB hwm=1775MB
RSS_SAMPLE t=331.3s rss=1776MB hwm=1776MB
RSS_SAMPLE t=331.6s rss=1776MB hwm=1776MB
RSS_SAMPLE t=331.8s rss=1777MB hwm=1777MB
RSS_SAMPLE t=332.1s rss=1778MB hwm=1778MB
RSS_SAMPLE t=332.3s rss=1778MB hwm=1778MB
RSS_SAMPLE t=332.6s rss=1778MB hwm=1778MB
RSS_SAMPLE t=332.8s rss=1778MB hwm=1778MB
RSS_SAMPLE t=333.1s rss=1779MB hwm=1779MB
RSS_SAMPLE t=333.3s rss=1779MB hwm=1779MB
RSS_SAMPLE t=333.6s rss=1779MB hwm=1779MB
RSS_SAMPLE t=333.8s rss=1780MB hwm=1780MB
RSS_SAMPLE t=334.1s rss=1780MB hwm=1780MB
RSS_SAMPLE t=334.3s rss=1780MB hwm=1780MB
RSS_SAMPLE t=334.6s rss=1781MB hwm=1781MB
RSS_SAMPLE t=334.8s rss=1781MB hwm=1781MB
RSS_SAMPLE t=335.1s rss=1782MB hwm=1782MB
RSS_SAMPLE t=335.3s rss=1782MB hwm=1782MB
RSS_SAMPLE t=335.6s rss=1782MB hwm=1782MB
RSS_SAMPLE t=335.8s rss=1782MB hwm=1782MB
RSS_SAMPLE t=336.1s rss=1783MB hwm=1783MB
RSS_SAMPLE t=336.3s rss=1783MB hwm=1783MB
RSS_SAMPLE t=336.6s rss=1783MB hwm=1783MB
RSS_SAMPLE t=336.8s rss=1783MB hwm=1783MB
RSS_SAMPLE t=337.1s rss=1784MB hwm=1784MB
RSS_SAMPLE t=337.3s rss=1784MB hwm=1784MB
RSS_SAMPLE t=337.6s rss=1784MB hwm=1784MB
RSS_SAMPLE t=337.8s rss=1785MB hwm=1785MB
RSS_SAMPLE t=338.1s rss=1785MB hwm=1785MB
RSS_SAMPLE t=338.3s rss=1786MB hwm=1786MB
RSS_SAMPLE t=338.6s rss=1786MB hwm=1786MB
RSS_SAMPLE t=338.8s rss=1786MB hwm=1786MB
RSS_SAMPLE t=339.1s rss=1786MB hwm=1786MB
RSS_SAMPLE t=339.4s rss=1787MB hwm=1787MB
RSS_SAMPLE t=339.6s rss=1787MB hwm=1787MB
RSS_SAMPLE t=339.9s rss=1787MB hwm=1787MB
RSS_SAMPLE t=340.1s rss=1788MB hwm=1788MB
RSS_SAMPLE t=340.4s rss=1788MB hwm=1788MB
RSS_SAMPLE t=340.6s rss=1788MB hwm=1788MB
RSS_SAMPLE t=340.9s rss=1788MB hwm=1788MB
RSS_SAMPLE t=341.1s rss=1789MB hwm=1789MB
RSS_SAMPLE t=341.4s rss=1789MB hwm=1789MB
RSS_SAMPLE t=341.6s rss=1789MB hwm=1789MB
RSS_SAMPLE t=341.9s rss=1789MB hwm=1789MB
RSS_SAMPLE t=342.1s rss=1790MB hwm=1790MB
RSS_SAMPLE t=342.4s rss=1790MB hwm=1790MB
RSS_SAMPLE t=342.6s rss=1790MB hwm=1790MB
RSS_SAMPLE t=342.9s rss=1791MB hwm=1791MB
RSS_SAMPLE t=343.1s rss=1791MB hwm=1791MB
RSS_SAMPLE t=343.4s rss=1791MB hwm=1791MB
RSS_SAMPLE t=343.6s rss=1792MB hwm=1792MB
RSS_SAMPLE t=343.9s rss=1792MB hwm=1792MB
RSS_SAMPLE t=344.1s rss=1792MB hwm=1792MB
RSS_SAMPLE t=344.4s rss=1792MB hwm=1792MB
RSS_SAMPLE t=344.6s rss=1793MB hwm=1793MB
RSS_SAMPLE t=344.9s rss=1793MB hwm=1793MB
RSS_SAMPLE t=345.1s rss=1793MB hwm=1793MB
RSS_SAMPLE t=345.4s rss=1794MB hwm=1794MB
RSS_SAMPLE t=345.6s rss=1794MB hwm=1794MB
RSS_SAMPLE t=345.9s rss=1794MB hwm=1794MB
RSS_SAMPLE t=346.1s rss=1795MB hwm=1795MB
RSS_SAMPLE t=346.4s rss=1795MB hwm=1795MB
RSS_SAMPLE t=346.6s rss=1795MB hwm=1795MB
RSS_SAMPLE t=346.9s rss=1796MB hwm=1796MB
RSS_SAMPLE t=347.1s rss=1796MB hwm=1796MB
RSS_SAMPLE t=347.4s rss=1796MB hwm=1796MB
    rss_probe[outer=0]: pre_refresh_rss=1073MB post_pre_solve_rss=1797MB cache_entries=42424857 cache_cap=69325648 cache_est_mb=600
    pre_solve_diag[outer=0]: solves=105117 fallback=0 (0.0%) cap_armed=105117 (100.0%) settle_avg=10344 settle_max=69353 init_count=29
  Cell placement by tile type (iter 0, 76660 cells):
    NULL: 31596
    CLB: 27114
    IOB_W: 15019
    CLK_BUFG: 2320
    BRAM: 351
    DSP: 182
    IOB_E: 78
    Overflow: over=0 (0.0% of used) avg_excess=0.00 max_excess=0.00 (nc=0.00 cap=0 span=0)  excess_buckets: <=1=0 1-5=0 5-20=0 >20=0  by_cap: cap1=0 cap2=0 cap3-5=0 cap>5=0  by_span: s1=0 s2-3=0 s4-6=0 s7-12=0 s>12=0  le1_cross: cap1=0 cap2-5=0 cap>5=0
    Congestion: pipes=2562403 used=0 congested(>50%)=0 saturated(>90%)=0 max_util=0.00 avg_util=0.0000
PHASE_MARK outer=0 enter=dcd_sweep rss=1797MB
RSS_SAMPLE t=347.6s rss=1797MB hwm=1797MB
RSS_SAMPLE t=347.9s rss=1797MB hwm=1797MB
RSS_SAMPLE t=348.1s rss=1797MB hwm=1797MB
RSS_SAMPLE t=348.4s rss=1797MB hwm=1797MB
RSS_SAMPLE t=348.6s rss=1797MB hwm=1797MB
RSS_SAMPLE t=348.9s rss=1798MB hwm=1798MB
RSS_SAMPLE t=349.1s rss=1798MB hwm=1798MB
RSS_SAMPLE t=349.4s rss=1798MB hwm=1798MB
RSS_SAMPLE t=349.6s rss=1798MB hwm=1798MB
RSS_SAMPLE t=349.9s rss=1798MB hwm=1798MB
RSS_SAMPLE t=350.1s rss=1798MB hwm=1798MB
RSS_SAMPLE t=350.4s rss=1799MB hwm=1799MB
RSS_SAMPLE t=350.6s rss=1799MB hwm=1799MB
RSS_SAMPLE t=350.9s rss=1799MB hwm=1799MB
RSS_SAMPLE t=351.1s rss=1799MB hwm=1799MB
RSS_SAMPLE t=351.4s rss=1799MB hwm=1799MB
RSS_SAMPLE t=351.6s rss=1799MB hwm=1799MB
RSS_SAMPLE t=351.9s rss=1800MB hwm=1800MB
RSS_SAMPLE t=352.1s rss=1800MB hwm=1800MB
RSS_SAMPLE t=352.4s rss=1800MB hwm=1800MB
RSS_SAMPLE t=352.6s rss=1800MB hwm=1800MB
RSS_SAMPLE t=352.9s rss=1800MB hwm=1800MB
RSS_SAMPLE t=353.1s rss=1800MB hwm=1800MB
RSS_SAMPLE t=353.4s rss=1801MB hwm=1801MB
RSS_SAMPLE t=353.6s rss=1801MB hwm=1801MB
RSS_SAMPLE t=353.9s rss=1801MB hwm=1801MB
RSS_SAMPLE t=354.1s rss=1801MB hwm=1801MB
RSS_SAMPLE t=354.4s rss=1801MB hwm=1801MB
RSS_SAMPLE t=354.6s rss=1801MB hwm=1801MB
PHASE_MARK outer=0 leave=dcd_sweep rss=1802MB
PHASE_MARK outer=0 enter=post_refresh rss=1802MB
RSS_SAMPLE t=354.9s rss=1831MB hwm=1831MB
RSS_SAMPLE t=355.1s rss=1831MB hwm=1831MB
RSS_SAMPLE t=355.4s rss=1831MB hwm=1831MB
RSS_SAMPLE t=355.6s rss=1831MB hwm=1831MB
RSS_SAMPLE t=355.9s rss=1831MB hwm=1831MB
RSS_SAMPLE t=356.1s rss=1831MB hwm=1831MB
RSS_SAMPLE t=356.4s rss=1831MB hwm=1831MB
RSS_SAMPLE t=356.6s rss=1831MB hwm=1831MB
RSS_SAMPLE t=356.9s rss=1831MB hwm=1831MB
RSS_SAMPLE t=357.1s rss=1831MB hwm=1831MB
RSS_SAMPLE t=357.4s rss=2025MB hwm=2025MB
RSS_SAMPLE t=357.6s rss=2051MB hwm=2051MB
RSS_SAMPLE t=357.9s rss=2066MB hwm=2066MB
RSS_SAMPLE t=358.1s rss=2070MB hwm=2070MB
RSS_SAMPLE t=358.4s rss=2070MB hwm=2070MB
RSS_SAMPLE t=358.6s rss=2070MB hwm=2070MB
RSS_SAMPLE t=358.9s rss=2074MB hwm=2074MB
RSS_SAMPLE t=359.1s rss=2074MB hwm=2074MB
RSS_SAMPLE t=359.4s rss=2074MB hwm=2074MB
RSS_SAMPLE t=359.6s rss=2077MB hwm=2077MB
RSS_SAMPLE t=359.9s rss=2077MB hwm=2077MB
RSS_SAMPLE t=360.1s rss=2077MB hwm=2077MB
RSS_SAMPLE t=360.4s rss=2078MB hwm=2078MB
RSS_SAMPLE t=360.6s rss=2078MB hwm=2078MB
RSS_SAMPLE t=360.9s rss=2078MB hwm=2078MB
RSS_SAMPLE t=361.1s rss=2078MB hwm=2078MB
RSS_SAMPLE t=361.4s rss=2078MB hwm=2078MB
RSS_SAMPLE t=361.6s rss=2080MB hwm=2080MB
RSS_SAMPLE t=361.9s rss=2081MB hwm=2081MB
RSS_SAMPLE t=362.1s rss=2081MB hwm=2081MB
RSS_SAMPLE t=362.4s rss=2081MB hwm=2081MB
RSS_SAMPLE t=362.6s rss=2081MB hwm=2081MB
RSS_SAMPLE t=362.9s rss=2081MB hwm=2081MB
RSS_SAMPLE t=363.1s rss=2082MB hwm=2082MB
RSS_SAMPLE t=363.4s rss=2082MB hwm=2082MB
RSS_SAMPLE t=363.6s rss=2082MB hwm=2082MB
RSS_SAMPLE t=363.9s rss=2082MB hwm=2082MB
RSS_SAMPLE t=364.1s rss=2082MB hwm=2082MB
RSS_SAMPLE t=364.4s rss=2082MB hwm=2082MB
RSS_SAMPLE t=364.6s rss=2082MB hwm=2082MB
RSS_SAMPLE t=364.9s rss=2083MB hwm=2083MB
RSS_SAMPLE t=365.1s rss=2083MB hwm=2083MB
RSS_SAMPLE t=365.4s rss=2083MB hwm=2083MB
RSS_SAMPLE t=365.6s rss=2084MB hwm=2084MB
RSS_SAMPLE t=365.9s rss=2084MB hwm=2084MB
RSS_SAMPLE t=366.1s rss=2084MB hwm=2084MB
RSS_SAMPLE t=366.4s rss=2084MB hwm=2084MB
RSS_SAMPLE t=366.6s rss=2084MB hwm=2084MB
RSS_SAMPLE t=366.9s rss=2085MB hwm=2085MB
RSS_SAMPLE t=367.1s rss=2085MB hwm=2085MB
RSS_SAMPLE t=367.4s rss=2086MB hwm=2086MB
RSS_SAMPLE t=367.6s rss=2086MB hwm=2086MB
RSS_SAMPLE t=367.9s rss=2087MB hwm=2087MB
RSS_SAMPLE t=368.1s rss=2087MB hwm=2087MB
RSS_SAMPLE t=368.4s rss=2087MB hwm=2087MB
RSS_SAMPLE t=368.6s rss=2087MB hwm=2087MB
RSS_SAMPLE t=368.9s rss=2087MB hwm=2087MB
RSS_SAMPLE t=369.1s rss=2088MB hwm=2088MB
RSS_SAMPLE t=369.4s rss=2088MB hwm=2088MB
RSS_SAMPLE t=369.6s rss=2088MB hwm=2088MB
RSS_SAMPLE t=369.9s rss=2088MB hwm=2088MB
RSS_SAMPLE t=370.1s rss=2089MB hwm=2089MB
RSS_SAMPLE t=370.4s rss=2089MB hwm=2089MB
RSS_SAMPLE t=370.6s rss=2089MB hwm=2089MB
RSS_SAMPLE t=370.9s rss=2089MB hwm=2089MB
RSS_SAMPLE t=371.1s rss=2089MB hwm=2089MB
RSS_SAMPLE t=371.4s rss=2089MB hwm=2089MB
RSS_SAMPLE t=371.6s rss=2089MB hwm=2089MB
RSS_SAMPLE t=371.9s rss=2089MB hwm=2089MB
RSS_SAMPLE t=372.1s rss=2089MB hwm=2089MB
RSS_SAMPLE t=372.4s rss=2089MB hwm=2089MB
RSS_SAMPLE t=372.6s rss=2089MB hwm=2089MB
RSS_SAMPLE t=372.9s rss=2089MB hwm=2089MB
RSS_SAMPLE t=373.1s rss=2089MB hwm=2089MB
RSS_SAMPLE t=373.4s rss=2089MB hwm=2089MB
RSS_SAMPLE t=373.6s rss=2089MB hwm=2089MB
RSS_SAMPLE t=373.9s rss=2089MB hwm=2089MB
RSS_SAMPLE t=374.1s rss=2089MB hwm=2089MB
RSS_SAMPLE t=374.4s rss=2090MB hwm=2090MB
RSS_SAMPLE t=374.6s rss=2090MB hwm=2090MB
RSS_SAMPLE t=374.9s rss=2090MB hwm=2090MB
RSS_SAMPLE t=375.1s rss=2090MB hwm=2090MB
RSS_SAMPLE t=375.4s rss=2090MB hwm=2090MB
RSS_SAMPLE t=375.6s rss=2090MB hwm=2090MB
RSS_SAMPLE t=375.9s rss=2091MB hwm=2091MB
RSS_SAMPLE t=376.1s rss=2091MB hwm=2091MB
RSS_SAMPLE t=376.4s rss=2091MB hwm=2091MB
RSS_SAMPLE t=376.6s rss=2091MB hwm=2091MB
RSS_SAMPLE t=376.9s rss=2092MB hwm=2092MB
RSS_SAMPLE t=377.1s rss=2092MB hwm=2092MB
RSS_SAMPLE t=377.4s rss=2092MB hwm=2092MB
RSS_SAMPLE t=377.6s rss=2092MB hwm=2092MB
RSS_SAMPLE t=377.9s rss=2092MB hwm=2092MB
RSS_SAMPLE t=378.1s rss=2093MB hwm=2093MB
RSS_SAMPLE t=378.4s rss=2093MB hwm=2093MB
RSS_SAMPLE t=378.6s rss=2093MB hwm=2093MB
RSS_SAMPLE t=378.9s rss=2094MB hwm=2094MB
RSS_SAMPLE t=379.1s rss=2094MB hwm=2094MB
RSS_SAMPLE t=379.4s rss=2094MB hwm=2094MB
RSS_SAMPLE t=379.6s rss=2094MB hwm=2094MB
RSS_SAMPLE t=379.9s rss=2094MB hwm=2094MB
RSS_SAMPLE t=380.1s rss=2095MB hwm=2095MB
RSS_SAMPLE t=380.4s rss=2095MB hwm=2095MB
RSS_SAMPLE t=380.6s rss=2096MB hwm=2096MB
RSS_SAMPLE t=380.9s rss=2096MB hwm=2096MB
RSS_SAMPLE t=381.1s rss=2097MB hwm=2097MB
RSS_SAMPLE t=381.4s rss=2097MB hwm=2097MB
RSS_SAMPLE t=381.6s rss=2097MB hwm=2097MB
RSS_SAMPLE t=381.9s rss=2097MB hwm=2097MB
RSS_SAMPLE t=382.1s rss=2097MB hwm=2097MB
RSS_SAMPLE t=382.4s rss=2097MB hwm=2097MB
RSS_SAMPLE t=382.6s rss=2097MB hwm=2097MB
RSS_SAMPLE t=382.9s rss=2097MB hwm=2097MB
RSS_SAMPLE t=383.1s rss=2097MB hwm=2097MB
RSS_SAMPLE t=383.4s rss=2098MB hwm=2098MB
RSS_SAMPLE t=383.6s rss=2098MB hwm=2098MB
RSS_SAMPLE t=383.9s rss=2098MB hwm=2098MB
RSS_SAMPLE t=384.1s rss=2098MB hwm=2098MB
RSS_SAMPLE t=384.4s rss=2098MB hwm=2098MB
RSS_SAMPLE t=384.6s rss=2099MB hwm=2099MB
RSS_SAMPLE t=384.9s rss=2099MB hwm=2099MB
RSS_SAMPLE t=385.1s rss=2099MB hwm=2099MB
RSS_SAMPLE t=385.4s rss=2099MB hwm=2099MB
RSS_SAMPLE t=385.6s rss=2099MB hwm=2099MB
RSS_SAMPLE t=385.9s rss=2099MB hwm=2099MB
RSS_SAMPLE t=386.1s rss=2099MB hwm=2099MB
RSS_SAMPLE t=386.4s rss=2099MB hwm=2099MB
RSS_SAMPLE t=386.6s rss=2099MB hwm=2099MB
RSS_SAMPLE t=386.9s rss=2100MB hwm=2100MB
RSS_SAMPLE t=387.1s rss=2100MB hwm=2100MB
RSS_SAMPLE t=387.4s rss=2100MB hwm=2100MB
RSS_SAMPLE t=387.6s rss=2100MB hwm=2100MB
RSS_SAMPLE t=387.9s rss=2100MB hwm=2100MB
RSS_SAMPLE t=388.1s rss=2100MB hwm=2100MB
RSS_SAMPLE t=388.4s rss=2100MB hwm=2100MB
RSS_SAMPLE t=388.6s rss=2100MB hwm=2100MB
RSS_SAMPLE t=388.9s rss=2100MB hwm=2100MB
RSS_SAMPLE t=389.1s rss=2100MB hwm=2100MB
RSS_SAMPLE t=389.4s rss=2100MB hwm=2100MB
RSS_SAMPLE t=389.7s rss=2101MB hwm=2101MB
RSS_SAMPLE t=389.9s rss=2101MB hwm=2101MB
RSS_SAMPLE t=390.2s rss=2101MB hwm=2101MB
RSS_SAMPLE t=390.4s rss=2101MB hwm=2101MB
RSS_SAMPLE t=390.7s rss=2101MB hwm=2101MB
RSS_SAMPLE t=390.9s rss=2101MB hwm=2101MB
RSS_SAMPLE t=391.2s rss=2102MB hwm=2102MB
RSS_SAMPLE t=391.4s rss=2102MB hwm=2102MB
RSS_SAMPLE t=391.7s rss=2102MB hwm=2102MB
RSS_SAMPLE t=391.9s rss=2102MB hwm=2102MB
RSS_SAMPLE t=392.2s rss=2102MB hwm=2102MB
RSS_SAMPLE t=392.4s rss=2102MB hwm=2102MB
RSS_SAMPLE t=392.7s rss=2102MB hwm=2102MB
RSS_SAMPLE t=392.9s rss=2102MB hwm=2102MB
RSS_SAMPLE t=393.2s rss=2103MB hwm=2103MB
RSS_SAMPLE t=393.4s rss=2103MB hwm=2103MB
RSS_SAMPLE t=393.7s rss=2103MB hwm=2103MB
RSS_SAMPLE t=393.9s rss=2103MB hwm=2103MB
RSS_SAMPLE t=394.2s rss=2103MB hwm=2103MB
RSS_SAMPLE t=394.4s rss=2103MB hwm=2103MB
RSS_SAMPLE t=394.7s rss=2103MB hwm=2103MB
RSS_SAMPLE t=394.9s rss=2103MB hwm=2103MB
RSS_SAMPLE t=395.2s rss=2104MB hwm=2104MB
RSS_SAMPLE t=395.4s rss=2104MB hwm=2104MB
RSS_SAMPLE t=395.7s rss=2104MB hwm=2104MB
RSS_SAMPLE t=395.9s rss=2104MB hwm=2104MB
RSS_SAMPLE t=396.2s rss=2104MB hwm=2104MB
RSS_SAMPLE t=396.4s rss=2104MB hwm=2104MB
RSS_SAMPLE t=396.7s rss=2105MB hwm=2105MB
RSS_SAMPLE t=396.9s rss=2105MB hwm=2105MB
RSS_SAMPLE t=397.2s rss=2105MB hwm=2105MB
RSS_SAMPLE t=397.4s rss=2105MB hwm=2105MB
RSS_SAMPLE t=397.7s rss=2105MB hwm=2105MB
RSS_SAMPLE t=397.9s rss=2105MB hwm=2105MB
RSS_SAMPLE t=398.2s rss=2105MB hwm=2105MB
RSS_SAMPLE t=398.4s rss=2105MB hwm=2105MB
RSS_SAMPLE t=398.7s rss=2106MB hwm=2106MB
RSS_SAMPLE t=398.9s rss=2106MB hwm=2106MB
RSS_SAMPLE t=399.2s rss=2106MB hwm=2106MB
RSS_SAMPLE t=399.4s rss=2106MB hwm=2106MB
RSS_SAMPLE t=399.7s rss=2106MB hwm=2106MB
RSS_SAMPLE t=399.9s rss=2106MB hwm=2106MB
RSS_SAMPLE t=400.2s rss=2106MB hwm=2106MB
RSS_SAMPLE t=400.4s rss=2106MB hwm=2106MB
RSS_SAMPLE t=400.7s rss=2106MB hwm=2106MB
RSS_SAMPLE t=400.9s rss=2106MB hwm=2106MB
RSS_SAMPLE t=401.2s rss=2107MB hwm=2107MB
RSS_SAMPLE t=401.4s rss=2107MB hwm=2107MB
RSS_SAMPLE t=401.7s rss=2107MB hwm=2107MB
RSS_SAMPLE t=401.9s rss=2107MB hwm=2107MB
RSS_SAMPLE t=402.2s rss=2107MB hwm=2107MB
RSS_SAMPLE t=402.4s rss=2107MB hwm=2107MB
RSS_SAMPLE t=402.7s rss=2107MB hwm=2107MB
RSS_SAMPLE t=402.9s rss=2107MB hwm=2107MB
RSS_SAMPLE t=403.2s rss=2108MB hwm=2108MB
RSS_SAMPLE t=403.4s rss=2108MB hwm=2108MB
RSS_SAMPLE t=403.7s rss=2108MB hwm=2108MB
RSS_SAMPLE t=403.9s rss=2108MB hwm=2108MB
RSS_SAMPLE t=404.2s rss=2108MB hwm=2108MB
RSS_SAMPLE t=404.4s rss=2108MB hwm=2108MB
RSS_SAMPLE t=404.7s rss=2108MB hwm=2108MB
RSS_SAMPLE t=404.9s rss=2109MB hwm=2109MB
RSS_SAMPLE t=405.2s rss=2109MB hwm=2109MB
RSS_SAMPLE t=405.4s rss=2109MB hwm=2109MB
RSS_SAMPLE t=405.7s rss=2109MB hwm=2109MB
RSS_SAMPLE t=405.9s rss=2109MB hwm=2109MB
RSS_SAMPLE t=406.2s rss=2109MB hwm=2109MB
RSS_SAMPLE t=406.4s rss=2109MB hwm=2109MB
RSS_SAMPLE t=406.7s rss=2109MB hwm=2109MB
RSS_SAMPLE t=406.9s rss=2110MB hwm=2110MB
RSS_SAMPLE t=407.2s rss=2110MB hwm=2110MB
RSS_SAMPLE t=407.4s rss=2110MB hwm=2110MB
RSS_SAMPLE t=407.7s rss=2110MB hwm=2110MB
RSS_SAMPLE t=407.9s rss=2110MB hwm=2110MB
RSS_SAMPLE t=408.2s rss=2110MB hwm=2110MB
RSS_SAMPLE t=408.4s rss=2110MB hwm=2110MB
RSS_SAMPLE t=408.7s rss=2111MB hwm=2111MB
RSS_SAMPLE t=408.9s rss=2111MB hwm=2111MB
RSS_SAMPLE t=409.2s rss=2111MB hwm=2111MB
RSS_SAMPLE t=409.4s rss=2111MB hwm=2111MB
RSS_SAMPLE t=409.7s rss=2111MB hwm=2111MB
RSS_SAMPLE t=409.9s rss=2111MB hwm=2111MB
RSS_SAMPLE t=410.2s rss=2111MB hwm=2111MB
RSS_SAMPLE t=410.4s rss=2111MB hwm=2111MB
RSS_SAMPLE t=410.7s rss=2111MB hwm=2111MB
RSS_SAMPLE t=410.9s rss=2111MB hwm=2111MB
RSS_SAMPLE t=411.2s rss=2112MB hwm=2112MB
RSS_SAMPLE t=411.4s rss=2112MB hwm=2112MB
RSS_SAMPLE t=411.7s rss=2112MB hwm=2112MB
RSS_SAMPLE t=411.9s rss=2112MB hwm=2112MB
RSS_SAMPLE t=412.2s rss=2113MB hwm=2113MB
RSS_SAMPLE t=412.4s rss=2113MB hwm=2113MB
RSS_SAMPLE t=412.7s rss=2113MB hwm=2113MB
RSS_SAMPLE t=412.9s rss=2113MB hwm=2113MB
RSS_SAMPLE t=413.2s rss=2113MB hwm=2113MB
RSS_SAMPLE t=413.4s rss=2113MB hwm=2113MB
RSS_SAMPLE t=413.7s rss=2113MB hwm=2113MB
RSS_SAMPLE t=413.9s rss=2114MB hwm=2114MB
RSS_SAMPLE t=414.2s rss=2114MB hwm=2114MB
RSS_SAMPLE t=414.4s rss=2114MB hwm=2114MB
RSS_SAMPLE t=414.7s rss=2114MB hwm=2114MB
RSS_SAMPLE t=414.9s rss=2114MB hwm=2114MB
RSS_SAMPLE t=415.2s rss=2114MB hwm=2114MB
RSS_SAMPLE t=415.4s rss=2114MB hwm=2114MB
RSS_SAMPLE t=415.7s rss=2114MB hwm=2114MB
RSS_SAMPLE t=415.9s rss=2114MB hwm=2114MB
RSS_SAMPLE t=416.2s rss=2114MB hwm=2114MB
RSS_SAMPLE t=416.4s rss=2114MB hwm=2114MB
RSS_SAMPLE t=416.7s rss=2114MB hwm=2114MB
RSS_SAMPLE t=416.9s rss=2114MB hwm=2114MB
RSS_SAMPLE t=417.2s rss=2115MB hwm=2115MB
RSS_SAMPLE t=417.4s rss=2115MB hwm=2115MB
RSS_SAMPLE t=417.7s rss=2115MB hwm=2115MB
RSS_SAMPLE t=417.9s rss=2115MB hwm=2115MB
RSS_SAMPLE t=418.2s rss=2115MB hwm=2115MB
RSS_SAMPLE t=418.4s rss=2115MB hwm=2115MB
RSS_SAMPLE t=418.7s rss=2115MB hwm=2115MB
RSS_SAMPLE t=418.9s rss=2115MB hwm=2115MB
RSS_SAMPLE t=419.2s rss=2115MB hwm=2115MB
RSS_SAMPLE t=419.4s rss=2115MB hwm=2115MB
RSS_SAMPLE t=419.7s rss=2116MB hwm=2116MB
RSS_SAMPLE t=419.9s rss=2116MB hwm=2116MB
RSS_SAMPLE t=420.2s rss=2116MB hwm=2116MB
RSS_SAMPLE t=420.5s rss=2116MB hwm=2116MB
RSS_SAMPLE t=420.7s rss=2116MB hwm=2116MB
RSS_SAMPLE t=421.0s rss=2116MB hwm=2116MB
RSS_SAMPLE t=421.2s rss=2116MB hwm=2116MB
RSS_SAMPLE t=421.5s rss=2117MB hwm=2117MB
RSS_SAMPLE t=421.7s rss=2117MB hwm=2117MB
RSS_SAMPLE t=422.0s rss=2117MB hwm=2117MB
RSS_SAMPLE t=422.2s rss=2117MB hwm=2117MB
RSS_SAMPLE t=422.5s rss=2117MB hwm=2117MB
RSS_SAMPLE t=422.7s rss=2117MB hwm=2117MB
RSS_SAMPLE t=423.0s rss=2117MB hwm=2117MB
RSS_SAMPLE t=423.2s rss=2117MB hwm=2117MB
RSS_SAMPLE t=423.5s rss=2118MB hwm=2118MB
RSS_SAMPLE t=423.7s rss=2118MB hwm=2118MB
RSS_SAMPLE t=424.0s rss=2118MB hwm=2118MB
RSS_SAMPLE t=424.2s rss=2118MB hwm=2118MB
RSS_SAMPLE t=424.5s rss=2118MB hwm=2118MB
RSS_SAMPLE t=424.7s rss=2118MB hwm=2118MB
RSS_SAMPLE t=425.0s rss=2118MB hwm=2118MB
RSS_SAMPLE t=425.2s rss=2119MB hwm=2119MB
RSS_SAMPLE t=425.5s rss=2119MB hwm=2119MB
RSS_SAMPLE t=425.7s rss=2119MB hwm=2119MB
RSS_SAMPLE t=426.0s rss=2119MB hwm=2119MB
RSS_SAMPLE t=426.2s rss=2120MB hwm=2120MB
RSS_SAMPLE t=426.5s rss=2120MB hwm=2120MB
RSS_SAMPLE t=426.7s rss=2120MB hwm=2120MB
RSS_SAMPLE t=427.0s rss=2120MB hwm=2120MB
RSS_SAMPLE t=427.2s rss=2120MB hwm=2120MB
RSS_SAMPLE t=427.5s rss=2120MB hwm=2120MB
RSS_SAMPLE t=427.7s rss=2120MB hwm=2120MB
RSS_SAMPLE t=428.0s rss=2120MB hwm=2120MB
RSS_SAMPLE t=428.2s rss=2120MB hwm=2120MB
RSS_SAMPLE t=428.5s rss=2120MB hwm=2120MB
RSS_SAMPLE t=428.7s rss=2120MB hwm=2120MB
RSS_SAMPLE t=429.0s rss=2120MB hwm=2120MB
RSS_SAMPLE t=429.2s rss=2121MB hwm=2121MB
RSS_SAMPLE t=429.5s rss=2121MB hwm=2121MB
RSS_SAMPLE t=429.7s rss=2121MB hwm=2121MB
RSS_SAMPLE t=430.0s rss=2121MB hwm=2121MB
RSS_SAMPLE t=430.2s rss=2121MB hwm=2121MB
RSS_SAMPLE t=430.5s rss=2121MB hwm=2121MB
RSS_SAMPLE t=430.7s rss=2121MB hwm=2121MB
RSS_SAMPLE t=431.0s rss=2121MB hwm=2121MB
RSS_SAMPLE t=431.2s rss=2121MB hwm=2121MB
RSS_SAMPLE t=431.5s rss=2122MB hwm=2122MB
RSS_SAMPLE t=431.7s rss=2122MB hwm=2122MB
RSS_SAMPLE t=432.0s rss=2122MB hwm=2122MB
RSS_SAMPLE t=432.2s rss=2122MB hwm=2122MB
RSS_SAMPLE t=432.5s rss=2122MB hwm=2122MB
RSS_SAMPLE t=432.7s rss=2123MB hwm=2123MB
RSS_SAMPLE t=433.0s rss=2123MB hwm=2123MB
RSS_SAMPLE t=433.2s rss=2123MB hwm=2123MB
RSS_SAMPLE t=433.5s rss=2123MB hwm=2123MB
RSS_SAMPLE t=433.7s rss=2124MB hwm=2124MB
RSS_SAMPLE t=434.0s rss=2124MB hwm=2124MB
RSS_SAMPLE t=434.2s rss=2124MB hwm=2124MB
RSS_SAMPLE t=434.5s rss=2125MB hwm=2125MB
RSS_SAMPLE t=434.7s rss=2125MB hwm=2125MB
RSS_SAMPLE t=435.0s rss=2125MB hwm=2125MB
RSS_SAMPLE t=435.2s rss=2125MB hwm=2125MB
RSS_SAMPLE t=435.5s rss=2126MB hwm=2126MB
RSS_SAMPLE t=435.7s rss=2126MB hwm=2126MB
RSS_SAMPLE t=436.0s rss=2127MB hwm=2127MB
RSS_SAMPLE t=436.2s rss=2127MB hwm=2127MB
RSS_SAMPLE t=436.5s rss=2128MB hwm=2128MB
RSS_SAMPLE t=436.7s rss=2128MB hwm=2128MB
RSS_SAMPLE t=437.0s rss=2129MB hwm=2129MB
RSS_SAMPLE t=437.2s rss=2129MB hwm=2129MB
RSS_SAMPLE t=437.5s rss=2129MB hwm=2129MB
RSS_SAMPLE t=437.7s rss=2129MB hwm=2129MB
RSS_SAMPLE t=438.0s rss=2130MB hwm=2130MB
RSS_SAMPLE t=438.2s rss=2130MB hwm=2130MB
RSS_SAMPLE t=438.5s rss=2131MB hwm=2131MB
RSS_SAMPLE t=438.7s rss=2131MB hwm=2131MB
RSS_SAMPLE t=439.0s rss=2131MB hwm=2131MB
RSS_SAMPLE t=439.2s rss=2132MB hwm=2132MB
RSS_SAMPLE t=439.5s rss=2132MB hwm=2132MB
RSS_SAMPLE t=439.7s rss=2133MB hwm=2133MB
RSS_SAMPLE t=440.0s rss=2133MB hwm=2133MB
RSS_SAMPLE t=440.2s rss=2134MB hwm=2134MB
RSS_SAMPLE t=440.5s rss=2134MB hwm=2134MB
RSS_SAMPLE t=440.7s rss=2135MB hwm=2135MB
RSS_SAMPLE t=441.0s rss=2135MB hwm=2135MB
RSS_SAMPLE t=441.2s rss=2136MB hwm=2136MB
RSS_SAMPLE t=441.5s rss=2137MB hwm=2137MB
RSS_SAMPLE t=441.7s rss=2137MB hwm=2137MB
RSS_SAMPLE t=442.0s rss=2138MB hwm=2138MB
RSS_SAMPLE t=442.2s rss=2138MB hwm=2138MB
RSS_SAMPLE t=442.5s rss=2138MB hwm=2138MB
RSS_SAMPLE t=442.7s rss=2138MB hwm=2138MB
RSS_SAMPLE t=443.0s rss=2139MB hwm=2139MB
RSS_SAMPLE t=443.2s rss=2139MB hwm=2139MB
RSS_SAMPLE t=443.5s rss=2139MB hwm=2139MB
RSS_SAMPLE t=443.7s rss=2140MB hwm=2140MB
RSS_SAMPLE t=444.0s rss=2140MB hwm=2140MB
RSS_SAMPLE t=444.2s rss=2140MB hwm=2140MB
RSS_SAMPLE t=444.5s rss=2141MB hwm=2141MB
RSS_SAMPLE t=444.7s rss=2141MB hwm=2141MB
RSS_SAMPLE t=445.0s rss=2142MB hwm=2142MB
RSS_SAMPLE t=445.2s rss=2142MB hwm=2142MB
RSS_SAMPLE t=445.5s rss=2142MB hwm=2142MB
RSS_SAMPLE t=445.7s rss=2142MB hwm=2142MB
RSS_SAMPLE t=446.0s rss=2143MB hwm=2143MB
RSS_SAMPLE t=446.2s rss=2143MB hwm=2143MB
RSS_SAMPLE t=446.5s rss=2143MB hwm=2143MB
RSS_SAMPLE t=446.7s rss=2143MB hwm=2143MB
RSS_SAMPLE t=447.0s rss=2144MB hwm=2144MB
RSS_SAMPLE t=447.2s rss=2144MB hwm=2144MB
RSS_SAMPLE t=447.5s rss=2145MB hwm=2145MB
RSS_SAMPLE t=447.7s rss=2145MB hwm=2145MB
RSS_SAMPLE t=448.0s rss=2146MB hwm=2146MB
RSS_SAMPLE t=448.2s rss=2146MB hwm=2146MB
RSS_SAMPLE t=448.5s rss=2147MB hwm=2147MB
RSS_SAMPLE t=448.7s rss=2147MB hwm=2147MB
RSS_SAMPLE t=449.0s rss=2147MB hwm=2147MB
RSS_SAMPLE t=449.2s rss=2148MB hwm=2148MB
RSS_SAMPLE t=449.5s rss=2148MB hwm=2148MB
RSS_SAMPLE t=449.7s rss=2149MB hwm=2149MB
RSS_SAMPLE t=450.0s rss=2149MB hwm=2149MB
RSS_SAMPLE t=450.2s rss=2149MB hwm=2149MB
RSS_SAMPLE t=450.5s rss=2150MB hwm=2150MB
RSS_SAMPLE t=450.7s rss=2150MB hwm=2150MB
RSS_SAMPLE t=451.0s rss=2150MB hwm=2150MB
RSS_SAMPLE t=451.2s rss=2150MB hwm=2150MB
RSS_SAMPLE t=451.5s rss=2151MB hwm=2151MB
RSS_SAMPLE t=451.7s rss=2151MB hwm=2151MB
RSS_SAMPLE t=452.0s rss=2151MB hwm=2151MB
RSS_SAMPLE t=452.2s rss=2151MB hwm=2151MB
RSS_SAMPLE t=452.5s rss=2152MB hwm=2152MB
RSS_SAMPLE t=452.7s rss=2152MB hwm=2152MB
RSS_SAMPLE t=453.0s rss=2152MB hwm=2152MB
RSS_SAMPLE t=453.2s rss=2153MB hwm=2153MB
RSS_SAMPLE t=453.5s rss=2153MB hwm=2153MB
RSS_SAMPLE t=453.7s rss=2153MB hwm=2153MB
RSS_SAMPLE t=454.0s rss=2153MB hwm=2153MB
RSS_SAMPLE t=454.2s rss=2154MB hwm=2154MB
RSS_SAMPLE t=454.5s rss=2154MB hwm=2154MB
RSS_SAMPLE t=454.7s rss=2155MB hwm=2155MB
RSS_SAMPLE t=455.0s rss=2155MB hwm=2155MB
RSS_SAMPLE t=455.2s rss=2155MB hwm=2155MB
RSS_SAMPLE t=455.5s rss=2155MB hwm=2155MB
RSS_SAMPLE t=455.7s rss=2156MB hwm=2156MB
RSS_SAMPLE t=456.0s rss=2156MB hwm=2156MB
RSS_SAMPLE t=456.2s rss=2157MB hwm=2157MB
RSS_SAMPLE t=456.5s rss=2157MB hwm=2157MB
RSS_SAMPLE t=456.7s rss=2157MB hwm=2157MB
RSS_SAMPLE t=457.0s rss=2158MB hwm=2158MB
RSS_SAMPLE t=457.2s rss=2158MB hwm=2158MB
RSS_SAMPLE t=457.5s rss=2159MB hwm=2159MB
RSS_SAMPLE t=457.7s rss=2159MB hwm=2159MB
RSS_SAMPLE t=458.0s rss=2159MB hwm=2159MB
RSS_SAMPLE t=458.2s rss=2160MB hwm=2160MB
RSS_SAMPLE t=458.5s rss=2160MB hwm=2160MB
RSS_SAMPLE t=458.7s rss=2160MB hwm=2160MB
RSS_SAMPLE t=459.0s rss=2161MB hwm=2161MB
RSS_SAMPLE t=459.2s rss=2161MB hwm=2161MB
RSS_SAMPLE t=459.5s rss=2161MB hwm=2161MB
RSS_SAMPLE t=459.7s rss=2162MB hwm=2162MB
RSS_SAMPLE t=460.0s rss=2162MB hwm=2162MB
RSS_SAMPLE t=460.2s rss=2163MB hwm=2163MB
RSS_SAMPLE t=460.5s rss=2163MB hwm=2163MB
RSS_SAMPLE t=460.7s rss=2164MB hwm=2164MB
RSS_SAMPLE t=461.0s rss=2164MB hwm=2164MB
RSS_SAMPLE t=461.2s rss=2164MB hwm=2164MB
RSS_SAMPLE t=461.5s rss=2165MB hwm=2165MB
RSS_SAMPLE t=461.7s rss=2165MB hwm=2165MB
RSS_SAMPLE t=462.0s rss=2165MB hwm=2165MB
RSS_SAMPLE t=462.2s rss=2166MB hwm=2166MB
RSS_SAMPLE t=462.5s rss=2166MB hwm=2166MB
RSS_SAMPLE t=462.7s rss=2166MB hwm=2166MB
RSS_SAMPLE t=463.0s rss=2166MB hwm=2166MB
RSS_SAMPLE t=463.2s rss=2167MB hwm=2167MB
RSS_SAMPLE t=463.5s rss=2167MB hwm=2167MB
RSS_SAMPLE t=463.7s rss=2167MB hwm=2167MB
RSS_SAMPLE t=464.0s rss=2167MB hwm=2167MB
RSS_SAMPLE t=464.2s rss=2168MB hwm=2168MB
RSS_SAMPLE t=464.5s rss=2168MB hwm=2168MB
RSS_SAMPLE t=464.7s rss=2169MB hwm=2169MB
RSS_SAMPLE t=465.0s rss=2169MB hwm=2169MB
RSS_SAMPLE t=465.2s rss=2169MB hwm=2169MB
RSS_SAMPLE t=465.5s rss=2169MB hwm=2169MB
RSS_SAMPLE t=465.7s rss=2170MB hwm=2170MB
RSS_SAMPLE t=466.0s rss=2170MB hwm=2170MB
RSS_SAMPLE t=466.2s rss=2170MB hwm=2170MB
RSS_SAMPLE t=466.5s rss=2170MB hwm=2170MB
RSS_SAMPLE t=466.7s rss=2171MB hwm=2171MB
RSS_SAMPLE t=467.0s rss=2171MB hwm=2171MB
RSS_SAMPLE t=467.2s rss=2171MB hwm=2171MB
RSS_SAMPLE t=467.5s rss=2171MB hwm=2171MB
RSS_SAMPLE t=467.7s rss=2172MB hwm=2172MB
RSS_SAMPLE t=468.0s rss=2172MB hwm=2172MB
RSS_SAMPLE t=468.2s rss=2172MB hwm=2172MB
RSS_SAMPLE t=468.5s rss=2172MB hwm=2172MB
RSS_SAMPLE t=468.7s rss=2173MB hwm=2173MB
RSS_SAMPLE t=469.0s rss=2173MB hwm=2173MB
RSS_SAMPLE t=469.2s rss=2173MB hwm=2173MB
RSS_SAMPLE t=469.5s rss=2173MB hwm=2173MB
RSS_SAMPLE t=469.7s rss=2174MB hwm=2174MB
RSS_SAMPLE t=470.0s rss=2174MB hwm=2174MB
RSS_SAMPLE t=470.2s rss=2174MB hwm=2174MB
RSS_SAMPLE t=470.5s rss=2174MB hwm=2174MB
RSS_SAMPLE t=470.7s rss=2174MB hwm=2174MB
RSS_SAMPLE t=471.0s rss=2174MB hwm=2174MB
RSS_SAMPLE t=471.2s rss=2175MB hwm=2175MB
RSS_SAMPLE t=471.5s rss=2175MB hwm=2175MB
RSS_SAMPLE t=471.7s rss=2175MB hwm=2175MB
RSS_SAMPLE t=472.0s rss=2176MB hwm=2176MB
RSS_SAMPLE t=472.2s rss=2176MB hwm=2176MB
RSS_SAMPLE t=472.5s rss=2176MB hwm=2176MB
RSS_SAMPLE t=472.7s rss=2176MB hwm=2176MB
RSS_SAMPLE t=473.0s rss=2177MB hwm=2177MB
RSS_SAMPLE t=473.2s rss=2177MB hwm=2177MB
RSS_SAMPLE t=473.5s rss=2177MB hwm=2177MB
RSS_SAMPLE t=473.7s rss=2177MB hwm=2177MB
RSS_SAMPLE t=474.0s rss=2177MB hwm=2177MB
RSS_SAMPLE t=474.2s rss=2177MB hwm=2177MB
RSS_SAMPLE t=474.5s rss=2177MB hwm=2177MB
RSS_SAMPLE t=474.7s rss=2177MB hwm=2177MB
RSS_SAMPLE t=475.0s rss=2177MB hwm=2177MB
RSS_SAMPLE t=475.2s rss=2178MB hwm=2178MB
RSS_SAMPLE t=475.5s rss=2178MB hwm=2178MB
RSS_SAMPLE t=475.7s rss=2178MB hwm=2178MB
RSS_SAMPLE t=476.0s rss=2178MB hwm=2178MB
RSS_SAMPLE t=476.2s rss=2178MB hwm=2178MB
RSS_SAMPLE t=476.5s rss=2178MB hwm=2178MB
RSS_SAMPLE t=476.7s rss=2179MB hwm=2179MB
RSS_SAMPLE t=477.0s rss=2179MB hwm=2179MB
RSS_SAMPLE t=477.2s rss=2179MB hwm=2179MB
RSS_SAMPLE t=477.5s rss=2179MB hwm=2179MB
RSS_SAMPLE t=477.7s rss=2179MB hwm=2179MB
RSS_SAMPLE t=478.0s rss=2179MB hwm=2179MB
RSS_SAMPLE t=478.2s rss=2179MB hwm=2179MB
RSS_SAMPLE t=478.5s rss=2180MB hwm=2180MB
RSS_SAMPLE t=478.7s rss=2180MB hwm=2180MB
RSS_SAMPLE t=479.0s rss=2180MB hwm=2180MB
RSS_SAMPLE t=479.2s rss=2180MB hwm=2180MB
RSS_SAMPLE t=479.5s rss=2180MB hwm=2180MB
RSS_SAMPLE t=479.7s rss=2180MB hwm=2180MB
RSS_SAMPLE t=480.0s rss=2180MB hwm=2180MB
RSS_SAMPLE t=480.2s rss=2180MB hwm=2180MB
RSS_SAMPLE t=480.5s rss=2181MB hwm=2181MB
RSS_SAMPLE t=480.7s rss=2181MB hwm=2181MB
RSS_SAMPLE t=481.0s rss=2181MB hwm=2181MB
RSS_SAMPLE t=481.2s rss=2182MB hwm=2182MB
RSS_SAMPLE t=481.5s rss=2182MB hwm=2182MB
RSS_SAMPLE t=481.7s rss=2182MB hwm=2182MB
RSS_SAMPLE t=482.0s rss=2182MB hwm=2182MB
RSS_SAMPLE t=482.2s rss=2182MB hwm=2182MB
RSS_SAMPLE t=482.5s rss=2183MB hwm=2183MB
RSS_SAMPLE t=482.7s rss=2183MB hwm=2183MB
RSS_SAMPLE t=483.0s rss=2183MB hwm=2183MB
RSS_SAMPLE t=483.3s rss=2183MB hwm=2183MB
RSS_SAMPLE t=483.5s rss=2183MB hwm=2183MB
RSS_SAMPLE t=483.8s rss=2184MB hwm=2184MB
RSS_SAMPLE t=484.0s rss=2184MB hwm=2184MB
RSS_SAMPLE t=484.3s rss=2184MB hwm=2184MB
RSS_SAMPLE t=484.5s rss=2184MB hwm=2184MB
RSS_SAMPLE t=484.8s rss=2184MB hwm=2184MB
RSS_SAMPLE t=485.0s rss=2184MB hwm=2184MB
RSS_SAMPLE t=485.3s rss=2185MB hwm=2185MB
RSS_SAMPLE t=485.5s rss=2185MB hwm=2185MB
RSS_SAMPLE t=485.8s rss=2185MB hwm=2185MB
RSS_SAMPLE t=486.0s rss=2185MB hwm=2185MB
RSS_SAMPLE t=486.3s rss=2185MB hwm=2185MB
RSS_SAMPLE t=486.5s rss=2185MB hwm=2185MB
RSS_SAMPLE t=486.8s rss=2185MB hwm=2185MB
RSS_SAMPLE t=487.0s rss=2185MB hwm=2185MB
RSS_SAMPLE t=487.3s rss=2185MB hwm=2185MB
RSS_SAMPLE t=487.5s rss=2185MB hwm=2185MB
RSS_SAMPLE t=487.8s rss=2185MB hwm=2185MB
RSS_SAMPLE t=488.0s rss=2185MB hwm=2185MB
RSS_SAMPLE t=488.3s rss=2185MB hwm=2185MB
RSS_SAMPLE t=488.5s rss=2185MB hwm=2185MB
RSS_SAMPLE t=488.8s rss=2185MB hwm=2185MB
RSS_SAMPLE t=489.0s rss=2185MB hwm=2185MB
RSS_SAMPLE t=489.3s rss=2186MB hwm=2186MB
RSS_SAMPLE t=489.5s rss=2186MB hwm=2186MB
RSS_SAMPLE t=489.8s rss=2186MB hwm=2186MB
RSS_SAMPLE t=490.0s rss=2186MB hwm=2186MB
RSS_SAMPLE t=490.3s rss=2186MB hwm=2186MB
RSS_SAMPLE t=490.5s rss=2186MB hwm=2186MB
RSS_SAMPLE t=490.8s rss=2186MB hwm=2186MB
RSS_SAMPLE t=491.0s rss=2186MB hwm=2186MB
RSS_SAMPLE t=491.3s rss=2186MB hwm=2186MB
RSS_SAMPLE t=491.5s rss=2186MB hwm=2186MB
RSS_SAMPLE t=491.8s rss=2186MB hwm=2186MB
RSS_SAMPLE t=492.0s rss=2187MB hwm=2187MB
RSS_SAMPLE t=492.3s rss=2187MB hwm=2187MB
RSS_SAMPLE t=492.5s rss=2187MB hwm=2187MB
RSS_SAMPLE t=492.8s rss=2187MB hwm=2187MB
RSS_SAMPLE t=493.0s rss=2187MB hwm=2187MB
RSS_SAMPLE t=493.3s rss=2187MB hwm=2187MB
RSS_SAMPLE t=493.5s rss=2187MB hwm=2187MB
RSS_SAMPLE t=493.8s rss=2187MB hwm=2187MB
RSS_SAMPLE t=494.0s rss=2187MB hwm=2187MB
RSS_SAMPLE t=494.3s rss=2187MB hwm=2187MB
RSS_SAMPLE t=494.5s rss=2187MB hwm=2187MB
RSS_SAMPLE t=494.8s rss=2187MB hwm=2187MB
RSS_SAMPLE t=495.0s rss=2187MB hwm=2187MB
RSS_SAMPLE t=495.3s rss=2187MB hwm=2187MB
RSS_SAMPLE t=495.5s rss=2187MB hwm=2187MB
RSS_SAMPLE t=495.8s rss=2187MB hwm=2187MB
RSS_SAMPLE t=496.0s rss=2188MB hwm=2188MB
RSS_SAMPLE t=496.3s rss=2188MB hwm=2188MB
RSS_SAMPLE t=496.5s rss=2188MB hwm=2188MB
RSS_SAMPLE t=496.8s rss=2188MB hwm=2188MB
RSS_SAMPLE t=497.0s rss=2188MB hwm=2188MB
RSS_SAMPLE t=497.3s rss=2188MB hwm=2188MB
RSS_SAMPLE t=497.5s rss=2188MB hwm=2188MB
RSS_SAMPLE t=497.8s rss=2188MB hwm=2188MB
RSS_SAMPLE t=498.0s rss=2188MB hwm=2188MB
RSS_SAMPLE t=498.3s rss=2188MB hwm=2188MB
RSS_SAMPLE t=498.5s rss=2188MB hwm=2188MB
RSS_SAMPLE t=498.8s rss=2188MB hwm=2188MB
RSS_SAMPLE t=499.0s rss=2188MB hwm=2188MB
RSS_SAMPLE t=499.3s rss=2188MB hwm=2188MB
RSS_SAMPLE t=499.5s rss=2189MB hwm=2189MB
RSS_SAMPLE t=499.8s rss=2189MB hwm=2189MB
RSS_SAMPLE t=500.0s rss=2189MB hwm=2189MB
RSS_SAMPLE t=500.3s rss=2189MB hwm=2189MB
RSS_SAMPLE t=500.5s rss=2189MB hwm=2189MB
RSS_SAMPLE t=500.8s rss=2189MB hwm=2189MB
RSS_SAMPLE t=501.0s rss=2189MB hwm=2189MB
RSS_SAMPLE t=501.3s rss=2189MB hwm=2189MB
RSS_SAMPLE t=501.5s rss=2189MB hwm=2189MB
RSS_SAMPLE t=501.8s rss=2190MB hwm=2190MB
RSS_SAMPLE t=502.0s rss=2190MB hwm=2190MB
RSS_SAMPLE t=502.3s rss=2190MB hwm=2190MB
RSS_SAMPLE t=502.5s rss=2190MB hwm=2190MB
RSS_SAMPLE t=502.8s rss=2190MB hwm=2190MB
RSS_SAMPLE t=503.0s rss=2190MB hwm=2190MB
RSS_SAMPLE t=503.3s rss=2190MB hwm=2190MB
RSS_SAMPLE t=503.5s rss=2190MB hwm=2190MB
RSS_SAMPLE t=503.8s rss=2190MB hwm=2190MB
RSS_SAMPLE t=504.0s rss=2191MB hwm=2191MB
RSS_SAMPLE t=504.3s rss=2191MB hwm=2191MB
RSS_SAMPLE t=504.5s rss=2191MB hwm=2191MB
RSS_SAMPLE t=504.8s rss=2191MB hwm=2191MB
RSS_SAMPLE t=505.0s rss=2191MB hwm=2191MB
RSS_SAMPLE t=505.3s rss=2191MB hwm=2191MB
RSS_SAMPLE t=505.5s rss=2192MB hwm=2192MB
RSS_SAMPLE t=505.8s rss=2192MB hwm=2192MB
RSS_SAMPLE t=506.0s rss=2192MB hwm=2192MB
RSS_SAMPLE t=506.3s rss=2192MB hwm=2192MB
RSS_SAMPLE t=506.5s rss=2192MB hwm=2192MB
RSS_SAMPLE t=506.8s rss=2192MB hwm=2192MB
RSS_SAMPLE t=507.0s rss=2192MB hwm=2192MB
RSS_SAMPLE t=507.3s rss=2192MB hwm=2192MB
RSS_SAMPLE t=507.5s rss=2192MB hwm=2192MB
RSS_SAMPLE t=507.8s rss=2192MB hwm=2192MB
RSS_SAMPLE t=508.0s rss=2192MB hwm=2192MB
RSS_SAMPLE t=508.3s rss=2192MB hwm=2192MB
RSS_SAMPLE t=508.5s rss=2192MB hwm=2192MB
RSS_SAMPLE t=508.8s rss=2193MB hwm=2193MB
RSS_SAMPLE t=509.0s rss=2193MB hwm=2193MB
RSS_SAMPLE t=509.3s rss=2193MB hwm=2193MB
RSS_SAMPLE t=509.5s rss=2193MB hwm=2193MB
RSS_SAMPLE t=509.8s rss=2193MB hwm=2193MB
RSS_SAMPLE t=510.0s rss=2193MB hwm=2193MB
RSS_SAMPLE t=510.3s rss=2193MB hwm=2193MB
RSS_SAMPLE t=510.5s rss=2193MB hwm=2193MB
RSS_SAMPLE t=510.8s rss=2193MB hwm=2193MB
RSS_SAMPLE t=511.0s rss=2194MB hwm=2194MB
RSS_SAMPLE t=511.3s rss=2194MB hwm=2194MB
RSS_SAMPLE t=511.5s rss=2194MB hwm=2194MB
RSS_SAMPLE t=511.8s rss=2194MB hwm=2194MB
RSS_SAMPLE t=512.0s rss=2194MB hwm=2194MB
RSS_SAMPLE t=512.3s rss=2194MB hwm=2194MB
RSS_SAMPLE t=512.5s rss=2194MB hwm=2194MB
RSS_SAMPLE t=512.8s rss=2194MB hwm=2194MB
RSS_SAMPLE t=513.0s rss=2194MB hwm=2194MB
RSS_SAMPLE t=513.3s rss=2194MB hwm=2194MB
RSS_SAMPLE t=513.5s rss=2195MB hwm=2195MB
RSS_SAMPLE t=513.8s rss=2195MB hwm=2195MB
RSS_SAMPLE t=514.0s rss=2195MB hwm=2195MB
RSS_SAMPLE t=514.3s rss=2195MB hwm=2195MB
RSS_SAMPLE t=514.5s rss=2195MB hwm=2195MB
RSS_SAMPLE t=514.8s rss=2195MB hwm=2195MB
RSS_SAMPLE t=515.0s rss=2195MB hwm=2195MB
RSS_SAMPLE t=515.3s rss=2195MB hwm=2195MB
RSS_SAMPLE t=515.5s rss=2195MB hwm=2195MB
RSS_SAMPLE t=515.8s rss=2195MB hwm=2195MB
RSS_SAMPLE t=516.0s rss=2195MB hwm=2195MB
RSS_SAMPLE t=516.3s rss=2195MB hwm=2195MB
RSS_SAMPLE t=516.5s rss=2196MB hwm=2196MB
RSS_SAMPLE t=516.8s rss=2196MB hwm=2196MB
RSS_SAMPLE t=517.0s rss=2196MB hwm=2196MB
RSS_SAMPLE t=517.3s rss=2196MB hwm=2196MB
RSS_SAMPLE t=517.5s rss=2196MB hwm=2196MB
RSS_SAMPLE t=517.8s rss=2196MB hwm=2196MB
RSS_SAMPLE t=518.0s rss=2196MB hwm=2196MB
RSS_SAMPLE t=518.3s rss=2196MB hwm=2196MB
RSS_SAMPLE t=518.5s rss=2196MB hwm=2196MB
RSS_SAMPLE t=518.8s rss=2196MB hwm=2196MB
RSS_SAMPLE t=519.0s rss=2196MB hwm=2196MB
RSS_SAMPLE t=519.3s rss=2196MB hwm=2196MB
RSS_SAMPLE t=519.5s rss=2196MB hwm=2196MB
RSS_SAMPLE t=519.8s rss=2197MB hwm=2197MB
RSS_SAMPLE t=520.1s rss=2197MB hwm=2197MB
RSS_SAMPLE t=520.3s rss=2197MB hwm=2197MB
RSS_SAMPLE t=520.6s rss=2197MB hwm=2197MB
RSS_SAMPLE t=520.8s rss=2197MB hwm=2197MB
RSS_SAMPLE t=521.1s rss=2197MB hwm=2197MB
RSS_SAMPLE t=521.3s rss=2197MB hwm=2197MB
RSS_SAMPLE t=521.6s rss=2197MB hwm=2197MB
RSS_SAMPLE t=521.8s rss=2197MB hwm=2197MB
RSS_SAMPLE t=522.1s rss=2197MB hwm=2197MB
RSS_SAMPLE t=522.3s rss=2197MB hwm=2197MB
RSS_SAMPLE t=522.6s rss=2198MB hwm=2198MB
RSS_SAMPLE t=522.8s rss=2198MB hwm=2198MB
RSS_SAMPLE t=523.1s rss=2198MB hwm=2198MB
RSS_SAMPLE t=523.3s rss=2198MB hwm=2198MB
RSS_SAMPLE t=523.6s rss=2198MB hwm=2198MB
RSS_SAMPLE t=523.8s rss=2198MB hwm=2198MB
RSS_SAMPLE t=524.1s rss=2198MB hwm=2198MB
RSS_SAMPLE t=524.3s rss=2198MB hwm=2198MB
RSS_SAMPLE t=524.6s rss=2199MB hwm=2199MB
RSS_SAMPLE t=524.8s rss=2199MB hwm=2199MB
RSS_SAMPLE t=525.1s rss=2199MB hwm=2199MB
RSS_SAMPLE t=525.3s rss=2199MB hwm=2199MB
RSS_SAMPLE t=525.6s rss=2199MB hwm=2199MB
RSS_SAMPLE t=525.8s rss=2199MB hwm=2199MB
RSS_SAMPLE t=526.1s rss=2199MB hwm=2199MB
RSS_SAMPLE t=526.3s rss=2200MB hwm=2200MB
RSS_SAMPLE t=526.6s rss=2200MB hwm=2200MB
RSS_SAMPLE t=526.8s rss=2200MB hwm=2200MB
RSS_SAMPLE t=527.1s rss=2200MB hwm=2200MB
RSS_SAMPLE t=527.3s rss=2200MB hwm=2200MB
RSS_SAMPLE t=527.6s rss=2200MB hwm=2200MB
RSS_SAMPLE t=527.8s rss=2200MB hwm=2200MB
RSS_SAMPLE t=528.1s rss=2200MB hwm=2200MB
RSS_SAMPLE t=528.3s rss=2200MB hwm=2200MB
RSS_SAMPLE t=528.6s rss=2200MB hwm=2200MB
RSS_SAMPLE t=528.8s rss=2200MB hwm=2200MB
RSS_SAMPLE t=529.1s rss=2201MB hwm=2201MB
RSS_SAMPLE t=529.3s rss=2201MB hwm=2201MB
RSS_SAMPLE t=529.6s rss=2201MB hwm=2201MB
RSS_SAMPLE t=529.8s rss=2201MB hwm=2201MB
RSS_SAMPLE t=530.1s rss=2201MB hwm=2201MB
RSS_SAMPLE t=530.3s rss=2201MB hwm=2201MB
RSS_SAMPLE t=530.6s rss=2201MB hwm=2201MB
RSS_SAMPLE t=530.8s rss=2201MB hwm=2201MB
RSS_SAMPLE t=531.1s rss=2202MB hwm=2202MB
RSS_SAMPLE t=531.3s rss=2202MB hwm=2202MB
RSS_SAMPLE t=531.6s rss=2202MB hwm=2202MB
RSS_SAMPLE t=531.8s rss=2203MB hwm=2203MB
RSS_SAMPLE t=532.1s rss=2203MB hwm=2203MB
RSS_SAMPLE t=532.3s rss=2203MB hwm=2203MB
RSS_SAMPLE t=532.6s rss=2203MB hwm=2203MB
RSS_SAMPLE t=532.8s rss=2204MB hwm=2204MB
RSS_SAMPLE t=533.1s rss=2204MB hwm=2204MB
RSS_SAMPLE t=533.3s rss=2204MB hwm=2204MB
RSS_SAMPLE t=533.6s rss=2204MB hwm=2204MB
RSS_SAMPLE t=533.8s rss=2205MB hwm=2205MB
RSS_SAMPLE t=534.1s rss=2205MB hwm=2205MB
RSS_SAMPLE t=534.3s rss=2205MB hwm=2205MB
RSS_SAMPLE t=534.6s rss=2206MB hwm=2206MB
RSS_SAMPLE t=534.8s rss=2206MB hwm=2206MB
RSS_SAMPLE t=535.1s rss=2207MB hwm=2207MB
RSS_SAMPLE t=535.3s rss=2207MB hwm=2207MB
RSS_SAMPLE t=535.6s rss=2207MB hwm=2207MB
RSS_SAMPLE t=535.8s rss=2207MB hwm=2207MB
RSS_SAMPLE t=536.1s rss=2207MB hwm=2207MB
RSS_SAMPLE t=536.3s rss=2208MB hwm=2208MB
RSS_SAMPLE t=536.6s rss=2208MB hwm=2208MB
RSS_SAMPLE t=536.8s rss=2208MB hwm=2208MB
RSS_SAMPLE t=537.1s rss=2208MB hwm=2208MB
RSS_SAMPLE t=537.3s rss=2208MB hwm=2208MB
RSS_SAMPLE t=537.6s rss=2208MB hwm=2208MB
RSS_SAMPLE t=537.8s rss=2209MB hwm=2209MB
RSS_SAMPLE t=538.1s rss=2209MB hwm=2209MB
RSS_SAMPLE t=538.3s rss=2209MB hwm=2209MB
RSS_SAMPLE t=538.6s rss=2209MB hwm=2209MB
RSS_SAMPLE t=538.8s rss=2209MB hwm=2209MB
RSS_SAMPLE t=539.1s rss=2209MB hwm=2209MB
RSS_SAMPLE t=539.3s rss=2209MB hwm=2209MB
RSS_SAMPLE t=539.6s rss=2210MB hwm=2210MB
RSS_SAMPLE t=539.8s rss=2210MB hwm=2210MB
RSS_SAMPLE t=540.1s rss=2210MB hwm=2210MB
RSS_SAMPLE t=540.3s rss=2210MB hwm=2210MB
RSS_SAMPLE t=540.6s rss=2210MB hwm=2210MB
RSS_SAMPLE t=540.8s rss=2210MB hwm=2210MB
RSS_SAMPLE t=541.1s rss=2210MB hwm=2210MB
RSS_SAMPLE t=541.3s rss=2210MB hwm=2210MB
RSS_SAMPLE t=541.6s rss=2211MB hwm=2211MB
RSS_SAMPLE t=541.8s rss=2211MB hwm=2211MB
RSS_SAMPLE t=542.1s rss=2211MB hwm=2211MB
RSS_SAMPLE t=542.3s rss=2211MB hwm=2211MB
RSS_SAMPLE t=542.6s rss=2211MB hwm=2211MB
RSS_SAMPLE t=542.8s rss=2211MB hwm=2211MB
RSS_SAMPLE t=543.1s rss=2211MB hwm=2211MB
RSS_SAMPLE t=543.3s rss=2211MB hwm=2211MB
RSS_SAMPLE t=543.6s rss=2212MB hwm=2212MB
RSS_SAMPLE t=543.8s rss=2212MB hwm=2212MB
RSS_SAMPLE t=544.1s rss=2212MB hwm=2212MB
RSS_SAMPLE t=544.3s rss=2212MB hwm=2212MB
RSS_SAMPLE t=544.6s rss=2212MB hwm=2212MB
RSS_SAMPLE t=544.8s rss=2213MB hwm=2213MB
RSS_SAMPLE t=545.1s rss=2213MB hwm=2213MB
RSS_SAMPLE t=545.3s rss=2213MB hwm=2213MB
RSS_SAMPLE t=545.6s rss=2213MB hwm=2213MB
RSS_SAMPLE t=545.8s rss=2213MB hwm=2213MB
RSS_SAMPLE t=546.1s rss=2213MB hwm=2213MB
RSS_SAMPLE t=546.3s rss=2214MB hwm=2214MB
RSS_SAMPLE t=546.6s rss=2214MB hwm=2214MB
RSS_SAMPLE t=546.8s rss=2214MB hwm=2214MB
RSS_SAMPLE t=547.1s rss=2214MB hwm=2214MB
RSS_SAMPLE t=547.3s rss=2214MB hwm=2214MB
RSS_SAMPLE t=547.6s rss=2214MB hwm=2214MB
RSS_SAMPLE t=547.8s rss=2214MB hwm=2214MB
RSS_SAMPLE t=548.1s rss=2214MB hwm=2214MB
RSS_SAMPLE t=548.3s rss=2214MB hwm=2214MB
RSS_SAMPLE t=548.6s rss=2215MB hwm=2215MB
RSS_SAMPLE t=548.8s rss=2215MB hwm=2215MB
RSS_SAMPLE t=549.1s rss=2215MB hwm=2215MB
RSS_SAMPLE t=549.3s rss=2215MB hwm=2215MB
RSS_SAMPLE t=549.6s rss=2215MB hwm=2215MB
RSS_SAMPLE t=549.8s rss=2215MB hwm=2215MB
RSS_SAMPLE t=550.1s rss=2215MB hwm=2215MB
RSS_SAMPLE t=550.3s rss=2215MB hwm=2215MB
RSS_SAMPLE t=550.6s rss=2216MB hwm=2216MB
RSS_SAMPLE t=550.8s rss=2216MB hwm=2216MB
RSS_SAMPLE t=551.1s rss=2216MB hwm=2216MB
RSS_SAMPLE t=551.3s rss=2216MB hwm=2216MB
RSS_SAMPLE t=551.6s rss=2216MB hwm=2216MB
RSS_SAMPLE t=551.8s rss=2216MB hwm=2216MB
RSS_SAMPLE t=552.1s rss=2216MB hwm=2216MB
RSS_SAMPLE t=552.3s rss=2216MB hwm=2216MB
RSS_SAMPLE t=552.6s rss=2217MB hwm=2217MB
RSS_SAMPLE t=552.8s rss=2217MB hwm=2217MB
RSS_SAMPLE t=553.1s rss=2217MB hwm=2217MB
RSS_SAMPLE t=553.3s rss=2217MB hwm=2217MB
RSS_SAMPLE t=553.6s rss=2217MB hwm=2217MB
RSS_SAMPLE t=553.8s rss=2217MB hwm=2217MB
RSS_SAMPLE t=554.1s rss=2217MB hwm=2217MB
RSS_SAMPLE t=554.3s rss=2217MB hwm=2217MB
RSS_SAMPLE t=554.6s rss=2217MB hwm=2217MB
RSS_SAMPLE t=554.8s rss=2218MB hwm=2218MB
RSS_SAMPLE t=555.1s rss=2218MB hwm=2218MB
RSS_SAMPLE t=555.3s rss=2218MB hwm=2218MB
RSS_SAMPLE t=555.6s rss=2218MB hwm=2218MB
RSS_SAMPLE t=555.8s rss=2219MB hwm=2219MB
RSS_SAMPLE t=556.1s rss=2219MB hwm=2219MB
RSS_SAMPLE t=556.3s rss=2219MB hwm=2219MB
RSS_SAMPLE t=556.6s rss=2220MB hwm=2220MB
RSS_SAMPLE t=556.8s rss=2220MB hwm=2220MB
RSS_SAMPLE t=557.1s rss=2220MB hwm=2220MB
RSS_SAMPLE t=557.3s rss=2220MB hwm=2220MB
RSS_SAMPLE t=557.6s rss=2220MB hwm=2220MB
RSS_SAMPLE t=557.8s rss=2221MB hwm=2221MB
RSS_SAMPLE t=558.1s rss=2221MB hwm=2221MB
RSS_SAMPLE t=558.3s rss=2221MB hwm=2221MB
RSS_SAMPLE t=558.6s rss=2221MB hwm=2221MB
RSS_SAMPLE t=558.8s rss=2221MB hwm=2221MB
RSS_SAMPLE t=559.1s rss=2222MB hwm=2222MB
RSS_SAMPLE t=559.3s rss=2222MB hwm=2222MB
RSS_SAMPLE t=559.6s rss=2222MB hwm=2222MB
RSS_SAMPLE t=559.8s rss=2222MB hwm=2222MB
RSS_SAMPLE t=560.1s rss=2222MB hwm=2222MB
RSS_SAMPLE t=560.3s rss=2222MB hwm=2222MB
RSS_SAMPLE t=560.6s rss=2223MB hwm=2223MB
RSS_SAMPLE t=560.8s rss=2223MB hwm=2223MB
RSS_SAMPLE t=561.1s rss=2223MB hwm=2223MB
RSS_SAMPLE t=561.3s rss=2223MB hwm=2223MB
RSS_SAMPLE t=561.6s rss=2223MB hwm=2223MB
RSS_SAMPLE t=561.8s rss=2224MB hwm=2224MB
RSS_SAMPLE t=562.1s rss=2224MB hwm=2224MB
RSS_SAMPLE t=562.3s rss=2224MB hwm=2224MB
RSS_SAMPLE t=562.6s rss=2225MB hwm=2225MB
RSS_SAMPLE t=562.8s rss=2225MB hwm=2225MB
RSS_SAMPLE t=563.1s rss=2225MB hwm=2225MB
RSS_SAMPLE t=563.3s rss=2225MB hwm=2225MB
RSS_SAMPLE t=563.6s rss=2225MB hwm=2225MB
RSS_SAMPLE t=563.8s rss=2226MB hwm=2226MB
RSS_SAMPLE t=564.1s rss=2226MB hwm=2226MB
RSS_SAMPLE t=564.3s rss=2226MB hwm=2226MB
RSS_SAMPLE t=564.6s rss=2226MB hwm=2226MB
RSS_SAMPLE t=564.8s rss=2226MB hwm=2226MB
RSS_SAMPLE t=565.1s rss=2227MB hwm=2227MB
RSS_SAMPLE t=565.3s rss=2227MB hwm=2227MB
RSS_SAMPLE t=565.6s rss=2227MB hwm=2227MB
RSS_SAMPLE t=565.8s rss=2227MB hwm=2227MB
RSS_SAMPLE t=566.1s rss=2227MB hwm=2227MB
RSS_SAMPLE t=566.3s rss=2228MB hwm=2228MB
RSS_SAMPLE t=566.6s rss=2228MB hwm=2228MB
RSS_SAMPLE t=566.8s rss=2228MB hwm=2228MB
RSS_SAMPLE t=567.1s rss=2229MB hwm=2229MB
RSS_SAMPLE t=567.3s rss=2229MB hwm=2229MB
RSS_SAMPLE t=567.6s rss=2229MB hwm=2229MB
RSS_SAMPLE t=567.8s rss=2229MB hwm=2229MB
RSS_SAMPLE t=568.1s rss=2229MB hwm=2229MB
RSS_SAMPLE t=568.3s rss=2230MB hwm=2230MB
RSS_SAMPLE t=568.6s rss=2230MB hwm=2230MB
RSS_SAMPLE t=568.8s rss=2231MB hwm=2231MB
RSS_SAMPLE t=569.1s rss=2231MB hwm=2231MB
RSS_SAMPLE t=569.3s rss=2231MB hwm=2231MB
RSS_SAMPLE t=569.6s rss=2231MB hwm=2231MB
RSS_SAMPLE t=569.8s rss=2231MB hwm=2231MB
RSS_SAMPLE t=570.1s rss=2231MB hwm=2231MB
RSS_SAMPLE t=570.3s rss=2231MB hwm=2231MB
RSS_SAMPLE t=570.6s rss=2232MB hwm=2232MB
RSS_SAMPLE t=570.8s rss=2232MB hwm=2232MB
RSS_SAMPLE t=571.1s rss=2232MB hwm=2232MB
RSS_SAMPLE t=571.3s rss=2232MB hwm=2232MB
RSS_SAMPLE t=571.6s rss=2233MB hwm=2233MB
RSS_SAMPLE t=571.8s rss=2233MB hwm=2233MB
RSS_SAMPLE t=572.1s rss=2233MB hwm=2233MB
RSS_SAMPLE t=572.3s rss=2234MB hwm=2234MB
RSS_SAMPLE t=572.6s rss=2234MB hwm=2234MB
RSS_SAMPLE t=572.8s rss=2234MB hwm=2234MB
RSS_SAMPLE t=573.1s rss=2234MB hwm=2234MB
RSS_SAMPLE t=573.3s rss=2235MB hwm=2235MB
RSS_SAMPLE t=573.6s rss=2235MB hwm=2235MB
RSS_SAMPLE t=573.8s rss=2235MB hwm=2235MB
RSS_SAMPLE t=574.1s rss=2236MB hwm=2236MB
RSS_SAMPLE t=574.3s rss=2236MB hwm=2236MB
RSS_SAMPLE t=574.6s rss=2236MB hwm=2236MB
RSS_SAMPLE t=574.8s rss=2237MB hwm=2237MB
RSS_SAMPLE t=575.1s rss=2237MB hwm=2237MB
RSS_SAMPLE t=575.3s rss=2237MB hwm=2237MB
RSS_SAMPLE t=575.6s rss=2238MB hwm=2238MB
RSS_SAMPLE t=575.8s rss=2238MB hwm=2238MB
RSS_SAMPLE t=576.1s rss=2239MB hwm=2239MB
RSS_SAMPLE t=576.3s rss=2239MB hwm=2239MB
RSS_SAMPLE t=576.6s rss=2239MB hwm=2239MB
RSS_SAMPLE t=576.8s rss=2240MB hwm=2240MB
RSS_SAMPLE t=577.1s rss=2240MB hwm=2240MB
RSS_SAMPLE t=577.3s rss=2241MB hwm=2241MB
RSS_SAMPLE t=577.6s rss=2241MB hwm=2241MB
RSS_SAMPLE t=577.8s rss=2242MB hwm=2242MB
RSS_SAMPLE t=578.1s rss=2242MB hwm=2242MB
RSS_SAMPLE t=578.3s rss=2242MB hwm=2242MB
RSS_SAMPLE t=578.6s rss=2242MB hwm=2242MB
RSS_SAMPLE t=578.8s rss=2243MB hwm=2243MB
RSS_SAMPLE t=579.1s rss=2243MB hwm=2243MB
RSS_SAMPLE t=579.4s rss=2243MB hwm=2243MB
RSS_SAMPLE t=579.6s rss=2243MB hwm=2243MB
RSS_SAMPLE t=579.9s rss=2243MB hwm=2243MB
RSS_SAMPLE t=580.1s rss=2243MB hwm=2243MB
RSS_SAMPLE t=580.4s rss=2243MB hwm=2243MB
RSS_SAMPLE t=580.6s rss=2244MB hwm=2244MB
RSS_SAMPLE t=580.9s rss=2244MB hwm=2244MB
RSS_SAMPLE t=581.1s rss=2244MB hwm=2244MB
RSS_SAMPLE t=581.4s rss=2244MB hwm=2244MB
RSS_SAMPLE t=581.6s rss=2244MB hwm=2244MB
RSS_SAMPLE t=581.9s rss=2244MB hwm=2244MB
RSS_SAMPLE t=582.1s rss=2244MB hwm=2244MB
RSS_SAMPLE t=582.4s rss=2244MB hwm=2244MB
RSS_SAMPLE t=582.6s rss=2245MB hwm=2245MB
RSS_SAMPLE t=582.9s rss=2245MB hwm=2245MB
RSS_SAMPLE t=583.1s rss=2245MB hwm=2245MB
RSS_SAMPLE t=583.4s rss=2245MB hwm=2245MB
RSS_SAMPLE t=583.6s rss=2245MB hwm=2245MB
RSS_SAMPLE t=583.9s rss=2245MB hwm=2245MB
RSS_SAMPLE t=584.1s rss=2245MB hwm=2245MB
RSS_SAMPLE t=584.4s rss=2246MB hwm=2246MB
RSS_SAMPLE t=584.6s rss=2246MB hwm=2246MB
RSS_SAMPLE t=584.9s rss=2246MB hwm=2246MB
RSS_SAMPLE t=585.1s rss=2246MB hwm=2246MB
RSS_SAMPLE t=585.4s rss=2246MB hwm=2246MB
RSS_SAMPLE t=585.6s rss=2246MB hwm=2246MB
RSS_SAMPLE t=585.9s rss=2246MB hwm=2246MB
RSS_SAMPLE t=586.1s rss=2246MB hwm=2246MB
RSS_SAMPLE t=586.4s rss=2247MB hwm=2247MB
RSS_SAMPLE t=586.6s rss=2247MB hwm=2247MB
RSS_SAMPLE t=586.9s rss=2247MB hwm=2247MB
RSS_SAMPLE t=587.1s rss=2247MB hwm=2247MB
RSS_SAMPLE t=587.4s rss=2248MB hwm=2248MB
RSS_SAMPLE t=587.6s rss=2248MB hwm=2248MB
RSS_SAMPLE t=587.9s rss=2248MB hwm=2248MB
RSS_SAMPLE t=588.1s rss=2248MB hwm=2248MB
RSS_SAMPLE t=588.4s rss=2248MB hwm=2248MB
RSS_SAMPLE t=588.6s rss=2249MB hwm=2249MB
RSS_SAMPLE t=588.9s rss=2249MB hwm=2249MB
RSS_SAMPLE t=589.1s rss=2249MB hwm=2249MB
RSS_SAMPLE t=589.4s rss=2249MB hwm=2249MB
RSS_SAMPLE t=589.6s rss=2249MB hwm=2249MB
RSS_SAMPLE t=589.9s rss=2249MB hwm=2249MB
RSS_SAMPLE t=590.1s rss=2249MB hwm=2249MB
RSS_SAMPLE t=590.4s rss=2249MB hwm=2249MB
RSS_SAMPLE t=590.6s rss=2249MB hwm=2249MB
RSS_SAMPLE t=590.9s rss=2249MB hwm=2249MB
RSS_SAMPLE t=591.1s rss=2250MB hwm=2250MB
RSS_SAMPLE t=591.4s rss=2250MB hwm=2250MB
RSS_SAMPLE t=591.6s rss=2250MB hwm=2250MB
RSS_SAMPLE t=591.9s rss=2250MB hwm=2250MB
RSS_SAMPLE t=592.1s rss=2250MB hwm=2250MB
RSS_SAMPLE t=592.4s rss=2250MB hwm=2250MB
RSS_SAMPLE t=592.6s rss=2251MB hwm=2251MB
RSS_SAMPLE t=592.9s rss=2251MB hwm=2251MB
RSS_SAMPLE t=593.1s rss=2251MB hwm=2251MB
RSS_SAMPLE t=593.4s rss=2251MB hwm=2251MB
RSS_SAMPLE t=593.6s rss=2251MB hwm=2251MB
RSS_SAMPLE t=593.9s rss=2251MB hwm=2251MB
RSS_SAMPLE t=594.1s rss=2251MB hwm=2251MB
RSS_SAMPLE t=594.4s rss=2251MB hwm=2251MB
RSS_SAMPLE t=594.6s rss=2252MB hwm=2252MB
RSS_SAMPLE t=594.9s rss=2252MB hwm=2252MB
RSS_SAMPLE t=595.1s rss=2252MB hwm=2252MB
RSS_SAMPLE t=595.4s rss=2252MB hwm=2252MB
RSS_SAMPLE t=595.6s rss=2252MB hwm=2252MB
RSS_SAMPLE t=595.9s rss=2252MB hwm=2252MB
RSS_SAMPLE t=596.1s rss=2252MB hwm=2252MB
RSS_SAMPLE t=596.4s rss=2252MB hwm=2252MB
RSS_SAMPLE t=596.6s rss=2252MB hwm=2252MB
RSS_SAMPLE t=596.9s rss=2253MB hwm=2253MB
RSS_SAMPLE t=597.1s rss=2253MB hwm=2253MB
RSS_SAMPLE t=597.4s rss=2253MB hwm=2253MB
RSS_SAMPLE t=597.6s rss=2253MB hwm=2253MB
RSS_SAMPLE t=597.9s rss=2253MB hwm=2253MB
RSS_SAMPLE t=598.1s rss=2253MB hwm=2253MB
RSS_SAMPLE t=598.4s rss=2253MB hwm=2253MB
RSS_SAMPLE t=598.6s rss=2253MB hwm=2253MB
RSS_SAMPLE t=598.9s rss=2253MB hwm=2253MB
RSS_SAMPLE t=599.1s rss=2253MB hwm=2253MB
RSS_SAMPLE t=599.4s rss=2253MB hwm=2253MB
RSS_SAMPLE t=599.6s rss=2253MB hwm=2253MB
RSS_SAMPLE t=599.9s rss=2253MB hwm=2253MB
RSS_SAMPLE t=600.1s rss=2253MB hwm=2253MB
RSS_SAMPLE t=600.4s rss=2253MB hwm=2253MB
RSS_SAMPLE t=600.6s rss=2253MB hwm=2253MB
RSS_SAMPLE t=600.9s rss=2253MB hwm=2253MB
RSS_SAMPLE t=601.1s rss=2253MB hwm=2253MB
RSS_SAMPLE t=601.4s rss=2253MB hwm=2253MB
RSS_SAMPLE t=601.6s rss=2253MB hwm=2253MB
RSS_SAMPLE t=601.9s rss=2253MB hwm=2253MB
RSS_SAMPLE t=602.1s rss=2253MB hwm=2253MB
RSS_SAMPLE t=602.4s rss=2254MB hwm=2254MB
RSS_SAMPLE t=602.6s rss=2254MB hwm=2254MB
RSS_SAMPLE t=602.9s rss=2254MB hwm=2254MB
RSS_SAMPLE t=603.1s rss=2254MB hwm=2254MB
RSS_SAMPLE t=603.4s rss=2254MB hwm=2254MB
RSS_SAMPLE t=603.6s rss=2254MB hwm=2254MB
RSS_SAMPLE t=603.9s rss=2254MB hwm=2254MB
RSS_SAMPLE t=604.1s rss=2254MB hwm=2254MB
RSS_SAMPLE t=604.4s rss=2254MB hwm=2254MB
RSS_SAMPLE t=604.6s rss=2255MB hwm=2255MB
RSS_SAMPLE t=604.9s rss=2255MB hwm=2255MB
RSS_SAMPLE t=605.1s rss=2255MB hwm=2255MB
RSS_SAMPLE t=605.4s rss=2255MB hwm=2255MB
RSS_SAMPLE t=605.6s rss=2255MB hwm=2255MB
RSS_SAMPLE t=605.9s rss=2255MB hwm=2255MB
RSS_SAMPLE t=606.1s rss=2256MB hwm=2256MB
RSS_SAMPLE t=606.4s rss=2256MB hwm=2256MB
RSS_SAMPLE t=606.6s rss=2256MB hwm=2256MB
RSS_SAMPLE t=606.9s rss=2256MB hwm=2256MB
RSS_SAMPLE t=607.1s rss=2256MB hwm=2256MB
RSS_SAMPLE t=607.4s rss=2256MB hwm=2256MB
RSS_SAMPLE t=607.6s rss=2256MB hwm=2256MB
RSS_SAMPLE t=607.9s rss=2256MB hwm=2256MB
RSS_SAMPLE t=608.1s rss=2256MB hwm=2256MB
RSS_SAMPLE t=608.4s rss=2256MB hwm=2256MB
RSS_SAMPLE t=608.7s rss=2256MB hwm=2256MB
RSS_SAMPLE t=608.9s rss=2256MB hwm=2256MB
RSS_SAMPLE t=609.2s rss=2256MB hwm=2256MB
RSS_SAMPLE t=609.4s rss=2256MB hwm=2256MB
RSS_SAMPLE t=609.7s rss=2257MB hwm=2257MB
RSS_SAMPLE t=609.9s rss=2257MB hwm=2257MB
RSS_SAMPLE t=610.2s rss=2257MB hwm=2257MB
RSS_SAMPLE t=610.4s rss=2257MB hwm=2257MB
RSS_SAMPLE t=610.7s rss=2257MB hwm=2257MB
RSS_SAMPLE t=610.9s rss=2257MB hwm=2257MB
RSS_SAMPLE t=611.2s rss=2257MB hwm=2257MB
RSS_SAMPLE t=611.4s rss=2257MB hwm=2257MB
RSS_SAMPLE t=611.7s rss=2257MB hwm=2257MB
RSS_SAMPLE t=611.9s rss=2257MB hwm=2257MB
RSS_SAMPLE t=612.2s rss=2257MB hwm=2257MB
RSS_SAMPLE t=612.4s rss=2257MB hwm=2257MB
RSS_SAMPLE t=612.7s rss=2257MB hwm=2257MB
RSS_SAMPLE t=612.9s rss=2258MB hwm=2258MB
RSS_SAMPLE t=613.2s rss=2258MB hwm=2258MB
RSS_SAMPLE t=613.4s rss=2258MB hwm=2258MB
RSS_SAMPLE t=613.7s rss=2258MB hwm=2258MB
RSS_SAMPLE t=613.9s rss=2258MB hwm=2258MB
RSS_SAMPLE t=614.2s rss=2258MB hwm=2258MB
RSS_SAMPLE t=614.4s rss=2258MB hwm=2258MB
RSS_SAMPLE t=614.7s rss=2258MB hwm=2258MB
RSS_SAMPLE t=614.9s rss=2258MB hwm=2258MB
RSS_SAMPLE t=615.2s rss=2258MB hwm=2258MB
RSS_SAMPLE t=615.4s rss=2258MB hwm=2258MB
RSS_SAMPLE t=615.7s rss=2258MB hwm=2258MB
RSS_SAMPLE t=615.9s rss=2259MB hwm=2259MB
RSS_SAMPLE t=616.2s rss=2259MB hwm=2259MB
RSS_SAMPLE t=616.4s rss=2259MB hwm=2259MB
RSS_SAMPLE t=616.7s rss=2259MB hwm=2259MB
RSS_SAMPLE t=616.9s rss=2259MB hwm=2259MB
RSS_SAMPLE t=617.2s rss=2259MB hwm=2259MB
RSS_SAMPLE t=617.4s rss=2259MB hwm=2259MB
RSS_SAMPLE t=617.7s rss=2259MB hwm=2259MB
RSS_SAMPLE t=617.9s rss=2259MB hwm=2259MB
RSS_SAMPLE t=618.2s rss=2259MB hwm=2259MB
RSS_SAMPLE t=618.4s rss=2259MB hwm=2259MB
RSS_SAMPLE t=618.7s rss=2259MB hwm=2259MB
RSS_SAMPLE t=618.9s rss=2260MB hwm=2260MB
RSS_SAMPLE t=619.2s rss=2260MB hwm=2260MB
RSS_SAMPLE t=619.4s rss=2260MB hwm=2260MB
RSS_SAMPLE t=619.7s rss=2260MB hwm=2260MB
RSS_SAMPLE t=619.9s rss=2260MB hwm=2260MB
RSS_SAMPLE t=620.2s rss=2260MB hwm=2260MB
RSS_SAMPLE t=620.4s rss=2260MB hwm=2260MB
RSS_SAMPLE t=620.7s rss=2260MB hwm=2260MB
RSS_SAMPLE t=620.9s rss=2260MB hwm=2260MB
RSS_SAMPLE t=621.2s rss=2261MB hwm=2261MB
RSS_SAMPLE t=621.4s rss=2261MB hwm=2261MB
RSS_SAMPLE t=621.7s rss=2261MB hwm=2261MB
RSS_SAMPLE t=621.9s rss=2261MB hwm=2261MB
RSS_SAMPLE t=622.2s rss=2261MB hwm=2261MB
RSS_SAMPLE t=622.4s rss=2261MB hwm=2261MB
RSS_SAMPLE t=622.7s rss=2261MB hwm=2261MB
RSS_SAMPLE t=622.9s rss=2261MB hwm=2261MB
RSS_SAMPLE t=623.2s rss=2262MB hwm=2262MB
RSS_SAMPLE t=623.4s rss=2262MB hwm=2262MB
RSS_SAMPLE t=623.7s rss=2262MB hwm=2262MB
RSS_SAMPLE t=623.9s rss=2263MB hwm=2263MB
RSS_SAMPLE t=624.2s rss=2263MB hwm=2263MB
RSS_SAMPLE t=624.4s rss=2263MB hwm=2263MB
RSS_SAMPLE t=624.7s rss=2263MB hwm=2263MB
RSS_SAMPLE t=624.9s rss=2264MB hwm=2264MB
RSS_SAMPLE t=625.2s rss=2264MB hwm=2264MB
RSS_SAMPLE t=625.4s rss=2264MB hwm=2264MB
RSS_SAMPLE t=625.7s rss=2264MB hwm=2264MB
RSS_SAMPLE t=625.9s rss=2264MB hwm=2264MB
RSS_SAMPLE t=626.2s rss=2264MB hwm=2264MB
RSS_SAMPLE t=626.4s rss=2265MB hwm=2265MB
RSS_SAMPLE t=626.7s rss=2265MB hwm=2265MB
RSS_SAMPLE t=626.9s rss=2265MB hwm=2265MB
RSS_SAMPLE t=627.2s rss=2265MB hwm=2265MB
RSS_SAMPLE t=627.4s rss=2266MB hwm=2266MB
RSS_SAMPLE t=627.7s rss=2266MB hwm=2266MB
RSS_SAMPLE t=627.9s rss=2266MB hwm=2266MB
RSS_SAMPLE t=628.2s rss=2267MB hwm=2267MB
RSS_SAMPLE t=628.4s rss=2267MB hwm=2267MB
RSS_SAMPLE t=628.7s rss=2267MB hwm=2267MB
RSS_SAMPLE t=628.9s rss=2267MB hwm=2267MB
RSS_SAMPLE t=629.2s rss=2267MB hwm=2267MB
RSS_SAMPLE t=629.4s rss=2268MB hwm=2268MB
RSS_SAMPLE t=629.7s rss=2268MB hwm=2268MB
RSS_SAMPLE t=629.9s rss=2268MB hwm=2268MB
RSS_SAMPLE t=630.2s rss=2268MB hwm=2268MB
RSS_SAMPLE t=630.4s rss=2269MB hwm=2269MB
RSS_SAMPLE t=630.7s rss=2269MB hwm=2269MB
RSS_SAMPLE t=630.9s rss=2269MB hwm=2269MB
RSS_SAMPLE t=631.2s rss=2270MB hwm=2270MB
RSS_SAMPLE t=631.4s rss=2270MB hwm=2270MB
RSS_SAMPLE t=631.7s rss=2270MB hwm=2270MB
RSS_SAMPLE t=631.9s rss=2270MB hwm=2270MB
RSS_SAMPLE t=632.2s rss=2270MB hwm=2270MB
RSS_SAMPLE t=632.4s rss=2271MB hwm=2271MB
RSS_SAMPLE t=632.7s rss=2271MB hwm=2271MB
RSS_SAMPLE t=632.9s rss=2272MB hwm=2272MB
RSS_SAMPLE t=633.2s rss=2272MB hwm=2272MB
RSS_SAMPLE t=633.4s rss=2272MB hwm=2272MB
RSS_SAMPLE t=633.7s rss=2272MB hwm=2272MB
RSS_SAMPLE t=633.9s rss=2272MB hwm=2272MB
RSS_SAMPLE t=634.2s rss=2272MB hwm=2272MB
RSS_SAMPLE t=634.4s rss=2272MB hwm=2272MB
RSS_SAMPLE t=634.7s rss=2273MB hwm=2273MB
RSS_SAMPLE t=634.9s rss=2273MB hwm=2273MB
RSS_SAMPLE t=635.2s rss=2273MB hwm=2273MB
RSS_SAMPLE t=635.4s rss=2273MB hwm=2273MB
RSS_SAMPLE t=635.7s rss=2273MB hwm=2273MB
RSS_SAMPLE t=635.9s rss=2273MB hwm=2273MB
RSS_SAMPLE t=636.2s rss=2273MB hwm=2273MB
RSS_SAMPLE t=636.4s rss=2273MB hwm=2273MB
RSS_SAMPLE t=636.7s rss=2273MB hwm=2273MB
RSS_SAMPLE t=636.9s rss=2273MB hwm=2273MB
RSS_SAMPLE t=637.2s rss=2273MB hwm=2273MB
RSS_SAMPLE t=637.4s rss=2273MB hwm=2273MB
RSS_SAMPLE t=637.7s rss=2273MB hwm=2273MB
RSS_SAMPLE t=637.9s rss=2273MB hwm=2273MB
RSS_SAMPLE t=638.2s rss=2273MB hwm=2273MB
RSS_SAMPLE t=638.4s rss=2273MB hwm=2273MB
RSS_SAMPLE t=638.7s rss=2273MB hwm=2273MB
RSS_SAMPLE t=638.9s rss=2273MB hwm=2273MB
RSS_SAMPLE t=639.2s rss=2273MB hwm=2273MB
RSS_SAMPLE t=639.4s rss=2273MB hwm=2273MB
RSS_SAMPLE t=639.7s rss=2273MB hwm=2273MB
RSS_SAMPLE t=639.9s rss=2273MB hwm=2273MB
RSS_SAMPLE t=640.2s rss=2274MB hwm=2274MB
RSS_SAMPLE t=640.4s rss=2274MB hwm=2274MB
RSS_SAMPLE t=640.7s rss=2274MB hwm=2274MB
RSS_SAMPLE t=640.9s rss=2274MB hwm=2274MB
RSS_SAMPLE t=641.2s rss=2274MB hwm=2274MB
RSS_SAMPLE t=641.4s rss=2274MB hwm=2274MB
RSS_SAMPLE t=641.7s rss=2274MB hwm=2274MB
RSS_SAMPLE t=641.9s rss=2274MB hwm=2274MB
RSS_SAMPLE t=642.2s rss=2274MB hwm=2274MB
RSS_SAMPLE t=642.4s rss=2274MB hwm=2274MB
RSS_SAMPLE t=642.7s rss=2274MB hwm=2274MB
RSS_SAMPLE t=642.9s rss=2274MB hwm=2274MB
RSS_SAMPLE t=643.2s rss=2274MB hwm=2274MB
RSS_SAMPLE t=643.4s rss=2274MB hwm=2274MB
RSS_SAMPLE t=643.7s rss=2274MB hwm=2274MB
RSS_SAMPLE t=643.9s rss=2274MB hwm=2274MB
RSS_SAMPLE t=644.2s rss=2274MB hwm=2274MB
RSS_SAMPLE t=644.4s rss=2274MB hwm=2274MB
RSS_SAMPLE t=644.7s rss=2274MB hwm=2274MB
RSS_SAMPLE t=644.9s rss=2274MB hwm=2274MB
RSS_SAMPLE t=645.2s rss=2274MB hwm=2274MB
RSS_SAMPLE t=645.4s rss=2274MB hwm=2274MB
RSS_SAMPLE t=645.7s rss=2274MB hwm=2274MB
RSS_SAMPLE t=645.9s rss=2274MB hwm=2274MB
RSS_SAMPLE t=646.2s rss=2275MB hwm=2275MB
RSS_SAMPLE t=646.4s rss=2275MB hwm=2275MB
RSS_SAMPLE t=646.7s rss=2275MB hwm=2275MB
RSS_SAMPLE t=646.9s rss=2275MB hwm=2275MB
RSS_SAMPLE t=647.2s rss=2275MB hwm=2275MB
RSS_SAMPLE t=647.4s rss=2275MB hwm=2275MB
RSS_SAMPLE t=647.7s rss=2275MB hwm=2275MB
RSS_SAMPLE t=647.9s rss=2275MB hwm=2275MB
RSS_SAMPLE t=648.2s rss=2275MB hwm=2275MB
RSS_SAMPLE t=648.4s rss=2275MB hwm=2275MB
RSS_SAMPLE t=648.7s rss=2275MB hwm=2275MB
RSS_SAMPLE t=648.9s rss=2275MB hwm=2275MB
RSS_SAMPLE t=649.2s rss=2275MB hwm=2275MB
RSS_SAMPLE t=649.4s rss=2275MB hwm=2275MB
RSS_SAMPLE t=649.7s rss=2275MB hwm=2275MB
RSS_SAMPLE t=649.9s rss=2275MB hwm=2275MB
RSS_SAMPLE t=650.2s rss=2275MB hwm=2275MB
RSS_SAMPLE t=650.4s rss=2275MB hwm=2275MB
RSS_SAMPLE t=650.7s rss=2275MB hwm=2275MB
RSS_SAMPLE t=650.9s rss=2275MB hwm=2275MB
RSS_SAMPLE t=651.2s rss=2276MB hwm=2276MB
RSS_SAMPLE t=651.4s rss=2276MB hwm=2276MB
RSS_SAMPLE t=651.7s rss=2276MB hwm=2276MB
RSS_SAMPLE t=651.9s rss=2276MB hwm=2276MB
RSS_SAMPLE t=652.2s rss=2276MB hwm=2276MB
RSS_SAMPLE t=652.4s rss=2276MB hwm=2276MB
RSS_SAMPLE t=652.7s rss=2276MB hwm=2276MB
RSS_SAMPLE t=652.9s rss=2276MB hwm=2276MB
RSS_SAMPLE t=653.2s rss=2276MB hwm=2276MB
RSS_SAMPLE t=653.4s rss=2276MB hwm=2276MB
RSS_SAMPLE t=653.7s rss=2276MB hwm=2276MB
RSS_SAMPLE t=653.9s rss=2276MB hwm=2276MB
RSS_SAMPLE t=654.2s rss=2276MB hwm=2276MB
RSS_SAMPLE t=654.4s rss=2276MB hwm=2276MB
RSS_SAMPLE t=654.7s rss=2276MB hwm=2276MB
RSS_SAMPLE t=654.9s rss=2276MB hwm=2276MB
RSS_SAMPLE t=655.2s rss=2276MB hwm=2276MB
RSS_SAMPLE t=655.4s rss=2276MB hwm=2276MB
RSS_SAMPLE t=655.7s rss=2276MB hwm=2276MB
RSS_SAMPLE t=655.9s rss=2276MB hwm=2276MB
RSS_SAMPLE t=656.2s rss=2276MB hwm=2276MB
RSS_SAMPLE t=656.4s rss=2276MB hwm=2276MB
RSS_SAMPLE t=656.7s rss=2276MB hwm=2276MB
RSS_SAMPLE t=656.9s rss=2277MB hwm=2277MB
RSS_SAMPLE t=657.2s rss=2277MB hwm=2277MB
RSS_SAMPLE t=657.4s rss=2277MB hwm=2277MB
RSS_SAMPLE t=657.7s rss=2277MB hwm=2277MB
RSS_SAMPLE t=657.9s rss=2277MB hwm=2277MB
RSS_SAMPLE t=658.2s rss=2277MB hwm=2277MB
RSS_SAMPLE t=658.4s rss=2277MB hwm=2277MB
RSS_SAMPLE t=658.7s rss=2277MB hwm=2277MB
RSS_SAMPLE t=658.9s rss=2277MB hwm=2277MB
RSS_SAMPLE t=659.2s rss=2277MB hwm=2277MB
RSS_SAMPLE t=659.4s rss=2277MB hwm=2277MB
RSS_SAMPLE t=659.7s rss=2277MB hwm=2277MB
RSS_SAMPLE t=659.9s rss=2277MB hwm=2277MB
RSS_SAMPLE t=660.2s rss=2277MB hwm=2277MB
RSS_SAMPLE t=660.4s rss=2277MB hwm=2277MB
RSS_SAMPLE t=660.7s rss=2277MB hwm=2277MB
RSS_SAMPLE t=660.9s rss=2277MB hwm=2277MB
RSS_SAMPLE t=661.2s rss=2277MB hwm=2277MB
RSS_SAMPLE t=661.4s rss=2277MB hwm=2277MB
RSS_SAMPLE t=661.7s rss=2277MB hwm=2277MB
RSS_SAMPLE t=661.9s rss=2277MB hwm=2277MB
RSS_SAMPLE t=662.2s rss=2277MB hwm=2277MB
RSS_SAMPLE t=662.4s rss=2277MB hwm=2277MB
RSS_SAMPLE t=662.7s rss=2277MB hwm=2277MB
RSS_SAMPLE t=662.9s rss=2277MB hwm=2277MB
RSS_SAMPLE t=663.2s rss=2278MB hwm=2278MB
RSS_SAMPLE t=663.4s rss=2278MB hwm=2278MB
RSS_SAMPLE t=663.7s rss=2278MB hwm=2278MB
RSS_SAMPLE t=663.9s rss=2278MB hwm=2278MB
RSS_SAMPLE t=664.2s rss=2278MB hwm=2278MB
RSS_SAMPLE t=664.4s rss=2278MB hwm=2278MB
RSS_SAMPLE t=664.7s rss=2278MB hwm=2278MB
RSS_SAMPLE t=664.9s rss=2278MB hwm=2278MB
RSS_SAMPLE t=665.2s rss=2278MB hwm=2278MB
RSS_SAMPLE t=665.4s rss=2278MB hwm=2278MB
RSS_SAMPLE t=665.7s rss=2278MB hwm=2278MB
RSS_SAMPLE t=665.9s rss=2278MB hwm=2278MB
RSS_SAMPLE t=666.2s rss=2278MB hwm=2278MB
RSS_SAMPLE t=666.4s rss=2278MB hwm=2278MB
RSS_SAMPLE t=666.7s rss=2278MB hwm=2278MB
RSS_SAMPLE t=666.9s rss=2278MB hwm=2278MB
RSS_SAMPLE t=667.2s rss=2278MB hwm=2278MB
RSS_SAMPLE t=667.4s rss=2278MB hwm=2278MB
RSS_SAMPLE t=667.7s rss=2278MB hwm=2278MB
RSS_SAMPLE t=667.9s rss=2278MB hwm=2278MB
RSS_SAMPLE t=668.2s rss=2278MB hwm=2278MB
RSS_SAMPLE t=668.4s rss=2278MB hwm=2278MB
RSS_SAMPLE t=668.7s rss=2278MB hwm=2278MB
RSS_SAMPLE t=668.9s rss=2278MB hwm=2278MB
RSS_SAMPLE t=669.2s rss=2278MB hwm=2278MB
RSS_SAMPLE t=669.4s rss=2278MB hwm=2278MB
RSS_SAMPLE t=669.7s rss=2278MB hwm=2278MB
RSS_SAMPLE t=669.9s rss=2278MB hwm=2278MB
RSS_SAMPLE t=670.2s rss=2278MB hwm=2278MB
RSS_SAMPLE t=670.5s rss=2278MB hwm=2278MB
RSS_SAMPLE t=670.7s rss=2278MB hwm=2278MB
RSS_SAMPLE t=671.0s rss=2278MB hwm=2278MB
RSS_SAMPLE t=671.2s rss=2278MB hwm=2278MB
RSS_SAMPLE t=671.5s rss=2278MB hwm=2278MB
RSS_SAMPLE t=671.7s rss=2278MB hwm=2278MB
RSS_SAMPLE t=672.0s rss=2278MB hwm=2278MB
RSS_SAMPLE t=672.2s rss=2278MB hwm=2278MB
RSS_SAMPLE t=672.5s rss=2278MB hwm=2278MB
RSS_SAMPLE t=672.7s rss=2278MB hwm=2278MB
RSS_SAMPLE t=673.0s rss=2278MB hwm=2278MB
RSS_SAMPLE t=673.2s rss=2278MB hwm=2278MB
RSS_SAMPLE t=673.5s rss=2278MB hwm=2278MB
RSS_SAMPLE t=673.7s rss=2278MB hwm=2278MB
RSS_SAMPLE t=674.0s rss=2278MB hwm=2278MB
RSS_SAMPLE t=674.2s rss=2278MB hwm=2278MB
RSS_SAMPLE t=674.5s rss=2278MB hwm=2278MB
RSS_SAMPLE t=674.7s rss=2278MB hwm=2278MB
RSS_SAMPLE t=675.0s rss=2279MB hwm=2279MB
RSS_SAMPLE t=675.2s rss=2279MB hwm=2279MB
RSS_SAMPLE t=675.5s rss=2279MB hwm=2279MB
RSS_SAMPLE t=675.7s rss=2279MB hwm=2279MB
RSS_SAMPLE t=676.0s rss=2279MB hwm=2279MB
RSS_SAMPLE t=676.2s rss=2279MB hwm=2279MB
RSS_SAMPLE t=676.5s rss=2279MB hwm=2279MB
RSS_SAMPLE t=676.7s rss=2279MB hwm=2279MB
RSS_SAMPLE t=677.0s rss=2279MB hwm=2279MB
RSS_SAMPLE t=677.2s rss=2279MB hwm=2279MB
RSS_SAMPLE t=677.5s rss=2279MB hwm=2279MB
RSS_SAMPLE t=677.7s rss=2279MB hwm=2279MB
RSS_SAMPLE t=678.0s rss=2279MB hwm=2279MB
RSS_SAMPLE t=678.2s rss=2279MB hwm=2279MB
RSS_SAMPLE t=678.5s rss=2279MB hwm=2279MB
RSS_SAMPLE t=678.7s rss=2279MB hwm=2279MB
RSS_SAMPLE t=679.0s rss=2279MB hwm=2279MB
RSS_SAMPLE t=679.2s rss=2279MB hwm=2279MB
RSS_SAMPLE t=679.5s rss=2279MB hwm=2279MB
RSS_SAMPLE t=679.7s rss=2279MB hwm=2279MB
RSS_SAMPLE t=680.0s rss=2279MB hwm=2279MB
RSS_SAMPLE t=680.2s rss=2279MB hwm=2279MB
RSS_SAMPLE t=680.5s rss=2279MB hwm=2279MB
RSS_SAMPLE t=680.7s rss=2279MB hwm=2279MB
RSS_SAMPLE t=681.0s rss=2279MB hwm=2279MB
RSS_SAMPLE t=681.2s rss=2279MB hwm=2279MB
RSS_SAMPLE t=681.5s rss=2279MB hwm=2279MB
RSS_SAMPLE t=681.7s rss=2279MB hwm=2279MB
RSS_SAMPLE t=682.0s rss=2279MB hwm=2279MB
RSS_SAMPLE t=682.2s rss=2279MB hwm=2279MB
RSS_SAMPLE t=682.5s rss=2279MB hwm=2279MB
RSS_SAMPLE t=682.7s rss=2279MB hwm=2279MB
RSS_SAMPLE t=683.0s rss=2279MB hwm=2279MB
RSS_SAMPLE t=683.2s rss=2279MB hwm=2279MB
RSS_SAMPLE t=683.5s rss=2279MB hwm=2279MB
RSS_SAMPLE t=683.7s rss=2279MB hwm=2279MB
RSS_SAMPLE t=684.0s rss=2279MB hwm=2279MB
RSS_SAMPLE t=684.2s rss=2279MB hwm=2279MB
RSS_SAMPLE t=684.5s rss=2279MB hwm=2279MB
RSS_SAMPLE t=684.7s rss=2279MB hwm=2279MB
RSS_SAMPLE t=685.0s rss=2279MB hwm=2279MB
RSS_SAMPLE t=685.2s rss=2279MB hwm=2279MB
RSS_SAMPLE t=685.5s rss=2279MB hwm=2279MB
RSS_SAMPLE t=685.7s rss=2279MB hwm=2279MB
RSS_SAMPLE t=686.0s rss=2279MB hwm=2279MB
RSS_SAMPLE t=686.2s rss=2279MB hwm=2279MB
RSS_SAMPLE t=686.5s rss=2279MB hwm=2279MB
RSS_SAMPLE t=686.7s rss=2279MB hwm=2279MB
RSS_SAMPLE t=687.0s rss=2279MB hwm=2279MB
RSS_SAMPLE t=687.2s rss=2279MB hwm=2279MB
RSS_SAMPLE t=687.5s rss=2279MB hwm=2279MB
RSS_SAMPLE t=687.7s rss=2279MB hwm=2279MB
RSS_SAMPLE t=688.0s rss=2279MB hwm=2279MB
RSS_SAMPLE t=688.2s rss=2279MB hwm=2279MB
RSS_SAMPLE t=688.5s rss=2279MB hwm=2279MB
RSS_SAMPLE t=688.7s rss=2279MB hwm=2279MB
RSS_SAMPLE t=689.0s rss=2279MB hwm=2279MB
RSS_SAMPLE t=689.2s rss=2279MB hwm=2279MB
RSS_SAMPLE t=689.5s rss=2279MB hwm=2279MB
RSS_SAMPLE t=689.7s rss=2279MB hwm=2279MB
RSS_SAMPLE t=690.0s rss=2279MB hwm=2279MB
RSS_SAMPLE t=690.2s rss=2279MB hwm=2279MB
RSS_SAMPLE t=690.5s rss=2279MB hwm=2279MB
RSS_SAMPLE t=690.7s rss=2279MB hwm=2279MB
RSS_SAMPLE t=691.0s rss=2279MB hwm=2279MB
RSS_SAMPLE t=691.2s rss=2279MB hwm=2279MB
RSS_SAMPLE t=691.5s rss=2279MB hwm=2279MB
RSS_SAMPLE t=691.7s rss=2279MB hwm=2279MB
RSS_SAMPLE t=692.0s rss=2279MB hwm=2279MB
RSS_SAMPLE t=692.2s rss=2279MB hwm=2279MB
RSS_SAMPLE t=692.5s rss=2279MB hwm=2279MB
RSS_SAMPLE t=692.7s rss=2279MB hwm=2279MB
RSS_SAMPLE t=693.0s rss=2279MB hwm=2279MB
RSS_SAMPLE t=693.2s rss=2279MB hwm=2279MB
RSS_SAMPLE t=693.5s rss=2279MB hwm=2279MB
RSS_SAMPLE t=693.7s rss=2280MB hwm=2280MB
RSS_SAMPLE t=694.0s rss=2280MB hwm=2280MB
RSS_SAMPLE t=694.2s rss=2280MB hwm=2280MB
RSS_SAMPLE t=694.5s rss=2280MB hwm=2280MB
RSS_SAMPLE t=694.7s rss=2280MB hwm=2280MB
RSS_SAMPLE t=695.0s rss=2280MB hwm=2280MB
RSS_SAMPLE t=695.2s rss=2280MB hwm=2280MB
RSS_SAMPLE t=695.5s rss=2280MB hwm=2280MB
RSS_SAMPLE t=695.7s rss=2280MB hwm=2280MB
RSS_SAMPLE t=696.0s rss=2280MB hwm=2280MB
RSS_SAMPLE t=696.2s rss=2280MB hwm=2280MB
RSS_SAMPLE t=696.5s rss=2280MB hwm=2280MB
RSS_SAMPLE t=696.7s rss=2280MB hwm=2280MB
RSS_SAMPLE t=697.0s rss=2280MB hwm=2280MB
RSS_SAMPLE t=697.2s rss=2280MB hwm=2280MB
RSS_SAMPLE t=697.5s rss=2280MB hwm=2280MB
RSS_SAMPLE t=697.7s rss=2280MB hwm=2280MB
RSS_SAMPLE t=698.0s rss=2280MB hwm=2280MB
RSS_SAMPLE t=698.2s rss=2280MB hwm=2280MB
RSS_SAMPLE t=698.5s rss=2280MB hwm=2280MB
RSS_SAMPLE t=698.7s rss=2280MB hwm=2280MB
RSS_SAMPLE t=699.0s rss=2280MB hwm=2280MB
RSS_SAMPLE t=699.2s rss=2280MB hwm=2280MB
RSS_SAMPLE t=699.5s rss=2280MB hwm=2280MB
RSS_SAMPLE t=699.7s rss=2280MB hwm=2280MB
RSS_SAMPLE t=700.0s rss=2280MB hwm=2280MB
RSS_SAMPLE t=700.2s rss=2280MB hwm=2280MB
RSS_SAMPLE t=700.5s rss=2280MB hwm=2280MB
RSS_SAMPLE t=700.7s rss=2280MB hwm=2280MB
RSS_SAMPLE t=701.0s rss=2280MB hwm=2280MB
RSS_SAMPLE t=701.3s rss=2280MB hwm=2280MB
RSS_SAMPLE t=701.5s rss=2280MB hwm=2280MB
RSS_SAMPLE t=701.8s rss=2280MB hwm=2280MB
RSS_SAMPLE t=702.0s rss=2280MB hwm=2280MB
RSS_SAMPLE t=702.3s rss=2280MB hwm=2280MB
RSS_SAMPLE t=702.5s rss=2280MB hwm=2280MB
RSS_SAMPLE t=702.8s rss=2280MB hwm=2280MB
RSS_SAMPLE t=703.0s rss=2280MB hwm=2280MB
RSS_SAMPLE t=703.3s rss=2280MB hwm=2280MB
RSS_SAMPLE t=703.5s rss=2280MB hwm=2280MB
RSS_SAMPLE t=703.8s rss=2280MB hwm=2280MB
RSS_SAMPLE t=704.0s rss=2280MB hwm=2280MB
RSS_SAMPLE t=704.3s rss=2280MB hwm=2280MB
RSS_SAMPLE t=704.5s rss=2280MB hwm=2280MB
RSS_SAMPLE t=704.8s rss=2280MB hwm=2280MB
RSS_SAMPLE t=705.0s rss=2280MB hwm=2280MB
RSS_SAMPLE t=705.3s rss=2280MB hwm=2280MB
RSS_SAMPLE t=705.5s rss=2280MB hwm=2280MB
RSS_SAMPLE t=705.8s rss=2280MB hwm=2280MB
RSS_SAMPLE t=706.0s rss=2280MB hwm=2280MB
RSS_SAMPLE t=706.3s rss=2280MB hwm=2280MB
RSS_SAMPLE t=706.5s rss=2280MB hwm=2280MB
RSS_SAMPLE t=706.8s rss=2281MB hwm=2281MB
RSS_SAMPLE t=707.0s rss=2281MB hwm=2281MB
RSS_SAMPLE t=707.3s rss=2281MB hwm=2281MB
RSS_SAMPLE t=707.5s rss=2281MB hwm=2281MB
RSS_SAMPLE t=707.8s rss=2281MB hwm=2281MB
RSS_SAMPLE t=708.0s rss=2281MB hwm=2281MB
RSS_SAMPLE t=708.3s rss=2281MB hwm=2281MB
RSS_SAMPLE t=708.5s rss=2281MB hwm=2281MB
RSS_SAMPLE t=708.8s rss=2281MB hwm=2281MB
RSS_SAMPLE t=709.0s rss=2281MB hwm=2281MB
RSS_SAMPLE t=709.3s rss=2281MB hwm=2281MB
RSS_SAMPLE t=709.5s rss=2281MB hwm=2281MB
RSS_SAMPLE t=709.8s rss=2281MB hwm=2281MB
RSS_SAMPLE t=710.0s rss=2281MB hwm=2281MB
RSS_SAMPLE t=710.3s rss=2281MB hwm=2281MB
RSS_SAMPLE t=710.5s rss=2281MB hwm=2281MB
RSS_SAMPLE t=710.8s rss=2281MB hwm=2281MB
RSS_SAMPLE t=711.0s rss=2281MB hwm=2281MB
RSS_SAMPLE t=711.3s rss=2281MB hwm=2281MB
RSS_SAMPLE t=711.5s rss=2281MB hwm=2281MB
RSS_SAMPLE t=711.8s rss=2281MB hwm=2281MB
RSS_SAMPLE t=712.0s rss=2281MB hwm=2281MB
RSS_SAMPLE t=712.3s rss=2281MB hwm=2281MB
RSS_SAMPLE t=712.5s rss=2281MB hwm=2281MB
RSS_SAMPLE t=712.8s rss=2282MB hwm=2282MB
RSS_SAMPLE t=713.0s rss=2282MB hwm=2282MB
RSS_SAMPLE t=713.3s rss=2282MB hwm=2282MB
RSS_SAMPLE t=713.5s rss=2282MB hwm=2282MB
RSS_SAMPLE t=713.8s rss=2282MB hwm=2282MB
RSS_SAMPLE t=714.0s rss=2282MB hwm=2282MB
RSS_SAMPLE t=714.3s rss=2282MB hwm=2282MB
RSS_SAMPLE t=714.5s rss=2282MB hwm=2282MB
RSS_SAMPLE t=714.8s rss=2282MB hwm=2282MB
RSS_SAMPLE t=715.0s rss=2282MB hwm=2282MB
RSS_SAMPLE t=715.3s rss=2282MB hwm=2282MB
RSS_SAMPLE t=715.5s rss=2282MB hwm=2282MB
RSS_SAMPLE t=715.8s rss=2282MB hwm=2282MB
RSS_SAMPLE t=716.0s rss=2282MB hwm=2282MB
RSS_SAMPLE t=716.3s rss=2282MB hwm=2282MB
RSS_SAMPLE t=716.5s rss=2282MB hwm=2282MB
RSS_SAMPLE t=716.8s rss=2282MB hwm=2282MB
RSS_SAMPLE t=717.0s rss=2282MB hwm=2282MB
RSS_SAMPLE t=717.3s rss=2282MB hwm=2282MB
RSS_SAMPLE t=717.5s rss=2282MB hwm=2282MB
RSS_SAMPLE t=717.8s rss=2282MB hwm=2282MB
RSS_SAMPLE t=718.0s rss=2282MB hwm=2282MB
RSS_SAMPLE t=718.3s rss=2282MB hwm=2282MB
RSS_SAMPLE t=718.5s rss=2283MB hwm=2283MB
RSS_SAMPLE t=718.8s rss=2283MB hwm=2283MB
RSS_SAMPLE t=719.0s rss=2283MB hwm=2283MB
RSS_SAMPLE t=719.3s rss=2283MB hwm=2283MB
RSS_SAMPLE t=719.5s rss=2283MB hwm=2283MB
RSS_SAMPLE t=719.8s rss=2283MB hwm=2283MB
RSS_SAMPLE t=720.0s rss=2283MB hwm=2283MB
RSS_SAMPLE t=720.3s rss=2283MB hwm=2283MB
RSS_SAMPLE t=720.5s rss=2283MB hwm=2283MB
RSS_SAMPLE t=720.8s rss=2283MB hwm=2283MB
RSS_SAMPLE t=721.0s rss=2283MB hwm=2283MB
RSS_SAMPLE t=721.3s rss=2283MB hwm=2283MB
RSS_SAMPLE t=721.5s rss=2283MB hwm=2283MB
RSS_SAMPLE t=721.8s rss=2283MB hwm=2283MB
RSS_SAMPLE t=722.0s rss=2283MB hwm=2283MB
RSS_SAMPLE t=722.3s rss=2283MB hwm=2283MB
RSS_SAMPLE t=722.5s rss=2283MB hwm=2283MB
RSS_SAMPLE t=722.8s rss=2284MB hwm=2284MB
RSS_SAMPLE t=723.0s rss=2284MB hwm=2284MB
RSS_SAMPLE t=723.3s rss=2284MB hwm=2284MB
RSS_SAMPLE t=723.5s rss=2284MB hwm=2284MB
RSS_SAMPLE t=723.8s rss=2284MB hwm=2284MB
RSS_SAMPLE t=724.0s rss=2284MB hwm=2284MB
RSS_SAMPLE t=724.3s rss=2284MB hwm=2284MB
RSS_SAMPLE t=724.5s rss=2284MB hwm=2284MB
RSS_SAMPLE t=724.8s rss=2284MB hwm=2284MB
RSS_SAMPLE t=725.0s rss=2284MB hwm=2284MB
RSS_SAMPLE t=725.3s rss=2284MB hwm=2284MB
RSS_SAMPLE t=725.5s rss=2284MB hwm=2284MB
RSS_SAMPLE t=725.8s rss=2284MB hwm=2284MB
RSS_SAMPLE t=726.0s rss=2284MB hwm=2284MB
RSS_SAMPLE t=726.3s rss=2284MB hwm=2284MB
RSS_SAMPLE t=726.5s rss=2284MB hwm=2284MB
RSS_SAMPLE t=726.8s rss=2284MB hwm=2284MB
RSS_SAMPLE t=727.0s rss=2284MB hwm=2284MB
RSS_SAMPLE t=727.3s rss=2285MB hwm=2285MB
RSS_SAMPLE t=727.5s rss=2285MB hwm=2285MB
RSS_SAMPLE t=727.8s rss=2285MB hwm=2285MB
RSS_SAMPLE t=728.0s rss=2285MB hwm=2285MB
RSS_SAMPLE t=728.3s rss=2285MB hwm=2285MB
RSS_SAMPLE t=728.5s rss=2285MB hwm=2285MB
RSS_SAMPLE t=728.8s rss=2285MB hwm=2285MB
RSS_SAMPLE t=729.0s rss=2285MB hwm=2285MB
RSS_SAMPLE t=729.3s rss=2285MB hwm=2285MB
RSS_SAMPLE t=729.5s rss=2285MB hwm=2285MB
RSS_SAMPLE t=729.8s rss=2285MB hwm=2285MB
RSS_SAMPLE t=730.0s rss=2285MB hwm=2285MB
RSS_SAMPLE t=730.3s rss=2285MB hwm=2285MB
RSS_SAMPLE t=730.5s rss=2285MB hwm=2285MB
RSS_SAMPLE t=730.8s rss=2285MB hwm=2285MB
RSS_SAMPLE t=731.0s rss=2285MB hwm=2285MB
RSS_SAMPLE t=731.3s rss=2285MB hwm=2285MB
RSS_SAMPLE t=731.5s rss=2285MB hwm=2285MB
RSS_SAMPLE t=731.8s rss=2285MB hwm=2285MB
RSS_SAMPLE t=732.0s rss=2285MB hwm=2285MB
RSS_SAMPLE t=732.3s rss=2285MB hwm=2285MB
RSS_SAMPLE t=732.5s rss=2285MB hwm=2285MB
RSS_SAMPLE t=732.8s rss=2285MB hwm=2285MB
RSS_SAMPLE t=733.0s rss=2285MB hwm=2285MB
RSS_SAMPLE t=733.3s rss=2285MB hwm=2285MB
RSS_SAMPLE t=733.5s rss=2285MB hwm=2285MB
RSS_SAMPLE t=733.8s rss=2285MB hwm=2285MB
RSS_SAMPLE t=734.0s rss=2285MB hwm=2285MB
RSS_SAMPLE t=734.3s rss=2286MB hwm=2286MB
RSS_SAMPLE t=734.5s rss=2286MB hwm=2286MB
RSS_SAMPLE t=734.8s rss=2286MB hwm=2286MB
RSS_SAMPLE t=735.0s rss=2286MB hwm=2286MB
RSS_SAMPLE t=735.3s rss=2286MB hwm=2286MB
RSS_SAMPLE t=735.5s rss=2286MB hwm=2286MB
RSS_SAMPLE t=735.8s rss=2286MB hwm=2286MB
RSS_SAMPLE t=736.0s rss=2286MB hwm=2286MB
RSS_SAMPLE t=736.3s rss=2286MB hwm=2286MB
RSS_SAMPLE t=736.5s rss=2286MB hwm=2286MB
RSS_SAMPLE t=736.8s rss=2286MB hwm=2286MB
RSS_SAMPLE t=737.0s rss=2286MB hwm=2286MB
RSS_SAMPLE t=737.3s rss=2286MB hwm=2286MB
RSS_SAMPLE t=737.5s rss=2286MB hwm=2286MB
RSS_SAMPLE t=737.8s rss=2286MB hwm=2286MB
RSS_SAMPLE t=738.0s rss=2286MB hwm=2286MB
RSS_SAMPLE t=738.3s rss=2286MB hwm=2286MB
RSS_SAMPLE t=738.5s rss=2286MB hwm=2286MB
RSS_SAMPLE t=738.8s rss=2286MB hwm=2286MB
RSS_SAMPLE t=739.0s rss=2286MB hwm=2286MB
RSS_SAMPLE t=739.3s rss=2286MB hwm=2286MB
RSS_SAMPLE t=739.5s rss=2286MB hwm=2286MB
RSS_SAMPLE t=739.8s rss=2286MB hwm=2286MB
RSS_SAMPLE t=740.0s rss=2286MB hwm=2286MB
RSS_SAMPLE t=740.3s rss=2286MB hwm=2286MB
RSS_SAMPLE t=740.5s rss=2287MB hwm=2287MB
RSS_SAMPLE t=740.8s rss=2287MB hwm=2287MB
RSS_SAMPLE t=741.0s rss=2287MB hwm=2287MB
RSS_SAMPLE t=741.3s rss=2287MB hwm=2287MB
RSS_SAMPLE t=741.5s rss=2287MB hwm=2287MB
RSS_SAMPLE t=741.8s rss=2287MB hwm=2287MB
RSS_SAMPLE t=742.0s rss=2287MB hwm=2287MB
RSS_SAMPLE t=742.3s rss=2287MB hwm=2287MB
RSS_SAMPLE t=742.5s rss=2287MB hwm=2287MB
RSS_SAMPLE t=742.8s rss=2287MB hwm=2287MB
RSS_SAMPLE t=743.0s rss=2287MB hwm=2287MB
RSS_SAMPLE t=743.3s rss=2287MB hwm=2287MB
RSS_SAMPLE t=743.5s rss=2287MB hwm=2287MB
RSS_SAMPLE t=743.8s rss=2287MB hwm=2287MB
RSS_SAMPLE t=744.0s rss=2287MB hwm=2287MB
RSS_SAMPLE t=744.3s rss=2287MB hwm=2287MB
RSS_SAMPLE t=744.5s rss=2287MB hwm=2287MB
RSS_SAMPLE t=744.8s rss=2287MB hwm=2287MB
RSS_SAMPLE t=745.0s rss=2287MB hwm=2287MB
RSS_SAMPLE t=745.3s rss=2287MB hwm=2287MB
RSS_SAMPLE t=745.5s rss=2287MB hwm=2287MB
RSS_SAMPLE t=745.8s rss=2287MB hwm=2287MB
RSS_SAMPLE t=746.0s rss=2287MB hwm=2287MB
RSS_SAMPLE t=746.3s rss=2287MB hwm=2287MB
RSS_SAMPLE t=746.5s rss=2287MB hwm=2287MB
RSS_SAMPLE t=746.8s rss=2287MB hwm=2287MB
RSS_SAMPLE t=747.0s rss=2287MB hwm=2287MB
RSS_SAMPLE t=747.3s rss=2287MB hwm=2287MB
RSS_SAMPLE t=747.5s rss=2287MB hwm=2287MB
RSS_SAMPLE t=747.8s rss=2287MB hwm=2287MB
RSS_SAMPLE t=748.0s rss=2287MB hwm=2287MB
RSS_SAMPLE t=748.3s rss=2287MB hwm=2287MB
RSS_SAMPLE t=748.5s rss=2287MB hwm=2287MB
MEM_POOL: workspaces=4 dense_usage_mb=156 n_pipes=2562403
    post_solve_diag[outer=0]: solves=105117 cap_armed=105117 (100.0%) settle_avg=9921 above_sink_avg=226 (2.3%) settle_max=69353
    load_support[outer=0]: settle_avg=9921 load_nz_avg=6157 (62.1%) load_material_avg=2349 (23.7%)
    settle_hist[outer=0]: <100: 26009nets/0.1%work  <1k: 19452nets/0.6%work  <5k: 24712nets/6.3%work  <20k: 14284nets/15.0%work  <60k: 18000nets/61.0%work  >=60k: 2660nets/16.9%work
    fanout_hist[outer=0]: fan1: 43710nets/15.0%work  fan2-4: 48279nets/50.3%work  fan5-16: 12974nets/33.9%work  fan17-64: 154nets/0.8%work  fan65-256: 0nets/0.0%work  fan>256: 0nets/0.0%work
    rss_probe[outer=0]: pre_post_solve=1832MB post_post_solve=2307MB after_apply=2307MB
RSS_SAMPLE t=748.8s rss=2290MB hwm=2301MB
MuxSlotTracker[sweep 0 LEAK]: populated_cells=59790, overflow_tiles=3, at_cap_tiles=1784, peak_excess=11, capacity_hist={16:67346}
RSS_SAMPLE t=749.0s rss=2291MB hwm=2301MB
    E_decomp: base=10848282.0 eff=11402804.8 cong=554522.8 cong_share=4.9% sat_pipes=173599 max_util=1126.86  R_buckets: 1-2x=2562403 2-10x=0 10-100x=0 >=100x=0
    E_potential: beckmann=14003635938476.8 history_total=0.0
    SpanCache: epoch=1 entries=110 lookups=2562403 hits=2562293 misses=110 hit_rate=100.0%
  DCD   0: nets=105117 line=17525526 energy=2443394.234 dE=+0.000 friction=4572156.5 bins=2.8x(1234) excess=682.0 moved=59607 disp=inf solves=210234 skip=0 pops=2130161168 theta=0.250 refresh=663856ms dcd=7111ms total=673944ms
    cache_stats: entries=51014719 capacity=85572228 est_mb=739 rss_mb=2291
RSS_SAMPLE t=749.3s rss=2291MB hwm=2301MB
RSS_SAMPLE t=749.5s rss=2293MB hwm=2301MB
RSS_SAMPLE t=749.8s rss=2293MB hwm=2301MB
RSS_SAMPLE t=750.0s rss=2293MB hwm=2301MB
RSS_SAMPLE t=750.3s rss=2293MB hwm=2301MB
RSS_SAMPLE t=750.5s rss=2293MB hwm=2301MB
RSS_SAMPLE t=750.8s rss=2293MB hwm=2301MB
RSS_SAMPLE t=751.0s rss=2293MB hwm=2301MB
RSS_SAMPLE t=751.3s rss=2293MB hwm=2301MB
RSS_SAMPLE t=751.5s rss=2293MB hwm=2301MB
RSS_SAMPLE t=751.8s rss=2293MB hwm=2301MB
RSS_SAMPLE t=752.0s rss=2293MB hwm=2301MB
RSS_SAMPLE t=752.3s rss=2293MB hwm=2301MB
RSS_SAMPLE t=752.5s rss=2293MB hwm=2301MB
RSS_SAMPLE t=752.8s rss=2293MB hwm=2301MB
RSS_SAMPLE t=753.0s rss=2293MB hwm=2301MB
RSS_SAMPLE t=753.3s rss=2293MB hwm=2301MB
    SwitchMatrix: type_usage_pairs=914 lookups=2604 hits=1690 dijkstra_calls=914 avg_us=17.0 total_ms=15.5
PHASE_MARK outer=1 enter=pre_solve rss=2293MB
    rss_probe[outer=1]: pre_refresh_rss=2293MB post_pre_solve_rss=2293MB cache_entries=51014719 cache_cap=85572228 cache_est_mb=739
    pre_solve_diag[outer=1]: solves=0 fallback=0 (0.0%) cap_armed=0 (0.0%) settle_avg=0 settle_max=0 init_count=20
    Overflow: over=155071 (6.1% of used) avg_excess=3.06 max_excess=1520.24 (nc=1544.24 cap=24 span=1)  excess_buckets: <=1=64237 1-5=67304 5-20=20783 >20=2747  by_cap: cap1=69251 cap2=56229 cap3-5=189 cap>5=29402  by_span: s1=1783 s2-3=2071 s4-6=17353 s7-12=61668 s>12=72196  le1_cross: cap1=35164 cap2-5=25988 cap>5=3085
    Congestion: pipes=2562403 used=2562403 congested(>50%)=321973 saturated(>90%)=173599 max_util=1126.86 avg_util=0.3013
PHASE_MARK outer=1 enter=dcd_sweep rss=2293MB
RSS_SAMPLE t=753.6s rss=2293MB hwm=2301MB
RSS_SAMPLE t=753.8s rss=2293MB hwm=2301MB
RSS_SAMPLE t=754.1s rss=2293MB hwm=2301MB
RSS_SAMPLE t=754.3s rss=2293MB hwm=2301MB
RSS_SAMPLE t=754.6s rss=2293MB hwm=2301MB
RSS_SAMPLE t=754.8s rss=2293MB hwm=2301MB
RSS_SAMPLE t=755.1s rss=2293MB hwm=2301MB
RSS_SAMPLE t=755.3s rss=2293MB hwm=2301MB
RSS_SAMPLE t=755.6s rss=2293MB hwm=2301MB
RSS_SAMPLE t=755.8s rss=2293MB hwm=2301MB
RSS_SAMPLE t=756.1s rss=2293MB hwm=2301MB
RSS_SAMPLE t=756.3s rss=2293MB hwm=2301MB
RSS_SAMPLE t=756.6s rss=2293MB hwm=2301MB
RSS_SAMPLE t=756.8s rss=2293MB hwm=2301MB
RSS_SAMPLE t=757.1s rss=2293MB hwm=2301MB
RSS_SAMPLE t=757.3s rss=2293MB hwm=2301MB
RSS_SAMPLE t=757.6s rss=2293MB hwm=2301MB
RSS_SAMPLE t=757.8s rss=2293MB hwm=2301MB
RSS_SAMPLE t=758.1s rss=2293MB hwm=2301MB
RSS_SAMPLE t=758.3s rss=2293MB hwm=2301MB
RSS_SAMPLE t=758.6s rss=2293MB hwm=2301MB
RSS_SAMPLE t=758.8s rss=2293MB hwm=2301MB
RSS_SAMPLE t=759.1s rss=2293MB hwm=2301MB
RSS_SAMPLE t=759.3s rss=2293MB hwm=2301MB
RSS_SAMPLE t=759.6s rss=2293MB hwm=2301MB
RSS_SAMPLE t=759.8s rss=2293MB hwm=2301MB
RSS_SAMPLE t=760.1s rss=2293MB hwm=2301MB
RSS_SAMPLE t=760.3s rss=2293MB hwm=2301MB
RSS_SAMPLE t=760.6s rss=2293MB hwm=2301MB
RSS_SAMPLE t=760.8s rss=2293MB hwm=2301MB
RSS_SAMPLE t=761.1s rss=2293MB hwm=2301MB
RSS_SAMPLE t=761.3s rss=2293MB hwm=2301MB
RSS_SAMPLE t=761.6s rss=2293MB hwm=2301MB
RSS_SAMPLE t=761.8s rss=2293MB hwm=2301MB
RSS_SAMPLE t=762.1s rss=2293MB hwm=2301MB
RSS_SAMPLE t=762.3s rss=2293MB hwm=2301MB
RSS_SAMPLE t=762.6s rss=2293MB hwm=2301MB
RSS_SAMPLE t=762.8s rss=2293MB hwm=2301MB
RSS_SAMPLE t=763.1s rss=2293MB hwm=2301MB
RSS_SAMPLE t=763.3s rss=2293MB hwm=2301MB
RSS_SAMPLE t=763.6s rss=2293MB hwm=2301MB
RSS_SAMPLE t=763.8s rss=2293MB hwm=2301MB
RSS_SAMPLE t=764.1s rss=2293MB hwm=2301MB
RSS_SAMPLE t=764.3s rss=2293MB hwm=2301MB
RSS_SAMPLE t=764.6s rss=2293MB hwm=2301MB
RSS_SAMPLE t=764.8s rss=2293MB hwm=2301MB
RSS_SAMPLE t=765.1s rss=2293MB hwm=2301MB
RSS_SAMPLE t=765.3s rss=2293MB hwm=2301MB
RSS_SAMPLE t=765.6s rss=2293MB hwm=2301MB
RSS_SAMPLE t=765.8s rss=2293MB hwm=2301MB
RSS_SAMPLE t=766.1s rss=2293MB hwm=2301MB
RSS_SAMPLE t=766.3s rss=2293MB hwm=2301MB
RSS_SAMPLE t=766.6s rss=2293MB hwm=2301MB
RSS_SAMPLE t=766.8s rss=2293MB hwm=2301MB
RSS_SAMPLE t=767.1s rss=2293MB hwm=2301MB
RSS_SAMPLE t=767.3s rss=2293MB hwm=2301MB
RSS_SAMPLE t=767.6s rss=2293MB hwm=2301MB
RSS_SAMPLE t=767.8s rss=2293MB hwm=2301MB
PHASE_MARK outer=1 leave=dcd_sweep rss=2293MB
PHASE_MARK outer=1 enter=post_refresh rss=2293MB
RSS_SAMPLE t=768.1s rss=2307MB hwm=2307MB
RSS_SAMPLE t=768.3s rss=2307MB hwm=2307MB
RSS_SAMPLE t=768.6s rss=2307MB hwm=2307MB
RSS_SAMPLE t=768.8s rss=2307MB hwm=2307MB
RSS_SAMPLE t=769.1s rss=2307MB hwm=2307MB
RSS_SAMPLE t=769.3s rss=2308MB hwm=2308MB
RSS_SAMPLE t=769.6s rss=2308MB hwm=2308MB
RSS_SAMPLE t=769.8s rss=2308MB hwm=2308MB
RSS_SAMPLE t=770.1s rss=2308MB hwm=2308MB
RSS_SAMPLE t=770.3s rss=2308MB hwm=2308MB
RSS_SAMPLE t=770.6s rss=2308MB hwm=2308MB
RSS_SAMPLE t=770.8s rss=2308MB hwm=2308MB
RSS_SAMPLE t=771.1s rss=2309MB hwm=2309MB
RSS_SAMPLE t=771.3s rss=2320MB hwm=2320MB
RSS_SAMPLE t=771.6s rss=2321MB hwm=2321MB
RSS_SAMPLE t=771.8s rss=2322MB hwm=2322MB
RSS_SAMPLE t=772.1s rss=2324MB hwm=2324MB
RSS_SAMPLE t=772.3s rss=2324MB hwm=2324MB
RSS_SAMPLE t=772.6s rss=2324MB hwm=2324MB
RSS_SAMPLE t=772.8s rss=2325MB hwm=2325MB
RSS_SAMPLE t=773.1s rss=2325MB hwm=2325MB
RSS_SAMPLE t=773.3s rss=2325MB hwm=2325MB
RSS_SAMPLE t=773.6s rss=2325MB hwm=2325MB
RSS_SAMPLE t=773.8s rss=2325MB hwm=2325MB
RSS_SAMPLE t=774.1s rss=2325MB hwm=2325MB
RSS_SAMPLE t=774.3s rss=2325MB hwm=2325MB
RSS_SAMPLE t=774.6s rss=2325MB hwm=2325MB
RSS_SAMPLE t=774.8s rss=2325MB hwm=2325MB
RSS_SAMPLE t=775.1s rss=2325MB hwm=2325MB
RSS_SAMPLE t=775.3s rss=2325MB hwm=2325MB
RSS_SAMPLE t=775.6s rss=2325MB hwm=2325MB
RSS_SAMPLE t=775.8s rss=2325MB hwm=2325MB
RSS_SAMPLE t=776.1s rss=2326MB hwm=2326MB
RSS_SAMPLE t=776.3s rss=2326MB hwm=2326MB
RSS_SAMPLE t=776.6s rss=2326MB hwm=2326MB
RSS_SAMPLE t=776.8s rss=2326MB hwm=2326MB
RSS_SAMPLE t=777.1s rss=2326MB hwm=2326MB
RSS_SAMPLE t=777.3s rss=2326MB hwm=2326MB
RSS_SAMPLE t=777.6s rss=2327MB hwm=2327MB
RSS_SAMPLE t=777.8s rss=2327MB hwm=2327MB
RSS_SAMPLE t=778.1s rss=2327MB hwm=2327MB
RSS_SAMPLE t=778.3s rss=2327MB hwm=2327MB
RSS_SAMPLE t=778.6s rss=2327MB hwm=2327MB
RSS_SAMPLE t=778.8s rss=2327MB hwm=2327MB
RSS_SAMPLE t=779.1s rss=2327MB hwm=2327MB
RSS_SAMPLE t=779.3s rss=2327MB hwm=2327MB
RSS_SAMPLE t=779.6s rss=2327MB hwm=2327MB
RSS_SAMPLE t=779.8s rss=2327MB hwm=2327MB
RSS_SAMPLE t=780.1s rss=2327MB hwm=2327MB
RSS_SAMPLE t=780.3s rss=2327MB hwm=2327MB
RSS_SAMPLE t=780.6s rss=2327MB hwm=2327MB
RSS_SAMPLE t=780.8s rss=2327MB hwm=2327MB
RSS_SAMPLE t=781.1s rss=2327MB hwm=2327MB
RSS_SAMPLE t=781.3s rss=2327MB hwm=2327MB
RSS_SAMPLE t=781.6s rss=2327MB hwm=2327MB
RSS_SAMPLE t=781.8s rss=2327MB hwm=2327MB
RSS_SAMPLE t=782.1s rss=2327MB hwm=2327MB
RSS_SAMPLE t=782.3s rss=2327MB hwm=2327MB
RSS_SAMPLE t=782.6s rss=2327MB hwm=2327MB
RSS_SAMPLE t=782.8s rss=2327MB hwm=2327MB
RSS_SAMPLE t=783.1s rss=2327MB hwm=2327MB
RSS_SAMPLE t=783.3s rss=2327MB hwm=2327MB
RSS_SAMPLE t=783.6s rss=2327MB hwm=2327MB
RSS_SAMPLE t=783.8s rss=2327MB hwm=2327MB
RSS_SAMPLE t=784.1s rss=2327MB hwm=2327MB
RSS_SAMPLE t=784.3s rss=2327MB hwm=2327MB
RSS_SAMPLE t=784.6s rss=2327MB hwm=2327MB
RSS_SAMPLE t=784.8s rss=2327MB hwm=2327MB
RSS_SAMPLE t=785.1s rss=2327MB hwm=2327MB
RSS_SAMPLE t=785.3s rss=2327MB hwm=2327MB
RSS_SAMPLE t=785.6s rss=2327MB hwm=2327MB
RSS_SAMPLE t=785.8s rss=2328MB hwm=2328MB
RSS_SAMPLE t=786.1s rss=2328MB hwm=2328MB
RSS_SAMPLE t=786.3s rss=2328MB hwm=2328MB
RSS_SAMPLE t=786.6s rss=2328MB hwm=2328MB
RSS_SAMPLE t=786.8s rss=2328MB hwm=2328MB
RSS_SAMPLE t=787.1s rss=2328MB hwm=2328MB
RSS_SAMPLE t=787.3s rss=2328MB hwm=2328MB
RSS_SAMPLE t=787.6s rss=2328MB hwm=2328MB
RSS_SAMPLE t=787.8s rss=2328MB hwm=2328MB
RSS_SAMPLE t=788.1s rss=2328MB hwm=2328MB
RSS_SAMPLE t=788.3s rss=2328MB hwm=2328MB
RSS_SAMPLE t=788.6s rss=2328MB hwm=2328MB
RSS_SAMPLE t=788.8s rss=2328MB hwm=2328MB
RSS_SAMPLE t=789.1s rss=2328MB hwm=2328MB
RSS_SAMPLE t=789.3s rss=2328MB hwm=2328MB
RSS_SAMPLE t=789.6s rss=2328MB hwm=2328MB
RSS_SAMPLE t=789.8s rss=2328MB hwm=2328MB
RSS_SAMPLE t=790.1s rss=2328MB hwm=2328MB
RSS_SAMPLE t=790.3s rss=2328MB hwm=2328MB
RSS_SAMPLE t=790.6s rss=2328MB hwm=2328MB
RSS_SAMPLE t=790.8s rss=2328MB hwm=2328MB
RSS_SAMPLE t=791.1s rss=2328MB hwm=2328MB
RSS_SAMPLE t=791.3s rss=2328MB hwm=2328MB
RSS_SAMPLE t=791.6s rss=2328MB hwm=2328MB
RSS_SAMPLE t=791.8s rss=2328MB hwm=2328MB
RSS_SAMPLE t=792.1s rss=2328MB hwm=2328MB
RSS_SAMPLE t=792.3s rss=2328MB hwm=2328MB
RSS_SAMPLE t=792.6s rss=2328MB hwm=2328MB
RSS_SAMPLE t=792.8s rss=2328MB hwm=2328MB
RSS_SAMPLE t=793.1s rss=2328MB hwm=2328MB
RSS_SAMPLE t=793.3s rss=2328MB hwm=2328MB
RSS_SAMPLE t=793.6s rss=2329MB hwm=2329MB
RSS_SAMPLE t=793.8s rss=2329MB hwm=2329MB
RSS_SAMPLE t=794.1s rss=2329MB hwm=2329MB
RSS_SAMPLE t=794.3s rss=2329MB hwm=2329MB
RSS_SAMPLE t=794.6s rss=2329MB hwm=2329MB
RSS_SAMPLE t=794.8s rss=2329MB hwm=2329MB
RSS_SAMPLE t=795.1s rss=2329MB hwm=2329MB
RSS_SAMPLE t=795.3s rss=2329MB hwm=2329MB
RSS_SAMPLE t=795.6s rss=2329MB hwm=2329MB
RSS_SAMPLE t=795.8s rss=2329MB hwm=2329MB
RSS_SAMPLE t=796.1s rss=2329MB hwm=2329MB
RSS_SAMPLE t=796.3s rss=2329MB hwm=2329MB
RSS_SAMPLE t=796.6s rss=2329MB hwm=2329MB
RSS_SAMPLE t=796.8s rss=2329MB hwm=2329MB
RSS_SAMPLE t=797.1s rss=2329MB hwm=2329MB
RSS_SAMPLE t=797.3s rss=2329MB hwm=2329MB
RSS_SAMPLE t=797.6s rss=2329MB hwm=2329MB
RSS_SAMPLE t=797.8s rss=2329MB hwm=2329MB
RSS_SAMPLE t=798.1s rss=2329MB hwm=2329MB
RSS_SAMPLE t=798.3s rss=2329MB hwm=2329MB
RSS_SAMPLE t=798.6s rss=2329MB hwm=2329MB
RSS_SAMPLE t=798.8s rss=2329MB hwm=2329MB
RSS_SAMPLE t=799.1s rss=2329MB hwm=2329MB
RSS_SAMPLE t=799.3s rss=2329MB hwm=2329MB
RSS_SAMPLE t=799.6s rss=2329MB hwm=2329MB
RSS_SAMPLE t=799.9s rss=2329MB hwm=2329MB
RSS_SAMPLE t=800.1s rss=2329MB hwm=2329MB
RSS_SAMPLE t=800.4s rss=2329MB hwm=2329MB
RSS_SAMPLE t=800.6s rss=2329MB hwm=2329MB
RSS_SAMPLE t=800.9s rss=2330MB hwm=2330MB
RSS_SAMPLE t=801.1s rss=2330MB hwm=2330MB
RSS_SAMPLE t=801.4s rss=2330MB hwm=2330MB
RSS_SAMPLE t=801.6s rss=2330MB hwm=2330MB
RSS_SAMPLE t=801.9s rss=2330MB hwm=2330MB
RSS_SAMPLE t=802.1s rss=2330MB hwm=2330MB
RSS_SAMPLE t=802.4s rss=2330MB hwm=2330MB
RSS_SAMPLE t=802.6s rss=2330MB hwm=2330MB
RSS_SAMPLE t=802.9s rss=2330MB hwm=2330MB
RSS_SAMPLE t=803.1s rss=2330MB hwm=2330MB
RSS_SAMPLE t=803.4s rss=2330MB hwm=2330MB
RSS_SAMPLE t=803.6s rss=2330MB hwm=2330MB
RSS_SAMPLE t=803.9s rss=2330MB hwm=2330MB
RSS_SAMPLE t=804.1s rss=2330MB hwm=2330MB
RSS_SAMPLE t=804.4s rss=2330MB hwm=2330MB
RSS_SAMPLE t=804.6s rss=2330MB hwm=2330MB
RSS_SAMPLE t=804.9s rss=2330MB hwm=2330MB
RSS_SAMPLE t=805.1s rss=2330MB hwm=2330MB
RSS_SAMPLE t=805.4s rss=2330MB hwm=2330MB
RSS_SAMPLE t=805.6s rss=2330MB hwm=2330MB
RSS_SAMPLE t=805.9s rss=2330MB hwm=2330MB
RSS_SAMPLE t=806.1s rss=2330MB hwm=2330MB
RSS_SAMPLE t=806.4s rss=2330MB hwm=2330MB
RSS_SAMPLE t=806.6s rss=2330MB hwm=2330MB
RSS_SAMPLE t=806.9s rss=2330MB hwm=2330MB
RSS_SAMPLE t=807.1s rss=2330MB hwm=2330MB
RSS_SAMPLE t=807.4s rss=2330MB hwm=2330MB
RSS_SAMPLE t=807.6s rss=2330MB hwm=2330MB
RSS_SAMPLE t=807.9s rss=2330MB hwm=2330MB
RSS_SAMPLE t=808.1s rss=2330MB hwm=2330MB
RSS_SAMPLE t=808.4s rss=2330MB hwm=2330MB
RSS_SAMPLE t=808.6s rss=2330MB hwm=2330MB
RSS_SAMPLE t=808.9s rss=2330MB hwm=2330MB
RSS_SAMPLE t=809.1s rss=2330MB hwm=2330MB
RSS_SAMPLE t=809.4s rss=2331MB hwm=2331MB
RSS_SAMPLE t=809.6s rss=2331MB hwm=2331MB
RSS_SAMPLE t=809.9s rss=2331MB hwm=2331MB
RSS_SAMPLE t=810.1s rss=2331MB hwm=2331MB
RSS_SAMPLE t=810.4s rss=2331MB hwm=2331MB
RSS_SAMPLE t=810.6s rss=2331MB hwm=2331MB
RSS_SAMPLE t=810.9s rss=2331MB hwm=2331MB
RSS_SAMPLE t=811.1s rss=2331MB hwm=2331MB
RSS_SAMPLE t=811.4s rss=2331MB hwm=2331MB
RSS_SAMPLE t=811.6s rss=2331MB hwm=2331MB
RSS_SAMPLE t=811.9s rss=2331MB hwm=2331MB
RSS_SAMPLE t=812.1s rss=2331MB hwm=2331MB
RSS_SAMPLE t=812.4s rss=2331MB hwm=2331MB
RSS_SAMPLE t=812.6s rss=2331MB hwm=2331MB
RSS_SAMPLE t=812.9s rss=2331MB hwm=2331MB
RSS_SAMPLE t=813.1s rss=2331MB hwm=2331MB
RSS_SAMPLE t=813.4s rss=2331MB hwm=2331MB
RSS_SAMPLE t=813.6s rss=2331MB hwm=2331MB
RSS_SAMPLE t=813.9s rss=2331MB hwm=2331MB
RSS_SAMPLE t=814.1s rss=2331MB hwm=2331MB
RSS_SAMPLE t=814.4s rss=2331MB hwm=2331MB
RSS_SAMPLE t=814.6s rss=2331MB hwm=2331MB
RSS_SAMPLE t=814.9s rss=2331MB hwm=2331MB
RSS_SAMPLE t=815.1s rss=2331MB hwm=2331MB
RSS_SAMPLE t=815.4s rss=2331MB hwm=2331MB
RSS_SAMPLE t=815.6s rss=2331MB hwm=2331MB
RSS_SAMPLE t=815.9s rss=2331MB hwm=2331MB
RSS_SAMPLE t=816.1s rss=2331MB hwm=2331MB
RSS_SAMPLE t=816.4s rss=2331MB hwm=2331MB
RSS_SAMPLE t=816.6s rss=2331MB hwm=2331MB
RSS_SAMPLE t=816.9s rss=2331MB hwm=2331MB
RSS_SAMPLE t=817.1s rss=2331MB hwm=2331MB
RSS_SAMPLE t=817.4s rss=2331MB hwm=2331MB
RSS_SAMPLE t=817.6s rss=2331MB hwm=2331MB
RSS_SAMPLE t=817.9s rss=2331MB hwm=2331MB
RSS_SAMPLE t=818.1s rss=2331MB hwm=2331MB
RSS_SAMPLE t=818.4s rss=2331MB hwm=2331MB
RSS_SAMPLE t=818.6s rss=2331MB hwm=2331MB
RSS_SAMPLE t=818.9s rss=2331MB hwm=2331MB
RSS_SAMPLE t=819.1s rss=2332MB hwm=2332MB
RSS_SAMPLE t=819.4s rss=2332MB hwm=2332MB
RSS_SAMPLE t=819.6s rss=2332MB hwm=2332MB
RSS_SAMPLE t=819.9s rss=2332MB hwm=2332MB
RSS_SAMPLE t=820.1s rss=2332MB hwm=2332MB
RSS_SAMPLE t=820.4s rss=2332MB hwm=2332MB
RSS_SAMPLE t=820.6s rss=2332MB hwm=2332MB
RSS_SAMPLE t=820.9s rss=2332MB hwm=2332MB
RSS_SAMPLE t=821.1s rss=2332MB hwm=2332MB
RSS_SAMPLE t=821.4s rss=2332MB hwm=2332MB
RSS_SAMPLE t=821.6s rss=2332MB hwm=2332MB
RSS_SAMPLE t=821.9s rss=2333MB hwm=2333MB
RSS_SAMPLE t=822.1s rss=2333MB hwm=2333MB
RSS_SAMPLE t=822.4s rss=2333MB hwm=2333MB
RSS_SAMPLE t=822.6s rss=2333MB hwm=2333MB
RSS_SAMPLE t=822.9s rss=2333MB hwm=2333MB
RSS_SAMPLE t=823.1s rss=2333MB hwm=2333MB
RSS_SAMPLE t=823.4s rss=2333MB hwm=2333MB
RSS_SAMPLE t=823.6s rss=2333MB hwm=2333MB
RSS_SAMPLE t=823.9s rss=2333MB hwm=2333MB
RSS_SAMPLE t=824.1s rss=2333MB hwm=2333MB
RSS_SAMPLE t=824.4s rss=2333MB hwm=2333MB
RSS_SAMPLE t=824.6s rss=2333MB hwm=2333MB
RSS_SAMPLE t=824.9s rss=2333MB hwm=2333MB
RSS_SAMPLE t=825.1s rss=2333MB hwm=2333MB
RSS_SAMPLE t=825.4s rss=2333MB hwm=2333MB
RSS_SAMPLE t=825.6s rss=2333MB hwm=2333MB
RSS_SAMPLE t=825.9s rss=2333MB hwm=2333MB
RSS_SAMPLE t=826.1s rss=2333MB hwm=2333MB
RSS_SAMPLE t=826.4s rss=2333MB hwm=2333MB
RSS_SAMPLE t=826.6s rss=2333MB hwm=2333MB
RSS_SAMPLE t=826.9s rss=2333MB hwm=2333MB
RSS_SAMPLE t=827.1s rss=2333MB hwm=2333MB
RSS_SAMPLE t=827.4s rss=2333MB hwm=2333MB
RSS_SAMPLE t=827.6s rss=2333MB hwm=2333MB
RSS_SAMPLE t=827.9s rss=2333MB hwm=2333MB
RSS_SAMPLE t=828.1s rss=2333MB hwm=2333MB
RSS_SAMPLE t=828.4s rss=2333MB hwm=2333MB
RSS_SAMPLE t=828.6s rss=2333MB hwm=2333MB
RSS_SAMPLE t=828.9s rss=2333MB hwm=2333MB
RSS_SAMPLE t=829.1s rss=2333MB hwm=2333MB
RSS_SAMPLE t=829.4s rss=2333MB hwm=2333MB
RSS_SAMPLE t=829.6s rss=2334MB hwm=2334MB
RSS_SAMPLE t=829.9s rss=2334MB hwm=2334MB
RSS_SAMPLE t=830.1s rss=2334MB hwm=2334MB
RSS_SAMPLE t=830.4s rss=2334MB hwm=2334MB
RSS_SAMPLE t=830.6s rss=2334MB hwm=2334MB
RSS_SAMPLE t=830.9s rss=2334MB hwm=2334MB
RSS_SAMPLE t=831.1s rss=2334MB hwm=2334MB
RSS_SAMPLE t=831.4s rss=2334MB hwm=2334MB
RSS_SAMPLE t=831.6s rss=2334MB hwm=2334MB
RSS_SAMPLE t=831.9s rss=2334MB hwm=2334MB
RSS_SAMPLE t=832.1s rss=2334MB hwm=2334MB
RSS_SAMPLE t=832.4s rss=2334MB hwm=2334MB
RSS_SAMPLE t=832.6s rss=2334MB hwm=2334MB
RSS_SAMPLE t=832.9s rss=2334MB hwm=2334MB
RSS_SAMPLE t=833.1s rss=2334MB hwm=2334MB
RSS_SAMPLE t=833.4s rss=2334MB hwm=2334MB
RSS_SAMPLE t=833.6s rss=2334MB hwm=2334MB
RSS_SAMPLE t=833.9s rss=2334MB hwm=2334MB
RSS_SAMPLE t=834.1s rss=2334MB hwm=2334MB
RSS_SAMPLE t=834.4s rss=2334MB hwm=2334MB
RSS_SAMPLE t=834.6s rss=2334MB hwm=2334MB
RSS_SAMPLE t=834.9s rss=2334MB hwm=2334MB
RSS_SAMPLE t=835.1s rss=2334MB hwm=2334MB
RSS_SAMPLE t=835.4s rss=2334MB hwm=2334MB
RSS_SAMPLE t=835.6s rss=2334MB hwm=2334MB
RSS_SAMPLE t=835.9s rss=2334MB hwm=2334MB
RSS_SAMPLE t=836.1s rss=2334MB hwm=2334MB
RSS_SAMPLE t=836.4s rss=2334MB hwm=2334MB
RSS_SAMPLE t=836.6s rss=2334MB hwm=2334MB
RSS_SAMPLE t=836.9s rss=2334MB hwm=2334MB
RSS_SAMPLE t=837.1s rss=2334MB hwm=2334MB
RSS_SAMPLE t=837.4s rss=2334MB hwm=2334MB
RSS_SAMPLE t=837.6s rss=2334MB hwm=2334MB
RSS_SAMPLE t=837.9s rss=2334MB hwm=2334MB
RSS_SAMPLE t=838.1s rss=2334MB hwm=2334MB
RSS_SAMPLE t=838.4s rss=2334MB hwm=2334MB
RSS_SAMPLE t=838.6s rss=2334MB hwm=2334MB
RSS_SAMPLE t=838.9s rss=2334MB hwm=2334MB
RSS_SAMPLE t=839.1s rss=2334MB hwm=2334MB
RSS_SAMPLE t=839.4s rss=2334MB hwm=2334MB
RSS_SAMPLE t=839.6s rss=2334MB hwm=2334MB
RSS_SAMPLE t=839.9s rss=2334MB hwm=2334MB
RSS_SAMPLE t=840.1s rss=2334MB hwm=2334MB
RSS_SAMPLE t=840.4s rss=2334MB hwm=2334MB
RSS_SAMPLE t=840.6s rss=2334MB hwm=2334MB
RSS_SAMPLE t=840.9s rss=2334MB hwm=2334MB
RSS_SAMPLE t=841.1s rss=2334MB hwm=2334MB
RSS_SAMPLE t=841.4s rss=2334MB hwm=2334MB
RSS_SAMPLE t=841.6s rss=2334MB hwm=2334MB
RSS_SAMPLE t=841.9s rss=2335MB hwm=2335MB
RSS_SAMPLE t=842.1s rss=2335MB hwm=2335MB
RSS_SAMPLE t=842.4s rss=2335MB hwm=2335MB
RSS_SAMPLE t=842.6s rss=2335MB hwm=2335MB
RSS_SAMPLE t=842.9s rss=2335MB hwm=2335MB
RSS_SAMPLE t=843.1s rss=2335MB hwm=2335MB
RSS_SAMPLE t=843.4s rss=2335MB hwm=2335MB
RSS_SAMPLE t=843.6s rss=2335MB hwm=2335MB
RSS_SAMPLE t=843.9s rss=2335MB hwm=2335MB
RSS_SAMPLE t=844.1s rss=2335MB hwm=2335MB
RSS_SAMPLE t=844.4s rss=2335MB hwm=2335MB
RSS_SAMPLE t=844.6s rss=2335MB hwm=2335MB
RSS_SAMPLE t=844.9s rss=2335MB hwm=2335MB
RSS_SAMPLE t=845.1s rss=2335MB hwm=2335MB
RSS_SAMPLE t=845.4s rss=2335MB hwm=2335MB
RSS_SAMPLE t=845.6s rss=2335MB hwm=2335MB
RSS_SAMPLE t=845.9s rss=2335MB hwm=2335MB
RSS_SAMPLE t=846.1s rss=2335MB hwm=2335MB
RSS_SAMPLE t=846.4s rss=2335MB hwm=2335MB
RSS_SAMPLE t=846.6s rss=2335MB hwm=2335MB
RSS_SAMPLE t=846.9s rss=2335MB hwm=2335MB
RSS_SAMPLE t=847.1s rss=2335MB hwm=2335MB
RSS_SAMPLE t=847.4s rss=2335MB hwm=2335MB
RSS_SAMPLE t=847.6s rss=2335MB hwm=2335MB
RSS_SAMPLE t=847.9s rss=2335MB hwm=2335MB
RSS_SAMPLE t=848.1s rss=2335MB hwm=2335MB
RSS_SAMPLE t=848.4s rss=2335MB hwm=2335MB
RSS_SAMPLE t=848.6s rss=2335MB hwm=2335MB
RSS_SAMPLE t=848.9s rss=2335MB hwm=2335MB
RSS_SAMPLE t=849.1s rss=2335MB hwm=2335MB
RSS_SAMPLE t=849.4s rss=2335MB hwm=2335MB
RSS_SAMPLE t=849.6s rss=2335MB hwm=2335MB
RSS_SAMPLE t=849.9s rss=2335MB hwm=2335MB
RSS_SAMPLE t=850.1s rss=2335MB hwm=2335MB
RSS_SAMPLE t=850.4s rss=2335MB hwm=2335MB
RSS_SAMPLE t=850.6s rss=2335MB hwm=2335MB
RSS_SAMPLE t=850.9s rss=2335MB hwm=2335MB
RSS_SAMPLE t=851.1s rss=2335MB hwm=2335MB
RSS_SAMPLE t=851.4s rss=2335MB hwm=2335MB
RSS_SAMPLE t=851.6s rss=2335MB hwm=2335MB
RSS_SAMPLE t=851.9s rss=2335MB hwm=2335MB
RSS_SAMPLE t=852.2s rss=2335MB hwm=2335MB
RSS_SAMPLE t=852.4s rss=2335MB hwm=2335MB
RSS_SAMPLE t=852.7s rss=2335MB hwm=2335MB
RSS_SAMPLE t=852.9s rss=2335MB hwm=2335MB
RSS_SAMPLE t=853.2s rss=2335MB hwm=2335MB
RSS_SAMPLE t=853.4s rss=2335MB hwm=2335MB
RSS_SAMPLE t=853.7s rss=2335MB hwm=2335MB
RSS_SAMPLE t=853.9s rss=2335MB hwm=2335MB
RSS_SAMPLE t=854.2s rss=2335MB hwm=2335MB
RSS_SAMPLE t=854.4s rss=2335MB hwm=2335MB
RSS_SAMPLE t=854.7s rss=2335MB hwm=2335MB
RSS_SAMPLE t=854.9s rss=2335MB hwm=2335MB
RSS_SAMPLE t=855.2s rss=2335MB hwm=2335MB
RSS_SAMPLE t=855.4s rss=2335MB hwm=2335MB
RSS_SAMPLE t=855.7s rss=2335MB hwm=2335MB
RSS_SAMPLE t=855.9s rss=2335MB hwm=2335MB
RSS_SAMPLE t=856.2s rss=2335MB hwm=2335MB
RSS_SAMPLE t=856.4s rss=2335MB hwm=2335MB
RSS_SAMPLE t=856.7s rss=2335MB hwm=2335MB
RSS_SAMPLE t=856.9s rss=2335MB hwm=2335MB
RSS_SAMPLE t=857.2s rss=2335MB hwm=2335MB
RSS_SAMPLE t=857.4s rss=2336MB hwm=2336MB
RSS_SAMPLE t=857.7s rss=2336MB hwm=2336MB
RSS_SAMPLE t=857.9s rss=2336MB hwm=2336MB
RSS_SAMPLE t=858.2s rss=2336MB hwm=2336MB
RSS_SAMPLE t=858.4s rss=2336MB hwm=2336MB
RSS_SAMPLE t=858.7s rss=2336MB hwm=2336MB
RSS_SAMPLE t=858.9s rss=2336MB hwm=2336MB
RSS_SAMPLE t=859.2s rss=2336MB hwm=2336MB
RSS_SAMPLE t=859.4s rss=2336MB hwm=2336MB
RSS_SAMPLE t=859.7s rss=2336MB hwm=2336MB
RSS_SAMPLE t=859.9s rss=2336MB hwm=2336MB
RSS_SAMPLE t=860.2s rss=2336MB hwm=2336MB
RSS_SAMPLE t=860.4s rss=2336MB hwm=2336MB
RSS_SAMPLE t=860.7s rss=2336MB hwm=2336MB
RSS_SAMPLE t=860.9s rss=2336MB hwm=2336MB
RSS_SAMPLE t=861.2s rss=2336MB hwm=2336MB
RSS_SAMPLE t=861.4s rss=2336MB hwm=2336MB
RSS_SAMPLE t=861.7s rss=2336MB hwm=2336MB
RSS_SAMPLE t=861.9s rss=2336MB hwm=2336MB
RSS_SAMPLE t=862.2s rss=2336MB hwm=2336MB
RSS_SAMPLE t=862.4s rss=2336MB hwm=2336MB
RSS_SAMPLE t=862.7s rss=2336MB hwm=2336MB
RSS_SAMPLE t=862.9s rss=2336MB hwm=2336MB
RSS_SAMPLE t=863.2s rss=2336MB hwm=2336MB
RSS_SAMPLE t=863.4s rss=2336MB hwm=2336MB
RSS_SAMPLE t=863.7s rss=2336MB hwm=2336MB
RSS_SAMPLE t=863.9s rss=2336MB hwm=2336MB
RSS_SAMPLE t=864.2s rss=2336MB hwm=2336MB
RSS_SAMPLE t=864.4s rss=2336MB hwm=2336MB
RSS_SAMPLE t=864.7s rss=2336MB hwm=2336MB
RSS_SAMPLE t=864.9s rss=2336MB hwm=2336MB
RSS_SAMPLE t=865.2s rss=2336MB hwm=2336MB
RSS_SAMPLE t=865.4s rss=2336MB hwm=2336MB
RSS_SAMPLE t=865.7s rss=2336MB hwm=2336MB
RSS_SAMPLE t=865.9s rss=2336MB hwm=2336MB
RSS_SAMPLE t=866.2s rss=2336MB hwm=2336MB
RSS_SAMPLE t=866.4s rss=2336MB hwm=2336MB
RSS_SAMPLE t=866.7s rss=2336MB hwm=2336MB
RSS_SAMPLE t=866.9s rss=2336MB hwm=2336MB
RSS_SAMPLE t=867.2s rss=2336MB hwm=2336MB
RSS_SAMPLE t=867.4s rss=2336MB hwm=2336MB
RSS_SAMPLE t=867.7s rss=2336MB hwm=2336MB
RSS_SAMPLE t=867.9s rss=2336MB hwm=2336MB
RSS_SAMPLE t=868.2s rss=2336MB hwm=2336MB
RSS_SAMPLE t=868.4s rss=2336MB hwm=2336MB
RSS_SAMPLE t=868.7s rss=2336MB hwm=2336MB
RSS_SAMPLE t=868.9s rss=2336MB hwm=2336MB
RSS_SAMPLE t=869.2s rss=2337MB hwm=2337MB
RSS_SAMPLE t=869.4s rss=2337MB hwm=2337MB
RSS_SAMPLE t=869.7s rss=2337MB hwm=2337MB
RSS_SAMPLE t=869.9s rss=2337MB hwm=2337MB
RSS_SAMPLE t=870.2s rss=2337MB hwm=2337MB
RSS_SAMPLE t=870.4s rss=2337MB hwm=2337MB
RSS_SAMPLE t=870.7s rss=2337MB hwm=2337MB
RSS_SAMPLE t=870.9s rss=2337MB hwm=2337MB
RSS_SAMPLE t=871.2s rss=2337MB hwm=2337MB
RSS_SAMPLE t=871.4s rss=2337MB hwm=2337MB
RSS_SAMPLE t=871.7s rss=2337MB hwm=2337MB
RSS_SAMPLE t=871.9s rss=2337MB hwm=2337MB
RSS_SAMPLE t=872.2s rss=2337MB hwm=2337MB
RSS_SAMPLE t=872.4s rss=2337MB hwm=2337MB
RSS_SAMPLE t=872.7s rss=2337MB hwm=2337MB
RSS_SAMPLE t=872.9s rss=2337MB hwm=2337MB
RSS_SAMPLE t=873.2s rss=2337MB hwm=2337MB
RSS_SAMPLE t=873.4s rss=2337MB hwm=2337MB
RSS_SAMPLE t=873.7s rss=2337MB hwm=2337MB
RSS_SAMPLE t=873.9s rss=2337MB hwm=2337MB
RSS_SAMPLE t=874.2s rss=2337MB hwm=2337MB
RSS_SAMPLE t=874.4s rss=2338MB hwm=2338MB
RSS_SAMPLE t=874.7s rss=2338MB hwm=2338MB
RSS_SAMPLE t=874.9s rss=2338MB hwm=2338MB
RSS_SAMPLE t=875.2s rss=2338MB hwm=2338MB
RSS_SAMPLE t=875.4s rss=2338MB hwm=2338MB
RSS_SAMPLE t=875.7s rss=2338MB hwm=2338MB
RSS_SAMPLE t=875.9s rss=2338MB hwm=2338MB
RSS_SAMPLE t=876.2s rss=2338MB hwm=2338MB
RSS_SAMPLE t=876.4s rss=2338MB hwm=2338MB
RSS_SAMPLE t=876.7s rss=2338MB hwm=2338MB
RSS_SAMPLE t=876.9s rss=2338MB hwm=2338MB
RSS_SAMPLE t=877.2s rss=2338MB hwm=2338MB
RSS_SAMPLE t=877.4s rss=2338MB hwm=2338MB
RSS_SAMPLE t=877.7s rss=2338MB hwm=2338MB
RSS_SAMPLE t=877.9s rss=2338MB hwm=2338MB
RSS_SAMPLE t=878.2s rss=2338MB hwm=2338MB
RSS_SAMPLE t=878.4s rss=2338MB hwm=2338MB
RSS_SAMPLE t=878.7s rss=2338MB hwm=2338MB
RSS_SAMPLE t=878.9s rss=2338MB hwm=2338MB
RSS_SAMPLE t=879.2s rss=2338MB hwm=2338MB
RSS_SAMPLE t=879.4s rss=2338MB hwm=2338MB
RSS_SAMPLE t=879.7s rss=2338MB hwm=2338MB
RSS_SAMPLE t=879.9s rss=2338MB hwm=2338MB
RSS_SAMPLE t=880.2s rss=2338MB hwm=2338MB
RSS_SAMPLE t=880.4s rss=2338MB hwm=2338MB
RSS_SAMPLE t=880.7s rss=2338MB hwm=2338MB
RSS_SAMPLE t=880.9s rss=2338MB hwm=2338MB
RSS_SAMPLE t=881.2s rss=2338MB hwm=2338MB
RSS_SAMPLE t=881.4s rss=2338MB hwm=2338MB
RSS_SAMPLE t=881.7s rss=2338MB hwm=2338MB
RSS_SAMPLE t=881.9s rss=2338MB hwm=2338MB
RSS_SAMPLE t=882.2s rss=2338MB hwm=2338MB
RSS_SAMPLE t=882.4s rss=2338MB hwm=2338MB
RSS_SAMPLE t=882.7s rss=2338MB hwm=2338MB
RSS_SAMPLE t=882.9s rss=2338MB hwm=2338MB
RSS_SAMPLE t=883.2s rss=2338MB hwm=2338MB
RSS_SAMPLE t=883.4s rss=2338MB hwm=2338MB
RSS_SAMPLE t=883.7s rss=2338MB hwm=2338MB
RSS_SAMPLE t=883.9s rss=2338MB hwm=2338MB
RSS_SAMPLE t=884.2s rss=2338MB hwm=2338MB
RSS_SAMPLE t=884.4s rss=2338MB hwm=2338MB
RSS_SAMPLE t=884.7s rss=2338MB hwm=2338MB
RSS_SAMPLE t=884.9s rss=2338MB hwm=2338MB
RSS_SAMPLE t=885.2s rss=2338MB hwm=2338MB
RSS_SAMPLE t=885.4s rss=2338MB hwm=2338MB
RSS_SAMPLE t=885.7s rss=2339MB hwm=2339MB
RSS_SAMPLE t=885.9s rss=2339MB hwm=2339MB
RSS_SAMPLE t=886.2s rss=2339MB hwm=2339MB
RSS_SAMPLE t=886.4s rss=2339MB hwm=2339MB
RSS_SAMPLE t=886.7s rss=2339MB hwm=2339MB
RSS_SAMPLE t=886.9s rss=2339MB hwm=2339MB
RSS_SAMPLE t=887.2s rss=2339MB hwm=2339MB
RSS_SAMPLE t=887.4s rss=2339MB hwm=2339MB
RSS_SAMPLE t=887.7s rss=2339MB hwm=2339MB
RSS_SAMPLE t=887.9s rss=2339MB hwm=2339MB
RSS_SAMPLE t=888.2s rss=2339MB hwm=2339MB
RSS_SAMPLE t=888.4s rss=2339MB hwm=2339MB
RSS_SAMPLE t=888.7s rss=2339MB hwm=2339MB
RSS_SAMPLE t=888.9s rss=2339MB hwm=2339MB
RSS_SAMPLE t=889.2s rss=2339MB hwm=2339MB
RSS_SAMPLE t=889.4s rss=2339MB hwm=2339MB
RSS_SAMPLE t=889.7s rss=2339MB hwm=2339MB
RSS_SAMPLE t=889.9s rss=2339MB hwm=2339MB
RSS_SAMPLE t=890.2s rss=2339MB hwm=2339MB
RSS_SAMPLE t=890.4s rss=2339MB hwm=2339MB
RSS_SAMPLE t=890.7s rss=2339MB hwm=2339MB
RSS_SAMPLE t=890.9s rss=2339MB hwm=2339MB
RSS_SAMPLE t=891.2s rss=2339MB hwm=2339MB
RSS_SAMPLE t=891.4s rss=2339MB hwm=2339MB
RSS_SAMPLE t=891.7s rss=2339MB hwm=2339MB
RSS_SAMPLE t=891.9s rss=2339MB hwm=2339MB
RSS_SAMPLE t=892.2s rss=2339MB hwm=2339MB
RSS_SAMPLE t=892.4s rss=2339MB hwm=2339MB
RSS_SAMPLE t=892.7s rss=2339MB hwm=2339MB
RSS_SAMPLE t=892.9s rss=2339MB hwm=2339MB
RSS_SAMPLE t=893.2s rss=2339MB hwm=2339MB
RSS_SAMPLE t=893.4s rss=2339MB hwm=2339MB
RSS_SAMPLE t=893.7s rss=2339MB hwm=2339MB
RSS_SAMPLE t=893.9s rss=2339MB hwm=2339MB
RSS_SAMPLE t=894.2s rss=2339MB hwm=2339MB
RSS_SAMPLE t=894.4s rss=2339MB hwm=2339MB
RSS_SAMPLE t=894.7s rss=2339MB hwm=2339MB
RSS_SAMPLE t=894.9s rss=2339MB hwm=2339MB
RSS_SAMPLE t=895.2s rss=2339MB hwm=2339MB
RSS_SAMPLE t=895.4s rss=2339MB hwm=2339MB
RSS_SAMPLE t=895.7s rss=2340MB hwm=2340MB
RSS_SAMPLE t=895.9s rss=2340MB hwm=2340MB
RSS_SAMPLE t=896.2s rss=2340MB hwm=2340MB
RSS_SAMPLE t=896.4s rss=2340MB hwm=2340MB
RSS_SAMPLE t=896.7s rss=2340MB hwm=2340MB
RSS_SAMPLE t=896.9s rss=2340MB hwm=2340MB
RSS_SAMPLE t=897.2s rss=2340MB hwm=2340MB
RSS_SAMPLE t=897.4s rss=2340MB hwm=2340MB
RSS_SAMPLE t=897.7s rss=2340MB hwm=2340MB
RSS_SAMPLE t=897.9s rss=2340MB hwm=2340MB
RSS_SAMPLE t=898.2s rss=2340MB hwm=2340MB
RSS_SAMPLE t=898.4s rss=2340MB hwm=2340MB
RSS_SAMPLE t=898.7s rss=2340MB hwm=2340MB
RSS_SAMPLE t=898.9s rss=2340MB hwm=2340MB
RSS_SAMPLE t=899.2s rss=2340MB hwm=2340MB
RSS_SAMPLE t=899.4s rss=2340MB hwm=2340MB
RSS_SAMPLE t=899.7s rss=2340MB hwm=2340MB
RSS_SAMPLE t=899.9s rss=2340MB hwm=2340MB
RSS_SAMPLE t=900.2s rss=2340MB hwm=2340MB
RSS_SAMPLE t=900.4s rss=2340MB hwm=2340MB
RSS_SAMPLE t=900.7s rss=2340MB hwm=2340MB
RSS_SAMPLE t=900.9s rss=2340MB hwm=2340MB
RSS_SAMPLE t=901.2s rss=2340MB hwm=2340MB
RSS_SAMPLE t=901.4s rss=2340MB hwm=2340MB
RSS_SAMPLE t=901.7s rss=2340MB hwm=2340MB
RSS_SAMPLE t=901.9s rss=2340MB hwm=2340MB
RSS_SAMPLE t=902.2s rss=2340MB hwm=2340MB
RSS_SAMPLE t=902.4s rss=2340MB hwm=2340MB
RSS_SAMPLE t=902.7s rss=2340MB hwm=2340MB
RSS_SAMPLE t=902.9s rss=2340MB hwm=2340MB
RSS_SAMPLE t=903.2s rss=2340MB hwm=2340MB
RSS_SAMPLE t=903.4s rss=2340MB hwm=2340MB
RSS_SAMPLE t=903.7s rss=2340MB hwm=2340MB
RSS_SAMPLE t=903.9s rss=2340MB hwm=2340MB
RSS_SAMPLE t=904.2s rss=2340MB hwm=2340MB
RSS_SAMPLE t=904.4s rss=2340MB hwm=2340MB
RSS_SAMPLE t=904.7s rss=2340MB hwm=2340MB
RSS_SAMPLE t=904.9s rss=2340MB hwm=2340MB
RSS_SAMPLE t=905.2s rss=2340MB hwm=2340MB
RSS_SAMPLE t=905.4s rss=2340MB hwm=2340MB
RSS_SAMPLE t=905.7s rss=2340MB hwm=2340MB
RSS_SAMPLE t=905.9s rss=2340MB hwm=2340MB
RSS_SAMPLE t=906.2s rss=2340MB hwm=2340MB
RSS_SAMPLE t=906.4s rss=2340MB hwm=2340MB
RSS_SAMPLE t=906.7s rss=2340MB hwm=2340MB
RSS_SAMPLE t=906.9s rss=2340MB hwm=2340MB
RSS_SAMPLE t=907.2s rss=2340MB hwm=2340MB
RSS_SAMPLE t=907.4s rss=2340MB hwm=2340MB
RSS_SAMPLE t=907.7s rss=2341MB hwm=2341MB
RSS_SAMPLE t=907.9s rss=2341MB hwm=2341MB
RSS_SAMPLE t=908.2s rss=2341MB hwm=2341MB
RSS_SAMPLE t=908.4s rss=2341MB hwm=2341MB
RSS_SAMPLE t=908.7s rss=2341MB hwm=2341MB
RSS_SAMPLE t=909.0s rss=2341MB hwm=2341MB
RSS_SAMPLE t=909.2s rss=2341MB hwm=2341MB
RSS_SAMPLE t=909.5s rss=2341MB hwm=2341MB
RSS_SAMPLE t=909.7s rss=2341MB hwm=2341MB
RSS_SAMPLE t=910.0s rss=2341MB hwm=2341MB
RSS_SAMPLE t=910.2s rss=2341MB hwm=2341MB
RSS_SAMPLE t=910.5s rss=2341MB hwm=2341MB
RSS_SAMPLE t=910.7s rss=2341MB hwm=2341MB
RSS_SAMPLE t=911.0s rss=2341MB hwm=2341MB
RSS_SAMPLE t=911.2s rss=2341MB hwm=2341MB
RSS_SAMPLE t=911.5s rss=2341MB hwm=2341MB
RSS_SAMPLE t=911.7s rss=2341MB hwm=2341MB
RSS_SAMPLE t=912.0s rss=2341MB hwm=2341MB
RSS_SAMPLE t=912.2s rss=2341MB hwm=2341MB
RSS_SAMPLE t=912.5s rss=2341MB hwm=2341MB
RSS_SAMPLE t=912.7s rss=2341MB hwm=2341MB
RSS_SAMPLE t=913.0s rss=2341MB hwm=2341MB
RSS_SAMPLE t=913.2s rss=2341MB hwm=2341MB
RSS_SAMPLE t=913.5s rss=2341MB hwm=2341MB
RSS_SAMPLE t=913.7s rss=2341MB hwm=2341MB
RSS_SAMPLE t=914.0s rss=2341MB hwm=2341MB
RSS_SAMPLE t=914.2s rss=2341MB hwm=2341MB
RSS_SAMPLE t=914.5s rss=2341MB hwm=2341MB
RSS_SAMPLE t=914.7s rss=2341MB hwm=2341MB
RSS_SAMPLE t=915.0s rss=2341MB hwm=2341MB
RSS_SAMPLE t=915.2s rss=2341MB hwm=2341MB
RSS_SAMPLE t=915.5s rss=2341MB hwm=2341MB
RSS_SAMPLE t=915.7s rss=2341MB hwm=2341MB
RSS_SAMPLE t=916.0s rss=2341MB hwm=2341MB
RSS_SAMPLE t=916.2s rss=2341MB hwm=2341MB
RSS_SAMPLE t=916.5s rss=2341MB hwm=2341MB
RSS_SAMPLE t=916.7s rss=2341MB hwm=2341MB
RSS_SAMPLE t=917.0s rss=2341MB hwm=2341MB
RSS_SAMPLE t=917.2s rss=2341MB hwm=2341MB
RSS_SAMPLE t=917.5s rss=2341MB hwm=2341MB
RSS_SAMPLE t=917.7s rss=2341MB hwm=2341MB
RSS_SAMPLE t=918.0s rss=2341MB hwm=2341MB
RSS_SAMPLE t=918.2s rss=2341MB hwm=2341MB
RSS_SAMPLE t=918.5s rss=2341MB hwm=2341MB
RSS_SAMPLE t=918.7s rss=2341MB hwm=2341MB
RSS_SAMPLE t=919.0s rss=2341MB hwm=2341MB
RSS_SAMPLE t=919.2s rss=2341MB hwm=2341MB
RSS_SAMPLE t=919.5s rss=2341MB hwm=2341MB
RSS_SAMPLE t=919.7s rss=2341MB hwm=2341MB
RSS_SAMPLE t=920.0s rss=2341MB hwm=2341MB
RSS_SAMPLE t=920.2s rss=2341MB hwm=2341MB
RSS_SAMPLE t=920.5s rss=2341MB hwm=2341MB
RSS_SAMPLE t=920.7s rss=2341MB hwm=2341MB
RSS_SAMPLE t=921.0s rss=2341MB hwm=2341MB
RSS_SAMPLE t=921.2s rss=2341MB hwm=2341MB
RSS_SAMPLE t=921.5s rss=2341MB hwm=2341MB
RSS_SAMPLE t=921.7s rss=2341MB hwm=2341MB
RSS_SAMPLE t=922.0s rss=2341MB hwm=2341MB
RSS_SAMPLE t=922.2s rss=2341MB hwm=2341MB
RSS_SAMPLE t=922.5s rss=2341MB hwm=2341MB
RSS_SAMPLE t=922.7s rss=2341MB hwm=2341MB
RSS_SAMPLE t=923.0s rss=2341MB hwm=2341MB
RSS_SAMPLE t=923.2s rss=2341MB hwm=2341MB
RSS_SAMPLE t=923.5s rss=2341MB hwm=2341MB
RSS_SAMPLE t=923.7s rss=2341MB hwm=2341MB
RSS_SAMPLE t=924.0s rss=2341MB hwm=2341MB
RSS_SAMPLE t=924.2s rss=2341MB hwm=2341MB
RSS_SAMPLE t=924.5s rss=2341MB hwm=2341MB
RSS_SAMPLE t=924.7s rss=2341MB hwm=2341MB
RSS_SAMPLE t=925.0s rss=2341MB hwm=2341MB
RSS_SAMPLE t=925.2s rss=2341MB hwm=2341MB
RSS_SAMPLE t=925.5s rss=2341MB hwm=2341MB
RSS_SAMPLE t=925.7s rss=2341MB hwm=2341MB
RSS_SAMPLE t=926.0s rss=2341MB hwm=2341MB
RSS_SAMPLE t=926.2s rss=2341MB hwm=2341MB
RSS_SAMPLE t=926.5s rss=2341MB hwm=2341MB
RSS_SAMPLE t=926.7s rss=2341MB hwm=2341MB
RSS_SAMPLE t=927.0s rss=2341MB hwm=2341MB
RSS_SAMPLE t=927.2s rss=2341MB hwm=2341MB
RSS_SAMPLE t=927.5s rss=2341MB hwm=2341MB
RSS_SAMPLE t=927.7s rss=2341MB hwm=2341MB
RSS_SAMPLE t=928.0s rss=2341MB hwm=2341MB
RSS_SAMPLE t=928.2s rss=2341MB hwm=2341MB
RSS_SAMPLE t=928.5s rss=2341MB hwm=2341MB
RSS_SAMPLE t=928.7s rss=2341MB hwm=2341MB
RSS_SAMPLE t=929.0s rss=2341MB hwm=2341MB
RSS_SAMPLE t=929.2s rss=2341MB hwm=2341MB
RSS_SAMPLE t=929.5s rss=2341MB hwm=2341MB
RSS_SAMPLE t=929.7s rss=2341MB hwm=2341MB
RSS_SAMPLE t=930.0s rss=2341MB hwm=2341MB
RSS_SAMPLE t=930.2s rss=2341MB hwm=2341MB
RSS_SAMPLE t=930.5s rss=2341MB hwm=2341MB
RSS_SAMPLE t=930.7s rss=2341MB hwm=2341MB
RSS_SAMPLE t=931.0s rss=2341MB hwm=2341MB
RSS_SAMPLE t=931.2s rss=2341MB hwm=2341MB
RSS_SAMPLE t=931.5s rss=2341MB hwm=2341MB
RSS_SAMPLE t=931.7s rss=2341MB hwm=2341MB
RSS_SAMPLE t=932.0s rss=2341MB hwm=2341MB
RSS_SAMPLE t=932.2s rss=2341MB hwm=2341MB
RSS_SAMPLE t=932.5s rss=2341MB hwm=2341MB
RSS_SAMPLE t=932.7s rss=2341MB hwm=2341MB
RSS_SAMPLE t=933.0s rss=2341MB hwm=2341MB
RSS_SAMPLE t=933.2s rss=2341MB hwm=2341MB
RSS_SAMPLE t=933.5s rss=2341MB hwm=2341MB
RSS_SAMPLE t=933.7s rss=2341MB hwm=2341MB
RSS_SAMPLE t=934.0s rss=2341MB hwm=2341MB
RSS_SAMPLE t=934.2s rss=2341MB hwm=2341MB
RSS_SAMPLE t=934.5s rss=2341MB hwm=2341MB
RSS_SAMPLE t=934.7s rss=2341MB hwm=2341MB
RSS_SAMPLE t=935.0s rss=2341MB hwm=2341MB
RSS_SAMPLE t=935.2s rss=2341MB hwm=2341MB
RSS_SAMPLE t=935.5s rss=2341MB hwm=2341MB
RSS_SAMPLE t=935.7s rss=2341MB hwm=2341MB
RSS_SAMPLE t=936.0s rss=2341MB hwm=2341MB
RSS_SAMPLE t=936.2s rss=2341MB hwm=2341MB
RSS_SAMPLE t=936.5s rss=2341MB hwm=2341MB
RSS_SAMPLE t=936.7s rss=2341MB hwm=2341MB
RSS_SAMPLE t=937.0s rss=2341MB hwm=2341MB
RSS_SAMPLE t=937.2s rss=2341MB hwm=2341MB
RSS_SAMPLE t=937.5s rss=2341MB hwm=2341MB
RSS_SAMPLE t=937.7s rss=2341MB hwm=2341MB
RSS_SAMPLE t=938.0s rss=2341MB hwm=2341MB
RSS_SAMPLE t=938.2s rss=2341MB hwm=2341MB
RSS_SAMPLE t=938.5s rss=2341MB hwm=2341MB
RSS_SAMPLE t=938.7s rss=2341MB hwm=2341MB
RSS_SAMPLE t=939.0s rss=2342MB hwm=2342MB
RSS_SAMPLE t=939.2s rss=2342MB hwm=2342MB
RSS_SAMPLE t=939.5s rss=2342MB hwm=2342MB
RSS_SAMPLE t=939.7s rss=2342MB hwm=2342MB
RSS_SAMPLE t=940.0s rss=2342MB hwm=2342MB
RSS_SAMPLE t=940.2s rss=2342MB hwm=2342MB
RSS_SAMPLE t=940.5s rss=2342MB hwm=2342MB
RSS_SAMPLE t=940.7s rss=2342MB hwm=2342MB
RSS_SAMPLE t=941.0s rss=2342MB hwm=2342MB
RSS_SAMPLE t=941.2s rss=2342MB hwm=2342MB
RSS_SAMPLE t=941.5s rss=2342MB hwm=2342MB
RSS_SAMPLE t=941.7s rss=2342MB hwm=2342MB
RSS_SAMPLE t=942.0s rss=2342MB hwm=2342MB
RSS_SAMPLE t=942.2s rss=2342MB hwm=2342MB
RSS_SAMPLE t=942.5s rss=2342MB hwm=2342MB
RSS_SAMPLE t=942.7s rss=2342MB hwm=2342MB
RSS_SAMPLE t=943.0s rss=2342MB hwm=2342MB
RSS_SAMPLE t=943.2s rss=2342MB hwm=2342MB
RSS_SAMPLE t=943.5s rss=2342MB hwm=2342MB
RSS_SAMPLE t=943.7s rss=2342MB hwm=2342MB
RSS_SAMPLE t=944.0s rss=2342MB hwm=2342MB
RSS_SAMPLE t=944.2s rss=2342MB hwm=2342MB
RSS_SAMPLE t=944.5s rss=2342MB hwm=2342MB
RSS_SAMPLE t=944.7s rss=2342MB hwm=2342MB
RSS_SAMPLE t=945.0s rss=2342MB hwm=2342MB
RSS_SAMPLE t=945.2s rss=2342MB hwm=2342MB
RSS_SAMPLE t=945.5s rss=2342MB hwm=2342MB
RSS_SAMPLE t=945.7s rss=2342MB hwm=2342MB
RSS_SAMPLE t=946.0s rss=2342MB hwm=2342MB
RSS_SAMPLE t=946.2s rss=2342MB hwm=2342MB
RSS_SAMPLE t=946.5s rss=2342MB hwm=2342MB
RSS_SAMPLE t=946.7s rss=2342MB hwm=2342MB
RSS_SAMPLE t=947.0s rss=2342MB hwm=2342MB
RSS_SAMPLE t=947.2s rss=2343MB hwm=2343MB
RSS_SAMPLE t=947.5s rss=2343MB hwm=2343MB
RSS_SAMPLE t=947.7s rss=2343MB hwm=2343MB
RSS_SAMPLE t=948.0s rss=2343MB hwm=2343MB
RSS_SAMPLE t=948.2s rss=2343MB hwm=2343MB
RSS_SAMPLE t=948.5s rss=2343MB hwm=2343MB
RSS_SAMPLE t=948.7s rss=2343MB hwm=2343MB
RSS_SAMPLE t=949.0s rss=2343MB hwm=2343MB
RSS_SAMPLE t=949.2s rss=2343MB hwm=2343MB
RSS_SAMPLE t=949.5s rss=2343MB hwm=2343MB
RSS_SAMPLE t=949.7s rss=2343MB hwm=2343MB
RSS_SAMPLE t=950.0s rss=2343MB hwm=2343MB
RSS_SAMPLE t=950.2s rss=2343MB hwm=2343MB
RSS_SAMPLE t=950.5s rss=2343MB hwm=2343MB
RSS_SAMPLE t=950.7s rss=2343MB hwm=2343MB
RSS_SAMPLE t=951.0s rss=2343MB hwm=2343MB
RSS_SAMPLE t=951.2s rss=2343MB hwm=2343MB
RSS_SAMPLE t=951.5s rss=2343MB hwm=2343MB
RSS_SAMPLE t=951.7s rss=2343MB hwm=2343MB
RSS_SAMPLE t=952.0s rss=2343MB hwm=2343MB
RSS_SAMPLE t=952.2s rss=2343MB hwm=2343MB
RSS_SAMPLE t=952.5s rss=2343MB hwm=2343MB
RSS_SAMPLE t=952.7s rss=2343MB hwm=2343MB
RSS_SAMPLE t=953.0s rss=2343MB hwm=2343MB
RSS_SAMPLE t=953.2s rss=2343MB hwm=2343MB
RSS_SAMPLE t=953.5s rss=2343MB hwm=2343MB
RSS_SAMPLE t=953.7s rss=2343MB hwm=2343MB
RSS_SAMPLE t=954.0s rss=2343MB hwm=2343MB
RSS_SAMPLE t=954.2s rss=2343MB hwm=2343MB
RSS_SAMPLE t=954.5s rss=2343MB hwm=2343MB
RSS_SAMPLE t=954.7s rss=2343MB hwm=2343MB
RSS_SAMPLE t=955.0s rss=2343MB hwm=2343MB
RSS_SAMPLE t=955.2s rss=2343MB hwm=2343MB
RSS_SAMPLE t=955.5s rss=2343MB hwm=2343MB
RSS_SAMPLE t=955.7s rss=2343MB hwm=2343MB
RSS_SAMPLE t=956.0s rss=2343MB hwm=2343MB
RSS_SAMPLE t=956.2s rss=2343MB hwm=2343MB
RSS_SAMPLE t=956.5s rss=2343MB hwm=2343MB
RSS_SAMPLE t=956.8s rss=2343MB hwm=2343MB
RSS_SAMPLE t=957.0s rss=2343MB hwm=2343MB
RSS_SAMPLE t=957.3s rss=2343MB hwm=2343MB
RSS_SAMPLE t=957.5s rss=2343MB hwm=2343MB
RSS_SAMPLE t=957.8s rss=2343MB hwm=2343MB
RSS_SAMPLE t=958.0s rss=2343MB hwm=2343MB
RSS_SAMPLE t=958.3s rss=2343MB hwm=2343MB
RSS_SAMPLE t=958.5s rss=2343MB hwm=2343MB
RSS_SAMPLE t=958.8s rss=2343MB hwm=2343MB
RSS_SAMPLE t=959.0s rss=2343MB hwm=2343MB
RSS_SAMPLE t=959.3s rss=2343MB hwm=2343MB
RSS_SAMPLE t=959.5s rss=2343MB hwm=2343MB
RSS_SAMPLE t=959.8s rss=2343MB hwm=2343MB
RSS_SAMPLE t=960.0s rss=2343MB hwm=2343MB
RSS_SAMPLE t=960.3s rss=2343MB hwm=2343MB
RSS_SAMPLE t=960.5s rss=2343MB hwm=2343MB
RSS_SAMPLE t=960.8s rss=2343MB hwm=2343MB
RSS_SAMPLE t=961.0s rss=2343MB hwm=2343MB
RSS_SAMPLE t=961.3s rss=2343MB hwm=2343MB
RSS_SAMPLE t=961.5s rss=2343MB hwm=2343MB
RSS_SAMPLE t=961.8s rss=2343MB hwm=2343MB
RSS_SAMPLE t=962.0s rss=2343MB hwm=2343MB
RSS_SAMPLE t=962.3s rss=2343MB hwm=2343MB
RSS_SAMPLE t=962.5s rss=2343MB hwm=2343MB
RSS_SAMPLE t=962.8s rss=2343MB hwm=2343MB
RSS_SAMPLE t=963.0s rss=2343MB hwm=2343MB
RSS_SAMPLE t=963.3s rss=2343MB hwm=2343MB
RSS_SAMPLE t=963.5s rss=2343MB hwm=2343MB
RSS_SAMPLE t=963.8s rss=2343MB hwm=2343MB
RSS_SAMPLE t=964.0s rss=2343MB hwm=2343MB
RSS_SAMPLE t=964.3s rss=2343MB hwm=2343MB
RSS_SAMPLE t=964.5s rss=2343MB hwm=2343MB
RSS_SAMPLE t=964.8s rss=2343MB hwm=2343MB
RSS_SAMPLE t=965.0s rss=2343MB hwm=2343MB
RSS_SAMPLE t=965.3s rss=2343MB hwm=2343MB
RSS_SAMPLE t=965.5s rss=2343MB hwm=2343MB
RSS_SAMPLE t=965.8s rss=2343MB hwm=2343MB
RSS_SAMPLE t=966.0s rss=2343MB hwm=2343MB
RSS_SAMPLE t=966.3s rss=2343MB hwm=2343MB
RSS_SAMPLE t=966.5s rss=2343MB hwm=2343MB
RSS_SAMPLE t=966.8s rss=2343MB hwm=2343MB
RSS_SAMPLE t=967.0s rss=2343MB hwm=2343MB
RSS_SAMPLE t=967.3s rss=2343MB hwm=2343MB
RSS_SAMPLE t=967.5s rss=2343MB hwm=2343MB
RSS_SAMPLE t=967.8s rss=2343MB hwm=2343MB
RSS_SAMPLE t=968.0s rss=2343MB hwm=2343MB
RSS_SAMPLE t=968.3s rss=2343MB hwm=2343MB
RSS_SAMPLE t=968.5s rss=2343MB hwm=2343MB
RSS_SAMPLE t=968.8s rss=2343MB hwm=2343MB
RSS_SAMPLE t=969.0s rss=2343MB hwm=2343MB
RSS_SAMPLE t=969.3s rss=2343MB hwm=2343MB
RSS_SAMPLE t=969.5s rss=2343MB hwm=2343MB
RSS_SAMPLE t=969.8s rss=2343MB hwm=2343MB
RSS_SAMPLE t=970.0s rss=2343MB hwm=2343MB
RSS_SAMPLE t=970.3s rss=2343MB hwm=2343MB
RSS_SAMPLE t=970.5s rss=2343MB hwm=2343MB
RSS_SAMPLE t=970.8s rss=2343MB hwm=2343MB
RSS_SAMPLE t=971.0s rss=2343MB hwm=2343MB
RSS_SAMPLE t=971.3s rss=2343MB hwm=2343MB
RSS_SAMPLE t=971.5s rss=2343MB hwm=2343MB
RSS_SAMPLE t=971.8s rss=2343MB hwm=2343MB
RSS_SAMPLE t=972.0s rss=2343MB hwm=2343MB
RSS_SAMPLE t=972.3s rss=2343MB hwm=2343MB
RSS_SAMPLE t=972.5s rss=2343MB hwm=2343MB
RSS_SAMPLE t=972.8s rss=2343MB hwm=2343MB
RSS_SAMPLE t=973.0s rss=2344MB hwm=2344MB
RSS_SAMPLE t=973.3s rss=2344MB hwm=2344MB
RSS_SAMPLE t=973.5s rss=2344MB hwm=2344MB
RSS_SAMPLE t=973.8s rss=2344MB hwm=2344MB
RSS_SAMPLE t=974.0s rss=2344MB hwm=2344MB
RSS_SAMPLE t=974.3s rss=2344MB hwm=2344MB
RSS_SAMPLE t=974.5s rss=2344MB hwm=2344MB
RSS_SAMPLE t=974.8s rss=2344MB hwm=2344MB
RSS_SAMPLE t=975.0s rss=2344MB hwm=2344MB
RSS_SAMPLE t=975.3s rss=2344MB hwm=2344MB
RSS_SAMPLE t=975.5s rss=2344MB hwm=2344MB
RSS_SAMPLE t=975.8s rss=2344MB hwm=2344MB
RSS_SAMPLE t=976.0s rss=2344MB hwm=2344MB
RSS_SAMPLE t=976.3s rss=2344MB hwm=2344MB
RSS_SAMPLE t=976.5s rss=2344MB hwm=2344MB
RSS_SAMPLE t=976.8s rss=2344MB hwm=2344MB
RSS_SAMPLE t=977.0s rss=2344MB hwm=2344MB
RSS_SAMPLE t=977.3s rss=2344MB hwm=2344MB
RSS_SAMPLE t=977.5s rss=2344MB hwm=2344MB
RSS_SAMPLE t=977.8s rss=2344MB hwm=2344MB
RSS_SAMPLE t=978.0s rss=2344MB hwm=2344MB
RSS_SAMPLE t=978.3s rss=2344MB hwm=2344MB
RSS_SAMPLE t=978.5s rss=2344MB hwm=2344MB
RSS_SAMPLE t=978.8s rss=2344MB hwm=2344MB
RSS_SAMPLE t=979.0s rss=2344MB hwm=2344MB
RSS_SAMPLE t=979.3s rss=2344MB hwm=2344MB
RSS_SAMPLE t=979.5s rss=2344MB hwm=2344MB
RSS_SAMPLE t=979.8s rss=2344MB hwm=2344MB
RSS_SAMPLE t=980.0s rss=2344MB hwm=2344MB
RSS_SAMPLE t=980.3s rss=2344MB hwm=2344MB
RSS_SAMPLE t=980.5s rss=2344MB hwm=2344MB
RSS_SAMPLE t=980.8s rss=2344MB hwm=2344MB
RSS_SAMPLE t=981.0s rss=2344MB hwm=2344MB
RSS_SAMPLE t=981.3s rss=2344MB hwm=2344MB
RSS_SAMPLE t=981.5s rss=2344MB hwm=2344MB
RSS_SAMPLE t=981.8s rss=2344MB hwm=2344MB
RSS_SAMPLE t=982.0s rss=2344MB hwm=2344MB
RSS_SAMPLE t=982.3s rss=2344MB hwm=2344MB
RSS_SAMPLE t=982.5s rss=2344MB hwm=2344MB
RSS_SAMPLE t=982.8s rss=2344MB hwm=2344MB
RSS_SAMPLE t=983.0s rss=2344MB hwm=2344MB
RSS_SAMPLE t=983.3s rss=2344MB hwm=2344MB
RSS_SAMPLE t=983.5s rss=2344MB hwm=2344MB
RSS_SAMPLE t=983.8s rss=2344MB hwm=2344MB
RSS_SAMPLE t=984.0s rss=2344MB hwm=2344MB
RSS_SAMPLE t=984.3s rss=2344MB hwm=2344MB
RSS_SAMPLE t=984.5s rss=2344MB hwm=2344MB
RSS_SAMPLE t=984.8s rss=2344MB hwm=2344MB
RSS_SAMPLE t=985.0s rss=2344MB hwm=2344MB
RSS_SAMPLE t=985.3s rss=2344MB hwm=2344MB
RSS_SAMPLE t=985.5s rss=2344MB hwm=2344MB
RSS_SAMPLE t=985.8s rss=2344MB hwm=2344MB
RSS_SAMPLE t=986.0s rss=2344MB hwm=2344MB
RSS_SAMPLE t=986.3s rss=2344MB hwm=2344MB
RSS_SAMPLE t=986.5s rss=2344MB hwm=2344MB
RSS_SAMPLE t=986.8s rss=2344MB hwm=2344MB
RSS_SAMPLE t=987.0s rss=2344MB hwm=2344MB
RSS_SAMPLE t=987.3s rss=2344MB hwm=2344MB
RSS_SAMPLE t=987.5s rss=2344MB hwm=2344MB
RSS_SAMPLE t=987.8s rss=2344MB hwm=2344MB
RSS_SAMPLE t=988.0s rss=2344MB hwm=2344MB
RSS_SAMPLE t=988.3s rss=2344MB hwm=2344MB
RSS_SAMPLE t=988.5s rss=2344MB hwm=2344MB
RSS_SAMPLE t=988.8s rss=2344MB hwm=2344MB
RSS_SAMPLE t=989.0s rss=2344MB hwm=2344MB
RSS_SAMPLE t=989.3s rss=2344MB hwm=2344MB
RSS_SAMPLE t=989.5s rss=2344MB hwm=2344MB
RSS_SAMPLE t=989.8s rss=2344MB hwm=2344MB
RSS_SAMPLE t=990.0s rss=2344MB hwm=2344MB
RSS_SAMPLE t=990.3s rss=2344MB hwm=2344MB
RSS_SAMPLE t=990.5s rss=2344MB hwm=2344MB
RSS_SAMPLE t=990.8s rss=2344MB hwm=2344MB
RSS_SAMPLE t=991.0s rss=2344MB hwm=2344MB
RSS_SAMPLE t=991.3s rss=2344MB hwm=2344MB
RSS_SAMPLE t=991.5s rss=2344MB hwm=2344MB
RSS_SAMPLE t=991.8s rss=2344MB hwm=2344MB
RSS_SAMPLE t=992.0s rss=2344MB hwm=2344MB
RSS_SAMPLE t=992.3s rss=2344MB hwm=2344MB
RSS_SAMPLE t=992.5s rss=2344MB hwm=2344MB
RSS_SAMPLE t=992.8s rss=2344MB hwm=2344MB
RSS_SAMPLE t=993.0s rss=2344MB hwm=2344MB
RSS_SAMPLE t=993.3s rss=2344MB hwm=2344MB
RSS_SAMPLE t=993.5s rss=2344MB hwm=2344MB
RSS_SAMPLE t=993.8s rss=2344MB hwm=2344MB
RSS_SAMPLE t=994.0s rss=2344MB hwm=2344MB
RSS_SAMPLE t=994.3s rss=2344MB hwm=2344MB
RSS_SAMPLE t=994.5s rss=2344MB hwm=2344MB
RSS_SAMPLE t=994.8s rss=2344MB hwm=2344MB
RSS_SAMPLE t=995.0s rss=2344MB hwm=2344MB
RSS_SAMPLE t=995.3s rss=2344MB hwm=2344MB
RSS_SAMPLE t=995.5s rss=2344MB hwm=2344MB
RSS_SAMPLE t=995.8s rss=2344MB hwm=2344MB
RSS_SAMPLE t=996.0s rss=2344MB hwm=2344MB
RSS_SAMPLE t=996.3s rss=2344MB hwm=2344MB
RSS_SAMPLE t=996.5s rss=2344MB hwm=2344MB
RSS_SAMPLE t=996.8s rss=2344MB hwm=2344MB
RSS_SAMPLE t=997.0s rss=2344MB hwm=2344MB
RSS_SAMPLE t=997.3s rss=2344MB hwm=2344MB
RSS_SAMPLE t=997.5s rss=2344MB hwm=2344MB
RSS_SAMPLE t=997.8s rss=2344MB hwm=2344MB
RSS_SAMPLE t=998.0s rss=2344MB hwm=2344MB
RSS_SAMPLE t=998.3s rss=2344MB hwm=2344MB
RSS_SAMPLE t=998.5s rss=2344MB hwm=2344MB
RSS_SAMPLE t=998.8s rss=2344MB hwm=2344MB
RSS_SAMPLE t=999.0s rss=2344MB hwm=2344MB
RSS_SAMPLE t=999.3s rss=2344MB hwm=2344MB
RSS_SAMPLE t=999.5s rss=2344MB hwm=2344MB
RSS_SAMPLE t=999.8s rss=2344MB hwm=2344MB
RSS_SAMPLE t=1000.0s rss=2344MB hwm=2344MB
RSS_SAMPLE t=1000.3s rss=2344MB hwm=2344MB
RSS_SAMPLE t=1000.6s rss=2344MB hwm=2344MB
RSS_SAMPLE t=1000.8s rss=2344MB hwm=2344MB
RSS_SAMPLE t=1001.1s rss=2344MB hwm=2344MB
RSS_SAMPLE t=1001.3s rss=2344MB hwm=2344MB
RSS_SAMPLE t=1001.6s rss=2344MB hwm=2344MB
RSS_SAMPLE t=1001.8s rss=2344MB hwm=2344MB
RSS_SAMPLE t=1002.1s rss=2344MB hwm=2344MB
RSS_SAMPLE t=1002.3s rss=2344MB hwm=2344MB
RSS_SAMPLE t=1002.6s rss=2344MB hwm=2344MB
RSS_SAMPLE t=1002.8s rss=2344MB hwm=2344MB
RSS_SAMPLE t=1003.1s rss=2344MB hwm=2344MB
RSS_SAMPLE t=1003.3s rss=2344MB hwm=2344MB
RSS_SAMPLE t=1003.6s rss=2344MB hwm=2344MB
RSS_SAMPLE t=1003.8s rss=2344MB hwm=2344MB
RSS_SAMPLE t=1004.1s rss=2344MB hwm=2344MB
RSS_SAMPLE t=1004.3s rss=2344MB hwm=2344MB
RSS_SAMPLE t=1004.6s rss=2344MB hwm=2344MB
RSS_SAMPLE t=1004.8s rss=2344MB hwm=2344MB
RSS_SAMPLE t=1005.1s rss=2344MB hwm=2344MB
RSS_SAMPLE t=1005.3s rss=2344MB hwm=2344MB
RSS_SAMPLE t=1005.6s rss=2344MB hwm=2344MB
RSS_SAMPLE t=1005.8s rss=2344MB hwm=2344MB
RSS_SAMPLE t=1006.1s rss=2344MB hwm=2344MB
RSS_SAMPLE t=1006.3s rss=2344MB hwm=2344MB
RSS_SAMPLE t=1006.6s rss=2344MB hwm=2344MB
RSS_SAMPLE t=1006.8s rss=2344MB hwm=2344MB
RSS_SAMPLE t=1007.1s rss=2344MB hwm=2344MB
RSS_SAMPLE t=1007.3s rss=2344MB hwm=2344MB
RSS_SAMPLE t=1007.6s rss=2344MB hwm=2344MB
RSS_SAMPLE t=1007.8s rss=2344MB hwm=2344MB
RSS_SAMPLE t=1008.1s rss=2344MB hwm=2344MB
RSS_SAMPLE t=1008.3s rss=2344MB hwm=2344MB
RSS_SAMPLE t=1008.6s rss=2344MB hwm=2344MB
RSS_SAMPLE t=1008.8s rss=2344MB hwm=2344MB
RSS_SAMPLE t=1009.1s rss=2344MB hwm=2344MB
RSS_SAMPLE t=1009.3s rss=2344MB hwm=2344MB
RSS_SAMPLE t=1009.6s rss=2344MB hwm=2344MB
RSS_SAMPLE t=1009.8s rss=2344MB hwm=2344MB
RSS_SAMPLE t=1010.1s rss=2344MB hwm=2344MB
RSS_SAMPLE t=1010.3s rss=2344MB hwm=2344MB
RSS_SAMPLE t=1010.6s rss=2344MB hwm=2344MB
RSS_SAMPLE t=1010.8s rss=2344MB hwm=2344MB
RSS_SAMPLE t=1011.1s rss=2344MB hwm=2344MB
RSS_SAMPLE t=1011.3s rss=2344MB hwm=2344MB
RSS_SAMPLE t=1011.6s rss=2344MB hwm=2344MB
RSS_SAMPLE t=1011.8s rss=2344MB hwm=2344MB
RSS_SAMPLE t=1012.1s rss=2344MB hwm=2344MB
RSS_SAMPLE t=1012.3s rss=2344MB hwm=2344MB
RSS_SAMPLE t=1012.6s rss=2344MB hwm=2344MB
RSS_SAMPLE t=1012.8s rss=2344MB hwm=2344MB
RSS_SAMPLE t=1013.1s rss=2344MB hwm=2344MB
RSS_SAMPLE t=1013.3s rss=2344MB hwm=2344MB
RSS_SAMPLE t=1013.6s rss=2344MB hwm=2344MB
RSS_SAMPLE t=1013.8s rss=2344MB hwm=2344MB
RSS_SAMPLE t=1014.1s rss=2344MB hwm=2344MB
RSS_SAMPLE t=1014.3s rss=2344MB hwm=2344MB
RSS_SAMPLE t=1014.6s rss=2344MB hwm=2344MB
RSS_SAMPLE t=1014.8s rss=2344MB hwm=2344MB
RSS_SAMPLE t=1015.1s rss=2344MB hwm=2344MB
RSS_SAMPLE t=1015.3s rss=2344MB hwm=2344MB
RSS_SAMPLE t=1015.6s rss=2344MB hwm=2344MB
RSS_SAMPLE t=1015.8s rss=2344MB hwm=2344MB
RSS_SAMPLE t=1016.1s rss=2344MB hwm=2344MB
RSS_SAMPLE t=1016.3s rss=2344MB hwm=2344MB
RSS_SAMPLE t=1016.6s rss=2344MB hwm=2344MB
RSS_SAMPLE t=1016.8s rss=2344MB hwm=2344MB
RSS_SAMPLE t=1017.1s rss=2344MB hwm=2344MB
MEM_POOL: workspaces=4 dense_usage_mb=156 n_pipes=2562403
    post_solve_diag[outer=1]: solves=105117 cap_armed=105117 (100.0%) settle_avg=9017 above_sink_avg=132 (1.5%) settle_max=69353
    load_support[outer=1]: settle_avg=9017 load_nz_avg=1208 (13.4%) load_material_avg=709 (7.9%)
    settle_hist[outer=1]: <100: 28475nets/0.1%work  <1k: 20187nets/0.7%work  <5k: 23781nets/6.5%work  <20k: 14090nets/16.5%work  <60k: 16369nets/60.8%work  >=60k: 2215nets/15.4%work
    fanout_hist[outer=1]: fan1: 43710nets/14.2%work  fan2-4: 48279nets/50.0%work  fan5-16: 12974nets/35.0%work  fan17-64: 154nets/0.8%work  fan65-256: 0nets/0.0%work  fan>256: 0nets/0.0%work
    rss_probe[outer=1]: pre_post_solve=2308MB post_post_solve=2364MB after_apply=2364MB
MuxSlotTracker[sweep 1 LEAK]: populated_cells=63883, overflow_tiles=1, at_cap_tiles=1222, peak_excess=4, capacity_hist={16:67346}
    E_decomp: base=9185984.6 eff=79089218951383.6 cong=79089209765399.0 cong_share=100.0% sat_pipes=134476 max_util=3031.42  R_buckets: 1-2x=134294 2-10x=1170 10-100x=592 >=100x=2426347
    E_potential: beckmann=20091240904316256.0 history_total=0.0
    SpanCache: epoch=2 entries=2604 lookups=2562403 hits=2559799 misses=2604 hit_rate=99.9%
  DCD   1: nets=105117 line=17041891 energy=8299225938.359 dE=+8296782544.125 friction=363418611.3 bins=2.0x(1032) excess=359.9 moved=63515 disp=14.391 solves=105117 skip=105117 pops=947857546 theta=1.118 refresh=249387ms dcd=14434ms total=267943ms
    cache_stats: entries=48251776 capacity=83606476 est_mb=722 rss_mb=2365
RSS_SAMPLE t=1017.3s rss=2365MB hwm=2365MB
RSS_SAMPLE t=1017.6s rss=2365MB hwm=2365MB
RSS_SAMPLE t=1017.8s rss=2365MB hwm=2365MB
RSS_SAMPLE t=1018.1s rss=2365MB hwm=2365MB
RSS_SAMPLE t=1018.3s rss=2365MB hwm=2365MB
RSS_SAMPLE t=1018.6s rss=2365MB hwm=2365MB
RSS_SAMPLE t=1018.8s rss=2365MB hwm=2365MB
RSS_SAMPLE t=1019.1s rss=2365MB hwm=2365MB
RSS_SAMPLE t=1019.3s rss=2365MB hwm=2365MB
RSS_SAMPLE t=1019.6s rss=2365MB hwm=2365MB
    SwitchMatrix: type_usage_pairs=1420 lookups=3384 hits=1964 dijkstra_calls=1420 avg_us=9.1 total_ms=13.0
PHASE_MARK outer=2 enter=pre_solve rss=2365MB
    rss_probe[outer=2]: pre_refresh_rss=2365MB post_pre_solve_rss=2384MB cache_entries=48251776 cache_cap=83606476 cache_est_mb=722
    pre_solve_diag[outer=2]: solves=0 fallback=0 (0.0%) cap_armed=0 (0.0%) settle_avg=0 settle_max=0 init_count=27
    Overflow: over=122394 (4.8% of used) avg_excess=11.43 max_excess=3275.67 (nc=3299.67 cap=24 span=1)  excess_buckets: <=1=44634 1-5=56477 5-20=15855 >20=5428  by_cap: cap1=34235 cap2=78363 cap3-5=32 cap>5=9764  by_span: s1=704 s2-3=1704 s4-6=6050 s7-12=79141 s>12=34795  le1_cross: cap1=24133 cap2-5=18497 cap>5=2004
    Congestion: pipes=2562403 used=2562403 congested(>50%)=219477 saturated(>90%)=134476 max_util=3031.42 avg_util=0.3423
PHASE_MARK outer=2 enter=dcd_sweep rss=2384MB
RSS_SAMPLE t=1019.8s rss=2384MB hwm=2384MB
RSS_SAMPLE t=1020.1s rss=2384MB hwm=2384MB
RSS_SAMPLE t=1020.3s rss=2384MB hwm=2384MB
RSS_SAMPLE t=1020.6s rss=2384MB hwm=2384MB
RSS_SAMPLE t=1020.8s rss=2384MB hwm=2384MB
RSS_SAMPLE t=1021.1s rss=2384MB hwm=2384MB
RSS_SAMPLE t=1021.3s rss=2384MB hwm=2384MB
RSS_SAMPLE t=1021.6s rss=2384MB hwm=2384MB
RSS_SAMPLE t=1021.8s rss=2384MB hwm=2384MB
RSS_SAMPLE t=1022.1s rss=2384MB hwm=2384MB
RSS_SAMPLE t=1022.3s rss=2384MB hwm=2384MB
RSS_SAMPLE t=1022.6s rss=2384MB hwm=2384MB
RSS_SAMPLE t=1022.8s rss=2384MB hwm=2384MB
RSS_SAMPLE t=1023.1s rss=2384MB hwm=2384MB
RSS_SAMPLE t=1023.3s rss=2384MB hwm=2384MB
RSS_SAMPLE t=1023.6s rss=2384MB hwm=2384MB
RSS_SAMPLE t=1023.8s rss=2384MB hwm=2384MB
RSS_SAMPLE t=1024.1s rss=2384MB hwm=2384MB
RSS_SAMPLE t=1024.3s rss=2384MB hwm=2384MB
RSS_SAMPLE t=1024.6s rss=2384MB hwm=2384MB
RSS_SAMPLE t=1024.8s rss=2384MB hwm=2384MB
RSS_SAMPLE t=1025.1s rss=2384MB hwm=2384MB
RSS_SAMPLE t=1025.3s rss=2384MB hwm=2384MB
RSS_SAMPLE t=1025.6s rss=2384MB hwm=2384MB
RSS_SAMPLE t=1025.8s rss=2384MB hwm=2384MB
RSS_SAMPLE t=1026.1s rss=2384MB hwm=2384MB
RSS_SAMPLE t=1026.3s rss=2384MB hwm=2384MB
RSS_SAMPLE t=1026.6s rss=2384MB hwm=2384MB
PHASE_MARK outer=2 leave=dcd_sweep rss=2384MB
PHASE_MARK outer=2 enter=post_refresh rss=2384MB
RSS_SAMPLE t=1026.8s rss=2386MB hwm=2386MB
RSS_SAMPLE t=1027.1s rss=2386MB hwm=2386MB
RSS_SAMPLE t=1027.3s rss=2386MB hwm=2386MB
RSS_SAMPLE t=1027.6s rss=2386MB hwm=2386MB
RSS_SAMPLE t=1027.8s rss=2386MB hwm=2386MB
RSS_SAMPLE t=1028.1s rss=2386MB hwm=2386MB
RSS_SAMPLE t=1028.3s rss=2386MB hwm=2386MB
RSS_SAMPLE t=1028.6s rss=2386MB hwm=2386MB
RSS_SAMPLE t=1028.8s rss=2386MB hwm=2386MB
RSS_SAMPLE t=1029.1s rss=2386MB hwm=2386MB
RSS_SAMPLE t=1029.3s rss=2386MB hwm=2386MB
RSS_SAMPLE t=1029.6s rss=2386MB hwm=2386MB
RSS_SAMPLE t=1029.8s rss=2386MB hwm=2386MB
RSS_SAMPLE t=1030.1s rss=2386MB hwm=2386MB
RSS_SAMPLE t=1030.3s rss=2386MB hwm=2386MB
RSS_SAMPLE t=1030.6s rss=2386MB hwm=2386MB
RSS_SAMPLE t=1030.8s rss=2386MB hwm=2386MB
RSS_SAMPLE t=1031.1s rss=2386MB hwm=2386MB
RSS_SAMPLE t=1031.3s rss=2386MB hwm=2386MB
RSS_SAMPLE t=1031.6s rss=2386MB hwm=2386MB
RSS_SAMPLE t=1031.8s rss=2386MB hwm=2386MB
RSS_SAMPLE t=1032.1s rss=2386MB hwm=2386MB
RSS_SAMPLE t=1032.3s rss=2386MB hwm=2386MB
RSS_SAMPLE t=1032.6s rss=2386MB hwm=2386MB
RSS_SAMPLE t=1032.8s rss=2386MB hwm=2386MB
RSS_SAMPLE t=1033.1s rss=2386MB hwm=2386MB
RSS_SAMPLE t=1033.3s rss=2386MB hwm=2386MB
RSS_SAMPLE t=1033.6s rss=2386MB hwm=2386MB
RSS_SAMPLE t=1033.8s rss=2386MB hwm=2386MB
RSS_SAMPLE t=1034.1s rss=2386MB hwm=2386MB
RSS_SAMPLE t=1034.3s rss=2386MB hwm=2386MB
RSS_SAMPLE t=1034.6s rss=2386MB hwm=2386MB
RSS_SAMPLE t=1034.8s rss=2387MB hwm=2387MB
RSS_SAMPLE t=1035.1s rss=2387MB hwm=2387MB
RSS_SAMPLE t=1035.3s rss=2387MB hwm=2387MB
RSS_SAMPLE t=1035.6s rss=2387MB hwm=2387MB
RSS_SAMPLE t=1035.8s rss=2387MB hwm=2387MB
RSS_SAMPLE t=1036.1s rss=2387MB hwm=2387MB
RSS_SAMPLE t=1036.3s rss=2387MB hwm=2387MB
RSS_SAMPLE t=1036.6s rss=2387MB hwm=2387MB
RSS_SAMPLE t=1036.8s rss=2387MB hwm=2387MB
RSS_SAMPLE t=1037.1s rss=2387MB hwm=2387MB
RSS_SAMPLE t=1037.3s rss=2387MB hwm=2387MB
RSS_SAMPLE t=1037.6s rss=2387MB hwm=2387MB
RSS_SAMPLE t=1037.8s rss=2387MB hwm=2387MB
RSS_SAMPLE t=1038.1s rss=2387MB hwm=2387MB
RSS_SAMPLE t=1038.3s rss=2387MB hwm=2387MB
RSS_SAMPLE t=1038.6s rss=2387MB hwm=2387MB
RSS_SAMPLE t=1038.8s rss=2387MB hwm=2387MB
RSS_SAMPLE t=1039.1s rss=2387MB hwm=2387MB
RSS_SAMPLE t=1039.3s rss=2387MB hwm=2387MB
RSS_SAMPLE t=1039.6s rss=2387MB hwm=2387MB
RSS_SAMPLE t=1039.8s rss=2387MB hwm=2387MB
RSS_SAMPLE t=1040.1s rss=2387MB hwm=2387MB
RSS_SAMPLE t=1040.3s rss=2387MB hwm=2387MB
RSS_SAMPLE t=1040.6s rss=2387MB hwm=2387MB
RSS_SAMPLE t=1040.8s rss=2387MB hwm=2387MB
RSS_SAMPLE t=1041.1s rss=2387MB hwm=2387MB
RSS_SAMPLE t=1041.3s rss=2387MB hwm=2387MB
RSS_SAMPLE t=1041.6s rss=2387MB hwm=2387MB
RSS_SAMPLE t=1041.8s rss=2387MB hwm=2387MB
RSS_SAMPLE t=1042.1s rss=2387MB hwm=2387MB
RSS_SAMPLE t=1042.3s rss=2387MB hwm=2387MB
RSS_SAMPLE t=1042.6s rss=2387MB hwm=2387MB
RSS_SAMPLE t=1042.8s rss=2387MB hwm=2387MB
RSS_SAMPLE t=1043.1s rss=2387MB hwm=2387MB
RSS_SAMPLE t=1043.3s rss=2387MB hwm=2387MB
RSS_SAMPLE t=1043.6s rss=2387MB hwm=2387MB
RSS_SAMPLE t=1043.8s rss=2387MB hwm=2387MB
RSS_SAMPLE t=1044.1s rss=2387MB hwm=2387MB
RSS_SAMPLE t=1044.3s rss=2387MB hwm=2387MB
RSS_SAMPLE t=1044.6s rss=2387MB hwm=2387MB
RSS_SAMPLE t=1044.8s rss=2387MB hwm=2387MB
RSS_SAMPLE t=1045.1s rss=2387MB hwm=2387MB
RSS_SAMPLE t=1045.3s rss=2387MB hwm=2387MB
RSS_SAMPLE t=1045.6s rss=2387MB hwm=2387MB
RSS_SAMPLE t=1045.8s rss=2387MB hwm=2387MB
RSS_SAMPLE t=1046.1s rss=2387MB hwm=2387MB
RSS_SAMPLE t=1046.3s rss=2387MB hwm=2387MB
RSS_SAMPLE t=1046.6s rss=2387MB hwm=2387MB
RSS_SAMPLE t=1046.8s rss=2387MB hwm=2387MB
RSS_SAMPLE t=1047.1s rss=2387MB hwm=2387MB
RSS_SAMPLE t=1047.4s rss=2387MB hwm=2387MB
RSS_SAMPLE t=1047.6s rss=2387MB hwm=2387MB
RSS_SAMPLE t=1047.9s rss=2387MB hwm=2387MB
RSS_SAMPLE t=1048.1s rss=2387MB hwm=2387MB
RSS_SAMPLE t=1048.4s rss=2387MB hwm=2387MB
RSS_SAMPLE t=1048.6s rss=2387MB hwm=2387MB
RSS_SAMPLE t=1048.9s rss=2387MB hwm=2387MB
RSS_SAMPLE t=1049.1s rss=2387MB hwm=2387MB
RSS_SAMPLE t=1049.4s rss=2387MB hwm=2387MB
RSS_SAMPLE t=1049.6s rss=2387MB hwm=2387MB
RSS_SAMPLE t=1049.9s rss=2387MB hwm=2387MB
RSS_SAMPLE t=1050.1s rss=2387MB hwm=2387MB
RSS_SAMPLE t=1050.4s rss=2387MB hwm=2387MB
RSS_SAMPLE t=1050.6s rss=2387MB hwm=2387MB
RSS_SAMPLE t=1050.9s rss=2387MB hwm=2387MB
RSS_SAMPLE t=1051.1s rss=2387MB hwm=2387MB
RSS_SAMPLE t=1051.4s rss=2387MB hwm=2387MB
RSS_SAMPLE t=1051.6s rss=2387MB hwm=2387MB
RSS_SAMPLE t=1051.9s rss=2387MB hwm=2387MB
RSS_SAMPLE t=1052.1s rss=2387MB hwm=2387MB
RSS_SAMPLE t=1052.4s rss=2387MB hwm=2387MB
RSS_SAMPLE t=1052.6s rss=2387MB hwm=2387MB
RSS_SAMPLE t=1052.9s rss=2387MB hwm=2387MB
RSS_SAMPLE t=1053.1s rss=2387MB hwm=2387MB
RSS_SAMPLE t=1053.4s rss=2387MB hwm=2387MB
RSS_SAMPLE t=1053.6s rss=2387MB hwm=2387MB
RSS_SAMPLE t=1053.9s rss=2387MB hwm=2387MB
RSS_SAMPLE t=1054.1s rss=2387MB hwm=2387MB
RSS_SAMPLE t=1054.4s rss=2387MB hwm=2387MB
RSS_SAMPLE t=1054.6s rss=2387MB hwm=2387MB
RSS_SAMPLE t=1054.9s rss=2387MB hwm=2387MB
RSS_SAMPLE t=1055.1s rss=2387MB hwm=2387MB
RSS_SAMPLE t=1055.4s rss=2387MB hwm=2387MB
RSS_SAMPLE t=1055.6s rss=2387MB hwm=2387MB
RSS_SAMPLE t=1055.9s rss=2387MB hwm=2387MB
RSS_SAMPLE t=1056.1s rss=2387MB hwm=2387MB
RSS_SAMPLE t=1056.4s rss=2387MB hwm=2387MB
RSS_SAMPLE t=1056.6s rss=2388MB hwm=2388MB
RSS_SAMPLE t=1056.9s rss=2388MB hwm=2388MB
RSS_SAMPLE t=1057.1s rss=2388MB hwm=2388MB
RSS_SAMPLE t=1057.4s rss=2388MB hwm=2388MB
RSS_SAMPLE t=1057.6s rss=2388MB hwm=2388MB
RSS_SAMPLE t=1057.9s rss=2388MB hwm=2388MB
RSS_SAMPLE t=1058.1s rss=2388MB hwm=2388MB
RSS_SAMPLE t=1058.4s rss=2388MB hwm=2388MB
RSS_SAMPLE t=1058.6s rss=2388MB hwm=2388MB
RSS_SAMPLE t=1058.9s rss=2388MB hwm=2388MB
RSS_SAMPLE t=1059.1s rss=2388MB hwm=2388MB
RSS_SAMPLE t=1059.4s rss=2388MB hwm=2388MB
RSS_SAMPLE t=1059.6s rss=2388MB hwm=2388MB
RSS_SAMPLE t=1059.9s rss=2388MB hwm=2388MB
RSS_SAMPLE t=1060.1s rss=2388MB hwm=2388MB
RSS_SAMPLE t=1060.4s rss=2388MB hwm=2388MB
RSS_SAMPLE t=1060.6s rss=2388MB hwm=2388MB
RSS_SAMPLE t=1060.9s rss=2388MB hwm=2388MB
RSS_SAMPLE t=1061.1s rss=2388MB hwm=2388MB
RSS_SAMPLE t=1061.4s rss=2388MB hwm=2388MB
RSS_SAMPLE t=1061.6s rss=2388MB hwm=2388MB
RSS_SAMPLE t=1061.9s rss=2388MB hwm=2388MB
RSS_SAMPLE t=1062.1s rss=2388MB hwm=2388MB
RSS_SAMPLE t=1062.4s rss=2388MB hwm=2388MB
RSS_SAMPLE t=1062.6s rss=2388MB hwm=2388MB
RSS_SAMPLE t=1062.9s rss=2388MB hwm=2388MB
RSS_SAMPLE t=1063.1s rss=2388MB hwm=2388MB
RSS_SAMPLE t=1063.4s rss=2388MB hwm=2388MB
RSS_SAMPLE t=1063.6s rss=2388MB hwm=2388MB
RSS_SAMPLE t=1063.9s rss=2388MB hwm=2388MB
RSS_SAMPLE t=1064.1s rss=2388MB hwm=2388MB
RSS_SAMPLE t=1064.4s rss=2388MB hwm=2388MB
RSS_SAMPLE t=1064.6s rss=2388MB hwm=2388MB
RSS_SAMPLE t=1064.9s rss=2388MB hwm=2388MB
RSS_SAMPLE t=1065.1s rss=2388MB hwm=2388MB
RSS_SAMPLE t=1065.4s rss=2388MB hwm=2388MB
RSS_SAMPLE t=1065.6s rss=2388MB hwm=2388MB
RSS_SAMPLE t=1065.9s rss=2388MB hwm=2388MB
RSS_SAMPLE t=1066.1s rss=2388MB hwm=2388MB
RSS_SAMPLE t=1066.4s rss=2388MB hwm=2388MB
RSS_SAMPLE t=1066.6s rss=2388MB hwm=2388MB
RSS_SAMPLE t=1066.9s rss=2388MB hwm=2388MB
RSS_SAMPLE t=1067.1s rss=2388MB hwm=2388MB
RSS_SAMPLE t=1067.4s rss=2388MB hwm=2388MB
RSS_SAMPLE t=1067.6s rss=2388MB hwm=2388MB
RSS_SAMPLE t=1067.9s rss=2388MB hwm=2388MB
RSS_SAMPLE t=1068.1s rss=2388MB hwm=2388MB
RSS_SAMPLE t=1068.4s rss=2388MB hwm=2388MB
RSS_SAMPLE t=1068.6s rss=2388MB hwm=2388MB
RSS_SAMPLE t=1068.9s rss=2388MB hwm=2388MB
RSS_SAMPLE t=1069.1s rss=2388MB hwm=2388MB
RSS_SAMPLE t=1069.4s rss=2388MB hwm=2388MB
RSS_SAMPLE t=1069.6s rss=2388MB hwm=2388MB
RSS_SAMPLE t=1069.9s rss=2388MB hwm=2388MB
RSS_SAMPLE t=1070.1s rss=2388MB hwm=2388MB
RSS_SAMPLE t=1070.4s rss=2388MB hwm=2388MB
RSS_SAMPLE t=1070.6s rss=2388MB hwm=2388MB
RSS_SAMPLE t=1070.9s rss=2388MB hwm=2388MB
RSS_SAMPLE t=1071.1s rss=2388MB hwm=2388MB
RSS_SAMPLE t=1071.4s rss=2388MB hwm=2388MB
RSS_SAMPLE t=1071.6s rss=2388MB hwm=2388MB
RSS_SAMPLE t=1071.9s rss=2388MB hwm=2388MB
RSS_SAMPLE t=1072.1s rss=2388MB hwm=2388MB
RSS_SAMPLE t=1072.4s rss=2388MB hwm=2388MB
RSS_SAMPLE t=1072.6s rss=2388MB hwm=2388MB
RSS_SAMPLE t=1072.9s rss=2388MB hwm=2388MB
RSS_SAMPLE t=1073.1s rss=2388MB hwm=2388MB
RSS_SAMPLE t=1073.4s rss=2388MB hwm=2388MB
RSS_SAMPLE t=1073.6s rss=2388MB hwm=2388MB
RSS_SAMPLE t=1073.9s rss=2388MB hwm=2388MB
RSS_SAMPLE t=1074.1s rss=2388MB hwm=2388MB
RSS_SAMPLE t=1074.4s rss=2388MB hwm=2388MB
RSS_SAMPLE t=1074.6s rss=2388MB hwm=2388MB
RSS_SAMPLE t=1074.9s rss=2388MB hwm=2388MB
RSS_SAMPLE t=1075.1s rss=2388MB hwm=2388MB
RSS_SAMPLE t=1075.4s rss=2388MB hwm=2388MB
RSS_SAMPLE t=1075.6s rss=2388MB hwm=2388MB
RSS_SAMPLE t=1075.9s rss=2388MB hwm=2388MB
RSS_SAMPLE t=1076.1s rss=2388MB hwm=2388MB
RSS_SAMPLE t=1076.4s rss=2388MB hwm=2388MB
RSS_SAMPLE t=1076.6s rss=2388MB hwm=2388MB
RSS_SAMPLE t=1076.9s rss=2388MB hwm=2388MB
RSS_SAMPLE t=1077.1s rss=2388MB hwm=2388MB
RSS_SAMPLE t=1077.4s rss=2388MB hwm=2388MB
RSS_SAMPLE t=1077.6s rss=2388MB hwm=2388MB
RSS_SAMPLE t=1077.9s rss=2388MB hwm=2388MB
RSS_SAMPLE t=1078.1s rss=2388MB hwm=2388MB
RSS_SAMPLE t=1078.4s rss=2388MB hwm=2388MB
RSS_SAMPLE t=1078.6s rss=2388MB hwm=2388MB
RSS_SAMPLE t=1078.9s rss=2388MB hwm=2388MB
RSS_SAMPLE t=1079.1s rss=2388MB hwm=2388MB
RSS_SAMPLE t=1079.4s rss=2388MB hwm=2388MB
RSS_SAMPLE t=1079.7s rss=2388MB hwm=2388MB
RSS_SAMPLE t=1079.9s rss=2388MB hwm=2388MB
RSS_SAMPLE t=1080.2s rss=2388MB hwm=2388MB
RSS_SAMPLE t=1080.4s rss=2388MB hwm=2388MB
RSS_SAMPLE t=1080.7s rss=2388MB hwm=2388MB
RSS_SAMPLE t=1080.9s rss=2388MB hwm=2388MB
RSS_SAMPLE t=1081.2s rss=2388MB hwm=2388MB
RSS_SAMPLE t=1081.4s rss=2388MB hwm=2388MB
RSS_SAMPLE t=1081.7s rss=2388MB hwm=2388MB
RSS_SAMPLE t=1081.9s rss=2388MB hwm=2388MB
RSS_SAMPLE t=1082.2s rss=2388MB hwm=2388MB
RSS_SAMPLE t=1082.4s rss=2388MB hwm=2388MB
RSS_SAMPLE t=1082.7s rss=2388MB hwm=2388MB
RSS_SAMPLE t=1082.9s rss=2388MB hwm=2388MB
RSS_SAMPLE t=1083.2s rss=2388MB hwm=2388MB
RSS_SAMPLE t=1083.4s rss=2388MB hwm=2388MB
RSS_SAMPLE t=1083.7s rss=2388MB hwm=2388MB
RSS_SAMPLE t=1083.9s rss=2388MB hwm=2388MB
RSS_SAMPLE t=1084.2s rss=2388MB hwm=2388MB
RSS_SAMPLE t=1084.4s rss=2388MB hwm=2388MB
RSS_SAMPLE t=1084.7s rss=2388MB hwm=2388MB
RSS_SAMPLE t=1084.9s rss=2388MB hwm=2388MB
RSS_SAMPLE t=1085.2s rss=2388MB hwm=2388MB
RSS_SAMPLE t=1085.4s rss=2388MB hwm=2388MB
RSS_SAMPLE t=1085.7s rss=2388MB hwm=2388MB
RSS_SAMPLE t=1085.9s rss=2388MB hwm=2388MB
RSS_SAMPLE t=1086.2s rss=2388MB hwm=2388MB
RSS_SAMPLE t=1086.4s rss=2388MB hwm=2388MB
RSS_SAMPLE t=1086.7s rss=2388MB hwm=2388MB
RSS_SAMPLE t=1086.9s rss=2388MB hwm=2388MB
RSS_SAMPLE t=1087.2s rss=2388MB hwm=2388MB
RSS_SAMPLE t=1087.4s rss=2388MB hwm=2388MB
RSS_SAMPLE t=1087.7s rss=2388MB hwm=2388MB
RSS_SAMPLE t=1087.9s rss=2388MB hwm=2388MB
RSS_SAMPLE t=1088.2s rss=2388MB hwm=2388MB
RSS_SAMPLE t=1088.4s rss=2388MB hwm=2388MB
RSS_SAMPLE t=1088.7s rss=2388MB hwm=2388MB
RSS_SAMPLE t=1088.9s rss=2388MB hwm=2388MB
RSS_SAMPLE t=1089.2s rss=2388MB hwm=2388MB
RSS_SAMPLE t=1089.4s rss=2388MB hwm=2388MB
RSS_SAMPLE t=1089.7s rss=2388MB hwm=2388MB
RSS_SAMPLE t=1089.9s rss=2388MB hwm=2388MB
RSS_SAMPLE t=1090.2s rss=2388MB hwm=2388MB
RSS_SAMPLE t=1090.4s rss=2388MB hwm=2388MB
RSS_SAMPLE t=1090.7s rss=2388MB hwm=2388MB
RSS_SAMPLE t=1090.9s rss=2388MB hwm=2388MB
RSS_SAMPLE t=1091.2s rss=2388MB hwm=2388MB
RSS_SAMPLE t=1091.4s rss=2388MB hwm=2388MB
RSS_SAMPLE t=1091.7s rss=2388MB hwm=2388MB
RSS_SAMPLE t=1091.9s rss=2388MB hwm=2388MB
RSS_SAMPLE t=1092.2s rss=2388MB hwm=2388MB
RSS_SAMPLE t=1092.4s rss=2388MB hwm=2388MB
RSS_SAMPLE t=1092.7s rss=2388MB hwm=2388MB
RSS_SAMPLE t=1092.9s rss=2388MB hwm=2388MB
RSS_SAMPLE t=1093.2s rss=2388MB hwm=2388MB
RSS_SAMPLE t=1093.4s rss=2388MB hwm=2388MB
RSS_SAMPLE t=1093.7s rss=2388MB hwm=2388MB
RSS_SAMPLE t=1093.9s rss=2388MB hwm=2388MB
RSS_SAMPLE t=1094.2s rss=2388MB hwm=2388MB
RSS_SAMPLE t=1094.4s rss=2388MB hwm=2388MB
RSS_SAMPLE t=1094.7s rss=2388MB hwm=2388MB
RSS_SAMPLE t=1094.9s rss=2388MB hwm=2388MB
RSS_SAMPLE t=1095.2s rss=2388MB hwm=2388MB
RSS_SAMPLE t=1095.4s rss=2388MB hwm=2388MB
RSS_SAMPLE t=1095.7s rss=2388MB hwm=2388MB
RSS_SAMPLE t=1095.9s rss=2388MB hwm=2388MB
RSS_SAMPLE t=1096.2s rss=2388MB hwm=2388MB
RSS_SAMPLE t=1096.4s rss=2388MB hwm=2388MB
RSS_SAMPLE t=1096.7s rss=2388MB hwm=2388MB
RSS_SAMPLE t=1096.9s rss=2388MB hwm=2388MB
RSS_SAMPLE t=1097.2s rss=2388MB hwm=2388MB
RSS_SAMPLE t=1097.4s rss=2388MB hwm=2388MB
RSS_SAMPLE t=1097.7s rss=2388MB hwm=2388MB
RSS_SAMPLE t=1097.9s rss=2388MB hwm=2388MB
RSS_SAMPLE t=1098.2s rss=2388MB hwm=2388MB
RSS_SAMPLE t=1098.4s rss=2388MB hwm=2388MB
RSS_SAMPLE t=1098.7s rss=2388MB hwm=2388MB
RSS_SAMPLE t=1098.9s rss=2388MB hwm=2388MB
RSS_SAMPLE t=1099.2s rss=2388MB hwm=2388MB
RSS_SAMPLE t=1099.4s rss=2388MB hwm=2388MB
RSS_SAMPLE t=1099.7s rss=2388MB hwm=2388MB
RSS_SAMPLE t=1099.9s rss=2388MB hwm=2388MB
RSS_SAMPLE t=1100.2s rss=2388MB hwm=2388MB
RSS_SAMPLE t=1100.4s rss=2388MB hwm=2388MB
RSS_SAMPLE t=1100.7s rss=2388MB hwm=2388MB
RSS_SAMPLE t=1100.9s rss=2388MB hwm=2388MB
RSS_SAMPLE t=1101.2s rss=2388MB hwm=2388MB
RSS_SAMPLE t=1101.4s rss=2388MB hwm=2388MB
RSS_SAMPLE t=1101.7s rss=2388MB hwm=2388MB
RSS_SAMPLE t=1101.9s rss=2388MB hwm=2388MB
RSS_SAMPLE t=1102.2s rss=2388MB hwm=2388MB
RSS_SAMPLE t=1102.4s rss=2388MB hwm=2388MB
RSS_SAMPLE t=1102.7s rss=2388MB hwm=2388MB
RSS_SAMPLE t=1102.9s rss=2388MB hwm=2388MB
RSS_SAMPLE t=1103.2s rss=2388MB hwm=2388MB
RSS_SAMPLE t=1103.4s rss=2388MB hwm=2388MB
RSS_SAMPLE t=1103.7s rss=2388MB hwm=2388MB
RSS_SAMPLE t=1103.9s rss=2388MB hwm=2388MB
RSS_SAMPLE t=1104.2s rss=2388MB hwm=2388MB
RSS_SAMPLE t=1104.4s rss=2388MB hwm=2388MB
RSS_SAMPLE t=1104.7s rss=2388MB hwm=2388MB
RSS_SAMPLE t=1104.9s rss=2388MB hwm=2388MB
RSS_SAMPLE t=1105.2s rss=2388MB hwm=2388MB
RSS_SAMPLE t=1105.4s rss=2388MB hwm=2388MB
RSS_SAMPLE t=1105.7s rss=2388MB hwm=2388MB
RSS_SAMPLE t=1105.9s rss=2388MB hwm=2388MB
RSS_SAMPLE t=1106.2s rss=2388MB hwm=2388MB
RSS_SAMPLE t=1106.4s rss=2388MB hwm=2388MB
RSS_SAMPLE t=1106.7s rss=2388MB hwm=2388MB
RSS_SAMPLE t=1106.9s rss=2388MB hwm=2388MB
RSS_SAMPLE t=1107.2s rss=2388MB hwm=2388MB
RSS_SAMPLE t=1107.4s rss=2388MB hwm=2388MB
RSS_SAMPLE t=1107.7s rss=2388MB hwm=2388MB
RSS_SAMPLE t=1107.9s rss=2388MB hwm=2388MB
RSS_SAMPLE t=1108.2s rss=2388MB hwm=2388MB
RSS_SAMPLE t=1108.4s rss=2388MB hwm=2388MB
RSS_SAMPLE t=1108.7s rss=2388MB hwm=2388MB
RSS_SAMPLE t=1108.9s rss=2388MB hwm=2388MB
RSS_SAMPLE t=1109.2s rss=2388MB hwm=2388MB
RSS_SAMPLE t=1109.4s rss=2388MB hwm=2388MB
RSS_SAMPLE t=1109.7s rss=2388MB hwm=2388MB
RSS_SAMPLE t=1109.9s rss=2388MB hwm=2388MB
RSS_SAMPLE t=1110.2s rss=2388MB hwm=2388MB
RSS_SAMPLE t=1110.4s rss=2388MB hwm=2388MB
RSS_SAMPLE t=1110.7s rss=2388MB hwm=2388MB
RSS_SAMPLE t=1110.9s rss=2388MB hwm=2388MB
RSS_SAMPLE t=1111.2s rss=2388MB hwm=2388MB
RSS_SAMPLE t=1111.4s rss=2388MB hwm=2388MB
RSS_SAMPLE t=1111.7s rss=2388MB hwm=2388MB
RSS_SAMPLE t=1111.9s rss=2388MB hwm=2388MB
RSS_SAMPLE t=1112.2s rss=2388MB hwm=2388MB
RSS_SAMPLE t=1112.4s rss=2388MB hwm=2388MB
RSS_SAMPLE t=1112.7s rss=2388MB hwm=2388MB
RSS_SAMPLE t=1112.9s rss=2388MB hwm=2388MB
RSS_SAMPLE t=1113.2s rss=2388MB hwm=2388MB
RSS_SAMPLE t=1113.4s rss=2388MB hwm=2388MB
RSS_SAMPLE t=1113.7s rss=2388MB hwm=2388MB
RSS_SAMPLE t=1113.9s rss=2388MB hwm=2388MB
RSS_SAMPLE t=1114.2s rss=2388MB hwm=2388MB
RSS_SAMPLE t=1114.4s rss=2388MB hwm=2388MB
RSS_SAMPLE t=1114.7s rss=2388MB hwm=2388MB
RSS_SAMPLE t=1114.9s rss=2388MB hwm=2388MB
RSS_SAMPLE t=1115.2s rss=2388MB hwm=2388MB
RSS_SAMPLE t=1115.4s rss=2388MB hwm=2388MB
RSS_SAMPLE t=1115.7s rss=2388MB hwm=2388MB
RSS_SAMPLE t=1115.9s rss=2388MB hwm=2388MB
RSS_SAMPLE t=1116.2s rss=2388MB hwm=2388MB
RSS_SAMPLE t=1116.4s rss=2388MB hwm=2388MB
RSS_SAMPLE t=1116.7s rss=2388MB hwm=2388MB
RSS_SAMPLE t=1116.9s rss=2388MB hwm=2388MB
RSS_SAMPLE t=1117.2s rss=2388MB hwm=2388MB
RSS_SAMPLE t=1117.4s rss=2388MB hwm=2388MB
RSS_SAMPLE t=1117.7s rss=2388MB hwm=2388MB
RSS_SAMPLE t=1117.9s rss=2388MB hwm=2388MB
RSS_SAMPLE t=1118.2s rss=2388MB hwm=2388MB
RSS_SAMPLE t=1118.4s rss=2388MB hwm=2388MB
RSS_SAMPLE t=1118.7s rss=2388MB hwm=2388MB
RSS_SAMPLE t=1118.9s rss=2388MB hwm=2388MB
RSS_SAMPLE t=1119.2s rss=2388MB hwm=2388MB
RSS_SAMPLE t=1119.4s rss=2388MB hwm=2388MB
RSS_SAMPLE t=1119.7s rss=2388MB hwm=2388MB
RSS_SAMPLE t=1119.9s rss=2388MB hwm=2388MB
RSS_SAMPLE t=1120.2s rss=2388MB hwm=2388MB
RSS_SAMPLE t=1120.4s rss=2388MB hwm=2388MB
RSS_SAMPLE t=1120.7s rss=2388MB hwm=2388MB
RSS_SAMPLE t=1120.9s rss=2388MB hwm=2388MB
RSS_SAMPLE t=1121.2s rss=2388MB hwm=2388MB
RSS_SAMPLE t=1121.4s rss=2388MB hwm=2388MB
RSS_SAMPLE t=1121.7s rss=2388MB hwm=2388MB
RSS_SAMPLE t=1121.9s rss=2388MB hwm=2388MB
RSS_SAMPLE t=1122.2s rss=2388MB hwm=2388MB
RSS_SAMPLE t=1122.4s rss=2388MB hwm=2388MB
RSS_SAMPLE t=1122.7s rss=2388MB hwm=2388MB
RSS_SAMPLE t=1122.9s rss=2388MB hwm=2388MB
RSS_SAMPLE t=1123.2s rss=2388MB hwm=2388MB
RSS_SAMPLE t=1123.4s rss=2388MB hwm=2388MB
RSS_SAMPLE t=1123.7s rss=2388MB hwm=2388MB
RSS_SAMPLE t=1123.9s rss=2388MB hwm=2388MB
RSS_SAMPLE t=1124.2s rss=2388MB hwm=2388MB
RSS_SAMPLE t=1124.4s rss=2388MB hwm=2388MB
RSS_SAMPLE t=1124.7s rss=2388MB hwm=2388MB
RSS_SAMPLE t=1124.9s rss=2388MB hwm=2388MB
RSS_SAMPLE t=1125.2s rss=2388MB hwm=2388MB
RSS_SAMPLE t=1125.4s rss=2388MB hwm=2388MB
RSS_SAMPLE t=1125.7s rss=2388MB hwm=2388MB
RSS_SAMPLE t=1125.9s rss=2388MB hwm=2388MB
RSS_SAMPLE t=1126.2s rss=2388MB hwm=2388MB
RSS_SAMPLE t=1126.4s rss=2388MB hwm=2388MB
RSS_SAMPLE t=1126.7s rss=2388MB hwm=2388MB
RSS_SAMPLE t=1126.9s rss=2388MB hwm=2388MB
RSS_SAMPLE t=1127.2s rss=2388MB hwm=2388MB
RSS_SAMPLE t=1127.4s rss=2388MB hwm=2388MB
RSS_SAMPLE t=1127.7s rss=2388MB hwm=2388MB
RSS_SAMPLE t=1127.9s rss=2388MB hwm=2388MB
RSS_SAMPLE t=1128.2s rss=2388MB hwm=2388MB
RSS_SAMPLE t=1128.4s rss=2388MB hwm=2388MB
RSS_SAMPLE t=1128.7s rss=2388MB hwm=2388MB
RSS_SAMPLE t=1128.9s rss=2388MB hwm=2388MB
RSS_SAMPLE t=1129.2s rss=2388MB hwm=2388MB
RSS_SAMPLE t=1129.4s rss=2388MB hwm=2388MB
RSS_SAMPLE t=1129.7s rss=2388MB hwm=2388MB
RSS_SAMPLE t=1129.9s rss=2388MB hwm=2388MB
RSS_SAMPLE t=1130.2s rss=2388MB hwm=2388MB
RSS_SAMPLE t=1130.4s rss=2388MB hwm=2388MB
RSS_SAMPLE t=1130.7s rss=2388MB hwm=2388MB
RSS_SAMPLE t=1130.9s rss=2388MB hwm=2388MB
RSS_SAMPLE t=1131.2s rss=2388MB hwm=2388MB
RSS_SAMPLE t=1131.4s rss=2388MB hwm=2388MB
RSS_SAMPLE t=1131.7s rss=2388MB hwm=2388MB
RSS_SAMPLE t=1131.9s rss=2388MB hwm=2388MB
RSS_SAMPLE t=1132.2s rss=2388MB hwm=2388MB
RSS_SAMPLE t=1132.4s rss=2388MB hwm=2388MB
RSS_SAMPLE t=1132.7s rss=2388MB hwm=2388MB
RSS_SAMPLE t=1132.9s rss=2388MB hwm=2388MB
RSS_SAMPLE t=1133.2s rss=2388MB hwm=2388MB
RSS_SAMPLE t=1133.4s rss=2388MB hwm=2388MB
RSS_SAMPLE t=1133.7s rss=2388MB hwm=2388MB
RSS_SAMPLE t=1133.9s rss=2388MB hwm=2388MB
RSS_SAMPLE t=1134.2s rss=2388MB hwm=2388MB
RSS_SAMPLE t=1134.4s rss=2388MB hwm=2388MB
RSS_SAMPLE t=1134.7s rss=2388MB hwm=2388MB
RSS_SAMPLE t=1134.9s rss=2388MB hwm=2388MB
RSS_SAMPLE t=1135.2s rss=2388MB hwm=2388MB
RSS_SAMPLE t=1135.4s rss=2388MB hwm=2388MB
RSS_SAMPLE t=1135.7s rss=2388MB hwm=2388MB
RSS_SAMPLE t=1135.9s rss=2388MB hwm=2388MB
RSS_SAMPLE t=1136.2s rss=2388MB hwm=2388MB
RSS_SAMPLE t=1136.4s rss=2388MB hwm=2388MB
RSS_SAMPLE t=1136.7s rss=2388MB hwm=2388MB
RSS_SAMPLE t=1137.0s rss=2388MB hwm=2388MB
RSS_SAMPLE t=1137.2s rss=2388MB hwm=2388MB
RSS_SAMPLE t=1137.5s rss=2388MB hwm=2388MB
RSS_SAMPLE t=1137.7s rss=2388MB hwm=2388MB
RSS_SAMPLE t=1138.0s rss=2388MB hwm=2388MB
RSS_SAMPLE t=1138.2s rss=2388MB hwm=2388MB
RSS_SAMPLE t=1138.5s rss=2388MB hwm=2388MB
RSS_SAMPLE t=1138.7s rss=2388MB hwm=2388MB
RSS_SAMPLE t=1139.0s rss=2388MB hwm=2388MB
RSS_SAMPLE t=1139.2s rss=2388MB hwm=2388MB
RSS_SAMPLE t=1139.5s rss=2388MB hwm=2388MB
RSS_SAMPLE t=1139.7s rss=2388MB hwm=2388MB
RSS_SAMPLE t=1140.0s rss=2388MB hwm=2388MB
RSS_SAMPLE t=1140.2s rss=2388MB hwm=2388MB
RSS_SAMPLE t=1140.5s rss=2388MB hwm=2388MB
RSS_SAMPLE t=1140.7s rss=2388MB hwm=2388MB
RSS_SAMPLE t=1141.0s rss=2388MB hwm=2388MB
RSS_SAMPLE t=1141.2s rss=2388MB hwm=2388MB
RSS_SAMPLE t=1141.5s rss=2388MB hwm=2388MB
RSS_SAMPLE t=1141.7s rss=2388MB hwm=2388MB
RSS_SAMPLE t=1142.0s rss=2388MB hwm=2388MB
RSS_SAMPLE t=1142.2s rss=2388MB hwm=2388MB
RSS_SAMPLE t=1142.5s rss=2388MB hwm=2388MB
RSS_SAMPLE t=1142.7s rss=2388MB hwm=2388MB
RSS_SAMPLE t=1143.0s rss=2388MB hwm=2388MB
RSS_SAMPLE t=1143.2s rss=2388MB hwm=2388MB
RSS_SAMPLE t=1143.5s rss=2388MB hwm=2388MB
RSS_SAMPLE t=1143.7s rss=2388MB hwm=2388MB
RSS_SAMPLE t=1144.0s rss=2388MB hwm=2388MB
RSS_SAMPLE t=1144.2s rss=2388MB hwm=2388MB
RSS_SAMPLE t=1144.5s rss=2388MB hwm=2388MB
RSS_SAMPLE t=1144.7s rss=2388MB hwm=2388MB
RSS_SAMPLE t=1145.0s rss=2388MB hwm=2388MB
RSS_SAMPLE t=1145.2s rss=2388MB hwm=2388MB
RSS_SAMPLE t=1145.5s rss=2388MB hwm=2388MB
RSS_SAMPLE t=1145.7s rss=2388MB hwm=2388MB
RSS_SAMPLE t=1146.0s rss=2388MB hwm=2388MB
RSS_SAMPLE t=1146.2s rss=2388MB hwm=2388MB
RSS_SAMPLE t=1146.5s rss=2388MB hwm=2388MB
RSS_SAMPLE t=1146.7s rss=2388MB hwm=2388MB
RSS_SAMPLE t=1147.0s rss=2388MB hwm=2388MB
RSS_SAMPLE t=1147.2s rss=2388MB hwm=2388MB
RSS_SAMPLE t=1147.5s rss=2388MB hwm=2388MB
RSS_SAMPLE t=1147.7s rss=2388MB hwm=2388MB
RSS_SAMPLE t=1148.0s rss=2388MB hwm=2388MB
RSS_SAMPLE t=1148.2s rss=2388MB hwm=2388MB
RSS_SAMPLE t=1148.5s rss=2388MB hwm=2388MB
RSS_SAMPLE t=1148.7s rss=2388MB hwm=2388MB
RSS_SAMPLE t=1149.0s rss=2388MB hwm=2388MB
RSS_SAMPLE t=1149.2s rss=2388MB hwm=2388MB
RSS_SAMPLE t=1149.5s rss=2388MB hwm=2388MB
RSS_SAMPLE t=1149.7s rss=2388MB hwm=2388MB
RSS_SAMPLE t=1150.0s rss=2388MB hwm=2388MB
RSS_SAMPLE t=1150.2s rss=2388MB hwm=2388MB
RSS_SAMPLE t=1150.5s rss=2388MB hwm=2388MB
RSS_SAMPLE t=1150.7s rss=2388MB hwm=2388MB
RSS_SAMPLE t=1151.0s rss=2388MB hwm=2388MB
RSS_SAMPLE t=1151.2s rss=2388MB hwm=2388MB
RSS_SAMPLE t=1151.5s rss=2388MB hwm=2388MB
RSS_SAMPLE t=1151.7s rss=2388MB hwm=2388MB
RSS_SAMPLE t=1152.0s rss=2388MB hwm=2388MB
RSS_SAMPLE t=1152.2s rss=2388MB hwm=2388MB
RSS_SAMPLE t=1152.5s rss=2388MB hwm=2388MB
RSS_SAMPLE t=1152.7s rss=2388MB hwm=2388MB
RSS_SAMPLE t=1153.0s rss=2388MB hwm=2388MB
RSS_SAMPLE t=1153.2s rss=2388MB hwm=2388MB
RSS_SAMPLE t=1153.5s rss=2388MB hwm=2388MB
RSS_SAMPLE t=1153.7s rss=2388MB hwm=2388MB
RSS_SAMPLE t=1154.0s rss=2388MB hwm=2388MB
RSS_SAMPLE t=1154.2s rss=2388MB hwm=2388MB
RSS_SAMPLE t=1154.5s rss=2388MB hwm=2388MB
RSS_SAMPLE t=1154.7s rss=2388MB hwm=2388MB
RSS_SAMPLE t=1155.0s rss=2388MB hwm=2388MB
RSS_SAMPLE t=1155.2s rss=2388MB hwm=2388MB
RSS_SAMPLE t=1155.5s rss=2388MB hwm=2388MB
RSS_SAMPLE t=1155.7s rss=2388MB hwm=2388MB
RSS_SAMPLE t=1156.0s rss=2388MB hwm=2388MB
RSS_SAMPLE t=1156.2s rss=2388MB hwm=2388MB
RSS_SAMPLE t=1156.5s rss=2388MB hwm=2388MB
RSS_SAMPLE t=1156.7s rss=2388MB hwm=2388MB
RSS_SAMPLE t=1157.0s rss=2388MB hwm=2388MB
RSS_SAMPLE t=1157.2s rss=2388MB hwm=2388MB
RSS_SAMPLE t=1157.5s rss=2388MB hwm=2388MB
RSS_SAMPLE t=1157.7s rss=2388MB hwm=2388MB
RSS_SAMPLE t=1158.0s rss=2388MB hwm=2388MB
RSS_SAMPLE t=1158.2s rss=2388MB hwm=2388MB
RSS_SAMPLE t=1158.5s rss=2388MB hwm=2388MB
RSS_SAMPLE t=1158.7s rss=2388MB hwm=2388MB
RSS_SAMPLE t=1159.0s rss=2388MB hwm=2388MB
RSS_SAMPLE t=1159.2s rss=2388MB hwm=2388MB
RSS_SAMPLE t=1159.5s rss=2388MB hwm=2388MB
RSS_SAMPLE t=1159.7s rss=2388MB hwm=2388MB
RSS_SAMPLE t=1160.0s rss=2388MB hwm=2388MB
RSS_SAMPLE t=1160.2s rss=2388MB hwm=2388MB
RSS_SAMPLE t=1160.5s rss=2388MB hwm=2388MB
RSS_SAMPLE t=1160.7s rss=2388MB hwm=2388MB
RSS_SAMPLE t=1161.0s rss=2388MB hwm=2388MB
RSS_SAMPLE t=1161.2s rss=2388MB hwm=2388MB
RSS_SAMPLE t=1161.5s rss=2388MB hwm=2388MB
RSS_SAMPLE t=1161.7s rss=2388MB hwm=2388MB
RSS_SAMPLE t=1162.0s rss=2388MB hwm=2388MB
RSS_SAMPLE t=1162.2s rss=2388MB hwm=2388MB
RSS_SAMPLE t=1162.5s rss=2388MB hwm=2388MB
RSS_SAMPLE t=1162.7s rss=2388MB hwm=2388MB
RSS_SAMPLE t=1163.0s rss=2388MB hwm=2388MB
RSS_SAMPLE t=1163.2s rss=2388MB hwm=2388MB
RSS_SAMPLE t=1163.5s rss=2388MB hwm=2388MB
RSS_SAMPLE t=1163.7s rss=2388MB hwm=2388MB
RSS_SAMPLE t=1164.0s rss=2388MB hwm=2388MB
RSS_SAMPLE t=1164.2s rss=2388MB hwm=2388MB
RSS_SAMPLE t=1164.5s rss=2388MB hwm=2388MB
RSS_SAMPLE t=1164.7s rss=2388MB hwm=2388MB
RSS_SAMPLE t=1165.0s rss=2388MB hwm=2388MB
RSS_SAMPLE t=1165.2s rss=2388MB hwm=2388MB
RSS_SAMPLE t=1165.5s rss=2388MB hwm=2388MB
RSS_SAMPLE t=1165.7s rss=2388MB hwm=2388MB
RSS_SAMPLE t=1166.0s rss=2388MB hwm=2388MB
RSS_SAMPLE t=1166.2s rss=2388MB hwm=2388MB
RSS_SAMPLE t=1166.5s rss=2388MB hwm=2388MB
RSS_SAMPLE t=1166.7s rss=2388MB hwm=2388MB
RSS_SAMPLE t=1167.0s rss=2388MB hwm=2388MB
RSS_SAMPLE t=1167.2s rss=2388MB hwm=2388MB
RSS_SAMPLE t=1167.5s rss=2388MB hwm=2388MB
RSS_SAMPLE t=1167.7s rss=2388MB hwm=2388MB
RSS_SAMPLE t=1168.0s rss=2388MB hwm=2388MB
RSS_SAMPLE t=1168.2s rss=2388MB hwm=2388MB
RSS_SAMPLE t=1168.5s rss=2388MB hwm=2388MB
RSS_SAMPLE t=1168.7s rss=2388MB hwm=2388MB
RSS_SAMPLE t=1169.0s rss=2388MB hwm=2388MB
RSS_SAMPLE t=1169.2s rss=2388MB hwm=2388MB
RSS_SAMPLE t=1169.5s rss=2388MB hwm=2388MB
RSS_SAMPLE t=1169.7s rss=2388MB hwm=2388MB
RSS_SAMPLE t=1170.0s rss=2388MB hwm=2388MB
RSS_SAMPLE t=1170.2s rss=2388MB hwm=2388MB
RSS_SAMPLE t=1170.5s rss=2388MB hwm=2388MB
RSS_SAMPLE t=1170.7s rss=2388MB hwm=2388MB
RSS_SAMPLE t=1171.0s rss=2388MB hwm=2388MB
RSS_SAMPLE t=1171.2s rss=2388MB hwm=2388MB
RSS_SAMPLE t=1171.5s rss=2388MB hwm=2388MB
RSS_SAMPLE t=1171.7s rss=2388MB hwm=2388MB
RSS_SAMPLE t=1172.0s rss=2388MB hwm=2388MB
RSS_SAMPLE t=1172.2s rss=2388MB hwm=2388MB
RSS_SAMPLE t=1172.5s rss=2388MB hwm=2388MB
RSS_SAMPLE t=1172.7s rss=2388MB hwm=2388MB
RSS_SAMPLE t=1173.0s rss=2388MB hwm=2388MB
RSS_SAMPLE t=1173.2s rss=2388MB hwm=2388MB
RSS_SAMPLE t=1173.5s rss=2388MB hwm=2388MB
RSS_SAMPLE t=1173.7s rss=2388MB hwm=2388MB
RSS_SAMPLE t=1174.0s rss=2388MB hwm=2388MB
RSS_SAMPLE t=1174.3s rss=2388MB hwm=2388MB
RSS_SAMPLE t=1174.5s rss=2388MB hwm=2388MB
RSS_SAMPLE t=1174.8s rss=2388MB hwm=2388MB
RSS_SAMPLE t=1175.0s rss=2388MB hwm=2388MB
RSS_SAMPLE t=1175.3s rss=2388MB hwm=2388MB
RSS_SAMPLE t=1175.5s rss=2388MB hwm=2388MB
RSS_SAMPLE t=1175.8s rss=2388MB hwm=2388MB
RSS_SAMPLE t=1176.0s rss=2388MB hwm=2388MB
RSS_SAMPLE t=1176.3s rss=2388MB hwm=2388MB
RSS_SAMPLE t=1176.5s rss=2388MB hwm=2388MB
RSS_SAMPLE t=1176.8s rss=2388MB hwm=2388MB
RSS_SAMPLE t=1177.0s rss=2388MB hwm=2388MB
RSS_SAMPLE t=1177.3s rss=2388MB hwm=2388MB
RSS_SAMPLE t=1177.5s rss=2388MB hwm=2388MB
RSS_SAMPLE t=1177.8s rss=2388MB hwm=2388MB
RSS_SAMPLE t=1178.0s rss=2388MB hwm=2388MB
RSS_SAMPLE t=1178.3s rss=2388MB hwm=2388MB
RSS_SAMPLE t=1178.5s rss=2388MB hwm=2388MB
RSS_SAMPLE t=1178.8s rss=2388MB hwm=2388MB
RSS_SAMPLE t=1179.0s rss=2388MB hwm=2388MB
RSS_SAMPLE t=1179.3s rss=2388MB hwm=2388MB
RSS_SAMPLE t=1179.5s rss=2388MB hwm=2388MB
RSS_SAMPLE t=1179.8s rss=2388MB hwm=2388MB
RSS_SAMPLE t=1180.0s rss=2388MB hwm=2388MB
RSS_SAMPLE t=1180.3s rss=2388MB hwm=2388MB
RSS_SAMPLE t=1180.5s rss=2388MB hwm=2388MB
RSS_SAMPLE t=1180.8s rss=2388MB hwm=2388MB
RSS_SAMPLE t=1181.0s rss=2388MB hwm=2388MB
RSS_SAMPLE t=1181.3s rss=2388MB hwm=2388MB
RSS_SAMPLE t=1181.5s rss=2388MB hwm=2388MB
RSS_SAMPLE t=1181.8s rss=2388MB hwm=2388MB
RSS_SAMPLE t=1182.0s rss=2388MB hwm=2388MB
RSS_SAMPLE t=1182.3s rss=2388MB hwm=2388MB
RSS_SAMPLE t=1182.5s rss=2388MB hwm=2388MB
RSS_SAMPLE t=1182.8s rss=2388MB hwm=2388MB
RSS_SAMPLE t=1183.0s rss=2388MB hwm=2388MB
RSS_SAMPLE t=1183.3s rss=2388MB hwm=2388MB
RSS_SAMPLE t=1183.5s rss=2388MB hwm=2388MB
RSS_SAMPLE t=1183.8s rss=2388MB hwm=2388MB
RSS_SAMPLE t=1184.0s rss=2388MB hwm=2388MB
RSS_SAMPLE t=1184.3s rss=2388MB hwm=2388MB
RSS_SAMPLE t=1184.5s rss=2388MB hwm=2388MB
RSS_SAMPLE t=1184.8s rss=2388MB hwm=2388MB
RSS_SAMPLE t=1185.0s rss=2388MB hwm=2388MB
RSS_SAMPLE t=1185.3s rss=2388MB hwm=2388MB
RSS_SAMPLE t=1185.5s rss=2388MB hwm=2388MB
RSS_SAMPLE t=1185.8s rss=2388MB hwm=2388MB
RSS_SAMPLE t=1186.0s rss=2388MB hwm=2388MB
RSS_SAMPLE t=1186.3s rss=2388MB hwm=2388MB
RSS_SAMPLE t=1186.5s rss=2388MB hwm=2388MB
RSS_SAMPLE t=1186.8s rss=2388MB hwm=2388MB
RSS_SAMPLE t=1187.0s rss=2388MB hwm=2388MB
RSS_SAMPLE t=1187.3s rss=2388MB hwm=2388MB
RSS_SAMPLE t=1187.5s rss=2388MB hwm=2388MB
RSS_SAMPLE t=1187.8s rss=2388MB hwm=2388MB
RSS_SAMPLE t=1188.0s rss=2388MB hwm=2388MB
RSS_SAMPLE t=1188.3s rss=2388MB hwm=2388MB
RSS_SAMPLE t=1188.5s rss=2388MB hwm=2388MB
RSS_SAMPLE t=1188.8s rss=2388MB hwm=2388MB
RSS_SAMPLE t=1189.0s rss=2388MB hwm=2388MB
RSS_SAMPLE t=1189.3s rss=2388MB hwm=2388MB
RSS_SAMPLE t=1189.5s rss=2388MB hwm=2388MB
RSS_SAMPLE t=1189.8s rss=2388MB hwm=2388MB
RSS_SAMPLE t=1190.0s rss=2388MB hwm=2388MB
RSS_SAMPLE t=1190.3s rss=2388MB hwm=2388MB
RSS_SAMPLE t=1190.5s rss=2388MB hwm=2388MB
RSS_SAMPLE t=1190.8s rss=2388MB hwm=2388MB
RSS_SAMPLE t=1191.0s rss=2388MB hwm=2388MB
RSS_SAMPLE t=1191.3s rss=2388MB hwm=2388MB
RSS_SAMPLE t=1191.5s rss=2388MB hwm=2388MB
RSS_SAMPLE t=1191.8s rss=2388MB hwm=2388MB
RSS_SAMPLE t=1192.0s rss=2388MB hwm=2388MB
RSS_SAMPLE t=1192.3s rss=2388MB hwm=2388MB
RSS_SAMPLE t=1192.5s rss=2388MB hwm=2388MB
RSS_SAMPLE t=1192.8s rss=2388MB hwm=2388MB
RSS_SAMPLE t=1193.0s rss=2388MB hwm=2388MB
RSS_SAMPLE t=1193.3s rss=2388MB hwm=2388MB
RSS_SAMPLE t=1193.5s rss=2388MB hwm=2388MB
RSS_SAMPLE t=1193.8s rss=2388MB hwm=2388MB
RSS_SAMPLE t=1194.0s rss=2388MB hwm=2388MB
RSS_SAMPLE t=1194.3s rss=2388MB hwm=2388MB
RSS_SAMPLE t=1194.5s rss=2388MB hwm=2388MB
RSS_SAMPLE t=1194.8s rss=2388MB hwm=2388MB
RSS_SAMPLE t=1195.0s rss=2388MB hwm=2388MB
RSS_SAMPLE t=1195.3s rss=2388MB hwm=2388MB
RSS_SAMPLE t=1195.5s rss=2388MB hwm=2388MB
RSS_SAMPLE t=1195.8s rss=2388MB hwm=2388MB
RSS_SAMPLE t=1196.0s rss=2388MB hwm=2388MB
RSS_SAMPLE t=1196.3s rss=2388MB hwm=2388MB
RSS_SAMPLE t=1196.5s rss=2388MB hwm=2388MB
RSS_SAMPLE t=1196.8s rss=2388MB hwm=2388MB
RSS_SAMPLE t=1197.0s rss=2388MB hwm=2388MB
RSS_SAMPLE t=1197.3s rss=2388MB hwm=2388MB
RSS_SAMPLE t=1197.5s rss=2388MB hwm=2388MB
RSS_SAMPLE t=1197.8s rss=2388MB hwm=2388MB
RSS_SAMPLE t=1198.0s rss=2388MB hwm=2388MB
RSS_SAMPLE t=1198.3s rss=2388MB hwm=2388MB
RSS_SAMPLE t=1198.5s rss=2388MB hwm=2388MB
RSS_SAMPLE t=1198.8s rss=2388MB hwm=2388MB
RSS_SAMPLE t=1199.0s rss=2388MB hwm=2388MB
RSS_SAMPLE t=1199.3s rss=2388MB hwm=2388MB
RSS_SAMPLE t=1199.5s rss=2388MB hwm=2388MB
RSS_SAMPLE t=1199.8s rss=2388MB hwm=2388MB
RSS_SAMPLE t=1200.0s rss=2388MB hwm=2388MB
RSS_SAMPLE t=1200.3s rss=2388MB hwm=2388MB
RSS_SAMPLE t=1200.5s rss=2388MB hwm=2388MB
RSS_SAMPLE t=1200.8s rss=2388MB hwm=2388MB
RSS_SAMPLE t=1201.0s rss=2388MB hwm=2388MB
RSS_SAMPLE t=1201.3s rss=2388MB hwm=2388MB
RSS_SAMPLE t=1201.5s rss=2388MB hwm=2388MB
RSS_SAMPLE t=1201.8s rss=2388MB hwm=2388MB
RSS_SAMPLE t=1202.0s rss=2388MB hwm=2388MB
RSS_SAMPLE t=1202.3s rss=2388MB hwm=2388MB
RSS_SAMPLE t=1202.5s rss=2388MB hwm=2388MB
RSS_SAMPLE t=1202.8s rss=2388MB hwm=2388MB
RSS_SAMPLE t=1203.0s rss=2388MB hwm=2388MB
RSS_SAMPLE t=1203.3s rss=2388MB hwm=2388MB
RSS_SAMPLE t=1203.5s rss=2388MB hwm=2388MB
RSS_SAMPLE t=1203.8s rss=2388MB hwm=2388MB
RSS_SAMPLE t=1204.0s rss=2388MB hwm=2388MB
RSS_SAMPLE t=1204.3s rss=2388MB hwm=2388MB
RSS_SAMPLE t=1204.5s rss=2388MB hwm=2388MB
RSS_SAMPLE t=1204.8s rss=2388MB hwm=2388MB
RSS_SAMPLE t=1205.0s rss=2388MB hwm=2388MB
RSS_SAMPLE t=1205.3s rss=2388MB hwm=2388MB
RSS_SAMPLE t=1205.5s rss=2388MB hwm=2388MB
RSS_SAMPLE t=1205.8s rss=2388MB hwm=2388MB
RSS_SAMPLE t=1206.0s rss=2388MB hwm=2388MB
RSS_SAMPLE t=1206.3s rss=2388MB hwm=2388MB
RSS_SAMPLE t=1206.5s rss=2388MB hwm=2388MB
RSS_SAMPLE t=1206.8s rss=2388MB hwm=2388MB
RSS_SAMPLE t=1207.0s rss=2388MB hwm=2388MB
RSS_SAMPLE t=1207.3s rss=2388MB hwm=2388MB
RSS_SAMPLE t=1207.5s rss=2388MB hwm=2388MB
RSS_SAMPLE t=1207.8s rss=2388MB hwm=2388MB
RSS_SAMPLE t=1208.0s rss=2388MB hwm=2388MB
RSS_SAMPLE t=1208.3s rss=2388MB hwm=2388MB
RSS_SAMPLE t=1208.5s rss=2388MB hwm=2388MB
RSS_SAMPLE t=1208.8s rss=2388MB hwm=2388MB
RSS_SAMPLE t=1209.0s rss=2388MB hwm=2388MB
RSS_SAMPLE t=1209.3s rss=2388MB hwm=2388MB
RSS_SAMPLE t=1209.5s rss=2388MB hwm=2388MB
RSS_SAMPLE t=1209.8s rss=2388MB hwm=2388MB
RSS_SAMPLE t=1210.0s rss=2388MB hwm=2388MB
RSS_SAMPLE t=1210.3s rss=2388MB hwm=2388MB
RSS_SAMPLE t=1210.5s rss=2388MB hwm=2388MB
RSS_SAMPLE t=1210.8s rss=2388MB hwm=2388MB
RSS_SAMPLE t=1211.0s rss=2388MB hwm=2388MB
RSS_SAMPLE t=1211.3s rss=2388MB hwm=2388MB
RSS_SAMPLE t=1211.5s rss=2388MB hwm=2388MB
RSS_SAMPLE t=1211.8s rss=2388MB hwm=2388MB
RSS_SAMPLE t=1212.0s rss=2388MB hwm=2388MB
RSS_SAMPLE t=1212.3s rss=2388MB hwm=2388MB
RSS_SAMPLE t=1212.5s rss=2388MB hwm=2388MB
RSS_SAMPLE t=1212.8s rss=2388MB hwm=2388MB
RSS_SAMPLE t=1213.0s rss=2388MB hwm=2388MB
RSS_SAMPLE t=1213.3s rss=2388MB hwm=2388MB
RSS_SAMPLE t=1213.5s rss=2388MB hwm=2388MB
RSS_SAMPLE t=1213.8s rss=2388MB hwm=2388MB
RSS_SAMPLE t=1214.0s rss=2388MB hwm=2388MB
RSS_SAMPLE t=1214.3s rss=2388MB hwm=2388MB
RSS_SAMPLE t=1214.5s rss=2388MB hwm=2388MB
RSS_SAMPLE t=1214.8s rss=2388MB hwm=2388MB
RSS_SAMPLE t=1215.0s rss=2388MB hwm=2388MB
RSS_SAMPLE t=1215.3s rss=2388MB hwm=2388MB
RSS_SAMPLE t=1215.5s rss=2388MB hwm=2388MB
RSS_SAMPLE t=1215.8s rss=2388MB hwm=2388MB
RSS_SAMPLE t=1216.0s rss=2388MB hwm=2388MB
RSS_SAMPLE t=1216.3s rss=2388MB hwm=2388MB
RSS_SAMPLE t=1216.5s rss=2388MB hwm=2388MB
RSS_SAMPLE t=1216.8s rss=2388MB hwm=2388MB
RSS_SAMPLE t=1217.0s rss=2388MB hwm=2388MB
RSS_SAMPLE t=1217.3s rss=2388MB hwm=2388MB
RSS_SAMPLE t=1217.5s rss=2388MB hwm=2388MB
RSS_SAMPLE t=1217.8s rss=2388MB hwm=2388MB
RSS_SAMPLE t=1218.0s rss=2388MB hwm=2388MB
RSS_SAMPLE t=1218.3s rss=2388MB hwm=2388MB
RSS_SAMPLE t=1218.5s rss=2388MB hwm=2388MB
RSS_SAMPLE t=1218.8s rss=2388MB hwm=2388MB
RSS_SAMPLE t=1219.0s rss=2388MB hwm=2388MB
RSS_SAMPLE t=1219.3s rss=2388MB hwm=2388MB
RSS_SAMPLE t=1219.5s rss=2388MB hwm=2388MB
RSS_SAMPLE t=1219.8s rss=2388MB hwm=2388MB
RSS_SAMPLE t=1220.0s rss=2388MB hwm=2388MB
RSS_SAMPLE t=1220.3s rss=2388MB hwm=2388MB
RSS_SAMPLE t=1220.5s rss=2388MB hwm=2388MB
RSS_SAMPLE t=1220.8s rss=2388MB hwm=2388MB
RSS_SAMPLE t=1221.0s rss=2388MB hwm=2388MB
RSS_SAMPLE t=1221.3s rss=2388MB hwm=2388MB
RSS_SAMPLE t=1221.5s rss=2388MB hwm=2388MB
RSS_SAMPLE t=1221.8s rss=2388MB hwm=2388MB
RSS_SAMPLE t=1222.0s rss=2388MB hwm=2388MB
RSS_SAMPLE t=1222.3s rss=2388MB hwm=2388MB
RSS_SAMPLE t=1222.5s rss=2388MB hwm=2388MB
RSS_SAMPLE t=1222.8s rss=2388MB hwm=2388MB
RSS_SAMPLE t=1223.0s rss=2388MB hwm=2388MB
RSS_SAMPLE t=1223.3s rss=2388MB hwm=2388MB
RSS_SAMPLE t=1223.5s rss=2388MB hwm=2388MB
RSS_SAMPLE t=1223.8s rss=2388MB hwm=2388MB
RSS_SAMPLE t=1224.0s rss=2388MB hwm=2388MB
RSS_SAMPLE t=1224.3s rss=2388MB hwm=2388MB
RSS_SAMPLE t=1224.5s rss=2388MB hwm=2388MB
RSS_SAMPLE t=1224.8s rss=2388MB hwm=2388MB
RSS_SAMPLE t=1225.0s rss=2388MB hwm=2388MB
RSS_SAMPLE t=1225.3s rss=2388MB hwm=2388MB
RSS_SAMPLE t=1225.5s rss=2388MB hwm=2388MB
RSS_SAMPLE t=1225.8s rss=2388MB hwm=2388MB
RSS_SAMPLE t=1226.1s rss=2388MB hwm=2388MB
RSS_SAMPLE t=1226.3s rss=2388MB hwm=2388MB
RSS_SAMPLE t=1226.6s rss=2388MB hwm=2388MB
RSS_SAMPLE t=1226.8s rss=2388MB hwm=2388MB
RSS_SAMPLE t=1227.1s rss=2388MB hwm=2388MB
RSS_SAMPLE t=1227.3s rss=2388MB hwm=2388MB
RSS_SAMPLE t=1227.6s rss=2388MB hwm=2388MB
RSS_SAMPLE t=1227.8s rss=2388MB hwm=2388MB
RSS_SAMPLE t=1228.1s rss=2388MB hwm=2388MB
RSS_SAMPLE t=1228.3s rss=2388MB hwm=2388MB
RSS_SAMPLE t=1228.6s rss=2388MB hwm=2388MB
RSS_SAMPLE t=1228.8s rss=2388MB hwm=2388MB
RSS_SAMPLE t=1229.1s rss=2388MB hwm=2388MB
RSS_SAMPLE t=1229.3s rss=2388MB hwm=2388MB
RSS_SAMPLE t=1229.6s rss=2388MB hwm=2388MB
RSS_SAMPLE t=1229.8s rss=2388MB hwm=2388MB
RSS_SAMPLE t=1230.1s rss=2388MB hwm=2388MB
RSS_SAMPLE t=1230.3s rss=2388MB hwm=2388MB
RSS_SAMPLE t=1230.6s rss=2388MB hwm=2388MB
RSS_SAMPLE t=1230.8s rss=2388MB hwm=2388MB
RSS_SAMPLE t=1231.1s rss=2388MB hwm=2388MB
RSS_SAMPLE t=1231.3s rss=2388MB hwm=2388MB
RSS_SAMPLE t=1231.6s rss=2388MB hwm=2388MB
RSS_SAMPLE t=1231.8s rss=2388MB hwm=2388MB
RSS_SAMPLE t=1232.1s rss=2388MB hwm=2388MB
RSS_SAMPLE t=1232.3s rss=2388MB hwm=2388MB
RSS_SAMPLE t=1232.6s rss=2388MB hwm=2388MB
RSS_SAMPLE t=1232.8s rss=2388MB hwm=2388MB
RSS_SAMPLE t=1233.1s rss=2388MB hwm=2388MB
RSS_SAMPLE t=1233.3s rss=2388MB hwm=2388MB
RSS_SAMPLE t=1233.6s rss=2388MB hwm=2388MB
RSS_SAMPLE t=1233.8s rss=2388MB hwm=2388MB
RSS_SAMPLE t=1234.1s rss=2388MB hwm=2388MB
RSS_SAMPLE t=1234.3s rss=2388MB hwm=2388MB
RSS_SAMPLE t=1234.6s rss=2388MB hwm=2388MB
RSS_SAMPLE t=1234.8s rss=2388MB hwm=2388MB
RSS_SAMPLE t=1235.1s rss=2388MB hwm=2388MB
RSS_SAMPLE t=1235.3s rss=2388MB hwm=2388MB
RSS_SAMPLE t=1235.6s rss=2388MB hwm=2388MB
RSS_SAMPLE t=1235.8s rss=2388MB hwm=2388MB
RSS_SAMPLE t=1236.1s rss=2388MB hwm=2388MB
RSS_SAMPLE t=1236.3s rss=2388MB hwm=2388MB
RSS_SAMPLE t=1236.6s rss=2388MB hwm=2388MB
RSS_SAMPLE t=1236.8s rss=2388MB hwm=2388MB
RSS_SAMPLE t=1237.1s rss=2388MB hwm=2388MB
RSS_SAMPLE t=1237.3s rss=2388MB hwm=2388MB
RSS_SAMPLE t=1237.6s rss=2388MB hwm=2388MB
RSS_SAMPLE t=1237.8s rss=2388MB hwm=2388MB
RSS_SAMPLE t=1238.1s rss=2388MB hwm=2388MB
RSS_SAMPLE t=1238.3s rss=2388MB hwm=2388MB
RSS_SAMPLE t=1238.6s rss=2388MB hwm=2388MB
RSS_SAMPLE t=1238.8s rss=2388MB hwm=2388MB
RSS_SAMPLE t=1239.1s rss=2388MB hwm=2388MB
RSS_SAMPLE t=1239.3s rss=2388MB hwm=2388MB
RSS_SAMPLE t=1239.6s rss=2388MB hwm=2388MB
RSS_SAMPLE t=1239.8s rss=2388MB hwm=2388MB
RSS_SAMPLE t=1240.1s rss=2388MB hwm=2388MB
RSS_SAMPLE t=1240.3s rss=2388MB hwm=2388MB
RSS_SAMPLE t=1240.6s rss=2388MB hwm=2388MB
RSS_SAMPLE t=1240.8s rss=2388MB hwm=2388MB
RSS_SAMPLE t=1241.1s rss=2388MB hwm=2388MB
RSS_SAMPLE t=1241.3s rss=2388MB hwm=2388MB
RSS_SAMPLE t=1241.6s rss=2388MB hwm=2388MB
RSS_SAMPLE t=1241.8s rss=2388MB hwm=2388MB
RSS_SAMPLE t=1242.1s rss=2388MB hwm=2388MB
RSS_SAMPLE t=1242.3s rss=2388MB hwm=2388MB
RSS_SAMPLE t=1242.6s rss=2388MB hwm=2388MB
RSS_SAMPLE t=1242.8s rss=2388MB hwm=2388MB
RSS_SAMPLE t=1243.1s rss=2388MB hwm=2388MB
RSS_SAMPLE t=1243.3s rss=2388MB hwm=2388MB
RSS_SAMPLE t=1243.6s rss=2388MB hwm=2388MB
RSS_SAMPLE t=1243.8s rss=2388MB hwm=2388MB
RSS_SAMPLE t=1244.1s rss=2388MB hwm=2388MB
RSS_SAMPLE t=1244.3s rss=2388MB hwm=2388MB
RSS_SAMPLE t=1244.6s rss=2388MB hwm=2388MB
RSS_SAMPLE t=1244.8s rss=2388MB hwm=2388MB
RSS_SAMPLE t=1245.1s rss=2388MB hwm=2388MB
RSS_SAMPLE t=1245.3s rss=2388MB hwm=2388MB
RSS_SAMPLE t=1245.6s rss=2388MB hwm=2388MB
RSS_SAMPLE t=1245.8s rss=2388MB hwm=2388MB
RSS_SAMPLE t=1246.1s rss=2388MB hwm=2388MB
RSS_SAMPLE t=1246.3s rss=2388MB hwm=2388MB
RSS_SAMPLE t=1246.6s rss=2388MB hwm=2388MB
RSS_SAMPLE t=1246.8s rss=2388MB hwm=2388MB
RSS_SAMPLE t=1247.1s rss=2388MB hwm=2388MB
RSS_SAMPLE t=1247.3s rss=2388MB hwm=2388MB
RSS_SAMPLE t=1247.6s rss=2388MB hwm=2388MB
RSS_SAMPLE t=1247.8s rss=2388MB hwm=2388MB
RSS_SAMPLE t=1248.1s rss=2388MB hwm=2388MB
RSS_SAMPLE t=1248.3s rss=2388MB hwm=2388MB
RSS_SAMPLE t=1248.6s rss=2388MB hwm=2388MB
RSS_SAMPLE t=1248.8s rss=2388MB hwm=2388MB
RSS_SAMPLE t=1249.1s rss=2388MB hwm=2388MB
RSS_SAMPLE t=1249.3s rss=2388MB hwm=2388MB
RSS_SAMPLE t=1249.6s rss=2388MB hwm=2388MB
RSS_SAMPLE t=1249.8s rss=2388MB hwm=2388MB
RSS_SAMPLE t=1250.1s rss=2388MB hwm=2388MB
RSS_SAMPLE t=1250.3s rss=2388MB hwm=2388MB
RSS_SAMPLE t=1250.6s rss=2388MB hwm=2388MB
RSS_SAMPLE t=1250.8s rss=2388MB hwm=2388MB
RSS_SAMPLE t=1251.1s rss=2388MB hwm=2388MB
RSS_SAMPLE t=1251.3s rss=2388MB hwm=2388MB
RSS_SAMPLE t=1251.6s rss=2388MB hwm=2388MB
RSS_SAMPLE t=1251.8s rss=2388MB hwm=2388MB
RSS_SAMPLE t=1252.1s rss=2388MB hwm=2388MB
RSS_SAMPLE t=1252.3s rss=2388MB hwm=2388MB
RSS_SAMPLE t=1252.6s rss=2388MB hwm=2388MB
RSS_SAMPLE t=1252.8s rss=2388MB hwm=2388MB
RSS_SAMPLE t=1253.1s rss=2388MB hwm=2388MB
RSS_SAMPLE t=1253.3s rss=2388MB hwm=2388MB
RSS_SAMPLE t=1253.6s rss=2388MB hwm=2388MB
RSS_SAMPLE t=1253.8s rss=2388MB hwm=2388MB
RSS_SAMPLE t=1254.1s rss=2388MB hwm=2388MB
RSS_SAMPLE t=1254.3s rss=2388MB hwm=2388MB
RSS_SAMPLE t=1254.6s rss=2388MB hwm=2388MB
RSS_SAMPLE t=1254.8s rss=2388MB hwm=2388MB
RSS_SAMPLE t=1255.1s rss=2388MB hwm=2388MB
RSS_SAMPLE t=1255.3s rss=2388MB hwm=2388MB
RSS_SAMPLE t=1255.6s rss=2388MB hwm=2388MB
RSS_SAMPLE t=1255.8s rss=2388MB hwm=2388MB
RSS_SAMPLE t=1256.1s rss=2388MB hwm=2388MB
RSS_SAMPLE t=1256.3s rss=2388MB hwm=2388MB
RSS_SAMPLE t=1256.6s rss=2388MB hwm=2388MB
RSS_SAMPLE t=1256.8s rss=2388MB hwm=2388MB
RSS_SAMPLE t=1257.1s rss=2388MB hwm=2388MB
RSS_SAMPLE t=1257.3s rss=2388MB hwm=2388MB
RSS_SAMPLE t=1257.6s rss=2388MB hwm=2388MB
RSS_SAMPLE t=1257.8s rss=2388MB hwm=2388MB
RSS_SAMPLE t=1258.1s rss=2388MB hwm=2388MB
RSS_SAMPLE t=1258.3s rss=2388MB hwm=2388MB
RSS_SAMPLE t=1258.6s rss=2388MB hwm=2388MB
RSS_SAMPLE t=1258.8s rss=2388MB hwm=2388MB
RSS_SAMPLE t=1259.1s rss=2388MB hwm=2388MB
RSS_SAMPLE t=1259.3s rss=2388MB hwm=2388MB
RSS_SAMPLE t=1259.6s rss=2388MB hwm=2388MB
RSS_SAMPLE t=1259.8s rss=2388MB hwm=2388MB
RSS_SAMPLE t=1260.1s rss=2388MB hwm=2388MB
RSS_SAMPLE t=1260.3s rss=2388MB hwm=2388MB
RSS_SAMPLE t=1260.6s rss=2388MB hwm=2388MB
RSS_SAMPLE t=1260.8s rss=2388MB hwm=2388MB
RSS_SAMPLE t=1261.1s rss=2388MB hwm=2388MB
RSS_SAMPLE t=1261.3s rss=2388MB hwm=2388MB
RSS_SAMPLE t=1261.6s rss=2388MB hwm=2388MB
RSS_SAMPLE t=1261.8s rss=2388MB hwm=2388MB
RSS_SAMPLE t=1262.1s rss=2388MB hwm=2388MB
RSS_SAMPLE t=1262.3s rss=2388MB hwm=2388MB
RSS_SAMPLE t=1262.6s rss=2388MB hwm=2388MB
RSS_SAMPLE t=1262.8s rss=2388MB hwm=2388MB
RSS_SAMPLE t=1263.1s rss=2388MB hwm=2388MB
RSS_SAMPLE t=1263.3s rss=2388MB hwm=2388MB
RSS_SAMPLE t=1263.6s rss=2388MB hwm=2388MB
RSS_SAMPLE t=1263.8s rss=2388MB hwm=2388MB
RSS_SAMPLE t=1264.1s rss=2388MB hwm=2388MB
RSS_SAMPLE t=1264.3s rss=2388MB hwm=2388MB
RSS_SAMPLE t=1264.6s rss=2388MB hwm=2388MB
RSS_SAMPLE t=1264.8s rss=2388MB hwm=2388MB
RSS_SAMPLE t=1265.1s rss=2388MB hwm=2388MB
RSS_SAMPLE t=1265.3s rss=2388MB hwm=2388MB
RSS_SAMPLE t=1265.6s rss=2388MB hwm=2388MB
RSS_SAMPLE t=1265.8s rss=2388MB hwm=2388MB
RSS_SAMPLE t=1266.1s rss=2388MB hwm=2388MB
RSS_SAMPLE t=1266.3s rss=2388MB hwm=2388MB
RSS_SAMPLE t=1266.6s rss=2388MB hwm=2388MB
RSS_SAMPLE t=1266.8s rss=2388MB hwm=2388MB
RSS_SAMPLE t=1267.1s rss=2388MB hwm=2388MB
RSS_SAMPLE t=1267.3s rss=2388MB hwm=2388MB
RSS_SAMPLE t=1267.6s rss=2388MB hwm=2388MB
RSS_SAMPLE t=1267.8s rss=2388MB hwm=2388MB
RSS_SAMPLE t=1268.1s rss=2388MB hwm=2388MB
RSS_SAMPLE t=1268.3s rss=2388MB hwm=2388MB
RSS_SAMPLE t=1268.6s rss=2388MB hwm=2388MB
RSS_SAMPLE t=1268.8s rss=2388MB hwm=2388MB
RSS_SAMPLE t=1269.1s rss=2388MB hwm=2388MB
RSS_SAMPLE t=1269.3s rss=2388MB hwm=2388MB
RSS_SAMPLE t=1269.6s rss=2388MB hwm=2388MB
RSS_SAMPLE t=1269.8s rss=2388MB hwm=2388MB
RSS_SAMPLE t=1270.1s rss=2388MB hwm=2388MB
RSS_SAMPLE t=1270.3s rss=2388MB hwm=2388MB
RSS_SAMPLE t=1270.6s rss=2388MB hwm=2388MB
RSS_SAMPLE t=1270.8s rss=2388MB hwm=2388MB
RSS_SAMPLE t=1271.1s rss=2388MB hwm=2388MB
RSS_SAMPLE t=1271.3s rss=2388MB hwm=2388MB
RSS_SAMPLE t=1271.6s rss=2388MB hwm=2388MB
RSS_SAMPLE t=1271.8s rss=2388MB hwm=2388MB
RSS_SAMPLE t=1272.1s rss=2388MB hwm=2388MB
RSS_SAMPLE t=1272.3s rss=2388MB hwm=2388MB
RSS_SAMPLE t=1272.6s rss=2388MB hwm=2388MB
RSS_SAMPLE t=1272.8s rss=2388MB hwm=2388MB
RSS_SAMPLE t=1273.1s rss=2388MB hwm=2388MB
RSS_SAMPLE t=1273.3s rss=2388MB hwm=2388MB
RSS_SAMPLE t=1273.6s rss=2388MB hwm=2388MB
RSS_SAMPLE t=1273.8s rss=2388MB hwm=2388MB
RSS_SAMPLE t=1274.1s rss=2388MB hwm=2388MB
RSS_SAMPLE t=1274.3s rss=2388MB hwm=2388MB
RSS_SAMPLE t=1274.6s rss=2388MB hwm=2388MB
RSS_SAMPLE t=1274.8s rss=2388MB hwm=2388MB
RSS_SAMPLE t=1275.1s rss=2388MB hwm=2388MB
RSS_SAMPLE t=1275.3s rss=2388MB hwm=2388MB
RSS_SAMPLE t=1275.6s rss=2388MB hwm=2388MB
RSS_SAMPLE t=1275.8s rss=2388MB hwm=2388MB
RSS_SAMPLE t=1276.1s rss=2388MB hwm=2388MB
RSS_SAMPLE t=1276.3s rss=2388MB hwm=2388MB
RSS_SAMPLE t=1276.6s rss=2388MB hwm=2388MB
RSS_SAMPLE t=1276.8s rss=2388MB hwm=2388MB
RSS_SAMPLE t=1277.1s rss=2388MB hwm=2388MB
RSS_SAMPLE t=1277.3s rss=2388MB hwm=2388MB
RSS_SAMPLE t=1277.6s rss=2388MB hwm=2388MB
RSS_SAMPLE t=1277.8s rss=2388MB hwm=2388MB
RSS_SAMPLE t=1278.1s rss=2388MB hwm=2388MB
RSS_SAMPLE t=1278.3s rss=2388MB hwm=2388MB
RSS_SAMPLE t=1278.6s rss=2388MB hwm=2388MB
RSS_SAMPLE t=1278.8s rss=2388MB hwm=2388MB
RSS_SAMPLE t=1279.1s rss=2388MB hwm=2388MB
RSS_SAMPLE t=1279.3s rss=2388MB hwm=2388MB
RSS_SAMPLE t=1279.6s rss=2388MB hwm=2388MB
RSS_SAMPLE t=1279.8s rss=2388MB hwm=2388MB
RSS_SAMPLE t=1280.1s rss=2388MB hwm=2388MB
RSS_SAMPLE t=1280.3s rss=2388MB hwm=2388MB
RSS_SAMPLE t=1280.6s rss=2388MB hwm=2388MB
RSS_SAMPLE t=1280.8s rss=2388MB hwm=2388MB
RSS_SAMPLE t=1281.1s rss=2388MB hwm=2388MB
RSS_SAMPLE t=1281.3s rss=2388MB hwm=2388MB
RSS_SAMPLE t=1281.6s rss=2388MB hwm=2388MB
RSS_SAMPLE t=1281.8s rss=2388MB hwm=2388MB
RSS_SAMPLE t=1282.1s rss=2388MB hwm=2388MB
RSS_SAMPLE t=1282.3s rss=2388MB hwm=2388MB
RSS_SAMPLE t=1282.6s rss=2388MB hwm=2388MB
RSS_SAMPLE t=1282.8s rss=2388MB hwm=2388MB
RSS_SAMPLE t=1283.1s rss=2388MB hwm=2388MB
RSS_SAMPLE t=1283.3s rss=2388MB hwm=2388MB
RSS_SAMPLE t=1283.6s rss=2388MB hwm=2388MB
RSS_SAMPLE t=1283.8s rss=2388MB hwm=2388MB
RSS_SAMPLE t=1284.1s rss=2388MB hwm=2388MB
RSS_SAMPLE t=1284.3s rss=2388MB hwm=2388MB
RSS_SAMPLE t=1284.6s rss=2388MB hwm=2388MB
RSS_SAMPLE t=1284.8s rss=2388MB hwm=2388MB
RSS_SAMPLE t=1285.1s rss=2388MB hwm=2388MB
RSS_SAMPLE t=1285.3s rss=2388MB hwm=2388MB
RSS_SAMPLE t=1285.6s rss=2388MB hwm=2388MB
RSS_SAMPLE t=1285.8s rss=2388MB hwm=2388MB
RSS_SAMPLE t=1286.1s rss=2388MB hwm=2388MB
RSS_SAMPLE t=1286.3s rss=2388MB hwm=2388MB
RSS_SAMPLE t=1286.6s rss=2388MB hwm=2388MB
RSS_SAMPLE t=1286.8s rss=2388MB hwm=2388MB
RSS_SAMPLE t=1287.1s rss=2388MB hwm=2388MB
RSS_SAMPLE t=1287.3s rss=2388MB hwm=2388MB
RSS_SAMPLE t=1287.6s rss=2388MB hwm=2388MB
RSS_SAMPLE t=1287.8s rss=2388MB hwm=2388MB
RSS_SAMPLE t=1288.1s rss=2388MB hwm=2388MB
RSS_SAMPLE t=1288.3s rss=2388MB hwm=2388MB
RSS_SAMPLE t=1288.6s rss=2388MB hwm=2388MB
RSS_SAMPLE t=1288.8s rss=2388MB hwm=2388MB
RSS_SAMPLE t=1289.1s rss=2388MB hwm=2388MB
RSS_SAMPLE t=1289.3s rss=2388MB hwm=2388MB
RSS_SAMPLE t=1289.6s rss=2388MB hwm=2388MB
RSS_SAMPLE t=1289.8s rss=2388MB hwm=2388MB
RSS_SAMPLE t=1290.1s rss=2388MB hwm=2388MB
RSS_SAMPLE t=1290.3s rss=2388MB hwm=2388MB
RSS_SAMPLE t=1290.6s rss=2388MB hwm=2388MB
RSS_SAMPLE t=1290.8s rss=2388MB hwm=2388MB
RSS_SAMPLE t=1291.1s rss=2388MB hwm=2388MB
RSS_SAMPLE t=1291.3s rss=2388MB hwm=2388MB
RSS_SAMPLE t=1291.6s rss=2388MB hwm=2388MB
RSS_SAMPLE t=1291.8s rss=2388MB hwm=2388MB
RSS_SAMPLE t=1292.1s rss=2388MB hwm=2388MB
RSS_SAMPLE t=1292.3s rss=2388MB hwm=2388MB
RSS_SAMPLE t=1292.6s rss=2388MB hwm=2388MB
RSS_SAMPLE t=1292.8s rss=2388MB hwm=2388MB
RSS_SAMPLE t=1293.1s rss=2388MB hwm=2388MB
RSS_SAMPLE t=1293.3s rss=2388MB hwm=2388MB
RSS_SAMPLE t=1293.6s rss=2388MB hwm=2388MB
RSS_SAMPLE t=1293.8s rss=2388MB hwm=2388MB
RSS_SAMPLE t=1294.1s rss=2388MB hwm=2388MB
RSS_SAMPLE t=1294.3s rss=2388MB hwm=2388MB
RSS_SAMPLE t=1294.6s rss=2388MB hwm=2388MB
RSS_SAMPLE t=1294.8s rss=2388MB hwm=2388MB
RSS_SAMPLE t=1295.1s rss=2388MB hwm=2388MB
RSS_SAMPLE t=1295.3s rss=2388MB hwm=2388MB
RSS_SAMPLE t=1295.6s rss=2388MB hwm=2388MB
RSS_SAMPLE t=1295.8s rss=2388MB hwm=2388MB
RSS_SAMPLE t=1296.1s rss=2388MB hwm=2388MB
RSS_SAMPLE t=1296.3s rss=2388MB hwm=2388MB
RSS_SAMPLE t=1296.6s rss=2388MB hwm=2388MB
RSS_SAMPLE t=1296.8s rss=2388MB hwm=2388MB
RSS_SAMPLE t=1297.1s rss=2388MB hwm=2388MB
RSS_SAMPLE t=1297.3s rss=2388MB hwm=2388MB
RSS_SAMPLE t=1297.6s rss=2388MB hwm=2388MB
RSS_SAMPLE t=1297.8s rss=2388MB hwm=2388MB
RSS_SAMPLE t=1298.1s rss=2388MB hwm=2388MB
RSS_SAMPLE t=1298.3s rss=2388MB hwm=2388MB
RSS_SAMPLE t=1298.6s rss=2388MB hwm=2388MB
RSS_SAMPLE t=1298.8s rss=2388MB hwm=2388MB
RSS_SAMPLE t=1299.1s rss=2388MB hwm=2388MB
RSS_SAMPLE t=1299.3s rss=2388MB hwm=2388MB
RSS_SAMPLE t=1299.6s rss=2388MB hwm=2388MB
RSS_SAMPLE t=1299.8s rss=2388MB hwm=2388MB
RSS_SAMPLE t=1300.1s rss=2388MB hwm=2388MB
RSS_SAMPLE t=1300.3s rss=2388MB hwm=2388MB
RSS_SAMPLE t=1300.6s rss=2388MB hwm=2388MB
RSS_SAMPLE t=1300.8s rss=2388MB hwm=2388MB
RSS_SAMPLE t=1301.1s rss=2388MB hwm=2388MB
RSS_SAMPLE t=1301.3s rss=2388MB hwm=2388MB
RSS_SAMPLE t=1301.6s rss=2388MB hwm=2388MB
RSS_SAMPLE t=1301.8s rss=2388MB hwm=2388MB
RSS_SAMPLE t=1302.1s rss=2388MB hwm=2388MB
RSS_SAMPLE t=1302.3s rss=2388MB hwm=2388MB
RSS_SAMPLE t=1302.6s rss=2388MB hwm=2388MB
RSS_SAMPLE t=1302.8s rss=2388MB hwm=2388MB
RSS_SAMPLE t=1303.1s rss=2388MB hwm=2388MB
RSS_SAMPLE t=1303.3s rss=2388MB hwm=2388MB
RSS_SAMPLE t=1303.6s rss=2388MB hwm=2388MB
RSS_SAMPLE t=1303.8s rss=2388MB hwm=2388MB
RSS_SAMPLE t=1304.1s rss=2388MB hwm=2388MB
RSS_SAMPLE t=1304.3s rss=2388MB hwm=2388MB
RSS_SAMPLE t=1304.6s rss=2388MB hwm=2388MB
RSS_SAMPLE t=1304.8s rss=2388MB hwm=2388MB
RSS_SAMPLE t=1305.1s rss=2388MB hwm=2388MB
RSS_SAMPLE t=1305.3s rss=2388MB hwm=2388MB
MEM_POOL: workspaces=4 dense_usage_mb=156 n_pipes=2562403
    post_solve_diag[outer=2]: solves=105117 cap_armed=105117 (100.0%) settle_avg=8194 above_sink_avg=101 (1.2%) settle_max=69353
    load_support[outer=2]: settle_avg=8194 load_nz_avg=826 (10.1%) load_material_avg=668 (8.2%)
    settle_hist[outer=2]: <100: 31548nets/0.1%work  <1k: 20571nets/0.9%work  <5k: 21670nets/6.6%work  <20k: 14544nets/18.2%work  <60k: 15092nets/61.4%work  >=60k: 1692nets/12.8%work
    fanout_hist[outer=2]: fan1: 43710nets/13.3%work  fan2-4: 48279nets/49.6%work  fan5-16: 12974nets/36.2%work  fan17-64: 154nets/0.9%work  fan65-256: 0nets/0.0%work  fan>256: 0nets/0.0%work
    rss_probe[outer=2]: pre_post_solve=2386MB post_post_solve=2388MB after_apply=2388MB
    E_decomp: base=9452640.8 eff=50238516373249824.0 cong=50238516363797184.0 cong_share=100.0% sat_pipes=92661 max_util=2542.80  R_buckets: 1-2x=101189 2-10x=18889 10-100x=8709 >=100x=2433616
    E_potential: beckmann=1949804475934146.0 history_total=0.0
    SpanCache: epoch=3 entries=3384 lookups=2562403 hits=2559019 misses=3384 hit_rate=99.9%
  DCD   2: nets=105117 line=16857551 energy=39635438639.524 dE=+31336212701.165 friction=138414297.9 bins=2.0x(1192) excess=518.2 moved=65160 disp=11.177 solves=105117 skip=105117 pops=861331813 theta=5.000 refresh=278767ms dcd=7020ms total=288229ms
    cache_stats: entries=44365329 capacity=78433414 est_mb=678 rss_mb=2388
DCD done: energy=39635438639.524 line=16857551 friction=138414297.9 bins=2.0x(1192) excess=518.2
MuxSlotTracker: 29345 commit rejections over entire DCD
MuxSlotTracker[post-DCD]: populated_cells=65816, overflow_tiles=0, at_cap_tiles=1162, peak_excess=0, capacity_hist={16:67346}
Pre-legalization: HPWL=13471840
RSS_SAMPLE t=1305.6s rss=1924MB hwm=2383MB
  type DFF: 302 valid columns, 1077536 total BELs
  type LUT6: 302 valid columns, 538768 total BELs
TypeAwarePlacement: 2 cell types
RSS_SAMPLE t=1305.8s rss=1999MB hwm=2383MB
RSS_SAMPLE t=1306.1s rss=1999MB hwm=2383MB
RSS_SAMPLE t=1306.3s rss=1999MB hwm=2383MB
RSS_SAMPLE t=1306.6s rss=1999MB hwm=2383MB
RSS_SAMPLE t=1306.8s rss=1999MB hwm=2383MB
RSS_SAMPLE t=1307.1s rss=1999MB hwm=2383MB
RSS_SAMPLE t=1307.3s rss=1999MB hwm=2383MB
RSS_SAMPLE t=1307.6s rss=1999MB hwm=2383MB
RSS_SAMPLE t=1307.8s rss=1999MB hwm=2383MB
RSS_SAMPLE t=1308.1s rss=1999MB hwm=2383MB
RSS_SAMPLE t=1308.3s rss=1999MB hwm=2383MB
RSS_SAMPLE t=1308.6s rss=1999MB hwm=2383MB
RSS_SAMPLE t=1308.8s rss=1999MB hwm=2383MB
RSS_SAMPLE t=1309.1s rss=1999MB hwm=2383MB
RSS_SAMPLE t=1309.3s rss=1999MB hwm=2383MB
RSS_SAMPLE t=1309.6s rss=1999MB hwm=2383MB
RSS_SAMPLE t=1309.8s rss=1999MB hwm=2383MB
RSS_SAMPLE t=1310.1s rss=1999MB hwm=2383MB
RSS_SAMPLE t=1310.3s rss=1999MB hwm=2383MB
RSS_SAMPLE t=1310.6s rss=1999MB hwm=2383MB
RSS_SAMPLE t=1310.8s rss=1999MB hwm=2383MB
RSS_SAMPLE t=1311.1s rss=1999MB hwm=2383MB
RSS_SAMPLE t=1311.3s rss=1999MB hwm=2383MB
  SortedLegalizer: cluster_rejects=305755 shared_mux_rejects=20638167 arch_validity_rejects=0
RSS_SAMPLE t=1311.6s rss=1948MB hwm=2383MB
Post-legalization: HPWL=13231954, line=16839796
Per-net HPWL: 105118 nets, total=13231954
  #0: hpwl=531 fanout=93000 (0.0%)
  #1: hpwl=529 fanout=12 (0.0%)
  #2: hpwl=529 fanout=5 (0.0%)
  #3: hpwl=526 fanout=23 (0.0%)
  #4: hpwl=525 fanout=6 (0.0%)
  #5: hpwl=525 fanout=9 (0.0%)
  #6: hpwl=524 fanout=13 (0.0%)
  #7: hpwl=523 fanout=9 (0.0%)
  #8: hpwl=523 fanout=11 (0.0%)
  #9: hpwl=522 fanout=5 (0.0%)
  50% of HPWL from top 16809 nets (of 105118)
